__mclCluster,EnrichmentMap::-log10(pvalue) (con_up),EnrichmentMap::-log10(pvalue)*sign(NES) (con_up),EnrichmentMap::-log10(pvalue)_max,EnrichmentMap::Colouring (con_up),EnrichmentMap::ES (con_up),EnrichmentMap::fdr_qvalue (con_up),EnrichmentMap::fwer_qvalue (con_up),EnrichmentMap::Genes,EnrichmentMap::GS_DESCR,EnrichmentMap::gs_size,EnrichmentMap::GS_Type,EnrichmentMap::Name,EnrichmentMap::NES (con_up),EnrichmentMap::pvalue (con_up),name,selected,shared name
,3,3,3,0.999,,1E-3,,SKI|MYC|CAV1|HMGA2|LIF|E2F1|FN1|ITGB3|FOSL2|CD300A|NUPR1|HRAS|PDGFC|CCNA2|MORC3|TGIF1|CD74|WNT5A|CCNB1|CDC6|SPHK1|AGT|CDK4|PDGFA|PDGFB|CDKN1A|NGFR|MIF|CREB1|WNT1|CTC1|CTNNB1|IGF1|DACH1|AQP1|PML|FTH1|GSTP1|SIRT6|KMT2A|NLRC3|TP53INP1|NF1|INCA1|IL13|TRIM32|CDK6|ZMIZ1|CDC73|LZTS2|LTA|PDGFD|EREG|DHX9|EMD|MED25|TGFB1|FBXO4|DDR2|PAWR|ABL1|MED31|IFI30|PDGFRA|DAB2IP|BTC|HTN3|PARP10|RNASEH2B|ESR1|PLA2G1B|ZMPSTE24|BAX|LIG4|MYB|GAS6|FBLN1|TP53|WNT2|ING5|C1QL4|S100A6|SOD2|EGFR|SFRP1|B4GALT7|PEX2|BMI1|BRK1|JUN|FGF10|CD248,https://www.gsea-msigdb.org/gsea/msigdb/human/geneset/GOBP_REGULATION_OF_FIBROBLAST_PROLIFERATION,92,ENR,GOBP_REGULATION_OF_FIBROBLAST_PROLIFERATION,1,1E-3,GOBP_REGULATION_OF_FIBROBLAST_PROLIFERATION,FALSE,GOBP_REGULATION_OF_FIBROBLAST_PROLIFERATION
59,3,3,3,0.999,,1E-3,,BMP4|MYC|NKX3-2|REST|HESX1|WNT3A|SIX1|ANP32B|FGF9|MKS1|OTOGL|GLI3|FZD3|DLX5|RDH10|DLX6|PAFAH1B1|NTN1|ELMOD3|OSR2|ADGRV1|HPN|PI4KB|SPRY2|IGF1|RBPJ|NOX3|OTX1|SIX4|TCAP|FZD2|SIX2|DVL2|FOXG1|GABRA5|NECTIN1|GABRB2|GABRB3|ZIC1|PROX1|HEY2|BCL2|BCL2L11|ECE1|KCNK3|GATA3|MYO3A|MYO3B|GRXCR1|TBX3|RPGRIP1L|GSC|SLC4A7|MCOLN3|TCF15|CECR2|LRP10|DCHS1|CALB1|GET1|PLPPR4|CCM2|FGFR2|GJB6|HPCA|EDN1|STRA6|EDNRA|MAF|AHI1|MAPKAPK2|NECTIN3|ANKRD24|CLRN2|GRXCR2|GSDME|NTRK3|LHFPL5|PDZD7|STRC|SLC44A4|TECTA|TPRN|HES5|OTOL1|MYCL|SCRIB|SLC17A8|MSX1|PAX2|CHD7|PAX8|POU3F4|TBX1|RAC1|MPV17|SHH|NR4A3|CHRNA10|CHRNA9|INSIG1|TRIOBP|VANGL2|BMP2|EYA1|EYA4|SLITRK6|FGF10|FGF8|HOXA13|TGFB2|JAG2|TIFAB|DLL1|CEBPD|ATG4B|MYCN|ATG5|INSIG2|WNT5A|TSKU|ATP6V1B1|HOXA2|TSHZ1|BLOC1S5|ROR1|GATA2|PTPN11|C1QTNF5|STOX1|FRZB|DIAPH3|HOXA1|TBX18|ATP8A2|OTOP1|ATP8B1|EPHB2|ESRP1|SEC24B|OSR1|SLC25A27|TTC8|ZEB1|IFT20|IFT27|IFT88|LIN7A|SLC26A5|DDR1|WDR19|CTHRC1|TMC1|HMX2|NOG|NIPBL|MAFB|SDC4|FZD6|LGR5|SHROOM2|TWIST1|PJVK|SOX2|TBX2|TRIP11|COL11A1|JAG1|COL2A1|CYTL1|ZIC3|ATOH1|CCNA2|FOXI1|HMX3|ITGA8|KCNQ4|LRIG1|LRIG3|MYO15A|POU4F3|PRRX1|SOBP|EPHA4|TFAP2A|TMIE|TTC39C|CDKN1B|MYO6|WNT1|HES1|SPARC|GRHL3|USH1C|PTK7|LHX3|MYO7A|NAGLU|PRKRA|TGFB1|NOTCH1|FGF2|FGFR1|CEP290|WDPCP|CDH23|CLRN1|KCNQ1|ADAM10|FREM2|MINAR2|NEUROD1|DVL1|PCDH15|CEBPA|PLS1|BCR|BMP5|BMPER|USH1G|KCNK2|USH2A|ALDH1A3|NHERF1|ESRRB|WHRN|MAPK1|MAPK3|MCM2|FGF20|SOD1|SOX9|RPL38,https://www.gsea-msigdb.org/gsea/msigdb/human/geneset/GOBP_EAR_DEVELOPMENT,233,ENR,GOBP_EAR_DEVELOPMENT,1,1E-3,GOBP_EAR_DEVELOPMENT,FALSE,GOBP_EAR_DEVELOPMENT
6,3,3,3,0.999,,1E-3,,BMP4|FGF2|FGFR1|SIX1|FZD5|GATA5|HOXC11|NKX2-1|ROBO1|WNT2B|AR|ROBO2|DKK1|HIPK1|POU5F1|HIPK2|FGF1|GDNF|WNT1|WNT2|SPRY1|CTNNB1|C12ORF43|HOXA11|BMP2|WNT3|SIX3|WNT4|FGF10|FGF8|FRS2|SOX9|SALL1|SOX8|MESP1,https://www.gsea-msigdb.org/gsea/msigdb/human/geneset/GOBP_DEVELOPMENTAL_INDUCTION,35,ENR,GOBP_DEVELOPMENTAL_INDUCTION,1,1E-3,GOBP_DEVELOPMENTAL_INDUCTION,FALSE,GOBP_DEVELOPMENTAL_INDUCTION
2,3,3,3,0.999,,1E-3,,CNTN2|DLX1|DLX2|SHANK3|GATA2|ARX|NKX2-1|DRD2|RAC1|INHBA|RAC3|BCL11B|HELT|DRD1|LHX6|ASCL1|ZSWIM6,https://www.gsea-msigdb.org/gsea/msigdb/human/geneset/GOBP_GABAERGIC_NEURON_DIFFERENTIATION,17,ENR,GOBP_GABAERGIC_NEURON_DIFFERENTIATION,1,1E-3,GOBP_GABAERGIC_NEURON_DIFFERENTIATION,FALSE,GOBP_GABAERGIC_NEURON_DIFFERENTIATION
5,3,3,3,0.999,,1E-3,,FGFR1|LRRC4|CSMD2|IL1RAP|WNT7A|NRXN2|PTK2B|LATS1|RELN|CLSTN3|ABI3|PLXNB2|PTPRS|SLITRK3|SRGAP2|PRICKLE1|CASKIN1|PTEN|WNT5A|CBLN1|NPTN|ADGRL2|ADGRL3|PTPN13|C1QL2|C1QL3|NLGN1|CRIPT|NLGN2|NRXN1|LRFN1|LRFN4|LRRC4B|LRRTM2|NTRK3|SHANK3|SRGAP2C|VSTM5|GRID2|NPTX1|PTPRD|ZDHHC12|SEMA4A,https://www.gsea-msigdb.org/gsea/msigdb/human/geneset/GOBP_EXCITATORY_SYNAPSE_ASSEMBLY,43,ENR,GOBP_EXCITATORY_SYNAPSE_ASSEMBLY,1,1E-3,GOBP_EXCITATORY_SYNAPSE_ASSEMBLY,FALSE,GOBP_EXCITATORY_SYNAPSE_ASSEMBLY
6,3,3,3,0.999,,1E-3,,SKI|BMP4|TIFAB|PITX2|DLL1|AXIN1|PGAP1|LEFTY2|ZIC3|WNT8A|WDR77|C2CD3|WT1|WNT5A|AHI1|CRIPTO|DDIT3|STC1|PAX6|BMPR1A|TASOR|WNT1|TDRD1|CDX1|TDRD5|CHRDL1|CTNNB1|CXXC4|MNS1|HOXD8|CER1|MESP2|OTX2|RIPPLY2|LDB1|TDRD6|TDRD7|TDRKH|SMAD4|SMAD6|CAPRIN2|CDX2|VAX2|WLS|CITED2|GPC3|MESP1|SIX2|SMO|WNT6|RNF2|SMAD2|NOTCH1|SRF|IRX4|FZD5|WNT7A|PTCH1|EPB41L5|IFT172|TTC8|BASP1|IFT25|BCOR|ETS2|AXIN2|MDFI|PRICKLE1|NCKAP1|TBX6|AURKA|HEY2|LHX1|ARL13B|SHH|NODAL|PKD1L1|STIL|FUT6|SETDB2|LEFTY1|NOTCH2|COBL|FOXA2|PCSK6|SFRP1|TBX3|TMED2|NRARP|WNT3|SIX3|FGF10|FRS2|GDF3|PLD6,https://www.gsea-msigdb.org/gsea/msigdb/human/geneset/GOBP_AXIS_SPECIFICATION,95,ENR,GOBP_AXIS_SPECIFICATION,1,1E-3,GOBP_AXIS_SPECIFICATION,FALSE,GOBP_AXIS_SPECIFICATION
22,3,3,3,0.999,,1E-3,,CDON|ADAMTS15|MYMX|CAV3|NEO1|ADGRB3|CCL8|NPHS1|TANC1|TNFSF14|CAPN2|ITGB1|CFLAR|PTGFRN|ADAMTS5|ADGRB1|DOCK2|DOCK5|ADAM12|DYRK1B|CD81|RIPOR2|CD9|MAPK14|PLEKHO1|FLOT1|MYMK|MYOD1|DOCK1|MYOG|CD53|WNT1|NOS1|ERVFRD-1|ERVW-1|GDF15|CXCL10|MYH9|CACNA1H|SCGB3A1|IL4R|CXCL9|CACNA1S|EHD1|EHD2|NFATC2|KCNH1|TMEM182,https://www.gsea-msigdb.org/gsea/msigdb/human/geneset/GOBP_MYOBLAST_FUSION,48,ENR,GOBP_MYOBLAST_FUSION,1,1E-3,GOBP_MYOBLAST_FUSION,FALSE,GOBP_MYOBLAST_FUSION
116,3,3,3,0.999,,1E-3,,STK4|LIF|CNOT9|PAQR3|AKT1|MAD2L2|IFNG|PTEN|NT5DC2|TENM1|TRIM6|PDCD10|PFN2|IL6|OSM|RASSF2|BRAF|SPRY2|IL11|EGFR|CNKSR3|NSD1|ERCC6|ARAF|GADD45A|STOX1|CREBL2|NLRP2B|DMTN|IRGM|RAF1,https://www.gsea-msigdb.org/gsea/msigdb/human/geneset/GOBP_REGULATION_OF_PEPTIDYL_SERINE_PHOSPHORYLATION,31,ENR,GOBP_REGULATION_OF_PEPTIDYL_SERINE_PHOSPHORYLATION,1,1E-3,GOBP_REGULATION_OF_PEPTIDYL_SERINE_PHOSPHORYLATION,FALSE,GOBP_REGULATION_OF_PEPTIDYL_SERINE_PHOSPHORYLATION
5,3,3,3,0.999,,1E-3,,DOCK10|CARMIL3|ARHGAP33|CSMD2|SENP1|NRXN2|SIGMAR1|NEURL1|LATS1|ABI3|ARHGEF9|CASKIN1|MAP1B|PTEN|WNT5A|CBLN1|MARK1|S1PR2|ARHGAP12|DOCK1|GAP43|CRIPT|CRK|LRFN1|CRKL|LRFN4|NECTIN3|LRRC4B|UBE3B|LRRTM2|NTRK3|UBE2M|GRID2|NTNG2|PTPRD|CDH2|ARHGEF15|SEMA4C|PPP1R9B|EPHB2|NLGN3|NCKIPSD|NUMBL|ABL1|TRIM47|FGFR1|IL1RAP|WNT7A|CRMP1|PTK2B|HTR4|RAC1|ELMO1|PTPN1|RELN|RAC3|PTPRS|SLITRK3|PRICKLE1|SLC12A5|SPTBN2|ASIC2|RTN4|RTN4R|DOCK4|LZTS1|C1QL2|CC2D1A|C1QL3|LRP4|NAE1|NLGN1|NLGN2|CYFIP2|NRXN1|VPS35|NEDD8|PUM2|SHANK3|RHOG|NPTX1|ASIC1|GNA13|ZDHHC12|ZDHHC8|SYNDIG1,https://www.gsea-msigdb.org/gsea/msigdb/human/geneset/GOBP_POSTSYNAPSE_ASSEMBLY,86,ENR,GOBP_POSTSYNAPSE_ASSEMBLY,1,1E-3,GOBP_POSTSYNAPSE_ASSEMBLY,FALSE,GOBP_POSTSYNAPSE_ASSEMBLY
2,3,3,3,0.999,,1E-3,,AGBL4|CHRNB2|WNT3A|POU4F1|PTF1A|RORB|GLI3|ZC4H2|NKX2-1|ATF5|ZDHHC16|KIFBP|TGIF1|ATP7A|B2M|DCLK2|RAPGEF2|UNC5D|DLX5|PAFAH1B1|PAX6|CRK|CRKL|CSF1R|PSEN1|EN1|EN2|LMX1A|B4GALT5|BRINP1|UBB|EPHA2|LEP|HPRT1|SALL1|ASCL1|BRINP2|BRINP3|CDON|SMO|SCN1B|EFNA1|FEZF1|FOXG1|SUFU|AGTPBP1|EOMES|NIN|PTCH1|DRD2|DCC|PROX1|TBX20|NHLH2|DLX1|DLX2|GIGYF2|TUBA1A|DYNC2H1|NPY|SHANK3|POU3F2|CDK5|CLN8|BTG2|NEUROD4|LHX8|ITGB1|FGFR2|SKOR2|OGDH|ERBB4|PTEN|WNT9B|DKK1|NKX6-1|MIB1|DMRT3|MYCBP2|NRP2|FZD1|PRKCA|ADARB1|PLXNA4|HES5|CSNK1D|TTC36|LDB1|SFRP2|NANOS1|SEMA3E|FOXP2|ZMIZ1|ARHGEF28|LHX6|PHOX2A|UQCRQ|ZSWIM6|CHD5|MAPT|TGIF2|SLIT3|TBR1|DAB1|B4GALT6|RAC1|GBA1|RAC3|SECISBP2|FAIM2|SPTBN4|PALS1|SHH|EPHB1|KNDC1|NTRK2|SZT2|WDR47|SLIT2|LRP6|ZHX2|SIN3A|SPOCK1|PEX5|FGF8|PRDM8|PLXNA1|OTP|TOX|WNT5A|CDH11|TSKU|SLC25A46|GATA2|BRSK1|TFAP2C|BRSK2|ZNF335|SCYL1|DLL4|EPHB2|ELAVL4|IFT172|NFE2L1|SCYL2|HERC1|MAP2|SLC4A10|CNTN2|NDEL1|C21ORF91|NRXN1|TTLL1|WNT2|HOXC10|TULP3|SFRP1|BMPR1B|TAOK1|LMO4|GABRB1|BCL6|GDF11|ATOH1|ARHGAP35|CBLN1|DRD1|TAL1|DISC1|EPHA4|OPHN1|SPG11|BMPR1A|WNT1|NOVA2|CTNNB1|ID4|GRID2|HES1|ARX|INHBA|MAP2K1|ISL1|KIAA0319|NDNF|GBX1|ISL2|LHX3|LHX4|LONRF2|MDGA2|MNX1|ZEB2|OLIG2|SCYL3|TCTN1|HOXD10|NOTCH1|NRP1|WNT7A|GLI2|PLXNA3|NR4A2|BCL11B|ROBO1|DRAXIN|ROBO2|FOXN4|NEUROD1|GDF7|LHX1|LHX5|RYK|MDGA1|ABT1|PAX7|TTC21B|SOX1|GBA2|EMX1|NFIB|SLIT1|CEND1|RORA|WNT3|C12ORF57|VSX2|FBXO45|NR2E1|EPHB3,https://www.gsea-msigdb.org/gsea/msigdb/human/geneset/GOBP_CENTRAL_NERVOUS_SYSTEM_NEURON_DIFFERENTIATION,230,ENR,GOBP_CENTRAL_NERVOUS_SYSTEM_NEURON_DIFFERENTIATION,1,1E-3,GOBP_CENTRAL_NERVOUS_SYSTEM_NEURON_DIFFERENTIATION,FALSE,GOBP_CENTRAL_NERVOUS_SYSTEM_NEURON_DIFFERENTIATION
,3,3,3,0.999,,1E-3,,ADORA2B|ADORA2A|GPR34|GPR87|NECAB2|P2RY13|P2RX1|P2RY1|P2RY6|P2RY2|P2RX7|ADORA1|ANO6|CNTN2|GPR171|CTSG|P2RX2|ADA|P2RY14|ACP3|PTAFR|ADCY5|GNAI2|P2RX3|P2RY11|P2RX5|P2RY4|P2RX4|P2RX6|P2RY12|ADORA3,https://www.gsea-msigdb.org/gsea/msigdb/human/geneset/GOBP_PURINERGIC_NUCLEOTIDE_RECEPTOR_SIGNALING_PATHWAY,31,ENR,GOBP_PURINERGIC_NUCLEOTIDE_RECEPTOR_SIGNALING_PATHWAY,1,1E-3,GOBP_PURINERGIC_NUCLEOTIDE_RECEPTOR_SIGNALING_PATHWAY,FALSE,GOBP_PURINERGIC_NUCLEOTIDE_RECEPTOR_SIGNALING_PATHWAY
16,3,3,3,0.999,,1E-3,,CLDN18|CABP1|FBXO4|TRIM29|UFM1|ANGPT1|SUFU|POLR1A|YWHAB|LATS1|ILRUN|LATS2|CHP1|DCLK2|MARK3|SUMO1|APP|OTUD7B|TRIM40|MAGED1|APOD|GSK3B|MFHAS1|PKIA|PKIG|NFKBIA|SIRT6|CTNNA1|NF1|YWHAZ|FERMT1|SIN3A|CD36|MDFIC|RAB23|TMEM98|EI24|LILRB4|LZTS2|MTOR,https://www.gsea-msigdb.org/gsea/msigdb/human/geneset/GOBP_NEGATIVE_REGULATION_OF_PROTEIN_LOCALIZATION_TO_NUCLEUS,40,ENR,GOBP_NEGATIVE_REGULATION_OF_PROTEIN_LOCALIZATION_TO_NUCLEUS,1,1E-3,GOBP_NEGATIVE_REGULATION_OF_PROTEIN_LOCALIZATION_TO_NUCLEUS,FALSE,GOBP_NEGATIVE_REGULATION_OF_PROTEIN_LOCALIZATION_TO_NUCLEUS
3,3,3,3,0.999,,1E-3,,BMP4|ELN|JAG1|TNFRSF1A|ADAMTS5|STRA6|RHOA|CDH11|RBPJ|TGFBR2|SNAI1|SMAD6|GATA4|NKX2-5|HEY1|HEYL|DLL4|TIE1|SLIT3|SMAD2|TGFB1|EFNA1|NOTCH1|ADAMTS19|GATA5|TNFRSF1B|EMILIN1|NPPA|SNAI2|AXIN2|ROBO1|ROCK1|ROBO2|HEY2|TBX20|BMPR2|PCDHA10|GATA3|NOTCH2|NOS3|TWIST1|GJA5|SLIT2|ROCK2|BMP2|RB1|NFATC1|SOX9|TGFB2,https://www.gsea-msigdb.org/gsea/msigdb/human/geneset/GOBP_SEMI_LUNAR_VALVE_DEVELOPMENT,49,ENR,GOBP_SEMI_LUNAR_VALVE_DEVELOPMENT,1,1E-3,GOBP_SEMI_LUNAR_VALVE_DEVELOPMENT,FALSE,GOBP_SEMI_LUNAR_VALVE_DEVELOPMENT
86,3,3,3,0.999,,1E-3,,PKD2L1|GPLD1|GPR4|CHP1|KCNK18|TRPV1|ASIC2|SLC9A1|GNA11|MCOLN1|GPR68|KCNK3|INSRR|GPR65|HYAL1|ASIC1|SCNN1A|SCNN1D|HVCN1|RAB11B|SCNN1G|KCNK1|KCNK9|SCNN1B|PKD1L3|RAB11FIP5,https://www.gsea-msigdb.org/gsea/msigdb/human/geneset/GOBP_CELLULAR_RESPONSE_TO_PH,26,ENR,GOBP_CELLULAR_RESPONSE_TO_PH,1,1E-3,GOBP_CELLULAR_RESPONSE_TO_PH,FALSE,GOBP_CELLULAR_RESPONSE_TO_PH
57,3,3,3,0.999,,1E-3,,CNTF|CCL3|KCNJ8|ADORA2A|TLR1|TLR6|ITGAM|CST7|ITGB2|SPHK1|TYROBP|PTPRC|SNCA|PSEN1|CX3CL1|CX3CR1|GRN|TNF|IL13|JAK2|IFNGR2|NR1D1|ZEB2|NAGLU|SMO|IFNGR1|LRP1|MAPT|TREM2|CALHM2|TLR3|TLR9|AGER|IFNG|AIF1|MMP8|APP|C1QA|FPR2|IL6|TTBK1|AZU1|TAFA3|LDLR|C5AR1|LRRK2|CTSC|STAP1|CLU|JUN|IL1B|SYT11|IL33,https://www.gsea-msigdb.org/gsea/msigdb/human/geneset/GOBP_GLIAL_CELL_ACTIVATION,53,ENR,GOBP_GLIAL_CELL_ACTIVATION,1,1E-3,GOBP_GLIAL_CELL_ACTIVATION,FALSE,GOBP_GLIAL_CELL_ACTIVATION
,3,3,3,0.999,,1E-3,,CRY1|CRY2|APLN|FGFR1|GHRL|SPP1|POMC|C1QTNF1|TAC1|KDM5B|GJA1|INHBB|RETN|F2RL1|TACR2|AGT|ECRG4|OPRK1|CRHBP|FOXL2|GAL|GALR1|BMP6|NKX3-1|PTPN11|OR51E2|F2R|INHA|DAB2|GJA5|INHBA|UCN|LEP|REN|GDF9|RAB8B|AGTR1|SMAD4|TSPO|KCNK9|CRH|CYP19A1,https://www.gsea-msigdb.org/gsea/msigdb/human/geneset/GOBP_REGULATION_OF_ENDOCRINE_PROCESS,42,ENR,GOBP_REGULATION_OF_ENDOCRINE_PROCESS,1,1E-3,GOBP_REGULATION_OF_ENDOCRINE_PROCESS,FALSE,GOBP_REGULATION_OF_ENDOCRINE_PROCESS
4,3,3,3,0.999,,1E-3,,SMO|GATA3|GDNF|LIF|CITED1|CTNNB1|FZD7|PAX2|PAX8|BASP1|GREM1|WT1|WNT4|TCF15|PELO|WNT9B|DSG2|STAT1|SALL1|SIX2,https://www.gsea-msigdb.org/gsea/msigdb/human/geneset/GOBP_MESENCHYMAL_TO_EPITHELIAL_TRANSITION,20,ENR,GOBP_MESENCHYMAL_TO_EPITHELIAL_TRANSITION,1,1E-3,GOBP_MESENCHYMAL_TO_EPITHELIAL_TRANSITION,FALSE,GOBP_MESENCHYMAL_TO_EPITHELIAL_TRANSITION
15,3,3,3,0.999,,1E-3,,NR5A1|FOXF2|HESX1|PGR|SGPL1|PTX3|SRD5A1|SRD5A2|CSDE1|LHCGR|FGF9|NPPC|NTRK1|NKX2-1|DHX37|TCF21|RDH10|CENPI|PCYT1B|CEBPB|NUP107|KLHL10|PKD1|CRKL|NKX3-1|AFP|INSR|CYP17A1|UBB|HSD17B3|LHB|SOX15|LEP|SIX4|SALL1|CYP19A1|H3-3A|VGF|H3-3B|FOXC1|IDH1|CASP2|FST|SMAD5|VEGFA|SCX|MSH2|NPR2|RETN|ESR1|AR|BAK1|BAX|CGA|FER|BCL2|BCL2L1|NHLH2|BCL2L11|BCL2L2|DMRTA2|BIK|GATA3|BOK|NR2F2|TBX3|NASP|TESC|FZD4|GDF9|ADAM15|CNOT9|EIF2B2|NUPR1|GNRH1|STRA6|KIT|LGR4|NOTCH4|KITLG|WT1|WNT2B|FANCG|WNT9B|ANG|DMRT3|FOXL2|MMP14|MMP2|BMP6|ZNF830|LSM14B|SFRP2|REN|ZFP42|KDR|UBE3A|CITED2|ING2|MMP19|CSMD1|DMRTC2|SLIT3|CNTFR|CHD7|RAC1|ADCYAP1R1|IMMP2L|RHOBTB3|ADAM18|GREB1L|ADAM32|SHH|TGFBR1|ARID4A|ARID4B|GFRA1|YBX3|FSHR|NOS3|SLIT2|DMRT1|ADAM20|ADAM21|SAFB2|STAT5B|ADAM29|ADAM30|FGF10|FGF8|HOXA13|LHX9|STAT5A|MAMLD1|MEA1|SOX8|RNF38|BCAS2|TGFB2|UTF1|IRX5|FKBP4|CD2AP|HMGA2|PATZ1|TIFAB|AGO4|TNFAIP6|ASPM|GPR149|LFNG|TLR5|RXFP2|INHBB|DMRT2|RRM1|WNT5A|RAB13|EIF2B4|ZP3|CCND1|FNDC3A|NUP210L|CASP3|LHFPL2|TYRO3|ADAMTS1|PRDX4|FLNA|GATA1|PTPN11|TFAP2C|HOXA10|KIF18A|HOXA11|HOXD13|HNF1B|EIF2B5|BRCA2|CBX2|ADGRG1|BRIP1|DACH2|DMC1|NCOA4|OSR1|BASP1|SIRT1|HMGB2|GAS2|MKKS|WDR19|ACE|CDKL2|TAF4|PBX1|HOXA9|ATN1|NIPBL|ZFPM2|TBC1D20|CBL|SFRP1|SYCP2|BMPR1B|SIX3|WDR48|HNF4A|REC8|UMODL1|MERTK|ATM|TP63|HSD17B4|PTPRN|ATRX|NCOA1|AXL|SPO11|AMH|NRIP1|DMRTA1|BMPR1A|CCNO|ABCB1|DNAJC19|CTNNB1|DACH1|ODAD3|HYAL3|INHA|INHBA|LRP2|TMF1|ASB1|SMAD4|GATA4|ERCC1|EREG|GATA6|TIPARP|RARA|NOTCH1|AKR1C3|NR5A2|TLR3|WNT7A|DNAAF3|PDGFRA|SCAPER|TLR9|GMNC|DHH|FANCA|PLEKHA1|ACVR2A|ROBO2|LHX1|SPATA2|AMHR2|EIF2S2|FANCE|MSH4|BMP5|FOXO3|RBP4|CTNNA1|MCIDAS|WNT4|ZFY|NR0B1|SOD1|ADAM2|SOX9|TEX11|ARID5B|DHCR24|DNAAF11|TEX19,https://www.gsea-msigdb.org/gsea/msigdb/human/geneset/GOBP_SEX_DIFFERENTIATION,279,ENR,GOBP_SEX_DIFFERENTIATION,1,1E-3,GOBP_SEX_DIFFERENTIATION,FALSE,GOBP_SEX_DIFFERENTIATION
21,3,3,3,0.999,,1E-3,,THBS1|TMEM201|HIF1A|ANGPT1|ATP5F1A|PDCD6|ATP5F1B|AKT1|HDAC9|FUT1|PLPP3|NUS1|VEGFC|ANXA3|PRKD1|WNT5A|RRAS|ZNF580|FGFBP1|PDGFB|PRKD2|GFUS|AAMP|HMGB1|GATA2|TGFBR3|ATOH8|SMOC2|FOXP1|ANGPT4|PIK3C2A|PIK3CB|PIK3CD|PIK3CG|AKT3|HMOX1|RHOB|SIRT1|VEGFA|PLK2|PROX1|LCN2|BCAS3|SP1|FOXC2|GATA3|GREM1|CIB1|PLCG1|EMC10|ADGRA2|AMOT|SRPX2|ITGB3|EDN1|ITGB1BP1|CRIPTO|LGMN|CD40|SCARB1|AGT|MAP2K3|JCAD|NRP2|CCBE1|PRKCA|RHOJ|SASH1|SPARC|NFE2L2|GRN|FLT4|P2RX4|RIN2|KDR|HSPB1|PLG|TGFB1|TMSB4X|PDPK1|ABL1|FGF2|FGFR1|NRP1|WNT7A|GPLD1|PTK2B|BCAR1|ETS1|RAC1|HDAC7|ZC3H12A|ADAM17|MAPK14|SEMA5A|ANXA1|FGF1|FGF16|FGF18|GAB1|MET|TEK|BSG|NOS3|PTGS2|CALR|ROCK2|EGF|STAT5A|GPI,https://www.gsea-msigdb.org/gsea/msigdb/human/geneset/GOBP_POSITIVE_REGULATION_OF_ENDOTHELIAL_CELL_MIGRATION,110,ENR,GOBP_POSITIVE_REGULATION_OF_ENDOTHELIAL_CELL_MIGRATION,1,1E-3,GOBP_POSITIVE_REGULATION_OF_ENDOTHELIAL_CELL_MIGRATION,FALSE,GOBP_POSITIVE_REGULATION_OF_ENDOTHELIAL_CELL_MIGRATION
2,3,3,3,0.999,,1E-3,,FA2H|SKI|NAB1|ERBB2|POU3F1|AKT1|LGI4|AKT2|ARHGEF10|DAG1|HRAS|CDK1|COL6A1|EGR2|SLC25A46|DICER1|NTRK3|PARD3|NDRG1|LAMA2|LAMB2|PPP3R1|MAP2K1|NF1|MED12|MAP2K2|NAB2|PRX|ADGRG6|SH3TC2|ITGB4|NCMAP|PALS1|RELA|MYOC|PLEC|NTRK2|POU3F2|GRB2|CDK5|ERBB3|SOS1|GPC1|MAPK1|MAPK3|SIRT2|RAF1|SOD1|CNTNAP1|ILK,https://www.gsea-msigdb.org/gsea/msigdb/human/geneset/GOBP_SCHWANN_CELL_DIFFERENTIATION,50,ENR,GOBP_SCHWANN_CELL_DIFFERENTIATION,1,1E-3,GOBP_SCHWANN_CELL_DIFFERENTIATION,FALSE,GOBP_SCHWANN_CELL_DIFFERENTIATION
162,3,3,3,0.999,,1E-3,,PALM|HTR2A|KLF16|COMT|GNAO1|PRKD1|DRD1|HTR7|DRD3|DRD4|RGS8|GNA11|GNA14|ARRB2|GSK3A|GNB5|GSK3B|FLNA|GNAS|HTR1A|HTR3A|HTR3B|HTR3C|HTR3D|PTGER1|HTR3E|TGM2|HDAC2|DTNBP1|PRKN|PRMT5|ABL1|HTR6|SULT1A3|ALK|HTR4|DRD2|SLC1A1|HTR2B|HTR2C|RGS4|RGS9|APLP1|APP|NR4A3|CHRNA10|CHRNA9|DRD5|NCSTN|VPS35|RNLS|GNAL|GNG2|NHERF1|CAV2|ADCY5|ADCY6|LRRK2|SIN3A|GNB1,https://www.gsea-msigdb.org/gsea/msigdb/human/geneset/GOBP_RESPONSE_TO_MONOAMINE,60,ENR,GOBP_RESPONSE_TO_MONOAMINE,1,1E-3,GOBP_RESPONSE_TO_MONOAMINE,FALSE,GOBP_RESPONSE_TO_MONOAMINE
76,3,3,3,0.999,,1E-3,,SRRT|REST|SS18|NOTCH1|MCPH1|YME1L1|ASPM|DLL1|JAG1|FOXO1|IGF2BP1|FANCD2|FOXO3|HES1|HES5|WDR47|PCM1|CDH2|HOOK3|PROX1|SOX2|PRRX1|MMP24,https://www.gsea-msigdb.org/gsea/msigdb/human/geneset/GOBP_NEURONAL_STEM_CELL_POPULATION_MAINTENANCE,23,ENR,GOBP_NEURONAL_STEM_CELL_POPULATION_MAINTENANCE,1,1E-3,GOBP_NEURONAL_STEM_CELL_POPULATION_MAINTENANCE,FALSE,GOBP_NEURONAL_STEM_CELL_POPULATION_MAINTENANCE
48,3,3,3,0.999,,1E-3,,BMP4|DUSP2|HMGA2|ONECUT1|COL12A1|DUSP4|COL7A1|DUSP5|ITGA4|COL11A1|LAMA3|ITGA7|SOX7|FN1|ZFP36L1|COL5A2|MIXL1|HOXC11|NKX2-1|CTR9|HSBP1|SSBP3|BRD3|ITGB2|COL4A2|PELO|DKK1|COL8A1|BMPR1A|COL6A1|PAX9|MMP14|MMP2|HDAC1|CTNNB1|SMAD3|EXT1|COL5A1|LAMC1|MYH9|HNF1B|ITGA5|LAMB1|INHBA|ITGAV|ITGB5|MAP2K1|DUSP1|MED12|CDC73|SMAD4|GATA4|LAMB3|MMP15|GATA6|MESP1|SMAD2|TGFB1|NOTCH1|EOMES|EPB41L5|SETD2|MACROH2A1|ARC|MMP9|LEO1|NCKAP1|BPTF|MMP8|POU5F1|RTF1|TBX20|LHX1|PAF1|TNRC6A|NODAL|KIF16B|NOG|APELA|GRB2|SOX17|VTN|SOX2|NR0B1|FGF8|GDF3|NANOG,https://www.gsea-msigdb.org/gsea/msigdb/human/geneset/GOBP_ENDODERM_DEVELOPMENT,87,ENR,GOBP_ENDODERM_DEVELOPMENT,1,1E-3,GOBP_ENDODERM_DEVELOPMENT,FALSE,GOBP_ENDODERM_DEVELOPMENT
29,3,3,3,0.999,,1E-3,,BMAL1|BTRC|NLGN1|FBXW11|ADORA2A|GHRH|BMAL2|RORC|GHRL|KAT5|CLOCK|NKX2-1|GHRHR|PRKG1|NPY2R|RORA|THRAP3|MTNR1B|CRH,https://www.gsea-msigdb.org/gsea/msigdb/human/geneset/GOBP_POSITIVE_REGULATION_OF_CIRCADIAN_RHYTHM,19,ENR,GOBP_POSITIVE_REGULATION_OF_CIRCADIAN_RHYTHM,1,1E-3,GOBP_POSITIVE_REGULATION_OF_CIRCADIAN_RHYTHM,FALSE,GOBP_POSITIVE_REGULATION_OF_CIRCADIAN_RHYTHM
34,3,3,3,0.999,,1E-3,,NEMP1|EPB42|FAM210B|HBZ|HDAC6|EPO|HEATR3|RAC1|RAC2|TRIM58|L3MBTL3|RHEX|DIAPH3|G6PD|KLF2|PLA2G10|PTBP3|TAL1|MAEA|BAP1|ERCC2|FLVCR1|ZBTB7A|BRD1,https://www.gsea-msigdb.org/gsea/msigdb/human/geneset/GOBP_ERYTHROCYTE_MATURATION,24,ENR,GOBP_ERYTHROCYTE_MATURATION,1,1E-3,GOBP_ERYTHROCYTE_MATURATION,FALSE,GOBP_ERYTHROCYTE_MATURATION
9,3,3,3,0.999,,1E-3,,NAPA|CHRNA3|DYSF|CHRNB4|NRXN2|NGF|RIMS2|RAB3A|PREPL|P2RX7|RAP1A|RAP1B|FER1L5|ATP2A2|SNCAIP|BAIAP3|SLC38A2|PSEN1|PTPRN2|BRSK1|CADPS|CADPS2|MYOF|PRKCG|KMO|DTNBP1|OSBPL2|SLC4A8|SNCG|SNAP23|FMR1|PIP5K1C|SLC32A1|LIN7A|LIN7B|LIN7C|SYNGR3|TACR2|GPR158|NLGN1|NRXN1|PFN2|STXBP5|PCLO|CACNA1B|CPLX2|PDZD11|CPLX4|DNAJC5|PPFIA2|BRAF|PPT1|NPY|GPR151|CALM3|DOC2A|CAMK2A|DOC2B|SEPTIN5|CDK5|ERC2|GGCX|OTOF|PNKD|PPFIA3|SNAP25|ASIC1|STXBP1|STXBP2|GRIK5|STXBP3|CPLX1|MCTP1|SYN1|MCTP2|SYN2|RIMS1|SYN3|RIMS3|RIMS4|SYT11|RAB5A|SYT4|SNPH|SV2A|SV2B|SV2C|SLC30A1|SYT10|KCNJ8|SYT12|ADORA2A|TPRG1L|BLOC1S6|UNC13A|UNC13B|PRRT2|UNC13C|VAMP2|CASK|P2RX1|RPH3A|P2RY1|RPH3AL|SNAP29|SNAPIN|SNAP47|ABCC8|CSPG5|KCNMB4|MEF2C|STX11|STX19|STX1A|GPER1|STX1B|STX2|TSPOAP1|SNCA|SYP|EFR3A|SYT1|SYT13|SYT2|SYT5|SYT8|SYT9|NF1|RAB3GAP1|SYNJ1|AP2B1|MICU3|PRKN|PRKCB|NAPB|SCRIB|SYT7|WNT7A|BGLAP|VPS18|HCRT|DVL1|PPP3CA|FBXL20|BEST1|CACNB4|SLC6A9|LRRK2|FBXO45|GRM4|GIT1|HRH3,https://www.gsea-msigdb.org/gsea/msigdb/human/geneset/GOBP_NEUROTRANSMITTER_SECRETION,152,ENR,GOBP_NEUROTRANSMITTER_SECRETION,1,1E-3,GOBP_NEUROTRANSMITTER_SECRETION,FALSE,GOBP_NEUROTRANSMITTER_SECRETION
18,3,3,3,0.999,,1E-3,,SKI|HAND2|PPARG|TNFAIP6|CITED1|RORB|TRPM4|VEGFC|IPO7|PTEN|CHRD|IGFBP5|LIMD1|RANBP3L|TWSG1|GSK3B|NOCT|HOXA2|SMAD3|TNF|CRIM1|TWIST2|BAMBI|MEN1|CDK6|SMAD6|SEMA4D|RIOX1|UCMA|NOTCH1|SUFU|ID1|PTCH1|HDAC7|ID2|ERFE|AXIN2|TMEM53|FGF23|ID3|TOB1|NBR1|NOG|TMEM64|AREG|SFRP1|TWIST1|OSTN|GREM1|SOX9|LRP5,https://www.gsea-msigdb.org/gsea/msigdb/human/geneset/GOBP_NEGATIVE_REGULATION_OF_OSTEOBLAST_DIFFERENTIATION,51,ENR,GOBP_NEGATIVE_REGULATION_OF_OSTEOBLAST_DIFFERENTIATION,1,1E-3,GOBP_NEGATIVE_REGULATION_OF_OSTEOBLAST_DIFFERENTIATION,FALSE,GOBP_NEGATIVE_REGULATION_OF_OSTEOBLAST_DIFFERENTIATION
,3,3,3,0.999,,1E-3,,DNASE1L3|FOXL2|IL6|APAF1|CIDEA|DICER1|NMNAT1|GATA5|VPS54|DFFA|DFFB|HSF1|DNASE2|ENDOG|DNASE2B|BAX|CECR2|EXOG,https://www.gsea-msigdb.org/gsea/msigdb/human/geneset/GOBP_APOPTOTIC_DNA_FRAGMENTATION,18,ENR,GOBP_APOPTOTIC_DNA_FRAGMENTATION,1,1E-3,GOBP_APOPTOTIC_DNA_FRAGMENTATION,FALSE,GOBP_APOPTOTIC_DNA_FRAGMENTATION
14,3,3,3,0.999,,1E-3,,UGCG|CLDN1|LHX2|DLL1|LDB2|LSR|KRT16|EDA|NSDHL|EDAR|FZD3|SOX21|ELOVL1|ALX4|ATP7A|WNT5A|DSC1|IGFBP5|PDGFA|SFN|LAMA5|COL6A1|GAL|HDAC1|SLC39A7|HDAC3|RBPJ|PIAS4|TFAP2C|CDH3|TNFRSF19|DSG4|FOXN1|FOXQ1|KRT25|DKK4|KRT27|GRHL1|KRT28|KPRP|SMO|FLG2|PKP3|CYSRT1|SRF|CLDN4|DLX3|AP3B1|FST|KDF1|HRNR|TMPRSS11F|PLA2G10|STARD7|ZMPSTE24|BCL2|HOXC13|SAV1|FOXE1|FZD6|LGR5|ALOX12|ALOX12B|ALOXE3|FA2H|SPINK5|TP63|MYSM1|FGFR2|GORAB|CD109|DNASE1L2|LGR4|TMEM79|NUMA1|WNT10B|ACVR1B|FGF7|DKK1|SOX18|CYP26B1|APCDD1|FUZ|NGFR|INTU|WNT10A|IL18|GNAS|CTNNB1|EXT1|KRT84|TNF|TRPC4AP|GRHL3|INHBA|LDB1|NF1|FERMT1|SNAI1|KRT1|SMAD4|HDAC2|ERCC2|NAGLU|GATA6|HPSE|NOTCH1|ABCA12|STMN1|MSX2|GLI2|GBA1|NSUN2|SHH|RELA|LRP4|PLEC|TRADD|FLG|KRT17|PUM2|MET|NFKBIZ|TGM3|VANGL2|EGFR|KLF4|NOM1|SOS1|ZNF750|FGF10|SOX9|ZDHHC21|SOSTDC1|FOXI3|TGFB2,https://www.gsea-msigdb.org/gsea/msigdb/human/geneset/GOBP_SKIN_EPIDERMIS_DEVELOPMENT,136,ENR,GOBP_SKIN_EPIDERMIS_DEVELOPMENT,1,1E-3,GOBP_SKIN_EPIDERMIS_DEVELOPMENT,FALSE,GOBP_SKIN_EPIDERMIS_DEVELOPMENT
,3,3,3,0.999,,1E-3,,TERF1|CDT1|FBXO5|TIPIN|RAD17|TP53|TIMELESS|S100A11|TSPYL2|TTF1|BCL6|GMNN|SLFN11|ENPP7|GTPBP4|ATR|CAMSAP3|WAPL|DYNLL1|PDS5A|LIG3|HCRT|CDC6,https://www.gsea-msigdb.org/gsea/msigdb/human/geneset/GOBP_NEGATIVE_REGULATION_OF_DNA_REPLICATION,23,ENR,GOBP_NEGATIVE_REGULATION_OF_DNA_REPLICATION,1,1E-3,GOBP_NEGATIVE_REGULATION_OF_DNA_REPLICATION,FALSE,GOBP_NEGATIVE_REGULATION_OF_DNA_REPLICATION
1,3,3,3,0.999,,1E-3,,ALPL|BMP4|NAB1|PHOSPHO1|GALNT3|TRIP11|COL2A1|RARB|BPNT2|CSGALNACT1|RARG|NPPC|FOSL2|PEX7|RUNX2|IFT80|DLX5|STC1|TSKU|COL13A1|MEF2C|COL27A1|MATN1|MMP14|GHR|SERPINH1|BMP6|EXT1|CBS|CER1|HOXA11|TGFBR2|TRPV4|SMPD3|IHH|MMP13|SHOX2|RARA|FOXC1|COL1A1|NAB2|POR|ATF2|COL3A1|SCX|COMP|NPR2|AXIN2|POC1A|THBS3|MMP16|ZMPSTE24|BMPR2|EXT2|FGF18|INPPL1|TMEM119|BMPR1B|FGFR3|SOX9,https://www.gsea-msigdb.org/gsea/msigdb/human/geneset/GOBP_ENDOCHONDRAL_BONE_MORPHOGENESIS,60,ENR,GOBP_ENDOCHONDRAL_BONE_MORPHOGENESIS,1,1E-3,GOBP_ENDOCHONDRAL_BONE_MORPHOGENESIS,FALSE,GOBP_ENDOCHONDRAL_BONE_MORPHOGENESIS
13,3,3,3,0.999,,1E-3,,CHRNA1|KCNMB3|SCN1A|SCN2A|CHRNB4|SCN4B|HCN1|CACNA1I|GRIA1|ASIC5|FGF12|P2RX1|FMR1|GBA1|SCN9A|GLRA1|NPR2|TRPA1|DRD1|BBS10|KCNA1|SCN11A|KCND2|KCNMB2|MYH14|KCNMB4|GPER1|KCNQ3|KCNA2|KCNK2|ANK3|GPRIN3|GRIK2|GPR88|SOD1|MTNR1B|MTOR,https://www.gsea-msigdb.org/gsea/msigdb/human/geneset/GOBP_NEURONAL_ACTION_POTENTIAL,37,ENR,GOBP_NEURONAL_ACTION_POTENTIAL,1,1E-3,GOBP_NEURONAL_ACTION_POTENTIAL,FALSE,GOBP_NEURONAL_ACTION_POTENTIAL
,3,3,3,0.999,,1E-3,,CLDN12|TJP2|CD2AP|OCLN|ANGPT1|CLDN1|ACTB|WNK3|CLDN3|CLDN5|DMD|ITGB1|LSR|JAM2|CDH5|GJA1|GJB6|JAM3|SLC1A1|VEGFA|ESAM|F11R|MBP|ABCC8|TJP1|TJP3|SH3GL2|ABCB1|IL6|TSPAN12|LAMC1|LAMA2|SLC12A2|ACTG1|VCL|PECAM1|ZEB2|MFSD2A|NAGLU,https://www.gsea-msigdb.org/gsea/msigdb/human/geneset/GOBP_MAINTENANCE_OF_BLOOD_BRAIN_BARRIER,39,ENR,GOBP_MAINTENANCE_OF_BLOOD_BRAIN_BARRIER,1,1E-3,GOBP_MAINTENANCE_OF_BLOOD_BRAIN_BARRIER,FALSE,GOBP_MAINTENANCE_OF_BLOOD_BRAIN_BARRIER
5,3,3,3,0.999,,1E-3,,EPHB2|MESD|CHRNB1|NLGN3|SLC30A1|MUSK|DOK7|LRRC4|SHISA7|NRXN2|ETV5|DNAJA3|RAC1|RELN|FARP1|GLRB|FNTA|DVL1|FZD9|GPHN|LRP4|NLGN1|CRIPT|NLGN2|NRXN1|CRK|CRKL|GDNF|SHANK3|DLG4|CHRDL1|LHFPL4|SLC7A11|ZMYND8|SHISA6|SSH1|RER1|CDH2|FRRS1L|COLQ|ZDHHC2|RAPSN|APOE,https://www.gsea-msigdb.org/gsea/msigdb/human/geneset/GOBP_POSTSYNAPTIC_MEMBRANE_ORGANIZATION,43,ENR,GOBP_POSTSYNAPTIC_MEMBRANE_ORGANIZATION,1,1E-3,GOBP_POSTSYNAPTIC_MEMBRANE_ORGANIZATION,FALSE,GOBP_POSTSYNAPTIC_MEMBRANE_ORGANIZATION
38,3,3,3,0.999,,1E-3,,WNT3A|JAG1|AXIN1|E2F1|ENPP1|WNT10B|WNT5A|DDIT3|LRP3|TRIO|TGFB1I1|TRIB2|GPER1|TRIB3|WNT1|FOXO1|GATA2|ID4|SMAD3|TNF|TRPV4|MMP11|BMAL1|TGFB1|CCN4|MSX2|WWTR1|BBS12|YAP1|SIRT1|VEGFA|ADIPOQ|SORT1|CCDC85B|ANKRD26|JDP2|PTGR3|INSIG1|RUNX1T1|IL6|ASXL1|GPS2|ZFPM2|C1QL4|SOD2|SLC7A10|ZFP36L2|FLCN|BMP2|RORA|SIRT2|TLCD3B|FERMT2,https://www.gsea-msigdb.org/gsea/msigdb/human/geneset/GOBP_NEGATIVE_REGULATION_OF_FAT_CELL_DIFFERENTIATION,53,ENR,GOBP_NEGATIVE_REGULATION_OF_FAT_CELL_DIFFERENTIATION,1,1E-3,GOBP_NEGATIVE_REGULATION_OF_FAT_CELL_DIFFERENTIATION,FALSE,GOBP_NEGATIVE_REGULATION_OF_FAT_CELL_DIFFERENTIATION
20,3,3,3,0.999,,1E-3,,H6PD|REST|DKK3|UBIAD1|SRD5A2|ADM|PDSS2|GPRC6A|SCP2|SIRT5|DGKQ|COQ9|EGR1|BMP6|CREB1|ADCK2|COQ4|COQ6|PDSS1|COQ7|COQ8A|COQ8B|DAB2|INHBA|SIRT6|DKKL1|HSD17B3|LHB|RTN4IP1|HSD17B1|TPI1|CYP19A1|AKR1C3|BGLAP|FDX2|PRKG1|COQ5|STARD7|BMP5|GGCX|CACNA1H|FDXR|CLCN2|STARD3|COQ2|NDUFA9|COQ3|BMP2|PPTC7|CYP11B1|WNT4,https://www.gsea-msigdb.org/gsea/msigdb/human/geneset/GOBP_KETONE_BIOSYNTHETIC_PROCESS,51,ENR,GOBP_KETONE_BIOSYNTHETIC_PROCESS,1,1E-3,GOBP_KETONE_BIOSYNTHETIC_PROCESS,FALSE,GOBP_KETONE_BIOSYNTHETIC_PROCESS
3,3,3,3,0.999,,1E-3,,NSD2|SMO|ACVR1|WNT11|NOTCH2|CCN1|ANK2|SOX4|DAND5|GJA5|MDM4|ZFPM1|ISL1|TBX5|WNT5A|GATA4|HEY2|NKX2-5|TBX20|BMPR2|NPHP3|MDM2|TGFB2,https://www.gsea-msigdb.org/gsea/msigdb/human/geneset/GOBP_ATRIAL_SEPTUM_DEVELOPMENT,23,ENR,GOBP_ATRIAL_SEPTUM_DEVELOPMENT,1,1E-3,GOBP_ATRIAL_SEPTUM_DEVELOPMENT,FALSE,GOBP_ATRIAL_SEPTUM_DEVELOPMENT
159,3,3,3,0.999,,1E-3,,BMP4|REST|FOXA1|VWC2L|NEUROD2|NCOA1|UPF3B|DMD|EPO|NGF|BCL6|ZC4H2|CPNE1|TCF4|ATOH1|BNIP2|SOCS2|IMPACT|TGIF1|MAP1B|DKK1|NKX6-1|RHOA|SH3GL3|ARHGEF2|MEF2C|ECT2|BMP6|HMG20B|GATA2|S100B|GPRC5B|CXCL12|LIN28A|NBL1|BRINP1|EIF4G1|CYB5D2|TRIM32|GDPD5|ADRA2B|ADRA2C|NKX2-5|ASCL1|HOXD3|VWC2|BRINP2|HEYL|BRINP3|CDON|IRX3|RARA|TGIF2|FEZF1|FOXG1|FGF2|FGFR1|DAB1|GDF5|ETV5|DUOXA1|GDF6|ZEB1|TCF12|PROX1|NEUROD1|GDF7|SOX11|SPAG9|APP|NEUROG3|DLX1|DLX2|RNF112|NAP1L2|NRCAM|BMP7|KCTD11|BEND6|BMP2|MMD|SIN3A|SHOC2|FGF20|TCF3|PCP4|TRPC5|TRPC6,https://www.gsea-msigdb.org/gsea/msigdb/human/geneset/GOBP_POSITIVE_REGULATION_OF_NEURON_DIFFERENTIATION,88,ENR,GOBP_POSITIVE_REGULATION_OF_NEURON_DIFFERENTIATION,1,1E-3,GOBP_POSITIVE_REGULATION_OF_NEURON_DIFFERENTIATION,FALSE,GOBP_POSITIVE_REGULATION_OF_NEURON_DIFFERENTIATION
24,3,3,3,0.999,,1E-3,,CHRNA3|SLC30A1|CHRNB2|ADGRB3|GORASP1|YWHAH|SKOR2|TNIK|CAMK2B|LRP8|RAPGEF2|GPRASP3|PAFAH1B1|CDKL5|EEF2K|EPHA4|HECW1|SDC2|DBN1|SS18L1|GSK3B|HDAC6|NSMF|ANAPC2|RAP2A|PTPRD|CUX1|CAPRIN2|SEMA4D|EPHB2|PQBP1|CUX2|NEDD4L|NUMBL|TBC1D24|DHX36|DPYSL5|RAB21|PARP6|CDKL3|RELN|ANKRD27|STAU2|TLX2|ARMCX5-GPRASP2|LZTS1|NFATC4|KNDC1|NEUROG3|NEDD4|PPP3CA|ITPKA|SARM1|IL1RAPL1|HECW2|CUL7|STK11|BAIAP2|FZD4|CAPRIN1|NR2E1|TRPC5|FBXW8|OBSL1|TRPC6,https://www.gsea-msigdb.org/gsea/msigdb/human/geneset/GOBP_REGULATION_OF_DENDRITE_MORPHOGENESIS,65,ENR,GOBP_REGULATION_OF_DENDRITE_MORPHOGENESIS,1,1E-3,GOBP_REGULATION_OF_DENDRITE_MORPHOGENESIS,FALSE,GOBP_REGULATION_OF_DENDRITE_MORPHOGENESIS
93,3,3,3,0.999,,1E-3,,BMP4|CCL28|CDH1|WNT3A|CFL1|CCN3|HRG|GNA12|AKT1|BMP10|KRT16|CD200|NKX2-1|CD200R1|DAG1|OGT|CD300A|DLC1|GJA1|ADGRB1|ING1|STK24|CD69|CD74|TBX5|OSBPL8|JUP|RRAS|SPRED1|CNN2|MCC|PDCD10|PPARD|CRK|GSK3B|HDAC1|SLURP1|HMGB1|RAP2A|RGCC|CX3CL1|IFITM1|ATP1B2|CXCL12|CXCL13|EMILIN2|GADD45A|EPPIN|ADORA3|BRMS1|CYP19A1|TIE1|DDT|DSG3|CLDN19|TMIGD3|IDH2|DAB2IP|DPEP1|DPP4|IGFBP3|DRD2|ELANE|DUSP10|EMILIN1|PIP5KL1|AGTR2|ARPIN|DNAI3|ADORA1|SPOCK3|AFDN|BCL2|KANK1|PFN2|MMRN2|SP100|GATA3|BRAF|GCSAM|GDF15|SRGAP2C|NR2F2|TACSTD2|TMEFF2|GPR18|ADIPOR1|AP1AR|GREM1|PLCB1|HOXA7|TPM1|CYGB|RBBP4|MCTP1|IL33|SEMG1|ACVR1C|SEMG2|ADAM15|DCN|BMERB1|CLDN3|CLDN5|CLIC4|GNRH1|HDAC5|KLRC4-KLRK1|RAP2C|RNF20|ERBB4|ITGB1BP1|KLRK1|IL24|PTEN|ROBO4|LRCH1|MAGI2|PTPRG|RHOA|STC1|MEF2C|NGFR|MIF|TRIB1|MMP28|NRG3|HDAC6|ADARB1|ARHGAP4|NFE2L2|NBL1|TNF|NEDD9|NF1|ARHGDIB|SFRP2|RABGEF1|PADI2|TBXA2R|CITED2|ING2|SEMA6D|VASH1|PTGER4|NDRG4|NF2|RECK|PTPRJ|PTPRO|SPINT2|RAC1|ARID2|PTPN1|PTPN2|RIN3|IL4|RIPOR2|MEOX2|SHH|ENG|TGFBR1|TCAF1|ARID4A|ARID4B|NISCH|SERPINE1|PLXNB3|ZMYND8|SLAMF8|PTPN23|SLIT2|PIN1|SIN3A|ABHD2|STAP1|MAPK15|TMEM196|MIA3|MITF|APOE|APOH|THBS1|SYNJ2BP|THY1|PATZ1|PPARG|TNFAIP6|BST2|CCDC125|CARD10|MAP2K5|SCAI|WASL|NAV3|CD63|WNT5A|SRGAP1|SRGAP3|CDH11|SERPINB1|IGFBP5|DUSP22|BRMS1L|SAP130|SAP30|SAP30L|SINHCAF|ATP2B4|PTPRK|PTPRR|PTPRT|PTPRU|DNAJA4|TGFBR3|SERPINF1|CLASP1|DLG5|CLASP2|ADGRG1|MYOCD|ANGPT4|LDLRAD4|DLL4|KRIT1|LRP1|STARD13|SRF|SVBP|TET1|LIMCH1|HMOX1|SMAD7|RHOB|PODN|COL3A1|SIN3B|SRGAP2B|SUDS3|MIIP|NEXMIF|CORO1C|FBLN1|NOG|SFRP1|ABHD6|WAS|ALOX15B|ACVRL1|EVL|ANGPT2|JAG1|RNF41|CERS2|CORO1B|ADAMTS9|SRGAP2|HAS1|CHRD|DUSP3|ABCC8|EPHA4|EPPK1|FUZ|RAP2B|BMPR1A|FIGNL2|EPHA1|FRMD5|PTPRM|DACH1|GPR173|GSTP1|TNN|TP53INP1|DUSP1|VCL|HDAC2|MACIR|TIMP1|ZEB2|STAT3|HYAL2|MMRN1|TGFB1|NOTCH1|ARRDC3|FGF2|GHRL|NRP1|GHSR|MARVELD3|DPYSL3|PHLDB2|PLXNA3|CSNK2B|GTPBP4|PRKG1|CYP1B1|ADIPOQ|ROBO1|ROBO2|ADTRP|STK26|AIF1|RYK|SEMA3F|SEMA5A|APOD|NODAL|IL27RA|SLIT1|BCR|BMP5|FOXO3|ADA|NHERF1|C5|KLF4|C5AR2|CTNNA1|CALR|RBBP7|WNT3|WNT4|CCL2|CCL21|SULF1|MECP2|CCL25,https://www.gsea-msigdb.org/gsea/msigdb/human/geneset/GOBP_NEGATIVE_REGULATION_OF_LOCOMOTION,330,ENR,GOBP_NEGATIVE_REGULATION_OF_LOCOMOTION,1,1E-3,GOBP_NEGATIVE_REGULATION_OF_LOCOMOTION,FALSE,GOBP_NEGATIVE_REGULATION_OF_LOCOMOTION
24,3,3,3,0.999,,1E-3,,CHRNA3|DOCK10|ABI2|CHRNB2|MINK1|CFL1|CHRNA7|YWHAH|ATG16L1|DIP2A|RERE|CAMK2B|WASL|ATP7A|RAPGEF2|GPRASP3|PAFAH1B1|CDC42|SIPA1L1|PDLIM5|GSK3B|RAP2A|SULT4A1|VLDLR|MAPK8IP2|KLF7|SLITRK5|HPRT1|SLC11A2|DTNBP1|EPHB2|CUX2|NEDD4L|KIDINS220|LZTS3|EFNA1|ELAVL4|NUMBL|KIF1A|PHACTR1|PARP6|CDKL3|CELSR2|ANKRD27|MAP2|TLX2|LZTS1|CC2D1A|SRCIN1|NEUROG3|NLGN1|ARHGAP44|CTNND2|NEDD4|PPFIA2|SHANK1|SHANK3|DLG4|ABITRAM|IL1RAPL1|CDK5|CDK5R1|STK11|BAIAP2|FZD4|CAPRIN1|TANC2|ZNF365|PICALM|SLC30A1|FYN|TRAK1|ADGRB3|TRAK2|ARHGAP33|GORASP1|ITGB1|SKOR2|ABI3|TNIK|DSCAM|CTNNA2|LRP8|PTEN|CDKL5|DCDC2|EEF2K|EPHA4|HECW1|SDC2|DBN1|SS18L1|HDAC6|NSMF|ANAPC2|IGF2BP1|PTPRD|SEMA3A|CUX1|CAPRIN2|SEMA4D|PQBP1|PAK3|TBC1D24|MEF2A|NGEF|NRP1|WNT7A|TMEM106B|DHX36|DPYSL5|MAP6|PTN|ARC|PREX2|RAB21|RAC1|RELN|FARP1|STAU2|ARMCX5-GPRASP2|NFATC4|BTBD3|DVL1|EPHB1|KNDC1|LRP4|TAOK2|PPP3CA|ITPKA|SARM1|TPBG|HECW2|CUL7|LRRK2|ZDHHC15|ABI1|NR2E1|EPHB3|TRPC5|FBXW8|OBSL1|TRPC6,https://www.gsea-msigdb.org/gsea/msigdb/human/geneset/GOBP_DENDRITE_MORPHOGENESIS,143,ENR,GOBP_DENDRITE_MORPHOGENESIS,1,1E-3,GOBP_DENDRITE_MORPHOGENESIS,FALSE,GOBP_DENDRITE_MORPHOGENESIS
50,3,3,3,0.999,,1E-3,,CHST5|CHST6|CHST7|CHST8|CHST9|ANGPT1|CHSY1|CHSY3|CANT1|CSGALNACT1|ST3GAL2|CSGALNACT2|CYTL1|DSE|EXTL2|FAM20B|FOXL1|NDST2|GLCE|HS2ST1|HS3ST1|HS3ST2|HS3ST3A1|HS3ST3B1|HS3ST4|HS3ST6|HS6ST1|CHST2|HS6ST2|EXTL3|HS6ST3|MUSTN1|NDST1|NDST3|NDST4|HS3ST5|PXYLP1|SLC10A7|CTNNB1|IGF1|SLC35D2|EXT1|TCF7L2|UST|XYLT1|SLC35B2|XYLT2|B3GAT3|B4GALT4|TM9SF2|SLC2A10|BMPR2|EXT2|B3GALT6|GAL3ST4|B3GAT1|ST3GAL1|B3GAT2|ST3GAL3|B3GNT2|B3GNT3|B3GNT4|B3GNT7|ST3GAL6|VANGL2|B4GALT7|B4GAT1|BMPR1B|ST3GAL4|CHPF|CHPF2|CHST1|EXTL1|CHST10|CHST11|CHST12|CHST13|UGDH|CHST14|CHST3,https://www.gsea-msigdb.org/gsea/msigdb/human/geneset/GOBP_PROTEOGLYCAN_BIOSYNTHETIC_PROCESS,80,ENR,GOBP_PROTEOGLYCAN_BIOSYNTHETIC_PROCESS,1,1E-3,GOBP_PROTEOGLYCAN_BIOSYNTHETIC_PROCESS,FALSE,GOBP_PROTEOGLYCAN_BIOSYNTHETIC_PROCESS
157,3,3,3,0.999,,1E-3,,EDDM3A|DBH|MTNR1A|TH|GABRB3|MBD2|NR3C1|HCN1|NCOA1|TAC1|EDNRB|HEXB|P2RX1|THRA|P2RY1|SERPINE2|THRB|KLK14|PTEN|ACVR2A|DRD1|APP|OPRK1|DMRTA1|FUOM|OXT|AVP|DRD5|NHLH2|AVPR1A|UBE2Q1|GAL|CREBRF|FEV|ABAT|PPP1R1B|SLC6A4|PI3|ADA|MAPK8IP2|BRINP1|DDO|NPAS1|ZFY|HDAC2|PPP1R9B|TACR1|SEMG1,https://www.gsea-msigdb.org/gsea/msigdb/human/geneset/GOBP_REPRODUCTIVE_BEHAVIOR,48,ENR,GOBP_REPRODUCTIVE_BEHAVIOR,1,1E-3,GOBP_REPRODUCTIVE_BEHAVIOR,FALSE,GOBP_REPRODUCTIVE_BEHAVIOR
38,3,3,3,0.999,,1E-3,,FFAR4|SOX13|SIX1|PIM1|TFE3|NAPEPLD|INS|BMP7|HNRNPU|PTGS2|VSTM2A|FNDC5|MAPK14|RREB1|ZBTB7B|METRNL,https://www.gsea-msigdb.org/gsea/msigdb/human/geneset/GOBP_POSITIVE_REGULATION_OF_BROWN_FAT_CELL_DIFFERENTIATION,16,ENR,GOBP_POSITIVE_REGULATION_OF_BROWN_FAT_CELL_DIFFERENTIATION,1,1E-3,GOBP_POSITIVE_REGULATION_OF_BROWN_FAT_CELL_DIFFERENTIATION,FALSE,GOBP_POSITIVE_REGULATION_OF_BROWN_FAT_CELL_DIFFERENTIATION
,3,3,3,0.999,,1E-3,,DCHS1|MOB1B|MOB4|SHANK2|SIKE1|AMOT|STRIP1|AMOTL2|STRN4|WWC2|WWC3|LATS1|LATS2|STRN3|NUAK2|AARS1|LIMD1|MAP2K3|PPP2CA|AMOTL1|CORO7|CIT|YWHAE|MAP4K4|TEAD2|SRC|DLG5|VCP|PPP2R1A|STK3|STK4|ARRDC3|VGLL4|PRP4K|FAT4|FRMD6|WWTR1|MOB1A|NF2|TEAD3|SLMAP|YAP1|FRMD1|SIRT1|MOB3B|NEK8|SCHIP1|TIAL1|MARK3|WTIP|MAPK14|SOX11|IQCJ-SCHIP1|WWC1|TEAD4|SAV1|TEAD1|AJUBA,https://www.gsea-msigdb.org/gsea/msigdb/human/geneset/GOBP_HIPPO_SIGNALING,58,ENR,GOBP_HIPPO_SIGNALING,1,1E-3,GOBP_HIPPO_SIGNALING,FALSE,GOBP_HIPPO_SIGNALING
54,3,3,3,0.999,,1E-3,,EPHB1|EPHB2|RPL24|NDP|SLIT1|NRP1|ATOH7|PTPRM|NRCAM|PTPRO|SLIT2|VEGFA|ISL1|BMPR1B|EFNA5|EPHA7|ISL2|ALCAM|ROBO2|POU4F3|SEMA4F|EPHB3,https://www.gsea-msigdb.org/gsea/msigdb/human/geneset/GOBP_RETINAL_GANGLION_CELL_AXON_GUIDANCE,22,ENR,GOBP_RETINAL_GANGLION_CELL_AXON_GUIDANCE,1,1E-3,GOBP_RETINAL_GANGLION_CELL_AXON_GUIDANCE,FALSE,GOBP_RETINAL_GANGLION_CELL_AXON_GUIDANCE
104,3,3,3,0.999,,1E-3,,NOTCH1|EPHA8|ITGA3|ALAS1|GHSR|SRD5A1|SRD5A2|LHCGR|PAX8|INHBB|POR|EDN1|CCNA2|EDNRA|SCX|SLC5A5|NPR2|EFNA5|WT1|GCLC|GCLM|NSMF|GATA1|FSHR|INHBA|TGFBR3|TOP1|GATA6,https://www.gsea-msigdb.org/gsea/msigdb/human/geneset/GOBP_RESPONSE_TO_GONADOTROPIN,28,ENR,GOBP_RESPONSE_TO_GONADOTROPIN,1,1E-3,GOBP_RESPONSE_TO_GONADOTROPIN,FALSE,GOBP_RESPONSE_TO_GONADOTROPIN
62,3,3,3,0.999,,1E-3,,HIF1A|CHRNB2|NEUROD2|PRRT1|RP9|ADGRF1|SHISA7|TANC1|HTR2A|NLGN4X|LHCGR|NRXN2|NTRK1|BBS4|COMT|B2M|EIF2AK4|EPM2A|DEAF1|PAFAH1B1|RTL4|BCHE|CEBPB|CRHBP|GMPPA|CREB1|PSEN1|EN1|PPP1R1B|LMX1A|INS|INSR|ITGA5|VLDLR|MAPK8IP2|BRINP1|LRRN4|TAFA2|MAP1A|ATXN1L|CIC|GAREM2|DBH|NLGN4Y|NRXN3|PTCHD1|SCN2A|GABRA5|MEIS2|GABRB3|DRD2|PLK2|LCN2|ARL6IP5|SLC12A5|TACR2|ADORA1|GMFB|DRD5|ATAD1|RAPGEF3|TUBA1A|MAN2B1|BRAF|MME|PPT1|SHANK1|SHANK3|CDK5|GATM|PLCB1|PIAS1|CLN8|BTG2|ARF4|RCAN1|RCAN2|CALB1|FYN|ADGRB3|SHANK2|SLC8A2|ITGA3|CPEB3|GLP1R|DDHD2|C1QL1|CLDN5|ITGB1|TAC1|FOS|ATXN1|THRA|STRA6|KIT|PAK5|PAK6|PAIP2|PTEN|CLN3|DKK1|LARGE1|LGMN|PGRMC1|FZD9|FGF13|MEF2C|MDK|DGCR2|JAKMIP1|LINS1|TMPRSS11E|GRM5|GRPR|PRKCA|HRH1|TNF|TTC36|NEDD9|UCN|NF1|NPAS4|PRNP|FOXP2|SYNJ1|DOP1B|NSUN5|PIANP|KRAS|MAPT|CSMD1|TBR1|ABL1|PJA2|ADNP|NDRG4|CHD7|PTN|AGER|SLC1A1|CHRNA4|SLC8A3|NFATC4|SETD5|HTT|NCSTN|TMOD2|GALR3|NTRK2|SLC24A2|GRIN1|METTL23|YTHDF1|JPH3|EGFR|JPH4|TPBG|AFF2|GPR88|ST3GAL4|APOE|TACR1|AAAS|TIFAB|CHRNA7|TLR2|PRKAR1B|CAMK4|RIC8A|ABCA7|ATP1A2|AMFR|GPRASP3|SYNGAP1|CASP3|CHL1|CLSTN2|GRIN2B|NPTX2|NRGN|CCND2|CHMP2B|SORCS3|GTF2A1L|VDAC3|KCNAB1|BRSK1|NTAN1|S100B|PTPRZ1|WASHC4|CTNS|HLA-DRA|KMT2A|SERPINF1|HOXA1|PRKCG|ATP8A1|SLC11A2|DTNBP1|EPHB2|HMGCR|CUX2|EIF4A3|NTF4|ELAVL4|SLC17A7|SRF|FAM107A|TTC8|FEN1|IFT20|RASGRF1|GPR158|CNTN2|RGS14|KCTD16|SPECC1|FOXO6|NRXN1|B3GAT1|NOG|CBR3|NIPBL|DLG4|FOXB1|SLC2A4|B4GALT2|SNAP25|ASIC1|GIP|CHST10|SYT11|SYT4|CYFIP1|KAT2A|KAT2B|ITPR3|ROGDI|PICALM|MUSK|PLN|BLOC1S6|PRKAR2B|GRIA1|PDE8B|SLC6A1|CNTNAP2|MAGT1|ITGA8|MGAT3|DRD1|DRD3|ABCC8|DNAAF4|SOBP|SPG11|NETO1|POMK|GNAS|SLC6A4|SLC7A11|TUSC3|KIAA0319|CHRM1|GRIN2A|TSC1|SLC1A4|VPS13B|PPP1R9B|BTBD9|CRH|GALR2|ZNF385A|PRKN|PPP3CB|EIF4EBP2|NLGN3|TREM2|GPR155|CAMK2N1|TH|GHSR|VDAC1|BGLAP|KLK8|ARC|SLITRK4|RELN|LILRB2|DCAF11|ARMCX5-GPRASP2|APP|OPRK1|OXT|DNAH11|PDE1B|CEBPA|GM2A|SLC6A3|TACO1|TTBK1|ACSS2|KCNK2|EP300|LDLR|TNR|ADCY1|NTSR1|C5AR1|RAG1|ADCY3|SGK1|MAPK1|CCL11|ADCY8|C12ORF57|SHROOM4|ADAM2|GIT1|MECP2|CRTC1|GPI|MFSD2A,https://www.gsea-msigdb.org/gsea/msigdb/human/geneset/GOBP_COGNITION,324,ENR,GOBP_COGNITION,1,1E-3,GOBP_COGNITION,FALSE,GOBP_COGNITION
3,3,3,3,0.999,,1E-3,,BMP4|MYC|HAND2|HIF1A|FOXA1|WNT11|FOXF2|WNT3A|PITX2|CFL1|ACTA1|SIX1|ACTC1|FGF9|NKX2-1|ADAMTS5|DPPA4|WNT8A|TCF21|TBX5|KBTBD8|MARK1|RDH10|CDC42|SPRED1|SPRED2|SPRED3|LAMA5|BNC2|NUP133|PPP2CA|GSK3B|HPN|SPRY1|SPRY2|IGF1|RBPJ|RGCC|PPP3R1|USF3|BAMBI|SIX4|MTOR|OVOL2|HEY1|HEYL|MDM2|MESP1|SIX2|SMO|TMEM100|NRTN|EFNA1|FOXC1|NCAM1|EOMES|COL1A1|DAB2IP|EDN3|EDNRB|VEGFA|MDM4|EMP2|PKD2|SCX|PRICKLE1|RFLNB|NCKAP1|SERPINB3|HEY2|TBX20|BMPR2|BCL2|ACTG2|TAF10|GATA3|RPS7|RADIL|SOX4|TBX3|ADIPOR1|ERBB3|GREM1|GSC|TCF15|IL1B|BCL9L|ADAM15|DCHS1|OLFM1|FGFR2|TCOF1|EDN1|EDNRA|NOTCH4|KITLG|ELL3|ERBB4|WT1|PTEN|VASN|DKK1|SDHAF2|EZH2|RANBP3L|MEF2C|MDK|NCLN|NRG1|SP6|GDNF|WNT10A|NOMO1|NRP2|HGF|NOMO3|HNRNPAB|OTUD5|PDCD4|LOXL2|DAB2|SEMA3A|SEMA3B|SEMA3C|SFRP2|TEAD2|SEMA3D|SEMA3E|SNAI1|SEMA3G|SEMA4B|SEMA4C|SEMA4D|SEMA4F|CITED2|SEMA4G|SEMA5B|SEMA6A|SEMA6B|SEMA6C|SEMA6D|EXOC4|POLR1B|SDCBP|WNT16|MSX1|EPB41L5|MSX2|PTK2|WWTR1|PAX2|AMER1|TBX1|ZNF703|KAT8|RET|SNAI2|AXIN2|ROCK1|RTN4|SHH|ENG|SOX10|TGFBR1|DACT3|SLC39A6|KLHL12|ALX1|PHACTR4|NOS3|BMP7|NOLC1|LRP6|CUL7|BMP2|ARB2A|ZNF750|FGF10|FGF8|SPSB3|SOX8|TGFB2|HMGA2|PDCD6|PEF1|EPHA3|FN1|KDM1A|ZFP36L1|MAD2L2|LIMS1|WNT5A|TRIM62|ACVR1|TIAM1|FAM83D|TASOR|FOXF1|S100A4|SMAD3|DDX17|MEOX1|DAND5|TGFBR3|CDH2|FRZB|TNXB|DLG5|DDX5|EFNB1|NKX2-5|LOXL3|LDLRAD4|SMAD2|APLNR|SEMA7A|OSR1|SMAD7|BASP1|TGFB3|MCRIP1|HAND1|CORO1C|CPLANE2|FOXC2|NEDD4|NOG|HOXA5|WNT2|ZFPM2|FOXA2|SFRP1|TRIM28|TWIST1|AMELX|HAS2|TBX2|ACVRL1|APLF|JAG1|ZIC3|PDPN|AMH|DSG2|ACTA2|EPHA4|POFUT2|CYP26C1|POGLUT1|AGT|FOXD1|FUZ|BMPR1A|TGFB1I1|CTNNB1|EXT1|TCF7L2|HES1|APC|TGFBR2|FOLR1|ISL1|PTK7|SMAD4|GATA4|HDAC2|TAPT1|ZEB2|AKNA|TGFB1|NOTCH1|FGFR1|NRP1|GATA5|YAP1|HTR2B|CRB2|ADAM8|ROBO1|ROBO2|QKI|SEMA3F|CRELD1|SEMA5A|NODAL|LEF1|SLC39A10|FBXL17|IL6|IL17RD|BMP5|RBM24|TGFBR3L|ALDH1A2|FBXO11|FOXH1|ROCK2|MAPK1|MAPK3|SEMA4A|FERMT2|WNT4|DLL3|FGF19|STAT1|SOX9|GCNT2|GLIPR2|LRG1|ZFP64,https://www.gsea-msigdb.org/gsea/msigdb/human/geneset/GOBP_MESENCHYME_DEVELOPMENT,310,ENR,GOBP_MESENCHYME_DEVELOPMENT,1,1E-3,GOBP_MESENCHYME_DEVELOPMENT,FALSE,GOBP_MESENCHYME_DEVELOPMENT
97,3,3,3,0.999,,1E-3,,IL6R|MMRN1|CCL5|IL6|MFSD2B|TNFSF11|HTR2A|CTNNB1|CTSG|IL6ST|ANK3|PLPP3|EMILIN1|EMILIN2|PDPN|JAK1|JAK2|F11R|GP6|PLAUR,https://www.gsea-msigdb.org/gsea/msigdb/human/geneset/GOBP_POSITIVE_REGULATION_OF_HOMOTYPIC_CELL_CELL_ADHESION,20,ENR,GOBP_POSITIVE_REGULATION_OF_HOMOTYPIC_CELL_CELL_ADHESION,1,1E-3,GOBP_POSITIVE_REGULATION_OF_HOMOTYPIC_CELL_CELL_ADHESION,FALSE,GOBP_POSITIVE_REGULATION_OF_HOMOTYPIC_CELL_CELL_ADHESION
162,3,3,3,0.999,,1E-3,,PRMT5|PALM|ALK|DRD2|KLF16|SLC1A1|RGS4|GNAO1|RGS9|DRD1|DRD3|DRD4|RGS8|GNA11|GNA14|DRD5|NCSTN|ARRB2|GSK3A|VPS35|GNB5|GSK3B|FLNA|GNAL|GNAS|GNG2|NHERF1|CAV2|PTGER1|ADCY5|ADCY6|LRRK2|GNB1|DTNBP1,https://www.gsea-msigdb.org/gsea/msigdb/human/geneset/GOBP_G_PROTEIN_COUPLED_DOPAMINE_RECEPTOR_SIGNALING_PATHWAY,34,ENR,GOBP_G_PROTEIN_COUPLED_DOPAMINE_RECEPTOR_SIGNALING_PATHWAY,1,1E-3,GOBP_G_PROTEIN_COUPLED_DOPAMINE_RECEPTOR_SIGNALING_PATHWAY,FALSE,GOBP_G_PROTEIN_COUPLED_DOPAMINE_RECEPTOR_SIGNALING_PATHWAY
84,3,3,3,0.999,,1E-3,,SORBS1|PPP1CA|IGF1|IGF2|AKT1|AKT2|INS|INSR|IRS1|PPP1R3B|IRS2|PPP1R3E|DYRK2|PPP1R3G|EPM2AIP1|PTH|GCK,https://www.gsea-msigdb.org/gsea/msigdb/human/geneset/GOBP_POSITIVE_REGULATION_OF_GLYCOGEN_BIOSYNTHETIC_PROCESS,17,ENR,GOBP_POSITIVE_REGULATION_OF_GLYCOGEN_BIOSYNTHETIC_PROCESS,1,1E-3,GOBP_POSITIVE_REGULATION_OF_GLYCOGEN_BIOSYNTHETIC_PROCESS,FALSE,GOBP_POSITIVE_REGULATION_OF_GLYCOGEN_BIOSYNTHETIC_PROCESS
44,3,3,3,0.999,,1E-3,,STAT3|BCDIN3D|BMP4|PRKRA|TGFB1|IL6|TP53|TRUB1|DGCR8|LIN28A|LIN28B|RIPK1|ZMPSTE24|TARBP2|ZC3H10,https://www.gsea-msigdb.org/gsea/msigdb/human/geneset/GOBP_REGULATION_OF_REGULATORY_NCRNA_PROCESSING,15,ENR,GOBP_REGULATION_OF_REGULATORY_NCRNA_PROCESSING,1,1E-3,GOBP_REGULATION_OF_REGULATORY_NCRNA_PROCESSING,FALSE,GOBP_REGULATION_OF_REGULATORY_NCRNA_PROCESSING
7,3,3,3,0.999,,1E-3,,ESR2|HIF1A|CDH1|WNT3A|CFL1|CCN3|HRG|SPP1|CDA|ADRB3|BMP10|HSPA1B|GJA1|ING1|ENPP1|TBX5|NTN1|PPARD|GSK3A|PTK6|MYL2|CDKN2AIP|BTG1|MT3|FOXP1|FXN|STK3|STK4|PTCH1|TSPYL2|MAG|CDKL3|DCC|DUSP10|NPPA|FSTL4|NPR1|IFRD1|ADRB1|AGTR2|P3H1|BMPR2|CGA|BCL2|TP53|PPT1|SAV1|SIPA1|GDF15|MT1A|MT1B|MT1E|SOX17|MT1F|CDK5|MT1H|PLAC8|MT1M|ADIPOR1|MT1X|TMPRSS4|MT2A|RB1|GDF9|ADAM15|WWC2|WWC3|BBS2|CTDP1|EAF2|SOCS2|RNF6|WT1|EPHA7|PTEN|RAI1|LGMN|TLL2|FGF13|BCL11A|DIP2B|HDAC6|MSTN|PAK1|ARHGAP4|DAB2|SFRP2|RGS2|SEMA3G|CAPRIN2|SEMA4F|SEMA6C|SEMA6D|SLIT3|MSX1|PTPRJ|PTPRS|BRCA1|RTN4|CCDC85B|SPAG9|CDKN2A|CGRRF1|DACT3|NAIF1|SH3BP4|NDRG3|OSGIN1|ZC3H12D|OSGIN2|OSTN|SLIT2|SCGB3A1|SERTAD2|SERTAD3|PRDM11|ST7L|PHB1|TMEM196|TP53TG5|TGFB2|CAV3|RERG|ADRB2|JARID2|BST2|CCAR2|ATG16L1|WNT5A|IGFBP5|SESN2|PI16|CDHR2|SMAD3|PML|RACK1|FRZB|EI24|CDKN2C|CDKN2D|CRLF3|DCUN1D3|FHL1|RGS4|TOMM70|SMARCA2|SMARCA4|TP73|MAP2|PSRC1|GNG4|NOG|SPHK2|STC2|SFRP1|HSPA1A|STK11|DDX3X|ALOX15B|HNF4A|YY1|ACVRL1|TRIM46|BCL6|SESN1|SERPINE2|ACVR1B|SPART|CDKN1A|CDKN1B|DCSTAMP|GNAS|ENO1|SLC6A4|MT1G|HYAL1|INHBA|KIAA0319|NME6|SMAD4|PPP1R9B|GPC3|PPARA|HYAL2|MYOZ1|TGFB1|ULK1|VGLL4|ULK2|NRP1|CRYAB|TCHP|MINAR1|PLXNA3|RGMA|CYP27B1|MAPK11|DRAXIN|RTN4R|DNAJB2|RYK|SEMA3F|SEMA5A|TRIM40|WWC1|IP6K2|SLIT1|ING4|ING5|BDKRB1|JADE1|DCBLD2|KCNK2|RBP4|TNR|FBP1|WFDC1|G6PD|RBBP7|WNT3|FGFR3,https://www.gsea-msigdb.org/gsea/msigdb/human/geneset/GOBP_NEGATIVE_REGULATION_OF_GROWTH,221,ENR,GOBP_NEGATIVE_REGULATION_OF_GROWTH,1,1E-3,GOBP_NEGATIVE_REGULATION_OF_GROWTH,FALSE,GOBP_NEGATIVE_REGULATION_OF_GROWTH
6,3,3,3,0.999,,1E-3,,SMO|TCTN1|BMP4|FOXA1|WNT3A|FKBP8|PSEN1|PTCH1|RNF220|TULP3|GLI3|GPR161|GSC|TBC1D32|WDR19|SHH|PAX7,https://www.gsea-msigdb.org/gsea/msigdb/human/geneset/GOBP_DORSAL_VENTRAL_NEURAL_TUBE_PATTERNING,17,ENR,GOBP_DORSAL_VENTRAL_NEURAL_TUBE_PATTERNING,1,1E-3,GOBP_DORSAL_VENTRAL_NEURAL_TUBE_PATTERNING,FALSE,GOBP_DORSAL_VENTRAL_NEURAL_TUBE_PATTERNING
161,3,3,3,0.999,,1E-3,,CTCFL|PIK3CA|ARID4A|ARID4B|GSK3A|CTCF|PRMT7|IGF2|ZDBF2|TRIM28|ZFP57|DIRAS3|EED|KDM1B|MTA2|MYCN|NDN|DNMT3A|DNMT3L|CDKN1C|MECP2,https://www.gsea-msigdb.org/gsea/msigdb/human/geneset/GOBP_GENOMIC_IMPRINTING,21,ENR,GOBP_GENOMIC_IMPRINTING,1,1E-3,GOBP_GENOMIC_IMPRINTING,FALSE,GOBP_GENOMIC_IMPRINTING
13,3,3,3,0.999,,1E-3,,SCN10A|SCN1A|CAV3|SCN1B|SCN3A|SCN3B|SCN4B|SCN5A|KCNJ2|SLMAP|TRPM4|YWHAH|ATP1A2|SCN2B|HCN4|CACNA1C|CACNA2D1|SCN11A|KCNH2|ANK2|ANK3|HCN2|RANGRF|CLCN2|GJA5|CACNA1D|CACNA1G|PTPN3|SLC8A1|CACNB2,https://www.gsea-msigdb.org/gsea/msigdb/human/geneset/GOBP_MEMBRANE_DEPOLARIZATION_DURING_ACTION_POTENTIAL,30,ENR,GOBP_MEMBRANE_DEPOLARIZATION_DURING_ACTION_POTENTIAL,1,1E-3,GOBP_MEMBRANE_DEPOLARIZATION_DURING_ACTION_POTENTIAL,FALSE,GOBP_MEMBRANE_DEPOLARIZATION_DURING_ACTION_POTENTIAL
,3,3,3,0.999,,1E-3,,IRF3|FGF5|MSX1|PDGFRA|MSX2|SRSF1|P2RY1|EDN1|PLA2G10|TBX6|NEUROD1|EPCAM|RELA|TRAF3IP2|PAX6|TRAF5|SMAD3|SOX17|CER1|DAND5|NFKBIA|GSC|TRAF2|IKBKB|FGF8|NFKB1|HNF4A|PARP1|MESP1,https://www.gsea-msigdb.org/gsea/msigdb/human/geneset/GOBP_SIGNAL_TRANSDUCTION_INVOLVED_IN_REGULATION_OF_GENE_EXPRESSION,29,ENR,GOBP_SIGNAL_TRANSDUCTION_INVOLVED_IN_REGULATION_OF_GENE_EXPRESSION,1,1E-3,GOBP_SIGNAL_TRANSDUCTION_INVOLVED_IN_REGULATION_OF_GENE_EXPRESSION,FALSE,GOBP_SIGNAL_TRANSDUCTION_INVOLVED_IN_REGULATION_OF_GENE_EXPRESSION
13,3,3,3,0.999,,1E-3,,CHRNA1|CHRNA3|CHRNB1|CHRNB2|MTMR2|CHRNB4|ADRB2|CHRNA7|CHRND|CHRNE|CHRNG|PRKAR1B|NLGN4X|AKT1|RIMS2|GLRA1|P2RX7|SEZ6|CELF4|RGS7|KCND2|ARRB2|GSK3A|GSK3B|GRIN2B|GRIN2D|SSH1|MAPK8IP2|P2RX6|CUX2|GABRA1|GABRA2|EIF4A3|GABRA3|GABRA4|GABRA5|SLC17A7|GABRA6|GABRB2|GABRB3|BEGAIN|GABRD|CHRFAM7A|GABRG2|GABRG3|DRD2|GABRR2|GLRA2|RGS4|GLRA3|GLRB|ADRB1|ADORA1|NLGN1|KCTD16|NLGN2|NRXN1|INSYN1|INSYN2A|SHANK1|SHANK3|DLG4|P2RX2|CDK5|GRIA3|TMEM25|GRIK1|BAIAP2|GRIK2|GRIK5|RIMS1|SLC8A2|ADORA2A|UNC13B|GABRB1|HCN1|GRIA1|GRIN3B|ATXN1|P2RX1|PTEN|TRPV1|CBLN1|S1PR2|DRD4|MEF2C|NETO1|STX1A|TMEM108|STX1B|GRID1|GRM1|GRM5|NOS1|SNCA|CHRNA2|CHRNA5|SLC29A1|CHRNA6|CHRNB3|GRIA2|GRID2|GRIK4|GRIN3A|HTR3A|HTR3B|HTR3C|HTR3D|HTR3E|MPP2|NPAS4|RAB3GAP1|CHRM1|GRIN2A|GRIN2C|P2RX4|KCNK1|PRKN|NLGN3|GRIA4|RGS7BP|TBC1D24|GHRL|WNT7A|SLC1A7|PTK2B|RELN|CHRNA4|SLC8A3|HCRT|APP|DVL1|CHRNA10|CHRNA9|ABAT|PPP3CA|GRIN1|MET|KCNA2|GABBR1|ZMYND8|NTSR1|NPFF|PRKCZ|LRRK2|NPY2R|P2RX3|GRIK3|P2RX5|DMPK|MECP2,https://www.gsea-msigdb.org/gsea/msigdb/human/geneset/GOBP_REGULATION_OF_POSTSYNAPTIC_MEMBRANE_POTENTIAL,151,ENR,GOBP_REGULATION_OF_POSTSYNAPTIC_MEMBRANE_POTENTIAL,1,1E-3,GOBP_REGULATION_OF_POSTSYNAPTIC_MEMBRANE_POTENTIAL,FALSE,GOBP_REGULATION_OF_POSTSYNAPTIC_MEMBRANE_POTENTIAL
,3,3,3,0.999,,1E-3,,CBFB|CRTAM|DAPL1|SH3RF1|HFE|HLA-E|VSIR|NCKAP1L|CD274|RUNX1|RUNX3|SOCS1|LILRB1|XCL1|LILRB4|SLC4A2|ZBTB7B|HLA-A|MAPK8IP1|IRF1,https://www.gsea-msigdb.org/gsea/msigdb/human/geneset/GOBP_REGULATION_OF_CD8_POSITIVE_ALPHA_BETA_T_CELL_ACTIVATION,20,ENR,GOBP_REGULATION_OF_CD8_POSITIVE_ALPHA_BETA_T_CELL_ACTIVATION,1,1E-3,GOBP_REGULATION_OF_CD8_POSITIVE_ALPHA_BETA_T_CELL_ACTIVATION,FALSE,GOBP_REGULATION_OF_CD8_POSITIVE_ALPHA_BETA_T_CELL_ACTIVATION
10,3,3,3,0.999,,1E-3,,CAV3|JARID2|DLL1|DUSP6|ADPRHL1|RARB|NLGN4X|RARG|FGF9|NPPC|AKT1|BMP10|RXRB|MYH6|IFT80|TBX5|CCNB1|CDK1|PSAPL1|TSKU|BNC2|PDLIM5|COL27A1|PI16|FES|GSK3A|MATN1|SORBS2|SPRY2|IGF1|PTPN11|RBPJ|IGF2|CER1|HLX|PRKAR1A|TGFBR3|LEP|LEPR|MAEL|NKX2-5|FOXP1|CYP19A1|MESP1|SMO|FXN|SMAD2|STK3|FOXC1|MYH10|STK4|DDR2|ECM1|PSAP|BASP1|PLAG1|NPPA|ATF2|RGS4|COMP|NPR2|TOMM70|ADRA1A|PROX1|TP73|ESR1|POC1A|FBLN5|AR|HEY2|TBX20|ZMPSTE24|CGA|BCL2|ACVR2B|BCL2L11|FOXC2|NOG|WNT2|SAV1|ZFPM2|PARP2|SERP1|MEIS1|YY1|TBX2|SKI|WWC2|WWC3|EVC|FGFR2|CTDP1|FOSL2|LATS1|EDN1|LATS2|ERBB4|WT1|PTEN|FGF7|PRLR|STC1|MEF2C|BMPR1A|RSPO2|NRG1|EXT1|PAK1|SLC6A4|SMAD1|ARX|TGFBR2|DIPK2A|SMPD3|RGS2|EHMT2|GATA4|UBE3A|HEG1|FLVCR1|MMP13|PPARA|TMEM38B|GATA6|CLDN18|KRAS|RARA|SASH3|NOTCH1|VGLL4|ABL1|FGF2|FGFR1|PIM1|GLI1|MSX2|NDRG4|CACNA2D2|IL7|YAP1|ARID2|POR|COL14A1|PRKG1|ACACB|AKAP6|MAPK11|THBS3|MAPK14|SHH|IER3IP1|TENM4|S1PR1|TGFBR1|WWC1|YBX3|KCNK2|RBP4|OSTN|RAG2|RUNX1|G6PD|FGF20|SOD1|FGF10|FGF8|FGFR3|SOX9|TGFB2,https://www.gsea-msigdb.org/gsea/msigdb/human/geneset/GOBP_ORGAN_GROWTH,169,ENR,GOBP_ORGAN_GROWTH,1,1E-3,GOBP_ORGAN_GROWTH,FALSE,GOBP_ORGAN_GROWTH
,3,3,3,0.999,,1E-3,,FGF13|RGS14|ARHGEF2|PAX6|ACTR3|ASPM|ACTR2|ETV5|INSC|ZBTB16|DOCK7|PARD3|TEAD3|SOX5|GOLGA2|RAB10|WNT9B|POU5F1|ING2,https://www.gsea-msigdb.org/gsea/msigdb/human/geneset/GOBP_ASYMMETRIC_CELL_DIVISION,19,ENR,GOBP_ASYMMETRIC_CELL_DIVISION,1,1E-3,GOBP_ASYMMETRIC_CELL_DIVISION,FALSE,GOBP_ASYMMETRIC_CELL_DIVISION
4,3,3,3,0.999,,1E-3,,PDGFB|SMO|GDNF|LIF|POU3F3|CTNNB1|WWTR1|PAX2|OSR1|PAX8|YAP1|LAMB2|GREM1|CD34|TCF21|NPHS2|WNT4|ADIPOQ|WNT9B|STAT1|SALL1|SIX2,https://www.gsea-msigdb.org/gsea/msigdb/human/geneset/GOBP_CELL_DIFFERENTIATION_INVOLVED_IN_METANEPHROS_DEVELOPMENT,22,ENR,GOBP_CELL_DIFFERENTIATION_INVOLVED_IN_METANEPHROS_DEVELOPMENT,1,1E-3,GOBP_CELL_DIFFERENTIATION_INVOLVED_IN_METANEPHROS_DEVELOPMENT,FALSE,GOBP_CELL_DIFFERENTIATION_INVOLVED_IN_METANEPHROS_DEVELOPMENT
4,3,3,3,0.999,,1E-3,,BMP4|HIF1A|FOXA1|WNT3A|SLC39A12|CFL1|LHX2|AMBRA1|GLMN|KAT5|RARG|RNF220|ZFP36L1|MKS1|GLI3|BRD2|DLC1|RALA|BBS4|FZD3|IFT122|ADM|PLXNB2|C2CD3|TGIF1|WNT5A|ATP6AP2|DEAF1|CASP3|PAX6|NUP133|PKD1|BCL10|NUP50|PSEN1|EN1|CBY1|EPHA2|MED12|OVOL2|SMO|PLXNA2|DACT1|STK3|DVL2|MTHFD1|STK4|SUFU|FKBP8|CLUAP1|PTCH1|SEC24B|IFT172|IFT52|IFT57|PKD2|PRICKLE1|PROX1|NCKAP1|WDR19|CTHRC1|SALL4|PFN1|STIL|NOG|RPS7|COBL|TULP3|FOXB1|SDC4|SOX17|FZD6|SFRP1|TMED2|TWIST1|RPGRIP1L|GSC|BMI1|CECR2|KAT2A|ITPK1|SKI|DCHS1|MTHFD1L|APAF1|LMO4|MTHFR|PLOD3|VASP|SSBP3|ARHGAP35|WDR83|PRKACB|CHRD|MIB1|LIAS|FUZ|IFT140|INTU|WNT1|LUZP1|TRIM71|HES1|HES5|GRHL3|NF1|FOLR1|TRAF6|PTK7|SEMA3C|SFRP2|TEAD2|LRP2|TSC1|TSC2|PHGDH|SEMA4C|CITED2|ZEB2|TCTN1|CELSR1|GRHL2|RARA|ST14|TGFB1|MARCKS|NOTCH1|ABL1|SCRIB|ZNF358|GLI2|PAX2|WDPCP|SPINT2|SPECC1L|RGMA|TBC1D32|TMEM107|GDF7|ARL13B|DVL1|SHH|PAX7|NODAL|CDK20|ALX1|PHACTR4|PRKACA|CC2D2A|TTBK2|BMP5|ALDH1A2|VANGL2|GPR161|TRAF3IP1|BMP7|OPA1|KDM2B|SPINT1|FGF8|KIF20B|DZIP1L|TGFB2,https://www.gsea-msigdb.org/gsea/msigdb/human/geneset/GOBP_NEURAL_TUBE_DEVELOPMENT,163,ENR,GOBP_NEURAL_TUBE_DEVELOPMENT,1,1E-3,GOBP_NEURAL_TUBE_DEVELOPMENT,FALSE,GOBP_NEURAL_TUBE_DEVELOPMENT
15,3,3,3,0.999,,1E-3,,KLHL10|BMP6|SRD5A1|PDGFRA|SRD5A2|BMP5|CTNNB1|LHCGR|HOXD13|TBX3|HSD17B3|LGR4|SYCP2|WT1|ASB1|AR|WNT9B|FGF10|FGF8|GREB1L|HOXA13|DHCR24|SHH,https://www.gsea-msigdb.org/gsea/msigdb/human/geneset/GOBP_MALE_GENITALIA_DEVELOPMENT,23,ENR,GOBP_MALE_GENITALIA_DEVELOPMENT,1,1E-3,GOBP_MALE_GENITALIA_DEVELOPMENT,FALSE,GOBP_MALE_GENITALIA_DEVELOPMENT
11,3,3,3,0.999,,1E-3,,AGO4|ANKRD31|SPO11|CCNE1|CCNE2|TERB1|TERB2|TRIP13|MRE11|PRDM9|SIRT7|HORMAD1|BRIP1|EHMT2|C14ORF39|MAEL|DMC1|NDC1|FANCD2|UBE2B|P3H4|C1ORF146|CCNB1IP1|KASH5|MAJIN|MCMDC2|MEIOC|IHO1|BAG6|MEI4|MLH3|TEX15|MND1|SPATA22|MSH4|MSH5|STAG3|PSMC3IP|SUN1|SYCE1|SYCE1L|SYCE2|RNF212|SYCP2|RNF212B|TEX12|SHOC1|SYCE3|SYCP1|TEX11|REC8|MLH1|ZCWPW1,https://www.gsea-msigdb.org/gsea/msigdb/human/geneset/GOBP_HOMOLOGOUS_CHROMOSOME_PAIRING_AT_MEIOSIS,53,ENR,GOBP_HOMOLOGOUS_CHROMOSOME_PAIRING_AT_MEIOSIS,1,1E-3,GOBP_HOMOLOGOUS_CHROMOSOME_PAIRING_AT_MEIOSIS,FALSE,GOBP_HOMOLOGOUS_CHROMOSOME_PAIRING_AT_MEIOSIS
3,3,3,3,0.999,,1E-3,,BMP4|SMAD2|NOTCH1|ADAMTS19|JAG1|NOTCH2|NOS3|ADAMTS5|GJA5|SLIT2|STRA6|ROBO1|ROBO2|SMAD6|NFATC1|HEY2|TBX20|HEY1|HEYL|TGFB2,https://www.gsea-msigdb.org/gsea/msigdb/human/geneset/GOBP_PULMONARY_VALVE_MORPHOGENESIS,20,ENR,GOBP_PULMONARY_VALVE_MORPHOGENESIS,1,1E-3,GOBP_PULMONARY_VALVE_MORPHOGENESIS,FALSE,GOBP_PULMONARY_VALVE_MORPHOGENESIS
23,3,3,3,0.999,,1E-3,,PRKCB|ZNF592|PID1|MAPKAP1|NCK1|PIP4K2A|PIP4K2B|PIP4K2C|PTPRJ|PTPN1|BLVRB|PTPN2|PRKCD|RPS6KB2|SLC27A4|ENPP1|SOCS1|GRB7|RELA|KANK1|PRKCQ|APPL2|GRB10|GSK3A|NCL|PTPRE|TRIB3|SOCS3|MSTN|TRIM72|INPP5K|IRS1|RPS6KB1|TNS2|CUL7|PRKCZ|TSC2|PRKAA1|MTOR|GPR21|GRB14|IL1B|LONP1|NCOA5|AHSG|FBXW8|RBX1,https://www.gsea-msigdb.org/gsea/msigdb/human/geneset/GOBP_NEGATIVE_REGULATION_OF_CELLULAR_RESPONSE_TO_INSULIN_STIMULUS,47,ENR,GOBP_NEGATIVE_REGULATION_OF_CELLULAR_RESPONSE_TO_INSULIN_STIMULUS,1,1E-3,GOBP_NEGATIVE_REGULATION_OF_CELLULAR_RESPONSE_TO_INSULIN_STIMULUS,FALSE,GOBP_NEGATIVE_REGULATION_OF_CELLULAR_RESPONSE_TO_INSULIN_STIMULUS
23,3,3,3,0.999,,1E-3,,ATP2B1|ZNF592|PPARG|USO1|NCOA1|C1QTNF12|NUCKS1|BLVRB|NR1H4|PRKCD|KBTBD2|SLC27A4|ENPP1|SOCS1|OSBPL8|SNX5|GRB7|MYO1C|PRKCQ|APPL2|GRB10|GSK3A|NCL|PTPRE|TRIB3|MSTN|PTPN11|IGF2|PAK1|TRIM72|SERPINA12|INPP5K|INS|CTSD|IRS1|RPS6KB1|TNS2|LEP|CUL3|TSC2|MTOR|LONP1|AHSG|PRKCB|PID1|MAPKAP1|NCK1|PIP4K2A|PIP4K2B|GPLD1|PIP4K2C|BGLAP|PTPRJ|PTPN1|SIRT1|PTPN2|ERFE|RPS6KB2|SORL1|ZBTB7B|RELA|KANK1|SORBS1|SOCS3|ECHDC3|ADIPOR1|CUL7|PRKCZ|NCOA2|PRKAA1|GKAP1|GPR21|GRB14|IL1B|NCOA5|FBXW8|RBX1,https://www.gsea-msigdb.org/gsea/msigdb/human/geneset/GOBP_REGULATION_OF_CELLULAR_RESPONSE_TO_INSULIN_STIMULUS,77,ENR,GOBP_REGULATION_OF_CELLULAR_RESPONSE_TO_INSULIN_STIMULUS,1,1E-3,GOBP_REGULATION_OF_CELLULAR_RESPONSE_TO_INSULIN_STIMULUS,FALSE,GOBP_REGULATION_OF_CELLULAR_RESPONSE_TO_INSULIN_STIMULUS
95,3,3,3,0.999,,1E-3,,CTSS|PIKFYVE|IFI30|HLA-DMA|HLA-DOA|HLA-DOB|CTSL|HLA-DQA1|HLA-DQA2|HLA-DQB1|HLA-DQB2|HLA-DRB5|B2M|CD74|CTSV|FCGR2B|LGMN|FCER1G|HLA-DPA1|HLA-DPB1|HLA-DRB1|UNC93B1|CTSE|CTSF|HLA-DMB|CTSD|HLA-DRA|TRAF6|DNM2,https://www.gsea-msigdb.org/gsea/msigdb/human/geneset/GOBP_ANTIGEN_PROCESSING_AND_PRESENTATION_OF_EXOGENOUS_PEPTIDE_ANTIGEN_VIA_MHC_CLASS_II,29,ENR,GOBP_ANTIGEN_PROCESSING_AND_PRESENTATION_OF_EXOGENOUS_PEPTIDE_ANTIGEN_VIA_MHC_CLASS_II,1,1E-3,GOBP_ANTIGEN_PROCESSING_AND_PRESENTATION_OF_EXOGENOUS_PEPTIDE_ANTIGEN_VIA_MHC_CLASS_II,FALSE,GOBP_ANTIGEN_PROCESSING_AND_PRESENTATION_OF_EXOGENOUS_PEPTIDE_ANTIGEN_VIA_MHC_CLASS_II
25,3,3,3,0.999,,1E-3,,WNT11|ACADM|DKK3|WNT3A|SRD5A1|LSR|AKT1|AKT2|NKX2-1|DUT|DEAF1|PCSK9|FASN|CEBPB|IRF6|NTN1|PDGFA|LAMA5|PAX6|NKX2-8|PKD1|RPS15|SERPINB5|IGF1|IGF2|INSR|IRS2|EPHA2|SIX4|CEACAM1|MESP1|SOX3|DRD2|PKD2|ESR1|MT-CO2|CGA|RB1CC1|RAP1GAP|NTN4|NOTCH2|OAS2|FOXE1|RPGRIP1L|CYP1A1|FA2H|UPRT|PITX1|LATS1|EAF2|CCDC39|TG|FGF7|EZH2|ARF6|NRG1|NRG3|TNF|ARHGAP5|MED1|SEMA3C|CUL3|TGM2|XBP1|ABL1|WNT7B|MAP2K2|MSX1|MSX2|PAX8|TBX1|ZNF703|SHH|RELA|SOX10|CEBPG|PIK3CA|PNPT1|UPF2|SOD2|EGFR|SLC46A2|JUN|FGF10|STAT5A|FKBP4|CAV1|CAV3|CD2AP|HMGA2|CPS1|CPT1A|ERRFI1|TNFAIP3|ATP2C2|PLXNA1|CCNB2|INHBB|OTP|IGFBP5|NKX2-3|TWSG1|PCK1|PCK2|FOXF1|PCNA|GATA2|ELK1|HOXA10|HOXA11|PML|HOXD13|HLX|SERPINF1|FRZB|BRCA2|CDKN1C|IGF2R|ESRP2|NR3C1|MPST|PSAP|PLAG1|TGFB3|ID2|OTC|BTBD7|PROP1|SMARCB1|SMARCC1|ZBTB1|ZBTB7B|HOXA5|PBX1|HOXA9|AREG|MAFB|SFRP1|POLB|SIX3|SOX2|TUBB1|TBX2|INSM1|TP63|LMO4|ASH1L|CCDC40|DBP|DNAAF1|GUCD1|ONECUT2|ZIC3|CDKN1B|ABCB1|CAD|PLXND1|PRKCSH|CTC1|CTNNB1|ID4|EXT1|IQGAP3|HES1|LIPA|CCKBR|MAP2K1|NME1|E2F7|E2F8|CRH|NAGLU|BTRC|TGFB1|NOTCH1|PRMT5|EZR|FGF2|FGFR1|NR5A2|NRP1|PDGFRA|GLI1|GLI2|PPDPF|PRDX2|RPS6KA1|ACAT1|ROBO1|AIRE|HNRNPD|NFIB|IL10|CEBPA|SLC6A3|IL6|ASXL1|CELA1|FOXH1|MAPK1|VTN|CCL11|MAPK3|LBH|WNT3|WNT4|NR0B1|FRS2|SOX9|ARID5B|EPHB3|FOXI3|ATP7B|HOXA3|NR5A1|BMP4|FEM1B|HAND2|HIF1A|FOXA1|ONECUT1|CDH1|HESX1|HK2|PGR|PITX2|VDR|RCBTB2|CLDN1|SIX1|PTF1A|HMGCS2|RARG|GLI3|DAG1|PDX1|TCF21|RAP1A|PSAPL1|CRKL|CREB1|CSF1|HPN|CSF1R|NKX3-1|PSEN1|RBPJ|SRC|KRT76|HOXD9|STAT6|HOXB3|SALL1|ASCL1|HOXD3|CYP19A1|CYP7B1|SMO|FOXC1|PTCH1|SRSF1|VEGFA|ATF2|SRSF5|PROX1|AR|AURKA|FADD|ZMPSTE24|BAX|BCL2|BCL2L11|TAF10|GATA3|BRAF|POU3F2|TBX19|TBX3|USF2|COA5|ASS1|ITGA2|FGFR2|THRA|EDN1|STRA6|EDNRA|NOTCH4|SOCS2|WDR77|ERBB4|WT1|GCM2|MDK|MMP2|GPX1|WNT10A|HGF|MSN|NPC1|NF1|IHH|UBE3A|CITED2|ELF5|PERP|KRAS|MAN2A1|CSMD1|SCRIB|PYGO2|PTN|SEC63|SNAI2|SRP54|RIPK3|RTN4|MTX1|CDKN2A|GFER|TGFBR1|GHRH|HOXB9|MET|PTCD2|BMP7|IGSF3|BMP2|POU1F1|EGF|STAT5B|FGF8|HOXA13|ZDHHC21|SOSTDC1|LRP5|TGFB2|TGFA|TNFRSF11A|JARID2|TNFSF11|CFLAR|RXFP1|EDA|EDAR|WNT5A|ARMC5|CCND1|CAPN1|CDK5RAP3|SMAD3|TFAP2C|HNF1A|CSNK2A2|HNF1B|TGFBR3|FOXN1|NFKB1|NKX2-5|PHB2|WLS|PHF2|FBXW7|APLN|SRF|CDO1|ELF3|CSN2|CSN3|BAAT|DDR1|NOG|WNT2|FGL1|COBL|FOXB1|UCP2|GHRHR|STK11|RAF1|CRIP1|ALOX15B|APOA1|ATM|SP3|NCOA1|MAD1L1|NCOR2|NEURL1|KDM5B|OXTR|HOXB13|TFCP2L1|UPB1|ARHGAP35|UGT1A10|SERPINE2|UGT1A7|UGT1A8|PRL|UGT1A9|CRIPTO|PRLR|FLT3|HIPK2|BMPR1A|WNT1|HSPA12A|SLC29A1|LAMA1|TGFBR2|LIMS2|TPH1|ISL1|JAK2|LHX3|SMAD4|RREB1|TSPO|XDH|GATA6|ACER1|RARA|SLC7A5|ASCL3|GPAT4|TYR|ETV5|BCL11B|GDF7|MYB|NPHP3|RHBDD3|NODAL|TNC|LEF1|CACNB4|ALDH1A2|ADA|ALDH1A3|NHERF1|RAG1|CLCN2|SOD1|SULF1|SULF2|BSX,https://www.gsea-msigdb.org/gsea/msigdb/human/geneset/GOBP_GLAND_DEVELOPMENT,447,ENR,GOBP_GLAND_DEVELOPMENT,1,1E-3,GOBP_GLAND_DEVELOPMENT,FALSE,GOBP_GLAND_DEVELOPMENT
6,3,3,3,0.999,,1E-3,,HAND2|HIF1A|WNT3A|PITX2|DLL1|CCDC40|DNAAF1|ZIC3|EDN1|IFT122|CCDC39|EDNRA|C2CD3|WNT5A|AHI1|SOX18|CDC42|MIB1|MEF2C|ACVR1|MEGF8|BBS5|BBS7|PSEN1|CTNNB1|SMAD3|HES1|NOTO|PLXNA4|TGFBR2|FOLR1|MED1|TEAD2|MICAL2|GATA4|IHH|NKX2-5|OVOL2|CITED2|RNF207|RYR2|MESP1|SMO|DVL2|FOXC1|NOTCH1|SUFU|SRF|APLNR|CLUAP1|NDRG4|IFT172|YAP1|IFT52|IFT57|PKD2|HAND1|NCKAP1|MKKS|FOXN4|GREB1L|TBX20|ARL13B|NPHP3|DVL1|SHH|ENG|ECE1|NODAL|STIL|SETDB2|ASB2|FOXC2|NOTCH2|APELA|SOX17|VANGL2|TBX3|TMED2|TRAF3IP1|FOXH1|GJA5|CIMAP3|FGF8|TBX2,https://www.gsea-msigdb.org/gsea/msigdb/human/geneset/GOBP_EMBRYONIC_HEART_TUBE_DEVELOPMENT,85,ENR,GOBP_EMBRYONIC_HEART_TUBE_DEVELOPMENT,1,1E-3,GOBP_EMBRYONIC_HEART_TUBE_DEVELOPMENT,FALSE,GOBP_EMBRYONIC_HEART_TUBE_DEVELOPMENT
46,3,3,3,0.999,,1E-3,,CNOT10|TENT4B|CNOT11|CNOT2|CNOT3|CNOT4|CNOT6|CNOT8|CNOT9|CPEB3|LSM1|CSDE1|DCP1A|DCP1B|ZFP36L1|DIS3|TNKS1BP1|PARN|YBX1|EIF4ENIF1|NOCT|IGF2BP1|DCPS|PABPC1|DCP2|NT5C3B|PATL1|CNOT6L|PATL2|DHX9|POLR2G|CNOT7|PNLDC1|PABPN1L|RC3H1|RC3H2|DHX36|PAIP1|SAMD4A|SAMD4B|HNRNPD|SYNCRIP|TNRC6A|PAN2|TNRC6B|PAN3|TNRC6C|TOB1|PDE12|HNRNPU|ZFP36L2|AGO2|BTG2|ZFP36|CAPRIN1|MLH1|CNOT1|TENT4A,https://www.gsea-msigdb.org/gsea/msigdb/human/geneset/GOBP_NUCLEAR_TRANSCRIBED_MRNA_CATABOLIC_PROCESS_DEADENYLATION_DEPENDENT_DECAY,58,ENR,GOBP_NUCLEAR_TRANSCRIBED_MRNA_CATABOLIC_PROCESS_DEADENYLATION_DEPENDENT_DECAY,1,1E-3,GOBP_NUCLEAR_TRANSCRIBED_MRNA_CATABOLIC_PROCESS_DEADENYLATION_DEPENDENT_DECAY,FALSE,GOBP_NUCLEAR_TRANSCRIBED_MRNA_CATABOLIC_PROCESS_DEADENYLATION_DEPENDENT_DECAY
2,3,3,3,0.999,,1E-3,,SKI|SLIT3|FEZF1|SRF|AGTPBP1|EOMES|LHX2|SEMA7A|CHD7|TTC8|ZIC1|FUT1|ZIC3|RAC1|ATF5|ATP1A2|ID2|OGDH|EFNA2|ERBB4|WNT5A|ROBO1|DLX5|ROBO2|CRTAC1|KIF14|DLX2|SLIT1|CSF1R|EXT1|ARX|SLIT2|RPGRIP1L|SEMA3A|LRRK2|NR2E1|SALL1,https://www.gsea-msigdb.org/gsea/msigdb/human/geneset/GOBP_OLFACTORY_LOBE_DEVELOPMENT,37,ENR,GOBP_OLFACTORY_LOBE_DEVELOPMENT,1,1E-3,GOBP_OLFACTORY_LOBE_DEVELOPMENT,FALSE,GOBP_OLFACTORY_LOBE_DEVELOPMENT
,3,3,3,0.999,,1E-3,,PIK3CG|TRIM46|UNC13A|UNC13B|UNC13C|USO1|KIF1A|KIF1B|KIF5A|KIF5B|RAB3A|MAP2|BAIAP3|KIF1C|PPFIA2|RASGRP1|SNAP25|CADPS|CADPS2|STXBP1|STXBP2|STXBP3|SYBU|SYT4|TANC2,https://www.gsea-msigdb.org/gsea/msigdb/human/geneset/GOBP_SECRETORY_GRANULE_LOCALIZATION,25,ENR,GOBP_SECRETORY_GRANULE_LOCALIZATION,1,1E-3,GOBP_SECRETORY_GRANULE_LOCALIZATION,FALSE,GOBP_SECRETORY_GRANULE_LOCALIZATION
17,3,3,3,0.999,,1E-3,,POLDIP2|THY1|ABL1|CFL1|HRG|NRP1|EPB41L5|PTPRJ|RAC1|VEGFA|S100A10|ITGB1BP1|LIMS1|ROCK1|DUSP3|COL16A1|MYOC|ARF6|IQSEC1|TEK|SMAD3|SDC4|SFRP1|PPM1F|PIK3R1|MAP4K4|FERMT2|TSC1|WNT4|KDR|MAPRE2,https://www.gsea-msigdb.org/gsea/msigdb/human/geneset/GOBP_POSITIVE_REGULATION_OF_CELL_SUBSTRATE_JUNCTION_ORGANIZATION,31,ENR,GOBP_POSITIVE_REGULATION_OF_CELL_SUBSTRATE_JUNCTION_ORGANIZATION,1,1E-3,GOBP_POSITIVE_REGULATION_OF_CELL_SUBSTRATE_JUNCTION_ORGANIZATION,FALSE,GOBP_POSITIVE_REGULATION_OF_CELL_SUBSTRATE_JUNCTION_ORGANIZATION
,3,3,3,0.999,,1E-3,,HAND2|RNF180|CHRNB2|INSM1|DDC|MOXD1|GCH1|EDNRA|COMT|EPAS1|ITGAM|ATP7A|PARK7|ITGB2|DRD1|DRD3|AOC2|MAOA|RTL4|DRD4|SLITRK1|SNCAIP|SNCA|HTR1A|KL|GRIN2A|HPRT1|PRKN|DBH|HDC|DAO|SNCB|SULT1A1|SULT1A2|TH|SULT1A3|GPR37|DRD2|NR4A2|SLC1A1|MAOB|NPR1|PAH|NT5DC2|PDE1B|VPS35|GNAT2|SLC6A3|ALDH2|GATA3|ABAT|TACR3|NPY|PNKD|PNMT|TGFB2,https://www.gsea-msigdb.org/gsea/msigdb/human/geneset/GOBP_CATECHOL_CONTAINING_COMPOUND_METABOLIC_PROCESS,56,ENR,GOBP_CATECHOL_CONTAINING_COMPOUND_METABOLIC_PROCESS,1,1E-3,GOBP_CATECHOL_CONTAINING_COMPOUND_METABOLIC_PROCESS,FALSE,GOBP_CATECHOL_CONTAINING_COMPOUND_METABOLIC_PROCESS
,3,3,3,0.999,,1E-3,,THBS1|RASD1|KCNC2|VEGFA|AGTR2|SPINK1|FPR1|SCARB1|NOS2|AGT|DDAH1|ATP2B4|NOS1|GUCY1A1|NOS3|CBS|GUCY1A2|GUCY1B1|INS|NPY2R|NDNF|CD36|KDR|APOE|RILPL1,https://www.gsea-msigdb.org/gsea/msigdb/human/geneset/GOBP_NITRIC_OXIDE_MEDIATED_SIGNAL_TRANSDUCTION,25,ENR,GOBP_NITRIC_OXIDE_MEDIATED_SIGNAL_TRANSDUCTION,1,1E-3,GOBP_NITRIC_OXIDE_MEDIATED_SIGNAL_TRANSDUCTION,FALSE,GOBP_NITRIC_OXIDE_MEDIATED_SIGNAL_TRANSDUCTION
41,3,3,3,0.999,,1E-3,,FYN|COL2A1|GFRAL|SGK3|NGF|AKT1|HSPA1B|MAP2K5|KITLG|EYA2|BAG3|GSK3A|STRADB|GSK3B|NRG1|GDNF|GATA1|IGF1|CX3CL1|TNF|INHBA|ITGAV|CSF2|HTRA2|NF1|IFI6|TERT|WWOX|MAPK7|PF4|PPP2R1A|MCL1|SRPX|FGFR1|IL1A|CASP2|PPP1CA|IL7|PRDX2|PPP2R1B|RET|SNAI2|MOAP1|LCN2|FADD|BAD|BAK1|UNC5B|BAX|BCL2|BCL2A1|BCL2L1|BCL2L10|BCL2L11|BCL2L2|IL2|BOK|MKNK2|FOXO3|KLF4|ERBB3|CTNNA1|GPR61|RIPK1|GPR62|HSPA1A|EYA1|EYA3|EYA4|FGF10|IL1B|C8ORF44-SGK3|TGFB2,https://www.gsea-msigdb.org/gsea/msigdb/human/geneset/GOBP_SIGNAL_TRANSDUCTION_IN_ABSENCE_OF_LIGAND,73,ENR,GOBP_SIGNAL_TRANSDUCTION_IN_ABSENCE_OF_LIGAND,1,1E-3,GOBP_SIGNAL_TRANSDUCTION_IN_ABSENCE_OF_LIGAND,FALSE,GOBP_SIGNAL_TRANSDUCTION_IN_ABSENCE_OF_LIGAND
93,3,3,3,0.999,,1E-3,,THBS1|SYNJ2BP|ACVRL1|PATZ1|PPARG|ANGPT2|DCN|HRG|CARD10|BMP10|ADGRB1|MAP2K5|HDAC5|ADAMTS9|ITGB1BP1|ROBO4|JUP|RHOA|STC1|SPRED1|MEF2C|PDCD10|ATP2B4|HMGB1|PTPRM|RGCC|TNF|CXCL13|DNAJA4|SERPINF1|GADD45A|TBXA2R|ANGPT4|DLL4|KRIT1|MMRN1|STARD13|TGFB1|NOTCH1|FGF2|SVBP|VASH1|DAB2IP|CSNK2B|AGTR2|MEOX2|MMRN2|SP100|NR2F2|KLF4|SLIT2|APOE|MECP2|APOH,https://www.gsea-msigdb.org/gsea/msigdb/human/geneset/GOBP_NEGATIVE_REGULATION_OF_ENDOTHELIAL_CELL_MIGRATION,54,ENR,GOBP_NEGATIVE_REGULATION_OF_ENDOTHELIAL_CELL_MIGRATION,1,1E-3,GOBP_NEGATIVE_REGULATION_OF_ENDOTHELIAL_CELL_MIGRATION,FALSE,GOBP_NEGATIVE_REGULATION_OF_ENDOTHELIAL_CELL_MIGRATION
6,3,3,3,0.999,,1E-3,,BMP4|TGFB1|FGF2|FGFR1|SIX1|GATA5|MSX1|HOXC11|EDN1|CD34|ROBO1|WNT2B|AR|ROBO2|DKK1|POU5F1|FGF1|NGFR|GATA3|GDNF|WNT2|CSF1|SPRY1|CTNNB1|HOXA11|BMP2|STOX1|SIX4|WNT4|FGF10|FGF8|FRS2|SOX9|SOX8|MESP1,https://www.gsea-msigdb.org/gsea/msigdb/human/geneset/GOBP_POSITIVE_REGULATION_OF_ANIMAL_ORGAN_MORPHOGENESIS,35,ENR,GOBP_POSITIVE_REGULATION_OF_ANIMAL_ORGAN_MORPHOGENESIS,1,1E-3,GOBP_POSITIVE_REGULATION_OF_ANIMAL_ORGAN_MORPHOGENESIS,FALSE,GOBP_POSITIVE_REGULATION_OF_ANIMAL_ORGAN_MORPHOGENESIS
51,3,3,3,0.999,,1E-3,,BMP4|HAND2|LNPK|BPNT2|GNA12|MKS1|GLI3|HOXC11|MYCN|ALX4|C2CD3|WNT5A|BMPR1A|IFT140|MEGF8|INTU|OSR2|HDAC1|CTNNB1|HOXA11|HOXD13|SFRP2|SMAD4|IHH|HDAC2|SALL1|FLVCR1|GRHL2|NOTCH1|MAP3K20|WNT7A|MSX1|MSX2|ZBTB16|OSR1|WDPCP|IFT52|B9D1|FREM2|LMBR1|PRICKLE1|TBC1D32|TMEM107|TMEM231|BAX|SHH|LRP4|BCL2L11|ECE1|CREBBP|NOG|TTBK2|TULP3|FZD6|TBX3|TRAF3IP1|TWIST1|CHST11|LRP5|TBX2,https://www.gsea-msigdb.org/gsea/msigdb/human/geneset/GOBP_EMBRYONIC_DIGIT_MORPHOGENESIS,60,ENR,GOBP_EMBRYONIC_DIGIT_MORPHOGENESIS,1,1E-3,GOBP_EMBRYONIC_DIGIT_MORPHOGENESIS,FALSE,GOBP_EMBRYONIC_DIGIT_MORPHOGENESIS
161,3,3,3,0.999,,1E-3,,CTCF|PRMT7|AXIN1|TET3|SUV39H2|MTA2|MYCN|DNMT1|NDN|DNMT3A|PADI6|DCAF13|DNMT3L|DDB1|ASIP|SUV39H1|CTCFL|PIK3CA|ARID4A|ARID4B|GSK3A|STPG4|IGF2|METTL23|ZDBF2|TRIM28|ZFP57|DIRAS3|DPPA3|TLE6|EED|KDM1B|ZNF445|CDKN1C|MORC1|MECP2,https://www.gsea-msigdb.org/gsea/msigdb/human/geneset/GOBP_EPIGENETIC_PROGRAMMING_OF_GENE_EXPRESSION,36,ENR,GOBP_EPIGENETIC_PROGRAMMING_OF_GENE_EXPRESSION,1,1E-3,GOBP_EPIGENETIC_PROGRAMMING_OF_GENE_EXPRESSION,FALSE,GOBP_EPIGENETIC_PROGRAMMING_OF_GENE_EXPRESSION
16,3,3,3,0.999,,1E-3,,XPO4|GAS6|GSK3B|RAPGEF3|PRP4K|CAMK1|PRKACA|RBM22|ANP32B|CTDSPL2|SIRT6|YWHAE|PPM1A|PRKD1|BAG3|TPR|IL1B|EMD|MDM2|SFN,https://www.gsea-msigdb.org/gsea/msigdb/human/geneset/GOBP_POSITIVE_REGULATION_OF_PROTEIN_EXPORT_FROM_NUCLEUS,20,ENR,GOBP_POSITIVE_REGULATION_OF_PROTEIN_EXPORT_FROM_NUCLEUS,1,1E-3,GOBP_POSITIVE_REGULATION_OF_PROTEIN_EXPORT_FROM_NUCLEUS,FALSE,GOBP_POSITIVE_REGULATION_OF_PROTEIN_EXPORT_FROM_NUCLEUS
,3,3,3,0.999,,1E-3,,CDH1|EIF4A3|GHRL|GHSR|DRD2|EIF4E|CLMP|INA|SLC1A1|DCC|GNAO1|ATG5|SNX14|WNT5A|NEFH|NEFL|RASGRF2|TRIO|BRAF|NRGN|PPP3CA|PRKACA|SORCS3|IGF1|FBXO2|PPP3R1|PLCB1|CHRM1|GRM3|USP8|CYFIP1|MDM2,https://www.gsea-msigdb.org/gsea/msigdb/human/geneset/GOBP_POSTSYNAPTIC_MODULATION_OF_CHEMICAL_SYNAPTIC_TRANSMISSION,32,ENR,GOBP_POSTSYNAPTIC_MODULATION_OF_CHEMICAL_SYNAPTIC_TRANSMISSION,1,1E-3,GOBP_POSTSYNAPTIC_MODULATION_OF_CHEMICAL_SYNAPTIC_TRANSMISSION,FALSE,GOBP_POSTSYNAPTIC_MODULATION_OF_CHEMICAL_SYNAPTIC_TRANSMISSION
,3,3,3,0.999,,1E-3,,APOA4|SP1|GPX1|RNF112|DAPK1|TRPM2|TP53INP1|OXR1|PRKCD|PRKD1|JAK2|SIN3A|MGST1|CD36|CD38|GPX3|MT-ND1|TMIGD1|CHUK|XRCC1,https://www.gsea-msigdb.org/gsea/msigdb/human/geneset/GOBP_RESPONSE_TO_HYDROPEROXIDE,20,ENR,GOBP_RESPONSE_TO_HYDROPEROXIDE,1,1E-3,GOBP_RESPONSE_TO_HYDROPEROXIDE,FALSE,GOBP_RESPONSE_TO_HYDROPEROXIDE
2,3,3,3,0.999,,1E-3,,METRN|NAB1|CCL3|LIF|PRKCH|CCR2|AKT1|AKT2|GLI3|NKX2-1|ARHGEF10|DAG1|DNER|ORC3|EPM2A|PFKFB3|CD9|PAFAH1B1|RRAS|NTN1|CDK1|PAX6|COL6A1|CRKL|CREB1|HDAC1|CSF1|CSF1R|PSEN1|IGF1|CX3CL1|SUN2|CX3CR1|IL6ST|SYNE2|ATP1B2|B4GALT5|PITX3|PPP3R1|F2|LEPR|MTOR|CXCR4|NR1D1|ASCL1|MMP24|SMO|FOXG1|EOMES|IDH2|NFIA|FGF5|DAB2IP|PPP1CC|SRSF1|MAG|DUSP10|SOX11|FPR2|DLX1|DLX2|MYOC|GPR37L1|NKX6-2|PICK1|OPALIN|TUBA1A|NDP|RNF112|TP53|ZNF488|BNIP3|BOK|POU3F2|SRGAP2C|GRB2|SOX4|CDK5|CDK5R1|ERBB3|GPR183|TNFRSF21|RB1|CLU|NEUROD4|CNTNAP1|IL1B|IL33|FA2H|IL34|RNF10|SKI|ERBB2|NDUFS2|BMERB1|E2F1|LGI4|WASF3|ATXN1|EIF2B2|HRAS|CCDC39|SOCS7|LRP8|PTEN|LARGE1|NKX6-1|RHOA|MAL|TSPAN2|LYN|EZH2|APCDD1|GCM2|GPR157|MDK|MMP14|EGR2|DICER1|NTRK3|KLF15|MYD88|PARD3|PENK|HES5|CSK|LIN28A|TNF|NF1|P2RX4|ZMIZ1|P2RY12|VIM|GCM1|NSUN5|KRAS|MAPT|ABL1|SCRIB|DAB1|MAP2K2|B4GALT6|NF2|PAX2|PTN|AGER|PTPRJ|GBA1|IFNG|ADGRG6|CERS5|MXRA8|SLC8A3|CERS6|CNTN1|MFSD8|ITGB4|RTN4|NCMAP|PALS1|SHH|RELA|S100A8|S100A9|SOX10|TENM4|NCSTN|PLEC|NTRK2|LPAR1|VPS54|WDR47|EED|SOS1|BMP2|SIRT2|STAP1|FGF10|SOX8|DUSP15|TGFB2|PRDM8|CNTF|CSPG4|HMGA2|LAMC3|POU3F1|DLL1|TLR2|PLPP3|RRAS2|MYCN|PRKCI|VEGFC|NDN|WDR1|EIF2B1|EIF2B3|EIF2B4|PTPRB|SUZ12|VCAN|SLC25A46|ROR1|GPM6B|PTPN11|OLIG1|S100B|PTPRZ1|EEF2|EIF2B5|CDH2|MED12|KCNJ10|DLG5|CDK6|DTX1|ADGRG1|BIN1|CDKN2C|NRROS|CUL4B|LRP1|ANO1|SOX13|NR3C1|NFE2L1|CCDC85C|PLAG1|TNFRSF1B|ID2|COL3A1|GFAP|TP73|C1QA|CNTN2|NOG|ABCA2|AREG|CNP|SUN1|SOX2|RAF1|MATN2|ILK|DAAM2|ZNF365|PLP1|RHEB|ADORA2A|SLC45A3|P2RY1|VPS13A|ATOH1|CERS2|SERPINE2|SRGAP2|DRD1|DRD3|METTL14|TAL1|DISC1|METTL3|TPPP|ABCC8|EPHA4|CSPG5|GAP43|ARSG|CLCF1|CTNNB1|ID4|GPR17|HES1|NDRG1|LAMA2|GRN|GSTP1|LAMB1|CDK5R2|LAMB2|MAP2K1|LRP2|CHRM1|LTA|PHGDH|TSPO|HDAC2|ERCC2|ZEB2|NAGLU|OLIG2|STAT3|IFNGR1|TGFB1|UFL1|NOTCH1|PRMT5|TREM2|FGF2|SLC7A5|TLR4|NAB2|ETV5|MIOS|HEXB|RELN|MYRF|CRB1|PRX|SH3TC2|QKI|MYB|APP|TTC21B|SOX1|SOX6|EMX1|NFIB|LEF1|ASCL2|IL6|TTBK1|AZU1|LDLR|C5AR1|CLCN2|FKRP|GPC1|TRPC4|MAPK1|VTN|MAPK3|SPINT1|VAX1|TMEM98|CCL2|SOD1|SOX9|MBOAT7|NR2E1|MECP2,https://www.gsea-msigdb.org/gsea/msigdb/human/geneset/GOBP_GLIOGENESIS,342,ENR,GOBP_GLIOGENESIS,1,1E-3,GOBP_GLIOGENESIS,FALSE,GOBP_GLIOGENESIS
18,3,3,3,0.999,,1E-3,,ATP2B1|BMP4|CCL3|HIF1A|WNT11|ACTN3|VDR|ADRB2|SPP1|CCR1|MINPP1|RXRA|PKDCC|RXRB|TRPM4|ATG4B|ODAM|P2RX7|PHEX|RUNX2|IFT80|ATF4|BMP2K|ENPP1|PTH1R|CEBPB|CFTR|ACVR1|COL6A1|FAM83H|MATN1|OSR2|ADGRV1|GATA1|GPM6B|IGF1|SMAD3|CER1|SLC20A1|EIF2AK3|IFITM5|FBN2|ITGB6|KL|TSPEAR|HACD1|LEP|OTOP1|NOTUM|WLS|HEY1|AMBN|DDR2|PTHLH|NECTIN1|ASPN|CEMP1|COL1A1|DSPP|HTN1|ECM1|HTN3|OSR1|TUFT1|BCOR|COMP|HERC1|PRICKLE1|RFLNA|RFLNB|PTH|HEY2|STIM1|ZMPSTE24|BMPR2|SLC20A2|FGR|CLEC3B|ACVR2B|SUV39H1|GAS6|NBR1|TCIRG1|TFIP11|ANKH|TWIST1|GREM1|BMPR1B|AMELX|AMELY|AMTN|CNNM4|ALOX15|ENAM|FAM20A|MGP|FAM20C|TXLNG|ODAPH|ALPL|CCDC154|ROGDI|PHOSPHO1|SLC24A4|CCN1|FGFR2|FOSL2|KLF10|LGR4|ITGB1BP1|SP7|WNT10B|LTF|TFAP2A|FZD9|DMP1|SRGN|MEF2C|BMPR1A|RSPO2|SGMS2|BMP6|IBSP|KLK4|SMPD3|ATRAID|ISG15|OTOL1|SBNO2|NELL1|SLC4A2|ERCC2|MMP13|GPC3|PPARA|TMEM38B|AHSG|MMP20|WNT6|TGFB1|NOTCH1|FBXO5|FGFR1|MSX2|PTK2B|BGLAP|PTN|TBX1|AXIN2|ADGRG6|CYP27B1|ACVR2A|ROCK1|LTBP3|TENT5A|FGF23|ALOX5|ANO6|COL1A2|MEPE|S1PR1|ZBTB40|SBDS|FBXL15|LOX|TMEM119|WDR72|SLC24A3|NOS3|BMP7|FKRP|ROCK2|BMP2|WNT4|SNX10|FGFR3|SLC8A1|SOX9|STATH,https://www.gsea-msigdb.org/gsea/msigdb/human/geneset/GOBP_BIOMINERAL_TISSUE_DEVELOPMENT,179,ENR,GOBP_BIOMINERAL_TISSUE_DEVELOPMENT,1,1E-3,GOBP_BIOMINERAL_TISSUE_DEVELOPMENT,FALSE,GOBP_BIOMINERAL_TISSUE_DEVELOPMENT
160,3,3,3,0.999,,1E-3,,JAG2|SMAD2|WNT11|WNT3A|WNT7A|GABRB3|DLG1|CHD7|TBX1|TGFB3|LRRC32|WNT8A|WNT5A|MMP25|SOX11|COL11A2|LEF1|FZD1|TSHZ1|FOXE1|TGFBR2|TGFBR3|ITGB6|SMAD4|ITGB8|FZD2|TGFB2,https://www.gsea-msigdb.org/gsea/msigdb/human/geneset/GOBP_SECONDARY_PALATE_DEVELOPMENT,27,ENR,GOBP_SECONDARY_PALATE_DEVELOPMENT,1,1E-3,GOBP_SECONDARY_PALATE_DEVELOPMENT,FALSE,GOBP_SECONDARY_PALATE_DEVELOPMENT
70,3,3,3,0.999,,1E-3,,VDR|LIF|GHRL|SPP1|GHSR|TPPP3|ASH1L|CTSB|PTN|PTGIS|DCAF13|CYP27B1|STC1|PPARD|NDP|PARP2|BSG|STC2|PTGS2|DEDD|JUNB|EPOR|CITED2|PARP1|TCF23,https://www.gsea-msigdb.org/gsea/msigdb/human/geneset/GOBP_DECIDUALIZATION,25,ENR,GOBP_DECIDUALIZATION,1,1E-3,GOBP_DECIDUALIZATION,FALSE,GOBP_DECIDUALIZATION
18,3,3,3,0.999,,1E-3,,CLEC11A|CLEC3A|NAB1|OSTF1|WNT11|ACTN3|WNT3A|EBP|ADCY10|SPP1|ATP5F1B|AKT1|MINPP1|BMP3|GDF10|KREMEN2|PHEX|RUNX2|ENPP1|PTH1R|DLX5|RDH14|CAT|FASN|CEBPB|LIMD1|COL6A1|MATN1|GSK3B|SLC34A1|OSR2|RPS15|IGF1|IGF2|IL6ST|CCDC134|EPHA2|KL|LEP|RYR1|PTHLH|COL1A1|SMAD5|SCX|NPR2|MMP16|PTH|SOX11|FGR|MRC2|TPM4|FHL2|MYF5|CALCR|SKI|DCHS1|CCN1|BCAP29|TAC1|LGR4|PTEN|LTF|RHOA|ITGA11|MAP2K6|RANBP3L|HSPE1|SGMS2|BMP6|CLTC|TNF|SMPD3|SEMA4D|TMEM38B|BMP1|WNT7B|GDF5|MSX2|AXIN2|SND1|MYBBP1A|TENT5A|SHH|LRP4|TOB1|EGFR|ALYREF|FIGNL1|SLC8A1|ATP2B1|TMT1A|PKDCC|RRAS2|PRKD1|RUNX3|DDX21|IGFBP5|TWSG1|MYOG|ACVR1|VCAN|GATA1|GPM6B|PTPN11|CBS|IFITM5|CRIM1|TWIST2|CDK6|DDX5|JUNB|DHX9|RIOX1|DDR2|SEMA7A|SETD2|OSR1|SMAD7|ID2|SORT1|MN1|CLEC3B|SUV39H1|FSTL3|HNRNPC|PBX1|NIPBL|AREG|LRRC17|SFRP1|SUN1|TWIST1|HNRNPU|TOB2|ADAMTS7|BMPR1B|SOX2|MGP|TAOK3|TXLNG|GALNT3|CHSY1|TP63|HSD17B4|JAG1|COL2A1|CSGALNACT1|SOST|PEX7|ACVR1B|TFAP2A|FFAR4|CTNNB1|ID4|EXT1|SMAD1|XYLT1|TNN|ATRAID|KREMEN1|NELL1|ERCC2|GPC3|TGFB1|NOTCH1|FBXO5|FGF2|GLI1|GLI2|DHH|GTPBP4|ACVR2A|TMEM53|ALOX5|ANO6|OXT|COL1A2|ID3|CEBPA|FBXL15|IL6|PPP3CA|BMP5|SMAD9|CCN2|FKRP|MAPK1|MAPK3|WNT3|FERMT2|WNT4|SNX10|FGFR3|NR1I3|GIT1|SOX9|SUCO|RBMX|STATH|BMP4|CCL3|HAND2|HIF1A|REST|CHRDL2|VDR|CCN3|CCR1|ASF1A|FGF9|NPPC|RORB|NPNT|RXRA|GLI3|RXRB|P2RX7|IPO7|PLXNB1|COL13A1|ADGRV1|CSF1|RBPJ|IFITM1|SNRNP200|SCUBE3|BAMBI|NOTUM|SHOX2|H3-3A|H3-3B|SIX2|SMO|FOXC1|SUFU|ASPN|ID1|PTCH1|ECM1|TUFT1|IGFBP3|VEGFA|PRICKLE1|RFLNA|RFLNB|DNAI3|P3H1|ZMPSTE24|BMPR2|HIRA|SLC20A2|BCL2|SYNCRIP|MYOC|PSMC2|CCDC47|GREM1|ALPL|IL6R|CBFB|CITED1|FGFR2|FOSL2|THRA|KLF10|SP7|WNT10B|DKK1|JUND|STC1|FZD9|MEF2C|MDK|MMP14|RSPO2|MMP2|EGR2|NOCT|FZD1|HGF|ADAR|PENK|NF1|SFRP2|FBL|SBNO2|SNAI1|SMAD6|WWOX|IHH|SMOC1|MMP13|RSL1D1|IARS1|DHX36|PTK2|WWTR1|PTK2B|PTN|HDAC7|SNAI2|ADGRG6|THBS3|S1PR1|ZBTB40|FGF18|SBDS|TMCO1|KAZALD1|LOX|PRKACA|SLC24A3|BMP7|OSTN|PAM16|BMP2|PHB1|SOX8|TACR1|LRP5|PPARG|TNFAIP6|TNFRSF11A|ADRB2|TNFSF11|CEBPD|TRPM4|VEGFC|IFT80|ATF4|BMP2K|WNT5A|ATP6V0A4|LRP3|CDH11|PDLIM7|ATP6V1B1|CREB3L1|CTNNBIP1|SIRT7|PTPRB|RASSF2|HOXA2|CHRDL1|SMAD3|CER1|EIF2AK3|RIPPLY2|FBN2|SATB2|MEN1|IGFBP2|MESD|UCMA|PRMT3|SMAD2|ZBTB16|BCOR|CLIC1|ERFE|COMP|HERC1|CTHRC1|ACHE|EXT2|ACVR2B|BMP8A|FOXC2|NBR1|NOG|DNAJC13|TCIRG1|ANKH|AMELX|ALOX15|BMP8B|FAM20C|ILK|CCDC154|ROGDI|PHOSPHO1|SP3|BPNT2|HEMGN|RRBP1|ZHX3|CHRD|DMP1|SRGN|BMPR1A|INTU|IBSP|IGSF10|CLEC5A|ISG15|TP53INP2|TRAF6|SMAD4|TAPT1|ADAMTS12|AHSG|UFL1|CCN4|NAB2|GPLD1|BGLAP|YAP1|CYP24A1|CYP27B1|MAPK11|LTBP3|MAPK14|FGF23|INPPL1|TNC|LEF1|TMEM119|TMEM64|PANX3|CASR|GDPD2|GABBR1|RUNX1|RPL38|DHRS3,https://www.gsea-msigdb.org/gsea/msigdb/human/geneset/GOBP_OSSIFICATION,425,ENR,GOBP_OSSIFICATION,1,1E-3,GOBP_OSSIFICATION,FALSE,GOBP_OSSIFICATION
28,3,3,3,0.999,,1E-3,,RHNO1|ATM|INO80|KDM1A|RPL26|KDM4D|SWI5|BLM|NUCKS1|HRAS|TNKS1BP1|TSPYL5|XRCC6|TLK2|CDKN1A|ECT2|GTF2H5|CHEK2|EGR1|CCND2|ELK1|INTS7|TNF|ITGB6|GADD45A|SFRP2|BARD1|BRCA2|TMEM109|RAD51|RAD51AP1|MDM2|TGFB1|FBXO4|MAP3K20|CYBA|CRYAB|CLOCK|NET1|RHOB|YAP1|SIRT1|ATR|HSF1|SNAI2|WRN|HUS1|BABAM2|LCN2|XRCC5|MAPK14|BRCA1|ZMPSTE24|BRCC3|LIG4|BBC3|SPIDR|BCL2L1|GATA3|TP53|NIPBL|PRAP1|GRB2|EEF1D|TP53BP1|SFRP1|TREX1|RAD1|RAD9A|RAD9B|IFI16|FIGNL1|TANK,https://www.gsea-msigdb.org/gsea/msigdb/human/geneset/GOBP_CELLULAR_RESPONSE_TO_IONIZING_RADIATION,73,ENR,GOBP_CELLULAR_RESPONSE_TO_IONIZING_RADIATION,1,1E-3,GOBP_CELLULAR_RESPONSE_TO_IONIZING_RADIATION,FALSE,GOBP_CELLULAR_RESPONSE_TO_IONIZING_RADIATION
,3,3,3,0.999,,1E-3,,FUT4|MDK|FUT7|SELE|IL6|GCNT1|ITGA4|SELP|CCR2|ETS1|TNF|ELANE|TRAF6|ST3GAL4|ITGB2|RHOA|IRAK1|NFAT5|CHST2|ALOX5|CHST4|RELA,https://www.gsea-msigdb.org/gsea/msigdb/human/geneset/GOBP_POSITIVE_REGULATION_OF_LEUKOCYTE_ADHESION_TO_VASCULAR_ENDOTHELIAL_CELL,22,ENR,GOBP_POSITIVE_REGULATION_OF_LEUKOCYTE_ADHESION_TO_VASCULAR_ENDOTHELIAL_CELL,1,1E-3,GOBP_POSITIVE_REGULATION_OF_LEUKOCYTE_ADHESION_TO_VASCULAR_ENDOTHELIAL_CELL,FALSE,GOBP_POSITIVE_REGULATION_OF_LEUKOCYTE_ADHESION_TO_VASCULAR_ENDOTHELIAL_CELL
3,3,3,3,0.999,,1E-3,,BMP4|ELN|DCHS1|OLFM1|PITX2|JAG1|CCN1|HECTD1|TNFRSF1A|ADAMTS5|STRA6|ADAMTS9|TBX5|DKK1|RHOA|CDH11|MEF2C|ACVR1|MATR3|BMPR1A|RBPJ|APC|TGFBR2|FAM114A1|SNAI1|ZBTB14|SMAD4|SMAD6|GATA4|MTOR|NKX2-5|HEY1|SHOX2|NAGLU|HEYL|MDM2|DLL4|TIE1|SLIT3|SMAD2|TGFB1|EFNA1|NOTCH1|APLNR|ADAMTS19|FGFRL1|GATA5|TNFRSF1B|EMILIN1|MDM4|NPPA|ZFPM1|SCX|SNAI2|AXIN2|ROBO1|ROCK1|ROBO2|HEY2|TBX20|BMPR2|PCDHA10|PRDM1|GATA3|NOTCH2|NOS3|SOX4|TWIST1|GJA5|SLIT2|ROCK2|BMP2|PDE2A|RB1|NFATC1|SOX9|TGFB2,https://www.gsea-msigdb.org/gsea/msigdb/human/geneset/GOBP_HEART_VALVE_DEVELOPMENT,77,ENR,GOBP_HEART_VALVE_DEVELOPMENT,1,1E-3,GOBP_HEART_VALVE_DEVELOPMENT,FALSE,GOBP_HEART_VALVE_DEVELOPMENT
3,3,3,3,0.999,,1E-3,,BMP4|ACVRL1|DCHS1|JAG1|ADAMTS5|TBX5|DKK1|ACVR1|BMPR1A|FOXF1|RBPJ|APC|TGFBR2|ISL1|SNAI1|SMAD4|GATA4|CITED2|HEY1|HEYL|MDM2|TMEM100|SMAD2|TGFB1|NOTCH1|APLNR|GATA5|MSX1|MSX2|TGFB3|MDM4|SNAI2|ROBO1|ROBO2|HEY2|TBX20|BMPR2|ENG|CRELD1|TGFBR1|CPLANE2|NEDD4|NOG|BMP5|RBM24|NOS3|TBX3|TWIST1|BMP7|ERBB3|BMP2|FGF8|SOX9|TBX2|TGFB2,https://www.gsea-msigdb.org/gsea/msigdb/human/geneset/GOBP_ENDOCARDIAL_CUSHION_DEVELOPMENT,55,ENR,GOBP_ENDOCARDIAL_CUSHION_DEVELOPMENT,1,1E-3,GOBP_ENDOCARDIAL_CUSHION_DEVELOPMENT,FALSE,GOBP_ENDOCARDIAL_CUSHION_DEVELOPMENT
89,3,3,3,0.999,,1E-3,,SKI|SGPL1|ASPH|CLDN5|MYH3|IFT122|SSBP3|STRA6|CSRNP1|ATP6AP2|DLX5|DKK1|RRAS|CRISPLD2|FUZ|PAX9|MMP2|PTPN11|RAB3GAP1|GREM2|IHH|MAB21L2|ZNF281|VPS13B|FLVCR1|GPC3|CDON|TIPARP|TGFB1|ANKRD11|COL1A1|MSX1|PDGFRA|OFD1|TBX1|TGFB3|SCX|PLEKHA1|PRICKLE1|NCKAP1|CRISPLD1|LEF1|NOG|BRAF|NIPBL|EP300|WNT3|ARID5B|TGFB2,https://www.gsea-msigdb.org/gsea/msigdb/human/geneset/GOBP_BODY_MORPHOGENESIS,49,ENR,GOBP_BODY_MORPHOGENESIS,1,1E-3,GOBP_BODY_MORPHOGENESIS,FALSE,GOBP_BODY_MORPHOGENESIS
160,3,3,3,0.999,,1E-3,,SKI|HAND2|JAG2|WNT11|FOXF2|WNT3A|SGPL1|ASPH|COL2A1|ANP32B|CLDN5|DLG1|GLI3|PKDCC|GDF11|LRRC32|WNT8A|TCF21|ALX4|INSIG2|CSRNP1|WFIKKN1|WNT5A|WFIKKN2|DLX5|WNT9B|DLX6|PRRX1|SUMO1|TFAP2A|IRF6|BNC2|BMPR1A|FRAS1|COL11A2|INTU|BBS7|OSR2|FZD1|MSC|TSHZ1|TGFBR2|INHBA|TGFBR3|ITGB6|SATB2|SNAI1|SMAD4|ITGB8|FZD2|LOXL3|EPHB2|TIPARP|SMAD2|WNT7A|GABRB3|PYGO2|MSX1|PDGFRA|IFT172|CHD7|OSR1|WDPCP|TBX1|TGFB3|BCOR|SNAI2|PLEKHA1|TBC1D32|TMEM107|MEOX2|NPRL3|MMP25|SOX11|SHH|ACVR2B|INSIG1|TGFBR1|LEF1|B3GLCT|CDK20|ALX1|FOXE1|TBX3|SOS1|VAX1|PAK1IP1|ARID5B|EPHB3|DHRS3|TBX2|TGFB2,https://www.gsea-msigdb.org/gsea/msigdb/human/geneset/GOBP_ROOF_OF_MOUTH_DEVELOPMENT,92,ENR,GOBP_ROOF_OF_MOUTH_DEVELOPMENT,1,1E-3,GOBP_ROOF_OF_MOUTH_DEVELOPMENT,FALSE,GOBP_ROOF_OF_MOUTH_DEVELOPMENT
29,3,3,3,0.999,,1E-3,,CHRNB2|PHLPP1|PPARG|CRY2|BMAL2|CCAR2|PASD1|KAT5|RORB|NKX2-1|BHLHE40|NR1H3|ATG7|CDK1|MAGED1|PER1|SFPQ|GSK3B|PRKAA2|HDAC3|PML|SIK1|SIRT6|PRKCG|PRKDC|MTNR1B|MTOR|NR1D1|MAPK9|PER2|CRY1|FBXW7|FBXW11|PPP1CA|PPP1CB|PPP1CC|DRD2|USP7|ID2|PROX1|ADRB1|KDM2A|ADORA1|PER3|NLGN1|MAPK8|MTA1|TP53|RORC|TARDBP|TIMELESS|GHRHR|GNAQ|THRAP3|PDE6B|SRRD|USP2|HNF4A|OPN5|ADORA2A|ATOH7|SIAH2|KLF10|PTGDS|SPSB4|DRD4|EZH2|GNA11|NONO|NOCT|FXR1|HCRTR2|OPN4|CSNK1D|CSF2|SOX14|UBE3A|PARP1|CRH|PPARA|ZFHX3|BMAL1|BTRC|MAPK10|PIWIL2|NR1D2|MAGEL2|USP9X|GHRL|CLOCK|CSNK1E|PSPC1|PRKG1|DDB1|NMU|HNRNPD|OPN3|PPARGC1A|GHRH|FBXL3|KCNA2|CIPC|ADCY1|RBM4|ROCK2|NPY2R|RORA|SIN3A|RBM4B|PRKAA1|CRTC1|TOP2A|NR2F6,https://www.gsea-msigdb.org/gsea/msigdb/human/geneset/GOBP_REGULATION_OF_CIRCADIAN_RHYTHM,113,ENR,GOBP_REGULATION_OF_CIRCADIAN_RHYTHM,1,1E-3,GOBP_REGULATION_OF_CIRCADIAN_RHYTHM,FALSE,GOBP_REGULATION_OF_CIRCADIAN_RHYTHM
11,3,3,3,0.999,,1E-3,,MSH6|TOP6BL|UBR2|PDE3A|FZR1|LIF|NPM2|NPPC|CENPC|PRDM9|SLX4|UBB|FOXJ2|TERF1|NDC80|UBE2B|NPR2|AURKA|PSMA8|SGO1|BCL2L11|BAG6|PSMD13|RPS6KA2|PLCB1|TAF1L|DAZL|BTBD18|EDN1|EDNRA|PTEN|KCTD19|MYH9|LSM14B|MEI1|NANOS2|ING2|PIWIL2|DMRTC2|MSX1|RBM46|SYCP3|ACTR2|MSX2|WEE2|GOLGA2|HSF1|DNMT3L|SLC2A8|NSUN2|ASZ1|ESPL1|DDX4|INCENP|NUF2|DMRT1|SIRT2|MAPK15|FBXO43|FIGNL1|FMN2|TEX14|TTK|BRDT|ZWINT|ACTR3|AGO4|C9ORF78|ASPM|MOV10L1|CCNB2|CCNE1|CCNE2|WNT5A|MRE11|OOEP|SIRT7|SLC25A31|TDRD12|TDRD9|HORMAD1|KIF18A|PLK1|CDC25B|CDC25C|YTHDF2|TDRKH|BRCA2|RAD50|BRIP1|RAD51|BRME1|M1AP|RAD51AP1|C14ORF39|MAEL|MEIKIN|PPP2R1A|DMC1|EME1|EME2|NDC1|FANCD2|FANCM|HSPA2|P3H4|HSF2BP|HUS1|HUS1B|PTTG1|KASH5|PTTG2|SPIRE1|RAB24|SPIRE2|MAJIN|MARF1|MCMDC2|MEIOC|SEPTIN1|MUS81|OVOL1|SKA2|GPR3|PDIK1L|TEX15|SPATA22|PKMYT1|SPDYA|TOP2B|STAG3|MEIOSIN|SUN1|RAD1|SYCE1|SYCE1L|SYCE2|SYCP2|TEX12|RAD21|RAD51B|RAD51C|RAD51D|RAD54B|STK35|RAD54L|TUBB8|TUBG1|KNL1|REC8|TUBG2|ZCWPW1|ANKLE1|RMI1|ATM|ANKRD31|ATRX|SPO11|NCAPD2|NCAPD3|TERB1|NCAPH|TERB2|NCAPH2|SHCBP1L|SKA1|TRIP13|SKA3|SMC2|FOXJ3|SMC4|MYBL1|ZSCAN21|CATSPERZ|CCNA1|CDC25A|CYP26B1|HSF5|TESMIN|ZNF541|CKS2|TRIM75|MASTL|EHMT2|ERCC4|EREG|CDC20|FBXO5|CHFR|FANCA|WASHC5|DCAF13|C1ORF146|DDB1|CCNB1IP1|CENPS|CENPX|CNTD1|HFM1|IHO1|KLHDC3|MEI4|MLH3|MND1|ORC4|MSH4|MSH5|PSMC3IP|REC114|CALR|RNF212|RNF212B|SHOC1|SYCE3|WNT4|SYCP1|STRA8|TEX11|TEX19|MLH1|TOP2A,https://www.gsea-msigdb.org/gsea/msigdb/human/geneset/GOBP_MEIOTIC_CELL_CYCLE_PROCESS,221,ENR,GOBP_MEIOTIC_CELL_CYCLE_PROCESS,1,1E-3,GOBP_MEIOTIC_CELL_CYCLE_PROCESS,FALSE,GOBP_MEIOTIC_CELL_CYCLE_PROCESS
49,3,3,3,0.999,,1E-3,,CNTF|SCARF1|TENM3|ZNF804A|EPHA3|AMIGO1|DMD|KDM1A|LTK|NGF|CFLAR|NTRK1|RIT2|DDX56|PPP2R5B|PLXNB2|PRKCI|CAMK2B|PRKD1|RAP1A|RAPGEF2|TOX|WNT5A|GPRASP3|NPTN|SETX|PAFAH1B1|SF3A2|FBXO38|FES|PTK6|APBB1|CX3CL1|ATP1B2|INS|VLDLR|SERPINF1|BDNF|TMEM30A|ATP8A2|EPHB2|CUX2|KIDINS220|SCN1B|NCKIPSD|DDR2|NCK1|DAB2IP|ANKRD27|SNX3|DDR1|P3H1|PLA2G3|SERPINI1|FUT9|BRAF|COBL|PLK5|IL1RAPL1|BAIAP2|AP2A1|SHOC2|CAPRIN1|KAT2B|RETREG3|SLC30A1|ANKRD1|FYN|ITGA3|MARK2|ITGA6|ATOH7|ATF1|PLPPR5|EPO|ARHGAP35|RAPGEF1|LRP8|FEZ1|DISC1|LRRC7|MAGI2|EEF2K|LYN|EZH2|BCL11A|ARSB|MDK|BMPR1A|DBN1|ARF6|TRIM67|FZD1|NTRK3|SMAD1|NFE2L2|GRN|PTPRD|TNN|ROBO3|GPC2|NDNF|PTK7|RGS2|EHD1|FIG4|STYXL1|CAPRIN2|ENC1|PACSIN1|SCARB2|TUBB2B|ABL1|FGFR1|ALK|CAMK1|TMEM106B|ADNP|DHX36|DPYSL3|NDRG4|PTK2B|PTN|RELN|WASHC5|ABL2|RET|RGMA|CNTN1|NEGR1|STAU2|ARMCX5-GPRASP2|STMN2|RYK|DVL1|S100A9|NTRK2|ALKAL1|ALKAL2|PUM2|ITPKA|KATNB1|BMP5|TWF1|PLXNB3|TWF2|EP300|BMP7|CAMK1D|CBFA2T2|ZDHHC15|APOE|AVIL,https://www.gsea-msigdb.org/gsea/msigdb/human/geneset/GOBP_POSITIVE_REGULATION_OF_NEURON_PROJECTION_DEVELOPMENT,153,ENR,GOBP_POSITIVE_REGULATION_OF_NEURON_PROJECTION_DEVELOPMENT,1,1E-3,GOBP_POSITIVE_REGULATION_OF_NEURON_PROJECTION_DEVELOPMENT,FALSE,GOBP_POSITIVE_REGULATION_OF_NEURON_PROJECTION_DEVELOPMENT
,3,3,3,0.999,,1E-3,,TMEM170A|RETREG3|LNPK|REEP3|ARL6IP1|REEP4|ATL2|ATL3|ATL1|USE1|ZFYVE27|RTN2|RTN1|RTN3|RAB18|RAB10|RAB3GAP1|RAB3GAP2|TMEM33|DMTN|RTN4|REEP1|REEP2,https://www.gsea-msigdb.org/gsea/msigdb/human/geneset/GOBP_ENDOPLASMIC_RETICULUM_TUBULAR_NETWORK_ORGANIZATION,23,ENR,GOBP_ENDOPLASMIC_RETICULUM_TUBULAR_NETWORK_ORGANIZATION,1,1E-3,GOBP_ENDOPLASMIC_RETICULUM_TUBULAR_NETWORK_ORGANIZATION,FALSE,GOBP_ENDOPLASMIC_RETICULUM_TUBULAR_NETWORK_ORGANIZATION
19,3,3,3,0.999,,1E-3,,C3|BICD1|CBLB|MTMR2|WNT3A|ANGPT1|WDR54|RNF220|ATXN2|NECAB2|CCR7|RALA|ANKRD13B|ANKRD13D|PROM2|TNK2|EFNB2|WASL|B2M|BMP2K|CCDC32|CD63|PCSK9|LRRTM1|SH3GL3|ARRB2|AAK1|RABEP1|GSG1L|HFE|INSR|MKLN1|PPP3R1|NUMB|TAMALIN|UNC119|DTNBP1|MDM2|PIK3CB|APLN|APLNR|HIP1|DRD2|FMR1|VEGFA|ARAP1|LRPAP1|AP2M1|FLOT1|PICK1|ATAD1|PPT1|ABCA2|DLG4|CBL|GREM1|AP2A1|CLU|PLCG2|USP46|APOC1|APOC2|PICALM|ANKRD13A|RSPO1|SYT17|ITGB3|TF|HPCA|SNAP91|AHI1|DKK1|DNAJC6|MAGI2|DGKD|DRD4|SFRP4|OPHN1|ARF1|ANXA2|ARF6|NRG1|LRRTM2|NTF3|TBC1D5|HIP1R|DAB2|ARRB1|RABGEF1|UBQLN2|VAC14|SGIP1|SCRIB|SDCBP|USP6|HAMP|ARC|RAB21|RAC1|LDLRAP1|H1-1|RIN3|IL4|ADIPOQ|NCDN|APP|SH3GL2|SELE|LPAR1|APELA|SERPINE1|USH1G|VTN|SMAP1|EGF|APOA5|CCL19|NEU3|APOC3|CCL21|SUSD4|SYK,https://www.gsea-msigdb.org/gsea/msigdb/human/geneset/GOBP_REGULATION_OF_RECEPTOR_MEDIATED_ENDOCYTOSIS,122,ENR,GOBP_REGULATION_OF_RECEPTOR_MEDIATED_ENDOCYTOSIS,1,1E-3,GOBP_REGULATION_OF_RECEPTOR_MEDIATED_ENDOCYTOSIS,FALSE,GOBP_REGULATION_OF_RECEPTOR_MEDIATED_ENDOCYTOSIS
44,3,3,3,0.999,,1E-3,,STAT3|BMP4|SRRT|PRKRA|SMAD2|SPOUT1|TGFB1|AGO4|TRUB1|DGCR8|SRSF3|PUM1|METTL3|ZMPSTE24|ZC3H10|ZC3H7A|BCDIN3D|NCBP1|ZC3H7B|NCBP2|PUS10|HNRNPA2B1|IL6|TP53|PUM2|TUT4|DICER1|TUT7|SMAD3|TRIM71|ADAR|SMAD1|SNIP1|LIN28A|LIN28B|DROSHA|RIPK1|AGO1|AGO2|AGO3|DDX5|NUP155|TARBP2,https://www.gsea-msigdb.org/gsea/msigdb/human/geneset/GOBP_MIRNA_PROCESSING,43,ENR,GOBP_MIRNA_PROCESSING,1,1E-3,GOBP_MIRNA_PROCESSING,FALSE,GOBP_MIRNA_PROCESSING
22,3,3,3,0.999,,1E-3,,IZUMO1|ADAMTS15|MYMX|CAV3|ADGRB3|CCL8|NPHS1|TANC1|TNFSF14|CAPN2|ITGB1|CFLAR|CD109|ADAMTS5|ADGRB1|DOCK2|DOCK5|ADAM12|DYRK1B|CD81|CD9|SH3PXD2A|PLEKHO1|MYMK|MYOD1|DOCK1|MYOG|TYROBP|CD53|WNT1|NOS1|DCSTAMP|ERVH48-1|CXCL10|MYH9|VASH2|IL4R|SBNO2|CXCL9|EHD1|EHD2|ERCC1|CYP19A1|GCM1|KCNH1|CDON|NEO1|TREM2|CAMK1|PTGFRN|RIPOR2|MAPK14|FLOT1|RAPGEF3|ERVFRD-1|ERVW-1|GDF15|TCTA|CACNA1H|SCGB3A1|OCSTAMP|CACNA1S|NFATC2|ADAM9|TMEM182,https://www.gsea-msigdb.org/gsea/msigdb/human/geneset/GOBP_SYNCYTIUM_FORMATION,65,ENR,GOBP_SYNCYTIUM_FORMATION,1,1E-3,GOBP_SYNCYTIUM_FORMATION,FALSE,GOBP_SYNCYTIUM_FORMATION
36,3,3,3,0.999,,1E-3,,CACNG4|CACNG5|CACNG8|CHRNA7|PRRT1|SHISA7|PRKAR1B|CCR2|NTRK1|CA2|CA7|CAMK2B|CAMK2G|EIF2AK4|NPTN|LRRTM1|CALM1|BAIAP3|TYROBP|ARRB2|GSK3B|CLSTN2|CREB1|GRIN2B|GRIN2D|NRGN|S100B|TSHZ3|INS|SQSTM1|PRKCG|KMO|DTNBP1|EPHB2|HMGCR|SLC4A8|FAM107A|HAP1|KIF5B|DRD2|FMR1|GFAP|RETN|PLK2|ADRA1A|TACR2|GPR158|RASGRF2|ADORA1|AKAP5|FLOT1|RGS14|NLGN1|NLGN2|NRXN1|CACNA1B|NOG|BRAF|MME|SHANK3|CACNG2|DLG4|CALM3|STAU1|CAMK2A|SNAP25|GRIA3|C22ORF39|GRIK2|IGSF11|STXBP1|CLSTN1|CACNG7|ITPR3|SHANK2|SLC8A2|SYT12|ADORA2A|VAMP2|GRIA1|TAC1|PDE9A|SERPINE2|PAIP2|DRD1|PINK1|LARGE1|LGMN|CALM2|EPHA4|STX1A|GPER1|STX1B|STX4|HDAC6|LRRTM2|SNCA|FXR1|NSG1|SYT1|LAMA2|TNF|MPP2|NF1|PRNP|RAB3GAP1|GRIN2A|GRIN2C|RAPSN|MICU3|CRH|NLGN3|SLC1A3|ABL1|PTK2B|BGLAP|PTN|AGER|ARC|PRKCE|SLITRK4|RELN|SLC1A1|CLSTN3|LILRB2|SLC8A3|CYP46A1|NMU|CACNG3|IQSEC2|NALCN|NFATC4|APP|STX3|OXT|CRHR2|NCSTN|NTRK2|SLC24A1|PPP3CA|SLC24A2|GRIN1|LGI1|YTHDF1|KCTD13|SLC7A10|TNR|ADCY1|PRKCZ|MAPK1|ZDHHC12|ADCY8|CCL2|ZDHHC2|APOE|NR2E1|MECP2|TACR1|CAMK2D|ZDHHC3,https://www.gsea-msigdb.org/gsea/msigdb/human/geneset/GOBP_POSITIVE_REGULATION_OF_SYNAPTIC_TRANSMISSION,160,ENR,GOBP_POSITIVE_REGULATION_OF_SYNAPTIC_TRANSMISSION,1,1E-3,GOBP_POSITIVE_REGULATION_OF_SYNAPTIC_TRANSMISSION,FALSE,GOBP_POSITIVE_REGULATION_OF_SYNAPTIC_TRANSMISSION
18,3,3,3,0.999,,1E-3,,ATP2B1|BMP4|CCL3|HIF1A|ACTN3|VDR|ADRB2|CCR1|RXRA|PKDCC|RXRB|TRPM4|P2RX7|ATF4|BMP2K|ENPP1|CEBPB|CFTR|ACVR1|MATN1|OSR2|ADGRV1|GATA1|GPM6B|SMAD3|IFITM5|FBN2|KL|NOTUM|HEY1|DDR2|ASPN|ECM1|OSR1|BCOR|COMP|RFLNA|RFLNB|PTH|HEY2|ZMPSTE24|BMPR2|SLC20A2|ACVR2B|SUV39H1|GAS6|NBR1|ANKH|TWIST1|GREM1|BMPR1B|AMELX|AMTN|ENAM|MGP|FAM20C|TXLNG|ODAPH|PHOSPHO1|CCN1|WNT10B|LTF|TFAP2A|FZD9|DMP1|SRGN|MEF2C|BMPR1A|SGMS2|BMP6|ATRAID|ISG15|NELL1|SLC4A2|AHSG|MMP20|WNT6|TGFB1|NOTCH1|FBXO5|PTK2B|BGLAP|PTN|ADGRG6|CYP27B1|ACVR2A|ROCK1|LTBP3|TENT5A|FGF23|ALOX5|ANO6|S1PR1|TMEM119|NOS3|BMP7|ROCK2|BMP2|WNT4|SLC8A1|SOX9|STATH,https://www.gsea-msigdb.org/gsea/msigdb/human/geneset/GOBP_REGULATION_OF_BIOMINERAL_TISSUE_DEVELOPMENT,102,ENR,GOBP_REGULATION_OF_BIOMINERAL_TISSUE_DEVELOPMENT,1,1E-3,GOBP_REGULATION_OF_BIOMINERAL_TISSUE_DEVELOPMENT,FALSE,GOBP_REGULATION_OF_BIOMINERAL_TISSUE_DEVELOPMENT
7,3,3,3,0.999,,1E-3,,SEMA5A|MEGF8|SLIT3|WNT3A|SLIT1|NRP2|HDAC6|NRP1|PLXNA3|PLXNA4|CXCL12|SLIT2|VEGFA|SEMA3A|DSCAM|WNT3|WNT5A|ALCAM|BMPR2|RYK|SEMA3F,https://www.gsea-msigdb.org/gsea/msigdb/human/geneset/GOBP_NEURON_PROJECTION_EXTENSION_INVOLVED_IN_NEURON_PROJECTION_GUIDANCE,21,ENR,GOBP_NEURON_PROJECTION_EXTENSION_INVOLVED_IN_NEURON_PROJECTION_GUIDANCE,1,1E-3,GOBP_NEURON_PROJECTION_EXTENSION_INVOLVED_IN_NEURON_PROJECTION_GUIDANCE,FALSE,GOBP_NEURON_PROJECTION_EXTENSION_INVOLVED_IN_NEURON_PROJECTION_GUIDANCE
34,3,3,3,0.999,,1E-3,,FEM1B|HIF1A|FOXA1|ACTN3|PDE3A|SCARF1|EBP|MAP3K13|PGR|CCR6|NGF|NPPC|DAG1|HEATR3|IQCF1|RERE|RUNX2|FARP2|PTH1R|CCNB1|PLXNB1|KIF14|ROPN1B|KCNIP2|DEFB1|BTK|IGF1|RBPJ|CX3CL1|CX3CR1|B4GALT5|TRIM58|LEP|MAEA|ASCL1|DLD|H3-3A|H3-3B|RYR1|EPHA8|SRRM4|EDNRB|VEGFA|NPR2|RFLNA|PLA2G10|RFLNB|TBX6|AURKA|PTH|BCL2|FOXJ1|PLA2G3|MYOC|FUT6|PICK1|FEV|HBZ|GATA3|NTN4|CDK5R1|RPS6KA2|GREM1|RB1|ARCN1|SEMG1|SEMG2|DCHS1|CBFB|SLC24A4|ADGRB3|SPINK5|BNC1|DAZL|C1QL1|EPO|LGI4|EDN1|TUSC2|CCDC39|EDNRA|WDR77|EPAS1|WNT10B|KCNB1|KCNE1|SOX18|LTF|NKX6-1|RHOA|ZBTB7A|ANG|BCL11A|LCN6|MMP2|HDAC6|HES5|TRPC4AP|LSM14B|NF1|REN|IHH|KDR|SEMA4D|LHX6|ZAR1L|NEMP1|XBP1|B4GALT6|ACTL6B|MSX2|PAX2|SLC22A14|RECK|WEE2|RAC1|CATSPER2|GBA1|RAC2|CATSPER3|RAC3|SLC26A3|CATSPER4|RET|THBS3|SLFN14|MTCH1|SPTBN4|BAP1|NSUN2|IER3IP1|SOX10|S1PR1|ANKS1A|TUT4|PRKACA|TUT7|KCNQ3|NRCAM|PCSK4|ZAR1|NOM1|BMP2|LRRK2|ABHD2|P2RX5|SIRT2|SOX8|PLD6|TGFB2|IRX5|C3|PPARG|AGRN|KDM1A|RND1|RXFP2|TCP11|IFT80|WNT5A|ATP6AP2|BSPH1|BHLHA15|CABYR|CATSPERD|CATSPERE|EFCAB9|CFTR|ELSPBP1|SCLT1|SMIM45|BAIAP3|GAL|LYL1|TDRD1|TDRD5|GATA2|CDC25B|YTHDF2|L3MBTL3|CDH3|TDRD6|DIAPH3|KLF2|TDRD7|TDRKH|BRCA2|CDKN1C|AKR1B1|VSX1|RFX3|PPP2R1A|DMC1|ADAM7|BFSP1|BFSP2|FZD5|MBTPS2|SHB|ZBTB16|ID2|SPINK1|RAB24|ANGPTL8|C1QA|CNTN2|HOXA5|GHRHR|ADAMTS7|SIX3|TUBB8|REC8|FAM20C|CCDC154|ACVRL1|PHOSPHO1|GALNT3|ROPN1|ROPN1L|PTPRN|AXL|GDF11|CDH5|GLDN|HOXB13|TFCP2L1|CNTNAP2|TMEM79|TRIP13|CLEC7A|SNX19|TAL1|DDIT3|CATSPERZ|CLN5|WNT1|CTNNB1|EXT1|IL21|HES1|XYLT1|CDK5R2|FBXO41|HID1|FERMT1|TMPRSS12|ERCC2|FLVCR1|ADAMTS12|EREG|IL15|TGFB1|FBXO5|FGFR1|GPAT4|CNGB1|NR4A2|WASHC5|PTBP3|TMIGD1|APP|BRD1|EPB42|CEBPA|FAM210B|PAEP|ALDH1A2|FOXO3|CEND1|RHEX|SLC26A6|G6PD|CCL19|SNX10|FGFR3|SPG21|CCL21|MECP2,https://www.gsea-msigdb.org/gsea/msigdb/human/geneset/GOBP_ANATOMICAL_STRUCTURE_MATURATION,278,ENR,GOBP_ANATOMICAL_STRUCTURE_MATURATION,1,1E-3,GOBP_ANATOMICAL_STRUCTURE_MATURATION,FALSE,GOBP_ANATOMICAL_STRUCTURE_MATURATION
22,3,3,3,0.999,,1E-3,,NOTCH1|PITX2|SRF|APLNR|FGF9|VEGFA|ADM|EDNRA|KIT|COMP|DNMT1|SGCB|HEY2|QKI|NFATC4|ENG|PDGFB|EFEMP2|RAMP2|GPER1|CTH|SOD2|PDCD4|HES1|MYOCD|NFATC1|NFATC2|NFATC3|GATA6|MESP1,https://www.gsea-msigdb.org/gsea/msigdb/human/geneset/GOBP_VASCULAR_ASSOCIATED_SMOOTH_MUSCLE_CELL_DIFFERENTIATION,30,ENR,GOBP_VASCULAR_ASSOCIATED_SMOOTH_MUSCLE_CELL_DIFFERENTIATION,1,1E-3,GOBP_VASCULAR_ASSOCIATED_SMOOTH_MUSCLE_CELL_DIFFERENTIATION,FALSE,GOBP_VASCULAR_ASSOCIATED_SMOOTH_MUSCLE_CELL_DIFFERENTIATION
17,3,3,3,0.999,,1E-3,,THBS1|POLDIP2|ACVRL1|THY1|ACTN3|ITGA2|CFL1|HRG|EPHA3|DLC1|CAMSAP3|S100A10|ARHGEF7|EFNA5|ITGB1BP1|LIMS1|PTEN|WHAMM|DUSP3|RHOA|CDH11|COL16A1|ACTN2|DUSP22|MMP14|PTPRK|GPM6B|SMAD3|PPM1F|TLN1|CTTN|LDB1|MAP4K4|SRC|ACTG1|CLASP1|TSC1|ACTN1|CLASP2|KDR|PTPRA|VCL|ABL1|FAM107A|NRP1|LIMCH1|EPB41L5|PHLDB2|PTK2|WDPCP|PTPRJ|PIP5K1A|RAC1|VEGFA|CORO2B|ARHGAP6|TESK2|ROCK1|THSD1|SLC9A1|BCL2|RCC2|STON1|TAOK2|APOD|SORBS1|TRIP6|MYOC|CORO1C|BCR|PEAK1|TEK|SDC4|SFRP1|GREM1|SLK|ROCK2|DAPK3|FERMT2|MACF1|WNT4|DMTN|RHOD|AJUBA,https://www.gsea-msigdb.org/gsea/msigdb/human/geneset/GOBP_FOCAL_ADHESION_ASSEMBLY,84,ENR,GOBP_FOCAL_ADHESION_ASSEMBLY,1,1E-3,GOBP_FOCAL_ADHESION_ASSEMBLY,FALSE,GOBP_FOCAL_ADHESION_ASSEMBLY
83,3,3,3,0.999,,1E-3,,CHST5|AMDHD2|CHST6|CHST7|NAGK|NANP|EXTL2|HEXB|MGAT3|OGA|LARGE1|RENBP|CHST2|CHST4|CTBS|PGM3|GNE|GNPDA2|CHI3L1|CHI3L2|CHIA|CHIT1|CHST1|OVGP1|GNPDA1|CHST3,https://www.gsea-msigdb.org/gsea/msigdb/human/geneset/GOBP_GLUCOSAMINE_CONTAINING_COMPOUND_METABOLIC_PROCESS,26,ENR,GOBP_GLUCOSAMINE_CONTAINING_COMPOUND_METABOLIC_PROCESS,1,1E-3,GOBP_GLUCOSAMINE_CONTAINING_COMPOUND_METABOLIC_PROCESS,FALSE,GOBP_GLUCOSAMINE_CONTAINING_COMPOUND_METABOLIC_PROCESS
58,3,3,3,0.999,,1E-3,,GPBAR1|CDH17|CAV1|RPS6|OCLN|WNT11|ABI2|CDH1|CDHR3|TBCD|CLDN1|ARL2|CLDN6|PRKCH|CLDN9|DLG1|LSR|GJA1|GJC1|NR1H4|CDH26|TBX5|WDR1|CD9|CLDN10|RAB13|JUP|CDH10|HIPK1|CDH11|CDH12|CDH15|PKP4|CDH18|CDH19|CDH20|CDH22|ECT2|CDH24|CDH4|CDH6|CDH7|CDH8|CDH9|RHOC|GJB2|ANK2|CDH2|EPHA2|SLC39A9|CDH3|ACTG1|DLG5|PKP2|GJA4|CLDN11|EPHB2|LIM2|CLDN12|DSG1|TLN2|CLDN14|DSG3|CLDN16|CLDN17|CLDN19|PKP3|CLDN20|SRF|APLNR|CLDN22|CLDN23|FZD5|CLDN4|CLDN7|CLDN8|SMAD7|PARD6B|PIP5K1C|PKN2|F11R|HOPX|ACE|FER|AFDN|GJB1|PDCD6IP|GJA5|IKBKB|ILDR1|FBF1|IL17A|CNTNAP1|IL1B|MICALL2|ACVRL1|AMOT|MPP7|NPHS1|CDH13|CLDN3|CLDN5|CDH5|GJB6|JAM3|MARVELD2|CNTNAP2|RHOA|TJP1|AGT|MYO1C|FSCN1|CTNNB1|PRKCA|PARD3|APC|TNF|TLN1|TRPV4|SNAI1|CLDN15|CLDN2|VCL|PECAM1|CLDN18|IRX3|GRHL2|PAK2|PKP1|GNPAT|ACTB|MARVELD3|PTPRO|RAC1|UGT8|ZNF703|HDAC7|SNAI2|ESAM|ROCK1|EPB41L3|NPHP4|RAMP2|PRKACA|GJD3|CTNNA1|FKRP|FLCN|ROCK2|ACE2|CLDN34|FRMPD2|MPDZ|NPHP1|OCEL1|PATJ|POF1B|STRN,https://www.gsea-msigdb.org/gsea/msigdb/human/geneset/GOBP_CELL_CELL_JUNCTION_ASSEMBLY,158,ENR,GOBP_CELL_CELL_JUNCTION_ASSEMBLY,1,1E-3,GOBP_CELL_CELL_JUNCTION_ASSEMBLY,FALSE,GOBP_CELL_CELL_JUNCTION_ASSEMBLY
99,3,3,3,0.999,,1E-3,,CNTF|THBS4|CSPG4|CTF1|ANGPT1|DOK7|RIPK2|LIF|TNFRSF18|HRG|ERRFI1|TNFSF18|VEGFB|KIT|SOCS4|TNK2|CD80|RAP2C|EFNA5|ERBB4|EPHA7|ITGB2|CASS4|FGF7|SNX6|FLT3|ARHGEF2|RAP2B|IFNL1|PTK6|NRG1|IL18|CSF1R|IL31RA|IL21|CHMP6|GPRC5B|ENPP2|HES1|NEDD9|BANK1|JAK2|SFRP2|TSG101|UNC119|ANGPT4|CNOT7|IL15|PARP14|TGFB1|EFNA1|ABL1|SOCS5|VPS25|LILRA5|PTPN1|VEGFA|PTPN2|GPRC5A|IFNG|IL20|ADAM17|MVP|PDCL3|SRCIN1|INPP5F|ZFYVE28|ZGPAT|IL6|OSM|SAMSN1|IL11|PIBF1|PARP9|EGFR|SFRP1|IL12A|DMTN|ABI1|FGF10|FGFR3|ARL2BP|CADM4,https://www.gsea-msigdb.org/gsea/msigdb/human/geneset/GOBP_REGULATION_OF_PEPTIDYL_TYROSINE_PHOSPHORYLATION,83,ENR,GOBP_REGULATION_OF_PEPTIDYL_TYROSINE_PHOSPHORYLATION,1,1E-3,GOBP_REGULATION_OF_PEPTIDYL_TYROSINE_PHOSPHORYLATION,FALSE,GOBP_REGULATION_OF_PEPTIDYL_TYROSINE_PHOSPHORYLATION
,3,3,3,0.999,,1E-3,,DCHS1|WNT3A|SCRIB|TP63|AXIN1|PALB2|VANGL2|TMED2|TRAF3IP1|RIPPLY2|FZD3|EPHA2|NPR2|HES7|MED12|SFRP2|PRICKLE1|WNT5A|TCF15|SP5|CHST11,https://www.gsea-msigdb.org/gsea/msigdb/human/geneset/GOBP_POST_ANAL_TAIL_MORPHOGENESIS,21,ENR,GOBP_POST_ANAL_TAIL_MORPHOGENESIS,1,1E-3,GOBP_POST_ANAL_TAIL_MORPHOGENESIS,FALSE,GOBP_POST_ANAL_TAIL_MORPHOGENESIS
156,3,3,3,0.999,,1E-3,,SUV39H1|BEND3|KDM5A|RRP8|SUZ12|JARID2|MACROH2A1|BAZ2A|PHF8|EED|SIRT1|SMARCA5|H1-2|SIRT2|EZH2|PHF2|EHMT1,https://www.gsea-msigdb.org/gsea/msigdb/human/geneset/GOBP_FACULTATIVE_HETEROCHROMATIN_FORMATION,17,ENR,GOBP_FACULTATIVE_HETEROCHROMATIN_FORMATION,1,1E-3,GOBP_FACULTATIVE_HETEROCHROMATIN_FORMATION,FALSE,GOBP_FACULTATIVE_HETEROCHROMATIN_FORMATION
30,3,3,3,0.999,,1E-3,,ERBB2|OLFM1|CNIH3|RAB27B|NPHS1|NRXN2|DLG1|VAMP4|GRIP1|GRIP2|DAG1|GRIPAP1|OGT|HRAS|RAP1A|ERBB4|RAB11A|WNT5A|SACM1L|LRRC7|LRRTM1|NETO1|TMEM108|GPSM2|RAB8A|NSG1|LHFPL4|BSN|MPP4|KIF2C|MAP2K1|TRAF6|ABHD17B|GPC4|GPC6|GRIN2A|GRIN2C|NETO2|RAPSN|MAP1A|VWC2|DLG2|HSPB1|MAPT|SCRIB|WNT7A|GABARAP|GHSR|CACNA2D2|KIF5A|KIF5B|KIF5C|VPS26B|MAPK8IP3|RELN|CLSTN3|ADAM10|SLITRK3|STAU2|EPB41L3|ASIC2|CACNG3|IQSEC2|C1QL2|DVL1|C1QL3|STX3|GPHN|NLGN1|ARHGAP44|NLGN2|NRXN1|VPS35|PCLO|SHANK1|LGI1|CACNG2|DLG4|STAU1|CDK5|NPTX1|BAIAP2|ZDHHC12|CLSTN1|ZDHHC15|CPLX1|DLG3|ZDHHC2|CACNG7|GIT1,https://www.gsea-msigdb.org/gsea/msigdb/human/geneset/GOBP_PROTEIN_LOCALIZATION_TO_SYNAPSE,90,ENR,GOBP_PROTEIN_LOCALIZATION_TO_SYNAPSE,1,1E-3,GOBP_PROTEIN_LOCALIZATION_TO_SYNAPSE,FALSE,GOBP_PROTEIN_LOCALIZATION_TO_SYNAPSE
37,3,3,3,0.999,,1E-3,,INTU|VDR|OVOL1|PTPRK|SLURP1|PTCH1|IFT172|IFT74|FGFR2|ZEB1|KDF1|CASK|CD109|IFT52|KLF9|IFT57|MED1|SNAI2|EFNB2|IFT80|EPPK1|IRF6|SFN,https://www.gsea-msigdb.org/gsea/msigdb/human/geneset/GOBP_NEGATIVE_REGULATION_OF_KERATINOCYTE_PROLIFERATION,23,ENR,GOBP_NEGATIVE_REGULATION_OF_KERATINOCYTE_PROLIFERATION,1,1E-3,GOBP_NEGATIVE_REGULATION_OF_KERATINOCYTE_PROLIFERATION,FALSE,GOBP_NEGATIVE_REGULATION_OF_KERATINOCYTE_PROLIFERATION
19,3,3,3,0.999,,1E-3,,CBLB|MTMR2|WNT3A|ANGPT1|ANKRD13A|RSPO1|SYT17|WDR54|RNF220|ATXN2|NECAB2|ITGB3|HPCA|RALA|ANKRD13B|ANKRD13D|EFNB2|CD63|AHI1|DKK1|MAGI2|PCSK9|LRRTM1|DRD4|SFRP4|OPHN1|ARF1|ANXA2|ARRB2|NRG1|LRRTM2|NTF3|TBC1D5|RABEP1|GSG1L|INSR|MKLN1|PPP3R1|NUMB|TAMALIN|ARRB1|UBQLN2|DTNBP1|MDM2|VAC14|APLN|SCRIB|APLNR|HIP1|SDCBP|USP6|HAMP|ARC|DRD2|FMR1|VEGFA|ARAP1|LRPAP1|RIN3|AP2M1|NCDN|APP|FLOT1|PICK1|SH3GL2|ATAD1|SELE|LPAR1|APELA|DLG4|GREM1|EGF|PLCG2|SUSD4|SYK|USP46,https://www.gsea-msigdb.org/gsea/msigdb/human/geneset/GOBP_REGULATION_OF_RECEPTOR_INTERNALIZATION,76,ENR,GOBP_REGULATION_OF_RECEPTOR_INTERNALIZATION,1,1E-3,GOBP_REGULATION_OF_RECEPTOR_INTERNALIZATION,FALSE,GOBP_REGULATION_OF_RECEPTOR_INTERNALIZATION
76,3,3,3,0.999,,1E-3,,REST|SS18|TP63|OGT|ING1|DSG2|BRMS1L|SAP130|SAP30|SAP30L|SINHCAF|HDAC1|PHF10|SIRT6|BRMS1|HDAC2|ING2|BICRA|BICRAL|BRD9|TET1|ACTB|ZNF322|ACTL6A|ACTL6B|ARID1A|YAP1|SMARCA2|SUDS3|SMARCA4|SMARCB1|BCL7A|SMARCC1|BCL7B|BCL7C|SMARCD1|SMARCE1|ARID4A|ARID4B|TEAD4|DPF2|ESRRB|KDM2B|SIN3A|LBH|RBBP7|RBBP4|NCOA3|PRDM14,https://www.gsea-msigdb.org/gsea/msigdb/human/geneset/GOBP_POSITIVE_REGULATION_OF_STEM_CELL_POPULATION_MAINTENANCE,49,ENR,GOBP_POSITIVE_REGULATION_OF_STEM_CELL_POPULATION_MAINTENANCE,1,1E-3,GOBP_POSITIVE_REGULATION_OF_STEM_CELL_POPULATION_MAINTENANCE,FALSE,GOBP_POSITIVE_REGULATION_OF_STEM_CELL_POPULATION_MAINTENANCE
9,3,3,3,0.999,,1E-3,,CHRNA3|SLC6A2|CHRNB4|NRXN2|NGF|P2RX7|RAP1A|RAP1B|FER1L5|ICA1|SLC6A16|SNCAIP|SLC38A2|PSEN1|SLC28A2|SLC29A3|MYOF|KMO|PER2|GABRQ|DRD2|PIP5K1C|TACR2|FLOT1|PFN2|CACNA1B|DNAJC5|BRAF|PPT1|NPY|GPR151|CALM3|CAMK2A|CDK5|OTOF|PPFIA3|RAB3B|CLN8|CPLX1|MCTP1|MCTP2|RIMS1|RIMS3|RIMS4|SLC29A4|SNPH|SV2A|SV2B|SV2C|SLC30A1|SYT10|KCNJ8|SYT12|TPRG1L|ITGB1|ITGB3|SLC1A2|PARK7|SLC22A3|DRD4|MEF2C|GPER1|GDNF|TSPOAP1|NOS1|SNCA|NF1|RAB3GAP1|SYNJ1|MICU3|PRKCB|NAPB|SCRIB|SLC17A8|SLC1A6|SLC1A7|SLC1A1|STX3|SLC6A15|SLC6A17|SLC6A5|SLC6A6|SLC6A7|SLC6A9|LRRK2|GRM4|HRH3|NAPA|DYSF|RIMS2|RAB3A|ATP1A2|PREPL|ATP2A2|BAIAP3|PTPRN2|GPM6B|BRSK1|SLC22A4|CADPS|CADPS2|KCNJ10|PRKCG|DTNBP1|OSBPL2|SLC4A8|SLC17A5|SNCG|SLC17A6|SLC17A7|SLC18A1|SLC18A2|SLC18B1|SNAP23|FMR1|SLC32A1|GFAP|LIN7A|LIN7B|LIN7C|SYNGR3|GPR158|NLGN1|SLC5A7|NRXN1|STXBP5|PCLO|CPLX2|PDZD11|CPLX4|PPFIA2|DOC2A|DOC2B|SEPTIN5|ERC2|GGCX|PNKD|SNAP25|ASIC1|STXBP1|STXBP2|GRIK5|STXBP3|SYN1|SYN2|SYN3|SYT11|RAB5A|SYT4|TOR1A|ADORA2A|BLOC1S6|UNC13A|UNC13B|PRRT2|UNC13C|VAMP2|SLC6A1|CASK|P2RX1|RPH3A|CHAT|P2RY1|RPH3AL|SNAP29|SNAPIN|SNAP47|DRD1|DRD3|ABCC8|CSPG5|KCNMB4|STX11|STX19|STX1A|STX1B|STX2|STX4|SLC22A2|SLC29A1|SYP|EFR3A|SLC6A4|SYT1|SYT13|SYT2|SYT5|SYT8|SYT9|AP2B1|SLC22A1|PRKN|SLC6A12|SLC6A13|SLC1A3|SLC38A1|SLC6A8|SYT7|WNT7A|BGLAP|VPS18|SLC29A2|HCRT|APP|DVL1|SLC6A11|SLC6A3|PPP3CA|FBXL20|BEST1|CACNB4|FBXO45|SLC6A18|GIT1,https://www.gsea-msigdb.org/gsea/msigdb/human/geneset/GOBP_NEUROTRANSMITTER_TRANSPORT,214,ENR,GOBP_NEUROTRANSMITTER_TRANSPORT,1,1E-3,GOBP_NEUROTRANSMITTER_TRANSPORT,FALSE,GOBP_NEUROTRANSMITTER_TRANSPORT
67,3,3,3,0.999,,1E-3,,LRIT3|THBS1|SHISA2|APLN|FGF2|ITGB1|OFD1|RUNX2|WNT5A|NPTN|FGFBP1|SPRY3|FUZ|SPRY4|CREB3L1|NGFR|PRKD2|NRXN1|GATA3|NOG|SPRY1|SPRY2|CTNNB1|OTX2|GPC1|DSTYK|WNT4|PRDM14|SMOC2|FGFBP3|SULF1|SULF2|FAM20C|HHIP,https://www.gsea-msigdb.org/gsea/msigdb/human/geneset/GOBP_REGULATION_OF_FIBROBLAST_GROWTH_FACTOR_RECEPTOR_SIGNALING_PATHWAY,34,ENR,GOBP_REGULATION_OF_FIBROBLAST_GROWTH_FACTOR_RECEPTOR_SIGNALING_PATHWAY,1,1E-3,GOBP_REGULATION_OF_FIBROBLAST_GROWTH_FACTOR_RECEPTOR_SIGNALING_PATHWAY,FALSE,GOBP_REGULATION_OF_FIBROBLAST_GROWTH_FACTOR_RECEPTOR_SIGNALING_PATHWAY
146,3,3,3,0.999,,1E-3,,GALNT16|GALNT3|GALNT4|GALNT6|WNK3|GALNTL6|AKT1|PRKCD|PRKD1|ACVR1B|S1PR2|TRIM6|SPHK1|CDK1|GALNT1|PRKD2|UBE2K|GALNT2|TBK1|PRKCA|PARD3|CHI3L1|CDK10|HIPK3|STOX1|PRKDC|IRGM|MAP3K10|LMTK2|TNKS|CSNK2B|ATF2|MYLK2|NLK|MAPK8|CHEK1|TTBK1|CAMK2A|CDK5R1|CEMIP|STK11|MAPK1|SIRT2|EGF|DMTN|EOGT|STK39|GALNT11|CADM4|GALNT13,https://www.gsea-msigdb.org/gsea/msigdb/human/geneset/GOBP_PEPTIDYL_THREONINE_MODIFICATION,50,ENR,GOBP_PEPTIDYL_THREONINE_MODIFICATION,1,1E-3,GOBP_PEPTIDYL_THREONINE_MODIFICATION,FALSE,GOBP_PEPTIDYL_THREONINE_MODIFICATION
55,3,3,3,0.999,,1E-3,,CLIP3|DYRK1A|FKBP4|TBCD|BBOF1|STMN1|BMERB1|TUBB4A|CAMSAP2|CDH5|ARHGEF7|EML2|CCDC88C|SPECC1L|NAV3|SPEF1|CKAP2|MAP1B|MAP2|STMN2|FGF13|ARHGEF2|INPP5J|GAS2L1|GAS2L2|HDGFL3|HDAC6|SNCA|TRIM54|KATNB1|TTBK2|WDR47|APC|APC2|CIB1|DIAPH3|CLASP1|TPX2|CLASP2|MID1|MID1IP1|ATXN7|TAOK1|MAPRE1,https://www.gsea-msigdb.org/gsea/msigdb/human/geneset/GOBP_NEGATIVE_REGULATION_OF_MICROTUBULE_POLYMERIZATION_OR_DEPOLYMERIZATION,44,ENR,GOBP_NEGATIVE_REGULATION_OF_MICROTUBULE_POLYMERIZATION_OR_DEPOLYMERIZATION,1,1E-3,GOBP_NEGATIVE_REGULATION_OF_MICROTUBULE_POLYMERIZATION_OR_DEPOLYMERIZATION,FALSE,GOBP_NEGATIVE_REGULATION_OF_MICROTUBULE_POLYMERIZATION_OR_DEPOLYMERIZATION
7,3,3,3,0.999,,1E-3,,WNT3A|ADCY10|BRAT1|SGK2|HRG|SPP1|CDA|AKT1|BMP10|HSPA1B|GJA1|ENPP1|BIN3|EPM2A|MAP1B|PAFAH1B1|NTN1|GSK3A|GSK3B|MYL2|IGF1|LMX1A|INS|F2|BTG1|ALCAM|CEACAM1|MT3|MTOR|FOXP1|NIN|CYBA|NUBP1|MAG|CEP43|NPPA|NPR1|NPR2|TP53|PPT1|SIPA1|EGLN2|PLAA|ADIPOR1|ST8SIA2|CD38|CACNG7|EPHX2|OLFM1|ITCH|DDX49|CTDP1|EAF2|DSCAM|IMPACT|EFNA5|EPHA7|FLRT3|L1CAM|EXOSC4|FOXL2|MEGF8|NRG1|NRG3|SLC25A33|NRP2|NTRK3|BLTP1|SLC44A4|PLXNA4|ARHGAP4|DAB2|DCLK1|UCN|SEMA3A|NANOS1|RGS2|SEMA3G|DNM2|SEMA4D|SEMA4F|AUTS2|CRABP2|SEMA5B|SEMA6C|SEMA6D|SLIT3|ITSN2|XBP1|ABL1|MSX1|EPB41L5|SLC23A2|RAB21|GOLGA4|PTPRS|FLRT1|LLPH|NRN1|NRN1L|RAPH1|BRCA1|SPAG9|CSNK2A1|SH3BP4|KMT2D|PUM2|RPS6KA3|EGFR|ZC3H12D|LPAR3|PRKCZ|SIN3A|MACF1|PRDM11|APOE|RASAL1|TRPC5|HDGFL2|TAF9B|CAV3|CD2AP|RERG|INO80|SLC39A12|BST2|CCAR2|FN1|KAT7|PLXNA1|CDK11A|RND2|CDK11B|MAD2L2|MAP2K5|MEAF6|SHTN1|CISH|IGFBP5|RAB33B|PDLIM5|PI16|SORBS2|IGFBPL1|PML|RACK1|IGFBP7|FRZB|CDKN2C|KLHL22|CDKN2D|CRLF3|CSNK2A3|DCUN1D3|FAM107A|FHL1|SEMA7A|SMAD7|RGS4|SMARCA2|SMARCA4|PSRC1|GNG4|CYFIP2|PARP2|PRMT2|MEIS1|SFRP1|HSPA1A|EBAG9|TTL|CYFIP1|YY1|ACVRL1|BCL6|ACVR1B|POU4F3|SSNA1|EXTL3|CDKN1A|NCBP1|CDKN1B|PAK4|NPM1|ANAPC2|CTNNB1|ENO1|EXT1|HYAL1|TNFRSF12A|TNN|ARIH2|KIAA0319|LAMTOR1|NME6|PPP1R9B|PPARA|PRKN|PPP3CB|NLGN3|SPAG6|TGFB1|VGLL4|LAMTOR2|NRP1|MAPKAP1|CRYAB|MINAR1|PLXNA3|PRR5|PRKG1|RPS6KA1|ADAM10|ADAM17|DCAF13|RGMA|RUFY3|RTN4R|DNAJB2|RYK|TMEM97|APP|DVL1|SEMA3F|SEMA5A|AVP|AVPR1A|EMX1|IL2|SLIT1|ING4|ING5|ZFYVE27|BDKRB1|JADE1|JADE2|PRSS2|JADE3|DCBLD2|TNR|FBP1|SGK1|WFDC1|G6PD|RBBP7|WNT3|AGTR1|SPG21|SOX9|C8ORF44-SGK3|ESR2|CDH1|MAP3K13|CFL1|CCN3|RARG|SGK3|NGF|MLST8|ING1|EIF2AK4|ROS1|CDC42|SLITRK1|KIF14|PRKCQ|PPARD|CREB3|CRK|CRKL|HPN|LIMK1|RPTOR|CXCL12|CXCL16|CDKN2AIP|BDNF|H3-3A|H3-3B|GAREM2|NEDD4L|PABIR1|TSPYL2|EDN2|IGFBP3|EDN3|IGFBP4|ATAD3A|CDKL3|VEGFA|DCC|FSTL4|IFRD1|ADRA1A|PRICKLE1|AGTR2|AURKA|P3H1|BMPR2|BCL2|PTCH2|SOX17|CDK5|CIB1|CLSTN1|RB1|GDF9|RIMS1|ZNF639|ADAM15|ERBB2|GDI1|ITGA4|SYT17|ITGB1|EDN1|EDNRA|SOCS2|PAK5|PAK6|RNF6|WT1|NKX6-1|FGF13|BCL11A|DIP2B|MMP14|HDAC6|PAK1|MELTF|SFRP2|EXOSC2|CDC73|CAPRIN2|EXOSC9|MTPN|MAPT|SDCBP|USP9X|ADNP|BCAR1|PTPRJ|DCUN1D5|AKAP6|RTN4|ARMC12|BAP1|CCDC85B|CDKN2A|CGRRF1|CPNE5|MUL1|S100A8|CPNE6|S100A9|CPNE9|TAOK2|TGFBR1|DACT3|NAIF1|H3-5|IGFBP1|HBEGF|ISLR2|KAZALD1|KIF26A|KRT17|LGI1|MUC12|NDRG3|NRCAM|TWF2|OGFR|OSGIN1|OSGIN2|OSTN|PAPPA2|SLIT2|RNF157|SCGB3A1|SERTAD2|SERTAD3|SPOCK1|ST7L|TEAD1|PHB1|TMEM196|TP53TG5|MEX3C|TGFB2|LHX2|PSMD10|RIMS2|IQGAP1|ATG16L1|CPNE1|NDN|WNT5A|RASGRP2|C9ORF72|SESN2|SFN|CDH4|DERL2|CDHR2|SMAD3|S100B|EIF4G1|CTTN|URI1|TFRC|CLASP2|EI24|MYOCD|LTBP4|SRF|EIF4G2|TOMM70|MAP2|DDR1|SLC9A1|NDEL1|SLC9A6|WASF1|COBL|SPHK2|DNPH1|STK11|TRPV2|DDX3X|IST1|HNF4A|SYT4|TRIM46|UNC13A|SESN1|SMURF1|CHPT1|SERPINE2|CDKL5|DISC1|SPART|SPHK1|AGT|SPG11|TMEM108|DCSTAMP|SYT1|SYT2|SYT3|TGFBR2|INHBA|LAMB2|TRIM32|SMAD4|TSG101|GATA4|VCL|ZEB2|HYAL2|ULK1|IL17RB|ULK2|TCHP|TSC22D4|NET1|YAP1|CLSTN3|COL14A1|CYP27B1|DRAXIN|RICTOR|TRIM40|SH3GL2|TNC|IP6K2|ACSL4|POSTN|KDM2B|ARHGEF11|SUPV3L1|MFSD2A|CAMK2D,https://www.gsea-msigdb.org/gsea/msigdb/human/geneset/GOBP_CELL_GROWTH,483,ENR,GOBP_CELL_GROWTH,1,1E-3,GOBP_CELL_GROWTH,FALSE,GOBP_CELL_GROWTH
159,3,3,3,0.999,,1E-3,,BMP4|CNTF|REST|DISP3|FOXA1|WNT3A|MAP3K13|VWC2L|NEUROD2|SIX1|ASPM|DLL1|DMD|LTK|NGF|GLI3|YWHAH|ZC4H2|CPNE1|DDX6|BNIP2|MYCN|TGIF1|B2M|EIF2AK4|MAP1B|ZNF536|CDK5RAP2|SH3GL3|FUOM|PAX6|ECT2|TIAM1|CDK5RAP3|GSK3B|HOXA2|GATA2|S100B|GPRC5B|LMX1A|CXCL12|BRINP1|EIF4G1|CASZ1|CYB5D2|GDPD5|DTX1|ADRA2B|BIN1|ADRA2C|NKX2-5|ASCL1|HEY1|HOXD3|BRINP2|HEYL|BRINP3|CDON|CNTN4|FEZF1|FOXG1|NKX6-3|SOX3|ESRP1|GDF6|MAG|ZEB1|EDNRB|EIF4E|TCF12|ID2|MOSMO|PROX1|TP73|TBX6|YWHAG|HEY2|RAB37|SOX11|BCL2|CNTN2|NEUROG3|NLGN1|DLX1|DLX2|RAP1GAP|GPR37L1|RNF112|PBX1|WDR62|NAP1L2|MEIS1|SFRP1|CDK5R1|CDK5RAP1|MMD|SHOC2|SIX3|SOX2|NREP|PCP4|JAG1|LSM1|NCOA1|UPF3B|EPO|ITGB1|BCL6|TCF4|GDF11|ATOH1|SOCS2|IMPACT|METTL14|DKK1|EIF4ENIF1|NKX6-1|RHOA|MIB1|ARHGEF2|BCL11A|MEF2C|TUNAR|BMP6|HMG20A|HMG20B|ID4|SLC6A4|HES1|HES5|LIN28A|NBL1|NOTCH3|ISL1|MED1|SFRP2|TRIM32|ISL2|OLIG2|VWC2|ZFHX3|IRX3|MYCL|RARA|TGIF2|NOTCH1|FGF2|FGFR1|DAB1|ALK|GDF5|DIXDC1|ETV5|DUOXA1|RAC1|RELN|RAC3|PTBP1|BCL11B|ROCK1|NEUROD1|GDF7|SPAG9|APP|SHH|ZFHX2|NRCAM|FOXO3|BMP7|ZHX2|CALR|KCTD11|BEND6|BMP2|EYA1|LRRK2|SIN3A|CTDSP1|FGF20|TCF3|SOX9|NR2E1|SOX8|TRPC5|TRPC6,https://www.gsea-msigdb.org/gsea/msigdb/human/geneset/GOBP_REGULATION_OF_NEURON_DIFFERENTIATION,185,ENR,GOBP_REGULATION_OF_NEURON_DIFFERENTIATION,1,1E-3,GOBP_REGULATION_OF_NEURON_DIFFERENTIATION,FALSE,GOBP_REGULATION_OF_NEURON_DIFFERENTIATION
62,3,3,3,0.999,,1E-3,,CHRNB2|CHRNA7|ADGRF1|SHISA7|HTR2A|CAMK4|ABCA7|COMT|EIF2AK4|CEBPB|CREB1|CCND2|PSEN1|SORCS3|NTAN1|S100B|LMX1A|INSR|ITGA5|VLDLR|CTNS|BRINP1|LRRN4|SERPINF1|TAFA2|MAP1A|ATXN1L|CIC|DTNBP1|CUX2|DBH|NTF4|PTCHD1|SCN2A|SLC17A7|SRF|GABRB3|FEN1|DRD2|PLK2|LCN2|RASGRF1|RGS14|KCTD16|FOXO6|ATAD1|TUBA1A|SHANK1|SHANK3|SLC2A4|B4GALT2|ASIC1|GIP|PLCB1|CHST10|SYT11|SYT4|KAT2A|RCAN1|KAT2B|RCAN2|ITPR3|ROGDI|CALB1|MUSK|SLC8A2|ITGA3|BLOC1S6|CPEB3|GRIA1|TAC1|FOS|SLC6A1|ATXN1|ITGA8|PAK5|PAK6|PAIP2|DRD1|LARGE1|LGMN|ABCC8|PGRMC1|SPG11|FGF13|MDK|NETO1|HRH1|SLC6A4|TTC36|NPAS4|PRNP|GRIN2A|VPS13B|BTBD9|PPP3CB|MAPT|CSMD1|EIF4EBP2|TREM2|CAMK2N1|TH|PJA2|ADNP|PTN|KLK8|ARC|SLITRK4|RELN|SLC1A1|DCAF11|SLC8A3|NFATC4|APP|OXT|CEBPA|SLC24A2|YTHDF1|ACSS2|JPH3|KCNK2|LDLR|ADCY1|SGK1|ADCY8|APOE|MECP2|TACR1|CRTC1,https://www.gsea-msigdb.org/gsea/msigdb/human/geneset/GOBP_MEMORY,129,ENR,GOBP_MEMORY,1,1E-3,GOBP_MEMORY,FALSE,GOBP_MEMORY
,3,3,3,0.999,,1E-3,,NEDD4L|TGFB1|ITCH|MTMR2|DTX3L|BECN1|PIK3R4|UVRAG|HAMP|PTPN1|SMURF1|MYLIP|LGMN|PCSK9|CAPN1|ANXA2|MVB12A|KIF16B|NEDD4|SH3GLB1|FURIN|RNF43|SNX25|ABCA2|ZNRF3|LAPTM5|CDK5|GIT1|APOE|GPRASP1,https://www.gsea-msigdb.org/gsea/msigdb/human/geneset/GOBP_RECEPTOR_CATABOLIC_PROCESS,30,ENR,GOBP_RECEPTOR_CATABOLIC_PROCESS,1,1E-3,GOBP_RECEPTOR_CATABOLIC_PROCESS,FALSE,GOBP_RECEPTOR_CATABOLIC_PROCESS
20,3,3,3,0.999,,1E-3,,REST|DGKQ|DKK3|EGR1|BMP6|BMP5|CACNA1H|CLCN2|DAB2|STARD3|ADM|BMP2|LHB|CYP11A1|CYP11B1|WNT4|TSPO|AKR1B1|SCP2,https://www.gsea-msigdb.org/gsea/msigdb/human/geneset/GOBP_C21_STEROID_HORMONE_BIOSYNTHETIC_PROCESS,19,ENR,GOBP_C21_STEROID_HORMONE_BIOSYNTHETIC_PROCESS,1,1E-3,GOBP_C21_STEROID_HORMONE_BIOSYNTHETIC_PROCESS,FALSE,GOBP_C21_STEROID_HORMONE_BIOSYNTHETIC_PROCESS
37,3,3,3,0.999,,1E-3,,STAT3|MDK|SP1|PDPK1|APLN|FGF2|FGFR1|ITGA4|GHRL|AKT3|GHSR|PROK1|HMGB1|IGF2|NRARP|SIRT6|ADAM17|PLCG1,https://www.gsea-msigdb.org/gsea/msigdb/human/geneset/GOBP_POSITIVE_REGULATION_OF_VASCULAR_ENDOTHELIAL_CELL_PROLIFERATION,18,ENR,GOBP_POSITIVE_REGULATION_OF_VASCULAR_ENDOTHELIAL_CELL_PROLIFERATION,1,1E-3,GOBP_POSITIVE_REGULATION_OF_VASCULAR_ENDOTHELIAL_CELL_PROLIFERATION,FALSE,GOBP_POSITIVE_REGULATION_OF_VASCULAR_ENDOTHELIAL_CELL_PROLIFERATION
19,3,3,3,0.999,,1E-3,,APOC1|APOC2|PICALM|MTMR2|ANKRD13A|SDCBP|WDR54|ATXN2|NECAB2|RAC1|ANKRD13B|ANKRD13D|LRPAP1|RIN3|B2M|ADIPOQ|PCSK9|LRRTM1|SH3GL3|ANXA2|ARF6|LRRTM2|ABCA2|DLG4|NEU3|RABGEF1|UNC119|APOC3|UBQLN2,https://www.gsea-msigdb.org/gsea/msigdb/human/geneset/GOBP_NEGATIVE_REGULATION_OF_RECEPTOR_MEDIATED_ENDOCYTOSIS,29,ENR,GOBP_NEGATIVE_REGULATION_OF_RECEPTOR_MEDIATED_ENDOCYTOSIS,1,1E-3,GOBP_NEGATIVE_REGULATION_OF_RECEPTOR_MEDIATED_ENDOCYTOSIS,FALSE,GOBP_NEGATIVE_REGULATION_OF_RECEPTOR_MEDIATED_ENDOCYTOSIS
3,3,3,3,0.999,,1E-3,,BMP4|HAND2|HIF1A|PITX2|CFL1|FN1|EDN1|EDNRA|KITLG|ERBB4|CDC42|LAMA5|ACVR1|GDNF|NRP2|SEMA3A|CDH2|FOLR1|ISL1|SEMA3B|SEMA3C|SEMA3D|SEMA3E|EFNB1|SEMA3G|SEMA4B|SEMA4C|OVOL2|SEMA4D|SEMA4F|SEMA4G|ZEB2|SEMA5B|SEMA6A|SEMA6B|SMO|SEMA6C|SEMA6D|NRTN|NRP1|SEMA7A|EDN3|TBX1|EDNRB|HTR2B|RET|SHH|ENG|SEMA3F|SEMA5A|SOX10|CORO1C|PHACTR4|RADIL|TPBG|TWIST1|BMP7|SEMA4A|FGF19|SOX8,https://www.gsea-msigdb.org/gsea/msigdb/human/geneset/GOBP_MESENCHYMAL_CELL_MIGRATION,60,ENR,GOBP_MESENCHYMAL_CELL_MIGRATION,1,1E-3,GOBP_MESENCHYMAL_CELL_MIGRATION,FALSE,GOBP_MESENCHYMAL_CELL_MIGRATION
51,3,3,3,0.999,,1E-3,,BMP4|NOTCH1|PITX2|PITX1|TP63|WNT7A|RARB|MSX1|RARG|MSX2|ZBTB16|CHD7|OSR1|ALX4|SHH|RSPO2|OSR2|ALX3|CTNNB1|TBX3|TWIST1|TBX4|RPGRIP1L|MED1|AFF3|WNT3|FGF8|GPC3,https://www.gsea-msigdb.org/gsea/msigdb/human/geneset/GOBP_EMBRYONIC_HINDLIMB_MORPHOGENESIS,28,ENR,GOBP_EMBRYONIC_HINDLIMB_MORPHOGENESIS,1,1E-3,GOBP_EMBRYONIC_HINDLIMB_MORPHOGENESIS,FALSE,GOBP_EMBRYONIC_HINDLIMB_MORPHOGENESIS
1,3,3,3,0.999,,1E-3,,HOXA3|IRX5|BMP4|HOXB4|HAND2|NKX3-2|WNT11|SIX1|HSD17B7|DLG1|FGF9|MKS1|GLI3|HOXC11|MYCN|MBTD1|RUNX2|ALX4|DMRT2|WNT5A|DEAF1|DLX5|RDH10|DLX6|OSR2|ALX3|HOXA2|PAX5|SMAD3|HOXA11|SATB2|MED12|HOXA1|SIX4|HOXD9|HOXB3|HOXD3|SHOX2|HOXB5|SIX2|UCMA|SMAD2|EIF4A3|MTHFD1|HOXA4|HOXC4|HOXD11|DLX3|HOXD4|COL1A1|DYNC2I1|OSR1|ZEB1|PCSK5|SLC2A10|MOSMO|SCX|MDFI|MMP16|WDR19|SOX11|DLX1|DLX2|FOXC2|NOG|HOXA5|PBX1|HOXA9|HOXB8|NIPBL|TULP3|TBX15|TWIST1|DSCAML1|GSC|HOXA7|MYF5|BMI1|CHST11|SLC35D1|SP3|MTHFD1L|COL11A1|HOXA6|COL2A1|HOXC5|HOXC6|FGFR2|SLC39A3|EDNRA|HOXB7|WNT9B|PRRX1|TFAP2A|FUZ|IFT140|MEGF8|NDST1|MMP14|CTNNB1|EXT1|XYLT1|HYAL1|TGFBR2|SLC39A1|HOXB1|WNT9A|DLX4|HOXB2|IHH|KIAA1217|TAPT1|FLVCR1|HOXC9|GRHL2|HOXD10|PDGFRA|TBX1|PCGF2|ACVR2A|LHX1|SHH|PAX7|TGFBR1|NODAL|HOXB9|CDK20|ALX1|HOXB6|HOXD1|RBP4|BMP7|EYA1|FGF8|SULF1|SULF2,https://www.gsea-msigdb.org/gsea/msigdb/human/geneset/GOBP_EMBRYONIC_SKELETAL_SYSTEM_DEVELOPMENT,136,ENR,GOBP_EMBRYONIC_SKELETAL_SYSTEM_DEVELOPMENT,1,1E-3,GOBP_EMBRYONIC_SKELETAL_SYSTEM_DEVELOPMENT,FALSE,GOBP_EMBRYONIC_SKELETAL_SYSTEM_DEVELOPMENT
,3,3,3,0.999,,1E-3,,ATP2B1|SV2B|CAV1|CALB1|CAV3|HCRTR1|SLC8A2|PLN|ASPH|P2RX1|P2RY1|HRC|WNT5A|CLN3|CALB2|FZD9|TUNAR|GRID2IP|GPER1|TSPOAP1|ATP2B4|GRM1|GRM5|HCRTR2|MYH7B|YWHAE|F2|RYR2|RYR1|ITPR1|OSBPL2|ATP2B2|ATP2B3|WBP2NL|CDH23|CNGB1|SLC8A3|ADORA1|CALCB|TRPC1|CNR1|TMEM64|NPY|BOK|CACNB4|SLC35G1|TRPC7|CAV2|ERC2|SLC8B1|TMEM178A|CALCA|TRPC4|ADCY8|CACNB2|TRPC3|TRPC5|TRPC6,https://www.gsea-msigdb.org/gsea/msigdb/human/geneset/GOBP_REGULATION_OF_CYTOSOLIC_CALCIUM_ION_CONCENTRATION,58,ENR,GOBP_REGULATION_OF_CYTOSOLIC_CALCIUM_ION_CONCENTRATION,1,1E-3,GOBP_REGULATION_OF_CYTOSOLIC_CALCIUM_ION_CONCENTRATION,FALSE,GOBP_REGULATION_OF_CYTOSOLIC_CALCIUM_ION_CONCENTRATION
2,3,3,3,0.999,,1E-3,,HIF1A|DISP3|WNT3A|INSM1|LHX2|ASPM|ITGB1|KDM1A|GLI3|FZD3|OTP|RASSF10|VEGFC|ELL3|TOX|DISC1|LYN|FZD9|PAX6|MDK|FLNA|CTNNB1|DCT|ID4|IGF1|CX3CL1|CX3CR1|PITX3|ZNF335|LRP2|ADGRG1|ASCL1|CDON|DLL4|SMO|NOTCH1|FOXG1|FGF2|NES|DRD2|VEGFA|PROX1|SMARCD3|RYK|SBNO1|SHH|SOX10|DMRTA2|GPR37L1|WDR62|NAP1L1|GNAI2|EGF|NR2E1,https://www.gsea-msigdb.org/gsea/msigdb/human/geneset/GOBP_POSITIVE_REGULATION_OF_NEURAL_PRECURSOR_CELL_PROLIFERATION,54,ENR,GOBP_POSITIVE_REGULATION_OF_NEURAL_PRECURSOR_CELL_PROLIFERATION,1,1E-3,GOBP_POSITIVE_REGULATION_OF_NEURAL_PRECURSOR_CELL_PROLIFERATION,FALSE,GOBP_POSITIVE_REGULATION_OF_NEURAL_PRECURSOR_CELL_PROLIFERATION
61,3,3,3,0.999,,1E-3,,MAP9|ANKRD53|NUP62|HSPA1B|CCSAP|FSD1|NUMA1|RAE1|RIPOR2|VPS4B|PSRC1|CEP97|TPR|RCC1|SASS6|DRG1|DYNC1H1|EML3|STIL|PKD1|CHMP1A|PARP3|CHMP1B|CHMP2A|SPAG5|CHMP2B|CHMP3|GPSM2|CHMP4C|GNAI1|CHMP5|CHMP6|CLTC|PLK1|CHMP7|HNRNPU|PDCD6IP|BORA|CHMP4A|CHMP4B|HSPA1A|TPX2|MAPK15|RNF4|DCTN1|TACC3|SENP6,https://www.gsea-msigdb.org/gsea/msigdb/human/geneset/GOBP_REGULATION_OF_SPINDLE_ORGANIZATION,47,ENR,GOBP_REGULATION_OF_SPINDLE_ORGANIZATION,1,1E-3,GOBP_REGULATION_OF_SPINDLE_ORGANIZATION,FALSE,GOBP_REGULATION_OF_SPINDLE_ORGANIZATION
5,3,3,3,0.999,,1E-3,,CRIPT|LRFN1|LRFN4|FGFR1|LRRC4B|IL1RAP|LRRTM2|PTK2B|GRID2|LATS1|PTPRD|ABI3|PTPRS|PRICKLE1|CASKIN1|CBLN1,https://www.gsea-msigdb.org/gsea/msigdb/human/geneset/GOBP_REGULATION_OF_POSTSYNAPTIC_DENSITY_ASSEMBLY,16,ENR,GOBP_REGULATION_OF_POSTSYNAPTIC_DENSITY_ASSEMBLY,1,1E-3,GOBP_REGULATION_OF_POSTSYNAPTIC_DENSITY_ASSEMBLY,FALSE,GOBP_REGULATION_OF_POSTSYNAPTIC_DENSITY_ASSEMBLY
35,3,3,3,0.999,,1E-3,,BMP4|RARA|RSPO2|LEF1|SRF|FOXF1|HOXA5|WNT7B|MAP2K2|RARG|CTNNB1|HYDIN|EDA|TGFBR2|MAP2K1|MAPK1|MAPK3|SOX9|SHH,https://www.gsea-msigdb.org/gsea/msigdb/human/geneset/GOBP_TRACHEA_DEVELOPMENT,19,ENR,GOBP_TRACHEA_DEVELOPMENT,1,1E-3,GOBP_TRACHEA_DEVELOPMENT,FALSE,GOBP_TRACHEA_DEVELOPMENT
40,3,3,3,0.999,,1E-3,,EPHB1|EPHB2|RPL24|CHRNB2|KCNC1|NDP|SLC25A46|TMEM126A|LPAR1|ATOH7|NAV2|TCIRG1|EXT1|KCNA2|PAX2|GLI3|KCNC2|SLC38A8,https://www.gsea-msigdb.org/gsea/msigdb/human/geneset/GOBP_OPTIC_NERVE_DEVELOPMENT,18,ENR,GOBP_OPTIC_NERVE_DEVELOPMENT,1,1E-3,GOBP_OPTIC_NERVE_DEVELOPMENT,FALSE,GOBP_OPTIC_NERVE_DEVELOPMENT
11,3,3,3,0.999,,1E-3,,NR5A1|C1QBP|PDE3A|ANKRD31|BNC1|LFNG|DAZL|ZP4|NPM2|CCR6|TAC1|INHBB|P2RY1|DHX37|IQCF1|SMURF2|GLRA1|IRGC|WT1|WNT5A|ACVR1B|PGAM4|CDC25A|ZP3|CCDC87|CFAP69|FAM170B|PRDM9|SYDE1|LHFPL2|OOEP|DEFB1|ABCB1|CTNNB1|CDC25B|CDC25C|HYAL3|INSR|INHBA|TMPRSS12|RAD51AP1|HDAC2|CITED2|PIWIL2|ADAM7|UNC5C|MSX1|RBM46|MSX2|UBE2B|EDNRB|VEGFA|NPR2|RETN|PLA2G10|AR|AURKA|TACR2|BAX|SHH|OXT|MEIOC|OVOL1|TAC3|TACR3|PRSS37|APELA|ZFPM2|MEIOSIN|CACNA1H|PLB1|PLCB1|TAC4|CIB1|RNASE10|AGO2|DMRT1|SIRT2|SYCE3|WNT4|MAPK15|YTHDC2|PRDM14|STRA8|SOX9|KNL1|TACR1,https://www.gsea-msigdb.org/gsea/msigdb/human/geneset/GOBP_POSITIVE_REGULATION_OF_REPRODUCTIVE_PROCESS,87,ENR,GOBP_POSITIVE_REGULATION_OF_REPRODUCTIVE_PROCESS,1,1E-3,GOBP_POSITIVE_REGULATION_OF_REPRODUCTIVE_PROCESS,FALSE,GOBP_POSITIVE_REGULATION_OF_REPRODUCTIVE_PROCESS
8,3,3,3,0.999,,1E-3,,SKI|BMP4|ACVRL1|PPARG|PMEPA1|CCN3|BMP10|GDF11|GLCE|AMH|DKK1|TWSG1|ACVR1|BMPR1A|CRKL|BMP6|SMAD3|HFE|SH2B1|TGFBR2|DAB2|INHBA|TGFBR3|KIAA0319|JAK2|ATOH8|SMAD4|SMAD6|OVOL2|CILP|EID2|PARP1|FAM89B|LDLRAD4|UCMA|VEPH1|LRP1|TGFB1|XBP1|GDF5|GDF6|SMAD7|CSNK2B|TGFB3|EMILIN1|ACVR2A|GDF7|TBX20|BMPR2|SPTBN1|ENG|TGFBR1|NODAL|PSG9|TOB1|NOG|GDF15|BMP5|BMPER|BMP7|GREM1|BMP2|PIN1|TTK|NUP93|TGFB2,https://www.gsea-msigdb.org/gsea/msigdb/human/geneset/GOBP_REGULATION_OF_SMAD_PROTEIN_SIGNAL_TRANSDUCTION,66,ENR,GOBP_REGULATION_OF_SMAD_PROTEIN_SIGNAL_TRANSDUCTION,1,1E-3,GOBP_REGULATION_OF_SMAD_PROTEIN_SIGNAL_TRANSDUCTION,FALSE,GOBP_REGULATION_OF_SMAD_PROTEIN_SIGNAL_TRANSDUCTION
149,3,3,3,0.999,,1E-3,,DLL4|HOXA3|DBH|ACVRL1|TGFB1|FOXC1|LIF|HRG|JAG1|CCR2|AXL|NPPC|CHD7|NPR3|CRB1|EDNRA|NPR2|ATG5|EPAS1|ATP7A|AGTR2|CST3|BAK1|ACE|BAX|BMPR2|AGT|TMBIM1|ACVR2B|MEF2C|RSPO3|FOXC2|NOL3|NDP|BGN|BCR|IGF1|RBPJ|EXT1|NOS3|CBS|SEMA3C|FLT4|CEACAM1|FGF10|FGF8|MDM2|TGFB2,https://www.gsea-msigdb.org/gsea/msigdb/human/geneset/GOBP_BLOOD_VESSEL_REMODELING,48,ENR,GOBP_BLOOD_VESSEL_REMODELING,1,1E-3,GOBP_BLOOD_VESSEL_REMODELING,FALSE,GOBP_BLOOD_VESSEL_REMODELING
152,3,3,3,0.999,,1E-3,,STAT3|UGCG|PID1|BBS2|ADIPOR1|INHBB|SIRT1|BBS4|CCNA2|LEP|LEPR|MKKS|MT3|FGB|FGF23|GCK|NR4A3,https://www.gsea-msigdb.org/gsea/msigdb/human/geneset/GOBP_CELLULAR_RESPONSE_TO_LEPTIN_STIMULUS,17,ENR,GOBP_CELLULAR_RESPONSE_TO_LEPTIN_STIMULUS,1,1E-3,GOBP_CELLULAR_RESPONSE_TO_LEPTIN_STIMULUS,FALSE,GOBP_CELLULAR_RESPONSE_TO_LEPTIN_STIMULUS
67,3,3,3,0.999,,1E-3,,LRIT3|THBS1|SHISA2|GALNT3|FGF9|ITGB1|FGFR2|IQGAP1|FGF12|ZDHHC16|RUNX2|SHCBP1|IFT80|WNT5A|FGF7|NPTN|FLRT2|RAB14|CHURC1|FLRT3|FRS3|FGFBP1|CEP57|SPRY3|FUZ|SPRY4|CREB3L1|NGFR|PRKD2|NDST1|CRKL|SPRY1|SPRY2|CTNNB1|PTPN11|TRIM71|EXT1|OTX2|KL|SMOC2|FGFBP3|FGF14|APLN|FGF17|FGF2|FGF22|FGFR1|FGF5|FGFR4|FGF6|FGFRL1|OFD1|KLB|FLRT1|FGF23|FGF1|FGF16|FGF18|NRXN1|GATA3|KIF16B|NOG|FIBP|GRB2|CCN2|SOS1|GPC1|DSTYK|SHOC2|WNT4|FGF19|FGF20|PRDM14|RHOD|FGF10|FGF8|FGFR3|FRS2|SULF1|SULF2|FAM20C|HHIP|TBX2,https://www.gsea-msigdb.org/gsea/msigdb/human/geneset/GOBP_FIBROBLAST_GROWTH_FACTOR_RECEPTOR_SIGNALING_PATHWAY,83,ENR,GOBP_FIBROBLAST_GROWTH_FACTOR_RECEPTOR_SIGNALING_PATHWAY,1,1E-3,GOBP_FIBROBLAST_GROWTH_FACTOR_RECEPTOR_SIGNALING_PATHWAY,FALSE,GOBP_FIBROBLAST_GROWTH_FACTOR_RECEPTOR_SIGNALING_PATHWAY
29,3,3,3,0.999,,1E-3,,ROGDI|ANKFN1|MTA1|EGR1|PLN|CIART|NCOR1|ID2|NCOA2|PTEN|USP2|MTOR|KCND2|NAGLU|ZFHX3,https://www.gsea-msigdb.org/gsea/msigdb/human/geneset/GOBP_LOCOMOTOR_RHYTHM,15,ENR,GOBP_LOCOMOTOR_RHYTHM,1,1E-3,GOBP_LOCOMOTOR_RHYTHM,FALSE,GOBP_LOCOMOTOR_RHYTHM
,3,3,3,0.999,,1E-3,,MAP3K13|MINK1|NEK2|MAP3K12|ERRFI1|LTK|AKT1|MAP4K1|NTRK1|PRKX|CAMK2B|PRKD1|STK24|EIF2AK4|PDGFRB|MAP3K3|CLK2|PDGFA|PDGFB|FES|PTK6|VRK2|WNK2|CHEK2|GSK3B|RASSF2|CSF1R|RAP2A|STK25|SIK1|INSR|SRC|EIF2AK1|PASK|DAPK2|MAP3K10|DYRK1A|CAMKK2|STK4|DDR2|ERN1|MAP3K20|DAPK1|PIKFYVE|TOM1L1|VEGFA|TRPM7|EIF2AK2|MVP|AURKA|DDR1|FER|GRK1|FGR|FLT1|GRK7|TNNI3K|NEK10|EPHB4|MYO3A|PEAK1|CAMK2A|HCK|STK11|STK33|IRAK1|SIK2|MOB1B|MUSK|TAF1|ATM|MARK2|BMX|FGFR2|HTATIP2|MAP3K21|MAP3K9|MEX3B|STK16|KIT|TNIK|TNK1|CHP1|ERBB4|EPHA7|ACVR1B|LCK|EEF2K|EPHA4|FLT3|LYN|MAP3K11|NRG1|VRK1|INSRR|IGF1R|MAK|MELK|SMG1|JAK2|FLT4|OXSR1|KDR|PAK2|PDPK1|ULK1|ABL1|LMTK2|ULK2|FGFR1|ULK3|FGFR4|MAP2K2|PIM1|ALK|PDGFRA|PTK2|PTK2B|TXK|MYLK2|STK17B|ADIPOQ|SRMS|STK26|EPHB1|NTRK2|RIPK1|SLK|LRRK2|NEK6|DAPK3|MAPK3|MAPKAPK5|GRK5|RIOK2|MAPK15|STK10|STK39|EPHB3,https://www.gsea-msigdb.org/gsea/msigdb/human/geneset/GOBP_PROTEIN_AUTOPHOSPHORYLATION,139,ENR,GOBP_PROTEIN_AUTOPHOSPHORYLATION,1,1E-3,GOBP_PROTEIN_AUTOPHOSPHORYLATION,FALSE,GOBP_PROTEIN_AUTOPHOSPHORYLATION
25,3,3,3,0.999,,1E-3,,BTRC|TNFSF11|PYGO2|KDM5B|ZNF703|ID2|ESR1|WNT5A|DEAF1|ROBO1|RTN4|BAX|CCND1|CDKN2A|CEBPB|GATA3|GPX1|HOXA5|AREG|IQGAP3|TFAP2C|EPHA2|MAPK1|MED1|BRCA2|RREB1|PHB2|STAT6,https://www.gsea-msigdb.org/gsea/msigdb/human/geneset/GOBP_MAMMARY_GLAND_EPITHELIAL_CELL_PROLIFERATION,28,ENR,GOBP_MAMMARY_GLAND_EPITHELIAL_CELL_PROLIFERATION,1,1E-3,GOBP_MAMMARY_GLAND_EPITHELIAL_CELL_PROLIFERATION,FALSE,GOBP_MAMMARY_GLAND_EPITHELIAL_CELL_PROLIFERATION
2,3,3,3,0.999,,1E-3,,HIF1A|WNT3A|ASPM|DAGLA|DAGLB|ITGB1|KDM1A|DOCK7|FGFR2|GLI3|SKOR2|EML1|FZD3|OTP|PLXNB2|VEGFC|RAB10|TAFA1|PAFAH1B1|DISC1|KCNA1|NBN|FZD9|FGF13|ARHGEF2|PAX6|CTNNB1|DCT|GATA2|ID4|CX3CL1|CX3CR1|SOX5|ZNF335|NUMB|NF1|ASCL1|AKNA|CDON|SMO|TGFB1|NOTCH1|FOXG1|NUMBL|FGF2|FGFR1|PTN|TEAD3|DRD2|KIFAP3|VEGFA|PROX1|RACGAP1|SMARCD3|LHX5|SHH|NDE1|SOX10|ARTN|DMRTA2|LEF1|TP53|WDR62|ACSL6|CTNNA1|KCTD11|LRRK2|VAX1|SIX3|VSX2|BTG2|NEUROD4|FRS2|NR2E1|HHIP,https://www.gsea-msigdb.org/gsea/msigdb/human/geneset/GOBP_NEUROBLAST_PROLIFERATION,75,ENR,GOBP_NEUROBLAST_PROLIFERATION,1,1E-3,GOBP_NEUROBLAST_PROLIFERATION,FALSE,GOBP_NEUROBLAST_PROLIFERATION
6,3,3,3,0.999,,1E-3,,HAND2|HIF1A|WNT3A|DLL1|CCDC40|DNAAF1|ZIC3|CCDC39|C2CD3|WNT5A|AHI1|SOX18|MIB1|MEF2C|ACVR1|MEGF8|BBS5|BBS7|PSEN1|SMAD3|HES1|NOTO|TGFBR2|FOLR1|TEAD2|MICAL2|GATA4|IHH|NKX2-5|OVOL2|CITED2|RNF207|RYR2|MESP1|SMO|DVL2|NOTCH1|SUFU|SRF|APLNR|CLUAP1|NDRG4|IFT172|YAP1|IFT52|IFT57|PKD2|HAND1|MKKS|FOXN4|TBX20|ARL13B|NPHP3|DVL1|SHH|ENG|NODAL|STIL|SETDB2|ASB2|NOTCH2|SOX17|VANGL2|TBX3|TMED2|FOXH1|FGF8|TBX2,https://www.gsea-msigdb.org/gsea/msigdb/human/geneset/GOBP_EMBRYONIC_HEART_TUBE_MORPHOGENESIS,68,ENR,GOBP_EMBRYONIC_HEART_TUBE_MORPHOGENESIS,1,1E-3,GOBP_EMBRYONIC_HEART_TUBE_MORPHOGENESIS,FALSE,GOBP_EMBRYONIC_HEART_TUBE_MORPHOGENESIS
38,3,3,3,0.999,,1E-3,,WNT3A|LMO3|SIX1|ADGRF1|ADGRF5|HTR2A|ADRB3|CTBP2|SULT1E1|AKT1|WNT5B|AKT2|NAPEPLD|GDF10|ATF5|BBS4|ENPP1|BCL2L13|OSBPL8|CEBPB|CMKLR1|PPARD|ATAT1|CREB1|SENP2|INS|CBY1|SIRT6|DKKL1|LEP|ADIG|CREBL2|ARL4A|FNDC5|LAMB3|NR1D1|PER2|STK3|STK4|PID1|GDF6|VEGFA|DUSP10|ATF2|IFRD1|NPR2|RETN|ERAP1|ADRB1|PRLH|FFAR2|ANKRD26|JDP2|PTGR3|RUNX1T1|ARL6|PSMB8|RORC|BNIP3|SAV1|GPS2|MB|PLAC8|PLCB1|ALOXE3|PIAS1|ZFP36|OSBPL11|KCNJ8|AXIN1|BBS1|BBS2|E2F1|TAF8|PNPLA3|FOSL2|VSTM2A|WNT10B|PTPRQ|ZBTB7A|FTO|TRIB2|GPER1|TRIB3|EGR2|GPX1|NOCT|HDAC6|NR4A1|TNF|TRPV4|MED1|SFRP2|RGS2|SMAD6|MMP11|IFRD2|TMEM120B|XBP1|PIM1|MSX2|WWTR1|RARRES2|SNAI2|AXIN2|CCDC85B|NR4A3|INSIG1|PPARGC1A|PRDM16|SOD2|SLC7A10|RNASEL|BMP7|ZFP36L2|OPA3|BMP2|SIRT2|TLCD3B|GRK5|FGF10|GDF3|MEX3C|SOX8|LRP5|CLIP3|HMGA2|PPARG|ADRB2|CEBPD|ZFP36L1|TRPM4|INHBB|SOCS1|WNT5A|CCDC3|LRP3|CCND1|ALDH6A1|TRIO|BBS7|FOXO1|GATA2|SMAD3|TBL1XR1|FRZB|ERO1A|CTBP1|SOX13|TFAP2B|ZBTB16|TTC8|SIRT1|ID2|STEAP4|SORT1|MKKS|ZBTB7B|ANGPTL8|CNTN2|FAM83A|EBF2|AAMDC|ADIRF|NIPBL|ZFPM2|MEDAG|IL11|WIF1|MAFB|ZBTB7C|UCP1|SFRP1|SLC2A4|HNRNPU|LRRC8C|ZNF516|RETREG1|JAG1|WDFY2|PEX11A|CDS1|NUDT7|KLF5|DDIT3|SREBF1|FFAR4|TGFB1I1|C1QTNF3|CIDEA|WNT1|ID4|TCF7L2|HES1|TPH1|FABP3|SLC39A13|TRIM32|RREB1|FITM1|FITM2|METRNL|ZNF385A|BMAL1|TGFB1|GNB3|TFE3|CCN4|PDGFRA|TMEM120A|BBS12|YAP1|BSCL2|FABP4|NR4A2|ZC3H12A|HTR2C|ADIPOQ|CARM1|MAPK14|NEGR1|SYAP1|ALOX5|SDF4|CEBPA|NOC3L|IL6|TMEM64|ASXL1|ASXL2|C1QL4|EP300|KLF4|FAM120B|PTGS2|FLCN|RORA|SH2B2|DLK2|FERMT2|LPL|BBS9|ARID5B|FBXO9|GPR180|LRG1,https://www.gsea-msigdb.org/gsea/msigdb/human/geneset/GOBP_FAT_CELL_DIFFERENTIATION,246,ENR,GOBP_FAT_CELL_DIFFERENTIATION,1,1E-3,GOBP_FAT_CELL_DIFFERENTIATION,FALSE,GOBP_FAT_CELL_DIFFERENTIATION
,3,3,3,0.999,,1E-3,,PLPP1|ACER1|PLPP2|ACER2|ACER3|AGK|SGPP1|SGPP2|SPHK2|SPTLC3|ABCA2|SPTSSA|ASAH1|SPTSSB|NAAA|PLPP3|ASAH2|GBA1|SPTLC1|SPTLC2|DEGS2|KDSR|SPHK1,https://www.gsea-msigdb.org/gsea/msigdb/human/geneset/GOBP_SPHINGOID_METABOLIC_PROCESS,23,ENR,GOBP_SPHINGOID_METABOLIC_PROCESS,1,1E-3,GOBP_SPHINGOID_METABOLIC_PROCESS,FALSE,GOBP_SPHINGOID_METABOLIC_PROCESS
41,3,3,3,0.999,,1E-3,,PPP2R1A|FYN|MCL1|SRPX|FGFR1|IL1A|COL2A1|GFRAL|PPP1CA|SGK3|AKT1|IL7|HSPA1B|PRDX2|MAP2K5|PPP2R1B|RET|SNAI2|EYA2|UNC5B|BCL2|BCL2L1|STRADB|NRG1|GDNF|GATA1|CX3CL1|KLF4|TNF|INHBA|CSF2|CTNNA1|HTRA2|RIPK1|HSPA1A|NF1|EYA1|IFI6|EYA3|EYA4|TERT|WWOX|FGF10|IL1B|MAPK7|C8ORF44-SGK3|PF4|TGFB2,https://www.gsea-msigdb.org/gsea/msigdb/human/geneset/GOBP_REGULATION_OF_EXTRINSIC_APOPTOTIC_SIGNALING_PATHWAY_IN_ABSENCE_OF_LIGAND,48,ENR,GOBP_REGULATION_OF_EXTRINSIC_APOPTOTIC_SIGNALING_PATHWAY_IN_ABSENCE_OF_LIGAND,1,1E-3,GOBP_REGULATION_OF_EXTRINSIC_APOPTOTIC_SIGNALING_PATHWAY_IN_ABSENCE_OF_LIGAND,FALSE,GOBP_REGULATION_OF_EXTRINSIC_APOPTOTIC_SIGNALING_PATHWAY_IN_ABSENCE_OF_LIGAND
1,3,3,3,0.999,,1E-3,,IRX5|BMP4|TIFAB|MTHFD1L|TP63|SIX1|FGFR2|GLI3|SLC39A3|ZIC3|EDNRA|RUNX2|INSIG2|CEP55|RDH10|WNT9B|PRRX1|TFAP2A|GNA11|IRF6|IFT140|MEGF8|NDST1|MMP14|CRKL|HOXA2|PAX5|CTNNB1|SMAD3|EXT1|TGFBR2|MED12|SLC39A1|HOXA1|LRP2|SIX4|SIX2|GRHL2|COLEC10|SMAD2|TGFB1|EIF4A3|MTHFD1|FOXN3|PDGFRA|MSX2|TBX1|FREM1|TMEM107|MMP16|RIC1|WDR19|LHX1|INSIG1|TGFBR1|NODAL|DLX2|CPLANE2|FOXC2|NOG|B3GLCT|NIPBL|TULP3|FOXE1|TBX15|TWIST1|RAB23|FGF8|CHST11|TGFB2,https://www.gsea-msigdb.org/gsea/msigdb/human/geneset/GOBP_CRANIAL_SKELETAL_SYSTEM_DEVELOPMENT,70,ENR,GOBP_CRANIAL_SKELETAL_SYSTEM_DEVELOPMENT,1,1E-3,GOBP_CRANIAL_SKELETAL_SYSTEM_DEVELOPMENT,FALSE,GOBP_CRANIAL_SKELETAL_SYSTEM_DEVELOPMENT
9,3,3,3,0.999,,1E-3,,SV2B|SV2C|RIMS2|CASK|RAB3A|P2RX1|P2RY1|PREPL|SNAPIN|RAP1A|RAP1B|ATP2A2|CSPG5|SYT1|SYT13|SYT2|SYT5|SYT8|RAB3GAP1|PRKCG|DTNBP1|PRKCB|SLC4A8|WNT7A|FMR1|VPS18|DVL1|NLGN1|PFN2|STXBP5|CACNA1B|PPFIA2|BRAF|PPP3CA|FBXL20|NPY|CACNB4|GPR151|CALM3|SEPTIN5|CDK5|LRRK2|FBXO45|SYN1|RIMS1|GIT1|RIMS3|RIMS4|RAB5A|SYT4,https://www.gsea-msigdb.org/gsea/msigdb/human/geneset/GOBP_REGULATION_OF_SYNAPTIC_VESICLE_EXOCYTOSIS,50,ENR,GOBP_REGULATION_OF_SYNAPTIC_VESICLE_EXOCYTOSIS,1,1E-3,GOBP_REGULATION_OF_SYNAPTIC_VESICLE_EXOCYTOSIS,FALSE,GOBP_REGULATION_OF_SYNAPTIC_VESICLE_EXOCYTOSIS
80,3,3,3,0.999,,1E-3,,SMO|HMGA2|EZR|VIL1|GPAM|PPIB|GHRL|GHSR|BBS2|CHD7|DRD2|BBS4|HSF1|MKKS|SPTBN4|BCL2|GHR|SLC6A3|GHRH|CREB1|DIO3|PLS1|CSF1|NIPBL|POU3F2|IGF2|GHRHR|PEX5|ATP8A2|STAT5B|GPR21|STAT5A|FOXS1,https://www.gsea-msigdb.org/gsea/msigdb/human/geneset/GOBP_POSITIVE_REGULATION_OF_MULTICELLULAR_ORGANISM_GROWTH,33,ENR,GOBP_POSITIVE_REGULATION_OF_MULTICELLULAR_ORGANISM_GROWTH,1,1E-3,GOBP_POSITIVE_REGULATION_OF_MULTICELLULAR_ORGANISM_GROWTH,FALSE,GOBP_POSITIVE_REGULATION_OF_MULTICELLULAR_ORGANISM_GROWTH
12,3,3,3,0.999,,1E-3,,TOR1A|CHRNB2|SLC6A2|SNCG|SLC18A1|SLC18A2|HTR2A|DRD2|CHRNA4|COMT|CHRM5|PARK7|DRD1|DRD3|PINK1|SLC22A3|KPNA4|DRD4|OPRK1|SLC6A3|GDNF|ABAT|SNCA|SLC22A2|CHRNA6|KCNA2|SYT1|GABBR1|CXCL12|SLC29A3|NPY2R|RAB3B|GRM2|MAPK15|FGF20|GNAT1|TGM2|SLC29A4|SYT11|SLC22A1|SYT4|DTNBP1|PRKN,https://www.gsea-msigdb.org/gsea/msigdb/human/geneset/GOBP_DOPAMINE_TRANSPORT,43,ENR,GOBP_DOPAMINE_TRANSPORT,1,1E-3,GOBP_DOPAMINE_TRANSPORT,FALSE,GOBP_DOPAMINE_TRANSPORT
16,3,3,3,0.999,,1E-3,,KHDRBS1|NCBP2|CPSF6|NUP153|NRDE2|SETD2|HHEX|THOC2|WNK1|ALKBH5|DDX39A|AKAP8L|RSC1A1|TPR|ADORA1|IWS1|NSUN2|DHX9,https://www.gsea-msigdb.org/gsea/msigdb/human/geneset/GOBP_REGULATION_OF_NUCLEOBASE_CONTAINING_COMPOUND_TRANSPORT,18,ENR,GOBP_REGULATION_OF_NUCLEOBASE_CONTAINING_COMPOUND_TRANSPORT,1,1E-3,GOBP_REGULATION_OF_NUCLEOBASE_CONTAINING_COMPOUND_TRANSPORT,FALSE,GOBP_REGULATION_OF_NUCLEOBASE_CONTAINING_COMPOUND_TRANSPORT
31,3,3,3,0.999,,1E-3,,SFRP5|CAV1|NKD2|WNT11|DKK3|WNT5B|GLI3|AMFR|MAD2L2|RBMS3|WNT5A|PPP2R3A|LIMD1|CTNNBIP1|MCC|TLE5|GSK3A|PPP2CA|GSK3B|EGR1|HDAC1|FOXO1|ZNRF3|PTPRU|SHISA6|CBY1|IGFBP6|TLE6|DKKL1|TLE1|CDH2|FRZB|TBX18|LZTS2|NOTUM|LMBR1L|NKX2-5|IGFBP2|DKK4|MESP1|DACT1|STK3|STK4|SOX13|CSNK1A1|PFDN5|RUVBL2|TMEM131L|CYLD|DAB2IP|IGFBP4|SCYL2|NPPA|PRICKLE1|CTHRC1|NOG|DKK2|SOX17|FZD6|SFRP1|GREM1|TLE3|STK11|TMEM88|SOX2|RBX1|UBAC2|AXIN1|SOST|SIAH2|LATS1|LATS2|CCDC88C|DKK1|DDIT3|SDHAF2|SFRP4|FUZ|HECW1|MDK|AMER2|BICC1|CSNK1A1L|FZD1|INVS|SHISA3|CTNNB1|OTUD5|TLE2|TCF7L2|TLE7|TLE4|TMEM170B|TPBGL|APC|APC2|DAB2|ISL1|FERMT1|SFRP2|FRMD8|KREMEN1|G3BP1|SMAD4|CHD8|GPC3|EMD|NKD1|PRKN|NOTCH1|GLI1|WWTR1|AMER1|PTPRO|SNAI2|AXIN2|ANKRD6|MLLT3|DRAXIN|MAPK14|NPHP3|APP|NPHP4|SHH|LRP4|SOX10|DACT3|IGFBP1|TMEM64|JADE1|FOXO3|NHERF1|TPBG|BMP2|TMEM196|SOX9|APOE|SOSTDC1,https://www.gsea-msigdb.org/gsea/msigdb/human/geneset/GOBP_NEGATIVE_REGULATION_OF_CANONICAL_WNT_SIGNALING_PATHWAY,138,ENR,GOBP_NEGATIVE_REGULATION_OF_CANONICAL_WNT_SIGNALING_PATHWAY,1,1E-3,GOBP_NEGATIVE_REGULATION_OF_CANONICAL_WNT_SIGNALING_PATHWAY,FALSE,GOBP_NEGATIVE_REGULATION_OF_CANONICAL_WNT_SIGNALING_PATHWAY
81,3,3,3,0.999,,1E-3,,PICALM|MLLT6|UMOD|ADGRF5|WFS1|TF|EPAS1|B2M|BPIFA1|PRKACB|NKIRAS1|CFTR|NKIRAS2|ATP6V1B1|MBL2|BMP6|GNAS|EXT1|AQP1|CYBRD1|HFE|INPP5K|TRPV4|LIPA|SCNN1A|ITGB6|SCNN1G|TFRC|EIF2AK1|KDR|AKAP11|AKR1B1|SLC11A1|BTBD9|NAGLU|SLC11A2|HYAL2|RHAG|SLC40A1|NEO1|TGFB1|ABCA12|AQP2|AQP3|AQP4|MYO5B|AQP6|HAMP|HEPH|TMEM63A|HMOX1|TFR2|TMEM63B|HJV|IREB2|VEGFA|RCN3|EXT2|OAS1|AVP|EPB42|TMPRSS6|PRKACA|ABCA3|SFTPD|FBXL5|SOD2|FECH|LPCAT1|ADCY6|CYP4A11|CYP4F12|CTSH|CYP4F2|NAPSA|HAS2|SCNN1B,https://www.gsea-msigdb.org/gsea/msigdb/human/geneset/GOBP_MULTICELLULAR_ORGANISMAL_LEVEL_CHEMICAL_HOMEOSTASIS,77,ENR,GOBP_MULTICELLULAR_ORGANISMAL_LEVEL_CHEMICAL_HOMEOSTASIS,1,1E-3,GOBP_MULTICELLULAR_ORGANISMAL_LEVEL_CHEMICAL_HOMEOSTASIS,FALSE,GOBP_MULTICELLULAR_ORGANISMAL_LEVEL_CHEMICAL_HOMEOSTASIS
1,3,3,3,0.999,,1E-3,,SKI|BMP4|ABI2|FZR1|CRYBA1|DLG1|WNT5B|KDM5B|ADAMTS9|SIX5|ATF4|WNT5A|BIRC7|MAF|WNT2B|HIPK1|SPRED1|HIPK2|SPRED2|SPRED3|PAX6|CDKN1B|NECTIN3|NTRK3|SPRY1|SPRY2|CTNNB1|SMAD3|TGFBR2|CTNS|PITX3|EPHA2|MED1|SKIL|TDRD7|CDKN1C|VIM|CITED2|ZEB2|BCAR3|CDON|LIM2|MIP|TGFB1|FGF2|NECTIN1|BFSP1|WNT7B|BFSP2|WNT7A|CRYGB|PYGO2|FAT1|CRYAB|CRYGD|NF2|HSF4|PROX1|TBC1D32|LCTL|SOX11|CRYBA2|CRYBA4|UNC45B|CRYBB1|CRYBB2|SOX1|CRYBB3|TGFBR1|CRYBG3|CRYGN|TMOD1|CRYGS|NHS|GATA3|NDP|WNT2|TBC1D20|PLAAT1|MEIS1|PLAAT3|SHROOM2|SIX3|SLITRK6|FRS2,https://www.gsea-msigdb.org/gsea/msigdb/human/geneset/GOBP_LENS_DEVELOPMENT_IN_CAMERA_TYPE_EYE,85,ENR,GOBP_LENS_DEVELOPMENT_IN_CAMERA_TYPE_EYE,1,1E-3,GOBP_LENS_DEVELOPMENT_IN_CAMERA_TYPE_EYE,FALSE,GOBP_LENS_DEVELOPMENT_IN_CAMERA_TYPE_EYE
97,3,3,3,0.999,,1E-3,,IL6R|ADAMTS18|MFSD2B|HRG|HTR2A|C1QTNF1|PRKCD|PDPN|SERPINE2|PEAR1|PLEK|CD9|LYN|PDGFA|PDGFB|PRKCQ|FLNA|CTSG|GP1BA|PRKCA|IL6ST|SVEP1|TEC|EMILIN2|TMX1|JAK2|F2|ADGRG1|CEACAM1|MMRN1|TLR4|PDGFRA|PTPRJ|CELA2A|EMILIN1|PRKG1|VPS33B|F11R|FCER1G|PLA2G4A|SH2B3|IL6|SELP|THBD|FUNDC2|NOS3|ALOX12|UBASH3B|GNAQ|GP5|GP6|GP9|APOE|SYK,https://www.gsea-msigdb.org/gsea/msigdb/human/geneset/GOBP_REGULATION_OF_PLATELET_ACTIVATION,54,ENR,GOBP_REGULATION_OF_PLATELET_ACTIVATION,1,1E-3,GOBP_REGULATION_OF_PLATELET_ACTIVATION,FALSE,GOBP_REGULATION_OF_PLATELET_ACTIVATION
,3,3,3,0.999,,1E-3,,BICD1|FUBP3|CASC3|PUM2|HNRNPAB|DHX36|A1CF|STAU1|ZFP36L1|KIF5C|MEX3D|STAU2|QKI|ZFP36|CAPRIN1|ZNF385A,https://www.gsea-msigdb.org/gsea/msigdb/human/geneset/GOBP_INTRACELLULAR_MRNA_LOCALIZATION,16,ENR,GOBP_INTRACELLULAR_MRNA_LOCALIZATION,1,1E-3,GOBP_INTRACELLULAR_MRNA_LOCALIZATION,FALSE,GOBP_INTRACELLULAR_MRNA_LOCALIZATION
158,3,3,3,0.999,,1E-3,,C3|MYLK3|ADGRB3|TREM2|KCNK13|NGEF|C1QL1|ITGB1|PLXNC1|TGFB3|SNAI2|ITGAM|PRICKLE1|DKK1|DUSP3|ABCC8|FER|EPHA4|C1QA|C1QB|STON1|C1QC|TGFBR1|ARF6|IQSEC1|CX3CL1|SARM1|CX3CR1|VANGL2|PIK3R1|MAP4K4|IL1B|MAPRE2,https://www.gsea-msigdb.org/gsea/msigdb/human/geneset/GOBP_CELL_JUNCTION_DISASSEMBLY,33,ENR,GOBP_CELL_JUNCTION_DISASSEMBLY,1,1E-3,GOBP_CELL_JUNCTION_DISASSEMBLY,FALSE,GOBP_CELL_JUNCTION_DISASSEMBLY
30,3,3,3,0.999,,1E-3,,CACNG4|CACNG5|CACNG8|CBLB|CNIH3|RNF220|DLG1|DAG1|OGT|IFT122|EFNB2|LSG1|RAP1A|LTV1|IPO9|MDN1|RAN|NMD3|NOP9|CEP131|AKIRIN2|NUP88|RPS15|CEP72|SDAD1|KLHL21|LHFPL4|PPP3R1|DZIP1|FCER2|MDM2|DLG2|TERF1|EXOC3L1|HIP1|IFT46|SGCD|KIF17|PCM1|SLC12A5|ARHGAP44|SSX2IP|ATAD1|DYNC2H1|CACNG2|EXOC3L4|AP2A1|CLSTN1|AP3D1|CPLX1|CACNG7|USP46|SEH1L|ERBB2|ARL3|OLFM1|DAW1|SYT17|ITGB3|GRIP1|TNFAIP2|GRIP2|GRIPAP1|HPCA|HRAS|ERBB4|SACM1L|LRRC7|DRD4|NRG1|NSG1|CALY|NACC2|RAB7A|RAPSN|RDX|LMNA|EPS15|VAC14|SCRIB|USP6|XPO1|CACNA2D2|SLC1A1|ATR|SPAG17|EPB41L3|CACNG3|IQSEC2|STX3|BIRC5|LPAR1|LGI1|NPTX1|RAB4A|RIOK2|CEP112|DLG3|ZDHHC2|SUSD4|ZDHHC3|FKBP4|RALA|IFT80|WASL|RAB11A|RALGAPA2|NPTN|AP3M1|TYROBP|GPSM2|RAB8A|RABEP1|GSG1L|PML|SHISA6|MKLN1|KIF2C|NUMB|TAMALIN|EPG5|EXOC3|CILK1|MZT1|CLUAP1|GABARAP|NDC1|DYNC2I1|DYNC2I2|IFT172|IFT22|KIF3B|SMAD7|IFT25|KIF5A|IFT20|IFT27|KIF5B|IFT43|IFT88|KIF5C|IFT52|KIFAP3|IFT56|KIFC2|IFT57|IFT70A|IFT70B|IFT81|LCA5L|RABL2B|TTC21A|WDR19|WDR35|AP2M1|RCC2|CCDC38|NLGN1|RPGR|NRXN1|VPS35|DLG4|FCMR|RALB|ZNF365|ATM|VAMP4|AKAP9|SNAPIN|SSNA1|DYNC2LI1|DYNLT2B|OPHN1|FUZ|DBN1|IFT140|NETO1|INTU|TMEM108|TMEM232|STX7|FXR1|NPM1|MAK|IFT74|MAP2K1|TRAF6|DYNLL1|GPC4|GPC6|TSPAN9|NETO2|NME7|AP2A2|AP2B1|AP2S1|VWC2|EZR|GHSR|BBS12|MIOS|WDPCP|ARC|VPS26B|RELN|WASHC5|ADAM10|LCA5|NCDN|C1QL2|C1QL3|TTC21B|GPHN|RBM10|EIF6|TUB|TRAF3IP1|GIT1|LMNB1|LMNB2,https://www.gsea-msigdb.org/gsea/msigdb/human/geneset/GOBP_PROTEIN_CONTAINING_COMPLEX_LOCALIZATION,220,ENR,GOBP_PROTEIN_CONTAINING_COMPLEX_LOCALIZATION,1,1E-3,GOBP_PROTEIN_CONTAINING_COMPLEX_LOCALIZATION,FALSE,GOBP_PROTEIN_CONTAINING_COMPLEX_LOCALIZATION
45,3,3,3,0.999,,1E-3,,HOXD10|FOXA1|SUFU|FKBP8|LMO4|NFIA|POU4F1|SIX1|DLL1|ESRP1|GLI2|GLI3|ATOH1|SOX1|DMRT3|NFIB|DMRTA2|FEV|HOXC10|MYT1L|NTRK3|POU3F2|EYA1|ISL1|ISL2|EHMT2|LHX3|SMAD4|SOX9|ASCL1|MNX1,https://www.gsea-msigdb.org/gsea/msigdb/human/geneset/GOBP_NEURON_FATE_SPECIFICATION,31,ENR,GOBP_NEURON_FATE_SPECIFICATION,1,1E-3,GOBP_NEURON_FATE_SPECIFICATION,FALSE,GOBP_NEURON_FATE_SPECIFICATION
96,3,3,3,0.999,,1E-3,,BTRC|MGRN1|SUFU|ULK3|PTCH1|IFT172|GLI3|KIF7|IFT122|MOSMO|RUNX2|SERPINE2|ENPP1|CD3E|PRKACB|MEGF8|GPR37L1|GLIS2|CDK20|PRKACA|RFX4|PTCH2|TULP3|KCTD21|GPR161|RACK1|TMED2|TRAF3IP1|KCTD6|KCTD11|HERC4|RB1|NCOA2|GPC3|VCP|HHIP|UBR5,https://www.gsea-msigdb.org/gsea/msigdb/human/geneset/GOBP_NEGATIVE_REGULATION_OF_SMOOTHENED_SIGNALING_PATHWAY,37,ENR,GOBP_NEGATIVE_REGULATION_OF_SMOOTHENED_SIGNALING_PATHWAY,1,1E-3,GOBP_NEGATIVE_REGULATION_OF_SMOOTHENED_SIGNALING_PATHWAY,FALSE,GOBP_NEGATIVE_REGULATION_OF_SMOOTHENED_SIGNALING_PATHWAY
7,3,3,3,0.999,,1E-3,,CAV3|CDH1|WNT3A|ADRB2|CFL1|JARID2|TRIM46|SPP1|WWC2|WWC3|ADRB3|BBS2|ATG16L1|CTDP1|SOCS2|RNF6|TBX5|EPHA7|PTEN|WNT5A|RAI1|LGMN|TLL2|SPART|NTN1|FGF13|BCL11A|CDKN1A|CDKN1B|PI16|DIP2B|GSK3A|HDAC6|GNAS|MSTN|PAK1|SLC6A4|ARHGAP4|KIAA0319|RGS2|SEMA3G|MT3|SEMA4F|FOXP1|PPARA|SEMA6C|MYOZ1|SEMA6D|FXN|STK3|STK4|ULK1|VGLL4|ULK2|NRP1|PTCH1|MAG|PLXNA3|CDKL3|DCC|DUSP10|FSTL4|RGS4|IFRD1|PTPRS|TOMM70|RGMA|TP73|ADRB1|MAP2|MAPK11|DRAXIN|RTN4|RTN4R|CGA|RYK|SPAG9|SEMA3F|SEMA5A|WWC1|NOG|SLIT1|SAV1|GDF15|KCNK2|STC2|CDK5|PLAC8|RBP4|TNR|OSTN|G6PD|WNT3|FGFR3|YY1,https://www.gsea-msigdb.org/gsea/msigdb/human/geneset/GOBP_NEGATIVE_REGULATION_OF_DEVELOPMENTAL_GROWTH,95,ENR,GOBP_NEGATIVE_REGULATION_OF_DEVELOPMENTAL_GROWTH,1,1E-3,GOBP_NEGATIVE_REGULATION_OF_DEVELOPMENTAL_GROWTH,FALSE,GOBP_NEGATIVE_REGULATION_OF_DEVELOPMENTAL_GROWTH
45,3,3,3,0.999,,1E-3,,BMP4|FOXG1|MCL1|NKX6-3|DLL1|JAG1|WNT7A|PTCH1|PAX2|ATOH1|NOTCH4|IFRD1|TRIM15|PROX1|CDC42|POU5F1|PRRX1|CYP26B1|MYOD1|MEF2C|PAX6|EBF2|GATA3|WNT1|HOXA2|NOTCH2|CTNNB1|GATA2|PTCH2|SOX17|HES1|KLF4|DSCAML1|ISL1|TNXB|ASCL1|GATA6|MESP1|TBX2,https://www.gsea-msigdb.org/gsea/msigdb/human/geneset/GOBP_CELL_FATE_DETERMINATION,39,ENR,GOBP_CELL_FATE_DETERMINATION,1,1E-3,GOBP_CELL_FATE_DETERMINATION,FALSE,GOBP_CELL_FATE_DETERMINATION
43,3,3,3,0.999,,1E-3,,NFIB|WNT11|CEBPA|FBLN1|FGF2|OVOL1|TP53|RARB|PTCH1|RARG|RBPJ|GLI3|KDF1|TSC22D1|CD109|NF1|SNAI2|FERMT1|FGF10|CDKN2C|OVOL2|IRF6|SFN,https://www.gsea-msigdb.org/gsea/msigdb/human/geneset/GOBP_NEGATIVE_REGULATION_OF_STEM_CELL_PROLIFERATION,23,ENR,GOBP_NEGATIVE_REGULATION_OF_STEM_CELL_PROLIFERATION,1,1E-3,GOBP_NEGATIVE_REGULATION_OF_STEM_CELL_PROLIFERATION,FALSE,GOBP_NEGATIVE_REGULATION_OF_STEM_CELL_PROLIFERATION
141,3,3,3,0.999,,1E-3,,BLOC1S6|GPR143|BBS2|VPS33A|VPS33B|RAB11A|MKKS|MLPH|RAB1A|MREG|ASIP|ARL6|BBS5|BBS7|BLOC1S3|RAB17|RAB27A|BLOC1S5|SHROOM2|MAP2K1|RAB11B|CDH3|DCTN1|DCTN2|MYO7A|MYO5A,https://www.gsea-msigdb.org/gsea/msigdb/human/geneset/GOBP_PIGMENT_GRANULE_LOCALIZATION,26,ENR,GOBP_PIGMENT_GRANULE_LOCALIZATION,1,1E-3,GOBP_PIGMENT_GRANULE_LOCALIZATION,FALSE,GOBP_PIGMENT_GRANULE_LOCALIZATION
26,3,3,3,0.999,,1E-3,,WNT11|LHX2|MARK2|DLG1|CLIC4|CAMSAP3|PRKCI|WDR1|WNT5A|CDC42|LRRC7|RHOA|MTCL1|OPHN1|PARD3B|FSCN1|OOEP|FOXF1|MSN|RAP2A|PARD3|LAMA1|PTK7|DLG5|CDX2|DLG2|EZR|SCRIB|FAT1|PARD6A|TTC8|PARD6B|SYNE4|IFT20|PARD6G|SH3BP1|CRB1|CRB2|ERBIN|PALS1|FOXJ1|CRB3|MYO9A|DLG4|LLGL1|VANGL2|ANK1|LLGL2|NHERF1|PDCD6IP|PRKCZ|TCF15|DLG3|ARF4|PATJ|ILK,https://www.gsea-msigdb.org/gsea/msigdb/human/geneset/GOBP_ESTABLISHMENT_OR_MAINTENANCE_OF_BIPOLAR_CELL_POLARITY,56,ENR,GOBP_ESTABLISHMENT_OR_MAINTENANCE_OF_BIPOLAR_CELL_POLARITY,1,1E-3,GOBP_ESTABLISHMENT_OR_MAINTENANCE_OF_BIPOLAR_CELL_POLARITY,FALSE,GOBP_ESTABLISHMENT_OR_MAINTENANCE_OF_BIPOLAR_CELL_POLARITY
155,3,3,3,0.999,,1E-3,,BMAL1|KRAS|HMGA2|NEK4|NUAK1|FBXO5|FZR1|PAWR|ABL1|TP63|RSL1D1|KIR2DL4|VASH1|AKT3|YPEL3|ZNF277|BCL6|SIRT1|ABI3|ZKSCAN3|ARG2|MORC3|PLK2|B2M|PTEN|YBX1|ZMPSTE24|SUV39H1|CGAS|BMPR1A|MIF|PNPT1|TERF2|TP53|WNT1|TWIST1|HLA-G|SIRT6|NEK6|RBL1|TERT|CDK6|BCL2L12|EEF1E1|ING2|TBX2,https://www.gsea-msigdb.org/gsea/msigdb/human/geneset/GOBP_REGULATION_OF_CELLULAR_SENESCENCE,46,ENR,GOBP_REGULATION_OF_CELLULAR_SENESCENCE,1,1E-3,GOBP_REGULATION_OF_CELLULAR_SENESCENCE,FALSE,GOBP_REGULATION_OF_CELLULAR_SENESCENCE
5,3,3,3,0.999,,1E-3,,WNT3A|NLGN4X|IL1RAPL2|LRFN3|SLITRK2|SNAPIN|EFNB2|PTEN|WNT5A|CBLN1|DKK1|SLITRK1|CNTN5|ARF6|LRFN4|LRRC4B|FZD1|SNCA|NTRK3|BSN|GRID2|NTNG2|PTPRD|EIF4G1|PLS3|GPC4|CLASP2|LRFN5|CHD4|TLN2|NLGN4Y|NLGN3|IL1RAP|WNT7A|CACNA2D3|CLSTN3|FARP1|SLITRK3|APP|DVL1|MDGA1|LRP4|LRRTM3|NLGN1|NLGN2|NRXN1|PFN2|PCDH17|VPS35|PCLO|PPFIA2|IL1RAPL1|C5AR1|CAP2|DAAM1|IGSF11,https://www.gsea-msigdb.org/gsea/msigdb/human/geneset/GOBP_PRESYNAPSE_ORGANIZATION,56,ENR,GOBP_PRESYNAPSE_ORGANIZATION,1,1E-3,GOBP_PRESYNAPSE_ORGANIZATION,FALSE,GOBP_PRESYNAPSE_ORGANIZATION
1,3,3,3,0.999,,1E-3,,IRX5|MFRP|BMP4|CNTF|NRL|HIF1A|OLFM3|THY1|ABI2|FOXF2|RPGRIP1|PITX2|SAMD11|SDK2|TENM3|DLL1|PTF1A|RARB|EFEMP1|RARG|RORB|COL5A2|GLI3|BBS4|IFT122|PRKCI|ATF4|THRB|WNT5A|PPP2R3A|BBS10|RDH13|HIPK1|SAMD7|TSKU|PAX6|PITX3|FBN2|EPHA2|FJX1|GNGT1|RHO|TDRD7|ATP8A2|BCAR3|VSX1|CDON|EPHB2|IMPG2|SOX12|NECTIN1|AGTPBP1|FZD5|CRYGB|TFAP2B|FAT1|IFT172|TTC8|ZEB1|VEGFA|MFN2|PROX1|POC5|BAK1|BAX|RAB37|SOX11|BCL2|MEGF11|PRDM1|RPGR|ARL6|FBN1|SDK1|NDP|DIO3|WNT2|NOTCH2|NIPBL|TBC1D20|MEIS1|SOX4|MFAP2|SHROOM2|TWIST1|FASLG|RPGRIP1L|SIX3|PDE6C|COL8A2|GNAT1|YY1|TBX2|SKI|TMEM215|CALB1|SP3|JAG1|ROM1|HCN1|RING1|GDF11|STRA6|DSCAM|ADAMTS9|WNT2B|AHI1|LARGE1|HIPK2|TFAP2A|COL8A1|FOXL2|HMGN1|NECTIN3|PTPRM|CTNNB1|AQP1|AQP5|COL5A1|NF1|RP1|USH1C|RS1|WNT9A|IHH|KDR|VAX2|CITED2|MYO7A|NAGLU|NKD1|STAT3|MAN2A1|NOTCH1|FGF2|MFAP5|TH|WNT16|CEP290|PAX2|SLC1A1|CRB1|CRB2|LCTL|STAU2|FOXN4|LHX1|EPHB1|SOX1|PROM1|GNAT2|NTRK2|FSCN2|PHACTR4|TSPAN12|TULP1|ALDH1A3|RBP4|BMP7|FAT3|ZHX2|KDM2B|C12ORF57|VSX2|FRS2|SOX9|CABP4|NR2E3|SOX8|DZANK1|LRP5|MFSD2A,https://www.gsea-msigdb.org/gsea/msigdb/human/geneset/GOBP_EYE_MORPHOGENESIS,172,ENR,GOBP_EYE_MORPHOGENESIS,1,1E-3,GOBP_EYE_MORPHOGENESIS,FALSE,GOBP_EYE_MORPHOGENESIS
4,3,3,3,0.999,,1E-3,,BMP4|MYC|DCHS1|WNT11|CITED1|SIX1|WNK4|DLG1|NPNT|GLI3|LGR4|TCF21|HOXB7|HS2ST1|WT1|WNT2B|HS3ST3A1|WNT9B|AHI1|HS3ST3B1|AGT|FOXD1|LAMA5|MAGED1|MEF2C|CTNNBIP1|MTSS1|PKD1|GDNF|WNT1|CTNNB1|KIF26B|GZF1|HES1|HOXA11|HES5|TMEM59L|HNF1B|SIX4|LZTS2|SMAD4|SALL1|GPC3|IRX1|IRX2|SIX2|IRX3|SMO|WNT6|TGFB1|FGF2|HOXD11|PTCH1|PAX2|OSR1|PAX8|VEGFA|ADAMTS16|PKD2|KLHL3|AGTR2|GREB1L|LHX1|BCL2|SHH|COL4A1|FGF1|GATA3|NOG|PBX1|TACSTD2|LGR5|GREM1|BMP2|EYA1|WNT4|C1ORF54|FGF8|SOX9|SOX8|ILK,https://www.gsea-msigdb.org/gsea/msigdb/human/geneset/GOBP_RENAL_TUBULE_MORPHOGENESIS,81,ENR,GOBP_RENAL_TUBULE_MORPHOGENESIS,1,1E-3,GOBP_RENAL_TUBULE_MORPHOGENESIS,FALSE,GOBP_RENAL_TUBULE_MORPHOGENESIS
100,3,3,3,0.999,,1E-3,,TWNK|BEND3|IAPP|KCNC3|ZNHIT6|CLDN1|CBR4|CLYBL|P2RX7|B2M|CD74|G3BP2|KCTD10|KCTD17|KCNA1|KCTD2|SHKBP1|KCNB2|KCTD5|KCND2|KCND3|APPL2|CRYZ|GNMT|COL6A1|DEFA5|PKD1|KCNC1|KCNJ12|BCL10|CARD8|CARD9|CBY1|KCNT1|KRT10|HPRT1|CD247|ME1|RYR1|RYR3|SNUPN|KIF25|STK3|STK4|TNFAIP1|GSDMD|KCNJ2|PEG10|TRPM7|PKD2|GLRA3|KCTD7|ALDH9A1|SLC1A5|AQP11|GBP5|RNF112|TP53|BOK|HLA-G|RRM2|SHMT1|GRIA3|IFIH1|TK1|UGDH|MS4A1|ALAD|ATL2|ATL3|ROM1|SIGMAR1|DNM1L|SLC1A2|OXA1L|KCNB1|VWA1|LRRC8A|CEP57|IKZF4|BCL11A|KCNA3|KCNA4|SHMT2|KCNA6|MIF|KCNA7|KCNC4|KCND1|KCNV1|MOSPD2|HDAC6|KCNV2|SNCA|ARHGAP27|KCTD1|STOML2|KCTD14|HOMER1|KCTD15|KCTD18|TRIM72|KCTD19|KCTD21|KCTD3|KCTD4|KCTD6|NACC2|KCTD9|MPP2|NLRC4|PRNP|NINJ1|OTOL1|NLRP1|RS1|ZNF746|PRND|NLRP3|TGM2|EHD1|EHD4|FARSA|EHD3|FARSB|TMEM120B|ZNF777|MAPT|CPSF6|CPSF7|MCU|MICU1|SGTB|GOLGA2|NUDT21|OAS1|PNPT1|RNF135|GRIN1|SOD2|TRPM1|TRPM3|OPA1|P2RX3|PEX5|PRMT8|TIFA|CD2AP|USP16|PYCARD|TRPM2|TRPM4|WDCP|RRM1|PXDN|TRIM65|ECT2|CTH|GRIN2B|CHMP2A|KCNF1|KCNG1|KCNG2|KCNG3|POLQ|SSBP1|KCNG4|DELE1|LETM1|ALS2|GLS|THG1L|DNM1|ELAVL1|HGSNAT|KCNRG|ITPR1|KCNS1|KCNS2|OSBPL2|KCNS3|SAMD1|AQP2|AQP4|MAT1A|TMEM70|BASP1|CUTC|SLC31A1|COMP|FUS|KCNA5|STEAP4|TP73|SPAST|ZBTB1|SLC9A1|ACOT13|KCTD12|KCTD16|TDO2|KCTD8|MCOLN1|VPS35|YME1L1|STING1|ABCA3|C9|TP53BP1|PDCD6IP|LRRC8C|CALHM1|LRRC8D|CALHM3|HSD17B8|JMJD6|PKD2L1|ITPR3|EVL|RIPK2|TP63|SAMHD1|HCN1|KCNC2|VASP|BLM|UPB1|PRF1|TRPA1|TRPM6|TRPV1|HLA-DRB1|ALDOA|NOL3|CARD11|SYT1|VSTM5|AQP5|SCARA5|ISG15|TRPV5|KRT1|AQP10|NLRP6|MLKL|PRMT1|TMEM120A|MAT2A|ARC|KCNN4|ZC3H12A|ALOX5AP|CRTC3|ACACB|APP|ACACA|COL1A2|ITLN1|PRPH2|ATL1|APIP|BEST1|HSCB|KCNA2|ALDH1A2|ALDH1A3|EP300|KCTD13|HSD17B10|FKRP|KCTD11|ADCY8|SYCP1|RBMX|CRTC1|CRTC2,https://www.gsea-msigdb.org/gsea/msigdb/human/geneset/GOBP_PROTEIN_COMPLEX_OLIGOMERIZATION,276,ENR,GOBP_PROTEIN_COMPLEX_OLIGOMERIZATION,1,1E-3,GOBP_PROTEIN_COMPLEX_OLIGOMERIZATION,FALSE,GOBP_PROTEIN_COMPLEX_OLIGOMERIZATION
20,3,3,3,0.999,,1E-3,,H6PD|NR5A1|REST|DKK3|ACADVL|FMO5|LHCGR|DGAT2|ATP1A1|NR1H4|ADM|INSIG2|ARMC5|CH25H|GAL|SEC14L2|EGR1|CREB1|STAR|SERPINA12|STARD4|TTC39B|DDX20|IGFBP7|DKKL1|ERLIN1|ERLIN2|LEP|KPNB1|NFKB1|NR1D1|SCAP|PAQR3|MBTPS2|NR3C1|SIRT1|PROX1|CGA|ABCB11|GFI1|ACADL|RORC|ABCA2|GNAI1|GGCX|APOA1|EPHX2|MALRD1|PDE8B|KIT|UGT1A1|PANK2|GPRC6A|UGT1A8|SCP2|AGT|SREBF1|SREBF2|DGKQ|STUB1|BMP6|GPR146|TNF|DAB2|SNAI1|TSPO|MBTPS1|AQP8|GNB3|AKR1C3|ARV1|NR5A2|FGFR4|ASAH1|BGLAP|DHH|CES1|LDLRAP1|POR|PRKG1|IFNG|SNAI2|CYP7A1|QKI|FGF1|INSIG1|ABCG1|ABCG4|PRKACA|BMP5|LDLR|CLCN2|LMF1|BMP2|MAPK1|RORA|LPCAT3|WNT4|FGF19|STAT5B|AGTR1|APOB|NR0B1|PRKAA1|STAT5A|APOE,https://www.gsea-msigdb.org/gsea/msigdb/human/geneset/GOBP_REGULATION_OF_STEROID_METABOLIC_PROCESS,106,ENR,GOBP_REGULATION_OF_STEROID_METABOLIC_PROCESS,1,1E-3,GOBP_REGULATION_OF_STEROID_METABOLIC_PROCESS,FALSE,GOBP_REGULATION_OF_STEROID_METABOLIC_PROCESS
15,3,3,3,0.999,,1E-3,,NR5A1|TNFAIP6|PGR|SGPL1|GPR149|PTX3|PTPRN|GABRB1|LHCGR|NCOA1|AXL|NCOR2|NPPC|GDF10|GNRH1|NOTCH4|AMH|NRIP1|ZP3|CASP3|MDK|TYRO3|ADAMTS1|MMP2|EGR1|ZNF830|PCNA|AFP|MSTN|INHBA|SERPINF1|LEP|EREG|MMP19|SLIT3|NOTCH1|NPY5R|NR5A2|CASP2|PDGFRA|ADNP|SCAPER|PTN|TGFB3|SIRT1|GAS2|NPR2|RETN|PLEKHA1|ESR1|ROBO2|CGA|OPRK1|NHLH2|CA12|FOXO3|FSHR|NOS3|SLIT2|SLC26A6|BMPR1B|FZD4|GDF9|STAT5B|HAS2|STAT5A|TGFB2,https://www.gsea-msigdb.org/gsea/msigdb/human/geneset/GOBP_OVULATION_CYCLE,67,ENR,GOBP_OVULATION_CYCLE,1,1E-3,GOBP_OVULATION_CYCLE,FALSE,GOBP_OVULATION_CYCLE
4,3,3,3,0.999,,1E-3,,BMP4|MYC|WNT11|SIX1|RARB|DLG1|NPNT|GLI3|TCF21|ARG2|CAT|LAMA5|MAGED1|CTNNBIP1|PKD1|OSR2|SPRY1|SMAD3|CER1|GZF1|HOXA11|TMEM59L|HNF1B|SIX4|LZTS2|SALL1|SIX2|SMO|SMAD2|FOXC1|HOXD11|PTCH1|ZBTB16|OSR1|SMAD7|BASP1|SMAD5|VEGFA|ADAMTS16|PKD2|AGTR2|EPCAM|BCL2|FOXJ1|FOXC2|GATA3|NOG|PBX1|TACSTD2|SDC4|SFRP1|GREM1|ILK|DCHS1|CALB1|CITED1|FGFR2|GDF11|LGR4|HOXB7|HS2ST1|WT1|WNT2B|HS3ST3A1|WNT9B|HS3ST3B1|AGT|FOXD1|GDNF|WNT1|CTNNB1|KIF26B|SMAD1|HES1|REN|SMAD4|SMAD6|GPC3|WNT6|RARA|TGFB1|FGF2|FGFR1|CRLF1|PAX2|PAX8|SIM1|RET|ROBO2|GREB1L|LHX1|SHH|FGF1|BMPER|BMP7|SLIT2|BMP2|EYA1|WNT4|FGF10|FGF8|SOX9|SOX8,https://www.gsea-msigdb.org/gsea/msigdb/human/geneset/GOBP_MESONEPHROS_DEVELOPMENT,103,ENR,GOBP_MESONEPHROS_DEVELOPMENT,1,1E-3,GOBP_MESONEPHROS_DEVELOPMENT,FALSE,GOBP_MESONEPHROS_DEVELOPMENT
35,3,3,3,0.999,,1E-3,,ODAD4|BMP4|FOXA1|WNT11|HESX1|PGR|PITX2|LIF|SIX1|HMGCS2|RARG|FGF9|GLI3|NKX2-1|DAG1|HIKESHI|DPPA4|PHEX|TCF21|ATP7A|TBX5|THRB|DLX5|EVA1A|RDH10|CDC42|PDGFA|LAMA5|COL6A1|NKX2-8|PKD1|CREB1|SPRY1|HMGB1|SPRY2|IGF1|RBPJ|RBBP9|PPP3R1|ITGB6|SIX4|ASCL1|ATXN1L|CIC|GNG8|ID1|PPP1CA|AP3B1|EDN2|VEGFA|MOSMO|SRSF6|PROX1|ADAMTS2|BMPR2|SOX11|CTSZ|FOXJ1|SELENON|STK40|BAG6|MME|SAV1|TBX4|RPGRIP1L|SKI|ASS1|ITGA3|FGFR2|PLOD3|ATXN1|FOSL2|THRA|STRA6|CCDC39|GSTCD|EPAS1|WT1|FGF7|WNT2B|CRISPLD2|MMP14|RSPO2|MMP12|TNF|SMPD3|FOXP2|KDR|TMEM38B|KRAS|CELSR1|GRHL2|MAN2A1|WNT7B|MAP2K2|MSX1|AIMP2|CHD7|CYP1A2|RPL13A|DISP1|SHH|FGF1|FGF18|LOX|SFTPD|NOS3|VANGL2|BMP2|FGF10|FGF8|TAB1|HMGA2|ERRFI1|PHF14|PKDCC|RAB3A|RXFP1|EDA|AGR2|MYCN|WNT5A|IGFBP5|NKIRAS1|NKIRAS2|FOXF1|ELK1|YWHAZ|SIM2|IL13|KLF2|DLG5|MYOCD|LOXL3|SPDEF|MAN1A2|SMAD2|SRF|ESRP2|FGFRL1|RC3H2|SEC24B|HYDIN|BASP1|IFT25|TGFB3|COL3A1|HOPX|TP73|SPEF2|RCN3|SMCHD1|ACVR2B|FBN1|NOG|HOXA5|WNT2|ZFPM2|TIMELESS|ABCA3|TULP3|CTSH|JMJD6|HHIP|TBX2|SP3|BLOC1S6|CCDC40|DNAAF1|ZIC3|PDPN|SLC23A1|HIPK2|HS6ST1|SREBF1|ANXA2|BMPR1A|CCBE1|MSC|CTNNB1|EXT1|SLC7A11|CHI3L1|HES1|LAMA1|TGFBR2|LIPA|MAP2K1|PTK7|FLT4|LHX3|HEG1|CRH|GPC3|GATA6|CLDN18|RARA|TGFB1|NOTCH1|ABCA12|FGF2|FGFR1|DNAAF3|PDGFRA|GLI1|GLI2|WDPCP|YAP1|LTBP3|LTA4H|NPHP3|ADAMTSL2|NFIB|NODAL|CEBPA|TNC|LEF1|ASXL1|HSD11B1|ALDH1A2|ADA|ALDH1A3|CCN2|EP300|RBP4|CLCN2|FKRP|MAPK1|MAPK3|SOX9,https://www.gsea-msigdb.org/gsea/msigdb/human/geneset/GOBP_RESPIRATORY_SYSTEM_DEVELOPMENT,230,ENR,GOBP_RESPIRATORY_SYSTEM_DEVELOPMENT,1,1E-3,GOBP_RESPIRATORY_SYSTEM_DEVELOPMENT,FALSE,GOBP_RESPIRATORY_SYSTEM_DEVELOPMENT
37,3,3,3,0.999,,1E-3,,VDR|TP63|PTCH1|IFT172|ZFP36L1|FGFR2|ZEB1|KDF1|CASK|YAP1|CD109|IFT52|IFT57|PRKD1|SNAI2|SRSF6|EFNB2|IFT80|BCL11B|FGF7|EPPK1|IRF6|REG3G|EXTL3|SFN|MDK|INTU|OVOL1|EPB41L4B|NOTCH2|PTPRK|SLURP1|AREG|IFT74|GPR15LG|TGM1|KLF9|MED1|CDH3|FGF10|HAS2|OVOL2|ZFP36|CRNN|LRG1|STXBP4,https://www.gsea-msigdb.org/gsea/msigdb/human/geneset/GOBP_REGULATION_OF_KERATINOCYTE_PROLIFERATION,46,ENR,GOBP_REGULATION_OF_KERATINOCYTE_PROLIFERATION,1,1E-3,GOBP_REGULATION_OF_KERATINOCYTE_PROLIFERATION,FALSE,GOBP_REGULATION_OF_KERATINOCYTE_PROLIFERATION
59,3,3,3,0.999,,1E-3,,BMP4|JAG2|REST|PITX2|SPINK5|DLL1|JAG1|TMEM132E|ATOH1|MYCN|PAFAH1B1|POU4F3|ERCC3|ELMOD3|ANKRD24|MYO6|CLRN2|GRXCR2|GSDME|LHFPL5|CTNNB1|PDZD7|RBPJ|STRC|SLC44A4|TECTA|HES1|TPRN|HES5|USH1C|ERCC2|MYO7A|MYCL|NOTCH1|FGF2|SCRIB|FGFR1|ESRP1|DLX3|SEC24B|WDPCP|CDH23|CLRN1|RAC1|KCNQ1|MINAR2|HEY2|TMC1|PLS1|TRIOBP|GRXCR1|USH2A|NHERF1|WHRN|SLC4A7|MCOLN3|SLITRK6|FGF20|SOD1,https://www.gsea-msigdb.org/gsea/msigdb/human/geneset/GOBP_HAIR_CELL_DIFFERENTIATION,59,ENR,GOBP_HAIR_CELL_DIFFERENTIATION,1,1E-3,GOBP_HAIR_CELL_DIFFERENTIATION,FALSE,GOBP_HAIR_CELL_DIFFERENTIATION
60,3,3,3,0.999,,1E-3,,DCHS1|CD209|SCARF1|CXADR|NECTIN1|UMOD|FAT4|ITGAL|AMIGO1|CD164|AMIGO2|VCAM1|JAML|CRB1|CRB2|PVR|CBLN1|CEACAM6|NLGN1|NRXN1|CDH4|SELE|NECTIN3|CRTAM|SELL|SELP|CD6|CADM1|GRID2|NECTIN4|AMIGO3|CADM3|ITGA5|CEACAM8|PTPRD|HMCN1|LGALS7B|CDH2|PSG11|PSG2|ICAM1|PSG5|SCARF2|CEACAM5|ALCAM|IGSF21,https://www.gsea-msigdb.org/gsea/msigdb/human/geneset/GOBP_HETEROPHILIC_CELL_CELL_ADHESION_VIA_PLASMA_MEMBRANE_CELL_ADHESION_MOLECULES,46,ENR,GOBP_HETEROPHILIC_CELL_CELL_ADHESION_VIA_PLASMA_MEMBRANE_CELL_ADHESION_MOLECULES,1,1E-3,GOBP_HETEROPHILIC_CELL_CELL_ADHESION_VIA_PLASMA_MEMBRANE_CELL_ADHESION_MOLECULES,FALSE,GOBP_HETEROPHILIC_CELL_CELL_ADHESION_VIA_PLASMA_MEMBRANE_CELL_ADHESION_MOLECULES
71,3,3,3,0.999,,1E-3,,IZUMO1|CD2AP|CD209|SPACA6|SPESP1|C4BPA|PTX3|C4BPB|CLEC4M|EPHA3|AMIGO1|DLG1|CCR7|ADGRB1|NDN|EFNB3|CD81|CD9|NPTN|ZP3|CFP|CASP3|CLGN|CRP|VCAN|CRTAM|MYPN|CADM1|YWHAZ|CD5|CD36|FCGR1A|ATP8B3|PCDH12|TCP1|EPHB2|COLEC10|COLEC11|CNTN4|COLEC12|FOXG1|FREY1|DOCK8|NCK2|DCST1|PALLD|CNTN6|FETUB|FCN1|FCN2|FCN3|CRTAC1|ASTL|FOLR2|CNTN2|VDAC2|FUT3|C4B|PLA2G5|PRSS37|CDK5R1|DSCAML1|IGSF9|ST6GALNAC6|NEXN|TNFRSF21|GARIN3|JMJD6|SPON2|LGALS3|SFTPA1|ZP4|CD226|CNTNAP2|DOCK2|ARHGAP35|CCT2|DSCAM|CCT3|CCT4|PEAR1|PRF1|CCT5|LBP|ROBO4|CCT7|CLEC7A|CCT8|SCARB1|EPHA4|HAVCR2|GAP43|MEGF8|MBL2|ALDOA|PLXND1|CORO1A|MSN|CD6|EXT1|NCAM2|NCR3|SPACA3|TNN|NEDD9|ROBO3|MEGF10|FOLR1|FOLR3|TMPRSS12|PECAM1|ZPBP|ZPBP2|CNTNAP3|NTM|OPCML|TREM2|EMB|NRP1|UBAP2L|ROBO1|ROBO2|ADAM18|ADAM32|RTN4|LY6K|PCDHA7|APP|PCDHB6|PRSS55|EPHB1|SEMA5A|SPA17|CNR1|SPACA4|TEX101|TMEM81|ZAN|ZP1|HSPA1L|ZP2|B4GALT1|PAEP|TUB|TULP1|BSG|NRCAM|PCSK4|CCL19|OVGP1|ADAM2|ACR|CCL21|GIT1|SPAM1|CRISP1|DCST2|MYO18A|EPHB3,https://www.gsea-msigdb.org/gsea/msigdb/human/geneset/GOBP_CELL_RECOGNITION,159,ENR,GOBP_CELL_RECOGNITION,1,1E-3,GOBP_CELL_RECOGNITION,FALSE,GOBP_CELL_RECOGNITION
12,3,3,3,0.999,,1E-3,,CHRNB2|SNCG|ADORA2A|GHSR|HTR2A|DRD2|P2RY1|CHRNA4|KCNB1|DRD3|PINK1|CHGA|OPRK1|OXT|SDHD|GRK2|STX1A|FFAR3|GDNF|ABAT|SNCA|ADRA2A|CHRNA6|KCNA2|SYT1|GABBR1|CXCL12|NPY2R|GRM2|FGF20|ADORA3|ADRA2B|ADRA2C|SYT11|SYT4|CRH|DTNBP1|PRKN,https://www.gsea-msigdb.org/gsea/msigdb/human/geneset/GOBP_REGULATION_OF_CATECHOLAMINE_SECRETION,38,ENR,GOBP_REGULATION_OF_CATECHOLAMINE_SECRETION,1,1E-3,GOBP_REGULATION_OF_CATECHOLAMINE_SECRETION,FALSE,GOBP_REGULATION_OF_CATECHOLAMINE_SECRETION
90,3,3,3,0.999,,1E-3,,SMO|BMP4|MYC|DCHS1|HAND2|WNT11|FGFR1|SIX1|MSX1|FGF9|PHF14|FGFR2|OSR1|ZEB1|TBX1|MYCN|WNT5A|FGF7|CHRD|PRRX1|SHH|PDGFA|CTNNBIP1|NFIB|BMPR1A|FOXF1|WNT2|CTNNB1|BMP7|TGFBR2|ARHGAP5|DCHS2|IRS2|BMP2|ISL1|FOXP2|IHH|KDR|STAT1|SOX9|LMNA|SHOX2|GPC3|LRP5|SIX2|TBX2,https://www.gsea-msigdb.org/gsea/msigdb/human/geneset/GOBP_MESENCHYMAL_CELL_PROLIFERATION,46,ENR,GOBP_MESENCHYMAL_CELL_PROLIFERATION,1,1E-3,GOBP_MESENCHYMAL_CELL_PROLIFERATION,FALSE,GOBP_MESENCHYMAL_CELL_PROLIFERATION
153,3,3,3,0.999,,1E-3,,DLL4|STAT3|ACVRL1|JAG2|NOTCH1|TSPAN5|TP63|CCN3|DLL1|JAG1|LFNG|GATA5|MFNG|YAP1|CNTN6|ENHO|KIT|PRKCI|BMP2K|ITGB1BP1|NOTCH2NLA|ROBO1|NOTCH2NLB|ROBO2|NOTCH2NLC|RFNG|EPN2|POGLUT1|TM2D3|PDCD10|AAK1|TSPAN14|WNT1|NOD2|IL6ST|NOS3|HES1|HES5|SRC|ZMIZ1|FGF10|ASCL1|MESP1|TGFB2,https://www.gsea-msigdb.org/gsea/msigdb/human/geneset/GOBP_POSITIVE_REGULATION_OF_NOTCH_SIGNALING_PATHWAY,44,ENR,GOBP_POSITIVE_REGULATION_OF_NOTCH_SIGNALING_PATHWAY,1,1E-3,GOBP_POSITIVE_REGULATION_OF_NOTCH_SIGNALING_PATHWAY,FALSE,GOBP_POSITIVE_REGULATION_OF_NOTCH_SIGNALING_PATHWAY
14,3,3,3,0.999,,1E-3,,FA2H|FLG2|UGCG|ABCA12|CYSRT1|SRF|TP63|CLDN1|STMN1|CLDN4|LSR|KRT16|KDF1|HRNR|TMPRSS11F|GBA1|TMEM79|ELOVL1|DSC1|STARD7|CYP26B1|SFN|PLEC|FLG|IL18|MET|HDAC3|NFKBIZ|KLF4|GRHL3|ALOX12|ALOX12B|ALOXE3|KRT1|ZNF750|GRHL1|KPRP,https://www.gsea-msigdb.org/gsea/msigdb/human/geneset/GOBP_ESTABLISHMENT_OF_SKIN_BARRIER,37,ENR,GOBP_ESTABLISHMENT_OF_SKIN_BARRIER,1,1E-3,GOBP_ESTABLISHMENT_OF_SKIN_BARRIER,FALSE,GOBP_ESTABLISHMENT_OF_SKIN_BARRIER
63,3,3,3,0.999,,1E-3,,REST|NOTCH1|CCR2|CD300A|FMR1|RAP1A|CBARP|CD84|RAP1B|FCGR2B|LGALS9|FOXF1|BRAF|ADRA2A|BCR|CDK5|HLA-F|NCKAP1L|GNAI2|SPI1|IL13RA2|STXBP3|CEACAM1|RABGEF1|SYT4,https://www.gsea-msigdb.org/gsea/msigdb/human/geneset/GOBP_NEGATIVE_REGULATION_OF_REGULATED_SECRETORY_PATHWAY,25,ENR,GOBP_NEGATIVE_REGULATION_OF_REGULATED_SECRETORY_PATHWAY,1,1E-3,GOBP_NEGATIVE_REGULATION_OF_REGULATED_SECRETORY_PATHWAY,FALSE,GOBP_NEGATIVE_REGULATION_OF_REGULATED_SECRETORY_PATHWAY
158,3,3,3,0.999,,1E-3,,C1QC|C3|ADGRB3|TREM2|KCNK13|NGEF|C1QL1|CX3CL1|ITGB1|PLXNC1|SARM1|CX3CR1|VANGL2|ITGAM|DKK1|EPHA4|C1QA|C1QB,https://www.gsea-msigdb.org/gsea/msigdb/human/geneset/GOBP_SYNAPSE_PRUNING,18,ENR,GOBP_SYNAPSE_PRUNING,1,1E-3,GOBP_SYNAPSE_PRUNING,FALSE,GOBP_SYNAPSE_PRUNING
147,3,3,3,0.999,,1E-3,,KAT2B|UTP25|HESX1|WNT3A|INO80|CFL1|INO80B|AMOT|INO80C|DLL1|INO80D|JAG1|LAMA3|INO80E|RBM19|TDG|CCSAP|MCRS1|TGIF1|WNT2B|RAB14|RPS6KA6|PAFAH1B1|NFRKB|POGLUT1|CDK1|LAMA5|NR2C2|SGF29|NOCT|WNT1|CTNNB1|DR1|HES1|LAMA1|TRIP12|LAMA2|NFE2L2|RACK1|B4GALT5|INSR|OTX2|TLE6|ZBED3|SFRP2|SEPTIN7|TGIF2|NOTCH1|NKX6-3|PHLDA2|RUVBL1|ACTL6A|RUVBL2|MSX1|DHX36|ACTR5|WDR5|ACTR8|OSR1|WDPCP|MBIP|SCX|CRB2|KAT14|TADA2A|YEATS2|NLRP5|ZZZ3|LHX1|RACGAP1|EHMT1|TENM4|NODAL|TADA3|BAG6|WNT2|NIPBL|TFPT|FOXA2|SOX17|LAMA4|PLCB1|UCHL5|WNT4|HNF4A|YY1|KAT2A,https://www.gsea-msigdb.org/gsea/msigdb/human/geneset/GOBP_REGULATION_OF_EMBRYONIC_DEVELOPMENT,87,ENR,GOBP_REGULATION_OF_EMBRYONIC_DEVELOPMENT,1,1E-3,GOBP_REGULATION_OF_EMBRYONIC_DEVELOPMENT,FALSE,GOBP_REGULATION_OF_EMBRYONIC_DEVELOPMENT
4,3,3,3,0.999,,1E-3,,SMO|BMP4|LIF|TFAP2B|PDGFRA|PAX2|OSR1|PAX8|CD34|LGR4|PKD2|RET|TCF21|WT1|ADIPOQ|AGTR2|PDGFRB|WNT9B|LHX1|FOXD1|PDGFB|PKD1|EGR1|GDNF|CTNNB1|AQP1|KIF26B|HES1|HES5|LAMB2|GREM1|NPHS2|WNT4|STAT1|SOX9|SALL1|SOX8|IRX1|IRX2|SIX2,https://www.gsea-msigdb.org/gsea/msigdb/human/geneset/GOBP_METANEPHRIC_NEPHRON_DEVELOPMENT,40,ENR,GOBP_METANEPHRIC_NEPHRON_DEVELOPMENT,1,1E-3,GOBP_METANEPHRIC_NEPHRON_DEVELOPMENT,FALSE,GOBP_METANEPHRIC_NEPHRON_DEVELOPMENT
20,3,3,3,0.999,,1E-3,,REST|DKK3|MALRD1|PDE8B|ATP1A1|UGT1A1|SNAI2|INSIG2|PROX1|UGT1A8|CH25H|INSIG1|GFI1|ABCA2|BMP5|GGCX|DKKL1|BMP2|ERLIN1|ERLIN2|SNAI1|WNT4|FGF19|NR0B1|NFKB1|APOE|SCAP,https://www.gsea-msigdb.org/gsea/msigdb/human/geneset/GOBP_NEGATIVE_REGULATION_OF_STEROID_METABOLIC_PROCESS,27,ENR,GOBP_NEGATIVE_REGULATION_OF_STEROID_METABOLIC_PROCESS,1,1E-3,GOBP_NEGATIVE_REGULATION_OF_STEROID_METABOLIC_PROCESS,FALSE,GOBP_NEGATIVE_REGULATION_OF_STEROID_METABOLIC_PROCESS
38,3,3,3,0.999,,1E-3,,RETREG1|FAM83A|CEBPA|FFAR4|PPARG|PDGFRA|CTBP2|PNPLA3|FABP4|SIRT1|TBL1XR1|ID2|ATF2|NPR2|SNAI2|ADIG|CTBP1|FGF10|PER2,https://www.gsea-msigdb.org/gsea/msigdb/human/geneset/GOBP_WHITE_FAT_CELL_DIFFERENTIATION,19,ENR,GOBP_WHITE_FAT_CELL_DIFFERENTIATION,1,1E-3,GOBP_WHITE_FAT_CELL_DIFFERENTIATION,FALSE,GOBP_WHITE_FAT_CELL_DIFFERENTIATION
,3,3,3,0.999,,1E-3,,PLXNA2|TMEM201|DYNC1LI2|MISP|SPOUT1|EZR|ASPM|NIN|NUBP1|CEP83|DLG1|IFT20|KIF5B|BICD2|FHOD1|AKAP9|PKHD1|AURKA|PAFAH1B1|NDE1|NDEL1|PARD3B|TBCCD1|DLGAP5|INTS13|GPSM2|SUN2|PARD3|SYNE2|SUN1|MAD2L1|RANBP2|CCDC141,https://www.gsea-msigdb.org/gsea/msigdb/human/geneset/GOBP_MICROTUBULE_ORGANIZING_CENTER_LOCALIZATION,33,ENR,GOBP_MICROTUBULE_ORGANIZING_CENTER_LOCALIZATION,1,1E-3,GOBP_MICROTUBULE_ORGANIZING_CENTER_LOCALIZATION,FALSE,GOBP_MICROTUBULE_ORGANIZING_CENTER_LOCALIZATION
16,3,3,3,0.999,,1E-3,,CASC3|SEM1|UPF1|C12ORF50|CHTOP|DDX19A|DDX19B|MAGOH|DDX25|MAGOHB|FYTTD1|RAE1|GLE1|NUP160|NXF1|NXF3|TPR|NXT1|YTHDC1|NXT2|POLDIP3|NUP88|NCBP1|NCBP2|SARNP|NUP107|NUP133|NUP214|ZC3H11A|ZC3H11B|ZC3H11C|SMG1|SMG7|ALKBH5|DDX39A|DDX39B|NUP85|SMG5|SMG6|EIF4A3|ENY2|SETD2|XPO1|HHEX|EIF4E|FMR1|SRSF3|AGFG1|PCID2|NCBP3|NSUN2|PABPN1|HNRNPA2B1|RBM15B|MCM3AP|UPF2|THOC1|THOC2|THOC3|WNK1|THOC5|THOC6|THOC7|AKAP8L|ALYREF|RBM8A|IWS1|NUP155|NUP93,https://www.gsea-msigdb.org/gsea/msigdb/human/geneset/GOBP_MRNA_EXPORT_FROM_NUCLEUS,69,ENR,GOBP_MRNA_EXPORT_FROM_NUCLEUS,1,1E-3,GOBP_MRNA_EXPORT_FROM_NUCLEUS,FALSE,GOBP_MRNA_EXPORT_FROM_NUCLEUS
142,3,3,3,0.999,,1E-3,,BBS1|CROCC|BBS2|BBS12|CDH23|DRAM2|CDHR1|CLRN1|CNGB1|BBS4|CRB1|CRB2|SLC2A1|ARAP1|IQCB1|LCA5|MKKS|USP45|BBS10|NPHP3|NPHP4|NXNL2|PCDH15|PROM1|CIB2|RP1L1|SPATA7|ADGRV1|MAK|TUB|TULP1|BSG|USH1G|USH2A|ATP1B2|CLCN3|ESRRB|RDH12|ERCC6|RHO|RP1|USH1C|CLN8|ABCA4,https://www.gsea-msigdb.org/gsea/msigdb/human/geneset/GOBP_PHOTORECEPTOR_CELL_MAINTENANCE,44,ENR,GOBP_PHOTORECEPTOR_CELL_MAINTENANCE,1,1E-3,GOBP_PHOTORECEPTOR_CELL_MAINTENANCE,FALSE,GOBP_PHOTORECEPTOR_CELL_MAINTENANCE
11,3,3,3,0.999,,1E-3,,NR5A1|BMP4|PDE3A|FZR1|LIF|NPM2|CCR6|CFAP206|NPPC|CLXN|GJA1|DHX37|IQCF1|GLRA1|IRGC|PGAM4|PRDM9|DEFB1|NKX3-1|IGF1|INSR|EPPIN|STK3|STK4|TPST2|UBE2B|EDNRB|VEGFA|NPR2|RETN|ESR1|PLA2G10|AR|AURKA|TACR2|BAX|PSMA8|BCL2L1|PLB1|RPS6KA2|PLCB1|TAC4|CIB1|RNASE10|AGO2|GDF9|YTHDC2|SEMG1|ACVR1C|SEMG2|BNC1|DAZL|TAC1|NUPR1|EAF2|SMURF2|KIF9|KIT|WDR77|WT1|INTS13|MYH9|PTGDR2|ARHGDIB|NANOS2|SNAI1|CITED2|ELF5|GCM1|PIWIL2|UNC5C|MSX1|RBM46|MSX2|WEE2|SHH|TEX101|ZP1|PKDREJ|ZP2|YBX3|BMP7|DMRT1|SIRT2|MAPK15|FBXO43|PRDM14|TACR1|TTK|ZWINT|C1QBP|C9ORF78|ASPM|GPR149|TPPP2|LFNG|INHBB|TCP11|WNT5A|ZP3|CCDC87|CFAP69|FAM170B|SYDE1|LHFPL2|OOEP|PRDX4|HORMAD1|CDC25B|CDC25C|HOXD13|YTHDF2|SERPINF1|HVCN1|NOX5|RAD51AP1|MAEL|PPP2R1A|ADAM7|SHB|SPINK1|ASTL|MEIOC|OVOL1|SPINK13|GPR3|PDIK1L|PRSS37|SPATA22|ZFPM2|PKMYT1|MEIOSIN|SFRP1|RAD1|STK11|SYCP2|HPGDS|STK35|KNL1|UMODL1|ANKRD31|ZP4|P2RY1|TRIP13|ACVR1B|PTGDS|METTL3|CDC25A|CDKN1B|ANAPC1|ABCB1|ANAPC10|SERPINA10|ANAPC11|ANAPC13|ANAPC15|ANAPC16|ANAPC2|CTNNB1|ANAPC4|ANAPC5|ANAPC7|HYAL3|INHBA|DUSP1|TMPRSS12|HDAC2|TIMP1|CDC16|CDC20|FBXO5|CDC23|CDC26|CDC27|CHFR|PLAT|DDB1|NLRP5|CNTD1|OXT|NODAL|IHO1|TAC3|TACR3|B4GALT1|PAEP|APELA|ADA|CACNA1H|CALR|SYCE3|WNT4|OVGP1|SOD1|STRA8|SOX9|SULF1|TEX11|CRISP1,https://www.gsea-msigdb.org/gsea/msigdb/human/geneset/GOBP_REGULATION_OF_REPRODUCTIVE_PROCESS,199,ENR,GOBP_REGULATION_OF_REPRODUCTIVE_PROCESS,1,1E-3,GOBP_REGULATION_OF_REPRODUCTIVE_PROCESS,FALSE,GOBP_REGULATION_OF_REPRODUCTIVE_PROCESS
12,3,3,3,0.999,,1E-3,,NPY5R|ADORA2A|SLC7A5|SLC17A8|SLC38A3|ITGB1|GRM7|ATP1A2|PRKG1|P2RX7|RGS4|ARL6IP5|ADORA1|AVP|AVPR1A|CLTRN|ARL6IP1|SEPTIN2|SLC43A1|SLC43A2|SLC38A2|ABAT|SNCA|PSEN1|GABBR1|NTSR1|SLC12A2|TNF|TRH|STXBP1|RAB3GAP1|LEP|RGS2|ACE2|GRM2|KMO|SYT4|DTNBP1|PER2,https://www.gsea-msigdb.org/gsea/msigdb/human/geneset/GOBP_REGULATION_OF_AMINO_ACID_TRANSPORT,39,ENR,GOBP_REGULATION_OF_AMINO_ACID_TRANSPORT,1,1E-3,GOBP_REGULATION_OF_AMINO_ACID_TRANSPORT,FALSE,GOBP_REGULATION_OF_AMINO_ACID_TRANSPORT
7,3,3,3,0.999,,1E-3,,CCL26|CDH1|WNT3A|MAP3K13|CFL1|VIL1|ADCY10|BORCS6|COTL1|BORCS7|SPP1|WNK3|BORCS8|RARG|DLG1|NGF|CCR7|MLST8|HCLS1|NAA80|BBS4|P2RX7|KXD1|MAP1B|SLC12A6|XK|BLOC1S1|PAFAH1B1|NEFL|NTN1|COL6A1|GSK3B|CREB1|KCNMA1|LIMK1|NEB|RPTOR|CXCL12|E2F4|RASA1|BDNF|MT3|MTOR|CLCN6|AKT3|MAG|CDKL3|VEGFA|DCC|FSTL4|ATP13A2|EPS8|IFRD1|ARHGAP28|F2RL1|SLC12A4|NCKAP1|SLC12A5|SLC12A7|SLC12A8|SLC12A9|BMPR2|FER|RB1CC1|HP1BP3|KANK1|AQP11|KANK3|KANK4|PFN1|PFN2|RAP1GAP2|BLOC1S2|MYO3A|MYO3B|SHANK3|SSH3|GRB2|CDK5|HCK|RAB3B|CLN8|DMTN|ADD1|OLFM1|ADD3|GDI1|AMOT|CYRIB|KCNK6|CSF3|CAPG|CAPZA1|CAPZA2|CAPZA3|LATS1|CAPZB|EDN1|MYADM|CARMIL1|PRKCD|CARMIL2|DSCAM|CFL2|EFNA5|RNF6|EPHA7|PTEN|CLN3|LRRC8A|NKX6-1|RHOA|DSTN|L1CAM|ACTN2|FGF13|BCL11A|FLII|MEGF8|DIP2B|ARF6|GSN|HAX1|HDAC6|NTRK3|MSN|PAK1|HIP1R|PLXNA4|ARHGAP4|LMOD1|ARHGAP5|LMOD2|NCKAP1L|TRPV4|LMOD3|UCN|SEMA3A|ABCB8|OXSR1|CCDC51|SEMA3G|DNM2|RDX|SEMA4D|SEMA4F|CRABP2|MTPN|SEMA6C|MAPT|PAK3|SEMA6D|ABL1|WNT7B|PREX1|ADNP|LARS1|PLEKHH2|PTK2B|PRKCE|RAB21|RAC1|SCIN|SH3BP1|GOLGA4|PTPRS|RET|RIN3|SPECC1L|SPTA1|SPTAN1|SPTB|SPTBN2|BAG4|RTN4|SPTBN4|SNX9|LAMTOR4|SVIL|PIK3CA|TMOD1|TMOD2|ISLR2|TMOD4|PUM2|TRIOBP|TWF1|WASHC2C|NRCAM|TWF2|FSHR|VILL|SLC12A2|WNK1|LPAR3|SLIT2|SIN3A|MACF1|STK39|SWAP70|APOE|TRPC5|AVIL|CAV3|FN1|PYCARD|KDM1A|RND2|VAV1|VAV3|PDXP|PRKD1|SHTN1|WDR1|WNT5A|CLNS1A|CDH4|CDHR2|CHMP3|BORCS5|GPRC5B|CLCN3|SSH1|SSH2|CTTN|DNAJC16|CLASP2|ALS2|BIN1|DNM1|ELAVL1|KEL|SRF|AQP4|NCK1|SEMA7A|NCK2|DEPTOR|KANK2|TP73|MAP2|PIK3R2|SLC26A5|MKKS|SPTBN5|AP2M1|SPTBN1|CNTN2|MAP3K7|ARFGEF1|CYFIP2|ABITRAM|ARHGAP18|ARHGAP40|ARPC3|SCTR|ARPC5|ARPC5L|BAIAP2|TRPV2|BAIAP2L1|LRRC8E|BAIAP2L2|BRK1|C15ORF62|TTL|CDC42EP1|WAS|CDC42EP2|IST1|CDC42EP3|ALOX15|CDC42EP4|CDC42EP5|RAB5A|CYFIP1|CYRIA|DAAM2|ELN|EVL|PICALM|FCHSD1|FCHSD2|TMOD3|TRIM46|TMSB4Y|NPHS1|PEX11A|PLEKHG2|PEX11B|RAB22A|PEX11G|VASP|CDHR5|SMURF1|SNAPIN|ARHGAP35|ARPC2|PLEK|WDTC1|CDKL5|DISC1|SPART|NPM1|CORO1A|ANAPC2|IQGAP3|AQP1|TNFRSF12A|KIAA0319|USH1C|TSC1|VAV2|CRACD|AKT1S1|GNB3|TMSB4X|EZR|ULK1|ULK2|NRP1|WNT7A|PLXNA3|LAMTOR5|PRR16|KCNN4|WASHC5|LIMA1|ESAM|RGMA|ADD2|RUFY3|DRAXIN|RTN4R|TENM1|RYK|SEMA3F|ANO6|RICTOR|SEMA5A|GBA2|HSP90AA1|ASB2|SLIT1|IL7R|PLS1|ZFYVE27|NHERF1|SLC12A1|TNR|SCT|KIRREL1|CCL11|WNT3|SLC12A3|CCL21|CCL24,https://www.gsea-msigdb.org/gsea/msigdb/human/geneset/GOBP_REGULATION_OF_CELLULAR_COMPONENT_SIZE,357,ENR,GOBP_REGULATION_OF_CELLULAR_COMPONENT_SIZE,1,1E-3,GOBP_REGULATION_OF_CELLULAR_COMPONENT_SIZE,FALSE,GOBP_REGULATION_OF_CELLULAR_COMPONENT_SIZE
43,3,3,3,0.999,,1E-3,,HOXA3|HMGA2|TGFB1|FGF2|TP63|CITED1|FGFR1|KAT7|FGF9|KDM1A|CCNE1|PDCD2|GJA1|VEGFC|KITLG|RUNX2|ELL3|WNT10B|WNT5A|LTBP3|N4BP2L2|PRRX1|EPCAM|SOX11|HMX2|TGFBR1|THPO|PTPRC|OSR2|PBX1|WNT1|CTNNB1|TBX3|HNRNPU|SIRT6|TERT|FERMT2|FGF10|FGF8|KDR|SOX9|NR2E1|SHOX2|ATXN1L|NANOG,https://www.gsea-msigdb.org/gsea/msigdb/human/geneset/GOBP_POSITIVE_REGULATION_OF_STEM_CELL_PROLIFERATION,45,ENR,GOBP_POSITIVE_REGULATION_OF_STEM_CELL_PROLIFERATION,1,1E-3,GOBP_POSITIVE_REGULATION_OF_STEM_CELL_PROLIFERATION,FALSE,GOBP_POSITIVE_REGULATION_OF_STEM_CELL_PROLIFERATION
25,3,3,3,0.999,,1E-3,,LAMA5|FGFR1|NTN4|NRP1|PLXND1|ESRP2|HGF|FGFR2|PLXNA1|LAMA1|BMP7|DAG1|TNF|SNAI2|SEMA3C|BTBD7|FGF7|TGM2|FGF10|FGF8|SHH|PDGFA,https://www.gsea-msigdb.org/gsea/msigdb/human/geneset/GOBP_BRANCHING_INVOLVED_IN_SALIVARY_GLAND_MORPHOGENESIS,22,ENR,GOBP_BRANCHING_INVOLVED_IN_SALIVARY_GLAND_MORPHOGENESIS,1,1E-3,GOBP_BRANCHING_INVOLVED_IN_SALIVARY_GLAND_MORPHOGENESIS,FALSE,GOBP_BRANCHING_INVOLVED_IN_SALIVARY_GLAND_MORPHOGENESIS
15,3,3,3,0.999,,1E-3,,NR5A1|HESX1|PGR|SGPL1|PTX3|SRD5A1|SRD5A2|CSDE1|LHCGR|FGF9|NPPC|NTRK1|NKX2-1|DHX37|TCF21|RDH10|PCYT1B|CEBPB|NUP107|KLHL10|CRKL|NKX3-1|AFP|INSR|UBB|LHB|SOX15|LEP|SIX4|SALL1|CYP19A1|H3-3A|VGF|H3-3B|FOXC1|IDH1|CASP2|FST|VEGFA|SCX|MSH2|NPR2|RETN|ESR1|AR|BAX|CGA|FER|BCL2|BCL2L1|NHLH2|BCL2L11|BCL2L2|BIK|GATA3|BOK|NR2F2|NASP|TESC|FZD4|GDF9|ADAM15|EIF2B2|NUPR1|GNRH1|KIT|NOTCH4|KITLG|WT1|WNT2B|FANCG|ANG|FOXL2|MMP14|MMP2|ZNF830|LSM14B|SFRP2|REN|ZFP42|KDR|UBE3A|CITED2|ING2|MMP19|CSMD1|SLIT3|RAC1|ADCYAP1R1|IMMP2L|RHOBTB3|ADAM18|ADAM32|TGFBR1|ARID4A|ARID4B|GFRA1|YBX3|FSHR|NOS3|SLIT2|DMRT1|ADAM20|ADAM21|SAFB2|STAT5B|ADAM29|ADAM30|FGF8|LHX9|STAT5A|MAMLD1|MEA1|SOX8|RNF38|BCAS2|TGFB2|UTF1|IRX5|CD2AP|HMGA2|PATZ1|AGO4|TNFAIP6|ASPM|GPR149|LFNG|TLR5|RXFP2|INHBB|RRM1|WNT5A|RAB13|EIF2B4|ZP3|CCND1|FNDC3A|NUP210L|CASP3|LHFPL2|ADAMTS1|PRDX4|FLNA|GATA1|TFAP2C|HOXA10|KIF18A|HOXA11|EIF2B5|BRCA2|CBX2|ADGRG1|BRIP1|DACH2|DMC1|NCOA4|OSR1|BASP1|SIRT1|HMGB2|GAS2|MKKS|WDR19|ACE|TAF4|HOXA9|ATN1|ZFPM2|TBC1D20|CBL|SFRP1|BMPR1B|SIX3|WDR48|REC8|UMODL1|ATM|HSD17B4|PTPRN|ATRX|NCOA1|SPO11|AMH|NRIP1|DMRTA1|CCNO|ABCB1|DACH1|ODAD3|HYAL3|INHA|INHBA|LRP2|TMF1|SMAD4|GATA4|ERCC1|EREG|GATA6|TIPARP|RARA|NOTCH1|AKR1C3|NR5A2|TLR3|DNAAF3|PDGFRA|SCAPER|TLR9|GMNC|DHH|FANCA|PLEKHA1|ACVR2A|ROBO2|SPATA2|AMHR2|EIF2S2|FANCE|MSH4|FOXO3|RBP4|CTNNA1|MCIDAS|WNT4|ZFY|NR0B1|SOD1|ADAM2|SOX9|TEX11|ARID5B|DNAAF11|TEX19,https://www.gsea-msigdb.org/gsea/msigdb/human/geneset/GOBP_DEVELOPMENT_OF_PRIMARY_SEXUAL_CHARACTERISTICS,234,ENR,GOBP_DEVELOPMENT_OF_PRIMARY_SEXUAL_CHARACTERISTICS,1,1E-3,GOBP_DEVELOPMENT_OF_PRIMARY_SEXUAL_CHARACTERISTICS,FALSE,GOBP_DEVELOPMENT_OF_PRIMARY_SEXUAL_CHARACTERISTICS
,3,3,3,0.999,,1E-3,,CAV1|CTSS|PHLDB2|CMA1|ITGB1|RIC8A|PHLDB1|PLOD3|SPINT2|DAG1|COL3A1|GAS2|NID2|PRICKLE1|FLRT2|LARGE1|PXDN|COL4A1|POMGNT1|COL6A1|RAMP2|POMT2|NTN4|HPN|EXT1|FSHR|LAMA1|LAMC1|CAV2|LAMA2|LAMB1|LAMB2|FKRP|HMCN1|FERMT1|NID1|CLASP1|CLASP2|FKTN|MMP11,https://www.gsea-msigdb.org/gsea/msigdb/human/geneset/GOBP_BASEMENT_MEMBRANE_ORGANIZATION,40,ENR,GOBP_BASEMENT_MEMBRANE_ORGANIZATION,1,1E-3,GOBP_BASEMENT_MEMBRANE_ORGANIZATION,FALSE,GOBP_BASEMENT_MEMBRANE_ORGANIZATION
,3,3,3,0.999,,1E-3,,THBS1|THBS4|SCN3A|PIRT|CAPN2|AKT1|GRIA1|P2RX2|NTRK1|SCN9A|P2RX3|ADAM11|LPAR5|TRPV1|P2RX4|VWA1|MTOR|TSPO|SCN11A|TACR1,https://www.gsea-msigdb.org/gsea/msigdb/human/geneset/GOBP_BEHAVIORAL_RESPONSE_TO_PAIN,20,ENR,GOBP_BEHAVIORAL_RESPONSE_TO_PAIN,1,1E-3,GOBP_BEHAVIORAL_RESPONSE_TO_PAIN,FALSE,GOBP_BEHAVIORAL_RESPONSE_TO_PAIN
3,3,3,3,0.999,,1E-3,,BMP4|HOXB4|NR6A1|HAND2|HIF1A|REST|FOXA1|HESX1|PITX2|CFL1|LIF|SIX1|WNT8A|PDX1|RUNX2|TBX5|KBTBD8|RDH10|A2M|CDC42|LAMA5|GSK3B|PTPRC|CHD2|HDAC1|RBPJ|CHD3|SIRT6|LMBR1L|OVOL2|ZNF281|SMO|NRTN|FOXC1|EOMES|HOXD4|EDN3|SMAD5|EDNRB|EIF2AK2|PRICKLE1|ESR1|XRCC5|BMPR2|BCL2|MTCH2|DMRTA2|GATAD2A|TP53|GATAD2B|RPS7|RADIL|TACSTD2|SOX17|PSMD11|TBX3|GREM1|GSC|HOXA7|RBBP4|TCF15|ITCH|NDUFS6|ITGB1|FGFR2|TCOF1|EDN1|EDNRA|KIT|KITLG|CCDC88C|ELL3|ERBB4|SP7|SOX18|EPOP|EZH2|MEF2C|NRG1|GDNF|WNT10A|NRP2|FZD1|OTUD5|HES5|NFE2L2|HSPA9|LIN28A|SEMA3A|MED1|SEMA3B|SEMA3C|SFRP2|TEAD2|SEMA3D|SEMA3E|SEMA3G|SEMA4B|SEMA4C|SEMA4D|METTL5|SEMA4F|CITED2|SEMA4G|SEMA5B|SEMA6A|SEMA6B|SEMA6C|SEMA6D|ABL1|MSX1|DHX36|MSX2|PAX2|PTN|NELFB|TBX1|RET|SNAI2|PUM1|DNMT3L|GPM6A|EEF1AKMT4-ECE2|NSUN2|NUDT21|SHH|ENG|SOX10|KLHL12|ALX1|PHACTR4|BMP7|NOLC1|ZFP36L2|LRP6|KRT14|TTYH1|ARB2A|SOX8|TGFB2|PWP1|HMGA2|SETD1A|JARID2|PDCD6|KAT5|PEF1|FN1|MBD3|SMYD5|CDK12|MSI2|CDK13|MTA2|SHC4|MTF2|SOX21|IFT80|PHF19|TRIM6|ACVR1|TFAP2C|MEOX1|HNF1B|YTHDF2|CDH2|FRZB|PRKDC|CDK6|EFNB1|MYOCD|CDX2|NKX2-5|CHD4|SRF|SEMA7A|FOXO4|SETD2|OSR1|N4BP2L2|SLC4A11|ACE|EPCAM|SLC9A1|MTA3|CORO1C|FOXC2|MTA1|NOG|KDM3A|SFRP1|TWIST1|HNRNPU|TBX2|TP63|JAG1|ZIC3|TAL1|METTL3|CYP26C1|BMPR1A|CTNNB1|EXT1|SMAD1|HES1|SOX5|TGFBR2|PHF5A|FOLR1|ISL1|SMAD4|L3MBTL2|HDAC2|TAPT1|ERCC2|ZEB2|GATA6|STAT3|UFL1|NOTCH1|TMSB4X|FGF2|FGFR1|NR5A2|NRP1|WNT7A|PDGFRA|BBS12|BGLAP|YAP1|HTR2B|BATF|MLLT3|LTBP3|MAPK14|PUS7|SEMA3F|SEMA5A|SETD6|SOX6|SH2B3|FBXL17|OSM|RBM24|SMAD9|ALDH1A2|OCIAD1|ESRRB|MAPK1|KDM4C|MAPK3|FBXO21|LBH|RBBP7|SEMA4A|WNT3|FGF19|SOX9,https://www.gsea-msigdb.org/gsea/msigdb/human/geneset/GOBP_STEM_CELL_DIFFERENTIATION,258,ENR,GOBP_STEM_CELL_DIFFERENTIATION,1,1E-3,GOBP_STEM_CELL_DIFFERENTIATION,FALSE,GOBP_STEM_CELL_DIFFERENTIATION
33,3,3,3,0.999,,1E-3,,CLIP3|C3|ZDHHC7|CD2AP|OCLN|HK2|AKT1|AKT2|PEA15|PRKCI|SLC2A12|SGCB|SLC45A1|RAP1A|ENPP1|SLC5A10|SLC5A9|DHRS7C|OSBPL8|RHOQ|YES1|SESN2|APPL1|APPL2|GRB10|PPARD|CERS1|GSK3A|RAB4B|SLC5A3|IGF1|PTPN11|INPP5K|HNF1A|INS|INSR|SLC27A1|IRS1|SIRT6|IRS2|SLC2A6|LEP|RSC1A1|TERT|CREBL2|CTNND1|PID1|SLC25A27|SLC2A10|SLC2A9|ERFE|SLC2A1|PRKAG2|SLC26A5|SORT1|PTH|PLA2G1B|SELENON|SELENOS|SORBS1|BRAF|C2CD5|SLC2A4|STXBP3|IL1B|RTN2|C1QTNF12|SLC5A2|CAPN10|SLC45A3|SLC1A2|EDN1|EDNRA|SLC23A1|SLC27A4|DRD1|ARPP19|SLC2A2|FFAR4|TRIB3|SLC50A1|PTPRM|KLF15|CLTCL1|NFE2L2|SLC5A11|TNF|PIK3R1|FABP5|TSC1|GPC3|PRKCB|SLC45A2|PPBP|MEF2A|ASPSCR1|SLC23A2|ACACB|SLC2A11|SLC2A14|ADIPOQ|SLC2A3|MAPK14|SLC2A7|SLC2A8|NR4A3|OPN3|ITLN1|TRARG1|RNASEL|OSTN|SLC2A5|FGF19|SLC5A1|STXBP4,https://www.gsea-msigdb.org/gsea/msigdb/human/geneset/GOBP_MONOSACCHARIDE_TRANSMEMBRANE_TRANSPORT,115,ENR,GOBP_MONOSACCHARIDE_TRANSMEMBRANE_TRANSPORT,1,1E-3,GOBP_MONOSACCHARIDE_TRANSMEMBRANE_TRANSPORT,FALSE,GOBP_MONOSACCHARIDE_TRANSMEMBRANE_TRANSPORT
29,3,3,3,0.999,,1E-3,,NLGN1|CHRNB2|ADORA2A|GHRH|GHRL|FXR1|HCRTR2|KCNA2|DRD2|GHRHR|CSF2|NPY2R|ADRB1|PTGDS|MTNR1B|NMU|NR1D1|ADORA1|PARP1|CRH|PER3,https://www.gsea-msigdb.org/gsea/msigdb/human/geneset/GOBP_REGULATION_OF_CIRCADIAN_SLEEP_WAKE_CYCLE,21,ENR,GOBP_REGULATION_OF_CIRCADIAN_SLEEP_WAKE_CYCLE,1,1E-3,GOBP_REGULATION_OF_CIRCADIAN_SLEEP_WAKE_CYCLE,FALSE,GOBP_REGULATION_OF_CIRCADIAN_SLEEP_WAKE_CYCLE
78,3,3,3,0.999,,1E-3,,CACNG4|NAPA|CACNG5|CACNG8|CNIH2|CNIH3|CCR2|HTR2A|NTRK1|ATP1A2|ABTB3|SLC38A2|CDH8|GRIN2B|GRIN2D|GRM6|PSEN1|CLCN3|TSHZ3|MAPK8IP2|ALS2|KMO|DTNBP1|SLC17A6|SLC17A7|NR3C1|DRD2|ADORA1|NLGN1|NLGN2|NRXN1|ATAD1|SHANK3|CACNG2|CDK5|GRIA3|GRIK1|GRIK2|STXBP1|GRIK5|CACNG7|KCNJ8|ADORA2A|TPRG1L|UNC13A|UNC13B|PLPPR4|UNC13C|HCN1|GRIA1|GRIN3B|GRM7|P2RX1|DSCAM|RNF167|SERPINE2|DRD1|CLN3|DRD3|DKK1|DISC1|ABCC8|OPHN1|MEF2C|GRID1|GRM1|GRM5|HDAC6|FXR1|HOMER1|EXT1|SYT1|GRIA2|GRID2|GRIK4|GRIN3A|TNF|UCN|NF1|FRRS1L|RAB3GAP1|GRIN2A|GRIN2C|SLC1A4|PRKN|NAPB|NLGN3|GRIA4|SLC17A8|PTK2B|RELN|CLSTN3|CACNG3|IQSEC2|GRIN1|CACNB4|TNR|VPS54|LRRK2|NPY2R|GRIK3|GRM2|CCL2|GRM3|GRM4|GRM8,https://www.gsea-msigdb.org/gsea/msigdb/human/geneset/GOBP_SYNAPTIC_TRANSMISSION_GLUTAMATERGIC,106,ENR,GOBP_SYNAPTIC_TRANSMISSION_GLUTAMATERGIC,1,1E-3,GOBP_SYNAPTIC_TRANSMISSION_GLUTAMATERGIC,FALSE,GOBP_SYNAPTIC_TRANSMISSION_GLUTAMATERGIC
5,3,3,3,0.999,,1E-3,,GPHN|NLGN1|NLGN2|NRXN1|SHISA7|SHANK3|DLG4|CHRDL1|LHFPL4|SLC7A11|SHISA6|SSH1|RELN|FRRS1L|GLRB|SLITRK3|ZDHHC2|APOE,https://www.gsea-msigdb.org/gsea/msigdb/human/geneset/GOBP_NEUROTRANSMITTER_GATED_ION_CHANNEL_CLUSTERING,18,ENR,GOBP_NEUROTRANSMITTER_GATED_ION_CHANNEL_CLUSTERING,1,1E-3,GOBP_NEUROTRANSMITTER_GATED_ION_CHANNEL_CLUSTERING,FALSE,GOBP_NEUROTRANSMITTER_GATED_ION_CHANNEL_CLUSTERING
8,3,3,3,0.999,,1E-3,,RBPMS|BMP4|RBPMS2|CHRDL2|ONECUT1|DKK3|SKOR1|VWC2L|MTMR4|PMEPA1|CCN3|GIPC1|FGF9|BMP10|NPNT|GDF10|HSP90AB1|NKX2-1|OGT|ING1|RUNX2|TGIF1|WFIKKN1|WFIKKN2|DLX5|SPRED1|SPRED2|PPM1L|SPRED3|FUT8|APPL1|APPL2|ARRB2|CRKL|CREB1|HDAC1|SLC39A5|SPRY1|SPRY2|RBPJ|RGCC|LPXN|SH2B1|ITGB5|ITGB6|KCP|SCUBE3|ATOH8|BAMBI|SRC|GREM2|BRMS1|FSTL1|OVOL2|TMEM100|PIAS2|SNW1|ASPN|NFIA|DLX3|ID1|FST|GDF6|TSC22D1|IL17F|SMAD5|EMILIN1|PEG10|ATF2|FSTL4|SCX|RNF111|STRAP|NLK|TBX20|BMPR2|SOX11|HTRA1|SELENON|DLX1|PSG9|NDP|TP53|NOTCH2|GDF15|CAV2|GREM1|RBBP4|GDF9|GOT1|BCL9|ADAM9|BCL9L|ACVR1C|SKI|USP9Y|ARK2C|ITGA3|CITED1|AXIN1|CCN1|CLDN5|ITGB1|FOS|SKOR2|ECSIT|LATS1|LATS2|SMURF2|HSPA5|PELO|VASN|DKK1|MAGI2|SFRP4|ZBTB7A|MEGF8|NCLN|BMP6|NOMO1|DACT2|FZD1|NOMO3|MSTN|PDCD4|HES5|NBL1|DAB2|INTS9|SMPD3|UBE2D1|UBE2D3|SFRP2|SKIL|ZMIZ1|SMAD6|ZMIZ2|KDR|CITED2|ING2|CFC1|CRIPTO3|TGIF2|PDPK1|XBP1|ABL1|SDCBP|USP9X|GDF5|MSX1|MSX2|PTK2|WWTR1|ZNF703|FNTA|PALS1|SHH|ENG|TGFBR1|ARID4A|TOB1|ARID4B|CREBBP|UBE2O|PRDM16|TMPRSS6|LOX|MECOM|USP15|LTBP2|PCSK6|ZFYVE9|BMP7|ELAPOR2|SPI1|BMP2|PIN1|SIN3A|DMRT1|JUN|FGF10|GDF3|HOXA13|SOSTDC1|TAB1|TTK|TGFB2|THBS1|CAV1|CAV3|PPARG|TNFAIP6|ZC3H3|INHBB|LRRC32|FKBP1A|PPM1A|WNT5A|TSKU|TWSG1|DUSP22|ACVR1|BRMS1L|FSTL5|SAP130|SAP30|SAP30L|EGR1|SINHCAF|PTPRK|SNX25|CHRDL1|SMAD3|CER1|HFE|PML|XIAP|DAND5|TGFBR3|CRIM1|FBN2|CDH3|ERO1A|LTBP1|MEN1|DDX5|CDKN1C|MYOCD|CDKN2B|DSG4|NRROS|CILP|EID2|FAM89B|LDLRAD4|LTBP4|UCMA|VEPH1|LRP1|DACT1|SMAD2|FKBP8|TET1|TFAP2B|SMAD7|ZEB1|ZNF451|ZYX|AKAP3|TGFB3|SIRT1|SLC2A10|COL3A1|ERFE|COMP|ETV2|SUDS3|SORL1|TGFBRAP1|POU5F1|SPTBN1|MAP1LC3A|ACVR2B|MAP3K7|FBN1|FSTL3|GLG1|NOG|SFRP1|HSPA1A|STK11|BMPR1B|ZNF423|CHST11|NREP|APOA1|ILK|ACVRL1|BECN1|SOST|ONECUT2|CD109|GDF11|CDH5|SMURF1|NUMA1|GLCE|ITGA8|ACVR1B|AMH|CRIPTO|CHRD|SNX6|HIPK2|SPART|FOXD1|BMPR1A|STUB1|TGFB1I1|CIDEA|WNT1|FURIN|EXT1|SMAD1|HES1|TGFBR2|INHBA|FOLR1|KIAA0319|FERMT1|JAK2|LRP2|SMAD4|GATA4|ITGB8|HDAC2|PARP1|ZEB2|FKBP1C|GPC3|PPARA|VWC2|IGSF1|LEMD3|STAT3|NEO1|PRMT1|TGFB1|NOTCH1|GPR155|CTDSPL2|CSNK2B|HJV|FAM83G|HIVEP1|CRB2|RGMB|ZNF8|ADAM17|PXN|RGMA|ACVR2A|ADISSP|LTBP3|MAPK14|GDF7|TMEM53|COL1A2|PBLD|ADAMTSL2|NODAL|AMHR2|FBXL15|FMOD|HTRA3|LEF1|HTRA4|IL17RD|TMEM119|LEFTY1|HPGD|RASL11B|BMP5|BMPER|SMAD9|TGFBR3L|TRIM33|EP300|FOXH1|FLCN|PALM2AKAP2|MAPK3|RBBP7|FERMT2|NGLY1|SULF1|GCNT2|NUP93|LRG1,https://www.gsea-msigdb.org/gsea/msigdb/human/geneset/GOBP_CELL_SURFACE_RECEPTOR_PROTEIN_SERINE_THREONINE_KINASE_SIGNALING_PATHWAY,379,ENR,GOBP_CELL_SURFACE_RECEPTOR_PROTEIN_SERINE_THREONINE_KINASE_SIGNALING_PATHWAY,1,1E-3,GOBP_CELL_SURFACE_RECEPTOR_PROTEIN_SERINE_THREONINE_KINASE_SIGNALING_PATHWAY,FALSE,GOBP_CELL_SURFACE_RECEPTOR_PROTEIN_SERINE_THREONINE_KINASE_SIGNALING_PATHWAY
42,3,3,3,0.999,,1E-3,,PICALM|NOTCH1|CSF1|NOTCH2|ITPKB|RASGRP1|IGF1|EPO|NGF|NTRK1|MAP2K1|KITLG|SHOC2|FGF10|RASGRF1|RASGEF1A,https://www.gsea-msigdb.org/gsea/msigdb/human/geneset/GOBP_POSITIVE_REGULATION_OF_RAS_PROTEIN_SIGNAL_TRANSDUCTION,16,ENR,GOBP_POSITIVE_REGULATION_OF_RAS_PROTEIN_SIGNAL_TRANSDUCTION,1,1E-3,GOBP_POSITIVE_REGULATION_OF_RAS_PROTEIN_SIGNAL_TRANSDUCTION,FALSE,GOBP_POSITIVE_REGULATION_OF_RAS_PROTEIN_SIGNAL_TRANSDUCTION
24,3,3,3,0.999,,1E-3,,CHRNA3|CHRNB2|YWHAH|CAMK2B|SEZ6|RAPGEF2|GPRASP3|MARK1|PAFAH1B1|CRK|GSK3B|CRKL|RAP2A|VLDLR|RTN4IP1|EPHB2|CUX2|NEDD4L|NUMBL|DAB2IP|PARP6|CDKL3|DCC|ANKRD27|TLX2|LZTS1|NEUROG3|NEDD4|RAB17|COBL|IL1RAPL1|STK11|BAIAP2|FZD4|CAPRIN1|SLC30A1|ADGRB3|GORASP1|CAMSAP2|SKOR2|TNIK|LRP8|CDKL5|EEF2K|EPHA4|EZH2|DGKG|BCL11A|HECW1|SDC2|BMPR1A|DBN1|SS18L1|ARF6|HDAC6|NSMF|ANAPC2|SMAD1|PTPRD|KIAA0319|CUX1|CAPRIN2|SEMA4D|PQBP1|PACSIN1|CDC20|TBC1D24|ABL1|PREX1|ALK|MGARP|TMEM106B|DHX36|DPYSL5|PTN|RAB21|RELN|CARM1|STAU2|ARMCX5-GPRASP2|NFATC4|CSMD3|KNDC1|PPP3CA|ITPKA|BMP5|SARM1|HECW2|BMP7|FAT3|ZNF296|CUL7|CAMK1D|ZDHHC15|NR2E1|MFSD2A|TRPC5|FBXW8|OBSL1|TRPC6,https://www.gsea-msigdb.org/gsea/msigdb/human/geneset/GOBP_REGULATION_OF_DENDRITE_DEVELOPMENT,100,ENR,GOBP_REGULATION_OF_DENDRITE_DEVELOPMENT,1,1E-3,GOBP_REGULATION_OF_DENDRITE_DEVELOPMENT,FALSE,GOBP_REGULATION_OF_DENDRITE_DEVELOPMENT
15,3,3,3,0.999,,1E-3,,SPATA2|CCNO|DNAAF3|TBC1D20|ATRX|LHCGR|SCAPER|GMNC|KIF18A|ODAD3|INHBB|UBB|MCIDAS|ADGRG1|AR|BRIP1|SMAD4|WDR48|FER|REC8|ING2,https://www.gsea-msigdb.org/gsea/msigdb/human/geneset/GOBP_SEMINIFEROUS_TUBULE_DEVELOPMENT,21,ENR,GOBP_SEMINIFEROUS_TUBULE_DEVELOPMENT,1,1E-3,GOBP_SEMINIFEROUS_TUBULE_DEVELOPMENT,FALSE,GOBP_SEMINIFEROUS_TUBULE_DEVELOPMENT
4,3,3,3,0.999,,1E-3,,SMO|BMP4|CALB1|LIF|WNT7B|PAX2|PAX8|BASP1|LGR4|PKD2|WT1|AGTR2|WNT9B|LHX1|FOXJ1|FRAS1|PKD1|GDNF|CTNNB1|KIF26B|HES1|HES5|GREM1|WNT4|FGF10|STAT1|SOX9|SALL1|SOX8|SIX2,https://www.gsea-msigdb.org/gsea/msigdb/human/geneset/GOBP_METANEPHROS_MORPHOGENESIS,30,ENR,GOBP_METANEPHROS_MORPHOGENESIS,1,1E-3,GOBP_METANEPHROS_MORPHOGENESIS,FALSE,GOBP_METANEPHROS_MORPHOGENESIS
9,3,3,3,0.999,,1E-3,,ZNRF2|ANXA1|ANXA2|SYT7|SNCA|C2CD5|PRRT2|DOC2A|SYT1|DOC2B|SYT13|SYT2|ERC2|SYT3|RPH3A|SYT5|RPH3AL|SYT8|SYT9|SYT11|SYT4|ZNRF1,https://www.gsea-msigdb.org/gsea/msigdb/human/geneset/GOBP_POSITIVE_REGULATION_OF_VESICLE_FUSION,22,ENR,GOBP_POSITIVE_REGULATION_OF_VESICLE_FUSION,1,1E-3,GOBP_POSITIVE_REGULATION_OF_VESICLE_FUSION,FALSE,GOBP_POSITIVE_REGULATION_OF_VESICLE_FUSION
9,3,3,3,0.999,,1E-3,,SLC4A8|ADORA2B|SYT10|SYT7|VAMP8|KLRC2|CD177|RAB3A|RPH3A|CD160|RPH3AL|ITGAM|F2RL1|ITGB2|UNC13D|KCNB1|SNX4|FCER1G|ZP3|FGR|PLA2G3|NLGN1|RAB3D|STX1A|CACNA1B|SCAMP5|STX4|GAB2|PPP3CA|RAB27A|SPHK2|GATA1|GATA2|LAMP1|DOC2A|SYT1|DOC2B|CDK5|HLA-F|HYAL3|CDK5R2|RAB15|AP1G1|STXBP1|IL13|IL4R|SYK|SYT4,https://www.gsea-msigdb.org/gsea/msigdb/human/geneset/GOBP_POSITIVE_REGULATION_OF_REGULATED_SECRETORY_PATHWAY,48,ENR,GOBP_POSITIVE_REGULATION_OF_REGULATED_SECRETORY_PATHWAY,1,1E-3,GOBP_POSITIVE_REGULATION_OF_REGULATED_SECRETORY_PATHWAY,FALSE,GOBP_POSITIVE_REGULATION_OF_REGULATED_SECRETORY_PATHWAY
22,3,3,3,0.999,,1E-3,,PLD3|CHRNB1|ACADM|ACTN3|WNT3A|ACTA1|ACTC1|ADPRHL1|TANC1|ANKRD23|DMD|AKT1|BMP10|CASQ1|CSRP2|CSRP3|MYH3|ADAMTS5|ADGRB1|MYH6|ADM|BNIP2|DOCK5|BIN3|FHOD3|FLNC|CASP7|KRT19|CCNB1|LDB3|AKIRIN2|CDK1|PDGFB|MYBPC1|MYBPC2|COL6A1|MYBPC3|ARRB2|GSK3A|MYBPH|CD53|MYH11|MYL2|MYOM1|MYOM2|MYOM3|MYOZ2|IGF1|MYPN|IGF2|NEB|NEBL|NRAP|CBY1|OBSCN|PGM5|PRKAR1A|SIX4|SYNPO2L|MTOR|TCAP|TNNT1|CHUK|TNNT2|FOXP1|HEY1|TNNT3|MESP1|RYR1|SGCD|PTGFRN|PIEZO1|NPPA|STAC3|FLOT1|SELENON|NOTCH2|FHL2|MYF5|B4GALNT2|MYF6|NFATC1|NFATC2|NFATC3|BCL9|RCAN1|SKI|SYNE1|KCNJ8|CCNT2|CTDP1|DOCK2|DYRK1B|PPIF|PLEKHO1|ACTN2|EZH2|NRG1|HOMER1|RGS2|EHD1|SEMA4C|EHD2|MED28|XBP1|MSX1|TBX1|DNMT1|MTLN|NFATC4|SPAG9|SHH|PLEC|SOD2|FGF10|SLC8A1|PRDM6|TARBP2|HDGFL2|CAV3|SETD3|DLL1|SMYD1|KDM1A|HDAC9|PRKD1|IGFBP5|MYMK|MYOG|ACVR1|PDLIM5|PI16|SORBS2|FOXF1|HDAC3|SIK1|ATP11A|IL4R|TBX18|BIN1|TCF23|KEL|MYO18B|FOXO4|SIRT1|ID2|RGS4|SORT1|BARX2|SMARCD3|PARP2|MEIS1|HNRNPU|TTN|FKTN|TMEM204|YY1|KAT2A|TBX2|ANKRD1|TMOD3|NPHS1|CACYBP|KLF5|ADAM12|ITGA8|CYP26B1|MYOD1|CTNNB1|SMAD1|HES1|EREG|NAGLU|PPARA|IRX3|PPP3CB|MYOZ1|NEO1|TGFB1|NOTCH1|CAMK1|PDGFRA|PRKG1|PTBP1|QKI|AVPR1A|RAMP2|ASB2|PPP3CA|RBM24|RBM38|RBM4|FBXO22|FKRP|CALR|G6PD|WNT4|FRS2|SOX9|BMP4|HDAC4|MYC|RBPMS2|MYMX|PITX2|CCL8|SIX1|CCN3|RARB|GLMN|NOX4|ASF1A|FGF9|LBX2|NPNT|WNT5B|ALPK2|RXRB|ALPK3|ANHX|DCAF8|DNER|MAML1|SGCB|EFNB2|SGCZ|TBX5|CD81|WFIKKN1|CD9|WFIKKN2|PDGFRB|XK|HDAC1|ANK2|CXCL10|SIRT6|KLHL40|KLHL41|BDNF|BHLHE41|CEACAM5|CXCL9|PLPP7|RPL3L|SHOX2|UCHL1|H3-3A|H3-3B|MDM2|CDON|SMO|MYH10|AFG3L2|TNPO2|FZD7|EDNRB|VEGFA|IFRD1|ADRA1A|PRICKLE1|PROX1|MYORG|HEY2|ZMPSTE24|BMPR2|HIRA|SUPT6H|BCL2|ERVFRD-1|ERVW-1|GDF15|MYEF2|POPDC3|P2RX2|CAV2|TBX3|GREM1|PIAS1|TPM1|RB1|CNTNAP1|SMYD3|ADAMTS15|ADGRB3|CTCF|CXADR|ITGB1|FGFR2|EDN1|EDNRA|KIT|NOTCH4|HDAC5|CFL2|WT1|WNT10B|YBX1|DKK1|LARGE1|FLII|MEF2C|NACA|MMP14|GPER1|GPX1|NOS1|FBXO40|SPEG|PAK1|TRIM72|PDCD4|LAMC1|MYH9|LMOD1|LMOD2|LMOD3|NINJ1|CDK9|LMNA|KRAS|MYLK3|MEF2A|CACNA2D2|AKAP6|RIPOR2|GREB1L|ENG|TMOD1|TMOD2|TMOD4|LOX|PTCD2|SCGB3A1|BMP2|OBSL1|TMEM182|POPDC2|AKAP13|DUSP29|MAMSTR|CAPN3|TNFSF14|CFLAR|ATG5|WDR1|ATP2A2|BHLHA15|ACTN4|CASP3|CTH|CDH2|ACTG1|ACTN1|MYOCD|NKX2-5|OLFM2|SRF|APLNR|ZEB1|ZBED6|IFT20|ZNHIT1|COMP|TOMM70|HOPX|SYPL2|CSRP1|SLC9A1|KDM6B|SDC1|MYL9|CAPN2|NLN|SPG11|DOCK1|BMPR1A|EFEMP2|MRTFB|WNT1|LAMA1|LAMA2|LAMB1|LAMB2|MRTFA|MEGF10|ISL1|NID1|TRIM32|TSC1|SMAD4|GATA4|GATA6|KCNH1|MAPK12|RARA|COL14A1|MAPK11|MAPK14|SOX6|TMEM119|CACNB4|CACNA1H|RORA|C10ORF71|CACNA1S|DMPK|MECP2,https://www.gsea-msigdb.org/gsea/msigdb/human/geneset/GOBP_MUSCLE_CELL_DIFFERENTIATION,408,ENR,GOBP_MUSCLE_CELL_DIFFERENTIATION,1,1E-3,GOBP_MUSCLE_CELL_DIFFERENTIATION,FALSE,GOBP_MUSCLE_CELL_DIFFERENTIATION
8,3,3,3,0.999,,1E-3,,BMP4|ACVRL1|ARK2C|NEO1|SMAD2|NOTCH1|FKBP8|GDF5|CCN1|MSX1|MSX2|CDH5|CRB2|NUMA1|PELO|TBX20|SOX11|ENG|FOXD1|TWSG1|FBXL15|UBE2O|NOTCH2|RBPJ|HES1|HES5|ELAPOR2|KCP|SCUBE3|ZNF423|NGLY1|GATA4|KDR|SULF1|GPC3|ILK,https://www.gsea-msigdb.org/gsea/msigdb/human/geneset/GOBP_POSITIVE_REGULATION_OF_BMP_SIGNALING_PATHWAY,36,ENR,GOBP_POSITIVE_REGULATION_OF_BMP_SIGNALING_PATHWAY,1,1E-3,GOBP_POSITIVE_REGULATION_OF_BMP_SIGNALING_PATHWAY,FALSE,GOBP_POSITIVE_REGULATION_OF_BMP_SIGNALING_PATHWAY
14,3,3,3,0.999,,1E-3,,KRAS|SMO|ACVRL1|CAV1|NOTCH1|NKX6-3|TP63|DLL1|JAG1|MSX1|FST|MSX2|OSR1|ZEB1|YAP1|VEGFA|NOTCH4|IFNG|MMP9|SRSF6|DSG2|SPRED1|SPRED2|CCND1|EZH2|REG3G|SPRED3|EXTL3|NODAL|SPRY1|SPRY2|CTNNB1|HES1|HES5|TBX3|HOXA7|FRZB|IL13|S1PR3|FGF10|FOXJ2|STAT1|GDF3|OVOL2|SOX9|SIX2,https://www.gsea-msigdb.org/gsea/msigdb/human/geneset/GOBP_NEGATIVE_REGULATION_OF_EPITHELIAL_CELL_DIFFERENTIATION,46,ENR,GOBP_NEGATIVE_REGULATION_OF_EPITHELIAL_CELL_DIFFERENTIATION,1,1E-3,GOBP_NEGATIVE_REGULATION_OF_EPITHELIAL_CELL_DIFFERENTIATION,FALSE,GOBP_NEGATIVE_REGULATION_OF_EPITHELIAL_CELL_DIFFERENTIATION
21,3,3,3,0.999,,1E-3,,HSPB1|SEMA5A|FGF16|PRKD2|FGF18|TMSB4X|FGF2|FGFR1|MET|VEGFA|PRKD1|P2RX4|KDR|LGMN|SMOC2,https://www.gsea-msigdb.org/gsea/msigdb/human/geneset/GOBP_POSITIVE_REGULATION_OF_ENDOTHELIAL_CELL_CHEMOTAXIS,15,ENR,GOBP_POSITIVE_REGULATION_OF_ENDOTHELIAL_CELL_CHEMOTAXIS,1,1E-3,GOBP_POSITIVE_REGULATION_OF_ENDOTHELIAL_CELL_CHEMOTAXIS,FALSE,GOBP_POSITIVE_REGULATION_OF_ENDOTHELIAL_CELL_CHEMOTAXIS
34,3,3,3,0.999,,1E-3,,IRX5|C3|SCARF1|ADGRB3|MAP3K13|AGRN|C1QL1|KDM1A|NGF|LGI4|RND1|GLDN|CCDC39|CNTNAP2|EDNRA|FARP2|KCNB1|SCLT1|BCL11A|SMIM45|KCNIP2|CLN5|GATA2|CX3CL1|B4GALT5|FBXO41|CDKN1C|VSX1|EPHA8|B4GALT6|ACTL6B|SRRM4|EDNRB|RAC1|NR4A2|RAC3|RET|TBX6|MTCH1|SPTBN4|APP|BCL2|C1QA|CNTN2|MYOC|PICK1|FEV|ANKS1A|NTN4|KCNQ3|NRCAM|LRRK2|RB1|SPG21|MECP2,https://www.gsea-msigdb.org/gsea/msigdb/human/geneset/GOBP_NEURON_MATURATION,55,ENR,GOBP_NEURON_MATURATION,1,1E-3,GOBP_NEURON_MATURATION,FALSE,GOBP_NEURON_MATURATION
,3,3,3,0.999,,1E-3,,HSPB1|DNAJA1|CRYAB|HSPA1B|HSPA2|FKBP1A|HSPA5|SDF2|B2M|DNAJB2|HSP90AA1|HSPA6|HSPB6|HSPB2|FKBP1B|HSPA1L|SDF2L1|DNAJA2|HSPA9|DNAJA4|HSPD1|HSPA1A|HSPA8|SNRNP70|HSPA13|BAG5|HSPA14,https://www.gsea-msigdb.org/gsea/msigdb/human/geneset/GOBP_PROTEIN_REFOLDING,27,ENR,GOBP_PROTEIN_REFOLDING,1,1E-3,GOBP_PROTEIN_REFOLDING,FALSE,GOBP_PROTEIN_REFOLDING
,3,3,3,0.999,,1E-3,,EXOSC3|TRNT1|DICER1|ELAC2|EXOSC10|RNH1|METTL1|SLFN13|ZCCHC7|EXOSC2|EXOSC7|EXOSC8|EXOSC9|NSUN2|ANG|POP1|TRDMT1,https://www.gsea-msigdb.org/gsea/msigdb/human/geneset/GOBP_TRNA_DECAY,17,ENR,GOBP_TRNA_DECAY,1,1E-3,GOBP_TRNA_DECAY,FALSE,GOBP_TRNA_DECAY
6,3,3,3,0.999,,1E-3,,TIFAB|WNT3A|DLL1|LFNG|MTF2|DMRT2|PCDH8|WNT5A|PPP2R3A|MSGN1|LAMA5|TASOR|FOXF1|HOXA2|TDRD1|NKX3-1|PSEN1|CDX1|TDRD5|RBPJ|SMAD3|HOXD8|MEOX1|MESP2|RIPPLY2|MED12|TDRD6|TDRD7|PRKDC|TBX18|TDRKH|TCAP|CDX2|MESP1|PLXNA2|DVL2|FOXC1|FZD5|OSR1|BASP1|HES7|NCKAP1|TBX6|TAF10|FOXC2|TP53|COBL|PALB2|FOXB1|MAFB|SFRP1|TBX3|TMED2|MYF5|MYF6|BMI1|TCF15|KAT2A|ACD|ATM|ZIC3|WT1|XRCC2|CRIPTO|DKK1|MIB1|POFUT1|POGLUT1|BMPR1A|EGR2|NRP2|HES5|SEMA3C|SFRP2|SMAD4|ZEB2|IRX1|IRX2|NKD1|IRX3|NOTCH1|NRP1|EPB41L5|CRB2|AXIN2|MLLT3|MEOX2|LHX1|SHH|SEMA3F|LEF1|NLE1|PCSK6|EP300|NRARP|DLL3|ABI1|FRS2|GDF3|PLD6,https://www.gsea-msigdb.org/gsea/msigdb/human/geneset/GOBP_SEGMENTATION,100,ENR,GOBP_SEGMENTATION,1,1E-3,GOBP_SEGMENTATION,FALSE,GOBP_SEGMENTATION
140,3,3,3,0.999,,1E-3,,CAV1|NOTCH1|MCL1|PIK3R3|CRYBA1|PTK2|ITGB1|PTRH2|SNAI2|CEACAM6|MYBBP1A|BCL2|PDK4|ANKRD13C|BCL2L1|PIK3CA|TLE5|CHEK2|NTRK2|SIK1|ITGA5|ZNF304|TLE1|SRC|CEACAM5|BRMS1,https://www.gsea-msigdb.org/gsea/msigdb/human/geneset/GOBP_REGULATION_OF_ANOIKIS,26,ENR,GOBP_REGULATION_OF_ANOIKIS,1,1E-3,GOBP_REGULATION_OF_ANOIKIS,FALSE,GOBP_REGULATION_OF_ANOIKIS
17,3,3,3,0.999,,1E-3,,CCL28|ONECUT1|ACTN3|MINK1|CFL1|ARL2|HRG|CCR7|NPNT|DAG1|DLC1|CD34|DOCK5|JUP|RRAS|CDC42|KIF14|COL13A1|LAMA5|PDGFB|SPRY4|GFUS|PPARD|PKD1|CRK|GSK3B|CRKL|CSF1|EPDR1|CX3CL1|LPXN|ATP1B2|OTOA|ITGA5|ITGAV|ITGB5|ITGB6|HACD1|RASA1|SRC|CD36|HSD17B12|PKP2|FGA|FGB|HOXD3|GBP1|PIK3CB|EFNA1|STK4|COL1A1|FZD7|HTN1|BCAM|TMEM8B|COL17A1|PIP5K1A|COL5A3|FAT2|VEGFA|EMILIN1|FREM1|TRPM7|EMP2|MSLN|NID2|PKHD1|SGCE|SNED1|SORBS3|ARHGAP6|TESK2|FBLN5|THSD1|SIGLEC1|FER|BCL2|SRCIN1|KANK1|BCL2L11|SORBS1|MYOC|GAS6|PPFIA1|UTRN|ANTXR1|NTN4|BRAF|PARVB|NPY|PARVG|PEAK1|RADIL|SKAP1|TACSTD2|CDK5|AP1AR|GREM1|CIB1|HOXA7|MYF5|FZD4|DMTN|ADAM9|ADAMTS13|VWA2|ADAM15|ITGA1|ITGA2|ITGA2B|ITGA3|ITGA4|ITGA6|ITGA7|CCN1|ITGA9|CDH13|ITGAL|ITGB1|ITGB3|ITGB7|JAM3|MYADM|CARMIL1|ITGAM|EFNA5|ITGB1BP1|ITGB2|PTEN|RHOA|ITGA11|L1CAM|ACTN2|LYVE1|MADCAM1|MDK|MMP14|MMP12|STRC|TECTA|LAMC1|MYO1G|PPM1F|DAB2|NEDD9|LDB1|MAP4K4|NF1|MELTF|SEMA3E|SMAD6|KDR|PECAM1|PLG|ABL1|PREX1|EPB41L5|PTK2|NF2|PTK2B|PTPRJ|PRKCE|PTPRO|RAC1|PTPN1|RAC2|RAC3|THBS3|ROCK1|ITGB4|CDKN2A|STON1|EPHB1|TAOK2|TRIOBP|PARVA|SERPINE1|WASHC2C|NPY2R|DAPK3|SPOCK1|TTYH1|MACF1|RHOD|THBS1|POLDIP2|THY1|C1QBP|ANGPT1|TBCD|P4HB|EPHA3|FN1|FUT1|PLPP3|EDA|AGR2|PRKX|VCAM1|CD63|LIMS1|RAB1A|CDH11|ACTN4|DUSP22|OLFM4|TIAM1|TYRO3|FOXF1|FLNA|PTPRK|GPM6B|SMAD3|MKLN1|CTTN|TNXB|ITGA10|ACTG1|CLASP1|ITGAD|ACTN1|CDK6|CLASP2|ITGAE|ITGBL1|PTPRA|TIMM10B|SRF|FAM107A|LIMCH1|ZYX|COL3A1|CORO2B|UNC13D|DDR1|SLC9A1|NEXMIF|RCC2|CORO1C|FBLN1|FERMT3|PPFIA2|SDC4|SFRP1|HAS2|AJUBA|ALOX15|ANGPTL3|MICALL2|APOA1|ILK|TESK1|ACVRL1|MERTK|AJAP1|ANGPT2|JAG1|AXL|VAMP3|BCL6|ONECUT2|CASK|CAMSAP3|S100A10|ARHGEF7|PDPN|ADAMTS9|ITGA8|SRGAP2|ABI3BP|ARPC2|CD3E|CASS4|CD96|CCDC80|WHAMM|CEACAM6|DISC1|DUSP3|COL16A1|COL26A1|COL8A1|CSPG5|DMP1|ANXA2|DOCK1|ECM2|EDIL3|EFEMP2|EGFL6|FGG|EGFLAM|WNT1|EPHA1|FBLN2|CORO1A|CTNNB1|SVEP1|LAMB1|TNFRSF12A|TLN1|TNN|LIMS2|PIK3R1|PLET1|FERMT1|JAK2|NDNF|NID1|PLEKHA2|TSC1|RELL2|ITGAX|RIN2|ITGB8|RREB1|VCL|RSU1|ATXN3|SPOCK2|VWF|VIT|ADAMTS12|VWC2|HPSE|ACER2|NOTCH1|LYPD3|NRP1|PHLDB2|PLAU|WDPCP|PXN|MUC4|AKIP1|APOD|TRIP6|LEF1|BCR|TEK|BST1|POSTN|CCN2|CD44|SLK|CALR|ROCK2|VTN|FERMT2|WNT4|CCL21|EPHB3|GCNT2|CCL25,https://www.gsea-msigdb.org/gsea/msigdb/human/geneset/GOBP_CELL_SUBSTRATE_ADHESION,354,ENR,GOBP_CELL_SUBSTRATE_ADHESION,1,1E-3,GOBP_CELL_SUBSTRATE_ADHESION,FALSE,GOBP_CELL_SUBSTRATE_ADHESION
25,3,3,3,0.999,,1E-3,,GATA3|GPX1|HOXA5|PYGO2|IQGAP3|KDM5B|ZNF703|BRCA2|DEAF1|ROBO1|RREB1|PHB2|RTN4|BAX|CCND1|CDKN2A,https://www.gsea-msigdb.org/gsea/msigdb/human/geneset/GOBP_REGULATION_OF_MAMMARY_GLAND_EPITHELIAL_CELL_PROLIFERATION,16,ENR,GOBP_REGULATION_OF_MAMMARY_GLAND_EPITHELIAL_CELL_PROLIFERATION,1,1E-3,GOBP_REGULATION_OF_MAMMARY_GLAND_EPITHELIAL_CELL_PROLIFERATION,FALSE,GOBP_REGULATION_OF_MAMMARY_GLAND_EPITHELIAL_CELL_PROLIFERATION
22,3,3,3,0.999,,1E-3,,TREM2|CCL8|CAMK1|TNFSF14|CAPN2|CFLAR|ADGRB1|RIPOR2|MAPK14|PLEKHO1|FLOT1|MYOD1|MYOG|TYROBP|CD53|RAPGEF3|DCSTAMP|GDF15|CXCL10|SCGB3A1|IL4R|OCSTAMP|CXCL9|EHD1|EHD2|NFATC2|ADAM9|GCM1|TMEM182,https://www.gsea-msigdb.org/gsea/msigdb/human/geneset/GOBP_REGULATION_OF_SYNCYTIUM_FORMATION_BY_PLASMA_MEMBRANE_FUSION,29,ENR,GOBP_REGULATION_OF_SYNCYTIUM_FORMATION_BY_PLASMA_MEMBRANE_FUSION,1,1E-3,GOBP_REGULATION_OF_SYNCYTIUM_FORMATION_BY_PLASMA_MEMBRANE_FUSION,FALSE,GOBP_REGULATION_OF_SYNCYTIUM_FORMATION_BY_PLASMA_MEMBRANE_FUSION
63,3,3,3,0.999,,1E-3,,ACVR1C|REST|HADH|CRY2|LIF|SYTL4|CCN3|PDE8B|JAGN1|GJA1|INHBB|EDN1|GNAO1|RAB11FIP3|KCNB1|PFKL|ABCC8|CHGA|SREBF1|CRHBP|SIRT4|VSNL1|FFAR4|ADRA2A|FOXO1|PSMD9|PTPN11|INHA|INHBA|IRS1|UCN|KLF7|LEP|KCNJ11|MIDN|MTNR1B|TSPO|ADRA2C|CRH|RAB11FIP1|PRKN|RAB11FIP5|CRY1|ENY2|GHRL|GHSR|PIM3|DRD2|F2RL1|ADIPOQ|FAM3D|TACR2|ADORA1|FFAR2|FGF23|OPRK1|NMB|BMP8A|FKBP1B|NDUFAF2|OSM|GNAZ|GNAI1|IL11|UCP2|NPFF|IL1B|KCNK9,https://www.gsea-msigdb.org/gsea/msigdb/human/geneset/GOBP_NEGATIVE_REGULATION_OF_HORMONE_SECRETION,68,ENR,GOBP_NEGATIVE_REGULATION_OF_HORMONE_SECRETION,1,1E-3,GOBP_NEGATIVE_REGULATION_OF_HORMONE_SECRETION,FALSE,GOBP_NEGATIVE_REGULATION_OF_HORMONE_SECRETION
,3,3,3,0.999,,1E-3,,SMO|HESX1|FBXW11|AKT3|BBS1|BBS2|FANCD2|PAX2|GBA1|BBS4|FZD3|VPS51|CTNNA2|PROP1|PTEN|WNT5A|SPEF2|MKKS|PAFAH1B1|SLC4A10|GDF7|EMX1|TUBA1A|SLIT1|PSEN1|SHANK3|SLC6A4|FOXO3|FZD6|OTX1|ZNF335|SOS1|NF1|CDH2|UCHL5|FGF8,https://www.gsea-msigdb.org/gsea/msigdb/human/geneset/GOBP_BRAIN_MORPHOGENESIS,36,ENR,GOBP_BRAIN_MORPHOGENESIS,1,1E-3,GOBP_BRAIN_MORPHOGENESIS,FALSE,GOBP_BRAIN_MORPHOGENESIS
,3,3,3,0.999,,1E-3,,JMJD7|P4HB|OGFOD1|EGLN2|JMJD4|VIPAS39|PLOD2|PLOD3|P3H2|P3H3|P3H4|VPS33B|EGLN3|P3H1|PLOD1|JMJD6,https://www.gsea-msigdb.org/gsea/msigdb/human/geneset/GOBP_PROTEIN_HYDROXYLATION,16,ENR,GOBP_PROTEIN_HYDROXYLATION,1,1E-3,GOBP_PROTEIN_HYDROXYLATION,FALSE,GOBP_PROTEIN_HYDROXYLATION
10,3,3,3,0.999,,1E-3,,EPHB1|SELENON|STAT3|MYOG|PPARD|ANGPT1|FGF2|SIX1|MSTN|CFLAR|PAXBP1|CAV2|ANHX|JAK2|SIX5|AKIRIN1|SHH,https://www.gsea-msigdb.org/gsea/msigdb/human/geneset/GOBP_REGULATION_OF_SKELETAL_MUSCLE_CELL_PROLIFERATION,17,ENR,GOBP_REGULATION_OF_SKELETAL_MUSCLE_CELL_PROLIFERATION,1,1E-3,GOBP_REGULATION_OF_SKELETAL_MUSCLE_CELL_PROLIFERATION,FALSE,GOBP_REGULATION_OF_SKELETAL_MUSCLE_CELL_PROLIFERATION
5,3,3,3,0.999,,1E-3,,CRIPT|SLC30A1|LRFN1|CFL1|LRFN4|FGFR1|LRRC4B|IL1RAP|LRRTM2|PTK2B|ZMYND8|GRID2|LATS1|PTPRD|LILRB2|ABI3|CDH2|PTPRS|PRICKLE1|CASKIN1|CBLN1,https://www.gsea-msigdb.org/gsea/msigdb/human/geneset/GOBP_REGULATION_OF_POSTSYNAPTIC_DENSITY_ORGANIZATION,21,ENR,GOBP_REGULATION_OF_POSTSYNAPTIC_DENSITY_ORGANIZATION,1,1E-3,GOBP_REGULATION_OF_POSTSYNAPTIC_DENSITY_ORGANIZATION,FALSE,GOBP_REGULATION_OF_POSTSYNAPTIC_DENSITY_ORGANIZATION
77,3,3,3,0.999,,1E-3,,BMP4|CAV1|HIF1A|NKX3-2|FOXA1|ONECUT1|WNT11|PGR|DLL1|RARB|BCCIP|RARG|OTP|IFT80|IPO7|MAP1B|ROS1|CCDC78|BHLHA15|CEBPB|CEP152|PTK6|GATA2|IL6ST|RPTOR|DEUP1|E2F4|CDH2|IL13|SRC|DLG5|CEP63|CDX2|ASCL1|SPDEF|SMAD2|NTF4|NKX6-3|FZD5|DLX3|DSPP|FST|NFE2L1|TTC8|PLK4|PROX1|TP73|SOX11|SLC9A4|FOXJ1|PRDM1|TIGAR|HOXA5|SAV1|NPY|POU3F2|SOX4|PYY|C1GALT1|ENAM|FAM20C|INSM1|TP63|JAG1|FGFR2|KLF5|WDR77|TJP1|RFX6|YIPF6|TUBB|CCNO|CTNNB1|IL31RA|EXT1|HES1|LHX3|GATA4|GATA6|PKP1|RARA|TGFB1|NOTCH1|XBP1|ABL1|FGF2|NR5A2|GATA5|GPAT4|MSX1|TLR9|GMNC|YAP1|B9D1|TMEM231|TMIGD1|EMX1|NFIB|NODAL|LEF1|SERPINE1|BMP7|CLCN2|BMP2|CBFA2T2|VAX1|MCIDAS|WNT4|FGF8|ZNF800|SOX9,https://www.gsea-msigdb.org/gsea/msigdb/human/geneset/GOBP_COLUMNAR_CUBOIDAL_EPITHELIAL_CELL_DIFFERENTIATION,111,ENR,GOBP_COLUMNAR_CUBOIDAL_EPITHELIAL_CELL_DIFFERENTIATION,1,1E-3,GOBP_COLUMNAR_CUBOIDAL_EPITHELIAL_CELL_DIFFERENTIATION,FALSE,GOBP_COLUMNAR_CUBOIDAL_EPITHELIAL_CELL_DIFFERENTIATION
1,3,3,3,0.999,,1E-3,,IRX5|MFRP|CNTF|NRL|RPL24|HIF1A|THY1|RPGRIP1|SAMD11|LAMC3|SDK2|LHX2|DLL1|PTF1A|XRN2|RORB|BBS4|CELF4|TGIF1|THRB|RRM1|PDGFRB|BBS10|RDH13|HIPK1|SAMD7|RPE65|PAX6|ATP2B4|GRM6|PSEN1|SERPINF1|FJX1|RHO|ATP8A2|ELP6|DTNBP1|PER2|VSX1|CDON|DLL4|MYH10|CLDN19|IMPG2|MDM1|NECTIN1|SLC17A7|AGTPBP1|NFIA|CASP2|PFDN5|TFAP2B|TTC8|DRAM2|PAX4|PROX1|SMARCA4|USP45|BAX|BMPR2|SMARCD3|ACHE|SLC38A8|ACVR2B|MEGF11|PRDM1|DLX1|ARL6|DLX2|SDK1|NDP|DIO3|TCIRG1|RD3|RPGRIP1L|BMPR1B|PDE6A|CLN8|FZD4|PDE6B|SIX3|PDE6C|GNAT1|NEUROD4|GNB1|JMJD6|TTLL5|SKI|ACVRL1|CALB1|MERTK|ATOH7|BBS1|ROM1|CLDN3|HCN1|CLIC4|FOS|GDF11|HPCA|DCX|DSCAM|AHI1|CRX|LARGE1|HIPK2|TFAP2A|ARSG|NECTIN3|ZNF513|OPN4|PTPRM|RHOJ|SLC4A5|HES1|LAMA1|TMEM135|GRN|LAMB2|MED1|RP1|USH1C|RS1|ARHGEF15|IHH|VAX2|NAGLU|STAT3|MAN2A1|TGIF2|TGFB1|NOTCH1|NRP1|SLC17A8|ACTL6A|PDGFRA|SCAPER|PAX2|CHD7|RAB11FIP4|SLC1A1|CRB1|CRB2|CYP1B1|TBC1D32|FOXN4|MFSD8|NEUROD1|GPM6A|LHX1|NPHP4|COL4A1|PROM1|NFIB|RP1L1|GNAT2|PRPH2|NTRK2|TSPAN12|TUB|TULP1|BSG|RBP4|VSTM4|FAT3|CLCN2|ZHX2|LPCAT1|VSX2|NPHP1|SOX9|CABP4|NR2E1|NR2E3|SOX8|LRP5|MFSD2A|TGFB2,https://www.gsea-msigdb.org/gsea/msigdb/human/geneset/GOBP_RETINA_DEVELOPMENT_IN_CAMERA_TYPE_EYE,178,ENR,GOBP_RETINA_DEVELOPMENT_IN_CAMERA_TYPE_EYE,1,1E-3,GOBP_RETINA_DEVELOPMENT_IN_CAMERA_TYPE_EYE,FALSE,GOBP_RETINA_DEVELOPMENT_IN_CAMERA_TYPE_EYE
4,3,3,3,0.999,,1E-3,,BMP4|MYC|AMPD2|CD2AP|WNT11|LIF|SIX1|DLL1|WNK4|DLG1|NPNT|GLI3|IQGAP1|CD34|TCF21|LAMA5|MAGED1|CTNNBIP1|MTSS1|PKD1|GZF1|HOXA11|TMEM59L|HNF1B|SIX4|LZTS2|SALL1|HEYL|SIX2|SMO|FOXC1|HOXD11|POU3F3|TFAP2B|PTCH1|OSR1|BASP1|EDNRB|VEGFA|ADAMTS16|PKD2|KLHL3|AGTR2|BCL2|FOXJ1|AQP11|FOXC2|GATA3|NOG|PBX1|NOTCH2|TACSTD2|CD24|GREM1|ILK|DCHS1|CALB1|CITED1|JAG1|UMOD|NPHS1|EDN1|EDNRA|LGR4|HOXB7|HS2ST1|WT1|WNT2B|HS3ST3A1|WNT9B|AHI1|HS3ST3B1|MAGI2|AGT|FOXD1|MEF2C|GDNF|WNT1|CTNNB1|EXT1|KLF15|AQP1|KIF26B|HES1|HES5|LAMB2|SMAD4|PECAM1|SLC22A1|GPC3|IRX1|IRX2|IRX3|WNT6|TGFB1|NOTCH1|FGF2|WNT7B|WWTR1|PAX2|PAX8|PODXL|PTPRO|YAP1|ACAT1|ADIPOQ|GREB1L|LHX1|SHH|SLC22A6|FGF1|PROM1|ASXL1|BMP2|EYA1|MYO1E|NPHS2|WNT4|FGF8|STAT1|SOX9|SOX8,https://www.gsea-msigdb.org/gsea/msigdb/human/geneset/GOBP_NEPHRON_EPITHELIUM_DEVELOPMENT,122,ENR,GOBP_NEPHRON_EPITHELIUM_DEVELOPMENT,1,1E-3,GOBP_NEPHRON_EPITHELIUM_DEVELOPMENT,FALSE,GOBP_NEPHRON_EPITHELIUM_DEVELOPMENT
11,3,3,3,0.999,,1E-3,,ZWINT|PIWIL2|PDE3A|CDC20|FBXO5|FZR1|LIF|DAZL|MSX1|MSX2|NPM2|UBE2B|WEE2|NPR2|TRIP13|WNT5A|PSMA8|PRDM9|OOEP|GPR3|HORMAD1|MEIOSIN|RAD1|RPS6KA2|CALR|PLCB1|DMRT1|SIRT2|NANOS2|WNT4|FBXO43|RAD51AP1|STRA8|KNL1,https://www.gsea-msigdb.org/gsea/msigdb/human/geneset/GOBP_REGULATION_OF_MEIOTIC_NUCLEAR_DIVISION,34,ENR,GOBP_REGULATION_OF_MEIOTIC_NUCLEAR_DIVISION,1,1E-3,GOBP_REGULATION_OF_MEIOTIC_NUCLEAR_DIVISION,FALSE,GOBP_REGULATION_OF_MEIOTIC_NUCLEAR_DIVISION
6,3,3,3,0.999,,1E-3,,BMP4|CAV3|WNT3A|AJAP1|SIX1|HOXC11|EDN1|CD34|LGR4|RUNX2|HOXB7|WT1|WNT5A|FGF7|WNT2B|AHI1|DKK1|AGT|PDGFA|APCDD1|DMRT3|MAGED1|NGFR|BMPR1A|PAX9|TNFRSF11B|RSPO2|SP6|GDNF|WNT10A|SAPCD2|CSF1|HGF|SPRY1|CTNNB1|HOXA11|TNF|STOX1|SFRP2|SIX4|PHB2|CITED2|MESP1|SIX2|SMO|TGFB1|FGF2|FGFR1|GATA5|MSX1|SEC24B|ETV5|PAX8|TBX1|VEGFA|PKHD1|SNAI2|BTBD7|AGTR2|ROBO1|AR|JHY|ROBO2|POU5F1|LHX1|SHH|FGF1|GATA3|NOG|NTN4|WNT2|TACSTD2|VANGL2|SFRP1|BMP7|GREM1|BMP2|WNT4|FGF10|FGF8|FRS2|SOX9|SULF1|SOX8,https://www.gsea-msigdb.org/gsea/msigdb/human/geneset/GOBP_REGULATION_OF_ANIMAL_ORGAN_MORPHOGENESIS,84,ENR,GOBP_REGULATION_OF_ANIMAL_ORGAN_MORPHOGENESIS,1,1E-3,GOBP_REGULATION_OF_ANIMAL_ORGAN_MORPHOGENESIS,FALSE,GOBP_REGULATION_OF_ANIMAL_ORGAN_MORPHOGENESIS
18,3,3,3,0.999,,1E-3,,ATP2B1|BMP4|ACTN3|VDR|ADRB2|CCN1|RXRA|PKDCC|RXRB|P2RX7|ATF4|WNT10B|LTF|TFAP2A|CEBPB|CFTR|FZD9|MEF2C|ACVR1|BMPR1A|OSR2|ADGRV1|BMP6|GPM6B|SMAD3|ATRAID|FBN2|ISG15|KL|NELL1|SLC4A2|WNT6|FBXO5|OSR1|PTN|ACVR2A|PTH|BMPR2|TENT5A|SLC20A2|ALOX5|ACVR2B|ANO6|TMEM119|BMP7|BMP2|BMPR1B|WNT4|AMELX|AMTN|SLC8A1|ENAM|FAM20C|ODAPH,https://www.gsea-msigdb.org/gsea/msigdb/human/geneset/GOBP_POSITIVE_REGULATION_OF_BIOMINERAL_TISSUE_DEVELOPMENT,54,ENR,GOBP_POSITIVE_REGULATION_OF_BIOMINERAL_TISSUE_DEVELOPMENT,1,1E-3,GOBP_POSITIVE_REGULATION_OF_BIOMINERAL_TISSUE_DEVELOPMENT,FALSE,GOBP_POSITIVE_REGULATION_OF_BIOMINERAL_TISSUE_DEVELOPMENT
5,3,3,3,0.999,,1E-3,,DOCK10|ABI2|CFL1|TANC1|ZNF804A|NRXN2|AKT1|CAMK2B|WASL|MAP1B|WNT5A|GPRASP3|MARK1|PAFAH1B1|CDC42|RPS6KA5|ABHD17A|SIPA1L1|CRIPT|PDLIM5|GRIN2B|CHMP2B|PSEN1|INS|CDH2|ABHD17B|ABHD17C|DTNBP1|EPHB2|CUX2|LRFN2|LZTS3|EFNA1|NCKIPSD|NUMBL|TRIM47|KIF1A|PRICKLE1|SLC12A5|FCGR2B|ASIC2|LZTS1|CC2D1A|SRCIN1|NAE1|NLGN1|ARHGAP44|CYFIP2|VPS35|NEDD8|PPFIA2|SHANK3|IL1RAPL1|CDK5|CDK5R1|ASIC1|GNA13|BAIAP2|ZDHHC8|SYNDIG1|CAPRIN1|ARF4|TANC2|SLC30A1|FYN|CARMIL3|ARHGAP33|PLPPR4|SENP1|SIGMAR1|NEURL1|LATS1|ABI3|CASKIN1|EPHA7|LRP8|CBLN1|S1PR2|CDKL5|DISC1|EEF2K|EPHA4|ARHGAP12|DOCK1|DBN1|LRFN1|ARHGAP22|GRID1|LRFN4|NECTIN3|LRRC4B|NRP2|UBE3B|LRRTM2|HOMER1|UBE2M|GRID2|PTPRD|NEDD9|NF1|PRNP|ARHGEF15|SEMA4C|CAPRIN2|PPP1R9B|PAK3|ITSN1|FGFR1|NGEF|GHRL|IL1RAP|WNT7A|CRMP1|GHSR|DHX36|PTK2B|HTR4|ARC|RAC1|ELMO1|PTPN1|RELN|LILRB2|RAC3|PTPRS|ADAM10|STAU2|RTN4|RTN4R|ARMCX5-GPRASP2|DOCK4|APP|DVL1|SEMA3F|LRP4|PUM2|ITPKA|NRCAM|RHOG|ZMYND8|LRRK2|ZDHHC15|APOE,https://www.gsea-msigdb.org/gsea/msigdb/human/geneset/GOBP_REGULATION_OF_POSTSYNAPSE_ORGANIZATION,143,ENR,GOBP_REGULATION_OF_POSTSYNAPSE_ORGANIZATION,1,1E-3,GOBP_REGULATION_OF_POSTSYNAPSE_ORGANIZATION,FALSE,GOBP_REGULATION_OF_POSTSYNAPSE_ORGANIZATION
19,3,3,3,0.999,,1E-3,,C3|BICD1|WNT3A|ANGPT1|CCR7|TF|WASL|B2M|CD63|AHI1|MAGI2|PCSK9|DGKD|SFRP4|ANXA2|ARRB2|NTF3|TBC1D5|HFE|INSR|DAB2|ARRB1|DTNBP1|SGIP1|APLN|APLNR|HIP1|HAMP|RAB21|DRD2|FMR1|LDLRAP1|VEGFA|H1-1|IL4|AP2M1|APP|PICK1|ATAD1|SELE|PPT1|APELA|SERPINE1|CBL|GREM1|VTN|AP2A1|EGF|APOA5|CCL19|CLU|PLCG2|CCL21|SYK,https://www.gsea-msigdb.org/gsea/msigdb/human/geneset/GOBP_POSITIVE_REGULATION_OF_RECEPTOR_MEDIATED_ENDOCYTOSIS,54,ENR,GOBP_POSITIVE_REGULATION_OF_RECEPTOR_MEDIATED_ENDOCYTOSIS,1,1E-3,GOBP_POSITIVE_REGULATION_OF_RECEPTOR_MEDIATED_ENDOCYTOSIS,FALSE,GOBP_POSITIVE_REGULATION_OF_RECEPTOR_MEDIATED_ENDOCYTOSIS
43,3,3,3,0.999,,1E-3,,HOXB4|ETV6|PIM1|KAT7|SHB|TSC22D1|PDCD2|GBA1|CD34|EIF2AK2|SART3|KITLG|SNAI2|YJEFN3|BABAM1|WNT10B|WNT5A|XRCC5|WNT2B|N4BP2L2|ACE|ANG|THPO|CEBPA|MECOM|WNT1|CTC1|YTHDF2|ARIH2|RUNX1|SFRP2|BRCA2|ERCC2|ATXN1L|NKAP,https://www.gsea-msigdb.org/gsea/msigdb/human/geneset/GOBP_HEMATOPOIETIC_STEM_CELL_PROLIFERATION,35,ENR,GOBP_HEMATOPOIETIC_STEM_CELL_PROLIFERATION,1,1E-3,GOBP_HEMATOPOIETIC_STEM_CELL_PROLIFERATION,FALSE,GOBP_HEMATOPOIETIC_STEM_CELL_PROLIFERATION
14,3,3,3,0.999,,1E-3,,BMP4|NAB1|TRIM16|REST|CASP14|UGCG|PITX2|VDR|CLDN1|COL7A1|LAMA3|PRKCH|LDB2|STS|LSR|KRT16|DSP|KRT2|NSDHL|FZD3|ELOVL1|ALX4|ATP7A|KRT15|PAFAH1B1|DSC1|KRT3|IRF6|KEAP1|KRT31|KRT32|KRT4|PDGFA|LAMA5|KRT34|PAX6|COL6A1|PPARD|ELMOD3|KRT6C|HDAC1|KRT7|KRT72|KRT73|KRT74|KRT77|RBPJ|KRT78|KRT79|KRT80|KRT81|INSR|KRT82|KRT85|KRT86|KRT9|EPHA2|EVPL|KRT10|TCHH|KRT76|LAMB3|OVOL2|DKK4|GRHL1|KPRP|SMO|TFDP1|FOXC1|STK4|PTHLH|CLDN4|DLX3|PTCH1|AP3B1|FST|SULT2B1|TXNIP|MACROH2A1|KDF1|COL17A1|PIP5K1A|KLK5|KLK7|POU2F3|SRSF6|KRT6A|LCE3A|PLA2G10|HEY2|STARD7|ZMPSTE24|BCL2|FLOT2|MACROH2A2|HOXC13|SAV1|POU3F2|PTCH2|GRXCR1|FOXE1|MANSC4|PLAAT4|ALOX12|ALOX12B|ALOXE3|HOXA7|SLC4A7|MCOLN3|IL17A|ZFP36|ADAM9|FA2H|ETV4|KRT5|SPRR5|EXPH5|SCEL|SPINK5|ZBED2|ATP2C1|BNC1|CLIC4|FGFR2|GORAB|PLOD3|FOSL2|LATS1|LATS2|DNASE1L2|LGR4|MAFG|WNT10B|FGF7|YBX1|DKK1|SOX18|ERCC3|SFRP4|EZH2|APCDD1|NGFR|CNFN|SGPP1|WNT10A|ANKRD24|KAZN|CLRN2|LCE1C|GRXCR2|GSDME|LCE1E|IVL|LCE3D|LHFPL5|LCE3E|PDZD7|OVOL3|STRC|KRT36|SLC44A4|SPRR2B|TECTA|KRT84|SPRR2D|TPRN|HES5|SPRR2F|SPRR2G|TNF|TRPC4AP|CALML5|CST6|EMP1|LDB1|NF1|KRTAP5-9|MED1|KRTDAP|LAMC2|SNAI1|TGM5|CRABP2|GJB5|MYCL|GRHL2|RBP2|PKP1|ST14|SCRIB|WNT16|CDSN|MSX2|RAC1|GBA1|CERS3|ROCK1|NSUN2|CDKN2A|REG3G|S100A7|SHH|RELA|LRP4|OPN3|PLEC|FLG|KRT17|PUM2|LORICRIN|MET|TRIOBP|SPRR1A|SPRR1B|SPRR2E|TGM3|VANGL2|EGFR|NOM1|SOS1|ELAPOR2|KRT14|SLITRK6|ZNF750|FGF10|GDF3|ZDHHC21|SOSTDC1|TGFB2|JAG2|LHX2|POU3F1|DLL1|ERRFI1|TMEM132E|ZFP36L1|EDA|EDA2R|EDAR|SOX21|MYCN|WNT5A|ATP2A2|PPHLN1|IGFBP5|SFN|SHARPIN|CASP3|GAL|SLC39A7|HDAC3|PIAS4|TFAP2C|CDH3|KLF7|TNFRSF19|DSG4|FOXN1|FOXQ1|KRT25|KRT27|KRT28|KRT83|FLG2|NTF4|PKP3|CYSRT1|SRF|ESRP1|AQP3|SEC24B|IFT172|PALLD|HRNR|TMPRSS11F|ALDH3A2|MAFF|TMC1|CSTA|OVOL1|MAFB|FZD6|LGR5|TGM1|AGPAT2|WAS|ALOX15B|FLNB|TP63|MYSM1|JAG1|KRT75|CD109|HOXB13|ATOH1|TMEM79|NUMA1|ACVR1B|POU4F3|PLOD1|CYP26B1|EXTL3|FUZ|CDKN1A|HLA-DRB1|INTU|MYO6|IL18|GNAS|CTNNB1|DCT|EXT1|IFT74|HES1|SVEP1|GRHL3|INHBA|MAP2K1|PPL|USH1C|FABP5|FERMT1|NME2|SPRR3|SLC39A2|KRT1|KRT6B|SMAD4|TSG101|HDAC2|ERCC2|MYO7A|EREG|NAGLU|PPARA|GATA6|HPSE|ACER1|NOTCH1|ABCA12|AKR1C3|FGF2|FGFR1|STMN1|ASAH1|GLI1|NAB2|GLI2|WDPCP|CDH23|YAP1|CLRN1|KCNQ1|IL20|BCL11B|CYP27B1|KLK14|MINAR2|ANXA1|TRADD|PLS1|PPP3CA|BCR|NFKBIZ|USH2A|CCN2|NHERF1|KLF4|WHRN|LIPK|LIPM|ROCK2|LIPN|FAM3C|SPINT1|NCOA3|FGF20|SOD1|SOX9|FOXI3,https://www.gsea-msigdb.org/gsea/msigdb/human/geneset/GOBP_EPIDERMIS_DEVELOPMENT,380,ENR,GOBP_EPIDERMIS_DEVELOPMENT,1,1E-3,GOBP_EPIDERMIS_DEVELOPMENT,FALSE,GOBP_EPIDERMIS_DEVELOPMENT
3,3,3,3,0.999,,1E-3,,DLL4|TIE1|BMP4|ELN|SLIT3|SMAD2|TGFB1|EFNA1|NOTCH1|ADAMTS19|JAG1|GATA5|ADAMTS5|EMILIN1|NPPA|SNAI2|AXIN2|ROBO1|ROCK1|ROBO2|HEY2|RHOA|TBX20|CDH11|GATA3|NOS3|TWIST1|TGFBR2|SLIT2|ROCK2|RB1|SNAI1|SMAD6|GATA4|NFATC1|NKX2-5|SOX9|HEY1|HEYL,https://www.gsea-msigdb.org/gsea/msigdb/human/geneset/GOBP_AORTIC_VALVE_MORPHOGENESIS,39,ENR,GOBP_AORTIC_VALVE_MORPHOGENESIS,1,1E-3,GOBP_AORTIC_VALVE_MORPHOGENESIS,FALSE,GOBP_AORTIC_VALVE_MORPHOGENESIS
100,3,3,3,0.999,,1E-3,,BEND3|IAPP|KCNC3|CBR4|CLYBL|P2RX7|B2M|G3BP2|KCTD10|KCTD17|KCNA1|KCTD2|SHKBP1|KCNB2|KCTD5|KCND2|KCND3|APPL2|CRYZ|GNMT|DEFA5|KCNC1|KCNJ12|BCL10|CARD8|CARD9|CBY1|KCNT1|HPRT1|ME1|RYR1|RYR3|KIF25|TNFAIP1|GSDMD|KCNJ2|PEG10|TRPM7|PKD2|GLRA3|KCTD7|ALDH9A1|SLC1A5|AQP11|GBP5|RNF112|HLA-G|SHMT1|GRIA3|TK1|ALAD|ATL2|ATL3|ROM1|SIGMAR1|SLC1A2|KCNB1|VWA1|CEP57|IKZF4|BCL11A|KCNA3|KCNA4|SHMT2|KCNA6|MIF|KCNA7|KCNC4|KCND1|KCNV1|MOSPD2|KCNV2|KCTD1|KCTD14|KCTD15|KCTD18|TRIM72|KCTD19|KCTD21|KCTD3|KCTD4|KCTD6|NACC2|KCTD9|MPP2|NLRC4|PRNP|NINJ1|OTOL1|NLRP1|RS1|ZNF746|PRND|NLRP3|TGM2|EHD1|EHD4|EHD3|MAPT|MICU1|SGTB|GOLGA2|PNPT1|RNF135|SOD2|TRPM3|P2RX3|PRMT8|TIFA|USP16|PYCARD|TRPM2|TRPM4|PXDN|ECT2|CTH|CHMP2A|KCNF1|KCNG1|KCNG2|KCNG3|POLQ|SSBP1|KCNG4|DELE1|LETM1|ALS2|GLS|THG1L|DNM1|ELAVL1|KCNRG|ITPR1|KCNS1|KCNS2|OSBPL2|KCNS3|SAMD1|AQP2|AQP4|MAT1A|TMEM70|BASP1|COMP|FUS|KCNA5|STEAP4|SPAST|ZBTB1|ACOT13|KCTD12|KCTD16|TDO2|KCTD8|MCOLN1|VPS35|ABCA3|C9|TP53BP1|PDCD6IP|CALHM1|JMJD6|PKD2L1|ITPR3|EVL|RIPK2|SAMHD1|HCN1|KCNC2|VASP|BLM|UPB1|PRF1|TRPA1|TRPV1|ALDOA|CARD11|VSTM5|AQP5|SCARA5|TRPV5|AQP10|NLRP6|MLKL|PRMT1|TMEM120A|ARC|KCNN4|ALOX5AP|CRTC3|ACACB|APP|ACACA|ITLN1|PRPH2|ATL1|APIP|KCNA2|ALDH1A2|ALDH1A3|KCTD13|HSD17B10|KCTD11|ADCY8|SYCP1|RBMX|CRTC1|CRTC2,https://www.gsea-msigdb.org/gsea/msigdb/human/geneset/GOBP_PROTEIN_HOMOOLIGOMERIZATION,208,ENR,GOBP_PROTEIN_HOMOOLIGOMERIZATION,1,1E-3,GOBP_PROTEIN_HOMOOLIGOMERIZATION,FALSE,GOBP_PROTEIN_HOMOOLIGOMERIZATION
17,3,3,3,0.999,,1E-3,,TESK1|C1QBP|P4HB|ITGB3|MYADM|S100A10|ARHGEF7|CARMIL1|DOCK5|PDPN|EFNA5|ITGB1BP1|ARPC2|LIMS1|CASS4|CDC42|ACTN4|CSPG5|SPRY4|DOCK1|OLFM4|MDK|CRK|FGG|CRKL|FLNA|DAB2|LIMS2|NEDD9|MELTF|PKP2|RREB1|FGA|FGB|GBP1|ABL1|NRP1|PREX1|PTK2|HTN1|RAC1|RAC3|UNC13D|RCC2|KANK1|MYOC|CORO1C|FBLN1|BRAF|TRIOBP|TACSTD2|WASHC2C|POSTN|AP1AR|CALR|CIB1|FERMT2|DMTN|HAS2|APOA1|ILK,https://www.gsea-msigdb.org/gsea/msigdb/human/geneset/GOBP_REGULATION_OF_SUBSTRATE_ADHESION_DEPENDENT_CELL_SPREADING,61,ENR,GOBP_REGULATION_OF_SUBSTRATE_ADHESION_DEPENDENT_CELL_SPREADING,1,1E-3,GOBP_REGULATION_OF_SUBSTRATE_ADHESION_DEPENDENT_CELL_SPREADING,FALSE,GOBP_REGULATION_OF_SUBSTRATE_ADHESION_DEPENDENT_CELL_SPREADING
20,3,3,3,0.999,,1E-3,,H6PD|REST|DGKQ|DKK3|BMP6|NR5A2|NR3C1|BMP5|LHCGR|PDE8B|ATP1A1|CLCN2|DAB2|POR|BMP2|WNT4,https://www.gsea-msigdb.org/gsea/msigdb/human/geneset/GOBP_REGULATION_OF_STEROID_HORMONE_BIOSYNTHETIC_PROCESS,16,ENR,GOBP_REGULATION_OF_STEROID_HORMONE_BIOSYNTHETIC_PROCESS,1,1E-3,GOBP_REGULATION_OF_STEROID_HORMONE_BIOSYNTHETIC_PROCESS,FALSE,GOBP_REGULATION_OF_STEROID_HORMONE_BIOSYNTHETIC_PROCESS
23,3,3,3,0.999,,1E-3,,CFL1|HMGCS2|SRD5A1|LHCGR|AKT1|AKT2|CSRP3|OGT|NUCKS1|NR1H4|KBTBD2|SGCB|ENPP1|MAP1B|OSBPL8|G6PC1|RHOQ|GRB7|PCSK9|SLC30A10|GCGR|GCK|APPL1|CRHBP|PKLR|PRKCQ|APPL2|PKM|COL6A1|GRB10|GSK3A|CRK|GHR|GSK3B|CREB1|IGF1|IGF2|INPP5K|INS|INSR|IRS1|IRS2|PRKAR1A|LEP|SRC|CEACAM1|MTOR|STAT6|BCAR3|MDM2|PIK3C2A|IDE|PIK3R3|PID1|CYBA|NAMPT|PIP4K2A|PIP4K2B|PIP4K2C|NPPA|SRSF5|JAK1|AGTR2|PLA2G1B|FER|PLA2G2A|PDK2|PDK4|KANK1|SELENOS|SORBS1|FUT7|SP1|C2CD5|GDF15|GRB2|CAMK2A|CAV2|ADIPOR1|PLCB1|RB1|AP3S1|DNAI1|GKAP1|GOT1|GPR21|GRB14|IL1B|IRS4|SCNN1B|NCOA5|SIK2|VWA2|SHC1|ZNF106|ASS1|ZNF592|FYN|GLP1R|ITGB3|CAPN10|FOS|PNPLA3|BLVRB|EDN1|HRAS|EDNRA|PRKCD|SOCS2|HDAC5|SOCS7|NKX6-1|EEF2K|LYN|ACTN2|MYO1C|GCLC|GPER1|TRIB3|SLC25A33|IGF1R|NR4A1|MSTN|PRKCA|PAK1|TRIM72|NFE2L2|AHCYL1|CSK|SCNN1A|SCNN1D|SCNN1G|FAM114A1|EPRS1|CUL3|LONP1|CPEB1|PRKCB|PDPK1|XBP1|MGARP|DENND4C|PTK2|BCAR1|CACNA2D3|PTPRJ|RAC1|PTPN1|PTPN2|HSF1|RARRES2|ROCK1|SLC2A8|NR4A3|RELA|INSIG1|SLC39A14|PIK3CA|CRHR2|GAB1|IGFBP1|GLP2R|PRKACA|TRARG1|LEPROT|LEPROTL1|SOS1|CUL7|PRKCZ|STAT5B|STAT5A|MYO5A|STXBP4|ATP2B1|PHIP|ZDHHC7|CAV1|PPARG|CPS1|ERRFI1|ZFP36L1|CFLAR|HDAC9|CA2|FUT1|INHBB|PRKCI|RAP1GDS1|PRKD1|INSIG2|RAB10|SOCS1|LPIN2|RAB13|LPIN3|RAB31|PCK1|PCK2|FFAR3|PTPRE|FOXO1|RAB8A|PTPN11|SERPINA12|SLC27A1|CTSD|TNS2|PRKDC|OTOP1|JAK3|NFKB1|MBD5|MZB1|SOS2|DDR2|MTCL2|FAT1|NCK1|FOXO4|SIRT1|ERFE|PIK3R2|SORL1|SMARCC1|YWHAG|ZBTB7B|ACE|SLC9A1|NDEL1|MAP3K7|FBN1|FOXC2|ECHDC3|UCP2|SLC2A4|GHRHR|BAIAP2|TSHR|SHOC2|TOP1|RAF1|HNF4A|RBX1|KAT2B|UMODL1|ALAS1|USO1|NCOA1|VAMP2|C1QTNF12|GRIA1|SESN3|CCNA2|SLC27A4|SNX5|WDTC1|CDC6|AGT|SREBF1|GNRHR|NCL|NONO|INSRR|WNT1|GNAS|GPR173|APC|GSTP1|INHBA|PIK3R1|RPS6KB1|TBC1D4|JAK2|TSC2|PARP1|AHSG|STAT3|EIF4EBP2|TGFB1|GHRL|GHSR|MAPKAP1|GPLD1|BGLAP|TYK2|NR4A2|POR|RPS6KB2|RANGAP1|PXN|MAS1|ADIPOQ|SYAP1|AGTRAP|SOCS3|PPP3CA|CPEB2|FBP1|RBM4|ROCK2|USF1|ADCY6|MAPK1|SLC26A6|MAPK3|SH2B2|ADCY8|CYP11A1|CYP11B1|NCOA2|LPIN1|AGTR1|PRKAA1|STAT1|GCG|PDE3B|FBXW8,https://www.gsea-msigdb.org/gsea/msigdb/human/geneset/GOBP_CELLULAR_RESPONSE_TO_PEPTIDE_HORMONE_STIMULUS,317,ENR,GOBP_CELLULAR_RESPONSE_TO_PEPTIDE_HORMONE_STIMULUS,1,1E-3,GOBP_CELLULAR_RESPONSE_TO_PEPTIDE_HORMONE_STIMULUS,FALSE,GOBP_CELLULAR_RESPONSE_TO_PEPTIDE_HORMONE_STIMULUS
14,3,3,3,0.999,,1E-3,,BMP4|TRIM16|REST|CASP14|UGCG|PITX2|VDR|PRKCH|KRT16|DSP|KRT2|PAFAH1B1|KRT3|IRF6|KEAP1|KRT4|PAX6|ELMOD3|KRT6C|HDAC1|KRT7|KRT72|KRT73|KRT74|KRT77|RBPJ|KRT78|KRT79|KRT80|KRT81|KRT82|KRT85|KRT86|EPHA2|EVPL|KRT10|TCHH|KRT76|OVOL2|GRHL1|FOXC1|STK4|DLX3|PTCH1|SULT2B1|TXNIP|MACROH2A1|KDF1|PIP5K1A|KLK5|POU2F3|SRSF6|KRT6A|LCE3A|HEY2|MACROH2A2|SAV1|PTCH2|GRXCR1|PLAAT4|HOXA7|SLC4A7|MCOLN3|IL17A|ZFP36|ADAM9|FA2H|ETV4|KRT5|SPRR5|EXPH5|SCEL|SPINK5|ZBED2|CLIC4|FOSL2|LATS1|LATS2|DNASE1L2|MAFG|ERCC3|SFRP4|EZH2|CNFN|SGPP1|ANKRD24|KAZN|CLRN2|LCE1C|GRXCR2|GSDME|LCE1E|IVL|LCE3D|LHFPL5|LCE3E|PDZD7|OVOL3|STRC|KRT36|SLC44A4|SPRR2B|TECTA|KRT84|SPRR2D|TPRN|HES5|SPRR2F|SPRR2G|MED1|MYCL|GRHL2|PKP1|ST14|SCRIB|WNT16|CDSN|MSX2|RAC1|CERS3|ROCK1|CDKN2A|REG3G|S100A7|OPN3|PLEC|FLG|KRT17|LORICRIN|TRIOBP|SPRR1A|SPRR1B|SPRR2E|TGM3|KRT14|SLITRK6|GDF3|JAG2|POU3F1|DLL1|ERRFI1|TMEM132E|ZFP36L1|MYCN|WNT5A|PPHLN1|SFN|SHARPIN|CASP3|TFAP2C|CDH3|KLF7|DSG4|FOXN1|KRT83|ESRP1|AQP3|SEC24B|PALLD|HRNR|MAFF|TMC1|CSTA|OVOL1|MAFB|TGM1|ALOX15B|FLNB|TP63|JAG1|KRT75|CD109|ATOH1|TMEM79|NUMA1|POU4F3|CYP26B1|EXTL3|CDKN1A|INTU|MYO6|CTNNB1|IFT74|HES1|MAP2K1|PPL|USH1C|NME2|SPRR3|SLC39A2|KRT1|KRT6B|TSG101|HDAC2|ERCC2|MYO7A|EREG|GATA6|ACER1|NOTCH1|ABCA12|AKR1C3|FGF2|FGFR1|ASAH1|GLI1|GLI2|WDPCP|CDH23|YAP1|CLRN1|KCNQ1|IL20|BCL11B|CYP27B1|MINAR2|ANXA1|PLS1|PPP3CA|BCR|NFKBIZ|USH2A|NHERF1|KLF4|WHRN|LIPK|LIPM|ROCK2|LIPN|FAM3C|NCOA3|FGF20|SOD1|FOXI3,https://www.gsea-msigdb.org/gsea/msigdb/human/geneset/GOBP_EPIDERMAL_CELL_DIFFERENTIATION,234,ENR,GOBP_EPIDERMAL_CELL_DIFFERENTIATION,1,1E-3,GOBP_EPIDERMAL_CELL_DIFFERENTIATION,FALSE,GOBP_EPIDERMAL_CELL_DIFFERENTIATION
49,3,3,3,0.999,,1E-3,,METRN|SCARF1|WNT3A|MAP3K13|CFL1|VIL1|ADCY10|CROCC|ZNF804A|DMD|NGF|CCR7|NTRK1|DDX56|BBS4|P2RX7|RAP1A|MAP1B|RAPGEF2|SETX|PAFAH1B1|RHOQ|CCP110|CDC42|KCTD17|NEFL|SF3A2|CEP120|SLITRK1|NTN1|PLXNB1|CEP135|PTK6|GSK3B|LIMK1|STK25|CX3CL1|ATP1B2|INS|CXCL12|VLDLR|DZIP1|BDNF|SRC|TMEM30A|MTOR|SHOX2|DVL3|SCN1B|DVL2|NIN|DAB2IP|CDKL3|VEGFA|EPS8|ARAP1|F2RL1|LCN2|NCKAP1|PPP1R35|P3H1|BMPR2|FRMD7|PLA2G3|PFN1|SERPINI1|FUT9|MIEN1|BRAF|MYO3A|MYO3B|TENM2|IL1RAPL1|WASF2|AP2A1|FZD4|PLCE1|CAPRIN1|SLC30A1|FYN|ITGA2|GDI1|ITGA3|MARK2|ITGA6|ATOH7|PLPPR5|EPO|GRIP1|HRAS|CARMIL1|KIT|CARMIL2|DSCAM|EFNA5|RAPGEF1|LRP8|FEZ1|PLEK2|LRRC7|MAGI2|EEF2K|L1CAM|LYN|EZH2|BCL11A|MARK4|FSCN1|MDK|MEGF8|ARF6|FZD1|HDAC6|NTRK3|MSTN|PAK1|NFE2L2|NEDD9|ROBO3|SKIL|RGS2|RAB8B|CUX1|P2RY12|EHD1|CAPRIN2|SEMA4D|ENC1|AUTS2|CRABP2|ENTR1|MAPT|SCARB2|TUBB2B|ABL1|MAP2K2|ACTR2|ADNP|DHX36|NDRG4|PLXNC1|PTK2B|PTN|RAB21|RAC1|RAC2|GOLGA4|RET|RIPOR2|CNTN1|GPM6A|STMN2|HTT|S100A9|TGFBR1|PIK3CA|ISLR2|NTRK2|PUM2|KATNB1|WASHC1|TTBK2|TWF1|PLXNB3|TWF2|ZMYND8|BMP7|LPAR3|SLIT2|CUL7|ZDHHC15|MACF1|APOE|TRPC5|AVIL|OBSL1|CNTF|ACTR3|DOCK11|OCLN|ABI2|AGRN|TENM3|PALM|EPHA3|FN1|AMIGO1|KDM1A|LTK|CFLAR|RIT2|RND2|RALA|PPP2R5B|PLXNB2|PRKCI|CAMK2B|PRKD1|PROM2|WASL|SHTN1|RAB11FIP3|TOX|WNT5A|GPRASP3|NPTN|TIAM2|FBXO38|TIAM1|ANLN|CDH4|FES|APBB1|SERPINF1|ATP8A2|CHODL|EPHB2|CUX2|KIDINS220|NCKIPSD|DDR2|NUMBL|FNBP1L|SRF|HAP1|NCK1|SEMA7A|FAM98A|IFT20|IFT88|PARP6|TGFB3|FMR1|ANKRD27|SNX3|DDR1|NDEL1|NLGN1|CORO1C|COBL|DEF8|DLG4|EPS8L1|PLK5|EPS8L2|EPS8L3|STK11|BAIAP2|PLEKHM1|TRPV2|SHOC2|BRK1|C15ORF62|CDC42EP1|CDC42EP2|IST1|CDC42EP3|CDC42EP4|CDC42EP5|CYFIP1|KAT2A|KAT2B|RETREG3|ANKRD1|TRAK1|WRAP73|ATF1|NEURL1|SMURF1|ARHGEF7|ARHGAP35|CORO1B|ATMIN|ARPC2|CCDC88A|CDKL5|DISC1|EPHA4|FUZ|ARSB|BMPR1A|DBN1|SS18L1|TRIM67|WNT1|PLXND1|ANAPC2|MNS1|SMAD1|ENPP2|APC|GRN|TNFRSF12A|PTPRD|TNN|PIK3R1|MAP2K1|RP1|GPC2|NDNF|PTK7|SAXO1|SEPTIN7|SEPTIN9|FIG4|RREB1|STYXL1|TAPT1|ZEB2|PACSIN1|TBC1D24|FGFR1|NRP1|ALK|CAMK1|TMEM106B|DPYSL3|MAP6|CLRN1|ZMYND10|RELN|WASHC5|ABL2|RGMA|ROBO1|RUFY3|NEGR1|ROBO2|STAU2|TENM1|ARMCX5-GPRASP2|RYK|AKIRIN1|DVL1|SEMA5A|HSP90AA1|NRDC|ALKAL1|ALKAL2|ITPKA|ZFYVE27|BMP5|EP300|CAMK1D|CBFA2T2|WNT3|CCL19|CCL21|FBXW8,https://www.gsea-msigdb.org/gsea/msigdb/human/geneset/GOBP_POSITIVE_REGULATION_OF_CELL_PROJECTION_ORGANIZATION,349,ENR,GOBP_POSITIVE_REGULATION_OF_CELL_PROJECTION_ORGANIZATION,1,1E-3,GOBP_POSITIVE_REGULATION_OF_CELL_PROJECTION_ORGANIZATION,FALSE,GOBP_POSITIVE_REGULATION_OF_CELL_PROJECTION_ORGANIZATION
,3,3,3,0.999,,1E-3,,PFKM|CHRNA1|CAV1|HIF1A|PLG|FXN|TGFB1|PLN|SRF|CAPN3|DMD|CSRP3|LARGE2|LAMP2|SGCZ|CFL2|LARGE1|BAG3|GAA|MTM1|ALDOA|LOX|MSTN|ANKH|TRIM32|SOD1,https://www.gsea-msigdb.org/gsea/msigdb/human/geneset/GOBP_MUSCLE_CELL_CELLULAR_HOMEOSTASIS,26,ENR,GOBP_MUSCLE_CELL_CELLULAR_HOMEOSTASIS,1,1E-3,GOBP_MUSCLE_CELL_CELLULAR_HOMEOSTASIS,FALSE,GOBP_MUSCLE_CELL_CELLULAR_HOMEOSTASIS
,3,3,3,0.999,,1E-3,,TOR1A|ASTN2|CAV3|PICALM|ANGPT1|PRRT1|AKT1|CD177|ABCA7|HSP90AB1|USP4|JAM3|GPIHBP1|ERBB4|RAB11A|FGF7|SNX33|ACTN2|TAX1BP3|TYROBP|COMMD1|ARF6|STX4|FLNA|PTPRK|ANK2|CTNNB1|GPM6B|KCNAB2|PTPRU|HFE|RANGRF|TNF|RAB11B|TM9SF4|BDNF|LRIG2|VCL|MAP1A|CD247|RAB11FIP5|EPHB2|MESD|NEDD4L|ABCA12|AP3B1|GBF1|GGA1|UNC50|GGA2|GGA3|EMP2|FBLN5|FCN1|FCER1G|GOPC|STX3|NLGN2|ABCA2|LEPROT|VPS54|GPD1L|EGF|RIC3|FGF10|TMEM35A,https://www.gsea-msigdb.org/gsea/msigdb/human/geneset/GOBP_PROTEIN_LOCALIZATION_TO_CELL_SURFACE,66,ENR,GOBP_PROTEIN_LOCALIZATION_TO_CELL_SURFACE,1,1E-3,GOBP_PROTEIN_LOCALIZATION_TO_CELL_SURFACE,FALSE,GOBP_PROTEIN_LOCALIZATION_TO_CELL_SURFACE
61,3,3,3,0.999,,1E-3,,CFAP20|CFAP43|SEMG2|ADAM7|TPPP2|BBS1|CCDC40|BBS2|CCR6|CFAP206|DNAAF1|CFAP298|TAC1|CFAP45|CLXN|CATSPER1|CYB5D1|DRC1|BBS4|IQCF1|CCDC39|IRGC|KIF9|ODAD2|RSPH4A|TTLL6|MKKS|TACR2|PGAM4|CFAP69|DNAH11|TEX101|GAS2L2|DEFB1|TAC3|TACR3|TAC4|RNASE10|EPPIN|PRDM14|TACR1|SEMG1,https://www.gsea-msigdb.org/gsea/msigdb/human/geneset/GOBP_REGULATION_OF_CILIUM_MOVEMENT,42,ENR,GOBP_REGULATION_OF_CILIUM_MOVEMENT,1,1E-3,GOBP_REGULATION_OF_CILIUM_MOVEMENT,FALSE,GOBP_REGULATION_OF_CILIUM_MOVEMENT
103,3,3,3,0.999,,1E-3,,THBS1|CAV1|ADAMTS18|ANGPT1|ANGPT2|HRG|C1QTNF1|EDN1|PRKCD|CPB2|SERPINE2|CD9|PROCR|PDGFA|F11|PDGFB|ANXA2|F12|FAP|FGG|SERPINC1|HS3ST5|PSEN1|GP1BA|NFE2L2|EMILIN2|F3|TMX1|KLKB1|KNG1|F2|CD36|KRT1|CEACAM1|FGA|TBXA2R|VKORC1|FGB|HPSE|PF4|EPHB2|PLG|ANXA5|PDGFRA|PLAT|PLAU|PRDX2|EMILIN1|PRKG1|PROC|PROS1|F2RL1|F7|ADTRP|ENPP4|ANO6|SERPINB2|SH2B3|SERPINE1|FOXA2|TFPI|THBD|NOS3|F2R|TSPAN8|ALOX12|SERPING1|UBASH3B|USF1|VTN|ST3GAL4|SERPINF2|APOE|PLAUR|APOH,https://www.gsea-msigdb.org/gsea/msigdb/human/geneset/GOBP_REGULATION_OF_COAGULATION,75,ENR,GOBP_REGULATION_OF_COAGULATION,1,1E-3,GOBP_REGULATION_OF_COAGULATION,FALSE,GOBP_REGULATION_OF_COAGULATION
5,3,3,3,0.999,,1E-3,,SLC30A1|CFL1|FGFR1|LRRC4|CSMD2|IL1RAP|NRXN2|DLG1|PTK2B|ITGB3|LATS1|RELN|LILRB2|ABI3|PTPRS|SLITRK3|PRICKLE1|CASKIN1|PTEN|CBLN1|SYNGAP1|C1QL2|C1QL3|OPHN1|NLGN1|CRIPT|NLGN2|NRXN1|TMEM108|ARF6|LRFN1|LRFN4|LRRC4B|PPFIA2|LRRTM2|SHANK1|NTRK3|SHANK3|ZMYND8|GRID2|NPTX1|PTPRD|CDH2|ZDHHC12|RAPSN|CNTNAP1|GIT1,https://www.gsea-msigdb.org/gsea/msigdb/human/geneset/GOBP_POSTSYNAPTIC_DENSITY_ORGANIZATION,47,ENR,GOBP_POSTSYNAPTIC_DENSITY_ORGANIZATION,1,1E-3,GOBP_POSTSYNAPTIC_DENSITY_ORGANIZATION,FALSE,GOBP_POSTSYNAPTIC_DENSITY_ORGANIZATION
123,3,3,3,0.999,,1E-3,,AKT1S1|DOK5|CD2AP|KIDINS220|NTF4|HAP1|NGF|BCAR1|DOCK3|NTRK1|PPP2R5B|NDN|RAP1A|RAPGEF1|RAPGEF2|AGTR2|SORT1|MAGI2|AGT|CASP3|CYFIP2|TMEM108|WASF1|GFRA1|NTRK2|DDIT4|NTF3|NTRK3|SPRY1|ZFYVE27|CORO1A|SPRY2|PTPN11|SOS1|BDNF|SHOC2|RAF1|CYFIP1|ZDHHC17,https://www.gsea-msigdb.org/gsea/msigdb/human/geneset/GOBP_NEUROTROPHIN_SIGNALING_PATHWAY,39,ENR,GOBP_NEUROTROPHIN_SIGNALING_PATHWAY,1,1E-3,GOBP_NEUROTROPHIN_SIGNALING_PATHWAY,FALSE,GOBP_NEUROTROPHIN_SIGNALING_PATHWAY
2,3,3,3,0.999,,1E-3,,CDON|SMO|HIF1A|TGFB1|NOTCH1|FOXG1|FGF2|ASPM|ITGB1|KDM1A|PTN|GLI3|SKOR2|DRD2|KIFAP3|VEGFA|FZD3|OTP|VEGFC|TAFA1|PROX1|DISC1|SMARCD3|LHX5|SHH|SOX10|PAX6|DMRTA2|TP53|WDR62|CTNNB1|DCT|GATA2|ID4|CX3CL1|CX3CR1|ZNF335|CTNNA1|KCTD11|NF1|LRRK2|VAX1|SIX3|VSX2|BTG2|NR2E1,https://www.gsea-msigdb.org/gsea/msigdb/human/geneset/GOBP_REGULATION_OF_NEUROBLAST_PROLIFERATION,46,ENR,GOBP_REGULATION_OF_NEUROBLAST_PROLIFERATION,1,1E-3,GOBP_REGULATION_OF_NEUROBLAST_PROLIFERATION,FALSE,GOBP_REGULATION_OF_NEUROBLAST_PROLIFERATION
87,3,3,3,0.999,,1E-3,,ANGPT1|ADGRA2|DCN|DLL1|HRG|ITGB1|AKT1|ITGB3|VCAM1|VEGFB|NUS1|VEGFC|PRKD1|VEGFD|ITGB1BP1|CD63|PDGFRB|FLT3|SPHK1|MAPKAPK2|MAP2K3|MYO1C|PRKD2|JCAD|IL12B|ATP2B4|NRP2|CCBE1|NR4A1|SPRY2|MT1G|ITGA5|TNXB|FLT4|TSPAN32|ADGRG1|KDR|SMOC2|ADAMTS12|SEMA6A|DLL4|HSPB1|PGF|PIK3CB|FOXC1|NOTCH1|PIK3CD|XBP1|ERN1|NRP1|PDGFRA|DAB2IP|GAS1|VEGFA|EMILIN1|PROX1|ROBO1|MAPK14|ADAMTS3|EGR3|PTP4A3|FLT1|RELA|ANXA1|PIK3CA|GAB1|RAMP2|NR2F2|GREM1|VTN|IL12A|CADM4,https://www.gsea-msigdb.org/gsea/msigdb/human/geneset/GOBP_CELLULAR_RESPONSE_TO_VASCULAR_ENDOTHELIAL_GROWTH_FACTOR_STIMULUS,72,ENR,GOBP_CELLULAR_RESPONSE_TO_VASCULAR_ENDOTHELIAL_GROWTH_FACTOR_STIMULUS,1,1E-3,GOBP_CELLULAR_RESPONSE_TO_VASCULAR_ENDOTHELIAL_GROWTH_FACTOR_STIMULUS,FALSE,GOBP_CELLULAR_RESPONSE_TO_VASCULAR_ENDOTHELIAL_GROWTH_FACTOR_STIMULUS
2,3,3,3,0.999,,1E-3,,EPHB2|PRDM8|TCTN1|SCN1B|CHRNB2|NIN|B4GALT6|GLI2|NR4A2|DCC|KIFBP|ARHGAP35|PTEN|DRAXIN|PAFAH1B1|SPTBN4|CDH11|EPHA4|SPG11|TSKU|EPHB1|NDEL1|NFIB|MYCBP2|SZT2|PRKCA|ADARB1|PLXNA4|WDR47|B4GALT5|SLIT2|C12ORF57|FBXO45|ARHGEF28|NR2E1|ZEB2|EPHB3,https://www.gsea-msigdb.org/gsea/msigdb/human/geneset/GOBP_CENTRAL_NERVOUS_SYSTEM_NEURON_AXONOGENESIS,37,ENR,GOBP_CENTRAL_NERVOUS_SYSTEM_NEURON_AXONOGENESIS,1,1E-3,GOBP_CENTRAL_NERVOUS_SYSTEM_NEURON_AXONOGENESIS,FALSE,GOBP_CENTRAL_NERVOUS_SYSTEM_NEURON_AXONOGENESIS
86,3,3,3,0.999,,1E-3,,PKD2L1|CTSS|GPR4|CHP1|TRPV1|LGMN|ASIC2|SLC9A1|GPR68|KCNK3|GPR151|GPR65|GPR31|ASIC1|ASIC3|SCNN1A|SCNN1D|SERPINF1|RAB11B|SCNN1G|SST|KCNK1|KCNK9|SCNN1B|PKD1L3|RAB11FIP5,https://www.gsea-msigdb.org/gsea/msigdb/human/geneset/GOBP_RESPONSE_TO_ACIDIC_PH,26,ENR,GOBP_RESPONSE_TO_ACIDIC_PH,1,1E-3,GOBP_RESPONSE_TO_ACIDIC_PH,FALSE,GOBP_RESPONSE_TO_ACIDIC_PH
,3,3,3,0.999,,1E-3,,CRY1|FEM1B|RFWD3|TELO2|FBXO4|CHEK2|RPA2|CUL4A|ETAA1|MAP3K20|CCAR2|TTI1|TTI2|BRD4|WDR76|RNASEH2B|BABAM2|BARD1|BRCA2|RAD51|BRCA1|BRCC3|PPP1R10,https://www.gsea-msigdb.org/gsea/msigdb/human/geneset/GOBP_REGULATION_OF_DNA_DAMAGE_CHECKPOINT,23,ENR,GOBP_REGULATION_OF_DNA_DAMAGE_CHECKPOINT,1,1E-3,GOBP_REGULATION_OF_DNA_DAMAGE_CHECKPOINT,FALSE,GOBP_REGULATION_OF_DNA_DAMAGE_CHECKPOINT
13,3,3,3,0.999,,1E-3,,CAV3|SCN1B|SCN3B|SCN4B|SCN5A|ANK2|KCNJ2|SLMAP|TRPM4|ANK3|HCN2|RANGRF|ATP1A2|GJA5|SCN2B|HCN4|CACNA1D|CACNA1G|SLC8A1|CACNA1C|CACNB2|CACNA2D1,https://www.gsea-msigdb.org/gsea/msigdb/human/geneset/GOBP_MEMBRANE_DEPOLARIZATION_DURING_CARDIAC_MUSCLE_CELL_ACTION_POTENTIAL,22,ENR,GOBP_MEMBRANE_DEPOLARIZATION_DURING_CARDIAC_MUSCLE_CELL_ACTION_POTENTIAL,1,1E-3,GOBP_MEMBRANE_DEPOLARIZATION_DURING_CARDIAC_MUSCLE_CELL_ACTION_POTENTIAL,FALSE,GOBP_MEMBRANE_DEPOLARIZATION_DURING_CARDIAC_MUSCLE_CELL_ACTION_POTENTIAL
26,3,3,3,0.999,,1E-3,,ZDHHC7|ASTN2|FOXF2|TP63|AJAP1|CAMSAP3|FZD3|RAB10|ERBB4|WDR1|WNT5A|WNT9B|AHI1|PAFAH1B1|CDC42|RHOA|OPHN1|FUZ|LAMA5|INTU|FOXF1|SAPCD2|MSN|RAP2A|BRSK1|BRSK2|LAMA1|GRHL3|PTK7|SFRP2|ACTG1|DLG5|CELSR1|EZR|SCRIB|EXOC5|ACTB|FAT1|SEC24B|TTC8|WDPCP|SYNE4|IFT20|YAP1|SH3BP1|PKHD1|JHY|CTHRC1|MYO9A|VANGL2|FZD6|NHERF1|SFRP1|TRAF3IP1|RPGRIP1L|TCF15|DLG3|NPHP1,https://www.gsea-msigdb.org/gsea/msigdb/human/geneset/GOBP_MORPHOGENESIS_OF_A_POLARIZED_EPITHELIUM,58,ENR,GOBP_MORPHOGENESIS_OF_A_POLARIZED_EPITHELIUM,1,1E-3,GOBP_MORPHOGENESIS_OF_A_POLARIZED_EPITHELIUM,FALSE,GOBP_MORPHOGENESIS_OF_A_POLARIZED_EPITHELIUM
157,3,3,3,0.999,,1E-3,,EDDM3A|MTNR1A|TH|NCOA1|TAC1|EDNRB|HEXB|P2RX1|THRA|P2RY1|SERPINE2|THRB|KLK14|ACVR2A|DRD1|APP|DMRTA1|FUOM|OXT|AVP|DRD5|NHLH2|AVPR1A|UBE2Q1|ABAT|PPP1R1B|SLC6A4|PI3|ADA|MAPK8IP2|DDO|HDAC2|PPP1R9B|TACR1|SEMG1,https://www.gsea-msigdb.org/gsea/msigdb/human/geneset/GOBP_MATING_BEHAVIOR,35,ENR,GOBP_MATING_BEHAVIOR,1,1E-3,GOBP_MATING_BEHAVIOR,FALSE,GOBP_MATING_BEHAVIOR
31,3,3,3,0.999,,1E-3,,SFRP5|WNT11|DKK3|HESX1|WNT3A|GID8|FAM53B|RARG|RNF220|FGF9|MKS1|WNT5B|GLI3|FZD3|WNT8A|RBMS3|DLX5|JUP|CSNK1G2|LIMD1|MCC|COL6A1|GSK3A|PPP2CA|WNK2|GSK3B|HDAC1|PSEN1|RBPJ|CBY1|IGFBP6|TLE6|DKKL1|ZBED3|BAMBI|SRC|NOTUM|LMBR1L|FZD2|DKK4|MESP1|DVL3|STK3|DVL2|STK4|CSNK1A1|TNKS|COL1A1|CYLD|FZD10|PPP1CA|TNKS2|DAB2IP|FZD7|UBE2B|IGFBP4|EDNRB|NPPA|PRICKLE1|KANK1|RSPO3|GATA3|NDP|SOX17|SOX4|GREM1|TMEM88|FZD4|USP34|BCL9|BCL9L|USP47|SCEL|ADGRA2|AXIN1|FGFR2|SIAH1|SIAH2|LATS1|EDN1|LATS2|RNF146|SMURF2|EDNRA|LGR4|CCDC88C|WNT10B|WNT2B|WNT9B|DKK1|RNF14|SDHAF2|SFRP4|FZD9|LGR6|TBL1X|MDK|RSPO2|WNT10A|FZD1|GSKIP|OTUD5|CSNK1D|DAB2|SFRP2|SNAI1|WNT9A|CAPRIN2|CHD8|VCP|EMD|UBR5|OTULIN|WNT7B|PYGO1|PYGO2|WNT16|ADNP|WWTR1|AMER1|RECK|PTPRO|ZNF703|SNAI2|AXIN2|ANKRD6|SHH|LRP4|SOX10|DACT3|IGFBP1|NLE1|EGFR|TPBG|NRARP|WNK1|LRP6|BMP2|LRRK2|DAPK3|PIN1|EGF|TMEM196|FGF10|PRDM15|APOE|SOSTDC1|LRP5|FZD8|CAV1|NKD2|ASPM|CCAR2|CTDNEP1|TRPM4|EDA|AMFR|MAD2L2|PPM1A|RPS12|WNT5A|ATP6AP2|PPP2R3A|CTNNBIP1|TLE5|PPM1N|EGR1|FOXO1|ZNRF3|SMAD3|PTPRU|GPRC5B|SHISA6|XIAP|CDK14|TBL1XR1|TLE1|CDH2|CDH3|FRZB|TBX18|LZTS2|NFKB1|NKX2-5|IGFBP2|WLS|DACT1|CCNY|SOX13|TCF7|FZD5|RUVBL1|PFDN5|RUVBL2|TMEM131L|SMAD7|IFT20|SCYL2|POU5F1|CTHRC1|CTNND2|VPS35|NOG|WNT2|CSNK1G1|CSNK1G3|DKK2|SDC1|GPC5|JRK|FZD6|LGR5|SFRP1|LYPD6|PLEKHA4|RSPO4|TLE3|SPIN4|STK11|GNAQ|TMEM198|DDX3X|SOX2|RAB5A|ILK|RBX1|DAAM2|UBAC2|CCNYL1|RSPO1|SOST|DDIT3|DISC1|FOXD1|FUZ|HECW1|AMER2|AMER3|BICC1|CSNK1A1L|WNT1|INVS|SHISA3|TCF7L1|CTNNB1|TLE2|EXT1|TCF7L2|TLE7|TLE4|TMEM170B|TPBGL|APC|APC2|FOLR1|ISL1|FERMT1|PTK7|FRMD8|KREMEN1|G3BP1|SMAD4|USP8|ZEB2|GPC3|NKD1|PRKN|BMAL1|BTRC|WNT6|TGFB1|NOTCH1|FGF2|WNT7A|GLI1|WNT8B|DIXDC1|FRAT1|TMEM9|FRAT2|CSNK1E|HHEX|PPM1B|YAP1|NR4A2|VPS4B|LRRK1|MLLT3|DRAXIN|MAPK14|NPHP3|RYK|APP|DVL1|NPHP4|SBNO1|TTC21B|SEMA5A|LEF1|TMEM64|JADE1|FOXO3|NHERF1|KLF4|KPNA1|WNT3|WNT4|SOX9|SULF2,https://www.gsea-msigdb.org/gsea/msigdb/human/geneset/GOBP_CANONICAL_WNT_SIGNALING_PATHWAY,309,ENR,GOBP_CANONICAL_WNT_SIGNALING_PATHWAY,1,1E-3,GOBP_CANONICAL_WNT_SIGNALING_PATHWAY,FALSE,GOBP_CANONICAL_WNT_SIGNALING_PATHWAY
37,3,3,3,0.999,,1E-3,,VDR|TP63|CDH13|ZFP36L1|FGFR2|KRT2|CASK|CD109|PRKD1|EFNB2|IFT80|FGF7|EPPK1|IRF6|EXTL3|SFN|CDKN1A|MDK|SDR16C5|PPARD|INTU|EPB41L4B|PTPRK|SLURP1|IFT74|KLF9|MED1|CDH3|FERMT1|OVOL2|EREG|CRNN|WNT16|PTCH1|FST|IFT172|ZEB1|KDF1|KLK8|YAP1|IFT52|IFT57|SNAI2|SRSF6|BCL11B|CDKN2A|REG3G|OVOL1|NOTCH2|AREG|NFKBIZ|GPR15LG|TGM1|FAM3C|IL17A|FGF10|HAS2|ZFP36|LRG1|STXBP4,https://www.gsea-msigdb.org/gsea/msigdb/human/geneset/GOBP_KERATINOCYTE_PROLIFERATION,60,ENR,GOBP_KERATINOCYTE_PROLIFERATION,1,1E-3,GOBP_KERATINOCYTE_PROLIFERATION,FALSE,GOBP_KERATINOCYTE_PROLIFERATION
65,3,3,3,0.999,,1E-3,,CCL3|HIF1A|CASP14|ADCY10|POU4F1|SIX1|MAP3K12|GFRAL|NMNAT1|HTR2A|NGF|NPPC|AKT1|AKT2|NTRK1|ATP7A|THRB|BID|CASP4|NEFL|PCSK9|CASP7|GBE1|CEBPB|KIF14|TRAF7|COL6A1|GSK3A|GMPPA|GSK3B|DAXX|PSEN1|EN1|CX3CL1|EN2|CX3CR1|IL6ST|CASP6|CIT|PITX3|CASP8|UBB|CBLC|TFAP2D|RASA1|BDNF|SIX4|STAMBP|MT3|PIGT|ASCL1|SCN2A|SRPK2|AIFM1|CASP2|MAG|MAP2K4|FAS|ATF2|ATP13A2|MSH2|NPR2|LCN2|AGTR2|FADD|FCGR2B|UNC5B|BAX|BBC3|BCL2|TMBIM1|BCL2L1|PLA2G3|FPR2|BCL2L11|DLX1|TUBA1A|GATA3|NDP|TP53|DIO3|DNAJC5|BNIP3|BRAF|PPT1|BOK|EGLN2|CDK5|CDK5R1|ERBB3|TNFRSF21|ST8SIA2|GRIK2|RB1|CLN8|TMBIM6|BTG2|CLU|SET|CASP9|ITGA1|FYN|CITED1|SIGMAR1|SIAH1|NUPR1|CPEB4|HRAS|EGLN3|PARK7|EPHA7|FAM162A|KCNB1|AARS1|CLN3|PINK1|DKK1|LGMN|FIS1|RHOA|AGAP2|FZD9|MAP3K11|GCLC|MEF2C|GCLM|MDK|NGFR|MMP2|GDNF|GPX1|TRIM2|DIABLO|FZD1|NOS1|NTF3|SNCA|ZPR1|NAIP|ADARB1|HRK|TNF|HTRA2|UCN|NF1|PRNP|NLRP1|SEMA3E|KDR|RAPSN|KRAS|MCL1|ABL1|NES|USP53|CNTFR|CRLF1|GDF5|ADNP|AIMP2|PTK2B|GBA1|SLC1A1|ROCK1|FAIM2|MFSD8|NFATC4|HYOU1|NR4A3|PIK3CA|NCSTN|PPARGC1A|NTRK2|KCNQ3|SARM1|SOD2|VPS54|JUN|PHB1|FGF8|GRM4|TRPC5|TGFB2|CNTF|CD2AP|ANGPT1|AMBRA1|CASP10|CFLAR|VEGFB|PRKCI|ATF4|GPRASP3|PCDHGC3|BBS10|PCDHGC4|PCDHGC5|TOX3|SYNGAP1|VSTM2L|CCND1|CASP3|CHL1|TYRO3|EGR1|HDAC3|ELK1|PTPRZ1|XIAP|PRKCG|TERT|MTNR1B|ZNF212|ELP6|GRINA|EPG5|FBXO7|FBXW7|NTF4|MAP3K5|TFAP2B|NR3C1|SLC25A27|TGFB3|SIRT1|TP73|PRODH|LIG4|NAE1|ATN1|PARP2|FOXB1|NRBP2|UCP2|POLB|F2R|ALKBH1|TMBIM4|FASLG|STXBP1|RAD21|TMTC4|RETREG1|ATM|ADORA2A|TP63|APAF1|WFS1|BACE1|AXL|XRCC2|POU4F3|DDIT3|SNX6|EGLN1|EPHA4|HIPK2|TFAP2A|SPG11|HSPG2|ARSG|NONO|WNT1|NSMF|PLXND1|CLCF1|CORO1A|CTNNB1|GRID2|GRN|ISL1|JAK2|NDNF|LONRF2|PYCR1|PARP1|CRH|PRKN|AKT1S1|AATK|TGFB1|TREM2|FGF2|SNCB|CASP12|NRP1|CASP5|NR4A2|OXR1|ADAM8|DRAXIN|MINAR2|ARMCX5-GPRASP2|MYB|COL6A2|APP|COL6A3|IL10|IL27RA|FOXO3|MAP2K7|RIPK1|KDM2B|G6PD|GAPDH|CCL2|FGF20|SOD1|MECP2|THAP11,https://www.gsea-msigdb.org/gsea/msigdb/human/geneset/GOBP_NEURON_APOPTOTIC_PROCESS,310,ENR,GOBP_NEURON_APOPTOTIC_PROCESS,1,1E-3,GOBP_NEURON_APOPTOTIC_PROCESS,FALSE,GOBP_NEURON_APOPTOTIC_PROCESS
1,3,3,3,0.999,,1E-3,,BMP4|MYC|HIF1A|NKX3-2|REST|FOXF2|HESX1|WNT3A|PITX2|SIX1|PTF1A|RARB|RARG|FGF9|RORB|COL5A2|GLI3|BBS4|FZD3|IFT122|THRB|DLX5|DLX6|RDH13|NTN1|PAX6|OSR2|HDAC1|HPN|SPRY2|OTX1|PITX3|EPHA2|GNGT1|RHO|SIX4|TCAP|FZD2|BCAR3|SIX2|CDON|DVL2|FOXG1|NECTIN1|AGTPBP1|ZIC1|VEGFA|MFN2|PROX1|POC5|BAK1|BAX|SOX11|BCL2|MEGF11|PRDM1|ARL6|GATA3|NDP|DIO3|HOXC13|MYO3A|NOTCH2|MYO3B|GRXCR1|SOX4|TBX3|RPGRIP1L|GSC|PDE6C|SKI|TMEM215|CALB1|ROM1|FGFR2|RING1|GJB6|EDN1|STRA6|EDNRA|DSCAM|WNT2B|AHI1|LARGE1|FOXL2|HMGN1|NECTIN3|ANKRD24|CLRN2|GRXCR2|LHFPL5|PDZD7|STRC|SLC44A4|TECTA|TPRN|NF1|RS1|WNT9A|IHH|KDR|CITED2|MAN2A1|SCRIB|MFAP5|WNT16|MSX1|PAX2|CHD7|PAX8|POU3F4|TBX1|RAC1|SLC1A1|LCTL|NR4A3|CHRNA10|EPHB1|CHRNA9|INSIG1|GNAT2|NTRK2|PHACTR4|TRIOBP|VANGL2|BMP7|FAT3|ZHX2|EYA1|SLITRK6|FGF10|FGF8|CABP4|SOX8|DZANK1|LRP5|IRX5|MFRP|CNTF|NRL|OLFM3|THY1|TIFAB|ABI2|RPGRIP1|SAMD11|SDK2|TENM3|DLL1|EFEMP1|PRKCI|INSIG2|ATF4|WNT5A|PPP2R3A|BBS10|HIPK1|SAMD7|TSKU|ATP6V1B1|HOXA2|TSHZ1|BLOC1S5|GATA2|FBN2|FJX1|STOX1|FRZB|HOXA1|TDRD7|TBX18|ATP8A2|OTOP1|VSX1|EPHB2|IMPG2|SOX12|FZD5|CRYGB|TFAP2B|FAT1|SEC24B|IFT172|OSR1|TTC8|ZEB1|WDR19|RAB37|CTHRC1|HMX2|RPGR|FBN1|SDK1|NOG|WNT2|NIPBL|TBC1D20|MAFB|MEIS1|FZD6|MFAP2|SHROOM2|TWIST1|FASLG|SIX3|COL8A2|GNAT1|YY1|TBX2|SP3|COL11A1|JAG1|COL2A1|HCN1|ZIC3|GDF11|ATOH1|FOXI1|HMX3|ADAMTS9|ITGA8|KCNQ4|LRIG1|LRIG3|MYO15A|POU4F3|PRRX1|SOBP|CYP26B1|HIPK2|TFAP2A|COL8A1|TMIE|TTC39C|INTU|MYO6|WNT1|PTPRM|CTNNB1|AQP1|AQP5|COL5A1|SPARC|GRHL3|RP1|USH1C|PTK7|HDAC2|VAX2|MYO7A|NAGLU|NKD1|STAT3|PRKRA|NOTCH1|FGF2|FGFR1|TH|CEP290|WDPCP|CDH23|CLRN1|KCNQ1|CRB1|CRB2|STAU2|FOXN4|LHX1|DVL1|SOX1|PROM1|PLS1|BCR|FSCN2|TSPAN12|TULP1|USH1G|ALDH1A3|NHERF1|RBP4|WHRN|KDM2B|MAPK1|MAPK3|C12ORF57|VSX2|SOD1|FRS2|SOX9|RPL38|NR2E3|MFSD2A,https://www.gsea-msigdb.org/gsea/msigdb/human/geneset/GOBP_SENSORY_ORGAN_MORPHOGENESIS,292,ENR,GOBP_SENSORY_ORGAN_MORPHOGENESIS,1,1E-3,GOBP_SENSORY_ORGAN_MORPHOGENESIS,FALSE,GOBP_SENSORY_ORGAN_MORPHOGENESIS
9,3,3,3,0.999,,1E-3,,STX1A|SYT10|CACNA1B|SYT7|SCAMP5|PPP3CA|DOC2A|SYT1|DOC2B|CDK5|HYAL3|RPH3A|CDK5R2|RPH3AL|STXBP1|KCNB1|SYT4|ZP3,https://www.gsea-msigdb.org/gsea/msigdb/human/geneset/GOBP_POSITIVE_REGULATION_OF_CALCIUM_ION_DEPENDENT_EXOCYTOSIS,18,ENR,GOBP_POSITIVE_REGULATION_OF_CALCIUM_ION_DEPENDENT_EXOCYTOSIS,1,1E-3,GOBP_POSITIVE_REGULATION_OF_CALCIUM_ION_DEPENDENT_EXOCYTOSIS,FALSE,GOBP_POSITIVE_REGULATION_OF_CALCIUM_ION_DEPENDENT_EXOCYTOSIS
8,3,3,3,0.999,,1E-3,,ACVR1C|SKI|ACVRL1|ZC3H3|FGF9|BMP10|GDF11|INHBB|SMURF1|FKBP1A|TGIF1|ACVR1B|CRIPTO|MAGI2|ACVR1|NCLN|NOMO1|DACT2|NOMO3|SMAD3|CER1|DAND5|TGFBR2|INHBA|SMAD4|SMAD6|CITED2|FKBP1C|IGSF1|CFC1|LEMD3|CRIPTO3|TGIF2|DACT1|SMAD2|FST|GDF6|SMAD7|CSNK2B|HJV|ACVR2A|GDF7|BMPR2|SHH|ACVR2B|TGFBR1|NODAL|FSTL3|NOG|FOXH1|DMRT1|FGF10,https://www.gsea-msigdb.org/gsea/msigdb/human/geneset/GOBP_ACTIVIN_RECEPTOR_SIGNALING_PATHWAY,52,ENR,GOBP_ACTIVIN_RECEPTOR_SIGNALING_PATHWAY,1,1E-3,GOBP_ACTIVIN_RECEPTOR_SIGNALING_PATHWAY,FALSE,GOBP_ACTIVIN_RECEPTOR_SIGNALING_PATHWAY
3,3,3,3,0.999,,1E-3,,BMP4|HAND2|HIF1A|PITX2|CFL1|JAG1|PDCD6|PEF1|FN1|TCOF1|MSI2|EDN1|EDNRA|KITLG|ERBB4|KBTBD8|RDH10|CDC42|CYP26C1|LAMA5|ACVR1|BMPR1A|NRG1|PTPRC|GDNF|NRP2|HES1|SEMA3A|CDH2|FOLR1|ISL1|SEMA3B|SEMA3C|SEMA3D|SEMA3E|EFNB1|SEMA3G|SEMA4B|SEMA4C|OVOL2|SEMA4D|TAPT1|SEMA4F|CITED2|SEMA4G|ZEB2|SEMA5B|SEMA6A|SEMA6B|SMO|SEMA6C|SEMA6D|NRTN|FOXC1|FGF2|NRP1|WNT7A|SEMA7A|EDN3|TBX1|EDNRB|HTR2B|RET|SNAI2|BCL2|SHH|ENG|SEMA3F|SEMA5A|SOX10|CORO1C|FOXC2|KLHL12|ALX1|PHACTR4|RADIL|ALDH1A2|TWIST1|BMP7|NOLC1|MAPK1|MAPK3|SEMA4A|ARB2A|FGF19|SOX9|SOX8,https://www.gsea-msigdb.org/gsea/msigdb/human/geneset/GOBP_STEM_CELL_DEVELOPMENT,87,ENR,GOBP_STEM_CELL_DEVELOPMENT,1,1E-3,GOBP_STEM_CELL_DEVELOPMENT,FALSE,GOBP_STEM_CELL_DEVELOPMENT
106,3,3,3,0.999,,1E-3,,STAT3|IL6R|CEBPA|GFI1|C1QTNF4|IL6|IL6ST|YAP1|CTR9|PTPN2|RIPK1|SPI1|JAK1|JAK2|ST18|SRC|SMAD4|FER,https://www.gsea-msigdb.org/gsea/msigdb/human/geneset/GOBP_INTERLEUKIN_6_MEDIATED_SIGNALING_PATHWAY,18,ENR,GOBP_INTERLEUKIN_6_MEDIATED_SIGNALING_PATHWAY,1,1E-3,GOBP_INTERLEUKIN_6_MEDIATED_SIGNALING_PATHWAY,FALSE,GOBP_INTERLEUKIN_6_MEDIATED_SIGNALING_PATHWAY
28,3,3,3,0.999,,1E-3,,MSH6|MYC|HIF1A|CHRNB2|CRY2|TANC1|AKT1|AKT2|NSMCE3|BHLHE40|COMT|EIF2AK4|ELOVL4|SDE2|DEAF1|RDH13|CASP7|CAT|RPE65|NMT1|CEP250|COL6A1|KCNC1|CREB1|GUCA1A|PPP1R1B|GUCA1ANB-GUCA1A|H2AC25|GUCY2D|SIRT6|DYNLRB1|GUCY2F|LRRN4|GNGT1|RHO|TAFA2|UNC119|RPAIN|AGRP|MDM2|PER2|DBH|TIPIN|MEIS2|NMT2|PPP1CA|PPP1CB|PPP1CC|UBE2B|DRD2|PCLAF|ELANE|DDB2|PITPNM1|MSH2|PPID|WRN|LCN2|UVSSA|ASIC2|BAK1|BAX|MT-ND3|BCL2|PER3|TUBA1A|TP53|BMF|BRAF|MME|NPY|CAMKMT|CDK5|SAG|PIAS1|IL12A|PDE6B|USP2|PDE6C|CASP9|FRMPD1|SLC24A4|TAF1|EYS|GJA10|ATOH7|RGS9BP|DDHD2|ROM1|ITGB1|FOS|ATXN1|SLC1A2|KIT|PRKCD|LARGE1|JUND|ERCC3|GNA11|MMP3|HMGN1|MMP2|GPX1|IVL|N4BP1|OPN4|HRH1|COPS3|SMPD1|TTC36|NF1|NLRP1|MMP1|UBE4B|ABCA4|SEMA5B|PIANP|KRAS|MAPK10|DHX36|NDRG4|ACTR5|CACNA2D4|AANAT|ATR|MMP9|SPRTN|NFATC4|RELA|OPN3|CREBBP|GNAT2|CUL4A|SLC24A1|SLC24A2|GRIN1|SCARA3|EGFR|TREX1|TRPM1|ERCC6|ERCC8|GPR88|CABP4|POLD3|TRPC3|INO80|CCAR2|PRIMPOL|KDM1A|RIC8A|RPL26|CCDC66|ABCA7|ATP1A2|CACNA1F|MC1R|ATF4|CIRBP|BBS10|SYNGAP1|CCND1|CASP3|PER1|CERS1|GNB5|PNPLA2|PTPRK|GRM6|PCNA|GPSM2|BRSK1|ELK1|GTF2H2|PML|SIK1|POLH|CTNS|KMT2A|HOXA1|MEN1|ATP8A2|BRCA2|EI24|EIF2S1|CDKN2D|NOC2L|CRY1|HMGCR|CUL4B|DCUN1D3|FBXW7|MAP3K20|ERCC5|RUVBL2|XPA|FEN1|IFT20|SIRT1|ID2|RCVRN|RGS9|HUS1|TRIAP1|SLC4A10|ZBTB1|GRK1|GRK4|RHBDD1|GRK7|RGS14|MAPK8|PDC|MTA1|B3GAT1|NEDD4|NOG|TMEM161A|FOXB1|POLA1|B4GALT2|CPT1B|STK11|GNAQ|USP1|GUCA1B|GNAT1|COPS9|GNAT3|CRIP1|MFAP4|OPN1SW|OPN5|YY1|PIERCE1|RBX1|LRIT3|RHNO1|PLN|AURKB|USP28|BCL3|CDS1|KCNC2|PDE8B|XPC|DRD1|DRD3|MYO15A|METTL3|ABCC8|SCN11A|CDKN1A|NETO1|IL12B|GPR52|NPM1|PCP2|RGR|DCT|RRH|EXT1|AQP1|SLC7A11|HYAL1|HYAL3|PIK3R1|TP53INP1|RP1|DUSP1|TRIM32|GRIN2A|TTR|ERCC1|ERCC2|TIMP1|UBE2A|ERCC4|PARP1|HYAL2|SLC1A3|AIPL1|TYR|CLOCK|RO60|CNGB1|CRB1|MAPK11|REEP6|DDB1|MAPK13|MAPK14|GNGT2|LRIT1|NMU|PLEKHB1|COL6A2|DTL|APP|COL6A3|NPHP4|MAP4K3|SDF4|SERPINB13|TP53I13|PDE1B|PRPH2|BEST1|CACNB4|FBXL3|TULP1|POLD1|EP300|RBP4|RAG1|FECH|POLK|RBM4|MAP2K7|MAP3K4|USF1|RBM4B|REV1|PRKAA1|ADAM2|NPHP1|MECP2|NR2E3|CRTC1|NR2F6|ZRANB3,https://www.gsea-msigdb.org/gsea/msigdb/human/geneset/GOBP_RESPONSE_TO_LIGHT_STIMULUS,331,ENR,GOBP_RESPONSE_TO_LIGHT_STIMULUS,1,1E-3,GOBP_RESPONSE_TO_LIGHT_STIMULUS,FALSE,GOBP_RESPONSE_TO_LIGHT_STIMULUS
60,3,3,3,0.999,,1E-3,,ITGA3|LRRC4|IL1RAP|LRFN3|SLITRK2|PTPRS|SLITRK3|EFNA5|PCDH8|MAPK14|FLRT3|CDH10|SLITRK1|MDGA1|TENM4|ELFN1|ELFN2|PCDH17|CDH6|SPARCL1|LRFN4|PTPRF|LRRC4B|CDH9|IL1RAPL1|NTNG1|NTNG2|PTPRD|SLITRK5|GPC4|LRRC4C|LRFN5,https://www.gsea-msigdb.org/gsea/msigdb/human/geneset/GOBP_SYNAPTIC_MEMBRANE_ADHESION,32,ENR,GOBP_SYNAPTIC_MEMBRANE_ADHESION,1,1E-3,GOBP_SYNAPTIC_MEMBRANE_ADHESION,FALSE,GOBP_SYNAPTIC_MEMBRANE_ADHESION
61,3,3,3,0.999,,1E-3,,CFAP20|SEMG2|TRIM46|TPPP2|BBS1|CCDC40|BBS2|CCR6|CFAP206|DNAAF1|IGBP1|RUFY4|CFAP298|TAC1|CFAP45|CLXN|CYB5D1|DRC1|BBS4|IQCF1|CCDC39|IRGC|KIF9|ODAD2|RSPH4A|TTLL6|FEZ1|NEFH|PGAM4|DYNLT2B|CFAP69|GAS2L2|DEFB1|HDAC6|BORCS5|APC|TRIM58|EPPIN|CFAP43|ADAM7|HAP1|CATSPER1|FNTA|MAP2|RUFY3|MKKS|TACR2|TTC21B|DNAH11|TEX101|TAC3|TACR3|LAMP1|FNTB|STK11|TAC4|RNASE10|PRDM14|TACR1|SEMG1,https://www.gsea-msigdb.org/gsea/msigdb/human/geneset/GOBP_REGULATION_OF_MICROTUBULE_BASED_MOVEMENT,60,ENR,GOBP_REGULATION_OF_MICROTUBULE_BASED_MOVEMENT,1,1E-3,GOBP_REGULATION_OF_MICROTUBULE_BASED_MOVEMENT,FALSE,GOBP_REGULATION_OF_MICROTUBULE_BASED_MOVEMENT
7,3,3,3,0.999,,1E-3,,METRN|THY1|CDH1|WNT3A|MAP3K13|ADCY10|SPP1|FN1|AMIGO1|NGF|RND2|PLXNB2|EFNB3|SHTN1|MAP1B|WNT5A|XK|PAFAH1B1|NEFL|SLITRK1|SYNGAP1|NTN1|PLXNB1|SIPA1L1|TIAM2|TIAM1|CDH4|GSK3B|PSEN1|LIMK1|STK25|BRSK1|BRSK2|CXCL12|BDNF|MT3|CHODL|SHOX2|EPHB2|EFNA1|KEL|SRF|NIN|SEMA7A|MAG|CDKL3|VEGFA|DCC|FSTL4|IFRD1|MAP2|BMPR2|CNTN2|BRAF|POU3F2|CDK5|STK11|TRPV2|IST1|TRAK1|GDI1|TRAK2|TRIM46|MARK2|SMURF1|ARHGAP35|DSCAM|EFNA5|RNF6|EPHA7|PTEN|CDKL5|DISC1|EPHA4|L1CAM|SPART|FGF13|BCL11A|MEGF8|DIP2B|HDAC6|PLXND1|NTRK3|ANAPC2|PAK1|UST|ARHGAP4|TNFRSF12A|MAP2K1|KIAA0319|SKIL|LRRC4C|SEMA3G|SEMA4D|SEMA4F|ZEB2|CRABP2|PAK2|SEMA6C|MAPT|PAK3|SEMA6D|CHN1|ULK1|ULK2|DAB1|MAP2K2|NRP1|WNT7A|ADNP|PLXNC1|MAP6|PLXNA3|GOLGA4|PTPRS|RET|RGMA|ROBO1|RUFY3|DRAXIN|ROBO2|RTN4|RTN4R|RYK|SEMA3F|LRP4|SEMA5A|MCF2|NRDC|ISLR2|NTRK2|SLIT1|ZFYVE27|KIF13B|PLXNB3|TWF2|TNR|LPAR3|SLIT2|WNT3|MACF1|EPHB3|TRPC5,https://www.gsea-msigdb.org/gsea/msigdb/human/geneset/GOBP_REGULATION_OF_AXONOGENESIS,143,ENR,GOBP_REGULATION_OF_AXONOGENESIS,1,1E-3,GOBP_REGULATION_OF_AXONOGENESIS,FALSE,GOBP_REGULATION_OF_AXONOGENESIS
,3,3,3,0.999,,1E-3,,CHRNA1|CHRNA3|CHRNB1|CHRNB2|CHRNB4|CHRNA7|NTRK1|ATP1A2|VCAM1|EDN1|PDX1|B2M|NKX6-1|CASP3|MMP2|GPX1|CREB1|CHRNA2|CHRNA5|CHRNA6|CHRNB3|PENK|TNF|FOSB|OPRD1|IL13|NFKB1|HDAC2|KCNK1|PPP1R9B|PPARA|MSX1|HMOX1|DRD2|CHRNA4|BAD|BCL2|MT-ND4|OPRK1|RELA|AVP|SLC6A3|ABAT|GABBR1|LYPD1|MAPK1|GRM2|GNAT3|TACR1,https://www.gsea-msigdb.org/gsea/msigdb/human/geneset/GOBP_RESPONSE_TO_NICOTINE,49,ENR,GOBP_RESPONSE_TO_NICOTINE,1,1E-3,GOBP_RESPONSE_TO_NICOTINE,FALSE,GOBP_RESPONSE_TO_NICOTINE
150,3,3,3,0.999,,1E-3,,ABCD2|ABCD1|ABCD3|ABCD4|PEX14|TRIM37|USP9X|LONP2|PEX10|PEX12|PEX5L|PEX16|PEX19|PEX13|PEX2|PEX26|PEX3|PEX7|PEX1|PEX6|PEX5|RAB8B,https://www.gsea-msigdb.org/gsea/msigdb/human/geneset/GOBP_PEROXISOMAL_TRANSPORT,22,ENR,GOBP_PEROXISOMAL_TRANSPORT,1,1E-3,GOBP_PEROXISOMAL_TRANSPORT,FALSE,GOBP_PEROXISOMAL_TRANSPORT
26,3,3,3,0.999,,1E-3,,EZR|SCRIB|FAT1|TTC8|GBF1|SYNE4|IFT20|SH3BP1|CAMSAP3|PRKCI|CARMIL2|MAP1B|WNT5A|CDC42|RHOA|OPHN1|FOXJ1|FSCN1|MYO9A|FOXF1|MSN|RAP2A|LAMA1|NHERF1|PTK7|TCF15|PATJ,https://www.gsea-msigdb.org/gsea/msigdb/human/geneset/GOBP_ESTABLISHMENT_OR_MAINTENANCE_OF_MONOPOLAR_CELL_POLARITY,27,ENR,GOBP_ESTABLISHMENT_OR_MAINTENANCE_OF_MONOPOLAR_CELL_POLARITY,1,1E-3,GOBP_ESTABLISHMENT_OR_MAINTENANCE_OF_MONOPOLAR_CELL_POLARITY,FALSE,GOBP_ESTABLISHMENT_OR_MAINTENANCE_OF_MONOPOLAR_CELL_POLARITY
68,3,3,3,0.999,,1E-3,,PMAIP1|ANKRD1|ATM|ING4|HIC1|MSX1|PLA2R1|RPL26|ZNHIT1|ATR|DDX5|PYHIN1|SPRED1|SPRED2|CDKN2A|EEF1E1|ZNF385A,https://www.gsea-msigdb.org/gsea/msigdb/human/geneset/GOBP_POSITIVE_REGULATION_OF_DNA_DAMAGE_RESPONSE_SIGNAL_TRANSDUCTION_BY_P53_CLASS_MEDIATOR,17,ENR,GOBP_POSITIVE_REGULATION_OF_DNA_DAMAGE_RESPONSE_SIGNAL_TRANSDUCTION_BY_P53_CLASS_MEDIATOR,1,1E-3,GOBP_POSITIVE_REGULATION_OF_DNA_DAMAGE_RESPONSE_SIGNAL_TRANSDUCTION_BY_P53_CLASS_MEDIATOR,FALSE,GOBP_POSITIVE_REGULATION_OF_DNA_DAMAGE_RESPONSE_SIGNAL_TRANSDUCTION_BY_P53_CLASS_MEDIATOR
22,3,3,3,0.999,,1E-3,,HDAC4|MYC|MYMX|PLD3|CAV3|ACTN3|MAMSTR|ACTA1|CCL8|SIX1|CCN3|SMYD1|TANC1|TNFSF14|CFLAR|HDAC9|ANHX|ADAMTS5|DCAF8|ADGRB1|DNER|DOCK5|MAML1|BIN3|CD81|CD9|XK|BHLHA15|MYMK|MYOG|COL6A1|CD53|HDAC1|HDAC3|IGF1|CXCL10|SIK1|KLHL40|ATP11A|BDNF|SIX4|BHLHE41|IL4R|CEACAM5|CXCL9|MYOCD|PLPP7|MTOR|RPL3L|NKX2-5|SHOX2|RYR1|CDON|SMO|KEL|PTGFRN|PIEZO1|SORT1|STAC3|MYORG|BARX2|BCL2|FLOT1|SELENON|ERVFRD-1|ERVW-1|GDF15|MYEF2|P2RX2|CAV2|MYF5|B4GALNT2|MYF6|FKTN|CNTNAP1|NFATC2|BCL9|RCAN1|SKI|SMYD3|ADAMTS15|ADGRB3|NPHS1|CAPN2|ITGB1|KLF5|DOCK2|ADAM12|DYRK1B|HDAC5|WNT10B|LARGE1|PPIF|NLN|PLEKHO1|CYP26B1|SPG11|MYOD1|DOCK1|MEF2C|NACA|MMP14|GPX1|WNT1|NOS1|HOMER1|TRIM72|MYH9|LMOD3|EHD1|EHD2|KCNH1|PPP3CB|NEO1|NOTCH1|XBP1|TBX1|RIPOR2|MAPK14|SHH|AVPR1A|PLEC|TMEM119|PPP3CA|RBM24|RBM38|CACNA1H|FBXO22|FKRP|SCGB3A1|CACNA1S|DMPK|TMEM182,https://www.gsea-msigdb.org/gsea/msigdb/human/geneset/GOBP_MYOTUBE_DIFFERENTIATION,133,ENR,GOBP_MYOTUBE_DIFFERENTIATION,1,1E-3,GOBP_MYOTUBE_DIFFERENTIATION,FALSE,GOBP_MYOTUBE_DIFFERENTIATION
132,3,3,3,0.999,,1E-3,,DYRK1A|MAPT|PPP2CB|MARK2|UBD|HSPA1B|HSPA2|HSF1|SACS|SORL1|DNAJB1|MFSD8|BAG3|DNAJB2|SNCAIP|HSP90AA1|TRIM37|HDAC6|PSMC5|DNAJA4|HSPA1A|DNAJB8|PSMC6|CLU|APOE|DNAJB6|BAG5|VCP|EPG5|PRKN,https://www.gsea-msigdb.org/gsea/msigdb/human/geneset/GOBP_INCLUSION_BODY_ASSEMBLY,30,ENR,GOBP_INCLUSION_BODY_ASSEMBLY,1,1E-3,GOBP_INCLUSION_BODY_ASSEMBLY,FALSE,GOBP_INCLUSION_BODY_ASSEMBLY
154,3,3,3,0.999,,1E-3,,GPR55|CCL3|EEIG1|TNFAIP6|IAPP|TNFRSF11A|POU4F1|TNFSF11|CCR1|TM4SF19|CAMK4|FOS|KLF10|LTF|CEBPB|PIAS3|TNFRSF11B|TYROBP|GPR68|IL12B|CREB1|RASSF2|CSF1|CTNNB1|IL23R|RPTOR|TNF|NEDD9|PIK3R1|NF1|TRAF6|LILRB1|LILRB4|MTOR|ZNF675|CLDN18|FBXW7|TREM2|TLR3|TFE3|TLR4|BGLAP|ERFE|IFNG|IL20|GPR137|IL4|LILRB3|GPR137B|INPP5D|FBN1|FSTL3|SLC9B2|NOTCH2|PPP3CA|TMEM64|LRRC17|MAFB|FSHR|SFRP1|PPARGC1B|TCTA|TMEM178A|TOB2|CALCA|UBASH3B|OCSTAMP|PRXL2A|IL17A|MITF|IL23A,https://www.gsea-msigdb.org/gsea/msigdb/human/geneset/GOBP_REGULATION_OF_OSTEOCLAST_DIFFERENTIATION,71,ENR,GOBP_REGULATION_OF_OSTEOCLAST_DIFFERENTIATION,1,1E-3,GOBP_REGULATION_OF_OSTEOCLAST_DIFFERENTIATION,FALSE,GOBP_REGULATION_OF_OSTEOCLAST_DIFFERENTIATION
77,3,3,3,0.999,,1E-3,,BMP4|ONECUT1|SMAD2|TGFB1|WNT11|NOTCH1|ABL1|FGF2|INSM1|NKX6-3|DLL1|JAG1|DLX3|BCCIP|DSPP|MSX1|NFE2L1|OTP|B9D1|IFT80|IPO7|MAP1B|TMEM231|SOX11|CEBPB|RFX6|TUBB|EMX1|NODAL|LEF1|POU3F2|SERPINE1|CTNNB1|GATA2|SOX4|HES1|RPTOR|BMP2|CDH2|VAX1|DLG5|WNT4|LHX3|FGF8|ASCL1|FAM20C,https://www.gsea-msigdb.org/gsea/msigdb/human/geneset/GOBP_NEUROEPITHELIAL_CELL_DIFFERENTIATION,46,ENR,GOBP_NEUROEPITHELIAL_CELL_DIFFERENTIATION,1,1E-3,GOBP_NEUROEPITHELIAL_CELL_DIFFERENTIATION,FALSE,GOBP_NEUROEPITHELIAL_CELL_DIFFERENTIATION
36,3,3,3,0.999,,1E-3,,CHRNA7|PRRT1|SHISA7|PRKAR1B|CAMK2B|CAMK2G|EIF2AK4|NPTN|LRRTM1|CALM1|TYROBP|GSK3B|CREB1|GRIN2B|GRIN2D|NRGN|S100B|TSHZ3|INS|SQSTM1|PRKCG|EPHB2|HMGCR|FAM107A|DRD2|GFAP|PLK2|RASGRF2|ADORA1|AKAP5|RGS14|NOG|BRAF|MME|SHANK3|CALM3|STAU1|CAMK2A|SNAP25|GRIA3|C22ORF39|IGSF11|ITPR3|SHANK2|SLC8A2|SYT12|ADORA2A|VAMP2|GRIA1|PDE9A|SERPINE2|PAIP2|DRD1|LARGE1|LGMN|CALM2|EPHA4|STX4|LRRTM2|SNCA|FXR1|NSG1|MPP2|NF1|PRNP|GRIN2A|GRIN2C|CRH|ABL1|PTK2B|PTN|AGER|ARC|SLITRK4|RELN|SLC1A1|LILRB2|SLC8A3|CYP46A1|NFATC4|APP|STX3|CRHR2|NCSTN|NTRK2|SLC24A1|SLC24A2|YTHDF1|TNR|ADCY1|PRKCZ|MAPK1|ADCY8|ZDHHC2|APOE|NR2E1|MECP2|CAMK2D,https://www.gsea-msigdb.org/gsea/msigdb/human/geneset/GOBP_LONG_TERM_SYNAPTIC_POTENTIATION,98,ENR,GOBP_LONG_TERM_SYNAPTIC_POTENTIATION,1,1E-3,GOBP_LONG_TERM_SYNAPTIC_POTENTIATION,FALSE,GOBP_LONG_TERM_SYNAPTIC_POTENTIATION
45,3,3,3,0.999,,1E-3,,BMP4|WNT3A|FGF2|FGFR1|LMO4|ESRP1|BRD4|TNFSF18|FZD7|MBD3|BRD2|MTA2|CD69|DKK1|MTA3|PAX7|BMPR1A|NKX6-2|IL12B|MTA1|GATAD2A|IL12RB1|GATAD2B|HDAC1|CHD3|SOX17|IL23R|EP300|HES1|OPA1|SFRP2|RBBP7|RBBP4|JAK3|GDF3|HDAC2|STAT5A|LGALS1|SOSTDC1|CHD4|IL23A|LOXL3|SPDEF|TBX21|MESP1,https://www.gsea-msigdb.org/gsea/msigdb/human/geneset/GOBP_REGULATION_OF_CELL_FATE_COMMITMENT,45,ENR,GOBP_REGULATION_OF_CELL_FATE_COMMITMENT,1,1E-3,GOBP_REGULATION_OF_CELL_FATE_COMMITMENT,FALSE,GOBP_REGULATION_OF_CELL_FATE_COMMITMENT
5,3,3,3,0.999,,1E-3,,CHRNB2|WNT3A|CBLN2|CFL1|NEUROD2|SIX1|TANC1|NLGN4X|ZNF804A|NRXN2|AKT1|NTRK1|DAG1|OGT|ADGRB1|MAP1B|MARK1|PAFAH1B1|CDC42|NEFL|ABHD17A|SLITRK1|NTN1|AGAP1|CAMKV|CTTNBP2|PSEN1|RAP2A|LHFPL4|INS|VLDLR|ABHD17B|ABHD17C|BDNF|SIX4|NEDD4L|EFNA1|NECTIN1|FGF22|DAB2IP|DRD2|PRICKLE1|SLC12A5|FCGR2B|ASIC2|CRTAC1|SRCIN1|ARHGAP44|TUBA1A|PPT1|SHANK3|SRGAP2C|IL1RAPL1|CDK5|CDK5R1|DLGAP4|IGSF9|ST8SIA2|CLSTN1|AGO2|COLQ|ZDHHC8|CNTNAP1|CAPRIN1|ARF4|SLC30A1|FYN|ADGRB3|KCNK13|AMOT|STRN4|PLPPR4|SENP1|C1QL1|SIGMAR1|ITGB1|IL1RAPL2|LRFN3|LATS1|SLITRK2|EFNA5|EPHA7|LRP8|FGF7|CLN3|FLRT2|S1PR2|DKK1|FLRT3|RHOA|PGRMC1|EEF2K|ARHGAP12|MEF2C|MYCBP2|ARF6|ARHGAP22|GRID1|NECTIN3|NRP2|UBE3B|FZD1|SNCA|NTRK3|HOMER1|PRKCA|TNF|NEDD9|NF1|PRNP|ARHGEF15|SEMA4C|CAPRIN2|SEMA4D|VCP|PAK3|ITSN1|ABL1|NGEF|DAB1|SLC17A8|ADNP|DHX36|PLXNC1|PTK2B|CACNA2D3|ADGRB2|AMIGO2|PTPRO|LINGO2|RAC1|ELMO1|LINGO4|PTPN1|LRRC24|RAC3|LRRN1|LRRN3|PTPRS|FARP1|FLRT1|LRTM2|NRN1|ROCK1|GPM6A|RTN4|DOCK4|IQSEC2|NFATC4|SETD5|EPHB1|LRP4|LRRTM3|SPARCL1|NTRK2|PUM2|NRCAM|SARM1|RHOG|VANGL2|ZMYND8|TPBG|AMIGO3|LRRK2|ZDHHC15|SLITRK6|APOE|PRMT8|DOCK10|ABI2|AGRN|TLR2|AMIGO1|PDXP|CAMK2B|WASL|PCDH8|WNT5A|GPRASP3|RPS6KA5|LRRTM1|PTPN13|SYNGAP1|SIPA1L1|CRIPT|PDLIM5|CLSTN2|CDH8|GRIN2B|FRMPD4|CHMP2B|EIF4G1|YWHAZ|CDH2|SLITRK5|DLG5|DCTN1|CHD4|ZDHHC17|DTNBP1|EPHB2|CUX2|LRFN2|LZTS3|NCKIPSD|NUMBL|SLC17A6|SLC17A7|TRIM47|KIF1A|SEMA7A|KIF5B|RHOB|LIN7A|SRGAP2B|LIN7B|SLITRK3|LIN7C|SNX27|GPR158|LZTS1|CC2D1A|NAE1|NLGN1|NLGN2|CYFIP2|NRXN1|VPS35|NEDD4|NEDD8|PDZD11|PPFIA2|RAB17|ASIC1|GNA13|BAIAP2|IGSF11|SYBU|SYNDIG1|CYFIP1|TANC2|MUSK|CARMIL3|ARHGAP33|SRPX2|NEURL1|ABI3|SRGAP2|CASKIN1|CTNNA2|CBLN1|CDKL5|DISC1|EGLN1|EPHA4|DOCK1|TUBB|DBN1|LRFN1|MRTFB|LRFN4|LRRC4B|LRRTM2|ANAPC2|CTNNB1|UBE2M|VSTM5|SLC7A11|GRID2|SPARC|THBS2|NTNG2|PTPRD|GPC4|LRFN5|PPP1R9B|NLGN3|CDC20|TREM2|FGFR1|GHRL|IL1RAP|WNT7A|CAMK1|CRMP1|GHSR|ETV5|HTR4|KLK8|ARC|IL10RA|SLITRK4|RELN|CLSTN3|LILRB2|ICAM5|ADAM10|MAPK14|NEGR1|ROBO2|STAU2|RTN4R|ARMCX5-GPRASP2|APP|C1QL2|DVL1|MDGA1|C1QL3|SEMA3F|OXT|IL10|SLIT1|ITPKA|SEMA4A|DMPK|EPHB3,https://www.gsea-msigdb.org/gsea/msigdb/human/geneset/GOBP_REGULATION_OF_SYNAPSE_STRUCTURE_OR_ACTIVITY,316,ENR,GOBP_REGULATION_OF_SYNAPSE_STRUCTURE_OR_ACTIVITY,1,1E-3,GOBP_REGULATION_OF_SYNAPSE_STRUCTURE_OR_ACTIVITY,FALSE,GOBP_REGULATION_OF_SYNAPSE_STRUCTURE_OR_ACTIVITY
2,3,3,3,0.999,,1E-3,,EPHA5|HIF1A|WNT3A|CFL1|ATIC|SRD5A1|SRD5A2|GLI3|NKX2-1|BBS4|DCLK2|RAN|PAFAH1B1|NEFL|KCNA1|CEP120|AKIRIN2|KIF14|GART|PAX6|ATAT1|CRK|GSK3B|CRKL|SLC38A2|HDAC1|PSEN1|SUN2|SYNE2|LMX1A|TACC1|TACC2|ASCL1|CDON|SMO|FOXG1|MCPH1|EOMES|POU3F3|DAB2IP|ZIC1|ARHGAP11B|SLC2A1|PROX1|BAX|DLX1|DLX2|DMRTA2|TUBA1A|BNIP3|NPY|WDR62|POU3F2|SRGAP2C|CDK5|CDK5R1|PLCB1|BTG2|TRA2B|BBS1|BMERB1|BBS2|FOS|OGDH|CCDC39|SOCS7|LRP8|PTEN|XAB2|FEZ1|LARGE1|RHOA|EZH2|FGF13|MDK|FXR2|IGF2BP1|NF1|FOXP2|ZMIZ1|P2RY12|KIRREL3|LHX6|UQCRQ|NSUN5|PIANP|SEMA6B|TBR1|TUBB2B|DAB1|MGARP|FAT4|NF2|RAC1|PTPRS|NARS1|RTN4|PALS1|NR4A3|EZH1|NTRK2|KIF26A|EGFR|WDR47|SLIT2|PEX5|FGF8|CCDC141|TACC3|HTR5A|LHX2|ASPM|XRN2|KDM1A|ATG16L1|EFHC1|TSKU|CASP3|FILIP1|ATP2B4|FLNA|PAX5|TFAP2C|CSNK2A2|EIF2B5|YWHAE|CDH2|CDK6|ADGRG1|SRF|PHACTR1|CCDC85C|COL3A1|SLC32A1|TP73|NOTCH2NLA|MKKS|NOTCH2NLB|NOTCH2NLC|NDE1|NDEL1|KDM6B|SUN1|BCAN|FKTN|XRCC1|TMEM14B|TRAPPC9|BLOC1S6|NCOA1|GRIA1|ZIC3|PEX13|ATOH1|CNTNAP2|TUBB2A|SRGAP2|DRD1|DISC1|POMGNT1|TMEM108|POMT2|FXR1|CTNNB1|ID4|ARX|LAMB1|CDK5R2|EMX2|FBXO41|PHLPP2|TSC1|VPS13B|PPP1R9B|ZEB2|RARA|HTR6|ALK|DIXDC1|PLXNA3|RELN|ROBO1|NEUROD1|LHX5|BTBD3|MDGA1|EMX1|LEF1|KCNA2|SCT|FBXO45|MBOAT7|NR2E1|MFSD2A,https://www.gsea-msigdb.org/gsea/msigdb/human/geneset/GOBP_PALLIUM_DEVELOPMENT,194,ENR,GOBP_PALLIUM_DEVELOPMENT,1,1E-3,GOBP_PALLIUM_DEVELOPMENT,FALSE,GOBP_PALLIUM_DEVELOPMENT
1,3,3,3,0.999,,1E-3,,SOX6|PKD1|BMP1|COL11A1|WNT7A|COL2A1|FGF6|MPZ|CCN2|OTOR|SOX5|THRA|MYCN|MYF5|BMPR1B|BPIFA1|MAPK14|BARX2|LTF|SOX9|TMIGD1|MGP|TGFB2,https://www.gsea-msigdb.org/gsea/msigdb/human/geneset/GOBP_CELL_AGGREGATION,23,ENR,GOBP_CELL_AGGREGATION,1,1E-3,GOBP_CELL_AGGREGATION,FALSE,GOBP_CELL_AGGREGATION
4,3,3,3,0.999,,1E-3,,BMP4|IL6R|AMPD2|CD2AP|ANGPT1|ANGPT2|JAG1|NPHS1|ITGB3|CFLAR|IQGAP1|EDN1|CD34|EDNRA|LGR4|COMT|TCF21|WT1|PDGFRB|COL4A3|MAGI2|ACTA2|PDGFA|PDGFB|MEF2C|MTSS1|EGR1|EXT1|KLF15|AQP1|HES1|LAMB2|NOTCH3|NID1|KIRREL3|PDGFD|PECAM1|HEYL|COL4A4|FOXC1|NOTCH1|PDGFRA|WWTR1|PAX2|OSR1|BASP1|PODXL|PTPRO|EDNRB|GPR4|RET|MPV17|ADIPOQ|AGTR2|LHX1|BCL2|FOXJ1|PROM1|ENPEP|FOXC2|NOG|NOTCH2|PPP3CA|ASXL1|TEK|CD24|VANGL2|BMP7|MYO1E|SERPINB7|NPHS2|PLCE1|SULF1|SULF2,https://www.gsea-msigdb.org/gsea/msigdb/human/geneset/GOBP_GLOMERULUS_DEVELOPMENT,74,ENR,GOBP_GLOMERULUS_DEVELOPMENT,1,1E-3,GOBP_GLOMERULUS_DEVELOPMENT,FALSE,GOBP_GLOMERULUS_DEVELOPMENT
30,3,3,3,0.999,,1E-3,,PAK2|TJP2|ZDHHC7|DSG3|SCRIB|ACTB|MPP7|LSR|DSP|CDH5|HEPACAM|JAK1|F11R|ARHGEF18|CGNL1|DSG2|TJP1|TJP3|ABCB1|FLNA|ACTG1|DLG5|ILDR1|CTNND1|VCL|MAPK9|PECAM1,https://www.gsea-msigdb.org/gsea/msigdb/human/geneset/GOBP_PROTEIN_LOCALIZATION_TO_CELL_CELL_JUNCTION,27,ENR,GOBP_PROTEIN_LOCALIZATION_TO_CELL_CELL_JUNCTION,1,1E-3,GOBP_PROTEIN_LOCALIZATION_TO_CELL_CELL_JUNCTION,FALSE,GOBP_PROTEIN_LOCALIZATION_TO_CELL_CELL_JUNCTION
102,3,3,3,0.999,,1E-3,,C3|C1QBP|C4BPA|C4BPB|MASP2|CD46|CD59|CD5L|CR1|CR1L|A2M|CR2|CFP|MBL2|VSIG4|KRT1|CFH|PHB2|MASP1|COLEC10|COLEC11|TREM2|FCN1|FCN2|FCN3|C1QA|C1QB|C1QC|C1R|C1RL|C1S|C2|C4A|C4B|C6|C7|C8A|C8B|C8G|C9|C5|CD55|CFI|SERPING1|CFB|CFD|CLU|PHB1|CFHR1|CFHR2|CFHR3|IL1B|SUSD4|CFHR4|CFHR5,https://www.gsea-msigdb.org/gsea/msigdb/human/geneset/GOBP_COMPLEMENT_ACTIVATION,55,ENR,GOBP_COMPLEMENT_ACTIVATION,1,1E-3,GOBP_COMPLEMENT_ACTIVATION,FALSE,GOBP_COMPLEMENT_ACTIVATION
66,3,3,3,0.999,,1E-3,,TICAM1|RIPK2|SPON2|CAMK4|PYCARD|AXL|BCL6|ACP5|KIT|P2RX7|CD74|ATG9A|WNT5A|CUEDC2|DDX21|MAPKAPK2|MAVS|MIF|BCL10|GPRC5B|MYD88|DDX1|CARD9|CD36|LILRB1|RABGEF1|NLRX1|LITAF|PANX1|TGFB1|TLR3|TLR4|TLR7|SEMA7A|DHX36|TGFB3|SIRT1|UBE2J1|EPX|FCER1G|RTN4|NR4A3|RIGI|NOD1|LAPTM5|TWIST1|HLA-G|PRG2|PLCG2|SYK|IRAK3|TGFB2,https://www.gsea-msigdb.org/gsea/msigdb/human/geneset/GOBP_MYELOID_LEUKOCYTE_CYTOKINE_PRODUCTION,52,ENR,GOBP_MYELOID_LEUKOCYTE_CYTOKINE_PRODUCTION,1,1E-3,GOBP_MYELOID_LEUKOCYTE_CYTOKINE_PRODUCTION,FALSE,GOBP_MYELOID_LEUKOCYTE_CYTOKINE_PRODUCTION
5,3,3,3,0.999,,1E-3,,FGFR1|CSMD2|IL1RAP|NRXN2|PTK2B|LATS1|RELN|ABI3|PTPRS|SLITRK3|PRICKLE1|CASKIN1|PTEN|CBLN1|C1QL2|C1QL3|CRIPT|NLGN2|NRXN1|LRFN1|LRFN4|LRRC4B|LRRTM2|NTRK3|SHANK3|GRID2|NPTX1|PTPRD|ZDHHC12,https://www.gsea-msigdb.org/gsea/msigdb/human/geneset/GOBP_POSTSYNAPTIC_DENSITY_ASSEMBLY,29,ENR,GOBP_POSTSYNAPTIC_DENSITY_ASSEMBLY,1,1E-3,GOBP_POSTSYNAPTIC_DENSITY_ASSEMBLY,FALSE,GOBP_POSTSYNAPTIC_DENSITY_ASSEMBLY
29,3,3,3,0.999,,1E-3,,CRY1|PHLPP1|CRY2|BMAL2|ATOH7|PPP1CA|PPP1CB|PPP1CC|BHLHE40|ID2|GNA11|PER3|PER1|MTA1|TP53|FBXL3|PML|SIK1|RBM4|SOX14|GNAQ|PDE6B|RBM4B|USP2|CRTC1|OPN5|NR2F6|PER2,https://www.gsea-msigdb.org/gsea/msigdb/human/geneset/GOBP_ENTRAINMENT_OF_CIRCADIAN_CLOCK,28,ENR,GOBP_ENTRAINMENT_OF_CIRCADIAN_CLOCK,1,1E-3,GOBP_ENTRAINMENT_OF_CIRCADIAN_CLOCK,FALSE,GOBP_ENTRAINMENT_OF_CIRCADIAN_CLOCK
49,3,3,3,0.999,,1E-3,,ODAD4|TCTN2|TULP2|ARL3|PCARE|ROPN1|EFCAB7|BBS1|CCDC40|CROCC|ROM1|CCDC66|ASAP1|BBS4|IFT122|CCDC39|IFT80|RAB11A|RAB11FIP3|CCDC88A|MICALL1|RAB29|ROPN1B|GDI2|IFT140|GSK3B|ATP6V1D|INVS|RAB8A|RABEP1|CSNK1D|DZIP1|EHD1|ENTR1|CEP78|TCTN1|CFAP58|IFT20|GGA1|ZMYND10|IFT56|TBC1D32|TMEM107|TTC21A|WDR19|WDR35|ARL13A|ARL13B|BBIP1|NPHP4|TTC21B|INPP5E|DNAH11|RPGR|ARL6|SPATA7|CDK20|DYNC2H1|CC2D2A|TUB|TULP1|TULP3|GFY|LZTFL1|ZNF423|MAPK15|SNX10|BBS9|CC2D2B|DNAAF11|ARF4|DZIP1L|FAM149B1|FSIP2|ZDHHC3,https://www.gsea-msigdb.org/gsea/msigdb/human/geneset/GOBP_PROTEIN_LOCALIZATION_TO_CILIUM,75,ENR,GOBP_PROTEIN_LOCALIZATION_TO_CILIUM,1,1E-3,GOBP_PROTEIN_LOCALIZATION_TO_CILIUM,FALSE,GOBP_PROTEIN_LOCALIZATION_TO_CILIUM
73,3,3,3,0.999,,1E-3,,BMAL1|CRY1|CNOT2|PIAS2|HMGA2|CRY2|TP63|CNOT9|CLOCK|NCOR2|NCOR1|CDK12|VPS11|SIRT1|VPS18|KANK2|STRN3|TCF21|SMARCA4|ZNF366|BRCA1|RHOA|ZBTB7A|NODAL|PER1|CREBRF|HDAC1|IGF1|TCF7L2|SFRP1|DAB2|FOXH1|CALR|ISL1|LBH|NR0B1|PHB1|PHB2|FOXP1|CNOT1|CYP7B1|HEYL,https://www.gsea-msigdb.org/gsea/msigdb/human/geneset/GOBP_NEGATIVE_REGULATION_OF_INTRACELLULAR_STEROID_HORMONE_RECEPTOR_SIGNALING_PATHWAY,42,ENR,GOBP_NEGATIVE_REGULATION_OF_INTRACELLULAR_STEROID_HORMONE_RECEPTOR_SIGNALING_PATHWAY,1,1E-3,GOBP_NEGATIVE_REGULATION_OF_INTRACELLULAR_STEROID_HORMONE_RECEPTOR_SIGNALING_PATHWAY,FALSE,GOBP_NEGATIVE_REGULATION_OF_INTRACELLULAR_STEROID_HORMONE_RECEPTOR_SIGNALING_PATHWAY
8,3,3,3,0.999,,1E-3,,LEMD3|SKI|DACT1|FST|ZC3H3|FGF9|SMAD7|CSNK2B|SMURF1|FKBP1A|ACVR1B|ACVR2A|MAGI2|SHH|ACVR2B|ACVR1|FSTL3|NCLN|NOMO1|DACT2|NOMO3|CER1|DAND5|DMRT1|SMAD6|FGF10|FKBP1C|IGSF1,https://www.gsea-msigdb.org/gsea/msigdb/human/geneset/GOBP_REGULATION_OF_ACTIVIN_RECEPTOR_SIGNALING_PATHWAY,28,ENR,GOBP_REGULATION_OF_ACTIVIN_RECEPTOR_SIGNALING_PATHWAY,1,1E-3,GOBP_REGULATION_OF_ACTIVIN_RECEPTOR_SIGNALING_PATHWAY,FALSE,GOBP_REGULATION_OF_ACTIVIN_RECEPTOR_SIGNALING_PATHWAY
2,3,3,3,0.999,,1E-3,,CCL3|CSPG4|BMERB1|CCR2|GLI3|P2RY1|RRAS2|CERS2|NDN|SOCS7|SRGAP2|LRP8|CD9|PAFAH1B1|RRAS|DISC1|EPHA4|NTN1|APCDD1|MMP14|PTPRB|VCAN|CRKL|CSF1|CTNNB1|CX3CL1|SUN2|CX3CR1|SYNE2|ATP1B2|LAMB1|CDK5R2|NF1|P2RX4|ZMIZ1|ADGRG1|P2RY12|TSPO|FOXG1|TREM2|SCRIB|IDH2|DAB1|DAB2IP|HEXB|RELN|COL3A1|RTN4|AZU1|SRGAP2C|CDK5|CDK5R1|SUN1|WDR47|GPR183|STAP1|CCL2|MATN2|MBOAT7|NR2E1|TGFB2,https://www.gsea-msigdb.org/gsea/msigdb/human/geneset/GOBP_GLIAL_CELL_MIGRATION,61,ENR,GOBP_GLIAL_CELL_MIGRATION,1,1E-3,GOBP_GLIAL_CELL_MIGRATION,FALSE,GOBP_GLIAL_CELL_MIGRATION
110,3,3,3,0.999,,1E-3,,ERC1|ADGRB3|CBLN2|CBLN3|CSMD2|C1QL1|DLG1|ITGB3|RIMS2|RAB3A|PRICKLE1|CBLN1|SORT1|SYNGAP1|OPHN1|CHCHD10|SDF4|APPL1|ARF6|PCLO|PPFIA2|SHANK1|BSN|PLXNA4|ERC2|GRN|RAPSN|RIMS1|DCTN1|GIT1|RIMS3,https://www.gsea-msigdb.org/gsea/msigdb/human/geneset/GOBP_MAINTENANCE_OF_SYNAPSE_STRUCTURE,31,ENR,GOBP_MAINTENANCE_OF_SYNAPSE_STRUCTURE,1,1E-3,GOBP_MAINTENANCE_OF_SYNAPSE_STRUCTURE,FALSE,GOBP_MAINTENANCE_OF_SYNAPSE_STRUCTURE
9,3,3,3,0.999,,1E-3,,REST|ADORA2B|CCR2|RIMS2|CD177|RAB3A|CD300A|PREPL|RAP1A|CBARP|CD84|RAP1B|ATP2A2|ZP3|BAIAP3|FERRY3|FES|FOXF1|GAB2|GATA1|GATA2|IL13RA2|IL13|PRKCG|IL4R|CEACAM1|DTNBP1|SLC4A8|PRAM1|FMR1|F2RL1|UNC13D|FCGR2B|FCER1G|FGR|PLA2G3|NLGN1|PFN2|STXBP5|CACNA1B|PPFIA2|SCAMP5|BRAF|NPY|RAB27A|SPHK2|GPR151|CALM3|DOC2A|DOC2B|SEPTIN5|CDK5|HLA-F|RAB15|AP1G1|GNAI2|STXBP1|STXBP2|STXBP3|SYN1|RIMS1|RIMS3|RIMS4|SYT11|RAB5A|SYT4|SV2B|SV2C|SYT10|SYT12|SYT15|SYT17|SYT6|KLRC2|CASK|TRPV6|P2RX1|RPH3A|CD160|P2RY1|RPH3AL|SNAPIN|ITGAM|ITGB2|KCNB1|LGALS9|SNX4|LYN|CSPG5|STX1A|STX4|ADRA2A|SYT1|SYT13|SYT2|SYT3|HYAL3|SYT5|CDK5R2|NCKAP1L|SYT8|SYT9|MICAL1|RAB3GAP1|RABGEF1|PRKCB|NOTCH1|PDPK1|SYT7|WNT7A|VAMP8|RAC2|VPS18|ADGRE2|DVL1|RAB3D|PPP3CA|BCR|FBXL20|CACNB4|LAMP1|SPI1|LRRK2|FBXO45|GIT1|SYK,https://www.gsea-msigdb.org/gsea/msigdb/human/geneset/GOBP_REGULATION_OF_REGULATED_SECRETORY_PATHWAY,126,ENR,GOBP_REGULATION_OF_REGULATED_SECRETORY_PATHWAY,1,1E-3,GOBP_REGULATION_OF_REGULATED_SECRETORY_PATHWAY,FALSE,GOBP_REGULATION_OF_REGULATED_SECRETORY_PATHWAY
1,3,3,3,0.999,,1E-3,,HOXA3|IRX5|BMP4|HOXB4|MTHFD1L|SIX1|COL11A1|COL2A1|DLG1|FGFR2|GLI3|HOXC11|SLC39A3|MYCN|RUNX2|ALX4|HOXB7|RDH10|WNT9B|PRRX1|TFAP2A|FUZ|IFT140|MEGF8|NDST1|MMP14|OSR2|ALX3|HOXA2|PAX5|CTNNB1|SMAD3|HOXA11|HYAL1|TGFBR2|SATB2|MED12|SLC39A1|HOXA1|SIX4|HOXB1|HOXB2|HOXD9|HOXB3|FLVCR1|HOXD3|SHOX2|HOXB5|SIX2|HOXC9|GRHL2|HOXD10|SMAD2|EIF4A3|MTHFD1|HOXA4|HOXC4|HOXD11|HOXD4|DYNC2I1|PDGFRA|OSR1|ZEB1|TBX1|PCGF2|MDFI|MMP16|WDR19|LHX1|SOX11|TGFBR1|NODAL|DLX2|FOXC2|HOXB9|NOG|HOXA5|HOXA9|ALX1|HOXB6|HOXB8|NIPBL|TULP3|TBX15|TWIST1|BMP7|DSCAML1|EYA1|GSC|HOXA7|MYF5|BMI1|FGF8|CHST11,https://www.gsea-msigdb.org/gsea/msigdb/human/geneset/GOBP_EMBRYONIC_SKELETAL_SYSTEM_MORPHOGENESIS,94,ENR,GOBP_EMBRYONIC_SKELETAL_SYSTEM_MORPHOGENESIS,1,1E-3,GOBP_EMBRYONIC_SKELETAL_SYSTEM_MORPHOGENESIS,FALSE,GOBP_EMBRYONIC_SKELETAL_SYSTEM_MORPHOGENESIS
1,3,3,3,0.999,,1E-3,,BMP4|NKX3-2|RARA|WNT11|PTHLH|NR5A2|GDF5|RARB|CCN4|EFEMP1|RARG|GLI3|CHADL|SNAI2|RFLNA|RFLNB|LTBP3|PTH|TGFBR1|NOG|CTNNB1|PTPN11|CTSK|GREM1|ADAMTS7|FRZB|LEP|WNT9A|IHH|SOX9|ADAMTS12|TGFB2,https://www.gsea-msigdb.org/gsea/msigdb/human/geneset/GOBP_NEGATIVE_REGULATION_OF_CARTILAGE_DEVELOPMENT,32,ENR,GOBP_NEGATIVE_REGULATION_OF_CARTILAGE_DEVELOPMENT,1,1E-3,GOBP_NEGATIVE_REGULATION_OF_CARTILAGE_DEVELOPMENT,FALSE,GOBP_NEGATIVE_REGULATION_OF_CARTILAGE_DEVELOPMENT
63,3,3,3,0.999,,1E-3,,REST|TIFAB|CRY2|LIF|CCN3|WNK3|WNK4|CCR2|CD200|OPRM1|CD300A|GJA1|INHBB|NR1H3|GNAO1|RAP1A|CBARP|CD74|CD84|RAP1B|RAB11FIP3|PFKL|C9ORF72|CHGA|RAB33B|CRHBP|SIRT4|FOXF1|FOXO1|PTPN11|INS|IRS1|IL13RA2|KLF7|LEP|KCNJ11|CEACAM1|ERP29|MIDN|ADRA2B|MTNR1B|ADRA2C|RAB11FIP1|RAB11FIP5|CRY1|HMGCR|SERGEF|ENY2|IDH2|PIM3|DRD2|FMR1|TNFRSF1B|F2RL1|FCGR2B|FAM3D|TACR2|ADORA1|FFAR2|BMP8A|WDR41|BRAF|GNAI1|IL11|IL1RAPL1|CDK5|UCP2|GGCX|HLA-F|PNKD|ERBB3|F2R|ASIC1|SPX|GNAI2|CYP4F2|STXBP3|IL12A|IL1B|SYT11|KCNK9|SYT4|ACVR1C|SLC30A1|HADH|SYTL4|ATP9A|VAMP3|GRM7|PDE8B|JAGN1|TNFRSF1A|SMCR8|P2RY1|EDN1|FRMD4A|KCNB1|DRD3|LGALS9|ABCC8|DRD4|SREBF1|VSNL1|RHBDF1|FFAR4|IL12B|NRG1|SNCA|ADRA2A|DPH3|PSMD9|STXBP6|HTR1B|INHA|TNF|INHBA|NCKAP1L|UCN|NF1|RAB7A|LILRB1|RABGEF1|TSPO|CRH|PRKN|NEO1|NOTCH1|NPY5R|GHRL|GHSR|VAMP8|PRKG1|RHBDF2|VPS4B|ADIPOQ|ADTRP|NMU|NPSR1|FGF23|OPRK1|NMB|ANXA1|FKBP1B|NDUFAF2|ABAT|OSM|ACSL4|BCR|GNAZ|RSAD2|PLA2R1|GABBR1|PTGER3|ADA|SCT|WNK1|TRH|NPFF|SPI1|NPY2R|EGF|CYP51A1|STK39|APOE|TFF2,https://www.gsea-msigdb.org/gsea/msigdb/human/geneset/GOBP_NEGATIVE_REGULATION_OF_SECRETION,165,ENR,GOBP_NEGATIVE_REGULATION_OF_SECRETION,1,1E-3,GOBP_NEGATIVE_REGULATION_OF_SECRETION,FALSE,GOBP_NEGATIVE_REGULATION_OF_SECRETION
,3,3,3,0.999,,1E-3,,PGF|PIK3CD|RAC2|VEGFA|VEGFB|KIT|VEGFC|KITLG|VEGFD|CCL11|RIN3|STAT5B|RABGEF1|SWAP70|CHGA,https://www.gsea-msigdb.org/gsea/msigdb/human/geneset/GOBP_MAST_CELL_MIGRATION,15,ENR,GOBP_MAST_CELL_MIGRATION,1,1E-3,GOBP_MAST_CELL_MIGRATION,FALSE,GOBP_MAST_CELL_MIGRATION
6,3,3,3,0.999,,1E-3,,BMPR1A|SMAD2|WNT11|FOXC1|NUP133|WNT3A|FOXC2|LEF1|EXOC4|FGFR1|EPB41L5|SMAD3|YAP1|ZIC3|TEAD2|WNT5A|DLL3|NCKAP1|TCF15|POGLUT1,https://www.gsea-msigdb.org/gsea/msigdb/human/geneset/GOBP_PARAXIAL_MESODERM_DEVELOPMENT,20,ENR,GOBP_PARAXIAL_MESODERM_DEVELOPMENT,1,1E-3,GOBP_PARAXIAL_MESODERM_DEVELOPMENT,FALSE,GOBP_PARAXIAL_MESODERM_DEVELOPMENT
24,3,3,3,0.999,,1E-3,,EPHB2|CUX2|SLC30A1|ITSN1|CFL1|CPEB3|CAMK1|DHX36|NEURL1|RAC1|FMR1|RELN|CAMK2B|LLPH|LRP8|GPRASP3|STAU2|PAFAH1B1|ARMCX5-GPRASP2|EEF2K|C21ORF91|NLGN1|NLGN2|DBN1|FOXO6|IL2|MAPK6|LPAR1|SHANK1|ITPKA|PSEN1|SHANK3|IL1RAPL1|ZMYND8|PTPRD|BAIAP2|MAPKAPK5|DLG5|CAPRIN2|APOE|CAPRIN1,https://www.gsea-msigdb.org/gsea/msigdb/human/geneset/GOBP_POSITIVE_REGULATION_OF_DENDRITIC_SPINE_DEVELOPMENT,41,ENR,GOBP_POSITIVE_REGULATION_OF_DENDRITIC_SPINE_DEVELOPMENT,1,1E-3,GOBP_POSITIVE_REGULATION_OF_DENDRITIC_SPINE_DEVELOPMENT,FALSE,GOBP_POSITIVE_REGULATION_OF_DENDRITIC_SPINE_DEVELOPMENT
6,3,3,3,0.999,,1E-3,,DLL4|HAND2|SMAD2|NOTCH1|CCM2|BMP5|SMAD3|BMP7|RPGRIP1L|SOS1|BMP2|TBX5|WT1|WNT5A|FLRT3|TBX20|HEG1,https://www.gsea-msigdb.org/gsea/msigdb/human/geneset/GOBP_PERICARDIUM_DEVELOPMENT,17,ENR,GOBP_PERICARDIUM_DEVELOPMENT,1,1E-3,GOBP_PERICARDIUM_DEVELOPMENT,FALSE,GOBP_PERICARDIUM_DEVELOPMENT
6,3,3,3,0.999,,1E-3,,WNT11|WNT3A|MKS1|NKX2-1|BHLHE40|WNT8A|ALX4|C2CD3|HELT|MSGN1|LAMA5|PAX6|OSR2|SPRY1|EN1|PBX3|OTX1|OTX2|BARX1|TCAP|HEY1|HOXB5|RNF207|HEYL|MESP1|PLXNA2|RNF2|EOMES|OFD1|SMAD5|NEK8|PKD2|MDFI|RNF111|TBX20|RTTN|DLX1|DLX2|STIL|FUT6|TP53|DYNC2H1|NOTCH2|DSCAML1|RPGRIP1L|GSC|MYF5|MYF6|TCF15|BTG2|DNAI1|SKI|DCHS1|AXIN1|CCDC39|HOXB7|TLL2|MEGF8|GDNF|NRG3|NRP2|LDB1|SEMA3C|DOP1B|CFC1|CRIPTO3|TBR1|BMP1|WNT7B|MSX1|EPB41L5|MSX2|NDRG4|PAX2|PAX8|TBX1|TLL1|AXIN2|DISP1|SHH|LRP4|ALX1|CC2D2A|PCSK6|EYA1|ABI1|FGF10|C3|TIFAB|DLL1|LFNG|MFNG|PGAP1|DMRT2|PCDH8|HIPK1|SYNGAP1|ACVR1|OOEP|FOXF1|HOXA10|HOXA11|HOXD13|PRKDC|TBX18|CDX2|DLL4|CLUAP1|IFT172|OSR1|TTC8|IFT25|IFT52|IFT57|PROP1|WDR19|SMARCD3|ALG5|C1QA|GRSF1|SETDB2|HOXA5|PBX1|HOXA9|HOXB8|PALB2|TULP3|MAFB|MEIS1|SFRP1|TMED2|BMPR1B|SIX3|GALNT11|YY1|HHIP|KAT2A|TBX2|DAAM2|ACD|ACVRL1|CHSY1|TP63|CCDC40|DNAAF1|ZIC3|XRCC2|POFUT1|CYP26B1|CYP26C1|POGLUT1|SHROOM3|BICC1|CTNNB1|EXT1|SMAD1|HES1|AIDA|APC|APC2|EMX2|NME7|VAX2|GPC3|IRX1|IRX2|NKD1|IRX3|WNT6|NOTCH1|FGF2|FGFR1|NRP1|WNT7A|DNAAF3|GATA5|GLI1|GLI2|HHEX|RELN|TBC1D32|ACVR2A|MLLT3|ROBO1|TMEM107|ROBO2|NEUROD1|DVL1|SEMA3F|TTC21B|DNAH11|EMX1|FBXL15|ASB2|LEFTY1|HOXB6|BMP5|EP300|TRAF3IP1|FOXH1|WNT3|DLL3|FRS2|DNAAF11|DZIP1L|HOXA3|ODAD4|BMP4|HOXB4|HAND2|HIF1A|NKX3-2|FOXA1|PITX2|SIX1|RARG|RNF220|CFAP45|GLI3|DRC1|IFT122|ODAD2|TGIF1|TBX5|CRKL|ALX3|NKX3-1|PSEN1|RBPJ|BHLHE41|GREM2|HOXD9|OVOL2|HOXB3|ASCL1|HOXD3|DNAAF2|SIX2|CDON|SMO|DVL2|FOXC1|FEZF1|FOXG1|SUFU|HOXA4|HOXC4|MEIS2|HOXD11|HOXD4|PTCH1|FST|ZIC1|PCSK5|MOSMO|PRICKLE1|NCKAP1|TBX6|AR|AURKA|BPTF|HEY2|BMPR2|FOXJ1|ARL6|LMX1B|DMRTA2|TAF10|HOXC13|NR2F2|SOX17|TBX3|GREM1|CFAP53|HOXA7|BMI1|TRA2B|DAW1|HES2|HES4|ASPH|HES6|HOXA6|HOXC5|HOXC6|HOXC8|LEFTY2|FGFR2|RING1|EDN1|WDR77|ITGAM|ERBB4|WT1|WNT2B|AHI1|DKK1|SOX18|STC1|MIB1|DMRT3|MEF2C|NCLN|EGR2|NOMO1|NOMO3|HES5|NBL1|SFRP2|MICAL2|SNAI1|MID1|RAX|HOXB1|SMAD6|HOXB2|IHH|CAPRIN2|CITED2|DNAH5|DPCD|ETS2|ANKS6|MEOX2|ENG|FGF1|TGFBR1|PKD1L1|HOXB9|NLE1|VANGL2|GPR161|BMP7|NRARP|EED|BMP2|FGF8|GDF3|SOSTDC1|LRP5|PLD6|LHX2|HOXC11|PBX2|SP8|MTF2|WNT5A|ATP6AP2|PPP2R3A|CTNNBIP1|BBS5|BBS7|TASOR|HOXA2|TDRD1|TSHZ1|CDX1|TDRD5|CHRDL1|SMAD3|CXXC4|HOXD8|CER1|MEIS3|MEOX1|DAND5|HNF1B|MESP2|RIPPLY2|KMT2A|RIPPLY3|SATB2|SIM2|MED12|TDRD6|TDRD7|TDRKH|EFNB1|ADGRG1|NKX2-5|WLS|RFX3|SMAD2|NTF4|FKBP8|SRF|APLNR|IRX4|FZD5|ZBTB16|KIF3B|ZEB1|BASP1|BCOR|CELSR2|HAND1|HES7|AP1B1|MKKS|POU5F1|RFNG|ACVR2B|FOXC2|NOG|WNT2|COBL|HOXC10|FOXA2|FOXB1|CIMAP3|PIERCE1|ATM|MMP21|GDF11|SSBP3|CRIPTO|CHRD|DDIT3|DNAAF4|DYNC2LI1|HIPK2|FOXD1|FUZ|BMPR1A|IFT140|INTU|WNT1|CFAP52|CIROP|CRAMP1|DNAI2|ENKUR|IFT74|MNS1|PIERCE2|NOTO|PSKH1|ODAD3|TGFBR2|GRHL3|FOLR1|ISL1|LRP2|LHX3|SMAD4|GATA4|ZEB2|HOXC9|TCTN1|HOXD10|WNT8B|ARC|CRB2|PCGF2|FOXN4|LHX1|ARL13B|NPHP3|PAX7|SOX1|NODAL|LEF1|ALDH1A2|KDM2B,https://www.gsea-msigdb.org/gsea/msigdb/human/geneset/GOBP_PATTERN_SPECIFICATION_PROCESS,464,ENR,GOBP_PATTERN_SPECIFICATION_PROCESS,1,1E-3,GOBP_PATTERN_SPECIFICATION_PROCESS,FALSE,GOBP_PATTERN_SPECIFICATION_PROCESS
,3,3,3,0.999,,1E-3,,PRKCB|ADORA2B|SYT12|ADORA2A|HIP1|GIPC1|HTR2A|BACE1|NRXN2|YWHAH|RAB3A|DRD2|FMR1|GLRA3|NRN1|DRD1|LAMP5|NGFR|PFN2|CHRM2|FXR2|GSK3B|NOG|APBA2|ADRA2A|APBA1|FBXL20|FXR1|CHRNA5|CHRNA6|CHRNB3|ADCY1|GRIN3A|GRIK2|PRKCG|GRM2|ADORA3|GIT1,https://www.gsea-msigdb.org/gsea/msigdb/human/geneset/GOBP_PRESYNAPTIC_MODULATION_OF_CHEMICAL_SYNAPTIC_TRANSMISSION,38,ENR,GOBP_PRESYNAPTIC_MODULATION_OF_CHEMICAL_SYNAPTIC_TRANSMISSION,1,1E-3,GOBP_PRESYNAPTIC_MODULATION_OF_CHEMICAL_SYNAPTIC_TRANSMISSION,FALSE,GOBP_PRESYNAPTIC_MODULATION_OF_CHEMICAL_SYNAPTIC_TRANSMISSION
88,3,3,3,0.999,,1E-3,,BMP4|HAND2|PRMT1|MINK1|MAP3K5|PJA2|GADD45B|DSC2|GDF6|AGER|ZC3H12A|RELL1|MAP3K3|SPHK1|OPRK1|MFHAS1|GADD45G|SASH1|MAP3K4|SPI1|BMP2|GADD45A|LEP|RELL2|STK39|IL1B,https://www.gsea-msigdb.org/gsea/msigdb/human/geneset/GOBP_POSITIVE_REGULATION_OF_P38MAPK_CASCADE,26,ENR,GOBP_POSITIVE_REGULATION_OF_P38MAPK_CASCADE,1,1E-3,GOBP_POSITIVE_REGULATION_OF_P38MAPK_CASCADE,FALSE,GOBP_POSITIVE_REGULATION_OF_P38MAPK_CASCADE
119,3,3,3,0.999,,1E-3,,CHRNA1|CHRNA3|CHRNB1|CHRNB2|CHRNB4|AGRN|CHRNA7|CHRND|BLOC1S6|CHRNE|CHRNG|OPRM1|EDNRA|PSCA|CHRM5|RGS10|LARGE1|RGS8|GNA11|GNA15|GRK2|CHRM2|CRKL|ATP2B4|CHRNA2|CHRNA5|CHRNA6|CHRNB3|CHRM1|LY6E|CHRM3|TSPO|ITPR1|PRKCB|CHRNA4|ACHE|CHRM4|LYNX1|HRH4|GRXCR1|CDK5R1|LYPD1|GNAI2|PLCB1|ROCK2|GNAQ|LY6G6D|LY6H|SLURP2|GNB1|HRH3,https://www.gsea-msigdb.org/gsea/msigdb/human/geneset/GOBP_RESPONSE_TO_ACETYLCHOLINE,51,ENR,GOBP_RESPONSE_TO_ACETYLCHOLINE,1,1E-3,GOBP_RESPONSE_TO_ACETYLCHOLINE,FALSE,GOBP_RESPONSE_TO_ACETYLCHOLINE
30,3,3,3,0.999,,1E-3,,OLFM1|GABARAP|GHSR|CACNA2D2|ITGB3|DAG1|GRIPAP1|OGT|VPS26B|HRAS|ADAM10|RAP1A|NPTN|EPB41L3|IQSEC2|ARHGAP44|DBN1|TYROBP|TMEM108|STX7|KIF2C|MAP2K1|TRAF6|GPC4|CPLX1|GPC6|NETO2|ZDHHC2|RDX|ZDHHC3,https://www.gsea-msigdb.org/gsea/msigdb/human/geneset/GOBP_REGULATION_OF_RECEPTOR_LOCALIZATION_TO_SYNAPSE,30,ENR,GOBP_REGULATION_OF_RECEPTOR_LOCALIZATION_TO_SYNAPSE,1,1E-3,GOBP_REGULATION_OF_RECEPTOR_LOCALIZATION_TO_SYNAPSE,FALSE,GOBP_REGULATION_OF_RECEPTOR_LOCALIZATION_TO_SYNAPSE
10,3,3,3,0.999,,1E-3,,BMP4|DDR2|XBP1|FAT1|GNA12|FGF9|DOCK7|PTPN1|PRKG1|DOCK5|ADIPOQ|DDIT3|DOCK4|IGFBP5|NR4A3|PDGFB|MAP3K7|MEF2C|ADAMTS1|GRB10|PAK1|NFE2L2|SSH1|NF1|TPM1|TERT|MYOCD|MDM2,https://www.gsea-msigdb.org/gsea/msigdb/human/geneset/GOBP_VASCULAR_ASSOCIATED_SMOOTH_MUSCLE_CELL_MIGRATION,28,ENR,GOBP_VASCULAR_ASSOCIATED_SMOOTH_MUSCLE_CELL_MIGRATION,1,1E-3,GOBP_VASCULAR_ASSOCIATED_SMOOTH_MUSCLE_CELL_MIGRATION,FALSE,GOBP_VASCULAR_ASSOCIATED_SMOOTH_MUSCLE_CELL_MIGRATION
12,3,3,3,0.999,,1E-3,,CHRNB2|SNCG|SLC18A2|HTR2A|DRD2|CHRNA4|COMT|DRD3|PINK1|KPNA4|OPRK1|GDNF|ABAT|SNCA|CHRNA6|KCNA2|SYT1|GABBR1|CXCL12|NPY2R|GRM2|FGF20|GNAT1|TGM2|SYT11|SYT4|DTNBP1|PRKN,https://www.gsea-msigdb.org/gsea/msigdb/human/geneset/GOBP_DOPAMINE_SECRETION,28,ENR,GOBP_DOPAMINE_SECRETION,1,1E-3,GOBP_DOPAMINE_SECRETION,FALSE,GOBP_DOPAMINE_SECRETION
1,3,3,3,0.999,,1E-3,,TGFB1|ABI2|FZR1|FGF2|BFSP1|WNT7B|BFSP2|WNT7A|CRYGB|CRYGD|NF2|WNT5B|HSF4|KDM5B|ATF4|PROX1|MAF|SPRED1|SPRED2|SPRED3|CDKN1B|TMOD1|NTRK3|SPRY1|SPRY2|TBC1D20|PLAAT1|SMAD3|PLAAT3|PITX3|EPHA2|SKIL|TDRD7|SIX3|CDKN1C|FRS2|VIM|ZEB2,https://www.gsea-msigdb.org/gsea/msigdb/human/geneset/GOBP_LENS_FIBER_CELL_DIFFERENTIATION,38,ENR,GOBP_LENS_FIBER_CELL_DIFFERENTIATION,1,1E-3,GOBP_LENS_FIBER_CELL_DIFFERENTIATION,FALSE,GOBP_LENS_FIBER_CELL_DIFFERENTIATION
2,3,3,3,0.999,,1E-3,,CHD5|ELAVL4|EOMES|NKX2-1|DRD2|RAC1|RAC3|TOX|DRD1|PAFAH1B1|OPHN1|CNTN2|C21ORF91|DLX1|EMX1|DLX2|PSEN1|ID4|HES1|ARX|ZNF335|SIN3A|HPRT1|PEX5|LHX6|NR2E1|ASCL1,https://www.gsea-msigdb.org/gsea/msigdb/human/geneset/GOBP_CEREBRAL_CORTEX_NEURON_DIFFERENTIATION,27,ENR,GOBP_CEREBRAL_CORTEX_NEURON_DIFFERENTIATION,1,1E-3,GOBP_CEREBRAL_CORTEX_NEURON_DIFFERENTIATION,FALSE,GOBP_CEREBRAL_CORTEX_NEURON_DIFFERENTIATION
52,3,3,3,0.999,,1E-3,,ADGB|AXDND1|DPY19L2|ICA1L|ADCY10|IQCN|PMFBP1|PTX3|RNF17|SPACDR|SPATA16|SPEM3|AKT1|SUN5|TSSK1B|TSSK3|TUBA8|ZMYND15|BBS4|DEAF1|RAN|PAFAH1B1|CCNB1|CEP131|ROPN1B|SEPTIN14|GSK3A|DEFB1|IGF1|IGF2|DZIP1|MTOR|DLD|RNF2|DCST1|TPST2|SMAD5|MSH2|NPR2|GMCL1|GMCL2|LYZL4|LYZL6|PLA2G3|PRDM1|FUT6|GARIN4|SEMG1|SEMG2|PACRG|BNC1|DAZL|BBS2|DDX25|PANK2|SIX5|DND1|ADGRG2|CEP57|FOXL2|LIN28A|LSM14B|NANOS1|NANOS2|NANOS3|PIWIL1|PIWIL2|RBM46|SLC22A14|SLC26A3|DNMT3A|DNMT3L|PIK3CA|KMT2D|TUT4|TUT7|PCSK4|FSHR|ZAR1|VPS54|EPC1|ABHD2|SIRT2|PRDM14|FMN2|TARBP2|BCAS2|BRDT|ASPM|KAT5|INHBB|CELF1|CELF4|CFAP69|ACVR1|VDAC3|HORMAD1|CDC25B|DDX20|YTHDF2|BRCA2|BRIP1|CDKN1C|C14ORF39|PANX1|DMC1|RNF8|SHB|HSPA2|IFT56|HMGB2|UBE2J1|SMARCA2|IFT81|SPEF2|TTC21A|KASH5|SPINK1|RAB24|MAJIN|MARF1|MCMDC2|MEIOC|SPDYA|TBC1D20|TRIM28|FIGLA|SOHLH1|SOHLH2|ZGLP1|BMPR1B|STK33|TUBB8|REC8|ROPN1|ROPN1L|ANGPT2|GALNTL5|SPO11|TERB2|TRIP13|METTL3|YIF1B|CATSPERZ|FXR1|CTNNB1|RPS6KB1|HOOK1|DYNLL1|NME5|EHMT2|ERCC1|EREG|OCA2|TBPL1|SPAG6|FBXO5|PRMT7|LRRC46|GLI1|DHH|PRKG1|WASHC5|DCAF13|H1-7|QKI|CCDC62|SLC26A6|WNT4|ZFY|ADAM2|STRA8|SPAM1|CRISP1|DCST2|MLH1|FSIP2|GLIPR1L1|IZUMO1|BMP4|LLCFC1|PAQR7|PAQR8|SPACA5|PDE3A|SPACA6|SPATA46|SPESP1|TMEM95|WDR54|NPM2|CCR6|CFAP206|NPPC|TSSK4|DRC1|DDX6|IQCF1|CD9|CFAP221|KLHL10|CFAP54|SPAG16|SRC|H3-3A|H3-3B|FREY1|SUFU|SRPK1|PTCH1|UBE2B|KLC3|RETN|AURKA|BAX|FER|BCL2|FOLR2|BCL2L1|EQTN|STAU1|CCDC159|CEP128|CFAP119|CFAP157|RPS6KA2|CFAP47|CFAP53|CFAP57|CIB1|CFAP61|CFAP65|CFAP97D1|FZD4|DNAH1|GDF9|YTHDC2|DNALI1|DNHD1|SELENOF|DRC7|MEIG1|TTC12|TTLL5|ZMYND12|OSBP2|CTCF|STRBP|BBOF1|SERPINA5|TAF4B|JAM2|CAPZA3|JAM3|EDN1|EDNRA|KIT|WDR77|WT1|FANCG|YTHDC1|ANG|MDK|ZNF830|ADAD1|FAM9B|ADAD2|FAM9C|RSPH1|IHH|ARMC2|CCDC146|CCER1|ING2|ZAR1L|CFAP43|CFAP44|CHD5|DMRTC2|PSME4|PYGO1|PYGO2|SYCP3|TSSK6|PTN|RSPH6A|WEE2|CATSPER2|CATSPER3|CATSPER4|KAT8|SEPTIN4|SPAG17|ARMC12|NSUN2|ARID4A|ARID4B|PRKACA|NECTIN2|CDYL|DDX4|DIRAS3|EED|DMRT1|PLD6|TNFAIP6|GPR149|ARMC3|MOV10L1|AFF4|RXFP2|MTA2|MYCN|NDN|TCP11|BSPH1|CABYR|CATSPERD|CATSPERE|ZP3|EFCAB9|CFTR|ELSPBP1|FNDC3A|NUP210L|CTCFL|NOBOX|PAQR5|TDRD1|TDRD12|SLIRP|TDRD5|ZDBF2|SBF1|ZFP57|KDM1B|TDRD6|TDRD7|NOX5|TDRKH|PPP2R1A|ADAM7|FBXW11|PDILT|ZBTB16|CFAP58|ACRBP|AGFG1|EIF4G3|AGFG2|MKKS|RHBDD1|CCDC136|CCDC38|RIMBP3|CCDC42|RIMBP3C|CHN2|SLC9A8|TTLL1|CYLC1|DCAF17|KDM3A|LGR5|MEIOSIN|GARIN1A|GARIN1B|GARIN3|YBX2|IZUMO3|KIAA0319L|KNL1|PDCL2|PFN4|TPGS1|ATM|PLN|POC1B|NEURL1|RFX2|AMH|SOX30|SPACA1|SPINK2|PITHD1|MAST2|CFAP52|MNS1|SPACA3|INHBA|FOLR1|FOLR3|TMF1|TMPRSS12|VPS13B|ZPBP|ZPBP2|RARA|TBC1D21|ETV5|HEXB|CCDC63|CCNB1IP1|STAU2|NODAL|IHO1|DIAPH2|MEI4|TMEM119|PAEP|FOXO3|REC114|SYCP1|NPHP1|MECP2,https://www.gsea-msigdb.org/gsea/msigdb/human/geneset/GOBP_CELLULAR_PROCESS_INVOLVED_IN_REPRODUCTION_IN_MULTICELLULAR_ORGANISM,415,ENR,GOBP_CELLULAR_PROCESS_INVOLVED_IN_REPRODUCTION_IN_MULTICELLULAR_ORGANISM,1,1E-3,GOBP_CELLULAR_PROCESS_INVOLVED_IN_REPRODUCTION_IN_MULTICELLULAR_ORGANISM,FALSE,GOBP_CELLULAR_PROCESS_INVOLVED_IN_REPRODUCTION_IN_MULTICELLULAR_ORGANISM
24,3,3,3,0.999,,1E-3,,ZNF365|ABCD1|DOCK10|SLC30A1|ABI2|FYN|MTMR2|CFL1|CHRNA7|ITGA3|ADCY10|ARHGAP33|NMNAT1|TANC1|ZNF804A|ATP1A3|DIP2A|ABI3|KIFBP|CAMK2B|WASL|LRP8|PTEN|GPRASP3|LGMN|PAFAH1B1|CDC42|EEF2K|EPHA4|SIPA1L1|ARF1|PDLIM5|DBN1|GSK3B|GRIN2B|HDAC6|IGF1R|PSEN1|HOMER1|INS|INSR|PTPRD|NEDD9|CTTN|PRNP|ABHD17B|CAPRIN2|DCTN1|MAP1A|DTNBP1|EPHB2|CUX2|PAK3|LZTS3|EFNA1|TREM2|NGEF|WNT7A|KIF1A|DHX36|NMNAT2|ARC|NMNAT3|RELN|FCGR2B|STAU2|ARMCX5-GPRASP2|APP|DVL1|SRCIN1|ABCD2|EPHB1|NLGN1|ARHGAP44|CTNND2|PICK1|VPS35|PLS1|PPFIA2|SHANK1|ITPKA|SHANK3|DLG4|IL1RAPL1|ZMYND8|CDK5|CDK5R1|BAIAP2|LRRK2|ZDHHC15|APOE|CAPRIN1|EPHB3|TANC2,https://www.gsea-msigdb.org/gsea/msigdb/human/geneset/GOBP_NEURON_PROJECTION_ORGANIZATION,94,ENR,GOBP_NEURON_PROJECTION_ORGANIZATION,1,1E-3,GOBP_NEURON_PROJECTION_ORGANIZATION,FALSE,GOBP_NEURON_PROJECTION_ORGANIZATION
13,3,3,3,0.999,,1E-3,,SCN10A|SCN1A|GABRA2|GRIA4|KCNJ8|GABRA5|KCNQ5|GABRB1|GRIA1|GRIN3B|KCNC2|GABRR1|GLRA1|KCNMB4|KCNA4|KCTD16|KCNC1|KCNJ3|GRIN2B|GRIN2D|CASR|KCNA2|GABBR1|GRIK4|HTR3A|GRIA3|GRIK2|GRIK3|GRIK5|KCNJ11|KCNJ9,https://www.gsea-msigdb.org/gsea/msigdb/human/geneset/GOBP_REGULATION_OF_PRESYNAPTIC_MEMBRANE_POTENTIAL,31,ENR,GOBP_REGULATION_OF_PRESYNAPTIC_MEMBRANE_POTENTIAL,1,1E-3,GOBP_REGULATION_OF_PRESYNAPTIC_MEMBRANE_POTENTIAL,FALSE,GOBP_REGULATION_OF_PRESYNAPTIC_MEMBRANE_POTENTIAL
41,3,3,3,0.999,,1E-3,,TNFAIP3|HMOX1|CFLAR|FAIM|ITPRIP|PEA15|HMGB2|PARK7|FAIM2|BRCA1|TMBIM1|BCL2L1|ARHGEF2|FGG|GSK3B|GPX1|RNF34|HGF|SERPINE1|BMP5|NOS3|SFRP2|ICAM1|DDX3X|RAF1|FGA|FGB|RFFL|GRINA,https://www.gsea-msigdb.org/gsea/msigdb/human/geneset/GOBP_NEGATIVE_REGULATION_OF_EXTRINSIC_APOPTOTIC_SIGNALING_PATHWAY_VIA_DEATH_DOMAIN_RECEPTORS,29,ENR,GOBP_NEGATIVE_REGULATION_OF_EXTRINSIC_APOPTOTIC_SIGNALING_PATHWAY_VIA_DEATH_DOMAIN_RECEPTORS,1,1E-3,GOBP_NEGATIVE_REGULATION_OF_EXTRINSIC_APOPTOTIC_SIGNALING_PATHWAY_VIA_DEATH_DOMAIN_RECEPTORS,FALSE,GOBP_NEGATIVE_REGULATION_OF_EXTRINSIC_APOPTOTIC_SIGNALING_PATHWAY_VIA_DEATH_DOMAIN_RECEPTORS
2,3,3,3,0.999,,1E-3,,BMERB1|GLI3|NKX2-1|EFHC1|PEX13|SOCS7|SRGAP2|LRP8|PAFAH1B1|DISC1|RHOA|FGF13|PSEN1|CTNNB1|SUN2|SYNE2|ARX|LAMB1|CDK5R2|ZMIZ1|ADGRG1|P2RY12|LHX6|FOXG1|HTR6|DAB1|POU3F3|DAB2IP|DIXDC1|RAC1|RELN|COL3A1|ROBO1|RTN4|MDGA1|NDEL1|POU3F2|SRGAP2C|CDK5|EGFR|CDK5R1|SUN1|WDR47|SLIT2|PEX5|FBXO45|CCDC141|MBOAT7|NR2E1,https://www.gsea-msigdb.org/gsea/msigdb/human/geneset/GOBP_CEREBRAL_CORTEX_CELL_MIGRATION,49,ENR,GOBP_CEREBRAL_CORTEX_CELL_MIGRATION,1,1E-3,GOBP_CEREBRAL_CORTEX_CELL_MIGRATION,FALSE,GOBP_CEREBRAL_CORTEX_CELL_MIGRATION
1,3,3,3,0.999,,1E-3,,IRX5|CNTF|NRL|THY1|CALB1|RPGRIP1|SAMD11|SDK2|DLL1|PTF1A|ROM1|HCN1|RORB|BBS4|DSCAM|THRB|AHI1|BBS10|LARGE1|RDH13|HIPK1|HIPK2|TFAP2A|SAMD7|NECTIN3|PTPRM|FJX1|RHO|RP1|USH1C|RS1|ATP8A2|IHH|NAGLU|VSX1|CDON|STAT3|MAN2A1|NOTCH1|IMPG2|TFAP2B|TTC8|SLC1A1|CRB1|CRB2|PROX1|FOXN4|LHX1|MEGF11|PRDM1|PROM1|ARL6|GNAT2|SDK1|NDP|NTRK2|DIO3|TSPAN12|RBP4|FAT3|RPGRIP1L|ZHX2|VSX2|PDE6C|GNAT1|SOX9|CABP4|SOX8|LRP5|MFSD2A,https://www.gsea-msigdb.org/gsea/msigdb/human/geneset/GOBP_RETINA_MORPHOGENESIS_IN_CAMERA_TYPE_EYE,70,ENR,GOBP_RETINA_MORPHOGENESIS_IN_CAMERA_TYPE_EYE,1,1E-3,GOBP_RETINA_MORPHOGENESIS_IN_CAMERA_TYPE_EYE,FALSE,GOBP_RETINA_MORPHOGENESIS_IN_CAMERA_TYPE_EYE
7,3,3,3,0.999,,1E-3,,HDGFL2|TAF9B|WNT3A|INO80|MAP3K13|CFL1|ADCY10|BRAT1|PSMD10|FN1|NGF|AKT1|RIMS2|MLST8|RND2|MAP2K5|SHTN1|MAP1B|PAFAH1B1|CDC42|NTN1|SFN|CDH4|CRK|DERL2|HPN|IGF1|LIMK1|INS|RPTOR|CXCL12|CXCL16|EIF4G1|CDKN2AIP|BDNF|F2|MTOR|KLHL22|H3-3A|CSNK2A3|H3-3B|NEDD4L|PABIR1|SRF|CYBA|SEMA7A|SMAD7|CEP43|EIF4G2|VEGFA|BMPR2|SLC9A1|BCL2|PLAA|PARP2|DNPH1|SFRP1|CIB1|TRPV2|DDX3X|CD38|CACNG7|IST1|RIMS1|SYT4|ZNF639|ERBB2|GDI1|SYT17|UNC13A|DDX49|SMURF1|EDN1|DSCAM|EFNA5|CDKL5|DISC1|L1CAM|SPHK1|EXTL3|EXOSC4|BCL11A|NCBP1|MEGF8|MMP14|NRG1|SLC25A33|NTRK3|ANAPC2|PAK1|SYT1|SLC44A4|SYT2|HYAL1|SYT3|TNFRSF12A|UCN|SFRP2|TRIM32|EXOSC2|EXOSC9|SEMA4D|CRABP2|PRKN|MTPN|MAPT|ITSN2|SDCBP|NRP1|MAPKAP1|ADNP|SLC23A2|YAP1|PRR5|RPS6KA1|GOLGA4|ADAM10|AKAP6|ADAM17|RUFY3|ARMC12|CPNE5|MUL1|S100A8|CPNE6|RICTOR|S100A9|SEMA5A|AVP|CPNE9|TGFBR1|AVPR1A|H3-5|IGFBP1|IL2|CSNK2A1|HBEGF|ISLR2|KRT17|PUM2|ACSL4|LGI1|ZFYVE27|RPS6KA3|PRSS2|TWF2|EGFR|LPAR3|RNF157|KDM2B|WNT3|MACF1|TEAD1|SUPV3L1|RASAL1|MFSD2A|TRPC5|TGFB2,https://www.gsea-msigdb.org/gsea/msigdb/human/geneset/GOBP_POSITIVE_REGULATION_OF_CELL_GROWTH,158,ENR,GOBP_POSITIVE_REGULATION_OF_CELL_GROWTH,1,1E-3,GOBP_POSITIVE_REGULATION_OF_CELL_GROWTH,FALSE,GOBP_POSITIVE_REGULATION_OF_CELL_GROWTH
6,3,3,3,0.999,,1E-3,,LAMA5|TIFAB|TASOR|NRP2|FZD5|NRP1|TDRD1|TDRD5|HOXD8|PCSK6|BASP1|TBX3|TDRD6|TDRD7|WT1|TDRKH|WNT5A|NCKAP1|CRIPTO|FRS2|PLD6|SHH|SEMA3F,https://www.gsea-msigdb.org/gsea/msigdb/human/geneset/GOBP_BLASTODERM_SEGMENTATION,23,ENR,GOBP_BLASTODERM_SEGMENTATION,1,1E-3,GOBP_BLASTODERM_SEGMENTATION,FALSE,GOBP_BLASTODERM_SEGMENTATION
9,3,3,3,0.999,,1E-3,,SYT7|PRRT2|RAB3A|RPH3A|RPH3AL|ANKRD27|SPHK1|ZNRF1|ZNRF2|ANXA1|ANXA2|CPLANE2|CPLX2|CPLX4|SNCA|C2CD5|CORO1A|DOC2A|SYT1|DOC2B|SLAMF1|SYT13|SYT2|ERC2|SYT3|SYT5|SYT8|SYT9|TBC1D4|STXBP1|GRIK5|CPLX1|SYT11|SYT4,https://www.gsea-msigdb.org/gsea/msigdb/human/geneset/GOBP_REGULATION_OF_VESICLE_FUSION,34,ENR,GOBP_REGULATION_OF_VESICLE_FUSION,1,1E-3,GOBP_REGULATION_OF_VESICLE_FUSION,FALSE,GOBP_REGULATION_OF_VESICLE_FUSION
,3,3,3,0.999,,1E-3,,SCN1A|FXN|POU4F1|PRRT2|SLURP1|ADARB1|PNKD|GCH1|HEXA|GLRA1|TMEM150C|CLN8|GBX1|ATP8A2|TCF15|LARGE1|CNTNAP1|GAA|MECP2,https://www.gsea-msigdb.org/gsea/msigdb/human/geneset/GOBP_NEUROMUSCULAR_PROCESS_CONTROLLING_POSTURE,19,ENR,GOBP_NEUROMUSCULAR_PROCESS_CONTROLLING_POSTURE,1,1E-3,GOBP_NEUROMUSCULAR_PROCESS_CONTROLLING_POSTURE,FALSE,GOBP_NEUROMUSCULAR_PROCESS_CONTROLLING_POSTURE
7,3,3,3,0.999,,1E-3,,THY1|CDH1|WNT3A|GDI1|TRAK2|TRIM46|SPP1|EFNB3|RNF6|EPHA7|PTEN|WNT5A|SPART|SYNGAP1|NTN1|FGF13|BCL11A|DIP2B|HDAC6|PSEN1|ARHGAP4|KIAA0319|SEMA3G|MT3|SEMA4F|EPHB2|SEMA6C|SEMA6D|ULK1|ULK2|DAB1|NRP1|MAG|PLXNA3|CDKL3|DCC|FSTL4|IFRD1|PTPRS|RGMA|MAP2|RUFY3|DRAXIN|RTN4|RTN4R|RYK|SEMA3F|LRP4|SEMA5A|MCF2|SLIT1|CDK5|TNR|WNT3,https://www.gsea-msigdb.org/gsea/msigdb/human/geneset/GOBP_NEGATIVE_REGULATION_OF_AXONOGENESIS,54,ENR,GOBP_NEGATIVE_REGULATION_OF_AXONOGENESIS,1,1E-3,GOBP_NEGATIVE_REGULATION_OF_AXONOGENESIS,FALSE,GOBP_NEGATIVE_REGULATION_OF_AXONOGENESIS
156,3,3,3,0.999,,1E-3,,SUV39H1|BEND3|RRP8|POLR1B|DDX11|USP36|MACROH2A1|BAZ2A|PHF8|NOLC1|SIRT1|SMARCA5|EMG1|SIRT2|RPS19|RRN3|ACTR6|PHF2,https://www.gsea-msigdb.org/gsea/msigdb/human/geneset/GOBP_NUCLEOLUS_ORGANIZATION,18,ENR,GOBP_NUCLEOLUS_ORGANIZATION,1,1E-3,GOBP_NUCLEOLUS_ORGANIZATION,FALSE,GOBP_NUCLEOLUS_ORGANIZATION
3,3,3,3,0.999,,1E-3,,BMP4|HAND2|HIF1A|FOXA1|WNT11|FOXF2|PITX2|CFL1|SIX1|NKX2-1|WNT8A|TCF21|TBX5|KBTBD8|MARK1|RDH10|CDC42|SPRED1|SPRED2|SPRED3|LAMA5|PPP2CA|GSK3B|HPN|SPRY1|SPRY2|IGF1|RBPJ|RGCC|PPP3R1|USF3|BAMBI|MTOR|OVOL2|HEY1|HEYL|SIX2|SMO|TMEM100|NRTN|EFNA1|FOXC1|NCAM1|EOMES|COL1A1|DAB2IP|EDN3|EDNRB|VEGFA|EMP2|RFLNB|SERPINB3|HEY2|TBX20|BCL2|GATA3|RPS7|RADIL|TBX3|ADIPOR1|GREM1|GSC|IL1B|BCL9L|ADAM15|OLFM1|FGFR2|TCOF1|EDN1|EDNRA|NOTCH4|KITLG|ELL3|ERBB4|PTEN|VASN|SDHAF2|EZH2|RANBP3L|MEF2C|MDK|NRG1|SP6|GDNF|WNT10A|NRP2|HGF|HNRNPAB|OTUD5|PDCD4|LOXL2|DAB2|SEMA3A|SEMA3B|SEMA3C|SFRP2|SEMA3D|SEMA3E|SNAI1|SEMA3G|SEMA4B|SEMA4C|SEMA4D|SEMA4F|CITED2|SEMA4G|SEMA5B|SEMA6A|SEMA6B|SEMA6C|SEMA6D|POLR1B|SDCBP|WNT16|MSX1|EPB41L5|MSX2|PTK2|WWTR1|PAX2|AMER1|TBX1|ZNF703|KAT8|RET|SNAI2|AXIN2|ROCK1|RTN4|SHH|ENG|SOX10|TGFBR1|DACT3|SLC39A6|KLHL12|ALX1|PHACTR4|BMP7|NOLC1|LRP6|CUL7|BMP2|ARB2A|ZNF750|FGF10|FGF8|SPSB3|SOX8|TGFB2|HMGA2|PDCD6|PEF1|EPHA3|FN1|KDM1A|MAD2L2|LIMS1|WNT5A|TRIM62|ACVR1|TIAM1|FAM83D|TASOR|S100A4|SMAD3|DDX17|TGFBR3|CDH2|FRZB|TNXB|DLG5|DDX5|EFNB1|LOXL3|LDLRAD4|SMAD2|SEMA7A|OSR1|SMAD7|TGFB3|MCRIP1|CORO1C|FOXC2|NOG|WNT2|FOXA2|SFRP1|TRIM28|TWIST1|AMELX|HAS2|ACVRL1|APLF|JAG1|PDPN|DSG2|EPHA4|POFUT2|CYP26C1|AGT|FUZ|BMPR1A|TGFB1I1|CTNNB1|EXT1|TCF7L2|HES1|TGFBR2|FOLR1|ISL1|SMAD4|HDAC2|TAPT1|ZEB2|AKNA|TGFB1|NOTCH1|FGFR1|NRP1|GATA5|HTR2B|CRB2|ADAM8|QKI|SEMA3F|SEMA5A|LEF1|SLC39A10|FBXL17|IL6|IL17RD|BMP5|TGFBR3L|ALDH1A2|FBXO11|ROCK2|MAPK1|MAPK3|SEMA4A|FERMT2|WNT4|FGF19|STAT1|SOX9|GCNT2|GLIPR2|LRG1|ZFP64,https://www.gsea-msigdb.org/gsea/msigdb/human/geneset/GOBP_MESENCHYMAL_CELL_DIFFERENTIATION,249,ENR,GOBP_MESENCHYMAL_CELL_DIFFERENTIATION,1,1E-3,GOBP_MESENCHYMAL_CELL_DIFFERENTIATION,FALSE,GOBP_MESENCHYMAL_CELL_DIFFERENTIATION
136,3,3,3,0.999,,1E-3,,ACTB|ACTL6A|ACTL6B|KAT7|ARID1A|ARID1B|ARID2|SMARCA2|SMARCA4|SMARCB1|BCL7A|SMARCC1|BCL7B|SMARCC2|BCL7C|SMARCD1|SMARCD2|SMARCD3|BRD7|SMARCE1|CUL4A|PBRM1|HMGB1|DPF1|PHF10|DPF2|DPF3|ERCC8|RAD52,https://www.gsea-msigdb.org/gsea/msigdb/human/geneset/GOBP_REGULATION_OF_NUCLEOTIDE_EXCISION_REPAIR,29,ENR,GOBP_REGULATION_OF_NUCLEOTIDE_EXCISION_REPAIR,1,1E-3,GOBP_REGULATION_OF_NUCLEOTIDE_EXCISION_REPAIR,FALSE,GOBP_REGULATION_OF_NUCLEOTIDE_EXCISION_REPAIR
43,3,3,3,0.999,,1E-3,,HOXA3|HMGA2|WNT11|TP63|CITED1|RARB|RARG|DGCR8|KAT7|FGF9|KDM1A|ZFP36L1|GLI3|CCNE1|CD109|PDCD2|GJA1|VEGFC|KITLG|RUNX2|ELL3|WNT10B|WNT5A|SOX18|PRRX1|IRF6|SFN|THPO|PTPRC|OSR2|WNT1|CTNNB1|RBPJ|TGFBR2|SIRT6|NF1|FERMT1|TERT|KDR|CDKN2C|OVOL2|SHOX2|ATXN1L|TGFB1|NOTCH1|FGF2|FGFR1|PIM1|PTCH1|NF2|KDF1|TSC22D1|YAP1|EIF2AK2|HMGB2|SNAI2|LTBP3|N4BP2L2|ACE|EPCAM|SOX11|SHH|HMX2|TGFBR1|NFIB|CEBPA|FBLN1|OVOL1|TP53|PBX1|SOX17|TBX3|HNRNPU|AGO3|FERMT2|FGF10|FGF8|SOX9|NR2E1|NANOG,https://www.gsea-msigdb.org/gsea/msigdb/human/geneset/GOBP_REGULATION_OF_STEM_CELL_PROLIFERATION,80,ENR,GOBP_REGULATION_OF_STEM_CELL_PROLIFERATION,1,1E-3,GOBP_REGULATION_OF_STEM_CELL_PROLIFERATION,FALSE,GOBP_REGULATION_OF_STEM_CELL_PROLIFERATION
52,3,3,3,0.999,,1E-3,,PFN4|TPGS1|BBOF1|POC1B|BBS2|CFAP206|NEURL1|DRC1|BBS4|YIF1B|CEP131|CFAP69|CFAP221|CFAP54|SPAG16|VDAC3|MNS1|DZIP1|ARMC2|CCDC146|CFAP43|CFAP44|TBC1D21|SPAG6|LRRC46|RSPH6A|UBE2B|CFAP58|KLC3|IFT81|SPEF2|ARMC12|CCDC38|PLA2G3|TTLL1|CCDC159|CEP128|CFAP119|CFAP157|CFAP47|CFAP53|CFAP57|CFAP61|CFAP65|CFAP97D1|DNAH1|DNALI1|DNHD1|DRC7|MEIG1|TTC12|TTLL5|FSIP2|PDCL2|ZMYND12,https://www.gsea-msigdb.org/gsea/msigdb/human/geneset/GOBP_SPERM_FLAGELLUM_ASSEMBLY,55,ENR,GOBP_SPERM_FLAGELLUM_ASSEMBLY,1,1E-3,GOBP_SPERM_FLAGELLUM_ASSEMBLY,FALSE,GOBP_SPERM_FLAGELLUM_ASSEMBLY
,3,3,3,0.999,,1E-3,,GRP|BORCS7|GABRB3|NR3C1|DPP4|GBA1|SLC1A1|VPS13A|ORMDL1|ORMDL3|PFKFB3|BCL7A|MFSD8|FMC1|IGLON5|SPG11|B4GALNT1|GMPPA|TUBA1A|GRPR|KCNQ3|EXT1|ADARB1|ATP1B2|VPS54|WDR47|C12ORF57|PRKAA1|SGSH|DCTN1|LONRF2|ELP6|MFSD2A|NAGLU,https://www.gsea-msigdb.org/gsea/msigdb/human/geneset/GOBP_MOTOR_BEHAVIOR,34,ENR,GOBP_MOTOR_BEHAVIOR,1,1E-3,GOBP_MOTOR_BEHAVIOR,FALSE,GOBP_MOTOR_BEHAVIOR
2,3,3,3,0.999,,1E-3,,REST|THY1|HMGA2|CDH1|WNT3A|LHX2|SPP1|TLR2|YWHAH|DYNLT1|MYCN|TRIM11|B2M|EFNB3|RAPGEF2|WNT5A|PTPN13|SYNGAP1|NTN1|PAX6|APPL2|PSEN1|GATA2|PITX3|BRINP1|F2|MT3|NR1D1|EPHB2|IDH2|MAG|CDKL3|KIFAP3|PCM1|DCC|DUSP10|ID2|FSTL4|IFRD1|PRTG|PROX1|MAP2|SORL1|TLX2|SOX11|DLX1|DLX2|GPR37L1|NKX6-2|NOG|TP53|CDK5|RB1|BTG2|IL1B|SYT4|DAAM2|RNF10|SKI|GDI1|TRAK2|TRIM46|GORASP1|ATOH1|CERS2|RNF6|EPHA7|PTEN|CBLN1|DRD3|DKK1|NKX6-1|ABCC8|SPART|FGF13|BCL11A|BMPR1A|DIP2B|HDAC6|DICER1|NTRK3|CTNNB1|ID4|HES1|ARHGAP4|HES5|LIN28A|TNF|NF1|DNAJB11|KIAA0319|HOOK3|SEMA3G|TSPO|SEMA4F|SEMA6C|SEMA6D|TGFB1|NOTCH1|TREM2|ULK1|ULK2|DAB1|NRP1|WNT7A|NF2|DPYSL5|PTN|PLXNA3|CLSTN3|PTPRS|RGMA|RUFY3|DRAXIN|ROBO2|RTN4|RTN4R|NFATC4|RYK|SEMA3F|LRP4|SEMA5A|SOX10|MCF2|ASCL2|IL6|SLIT1|PPP3CA|LDLR|TNR|BMP7|CTNNA1|ELAPOR2|KCTD11|CCL11|SIRT2|VAX1|WNT3|CTDSP1|VSX2|DLL3|TMEM98|NR2E1|TRPC5|TRPC6,https://www.gsea-msigdb.org/gsea/msigdb/human/geneset/GOBP_NEGATIVE_REGULATION_OF_NERVOUS_SYSTEM_DEVELOPMENT,145,ENR,GOBP_NEGATIVE_REGULATION_OF_NERVOUS_SYSTEM_DEVELOPMENT,1,1E-3,GOBP_NEGATIVE_REGULATION_OF_NERVOUS_SYSTEM_DEVELOPMENT,FALSE,GOBP_NEGATIVE_REGULATION_OF_NERVOUS_SYSTEM_DEVELOPMENT
2,3,3,3,0.999,,1E-3,,EPHA5|WNT3A|CFL1|BLOC1S6|SRD5A1|BBS1|SRD5A2|XRN2|BBS2|NCOA1|GLI3|ATG16L1|NKX2-1|ZIC3|BBS4|OGDH|DCLK2|LRP8|PTEN|DRD1|RAN|FEZ1|LARGE1|PAFAH1B1|NEFL|KCNA1|EZH2|KIF14|TSKU|FGF13|CASP3|POMGNT1|MDK|TMEM108|ATAT1|CRK|FXR2|GSK3B|POMT2|CRKL|ATP2B4|HDAC1|FXR1|ID4|LMX1A|CDK5R2|EIF2B5|EMX2|FBXO41|YWHAE|PHLPP2|TSC1|CDK6|KIRREL3|VPS13B|PPP1R9B|UQCRQ|ZEB2|PIANP|SEMA6B|SMO|RARA|SRF|DAB1|ALK|NF2|ZIC1|PLXNA3|RELN|SLC32A1|PTPRS|PROX1|TP73|MKKS|NEUROD1|LHX5|NR4A3|EZH1|DLX1|DLX2|LEF1|TUBA1A|KDM6B|CDK5|CDK5R1|SCT|BCAN|BTG2|NR2E1|XRCC1|MFSD2A|HTR5A,https://www.gsea-msigdb.org/gsea/msigdb/human/geneset/GOBP_HIPPOCAMPUS_DEVELOPMENT,92,ENR,GOBP_HIPPOCAMPUS_DEVELOPMENT,1,1E-3,GOBP_HIPPOCAMPUS_DEVELOPMENT,FALSE,GOBP_HIPPOCAMPUS_DEVELOPMENT
21,3,3,3,0.999,,1E-3,,ANXA1|JCAD|FOXC2|ABL1|FGF2|NRP1|SRPX2|AKT3|GATA2|RHOJ|HMOX1|HDAC9|HDAC7|PTGS2|VEGFA|GREM1|TGFBR3|NUS1|CIB1|PLK2|KDR|FGFBP1|PIK3C2A,https://www.gsea-msigdb.org/gsea/msigdb/human/geneset/GOBP_POSITIVE_REGULATION_OF_CELL_MIGRATION_INVOLVED_IN_SPROUTING_ANGIOGENESIS,23,ENR,GOBP_POSITIVE_REGULATION_OF_CELL_MIGRATION_INVOLVED_IN_SPROUTING_ANGIOGENESIS,1,1E-3,GOBP_POSITIVE_REGULATION_OF_CELL_MIGRATION_INVOLVED_IN_SPROUTING_ANGIOGENESIS,FALSE,GOBP_POSITIVE_REGULATION_OF_CELL_MIGRATION_INVOLVED_IN_SPROUTING_ANGIOGENESIS
31,3,3,3,0.999,,1E-3,,DAAM2|FZD8|SFRP5|WNT11|WNT3A|RNF213|LBX2|MKS1|WNT5B|SMURF1|FZD3|SMURF2|CCDC88C|IFT80|WNT5A|WNT9B|DKK1|CDC42|MAGI2|RHOA|SFRP4|FZD9|TIAM1|FZD1|ZNRF3|ARHGEF19|CSNK1D|DAB2|FRZB|MED12|SFRP2|FZD2|GPC3|NKD1|CELSR1|DACT1|DVL3|DVL2|ABL1|WNT7B|FZD5|WNT7A|FZD10|FZD7|CSNK1E|RAC1|CELSR2|PRICKLE1|SPEF1|ANKRD6|MLLT3|NLK|CTHRC1|NPHP3|RYK|DVL1|RSPO3|MYOC|VANGL2|FZD6|SFRP1|PLEKHA4|CELSR3|DAAM1|PRICKLE2|VANGL1|FZD4|WNT4|TMEM67,https://www.gsea-msigdb.org/gsea/msigdb/human/geneset/GOBP_NON_CANONICAL_WNT_SIGNALING_PATHWAY,69,ENR,GOBP_NON_CANONICAL_WNT_SIGNALING_PATHWAY,1,1E-3,GOBP_NON_CANONICAL_WNT_SIGNALING_PATHWAY,FALSE,GOBP_NON_CANONICAL_WNT_SIGNALING_PATHWAY
27,3,3,3,0.999,,1E-3,,NEUROD2|ATIC|POU4F1|DLL1|PTF1A|NLGN4X|TRNP1|GDF10|ATF5|DLC1|RERE|COMT|SEZ6|ATP7A|KIF14|CLP1|GART|KLHL1|CRK|KCNC1|CRKL|SLC25A46|FLNA|HOXA2|PSEN1|EN1|GATA2|IGF1|PTPN11|EN2|ATP1B2|CBS|LMX1A|COQ8B|OTX1|HNF1B|HOXB3|WLS|ASCL1|EPHB2|SMO|PLXNA2|FOXC1|MYH10|AGTPBP1|ATRN|HAP1|GABRB3|SCN5A|SEC24B|ATF2|HERC1|PROX1|MT-CO1|FCGR2B|BCL2|MT-ND4|MYO16|NEUROG3|NHLH2|SSTR1|NRXN1|GPR37L1|TUBA1A|NOG|TP53|TTLL1|NAV2|MAFB|CDK5|CDK5R1|B4GALT2|RPGRIP1L|FZD4|FKTN|ARCN1|KAT2A|ZNF365|NCOA1|ITGB1|NCOR2|SKOR2|OGDH|HSPA5|PDSS2|SERPINE2|CD3E|CTNNA2|CBLN1|AARS1|KCNE1|AHI1|EZH2|OPHN1|MDK|EGR2|WNT1|CTNNB1|PSMG1|PAK1|SLC6A4|SMAD1|GRID2|HES1|CDK5R2|LDB1|MAP2K1|NANOS1|FOXP2|HOXB1|HOXB2|SEMA4C|PHOX2A|UQCRQ|NAGLU|PIANP|TBR1|GNPAT|ABL1|FGF2|SCRIB|DAB1|WNT7A|CEP290|GLI1|GLI2|GPX4|GBA1|PRKG1|PTPRS|PTBP2|CNTN1|FAIM2|NEUROD1|SPTBN2|LHX1|ARL13B|LHX5|SHH|TTC21B|EPHB1|HNRNPD|KNDC1|SDF4|NFIB|NCSTN|LEF1|ABAT|LPAR1|TTBK2|BMP5|ALDH1A2|WHRN|BMP7|CEND1|KDM2B|RORA|EGF|MECP2,https://www.gsea-msigdb.org/gsea/msigdb/human/geneset/GOBP_HINDBRAIN_DEVELOPMENT,159,ENR,GOBP_HINDBRAIN_DEVELOPMENT,1,1E-3,GOBP_HINDBRAIN_DEVELOPMENT,FALSE,GOBP_HINDBRAIN_DEVELOPMENT
148,3,3,3,0.999,,1E-3,,PHIP|CCL3|FMNL2|CCL7|CFL1|VIL1|PALM|RHOBTB1|RHOBTB2|FGD1|FN1|GNA12|DLG1|FGD2|FGD3|FGD4|FGD5|FGD6|PLXNB2|WDR1|DIAPH1|RHOQ|PLXNB1|PRAG1|LIMD1|COCH|FES|CRK|HPN|CSF1R|S100B|MKLN1|ATP10A|RASA1|BAMBI|F2|LST1|MYH10|FAM171A1|VEGFA|EPS8|GAS2|ARAP1|F11R|SLC26A5|ARHGEF18|ZMPSTE24|FGR|PARVB|PARVG|ARHGAP18|GNA13|YPEL4|HCK|BAIAP2|TPM1|C15ORF62|DMTN|CDC42EP1|CDC42EP2|CDC42EP3|CDC42EP4|CDC42EP5|CYFIP1|FBLIM1|BRWD1|FYN|BRWD3|CFAP410|MARK2|MYL12B|PEAK3|PALMD|ITGA7|STRIP2|WASF3|P2RY1|KIT|ARHGAP35|FMNL1|PDPN|ITGB2|PLEKHO1|SH3KBP1|ARHGAP15|SHROOM3|TBCCD1|ALDOA|PLXND1|CORO1A|MSN|RHOJ|PALM3|MYH9|MYO10|SEPTIN7|SEMA3E|KDR|RDX|SEMA4D|CDC42SE1|CDC42SE2|FMNL3|EZR|PTK2|DNMBP|NF2|PLXNC1|PTK2B|WDPCP|PRPF40A|HEXB|RAC1|RAC2|RAC3|CFDP1|SPTA1|EPB41L3|MYH14|SYNE3|ANXA1|TAOK2|EPB42|ERMN|LPAR1|PARVA|PLXNB3|RHOG|NHERF1|PALM2AKAP2|CCL11|DAPK3|CCL13|SEMA4A|FERMT2|CCL2|RHOU|CCL24,https://www.gsea-msigdb.org/gsea/msigdb/human/geneset/GOBP_REGULATION_OF_CELL_SHAPE,138,ENR,GOBP_REGULATION_OF_CELL_SHAPE,1,1E-3,GOBP_REGULATION_OF_CELL_SHAPE,FALSE,GOBP_REGULATION_OF_CELL_SHAPE
138,3,3,3,0.999,,1E-3,,HESX1|DAXX|MT1A|MT1B|MT1E|CYP1A2|HMOX1|MT1F|MT1G|CER1|MT1H|MT1M|ABCB6|MT1X|MT2A|MT4|CYBB|HSF1|PPP5C|SLC39A8|MT3|SOD1|SUMO1|SLC11A1,https://www.gsea-msigdb.org/gsea/msigdb/human/geneset/GOBP_CELLULAR_RESPONSE_TO_CADMIUM_ION,24,ENR,GOBP_CELLULAR_RESPONSE_TO_CADMIUM_ION,1,1E-3,GOBP_CELLULAR_RESPONSE_TO_CADMIUM_ION,FALSE,GOBP_CELLULAR_RESPONSE_TO_CADMIUM_ION
4,3,3,3,0.999,,1E-3,,BMP4|HIF1A|HESX1|SLC39A12|CFL1|LHX2|SIX1|GLMN|RARG|MKS1|EDA|BRD2|DLC1|RALA|BBS4|EDAR|FZD3|IFT122|ADM|PLXNB2|TGIF1|WNT5A|DEAF1|CASP3|BCL10|NUP50|HNF1B|YWHAZ|MED12|ATOH8|HOXA1|SIX4|TCAP|OVOL2|STK3|DVL2|MTHFD1|PIK3CD|STK4|SUFU|CLUAP1|PTCH1|SEC24B|DAB2IP|IFT172|OSR1|IFT52|VEGFA|IFT57|HAND1|PRICKLE1|PROX1|NCKAP1|CTHRC1|SALL4|SDCCAG8|BCL2L11|PFN1|STIL|MMRN2|GATA3|NOG|RPS7|COBL|TULP3|SDC4|FZD6|SFRP1|TMED2|TWIST1|GREM1|CECR2|KAT2A|SKI|MTHFD1L|APAF1|LMO4|MTHFR|FGFR2|VASP|ARHGAP35|WDR83|HS2ST1|ITGB1BP1|PRKACB|WNT9B|MIB1|LIAS|FUZ|GDNF|LUZP1|CTNNB1|TRIM71|HES5|GRHL3|FOLR1|TRAF6|PTK7|SFRP2|TEAD2|LRP2|TSC1|TSC2|TGM2|SEMA4C|CITED2|ZEB2|IRX1|IRX2|IRX3|TCTN1|CELSR1|GRHL2|WNT6|RARA|ST14|TGFB1|NOTCH1|ABL1|FGF2|SCRIB|CEP290|PAX2|PAX8|PODXL|SPINT2|RET|SPECC1L|RGMA|GDF7|SHH|NFIB|NODAL|CDK20|ALX1|PHACTR4|PRKACA|CC2D2A|BMP5|VANGL2|BMP7|OPA1|KDM2B|SPINT1|EGF|WNT4|FGF10|FGF8|SOX9|KIF20B|SOX8|TGFB2,https://www.gsea-msigdb.org/gsea/msigdb/human/geneset/GOBP_TUBE_FORMATION,152,ENR,GOBP_TUBE_FORMATION,1,1E-3,GOBP_TUBE_FORMATION,FALSE,GOBP_TUBE_FORMATION
28,3,3,3,0.999,,1E-3,,ATM|CCL7|KDM1A|RPL26|HRAS|TSPYL5|XRCC2|XRCC6|TLK2|CDKN1A|GTF2H5|CHEK2|PTPRC|EGR1|GPX1|ELK1|CXCL10|PML|APOBEC1|MEN1|PRKDC|BRCA2|TMEM109|RAD51|PARP1|MDM2|DCUN1D3|MAP3K20|CYBA|CRYAB|FANCD2|YAP1|ATR|HSF1|WRN|XRCC5|BAK1|ZMPSTE24|BAX|LIG4|BCL2|BCL2L1|TIGAR|GATA3|TP53|SOD2|CBL|TREX1|POLB|ERCC6|TOP1|PRKAA1,https://www.gsea-msigdb.org/gsea/msigdb/human/geneset/GOBP_RESPONSE_TO_GAMMA_RADIATION,52,ENR,GOBP_RESPONSE_TO_GAMMA_RADIATION,1,1E-3,GOBP_RESPONSE_TO_GAMMA_RADIATION,FALSE,GOBP_RESPONSE_TO_GAMMA_RADIATION
,3,3,3,0.999,,1E-3,,WDR75|PWP1|ERBB2|BNC1|IPPK|RASL11A|DHX33|MARS1|ATF4|SMARCA4|UBTF|SMARCB1|CARM1|MYBBP1A|DDX21|HEATR1|LYAR|SF3B1|MYO1C|SIRT7|NCL|BAZ1B|DDX11|DEK|WDR43|NOL11|EIF2AK3|PHF8|ERCC6|SMARCA5|UTP15|PIH1D1|MTOR|ACTR6,https://www.gsea-msigdb.org/gsea/msigdb/human/geneset/GOBP_POSITIVE_REGULATION_OF_TRANSCRIPTION_BY_RNA_POLYMERASE_I,34,ENR,GOBP_POSITIVE_REGULATION_OF_TRANSCRIPTION_BY_RNA_POLYMERASE_I,1,1E-3,GOBP_POSITIVE_REGULATION_OF_TRANSCRIPTION_BY_RNA_POLYMERASE_I,FALSE,GOBP_POSITIVE_REGULATION_OF_TRANSCRIPTION_BY_RNA_POLYMERASE_I
4,3,3,3,0.999,,1E-3,,BMP4|MYC|AMPD2|CD2AP|WNT11|LIF|SIX1|DLL1|RARB|WNK4|DLG1|NPNT|GLI3|IQGAP1|CD34|TCF21|ARG2|EFNB2|CAT|LAMA5|MAGED1|CTNNBIP1|MTSS1|PKD1|SPRY1|SMAD3|CER1|GZF1|HOXA11|TMEM59L|HNF1B|SIX4|LZTS2|SALL1|HEYL|SIX2|SMO|SMAD2|FOXC1|HOXD11|POU3F3|TFAP2B|PTCH1|OSR1|SMAD7|BASP1|SMAD5|EDNRB|VEGFA|ADAMTS16|KANK2|PKD2|KLHL3|AGTR2|EPCAM|BCL2|FOXJ1|AQP11|FOXC2|GATA3|NOG|PBX1|NOTCH2|TACSTD2|SDC4|CD24|SFRP1|GREM1|ILK|DCHS1|CALB1|CITED1|JAG1|UMOD|NPHS1|FGFR2|GDF11|EDN1|EDNRA|LGR4|HOXB7|HS2ST1|WT1|EPHA7|WNT2B|HS3ST3A1|WNT9B|AHI1|HS3ST3B1|MAGI2|EPHA4|AGT|FOXD1|MEF2C|GDNF|WNT1|CTNNB1|EXT1|KLF15|AQP1|KIF26B|SMAD1|HES1|HES5|LAMB2|SMAD4|SMAD6|PECAM1|SLC22A1|GPC3|IRX1|IRX2|IRX3|WNT6|RARA|TGFB1|NOTCH1|FGF2|FGFR1|WNT7B|CRLF1|WWTR1|PAX2|PAX8|PODXL|PTPRO|YAP1|SIM1|RET|ACAT1|ADIPOQ|ROBO2|GREB1L|LHX1|SHH|SLC22A6|FGF1|PROM1|ASXL1|BMPER|BMP7|SLIT2|BMP2|EYA1|MYO1E|NPHS2|WNT4|FGF8|STAT1|SOX9|SOX8,https://www.gsea-msigdb.org/gsea/msigdb/human/geneset/GOBP_KIDNEY_EPITHELIUM_DEVELOPMENT,151,ENR,GOBP_KIDNEY_EPITHELIUM_DEVELOPMENT,1,1E-3,GOBP_KIDNEY_EPITHELIUM_DEVELOPMENT,FALSE,GOBP_KIDNEY_EPITHELIUM_DEVELOPMENT
155,3,3,3,0.999,,1E-3,,HMGA2|MIF|FBXO5|FZR1|ABL1|TERF2|TP63|WNT1|AKT3|BCL6|TWIST1|SIRT1|SIRT6|ZKSCAN3|RBL1|PLK2|TERT|PTEN|CDK6|YBX1|BCL2L12|TBX2,https://www.gsea-msigdb.org/gsea/msigdb/human/geneset/GOBP_NEGATIVE_REGULATION_OF_CELLULAR_SENESCENCE,22,ENR,GOBP_NEGATIVE_REGULATION_OF_CELLULAR_SENESCENCE,1,1E-3,GOBP_NEGATIVE_REGULATION_OF_CELLULAR_SENESCENCE,FALSE,GOBP_NEGATIVE_REGULATION_OF_CELLULAR_SENESCENCE
3,3,3,3,0.999,,1E-3,,BMP4|HAND2|HIF1A|CAV3|WNT11|PITX2|POU4F1|SNX17|ADPRHL1|RARB|HECTD1|BMP10|MKS1|DSP|MYH6|FKBP1A|MAML1|MYH7|TBX5|WNT5A|EVA1A|NSD2|ACVR1|ADAMTS1|MYBPC3|GSK3A|MYL2|FOXF1|ANK2|RBPJ|DAND5|MYL3|TGFBR3|MYOCD|PKP2|NKX2-5|OVOL2|FZD2|SALL1|TNNT2|HEY1|SHOX2|RYR2|HEYL|MDM2|MESP1|DLL4|SMO|FOXC1|MYH10|SUFU|SRF|APLNR|ADAMTS19|FGFRL1|SCN5A|SMAD7|ID2|MDM4|HAND1|PROX1|NPRL3|HEY2|TBX20|ZMPSTE24|BMPR2|SMARCD3|SOX11|SALL4|TNNI1|PRDM1|FOXC2|GATA3|NOG|TP53|WNT2|NOTCH2|SAV1|XIRP2|ZFPM2|SOX4|TBX3|FHL2|GJA5|TNNI3|TPM1|TBX2|KCNJ8|LMO4|TRIP11|COL11A1|JAG1|CCN1|FGFR2|STRA6|EDNRA|EGLN1|MEF2C|NACA|MATR3|BMPR1A|NDST1|NRG1|NRP2|FZD1|PLXND1|LUZP1|HES1|TGFBR2|ISL1|MED1|PTK7|SEMA3C|SFRP2|LRP2|ZBTB14|SMAD4|SMAD6|GATA4|TMEM65|AP2B1|HEG1|UBE4B|CITED2|NAGLU|GATA6|GRHL2|RARA|SLIT3|TGFB1|NOTCH1|NPY5R|NRP1|MSX2|CHD7|PAX8|TBX1|PPP1R13L|ZFPM1|ADGRG6|ROBO1|ROBO2|CPE|GREB1L|NPHP3|TNNC1|ENG|CRELD1|DNAH11|TGFBR1|RBM15|PARVA|TEK|ADAMTS6|BMP5|PTCD2|CNTRL|DCTN5|KCNK2|NOS3|VANGL2|RBP4|BMP7|FOXH1|SLIT2|SOS1|BMP2|NPY2R|PDE2A|FGF8|FRS2|HOXA13|TAB1|DHRS3|TGFB2,https://www.gsea-msigdb.org/gsea/msigdb/human/geneset/GOBP_CARDIAC_CHAMBER_DEVELOPMENT,175,ENR,GOBP_CARDIAC_CHAMBER_DEVELOPMENT,1,1E-3,GOBP_CARDIAC_CHAMBER_DEVELOPMENT,FALSE,GOBP_CARDIAC_CHAMBER_DEVELOPMENT
20,3,3,3,0.999,,1E-3,,H6PD|AVPR1B|REST|DKK3|LHCGR|P2RY1|P2RY6|CD244|PLEK|PTH1R|SREBF1|SREBF2|DGKQ|SEC14L2|GPER1|BMP6|SNCA|GPR146|DAB2|ERLIN1|ERLIN2|KPNB1|MBTPS1|SCAP|AQP8|PAQR3|MBTPS2|PRKG1|ADCYAP1R1|CYP7A1|PTH|QKI|FGF1|INSIG1|ABCG1|ABCG4|PRKACA|ABCA2|BMP5|GNAI1|NTSR1|CLCN2|BMP2|MAPK1|LPCAT3|WNT4|APOB|PRKAA1|APOE,https://www.gsea-msigdb.org/gsea/msigdb/human/geneset/GOBP_REGULATION_OF_ALCOHOL_BIOSYNTHETIC_PROCESS,49,ENR,GOBP_REGULATION_OF_ALCOHOL_BIOSYNTHETIC_PROCESS,1,1E-3,GOBP_REGULATION_OF_ALCOHOL_BIOSYNTHETIC_PROCESS,FALSE,GOBP_REGULATION_OF_ALCOHOL_BIOSYNTHETIC_PROCESS
15,3,3,3,0.999,,1E-3,,NR5A1|TNFAIP6|PGR|SGPL1|GPR149|LFNG|PTX3|SRD5A1|SRD5A2|LHCGR|NPPC|INHBB|WNT5A|EIF2B4|PCYT1B|ZP3|CEBPB|CASP3|LHFPL2|TYRO3|ADAMTS1|NUP107|AFP|INSR|EIF2B5|UBB|LEP|BRCA2|DACH2|CYP19A1|VGF|DMC1|FOXC1|IDH1|CASP2|FST|SIRT1|VEGFA|GAS2|NPR2|RETN|ESR1|BAK1|BAX|CGA|BCL2|BCL2L1|TAF4|ZFPM2|NR2F2|SFRP1|TBX3|BMPR1B|FZD4|GDF9|UMODL1|MERTK|ATM|TP63|PTPRN|AXL|SPO11|EIF2B2|NUPR1|GNRH1|STRA6|KIT|NOTCH4|KITLG|WT1|FANCG|AMH|NRIP1|ANG|DMRTA1|FOXL2|MMP14|MMP2|ZNF830|DACH1|HYAL3|INHA|INHBA|LSM14B|LRP2|ZFP42|SMAD4|KDR|UBE3A|EREG|MMP19|TIPARP|CSMD1|SLIT3|NOTCH1|NR5A2|PDGFRA|SCAPER|CHD7|RAC1|FANCA|PLEKHA1|ADCYAP1R1|IMMP2L|ROBO2|LHX1|AMHR2|FANCE|MSH4|FOXO3|FSHR|NOS3|RBP4|SLIT2|CTNNA1|WNT4|STAT5B|ZFY|SOD1|FGF10|LHX9|STAT5A|ARID5B|BCAS2,https://www.gsea-msigdb.org/gsea/msigdb/human/geneset/GOBP_FEMALE_SEX_DIFFERENTIATION,124,ENR,GOBP_FEMALE_SEX_DIFFERENTIATION,1,1E-3,GOBP_FEMALE_SEX_DIFFERENTIATION,FALSE,GOBP_FEMALE_SEX_DIFFERENTIATION
27,3,3,3,0.999,,1E-3,,SMO|ZNF365|GNPAT|ABL1|AGTPBP1|DAB1|DLL1|WNT7A|TRNP1|GLI1|GLI2|SKOR2|DLC1|GBA1|HSPA5|COMT|SERPINE2|ATP7A|HERC1|PROX1|CBLN1|FAIM2|SPTBN2|LHX1|LHX5|KIF14|OPHN1|TTC21B|KNDC1|NRXN1|TUBA1A|TTLL1|SLC25A46|WNT1|PTPN11|CBS|CDK5|GRID2|HES1|COQ8B|WHRN|CEND1|LDB1|MAP2K1|RORA|FOXP2,https://www.gsea-msigdb.org/gsea/msigdb/human/geneset/GOBP_HINDBRAIN_MORPHOGENESIS,46,ENR,GOBP_HINDBRAIN_MORPHOGENESIS,1,1E-3,GOBP_HINDBRAIN_MORPHOGENESIS,FALSE,GOBP_HINDBRAIN_MORPHOGENESIS
,3,3,3,0.999,,1E-3,,NMB|NMBR|AFG3L2|HPN|SHANK1|ZPLD1|CACNG2|NPNT|ALDH1A3|SLC1A1|GLRA1|GLRB|ADRA1A|FOXP2|SLITRK6|DRD3|ASCL1|NPSR1|SCN11A|USP46|TMC1|NR4A3|TMC2,https://www.gsea-msigdb.org/gsea/msigdb/human/geneset/GOBP_REFLEX,23,ENR,GOBP_REFLEX,1,1E-3,GOBP_REFLEX,FALSE,GOBP_REFLEX
5,3,3,3,0.999,,1E-3,,GAP43|CRIPT|LRFN1|ABL1|LRFN4|FGFR1|LRRC4B|IL1RAP|LRRTM2|PTK2B|GRID2|LATS1|PTPRD|ABI3|PTPRS|ARHGEF9|PRICKLE1|CASKIN1|CBLN1|SPTBN2,https://www.gsea-msigdb.org/gsea/msigdb/human/geneset/GOBP_REGULATION_OF_POSTSYNAPTIC_SPECIALIZATION_ASSEMBLY,20,ENR,GOBP_REGULATION_OF_POSTSYNAPTIC_SPECIALIZATION_ASSEMBLY,1,1E-3,GOBP_REGULATION_OF_POSTSYNAPTIC_SPECIALIZATION_ASSEMBLY,FALSE,GOBP_REGULATION_OF_POSTSYNAPTIC_SPECIALIZATION_ASSEMBLY
32,3,3,3,0.999,,1E-3,,MYO19|MAPT|PKD1|TRAK1|TRAK2|MEF2A|HAP1|ATCAY|SLC4A5|EPCIP|KIF5B|DNM1L|OPA1|LRRK2|TSPAN9|MSTO1|CLUH|ARMC1|BHLHA15|MTM1|KAT2A,https://www.gsea-msigdb.org/gsea/msigdb/human/geneset/GOBP_MITOCHONDRION_DISTRIBUTION,21,ENR,GOBP_MITOCHONDRION_DISTRIBUTION,1,1E-3,GOBP_MITOCHONDRION_DISTRIBUTION,FALSE,GOBP_MITOCHONDRION_DISTRIBUTION
9,3,3,3,0.999,,1E-3,,ADORA2B|SYT10|EXPH5|RAB27B|SYTL4|KLRC2|RUFY4|CD177|RAB3A|RPH3A|CD160|RPH3AL|S100A10|SNF8|ITGAM|ITGB2|KCNB1|SNX4|ZP3|CFTR|ANXA2|STAM|VSNL1|STX1A|FGG|STX4|CHMP2A|GAB2|SNCA|GATA1|GATA2|PRKCA|SYT1|HYAL3|CADPS|CDK5R2|CADPS2|SMPD3|IL13|CLASP1|IL4R|RAB7A|CLASP2|TSG101|FGA|FGB|SLC4A8|SYT7|SDCBP|VAMP8|HGS|RAB9A|ATP13A2|IFNG|VPS4A|F2RL1|UNC13D|VPS4B|FCER1G|FGR|PLA2G3|NLGN1|RAB3D|STXBP5|CACNA1B|SCAMP5|PPP3CA|RAB27A|SPHK2|LAMP1|SDC1|DOC2A|SDC4|DOC2B|CDK5|HLA-F|PDCD6IP|RAB15|AP1G1|STXBP1|RAB2B|SYK|RAB5A|SYT4,https://www.gsea-msigdb.org/gsea/msigdb/human/geneset/GOBP_POSITIVE_REGULATION_OF_EXOCYTOSIS,84,ENR,GOBP_POSITIVE_REGULATION_OF_EXOCYTOSIS,1,1E-3,GOBP_POSITIVE_REGULATION_OF_EXOCYTOSIS,FALSE,GOBP_POSITIVE_REGULATION_OF_EXOCYTOSIS
63,3,3,3,0.999,,1E-3,,CASQ2|MTMR2|MTMR4|ATXN2|AKT1|AKT2|NR1H2|GJA1|NR1H3|ATG3|PEA15|GNAO1|B2M|ENPP1|PRKG2|MAP1B|PCSK9|KCNE3|APPL1|APPL2|KCNE5|GRB10|GSK3A|HMGB1|INPP5K|INS|IRS1|IRS2|EPPIN|LEP|CD300LF|CD36|CEACAM1|UNC119|REM1|IDH2|PID1|ISCU|PIP4P2|DRD2|LRPAP1|PLA2G10|ARL6IP5|FCGR2B|TACR2|SELENOS|ANK3|HLA-F|ERBB3|ANXA13|TRAT1|MCTP1|GSTO1|SEMG1|SLC30A1|ATP9A|PLSCR1|TNFRSF1A|PARK7|PTEN|PPIF|DRD4|ACTN2|COMMD1|ARF6|NRG1|ARFIP1|ARHGAP1|ARHGAP8|SNCA|PSMD9|HTR1B|PPM1F|CSK|NFKBIA|TNF|UCN|RGS2|MCUB|PRKCE|GOPC|SHH|INSIG1|FKBP1B|SLC43A1|SLC43A2|GPR35|RSAD2|NPFF|LRRK2|NPY2R|LYPLA1|LYPLAL1|APOC3|APOE|CAV1|CAV3|TIFAB|DYSF|ANGPT1|TLR2|EPHA3|BEST3|PKDCC|CAB39|INHBB|CACNA1F|PRKD1|CBARP|CD84|RAB11FIP3|RAB33B|GABRE|GNB5|FOXF1|GPM6B|HDAC3|KCNAB1|PTPN11|RACK1|DDX39A|YWHAE|IL13RA2|RSC1A1|KCNJ11|BIN1|CRY1|KCNRG|KEL|ENY2|NDFIP2|OSR1|PACSIN3|PPP3R2|FMR1|PXK|TNFRSF1B|SNX12|RGS4|UBE2J1|SNX3|SESTD1|SLC26A5|SPINK1|PKIA|PNKD|ASIC1|CYP4F2|GRP|HADH|LGALS3|VAMP3|GRM7|DRD3|CALM2|ANXA2|FAM76B|FFAR4|ADRA2A|CORO1A|HES1|CRH|PRKN|PPP3CB|NEO1|TGFB1|NOTCH1|PACSIN1|NPY5R|GHRL|GHSR|CRYAB|HAMP|CRBN|KCNQ1|PRKG1|MRLN|RANGAP1|RHBDF2|ADIPOQ|ADTRP|NMU|HCRT|NPSR1|OPRK1|RBM10|TXN|ANXA1|APOD|PPP3CA|BCR|PTGER3|SCT|CALCA|MAPK3|TFF2|CABP1|REST|CRY2|NDFIP1|LIF|CCN3|WDR54|WNK3|WNK4|CCR2|HTR2A|NECAB2|CD200|OPRM1|CD300A|CD47|RAP1A|CD74|RAP1B|PFKL|CHGA|CRHBP|CNN2|KCNH2|PKIG|ITGAV|PPP3R1|SIRT6|MDFIC|CTNND1|NEDD4L|SUFU|NUP153|PIM3|OAZ1|OAZ2|OAZ3|F2RL1|FAM3D|ADORA1|FFAR2|BCL2|SP100|BRAF|GNAI1|CALM3|IL1RAPL1|CDK5|SPX|IL12A|TMBIM6|IL1B|KCNK9|ACVR1C|SYTL4|CLDN3|EPO|ITGB3|JAGN1|EDN1|FRMD4A|KCNB1|KCNE1|LGALS9|FIS1|STC1|SUMO1|SFRP4|VSNL1|NOS1|DPH3|NCKAP1L|NF1|BARD1|OXSR1|RAB7A|RABGEF1|UBR3|PRKCB|SDCBP|PRTN3|WWP2|PTK2B|RAC1|SLN|MMP9|RIN3|NDUFAF2|TCAF2|GNAZ|SIRPA|NOS3|OSTN|WNK1|OS9|SPI1|EGF|CTTNBP2NL|STK39|THBS1|YWHAB|YWHAQ|ABCA7|ATP1A2|ANKRD13B|ANKRD13D|PROM2|ATG5|ATF4|YRDC|PPP3CC|C9ORF72|LRRTM1|CALM1|SH3GL3|SIRT4|CERS1|DERL2|DERL3|FOXO1|ERLEC1|KLF7|EI24|ERP29|MIDN|ADRA2B|MTNR1B|ADRA2C|RAB11FIP1|RAB11FIP5|HMGCR|SERGEF|ANKRD27|LRSAM1|BMP8A|VPS35|NEDD4|SCAMP5|WDR41|ABCA2|DLG4|IL11|UCP2|GGCX|SVIP|F2R|GNAI2|STXBP3|RAB23|SYT11|SYT4|APOA2|UBAC2|UBE2G2|APOC1|APOC2|PICALM|PLN|ANKRD13A|PACSIN2|PRRT2|RUBCN|PDE8B|SMCR8|P2RY1|CHP1|SERPINE2|SNX33|TPR|ABCC8|KCNE2|AGT|SREBF1|SREBF2|RHBDF1|IL12B|STX1B|LRRTM2|STXBP6|INHA|INHBA|TBC1D4|FABP5|FERMT1|LILRB1|TSPO|UBQLN1|UBQLN2|UFM1|VAMP8|VDAC1|TLR9|TRIM27|LILRB2|VPS4B|YOD1|FGF23|NMB|ABAT|OSM|ACSL4|PLA2R1|GABBR1|ADA|NHERF1|NTSR1|TRH|NEU3|CYP51A1|CAMK2D,https://www.gsea-msigdb.org/gsea/msigdb/human/geneset/GOBP_NEGATIVE_REGULATION_OF_TRANSPORT,406,ENR,GOBP_NEGATIVE_REGULATION_OF_TRANSPORT,1,1E-3,GOBP_NEGATIVE_REGULATION_OF_TRANSPORT,FALSE,GOBP_NEGATIVE_REGULATION_OF_TRANSPORT
48,3,3,3,0.999,,1E-3,,BMP4|DUSP2|HMGA2|WNT11|WNT3A|COL12A1|DUSP4|COL7A1|DUSP5|LAMA3|SOX7|FN1|COL5A2|GJA1|HSBP1|BRD3|TRIM15|WNT5A|ARMC5|MSGN1|TWSG1|ACVR1|COL6A1|FOXF1|SMAD3|HOXA11|HNF1B|ITGA5|MESP2|ITGAV|ITGB5|PRKAR1A|EPHA2|ATOH8|LAMB3|WLS|MESP1|SIX2|SMAD2|FOXC1|SRF|EOMES|FZD7|SETD2|MACROH2A1|SCX|ETV2|HAND1|TBX6|TLX2|POU5F1|TBX20|BMPR2|EXT2|TAF10|FOXC2|NOG|GRB2|KDM6B|SOX17|TBX19|SOX2|NANOG|TXNRD1|ITGA2|ITGA3|ITGA4|COL11A1|AXIN1|ITGA7|ITGB1|FGFR2|ITGB3|MIXL1|CTR9|ITGA8|EYA2|ITGB2|COL4A2|DKK1|TAL1|POFUT2|COL8A1|BMPR1A|MMP14|MMP2|CTNNB1|SMAD1|COL5A1|MYH9|LAMB1|INHBA|MAP2K1|DUSP1|SFRP2|SNAI1|CDC73|ELF5|MMP15|GATA6|AHDC1|EXOC4|FGFR1|EPB41L5|NF2|PAX2|ETS2|CRB2|MMP9|LEO1|ITGB4|MMP8|RTF1|LHX1|NR4A3|PAF1|NODAL|LEF1|KIF16B|APELA|PRKACA|KLF4|BMP7|EYA1|VTN|WNT3|NR0B1|GPI,https://www.gsea-msigdb.org/gsea/msigdb/human/geneset/GOBP_FORMATION_OF_PRIMARY_GERM_LAYER,128,ENR,GOBP_FORMATION_OF_PRIMARY_GERM_LAYER,1,1E-3,GOBP_FORMATION_OF_PRIMARY_GERM_LAYER,FALSE,GOBP_FORMATION_OF_PRIMARY_GERM_LAYER
4,3,3,3,0.999,,1E-3,,BMP4|HIF1A|CFL1|TP63|FGFR2|WNT5A|WNT2B|AR|RDH10|GDF7|SHH|NODAL|NOG|WNT2|LUZP1|BMP5|CTNNB1|EGFR|HOXD13|BMP7|FGF10|OVOL2|SULF1|SOSTDC1|CECR2,https://www.gsea-msigdb.org/gsea/msigdb/human/geneset/GOBP_MORPHOGENESIS_OF_AN_EPITHELIAL_FOLD,25,ENR,GOBP_MORPHOGENESIS_OF_AN_EPITHELIAL_FOLD,1,1E-3,GOBP_MORPHOGENESIS_OF_AN_EPITHELIAL_FOLD,FALSE,GOBP_MORPHOGENESIS_OF_AN_EPITHELIAL_FOLD
1,3,3,3,0.999,,1E-3,,RARA|DDR2|RARB|RARG|MSX2|EVC|NPPC|ECM1|FGFR2|FOSL2|POR|ATF2|COMP|NPR2|IFT80|POC1A|THBS3|FBLN5|STC1|ZMPSTE24|TSKU|BNC2|COL27A1|MATN1|EXT1|CER1|OSTN|TGFBR2|SMPD3|LEP|LEPR|FGFR3|SOX9|MMP13,https://www.gsea-msigdb.org/gsea/msigdb/human/geneset/GOBP_BONE_GROWTH,34,ENR,GOBP_BONE_GROWTH,1,1E-3,GOBP_BONE_GROWTH,FALSE,GOBP_BONE_GROWTH
64,3,3,3,0.999,,1E-3,,CHRNA3|ANKFN1|CHRNB2|CHRNB4|BORCS7|NCOR1|NKX2-1|FGF12|GLRA1|GNAO1|SEZ6|ATP7A|EFNB3|PAFAH1B1|GAA|KCND2|KLHL1|ARRB2|SLURP1|EN1|PPP1R1B|PBX3|LMX1A|CXCL12|PITX3|HPRT1|HOXD9|IDO1|MTOR|UCHL1|DBH|SCN1A|FXN|AGTPBP1|DPP4|ZIC1|DRD2|EPS8|GLRB|ZMPSTE24|GMFB|GIGYF2|TUBA1A|PPT1|NAV2|CLN8|FZD4|MCOLN3|USP2|ZDHHC8|ARCN1|RCAN1|RCAN2|CALB1|DDHD2|C1QL1|LGI4|ATXN1|DSCAM|PAK5|PAK6|PARK7|PTEN|LARGE1|DRD4|DMRT3|GDNF|GRM1|GRM5|SNCA|NPC1|ASTN1|PENK|HTRA2|OPRD1|RASD2|DAB1|CHD7|PRKCE|SLC1A1|PUM1|CNTN1|MYG1|SPTBN4|TMOD1|RNF170|SOD2|FSHR|WDR47|LRRK2|NPY2R|GPR88|SLITRK6|APOE|CIART|ATP1A2|TBCE|LRRTM1|CHL1|EGR1|SLC25A46|GRIN2D|CCND2|GRM6|DMBX1|NTAN1|CLCN3|CTNS|GAD1|KCNJ10|ALS2|ZNF212|ELP6|NTF4|SNCG|ELAVL4|SLC18A2|ID2|SLC4A10|GNG7|CNTN2|CSTB|NLGN2|VPS35|MTA1|APBA2|HOXB8|ABCA2|DLG4|FOXA2|CNP|ABHD12|MEIS1|ANKH|B4GALT2|SNAP25|TMBIM4|GIP|HPGDS|ROGDI|ADORA2A|PLN|GRIA1|PEX13|VPS13A|SELENOP|CWH43|DRD1|DRD3|MYO15A|TAL1|SOBP|EPHA4|HIPK2|SPG11|ASL|GPR52|CLN6|GRN|HEXA|GBX1|TSC1|FIG4|BTBD9|CRH|NAGLU|ZNF385A|PRKN|ZFHX3|HOXD10|PPP3CB|GNB3|ARRDC3|TH|ALK|GHSR|ETV5|GPR37|CDH23|CRBN|PREX2|HEXB|NR4A2|RELN|HTR2C|OXR1|NEGR1|MINAR2|APP|OPRK1|AVP|INPP5F|NPY1R|PDE1B|QRFP|SLC6A3|ABAT|APBA1|CACNB4|ALDH1A3|TNR|NTSR1|CEND1|FKRP|TRH|ADCY5|GPRIN3|ADCY8|NCOA2|SOD1|SPG21|GIT1|MECP2|BSX|STRN,https://www.gsea-msigdb.org/gsea/msigdb/human/geneset/GOBP_LOCOMOTORY_BEHAVIOR,215,ENR,GOBP_LOCOMOTORY_BEHAVIOR,1,1E-3,GOBP_LOCOMOTORY_BEHAVIOR,FALSE,GOBP_LOCOMOTORY_BEHAVIOR
32,3,3,3,0.999,,1E-3,,TMEM201|ACTR10|AGBL4|ARHGAP21|ADCY10|BORCS6|BORCS7|BORCS8|SPEM3|BBS4|HSBP1|KIFBP|KXD1|IQUB|MAP1B|BLOC1S1|NEFH|PAFAH1B1|NEFL|CEP131|ROPN1B|PEX14|DEFB1|SUN2|SYNE2|TLE6|TRIM58|DYNLRB1|DZIP1|UBB|KIF20A|EPPIN|CFAP126|CFAP161|CFAP46|DLG2|CFAP70|KIF11|KIF15|CFAP91|KIF25|HOATZ|LRRC23|OFD1|SPACA9|TEKT1|PCM1|TEKT4|TEKT5|TTC29|TACR2|STARD7|FLOT2|PLA2G3|SSX2IP|TUBA1A|DYNC2H1|UXT|RNASE10|AP3D1|AP3S1|AP3S2|CABS1|DNAI1|CFAP107|CFAP141|CFAP144|CFAP210|KIFC3|CFAP251|CFAP276|SEMG1|CFAP68|SEMG2|CFAP77|CFAP90|ARL3|CFAP95|ARL8B|CIMAP1A|CIMIP2A|PACRG|CIMIP2C|DNAH10|DNAH12|DNAH14|BBS1|DNAH3|BBS2|DNAH6|DNAL4|DYNLRB2|TAC1|DYNLT2|DYNLT4|BICD2|DYNLT5|EFCAB6|GARIN2|KIF19|CCDC39|KIF12|KIF9|KIF21B|KLC1|KIF3C|MAP4|KIF6|KLC4|KTN1|CLN3|RIBC1|RIBC2|SAXO4|SPMIP10|SPMIP11|SPMIP6|SPMIP8|TEKTIP1|TEKTL1|TTLL9|COPG1|INTS13|COPG2|DYNC1LI1|ACTR2|SLC22A14|RAB21|FNTA|HTT|PRSS55|SPA17|TEX101|KIF13A|KIF16B|KIF1C|LAMP1|APOB|PRDM14|FMN2|CFAP20|CLIP3|ACTR3|ARL8A|TPPP2|EFHC1|CELF3|TTLL3|TTLL6|TTLL8|RAB1A|EFHB|CFAP69|DYNC1H1|RAB6A|ATP2B4|VDAC3|KIF18A|KIF18B|KIF22|KIF23|KIF2A|KIF2C|KIF4A|KIF4B|KIFC1|KPNB1|MAP1S|CEP78|CILK1|CLUAP1|PLTP|DYNC2I1|DYNC2I2|IFT172|IFT22|IFT25|IFT27|IFT43|IFT52|IFT56|IFT57|IFT70A|IFT70B|IFT81|LCA5L|RABL2B|SPEF2|SPAST|TTC21A|WDR19|WDR35|NEK10|TERF2|STARD9|SUN1|HNRNPU|LZTFL1|CCNYL1|ROPN1|ROPN1L|ASH1L|CCDC40|DNAAF1|VPS13A|CAMSAP3|SSNA1|YIF1B|CATSPERZ|TUBB4B|SORD|TMEM232|APC|LDHC|MAP2K1|DYNLL1|NME5|NME7|SPAG6|LRRC46|DNAAF3|GMNC|RUFY3|APP|TTC21B|DNAH11|TAC3|TACR3|TRAF3IP1|PURA|VANGL1|GAPDHS|DNAAF11|FSIP2|ODAD4|BICD1|HIF1A|CCR6|CFAP206|STK36|CFAP298|TSSK4|CFAP45|CLXN|CYB5D1|DRC1|IFT122|IQCF1|DYNLT1|IRGC|ODAD2|RSPH4A|CENPE|CDC42|PGAM4|KIF14|SFPQ|CFAP221|CFAP54|DNAH9|SPAG16|DLGAP5|MAP1A|UCHL1|DNAAF2|DYNLT3|AGTPBP1|AP3B1|IFT46|UBE2B|ARMCX3|KIF17|KLC3|MAPK8IP3|JHY|DNAI3|KATNIP|BLOC1S2|STAU1|CCDC159|CEP128|CFAP119|CFAP157|CFAP47|CFAP53|TAC4|CFAP57|CFAP61|CFAP65|CFAP97D1|DNAH1|DNALI1|DNHD1|DRC7|MEIG1|TTC12|TTLL5|ZMYND12|DAW1|RAB27B|BBOF1|KIF7|CCDC88C|FEZ1|GAS2L2|HDAC6|KIF21A|KIF24|RABGEF1|ARMC2|CCDC146|ING2|CFAP43|CFAP44|MAPT|DNAH5|DPCD|KIF27|MGARP|TSSK6|RSPH6A|CATSPER1|CATSPER2|CATSPER3|CATSPER4|DYNC1I2|SEPTIN4|SPEF1|SPAG17|ARMC12|KIF26A|KATNB1|KIF13B|DDX4|OPA1|KIF20B|TACR1|ARMC3|IGBP1|ATG16L1|ATP1A4|RHOT1|ATG5|IFT80|RHOT2|BAG3|CABYR|CATSPERD|CATSPERE|EFCAB9|AP3B2|AP3M1|AP3M2|BICDL1|BICDL2|BLOC1S3|BLOC1S4|BLOC1S5|SLIRP|BORCS5|SPG7|CDR2L|DCTN1|DTNBP1|DYNC1I1|RFX3|DYNC1LI2|ADAM7|FBXW11|FYCO1|HAP1|AQP4|KIF1A|KIF1B|HYDIN|KIF3A|KIF3B|KIF5A|AKAP3|CFAP58|IFT20|KIF5B|IFT88|KIF5C|CELSR2|KIFAP3|KIFC2|MAP2|MKKS|MREG|NDE1|CCDC38|NDEL1|RPGR|KLC2|SLC9B1|WASF1|SLC9B2|TTLL1|SLC9C1|RAB17|CFAP100|CFAP73|RASGRP1|DNAAF5|DNAAF6|DNAH2|FNTB|DNAH7|TEKT2|STK11|GARIN3|SYBU|KIAA0319L|PDCL2|PIERCE1|PFN4|TMEM230|TPGS1|TRAK1|LRPPRC|TRAK2|TRIM46|BLOC1S6|POC1B|DNAI4|RUFY4|NEURL1|SMCP|TEKT3|SNAPIN|CWH43|DNAAF4|DYNC2LI1|DYNLT2B|SPG11|FUZ|DST|QRICH2|IFT140|NETO1|INTU|TMEM108|EFHC2|CFAP52|MAK|DNAI2|ENKUR|IFT74|MNS1|KIF26B|PIERCE2|ODAD3|TMF1|RSPH9|HSPB1|TBC1D21|SPAG8|BBS12|WDPCP|NME8|ZMYND10|CCDC63|LCA5|DNAH17|DNAH8|STAU2|ODAD1|NPHP3|INPP5B|NPHP4|APBA1|TUB|NHERF1|SLC22A16|ADCY3|SOD1,https://www.gsea-msigdb.org/gsea/msigdb/human/geneset/GOBP_MICROTUBULE_BASED_MOVEMENT,477,ENR,GOBP_MICROTUBULE_BASED_MOVEMENT,1,1E-3,GOBP_MICROTUBULE_BASED_MOVEMENT,FALSE,GOBP_MICROTUBULE_BASED_MOVEMENT
5,3,3,3,0.999,,1E-3,,POLDIP2|CAV1|THY1|AGRN|CBLN2|CFL1|CLDN1|HRG|AMIGO1|NTRK1|ADGRB1|TBX5|LIMS1|GPRASP3|LRRTM1|SLITRK1|CLSTN2|SMAD3|EPHA2|SLITRK5|BDNF|DLG5|EPHB2|CUX2|DSG3|VEGFA|SLITRK3|HOPX|ASIC2|FLOT1|NLGN1|NLGN2|MYOC|NRXN1|SDC4|IL1RAPL1|SFRP1|ST8SIA2|CLSTN1|IL17A|SYNDIG1|ACVRL1|ADGRB3|SRPX2|CLDN5|SLITRK2|S100A10|CNTNAP2|EFNA5|ITGB1BP1|CBLN1|FLRT2|FLRT3|COL16A1|EEF2K|AGT|LRRC4B|LRRTM2|NTRK3|PRKCA|VSTM5|GRID2|PPM1F|THBS2|PTPRD|MAP4K4|TSC1|KDR|SEMA4D|IRX3|NLGN3|ABL1|GHRL|IL1RAP|NRP1|WNT7A|ADNP|EPB41L5|PTPRJ|ADGRB2|AMIGO2|SLITRK4|LINGO2|RAC1|LINGO4|CLSTN3|LRRC24|LRRN1|LRRN3|FLRT1|LRTM2|ROCK1|STAU2|ARMCX5-GPRASP2|IQSEC2|NPHP4|EPHB1|OXT|LRRTM3|CRB3|NTRK2|TEK|TPBG|AMIGO3|SEMA4A|FERMT2|WNT4|ACE2|SLITRK6|NPHP1|EPHB3,https://www.gsea-msigdb.org/gsea/msigdb/human/geneset/GOBP_POSITIVE_REGULATION_OF_CELL_JUNCTION_ASSEMBLY,111,ENR,GOBP_POSITIVE_REGULATION_OF_CELL_JUNCTION_ASSEMBLY,1,1E-3,GOBP_POSITIVE_REGULATION_OF_CELL_JUNCTION_ASSEMBLY,FALSE,GOBP_POSITIVE_REGULATION_OF_CELL_JUNCTION_ASSEMBLY
64,3,3,3,0.999,,1E-3,,CHRNA3|CHRNB1|CHRNB2|CHRNB4|HTR2A|NLGN4X|NRXN2|HOMER2|OPRM1|FGF12|ATP1A2|BBS4|GLRA1|SEZ6|EFNB3|TBCE|PAFAH1B1|SLITRK1|CHL1|CRHBP|ATP6V1B1|KLHL1|ARRB2|GRIN2D|PAX5|CCND2|DMBX1|EN1|PPP1R1B|NTAN1|PBX3|CLCN3|CXCL12|CTNS|SLITRK5|KCNJ10|LEP|HOXD9|UCHL1|AGRP|DBH|SCN1A|FXN|NRXN3|NTF4|SNCG|AGTPBP1|GABRG2|ZIC1|DRD2|ID2|EPS8|GLRB|FADD|ZMPSTE24|CNTN2|CSTB|NLGN2|NRXN1|PCDH17|GIGYF2|SDK1|TUBA1A|PPT1|SHANK1|HOXB8|NPY|SHANK3|FOXA2|CNP|ABHD12|SEPTIN5|CDK5|GIP|CLN8|ARCN1|USP46|RNF180|TPGS1|SHANK2|BBS1|BBS2|LGI4|ATXN1|SLC1A2|VPS13A|CNTNAP2|MAFG|PARK7|PTEN|DRD1|DRD3|DRD4|EPHA4|HIPK2|DMRT3|GDNF|SNCA|CHRNA5|NPC1|CHRNA6|HOMER1|SLC6A4|SLC7A11|HEXA|FOSB|HTRA2|OPRD1|GBX1|TSC1|EHMT2|HDAC2|BTBD9|NAGLU|PPARA|PRKN|HOXD10|NLGN3|FGF2|DAB1|GHRL|ALK|GHSR|CHD7|PREX2|NR4A2|SLC1A1|OXR1|CHRNA4|PUM1|SPTBN2|SPTBN4|APP|NR4A3|OPRK1|ASIP|BRS3|INPP5F|NCSTN|TMOD1|RNF170|ZFHX2|CACNB4|NTSR1|WDR47|CEND1|FKRP|TRH|GRM2|SLITRK6|ADAM2|MECP2,https://www.gsea-msigdb.org/gsea/msigdb/human/geneset/GOBP_ADULT_BEHAVIOR,152,ENR,GOBP_ADULT_BEHAVIOR,1,1E-3,GOBP_ADULT_BEHAVIOR,FALSE,GOBP_ADULT_BEHAVIOR
137,3,3,3,0.999,,1E-3,,ABI2|FCHSD2|CARMIL3|VIL1|MAGEL2|ARFIP2|TRIM27|WASF3|SCIN|WASHC5|CARMIL1|CARMIL2|CORO1B|CTNNA2|NCKAP1|ARPIN|WHAMM|DNAI3|GMFB|GMFG|ARF1|PICK1|GSN|WASF1|ARFIP1|WASHC1|CORO1A|WASHC2A|RNH1|WASHC2C|WASHC3|WASHC4|HIP1R|WASF2|AP1AR|BRK1|CYFIP1,https://www.gsea-msigdb.org/gsea/msigdb/human/geneset/GOBP_REGULATION_OF_ACTIN_NUCLEATION,37,ENR,GOBP_REGULATION_OF_ACTIN_NUCLEATION,1,1E-3,GOBP_REGULATION_OF_ACTIN_NUCLEATION,FALSE,GOBP_REGULATION_OF_ACTIN_NUCLEATION
,3,3,3,0.999,,1E-3,,TIE1|ELN|TGFB1|NOTCH1|PPARG|PLOD3|HAPLN2|EMILIN1|COL3A1|ATP7A|PRICKLE1|FBLN5|HAS1|HAS3|AGT|PXDN|COL1A2|TGFBR1|THSD4|COL6A1|EFEMP2|RAMP2|GAS6|MYH11|ANTXR1|LOX|NTN4|GPM6B|RGCC|SMAD3|SMPD3|TGFBR3|TNXB|QSOX1|FKBP10|SMAD4|HAS2|IHH|SOX9|MFAP4|LTBP4,https://www.gsea-msigdb.org/gsea/msigdb/human/geneset/GOBP_EXTRACELLULAR_MATRIX_ASSEMBLY,41,ENR,GOBP_EXTRACELLULAR_MATRIX_ASSEMBLY,1,1E-3,GOBP_EXTRACELLULAR_MATRIX_ASSEMBLY,FALSE,GOBP_EXTRACELLULAR_MATRIX_ASSEMBLY
18,3,3,3,0.999,,1E-3,,ATP2B1|BMP4|CCL3|HIF1A|PHOSPHO1|ACTN3|VDR|ADRB2|CCR1|CCN1|RXRA|PKDCC|RXRB|TRPM4|P2RX7|BMP2K|ENPP1|WNT10B|LTF|TFAP2A|FZD9|SRGN|MEF2C|ACVR1|BMPR1A|MATN1|SGMS2|OSR2|ADGRV1|BMP6|GATA1|GPM6B|SMAD3|IFITM5|ATRAID|FBN2|ISG15|KL|NELL1|NOTUM|AHSG|DDR2|PTK2B|BGLAP|ECM1|OSR1|PTN|BCOR|COMP|RFLNA|ADGRG6|CYP27B1|RFLNB|ACVR2A|LTBP3|PTH|ZMPSTE24|BMPR2|TENT5A|SLC20A2|FGF23|ALOX5|ACVR2B|ANO6|SUV39H1|S1PR1|NBR1|TMEM119|ANKH|TWIST1|BMP7|GREM1|BMP2|BMPR1B|WNT4|SLC8A1|SOX9|MGP|STATH|FAM20C|TXLNG,https://www.gsea-msigdb.org/gsea/msigdb/human/geneset/GOBP_REGULATION_OF_BONE_MINERALIZATION,81,ENR,GOBP_REGULATION_OF_BONE_MINERALIZATION,1,1E-3,GOBP_REGULATION_OF_BONE_MINERALIZATION,FALSE,GOBP_REGULATION_OF_BONE_MINERALIZATION
143,3,3,3,0.999,,1E-3,,CPNE6|MYH10|SH3GL2|EZR|DBNL|ACTB|WASF2|RAC3|POTEE|FARP1|ACTBL2|ACTG1|ACTL8|NOS1AP|POTEF|POTEJ|ACTN2|SRCIN1,https://www.gsea-msigdb.org/gsea/msigdb/human/geneset/GOBP_POSTSYNAPTIC_ACTIN_CYTOSKELETON_ORGANIZATION,18,ENR,GOBP_POSTSYNAPTIC_ACTIN_CYTOSKELETON_ORGANIZATION,1,1E-3,GOBP_POSTSYNAPTIC_ACTIN_CYTOSKELETON_ORGANIZATION,FALSE,GOBP_POSTSYNAPTIC_ACTIN_CYTOSKELETON_ORGANIZATION
16,3,3,3,0.999,,1E-3,,BMP4|CABP1|CDH1|ANGPT1|EFCAB7|YWHAB|GLI3|HCLS1|PRKCD|CHP1|PRKD1|EPM2A|CWH43|RAN|JUP|BAG3|TPR|SUMO1|CDK1|ECT2|MAVS|FLNA|PSEN1|ZPR1|NUP58|HDAC3|SMAD3|PKIG|NFKBIA|SIRT6|PIK3R1|NF1|FERMT1|JAK2|LEP|CD36|MDFIC|EI24|UBR5|SMO|HYAL2|TGFB1|UFM1|SUFU|XBP1|ZIC1|ZC3H12A|IFNG|PIK3R2|MAPK14|SHH|HSP90AA1|APOD|PKIA|RBM22|DMAP1|TARDBP|EP300|TRIM28|CHP2|RAB23|IPO5,https://www.gsea-msigdb.org/gsea/msigdb/human/geneset/GOBP_REGULATION_OF_PROTEIN_IMPORT_INTO_NUCLEUS,62,ENR,GOBP_REGULATION_OF_PROTEIN_IMPORT_INTO_NUCLEUS,1,1E-3,GOBP_REGULATION_OF_PROTEIN_IMPORT_INTO_NUCLEUS,FALSE,GOBP_REGULATION_OF_PROTEIN_IMPORT_INTO_NUCLEUS
32,3,3,3,0.999,,1E-3,,ACTR10|HIF1A|MAPT|AGBL4|TRAK1|LRPPRC|TRAK2|AGTPBP1|MGARP|KIF1B|ARMCX3|EPCIP|KIF5B|DNM1L|HSBP1|KIFBP|RHOT1|RHOT2|MAP1B|MARK1|SPAST|FEZ1|NEFL|MYO19|PKD1|WASF1|HDAC6|UXT|NECTIN2|OPA1|UBB|SYBU|TSPAN9|MAP1S|UCHL1,https://www.gsea-msigdb.org/gsea/msigdb/human/geneset/GOBP_ESTABLISHMENT_OF_MITOCHONDRION_LOCALIZATION,35,ENR,GOBP_ESTABLISHMENT_OF_MITOCHONDRION_LOCALIZATION,1,1E-3,GOBP_ESTABLISHMENT_OF_MITOCHONDRION_LOCALIZATION,FALSE,GOBP_ESTABLISHMENT_OF_MITOCHONDRION_LOCALIZATION
,3,3,3,0.999,,1E-3,,THBS1|DSG1|CAV1|TGFB1|CLDN4|ERRFI1|GABRB1|NCOA1|WBP2|TXNIP|FOS|YAP1|TGFB3|NR1H3|TRERF1|DSG2|ACOD1|RELA|OXT|SOX10|SREBF1|ABCB1|VPS54|FOSB|PTGER2|ABHD2|SRC|NCOA2|CD38|TSPO|UBE3A|TACR1|GPI|TGFB2,https://www.gsea-msigdb.org/gsea/msigdb/human/geneset/GOBP_RESPONSE_TO_PROGESTERONE,34,ENR,GOBP_RESPONSE_TO_PROGESTERONE,1,1E-3,GOBP_RESPONSE_TO_PROGESTERONE,FALSE,GOBP_RESPONSE_TO_PROGESTERONE
19,3,3,3,0.999,,1E-3,,ANXA2|MTMR2|ANKRD13A|SDCBP|LRRTM2|WDR54|DLG4|ATXN2|NECAB2|ANKRD13B|ANKRD13D|LRPAP1|RIN3|PCSK9|LRRTM1|UBQLN2,https://www.gsea-msigdb.org/gsea/msigdb/human/geneset/GOBP_NEGATIVE_REGULATION_OF_RECEPTOR_INTERNALIZATION,16,ENR,GOBP_NEGATIVE_REGULATION_OF_RECEPTOR_INTERNALIZATION,1,1E-3,GOBP_NEGATIVE_REGULATION_OF_RECEPTOR_INTERNALIZATION,FALSE,GOBP_NEGATIVE_REGULATION_OF_RECEPTOR_INTERNALIZATION
27,3,3,3,0.999,,1E-3,,NEUROD2|ATIC|DLL1|PTF1A|NLGN4X|TRNP1|GDF10|RERE|COMT|SEZ6|ATP7A|KIF14|CLP1|GART|KLHL1|CRK|KCNC1|CRKL|SLC25A46|PSEN1|EN1|PTPN11|CBS|LMX1A|COQ8B|OTX1|ASCL1|SMO|FOXC1|MYH10|AGTPBP1|ATRN|HAP1|GABRB3|SCN5A|SEC24B|ATF2|HERC1|PROX1|MT-CO1|FCGR2B|BCL2|MT-ND4|MYO16|SSTR1|NRXN1|TUBA1A|TP53|TTLL1|NAV2|CDK5|CDK5R1|B4GALT2|RPGRIP1L|FZD4|FKTN|ARCN1|KAT2A|ZNF365|NCOA1|NCOR2|SKOR2|OGDH|HSPA5|PDSS2|SERPINE2|CD3E|CBLN1|AARS1|KCNE1|EZH2|OPHN1|MDK|WNT1|PAK1|GRID2|CDK5R2|LDB1|MAP2K1|NANOS1|FOXP2|HOXB1|SEMA4C|PHOX2A|UQCRQ|NAGLU|PIANP|GNPAT|ABL1|SCRIB|DAB1|WNT7A|GLI1|GLI2|GPX4|GBA1|PRKG1|PTPRS|PTBP2|CNTN1|FAIM2|NEUROD1|SPTBN2|LHX1|LHX5|TTC21B|HNRNPD|KNDC1|SDF4|NCSTN|ABAT|LPAR1|TTBK2|WHRN|CEND1|RORA|MECP2,https://www.gsea-msigdb.org/gsea/msigdb/human/geneset/GOBP_METENCEPHALON_DEVELOPMENT,117,ENR,GOBP_METENCEPHALON_DEVELOPMENT,1,1E-3,GOBP_METENCEPHALON_DEVELOPMENT,FALSE,GOBP_METENCEPHALON_DEVELOPMENT
9,3,3,3,0.999,,1E-3,,NLGN1|SLC4A8|BAIAP3|STX1A|GPER1|STX1B|ADORA2A|CACNA1B|PPP3CA|SNCA|SYT1|BGLAP|STXBP1|RAB3GAP1|TACR2|GPR158|MICU3|KMO|DTNBP1,https://www.gsea-msigdb.org/gsea/msigdb/human/geneset/GOBP_POSITIVE_REGULATION_OF_NEUROTRANSMITTER_SECRETION,19,ENR,GOBP_POSITIVE_REGULATION_OF_NEUROTRANSMITTER_SECRETION,1,1E-3,GOBP_POSITIVE_REGULATION_OF_NEUROTRANSMITTER_SECRETION,FALSE,GOBP_POSITIVE_REGULATION_OF_NEUROTRANSMITTER_SECRETION
36,3,3,3,0.999,,1E-3,,MAPT|SHANK2|PRRT1|SRF|GRIA1|AGER|ARC|FMR1|VPS13A|LILRB2|PLK2|CBLN1|DRD1|KCNB1|STAU2|ADORA1|IQSEC2|ARF1|DRD5|GRID2IP|PICK1|SLC24A1|SLC24A2|SHANK3|SORCS3|SORCS2|GRID2|PENK|ABHD6|STXBP1|ADCY8|GRM2|CD38,https://www.gsea-msigdb.org/gsea/msigdb/human/geneset/GOBP_LONG_TERM_SYNAPTIC_DEPRESSION,33,ENR,GOBP_LONG_TERM_SYNAPTIC_DEPRESSION,1,1E-3,GOBP_LONG_TERM_SYNAPTIC_DEPRESSION,FALSE,GOBP_LONG_TERM_SYNAPTIC_DEPRESSION
14,3,3,3,0.999,,1E-3,,LHX2|LDB2|KRT16|EDA|NSDHL|EDAR|FZD3|SOX21|ALX4|ATP7A|FARP2|WNT5A|DSC1|IGFBP5|PDGFA|TSKU|LAMA5|COL6A1|GAL|PER1|HDAC1|RBPJ|PIAS4|TFAP2C|TSPEAR|CDH3|TERT|TNFRSF19|DSG4|FOXN1|FOXQ1|KRT25|DKK4|KRT27|KRT28|KRT33B|KRT83|SMO|MPZL3|PKP3|DLX3|FST|PLA2G10|ZMPSTE24|BCL2|TRPV3|HOXC13|SAV1|NIPBL|PTCH2|EPS8L3|FOXE1|FZD6|LGR5|FA2H|SPINK5|TP63|MYSM1|FGFR2|GORAB|CD109|DNASE1L2|LGR4|TMEM79|NUMA1|LRIG1|WNT10B|ACVR1B|FGF7|DKK1|SOX18|APCDD1|FUZ|NGFR|INTU|WNT10A|GNAS|CTNNB1|EXT1|KRT84|TNF|TRPC4AP|INHBA|LDB1|NF1|FERMT1|SNAI1|SMAD4|HDAC2|ERCC2|NAGLU|HPSE|BMAL1|NOTCH1|MSX2|CLOCK|GLI2|PPP1R13L|NSUN2|SHH|RELA|LRP4|TRADD|KRT17|PUM2|TGM3|VANGL2|EGFR|NOM1|SOS1|KRT14|FGF10|SOX9|ZDHHC21|SOSTDC1|FOXI3|TGFB2,https://www.gsea-msigdb.org/gsea/msigdb/human/geneset/GOBP_MOLTING_CYCLE,117,ENR,GOBP_MOLTING_CYCLE,1,1E-3,GOBP_MOLTING_CYCLE,FALSE,GOBP_MOLTING_CYCLE
47,3,3,3,0.999,,1E-3,,BMAL1|RFX3|SMO|BMP4|ONECUT1|RHEB|PDPK1|INSM1|NKX6-3|DLL1|CLOCK|AKT1|PAX4|GDF11|PDX1|SIDT2|WNT5A|BAD|NEUROD1|BHLHA15|NKX6-1|RFX6|IER3IP1|PAX6|GSK3A|NKX6-2|GSK3B|BMP6|BMP5|HES1|RBM4|CDH2|CDK6|ASCL1|GATA6,https://www.gsea-msigdb.org/gsea/msigdb/human/geneset/GOBP_ENTEROENDOCRINE_CELL_DIFFERENTIATION,35,ENR,GOBP_ENTEROENDOCRINE_CELL_DIFFERENTIATION,1,1E-3,GOBP_ENTEROENDOCRINE_CELL_DIFFERENTIATION,FALSE,GOBP_ENTEROENDOCRINE_CELL_DIFFERENTIATION
139,3,3,3,0.999,,1E-3,,CFAP43|ODAD4|JAG2|NLGN3|BLOC1S6|AP3B1|ECEL1|RAB3A|ATP1A2|DRC1|GLRA1|DCAF11|NDN|ZFAND5|CCDC88C|MTG1|MTG2|DDIT3|GAA|STARD7|ADORA1|HIPK2|CC2D1A|TNNC1|SELENON|NLGN2|COL6A1|NEK10|CFAP221|FTO|STK40|CFAP54|DNAH9|TTLL1|HOXA5|SPAG16|CCBE1|PBX3|ADH5|TSHZ3|FKRP|YWHAZ|VANGL1|FLT4|TCF15|GLS|MECP2,https://www.gsea-msigdb.org/gsea/msigdb/human/geneset/GOBP_RESPIRATORY_SYSTEM_PROCESS,47,ENR,GOBP_RESPIRATORY_SYSTEM_PROCESS,1,1E-3,GOBP_RESPIRATORY_SYSTEM_PROCESS,FALSE,GOBP_RESPIRATORY_SYSTEM_PROCESS
98,3,3,3,0.999,,1E-3,,ADAM15|BMP4|CARD18|ADD1|SLPI|ITGA4|RPL11|CARD16|NVL|ITGB1BP1|TRIM21|RAPGEF2|RAN|STYX|NMD3|EFHB|AKTIP|GTF2F1|PSME3IP1|CTNNBIP1|TIAM1|TLE5|PEX14|GSK3B|PTPRF|IFIT1|RACK1|TMC8|IFIT2|BAMBI|BDNF|TERT|BTBD1|GREM2|MITD1|DACT1|EPB41|DTX3L|IDE|ABL1|NES|USP9X|CAMK1|CSNK1E|GNL3L|LDLRAP1|GOLGA2|MMP9|LRPAP1|ADD2|ADIPOQ|ROCK1|AURKA|BAX|DNAJB2|FLOT1|XIRP1|MAPK8|IL10|USP33|DDX11|PIN1|CFHR1|CFHR2|SYMPK|CFHR5|RALB,https://www.gsea-msigdb.org/gsea/msigdb/human/geneset/GOBP_REGULATION_OF_PROTEIN_BINDING,67,ENR,GOBP_REGULATION_OF_PROTEIN_BINDING,1,1E-3,GOBP_REGULATION_OF_PROTEIN_BINDING,FALSE,GOBP_REGULATION_OF_PROTEIN_BINDING
50,3,3,3,0.999,,1E-3,,ANGPT1|CANT1|ADAMTS4|CHST2|PPARD|HS3ST5|BTK|IGF1|SLC35B2|HGSNAT|EDNRB|SLC2A10|BMPR2|EXT2|B3GALT6|GAL3ST4|B3GAT1|IDUA|ST3GAL1|B3GAT2|ST3GAL3|B3GNT2|B3GNT3|B3GNT4|B3GNT7|ST3GAL6|B4GALT7|B4GAT1|ADAMTS7|BMPR1B|CHPF|CHPF2|CHST1|EXTL1|CHST10|CHST11|CHST12|CHST13|UGDH|CHST14|CHST3|CHST5|CHST6|CHST7|CHST8|CHST9|CHSY1|CHSY3|CNMD|COL11A1|COL2A1|CSGALNACT1|ST3GAL2|CSGALNACT2|CYTL1|DSE|DSEL|EXTL2|FAM20B|FOXL1|NDST2|EDNRA|GLCE|HS2ST1|HS3ST1|HS3ST2|HS3ST3A1|HS3ST3B1|HS3ST4|HS3ST6|HS6ST1|HS6ST2|EXTL3|HS6ST3|MUSTN1|NDST1|NDST3|NDST4|PXYLP1|SLC10A7|CTNNB1|SLC35D2|EXT1|TCF7L2|UST|XYLT1|HYAL1|XYLT2|HEXA|IHH|ADAMTS12|NAGLU|HPSE|B3GAT3|B4GALT4|TM9SF2|HEXB|GLB1|VANGL2|GNS|GPC1|BMP2|GUSB|HYAL4|ST3GAL4|IDS|SGSH|SULF1|SULF2,https://www.gsea-msigdb.org/gsea/msigdb/human/geneset/GOBP_PROTEOGLYCAN_METABOLIC_PROCESS,109,ENR,GOBP_PROTEOGLYCAN_METABOLIC_PROCESS,1,1E-3,GOBP_PROTEOGLYCAN_METABOLIC_PROCESS,FALSE,GOBP_PROTEOGLYCAN_METABOLIC_PROCESS
154,3,3,3,0.999,,1E-3,,GPR55|CCL3|TNFAIP6|IAPP|TNFRSF11A|POU4F1|TNFSF11|CCR1|CAMK4|IFT80|ATP6AP1|CD81|FARP2|PAFAH1B1|CEBPB|PIAS3|TNFRSF11B|TYROBP|OSTM1|CREB1|RASSF2|CSF1|GAB2|CSF1R|RPTOR|EPHA2|SRC|TFRC|JUNB|MTOR|FOXP1|ZNF675|FBXW7|ERFE|GPR137|LILRB3|FCER1G|FBN1|FSTL3|SLC9B2|NOTCH2|LRRC17|TCIRG1|MAFB|SFRP1|PPARGC1B|TCTA|GPR183|TMEM178A|TOB2|GLO1|OCSTAMP|PRXL2A|IL17A|CALCR|FAM20C|IL23A|EEIG1|TM4SF19|FOS|TF|FOSL2|CD109|KLF10|EFNA2|IGSF23|OSCAR|SH3PXD2A|LTF|ANXA2|GPR68|IL12B|DCSTAMP|CTNNB1|IL23R|TNF|NEDD9|PIK3R1|NF1|TRAF6|SBNO2|LILRB1|LILRB4|SLC4A2|GPC3|CLDN18|TGFB1|TREM2|TLR3|TFE3|TLR4|CCN4|BBLN|BGLAP|IREB2|IFNG|IL20|IL4|LRRK1|MAPK14|GPR137B|INPP5D|SIGLEC15|PPP3CA|TMEM64|FSHR|CALCA|UBASH3B|SPI1|BMP2|P2RX5|SNX10|MITF,https://www.gsea-msigdb.org/gsea/msigdb/human/geneset/GOBP_OSTEOCLAST_DIFFERENTIATION,113,ENR,GOBP_OSTEOCLAST_DIFFERENTIATION,1,1E-3,GOBP_OSTEOCLAST_DIFFERENTIATION,FALSE,GOBP_OSTEOCLAST_DIFFERENTIATION
72,3,3,3,0.999,,1E-3,,CNOT2|NODAL|CNOT3|TEAD4|SP3|SRF|EOMES|RBM46|BYSL|TFAP2C|ADA|YAP1|CTR9|HAND1|HOPX|CUL3|JUNB|CDX2|CITED2|CNOT1,https://www.gsea-msigdb.org/gsea/msigdb/human/geneset/GOBP_TROPHECTODERMAL_CELL_DIFFERENTIATION,20,ENR,GOBP_TROPHECTODERMAL_CELL_DIFFERENTIATION,1,1E-3,GOBP_TROPHECTODERMAL_CELL_DIFFERENTIATION,FALSE,GOBP_TROPHECTODERMAL_CELL_DIFFERENTIATION
29,3,3,3,0.999,,1E-3,,NR5A1|ANKFN1|CHRNB2|KDM5A|PHLPP1|CRY2|PGR|SGPL1|PTX3|LHCGR|NGF|NPPC|RORB|NTRK1|GDF10|NCOR1|NKX2-1|NR0B2|OGT|ATF5|BHLHE40|NR1H3|CAVIN3|HTR7|SETX|KCND2|CDK1|GFPT1|RPE65|MAGED1|COL6A1|SFPQ|GSK3B|PRKAA2|CREB1|HDAC1|AFP|IGF1|SIRT6|LEP|BHLHE41|MTOR|NR1D1|MAPK9|AGRP|PER2|CASP2|CLDN4|GABRB3|ID1|NAMPT|PPP1CA|PPP1CB|PPP1CC|DRD2|USP7|NPR2|RETN|PROX1|ADRB1|ESR1|F7|CGA|ADORA1|PER3|NHLH2|SP1|TP53|RORC|TARDBP|CA12|CDK5|CDK5R1|NDUFA9|THRAP3|FZD4|PDE6B|SRRD|USP2|GDF9|ASS1|ATOH7|SIAH2|DNM1L|GNRH1|KLF10|LGR4|NOTCH4|PTEN|RAI1|SPSB4|JUND|DRD4|EZH2|GNA11|GPR157|MDK|NGFR|MYCBP2|NFKB2|MMP2|NOCT|ZNF830|NTRK3|HCRTR2|OPN4|MSTN|PROK2|TNF|CSNK1D|HUWE1|UBE3A|NUDT12|MMP19|MAPK10|PIWIL2|SLIT3|MAGEL2|USP9X|ADNP|CREM|PTN|PSPC1|AANAT|MYBBP1A|EGR3|NOS2|OPN3|CREBBP|CSNK2A1|PPARGC1A|CUL4A|GHRH|NTRK2|CBX3|FSHR|NOS3|CIPC|GPR176|SLIT2|NPY2R|SIN3A|STAT5B|STAT5A|TGFB2|AHR|PPARG|TNFAIP6|MTNR1A|TNFRSF11A|BMAL2|CCAR2|CIART|GPR149|PASD1|KAT5|SUV39H2|ATF4|ATG7|ZP3|MTTP|NPAS2|CASP3|TYRO3|ADAMTS1|PER1|EGR1|PCNA|HDAC3|PML|SIK1|RACK1|KLF9|KMT2A|C3ORF70|SERPINF1|PRKCG|PRKDC|DDX5|MTNR1B|DHX9|CRY1|DYRK1A|FBXW7|FBXW11|TGFB3|SIRT1|ID2|GAS2|HES7|KDM2A|HLF|SUV39H1|NLGN1|MAPK8|MTA1|TIMELESS|TWIST1|GHRHR|HNRNPU|GNAQ|BMPR1B|TOP1|SIX3|HEBP1|NFILZ|HAS2|PROKR1|PROKR2|HNF4A|OPN5|KAT2B|ROGDI|NFIL3|ADORA2A|BECN1|PLN|BLOC1S6|PTPRN|DBP|GABRB1|NCOA1|AXL|NCOR2|KDM5B|SCN9A|PTGDS|DRD3|AMH|METTL3|NRIP1|SCN11A|SREBF1|ABCB1|NONO|FXR1|ID4|SLC6A4|KDM8|GRIN3A|IMPDH2|INHBA|CSF2|SOX14|HDAC2|PARP1|BTBD9|CRH|EREG|NAGLU|PPARA|ZFHX3|BMAL1|ZPBP2|BTRC|NOTCH1|PRMT5|NPY5R|NR1D2|NR5A2|GHRL|PDGFRA|SCAPER|CLOCK|ENOX2|CSNK1E|PRKG1|PLEKHA1|ADIPOQ|DDB1|ROBO2|NMU|DTL|OPRK1|HNRNPD|ID3|FBXL3|KCNA2|FOXO3|ENOX1|EP300|ADCY1|KDM5C|NFYA|RBM4|TEF|ROCK2|RORA|SLC26A6|RELB|NCOA2|RBM4B|PRKAA1|CRTC1|TOP2A|NR2F6,https://www.gsea-msigdb.org/gsea/msigdb/human/geneset/GOBP_RHYTHMIC_PROCESS,296,ENR,GOBP_RHYTHMIC_PROCESS,1,1E-3,GOBP_RHYTHMIC_PROCESS,FALSE,GOBP_RHYTHMIC_PROCESS
1,3,3,3,0.999,,1E-3,,WNT11|WNT3A|HSD17B7|DLG1|AKT1|MKS1|NSDHL|ADM|RUNX2|ALX4|C2CD3|BIRC6|DLX5|RDH10|DLX6|KRT19|CEBPB|NTN1|PDGFA|PDGFB|PAX6|PKD1|OSR2|SPRY2|EN1|EN2|IGF2|PBX3|OTX1|CASP8|CCDC134|EPHA2|SIX4|TCAP|FZD2|HEY1|HOXB5|PCDH12|RNF207|MESP1|MTHFD1|EOMES|PHLDA2|PKD2|MDFI|PLK4|MMP16|PPP1R35|TBX20|SOX11|PRDM1|DLX2|STIL|RNF112|TP53|MYO3A|NOTCH2|MYO3B|GRB2|FOXE1|DSCAML1|GSC|MYF5|MTHFD1L|CCN1|CCDC39|HOXB7|TPO|ERCC3|FOXL2|MEGF8|GDNF|SLC44A4|PLXNA4|TNF|KRT8|MED1|TUBB2B|WNT7B|MSX1|NDRG4|PAX2|PAX8|POU3F4|SPINT2|TBX1|ARID2|SHH|NR4A3|CHRNA10|CHRNA9|INSIG1|CDK20|ALX1|PHACTR4|CC2D2A|EGFR|LLGL2|EYA1|FGF10|POLE|TIFAB|DLL1|EFEMP1|CDC40|PKDCC|INSIG2|HIPK1|ACVR1|FOXF1|GATA1|GATA2|HOXA11|HLX|FRZB|HOXA1|TBX18|ATP8A2|CDKN1C|JUNB|CDX2|EIF4A3|CLUAP1|DYNC2I1|SEC24B|IFT172|OSR1|IFT52|ID2|IFT57|WDR19|HMX2|FBN1|SETDB2|HOXA5|PBX1|HOXA9|HOXB8|NIPBL|PALB2|TULP3|MAFB|TRIM28|TMED2|TWIST1|SIX3|WDR48|CHST11|TBX2|COL11A1|COL2A1|CCDC40|DNAAF1|ZIC3|ATOH1|FOXI1|HMX3|ITGA8|KCNQ4|VPS52|LRIG1|LRIG3|MYO15A|POU4F3|PRRX1|EGLN1|SOBP|EPN1|HS6ST1|TFAP2A|TMIE|TTC39C|NDST1|CTNNB1|HES1|SPARC|HYAL1|VASH2|MAP2K1|USH1C|SLC39A1|E2F7|E2F8|PPIL1|VAX2|ERCC2|MYO7A|NAGLU|PRKRA|TGFB1|NOTCH1|FGFR1|TFEB|CEP290|PDGFRA|GLI1|GLI2|TEAD3|PPP1R13L|KCNQ1|NEUROD1|DVL1|ARNT|ID3|SH2B3|IL10|CEBPA|ASB2|ASCL2|PLS1|SOCS3|APELA|BCR|HOXB6|HSCB|BMP5|RBP4|ESRRB|SCT|TRAF3IP1|FOXH1|MAPK1|MAPK3|GGNBP2|FRS2|SOX9|FBXW8|HOXA3|BMP4|HOXB4|MYC|RBPMS2|HAND2|HIF1A|NKX3-2|REST|FOXF2|HESX1|PITX2|LIF|SIX1|RARB|RARG|FGF9|GLI3|FZD3|IFT122|TCF21|CDC42|ALX3|HPN|PSEN1|RBPJ|SENP2|SOX15|CXCL8|HOXD9|OVOL2|HOXB3|SALL1|HOXD3|SHOX2|RYR2|SIX2|SMO|STK3|DVL2|EFNA1|FOXC1|STK4|FOXG1|SUFU|HOXA4|NECTIN1|HOXC4|HOXD11|HOXD4|PTCH1|ZIC1|PCSK5|VEGFA|PRICKLE1|PROX1|NCKAP1|BPTF|HEY2|SYF2|PCDHA10|ECE1|RSPO3|ZNF568|TAF10|GATA3|NR2F2|GRXCR1|SOX17|TBX15|TBX3|TBX4|THOC5|HOXA7|BMI1|TRA2B|RAD23B|UTP25|CITED1|FGFR2|GJB6|EDN1|STRA6|EDNRA|KIT|KITLG|EPAS1|WNT9B|AHI1|SOX18|MIB1|MEF2C|MMP14|NECTIN3|ANKRD24|CLRN2|GRXCR2|LHFPL5|PDZD7|STRC|TECTA|TPRN|TEAD2|MICAL2|SNAI1|HOXB1|HOXB2|IHH|KDR|CITED2|DNAJB6|ELF5|GCM1|GJB5|GRHL2|PLG|ST14|NES|SCRIB|MFAP5|VASH1|WNT16|CHD7|RAC1|HSF1|RARRES2|GREB1L|ENG|TGFBR1|HOXB9|TRIOBP|TTBK2|VANGL2|RBBP6|BMP7|SLITRK6|TEAD1|FGF8|GDF3|TGFB2|IRX5|MBD2|MBD3|ZFP36L1|HOXC11|PBX2|MYCN|ATF4|WNT5A|ATP6V1B1|PBX4|BBS5|RPL10|BBS7|HOXA2|PAX5|TSHZ1|BLOC1S5|SMAD3|HNF1B|KMT2A|FBN2|SATB2|STOX1|MED12|OTOP1|NKX2-5|EPHB2|SMAD2|SRF|APLNR|FZD5|ZEB1|HAND1|MKKS|CTHRC1|TEAD4|FOXC2|NOG|WNT2|COBL|ZFPM2|FZD6|MFAP2|GJA5|CIMAP3|TBC1D23|FLT3LG|SP3|NCOA1|SLC39A3|TTPA|TAL1|HIPK2|FUZ|BMPR1A|IFT140|MYO6|WNT1|NOTO|TGFBR2|GRHL3|CSF2|FOLR1|PTK7|GATA4|FLVCR1|HOXC9|HOXD10|RARA|TH|WDPCP|CDH23|YAP1|CLRN1|ZFPM1|CRB2|PCGF2|FOXN4|LHX1|MYB|ARL13B|NPHP3|NODAL|LEF1|USH1G|ALDH1A2|ADA|ALDH1A3|NHERF1|WHRN|KDM2B|SPINT1|SOD1|RPL38|MFSD2A|PLCD3,https://www.gsea-msigdb.org/gsea/msigdb/human/geneset/GOBP_EMBRYONIC_ORGAN_DEVELOPMENT,464,ENR,GOBP_EMBRYONIC_ORGAN_DEVELOPMENT,1,1E-3,GOBP_EMBRYONIC_ORGAN_DEVELOPMENT,FALSE,GOBP_EMBRYONIC_ORGAN_DEVELOPMENT
33,3,3,3,0.999,,1E-3,,OCLN|MEF2A|AKT1|C1QTNF12|AKT2|CAPN10|SLC1A2|ERFE|PRKCI|RAP1A|ADIPOQ|ARPP19|MAPK14|OSBPL8|PTH|RHOQ|APPL1|OPN3|SORBS1|ITLN1|IGF1|PTPN11|KLF15|CLTCL1|INS|NFE2L2|RNASEL|INSR|IRS1|IRS2|PIK3R1|TERT|CREBL2|FGF19|GPC3,https://www.gsea-msigdb.org/gsea/msigdb/human/geneset/GOBP_POSITIVE_REGULATION_OF_D_GLUCOSE_IMPORT,35,ENR,GOBP_POSITIVE_REGULATION_OF_D_GLUCOSE_IMPORT,1,1E-3,GOBP_POSITIVE_REGULATION_OF_D_GLUCOSE_IMPORT,FALSE,GOBP_POSITIVE_REGULATION_OF_D_GLUCOSE_IMPORT
27,3,3,3,0.999,,1E-3,,AGTPBP1|DLL1|WNT7A|SKOR2|GBA1|ATP7A|HERC1|PROX1|CBLN1|FAIM2|LHX1|LHX5|OPHN1|TTC21B|KNDC1|NRXN1|TTLL1|SLC25A46|PTPN11|CDK5|GRID2|WHRN|CEND1|LDB1|MAP2K1|RORA|FOXP2,https://www.gsea-msigdb.org/gsea/msigdb/human/geneset/GOBP_CEREBELLAR_CORTEX_FORMATION,27,ENR,GOBP_CEREBELLAR_CORTEX_FORMATION,1,1E-3,GOBP_CEREBELLAR_CORTEX_FORMATION,FALSE,GOBP_CEREBELLAR_CORTEX_FORMATION
1,3,3,3,0.999,,1E-3,,RARA|FOXF2|PITX2|SP3|NES|TH|FZD5|WNT16|RARG|IFT172|PAX2|ZEB1|PPP1R13L|STRA6|PROX1|WNT5A|RDH10|WDR19|HIPK1|SOX11|HIPK2|TFAP2A|PAX6|IFT140|CDK20|PHACTR4|TULP3|ALDH1A2|ALDH1A3|TRAF3IP1|TWIST1|BMP7|KDM2B|SIX3|FGF10|IHH|FRS2|CITED2|TBX2,https://www.gsea-msigdb.org/gsea/msigdb/human/geneset/GOBP_EMBRYONIC_CAMERA_TYPE_EYE_DEVELOPMENT,39,ENR,GOBP_EMBRYONIC_CAMERA_TYPE_EYE_DEVELOPMENT,1,1E-3,GOBP_EMBRYONIC_CAMERA_TYPE_EYE_DEVELOPMENT,FALSE,GOBP_EMBRYONIC_CAMERA_TYPE_EYE_DEVELOPMENT
41,3,3,3,0.999,,1E-3,,PMAIP1|THBS1|FEM1B|FAF1|STK3|STK4|LGALS3|TNFAIP3|HMOX1|CFLAR|FAIM|ITPRIP|PEA15|HMGB2|MADD|ATF3|PARK7|FAIM2|BRCA1|MAL|TMBIM1|BCL2L1|ARHGEF2|FGG|GSK3B|SP100|GPX1|STX4|RNF34|HGF|SERPINE1|BMP5|NOS3|SFRP1|ZSWIM2|TMC8|SFRP2|BMPR1B|ICAM1|SKIL|DDX3X|RAF1|FGA|FGB|RFFL|GRINA,https://www.gsea-msigdb.org/gsea/msigdb/human/geneset/GOBP_REGULATION_OF_EXTRINSIC_APOPTOTIC_SIGNALING_PATHWAY_VIA_DEATH_DOMAIN_RECEPTORS,46,ENR,GOBP_REGULATION_OF_EXTRINSIC_APOPTOTIC_SIGNALING_PATHWAY_VIA_DEATH_DOMAIN_RECEPTORS,1,1E-3,GOBP_REGULATION_OF_EXTRINSIC_APOPTOTIC_SIGNALING_PATHWAY_VIA_DEATH_DOMAIN_RECEPTORS,FALSE,GOBP_REGULATION_OF_EXTRINSIC_APOPTOTIC_SIGNALING_PATHWAY_VIA_DEATH_DOMAIN_RECEPTORS
7,3,3,3,0.999,,1E-3,,SEMA5A|MEGF8|WNT3A|SLIT1|HDAC6|NRP1|PLXNA3|PLXNA4|CXCL12|VEGFA|SEMA3A|DSCAM|WNT3|WNT5A|BMPR2|RYK|SEMA3F,https://www.gsea-msigdb.org/gsea/msigdb/human/geneset/GOBP_REGULATION_OF_AXON_EXTENSION_INVOLVED_IN_AXON_GUIDANCE,17,ENR,GOBP_REGULATION_OF_AXON_EXTENSION_INVOLVED_IN_AXON_GUIDANCE,1,1E-3,GOBP_REGULATION_OF_AXON_EXTENSION_INVOLVED_IN_AXON_GUIDANCE,FALSE,GOBP_REGULATION_OF_AXON_EXTENSION_INVOLVED_IN_AXON_GUIDANCE
5,3,3,3,0.999,,1E-3,,CRIPT|LRFN1|LRFN4|FGFR1|LRRC4B|IL1RAP|LRRTM2|WNT7A|PTK2B|VSTM5|GRID2|LATS1|PTPRD|CLSTN3|ABI3|PTPRS|PRICKLE1|SEMA4A|CASKIN1|CBLN1|PTPN13,https://www.gsea-msigdb.org/gsea/msigdb/human/geneset/GOBP_REGULATION_OF_EXCITATORY_SYNAPSE_ASSEMBLY,21,ENR,GOBP_REGULATION_OF_EXCITATORY_SYNAPSE_ASSEMBLY,1,1E-3,GOBP_REGULATION_OF_EXCITATORY_SYNAPSE_ASSEMBLY,FALSE,GOBP_REGULATION_OF_EXCITATORY_SYNAPSE_ASSEMBLY
1,3,3,3,0.999,,1E-3,,RARA|COL27A1|MATN1|RARB|RARG|NPPC|CER1|FOSL2|TGFBR2|POR|ATF2|COMP|NPR2|IFT80|POC1A|THBS3|SOX9|STC1|ZMPSTE24|MMP13|TSKU,https://www.gsea-msigdb.org/gsea/msigdb/human/geneset/GOBP_GROWTH_PLATE_CARTILAGE_DEVELOPMENT,21,ENR,GOBP_GROWTH_PLATE_CARTILAGE_DEVELOPMENT,1,1E-3,GOBP_GROWTH_PLATE_CARTILAGE_DEVELOPMENT,FALSE,GOBP_GROWTH_PLATE_CARTILAGE_DEVELOPMENT
153,3,3,3,0.999,,1E-3,,TCIM|SYNJ2BP|ACVRL1|JAG2|TP63|HIF1AN|CCN3|DLL1|JAG1|LFNG|MFNG|AKT1|NEURL1|BCL6|HERC2|CD46|KIT|PRKCI|YJEFN3|BMP2K|ITGB1BP1|METTL3|EGFL7|POFUT1|ZBTB7A|EPN2|POGLUT1|PRAG1|CHAC1|RITA1|SREBF2|PDCD10|MMP14|AAK1|WNT1|GATA2|IL6ST|HES1|HES5|NFKBIA|YTHDF2|CCNC|TSPEAR|ARRB1|SRC|CDK3|DTX1|ZMIZ1|OVOL2|ASCL1|HEY1|MESP1|DLL4|STAT3|TSPAN15|FBXW7|NOTCH1|TSPAN5|GATA5|WWP2|ARRDC1|YAP1|CNTN6|ENHO|GAS2|ADAM10|NOTCH2NLA|ROBO1|NOTCH2NLB|ROBO2|NOTCH2NLC|HEY2|RFNG|TM2D3|DLX1|DLX2|TSPAN14|NLE1|NOD2|LLGL1|NOS3|POSTN|LLGL2|BMP7|NRARP|BEND6|LRRK2|SLC35C1|CBFA2T2|DLK1|DLK2|DLL3|FGF10|GALNT11|TGFB2,https://www.gsea-msigdb.org/gsea/msigdb/human/geneset/GOBP_REGULATION_OF_NOTCH_SIGNALING_PATHWAY,95,ENR,GOBP_REGULATION_OF_NOTCH_SIGNALING_PATHWAY,1,1E-3,GOBP_REGULATION_OF_NOTCH_SIGNALING_PATHWAY,FALSE,GOBP_REGULATION_OF_NOTCH_SIGNALING_PATHWAY
10,3,3,3,0.999,,1E-3,,CDON|BMP4|MTPN|TGFB1|TIFAB|ACTN3|WNT3A|USP19|DLL1|LUC7L|WNT10B|CENPF|MTM1|BCL2|SHH|FLOT1|MYOD1|MEF2C|MYOG|NACA|LEF1|MRTFB|CREB1|LOX|CTNNB1|SMAD3|YBX3|IGF2|JPH2|TWIST1|ERBB3|LMOD3|MEGF10|MYF5|SOX15|MYF6|SIRT2|PRKAA1|FGF8|RPL3L|SFMBT1|SHOX2,https://www.gsea-msigdb.org/gsea/msigdb/human/geneset/GOBP_REGULATION_OF_MUSCLE_ORGAN_DEVELOPMENT,42,ENR,GOBP_REGULATION_OF_MUSCLE_ORGAN_DEVELOPMENT,1,1E-3,GOBP_REGULATION_OF_MUSCLE_ORGAN_DEVELOPMENT,FALSE,GOBP_REGULATION_OF_MUSCLE_ORGAN_DEVELOPMENT
20,3,3,3,0.999,,1E-3,,H6PD|REST|SIRT5|DGKQ|DKK3|AKR1C3|EGR1|BMP6|CREB1|ADCK2|BMP5|BGLAP|GGCX|CLCN2|DAB2|DKKL1|PRKG1|ADM|BMP2|PPTC7|WNT4|GPRC6A,https://www.gsea-msigdb.org/gsea/msigdb/human/geneset/GOBP_REGULATION_OF_KETONE_BIOSYNTHETIC_PROCESS,22,ENR,GOBP_REGULATION_OF_KETONE_BIOSYNTHETIC_PROCESS,1,1E-3,GOBP_REGULATION_OF_KETONE_BIOSYNTHETIC_PROCESS,FALSE,GOBP_REGULATION_OF_KETONE_BIOSYNTHETIC_PROCESS
99,3,3,3,0.999,,1E-3,,CNTF|CNOT7|CTF1|IL15|PARP14|TNFRSF18|TNFSF18|PTPN2|KIT|IFNG|IL20|ERBB4|FER|FLT3|INPP5F|IFNL1|PTK6|OSM|IL18|CSF1R|IL31RA|PIBF1|IL21|PARP9|HES1|JAK2|IL12A|JAK3|FGFR3|ARL2BP,https://www.gsea-msigdb.org/gsea/msigdb/human/geneset/GOBP_TYROSINE_PHOSPHORYLATION_OF_STAT_PROTEIN,30,ENR,GOBP_TYROSINE_PHOSPHORYLATION_OF_STAT_PROTEIN,1,1E-3,GOBP_TYROSINE_PHOSPHORYLATION_OF_STAT_PROTEIN,FALSE,GOBP_TYROSINE_PHOSPHORYLATION_OF_STAT_PROTEIN
,3,3,3,0.999,,1E-3,,RGS14|PTPN22|CDK5RAP3|DNAJA1|PAQR3|DUSP7|PDCD4|PTPRJ|AIDA|CD300A|PTPN1|NPPA|HIPK3|DUSP1|ADIPOQ|SERPINB3|STK38|APOE|LYN|MAPK8IP1|AGT,https://www.gsea-msigdb.org/gsea/msigdb/human/geneset/GOBP_NEGATIVE_REGULATION_OF_MAP_KINASE_ACTIVITY,21,ENR,GOBP_NEGATIVE_REGULATION_OF_MAP_KINASE_ACTIVITY,1,1E-3,GOBP_NEGATIVE_REGULATION_OF_MAP_KINASE_ACTIVITY,FALSE,GOBP_NEGATIVE_REGULATION_OF_MAP_KINASE_ACTIVITY
18,3,3,3,0.999,,1E-3,,BMP4|CCL3|HAND2|REST|WNT11|WNT3A|SPP1|ATP5F1B|ASF1A|FGF9|NPPC|RORB|AKT1|NPNT|BMP3|GLI3|GDF10|RUNX2|IPO7|PTH1R|DLX5|RDH14|CAT|FASN|CEBPB|LIMD1|COL6A1|GSK3B|RPS15|IGF1|IFITM1|IGF2|IL6ST|SNRNP200|EPHA2|SCUBE3|BAMBI|SHOX2|H3-3A|H3-3B|SMO|PTHLH|SUFU|ID1|COL1A1|PTCH1|IGFBP3|SMAD5|VEGFA|DNAI3|BMPR2|HIRA|SOX11|MRC2|SYNCRIP|MYOC|TPM4|PSMC2|CCDC47|FHL2|GREM1|SKI|ALPL|IL6R|CBFB|CITED1|CCN1|BCAP29|FGFR2|FOSL2|LGR4|PTEN|SP7|WNT10B|JUND|LTF|ITGA11|MAP2K6|RANBP3L|MEF2C|RSPO2|HSPE1|BMP6|NOCT|FZD1|HGF|ADAR|CLTC|PENK|TNF|NF1|SFRP2|FBL|SNAI1|SMAD6|WWOX|IHH|SEMA4D|SMOC1|RSL1D1|WNT7B|IARS1|MSX2|PTK2|WWTR1|HDAC7|SNAI2|AXIN2|SND1|MYBBP1A|TENT5A|SHH|TOB1|LOX|PRKACA|BMP7|OSTN|BMP2|ALYREF|PHB1|FIGNL1|SOX8|LRP5|PPARG|TNFAIP6|CEBPD|TMT1A|TRPM4|RRAS2|VEGFC|PRKD1|IFT80|ATF4|LRP3|DDX21|IGFBP5|TWSG1|ACVR1|CREB3L1|CTNNBIP1|SIRT7|PTPRB|VCAN|RASSF2|HOXA2|SMAD3|CRIM1|FBN2|SATB2|TWIST2|MEN1|CDK6|DDX5|JUNB|IGFBP2|DHX9|RIOX1|UCMA|PRMT3|DDR2|SEMA7A|CLIC1|ID2|ERFE|CTHRC1|ACHE|ACVR2B|NBR1|HNRNPC|NOG|AREG|DNAJC13|LRRC17|TCIRG1|SFRP1|TWIST1|HNRNPU|BMPR1B|AMELX|SOX2|FAM20C|TAOK3|ILK|TP63|HSD17B4|JAG1|HEMGN|RRBP1|ZHX3|CHRD|BMPR1A|FFAR4|CTNNB1|IBSP|ID4|SMAD1|CLEC5A|TNN|ATRAID|TP53INP2|NELL1|SMAD4|UFL1|NOTCH1|FBXO5|FGF2|CCN4|GLI1|GLI2|BGLAP|DHH|YAP1|GTPBP4|CYP24A1|MAPK11|ACVR2A|MAPK14|TMEM53|FGF23|ID3|CEBPA|TNC|LEF1|IL6|TMEM119|PPP3CA|TMEM64|PANX3|SMAD9|GDPD2|GABBR1|WNT3|FERMT2|WNT4|NR1I3|SOX9|SUCO|RBMX,https://www.gsea-msigdb.org/gsea/msigdb/human/geneset/GOBP_OSTEOBLAST_DIFFERENTIATION,238,ENR,GOBP_OSTEOBLAST_DIFFERENTIATION,1,1E-3,GOBP_OSTEOBLAST_DIFFERENTIATION,FALSE,GOBP_OSTEOBLAST_DIFFERENTIATION
96,3,3,3,0.999,,1E-3,,TCTN2|DISP3|FOXA1|EFCAB7|FGF9|HHAT|STK36|MKS1|GLI3|NSDHL|IFT122|DISP2|EVC2|PDX1|RUNX2|C2CD3|DYRK2|IFT80|IQUB|ENPP1|KIAA0586|TCTN3|HIPK1|PAX6|RAB34|SEPTIN2|BBS7|FOXF1|TMEM17|RACK1|OTX2|DZIP1|DLG5|SHOX2|CDON|MAP3K10|SMO|PTCHD1|MGRN1|SUFU|FKBP8|CLUAP1|PTCH1|IFT46|IFT172|ZIC1|IFT25|IFT20|IFT27|IFT52|IFT56|IFT57|MOSMO|IFT81|WDR19|ARL6|STIL|GPR37L1|CPLANE2|PDCL|TUBA1A|NDP|NOG|DYNC2H1|RFX4|PTCH2|TULP3|SFRP1|TMED2|RPGRIP1L|UCHL5|CIBAR1|RB1|HHIP|PKD2L1|ARL3|CHSY1|CFAP410|WDR11|ARMC9|EVC|FGFR2|GORAB|KIF7|SKOR2|ZIC3|TEDC1|TEDC2|TTC23|TUBD1|TXNDC15|SERPINE2|CD3E|WNT10B|PRKACB|NKX6-1|PRRX1|DCDC2|HIPK2|FUZ|HSPG2|IFT140|MEGF8|NDST1|INTU|SCUBE1|EXT1|HES1|KCTD21|HES5|TGFBR2|KCTD6|HHIPL1|ISL1|GPC2|IHH|GPC3|VCP|UBR5|TCTN1|BTRC|ULK3|GLI1|GLI2|GAS1|WDPCP|DHH|RO60|SLITRK4|POR|B9D1|TBC1D32|TMEM231|DISP1|ARL13B|SHH|TTC21B|CREBBP|FBXL17|GLIS2|CDK20|PRKACA|CC2D2A|TTBK2|GPR161|TRAF3IP1|CTNNA1|KCTD11|RORA|HERC4|NCOA2|FGF10|DZIP1L,https://www.gsea-msigdb.org/gsea/msigdb/human/geneset/GOBP_SMOOTHENED_SIGNALING_PATHWAY,153,ENR,GOBP_SMOOTHENED_SIGNALING_PATHWAY,1,1E-3,GOBP_SMOOTHENED_SIGNALING_PATHWAY,FALSE,GOBP_SMOOTHENED_SIGNALING_PATHWAY
48,3,3,3,0.999,,1E-3,,BMP4|TXNRD1|HMGA2|WNT11|ITGA2|WNT3A|ITGA3|AXIN1|ITGB1|FGFR2|ITGB3|GJA1|ITGA8|TRIM15|EYA2|WNT5A|DKK1|TAL1|ARMC5|POFUT2|MSGN1|TWSG1|ACVR1|BMPR1A|FOXF1|SMAD3|SMAD1|HOXA11|MESP2|INHBA|PRKAR1A|EPHA2|SFRP2|SNAI1|WLS|MESP1|SIX2|AHDC1|SMAD2|FOXC1|EXOC4|SRF|EOMES|FGFR1|EPB41L5|NF2|PAX2|SCX|CRB2|ETV2|HAND1|NCKAP1|TBX6|TLX2|ITGB4|TBX20|BMPR2|EXT2|NR4A3|NODAL|TAF10|FOXC2|LEF1|NOG|APELA|PRKACA|KDM6B|TBX19|KLF4|TBX3|BMP7|EYA1|WNT3|GPI,https://www.gsea-msigdb.org/gsea/msigdb/human/geneset/GOBP_MESODERM_MORPHOGENESIS,74,ENR,GOBP_MESODERM_MORPHOGENESIS,1,1E-3,GOBP_MESODERM_MORPHOGENESIS,FALSE,GOBP_MESODERM_MORPHOGENESIS
44,3,3,3,0.999,,1E-3,,BMP4|SRRT|AGO4|TRUB1|DGCR8|MOV10L1|PIWIL4|PARN|EXD1|METTL3|PIWIL3|TSN|FKBP6|TSNAX|ZC3H10|ZC3H7A|BCDIN3D|NCBP1|ZC3H7B|NCBP2|TDRD1|DICER1|GTSF1|TDRD12|SMAD3|TDRD9|TRIM71|ADAR|SMAD1|SNIP1|LIN28A|LIN28B|DROSHA|TDRD6|TDRD7|TERT|TDRKH|DDX5|HENMT1|MAEL|PIWIL1|STAT3|PIWIL2|PRKRA|SMAD2|SPOUT1|TGFB1|PNLDC1|GPAT2|FBXO24|SRSF3|PUM1|ZMPSTE24|PUS10|HNRNPA2B1|IL6|TP53|PUM2|TEX15|TUT4|TUT7|DDX4|RIPK1|AGO1|AGO2|AGO3|NUP155|PLD6|TARBP2,https://www.gsea-msigdb.org/gsea/msigdb/human/geneset/GOBP_REGULATORY_NCRNA_PROCESSING,69,ENR,GOBP_REGULATORY_NCRNA_PROCESSING,1,1E-3,GOBP_REGULATORY_NCRNA_PROCESSING,FALSE,GOBP_REGULATORY_NCRNA_PROCESSING
100,3,3,3,0.999,,1E-3,,COL1A2|MIF|ITLN1|PNPT1|SIGMAR1|CLYBL|HLA-G|SLC1A2|ALOX5AP|SCARA5|P2RX7|P2RX3|STEAP4|CD74|MLKL|SLC1A5|APP|PXDN,https://www.gsea-msigdb.org/gsea/msigdb/human/geneset/GOBP_PROTEIN_TRIMERIZATION,18,ENR,GOBP_PROTEIN_TRIMERIZATION,1,1E-3,GOBP_PROTEIN_TRIMERIZATION,FALSE,GOBP_PROTEIN_TRIMERIZATION
6,3,3,3,0.999,,1E-3,,LEMD2|BMP4|HAND2|WNT11|NOTCH1|SIX1|PIM1|GATA5|MKS1|EMP2|AXIN2|TBX5|WNT5A|ROBO1|ROBO2|DKK1|POU5F1|SMARCD3|MEF2C|BMPR1A|RBM20|CTNNB1|RBPJ|EXT1|SOX17|HES1|FOXH1|BMP2|EYA1|FOLR1|ISL1|LRP2|MESP1,https://www.gsea-msigdb.org/gsea/msigdb/human/geneset/GOBP_HEART_FORMATION,33,ENR,GOBP_HEART_FORMATION,1,1E-3,GOBP_HEART_FORMATION,FALSE,GOBP_HEART_FORMATION
18,3,3,3,0.999,,1E-3,,BMP4|HAND2|REST|PPARG|TNFAIP6|CEBPD|NPPC|RORB|NPNT|GLI3|TRPM4|GDF10|VEGFC|PRKD1|RUNX2|ATF4|IPO7|LRP3|CEBPB|IGFBP5|LIMD1|TWSG1|ACVR1|CTNNBIP1|GSK3B|RASSF2|HOXA2|IGF1|SMAD3|IFITM1|IL6ST|CRIM1|FBN2|SCUBE3|TWIST2|BAMBI|MEN1|CDK6|DDX5|RIOX1|UCMA|PRMT3|DDR2|SUFU|ID1|PTCH1|SMAD5|VEGFA|CLIC1|ID2|ERFE|DNAI3|BMPR2|SOX11|CTHRC1|ACVR2B|NBR1|NOG|AREG|TCIRG1|SFRP1|TWIST1|GREM1|BMPR1B|FAM20C|TAOK3|ILK|SKI|IL6R|TP63|CITED1|JAG1|CCN1|FGFR2|HEMGN|PTEN|WNT10B|ZHX3|CHRD|JUND|LTF|RANBP3L|MEF2C|BMPR1A|FFAR4|BMP6|NOCT|FZD1|HGF|CTNNB1|SMAD1|TNF|ATRAID|SFRP2|NELL1|SMAD6|SEMA4D|SMOC1|NOTCH1|FBXO5|FGF2|WNT7B|CCN4|GLI1|MSX2|PTK2|WWTR1|YAP1|HDAC7|SNAI2|AXIN2|ACVR2A|TENT5A|TMEM53|FGF23|ID3|TOB1|CEBPA|IL6|TMEM119|PPP3CA|TMEM64|PRKACA|GDPD2|BMP7|OSTN|BMP2|WNT3|FERMT2|WNT4|SOX9|SUCO|LRP5,https://www.gsea-msigdb.org/gsea/msigdb/human/geneset/GOBP_REGULATION_OF_OSTEOBLAST_DIFFERENTIATION,133,ENR,GOBP_REGULATION_OF_OSTEOBLAST_DIFFERENTIATION,1,1E-3,GOBP_REGULATION_OF_OSTEOBLAST_DIFFERENTIATION,FALSE,GOBP_REGULATION_OF_OSTEOBLAST_DIFFERENTIATION
151,3,3,3,0.999,,1E-3,,ABCD1|TBC1D24|AIFM2|USP25|MAPKAP1|MACROH2A1|NCOA7|SESN1|SESN3|GCH1|PNPLA8|OXR1|GGT7|ADCYAP1R1|FBLN5|PINK1|KEAP1|SESN2|ALOX5|FUT8|SELENON|MEAK7|SLC25A14|HDAC6|SLC7A11|NFE2L2|BMP7|FADS2|STOX1|CD36|MCTP1|DHFR|PRKN|RBX1,https://www.gsea-msigdb.org/gsea/msigdb/human/geneset/GOBP_REGULATION_OF_RESPONSE_TO_OXIDATIVE_STRESS,34,ENR,GOBP_REGULATION_OF_RESPONSE_TO_OXIDATIVE_STRESS,1,1E-3,GOBP_REGULATION_OF_RESPONSE_TO_OXIDATIVE_STRESS,FALSE,GOBP_REGULATION_OF_RESPONSE_TO_OXIDATIVE_STRESS
124,3,3,3,0.999,,1E-3,,RBPMS2|SFRP5|HIF1A|NKX3-2|WNT11|FOXF2|PITX2|CPS1|RCBTB2|PTF1A|HMGCS2|RARB|FGF9|GLI3|PKDCC|AGR2|PDGFC|PDX1|TCF21|ALX4|WNT5A|CCNB1|PDGFA|NKX2-3|PKD1|PTK6|BBS7|CRKL|FOXF1|CDX1|IGF1|SMAD3|IGF2|IL6ST|HOXD13|HNF1B|INSR|HLX|SRC|BARX1|CXCL8|CDKN1C|MYOCD|CDX2|OVOL2|SALL1|WLS|ASCL1|SHOX2|SPDEF|SIX2|SMO|DACT1|SMAD2|NKX6-3|FZD5|IFT172|EDNRB|PCSK5|ID2|COL3A1|OTC|NPR2|TP73|NCKAP1|WDR19|SOX11|BCL2|ACVR2B|PRDM1|TIGAR|HOXA5|SAV1|COBL|NIPBL|NPY|SOX17|FOXE1|SFRP1|PYY|C1GALT1|RB1|CYP1A1|ASS1|DCHS1|TP63|CCDC40|DNAAF1|FGFR2|MIXL1|ZIC3|FOXL1|KLF5|STRA6|CCDC39|KIT|LGR4|VPS52|AHI1|YIPF6|MEGF8|CTNNB1|EXT1|HES1|HIP1R|TNF|CCKBR|SFRP2|GATA4|IHH|CHD8|SLC4A2|GATA6|CLDN18|TGFB1|NOTCH1|XBP1|NR5A2|GATA5|PDGFRA|EPB41L5|GLI1|TLR9|GLI2|WDPCP|YAP1|CLMP|KCNQ1|RARRES2|RET|SRP54|TMIGD1|MYB|NPHP3|SHH|SOX10|NODAL|ALDH1A2|VANGL2|ADA|CELA1|EGFR|SCT|CBFA2T2|FGF10|HOXA13|SOX9|EPHB3|TGFB2,https://www.gsea-msigdb.org/gsea/msigdb/human/geneset/GOBP_DIGESTIVE_SYSTEM_DEVELOPMENT,149,ENR,GOBP_DIGESTIVE_SYSTEM_DEVELOPMENT,1,1E-3,GOBP_DIGESTIVE_SYSTEM_DEVELOPMENT,FALSE,GOBP_DIGESTIVE_SYSTEM_DEVELOPMENT
60,3,3,3,0.999,,1E-3,,CDH17|DSG1|DCHS1|CDH1|CDHR3|ATP2C1|CDH13|FXYD5|CDH23|CDH5|KIFAP3|CDH26|CDH16|PCDHGB4|PCDHGC3|CDH10|CDH11|CDH12|PCDHB10|CDH15|PCDHB11|PCDHB6|CDH18|PCDHB13|CDH19|PCDHB14|CDH20|NLGN1|PCDHB16|CDH22|PCDHB2|CDH24|NRXN1|PCDHB3|CDH4|PCDHB4|CDH6|PCDHB5|CDH7|PCDHB9|CDH8|SELL|CDH9|SELP|CDH2|CDH3|AJUBA|PCDH12,https://www.gsea-msigdb.org/gsea/msigdb/human/geneset/GOBP_CALCIUM_DEPENDENT_CELL_CELL_ADHESION_VIA_PLASMA_MEMBRANE_CELL_ADHESION_MOLECULES,48,ENR,GOBP_CALCIUM_DEPENDENT_CELL_CELL_ADHESION_VIA_PLASMA_MEMBRANE_CELL_ADHESION_MOLECULES,1,1E-3,GOBP_CALCIUM_DEPENDENT_CELL_CELL_ADHESION_VIA_PLASMA_MEMBRANE_CELL_ADHESION_MOLECULES,FALSE,GOBP_CALCIUM_DEPENDENT_CELL_CELL_ADHESION_VIA_PLASMA_MEMBRANE_CELL_ADHESION_MOLECULES
11,3,3,3,0.999,,1E-3,,ZWINT|FBXO5|LIF|OVOL1|PDIK1L|PKMYT1|CHFR|HORMAD1|NPPC|RAD1|RPS6KA2|NPR2|DUSP1|DMRT1|TRIP13|NANOS2|FBXO43|STK35|KNL1|TTK,https://www.gsea-msigdb.org/gsea/msigdb/human/geneset/GOBP_NEGATIVE_REGULATION_OF_MEIOTIC_CELL_CYCLE,20,ENR,GOBP_NEGATIVE_REGULATION_OF_MEIOTIC_CELL_CYCLE,1,1E-3,GOBP_NEGATIVE_REGULATION_OF_MEIOTIC_CELL_CYCLE,FALSE,GOBP_NEGATIVE_REGULATION_OF_MEIOTIC_CELL_CYCLE
152,3,3,3,0.999,,1E-3,,STAT3|UGCG|PID1|BBS2|ADIPOR1|INHBB|SIRT1|BBS4|EDN1|CCNA2|LEP|LRP2|LEPR|MKKS|MT3|FGB|NR1D1|CCND1|FGF23|GCK|NR4A3,https://www.gsea-msigdb.org/gsea/msigdb/human/geneset/GOBP_RESPONSE_TO_LEPTIN,21,ENR,GOBP_RESPONSE_TO_LEPTIN,1,1E-3,GOBP_RESPONSE_TO_LEPTIN,FALSE,GOBP_RESPONSE_TO_LEPTIN
7,3,3,3,0.999,,1E-3,,ACTN3|CDH1|WNT3A|MAP3K13|SGPL1|CFL1|VIL1|ADCY10|SIX1|SPP1|ADRB3|FGF9|NGF|NPPC|AKT1|BMP10|BBS4|MYH6|TBX5|MAP1B|PAFAH1B1|CCNB1|NTN1|CDK1|PPARD|GSK3A|GHR|GSK3B|CREB1|CSF1|IGF1|LIMK1|RBPJ|IGF2|CXCL12|INSR|SOX15|BDNF|LEP|SIX4|MT3|FOXP1|FOXS1|SMO|NEDD4L|FXN|STK3|FOXC1|STK4|AFG3L2|ATRN|PTCH1|MAG|DRD2|CDKL3|VEGFA|DCC|DUSP10|FSTL4|IFRD1|PROX1|ADRB1|AR|PRLH|HEY2|TBX20|ZMPSTE24|BMPR2|CGA|BCL2|BCL2L11|DIO3|SAV1|GDF15|PLAA|POU3F2|CDK5|PLAC8|GAMT|PLCB1|COLQ|CACNG7|RIMS1|GPR21|OLFM1|GDI1|SYT17|WWC2|WWC3|BBS2|FGFR2|CTDP1|FOSL2|LATS1|EDN1|LATS2|SOCS2|DSCAM|EFNA5|ERBB4|RNF6|WT1|EPHA7|PTEN|RAI1|LGMN|TLL2|NKX6-1|L1CAM|FGF13|BCL11A|MEF2C|NACA|MEGF8|DIP2B|FTO|MYCBP2|NRG1|HDAC6|NTRK3|MSTN|PAK1|PLXNA4|ARHGAP4|HTRA2|SEMA3A|RGS2|SEMA3G|DNM2|SEMA4D|SEMA4F|CRABP2|SEMA6C|MAPT|SEMA6D|ITSN2|ABL1|PPIB|PIM1|GDF5|ADNP|CACNA2D2|CHD7|SLC23A2|RAB21|HSF1|GOLGA4|PTPRS|AKAP6|MTM1|RTN4|SPTBN4|SPAG9|CPNE5|MUL1|CPNE6|CPNE9|TGFBR1|PIK3CA|ISLR2|GHRH|PUM2|YBX3|NRCAM|TWF2|OSTN|LPAR3|RNF157|SIN3A|P2RX5|MACF1|PEX5|STAT5B|FGF8|STAT5A|APOE|RASAL1|TRPC5|CAV3|HMGA2|ADRB2|AGRN|JARID2|DLL1|DUSP6|CAPN3|FN1|RIMS2|RND2|ATG16L1|GJD4|AGR2|SHTN1|WNT5A|ZP3|PI16|CDH4|HDAC3|HNF1B|HLX|TGFBR3|CTTN|ATP8A2|CLASP2|MAEL|MBD5|NKX2-5|SRF|SEMA7A|SMAD7|BASP1|RGS4|LIN7A|TOMM70|LIN7B|HOPX|LIN7C|TP73|MAP2|MKKS|SUV39H1|FOXC2|NOG|PDZD11|WNT2|NIPBL|ZFPM2|PARP2|SERP1|STC2|GHRHR|TRPV2|TTL|IST1|SYT4|YY1|TBX2|MUSK|TRIM46|UNC13A|SMURF1|CDKL5|DISC1|SPART|EPPK1|MYOD1|CDKN1A|CDKN1B|BMPR1A|GNAS|ANAPC2|SLC6A4|SYT1|SYT2|ARX|SYT3|GRN|TNFRSF12A|KIAA0319|FLVCR1|PPARA|GATA6|PRKN|STAT3|MYOZ1|SASH3|NOTCH1|EZR|ULK1|VGLL4|FGF2|ULK2|FGFR1|GPAM|GHRL|NRP1|GHSR|GPAT4|GLI1|IL7|PLXNA3|YAP1|COL14A1|ACACB|RGMA|MAPK11|SPAAR|RUFY3|DRAXIN|MAPK14|RTN4R|RYK|APP|SEMA3F|SEMA5A|NPY1R|WWC1|SLC6A3|SLIT1|PLS1|ZFYVE27|KCNK2|RBP4|TNR|RAG2|RUNX1|G6PD|WNT3|FGF20|SOD1|FGFR3|MFSD2A,https://www.gsea-msigdb.org/gsea/msigdb/human/geneset/GOBP_REGULATION_OF_DEVELOPMENTAL_GROWTH,312,ENR,GOBP_REGULATION_OF_DEVELOPMENTAL_GROWTH,1,1E-3,GOBP_REGULATION_OF_DEVELOPMENTAL_GROWTH,FALSE,GOBP_REGULATION_OF_DEVELOPMENTAL_GROWTH
84,3,3,3,0.999,,1E-3,,PGM2|ACADM|PPP1CA|AGL|AKT1|AKT2|PPP1R3A|PPP1R3B|PPP1R3C|PPP1R3D|PPP1R3E|DYRK2|PPP1R3F|ENPP1|PPP1R3G|EPM2A|EPM2AIP1|PRKAG3|PTH|GBE1|GCK|SELENOS|SORBS1|GRB10|GSK3A|GSK3B|GYG1|GYG2|UGP2|GYS1|GYS2|IGF1|IGF2|INPP5K|INS|INSR|IRS1|IRS2|NHLRC1|NR1D1|PASK|PER2,https://www.gsea-msigdb.org/gsea/msigdb/human/geneset/GOBP_GLUCAN_BIOSYNTHETIC_PROCESS,42,ENR,GOBP_GLUCAN_BIOSYNTHETIC_PROCESS,1,1E-3,GOBP_GLUCAN_BIOSYNTHETIC_PROCESS,FALSE,GOBP_GLUCAN_BIOSYNTHETIC_PROCESS
81,3,3,3,0.999,,1E-3,,OAS1|TGFB1|MBL2|ABCA12|ADGRF5|ABCA3|SFTPD|TMEM63A|TMEM63B|VEGFA|ITGB6|LPCAT1|EPAS1|CTSH|BPIFA1|NAPSA|KDR|RCN3|NKIRAS1|NKIRAS2,https://www.gsea-msigdb.org/gsea/msigdb/human/geneset/GOBP_SURFACTANT_HOMEOSTASIS,20,ENR,GOBP_SURFACTANT_HOMEOSTASIS,1,1E-3,GOBP_SURFACTANT_HOMEOSTASIS,FALSE,GOBP_SURFACTANT_HOMEOSTASIS
50,3,3,3,0.999,,1E-3,,B3GAT3|CSGALNACT1|DSE|TM9SF2|EXTL2|NDST2|GLCE|HS2ST1|HS3ST1|HS3ST2|HS3ST3A1|HS3ST3B1|HS3ST4|HS3ST6|HS6ST1|EXT2|HS6ST2|EXTL3|HS6ST3|NDST1|B3GALT6|NDST3|NDST4|HS3ST5|PXYLP1|CTNNB1|SLC35D2|EXT1|TCF7L2|VANGL2|XYLT1|XYLT2|EXTL1|UGDH,https://www.gsea-msigdb.org/gsea/msigdb/human/geneset/GOBP_HEPARAN_SULFATE_PROTEOGLYCAN_BIOSYNTHETIC_PROCESS,34,ENR,GOBP_HEPARAN_SULFATE_PROTEOGLYCAN_BIOSYNTHETIC_PROCESS,1,1E-3,GOBP_HEPARAN_SULFATE_PROTEOGLYCAN_BIOSYNTHETIC_PROCESS,FALSE,GOBP_HEPARAN_SULFATE_PROTEOGLYCAN_BIOSYNTHETIC_PROCESS
2,3,3,3,0.999,,1E-3,,METRN|HIF1A|WNT3A|MAP3K13|LIF|ADCY10|PRKCH|NGF|GLI3|OPRM1|DAG1|FZD3|MAP1B|PAFAH1B1|NEFL|SLITRK1|NTN1|PLXNB1|PAX6|HDAC1|LIMK1|STK25|CX3CL1|CX3CR1|IL6ST|CXCL12|BDNF|MTOR|CXCR4|ASCL1|SHOX2|CDON|SMO|SNW1|FOXG1|NIN|PPP1CC|MAG|DRD2|CDKL3|VEGFA|XRCC5|BMPR2|SOX11|DMRTA2|NKX6-2|RNF112|ZNF488|BRAF|MME|SHANK3|WDR62|NAP1L1|IL1RAPL1|FZD4|CAPRIN1|IL1B|IL34|SRRT|SLC30A1|GDI1|E2F1|ITGB1|ATXN1|KIT|DSCAM|EFNA5|ELL3|LRP8|NKX6-1|EEF2K|L1CAM|LYN|BCL11A|MDK|MEGF8|FXR2|GPER1|EGR2|GRM5|HDAC6|DICER1|NTRK3|PAK1|TNF|SKIL|CUX1|TGM2|CAPRIN2|SEMA4D|CRABP2|KRAS|MAN2A1|MAPT|MAP2K2|ADNP|DHX36|PLXNC1|PTN|RAB21|GOLGA4|IFNG|SHH|RELA|SOX10|TENM4|ISLR2|NTRK2|PLXNB3|TWF2|LPAR3|SLIT2|CUL7|BMP2|MACF1|SOX8|TRPC5|OBSL1|ASPM|FN1|AMIGO1|KDM1A|RND2|OTP|PLXNB2|PRKCI|RASSF10|VEGFC|CAMK2B|SHTN1|GPRASP3|NPTN|TIAM2|SPEN|TIAM1|CDH4|PTPRZ1|ZNF335|NUMB|SERPINF1|BIN1|CHODL|EPHB2|CUX2|NUMBL|SRF|HAP1|SEMA7A|PLAG1|PARP6|FMR1|TNFRSF1B|ID2|ANKRD27|GFAP|TP73|LIG4|SMARCD3|RGS14|WNT2|STK11|BAIAP2|TRPV2|IST1|ZNF365|RHEB|TRAK1|NEURL1|SMURF1|SERPINE2|XRCC2|CDKL5|DISC1|EPHA4|DBN1|SS18L1|PLXND1|CLCF1|FXR1|ANAPC2|CTNNB1|DCT|ID4|HES1|TNFRSF12A|PTPRD|MAP2K1|LRP2|TRIM32|LTA|TSPO|HDAC2|ZEB2|OLIG2|TGFB1|UFL1|NOTCH1|PRMT5|TBC1D24|FGF2|SLC7A5|NRP1|ETV5|MAP6|RELN|MYRF|ROBO1|RUFY3|ROBO2|STAU2|QKI|ARMCX5-GPRASP2|MYB|SEMA5A|NRDC|IL6|TTBK1|ITPKA|ZFYVE27|CLCN2|SPINT1|WNT3|NR2E1|MECP2|FBXW8,https://www.gsea-msigdb.org/gsea/msigdb/human/geneset/GOBP_POSITIVE_REGULATION_OF_NEUROGENESIS,225,ENR,GOBP_POSITIVE_REGULATION_OF_NEUROGENESIS,1,1E-3,GOBP_POSITIVE_REGULATION_OF_NEUROGENESIS,FALSE,GOBP_POSITIVE_REGULATION_OF_NEUROGENESIS
126,3,3,3,0.999,,1E-3,,ADCY10|SLC25A24|SLC25A32|SLC25A4|SLC25A5|SLC17A9|SLC25A17|SLC25A41|SLC25A52|LRRC8A|SLC25A23|SLC25A31|SLC25A33|SLC25A36|SLC25A51|SLC35B2|ABCC4|LRRC8B|LRRC8C|LRRC8D|LRRC8E|SHOC2|SLC19A1|SLC25A47|SLC25A53|SLC46A2|SLC35B3,https://www.gsea-msigdb.org/gsea/msigdb/human/geneset/GOBP_NUCLEOTIDE_TRANSMEMBRANE_TRANSPORT,27,ENR,GOBP_NUCLEOTIDE_TRANSMEMBRANE_TRANSPORT,1,1E-3,GOBP_NUCLEOTIDE_TRANSMEMBRANE_TRANSPORT,FALSE,GOBP_NUCLEOTIDE_TRANSMEMBRANE_TRANSPORT
33,3,3,3,0.999,,1E-3,,CLIP3|C3|ZDHHC7|OCLN|MEF2A|AKT1|C1QTNF12|AKT2|CAPN10|SLC1A2|ERFE|PRKCI|RAP1A|ADIPOQ|ARPP19|MAPK14|OSBPL8|PTH|RHOQ|NR4A3|APPL1|OPN3|SORBS1|ITLN1|BRAF|C2CD5|PTPRM|IGF1|PTPN11|KLF15|CLTCL1|INS|NFE2L2|RNASEL|INSR|IRS1|IRS2|PIK3R1|TERT|CREBL2|FGF19|GPC3,https://www.gsea-msigdb.org/gsea/msigdb/human/geneset/GOBP_POSITIVE_REGULATION_OF_D_GLUCOSE_TRANSMEMBRANE_TRANSPORT,42,ENR,GOBP_POSITIVE_REGULATION_OF_D_GLUCOSE_TRANSMEMBRANE_TRANSPORT,1,1E-3,GOBP_POSITIVE_REGULATION_OF_D_GLUCOSE_TRANSMEMBRANE_TRANSPORT,FALSE,GOBP_POSITIVE_REGULATION_OF_D_GLUCOSE_TRANSMEMBRANE_TRANSPORT
80,3,3,3,0.999,,1E-3,,HMGA2|SGPL1|ADRB2|VIL1|ADRB3|BBS2|NPPC|FOSL2|BBS4|SOCS2|RAI1|LGMN|FTO|GHR|CREB1|CSF1|GNAS|HDAC3|IGF2|HTRA2|ATP8A2|MBD5|FOXS1|SMO|STAT3|FXN|AFG3L2|EZR|GPAM|PPIB|ATRN|GHRL|GDF5|GHSR|GPAT4|PTCH1|CACNA2D2|CHD7|DRD2|HSF1|ADRB1|MKKS|PRLH|SPTBN4|ZMPSTE24|APP|BCL2|SUV39H1|NPY1R|PIK3CA|SLC6A3|GHRH|DIO3|PLS1|NIPBL|GDF15|POU3F2|STC2|PLAC8|GAMT|GHRHR|PEX5|STAT5B|SOD1|GPR21|STAT5A|MFSD2A,https://www.gsea-msigdb.org/gsea/msigdb/human/geneset/GOBP_REGULATION_OF_MULTICELLULAR_ORGANISM_GROWTH,67,ENR,GOBP_REGULATION_OF_MULTICELLULAR_ORGANISM_GROWTH,1,1E-3,GOBP_REGULATION_OF_MULTICELLULAR_ORGANISM_GROWTH,FALSE,GOBP_REGULATION_OF_MULTICELLULAR_ORGANISM_GROWTH
151,3,3,3,0.999,,1E-3,,FUT8|ABCD1|MEAK7|SLC25A14|TBC1D24|AIFM2|HDAC6|MAPKAP1|SLC7A11|NCOA7|NFE2L2|BMP7|FADS2|GCH1|PNPLA8|OXR1|CD36|FBLN5|PINK1|DHFR|ALOX5|PRKN,https://www.gsea-msigdb.org/gsea/msigdb/human/geneset/GOBP_REGULATION_OF_CELLULAR_RESPONSE_TO_OXIDATIVE_STRESS,22,ENR,GOBP_REGULATION_OF_CELLULAR_RESPONSE_TO_OXIDATIVE_STRESS,1,1E-3,GOBP_REGULATION_OF_CELLULAR_RESPONSE_TO_OXIDATIVE_STRESS,FALSE,GOBP_REGULATION_OF_CELLULAR_RESPONSE_TO_OXIDATIVE_STRESS
,3,3,3,0.999,,1E-3,,EPHA5|SS18|FYN|EPHA3|NTRK1|ANKS1B|ARHGEF7|EFNA2|EFNA4|EFNB2|EPHA10|EFNA5|EFNB3|EPHA6|EPHA7|EPHB6|YES1|EFNA3|EPHA4|LYN|SIPA1L1|TIAM1|CRK|MMP2|EPHA1|NTRK3|PTPN11|RBPJ|PAK1|EPHA2|RASA1|SRC|EFNB1|ARHGEF28|EPHB2|PAK3|CHN1|EFNA1|EPHA8|ABL1|NGEF|NCK1|NCK2|PTK2|MMP9|KALRN|EPHB1|EPHB4|ANKS1A|CDK5R1|GIT1|EPHB3,https://www.gsea-msigdb.org/gsea/msigdb/human/geneset/GOBP_EPHRIN_RECEPTOR_SIGNALING_PATHWAY,52,ENR,GOBP_EPHRIN_RECEPTOR_SIGNALING_PATHWAY,1,1E-3,GOBP_EPHRIN_RECEPTOR_SIGNALING_PATHWAY,FALSE,GOBP_EPHRIN_RECEPTOR_SIGNALING_PATHWAY
,3,3,3,0.999,,1E-3,,TRAF3IP2|IRF2BP2|ATM|ABL1|SPIB|LAPTM5|FNIP1|RAG1|RAG2|KIT|SPI1|TNFSF13B|PRKDC|LRRC8A|SYVN1,https://www.gsea-msigdb.org/gsea/msigdb/human/geneset/GOBP_IMMATURE_B_CELL_DIFFERENTIATION,15,ENR,GOBP_IMMATURE_B_CELL_DIFFERENTIATION,1,1E-3,GOBP_IMMATURE_B_CELL_DIFFERENTIATION,FALSE,GOBP_IMMATURE_B_CELL_DIFFERENTIATION
,3,3,3,0.999,,1E-3,,KLF3|ANO1|CASR|KLF15|AKT1|KLF1|KLF4|IRS2|KLF5|SMPD3|NPR2|KLF11|KLF2|FIS1|TIMP1|PPP1R9B,https://www.gsea-msigdb.org/gsea/msigdb/human/geneset/GOBP_CELLULAR_RESPONSE_TO_PEPTIDE,16,ENR,GOBP_CELLULAR_RESPONSE_TO_PEPTIDE,1,1E-3,GOBP_CELLULAR_RESPONSE_TO_PEPTIDE,FALSE,GOBP_CELLULAR_RESPONSE_TO_PEPTIDE
75,3,3,3,0.999,,1E-3,,AVPR1B|TJP2|PDE3A|HTR2A|ADRB3|NPPC|ADM|DOCK5|ABCC2|ABCC3|HTR1D|HTR7|IRAG1|CRP|PPARD|SLC38A2|SLC5A3|KCNMA1|GUCY1A1|ATP1B2|SLC28A2|INS|INSR|SLCO2B1|SLC4A4|LEP|SRC|LEPR|CD36|CEACAM1|FGA|FGFBP3|FGB|PER2|PIK3C2A|DBH|FOXC1|SLC38A3|SLC38A5|EDN2|EDN3|ABCG2|EDNRB|NTS|VEGFA|NPPA|NPR1|SLC2A1|ADRA1A|ADRB1|F2RL1|AGTR2|ARHGAP42|TACR2|ASIC2|BMPR2|SLC1A5|ADORA1|DDAH1|DRD5|ECE1|SLC7A1|SMTNL1|CD38|SLC29A4|SCNN1B|ITGA1|ADD3|KCNJ8|SLC8A2|AMOT|ITGA4|ITGA9|BBS2|CLDN5|ITGB1|PLOD3|GRIP2|SLC16A2|SLC1A2|EDN1|EDNRA|SLC5A5|SLCO1C1|ITGB1BP1|SLC22A3|RHOA|SCARB1|TJP1|TJP3|GCLC|GCLM|GPER1|MMP2|GPX1|BMP6|NOS1|SLC44A1|HRH1|HTR1B|TNF|TRPV4|UCN|RGS2|TBXA2R|PECAM1|PLVAP|SCPEP1|ABL1|ABCC9|ABCC1|AGER|PTPRJ|SLC1A1|ADRA1B|ROCK1|SLC2A3|ADRA1D|BDKRB2|DOCK4|PLEC|GAB1|SLC4A3|SLC24A3|SLC6A17|SLC6A6|SOD2|NOS3|SLC6A9|SLC12A2|SLC7A2|SLC7A3|SLIT2|SLC7A8|SLC2A13|PDE2A|SLC19A1|SLC8A1|ZDHHC21|APOE|TACR1|ATP2B1|CAV1|ADORA2B|OCLN|ANGPT1|ADRB2|CPS1|FAAH|TRPM4|ATP1A2|VEGFB|ATP1A4|RAP1GDS1|ATG5|ATP2A3|YES1|LRP3|CTNNBIP1|ATP2B4|HTR1A|PTPN11|CBS|SLC27A1|SLCO3A1|KLF2|ATP8A1|TFRC|ADRA2B|MTNR1B|ADRA2C|SLC15A2|LRP1|SLC4A8|SLC16A1|KEL|APLN|MANF|AVPR2|SLC2A10|COMP|KCNA5|S100A1|MKKS|ACE|EXT2|FOXC2|ABCA2|SLC2A4|F2R|GJA5|HBB|KAT2B|ADORA2A|BLOC1S6|SLC6A1|OXTR|P2RX1|CDH5|P2RY1|TBXAS1|P2RY2|SLC22A8|ARHGAP35|SLC27A4|DRD1|ABCC8|ACTA2|AGT|AKAP12|KCNMB2|KCNMB4|STUB1|FGG|ABCB1|ADRA2A|SLC22A2|SLC29A1|EXT1|SLC6A4|SVEP1|FLVCR2|ABCC4|ABCC5|MAP2K1|FABP5|KNG1|LRP2|SLC13A3|SLC16A12|SLC1A4|SLC22A1|ZEB2|SLC5A6|SLC6A13|SLC1A3|TGFB1|C2CD4A|SLC38A1|SLC6A20|C2CD4B|SLC7A5|HRH2|HTR2B|PRKG1|GPR4|SLC29A2|MAS1|SLC16A7|PTP4A3|AVP|AVPR1A|RAMP2|SH3GL2|AZU1|UTS2|BCR|UTS2B|TEK|UTS2R|CASR|NHERF1|VSTM4|CALCA|ROCK2|SLC22A5|ADCY6|FERMT2|SERPINF2|ACE2|SLC5A1|AGTR1|SOD1|MFSD2A,https://www.gsea-msigdb.org/gsea/msigdb/human/geneset/GOBP_VASCULAR_PROCESS_IN_CIRCULATORY_SYSTEM,274,ENR,GOBP_VASCULAR_PROCESS_IN_CIRCULATORY_SYSTEM,1,1E-3,GOBP_VASCULAR_PROCESS_IN_CIRCULATORY_SYSTEM,FALSE,GOBP_VASCULAR_PROCESS_IN_CIRCULATORY_SYSTEM
,3,3,3,0.999,,1E-3,,C3|FUT7|GATA3|BTK|IL20RB|EXT1|CCR7|HLA-E|SPN|FCER1A|FCGR2B|FCGR1A|FCGR2A|FCER1G|FCGR2C|FCGR3A|FCGR3B|ZP3,https://www.gsea-msigdb.org/gsea/msigdb/human/geneset/GOBP_HYPERSENSITIVITY,18,ENR,GOBP_HYPERSENSITIVITY,1,1E-3,GOBP_HYPERSENSITIVITY,FALSE,GOBP_HYPERSENSITIVITY
51,3,3,3,0.999,,1E-3,,BMP4|HOXD10|NOTCH1|PITX2|PITX1|TP63|WNT7A|GDF5|RARB|TFAP2B|MSX1|PTCH1|RARG|MSX2|ZBTB16|CHD7|OSR1|ALX4|LARGE1|SHH|BMPR1A|RSPO2|OSR2|ALX3|CTNNB1|TBX3|TWIST1|TBX4|RPGRIP1L|MED1|AFF3|WNT3|FGF8|HOXD9|GPC3,https://www.gsea-msigdb.org/gsea/msigdb/human/geneset/GOBP_HINDLIMB_MORPHOGENESIS,35,ENR,GOBP_HINDLIMB_MORPHOGENESIS,1,1E-3,GOBP_HINDLIMB_MORPHOGENESIS,FALSE,GOBP_HINDLIMB_MORPHOGENESIS
36,3,3,3,0.999,,1E-3,,CFL1|NEUROD2|PRRT1|SHISA7|GIPC1|YWHAH|DAG1|ADGRB1|EIF2AK4|MAP1B|RAPGEF2|GSK3B|CREB1|PSEN1|CX3CL1|CX3CR1|TSHZ3|INS|MAP1A|VGF|CNTN4|DRD2|PLK2|ADORA1|AKAP5|DRD5|PICK1|BRAF|MME|SHANK3|CALM3|STAU1|CAMK2A|CDK5|PPFIA3|GRIA3|GRIK2|MCTP1|CD38|CALB1|SHANK2|SLC8A2|SYT12|CPEB3|GRIN3B|HRAS|KIT|PAIP2|KCNB1|CLN3|LARGE1|LGMN|CALB2|MEF2C|GRID2IP|FXR2|GRID1|GRM5|SNCA|NSG1|HRH1|PENK|MPP2|NF1|NPAS4|PRNP|RAB3GAP1|UBE3A|KRAS|MAPT|ABL1|PTK2B|PTN|AGER|RAC1|SLC1A1|SLC8A3|IQSEC2|NFATC4|STX3|CRHR2|NCSTN|NTRK2|SLC24A1|SLC24A2|GRIN1|KCNQ3|YTHDF1|JPH3|JPH4|ACP4|PRKCZ|P2RX3|GRM2|ZDHHC2|APOE|SYNGR1|CD2AP|CHRNA7|PRKAR1B|RAB3A|CAMK2B|CAMK2G|ATF4|RAB11A|NPTN|LRRTM1|SYNGAP1|CALM1|SIPA1L1|TYROBP|GRIN2B|GRIN2D|NRGN|SORCS3|RAB8A|CHRDL1|BRSK1|S100B|GSG1L|SHISA6|SHISA8|SHISA9|SQSTM1|SSH1|KMT2A|KCNJ10|PRKCG|EPHB2|HMGCR|SRF|FAM107A|FMR1|GFAP|YWHAG|SLC4A10|RASGRF1|ACE|LZTS1|RASGRF2|CNTN2|RGS14|CPLX2|NOG|DLG4|SORCS2|F2R|SNAP25|SCTR|ABHD6|C22ORF39|BAIAP2|IGSF11|STXBP1|RAB5A|SYT4|KAT2A|ITPR3|ADORA2A|PRRT2|UNC13C|VAMP2|GRIA1|NEURL1|PDE9A|VPS13A|SERPINE2|CBLN1|DRD1|CALM2|EPHA4|ARF1|DBN1|NETO1|STX4|LRRTM2|NSMF|FXR1|ANAPC2|SYP|GRID2|GRIN3A|GRIN2A|GRIN2C|CRH|PPP3CB|RARA|EIF4EBP2|SLC38A1|CDC20|CALHM2|SYT7|ARC|SLITRK4|RELN|LILRB2|CYP46A1|STAU2|SYAP1|NCDN|APP|ITPKA|BEST1|TNR|ADCY1|SCT|MAPK1|ADCY8|NR2E1|MECP2|CAMK2D,https://www.gsea-msigdb.org/gsea/msigdb/human/geneset/GOBP_REGULATION_OF_SYNAPTIC_PLASTICITY,211,ENR,GOBP_REGULATION_OF_SYNAPTIC_PLASTICITY,1,1E-3,GOBP_REGULATION_OF_SYNAPTIC_PLASTICITY,FALSE,GOBP_REGULATION_OF_SYNAPTIC_PLASTICITY
9,3,3,3,0.999,,1E-3,,REST|ADORA2B|NSF|CCR2|RIMS2|CD177|RAB3A|CD300A|RALA|PREPL|RAP1A|CBARP|CD84|RAP1B|ATP2A2|C9ORF72|RAB26|ZP3|CFTR|RAB33B|BAIAP3|FERRY3|FES|FOXF1|CHMP2A|GAB2|CHMP3|GATA1|GATA2|CHMP6|CADPS|CADPS2|IL13RA2|IL13|PRKCG|CLASP1|IL4R|CLASP2|CEACAM1|FGA|FGB|DTNBP1|SLC4A8|PRAM1|HAP1|HGS|FMR1|ATP13A2|F2RL1|UNC13D|FCGR2B|FCER1G|RAB37|FGR|PLA2G3|NLGN1|PFN2|SEPTIN1|STXBP5|CPLANE2|PCLO|CACNA1B|CPLX2|RAPGEF4|PPFIA2|SCAMP5|WDR41|BRAF|NPY|RAB27A|SPHK2|GPR151|SDC1|CALM3|DOC2A|SDC4|DOC2B|IL1RAPL1|SEPTIN5|CDK5|LGI3|HLA-F|PDCD6IP|RAB15|AP1G1|GNAI2|RAB3B|STXBP1|RAB3C|STXBP2|STXBP3|CPLX1|SYN1|RAB2B|RIMS1|RIMS3|RIMS4|SYT11|RAB5A|SYT4|SV2B|SV2C|SYT10|EXPH5|SYT12|RAB27B|SYT15|SYT17|SYTL4|ATP9A|SYT6|KLRC2|VAMP2|RUFY4|CASK|TRPV6|P2RX1|RPH3A|SMCR8|CD160|P2RY1|RPH3AL|S100A10|SNAPIN|SNF8|ITGAM|ITGB2|KCNB1|LGALS9|SNX4|LYN|CSPG5|ANXA2|STAM|VSNL1|STX1A|FGG|STX4|SNCA|ADRA2A|STXBP6|PRKCA|SYT1|SYT13|SYT2|SYT3|HYAL3|SYT5|CDK5R2|NCKAP1L|SYT8|SMPD3|SYT9|MICAL1|RAB3GAP1|RAB7A|RABGEF1|TSG101|PRKN|PRKCB|NOTCH1|PDPK1|SYT7|SDCBP|WNT7A|VAMP8|TPCN2|RAB21|RAB9A|RAC2|VPS18|IFNG|SEPTIN4|VPS4A|VPS4B|ADGRE2|DVL1|ANXA1|RAB3D|PPP3CA|BCR|FBXL20|CACNB4|LAMP1|SPI1|LRRK2|FBXO45|GIT1|SYK,https://www.gsea-msigdb.org/gsea/msigdb/human/geneset/GOBP_REGULATION_OF_EXOCYTOSIS,189,ENR,GOBP_REGULATION_OF_EXOCYTOSIS,1,1E-3,GOBP_REGULATION_OF_EXOCYTOSIS,FALSE,GOBP_REGULATION_OF_EXOCYTOSIS
,3,3,3,0.999,,1E-3,,SH3D19|NRDC|FURIN|ADRA2A|GPLD1|PACSIN3|TNF|TNFRSF1B|IFNG|RGMA|ADAM8|SNX33|APOE|IL1B|SNX9|ADAM9|APP,https://www.gsea-msigdb.org/gsea/msigdb/human/geneset/GOBP_POSITIVE_REGULATION_OF_MEMBRANE_PROTEIN_ECTODOMAIN_PROTEOLYSIS,17,ENR,GOBP_POSITIVE_REGULATION_OF_MEMBRANE_PROTEIN_ECTODOMAIN_PROTEOLYSIS,1,1E-3,GOBP_POSITIVE_REGULATION_OF_MEMBRANE_PROTEIN_ECTODOMAIN_PROTEOLYSIS,FALSE,GOBP_POSITIVE_REGULATION_OF_MEMBRANE_PROTEIN_ECTODOMAIN_PROTEOLYSIS
8,3,3,3,0.999,,1E-3,,THBS1|SNW1|CITED1|SDCBP|AXIN1|GIPC1|NPNT|TSC22D1|HSP90AB1|SLC2A10|ITGA8|RNF111|ADISSP|HIPK2|TWSG1|CREBBP|TGFB1I1|EP300|TGFBR3|FLCN|STK11|FERMT1|MEN1|CDKN1C|MYOCD|SMAD4|CDKN2B|GOT1|CITED2|ZEB2|ING2|LRG1,https://www.gsea-msigdb.org/gsea/msigdb/human/geneset/GOBP_POSITIVE_REGULATION_OF_CELLULAR_RESPONSE_TO_TRANSFORMING_GROWTH_FACTOR_BETA_STIMULUS,32,ENR,GOBP_POSITIVE_REGULATION_OF_CELLULAR_RESPONSE_TO_TRANSFORMING_GROWTH_FACTOR_BETA_STIMULUS,1,1E-3,GOBP_POSITIVE_REGULATION_OF_CELLULAR_RESPONSE_TO_TRANSFORMING_GROWTH_FACTOR_BETA_STIMULUS,FALSE,GOBP_POSITIVE_REGULATION_OF_CELLULAR_RESPONSE_TO_TRANSFORMING_GROWTH_FACTOR_BETA_STIMULUS
5,3,3,3,0.999,,1E-3,,GABRA1|GABRA2|GABRA3|GABRA4|GABRA5|GABRA6|GABRB2|GABRB3|GABRG1|GABRG2|GABRG3|LGI2|CLSTN3|SRGAP2|WNT5A|CBLN1|MDGA1|PLXNB1|FGF13|GABRE|NLGN2|CLSTN2|SRGAP2C|LHFPL4|CBLN4|NPAS4|SEMA4A|SEMA4D,https://www.gsea-msigdb.org/gsea/msigdb/human/geneset/GOBP_INHIBITORY_SYNAPSE_ASSEMBLY,28,ENR,GOBP_INHIBITORY_SYNAPSE_ASSEMBLY,1,1E-3,GOBP_INHIBITORY_SYNAPSE_ASSEMBLY,FALSE,GOBP_INHIBITORY_SYNAPSE_ASSEMBLY
1,3,3,3,0.999,,1E-3,,BMP4|HIF1A|NKX3-2|HMGA2|CCN3|RARB|EFEMP1|RARG|FGF9|NPPC|WNT5B|GLI3|PKDCC|TGFBI|RUNX2|IFT80|RUNX3|PRKG2|PTH1R|TSKU|TWSG1|COL27A1|MATN1|OSR2|PTPN11|SMAD3|HOXA11|EIF2AK3|TRPS1|SHOX2|SIX2|PTHLH|ZBTB16|ECM1|GDF6|OSR1|SMAD7|ATF2|COL3A1|SCX|COMP|NPR2|RFLNA|POC1A|RFLNB|PTH|BMPR2|EXT2|GLG1|GREM1|ADAMTS7|BMPR1B|RB1|AMELX|CHST11|ACVRL1|LNPK|GALNT3|CHSY1|TRIP11|COL11A1|COL2A1|BPNT2|ARID5A|CYTL1|FOSL2|WNT10B|MAF|WNT2B|SNX19|MEF2C|MDK|MUSTN1|BMPR1A|SERPINH1|BMP6|CTNNB1|EXT1|CREB3L2|LOXL2|HES5|SOX5|TGFBR2|SMPD3|SFRP2|WNT9A|IHH|ZNF219|ADAMTS12|TGFB1|FGFR1|NR5A2|WNT7A|GDF5|CCN4|MSX2|GPLD1|SCIN|POR|SLC26A2|CHADL|SNAI2|AXIN2|LTBP3|MAPK14|SLC39A14|SOX6|TGFBR1|NFIB|FGF18|CCN2|BMP2|RUNX1|FGFR3|MBOAT2|SOX9|SULF1|SULF2|MEX3C,https://www.gsea-msigdb.org/gsea/msigdb/human/geneset/GOBP_CHONDROCYTE_DIFFERENTIATION,119,ENR,GOBP_CHONDROCYTE_DIFFERENTIATION,1,1E-3,GOBP_CHONDROCYTE_DIFFERENTIATION,FALSE,GOBP_CHONDROCYTE_DIFFERENTIATION
111,3,3,3,0.999,,1E-3,,HDAC4|ACTN3|IER3|C1QTNF12|GCKR|NCOR1|NUPR1|PFKFB1|ENPP1|PLEK|CLK2|CBFA2T3|GCK|GRB10|GSK3A|PPP2CA|C1QTNF3|GSK3B|PGP|TCF7L2|CLTC|SERPINA12|INPP5K|SIK1|INS|SIRT6|SMPD3|SLC4A1|MST1|LEPR|MIDN|TRIM63|PASK|PPARA|PRKN|CRY1|STAT3|TGFB1|MTCL2|USP7|PPP1R3B|PRKG1|ERFE|ADIPOQ|PRKAG3|SELENOS|MTCH2|TIGAR|TP53|DDIT4|PRKACA|EP300|FBP1|FLCN|AP2A1|NR0B1|GIT1|KAT2A,https://www.gsea-msigdb.org/gsea/msigdb/human/geneset/GOBP_NEGATIVE_REGULATION_OF_CARBOHYDRATE_METABOLIC_PROCESS,58,ENR,GOBP_NEGATIVE_REGULATION_OF_CARBOHYDRATE_METABOLIC_PROCESS,1,1E-3,GOBP_NEGATIVE_REGULATION_OF_CARBOHYDRATE_METABOLIC_PROCESS,FALSE,GOBP_NEGATIVE_REGULATION_OF_CARBOHYDRATE_METABOLIC_PROCESS
,3,3,3,0.999,,1E-3,,OGT|VEGFB|CHST4|GALNT1|GALNT2|CRPPA|B4GALT5|TET1|TET2|TET3|C1GALT1C1|A4GNT|B3GALNT1|B3GALT2|B3GALT4|B3GALT5|PGM3|FUT4|B3GALNT2|FUT3|B3GALT6|FUT6|FUT9|B3GALT9|ST3GAL1|GCNT1|ST3GAL3|B3GLCT|ST6GAL1|B3GNT2|ST6GALNAC2|B3GNT3|B3GNT4|ST6GALNAC4|B3GNT6|B3GNT7|B3GNT8|B3GNT9|GCNT4|B4GAT1|C1GALT1|COLGALT1|B3GALT1|ST8SIA6|EOGT|TMTC3|FKTN|TMTC4|GALNT10|GALNT11|GALNT12|GALNT13|GALNT14|GALNT15|GALNT16|GALNT17|GALNT18|GALNT3|TRAK1|GALNT4|TRAK2|GALNT5|GALNT6|GALNT7|GALNT8|GALNT9|ST3GAL2|GALNTL6|PLOD2|PLOD3|GXYLT1|GXYLT2|LARGE2|MGAT5B|OGA|LARGE1|PLOD1|POFUT1|POFUT2|POGLUT1|POGLUT2|POGLUT3|POMGNT1|POMGNT2|POMK|POMT1|POMT2|DPM1|RXYLT1|DPM3|TMEM260|TMTC1|TMTC2|XXYLT1|B3GNT5|GCNT3|FKRP|ST3GAL4,https://www.gsea-msigdb.org/gsea/msigdb/human/geneset/GOBP_PROTEIN_O_LINKED_GLYCOSYLATION,98,ENR,GOBP_PROTEIN_O_LINKED_GLYCOSYLATION,1,1E-3,GOBP_PROTEIN_O_LINKED_GLYCOSYLATION,FALSE,GOBP_PROTEIN_O_LINKED_GLYCOSYLATION
,3,3,3,0.999,,1E-3,,ACVR2B|TIE1|PPP3CB|ACVRL1|FOXC1|PKD1|FOXC2|FGF2|CCBE1|VASH1|SVEP1|VEGFA|VEGFC|EPHA2|PDPN|FLT4|PROX1|LGALS8|CLEC14A|PTPN20|SOX18|BMPR2|PTPN14,https://www.gsea-msigdb.org/gsea/msigdb/human/geneset/GOBP_LYMPH_VESSEL_MORPHOGENESIS,23,ENR,GOBP_LYMPH_VESSEL_MORPHOGENESIS,1,1E-3,GOBP_LYMPH_VESSEL_MORPHOGENESIS,FALSE,GOBP_LYMPH_VESSEL_MORPHOGENESIS
4,3,3,3,0.999,,1E-3,,BMP4|IL6R|NOTCH1|ANGPT1|ANGPT2|NRP1|PDGFRA|ITGB3|OSR1|CFLAR|EDN1|CD34|EDNRA|GPR4|PKD2|TCF21|WT1|PDGFRB|ACTA2|PDGFA|PDGFB|FOXC2|EGR1|NOTCH2|TEK|AQP1|HES1|BMP7|NOTCH3|SERPINB7|PDGFD|PECAM1,https://www.gsea-msigdb.org/gsea/msigdb/human/geneset/GOBP_RENAL_SYSTEM_VASCULATURE_DEVELOPMENT,32,ENR,GOBP_RENAL_SYSTEM_VASCULATURE_DEVELOPMENT,1,1E-3,GOBP_RENAL_SYSTEM_VASCULATURE_DEVELOPMENT,FALSE,GOBP_RENAL_SYSTEM_VASCULATURE_DEVELOPMENT
,3,3,3,0.999,,1E-3,,RNF10|ITCH|PDCD6|PEF1|RNF220|UBE2E2|NEURL1|ZC4H2|MSL2|SKP1|OBI1|TRIM21|TRIM25|KBTBD8|TRIM41|TRIM56|UBE2E1|UBE2E3|TOPORS|STUB1|UBE2R2|UBE2T|BIRC2|MARCHF7|UBB|HUWE1|UBE2D3|FANCL|CUL3|UBE2W|KLHL22|UBE3D|UBE4B|PRKN|NEDD4L|RNF126|MGRN1|PEX12|FANCM|ZNF598|CUL1|FBXL2|DTL|RAD18|RNF152|TRIM37|UBE2O|NEDD4|KLHL12|CBL|UBE2N|PEX2|WDR48|RBX1,https://www.gsea-msigdb.org/gsea/msigdb/human/geneset/GOBP_PROTEIN_MONOUBIQUITINATION,54,ENR,GOBP_PROTEIN_MONOUBIQUITINATION,1,1E-3,GOBP_PROTEIN_MONOUBIQUITINATION,FALSE,GOBP_PROTEIN_MONOUBIQUITINATION
3,3,3,3,0.999,,1E-3,,BMP4|TGFBR1|TMEM100|TGFB1|NOTCH1|MSX1|MSX2|RBPJ|TGFB3|TGFBR2|SNAI2|SNAI1|SMAD4|FGF8|HEY2|ENG|HEYL|TGFB2,https://www.gsea-msigdb.org/gsea/msigdb/human/geneset/GOBP_EPITHELIAL_TO_MESENCHYMAL_TRANSITION_INVOLVED_IN_ENDOCARDIAL_CUSHION_FORMATION,18,ENR,GOBP_EPITHELIAL_TO_MESENCHYMAL_TRANSITION_INVOLVED_IN_ENDOCARDIAL_CUSHION_FORMATION,1,1E-3,GOBP_EPITHELIAL_TO_MESENCHYMAL_TRANSITION_INVOLVED_IN_ENDOCARDIAL_CUSHION_FORMATION,FALSE,GOBP_EPITHELIAL_TO_MESENCHYMAL_TRANSITION_INVOLVED_IN_ENDOCARDIAL_CUSHION_FORMATION
99,3,3,3,0.999,,1E-3,,CNTF|THBS4|CSPG4|CTF1|ANGPT1|DOK7|RIPK2|LIF|TNFRSF18|TNFSF18|VEGFB|KIT|TNK2|CD80|EFNA5|ERBB4|CASS4|FGF7|FLT3|ARHGEF2|IFNL1|NRG1|IL18|CSF1R|IL31RA|IL21|GPRC5B|ENPP2|HES1|NEDD9|BANK1|JAK2|UNC119|ANGPT4|IL15|PARP14|TGFB1|EFNA1|ABL1|LILRA5|PTPN1|VEGFA|IFNG|IL20|ADAM17|SRCIN1|IL6|OSM|IL11|PIBF1|PARP9|IL12A|ABI1|FGF10|FGFR3|ARL2BP,https://www.gsea-msigdb.org/gsea/msigdb/human/geneset/GOBP_POSITIVE_REGULATION_OF_PEPTIDYL_TYROSINE_PHOSPHORYLATION,56,ENR,GOBP_POSITIVE_REGULATION_OF_PEPTIDYL_TYROSINE_PHOSPHORYLATION,1,1E-3,GOBP_POSITIVE_REGULATION_OF_PEPTIDYL_TYROSINE_PHOSPHORYLATION,FALSE,GOBP_POSITIVE_REGULATION_OF_PEPTIDYL_TYROSINE_PHOSPHORYLATION
53,3,3,3,0.999,,1E-3,,KANK1|CORO1C|MYO9B|WASF1|VIL1|ENPP2|WASF2|CD44|SNX1|ARHGEF7|SNX2|CORO1B|PDPN|SRC|ABI1|ARPIN|RREB1|PLEKHO1,https://www.gsea-msigdb.org/gsea/msigdb/human/geneset/GOBP_LAMELLIPODIUM_MORPHOGENESIS,18,ENR,GOBP_LAMELLIPODIUM_MORPHOGENESIS,1,1E-3,GOBP_LAMELLIPODIUM_MORPHOGENESIS,FALSE,GOBP_LAMELLIPODIUM_MORPHOGENESIS
78,3,3,3,0.999,,1E-3,,FYN|ADRB2|CCR2|NECAB2|GRIA1|GRIN3B|GRM7|HOMER2|CPEB4|KCNB1|CLN3|CAPN1|MEF2C|GRID1|GRIN2B|GRM1|GRIN2D|GRM5|GRM6|HOMER1|CX3CL1|GRIA2|GRID2|GRIK4|GRIN3A|PRNP|FRRS1L|IFNGR2|GRIN2A|GRIN2C|EPHB2|NLGN3|GRIA4|PTK2B|FMR1|SLC1A1|IFNG|APP|NLGN1|SSTR1|NCSTN|NRXN1|HOMER3|SHANK1|GRIN1|SHANK3|DLG4|CDK5R1|TRPM1|GRIA3|GRIK1|PLCB1|GNAQ|GRIK2|GRIK3|GRIK5|GRM2|CCL2|GRM3|GRM4|GRM8,https://www.gsea-msigdb.org/gsea/msigdb/human/geneset/GOBP_GLUTAMATE_RECEPTOR_SIGNALING_PATHWAY,61,ENR,GOBP_GLUTAMATE_RECEPTOR_SIGNALING_PATHWAY,1,1E-3,GOBP_GLUTAMATE_RECEPTOR_SIGNALING_PATHWAY,FALSE,GOBP_GLUTAMATE_RECEPTOR_SIGNALING_PATHWAY
44,3,3,3,0.999,,1E-3,,BMP4|AGO4|TRUB1|DGCR8|MOV10L1|PIWIL4|CELF1|DDX6|PARN|RAN|FKBP6|CLP1|LIMD1|SPEN|SPIN1|SPOCD1|ELOC|TDRD1|TDRD12|TDRD5|SMAD3|TDRD9|SNIP1|DDX17|DROSHA|EIF4G1|TDRD6|TDRD7|TERT|TDRKH|DDX5|ZNFX1|MAEL|ELAVL1|DHX9|CNOT7|SMAD2|FBXO24|FMR1|SRSF3|EIF4E2|TIAL1|ZMPSTE24|HNRNPA2B1|TP53|TEX15|HNRNPK|STAU1|HNRNPU|AGO1|AGO2|AGO3|AJUBA|ZFP36|CNOT1|CNOT10|CNOT11|SRRT|CNOT2|CNOT3|CNOT6|CNOT8|CNOT9|DND1|ELOB|EXD1|EIF4ENIF1|HELZ|METTL3|ERI1|HELZ2|PIWIL3|EZH2|TSN|TSNAX|ZC3H10|ZC3H7A|BCDIN3D|NCBP1|ZC3H7B|NCBP2|XPO5|DICER1|FXR1|GTSF1|NRDE2|TRIM71|ADAR|PABPC1|SMAD1|LIN28A|LIN28B|MOV10|HENMT1|CNOT6L|PIWIL1|STAT3|PIWIL2|PRKRA|SPOUT1|TGFB1|PNLDC1|GPAT2|ZSWIM8|DNMT3A|PUM1|DNMT3L|WTIP|SND1|NCBP3|TNRC6A|TNRC6B|TNRC6C|PUS10|ASZ1|IL6|C19ORF84|PUM2|TUT4|TUT7|EIF6|DDX4|RBM4|RIPK1|ARB2A|MORC1|NUP155|PLD6|TARBP2|TENT2,https://www.gsea-msigdb.org/gsea/msigdb/human/geneset/GOBP_REGULATORY_NCRNA_MEDIATED_GENE_SILENCING,130,ENR,GOBP_REGULATORY_NCRNA_MEDIATED_GENE_SILENCING,1,1E-3,GOBP_REGULATORY_NCRNA_MEDIATED_GENE_SILENCING,FALSE,GOBP_REGULATORY_NCRNA_MEDIATED_GENE_SILENCING
5,3,3,3,0.999,,1E-3,,DOCK10|CHRNB2|WNT3A|AGRN|CBLN2|SIX1|TLR2|NLGN4X|NRXN2|AMIGO1|NTRK1|OGT|ADGRB1|MAP1B|WNT5A|GPRASP3|MARK1|LRRTM1|PTPN13|SLITRK1|NTN1|CRIPT|PDLIM5|CLSTN2|RAP2A|LHFPL4|VLDLR|EIF4G1|SLITRK5|BDNF|SIX4|DLG5|CHD4|EPHB2|CUX2|NCKIPSD|NUMBL|NECTIN1|TRIM47|LIN7A|SRGAP2B|LIN7B|SLITRK3|LIN7C|PRICKLE1|SLC12A5|ASIC2|LZTS1|CRTAC1|CC2D1A|NAE1|NLGN1|NLGN2|CYFIP2|NRXN1|VPS35|NEDD8|PDZD11|RAB17|SRGAP2C|IL1RAPL1|ASIC1|GNA13|ST8SIA2|IGSF11|CLSTN1|COLQ|ZDHHC8|SYNDIG1|MUSK|ADGRB3|CARMIL3|ARHGAP33|SRPX2|SENP1|SIGMAR1|NEURL1|IL1RAPL2|LRFN3|LATS1|SLITRK2|ABI3|SRGAP2|EFNA5|CASKIN1|EPHA7|CBLN1|FLRT2|S1PR2|DKK1|FLRT3|EEF2K|ARHGAP12|DOCK1|MEF2C|MYCBP2|ARF6|LRFN1|LRFN4|NECTIN3|LRRC4B|UBE3B|FZD1|LRRTM2|SNCA|NTRK3|CTNNB1|PRKCA|UBE2M|VSTM5|GRID2|THBS2|NTNG2|PTPRD|GPC4|ARHGEF15|LRFN5|SEMA4C|SEMA4D|PPP1R9B|NLGN3|FGFR1|GHRL|IL1RAP|WNT7A|CRMP1|GHSR|ADNP|PTK2B|HTR4|ADGRB2|AMIGO2|SLITRK4|LINGO2|RAC1|ELMO1|LINGO4|PTPN1|CLSTN3|LRRC24|RAC3|ICAM5|LRRN1|LRRN3|PTPRS|FARP1|FLRT1|LRTM2|NEGR1|ROBO2|STAU2|RTN4|RTN4R|ARMCX5-GPRASP2|DOCK4|IQSEC2|SETD5|APP|MDGA1|EPHB1|LRP4|OXT|LRRTM3|NTRK2|SLIT1|PUM2|RHOG|TPBG|AMIGO3|SEMA4A|SLITRK6|EPHB3,https://www.gsea-msigdb.org/gsea/msigdb/human/geneset/GOBP_REGULATION_OF_SYNAPSE_ASSEMBLY,172,ENR,GOBP_REGULATION_OF_SYNAPSE_ASSEMBLY,1,1E-3,GOBP_REGULATION_OF_SYNAPSE_ASSEMBLY,FALSE,GOBP_REGULATION_OF_SYNAPSE_ASSEMBLY
13,3,3,3,0.999,,1E-3,,CASQ2|ABCD1|CHRNA1|CHRNA3|CHRNB1|CHRNB2|CNIH3|MTMR2|CHRNB4|KCNC3|CHRND|ADCY10|CHRNE|CHRNG|CLCN1|CTNNA3|DLG1|DMD|AKT1|DSC2|ATP5IF1|DSP|YWHAH|FGF12|FXYD1|GJA1|GJC1|GLRA1|SEZ6|HCN4|B2M|BID|KCNA1|KCNB2|KCND2|KCND3|CHCHD10|KCNE3|KCNE4|KCNE5|COL6A1|KCNIP1|ARRB2|GSK3A|KCNIP2|GSK3B|SLC34A1|KCNJ3|KCNJ5|KCNMA1|KCNN2|UBB|CD36|NOS1AP|P2RX6|MTOR|PKP2|DLD|RNF207|SCN10A|GABRA1|SCN1A|GABRA2|SCN1B|GABRA3|SCN2A|GABRA4|SCN3A|GABRA5|SCN3B|GABRA6|SCN4A|GABRB2|PID1|SCN4B|GABRB3|SCN5A|GABRD|SCN7A|SCN8A|GABRG2|KCNJ2|GABRG3|SLMAP|DRD2|GABRR1|GABRR2|PIEZO1|NPPA|PIEZO2|PIP5KL1|SNTA1|GLRA2|GLRA3|NPR2|GLRB|KCTD7|ARL6IP5|MTCH2|TRDN|NDP|PPA2|ANK3|GRIA3|GRIK1|GRIK2|GOT1|NDUFC2|SLC24A4|KCNJ8|SLC8A2|KCNK13|KCNK6|NDUFS6|TAC1|ATXN1|NNT|TUSC2|PANK2|PARK7|PTEN|CLN3|PINK1|PPIF|LTF|DRD4|ACTN2|GNA11|GNA14|KCNA3|KCNA4|KCNA6|KCNA7|KCNC4|GRID1|KCND1|SLC25A33|GRM1|KCNV1|GRM5|KCNV2|SNCA|NTRK3|HCN2|TNF|NTSR2|OPRD1|MPP2|NPAS4|BEST2|KCNK1|EHD3|VCP|ABL1|USP53|ABCC9|SLC1A6|SLC1A7|GBA1|SLC26A3|SLC39A8|SLC8A3|MTLN|CACNA1C|CACNA2D1|CACNB3|CHRNA10|CHRNA9|FKBP1B|NTRK2|SLC4A3|PRELID1|GRIN1|SOD2|ZMYND8|NPFF|PRKCZ|LRRK2|NPY2R|P2RX3|P2RX5|SLC8A1|TRPC5|CAV1|CAV3|CHRNA7|AKAP7|CELF4|GRIN2B|FLNA|GRIN2D|KCNF1|KCNG1|RACK1|KCNG2|RANGRF|KCNG3|KCNG4|YWHAE|KCNJ10|KCNJ11|TBX18|BIN1|KCNJ9|CUX2|KCNS1|KCNS2|KCNS3|EIF4A3|FHL1|SMAD7|FMR1|RGS4|KCNA5|KCNH5|SLC26A5|KCTD16|ASIC1|ASIC3|BAIAP2|ADORA2A|AKAP9|CCN6|TRPV1|DRD1|DSG2|SCN11A|KCNMB2|KCNMB4|GRID2|GRIN3A|LIPA|CHRM1|GRIN2A|GRIN2C|PTPN3|PARP1|PRKN|NLGN3|TREM2|GHRL|WNT7A|KCNN4|RELN|KCNQ1|HCRT|APP|DVL1|PPP3CA|KCNK2|GPRIN3|CRTC1|UCN3|NLGN4X|P2RX7|TBX5|JUP|CNR2|KCNC1|KCNH2|CREB1|PSEN1|ANK2|ATP1B2|ATP1B3|MAPK8IP2|SLC4A4|SRC|RYR2|NEDD4L|CLDN19|ALB|ADRA1A|ADRB1|BAD|ASIC2|BAK1|ZMPSTE24|BAX|ADORA1|BCL2|BCL2L1|MYOC|KCNK3|BNIP3|SHANK1|BNIP3L|SHANK3|BOK|CACNG2|CALM3|POPDC3|P2RX2|CDK5|TMEM25|RIMS1|CNTNAP1|RIMS3|RIMS4|KCNK9|RNF122|CXADR|DCN|GRIN3B|EDN1|KCNB1|KCNE1|S1PR2|SUMO1|FZD9|FGF13|GCLC|MEF2C|GCLM|GPER1|NOS1|CHRNA2|CHRNA5|CHRNA6|CHRNB3|GRIA2|GRIK4|HTR3A|HTR3B|HTR3C|HTR3D|HTR3E|IFI6|RAB3GAP1|ABCB5|P2RX4|KDR|MAPT|MFN1|WWP2|CACNA1I|PTK2B|MLLT11|CHRNA4|AKAP6|KCNH6|NALCN|CDKN2A|MUL1|MYH14|MET|KCNQ3|NRCAM|SLC8B1|GPR88|GRIK3|TACR1|TAFA4|PMAIP1|POPDC2|TMEM161B|ADRB2|KCNQ5|PRDX3|PRKAR1B|RIMS2|ASIC5|TRPM4|ATP1A1|ATP1A2|ATP1A3|ATP1A4|ATP1B1|WDR1|ATP2A2|KCNQ2|PPP2R3C|RTL10|BBS10|RGS7|CALM1|CFTR|SLC25A36|SMAD3|SSH1|KMT2A|STOX1|MTNR1B|SLC4A8|SLC17A7|BEGAIN|CHRFAM7A|SLC25A27|KIF5B|CLIC1|SLC4A11|SLC9A1|NLGN1|NLGN2|NRXN1|INSYN1|INSYN2A|NEDD4|DLG4|UCP2|GJA5|GPD1L|GRIK5|PLN|UNC13B|GABRB1|HCN1|HCN3|GRIA1|KCNC2|P2RX1|SCN2B|SCN9A|TRPA1|CBLN1|ABCC8|SPART|KCNE2|AGT|KCNK5|NETO1|STX1A|TMEM108|STX1B|SLC29A1|SLC6A4|KCNH3|KCNH4|KCNH7|KCNH8|TSPAN9|TSPO|PYCR1|KCNH1|KCNMB3|GRIA4|RGS7BP|TBC1D24|GLRX|BCO2|CNGB1|HSH2D|ABAT|CACNB4|CASR|KCNA2|GABBR1|NTSR1|CACNA1H|CLCN2|CACNA1D|CACNA1G|SOD1|DMPK|CACNB2|MECP2|NUP155|CAMK2D,https://www.gsea-msigdb.org/gsea/msigdb/human/geneset/GOBP_REGULATION_OF_MEMBRANE_POTENTIAL,458,ENR,GOBP_REGULATION_OF_MEMBRANE_POTENTIAL,1,1E-3,GOBP_REGULATION_OF_MEMBRANE_POTENTIAL,FALSE,GOBP_REGULATION_OF_MEMBRANE_POTENTIAL
,3,3,3,0.999,,1E-3,,ABRAXAS2|CAV1|REST|CASP9|CAV3|HK2|KCNJ8|SLC8A2|NPPC|NPR3|CPEB4|P2RX7|ITGAM|PINK1|PPIF|EEF2K|MAP2K3|MEF2C|SIRT5|STUB1|NOL3|EGR1|CSF1|CSF1R|CX3CL1|CX3CR1|GPR31|EEF2|NFE2L2|SQSTM1|NDNF|KCNJ11|P2RX4|UCHL1|PER2|MLYCD|STAT3|PANX1|PIK3CB|TREM2|AIFM1|MAP3K5|AQP3|SLC26A5|FAIM2|MYB|BCL2|HYOU1|RELA|RNLS|TIGAR|TP53|PANX2|GPR151|CASR|CAMK2A|P2RX2|SOS1|ROCK2|CIB1|RCAN1,https://www.gsea-msigdb.org/gsea/msigdb/human/geneset/GOBP_RESPONSE_TO_ISCHEMIA,61,ENR,GOBP_RESPONSE_TO_ISCHEMIA,1,1E-3,GOBP_RESPONSE_TO_ISCHEMIA,FALSE,GOBP_RESPONSE_TO_ISCHEMIA
49,3,3,3,0.999,,1E-3,,WRAP73|HAP1|CROCC|IFT20|IFT88|ZMYND10|BBS4|ARHGAP35|ATMIN|RAB11FIP3|CCDC88A|PPP1R35|CCP110|KCTD17|CEP120|HTT|CEP135|FUZ|MARK4|GSK3B|TTBK2|MNS1|DZIP1|RP1|SAXO1|SEPTIN7|SEPTIN9|TAPT1|ENTR1,https://www.gsea-msigdb.org/gsea/msigdb/human/geneset/GOBP_POSITIVE_REGULATION_OF_CILIUM_ASSEMBLY,29,ENR,GOBP_POSITIVE_REGULATION_OF_CILIUM_ASSEMBLY,1,1E-3,GOBP_POSITIVE_REGULATION_OF_CILIUM_ASSEMBLY,FALSE,GOBP_POSITIVE_REGULATION_OF_CILIUM_ASSEMBLY
125,3,3,3,0.999,,1E-3,,PPARG|ITGB3|CFLAR|TNFRSF1A|ZNF469|CARMIL2|PDPN|CST3|AGT|FSCN1|COL6A1|FAP|EFEMP2|RGCC|SMAD3|LAMA1|LAMC1|LAMA2|LAMB1|LAMB2|TGFBR3|MELTF|TNXB|NID1|CLASP1|CLASP2|SMAD4|STAT3|TIE1|LRP1|ANGPTL7|TGFB1|NOTCH1|DDR2|ABL1|FGFR4|DPP4|RECK|AEBP1|SLC2A10|TNFRSF1B|CHADL|EMILIN1|AXIN2|RIC1|ADTRP|DDR1|IER3IP1|TGFBR1|TIMP3|ANTXR1|IL6|BMP2|COLGALT1|RUNX1|RB1|TCF15|HAS2|SOX9|PRDM5|TGFB2,https://www.gsea-msigdb.org/gsea/msigdb/human/geneset/GOBP_REGULATION_OF_EXTRACELLULAR_MATRIX_ORGANIZATION,61,ENR,GOBP_REGULATION_OF_EXTRACELLULAR_MATRIX_ORGANIZATION,1,1E-3,GOBP_REGULATION_OF_EXTRACELLULAR_MATRIX_ORGANIZATION,FALSE,GOBP_REGULATION_OF_EXTRACELLULAR_MATRIX_ORGANIZATION
17,3,3,3,0.999,,1E-3,,THBS1|ACVRL1|RPS6|FAM107A|TLR2|PHLDB2|DLC1|CLSTN3|ITGB1BP1|ARHGAP6|EPHA7|PTEN|WNT5A|CBLN1|ROCK1|ROBO2|DKK1|ACE|PTPN13|RCC2|DUSP22|APOD|CORO1C|MMP14|SLIT1|TNF|ROCK2|SRC|IKBKB|CLASP2|DMTN|IL1B,https://www.gsea-msigdb.org/gsea/msigdb/human/geneset/GOBP_NEGATIVE_REGULATION_OF_CELL_JUNCTION_ASSEMBLY,32,ENR,GOBP_NEGATIVE_REGULATION_OF_CELL_JUNCTION_ASSEMBLY,1,1E-3,GOBP_NEGATIVE_REGULATION_OF_CELL_JUNCTION_ASSEMBLY,FALSE,GOBP_NEGATIVE_REGULATION_OF_CELL_JUNCTION_ASSEMBLY
4,3,3,3,0.999,,1E-3,,BMP4|WNT11|PKD1|GATA3|PAX2|OSR1|HNF1B|PKD2|EFNB2|EPHA7|WNT9B|GREB1L|LHX1|EPHA4|GPC3,https://www.gsea-msigdb.org/gsea/msigdb/human/geneset/GOBP_NEPHRIC_DUCT_DEVELOPMENT,15,ENR,GOBP_NEPHRIC_DUCT_DEVELOPMENT,1,1E-3,GOBP_NEPHRIC_DUCT_DEVELOPMENT,FALSE,GOBP_NEPHRIC_DUCT_DEVELOPMENT
37,3,3,3,0.999,,1E-3,,WNT3A|SGPP2|ATP5F1A|DLG1|AKT1|ATP5IF1|NUS1|RUNX2|B2M|DEAF1|BID|DLX5|DLX6|DSC1|EGFL7|FGFBP1|CEBPB|IRF6|KRT4|LAMA5|PDGFB|MAGED1|PAX6|MCC|PDCD10|SDR16C5|MTSS1|NKX2-8|NRAS|OSR2|SAAL1|SERPINB5|SLURP1|HMGB1|WDR13|BTK|IGF1|IGF2|IRS2|EPHA2|ATOH8|LEP|SIX4|CEACAM1|NR1D1|CLEC12B|TIE1|PIK3CB|PIK3CD|CYBA|SCN5A|DAB2IP|DRD2|DUSP10|PKHD1|ESR1|SOX11|PRDM1|FUT2|RAP1GAP|MMRN2|NOTCH2|ERBB3|ST8SIA1|PLCG1|C1ORF54|FA2H|CDH13|NUPR1|EAF2|LGR4|FGF7|SCARB1|HMGN1|BMP6|NRP2|MMP12|PRKCA|PROK2|TNF|DAB2|NLRC3|MED1|PDPK1|XBP1|MAP2K2|GDF5|PAX2|TBX1|ZNF703|SIDT2|REG3G|SHH|NR4A3|NCSTN|FSHR|EGFR|EYA1|JUN|FGF10|STAT5A|APOE|APOH|CAV1|HMGA2|ANGPT1|ERRFI1|PDCD6|TNFAIP3|FUT1|PRKX|MAP2K5|PRKD1|RUNX3|SERPINB1|IGFBP5|NKX2-3|RAB33B|GATA2|HLX|KLF9|SERPINF1|SLC39A9|PRKDC|BRCA2|CDK6|CDKN1C|CDKN2B|CRNN|DLL4|KRIT1|ERN1|ESRP2|IFT172|OSR1|IFT52|SIRT1|ID2|A4GNT|HMGB2|IFT57|ANGPTL8|MTA3|HMX2|OVOL1|HOXA5|AREG|SFRP1|WDR48|TBX2|ACVRL1|TP63|CNMD|JAG1|CASK|CD109|AGGF1|UHRF1|COL4A3|EPPK1|EXTL3|CDKN1A|CDKN1B|HSPG2|FAP|JCAD|MYDGF|PROK1|PTPRM|CTNNB1|DACH1|IQGAP3|TCF7L2|HES1|SPARC|ARX|GRN|LIPA|VASH2|MAP2K1|NME1|NME2|EREG|GPC3|CLDN18|STAT3|BTRC|TNFSF12|TGFB1|NOTCH1|FGF2|FGFR1|GHRL|NRP1|WNT7A|GHSR|FABP7|GLI1|KLK8|RPS6KA1|ADAM17|ACVR2A|ROBO1|AIMP1|ALOX5|ARNT|SEMA5A|NFIB|IL10|IL6|B4GALT1|APELA|TEK|BMP5|BMPER|POLD4|C5AR1|CALCA|FLCN|MAPK1|CCL11|FAM3C|PURA|AGTR1|CCL2|FRS2|SOX9|CCL24|CCL26|GPBAR1|BMP4|MYC|HIF1A|CCL5|PGR|VDR|CLDN1|SIX1|CCN3|FGF9|KRT2|CD34|PDX1|EFNB2|CDC42|PRKD2|PPARD|HPN|NKX3-1|PSEN1|RBPJ|RGCC|RPTOR|CXCL12|SIRT6|CXCR3|OVOL2|STAT6|CYP7B1|SMO|DBH|STK3|STK4|TINF2|AKT3|PTCH1|FST|FZD7|ECM1|THAP1|IGFBP3|KDF1|IGFBP4|EDNRB|VEGFA|SRSF6|PROX1|BTBD10|AR|BAD|BAK1|BAX|BMPR2|PDCL3|FLT1|BCL2L1|AQP11|ITGB3BP|BCL2L2|SP1|GATA3|SAV1|NR2F2|TACSTD2|OR51E2|GPR15LG|CAV2|TRIM24|RB1|IL12A|IL17A|EMC10|ZFP36|ERBB2|ITGA4|FGFR2|ITGB3|HRAS|JAML|KIT|PPP1R16B|WDR77|ERBB4|ITGB1BP1|WNT10B|NKX6-1|FMC1|TNMD|ANG|MEF2C|MDK|NGFR|MMP14|NCF1|GPX1|HDAC6|HGF|NR4A1|LAMC1|LOXL2|HES5|NF1|SFRP2|FOXP2|CDC73|IHH|KDR|VASH1|PYGO2|WNT16|PTN|RETNLB|HSF1|SNAI2|CCR3|RTN4|EGR3|CDKN2A|ENG|FGF1|TGFBR1|FGF16|FGF18|SCG2|PLXNB3|NRARP|EGF|EPGN|TACR1|STXBP4|TGFB2|THBS1|SYNJ2BP|THBS4|TGFA|PPARG|TNFSF11|ZFP36L1|CFLAR|ODAM|VEGFB|MYCN|VEGFC|IFT80|LIMS1|WNT5A|ZNF580|CCND1|CDK4|SFN|PTPRK|SMAD3|TFAP2C|HNF1B|ZNF304|TGFBR3|CDH3|NOX5|NKX2-5|PHB2|ANGPT4|FBXW7|APLN|APLNR|HMOX1|ZEB1|RASGRF1|NOG|WNT2|FGL1|C6ORF89|NOD2|LGR5|SCAND3|TGM1|PEX2|STK11|COL8A2|RAF1|HAS2|APOA1|PTPRN|KDM5B|PRL|COL8A1|BMPR1A|INTU|IL12B|EPB41L4B|IFT74|LAMB1|LIMS2|F3|ISL1|FERMT1|FLT4|RREB1|ZEB2|GATA6|IL26|MARVELD3|BGLAP|YAP1|HTR2B|BCL11B|TMIGD1|RICTOR|NODAL|NFKBIZ|ALDH1A2|VSTM4|STAT1|SULF1|SULF2|LRG1,https://www.gsea-msigdb.org/gsea/msigdb/human/geneset/GOBP_EPITHELIAL_CELL_PROLIFERATION,445,ENR,GOBP_EPITHELIAL_CELL_PROLIFERATION,1,1E-3,GOBP_EPITHELIAL_CELL_PROLIFERATION,FALSE,GOBP_EPITHELIAL_CELL_PROLIFERATION
36,3,3,3,0.999,,1E-3,,SYNGR1|SLC8A2|NEURL1|RAB3A|HRAS|KIT|CAMK2B|CAMK2G|RAB11A|NPTN|CLN3|SYNGAP1|DBN1|NETO1|FXR2|GRIN2B|GRIN2D|GRM5|NSMF|SNCA|FXR1|RAB8A|SYP|S100B|GSG1L|SHISA6|SHISA8|SHISA9|KMT2A|NF1|RAB3GAP1|KCNJ10|GRIN2A|GRIN2C|EPHB2|KRAS|ARC|DRD2|RAC1|FMR1|SLC4A10|SYAP1|RASGRF1|NCDN|APP|CNTN2|NOG|GRIN1|SHANK3|DLG4|CAMK2A|JPH3|PPFIA3|ACP4|GRIK2|MCTP1|ZDHHC2|APOE|RAB5A|SYT4|CAMK2D,https://www.gsea-msigdb.org/gsea/msigdb/human/geneset/GOBP_REGULATION_OF_NEURONAL_SYNAPTIC_PLASTICITY,61,ENR,GOBP_REGULATION_OF_NEURONAL_SYNAPTIC_PLASTICITY,1,1E-3,GOBP_REGULATION_OF_NEURONAL_SYNAPTIC_PLASTICITY,FALSE,GOBP_REGULATION_OF_NEURONAL_SYNAPTIC_PLASTICITY
,3,3,3,0.999,,1E-3,,RPS6|CHRNB2|TNFRSF11A|CCL7|CLDN1|CPT1A|ACTC1|ATP5F1A|HMGCS2|NPPC|NR0B2|OPRM1|OXCT1|VCAM1|GLRA1|CAT|CD4|CCND1|CDK1|CRHBP|CREB1|GRIN2B|BIRC2|ELK1|EEF2|CASP8|IL13|LEP|RPL10A|DBH|SETD7|CDO1|DRD2|GLRA2|RGS4|EPS8|MT-CYB|PTH|BAK1|SLC10A1|MT-ND4|GATA3|CBL|ADH7|CD27|POLB|SLC2A4|PSMD14|ITPR2|GOT2|USP46|ALAD|CD68|FYN|ALAS1|CSF3|CLDN3|CLDN5|FGFR2|GRIA1|FOS|KCNC2|CA3|TBXAS1|GNRH1|DRD3|DRD4|SREBF1|NTRK3|MSTN|PRKCA|MYD88|PENK|GRIN3A|GSTP1|TNF|FOSB|OPRD1|TP53INP1|CYBB|GRIN2A|RGS2|HDAC2|TBXA2R|CRH|PPARA|CLDN18|STAT3|RARA|TGFB1|FGF2|TH|BGLAP|SLC23A2|PRKCE|DNMT3A|ADCYAP1R1|ADIPOQ|CYP7A1|OPRK1|RELA|S100A8|SDF4|AVP|IL2|TNC|SLC6A3|ABAT|GRIN1|HPGD|DMAP1|EEF1B2|SOD2|GABBR1|RBP4|FECH|SPI1|ADCY7|G6PD|FGF19|PRKAA1|SOD1|TACR1,https://www.gsea-msigdb.org/gsea/msigdb/human/geneset/GOBP_RESPONSE_TO_ETHANOL,123,ENR,GOBP_RESPONSE_TO_ETHANOL,1,1E-3,GOBP_RESPONSE_TO_ETHANOL,FALSE,GOBP_RESPONSE_TO_ETHANOL
41,3,3,3,0.999,,1E-3,,PHIP|PMAIP1|THBS1|BMP4|FEM1B|CAV1|TNFSF11|GFRAL|TNFSF14|TLR6|PYCARD|SGK3|TNFAIP3|AKT1|CFLAR|HSPA1B|FAIM|ITPRIP|PEA15|MADD|MAP2K5|ATF3|BIRC6|LTBR|BID|ACVR1|GSK3B|PTPRC|BCL10|GATA1|IGF1|CX3CL1|PML|ITGAV|CTTN|TMC8|SRC|TERT|TNFSF15|TRAF1|FGA|FGB|GRINA|DBH|PPP2R1A|STK3|STK4|CYLD|PPP1CA|DEPTOR|HMOX1|TNFSF10|HMGB2|PDIA3|PPP2R1B|AGTR2|AR|FADD|UNC5B|BCL2|RB1CC1|TMBIM1|BCL2L1|SP100|G0S2|SFRP1|PSME3|FASLG|RBCK1|HSPA1A|BMPR1B|ICAM1|DDX3X|RAF1|IL1B|RFFL|FYN|LGALS3|ITGA6|COL2A1|SH3RF1|DEDD2|BCL2L14|PELI3|SIAH2|PAK5|PARK7|EYA2|MAL|AGT|ARHGEF2|GCLC|ITM2C|GCLM|STRADB|FGG|GPER1|NOL3|NRG1|GDNF|GPX1|STX4|HGF|TCF7L2|IL19|ZSWIM2|GSTP1|TNF|TNFRSF12A|INHBA|CSF2|HTRA2|RPS6KB1|NF1|IFI6|SFRP2|SKIL|WWOX|LTA|MAPK7|LMNA|PF4|HYAL2|PAK2|TNFSF12|FAF1|MCL1|SRPX|FGFR1|IL1A|NRP1|TLR4|IL7|YAP1|PRDX2|LTB|RET|SNAI2|CD40LG|FAIM2|BRCA1|APP|HTT|RELA|TGFBR1|SCG2|RNF34|ACSL5|SERPINE1|BMP5|ZMYND11|NOS3|KLF4|CTNNA1|RIPK1|EYA1|EYA3|TRAF2|EYA4|FGF10|C8ORF44-SGK3|TGFB2,https://www.gsea-msigdb.org/gsea/msigdb/human/geneset/GOBP_REGULATION_OF_EXTRINSIC_APOPTOTIC_SIGNALING_PATHWAY,162,ENR,GOBP_REGULATION_OF_EXTRINSIC_APOPTOTIC_SIGNALING_PATHWAY,1,1E-3,GOBP_REGULATION_OF_EXTRINSIC_APOPTOTIC_SIGNALING_PATHWAY,FALSE,GOBP_REGULATION_OF_EXTRINSIC_APOPTOTIC_SIGNALING_PATHWAY
56,3,3,3,0.999,,1E-3,,BMP4|HAND2|MYH10|NOTCH1|KCNJ8|SUFU|APLN|FGF2|SRF|ABCC9|APLNR|SNX17|NRP1|SEC24B|SGCD|MMP21|TBX1|ARID2|VEGFA|VEGFB|PRICKLE1|TBX5|PDGFRB|HEY2|SPRED1|PRDM1|TGFBR1|MEGF8|NDST1|GPER1|DYNC2H1|PLXND1|APELA|ADAMTS6|CNTRL|DCTN5|TGFBR3|PTK7|LRP2|ZBTB14|MYOCD|SMAD6|AP2B1|TAB1|GPC3|GATA6|MESP1,https://www.gsea-msigdb.org/gsea/msigdb/human/geneset/GOBP_CORONARY_VASCULATURE_DEVELOPMENT,47,ENR,GOBP_CORONARY_VASCULATURE_DEVELOPMENT,1,1E-3,GOBP_CORONARY_VASCULATURE_DEVELOPMENT,FALSE,GOBP_CORONARY_VASCULATURE_DEVELOPMENT
,3,3,3,0.999,,1E-3,,ARFGEF2|ARFGEF1|GIT2|CYTH1|MYO9B|CYTH2|CYTH4|IQSEC1|GBF1|PSD|PSD2|PSD3|MAP4K4|PSD4|FBXO8|CYTH3|GIT1|IQSEC2|ARFGAP1|IQSEC3|ARFGEF3|MAPRE2,https://www.gsea-msigdb.org/gsea/msigdb/human/geneset/GOBP_ARF_PROTEIN_SIGNAL_TRANSDUCTION,22,ENR,GOBP_ARF_PROTEIN_SIGNAL_TRANSDUCTION,1,1E-3,GOBP_ARF_PROTEIN_SIGNAL_TRANSDUCTION,FALSE,GOBP_ARF_PROTEIN_SIGNAL_TRANSDUCTION
8,3,3,3,0.999,,1E-3,,THBS1|CAV3|ONECUT1|DKK3|PPARG|MTMR4|PMEPA1|GIPC1|NPNT|CFLAR|HSP90AB1|NKX2-1|OGT|LRRC32|FKBP1A|ING1|PPM1A|WFIKKN1|WFIKKN2|SPRED1|SPRED2|SPRED3|TWSG1|BRMS1L|SAP130|SAP30|SAP30L|SINHCAF|HDAC1|SNX25|SPRY1|SPRY2|SMAD3|DAND5|TGFBR3|FBN2|CDH3|BAMBI|LTBP1|MEN1|CDKN1C|MYOCD|CDKN2B|BRMS1|NRROS|OVOL2|CILP|EID2|FAM89B|LDLRAD4|LTBP4|VEPH1|SNW1|SMAD2|ASPN|TET1|SMAD7|ZEB1|TSC22D1|ZNF451|IL17F|SIRT1|SLC2A10|EMILIN1|PEG10|SUDS3|RNF111|STRAP|SOX11|HTRA1|DLX1|FBN1|GLG1|TP53|GDF15|CAV2|HSPA1A|STK11|RBBP4|CHST11|GOT1|NREP|BCL9|BCL9L|SKI|ITGA3|CITED1|AXIN1|ONECUT2|SKOR2|CD109|LATS1|SMURF1|LATS2|SMURF2|HSPA5|ITGA8|VASN|SNX6|HIPK2|ZBTB7A|STUB1|TGFB1I1|CIDEA|WNT1|INTS9|FOLR1|FERMT1|SKIL|SMAD4|SMAD6|HDAC2|CITED2|ZEB2|FKBP1C|PPARA|ING2|LEMD3|PDPK1|XBP1|SDCBP|ZNF703|ADAM17|IL4|ADISSP|PALS1|ENG|PBLD|ADAMTSL2|ARID4A|ARID4B|CREBBP|HTRA3|HTRA4|PRDM16|IL17RD|LOX|MECOM|USP15|RASL11B|TGFBR3L|TRIM33|EP300|FLCN|BMP2|PIN1|SIN3A|RBBP7|LRG1,https://www.gsea-msigdb.org/gsea/msigdb/human/geneset/GOBP_REGULATION_OF_CELLULAR_RESPONSE_TO_TRANSFORMING_GROWTH_FACTOR_BETA_STIMULUS,149,ENR,GOBP_REGULATION_OF_CELLULAR_RESPONSE_TO_TRANSFORMING_GROWTH_FACTOR_BETA_STIMULUS,1,1E-3,GOBP_REGULATION_OF_CELLULAR_RESPONSE_TO_TRANSFORMING_GROWTH_FACTOR_BETA_STIMULUS,FALSE,GOBP_REGULATION_OF_CELLULAR_RESPONSE_TO_TRANSFORMING_GROWTH_FACTOR_BETA_STIMULUS
5,3,3,3,0.999,,1E-3,,ABL1|FGFR1|CSMD2|IL1RAP|NRXN2|PTK2B|LATS1|RELN|ABI3|PTPRS|ARHGEF9|SLITRK3|PRICKLE1|CASKIN1|PTEN|CBLN1|SPTBN2|C1QL2|C1QL3|GAP43|CRIPT|NLGN2|NRXN1|CRK|LRFN1|CRKL|LRFN4|LRRC4B|LRRTM2|NTRK3|SHANK3|GRID2|NPTX1|NTNG2|PTPRD|ZDHHC12,https://www.gsea-msigdb.org/gsea/msigdb/human/geneset/GOBP_POSTSYNAPTIC_SPECIALIZATION_ASSEMBLY,36,ENR,GOBP_POSTSYNAPTIC_SPECIALIZATION_ASSEMBLY,1,1E-3,GOBP_POSTSYNAPTIC_SPECIALIZATION_ASSEMBLY,FALSE,GOBP_POSTSYNAPTIC_SPECIALIZATION_ASSEMBLY
,3,3,3,0.999,,1E-3,,GDE1|AGMAT|PDE1B|RNF180|ALDH2|SULT1A3|SRD5A1|TPH2|DDC|HTR1A|TPH1|AZIN2|ATP7A|GRIN2A|BTBD9,https://www.gsea-msigdb.org/gsea/msigdb/human/geneset/GOBP_PRIMARY_AMINO_COMPOUND_METABOLIC_PROCESS,15,ENR,GOBP_PRIMARY_AMINO_COMPOUND_METABOLIC_PROCESS,1,1E-3,GOBP_PRIMARY_AMINO_COMPOUND_METABOLIC_PROCESS,FALSE,GOBP_PRIMARY_AMINO_COMPOUND_METABOLIC_PROCESS
109,3,3,3,0.999,,1E-3,,CACNG4|CACNG5|CACNG8|CAV3|CNIH2|CNIH3|MINK1|PRRT1|DAPK1|SHISA7|ERRFI1|IL26|SOCS5|VPS25|OPRM1|CNRIP1|PSCA|GPRC5A|IL20|RAMP3|SOCS4|TAFA1|ADAM17|IL24|SNX6|CGA|CACNG3|CRHBP|ZFYVE28|ZGPAT|IL10|LYNX1|PATE4|CACNG2|CHMP6|IL19|SLURP2|GREM2|NCOA3|TSG101|CACNG7|CLEC12B|CRH|TAFA4,https://www.gsea-msigdb.org/gsea/msigdb/human/geneset/GOBP_REGULATION_OF_SIGNALING_RECEPTOR_ACTIVITY,44,ENR,GOBP_REGULATION_OF_SIGNALING_RECEPTOR_ACTIVITY,1,1E-3,GOBP_REGULATION_OF_SIGNALING_RECEPTOR_ACTIVITY,FALSE,GOBP_REGULATION_OF_SIGNALING_RECEPTOR_ACTIVITY
2,3,3,3,0.999,,1E-3,,CNTF|HMGA2|PLP1|ADORA2A|LAMC3|LIF|DLL1|PLPP3|MYCN|SERPINE2|DRD1|LARGE1|TAL1|TSPAN2|EPHA4|GAP43|PAX6|CLCF1|NTRK3|PSEN1|ROR1|ID4|PTPN11|S100B|IL6ST|HES1|HES5|GRN|TNF|EIF2B5|LAMB2|MAP2K1|NF1|F2|CDK6|BIN1|NR1D1|VIM|ZEB2|NAGLU|GCM1|KRAS|SMO|STAT3|CUL4B|IFNGR1|LRP1|MAPT|NOTCH1|TREM2|ABL1|EOMES|DAB1|TLR4|NR3C1|MAG|AGER|ID2|GFAP|IFNG|MFSD8|QKI|APP|C1QA|SHH|S100A8|TTC21B|CNTN2|S100A9|FPR2|GPR37L1|IL6|NOG|TTBK1|POU3F2|LDLR|VPS54|C5AR1|BMP2|MAPK1|MAPK3|VAX1|SOX9|IL1B|NR2E1|SOX8,https://www.gsea-msigdb.org/gsea/msigdb/human/geneset/GOBP_ASTROCYTE_DIFFERENTIATION,86,ENR,GOBP_ASTROCYTE_DIFFERENTIATION,1,1E-3,GOBP_ASTROCYTE_DIFFERENTIATION,FALSE,GOBP_ASTROCYTE_DIFFERENTIATION
57,3,3,3,0.999,,1E-3,,CNTF|CCL3|KCNJ8|ADORA2A|TLR1|DAGLA|TLR6|ITGB1|CD200|CD200R1|NUPR1|VPS13A|CCDC39|ITGAM|CST7|ITGB2|LARGE1|LYN|SPHK1|POMGNT1|MMP3|TYROBP|POMT2|PTPRC|IL18|SNCA|PSEN1|IGF1|CX3CL1|CX3CR1|GRN|TNF|IL13|JAK2|IFNGR2|NR1D1|ZEB2|NAGLU|SMO|IFNGR1|LRP1|MAPT|TREM2|CALHM2|TLR3|NR3C1|CD200R1L|TLR9|AGER|TNFRSF1B|IFNG|MMP9|IL4|AIF1|MMP8|APP|C1QA|SBNO1|FPR2|BPGM|GNAT2|IL6|TTBK1|AZU1|TAFA3|LDLR|ADCY1|VPS54|C5AR1|PTGS2|LRRK2|CTSC|ADCY8|STAP1|CLU|JUN|PLCG2|IL1B|SYT11|IL33,https://www.gsea-msigdb.org/gsea/msigdb/human/geneset/GOBP_NEUROINFLAMMATORY_RESPONSE,80,ENR,GOBP_NEUROINFLAMMATORY_RESPONSE,1,1E-3,GOBP_NEUROINFLAMMATORY_RESPONSE,FALSE,GOBP_NEUROINFLAMMATORY_RESPONSE
,3,3,3,0.999,,1E-3,,IRF3|PPARG|TAF1|TAF11|VDR|TAF13|TAF3|NCOA1|TAF4B|RXRA|TAF8|RXRB|TBP|ZIC3|NR1H2|THRA|NR1H3|S100A10|EPAS1|ATF4|THRB|SREBF1|ANXA2|NCBP1|NCBP2|CREB1|FLNA|HIPK3|MED1|DDX5|EREG|STAT3|HLTF|RARA|TFCP2|AP3B1|ATF2|ZBTB1|NCBP3|TAF2|TAF4|TAF5|TAF10|TAF6|TAF12|TAF7|TP53|TAF9|NFKBIZ|C5AR1|NCOA2,https://www.gsea-msigdb.org/gsea/msigdb/human/geneset/GOBP_MRNA_TRANSCRIPTION,51,ENR,GOBP_MRNA_TRANSCRIPTION,1,1E-3,GOBP_MRNA_TRANSCRIPTION,FALSE,GOBP_MRNA_TRANSCRIPTION
3,3,3,3,0.999,,1E-3,,BMP4|MYC|ACVRL1|DCHS1|WNT11|WNT3A|ACTA1|ACTC1|ADAMTS5|WNT5A|ACTA2|ACVR1|BMPR1A|FOXF1|RBPJ|SMAD3|APC|TGFBR2|ISL1|SNAI1|SMAD4|HEY1|HEYL|MDM2|TMEM100|SMAD2|TGFB1|FOXC1|NOTCH1|EXOC4|APLNR|FGFR1|GATA5|MSX1|MSX2|OSR1|TGFB3|MDM4|SNAI2|NCKAP1|ROBO1|ROBO2|HEY2|TBX20|ENG|TGFBR1|ACTG2|TAF10|CPLANE2|FOXC2|LEF1|NOG|BMP5|NOS3|TBX3|TWIST1|BMP7|BMP2|FGF8|SOX9|TBX2|TGFB2,https://www.gsea-msigdb.org/gsea/msigdb/human/geneset/GOBP_MESENCHYME_MORPHOGENESIS,62,ENR,GOBP_MESENCHYME_MORPHOGENESIS,1,1E-3,GOBP_MESENCHYME_MORPHOGENESIS,FALSE,GOBP_MESENCHYME_MORPHOGENESIS
33,3,3,3,0.999,,1E-3,,CLIP3|C3|ZDHHC7|CD2AP|OCLN|HK2|AKT1|AKT2|PEA15|PRKCI|SLC2A12|SGCB|SLC45A1|RAP1A|SLC45A4|ENPP1|SLC5A10|SLC5A9|TMEM144|DHRS7C|OSBPL8|RHOQ|YES1|SESN2|APPL1|APPL2|GRB10|PPARD|CERS1|GSK3A|RAB4B|SLC5A3|IGF1|PTPN11|INPP5K|HNF1A|INS|INSR|SLC27A1|IRS1|SIRT6|IRS2|SLC2A6|LEP|RSC1A1|TERT|CREBL2|CTNND1|SLC17A5|AQP2|PID1|AQP3|SLC25A27|SLC2A10|SLC2A9|ERFE|SLC2A1|PRKAG2|SLC26A5|SORT1|PTH|PLA2G1B|SELENON|AQP11|SELENOS|SORBS1|BRAF|C2CD5|SLC2A4|STXBP3|IL1B|MFSD2B|RTN2|C1QTNF12|SLC5A2|CAPN10|SLC45A3|SLC1A2|EDN1|EDNRA|SLC23A1|SLC27A4|DRD1|ARPP19|SLC2A2|FFAR4|TRIB3|SLC50A1|PTPRM|KLF15|AQP1|CLTCL1|NFE2L2|SLC5A11|TNF|PIK3R1|SMPD3|FABP5|TSC1|AQP10|AQP7|AQP7B|GPC3|MFSD12|AQP9|PRKCB|SLC45A2|PPBP|MEF2A|ASPSCR1|SLC23A2|ACACB|SLC2A11|SLC2A14|ADIPOQ|SLC2A3|MAPK14|SLC2A7|SLC2A8|NR4A3|OPN3|ITLN1|TRARG1|RNASEL|OSTN|SLC26A6|SLC2A5|FGF19|SLC5A1|MFSD2A|STXBP4,https://www.gsea-msigdb.org/gsea/msigdb/human/geneset/GOBP_CARBOHYDRATE_TRANSPORT,131,ENR,GOBP_CARBOHYDRATE_TRANSPORT,1,1E-3,GOBP_CARBOHYDRATE_TRANSPORT,FALSE,GOBP_CARBOHYDRATE_TRANSPORT
14,3,3,3,0.999,,1E-3,,BMAL1|FA2H|SMO|PKP3|MYSM1|FST|MSX2|CLOCK|NUMA1|WNT10B|WNT5A|TSKU|TRPV3|NGFR|GAL|PER1|TRADD|KRT17|NIPBL|EPS8L3|TNF|CDH3|FERMT1|TERT|SMAD4|FOXN1|DKK4|HPSE|TGFB2,https://www.gsea-msigdb.org/gsea/msigdb/human/geneset/GOBP_REGULATION_OF_HAIR_CYCLE,29,ENR,GOBP_REGULATION_OF_HAIR_CYCLE,1,1E-3,GOBP_REGULATION_OF_HAIR_CYCLE,FALSE,GOBP_REGULATION_OF_HAIR_CYCLE
46,3,3,3,0.999,,1E-3,,TENT4B|TIRAP|ELAVL4|DAZL|ARID5A|HNRNPA0|MAPK14|METTL16|QKI|MAPKAPK2|RBM10|HNRNPC|TARDBP|RBM24|YBX3|MYD88|LARP4B|RBM38|ANGEL2|RBM47|BOLL|NICOL1|ZFP36|ELAVL1|TENT4A,https://www.gsea-msigdb.org/gsea/msigdb/human/geneset/GOBP_3_UTR_MEDIATED_MRNA_STABILIZATION,25,ENR,GOBP_3_UTR_MEDIATED_MRNA_STABILIZATION,1,1E-3,GOBP_3_UTR_MEDIATED_MRNA_STABILIZATION,FALSE,GOBP_3_UTR_MEDIATED_MRNA_STABILIZATION
1,3,3,3,0.999,,1E-3,,ACVR2B|COL4A1|ACVRL1|HIF1A|TGFB1|NDP|NRP1|PDGFRA|ROM1|RHOJ|CLIC4|LAMA1|VSTM4|CYP1B1|ARHGEF15|FZD4|PDGFRB|LARGE1|BMPR2|LRP5,https://www.gsea-msigdb.org/gsea/msigdb/human/geneset/GOBP_RETINA_VASCULATURE_DEVELOPMENT_IN_CAMERA_TYPE_EYE,20,ENR,GOBP_RETINA_VASCULATURE_DEVELOPMENT_IN_CAMERA_TYPE_EYE,1,1E-3,GOBP_RETINA_VASCULATURE_DEVELOPMENT_IN_CAMERA_TYPE_EYE,FALSE,GOBP_RETINA_VASCULATURE_DEVELOPMENT_IN_CAMERA_TYPE_EYE
20,3,3,3,0.999,,1E-3,,H6PD|HIF1A|REST|CHST8|CHST9|DKK3|HSD17B7|SRD5A1|DIO2|SRD5A2|LHCGR|HSD3B1|PDE8B|ATP1A1|ADM|TG|TPO|SCP2|RDH8|DGKQ|FFAR3|EGR1|BMP6|DUOX2|HFE|CYP17A1|DAB2|HSD17B3|LHB|MED1|HSD17B1|HSD17B12|SRD5A3|TSPO|AKR1B1|CYP19A1|CYP21A2|NR5A2|NR3C1|FDX1|AANAT|POR|HSD17B2|ARNT|DIO1|DIO3|DUOX1|AKR1B15|BMP5|HSD17B11|HSD17B6|STC2|DHRS11|CACNA1H|CLCN2|STARD3|BMP2|CYP11A1|CYP11B1|WNT4|HSD17B8,https://www.gsea-msigdb.org/gsea/msigdb/human/geneset/GOBP_HORMONE_BIOSYNTHETIC_PROCESS,61,ENR,GOBP_HORMONE_BIOSYNTHETIC_PROCESS,1,1E-3,GOBP_HORMONE_BIOSYNTHETIC_PROCESS,FALSE,GOBP_HORMONE_BIOSYNTHETIC_PROCESS
12,3,3,3,0.999,,1E-3,,CHRNA3|TOR1A|CHRNB2|ADORA2A|HTR2A|ITGB1|GRM7|ATP1A2|P2RY1|P2RX7|DRD1|KCNB1|DRD3|PINK1|CHGA|DRD4|SDHD|GRK2|SEPTIN2|STX1A|FFAR3|GDNF|SLC38A2|RHCG|SNCA|ADRA2A|PSEN1|SLC22A2|SLC44A1|CHRNA6|SLC44A2|SYT1|FLVCR2|CXCL12|TNF|RAB3GAP1|LEP|RGS2|ADORA3|ADRA2B|ADRA2C|FLVCR1|KMO|AQP8|CRH|AQP9|DTNBP1|PER2|PRKN|RHAG|SNCG|NPY5R|SLC7A5|SLC18A1|SLC17A8|SLC18A2|GHSR|SLC38A3|DRD2|PRKG1|RGS4|CHRNA4|ARL6IP5|TACR2|ADORA1|OPRK1|OXT|AVP|AVPR1A|CLTRN|ARL6IP1|SLC43A1|SLC43A2|ABAT|KCNA2|GABBR1|NTSR1|SLC12A2|SLC22A16|TRH|NPY2R|RAB3B|STXBP1|ACE2|GRM2|FGF20|SYT11|SYT4,https://www.gsea-msigdb.org/gsea/msigdb/human/geneset/GOBP_AMINE_TRANSPORT,88,ENR,GOBP_AMINE_TRANSPORT,1,1E-3,GOBP_AMINE_TRANSPORT,FALSE,GOBP_AMINE_TRANSPORT
24,3,3,3,0.999,,1E-3,,EPHB2|CUX2|LZTS3|SLC30A1|ABI2|EFNA1|CFL1|NGEF|ARHGAP33|KIF1A|DHX36|ARC|RELN|ABI3|CAMK2B|LRP8|GPRASP3|STAU2|PAFAH1B1|ARMCX5-GPRASP2|EEF2K|EPHA4|SIPA1L1|SRCIN1|NLGN1|ARHGAP44|PDLIM5|DBN1|PPFIA2|ITPKA|SHANK3|IL1RAPL1|CDK5|CDK5R1|PTPRD|BAIAP2|LRRK2|ZDHHC15|CAPRIN2|CAPRIN1|TANC2|DTNBP1,https://www.gsea-msigdb.org/gsea/msigdb/human/geneset/GOBP_REGULATION_OF_DENDRITIC_SPINE_MORPHOGENESIS,42,ENR,GOBP_REGULATION_OF_DENDRITIC_SPINE_MORPHOGENESIS,1,1E-3,GOBP_REGULATION_OF_DENDRITIC_SPINE_MORPHOGENESIS,FALSE,GOBP_REGULATION_OF_DENDRITIC_SPINE_MORPHOGENESIS
105,3,3,3,0.999,,1E-3,,HAND2|INSM1|TP63|SIX1|NRP1|TFAP2B|ACKR3|FN1|NTRK1|PLXNA3|TBX1|EDNRB|VCAM1|FZD3|EDNRA|RET|PRLH|TLX2|SOX11|TFAP2A|GFRA3|SEMA3F|SOX10|EGR2|GATA3|GDNF|KIF26A|NRP2|NAV2|PHACTR4|CTNNB1|SLC6A4|SOX4|ADARB1|HES1|PLXNA4|HLX|NF1|SEMA3A|HOXB1|HOXB2|PHOX2A|ASCL1|SOX8,https://www.gsea-msigdb.org/gsea/msigdb/human/geneset/GOBP_AUTONOMIC_NERVOUS_SYSTEM_DEVELOPMENT,44,ENR,GOBP_AUTONOMIC_NERVOUS_SYSTEM_DEVELOPMENT,1,1E-3,GOBP_AUTONOMIC_NERVOUS_SYSTEM_DEVELOPMENT,FALSE,GOBP_AUTONOMIC_NERVOUS_SYSTEM_DEVELOPMENT
21,3,3,3,0.999,,1E-3,,THBS1|SYNJ2BP|PIK3CB|STARD13|PDPK1|FGF2|DLL1|GHRL|GHSR|JMJD8|FUT1|VEGFA|PPP1R16B|S100A1|ADAMTS9|JAK1|ADGRG6|CLIC3|DSG2|TJP1|EPN1|EPN2|ALOX5|FGF1|CREB3L1|FGF16|PKM|FGF18|IL10|E2F2|JCAD|HMGB1|BMPER|RHOJ|SMAD1|CEMIP2|KLF4|ITGA5|TNN|ZNF354C|TSPAN18|KLF2|CEACAM1|TGM2|GLUL|SEMA6A,https://www.gsea-msigdb.org/gsea/msigdb/human/geneset/GOBP_REGULATION_OF_SPROUTING_ANGIOGENESIS,46,ENR,GOBP_REGULATION_OF_SPROUTING_ANGIOGENESIS,1,1E-3,GOBP_REGULATION_OF_SPROUTING_ANGIOGENESIS,FALSE,GOBP_REGULATION_OF_SPROUTING_ANGIOGENESIS
19,3,3,3,0.999,,1E-3,,WNT3A|ANGPT1|APLN|APLNR|HAMP|DRD2|FMR1|VEGFA|CD63|AHI1|MAGI2|PCSK9|AP2M1|SFRP4|APP|ARRB2|PICK1|ATAD1|SELE|NTF3|APELA|TBC1D5|INSR|GREM1|ARRB1|EGF|PLCG2|SYK|DTNBP1,https://www.gsea-msigdb.org/gsea/msigdb/human/geneset/GOBP_POSITIVE_REGULATION_OF_RECEPTOR_INTERNALIZATION,29,ENR,GOBP_POSITIVE_REGULATION_OF_RECEPTOR_INTERNALIZATION,1,1E-3,GOBP_POSITIVE_REGULATION_OF_RECEPTOR_INTERNALIZATION,FALSE,GOBP_POSITIVE_REGULATION_OF_RECEPTOR_INTERNALIZATION
31,3,3,3,0.999,,1E-3,,SFRP5|WNT11|DKK3|WNT3A|GID8|FAM53B|RNF220|FGF9|LBX2|MKS1|WNT5B|ALPK2|GLI3|RBMS3|DLX5|JUP|CSNK1G2|LIMD1|MCC|GRB10|GSK3A|PPP2CA|WNK2|GSK3B|HDAC1|PSEN1|RBPJ|APCDD1L|C12ORF43|SENP2|CBY1|IGFBP6|TLE6|TMEM237|DKKL1|CCDC134|ZBED3|BAMBI|SRC|BARX1|MDFIC|NOTUM|LMBR1L|SALL1|DKK4|MESP1|STK3|STK4|CSNK1A1|TNKS|COL1A1|CYLD|PPP1CA|TNKS2|DAB2IP|FZD7|UBE2B|IGFBP4|NPPA|MDFI|PRICKLE1|NLK|KANK1|RSPO3|SOX17|SOX4|GREM1|HSP90B1|TMEM88|GSC|NXN|USP34|USP47|SKI|SCEL|ADGRA2|ITGA3|CITED1|AXIN1|FGFR2|SIAH2|LATS1|LATS2|RNF146|SMURF2|LGR4|CCDC88C|WNT10B|DKK1|RNF14|SDHAF2|SFRP4|FZD9|LGR6|TBL1X|APCDD1|MDK|RSPO2|FZD1|GSKIP|HIC1|OTUD5|KLF15|CSNK1D|DAB2|SFRP2|CDC73|WWOX|CAPRIN2|CHD8|VCP|EMD|UBR5|OTULIN|ATP6V0C|ABL1|ZRANB1|PBXIP1|ADNP|WWTR1|AMER1|RECK|PTPRO|ZNF703|SNAI2|AXIN2|SPEF1|ANKRD6|NFATC4|SHH|LRP4|SOX10|DACT3|IGFBP1|CSNK2A1|NLE1|VANGL2|EGFR|TPBG|NRARP|WNK1|BMP2|LRRK2|DAPK3|PIN1|EGF|MACF1|TMEM196|FGF10|PRDM15|APOE|SOSTDC1|CAV1|HMGA2|NKD2|ASPM|CCAR2|CTDNEP1|TLR2|MBD2|TNFAIP3|TRPM4|PLPP3|EDA|AMFR|MAD2L2|PPM1A|IFT80|RPS12|WNT5A|ATP6AP2|PPP2R3A|TAX1BP3|TSKU|CTNNBIP1|SPIN1|TIAM1|TLE5|ATP6V1C2|PPM1N|EGR1|RNF43|FOXO1|ZNRF3|SMAD3|CXXC4|PTPRU|GPRC5B|CER1|SHISA6|RACK1|XIAP|HNF1B|CDK14|TBL1XR1|TLE1|CDH2|CDH3|FRZB|TERT|TBX18|LZTS2|NFKB1|NKX2-5|IGFBP2|WLS|HMGXB4|MESD|LRP1|DACT1|CCNY|SOX13|RUVBL1|PFDN5|RUVBL2|TMEM131L|IFT20|SCYL2|SNX3|SMARCA4|POU5F1|CTHRC1|CTNND2|VPS35|NOG|CSNK1G1|CSNK1G3|DEPDC1B|DKK2|WIF1|GPC5|JRK|FZD6|LGR5|SFRP1|LYPD6|PCDH11Y|PLEKHA4|RSPO4|TLE3|SPIN4|STK11|GNAQ|TMEM198|SIX3|DDX3X|SOX2|ILK|RBX1|DAAM2|UBAC2|CCNYL1|SHISA2|RNF213|RSPO1|SOST|TRABD2A|TRABD2B|FOXL1|DDIT3|DISC1|DCDC2|SOX30|FUZ|HECW1|AMER2|AMER3|BICC1|CSNK1A1L|INVS|SHISA3|TCF7L1|CTNNB1|TLE2|TCF7L2|TLE7|TLE4|TMEM170B|TPBGL|APC|APC2|FOLR1|ISL1|FERMT1|PTK7|FRMD8|KREMEN1|G3BP1|TSC2|SMAD4|USP8|ZEB2|GPC3|NKD1|PRKN|TMEM132A|BMAL1|BTRC|TGFB1|NOTCH1|VGLL4|FGF2|MDFIC2|CCN4|GLI1|DIXDC1|FRAT1|TMEM9|CRBN|CSNK1E|HHEX|PPM1B|YAP1|LRRK1|MLLT3|DRAXIN|MAPK14|NPHP3|APP|NPHP4|SBNO1|TTC21B|SEMA5A|LEF1|TMEM64|JADE1|FOXO3|NHERF1|KPNA1|WNT3|SOX9|SULF1|SULF2,https://www.gsea-msigdb.org/gsea/msigdb/human/geneset/GOBP_REGULATION_OF_WNT_SIGNALING_PATHWAY,333,ENR,GOBP_REGULATION_OF_WNT_SIGNALING_PATHWAY,1,1E-3,GOBP_REGULATION_OF_WNT_SIGNALING_PATHWAY,FALSE,GOBP_REGULATION_OF_WNT_SIGNALING_PATHWAY
32,3,3,3,0.999,,1E-3,,DLG2|NDEL1|DYNC1H1|ACTR10|DST|AGBL4|TMEM108|FBXW11|AGTPBP1|KIF1C|HAP1|KIF1A|MGARP|KIF1B|RUFY4|KIF5A|KIF5B|SNAPIN|RUFY3|SOD1|PAFAH1B1|NEFL|MAP1A,https://www.gsea-msigdb.org/gsea/msigdb/human/geneset/GOBP_RETROGRADE_AXONAL_TRANSPORT,23,ENR,GOBP_RETROGRADE_AXONAL_TRANSPORT,1,1E-3,GOBP_RETROGRADE_AXONAL_TRANSPORT,FALSE,GOBP_RETROGRADE_AXONAL_TRANSPORT
39,3,3,3,0.999,,1E-3,,BMP4|TMEM201|HAND2|HIF1A|PITX2|SGPL1|CFL1|VIL1|CCN3|GNA12|AKT1|KRT16|KRT2|GJA1|DOCK5|PAFAH1B1|CDC42|FUT8|LAMA5|APPL1|CENPV|APPL2|MCC|PPARD|AMOTL1|IRS2|SRC|MTOR|CAPN7|OVOL2|MESP1|SMO|NRTN|DAB2IP|GDF6|EDN3|PIP5K1A|EDNRB|FAT2|VEGFA|DUSP10|PKN2|PROX1|NCKAP1|BMPR2|FER|KANK1|PFN1|PFN2|PKN3|BRAF|RADIL|TACSTD2|SOX17|WASF2|ADIPOR1|CAP1|RAB25|AGO2|CYGB|DMTN|PLCG1|PLCG2|RFFL|ADAM9|ACVR1C|ITGA2|ITGA3|AMOT|ITGA4|AMOTL2|ITGB1|ITGB3|TAC1|ITGB7|EDN1|SMURF2|EDNRA|KIT|KITLG|ERBB4|ITGB1BP1|PTEN|FGF7|CLN3|PTPRG|LTB4R2|MEGF8|ARF6|MMP2|GDNF|NRP2|HDAC6|IQSEC1|MSTN|PAK1|SASH1|ARHGAP4|PPM1F|ARHGAP5|MAP4K4|SEMA3A|ARHGDIB|SEMA3B|SEMA3C|FAM114A1|NANOS1|SEMA3D|SEMA3E|SNAI1|SEMA3G|SEMA4B|SEMA4C|SEMA4D|SEMA4F|SEMA4G|SEMA5B|SEMA6A|SEMA6B|SEMA6C|SEMA6D|PRR5L|EPB41L5|PTK2|PRKCE|TBX1|RAC1|TNS1|IFNG|MMP9|RET|SNAI2|ZFAND5|IL4|ROCK1|BAG4|ITGB4|RTN4|SHH|ENG|SOX10|TGFBR1|PLEC|HBEGF|PHACTR4|TPBG|BMP7|PTPN23|MACF1|JUN|FGF10|FGF8|SOX8|TACR1|LRP5|TGFB2|INSL3|THBS1|C1QBP|OCLN|FN1|RIC8A|IQGAP1|MTA2|RAB11A|CD63|WNT5A|SYDE1|ACVR1|ANLN|PTPRR|PTPN11|SMAD3|CER1|PML|YTHDF3|FBN2|CDH2|CLASP1|CLASP2|EFNB1|MAPRE2|SMAD2|PKN1|DDR2|SEMA7A|KANK2|RCC2|ACVR2B|CORO1C|SDC4|TWIST1|GNA13|CTSH|HAS2|ILK|DAAM2|TESK1|EVL|MIXL1|ARHGEF7|PDLIM1|SRGAP2|ACVR1B|HAS1|ACTA2|EPPK1|AKAP12|DOCK1|ARSB|EPB41L4B|CORO1A|AQP1|ENPP2|TGFBR2|FOLR1|ISL1|FERMT1|SMAD4|RREB1|MACIR|TIMP1|ZEB2|GPC3|HYAL2|TGFB1|FGF2|LAMTOR2|NRP1|MARVELD3|WDPCP|HTR2B|CRB2|SEMA3F|SEMA5A|NODAL|APELA|NHERF1|CALR|SEMA4A|FGF19|SOX9|ARID5B|CD248|GLIPR2|LRG1,https://www.gsea-msigdb.org/gsea/msigdb/human/geneset/GOBP_AMEBOIDAL_TYPE_CELL_MIGRATION,246,ENR,GOBP_AMEBOIDAL_TYPE_CELL_MIGRATION,1,1E-3,GOBP_AMEBOIDAL_TYPE_CELL_MIGRATION,FALSE,GOBP_AMEBOIDAL_TYPE_CELL_MIGRATION
,3,3,3,0.999,,1E-3,,CSPG4|CD2AP|ITGA2|MYH10|STK4|EPHA8|SDCBP|NRP1|ATP5F1B|NCK1|EPB41L5|FN1|VEGFC|SNAI2|ITGB1BP1|SHTN1|ADAM8|ROBO1|ITGA11|NTN1|OPHN1|STON1|PTPRC|FBLN1|ANKS1A|TNFRSF12A|SLIT2|CTTN|P2RY12,https://www.gsea-msigdb.org/gsea/msigdb/human/geneset/GOBP_SUBSTRATE_DEPENDENT_CELL_MIGRATION,29,ENR,GOBP_SUBSTRATE_DEPENDENT_CELL_MIGRATION,1,1E-3,GOBP_SUBSTRATE_DEPENDENT_CELL_MIGRATION,FALSE,GOBP_SUBSTRATE_DEPENDENT_CELL_MIGRATION
27,3,3,3,0.999,,1E-3,,SMO|ZNF365|AGTPBP1|DLL1|WNT7A|TRNP1|GLI1|GLI2|SKOR2|GBA1|COMT|SERPINE2|ATP7A|HERC1|PROX1|CBLN1|FAIM2|SPTBN2|LHX1|LHX5|KIF14|OPHN1|TTC21B|KNDC1|NRXN1|TUBA1A|TTLL1|SLC25A46|PTPN11|CDK5|GRID2|COQ8B|WHRN|CEND1|LDB1|MAP2K1|RORA|FOXP2,https://www.gsea-msigdb.org/gsea/msigdb/human/geneset/GOBP_CEREBELLAR_CORTEX_MORPHOGENESIS,38,ENR,GOBP_CEREBELLAR_CORTEX_MORPHOGENESIS,1,1E-3,GOBP_CEREBELLAR_CORTEX_MORPHOGENESIS,FALSE,GOBP_CEREBELLAR_CORTEX_MORPHOGENESIS
5,3,3,3,0.999,,1E-3,,WNT3A|IL1RAP|WNT7A|CACNA2D3|IL1RAPL2|LRFN3|SLITRK2|CLSTN3|FARP1|SLITRK3|CBLN1|DKK1|SLITRK1|APP|MDGA1|LRRTM3|NLGN2|NRXN1|VPS35|ARF6|LRFN4|LRRC4B|FZD1|SNCA|NTRK3|IL1RAPL1|GRID2|NTNG2|EIF4G1|IGSF11|GPC4|LRFN5,https://www.gsea-msigdb.org/gsea/msigdb/human/geneset/GOBP_REGULATION_OF_PRESYNAPSE_ORGANIZATION,32,ENR,GOBP_REGULATION_OF_PRESYNAPSE_ORGANIZATION,1,1E-3,GOBP_REGULATION_OF_PRESYNAPSE_ORGANIZATION,FALSE,GOBP_REGULATION_OF_PRESYNAPSE_ORGANIZATION
90,3,3,3,0.999,,1E-3,,SMO|MYC|FGFR1|SIX1|FGF9|FGFR2|TBX1|MYCN|WNT5A|CHRD|PRRX1|SHH|PDGFA|BMPR1A|FOXF1|WNT2|CTNNB1|TGFBR2|ARHGAP5|IRS2|FOXP2|IHH|KDR|STAT1|SOX9|SHOX2|LRP5,https://www.gsea-msigdb.org/gsea/msigdb/human/geneset/GOBP_POSITIVE_REGULATION_OF_MESENCHYMAL_CELL_PROLIFERATION,27,ENR,GOBP_POSITIVE_REGULATION_OF_MESENCHYMAL_CELL_PROLIFERATION,1,1E-3,GOBP_POSITIVE_REGULATION_OF_MESENCHYMAL_CELL_PROLIFERATION,FALSE,GOBP_POSITIVE_REGULATION_OF_MESENCHYMAL_CELL_PROLIFERATION
34,3,3,3,0.999,,1E-3,,ADGRB3|CDC20|NEUROD2|FGF22|DAB1|SEMA7A|DAB2IP|NEURL1|RELN|CAMK2B|NRN1|FGF7|ROCK1|SNX27|DISC1|NEFL|NFATC4|C1QL2|NRXN1|VPS35|ANAPC2|DLGAP4|IGSF9|YWHAZ|CLSTN1|AGO2|ARHGEF15|CNTNAP1,https://www.gsea-msigdb.org/gsea/msigdb/human/geneset/GOBP_REGULATION_OF_SYNAPSE_MATURATION,28,ENR,GOBP_REGULATION_OF_SYNAPSE_MATURATION,1,1E-3,GOBP_REGULATION_OF_SYNAPSE_MATURATION,FALSE,GOBP_REGULATION_OF_SYNAPSE_MATURATION
44,3,3,3,0.999,,1E-3,,STAT3|BMP4|NCBP1|SRRT|NCBP2|PUS10|SMAD2|TGFB1|HNRNPA2B1|IL6|DGCR8|SMAD3|SMAD1|LIN28B|SRSF3|DROSHA|DDX5|METTL3,https://www.gsea-msigdb.org/gsea/msigdb/human/geneset/GOBP_PRIMARY_MIRNA_PROCESSING,18,ENR,GOBP_PRIMARY_MIRNA_PROCESSING,1,1E-3,GOBP_PRIMARY_MIRNA_PROCESSING,FALSE,GOBP_PRIMARY_MIRNA_PROCESSING
118,3,3,3,0.999,,1E-3,,IL34|BMP4|MYC|IRF7|PPARG|SP3|APCS|ZFP36L1|VEGFA|CD74|FASN|CD4|INPP5D|HLA-DRB1|CTNNBIP1|PDE1B|FES|GPR68|PIR|CSF1|CSF1R|DCSTAMP|IL31RA|MT1G|MYH9|ACIN1|THOC5|CSF2|IFI16|ZBTB46|HOXA7|MED1|PDE2A|CDK6|JUN|FOXP1,https://www.gsea-msigdb.org/gsea/msigdb/human/geneset/GOBP_MONOCYTE_DIFFERENTIATION,36,ENR,GOBP_MONOCYTE_DIFFERENTIATION,1,1E-3,GOBP_MONOCYTE_DIFFERENTIATION,FALSE,GOBP_MONOCYTE_DIFFERENTIATION
17,3,3,3,0.999,,1E-3,,CCL28|ONECUT1|MINK1|CFL1|ARL2|HRG|CCR7|NPNT|DAG1|DLC1|DOCK5|JUP|RRAS|CDC42|PDGFB|SPRY4|GFUS|CRK|GSK3B|CRKL|CSF1|CX3CL1|ITGA5|HACD1|RASA1|SRC|CD36|HSD17B12|PKP2|FGA|FGB|GBP1|PIK3CB|STK4|COL1A1|FZD7|HTN1|VEGFA|EMILIN1|EMP2|PKHD1|ARHGAP6|BCL2|KANK1|MYOC|UTRN|BRAF|NPY|PEAK1|SKAP1|TACSTD2|AP1AR|GREM1|CIB1|HOXA7|MYF5|FZD4|DMTN|ADAM15|ITGA3|CCN1|CDH13|ITGB3|MYADM|CARMIL1|EFNA5|ITGB1BP1|PTEN|RHOA|MDK|MMP14|MMP12|PPM1F|DAB2|NEDD9|LDB1|MAP4K4|NF1|MELTF|SEMA3E|KDR|PLG|ABL1|PREX1|EPB41L5|PTK2|NF2|PTK2B|PTPRJ|PRKCE|PTPRO|RAC1|PTPN1|RAC2|RAC3|ROCK1|CDKN2A|TRIOBP|SERPINE1|WASHC2C|NPY2R|DAPK3|SPOCK1|MACF1|RHOD|THBS1|POLDIP2|THY1|C1QBP|TBCD|P4HB|EPHA3|FN1|FUT1|PLPP3|AGR2|LIMS1|ACTN4|DUSP22|OLFM4|FOXF1|FLNA|GPM6B|SMAD3|ACTG1|CLASP1|CDK6|CLASP2|PTPRA|FAM107A|LIMCH1|CORO2B|UNC13D|DDR1|SLC9A1|NEXMIF|RCC2|CORO1C|FBLN1|SDC4|SFRP1|HAS2|ALOX15|APOA1|ILK|TESK1|ACVRL1|AJAP1|ANGPT2|JAG1|BCL6|ONECUT2|CASK|CAMSAP3|S100A10|ARHGEF7|PDPN|ABI3BP|ARPC2|CD3E|CASS4|CCDC80|CEACAM6|DISC1|DUSP3|COL16A1|COL26A1|COL8A1|CSPG5|DMP1|DOCK1|ECM2|EDIL3|EFEMP2|EGFL6|FGG|EGFLAM|WNT1|EPHA1|FBLN2|TLN1|LIMS2|PIK3R1|PLET1|FERMT1|JAK2|NDNF|NID1|PLEKHA2|TSC1|RELL2|RIN2|RREB1|VCL|RSU1|ATXN3|SPOCK2|VIT|VWC2|ACER2|NOTCH1|NRP1|PHLDB2|PLAU|WDPCP|APOD|LEF1|TEK|BST1|POSTN|SLK|CALR|ROCK2|VTN|FERMT2|WNT4|CCL21|GCNT2|CCL25,https://www.gsea-msigdb.org/gsea/msigdb/human/geneset/GOBP_REGULATION_OF_CELL_SUBSTRATE_ADHESION,219,ENR,GOBP_REGULATION_OF_CELL_SUBSTRATE_ADHESION,1,1E-3,GOBP_REGULATION_OF_CELL_SUBSTRATE_ADHESION,FALSE,GOBP_REGULATION_OF_CELL_SUBSTRATE_ADHESION
5,3,3,3,0.999,,1E-3,,THY1|MUSK|TNFAIP6|DOK7|AGRN|ITGA4|SHISA7|ITGAL|NRXN2|DLG1|DNAJA3|ITGB7|GRIPAP1|ITGB1BP1|CD81|ITGB2|SSNA1|LRRC7|MAGI2|SYNGAP1|FZD9|MADCAM1|CD53|CRK|GSN|CRKL|FLNA|CHRDL1|LHFPL4|SLC7A11|SHISA6|SSH1|RER1|CDH2|FRRS1L|NME7|RAPSN|DLG2|MESD|SCRIB|ETV5|PTN|RAC1|RELN|FARP1|GLRB|SLITRK3|FNTA|WDR19|DVL1|GPHN|LRP4|NLGN1|NLGN2|NRXN1|PICK1|SHANK3|DLG4|CDK5|GRIK2|COLQ|DLG3|ZDHHC2|APOE|PIGR,https://www.gsea-msigdb.org/gsea/msigdb/human/geneset/GOBP_RECEPTOR_CLUSTERING,65,ENR,GOBP_RECEPTOR_CLUSTERING,1,1E-3,GOBP_RECEPTOR_CLUSTERING,FALSE,GOBP_RECEPTOR_CLUSTERING
36,3,3,3,0.999,,1E-3,,EPHB2|ABL1|ADORA2A|CHRNA7|FAM107A|SHISA7|PRKAR1B|PTN|AGER|ARC|PDE9A|DRD2|RELN|LILRB2|EIF2AK4|PAIP2|CYP46A1|LGMN|ADORA1|EPHA4|APP|AKAP5|NCSTN|TYROBP|GSK3B|CREB1|MME|NRGN|FXR1|SHANK3|NSG1|STAU1|YTHDF1|ADCY1|INS|SQSTM1|C22ORF39|NF1|PRNP|IGSF11|ADCY8|ZDHHC2|APOE,https://www.gsea-msigdb.org/gsea/msigdb/human/geneset/GOBP_REGULATION_OF_LONG_TERM_SYNAPTIC_POTENTIATION,43,ENR,GOBP_REGULATION_OF_LONG_TERM_SYNAPTIC_POTENTIATION,1,1E-3,GOBP_REGULATION_OF_LONG_TERM_SYNAPTIC_POTENTIATION,FALSE,GOBP_REGULATION_OF_LONG_TERM_SYNAPTIC_POTENTIATION
5,3,3,3,0.999,,1E-3,,NLGN4Y|NLGN3|WNT3A|IL1RAP|WNT7A|NLGN4X|IL1RAPL2|LRFN3|SLITRK2|CLSTN3|EFNB2|FARP1|SLITRK3|PTEN|WNT5A|CBLN1|DKK1|SLITRK1|APP|DVL1|MDGA1|LRP4|LRRTM3|NLGN1|CNTN5|NLGN2|NRXN1|PCDH17|VPS35|ARF6|PCLO|LRFN4|LRRC4B|FZD1|SNCA|NTRK3|IL1RAPL1|BSN|GRID2|NTNG2|PTPRD|EIF4G1|IGSF11|GPC4|LRFN5,https://www.gsea-msigdb.org/gsea/msigdb/human/geneset/GOBP_PRESYNAPSE_ASSEMBLY,45,ENR,GOBP_PRESYNAPSE_ASSEMBLY,1,1E-3,GOBP_PRESYNAPSE_ASSEMBLY,FALSE,GOBP_PRESYNAPSE_ASSEMBLY
13,3,3,3,0.999,,1E-3,,CAV1|SCN1B|SCN3B|SCN4B|SCN5A|CTNNA3|HCN1|HCN3|KCNJ2|DSC2|DSP|TRPM4|SCN2B|AKAP9|KCNQ1|KCNA5|HCN4|KCNE1|KCNH6|DSG2|JUP|ACE|CACNA1C|CACNA2D1|KCNE2|KCND3|KCNE3|KCNE4|KCNE5|KCNH2|KCNJ3|KCNJ5|ANK2|GJA5|YWHAE|ISL1|SRC|CACNA1D|CACNA1G|BIN1|PKP2|CACNB2|CAMK2D,https://www.gsea-msigdb.org/gsea/msigdb/human/geneset/GOBP_REGULATION_OF_HEART_RATE_BY_CARDIAC_CONDUCTION,43,ENR,GOBP_REGULATION_OF_HEART_RATE_BY_CARDIAC_CONDUCTION,1,1E-3,GOBP_REGULATION_OF_HEART_RATE_BY_CARDIAC_CONDUCTION,FALSE,GOBP_REGULATION_OF_HEART_RATE_BY_CARDIAC_CONDUCTION
2,3,3,3,0.999,,1E-3,,EPHA5|WNT3A|PITX2|CFL1|SRD5A1|SRD5A2|XRN2|PLXNA1|GLI3|ATG16L1|NKX2-1|ATP1A2|BBS4|OTP|DCLK2|RAN|PAFAH1B1|NEFL|KCNA1|KIF14|TSKU|CASP3|ATAT1|CRK|GSK3B|CRKL|ATP2B4|HDAC1|LMX1A|EIF2B5|UBB|YWHAE|CDK6|SMO|SRF|SOX3|HAP1|ZIC1|DRD2|SLC32A1|PROX1|TP73|PROP1|MKKS|BAX|NHLH2|DLX1|DLX2|TUBA1A|POU3F2|KDM6B|FOXB1|CDK5|CDK5R1|TBX3|BCAN|BTG2|XRCC1|BLOC1S6|BBS1|BBS2|NCOA1|FGFR2|ZIC3|OGDH|CNTNAP2|LRP8|PTEN|DRD1|FEZ1|LARGE1|EZH2|FGF13|POMGNT1|MDK|TMEM108|FXR2|POMT2|NRP2|FXR1|CTNNB1|ID4|CDK5R2|EMX2|FBXO41|NF1|PHLPP2|NDNF|RAB3GAP1|SEMA3E|TSC1|RAX|KIRREL3|VPS13B|PPP1R9B|UQCRQ|ZEB2|CRH|PIANP|SEMA6B|RARA|TBR1|FGFR1|DAB1|NRP1|ALK|NF2|PLXNA3|RELN|PTPRS|NEUROD1|LHX5|NR4A3|EZH1|LEF1|ALDH1A3|SCT|NR0B1|NR2E1|MFSD2A|HTR5A,https://www.gsea-msigdb.org/gsea/msigdb/human/geneset/GOBP_LIMBIC_SYSTEM_DEVELOPMENT,121,ENR,GOBP_LIMBIC_SYSTEM_DEVELOPMENT,1,1E-3,GOBP_LIMBIC_SYSTEM_DEVELOPMENT,FALSE,GOBP_LIMBIC_SYSTEM_DEVELOPMENT
72,3,3,3,0.999,,1E-3,,CNOT2|CNOT3|PNLDC1|SP3|SRF|EOMES|NR5A2|TET1|ACTL6A|MFNG|RBM46|BYSL|YAP1|CTR9|LATS1|LATS2|MFN2|RPL7L1|HAND1|HOPX|MXI1|CCNB1IP1|RTN4|SUPT6H|ZP3|PTPN18|RRP7A|MATR3|NODAL|SF3B6|TEAD4|GABPA|TM4SF1|FURIN|NLE1|SOX17|TFAP2C|ADA|HNF1B|KDM4C|SKIL|CUL3|PRDM14|JUNB|CDX2|CITED2|CNOT1|WDR74,https://www.gsea-msigdb.org/gsea/msigdb/human/geneset/GOBP_BLASTOCYST_FORMATION,48,ENR,GOBP_BLASTOCYST_FORMATION,1,1E-3,GOBP_BLASTOCYST_FORMATION,FALSE,GOBP_BLASTOCYST_FORMATION
82,3,3,3,0.999,,1E-3,,BMP4|MYC|HIF1A|REST|FOXA1|PPARG|NCOR2|FOS|NCOR1|NR1H2|MYCN|WT1|PRL|AGT|PDGFB|SREBF1|PAX6|SREBF2|NGFR|BMPR1A|PPARD|MRTFB|EGR1|GATA2|SMAD3|SMAD1|TNF|NOTCH3|MRTFA|ATOH8|TERT|DDX5|LILRB4|MYOCD|SMAD4|SMAD6|PPARA|STAT3|RARA|TGFB1|APLN|FGF2|SRF|NR3C1|ETS1|GNL3|VEGFA|SMARCA4|ESR1|AR|POU5F1|MYB|NFATC4|POU2F1|APP|RELA|FOSL1|NFIB|IL10|GATA3|IL6|TP53|NOTCH2|FOXO3|EGFR|ZNF512B|KLF4|TWIST1|SPI1|BMP2|TEAD1|JUN|SOX9|NFATC3|YY1|TGFB2,https://www.gsea-msigdb.org/gsea/msigdb/human/geneset/GOBP_MIRNA_TRANSCRIPTION,76,ENR,GOBP_MIRNA_TRANSCRIPTION,1,1E-3,GOBP_MIRNA_TRANSCRIPTION,FALSE,GOBP_MIRNA_TRANSCRIPTION
39,3,3,3,0.999,,1E-3,,THBS1|HYAL2|TGFB1|DDR2|FGF2|PRR5L|GNA12|PTK2|ITGB1|AKT1|ITGB3|WDPCP|PRKCE|RAC1|MTA2|ARHGEF7|ITGB1BP1|HAS1|CLN3|BAG4|FER|ACTA2|RCC2|AKAP12|APPL1|APPL2|CORO1C|BRAF|PAK1|SDC4|AQP1|NHERF1|ARHGAP4|GNA13|CYGB|DMTN|MACIR|RFFL|ZEB2,https://www.gsea-msigdb.org/gsea/msigdb/human/geneset/GOBP_REGULATION_OF_FIBROBLAST_MIGRATION,39,ENR,GOBP_REGULATION_OF_FIBROBLAST_MIGRATION,1,1E-3,GOBP_REGULATION_OF_FIBROBLAST_MIGRATION,FALSE,GOBP_REGULATION_OF_FIBROBLAST_MIGRATION
73,3,3,3,0.999,,1E-3,,NODAL|PIAS2|HDAC1|IGF1|NCOR2|TCF7L2|SFRP1|NCOR1|DAB2|FOXH1|SIRT1|TCF21|SMARCA4|PHB1|FOXP1|ZBTB7A|HEYL,https://www.gsea-msigdb.org/gsea/msigdb/human/geneset/GOBP_NEGATIVE_REGULATION_OF_ANDROGEN_RECEPTOR_SIGNALING_PATHWAY,17,ENR,GOBP_NEGATIVE_REGULATION_OF_ANDROGEN_RECEPTOR_SIGNALING_PATHWAY,1,1E-3,GOBP_NEGATIVE_REGULATION_OF_ANDROGEN_RECEPTOR_SIGNALING_PATHWAY,FALSE,GOBP_NEGATIVE_REGULATION_OF_ANDROGEN_RECEPTOR_SIGNALING_PATHWAY
,3,3,3,0.999,,1E-3,,CSMD1|ADORA2A|BACE1|DRD2|CNTNAP2|GLRA1|COMT|NPR2|GLRB|CTNNA2|PTEN|DRD1|DRD3|KCNA1|DVL1|SLC6A3|TUBA1A|GRIN2D|GRID2|PENK|GRIN3A|UCN|NPAS1|GRIN2A|SLITRK6|CHD8|MECP2|PRKN,https://www.gsea-msigdb.org/gsea/msigdb/human/geneset/GOBP_STARTLE_RESPONSE,28,ENR,GOBP_STARTLE_RESPONSE,1,1E-3,GOBP_STARTLE_RESPONSE,FALSE,GOBP_STARTLE_RESPONSE
8,3,3,3,0.999,,1E-3,,BMP4|RBPMS2|CAV1|CHRDL2|PPARG|SKOR1|TNFAIP6|VWC2L|MTMR4|PPM1A|WNT5A|TWSG1|FSTL5|CHRDL1|RBPJ|CER1|XIAP|DAND5|CRIM1|KCP|SCUBE3|BAMBI|GREM2|FSTL1|SMAD2|FKBP8|TFAP2B|FST|SMAD7|ERFE|FSTL4|SORL1|TBX20|SOX11|HTRA1|DLX1|FBN1|FSTL3|NOG|NOTCH2|SFRP1|GREM1|ZNF423|ILK|SKI|ACVRL1|ARK2C|ITGA3|CCN1|SOST|SKOR2|CDH5|SMURF1|SMURF2|NUMA1|PELO|DKK1|CHRD|HIPK2|SFRP4|SPART|FOXD1|WNT1|FZD1|HES1|HES5|NBL1|UBE2D1|UBE2D3|SFRP2|LRP2|SKIL|SMAD6|GATA4|KDR|GPC3|VWC2|LEMD3|NEO1|PRMT1|NOTCH1|ABL1|GPR155|GDF5|MSX1|MSX2|CTDSPL2|HJV|CRB2|RGMA|TMEM53|ENG|TOB1|FBXL15|HTRA3|UBE2O|TMPRSS6|BMPER|PCSK6|TRIM33|ELAPOR2|NGLY1|GDF3|HOXA13|SULF1|SOSTDC1,https://www.gsea-msigdb.org/gsea/msigdb/human/geneset/GOBP_REGULATION_OF_BMP_SIGNALING_PATHWAY,106,ENR,GOBP_REGULATION_OF_BMP_SIGNALING_PATHWAY,1,1E-3,GOBP_REGULATION_OF_BMP_SIGNALING_PATHWAY,FALSE,GOBP_REGULATION_OF_BMP_SIGNALING_PATHWAY
150,3,3,3,0.999,,1E-3,,HACL1|PEX14|TRIM37|USP9X|LONP2|PEX10|PEX12|PEX5L|ZFAND6|PEX16|PEX19|PEX13|PEX2|PEX26|PEX3|PEX7|PEX1|PEX6|PEX5|RAB8B,https://www.gsea-msigdb.org/gsea/msigdb/human/geneset/GOBP_ESTABLISHMENT_OF_PROTEIN_LOCALIZATION_TO_PEROXISOME,20,ENR,GOBP_ESTABLISHMENT_OF_PROTEIN_LOCALIZATION_TO_PEROXISOME,1,1E-3,GOBP_ESTABLISHMENT_OF_PROTEIN_LOCALIZATION_TO_PEROXISOME,FALSE,GOBP_ESTABLISHMENT_OF_PROTEIN_LOCALIZATION_TO_PEROXISOME
10,3,3,3,0.999,,1E-3,,IRX3|BMP4|NOTCH1|KCNJ8|SCN5A|MSX1|MSX2|SMAD5|GJA1|GJB6|ID2|NPPA|MAML1|HCN4|HOPX|TBX5|DSG2|CDC42|HEY2|BMPR1A|MSC|NOTCH2|SMAD1|TBX3|GJA5|ISL1|TBX18|CACNA1G|SMAD4|GATA4|NKX2-5|HEY1|SHOX2|GATA6|MESP1,https://www.gsea-msigdb.org/gsea/msigdb/human/geneset/GOBP_CARDIAC_CONDUCTION_SYSTEM_DEVELOPMENT,35,ENR,GOBP_CARDIAC_CONDUCTION_SYSTEM_DEVELOPMENT,1,1E-3,GOBP_CARDIAC_CONDUCTION_SYSTEM_DEVELOPMENT,FALSE,GOBP_CARDIAC_CONDUCTION_SYSTEM_DEVELOPMENT
,3,3,3,0.999,,1E-3,,FSCN1|ARHGEF5|ASB2|GSN|DBNL|MSN|CAPG|BIN2|LCP1|TNF|CSF2|SH3PXD2B|DOCK5|HCK|KIF9|RHO|DIAPH3|SRC|FARP2|IL5|RHOA|MAPK9,https://www.gsea-msigdb.org/gsea/msigdb/human/geneset/GOBP_PODOSOME_ASSEMBLY,22,ENR,GOBP_PODOSOME_ASSEMBLY,1,1E-3,GOBP_PODOSOME_ASSEMBLY,FALSE,GOBP_PODOSOME_ASSEMBLY
25,3,3,3,0.999,,1E-3,,HIF1A|CAV3|PGR|VDR|TNFSF11|AKT1|ATP2C2|FGFR2|AKT2|KDM5B|LATS1|ERBB4|WNT5A|DEAF1|PRLR|CCND1|CEBPB|IRF6|NTN1|GPX1|FOXF1|CSF1|CSF1R|IQGAP3|TFAP2C|PML|EPHA2|MED1|JAK2|SRC|BRCA2|RREB1|PHB2|STAT6|ELF5|PERP|SMO|BTRC|CSMD1|TGFB1|FGF2|SCRIB|WNT7B|PYGO2|MSX1|NR3C1|PTCH1|MSX2|ETV5|ZNF703|ID2|ESR1|ROBO1|AR|DDR1|RTN4|BAX|CDKN2A|GATA3|HOXA5|WNT2|AREG|FOXB1|TBX3|MAPK1|CCL11|LBH|WNT3|WNT4|FGF10|STAT5A|SOSTDC1|LRP5,https://www.gsea-msigdb.org/gsea/msigdb/human/geneset/GOBP_MAMMARY_GLAND_EPITHELIUM_DEVELOPMENT,73,ENR,GOBP_MAMMARY_GLAND_EPITHELIUM_DEVELOPMENT,1,1E-3,GOBP_MAMMARY_GLAND_EPITHELIUM_DEVELOPMENT,FALSE,GOBP_MAMMARY_GLAND_EPITHELIUM_DEVELOPMENT
129,3,3,3,0.999,,1E-3,,PLIN5|STUB1|LMO3|PAQR3|ASXL1|GPS2|ASXL2|TWIST1|SIRT1|HUWE1|BMP2|FABP5|PTGIS|LEP|JUND|ALOX15|ALOX15B|CITED2,https://www.gsea-msigdb.org/gsea/msigdb/human/geneset/GOBP_REGULATION_OF_PEROXISOME_PROLIFERATOR_ACTIVATED_RECEPTOR_SIGNALING_PATHWAY,18,ENR,GOBP_REGULATION_OF_PEROXISOME_PROLIFERATOR_ACTIVATED_RECEPTOR_SIGNALING_PATHWAY,1,1E-3,GOBP_REGULATION_OF_PEROXISOME_PROLIFERATOR_ACTIVATED_RECEPTOR_SIGNALING_PATHWAY,FALSE,GOBP_REGULATION_OF_PEROXISOME_PROLIFERATOR_ACTIVATED_RECEPTOR_SIGNALING_PATHWAY
149,3,3,3,0.999,,1E-3,,HOXA3|GPR55|THBS4|CAV1|CSPG4|HAND2|HIF1A|MC4R|PPARG|IAPP|TNFRSF11A|VDR|ADRB2|LIF|HRG|SPP1|TNFSF11|CCR2|NOX4|TNFAIP3|GPNMB|NPPC|ACP5|GJA1|SPP2|DOCK5|P2RX7|ATG5|ATP7A|PTH1R|EVA1A|IGFBP5|CAPN1|COL6A1|RASSF2|CSF1R|IGF1|RBPJ|CBS|PML|CTSK|EPHA2|LEP|SRC|LEPR|CEACAM1|NFKB1|MDM2|ZNF675|DLL4|TIE1|DBH|FOXC1|DDR2|P3H4|ELF3|NPR2|ARAP1|GPR137|HERC1|AGTR2|PTH|BAK1|ACE|BAX|BMPR2|CTHRC1|PDK4|TMBIM1|ACVR2B|RSPO3|FOXC2|NDP|TP53|NOTCH2|DEF8|C6ORF89|TCIRG1|SFRP1|F2R|GJA5|GREM1|YPEL4|PLEKHM1|CYP1A1|CD38|IL23A|ACVRL1|JAG1|UMOD|AXL|RUFY4|ITGB3|NPR3|FOSL2|EDNRA|LGR4|EFNA2|EPAS1|CST3|AGT|MEF2C|MDK|MMP14|IL12B|MMP2|NOL3|BGN|IL18|DCSTAMP|CTNNB1|PRKCA|EXT1|IL21|HTR1B|IL20RA|CSK|LIPA|TPH1|NF1|TRAF6|SEMA3C|FAM114A1|FLT4|RAB7A|IHH|SLC4A2|TIMP1|CLDN18|PLG|IL15|TGFB1|SYT7|IL1A|GDF5|WNT16|BBLN|PTK2B|BGLAP|CHD7|IL7|PTN|AGER|TPP1|RAC2|CRB1|ADAM8|LRRK1|ROCK1|LTBP3|NCDN|GPR137B|CDKN2A|INPP5D|S1PR1|RAB3D|IL2|GNAT2|SIGLEC15|IL6|TMEM119|PPP3CA|TMEM64|BCR|FSHR|NOS3|CELA1|CALCA|FKRP|UBASH3B|ROCK2|RUNX1|SNX10|FGF10|FGF8|MITF|SUCO|SYK|LRP5|BSX|TGFB2,https://www.gsea-msigdb.org/gsea/msigdb/human/geneset/GOBP_TISSUE_REMODELING,181,ENR,GOBP_TISSUE_REMODELING,1,1E-3,GOBP_TISSUE_REMODELING,FALSE,GOBP_TISSUE_REMODELING
,3,3,3,0.999,,1E-3,,KAT2B|STAT3|ZBTB20|NDUFC2|TAFAZZIN|HIF1A|BEND3|TMSB4X|TREM2|ADCY10|PID1|HTR2A|MLST8|MLXIPL|P2RX7|IFNG|IL4|PINK1|APP|ARNT|PRKAA2|TIGAR|PRXL2C|PSEN1|GUCA1A|IGF1|ENO1|GUCA1ANB-GUCA1A|INS|RPTOR|INSR|MAP2K1|SLC4A4|SRC|GAPDHS|PRKAA1|MTOR|GPD1|UCHL1|PPARA|VCP|PRKN,https://www.gsea-msigdb.org/gsea/msigdb/human/geneset/GOBP_POSITIVE_REGULATION_OF_NUCLEOTIDE_METABOLIC_PROCESS,42,ENR,GOBP_POSITIVE_REGULATION_OF_NUCLEOTIDE_METABOLIC_PROCESS,1,1E-3,GOBP_POSITIVE_REGULATION_OF_NUCLEOTIDE_METABOLIC_PROCESS,FALSE,GOBP_POSITIVE_REGULATION_OF_NUCLEOTIDE_METABOLIC_PROCESS
35,3,3,3,0.999,,1E-3,,KRAS|GRHL2|FOXA1|AIMP2|NKX2-1|YAP1|THRA|AGR2|THRB|TP73|LTA4H|FOXJ1|NFIB|COL6A1|CREB1|HOXA5|SAV1|CTNNB1|IGF1|RBPJ|RBBP9|PPP3R1|IL13|KLF2|FGF10|SOX9|ASCL1|SPDEF|TMEM38B|GATA6,https://www.gsea-msigdb.org/gsea/msigdb/human/geneset/GOBP_LUNG_CELL_DIFFERENTIATION,30,ENR,GOBP_LUNG_CELL_DIFFERENTIATION,1,1E-3,GOBP_LUNG_CELL_DIFFERENTIATION,FALSE,GOBP_LUNG_CELL_DIFFERENTIATION
6,3,3,3,0.999,,1E-3,,HOXA3|BMP4|HOXB4|WNT3A|RARG|GLI3|BHLHE40|WNT8A|ALX4|HELT|MSGN1|PAX6|CRKL|NKX3-1|PSEN1|EN1|RBPJ|PBX3|OTX1|OTX2|BARX1|BHLHE41|HOXD9|TCAP|HOXB3|HEY1|HOXD3|HOXB5|HEYL|MESP1|SIX2|CDON|SMO|PLXNA2|RNF2|FOXC1|FEZF1|HOXA4|HOXC4|HOXD4|OFD1|PCSK5|PRICKLE1|NCKAP1|TBX6|AURKA|BPTF|HEY2|BMPR2|TAF10|TP53|HOXC13|NR2F2|SOX17|TBX3|HOXA7|MYF5|MYF6|BMI1|TCF15|BTG2|SKI|HES2|HES4|HES6|HOXA6|HOXC5|HOXC6|HOXC8|LEFTY2|RING1|HOXB7|WT1|WNT2B|DKK1|MIB1|HES5|LDB1|SEMA3C|SFRP2|HOXB1|HOXB2|CFC1|CRIPTO3|MSX1|EPB41L5|MSX2|TBX1|ETS2|AXIN2|MEOX2|SHH|TGFBR1|HOXB9|NLE1|ALX1|PCSK6|VANGL2|NRARP|BMP2|ABI1|FGF8|GDF3|LRP5|PLD6|TIFAB|DLL1|LFNG|PGAP1|HOXC11|DMRT2|PCDH8|WNT5A|ATP6AP2|PPP2R3A|HIPK1|CTNNBIP1|TASOR|FOXF1|HOXA2|TDRD1|TSHZ1|CDX1|TDRD5|SMAD3|HOXA10|HOXD8|CER1|HOXA11|HOXD13|MEOX1|HNF1B|MESP2|RIPPLY2|KMT2A|MED12|TDRD6|TDRD7|PRKDC|TBX18|TDRKH|CDX2|WLS|SMAD2|SRF|FZD5|ZBTB16|OSR1|BASP1|CELSR2|HES7|GRSF1|ACVR2B|FOXC2|NOG|HOXA5|PBX1|WNT2|HOXA9|COBL|HOXB8|HOXC10|PALB2|FOXA2|TULP3|FOXB1|SFRP1|TMED2|SIX3|YY1|KAT2A|ATM|ZIC3|GDF11|SSBP3|XRCC2|CRIPTO|DDIT3|POFUT1|HIPK2|CYP26C1|POGLUT1|FUZ|BMPR1A|WNT1|CTNNB1|HES1|EMX2|SMAD4|GATA4|ZEB2|GPC3|NKD1|HOXC9|HOXD10|NOTCH1|ARC|HHEX|CRB2|PCGF2|ACVR2A|MLLT3|NEUROD1|LHX1|NODAL|LEF1|LEFTY1|HOXB6|ALDH1A2|EP300|FOXH1|KDM2B|WNT3|DLL3|FRS2,https://www.gsea-msigdb.org/gsea/msigdb/human/geneset/GOBP_ANTERIOR_POSTERIOR_PATTERN_SPECIFICATION,215,ENR,GOBP_ANTERIOR_POSTERIOR_PATTERN_SPECIFICATION,1,1E-3,GOBP_ANTERIOR_POSTERIOR_PATTERN_SPECIFICATION,FALSE,GOBP_ANTERIOR_POSTERIOR_PATTERN_SPECIFICATION
3,3,3,3,0.999,,1E-3,,HOXB4|SETD1A|UFL1|FOXC1|ITCH|TMSB4X|ABL1|SRF|KAT5|EIF2AK2|BATF|SP7|XRCC5|MLLT3|N4BP2L2|PUS7|TAL1|METTL3|ACE|BCL2|SH2B3|CHD2|TP53|OSM|EXT1|SFRP1|MEOX1|NFE2L2|HSPA9|YTHDF2|MED1|FBXO21|PRKDC|CDK6|TCF15|LMBR1L|ERCC2,https://www.gsea-msigdb.org/gsea/msigdb/human/geneset/GOBP_HEMATOPOIETIC_STEM_CELL_DIFFERENTIATION,37,ENR,GOBP_HEMATOPOIETIC_STEM_CELL_DIFFERENTIATION,1,1E-3,GOBP_HEMATOPOIETIC_STEM_CELL_DIFFERENTIATION,FALSE,GOBP_HEMATOPOIETIC_STEM_CELL_DIFFERENTIATION
6,3,3,3,0.999,,1E-3,,BMP4|WNT11|TBR1|FGF2|FGFR1|SIX1|GATA5|PAX2|FGFR2|PAX8|GLI3|HOXC11|AXIN2|WNT5A|ROBO1|WNT2B|AR|ROBO2|DKK1|POU5F1|SMARCD3|FGF1|MEF2C|GDNF|WNT2|SPRY1|CTNNB1|RBPJ|EXT1|HOXA11|FOXH1|BMP2|ISL1|LRP2|FGF10|FGF8|FRS2|MESP1,https://www.gsea-msigdb.org/gsea/msigdb/human/geneset/GOBP_SPECIFICATION_OF_ANIMAL_ORGAN_IDENTITY,38,ENR,GOBP_SPECIFICATION_OF_ANIMAL_ORGAN_IDENTITY,1,1E-3,GOBP_SPECIFICATION_OF_ANIMAL_ORGAN_IDENTITY,FALSE,GOBP_SPECIFICATION_OF_ANIMAL_ORGAN_IDENTITY
61,3,3,3,0.999,,1E-3,,HSPA1B|CCSAP|NUMA1|RIPOR2|VPS4B|CEP97|TPR|RCC1|SASS6|DRG1|DYNC1H1|EML3|STIL|CHMP1A|CHMP1B|CHMP2A|SPAG5|CHMP2B|CHMP3|GPSM2|CHMP4C|CHMP5|CHMP6|PLK1|CHMP7|HNRNPU|PDCD6IP|CHMP4A|CHMP4B|HSPA1A|MAPK15|RNF4|SENP6,https://www.gsea-msigdb.org/gsea/msigdb/human/geneset/GOBP_REGULATION_OF_SPINDLE_ASSEMBLY,33,ENR,GOBP_REGULATION_OF_SPINDLE_ASSEMBLY,1,1E-3,GOBP_REGULATION_OF_SPINDLE_ASSEMBLY,FALSE,GOBP_REGULATION_OF_SPINDLE_ASSEMBLY
62,3,3,3,0.999,,1E-3,,HIF1A|CHRNB2|NEUROD2|PLN|TANC1|DDHD2|ITGB1|RIC8A|GRIA1|TAC1|FOS|PDE8B|SLC6A1|ABCA7|ATXN1|ATP1A2|KIT|COMT|DEAF1|DRD1|CLN3|DRD3|LGMN|ABCC8|PGRMC1|SYNGAP1|NETO1|CLSTN2|CREB1|NPTX2|NRGN|PPP1R1B|BRSK1|HRH1|SLC6A4|SLC7A11|CTNS|TTC36|KMT2A|UCN|LRRN4|NF1|TAFA2|GRIN2A|TSC1|MAP1A|CRH|PIANP|HMGCR|KRAS|DBH|CSMD1|EIF4A3|TBR1|ABL1|GABRA5|SRF|MEIS2|NDRG4|IFT20|DRD2|RELN|SLC1A1|APP|OPRK1|RGS14|DRD5|SPECC1|PDE1B|RAPGEF3|TUBA1A|B3GAT1|NOG|BRAF|PPT1|SHANK1|GRIN1|FOXB1|CDK5|TNR|TPBG|B4GALT2|RAG1|SNAP25|ADCY3|ASIC1|PIAS1|CLN8|BTG2|ADAM2|MECP2|TACR1,https://www.gsea-msigdb.org/gsea/msigdb/human/geneset/GOBP_ASSOCIATIVE_LEARNING,92,ENR,GOBP_ASSOCIATIVE_LEARNING,1,1E-3,GOBP_ASSOCIATIVE_LEARNING,FALSE,GOBP_ASSOCIATIVE_LEARNING
148,3,3,3,0.999,,1E-3,,CCL3|FMNL2|MAP3K13|CCL7|CFL1|VIL1|GNA12|DLG1|PAFAH1B1|RHOQ|PLXNB1|PRAG1|SPRY3|LIMD1|COCH|CRK|HPN|CSF1R|MPL|RASA1|BAMBI|SRC|F2|NEDD4L|DVL3|DVL2|MYH10|CLDN4|CDKL3|VEGFA|EPS8|ARAP1|F11R|ARHGEF18|ARPIN|ZMPSTE24|FGR|KANK1|PARVB|PARVG|PLAA|IL1RAPL1|HCK|TPM1|FZD4|DMTN|CACNG7|RIMS1|CAPRIN1|BCL9L|SLC30A1|FYN|PDZD8|MARK2|STRIP1|SYT17|ITGA7|CLDN3|GRIP1|WASF3|CAPZB|KIT|EFNA5|ITGB2|LRP8|PLEKHO1|EEF2K|BCL11A|ARHGAP15|HDAC6|MSN|PALM3|MYH9|MOV10|SEMA3E|CUX1|KDR|CAPRIN2|RDX|SEMA4D|CDC42SE1|CDC42SE2|ITSN2|ZRANB1|DHX36|PTK2|DNMBP|NF2|PLXNC1|PTK2B|SLC23A2|RAB21|RAC1|RAC2|RAC3|CFDP1|SPTA1|EPB41L3|SPAG9|CPNE5|MUL1|CPNE6|MYH14|SYNE3|CPNE9|TAOK2|MYO9A|LPAR1|PARVA|PLXNB3|RHOG|OSTN|RNF157|CUL7|DAPK3|MACF1|RHOU|RASAL1|CAMSAP1|OBSL1|PHIP|AGO4|PALM|RHOBTB1|RHOBTB2|FGD1|FN1|FGD2|FGD3|RIMS2|FGD4|ATG16L1|FGD5|FGD6|PLXNB2|CAMK2B|WDR1|WNT5A|GPRASP3|DIAPH1|FES|S100B|MKLN1|ATP10A|PRKDC|LST1|EPHB2|CUX2|NUMBL|FAM171A1|PARP6|ANKRD27|GAS2|SLC26A5|CNTN2|CORO1C|DLG4|ARHGAP18|GNA13|YPEL4|BAIAP2|C15ORF62|CDC42EP1|CDC42EP2|CDC42EP3|CDC42EP4|CDC42EP5|SYT4|CYFIP1|FBLIM1|BRWD1|BRWD3|CFAP410|MYL12B|PEAK3|UNC13A|PALMD|STRIP2|P2RY1|SMURF1|ARHGEF7|ARHGAP35|CORO1B|FMNL1|PDPN|CDKL5|EPHA4|SH3KBP1|SHROOM3|DBN1|SS18L1|TBCCD1|ALDOA|PLXND1|CORO1A|ANAPC2|RHOJ|SYT1|ENPP2|SPARC|SYT2|SYT3|NTNG1|NTNG2|PTPRD|MYO10|SEPTIN7|RREB1|FITM2|PRKN|SH3D19|FMNL3|EZR|TBC1D24|ZMYM3|ZMYM4|ZMYM6|ZNF135|WDPCP|ARC|LARP4|PRPF40A|HEXB|RELN|WTIP|STAU2|ARMCX5-GPRASP2|DVL1|ANXA1|EPB42|ERMN|ITPKA|NHERF1|CD44|PALM2AKAP2|CCL11|CCL13|SEMA4A|FERMT2|CCL2|CCL24|MFSD2A|FBXW8,https://www.gsea-msigdb.org/gsea/msigdb/human/geneset/GOBP_REGULATION_OF_CELL_MORPHOGENESIS,243,ENR,GOBP_REGULATION_OF_CELL_MORPHOGENESIS,1,1E-3,GOBP_REGULATION_OF_CELL_MORPHOGENESIS,FALSE,GOBP_REGULATION_OF_CELL_MORPHOGENESIS
,3,3,3,0.999,,1E-3,,BNC2|HAND2|INTU|NTF4|LEF1|WNT10A|HDAC1|SIX1|HOXC13|CTNNB1|WDPCP|GLI3|TBX1|KIT|SIX4|WNT10B|HDAC2|CYP26B1,https://www.gsea-msigdb.org/gsea/msigdb/human/geneset/GOBP_TONGUE_DEVELOPMENT,18,ENR,GOBP_TONGUE_DEVELOPMENT,1,1E-3,GOBP_TONGUE_DEVELOPMENT,FALSE,GOBP_TONGUE_DEVELOPMENT
58,3,3,3,0.999,,1E-3,,GJB1|IRX3|CAV1|APLNR|GJB2|GJD3|GJA1|GJA5|GJB6|CTNNA1|GJC1|CNTNAP2|HOPX|TBX5|ACE2|ACE|IL1B|AGT,https://www.gsea-msigdb.org/gsea/msigdb/human/geneset/GOBP_GAP_JUNCTION_ASSEMBLY,18,ENR,GOBP_GAP_JUNCTION_ASSEMBLY,1,1E-3,GOBP_GAP_JUNCTION_ASSEMBLY,FALSE,GOBP_GAP_JUNCTION_ASSEMBLY
58,3,3,3,0.999,,1E-3,,GPBAR1|TJP2|RPS6|WNT11|CDH1|CDHR3|CLDN1|ARL2|CLDN6|PRKCH|CLDN9|NLGN4X|DLG1|LSR|CD177|DSP|GJA1|GJC1|NR1H4|EFNB2|TBX5|CD9|JUP|CDC42|DSC1|PKP4|MTSS1|CSF1R|GJB2|ANK2|EPHA2|PKP2|AJM1|GJA4|GRHL1|KPRP|CLDN11|LIM2|CLDN12|DSG1|TLN2|CLDN14|DSG3|CLDN16|CLDN17|CLDN19|CLDN20|NECTIN1|CLDN22|CLDN23|CLDN4|CLDN7|CLDN8|PARD6A|PARD6B|PIP5K1C|VEGFA|PKN2|PKHD1|F11R|F2RL1|FER|AFDN|IKBKB|FBF1|IL17A|INAVA|CNTNAP1|IL1B|KIFC3|ADD1|CXADR|AMOT|CCM2|CDH13|CLDN3|CLDN5|GJB6|JAM3|MARVELD2|MYADM|RHOA|TJP1|TJP3|MYO1C|FSCN1|BMP6|PRKCA|PARD3|CSK|TNF|TRPV4|SNAI1|RDX|PECAM1|PERP|GRHL2|PAK2|MYLK3|PKP1|ACTB|PRTN3|NF2|PTPRO|RAC1|UGT8|ZNF703|HDAC7|SNAI2|SPECC1L|ROCK1|EPB41L3|TGFBR1|PLEC|PRKACA|PTPN23|TGFB2|CDH17|CAV1|CD2AP|OCLN|ABI2|TBCD|CDH26|PRKCI|WDR1|LIMS1|CLDN10|RAB13|BHLHA15|CDH10|HIPK1|CDH11|CDH12|CDH15|CDH18|CDH19|CDH20|CDH22|ECT2|CDH24|CDH4|CDH6|CDH7|CDH8|CDH9|RHOC|PLEKHA7|SMAD3|NUMB|CDH2|SLC39A9|CDH3|ACTG1|DLG5|EPHB2|NUMBL|PKP3|SRF|APLNR|FZD5|SMAD7|TGFB3|HOPX|ACE|GJB1|NLGN2|XIRP2|F2R|PDCD6IP|GJA5|ILDR1|MICALL2|ACVRL1|MPP7|NPHS1|CDH5|CAMSAP3|CNTNAP2|DSG2|ABCC8|EPHA4|AGT|CTNNB1|EXT1|SVEP1|APC|TLN1|LIMS2|CLDN15|CLDN2|VCL|HEG1|CLDN18|IRX3|TGFB1|GNPAT|MARVELD3|ADAM10|ESAM|TMIGD1|NPHP4|RAMP2|WHRN|GJD3|CTNNA1|FKRP|FLCN|KIRREL1|ROCK2|FERMT2|ACE2|CLDN34|FRMPD2|MPDZ|NPHP1|OCEL1|PATJ|POF1B|STRN,https://www.gsea-msigdb.org/gsea/msigdb/human/geneset/GOBP_CELL_CELL_JUNCTION_ORGANIZATION,220,ENR,GOBP_CELL_CELL_JUNCTION_ORGANIZATION,1,1E-3,GOBP_CELL_CELL_JUNCTION_ORGANIZATION,FALSE,GOBP_CELL_CELL_JUNCTION_ORGANIZATION
127,3,3,3,0.999,,1E-3,,MYOD1|PPARD|MEIS2|SIX1|CTNNB1|IGF1|MSTN|PAXBP1|ATF2|KLHL41|MEGF10|ZNF609|KCNA5|SOX15|FGF7|FGFBP1|GATA6|PAX7,https://www.gsea-msigdb.org/gsea/msigdb/human/geneset/GOBP_REGULATION_OF_MYOBLAST_PROLIFERATION,18,ENR,GOBP_REGULATION_OF_MYOBLAST_PROLIFERATION,1,1E-3,GOBP_REGULATION_OF_MYOBLAST_PROLIFERATION,FALSE,GOBP_REGULATION_OF_MYOBLAST_PROLIFERATION
9,3,3,3,0.999,,1E-3,,REST|NOTCH1|SYT10|SYT12|SYT15|SYT7|SYT17|SYT6|RAB3A|TRPV6|RPH3A|RPH3AL|CBARP|RAP1B|KCNB1|ATP2A2|ZP3|BAIAP3|STX1A|CACNA1B|SCAMP5|PPP3CA|ADRA2A|DOC2A|SYT1|DOC2B|SYT13|CDK5|SYT2|SYT3|HYAL3|SYT5|CDK5R2|SYT8|SYT9|GNAI2|STXBP1|RAB3GAP1|STXBP3|SYT11|SYT4,https://www.gsea-msigdb.org/gsea/msigdb/human/geneset/GOBP_REGULATION_OF_CALCIUM_ION_DEPENDENT_EXOCYTOSIS,41,ENR,GOBP_REGULATION_OF_CALCIUM_ION_DEPENDENT_EXOCYTOSIS,1,1E-3,GOBP_REGULATION_OF_CALCIUM_ION_DEPENDENT_EXOCYTOSIS,FALSE,GOBP_REGULATION_OF_CALCIUM_ION_DEPENDENT_EXOCYTOSIS
18,3,3,3,0.999,,1E-3,,ATP2B1|BMP4|CCL3|HIF1A|ACTN3|VDR|ADRB2|ADCY10|CCN3|CCR1|RXRA|BMP3|PKDCC|RXRB|TRPM4|GDF10|KREMEN2|P2RX7|RUNX2|BMP2K|ENPP1|WNT5A|ACVR1|MATN1|OSR2|ADGRV1|CSF1|GATA1|GPM6B|PTPN11|RBPJ|SMAD3|IFITM5|CCDC134|FBN2|KL|NOTUM|SIX2|SMAD2|DDR2|SETD2|ZBTB16|ECM1|OSR1|SMAD7|BCOR|COMP|RFLNA|RFLNB|PTH|P3H1|ZMPSTE24|BMPR2|SOX11|SLC20A2|BCL2|ACVR2B|SUV39H1|NBR1|PBX1|NIPBL|ANKH|SFRP1|TWIST1|TOB2|GREM1|BMPR1B|CALCR|MGP|FAM20C|TXLNG|PHOSPHO1|CHSY1|CCN1|SOST|TAC1|WNT10B|ACVR1B|DKK1|LTF|TFAP2A|FZD9|SRGN|MEF2C|MDK|BMPR1A|INTU|SGMS2|EGR2|BMP6|ATRAID|ISG15|KREMEN1|NELL1|SMAD6|AHSG|TGFB1|NOTCH1|PTK2B|BGLAP|PTN|ADGRG6|CYP27B1|ACVR2A|LTBP3|MAPK14|TENT5A|TMEM53|FGF23|ALOX5|ANO6|LRP4|OXT|S1PR1|TMEM119|BMP7|BMP2|MAPK1|MAPK3|WNT4|SLC8A1|SOX9|STATH|TACR1|DHRS3,https://www.gsea-msigdb.org/gsea/msigdb/human/geneset/GOBP_REGULATION_OF_OSSIFICATION,125,ENR,GOBP_REGULATION_OF_OSSIFICATION,1,1E-3,GOBP_REGULATION_OF_OSSIFICATION,FALSE,GOBP_REGULATION_OF_OSSIFICATION
147,3,3,3,0.999,,1E-3,,NR2C2|TENM4|UTP25|WNT3A|CFL1|AMOT|WNT1|FOXA2|OSR1|RBM19|RACK1|B4GALT5|OTX2|TLE6|PLCB1|SCX|ZBED3|WNT4|PAFAH1B1|NLRP5|LHX1,https://www.gsea-msigdb.org/gsea/msigdb/human/geneset/GOBP_POSITIVE_REGULATION_OF_EMBRYONIC_DEVELOPMENT,21,ENR,GOBP_POSITIVE_REGULATION_OF_EMBRYONIC_DEVELOPMENT,1,1E-3,GOBP_POSITIVE_REGULATION_OF_EMBRYONIC_DEVELOPMENT,FALSE,GOBP_POSITIVE_REGULATION_OF_EMBRYONIC_DEVELOPMENT
95,3,3,3,0.999,,1E-3,,CD209|CLEC4A|AZGP1|CLEC4M|LNPEP|PYCARD|MARCHF1|CTSL|B2M|CD74|CTSV|LGMN|HLA-A|HLA-DPA1|HLA-DPB1|HLA-DRB1|UNC93B1|HFE|HLA-C|HLA-DMB|CTSD|HLA-DRA|TRAF6|SAR1B|FCGR1A|DNM2|SLC11A1|IDE|TREM2|RAET1L|CTSS|ERAP2|PIKFYVE|IFI30|HLA-DMA|HLA-DOA|HLA-DOB|HLA-DQA1|HLA-DQA2|TAP2|HLA-DQB1|HLA-DQB2|HLA-DRB5|PDIA3|ULBP1|ERAP1|ULBP2|ULBP3|FCGR2B|FCER1G|RAET1E|ACE|RAET1G|MARCHF8|MPEG1|MR1|TAPBP|ABCB9|MFSD6|TAP1|CTSE|HLA-B|TAPBPL|CTSF|HLA-E|HLA-F|HLA-G|CALR|IKBKB,https://www.gsea-msigdb.org/gsea/msigdb/human/geneset/GOBP_ANTIGEN_PROCESSING_AND_PRESENTATION_OF_PEPTIDE_ANTIGEN,69,ENR,GOBP_ANTIGEN_PROCESSING_AND_PRESENTATION_OF_PEPTIDE_ANTIGEN,1,1E-3,GOBP_ANTIGEN_PROCESSING_AND_PRESENTATION_OF_PEPTIDE_ANTIGEN,FALSE,GOBP_ANTIGEN_PROCESSING_AND_PRESENTATION_OF_PEPTIDE_ANTIGEN
17,3,3,3,0.999,,1E-3,,THBS1|CCL28|POLDIP2|THY1|ONECUT1|MINK1|CFL1|HRG|EPHA3|CCR7|FUT1|PLPP3|DAG1|DLC1|LIMS1|JUP|RRAS|DUSP22|GFUS|GSK3B|CSF1|GPM6B|SMAD3|CX3CL1|RASA1|SRC|ACTG1|CLASP1|CD36|CDK6|CLASP2|PTPRA|PIK3CB|FAM107A|LIMCH1|VEGFA|EMP2|PKHD1|ARHGAP6|DDR1|SLC9A1|NEXMIF|BCL2|RCC2|MYOC|CORO1C|UTRN|PEAK1|SKAP1|SDC4|SFRP1|GREM1|CIB1|HOXA7|MYF5|DMTN|ADAM15|ACVRL1|AJAP1|JAG1|CDH13|ITGB3|BCL6|ONECUT2|CASK|CAMSAP3|S100A10|EFNA5|ITGB1BP1|CD3E|PTEN|CEACAM6|DISC1|DUSP3|RHOA|COL16A1|EFEMP2|MMP14|EPHA1|MMP12|PPM1F|TLN1|PIK3R1|LDB1|MAP4K4|NF1|PLET1|FERMT1|PLEKHA2|SEMA3E|TSC1|RIN2|KDR|VCL|ACER2|ABL1|NRP1|EPB41L5|PHLDB2|PTK2|NF2|PTK2B|PLAU|WDPCP|PTPRJ|RAC1|ROCK1|CDKN2A|APOD|LEF1|SERPINE1|TEK|BST1|POSTN|SLK|ROCK2|DAPK3|FERMT2|MACF1|WNT4|RHOD|CCL21|CCL25,https://www.gsea-msigdb.org/gsea/msigdb/human/geneset/GOBP_REGULATION_OF_CELL_MATRIX_ADHESION,123,ENR,GOBP_REGULATION_OF_CELL_MATRIX_ADHESION,1,1E-3,GOBP_REGULATION_OF_CELL_MATRIX_ADHESION,FALSE,GOBP_REGULATION_OF_CELL_MATRIX_ADHESION
35,3,3,3,0.999,,1E-3,,SKI|GNG8|HESX1|SIX1|MSX1|CHD7|ALDH1A3|GLI3|RPGRIP1L|STRA6|PROX1|SIX4|DLX5|RDH10|ASCL1|SMCHD1,https://www.gsea-msigdb.org/gsea/msigdb/human/geneset/GOBP_NOSE_DEVELOPMENT,16,ENR,GOBP_NOSE_DEVELOPMENT,1,1E-3,GOBP_NOSE_DEVELOPMENT,FALSE,GOBP_NOSE_DEVELOPMENT
35,3,3,3,0.999,,1E-3,,KRAS|BMP4|CELSR1|FOXA1|HMGA2|ESRP2|FGFR2|NKX2-1|YAP1|DAG1|WNT2B|RDH10|SHH|CTSZ|RSPO2|TNC|FOXF1|HOXA5|WNT2|SPRY1|SPRY2|CTNNB1|EXT1|VANGL2|LAMA1|TNF|CTSH|DLG5|FGF10|SOX9|HHIP|TBX2,https://www.gsea-msigdb.org/gsea/msigdb/human/geneset/GOBP_EPITHELIAL_TUBE_BRANCHING_INVOLVED_IN_LUNG_MORPHOGENESIS,32,ENR,GOBP_EPITHELIAL_TUBE_BRANCHING_INVOLVED_IN_LUNG_MORPHOGENESIS,1,1E-3,GOBP_EPITHELIAL_TUBE_BRANCHING_INVOLVED_IN_LUNG_MORPHOGENESIS,FALSE,GOBP_EPITHELIAL_TUBE_BRANCHING_INVOLVED_IN_LUNG_MORPHOGENESIS
10,3,3,3,0.999,,1E-3,,NOTCH1|VGLL4|FGF2|JARID2|FGFR1|PIM1|GLI1|FGF9|BMP10|FGFR2|YAP1|ERBB4|TBX5|TP73|MAPK11|MAPK14|HEY2|TBX20|CCNB1|CDK1|MEF2C|TGFBR1|BMPR1A|NRG1|NOG|WNT2|SAV1|ZFPM2|RBPJ|KCNK2|RBP4|TGFBR3|RUNX1|FGF20|NKX2-5|GATA6|TBX2,https://www.gsea-msigdb.org/gsea/msigdb/human/geneset/GOBP_REGULATION_OF_CARDIAC_MUSCLE_CELL_PROLIFERATION,37,ENR,GOBP_REGULATION_OF_CARDIAC_MUSCLE_CELL_PROLIFERATION,1,1E-3,GOBP_REGULATION_OF_CARDIAC_MUSCLE_CELL_PROLIFERATION,FALSE,GOBP_REGULATION_OF_CARDIAC_MUSCLE_CELL_PROLIFERATION
30,3,3,3,0.999,,1E-3,,CACNG4|CACNG5|CACNG8|ERBB2|OLFM1|CNIH3|DLG1|ITGB3|VAMP4|GRIP1|GRIP2|DAG1|GRIPAP1|OGT|HRAS|RAP1A|ERBB4|RAB11A|NPTN|SACM1L|LRRC7|DBN1|NETO1|TYROBP|TMEM108|STX7|GPSM2|RAB8A|NSG1|LHFPL4|SHISA6|MKLN1|KIF2C|MAP2K1|TRAF6|GPC4|GPC6|NETO2|RAPSN|RDX|VWC2|DLG2|SCRIB|GABARAP|GHSR|CACNA2D2|KIF3B|KIF5A|KIF17|KIF5B|KIF5C|VPS26B|KIFAP3|RELN|KIFC2|ADAM10|SLC12A5|EPB41L3|CACNG3|IQSEC2|C1QL2|C1QL3|STX3|GPHN|NLGN1|ARHGAP44|NRXN1|VPS35|LGI1|CACNG2|DLG4|NPTX1|CLSTN1|RAB4A|CPLX1|CEP112|DLG3|ZDHHC2|CACNG7|GIT1|ZDHHC3,https://www.gsea-msigdb.org/gsea/msigdb/human/geneset/GOBP_RECEPTOR_LOCALIZATION_TO_SYNAPSE,81,ENR,GOBP_RECEPTOR_LOCALIZATION_TO_SYNAPSE,1,1E-3,GOBP_RECEPTOR_LOCALIZATION_TO_SYNAPSE,FALSE,GOBP_RECEPTOR_LOCALIZATION_TO_SYNAPSE
3,3,3,3,0.999,,1E-3,,BMP4|SLIT3|WNT11|NOTCH1|PITX2|APLNR|ADAMTS19|FGFRL1|FGFR2|SMAD7|ID2|ZFPM1|PROX1|ROBO1|ROBO2|HEY2|BMPR2|EGLN1|SOX11|NSD2|TGFBR1|ACVR1|BMPR1A|RBM15|NOG|FZD1|SAV1|ZFPM2|RBPJ|NOS3|SOX4|VANGL2|HES1|TBX3|TGFBR2|GJA5|SLIT2|TGFBR3|SMAD4|NKX2-5|FZD2|CITED2|HEY1|HEYL|TGFB2,https://www.gsea-msigdb.org/gsea/msigdb/human/geneset/GOBP_VENTRICULAR_SEPTUM_MORPHOGENESIS,45,ENR,GOBP_VENTRICULAR_SEPTUM_MORPHOGENESIS,1,1E-3,GOBP_VENTRICULAR_SEPTUM_MORPHOGENESIS,FALSE,GOBP_VENTRICULAR_SEPTUM_MORPHOGENESIS
3,3,3,3,0.999,,1E-3,,REST|NOTCH1|NRG1|SRF|EOMES|DHX36|RBPJ|ITGB1|GREM1|ISL1|PRICKLE1|TBX5|MYOCD|NKX2-5|EEF1AKMT4-ECE2|TBX2|TGFB2,https://www.gsea-msigdb.org/gsea/msigdb/human/geneset/GOBP_CARDIOBLAST_DIFFERENTIATION,17,ENR,GOBP_CARDIOBLAST_DIFFERENTIATION,1,1E-3,GOBP_CARDIOBLAST_DIFFERENTIATION,FALSE,GOBP_CARDIOBLAST_DIFFERENTIATION
4,3,3,3,0.999,,1E-3,,SMO|BMP4|PKD1|GDNF|LIF|CTNNB1|PAX2|KIF26B|PAX8|HES1|HES5|GREM1|LGR4|PKD2|WT1|WNT4|WNT9B|STAT1|SOX9|LHX1|SALL1|SOX8|SIX2,https://www.gsea-msigdb.org/gsea/msigdb/human/geneset/GOBP_METANEPHRIC_NEPHRON_MORPHOGENESIS,23,ENR,GOBP_METANEPHRIC_NEPHRON_MORPHOGENESIS,1,1E-3,GOBP_METANEPHRIC_NEPHRON_MORPHOGENESIS,FALSE,GOBP_METANEPHRIC_NEPHRON_MORPHOGENESIS
,3,3,3,0.999,,1E-3,,CHRNA1|ERBB2|MUSK|DOK7|KCNJ8|AGRN|SIX1|COL4A5|KY|PDZRN3|PPFIBP2|DNAJA3|ZC4H2|LARGE1|FZD9|SPG11|MYCBP2|CRK|CRKL|LAMB2|RER1|SIX4|ALS2|RAPSN|DCTN1|MESD|NEDD4L|AFG3L2|ETV5|CACNA2D2|RAC1|LIN7A|FARP1|LIN7B|LIN7C|FNTA|SPTBN4|DVL1|GPHN|LRP4|COL4A1|TNC|NEDD4|PDZD11|CACNG2|CACNB4|P2RX2|ANK3|F2R|PPFIBP1|LRRK2|COLQ|CACNA1S|CNTNAP1|CACNB2,https://www.gsea-msigdb.org/gsea/msigdb/human/geneset/GOBP_NEUROMUSCULAR_JUNCTION_DEVELOPMENT,55,ENR,GOBP_NEUROMUSCULAR_JUNCTION_DEVELOPMENT,1,1E-3,GOBP_NEUROMUSCULAR_JUNCTION_DEVELOPMENT,FALSE,GOBP_NEUROMUSCULAR_JUNCTION_DEVELOPMENT
23,3,3,3,0.999,,1E-3,,PHIP|AKT1|AKT2|CSRP3|OGT|NUCKS1|NR1H4|ENPP1|SOCS1|OSBPL8|RHOQ|GRB7|APPL1|PRKCQ|COL6A1|GRB10|GSK3A|FFAR3|GSK3B|PTPRE|FOXO1|IGF1|PTPN11|IGF2|SERPINA12|INPP5K|INS|INSR|CTSD|IRS1|IRS2|TNS2|LEP|MTOR|BCAR3|PIK3C2A|MZB1|SOS2|IDE|MTCL2|PIK3R3|PID1|NAMPT|NCK1|PIP4K2A|FOXO4|PIP4K2B|PIP4K2C|SIRT1|ERFE|PIK3R2|SORL1|SMARCC1|ZBTB7B|FER|PDK2|PDK4|KANK1|NDEL1|SORBS1|FUT7|FOXC2|C2CD5|GRB2|CAV2|ADIPOR1|BAIAP2|AP3S1|DNAI1|RAF1|GKAP1|GPR21|GRB14|IL1B|IRS4|NCOA5|RBX1|SIK2|VWA2|SHC1|ZNF106|ZNF592|C1QTNF12|SESN3|BLVRB|HRAS|PRKCD|SLC27A4|SOCS7|SNX5|SREBF1|NCL|TRIB3|INSRR|IGF1R|MSTN|PAK1|TRIM72|APC|PIK3R1|RPS6KB1|TSC2|LONP1|AHSG|PRKCB|EIF4EBP2|PDPK1|MAPKAP1|GPLD1|BCAR1|PTPRJ|PTPN1|PTPN2|RARRES2|RPS6KB2|SLC2A8|RELA|SLC39A14|PIK3CA|GAB1|IGFBP1|SOCS3|RBM4|SOS1|CUL7|PRKCZ|MAPK1|MAPK3|SH2B2|PRKAA1|FBXW8|STXBP4,https://www.gsea-msigdb.org/gsea/msigdb/human/geneset/GOBP_INSULIN_RECEPTOR_SIGNALING_PATHWAY,132,ENR,GOBP_INSULIN_RECEPTOR_SIGNALING_PATHWAY,1,1E-3,GOBP_INSULIN_RECEPTOR_SIGNALING_PATHWAY,FALSE,GOBP_INSULIN_RECEPTOR_SIGNALING_PATHWAY
68,3,3,3,0.999,,1E-3,,PMAIP1|DYRK1A|ANKRD1|ATM|SMYD2|MSX1|PSMD10|KDM1A|RPL26|DYRK3|KMT5A|ZNHIT1|SIRT1|ATR|SNAI2|CD74|PYHIN1|YJU2|ZMPSTE24|SPRED1|SPRED2|CDKN2A|MIF|TP53|ING4|NPM1|HIC1|MARCHF7|PLA2R1|SOX4|CD44|TWIST1|COPS3|PTTG1IP|SNAI1|DDX5|EEF1E1|ZNF385A|MDM2,https://www.gsea-msigdb.org/gsea/msigdb/human/geneset/GOBP_REGULATION_OF_DNA_DAMAGE_RESPONSE_SIGNAL_TRANSDUCTION_BY_P53_CLASS_MEDIATOR,39,ENR,GOBP_REGULATION_OF_DNA_DAMAGE_RESPONSE_SIGNAL_TRANSDUCTION_BY_P53_CLASS_MEDIATOR,1,1E-3,GOBP_REGULATION_OF_DNA_DAMAGE_RESPONSE_SIGNAL_TRANSDUCTION_BY_P53_CLASS_MEDIATOR,FALSE,GOBP_REGULATION_OF_DNA_DAMAGE_RESPONSE_SIGNAL_TRANSDUCTION_BY_P53_CLASS_MEDIATOR
10,3,3,3,0.999,,1E-3,,PDGFB|MAP3K7|ADAMTS1|DDR2|XBP1|FAT1|FGF9|PAK1|DOCK7|SSH1|DOCK5|TERT|DOCK4|IGFBP5|MDM2|NR4A3,https://www.gsea-msigdb.org/gsea/msigdb/human/geneset/GOBP_POSITIVE_REGULATION_OF_VASCULAR_ASSOCIATED_SMOOTH_MUSCLE_CELL_MIGRATION,16,ENR,GOBP_POSITIVE_REGULATION_OF_VASCULAR_ASSOCIATED_SMOOTH_MUSCLE_CELL_MIGRATION,1,1E-3,GOBP_POSITIVE_REGULATION_OF_VASCULAR_ASSOCIATED_SMOOTH_MUSCLE_CELL_MIGRATION,FALSE,GOBP_POSITIVE_REGULATION_OF_VASCULAR_ASSOCIATED_SMOOTH_MUSCLE_CELL_MIGRATION
28,3,3,3,0.999,,1E-3,,MYC|CRY2|INO80|KDM1A|RPL26|AKT2|NSMCE3|MC1R|ATF4|EIF2AK4|SDE2|NMT1|CERS1|GNB5|PTPRK|PCNA|H2AC25|POLH|GUCY2D|GUCY2F|RHO|EI24|EIF2S1|NOC2L|MDM2|CRY1|CUL4B|FBXW7|MAP3K20|NMT2|RUVBL2|XPA|SIRT1|DDB2|RGS9|PPID|TRIAP1|ZBTB1|BAK1|BAX|GRK1|GRK4|RHBDD1|GRK7|NEDD4|TP53|BMF|MME|TMEM161A|CAMKMT|POLA1|SAG|STK11|GNAT1|COPS9|CRIP1|MFAP4|OPN1SW|OPN5|YY1|PIERCE1|RBX1|RHNO1|CASP9|SLC24A4|TAF1|AURKB|USP28|XPC|PRKCD|METTL3|CDKN1A|MMP3|MMP2|GPR52|NPM1|PCP2|N4BP1|OPN4|RGR|RRH|AQP1|HYAL1|HYAL3|SMPD1|PIK3R1|TP53INP1|RP1|NLRP1|MMP1|ERCC1|TIMP1|ERCC4|PARP1|HYAL2|AIPL1|DHX36|ACTR5|ATR|CRB1|MMP9|MAPK11|DDB1|MAPK13|MAPK14|NFATC4|OPN3|CREBBP|CUL4A|SLC24A2|POLD1|EP300|TREX1|TRPM1|POLK|GPR88|POLD3,https://www.gsea-msigdb.org/gsea/msigdb/human/geneset/GOBP_CELLULAR_RESPONSE_TO_LIGHT_STIMULUS,117,ENR,GOBP_CELLULAR_RESPONSE_TO_LIGHT_STIMULUS,1,1E-3,GOBP_CELLULAR_RESPONSE_TO_LIGHT_STIMULUS,FALSE,GOBP_CELLULAR_RESPONSE_TO_LIGHT_STIMULUS
144,3,3,3,0.999,,1E-3,,CAV1|LRP1|PPARG|TREM2|ABCA12|PLTP|PTCH1|RXRA|ABCA7|NR1H2|CES1|NR1H3|SIRT1|PON1|EEPD1|ADIPOQ|ABCA1|ABCG1|ABCG4|GPS2|ABCA3|ABCA8|NFKB1|ZDHHC8|APOE|APOA1,https://www.gsea-msigdb.org/gsea/msigdb/human/geneset/GOBP_POSITIVE_REGULATION_OF_CHOLESTEROL_EFFLUX,26,ENR,GOBP_POSITIVE_REGULATION_OF_CHOLESTEROL_EFFLUX,1,1E-3,GOBP_POSITIVE_REGULATION_OF_CHOLESTEROL_EFFLUX,FALSE,GOBP_POSITIVE_REGULATION_OF_CHOLESTEROL_EFFLUX
66,3,3,3,0.999,,1E-3,,TICAM1|PANX1|RIPK2|SPON2|TLR3|TLR4|TLR7|SEMA7A|CAMK4|DHX36|PYCARD|SIRT1|KIT|P2RX7|CD74|WNT5A|FCER1G|RTN4|DDX21|MAPKAPK2|NR4A3|RIGI|MAVS|MIF|BCL10|NOD1|LAPTM5|GPRC5B|MYD88|DDX1|CARD9|HLA-G|CD36|LILRB1|PLCG2|SYK,https://www.gsea-msigdb.org/gsea/msigdb/human/geneset/GOBP_POSITIVE_REGULATION_OF_MYELOID_LEUKOCYTE_CYTOKINE_PRODUCTION_INVOLVED_IN_IMMUNE_RESPONSE,36,ENR,GOBP_POSITIVE_REGULATION_OF_MYELOID_LEUKOCYTE_CYTOKINE_PRODUCTION_INVOLVED_IN_IMMUNE_RESPONSE,1,1E-3,GOBP_POSITIVE_REGULATION_OF_MYELOID_LEUKOCYTE_CYTOKINE_PRODUCTION_INVOLVED_IN_IMMUNE_RESPONSE,FALSE,GOBP_POSITIVE_REGULATION_OF_MYELOID_LEUKOCYTE_CYTOKINE_PRODUCTION_INVOLVED_IN_IMMUNE_RESPONSE
23,3,3,3,0.999,,1E-3,,C1QTNF12|NUCKS1|PTPN1|SIRT1|NR1H4|PTPN2|ERFE|SORL1|OSBPL8|SNX5|ZBTB7B|MYO1C|SORBS1|PTPN11|IGF2|PAK1|SERPINA12|ECHDC3|INS|ADIPOR1|CTSD|IRS1|PRKCZ|LEP|GKAP1,https://www.gsea-msigdb.org/gsea/msigdb/human/geneset/GOBP_POSITIVE_REGULATION_OF_CELLULAR_RESPONSE_TO_INSULIN_STIMULUS,25,ENR,GOBP_POSITIVE_REGULATION_OF_CELLULAR_RESPONSE_TO_INSULIN_STIMULUS,1,1E-3,GOBP_POSITIVE_REGULATION_OF_CELLULAR_RESPONSE_TO_INSULIN_STIMULUS,FALSE,GOBP_POSITIVE_REGULATION_OF_CELLULAR_RESPONSE_TO_INSULIN_STIMULUS
74,3,3,3,0.999,,1E-3,,CHRNA10|CHRNA9|MYC|REST|ADGRV1|COL11A1|HPN|LHFPL5|PDZD7|STRC|WHRN|KCNQ1|KIT|PJVK|MKKS|PTPRQ|TMC1|TMC2,https://www.gsea-msigdb.org/gsea/msigdb/human/geneset/GOBP_DETECTION_OF_MECHANICAL_STIMULUS_INVOLVED_IN_SENSORY_PERCEPTION_OF_SOUND,18,ENR,GOBP_DETECTION_OF_MECHANICAL_STIMULUS_INVOLVED_IN_SENSORY_PERCEPTION_OF_SOUND,1,1E-3,GOBP_DETECTION_OF_MECHANICAL_STIMULUS_INVOLVED_IN_SENSORY_PERCEPTION_OF_SOUND,FALSE,GOBP_DETECTION_OF_MECHANICAL_STIMULUS_INVOLVED_IN_SENSORY_PERCEPTION_OF_SOUND
6,3,3,3,0.999,,1E-3,,BMP4|FGF1|FGF2|GDNF|FGFR1|SIX1|WNT2|SPRY1|GATA5|CTNNB1|HOXA11|HOXC11|BMP2|ROBO1|WNT2B|AR|ROBO2|DKK1|FGF10|FGF8|FRS2|POU5F1|MESP1,https://www.gsea-msigdb.org/gsea/msigdb/human/geneset/GOBP_ORGAN_INDUCTION,23,ENR,GOBP_ORGAN_INDUCTION,1,1E-3,GOBP_ORGAN_INDUCTION,FALSE,GOBP_ORGAN_INDUCTION
14,3,3,3,0.999,,1E-3,,BMP4|TRIM16|ACVRL1|ETV4|SPRR5|VDR|ZBED2|LIF|PRKCH|ATOH1|NUMA1|IPO7|WNT10B|AHI1|NKX6-1|SFRP4|SFN|VEZF1|PAX6|GDNF|BMP6|CTNNB1|RPTOR|MED1|IL13|NME2|ATOH8|BTG1|FOXN1|OVOL2|ZEB2|MESP1|RFX3|TMEM100|PKP1|FOXC1|NOTCH1|FGF2|PTCH1|PAX2|SULT2B1|MACROH2A1|PAX8|KDF1|ETV2|IL20|TP73|CYP27B1|BAD|LHX1|FOXJ1|PROM1|LEF1|MACROH2A2|SERPINE1|PTCH2|CD24|PLAAT4|BMP7|BMP2|NCOA3|SOX9|ALOX15B,https://www.gsea-msigdb.org/gsea/msigdb/human/geneset/GOBP_POSITIVE_REGULATION_OF_EPITHELIAL_CELL_DIFFERENTIATION,63,ENR,GOBP_POSITIVE_REGULATION_OF_EPITHELIAL_CELL_DIFFERENTIATION,1,1E-3,GOBP_POSITIVE_REGULATION_OF_EPITHELIAL_CELL_DIFFERENTIATION,FALSE,GOBP_POSITIVE_REGULATION_OF_EPITHELIAL_CELL_DIFFERENTIATION
134,3,3,3,0.999,,1E-3,,CFAP20|HAND2|MC4R|HCRTR1|PMCH|IAPP|CPT1A|POU4F1|GFRAL|INSL5|ADRB3|RXFP4|MCHR1|NAPEPLD|MC1R|EIF2AK4|HELT|COL6A1|GAL|DERL2|DMBX1|EN1|INS|LEP|LEPR|ATP8A2|MRAP2|GLS|PPY|UCHL1|AGRP|APLN|TMEM63B|DRD2|ADM2|RETN|PRLH|MMP17|CNTN2|GIGYF2|GPR171|NPY|GDF15|PYY|GUCA2B|USP46|RMI1|FYN|SLC24A4|ADORA2A|FOS|P2RY1|PEX13|STRA6|NPB|DRD1|NPW|PRLHR|UBE2Q1|GPR83|C1QTNF4|HCRTR2|DACH1|NMUR2|CCK|OPRD1|UCN|REN|GALR2|UBR3|STAT3|GNB3|TBR1|NPY5R|SGIP1|TH|CNTFR|GHRL|UCK2|GHSR|BBS12|HTR2C|NEGR1|NMU|BBIP1|HCRT|NPSR1|NR4A3|OPRK1|TTC21B|ASIP|BRS3|OXT|NPY1R|QRFP|GALR3|NTRK2|TACR3|TRH|NPY2R|ACE2|GCG|TACR1|BSX|TMEM18,https://www.gsea-msigdb.org/gsea/msigdb/human/geneset/GOBP_FEEDING_BEHAVIOR,105,ENR,GOBP_FEEDING_BEHAVIOR,1,1E-3,GOBP_FEEDING_BEHAVIOR,FALSE,GOBP_FEEDING_BEHAVIOR
57,3,3,3,0.999,,1E-3,,SMO|CNTF|FPR2|IFNGR1|LRP1|MAPT|TREM2|ADORA2A|IL6|TTBK1|PSEN1|AGER|LDLR|C5AR1|GRN|TNF|IFNG|IL1B|NR1D1|ZEB2|APP|C1QA|NAGLU,https://www.gsea-msigdb.org/gsea/msigdb/human/geneset/GOBP_ASTROCYTE_ACTIVATION,23,ENR,GOBP_ASTROCYTE_ACTIVATION,1,1E-3,GOBP_ASTROCYTE_ACTIVATION,FALSE,GOBP_ASTROCYTE_ACTIVATION
15,3,3,3,0.999,,1E-3,,NR5A1|FOXL2|INSRR|SOX3|SRD5A1|FGF9|DHH|INSR|GNRH1|MAP3K4|TCF21|DMRT1|SIX4|WT1|PTGDR|WNT4|AR|NR0B1|AMH|SOX9|CITED2,https://www.gsea-msigdb.org/gsea/msigdb/human/geneset/GOBP_SEX_DETERMINATION,21,ENR,GOBP_SEX_DETERMINATION,1,1E-3,GOBP_SEX_DETERMINATION,FALSE,GOBP_SEX_DETERMINATION
70,3,3,3,0.999,,1E-3,,PGR|VDR|LIF|SPP1|STS|AKT1|CTSB|RXRB|GJA1|ACOD1|CRHBP|PPARD|SLC38A2|EPYC|ITGA5|TLE6|DKKL1|LEP|IDO1|AGRP|H3-3A|H3-3B|CLIC5|DSG1|PTHLH|CLDN4|SLC38A3|KLF1|PCSK5|VEGFA|NPPA|EMP2|SLC2A1|ESR1|AR|BMPR2|CORIN|BCL2|PRDM1|PLA2G4B|PSG9|FUT7|PLA2G4C|NDP|GARIN4|NR2F2|AGO2|CYP1A1|CD38|IL1B|SEMG1|ACVR1C|UPRT|ITGA2|ITGA3|LNPEP|EPO|ITGB3|TAC1|FOS|EDN1|GNRH1|SMURF2|LGALS9|PRLHR|STC1|LDOC1|UBE2Q1|INTS1|MMP2|MSTN|A1CF|FOSB|UCN|ARHGDIB|MED1|PTGFR|RGS2|IHH|CITED2|KRAS|CSMD1|POLR1B|PTN|RECK|HSF1|MMP9|ITGB4|TGFBR1|NPFF|SLC19A1|STAT5B|PRDM14|ACR|STAT5A|TACR1|IL11RA|FKBP4|RPL29|TRO|C1QBP|PRDX3|ERRFI1|TPPP3|RXFP1|AMBP|IGFBP5|SYDE1|DAZAP1|SMAD3|CBS|IGFBP7|YTHDF3|DDO|FBN2|ADRA2B|JUNB|EPOR|IGFBP2|STOX2|TCF23|EDDM3A|SMAD2|PPP3R2|DDR1|MAFF|ACVR2B|TEAD4|FBLN1|SPHK2|PARP2|STC2|TRIM28|TMED2|PSG11|GARIN3|PSG2|PSG5|HSD11B2|SP3|PAPPA|PSG1|ANGPT2|APLF|PSG3|PSG4|ASH1L|PSG6|CAPN2|PSG7|PZP|RLN1|SMCP|OXTR|TEKT3|P2RX1|HMX3|SERPINE2|ACVR1B|PRL|DSG2|PRLR|ABCC8|COL16A1|ADCYAP1|EPN1|HAVCR2|PITHD1|HSPG2|ABCB1|CAD|ADRA2A|GNAS|RLN2|GRN|HYAL3|LAMB1|DEDD|TIMP1|PARP1|CRH|RARA|TGFB1|SCGB1A1|SLC38A1|GHRL|GHSR|VMP1|TEAD3|KPNA6|HEXB|PTGIS|DCAF13|CYP27B1|KLK14|ACVR2A|ENDOU|OXT|AVPR1A|NODAL|TAC3|B4GALT1|ACSL4|APELA|HPGD|BSG|THBD|PNOC|APOL2|PTGS2|CALCA|CALR|MAGED2|ADCY7|WNT4|ACE2|OVGP1|SOD1,https://www.gsea-msigdb.org/gsea/msigdb/human/geneset/GOBP_MULTI_MULTICELLULAR_ORGANISM_PROCESS,218,ENR,GOBP_MULTI_MULTICELLULAR_ORGANISM_PROCESS,1,1E-3,GOBP_MULTI_MULTICELLULAR_ORGANISM_PROCESS,FALSE,GOBP_MULTI_MULTICELLULAR_ORGANISM_PROCESS
3,3,3,3,0.999,,1E-3,,BMP4|HAND2|HIF1A|WNT11|PITX2|POU4F1|HECTD1|BMP10|DSP|MYH6|FKBP1A|MYH7|TBX5|WNT5A|EVA1A|NSD2|ACVR1|MYBPC3|GSK3A|MYL2|FOXF1|RBPJ|DAND5|MYL3|TGFBR3|MYOCD|PKP2|NKX2-5|FZD2|SALL1|TNNT2|HEY1|RYR2|HEYL|MDM2|MESP1|DLL4|FOXC1|SUFU|APLNR|ADAMTS19|FGFRL1|SCN5A|SMAD7|ID2|MDM4|HAND1|PROX1|NPRL3|HEY2|TBX20|ZMPSTE24|BMPR2|SMARCD3|SOX11|SALL4|TNNI1|PRDM1|FOXC2|GATA3|NOG|SAV1|XIRP2|ZFPM2|SOX4|TBX3|GJA5|TNNI3|TPM1|LMO4|TRIP11|COL11A1|JAG1|CCN1|FGFR2|STRA6|EDNRA|EGLN1|MEF2C|NACA|MATR3|BMPR1A|NRG1|FZD1|LUZP1|HES1|TGFBR2|ISL1|MED1|PTK7|SEMA3C|SFRP2|LRP2|SMAD4|SMAD6|GATA4|TMEM65|AP2B1|HEG1|UBE4B|CITED2|NAGLU|GRHL2|SLIT3|TGFB1|NOTCH1|NPY5R|CHD7|PAX8|PPP1R13L|ZFPM1|ROBO1|ROBO2|CPE|GREB1L|TNNC1|ENG|TGFBR1|RBM15|PTCD2|CNTRL|DCTN5|KCNK2|NOS3|VANGL2|FOXH1|SLIT2|NPY2R|PDE2A|FRS2|HOXA13|TGFB2,https://www.gsea-msigdb.org/gsea/msigdb/human/geneset/GOBP_CARDIAC_VENTRICLE_DEVELOPMENT,132,ENR,GOBP_CARDIAC_VENTRICLE_DEVELOPMENT,1,1E-3,GOBP_CARDIAC_VENTRICLE_DEVELOPMENT,FALSE,GOBP_CARDIAC_VENTRICLE_DEVELOPMENT
2,3,3,3,0.999,,1E-3,,LHX8|PRDM8|AGBL4|CHRNB2|GABRB1|FGFR2|PLXNA1|ATF5|OGDH|KIFBP|ARHGAP35|ATP7A|DCLK2|PTEN|RAPGEF2|WNT5A|DRD1|PAFAH1B1|DISC1|CDH11|EPHA4|SPG11|TSKU|MYCBP2|CRK|CRKL|NRP2|NOVA2|GATA2|PRKCA|ADARB1|PLXNA4|ARX|B4GALT5|TTC36|BRINP1|UBB|KIAA0319|NDNF|LEP|NANOS1|HPRT1|SEMA3E|ZMIZ1|ARHGEF28|LHX6|ASCL1|UQCRQ|ZEB2|EPHB2|TCTN1|MAPT|SCN1B|SLIT3|FOXG1|AGTPBP1|NIN|NRP1|B4GALT6|GLI2|PLXNA3|DRD2|RAC1|NR4A2|SCYL2|DCC|RAC3|SECISBP2|MAP2|ROBO1|DRAXIN|ROBO2|SLC4A10|SPTBN4|PALS1|CNTN2|EPHB1|NDEL1|SOX1|GBA2|NHLH2|NFIB|NTRK2|SLIT1|SZT2|NPY|CDK5|WDR47|SLIT2|C12ORF57|FBXO45|BTG2|FGF8|NR2E1|TAOK1|EPHB3,https://www.gsea-msigdb.org/gsea/msigdb/human/geneset/GOBP_CENTRAL_NERVOUS_SYSTEM_NEURON_DEVELOPMENT,96,ENR,GOBP_CENTRAL_NERVOUS_SYSTEM_NEURON_DEVELOPMENT,1,1E-3,GOBP_CENTRAL_NERVOUS_SYSTEM_NEURON_DEVELOPMENT,FALSE,GOBP_CENTRAL_NERVOUS_SYSTEM_NEURON_DEVELOPMENT
47,3,3,3,0.999,,1E-3,,BMAL1|RFX3|SMO|BMP4|IL6R|ONECUT1|RHEB|PDPK1|INSM1|DLL1|CLOCK|AKT1|ONECUT2|PAX4|GDF11|PDX1|SIDT2|WNT5A|BAD|NEUROD1|BAK1|BHLHA15|NKX6-1|RFX6|IER3IP1|PAX6|GSK3A|NKX6-2|GSK3B|IL6|BMP6|BMP5|FOXA2|SOX4|HES1|EIF2AK3|HNF1B|GIP|CDH2|CDK6|GIPR|ZNF800|SOX9|MNX1|GATA6,https://www.gsea-msigdb.org/gsea/msigdb/human/geneset/GOBP_ENDOCRINE_PANCREAS_DEVELOPMENT,45,ENR,GOBP_ENDOCRINE_PANCREAS_DEVELOPMENT,1,1E-3,GOBP_ENDOCRINE_PANCREAS_DEVELOPMENT,FALSE,GOBP_ENDOCRINE_PANCREAS_DEVELOPMENT
85,3,3,3,0.999,,1E-3,,BMP4|IL6R|TGFB1|ITGA2|NOTCH1|DDR2|TRAPPC8|ERRFI1|COL1A1|NPPC|PCOLCE|TMEM131|PRDX5|FOSL2|TGFB3|P3H4|EMILIN1|SCX|RAP1A|CYP7A1|ADAMTS3|MYB|RCN3|CBX8|CREB3L1|PPARD|IL6|SERPINH1|TRAM2|RGCC|COL5A1|LARP6|F2R|INHBA|P3H3|UCN|RUNX1|CIITA|SERPINB7|CYGB|F2|SERPINF2|WNT4|AMELX|IHH|GOT1|SUCO|VIM,https://www.gsea-msigdb.org/gsea/msigdb/human/geneset/GOBP_COLLAGEN_BIOSYNTHETIC_PROCESS,48,ENR,GOBP_COLLAGEN_BIOSYNTHETIC_PROCESS,1,1E-3,GOBP_COLLAGEN_BIOSYNTHETIC_PROCESS,FALSE,GOBP_COLLAGEN_BIOSYNTHETIC_PROCESS
18,3,3,3,0.999,,1E-3,,BMP4|IL6R|TP63|JAG1|CEBPD|CCN1|NPPC|NPNT|GLI3|GDF10|PRKD1|RUNX2|WNT10B|ZHX3|JUND|LRP3|LTF|CEBPB|MEF2C|ACVR1|CTNNBIP1|BMPR1A|FFAR4|BMP6|FZD1|HGF|CTNNB1|IGF1|IFITM1|IL6ST|SMAD1|ATRAID|FBN2|SCUBE3|SFRP2|NELL1|PRMT3|DDR2|FBXO5|FGF2|WNT7B|CCN4|MSX2|WWTR1|SMAD5|YAP1|VEGFA|CLIC1|ACVR2A|DNAI3|BMPR2|SOX11|TENT5A|CTHRC1|ACVR2B|CEBPA|IL6|TMEM119|PPP3CA|GDPD2|BMP7|BMP2|BMPR1B|WNT3|FERMT2|WNT4|SUCO|FAM20C|LRP5|TAOK3|ILK,https://www.gsea-msigdb.org/gsea/msigdb/human/geneset/GOBP_POSITIVE_REGULATION_OF_OSTEOBLAST_DIFFERENTIATION,71,ENR,GOBP_POSITIVE_REGULATION_OF_OSTEOBLAST_DIFFERENTIATION,1,1E-3,GOBP_POSITIVE_REGULATION_OF_OSTEOBLAST_DIFFERENTIATION,FALSE,GOBP_POSITIVE_REGULATION_OF_OSTEOBLAST_DIFFERENTIATION
62,3,3,3,0.999,,1E-3,,AAAS|HIF1A|CHRNB2|NEUROD2|TLR2|TANC1|HTR2A|NLGN4X|NRXN2|RIC8A|ABCA7|ATP1A2|COMT|EIF2AK4|EPM2A|DEAF1|BCHE|SYNGAP1|CLSTN2|CREB1|NPTX2|NRGN|SORCS3|VDAC3|EN1|PPP1R1B|BRSK1|INSR|CTNS|MAPK8IP2|KMT2A|LRRN4|TAFA2|ATP8A1|MAP1A|ATXN1L|CIC|EPHB2|HMGCR|DBH|NLGN4Y|NRXN3|EIF4A3|ELAVL4|GABRA5|SRF|MEIS2|GABRB3|IFT20|DRD2|SLC12A5|TACR2|GMFB|CNTN2|RGS14|DRD5|SPECC1|NRXN1|ATAD1|RAPGEF3|TUBA1A|B3GAT1|NOG|BRAF|PPT1|SHANK1|SHANK3|DLG4|FOXB1|CDK5|B4GALT2|SNAP25|ASIC1|PLCB1|PIAS1|CLN8|BTG2|CHST10|SYT11|ARF4|FYN|ADGRB3|SHANK2|SLC8A2|PLN|PRKAR2B|DDHD2|C1QL1|CLDN5|ITGB1|GRIA1|TAC1|FOS|PDE8B|SLC6A1|ATXN1|STRA6|CNTNAP2|KIT|PAK5|PAK6|DRD1|CLN3|DRD3|DKK1|LGMN|ABCC8|PGRMC1|FGF13|NETO1|GRM5|HRH1|SLC6A4|SLC7A11|TTC36|UCN|NF1|NPAS4|KIAA0319|GRIN2A|TSC1|FOXP2|SYNJ1|PPP1R9B|CRH|PIANP|PRKN|KRAS|PPP3CB|CSMD1|NLGN3|TBR1|ABL1|TH|VDAC1|NDRG4|PTN|RELN|SLC1A1|SLC8A3|APP|HTT|OPRK1|PDE1B|TACO1|NTRK2|SLC24A2|GRIN1|YTHDF1|JPH3|JPH4|TNR|TPBG|NTSR1|RAG1|ADCY3|GPR88|ADAM2|GIT1|MECP2|TACR1,https://www.gsea-msigdb.org/gsea/msigdb/human/geneset/GOBP_LEARNING,161,ENR,GOBP_LEARNING,1,1E-3,GOBP_LEARNING,FALSE,GOBP_LEARNING
40,3,3,3,0.999,,1E-3,,LRIT3|ARK2C|NTF4|GABRA5|ITGA4|POU4F1|GABRB2|NRP1|GABRB3|CHD7|NTRK1|VCAM1|EDN1|COL25A1|EDNRA|NPR2|SERPINE2|LRIG1|EPHA4|ECE1|ADARB1|NPTX1|SEMA3A|ISL1|PRKCG|FBXO45|SLITRK6|LRIG2|SULF1|SULF2,https://www.gsea-msigdb.org/gsea/msigdb/human/geneset/GOBP_INNERVATION,30,ENR,GOBP_INNERVATION,1,1E-3,GOBP_INNERVATION,FALSE,GOBP_INNERVATION
,3,3,3,0.999,,1E-3,,HEXIM1|SP100|LARP7|TRIM27|IFITM3|TRIM14|TRIM8|TRIM11|UBP1|TRIM13|TRIM21|TRIM32|TRIM31|ZFP36|TRIM62|MID2,https://www.gsea-msigdb.org/gsea/msigdb/human/geneset/GOBP_NEGATIVE_REGULATION_OF_VIRAL_TRANSCRIPTION,16,ENR,GOBP_NEGATIVE_REGULATION_OF_VIRAL_TRANSCRIPTION,1,1E-3,GOBP_NEGATIVE_REGULATION_OF_VIRAL_TRANSCRIPTION,FALSE,GOBP_NEGATIVE_REGULATION_OF_VIRAL_TRANSCRIPTION
11,3,3,3,0.999,,1E-3,,ZWINT|AGO4|ATM|C9ORF78|ANKRD31|SPO11|CCNE1|CCNE2|TERB1|TERB2|TRIP13|CENPC|MRE11|PRDM9|SIRT7|HORMAD1|PLK1|BRIP1|EHMT2|C14ORF39|MAEL|TERF1|MEIKIN|DMC1|NDC1|FANCD2|UBE2B|P3H4|C1ORF146|CCNB1IP1|PTTG1|KASH5|PTTG2|MAJIN|MCMDC2|MEIOC|IHO1|BAG6|MEI4|MLH3|TEX15|MND1|SPATA22|MSH4|SPDYA|MSH5|ESPL1|STAG3|PSMC3IP|SUN1|SYCE1|SYCE1L|SYCE2|RNF212|SYCP2|RNF212B|TEX12|SHOC1|SYCE3|SYCP1|TEX11|FMN2|KNL1|REC8|MLH1|ZCWPW1,https://www.gsea-msigdb.org/gsea/msigdb/human/geneset/GOBP_HOMOLOGOUS_CHROMOSOME_SEGREGATION,66,ENR,GOBP_HOMOLOGOUS_CHROMOSOME_SEGREGATION,1,1E-3,GOBP_HOMOLOGOUS_CHROMOSOME_SEGREGATION,FALSE,GOBP_HOMOLOGOUS_CHROMOSOME_SEGREGATION
145,3,3,3,0.999,,1E-3,,HMGA2|ANGPT1|DOK7|CARD10|PSMD10|TLR6|CARD14|CAB39|RAP1A|CD74|RAPGEF2|WNT5A|CENPE|PDGFRB|MRNIP|CD4|KIF14|PDGFB|ECT2|PDCD10|PTPRC|RASSF2|CSF1R|IGF1|GPRC5B|STOX1|LEP|SRC|TNFSF15|ALS2|MT3|UNC119|CLSPN|MAP3K10|ZNF622|CCNY|DDR2|PIK3CG|ERN1|ETAA1|MAP3K5|PIK3R5|TOM1L1|EEF1A2|ELANE|SIRT1|XRCC5|MAP4K2|FLT1|SRCIN1|MAP3K7|FBN1|NEK10|GAS6|TIGAR|RASGRP1|SPDYA|CEMIP|CIMAP3|DYNAP|STK11|CIB1|MMD|PILRB|TPX2|TNFRSF10B|RALB|TAOK3|TCIM|ERBB2|LMO4|TAB2|LAT|ZNF16|PRKCD|ITGB1BP1|CASS4|CCDC88A|CACUL1|CRIPTO|PRLR|DIRAS1|LTF|RHOA|XRCC6|DIRAS2|ADCYAP1|DRD4|FLT3|EZH2|AGAP2|MAP2K3|MAP3K11|CDKN1A|HLA-DRB1|TRAF4|STRADA|STRADB|NRG1|LCP2|SASH1|ZFP91|CHI3L1|TNF|DIPK2A|NEDD9|MAP2K1|TPD52L1|TRAF6|JAK2|IRGM|JTB|MST1R|EREG|ABL1|FGF2|PPIA|FGFR1|PIK3R6|TLR3|MAP2K2|PIM1|CAMK1|PTK2|PTK2B|LILRA5|PTPN1|IFNG|ADAM17|RIPK3|ADIPOQ|SYAP1|COPS8|TENM1|S100A12|SNX9|TNFRSF10A|FGF1|ARHGEF5|FGF18|PIBF1|CALCA|MAP3K4|DSTYK|TRAF2|ADCY8|PIH1D1|ABI1,https://www.gsea-msigdb.org/gsea/msigdb/human/geneset/GOBP_POSITIVE_REGULATION_OF_KINASE_ACTIVITY,148,ENR,GOBP_POSITIVE_REGULATION_OF_KINASE_ACTIVITY,1,1E-3,GOBP_POSITIVE_REGULATION_OF_KINASE_ACTIVITY,FALSE,GOBP_POSITIVE_REGULATION_OF_KINASE_ACTIVITY
13,3,3,3,0.999,,1E-3,,CASQ2|CHRNA1|CAV1|TMEM161B|CAV3|CHRNB2|CHRNB4|KCNC3|CLCN1|AKAP7|CTNNA3|DLG1|DMD|DSC2|ASIC5|DSP|TRPM4|YWHAH|ATP1A1|FGF12|ATP1A2|GJA1|GJC1|GLRA1|ATP1B1|HCN4|ATP2A2|KCNQ2|BBS10|JUP|KCNA1|KCNB2|CALM1|KCND2|KCND3|KCNE3|KCNE4|KCNE5|CNR2|KCNIP2|KCNC1|KCNH2|KCNJ3|KCNJ5|FLNA|KCNN2|ANK2|KCNF1|KCNG1|KCNG2|RANGRF|KCNG3|KCNG4|YWHAE|KCNJ11|TBX18|CD36|NOS1AP|BIN1|MTNR1B|MTOR|PKP2|RNF207|RYR2|KCNS1|NEDD4L|SCN10A|KCNS2|SCN1A|KCNS3|SCN1B|SCN2A|CLDN19|SCN3A|SCN3B|SCN4A|SCN4B|SCN5A|SCN7A|SCN8A|KCNJ2|SLMAP|FMR1|SNTA1|KCNA5|NPR2|ADRA1A|SLC9A1|KCNK3|NDP|CALM3|ANK3|GJA5|GRIK2|GPD1L|CNTNAP1|KCNK9|KCNJ8|SLC8A2|CXADR|HCN1|HCN3|GRIA1|TAC1|KCNC2|P2RX1|SCN2B|AKAP9|SCN9A|TRPA1|DRD1|KCNB1|CLN3|KCNE1|DSG2|ABCC8|SUMO1|SCN11A|GNA11|KCNE2|GNA14|FGF13|KCNMB2|KCNA3|KCNMB4|KCNA4|KCNA6|KCNA7|GPER1|KCNC4|KCND1|KCNV1|KCNV2|NOS1|NTRK3|HCN2|TNF|PTPN3|KCNMB3|USP53|ABCC9|CACNA1I|GBA1|KCNQ1|CHRNA4|AKAP6|KCNH6|CACNA1C|CACNA2D1|CACNB3|MYH14|FKBP1B|NTRK2|SLC4A3|KCNQ3|CACNB4|KCNA2|NRCAM|KCNK2|CLCN2|GPRIN3|GPR88|CACNA1D|CACNA1G|SOD1|SLC8A1|CACNB2|NUP155|TACR1|CAMK2D,https://www.gsea-msigdb.org/gsea/msigdb/human/geneset/GOBP_ACTION_POTENTIAL,170,ENR,GOBP_ACTION_POTENTIAL,1,1E-3,GOBP_ACTION_POTENTIAL,FALSE,GOBP_ACTION_POTENTIAL
30,3,3,3,0.999,,1E-3,,CACNG4|CACNG5|CACNG8|CBLB|CNIH3|RNF220|DLG1|DAG1|OGT|RALA|PRKCI|ATG5|EFNB2|RAP1A|RAB11A|AP3M1|GPSM2|RAB8A|RABEP1|RAP2A|LHFPL4|GSG1L|SHISA6|PPP3R1|KIF2C|NUMB|TAMALIN|TFRC|ZDHHC5|ALS2|CTNND1|MDM2|DLG2|HIP1|GABARAP|EPS8|ERBIN|SLC12A5|SNX27|AP2M1|CPT1C|FLOT2|ARHGAP44|VPS35|ATAD1|PPFIA1|CACNG2|DLG4|AP2A1|CLSTN1|CPLX1|CACNG7|USP46|ERBB2|OLFM1|SYT17|PORCN|ITGB3|VAMP4|GRIP1|GRIP2|GRIPAP1|HPCA|HRAS|ERBB4|SACM1L|LRRC7|SNX6|DRD4|OPHN1|GRID2IP|AGAP3|NETO1|TMEM108|NRG1|GRID1|STX4|NSG1|CALY|GRID2|MAP2K1|FRRS1L|TRAF6|GPC4|GPC6|NETO2|RAPSN|AP2A2|RDX|AP2B1|AP2S1|VWC2|EPS15|PRKN|VAC14|SCRIB|USP6|GHSR|CACNA2D2|NSG2|ARC|VPS26B|ADAM10|EPB41L3|NCDN|CACNG3|IQSEC2|C1QL2|C1QL3|STX3|GPHN|HSP90AA1|LPAR1|LGI1|NPTX1|SHROOM4|DLG3|ZDHHC2|GIT1|SST|SUSD4,https://www.gsea-msigdb.org/gsea/msigdb/human/geneset/GOBP_REGULATION_OF_POSTSYNAPTIC_MEMBRANE_NEUROTRANSMITTER_RECEPTOR_LEVELS,121,ENR,GOBP_REGULATION_OF_POSTSYNAPTIC_MEMBRANE_NEUROTRANSMITTER_RECEPTOR_LEVELS,1,1E-3,GOBP_REGULATION_OF_POSTSYNAPTIC_MEMBRANE_NEUROTRANSMITTER_RECEPTOR_LEVELS,FALSE,GOBP_REGULATION_OF_POSTSYNAPTIC_MEMBRANE_NEUROTRANSMITTER_RECEPTOR_LEVELS
26,3,3,3,0.999,,1E-3,,MYO9A|EZR|FOXF1|FAT1|MSN|RAP2A|TTC8|LAMA1|NHERF1|SYNE4|IFT20|SH3BP1|CAMSAP3|PTK7|WNT5A|TCF15|CDC42|RHOA|OPHN1,https://www.gsea-msigdb.org/gsea/msigdb/human/geneset/GOBP_ESTABLISHMENT_OF_EPITHELIAL_CELL_APICAL_BASAL_POLARITY,19,ENR,GOBP_ESTABLISHMENT_OF_EPITHELIAL_CELL_APICAL_BASAL_POLARITY,1,1E-3,GOBP_ESTABLISHMENT_OF_EPITHELIAL_CELL_APICAL_BASAL_POLARITY,FALSE,GOBP_ESTABLISHMENT_OF_EPITHELIAL_CELL_APICAL_BASAL_POLARITY
41,3,3,3,0.999,,1E-3,,PHIP|THBS1|BMP4|GFRAL|SGK3|TNFAIP3|AKT1|CFLAR|HSPA1B|FAIM|ITPRIP|PEA15|MAP2K5|BIRC6|ACVR1|GSK3B|GATA1|IGF1|CX3CL1|ITGAV|CTTN|SRC|TERT|FGA|FGB|GRINA|HMOX1|HMGB2|AR|UNC5B|BCL2|RB1CC1|TMBIM1|BCL2L1|PSME3|HSPA1A|ICAM1|DDX3X|RAF1|IL1B|RFFL|FYN|LGALS3|ITGA6|COL2A1|SH3RF1|PELI3|SIAH2|PAK5|PARK7|EYA2|ARHGEF2|GCLC|GCLM|STRADB|FGG|NOL3|NRG1|GDNF|GPX1|HGF|TCF7L2|IL19|GSTP1|TNF|CSF2|RPS6KB1|IFI6|SFRP2|MAPK7|LMNA|PF4|MCL1|IL1A|NRP1|IL7|YAP1|PRDX2|SNAI2|FAIM2|BRCA1|HTT|RELA|TGFBR1|SCG2|RNF34|SERPINE1|BMP5|ZMYND11|NOS3|KLF4|CTNNA1|RIPK1|EYA1|EYA3|EYA4|FGF10|C8ORF44-SGK3,https://www.gsea-msigdb.org/gsea/msigdb/human/geneset/GOBP_NEGATIVE_REGULATION_OF_EXTRINSIC_APOPTOTIC_SIGNALING_PATHWAY,98,ENR,GOBP_NEGATIVE_REGULATION_OF_EXTRINSIC_APOPTOTIC_SIGNALING_PATHWAY,1,1E-3,GOBP_NEGATIVE_REGULATION_OF_EXTRINSIC_APOPTOTIC_SIGNALING_PATHWAY,FALSE,GOBP_NEGATIVE_REGULATION_OF_EXTRINSIC_APOPTOTIC_SIGNALING_PATHWAY
8,3,3,3,0.999,,1E-3,,THBS1|RBPMS2|CAV1|CHRDL2|PPARG|SKOR1|TNFAIP6|ANGPT1|VWC2L|MTMR4|HRG|PDCD6|CFLAR|PPM1A|WNT5A|SPRY3|SPRY4|TWSG1|CREB3L1|ATP2B4|SPRY1|SPRY2|CHRDL1|CER1|DAND5|CXCL13|CRIM1|BAMBI|GREM2|PIK3CB|APLN|DAB2IP|HGS|OFD1|SMAD7|EMILIN1|ERFE|SORL1|AGTR2|HTRA1|DLX1|FBN1|FSTL3|MMRN2|GATA3|NEDD4|NOG|NR2F2|SFRP1|GREM1|IL12A|SKI|SHISA2|ADGRA2|DCN|SOST|CASK|SKOR2|SMURF1|SMURF2|DKK1|CHRD|HIPK2|SPART|EPN2|AGT|FUZ|NGFR|IL12B|WNT1|FZD1|NBL1|UBE2D1|UBE2D3|SFRP2|LRP2|SKIL|SMAD6|ADAMTS12|VWC2|SEMA6A|LEMD3|MMRN1|NOTCH1|ABL1|FGF2|GPR155|CTDSPL2|HHEX|HJV|PTPN1|IL4|TMEM53|TOB1|HTRA3|TMPRSS6|BMPER|TRIM33|SLIT2|GPC1|WNT4|PRDM14|GDF3|SULF1|SOSTDC1|SULF2|CADM4,https://www.gsea-msigdb.org/gsea/msigdb/human/geneset/GOBP_NEGATIVE_REGULATION_OF_CELLULAR_RESPONSE_TO_GROWTH_FACTOR_STIMULUS,107,ENR,GOBP_NEGATIVE_REGULATION_OF_CELLULAR_RESPONSE_TO_GROWTH_FACTOR_STIMULUS,1,1E-3,GOBP_NEGATIVE_REGULATION_OF_CELLULAR_RESPONSE_TO_GROWTH_FACTOR_STIMULUS,FALSE,GOBP_NEGATIVE_REGULATION_OF_CELLULAR_RESPONSE_TO_GROWTH_FACTOR_STIMULUS
,3,3,3,0.999,,1E-3,,CFAP20|AGBL4|TTLL1|AGTPBP1|TTLL4|FOLH1|NAA20|NAA80|TTLL10|TTLL3|TTLL6|TTLL7|TTLL8|AGBL1|AGBL2|VKORC1|AGBL3|VKORC1L1|AGBL5|CEP41,https://www.gsea-msigdb.org/gsea/msigdb/human/geneset/GOBP_PEPTIDYL_GLUTAMIC_ACID_MODIFICATION,20,ENR,GOBP_PEPTIDYL_GLUTAMIC_ACID_MODIFICATION,1,1E-3,GOBP_PEPTIDYL_GLUTAMIC_ACID_MODIFICATION,FALSE,GOBP_PEPTIDYL_GLUTAMIC_ACID_MODIFICATION
4,3,3,3,0.999,,1E-3,,DLL4|FGF1|ACVRL1|PRKD2|STARD13|CCM2|CTNNB1|RBPJ|BSG|CXCL10|RHOB|CSNK2B|LCN2|ITGAX|RHOA|FOXP1|ADAMTS12,https://www.gsea-msigdb.org/gsea/msigdb/human/geneset/GOBP_MORPHOGENESIS_OF_AN_ENDOTHELIUM,17,ENR,GOBP_MORPHOGENESIS_OF_AN_ENDOTHELIUM,1,1E-3,GOBP_MORPHOGENESIS_OF_AN_ENDOTHELIUM,FALSE,GOBP_MORPHOGENESIS_OF_AN_ENDOTHELIUM
8,3,3,3,0.999,,1E-3,,SKI|RBPMS2|CAV1|CHRDL2|PPARG|SKOR1|TNFAIP6|VWC2L|MTMR4|SOST|SKOR2|SMURF1|SMURF2|PPM1A|WNT5A|DKK1|CHRD|HIPK2|SPART|TWSG1|WNT1|FZD1|CHRDL1|CER1|DAND5|NBL1|CRIM1|UBE2D1|UBE2D3|SFRP2|BAMBI|LRP2|SKIL|GREM2|SMAD6|VWC2|LEMD3|NOTCH1|ABL1|GPR155|CTDSPL2|SMAD7|HJV|ERFE|SORL1|TMEM53|HTRA1|DLX1|FBN1|TOB1|FSTL3|HTRA3|NOG|TMPRSS6|BMPER|TRIM33|SFRP1|GREM1|GDF3|SOSTDC1,https://www.gsea-msigdb.org/gsea/msigdb/human/geneset/GOBP_NEGATIVE_REGULATION_OF_BMP_SIGNALING_PATHWAY,60,ENR,GOBP_NEGATIVE_REGULATION_OF_BMP_SIGNALING_PATHWAY,1,1E-3,GOBP_NEGATIVE_REGULATION_OF_BMP_SIGNALING_PATHWAY,FALSE,GOBP_NEGATIVE_REGULATION_OF_BMP_SIGNALING_PATHWAY
60,3,3,3,0.999,,1E-3,,CDH17|TRO|CDH1|CDHR3|SDK2|TENM3|AMIGO1|DSC2|CDH26|PLXNB2|CD84|PCDH8|NPTN|PCDHGC3|PCDHGC4|CDH10|DSC1|PCDHGC5|CDH11|CDH12|CDH15|CDH18|CDH19|CDH20|CDH22|CDH24|CDH4|PKD1|CDH6|CDH7|CLSTN2|CDH8|CDH9|CDHR2|PTPRR|MYPN|PTPRT|CADM1|DCHS2|CDH2|CDH3|MYOT|CEACAM5|CEACAM1|DSG4|PCDH12|DSC3|DSG1|DSG3|PIK3CB|CNTN4|NECTIN1|FAT1|PCDHGA3|PALLD|CNTN6|CELSR2|FAT2|CDH16|PCDHGB4|CNTN2|PCDHA10|PCDH17|SDK1|CADM3|DSCAML1|PCDH11Y|IGSF9|HMCN1|NEXN|IGSF11|CLSTN1|PCDH9|IGSF21|DCHS1|CDH13|ITGB1|CDHR5|CDH5|DSCAM|ROBO4|CEACAM6|DSG2|PTPRG|L1CAM|NECTIN3|PTPRM|NECTIN4|ROBO3|PTK7|KIRREL3|PECAM1|CELSR1|EMB|FAT4|HMCN2|CDH23|PCDHAC2|AMIGO2|CDHR1|CLSTN3|CADM2|CDHR4|RET|ESAM|MPZL2|PCDH1|PVR|PCDH10|PCDH11X|ROBO1|PCDH18|ROBO2|PCDH19|PCDH20|PCDH7|PCDHA1|PCDHA7|PCDHB10|PCDHA11|PCDHB11|PCDHB6|PCDHA12|PCDHB13|PCDH15|PCDHA13|PCDHB14|PCDHA3|PCDHB16|PCDHA4|PCDHB2|PCDHA5|PCDHB3|PCDHA6|PCDHB4|PCDHA8|PCDHB5|PCDHA9|PCDHB9|PCDHAC1|PCDHB1|PCDHB12|NECTIN2|PCDHB15|PCDHB7|BSG|PCDHB8|PLXNB3|PCDHGA1|PCDHGA10|PCDHGA11|FAT3|PCDHGA12|PCDHGA2|PTPN23|CELSR3|PCDHGA4|PCDHGA5|PCDHGA6|PCDHGA7|PCDHGA8|PCDHGA9|PCDHGB1|PCDHGB2|PCDHGB3|PCDHGB5|PCDHGB6|PCDHGB7|CADM4,https://www.gsea-msigdb.org/gsea/msigdb/human/geneset/GOBP_HOMOPHILIC_CELL_ADHESION_VIA_PLASMA_MEMBRANE_ADHESION_MOLECULES,169,ENR,GOBP_HOMOPHILIC_CELL_ADHESION_VIA_PLASMA_MEMBRANE_ADHESION_MOLECULES,1,1E-3,GOBP_HOMOPHILIC_CELL_ADHESION_VIA_PLASMA_MEMBRANE_ADHESION_MOLECULES,FALSE,GOBP_HOMOPHILIC_CELL_ADHESION_VIA_PLASMA_MEMBRANE_ADHESION_MOLECULES
6,3,3,3,0.999,,1E-3,,HOXA3|BMP4|HAND2|NKX3-2|WNT11|TP63|SIX1|FGFR2|MKS1|GLI3|HOXC11|TBX5|WT1|WNT5A|WNT2B|RDH10|DKK1|MEF2C|BMPR1A|GDNF|SPRY1|CTNNB1|RBPJ|EXT1|HES1|HOXA11|TGFBR2|MAP2K1|FOLR1|ISL1|LRP2|CITED2|GATA6|MESP1|LEMD2|NOTCH1|NTF4|TBR1|FGF2|FGFR1|MAP2K2|PIM1|GATA5|PAX2|PAX8|EMP2|AXIN2|ROBO1|AR|ROBO2|POU5F1|SMARCD3|SHH|FGF1|NOG|WNT2|RBM20|SOX17|BMP7|FOXH1|BMP2|EYA1|MAPK1|MAPK3|FGF10|FGF8|FRS2|SULF1,https://www.gsea-msigdb.org/gsea/msigdb/human/geneset/GOBP_ANIMAL_ORGAN_FORMATION,68,ENR,GOBP_ANIMAL_ORGAN_FORMATION,1,1E-3,GOBP_ANIMAL_ORGAN_FORMATION,FALSE,GOBP_ANIMAL_ORGAN_FORMATION
26,3,3,3,0.999,,1E-3,,ANKFN1|CFL1|BCCIP|KAT5|RHOV|CCDC66|CCR7|DOCK7|ALPK2|ENKD1|GJA1|DYNLT1|PRKCI|RAB10|CENPA|RAP1B|SHTN1|MAP1B|WNT5A|SIPA1L3|PAFAH1B1|RHOQ|CDC42|CDK5RAP2|PARD3B|PAX6|PKD1|CRK|GSK3B|CRKL|CRTAM|FOXF1|SAPCD2|SPRY1|GPSM2|SPRY2|AMOTL1|HDAC3|RAP2A|BRSK1|BRSK2|PLK1|RACK1|DIAPH3|CLASP1|DCTN1|FAM89B|MAPRE1|KRIT1|KIF25|MISP|FBXW11|MCPH1|NDC80|DOCK8|FAT1|GPSM1|FRMD4B|TTC8|CCDC85C|SYNE4|IFT20|WEE1|PKHD1|PRICKLE1|SNX27|NDE1|SDCCAG8|FLOT2|FOXJ1|KANK1|NDEL1|SLC9A6|ARFGEF1|GATA3|SKA2|SPAG5|TCIRG1|NSFL1C|STK11|TCF15|FBF1|KCNJ8|AMOT|CYRIB|MARK2|AMOTL2|MPP7|ITGB1|CDH5|JAM3|CAMSAP3|DOCK2|NUMA1|MAP4|SKA1|FRMD4A|SKA3|FEZ1|RHOA|CYP26B1|OPHN1|FGF13|TRAF3IP2|ZW10|FSCN1|ARF6|GSN|MSN|RHOJ|PAK1|CORO7|KIF26B|PARD3|UST|HES1|LAMA1|MYH9|HES5|FERMT1|PTK7|CYTH3|UBXN2B|CYTH1|EZR|ABL1|SCRIB|WNT7A|PHLDB2|PTK2|WDPCP|GBF1|SH3BP1|CRB1|ABL2|CRB2|GOLPH3|RIPOR2|ROCK1|RUFY3|RAB11FIP2|HTT|SHH|EPHB1|RICTOR|WWC1|INPPL1|MYO9A|PLEKHG3|LLGL1|LLGL2|NHERF1|MAD2L1|PRKCZ|ROCK2|ARHGEF11|CCL19|FGF10|RHOU|SPDL1|CCL21|KIF20B|MYO18A|PATJ,https://www.gsea-msigdb.org/gsea/msigdb/human/geneset/GOBP_ESTABLISHMENT_OF_CELL_POLARITY,164,ENR,GOBP_ESTABLISHMENT_OF_CELL_POLARITY,1,1E-3,GOBP_ESTABLISHMENT_OF_CELL_POLARITY,FALSE,GOBP_ESTABLISHMENT_OF_CELL_POLARITY
35,3,3,3,0.999,,1E-3,,KRAS|BMP4|GRHL2|FOXA1|HMGA2|WNT7B|MAP2K2|ERRFI1|AIMP2|FGFR2|FOSL2|NKX2-1|YAP1|THRA|AGR2|STRA6|SRSF6|THRB|TP73|FGF7|CDC42|LTA4H|RCN3|SHH|FOXJ1|ADAMTSL2|NFIB|COL6A1|PKD1|CREB1|HOXA5|WNT2|SAV1|CTNNB1|IGF1|RBPJ|RBBP9|PPP3R1|MAP2K1|IL13|KLF2|FOXP2|FGF10|SOX9|ASCL1|SPDEF|TMEM38B|GATA6,https://www.gsea-msigdb.org/gsea/msigdb/human/geneset/GOBP_LUNG_EPITHELIUM_DEVELOPMENT,48,ENR,GOBP_LUNG_EPITHELIUM_DEVELOPMENT,1,1E-3,GOBP_LUNG_EPITHELIUM_DEVELOPMENT,FALSE,GOBP_LUNG_EPITHELIUM_DEVELOPMENT
40,3,3,3,0.999,,1E-3,,EPHB2|HOXA3|TIFAB|CHRNB2|SIX1|NRP1|PAX2|PLXNA1|GLI3|PLXNA3|TBX1|TFAP2A|SEMA3F|EPHB1|EGR2|NRP2|KCNA2|MAFB|ADARB1|PLXNA4|SEMA3A|HOXA1|ATP8B1|HOXB1|HOXB2|HOXB3|PHOX2A|CITED2|HOXD3,https://www.gsea-msigdb.org/gsea/msigdb/human/geneset/GOBP_CRANIAL_NERVE_MORPHOGENESIS,29,ENR,GOBP_CRANIAL_NERVE_MORPHOGENESIS,1,1E-3,GOBP_CRANIAL_NERVE_MORPHOGENESIS,FALSE,GOBP_CRANIAL_NERVE_MORPHOGENESIS
9,3,3,3,0.999,,1E-3,,CHRNA3|DYSF|CHRNB4|NGF|RIMS2|RAB3A|ATP1A2|PREPL|RAP1A|RAP1B|FER1L5|ATP2A2|SNCAIP|BAIAP3|SLC38A2|GPM6B|MYOF|PRKCG|KMO|DTNBP1|PER2|SLC4A8|SNCG|DRD2|FMR1|GFAP|SYNGR3|TACR2|GPR158|FLOT1|NLGN1|PFN2|STXBP5|CACNA1B|CPLX4|PPFIA2|BRAF|NPY|GPR151|CALM3|CAMK2A|SEPTIN5|CDK5|GGCX|OTOF|PNKD|ASIC1|RAB3B|STXBP1|MCTP1|SYN1|MCTP2|RIMS1|RIMS3|RIMS4|SYT11|RAB5A|SYT4|SV2B|SV2C|TOR1A|SLC30A1|ADORA2A|ITGB1|ITGB3|CASK|P2RX1|P2RY1|SNAPIN|DRD1|DRD3|DRD4|CSPG5|KCNMB4|MEF2C|STX1A|GPER1|STX1B|GDNF|TSPOAP1|NOS1|SNCA|SYT1|SYT13|SYT2|SYT5|SYT8|NF1|RAB3GAP1|MICU3|PRKN|PRKCB|SLC17A8|WNT7A|BGLAP|VPS18|HCRT|APP|DVL1|PPP3CA|FBXL20|CACNB4|LRRK2|FBXO45|GIT1,https://www.gsea-msigdb.org/gsea/msigdb/human/geneset/GOBP_REGULATION_OF_NEUROTRANSMITTER_TRANSPORT,105,ENR,GOBP_REGULATION_OF_NEUROTRANSMITTER_TRANSPORT,1,1E-3,GOBP_REGULATION_OF_NEUROTRANSMITTER_TRANSPORT,FALSE,GOBP_REGULATION_OF_NEUROTRANSMITTER_TRANSPORT
4,3,3,3,0.999,,1E-3,,BMP4|MYC|WNT11|LIF|SIX1|DLL1|WNK4|DLG1|NPNT|GLI3|TCF21|LAMA5|MAGED1|CTNNBIP1|MTSS1|PKD1|GZF1|HOXA11|TMEM59L|HNF1B|SIX4|LZTS2|SALL1|HEYL|SIX2|SMO|HOXD11|POU3F3|TFAP2B|PTCH1|OSR1|TTC8|VEGFA|ADAMTS16|PKD2|KLHL3|PRICKLE1|AGTR2|BCL2|AQP11|GATA3|NOG|PBX1|NOTCH2|TACSTD2|CD24|LGR5|GREM1|C1ORF54|ILK|DCHS1|CALB1|CITED1|JAG1|UMOD|LGR4|HOXB7|HS2ST1|WT1|WNT2B|HS3ST3A1|WNT9B|AHI1|HS3ST3B1|AGT|FOXD1|MEF2C|GDNF|WNT1|CTNNB1|AQP1|KIF26B|HES1|HES5|SMAD4|SLC22A1|GPC3|IRX1|IRX2|IRX3|WNT6|TGFB1|NOTCH1|FGF2|WNT7B|WWTR1|PAX2|PAX8|YAP1|ACAT1|GREB1L|LHX1|SHH|SLC22A6|COL4A1|FGF1|PROM1|BMP2|EYA1|WNT4|FGF8|STAT1|SOX9|SOX8,https://www.gsea-msigdb.org/gsea/msigdb/human/geneset/GOBP_RENAL_TUBULE_DEVELOPMENT,104,ENR,GOBP_RENAL_TUBULE_DEVELOPMENT,1,1E-3,GOBP_RENAL_TUBULE_DEVELOPMENT,FALSE,GOBP_RENAL_TUBULE_DEVELOPMENT
67,3,3,3,0.999,,1E-3,,FUZ|SPRY4|THBS1|SHISA2|CREB3L1|NGFR|APLN|FGF2|GATA3|SPRY1|SPRY2|OFD1|GPC1|WNT4|WNT5A|PRDM14|SULF1|SULF2|SPRY3,https://www.gsea-msigdb.org/gsea/msigdb/human/geneset/GOBP_NEGATIVE_REGULATION_OF_FIBROBLAST_GROWTH_FACTOR_RECEPTOR_SIGNALING_PATHWAY,19,ENR,GOBP_NEGATIVE_REGULATION_OF_FIBROBLAST_GROWTH_FACTOR_RECEPTOR_SIGNALING_PATHWAY,1,1E-3,GOBP_NEGATIVE_REGULATION_OF_FIBROBLAST_GROWTH_FACTOR_RECEPTOR_SIGNALING_PATHWAY,FALSE,GOBP_NEGATIVE_REGULATION_OF_FIBROBLAST_GROWTH_FACTOR_RECEPTOR_SIGNALING_PATHWAY
4,3,3,3,0.999,,1E-3,,BMP4|HIF1A|JAG2|SLC39A12|CFL1|LHX2|SIX1|GLMN|RARG|MKS1|BRD2|DLC1|RALA|BBS4|FZD3|IFT122|ADM|PLXNB2|VEGFC|PDX1|TGIF1|PCDH8|WNT5A|DEAF1|RDH10|LAMA5|CASP3|BCL10|NUP50|HNF1B|MED12|SIX4|TBX18|OVOL2|STK3|DVL2|MTHFD1|STK4|SUFU|CLUAP1|PTCH1|SEC24B|IFT172|OSR1|KDF1|IFT52|IFT57|HAND1|PRICKLE1|NCKAP1|AR|SOX11|CTHRC1|SALL4|GRSF1|PFN1|STIL|GATA3|NOG|RPS7|WNT2|COBL|TULP3|SDC4|FZD6|SFRP1|TMED2|TWIST1|GREM1|CECR2|KAT2A|SKI|MTHFD1L|TP63|APAF1|LMO4|MTHFR|FGFR2|VASP|ARHGAP35|WDR83|HS2ST1|PRKACB|WNT2B|WNT9B|MIB1|TFAP2A|LIAS|FUZ|TGFB1I1|GDNF|LUZP1|CTNNB1|TRIM71|HES5|GRHL3|FOLR1|TRAF6|PTK7|SFRP2|TEAD2|LRP2|TSC1|TSC2|SEMA4C|CITED2|ZEB2|IRX1|IRX2|IRX3|TCTN1|CELSR1|GRHL2|WNT6|RARA|ST14|TGFB1|ABL1|SCRIB|WNT7B|WNT16|EPB41L5|PAX2|PAX8|SPINT2|RET|SPECC1L|RGMA|GDF7|PALS1|DVL1|SHH|NODAL|CDK20|ALX1|PHACTR4|PRKACA|CC2D2A|BMP5|ALDH1A2|VANGL2|ALDH1A3|LLGL2|BMP7|OPA1|KDM2B|SPINT1|WNT4|FGF10|FGF8|SOX9|SULF1|KIF20B|SOX8|TGFB2,https://www.gsea-msigdb.org/gsea/msigdb/human/geneset/GOBP_MORPHOGENESIS_OF_EMBRYONIC_EPITHELIUM,155,ENR,GOBP_MORPHOGENESIS_OF_EMBRYONIC_EPITHELIUM,1,1E-3,GOBP_MORPHOGENESIS_OF_EMBRYONIC_EPITHELIUM,FALSE,GOBP_MORPHOGENESIS_OF_EMBRYONIC_EPITHELIUM
39,3,3,3,0.999,,1E-3,,INSL3|EVL|HIF1A|ITGA2|ITGA3|VIL1|TAC1|DOCK5|RAB11A|CD63|PTEN|FGF7|PTPRG|EPPK1|DOCK1|ARSB|MCC|ARF6|EPB41L4B|HDAC6|IQSEC1|PTPRR|SASH1|ENPP2|PPM1F|TGFBR2|ARHGAP5|IRS2|MAP4K4|SRC|CLASP1|CLASP2|MTOR|RREB1|CAPN7|MACIR|MAPRE2|MARVELD3|DAB2IP|EPB41L5|PTK2|PRKCE|DUSP10|IFNG|MMP9|IL4|RTN4|BMPR2|PFN1|PFN2|CORO1C|HBEGF|TACSTD2|ADIPOR1|PTPN23|RAB25|CTSH|MACF1|JUN|PLCG1|FGF10|HAS2|PLCG2|SOX9|TACR1|ADAM9|GLIPR2|TGFB2,https://www.gsea-msigdb.org/gsea/msigdb/human/geneset/GOBP_REGULATION_OF_EPITHELIAL_CELL_MIGRATION,68,ENR,GOBP_REGULATION_OF_EPITHELIAL_CELL_MIGRATION,1,1E-3,GOBP_REGULATION_OF_EPITHELIAL_CELL_MIGRATION,FALSE,GOBP_REGULATION_OF_EPITHELIAL_CELL_MIGRATION
17,3,3,3,0.999,,1E-3,,THBS1|DUSP22|ACVRL1|APOD|CORO1C|MMP14|FAM107A|PHLDB2|DLC1|ITGB1BP1|SRC|ARHGAP6|PTEN|CLASP2|DMTN|RCC2,https://www.gsea-msigdb.org/gsea/msigdb/human/geneset/GOBP_NEGATIVE_REGULATION_OF_CELL_SUBSTRATE_JUNCTION_ORGANIZATION,16,ENR,GOBP_NEGATIVE_REGULATION_OF_CELL_SUBSTRATE_JUNCTION_ORGANIZATION,1,1E-3,GOBP_NEGATIVE_REGULATION_OF_CELL_SUBSTRATE_JUNCTION_ORGANIZATION,FALSE,GOBP_NEGATIVE_REGULATION_OF_CELL_SUBSTRATE_JUNCTION_ORGANIZATION
59,3,3,3,0.999,,1E-3,,BMP4|JAG2|REST|TRIP11|DLL1|JAG1|TMEM132E|MKS1|OTOGL|NTRK1|ATOH1|MYCN|PAFAH1B1|POU4F3|TSKU|ELMOD3|ADGRV1|ANKRD24|MYO6|CLRN2|GRXCR2|GSDME|NTRK3|LHFPL5|PDZD7|RBPJ|STRC|SLC44A4|TECTA|HES1|TPRN|HES5|USH1C|DIAPH3|ATP8B1|FZD2|MYO7A|NAGLU|MYCL|NOTCH1|NTF4|FGF2|GABRA5|SCRIB|FGFR1|ESRP1|GABRB2|GABRB3|SEC24B|TTC8|WDPCP|CDH23|IFT20|IFT27|CLRN1|IFT88|RAC1|KCNQ1|MINAR2|HEY2|CTHRC1|TMC1|NTRK2|PLS1|TRIOBP|GRXCR1|SDC4|USH1G|USH2A|VANGL2|NHERF1|WHRN|PJVK|SLC4A7|MCOLN3|SLITRK6|FGF20|SOD1|CECR2,https://www.gsea-msigdb.org/gsea/msigdb/human/geneset/GOBP_MECHANORECEPTOR_DIFFERENTIATION,79,ENR,GOBP_MECHANORECEPTOR_DIFFERENTIATION,1,1E-3,GOBP_MECHANORECEPTOR_DIFFERENTIATION,FALSE,GOBP_MECHANORECEPTOR_DIFFERENTIATION
64,3,3,3,0.999,,1E-3,,NLGN2|TUBA1A|DLG4|DPP4|CRBN|PENK|TNR|PRKCE|GRN|ATP1A2|GAD1|LRRK2|MYG1|SLC4A10|APOE|CRH,https://www.gsea-msigdb.org/gsea/msigdb/human/geneset/GOBP_LOCOMOTORY_EXPLORATION_BEHAVIOR,16,ENR,GOBP_LOCOMOTORY_EXPLORATION_BEHAVIOR,1,1E-3,GOBP_LOCOMOTORY_EXPLORATION_BEHAVIOR,FALSE,GOBP_LOCOMOTORY_EXPLORATION_BEHAVIOR
,3,3,3,0.999,,1E-3,,ABCB1|CREB1|ADRA2A|PPP1R1B|GRIA1|OPRM1|PRKCE|DRD2|SLC1A1|FOSB|PPP5C|PPP2R2A|ADCY8|PRKCG|DRD3|PPP1R9B,https://www.gsea-msigdb.org/gsea/msigdb/human/geneset/GOBP_RESPONSE_TO_ISOQUINOLINE_ALKALOID,16,ENR,GOBP_RESPONSE_TO_ISOQUINOLINE_ALKALOID,1,1E-3,GOBP_RESPONSE_TO_ISOQUINOLINE_ALKALOID,FALSE,GOBP_RESPONSE_TO_ISOQUINOLINE_ALKALOID
4,3,3,3,0.999,,1E-3,,AMPD2|CD2AP|FOXC1|JAG1|NPHS1|BASP1|IQGAP1|PODXL|PTPRO|EDNRB|EDN1|CD34|EDNRA|WT1|ADIPOQ|MAGI2|FOXJ1|PROM1|FOXC2|NOTCH2|ASXL1|EXT1|KLF15|CD24|LAMB2|MYO1E|NPHS2|PECAM1,https://www.gsea-msigdb.org/gsea/msigdb/human/geneset/GOBP_GLOMERULAR_EPITHELIUM_DEVELOPMENT,28,ENR,GOBP_GLOMERULAR_EPITHELIUM_DEVELOPMENT,1,1E-3,GOBP_GLOMERULAR_EPITHELIUM_DEVELOPMENT,FALSE,GOBP_GLOMERULAR_EPITHELIUM_DEVELOPMENT
64,3,3,3,0.999,,1E-3,,LGI4|ATXN1|FGF12|ATP1A2|VPS13A|GLRA1|SEZ6|EFNB3|PARK7|TBCE|DRD1|PAFAH1B1|DRD4|EPHA4|HIPK2|CHL1|DMRT3|KLHL1|ARRB2|GDNF|GRIN2D|SNCA|CCND2|NPC1|DMBX1|EN1|NTAN1|PBX3|CLCN3|CXCL12|CTNS|HEXA|HTRA2|OPRD1|KCNJ10|GBX1|TSC1|HOXD9|UCHL1|BTBD9|PRKN|HOXD10|SCN1A|FXN|NTF4|SNCG|AGTPBP1|DAB1|CHD7|ZIC1|PREX2|DRD2|NR4A2|ID2|OXR1|EPS8|GLRB|PUM1|SPTBN4|ZMPSTE24|APP|CNTN2|INPP5F|CSTB|NLGN2|TMOD1|GIGYF2|TUBA1A|RNF170|PPT1|HOXB8|CACNB4|FOXA2|CNP|ABHD12|NTSR1|WDR47|CEND1|FKRP|TRH|GIP|CLN8|SLITRK6|ARCN1|MECP2,https://www.gsea-msigdb.org/gsea/msigdb/human/geneset/GOBP_ADULT_LOCOMOTORY_BEHAVIOR,85,ENR,GOBP_ADULT_LOCOMOTORY_BEHAVIOR,1,1E-3,GOBP_ADULT_LOCOMOTORY_BEHAVIOR,FALSE,GOBP_ADULT_LOCOMOTORY_BEHAVIOR
2,3,3,3,0.999,,1E-3,,FA2H|SKI|POU3F1|AKT1|LGI4|AKT2|ARHGEF10|DAG1|PRX|ADGRG6|SH3TC2|ITGB4|NCMAP|PALS1|COL6A1|MYOC|PLEC|NTRK2|SLC25A46|DICER1|NTRK3|POU3F2|PARD3|NDRG1|PPP3R1|NF1|SIRT2|SOD1|CNTNAP1|ILK,https://www.gsea-msigdb.org/gsea/msigdb/human/geneset/GOBP_PERIPHERAL_NERVOUS_SYSTEM_AXON_ENSHEATHMENT,30,ENR,GOBP_PERIPHERAL_NERVOUS_SYSTEM_AXON_ENSHEATHMENT,1,1E-3,GOBP_PERIPHERAL_NERVOUS_SYSTEM_AXON_ENSHEATHMENT,FALSE,GOBP_PERIPHERAL_NERVOUS_SYSTEM_AXON_ENSHEATHMENT
3,3,3,3,0.999,,1E-3,,BMP4|TMEM100|ACVRL1|DCHS1|SMAD2|TGFB1|NOTCH1|APLNR|GATA5|MSX1|MSX2|TGFB3|ADAMTS5|MDM4|SNAI2|ROBO1|ROBO2|HEY2|TBX20|ENG|TGFBR1|ACVR1|BMPR1A|CPLANE2|NOG|BMP5|RBPJ|NOS3|TBX3|TWIST1|APC|BMP7|TGFBR2|BMP2|ISL1|SNAI1|SMAD4|FGF8|SOX9|HEY1|HEYL|MDM2|TBX2|TGFB2,https://www.gsea-msigdb.org/gsea/msigdb/human/geneset/GOBP_ENDOCARDIAL_CUSHION_MORPHOGENESIS,44,ENR,GOBP_ENDOCARDIAL_CUSHION_MORPHOGENESIS,1,1E-3,GOBP_ENDOCARDIAL_CUSHION_MORPHOGENESIS,FALSE,GOBP_ENDOCARDIAL_CUSHION_MORPHOGENESIS
128,3,3,3,0.999,,1E-3,,THBS1|NKD2|AKT1|IL1R2|S100A10|SERPINE2|CWH43|PRKACB|CLN3|CHAC1|ANXA2|F12|SIRT4|MMP14|GSN|NLRP7|CCBE1|FURIN|HPN|ENO1|PLGRKT|MYH9|NLRC4|PRNP|MELTF|RNF139|KLKB1|SRC|FGA|BAG2|MDM2|PLAT|RASAL2|GAS1|PLAU|TFR2|IFT52|SNX12|ADAM8|ANGPTL8|ASTL|INPP5B|RHBDD1|CLEC3B|CTSZ|CNTN2|GLG1|LDLRAD3|CDK20|PRSS37|PRKACA|RFX4|SERPINE1|RPS6KA2|ACP4|LRRK2|RUNX1|SPON1|SERPINF2|TMEM98|PLAUR,https://www.gsea-msigdb.org/gsea/msigdb/human/geneset/GOBP_REGULATION_OF_PROTEIN_MATURATION,61,ENR,GOBP_REGULATION_OF_PROTEIN_MATURATION,1,1E-3,GOBP_REGULATION_OF_PROTEIN_MATURATION,FALSE,GOBP_REGULATION_OF_PROTEIN_MATURATION
14,3,3,3,0.999,,1E-3,,SMO|FLG2|NOTCH1|TP63|DLX3|FST|GLI2|FGFR2|GORAB|PLOD3|TMEM79|ATP7A|KLK14|PLA2G10|FGF7|DSC1|BCL2|IGFBP5|SHH|NGFR|INTU|WNT10A|KRT17|CTNNB1|EXT1|FOXE1|TGM3|KLF4|SNAI1|FGF10|FOXQ1|KRT25|SOSTDC1|KRT27|KRT28|NAGLU|TGFB2,https://www.gsea-msigdb.org/gsea/msigdb/human/geneset/GOBP_EPIDERMIS_MORPHOGENESIS,37,ENR,GOBP_EPIDERMIS_MORPHOGENESIS,1,1E-3,GOBP_EPIDERMIS_MORPHOGENESIS,FALSE,GOBP_EPIDERMIS_MORPHOGENESIS
2,3,3,3,0.999,,1E-3,,DAAM2|RNF10|SKI|HMGA2|NOTCH1|TREM2|IDH2|DAB1|NF2|ATOH1|CERS2|DUSP10|ID2|MYCN|DRD3|NKX6-1|ABCC8|SOX11|SOX10|DLX1|DLX2|GPR37L1|NKX6-2|ASCL2|NOG|TP53|DICER1|NTRK3|CTNNB1|ID4|HES1|LDLR|HES5|LIN28A|PITX3|NF1|RB1|SIRT2|F2|TMEM98|TSPO|NR1D1|NR2E1,https://www.gsea-msigdb.org/gsea/msigdb/human/geneset/GOBP_NEGATIVE_REGULATION_OF_GLIOGENESIS,43,ENR,GOBP_NEGATIVE_REGULATION_OF_GLIOGENESIS,1,1E-3,GOBP_NEGATIVE_REGULATION_OF_GLIOGENESIS,FALSE,GOBP_NEGATIVE_REGULATION_OF_GLIOGENESIS
59,3,3,3,0.999,,1E-3,,REST|TRIP11|MKS1|OTOGL|PAFAH1B1|TSKU|ELMOD3|ADGRV1|ANKRD24|CLRN2|GRXCR2|LHFPL5|PDZD7|STRC|TECTA|HES1|TPRN|HES5|USH1C|ATP8B1|FZD2|MYO7A|NAGLU|GABRA5|SCRIB|FGFR1|GABRB2|GABRB3|SEC24B|TTC8|WDPCP|CDH23|IFT20|IFT27|CLRN1|IFT88|RAC1|KCNQ1|MINAR2|CTHRC1|TMC1|PLS1|TRIOBP|GRXCR1|SDC4|USH1G|VANGL2|NHERF1|WHRN|PJVK|SLC4A7|SLITRK6|SOD1|CECR2,https://www.gsea-msigdb.org/gsea/msigdb/human/geneset/GOBP_INNER_EAR_RECEPTOR_CELL_DEVELOPMENT,54,ENR,GOBP_INNER_EAR_RECEPTOR_CELL_DEVELOPMENT,1,1E-3,GOBP_INNER_EAR_RECEPTOR_CELL_DEVELOPMENT,FALSE,GOBP_INNER_EAR_RECEPTOR_CELL_DEVELOPMENT
55,3,3,3,0.999,,1E-3,,PAK2|CFL1|STMN1|PHLDB2|OAZ3|DLC1|ARAP1|CORO2B|ARHGAP28|F11R|ARHGAP6|ARHGEF18|CGNL1|FRMD7|TJP1|S1PR1|PFN1|MYOC|PPFIA1|RHPN1|RHPN2|SHANK1|MET|SHANK3|TACSTD2|TMEFF2|INPP5K|WASF2|PIK3R1|CLASP1|CLASP2|WAS|PRKN,https://www.gsea-msigdb.org/gsea/msigdb/human/geneset/GOBP_NEGATIVE_REGULATION_OF_ACTIN_FILAMENT_BUNDLE_ASSEMBLY,33,ENR,GOBP_NEGATIVE_REGULATION_OF_ACTIN_FILAMENT_BUNDLE_ASSEMBLY,1,1E-3,GOBP_NEGATIVE_REGULATION_OF_ACTIN_FILAMENT_BUNDLE_ASSEMBLY,FALSE,GOBP_NEGATIVE_REGULATION_OF_ACTIN_FILAMENT_BUNDLE_ASSEMBLY
6,3,3,3,0.999,,1E-3,,WNT3A|ATM|DLL1|LFNG|DMRT2|PCDH8|WNT5A|PPP2R3A|XRCC2|DKK1|MIB1|POFUT1|POGLUT1|MSGN1|BMPR1A|FOXF1|NKX3-1|PSEN1|CDX1|RBPJ|SMAD3|MEOX1|MESP2|RIPPLY2|MED12|SEMA3C|SFRP2|PRKDC|TBX18|SMAD4|TCAP|CDX2|ZEB2|MESP1|NKD1|PLXNA2|FOXC1|NOTCH1|EPB41L5|CRB2|AXIN2|HES7|NCKAP1|TBX6|MEOX2|LHX1|TAF10|FOXC2|LEF1|TP53|NLE1|COBL|PALB2|FOXB1|EP300|SFRP1|TMED2|NRARP|MYF5|MYF6|DLL3|TCF15|ABI1|GDF3|KAT2A,https://www.gsea-msigdb.org/gsea/msigdb/human/geneset/GOBP_SOMITOGENESIS,65,ENR,GOBP_SOMITOGENESIS,1,1E-3,GOBP_SOMITOGENESIS,FALSE,GOBP_SOMITOGENESIS
7,3,3,3,0.999,,1E-3,,CDH1|WNT3A|MAP3K13|ADCY10|SPP1|FN1|NGF|RND2|SHTN1|MAP1B|WNT5A|PAFAH1B1|NTN1|CDH4|GSK3B|LIMK1|CXCL12|CTTN|BDNF|CLASP2|MT3|SRF|SEMA7A|MAG|CDKL3|VEGFA|DCC|FSTL4|IFRD1|MAP2|BMPR2|CDK5|TRPV2|TTL|IST1|OLFM1|GDI1|TRIM46|SMURF1|DSCAM|EFNA5|RNF6|EPHA7|CDKL5|DISC1|NKX6-1|L1CAM|SPART|FGF13|BCL11A|MEGF8|DIP2B|HDAC6|NTRK3|ANAPC2|PAK1|PLXNA4|ARHGAP4|TNFRSF12A|SEMA3A|KIAA0319|SEMA3G|DNM2|SEMA4D|SEMA4F|CRABP2|SEMA6C|MAPT|SEMA6D|ULK1|ABL1|ULK2|NRP1|ADNP|PLXNA3|RAB21|GOLGA4|PTPRS|RGMA|RUFY3|DRAXIN|RTN4|RTN4R|RYK|SEMA3F|SEMA5A|ISLR2|SLIT1|PUM2|ZFYVE27|NRCAM|TWF2|TNR|LPAR3|SIN3A|WNT3|MACF1|APOE|TRPC5,https://www.gsea-msigdb.org/gsea/msigdb/human/geneset/GOBP_REGULATION_OF_EXTENT_OF_CELL_GROWTH,99,ENR,GOBP_REGULATION_OF_EXTENT_OF_CELL_GROWTH,1,1E-3,GOBP_REGULATION_OF_EXTENT_OF_CELL_GROWTH,FALSE,GOBP_REGULATION_OF_EXTENT_OF_CELL_GROWTH
39,3,3,3,0.999,,1E-3,,EVL|MCC|PFN2|CORO1C|MARVELD3|PTPRR|DAB2IP|TACSTD2|ADIPOR1|PTPN23|DUSP10|CD63|IL4|PTEN|MACIR|PTPRG|EPPK1,https://www.gsea-msigdb.org/gsea/msigdb/human/geneset/GOBP_NEGATIVE_REGULATION_OF_EPITHELIAL_CELL_MIGRATION,17,ENR,GOBP_NEGATIVE_REGULATION_OF_EPITHELIAL_CELL_MIGRATION,1,1E-3,GOBP_NEGATIVE_REGULATION_OF_EPITHELIAL_CELL_MIGRATION,FALSE,GOBP_NEGATIVE_REGULATION_OF_EPITHELIAL_CELL_MIGRATION
72,3,3,3,0.999,,1E-3,,AGBL4|WNT3A|AKT1|NSDHL|MYH6|ADM|BNIP2|KIFBP|OCRL|C2CD3|PTH1R|BIRC6|RDH10|KRT19|CCNB1|CEBPB|PDGFB|PEMT|PKD1|IGF1|IGF2|INPP5K|CASP8|HEY1|PCDH12|TIE1|TMEM100|EOMES|PHLDA2|PPP1CC|APBA3|MFN2|PKD2|MSH2|MDFI|PLK4|SLC34A2|MT-ND4|OTUD7B|PRDM1|FOSL1|STIL|TP53|NOTCH2|GRB2|NDUFA2|RRM2|RPGRIP1L|ST8SIA6|CNOT1|CNOT2|CNOT3|PLPP4|SLC30A1|AMOT|AXIN1|CCN1|CMTM3|PLOD3|CTR9|LATS1|CHTOP|LATS2|ELL|MAF|PELO|SH3PXD2A|RRP7A|FBLL1|MATR3|INTS1|COPS2|COPS3|KRT8|MED1|CUL3|MED21|PNLDC1|WNT7B|ACTL6A|SLC25A20|MSX1|RBM46|EPB41L5|RNASEH2B|SPINT2|ZFAND5|SMG9|RTF1|TENT5C|SOX10|CHEK1|CUL4A|SCO2|YBX3|EGFR|LLGL2|VPS54|SIN3A|APOB|PRDM14|GINS1|TAB1|ANGPT1|MFNG|CCNB2|CELF4|NBN|ACVR1|FOXF1|GATA1|GATA2|HDAC3|HORMAD1|IFITM5|TBL1XR1|BRCA2|CDKN1C|JUNB|CDX2|DHX35|MYO18B|SEC24C|SEC24D|HINFP|TGFB3|GINS4|SMARCB1|WDR19|LIG4|MAFF|SUV39H1|GABPA|TERF2|APBA2|C6|PALB2|MAFB|TRIM28|POLB|TMED2|TWIST1|CPT2|BRK1|RAD51B|CHST11|RBBP8|IWS1|NPAT|KAT2A|ACVRL1|RPA1|CAMSAP3|MBNL1|ACVR1B|XRCC2|EGLN1|HS3ST6|EPN1|HS6ST1|CDKN1A|DBN1|NECAB1|FURIN|CTNNB1|NSRP1|KDM8|HES1|GRN|VASH2|MAP2K1|SLC39A1|E2F7|E2F8|ERCC2|PRMT1|NOTCH1|FGFR1|NR5A2|PRPF19|TFEB|PDGFRA|B9D1|ADAM10|TMEM231|ARNT|EMX1|IL10|CEBPA|ASCL2|SOCS3|BMP5|CCDC62|ESRRB|KLF4|FKRP|FLCN|MAPK1|KDM4C|GGNBP2|GPI|FBXW8|HAND2|HIF1A|PITX2|LIF|NEK2|GNA12|NPM2|ASF1B|GLI3|RXRB|RTCB|KPNA7|KEAP1|FUT8|NMT1|SF3B6|HCFC1|RBPJ|SENP2|SOX15|MGAT1|DAD1|OVOL2|DNAAF2|DSC3|SMO|STK3|FOXC1|MYH10|STK4|PTCH1|SRSF1|UBE2B|VEGFA|ATF2|MOSMO|NCKAP1|AR|BPTF|HEY2|GSE1|SUPT6H|HSD17B2|SYF2|BCL2L1|PCDHA10|BCL2L11|RSPO3|ZNF568|TAF10|GATA3|NR2F2|PSMC3|PSMC4|SOX17|TBX3|THOC2|NASP|CERT1|NXN|BMI1|RRN3|ACVR1C|CTCF|CITED1|CCM2|UPF3A|ITGB1|FGFR2|TAF8|EDN1|EDNRA|ENDOG|MAFG|EPAS1|XAB2|WNT9B|YBX1|SOX18|MIB1|YTHDC1|ZNF830|ZPR1|MYH9|EGFL8|EMG1|SKIL|SNAI1|ZMIZ1|IHH|CHD8|CITED2|DNAJB6|ELF5|UBR3|UNK|GCM1|GJB5|GRHL2|MAN2A1|PLG|ST14|VASH1|BYSL|CHD7|HSF1|ANKS6|ADAMTS3|CMIP|RTN4|BAP1|FOXD3|SSR2|MYBPHL|NSUN2|STMN3|RCN1|RUNDC1|TGFBR1|SBDS|NLE1|NOS3|RBBP6|BMP7|BMP2|GDF3|SOX8|JAG2|POLG2|MBD3|RIC8A|ZFP36L1|RPL7L1|PADI6|ARMC5|ZP3|PTPN18|PTPRR|SMAD3|TFAP2C|HNF1B|ZNF335|DIAPH3|KLF2|FKBP10|WDR74|HM13|KIDINS220|SMAD2|SRF|TET1|FZD5|ZBED6|AKAP3|ARHGDIG|BCOR|CCDC24|COL3A1|ELF3|ETV2|HAND1|HOPX|LPAR6|MXI1|N4BP2L2|PHF6|POU5F1|PPP4R4|RPL13|SALL4|SLC25A34|NDEL1|SLC35E2B|SMIM14|SLC5A7|SPECC1|SPIC|TEAD4|TM4SF1|NOG|TTLL1|TTLL4|WNT2|ZFP14|ZFPM2|ALKBH1|GNA13|SP3|CAPN2|NCOA1|SLC39A3|NCAPG2|UPB1|TTPA|WDTC1|BTF3|BMPR1A|TGFBR2|CSF2|ETNK2|TRAF6|SMAD4|PSPH|HEG1|FLVCR1|GATA6|TCTN1|ARNT2|YAP1|PCGF2|CCNB1IP1|MYB|INPP5B|NODAL|EIF2S2|LEF1|APBA1|ADA|SPINT1|MYO1E|ADCY9|PLCD3,https://www.gsea-msigdb.org/gsea/msigdb/human/geneset/GOBP_IN_UTERO_EMBRYONIC_DEVELOPMENT,424,ENR,GOBP_IN_UTERO_EMBRYONIC_DEVELOPMENT,1,1E-3,GOBP_IN_UTERO_EMBRYONIC_DEVELOPMENT,FALSE,GOBP_IN_UTERO_EMBRYONIC_DEVELOPMENT
26,3,3,3,0.999,,1E-3,,CYTH1|EZR|FAT1|FRMD4B|TTC8|SYNE4|IFT20|SH3BP1|CAMSAP3|FRMD4A|GOLPH3|WNT5A|SIPA1L3|CDC42|RHOA|SHH|OPHN1|MYO9A|ARF6|FOXF1|MSN|RAP2A|PARD3|HES1|LAMA1|NHERF1|HES5|FERMT1|PTK7|TCF15|FBF1|CYTH3|MYO18A,https://www.gsea-msigdb.org/gsea/msigdb/human/geneset/GOBP_ESTABLISHMENT_OF_EPITHELIAL_CELL_POLARITY,33,ENR,GOBP_ESTABLISHMENT_OF_EPITHELIAL_CELL_POLARITY,1,1E-3,GOBP_ESTABLISHMENT_OF_EPITHELIAL_CELL_POLARITY,FALSE,GOBP_ESTABLISHMENT_OF_EPITHELIAL_CELL_POLARITY
46,3,3,3,0.999,,1E-3,,TENT4B|NBAS|TIRAP|AGO4|CASC3|CSDE1|ZFP36L1|AKT1|GTPBP1|CELF1|PARN|CIRBP|DIS3L2|PIAS4|DCPS|YTHDF2|YTHDF3|ZC3HAV1|ELAVL1|SLC11A1|DHX9|POLR2G|CNOT7|EIF4A3|ELAVL4|PKP3|PABPN1L|RC3H1|RC3H2|SRSF1|PAIP1|FASTK|FMR1|FUS|LARP1|SYNCRIP|MEIOC|GIGYF2|HNRNPC|TAF15|TARDBP|HNRNPU|THRAP3|AGO1|AGO2|AGO3|BOLL|IKBKE|BTG2|CACNG7|FASTKD2|CALCR|FASTKD3|ZFP36|CAPRIN1|CARHSP1|CNOT1|CNOT10|CNOT11|CNOT2|CNOT3|CNOT4|CNOT6|KHSRP|CNOT8|CNOT9|CPEB3|LSM1|SENP1|UPF1|DAZL|UPF3A|ARID5A|DCP1A|E2F1|DCP1B|DHX34|DIS3|PABPC4|PRKCD|TNKS1BP1|VIP|MAGOH|MAGOHB|DND1|METTL14|YBX1|METTL16|EIF4ENIF1|METTL3|MAPKAPK2|TRAF3IP2|ZC3H14|FAM76B|FBLL1|FTO|FXR2|GDNF|NOCT|FXR1|GTSF1|NPM1|HNRNPAB|NRDE2|IGF2BP1|PRKCA|TRIM71|A1CF|IGF2BP2|IGF2BP3|MYD88|PABPC1|LARP1B|DCP2|LARP4B|PCBP4|ALKBH5|ANGEL2|MEX3D|APOBEC1|MOV10|NANOS1|NANOS2|NANOS3|NICOL1|NT5C3B|VIM|PATL1|CNOT6L|PATL2|PIWIL1|PIWIL2|PKP1|PLEKHN1|PNLDC1|SCGB1A1|CSDC2|PRR5L|RBM33|RBM46|DHX36|RIDA|FASTKD5|IREB2|ZC3H12A|HNRNPA0|SAMD4A|SAMD4B|APEX1|SECISBP2|AXIN2|PUM1|SERBP1|ROCK1|MAPK14|QKI|TENT5A|TENT5B|TENT5C|TENT5D|HNRNPD|RBM10|TNRC6A|PAN2|TNRC6B|PAN3|TNRC6C|TOB1|PNPT1|TRAF5|TTC5|PDE12|PUM2|TUT4|TUT7|RBM24|YBX3|FASTKD1|YTHDF1|ZAR1|ZC3H12D|RBM38|RNASEL|ZFP36L2|ROCK2|RBM47|TRAF2|RBM8A|TBRG4|MLH1|TENT4A,https://www.gsea-msigdb.org/gsea/msigdb/human/geneset/GOBP_REGULATION_OF_MRNA_CATABOLIC_PROCESS,191,ENR,GOBP_REGULATION_OF_MRNA_CATABOLIC_PROCESS,1,1E-3,GOBP_REGULATION_OF_MRNA_CATABOLIC_PROCESS,FALSE,GOBP_REGULATION_OF_MRNA_CATABOLIC_PROCESS
,3,3,3,0.999,,1E-3,,BMPR1A|AMER2|STX2|ZBTB17|ITGA6|CTNNB1|EPB41L5|FZD7|TPT1|NF2|EDA2R|GRHL3|SMURF1|ETS2|ITGAM|VPS52|KRT6B|L3MBTL2|VAX2|ZBTB7B|LHX1|ELF5|SHH,https://www.gsea-msigdb.org/gsea/msigdb/human/geneset/GOBP_ECTODERM_DEVELOPMENT,23,ENR,GOBP_ECTODERM_DEVELOPMENT,1,1E-3,GOBP_ECTODERM_DEVELOPMENT,FALSE,GOBP_ECTODERM_DEVELOPMENT
33,3,3,3,0.999,,1E-3,,SELENOS|APPL2|PRKCB|GRB10|CERS1|GSK3A|PID1|INPP5K|OSTN|TNF|SIRT6|PEA15|FABP5|ENPP1|LEP|RSC1A1|STXBP3|CTNND1|IL1B,https://www.gsea-msigdb.org/gsea/msigdb/human/geneset/GOBP_NEGATIVE_REGULATION_OF_D_GLUCOSE_TRANSMEMBRANE_TRANSPORT,19,ENR,GOBP_NEGATIVE_REGULATION_OF_D_GLUCOSE_TRANSMEMBRANE_TRANSPORT,1,1E-3,GOBP_NEGATIVE_REGULATION_OF_D_GLUCOSE_TRANSMEMBRANE_TRANSPORT,FALSE,GOBP_NEGATIVE_REGULATION_OF_D_GLUCOSE_TRANSMEMBRANE_TRANSPORT
3,3,3,3,0.999,,1E-3,,BMP4|WNT11|PITX2|JAG1|RARB|CCN1|FGFR2|MKS1|TBX5|EGLN1|NSD2|ACVR1|BMPR1A|NRP2|FZD1|RBPJ|HES1|TGFBR2|TGFBR3|ISL1|SEMA3C|LRP2|SMAD4|SMAD6|GATA4|NKX2-5|FZD2|CITED2|HEY1|GATA6|HEYL|MDM2|SMO|RARA|SLIT3|NOTCH1|APLNR|ADAMTS19|NRP1|FGFRL1|MSX2|CHD7|SMAD7|TBX1|ID2|ZFPM1|HAND1|PROX1|ROBO1|ROBO2|HEY2|TBX20|BMPR2|SOX11|ENG|DNAH11|TGFBR1|RBM15|NOG|TP53|NOTCH2|SAV1|ZFPM2|PARVA|BMP5|NOS3|SOX4|VANGL2|TBX3|BMP7|GJA5|SLIT2|FGF8|DHRS3|TBX2|TGFB2,https://www.gsea-msigdb.org/gsea/msigdb/human/geneset/GOBP_CARDIAC_SEPTUM_MORPHOGENESIS,76,ENR,GOBP_CARDIAC_SEPTUM_MORPHOGENESIS,1,1E-3,GOBP_CARDIAC_SEPTUM_MORPHOGENESIS,FALSE,GOBP_CARDIAC_SEPTUM_MORPHOGENESIS
3,3,3,3,0.999,,1E-3,,BMP4|ELN|DCHS1|OLFM1|JAG1|CCN1|ADAMTS5|STRA6|ADAMTS9|TBX5|RHOA|CDH11|MEF2C|ACVR1|BMPR1A|TGFBR2|FAM114A1|SNAI1|SMAD4|SMAD6|GATA4|MTOR|NKX2-5|HEY1|NAGLU|HEYL|MDM2|DLL4|TIE1|SLIT3|SMAD2|TGFB1|EFNA1|NOTCH1|ADAMTS19|FGFRL1|GATA5|EMILIN1|MDM4|NPPA|ZFPM1|SCX|SNAI2|AXIN2|ROBO1|ROCK1|ROBO2|HEY2|TBX20|BMPR2|GATA3|NOTCH2|NOS3|SOX4|TWIST1|GJA5|SLIT2|ROCK2|BMP2|RB1|NFATC1|SOX9|TGFB2,https://www.gsea-msigdb.org/gsea/msigdb/human/geneset/GOBP_HEART_VALVE_MORPHOGENESIS,63,ENR,GOBP_HEART_VALVE_MORPHOGENESIS,1,1E-3,GOBP_HEART_VALVE_MORPHOGENESIS,FALSE,GOBP_HEART_VALVE_MORPHOGENESIS
21,3,3,3,0.999,,1E-3,,THBS1|PACSIN2|SRPX2|CARD10|ITGB1|AKT1|HDAC9|CDH5|MAP2K5|NUS1|HDAC5|EFNB2|ITGB1BP1|CRIPTO|RHOA|SPRED1|FGFBP1|MICALL1|PDCD10|JCAD|NR4A1|GATA2|RHOJ|TGFBR3|CTNND1|KDR|TBXA2R|EHD4|PIK3C2A|DLL4|MMRN1|STARD13|NOTCH1|ABL1|FGF2|PIK3R3|SRF|NRP1|AKT3|GPLD1|HMOX1|HDAC7|VEGFA|PLK2|ROBO1|ADTRP|MEOX2|EGR3|ANXA1|EPHB4|MMRN2|FOXC2|KLF4|PTGS2|SLIT2|GREM1|CIB1|CLEC14A|MIA3|NR2E1,https://www.gsea-msigdb.org/gsea/msigdb/human/geneset/GOBP_CELL_MIGRATION_INVOLVED_IN_SPROUTING_ANGIOGENESIS,60,ENR,GOBP_CELL_MIGRATION_INVOLVED_IN_SPROUTING_ANGIOGENESIS,1,1E-3,GOBP_CELL_MIGRATION_INVOLVED_IN_SPROUTING_ANGIOGENESIS,FALSE,GOBP_CELL_MIGRATION_INVOLVED_IN_SPROUTING_ANGIOGENESIS
146,3,3,3,0.999,,1E-3,,UBE2K|WNK3|PARD3|CHI3L1|CEMIP|MAPK1|STOX1|SIRT2|EGF|DMTN|IRGM|S1PR2|TRIM6|CADM4|SPHK1,https://www.gsea-msigdb.org/gsea/msigdb/human/geneset/GOBP_REGULATION_OF_PEPTIDYL_THREONINE_PHOSPHORYLATION,15,ENR,GOBP_REGULATION_OF_PEPTIDYL_THREONINE_PHOSPHORYLATION,1,1E-3,GOBP_REGULATION_OF_PEPTIDYL_THREONINE_PHOSPHORYLATION,FALSE,GOBP_REGULATION_OF_PEPTIDYL_THREONINE_PHOSPHORYLATION
1,3,3,3,0.999,,1E-3,,DLG1|COL5A2|BBS4|ZDHHC16|RDH10|RDH13|RPE65|PAX6|OSR2|MYOM1|MYOM2|SPRY1|HMGB1|SPRY2|PBX3|PITX3|EPHA2|GNGT1|RHO|PER2|MDM1|CASP2|DRD2|MFN2|POC5|USP45|SOX11|PRDM1|DLX1|DLX2|NDP|DIO3|NOTCH2|PLAAT1|PLAAT3|RD3|RPGRIP1L|MYF5|CYP1A1|GPD2|SKI|ATOH7|BBS1|DSCAM|SIX5|MAF|CPAMD8|FOXL2|HMGN1|MAB21L1|SALL2|BMP6|NTRK3|OPN4|SLC44A4|TMEM135|SEMA3A|MED1|RS1|ARHGEF15|WNT9A|TGIF2|WNT7B|SLC17A8|ACTL6A|NF2|PAX2|RAB11FIP4|MFSD8|SMG9|CACNA1C|SHH|GNAT2|NTRK2|CDK20|PHACTR4|SCO2|CC2D2A|SLC25A25|EGFR|FAT3|ZHX2|RAB18|JUN|FGF10|MITF|CABP4|DZANK1|MFRP|C3|CNTF|NRL|OLFM3|RPGRIP1|SAMD11|SDK2|CRYBA1|DLL1|EFEMP1|PRKCI|CELF4|BIRC7|SIPA1L3|HIPK1|PXDN|TSKU|TWSG1|ATP2B4|GRM6|SERPINF1|ATP8A2|CDKN1C|VSX1|DLL4|IFT172|TTC8|PAX4|SMARCA4|WDR19|SMARCD3|C1QA|FBN1|SDK1|PBX1|B3GLCT|NIPBL|TBC1D20|TULP3|MEIS1|TWIST1|BMPR1B|SIX3|SOX2|GNAT1|INTS15|GNB1|JMJD6|YY1|TBX2|ACVRL1|ADAMTS18|JAG1|ADAMTS9|TFAP2A|CDKN1B|ARSG|PTPRM|CTNNB1|RHOJ|AQP1|AQP5|HES1|GRN|USH1C|VAX2|MYO7A|NAGLU|NKD1|STAT3|MIP|WNT6|TGFB1|NOTCH1|FGF2|NRP1|WNT7A|CEP290|PDGFRA|CRYAB|SCAPER|PPP1R13L|B9D1|FREM2|TBC1D32|TMEM231|NEUROD1|COL4A1|NFIB|PRPH2|SLC6A3|BSG|RBP4|KLF4|TRAF3IP1|FKRP|PKNOX1|FRS2|SOX9|NR2E1|NR2E3|BMP4|HIF1A|FOXF2|HESX1|FZR1|PITX2|POU4F1|PTF1A|RARB|RARG|FGF9|RORB|WNT5B|GLI3|IFT122|TGIF1|THRB|PDGFRB|SPRED1|SPRED2|SPRED3|HDAC1|SLC39A5|PSEN1|MAB21L2|BCAR3|CDON|LIM2|FOXC1|MYH10|CLDN19|NECTIN1|AGTPBP1|MEIS2|NFIA|VEGFA|PRICKLE1|PROX1|BAK1|BAX|BMPR2|BCL2|FLT1|SLC38A8|MEGF11|ARL6|GATA3|SOX4|PDE6A|CLN8|FZD4|PDE6B|PDE6C|NEUROD4|TTLL5|TMEM215|CALB1|ROM1|CLDN3|CLIC4|RING1|FOS|HPCA|STRA6|ITGAM|WT1|WNT2B|WNT9B|AHI1|LARGE1|NECTIN3|HES5|NF1|RAB3GAP1|SKIL|ABCB5|FOXP2|RAX|P2RY12|IHH|KDR|SMOC1|VIM|CITED2|GRHL2|MAN2A1|NES|MFAP5|PYGO2|WNT16|CHD7|SLC1A1|SH3PXD2B|LCTL|GPM6A|RCN1|EPHB1|TGFBR1|TMOD1|BMP7|SOS1|SLITRK6|GDF3|SOX8|LRP5|TGFB2|IRX5|RPL24|THY1|ABI2|LAMC3|TENM3|LHX2|TMEM132E|XRN2|MYH15|PBX2|ATF4|ATF6|RRM1|WNT5A|PPP2R3A|BBS10|SAMD7|PBX4|BBS7|BLOC1S3|CHRDL1|SMAD3|MEIS3|CTNS|FBN2|FJX1|TDRD7|MTNR1B|ELP6|DTNBP1|EPHB2|ANGPTL7|IMPG2|SLC17A6|SOX12|FKBP8|SLC17A7|SRF|BFSP1|BFSP2|FZD5|CRYGB|PFDN5|TFAP2B|FAT1|ZEB1|DRAM2|HSF4|LIMK2|RAB37|CRYBA2|ACHE|CRYBA4|UNC45B|CRYBB1|ACVR2B|CRYBB2|CRYBB3|RPGR|CRYBG3|CRYGN|CRYGS|FOXC2|NHS|WNT2|TCIRG1|MFAP2|SHROOM2|FASLG|COL8A2|OPN5|MERTK|SP3|HCN1|KDM5B|GDF11|DCX|ARHGAP35|CRX|HIPK2|COL8A1|KERA|KRT12|PRSS56|IFT140|ZNF513|SLC4A5|COL5A1|LAMA1|TGFBR2|GRHL3|INHBA|LAMB2|ISL1|RP1|HDAC2|ZEB2|RARA|ULK2|TH|CRYGD|WDPCP|CRB1|CRB2|CYP1B1|BCL11B|STAU2|FOXN4|LHX1|NPHP4|SOX1|PROM1|RP1L1|FSCN2|TSPAN12|TUB|TULP1|ALDH1A2|ALDH1A3|VSTM4|CLCN2|LPCAT1|KDM2B|MTERF4|VAX1|C12ORF57|VSX2|CACNA1S|NPHP1|MFSD2A,https://www.gsea-msigdb.org/gsea/msigdb/human/geneset/GOBP_SENSORY_SYSTEM_DEVELOPMENT,427,ENR,GOBP_SENSORY_SYSTEM_DEVELOPMENT,1,1E-3,GOBP_SENSORY_SYSTEM_DEVELOPMENT,FALSE,GOBP_SENSORY_SYSTEM_DEVELOPMENT
,3,3,3,0.999,,1E-3,,TICAM2|CAV1|ZDHHC9|TIRAP|ANKRD17|GDI1|TLR1|KCNK6|NEK7|TLR6|HSPA1B|CD14|LATS1|NR1H3|LATS2|TREML4|P2RX7|PRKD1|TRIM15|LRCH4|LBP|TRIM3|LTF|MARK4|MAVS|PPP2CA|ATAT1|MFHAS1|HDAC6|HMGB1|PELI1|BTK|USP50|MYD88|WDFY1|CCDC134|STMP1|NINJ1|ZC3HAV1|ZCCHC3|ZDHHC5|CD36|OASL|PTPN22|SLC15A3|SLC15A4|MARCHF5|TASL|TLR4|CYBA|NAGK|PJA2|TLR9|DDX60|DHX33|DHX58|PUM1|F2RL1|RTN4|BRCC3|FLOT1|ZNRF1|MAP3K7|GBP2|MAPK8|GBP5|USP15|PUM2|RNF39|RSAD2|ZDHHC1|HSP90B1|HSPA1A|IFI35|SLC19A1|DDX3X|SLC46A2|PLCG2|TAB1|ZDHHC3,https://www.gsea-msigdb.org/gsea/msigdb/human/geneset/GOBP_POSITIVE_REGULATION_OF_PATTERN_RECOGNITION_RECEPTOR_SIGNALING_PATHWAY,80,ENR,GOBP_POSITIVE_REGULATION_OF_PATTERN_RECOGNITION_RECEPTOR_SIGNALING_PATHWAY,1,1E-3,GOBP_POSITIVE_REGULATION_OF_PATTERN_RECOGNITION_RECEPTOR_SIGNALING_PATHWAY,FALSE,GOBP_POSITIVE_REGULATION_OF_PATTERN_RECOGNITION_RECEPTOR_SIGNALING_PATHWAY
51,3,3,3,0.999,,1E-3,,BMP4|HAND2|PITX2|RARB|RARG|GNA12|FGF9|MKS1|GLI3|HOXC11|MYH3|PBX2|SP8|IFT122|MYCN|RUNX2|ALX4|C2CD3|TBX5|WNT5A|DLX5|RDH10|DLX6|FRAS1|OSR2|HDAC1|ALX3|PSEN1|SP9|EN1|HOXA10|HOXA11|HOXD13|FBN2|HOXD9|SALL1|SHOX2|MAP3K20|PTCH1|ZBTB16|OSR1|IFT52|MOSMO|PRICKLE1|WDR19|BAX|SALL4|BCL2L11|ECE1|NOG|PBX1|DYNC2H1|HOXA9|NOTCH2|HOXC10|NIPBL|TULP3|FZD6|TBX3|TWIST1|TBX4|GJA5|GREM1|RPGRIP1L|AFF3|CHST11|TBX2|SKI|ACD|LNPK|PITX1|TP63|BPNT2|MBNL1|DKK1|PRRX1|CYP26B1|TFAP2A|MUSTN1|BMPR1A|IFT140|MEGF8|INTU|RSPO2|CTNNB1|MED1|SFRP2|SMAD4|IHH|HDAC2|FLVCR1|CRABP2|GPC3|GRHL2|HOXD10|NOTCH1|FGFR1|WNT7A|GDF5|ZNF358|MSX1|MSX2|CHD7|RECK|WDPCP|B9D1|FREM2|LMBR1|TBC1D32|TMEM107|TMEM231|CACNA1C|SHH|LRP4|CREBBP|LEF1|ALX1|TTBK2|ALDH1A2|TRAF3IP1|BMP7|WNT3|FGF8|HOXA13|FBXW4|LRP5|TGFB2,https://www.gsea-msigdb.org/gsea/msigdb/human/geneset/GOBP_EMBRYONIC_APPENDAGE_MORPHOGENESIS,127,ENR,GOBP_EMBRYONIC_APPENDAGE_MORPHOGENESIS,1,1E-3,GOBP_EMBRYONIC_APPENDAGE_MORPHOGENESIS,FALSE,GOBP_EMBRYONIC_APPENDAGE_MORPHOGENESIS
78,3,3,3,0.999,,1E-3,,CACNG4|CACNG5|CACNG8|ADORA2A|TPRG1L|UNC13A|PLPPR4|CCR2|HTR2A|HCN1|GRM7|NTRK1|ATP1A2|RNF167|SERPINE2|DRD1|CLN3|DRD3|DKK1|DISC1|OPHN1|MEF2C|SLC38A2|GRIN2B|GRM1|GRIN2D|GRM5|HDAC6|FXR1|GRM6|PSEN1|HOMER1|SYT1|TSHZ3|TNF|MAPK8IP2|UCN|FRRS1L|RAB3GAP1|GRIN2A|GRIN2C|KMO|DTNBP1|PRKN|NLGN3|PTK2B|DRD2|RELN|ADORA1|CACNG3|IQSEC2|NLGN1|NLGN2|NRXN1|ATAD1|GRIN1|SHANK3|CACNG2|CDK5|TNR|GRIK1|GRIK2|LRRK2|NPY2R|STXBP1|GRIK3|GRM2|CCL2|GRM3|CACNG7|GRM4|GRM8,https://www.gsea-msigdb.org/gsea/msigdb/human/geneset/GOBP_REGULATION_OF_SYNAPTIC_TRANSMISSION_GLUTAMATERGIC,72,ENR,GOBP_REGULATION_OF_SYNAPTIC_TRANSMISSION_GLUTAMATERGIC,1,1E-3,GOBP_REGULATION_OF_SYNAPTIC_TRANSMISSION_GLUTAMATERGIC,FALSE,GOBP_REGULATION_OF_SYNAPTIC_TRANSMISSION_GLUTAMATERGIC
92,3,3,3,0.999,,1E-3,,KRAS|CNTNAP4|SLC38A1|NPY5R|ADORA2A|HAP1|TAC1|CA2|KIF5B|PRKCE|CA7|DRD2|ADRA1A|CLN3|ADORA1|NALCN|NLGN1|NLGN2|BAIAP3|CNR2|NRXN1|KCNK2|PHF24|NF1|NPAS4|STXBP1|ZDHHC12|SYN3|PLCL1|TACR1|USP46|PLCL2|ZDHHC3,https://www.gsea-msigdb.org/gsea/msigdb/human/geneset/GOBP_REGULATION_OF_SYNAPTIC_TRANSMISSION_GABAERGIC,33,ENR,GOBP_REGULATION_OF_SYNAPTIC_TRANSMISSION_GABAERGIC,1,1E-3,GOBP_REGULATION_OF_SYNAPTIC_TRANSMISSION_GABAERGIC,FALSE,GOBP_REGULATION_OF_SYNAPTIC_TRANSMISSION_GABAERGIC
,3,3,3,0.999,,1E-3,,APOA4|CNTF|SCARF1|SPP1|MTR|EPO|NPPC|NTRK1|DAG1|MORN4|CERS2|STK24|MAP1B|KCNB1|FLRT3|NEFL|EPHA4|LYN|CDK1|GAP43|TYROBP|MMP2|FIGNL2|PTPRF|NTRK3|GRN|LAMB2|MAP2K1|FOLR1|ISL1|KIAA0319|JAK2|KREMEN1|P2RX4|P2RY12|LRIG2|TSPO|NEO1|TREM2|FGF2|MAP2K2|UCK2|DPYSL3|MAG|PTN|DRD2|MAPK8IP3|SLC1A1|PTPRS|RANGAP1|ADAM17|RGMA|RTCA|RTN4R|BAX|RTN4RL1|BCL2|INPP5F|APOD|TNC|NDP|BNIP3|BRAF|PUM2|SARM1|SOD2|KCNK2|TNR|KLF4|CTNNA1|JUN|SOD1|GIPR|PLCG2|MATN2|NREP|ARF4|DHFR|RTN4RL2,https://www.gsea-msigdb.org/gsea/msigdb/human/geneset/GOBP_RESPONSE_TO_AXON_INJURY,79,ENR,GOBP_RESPONSE_TO_AXON_INJURY,1,1E-3,GOBP_RESPONSE_TO_AXON_INJURY,FALSE,GOBP_RESPONSE_TO_AXON_INJURY
29,3,3,3,0.999,,1E-3,,CHRNB2|ADORA2A|PLN|BLOC1S6|GHRL|GABRB3|DRD2|ADRB1|PTGDS|NMU|ADORA1|PER3|NLGN1|GHRH|FXR1|HCRTR2|KCNA2|GHRHR|CSF2|NPY2R|MTNR1B|NR1D1|PARP1|BTBD9|CRH,https://www.gsea-msigdb.org/gsea/msigdb/human/geneset/GOBP_CIRCADIAN_SLEEP_WAKE_CYCLE,25,ENR,GOBP_CIRCADIAN_SLEEP_WAKE_CYCLE,1,1E-3,GOBP_CIRCADIAN_SLEEP_WAKE_CYCLE,FALSE,GOBP_CIRCADIAN_SLEEP_WAKE_CYCLE
3,3,3,3,0.999,,1E-3,,BMP4|WNT11|PITX2|LMO4|TRIP11|CCN1|HECTD1|FGFR2|STRA6|TBX5|WNT5A|EGLN1|NSD2|ACVR1|MATR3|BMPR1A|FZD1|LUZP1|RBPJ|HES1|DAND5|TGFBR2|TGFBR3|PTK7|LRP2|SMAD4|SMAD6|GATA4|NKX2-5|AP2B1|FZD2|HEG1|SALL1|CITED2|HEY1|HEYL|MDM2|SLIT3|NOTCH1|SUFU|APLNR|ADAMTS19|FGFRL1|PAX8|SMAD7|ID2|MDM4|ZFPM1|PROX1|ROBO1|ROBO2|NPRL3|HEY2|BMPR2|SOX11|SALL4|PRDM1|TGFBR1|RBM15|GATA3|NOG|SAV1|XIRP2|ZFPM2|CNTRL|DCTN5|NOS3|SOX4|VANGL2|TBX3|GJA5|SLIT2|PDE2A|FRS2|HOXA13|TGFB2,https://www.gsea-msigdb.org/gsea/msigdb/human/geneset/GOBP_VENTRICULAR_SEPTUM_DEVELOPMENT,76,ENR,GOBP_VENTRICULAR_SEPTUM_DEVELOPMENT,1,1E-3,GOBP_VENTRICULAR_SEPTUM_DEVELOPMENT,FALSE,GOBP_VENTRICULAR_SEPTUM_DEVELOPMENT
3,3,3,3,0.999,,1E-3,,HOXB4|NR6A1|PWP1|SOX6|MTCH2|FOXC1|FGF2|NR5A2|DHX36|RBM24|TACSTD2|SOX17|PTN|SOX5|SIRT6|TBX5|SP7|TCF15|LTBP3|NKX2-5|SOX9|NUDT21|TGFB2,https://www.gsea-msigdb.org/gsea/msigdb/human/geneset/GOBP_POSITIVE_REGULATION_OF_STEM_CELL_DIFFERENTIATION,23,ENR,GOBP_POSITIVE_REGULATION_OF_STEM_CELL_DIFFERENTIATION,1,1E-3,GOBP_POSITIVE_REGULATION_OF_STEM_CELL_DIFFERENTIATION,FALSE,GOBP_POSITIVE_REGULATION_OF_STEM_CELL_DIFFERENTIATION
35,3,3,3,0.999,,1E-3,,BMP4|FOXA1|PGR|LIF|BLOC1S6|ERRFI1|PHF14|FGFR2|PKDCC|ATXN1|FOSL2|NKX2-1|STRA6|TCF21|ATP7A|HS6ST1|IGFBP5|NKIRAS1|NKIRAS2|PDGFA|COL6A1|CREB1|FOXF1|MMP12|IGF1|SLC7A11|SMPD3|ITGB6|FLT4|FOXP2|MYOCD|KDR|ATXN1L|TMEM38B|CIC|GATA6|CLDN18|MAN2A1|MAN1A2|TGFB1|ABCA12|RC3H2|EDN2|TGFB3|HOPX|LTBP3|BMPR2|SELENON|FBN1|STK40|HOXA5|ASXL1|SFTPD|ADA|FGF10,https://www.gsea-msigdb.org/gsea/msigdb/human/geneset/GOBP_LUNG_ALVEOLUS_DEVELOPMENT,55,ENR,GOBP_LUNG_ALVEOLUS_DEVELOPMENT,1,1E-3,GOBP_LUNG_ALVEOLUS_DEVELOPMENT,FALSE,GOBP_LUNG_ALVEOLUS_DEVELOPMENT
,3,3,3,0.999,,1E-3,,ANKLE1|DMC1|EME1|EME2|NSMCE2|GEN1|MSH2|XRCC3|MRE11|ZSCAN4|MUS81|TERF2|SMC5|TERT|SMC6|BRCA2|RAD50|RAD51C|RAD51|RAD51D|RAD54B|TEP1|ERCC1|RAD52|ERCC2|XRCC1|ERCC4|MLH1|MSH3,https://www.gsea-msigdb.org/gsea/msigdb/human/geneset/GOBP_MITOTIC_RECOMBINATION,29,ENR,GOBP_MITOTIC_RECOMBINATION,1,1E-3,GOBP_MITOTIC_RECOMBINATION,FALSE,GOBP_MITOTIC_RECOMBINATION
22,3,3,3,0.999,,1E-3,,BMP4|TGFB1|WNT3A|DLL1|DHX36|FZD7|EFNB2|PRICKLE1|TBX5|DKK1|HEY2|MEF2C|SOX6|ARRB2|GPER1|HDAC3|SOX17|EGFR|BMP2|MYOCD|SMAD4|FRS2|NKX2-5|KAT2A|TGFB2,https://www.gsea-msigdb.org/gsea/msigdb/human/geneset/GOBP_REGULATION_OF_CARDIOCYTE_DIFFERENTIATION,25,ENR,GOBP_REGULATION_OF_CARDIOCYTE_DIFFERENTIATION,1,1E-3,GOBP_REGULATION_OF_CARDIOCYTE_DIFFERENTIATION,FALSE,GOBP_REGULATION_OF_CARDIOCYTE_DIFFERENTIATION
68,3,3,3,0.999,,1E-3,,PMAIP1|MYC|CHD5|RPL37|ANKRD1|DVL2|RPS20|ATM|RPL11|MSX1|RPL26|ZNHIT1|ATR|SMARCA4|TP73|PPP1R15A|PYHIN1|SPRED1|SPRED2|CDKN2A|CDK5RAP3|HEXIM1|RPS15|RPS7|ING4|EIF5A|HIC1|PLA2R1|TP53BP1|PML|UBB|DDX5|RPL23|EEF1E1|ZNF385A,https://www.gsea-msigdb.org/gsea/msigdb/human/geneset/GOBP_POSITIVE_REGULATION_OF_SIGNAL_TRANSDUCTION_BY_P53_CLASS_MEDIATOR,35,ENR,GOBP_POSITIVE_REGULATION_OF_SIGNAL_TRANSDUCTION_BY_P53_CLASS_MEDIATOR,1,1E-3,GOBP_POSITIVE_REGULATION_OF_SIGNAL_TRANSDUCTION_BY_P53_CLASS_MEDIATOR,FALSE,GOBP_POSITIVE_REGULATION_OF_SIGNAL_TRANSDUCTION_BY_P53_CLASS_MEDIATOR
25,3,3,3,0.999,,1E-3,,NR5A1|HMGA2|WNT11|DKK3|INSM1|NR3C1|PDGFRA|STRA6|WT1|ARMC5|MDK|PBX1|SMAD3|INSR|NF1|WNT4|CDKN1C|NR0B1|SMAD4|TSPO|ARID5B|SALL1|ASCL1|CITED2|CRH|APOA1,https://www.gsea-msigdb.org/gsea/msigdb/human/geneset/GOBP_ADRENAL_GLAND_DEVELOPMENT,26,ENR,GOBP_ADRENAL_GLAND_DEVELOPMENT,1,1E-3,GOBP_ADRENAL_GLAND_DEVELOPMENT,FALSE,GOBP_ADRENAL_GLAND_DEVELOPMENT
145,3,3,3,0.999,,1E-3,,ANGPT1|ABL1|PPIA|TLR3|CARD10|TLR6|CARD14|TOM1L1|PTK2B|PRKCD|ITGB1BP1|RIPK3|CCDC88A|PRLR|COPS8|KIF14|TNFRSF10A|FGF1|ECT2|FBN1|STRADA|STRADB|GAS6|NRG1|IGF1|PIBF1|ZFP91|CHI3L1|CALCA|DYNAP|STK11|TRAF6|JAK2|PILRB|ADCY8|LEP|TPX2|TNFSF15|MT3|CLSPN|TNFRSF10B,https://www.gsea-msigdb.org/gsea/msigdb/human/geneset/GOBP_ACTIVATION_OF_PROTEIN_KINASE_ACTIVITY,41,ENR,GOBP_ACTIVATION_OF_PROTEIN_KINASE_ACTIVITY,1,1E-3,GOBP_ACTIVATION_OF_PROTEIN_KINASE_ACTIVITY,FALSE,GOBP_ACTIVATION_OF_PROTEIN_KINASE_ACTIVITY
2,3,3,3,0.999,,1E-3,,FOXG1|DAB1|POU3F3|BMERB1|DAB2IP|DIXDC1|GLI3|RAC1|RELN|COL3A1|SOCS7|SRGAP2|LRP8|PAFAH1B1|DISC1|RTN4|MDGA1|NDEL1|POU3F2|SRGAP2C|CTNNB1|SUN2|SYNE2|CDK5|CDK5R1|SUN1|WDR47|LAMB1|CDK5R2|FBXO45|ZMIZ1|ADGRG1|P2RY12|CCDC141|LHX6|MBOAT7|NR2E1,https://www.gsea-msigdb.org/gsea/msigdb/human/geneset/GOBP_CEREBRAL_CORTEX_RADIALLY_ORIENTED_CELL_MIGRATION,37,ENR,GOBP_CEREBRAL_CORTEX_RADIALLY_ORIENTED_CELL_MIGRATION,1,1E-3,GOBP_CEREBRAL_CORTEX_RADIALLY_ORIENTED_CELL_MIGRATION,FALSE,GOBP_CEREBRAL_CORTEX_RADIALLY_ORIENTED_CELL_MIGRATION
92,3,3,3,0.999,,1E-3,,NLGN1|NLGN2|NRXN1|ADORA2A|HAP1|TAC1|CA2|KIF5B|PRKCE|CA7|ZDHHC12|ADRA1A|NALCN|TACR1|ZDHHC3,https://www.gsea-msigdb.org/gsea/msigdb/human/geneset/GOBP_POSITIVE_REGULATION_OF_SYNAPTIC_TRANSMISSION_GABAERGIC,15,ENR,GOBP_POSITIVE_REGULATION_OF_SYNAPTIC_TRANSMISSION_GABAERGIC,1,1E-3,GOBP_POSITIVE_REGULATION_OF_SYNAPTIC_TRANSMISSION_GABAERGIC,FALSE,GOBP_POSITIVE_REGULATION_OF_SYNAPTIC_TRANSMISSION_GABAERGIC
71,3,3,3,0.999,,1E-3,,EPHB2|NTM|OPCML|CNTN4|FOXG1|EMB|NRP1|EPHA3|AMIGO1|PALLD|CNTN6|CNTNAP2|ARHGAP35|DSCAM|NDN|EFNB3|NPTN|ROBO1|ROBO4|ROBO2|RTN4|CRTAC1|EPHA4|APP|CNTN2|SEMA5A|CASP3|CNR1|GAP43|MEGF8|PLXND1|MYPN|BSG|EXT1|NCAM2|NRCAM|CDK5R1|DSCAML1|IGSF9|TNN|NEXN|ROBO3|TNFRSF21|YWHAZ|EPHB3|PCDH12,https://www.gsea-msigdb.org/gsea/msigdb/human/geneset/GOBP_NEURON_RECOGNITION,46,ENR,GOBP_NEURON_RECOGNITION,1,1E-3,GOBP_NEURON_RECOGNITION,FALSE,GOBP_NEURON_RECOGNITION
1,3,3,3,0.999,,1E-3,,IFT140|MEGF8|RPL10|TUBB2B|RNF112|WNT1|CDK20|CC2D2A|TTBK2|CTNNB1|EN1|CDC40|EN2|MKS1|MED12|PRICKLE1|PPIL1|TRA2B|MFSD2A|TBC1D23,https://www.gsea-msigdb.org/gsea/msigdb/human/geneset/GOBP_EMBRYONIC_BRAIN_DEVELOPMENT,20,ENR,GOBP_EMBRYONIC_BRAIN_DEVELOPMENT,1,1E-3,GOBP_EMBRYONIC_BRAIN_DEVELOPMENT,FALSE,GOBP_EMBRYONIC_BRAIN_DEVELOPMENT
1,3,3,3,0.999,,1E-3,,INSIG1|MYC|NKX3-2|PRKRA|NOG|OSR2|FGFR1|SIX1|HOXA2|TSHZ1|MSX1|OSR1|TBX1|EDN1|EDNRA|EYA1|GSC|INSIG2|PRRX1|RPL38|NAGLU|SIX2,https://www.gsea-msigdb.org/gsea/msigdb/human/geneset/GOBP_MIDDLE_EAR_MORPHOGENESIS,22,ENR,GOBP_MIDDLE_EAR_MORPHOGENESIS,1,1E-3,GOBP_MIDDLE_EAR_MORPHOGENESIS,FALSE,GOBP_MIDDLE_EAR_MORPHOGENESIS
76,3,3,3,0.999,,1E-3,,MYC|REST|HESX1|LIF|LDB2|OGT|DDX6|ING1|HDAC1|IGF1|RBPJ|SIRT6|SMC3|SMC5|BRMS1|MMP24|SIX2|SMO|MCPH1|EOMES|FZD7|ZIC1|PCM1|PROX1|SELENON|TAF5L|BRAF|SAV1|TAF6L|SOX4|TBX3|PADI4|TRIM8|RBBP4|TCF15|BCL9|BCL9L|CNOT1|NANOG|SKI|SRRT|CNOT2|CNOT3|CTR9|KIT|KLF10|PELO|WNT9B|EIF4ENIF1|EZH2|ZC3H13|IGF2BP1|LOXL2|HES5|LIN28A|LDB1|MED10|MED14|NANOS2|MED15|CDC73|MED17|ELF5|MED21|ING2|MED24|PIWIL2|MED27|MED28|MED30|ACTB|ACTL6A|ACTL6B|MED6|MED7|PAX2|PAX8|PTN|ARID1A|TBX1|LEO1|BCL7A|BCL7B|BCL7C|RTF1|CDKN2A|PAF1|ARID4A|ARID4B|CUL4A|TUT4|WDR43|DPF2|VANGL2|WDR47|BMP7|ZFP36L2|ZHX2|SPI1|SIN3A|PRDM14|FGF10|LRP5|HMGA2|ASPM|DLL1|MTF2|PHF19|DIS3L2|BRMS1L|SAP130|SAP30|SAP30L|SINHCAF|ZNF706|FOXO1|GATA2|PHF10|TFAP2C|HNF1B|CDH2|MED12|CDX2|ELAVL1|RIF1|NKAP|TET1|FANCD2|EIF4E|SMARCA2|SUDS3|SMARCA4|SMARCB1|SMARCC1|SMARCD1|POU5F1|LIG4|SMARCE1|SALL4|NANOGP8|TEAD4|NOG|SMC1A|YME1L1|NIPBL|KDM3A|SFRP1|SOX2|VPS72|RAF1|KAT2A|SS18|TP63|JAG1|LSM1|ZIC3|METTL14|DSG2|TAL1|METTL3|PRRX1|BMPR1A|CTNNB1|HES1|HOOK3|HDAC2|STAT3|BICRA|NOTCH1|BICRAL|BRD9|LRRC46|NR5A2|WNT7A|ZNF322|ZNF358|TPT1|GNL3|YAP1|SETD6|NFIB|NODAL|ASCL2|FOXO3|ESRRB|KLF4|KDM2B|KDM4C|LBH|RBBP7|NCOA3|SOX9|NR2E1|BSX,https://www.gsea-msigdb.org/gsea/msigdb/human/geneset/GOBP_MAINTENANCE_OF_CELL_NUMBER,194,ENR,GOBP_MAINTENANCE_OF_CELL_NUMBER,1,1E-3,GOBP_MAINTENANCE_OF_CELL_NUMBER,FALSE,GOBP_MAINTENANCE_OF_CELL_NUMBER
2,3,3,3,0.999,,1E-3,,CDON|SMO|HIF1A|NOTCH1|FOXG1|FGF2|ASPM|ITGB1|KDM1A|GLI3|DRD2|VEGFA|FZD3|OTP|VEGFC|DISC1|SMARCD3|SHH|SOX10|PAX6|DMRTA2|WDR62|CTNNB1|DCT|ID4|CX3CL1|CX3CR1|ZNF335|NR2E1,https://www.gsea-msigdb.org/gsea/msigdb/human/geneset/GOBP_POSITIVE_REGULATION_OF_NEUROBLAST_PROLIFERATION,29,ENR,GOBP_POSITIVE_REGULATION_OF_NEUROBLAST_PROLIFERATION,1,1E-3,GOBP_POSITIVE_REGULATION_OF_NEUROBLAST_PROLIFERATION,FALSE,GOBP_POSITIVE_REGULATION_OF_NEUROBLAST_PROLIFERATION
,3,3,3,0.999,,1E-3,,SFRP5|CABP1|TULP2|ABCC6|CHRNB2|FAM161A|LRAT|RORB|ZIC2|BBS4|GJC1|GLRA1|RDH10|AOC2|RDH5|RDH8|RPE65|PAX6|CEP250|CRYZ|ADGRV1|GUCA1A|GUCA1ANB-GUCA1A|GUCY2D|GUCY2F|RHO|UNC119|CLIC5|CLDN19|COL1A1|GABRR2|PDE6G|PDE6H|GLRB|SLC38A8|ARL6|NDP|MYO3A|PPT1|MYO3B|TACSTD2|RD3|ARR3|CHM|PDE6A|CLN8|PDE6B|PDE6C|RIMS1|KCNK9|KIFC3|CYP4V2|EYS|GJA10|RGS9BP|BBS1|ROM1|BBS2|COL18A1|EPAS1|OPN4|RDH11|RDH12|RS1|RAX|ABCA4|SEMA5B|RBP3|RLBP1|PAX2|CACNA2D4|CNGA1|CNGA3|LCTL|TIMP3|ELFN1|MYO9A|GNAT2|SLC24A1|NOB1|TRPM1|OPA1|OPA3|EYA3|EYA4|SLITRK6|GRM8|CABP4|ATXN7|IRX5|MFRP|NRL|PCARE|RPGRIP1|LAMC3|CRYBA1|EFEMP1|CCDC66|TGFBI|CACNA1F|PPEF2|ATF6|BBS10|RGS16|BBS5|BBS7|GRM6|RABGGTA|RABGGTB|CDH3|RP2|KCNJ10|ATP8A2|WDR36|VSX1|DLL4|PITPNA|IMPG2|GPR143|BFSP2|CRYGB|DRAM2|OAT|RCVRN|RGS9|MKKS|SLC4A10|CRYBA2|GRK1|CRYBA4|CRYBB1|CRYBB2|GRK7|CRYBB3|RPGR|CRYBG3|CRYGN|CRYGS|PDC|PDCL|CPLX4|HMCN1|SIX3|GUCA1B|GNAT1|GNAT3|CNNM4|OPN1SW|OPN5|LRIT3|COL11A1|COL2A1|WFS1|EML2|CNGB3|CRX|POU4F3|GJA3|GPR179|GUCA1C|IMPG1|KERA|KRT12|NYX|PDE6D|POU6F2|PRCD|PRR4|CLN5|DNAJC19|RAX2|CLN6|ZNF513|RGR|RRH|LAMB2|SOX14|RP1|USH1C|ABLIM1|HPS1|VAX2|MYO7A|MIP|SLC45A2|TH|AIPL1|TYR|CRYGD|CDH23|CLRN1|CNGB1|CRB1|CRB2|LUM|REEP6|LRIT1|NXNL2|PCDH15|RP1L1|PRPH2|SPATA7|FSCN2|BEST1|CACNB4|TULP1|USH1G|USH2A|RBP4|WHRN|VSX2|BBS9|CACNB2|NR2E1|NR2E3|DHRS3,https://www.gsea-msigdb.org/gsea/msigdb/human/geneset/GOBP_SENSORY_PERCEPTION_OF_LIGHT_STIMULUS,216,ENR,GOBP_SENSORY_PERCEPTION_OF_LIGHT_STIMULUS,1,1E-3,GOBP_SENSORY_PERCEPTION_OF_LIGHT_STIMULUS,FALSE,GOBP_SENSORY_PERCEPTION_OF_LIGHT_STIMULUS
15,3,3,3,0.999,,1E-3,,NR5A1|TNFAIP6|PGR|SGPL1|GPR149|LFNG|PTX3|LHCGR|NPPC|INHBB|EIF2B4|PCYT1B|ZP3|CEBPB|CASP3|LHFPL2|ADAMTS1|NUP107|AFP|INSR|EIF2B5|UBB|LEP|BRCA2|DACH2|CYP19A1|VGF|DMC1|FOXC1|IDH1|CASP2|FST|SIRT1|VEGFA|GAS2|NPR2|RETN|ESR1|BAX|CGA|BCL2|BCL2L1|TAF4|ZFPM2|NR2F2|SFRP1|BMPR1B|FZD4|GDF9|UMODL1|ATM|PTPRN|SPO11|EIF2B2|NUPR1|GNRH1|KIT|NOTCH4|KITLG|WT1|FANCG|AMH|NRIP1|ANG|DMRTA1|FOXL2|MMP14|MMP2|ZNF830|DACH1|HYAL3|INHA|INHBA|LSM14B|ZFP42|SMAD4|KDR|UBE3A|EREG|MMP19|TIPARP|CSMD1|SLIT3|NOTCH1|NR5A2|PDGFRA|SCAPER|RAC1|FANCA|PLEKHA1|ADCYAP1R1|IMMP2L|ROBO2|AMHR2|FANCE|MSH4|FOXO3|FSHR|NOS3|SLIT2|CTNNA1|WNT4|STAT5B|ZFY|SOD1|LHX9|STAT5A|ARID5B|BCAS2,https://www.gsea-msigdb.org/gsea/msigdb/human/geneset/GOBP_DEVELOPMENT_OF_PRIMARY_FEMALE_SEXUAL_CHARACTERISTICS,109,ENR,GOBP_DEVELOPMENT_OF_PRIMARY_FEMALE_SEXUAL_CHARACTERISTICS,1,1E-3,GOBP_DEVELOPMENT_OF_PRIMARY_FEMALE_SEXUAL_CHARACTERISTICS,FALSE,GOBP_DEVELOPMENT_OF_PRIMARY_FEMALE_SEXUAL_CHARACTERISTICS
14,3,3,3,0.999,,1E-3,,TRIM16|PKP1|ETV4|FOXC1|NOTCH1|SPRR5|VDR|ZBED2|ABCA12|TP63|PRKCH|AQP3|ERRFI1|MSX2|ZFP36L1|MACROH2A1|CD109|IL20|NUMA1|SRSF6|CYP27B1|ROCK1|EZH2|REG3G|EXTL3|MACROH2A2|SGPP1|KRT36|KRT84|PLAAT4|ROCK2|HOXA7|MED1|NME2|NCOA3|OVOL2|ZFP36|ALOX15B|GRHL1,https://www.gsea-msigdb.org/gsea/msigdb/human/geneset/GOBP_REGULATION_OF_KERATINOCYTE_DIFFERENTIATION,39,ENR,GOBP_REGULATION_OF_KERATINOCYTE_DIFFERENTIATION,1,1E-3,GOBP_REGULATION_OF_KERATINOCYTE_DIFFERENTIATION,FALSE,GOBP_REGULATION_OF_KERATINOCYTE_DIFFERENTIATION
25,3,3,3,0.999,,1E-3,,TGFB1|XBP1|FGFR1|NRP1|ESRP2|ASCL3|FGFR2|PLXNA1|DAG1|EDA|TGFB3|EDAR|TFCP2L1|SNAI2|BTBD7|FGF7|SHH|PDGFA|LAMA5|TWSG1|PAX6|NFIB|NTN4|PLXND1|HGF|NKX3-1|EGFR|LAMA1|POLB|BMP7|TNF|CLCN2|SEMA3C|TGM2|FGF10|FGF8|TGFB2,https://www.gsea-msigdb.org/gsea/msigdb/human/geneset/GOBP_SALIVARY_GLAND_DEVELOPMENT,37,ENR,GOBP_SALIVARY_GLAND_DEVELOPMENT,1,1E-3,GOBP_SALIVARY_GLAND_DEVELOPMENT,FALSE,GOBP_SALIVARY_GLAND_DEVELOPMENT
,3,3,3,0.999,,1E-3,,THBS1|NHERF4|ADORA2B|PDE3A|PDE10A|ADNP|NPPC|KCNC2|EDNRB|HTR2B|NPPA|PRKG1|RUNDC3A|HTR2C|NPR1|AGTR2|IRAG1|AGT|CGAS|ATP2B4|GUCA1A|GUCA1ANB-GUCA1A|AQP1|GUCY1A1|GUCY1A2|GUCY1B1|INS|GUCY2D|GUCY2F|PDE11A|PDE2A|CD36|GUCA2B|KDR|MTNR1B|APOE,https://www.gsea-msigdb.org/gsea/msigdb/human/geneset/GOBP_CGMP_MEDIATED_SIGNALING,36,ENR,GOBP_CGMP_MEDIATED_SIGNALING,1,1E-3,GOBP_CGMP_MEDIATED_SIGNALING,FALSE,GOBP_CGMP_MEDIATED_SIGNALING
2,3,3,3,0.999,,1E-3,,METRN|HIF1A|REST|CDH1|WNT3A|MAP3K13|LIF|ADCY10|POU4F1|PRKCH|SPP1|NGF|DOCK7|GLI3|YWHAH|OPRM1|DAG1|BHLHE40|FZD3|DYNLT1|B2M|EFNB3|HELT|MAP1B|RAPGEF2|PAFAH1B1|NEFL|SLITRK1|NTN1|PLXNB1|PAX6|APPL2|HDAC1|PSEN1|LIMK1|STK25|CX3CL1|CX3CR1|IL6ST|CXCL12|PITX3|BRINP1|BDNF|BHLHE41|F2|MT3|MTOR|CXCR4|HOXB3|NR1D1|ASCL1|HEY1|SHOX2|HEYL|PER2|CDON|SMO|HLTF|SNW1|FEZF1|FOXG1|IDH2|NIN|PPP1CC|MAG|DRD2|CDKL3|PCM1|VEGFA|DCC|DUSP10|FSTL4|IFRD1|PRTG|PROX1|XRCC5|TLX2|HEY2|BMPR2|SOX11|DLX1|DLX2|DMRTA2|GPR37L1|NKX6-2|RNF112|TP53|ZNF488|BRAF|MME|SHANK3|WDR62|NAP1L1|IL1RAPL1|CDK5|RB1|FZD4|BTG2|CAPRIN1|IL1B|IL34|RNF10|SKI|SRRT|SLC30A1|GDI1|HES2|HES6|E2F1|GORASP1|ITGB1|ATXN1|KIT|DSCAM|EFNA5|ELL3|RNF6|EPHA7|LRP8|PTEN|NKX6-1|EEF2K|L1CAM|LYN|EZH2|FGF13|BCL11A|MDK|MEGF8|DIP2B|FXR2|GPER1|EGR2|GRM5|HDAC6|NOS1|DICER1|NTRK3|PAK1|ARHGAP4|HES5|LIN28A|TNF|NF1|DNAJB11|SKIL|SEMA3G|CUX1|TGM2|CAPRIN2|SEMA4D|SEMA4F|CRABP2|KRAS|MAN2A1|SEMA6C|MAPT|SEMA6D|DAB1|MAP2K2|ADNP|DHX36|NF2|PLXNC1|CHD7|PTN|RAB21|GOLGA4|IFNG|PTPRS|RTN4|NFATC4|SHH|RELA|LRP4|SOX10|TENM4|MCF2|ISLR2|NTRK2|PLXNB3|TWF2|BMP7|LPAR3|SLIT2|CUL7|BMP2|SIRT2|CTDSP1|MACF1|SOX8|TRPC5|OBSL1|TRPC6|THY1|HMGA2|PRUNE1|LHX2|ASPM|DLL1|FN1|AMIGO1|KDM1A|RND2|OTP|MYCN|PLXNB2|PRKCI|RASSF10|VEGFC|CAMK2B|TRIM11|SHTN1|WNT5A|GPRASP3|NPTN|SYNGAP1|TIAM2|SPEN|TIAM1|CDH4|GATA2|PTPRZ1|YTHDF2|ZNF335|NUMB|SERPINF1|BIN1|CHODL|DLL4|EPHB2|CUX2|NUMBL|SRF|HAP1|SEMA7A|PLAG1|PARP6|FMR1|KIFAP3|TNFRSF1B|ID2|HMGB2|ANKRD27|GFAP|HES7|TP73|MAP2|SORL1|LIG4|SMARCD3|RGS14|NOG|WNT2|STK11|BAIAP2|TRPV2|IST1|SYT4|DAAM2|ZNF365|RHEB|TRAK1|TRAK2|TRIM46|NEURL1|SMURF1|ATOH1|CERS2|S100A10|SERPINE2|XRCC2|DRD3|CDKL5|DISC1|ABCC8|EPHA4|SPART|ANXA2|BMPR1A|DBN1|SS18L1|PLXND1|CLCF1|FXR1|ANAPC2|CTNNB1|DCT|ID4|HES1|TNFRSF12A|PTPRD|MAP2K1|KIAA0319|HOOK3|LRP2|TRIM32|LTA|TSPO|HDAC2|ZEB2|OLIG2|BMAL1|TGFB1|UFL1|NOTCH1|PRMT5|TBC1D24|TREM2|ULK1|FGF2|SLC7A5|ULK2|NRP1|WNT7A|ETV5|DPYSL5|MAP6|PLXNA3|YAP1|RELN|MYRF|RGMA|ROBO1|RUFY3|DRAXIN|ROBO2|STAU2|QKI|RTN4R|ARMCX5-GPRASP2|MYB|RYK|SEMA3F|SEMA5A|NRDC|LEF1|ASCL2|IL6|SLIT1|TTBK1|PPP3CA|ITPKA|ZFYVE27|LDLR|TNR|CLCN2|CTNNA1|KCTD11|CCL11|SPINT1|VAX1|WNT3|VSX2|DLL3|TMEM98|NR2E1|MECP2|FBXW8,https://www.gsea-msigdb.org/gsea/msigdb/human/geneset/GOBP_REGULATION_OF_NEUROGENESIS,359,ENR,GOBP_REGULATION_OF_NEUROGENESIS,1,1E-3,GOBP_REGULATION_OF_NEUROGENESIS,FALSE,GOBP_REGULATION_OF_NEUROGENESIS
12,3,3,3,0.999,,1E-3,,KCNJ8|NPY5R|ADORA2A|GIPC1|GRM7|GJA1|PRKG1|P2RX7|ABCC8|ADORA1|AVP|AVPR1A|NTRK2|SLC38A2|SNCA|APBA1|BEST1|GABBR1|KCNK2|NTSR1|TRH|NF1|STXBP1|RAB3GAP1|GRM2|KCNK1|KMO|SYT4|DTNBP1|PIANP,https://www.gsea-msigdb.org/gsea/msigdb/human/geneset/GOBP_GLUTAMATE_SECRETION,30,ENR,GOBP_GLUTAMATE_SECRETION,1,1E-3,GOBP_GLUTAMATE_SECRETION,FALSE,GOBP_GLUTAMATE_SECRETION
,3,3,3,0.999,,1E-3,,AKAP12|CASP3|CASP9|GAS6|TREM2|TP53|DLL1|PRKCH|PRKCA|TNFRSF21|PRKCD|PRKCI|RAD21|TRAF2|RB1|CCL2|CERS6,https://www.gsea-msigdb.org/gsea/msigdb/human/geneset/GOBP_GLIAL_CELL_APOPTOTIC_PROCESS,17,ENR,GOBP_GLIAL_CELL_APOPTOTIC_PROCESS,1,1E-3,GOBP_GLIAL_CELL_APOPTOTIC_PROCESS,FALSE,GOBP_GLIAL_CELL_APOPTOTIC_PROCESS
7,3,3,3,0.999,,1E-3,,SEMA6C|SEMA6D|CDH1|WNT3A|TRIM46|NRP1|MAG|PLXNA3|CDKL3|IFRD1|PTPRS|RNF6|MAP2|WNT5A|DRAXIN|RTN4|RTN4R|RYK|NTN1|SEMA3F|SEMA5A|BCL11A|DIP2B|SLIT1|HDAC6|CDK5|TNR|ARHGAP4|KIAA0319|WNT3|SEMA3G|MT3|SEMA4F,https://www.gsea-msigdb.org/gsea/msigdb/human/geneset/GOBP_NEGATIVE_REGULATION_OF_AXON_EXTENSION,33,ENR,GOBP_NEGATIVE_REGULATION_OF_AXON_EXTENSION,1,1E-3,GOBP_NEGATIVE_REGULATION_OF_AXON_EXTENSION,FALSE,GOBP_NEGATIVE_REGULATION_OF_AXON_EXTENSION
13,3,3,3,0.999,,1E-3,,CHRNA1|CHRNA3|CHRNB1|CHRNB2|MTMR2|CHRNB4|ADRB2|CHRNA7|CHRND|CHRNE|CHRNG|PRKAR1B|NLGN4X|AKT1|RIMS2|GLRA1|P2RX7|SEZ6|CELF4|ARRB2|GSK3A|GSK3B|GRIN2B|GRIN2D|SSH1|MAPK8IP2|P2RX6|CUX2|EIF4A3|SLC17A7|GABRB3|BEGAIN|CHRFAM7A|DRD2|GLRA2|RGS4|GLRA3|GLRB|ADORA1|NLGN1|NLGN2|NRXN1|INSYN1|INSYN2A|SHANK1|SHANK3|DLG4|P2RX2|CDK5|EEA1|TMEM25|BAIAP2|GRIK2|GRIK5|RIMS1|SLC8A2|ADORA2A|UNC13B|GRIA1|ATXN1|P2RX1|PTEN|TRPV1|CBLN1|S1PR2|DRD4|MEF2C|NETO1|STX1A|TMEM108|STX1B|SNCA|CHRNA2|CHRNA5|SLC29A1|CHRNA6|CHRNB3|GRID2|HTR3A|HTR3B|HTR3C|HTR3D|HTR3E|MPP2|NPAS4|RAB3GAP1|GRIN2A|GRIN2C|P2RX4|PRKN|NLGN3|NOTCH1|TBC1D24|GHRL|WNT7A|SLC1A7|PTK2B|RELN|CHRNA4|SLC8A3|HCRT|APP|DVL1|CHRNA10|CHRNA9|ABAT|PPP3CA|GRIN1|MET|KCNK2|ZMYND8|NTSR1|NPFF|PRKCZ|LRRK2|NPY2R|P2RX3|P2RX5|DMPK|MECP2,https://www.gsea-msigdb.org/gsea/msigdb/human/geneset/GOBP_CHEMICAL_SYNAPTIC_TRANSMISSION_POSTSYNAPTIC,120,ENR,GOBP_CHEMICAL_SYNAPTIC_TRANSMISSION_POSTSYNAPTIC,1,1E-3,GOBP_CHEMICAL_SYNAPTIC_TRANSMISSION_POSTSYNAPTIC,FALSE,GOBP_CHEMICAL_SYNAPTIC_TRANSMISSION_POSTSYNAPTIC
7,3,3,3,0.999,,1E-3,,CAV3|CDH1|WNT3A|MAP3K13|CFL1|ADCY10|SPP1|WNK3|RARG|FN1|KDM1A|NGF|RND2|VAV1|VAV3|P2RX7|PRKD1|SHTN1|MAP1B|SLC12A6|WNT5A|XK|PAFAH1B1|NTN1|CLNS1A|COL6A1|CDH4|GSK3B|CREB1|KCNMA1|LIMK1|GPRC5B|CLCN3|RPTOR|CXCL12|CTTN|E2F4|BDNF|CLASP2|MT3|MTOR|CLCN6|KEL|SRF|AKT3|AQP4|SEMA7A|DEPTOR|MAG|CDKL3|VEGFA|DCC|FSTL4|IFRD1|TP73|MAP2|SLC12A4|SLC26A5|SLC12A5|SLC12A7|SLC12A8|SLC12A9|BMPR2|RB1CC1|AQP11|MAP3K7|RAP1GAP2|SHANK3|CDK5|SCTR|TRPV2|LRRC8E|CLN8|TTL|IST1|OLFM1|GDI1|TRIM46|AMOT|SMURF1|EDN1|ARHGAP35|DSCAM|EFNA5|RNF6|EPHA7|PLEK|PTEN|CLN3|LRRC8A|WDTC1|CDKL5|DISC1|NKX6-1|RHOA|L1CAM|SPART|FGF13|BCL11A|MEGF8|DIP2B|HDAC6|NPM1|NTRK3|MSN|ANAPC2|IQGAP3|PAK1|AQP1|PLXNA4|ARHGAP4|TNFRSF12A|ARHGAP5|TRPV4|UCN|SEMA3A|KIAA0319|ABCB8|OXSR1|TSC1|CCDC51|SEMA3G|VAV2|DNM2|RDX|SEMA4D|SEMA4F|CRABP2|AKT1S1|MTPN|SEMA6C|MAPT|SEMA6D|GNB3|EZR|ULK1|ABL1|ULK2|NRP1|ADNP|LARS1|PLXNA3|RAB21|LAMTOR5|PRR16|RAC1|KCNN4|GOLGA4|PTPRS|RET|RGMA|RUFY3|DRAXIN|RTN4|RTN4R|RYK|SEMA3F|ANO6|LAMTOR4|SEMA5A|HSP90AA1|ISLR2|SLIT1|IL7R|PUM2|ZFYVE27|NRCAM|TWF2|FSHR|NHERF1|SLC12A1|TNR|SCT|SLC12A2|WNK1|LPAR3|SIN3A|WNT3|MACF1|SLC12A3|STK39|APOE|TRPC5,https://www.gsea-msigdb.org/gsea/msigdb/human/geneset/GOBP_REGULATION_OF_CELL_SIZE,183,ENR,GOBP_REGULATION_OF_CELL_SIZE,1,1E-3,GOBP_REGULATION_OF_CELL_SIZE,FALSE,GOBP_REGULATION_OF_CELL_SIZE
144,3,3,3,0.999,,1E-3,,CAV1|LRP1|PPARG|TREM2|ABCA12|PLTP|PTCH1|RXRA|ABCA7|CETP|NR1H2|ABCA13|CES1|LDLRAP1|NR1H3|SIRT1|PON1|EEPD1|ADIPOQ|SCP2|ABCA1|ANXA2|ABCA5|COMMD1|ABCG1|ABCG4|ABCB4|GPS2|ABCA3|ABCA8|LIPG|NFKB1|ZDHHC8|APOE|APOA1,https://www.gsea-msigdb.org/gsea/msigdb/human/geneset/GOBP_POSITIVE_REGULATION_OF_STEROL_TRANSPORT,35,ENR,GOBP_POSITIVE_REGULATION_OF_STEROL_TRANSPORT,1,1E-3,GOBP_POSITIVE_REGULATION_OF_STEROL_TRANSPORT,FALSE,GOBP_POSITIVE_REGULATION_OF_STEROL_TRANSPORT
10,3,3,3,0.999,,1E-3,,SKI|CAV3|JARID2|DUSP6|ADPRHL1|FGF9|BMP10|FGFR2|RXRB|CTDP1|EDN1|MYH6|ERBB4|TBX5|WT1|CCNB1|CDK1|MEF2C|PDLIM5|BMPR1A|PI16|FES|GSK3A|SORBS2|NRG1|IGF1|RBPJ|PAK1|SMAD1|DIPK2A|PRKAR1A|TGFBR3|RGS2|GATA4|NKX2-5|HEG1|FOXP1|PPARA|GATA6|MESP1|KRAS|FOXC1|MYH10|NOTCH1|VGLL4|ABL1|FGF2|FGFR1|PIM1|GLI1|NDRG4|BASP1|YAP1|ARID2|COL14A1|NPPA|PRKG1|RGS4|ACACB|TOMM70|AKAP6|ADRA1A|PROX1|TP73|MAPK11|MAPK14|HEY2|TBX20|TENM4|S1PR1|TGFBR1|FOXC2|NOG|WNT2|SAV1|ZFPM2|PARP2|KCNK2|MEIS1|RBP4|RUNX1|G6PD|FGF20|YY1|TBX2|TGFB2,https://www.gsea-msigdb.org/gsea/msigdb/human/geneset/GOBP_HEART_GROWTH,86,ENR,GOBP_HEART_GROWTH,1,1E-3,GOBP_HEART_GROWTH,FALSE,GOBP_HEART_GROWTH
56,3,3,3,0.999,,1E-3,,BMP4|HAND2|WNT11|SIX1|SNX17|ADGRF5|HECTD1|GLI3|COMT|EFNB2|PDGFRB|GAA|FOXF1|NKX3-1|RBPJ|MYLK|HOXA1|LEP|FKBP10|MYOCD|HEY1|DLL4|LRP1|FOXC1|MYH10|SUFU|SRF|APLNR|AKT3|TFAP2B|SEC24B|SMAD7|SLC2A10|VEGFA|COL3A1|PKD2|COMP|PRICKLE1|PROX1|FAM3D|NPRL3|HEY2|BMPR2|ACVR2B|PCDHA10|PRDM1|FOXC2|NOG|SOX4|GJA5|NFATC3|ANGPTL3|TBX2|ACVRL1|JAG1|EDN1|STRA6|EDNRA|ADAMTS9|DDIT3|PRRX1|SCN11A|LOXL1|MDK|NGFR|BMPR1A|MEGF8|NDST1|EFEMP2|EGR2|PLXND1|LUZP1|HES1|TGFBR2|NOTCH3|NF1|FOLR1|HHIPL1|LRP2|ZMIZ1|SMAD6|AP2B1|CITED2|NAGLU|NOTCH1|NRP1|CHD7|TBX1|ARID2|ROBO1|ROBO2|RTN4|SHH|ENG|TGFBR1|LOX|HPGD|ADAMTS6|CNTRL|DCTN5|LDLR|FOXH1|EYA1|PDE2A|APOB|FGF8|HOXA13|APOE|TAB1|TGFB2,https://www.gsea-msigdb.org/gsea/msigdb/human/geneset/GOBP_ARTERY_DEVELOPMENT,110,ENR,GOBP_ARTERY_DEVELOPMENT,1,1E-3,GOBP_ARTERY_DEVELOPMENT,FALSE,GOBP_ARTERY_DEVELOPMENT
1,3,3,3,0.999,,1E-3,,HOXA3|BMP4|HOXB4|MYC|NAB1|NKX3-2|ACTN3|SGPL1|SIX1|RARB|RARG|DLG1|NPPC|GLI3|ACP5|P2RX7|RUNX2|ALX4|CSRNP1|DLX5|RDH10|COL13A1|LAMA5|COL27A1|MATN1|PKD1|GHR|OSR2|ALX3|PSEN1|OTOR|SIX4|HOXD9|HOXB3|HOXD3|SHOX2|HOXB5|SIX2|FOXC1|MTHFD1|ANKRD11|HOXA4|HOXC4|HOXD11|FGF6|HOXD4|COL1A1|VEGFA|FREM1|ATF2|SCX|NPR2|MDFI|RFLNA|POC1A|RFLNB|MMP16|SP5|ZMPSTE24|BMPR2|SOX11|FGR|DLX2|TBX15|DSCAML1|TBX4|GREM1|GSC|HOXA7|MYF5|BMI1|TCF15|SKI|ALPL|MTHFD1L|HOXC8|FGFR2|FOSL2|THRA|HOXB7|WNT10B|WNT9B|LTF|STC1|SFRP4|MEF2C|MEGF8|MMP14|MMP2|SERPINH1|BMP6|TRPV4|SMPD3|HOXB1|WWOX|HOXB2|IHH|CITED2|MMP13|GRHL2|BMP1|MSX1|MSX2|TBX1|ZFAND5|AXIN2|CHAD|THBS3|INSIG1|TGFBR1|FGF18|HOXB9|NLE1|ALX1|BMP7|PAPPA2|EYA1|FGF8|LRP5|TGFB2|IRX5|TIFAB|HOXC11|MYCN|IFT80|INSIG2|ATG9A|ATG9B|TSKU|RAB33B|HOXA2|PAX5|CDX1|SMAD3|HOXD8|CBS|CER1|HOXA11|IFITM5|RIPPLY2|FBN2|SATB2|MED12|HOXA1|SMAD2|EIF4A3|DYNC2I1|FOXN3|OSR1|ZEB1|COL3A1|COMP|SPEF2|BARX2|WDR19|EXT2|ACVR2B|GLG1|FOXC2|NOG|HOXA5|HOXA9|HOXB8|NIPBL|TULP3|SFRP1|TWIST1|BMPR1B|RAB23|HAS2|WDR48|CHST11|MGP|HHIP|PHOSPHO1|GALNT3|CHSY1|TRIP11|COL11A1|COL2A1|BPNT2|CSGALNACT1|SLC39A3|PEX7|PRRX1|CYP26B1|TFAP2A|FUZ|IFT140|NDST1|CTNNB1|EXT1|HYAL1|SOX5|TGFBR2|SLC39A1|FLVCR1|HOXC9|HOXD10|HYAL2|TIPARP|RARA|PRKRA|TGFB1|FGFR1|WNT7A|PDGFRA|NAB2|POR|PCGF2|PLEKHA1|TMEM107|LTBP3|MAPK14|LHX1|RYK|SOX6|NODAL|INPPL1|TMEM119|HOXB6|CCN2|FGFR3|SOX9|ARID5B|DHRS3,https://www.gsea-msigdb.org/gsea/msigdb/human/geneset/GOBP_SKELETAL_SYSTEM_MORPHOGENESIS,226,ENR,GOBP_SKELETAL_SYSTEM_MORPHOGENESIS,1,1E-3,GOBP_SKELETAL_SYSTEM_MORPHOGENESIS,FALSE,GOBP_SKELETAL_SYSTEM_MORPHOGENESIS
70,3,3,3,0.999,,1E-3,,PGR|VDR|ITGA3|LIF|PRDX3|ANGPT2|SPP1|TPPP3|ASH1L|AKT1|CTSB|RXRB|HMX3|LGALS9|DSG2|STC1|HAVCR2|LDOC1|PPARD|DAZAP1|CBS|MED1|DEDD|RGS2|IHH|JUNB|EPOR|STOX2|CITED2|PARP1|TCF23|AGRP|DSG1|CSMD1|GHRL|GHSR|PTN|KLF1|KPNA6|PTGIS|DCAF13|CYP27B1|ESR1|AR|BMPR2|PRDM1|NODAL|NDP|NR2F2|PARP2|BSG|STC2|APOL2|TMED2|PTGS2|NPFF|ADCY7|WNT4|ACE2,https://www.gsea-msigdb.org/gsea/msigdb/human/geneset/GOBP_MATERNAL_PROCESS_INVOLVED_IN_FEMALE_PREGNANCY,59,ENR,GOBP_MATERNAL_PROCESS_INVOLVED_IN_FEMALE_PREGNANCY,1,1E-3,GOBP_MATERNAL_PROCESS_INVOLVED_IN_FEMALE_PREGNANCY,FALSE,GOBP_MATERNAL_PROCESS_INVOLVED_IN_FEMALE_PREGNANCY
31,3,3,3,0.999,,1E-3,,SFRP5|WNT11|DKK3|WNT3A|GID8|FAM53B|RNF220|FGF9|MKS1|WNT5B|GLI3|RBMS3|DLX5|JUP|CSNK1G2|LIMD1|MCC|GSK3A|PPP2CA|WNK2|GSK3B|HDAC1|PSEN1|RBPJ|CBY1|IGFBP6|TLE6|DKKL1|ZBED3|BAMBI|SRC|NOTUM|LMBR1L|DKK4|MESP1|STK3|STK4|CSNK1A1|TNKS|COL1A1|CYLD|PPP1CA|TNKS2|DAB2IP|FZD7|UBE2B|IGFBP4|NPPA|PRICKLE1|KANK1|RSPO3|SOX17|SOX4|GREM1|TMEM88|USP34|USP47|SCEL|ADGRA2|AXIN1|FGFR2|SIAH2|LATS1|LATS2|RNF146|SMURF2|LGR4|CCDC88C|WNT10B|DKK1|RNF14|SDHAF2|SFRP4|FZD9|LGR6|TBL1X|MDK|RSPO2|FZD1|GSKIP|OTUD5|CSNK1D|DAB2|SFRP2|CAPRIN2|CHD8|VCP|EMD|UBR5|OTULIN|ADNP|WWTR1|AMER1|RECK|PTPRO|ZNF703|SNAI2|AXIN2|ANKRD6|SHH|LRP4|SOX10|DACT3|IGFBP1|NLE1|EGFR|TPBG|NRARP|WNK1|BMP2|LRRK2|DAPK3|PIN1|EGF|TMEM196|FGF10|PRDM15|APOE|SOSTDC1|CAV1|NKD2|ASPM|CCAR2|CTDNEP1|TRPM4|EDA|AMFR|MAD2L2|PPM1A|RPS12|WNT5A|ATP6AP2|PPP2R3A|CTNNBIP1|TLE5|PPM1N|EGR1|FOXO1|ZNRF3|SMAD3|PTPRU|GPRC5B|SHISA6|XIAP|CDK14|TBL1XR1|TLE1|CDH2|CDH3|FRZB|TBX18|LZTS2|NFKB1|NKX2-5|IGFBP2|WLS|DACT1|CCNY|SOX13|RUVBL1|PFDN5|RUVBL2|TMEM131L|IFT20|SCYL2|POU5F1|CTHRC1|CTNND2|VPS35|NOG|CSNK1G1|CSNK1G3|DKK2|GPC5|JRK|FZD6|LGR5|SFRP1|LYPD6|PLEKHA4|RSPO4|TLE3|SPIN4|STK11|GNAQ|TMEM198|DDX3X|SOX2|ILK|RBX1|DAAM2|UBAC2|CCNYL1|RSPO1|SOST|DDIT3|FUZ|HECW1|AMER2|AMER3|BICC1|CSNK1A1L|INVS|SHISA3|CTNNB1|TLE2|TCF7L2|TLE7|TLE4|TMEM170B|TPBGL|APC|APC2|FOLR1|ISL1|FERMT1|PTK7|FRMD8|KREMEN1|G3BP1|SMAD4|USP8|ZEB2|GPC3|NKD1|PRKN|BMAL1|BTRC|TGFB1|NOTCH1|FGF2|GLI1|FRAT1|TMEM9|CSNK1E|HHEX|PPM1B|YAP1|LRRK1|MLLT3|DRAXIN|MAPK14|NPHP3|APP|NPHP4|SBNO1|TTC21B|SEMA5A|TMEM64|JADE1|FOXO3|NHERF1|KPNA1|SOX9|SULF2,https://www.gsea-msigdb.org/gsea/msigdb/human/geneset/GOBP_REGULATION_OF_CANONICAL_WNT_SIGNALING_PATHWAY,255,ENR,GOBP_REGULATION_OF_CANONICAL_WNT_SIGNALING_PATHWAY,1,1E-3,GOBP_REGULATION_OF_CANONICAL_WNT_SIGNALING_PATHWAY,FALSE,GOBP_REGULATION_OF_CANONICAL_WNT_SIGNALING_PATHWAY
120,3,3,3,0.999,,1E-3,,ASS1|CAV3|AKR1C3|CPS1|CLDN1|CPT1A|PID1|HMGCS2|E2F1|DGAT2|ZC3H12A|EDN1|NR1H4|PRKCD|ZNF683|AKR1C4|SMARCD1|JUND|CD4|FFAR2|CCNB1|PDK3|CDK4|PDK4|SREBF1|ID3|FFAR3|CREB1|AKR1C1|AKR1C2|OR51E2|KCNK2|UCP1|HES1|LDLR|IRS1|PLCB1|KCNK10|LPL,https://www.gsea-msigdb.org/gsea/msigdb/human/geneset/GOBP_CELLULAR_RESPONSE_TO_FATTY_ACID,39,ENR,GOBP_CELLULAR_RESPONSE_TO_FATTY_ACID,1,1E-3,GOBP_CELLULAR_RESPONSE_TO_FATTY_ACID,FALSE,GOBP_CELLULAR_RESPONSE_TO_FATTY_ACID
7,3,3,3,0.999,,1E-3,,ACTN3|WNT3A|MAP3K13|CFL1|VIL1|ADCY10|BRAT1|FGF9|NGF|AKT1|BMP10|MLST8|BBS4|TBX5|MAP1B|PAFAH1B1|CDC42|CCNB1|NTN1|CDK1|PPARD|CRK|GHR|CREB1|CSF1|HPN|IGF1|LIMK1|RBPJ|IGF2|INS|RPTOR|CXCL12|INSR|CXCL16|CDKN2AIP|SOX15|BDNF|LEP|F2|MTOR|FOXS1|H3-3A|H3-3B|SMO|NEDD4L|PABIR1|CYBA|DRD2|CEP43|VEGFA|PROX1|HEY2|TBX20|BMPR2|BCL2|DIO3|PLAA|POU3F2|PLCB1|CIB1|CD38|CACNG7|RIMS1|GPR21|ZNF639|ERBB2|GDI1|SYT17|BBS2|DDX49|FGFR2|EDN1|DSCAM|EFNA5|ERBB4|WT1|L1CAM|EXOSC4|BCL11A|MEF2C|NACA|MEGF8|ARMC10|MMP14|NRG1|SLC25A33|NTRK3|ZPR1|PAK1|SLC44A4|PPM1F|UCN|SFRP2|EXOSC2|EXOSC9|SEMA4D|CRABP2|RFTN1|MTPN|MAPT|ITSN2|PPIB|SDCBP|PIM1|ADNP|CACNA2D2|CHD7|SLC23A2|HSF1|GOLGA4|AKAP6|MTM1|SPTBN4|ARMC12|CPNE5|MUL1|S100A8|CPNE6|S100A9|CPNE9|TGFBR1|H3-5|IGFBP1|CSNK2A1|HBEGF|ISLR2|GHRH|KRT17|PUM2|LGI1|RPS6KA3|YBX3|TWF2|EGFR|LPAR3|RNF157|MACF1|PEX5|STAT5B|TEAD1|FGF8|STAT5A|RASAL1|TRPC5|TGFB2|HDGFL2|TAF9B|HMGA2|INO80|AGRN|DLL1|CAPN3|PSMD10|FN1|RIMS2|RND2|AGR2|MAP2K5|SHTN1|ZP3|SFN|CDH4|DERL2|EIF4G1|HLX|TGFBR3|ATP8A2|KLHL22|CSNK2A3|SRF|SEMA7A|SMAD7|BASP1|EIF4G2|HOPX|MKKS|SLC9A1|WNT2|NIPBL|ZFPM2|PARP2|SERP1|DNPH1|SFRP1|GHRHR|TRPV2|DDX3X|IST1|SYT4|TBX2|UNC13A|WFS1|SMURF1|TFCP2L1|CDKL5|DISC1|SPHK1|EXTL3|MYOD1|NCBP1|BMPR1A|ANAPC2|SYT1|SYT2|ARX|HYAL1|SYT3|TNFRSF12A|TRIM32|GATA6|PRKN|SASH3|NOTCH1|EZR|FGF2|FGFR1|GPAM|GHRL|NRP1|GHSR|MAPKAP1|GLI1|IL7|YAP1|PRR5|RPS6KA1|ACACB|ADAM10|ADAM17|RUFY3|MAPK14|RICTOR|SEMA5A|AVP|AVPR1A|IL2|SLC6A3|PLS1|ACSL4|ZFYVE27|PRSS2|RAG2|KDM2B|WNT3|SUPV3L1|MFSD2A,https://www.gsea-msigdb.org/gsea/msigdb/human/geneset/GOBP_POSITIVE_REGULATION_OF_GROWTH,247,ENR,GOBP_POSITIVE_REGULATION_OF_GROWTH,1,1E-3,GOBP_POSITIVE_REGULATION_OF_GROWTH,FALSE,GOBP_POSITIVE_REGULATION_OF_GROWTH
,3,3,3,0.999,,1E-3,,MAPT|IAPP|TREM2|CHRNA7|PFDN1|USP9X|PFDN4|NUP153|PFDN5|CDSN|NAT8|BACE1|CRYAB|SIAH1|SIAH2|FKBP1A|FUS|B2M|RIPK3|CAMP|APP|CDKN2A|VBP1|PFDN2|PFDN6|HSPG2|GSN|FURIN|SNCA|VHL|PSEN1|SERF1A|SERF1B|TARDBP|LDLR|RIPK1|CD36|CLU|USP8|APOE|EMD|MDM2|PRKN,https://www.gsea-msigdb.org/gsea/msigdb/human/geneset/GOBP_AMYLOID_FIBRIL_FORMATION,43,ENR,GOBP_AMYLOID_FIBRIL_FORMATION,1,1E-3,GOBP_AMYLOID_FIBRIL_FORMATION,FALSE,GOBP_AMYLOID_FIBRIL_FORMATION
1,3,3,3,0.999,,1E-3,,RARA|TRIP11|COL2A1|RARB|COL1A1|RARG|NPPC|FOSL2|POR|ATF2|COMP|NPR2|AXIN2|IFT80|POC1A|THBS3|STC1|ZMPSTE24|TSKU|COL27A1|MATN1|GHR|SERPINH1|EXT1|CBS|CER1|HOXA11|TGFBR2|TRPV4|SMPD3|IHH|SOX9|MMP13|SHOX2,https://www.gsea-msigdb.org/gsea/msigdb/human/geneset/GOBP_CARTILAGE_DEVELOPMENT_INVOLVED_IN_ENDOCHONDRAL_BONE_MORPHOGENESIS,34,ENR,GOBP_CARTILAGE_DEVELOPMENT_INVOLVED_IN_ENDOCHONDRAL_BONE_MORPHOGENESIS,1,1E-3,GOBP_CARTILAGE_DEVELOPMENT_INVOLVED_IN_ENDOCHONDRAL_BONE_MORPHOGENESIS,FALSE,GOBP_CARTILAGE_DEVELOPMENT_INVOLVED_IN_ENDOCHONDRAL_BONE_MORPHOGENESIS
143,3,3,3,0.999,,1E-3,,CPNE6|MYH10|SH3GL2|EZR|DBNL|ENAH|ACTB|WASF2|INA|KIF2C|RAC3|POTEE|FARP1|ACTBL2|ACTG1|ACTL8|NOS1AP|POTEF|POTEJ|NEFH|NEFL|ACTN2|SRCIN1,https://www.gsea-msigdb.org/gsea/msigdb/human/geneset/GOBP_POSTSYNAPTIC_CYTOSKELETON_ORGANIZATION,23,ENR,GOBP_POSTSYNAPTIC_CYTOSKELETON_ORGANIZATION,1,1E-3,GOBP_POSTSYNAPTIC_CYTOSKELETON_ORGANIZATION,FALSE,GOBP_POSTSYNAPTIC_CYTOSKELETON_ORGANIZATION
,3,3,3,0.999,,1E-3,,SLC1A3|ALDH18A1|SLC38A1|CAD|CPS1|ABAT|ATP2B4|ALDH1A1|PLOD2|DPYD|PLOD3|UPB1|OTC|GAD1|GAD2|PARK7|SRR,https://www.gsea-msigdb.org/gsea/msigdb/human/geneset/GOBP_NON_PROTEINOGENIC_AMINO_ACID_BIOSYNTHETIC_PROCESS,17,ENR,GOBP_NON_PROTEINOGENIC_AMINO_ACID_BIOSYNTHETIC_PROCESS,1,1E-3,GOBP_NON_PROTEINOGENIC_AMINO_ACID_BIOSYNTHETIC_PROCESS,FALSE,GOBP_NON_PROTEINOGENIC_AMINO_ACID_BIOSYNTHETIC_PROCESS
2,3,3,3,0.999,,1E-3,,FOXG1|DAB1|BMERB1|DAB2IP|GLI3|RELN|COL3A1|SOCS7|SRGAP2|LRP8|PAFAH1B1|DISC1|RTN4|SRGAP2C|CTNNB1|SUN2|SYNE2|CDK5|CDK5R1|SUN1|WDR47|LAMB1|CDK5R2|ZMIZ1|ADGRG1|P2RY12|MBOAT7|NR2E1,https://www.gsea-msigdb.org/gsea/msigdb/human/geneset/GOBP_TELENCEPHALON_GLIAL_CELL_MIGRATION,28,ENR,GOBP_TELENCEPHALON_GLIAL_CELL_MIGRATION,1,1E-3,GOBP_TELENCEPHALON_GLIAL_CELL_MIGRATION,FALSE,GOBP_TELENCEPHALON_GLIAL_CELL_MIGRATION
36,3,3,3,0.999,,1E-3,,EPHB2|KRAS|SYNGR1|NEURL1|DRD2|FMR1|HRAS|KIT|CAMK2B|RAB11A|NPTN|SYNGAP1|APP|NETO1|FXR2|GRM5|SNCA|FXR1|SHANK3|DLG4|RAB8A|SYP|NF1|GRIK2|KCNJ10|RAB5A,https://www.gsea-msigdb.org/gsea/msigdb/human/geneset/GOBP_REGULATION_OF_LONG_TERM_NEURONAL_SYNAPTIC_PLASTICITY,26,ENR,GOBP_REGULATION_OF_LONG_TERM_NEURONAL_SYNAPTIC_PLASTICITY,1,1E-3,GOBP_REGULATION_OF_LONG_TERM_NEURONAL_SYNAPTIC_PLASTICITY,FALSE,GOBP_REGULATION_OF_LONG_TERM_NEURONAL_SYNAPTIC_PLASTICITY
46,3,3,3,0.999,,1E-3,,TENT4B|AGO4|CSDE1|ZFP36L1|GTPBP1|CELF1|PARN|DIS3L2|DCPS|YTHDF2|YTHDF3|ZC3HAV1|ELAVL1|DHX9|POLR2G|CNOT7|PABPN1L|RC3H1|RC3H2|PAIP1|SYNCRIP|GIGYF2|TARDBP|HNRNPU|AGO1|AGO2|AGO3|BTG2|ZFP36|CAPRIN1|CNOT1|CNOT10|CNOT11|CNOT2|CNOT3|CNOT4|CNOT6|KHSRP|CNOT8|CNOT9|CPEB3|LSM1|UPF1|DCP1A|DCP1B|DIS3|TNKS1BP1|DND1|METTL14|YBX1|METTL16|EIF4ENIF1|METTL3|FTO|FXR2|NOCT|FXR1|GTSF1|IGF2BP1|TRIM71|PABPC1|DCP2|ALKBH5|MEX3D|MOV10|NANOS1|NANOS2|NANOS3|NT5C3B|PATL1|CNOT6L|PATL2|PIWIL1|PIWIL2|PLEKHN1|PNLDC1|PRR5L|DHX36|RIDA|ZC3H12A|SAMD4A|SAMD4B|PUM1|ROCK1|QKI|HNRNPD|TNRC6A|PAN2|TNRC6B|PAN3|TNRC6C|TOB1|PNPT1|TTC5|PDE12|PUM2|TUT4|TUT7|RBM24|YTHDF1|ZC3H12D|ZFP36L2|ROCK2|MLH1|TENT4A,https://www.gsea-msigdb.org/gsea/msigdb/human/geneset/GOBP_POSITIVE_REGULATION_OF_MRNA_CATABOLIC_PROCESS,105,ENR,GOBP_POSITIVE_REGULATION_OF_MRNA_CATABOLIC_PROCESS,1,1E-3,GOBP_POSITIVE_REGULATION_OF_MRNA_CATABOLIC_PROCESS,FALSE,GOBP_POSITIVE_REGULATION_OF_MRNA_CATABOLIC_PROCESS
3,3,3,3,0.999,,1E-3,,BMP4|HAND2|BMPR1A|NOTCH1|GATA3|JAG1|ZFPM2|CHD7|SOX4|PPP1R13L|FOXH1|ISL1|HAND1|SEMA3C|GATA4|HEY2|NKX2-5|TBX20|SMARCD3|TGFB2,https://www.gsea-msigdb.org/gsea/msigdb/human/geneset/GOBP_CARDIAC_RIGHT_VENTRICLE_MORPHOGENESIS,20,ENR,GOBP_CARDIAC_RIGHT_VENTRICLE_MORPHOGENESIS,1,1E-3,GOBP_CARDIAC_RIGHT_VENTRICLE_MORPHOGENESIS,FALSE,GOBP_CARDIAC_RIGHT_VENTRICLE_MORPHOGENESIS
91,3,3,3,0.999,,1E-3,,CFAP20|GRP|CCL3|CNTNAP4|MC4R|CHRNB2|SLC24A4|ADORA2A|INSL5|RXFP4|GRIA1|NAPEPLD|STRA6|MC1R|EIF2AK4|HTR1D|PTGDS|AHI1|AIM2|NPAS2|MEF2C|MDK|BAIAP3|FXR1|GRPR|HCRTR2|HTR1A|HTR1B|PENK|INS|CSF2|UCN|HOXA1|LEPR|MTNR1B|MTOR|HDAC2|MBD5|NR1D1|PARP1|AGRP|CRH|ZFHX3|EPHB2|STAT3|GNB3|ARRDC3|SGIP1|GHRL|GHSR|DRD2|RELN|HTR2B|RETN|ADRB1|NMU|ADORA1|NPSR1|NR4A3|OPRK1|PER3|TTC21B|NLGN1|QRFP|VPS35|GHRH|GPR171|TACR3|NPY|DLG4|KCNA2|GHRHR|RAG1|NPY2R|APOE,https://www.gsea-msigdb.org/gsea/msigdb/human/geneset/GOBP_REGULATION_OF_BEHAVIOR,75,ENR,GOBP_REGULATION_OF_BEHAVIOR,1,1E-3,GOBP_REGULATION_OF_BEHAVIOR,FALSE,GOBP_REGULATION_OF_BEHAVIOR
,3,3,3,0.999,,1E-3,,ERO1B|MBOAT4|P4HB|CSTL1|BACE1|CMA1|DPP4|CTSL|PCSK5|ADAM10|ADAM17|ATP6AP2|CPE|ACE|DISP1|BACE2|BCHE|CORIN|YIPF5|CPA3|CTSZ|ECE1|MEP1A|ENPEP|FURIN|MME|PCSK1|PLA2G7|SLC30A5|PCSK1N|CTSG|PCSK2|PCSK4|PCSK6|PCSK7|PRCP|PREP|CASP1|HID1|SCG5|SLC30A8|REN|ACE2|ANPEP,https://www.gsea-msigdb.org/gsea/msigdb/human/geneset/GOBP_SIGNALING_RECEPTOR_LIGAND_PRECURSOR_PROCESSING,44,ENR,GOBP_SIGNALING_RECEPTOR_LIGAND_PRECURSOR_PROCESSING,1,1E-3,GOBP_SIGNALING_RECEPTOR_LIGAND_PRECURSOR_PROCESSING,FALSE,GOBP_SIGNALING_RECEPTOR_LIGAND_PRECURSOR_PROCESSING
50,3,3,3,0.999,,1E-3,,CHST7|CHST9|TNFAIP6|CHSY1|CHSY3|GALNT5|CSGALNACT1|STAB2|CSGALNACT2|CYTL1|DSE|DSEL|HS3ST1|HAS1|HS3ST2|HS3ST3A1|HS3ST3B1|HAS3|ITIH1|ITIH2|ITIH3|LYVE1|ITIH5|PDGFB|ITIH6|NDST1|CLN6|PXYLP1|IGF1|EXT1|CLTC|XYLT1|HYAL1|SLC35B2|XYLT2|HYAL3|HEXA|SMPD3|ABCC5|ITIH4|NFKB1|NAGLU|PGLYRP1|PGLYRP2|PGLYRP3|HYAL2|TGFB1|FOXC1|FGF2|B3GAT3|HEXB|LYG1|LYG2|EXT2|B3GALT6|B3GAT1|IDUA|B3GAT2|PGLYRP4|CD44|CEMIP2|CEMIP|B4GALT7|GNS|GUSB|AP2A1|HMMR|HYAL4|CHPF|EGF|IDS|CHPF2|HAS2|SGSH|CHST11|SPAM1|CHST12|IL1B|CHST13|UGDH|GCNT2|CHST3,https://www.gsea-msigdb.org/gsea/msigdb/human/geneset/GOBP_GLYCOSAMINOGLYCAN_METABOLIC_PROCESS,82,ENR,GOBP_GLYCOSAMINOGLYCAN_METABOLIC_PROCESS,1,1E-3,GOBP_GLYCOSAMINOGLYCAN_METABOLIC_PROCESS,FALSE,GOBP_GLYCOSAMINOGLYCAN_METABOLIC_PROCESS
3,3,3,3,0.999,,1E-3,,BMP4|ELN|HAND2|HIF1A|WNT11|PITX2|SIX1|JAG1|RARB|CLDN5|FGFR2|EDN1|EDNRA|SOX18|CDC42|MEF2C|ACVR1|BMPR1A|CRKL|NRP2|FZD1|PLXND1|CTNNB1|RBPJ|HES1|TGFBR2|TGFBR3|FOLR1|ISL1|SEMA3C|SFRP2|LRP2|SMAD4|SMAD6|NKX2-5|FZD2|CITED2|GATA6|HEYL|RYR1|RARA|DVL2|FOXC1|NOTCH1|NPY5R|NRP1|SEC24B|MSX2|TBX1|VEGFA|ZFPM1|ATF2|PRICKLE1|ROBO1|ROBO2|GREB1L|HEY2|TBX20|BMPR2|SOX11|DVL1|ENG|NPY1R|FOXC2|NEDD4|NOG|NIPBL|ZFPM2|PARVA|SOX17|TBX3|TWIST1|BMP7|FOXH1|GJA5|EYA1|NPY2R|JUN|FGF8|DHRS3|ILK|TBX2|TGFB2,https://www.gsea-msigdb.org/gsea/msigdb/human/geneset/GOBP_OUTFLOW_TRACT_MORPHOGENESIS,83,ENR,GOBP_OUTFLOW_TRACT_MORPHOGENESIS,1,1E-3,GOBP_OUTFLOW_TRACT_MORPHOGENESIS,FALSE,GOBP_OUTFLOW_TRACT_MORPHOGENESIS
1,3,3,3,0.999,,1E-3,,HOXA3|BMP4|HAND2|HIF1A|NKX3-2|CHRDL2|WNT11|CCN3|RARB|RARG|FGF9|NPPC|BMP10|WNT5B|BMP3|GLI3|RUNX2|ATP7A|PRKG2|PTH1R|COL27A1|COL6A1|COL11A2|MATN1|PKD1|GHR|OSR2|EPYC|OTOR|LEP|HOXB3|HOXD3|SHOX2|SIX2|PTHLH|HOXC4|NFIA|FGF6|COL1A1|ECM1|GDF6|IL17F|SMAD5|ATF2|SCX|NPR2|RFLNA|POC1A|RFLNB|PTH|ZMPSTE24|BMPR2|DLX2|GATA3|GREM1|MYF5|RB1|NFATC2|PITX1|BBS1|CCN1|BBS2|EVC|FOSL2|THRA|EDN1|WNT10B|MAF|WNT2B|STC1|MEF2C|MDK|RSPO2|SERPINH1|BMP6|BGN|CREB3L2|LOXL2|HES5|TRPV4|SMPD3|SFRP2|SNAI1|WNT9A|IHH|MMP13|ZNF219|BMP1|WNT7B|GDF5|MSX1|PBXIP1|MSX2|SCIN|SLC26A2|SNAI2|AXIN2|ADGRG6|THBS3|SLC39A14|TGFBR1|FGF18|BMP7|BMP2|MEX3C|TGFB2|HMGA2|ERRFI1|EFEMP1|PKDCC|TGFBI|MYCN|IFT80|RUNX3|WNT5A|TSKU|TWSG1|PTPN11|SMAD3|CBS|CER1|HOXA11|EIF2AK3|TRPS1|CTSK|SATB2|DDRGK1|FRZB|SRF|ZBTB16|OSR1|SMAD7|ZEB1|COL3A1|COMP|HAND1|MKKS|BARX2|EXT2|BMP8A|GLG1|NOG|HOXA5|ADAMTS7|BMPR1B|AMELX|CHST11|BMP8B|MATN3|MGP|SNORC|KAT2A|ACVRL1|LNPK|GALNT3|CHSY1|CNMD|TRIP11|COL11A1|COL2A1|BPNT2|CSGALNACT1|ARID5A|CYTL1|SNX19|PRRX1|MUSTN1|BMPR1A|OPTC|CTNNB1|EXT1|SMAD1|CHI3L1|HYAL1|HYAL3|SOX5|TGFBR2|ITGB8|TAPT1|TIMP1|ADAMTS12|HYAL2|RARA|TGFB1|FGF2|FGFR1|NR5A2|OGN|GHRL|WNT7A|CCN4|GPLD1|POR|CHADL|LUM|LTBP3|MAPK14|PAX7|SOX6|NFIB|BMP5|CCN2|CD44|MAPK3|RUNX1|FGFR3|MBOAT2|SOX9|SULF1|SULF2,https://www.gsea-msigdb.org/gsea/msigdb/human/geneset/GOBP_CARTILAGE_DEVELOPMENT,210,ENR,GOBP_CARTILAGE_DEVELOPMENT,1,1E-3,GOBP_CARTILAGE_DEVELOPMENT,FALSE,GOBP_CARTILAGE_DEVELOPMENT
6,3,3,3,0.999,,1E-3,,BMP4|FGF2|FGFR1|SIX1|GATA5|HOXC11|WT1|WNT5A|ROBO1|WNT2B|AR|ROBO2|DKK1|POU5F1|SHH|FGF1|GDNF|WNT2|SPRY1|CTNNB1|HOXA11|BMP7|BMP2|FGF10|FGF8|FRS2|SULF1|CITED2|MESP1,https://www.gsea-msigdb.org/gsea/msigdb/human/geneset/GOBP_REGULATION_OF_ANIMAL_ORGAN_FORMATION,29,ENR,GOBP_REGULATION_OF_ANIMAL_ORGAN_FORMATION,1,1E-3,GOBP_REGULATION_OF_ANIMAL_ORGAN_FORMATION,FALSE,GOBP_REGULATION_OF_ANIMAL_ORGAN_FORMATION
1,3,3,3,0.999,,1E-3,,FOXF2|SP3|MFAP5|TH|FZD5|RARB|WNT16|EFEMP1|RARG|IFT172|PAX2|ZEB1|STRA6|PROX1|WNT5A|HIPK1|SOX11|HIPK2|TFAP2A|PAX6|FBN1|FOXL2|PHACTR4|ALDH1A3|MFAP2|TWIST1|BMP7|FBN2|KDM2B|SIX3|IHH|FRS2|VAX2|CITED2|TBX2,https://www.gsea-msigdb.org/gsea/msigdb/human/geneset/GOBP_EMBRYONIC_EYE_MORPHOGENESIS,35,ENR,GOBP_EMBRYONIC_EYE_MORPHOGENESIS,1,1E-3,GOBP_EMBRYONIC_EYE_MORPHOGENESIS,FALSE,GOBP_EMBRYONIC_EYE_MORPHOGENESIS
108,3,3,3,0.999,,1E-3,,WNT3A|DLL1|SRD5A1|GLI3|ZC4H2|IFT122|IFT80|BAG3|NEFL|PAX6|PKD1|DRGX|GATA2|PBX3|VLDLR|MED12|DCTN1|ASCL1|LOXL3|SCYL1|DLL4|SMO|SOX12|SUFU|SOX13|PLXDC1|PTCH1|IFT172|NFE2L1|MPST|ZIC1|DCC|PKD2|PROX1|TBX20|SOX11|NEUROG3|GIGYF2|NOG|DYNC2H1|HOXB8|HOXC10|FOXB1|SOX4|CLN8|DAAM2|LMO4|GRIA1|GDF11|LRP8|TAL1|CHRD|DMRT3|INTU|GDNF|WNT1|ZPR1|VSTM5|ADARB1|NF1|ISL1|GBX1|ISL2|LHX3|LHX4|PHGDH|LONRF2|ERCC2|MDGA2|PHOX2A|MNX1|VIT|OLIG2|SCYL3|TCTN1|HOXD10|NOTCH1|DAB1|ACTL6A|GLI2|RELN|PTPRS|PTBP2|DRAXIN|FOXN4|GDF7|LHX1|LHX5|MDGA1|SHH|ABT1|PAX7|SOX1|SOX6|SLIT1|EED|NPFF,https://www.gsea-msigdb.org/gsea/msigdb/human/geneset/GOBP_SPINAL_CORD_DEVELOPMENT,97,ENR,GOBP_SPINAL_CORD_DEVELOPMENT,1,1E-3,GOBP_SPINAL_CORD_DEVELOPMENT,FALSE,GOBP_SPINAL_CORD_DEVELOPMENT
1,3,3,3,0.999,,1E-3,,BMP4|ACVRL1|NKX3-2|LNPK|RARB|EFEMP1|RARG|GLI3|PKDCC|RUNX2|PRKG2|MAF|MDK|MUSTN1|BMP6|CTNNB1|PTPN11|SMAD3|HOXA11|LOXL2|SOX5|TRPS1|WNT9A|IHH|SHOX2|ZNF219|ADAMTS12|SIX2|PTHLH|NR5A2|GDF5|CCN4|ZBTB16|GDF6|SMAD7|SCIN|POR|CHADL|SNAI2|AXIN2|RFLNA|RFLNB|LTBP3|PTH|SOX6|TGFBR1|FGF18|GLG1|CCN2|GREM1|ADAMTS7|BMPR1B|MBOAT2|SOX9,https://www.gsea-msigdb.org/gsea/msigdb/human/geneset/GOBP_REGULATION_OF_CHONDROCYTE_DIFFERENTIATION,54,ENR,GOBP_REGULATION_OF_CHONDROCYTE_DIFFERENTIATION,1,1E-3,GOBP_REGULATION_OF_CHONDROCYTE_DIFFERENTIATION,FALSE,GOBP_REGULATION_OF_CHONDROCYTE_DIFFERENTIATION
7,3,3,3,0.999,,1E-3,,METRN|TRAK1|WNT3A|GDI1|MAP3K13|ADCY10|FN1|AMIGO1|NGF|RND2|SMURF1|PLXNB2|DSCAM|EFNA5|SHTN1|MAP1B|PAFAH1B1|CDKL5|DISC1|NEFL|L1CAM|SLITRK1|NTN1|PLXNB1|TIAM2|BCL11A|TIAM1|MEGF8|CDH4|PLXND1|NTRK3|ANAPC2|LIMK1|STK25|PAK1|CXCL12|TNFRSF12A|MAP2K1|BDNF|SKIL|SEMA4D|CHODL|SHOX2|ZEB2|CRABP2|MAPT|SRF|MAP2K2|NIN|NRP1|SEMA7A|ADNP|PLXNC1|MAP6|VEGFA|GOLGA4|ROBO1|RUFY3|ROBO2|BMPR2|SEMA5A|NRDC|ISLR2|NTRK2|BRAF|ZFYVE27|PLXNB3|TWF2|LPAR3|SLIT2|STK11|TRPV2|WNT3|MACF1|IST1|TRPC5,https://www.gsea-msigdb.org/gsea/msigdb/human/geneset/GOBP_POSITIVE_REGULATION_OF_AXONOGENESIS,76,ENR,GOBP_POSITIVE_REGULATION_OF_AXONOGENESIS,1,1E-3,GOBP_POSITIVE_REGULATION_OF_AXONOGENESIS,FALSE,GOBP_POSITIVE_REGULATION_OF_AXONOGENESIS
32,3,3,3,0.999,,1E-3,,ACTR10|HIF1A|AGBL4|TRAK1|LRPPRC|TRAK2|BRAT1|MARK2|EPCIP|DNM1L|HSBP1|KIFBP|RHOT1|RHOT2|MAP1B|MARK1|FEZ1|BHLHA15|NEFL|PLIN5|PKD1|HDAC6|ATCAY|SLC4A5|TLE6|UBB|ZBED3|TSPAN9|MAP1S|UCHL1|PRKN|MAPT|AGTPBP1|MEF2A|HAP1|MFN1|MGARP|KIF1B|ARMCX3|KIF5B|MFN2|ATP2A1|MSTO1|SPAST|ARMC1|MTM1|MUL1|MYO19|WASF1|UXT|NECTIN2|OPA1|LRRK2|SYBU|CLUH|KAT2A,https://www.gsea-msigdb.org/gsea/msigdb/human/geneset/GOBP_MITOCHONDRION_LOCALIZATION,56,ENR,GOBP_MITOCHONDRION_LOCALIZATION,1,1E-3,GOBP_MITOCHONDRION_LOCALIZATION,FALSE,GOBP_MITOCHONDRION_LOCALIZATION
12,3,3,3,0.999,,1E-3,,CHRNB2|ADORA2A|SLC7A5|SLC17A8|SLC38A3|ITGB1|DRD2|P2RX7|KCNB1|PINK1|TACR2|DRD4|OPRK1|OXT|AVP|AVPR1A|GRK2|CLTRN|ARL6IP1|STX1A|GDNF|ABAT|PSEN1|SYT1|GABBR1|NTSR1|SLC12A2|CXCL12|TRH|NPY2R|RAB3B|STXBP1|RAB3GAP1|ACE2|KMO|SYT4|DTNBP1,https://www.gsea-msigdb.org/gsea/msigdb/human/geneset/GOBP_POSITIVE_REGULATION_OF_AMINE_TRANSPORT,37,ENR,GOBP_POSITIVE_REGULATION_OF_AMINE_TRANSPORT,1,1E-3,GOBP_POSITIVE_REGULATION_OF_AMINE_TRANSPORT,FALSE,GOBP_POSITIVE_REGULATION_OF_AMINE_TRANSPORT
17,3,3,3,0.999,,1E-3,,THBS1|ADAM15|ACVRL1|ACER2|AJAP1|FAM107A|JAG1|PHLDB2|NF2|BCL6|CASK|DLC1|ITGB1BP1|ARHGAP6|PTEN|NEXMIF|CDKN2A|RCC2|DUSP22|APOD|MYOC|CORO1C|MMP14|MMP12|SERPINE1|POSTN|PIK3R1|MAP4K4|NF1|PLET1|HOXA7|RASA1|SRC|SEMA3E|CLASP2|DMTN,https://www.gsea-msigdb.org/gsea/msigdb/human/geneset/GOBP_NEGATIVE_REGULATION_OF_CELL_MATRIX_ADHESION,36,ENR,GOBP_NEGATIVE_REGULATION_OF_CELL_MATRIX_ADHESION,1,1E-3,GOBP_NEGATIVE_REGULATION_OF_CELL_MATRIX_ADHESION,FALSE,GOBP_NEGATIVE_REGULATION_OF_CELL_MATRIX_ADHESION
5,3,3,3,0.999,,1E-3,,SLC30A1|CFL1|CSMD2|NRXN2|DLG1|ITGB3|LATS1|ABI3|ARHGEF9|CASKIN1|PTEN|CBLN1|SYNGAP1|OPHN1|GAP43|CRIPT|TMEM108|ARF6|CRK|LRFN1|CRKL|LRFN4|LRRC4B|LRRTM2|NTRK3|GRID2|NTNG2|PTPRD|CDH2|RAPSN|ABL1|FGFR1|LRRC4|IL1RAP|PTK2B|RELN|LILRB2|PTPRS|SLITRK3|PRICKLE1|SPTBN2|C1QL2|C1QL3|NLGN1|NLGN2|NRXN1|INSYN1|PPFIA2|SHANK1|SHANK3|ZMYND8|NPTX1|CNKSR2|ZDHHC12|CNTNAP1|GIT1,https://www.gsea-msigdb.org/gsea/msigdb/human/geneset/GOBP_POSTSYNAPTIC_SPECIALIZATION_ORGANIZATION,56,ENR,GOBP_POSTSYNAPTIC_SPECIALIZATION_ORGANIZATION,1,1E-3,GOBP_POSTSYNAPTIC_SPECIALIZATION_ORGANIZATION,FALSE,GOBP_POSTSYNAPTIC_SPECIALIZATION_ORGANIZATION
142,3,3,3,0.999,,1E-3,,POC1B|BBS1|CROCC|BBS2|CCDC66|BBS4|BBS10|RPE65|ADGRV1|MAK|ATP1B2|CLCN3|SLC28A2|RDH12|RHO|RP1|USH1C|CDH3|ABCA4|ELP6|EPG5|AIPL1|ARMS2|BBS12|CDH23|DRAM2|CDHR1|CLRN1|CNGB1|CRB1|CRB2|SLC2A1|ARAP1|IQCB1|LCA5|MKKS|USP45|NPHP3|NPHP4|NXNL2|PCDH15|PROM1|CIB2|RP1L1|GNAT2|NDP|SPATA7|TUB|TULP1|BSG|USH1G|USH2A|VSTM4|ESRRB|WHRN|ERCC6|CLN8|SOD1,https://www.gsea-msigdb.org/gsea/msigdb/human/geneset/GOBP_RETINA_HOMEOSTASIS,58,ENR,GOBP_RETINA_HOMEOSTASIS,1,1E-3,GOBP_RETINA_HOMEOSTASIS,FALSE,GOBP_RETINA_HOMEOSTASIS
6,3,3,3,0.999,,1E-3,,SKI|BMP4|TIFAB|PGAP1|LEFTY2|ZIC3|WNT8A|WT1|WNT5A|CRIPTO|DDIT3|TASOR|TDRD1|CDX1|TDRD5|CTNNB1|HOXD8|CER1|MESP2|OTX2|RIPPLY2|LDB1|TDRD6|TDRD7|TDRKH|SMAD4|CDX2|WLS|GPC3|MESP1|SIX2|RNF2|SRF|FZD5|EPB41L5|BASP1|ETS2|PRICKLE1|NCKAP1|TBX6|AURKA|HEY2|LHX1|SHH|NODAL|LEFTY1|FOXA2|PCSK6|TBX3|TMED2|NRARP|WNT3|FRS2|GDF3|PLD6,https://www.gsea-msigdb.org/gsea/msigdb/human/geneset/GOBP_ANTERIOR_POSTERIOR_AXIS_SPECIFICATION,55,ENR,GOBP_ANTERIOR_POSTERIOR_AXIS_SPECIFICATION,1,1E-3,GOBP_ANTERIOR_POSTERIOR_AXIS_SPECIFICATION,FALSE,GOBP_ANTERIOR_POSTERIOR_AXIS_SPECIFICATION
5,3,3,3,0.999,,1E-3,,ADGRB3|AGRN|CBLN2|SRPX2|AMIGO1|NTRK1|SLITRK2|ADGRB1|EFNA5|CBLN1|GPRASP3|FLRT2|FLRT3|LRRTM1|EEF2K|SLITRK1|CLSTN2|LRRC4B|LRRTM2|NTRK3|PRKCA|VSTM5|GRID2|THBS2|PTPRD|SLITRK5|BDNF|DLG5|SEMA4D|EPHB2|CUX2|NLGN3|GHRL|IL1RAP|WNT7A|ADNP|ADGRB2|AMIGO2|SLITRK4|LINGO2|LINGO4|CLSTN3|LRRC24|LRRN1|LRRN3|FLRT1|LRTM2|SLITRK3|STAU2|ASIC2|ARMCX5-GPRASP2|IQSEC2|EPHB1|OXT|LRRTM3|NLGN1|NLGN2|NRXN1|NTRK2|IL1RAPL1|TPBG|AMIGO3|ST8SIA2|CLSTN1|SEMA4A|SLITRK6|SYNDIG1|EPHB3,https://www.gsea-msigdb.org/gsea/msigdb/human/geneset/GOBP_POSITIVE_REGULATION_OF_SYNAPSE_ASSEMBLY,68,ENR,GOBP_POSITIVE_REGULATION_OF_SYNAPSE_ASSEMBLY,1,1E-3,GOBP_POSITIVE_REGULATION_OF_SYNAPSE_ASSEMBLY,FALSE,GOBP_POSITIVE_REGULATION_OF_SYNAPSE_ASSEMBLY
98,3,3,3,0.999,,1E-3,,BMP4|ADD1|DACT1|EPB41|DTX3L|IDE|ABL1|RPL11|USP9X|NVL|MMP9|TRIM21|RAPGEF2|ADD2|RAN|NMD3|FLOT1|AKTIP|TIAM1|GSK3B|USP33|BAMBI|BDNF|TERT|RALB,https://www.gsea-msigdb.org/gsea/msigdb/human/geneset/GOBP_POSITIVE_REGULATION_OF_PROTEIN_BINDING,25,ENR,GOBP_POSITIVE_REGULATION_OF_PROTEIN_BINDING,1,1E-3,GOBP_POSITIVE_REGULATION_OF_PROTEIN_BINDING,FALSE,GOBP_POSITIVE_REGULATION_OF_PROTEIN_BINDING
14,3,3,3,0.999,,1E-3,,BMP4|TRIM16|PKP1|ETV4|FOXC1|NOTCH1|SPRR5|VDR|ZBED2|FGF2|PRKCH|PTCH1|SULT2B1|MACROH2A1|KDF1|KRT2|ATOH1|TMEM79|IL20|NUMA1|CYP27B1|SFRP4|SFN|PPARD|MACROH2A2|PTCH2|PLAAT4|ELAPOR2|MED1|NME2|KRT10|NCOA3|OVOL2|ALOX15B,https://www.gsea-msigdb.org/gsea/msigdb/human/geneset/GOBP_POSITIVE_REGULATION_OF_EPIDERMIS_DEVELOPMENT,34,ENR,GOBP_POSITIVE_REGULATION_OF_EPIDERMIS_DEVELOPMENT,1,1E-3,GOBP_POSITIVE_REGULATION_OF_EPIDERMIS_DEVELOPMENT,FALSE,GOBP_POSITIVE_REGULATION_OF_EPIDERMIS_DEVELOPMENT
141,3,3,3,0.999,,1E-3,,MYC|RAB32|GLI3|RAB38|EDA|EDAR|MC1R|ATP7A|ENPP1|RAB11A|CD63|ATP6AP2|BLOC1S1|RAB1A|RAB29|AP3M1|BBS5|BBS7|BLOC1S3|BLOC1S4|BLOC1S5|EN1|RACK1|CDH3|KRT76|LRMDA|DCTN1|DCTN2|TYRP1|DTNBP1|ADAMTSL4|GPR143|ATRN|PIKFYVE|POMC|AP3B1|EDN3|ABCB6|DRD2|EDNRB|ANKRD27|AP1B1|AP1M1|AP1S1|MKKS|AP1S2|MLPH|AP1S3|MREG|BAX|BACE2|BCL2|BCL2L11|ARL6|BLOC1S2|RAB17|RAB27A|OR51E2|SHROOM2|AP1G1|AP3D1|AP3S1|HPS3|AP3S2|HPS5|GNAT1|HPS6|ARCN1|TBX2|USP13|BLOC1S6|CITED1|MYSM1|PMEL|BBS2|ADAMTS20|EDNRA|KIT|SNAPIN|KITLG|ADAMTS9|GNA11|LYST|MEF2C|SHROOM3|DCT|MAP2K1|NF1|RAB11B|HPS1|HPS4|FIG4|IHH|MYO7A|ZEB2|MFSD12|OCA2|SLC45A2|TH|TYR|TPCN2|VPS33A|VPS33B|SNAI2|ASIP|SOX10|GNAT2|KIF13A|SZT2|SOD2|SPNS2|VANGL1|MITF|APOE|MYO5A,https://www.gsea-msigdb.org/gsea/msigdb/human/geneset/GOBP_PIGMENTATION,115,ENR,GOBP_PIGMENTATION,1,1E-3,GOBP_PIGMENTATION,FALSE,GOBP_PIGMENTATION
15,3,3,3,0.999,,1E-3,,NR5A1|FKBP4|CD2AP|HMGA2|PATZ1|AGO4|SGPL1|ASPM|SRD5A1|TLR5|SRD5A2|CSDE1|LHCGR|FGF9|NTRK1|NKX2-1|RXFP2|INHBB|DHX37|TCF21|RRM1|WNT5A|RAB13|CCND1|FNDC3A|NUP210L|LHFPL2|KLHL10|CRKL|PRDX4|FLNA|NKX3-1|GATA1|TFAP2C|HOXA10|KIF18A|HOXA11|HOXD13|INSR|UBB|HSD17B3|LHB|SOX15|SIX4|ADGRG1|BRIP1|H3-3A|H3-3B|NCOA4|SMAD5|HMGB2|SCX|MSH2|ESR1|AR|ACE|BAX|FER|BCL2|BCL2L1|NHLH2|BCL2L11|BCL2L2|BIK|GATA3|HOXA9|ATN1|ZFPM2|BOK|TBC1D20|CBL|SFRP1|TBX3|NASP|TESC|SYCP2|WDR48|REC8|ADAM15|HSD17B4|ATRX|NCOA1|NUPR1|KIT|LGR4|KITLG|WT1|WNT2B|WNT9B|AMH|DMRT3|BMPR1A|CCNO|MMP14|ABCB1|BMP6|CTNNB1|ODAD3|INHA|INHBA|SFRP2|LRP2|REN|TMF1|ZFP42|ASB1|SMAD4|GATA4|ERCC1|CITED2|GATA6|ING2|RARA|CSMD1|AKR1C3|NR5A2|TLR3|DNAAF3|PDGFRA|SCAPER|TLR9|GMNC|DHH|FANCA|PLEKHA1|ACVR2A|RHOBTB3|ADAM18|GREB1L|ADAM32|SHH|TGFBR1|SPATA2|AMHR2|ARID4A|ARID4B|EIF2S2|GFRA1|BMP5|YBX3|FSHR|RBP4|CTNNA1|DMRT1|ADAM20|MCIDAS|WNT4|ADAM21|SAFB2|STAT5B|ADAM29|NR0B1|ADAM2|ADAM30|FGF10|FGF8|HOXA13|LHX9|SOX9|STAT5A|TEX11|ARID5B|DHCR24|DNAAF11|MAMLD1|TEX19|MEA1|SOX8|RNF38|TGFB2|UTF1,https://www.gsea-msigdb.org/gsea/msigdb/human/geneset/GOBP_MALE_SEX_DIFFERENTIATION,171,ENR,GOBP_MALE_SEX_DIFFERENTIATION,1,1E-3,GOBP_MALE_SEX_DIFFERENTIATION,FALSE,GOBP_MALE_SEX_DIFFERENTIATION
25,3,3,3,0.999,,1E-3,,PTF1A|FGFR2|PLXNA1|DAG1|EDA|EDAR|TFCP2L1|PDX1|FGF7|RAB26|PDGFA|LAMA5|TWSG1|PAX6|PLXND1|HGF|NKX3-1|IGF1|IGF2|LAMA1|INSR|TNF|SEMA3C|TGM2|WLS|TGFB1|FOXC1|XBP1|FGFR1|NR5A2|NRP1|ESRP2|ASCL3|TGFB3|SNAI2|SRP54|BTBD7|SHH|SOX10|NFIB|NTN4|CELA1|EGFR|POLB|BMP7|CLCN2|IGSF3|FGF10|FGF8|SOX9|TGFB2,https://www.gsea-msigdb.org/gsea/msigdb/human/geneset/GOBP_EXOCRINE_SYSTEM_DEVELOPMENT,51,ENR,GOBP_EXOCRINE_SYSTEM_DEVELOPMENT,1,1E-3,GOBP_EXOCRINE_SYSTEM_DEVELOPMENT,FALSE,GOBP_EXOCRINE_SYSTEM_DEVELOPMENT
98,3,3,3,0.999,,1E-3,,SKI|BMP4|HAND2|ADD1|POU4F1|RPL11|NIBAN2|KDM4D|DAZAP2|NVL|TRIM21|RAPGEF2|RAN|EIF3E|PINX1|NMD3|EPHA4|TRIM6|AKTIP|NCBP1|TIAM1|CDT1|GSK3B|RIPOR1|CLN5|DPH3|HMGB1|IGF1|HES1|GTF2B|SUMO4|EIF4G1|NME1|BAMBI|BDNF|TERT|EDF1|MED25|RARA|DACT1|EPB41|FOXC1|DTX3L|IDE|ABL1|USP9X|STMN1|GPSM1|GMNN|H1-0|IFNG|MMP9|RIPOR2|ADD2|PYHIN1|NEUROD1|FLOT1|TXN|CEBPG|GATA3|USP33|DDX11|EIF3C|MET|PARP9|TWIST1|RB1|SIRT2|EGF|PLAUR|RALB,https://www.gsea-msigdb.org/gsea/msigdb/human/geneset/GOBP_POSITIVE_REGULATION_OF_BINDING,71,ENR,GOBP_POSITIVE_REGULATION_OF_BINDING,1,1E-3,GOBP_POSITIVE_REGULATION_OF_BINDING,FALSE,GOBP_POSITIVE_REGULATION_OF_BINDING
24,3,3,3,0.999,,1E-3,,ZNF365|DOCK10|SLC30A1|ABI2|CFL1|ARHGAP33|CPEB3|NEURL1|DIP2A|ABI3|CAMK2B|DSCAM|SRGAP2|WASL|LRP8|PTEN|GPRASP3|PAFAH1B1|CDC42|DISC1|EEF2K|EPHA4|SIPA1L1|MEF2C|PDLIM5|DBN1|ARF6|PAK4|HDAC6|IQSEC1|PSEN1|GRIN3A|PTPRD|DLG5|CAPRIN2|HDAC2|DTNBP1|EPHB2|CUX2|PAK2|PAK3|LZTS3|EFNA1|ITSN1|NGEF|WNT7A|CAMK1|KIF1A|DHX36|NCK2|ARC|RAC1|FMR1|RELN|FSTL4|PTPRS|LLPH|SLC12A5|STAU2|ARMCX5-GPRASP2|DVL1|SRCIN1|EPHB1|C21ORF91|NLGN1|ARHGAP44|CTNND2|NLGN2|FOXO6|IL2|MAPK6|SDK1|NDP|PPFIA2|LPAR1|SHANK1|ITPKA|SHANK3|DLG4|SRGAP2C|CAMK2A|IL1RAPL1|ZMYND8|CDK5|CDK5R1|BAIAP2|LRRK2|MAPKAPK5|ZDHHC15|GIT1|APOE|CAPRIN1|ARF4|EPHB3|TANC2,https://www.gsea-msigdb.org/gsea/msigdb/human/geneset/GOBP_DENDRITIC_SPINE_DEVELOPMENT,95,ENR,GOBP_DENDRITIC_SPINE_DEVELOPMENT,1,1E-3,GOBP_DENDRITIC_SPINE_DEVELOPMENT,FALSE,GOBP_DENDRITIC_SPINE_DEVELOPMENT
117,3,3,3,0.999,,1E-3,,PHIP|INPPL1|ZFAND2B|IGFBP1|GHRH|WNT1|GHSR|NKX3-1|BMP5|IGF1|TRIM72|IGFBP3|ATXN1|IGFBP4|GHRHR|IGFBP6|BMP2|CDH3|AR|MYORG|CILP|IGFBP2|IGFBP5,https://www.gsea-msigdb.org/gsea/msigdb/human/geneset/GOBP_REGULATION_OF_INSULIN_LIKE_GROWTH_FACTOR_RECEPTOR_SIGNALING_PATHWAY,23,ENR,GOBP_REGULATION_OF_INSULIN_LIKE_GROWTH_FACTOR_RECEPTOR_SIGNALING_PATHWAY,1,1E-3,GOBP_REGULATION_OF_INSULIN_LIKE_GROWTH_FACTOR_RECEPTOR_SIGNALING_PATHWAY,FALSE,GOBP_REGULATION_OF_INSULIN_LIKE_GROWTH_FACTOR_RECEPTOR_SIGNALING_PATHWAY
11,3,3,3,0.999,,1E-3,,TOP6BL|UBR2|ANKLE1|RMI1|ATM|ANKRD31|SPO11|NUCKS1|TERB1|TERB2|TOPBP1|TRIP13|UHRF1|MRE11|NBN|PRDM9|SLX4|BARD1|RAD50|BRIP1|RAD51|BRME1|RAD51AP1|C14ORF39|ERCC4|DMC1|EME1|EME2|FANCD2|FANCM|UBE2B|HSF2BP|C1ORF146|CCNB1IP1|BRCA1|CENPS|CENPX|CNTD1|MAJIN|HFM1|MCMDC2|KLHDC3|MUS81|MLH3|MND1|MSH4|MSH5|TOP2B|PSMC3IP|RNF212|RNF212B|RAD21|SHOC1|RAD51B|SYCE3|RAD51C|SYCP1|RAD51D|RAD54B|RAD54L|TEX11|RBBP8|TEX19|REC8|MLH1|TOP2A|HDAC10,https://www.gsea-msigdb.org/gsea/msigdb/human/geneset/GOBP_HOMOLOGOUS_RECOMBINATION,67,ENR,GOBP_HOMOLOGOUS_RECOMBINATION,1,1E-3,GOBP_HOMOLOGOUS_RECOMBINATION,FALSE,GOBP_HOMOLOGOUS_RECOMBINATION
140,3,3,3,0.999,,1E-3,,BCL2L1|CAV1|PIK3CA|NOTCH1|MCL1|NTRK2|PIK3R3|PTK2|ITGB1|ITGA5|PTRH2|ZNF304|TLE1|SNAI2|SRC|CEACAM5|CEACAM6|BCL2|PDK4,https://www.gsea-msigdb.org/gsea/msigdb/human/geneset/GOBP_NEGATIVE_REGULATION_OF_ANOIKIS,19,ENR,GOBP_NEGATIVE_REGULATION_OF_ANOIKIS,1,1E-3,GOBP_NEGATIVE_REGULATION_OF_ANOIKIS,FALSE,GOBP_NEGATIVE_REGULATION_OF_ANOIKIS
16,3,3,3,0.999,,1E-3,,UBAC2|UBE2G2|CABP1|UFM1|ANGPT1|SUFU|YWHAB|UBE2J1|CHP1|RANGAP1|PARK7|ADIPOQ|SUMO1|YOD1|TXN|INSIG1|APOD|FAM76B|SP100|DERL2|DERL3|PKIA|HDAC3|PKIG|CDK5|SVIP|NFKBIA|OS9|SIRT6|ERLEC1|NF1|FERMT1|BARD1|CD36|MDFIC|RAB23|EI24,https://www.gsea-msigdb.org/gsea/msigdb/human/geneset/GOBP_NEGATIVE_REGULATION_OF_INTRACELLULAR_PROTEIN_TRANSPORT,37,ENR,GOBP_NEGATIVE_REGULATION_OF_INTRACELLULAR_PROTEIN_TRANSPORT,1,1E-3,GOBP_NEGATIVE_REGULATION_OF_INTRACELLULAR_PROTEIN_TRANSPORT,FALSE,GOBP_NEGATIVE_REGULATION_OF_INTRACELLULAR_PROTEIN_TRANSPORT
77,3,3,3,0.999,,1E-3,,BMP4|TUBB|SMAD2|TGFB1|LEF1|DLX3|DSPP|MSX1|SERPINE1|CTNNB1|NFE2L1|RPTOR|BMP2|IFT80|IPO7|MAP1B|CEBPB|FAM20C,https://www.gsea-msigdb.org/gsea/msigdb/human/geneset/GOBP_ODONTOBLAST_DIFFERENTIATION,18,ENR,GOBP_ODONTOBLAST_DIFFERENTIATION,1,1E-3,GOBP_ODONTOBLAST_DIFFERENTIATION,FALSE,GOBP_ODONTOBLAST_DIFFERENTIATION
4,3,3,3,0.999,,1E-3,,BMP4|NOG|TP63|WNT2|CTNNB1|FGFR2|BMP7|WNT5A|WNT2B|AR|RDH10|FGF10|SULF1|SOSTDC1|SHH,https://www.gsea-msigdb.org/gsea/msigdb/human/geneset/GOBP_MORPHOGENESIS_OF_AN_EPITHELIAL_BUD,15,ENR,GOBP_MORPHOGENESIS_OF_AN_EPITHELIAL_BUD,1,1E-3,GOBP_MORPHOGENESIS_OF_AN_EPITHELIAL_BUD,FALSE,GOBP_MORPHOGENESIS_OF_AN_EPITHELIAL_BUD
28,3,3,3,0.999,,1E-3,,NABP2|INO80|CCL7|BRAT1|KAT5|KDM1A|RPL26|KDM4D|NUCKS1|VCAM1|RRM1|PAXIP1|CLK2|MRNIP|CCND1|CASP3|ECT2|CHEK2|PTPRC|EGR1|CCND2|BRSK1|ELK1|CXCL10|PML|ITGB6|GADD45A|MEN1|PRKDC|BRCA2|RAD51|RAD51AP1|KARS1|MDM2|DCLRE1C|RNF168|TICRR|DCUN1D3|RNF8|MAP3K20|CYBA|FANCD2|RHOB|SIRT1|MSH2|WRN|HUS1|LCN2|XRCC5|INIP|BAK1|ZMPSTE24|BAX|LIG4|BBC3|BCL2|SPIDR|BCL2L1|MTA1|TIGAR|GATA3|TP53|NABP1|NHEJ1|NIPBL|GRB2|CBL|TP53BP1|SFRP1|POLB|RAD1|RAD9A|RAD9B|IFI16|STK11|UIMC1|TOP1|RAD54B|RAD54L|ALAD|RFWD3|RHNO1|ATM|USP28|SWI5|BLM|HRAS|TNKS1BP1|TSPYL5|TOPBP1|XRCC2|XRCC4|XRCC6|LCN10|TLK2|CDKN1A|GTF2H5|AEN|GPX1|ABCG5|INTS3|INTS7|SMPD1|TNF|APOBEC1|IKBIP|SFRP2|XRRA1|BARD1|TMEM109|ERCC1|PARP1|TGFB1|FBXO4|ABRAXAS1|CRYAB|CLOCK|COP1|LZIC|NET1|YAP1|ATR|HSF1|SNAI2|DNMT3A|BABAM1|BABAM2|MAPK14|BRCA1|BRCC3|PRAP1|EEF1D|SOD2|THBD|TREX1|ERCC6|ERCC8|EYA1|EYA3|CYP2R1|PRKAA1|FIGNL1|TANK|H2AX,https://www.gsea-msigdb.org/gsea/msigdb/human/geneset/GOBP_RESPONSE_TO_IONIZING_RADIATION,144,ENR,GOBP_RESPONSE_TO_IONIZING_RADIATION,1,1E-3,GOBP_RESPONSE_TO_IONIZING_RADIATION,FALSE,GOBP_RESPONSE_TO_IONIZING_RADIATION
12,3,3,3,0.999,,1E-3,,TOR1A|CHRNB2|SLC6A2|ADORA2A|HTR2A|P2RY1|VIP|COMT|CHRM5|PARK7|DRD1|KCNB1|DRD3|PINK1|SLC22A3|KPNA4|CHGA|DRD4|SDHD|GRK2|STX1A|FFAR3|GDNF|SNCA|ADRA2A|SLC22A2|CHRNA6|SYT1|CXCL12|SLC29A3|TGM2|ADORA3|ADRA2B|ADRA2C|SLC22A1|CRH|DTNBP1|PRKN|SNCG|SLC18A1|ACTB|SLC18A2|GHSR|DRD2|CHRNA4|OPRK1|OXT|SLC6A3|ABAT|KCNA2|GABBR1|NPY2R|RAB3B|GRM2|MAPK15|FGF20|GNAT1|SLC29A4|SYT11|MECP2|SYT4,https://www.gsea-msigdb.org/gsea/msigdb/human/geneset/GOBP_CATECHOLAMINE_TRANSPORT,61,ENR,GOBP_CATECHOLAMINE_TRANSPORT,1,1E-3,GOBP_CATECHOLAMINE_TRANSPORT,FALSE,GOBP_CATECHOLAMINE_TRANSPORT
4,3,3,3,0.999,,1E-3,,AMPD2|CD2AP|LIF|JAG1|NPHS1|IQGAP1|PRKX|EDN1|CD34|EDNRA|WT1|WNT9B|MAGI2|ACTA2|PDGFB|MEF2C|MTSS1|GDNF|CTNNB1|EXT1|KLF15|LAMB2|SALL1|SIX2|SMO|NOTCH1|WWTR1|PAX2|OSR1|PAX8|BASP1|PODXL|PTPRO|YAP1|EDNRB|GPR4|MMP9|ADIPOQ|LHX1|FOXJ1|PROM1|FOXC2|GATA3|NOTCH2|ASXL1|CD24|GREM1|MYO1E|NPHS2|STAT1,https://www.gsea-msigdb.org/gsea/msigdb/human/geneset/GOBP_EPITHELIAL_CELL_DIFFERENTIATION_INVOLVED_IN_KIDNEY_DEVELOPMENT,50,ENR,GOBP_EPITHELIAL_CELL_DIFFERENTIATION_INVOLVED_IN_KIDNEY_DEVELOPMENT,1,1E-3,GOBP_EPITHELIAL_CELL_DIFFERENTIATION_INVOLVED_IN_KIDNEY_DEVELOPMENT,FALSE,GOBP_EPITHELIAL_CELL_DIFFERENTIATION_INVOLVED_IN_KIDNEY_DEVELOPMENT
3,3,3,3,0.999,,1E-3,,BMP4|RARA|NRP1|RARB|MSX2|FGFR2|TBX1|ROBO1|ROBO2|TBX20|BMPR2|ENG|ACVR1|BMPR1A|NRP2|ZFPM2|PARVA|TGFBR2|ISL1|SEMA3C|LRP2|SMAD4|SMAD6|FGF8|NKX2-5|GATA6|TBX2|TGFB2,https://www.gsea-msigdb.org/gsea/msigdb/human/geneset/GOBP_OUTFLOW_TRACT_SEPTUM_MORPHOGENESIS,28,ENR,GOBP_OUTFLOW_TRACT_SEPTUM_MORPHOGENESIS,1,1E-3,GOBP_OUTFLOW_TRACT_SEPTUM_MORPHOGENESIS,FALSE,GOBP_OUTFLOW_TRACT_SEPTUM_MORPHOGENESIS
3,3,3,3,0.999,,1E-3,,DCHS1|OLFM1|SLIT3|EFNA1|NOTCH1|PITX2|APLNR|ADAMTS19|CCN1|MDM4|ZFPM1|AXIN2|TBX5|HEY2|TBX20|BMPR2|ACVR1|BMPR1A|SOX4|TWIST1|TGFBR2|GJA5|BMP2|SMAD4|SMAD6|GATA4|HEY1|NAGLU|HEYL|MDM2|TGFB2,https://www.gsea-msigdb.org/gsea/msigdb/human/geneset/GOBP_ATRIOVENTRICULAR_VALVE_DEVELOPMENT,31,ENR,GOBP_ATRIOVENTRICULAR_VALVE_DEVELOPMENT,1,1E-3,GOBP_ATRIOVENTRICULAR_VALVE_DEVELOPMENT,FALSE,GOBP_ATRIOVENTRICULAR_VALVE_DEVELOPMENT
11,3,3,3,0.999,,1E-3,,BRDT|UBR2|DMC1|DMRTC2|SYCP3|BTBD18|SPO11|MOV10L1|HSPA2|HSF2BP|TRIP13|DNMT3L|FOXJ3|MYBL1|SLC2A8|ZSCAN21|CCNA1|MEIOC|SLC25A31|TDRD9|DDX4|UBB|BRCA2|RAD51C|FOXJ2|REC8|ING2,https://www.gsea-msigdb.org/gsea/msigdb/human/geneset/GOBP_MALE_MEIOSIS_I,27,ENR,GOBP_MALE_MEIOSIS_I,1,1E-3,GOBP_MALE_MEIOSIS_I,FALSE,GOBP_MALE_MEIOSIS_I
,3,3,3,0.999,,1E-3,,MAP1LC3C|CSNK2A1|WDR81|HDAC6|KAT5|HSPB8|SQSTM1|ATG4A|ATG4B|ATG4C|ATG4D|ATG5|LYPLA1|ZDHHC19|WDFY3|BAG3|UBQLN1|HTT,https://www.gsea-msigdb.org/gsea/msigdb/human/geneset/GOBP_AGGREPHAGY,18,ENR,GOBP_AGGREPHAGY,1,1E-3,GOBP_AGGREPHAGY,FALSE,GOBP_AGGREPHAGY
131,3,3,3,0.999,,1E-3,,ASTN2|ABI2|ACAP3|PITX2|POU4F1|ASPM|PLXNA1|NKX2-1|BBS4|DNER|FZD3|PLXNB2|CAMK2B|NDN|SHTN1|MAP1B|RAPGEF2|UNC5D|MARK1|PAFAH1B1|NTN1|CHL1|PAX6|TYRO3|SEPTIN14|CRK|DRGX|FILIP1|APBB2|CRKL|FLNA|PSEN1|GATA2|CX3CL1|CXCL12|YWHAE|SATB2|ADGRG1|ASCL1|EVX1|MYH10|FEZF1|FOXG1|SRF|EOMES|DAB2IP|PHACTR1|DRD2|CELSR2|PCM1|VEGFA|DCC|COL3A1|TBX20|BAX|NEXMIF|GFRA3|NDE1|SDCCAG8|CNTN2|NDEL1|GAS6|TUBA1A|GATA3|NIPBL|WDR62|PLAA|SRGAP2C|NR2F2|TOP2B|ULK4|CAMK2A|CDK5|WASF2|CDK5R1|TWIST1|ALKBH1|NEUROD4|MATN2|KIAA0319L|TUBGCP2|FYN|ITGA3|RNF7|TRIM46|MARK2|BBS1|SH3RF1|AXL|CEP85L|PEX13|ATOH1|DCX|GNRH1|PEX7|ABI3|NAV1|TUBB2A|SOCS7|SRGAP2|ERBB4|CTNNA2|DRD1|FLRT2|LARGE1|CDKL5|DISC1|NKX6-1|RHOA|CCKAR|DCDC2|DNAAF4|LRP12|FGF13|ARHGEF2|MEF2C|MDK|POMGNT2|VRK1|NRG3|NRP2|NSMF|NTRK3|ASTN1|CTNNB1|GPR173|ARX|IGSF10|NTNG1|CDK5R2|EMX2|NTNG2|TNN|CCK|FBXO41|ROBO3|SOX14|SEMA3A|ZNF609|ELP3|KIAA0319|NDNF|SEMA3E|ZMIZ1|LRIG2|KIRREL3|LHX6|AUTS2|UNK|SEMA6A|STAT3|CELSR1|NEO1|TBC1D24|TUBB2B|UNC5C|FGFR1|USP9X|DAB1|NRP1|PTK2B|PLXNA3|RAC1|NR4A2|RELN|PRKG1|CUL5|ADAM17|CCR4|SEPTIN4|ADGRL3|GPM6A|LHX1|MDGA1|SOX1|HSP90AA1|NTRK2|DDIT4|KIF26A|NRCAM|FAT3|FKRP|SPOCK1|VAX1|PEX5|FBXO45|ABI1|KIF20B,https://www.gsea-msigdb.org/gsea/msigdb/human/geneset/GOBP_NEURON_MIGRATION,188,ENR,GOBP_NEURON_MIGRATION,1,1E-3,GOBP_NEURON_MIGRATION,FALSE,GOBP_NEURON_MIGRATION
16,3,3,3,0.999,,1E-3,,SARNP|NUP133|ENY2|MCM3AP|ZC3H11A|ZC3H11B|ZC3H11C|THOC2|C12ORF50|PCID2|DDX19A|DDX19B|DDX25|GLE1|NXF1|NXF3|NXT1|IWS1|NXT2|NUP93|POLDIP3|PABPN1,https://www.gsea-msigdb.org/gsea/msigdb/human/geneset/GOBP_POLY_A_PLUS_MRNA_EXPORT_FROM_NUCLEUS,22,ENR,GOBP_POLY_A_PLUS_MRNA_EXPORT_FROM_NUCLEUS,1,1E-3,GOBP_POLY_A_PLUS_MRNA_EXPORT_FROM_NUCLEUS,FALSE,GOBP_POLY_A_PLUS_MRNA_EXPORT_FROM_NUCLEUS
47,3,3,3,0.999,,1E-3,,HOXA3|NR5A1|BMP4|HMGA2|ONECUT1|WNT11|CDH1|DKK3|HESX1|PITX2|SIX1|DLL1|SRD5A1|AKT1|NKX2-1|INHBB|OTP|PDX1|WNT5A|BHLHA15|ARMC5|PAX6|GSK3A|GSK3B|CRKL|CREB1|GATA2|RBPJ|SMAD3|EIF2AK3|HNF1B|INSR|CDH2|CDK6|CDKN1C|NKX2-5|HOXB3|SALL1|ASCL1|HOXD3|RFX3|SMO|SRF|SOX3|NR3C1|PAX4|DRD2|PROP1|BAD|BAK1|CGA|RAP1GAP|NKX6-2|GATA3|NOG|HOXA5|PBX1|BRAF|POU3F2|FOXA2|FOXE1|SOX4|TBX19|GHRHR|GIP|SIX3|SOX2|RAF1|TUBB1|APOA1|IL6R|RHEB|INSM1|PITX1|ONECUT2|GDF11|THRA|EDN1|STRA6|EDNRA|TG|WT1|NKX6-1|HIPK2|RFX6|GCM2|MDK|BMPR1A|BMP6|HES1|MAP2K1|NF1|ISL1|LHX3|SMAD4|TSPO|CITED2|MNX1|CRH|GATA6|BMAL1|PDPK1|FGF2|MAP2K2|MSX1|PDGFRA|GLI1|CLOCK|GLI2|PAX8|TBX1|SIDT2|NEUROD1|SHH|IER3IP1|TGFBR1|SLC6A3|GHRH|IL6|BMP5|ALDH1A2|BMP2|MAPK1|POU1F1|MAPK3|WNT4|NR0B1|FGF10|FGF8|GIPR|ZNF800|SOX9|ARID5B|FOXI3,https://www.gsea-msigdb.org/gsea/msigdb/human/geneset/GOBP_ENDOCRINE_SYSTEM_DEVELOPMENT,134,ENR,GOBP_ENDOCRINE_SYSTEM_DEVELOPMENT,1,1E-3,GOBP_ENDOCRINE_SYSTEM_DEVELOPMENT,FALSE,GOBP_ENDOCRINE_SYSTEM_DEVELOPMENT
79,3,3,3,0.999,,1E-3,,SNW1|GDAP1|FES|TNC|VDR|PIM1|CASR|BGLAP|RXRA|PENK|RXRB|SFRP1|GPRIN3|KANK2|PHEX|MED1|SNAI2|TRIM24|CYP24A1|CYP27B1|NCOA3|MN1|FGF23,https://www.gsea-msigdb.org/gsea/msigdb/human/geneset/GOBP_CELLULAR_RESPONSE_TO_VITAMIN_D,23,ENR,GOBP_CELLULAR_RESPONSE_TO_VITAMIN_D,1,1E-3,GOBP_CELLULAR_RESPONSE_TO_VITAMIN_D,FALSE,GOBP_CELLULAR_RESPONSE_TO_VITAMIN_D
85,3,3,3,0.999,,1E-3,,BMP4|IL6R|TGFB1|ITGA2|NOTCH1|DDR2|ERRFI1|ITGB1|NPPC|PRDX5|TGFB3|VSIR|EMILIN1|SCX|RAP1A|CST3|CYP7A1|MYB|CBX8|CREB3L1|FAP|PPARD|IL6|RGCC|LARP6|F2R|INHBA|UCN|RUNX1|CIITA|SERPINB7|CYGB|F2|SERPINF2|WNT4|AMELX|IHH|GOT1|SUCO|MFAP4|VIM,https://www.gsea-msigdb.org/gsea/msigdb/human/geneset/GOBP_REGULATION_OF_COLLAGEN_METABOLIC_PROCESS,41,ENR,GOBP_REGULATION_OF_COLLAGEN_METABOLIC_PROCESS,1,1E-3,GOBP_REGULATION_OF_COLLAGEN_METABOLIC_PROCESS,FALSE,GOBP_REGULATION_OF_COLLAGEN_METABOLIC_PROCESS
26,3,3,3,0.999,,1E-3,,ZDHHC7|EZR|SCRIB|TP63|AJAP1|FAT1|TTC8|SYNE4|IFT20|YAP1|SH3BP1|CAMSAP3|RAB10|WNT5A|AHI1|CDC42|RHOA|OPHN1|MYO9A|FOXF1|MSN|RAP2A|LAMA1|NHERF1|PTK7|DLG5|TCF15,https://www.gsea-msigdb.org/gsea/msigdb/human/geneset/GOBP_POLARIZED_EPITHELIAL_CELL_DIFFERENTIATION,27,ENR,GOBP_POLARIZED_EPITHELIAL_CELL_DIFFERENTIATION,1,1E-3,GOBP_POLARIZED_EPITHELIAL_CELL_DIFFERENTIATION,FALSE,GOBP_POLARIZED_EPITHELIAL_CELL_DIFFERENTIATION
1,3,3,3,0.999,,1E-3,,STAT3|CNTF|NRL|RPGRIP1|GNAT2|SAMD11|NDP|NTRK2|RORB|BBS4|RPGRIP1L|RP1|GNAT1|BBS10|SOX9|SOX8|NAGLU|SAMD7,https://www.gsea-msigdb.org/gsea/msigdb/human/geneset/GOBP_RETINAL_ROD_CELL_DIFFERENTIATION,18,ENR,GOBP_RETINAL_ROD_CELL_DIFFERENTIATION,1,1E-3,GOBP_RETINAL_ROD_CELL_DIFFERENTIATION,FALSE,GOBP_RETINAL_ROD_CELL_DIFFERENTIATION
7,3,3,3,0.999,,1E-3,,BMP4|WNT11|CDH1|WNT3A|MAP3K13|CFL1|ADCY10|SIX1|SPP1|ADPRHL1|RARG|NGF|BIN3|EIF2AK4|MAP1B|RDH10|PAFAH1B1|SLITRK1|NTN1|GSK3B|CSF1|SPRY1|SPRY2|LIMK1|CXCL12|BDNF|SIX4|ALCAM|MT3|SALL1|MESP1|GAREM2|NEDD4L|NIN|MAG|EDN2|EDN3|CDKL3|VEGFA|DCC|FSTL4|IFRD1|NPR2|PRICKLE1|ESR1|AURKA|BMPR2|PLAA|CDK5|ST8SIA2|CACNG7|RIMS1|OLFM1|GDI1|ITGA4|SYT17|ITGB1|FGFR2|EDN1|EDNRA|DSCAM|IMPACT|EFNA5|PAK6|RNF6|EPHA7|FLRT3|NKX6-1|L1CAM|FGF13|BCL11A|MEGF8|DIP2B|NRP2|HDAC6|NTRK3|PAK1|PLXNA4|ARHGAP4|DCLK1|SEMA3A|MED1|SFRP2|SEMA3G|DNM2|SEMA4D|SEMA4F|AUTS2|CRABP2|SEMA5B|SEMA6C|MAPT|SEMA6D|SLIT3|ITSN2|ABL1|USP9X|WNT7B|ADNP|EPB41L5|SLC23A2|RAB21|GOLGA4|PTPRS|FLRT1|LLPH|NRN1|NRN1L|RAPH1|RTN4|SPAG9|SHH|CPNE5|MUL1|CPNE6|CPNE9|FGF1|S1PR1|ISLR2|PUM2|NRCAM|TWF2|VANGL2|OSTN|LPAR3|SLIT2|RNF157|PRKCZ|SIN3A|MACF1|FGF10|APOE|RASAL1|TRPC5|CD2AP|SLC39A12|LHX2|FN1|PLXNA1|RIMS2|IQGAP1|RND2|ATG16L1|CPNE1|NDN|SHTN1|WNT5A|PPP2R3A|C9ORF72|CDH4|S100B|TFAP2C|HOXD13|HNF1B|CTTN|MED12|CLASP2|LZTS2|SRF|SEMA7A|MAP2|DDR1|NDEL1|SLC9A6|CYFIP2|WASF1|COBL|AREG|SFRP1|TRIM28|STK11|TRPV2|TTL|IST1|SYT4|CYFIP1|TBX2|TRIM46|UNC13A|KDM5B|SMURF1|POU4F3|SSNA1|CDKL5|DISC1|SPART|SPG11|TMEM108|ANAPC2|CTNNB1|EXT1|SYT1|KIF26B|SYT2|SYT3|TGFBR2|TNFRSF12A|LAMB2|TNN|KIAA0319|PTK7|VCL|ZEB2|NKD1|PRKN|PPP3CB|NLGN3|SPAG6|TGFB1|NOTCH1|ULK1|ULK2|NRP1|TSC22D4|PLXNA3|YAP1|CLSTN3|PRKG1|RGMA|RUFY3|DRAXIN|RTN4R|LHX1|RYK|APP|DVL1|SEMA3F|SEMA5A|EMX1|SH3GL2|TNC|SLIT1|ZFYVE27|POSTN|TNR|CCL11|WNT3|SPG21|SOX9,https://www.gsea-msigdb.org/gsea/msigdb/human/geneset/GOBP_DEVELOPMENTAL_GROWTH_INVOLVED_IN_MORPHOGENESIS,239,ENR,GOBP_DEVELOPMENTAL_GROWTH_INVOLVED_IN_MORPHOGENESIS,1,1E-3,GOBP_DEVELOPMENTAL_GROWTH_INVOLVED_IN_MORPHOGENESIS,FALSE,GOBP_DEVELOPMENTAL_GROWTH_INVOLVED_IN_MORPHOGENESIS
,3,3,3,0.999,,1E-3,,ACVR1C|RMI1|SGIP1|ADRB2|GFRAL|WNK4|ADRB3|RASAL2|ADRB1|SORL1|TRPV1|MAPK14|PRLH|CNTN2|BMP8A|APPL2|COL6A1|PPARGC1A|C1QTNF4|GDF15|PCSK1N|SLC25A25|UCP1|SCT|NMUR2|OMA1|SCTR|TBL1XR1|TRPV4|LIPA|LEP|GUCA2B|STK39|GDF3|APOE|VGF,https://www.gsea-msigdb.org/gsea/msigdb/human/geneset/GOBP_RESPONSE_TO_DIETARY_EXCESS,36,ENR,GOBP_RESPONSE_TO_DIETARY_EXCESS,1,1E-3,GOBP_RESPONSE_TO_DIETARY_EXCESS,FALSE,GOBP_RESPONSE_TO_DIETARY_EXCESS
139,3,3,3,0.999,,1E-3,,ODAD4|ELN|GRP|JAG2|BLOC1S6|SFTPA1|RAB3A|TAS2R4|ATP1A2|DRC1|CYSLTR1|EDN1|EDNRA|GLRA1|NDN|CCDC88C|DDIT3|GAA|HIPK2|FUT8|SFTPB|TRAF4|COL6A1|NDST1|CFAP221|FTO|CFAP54|DNAH9|SPAG16|CCBE1|COX5B|GRPR|DACH1|PBX3|TSHZ3|YWHAZ|FLT4|GLS|PHOX2A|PASK|CFAP43|MAN2A1|MAN1A2|NLGN3|HNMT|AP3B1|ECEL1|NR4A2|DCAF11|ZFAND5|MTG1|MTG2|STARD7|ADORA1|CC2D1A|TNNC1|NMB|SELENON|NMBR|NLGN2|BPGM|NEK10|STK40|TTLL1|HOXA5|SFTPD|MAFB|ADH5|NTSR1|UCP3|SFTPA2|SFTPC|FKRP|TMPRSS11D|CSF2RB|VANGL1|TCF15|CHST11|MECP2,https://www.gsea-msigdb.org/gsea/msigdb/human/geneset/GOBP_RESPIRATORY_GASEOUS_EXCHANGE_BY_RESPIRATORY_SYSTEM,79,ENR,GOBP_RESPIRATORY_GASEOUS_EXCHANGE_BY_RESPIRATORY_SYSTEM,1,1E-3,GOBP_RESPIRATORY_GASEOUS_EXCHANGE_BY_RESPIRATORY_SYSTEM,FALSE,GOBP_RESPIRATORY_GASEOUS_EXCHANGE_BY_RESPIRATORY_SYSTEM
46,3,3,3,0.999,,1E-3,,TENT4B|AGO4|CSDE1|ZFP36L1|GTPBP1|CELF1|CELF3|CELF4|PARN|CIRBP|CCNB1|DIS3L2|CLNS1A|SLC39A5|DAZAP1|DCPS|YTHDF2|YTHDF3|SNRNP70|ZC3HAV1|ELAVL1|DHX9|POLR2G|CNOT7|SNW1|PABPN1L|RC3H1|RC3H2|EXOSC10|PAIP1|SYNCRIP|HMX2|GIGYF2|TARDBP|HNRNPU|THRAP3|AGO1|AGO2|AGO3|TRA2A|BTG2|TRA2B|ZFP36|CAPRIN1|CNOT1|CNOT10|CNOT11|CNOT2|CNOT3|CNOT4|CNOT6|KHSRP|CNOT8|CNOT9|CPEB3|LSM1|UPF1|UPF3A|DCP1A|UPF3B|DCP1B|DIS3|TNKS1BP1|WDR77|DND1|METTL14|YBX1|METTL16|EIF4ENIF1|METTL3|NCBP1|NCBP2|FTO|NCL|FXR2|NOCT|FXR1|GTSF1|IGF2BP1|TRIM71|NUP98|PABPC1|DCP2|ALKBH5|MEX3D|MOV10|NANOS1|NANOS2|NANOS3|CDC73|NT5C3B|PATL1|CNOT6L|PATL2|PIWIL1|PIWIL2|PRDX6|PLEKHN1|PNLDC1|PRMT5|PRR5L|PRPF19|DHX36|RIDA|ZC3H12A|SAMD4A|SAMD4B|PUM1|ROCK1|QKI|HNRNPD|TNRC6A|PAN2|TNRC6B|PAN3|TNRC6C|TOB1|PNPT1|TTC5|PDE12|PUM2|TUT4|TUT7|RBM24|YTHDF1|RBM3|ZC3H12D|ZFP36L2|ROCK2|RBMX|MLH1|RBMXL1|TENT4A,https://www.gsea-msigdb.org/gsea/msigdb/human/geneset/GOBP_POSITIVE_REGULATION_OF_MRNA_METABOLIC_PROCESS,133,ENR,GOBP_POSITIVE_REGULATION_OF_MRNA_METABOLIC_PROCESS,1,1E-3,GOBP_POSITIVE_REGULATION_OF_MRNA_METABOLIC_PROCESS,FALSE,GOBP_POSITIVE_REGULATION_OF_MRNA_METABOLIC_PROCESS
1,3,3,3,0.999,,1E-3,,BMP4|HOXB4|NAB1|ACTN3|EBP|PITX2|RARB|SRD5A1|RARG|SRD5A2|NPPC|GLI3|ACP5|GJA1|PDGFC|PHEX|RUNX2|DLX5|PAFAH1B1|PLXNB1|PDGFA|COL13A1|BNC2|COL27A1|COL6A1|MATN1|GHR|PTPRC|OSR2|EPYC|IGF1|ITGB6|LEP|SRC|LEPR|NOTUM|FOXP1|SHOX2|RYR1|FOXC1|MCPH1|COL1A1|ECM1|SMAD5|FREM1|ATF2|SCX|NPR2|RFLNA|POC1A|RFLNB|FBLN5|MMP16|PTH|SP5|P3H1|ZMPSTE24|BMPR2|MYOC|TP53|DYM|NOTCH2|PRPSAP2|GREM1|SKI|ALPL|DCHS1|EVC|FGFR2|FOSL2|LARGE1|LTF|RHOA|STC1|SFRP4|MAP2K6|RANBP3L|MEF2C|MEGF8|GPR68|MMP14|SERPINH1|BMP6|BGN|TRIM45|TRPV4|SMPD3|TGM2|IHH|KDR|SEMA4D|CITED2|MMP13|TMEM38B|PPIB|MSX1|PTGER4|MSX2|AMER1|MIGA2|SH3PXD2B|AXIN2|CHAD|THBS3|SLC38A10|INSIG1|FGF18|SBDS|LOX|OSTN|PAPPA2|OPA3|BMP2|SPNS2|P2RX5|FGF8|LRP5|TIFAB|AKAP13|TNFSF11|IFT80|INSIG2|ATG9A|ATP6AP1|ATG9B|TSKU|NSD2|TYROBP|CDX1|CBS|CER1|HOXA11|IFITM5|RIPPLY2|PLS3|FBXW7|DDR2|MBTPS2|FOXN3|BBX|IFT172|ZBTB16|TTC9|COL3A1|COMP|RPL13|EXT2|FBN1|GLG1|SLC9B2|LRRC17|TULP3|GGCX|TWIST1|ADAMTS7|BMPR1B|RAB23|HAS2|FAM20C|KAT2A|CCDC154|PHOSPHO1|GALNT3|CHSY1|TRIP11|COL2A1|BPNT2|CSGALNACT1|PEX7|CYP26B1|TFAP2A|ANXA2|OPTC|WNT1|CTC1|GNAS|SLC10A7|EXT1|SMAD1|XYLT1|TGFBR2|TNN|LIPA|HSD17B1|LILRB1|TAPT1|VKORC1|ADAMTS12|CLDN18|RARA|TGFB1|OGN|GHRL|CCN4|BBLN|NAB2|BGLAP|POR|MAPK11|LRRK1|TMEM107|LTBP3|MAPK14|INPPL1|SIGLEC15|TMEM119|ASXL1|SNX10|FGFR3|SOX9|SULF1|SULF2|DHRS3,https://www.gsea-msigdb.org/gsea/msigdb/human/geneset/GOBP_BONE_DEVELOPMENT,213,ENR,GOBP_BONE_DEVELOPMENT,1,1E-3,GOBP_BONE_DEVELOPMENT,FALSE,GOBP_BONE_DEVELOPMENT
30,3,3,3,0.999,,1E-3,,ERBB2|OLFM1|CNIH3|DLG1|VAMP4|GRIP1|GRIP2|DAG1|GRIPAP1|OGT|HRAS|RAP1A|ERBB4|RAB11A|SACM1L|LRRC7|NETO1|TMEM108|GPSM2|RAB8A|NSG1|LHFPL4|KIF2C|MAP2K1|TRAF6|GPC4|GPC6|GRIN2A|GRIN2C|NETO2|RAPSN|VWC2|SCRIB|GABARAP|GHSR|CACNA2D2|VPS26B|ADAM10|EPB41L3|CACNG3|IQSEC2|C1QL2|C1QL3|STX3|GPHN|ARHGAP44|VPS35|LGI1|CACNG2|DLG4|NPTX1|CLSTN1|ZDHHC15|CPLX1|ZDHHC2|CACNG7|GIT1,https://www.gsea-msigdb.org/gsea/msigdb/human/geneset/GOBP_PROTEIN_LOCALIZATION_TO_POSTSYNAPSE,57,ENR,GOBP_PROTEIN_LOCALIZATION_TO_POSTSYNAPSE,1,1E-3,GOBP_PROTEIN_LOCALIZATION_TO_POSTSYNAPSE,FALSE,GOBP_PROTEIN_LOCALIZATION_TO_POSTSYNAPSE
75,3,3,3,0.999,,1E-3,,ATP2B1|AVPR1B|CAV1|ADD3|ITGA4|HTR2A|ITGA9|ITGB1|FAAH|TRPM4|OXTR|P2RX1|ATP1A2|TBXAS1|EDN1|ADM|DOCK5|RHOA|AGT|KCNMB2|KCNMB4|STUB1|FGG|MMP2|ADRA2A|HTR1A|HRH1|SVEP1|MAP2K1|LEP|ADRA2B|MTNR1B|ADRA2C|FGA|TBXA2R|FGB|PER2|DBH|ABL1|APLN|AVPR2|HRH2|EDN2|EDN3|KCNA5|ADRA1A|ADRA1B|ADRA1D|ARHGAP42|BDKRB2|ASIC2|ACE|BMPR2|DOCK4|AVP|AVPR1A|ECE1|CASR|F2R|GJA5|SMTNL1|ACE2|AGTR1|CD38|ZDHHC21|TACR1,https://www.gsea-msigdb.org/gsea/msigdb/human/geneset/GOBP_REGULATION_OF_VASOCONSTRICTION,66,ENR,GOBP_REGULATION_OF_VASOCONSTRICTION,1,1E-3,GOBP_REGULATION_OF_VASOCONSTRICTION,FALSE,GOBP_REGULATION_OF_VASOCONSTRICTION
36,3,3,3,0.999,,1E-3,,PMCH|SHANK2|PRRT1|TPRG1L|HTR2A|HCN1|GRIA1|VPS13A|CBLN1|DRD1|KCNB1|DRD3|BCHE|ARF1|GRID2IP|CNR2|SORCS3|SLC6A4|GRID2|PENK|PRKN|MAPT|NPY5R|SRF|ADNP|AGER|ARC|DRD2|FMR1|LILRB2|PLK2|ADIPOQ|STAU2|ADORA1|IQSEC2|ACHE|DRD5|PCDH17|PICK1|ATAD1|SLC24A1|SLC24A2|SHANK3|GABBR1|SORCS2|TNR|ABHD6|GNAI2|GRIK2|NPY2R|STXBP1|ADCY8|GRIK3|GRM2|CD38|IL1B,https://www.gsea-msigdb.org/gsea/msigdb/human/geneset/GOBP_NEGATIVE_REGULATION_OF_SYNAPTIC_TRANSMISSION,56,ENR,GOBP_NEGATIVE_REGULATION_OF_SYNAPTIC_TRANSMISSION,1,1E-3,GOBP_NEGATIVE_REGULATION_OF_SYNAPTIC_TRANSMISSION,FALSE,GOBP_NEGATIVE_REGULATION_OF_SYNAPTIC_TRANSMISSION
1,3,3,3,0.999,,1E-3,,IRX5|KNDC1|PRDM1|NRXN1|GNAT2|NDP|WNT7A|GRID2|ZHX2|RHO|PROX1|VSX2|CBLN1|BBS10|CABP4|NAGLU|OPHN1|VSX1,https://www.gsea-msigdb.org/gsea/msigdb/human/geneset/GOBP_GLUTAMATERGIC_NEURON_DIFFERENTIATION,18,ENR,GOBP_GLUTAMATERGIC_NEURON_DIFFERENTIATION,1,1E-3,GOBP_GLUTAMATERGIC_NEURON_DIFFERENTIATION,FALSE,GOBP_GLUTAMATERGIC_NEURON_DIFFERENTIATION
2,3,3,3,0.999,,1E-3,,BMP4|HMGA2|CDH1|CHRNB2|HESX1|PITX2|PITX1|BLOC1S6|POU4F1|SRD5A1|SRD5A2|NCOA1|PLXNA1|KCNC2|NKX2-1|INHBB|OGDH|OTP|CNTNAP2|WNT5A|PAX6|BMPR1A|KCNC1|CREB1|NRP2|WNT1|CTNNB1|GATA2|RBPJ|HES1|ARX|OTX1|TAL2|UBB|ISL1|KIAA0319|NDNF|RAB3GAP1|SEMA3E|RAX|LHX3|SALL1|UQCRQ|ZEB2|CRH|OLIG2|SMO|PTCHD1|FGF2|SOX3|HAP1|NRP1|MSX1|GLI1|GLI2|PLXNA3|DRD2|NR4A2|PROP1|BAX|SHH|SEMA5A|NHLH2|SLC6A3|GHRH|NOG|POU3F2|FOXB1|ALDH1A2|TBX19|GHRHR|BMP2|POU1F1|SIX3|WNT4|SOX2|NR0B1|FGF10|FGF8,https://www.gsea-msigdb.org/gsea/msigdb/human/geneset/GOBP_DIENCEPHALON_DEVELOPMENT,79,ENR,GOBP_DIENCEPHALON_DEVELOPMENT,1,1E-3,GOBP_DIENCEPHALON_DEVELOPMENT,FALSE,GOBP_DIENCEPHALON_DEVELOPMENT
133,3,3,3,0.999,,1E-3,,CAV1|FYN|TAF1|U2AF2|DNAJA1|RPL11|CAPN3|BEX4|TNFAIP3|SH3RF2|AKT1|HSPA1B|USP4|OGT|ADGRB1|MAD2L2|CHP1|ATG5|PARK7|TRIM21|SPOPL|PINX1|PIAS3|GCLC|SIRT7|ARRB2|FSCB|HMG20A|HMG20B|N4BP1|SPRY2|CTNNB1|MARCHF7|SENP2|SQSTM1|TTC36|KLHL40|ISG15|ARRB1|PRKCG|CRTAP|CEP63|TSPO|BEX1|BAG2|BEX2|BAG5|BEX3|CEP78|PER2|CRY1|UBXN1|PRMT3|UFL1|DCUN1D3|DTX3L|FBXO5|ABL1|PABPN1L|PPIA|RPS3|USP44|SVBP|MINAR1|PARP10|UBE2B|PRKCE|TRIM44|GNL3L|GTPBP4|VPS28|P3H1|DNAJB2|CDKN2A|HDAC8|RELA|RPS7|GPS2|PLAA|CAMLG|CDK5|WNK1|MAD2L1|FLCN|HSPA1A|NXN|RPL23|COPS9|IVNS1ABP|RPL5,https://www.gsea-msigdb.org/gsea/msigdb/human/geneset/GOBP_NEGATIVE_REGULATION_OF_POST_TRANSLATIONAL_PROTEIN_MODIFICATION,90,ENR,GOBP_NEGATIVE_REGULATION_OF_POST_TRANSLATIONAL_PROTEIN_MODIFICATION,1,1E-3,GOBP_NEGATIVE_REGULATION_OF_POST_TRANSLATIONAL_PROTEIN_MODIFICATION,FALSE,GOBP_NEGATIVE_REGULATION_OF_POST_TRANSLATIONAL_PROTEIN_MODIFICATION
130,3,3,3,0.999,,1E-3,,TEN1|TENT4B|ACD|TERF1|NAT10|TINF2|TNKS|TNKS2|EXOSC10|GNL3L|MCRS1|XRN1|PINX1|HNRNPA1|HNRNPC|PARP3|TERF2|TP53|CTC1|PML|DCP2|HNRNPU|SLX1A|SLX1B|POT1|SLX4|PIF1|STN1|ERCC4|PARP1,https://www.gsea-msigdb.org/gsea/msigdb/human/geneset/GOBP_NEGATIVE_REGULATION_OF_TELOMERE_MAINTENANCE_VIA_TELOMERE_LENGTHENING,30,ENR,GOBP_NEGATIVE_REGULATION_OF_TELOMERE_MAINTENANCE_VIA_TELOMERE_LENGTHENING,1,1E-3,GOBP_NEGATIVE_REGULATION_OF_TELOMERE_MAINTENANCE_VIA_TELOMERE_LENGTHENING,FALSE,GOBP_NEGATIVE_REGULATION_OF_TELOMERE_MAINTENANCE_VIA_TELOMERE_LENGTHENING
4,3,3,3,0.999,,1E-3,,AMPD2|CD2AP|LIF|JAG1|NPHS1|GLI3|IQGAP1|PRKX|EDN1|CD34|EDNRA|TCF21|WT1|WNT9B|MAGI2|ACTA2|PDGFB|MEF2C|MTSS1|GDNF|CTNNB1|EXT1|KLF15|HES1|LAMB2|SALL1|SIX2|SMO|NOTCH1|POU3F3|PTCH1|WWTR1|PAX2|AMER1|OSR1|PAX8|BASP1|PODXL|PTPRO|YAP1|EDNRB|GPR4|MMP9|ADIPOQ|LHX1|SHH|FOXJ1|PROM1|FOXC2|GATA3|GLIS2|NOTCH2|ASXL1|CD24|GREM1|MYO1E|NPHS2|WNT4|STAT1,https://www.gsea-msigdb.org/gsea/msigdb/human/geneset/GOBP_CELL_DIFFERENTIATION_INVOLVED_IN_KIDNEY_DEVELOPMENT,59,ENR,GOBP_CELL_DIFFERENTIATION_INVOLVED_IN_KIDNEY_DEVELOPMENT,1,1E-3,GOBP_CELL_DIFFERENTIATION_INVOLVED_IN_KIDNEY_DEVELOPMENT,FALSE,GOBP_CELL_DIFFERENTIATION_INVOLVED_IN_KIDNEY_DEVELOPMENT
1,3,3,3,0.999,,1E-3,,HMGA2|DDR2|CCN3|ERRFI1|PBXIP1|SMAD7|FOSL2|SLC26A2|COMP|NPR2|MMP16|LTF|STC1|BMPR2|MUSTN1|MMP14|LEF1|EXT1|CCN2|SIRT6|BMPR1B|FGFR3|IHH|SOX9|SIX2,https://www.gsea-msigdb.org/gsea/msigdb/human/geneset/GOBP_CHONDROCYTE_PROLIFERATION,25,ENR,GOBP_CHONDROCYTE_PROLIFERATION,1,1E-3,GOBP_CHONDROCYTE_PROLIFERATION,FALSE,GOBP_CHONDROCYTE_PROLIFERATION
11,3,3,3,0.999,,1E-3,,BRDT|MSH6|TOP6BL|ZWINT|UBR2|AGO4|C9ORF78|MOV10L1|CCNB2|CCNE1|CCNE2|CENPC|MRE11|PRDM9|SIRT7|SLC25A31|TDRD9|HORMAD1|PLK1|CDC25B|CDC25C|SLX4|UBB|BRCA2|RAD50|BRIP1|RAD51|BRME1|FOXJ2|M1AP|RAD51AP1|C14ORF39|MAEL|TERF1|MEIKIN|DMC1|EME1|EME2|NDC80|NDC1|FANCD2|FANCM|UBE2B|HSPA2|P3H4|HSF2BP|AURKA|PTTG1|KASH5|PTTG2|MAJIN|PSMA8|MCMDC2|BCL2L11|MEIOC|MUS81|BAG6|PDIK1L|TEX15|SPATA22|PKMYT1|SPDYA|TOP2B|STAG3|SUN1|SYCE1|PSMD13|SYCE1L|SYCE2|SYCP2|TEX12|RAD21|RAD51B|RAD51C|RAD51D|RAD54B|STK35|RAD54L|KNL1|REC8|ZCWPW1|ANKLE1|RMI1|ATM|ANKRD31|BTBD18|SPO11|TERB1|TERB2|TRIP13|FOXJ3|MYBL1|ZSCAN21|CCNA1|CDC25A|CKS2|TRIM75|MEI1|EHMT2|ERCC4|ING2|PIWIL2|DMRTC2|CDC20|FBXO5|SYCP3|WEE2|DNMT3L|C1ORF146|CCNB1IP1|SLC2A8|CENPS|CENPX|CNTD1|HFM1|IHO1|KLHDC3|MEI4|MLH3|MND1|MSH4|MSH5|ESPL1|DDX4|PSMC3IP|REC114|RNF212|RNF212B|DMRT1|SHOC1|SYCE3|MAPK15|SYCP1|TEX11|FMN2|TEX19|MLH1|TOP2A,https://www.gsea-msigdb.org/gsea/msigdb/human/geneset/GOBP_MEIOSIS_I_CELL_CYCLE_PROCESS,138,ENR,GOBP_MEIOSIS_I_CELL_CYCLE_PROCESS,1,1E-3,GOBP_MEIOSIS_I_CELL_CYCLE_PROCESS,FALSE,GOBP_MEIOSIS_I_CELL_CYCLE_PROCESS
1,3,3,3,0.999,,1E-3,,STAT3|CNTF|NRL|THY1|NOTCH1|RPGRIP1|SAMD11|SDK2|ROM1|HCN1|RORB|TTC8|BBS4|CRB2|DSCAM|THRB|BBS10|SAMD7|PROM1|GNAT2|NDP|NTRK2|DIO3|RPGRIP1L|RP1|USH1C|PDE6C|GNAT1|IHH|SOX9|CABP4|SOX8|NAGLU,https://www.gsea-msigdb.org/gsea/msigdb/human/geneset/GOBP_CAMERA_TYPE_EYE_PHOTORECEPTOR_CELL_DIFFERENTIATION,33,ENR,GOBP_CAMERA_TYPE_EYE_PHOTORECEPTOR_CELL_DIFFERENTIATION,1,1E-3,GOBP_CAMERA_TYPE_EYE_PHOTORECEPTOR_CELL_DIFFERENTIATION,FALSE,GOBP_CAMERA_TYPE_EYE_PHOTORECEPTOR_CELL_DIFFERENTIATION
8,3,3,3,0.999,,1E-3,,BMP4|RBPMS2|HIF1A|CHRDL2|ONECUT1|DKK3|SKOR1|VWC2L|MTMR4|PMEPA1|HRG|GIPC1|DMD|FGF9|NPNT|HSP90AB1|NKX2-1|OGT|ING1|RUNX2|WFIKKN1|WFIKKN2|SPRED1|FGFBP1|SPRED2|SPRED3|SPRY3|SPRY4|PRKD2|GRB10|HDAC1|SPRY1|SPRY2|RBPJ|ITGA5|OTX2|CXCL13|KCP|SCUBE3|BAMBI|GREM2|MT3|SMOC2|BRMS1|FGFBP3|FSTL1|OVOL2|DOK5|SNW1|PIK3CB|ASPN|DAB2IP|FST|OFD1|TSC22D1|IL17F|VEGFA|EMILIN1|PEG10|FSTL4|PROX1|AGTR2|RNF111|STRAP|TBX20|SOX11|HTRA1|DLX1|MMRN2|GATA3|TP53|NOTCH2|GDF15|NR2F2|CAV2|GREM1|FZD4|IL12A|RBBP4|GOT1|IL1B|BCL9|BCL9L|SKI|ARK2C|ADGRA2|ITGA3|CITED1|HIF1AN|DCN|AXIN1|CCN1|ITGB1|ITGB3|SKOR2|LATS1|LATS2|SMURF2|HSPA5|PELO|VASN|DKK1|SFRP4|ZBTB7A|NGFR|FZD1|HES5|NBL1|INTS9|UBE2D1|UBE2D3|SFRP2|SKIL|SMAD6|KDR|CITED2|ING2|SEMA6A|PRKCB|PDPK1|XBP1|ABL1|SDCBP|GDF5|MSX1|MSX2|ZNF703|PTPN1|IL4|ADAMTS3|PALS1|ENG|FGF1|FGF16|ARID4A|FGF18|TOB1|ARID4B|CREBBP|UBE2O|PRDM16|TMPRSS6|LOX|MECOM|USP15|PCSK6|SLIT2|ELAPOR2|BMP2|PIN1|SIN3A|PRDM14|FGF10|GDF3|HOXA13|SOSTDC1|CADM4|THBS1|CAV1|CAV3|PPARG|TNFAIP6|ANGPT1|DLL1|PDCD6|CFLAR|LRRC32|PPP2R5B|VEGFB|FKBP1A|VEGFC|PPM1A|CD63|WNT5A|NPTN|TWSG1|BRMS1L|CREB3L1|FSTL5|SAP130|SAP30|SAP30L|SINHCAF|ATP2B4|SNX25|CHRDL1|SMAD3|CER1|XIAP|DAND5|TGFBR3|CRIM1|FBN2|CDH3|TNXB|LTBP1|MEN1|ADGRG1|CDKN1C|MYOCD|CDKN2B|NRROS|CILP|EID2|FAM89B|ZDHHC17|LDLRAD4|LTBP4|VEPH1|SMAD2|APLN|FKBP8|TET1|TFAP2B|HGS|SMAD7|ZEB1|ZNF451|SIRT1|SLC2A10|ERFE|SUDS3|SORL1|CYFIP2|FBN1|NRXN1|FSTL3|GLG1|WASF1|NEDD4|NOG|SFRP1|HSPA1A|STK11|ZNF423|CHST11|TMEM204|NREP|CYFIP1|FAM20C|HHIP|ILK|LRIT3|SHISA2|ACVRL1|SOST|ONECUT2|CASK|CD109|CDH5|SMURF1|NUMA1|ITGA8|CHRD|SNX6|HIPK2|SPART|EPN2|AGT|FOXD1|FUZ|JCAD|STUB1|TGFB1I1|TMEM108|IL12B|CIDEA|WNT1|CCBE1|CTNNB1|HES1|FOLR1|FERMT1|LRP2|TSPAN32|SMAD4|GATA4|HDAC2|ZEB2|ADAMTS12|FKBP1C|GPC3|PPARA|VWC2|LEMD3|MMRN1|NEO1|PRMT1|NOTCH1|FGF2|GPR155|NRP1|CTDSPL2|HHEX|HJV|CRB2|ADAM17|RGMA|ROBO1|ADISSP|TMEM53|PTP4A3|ARNT|PBLD|ADAMTSL2|FBXL15|HTRA3|HTRA4|IL17RD|RASL11B|BMPER|TGFBR3L|TRIM33|EP300|FLCN|GPC1|DSTYK|VTN|RBBP7|WNT4|NGLY1|SULF1|SULF2|LRG1,https://www.gsea-msigdb.org/gsea/msigdb/human/geneset/GOBP_REGULATION_OF_CELLULAR_RESPONSE_TO_GROWTH_FACTOR_STIMULUS,324,ENR,GOBP_REGULATION_OF_CELLULAR_RESPONSE_TO_GROWTH_FACTOR_STIMULUS,1,1E-3,GOBP_REGULATION_OF_CELLULAR_RESPONSE_TO_GROWTH_FACTOR_STIMULUS,FALSE,GOBP_REGULATION_OF_CELLULAR_RESPONSE_TO_GROWTH_FACTOR_STIMULUS
8,3,3,3,0.999,,1E-3,,RBPMS|SKI|BMP4|ACVRL1|PPARG|BECN1|CITED1|PMEPA1|CCN3|BMP10|FOS|GDF11|RUNX2|GLCE|AMH|DKK1|MAGI2|HIPK2|TWSG1|ACVR1|BMPR1A|CRKL|BMP6|SMAD3|SMAD1|HFE|PML|SH2B1|TGFBR2|DAB2|INHBA|TGFBR3|KIAA0319|JAK2|ATOH8|ZMIZ1|SMAD4|SMAD6|ZMIZ2|OVOL2|CILP|EID2|PARP1|FAM89B|LDLRAD4|UCMA|VEPH1|LRP1|PIAS2|SMAD2|TGFB1|XBP1|GDF5|WWTR1|GDF6|SMAD7|SMAD5|CSNK2B|TGFB3|EMILIN1|ACVR2A|GDF7|TBX20|BMPR2|SPTBN1|MAP1LC3A|ENG|TGFBR1|NODAL|PSG9|TOB1|NOG|GDF15|BMP5|BMPER|SMAD9|BMP7|GREM1|BMP2|PIN1|JUN|TTK|NUP93|TGFB2,https://www.gsea-msigdb.org/gsea/msigdb/human/geneset/GOBP_SMAD_PROTEIN_SIGNAL_TRANSDUCTION,84,ENR,GOBP_SMAD_PROTEIN_SIGNAL_TRANSDUCTION,1,1E-3,GOBP_SMAD_PROTEIN_SIGNAL_TRANSDUCTION,FALSE,GOBP_SMAD_PROTEIN_SIGNAL_TRANSDUCTION
20,3,3,3,0.999,,1E-3,,H6PD|NR5A1|REST|DKK3|MALRD1|LHCGR|PDE8B|ATP1A1|NR1H4|ADM|INSIG2|GPRC6A|ARMC5|SREBF1|SREBF2|DGKQ|SEC14L2|EGR1|BMP6|CREB1|GPR146|STAR|STARD4|DDX20|TNF|DAB2|IGFBP7|DKKL1|ERLIN1|ERLIN2|LEP|SNAI1|KPNB1|NFKB1|TSPO|MBTPS1|NR1D1|SCAP|AQP8|AKR1C3|NR5A2|FGFR4|PAQR3|MBTPS2|NR3C1|ASAH1|BGLAP|DHH|CES1|POR|SIRT1|PRKG1|IFNG|SNAI2|PROX1|CYP7A1|QKI|CGA|FGF1|INSIG1|GFI1|ABCG1|ABCG4|PRKACA|ABCA2|BMP5|GNAI1|GGCX|CLCN2|BMP2|MAPK1|LPCAT3|WNT4|FGF19|APOB|NR0B1|PRKAA1|APOE,https://www.gsea-msigdb.org/gsea/msigdb/human/geneset/GOBP_REGULATION_OF_STEROID_BIOSYNTHETIC_PROCESS,78,ENR,GOBP_REGULATION_OF_STEROID_BIOSYNTHETIC_PROCESS,1,1E-3,GOBP_REGULATION_OF_STEROID_BIOSYNTHETIC_PROCESS,FALSE,GOBP_REGULATION_OF_STEROID_BIOSYNTHETIC_PROCESS
23,3,3,3,0.999,,1E-3,,CAV1|DDR2|CYBA|FAT1|CA2|RAC1|PTPN1|NPPA|HSF1|PRKCD|RAP1GDS1|PRKD1|MAS1|AGTR2|ROCK1|SLC30A10|ACE|PLA2G2A|ACTN2|CDC6|AGT|AGTRAP|RELA|MAP3K7|NONO|PPP3CA|PRKCA|CAMK2A|NFE2L2|AHCYL1|INHBA|ROCK2|SLC26A6|FAM114A1|SRC|AGTR1|NFKB1,https://www.gsea-msigdb.org/gsea/msigdb/human/geneset/GOBP_CELLULAR_RESPONSE_TO_ANGIOTENSIN,37,ENR,GOBP_CELLULAR_RESPONSE_TO_ANGIOTENSIN,1,1E-3,GOBP_CELLULAR_RESPONSE_TO_ANGIOTENSIN,FALSE,GOBP_CELLULAR_RESPONSE_TO_ANGIOTENSIN
,3,3,3,0.999,,1E-3,,AKAP12|TCIM|FBN1|GAL|EZR|ADGRV1|MYOM1|PJA2|FSHR|LCP1|MROH2B|TCP11|AKAP6|RAB13|ADISSP|TTN|RDX|GCG|AKAP5,https://www.gsea-msigdb.org/gsea/msigdb/human/geneset/GOBP_PROTEIN_KINASE_A_SIGNALING,19,ENR,GOBP_PROTEIN_KINASE_A_SIGNALING,1,1E-3,GOBP_PROTEIN_KINASE_A_SIGNALING,FALSE,GOBP_PROTEIN_KINASE_A_SIGNALING
14,3,3,3,0.999,,1E-3,,GAL|SPINK5|CTNNB1|MSX2|RBPJ|TRPC4AP|NOM1|NF1|CDH3|FERMT1|WNT10B|WNT5A|ERCC2|NSUN2|TGFB2,https://www.gsea-msigdb.org/gsea/msigdb/human/geneset/GOBP_HAIR_FOLLICLE_MATURATION,15,ENR,GOBP_HAIR_FOLLICLE_MATURATION,1,1E-3,GOBP_HAIR_FOLLICLE_MATURATION,FALSE,GOBP_HAIR_FOLLICLE_MATURATION
23,3,3,3,0.999,,1E-3,,VWA2|ZNF592|C1QTNF12|SESN3|OGT|NUCKS1|BLVRB|NR1H4|PRKCD|SLC27A4|ENPP1|SOCS1|OSBPL8|SNX5|GRB7|PRKCQ|GRB10|GSK3A|NCL|FFAR3|PTPRE|TRIB3|MSTN|PTPN11|IGF2|PAK1|TRIM72|SERPINA12|INPP5K|INS|CTSD|IRS1|RPS6KB1|TNS2|LEP|TSC2|MTOR|LONP1|AHSG|MZB1|PRKCB|PID1|MAPKAP1|NCK1|PIP4K2A|PIP4K2B|PIP4K2C|PTPRJ|PTPN1|SIRT1|PTPN2|ERFE|RPS6KB2|SORL1|ZBTB7B|RELA|KANK1|SORBS1|FUT7|SOCS3|ADIPOR1|RBM4|CUL7|PRKCZ|PRKAA1|GKAP1|GPR21|GRB14|IL1B|NCOA5|FBXW8|RBX1|SIK2,https://www.gsea-msigdb.org/gsea/msigdb/human/geneset/GOBP_REGULATION_OF_INSULIN_RECEPTOR_SIGNALING_PATHWAY,73,ENR,GOBP_REGULATION_OF_INSULIN_RECEPTOR_SIGNALING_PATHWAY,1,1E-3,GOBP_REGULATION_OF_INSULIN_RECEPTOR_SIGNALING_PATHWAY,FALSE,GOBP_REGULATION_OF_INSULIN_RECEPTOR_SIGNALING_PATHWAY
,3,3,3,0.999,,1E-3,,SREBF1|C3|PLIN5|FBXW7|CNEP1R1|CTDNEP1|KAT5|DGAT2|GPLD1|LDLR|SIK1|NR1H2|SLC27A1|NR1H3|SIRT1|THRSP|TMX1|SCARB1|MFSD2A,https://www.gsea-msigdb.org/gsea/msigdb/human/geneset/GOBP_REGULATION_OF_TRIGLYCERIDE_BIOSYNTHETIC_PROCESS,19,ENR,GOBP_REGULATION_OF_TRIGLYCERIDE_BIOSYNTHETIC_PROCESS,1,1E-3,GOBP_REGULATION_OF_TRIGLYCERIDE_BIOSYNTHETIC_PROCESS,FALSE,GOBP_REGULATION_OF_TRIGLYCERIDE_BIOSYNTHETIC_PROCESS
97,3,3,3,0.999,,1E-3,,IL6R|MMRN1|ADAMTS18|CCL5|MFSD2B|TNFSF11|HTR2A|C1QTNF1|PLPP3|CELA2A|ZNF703|EMILIN1|PRKG1|PRKCD|VPS33B|PDPN|JAK1|SERPINE2|F11R|CD9|LYN|PRKCQ|SH2B3|IL6|CTNNB1|CTSG|PRKCA|IL6ST|ANK3|ALOX12|UBASH3B|EMILIN2|MAP2K1|TMX1|JAK2|GP6|ADGRG1|CEACAM1|RDX|SYK|PLAUR,https://www.gsea-msigdb.org/gsea/msigdb/human/geneset/GOBP_REGULATION_OF_HOMOTYPIC_CELL_CELL_ADHESION,41,ENR,GOBP_REGULATION_OF_HOMOTYPIC_CELL_CELL_ADHESION,1,1E-3,GOBP_REGULATION_OF_HOMOTYPIC_CELL_CELL_ADHESION,FALSE,GOBP_REGULATION_OF_HOMOTYPIC_CELL_CELL_ADHESION
,3,3,3,0.999,,1E-3,,CCL3|CCL4|IAPP|NEUROD2|CDH13|EDN1|RAMP3|CD3E|CLEC7A|PDGFRB|PPP3CC|ZAP70|CD4|PTPRC|GRM5|IGF1|NMUR1|NMUR2|TNF|PPP3R1|PRNP|P2RX4|PPP3CB|TREM2|PDGFRA|EDN2|PTPRJ|PPP3R2|HTR2C|AKAP6|PTBP1|NEGR1|SLC9A1|APP|HTT|AKAP5|PPP3CA|PRKACA|CA8|P2RX2|ADA|CAMTA1|CHERP|ERBB3|GPR62|CIB1|TRAT1|P2RX3|C10ORF71|CHP2|HINT1|LMCD1|P2RX5|PLCG2|CALCR|SPPL3|SYK|PCP4,https://www.gsea-msigdb.org/gsea/msigdb/human/geneset/GOBP_POSITIVE_REGULATION_OF_CALCIUM_MEDIATED_SIGNALING,58,ENR,GOBP_POSITIVE_REGULATION_OF_CALCIUM_MEDIATED_SIGNALING,1,1E-3,GOBP_POSITIVE_REGULATION_OF_CALCIUM_MEDIATED_SIGNALING,FALSE,GOBP_POSITIVE_REGULATION_OF_CALCIUM_MEDIATED_SIGNALING
25,3,3,3,0.999,,1E-3,,BMP4|FEM1B|CAV1|TGFA|CAV3|FOXA1|WNT3A|PGR|VDR|RARG|TNFAIP3|PLXNA1|CFLAR|GLI3|RXFP1|DAG1|EDA|EDAR|WNT5A|CEBPB|IGFBP5|NTN1|CAPN1|PDGFA|LAMA5|NKX2-3|TWSG1|PAX6|CSF1|HPN|SERPINB5|CSF1R|NKX3-1|IGF1|TFAP2C|PML|HOXD13|EPHA2|SRC|CEACAM1|NFKB1|PHB2|STAT6|CYP7B1|FBXW7|ESRP2|NR3C1|PTCH1|PLAG1|TGFB3|ELF3|BTBD7|PROX1|ESR1|PROP1|AR|DDR1|BAX|BCL2|NOG|NTN4|FGL1|NOTCH2|AREG|SFRP1|POLB|TBX3|CRIP1|TBX2|TP63|FGFR2|KDM5B|HOXB13|FGF7|MDK|MMP2|NRG3|PLXND1|HGF|MSN|ID4|LAMA1|TGFBR2|TNF|LIMS2|LIPA|MED1|SEMA3C|CUL3|TGM2|PERP|BTRC|CSMD1|TGFB1|NOTCH1|EZR|XBP1|SCRIB|FGFR1|NRP1|GLI1|MSX2|ETV5|PTN|RPS6KA1|SNAI2|GDF7|RTN4|CDKN2A|SHH|NFIB|TNC|IL6|EGFR|NHERF1|BMP7|CCL11|WNT4|FGF10|FGF8|FRS2|HOXA13|SOX9|STAT5A|SULF1|SOSTDC1|SULF2|LRP5|BSX|TGFB2,https://www.gsea-msigdb.org/gsea/msigdb/human/geneset/GOBP_GLAND_MORPHOGENESIS,130,ENR,GOBP_GLAND_MORPHOGENESIS,1,1E-3,GOBP_GLAND_MORPHOGENESIS,FALSE,GOBP_GLAND_MORPHOGENESIS
16,3,3,3,0.999,,1E-3,,CABP1|UFM1|ANGPT1|SUFU|NUP153|YWHAB|CHP1|RANGAP1|PARK7|TPR|SUMO1|RBM10|TXN|APOD|FAM76B|SP100|PKIA|HDAC3|PKIG|CDK5|NFKBIA|SIRT6|DDX39A|NF1|FERMT1|BARD1|CD36|MDFIC|RAB23|EI24,https://www.gsea-msigdb.org/gsea/msigdb/human/geneset/GOBP_NEGATIVE_REGULATION_OF_NUCLEOCYTOPLASMIC_TRANSPORT,30,ENR,GOBP_NEGATIVE_REGULATION_OF_NUCLEOCYTOPLASMIC_TRANSPORT,1,1E-3,GOBP_NEGATIVE_REGULATION_OF_NUCLEOCYTOPLASMIC_TRANSPORT,FALSE,GOBP_NEGATIVE_REGULATION_OF_NUCLEOCYTOPLASMIC_TRANSPORT
3,3,3,3,0.999,,1E-3,,BMP4|SMAD2|NOTCH1|ADAMTS19|JAG1|NOTCH2|RBPJ|NOS3|TNFRSF1A|ADAMTS5|GJA5|SLIT2|TNFRSF1B|STRA6|ROBO1|ROBO2|SMAD6|NFATC1|HEY2|TBX20|BMPR2|HEY1|HEYL|TGFB2,https://www.gsea-msigdb.org/gsea/msigdb/human/geneset/GOBP_PULMONARY_VALVE_DEVELOPMENT,24,ENR,GOBP_PULMONARY_VALVE_DEVELOPMENT,1,1E-3,GOBP_PULMONARY_VALVE_DEVELOPMENT,FALSE,GOBP_PULMONARY_VALVE_DEVELOPMENT
78,3,3,3,0.999,,1E-3,,CACNG4|CACNG5|CACNG8|NLGN3|ADORA2A|CCR2|PTK2B|NTRK1|RELN|DRD1|CACNG3|IQSEC2|NLGN1|NLGN2|NRXN1|GRIN2B|GRIN2D|HDAC6|GRIN1|SHANK3|CACNG2|TNR|TSHZ3|STXBP1|RAB3GAP1|GRIN2A|GRIN2C|CCL2|CACNG7|KMO|DTNBP1,https://www.gsea-msigdb.org/gsea/msigdb/human/geneset/GOBP_POSITIVE_REGULATION_OF_SYNAPTIC_TRANSMISSION_GLUTAMATERGIC,31,ENR,GOBP_POSITIVE_REGULATION_OF_SYNAPTIC_TRANSMISSION_GLUTAMATERGIC,1,1E-3,GOBP_POSITIVE_REGULATION_OF_SYNAPTIC_TRANSMISSION_GLUTAMATERGIC,FALSE,GOBP_POSITIVE_REGULATION_OF_SYNAPTIC_TRANSMISSION_GLUTAMATERGIC
75,3,3,3,0.999,,1E-3,,ATP2B1|AVPR1B|CAV1|ADORA2B|ADRB2|CPS1|HTR2A|ADRB3|NPPC|FAAH|TRPM4|ATP1A2|ADM|DOCK5|RAP1GDS1|ATG5|HTR1D|HTR7|IRAG1|CRP|PPARD|KCNMA1|HTR1A|PTPN11|GUCY1A1|CBS|INS|KLF2|LEP|SRC|ADRA2B|MTNR1B|ADRA2C|FGA|FGB|PER2|PIK3C2A|DBH|FOXC1|KEL|APLN|MANF|AVPR2|EDN2|EDN3|EDNRB|NTS|VEGFA|NPPA|NPR1|COMP|KCNA5|S100A1|ADRA1A|ADRB1|F2RL1|AGTR2|MKKS|ARHGAP42|ASIC2|ACE|BMPR2|ADORA1|EXT2|DRD5|ECE1|FOXC2|F2R|GJA5|SMTNL1|CD38|HBB|SCNN1B|KAT2B|ITGA1|ADD3|KCNJ8|ADORA2A|BLOC1S6|ITGA4|ITGA9|BBS2|ITGB1|PLOD3|GRIP2|OXTR|P2RX1|P2RY1|TBXAS1|EDN1|P2RY2|EDNRA|ITGB1BP1|DRD1|WNT9B|RHOA|SCARB1|ACTA2|AGT|KCNMB2|GCLC|KCNMB4|GCLM|STUB1|FGG|GPER1|MMP2|GPX1|NOS1|ADRA2A|EXT1|HRH1|SLC6A4|HTR1B|SVEP1|TNF|UCN|MAP2K1|KNG1|RGS2|TBXA2R|PECAM1|SCPEP1|ABL1|ABCC9|HRH2|HTR2B|PRKG1|MAS1|ADRA1B|ROCK1|ADRA1D|BDKRB2|DOCK4|AVP|AVPR1A|GAB1|UTS2|UTS2B|UTS2R|CASR|SOD2|NOS3|VSTM4|CALCA|ROCK2|ADCY6|SERPINF2|ACE2|AGTR1|SOD1|SLC8A1|ZDHHC21|APOE|TACR1,https://www.gsea-msigdb.org/gsea/msigdb/human/geneset/GOBP_REGULATION_OF_TUBE_SIZE,155,ENR,GOBP_REGULATION_OF_TUBE_SIZE,1,1E-3,GOBP_REGULATION_OF_TUBE_SIZE,FALSE,GOBP_REGULATION_OF_TUBE_SIZE
88,3,3,3,0.999,,1E-3,,BMP4|PTPN22|DSG3|HAND2|CAV3|PRMT1|PHLPP1|EZR|MINK1|TREM2|MAP3K5|PJA2|CYLD|DAB2IP|DLG1|GADD45B|DSC2|GDF6|AGER|ZC3H12A|DUSP10|RELL1|LGALS9|MAP3K3|SPHK1|OPRK1|PER1|MFHAS1|GADD45G|HGF|SASH1|ULK4|MAP3K4|SPI1|BMP2|GADD45A|DUSP1|LEP|RELL2|STK39|IL1B,https://www.gsea-msigdb.org/gsea/msigdb/human/geneset/GOBP_REGULATION_OF_P38MAPK_CASCADE,41,ENR,GOBP_REGULATION_OF_P38MAPK_CASCADE,1,1E-3,GOBP_REGULATION_OF_P38MAPK_CASCADE,FALSE,GOBP_REGULATION_OF_P38MAPK_CASCADE
14,3,3,3,0.999,,1E-3,,BMP4|TRIM16|CAV1|APOLD1|VDR|LIF|DLL1|PRKCH|ERRFI1|ZFP36L1|PRKX|MYCN|IPO7|SPRED1|SPRED2|CCND1|CEBPB|KEAP1|SPRED3|SFN|PAX6|SPRY1|SPRY2|RPTOR|FRZB|IL13|KLF7|ATOH8|BTG1|CDKN1C|CEACAM1|FOXJ2|FOXN1|OVOL2|ASCL1|GRHL1|MESP1|SIX2|RFX3|SMO|TMEM100|FOXC1|NKX6-3|ESRP1|AQP3|DSPP|PTCH1|FST|NFE2L1|SULT2B1|MACROH2A1|OSR1|ZEB1|KDF1|VEGFA|ETV2|SRSF6|F11R|TP73|PPP1R12A|BAD|HEY2|MAFF|FOXJ1|GATA3|MACROH2A2|PTCH2|CD24|PLAAT4|TBX3|PLCB1|HOXA7|IKBKB|ZFP36|IL1B|ALOX15B|ACVRL1|ADD1|ETV4|SPRR5|ZBED2|TP63|AJAP1|JAG1|CLDN5|TNFRSF1A|CD109|CDH5|ATOH1|NOTCH4|MAFG|NUMA1|WNT10B|S1PR2|WNT9B|AHI1|DSG2|PRLR|NKX6-1|SFRP4|EZH2|EXTL3|VEZF1|CDKN1B|GDNF|SGPP1|BMP6|BLTP1|CTNNB1|KRT36|HES1|KRT84|HES5|TNF|MED1|NME2|VCL|XDH|ZEB2|KRAS|MYCL|PKP1|NOTCH1|ABCA12|FGF2|MSX1|MSX2|TLR9|WWTR1|PAX2|PAX8|YAP1|PROC|IFNG|IL20|MMP9|CYP27B1|ROCK1|LHX1|REG3G|PROM1|NODAL|LEF1|SERPINE1|BMP7|ROCK2|BMP2|NCOA3|STAT5B|S1PR3|FGF10|STAT1|GDF3|SOX9|STAT5A|ZDHHC21,https://www.gsea-msigdb.org/gsea/msigdb/human/geneset/GOBP_REGULATION_OF_EPITHELIAL_CELL_DIFFERENTIATION,156,ENR,GOBP_REGULATION_OF_EPITHELIAL_CELL_DIFFERENTIATION,1,1E-3,GOBP_REGULATION_OF_EPITHELIAL_CELL_DIFFERENTIATION,FALSE,GOBP_REGULATION_OF_EPITHELIAL_CELL_DIFFERENTIATION
3,3,3,3,0.999,,1E-3,,STAT3|REST|NOTCH1|TMSB4X|JAG1|BBS12|NELFB|YAP1|CDK12|CDK13|PRICKLE1|N4BP2L2|TRIM6|EZH2|GSK3B|HES1|ESRRB|HES5|NFE2L2|TBX3|HNRNPU|HSPA9|YTHDF2|ZFP36L2|LBH|TCF15,https://www.gsea-msigdb.org/gsea/msigdb/human/geneset/GOBP_NEGATIVE_REGULATION_OF_STEM_CELL_DIFFERENTIATION,26,ENR,GOBP_NEGATIVE_REGULATION_OF_STEM_CELL_DIFFERENTIATION,1,1E-3,GOBP_NEGATIVE_REGULATION_OF_STEM_CELL_DIFFERENTIATION,FALSE,GOBP_NEGATIVE_REGULATION_OF_STEM_CELL_DIFFERENTIATION
74,3,3,3,0.999,,1E-3,,OR2AT4|BBS4|B2M|OR2A4|UGT2A1|CD36|FZD2|DRD2|LPO|ASIC2|GJB4|OBP2B|NAV2|OR51E2|P2RX2|PLCB2|SCNN1B|SLC24A4|SYT10|BBS1|WNT10B|OR1D2|SCNN1A|SCNN1D|SCNN1G|BEST2|REEP2|UBR3|RTP2|RTP3|RTP4|RTP5|CNGA4|GNAT2|GNAL|P2RX3|OR10A2|OR10A3|OR10A6|OR10AC1|OR10AG1|OR10D3|OR10G3|OR10G4|AZGP1|OR10G7|OR5AN1|OR10H1|OR10H3|OR10H5|OR10K1|OR10K2|OR10Z1|OR11A1|OR11G2|OR11H4|OR13A1|OR13G1|OR14A16|OR14J1|OR14L1|OR1A1|OR1C1|OR1I1|OR1L6|OR1L8|OR1M1|OR2A1|OR2A12|OR2A14|OR2A25|CFAP69|OR2A42|OR2A5|OR2A7|OR2AG1|OR2AG2|OR2AJ1|OR2AK2|OR2AP1|OR2B11|OR2B6|OR2C1|OR2C3|OR2D3|OR2F1|OR2G6|OBP2A|OR2H1|OR2H2|OR2J1|ANO9|OR2J2|OR2K2|OR2L13|OR2L2|OR2L3|OR2L5|OR2L8|OR2M3|OR2M4|OR2T10|OR2T11|OR2T12|OR2T2|OR2T6|OR2T7|OR2T8|OR2V2|OR2W3|OR2Z1|OR3A1|OR3A2|OR3A3|OR4C11|OR4C6|OR4D1|OR4D10|OR4D2|OR4D9|OR4E1|TTC8|OR4E2|OR4F15|OR4F17|OR4K1|OR4K13|OR4K17|RIC8B|OR4K2|OR4N2|OR4Q3|OR51A4|OR51A7|MKKS|OR51B5|OR51D1|OR51E1|OR51I1|OR51I2|OR51M1|OR52A1|OR52A5|OR52E4|OR52E5|OR52H1|OR52I2|OR52K1|OR52K2|OR52N1|OR52N2|B3GNT2|OR52N4|OR52N5|OR52P1|OR56A1|OR56A3|GFY|OR56A4|OR56B1|OR5A1|ASIC1|OR5AS1|ASIC3|OR5AU1|CA6|OR5B2|CALHM1|OR5B21|CALHM3|OR5H1|CST1|OR5H14|CST2|OR5K1|CST4|OR5M1|GNAT1|OR5P2|GNAT3|OR5P3|GNB1|OR5V1|GNG13|OR6A2|OR6B1|PIGR|OR6C1|PIP|OR6C2|PKD1L3|OR6C4|PKD2L1|ITPR3|OR6C6|RGS21|OR6C74|TAS1R1|OR6C75|TAS1R2|OR6F1|TAS1R3|OR6J1|TAS2R1|OR6N1|TAS2R10|OR6N2|TAS2R13|OR6P1|PDE4A|TAS2R14|OR6Y1|TAS2R19|OR7A10|TAS2R20|OR7A17|TAS2R3|OR7A5|TAS2R30|OR7C1|TAS2R31|OR7D2|TAS2R39|OR7D4|TAS2R4|OR7G2|TAS2R42|OR8A1|TAS2R43|OR8B12|TAS2R46|OR8B8|TAS2R5|OR8D1|TAS2R50|OR8D4|TAS2R60|OR8G5|TAS2R9|TRPA1|OR8H1|TRPV1|OR8H2|OR8J2|OR8J3|OR8K3|OR9G1|OR9G4|OR9K2|OR9Q1|OR9Q2|VN1R1|VN1R2|FFAR4|GNAS|OR10J1|OR10A4|CNGB1|NXNL2|LEF1|SLC6A3|C5AR1|ADCY3,https://www.gsea-msigdb.org/gsea/msigdb/human/geneset/GOBP_SENSORY_PERCEPTION_OF_CHEMICAL_STIMULUS,263,ENR,GOBP_SENSORY_PERCEPTION_OF_CHEMICAL_STIMULUS,1,1E-3,GOBP_SENSORY_PERCEPTION_OF_CHEMICAL_STIMULUS,FALSE,GOBP_SENSORY_PERCEPTION_OF_CHEMICAL_STIMULUS
1,3,3,3,0.999,,1E-3,,MFRP|CNTF|NRL|OLFM3|THY1|ARL3|PCARE|RPGRIP1|SAMD11|SDK2|BBS1|ROM1|HCN1|RORB|BBS4|PRKCI|DSCAM|THRB|PPP2R3A|AHI1|BBS10|RDH13|SAMD7|PAX6|IFT140|GNGT1|RP1|USH1C|IHH|MYO7A|ELP6|NAGLU|EPG5|NKD1|STAT3|NOTCH1|AGTPBP1|TH|CEP290|TTC8|CDHR1|IFT20|CNGB1|VEGFA|CRB1|CRB2|POC5|RAB37|NPHP4|PRDM1|PROM1|RPGR|DLX1|DLX2|RP1L1|GNAT2|PRPH2|NDP|NTRK2|DIO3|FSCN2|TULP1|RPGRIP1L|PDE6C|GNAT1|SOX9|CABP4|CFAP418|NR2E3|SOX8|DZANK1|MFSD2A|FAM151B,https://www.gsea-msigdb.org/gsea/msigdb/human/geneset/GOBP_PHOTORECEPTOR_CELL_DIFFERENTIATION,73,ENR,GOBP_PHOTORECEPTOR_CELL_DIFFERENTIATION,1,1E-3,GOBP_PHOTORECEPTOR_CELL_DIFFERENTIATION,FALSE,GOBP_PHOTORECEPTOR_CELL_DIFFERENTIATION
96,3,3,3,0.999,,1E-3,,FOXA1|CHSY1|EFCAB7|WDR11|ARMC9|EVC|FGF9|STK36|FGFR2|GORAB|MKS1|GLI3|KIF7|SKOR2|TEDC1|TEDC2|IFT122|TTC23|TUBD1|RUNX2|TXNDC15|C2CD3|SERPINE2|ENPP1|CD3E|PRKACB|PRRX1|DCDC2|FUZ|RAB34|IFT140|MEGF8|NDST1|INTU|SCUBE1|KCTD21|RACK1|OTX2|KCTD6|ISL1|DLG5|IHH|SHOX2|GPC3|VCP|UBR5|SMO|TCTN1|BTRC|MGRN1|SUFU|ULK3|PTCH1|GLI1|IFT172|GAS1|ZIC1|DHH|POR|MOSMO|IFT81|SHH|TTC21B|ARL6|CREBBP|GPR37L1|CPLANE2|PDCL|FBXL17|GLIS2|CDK20|DYNC2H1|PRKACA|RFX4|TTBK2|PTCH2|TULP3|SFRP1|GPR161|TMED2|TRAF3IP1|CTNNA1|RPGRIP1L|KCTD11|RORA|UCHL5|HERC4|CIBAR1|RB1|NCOA2|FGF10|HHIP,https://www.gsea-msigdb.org/gsea/msigdb/human/geneset/GOBP_REGULATION_OF_SMOOTHENED_SIGNALING_PATHWAY,92,ENR,GOBP_REGULATION_OF_SMOOTHENED_SIGNALING_PATHWAY,1,1E-3,GOBP_REGULATION_OF_SMOOTHENED_SIGNALING_PATHWAY,FALSE,GOBP_REGULATION_OF_SMOOTHENED_SIGNALING_PATHWAY
2,3,3,3,0.999,,1E-3,,AKNA|HMGA2|WNT3A|NUMBL|FGFR1|POU3F3|WNT7A|DIXDC1|DOCK7|FGFR2|GLI3|PCM1|RRM1|DISC1|CEP120|LHX5|KIF14|NFIB|POU3F2|DCT|IGF2BP1|ARX|EMX2|NUMB|HOOK3|SIX3|FGF8|ZEB2,https://www.gsea-msigdb.org/gsea/msigdb/human/geneset/GOBP_CELL_PROLIFERATION_IN_FOREBRAIN,28,ENR,GOBP_CELL_PROLIFERATION_IN_FOREBRAIN,1,1E-3,GOBP_CELL_PROLIFERATION_IN_FOREBRAIN,FALSE,GOBP_CELL_PROLIFERATION_IN_FOREBRAIN
13,3,3,3,0.999,,1E-3,,CASQ2|CAV1|TMEM161B|CAV3|CHRNB2|SLC8A2|CXADR|CTNNA3|HCN1|DLG1|HCN3|DSC2|TAC1|DSP|KCNC2|TRPM4|FGF12|AKAP9|HCN4|TRPA1|KCNB1|ATP2A2|DSG2|JUP|SUMO1|CALM1|FGF13|KCNE3|CNR2|FLNA|NOS1|ANK2|RANGRF|TNF|TBX18|CD36|NOS1AP|BIN1|MTNR1B|PKP2|RNF207|RYR2|SCN5A|KCNJ2|FMR1|GBA1|ADRA1A|CACNA1C|SLC9A1|CACNA2D1|CACNB3|KCNK3|SLC4A3|KCNQ3|CALM3|GJA5|KCNK9|TACR1|CAMK2D,https://www.gsea-msigdb.org/gsea/msigdb/human/geneset/GOBP_REGULATION_OF_ACTION_POTENTIAL,59,ENR,GOBP_REGULATION_OF_ACTION_POTENTIAL,1,1E-3,GOBP_REGULATION_OF_ACTION_POTENTIAL,FALSE,GOBP_REGULATION_OF_ACTION_POTENTIAL
91,3,3,3,0.999,,1E-3,,CFAP20|GRP|SGIP1|ADORA2A|GHRL|GHSR|INSL5|RXFP4|GRIA1|STRA6|MC1R|NPAS2|NR4A3|OPRK1|MEF2C|NLGN1|VPS35|GHRH|GRPR|NPY|PENK|GHRHR|UCN|NPY2R|MTNR1B|HDAC2|AGRP|CRH,https://www.gsea-msigdb.org/gsea/msigdb/human/geneset/GOBP_POSITIVE_REGULATION_OF_BEHAVIOR,28,ENR,GOBP_POSITIVE_REGULATION_OF_BEHAVIOR,1,1E-3,GOBP_POSITIVE_REGULATION_OF_BEHAVIOR,FALSE,GOBP_POSITIVE_REGULATION_OF_BEHAVIOR
138,3,3,3,0.999,,1E-3,,BECN1|AQP2|DAXX|SNCA|MT1A|BACE1|MT1B|MT1E|NFE2L1|AQP1|MT1F|MT1G|MT1H|MT1M|NFE2L2|MT1X|MT2A|MT4|HSF1|PRNP|CYP1A1|MT3|MAP1LC3A|APP,https://www.gsea-msigdb.org/gsea/msigdb/human/geneset/GOBP_CELLULAR_RESPONSE_TO_COPPER_ION,24,ENR,GOBP_CELLULAR_RESPONSE_TO_COPPER_ION,1,1E-3,GOBP_CELLULAR_RESPONSE_TO_COPPER_ION,FALSE,GOBP_CELLULAR_RESPONSE_TO_COPPER_ION
12,3,3,3,0.999,,1E-3,,CHRNA3|SLC6A2|RALBP1|COMT|FFAR3|SLC38A2|SLC19A3|PSEN1|SLC22A4|SLC29A3|SLCO1A2|ADORA3|ADRA2B|ADRA2C|SLC11A1|SLC15A4|SLC18A1|SLC18B1|SLC38A3|NFE2L1|SLC38A5|RGS4|SLC32A1|SLC36A1|SLC36A2|SLC36A3|SLC47A1|SLC47A2|TACR2|SLC1A5|SLC3A2|SLC5A7|CLTRN|SLC7A1|SERINC3|SLC29A4|ADORA2A|SLC16A10|P2RY1|SLC1A2|SLC25A42|VIP|SLC25A17|KCNB1|CLN3|SLC22A3|SLC25A19|ATP13A3|SLC35F3|SERINC5|STX1A|ABCB1|SNCA|ADRA2A|SLC22A2|SLC44A1|SLC44A2|SLC44A3|SLC44A4|PDZK1|SLC44A5|FLVCR2|RGS2|SLC16A9|SLC19A2|SLC1A4|FLVCR1|SLC22A1|AQP8|CRH|MFSD12|SFXN1|RHAG|SFXN2|SLC6A12|SFXN3|SLC6A14|SLC38A1|SLC6A20|SLC7A7|SLC25A15|SLC7A5|SLC7A6|ACTB|SLC17A8|SLC25A2|GHSR|SLC25A20|SLC25A26|SLC25A29|SLC1A1|SLC25A38|SLC38A9|SLC36A4|SLC38A4|OXT|SLC43A1|SLC43A2|SLC6A3|SLC66A1|SLC6A15|TSPO2|SLC6A17|SLC6A5|SLC6A6|SLC6A7|GABBR1|SLC6A9|LLGL2|SLC7A10|SEC14L1|SLC22A16|SLC7A2|SLC7A3|SLC7A8|SLC22A5|ACE2,https://www.gsea-msigdb.org/gsea/msigdb/human/geneset/GOBP_ORGANIC_CATION_TRANSPORT,117,ENR,GOBP_ORGANIC_CATION_TRANSPORT,1,1E-3,GOBP_ORGANIC_CATION_TRANSPORT,FALSE,GOBP_ORGANIC_CATION_TRANSPORT
28,3,3,3,0.999,,1E-3,,MYC|CRY2|INO80|KDM1A|RPL26|KDM4D|AKT2|NSMCE3|NUCKS1|MC1R|ATF4|EIF2AK4|SDE2|NMT1|ECT2|CERS1|CHEK2|GNB5|EGR1|PTPRK|CCND2|PCNA|ELK1|H2AC25|POLH|GUCY2D|GUCY2F|ITGB6|GADD45A|RHO|BRCA2|EI24|RAD51|RAD51AP1|EIF2S1|NOC2L|MDM2|CRY1|CUL4B|FBXW7|MAP3K20|NMT2|CYBA|RUVBL2|XPA|RHOB|SIRT1|DDB2|RGS9|PPID|WRN|HUS1|LCN2|XRCC5|TRIAP1|ZBTB1|BAK1|ZMPSTE24|BAX|LIG4|BBC3|GRK1|GRK4|RHBDD1|SPIDR|BCL2L1|GRK7|MTCH2|GATA3|NEDD4|TP53|BMF|MME|NIPBL|GRB2|TMEM161A|TP53BP1|CAMKMT|POLA1|SFRP1|RAD1|RAD9A|RAD9B|IFI16|SAG|STK11|GNAT1|COPS9|CRIP1|MFAP4|OPN1SW|OPN5|YY1|PIERCE1|RBX1|RHNO1|CASP9|SLC24A4|TAF1|ATM|AURKB|USP28|SWI5|XPC|BLM|HRAS|PRKCD|TNKS1BP1|TSPYL5|METTL3|XRCC6|TLK2|CDKN1A|GTF2H5|MMP3|MMP2|GPR52|NPM1|PCP2|N4BP1|OPN4|RGR|RRH|AQP1|HYAL1|HYAL3|INTS7|SMPD1|TNF|PIK3R1|TP53INP1|RP1|NLRP1|SFRP2|BARD1|TMEM109|MMP1|ERCC1|TIMP1|ERCC4|PARP1|HYAL2|TGFB1|FBXO4|AIPL1|CRYAB|DHX36|ACTR5|CLOCK|NET1|YAP1|ATR|CRB1|HSF1|MMP9|SNAI2|BABAM2|MAPK11|DDB1|MAPK13|MAPK14|BRCA1|BRCC3|NFATC4|OPN3|CREBBP|CUL4A|SLC24A2|PRAP1|EEF1D|POLD1|EP300|TREX1|TRPM1|POLK|GPR88|FIGNL1|POLD3|TANK,https://www.gsea-msigdb.org/gsea/msigdb/human/geneset/GOBP_CELLULAR_RESPONSE_TO_RADIATION,179,ENR,GOBP_CELLULAR_RESPONSE_TO_RADIATION,1,1E-3,GOBP_CELLULAR_RESPONSE_TO_RADIATION,FALSE,GOBP_CELLULAR_RESPONSE_TO_RADIATION
19,3,3,3,0.999,,1E-3,,PLD2|GRK2|ARRB2|APLN|APLNR|GRM5|APELA|NECAB2|GTF2H2|ARR3|DRD2|GRK3|ENTREP1|CALCA|ADM|SAG|ARRB1|DRD3|GIPR|APP|UBQLN2,https://www.gsea-msigdb.org/gsea/msigdb/human/geneset/GOBP_NEGATIVE_ADAPTATION_OF_SIGNALING_PATHWAY,21,ENR,GOBP_NEGATIVE_ADAPTATION_OF_SIGNALING_PATHWAY,1,1E-3,GOBP_NEGATIVE_ADAPTATION_OF_SIGNALING_PATHWAY,FALSE,GOBP_NEGATIVE_ADAPTATION_OF_SIGNALING_PATHWAY
114,3,3,3,0.999,,1E-3,,ATP7B|SLC30A1|AP3B1|SLC1A1|SLC30A2|ATP13A2|SLC39A8|LCK|SLC30A10|SLC39A14|SLC39A4|SLC39A6|SLC39A10|SLC30A9|SLC30A5|SLC39A7|MT1A|MT1B|MT1E|MT1F|MT1G|MT1H|MT1M|MT1X|MT2A|TMC6|MT4|SLC30A7|SLC30A8|SLC39A9|TMC8|SLC39A13|MT3,https://www.gsea-msigdb.org/gsea/msigdb/human/geneset/GOBP_INTRACELLULAR_ZINC_ION_HOMEOSTASIS,33,ENR,GOBP_INTRACELLULAR_ZINC_ION_HOMEOSTASIS,1,1E-3,GOBP_INTRACELLULAR_ZINC_ION_HOMEOSTASIS,FALSE,GOBP_INTRACELLULAR_ZINC_ION_HOMEOSTASIS
5,3,3,3,0.999,,1E-3,,GPBAR1|RPS6|CHRNB2|WNT3A|CBLN2|CFL1|CLDN1|SIX1|HRG|PRKCH|NLGN4X|NRXN2|NTRK1|OGT|DLC1|ADGRB1|RAP1A|RAP1B|TBX5|MAP1B|RAPGEF2|MARK1|SLITRK1|NTN1|RAP2A|LHFPL4|VLDLR|EPHA2|BDNF|SIX4|SRC|DSG3|NECTIN1|VEGFA|F11R|PRICKLE1|ARHGAP6|SLC12A5|ASIC2|CRTAC1|FLOT1|MYOC|PEAK1|SRGAP2C|IL1RAPL1|GREM1|ST8SIA2|CLSTN1|COLQ|IKBKB|DMTN|IL17A|ZDHHC8|IL1B|ADGRB3|SENP1|SIGMAR1|CLDN5|IL1RAPL2|LRFN3|LATS1|SLITRK2|EFNA5|ITGB1BP1|RAPGEF1|EPHA7|PTEN|FLRT2|S1PR2|DKK1|FLRT3|RHOA|TJP1|EEF2K|MYO1C|ARHGAP12|MEF2C|MMP14|MYCBP2|ARF6|NECTIN3|UBE3B|FZD1|SNCA|NTRK3|PRKCA|PPM1F|TNF|LDB1|MAP4K4|ARHGEF15|SNAI1|KDR|SEMA4C|SEMA4D|ABL1|ADNP|EPB41L5|PTK2|PTK2B|PTPRJ|ADGRB2|AMIGO2|LINGO2|RAC1|ELMO1|LINGO4|PTPN1|LRRC24|RAC3|LRRN1|LRRN3|PTPRS|SNAI2|FARP1|FLRT1|LRTM2|ROCK1|RTN4|DOCK4|IQSEC2|SETD5|EPHB1|LRP4|LRRTM3|NTRK2|PUM2|PRKACA|RHOG|TPBG|AMIGO3|DAPK3|MACF1|SLITRK6|RHOD|THBS1|POLDIP2|CAV1|DOCK10|THY1|AGRN|TLR2|EPHA3|AMIGO1|LIMS1|WNT5A|GPRASP3|LRRTM1|PTPN13|DUSP22|CRIPT|PDLIM5|CLSTN2|GPM6B|SMAD3|EIF4G1|SLITRK5|ACTG1|CLASP1|DLG5|CLASP2|PTPRA|CHD4|EPHB2|CUX2|NCKIPSD|NUMBL|TRIM47|APLNR|FAM107A|FZD5|LIMCH1|LIN7A|SRGAP2B|LIN7B|SLITRK3|HOPX|LIN7C|ACE|LZTS1|SLC9A1|CC2D1A|RCC2|NAE1|NLGN1|NLGN2|CYFIP2|NRXN1|CORO1C|VPS35|NEDD8|PDZD11|RAB17|SDC4|SFRP1|ASIC1|GNA13|IGSF11|SYNDIG1|ACVRL1|MUSK|CARMIL3|ARHGAP33|SRPX2|NEURL1|CAMSAP3|S100A10|ABI3|CNTNAP2|SRGAP2|CASKIN1|CBLN1|DUSP3|COL16A1|AGT|DOCK1|LRFN1|LRFN4|LRRC4B|LRRTM2|CTNNB1|UBE2M|VSTM5|GRID2|THBS2|NTNG2|PTPRD|TLN1|GPC4|TSC1|LRFN5|VCL|PPP1R9B|IRX3|NLGN3|FGFR1|GHRL|IL1RAP|NRP1|WNT7A|CRMP1|GHSR|PHLDB2|WDPCP|HTR4|SLITRK4|CLSTN3|ICAM5|NEGR1|ROBO2|STAU2|RTN4R|ARMCX5-GPRASP2|APP|MDGA1|NPHP4|OXT|APOD|CRB3|SLIT1|TEK|SLK|ROCK2|SEMA4A|FERMT2|WNT4|ACE2|NPHP1|EPHB3,https://www.gsea-msigdb.org/gsea/msigdb/human/geneset/GOBP_REGULATION_OF_CELL_JUNCTION_ASSEMBLY,269,ENR,GOBP_REGULATION_OF_CELL_JUNCTION_ASSEMBLY,1,1E-3,GOBP_REGULATION_OF_CELL_JUNCTION_ASSEMBLY,FALSE,GOBP_REGULATION_OF_CELL_JUNCTION_ASSEMBLY
,3,3,3,0.999,,1E-3,,DSC3|THBS4|PKP3|SRF|CCN3|PLEKHA7|DSP|CAMSAP3|CTNNA1|ITGB5|KIT|CYP1B1|IHH|JUP|VCL|SERPINB8|KIFC3,https://www.gsea-msigdb.org/gsea/msigdb/human/geneset/GOBP_EPITHELIAL_CELL_CELL_ADHESION,17,ENR,GOBP_EPITHELIAL_CELL_CELL_ADHESION,1,1E-3,GOBP_EPITHELIAL_CELL_CELL_ADHESION,FALSE,GOBP_EPITHELIAL_CELL_CELL_ADHESION
9,3,3,3,0.999,,1E-3,,SV2B|SV2C|CHRNA3|SLC30A1|DYSF|CHRNB4|ADORA2A|NGF|RIMS2|CASK|RAB3A|P2RX1|P2RY1|PREPL|SNAPIN|RAP1A|RAP1B|FER1L5|ATP2A2|SNCAIP|CSPG5|KCNMB4|MEF2C|BAIAP3|STX1A|GPER1|STX1B|SLC38A2|TSPOAP1|SNCA|SYT1|SYT13|SYT2|SYT5|SYT8|NF1|RAB3GAP1|MYOF|PRKCG|MICU3|KMO|DTNBP1|PRKN|PRKCB|SLC4A8|SNCG|WNT7A|BGLAP|FMR1|VPS18|TACR2|GPR158|HCRT|DVL1|NLGN1|PFN2|STXBP5|CACNA1B|CPLX4|PPFIA2|BRAF|PPP3CA|FBXL20|NPY|CACNB4|GPR151|CALM3|CAMK2A|SEPTIN5|CDK5|GGCX|OTOF|PNKD|ASIC1|LRRK2|STXBP1|FBXO45|MCTP1|SYN1|MCTP2|RIMS1|GIT1|RIMS3|RIMS4|SYT11|RAB5A|SYT4,https://www.gsea-msigdb.org/gsea/msigdb/human/geneset/GOBP_REGULATION_OF_NEUROTRANSMITTER_SECRETION,87,ENR,GOBP_REGULATION_OF_NEUROTRANSMITTER_SECRETION,1,1E-3,GOBP_REGULATION_OF_NEUROTRANSMITTER_SECRETION,FALSE,GOBP_REGULATION_OF_NEUROTRANSMITTER_SECRETION
,3,3,3,0.999,,1E-3,,SMO|HIF1A|FOXA1|WNT3A|MANF|RAC1|NR4A2|VEGFA|ID2|OTP|VEGFD|WNT5A|WNT9B|DKK1|FMC1|RYK|SHH|CDNF|TIAM1|LMX1B|DMRTA2|RSPO2|GSK3B|WNT1|WNT2|FZD1|CTNNB1|EN1|FOXA2|EN2|LMX1A|SFRP1|OTX2|CSNK1D|PITX3|LRP6|SFRP2|WNT3|HPRT1|FGF20|FGF8|PHOX2A,https://www.gsea-msigdb.org/gsea/msigdb/human/geneset/GOBP_DOPAMINERGIC_NEURON_DIFFERENTIATION,42,ENR,GOBP_DOPAMINERGIC_NEURON_DIFFERENTIATION,1,1E-3,GOBP_DOPAMINERGIC_NEURON_DIFFERENTIATION,FALSE,GOBP_DOPAMINERGIC_NEURON_DIFFERENTIATION
94,3,3,3,0.999,,1E-3,,ANO6|FPR2|CREB3|CCL5|MOSPD2|DEFB124|CCR1|DEFB131A|PLA2G7|CCR2|HMGB1|SERPINE1|TNFSF18|CX3CR1|CXCL10|CXCL12|CXCL17|LGMN|AIF1|S100A14|APP|S100A7,https://www.gsea-msigdb.org/gsea/msigdb/human/geneset/GOBP_POSITIVE_REGULATION_OF_MONOCYTE_CHEMOTAXIS,22,ENR,GOBP_POSITIVE_REGULATION_OF_MONOCYTE_CHEMOTAXIS,1,1E-3,GOBP_POSITIVE_REGULATION_OF_MONOCYTE_CHEMOTAXIS,FALSE,GOBP_POSITIVE_REGULATION_OF_MONOCYTE_CHEMOTAXIS
69,3,3,3,0.999,,1E-3,,TAF9B|SNW1|TP63|ATAD5|PYCARD|KDM1A|RPL26|USP28|BCL3|PPP2R5C|NUPR1|SIRT1|MSH2|DYRK2|CD74|ELL3|TP73|TRIAP1|HIPK1|BBC3|HIPK2|BCL2|MUC1|CDKN1A|TOPORS|AEN|MIF|CDIP1|CHEK2|TP53|BAG6|DDIT4|TAF9|HNRNPK|MARCHF7|SHISA5|EP300|PML|CD44|PHLDA3|IFI16|URI1|RPS27L|BRCA2|TMEM109|BCL2L12|ZNF385A|ING2,https://www.gsea-msigdb.org/gsea/msigdb/human/geneset/GOBP_INTRINSIC_APOPTOTIC_SIGNALING_PATHWAY_IN_RESPONSE_TO_DNA_DAMAGE_BY_P53_CLASS_MEDIATOR,48,ENR,GOBP_INTRINSIC_APOPTOTIC_SIGNALING_PATHWAY_IN_RESPONSE_TO_DNA_DAMAGE_BY_P53_CLASS_MEDIATOR,1,1E-3,GOBP_INTRINSIC_APOPTOTIC_SIGNALING_PATHWAY_IN_RESPONSE_TO_DNA_DAMAGE_BY_P53_CLASS_MEDIATOR,FALSE,GOBP_INTRINSIC_APOPTOTIC_SIGNALING_PATHWAY_IN_RESPONSE_TO_DNA_DAMAGE_BY_P53_CLASS_MEDIATOR
12,3,3,3,0.999,,1E-3,,CHRNB2|SNCG|GDNF|ABAT|SNCA|HTR2A|CHRNA6|KCNA2|SYT1|GABBR1|CXCL12|DRD2|CHRNA4|NPY2R|GRM2|DRD3|FGF20|PINK1|SYT11|SYT4|DTNBP1|OPRK1|PRKN,https://www.gsea-msigdb.org/gsea/msigdb/human/geneset/GOBP_REGULATION_OF_DOPAMINE_SECRETION,23,ENR,GOBP_REGULATION_OF_DOPAMINE_SECRETION,1,1E-3,GOBP_REGULATION_OF_DOPAMINE_SECRETION,FALSE,GOBP_REGULATION_OF_DOPAMINE_SECRETION
21,3,3,3,0.999,,1E-3,,THBS1|BMP4|SYNJ2BP|ANGPT1|DLL1|CARD10|JMJD8|AKT1|HDAC9|FUT1|VEGFB|MAP2K5|NUS1|VEGFC|VEGFD|EFNB2|SPRED1|FGFBP1|CREB3L1|PDCD10|PKM|E2F2|HMGB1|GATA2|ITGA5|TGFBR3|EPHA2|KLF2|CEACAM1|CTNND1|GLUL|PIK3C2A|DLL4|PIK3CB|STARD13|PIK3R3|SRF|APLNR|AKT3|HMOX1|VEGFA|S100A1|JAK1|PLK2|FLT1|RSPO3|EPHB4|MMRN2|FOXC2|GREM1|CIB1|IL12A|CLEC14A|JMJD6|NAXE|TMEM215|ACVRL1|ADGRA2|RNF213|PACSIN2|SRPX2|CDH13|ITGB1|CDH5|HDAC5|PPP1R16B|YJEFN3|ADAMTS9|ITGB1BP1|CLIC3|CRIPTO|DSG2|RHOA|TJP1|EPN1|MICALL1|EPN2|NGFR|JCAD|IL12B|CCBE1|NR4A1|RHOJ|SMAD1|LOXL2|TNN|ZNF354C|TSPAN18|FLT4|E2F7|SEMA3E|E2F8|TGM2|KDR|TBXA2R|EHD4|SEMA6A|OTULIN|MMRN1|PGF|TGFB1|NOTCH1|PDPK1|ABL1|FGF2|GHRL|NRP1|GHSR|GPLD1|PTK2B|RECK|HDAC7|ADGRG6|ROBO1|ADTRP|MEOX2|RTN4|EGR3|ALOX5|ENG|SEMA5A|ANXA1|FGF1|FGF16|FGF18|IL10|RAMP2|LEF1|ESM1|APELA|PARVA|TEK|BMPER|VSTM4|CEMIP2|KLF4|NRARP|PTGS2|SLIT2|AGTR1|MIA3|NR2E1,https://www.gsea-msigdb.org/gsea/msigdb/human/geneset/GOBP_SPROUTING_ANGIOGENESIS,142,ENR,GOBP_SPROUTING_ANGIOGENESIS,1,1E-3,GOBP_SPROUTING_ANGIOGENESIS,FALSE,GOBP_SPROUTING_ANGIOGENESIS
77,3,3,3,0.999,,1E-3,,CAV1|HIF1A|RARA|FOXA1|NOTCH1|PGR|XBP1|FGF2|INSM1|NKX6-3|TP63|NR5A2|FZD5|RARB|GPAT4|RARG|FGFR2|YAP1|WDR77|PROX1|BHLHA15|SLC9A4|NFIB|CTNNB1|GATA2|IL31RA|EXT1|CLCN2|BMP2|WNT4|LHX3|FGF8|ZNF800|SOX9|ASCL1|SPDEF,https://www.gsea-msigdb.org/gsea/msigdb/human/geneset/GOBP_GLANDULAR_EPITHELIAL_CELL_DIFFERENTIATION,36,ENR,GOBP_GLANDULAR_EPITHELIAL_CELL_DIFFERENTIATION,1,1E-3,GOBP_GLANDULAR_EPITHELIAL_CELL_DIFFERENTIATION,FALSE,GOBP_GLANDULAR_EPITHELIAL_CELL_DIFFERENTIATION
2,3,3,3,0.999,,1E-3,,EPHB2|PRDM8|NIN|WDR89|ATG16L1|PTPRS|HERC1|PAFAH1B1|RTN4R|RTN4RL1|RYK|TSKU|CORO1C|FILIP1|KCNC1|SZT2|LPAR1|KCNA2|CDK5|WDR47|RPGRIP1L|C12ORF57|WDR37|ZEB2|EPHB3|RTN4RL2|NSUN5,https://www.gsea-msigdb.org/gsea/msigdb/human/geneset/GOBP_CORPUS_CALLOSUM_DEVELOPMENT,27,ENR,GOBP_CORPUS_CALLOSUM_DEVELOPMENT,1,1E-3,GOBP_CORPUS_CALLOSUM_DEVELOPMENT,FALSE,GOBP_CORPUS_CALLOSUM_DEVELOPMENT
3,3,3,3,0.999,,1E-3,,HOXB4|NR6A1|PWP1|REST|SETD1A|ITCH|JAG1|KAT5|MBD3|SMYD5|CDK12|CDK13|MTA2|TBX5|SP7|METTL3|TRIM6|EZH2|BMPR1A|GSK3B|GDNF|HDAC1|FZD1|CHD3|HES1|HES5|NFE2L2|HSPA9|SOX5|TGFBR2|YTHDF2|SIRT6|TEAD2|PRKDC|CDK6|HDAC2|NKX2-5|CHD4|STAT3|FOXC1|NOTCH1|TMSB4X|ABL1|FGF2|NR5A2|PDGFRA|DHX36|BBS12|PTN|NELFB|YAP1|EIF2AK2|PRICKLE1|LTBP3|N4BP2L2|PUS7|SLC4A11|MTA3|NSUN2|NUDT21|SOX6|MTCH2|MTA1|GATAD2A|GATAD2B|OSM|KDM3A|RBM24|TACSTD2|SOX17|OCIAD1|ESRRB|TBX3|HNRNPU|ZFP36L2|KDM4C|LBH|RBBP7|WNT3|RBBP4|TCF15|SOX9|TGFB2,https://www.gsea-msigdb.org/gsea/msigdb/human/geneset/GOBP_REGULATION_OF_STEM_CELL_DIFFERENTIATION,83,ENR,GOBP_REGULATION_OF_STEM_CELL_DIFFERENTIATION,1,1E-3,GOBP_REGULATION_OF_STEM_CELL_DIFFERENTIATION,FALSE,GOBP_REGULATION_OF_STEM_CELL_DIFFERENTIATION
94,3,3,3,0.999,,1E-3,,CCL26|IL6R|CCL3|CCL5|TNFRSF11A|CCL7|LGALS3|CCN3|TNFSF11|CCR1|CCR2|TNFSF18|LGMN|LYN|PDGFB|CREB3|MOSPD2|MSMP|HMGB1|CTSG|CX3CR1|CXCL10|CXCL12|NBL1|CXCL17|NINJ1|DUSP1|PF4|DEFB104A|DEFB104B|DEFB124|DEFB131A|PTPRO|RPS19|AIF1|S100A12|S100A14|APP|FLT1|S100A7|FOLR2|ANO6|ANXA1|FPR2|IL6|PLA2G7|SERPINE1|SLAMF8|SLIT2|CALCA|GREM1|CCL2|CCL23,https://www.gsea-msigdb.org/gsea/msigdb/human/geneset/GOBP_MONOCYTE_CHEMOTAXIS,53,ENR,GOBP_MONOCYTE_CHEMOTAXIS,1,1E-3,GOBP_MONOCYTE_CHEMOTAXIS,FALSE,GOBP_MONOCYTE_CHEMOTAXIS
112,3,3,3,0.999,,1E-3,,BCL2L1|UNC5C|IL1A|CASP2|YBX3|UBE2B|KIT|SYCP2|KITLG|PRKDC|SYCE3|DDB1|SOD1|MAEL|TEX11|TOPAZ1|BAX|IL1B,https://www.gsea-msigdb.org/gsea/msigdb/human/geneset/GOBP_ECTOPIC_GERM_CELL_PROGRAMMED_CELL_DEATH,18,ENR,GOBP_ECTOPIC_GERM_CELL_PROGRAMMED_CELL_DEATH,1,1E-3,GOBP_ECTOPIC_GERM_CELL_PROGRAMMED_CELL_DEATH,FALSE,GOBP_ECTOPIC_GERM_CELL_PROGRAMMED_CELL_DEATH
,3,3,3,0.999,,1E-3,,EPHA5|HIF1A|RPS6|FOXA1|HK1|HK2|CRY2|HK3|HKDC1|ADGRF5|NOX4|HECTD4|AKT1|GCKR|CSRP3|OGT|NUCKS1|OXCT1|NR1H4|PDX1|SGCB|OSBP|SLC12A6|G6PC1|GCGR|GCK|PAX6|APPL2|PPARD|PRKAA2|IGF1|INPP5K|INS|RPTOR|INSR|IRS1|SIRT6|IRS2|LEP|LEPR|NR1D1|VGF|PFKM|ZBTB20|DBH|MPC2|NADK|CYBA|PIM3|POMC|COL1A1|PTCH1|MLXIPL|SRI|PPP1R3G|SLC12A7|BAD|PYGL|FFAR2|PDK2|PDK4|GAS6|PLA2G6|SOX4|PRCP|ADIPOR1|ADIPOR2|USF2|ICAM1|TRA2B|GPR21|NCOA5|FOSL2|JAGN1|GJB6|ENDOG|EFNA5|PARK7|UBTF|GPRC6A|KCNB1|LRRC8A|FIS1|NKX6-1|PHPT1|RFX6|SLC2A2|TRPM5|GCLC|TUNAR|GCLM|NGFR|VSNL1|DHPS|GPR27|GPR68|NCF1|GPER1|GPX1|IGF1R|KLF15|LIN28A|TRPV4|RAB11B|CSMD1|ERO1B|XBP1|MCU|PAX2|ZNF236|AGER|PTPRJ|PRKCE|RAC1|PTPN2|SIDT2|RAB11FIP2|CDKN2A|IER3IP1|OAS1|CNR1|SLC39A14|PIK3CA|FKBP1B|NDUFAF2|RRAGA|PPARGC1A|PRKACA|NPTX1|SLC8B1|SLC30A8|SIN3A|SELENOT|LRP5|PLSCR3|STXBP4|TENT4B|CAV3|PPARG|DUSP29|FFAR1|KAT5|TRPM4|FUT1|BHLHA15|IGFBP5|SESN2|CFTR|PCK1|PCK2|BAIAP3|FOXO1|PTPRN2|PTPN11|SMAD3|BRSK2|CMKLR2|OBP2A|CYB5R4|HNF1A|RACK1|CCDC186|CDK16|FBN2|SERPINF1|G6PC2|KLF7|MTNR1B|MBD5|C2CD2L|RAB11FIP5|CRY1|SLC16A1|ANO1|SSTR5|ENY2|SRF|ERN1|ZBED6|ACSM2A|SIRT1|SMARCA4|PIK3R2|SMARCB1|BACE2|CLTRN|FBN1|SLC9B2|FOXA2|UCP2|SLC2A4|GHRHR|STK11|LRRC8D|STXBP3|SYBU|GUCA2B|RAF1|HNF4A|RMI1|SLC37A4|UNC13B|WFS1|PTPRN|C1QTNF12|PDE8B|SESN3|RPH3AL|TRPA1|ABCC8|HLA-DRB1|MUSTN1|STX4|ADRA2A|SLC29A1|TCF7L2|PIK3R1|FABP5|DYNLL1|SMAD4|GATA4|CRH|PRKN|STAT3|PPP3CB|TGFB1|TREM2|ABCA12|FGFR4|GHRL|ASPSCR1|CCN4|CMA1|GPLD1|BGLAP|TSC22D4|ADIPOQ|ADISSP|CYP7A1|NEUROD1|ALOX5|OPRK1|SUCNR1|CEBPA|FOXA3|IL6|CASR|FOXO3|RBP4|RBM4|ADCY5|USF1|FOXK1|FOXK2|ADCY8|CYP11B1|PIH1D1|PRKAA1|GCG|GPI|CRTC2,https://www.gsea-msigdb.org/gsea/msigdb/human/geneset/GOBP_CARBOHYDRATE_HOMEOSTASIS,261,ENR,GOBP_CARBOHYDRATE_HOMEOSTASIS,1,1E-3,GOBP_CARBOHYDRATE_HOMEOSTASIS,FALSE,GOBP_CARBOHYDRATE_HOMEOSTASIS
,3,3,3,0.999,,1E-3,,MSR1|C3|SREBF2|PLIN5|NR1H2|ZC3H12A|VSTM2A|ACACB|PLA2G10|CD36|IKBKE|APOB|LPL|EHD1|NFKB1|PLIN2|PLIN3|SCARB1|HILPDA,https://www.gsea-msigdb.org/gsea/msigdb/human/geneset/GOBP_POSITIVE_REGULATION_OF_LIPID_STORAGE,19,ENR,GOBP_POSITIVE_REGULATION_OF_LIPID_STORAGE,1,1E-3,GOBP_POSITIVE_REGULATION_OF_LIPID_STORAGE,FALSE,GOBP_POSITIVE_REGULATION_OF_LIPID_STORAGE
34,3,3,3,0.999,,1E-3,,BCL11A|C3|SCARF1|ADGRB3|EPHA8|ANKS1A|NTN4|KCNQ3|C1QL1|CX3CL1|RND1|EDNRA|FARP2|APP|C1QA,https://www.gsea-msigdb.org/gsea/msigdb/human/geneset/GOBP_NEURON_REMODELING,15,ENR,GOBP_NEURON_REMODELING,1,1E-3,GOBP_NEURON_REMODELING,FALSE,GOBP_NEURON_REMODELING
137,3,3,3,0.999,,1E-3,,ABI2|FCHSD2|CARMIL3|ARFIP2|WASF3|WASHC5|CARMIL1|CARMIL2|CORO1B|CTNNA2|NCKAP1|DNAI3|GMFB|GMFG|ARF1|PICK1|WASF1|ARFIP1|WASHC1|WASHC2A|RNH1|WASHC2C|WASHC3|WASHC4|HIP1R|WASF2|AP1AR|BRK1|CYFIP1,https://www.gsea-msigdb.org/gsea/msigdb/human/geneset/GOBP_REGULATION_OF_ARP2_3_COMPLEX_MEDIATED_ACTIN_NUCLEATION,29,ENR,GOBP_REGULATION_OF_ARP2_3_COMPLEX_MEDIATED_ACTIN_NUCLEATION,1,1E-3,GOBP_REGULATION_OF_ARP2_3_COMPLEX_MEDIATED_ACTIN_NUCLEATION,FALSE,GOBP_REGULATION_OF_ARP2_3_COMPLEX_MEDIATED_ACTIN_NUCLEATION
3,3,3,3,0.999,,1E-3,,DLL4|CAV3|NOTCH1|SRF|BMP10|CHD7|FKBP1A|ADGRG6|HEY2|EGLN1|ENG|NACA|S1PR1|TGFBR1|ADAMTS1|BMPR1A|NRG1|NOG|TEK|BMP5|RBPJ|RBP4|BMP7|FHL2|FOXH1|SOS1|TGFBR3|MED1|NKX2-5|OVOL2|HEG1|UBE4B|HEY1|TGFB2,https://www.gsea-msigdb.org/gsea/msigdb/human/geneset/GOBP_HEART_TRABECULA_MORPHOGENESIS,34,ENR,GOBP_HEART_TRABECULA_MORPHOGENESIS,1,1E-3,GOBP_HEART_TRABECULA_MORPHOGENESIS,FALSE,GOBP_HEART_TRABECULA_MORPHOGENESIS
15,3,3,3,0.999,,1E-3,,NR5A1|BMP4|FEM1B|FOXA1|FOXF2|HESX1|PGR|SGPL1|PTX3|SRD5A1|RARG|SRD5A2|CSDE1|LHCGR|DLG1|FGF9|NPPC|NTRK1|NKX2-1|DHX37|TCF21|RDH10|PCYT1B|CEBPB|PSAPL1|COL6A1|NUP107|KLHL10|PKD1|CRKL|SERPINB5|NKX3-1|AFP|IGF1|INSR|UBB|HSD17B3|LHB|SOX15|LEP|SIX4|SRC|SALL1|CYP19A1|H3-3A|VGF|CYP7B1|H3-3B|FOXC1|IDH1|CASP2|PTCH1|FST|VEGFA|SCX|MSH2|NPR2|RETN|ESR1|AR|BAK1|BAX|CGA|FER|BCL2|BCL2L1|NHLH2|BCL2L11|BCL2L2|BIK|GATA3|BOK|NR2F2|TBX3|NASP|TESC|FZD4|GDF9|ADAM15|NDUFS6|FGFR2|EIF2B2|NUPR1|EAF2|GNRH1|STRA6|KIT|LGR4|NOTCH4|KITLG|WDR77|WT1|WNT2B|FANCG|WNT9B|ANG|UBE2Q1|FOXL2|MMP14|MMP2|BMP6|ZNF830|LSM14B|SFRP2|REN|ZFP42|KDR|UBE3A|CITED2|ING2|MMP19|CSMD1|SLIT3|CHD7|RAC1|IMMP2L|RHOBTB3|ADAM18|GREB1L|ADAM32|SHH|TGFBR1|ARID4A|ARID4B|GFRA1|YBX3|FSHR|NOS3|BMP7|SLIT2|DMRT1|ADAM20|ADAM21|SAFB2|STAT5B|ADAM29|ADAM30|FGF10|FGF8|HOXA13|LHX9|STAT5A|MAMLD1|MEA1|SOX8|RNF38|BCAS2|TGFB2|UTF1|IRX5|C3|FKBP4|CD2AP|HMGA2|PATZ1|TIFAB|AGO4|TNFAIP6|ASPM|GPR149|ERRFI1|LFNG|TLR5|RXFP2|INHBB|RRM1|WNT5A|RAB13|EIF2B4|ZP3|CCND1|FNDC3A|NUP210L|CASP3|TYRO3|ADAMTS1|PRDX4|FLNA|GATA1|PTPN11|TFAP2C|HOXA10|KIF18A|HOXA11|HOXD13|HNF1B|EIF2B5|SERPINF1|BRCA2|ADGRG1|BRIP1|CDKN1C|MYOCD|DMC1|NCOA4|OSR1|PSAP|BASP1|PLAG1|SIRT1|HMGB2|GAS2|SMARCC1|MKKS|WDR19|ACE|TAF4|NOG|ANTXR2|HOXA9|PLEKHA5|ATN1|NIPBL|SPATA22|ZFPM2|TBC1D20|CBL|SFRP1|STK11|SYCP2|BMPR1B|SIX3|WDR48|CRIP1|ALOX15B|REC8|UMODL1|MERTK|ATM|TP63|HSD17B4|ASH1L|PTPRN|ATRX|NCOA1|AXL|SPO11|KDM5B|HOXB13|SERPINE2|AMH|PRLR|NRIP1|DMRTA1|CDKN1B|CCNO|ABCB1|DNAJC19|CTNNB1|ID4|ODAD3|HYAL3|INHA|INHBA|LRP2|TMF1|ASB1|SMAD4|GATA4|ERCC1|PPP1R9B|EREG|GATA6|TIPARP|RARA|NOTCH1|AKR1C3|NR5A2|TLR3|WNT7A|DNAAF3|PDGFRA|GLI1|SCAPER|TLR9|GMNC|DHH|FANCA|PLEKHA1|ACVR2A|ROBO2|GDF7|LHX1|SPATA2|AMHR2|TNC|EIF2S2|FANCE|MSH4|BMP5|FOXO3|RBP4|CTNNA1|MCIDAS|WNT4|ZFY|NR0B1|SOD1|ADAM2|FRS2|SOX9|SULF1|TEX11|ARID5B|DHCR24|DNAAF11|TEX19,https://www.gsea-msigdb.org/gsea/msigdb/human/geneset/GOBP_REPRODUCTIVE_SYSTEM_DEVELOPMENT,307,ENR,GOBP_REPRODUCTIVE_SYSTEM_DEVELOPMENT,1,1E-3,GOBP_REPRODUCTIVE_SYSTEM_DEVELOPMENT,FALSE,GOBP_REPRODUCTIVE_SYSTEM_DEVELOPMENT
101,3,3,3,0.999,,1E-3,,CSPG4|CBLB|SGPL1|PHF14|ITGB3|IQGAP1|PDGFC|CSRNP1|PDGFRB|PTPN12|PDGFA|PDGFB|SNCA|PTPN11|HIP1R|SMPD3|F3|JAK2|PTGIR|SRC|CLASP2|MYOCD|LRIG2|PDGFD|PIK3C2A|TIPARP|LRP1|PDGFRL|ABL1|HIP1|NRP1|PDGFRA|NDRG4|HGS|PLAT|TXNIP|BCAR1|PTPRJ|IFT20|PTPN1|VEGFA|PTPN2|ZFAND5|PLEKHA1|ADIPOQ|F7|FER|NR4A3|STON1|RGS14|APOD|LOX|CBL|FSHR|NHERF1|MYO1E|ARID5B|IL1B|IL1R1,https://www.gsea-msigdb.org/gsea/msigdb/human/geneset/GOBP_PLATELET_DERIVED_GROWTH_FACTOR_RECEPTOR_SIGNALING_PATHWAY,59,ENR,GOBP_PLATELET_DERIVED_GROWTH_FACTOR_RECEPTOR_SIGNALING_PATHWAY,1,1E-3,GOBP_PLATELET_DERIVED_GROWTH_FACTOR_RECEPTOR_SIGNALING_PATHWAY,FALSE,GOBP_PLATELET_DERIVED_GROWTH_FACTOR_RECEPTOR_SIGNALING_PATHWAY
27,3,3,3,0.999,,1E-3,,TTLL1|AGTPBP1|SLC25A46|DLL1|COQ8B|SKOR2|WHRN|CEND1|GBA1|LDB1|RORA|ATP7A|HERC1|FOXP2|FAIM2|SPTBN2|LHX1|LHX5|KIF14|TTC21B,https://www.gsea-msigdb.org/gsea/msigdb/human/geneset/GOBP_CEREBELLAR_PURKINJE_CELL_LAYER_MORPHOGENESIS,20,ENR,GOBP_CEREBELLAR_PURKINJE_CELL_LAYER_MORPHOGENESIS,1,1E-3,GOBP_CEREBELLAR_PURKINJE_CELL_LAYER_MORPHOGENESIS,FALSE,GOBP_CEREBELLAR_PURKINJE_CELL_LAYER_MORPHOGENESIS
5,3,3,3,0.999,,1E-3,,DOCK10|NCKIPSD|NUMBL|CARMIL3|TRIM47|ARHGAP33|CRMP1|SENP1|NRXN2|SIGMAR1|NEURL1|HTR4|RAC1|ELMO1|PTPN1|RAC3|MAP1B|MARK1|SLC12A5|S1PR2|ASIC2|RTN4|RTN4R|DOCK4|LZTS1|CC2D1A|LRP4|ARHGAP12|DOCK1|NAE1|CYFIP2|VPS35|NECTIN3|NEDD8|UBE3B|PUM2|UBE2M|RHOG|ASIC1|GNA13|ARHGEF15|SEMA4C|ZDHHC8|SYNDIG1|PPP1R9B,https://www.gsea-msigdb.org/gsea/msigdb/human/geneset/GOBP_REGULATION_OF_POSTSYNAPSE_ASSEMBLY,45,ENR,GOBP_REGULATION_OF_POSTSYNAPSE_ASSEMBLY,1,1E-3,GOBP_REGULATION_OF_POSTSYNAPSE_ASSEMBLY,FALSE,GOBP_REGULATION_OF_POSTSYNAPSE_ASSEMBLY
11,3,3,3,0.999,,1E-3,,PIWIL2|LFNG|DAZL|MSX1|RBM46|MSX2|NPM2|UBE2B|NPR2|WNT5A|CDC25A|PRDM9|MEIOC|OOEP|OVOL1|CDC25B|MEIOSIN|CDC25C|INSR|PLCB1|DMRT1|SIRT2|WNT4|MAPK15|YTHDC2|RAD51AP1|STRA8,https://www.gsea-msigdb.org/gsea/msigdb/human/geneset/GOBP_POSITIVE_REGULATION_OF_MEIOTIC_CELL_CYCLE,27,ENR,GOBP_POSITIVE_REGULATION_OF_MEIOTIC_CELL_CYCLE,1,1E-3,GOBP_POSITIVE_REGULATION_OF_MEIOTIC_CELL_CYCLE,FALSE,GOBP_POSITIVE_REGULATION_OF_MEIOTIC_CELL_CYCLE
135,3,3,3,0.999,,1E-3,,TMEM170A|NUP107|NUP133|NUP205|NUP35|FXR1|NDC1|NUP153|NUP54|NUP98|RTN4|TPR|AHCTF1|NUP93|SEH1L,https://www.gsea-msigdb.org/gsea/msigdb/human/geneset/GOBP_NUCLEAR_PORE_ORGANIZATION,15,ENR,GOBP_NUCLEAR_PORE_ORGANIZATION,1,1E-3,GOBP_NUCLEAR_PORE_ORGANIZATION,FALSE,GOBP_NUCLEAR_PORE_ORGANIZATION
5,3,3,3,0.999,,1E-3,,CHRNB1|MTMR2|CFL1|CSMD2|SHISA7|TANC1|ZNF804A|NRXN2|DLG1|AKT1|DIP2A|MAP1B|MARK1|NEFH|PAFAH1B1|CDC42|NEFL|ABHD17A|LAMA5|CRK|CRKL|PSEN1|LHFPL4|INS|INSR|ABHD17B|ABHD17C|NOS1AP|EFNA1|MYH10|DBNL|GLRB|PRICKLE1|SLC12A5|FCGR2B|ASIC2|SRCIN1|ARHGAP44|PICK1|SHANK1|SHANK3|IL1RAPL1|CDK5|WASF2|CDK5R1|COLQ|ZDHHC8|CNTNAP1|CAPRIN1|ARF4|SLC30A1|FYN|ITGA3|PLPPR4|SENP1|SIGMAR1|ITGB3|DNAJA3|LATS1|EPHA7|LRP8|PTEN|S1PR2|LGMN|EEF2K|ACTN2|FZD9|ARHGAP12|ARF6|ARHGAP22|GDNF|GRID1|NECTIN3|NRP2|UBE3B|HDAC6|IGF1R|NTRK3|HOMER1|ARHGAP39|HIP1R|NEDD9|NF1|PRNP|ARHGEF15|RAPSN|SEMA4C|CAPRIN2|PAK3|ITSN1|ABL1|NGEF|ACTB|DHX36|PTK2B|RAC1|ELMO1|PTPN1|RAC3|PTPRS|FARP1|FNTA|SPTBN2|RTN4|DOCK4|CPNE6|EPHB1|LRP4|PUM2|NRCAM|RHOG|ZMYND8|NPTX1|CNKSR2|LRRK2|ZDHHC12|ZDHHC15|ZDHHC2|APOE|DOCK10|ABI2|DOK7|CHRNA7|CAMK2B|WASL|WNT5A|GPRASP3|RPS6KA5|SYNGAP1|SIPA1L1|CRIPT|PDLIM5|GRIN2B|CHMP2B|CHRDL1|SHISA6|SSH1|KIF2C|RER1|CTTN|CDH2|ACTG1|DLG5|ACTN1|DTNBP1|EPHB2|MESD|CUX2|LRFN2|LZTS3|NCKIPSD|NUMBL|TRIM47|LRRC4|KIF1A|INA|POTEE|SLITRK3|LZTS1|CC2D1A|NAE1|NLGN1|CTNND2|NLGN2|CYFIP2|NRXN1|VPS35|INSYN1|NEDD8|PPFIA2|DLG4|ASIC1|GNA13|BAIAP2|STK38|SYNDIG1|TANC2|ZNF365|MUSK|CARMIL3|ARHGAP33|NEURL1|ABI3|ARHGEF9|CASKIN1|CBLN1|CDKL5|DISC1|EPHA4|OPHN1|ARF1|DOCK1|GAP43|DBN1|TMEM108|LRFN1|LRFN4|LRRC4B|LRRTM2|UBE2M|SLC7A11|GRID2|NTNG2|PTPRD|FRRS1L|PPP1R9B|NLGN3|EZR|TREM2|FGFR1|GHRL|IL1RAP|NRP1|WNT7A|CRMP1|GHSR|ETV5|HTR4|ARC|RELN|LILRB2|ADAM10|STAU2|RTN4R|ARMCX5-GPRASP2|APP|C1QL2|DVL1|C1QL3|SEMA3F|GPHN|SH3GL2|ENAH|ITPKA|ACTBL2|ACTL8|POTEF|POTEJ|GIT1|EPHB3,https://www.gsea-msigdb.org/gsea/msigdb/human/geneset/GOBP_POSTSYNAPSE_ORGANIZATION,240,ENR,GOBP_POSTSYNAPSE_ORGANIZATION,1,1E-3,GOBP_POSTSYNAPSE_ORGANIZATION,FALSE,GOBP_POSTSYNAPSE_ORGANIZATION
31,3,3,3,0.999,,1E-3,,SFRP5|WNT11|DKK3|WNT3A|MKS1|KREMEN2|BBS4|WNT8A|EPM2A|MARK1|DLX5|LIMD1|MCC|COL6A1|GRB10|GSK3A|PKD1|GSK3B|CBY1|TLE6|DKKL1|CCDC134|ZBED3|BARX1|FZD2|DKK4|MESP1|CSNK1A1|COL1A1|CYLD|PPP1CA|DAB2IP|DRD2|NPPA|PKD2|MDFI|NDP|HSP90B1|GSC|PLCG2|BCL9|BCL9L|SKI|ADGRA2|MARK2|AXIN1|PORCN|CTR9|LATS1|LATS2|LGR4|RHOA|RNF14|SDHAF2|LGR6|CSNK1D|DAB2|LDB1|CUL3|WNT9A|VCP|OTULIN|CELSR1|ATP6V0C|ABL1|WNT7B|CPZ|ZRANB1|ZNF703|AXIN2|BCL7B|CPE|RTF1|BRD7|NFATC4|SHH|SKIC8|LRP4|SOX10|CSNK2A1|KLHL12|EGFR|LRP6|LRRK2|MACF1|FGF10|MITF|PRDM15|APOE|CAV1|HMGA2|NKD2|ASPM|CCAR2|CTDNEP1|TLR2|TNFAIP3|PLPP3|CCNE1|MAD2L2|NDRG2|TAX1BP3|TSKU|TLE5|RNF43|ZNRF3|PIAS4|GPRC5B|SHISA6|RACK1|XIAP|CDK14|TBL1XR1|FRZB|TBX18|LZTS2|HMGXB4|LRP1|DACT1|RUVBL1|RUVBL2|SMAD7|SCYL2|SNX3|SMARCA4|GRK6|CTNND2|WIF1|SFRP1|SIX3|SOX2|DAAM2|CCNYL1|SHISA2|RNF138|RSPO1|SOST|TRABD2A|TRABD2B|FOXL1|TNIK|HECW1|AMER2|AMER3|BICC1|CSNK1A1L|INVS|SHISA3|TCF7L1|CTNNB1|TLE2|EXT1|TCF7L2|TLE7|TMEM170B|TPBGL|APC|APC2|KREMEN1|VAX2|GPC3|NKD1|PRKN|TMEM132A|BMAL1|BTRC|WNT6|TGFB1|NOTCH1|VGLL4|FGF2|MDFIC2|WNT7A|GLI1|DIXDC1|FRAT1|TMEM9|CRBN|FRAT2|CSNK1E|HHEX|PPM1B|CSNK2B|DDB1|MLLT3|BBIP1|RYK|APP|DVL1|SBNO1|TTC21B|SEMA5A|JADE1|CALCOCO1|CELA1|KLF4|KPNA1|CELSR3|DAAM1|PRICKLE2|VANGL1|WNT3|FERMT2|WNT4|SOX9|FBXW4|MYC|HESX1|PITX2|GID8|FAM53B|RARG|RNF220|FGF9|LBX2|WNT5B|ALPK2|GLI3|FZD3|RBMS3|JUP|CDC42|CSNK1G2|PPP2CA|WNK2|PRKAA2|HDAC1|PSEN1|AMOTL1|RBPJ|APCDD1L|C12ORF43|SENP2|HBP1|LRRFIP2|IGFBP6|ROR2|TMEM237|ZBTB33|BAMBI|SRC|MDFIC|CTNND1|NOTUM|LMBR1L|SALL1|DVL3|STK3|DVL2|STK4|DLX3|TNKS|FZD10|TNKS2|FZD7|UBE2B|IGFBP4|EDNRB|IFRD1|PRICKLE1|NLK|KANK1|RSPO3|ARL6|MYOC|GATA3|SOX17|CD24|SOX4|GREM1|TMEM88|NXN|FZD4|USP34|USP47|SCEL|ITGA3|CITED1|AMOTL2|FGFR2|SIAH1|SIAH2|EDN1|RNF146|SMURF2|EDNRA|CCDC88C|WNT10B|WNT2B|WNT9B|DKK1|MAGI2|SFRP4|FZD9|TBL1X|APCDD1|MDK|RSPO2|WNT10A|FZD1|GSKIP|HIC1|OTUD5|KLF15|SFRP2|SNAI1|CDC73|WWOX|CAPRIN2|CHD8|IFRD2|EMD|UBR5|PYGO1|PYGO2|WNT16|PBXIP1|ADNP|WWTR1|AMER1|RECK|PTPRO|RAC1|RAC3|SNAI2|LEO1|SPEF1|ANKRD6|PAF1|DACT3|IGFBP1|NLE1|VANGL2|TPBG|NRARP|WNK1|BMP2|DAPK3|PIN1|EGF|GRK5|TMEM196|SOSTDC1|LRP5|FZD8|MBD2|TRPM4|EDA|AMFR|PPM1A|IFT80|RPS12|WNT5A|ATP6AP2|PPP2R3A|CCND1|CTNNBIP1|SPIN1|TIAM1|ATP6V1C2|PPM1N|EGR1|FOXO1|ROR1|SMAD3|CXXC4|PTPRU|CER1|CSNK2A2|HNF1B|TLE1|CDH2|CDH3|MED12|TERT|NFKB1|NKX2-5|IGFBP2|WLS|MESD|CCNY|FBXW11|SOX13|TCF7|FZD5|PFDN5|TMEM131L|IFT20|CELSR2|ETV2|POU5F1|CTHRC1|VPS35|NOG|WNT2|CSNK1G1|CSNK1G3|DEPDC1B|DKK2|SDC1|GPC5|JRK|FZD6|LGR5|LYPD6|PCDH11Y|PLEKHA4|RSPO4|TLE3|SPIN4|STK11|GNAQ|TMEM198|DDX3X|TMEM67|RAB5A|ILK|RBX1|UBAC2|RNF213|SMURF1|DDIT3|DISC1|DCDC2|SOX30|FOXD1|FUZ|TGFB1I1|WNT1|ARHGEF19|TLE4|FOLR1|ISL1|FERMT1|PTK7|GPC4|FRMD8|G3BP1|TSC2|SMAD4|USP8|ZEB2|CCN4|WNT8B|YAP1|NR4A2|VPS4B|LRRK1|DRAXIN|MAPK14|NPHP3|NPHP4|LEF1|TMEM64|FOXO3|NHERF1|PRKAA1|SULF1|SULF2|STRN,https://www.gsea-msigdb.org/gsea/msigdb/human/geneset/GOBP_WNT_SIGNALING_PATHWAY,460,ENR,GOBP_WNT_SIGNALING_PATHWAY,1,1E-3,GOBP_WNT_SIGNALING_PATHWAY,FALSE,GOBP_WNT_SIGNALING_PATHWAY
64,3,3,3,0.999,,1E-3,,SCN1A|FXN|AGTPBP1|BORCS7|DAB1|CHD7|ZIC1|DRD2|GLRA1|OXR1|GLRB|EFNB3|CWH43|DRD1|LARGE1|MINAR2|SPTBN4|ZMPSTE24|EPHA4|HIPK2|SPG11|CNTN2|DMRT3|KLHL1|ARRB2|RNF170|NPC1|CACNB4|ABHD12|CEND1|CTNS|HEXA|FKRP|HTRA2|TRH|KCNJ10|CLN8|GBX1|ZNF212|UCHL1,https://www.gsea-msigdb.org/gsea/msigdb/human/geneset/GOBP_WALKING_BEHAVIOR,40,ENR,GOBP_WALKING_BEHAVIOR,1,1E-3,GOBP_WALKING_BEHAVIOR,FALSE,GOBP_WALKING_BEHAVIOR
26,3,3,3,0.999,,1E-3,,SFRP5|CCL4|WNT11|ANKFN1|CFL1|DLG1|CCR7|DOCK7|ALPK2|ENKD1|GJA1|DYNLT1|CENPA|RAP1B|MAP1B|PAFAH1B1|RHOQ|CDC42|CDK5RAP2|PARD3B|PAX6|PKD1|CRK|GSK3B|CRKL|CRTAM|SAPCD2|SPRY1|SPRY2|AMOTL1|IGF1|RAP2A|STK25|CKAP5|CD3G|DLG2|KIAA1614|KIF25|MCPH1|NDC80|DOCK8|PARD6A|PARD6B|PARD6G|WEE1|PKHD1|ERBIN|PRICKLE1|NCKAP1|SDCCAG8|FLOT2|FOXJ1|KANK1|GATA3|PARVB|PARVG|ANK1|CAP1|RPGRIP1L|CAP2|TCF15|FBF1|ARF4|KCNJ8|AMOT|CYRIB|MARK2|AMOTL2|ITGB1|CLIC4|JAM3|DOCK2|CARMIL2|MAP4|FRMD4A|FEZ1|LRRC7|RHOA|MTCL1|FGF13|FSCN1|ARF6|GSN|MSN|PAK1|CORO7|PARD3|MYH9|HES5|NCKAP1L|CYTH3|LMNA|CYTH1|ABL1|SCRIB|WNT7B|ACTB|ACTR2|PTK2|GBF1|SPINT2|RAC1|RAC2|SH3BP1|RAC3|GOLPH3|RIPOR2|ROCK1|RAB11FIP2|PALS1|HTT|SHH|EPHB1|MYO9A|PARVA|PLEKHG3|LLGL1|RHOG|VANGL2|LLGL2|MAD2L1|PRKCZ|SPN|DLG3|FGF10|RHOU|SPDL1|KIF20B|MYO18A|ACTR3|LHX2|RHOBTB1|RHOBTB2|BCCIP|KAT5|RHOV|CCDC66|PRKCI|IFT80|RAB10|SHTN1|WDR1|WNT5A|SIPA1L3|OOEP|FOXF1|GPSM2|HDAC3|BRSK1|BRSK2|PLK1|RACK1|KIF2C|DIAPH3|CLASP1|DLG5|CLASP2|CDX2|DCTN1|FAM89B|MAPRE1|CDC42BPB|KRIT1|MISP|FBXW11|FAT1|GPSM1|FRMD4B|TTC8|CCDC85C|SYNE4|IFT20|SNX27|SLC9A1|NDE1|NDEL1|SLC9A6|ARFGEF1|SKA2|SPAG5|ATN1|DLG4|TCIRG1|NSFL1C|PDCD6IP|STK11|ILK|MPP7|CDH5|CAMSAP3|PDLIM1|ARHGAP35|NUMA1|SKA1|SKA3|CYP26B1|OPHN1|TRAF3IP2|ZW10|DST|RHOJ|AQP1|KIF26B|UST|HES1|LAMA1|FERMT1|PTK7|UBXN2B|EZR|WNT7A|PHLDB2|WDPCP|CRB1|ABL2|CRB2|RUFY3|NPHP3|RICTOR|CRB3|WWC1|INPPL1|MAP7|FSCN2|FSCN3|TEK|NHERF1|CTNNA1|ROCK2|ARHGEF11|CCL19|CCL21|PATJ,https://www.gsea-msigdb.org/gsea/msigdb/human/geneset/GOBP_ESTABLISHMENT_OR_MAINTENANCE_OF_CELL_POLARITY,233,ENR,GOBP_ESTABLISHMENT_OR_MAINTENANCE_OF_CELL_POLARITY,1,1E-3,GOBP_ESTABLISHMENT_OR_MAINTENANCE_OF_CELL_POLARITY,FALSE,GOBP_ESTABLISHMENT_OR_MAINTENANCE_OF_CELL_POLARITY
83,3,3,3,0.999,,1E-3,,CHST5|AMDHD2|CHST6|CHST7|GNE|GNPDA2|NAGK|NANP|EXTL2|HEXB|MGAT3|OGA|CHST1|LARGE1|RENBP|GNPDA1|CHST2|CHST3|CHST4,https://www.gsea-msigdb.org/gsea/msigdb/human/geneset/GOBP_N_ACETYLGLUCOSAMINE_METABOLIC_PROCESS,19,ENR,GOBP_N_ACETYLGLUCOSAMINE_METABOLIC_PROCESS,1,1E-3,GOBP_N_ACETYLGLUCOSAMINE_METABOLIC_PROCESS,FALSE,GOBP_N_ACETYLGLUCOSAMINE_METABOLIC_PROCESS
3,3,3,3,0.999,,1E-3,,BMP4|HIF1A|FOXA1|HMGA2|WNT11|FOXF2|PDCD6|PEF1|EPHA3|KDM1A|NKX2-1|MAD2L2|WNT8A|TBX5|LIMS1|WNT5A|KBTBD8|MARK1|SPRED1|SPRED2|SPRED3|TRIM62|ACVR1|TIAM1|PPP2CA|FAM83D|GSK3B|TASOR|HPN|SPRY1|SPRY2|IGF1|RBPJ|RGCC|S100A4|SMAD3|DDX17|PPP3R1|TGFBR3|TNXB|USF3|BAMBI|DLG5|DDX5|MTOR|OVOL2|HEY1|LOXL3|HEYL|LDLRAD4|TMEM100|SMAD2|EFNA1|FOXC1|NCAM1|EOMES|COL1A1|DAB2IP|SMAD7|TGFB3|VEGFA|MCRIP1|EMP2|RFLNB|SERPINB3|HEY2|TBX20|GATA3|NOG|WNT2|FOXA2|SFRP1|TRIM28|TBX3|TWIST1|ADIPOR1|GREM1|GSC|AMELX|HAS2|IL1B|BCL9L|ADAM15|ACVRL1|OLFM1|APLF|JAG1|FGFR2|TCOF1|EDN1|EDNRA|NOTCH4|PDPN|ELL3|PTEN|VASN|DSG2|EPHA4|POFUT2|SDHAF2|EZH2|AGT|FUZ|MDK|TGFB1I1|SP6|HGF|HNRNPAB|CTNNB1|TCF7L2|PDCD4|LOXL2|TGFBR2|DAB2|ISL1|SFRP2|SNAI1|SMAD4|HDAC2|AKNA|TGFB1|NOTCH1|POLR1B|FGFR1|SDCBP|WNT16|MSX1|EPB41L5|MSX2|PTK2|WWTR1|ZNF703|CRB2|KAT8|SNAI2|AXIN2|ADAM8|ROCK1|QKI|RTN4|ENG|TGFBR1|DACT3|SLC39A6|LEF1|SLC39A10|IL6|IL17RD|KLHL12|ALX1|BMP5|TGFBR3L|FBXO11|BMP7|NOLC1|LRP6|CUL7|ROCK2|BMP2|FERMT2|WNT4|ZNF750|FGF8|SPSB3|SOX9|GCNT2|GLIPR2|LRG1|TGFB2,https://www.gsea-msigdb.org/gsea/msigdb/human/geneset/GOBP_EPITHELIAL_TO_MESENCHYMAL_TRANSITION,169,ENR,GOBP_EPITHELIAL_TO_MESENCHYMAL_TRANSITION,1,1E-3,GOBP_EPITHELIAL_TO_MESENCHYMAL_TRANSITION,FALSE,GOBP_EPITHELIAL_TO_MESENCHYMAL_TRANSITION
4,3,3,3,0.999,,1E-3,,BMP4|MYC|CAV3|FOXA1|HMGA2|PGR|PITX2|VDR|SIX1|DLG1|MKS1|NPNT|GLI3|NKX2-1|DAG1|MYCN|TCF21|WNT5A|RDH10|LAMA5|MAGED1|ACVR1|CTNNBIP1|PKD1|FOXF1|CSF1|NKX3-1|SPRY1|SPRY2|IGF1|TFAP2C|GZF1|HOXA11|PML|TMEM59L|HNF1B|PPP3R1|SIRT6|EPHA2|SIX4|SRC|DLG5|CTNND1|PHB2|SALL1|SIX2|DLL4|SMO|TIE1|STK4|SRF|HOXD11|ESRP2|PPP1CA|PTCH1|VEGFA|ADAMTS16|PKD2|PKHD1|ESR1|AGTR2|AR|DDR1|TBX20|BCL2|RASIP1|CTSZ|FOXC2|NOG|HOXA5|PBX1|WNT2|TIMELESS|AREG|TACSTD2|TBX3|GNA13|GREM1|CTSH|HHIP|ILK|TBX2|DCHS1|CITED1|CLIC4|FGFR2|KDM5B|EDN1|EDNRA|LGR4|NOTCH4|HOXB7|WT1|WNT2B|HS3ST3A1|WNT9B|HS3ST3B1|AGT|FKBPL|FOXD1|MDK|MMP14|RSPO2|GDNF|WNT1|PLXND1|CTNNB1|EXT1|PAK1|LAMA1|TGFBR2|TNF|MED1|SFRP2|SEMA3E|SMAD4|IHH|KDR|GPC3|KRAS|BTRC|CELSR1|WNT6|CSMD1|TGFB1|NOTCH1|ABL1|FGF2|NRP1|MSX2|ETV5|GLI2|PAX2|PAX8|YAP1|GREB1L|GDF7|LHX1|NFATC4|SHH|ENG|COL4A1|FGF1|TNC|LEF1|RBM15|MET|CASR|VANGL2|BMP7|NRARP|SLIT2|BMP2|EYA1|CCL11|EGF|WNT4|FGF10|FGF8|SOX9|SOX8|LRP5,https://www.gsea-msigdb.org/gsea/msigdb/human/geneset/GOBP_BRANCHING_MORPHOGENESIS_OF_AN_EPITHELIAL_TUBE,162,ENR,GOBP_BRANCHING_MORPHOGENESIS_OF_AN_EPITHELIAL_TUBE,1,1E-3,GOBP_BRANCHING_MORPHOGENESIS_OF_AN_EPITHELIAL_TUBE,FALSE,GOBP_BRANCHING_MORPHOGENESIS_OF_AN_EPITHELIAL_TUBE
39,3,3,3,0.999,,1E-3,,THBS1|TMEM201|SGPL1|CCN3|GNA12|ITGB1|AKT1|ITGB3|IQGAP1|MTA2|ARHGEF7|PDLIM1|ITGB1BP1|HAS1|CLN3|ACTA2|AKAP12|FUT8|APPL1|APPL2|PAK1|AQP1|PML|ARHGAP4|FAM114A1|MACIR|ZEB2|HYAL2|TGFB1|DDR2|FGF2|PRR5L|LAMTOR2|PTK2|WDPCP|PIP5K1A|PRKCE|RAC1|TNS1|ZFAND5|BAG4|FER|RCC2|PLEC|CORO1C|BRAF|SDC4|NHERF1|GNA13|CYGB|DMTN|ARID5B|RFFL|CD248|ILK,https://www.gsea-msigdb.org/gsea/msigdb/human/geneset/GOBP_FIBROBLAST_MIGRATION,55,ENR,GOBP_FIBROBLAST_MIGRATION,1,1E-3,GOBP_FIBROBLAST_MIGRATION,FALSE,GOBP_FIBROBLAST_MIGRATION
20,3,3,3,0.999,,1E-3,,H6PD|SERPINA6|REST|DKK3|NR5A2|HSD17B7|SRD5A1|NR3C1|SRD5A2|HSD3B1|ATP1A1|ADM|SCP2|HSD17B2|RDH8|DGKQ|EGR1|BMP6|AKR1B15|BMP5|HSD17B11|HSD17B6|DHRS11|CACNA1H|CLCN2|CYP17A1|DAB2|STARD3|HSD17B3|BMP2|LHB|MED1|CYP11A1|CYP11B1|WNT4|HSD17B1|HSD17B12|SRD5A3|HSD17B8|TSPO|AKR1B1|CRH|CYP19A1|CYP21A2,https://www.gsea-msigdb.org/gsea/msigdb/human/geneset/GOBP_STEROID_HORMONE_BIOSYNTHETIC_PROCESS,44,ENR,GOBP_STEROID_HORMONE_BIOSYNTHETIC_PROCESS,1,1E-3,GOBP_STEROID_HORMONE_BIOSYNTHETIC_PROCESS,FALSE,GOBP_STEROID_HORMONE_BIOSYNTHETIC_PROCESS
74,3,3,3,0.999,,1E-3,,MYC|REST|SCN1A|FYN|ITGA2|COL11A1|HTR2A|TMEM120A|BACE1|NTRK1|KCNQ1|PIEZO2|SCN9A|KIT|SERPINE2|TRPA1|MKKS|PTPRQ|ASIC2|KCNA1|SCN11A|TMC1|TMC2|CHRNA10|CHRNA9|TMEM87A|ADGRV1|HPN|LHFPL5|PDZD7|STRC|KCNK2|WHRN|CXCL12|TNF|PHF24|ASIC3|PJVK,https://www.gsea-msigdb.org/gsea/msigdb/human/geneset/GOBP_DETECTION_OF_MECHANICAL_STIMULUS_INVOLVED_IN_SENSORY_PERCEPTION,38,ENR,GOBP_DETECTION_OF_MECHANICAL_STIMULUS_INVOLVED_IN_SENSORY_PERCEPTION,1,1E-3,GOBP_DETECTION_OF_MECHANICAL_STIMULUS_INVOLVED_IN_SENSORY_PERCEPTION,FALSE,GOBP_DETECTION_OF_MECHANICAL_STIMULUS_INVOLVED_IN_SENSORY_PERCEPTION
95,3,3,3,0.999,,1E-3,,CLEC4A|CTSS|PIKFYVE|IFI30|HLA-DMA|LNPEP|HLA-DOA|HLA-DOB|CTSL|HLA-DQA1|HLA-DQA2|TAP2|HLA-DQB1|HLA-DQB2|HLA-DRB5|B2M|CD74|CTSV|FCGR2B|LGMN|FCER1G|HLA-A|HLA-DPA1|HLA-DPB1|HLA-DRB1|MPEG1|UNC93B1|MFSD6|CTSE|CTSF|HLA-E|HLA-F|HLA-DMB|CTSD|HLA-DRA|TRAF6|IKBKB|FCGR1A|DNM2,https://www.gsea-msigdb.org/gsea/msigdb/human/geneset/GOBP_ANTIGEN_PROCESSING_AND_PRESENTATION_OF_EXOGENOUS_PEPTIDE_ANTIGEN,39,ENR,GOBP_ANTIGEN_PROCESSING_AND_PRESENTATION_OF_EXOGENOUS_PEPTIDE_ANTIGEN,1,1E-3,GOBP_ANTIGEN_PROCESSING_AND_PRESENTATION_OF_EXOGENOUS_PEPTIDE_ANTIGEN,FALSE,GOBP_ANTIGEN_PROCESSING_AND_PRESENTATION_OF_EXOGENOUS_PEPTIDE_ANTIGEN
3,3,3,3,0.999,,1E-3,,FOXA1|EFNA1|DAB2IP|SMAD7|NKX2-1|VEGFA|MAD2L2|KAT8|TBX5|PTEN|MARK1|VASN|DSG2|SPRED1|EPHA4|SDHAF2|SPRED2|SPRED3|TRIM62|FUZ|DACT3|PPP2CA|GSK3B|GATA3|NOG|IL17RD|HPN|SPRY1|SPRY2|BMP5|FOXA2|SFRP1|FBXO11|ADIPOR1|SFRP2|USF3|ZNF750|SPSB3|OVOL2|LDLRAD4|TGFB2,https://www.gsea-msigdb.org/gsea/msigdb/human/geneset/GOBP_NEGATIVE_REGULATION_OF_EPITHELIAL_TO_MESENCHYMAL_TRANSITION,41,ENR,GOBP_NEGATIVE_REGULATION_OF_EPITHELIAL_TO_MESENCHYMAL_TRANSITION,1,1E-3,GOBP_NEGATIVE_REGULATION_OF_EPITHELIAL_TO_MESENCHYMAL_TRANSITION,FALSE,GOBP_NEGATIVE_REGULATION_OF_EPITHELIAL_TO_MESENCHYMAL_TRANSITION
47,3,3,3,0.999,,1E-3,,BMAL1|RFX3|SMO|BMP4|RHEB|GSK3A|GSK3B|PDPK1|INSM1|BMP6|DLL1|BMP5|CLOCK|AKT1|GDF11|CDH2|SIDT2|WNT5A|CDK6|BAD|BHLHA15|NKX6-1,https://www.gsea-msigdb.org/gsea/msigdb/human/geneset/GOBP_TYPE_B_PANCREATIC_CELL_DEVELOPMENT,22,ENR,GOBP_TYPE_B_PANCREATIC_CELL_DEVELOPMENT,1,1E-3,GOBP_TYPE_B_PANCREATIC_CELL_DEVELOPMENT,FALSE,GOBP_TYPE_B_PANCREATIC_CELL_DEVELOPMENT
3,3,3,3,0.999,,1E-3,,SETD1A|FOXC1|ITCH|TMSB4X|ABL1|OSM|KAT5|NFE2L2|HSPA9|YTHDF2|EIF2AK2|PRKDC|CDK6|TCF15|N4BP2L2|PUS7|METTL3,https://www.gsea-msigdb.org/gsea/msigdb/human/geneset/GOBP_REGULATION_OF_HEMATOPOIETIC_STEM_CELL_DIFFERENTIATION,17,ENR,GOBP_REGULATION_OF_HEMATOPOIETIC_STEM_CELL_DIFFERENTIATION,1,1E-3,GOBP_REGULATION_OF_HEMATOPOIETIC_STEM_CELL_DIFFERENTIATION,FALSE,GOBP_REGULATION_OF_HEMATOPOIETIC_STEM_CELL_DIFFERENTIATION
17,3,3,3,0.999,,1E-3,,THBS1|ADAM15|ACVRL1|TBCD|AJAP1|ANGPT2|JAG1|BCL6|CASK|DLC1|EFNA5|ITGB1BP1|PTEN|RHOA|ACTN4|SPRY4|DUSP22|MMP14|WNT1|MMP12|CX3CL1|PIK3R1|MAP4K4|NF1|PLET1|MELTF|RASA1|SRC|SEMA3E|CLASP2|GBP1|PLG|ACER2|NOTCH1|FAM107A|COL1A1|FZD7|PHLDB2|NF2|PTPRO|PTPN1|CORO2B|ARHGAP6|NEXMIF|CDKN2A|RCC2|KANK1|APOD|MYOC|CORO1C|FBLN1|SERPINE1|TACSTD2|POSTN|AP1AR|HOXA7|SPOCK1|FZD4|DMTN|GCNT2,https://www.gsea-msigdb.org/gsea/msigdb/human/geneset/GOBP_NEGATIVE_REGULATION_OF_CELL_SUBSTRATE_ADHESION,60,ENR,GOBP_NEGATIVE_REGULATION_OF_CELL_SUBSTRATE_ADHESION,1,1E-3,GOBP_NEGATIVE_REGULATION_OF_CELL_SUBSTRATE_ADHESION,FALSE,GOBP_NEGATIVE_REGULATION_OF_CELL_SUBSTRATE_ADHESION
34,3,3,3,0.999,,1E-3,,FEM1B|HIF1A|FOXA1|PDE3A|SCARF1|MAP3K13|PGR|CCR6|NGF|NPPC|HEATR3|IQCF1|RUNX2|FARP2|PTH1R|CCNB1|KIF14|ROPN1B|KCNIP2|DEFB1|BTK|CX3CL1|B4GALT5|TRIM58|MAEA|ASCL1|DLD|H3-3A|H3-3B|EPHA8|SRRM4|EDNRB|VEGFA|NPR2|PLA2G10|TBX6|AURKA|BCL2|FOXJ1|PLA2G3|MYOC|FUT6|PICK1|FEV|HBZ|GATA3|NTN4|RPS6KA2|RB1|SEMG1|SEMG2|CBFB|ADGRB3|BNC1|DAZL|C1QL1|EPO|LGI4|EDN1|TUSC2|CCDC39|EDNRA|WDR77|EPAS1|KCNB1|KCNE1|SOX18|NKX6-1|ZBTB7A|ANG|BCL11A|LCN6|HDAC6|HES5|LSM14B|REN|IHH|KDR|LHX6|ZAR1L|NEMP1|XBP1|B4GALT6|ACTL6B|SLC22A14|WEE2|RAC1|CATSPER2|GBA1|RAC2|CATSPER3|RAC3|SLC26A3|CATSPER4|RET|SLFN14|MTCH1|SPTBN4|BAP1|IER3IP1|SOX10|ANKS1A|TUT4|PRKACA|TUT7|KCNQ3|NRCAM|PCSK4|ZAR1|LRRK2|ABHD2|P2RX5|SIRT2|SOX8|PLD6|IRX5|C3|PPARG|AGRN|KDM1A|RND1|RXFP2|TCP11|BSPH1|BHLHA15|CABYR|CATSPERD|CATSPERE|EFCAB9|CFTR|ELSPBP1|SCLT1|SMIM45|TDRD1|TDRD5|GATA2|CDC25B|YTHDF2|L3MBTL3|TDRD6|DIAPH3|KLF2|TDRD7|TDRKH|BRCA2|CDKN1C|AKR1B1|VSX1|RFX3|PPP2R1A|DMC1|ADAM7|BFSP1|BFSP2|FZD5|SHB|ID2|SPINK1|RAB24|ANGPTL8|C1QA|CNTN2|HOXA5|GHRHR|SIX3|TUBB8|REC8|FAM20C|GALNT3|ROPN1|ROPN1L|AXL|GDF11|GLDN|HOXB13|TFCP2L1|CNTNAP2|TMEM79|TRIP13|CLEC7A|TAL1|CATSPERZ|CLN5|CTNNB1|IL21|HES1|FBXO41|TMPRSS12|ERCC2|FLVCR1|EREG|IL15|TGFB1|FBXO5|FGFR1|GPAT4|NR4A2|WASHC5|PTBP3|TMIGD1|APP|BRD1|EPB42|CEBPA|FAM210B|PAEP|FOXO3|RHEX|SLC26A6|G6PD|CCL19|SPG21|CCL21|MECP2,https://www.gsea-msigdb.org/gsea/msigdb/human/geneset/GOBP_CELL_MATURATION,214,ENR,GOBP_CELL_MATURATION,1,1E-3,GOBP_CELL_MATURATION,FALSE,GOBP_CELL_MATURATION
63,3,3,3,0.999,,1E-3,,NPY5R|GHSR|GRM7|DRD2|P2RY1|PRKG1|RGS4|ARL6IP5|ADORA1|CHGA|SLC43A1|SLC43A2|ABAT|SNCA|ADRA2A|GABBR1|TNF|TRH|LEP|RGS2|ADRA2B|ADRA2C|SYT11|SYT4|CRH,https://www.gsea-msigdb.org/gsea/msigdb/human/geneset/GOBP_NEGATIVE_REGULATION_OF_AMINE_TRANSPORT,25,ENR,GOBP_NEGATIVE_REGULATION_OF_AMINE_TRANSPORT,1,1E-3,GOBP_NEGATIVE_REGULATION_OF_AMINE_TRANSPORT,FALSE,GOBP_NEGATIVE_REGULATION_OF_AMINE_TRANSPORT
13,3,3,3,0.999,,1E-3,,MTMR2|SLC8A2|ADRB2|CHRNA7|PRKAR1B|NLGN4X|GRIA1|RIMS2|CELF4|PTEN|CBLN1|S1PR2|NETO1|STX1A|TMEM108|STX1B|GRIN2B|GRIN2D|SSH1|MAPK8IP2|GRIN2A|GRIN2C|PRKN|CUX2|NLGN3|EIF4A3|TBC1D24|WNT7A|PTK2B|RELN|RGS4|SLC8A3|APP|DVL1|NLGN1|NLGN2|NRXN1|SHANK1|GRIN1|SHANK3|DLG4|ZMYND8|TMEM25|PRKCZ|BAIAP2|GRIK2|LRRK2|NPY2R|DMPK|RIMS1,https://www.gsea-msigdb.org/gsea/msigdb/human/geneset/GOBP_MODULATION_OF_EXCITATORY_POSTSYNAPTIC_POTENTIAL,50,ENR,GOBP_MODULATION_OF_EXCITATORY_POSTSYNAPTIC_POTENTIAL,1,1E-3,GOBP_MODULATION_OF_EXCITATORY_POSTSYNAPTIC_POTENTIAL,FALSE,GOBP_MODULATION_OF_EXCITATORY_POSTSYNAPTIC_POTENTIAL
136,3,3,3,0.999,,1E-3,,BMP4|REST|WNT3A|CCL8|DLL1|SMYD1|CAPN3|TNFSF14|KAT5|ZFP36L1|CSRP3|MAML1|MYOG|PPARD|PBRM1|IGF1|PHF10|RBPJ|CXCL10|DDX17|KLHL41|SOX15|BTG1|CXCL9|DDX5|MYOCD|LGALS1|SRF|MAP3K5|FGF6|IGFBP3|HINFP|NMRK2|XKR8|IFRD1|SMARCA2|PRICKLE1|SMARCA4|SMARCB1|SMARCC1|SMARCC2|SMARCD1|SMARCD2|SMARCD3|SMARCE1|FLOT2|XIRP1|SDC1|SOX4|TBX3|GREM1|PLCB1|MYF5|MYF6|RB1|BOC|BCL9|BCL9L|TBX2|PITX1|HIF1AN|PLEKHM3|JAG1|ITGB1|CMTM5|EPAS1|MBNL1|WNT10B|MBNL3|LRRC8A|DDIT3|MYOD1|RANBP3L|MEF2C|MUSTN1|NRG1|GPX1|IL18|MSTN|TCF7L2|TRIP4|TNF|MEGF10|ISL1|ZFHX3|MAPK12|PLG|TGFB1|NOTCH1|ACTB|ACTL6A|ACTL6B|ARID1A|ARID1B|ARID2|RIPOR2|MAPK14|BRD7|AKIRIN1|SHH|ID3|PLEC|RBM24|DPF3|ANKRD2|EID2B|GDF3|SOX9|SOSTDC1|SOX8|SRA1|TMEM182,https://www.gsea-msigdb.org/gsea/msigdb/human/geneset/GOBP_MYOBLAST_DIFFERENTIATION,112,ENR,GOBP_MYOBLAST_DIFFERENTIATION,1,1E-3,GOBP_MYOBLAST_DIFFERENTIATION,FALSE,GOBP_MYOBLAST_DIFFERENTIATION
51,3,3,3,0.999,,1E-3,,BMP4|HAND2|PITX2|ERRFI1|RARB|RARG|GNA12|FGF9|MKS1|GLI3|PKDCC|HOXC11|KREMEN2|MYH3|PBX2|SP8|IFT122|MYCN|RUNX2|ALX4|C2CD3|IFT80|TBX5|WNT5A|DLX5|RDH10|DLX6|IRF6|COL6A1|FRAS1|BBS7|OSR2|HDAC1|ALX3|PSEN1|SP9|ZNRF3|EN1|PIAS4|HOXA10|HOXA11|HOXD13|FBN2|FOXN1|HOXD9|SALL1|SHOX2|PLXNA2|MAP3K20|NFIA|RC3H2|TFAP2B|PTCH1|IFT172|ZBTB16|OSR1|KDF1|IFT52|PCSK5|COL3A1|MOSMO|SCX|COMP|NPR2|PRICKLE1|WDR19|BAK1|BAX|BMPR2|SALL4|BCL2L11|ECE1|TAF10|CPLANE2|NOG|PBX1|B3GLCT|DYNC2H1|HOXA9|HOXC13|NOTCH2|HOXC10|NIPBL|TULP3|FZD6|TBX3|TWIST1|TBX4|GJA5|GREM1|RPGRIP1L|RSPO4|AFF3|CIBAR1|CHST11|KAT2A|TBX2|KAT2B|SKI|ACD|ARK2C|LNPK|GALNT3|PRKAB1|PITX1|TP63|ASPH|ITGA6|COL2A1|BPNT2|ATRX|FGFR2|SLC39A3|ZIC3|MBNL1|DKK1|LARGE1|PRRX1|CYP26B1|TFAP2A|MUSTN1|BMPR1A|IFT140|MEGF8|INTU|RSPO2|B4GALNT1|CTNNB1|EXT1|SLC7A11|KRT84|MED1|SEMA3C|SFRP2|SLC39A1|KREMEN1|RAX|EVX2|SMAD4|IHH|IQCE|HDAC2|SMOC1|ZNF141|FLVCR1|ZNF219|CRABP2|GPC3|NAGLU|GRHL2|HOXD10|RARA|NOTCH1|FGFR1|MED31|WNT7A|GDF5|ZNF358|MSX1|MSX2|CHD7|RECK|WDPCP|B9D1|FREM2|LMBR1|TBC1D32|TMEM107|TMEM231|MEOX2|ITGB4|CACNA1C|SHH|LRP4|CREBBP|LEF1|ALX1|TTBK2|ALDH1A2|TRAF3IP1|VPS54|BMP7|WNT3|FERMT2|FGF10|FGF8|SPG21|HOXA13|SOX9|FBXW4|LRP5|TGFB2,https://www.gsea-msigdb.org/gsea/msigdb/human/geneset/GOBP_APPENDAGE_DEVELOPMENT,192,ENR,GOBP_APPENDAGE_DEVELOPMENT,1,1E-3,GOBP_APPENDAGE_DEVELOPMENT,FALSE,GOBP_APPENDAGE_DEVELOPMENT
2,3,3,3,0.999,,1E-3,,HIF1A|DISP3|HMGA2|RPGRIP1|WNT3A|LHX2|ASPM|DAGLA|RARB|DAGLB|TRNP1|KDM1A|DOCK7|GLI3|ATF5|EML1|FZD3|OTP|PLXNB2|RASSF10|RERE|VEGFC|SHCBP1|ORC3|RAB10|TAFA1|RRM1|TOX|WNT5A|TRIM3|PAFAH1B1|KCNA1|CEP120|NBN|KIF14|PAX6|APPL2|SLC39A5|FLNA|FOXO1|GATA2|HDAC3|IGF1|CX3CL1|CX3CR1|PTPRZ1|PITX3|ZNF335|NUMB|CDH2|ADGRG1|ASCL1|CDON|DLL4|SMO|FOXG1|NUMBL|NFIA|POU3F3|IFT20|DRD2|KIFAP3|PCM1|VEGFA|ID2|PROX1|RACGAP1|SMARCD3|NDE1|DMRTA2|GPR37L1|TP53|WNT2|WDR62|POU3F2|NAP1L1|FZD6|GNAI2|SHOC2|SIX3|BTG2|NEUROD4|HHIP|ILK|NDUFS2|TMEM14B|INSM1|BBS1|ITGB1|FGFR2|PDE9A|SKOR2|SLC16A2|ELL3|DISC1|RHOA|LYN|FZD9|FGF13|ARHGEF2|MDK|DBN1|WNT1|DBX2|NTRK3|CTNNB1|DCT|ID4|IGF2BP1|PSMG1|TRIM71|SLC6A4|ARX|MELK|SOX5|EMX2|LIMS2|NF1|HOOK3|LRP2|ZEB2|AKNA|TGFB1|ZNF503|NOTCH1|FGF2|NES|FGFR1|WNT7A|DIXDC1|LNX2|NF2|MIOS|PTN|TEAD3|SPINT2|PTBP2|HEATR1|LHX5|RYK|SBNO1|SHH|EPHB1|SOX10|EMX1|NFIB|ARTN|LEF1|ACSL6|FOXO3|KCTD13|WDR47|CEND1|CTNNA1|KCTD11|KDM2B|LRRK2|RORA|SPINT1|SIRT2|VAX1|EGF|VSX2|FGF8|FRS2|NR2E1|TARBP2,https://www.gsea-msigdb.org/gsea/msigdb/human/geneset/GOBP_NEURAL_PRECURSOR_CELL_PROLIFERATION,167,ENR,GOBP_NEURAL_PRECURSOR_CELL_PROLIFERATION,1,1E-3,GOBP_NEURAL_PRECURSOR_CELL_PROLIFERATION,FALSE,GOBP_NEURAL_PRECURSOR_CELL_PROLIFERATION
11,3,3,3,0.999,,1E-3,,MSH6|TOP6BL|UBR2|PDE3A|FZR1|LIF|NEK2|NPM2|NPPC|PIWIL4|CENPC|FKBP6|PRDM9|PPP2CA|SUN2|INSR|SLX4|UBB|SMC3|FOXJ2|TERF1|NDC80|UBE2B|NPR2|AURKA|PSMA8|SGO1|BCL2L11|BAG6|PSMD13|RPS6KA2|PLCB1|BOLL|YTHDC2|TAF1L|DAZL|BTBD18|EDN1|EDNRA|PTEN|EXD1|PIWIL3|KCTD19|MYH9|FAM9B|FAM9C|LSM14B|MEI1|PRR19|REDIC1|RSPH1|ZFP42|NANOS2|ZNF318|ING2|PIWIL1|PIWIL2|DMRTC2|MSX1|RBM46|SYCP3|ACTR2|MSX2|WBP2NL|WEE2|GOLGA2|HSF1|SLC26A8|DNMT3L|SLC2A8|NSUN2|ASZ1|BUB3|ESPL1|DDX4|OSGIN2|INCENP|NUF2|DMRT1|SIRT2|MAPK15|FBXO43|FIGNL1|FMN2|TEX14|DUSP13B|TTK|H2AX|PLD6|BRDT|ZWINT|ACTR3|AGO4|C9ORF78|ASPM|AURKC|LFNG|MOV10L1|CCNB2|CCNE1|CCNE2|WNT5A|MRE11|NBN|SPIN1|OOEP|SIRT7|SLC25A31|TDRD1|TDRD12|TDRD9|HORMAD1|KIF18A|PLK1|CDC25B|CDC25C|YTHDF2|TDRKH|BRCA2|RAD50|BRIP1|RAD51|BRME1|M1AP|RAD51AP1|C14ORF39|MAEL|MEIKIN|PPP2R1A|DMC1|EME1|EME2|NDC1|FANCD2|FANCM|HSPA2|P3H4|HSF2BP|TOP3A|HUS1|HUS1B|PTTG1|KASH5|PTTG2|SPIRE1|RAB24|SPIRE2|MAJIN|MARF1|MCMDC2|MEIOC|SEPTIN1|SGO2|MUS81|OVOL1|SKA2|SMC1A|GPR3|PDIK1L|TEX15|SPATA22|PKMYT1|SPDYA|STAG2|TOP2B|STAG3|MEIOSIN|SUN1|RAD1|SYCE1|SYCE1L|SYCE2|SYCP2|TEX12|RAD21|RAD21L1|RAD51B|RAD51C|RAD51D|RAD54B|STK35|RAD54L|TUBB8|RBBP8|TUBG1|KNL1|REC8|TUBG2|TUBGCP2|TUBGCP3|ZCWPW1|TUBGCP4|TUBGCP5|TUBGCP6|ANKLE1|RMI1|ATM|RPA1|ANKRD31|ATRX|SPO11|NCAPD2|NCAPD3|TERB1|NCAPH|TERB2|NCAPH2|NUMA1|SHCBP1L|SKA1|TRIP13|SKA3|SMC2|XRCC2|FOXJ3|SMC4|MYBL1|METTL3|ZSCAN21|CATSPERZ|CCNA1|CCNB3|CDC25A|CYP26B1|HSF5|TESMIN|ZNF541|CDK2|ZW10|ANAPC1|ANAPC10|ANAPC11|CKS2|ANAPC13|TRIM75|ANAPC15|ANAPC16|ANAPC2|ANAPC4|MNS1|ANAPC5|ANAPC7|MASTL|DUSP1|HORMAD2|EHMT2|SMC1B|ERCC4|EREG|CDC16|CDC20|FBXO5|CDC23|CDC26|CDC27|CHFR|FANCA|WASHC5|DCAF13|C1ORF146|DDB1|CCNB1IP1|CENPS|CENPX|H1-8|CNTD1|EXO1|HFM1|IHO1|KLHDC3|MEI4|MLH3|MND1|ORC4|MSH4|MSH5|PSMC3IP|REC114|CALR|RNF212|RNF212B|SHOC1|SYCE3|WNT4|SYCP1|RBM7|STRA8|TEX11|TEX19|MLH1|TOP2A,https://www.gsea-msigdb.org/gsea/msigdb/human/geneset/GOBP_MEIOTIC_CELL_CYCLE,291,ENR,GOBP_MEIOTIC_CELL_CYCLE,1,1E-3,GOBP_MEIOTIC_CELL_CYCLE,FALSE,GOBP_MEIOTIC_CELL_CYCLE
48,3,3,3,0.999,,1E-3,,BMP4|HMGA2|WNT11|WNT3A|LHX2|POU4F1|CTDNEP1|IKZF3|ZFP36L1|GJA1|TRIM15|WNT5A|RPS6KA6|ARMC5|MSGN1|TWSG1|ACVR1|NUP133|PPP2CA|FOXF1|BTK|SMAD3|CER1|HOXA11|DAND5|MESP2|PRKAR1A|EPHA2|WLS|MESP1|SIX2|MESD|SMO|TIE1|SMAD2|FOXC1|SRF|EOMES|OSR1|VEGFA|SCX|ETV2|HAND1|HES7|NCKAP1|TBX6|TLX2|TBX20|BMPR2|EXT2|ACVR2B|TAF10|FOXC2|NOG|OVOL1|ZFPM2|PALB2|KDM6B|TBX19|TBX3|HCK|TCF15|TXNRD1|ITGA2|ITGA3|TP63|BMX|AXIN1|ITGB1|FGFR2|ITGB3|MIXL1|ZIC3|GDF11|SSBP3|ITGA8|EYA2|AMH|DKK1|TAL1|MEST|POFUT2|POGLUT1|BMPR1A|NCLN|NOMO1|NOMO3|EXT1|SMAD1|INHBA|JAK2|SFRP2|TEAD2|SNAI1|SMAD4|CITED2|IRX3|AHDC1|EXOC4|FGFR1|EPB41L5|NF2|PAX2|TBX1|YAP1|ETS2|CRB2|ACVR2A|PUS7|ITGB4|LHX1|SHH|NR4A3|NODAL|LEF1|APELA|PRKACA|IKZF1|KLF4|BMP7|FOXH1|EYA1|SECTM1|WNT3|DLL3|FGF8|GDF3|RPL38|GPI,https://www.gsea-msigdb.org/gsea/msigdb/human/geneset/GOBP_MESODERM_DEVELOPMENT,129,ENR,GOBP_MESODERM_DEVELOPMENT,1,1E-3,GOBP_MESODERM_DEVELOPMENT,FALSE,GOBP_MESODERM_DEVELOPMENT
40,3,3,3,0.999,,1E-3,,HOXA3|LRIT3|RPL24|ARK2C|TIFAB|CHRNB2|SLC24A4|ITGA4|POU4F1|SIX1|ATOH7|NGF|PLXNA1|GLI3|KCNC2|NTRK1|DAG1|VCAM1|EDN1|COL25A1|EDNRA|SERPINE2|LRIG1|LARGE1|POU4F3|EPHA4|TFAP2A|NGFR|B4GALNT1|DRGX|KCNC1|EGR2|NRP2|SLC25A46|NTF3|DICER1|CTNNB1|EXT1|ADARB1|HES1|PLXNA4|SEMA3A|ISL1|BDNF|HOXA1|PRKCG|SIX4|ATP8B1|HOXB1|HOXB2|LRIG2|HOXB3|PHOX2A|SALL1|CITED2|HOXD3|NAGLU|EPHB2|SCN1A|NRTN|SLC1A3|NTF4|AFG3L2|GABRA5|TMEM126A|GABRB2|NRP1|GABRB3|ACKR3|PAX2|CHD7|PLXNA3|TBX1|CNGB1|NPR2|SLC38A8|SEMA3F|EPHB1|ECE1|NDP|LPAR1|NAV2|KCNQ3|TCIRG1|KCNA2|MAFB|NPTX1|ERBB3|FBXO45|SLITRK6|SULF1|SULF2|ILK,https://www.gsea-msigdb.org/gsea/msigdb/human/geneset/GOBP_NERVE_DEVELOPMENT,93,ENR,GOBP_NERVE_DEVELOPMENT,1,1E-3,GOBP_NERVE_DEVELOPMENT,FALSE,GOBP_NERVE_DEVELOPMENT
51,3,3,3,0.999,,1E-3,,BMP4|HAND2|PITX2|ERRFI1|RARB|RARG|GNA12|FGF9|MKS1|GLI3|PKDCC|HOXC11|MYH3|PBX2|SP8|IFT122|MYCN|RUNX2|ALX4|C2CD3|TBX5|WNT5A|DLX5|RDH10|DLX6|COL6A1|FRAS1|OSR2|HDAC1|ALX3|PSEN1|SP9|EN1|HOXA10|HOXA11|HOXD13|FBN2|HOXD9|SALL1|SHOX2|PLXNA2|MAP3K20|NFIA|TFAP2B|PTCH1|ZBTB16|OSR1|IFT52|PCSK5|COL3A1|MOSMO|NPR2|PRICKLE1|WDR19|BAK1|BAX|SALL4|BCL2L11|ECE1|NOG|PBX1|DYNC2H1|HOXA9|NOTCH2|HOXC10|NIPBL|TULP3|FZD6|TBX3|TWIST1|TBX4|GJA5|GREM1|RPGRIP1L|AFF3|CIBAR1|CHST11|TBX2|SKI|ACD|ARK2C|LNPK|PITX1|TP63|ASPH|COL2A1|BPNT2|ATRX|FGFR2|ZIC3|MBNL1|DKK1|LARGE1|PRRX1|CYP26B1|TFAP2A|MUSTN1|BMPR1A|IFT140|MEGF8|INTU|RSPO2|CTNNB1|EXT1|MED1|SEMA3C|SFRP2|EVX2|SMAD4|IHH|IQCE|HDAC2|ZNF141|FLVCR1|ZNF219|CRABP2|GPC3|GRHL2|HOXD10|NOTCH1|FGFR1|WNT7A|GDF5|ZNF358|MSX1|MSX2|CHD7|RECK|WDPCP|B9D1|FREM2|LMBR1|TBC1D32|TMEM107|TMEM231|CACNA1C|SHH|LRP4|CREBBP|LEF1|ALX1|TTBK2|ALDH1A2|TRAF3IP1|VPS54|BMP7|WNT3|FGF10|FGF8|HOXA13|SOX9|FBXW4|LRP5|TGFB2,https://www.gsea-msigdb.org/gsea/msigdb/human/geneset/GOBP_APPENDAGE_MORPHOGENESIS,154,ENR,GOBP_APPENDAGE_MORPHOGENESIS,1,1E-3,GOBP_APPENDAGE_MORPHOGENESIS,FALSE,GOBP_APPENDAGE_MORPHOGENESIS
16,3,3,3,0.999,,1E-3,,ABRA|BMP4|CABP1|CBLB|CDH1|CRY2|CFL1|CSE1L|EFCAB7|FAM53A|ANP32B|FAM53B|FAM53C|IER3|FGF9|AKT1|GCKR|RSRC1|GLI3|HCLS1|HEATR3|HIKESHI|IFI27|ING1|IPO11|IPO13|LSG1|IPO4|LTV1|EPM2A|IPO7|IPO8|IPO9|MDN1|RAN|JUP|KPNA4|KPNA5|NMD3|KPNA7|NOP9|AKIRIN2|CDK1|NUP88|PPP1R10|APPL1|APPL2|NPAP1|NUP107|NUP133|PKD1|GSK3B|NUP188|NUP214|PRKAG1|RPS15|NUP35|NUP50|SDAD1|NUP54|PSEN1|NUP58|NUTF2|PKIG|POM121|POM121C|POM121L2|PPP3R1|SIRT6|PTTG1IP|RANBP17|RANBP2|KPNA3|RANBP6|LEP|RGPD1|RGPD2|CD36|MDFIC|RGPD3|SMG5|RGPD4|SMG6|BACH2|RGPD5|RGPD6|RGPD8|RPAIN|MDM2|SIX2|SMO|SNUPN|NEMF|SPRN|STK3|STK4|SUFU|TMCO6|TNPO1|TNPO2|NUP153|TNPO3|NUP62|PPP1CC|TXNIP|ZIC1|SRSF3|ATF2|PRICKLE1|PPP1R12A|RANBP1|GAS6|RAPGEF3|SP100|TP53|MCM3AP|TARDBP|CDK5|THOC1|THOC2|THOC3|THOC5|THOC6|THOC7|RPL23|IPO5|IL1B|SEH1L|IL33|CITED1|AXIN1|UPF1|HTATIP2|ATXN1|C12ORF50|CCHCR1|CHTOP|DDX19A|PRKCD|DDX19B|ANP32A|DDX25|FYTTD1|NUP62CL|PARK7|GLE1|NUP160|NUP42|NXF1|EIF4ENIF1|NXF3|NXT1|SUMO1|YTHDC1|NXT2|POLDIP3|RANBP3|RANBP3L|RITA1|SARNP|MAVS|STRADA|STRADB|XPO5|EGR2|XPO6|XPO7|MMP12|XPOT|ZC3H11A|ZPR1|NR4A1|ZC3H11B|ZC3H11C|ADAR|SMG1|AHCYL1|HSPA9|NFKBIA|ALKBH5|NF1|MED1|NUP85|BARD1|AHCTF1|LMNA|EMD|PHAX|UBR5|CPSF6|NUP205|XBP1|RBM33|XPO1|PCID2|IFNG|NCBP3|NSUN2|CDKN2A|SHH|PABPN1|PRKACA|DMAP1|KCNQ3|UPF2|NOL6|WNK1|MALT1|LRRK2|AKAP8L|ALYREF|CHP2|SSB|RIOK2|SYK|AAAS|ANGPT1|CASC3|YWHAB|PPM1A|PRKD1|RAE1|BAG3|PTPN14|SFN|ECT2|SIRT7|E2F3|FLNA|HDAC3|PTPN11|SMAD3|WASHC4|PML|SMG7|SQSTM1|DDX39A|YWHAE|DDX39B|TERT|KPNB1|EI24|LZTS2|PHB2|ELAVL1|DHX9|SEC13|EIF4A3|ENY2|NDC1|SETD2|NUP37|NUP43|EIF4E|FMR1|AGFG1|PIK3R2|MX2|RGS14|HNRNPA1|HNRNPA2B1|NEDD4|PKIA|TRIM28|CDAN1|SIX3|RAB23|IWS1|KHDRBS1|ANKLE1|UBE2I|FCHSD1|SEM1|BCL3|SMURF1|CHP1|MAGOH|MAGOHB|CWH43|DRD1|TPR|SPG11|TRAF3IP2|CDKN1A|NCBP1|CDKN1B|FAM76B|NCBP2|NPM1|HSPA12A|NRDE2|NUP98|PIK3R1|FERMT1|JAK2|TSC2|MBTPS1|STAT3|HYAL2|TGFB1|NOTCH1|UFM1|PRP4K|CAMK1|CTDSPL2|FRAT1|FRAT2|HHEX|KPNA6|ZC3H12A|NUP210|RANGAP1|MAPK14|ANKRD54|DESI1|TMEM53|RBM10|TXN|HSP90AA1|UHMK1|APOD|XPO4|RBM15B|PPP3CA|RBM22|EIF6|POLA2|EP300|KPNA1|KPNA2|RBM4|FBXO22|CALR|RBM8A|NUP155|NUP93,https://www.gsea-msigdb.org/gsea/msigdb/human/geneset/GOBP_NUCLEAR_TRANSPORT,336,ENR,GOBP_NUCLEAR_TRANSPORT,1,1E-3,GOBP_NUCLEAR_TRANSPORT,FALSE,GOBP_NUCLEAR_TRANSPORT
21,3,3,3,0.999,,1E-3,,HSPB1|THBS1|NOTCH1|TMSB4X|FGF2|FGFR1|CCN3|HRG|NRP1|VEGFA|CORO1B|PRKD1|RAB13|LGMN|EGR3|SEMA5A|FGF1|FGF16|PRKD2|FGF18|GAB1|MET|HMGB1|NR4A1|PLEKHG5|CXCL13|P2RX4|KDR|SMOC2,https://www.gsea-msigdb.org/gsea/msigdb/human/geneset/GOBP_ENDOTHELIAL_CELL_CHEMOTAXIS,29,ENR,GOBP_ENDOTHELIAL_CELL_CHEMOTAXIS,1,1E-3,GOBP_ENDOTHELIAL_CELL_CHEMOTAXIS,FALSE,GOBP_ENDOTHELIAL_CELL_CHEMOTAXIS
,3,3,3,0.999,,1E-3,,ABCD2|SLC22A9|THBS1|ABCD1|ABCD3|ABCD4|SLC5A8|CPT1A|ACSL1|SLC25A20|ACSL5|AKT1|AKT2|SLC27A1|CPT1B|CPT2|IRS2|SLC27A5|SLC2A1|CD36,https://www.gsea-msigdb.org/gsea/msigdb/human/geneset/GOBP_FATTY_ACID_TRANSMEMBRANE_TRANSPORT,20,ENR,GOBP_FATTY_ACID_TRANSMEMBRANE_TRANSPORT,1,1E-3,GOBP_FATTY_ACID_TRANSMEMBRANE_TRANSPORT,FALSE,GOBP_FATTY_ACID_TRANSMEMBRANE_TRANSPORT
2,3,3,3,0.999,,1E-3,,DAAM2|HMGA2|NOTCH1|TREM2|DAB1|DUSP10|ID2|MYCN|DRD3|NKX6-1|DLX1|DLX2|GPR37L1|NKX6-2|NOG|NTRK3|CTNNB1|ID4|HES1|LDLR|HES5|LIN28A|NF1|F2|TMEM98|NR1D1|NR2E1,https://www.gsea-msigdb.org/gsea/msigdb/human/geneset/GOBP_NEGATIVE_REGULATION_OF_GLIAL_CELL_DIFFERENTIATION,27,ENR,GOBP_NEGATIVE_REGULATION_OF_GLIAL_CELL_DIFFERENTIATION,1,1E-3,GOBP_NEGATIVE_REGULATION_OF_GLIAL_CELL_DIFFERENTIATION,FALSE,GOBP_NEGATIVE_REGULATION_OF_GLIAL_CELL_DIFFERENTIATION
27,3,3,3,0.999,,1E-3,,KNDC1|NRXN1|NOG|TTLL1|AGTPBP1|SLC25A46|WNT7A|GATA2|GRID2|SKOR2|CEND1|LDB1|RORA|ATP7A|HERC1|PROX1|CBLN1|FOXP2|FAIM2|LHX1|LHX5|OPHN1|TTC21B,https://www.gsea-msigdb.org/gsea/msigdb/human/geneset/GOBP_CELL_DIFFERENTIATION_IN_HINDBRAIN,23,ENR,GOBP_CELL_DIFFERENTIATION_IN_HINDBRAIN,1,1E-3,GOBP_CELL_DIFFERENTIATION_IN_HINDBRAIN,FALSE,GOBP_CELL_DIFFERENTIATION_IN_HINDBRAIN
20,3,3,3,0.999,,1E-3,,H6PD|HIF1A|REST|DGKQ|DKK3|FFAR3|EGR1|BMP6|NR5A2|NR3C1|BMP5|LHCGR|STC2|PDE8B|ATP1A1|CLCN2|DAB2|POR|ADM|BMP2|WNT4|ARNT,https://www.gsea-msigdb.org/gsea/msigdb/human/geneset/GOBP_REGULATION_OF_HORMONE_BIOSYNTHETIC_PROCESS,22,ENR,GOBP_REGULATION_OF_HORMONE_BIOSYNTHETIC_PROCESS,1,1E-3,GOBP_REGULATION_OF_HORMONE_BIOSYNTHETIC_PROCESS,FALSE,GOBP_REGULATION_OF_HORMONE_BIOSYNTHETIC_PROCESS
22,3,3,3,0.999,,1E-3,,MYOD1|MYOG|CD53|CCL8|TNFSF14|GDF15|CAPN2|CFLAR|CXCL10|ADGRB1|SCGB3A1|IL4R|RIPOR2|CXCL9|MAPK14|EHD1|EHD2|NFATC2|PLEKHO1|FLOT1|TMEM182,https://www.gsea-msigdb.org/gsea/msigdb/human/geneset/GOBP_REGULATION_OF_MYOBLAST_FUSION,21,ENR,GOBP_REGULATION_OF_MYOBLAST_FUSION,1,1E-3,GOBP_REGULATION_OF_MYOBLAST_FUSION,FALSE,GOBP_REGULATION_OF_MYOBLAST_FUSION
7,3,3,3,0.999,,1E-3,,HMGA2|ACTN3|WNT3A|MAP3K13|AGRN|VIL1|ADCY10|DLL1|CAPN3|FN1|FGF9|NGF|AKT1|BMP10|RIMS2|RND2|AGR2|BBS4|SHTN1|TBX5|MAP1B|PAFAH1B1|ZP3|CCNB1|NTN1|CDK1|PPARD|CDH4|GHR|CREB1|CSF1|IGF1|LIMK1|RBPJ|IGF2|CXCL12|INSR|HLX|TGFBR3|SOX15|BDNF|LEP|ATP8A2|FOXS1|SMO|NEDD4L|SRF|SEMA7A|SMAD7|BASP1|DRD2|VEGFA|HOPX|PROX1|MKKS|HEY2|TBX20|BMPR2|BCL2|DIO3|WNT2|NIPBL|ZFPM2|PLAA|POU3F2|PARP2|SERP1|GHRHR|PLCB1|TRPV2|CACNG7|IST1|RIMS1|GPR21|SYT4|TBX2|GDI1|SYT17|UNC13A|BBS2|FGFR2|SMURF1|EDN1|DSCAM|EFNA5|ERBB4|WT1|CDKL5|DISC1|L1CAM|MYOD1|BCL11A|MEF2C|NACA|BMPR1A|MEGF8|NRG1|NTRK3|ANAPC2|PAK1|SYT1|SYT2|ARX|SYT3|TNFRSF12A|SEMA4D|CRABP2|GATA6|PRKN|MAPT|SASH3|NOTCH1|EZR|ITSN2|FGF2|FGFR1|GPAM|PPIB|GHRL|NRP1|PIM1|GHSR|ADNP|GLI1|CACNA2D2|CHD7|IL7|SLC23A2|YAP1|HSF1|ACACB|GOLGA4|AKAP6|RUFY3|MAPK14|MTM1|SPTBN4|CPNE5|MUL1|CPNE6|SEMA5A|CPNE9|ISLR2|SLC6A3|GHRH|PLS1|PUM2|ZFYVE27|YBX3|TWF2|LPAR3|RAG2|RNF157|WNT3|MACF1|PEX5|STAT5B|FGF8|STAT5A|RASAL1|TRPC5,https://www.gsea-msigdb.org/gsea/msigdb/human/geneset/GOBP_POSITIVE_REGULATION_OF_DEVELOPMENTAL_GROWTH,161,ENR,GOBP_POSITIVE_REGULATION_OF_DEVELOPMENTAL_GROWTH,1,1E-3,GOBP_POSITIVE_REGULATION_OF_DEVELOPMENTAL_GROWTH,FALSE,GOBP_POSITIVE_REGULATION_OF_DEVELOPMENTAL_GROWTH
8,3,3,3,0.999,,1E-3,,LEMD3|SKI|ACVR1|FSTL3|NCLN|NOMO1|DACT2|NOMO3|FST|SMAD7|CER1|DAND5|SMURF1|FKBP1A|SMAD6|MAGI2|FKBP1C|IGSF1,https://www.gsea-msigdb.org/gsea/msigdb/human/geneset/GOBP_NEGATIVE_REGULATION_OF_ACTIVIN_RECEPTOR_SIGNALING_PATHWAY,18,ENR,GOBP_NEGATIVE_REGULATION_OF_ACTIVIN_RECEPTOR_SIGNALING_PATHWAY,1,1E-3,GOBP_NEGATIVE_REGULATION_OF_ACTIVIN_RECEPTOR_SIGNALING_PATHWAY,FALSE,GOBP_NEGATIVE_REGULATION_OF_ACTIVIN_RECEPTOR_SIGNALING_PATHWAY
35,3,3,3,0.999,,1E-3,,BMP4|FOXA1|HMGA2|PITX2|LIF|FGFR2|PLOD3|NKX2-1|DAG1|TCF21|FGF7|WNT2B|RDH10|CDC42|HIPK2|COL6A1|RSPO2|FOXF1|SPRY1|SPRY2|CTNNB1|IGF1|EXT1|LAMA1|TGFBR2|TNF|MAP2K1|DLG5|FOXP2|KRAS|CELSR1|GRHL2|SRF|WNT7B|MAP2K2|ESRP2|ID1|SEC24B|AP3B1|YAP1|SRSF6|RPL13A|SOX11|SHH|CTSZ|NFIB|NODAL|STK40|TNC|NOG|HOXA5|WNT2|VANGL2|MAPK1|MAPK3|CTSH|FGF10|FGF8|SOX9|HHIP|TBX2,https://www.gsea-msigdb.org/gsea/msigdb/human/geneset/GOBP_LUNG_MORPHOGENESIS,61,ENR,GOBP_LUNG_MORPHOGENESIS,1,1E-3,GOBP_LUNG_MORPHOGENESIS,FALSE,GOBP_LUNG_MORPHOGENESIS
1,3,3,3,0.999,,1E-3,,GALNT3|CHSY1|PTHLH|COL11A1|BPNT2|RARG|MSX2|ECM1|SMAD7|COMP|RUNX2|AXIN2|RFLNA|POC1A|RFLNB|BMPR2|TSKU|COL27A1|FGF18|MATN1|SERPINH1|EXT1|HOXA11|EIF2AK3|TGFBR2|SMPD3|SFRP2|BMPR1B|CHST11|SOX9|SULF1|SULF2|MEX3C|SHOX2,https://www.gsea-msigdb.org/gsea/msigdb/human/geneset/GOBP_CHONDROCYTE_DEVELOPMENT,34,ENR,GOBP_CHONDROCYTE_DEVELOPMENT,1,1E-3,GOBP_CHONDROCYTE_DEVELOPMENT,FALSE,GOBP_CHONDROCYTE_DEVELOPMENT
8,3,3,3,0.999,,1E-3,,BMP4|ACVRL1|TGFB1|GDF5|BMP10|GDF6|CSNK2B|GDF11|TGFB3|GLCE|ACVR2A|AMH|GDF7|BMPR2|ENG|TWSG1|TGFBR1|ACVR1|NODAL|PSG9|BMPR1A|BMP6|BMP5|BMPER|SMAD3|HFE|SH2B1|BMP7|TGFBR2|DAB2|INHBA|TGFBR3|BMP2|KIAA0319|JAK2|ATOH8|SMAD4|PARP1|TTK|NUP93|TGFB2,https://www.gsea-msigdb.org/gsea/msigdb/human/geneset/GOBP_POSITIVE_REGULATION_OF_SMAD_PROTEIN_SIGNAL_TRANSDUCTION,41,ENR,GOBP_POSITIVE_REGULATION_OF_SMAD_PROTEIN_SIGNAL_TRANSDUCTION,1,1E-3,GOBP_POSITIVE_REGULATION_OF_SMAD_PROTEIN_SIGNAL_TRANSDUCTION,FALSE,GOBP_POSITIVE_REGULATION_OF_SMAD_PROTEIN_SIGNAL_TRANSDUCTION
34,3,3,3,0.999,,1E-3,,FEM1B|HIF1A|FOXA1|ACTN3|PDE3A|SCARF1|EBP|MAP3K13|PGR|NEUROD2|CCR6|NGF|NPPC|DAG1|HEATR3|IQCF1|RERE|RUNX2|SEZ6|FARP2|MAP1B|PTH1R|NEFL|CCNB1|PLXNB1|KIF14|ROPN1B|KCNIP2|DEFB1|BTK|IGF1|RBPJ|CX3CL1|CX3CR1|B4GALT5|TRIM58|LEP|MAEA|ASCL1|DLD|H3-3A|H3-3B|RYR1|EPHA8|FGF22|NFIA|DAB2IP|SRRM4|EDNRB|VEGFA|NPR2|RFLNA|PLA2G10|RFLNB|TBX6|AURKA|PTH|BCL2|FOXJ1|PLA2G3|PFN1|MYOC|FUT6|PICK1|FEV|HBZ|GATA3|NTN4|SHANK1|CDK5R1|DLGAP4|IGSF9|RPS6KA2|GREM1|AP1G1|CLSTN1|AGO2|AP3D1|RB1|ARCN1|CNTNAP1|SEMG1|SEMG2|DCHS1|CBFB|SLC24A4|ADGRB3|SPINK5|BNC1|DAZL|C1QL1|EPO|LGI4|EDN1|TUSC2|CCDC39|EDNRA|WDR77|EPAS1|PTEN|WNT10B|FGF7|KCNB1|KCNE1|SOX18|LTF|NKX6-1|RHOA|ZBTB7A|ANG|BCL11A|LCN6|MMP2|HDAC6|HES5|TRPC4AP|LSM14B|NF1|REN|ARHGEF15|IHH|KDR|SEMA4D|LHX6|ZAR1L|NEMP1|ATP6V0C|XBP1|DAB1|B4GALT6|ACTL6B|MSX2|PAX2|SLC22A14|RECK|WEE2|RAC1|CATSPER2|GBA1|RAC2|CATSPER3|RAC3|SLC26A3|CATSPER4|RET|NRN1|THBS3|ROCK1|SLFN14|MTCH1|SPTBN4|BAP1|NFATC4|NSUN2|IER3IP1|SOX10|S1PR1|ANKS1A|TUT4|PRKACA|TUT7|KCNQ3|NRCAM|PCSK4|ZAR1|NOM1|BMP2|LRRK2|ABHD2|P2RX5|SIRT2|ZDHHC15|ZDHHC2|ZDHHC20|SOX8|PLD6|TGFB2|IRX5|C3|PPARG|AGRN|PALM|KDM1A|RAB32|RND1|RAB38|RAB3A|RXFP2|CAMK2B|TCP11|IFT80|ATP6AP1|CD63|WNT5A|ATP6AP2|ATP6V0A1|BSPH1|ATP6V0A4|BHLHA15|CABYR|CATSPERD|ATP6V0D1|CATSPERE|EFCAB9|CFTR|ELSPBP1|SCLT1|ATP6V1A|SMIM45|ATP6V1B1|ATP6V1B2|BAIAP3|GAL|ATP6V1C1|ATP6V1D|ATP6V1E1|LYL1|BLOC1S3|TDRD1|ATP6V1F|ATP6V1G1|BLOC1S5|TDRD5|ATP6V1G2|CHRDL1|GATA2|ATP6V1G3|CDC25B|CLCN3|YTHDF2|L3MBTL3|YWHAZ|CDH3|TDRD6|DIAPH3|KLF2|TDRD7|TDRKH|BRCA2|CDKN1C|AKR1B1|VSX1|RFX3|PPP2R1A|DMC1|ADAM7|SLC17A7|BFSP1|BFSP2|FZD5|MBTPS2|SEMA7A|SHB|ZBTB16|ID2|ANKRD27|AP1M1|SNX27|SPINK1|RAB24|ANGPTL8|C1QA|CNTN2|NRXN1|VPS35|HOXA5|DLG4|GHRHR|ADAMTS7|STXBP1|SIX3|SYBU|BCAN|IGSF21|LNX1|SEZ6L|TUBB8|SEZ6L2|REC8|FAM20C|CCDC154|ACVRL1|PHOSPHO1|PICALM|GALNT3|ROPN1|ROPN1L|BLOC1S6|PTPRN|AXL|NEURL1|GDF11|CDH5|GLDN|HOXB13|TFCP2L1|CNTNAP2|SNAPIN|TMEM79|TRIP13|CLEC7A|SNX19|TAL1|DDIT3|DISC1|CATSPERZ|CLN5|WNT1|ANAPC2|CTNNB1|SYP|EXT1|IL21|HES1|XYLT1|CDK5R2|FBXO41|HID1|FERMT1|TMPRSS12|ERCC2|FLVCR1|ADAMTS12|EREG|IL15|TGFB1|CDC20|FBXO5|FGFR1|GPAT4|CNGB1|NR4A2|RELN|WASHC5|PTBP3|TMIGD1|APP|BRD1|C1QL2|EPB42|CEBPA|FAM210B|PAEP|ALDH1A2|FOXO3|CEND1|RHEX|SLC26A6|G6PD|CCL19|SNX10|FGFR3|SPG21|CCL21|MECP2,https://www.gsea-msigdb.org/gsea/msigdb/human/geneset/GOBP_DEVELOPMENTAL_MATURATION,355,ENR,GOBP_DEVELOPMENTAL_MATURATION,1,1E-3,GOBP_DEVELOPMENTAL_MATURATION,FALSE,GOBP_DEVELOPMENTAL_MATURATION
19,3,3,3,0.999,,1E-3,,BICD1|CBLB|MTMR2|WNT3A|SNX17|WDR54|PTX3|RNF220|ATXN2|NECAB2|CCR7|CD177|NR1H2|CD300A|NR1H3|ATG3|CD47|EFNB2|RAP1A|B2M|CDC42|PCSK9|CFP|APPL1|APPL2|CNN2|ARRB2|AAK1|PTPRC|HMGB1|BTK|INSR|ITGAV|PPP3R1|MYLK|SRC|CD300LF|CD36|UNC119|FCGR1A|MDM2|NEDD4L|COLEC10|PIK3CB|COLEC11|HIP1|CYBA|TFR2|PIP4P2|DRD2|ABCA13|VEGFA|ARAP1|LRPAP1|F2RL1|FCGR2B|FCN1|FCER1G|FCN2|FCN3|FGR|FLOT1|FPR2|RAP1GAP|PICK1|ATAD1|GAS6|PLA2G5|PPT1|CALM3|ANKFY1|GREM1|HCK|AP2A1|MCTP1|CLU|PLCG2|USP46|ITGA2|SYT17|CDH13|PLSCR1|ITGB3|TF|HPCA|DOCK2|PARK7|CLN3|AHI1|DKK1|DNAJC6|MAGI2|MIB1|SCARB1|DRD4|EEF2K|LYAR|SFRP4|ARFGAP1|MBL2|ARF6|NRG1|NTF3|SNCA|CALY|HIP1R|CSK|SMPD1|DAB2|NCKAP1L|CBLL1|RABGEF1|TGM2|EHD4|ITSN1|VAC14|ABL1|SCRIB|SDCBP|ACTB|USP6|PRTN3|PTPRJ|RAB21|RAC1|PTPN1|IFNG|RIN3|IL4|ROCK1|SNX9|PLLP|STON1|SELE|LPAR1|PRKACA|SERPINE1|SFTPD|SIRPA|LMAN2|LRRK2|RAB4A|EGF|STAP1|APOA5|APOC3|APOE|SUSD4|SYK|MYO18A|CLIP3|C3|SYNJ2BP|CAV1|CAV3|DYSF|RUFY2|ANGPT1|DLL1|TLR2|EPHA3|PYCARD|RIT2|ABCA7|CD22|RALA|ANKRD13B|ANKRD13D|PRKD1|PROM2|TNK2|ATG5|WASL|BMP2K|CCDC32|CD63|WNT5A|PPP3CC|LRRTM1|SH3GL3|RAB31|RAB4B|GATA2|RABEP1|GSG1L|HFE|RACK1|MKLN1|NUMB|TAMALIN|IL2RG|PRKCG|ACTG1|RUFY1|BIN1|SLC11A1|DTNBP1|SIRPB1|LRP1|SIRPG|CD151|APLN|SLC17A7|APLNR|PACSIN3|FMR1|SNX12|SNX3|LRSAM1|AP2M1|ZFYVE16|NLGN1|C2|C4A|C4B|SCAMP5|RAB27A|ABCA2|DLG4|CBL|ARPC3|FCGR2A|FCGR2C|ALOX15|SYT11|SYT4|APOA1|APOA2|APOC1|IL15RA|TOR1A|APOC2|PICALM|MERTK|ANKRD13A|IL2RB|LGALS3|RSPO1|PACSIN2|RUBCN|AXL|RAB5B|RAB5C|VAMP4|CD14|SNAP91|CLEC7A|SNX33|DGKD|SPHK1|OPHN1|ARF1|ANXA2|DGKQ|STX1B|LRRTM2|TBC1D5|SPACA3|LETMD1|ARRB1|LILRB1|TSC2|TSG101|AP2B1|AP2S1|BTBD9|GPC3|UBQLN2|AHSG|PRKN|STAT3|PPP3CB|IL15|TGFB1|PACSIN1|SGIP1|TREM2|SYT7|STON2|HAMP|ARC|LDLRAP1|VPS28|ABL2|H1-1|ADIPOQ|NCDN|APP|ANO6|SH3GL2|AZU1|PPP3CA|APELA|BCR|TUB|TULP1|USH1G|CALR|CAMK1D|VTN|SMAP1|CCL19|CCL2|NEU3|SOD1|CCL21,https://www.gsea-msigdb.org/gsea/msigdb/human/geneset/GOBP_REGULATION_OF_ENDOCYTOSIS,306,ENR,GOBP_REGULATION_OF_ENDOCYTOSIS,1,1E-3,GOBP_REGULATION_OF_ENDOCYTOSIS,FALSE,GOBP_REGULATION_OF_ENDOCYTOSIS
6,3,3,3,0.999,,1E-3,,WNT11|WNT3A|ATM|SIX1|DLL1|LFNG|DMRT2|PCDH8|WNT5A|PPP2R3A|XRCC2|DKK1|MIB1|POFUT1|POGLUT1|MSGN1|BMPR1A|NUP133|FOXF1|WNT1|NKX3-1|PSEN1|CDX1|RBPJ|SMAD3|MEOX1|MESP2|RIPPLY2|FRZB|MED12|SEMA3C|SFRP2|SIX4|PRKDC|TBX18|SMAD4|IHH|TCAP|CDX2|ZEB2|LOXL3|MESP1|NKD1|SMO|PLXNA2|FOXC1|MTHFD1|NOTCH1|PTCH1|EPB41L5|SCX|CRB2|AXIN2|HES7|NCKAP1|TBX6|MEOX2|WDR19|LHX1|SHH|TAF10|FOXC2|LEF1|NOG|TP53|NLE1|COBL|PALB2|FOXB1|EP300|RBBP6|SFRP1|TMED2|NRARP|MYF5|MYF6|RAD51B|WNT4|DLL3|TCF15|ABI1|GDF3|KAT2A,https://www.gsea-msigdb.org/gsea/msigdb/human/geneset/GOBP_SOMITE_DEVELOPMENT,83,ENR,GOBP_SOMITE_DEVELOPMENT,1,1E-3,GOBP_SOMITE_DEVELOPMENT,FALSE,GOBP_SOMITE_DEVELOPMENT
,3,3,3,0.999,,1E-3,,THBS1|DNAJA1|PDCD6|AKT1|TRPM2|CASQ1|HSPA1B|HSP90AB1|HIKESHI|HSBP1|EIF2B1|EIF2B3|EIF2B4|BAG3|GSK3B|DAXX|SLU7|IGF1|CHORDC1|CXCL10|DNAJA2|DNAJA4|EIF2B5|YWHAE|DNAJC7|MTOR|EIF2S1|CRNN|CLPB|ANO1|HMOX1|HSPA2|SIRT1|STAC|ASIC3|ST8SIA1|HSPA1A|SLC52A3|IRAK1|TCIM|ATM|DNAJA3|EIF2B2|SCN2B|TRPA1|TRPV1|DNAJB1|TPR|DNAJB4|SUMO1|LYN|SCN11A|MAPKAPK2|GCLC|HSPA6|HSPB6|HSPB2|STUB1|ZFAND1|MICA|HDAC6|NOS1|TRPV4|HTRA2|SCARA5|TP53INP1|DNAJC2|NF1|HDAC2|ATXN3|DNAJB6|MICB|VCP|HSPB1|MAPT|HPCAL4|HSBP1L1|IER5|IL1A|TFEC|CRYAB|DHX36|ATR|HSF1|PSIP1|FGF1|HSP90AA1|CREBBP|LRP11|PIRT|PRKACA|EEF1D|NOS3|EP300|MAP2K7|P2RX3|RBBP7|SOD1,https://www.gsea-msigdb.org/gsea/msigdb/human/geneset/GOBP_RESPONSE_TO_HEAT,98,ENR,GOBP_RESPONSE_TO_HEAT,1,1E-3,GOBP_RESPONSE_TO_HEAT,FALSE,GOBP_RESPONSE_TO_HEAT
,3,3,3,0.999,,1E-3,,PLD2|PLPP4|CD33|FYN|VAV1|CD200R1|VAV3|KIT|PRKCD|LILRA4|LCK|YES1|LYN|CLEC4D|APPL1|PRKCQ|APPL2|BTK|LIMK1|PAK1|MYO1G|TRAF6|SRC|FCER2|VAV2|FCGR1A|CD247|MAPK9|CLEC4E|MAPK10|ABL1|PTK2|MAP2K4|MAP3K1|PRKCE|IFNG|FCGR2B|FCER1G|FER|FGR|NOS2|NR4A3|MAP3K7|MAPK8|PLA2G6|MAP2K7|SOS1|HCK|IKBKB|FCAR|FCER1A|PLCG1|FCGR2A|PLCG2|FCGR2C|FCGR3A|SYK|FCGR3B|PIGR|FCMR,https://www.gsea-msigdb.org/gsea/msigdb/human/geneset/GOBP_FC_RECEPTOR_SIGNALING_PATHWAY,60,ENR,GOBP_FC_RECEPTOR_SIGNALING_PATHWAY,1,1E-3,GOBP_FC_RECEPTOR_SIGNALING_PATHWAY,FALSE,GOBP_FC_RECEPTOR_SIGNALING_PATHWAY
6,3,3,3,0.999,,1E-3,,ODAD4|HAND2|HIF1A|NKX3-2|WNT3A|PITX2|DLL1|MKS1|CFAP45|DRC1|C2CD3|ODAD2|TGIF1|WNT5A|ACVR1|BBS5|BBS7|FOXF1|PSEN1|SMAD3|CER1|DAND5|RIPPLY2|GREM2|NKX2-5|OVOL2|RNF207|DNAAF2|MESP1|RFX3|SMO|SMAD2|DVL2|SUFU|SRF|APLNR|CLUAP1|IFT172|OFD1|KIF3B|IFT52|IFT57|NEK8|PKD2|HAND1|AP1B1|MKKS|TBX20|RTTN|ALG5|ACVR2B|FOXJ1|ARL6|STIL|SETDB2|DYNC2H1|NOTCH2|SOX17|TBX3|TMED2|GREM1|RPGRIP1L|CFAP53|DNAI1|GALNT11|PIERCE1|TBX2|DAAM2|DAW1|CCDC40|DNAAF1|MMP21|ZIC3|CCDC39|AHI1|CRIPTO|SOX18|DDIT3|DNAAF4|MIB1|DYNC2LI1|MEF2C|IFT140|MEGF8|NCLN|BICC1|NOMO1|CFAP52|CIROP|NOMO3|CTNNB1|DNAI2|ENKUR|IFT74|PIERCE2|NOTO|PSKH1|ODAD3|AIDA|NBL1|TGFBR2|FOLR1|MICAL2|GATA4|IHH|NME7|CITED2|CFC1|CRIPTO3|NOTCH1|DNAH5|DPCD|DNAAF3|NDRG4|WNT8B|TBX1|TBC1D32|ACVR2A|TMEM107|ANKS6|FOXN4|DISP1|ARL13B|NPHP3|DVL1|SHH|ENG|DNAH11|NODAL|PKD1L1|ASB2|LEFTY1|CC2D2A|ALDH1A2|PCSK6|VANGL2|FOXH1|FGF10|FGF8|DNAAF11|SOSTDC1,https://www.gsea-msigdb.org/gsea/msigdb/human/geneset/GOBP_SPECIFICATION_OF_SYMMETRY,141,ENR,GOBP_SPECIFICATION_OF_SYMMETRY,1,1E-3,GOBP_SPECIFICATION_OF_SYMMETRY,FALSE,GOBP_SPECIFICATION_OF_SYMMETRY
9,3,3,3,0.999,,1E-3,,SYT7|PRRT2|DOC2A|SYT1|DOC2B|SYT13|SYT2|ERC2|RPH3A|SYT5|RPH3AL|SYT8|SYT9|SYT11|SYT4,https://www.gsea-msigdb.org/gsea/msigdb/human/geneset/GOBP_POSITIVE_REGULATION_OF_SYNAPTIC_VESICLE_FUSION_TO_PRESYNAPTIC_ACTIVE_ZONE_MEMBRANE,15,ENR,GOBP_POSITIVE_REGULATION_OF_SYNAPTIC_VESICLE_FUSION_TO_PRESYNAPTIC_ACTIVE_ZONE_MEMBRANE,1,1E-3,GOBP_POSITIVE_REGULATION_OF_SYNAPTIC_VESICLE_FUSION_TO_PRESYNAPTIC_ACTIVE_ZONE_MEMBRANE,FALSE,GOBP_POSITIVE_REGULATION_OF_SYNAPTIC_VESICLE_FUSION_TO_PRESYNAPTIC_ACTIVE_ZONE_MEMBRANE
10,3,3,3,0.999,,1E-3,,BMP4|PPARG|CNN1|GNA12|TNFAIP3|NDRG2|PTEN|SF1|IGFBP5|ANG|CDKN1A|MEF2C|CDKN1B|CTNNBIP1|PPARD|TRIB1|EFEMP2|GPER1|IL12B|PDCD4|GSTP1|PTGIR|MYOCD|APLN|OGN|RGS5|NDRG4|HMOX1|IGFBP3|TGFB3|MFN2|PRKG1|NPR1|IFNG|ADIPOQ|AIF1|BMPR2|RBM10|APOD|IL10|PPARGC1A|TAFA5|SOD2|NOS3|KLF4|BMP2|TPM1|IL12A|ACE2|APOE,https://www.gsea-msigdb.org/gsea/msigdb/human/geneset/GOBP_NEGATIVE_REGULATION_OF_SMOOTH_MUSCLE_CELL_PROLIFERATION,50,ENR,GOBP_NEGATIVE_REGULATION_OF_SMOOTH_MUSCLE_CELL_PROLIFERATION,1,1E-3,GOBP_NEGATIVE_REGULATION_OF_SMOOTH_MUSCLE_CELL_PROLIFERATION,FALSE,GOBP_NEGATIVE_REGULATION_OF_SMOOTH_MUSCLE_CELL_PROLIFERATION
94,3,3,3,0.999,,1E-3,,CCL5|CCN3|DEFB124|CCR1|DEFB131A|CCR2|TNFSF18|LGMN|AIF1|LYN|S100A14|APP|S100A7|ANO6|FPR2|CREB3|MOSPD2|PLA2G7|HMGB1|SERPINE1|CX3CR1|CXCL10|SLAMF8|CXCL12|NBL1|SLIT2|GREM1|CXCL17|NINJ1|DUSP1,https://www.gsea-msigdb.org/gsea/msigdb/human/geneset/GOBP_REGULATION_OF_MONOCYTE_CHEMOTAXIS,30,ENR,GOBP_REGULATION_OF_MONOCYTE_CHEMOTAXIS,1,1E-3,GOBP_REGULATION_OF_MONOCYTE_CHEMOTAXIS,FALSE,GOBP_REGULATION_OF_MONOCYTE_CHEMOTAXIS
33,3,3,3,0.999,,1E-3,,CLIP3|C3|ZDHHC7|OCLN|HK2|RTN2|AKT1|C1QTNF12|AKT2|CAPN10|SLC1A2|EDN1|PEA15|EDNRA|PRKCI|RAP1A|ENPP1|ARPP19|OSBPL8|RHOQ|YES1|APPL1|APPL2|GRB10|CERS1|FFAR4|GSK3A|TRIB3|PTPRM|IGF1|PTPN11|KLF15|CLTCL1|INPP5K|INS|NFE2L2|INSR|TNF|IRS1|SIRT6|IRS2|PIK3R1|FABP5|LEP|RSC1A1|TERT|CREBL2|CTNND1|GPC3|PRKCB|MEF2A|PID1|ASPSCR1|SLC25A27|ERFE|PRKAG2|ADIPOQ|MAPK14|PTH|PLA2G1B|NR4A3|OPN3|SELENOS|SORBS1|ITLN1|BRAF|C2CD5|RNASEL|OSTN|STXBP3|FGF19|IL1B|STXBP4,https://www.gsea-msigdb.org/gsea/msigdb/human/geneset/GOBP_REGULATION_OF_D_GLUCOSE_TRANSMEMBRANE_TRANSPORT,73,ENR,GOBP_REGULATION_OF_D_GLUCOSE_TRANSMEMBRANE_TRANSPORT,1,1E-3,GOBP_REGULATION_OF_D_GLUCOSE_TRANSMEMBRANE_TRANSPORT,FALSE,GOBP_REGULATION_OF_D_GLUCOSE_TRANSMEMBRANE_TRANSPORT
3,3,3,3,0.999,,1E-3,,ACVR2B|ACVRL1|NOTCH1|PITX2|APLNR|FOXF1|CCBE1|CCM2|VEGFA|EFNB2|SEMA3C|PROX1|NKX2-5|TBX20|BMPR2|HEG1|ENG,https://www.gsea-msigdb.org/gsea/msigdb/human/geneset/GOBP_VENOUS_BLOOD_VESSEL_DEVELOPMENT,17,ENR,GOBP_VENOUS_BLOOD_VESSEL_DEVELOPMENT,1,1E-3,GOBP_VENOUS_BLOOD_VESSEL_DEVELOPMENT,FALSE,GOBP_VENOUS_BLOOD_VESSEL_DEVELOPMENT
31,3,3,3,0.999,,1E-3,,CELSR1|DACT1|DVL3|WNT11|DVL2|ABL1|WNT7B|WNT7A|FZD7|MKS1|RAC1|CELSR2|SMURF1|FZD3|SMURF2|CCDC88C|PRICKLE1|SPEF1|ANKRD6|WNT5A|MLLT3|WNT9B|DKK1|CDC42|MAGI2|RHOA|CTHRC1|NPHP3|RYK|DVL1|RSPO3|TIAM1|ZNRF3|ARHGEF19|VANGL2|FZD6|SFRP1|DAB2|PLEKHA4|CELSR3|DAAM1|PRICKLE2|MED12|VANGL1|FZD2|GPC3|NKD1,https://www.gsea-msigdb.org/gsea/msigdb/human/geneset/GOBP_WNT_SIGNALING_PATHWAY_PLANAR_CELL_POLARITY_PATHWAY,47,ENR,GOBP_WNT_SIGNALING_PATHWAY_PLANAR_CELL_POLARITY_PATHWAY,1,1E-3,GOBP_WNT_SIGNALING_PATHWAY_PLANAR_CELL_POLARITY_PATHWAY,FALSE,GOBP_WNT_SIGNALING_PATHWAY_PLANAR_CELL_POLARITY_PATHWAY
76,3,3,3,0.999,,1E-3,,MYC|CNOT2|REST|CNOT3|HMGA2|SS18|TP63|OGT|ING1|WNT9B|DSG2|TAL1|ZC3H13|BRMS1L|SAP130|SAP30|SAP30L|SINHCAF|HDAC1|ZNF706|PHF10|LOXL2|HNF1B|SIRT6|BRMS1|HDAC2|ELAVL1|ING2|SMO|BICRA|BICRAL|BRD9|TET1|ACTB|ZNF322|ACTL6A|ACTL6B|PAX2|PAX8|PTN|ARID1A|YAP1|SMARCA2|SUDS3|SMARCA4|SMARCB1|BCL7A|SMARCC1|BCL7B|BCL7C|SMARCD1|SMARCE1|NODAL|ARID4A|ARID4B|TEAD4|TAF5L|SAV1|TAF6L|WDR43|KDM3A|DPF2|ESRRB|BMP7|KDM2B|SIN3A|LBH|RBBP7|RBBP4|NCOA3|PRDM14|CNOT1|KAT2A,https://www.gsea-msigdb.org/gsea/msigdb/human/geneset/GOBP_REGULATION_OF_STEM_CELL_POPULATION_MAINTENANCE,73,ENR,GOBP_REGULATION_OF_STEM_CELL_POPULATION_MAINTENANCE,1,1E-3,GOBP_REGULATION_OF_STEM_CELL_POPULATION_MAINTENANCE,FALSE,GOBP_REGULATION_OF_STEM_CELL_POPULATION_MAINTENANCE
15,3,3,3,0.999,,1E-3,,UMODL1|TNFAIP6|ATM|GPR149|LFNG|PTX3|LHCGR|NPPC|SPO11|EIF2B2|INHBB|GNRH1|KIT|KITLG|EIF2B4|FANCG|AMH|PCYT1B|ZP3|CEBPB|ANG|DMRTA1|FOXL2|MMP14|MMP2|ZNF830|HYAL3|INHA|EIF2B5|INHBA|LSM14B|SMAD4|KDR|UBE3A|EREG|VGF|MMP19|DMC1|FOXC1|NR5A2|SCAPER|RAC1|VEGFA|GAS2|NPR2|ESR1|IMMP2L|BAX|CGA|BCL2|BCL2L1|TAF4|FANCE|MSH4|FOXO3|FSHR|CTNNA1|BMPR1B|ZFY|SOD1|BCAS2,https://www.gsea-msigdb.org/gsea/msigdb/human/geneset/GOBP_OVARIAN_FOLLICLE_DEVELOPMENT,61,ENR,GOBP_OVARIAN_FOLLICLE_DEVELOPMENT,1,1E-3,GOBP_OVARIAN_FOLLICLE_DEVELOPMENT,FALSE,GOBP_OVARIAN_FOLLICLE_DEVELOPMENT
17,3,3,3,0.999,,1E-3,,THBS1|POLDIP2|THY1|ACTN3|CFL1|HRG|LAMA3|EPHA3|FN1|DLC1|LIMS1|CDH11|DUSP22|PTPRK|GPM6B|SMAD3|ITGA5|CTTN|SRC|ACTG1|CLASP1|ACTN1|CLASP2|PTPRA|MAPRE2|FAM107A|LIMCH1|COL17A1|PIP5K1A|VEGFA|CORO2B|PRICKLE1|ARHGAP6|TESK2|THSD1|SLC9A1|BCL2|RCC2|SORBS1|MYOC|CORO1C|PEAK1|SDC4|SFRP1|GREM1|DMTN|AJUBA|ACVRL1|ITGA2|ITGA6|ITGB3|CAMSAP3|S100A10|ARHGEF7|EFNA5|ITGB1BP1|PTEN|WHAMM|DUSP3|RHOA|COL16A1|ACTN2|DST|MMP14|ARF6|IQSEC1|LAMC1|PPM1F|TLN1|PIK3R1|LDB1|MAP4K4|TSC1|RAB8B|KDR|VCL|ABL1|LAMTOR2|NRP1|EPB41L5|PHLDB2|PTK2|WDPCP|PTPRJ|RAC1|TNS1|ROCK1|ITGB4|STON1|TAOK2|APOD|TRIP6|PLEC|BCR|TEK|SLK|ROCK2|DAPK3|FERMT2|MACF1|WNT4|RHOD,https://www.gsea-msigdb.org/gsea/msigdb/human/geneset/GOBP_CELL_SUBSTRATE_JUNCTION_ORGANIZATION,102,ENR,GOBP_CELL_SUBSTRATE_JUNCTION_ORGANIZATION,1,1E-3,GOBP_CELL_SUBSTRATE_JUNCTION_ORGANIZATION,FALSE,GOBP_CELL_SUBSTRATE_JUNCTION_ORGANIZATION
26,3,3,3,0.999,,1E-3,,KRIT1|ANKFN1|ABL1|CFL1|CYRIB|DOCK8|WDPCP|CDH5|ABL2|RAP1B|SHTN1|RIPOR2|ROCK1|RUFY3|FLOT2|KANK1|RICTOR|ARFGEF1|GSN|GATA3|TEK|IGF1|PLEKHG3|LLGL1|LLGL2|RACK1|ROCK2|KIF20B,https://www.gsea-msigdb.org/gsea/msigdb/human/geneset/GOBP_REGULATION_OF_ESTABLISHMENT_OR_MAINTENANCE_OF_CELL_POLARITY,28,ENR,GOBP_REGULATION_OF_ESTABLISHMENT_OR_MAINTENANCE_OF_CELL_POLARITY,1,1E-3,GOBP_REGULATION_OF_ESTABLISHMENT_OR_MAINTENANCE_OF_CELL_POLARITY,FALSE,GOBP_REGULATION_OF_ESTABLISHMENT_OR_MAINTENANCE_OF_CELL_POLARITY
,3,3,3,0.999,,1E-3,,PKN1|PDPK1|TLR3|WNK3|ERRFI1|EPO|MICU1|RAC1|ICOSLG|RCSD1|SLC2A1|EFHD1|XRCC6|NFAT5|ARHGEF2|SLC25A23|ABCB1|YBX3|AQP1|FBP1|SLC12A2|WNK1|TRPV4|FXYD2|NINJ1|LETM1|OXSR1|STK39|SST|AKR1B1,https://www.gsea-msigdb.org/gsea/msigdb/human/geneset/GOBP_HYPEROSMOTIC_RESPONSE,30,ENR,GOBP_HYPEROSMOTIC_RESPONSE,1,1E-3,GOBP_HYPEROSMOTIC_RESPONSE,FALSE,GOBP_HYPEROSMOTIC_RESPONSE
,3,3,3,0.999,,1E-3,,NEK11|CHEK2|TIPIN|EME1|MUS81|RAD17|EME2|FANCD2|XPC|RAD9A|RAD9B|ATF2|MSH2|HUS1|HUS1B|MDC1|MRE11,https://www.gsea-msigdb.org/gsea/msigdb/human/geneset/GOBP_MITOTIC_INTRA_S_DNA_DAMAGE_CHECKPOINT_SIGNALING,17,ENR,GOBP_MITOTIC_INTRA_S_DNA_DAMAGE_CHECKPOINT_SIGNALING,1,1E-3,GOBP_MITOTIC_INTRA_S_DNA_DAMAGE_CHECKPOINT_SIGNALING,FALSE,GOBP_MITOTIC_INTRA_S_DNA_DAMAGE_CHECKPOINT_SIGNALING
135,3,3,3,0.999,,1E-3,,ANO6|TMEM170A|NUP107|NUP205|PDZD11|TSPAN33|GSDMD|FXR1|NDC1|NUP153|PLEKHA7|NUP98|P2RX7|ADAM10|BAD|RTN4|TPR|AHCTF1|AFDN|NUP93,https://www.gsea-msigdb.org/gsea/msigdb/human/geneset/GOBP_PORE_COMPLEX_ASSEMBLY,20,ENR,GOBP_PORE_COMPLEX_ASSEMBLY,1,1E-3,GOBP_PORE_COMPLEX_ASSEMBLY,FALSE,GOBP_PORE_COMPLEX_ASSEMBLY
2,3,3,3,0.999,,1E-3,,HIF1A|DISP3|WNT3A|INSM1|LHX2|ASPM|ITGB1|KDM1A|GLI3|PDE9A|SKOR2|SLC16A2|FZD3|OTP|RASSF10|VEGFC|SHCBP1|TAFA1|ELL3|TOX|WNT5A|DISC1|RHOA|LYN|FZD9|PAX6|APPL2|MDK|FLNA|FOXO1|NTRK3|CTNNB1|DCT|GATA2|ID4|IGF1|TRIM71|CX3CL1|SLC6A4|CX3CR1|PTPRZ1|PITX3|ZNF335|LIMS2|NF1|CDH2|LRP2|ADGRG1|ASCL1|CDON|DLL4|SMO|TGFB1|NOTCH1|FOXG1|FGF2|NES|NF2|PTN|SPINT2|DRD2|KIFAP3|VEGFA|ID2|PROX1|PTBP2|SMARCD3|LHX5|RYK|SBNO1|SHH|SOX10|EMX1|DMRTA2|GPR37L1|TP53|WDR62|NAP1L1|FOXO3|CEND1|CTNNA1|GNAI2|KCTD11|KDM2B|LRRK2|SPINT1|SHOC2|SIRT2|VAX1|EGF|SIX3|VSX2|BTG2|NR2E1|ILK,https://www.gsea-msigdb.org/gsea/msigdb/human/geneset/GOBP_REGULATION_OF_NEURAL_PRECURSOR_CELL_PROLIFERATION,95,ENR,GOBP_REGULATION_OF_NEURAL_PRECURSOR_CELL_PROLIFERATION,1,1E-3,GOBP_REGULATION_OF_NEURAL_PRECURSOR_CELL_PROLIFERATION,FALSE,GOBP_REGULATION_OF_NEURAL_PRECURSOR_CELL_PROLIFERATION
134,3,3,3,0.999,,1E-3,,STAT3|MC4R|RMI1|SLC24A4|IAPP|NPY5R|ADORA2A|CPT1A|TH|GHRL|GFRAL|GHSR|ADRB3|BBS12|NAPEPLD|P2RY1|PRLH|NMU|BBIP1|HCRT|NPSR1|OPRK1|TTC21B|CNTN2|OXT|COL6A1|C1QTNF4|NPY|GDF15|NMUR2|CCK|OPRD1|TRH|LEP|ATP8A2|GUCA2B|TACR1|UCHL1|AGRP|BSX|TMEM18,https://www.gsea-msigdb.org/gsea/msigdb/human/geneset/GOBP_EATING_BEHAVIOR,41,ENR,GOBP_EATING_BEHAVIOR,1,1E-3,GOBP_EATING_BEHAVIOR,FALSE,GOBP_EATING_BEHAVIOR
9,3,3,3,0.999,,1E-3,,SLC4A8|ADORA2A|SLC17A8|ITGB1|BGLAP|DRD2|TACR2|GPR158|DRD4|NLGN1|BAIAP3|STX1A|GPER1|STX1B|CACNA1B|PPP3CA|SNCA|SYT1|RAB3B|STXBP1|RAB3GAP1|MICU3|KMO|DTNBP1|PRKN,https://www.gsea-msigdb.org/gsea/msigdb/human/geneset/GOBP_POSITIVE_REGULATION_OF_NEUROTRANSMITTER_TRANSPORT,25,ENR,GOBP_POSITIVE_REGULATION_OF_NEUROTRANSMITTER_TRANSPORT,1,1E-3,GOBP_POSITIVE_REGULATION_OF_NEUROTRANSMITTER_TRANSPORT,FALSE,GOBP_POSITIVE_REGULATION_OF_NEUROTRANSMITTER_TRANSPORT
4,3,3,3,0.999,,1E-3,,PDGFB|EGR1|PDGFRA|PAX2|AQP1|OSR1|LAMB2|CD34|LGR4|RET|TCF21|WT1|NPHS2|ADIPOQ|AGTR2|PDGFRB|LHX1,https://www.gsea-msigdb.org/gsea/msigdb/human/geneset/GOBP_METANEPHRIC_GLOMERULUS_DEVELOPMENT,17,ENR,GOBP_METANEPHRIC_GLOMERULUS_DEVELOPMENT,1,1E-3,GOBP_METANEPHRIC_GLOMERULUS_DEVELOPMENT,FALSE,GOBP_METANEPHRIC_GLOMERULUS_DEVELOPMENT
7,3,3,3,0.999,,1E-3,,CAV3|FXN|STK3|STK4|VGLL4|JARID2|WWC2|WWC3|CTDP1|RGS4|TOMM70|TBX5|TP73|MAPK11|PTEN|CGA|WWC1|PI16|GSK3A|NOG|SAV1|PAK1|SLC6A4|KCNK2|RBP4|G6PD|RGS2|FOXP1|PPARA|YY1,https://www.gsea-msigdb.org/gsea/msigdb/human/geneset/GOBP_NEGATIVE_REGULATION_OF_ORGAN_GROWTH,30,ENR,GOBP_NEGATIVE_REGULATION_OF_ORGAN_GROWTH,1,1E-3,GOBP_NEGATIVE_REGULATION_OF_ORGAN_GROWTH,FALSE,GOBP_NEGATIVE_REGULATION_OF_ORGAN_GROWTH
21,3,3,3,0.999,,1E-3,,DLL4|THBS1|BMP4|ACVRL1|FGF2|APLNR|HMOX1|VEGFA|NUS1|PPP1R16B|ITGB1BP1|FGFBP1|SEMA5A|NGFR|PDCD10|JCAD|MMRN2|IL12B|APELA|BMPER|GATA2|NRARP|EPHA2|IL12A|AGTR1,https://www.gsea-msigdb.org/gsea/msigdb/human/geneset/GOBP_BLOOD_VESSEL_ENDOTHELIAL_CELL_PROLIFERATION_INVOLVED_IN_SPROUTING_ANGIOGENESIS,25,ENR,GOBP_BLOOD_VESSEL_ENDOTHELIAL_CELL_PROLIFERATION_INVOLVED_IN_SPROUTING_ANGIOGENESIS,1,1E-3,GOBP_BLOOD_VESSEL_ENDOTHELIAL_CELL_PROLIFERATION_INVOLVED_IN_SPROUTING_ANGIOGENESIS,FALSE,GOBP_BLOOD_VESSEL_ENDOTHELIAL_CELL_PROLIFERATION_INVOLVED_IN_SPROUTING_ANGIOGENESIS
3,3,3,3,0.999,,1E-3,,RARA|ANKLE1|SETD1A|FOXC1|ITCH|NOTCH1|SOS2|TMSB4X|ABL1|KAT5|DHX36|MIXL1|ZNHIT1|PDCD2|VEGFA|PCID2|EIF2AK2|KITLG|METTL14|N4BP2L2|PUS7|ZBTB1|METTL3|MYB|NUDT21|OSM|HMGB1|GATA2|DPF2|FNIP1|HES1|HES5|NFE2L2|HSPA9|YTHDF2|SOS1|FLCN|SPI1|PRKDC|CDK6|TCF15|KDR,https://www.gsea-msigdb.org/gsea/msigdb/human/geneset/GOBP_REGULATION_OF_HEMATOPOIETIC_PROGENITOR_CELL_DIFFERENTIATION,42,ENR,GOBP_REGULATION_OF_HEMATOPOIETIC_PROGENITOR_CELL_DIFFERENTIATION,1,1E-3,GOBP_REGULATION_OF_HEMATOPOIETIC_PROGENITOR_CELL_DIFFERENTIATION,FALSE,GOBP_REGULATION_OF_HEMATOPOIETIC_PROGENITOR_CELL_DIFFERENTIATION
133,3,3,3,0.999,,1E-3,,CAV1|FYN|TAF1|U2AF2|DNAJA1|RPL11|BEX4|TNFAIP3|SH3RF2|AKT1|HSPA1B|USP4|OGT|ADGRB1|MAD2L2|CHP1|ATG5|PARK7|SPOPL|PINX1|GCLC|SIRT7|ARRB2|N4BP1|SPRY2|MARCHF7|SENP2|SQSTM1|TTC36|KLHL40|ISG15|ARRB1|PRKCG|CEP63|TSPO|BEX1|BAG2|BEX2|BAG5|BEX3|CEP78|PER2|CRY1|UBXN1|PRMT3|UFL1|DTX3L|FBXO5|ABL1|PABPN1L|PPIA|RPS3|USP44|SVBP|MINAR1|PARP10|PRKCE|TRIM44|GNL3L|GTPBP4|VPS28|CDKN2A|HDAC8|RPS7|GPS2|PLAA|CAMLG|CDK5|WNK1|MAD2L1|HSPA1A|NXN|RPL23|IVNS1ABP|RPL5,https://www.gsea-msigdb.org/gsea/msigdb/human/geneset/GOBP_NEGATIVE_REGULATION_OF_PROTEIN_UBIQUITINATION,75,ENR,GOBP_NEGATIVE_REGULATION_OF_PROTEIN_UBIQUITINATION,1,1E-3,GOBP_NEGATIVE_REGULATION_OF_PROTEIN_UBIQUITINATION,FALSE,GOBP_NEGATIVE_REGULATION_OF_PROTEIN_UBIQUITINATION
,3,3,3,0.999,,1E-3,,ABI2|DOK7|HACE1|CDH13|CCR7|DOCK7|OGT|DOCK5|KBTBD6|FARP2|KBTBD7|CDKL5|TNS3|TIAM1|ARHGAP17|HACD3|ARF6|CRK|CRKL|NF1|ALS2|AUTS2|KRAS|PIK3CB|ARHGAP24|PIK3CG|DBNL|GABARAP|RAC1|ELMO1|SH3BP1|RAC3|EPS8|FARP1|FNTA|NCKAP1|GARRE1|AIF1|RASGRF1|RTN4|STMN3|LRP4|ARHGAP44|SSX2IP|WASF1|NISCH|TEK|RHOG|WASF2|BRK1|CCL19|RHOU|CADM4|CYFIP1,https://www.gsea-msigdb.org/gsea/msigdb/human/geneset/GOBP_RAC_PROTEIN_SIGNAL_TRANSDUCTION,54,ENR,GOBP_RAC_PROTEIN_SIGNAL_TRANSDUCTION,1,1E-3,GOBP_RAC_PROTEIN_SIGNAL_TRANSDUCTION,FALSE,GOBP_RAC_PROTEIN_SIGNAL_TRANSDUCTION
1,3,3,3,0.999,,1E-3,,BMP4|ACVRL1|NKX3-2|LNPK|WNT11|RARB|CCN1|EFEMP1|RARG|BMP10|GLI3|PKDCC|RUNX2|PRKG2|WNT5A|MAF|MDK|MUSTN1|BMP6|CTNNB1|PTPN11|SMAD3|SMAD1|HOXA11|LOXL2|SOX5|TRPS1|CTSK|SMPD3|FRZB|LEP|WNT9A|IHH|TAPT1|SHOX2|ZNF219|ADAMTS12|SIX2|RARA|TGFB1|BMP1|PTHLH|NR5A2|GDF5|CCN4|ZBTB16|GDF6|SMAD7|SCIN|POR|CHADL|SCX|SNAI2|AXIN2|RFLNA|RFLNB|LTBP3|PTH|BMPR2|SOX6|TGFBR1|FGF18|GLG1|NOG|CCN2|GREM1|ADAMTS7|BMP2|BMPR1B|MBOAT2|SOX9|KAT2A|TGFB2,https://www.gsea-msigdb.org/gsea/msigdb/human/geneset/GOBP_REGULATION_OF_CARTILAGE_DEVELOPMENT,73,ENR,GOBP_REGULATION_OF_CARTILAGE_DEVELOPMENT,1,1E-3,GOBP_REGULATION_OF_CARTILAGE_DEVELOPMENT,FALSE,GOBP_REGULATION_OF_CARTILAGE_DEVELOPMENT
82,3,3,3,0.999,,1E-3,,MYC|HIF1A|FOXA1|PPARG|FOS|NR1H2|HRAS|MYCN|WT1|PRL|AGT|PDGFB|SREBF1|PAX6|SREBF2|NGFR|BMPR1A|MRTFB|EGR1|GATA2|SMAD3|SMAD1|TNF|LIN28B|NOTCH3|MRTFA|ATOH8|TERT|MYOCD|SMAD4|SMAD6|NFKB1|STAT3|TGFB1|APLN|FGF2|SRF|NR3C1|ETS1|GNL3|ZC3H12A|ZSWIM8|SMARCA4|AR|MYB|POU2F1|RELA|FOSL1|IL10|PNPT1|GATA3|IL6|TP53|NOTCH2|FOXO3|EGFR|KLF4|SPI1|BMP2|TEAD1|JUN|TGFB2,https://www.gsea-msigdb.org/gsea/msigdb/human/geneset/GOBP_POSITIVE_REGULATION_OF_MIRNA_METABOLIC_PROCESS,62,ENR,GOBP_POSITIVE_REGULATION_OF_MIRNA_METABOLIC_PROCESS,1,1E-3,GOBP_POSITIVE_REGULATION_OF_MIRNA_METABOLIC_PROCESS,FALSE,GOBP_POSITIVE_REGULATION_OF_MIRNA_METABOLIC_PROCESS
4,3,3,3,0.999,,1E-3,,BMP4|HIF1A|SLC39A12|CFL1|LHX2|GLMN|RARG|MKS1|BRD2|DLC1|RALA|BBS4|FZD3|IFT122|ADM|PLXNB2|TGIF1|WNT5A|DEAF1|CASP3|BCL10|NUP50|MED12|OVOL2|STK3|DVL2|MTHFD1|STK4|SUFU|CLUAP1|PTCH1|SEC24B|IFT172|IFT52|IFT57|PRICKLE1|NCKAP1|CTHRC1|SALL4|PFN1|STIL|NOG|RPS7|COBL|TULP3|SDC4|FZD6|SFRP1|TMED2|TWIST1|CECR2|KAT2A|SKI|MTHFD1L|APAF1|LMO4|MTHFR|VASP|ARHGAP35|WDR83|PRKACB|MIB1|LIAS|FUZ|LUZP1|TRIM71|GRHL3|FOLR1|TRAF6|PTK7|SFRP2|TEAD2|LRP2|TSC1|TSC2|SEMA4C|CITED2|ZEB2|TCTN1|CELSR1|GRHL2|RARA|ST14|TGFB1|ABL1|SCRIB|PAX2|SPINT2|SPECC1L|RGMA|GDF7|NODAL|CDK20|ALX1|PHACTR4|PRKACA|CC2D2A|BMP5|VANGL2|BMP7|OPA1|KDM2B|SPINT1|KIF20B|TGFB2,https://www.gsea-msigdb.org/gsea/msigdb/human/geneset/GOBP_NEURAL_TUBE_FORMATION,105,ENR,GOBP_NEURAL_TUBE_FORMATION,1,1E-3,GOBP_NEURAL_TUBE_FORMATION,FALSE,GOBP_NEURAL_TUBE_FORMATION
1,3,3,3,0.999,,1E-3,,MFRP|NRL|OLFM3|THY1|RPGRIP1|SAMD11|TH|CEP290|HCN1|RORB|VEGFA|BBS4|CRB1|PRKCI|CRB2|THRB|POC5|RDH13|RAB37|SAMD7|PRDM1|PAX6|RPGR|GNAT2|NTRK2|DIO3|FSCN2|TULP1|RPGRIP1L|GNGT1|RP1|USH1C|PDE6C|GNAT1|CABP4|MYO7A|NR2E3|DZANK1|NAGLU,https://www.gsea-msigdb.org/gsea/msigdb/human/geneset/GOBP_EYE_PHOTORECEPTOR_CELL_DEVELOPMENT,39,ENR,GOBP_EYE_PHOTORECEPTOR_CELL_DEVELOPMENT,1,1E-3,GOBP_EYE_PHOTORECEPTOR_CELL_DEVELOPMENT,FALSE,GOBP_EYE_PHOTORECEPTOR_CELL_DEVELOPMENT
49,3,3,3,0.999,,1E-3,,CEP83|CROCC|FAM161A|DMD|AKT1|MKS1|ENKD1|ATG3|BBS4|OCRL|C2CD3|IQUB|ATXN10|KIAA0586|CCDC15|TCTN3|CCDC57|CCP110|CEP120|CEP131|CEP135|ROPN1B|ALPK1|LAMA5|CEP250|SEPTIN2|ATAT1|GSK3B|SYNE2|CBY1|CNTROB|DZIP1|E2F4|B9D2|CCDC28B|CEP162|CEP164|CFAP126|CFAP161|CFAP184|CLCN4|CFAP263|KIAA0753|CFAP46|CFAP70|CFAP74|LRGUK|CFAP91|CIBAR2|CPLANE1|ELMOD1|ERICH3|FAM161B|HOATZ|CYLD|HYLS1|LRRC23|ODF2|NEK1|OFD1|PTPDC1|SPACA9|TBC1D31|TEKT1|PCM1|TEKT4|TEKT5|PKD2|TMEM138|PKHD1|TRAPPC14|TSGA10IP|PLK4|TTC29|POC1A|PPP1R35|RTTN|SDCCAG8|PLA2G3|SSX2IP|DYNC2H1|FHDC1|WDR90|RPGRIP1L|DNAI1|FBF1|ARF4|ARL3|BBS1|BBS2|KIF19|CCDC39|MAP4|CEP19|RRP7A|MARK4|CEP20|CEP350|CSNK1D|EHD1|EHD2|EHD4|EHD3|ENTR1|EVI5|EXOC5|ACTR2|DNMBP|GBF1|HTT|TBC1D10A|TBC1D10B|TBC1D10C|TBC1D17|CC2D2A|PTPN23|MAPK15|AVIL|CEP41|CFAP20|ACTR3|RPGRIP1|TOGARAM1|CCDC66|CEP126|MCRS1|RAB11A|TTLL3|RAB11FIP3|CEP97|TTLL8|RAB1A|CFAP69|RAB34|RAB3IP|FLNA|RAB8A|VDAC3|CDC14A|CDC14C|KCNF1|CDK10|RP2|KCNJ10|MAPRE1|CEP78|CILK1|CLUAP1|DYNC2I1|DYNC2I2|IFT172|IFT22|TTC8|IFT25|IFT27|FBXO24|IFT43|RILP|IFT52|IFT56|IFT57|IFT70A|IFT70B|IFT81|LCA5L|RABL2B|SPEF2|TTC21A|WDR19|WDR35|B3GLCT|RFX4|TBC1D14|TBC1D20|GFY|GALNT11|WRAP73|ROPN1|CFAP410|CCDC40|DNAAF1|ONECUT2|ASAP1|PCNT|SSNA1|YIF1B|TTC39C|CCNO|ABLIM1|DYNLL1|NME5|NME7|MACIR|SPAG6|NOTCH1|LRRC46|CEP290|DNAAF3|CEP70|GMNC|KCNQ1|LIMA1|B9D1|TBC1D32|TMEM107|TMEM231|BBIP1|TTC21B|CCDC13|TRAF3IP1|MCIDAS|SNX10|BBS9|CC2D2B|DNAAF11|DZIP1L|FAM149B1|FBXW8|FSIP2|ODAD4|TCTN2|ONECUT1|CFAP206|STK36|CFAP298|CLXN|DRC1|IFT122|ODAD2|RSPH4A|KCTD17|CFAP221|CFAP54|ELMOD3|SPAG16|TMEM237|DNAAF10|DNAAF2|IFT46|UBE2B|KLC3|ADAMTS16|PRICKLE1|AURKA|JHY|DNAI3|FOXJ1|ARL6|CCDC159|SPAG1|CEP128|CEP89|CFAP119|CFAP157|CFAP47|CFAP53|CFAP57|CFAP61|CFAP65|CIBAR1|USP6NL|CFAP97D1|DNAH1|DNALI1|DNHD1|DRC7|MEIG1|TTC12|TTLL5|ZMYND12|DAW1|BBOF1|ARMC9|GORAB|UNC119B|TXNDC15|CCDC88C|AHI1|MICALL1|GSN|HDAC6|KIF24|NEDD9|RSPH1|RAB8B|ARMC2|CCDC146|RILPL1|CFAP43|RILPL2|CFAP44|DNAH5|USP9X|KIF27|WWTR1|RSPH6A|ABLIM3|SPEF1|SPAG17|ARMC12|NDUFAF2|LPAR1|NECTIN2|PARVA|TTBK2|VANGL2|CDC14B|DUSP23|ATG5|IFT80|CCDC32|BBS10|ATP6V0D1|SCLT1|BBS5|BBS7|ATP6V1D|TMEM17|TMEM216|TMEM80|DNAJB13|DCTN1|DTNBP1|RFX3|NUDCD3|FNBP1L|HAP1|HYDIN|KIF3A|KIF3B|CFAP58|IFT20|IFT88|CELSR2|KIFAP3|LIMK2|MKKS|CCDC38|CCDC42|RPGR|CPLANE2|TTLL1|RAB17|CFAP100|CFAP73|DNAAF5|DNAAF6|DNAH2|DNAH7|TEKT2|CIMAP3|RAB23|TMEM67|PDCL2|PIERCE1|PFN4|TESK1|TPGS1|UBXN10|BLOC1S6|POC1B|WDR11|DNAI4|NEURL1|RFX2|TEKT3|DCX|SNAP29|ARHGAP35|ATMIN|CWH43|CCDC88A|CDKL1|CDKL5|DISC1|DCDC2|DNAAF4|DYNC2LI1|DYNLT2B|EVI5L|FUZ|GDI2|IFT140|INTU|LUZP1|TBC1D5|MAK|DNAI2|MARCHF7|IFT74|MNS1|MPHOSPH9|PIERCE2|NOTO|ODAD3|ODF2L|ABCC4|RABEP2|RABGAP1|RP1|SAXO1|SEPTIN7|TRIM32|SEPTIN9|SGSM3|TAPT1|RSPH9|TBC1D1|SPATA6|TBC1D13|TBC1D15|TBC1D16|TBC1D19|TCTN1|TBC1D2|TBC1D21|TBC1D22A|TBC1D22B|TBC1D24|TBC1D2B|TBC1D30|TBC1D7|TBC1D8|TBC1D9B|TCHP|BBS12|WDPCP|WDR44|RO60|YAP1|NME8|ZMYND10|CCDC63|IQCB1|DNAAF8|LCA5|DNAH17|DNAH8|DNAL1|LRRC61|ARL13A|ODAD1|ARL13B|NPHP3|INPP5E|CATIP|RP1L1|TUB|PIBF1|NHERF1|TTC17,https://www.gsea-msigdb.org/gsea/msigdb/human/geneset/GOBP_CILIUM_ORGANIZATION,451,ENR,GOBP_CILIUM_ORGANIZATION,1,1E-3,GOBP_CILIUM_ORGANIZATION,FALSE,GOBP_CILIUM_ORGANIZATION
24,3,3,3,0.999,,1E-3,,EPHB2|CUX2|SLC30A1|NUMBL|TBC1D24|DHX36|RAB21|PARP6|CDKL3|RELN|ANKRD27|CAMK2B|LRP8|GPRASP3|STAU2|PAFAH1B1|CDKL5|ARMCX5-GPRASP2|EEF2K|EPHA4|DBN1|SS18L1|HDAC6|ITPKA|ANAPC2|IL1RAPL1|PTPRD|CUL7|MPL|BAIAP2|FZD4|PRKDC|CUX1|CAPRIN2|CAPRIN1|FBXW8|OBSL1,https://www.gsea-msigdb.org/gsea/msigdb/human/geneset/GOBP_POSITIVE_REGULATION_OF_CELL_MORPHOGENESIS,37,ENR,GOBP_POSITIVE_REGULATION_OF_CELL_MORPHOGENESIS,1,1E-3,GOBP_POSITIVE_REGULATION_OF_CELL_MORPHOGENESIS,FALSE,GOBP_POSITIVE_REGULATION_OF_CELL_MORPHOGENESIS
15,3,3,3,0.999,,1E-3,,TIFAB|FOXF2|MERTK|TP63|SRD5A1|PDGFRA|SRD5A2|LHCGR|AXL|CHD7|STRA6|LGR4|NPR2|WT1|ESR1|WNT5A|AR|WNT9B|GREB1L|BAK1|BAX|LHX1|SHH|TYRO3|KLHL10|PKD1|DNAJC19|BMP6|NIPBL|BMP5|CTNNB1|PTPN11|RBP4|HOXD13|TBX3|HNF1B|HSD17B3|SYCP2|LRP2|ASB1|FGF10|FGF8|HOXA13|DHCR24|CYP19A1,https://www.gsea-msigdb.org/gsea/msigdb/human/geneset/GOBP_GENITALIA_DEVELOPMENT,45,ENR,GOBP_GENITALIA_DEVELOPMENT,1,1E-3,GOBP_GENITALIA_DEVELOPMENT,FALSE,GOBP_GENITALIA_DEVELOPMENT
33,3,3,3,0.999,,1E-3,,OCLN|HK2|RTN2|AKT1|C1QTNF12|AKT2|CAPN10|SLC1A2|PEA15|PRKCI|RAP1A|ENPP1|ARPP19|OSBPL8|RHOQ|APPL1|APPL2|GRB10|CERS1|GSK3A|IGF1|PTPN11|KLF15|CLTCL1|INS|NFE2L2|INSR|TNF|IRS1|SIRT6|IRS2|PIK3R1|LEP|TERT|CREBL2|GPC3|MEF2A|PID1|ASPSCR1|SLC25A27|ERFE|PRKAG2|ADIPOQ|MAPK14|PTH|PLA2G1B|OPN3|SELENOS|SORBS1|ITLN1|RNASEL|OSTN|STXBP3|FGF19,https://www.gsea-msigdb.org/gsea/msigdb/human/geneset/GOBP_REGULATION_OF_D_GLUCOSE_IMPORT,54,ENR,GOBP_REGULATION_OF_D_GLUCOSE_IMPORT,1,1E-3,GOBP_REGULATION_OF_D_GLUCOSE_IMPORT,FALSE,GOBP_REGULATION_OF_D_GLUCOSE_IMPORT
13,3,3,3,0.999,,1E-3,,CACNG4|CACNG5|CHRNA1|RGS21|CACNG8|ITGA2|CHRNB4|KCNJ8|CLCN1|HCN1|GRIA1|ASIC5|FGF12|P2RX1|ATP1A2|JAM3|SCN9A|CNTNAP2|GLRA1|CHRM5|TRPA1|DRD1|BBS10|PAFAH1B1|KCNA1|SCN11A|KCND2|KCNMB2|DMRT3|KCNMB4|COL6A1|GPER1|NTRK3|EFR3B|GSG1L|PENK|OTOA|MTNR1B|MTOR|KCNMB3|SCN1A|SCN1B|SCN2A|CLDN19|GHRL|SCN4B|GHSR|CACNA1I|MAG|FMR1|GBA1|NPR2|SPTBN4|TYMP|CACNG3|HCRT|MYH14|AVP|DRD5|S1PR1|AVPR1A|FKBP1B|PLEC|NTRK2|CACNG2|KCNQ3|CACNB4|KCNA2|NRCAM|KCNK2|TNR|ANK3|GPRIN3|GRIK2|GPR88|SOD1|CACNG7|CNTNAP1,https://www.gsea-msigdb.org/gsea/msigdb/human/geneset/GOBP_TRANSMISSION_OF_NERVE_IMPULSE,78,ENR,GOBP_TRANSMISSION_OF_NERVE_IMPULSE,1,1E-3,GOBP_TRANSMISSION_OF_NERVE_IMPULSE,FALSE,GOBP_TRANSMISSION_OF_NERVE_IMPULSE
,3,3,3,0.999,,1E-3,,STAT3|TRAF3IP2|NOTCH1|TRAF5|SOCS3|USP25|NFKBIZ|SRSF1|CXCL10|IL17F|TRAF6|TRAF2|TRIM32|IKBKE|IL17A|IL17RA|NFKB1|IL1B,https://www.gsea-msigdb.org/gsea/msigdb/human/geneset/GOBP_RESPONSE_TO_INTERLEUKIN_17,18,ENR,GOBP_RESPONSE_TO_INTERLEUKIN_17,1,1E-3,GOBP_RESPONSE_TO_INTERLEUKIN_17,FALSE,GOBP_RESPONSE_TO_INTERLEUKIN_17
48,3,3,3,0.999,,1E-3,,BMP4|DUSP2|HMGA2|WNT11|WNT3A|COL12A1|DUSP4|COL7A1|DUSP5|LAMA3|SOX7|FN1|LBX2|RIC8A|COL5A2|WNT5B|PLPP3|GJA1|HSBP1|MAP2K5|BRD3|TGIF1|TRIM15|WNT5A|ARMC5|IL1RN|MSGN1|TWSG1|ACVR1|COL6A1|TASOR|FOXF1|SMAD3|CER1|HOXA11|RACK1|HNF1B|ITGA5|MESP2|OTX2|ITGAV|ITGB5|PRKAR1A|EPHA2|ATOH8|LAMB3|WLS|DLD|MESP1|SIX2|RNF2|SMAD2|DVL2|FOXC1|APLN|SRF|APLNR|EOMES|FZD7|SETD2|MACROH2A1|OSR1|SCX|ETV2|HAND1|PRICKLE1|NCKAP1|TBX6|MKKS|TLX2|POU5F1|SUPT20H|TBX20|BMPR2|HIRA|EXT2|SYF2|ACVR2B|TAF10|FOXC2|NOG|TP53|FOXA2|GRB2|KDM6B|SOX17|SFRP1|TBX19|GSC|SOX2|HNF4A|UGDH|APOA1|NANOG|TXNRD1|ARFRP1|ITGA2|ITGA3|AMOT|ITGA4|COL11A1|AXIN1|ITGA7|ITGB1|FGFR2|ITGB3|MIXL1|ZIC3|CTR9|MYADM|ITGA8|EYA2|ITGB2|COL4A2|DKK1|TAL1|POFUT2|COL8A1|POGLUT1|BMPR1A|MEGF8|MMP14|MMP2|CTNNB1|EXT1|SMAD1|COL5A1|MYH9|LAMB1|TGFBR2|INHBA|LDB1|MAP2K1|DUSP1|SFRP2|SNAI1|CUL3|CDC73|SMAD4|MAPK7|ELF5|GPC3|MMP15|GATA6|CFC1|TGIF2|AHDC1|EXOC4|FGFR1|ZBTB17|EPB41L5|WNT8B|NF2|PAX2|ETS2|CRB2|MMP9|LEO1|ACVR2A|ADIPOQ|MBP|ITGB4|MMP8|RTF1|LHX1|NPHP3|DVL1|NR4A3|PAF1|TENM4|LMBRD1|NODAL|IL10|RBM14|LEF1|KIF16B|APELA|PRKACA|VANGL2|KLF4|BMP7|WNK1|EYA1|VTN|WNT3|NR0B1|FGF8|FRS2|GDF3|GPI|LRP5,https://www.gsea-msigdb.org/gsea/msigdb/human/geneset/GOBP_GASTRULATION,191,ENR,GOBP_GASTRULATION,1,1E-3,GOBP_GASTRULATION,FALSE,GOBP_GASTRULATION
7,3,3,3,0.999,,1E-3,,CDH1|WNT3A|MAP3K13|ADCY10|SPP1|RARG|NGF|EIF2AK4|MAP1B|PAFAH1B1|SLITRK1|NTN1|GSK3A|GSK3B|IGF1|LIMK1|CXCL12|BDNF|ALCAM|MT3|FOXP1|GAREM2|NEDD4L|NIN|MAG|EDN2|EDN3|CDKL3|VEGFA|DCC|NPPA|FSTL4|IFRD1|NPR2|ADRA1A|PRICKLE1|AURKA|BMPR2|PLAA|CDK5|ST8SIA2|GDF9|CACNG7|RIMS1|OLFM1|GDI1|ITGA4|SYT17|ITGB1|CTDP1|EDN1|EDNRA|DSCAM|IMPACT|EFNA5|PAK6|RNF6|EPHA7|FLRT3|NKX6-1|L1CAM|FGF13|BCL11A|FOXL2|MEGF8|DIP2B|NRP2|HDAC6|NTRK3|PAK1|PLXNA4|ARHGAP4|DCLK1|SEMA3A|RGS2|SEMA3G|DNM2|SEMA4D|SEMA4F|AUTS2|CRABP2|SEMA5B|SEMA6C|MAPT|SEMA6D|SLIT3|ITSN2|ABL1|USP9X|ADNP|SLC23A2|RAB21|GOLGA4|PTPRS|AKAP6|FLRT1|LLPH|NRN1|NRN1L|RAPH1|RTN4|SPAG9|CPNE5|MUL1|CPNE6|CPNE9|ISLR2|KMT2D|PUM2|NRCAM|TWF2|OSTN|LPAR3|SLIT2|RNF157|PRKCZ|SIN3A|MACF1|APOE|MEX3C|RASAL1|TRPC5|CAV3|CD2AP|SLC39A12|LHX2|FN1|PLXNA1|RIMS2|IQGAP1|RND2|ATG16L1|CPNE1|NDN|SHTN1|WNT5A|C9ORF72|PDLIM5|PI16|CDH4|SORBS2|S100B|CTTN|CLASP2|SRF|SEMA7A|SMAD7|RGS4|TOMM70|MAP2|DDR1|NDEL1|SLC9A6|CYFIP2|WASF1|COBL|PARP2|PRMT2|MEIS1|STK11|TRPV2|TTL|IST1|SYT4|CYFIP1|YY1|TRIM46|UNC13A|SMURF1|POU4F3|SSNA1|CDKL5|DISC1|SPART|SPG11|TMEM108|ANAPC2|CTNNB1|EXT1|SYT1|SYT2|SYT3|TGFBR2|TNFRSF12A|LAMB2|TNN|ARIH2|KIAA0319|GATA4|VCL|ZEB2|PPARA|PRKN|PPP3CB|NLGN3|SPAG6|ULK1|ULK2|NRP1|TSC22D4|PLXNA3|CLSTN3|COL14A1|PRKG1|DCAF13|RGMA|RUFY3|DRAXIN|RTN4R|RYK|APP|DVL1|SEMA3F|SEMA5A|EMX1|SH3GL2|SLIT1|ZFYVE27|POSTN|TNR|G6PD|WNT3|SPG21|SOX9,https://www.gsea-msigdb.org/gsea/msigdb/human/geneset/GOBP_DEVELOPMENTAL_CELL_GROWTH,224,ENR,GOBP_DEVELOPMENTAL_CELL_GROWTH,1,1E-3,GOBP_DEVELOPMENTAL_CELL_GROWTH,FALSE,GOBP_DEVELOPMENTAL_CELL_GROWTH
12,3,3,3,0.999,,1E-3,,OXT|SLC6A2|STX1A|FFAR3|SLC6A3|ADORA2A|SLC18A1|ACTB|SNCA|ADRA2A|GHSR|SLC22A2|SLC29A3|P2RY1|COMT|KCNB1|SLC22A3|ADORA3|ADRA2B|ADRA2C|SLC29A4|SLC22A1|CRH,https://www.gsea-msigdb.org/gsea/msigdb/human/geneset/GOBP_NOREPINEPHRINE_TRANSPORT,23,ENR,GOBP_NOREPINEPHRINE_TRANSPORT,1,1E-3,GOBP_NOREPINEPHRINE_TRANSPORT,FALSE,GOBP_NOREPINEPHRINE_TRANSPORT
29,3,3,3,0.999,,1E-3,,ROGDI|ANKFN1|CHRNB2|ADORA2A|NR1D2|PLN|BLOC1S6|CIART|GHRL|GABRB3|CSNK1E|NCOR1|DRD2|ID2|KCNQ1|ADRB1|PTEN|PTGDS|NMU|ADORA1|KCND2|PER3|NLGN1|GPR157|MTA1|EGR1|EGR2|GHRH|TP53|FXR1|HCRTR2|KCNA2|GHRHR|GPR176|CSF2|C3ORF70|NPY2R|NCOA2|SIX3|USP2|MTNR1B|MTOR|NR1D1|PARP1|BTBD9|CRH|NAGLU|ZFHX3,https://www.gsea-msigdb.org/gsea/msigdb/human/geneset/GOBP_RHYTHMIC_BEHAVIOR,48,ENR,GOBP_RHYTHMIC_BEHAVIOR,1,1E-3,GOBP_RHYTHMIC_BEHAVIOR,FALSE,GOBP_RHYTHMIC_BEHAVIOR
,3,3,3,0.999,,1E-3,,HOXB4|NOTCH1|WNT3A|EVI2B|NDUFS6|WNT7A|FZD7|SMYD5|WWTR1|ETV5|ZBTB16|GNL3|MLLT3|PAFAH1B1|MYB|CDKN2A|FUT9|YME1L1|TDRD12|EXT1|NAP1L2|SOX17|VANGL2|ESRRB|THOC2|ZFP36L2|SFRP2|CDK2AP2|LBH|BMI1|CUL3|NCOA3|PRDM15|ING2|TGFB2,https://www.gsea-msigdb.org/gsea/msigdb/human/geneset/GOBP_STEM_CELL_DIVISION,35,ENR,GOBP_STEM_CELL_DIVISION,1,1E-3,GOBP_STEM_CELL_DIVISION,FALSE,GOBP_STEM_CELL_DIVISION
40,3,3,3,0.999,,1E-3,,HOXA3|RPL24|TIFAB|CHRNB2|SLC24A4|POU4F1|SIX1|ATOH7|PLXNA1|GLI3|KCNC2|NTRK1|POU4F3|TFAP2A|DRGX|KCNC1|EGR2|NRP2|SLC25A46|CTNNB1|EXT1|ADARB1|HES1|PLXNA4|SEMA3A|ISL1|HOXA1|SIX4|ATP8B1|HOXB1|HOXB2|HOXB3|PHOX2A|SALL1|CITED2|HOXD3|EPHB2|SLC1A3|TMEM126A|NRP1|ACKR3|PAX2|CHD7|PLXNA3|TBX1|CNGB1|NPR2|SLC38A8|SEMA3F|EPHB1|NDP|LPAR1|NAV2|TCIRG1|KCNA2|MAFB|ERBB3|SLITRK6,https://www.gsea-msigdb.org/gsea/msigdb/human/geneset/GOBP_CRANIAL_NERVE_DEVELOPMENT,58,ENR,GOBP_CRANIAL_NERVE_DEVELOPMENT,1,1E-3,GOBP_CRANIAL_NERVE_DEVELOPMENT,FALSE,GOBP_CRANIAL_NERVE_DEVELOPMENT
6,3,3,3,0.999,,1E-3,,SMAD2|TIFAB|FZD5|WNT7A|PTCH1|EPB41L5|BASP1|C2CD3|WT1|WNT5A|NCKAP1|TBX6|CRIPTO|LHX1|STIL|TASOR|WNT1|TDRD1|COBL|TDRD5|CHRDL1|CTNNB1|CXXC4|HOXD8|PCSK6|TBX3|TMED2|MESP2|NRARP|RIPPLY2|TDRD6|TDRD7|TDRKH|SMAD4|SMAD6|FRS2|GDF3|PLD6|MESP1,https://www.gsea-msigdb.org/gsea/msigdb/human/geneset/GOBP_EMBRYONIC_AXIS_SPECIFICATION,39,ENR,GOBP_EMBRYONIC_AXIS_SPECIFICATION,1,1E-3,GOBP_EMBRYONIC_AXIS_SPECIFICATION,FALSE,GOBP_EMBRYONIC_AXIS_SPECIFICATION
132,3,3,3,0.999,,1E-3,,DYRK1A|PPP2CB|MARK2|PSMC5|HSPA1B|DNAJA4|HSPA2|HSF1|HSPA1A|DNAJB8|SACS|PSMC6|SORL1|CLU|DNAJB1|APOE|DNAJB2|DNAJB6|BAG5|SNCAIP,https://www.gsea-msigdb.org/gsea/msigdb/human/geneset/GOBP_REGULATION_OF_INCLUSION_BODY_ASSEMBLY,20,ENR,GOBP_REGULATION_OF_INCLUSION_BODY_ASSEMBLY,1,1E-3,GOBP_REGULATION_OF_INCLUSION_BODY_ASSEMBLY,FALSE,GOBP_REGULATION_OF_INCLUSION_BODY_ASSEMBLY
131,3,3,3,0.999,,1E-3,,ARHGEF2|MDK|TBC1D24|FLNA|NSMF|NIPBL|WDR62|PLAA|SRGAP2C|DAB2IP|RELN|ZNF609|SHTN1|RAPGEF2|DRD1|KIF20B|SEMA6A,https://www.gsea-msigdb.org/gsea/msigdb/human/geneset/GOBP_POSITIVE_REGULATION_OF_NEURON_MIGRATION,17,ENR,GOBP_POSITIVE_REGULATION_OF_NEURON_MIGRATION,1,1E-3,GOBP_POSITIVE_REGULATION_OF_NEURON_MIGRATION,FALSE,GOBP_POSITIVE_REGULATION_OF_NEURON_MIGRATION
3,3,3,3,0.999,,1E-3,,BMP4|TMEM100|DCHS1|TGFB1|NOTCH1|APLNR|MSX1|MSX2|TGFB3|SNAI2|ROBO1|ROBO2|HEY2|TBX20|ENG|TGFBR1|ACVR1|BMPR1A|NOG|BMP5|RBPJ|TBX3|BMP7|TGFBR2|BMP2|SNAI1|SMAD4|FGF8|HEYL|TBX2|TGFB2,https://www.gsea-msigdb.org/gsea/msigdb/human/geneset/GOBP_ENDOCARDIAL_CUSHION_FORMATION,31,ENR,GOBP_ENDOCARDIAL_CUSHION_FORMATION,1,1E-3,GOBP_ENDOCARDIAL_CUSHION_FORMATION,FALSE,GOBP_ENDOCARDIAL_CUSHION_FORMATION
130,3,3,3,0.999,,1E-3,,TEN1|TENT4B|ACD|TERF1|ANKRD1|NAT10|TINF2|NIBAN2|EXOSC10|NPPC|GNL3L|ADIPOQ|XRN1|PINX1|CDKN1A|HNRNPA1|HNRNPC|PARP3|TERF2|TP53|CTC1|DACH1|KCNK2|PML|DCP2|HNRNPU|POT1|DNAJC2|DUSP1|PIF1|STN1,https://www.gsea-msigdb.org/gsea/msigdb/human/geneset/GOBP_NEGATIVE_REGULATION_OF_DNA_BIOSYNTHETIC_PROCESS,31,ENR,GOBP_NEGATIVE_REGULATION_OF_DNA_BIOSYNTHETIC_PROCESS,1,1E-3,GOBP_NEGATIVE_REGULATION_OF_DNA_BIOSYNTHETIC_PROCESS,FALSE,GOBP_NEGATIVE_REGULATION_OF_DNA_BIOSYNTHETIC_PROCESS
40,3,3,3,0.999,,1E-3,,BMPR1A|EGR2|NRP2|DAB1|DLL1|NRP1|KCNA2|PAX2|PLXNA3|PLXNA4|RAC1|HSPA5|SEMA3A|HOXB1|HOXB2|TFAP2A|KIF14|SEMA3F,https://www.gsea-msigdb.org/gsea/msigdb/human/geneset/GOBP_ANATOMICAL_STRUCTURE_ARRANGEMENT,18,ENR,GOBP_ANATOMICAL_STRUCTURE_ARRANGEMENT,1,1E-3,GOBP_ANATOMICAL_STRUCTURE_ARRANGEMENT,FALSE,GOBP_ANATOMICAL_STRUCTURE_ARRANGEMENT
24,3,3,3,0.999,,1E-3,,ZNF365|DOCK10|SLC30A1|ABI2|CFL1|ARHGAP33|DIP2A|ABI3|CAMK2B|WASL|LRP8|PTEN|GPRASP3|PAFAH1B1|CDC42|EEF2K|EPHA4|SIPA1L1|PDLIM5|DBN1|HDAC6|PTPRD|CAPRIN2|DTNBP1|EPHB2|CUX2|PAK3|LZTS3|EFNA1|NGEF|WNT7A|KIF1A|DHX36|ARC|RELN|STAU2|ARMCX5-GPRASP2|DVL1|SRCIN1|EPHB1|NLGN1|ARHGAP44|CTNND2|PPFIA2|SHANK1|ITPKA|SHANK3|DLG4|IL1RAPL1|CDK5|CDK5R1|BAIAP2|LRRK2|ZDHHC15|CAPRIN1|EPHB3|TANC2,https://www.gsea-msigdb.org/gsea/msigdb/human/geneset/GOBP_DENDRITIC_SPINE_MORPHOGENESIS,57,ENR,GOBP_DENDRITIC_SPINE_MORPHOGENESIS,1,1E-3,GOBP_DENDRITIC_SPINE_MORPHOGENESIS,FALSE,GOBP_DENDRITIC_SPINE_MORPHOGENESIS
28,3,3,3,0.999,,1E-3,,SLC24A4|CDS1|GNA11|NMT1|GPR52|PNPLA2|PCP2|OPN4|RGR|GUCA1A|RRH|GUCA1ANB-GUCA1A|GUCY2D|GUCY2F|GNGT1|RHO|RP1|TTR|UNC119|ABCA4|AIPL1|NMT2|CNGB1|RCVRN|PITPNM1|GNGT2|ASIC2|LRIT1|PLEKHB1|GRK1|GRK4|GRK7|OPN3|PDC|GNAT2|SLC24A2|CAMKMT|RBP4|SAG|GNAQ|GPR88|PDE6B|GUCA1B|PDE6C|GNAT1|GNAT3|CABP4|NR2E3|OPN1SW|TRPC3|OPN5,https://www.gsea-msigdb.org/gsea/msigdb/human/geneset/GOBP_PHOTOTRANSDUCTION,51,ENR,GOBP_PHOTOTRANSDUCTION,1,1E-3,GOBP_PHOTOTRANSDUCTION,FALSE,GOBP_PHOTOTRANSDUCTION
31,3,3,3,0.999,,1E-3,,SFRP5|CAV1|HMGA2|NKD2|WNT11|DKK3|FGF9|WNT5B|ALPK2|GLI3|AMFR|MAD2L2|RBMS3|IFT80|WNT5A|PPP2R3A|TAX1BP3|TSKU|LIMD1|CTNNBIP1|MCC|TLE5|GRB10|GSK3A|PPP2CA|GSK3B|EGR1|HDAC1|RNF43|FOXO1|ZNRF3|APCDD1L|CXXC4|PTPRU|C12ORF43|CER1|SHISA6|RACK1|CBY1|IGFBP6|TLE6|DKKL1|TLE1|CDH2|FRZB|BARX1|TBX18|LZTS2|NOTUM|LMBR1L|NKX2-5|IGFBP2|DKK4|MESP1|HMGXB4|LRP1|DACT1|STK3|STK4|SOX13|CSNK1A1|PFDN5|RUVBL2|TMEM131L|CYLD|DAB2IP|IGFBP4|SCYL2|NPPA|MDFI|PRICKLE1|NLK|CTHRC1|NOG|DKK2|WIF1|SOX17|FZD6|SFRP1|GREM1|TLE3|STK11|TMEM88|GSC|NXN|SIX3|SOX2|RBX1|UBAC2|SHISA2|CITED1|RNF213|AXIN1|SOST|TRABD2A|TRABD2B|SIAH2|LATS1|LATS2|CCDC88C|DKK1|DDIT3|SOX30|SDHAF2|SFRP4|APCDD1|FUZ|HECW1|MDK|AMER2|BICC1|CSNK1A1L|FZD1|INVS|SHISA3|HIC1|CTNNB1|OTUD5|TLE2|TCF7L2|TLE7|TLE4|TMEM170B|TPBGL|APC|APC2|DAB2|ISL1|FERMT1|SFRP2|FRMD8|KREMEN1|G3BP1|TSC2|SMAD4|WWOX|CHD8|GPC3|EMD|NKD1|PRKN|NOTCH1|VGLL4|GLI1|WWTR1|AMER1|CSNK1E|PTPRO|SNAI2|AXIN2|ANKRD6|MLLT3|DRAXIN|MAPK14|NFATC4|NPHP3|APP|NPHP4|SHH|LRP4|SOX10|DACT3|IGFBP1|TMEM64|JADE1|FOXO3|NHERF1|TPBG|BMP2|TMEM196|SOX9|APOE|SOSTDC1,https://www.gsea-msigdb.org/gsea/msigdb/human/geneset/GOBP_NEGATIVE_REGULATION_OF_WNT_SIGNALING_PATHWAY,173,ENR,GOBP_NEGATIVE_REGULATION_OF_WNT_SIGNALING_PATHWAY,1,1E-3,GOBP_NEGATIVE_REGULATION_OF_WNT_SIGNALING_PATHWAY,FALSE,GOBP_NEGATIVE_REGULATION_OF_WNT_SIGNALING_PATHWAY
3,3,3,3,0.999,,1E-3,,ADAM15|BMP4|TMEM100|ACVRL1|OLFM1|TGFB1|EFNA1|NOTCH1|JAG1|WNT16|MSX1|MSX2|TGFB3|EMP2|SNAI2|HEY2|RTN4|ENG|TGFBR1|ACVR1|NOG|WNT2|SPRY1|RBPJ|PDCD4|TBX3|TWIST1|TGFBR2|TGFBR3|BMP2|SNAI1|SMAD4|FGF8|HAS2|HEY1|HEYL|TGFB2,https://www.gsea-msigdb.org/gsea/msigdb/human/geneset/GOBP_CARDIAC_EPITHELIAL_TO_MESENCHYMAL_TRANSITION,37,ENR,GOBP_CARDIAC_EPITHELIAL_TO_MESENCHYMAL_TRANSITION,1,1E-3,GOBP_CARDIAC_EPITHELIAL_TO_MESENCHYMAL_TRANSITION,FALSE,GOBP_CARDIAC_EPITHELIAL_TO_MESENCHYMAL_TRANSITION
75,3,3,3,0.999,,1E-3,,AVPR1B|KCNJ8|SLC8A2|SLC6A1|SLC16A2|ATP1A2|SLC1A2|ATP1A4|SLC22A8|SLC5A5|SLCO1C1|SLC27A4|ABCC2|ABCC3|ATP2A3|SLC22A3|LRP3|ABCB1|SLC38A2|SLC5A3|ATP2B4|SLC22A2|SLC29A1|SLC44A1|ATP1B2|SLC28A2|FLVCR2|INSR|SLC27A1|SLCO3A1|ABCC4|ABCC5|SLCO2B1|FABP5|SLC4A4|LRP2|ATP8A1|LEPR|TFRC|CD36|SLC13A3|SLC16A12|SLC1A4|SLC22A1|SLC15A2|SLC5A6|LRP1|SLC4A8|SLC6A13|SLC16A1|SLC1A3|SLC38A1|SLC6A20|SLC7A5|ABCC9|ABCC1|SLC38A3|SLC38A5|AGER|ABCG2|SLC1A1|SLC2A10|SLC2A1|SLC29A2|SLC2A3|SLC16A7|SLC1A5|AVPR1A|SLC7A1|SLC4A3|SLC24A3|SLC6A17|ABCA2|SLC6A6|SLC6A9|NHERF1|SLC12A2|SLC2A4|SLC7A2|SLC7A3|SLC7A8|SLC22A5|SLC2A13|SLC19A1|SLC5A1|APOE|SLC29A4|MFSD2A,https://www.gsea-msigdb.org/gsea/msigdb/human/geneset/GOBP_VASCULAR_TRANSPORT,88,ENR,GOBP_VASCULAR_TRANSPORT,1,1E-3,GOBP_VASCULAR_TRANSPORT,FALSE,GOBP_VASCULAR_TRANSPORT
89,3,3,3,0.999,,1E-3,,SKI|TIPARP|TGFB1|SGPL1|ANKRD11|ASPH|COL1A1|MSX1|PDGFRA|CLDN5|TBX1|MYH3|TGFB3|SSBP3|STRA6|SCX|PLEKHA1|CSRNP1|PRICKLE1|ATP6AP2|DLX5|DKK1|RRAS|CRISPLD2|CRISPLD1|PAX9|LEF1|MMP2|NOG|BRAF|NIPBL|PTPN11|EP300|RAB3GAP1|WNT3|IHH|ARID5B|VPS13B|FLVCR1|TGFB2,https://www.gsea-msigdb.org/gsea/msigdb/human/geneset/GOBP_HEAD_MORPHOGENESIS,40,ENR,GOBP_HEAD_MORPHOGENESIS,1,1E-3,GOBP_HEAD_MORPHOGENESIS,FALSE,GOBP_HEAD_MORPHOGENESIS
74,3,3,3,0.999,,1E-3,,MYC|REST|HTR2A|NTRK1|OR2AT4|COMT|KCNA1|OR2A4|RPE65|CEP250|ADGRV1|HPN|CXCL12|GUCY2F|RHO|LXN|MMP24|SCRN3|SCN1A|PIEZO2|LPO|ASIC2|ADORA1|OR51E2|TAC4|GRIK2|PLCB2|FYN|ITGA2|SLC24A4|EYS|GJA10|RGS9BP|ROM1|TAC1|KIT|PTPRQ|LHFPL5|OPN4|OR1D2|PDZD7|STRC|TNF|SEMA5B|RTP2|RTP3|RTP4|RTP5|CACNA2D4|CHRNA10|EPHB1|CHRNA9|TMEM87A|GNAT2|WDR47|PRDM12|OR10A2|OR10A3|OR10A6|OR10AC1|OR10AG1|OR10D3|OR10G3|OR10G4|AZGP1|OR10G7|OR5AN1|OR10H1|OR10H3|OR10H5|OR10K1|OR10K2|OR10Z1|CCDC66|OR11A1|OR11G2|OR11H4|OR13A1|OR13G1|CACNA1F|OR14A16|PPEF1|OR14J1|PPEF2|OR14L1|OR1A1|OR1C1|OR1I1|OR1L6|OR1L8|OR1M1|OR2A1|OR2A12|OR2A14|OR2A25|OR2A42|OR2A5|OR2A7|OR2AG1|OR2AG2|OR2AJ1|OR2AK2|OR2AP1|OR2B11|OR2B6|GRM6|OR2C1|OR2C3|OR2D3|OR2F1|OR2G6|OR2H1|OR2H2|OR2J1|OR2J2|OR2K2|OR2L13|OR2L2|OR2L3|OR2L5|OR2L8|ATP8A2|OR2M3|OR2M4|OR2T10|OR2T11|OR2T12|OR2T2|OR2T6|OR2T7|OR2T8|OR2V2|OR2W3|OR2Z1|ANO1|OR3A1|OR3A2|OR3A3|OR4C11|OR4C6|OR4D1|OR4D10|OR4D2|OR4D9|OR4E1|OR4E2|OR4F15|OR4F17|OR4K1|OR4K13|OR4K17|OR4K2|OR4N2|OR4Q3|OR51A4|OR51A7|MKKS|OR51B5|OR51D1|OR51E1|OR51I1|OR51I2|OR51M1|TMC1|OR52A1|TMC2|OR52A5|OR52E4|OR52E5|OR52H1|OR52I2|OR52K1|OR52K2|OR52N1|OR52N2|OR52N4|OR52N5|OR52P1|OR56A1|OR56A3|OR56A4|OR56B1|OR5A1|OR5AS1|PHF24|ASIC3|OR5AU1|CA6|OR5B2|PJVK|OR5B21|OR5H1|CST1|OR5H14|CST2|OR5K1|CST4|OR5M1|GNAT1|OR5P2|GNAT3|OR5P3|OR5V1|OR6A2|OR6B1|PIGR|OR6C1|PIP|OR6C2|PKD1L3|OR6C4|PKD2L1|OR6C6|OR6C74|TAS1R1|OR6C75|TAS1R2|OR6F1|TAS1R3|OR6J1|TAS2R1|OR6N1|TAS2R10|OR6N2|TAS2R13|COL11A1|OR6P1|TAS2R14|OR6Y1|TAS2R19|OR7A10|TAS2R20|BACE1|OR7A17|TAS2R3|OR7A5|TAS2R30|OR7C1|TAS2R31|OR7D2|TAS2R39|OR7D4|TAS2R4|OR7G2|TAS2R42|OR8A1|TAS2R43|OR8B12|SCN9A|TAS2R46|OR8B8|TAS2R5|OR8D1|TAS2R50|OR8D4|SERPINE2|TAS2R60|OR8G5|TAS2R9|TRPA1|OR8H1|TRPV1|OR8H2|OR8J2|OR8J3|DISC1|OR8K3|OR9G1|OR9G4|SCN11A|OR9K2|OR9Q1|OR9Q2|FFAR4|OR10J1|TMEM120A|OR10A4|CNGB1|KCNQ1|CRB1|REEP6|PRPH2|BEST1|CACNB4|TULP1|KCNK2|RBP4|NTSR1|WHRN|NR2F6,https://www.gsea-msigdb.org/gsea/msigdb/human/geneset/GOBP_DETECTION_OF_STIMULUS_INVOLVED_IN_SENSORY_PERCEPTION,290,ENR,GOBP_DETECTION_OF_STIMULUS_INVOLVED_IN_SENSORY_PERCEPTION,1,1E-3,GOBP_DETECTION_OF_STIMULUS_INVOLVED_IN_SENSORY_PERCEPTION,FALSE,GOBP_DETECTION_OF_STIMULUS_INVOLVED_IN_SENSORY_PERCEPTION
73,3,3,3,0.999,,1E-3,,NR5A1|ESR2|TRIM16|PAQR7|UCN2|FOXA1|PAQR8|UCN3|PDE3A|SHQ1|CRY2|PGR|VDR|PGRMC2|LMO3|PMEPA1|PTF1A|RARB|RARG|LHCGR|RHOXF1|CTBP2|RXRA|RXRB|YWHAH|NCOR1|RXRG|NR1H2|SCGB2A1|NR1H3|SCGB2A2|SRARP|STRN3|TCF21|TGIF1|THRB|TRERF1|TRIM68|ZNF366|ZNF536|APPL1|CRHBP|APPL2|DEFA3|PPARD|GHR|CRKL|HDAC1|DAXX|NKX3-1|IGF1|LHB|SRC|NR1D1|FOXP1|AGRP|CYP7B1|HEYL|PIAS2|SNW1|DEFA1|DEFA1B|PRAME|ESR1|AR|PTH|CGA|SSTR1|TADA3|SP100|EGLN2|OR51E2|PRCP|ADIPOR1|ADIPOR2|TRIM24|CNOT1|PLPP1|CNOT2|TAF1|CNOT9|THRA|LATS1|LATS2|PARK7|RNF6|RHOA|RNF14|ZBTB7A|EZH2|GPER1|HDAC6|PAK1|TRIP4|DAB2|MED1|REN|ZMIZ1|PADI2|UBE3A|UBR5|SSTR4|USP26|PIM1|TBX1|DDX54|SNAI2|GREB1L|BRCA1|NR4A3|RELA|CRHR2|KMT2D|METTL21C|FSHR|OSTN|ABHD2|SAFB|SAFB2|PHB1|FKBP4|ZDHHC7|HMGA2|PPARG|ERRFI1|KDM1A|RXFP1|CDK12|RXFP2|SSTR2|ACTN4|PER1|CREBRF|PTPN11|GTF2H1|PML|DDX17|SLC27A1|DDRGK1|KLF2|DDX5|LANCL2|PHB2|CRY1|PKN1|SSTR5|NCOA4|NR3C1|WBP2|SIRT1|SKP2|KANK2|SMARCA4|MN1|ESRRG|TAF7|NEDD4|KDM3A|PRMT2|SFRP1|PPARGC1B|GHRHR|PPP5C|TSHR|TP63|KDM5D|NCOA1|NCOR2|PRL|PRLR|CYP26A1|DNAAF4|CYP26B1|CYP26C1|TCF7L2|IL23R|ISL1|JAK2|TMF1|HDAC2|UBA5|PARP1|CRH|PPARA|BMAL1|RARA|UFL1|UFM1|AKR1C3|NR1D2|NR5A2|GHRL|GHSR|CLOCK|UFSP2|CSNK2B|VPS11|VPS18|CYP24A1|CYP27B1|ADIPOQ|RWDD1|CARM1|NR3C2|RBFOX2|ASIP|NODAL|ACSL1|ASXL1|CALCOCO1|CCDC62|ALDH1A2|PAGR1|EP300|ESRRA|ESRRB|FOXH1|SSTR3|GPHB5|TRH|CALR|GPRIN3|KDM4C|LBH|NCOA3|NR0B1|NR2C1|NR2E1|SST|NR2E3|DHRS3,https://www.gsea-msigdb.org/gsea/msigdb/human/geneset/GOBP_HORMONE_MEDIATED_SIGNALING_PATHWAY,231,ENR,GOBP_HORMONE_MEDIATED_SIGNALING_PATHWAY,1,1E-3,GOBP_HORMONE_MEDIATED_SIGNALING_PATHWAY,FALSE,GOBP_HORMONE_MEDIATED_SIGNALING_PATHWAY
6,3,3,3,0.999,,1E-3,,BMP4|ACVRL1|FOXA1|WNT3A|LHX2|AXIN1|RNF220|GLI3|NKX2-1|SP8|EDN1|IFT122|WNT8A|TGIF1|TLL2|CHRD|DDIT3|DMRT3|PAX6|ACVR1|BMPR1A|INTU|HOXA2|PSEN1|CTNNB1|EN1|CXXC4|CER1|HOXA11|NOTO|AIDA|NBL1|GREM2|LHX3|SMAD6|HOXB2|CAPRIN2|OVOL2|VAX2|ASCL1|DLL4|SMO|TCTN1|SMAD2|BMP1|FOXG1|SUFU|FKBP8|HOXD11|WNT7A|PTCH1|GLI1|WNT8B|GLI2|IFT172|IFT52|TLL1|AXIN2|MDFI|PROP1|TBC1D32|FOXN4|WDR19|TBX20|DISP1|LHX1|ARL13B|SHH|PAX7|TTC21B|LRP4|SOX1|LMX1B|FBXL15|NOG|DYNC2H1|TULP3|SFRP1|GPR161|DSCAML1|GREM1|GSC|BMPR1B|WNT3|SIX3|FGF8|SOSTDC1|HHIP,https://www.gsea-msigdb.org/gsea/msigdb/human/geneset/GOBP_DORSAL_VENTRAL_PATTERN_FORMATION,88,ENR,GOBP_DORSAL_VENTRAL_PATTERN_FORMATION,1,1E-3,GOBP_DORSAL_VENTRAL_PATTERN_FORMATION,FALSE,GOBP_DORSAL_VENTRAL_PATTERN_FORMATION
50,3,3,3,0.999,,1E-3,,CHST7|B3GALT6|CHSY1|B3GAT1|CHSY3|B3GAT2|B3GAT3|PXYLP1|CSGALNACT1|CSGALNACT2|IGF1|CYTL1|XYLT1|SLC35B2|XYLT2|CHPF|CHPF2|CHST11|CHST12|CHST13|UGDH|CHST3,https://www.gsea-msigdb.org/gsea/msigdb/human/geneset/GOBP_CHONDROITIN_SULFATE_PROTEOGLYCAN_BIOSYNTHETIC_PROCESS,22,ENR,GOBP_CHONDROITIN_SULFATE_PROTEOGLYCAN_BIOSYNTHETIC_PROCESS,1,1E-3,GOBP_CHONDROITIN_SULFATE_PROTEOGLYCAN_BIOSYNTHETIC_PROCESS,FALSE,GOBP_CHONDROITIN_SULFATE_PROTEOGLYCAN_BIOSYNTHETIC_PROCESS
7,3,3,3,0.999,,1E-3,,NEDD4L|ITSN2|SYT17|UNC13A|RIMS2|SLC23A2|ATG16L1|SMURF1|SPAG9|CPNE5|MUL1|CPNE6|BCL11A|CPNE9|PLAA|SYT1|SYT2|SYT3|OSTN|RNF157|CACNG7|RIMS1|RASAL1|SYT4|PRKN,https://www.gsea-msigdb.org/gsea/msigdb/human/geneset/GOBP_REGULATION_OF_DENDRITE_EXTENSION,25,ENR,GOBP_REGULATION_OF_DENDRITE_EXTENSION,1,1E-3,GOBP_REGULATION_OF_DENDRITE_EXTENSION,FALSE,GOBP_REGULATION_OF_DENDRITE_EXTENSION
62,3,3,3,0.999,,1E-3,,MYH14|NLGN4Y|NLGN3|NRXN1|NRXN3|TIFAB|SHANK2|SHANK1|SRPX2|SHANK3|DLG4|NLGN4X|NRXN2|EXT1|GLI3|BRINP1|CNTNAP2|FOXP2|SLITRK1,https://www.gsea-msigdb.org/gsea/msigdb/human/geneset/GOBP_VOCALIZATION_BEHAVIOR,19,ENR,GOBP_VOCALIZATION_BEHAVIOR,1,1E-3,GOBP_VOCALIZATION_BEHAVIOR,FALSE,GOBP_VOCALIZATION_BEHAVIOR
4,3,3,3,0.999,,1E-3,,BMP4|MYC|DCHS1|WNT11|CITED1|SIX1|DLG1|NPNT|GLI3|LGR4|TCF21|HOXB7|HS2ST1|WT1|WNT2B|HS3ST3A1|WNT9B|HS3ST3B1|AGT|FOXD1|LAMA5|MAGED1|CTNNBIP1|GDNF|WNT1|CTNNB1|KIF26B|GZF1|HES1|HOXA11|TMEM59L|HNF1B|SIX4|LZTS2|SMAD4|SALL1|GPC3|SIX2|SMO|WNT6|TGFB1|FGF2|HOXD11|PTCH1|PAX2|OSR1|PAX8|VEGFA|ADAMTS16|PKD2|AGTR2|GREB1L|LHX1|BCL2|SHH|FGF1|GATA3|NOG|PBX1|TACSTD2|GREM1|BMP2|EYA1|WNT4|FGF8|SOX9|SOX8|ILK,https://www.gsea-msigdb.org/gsea/msigdb/human/geneset/GOBP_MESONEPHRIC_TUBULE_MORPHOGENESIS,68,ENR,GOBP_MESONEPHRIC_TUBULE_MORPHOGENESIS,1,1E-3,GOBP_MESONEPHRIC_TUBULE_MORPHOGENESIS,FALSE,GOBP_MESONEPHRIC_TUBULE_MORPHOGENESIS
8,3,3,3,0.999,,1E-3,,BMP4|RBPMS2|CAV1|CHRDL2|PPARG|SKOR1|TNFAIP6|VWC2L|MTMR4|BMP10|PPM1A|RUNX2|WNT5A|DLX5|TWSG1|ACVR1|FSTL5|EGR1|SLC39A5|CHRDL1|RBPJ|CER1|HFE|XIAP|DAND5|TGFBR3|CRIM1|KCP|SCUBE3|BAMBI|DDX5|GREM2|DSG4|FSTL1|HEYL|TMEM100|SMAD2|FKBP8|NFIA|DLX3|ID1|TFAP2B|FST|GDF6|SMAD7|SMAD5|ATF2|ERFE|FSTL4|SCX|COMP|ETV2|SORL1|POU5F1|TBX20|BMPR2|SOX11|HTRA1|ACVR2B|DLX1|FBN1|FSTL3|GATA3|NOG|NOTCH2|SFRP1|GREM1|ADAMTS7|BMPR1B|ZNF423|ILK|SKI|USP9Y|ACVRL1|ARK2C|ITGA3|COL2A1|CCN1|SOST|SKOR2|CDH5|SMURF1|SMURF2|VSTM2A|NUMA1|PELO|DKK1|CHRD|HIPK2|SFRP4|SPART|FOXD1|BMPR1A|MEGF8|BMP6|WNT1|FZD1|EXT1|PDCD4|SMAD1|HES1|HES5|NBL1|SMPD3|UBE2D1|UBE2D3|SFRP2|LRP2|SKIL|SMAD4|SMAD6|GATA4|KDR|ADAMTS12|GPC3|VWC2|GATA6|LEMD3|NEO1|PRMT1|NOTCH1|ABL1|GPR155|USP9X|GDF5|GATA5|MSX1|MSX2|CTDSPL2|SPINT2|HJV|FAM83G|HIVEP1|CRB2|RGMB|ZNF8|RGMA|ACVR2A|GDF7|TMEM53|ENG|AMHR2|TOB1|FBXL15|HTRA3|LEF1|UBE2O|TMPRSS6|TMEM119|USP15|BMP5|BMPER|SMAD9|PCSK6|TRIM33|BMP7|ELAPOR2|BMP2|MAPK3|SPINT1|NGLY1|GDF3|HOXA13|SOX9|SULF1|SOSTDC1,https://www.gsea-msigdb.org/gsea/msigdb/human/geneset/GOBP_RESPONSE_TO_BMP,166,ENR,GOBP_RESPONSE_TO_BMP,1,1E-3,GOBP_RESPONSE_TO_BMP,FALSE,GOBP_RESPONSE_TO_BMP
113,3,3,3,0.999,,1E-3,,PICALM|FCHSD2|ITGA4|DLL1|PROM2|TNK2|WASL|BMP2K|CCDC32|GAS7|SNAP91|GPR107|DNAJC6|MAGI2|CANX|DGKD|SH3GL3|AAK1|CLTC|HIP1R|DAB2|FCHO1|UNC119|AP2A2|AP2B1|AP2S1|DNM1|UBQLN2|CLTA|CLTB|FCHO2|PIK3CB|ITSN1|ITSN2|SGIP1|FNBP1L|STON2|GAK|PIP5K1C|SCYL2|SIGLEC1|AP2M1|STON1|INPP5F|LMBRD1|SLC9B2|USH1G|AP2A1|SMAP1|NEU3,https://www.gsea-msigdb.org/gsea/msigdb/human/geneset/GOBP_CLATHRIN_DEPENDENT_ENDOCYTOSIS,50,ENR,GOBP_CLATHRIN_DEPENDENT_ENDOCYTOSIS,1,1E-3,GOBP_CLATHRIN_DEPENDENT_ENDOCYTOSIS,FALSE,GOBP_CLATHRIN_DEPENDENT_ENDOCYTOSIS
2,3,3,3,0.999,,1E-3,,CHRNB2|WNT3A|ATIC|SRD5A1|SRD5A2|DOCK7|NKX2-1|ATF5|BBS4|ZDHHC16|ATP7A|B2M|DCLK2|DLX5|RAN|PAFAH1B1|NEFL|KCNA1|CEP120|AKIRIN2|GART|PAX6|ATAT1|GMPPA|GSK3B|SUN2|SYNE2|LMX1A|TACC1|OTX1|TACC2|OTX2|TAL2|UBB|HPRT1|FOXP1|MCPH1|EOMES|SOX3|NIN|POU3F3|SCN5A|DAB2IP|DRD2|PCM1|SLC2A1|NEUROG3|NHLH2|SSTR1|DLX1|DLX2|STIL|TUBA1A|DYNC2H1|NPY|WDR62|SRGAP2C|RPGRIP1L|PLCB1|GSC|PCDH9|BTG2|SKI|PITX1|BBS1|BBS2|SLC1A2|OGDH|CCDC39|EFNA2|LRP8|PTEN|DNAJB1|RHOA|CCKAR|EZH2|FXR2|NRG3|NRP2|IGF2BP1|PLXNA4|SEMA3A|SEMA3E|LHX6|UQCRQ|ZSWIM6|PIANP|SEMA6B|SLIT3|TBR1|TUBB2B|WNT7B|DAB1|MSX1|NF2|PTPRS|SECISBP2|SLC8A3|SHH|NR4A3|EZH1|NTRK2|SZT2|EGFR|LRRK2|SIN3A|FGF10|CCDC141|TACC3|PRDM8|HMGA2|ASPM|PGAP1|KDM1A|PLXNA1|FUT1|EFHC1|INHBB|OTP|TOX|TSKU|TWSG1|TYRO3|TYROBP|FILIP1|ATP2B4|FLNA|NRGN|GATA2|NUMB|YWHAE|SLITRK5|CDK6|ELAVL4|NUMBL|SEMA7A|PHACTR1|TTC8|PAX4|SCYL2|ID2|PROP1|CNTN2|C21ORF91|RFX4|TOP2B|SUN1|UCHL5|SIX3|BCAN|SOX2|FKTN|XRCC1|KAT2A|TMEM14B|TRAPPC9|APAF1|ATRX|ZIC3|PEX13|ATOH1|CNTNAP2|DRD1|METTL14|METTL3|POMGNT1|NDST1|POMT2|FXR1|CTNNB1|ID4|EXT1|AQP1|HES1|ARX|CDK5R2|EMX2|FBXO41|PHLPP2|KIAA0319|HOOK3|VAX2|PPP1R9B|CRH|NOTCH1|FGF2|FGFR1|HTR6|NRP1|WNT7A|GLI1|DIXDC1|GLI2|PLXNA3|RELN|PRKG1|ROBO1|ROBO2|NEUROD1|RTN4R|RTN4RL1|RYK|BTBD3|TTC21B|SEMA5A|AVPR1A|EMX1|NFIB|SLC6A3|SLIT1|TNR|SCT|WDR37|WNT4|FBXO45|NR0B1|FRS2|NR2E1|EPHB3|EPHA5|BMP4|HIF1A|CDH1|HESX1|PITX2|CFL1|POU4F1|RARB|GLI3|DLC1|RAPGEF2|KIF14|CRK|KCNC1|CRKL|SLC38A2|CREB1|HDAC1|CSF1R|PSEN1|RBPJ|ATP1B2|CXCL12|SRC|SALL1|ASCL1|CDON|SMO|MYH10|PTCHD1|FEZF1|FOXG1|AGTPBP1|ZIC1|ARHGAP11B|PROX1|BAX|CRTAC1|DMRTA2|BNIP3|SHANK3|POU3F2|NR2F2|CDK5|TBX19|CDK5R1|TBX3|TRA2B|LHX8|FYN|BMERB1|E2F1|FGFR2|FOS|ITGAM|SOCS7|ERBB4|WNT2B|XAB2|DKK1|FEZ1|LARGE1|FGF13|MDK|HES5|NOTCH3|HTRA2|NF1|RAB3GAP1|FOXP2|RAX|ZMIZ1|P2RY12|KIRREL3|NSUN5|KRAS|CHD5|DNAH5|DPCD|MGARP|WDR89|FAT4|CHD7|RAC1|RAC3|NARS1|RTN4|APLP1|PALS1|GHRH|KIF26A|LPAR1|TTBK2|WDR47|SLIT2|BMP2|POU1F1|PEX5|FGF8|HTR5A|LHX2|POU3F1|XRN2|ATG16L1|ATP1A2|RRM1|WNT5A|CASP3|PAX5|TFAP2C|CSNK2A2|EIF2B5|ZNF335|CDH2|ADGRG1|EPHB2|SRF|HAP1|AVPR2|CCDC85C|COL3A1|SLC32A1|HERC1|TP73|NOTCH2NLA|MKKS|NOTCH2NLB|NOTCH2NLC|SLC4A10|NDE1|NDEL1|CORO1C|NOG|KDM6B|FOXB1|GHRHR|RTN4RL2|BLOC1S6|NCOA1|AXL|GRIA1|KCNC2|ARHGAP35|TUBB2A|SRGAP2|DISC1|OPHN1|BMPR1A|TMEM108|WNT1|DCT|SLC7A11|LAMB1|INHBA|ISL1|NDNF|LRP2|TSC1|LHX3|VPS13B|ZEB2|OLIG2|AKNA|TCTN1|RARA|ALK|NR4A2|BCL11B|DRAXIN|GDF7|LHX1|ARL13B|LHX5|MDGA1|SOX1|LEF1|KCNA2|ALDH1A2|ALDH1A3|KDM2B|C12ORF57|MBOAT7|MFSD2A,https://www.gsea-msigdb.org/gsea/msigdb/human/geneset/GOBP_FOREBRAIN_DEVELOPMENT,403,ENR,GOBP_FOREBRAIN_DEVELOPMENT,1,1E-3,GOBP_FOREBRAIN_DEVELOPMENT,FALSE,GOBP_FOREBRAIN_DEVELOPMENT
,3,3,3,0.999,,1E-3,,MYC|HIF1A|REST|UCN3|CHRNB2|HK2|ADSL|AK4|LIF|NPPC|AKT1|MLST8|BNIP2|COMT|CAT|CBFA2T3|CCNB1|KCND2|PGK1|LIMD1|CHCHD2|PKLR|COL6A1|PPARD|CREB1|BIRC2|KCNMA1|NKX3-1|RGCC|GUCY1A1|GUCY1A2|GUCY1B1|RPTOR|CXCL12|MPL|GNGT1|TM9SF4|LEP|MT3|MTOR|CXCR4|RYR2|MDM2|RYR1|ACAA2|PIK3CB|RWDD3|SCN2A|AIFM1|CYBA|COL1A1|DPP4|DRD2|FAS|VEGFA|MDM4|NPPA|ATF2|SLC2A1|MT-ATP6|FABP1|LCN2|MT-CO1|F7|MT-CO2|BAD|MT-CYB|MT-ND1|MT-ND2|PDK1|ADORA1|BBC3|BCL2|MT-ND4|PDK3|DDAH1|HP1BP3|MT-ND5|PICK1|KCNK3|TIGAR|NDP|TP53|DIO3|BNIP3|BNIP3L|MB|EGLN2|CD24|P2RX2|HSP90B1|ITPR2|CYGB|FZD4|TMBIM6|CYP1A1|CD38|CIAO3|IRAK1|SOD3|ALAD|ADAM15|TXNRD2|CASP9|ITGA2|NDUFS2|KCNJ8|MTHFR|CLDN3|E2F1|EPO|FGFR2|PLOD2|FOS|FOSL2|NOP53|CPEB4|EDN1|BNIP1|EDNRA|ENDOG|ADO|EPAS1|WDR83|EGLN3|HIF3A|FAM162A|NGB|PINK1|VASN|FIS1|JUND|STC1|EEF2K|FUNDC1|ANG|SDHD|COMMD1|MMP14|MMP2|NOS1|HIGD1A|MSTN|PAK1|LOXL2|PENK|NFE2L2|TNF|TRPV4|ALKBH5|OPRD1|NF1|CITED2|LMNA|LONP1|CPEB1|PSEN2|PGF|PLEKHN1|ABCC9|MGARP|AGER|PRKCE|PTPN1|SLC1A1|HSF1|CHRNA4|CLCA1|DNMT3A|SLC8A3|SLC2A8|RTN4|NOS2|ENG|HYOU1|CREBBP|LPAR1|VHL|SOD2|NPEPPS|BMP7|BMP2|P2RX3|PIN1|SIRT2|FMN2|TGFB2|TRPC6|PMAIP1|THBS1|CAV1|CAV3|PPARG|CHRNA7|CPT1A|P4HB|SUV39H2|ZFP36L1|CFLAR|VCAM1|VEGFB|VEGFC|ATP1B1|VEGFD|ATF4|ATG7|ATP6AP1|ATP6V0A2|ATP6V0D1|ATP6V1A|CASP3|SIRT4|EGR1|FOXO1|ATP6V1G1|CA9|SMAD3|S100B|CBS|PML|CYB5R4|TGFBR3|TERT|ERO1A|KCNJ11|TFRC|MYOCD|SCAP|ANGPT4|SLC11A2|ANGPTL4|ITPR1|DDR2|SRF|AQP3|DRAM1|TGFB3|SIRT1|KCNA5|SLC9A1|MAP1LC3A|SUV39H1|MAP3K7|PARP2|CBL|STC2|SFRP1|UCP2|POLB|SLC2A4|TWIST1|UCP3|TBL2|RAD21|SOX2|AJUBA|HSD11B2|ANKRD1|BECN1|ALAS1|APAF1|USP19|ANGPT2|CAPN2|HMOX2|CCNA2|PDLIM1|PLOD1|EGLN1|EPHA4|HIPK2|MYOD1|HSPG2|STUB1|NOL3|ABCB1|NONO|DPM1|SLC29A1|ENO1|SLC6A4|AQP1|NDRG1|INHBA|CYBB|MAP2K1|NDNF|TSC1|SMAD4|LTA|HDAC2|ERCC2|UBQLN1|ZEB2|HILPDA|PPARA|GATA6|STAT3|TGFB1|NOTCH1|TREM2|SLC7A5|TH|ARNT2|UCK2|CRYAB|PLAT|PLAU|NR4A2|PTGIS|ADAM17|ADAM8|ADIPOQ|WTIP|ALAS2|MYB|AGTRAP|ARNT|NOX1|ASCL2|ABAT|DDIT4|CPEB2|CASR|FOXO3|KCNK2|POSTN|ADA|EP300|PTGS2|ROCK2|USF1|RORA|PRKAA1|TFAM|MECP2,https://www.gsea-msigdb.org/gsea/msigdb/human/geneset/GOBP_RESPONSE_TO_OXYGEN_LEVELS,336,ENR,GOBP_RESPONSE_TO_OXYGEN_LEVELS,1,1E-3,GOBP_RESPONSE_TO_OXYGEN_LEVELS,FALSE,GOBP_RESPONSE_TO_OXYGEN_LEVELS
129,3,3,3,0.999,,1E-3,,PPARG|LMO3|PAQR3|NCOA1|RXRA|SIRT1|PTGIS|JUND|ACTN4|PDK3|PLIN5|STUB1|ASXL1|GPS2|ASXL2|TWIST1|FAM120B|HUWE1|ALOXE3|BMP2|MED1|FABP5|LEP|NCOA2|ALOX15|ALOX15B|CITED2|PPARA,https://www.gsea-msigdb.org/gsea/msigdb/human/geneset/GOBP_PEROXISOME_PROLIFERATOR_ACTIVATED_RECEPTOR_SIGNALING_PATHWAY,28,ENR,GOBP_PEROXISOME_PROLIFERATOR_ACTIVATED_RECEPTOR_SIGNALING_PATHWAY,1,1E-3,GOBP_PEROXISOME_PROLIFERATOR_ACTIVATED_RECEPTOR_SIGNALING_PATHWAY,FALSE,GOBP_PEROXISOME_PROLIFERATOR_ACTIVATED_RECEPTOR_SIGNALING_PATHWAY
93,3,3,3,0.999,,1E-3,,THBS1|DDT|NOTCH1|TNFAIP6|WNT3A|ANGPT2|CCN3|HRG|NRP1|DPP4|PLXNA3|PTPRO|ELANE|PTPN2|CORO1B|KLRC4-KLRK1|RIN3|KLRK1|WNT5A|ROBO1|ROBO2|AIF1|DUSP3|RYK|SEMA3F|SEMA5A|MIF|MMP28|SLIT1|HDAC6|SLAMF8|C5|GPR18|GSTP1|NBL1|C5AR2|CXCL13|SLIT2|GREM1|DUSP1|WNT3|STAP1|CCL2|PADI2|CYP19A1,https://www.gsea-msigdb.org/gsea/msigdb/human/geneset/GOBP_NEGATIVE_REGULATION_OF_CHEMOTAXIS,45,ENR,GOBP_NEGATIVE_REGULATION_OF_CHEMOTAXIS,1,1E-3,GOBP_NEGATIVE_REGULATION_OF_CHEMOTAXIS,FALSE,GOBP_NEGATIVE_REGULATION_OF_CHEMOTAXIS
2,3,3,3,0.999,,1E-3,,C1QC|RARA|TRIB1|EVI2B|LEF1|CUL4A|PRDM16|HAX1|HCLS1|TESC|ZBTB46|RUNX1|ADIPOQ|IL5|CEACAM1|INPP5D,https://www.gsea-msigdb.org/gsea/msigdb/human/geneset/GOBP_REGULATION_OF_GRANULOCYTE_DIFFERENTIATION,16,ENR,GOBP_REGULATION_OF_GRANULOCYTE_DIFFERENTIATION,1,1E-3,GOBP_REGULATION_OF_GRANULOCYTE_DIFFERENTIATION,FALSE,GOBP_REGULATION_OF_GRANULOCYTE_DIFFERENTIATION
1,3,3,3,0.999,,1E-3,,BMP4|INSIG1|MEGF8|TGFB1|TIFAB|MMP14|FOXN3|MSX2|GLI3|TWIST1|FREM1|INSIG2|RAB23|TMEM107|MMP16,https://www.gsea-msigdb.org/gsea/msigdb/human/geneset/GOBP_CRANIOFACIAL_SUTURE_MORPHOGENESIS,15,ENR,GOBP_CRANIOFACIAL_SUTURE_MORPHOGENESIS,1,1E-3,GOBP_CRANIOFACIAL_SUTURE_MORPHOGENESIS,FALSE,GOBP_CRANIOFACIAL_SUTURE_MORPHOGENESIS
7,3,3,3,0.999,,1E-3,,FKBP4|THY1|CDH1|WNT3A|CFL1|HRG|SPP1|AKT1|RIT2|YWHAH|EFNB2|B2M|EFNB3|RAPGEF2|WNT5A|CEP97|PAFAH1B1|CCP110|RAB29|SYNGAP1|NTN1|PRAG1|SPRY3|TSKU|RAB3IP|PTPN9|GRIN2B|PSEN1|SPRY2|CDK10|MT3|DGUOK|DTNBP1|MDM2|EPHB2|EFNA1|PAQR3|MAG|CDKL3|DCC|FSTL4|LIMK2|GFAP|IFRD1|MYLIP|MAP2|TBX6|ARPIN|TLX2|KANK1|NLGN1|ARHGAP44|NRXN1|PFN2|RAP1GAP|GFI1|SRGAP2C|TACSTD2|CDK5|THOC2|CIB1|CD38|RTN4RL2|TESK1|ZNF365|EVL|IL15RA|FYN|GDI1|TRAK2|ITGA3|TRIM46|GORASP1|CERS2|ABI3|PRKCD|SNAPIN|GLCE|MAP4|RNF6|EPHA7|PTEN|DKK1|PTPRG|EPHA4|SPART|EVI5L|FGF13|BCL11A|ITM2C|GDI2|DIP2B|ARF6|STX1B|FIGNL2|HDAC6|LUZP1|MAK|MARCHF7|KIF24|MPHOSPH9|HES1|ARHGAP4|ODF2L|DAB2|TRPV4|PRNP|SEMA3A|KIAA0319|TRIM32|KREMEN1|DENND5A|SEMA3G|LRIG2|HDAC2|SEMA4F|VIM|BAG5|SEMA6C|SEMA6D|NEO1|ARHGAP24|ULK1|ULK2|NGEF|TBC1D30|DAB1|NRP1|TBC1D7|CRMP1|MGARP|DPYSL3|TCHP|GAK|MINAR1|DPYSL5|PLXNA3|WDR44|PTPRO|YAP1|PTPN1|LIMA1|PTPRS|ADAM17|RGMA|RUFY3|CARM1|DRAXIN|RTCA|RTN4|RTN4R|RTN4RL1|STMN2|NFATC4|RYK|STMN3|PMP22|SEMA3F|LRP4|SEMA5A|INPP5F|INPP5J|MCF2|SLIT1|LPAR1|PPP3CA|PLXNB3|TNR|AMIGO3|FAT3|SLIT2|ZNF296|ACP4|ADCY6|LRRK2|CBFA2T2|SPOCK1|WNT3|STAP1|NEU4|CCL21|APOE|NR2F1|TRPC5|TRPC6,https://www.gsea-msigdb.org/gsea/msigdb/human/geneset/GOBP_NEGATIVE_REGULATION_OF_CELL_PROJECTION_ORGANIZATION,185,ENR,GOBP_NEGATIVE_REGULATION_OF_CELL_PROJECTION_ORGANIZATION,1,1E-3,GOBP_NEGATIVE_REGULATION_OF_CELL_PROJECTION_ORGANIZATION,FALSE,GOBP_NEGATIVE_REGULATION_OF_CELL_PROJECTION_ORGANIZATION
128,3,3,3,0.999,,1E-3,,CHAC1|THBS1|SIRT4|GLG1|NLRP7|FURIN|SERPINE1|PLAT|AKT1|GAS1|PLAU|IL1R2|ACP4|SNX12|PRNP|LRRK2|SERPINE2|SERPINF2|TMEM98|FGA|CTSZ|MDM2,https://www.gsea-msigdb.org/gsea/msigdb/human/geneset/GOBP_NEGATIVE_REGULATION_OF_PROTEIN_MATURATION,22,ENR,GOBP_NEGATIVE_REGULATION_OF_PROTEIN_MATURATION,1,1E-3,GOBP_NEGATIVE_REGULATION_OF_PROTEIN_MATURATION,FALSE,GOBP_NEGATIVE_REGULATION_OF_PROTEIN_MATURATION
127,3,3,3,0.999,,1E-3,,KRAS|ABL1|MEIS2|SIX1|FOS|ATF2|KCNA5|FGF7|FGFBP1|PAX7|MYOD1|PPARD|FES|GPX1|HGF|CTNNB1|IGF1|MSTN|PAXBP1|KLHL41|MEGF10|ZNF609|SOX15|ATOH8|GATA6,https://www.gsea-msigdb.org/gsea/msigdb/human/geneset/GOBP_MYOBLAST_PROLIFERATION,25,ENR,GOBP_MYOBLAST_PROLIFERATION,1,1E-3,GOBP_MYOBLAST_PROLIFERATION,FALSE,GOBP_MYOBLAST_PROLIFERATION
10,3,3,3,0.999,,1E-3,,BMP4|RBPMS2|CCL5|SIX1|CCN3|CNN1|GNA12|FGF9|NPPC|AKT1|BMP10|RXRB|ANHX|GJA1|P2RY6|TBX5|PDGFRB|SF1|CCNB1|CDK1|PDGFB|PPARD|HDAC1|IGF1|RBPJ|RGCC|CX3CL1|PRKAR1A|FOXJ2|FOXP1|MDM2|DBH|FOXC1|MYH10|NDC80|CYBA|IGFBP3|ELANE|MFN2|NPR1|XRCC5|HEY2|TBX20|BMPR2|SELENON|SAV1|CAV2|TPM1|IL12A|IRAK1|SKI|IL6R|IRAK4|SUGT1|ITGA2|CDH13|FGFR2|ITGB3|FOS|EDN1|SIX5|ERBB4|PTEN|ANG|MEF2C|TRIB1|GPER1|MMP2|NRG1|HGF|MSTN|PRKCA|PAK1|HTR1B|MYD88|PDCD4|HES5|MEF2D|TNF|NOTCH3|SMPD3|NF1|PTGIR|PDGFD|KRAS|XBP1|ABL1|PIM1|NDRG4|ARID2|DNMT1|IFNG|MMP9|SHH|CALCRL|NR4A3|EPHB1|TENM4|S1PR1|TGFBR1|PIK3CA|HBEGF|PPARGC1A|SOD2|NOS3|BMP2|JUN|PHB1|APOE|TACR1|TGFB2|THBS1|POLDIP2|PPARG|ANGPT1|JARID2|TNFAIP3|CFLAR|NDRG2|IGFBP5|DSN1|MYOG|CTNNBIP1|ADAMTS1|FES|TGFBR3|IL13|TERT|PRKDC|MNAT1|MYOCD|NKX2-5|DDR2|APLN|ERN1|MAP3K5|HMOX1|TGFB3|ID2|SKP2|TP73|MAP3K7|FOXC2|NOG|WNT2|ZFPM2|GNAI2|TBX2|ELN|PDE1A|DDIT3|XRCC6|CDKN1A|CDKN1B|BMPR1A|EFEMP2|IL12B|IL18|CTNNB1|TCF7L2|SMAD1|PAXBP1|GSTP1|DIPK2A|PIK3R1|MEGF10|JAK2|EREG|GATA6|STAT3|TGFB1|NOTCH1|NPY5R|VGLL4|FGF2|NAA35|FGFR1|OGN|RGS5|TLR4|CCN4|GLI1|YAP1|LDLRAP1|PRKG1|MAPK11|ADIPOQ|MAPK14|AIF1|MYB|AKIRIN1|RBM10|APOD|IL10|NOX1|IL6|HPGD|TAFA5|KCNK2|RBP4|KLF4|KPNA1|RUNX1|SERPINF2|ACE2|FGF20|STAT1,https://www.gsea-msigdb.org/gsea/msigdb/human/geneset/GOBP_MUSCLE_CELL_PROLIFERATION,207,ENR,GOBP_MUSCLE_CELL_PROLIFERATION,1,1E-3,GOBP_MUSCLE_CELL_PROLIFERATION,FALSE,GOBP_MUSCLE_CELL_PROLIFERATION
31,3,3,3,0.999,,1E-3,,DAAM2|SFRP5|DACT1|ABL1|RNF213|LBX2|MKS1|WNT5B|CSNK1E|IFT80|SPEF1|ANKRD6|WNT5A|MLLT3|DKK1|NPHP3|SFRP4|RSPO3|TIAM1|ZNRF3|SFRP1|CSNK1D|DAB2|PLEKHA4|GPC3|NKD1,https://www.gsea-msigdb.org/gsea/msigdb/human/geneset/GOBP_REGULATION_OF_NON_CANONICAL_WNT_SIGNALING_PATHWAY,26,ENR,GOBP_REGULATION_OF_NON_CANONICAL_WNT_SIGNALING_PATHWAY,1,1E-3,GOBP_REGULATION_OF_NON_CANONICAL_WNT_SIGNALING_PATHWAY,FALSE,GOBP_REGULATION_OF_NON_CANONICAL_WNT_SIGNALING_PATHWAY
16,3,3,3,0.999,,1E-3,,KHDRBS1|CASC3|SEM1|UPF1|C12ORF50|CHTOP|DDX19A|DDX19B|MAGOH|DDX25|MAGOHB|FYTTD1|RAE1|GLE1|NUP160|RAN|NXF1|NXF3|TPR|NXT1|YTHDC1|NXT2|POLDIP3|NUP88|NCBP1|NCBP2|NPAP1|SARNP|NUP107|NUP133|NUP188|XPO5|NUP214|XPOT|ZC3H11A|NRDE2|ZC3H11B|ZC3H11C|NUP98|POM121|POM121C|SMG1|SMG7|POM121L2|ALKBH5|DDX39A|DDX39B|NUP85|SMG5|SMG6|DHX9|PHAX|CPSF6|EIF4A3|ENY2|NUP153|RBM33|NUP62|SETD2|XPO1|HHEX|EIF4E|FMR1|SRSF3|AGFG1|PCID2|NCBP3|NSUN2|PABPN1|HNRNPA1|HNRNPA2B1|RBM15B|MCM3AP|UPF2|NOL6|THOC1|THOC2|THOC3|WNK1|THOC5|THOC6|THOC7|AKAP8L|ALYREF|SSB|RBM8A|IWS1|NUP155|NUP93,https://www.gsea-msigdb.org/gsea/msigdb/human/geneset/GOBP_RNA_EXPORT_FROM_NUCLEUS,89,ENR,GOBP_RNA_EXPORT_FROM_NUCLEUS,1,1E-3,GOBP_RNA_EXPORT_FROM_NUCLEUS,FALSE,GOBP_RNA_EXPORT_FROM_NUCLEUS
121,3,3,3,0.999,,1E-3,,CASQ2|TIFAB|AHR|PDE3A|CPS1|HMGCS2|SRD5A1|AKAP7|KDM1A|ZFP36L1|TRPM2|TRPM4|INHBB|P2RY6|PDXP|P2RX7|ATP5PO|HCN4|RAP1A|ENPP1|RAP1B|RAPGEF2|IGFBP5|CFTR|CRHBP|PKLR|PER1|CREB1|BIRC2|GATA1|INPP5K|SSH1|KCNJ11|P2RX6|RYR2|VGF|RYR1|RYR3|PANX1|DNTT|PIK3CG|COL1A1|CDO1|PKD2|SCX|NPR2|XRN1|TMEM38A|ADORA1|SELENON|RAPGEF3|DUOX1|AREG|TOP2B|P2RX2|HSP90B1|ITPR2|GSTM2|TOP1|DMTN|IL1B|ASS1|TAF1|KCNJ8|ADORA2A|NDUFS4|NT5E|ALAS1|ASPH|CITED1|ATF1|HCN1|HCN3|GUCD1|FOS|P2RX1|P2RY1|AKAP9|P2RY2|SLC5A5|RAPGEF1|TRPA1|WT1|TRPV1|WNT10B|KCNE1|STC1|EEF2K|SREBF1|DGKQ|CAD|DUOX2|SLC6A4|AQP1|PENK|HCN2|FOSB|DUSP1|P2RY11|REN|P2RX4|P2RY12|HDAC2|PDE4D|AQP8|TMEM38B|AQP9|MMP19|EZR|ABCC9|TLR7|TYR|FDX1|AANAT|KCNQ1|SLC26A3|CRTC3|AKAP6|CNGA3|ADIPOQ|SLC8A3|CARM1|APP|RELA|OXT|CIB2|PNPT1|SLC6A3|GNAL|BSG|THBD|ADA|FBP1|PDE2A|SLC26A6|P2RX3|P2RX5|P2RY4|ADSS2|PRKAA1|SOD1|CACNA1S|STAT1|SLC8A1|GPD1|TRPC3|CRTC1|CRTC2,https://www.gsea-msigdb.org/gsea/msigdb/human/geneset/GOBP_RESPONSE_TO_PURINE_CONTAINING_COMPOUND,148,ENR,GOBP_RESPONSE_TO_PURINE_CONTAINING_COMPOUND,1,1E-3,GOBP_RESPONSE_TO_PURINE_CONTAINING_COMPOUND,FALSE,GOBP_RESPONSE_TO_PURINE_CONTAINING_COMPOUND
107,3,3,3,0.999,,1E-3,,ANKRD17|TP63|LSM10|UBE2E2|KMT2E|AKT1|CCNE1|CCNE2|RRM1|CCND1|CDC6|EZH2|ADAMTS1|FAM83D|CCND2|CCND3|RGCC|RPTOR|CDK10|EIF4G1|PLRG1|DDRGK1|STOX1|TERT|CDC73|RDX|CRNN|MDM2|CPSF3|CUL4B|TFDP1|DDR2|PKP3|GLI1|KCNA5|ADAM17|LSM11|MBLAC1|MEPCE|AIF1|MTBP|SASS6|PAF1|ANXA1|NANOGP8|STIL|CUL4A|PAGR1|EGFR|RRM2|PLCB1|CYP1A1|DDX3X|FGF10|PLCG2|STXBP4|TBX2,https://www.gsea-msigdb.org/gsea/msigdb/human/geneset/GOBP_POSITIVE_REGULATION_OF_CELL_CYCLE_G1_S_PHASE_TRANSITION,57,ENR,GOBP_POSITIVE_REGULATION_OF_CELL_CYCLE_G1_S_PHASE_TRANSITION,1,1E-3,GOBP_POSITIVE_REGULATION_OF_CELL_CYCLE_G1_S_PHASE_TRANSITION,FALSE,GOBP_POSITIVE_REGULATION_OF_CELL_CYCLE_G1_S_PHASE_TRANSITION
,3,3,3,0.999,,1E-3,,CDK7|MYOD1|SNAPC5|LARP7|RPAP2|ICE2|USPL1|POLR3B|ICE1|SNAPC1|SNAPC2|SNAPC3|SNAPC4|ELL|ZC3H8|ELL2|ZNF143|ELL3|MEPCE|CC2D1A,https://www.gsea-msigdb.org/gsea/msigdb/human/geneset/GOBP_SNRNA_TRANSCRIPTION,20,ENR,GOBP_SNRNA_TRANSCRIPTION,1,1E-3,GOBP_SNRNA_TRANSCRIPTION,FALSE,GOBP_SNRNA_TRANSCRIPTION
92,3,3,3,0.999,,1E-3,,CNTNAP4|ADORA2A|TAC1|CA2|CA7|CLN3|EZH2|ALDH5A1|GABRE|BAIAP3|CNR2|CLCN3|NF1|NPAS4|KRAS|GABRA1|GABRA2|GABRA3|SLC38A1|GABRA4|NPY5R|GABRA5|GABRA6|GABRB2|HAP1|GABRB3|GABRD|GABRG1|GABRG2|GABRG3|KIF5B|PRKCE|DRD2|RAC1|CLSTN3|RAC3|SLITRK3|ADRA1A|ADORA1|NALCN|NLGN1|NLGN2|NRXN1|GABBR2|BEST1|GABBR1|KCNK2|TPBG|VPS54|PHF24|STXBP1|ZDHHC12|SYN3|PLCL1|TACR1|USP46|PLCL2|ZDHHC3,https://www.gsea-msigdb.org/gsea/msigdb/human/geneset/GOBP_SYNAPTIC_TRANSMISSION_GABAERGIC,58,ENR,GOBP_SYNAPTIC_TRANSMISSION_GABAERGIC,1,1E-3,GOBP_SYNAPTIC_TRANSMISSION_GABAERGIC,FALSE,GOBP_SYNAPTIC_TRANSMISSION_GABAERGIC
3,3,3,3,0.999,,1E-3,,DLL4|SMO|WNT11|NOTCH1|PITX2|CCN1|BMP10|MDM4|MYH6|ZFPM1|PROX1|TBX5|WNT5A|HEY2|TBX20|BMPR2|NPHP3|ENG|NSD2|ACVR1|NOG|WNT2|NOTCH2|ANK2|SOX4|DAND5|GJA5|SOS1|BMP2|ISL1|GATA4|NKX2-5|HEG1|SHOX2|MDM2|MESP1|TGFB2,https://www.gsea-msigdb.org/gsea/msigdb/human/geneset/GOBP_CARDIAC_ATRIUM_DEVELOPMENT,37,ENR,GOBP_CARDIAC_ATRIUM_DEVELOPMENT,1,1E-3,GOBP_CARDIAC_ATRIUM_DEVELOPMENT,FALSE,GOBP_CARDIAC_ATRIUM_DEVELOPMENT
10,3,3,3,0.999,,1E-3,,SKI|SUGT1|ANGPT1|JARID2|SIX1|FGF9|BMP10|FGFR2|CFLAR|FOS|RXRB|ANHX|SIX5|ERBB4|TBX5|CCNB1|CDK1|DSN1|MEF2C|MYOG|BMPR1A|PPARD|FES|NRG1|HGF|MSTN|RBPJ|SMAD1|PAXBP1|DIPK2A|PRKAR1A|TGFBR3|MEGF10|JAK2|NKX2-5|GATA6|KRAS|STAT3|FOXC1|MYH10|NOTCH1|VGLL4|ABL1|FGF2|FGFR1|NDC80|PIM1|GLI1|NDRG4|YAP1|ARID2|TP73|MAPK11|MAPK14|HEY2|TBX20|MYB|AKIRIN1|SHH|EPHB1|SELENON|TENM4|TGFBR1|FOXC2|NOG|WNT2|SAV1|ZFPM2|KCNK2|RBP4|CAV2|KPNA1|RUNX1|FGF20|TBX2|TGFB2,https://www.gsea-msigdb.org/gsea/msigdb/human/geneset/GOBP_STRIATED_MUSCLE_CELL_PROLIFERATION,76,ENR,GOBP_STRIATED_MUSCLE_CELL_PROLIFERATION,1,1E-3,GOBP_STRIATED_MUSCLE_CELL_PROLIFERATION,FALSE,GOBP_STRIATED_MUSCLE_CELL_PROLIFERATION
10,3,3,3,0.999,,1E-3,,BMP4|ITGA2|CCL5|CCN3|GNA12|FGF9|DOCK7|ITGB3|PLXNA1|DOCK5|CORO1B|PDGFRB|DDIT3|IGFBP5|PDGFA|PDGFB|MEF2C|MDK|ADAMTS1|BMPR1A|GRB10|PPARD|TRIB1|CRK|AAMP|IGF1|PAK1|S100A11|NFE2L2|GSTP1|SSH1|NF1|TERT|MYOCD|PDGFD|MDM2|LRP1|SEMA6D|DDR2|XBP1|NRP1|TLR4|CCN4|FAT1|FOXO4|NDRG4|PLAT|PLAU|IGFBP3|PTPN1|PRKG1|SORL1|ADIPOQ|DDR1|AIF1|ACE|DOCK4|BCL2|NR4A3|MAP3K7|LPAR1|PARVA|SERPINE1|POSTN|SLIT2|VTN|TPM1|ABHD2|HAS2|TACR1,https://www.gsea-msigdb.org/gsea/msigdb/human/geneset/GOBP_SMOOTH_MUSCLE_CELL_MIGRATION,70,ENR,GOBP_SMOOTH_MUSCLE_CELL_MIGRATION,1,1E-3,GOBP_SMOOTH_MUSCLE_CELL_MIGRATION,FALSE,GOBP_SMOOTH_MUSCLE_CELL_MIGRATION
69,3,3,3,0.999,,1E-3,,TAF9B|RPS3|CCAR2|ATAD5|ACKR3|TPT1|KDM1A|RPL26|SIRT1|SNAI2|CD74|ELL3|TP73|TRIAP1|BID|BCL2|MUC1|BCL2L1|MTCH2|MIF|DDIAS|TAF9|HNRNPK|MARCHF7|TMEM161A|PIAS4|CD44|CXCL12|NACC2|RAD9A|SFRP2|SKIL|TRIM32|SNAI1|CLU|FBH1|BCL2L12|CDKN2D|USP47|ZNF385A|ING2,https://www.gsea-msigdb.org/gsea/msigdb/human/geneset/GOBP_REGULATION_OF_INTRINSIC_APOPTOTIC_SIGNALING_PATHWAY_IN_RESPONSE_TO_DNA_DAMAGE,41,ENR,GOBP_REGULATION_OF_INTRINSIC_APOPTOTIC_SIGNALING_PATHWAY_IN_RESPONSE_TO_DNA_DAMAGE,1,1E-3,GOBP_REGULATION_OF_INTRINSIC_APOPTOTIC_SIGNALING_PATHWAY_IN_RESPONSE_TO_DNA_DAMAGE,FALSE,GOBP_REGULATION_OF_INTRINSIC_APOPTOTIC_SIGNALING_PATHWAY_IN_RESPONSE_TO_DNA_DAMAGE
3,3,3,3,0.999,,1E-3,,BMP4|HAND2|PITX2|JAG1|HES1|TWIST1|BMP7|EDN1|EDNRA|FOLR1|MAPK1|MAPK3|SEMA3C|CDC42|CITED2|ENG,https://www.gsea-msigdb.org/gsea/msigdb/human/geneset/GOBP_CARDIAC_NEURAL_CREST_CELL_DIFFERENTIATION_INVOLVED_IN_HEART_DEVELOPMENT,16,ENR,GOBP_CARDIAC_NEURAL_CREST_CELL_DIFFERENTIATION_INVOLVED_IN_HEART_DEVELOPMENT,1,1E-3,GOBP_CARDIAC_NEURAL_CREST_CELL_DIFFERENTIATION_INVOLVED_IN_HEART_DEVELOPMENT,FALSE,GOBP_CARDIAC_NEURAL_CREST_CELL_DIFFERENTIATION_INVOLVED_IN_HEART_DEVELOPMENT
91,3,3,3,0.999,,1E-3,,CFAP20|STAT3|MC4R|GNB3|SLC24A4|SGIP1|GHRL|GHSR|INSL5|RXFP4|NAPEPLD|MC1R|RETN|EIF2AK4|NMU|NPSR1|NR4A3|OPRK1|TTC21B|QRFP|GPR171|TACR3|NPY|INS|UCN|NPY2R|LEPR|AGRP,https://www.gsea-msigdb.org/gsea/msigdb/human/geneset/GOBP_REGULATION_OF_FEEDING_BEHAVIOR,28,ENR,GOBP_REGULATION_OF_FEEDING_BEHAVIOR,1,1E-3,GOBP_REGULATION_OF_FEEDING_BEHAVIOR,FALSE,GOBP_REGULATION_OF_FEEDING_BEHAVIOR
73,3,3,3,0.999,,1E-3,,PIAS2|PKN1|SHQ1|TAF1|USP26|KDM5D|KDM1A|NCOR2|NCOR1|SIRT1|TCF21|PARK7|RNF6|SMARCA4|TRIM68|RNF14|ZBTB7A|NODAL|HDAC1|HDAC6|IGF1|PRMT2|TCF7L2|EP300|SFRP1|DAB2|FOXH1|KDM4C|SAFB|DDX5|SAFB2|PHB1|FOXP1|HEYL,https://www.gsea-msigdb.org/gsea/msigdb/human/geneset/GOBP_REGULATION_OF_ANDROGEN_RECEPTOR_SIGNALING_PATHWAY,34,ENR,GOBP_REGULATION_OF_ANDROGEN_RECEPTOR_SIGNALING_PATHWAY,1,1E-3,GOBP_REGULATION_OF_ANDROGEN_RECEPTOR_SIGNALING_PATHWAY,FALSE,GOBP_REGULATION_OF_ANDROGEN_RECEPTOR_SIGNALING_PATHWAY
61,3,3,3,0.999,,1E-3,,BICD1|NAT10|WNT3A|ARL2|CCR6|CFAP206|CFAP298|CFAP45|HSPA1B|CLXN|CYB5D1|ATF5|DRC1|BBS4|IQCF1|IRGC|C10ORF90|MEMO1|ODAD2|RSPH4A|CCDC15|MAP1B|NEFH|PAFAH1B1|CDK5RAP2|PGAM4|CEP120|CEP131|CEP295|CEP295NL|GSK3A|PKD1|PPP2CA|ATAT1|DEFB1|GSK3B|PRKAA2|CEP76|CHORDC1|CKAP5|TRIM58|KLHL42|EPPIN|HAUS1|HAUS2|HAUS3|HAUS4|HAUS5|HAUS6|HAUS7|HAUS8|MAP1A|MAP9|MCPH1|MDM1|NUBP1|CYLD|NUP62|STMND1|PDE4DIP|PKHD1|PLK2|PLK4|POC1A|AURKA|PPP1R35|TACR2|SASS6|SPICE1|STIL|TRIM37|WDR62|GNAI1|CDK5R1|CHMP4A|CHMP4B|TAC4|CIB1|RNASE10|RNF4|SENP6|SEMG1|SEMG2|ERBB2|MARK2|BBOF1|BBS1|BMERB1|BBS2|CAMSAP2|TAC1|BICD2|CCDC39|KIF9|CCDC88C|EFNA5|CKAP2|FEZ1|RHOA|ALMS1|FGF13|MARK4|GAS2L1|GAS2L2|HDGFL3|HDAC6|SNCA|KIF21A|PAK1|CLTC|TRPV4|MID1|MID1IP1|CFAP43|MAPT|ABL1|XPO1|CATSPER1|RAC1|SPECC1L|SPEF1|FNTA|RIPOR2|ROCK1|BRCA1|STMN2|STMN3|STMN4|TEX101|TRIM54|KATNB1|MET|TTBK2|LAMP1|WDR47|BORA|MACF1|MAPK15|PRDM14|TACC3|ATXN7|TACR1|CAMSAP1|CLIP1|CFAP20|CLIP3|FKBP4|CAV3|OCLN|PRUNE1|SLC39A12|ANKRD53|PPP2CB|TBCD|TOGARAM1|TPPP2|CCNL1|CCNL2|TUBB4A|EPHA3|IGBP1|CDK11A|CDK11B|CCSAP|FSD1|NAV3|RAE1|TTLL6|CENATAC|TRIM36|CEP97|DIAPH1|CFAP69|DRG1|DYNC1H1|EML3|FES|CHMP1A|PARP3|CHMP1B|RAB6C|CHMP2A|CHMP2B|CHMP3|GPSM2|BORCS5|CHMP4C|CHMP5|CHMP6|KIF18A|PLK1|CHMP7|CDK2AP2|DIAPH3|CLASP1|CLASP2|DCTN1|MAP10|MAP1S|MAPRE1|MAPRE2|MAPRE3|DYRK1A|ADAM7|RPS3|FAM107A|HAP1|GEN1|SIRT1|MAP2|PSRC1|MKKS|SPAST|RCC1|SKA2|SPAG5|FNTB|HNRNPU|PDCD6IP|HSPA1A|STK11|TPX2|TMEM67|TAOK1|KAT2A|KAT2B|TRIM46|POC1B|CCDC40|AURKB|DNAAF1|RUFY4|CDH5|AKAP9|CAMSAP3|ARHGEF7|EML2|NUMA1|SKA1|SKA3|SLAIN1|SLAIN2|XRCC3|TPPP|TPR|DYNLT2B|ARHGEF2|CDKN1B|NPM1|APC|APC2|NME7|CCNF|STMN1|CEP70|PHLDB2|DIXDC1|MAP6|PHLDB1|VPS4B|RUFY3|TTC21B|DNAH11|GBA2|INPP5J|RBM14|TAC3|TACR3|TRAF3IP1|ROCK2|PRKAA1|GIT1|MECP2|FBXW5,https://www.gsea-msigdb.org/gsea/msigdb/human/geneset/GOBP_REGULATION_OF_MICROTUBULE_BASED_PROCESS,274,ENR,GOBP_REGULATION_OF_MICROTUBULE_BASED_PROCESS,1,1E-3,GOBP_REGULATION_OF_MICROTUBULE_BASED_PROCESS,FALSE,GOBP_REGULATION_OF_MICROTUBULE_BASED_PROCESS
71,3,3,3,0.999,,1E-3,,COLEC10|COLEC11|COLEC12|TREM2|SPON2|C4BPA|PTX3|C4BPB|SFTPA1|ADGRB1|PEAR1|LBP|CLEC7A|FCN1|FCN2|FCN3|SCARB1|CFP|CRP|MBL2|C4B|PLA2G5|TUB|TULP1|MEGF10|CD36|FCGR1A|MYO18A|JMJD6,https://www.gsea-msigdb.org/gsea/msigdb/human/geneset/GOBP_PHAGOCYTOSIS_RECOGNITION,29,ENR,GOBP_PHAGOCYTOSIS_RECOGNITION,1,1E-3,GOBP_PHAGOCYTOSIS_RECOGNITION,FALSE,GOBP_PHAGOCYTOSIS_RECOGNITION
3,3,3,3,0.999,,1E-3,,BMP4|WNT11|PITX2|SNX17|RARB|HECTD1|MKS1|MAML1|TBX5|WNT5A|NSD2|ACVR1|ANK2|RBPJ|DAND5|TGFBR3|NKX2-5|FZD2|SALL1|HEY1|HEYL|MDM2|SMO|MYH10|SUFU|APLNR|ADAMTS19|FGFRL1|SMAD7|ID2|MDM4|HAND1|PROX1|NPRL3|HEY2|TBX20|BMPR2|SOX11|SALL4|PRDM1|GATA3|NOG|TP53|NOTCH2|SAV1|XIRP2|ZFPM2|SOX4|TBX3|GJA5|TBX2|KCNJ8|LMO4|TRIP11|JAG1|CCN1|FGFR2|STRA6|EGLN1|MATR3|BMPR1A|NDST1|NRP2|FZD1|PLXND1|LUZP1|HES1|TGFBR2|ISL1|PTK7|SEMA3C|LRP2|ZBTB14|SMAD4|SMAD6|GATA4|AP2B1|HEG1|CITED2|GATA6|RARA|SLIT3|NOTCH1|NRP1|MSX2|CHD7|PAX8|TBX1|ZFPM1|ROBO1|ROBO2|NPHP3|ENG|CRELD1|DNAH11|TGFBR1|RBM15|PARVA|ADAMTS6|BMP5|CNTRL|DCTN5|NOS3|VANGL2|BMP7|SLIT2|PDE2A|FGF8|FRS2|HOXA13|TAB1|DHRS3|TGFB2,https://www.gsea-msigdb.org/gsea/msigdb/human/geneset/GOBP_CARDIAC_SEPTUM_DEVELOPMENT,113,ENR,GOBP_CARDIAC_SEPTUM_DEVELOPMENT,1,1E-3,GOBP_CARDIAC_SEPTUM_DEVELOPMENT,FALSE,GOBP_CARDIAC_SEPTUM_DEVELOPMENT
87,3,3,3,0.999,,1E-3,,PIK3CB|ANGPT1|ADGRA2|DCN|DLL1|HRG|DAB2IP|ITGB1|ITGB3|VEGFA|EMILIN1|PROX1|CD63|ROBO1|ADAMTS3|PTP4A3|JCAD|IL12B|ATP2B4|CCBE1|SPRY2|NR2F2|ITGA5|GREM1|VTN|TNXB|TSPAN32|IL12A|ADGRG1|SMOC2|ADAMTS12|CADM4|SEMA6A,https://www.gsea-msigdb.org/gsea/msigdb/human/geneset/GOBP_REGULATION_OF_CELLULAR_RESPONSE_TO_VASCULAR_ENDOTHELIAL_GROWTH_FACTOR_STIMULUS,33,ENR,GOBP_REGULATION_OF_CELLULAR_RESPONSE_TO_VASCULAR_ENDOTHELIAL_GROWTH_FACTOR_STIMULUS,1,1E-3,GOBP_REGULATION_OF_CELLULAR_RESPONSE_TO_VASCULAR_ENDOTHELIAL_GROWTH_FACTOR_STIMULUS,FALSE,GOBP_REGULATION_OF_CELLULAR_RESPONSE_TO_VASCULAR_ENDOTHELIAL_GROWTH_FACTOR_STIMULUS
16,3,3,3,0.999,,1E-3,,KHDRBS1|CDH1|EFCAB7|ANP32B|GLI3|HCLS1|PRKCD|PPM1A|PRKD1|RAN|JUP|BAG3|TPR|CDK1|SFN|ECT2|NCBP2|MAVS|GSK3B|FLNA|PSEN1|ZPR1|NRDE2|HDAC3|SMAD3|SIRT6|PIK3R1|YWHAE|JAK2|LEP|DHX9|EMD|MDM2|UBR5|SMO|HYAL2|TGFB1|CPSF6|XBP1|PRP4K|CAMK1|CTDSPL2|ZIC1|ZC3H12A|IFNG|PIK3R2|MAPK14|SHH|HSP90AA1|XPO4|GAS6|RAPGEF3|NEDD4|PRKACA|RBM22|DMAP1|TARDBP|EP300|TRIM28|CHP2|RIOK2|IPO5|IL1B,https://www.gsea-msigdb.org/gsea/msigdb/human/geneset/GOBP_POSITIVE_REGULATION_OF_NUCLEOCYTOPLASMIC_TRANSPORT,63,ENR,GOBP_POSITIVE_REGULATION_OF_NUCLEOCYTOPLASMIC_TRANSPORT,1,1E-3,GOBP_POSITIVE_REGULATION_OF_NUCLEOCYTOPLASMIC_TRANSPORT,FALSE,GOBP_POSITIVE_REGULATION_OF_NUCLEOCYTOPLASMIC_TRANSPORT
39,3,3,3,0.999,,1E-3,,INSL3|HIF1A|OCLN|VIL1|ACTA1|ACTC1|KRT16|KRT2|DOCK5|RAB11A|CD63|WNT5A|MCC|PPARD|ANLN|FOXF1|PTPRR|PTPN11|IRS2|SRC|CLASP1|CLASP2|MTOR|CAPN7|MAPRE2|PKN1|DAB2IP|GDF6|FAT2|DUSP10|KANK2|PKN2|PROX1|BMPR2|KANK1|PFN1|PFN2|ACTG2|CORO1C|PKN3|TACSTD2|ADIPOR1|RAB25|CTSH|PLCG1|HAS2|PLCG2|ADAM9|DAAM2|TESK1|EVL|ITGA2|ITGA3|TAC1|KIT|KITLG|PTEN|FGF7|PTPRG|ACTA2|EPPK1|DOCK1|LTB4R2|ARSB|ARF6|EPB41L4B|HDAC6|IQSEC1|CORO1A|SASH1|ENPP2|PPM1F|TGFBR2|ARHGAP5|MAP4K4|FERMT1|NANOS1|SNAI1|SMAD4|RREB1|MACIR|ZEB2|GRHL2|MARVELD3|EPB41L5|PTK2|WDPCP|PRKCE|IFNG|MMP9|SNAI2|IL4|ROCK1|RTN4|HBEGF|APELA|PTPN23|MACF1|JUN|FGF10|FGF8|SOX9|TACR1|GLIPR2|LRG1|TGFB2,https://www.gsea-msigdb.org/gsea/msigdb/human/geneset/GOBP_TISSUE_MIGRATION,106,ENR,GOBP_TISSUE_MIGRATION,1,1E-3,GOBP_TISSUE_MIGRATION,FALSE,GOBP_TISSUE_MIGRATION
18,3,3,3,0.999,,1E-3,,LIMD1|CEBPA|PTHLH|HOXA2|MSX2|SMAD3|GLI2|BGLAP|CLEC5A|TNN|SATB2|RUNX2|MEN1|PTH1R|JUND|ACHE|LRP5|SHH,https://www.gsea-msigdb.org/gsea/msigdb/human/geneset/GOBP_OSTEOBLAST_DEVELOPMENT,18,ENR,GOBP_OSTEOBLAST_DEVELOPMENT,1,1E-3,GOBP_OSTEOBLAST_DEVELOPMENT,FALSE,GOBP_OSTEOBLAST_DEVELOPMENT
1,3,3,3,0.999,,1E-3,,CALB1|SDK2|PTF1A|TFAP2B|SLC1A1|CRB1|DSCAM|AHI1|FOXN4|LARGE1|RDH13|HIPK1|LHX1|HIPK2|TFAP2A|MEGF11|PROM1|ARL6|SDK1|NDP|TSPAN12|PTPRM|FAT3|FJX1|RS1|ATP8A2,https://www.gsea-msigdb.org/gsea/msigdb/human/geneset/GOBP_RETINA_LAYER_FORMATION,26,ENR,GOBP_RETINA_LAYER_FORMATION,1,1E-3,GOBP_RETINA_LAYER_FORMATION,FALSE,GOBP_RETINA_LAYER_FORMATION
18,3,3,3,0.999,,1E-3,,ATP2B1|BMP4|ACTN3|VDR|ADRB2|ADCY10|CCN3|CCN1|RXRA|TAC1|PKDCC|RXRB|P2RX7|WNT10B|WNT5A|LTF|TFAP2A|FZD9|MEF2C|ACVR1|BMPR1A|OSR2|ADGRV1|BMP6|GPM6B|PTPN11|SMAD3|ATRAID|FBN2|ISG15|KL|NELL1|SETD2|ZBTB16|OSR1|PTN|ACVR2A|PTH|BMPR2|SOX11|TENT5A|SLC20A2|ALOX5|ACVR2B|ANO6|OXT|TMEM119|NIPBL|BMP7|TOB2|BMP2|BMPR1B|WNT4|SLC8A1|TACR1|FAM20C,https://www.gsea-msigdb.org/gsea/msigdb/human/geneset/GOBP_POSITIVE_REGULATION_OF_OSSIFICATION,56,ENR,GOBP_POSITIVE_REGULATION_OF_OSSIFICATION,1,1E-3,GOBP_POSITIVE_REGULATION_OF_OSSIFICATION,FALSE,GOBP_POSITIVE_REGULATION_OF_OSSIFICATION
90,3,3,3,0.999,,1E-3,,SMO|BMP4|MYC|WNT11|FGFR1|SIX1|FGF9|PHF14|FGFR2|ZEB1|TBX1|MYCN|WNT5A|CHRD|PRRX1|SHH|PDGFA|CTNNBIP1|NFIB|BMPR1A|FOXF1|WNT2|CTNNB1|TGFBR2|ARHGAP5|IRS2|ISL1|FOXP2|IHH|KDR|STAT1|SOX9|LMNA|SHOX2|LRP5,https://www.gsea-msigdb.org/gsea/msigdb/human/geneset/GOBP_REGULATION_OF_MESENCHYMAL_CELL_PROLIFERATION,35,ENR,GOBP_REGULATION_OF_MESENCHYMAL_CELL_PROLIFERATION,1,1E-3,GOBP_REGULATION_OF_MESENCHYMAL_CELL_PROLIFERATION,FALSE,GOBP_REGULATION_OF_MESENCHYMAL_CELL_PROLIFERATION
41,3,3,3,0.999,,1E-3,,FYN|MCL1|IL1A|COL2A1|GFRAL|SGK3|AKT1|IL7|HSPA1B|PRDX2|MAP2K5|SNAI2|EYA2|UNC5B|BCL2|BCL2L1|STRADB|NRG1|GDNF|GATA1|CX3CL1|KLF4|TNF|CSF2|CTNNA1|RIPK1|HSPA1A|EYA1|IFI6|EYA3|EYA4|TERT|FGF10|IL1B|MAPK7|C8ORF44-SGK3|PF4,https://www.gsea-msigdb.org/gsea/msigdb/human/geneset/GOBP_NEGATIVE_REGULATION_OF_SIGNAL_TRANSDUCTION_IN_ABSENCE_OF_LIGAND,37,ENR,GOBP_NEGATIVE_REGULATION_OF_SIGNAL_TRANSDUCTION_IN_ABSENCE_OF_LIGAND,1,1E-3,GOBP_NEGATIVE_REGULATION_OF_SIGNAL_TRANSDUCTION_IN_ABSENCE_OF_LIGAND,FALSE,GOBP_NEGATIVE_REGULATION_OF_SIGNAL_TRANSDUCTION_IN_ABSENCE_OF_LIGAND
7,3,3,3,0.999,,1E-3,,CDH1|WNT3A|MAP3K13|ADCY10|LHX2|FN1|NGF|NDN|SHTN1|MAP1B|WNT5A|PAFAH1B1|C9ORF72|NTN1|CDH4|GSK3B|LIMK1|CXCL12|CTTN|CLASP2|ALCAM|MT3|SRF|SEMA7A|MAG|EDN2|EDN3|CDKL3|VEGFA|IFRD1|MAP2|BMPR2|SLC9A6|CDK5|TRPV2|TTL|CYFIP1|OLFM1|GDI1|TRIM46|ITGB1|SMURF1|EDN1|EDNRA|DSCAM|RNF6|POU4F3|SSNA1|CDKL5|DISC1|NKX6-1|L1CAM|SPG11|BCL11A|MEGF8|DIP2B|NRP2|HDAC6|NTRK3|ANAPC2|PAK1|PLXNA4|ARHGAP4|TNFRSF12A|LAMB2|DCLK1|SEMA3A|KIAA0319|SEMA3G|VCL|DNM2|SEMA4F|AUTS2|SEMA5B|PPP3CB|SEMA6C|MAPT|SEMA6D|NLGN3|SLIT3|ULK1|ABL1|ULK2|USP9X|NRP1|ADNP|PLXNA3|RAB21|GOLGA4|PTPRS|RUFY3|DRAXIN|RAPH1|RTN4|RTN4R|RYK|DVL1|SEMA3F|SEMA5A|ISLR2|SLIT1|ZFYVE27|NRCAM|TWF2|TNR|SLIT2|SIN3A|WNT3|MACF1|APOE|TRPC5,https://www.gsea-msigdb.org/gsea/msigdb/human/geneset/GOBP_AXON_EXTENSION,111,ENR,GOBP_AXON_EXTENSION,1,1E-3,GOBP_AXON_EXTENSION,FALSE,GOBP_AXON_EXTENSION
23,3,3,3,0.999,,1E-3,,RPS6|CRY2|HMGCS2|SRD5A1|AKT1|AKT2|CSRP3|OGT|NUCKS1|NR1H4|KBTBD2|SGCB|ENPP1|EPM2AIP1|OSBPL8|G6PC1|RHOQ|GRB7|PCSK9|CAT|GCK|APPL1|PKLR|PRKCQ|APPL2|PKM|COL6A1|GRB10|GSK3A|GHR|GSK3B|IGF1|IGF2|INPP5K|INS|INSR|IRS1|IRS2|KHK|ZBED3|LEP|CEACAM1|MTOR|AGRP|GALP|VGF|BCAR3|PIK3C2A|IDE|PIK3R3|PID1|COL1A1|NAMPT|PIP4K2A|PIP4K2B|PIP4K2C|NPPA|SRSF4|SRSF5|RETN|SLC2A1|SRSF6|PRLH|PLA2G1B|FER|PDK2|PDK4|KANK1|SELENOS|SORBS1|FUT7|SP1|GCNT1|C2CD5|GRB2|CAV2|ADIPOR1|RB1|AP3S1|DNAI1|GKAP1|GOT1|GPR21|GRB14|IL1B|IRS4|NCOA5|SIK2|ACVR1C|VWA2|ALPL|SHC1|UPRT|ZNF106|ZNF592|KCNJ8|CITED1|CAPN10|FOS|PNPLA3|BLVRB|HRAS|PRKCD|HDAC5|SOCS7|SP7|EEF2K|LYN|MYO1C|GCLC|TRIB3|SLC25A33|IGF1R|MSTN|KLF15|PAK1|TRIM72|TRPV4|EPRS1|CUL3|LONP1|CPEB1|PRKCB|PDPK1|XBP1|DENND4C|BCAR1|PTPRJ|AANAT|PTPN1|PTPN2|RARRES2|SLC2A8|RELA|INSIG1|SLC39A14|MEAK7|PIK3CA|GAB1|IGFBP1|TRARG1|SOS1|CUL7|PRKCZ|MYO5A|STXBP4|ATP2B1|PHIP|ZDHHC7|MC4R|CD2AP|PPARG|TNFRSF11A|ERRFI1|ZFP36L1|CFLAR|HDAC9|INHBB|PRKCI|GPR82|INSIG2|RAB10|SOCS1|LPIN2|RAB13|LPIN3|SESN2|RAB31|PCK1|PCK2|GAL|FFAR3|PTPRE|EGR1|FOXO1|RAB8A|PTPN11|SERPINA12|SLC27A1|CTSD|TNS2|PRKDC|OTOP1|SCAP|CRY1|MZB1|SOS2|MTCL2|NCK1|FOXO4|CELA2A|SIRT1|ERFE|OTC|PIK3R2|SORL1|SMARCC1|SORT1|YWHAG|ZBTB7B|SLC9A1|NDEL1|FOXC2|ECHDC3|UCP2|SLC2A4|UCP3|GHRHR|BAIAP2|STXBP3|RAF1|HSD11B2|RBX1|KAT2B|HADH|PLN|ALAS1|USO1|NCOA1|VAMP2|C1QTNF12|SESN3|VPS13C|SLC27A4|SNX5|WDTC1|ABCC8|SREBF1|NCL|CAD|INSRR|APC|GSTP1|PIK3R1|RPS6KB1|TBC1D4|FABP3|TSC1|TSC2|PARP1|PPARA|AHSG|EIF4EBP2|GHSR|MAPKAP1|GPLD1|BGLAP|HADHA|KCNQ1|RPS6KB2|ADIPOQ|MAPK14|SYAP1|OPRK1|IL10|INPPL1|SOCS3|CPEB2|EIF6|RBP4|FBP1|RBM4|USF1|MAPK1|MAPK3|SH2B2|NCOA2|LPIN1|PRKAA1|STAT1|PDE3B|FBXW8,https://www.gsea-msigdb.org/gsea/msigdb/human/geneset/GOBP_RESPONSE_TO_INSULIN,272,ENR,GOBP_RESPONSE_TO_INSULIN,1,1E-3,GOBP_RESPONSE_TO_INSULIN,FALSE,GOBP_RESPONSE_TO_INSULIN
54,3,3,3,0.999,,1E-3,,ARK2C|ERBB2|CHN1|LMO4|NRP1|PLXNA3|KIF5C|RAC1|RAC3|LHX1|EPHA4|SEMA3F|MYCBP2|EGR2|NOG|SLIT1|NRP2|HOXA2|CDK5|PLXNA4|SLIT2|SEMA3A|ALCAM|LHX3|FGF8|LHX4,https://www.gsea-msigdb.org/gsea/msigdb/human/geneset/GOBP_MOTOR_NEURON_AXON_GUIDANCE,26,ENR,GOBP_MOTOR_NEURON_AXON_GUIDANCE,1,1E-3,GOBP_MOTOR_NEURON_AXON_GUIDANCE,FALSE,GOBP_MOTOR_NEURON_AXON_GUIDANCE
24,3,3,3,0.999,,1E-3,,SLC30A1|CFL1|CPEB3|NEURL1|CAMK2B|LRP8|GPRASP3|PAFAH1B1|DISC1|EEF2K|MEF2C|DBN1|ARF6|PSEN1|GRIN3A|PTPRD|DLG5|CAPRIN2|HDAC2|DTNBP1|EPHB2|CUX2|EFNA1|ITSN1|NGEF|CAMK1|KIF1A|DHX36|RAC1|FMR1|RELN|FSTL4|PTPRS|LLPH|STAU2|ARMCX5-GPRASP2|C21ORF91|NLGN1|NLGN2|FOXO6|IL2|MAPK6|SDK1|PPFIA2|LPAR1|SHANK1|ITPKA|SHANK3|SRGAP2C|IL1RAPL1|ZMYND8|BAIAP2|MAPKAPK5|APOE|CAPRIN1|TANC2,https://www.gsea-msigdb.org/gsea/msigdb/human/geneset/GOBP_REGULATION_OF_DENDRITIC_SPINE_DEVELOPMENT,56,ENR,GOBP_REGULATION_OF_DENDRITIC_SPINE_DEVELOPMENT,1,1E-3,GOBP_REGULATION_OF_DENDRITIC_SPINE_DEVELOPMENT,FALSE,GOBP_REGULATION_OF_DENDRITIC_SPINE_DEVELOPMENT
,3,3,3,0.999,,1E-3,,TGFB1|FBXW7|CNOT9|HIP1|HAP1|NUP62|AGR2|RALA|PDE6G|MMP9|PDE6H|ADAM17|FAM83B|CCDC88A|RTN4|SHKBP1|DGKD|AFAP1L2|AGT|PTK6|GPER1|ADRA2A|SPRY2|RBPJ|CBL|HIP1R|FASLG|SOS1|NEU3|PLAUR|RALB,https://www.gsea-msigdb.org/gsea/msigdb/human/geneset/GOBP_POSITIVE_REGULATION_OF_ERBB_SIGNALING_PATHWAY,31,ENR,GOBP_POSITIVE_REGULATION_OF_ERBB_SIGNALING_PATHWAY,1,1E-3,GOBP_POSITIVE_REGULATION_OF_ERBB_SIGNALING_PATHWAY,FALSE,GOBP_POSITIVE_REGULATION_OF_ERBB_SIGNALING_PATHWAY
13,3,3,3,0.999,,1E-3,,AVP|AVPR1A|ITGA2|CHRNB4|GHRL|GHSR|TNR|FGF12|FMR1|GBA1|GLRA1|TRPA1|MTNR1B|TYMP|HCRT,https://www.gsea-msigdb.org/gsea/msigdb/human/geneset/GOBP_REGULATION_OF_TRANSMISSION_OF_NERVE_IMPULSE,15,ENR,GOBP_REGULATION_OF_TRANSMISSION_OF_NERVE_IMPULSE,1,1E-3,GOBP_REGULATION_OF_TRANSMISSION_OF_NERVE_IMPULSE,FALSE,GOBP_REGULATION_OF_TRANSMISSION_OF_NERVE_IMPULSE
30,3,3,3,0.999,,1E-3,,TJP2|ZDHHC7|CNIH3|NRXN2|DLG1|LSR|DSP|DAG1|OGT|RAP1A|RAB11A|WNT5A|LRRTM1|FLNA|GPSM2|RAB8A|LHFPL4|BSN|KIF2C|ABHD17B|ACTG1|DLG5|CTNND1|MAP1A|MAPK9|DLG2|DSG3|NECTIN1|GABARAP|KIF3A|KIF5A|KIF5B|KIF5C|MAPK8IP3|JAK1|SLITRK3|F11R|ARHGEF18|CGNL1|ASIC2|NLGN1|ARHGAP44|NLGN2|NRXN1|VPS35|PCLO|SHANK1|CACNG2|DLG4|STAU1|CDK5|BAIAP2|CLSTN1|CPLX1|ILDR1|CACNG7|ERBB2|OLFM1|RAB27B|MPP7|NPHS1|VAMP4|GRIP1|GRIP2|GRIPAP1|CDH5|JAM3|HRAS|ERBB4|DSG2|SACM1L|LRRC7|TJP1|TJP3|NETO1|TMEM108|ABCB1|NECTIN3|NSG1|MPP4|MAP2K1|TRAF6|GPC4|GPC6|GRIN2A|GRIN2C|NETO2|RAPSN|VCL|HEG1|PECAM1|VWC2|HSPB1|PAK2|MAPT|SCRIB|ACTB|LAMTOR2|WNT7A|GHSR|LAMTOR3|MARVELD3|CACNA2D2|VPS26B|RELN|CLSTN3|HEPACAM|ADAM10|STAU2|EPB41L3|CACNG3|IQSEC2|C1QL2|DVL1|C1QL3|STX3|GPHN|LGI1|NPTX1|ZDHHC12|ZDHHC15|FERMT2|DLG3|ZDHHC2|GIT1,https://www.gsea-msigdb.org/gsea/msigdb/human/geneset/GOBP_PROTEIN_LOCALIZATION_TO_CELL_JUNCTION,125,ENR,GOBP_PROTEIN_LOCALIZATION_TO_CELL_JUNCTION,1,1E-3,GOBP_PROTEIN_LOCALIZATION_TO_CELL_JUNCTION,FALSE,GOBP_PROTEIN_LOCALIZATION_TO_CELL_JUNCTION
,3,3,3,0.999,,1E-3,,COL12A1|COL11A1|COL2A1|COL5A2|PLOD2|PLOD3|ATP7A|TLL2|PLOD1|LOXL1|PXDN|ANXA2|COL6A1|COL11A2|EFEMP2|OPTC|SERPINH1|EXT1|COL5A1|LOXL2|NF1|SFRP2|TNXB|ERO1A|CRTAP|FKBP10|MMP11|ADAMTS12|LOXL3|FOXC1|BMP1|DDR2|ADAMTS19|COL1A1|VIPAS39|COL5A3|AEBP1|P3H4|TLL1|CHADL|COL14A1|EMILIN1|COL3A1|SCX|VPS33B|COMP|CYP1B1|LUM|ADAMTS14|ADAMTS2|ADAMTS3|P3H1|SELENON|COL1A2|TGFBR1|FMOD|FOXC2|ANTXR2|LOX|COLGALT2|DPT|LOXL4|P4HA1|P4HA3|GREM1|ADAMTS7|COLGALT1|RB1|SERPINF2|TGFB2,https://www.gsea-msigdb.org/gsea/msigdb/human/geneset/GOBP_COLLAGEN_FIBRIL_ORGANIZATION,70,ENR,GOBP_COLLAGEN_FIBRIL_ORGANIZATION,1,1E-3,GOBP_COLLAGEN_FIBRIL_ORGANIZATION,FALSE,GOBP_COLLAGEN_FIBRIL_ORGANIZATION
122,3,3,3,0.999,,1E-3,,DRD5|ARRDC3|ADRB2|PLN|ATP2B4|ADRA2A|GNAS|ADRB3|GPR101|CRTC3|GNAI2|ADRA1A|ADCY9|ADRB1|RAPGEF2|ADRA1B|DRD1|ADRA1D|PDE4B|CHGA,https://www.gsea-msigdb.org/gsea/msigdb/human/geneset/GOBP_ADENYLATE_CYCLASE_ACTIVATING_ADRENERGIC_RECEPTOR_SIGNALING_PATHWAY,20,ENR,GOBP_ADENYLATE_CYCLASE_ACTIVATING_ADRENERGIC_RECEPTOR_SIGNALING_PATHWAY,1,1E-3,GOBP_ADENYLATE_CYCLASE_ACTIVATING_ADRENERGIC_RECEPTOR_SIGNALING_PATHWAY,FALSE,GOBP_ADENYLATE_CYCLASE_ACTIVATING_ADRENERGIC_RECEPTOR_SIGNALING_PATHWAY
,3,3,3,0.999,,1E-3,,SPESP1|SYT6|UNC13B|ZP4|AKAP3|RAB3A|IQCF1|GLRA1|GLRB|PLA2G10|TRIM36|SPINK1|ZP3|CCDC87|ROPN1B|FAM170B|LCN6|PKDREJ|SERPINA10|SPINK13|STX2|ZP2|B4GALT1|EQTN|PRSS37|PCSK4|CACNA1H|HYAL3|PLB1|ADCY3|SYT8|PLCB1|GARIN1B|HVCN1|STXBP1|ABHD2|PRND|RIMS1|ACR|CRISP1|IFTAP|PLCD4,https://www.gsea-msigdb.org/gsea/msigdb/human/geneset/GOBP_ACROSOME_REACTION,42,ENR,GOBP_ACROSOME_REACTION,1,1E-3,GOBP_ACROSOME_REACTION,FALSE,GOBP_ACROSOME_REACTION
2,3,3,3,0.999,,1E-3,,HIF1A|ATIC|LHX2|ASPM|SRD5A1|KDM1A|GLI3|NKX2-1|EFHC1|BBS4|PAFAH1B1|NEFL|CEP120|AKIRIN2|KIF14|GART|PAX6|CRK|FILIP1|GSK3B|CRKL|SLC38A2|FLNA|PAX5|PSEN1|SUN2|TFAP2C|SYNE2|TACC1|TACC2|CSNK2A2|YWHAE|CDH2|ADGRG1|ASCL1|CDON|SMO|FOXG1|MCPH1|EOMES|POU3F3|DAB2IP|PHACTR1|ARHGAP11B|CCDC85C|COL3A1|SLC2A1|NOTCH2NLA|MKKS|NOTCH2NLB|NOTCH2NLC|BAX|NDE1|NDEL1|DMRTA2|TUBA1A|BNIP3|NPY|WDR62|POU3F2|SRGAP2C|CDK5|CDK5R1|SUN1|PLCB1|TRA2B|FKTN|TMEM14B|TRAPPC9|BBS1|BMERB1|BBS2|NCOA1|GRIA1|FOS|PEX13|ATOH1|CCDC39|CNTNAP2|TUBB2A|SOCS7|SRGAP2|LRP8|XAB2|DISC1|RHOA|FGF13|MDK|CTNNB1|ARX|LAMB1|CDK5R2|EMX2|NF1|TSC1|FOXP2|ZMIZ1|P2RY12|LHX6|PPP1R9B|NSUN5|TBR1|TUBB2B|HTR6|DAB1|MGARP|FAT4|DIXDC1|RAC1|RELN|PTPRS|NARS1|ROBO1|RTN4|PALS1|BTBD3|MDGA1|EMX1|NTRK2|KIF26A|KCNA2|EGFR|WDR47|SLIT2|PEX5|FBXO45|CCDC141|TACC3|MBOAT7|NR2E1,https://www.gsea-msigdb.org/gsea/msigdb/human/geneset/GOBP_CEREBRAL_CORTEX_DEVELOPMENT,130,ENR,GOBP_CEREBRAL_CORTEX_DEVELOPMENT,1,1E-3,GOBP_CEREBRAL_CORTEX_DEVELOPMENT,FALSE,GOBP_CEREBRAL_CORTEX_DEVELOPMENT
126,3,3,3,0.999,,1E-3,,ADCY10|SLC25A16|SLC25A24|SLC25A26|SLC25A4|SLC25A5|SLC17A9|SLC25A42|SLC25A17|SLC25A41|SLC25A52|SLC28A1|SLC29A2|LRRC8A|SLC22A3|SLC43A3|SLC25A23|SLC25A31|SLC25A51|SLC22A2|SLC29A1|SLC28A2|SLC28A3|SLC35B2|SLC29A3|ABCC4|LRRC8B|LRRC8C|LRRC8D|LRRC8E|SHOC2|SLC19A1|SLC25A47|SLC25A53|SLC46A2|SLC33A1|SLC22A1|AQP9|SLC35B3,https://www.gsea-msigdb.org/gsea/msigdb/human/geneset/GOBP_PURINE_CONTAINING_COMPOUND_TRANSMEMBRANE_TRANSPORT,39,ENR,GOBP_PURINE_CONTAINING_COMPOUND_TRANSMEMBRANE_TRANSPORT,1,1E-3,GOBP_PURINE_CONTAINING_COMPOUND_TRANSMEMBRANE_TRANSPORT,FALSE,GOBP_PURINE_CONTAINING_COMPOUND_TRANSMEMBRANE_TRANSPORT
72,3,3,3,0.999,,1E-3,,GJB5|GRHL2|ST14|WNT7B|FZD5|CCN1|NCOA1|ZFP36L1|FGFR2|SPINT2|ADM|RSPO3|IL10|ZNF568|LEF1|SOCS3|BMP5|GRB2|IGF2|LLGL2|TRIM28|TMED2|BMP7|SPINT1|CDKN1C|DNAJB6|GCM1,https://www.gsea-msigdb.org/gsea/msigdb/human/geneset/GOBP_EMBRYONIC_PLACENTA_MORPHOGENESIS,27,ENR,GOBP_EMBRYONIC_PLACENTA_MORPHOGENESIS,1,1E-3,GOBP_EMBRYONIC_PLACENTA_MORPHOGENESIS,FALSE,GOBP_EMBRYONIC_PLACENTA_MORPHOGENESIS
5,3,3,3,0.999,,1E-3,,CDH1|CHRNB2|WNT3A|CBLN2|POU4F1|SIX1|ADGRF1|CSMD2|NLGN4X|NRXN2|NTRK1|OGT|ADGRB1|DNER|EFNB2|MAP1B|MARK1|SLITRK1|NTN1|PLXNB1|CNTN5|CRK|CRKL|RAP2A|LHFPL4|VLDLR|BDNF|SIX4|PLXNA2|GABRA1|NLGN4Y|GABRA2|GABRA3|GABRA4|DBNL|GABRA5|NECTIN1|GABRA6|GABRB2|GABRB3|GABRG1|GABRG2|GABRG3|DRD2|PRICKLE1|SLC12A5|ASIC2|CRTAC1|SHANK3|SRGAP2C|IL1RAPL1|CDK5|ST8SIA2|CLSTN1|COLQ|ZDHHC8|CAPRIN1|ADGRB3|KCNJ8|SHANK2|GJA10|SENP1|SIGMAR1|LGI2|IL1RAPL2|LRFN3|LATS1|SLITRK2|DSCAM|EFNA5|ERBB4|EPHA7|PTEN|FLRT2|S1PR2|DKK1|FLRT3|LARGE1|EEF2K|FGF13|ARHGAP12|MEF2C|MYCBP2|ARF6|NECTIN3|NRG3|UBE3B|FZD1|SNCA|NTRK3|PRKCA|PLXNA4|NPAS4|ARHGEF15|SEMA4C|KIRREL3|SEMA4D|MAPT|ABL1|ADNP|PLXNC1|PTK2B|ADGRB2|AMIGO2|LINGO2|RAC1|ELMO1|LINGO4|PTPN1|LRRC24|RAC3|LRRN1|LRRN3|PTPRS|FARP1|FLRT1|LRTM2|ADGRL2|SPTBN2|ADGRL3|GPM6A|RTN4|DOCK4|IQSEC2|SETD5|PCDHB6|EPHB1|LRP4|LRRTM3|ELFN1|NTRK2|PUM2|NRCAM|PLXNB3|RHOG|NPTX1|TPBG|AMIGO3|ZDHHC12|SLITRK6|ZDHHC2|DOCK10|AGRN|SDK2|TLR2|AMIGO1|PLXNA1|PLXNB2|WNT5A|GPRASP3|NPTN|LRRTM1|PTPN13|RAB29|CRIPT|GABRE|PDLIM5|CLSTN2|SLC25A46|GRM6|CBLN4|BSN|EIF4G1|CDH2|SLITRK5|DLG5|CHD4|DNM3|EPHB2|CUX2|NCKIPSD|NUMBL|TRIM47|LRRC4|FZD5|LIN7A|SRGAP2B|LIN7B|SLITRK3|LIN7C|LZTS1|ACHE|CC2D1A|NAE1|NLGN1|NLGN2|CYFIP2|NRXN1|PCDH17|VPS35|PCLO|SDK1|NEDD8|PDZD11|RAB17|ASIC1|GNA13|IGSF11|SYNDIG1|LRIT3|MUSK|CARMIL3|ARHGAP33|SRPX2|GRIA1|NEURL1|ABI3|ARHGEF9|SRGAP2|CASKIN1|CBLN1|DRD1|DOCK1|GAP43|LRFN1|LRFN4|LRRC4B|LRRTM2|PLXND1|CTNNB1|UBE2M|VSTM5|GRID2|THBS2|NTNG2|PTPRD|GPC4|LRFN5|SPOCK2|PPP1R9B|NLGN3|GNPAT|FGFR1|GHRL|IL1RAP|WNT7A|CRMP1|GHSR|HTR4|PLXNA3|SLITRK4|RELN|CLSTN3|ICAM5|ADD2|NEGR1|ROBO2|STAU2|RTN4R|ARMCX5-GPRASP2|PCDHB10|RYK|APP|C1QL2|DVL1|MDGA1|PCDHB11|C1QL3|PCDHB13|GPHN|OXT|PCDHB14|PCDHB16|PCDHB2|PCDHB3|PCDHB4|PCDHB5|PCDHB9|SLIT1|VSIG10|SEMA4A|FBXO45|MECP2|EPHB3,https://www.gsea-msigdb.org/gsea/msigdb/human/geneset/GOBP_SYNAPSE_ASSEMBLY,274,ENR,GOBP_SYNAPSE_ASSEMBLY,1,1E-3,GOBP_SYNAPSE_ASSEMBLY,FALSE,GOBP_SYNAPSE_ASSEMBLY
17,3,3,3,0.999,,1E-3,,THBS1|POLDIP2|ACVRL1|THY1|CFL1|HRG|EPHA3|DLC1|CAMSAP3|S100A10|EFNA5|ITGB1BP1|LIMS1|PTEN|DUSP3|RHOA|COL16A1|DUSP22|MMP14|ARF6|IQSEC1|GPM6B|SMAD3|PPM1F|TLN1|PIK3R1|LDB1|MAP4K4|SRC|ACTG1|CLASP1|TSC1|CLASP2|KDR|PTPRA|VCL|MAPRE2|ABL1|FAM107A|LAMTOR2|NRP1|LIMCH1|EPB41L5|PHLDB2|PTK2|WDPCP|PTPRJ|RAC1|VEGFA|ARHGAP6|ROCK1|SLC9A1|RCC2|APOD|MYOC|CORO1C|PEAK1|TEK|SDC4|SFRP1|GREM1|SLK|ROCK2|DAPK3|FERMT2|MACF1|WNT4|DMTN|RHOD,https://www.gsea-msigdb.org/gsea/msigdb/human/geneset/GOBP_REGULATION_OF_CELL_SUBSTRATE_JUNCTION_ORGANIZATION,69,ENR,GOBP_REGULATION_OF_CELL_SUBSTRATE_JUNCTION_ORGANIZATION,1,1E-3,GOBP_REGULATION_OF_CELL_SUBSTRATE_JUNCTION_ORGANIZATION,FALSE,GOBP_REGULATION_OF_CELL_SUBSTRATE_JUNCTION_ORGANIZATION
3,3,3,3,0.999,,1E-3,,BMP4|HAND2|HIF1A|CAV3|WNT11|PITX2|POU4F1|ADPRHL1|RARB|BMP10|MKS1|DSP|MYH6|FKBP1A|MYH7|TBX5|EVA1A|NSD2|ACVR1|ADAMTS1|MYBPC3|GSK3A|MYL2|FOXF1|RBPJ|MYL3|TGFBR3|PKP2|NKX2-5|OVOL2|FZD2|TNNT2|HEY1|SHOX2|RYR2|HEYL|MDM2|MESP1|DLL4|SMO|FOXC1|SRF|APLNR|ADAMTS19|FGFRL1|SMAD7|ID2|HAND1|PROX1|HEY2|TBX20|BMPR2|SMARCD3|SOX11|TNNI1|FOXC2|GATA3|NOG|TP53|WNT2|NOTCH2|SAV1|ZFPM2|SOX4|TBX3|FHL2|GJA5|TNNI3|TPM1|TBX2|COL11A1|JAG1|CCN1|FGFR2|EDNRA|EGLN1|MEF2C|BMPR1A|NRG1|NRP2|FZD1|HES1|TGFBR2|ISL1|MED1|SEMA3C|SFRP2|LRP2|SMAD4|SMAD6|GATA4|HEG1|UBE4B|CITED2|NAGLU|GATA6|GRHL2|RARA|SLIT3|TGFB1|NOTCH1|NPY5R|NRP1|MSX2|CHD7|TBX1|PPP1R13L|ZFPM1|ADGRG6|ROBO1|ROBO2|CPE|TNNC1|ENG|DNAH11|TGFBR1|RBM15|PARVA|TEK|BMP5|PTCD2|NOS3|VANGL2|RBP4|BMP7|FOXH1|SLIT2|SOS1|BMP2|NPY2R|FGF8|DHRS3|TGFB2,https://www.gsea-msigdb.org/gsea/msigdb/human/geneset/GOBP_CARDIAC_CHAMBER_MORPHOGENESIS,133,ENR,GOBP_CARDIAC_CHAMBER_MORPHOGENESIS,1,1E-3,GOBP_CARDIAC_CHAMBER_MORPHOGENESIS,FALSE,GOBP_CARDIAC_CHAMBER_MORPHOGENESIS
30,3,3,3,0.999,,1E-3,,MAPT|OLFM1|WNT7A|GABARAP|GHSR|DLG1|CACNA2D2|DAG1|GRIPAP1|OGT|VPS26B|CLSTN3|HRAS|ADAM10|RAP1A|WNT5A|EPB41L3|IQSEC2|DVL1|ARHGAP44|NLGN2|TMEM108|KIF2C|MAP2K1|TRAF6|ABHD17B|GPC4|GPC6|NETO2,https://www.gsea-msigdb.org/gsea/msigdb/human/geneset/GOBP_REGULATION_OF_PROTEIN_LOCALIZATION_TO_SYNAPSE,29,ENR,GOBP_REGULATION_OF_PROTEIN_LOCALIZATION_TO_SYNAPSE,1,1E-3,GOBP_REGULATION_OF_PROTEIN_LOCALIZATION_TO_SYNAPSE,FALSE,GOBP_REGULATION_OF_PROTEIN_LOCALIZATION_TO_SYNAPSE
125,3,3,3,0.999,,1E-3,,STAT3|TGFB1|DDR2|ABL1|CFLAR|EMILIN1|CARMIL2|PDPN|AGT|IER3IP1|TGFBR1|FSCN1|EFEMP2|IL6|RGCC|SMAD3|BMP2|COLGALT1|MELTF|RUNX1|TNXB|RB1|CLASP1|CLASP2|SMAD4|SOX9|TGFB2,https://www.gsea-msigdb.org/gsea/msigdb/human/geneset/GOBP_POSITIVE_REGULATION_OF_EXTRACELLULAR_MATRIX_ORGANIZATION,27,ENR,GOBP_POSITIVE_REGULATION_OF_EXTRACELLULAR_MATRIX_ORGANIZATION,1,1E-3,GOBP_POSITIVE_REGULATION_OF_EXTRACELLULAR_MATRIX_ORGANIZATION,FALSE,GOBP_POSITIVE_REGULATION_OF_EXTRACELLULAR_MATRIX_ORGANIZATION
10,3,3,3,0.999,,1E-3,,STAT3|SUGT1|ANGPT1|FGF2|NDC80|SIX1|CFLAR|FOS|ANHX|SIX5|MYB|AKIRIN1|SHH|DSN1|EPHB1|SELENON|MYOG|PPARD|HGF|MSTN|PAXBP1|CAV2|KPNA1|MEGF10|JAK2,https://www.gsea-msigdb.org/gsea/msigdb/human/geneset/GOBP_SKELETAL_MUSCLE_CELL_PROLIFERATION,25,ENR,GOBP_SKELETAL_MUSCLE_CELL_PROLIFERATION,1,1E-3,GOBP_SKELETAL_MUSCLE_CELL_PROLIFERATION,FALSE,GOBP_SKELETAL_MUSCLE_CELL_PROLIFERATION
55,3,3,3,0.999,,1E-3,,BBOF1|BMERB1|AURKB|CAMSAP2|CCSAP|KIF19|CCDC88C|NAV3|CKAP2|MAP1B|KIF14|FGF13|ARHGEF2|GAS2L1|GAS2L2|HDGFL3|HDAC6|KIF21A|KIF24|KIF18A|CKAP5|KIF18B|APC|APC2|KIF2A|TRPV4|KIF2C|DIAPH3|CLASP1|CLASP2|MID1|MID1IP1|MAP1A|MAP1S|NCKAP5|NCKAP5L|STMN1|SPECC1L|SPEF1|SPAST|STMN2|STMN3|STMN4|TRIM54|KATNB1|TTBK2|WDR47|CIB1|TPX2|ATXN7|TAOK1,https://www.gsea-msigdb.org/gsea/msigdb/human/geneset/GOBP_MICROTUBULE_DEPOLYMERIZATION,51,ENR,GOBP_MICROTUBULE_DEPOLYMERIZATION,1,1E-3,GOBP_MICROTUBULE_DEPOLYMERIZATION,FALSE,GOBP_MICROTUBULE_DEPOLYMERIZATION
10,3,3,3,0.999,,1E-3,,BMP4|CHRNA1|MYC|MYMX|ACTN3|WNT3A|PITX2|CHRND|LIF|ACTA1|POU4F1|SIX1|ACTC1|DMD|BMP10|CASQ1|DSP|ANHX|CSRP3|DAG1|MYH3|ADGRB1|DNER|MYH6|MYH7|SGCB|TCF21|ALX4|BIN3|CENPF|XK|LAMA5|COL6A1|MYBPC3|VRK3|GMPPA|CHD2|MYL2|CREB1|MYOM1|MYOM2|MYOZ2|IGF1|RBPJ|IGF2|NEB|CXCL10|MYL11|MYL3|PAX3|KLHL40|KLHL41|MYL6|MYL6B|MYLK|SOX15|SIX4|BTBD1|SGCG|ETV1|HOXD9|PKP2|RPL3L|TCAP|FZD2|TNNT2|SHOX2|ITGB1BP2|RYR2|HEYL|RYR1|CDON|SMO|FOXC1|EOMES|SRPK3|SGCA|SGCD|SMTN|SCX|SGCE|PROX1|STAC3|MYORG|HEY2|TBX20|SOX11|BCL2|TNNI1|FLOT1|SELENON|DMRTA2|UTRN|NR2F2|POPDC3|P2RX2|CDK5|CAV2|ERBB3|GSC|TNNI3|MYF5|TPM1|B4GALNT2|MYF6|RB1|SMTNL1|USP2|TCF15|BTG2|CNTNAP1|BCL9|BCL9L|RCAN1|SKI|ASS1|PITX1|ITGA7|KY|EVC|ITGB1|FGFR2|CCNT2|FOS|NUPR1|STRA6|EDNRA|CFL2|WT1|WNT10B|LARGE1|PPIF|TLL2|RHOA|ITGA11|MEF2C|NACA|FOXL2|NRG1|EGR2|GPX1|FZD1|HMG20B|NR4A1|SPEG|HOMER1|MSTN|TRIM72|ADARB1|COPS2|MEF2D|LMOD3|NF1|UQCC2|MED1|SKIL|FOXP2|MCUB|UBE4B|CITED2|LMNA|MED20|EMD|KRAS|LEMD2|MTPN|GTF3C5|XBP1|ABCC9|MEF2A|CNTFR|MSX1|CHD7|TBX1|KAT8|RIPOR2|MEOX2|MTM1|DISP1|EGR3|SHH|ENG|EPHB1|MYH14|SVIL|S1PR1|TGFBR1|PLEC|HBEGF|LOX|METTL21C|JPH1|PTCD2|YBX3|JPH2|DPF3|VANGL2|VPS54|BMP2|SIRT2|EID2B|FGF8|SOX8|TGFB2|TMEM182|HDGFL2|CNTF|POPDC2|CAV1|CAV3|CTF1|TIFAB|DLL1|SMYD1|CAPN3|COL19A1|IGSF8|CD164|MYH15|CFLAR|HDAC9|VGLL2|ZBTB18|KMT5B|FKBP1A|ATF3|MYMK|MYOG|SAP30|EGR1|PAX5|SMAD3|S100B|DDX17|EEF2|HLX|TGFBR3|ERO1A|DDX5|MYOCD|NKX2-5|CHODL|EID2|SFMBT1|TCF23|DLL4|KEL|FGFRL1|FHL1|FOXO4|SMAD7|BASP1|SIRT1|TCF12|CAVIN4|COL3A1|FRG1|COPRS|FHL3|HAND1|MEF2B|MKX|POU6F1|ANKRD33|PRR14|BARX2|TAGLN|FOXN2|ZBTB42|HIVEP3|HLF|UNC45A|MAFF|UNC45B|ZNF689|TEAD4|FOXC2|NOG|WNT2|XIRP2|ZFPM2|SERP1|TWIST1|TTN|FKTN|FLNB|ELN|ANKRD1|USP19|COL11A1|NPHS1|NEURL1|VAMP5|LUC7L|KLF5|CHKB|EGLN1|NLN|CYP26B1|SCN11A|SPG11|MYOD1|MUSTN1|BMPR1A|EFEMP2|MRTFB|ASNSD1|MSC|FXR1|CTNNB1|PAXBP1|LAMA2|MEGF10|ZNF609|ISL1|LRP2|HSD17B1|SMAD4|HEG1|VPS13B|NAGLU|ZFHX3|BMAL1|HOXD10|PPP3CB|MAPK12|MYOZ1|TGFB1|NOTCH1|NR1D2|CRYAB|GPCPD1|ZFPM1|MYLK2|H1-5|MAPK14|NEGR1|AKIRIN1|COL6A3|TNNC1|PAX7|SOX6|ID3|ASB2|LEF1|PPP3CA|RBM24|EP300|CACNA1H|FOXH1|FBXO22|FKRP|ANKRD2|GPC1|FOXK1|VAX1|DES|PRKAA1|CACNA1S|ARID5B,https://www.gsea-msigdb.org/gsea/msigdb/human/geneset/GOBP_MUSCLE_ORGAN_DEVELOPMENT,360,ENR,GOBP_MUSCLE_ORGAN_DEVELOPMENT,1,1E-3,GOBP_MUSCLE_ORGAN_DEVELOPMENT,FALSE,GOBP_MUSCLE_ORGAN_DEVELOPMENT
,3,3,3,0.999,,1E-3,,CASP3|RAPGEF4|DNAJC5|LPAR1|PRKAR1B|PSEN1|BSN|PPP3R1|ARHGDIA|PLS3|RAB3B|SYN1|C9ORF72|SCRN1|PLD1,https://www.gsea-msigdb.org/gsea/msigdb/human/geneset/GOBP_REGULATION_OF_SYNAPTIC_VESICLE_CYCLE,15,ENR,GOBP_REGULATION_OF_SYNAPTIC_VESICLE_CYCLE,1,1E-3,GOBP_REGULATION_OF_SYNAPTIC_VESICLE_CYCLE,FALSE,GOBP_REGULATION_OF_SYNAPTIC_VESICLE_CYCLE
,3,3,3,0.999,,1E-3,,NAT10|CTU1|CTU2|KTI12|TRMT9B|DPH3|TRMU|GTPBP3|URM1|ALKBH1|ELP1|ELP3|MOCS3|ELP4|ELP5|MTO1|ELP2|ADAT2|NSUN3|ALKBH8|ELP6,https://www.gsea-msigdb.org/gsea/msigdb/human/geneset/GOBP_TRNA_WOBBLE_BASE_MODIFICATION,21,ENR,GOBP_TRNA_WOBBLE_BASE_MODIFICATION,1,1E-3,GOBP_TRNA_WOBBLE_BASE_MODIFICATION,FALSE,GOBP_TRNA_WOBBLE_BASE_MODIFICATION
10,3,3,3,0.999,,1E-3,,DSN1|EPHB1|STAT3|MYOG|PPARD|SUGT1|ANGPT1|FGF2|NDC80|SIX1|MSTN|CFLAR|PAXBP1|KPNA1|MEGF10|JAK2|SIX5|AKIRIN1,https://www.gsea-msigdb.org/gsea/msigdb/human/geneset/GOBP_SKELETAL_MUSCLE_SATELLITE_CELL_PROLIFERATION,18,ENR,GOBP_SKELETAL_MUSCLE_SATELLITE_CELL_PROLIFERATION,1,1E-3,GOBP_SKELETAL_MUSCLE_SATELLITE_CELL_PROLIFERATION,FALSE,GOBP_SKELETAL_MUSCLE_SATELLITE_CELL_PROLIFERATION
42,3,3,3,0.999,,1E-3,,EPHB2|RASAL3|PICALM|NOTCH1|PPP2CB|MAPKAP1|NUP62|DAB2IP|EPO|NGF|NTRK1|MFN2|KITLG|RASA4|RASGRF1|SYNGAP1|SPRY3|SPRY4|SYDE1|LZTR1|SYDE2|RASA3|RABL3|TRIM67|CSF1|NOTCH2|SPRY1|ITPKB|RASGRP1|SPRY2|IGF1|FBP1|SQSTM1|FLCN|MAP2K1|NF1|SHOC2|STAMBP|RABGEF1|FGF10|RASA2|RASA4B|FOXM1|RASAL1|RASGEF1A|TGFB2,https://www.gsea-msigdb.org/gsea/msigdb/human/geneset/GOBP_REGULATION_OF_RAS_PROTEIN_SIGNAL_TRANSDUCTION,46,ENR,GOBP_REGULATION_OF_RAS_PROTEIN_SIGNAL_TRANSDUCTION,1,1E-3,GOBP_REGULATION_OF_RAS_PROTEIN_SIGNAL_TRANSDUCTION,FALSE,GOBP_REGULATION_OF_RAS_PROTEIN_SIGNAL_TRANSDUCTION
3,3,3,3,0.999,,1E-3,,BMP4|FOXA1|EPHA3|KDM1A|NKX2-1|MAD2L2|TBX5|MARK1|SPRED1|SPRED2|SPRED3|TRIM62|ACVR1|TIAM1|PPP2CA|GSK3B|HPN|SPRY1|SPRY2|RGCC|SMAD3|TNXB|USF3|BAMBI|MTOR|OVOL2|LDLRAD4|SMAD2|EFNA1|FOXC1|COL1A1|DAB2IP|SMAD7|TGFB3|VEGFA|MCRIP1|EMP2|SERPINB3|TBX20|GATA3|NOG|FOXA2|SFRP1|TWIST1|ADIPOR1|GREM1|IL1B|BCL9L|OLFM1|APLF|JAG1|PDPN|ELL3|PTEN|VASN|DSG2|EPHA4|POFUT2|SDHAF2|EZH2|AGT|FUZ|MDK|TGFB1I1|CTNNB1|TCF7L2|LOXL2|TGFBR2|DAB2|ISL1|SFRP2|SNAI1|SMAD4|HDAC2|TGFB1|NOTCH1|SDCBP|PTK2|WWTR1|ZNF703|CRB2|KAT8|AXIN2|ADAM8|QKI|ENG|TGFBR1|DACT3|LEF1|IL6|IL17RD|ALX1|BMP5|FBXO11|BMP7|BMP2|FERMT2|ZNF750|SPSB3|GCNT2|GLIPR2|LRG1|TGFB2,https://www.gsea-msigdb.org/gsea/msigdb/human/geneset/GOBP_REGULATION_OF_EPITHELIAL_TO_MESENCHYMAL_TRANSITION,103,ENR,GOBP_REGULATION_OF_EPITHELIAL_TO_MESENCHYMAL_TRANSITION,1,1E-3,GOBP_REGULATION_OF_EPITHELIAL_TO_MESENCHYMAL_TRANSITION,FALSE,GOBP_REGULATION_OF_EPITHELIAL_TO_MESENCHYMAL_TRANSITION
6,3,3,3,0.999,,1E-3,,SMO|TCTN1|BMP4|FOXA1|WNT3A|FKBP8|PTCH1|RNF220|GLI3|SSBP3|TBC1D32|ATP6AP2|TMEM107|WDR19|ARL13B|SHH|PAX7|PAX6|IFT140|WNT1|PSEN1|EN1|TULP3|SOX17|HES1|GPR161|TRAF3IP1|RPGRIP1L|GSC|KDM2B|BMI1|FGF8|DZIP1L,https://www.gsea-msigdb.org/gsea/msigdb/human/geneset/GOBP_NEURAL_TUBE_PATTERNING,33,ENR,GOBP_NEURAL_TUBE_PATTERNING,1,1E-3,GOBP_NEURAL_TUBE_PATTERNING,FALSE,GOBP_NEURAL_TUBE_PATTERNING
8,3,3,3,0.999,,1E-3,,ONECUT1|DKK3|PDE3A|MTMR4|CLDN1|PMEPA1|GIPC1|NPNT|GDF10|HSP90AB1|NKX2-1|OGT|ING1|WFIKKN1|WFIKKN2|SPRED1|SPRED2|SPRED3|FUT8|APPL1|APPL2|ARRB2|CRK|CRKL|CREB1|HDAC1|SPRY1|SPRY2|RGCC|LPXN|ITGB5|ITGB6|SNRNP70|BAMBI|SRC|BRMS1|OVOL2|PIAS2|SNW1|ASPN|ID1|COL1A1|TSC22D1|IL17F|SMAD5|EMILIN1|PEG10|SCX|RNF111|STRAP|NLK|SOX11|HTRA1|SELENON|DLX1|PSG9|NDP|TP53|GDF15|CAV2|RBBP4|GDF9|GOT1|BCL9|ADAM9|BCL9L|SKI|USP9Y|FYN|ITGA3|CITED1|AXIN1|CLDN5|ITGB1|FGFR2|FOS|SKOR2|LATS1|EDN1|LATS2|SMURF2|STK16|HSPA5|VASN|ZBTB7A|MEF2C|WNT10A|MSTN|PENK|DAB2|INTS9|SKIL|ZMIZ1|SMAD6|WWOX|ZMIZ2|PDGFD|CITED2|ING2|PAK2|PDPK1|XBP1|ABL1|SDCBP|USP9X|GDF5|EPB41L5|PTK2|ZNF703|FNTA|IL4|ROCK1|PALS1|ENG|TGFBR1|ARID4A|ARID4B|CREBBP|PRDM16|LOX|MECOM|USP15|LTBP2|ZFYVE9|ZFP36L2|SPI1|BMP2|PDE2A|PIN1|SIN3A|JUN|TAB1|TGFB2|THBS1|CAV1|CAV3|CD2AP|PPARG|ZFP36L1|CFLAR|LRRC32|FKBP1A|PPM1A|RUNX3|LIMS1|WNT5A|XCL1|YES1|TSKU|TWSG1|DUSP22|ACVR1|BRMS1L|SAP130|SAP30|SAP30L|SINHCAF|PTPRK|SNX25|SMAD3|PML|DAND5|KMT2A|TGFBR3|FBN2|CDH3|ERO1A|LTBP1|MEN1|CDKN1C|MYOCD|CDKN2B|NRROS|CILP|EID2|FAM89B|LDLRAD4|LTBP4|VEPH1|SMAD2|DDR2|PDCD5|TET1|NR3C1|SMAD7|ZEB1|ZNF451|ZYX|TGFB3|SIRT1|SLC2A10|COL3A1|SUDS3|TGFBRAP1|MAP3K7|FBN1|GLG1|WNT2|SFRP1|HSPA1A|STK11|CHST11|NREP|APOA1|ACVRL1|ANKRD1|APAF1|ONECUT2|CD109|CDH5|SMURF1|ITGA8|COL4A2|SNX6|ACTA2|HIPK2|BMPR1A|STUB1|TGFB1I1|CIDEA|FNDC4|WNT1|FURIN|SMAD1|SOX5|TGFBR2|FOLR1|ISL1|FERMT1|SMAD4|ITGB8|HDAC2|MAPK7|PARP1|ZEB2|FKBP1C|PPARA|ZFHX3|LEMD3|STAT3|HYAL2|TGFB1|WNT7A|ADAM17|PXN|ADISSP|LTBP3|COL1A2|PBLD|SOX6|ADAMTSL2|NODAL|AMHR2|FMOD|HTRA3|HTRA4|IL17RD|LEFTY1|HPGD|MXRA5|RASL11B|SMAD9|NFKBIZ|TGFBR3L|POSTN|TRIM33|EP300|FOXH1|FLCN|ROCK2|RBBP7|FERMT2|WNT4|SOX9|GCNT2|LRG1,https://www.gsea-msigdb.org/gsea/msigdb/human/geneset/GOBP_RESPONSE_TO_TRANSFORMING_GROWTH_FACTOR_BETA,276,ENR,GOBP_RESPONSE_TO_TRANSFORMING_GROWTH_FACTOR_BETA,1,1E-3,GOBP_RESPONSE_TO_TRANSFORMING_GROWTH_FACTOR_BETA,FALSE,GOBP_RESPONSE_TO_TRANSFORMING_GROWTH_FACTOR_BETA
19,3,3,3,0.999,,1E-3,,CAV1|CAV3|CBLB|MTMR2|WNT3A|ANGPT1|WDR54|RNF220|ATXN2|NECAB2|RALA|ADM|ANKRD13B|ANKRD13D|RAMP3|EFNB2|CD63|CD81|CD9|PCSK9|LRRTM1|RAB31|AP3M1|GRK2|ARRB2|GHR|RABEP1|GSG1L|GTF2H2|INSR|ENTREP1|MKLN1|PPP3R1|NUMB|TAMALIN|CXCL8|TFRC|CD36|CEACAM1|CXCR1|CXCR2|DNM1|DNM3|DTNBP1|MDM2|NEDD4L|LRP1|APLN|APLNR|HIP1|HGS|DRD2|FMR1|SCYL2|SNX1|VEGFA|ARAP1|LRPAP1|FCER1G|AP2M1|MX1|MX2|ACHE|GRK4|FLOT1|CNTN2|PICK1|ATAD1|NEDD4|DLG4|GRB2|ARR3|GRK3|GREM1|SAG|AP2A1|PLCG2|RAB5A|USP46|RALB|PLD2|PICALM|ITCH|ANKRD13A|RSPO1|SYT17|ITGB1|GRIA1|ITGB3|HPCA|ITGB2|DRD3|AHI1|DKK1|MAGI2|DRD4|SFRP4|OPHN1|ARF1|ANXA2|NRG1|RAMP1|LRRTM2|NTF3|SNCA|TBC1D5|CALY|CLTC|ARRB1|LILRB1|LILRB4|AP2A2|DNM2|AP2B1|AP2S1|UBQLN2|EPS15|VAC14|EZR|SCRIB|SDCBP|USP6|ACKR3|HAMP|ARC|LDLRAP1|RIN3|NCDN|APP|CALCRL|LMBRD1|RAMP2|SH3GL2|SELE|LPAR1|APELA|CALCA|EGF|SUSD4|SYK,https://www.gsea-msigdb.org/gsea/msigdb/human/geneset/GOBP_RECEPTOR_INTERNALIZATION,140,ENR,GOBP_RECEPTOR_INTERNALIZATION,1,1E-3,GOBP_RECEPTOR_INTERNALIZATION,FALSE,GOBP_RECEPTOR_INTERNALIZATION
53,3,3,3,0.999,,1E-3,,ACTR3|OCLN|ABI2|CFL1|HRG|ARFIP2|CDH13|ITGB1|WASF3|VAV3|CAPZB|ABI3|ARHGEF7|CARMIL1|KIT|CARMIL2|SRGAP2|ARPC2|BIN3|CCDC88A|SPATA13|WHAMM|CDC42|FSCN1|WNT1|MSTN|SH2B1|PIK3R1|EPHA2|ABLIM1|ABLIM2|NUP85|P2RY12|VAV2|MTOR|VCL|ARHGEF4|AUTS2|ARHGEF6|NCK1|ACTR2|NCK2|PTPRO|CLRN1|RAC1|RAC2|ABLIM3|SPEF1|GOLPH3|NCKAP1|FER|FRMD7|AKIRIN1|HSP90AA1|S1PR1|PIK3CA|PARVB|TWF1|PLXNB3|TWF2|WASF2|SLIT2|BRK1|DMTN|PLCE1|RHOD|WAS|AJUBA|CYFIP1|AVIL,https://www.gsea-msigdb.org/gsea/msigdb/human/geneset/GOBP_LAMELLIPODIUM_ASSEMBLY,70,ENR,GOBP_LAMELLIPODIUM_ASSEMBLY,1,1E-3,GOBP_LAMELLIPODIUM_ASSEMBLY,FALSE,GOBP_LAMELLIPODIUM_ASSEMBLY
34,3,3,3,0.999,,1E-3,,ADGRB3|CDC20|NEUROD2|FGF22|NFIA|DAB1|PALM|SEMA7A|DAB2IP|NEURL1|RELN|CCDC39|CAMK2B|SEZ6|NRN1|PTEN|FGF7|ROCK1|SNX27|DISC1|NEFL|NFATC4|C1QL2|PFN1|NRXN1|VPS35|SHANK1|ANAPC2|CHRDL1|CX3CR1|DLGAP4|IGSF9|YWHAZ|CLSTN1|AGO2|ARHGEF15|SYBU|BCAN|IGSF21|LNX1|CNTNAP1|SEZ6L|SEZ6L2,https://www.gsea-msigdb.org/gsea/msigdb/human/geneset/GOBP_SYNAPSE_MATURATION,43,ENR,GOBP_SYNAPSE_MATURATION,1,1E-3,GOBP_SYNAPSE_MATURATION,FALSE,GOBP_SYNAPSE_MATURATION
40,3,3,3,0.999,,1E-3,,EGR2|GDNF|NRP2|SIX1|NRP1|NAV2|ACKR3|ADARB1|HES1|PLXNA3|PLXNA4|TBX1|SEMA3A|HOXB1|HOXB2|PHOX2A|TFAP2A|SEMA3F,https://www.gsea-msigdb.org/gsea/msigdb/human/geneset/GOBP_PARASYMPATHETIC_NERVOUS_SYSTEM_DEVELOPMENT,18,ENR,GOBP_PARASYMPATHETIC_NERVOUS_SYSTEM_DEVELOPMENT,1,1E-3,GOBP_PARASYMPATHETIC_NERVOUS_SYSTEM_DEVELOPMENT,FALSE,GOBP_PARASYMPATHETIC_NERVOUS_SYSTEM_DEVELOPMENT
43,3,3,3,0.999,,1E-3,,HOXA3|HOXB4|HMGA2|WNT11|RARB|RARG|DGCR8|KAT7|FGF9|KDM1A|ZFP36L1|GLI3|CCNE1|GJA1|CD34|SART3|VEGFC|RUNX2|IFT80|WNT5A|IRF6|SFN|THPO|PTPRC|OSR2|RNF43|ZNRF3|RBPJ|YTHDF2|SIRT6|TERT|BRCA2|CDKN2C|OVOL2|SHOX2|ATXN1L|NKAP|SIX2|PTCH1|SHB|KDF1|TSC22D1|EIF2AK2|HMGB2|XRCC5|N4BP2L2|ACE|EPCAM|LIG4|SOX11|HMX2|FBLN1|OVOL1|TP53|PBX1|SOX17|TBX3|HNRNPU|AGO3|NANOG|TP63|CITED1|NDUFS6|CD109|PDCD2|KITLG|YJEFN3|ELL3|WNT10B|WNT2B|DSG2|SOX18|PRRX1|ANG|ABCB1|WNT1|CTC1|CTNNB1|TRIM71|TGFBR2|NF1|ARIH2|FERMT1|SFRP2|KDR|L3MBTL2|ERCC2|TGFB1|NOTCH1|FGF2|NES|FGFR1|WNT7B|ETV6|PIM1|BYSL|NF2|YAP1|GBA1|SNAI2|AXIN2|BABAM1|LTBP3|SHH|TGFBR1|NFIB|CEBPA|MECOM|RUNX1|TTYH1|WNT3|FERMT2|FGF10|FGF8|SOX9|NR2E1,https://www.gsea-msigdb.org/gsea/msigdb/human/geneset/GOBP_STEM_CELL_PROLIFERATION,116,ENR,GOBP_STEM_CELL_PROLIFERATION,1,1E-3,GOBP_STEM_CELL_PROLIFERATION,FALSE,GOBP_STEM_CELL_PROLIFERATION
58,3,3,3,0.999,,1E-3,,GPBAR1|MYO1C|ACVRL1|DSG3|RPS6|CLDN1|FZD5|PRKCH|PRKACA|CLDN5|RAC1|TNF|ROCK2|EPHA2|SNAI2|F11R|IKBKB|SNAI1|ROCK1|IL17A|NPHP1|TJP1|NPHP4,https://www.gsea-msigdb.org/gsea/msigdb/human/geneset/GOBP_REGULATION_OF_BICELLULAR_TIGHT_JUNCTION_ASSEMBLY,23,ENR,GOBP_REGULATION_OF_BICELLULAR_TIGHT_JUNCTION_ASSEMBLY,1,1E-3,GOBP_REGULATION_OF_BICELLULAR_TIGHT_JUNCTION_ASSEMBLY,FALSE,GOBP_REGULATION_OF_BICELLULAR_TIGHT_JUNCTION_ASSEMBLY
124,3,3,3,0.999,,1E-3,,RBPMS2|SFRP5|HIF1A|WNT11|PITX2|TP63|FGFR2|GLI3|AGR2|STRA6|TCF21|WNT5A|AHI1|NKX2-3|BBS7|FOXF1|CTNNB1|SMAD3|HOXD13|HNF1B|HLX|SFRP2|GATA4|IHH|OVOL2|SHOX2|SIX2|DACT1|SMAD2|NOTCH1|PDGFRA|EPB41L5|GLI1|GLI2|ID2|NPR2|TP73|NCKAP1|SOX11|BCL2|SHH|ACVR2B|SOX10|NODAL|NIPBL|SOX17|VANGL2|EGFR|SFRP1|FGF10|HOXA13|EPHB3,https://www.gsea-msigdb.org/gsea/msigdb/human/geneset/GOBP_DIGESTIVE_TRACT_MORPHOGENESIS,52,ENR,GOBP_DIGESTIVE_TRACT_MORPHOGENESIS,1,1E-3,GOBP_DIGESTIVE_TRACT_MORPHOGENESIS,FALSE,GOBP_DIGESTIVE_TRACT_MORPHOGENESIS
115,3,3,3,0.999,,1E-3,,ACVRL1|ARHGAP24|WNT7A|MSX2|PHLDB2|HTN1|ITGB1|ITGB3|ADAM17|PTEN|HBEGF|FIGNL2|MMP12|COL5A1|ITGA5|ITGAV|ITGB5|PLET1|FERMT1|CLASP1|FERMT2|CLASP2|MTOR|RREB1|AJUBA|LRG1,https://www.gsea-msigdb.org/gsea/msigdb/human/geneset/GOBP_WOUND_HEALING_SPREADING_OF_EPIDERMAL_CELLS,26,ENR,GOBP_WOUND_HEALING_SPREADING_OF_EPIDERMAL_CELLS,1,1E-3,GOBP_WOUND_HEALING_SPREADING_OF_EPIDERMAL_CELLS,FALSE,GOBP_WOUND_HEALING_SPREADING_OF_EPIDERMAL_CELLS
65,3,3,3,0.999,,1E-3,,CNTFR|MAP3K12|CRLF1|ZPR1|MAP2K4|VPS54|ERBB3|MAP2K7|KCNB1|ROCK1|RAPSN|NEFL|RHOA|BAX|BCL2,https://www.gsea-msigdb.org/gsea/msigdb/human/geneset/GOBP_REGULATION_OF_MOTOR_NEURON_APOPTOTIC_PROCESS,15,ENR,GOBP_REGULATION_OF_MOTOR_NEURON_APOPTOTIC_PROCESS,1,1E-3,GOBP_REGULATION_OF_MOTOR_NEURON_APOPTOTIC_PROCESS,FALSE,GOBP_REGULATION_OF_MOTOR_NEURON_APOPTOTIC_PROCESS
89,3,3,3,0.999,,1E-3,,SKI|SGPL1|ASPH|RARG|CLDN5|ZIC3|MYH3|BBS4|STRA6|EDNRA|CSRNP1|WNT5A|DLX5|DKK1|RRAS|CRISPLD2|PAX9|MMP2|PTPN11|MAP2K1|RAB3GAP1|HOXB3|GRHL2|TIPARP|RARA|TGFB1|ANKRD11|SRF|SOX3|MAP2K2|COL1A1|MSX1|PDGFRA|CHD7|TBX1|TGFB3|SCX|ZFAND5|PLEKHA1|PRICKLE1|MKKS|CRISPLD1|LEF1|NOG|BRAF|NIPBL|ALDH1A2|ALDH1A3|EP300|MAPK1|MAPK3|RAF1|ARID5B|TGFB2,https://www.gsea-msigdb.org/gsea/msigdb/human/geneset/GOBP_FACE_DEVELOPMENT,54,ENR,GOBP_FACE_DEVELOPMENT,1,1E-3,GOBP_FACE_DEVELOPMENT,FALSE,GOBP_FACE_DEVELOPMENT
10,3,3,3,0.999,,1E-3,,SMO|BMP4|TIPARP|SRF|SIX1|TFAP2B|PTCH1|DLG1|OSR1|FOSL2|STRA6|COL3A1|PKD2|NPR2|ZFAND5|ITGA8|PROX1|SHH|ENG|EFEMP2|TNN|NF1|MYLK|FOXP2|IHH|SOX9,https://www.gsea-msigdb.org/gsea/msigdb/human/geneset/GOBP_SMOOTH_MUSCLE_TISSUE_DEVELOPMENT,26,ENR,GOBP_SMOOTH_MUSCLE_TISSUE_DEVELOPMENT,1,1E-3,GOBP_SMOOTH_MUSCLE_TISSUE_DEVELOPMENT,FALSE,GOBP_SMOOTH_MUSCLE_TISSUE_DEVELOPMENT
18,3,3,3,0.999,,1E-3,,ATP2B1|BMP4|CCL3|HIF1A|WNT11|ACTN3|VDR|ADRB2|CCR1|MINPP1|RXRA|PKDCC|RXRB|TRPM4|P2RX7|PHEX|RUNX2|IFT80|ATF4|BMP2K|ENPP1|PTH1R|ACVR1|COL6A1|MATN1|OSR2|ADGRV1|GATA1|GPM6B|IGF1|SMAD3|CER1|EIF2AK3|IFITM5|FBN2|KL|LEP|NOTUM|DDR2|PTHLH|ASPN|ECM1|OSR1|TUFT1|BCOR|COMP|HERC1|PRICKLE1|RFLNA|RFLNB|PTH|ZMPSTE24|BMPR2|SLC20A2|FGR|CLEC3B|ACVR2B|SUV39H1|NBR1|ANKH|TWIST1|GREM1|BMPR1B|ALOX15|MGP|FAM20C|TXLNG|ALPL|CCDC154|ROGDI|PHOSPHO1|CCN1|FGFR2|FOSL2|KLF10|LGR4|WNT10B|LTF|TFAP2A|FZD9|SRGN|MEF2C|BMPR1A|RSPO2|SGMS2|BMP6|IBSP|SMPD3|ATRAID|ISG15|SBNO2|NELL1|ERCC2|MMP13|GPC3|TMEM38B|AHSG|PTK2B|BGLAP|PTN|AXIN2|ADGRG6|CYP27B1|ACVR2A|LTBP3|TENT5A|FGF23|ALOX5|ANO6|COL1A2|S1PR1|ZBTB40|SBDS|FBXL15|LOX|TMEM119|SLC24A3|BMP7|FKRP|BMP2|WNT4|SNX10|FGFR3|SLC8A1|SOX9|STATH,https://www.gsea-msigdb.org/gsea/msigdb/human/geneset/GOBP_BONE_MINERALIZATION,126,ENR,GOBP_BONE_MINERALIZATION,1,1E-3,GOBP_BONE_MINERALIZATION,FALSE,GOBP_BONE_MINERALIZATION
,3,3,3,0.999,,1E-3,,ALG8|ALG9|DHDDS|DOLK|RFT1|DOLPP1|DPM1|MPDU1|NUS1|ALG1|ALG10|DPAGT1|ALG10B|ALG11|ALG12|SRD5A3|ALG13|ALG14|ALG2|ALG3|ALG5|ALG6,https://www.gsea-msigdb.org/gsea/msigdb/human/geneset/GOBP_DOLICHOL_LINKED_OLIGOSACCHARIDE_BIOSYNTHETIC_PROCESS,22,ENR,GOBP_DOLICHOL_LINKED_OLIGOSACCHARIDE_BIOSYNTHETIC_PROCESS,1,1E-3,GOBP_DOLICHOL_LINKED_OLIGOSACCHARIDE_BIOSYNTHETIC_PROCESS,FALSE,GOBP_DOLICHOL_LINKED_OLIGOSACCHARIDE_BIOSYNTHETIC_PROCESS
1,3,3,3,0.999,,1E-3,,UMODL1|CD2AP|HMGA2|PPARG|PGRMC2|SELENOM|ERRFI1|HMGCS2|NCOA1|DGAT2|TRPM4|FOSL2|OXCT1|BBS4|HRAS|NR1H4|DYRK1B|GPR82|PAXIP1|SPART|COL6A1|PPARD|FTO|ASNSD1|CSF1|TBL1XR1|LIPA|UBB|KLF7|LEP|SPTLC2|HSD17B1|VPS13B|IFRD2|PARP1|ABHD15|ARRDC3|XBP1|GHRL|NAMPT|RASAL2|AMER1|SIRT1|ID2|SH3PXD2B|ATF2|IFRD1|ACAT1|SORL1|FAM83A|INHBE|PIK3CA|EBF2|PPARGC1A|RORC|PUM2|SLC25A25|CASR|PLAAT3|SPI1|NCOA2|ZNF516|GUCA2B|LPL|PRKAA1|ARID5B|SOX8|LRP5,https://www.gsea-msigdb.org/gsea/msigdb/human/geneset/GOBP_ADIPOSE_TISSUE_DEVELOPMENT,68,ENR,GOBP_ADIPOSE_TISSUE_DEVELOPMENT,1,1E-3,GOBP_ADIPOSE_TISSUE_DEVELOPMENT,FALSE,GOBP_ADIPOSE_TISSUE_DEVELOPMENT
123,3,3,3,0.999,,1E-3,,AKT1S1|DOK5|CD2AP|HAP1|NGF|BCAR1|DOCK3|NTRK1|PPP2R5B|NDN|AGTR2|SORT1|AGT|CASP3|CYFIP2|TMEM108|WASF1|DDIT4|SPRY1|ZFYVE27|SPRY2|PTPN11|SOS1|RAF1|CYFIP1|ZDHHC17,https://www.gsea-msigdb.org/gsea/msigdb/human/geneset/GOBP_NEUROTROPHIN_TRK_RECEPTOR_SIGNALING_PATHWAY,26,ENR,GOBP_NEUROTROPHIN_TRK_RECEPTOR_SIGNALING_PATHWAY,1,1E-3,GOBP_NEUROTROPHIN_TRK_RECEPTOR_SIGNALING_PATHWAY,FALSE,GOBP_NEUROTROPHIN_TRK_RECEPTOR_SIGNALING_PATHWAY
122,3,3,3,0.999,,1E-3,,AKAP13|ARRDC3|ADRB2|PLN|ADRB3|KCNQ1|LMBRD2|CRTC3|ADRA1A|ADRB1|RAPGEF2|ADRA1B|DRD1|ADRA1D|CHGA|DRD5|GSK3A|ATP2B4|ADRA2A|GNAS|GPR101|GNAI2|GPR88|ADCY9|RGS2|ADRA2B|ADRA2C|PDE4B|ZDHHC21|PDE4D,https://www.gsea-msigdb.org/gsea/msigdb/human/geneset/GOBP_ADRENERGIC_RECEPTOR_SIGNALING_PATHWAY,30,ENR,GOBP_ADRENERGIC_RECEPTOR_SIGNALING_PATHWAY,1,1E-3,GOBP_ADRENERGIC_RECEPTOR_SIGNALING_PATHWAY,FALSE,GOBP_ADRENERGIC_RECEPTOR_SIGNALING_PATHWAY
42,3,3,3,0.999,,1E-3,,KANK1|MYOC|RIPOR1|ITGA3|TNFAIP1|STMN1|CCDC125|MET|ARHGAP30|ITGB1|BCL6|KCTD13|DLC1|FLCN|SCAI|ABL2|ARHGAP35|RIPOR2|CUL3|ARHGAP42|KCTD10|HEG1|RASIP1,https://www.gsea-msigdb.org/gsea/msigdb/human/geneset/GOBP_NEGATIVE_REGULATION_OF_RHO_PROTEIN_SIGNAL_TRANSDUCTION,23,ENR,GOBP_NEGATIVE_REGULATION_OF_RHO_PROTEIN_SIGNAL_TRANSDUCTION,1,1E-3,GOBP_NEGATIVE_REGULATION_OF_RHO_PROTEIN_SIGNAL_TRANSDUCTION,FALSE,GOBP_NEGATIVE_REGULATION_OF_RHO_PROTEIN_SIGNAL_TRANSDUCTION
4,3,3,3,0.999,,1E-3,,BMP4|MYC|HAND2|HIF1A|FOXA1|WNT11|HESX1|WNT3A|PGR|PITX2|VDR|CFL1|SIX1|WNK4|GLMN|RARG|DLG1|MKS1|NPNT|GLI3|NKX2-1|DAG1|BRD2|DLC1|BBS4|FZD3|IFT122|ADM|TCF21|C2CD3|EFNB2|TGIF1|DEAF1|RDH10|NTN1|LAMA5|MAGED1|PRKD2|MTSS1|PKD1|BCL10|CSF1|NUP50|CSF1R|NKX3-1|PSEN1|SPRY1|SPRY2|IGF1|RBPJ|CXCL10|PPP3R1|SIRT6|EPHA2|SIX4|SRC|CTNND1|TCAP|OVOL2|SALL1|FOXP1|RNF207|RYR2|MESP1|SIX2|SMO|TIE1|STK3|DVL2|MTHFD1|PIK3CD|STK4|SUFU|HOXD11|PPP1CA|PTCH1|VEGFA|ADAMTS16|PKD2|PKHD1|PRICKLE1|PROX1|ESR1|LCN2|AGTR2|NCKAP1|AR|TBX20|BCL2|CTSZ|PFN1|STIL|MMRN2|GATA3|RPS7|NOTCH2|TACSTD2|SOX17|TBX3|GREM1|C1ORF54|CECR2|SKI|DCHS1|MTHFD1L|CITED1|MTHFR|CCM2|CLIC4|FGFR2|EDN1|CCDC39|EDNRA|LGR4|NOTCH4|WDR83|HOXB7|WT1|EPHA7|WNT2B|WNT9B|AHI1|SOX18|RHOA|MIB1|LIAS|MEF2C|MDK|MEGF8|MMP14|RSPO2|GDNF|TRIM71|PAK1|HES5|TNF|MED1|SFRP2|TEAD2|MICAL2|SEMA3E|IHH|KDR|SEMA4C|CITED2|PERP|KRAS|CELSR1|GRHL2|ST14|CSMD1|ABL1|SCRIB|MSX2|NDRG4|PAX2|PAX8|PODXL|SPINT2|RET|SPECC1L|GREB1L|NFATC4|SHH|ENG|FGF1|CDK20|ALX1|MET|PHACTR4|PRKACA|CC2D2A|VANGL2|BMP7|NRARP|OPA1|SLIT2|BMP2|EYA1|EGF|FGF10|FGF8|KIF20B|SOSTDC1|SOX8|LRP5|TGFB2|CAV3|HMGA2|SLC39A12|LHX2|DLL1|PRKX|RALA|MYCN|PLXNB2|WNT5A|CASP3|ACVR1|CTNNBIP1|BBS5|BBS7|FOXF1|SMAD3|TFAP2C|GZF1|HOXA11|PML|TMEM59L|HNF1B|STOX1|MED12|DLG5|LZTS2|NKX2-5|PHB2|DLL4|STARD13|SRF|APLNR|CLUAP1|ESRP2|NR3C1|SEC24B|IFT172|OSR1|RHOB|IFT52|IFT57|KLHL3|HAND1|MKKS|DDR1|CTHRC1|RASIP1|SALL4|SETDB2|FOXC2|NOG|HOXA5|PBX1|WNT2|COBL|TIMELESS|AREG|TULP3|SDC4|FZD6|LGR5|SFRP1|TMED2|TWIST1|GNA13|CTSH|HHIP|ILK|KAT2A|TBX2|ACVRL1|APAF1|LMO4|CCDC40|DNAAF1|VASP|KDM5B|ZIC3|ARHGAP35|HS2ST1|PRKACB|HS3ST3A1|HS3ST3B1|EPHA4|AGT|FKBPL|FOXD1|FUZ|WNT1|PLXND1|LUZP1|CTNNB1|EXT1|KIF26B|HES1|LAMA1|NOTO|TGFBR2|GRHL3|FOLR1|TRAF6|PTK7|LRP2|TSC1|TSC2|ITGAX|SMAD4|GATA4|ZEB2|ADAMTS12|GPC3|IRX1|IRX2|IRX3|TCTN1|BTRC|WNT6|RARA|TGFB1|NOTCH1|FGF2|NRP1|CEP290|ETV5|GLI2|YAP1|CSNK2B|RGMA|FOXN4|GDF7|LHX1|ARL13B|NPHP3|DVL1|COL4A1|NODAL|TNC|ASB2|LEF1|RBM15|BMP5|BSG|CASR|FOXH1|KDM2B|CCL11|SPINT1|WNT4|SOX9,https://www.gsea-msigdb.org/gsea/msigdb/human/geneset/GOBP_EPITHELIAL_TUBE_MORPHOGENESIS,337,ENR,GOBP_EPITHELIAL_TUBE_MORPHOGENESIS,1,1E-3,GOBP_EPITHELIAL_TUBE_MORPHOGENESIS,FALSE,GOBP_EPITHELIAL_TUBE_MORPHOGENESIS
1,3,3,3,0.999,,1E-3,,IRX5|BMP4|GRHL2|SMAD2|EIF4A3|MTHFD1|MTHFD1L|SIX1|PDGFRA|FGFR2|GLI3|SLC39A3|TBX1|RUNX2|MMP16|RDH10|WNT9B|WDR19|PRRX1|LHX1|TFAP2A|TGFBR1|NODAL|DLX2|IFT140|NDST1|MMP14|FOXC2|HOXA2|PAX5|NIPBL|SMAD3|TULP3|TBX15|TWIST1|TGFBR2|MED12|SLC39A1|HOXA1|SIX4|FGF8|CHST11|SIX2,https://www.gsea-msigdb.org/gsea/msigdb/human/geneset/GOBP_EMBRYONIC_CRANIAL_SKELETON_MORPHOGENESIS,43,ENR,GOBP_EMBRYONIC_CRANIAL_SKELETON_MORPHOGENESIS,1,1E-3,GOBP_EMBRYONIC_CRANIAL_SKELETON_MORPHOGENESIS,FALSE,GOBP_EMBRYONIC_CRANIAL_SKELETON_MORPHOGENESIS
88,3,3,3,0.999,,1E-3,,BMP4|HAND2|CAV3|PHLPP1|KCNJ8|MINK1|BECN1|DLG1|ZFP36L1|DSC2|LGALS9|MAP3K3|MAP2K6|SPHK1|MAPKAPK2|MAP2K3|PER1|MFHAS1|HGF|SASH1|GADD45A|DUSP1|LEP|RELL2|PTPN22|DSG3|PRMT1|EZR|TREM2|MAP3K15|MAP3K20|MAP3K6|MAP3K5|PJA2|CYLD|DAB2IP|GADD45B|GDF6|AGER|ZC3H12A|DUSP10|ATF2|RELL1|MAPK11|MAPK14|MAP1LC3A|OPRK1|MAP3K7|GADD45G|ULK4|MAP3K4|SPI1|BMP2|STK39|ZFP36|IL1B,https://www.gsea-msigdb.org/gsea/msigdb/human/geneset/GOBP_P38MAPK_CASCADE,56,ENR,GOBP_P38MAPK_CASCADE,1,1E-3,GOBP_P38MAPK_CASCADE,FALSE,GOBP_P38MAPK_CASCADE
19,3,3,3,0.999,,1E-3,,MAPKAPK3|APPL1|RAB34|APPL2|CAV1|STX1B|PPT1|PYCARD|AXL|ANKFY1|NR1H2|KCNN4|NR1H3|CARMIL1|DOCK2|PROM2|CLN3|SNX5|CDC42|SNX33|EHD4|AHSG|MAPKAPK2,https://www.gsea-msigdb.org/gsea/msigdb/human/geneset/GOBP_PINOCYTOSIS,23,ENR,GOBP_PINOCYTOSIS,1,1E-3,GOBP_PINOCYTOSIS,FALSE,GOBP_PINOCYTOSIS
,3,3,3,0.999,,1E-3,,ANXA2|GSN|SH3GLB1|SYTL4|MYH9|RAB3A|ASAP1|ATP10A|FASLG|S100A10|AHNAK|WASL|NOX5|ATP8B1|XRCC4|DNM2|CASP7,https://www.gsea-msigdb.org/gsea/msigdb/human/geneset/GOBP_REGULATION_OF_PLASMA_MEMBRANE_ORGANIZATION,17,ENR,GOBP_REGULATION_OF_PLASMA_MEMBRANE_ORGANIZATION,1,1E-3,GOBP_REGULATION_OF_PLASMA_MEMBRANE_ORGANIZATION,FALSE,GOBP_REGULATION_OF_PLASMA_MEMBRANE_ORGANIZATION
50,3,3,3,0.999,,1E-3,,B3GAT3|CSGALNACT1|DSE|TM9SF2|EXTL2|NDST2|GLCE|HS2ST1|HS3ST1|HS3ST2|HS3ST3A1|HS3ST3B1|HS3ST4|HS3ST6|HS6ST1|EXT2|HS6ST2|EXTL3|HS6ST3|NDST1|B3GALT6|GLB1|NDST3|NDST4|IDUA|HS3ST5|PXYLP1|CTNNB1|SLC35D2|EXT1|TCF7L2|VANGL2|XYLT1|XYLT2|GNS|GPC1|GUSB|IDS|EXTL1|SGSH|SULF1|SULF2|UGDH|NAGLU|HGSNAT|HPSE,https://www.gsea-msigdb.org/gsea/msigdb/human/geneset/GOBP_HEPARAN_SULFATE_PROTEOGLYCAN_METABOLIC_PROCESS,46,ENR,GOBP_HEPARAN_SULFATE_PROTEOGLYCAN_METABOLIC_PROCESS,1,1E-3,GOBP_HEPARAN_SULFATE_PROTEOGLYCAN_METABOLIC_PROCESS,FALSE,GOBP_HEPARAN_SULFATE_PROTEOGLYCAN_METABOLIC_PROCESS
32,3,3,3,0.999,,1E-3,,ACTR10|HIF1A|MAPT|AGBL4|TRAK1|LRPPRC|TRAK2|AGTPBP1|MGARP|KIF1B|ARMCX3|KIF5B|HSBP1|KIFBP|RHOT1|RHOT2|MAP1B|SPAST|FEZ1|NEFL|WASF1|HDAC6|UXT|OPA1|UBB|SYBU|MAP1S|UCHL1,https://www.gsea-msigdb.org/gsea/msigdb/human/geneset/GOBP_ESTABLISHMENT_OF_MITOCHONDRION_LOCALIZATION_MICROTUBULE_MEDIATED,28,ENR,GOBP_ESTABLISHMENT_OF_MITOCHONDRION_LOCALIZATION_MICROTUBULE_MEDIATED,1,1E-3,GOBP_ESTABLISHMENT_OF_MITOCHONDRION_LOCALIZATION_MICROTUBULE_MEDIATED,FALSE,GOBP_ESTABLISHMENT_OF_MITOCHONDRION_LOCALIZATION_MICROTUBULE_MEDIATED
28,3,3,3,0.999,,1E-3,,ATM|MAP3K20|CYBA|CRYAB|KDM1A|RPL26|YAP1|ATR|HRAS|HSF1|TSPYL5|WRN|XRCC5|XRCC6|ZMPSTE24|BCL2L1|TLK2|CDKN1A|GTF2H5|CHEK2|EGR1|TP53|ELK1|TREX1|TMEM109|RAD51|MDM2,https://www.gsea-msigdb.org/gsea/msigdb/human/geneset/GOBP_CELLULAR_RESPONSE_TO_GAMMA_RADIATION,27,ENR,GOBP_CELLULAR_RESPONSE_TO_GAMMA_RADIATION,1,1E-3,GOBP_CELLULAR_RESPONSE_TO_GAMMA_RADIATION,FALSE,GOBP_CELLULAR_RESPONSE_TO_GAMMA_RADIATION
71,3,3,3,0.999,,1E-3,,CNTN2|EPHB2|SEMA5A|CASP3|CNR1|MEGF8|CNTN4|NRP1|EPHA3|AMIGO1|NCAM2|NRCAM|CDK5R1|TNFRSF21|ARHGAP35|NDN|RTN4|CRTAC1|EPHA4|EPHB3,https://www.gsea-msigdb.org/gsea/msigdb/human/geneset/GOBP_AXONAL_FASCICULATION,20,ENR,GOBP_AXONAL_FASCICULATION,1,1E-3,GOBP_AXONAL_FASCICULATION,FALSE,GOBP_AXONAL_FASCICULATION
54,3,3,3,0.999,,1E-3,,SEMA6B|SEMA6C|SEMA6D|SLIT3|UNC5C|SEMA7A|DPP4|ITGB3|PLXNA3|EFNA5|EPHA7|WNT5A|ROBO1|FLRT2|ROBO2|FLRT3|RHOA|RYK|NTN1|LGR6|PDGFA|SEMA3F|SEMA5A|NRG1|NRG3|SLIT1|NRP2|PLXNA4|ITGAV|SLIT2|SEMA3A|SEMA3B|SEMA3C|SEMA3D|SEMA4A|SEMA3E|SEMA3G|SEMA4B|SEMA4C|SEMA4D|SEMA4F|SEMA4G|SEMA5B|APOA1|SEMA6A,https://www.gsea-msigdb.org/gsea/msigdb/human/geneset/GOBP_NEGATIVE_CHEMOTAXIS,45,ENR,GOBP_NEGATIVE_CHEMOTAXIS,1,1E-3,GOBP_NEGATIVE_CHEMOTAXIS,FALSE,GOBP_NEGATIVE_CHEMOTAXIS
2,3,3,3,0.999,,1E-3,,METRN|ACTN3|WNT3A|ADCY10|MAP1B|PAFAH1B1|NEFL|CD4|NTN1|PAX6|HMGB1|BTK|STK25|IL6ST|CASP8|MTOR|NIN|CYLD|PPP1CC|MAG|DRD2|DUSP10|SOX11|PLA2G3|NKX6-2|PNP|RNF112|ZNF488|NOTCH2|WDR62|HLA-G|MYF5|AP3D1|MYF6|CAPRIN1|SRRT|SLC30A1|KLHL25|BNC1|BRD4|ATXN1|DSCAM|EFNA5|ELL3|LRP8|RHOA|L1CAM|MEGF8|GPR68|FXR2|GRM5|NTRK3|PRKCA|TNF|NLRP3|CUX1|TGM2|SEMA4D|CRABP2|XBP1|PIK3R6|ACTB|MAP2K2|ACTL6A|ACTL6B|AGER|ARID1A|RAB21|ARID1B|ARID2|PCID2|GOLGA4|IFNG|IL4|BRD7|SHH|RELA|SOX10|NTRK2|ACIN1|LPAR3|MALT1|PRKCZ|SIRT2|MACF1|STAT5A|TRPC5|BTN2A2|ASPM|KAT5|FN1|AMIGO1|KDM1A|RND2|CD46|OTP|PRKCI|RASSF10|CAMK2B|CD80|RUNX3|SHTN1|SOCS1|CD86|TOX|GPRASP3|NPTN|TIAM2|MYOG|PCK1|TYROBP|FES|PBRM1|PHF10|GPR65|HOXA11|HLA-DRA|HLX|NUMB|SERPINF1|IL2RG|IL4I1|IL4R|PRKDC|IL5|BIN1|CHODL|LGALS1|CUX2|NFKBID|NUMBL|SEMA7A|SHB|SMAD7|SOCS5|PLAG1|FMR1|TNFRSF1B|ID2|SMARCA2|SMARCA4|SMARCB1|SMARCC1|SMARCC2|SMARCD1|ZBTB1|SMARCD2|ZBTB7B|LIG4|SMARCD3|SMARCE1|RGS14|CD27|ZBTB46|BAIAP2|ZNF365|LGALS3|BCL6|CDH5|XRCC2|XRCC6|EPHA4|MYOD1|DBN1|SS18L1|ABCB1|PLXND1|CLCF1|FXR1|ANAPC2|CTNNB1|ID4|HES1|TNFRSF12A|IL2RA|MAP2K1|TGFB1|NOTCH1|PRMT5|TREM2|FGF2|NRP1|FOXP3|GLI2|MAP6|RELN|MYRF|PROC|ADAM8|ADIPOQ|ROBO1|RUFY3|ROBO2|QKI|ARMCX5-GPRASP2|SEMA5A|ANXA1|IL10|IL2|IL6|IL7R|PPP3CA|ZFYVE27|EP300|CALCA|WNT3|CCL19|NR2E1|FBXW8|BMP4|HIF1A|PDE3A|MAP3K13|LIF|POU4F1|PRKCH|CCR1|NGF|GLI3|HCLS1|OPRM1|DAG1|BRD2|FZD3|SART1|CD74|SLITRK1|PLXNB1|PTPRC|CREB1|HDAC1|CSF1|LIMK1|CX3CL1|CX3CR1|RPTOR|CXCL12|MPL|BDNF|CXCR4|ASCL1|SHOX2|CDON|SMO|SNW1|FOXG1|TNFSF4|AP3B1|CDKL3|VEGFA|F11R|XRCC5|AURKA|FADD|BAD|BMPR2|BCL2|DMRTA2|GAS6|GATA3|BRAF|MME|SHANK3|NAP1L1|IL1RAPL1|SOX4|TESC|RB1|FZD4|IL17A|IL1B|IL23A|IL34|ADD1|CBFB|GDI1|E2F1|CLDN5|ITGB1|FOS|KIT|KLF10|KITLG|WNT10B|IL36B|LCK|LGALS9|S1PR2|NKX6-1|EEF2K|LYN|BCL11A|MDK|TRIB1|MMP14|GPER1|EGR2|HAX1|HDAC6|DICER1|PAK1|NCKAP1L|LMOD3|NEDD9|SKIL|ZMIZ1|IHH|CAPRIN2|PF4|KRAS|MAN2A1|MAPT|ADNP|DHX36|PLXNC1|PTN|HSF1|EGR3|TENM4|ISLR2|PLXNB3|TWF2|OPA1|SLIT2|CUL7|SPI1|BMP2|STAT5B|SYK|SOX8|OBSL1|TNFRSF11A|AMBRA1|TNFSF11|ZFP36L1|PLXNB2|VEGFC|PPP2R3C|ZAP70|SPEN|CTNNBIP1|TIAM1|CDH4|RHOH|PTPRZ1|ZNF335|DDRGK1|NKAP|EPHB2|RFX3|VNN1|ADAM7|SOX12|SOX13|SRF|HAP1|TESPA1|TNFSF9|ZBTB16|PARP6|ANKRD27|GFAP|TP73|SLC9B2|WNT2|RASGRP1|PPARGC1B|STK11|TRPV2|OCSTAMP|IST1|IL15RA|CD101|RHEB|EEIG1|TRAK1|EVI2B|RIPK2|TM4SF19|AXL|NEURL1|SMURF1|SERPINE2|CLEC7A|CR1|CDKL5|DISC1|HLA-DRB1|IL12B|IL12RB1|IL18|DCSTAMP|DCT|CD83|IL21|IL23R|TGFBR2|PTPRD|TRAF6|LRP2|TRIM32|TMPRSS12|LILRB4|LTA|TSPO|HDAC2|ZEB2|OLIG2|RARA|IL15|SASH3|UFL1|TBC1D24|SLC7A5|IL1RL2|TLR9|ETV5|IL7|VSIR|LILRB2|IL20|STAU2|MYB|INPP5D|NRDC|LEF1|TTBK1|TMEM64|ITPKA|ITPKB|NFKBIZ|FOXO3|ADA|RAG1|CLCN2|RIPK1|RUNX1|SPINT1|MECP2,https://www.gsea-msigdb.org/gsea/msigdb/human/geneset/GOBP_POSITIVE_REGULATION_OF_CELL_DEVELOPMENT,439,ENR,GOBP_POSITIVE_REGULATION_OF_CELL_DEVELOPMENT,1,1E-3,GOBP_POSITIVE_REGULATION_OF_CELL_DEVELOPMENT,FALSE,GOBP_POSITIVE_REGULATION_OF_CELL_DEVELOPMENT
1,3,3,3,0.999,,1E-3,,ID3|STIL|WNT11|EFNA1|NOG|COBL|COL2A1|GLI1|NOTO|YAP1|CRB2|EPHA2|TEAD2|WNT5A|NCKAP1|PPP1R35|GDF3|SOX9,https://www.gsea-msigdb.org/gsea/msigdb/human/geneset/GOBP_NOTOCHORD_DEVELOPMENT,18,ENR,GOBP_NOTOCHORD_DEVELOPMENT,1,1E-3,GOBP_NOTOCHORD_DEVELOPMENT,FALSE,GOBP_NOTOCHORD_DEVELOPMENT
23,3,3,3,0.999,,1E-3,,CRY1|SREBF1|ASS1|ABCB1|CPS1|CREB1|GLP2R|GLP1R|HMGCS2|PRKACA|GNAS|CDO1|FUT1|PRKAR1A|CCNA2|ADCY8|CYC1|MT-CYB|GCG|GCGR,https://www.gsea-msigdb.org/gsea/msigdb/human/geneset/GOBP_RESPONSE_TO_GLUCAGON,20,ENR,GOBP_RESPONSE_TO_GLUCAGON,1,1E-3,GOBP_RESPONSE_TO_GLUCAGON,FALSE,GOBP_RESPONSE_TO_GLUCAGON
11,3,3,3,0.999,,1E-3,,ACVR1C|NR5A1|SEMG2|ZWINT|BMP4|LIF|GPR149|ZP4|NPPC|GJA1|EAF2|KIT|WDR77|TRIP13|WT1|WNT5A|PTGDS|ZP3|CDKN1B|PRDX4|NKX3-1|IGF1|HORMAD1|MYH9|PTGDR2|SERPINF1|ARHGDIB|DUSP1|EPPIN|NANOS2|SNAI1|MAEL|TIMP1|ELF5|FBXO5|CHFR|SHB|PLAT|TPST2|UBE2B|WEE2|NPR2|DDB1|NLRP5|ASTL|BCL2L1|NODAL|ZP1|OVOL1|SPINK13|ZP2|PAEP|PDIK1L|ZFPM2|PKMYT1|YBX3|ADA|BMP7|RAD1|RPS6KA2|CALR|STK11|SYCP2|DMRT1|WNT4|FBXO43|HPGDS|OVGP1|SOD1|STK35|SULF1|TEX11|KNL1|TTK|SEMG1,https://www.gsea-msigdb.org/gsea/msigdb/human/geneset/GOBP_NEGATIVE_REGULATION_OF_REPRODUCTIVE_PROCESS,75,ENR,GOBP_NEGATIVE_REGULATION_OF_REPRODUCTIVE_PROCESS,1,1E-3,GOBP_NEGATIVE_REGULATION_OF_REPRODUCTIVE_PROCESS,FALSE,GOBP_NEGATIVE_REGULATION_OF_REPRODUCTIVE_PROCESS
49,3,3,3,0.999,,1E-3,,RPGRIP1|WRAP73|TOGARAM1|BBS1|BBS2|GORAB|MKS1|CEP126|ENKD1|BBS4|IFT122|C2CD3|IFT80|MAP4|ATMIN|BBS10|DISC1|CEP131|CEP135|FUZ|CEP250|IFT140|INTU|BBS7|TMEM17|MAK|TMEM216|TMEM80|IFT74|KCNF1|CEP350|CSNK1D|RP1|KCNJ10|SEPTIN7|SEPTIN9|DCTN1|CLCN4|MAPRE1|EXOC5|HAP1|CEP290|IFT172|TTC8|IFT88|IFT52|PCM1|KCNQ1|IFT57|POC1A|TBC1D32|TMEM107|MKKS|ARL13A|ARL13B|NPHP3|DYNC2H1|CC2D2A|CCDC13|TTBK2|PIBF1|VANGL2|GFY|CEP89|RPGRIP1L|CC2D2B,https://www.gsea-msigdb.org/gsea/msigdb/human/geneset/GOBP_NON_MOTILE_CILIUM_ASSEMBLY,66,ENR,GOBP_NON_MOTILE_CILIUM_ASSEMBLY,1,1E-3,GOBP_NON_MOTILE_CILIUM_ASSEMBLY,FALSE,GOBP_NON_MOTILE_CILIUM_ASSEMBLY
,3,3,3,0.999,,1E-3,,SMYD3|ASS1|CASP9|TGFB1|ATP5F1A|ERRFI1|SRD5A1|NR3C1|CFLAR|EIF4E|AXIN2|FBXO32|PCK1|PCK2|ABCB1|DDIT4|CBX3|METTL21C|MSTN|AQP1|TFAP4|FECH|RPS6KB1|SERPINF1|JAK2|BMI1|USP8|CRH|TBX2,https://www.gsea-msigdb.org/gsea/msigdb/human/geneset/GOBP_CELLULAR_RESPONSE_TO_DEXAMETHASONE_STIMULUS,29,ENR,GOBP_CELLULAR_RESPONSE_TO_DEXAMETHASONE_STIMULUS,1,1E-3,GOBP_CELLULAR_RESPONSE_TO_DEXAMETHASONE_STIMULUS,FALSE,GOBP_CELLULAR_RESPONSE_TO_DEXAMETHASONE_STIMULUS
17,3,3,3,0.999,,1E-3,,CCL28|ONECUT1|ACTN3|MINK1|CFL1|HRG|CCR7|NPNT|DAG1|DLC1|CD34|JUP|RRAS|COL13A1|GFUS|PKD1|GSK3B|CSF1|EPDR1|CX3CL1|OTOA|ITGA5|ITGAV|ITGB5|ITGB6|RASA1|SRC|CD36|FGA|FGB|HOXD3|PIK3CB|BCAM|TMEM8B|COL17A1|PIP5K1A|COL5A3|VEGFA|EMILIN1|FREM1|TRPM7|EMP2|MSLN|NID2|PKHD1|SGCE|SNED1|ARHGAP6|TESK2|FBLN5|THSD1|SIGLEC1|BCL2|BCL2L11|SORBS1|MYOC|PPFIA1|UTRN|PARVG|PEAK1|SKAP1|CDK5|GREM1|CIB1|HOXA7|MYF5|DMTN|ADAM9|ADAMTS13|VWA2|ADAM15|ITGA1|ITGA2|ITGA2B|ITGA3|ITGA4|ITGA6|ITGA7|ITGA9|CDH13|ITGAL|ITGB1|ITGB3|ITGB7|JAM3|ITGAM|EFNA5|ITGB1BP1|ITGB2|PTEN|RHOA|ITGA11|L1CAM|ACTN2|LYVE1|MADCAM1|MMP14|MMP12|STRC|TECTA|PPM1F|LDB1|MAP4K4|NF1|SEMA3E|KDR|PECAM1|ABL1|EPB41L5|PTK2|NF2|PTK2B|PTPRJ|RAC1|THBS3|ROCK1|ITGB4|CDKN2A|STON1|TAOK2|SERPINE1|DAPK3|MACF1|RHOD|THBS1|POLDIP2|THY1|EPHA3|FN1|FUT1|PLPP3|EDA|VCAM1|CD63|LIMS1|CDH11|DUSP22|TIAM1|PTPRK|GPM6B|SMAD3|MKLN1|CTTN|TNXB|ITGA10|ACTG1|CLASP1|ITGAD|ACTN1|CDK6|CLASP2|ITGAE|ITGBL1|PTPRA|TIMM10B|SRF|FAM107A|LIMCH1|ZYX|COL3A1|CORO2B|DDR1|SLC9A1|NEXMIF|RCC2|CORO1C|FERMT3|PPFIA2|SDC4|SFRP1|AJUBA|ANGPTL3|ILK|ACVRL1|AJAP1|JAG1|BCL6|ONECUT2|CASK|CAMSAP3|S100A10|ARHGEF7|ADAMTS9|ITGA8|CD3E|CD96|WHAMM|CEACAM6|DISC1|DUSP3|COL16A1|ANXA2|ECM2|EFEMP2|FGG|EPHA1|CTNNB1|SVEP1|TLN1|TNN|PIK3R1|PLET1|FERMT1|NID1|PLEKHA2|TSC1|ITGAX|RIN2|ITGB8|VCL|ADAMTS12|HPSE|ACER2|LYPD3|NRP1|PHLDB2|PLAU|WDPCP|MUC4|APOD|TRIP6|LEF1|BCR|TEK|BST1|POSTN|CCN2|CD44|SLK|ROCK2|VTN|FERMT2|WNT4|CCL21|CCL25,https://www.gsea-msigdb.org/gsea/msigdb/human/geneset/GOBP_CELL_MATRIX_ADHESION,235,ENR,GOBP_CELL_MATRIX_ADHESION,1,1E-3,GOBP_CELL_MATRIX_ADHESION,FALSE,GOBP_CELL_MATRIX_ADHESION
56,3,3,3,0.999,,1E-3,,ACVRL1|SIX1|SNX17|JAG1|HECTD1|EDNRA|ADAMTS9|EFNB2|PDGFRB|GAA|LOXL1|NGFR|BMPR1A|MEGF8|NDST1|EFEMP2|EGR2|PLXND1|NKX3-1|RBPJ|HES1|TGFBR2|MYLK|LEP|LRP2|FKBP10|SMAD6|AP2B1|HEY1|NAGLU|DLL4|LRP1|MYH10|NOTCH1|SUFU|SRF|APLNR|TFAP2B|SEC24B|CHD7|TBX1|COL3A1|PKD2|PRICKLE1|PROX1|ROBO1|ROBO2|FAM3D|NPRL3|HEY2|ENG|PCDHA10|PRDM1|LOX|ADAMTS6|CNTRL|DCTN5|SOX4|FOXH1|EYA1|PDE2A|FGF8|TAB1|TBX2|TGFB2,https://www.gsea-msigdb.org/gsea/msigdb/human/geneset/GOBP_AORTA_DEVELOPMENT,65,ENR,GOBP_AORTA_DEVELOPMENT,1,1E-3,GOBP_AORTA_DEVELOPMENT,FALSE,GOBP_AORTA_DEVELOPMENT
2,3,3,3,0.999,,1E-3,,BMP4|HMGA2|CDH1|HESX1|PITX2|FGF2|PITX1|SOX3|SRD5A1|MSX1|GLI1|GLI2|NKX2-1|DRD2|INHBB|OTP|PROP1|WNT5A|PAX6|BMPR1A|SLC6A3|GHRH|NOG|CREB1|POU3F2|GATA2|RBPJ|ALDH1A2|HES1|TBX19|GHRHR|BMP2|ISL1|POU1F1|SIX3|WNT4|SOX2|LHX3|NR0B1|FGF10|FGF8|SALL1,https://www.gsea-msigdb.org/gsea/msigdb/human/geneset/GOBP_PITUITARY_GLAND_DEVELOPMENT,42,ENR,GOBP_PITUITARY_GLAND_DEVELOPMENT,1,1E-3,GOBP_PITUITARY_GLAND_DEVELOPMENT,FALSE,GOBP_PITUITARY_GLAND_DEVELOPMENT
69,3,3,3,0.999,,1E-3,,DYRK1A|TAF9B|TAF1|ATAD5|HAPSTR1|PSMD10|TAF3|MORN3|KDM1A|DYRK3|NOP53|SIRT1|MLXIPL|SNAI2|CD74|ELL3|RRM2B|TRIAP1|AARS1|BDKRB2|YJU2|BCL2|MUC1|MIF|ARMC10|CSNK2A1|RNF34|TAF9|MARCHF7|CD44|TWIST1|PTTG1IP|SNAI1|RRN3|BCL2L12|RFFL|ZNF385A|ING2|MDM2|PRKN,https://www.gsea-msigdb.org/gsea/msigdb/human/geneset/GOBP_NEGATIVE_REGULATION_OF_SIGNAL_TRANSDUCTION_BY_P53_CLASS_MEDIATOR,40,ENR,GOBP_NEGATIVE_REGULATION_OF_SIGNAL_TRANSDUCTION_BY_P53_CLASS_MEDIATOR,1,1E-3,GOBP_NEGATIVE_REGULATION_OF_SIGNAL_TRANSDUCTION_BY_P53_CLASS_MEDIATOR,FALSE,GOBP_NEGATIVE_REGULATION_OF_SIGNAL_TRANSDUCTION_BY_P53_CLASS_MEDIATOR
45,3,3,3,0.999,,1E-3,,BMPR1A|WNT3A|MTA1|FGF2|GATAD2A|FGFR1|GATAD2B|HDAC1|LMO4|ESRP1|FZD7|MBD3|CHD3|SOX17|MTA2|SFRP2|RBBP7|RBBP4|DKK1|HDAC2|MTA3|CHD4|MESP1,https://www.gsea-msigdb.org/gsea/msigdb/human/geneset/GOBP_REGULATION_OF_CELL_FATE_SPECIFICATION,23,ENR,GOBP_REGULATION_OF_CELL_FATE_SPECIFICATION,1,1E-3,GOBP_REGULATION_OF_CELL_FATE_SPECIFICATION,FALSE,GOBP_REGULATION_OF_CELL_FATE_SPECIFICATION
21,3,3,3,0.999,,1E-3,,FGF1|PKM|IL10|JCAD|PDPK1|FGF2|DLL1|GHRL|GHSR|HMGB1|BMPER|JMJD8|SMAD1|FUT1|KLF4|ITGA5|TNN|VEGFA|S100A1|JAK1|CLIC3|TGM2|DSG2|TJP1,https://www.gsea-msigdb.org/gsea/msigdb/human/geneset/GOBP_POSITIVE_REGULATION_OF_SPROUTING_ANGIOGENESIS,24,ENR,GOBP_POSITIVE_REGULATION_OF_SPROUTING_ANGIOGENESIS,1,1E-3,GOBP_POSITIVE_REGULATION_OF_SPROUTING_ANGIOGENESIS,FALSE,GOBP_POSITIVE_REGULATION_OF_SPROUTING_ANGIOGENESIS
18,3,3,3,0.999,,1E-3,,ATP2B1|BMP4|ACTN3|VDR|ADRB2|CCN1|OSR1|PTN|RXRA|PKDCC|RXRB|P2RX7|WNT10B|ACVR2A|PTH|LTF|BMPR2|TENT5A|SLC20A2|TFAP2A|ALOX5|FZD9|ACVR2B|ANO6|MEF2C|ACVR1|BMPR1A|OSR2|ADGRV1|BMP6|TMEM119|GPM6B|SMAD3|BMP7|ATRAID|FBN2|ISG15|BMP2|KL|BMPR1B|WNT4|NELL1|SLC8A1|FAM20C,https://www.gsea-msigdb.org/gsea/msigdb/human/geneset/GOBP_POSITIVE_REGULATION_OF_BONE_MINERALIZATION,44,ENR,GOBP_POSITIVE_REGULATION_OF_BONE_MINERALIZATION,1,1E-3,GOBP_POSITIVE_REGULATION_OF_BONE_MINERALIZATION,FALSE,GOBP_POSITIVE_REGULATION_OF_BONE_MINERALIZATION
87,3,3,3,0.999,,1E-3,,ANGPT1|ADGRA2|DCN|DLL1|HRG|ITGB1|ITGB3|VEGFB|NUS1|VEGFC|VEGFD|CD63|PDGFRB|FLT3|MYO1C|JCAD|IL12B|NRP2|CCBE1|SPRY2|ITGA5|TNXB|FLT4|TSPAN32|ADGRG1|KDR|SMOC2|SEMA6A|PGF|PIK3CB|FOXC1|PIK3CD|NRP1|PDGFRA|DAB2IP|VEGFA|EMILIN1|PROX1|ROBO1|ADAMTS3|PTP4A3|FLT1|RELA|PIK3CA|GAB1|NR2F2|GREM1|VTN|IL12A|CADM4,https://www.gsea-msigdb.org/gsea/msigdb/human/geneset/GOBP_VASCULAR_ENDOTHELIAL_GROWTH_FACTOR_SIGNALING_PATHWAY,50,ENR,GOBP_VASCULAR_ENDOTHELIAL_GROWTH_FACTOR_SIGNALING_PATHWAY,1,1E-3,GOBP_VASCULAR_ENDOTHELIAL_GROWTH_FACTOR_SIGNALING_PATHWAY,FALSE,GOBP_VASCULAR_ENDOTHELIAL_GROWTH_FACTOR_SIGNALING_PATHWAY
42,3,3,3,0.999,,1E-3,,CD2AP|ITGA3|PPP2CB|CYRIB|CCDC125|ITGB1|BCL6|DLC1|SCAI|ARHGAP35|KCTD10|SYNGAP1|SPRY3|SPRY4|ARHGAP12|ARHGAP17|RASA3|RIPOR1|ARHGAP22|TRIM67|ARHGAP25|SPRY1|ARHGAP29|SPRY2|ARHGAP30|ARHGAP45|NF1|CUL3|STAMBP|RABGEF1|HEG1|EPHB2|RASAL3|ARHGAP24|TNFAIP1|STMN1|MAPKAP1|NUP62|DAB2IP|SH3BP1|MFN2|ABL2|RIPOR2|ARHGAP42|CGNL1|GMIP|RASA4|STMN3|RASIP1|KANK1|LZTR1|ARHGAP44|MYOC|MET|KCTD13|FBP1|WNK1|SLIT2|FLCN|GIT1|RASA2|RASA4B|RASAL1|TGFB2,https://www.gsea-msigdb.org/gsea/msigdb/human/geneset/GOBP_NEGATIVE_REGULATION_OF_SMALL_GTPASE_MEDIATED_SIGNAL_TRANSDUCTION,64,ENR,GOBP_NEGATIVE_REGULATION_OF_SMALL_GTPASE_MEDIATED_SIGNAL_TRANSDUCTION,1,1E-3,GOBP_NEGATIVE_REGULATION_OF_SMALL_GTPASE_MEDIATED_SIGNAL_TRANSDUCTION,FALSE,GOBP_NEGATIVE_REGULATION_OF_SMALL_GTPASE_MEDIATED_SIGNAL_TRANSDUCTION
47,3,3,3,0.999,,1E-3,,BMAL1|RFX3|SMO|BMP4|ONECUT1|RHEB|PDPK1|INSM1|DLL1|CLOCK|AKT1|PAX4|GDF11|PDX1|SIDT2|WNT5A|BAD|BHLHA15|NKX6-1|RFX6|IER3IP1|PAX6|GSK3A|GSK3B|BMP6|BMP5|CDH2|CDK6|GATA6,https://www.gsea-msigdb.org/gsea/msigdb/human/geneset/GOBP_TYPE_B_PANCREATIC_CELL_DIFFERENTIATION,29,ENR,GOBP_TYPE_B_PANCREATIC_CELL_DIFFERENTIATION,1,1E-3,GOBP_TYPE_B_PANCREATIC_CELL_DIFFERENTIATION,FALSE,GOBP_TYPE_B_PANCREATIC_CELL_DIFFERENTIATION
2,3,3,3,0.999,,1E-3,,C1QC|IL34|TGFB1|TRIB1|LIF|CSF1|GATA2|PRKCA|HCLS1|INHA|INHBA|CALCA|CASP8|ID2|PTPN2|RIPK1|HSF1|ZBTB46|RB1|ADIPOQ|FADD|QKI|TAOK3|PF4,https://www.gsea-msigdb.org/gsea/msigdb/human/geneset/GOBP_REGULATION_OF_MACROPHAGE_DIFFERENTIATION,24,ENR,GOBP_REGULATION_OF_MACROPHAGE_DIFFERENTIATION,1,1E-3,GOBP_REGULATION_OF_MACROPHAGE_DIFFERENTIATION,FALSE,GOBP_REGULATION_OF_MACROPHAGE_DIFFERENTIATION
4,3,3,3,0.999,,1E-3,,BMP4|MYC|AMPD2|CD2AP|WNT11|ANGPT1|LIF|SIX1|DLL1|WNK4|DLG1|NPNT|CFLAR|GLI3|IQGAP1|CD34|COMT|TCF21|PDGFRB|PDGFA|LAMA5|PDGFB|MAGED1|CTNNBIP1|MTSS1|NUP107|NUP133|PKD1|EGR1|GZF1|HOXA11|TMEM59L|HNF1B|DCHS2|SIX4|LZTS2|SALL1|HEYL|SIX2|SMO|COL4A4|FOXC1|HOXD11|POU3F3|TFAP2B|PTCH1|OSR1|BASP1|EDNRB|VEGFA|ADAMTS16|PKD2|KLHL3|AGTR2|BCL2|FOXJ1|AQP11|ENPEP|FOXC2|GATA3|NOG|PBX1|NOTCH2|TACSTD2|CD24|GREM1|PLCE1|ILK|IL6R|DCHS1|CALB1|ITGA3|CITED1|ANGPT2|JAG1|UMOD|NPHS1|ITGB3|EDN1|EDNRA|LGR4|ERBB4|HOXB7|HS2ST1|WT1|NUP160|WNT2B|HS3ST3A1|WNT9B|AHI1|COL4A3|HS3ST3B1|MAGI2|ACTA2|AGT|FOXD1|MEF2C|GDNF|WNT1|CTNNB1|EXT1|KLF15|AQP1|KIF26B|HES1|HES5|LAMB2|NOTCH3|NID1|NUP85|SMAD4|KIRREL3|PDGFD|PECAM1|SLC22A1|GPC3|IRX1|IRX2|IRX3|WNT6|TGFB1|NOTCH1|FGF2|WNT7B|SEC61A1|PDGFRA|WWTR1|PAX2|PAX8|PODXL|PTPRO|YAP1|GPR4|RET|ACAT1|MPV17|ADIPOQ|GREB1L|LHX1|SHH|SLC22A6|FGF1|PROM1|PPP3CA|ASXL1|TEK|VANGL2|BMP7|BMP2|EYA1|MYO1E|SERPINB7|NPHS2|WNT4|FGF8|STAT1|SOX9|SULF1|SULF2|SOX8,https://www.gsea-msigdb.org/gsea/msigdb/human/geneset/GOBP_NEPHRON_DEVELOPMENT,160,ENR,GOBP_NEPHRON_DEVELOPMENT,1,1E-3,GOBP_NEPHRON_DEVELOPMENT,FALSE,GOBP_NEPHRON_DEVELOPMENT
29,3,3,3,0.999,,1E-3,,ANKFN1|CHRNB2|KDM5A|PHLPP1|CRY2|NGF|RORB|NTRK1|NCOR1|NKX2-1|NR0B2|OGT|ATF5|BHLHE40|NR1H3|CAVIN3|HTR7|SETX|KCND2|CDK1|GFPT1|RPE65|MAGED1|COL6A1|SFPQ|GSK3B|PRKAA2|CREB1|HDAC1|IGF1|SIRT6|LEP|BHLHE41|MTOR|NR1D1|MAPK9|AGRP|PER2|CLDN4|GABRB3|ID1|NAMPT|PPP1CA|PPP1CB|PPP1CC|DRD2|USP7|PROX1|ADRB1|F7|ADORA1|PER3|TP53|RORC|TARDBP|NDUFA9|THRAP3|PDE6B|SRRD|USP2|ASS1|ATOH7|SIAH2|KLF10|LGR4|PTEN|RAI1|SPSB4|JUND|DRD4|EZH2|GNA11|GPR157|NGFR|MYCBP2|NOCT|NTRK3|HCRTR2|OPN4|PROK2|TNF|CSNK1D|HUWE1|UBE3A|NUDT12|MAPK10|PIWIL2|MAGEL2|USP9X|PSPC1|AANAT|MYBBP1A|EGR3|NOS2|OPN3|PPARGC1A|GHRH|NTRK2|CIPC|GPR176|NPY2R|SIN3A|AHR|PPARG|MTNR1A|TNFRSF11A|BMAL2|CCAR2|CIART|PASD1|KAT5|SUV39H2|ATF4|ATG7|MTTP|NPAS2|PER1|EGR1|HDAC3|PML|SIK1|KLF9|KMT2A|C3ORF70|PRKCG|PRKDC|MTNR1B|CRY1|DYRK1A|FBXW7|FBXW11|SIRT1|ID2|KDM2A|SUV39H1|NLGN1|MAPK8|MTA1|TIMELESS|GHRHR|HNRNPU|GNAQ|TOP1|SIX3|HEBP1|NFILZ|PROKR1|PROKR2|HNF4A|OPN5|ROGDI|NFIL3|ADORA2A|BECN1|PLN|BLOC1S6|SCN9A|PTGDS|DRD3|METTL3|NRIP1|SCN11A|SREBF1|ABCB1|NONO|FXR1|ID4|SLC6A4|KDM8|IMPDH2|CSF2|SOX14|HDAC2|PARP1|BTBD9|CRH|NAGLU|PPARA|ZFHX3|BMAL1|ZPBP2|BTRC|PRMT5|NR1D2|GHRL|CLOCK|CSNK1E|PRKG1|ADIPOQ|DDB1|NMU|HNRNPD|ID3|FBXL3|KCNA2|EP300|ADCY1|RBM4|ROCK2|RORA|RELB|NCOA2|RBM4B|PRKAA1|CRTC1|TOP2A|NR2F6,https://www.gsea-msigdb.org/gsea/msigdb/human/geneset/GOBP_CIRCADIAN_RHYTHM,207,ENR,GOBP_CIRCADIAN_RHYTHM,1,1E-3,GOBP_CIRCADIAN_RHYTHM,FALSE,GOBP_CIRCADIAN_RHYTHM
121,3,3,3,0.999,,1E-3,,TIFAB|AHR|PDE3A|CPS1|ERRFI1|HMGCS2|SRD5A1|AKAP7|KDM1A|ZFP36L1|TRPM4|INHBB|P2RY6|PDXP|P2RX7|ATP5PO|HCN4|RAP1A|ENPP1|RAP1B|RAPGEF2|IGFBP5|CFTR|CRHBP|PKLR|PER1|BIRC2|GATA1|INPP5K|SSH1|KCNJ11|P2RX6|VGF|RYR3|PANX1|DNTT|PIK3CG|COL1A1|CDO1|PKD2|SCX|NPR2|RAPGEF3|DUOX1|AREG|TOP2B|P2RX2|HSP90B1|ITPR2|TOP1|DMTN|IL1B|ASS1|TAF1|KCNJ8|NDUFS4|NT5E|ALAS1|ASPH|CITED1|HCN1|HCN3|GUCD1|FOS|P2RX1|P2RY1|AKAP9|P2RY2|SLC5A5|RAPGEF1|WT1|TRPV1|WNT10B|KCNE1|STC1|EEF2K|SREBF1|DGKQ|DUOX2|SLC6A4|AQP1|PENK|HCN2|FOSB|DUSP1|P2RY11|REN|P2RX4|P2RY12|PDE4D|AQP8|AQP9|MMP19|EZR|ABCC9|TLR7|TYR|FDX1|AANAT|KCNQ1|SLC26A3|CRTC3|AKAP6|CNGA3|ADIPOQ|SLC8A3|CARM1|APP|RELA|OXT|CIB2|PNPT1|SLC6A3|LPAR1|BSG|THBD|FBP1|PDE2A|SLC26A6|P2RX3|P2RX5|P2RY4|SOD1|STAT1|GPD1|TRPC3|CRTC1|CRTC2,https://www.gsea-msigdb.org/gsea/msigdb/human/geneset/GOBP_RESPONSE_TO_ORGANOPHOSPHORUS,128,ENR,GOBP_RESPONSE_TO_ORGANOPHOSPHORUS,1,1E-3,GOBP_RESPONSE_TO_ORGANOPHOSPHORUS,FALSE,GOBP_RESPONSE_TO_ORGANOPHOSPHORUS
1,3,3,3,0.999,,1E-3,,FOXF2|SP3|TH|FZD5|WNT16|IFT172|PAX2|ZEB1|STRA6|PROX1|WNT5A|HIPK1|SOX11|HIPK2|TFAP2A|PAX6|PHACTR4|ALDH1A3|TWIST1|BMP7|KDM2B|SIX3|IHH|FRS2|CITED2|TBX2,https://www.gsea-msigdb.org/gsea/msigdb/human/geneset/GOBP_EMBRYONIC_CAMERA_TYPE_EYE_MORPHOGENESIS,26,ENR,GOBP_EMBRYONIC_CAMERA_TYPE_EYE_MORPHOGENESIS,1,1E-3,GOBP_EMBRYONIC_CAMERA_TYPE_EYE_MORPHOGENESIS,FALSE,GOBP_EMBRYONIC_CAMERA_TYPE_EYE_MORPHOGENESIS
,3,3,3,0.999,,1E-3,,RELT|BMP4|ROGDI|HAND2|JAG2|SLC24A4|TP63|GLI3|EDA|EDAR|ODAM|RUNX2|CFTR|APCDD1|DMP1|LAMA5|NKX2-3|DMRT3|NGFR|BMPR1A|TNFRSF11B|RSPO2|SLC34A1|WNT10A|HDAC1|CSF1|CSF3R|CTNNB1|KLK4|SMPD3|ITGB6|TRAF6|HDAC2|SLC4A2|PERP|PPARA|MMP20|SMO|SCN10A|WNT6|TGFB1|FOXC1|AMBN|ANKRD11|NECTIN1|DLX3|SCN5A|DSPP|MSX1|PDGFRA|FST|MSX2|GLI2|NF2|TBX1|KLK5|HAND1|BCL11B|ACVR2A|STIM1|BAX|SHH|ACVR2B|LRP4|BCL2L11|DLX1|DLX2|NFIC|TNC|LEF1|SERPINE1|TCIRG1|BSG|BMP7|CTNNA1|BMP2|AMELX|AMELY|AMTN|FGF10|FGF8|CNNM4|ENAM|SOSTDC1|FAM20A|FAM20C|FOXI3|ODAPH,https://www.gsea-msigdb.org/gsea/msigdb/human/geneset/GOBP_ODONTOGENESIS_OF_DENTIN_CONTAINING_TOOTH,88,ENR,GOBP_ODONTOGENESIS_OF_DENTIN_CONTAINING_TOOTH,1,1E-3,GOBP_ODONTOGENESIS_OF_DENTIN_CONTAINING_TOOTH,FALSE,GOBP_ODONTOGENESIS_OF_DENTIN_CONTAINING_TOOTH
2,3,3,3,0.999,,1E-3,,PITX2|BLOC1S6|SOX3|HAP1|NRP1|SRD5A1|SRD5A2|NCOA1|PLXNA1|PLXNA3|NKX2-1|OTP|PROP1|BAX|NHLH2|NRP2|POU3F2|CTNNB1|FOXB1|UBB|NDNF|RAB3GAP1|SEMA3E|RAX|NR0B1|UQCRQ|CRH,https://www.gsea-msigdb.org/gsea/msigdb/human/geneset/GOBP_HYPOTHALAMUS_DEVELOPMENT,27,ENR,GOBP_HYPOTHALAMUS_DEVELOPMENT,1,1E-3,GOBP_HYPOTHALAMUS_DEVELOPMENT,FALSE,GOBP_HYPOTHALAMUS_DEVELOPMENT
45,3,3,3,0.999,,1E-3,,BMP4|JAG2|FOXA1|LMO4|POU4F1|SIX1|DLL1|PTF1A|ATOH7|GLI3|NKX2-1|ATOH1|ZDHHC16|ZNF521|CDC42|PRRX1|EPOP|DMRT3|PAX6|WNT1|NTRK3|CTNNB1|GATA2|RBPJ|OLIG1|TFAP2C|ARX|NOTCH3|ISL1|GBX1|ISL2|EHMT2|LHX3|SMAD4|IHH|ASCL1|MNX1|OLIG2|DLL4|HOXD10|NOTCH1|TBR1|FOXG1|SUFU|FKBP8|NFIA|ESRP1|GLI2|ID2|PROX1|BCL11B|FOXN4|SHH|PAX7|SOX1|TGFBR1|DLX1|NFIB|DLX2|DMRTA2|NKX6-2|FEV|HOXC10|MYT1L|POU3F2|EYA1|SOX9|TGFB2,https://www.gsea-msigdb.org/gsea/msigdb/human/geneset/GOBP_NEURON_FATE_COMMITMENT,68,ENR,GOBP_NEURON_FATE_COMMITMENT,1,1E-3,GOBP_NEURON_FATE_COMMITMENT,FALSE,GOBP_NEURON_FATE_COMMITMENT
60,3,3,3,0.999,,1E-3,,CD209|CDH1|SCARF1|CDHR3|CLDN1|CLDN6|CLDN9|DSC2|CD177|UNC5D|DSC1|SLITRK1|PKD1|CRTAM|MYPN|CADM1|CX3CL1|ITGA5|MYOT|CEACAM5|ALCAM|CEACAM1|MMP24|PCDH12|CLDN11|DSC3|CLDN12|DSG1|CLDN14|DSG3|CLDN16|PIK3CB|CLDN17|CLDN19|CNTN4|CLDN20|NECTIN1|CLDN22|CLDN23|CLDN4|CLDN7|CLDN8|MPZ|MAG|FAT2|CDH16|PCDHGB4|PCDHA10|IL1RAPL1|DSCAML1|IGSF9|NEXN|CLSTN1|ICAM1|PCDH9|DCHS1|CXADR|ITGA3|ATP2C1|UMOD|CDH13|CLDN3|ITGAL|CLDN5|ITGB1|LRFN3|SLITRK2|JAML|MYADM|DSCAM|ITGAM|EFNA5|ITGB2|ROBO4|FLRT3|PTPRG|L1CAM|NECTIN3|NECTIN4|ROBO3|KIRREL3|PECAM1|CELSR1|DAB1|FAT4|FXYD5|AMIGO2|CADM2|CDHR4|PTPRS|RET|MPZL2|PCDH1|PVR|PCDH10|PCDH11X|PCDH18|PCDH19|ADGRL3|PCDH20|PCDH7|PCDHA1|PCDHA7|PCDHA11|PCDHB6|PCDHA12|PCDHA13|TENM4|PCDHA3|PCDHA4|ELFN1|PCDHA5|ELFN2|PCDHA6|PCDHA8|SELE|SPARCL1|PCDHA9|PCDHAC1|SELL|PCDHB1|SELP|PCDHB12|NECTIN2|PCDHB15|PCDHB7|PCDHB8|PLXNB3|PCDHGA1|PCDHGA10|AMIGO3|PCDHGA11|FAT3|PCDHGA12|WNK1|PCDHGA2|PTPN23|PCDHGA4|PCDHGA5|BMP2|PCDHGA6|PCDHGA7|PCDHGA8|PCDHGA9|PCDHGB1|PCDHGB2|PCDHGB3|PCDHGB5|PCDHGB6|PCDHGB7|CADM4|TGFB2|CDH17|TRO|SDK2|TENM3|AMIGO1|RIC8A|CD164|VCAM1|CDH26|MAP2K5|PLXNB2|CD84|PCDH8|CLDN10|NPTN|PCDHGC3|PCDHGC4|CDH10|PCDHGC5|CDH11|IL1RN|CDH12|CDH15|CDH18|CDH19|CDH20|ACVR1|CDH22|CDH24|CDH4|CDH6|CDH7|CLSTN2|PTPRF|CDH8|CDH9|CDHR2|PTPRR|PTPRT|DCHS2|CDH2|CDH3|SLITRK5|DSG4|LRRC4|FGFRL1|FAT1|PCDHGA3|PALLD|CNTN6|CELSR2|KIFAP3|SLITRK3|CNTN2|NLGN1|NRXN1|PCDH17|CPLANE2|SDK1|CADM3|PCDH11Y|CEACAM8|HMCN1|LGALS7B|IGSF11|PSG11|PSG2|PSG5|SCARF2|IGSF21|AJUBA|APOA1|CDHR5|CDH5|CBLN1|CEACAM6|DSG2|LRFN4|LRRC4B|PTPRM|CD6|GRID2|NTNG1|TGFBR2|NTNG2|PTPRD|PTK7|GPC4|LRRC4C|CLDN15|LRFN5|CLDN2|MAPK7|CLDN18|EMB|IL1RAP|GATA5|HMCN2|CDH23|PCDHAC2|CDHR1|CLSTN3|CRB1|CRB2|ESAM|ADIPOQ|ROBO1|MAPK14|ROBO2|MBP|PCDHB10|MDGA1|PCDHB11|PCDHB13|PCDH15|PCDHB14|PCDHB16|PCDHB2|IL10|PCDHB3|PCDHB4|PCDHB5|PCDHB9|BSG|KLF4|CELSR3,https://www.gsea-msigdb.org/gsea/msigdb/human/geneset/GOBP_CELL_CELL_ADHESION_VIA_PLASMA_MEMBRANE_ADHESION_MOLECULES,278,ENR,GOBP_CELL_CELL_ADHESION_VIA_PLASMA_MEMBRANE_ADHESION_MOLECULES,1,1E-3,GOBP_CELL_CELL_ADHESION_VIA_PLASMA_MEMBRANE_ADHESION_MOLECULES,FALSE,GOBP_CELL_CELL_ADHESION_VIA_PLASMA_MEMBRANE_ADHESION_MOLECULES
1,3,3,3,0.999,,1E-3,,ALPL|BMP4|NAB1|PHOSPHO1|FOXC1|GALNT3|COL2A1|BPNT2|COL1A1|CSGALNACT1|NAB2|PEX7|SCX|NPR2|RUNX2|IFT80|DLX5|MMP16|COL13A1|MEF2C|FGF18|INPPL1|MMP14|BMP6|TMEM119|EXT1|CBS|SMPD3|FGFR3|MMP13,https://www.gsea-msigdb.org/gsea/msigdb/human/geneset/GOBP_REPLACEMENT_OSSIFICATION,30,ENR,GOBP_REPLACEMENT_OSSIFICATION,1,1E-3,GOBP_REPLACEMENT_OSSIFICATION,FALSE,GOBP_REPLACEMENT_OSSIFICATION
14,3,3,3,0.999,,1E-3,,BMP4|NAB1|TRIM16|ETV4|SPRR5|VDR|ZBED2|TP63|DLL1|PRKCH|ERRFI1|ZFP36L1|KRT2|CD109|ATOH1|MYCN|TMEM79|MAFG|NUMA1|SFRP4|EZH2|KEAP1|EXTL3|SFN|PPARD|SGPP1|TFAP2C|KRT36|HES1|KRT84|HES5|MED1|KLF7|NME2|KRT10|OVOL2|GRHL1|MYCL|PKP1|FOXC1|NOTCH1|ABCA12|FGF2|ESRP1|AQP3|PTCH1|MSX2|NAB2|SULT2B1|MACROH2A1|KDF1|IL20|SRSF6|CYP27B1|ROCK1|HEY2|MAFF|REG3G|MACROH2A2|PTCH2|PLAAT4|ELAPOR2|ROCK2|HOXA7|NCOA3|GDF3|ZFP36|ALOX15B,https://www.gsea-msigdb.org/gsea/msigdb/human/geneset/GOBP_REGULATION_OF_EPIDERMIS_DEVELOPMENT,68,ENR,GOBP_REGULATION_OF_EPIDERMIS_DEVELOPMENT,1,1E-3,GOBP_REGULATION_OF_EPIDERMIS_DEVELOPMENT,FALSE,GOBP_REGULATION_OF_EPIDERMIS_DEVELOPMENT
1,3,3,3,0.999,,1E-3,,SKI|ALPL|BMP4|NAB1|PHOSPHO1|TIFAB|ACTN3|GALNT3|CHSY1|TRIP11|COL2A1|RARB|BPNT2|CSGALNACT1|RARG|NPPC|FGFR2|GLI3|ACP5|FOSL2|PEX7|RUNX2|IFT80|INSIG2|ATG9A|ATG9B|DLX5|LTF|STC1|CYP26B1|SFRP4|TFAP2A|TSKU|COL13A1|MEF2C|COL27A1|MEGF8|MATN1|MMP14|GHR|OSR2|SERPINH1|BMP6|CDX1|EXT1|CBS|CER1|HOXA11|IFITM5|TGFBR2|RIPPLY2|TRPV4|SMPD3|IHH|CITED2|MMP13|SHOX2|RARA|TGFB1|FOXC1|COL1A1|FOXN3|MSX1|MSX2|NAB2|POR|FREM1|ATF2|COL3A1|SCX|COMP|NPR2|AXIN2|POC1A|THBS3|TMEM107|LTBP3|MMP16|SP5|ZMPSTE24|BMPR2|EXT2|INSIG1|FGF18|INPPL1|GLG1|TMEM119|TWIST1|PAPPA2|BMPR1B|RAB23|FGFR3|HAS2|SOX9|LRP5|DHRS3,https://www.gsea-msigdb.org/gsea/msigdb/human/geneset/GOBP_BONE_MORPHOGENESIS,96,ENR,GOBP_BONE_MORPHOGENESIS,1,1E-3,GOBP_BONE_MORPHOGENESIS,FALSE,GOBP_BONE_MORPHOGENESIS
120,3,3,3,0.999,,1E-3,,ALAD|ASS1|CAV3|CPS1|CLDN1|CPT1A|HMGCS2|FFAR1|E2F1|DGAT2|SCD|TBXAS1|EDN1|NR1H4|PRKCD|PDX1|INSIG2|JUND|CAT|CD4|CCNB1|CDK4|SREBF1|FFAR3|CREB1|FOXO1|AKR1C1|AKR1C2|HES1|IRS1|FABP3|CD36|GLDC|AKR1C3|PID1|ZC3H12A|ZNF683|AKR1C4|ADIPOQ|SMARCD1|FFAR2|PDK3|PDK4|BOLA3|ID3|PIK3CA|ACSL1|OR51E2|FOXO3|KCNK2|UCP1|LDLR|UCP2|PLCB1|PPP5C|KCNK10|ILDR1|LPL|GIPR|SOX9,https://www.gsea-msigdb.org/gsea/msigdb/human/geneset/GOBP_RESPONSE_TO_FATTY_ACID,60,ENR,GOBP_RESPONSE_TO_FATTY_ACID,1,1E-3,GOBP_RESPONSE_TO_FATTY_ACID,FALSE,GOBP_RESPONSE_TO_FATTY_ACID
42,3,3,3,0.999,,1E-3,,RASGEF1C|RASGRP3|RGL1|RGL3|PPP2CB|RGL4|NGF|RIT1|NTRK1|RIT2|RALA|RRAS2|SHTN1|RAPGEF2|RASGRP2|RRAS|SYNGAP1|NTN1|SPRY3|SPRY4|SYDE1|SYDE2|NRAS|CRKL|CSF1|SPRY1|SPRY2|IGF1|USP50|SQSTM1|RFXANK|STAMBP|EPHB2|RASAL3|SOS2|NUP62|DAB2IP|MFN2|PLK2|RASA4|RGL2|RASGRF1|RASGRF2|RABL3|RAPGEF3|RAPGEF4|TP53|NOTCH2|RASGRP1|GRB2|KSR2|RASSF1|RB1|SHOC2|PLCE1|GNB1|RALB|PLD1|PICALM|EPO|LAT|HRAS|CCNA2|KITLG|PARK7|RAPGEF1|RAPGEF6|CDK2|CDKN1A|RASA3|TRIM67|ADRA2A|IQGAP3|MAP2K1|NF1|KSR1|G3BP1|RABGEF1|USP8|BRAP|KRAS|NOTCH1|FGF2|SDCBP|MAPKAP1|DOK2|DOK3|ERAS|GRAP|GRAP2|RASGRP4|CDKN2A|LZTR1|DOK1|MRAS|ITPKB|FBP1|SOS1|FLCN|MAPKAPK5|RALGDS|RALGPS1|RALGPS2|RAPGEF5|FGF10|RAPGEFL1|RASA2|DHCR24|RASA4B|FOXM1|RASAL1|RASGEF1A|RASGEF1B|TGFB2,https://www.gsea-msigdb.org/gsea/msigdb/human/geneset/GOBP_RAS_PROTEIN_SIGNAL_TRANSDUCTION,114,ENR,GOBP_RAS_PROTEIN_SIGNAL_TRANSDUCTION,1,1E-3,GOBP_RAS_PROTEIN_SIGNAL_TRANSDUCTION,FALSE,GOBP_RAS_PROTEIN_SIGNAL_TRANSDUCTION
38,3,3,3,0.999,,1E-3,,PPARG|WNT3A|LMO3|SIX1|HTR2A|SULT1E1|ZFP36L1|AKT1|WNT5B|NAPEPLD|TRPM4|ENPP1|WNT5A|CCDC3|LRP3|CEBPB|CMKLR1|TRIO|PPARD|ATAT1|CREB1|FOXO1|GATA2|SMAD3|INS|SIRT6|DKKL1|FRZB|LEP|ADIG|CREBL2|FNDC5|NR1D1|STK3|STK4|SOX13|ZBTB16|SIRT1|VEGFA|DUSP10|ID2|SORT1|ZBTB7B|ANKRD26|JDP2|PTGR3|RUNX1T1|RORC|AAMDC|SAV1|ADIRF|GPS2|ZFPM2|MEDAG|WIF1|ZBTB7C|SFRP1|HNRNPU|ZFP36|JAG1|AXIN1|WDFY2|E2F1|CDS1|TAF8|KLF5|VSTM2A|WNT10B|PTPRQ|DDIT3|FFAR4|FTO|TGFB1I1|TRIB2|GPER1|TRIB3|NOCT|WNT1|HDAC6|ID4|HES1|TNF|TRPV4|TPH1|SFRP2|RREB1|MMP11|METRNL|ZNF385A|BMAL1|TGFB1|GNB3|XBP1|PIM1|TFE3|CCN4|MSX2|WWTR1|BBS12|YAP1|ZC3H12A|HTR2C|RARRES2|SNAI2|AXIN2|ADIPOQ|CARM1|MAPK14|SYAP1|CCDC85B|ALOX5|INSIG1|CEBPA|IL6|TMEM64|ASXL1|ASXL2|C1QL4|SOD2|SLC7A10|BMP7|PTGS2|ZFP36L2|FLCN|BMP2|RORA|SIRT2|TLCD3B|DLK2|FERMT2|LPL|GDF3|MEX3C|LRP5,https://www.gsea-msigdb.org/gsea/msigdb/human/geneset/GOBP_REGULATION_OF_FAT_CELL_DIFFERENTIATION,134,ENR,GOBP_REGULATION_OF_FAT_CELL_DIFFERENTIATION,1,1E-3,GOBP_REGULATION_OF_FAT_CELL_DIFFERENTIATION,FALSE,GOBP_REGULATION_OF_FAT_CELL_DIFFERENTIATION
39,3,3,3,0.999,,1E-3,,AKAP12|THBS1|TGFB1|DDR2|PTK2|ITGB1|PAK1|AKT1|AQP1|ITGB3|PRKCE|ARHGEF7|DMTN|BAG4|ACTA2,https://www.gsea-msigdb.org/gsea/msigdb/human/geneset/GOBP_POSITIVE_REGULATION_OF_FIBROBLAST_MIGRATION,15,ENR,GOBP_POSITIVE_REGULATION_OF_FIBROBLAST_MIGRATION,1,1E-3,GOBP_POSITIVE_REGULATION_OF_FIBROBLAST_MIGRATION,FALSE,GOBP_POSITIVE_REGULATION_OF_FIBROBLAST_MIGRATION
,3,3,3,0.999,,1E-3,,POLDIP2|MTMR8|MTMR9|RRAGC|AKT1|MLST8|WDR6|CLEC16A|RPTOR|EIF4G1|SNRNP70|LEP|LEPR|MTOR|KLHL22|SCFD1|FBXL4|KIF25|SEC22B|FEZ2|CPTP|CTSA|DAP|DAPL1|HMOX1|EIF4E|EIF4G2|EIF4G3|ERFE|ADRA1A|HERC1|KDM4A|LZTS1|BCL2|RASIP1|BCL2L1|USP30|RRAGB|RRAGD|STK38L|TIGAR|TP53|BMF|TBC1D14|NRBP2|PHF23|UBQLN4|PPTC7|QSOX1|RBX1|BECN1|RNF41|RNF5|RUBCN|TAB2|TAB3|SMCR8|NUPR1|VPS13C|PINK1|FEZ1|TLK2|HDAC6|SNCA|HGF|NPC1|TMEM39A|HTRA2|TSC1|TSC2|EHMT2|GATA4|TSPO|STAT3|PTPN22|MCL1|TREM2|SLC7A5|USP36|TRIM27|IL10RA|GOLGA2|ZKSCAN3|MTM1|PIK3CA|IL10|RRAGA|VHL|MET|WASHC1|EP300|WNK1|FOXK1|LRRK2|FOXK2|LYPLA1|SIRT2,https://www.gsea-msigdb.org/gsea/msigdb/human/geneset/GOBP_NEGATIVE_REGULATION_OF_AUTOPHAGY,97,ENR,GOBP_NEGATIVE_REGULATION_OF_AUTOPHAGY,1,1E-3,GOBP_NEGATIVE_REGULATION_OF_AUTOPHAGY,FALSE,GOBP_NEGATIVE_REGULATION_OF_AUTOPHAGY
3,3,3,3,0.999,,1E-3,,BMP4|HAND2|HIF1A|WNT11|WNT3A|PITX2|POU4F1|SIX1|ACTC1|ADPRHL1|RARB|BMP10|MKS1|ALPK2|DSP|DAG1|ADAMTS5|DLC1|MYH6|MYH7|C2CD3|TBX5|EVA1A|CDC42|GAA|MYBPC3|GSK3A|CRKL|MYL2|PSEN1|SPRY1|RBPJ|INSR|MYL3|SYNPO2L|MTOR|PKP2|TCAP|OVOL2|FZD2|TNNT2|HEY1|SHOX2|RNF207|RYR2|HEYL|MDM2|MESP1|RYR1|SMO|TMEM100|DVL2|EFNA1|FOXC1|SUFU|PTCH1|VEGFA|MDM4|ATF2|EMP2|PKD2|PRICKLE1|PROX1|HEY2|TBX20|ZMPSTE24|BMPR2|SOX11|TNNI1|STIL|GATA3|TP53|NOTCH2|SAV1|SOX17|SOX4|TBX19|TBX3|CERT1|FHL2|TNNI3|TPM1|ADAM15|DCHS1|OLFM1|KCNJ8|CCN1|CLDN5|FGFR2|EDN1|CCDC39|EDNRA|FLRT2|AHI1|DKK1|SOX18|MIB1|MEF2C|NACA|MEGF8|NRG1|NRP2|FZD1|PDCD4|MED1|SEMA3C|SFRP2|TEAD2|MICAL2|SNAI1|ZMIZ1|SMAD6|IHH|UBE4B|CITED2|LEMD2|GRHL2|SLIT3|ABCC9|PIM1|WNT16|MSX1|MSX2|NDRG4|PTK2|CHD7|TBX1|RAC1|ARID2|SNAI2|AXIN2|ADGRG6|CPE|GREB1L|RTN4|SHH|ENG|S1PR1|TGFBR1|PARVA|PTCD2|NOS3|VANGL2|TREX1|BMP7|SLIT2|SOS1|BMP2|EYA1|NPY2R|JUN|FGF8|TAB1|TGFB2|CAV3|DLL1|FKBP1A|WNT5A|NSD2|ACVR1|ADAMTS1|BBS5|BBS7|FOXF1|SMAD3|MESP2|CCM2L|TGFBR3|NKX2-5|DLL4|SMAD2|SRF|APLNR|ADAMTS19|CLUAP1|FGFRL1|SEC24B|IFT172|SMAD7|TGFB3|IFT52|ID2|IFT57|HAND1|MKKS|POU5F1|SMARCD3|EPHB4|SETDB2|CPLANE2|FOXC2|NEDD4|NOG|WNT2|XIRP2|NIPBL|ZFPM2|TMED2|TWIST1|GJA5|TTN|HAS2|ILK|TBX2|ELN|ACVRL1|ANKRD1|COL11A1|JAG1|COL2A1|CCDC40|DNAAF1|ZIC3|EGLN1|BMPR1A|PLXND1|CTNNB1|EXT1|COL5A1|HES1|NOTO|APC|TGFBR2|FOLR1|ISL1|LRP2|SMAD4|GATA4|HEG1|NAGLU|GATA6|RARA|TGFB1|NOTCH1|NPY5R|TH|NRP1|GATA5|YAP1|PPP1R13L|HTR2B|ZFPM1|MYLK2|ROBO1|ROBO2|FOXN4|ARL13B|NPHP3|DVL1|TNNC1|DNAH11|NODAL|NPY1R|ASB2|RBM15|LEFTY1|RBM20|ASXL1|TEK|BMP5|ALDH1A2|RBP4|FOXH1|FKRP|C10ORF71|SOX9|DHRS3,https://www.gsea-msigdb.org/gsea/msigdb/human/geneset/GOBP_HEART_MORPHOGENESIS,267,ENR,GOBP_HEART_MORPHOGENESIS,1,1E-3,GOBP_HEART_MORPHOGENESIS,FALSE,GOBP_HEART_MORPHOGENESIS
59,3,3,3,0.999,,1E-3,,DCHS1|CALB1|TIFAB|SIX1|CCNA2|WNT5A|PAFAH1B1|SOBP|EPHA4|NECTIN3|HPN|NTRK3|GATA2|HES1|GRHL3|FRZB|PTK7|HOXA1|TBX18|FZD2|MYO7A|DVL2|GABRA5|NECTIN1|GABRB2|SLC17A8|GABRB3|PAX2|ZEB1|CDH23|POU3F4|IFT20|IFT27|TBX1|RAC1|KCNQ1|ADAM10|SLC26A5|HEY2|CTHRC1|DVL1|KCNK3|GATA3|MYO3A|MYO3B|GRXCR1|KCNK2|VANGL2|RPGRIP1L|EYA1|MCM2|SLITRK6|SOX9|CECR2|TBX2,https://www.gsea-msigdb.org/gsea/msigdb/human/geneset/GOBP_COCHLEA_DEVELOPMENT,55,ENR,GOBP_COCHLEA_DEVELOPMENT,1,1E-3,GOBP_COCHLEA_DEVELOPMENT,FALSE,GOBP_COCHLEA_DEVELOPMENT
9,3,3,3,0.999,,1E-3,,SYNGR1|TOR1A|SYNGR2|SYT7|PRRT2|RAB3A|RPH3A|SNAP23|RPH3AL|SNAP29|SNAPIN|SNAP47|STX11|STX19|STX1B|CPLX2|STX2|CPLX4|SYP|DOC2A|SYT1|DOC2B|SYT13|SYT2|ERC2|SNAP25|SYT5|SYT8|SYT9|STXBP1|AP3D1|GRIK5|CPLX1|SYT11|SYT4,https://www.gsea-msigdb.org/gsea/msigdb/human/geneset/GOBP_SYNAPTIC_VESICLE_MEMBRANE_ORGANIZATION,35,ENR,GOBP_SYNAPTIC_VESICLE_MEMBRANE_ORGANIZATION,1,1E-3,GOBP_SYNAPTIC_VESICLE_MEMBRANE_ORGANIZATION,FALSE,GOBP_SYNAPTIC_VESICLE_MEMBRANE_ORGANIZATION
,3,3,3,0.999,,1E-3,,CCL5|LIF|HRG|ITGB3|JAM3|ITGB1BP1|CD3E|LYN|CRK|CRKL|PTPN11|IFT74|LPXN|CXCL13|NCKAP1L|EPHA2|FERMT1|SFRP2|P2RY12|ACER2|EFNA1|EPHA8|PIK3CG|PTK2|DPP4|PLAU|PODXL|PIEZO1|RAC3|PTPN6|CYP1B1|RET|SNAI2|NEXMIF|MUC1|FOXC2|FERMT3|SERPINE1|SKAP1|ADA|TESC|WNK1|CIB1|CCL21|SWAP70|SYK|PDE3B|ADAM9|TGFB2,https://www.gsea-msigdb.org/gsea/msigdb/human/geneset/GOBP_REGULATION_OF_CELL_ADHESION_MEDIATED_BY_INTEGRIN,49,ENR,GOBP_REGULATION_OF_CELL_ADHESION_MEDIATED_BY_INTEGRIN,1,1E-3,GOBP_REGULATION_OF_CELL_ADHESION_MEDIATED_BY_INTEGRIN,FALSE,GOBP_REGULATION_OF_CELL_ADHESION_MEDIATED_BY_INTEGRIN
13,3,3,3,0.999,,1E-3,,CUX2|NLGN3|TBC1D24|ADRB2|CHRNA7|WNT7A|PRKAR1B|PTK2B|GRIA1|RIMS2|RELN|RGS4|PTEN|APP|DVL1|NLGN1|NLGN2|NETO1|NRXN1|STX1A|STX1B|GRIN2B|GRIN2D|SHANK1|GRIN1|SHANK3|DLG4|SSH1|PRKCZ|BAIAP2|GRIN2A|GRIN2C|RIMS1,https://www.gsea-msigdb.org/gsea/msigdb/human/geneset/GOBP_POSITIVE_REGULATION_OF_EXCITATORY_POSTSYNAPTIC_POTENTIAL,33,ENR,GOBP_POSITIVE_REGULATION_OF_EXCITATORY_POSTSYNAPTIC_POTENTIAL,1,1E-3,GOBP_POSITIVE_REGULATION_OF_EXCITATORY_POSTSYNAPTIC_POTENTIAL,FALSE,GOBP_POSITIVE_REGULATION_OF_EXCITATORY_POSTSYNAPTIC_POTENTIAL
52,3,3,3,0.999,,1E-3,,CFAP43|CFAP44|TBC1D21|SPAG6|TPGS1|LRRC46|BBOF1|BBS2|CFAP206|NEURL1|UBE2B|CFAP58|SPEF2|CEP131|CFAP69|PLA2G3|TTLL1|SPAG16|MNS1|CFAP157|CFAP47|CFAP65|CFAP97D1|DNAH1|DRC7|MEIG1|ARMC2|TTC12|CCDC146|TTLL5|FSIP2|PDCL2|ZMYND12,https://www.gsea-msigdb.org/gsea/msigdb/human/geneset/GOBP_SPERM_AXONEME_ASSEMBLY,33,ENR,GOBP_SPERM_AXONEME_ASSEMBLY,1,1E-3,GOBP_SPERM_AXONEME_ASSEMBLY,FALSE,GOBP_SPERM_AXONEME_ASSEMBLY
,3,3,3,0.999,,1E-3,,SEMG2|UBXN1|SVBP|ECM1|RECK|VSIR|FETUB|ATP13A2|CRB2|SERPINB3|CR1|MBP|SERPINB8|A2ML1|SERPINB1|RCN3|SPOCK3|SERPINB13|PRELID1|PRSS22|PSENEN|GRN|SERPINB4|SERPINB9|EPPIN|GAPDH|SPOCK2|TIMP1|TANK|TIMP2|VCP|SEMG1,https://www.gsea-msigdb.org/gsea/msigdb/human/geneset/GOBP_REGULATION_OF_PEPTIDASE_ACTIVITY,32,ENR,GOBP_REGULATION_OF_PEPTIDASE_ACTIVITY,1,1E-3,GOBP_REGULATION_OF_PEPTIDASE_ACTIVITY,FALSE,GOBP_REGULATION_OF_PEPTIDASE_ACTIVITY
57,3,3,3,0.999,,1E-3,,CCL3|KCNJ8|TLR1|TLR6|ITGAM|CST7|ITGB2|SPHK1|TRAF3IP2|TYROBP|PTPRC|SNCA|CX3CL1|CX3CR1|MYD88|GRN|TNF|IL13|JAK2|IFNGR2|NR1D1|NAGLU|IFNGR1|MAPT|TREM2|CALHM2|TLR3|TLR9|AGER|IFNG|AIF1|MMP8|APP|C1QA|FPR2|IL6|TTBK1|AZU1|TAFA3|LDLR|C5AR1|LRRK2|CTSC|STAP1|CLU|JUN|SYT11|SCNN1B|IL33,https://www.gsea-msigdb.org/gsea/msigdb/human/geneset/GOBP_LEUKOCYTE_ACTIVATION_INVOLVED_IN_INFLAMMATORY_RESPONSE,49,ENR,GOBP_LEUKOCYTE_ACTIVATION_INVOLVED_IN_INFLAMMATORY_RESPONSE,1,1E-3,GOBP_LEUKOCYTE_ACTIVATION_INVOLVED_IN_INFLAMMATORY_RESPONSE,FALSE,GOBP_LEUKOCYTE_ACTIVATION_INVOLVED_IN_INFLAMMATORY_RESPONSE
6,3,3,3,0.999,,1E-3,,RNF2|SRF|AMOT|ZBTB17|PLPP3|ZIC3|ETS2|CRB2|PRICKLE1|WNT5A|ACVR2A|LHX1|ACVR2B|TENM4|ACVR1|NODAL|MEGF8|CTNNB1|FOXA2|OTX2|LDB1|SMAD4|FRS2|GDF3|UGDH|LRP5,https://www.gsea-msigdb.org/gsea/msigdb/human/geneset/GOBP_GASTRULATION_WITH_MOUTH_FORMING_SECOND,26,ENR,GOBP_GASTRULATION_WITH_MOUTH_FORMING_SECOND,1,1E-3,GOBP_GASTRULATION_WITH_MOUTH_FORMING_SECOND,FALSE,GOBP_GASTRULATION_WITH_MOUTH_FORMING_SECOND
1,3,3,3,0.999,,1E-3,,SKI|SOX1|BMP4|ABI2|NECTIN1|NECTIN3|CRYGB|TBC1D20|CTNNB1|MEIS1|SHROOM2|PITX3|EPHA2|ATF4|PROX1|TDRD7|SIX3|LCTL|HIPK1|SOX11|CITED2|HIPK2|BCAR3,https://www.gsea-msigdb.org/gsea/msigdb/human/geneset/GOBP_LENS_MORPHOGENESIS_IN_CAMERA_TYPE_EYE,23,ENR,GOBP_LENS_MORPHOGENESIS_IN_CAMERA_TYPE_EYE,1,1E-3,GOBP_LENS_MORPHOGENESIS_IN_CAMERA_TYPE_EYE,FALSE,GOBP_LENS_MORPHOGENESIS_IN_CAMERA_TYPE_EYE
4,3,3,3,0.999,,1E-3,,BMP4|MYC|WNT11|LIF|SIX1|WNK4|DLG1|NPNT|GLI3|PRKX|TCF21|LAMA5|MAGED1|CTNNBIP1|FRAS1|PKD1|GZF1|HOXA11|HNF1A|TMEM59L|HNF1B|SIX4|LZTS2|SALL1|SIX2|SMO|HOXD11|PTCH1|OSR1|BASP1|VEGFA|ADAMTS16|PKD2|KLHL3|AGTR2|ZMPSTE24|BCL2|FOXJ1|GATA3|NOG|GCNT1|PBX1|TACSTD2|SOX4|GCNT4|GREM1|ILK|DCHS1|CALB1|CITED1|LGR4|ERBB4|HOXB7|HS2ST1|WT1|WNT2B|HS3ST3A1|WNT9B|AHI1|HS3ST3B1|AGT|FOXD1|GDNF|WNT1|CTNNB1|KIF26B|HES1|HES5|SMAD4|GPC3|IRX1|IRX2|IRX3|WNT6|TGFB1|FGF2|GCNT3|WNT7B|WWTR1|PAX2|PAX8|GREB1L|LHX1|NPHP3|SHH|FGF1|PPP3CA|ASXL1|VANGL2|BMP7|BMP2|EYA1|LRRK2|WNT4|FGF10|FGF8|STAT1|SOX9|SOX8,https://www.gsea-msigdb.org/gsea/msigdb/human/geneset/GOBP_KIDNEY_MORPHOGENESIS,99,ENR,GOBP_KIDNEY_MORPHOGENESIS,1,1E-3,GOBP_KIDNEY_MORPHOGENESIS,FALSE,GOBP_KIDNEY_MORPHOGENESIS
66,3,3,3,0.999,,1E-3,,TICAM1|PANX1|RIPK2|SPON2|TLR3|TLR4|TLR7|NOD1|SEMA7A|PYCARD|LAPTM5|GPRC5B|MYD88|CARD9|HLA-G|SIRT1|P2RX7|CD74|WNT5A|CD36|LILRB1|PLCG2|RTN4|MAPKAPK2,https://www.gsea-msigdb.org/gsea/msigdb/human/geneset/GOBP_POSITIVE_REGULATION_OF_MACROPHAGE_CYTOKINE_PRODUCTION,24,ENR,GOBP_POSITIVE_REGULATION_OF_MACROPHAGE_CYTOKINE_PRODUCTION,1,1E-3,GOBP_POSITIVE_REGULATION_OF_MACROPHAGE_CYTOKINE_PRODUCTION,FALSE,GOBP_POSITIVE_REGULATION_OF_MACROPHAGE_CYTOKINE_PRODUCTION
27,3,3,3,0.999,,1E-3,,ZNF365|NEUROD2|DLL1|TRNP1|SKOR2|OGDH|HSPA5|RERE|COMT|SEZ6|SERPINE2|ATP7A|CBLN1|AARS1|EZH2|KIF14|OPHN1|CLP1|MDK|KLHL1|SLC25A46|PTPN11|GRID2|COQ8B|LDB1|MAP2K1|FOXP2|UQCRQ|NAGLU|SMO|MYH10|AGTPBP1|WNT7A|GLI1|GLI2|GBA1|HERC1|PROX1|FAIM2|SPTBN2|LHX1|LHX5|TTC21B|KNDC1|NRXN1|TUBA1A|TTLL1|NAV2|TTBK2|CDK5|WHRN|B4GALT2|CEND1|RORA|FKTN|ARCN1,https://www.gsea-msigdb.org/gsea/msigdb/human/geneset/GOBP_CEREBELLAR_CORTEX_DEVELOPMENT,56,ENR,GOBP_CEREBELLAR_CORTEX_DEVELOPMENT,1,1E-3,GOBP_CEREBELLAR_CORTEX_DEVELOPMENT,FALSE,GOBP_CEREBELLAR_CORTEX_DEVELOPMENT
119,3,3,3,0.999,,1E-3,,RNF10|CHRNA1|CHRNA3|CHRNB1|CHRNB2|WNT3A|CHRNB4|AGRN|CHRNA7|CHRND|CHRNE|CHRNG|OPRM1|PSCA|CHRM5|RGS10|LARGE1|RGS8|GNA11|GNA15|GRK2|ARRB2|CHRM2|CRKL|CHRNA2|CHRNA5|CHRNA6|CHRNB3|JAK2|CHRM1|LY6E|CHRM3|STAT3|ITPR1|PRKCB|CHRNA4|ACHE|RELA|CHRM4|PRR7|LYNX1|HRH4|CDK5R1|LYPD1|KPNA1|GNAI2|PLCB1|GNAQ|LY6G6D|LY6H|SLURP2|GNB1|HRH3,https://www.gsea-msigdb.org/gsea/msigdb/human/geneset/GOBP_POSTSYNAPTIC_SIGNAL_TRANSDUCTION,53,ENR,GOBP_POSTSYNAPTIC_SIGNAL_TRANSDUCTION,1,1E-3,GOBP_POSTSYNAPTIC_SIGNAL_TRANSDUCTION,FALSE,GOBP_POSTSYNAPTIC_SIGNAL_TRANSDUCTION
1,3,3,3,0.999,,1E-3,,MFRP|CNTF|NRL|OLFM3|THY1|RPGRIP1|SAMD11|SDK2|ROM1|HCN1|RORB|BBS4|PRKCI|DSCAM|THRB|PPP2R3A|BBS10|RDH13|SAMD7|PAX6|GNGT1|RP1|USH1C|IHH|MYO7A|NAGLU|NKD1|STAT3|NOTCH1|AGTPBP1|TH|CEP290|TTC8|VEGFA|CRB1|CRB2|POC5|RAB37|PRDM1|PROM1|RPGR|GNAT2|NDP|NTRK2|DIO3|FSCN2|TULP1|RPGRIP1L|PDE6C|GNAT1|SOX9|CABP4|NR2E3|SOX8|DZANK1,https://www.gsea-msigdb.org/gsea/msigdb/human/geneset/GOBP_EYE_PHOTORECEPTOR_CELL_DIFFERENTIATION,55,ENR,GOBP_EYE_PHOTORECEPTOR_CELL_DIFFERENTIATION,1,1E-3,GOBP_EYE_PHOTORECEPTOR_CELL_DIFFERENTIATION,FALSE,GOBP_EYE_PHOTORECEPTOR_CELL_DIFFERENTIATION
10,3,3,3,0.999,,1E-3,,SKI|JARID2|FGF9|BMP10|FGFR2|RXRB|ERBB4|TBX5|CCNB1|CDK1|MEF2C|BMPR1A|FES|NRG1|RBPJ|SMAD1|DIPK2A|PRKAR1A|TGFBR3|NKX2-5|GATA6|KRAS|FOXC1|MYH10|NOTCH1|VGLL4|ABL1|FGF2|FGFR1|PIM1|GLI1|NDRG4|YAP1|ARID2|TP73|MAPK11|MAPK14|HEY2|TBX20|TENM4|TGFBR1|FOXC2|NOG|WNT2|SAV1|ZFPM2|KCNK2|RBP4|RUNX1|FGF20|TBX2|TGFB2,https://www.gsea-msigdb.org/gsea/msigdb/human/geneset/GOBP_CARDIAC_MUSCLE_CELL_PROLIFERATION,52,ENR,GOBP_CARDIAC_MUSCLE_CELL_PROLIFERATION,1,1E-3,GOBP_CARDIAC_MUSCLE_CELL_PROLIFERATION,FALSE,GOBP_CARDIAC_MUSCLE_CELL_PROLIFERATION
12,3,3,3,0.999,,1E-3,,CHRNB2|SLC6A2|SPP1|WNK4|HTR2A|RXRA|NR0B2|NR1H2|NR1H3|OSBPL1A|NR1H4|NUS1|COMT|ABCC2|ABCC3|OSBP|KPNA4|PCSK9|CHGA|GRK2|SLC5A3|SOAT1|SLC19A3|STAR|STARD4|TTC39B|CXCL12|SLC29A3|SLCO1A2|SLC27A5|SLCO1B1|SLCO1B3|SLCO2B1|CD36|CEACAM1|ADORA3|CYP19A1|POMC|PIP4K2A|PTCH1|DRD2|ABCA13|APOM|EEPD1|PLA2G10|FCER1G|SLC10A1|AQP11|GPS2|RAB3B|CLU|GRAMD1A|GRAMD1B|ZDHHC8|GRAMD1C|SLC29A4|KCNK9|MSR1|NAXE|OSBPL3|ARL8B|OSBPL6|OSBPL9|RELCH|SELENOM|SLC22A24|ITGB3|TAC1|STARD5|PON1|STRA6|VIP|SLCO1C1|YJEFN3|PARK7|KCNB1|PINK1|SLC22A3|SCARB1|DRD4|SCP2|SERAC1|SDHD|COMMD1|GDNF|BMP6|NOS1|SNCA|NPC1|SLC44A1|CHRNA6|SLC44A2|HTR1B|NFKBIA|DAB2|REN|TGM2|ABCA4|ACTB|SLC51B|CHRNA4|SHH|GALR1|VPS54|SLC2A13|NPY2R|EGF|APOA5|GRM2|MAPK15|APOB|APOC3|APOE|SYK|APOF|CAV1|PPARG|OSBPL5|ABCA7|RALBP1|CFTR|MTTP|TSKU|GAL|FFAR3|HTR1A|GPM6B|PTPN11|ATP8B1|ADRA2B|NFKB1|ADRA2C|DTNBP1|LRP1|OSBPL2|SLC16A1|SNCG|SLC18A1|AQP2|SLC18A2|AQP3|PLTP|SEC24A|SLC18B1|SIRT1|AKR1C4|OSBPL7|VPS53|ABCB11|ABCD3|ABCA2|ABCA3|ABCA8|STARD3|ASIC3|STARD3NL|GNAT1|SYT11|SYT4|APOA1|APOA2|APOA4|APOC1|TOR1A|APOC2|ADORA2A|C1QTNF1|KDM5B|VAPA|CETP|P2RX1|VAPB|P2RY1|VPS51|CHRM5|VPS52|DRD1|SLC49A4|DRD3|ABCA1|AGT|SPG11|ANXA2|SREBF2|SLC16A3|STX1A|STX12|ABCG5|ABCG8|FURIN|ADRA2A|SLC22A2|AKR1C1|SLC6A4|SYT1|AQP1|FLVCR2|SLC5A11|ABCC4|LIPA|TMF1|LILRB1|AQP10|LAMTOR1|TSPO|SLC19A2|AQP7|AQP7B|FLVCR1|SLC22A1|CRH|NPC2|AQP9|PRKN|TREM2|ABCA12|ABCC11|SYT7|ARV1|EMB|GHRL|GHSR|TPCN2|CES1|LDLRAP1|SLC10A2|KCNQ1|SLC10A3|SLC10A4|ACACB|SLC10A5|SLC10A6|VPS4A|VPS4B|ADIPOQ|CYP7A1|MYB|NPC1L1|SLC16A7|SLC16A8|TMEM97|ECRG4|OPRK1|NMB|OXT|SLC5A12|SLC5A8|ABCA5|ABCG1|SLC6A3|SLCO1B3-SLCO1B7|ABCG4|ABAT|ABCB4|TSPO2|KCNA2|LCAT|GABBR1|LDLR|RBP4|LIPC|LIPG|SLC51A|SLC26A6|MAPK3|FGF19|SLC5A1|AGTR1|FGF20|SOAT2|MECP2,https://www.gsea-msigdb.org/gsea/msigdb/human/geneset/GOBP_ORGANIC_HYDROXY_COMPOUND_TRANSPORT,271,ENR,GOBP_ORGANIC_HYDROXY_COMPOUND_TRANSPORT,1,1E-3,GOBP_ORGANIC_HYDROXY_COMPOUND_TRANSPORT,FALSE,GOBP_ORGANIC_HYDROXY_COMPOUND_TRANSPORT
1,3,3,3,0.999,,1E-3,,MFRP|NRL|OLFM3|THY1|ARL3|PCARE|RPGRIP1|SAMD11|BBS1|ROM1|HCN1|RORB|BBS4|PRKCI|THRB|AHI1|RDH13|SAMD7|PAX6|IFT140|GNGT1|RP1|USH1C|MYO7A|NAGLU|TH|CEP290|CDHR1|IFT20|CNGB1|VEGFA|CRB1|CRB2|POC5|RAB37|NPHP4|PRDM1|RPGR|RP1L1|GNAT2|PRPH2|NTRK2|DIO3|FSCN2|TULP1|RPGRIP1L|PDE6C|GNAT1|CABP4|CFAP418|NR2E3|DZANK1|MFSD2A|FAM151B,https://www.gsea-msigdb.org/gsea/msigdb/human/geneset/GOBP_PHOTORECEPTOR_CELL_DEVELOPMENT,54,ENR,GOBP_PHOTORECEPTOR_CELL_DEVELOPMENT,1,1E-3,GOBP_PHOTORECEPTOR_CELL_DEVELOPMENT,FALSE,GOBP_PHOTORECEPTOR_CELL_DEVELOPMENT
86,3,3,3,0.999,,1E-3,,PKD2L1|ACER1|CTSS|GPLD1|GBA1|GPR4|CHP1|KCNK18|TRPV1|LGMN|ASIC2|ABCC8|SLC9A1|GNA11|ARSB|MCOLN1|GPR68|KCNK3|INSRR|GPR151|GPR65|GPR31|CLCN7|HYAL1|ASIC1|ASIC3|SCNN1A|SCNN1D|SERPINF1|HVCN1|RAB11B|SCNN1G|P2RX5|SST|KCNK1|KCNK9|SCNN1B|PKD1L3|RAB11FIP5,https://www.gsea-msigdb.org/gsea/msigdb/human/geneset/GOBP_RESPONSE_TO_PH,39,ENR,GOBP_RESPONSE_TO_PH,1,1E-3,GOBP_RESPONSE_TO_PH,FALSE,GOBP_RESPONSE_TO_PH
20,3,3,3,0.999,,1E-3,,H6PD|HIF1A|REST|PRMT3|DKK3|GNB3|AKR1C3|NR5A2|NR3C1|LHCGR|DUOXA1|PAX8|DUOXA2|PDE8B|ATP1A1|POR|ADM|SLCO1C1|RDH10|ZMPSTE24|ARNT|DGKQ|GAL|STUB1|FFAR3|EGR1|GATA3|BMP6|HPN|BMP5|TCF7L2|FSHR|STC2|CLCN2|DAB2|BMP2|WNT4,https://www.gsea-msigdb.org/gsea/msigdb/human/geneset/GOBP_REGULATION_OF_HORMONE_METABOLIC_PROCESS,37,ENR,GOBP_REGULATION_OF_HORMONE_METABOLIC_PROCESS,1,1E-3,GOBP_REGULATION_OF_HORMONE_METABOLIC_PROCESS,FALSE,GOBP_REGULATION_OF_HORMONE_METABOLIC_PROCESS
2,3,3,3,0.999,,1E-3,,CNTN2|FA2H|SOX10|TENM4|NCSTN|PLP1|NKX6-2|B4GALT6|ABCA2|GPM6B|ID4|MAG|MIOS|HES5|B4GALT5|MYRF|CCDC39|KCNJ10|PTEN|CLU|CNTN1|CNTNAP1|ERCC2|MAL,https://www.gsea-msigdb.org/gsea/msigdb/human/geneset/GOBP_AXON_ENSHEATHMENT_IN_CENTRAL_NERVOUS_SYSTEM,24,ENR,GOBP_AXON_ENSHEATHMENT_IN_CENTRAL_NERVOUS_SYSTEM,1,1E-3,GOBP_AXON_ENSHEATHMENT_IN_CENTRAL_NERVOUS_SYSTEM,FALSE,GOBP_AXON_ENSHEATHMENT_IN_CENTRAL_NERVOUS_SYSTEM
12,3,3,3,0.999,,1E-3,,TOR1A|CHRNB2|SLC6A2|ADORA2A|HTR2A|ITGB3|P2RX1|P2RY1|VIP|COMT|CHRM5|PARK7|DRD1|KCNB1|DRD3|PINK1|SLC22A3|KPNA4|CHGA|DRD4|SDHD|GRK2|STX1A|FFAR3|GDNF|NOS1|SNCA|ADRA2A|SLC22A2|HTR1A|CHRNA6|GPM6B|SLC6A4|SYT1|HTR1B|CXCL12|SLC29A3|LILRB1|TGM2|ADORA3|ADRA2B|ADRA2C|SLC22A1|CRH|DTNBP1|PRKN|SNCG|SLC18A1|ACTB|SLC18A2|GHSR|SLC18B1|DRD2|CHRNA4|FCER1G|OPRK1|OXT|PICK1|SLC6A3|ABAT|KCNA2|GABBR1|NPY2R|RAB3B|GRM2|MAPK15|FGF20|GNAT1|SLC29A4|SYK|SYT11|MECP2|SYT4,https://www.gsea-msigdb.org/gsea/msigdb/human/geneset/GOBP_MONOAMINE_TRANSPORT,73,ENR,GOBP_MONOAMINE_TRANSPORT,1,1E-3,GOBP_MONOAMINE_TRANSPORT,FALSE,GOBP_MONOAMINE_TRANSPORT
15,3,3,3,0.999,,1E-3,,ADAMTS1|MMP2|PGR|GPR149|HPGD|AFP|FOXO3|NOS3|INHBA|INHBB|SIRT1|GAS2|LEP|IMMP2L|NRIP1|EREG|MMP19,https://www.gsea-msigdb.org/gsea/msigdb/human/geneset/GOBP_OVULATION,17,ENR,GOBP_OVULATION,1,1E-3,GOBP_OVULATION,FALSE,GOBP_OVULATION
56,3,3,3,0.999,,1E-3,,BMP4|ACVRL1|HAND2|WNT11|SIX1|JAG1|ADGRF5|EDN1|STRA6|EDNRA|ADAMTS9|EFNB2|PDGFRB|PRRX1|MDK|BMPR1A|MEGF8|EFEMP2|FOXF1|RBPJ|HES1|TGFBR2|NOTCH3|NF1|FOLR1|MYLK|HOXA1|LRP2|FKBP10|ZMIZ1|MYOCD|CITED2|HEY1|NAGLU|DLL4|LRP1|FOXC1|NOTCH1|SRF|NRP1|AKT3|TFAP2B|SEC24B|CHD7|SMAD7|TBX1|ARID2|VEGFA|COL3A1|PKD2|COMP|PROX1|NPRL3|HEY2|RTN4|BMPR2|ENG|PRDM1|TGFBR1|FOXC2|NOG|HPGD|SOX4|LDLR|FOXH1|GJA5|EYA1|APOB|FGF8|HOXA13|APOE|NFATC3|ANGPTL3|TBX2|TGFB2,https://www.gsea-msigdb.org/gsea/msigdb/human/geneset/GOBP_ARTERY_MORPHOGENESIS,75,ENR,GOBP_ARTERY_MORPHOGENESIS,1,1E-3,GOBP_ARTERY_MORPHOGENESIS,FALSE,GOBP_ARTERY_MORPHOGENESIS
32,3,3,3,0.999,,1E-3,,ODAD4|TMEM201|ACTR10|BICD1|HIF1A|AGBL4|ARHGAP21|ADCY10|BORCS6|BORCS7|BORCS8|STK36|CFAP45|DRC1|GJA1|HSBP1|IFT122|KIFBP|KXD1|RSPH4A|MAP1B|BLOC1S1|NEFH|PAFAH1B1|CDC42|NEFL|CEP131|PEX14|SFPQ|CFAP221|CFAP54|DNAH9|SPAG16|SUN2|SYNE2|TRIM58|UBB|MAP1A|UCHL1|DNAAF2|DLG2|AGTPBP1|AP3B1|IFT46|OFD1|ARMCX3|KIF17|KLC3|MAPK8IP3|PCM1|JHY|STARD7|KATNIP|FLOT2|SSX2IP|TUBA1A|BLOC1S2|DYNC2H1|UXT|STAU1|CFAP53|AP3D1|AP3S1|AP3S2|DNAH1|DNAI1|ARL3|ARL8B|DAW1|RAB27B|BICD2|CCDC39|CCDC88C|CLN3|FEZ1|HDAC6|COPG1|COPG2|KIF21A|RABGEF1|CFAP43|MAPT|DNAH5|DPCD|KIF27|MGARP|RAB21|DYNC1I2|SPAG17|HTT|SPA17|KIF13A|KIF16B|KIF1C|LAMP1|OPA1|CLIP3|ARL8A|ATG16L1|RHOT1|ATG5|IFT80|RHOT2|RAB1A|BAG3|CABYR|AP3B2|AP3M1|DYNC1H1|AP3M2|RAB6A|BICDL1|BICDL2|BLOC1S3|BLOC1S4|BLOC1S5|BORCS5|SPG7|KIF4A|CDR2L|DCTN1|MAP1S|DTNBP1|DYNC1I1|RFX3|FBXW11|FYCO1|CILK1|HAP1|CLUAP1|AQP4|DYNC2I1|KIF1A|DYNC2I2|KIF1B|IFT172|KIF3A|IFT22|KIF3B|IFT25|KIF5A|IFT20|IFT27|KIF5B|IFT43|IFT88|KIF5C|IFT52|KIFAP3|IFT56|KIFC2|IFT57|IFT70A|IFT70B|IFT81|LCA5L|MAP2|RABL2B|SPEF2|SPAST|TTC21A|WDR19|MREG|WDR35|NDE1|CCDC38|NDEL1|RPGR|NEK10|WASF1|TERF2|TTLL1|RAB17|RASGRP1|SUN1|HNRNPU|STK11|SYBU|TMEM230|TRAK1|LRPPRC|TRAK2|ROPN1L|TRIM46|BLOC1S6|CCDC40|DNAAF1|RUFY4|CAMSAP3|SNAPIN|CWH43|SSNA1|DNAAF4|DYNC2LI1|DYNLT2B|SPG11|FUZ|DST|IFT140|NETO1|INTU|TMEM108|MAK|IFT74|ODAD3|MAP2K1|DYNLL1|NME5|NME7|HSPB1|SPAG6|DNAAF3|BBS12|GMNC|WDPCP|LCA5|RUFY3|STAU2|NPHP3|APP|TTC21B|DNAH11|APBA1|TUB|NHERF1|TRAF3IP1|PURA|VANGL1|SOD1|DNAAF11,https://www.gsea-msigdb.org/gsea/msigdb/human/geneset/GOBP_MICROTUBULE_BASED_TRANSPORT,230,ENR,GOBP_MICROTUBULE_BASED_TRANSPORT,1,1E-3,GOBP_MICROTUBULE_BASED_TRANSPORT,FALSE,GOBP_MICROTUBULE_BASED_TRANSPORT
11,3,3,3,0.999,,1E-3,,PRDM9|PIWIL2|OOEP|DAZL|MSX1|MSX2|NPM2|MEIOSIN|UBE2B|PLCB1|NPR2|DMRT1|SIRT2|WNT4|WNT5A|RAD51AP1|STRA8,https://www.gsea-msigdb.org/gsea/msigdb/human/geneset/GOBP_POSITIVE_REGULATION_OF_MEIOTIC_NUCLEAR_DIVISION,17,ENR,GOBP_POSITIVE_REGULATION_OF_MEIOTIC_NUCLEAR_DIVISION,1,1E-3,GOBP_POSITIVE_REGULATION_OF_MEIOTIC_NUCLEAR_DIVISION,FALSE,GOBP_POSITIVE_REGULATION_OF_MEIOTIC_NUCLEAR_DIVISION
85,3,3,3,0.999,,1E-3,,BMP4|HIF1A|ERRFI1|NPPC|PCOLCE|CTSB|TMEM131|CTSL|P3H2|P2RX7|RAP1A|CREB3L1|COL6A1|PPARD|RGCC|LARP6|CTSK|TNS2|TNXB|F2|MMP24|DDR2|CTSS|ID1|COL1A1|TGFB3|P3H4|EMILIN1|SCX|ADAMTS14|ADAMTS2|MMP16|MMP17|MMP23B|P3H1|MMP25|MMP27|RCN3|MRC2|MMP7|C6ORF89|F2R|CYGB|AMELX|GOT1|MFAP4|RETREG1|ADAM15|IL6R|RETREG2|RETREG3|ITGA2|TRAPPC8|ITGB1|PLOD3|FOSL2|MMP21|CST3|MMP3|FAP|MMP14|MMP2|MMP28|SERPINH1|FURIN|MMP12|COL5A1|INHBA|P3H3|SMPD3|UCN|CIITA|PEPD|IHH|MMP1|MMP10|MMP11|VIM|MMP13|MMP15|NAGLU|MMP19|MMP20|MMP26|TGFB1|NOTCH1|PRTN3|VIPAS39|PRDX5|VSIR|KLK6|VPS33B|MMP9|CYP7A1|ADAMTS3|MMP8|MYB|CBX8|COL1A2|IL6|TMPRSS6|TRAM2|PRSS2|RUNX1|SERPINB7|SERPINF2|WNT4|SUCO,https://www.gsea-msigdb.org/gsea/msigdb/human/geneset/GOBP_COLLAGEN_METABOLIC_PROCESS,108,ENR,GOBP_COLLAGEN_METABOLIC_PROCESS,1,1E-3,GOBP_COLLAGEN_METABOLIC_PROCESS,FALSE,GOBP_COLLAGEN_METABOLIC_PROCESS
,3,3,3,0.999,,1E-3,,COL4A1|ITGA2|DDR2|COL4A5|COL1A1|COL4A6|UBASH3B|JAK2|GP6|TSPAN9|COL4A2|OSCAR|COL4A3|DDR1|SYK|ITGA11,https://www.gsea-msigdb.org/gsea/msigdb/human/geneset/GOBP_COLLAGEN_ACTIVATED_SIGNALING_PATHWAY,16,ENR,GOBP_COLLAGEN_ACTIVATED_SIGNALING_PATHWAY,1,1E-3,GOBP_COLLAGEN_ACTIVATED_SIGNALING_PATHWAY,FALSE,GOBP_COLLAGEN_ACTIVATED_SIGNALING_PATHWAY
48,3,3,3,0.999,,1E-3,,DUSP2|HMGA2|COL12A1|DUSP4|COL7A1|DUSP5|ITGA4|COL11A1|LAMA3|ITGA7|SOX7|FN1|COL5A2|MIXL1|CTR9|HSBP1|BRD3|ITGB2|COL4A2|DKK1|COL8A1|COL6A1|MMP14|MMP2|CTNNB1|COL5A1|MYH9|HNF1B|ITGA5|LAMB1|INHBA|ITGAV|ITGB5|MAP2K1|DUSP1|CDC73|LAMB3|MMP15|GATA6|MESP1|SMAD2|EOMES|SETD2|MACROH2A1|MMP9|LEO1|MMP8|POU5F1|RTF1|TBX20|LHX1|PAF1|NODAL|NOG|GRB2|SOX17|VTN|SOX2|NR0B1|NANOG,https://www.gsea-msigdb.org/gsea/msigdb/human/geneset/GOBP_ENDODERM_FORMATION,60,ENR,GOBP_ENDODERM_FORMATION,1,1E-3,GOBP_ENDODERM_FORMATION,FALSE,GOBP_ENDODERM_FORMATION
37,3,3,3,0.999,,1E-3,,STAT3|DBH|PPARG|PDPK1|APLN|FGF2|FGFR1|ITGA4|GHRL|AKT3|GHSR|ADAM17|COL4A3|FLT1|MEF2C|TGFBR1|MDK|SP1|PROK1|HMGB1|IGF2|ALDH1A2|NRARP|SIRT6|SLC39A9|CCL2|PLCG1,https://www.gsea-msigdb.org/gsea/msigdb/human/geneset/GOBP_VASCULAR_ENDOTHELIAL_CELL_PROLIFERATION,27,ENR,GOBP_VASCULAR_ENDOTHELIAL_CELL_PROLIFERATION,1,1E-3,GOBP_VASCULAR_ENDOTHELIAL_CELL_PROLIFERATION,FALSE,GOBP_VASCULAR_ENDOTHELIAL_CELL_PROLIFERATION
47,3,3,3,0.999,,1E-3,,BMP4|IL6R|NKX3-2|ONECUT1|RHEB|INSM1|DLL1|PTF1A|WFS1|CCDC40|DNAAF1|AKT1|ONECUT2|ZIC3|GDF11|CCDC39|PDX1|WNT5A|BHLHA15|NKX6-1|RFX6|PAX6|GSK3A|GSK3B|BMP6|FOXF1|CTNNB1|IGF1|IGF2|TCF7L2|HES1|HNF1A|EIF2AK3|HNF1B|INSR|CDH2|ISL1|CDK6|IHH|WLS|MNX1|GATA6|BMAL1|RFX3|SMO|SMAD2|PDPK1|XBP1|MEIS2|NR5A2|CLOCK|PAX4|ZNF808|SRP54|PROX1|SIDT2|BAD|NEUROD1|BAK1|NPHP3|SHH|ACVR2B|IER3IP1|NKX6-2|IL6|MET|BMP5|FOXA2|ALDH1A2|SOX4|CELA1|RBM4|GIP|ILDR2|FGF10|GIPR|SELENOT|ZNF800|SOX9,https://www.gsea-msigdb.org/gsea/msigdb/human/geneset/GOBP_PANCREAS_DEVELOPMENT,79,ENR,GOBP_PANCREAS_DEVELOPMENT,1,1E-3,GOBP_PANCREAS_DEVELOPMENT,FALSE,GOBP_PANCREAS_DEVELOPMENT
4,3,3,3,0.999,,1E-3,,PDGFB|BMP4|IL6R|MYC|EGR1|GATA3|PTCH1|ITGB3|OSR1|CFLAR|BMP7|LIN28A|FLCN|BMP2|SERPINB7|WT1|PDGFRB|STAT1|PDGFD|GPC3|SHH|PDGFA,https://www.gsea-msigdb.org/gsea/msigdb/human/geneset/GOBP_CELL_PROLIFERATION_INVOLVED_IN_KIDNEY_DEVELOPMENT,22,ENR,GOBP_CELL_PROLIFERATION_INVOLVED_IN_KIDNEY_DEVELOPMENT,1,1E-3,GOBP_CELL_PROLIFERATION_INVOLVED_IN_KIDNEY_DEVELOPMENT,FALSE,GOBP_CELL_PROLIFERATION_INVOLVED_IN_KIDNEY_DEVELOPMENT
118,3,3,3,0.999,,1E-3,,IL34|HLA-DRB1|MYC|CTNNBIP1|IRF7|FES|GPR68|CSF1|APCS|DCSTAMP|ZFP36L1|ACIN1|ZBTB46|HOXA7|CD74|CDK6|CD4|FOXP1|INPP5D,https://www.gsea-msigdb.org/gsea/msigdb/human/geneset/GOBP_REGULATION_OF_MONOCYTE_DIFFERENTIATION,19,ENR,GOBP_REGULATION_OF_MONOCYTE_DIFFERENTIATION,1,1E-3,GOBP_REGULATION_OF_MONOCYTE_DIFFERENTIATION,FALSE,GOBP_REGULATION_OF_MONOCYTE_DIFFERENTIATION
16,3,3,3,0.999,,1E-3,,ABRA|NR5A1|BMP4|TMEM201|CABP1|CBLB|CDH1|CRY2|PGR|CFL1|CSE1L|BRAT1|SIX1|ARL2|EFCAB7|FAM53A|FAM53B|FAM53C|FGF9|AKT1|GCKR|GLI3|HCLS1|HEATR3|HIKESHI|BBS4|ING1|NVL|IPO11|IPO13|DCLK2|IPO4|ORMDL3|EPM2A|IPO7|IPO8|IPO9|OSBPL8|RAN|JUP|KPNA4|PINX1|KPNA5|NMD3|KPNA7|AKIRIN2|CDK1|NUP88|PPP1R10|CHCHD10|APPL1|MAGED1|APPL2|NPAP1|NUP107|NUP133|GSK3B|NUP188|NUP214|NUP35|NUP50|NUP54|PSEN1|NUP58|NUTF2|SUN2|PKIG|POM121|INS|POM121C|POM121L2|PPP3R1|SIRT6|PTTG1IP|RANBP17|RANBP2|KPNA3|RANBP6|LEP|RGPD1|SIX4|SRC|F2|RGPD2|CD36|MDFIC|RGPD3|RGPD4|MTOR|RGPD5|RGPD6|RGPD8|RPAIN|MDM2|SIX2|TCP1|SMO|SNUPN|SPRN|STK3|STK4|SUFU|TMCO6|TNPO1|TNPO2|NUP153|PIKFYVE|TNPO3|COL1A1|NUP62|SRSF1|TXNIP|ZIC1|ATF2|ATP13A2|JAK1|WRN|PRICKLE1|TOR1AIP2|OTUD7B|SUPT7L|GBP2|SP100|TP53|TARDBP|CDK5|TRIM8|RPL23|IPO5|IL33|SYNE1|UTP25|FYN|RPL11|POLR1A|TAF3|TAF8|NOP53|LATS1|SKP1|EDN1|LATS2|PRKCD|NUAK2|PARK7|EIF4ENIF1|SUMO1|ZBTB7A|RRP7A|TOPORS|NGFR|MAVS|MFHAS1|MMP12|INTS13|ZPR1|NR4A1|ADAR|NFKBIA|DCLK1|NF1|MED1|SUMO3|NUP85|BARD1|DNAJB6|LMNA|UBR5|XBP1|TOR1AIP1|TOR1B|PYGO1|MSX1|BYSL|WWTR1|NF2|XPO1|IFNG|RASSF5|PYHIN1|HEATR1|CDKN2A|SHH|PAF1|CREBBP|TMEM147|DMAP1|KCNQ3|NOL8|LRRK2|PIN1|SIN3A|CHP2|SYK|ARL2BP|TGFB2|CD2AP|TRIM29|ANGPT1|CNEP1R1|CTDNEP1|CARD10|KAT7|YWHAB|ABCA7|RAP1GDS1|PRKD1|MCRS1|MORC3|BAG3|SESN2|ECT2|CDK5RAP3|E2F3|FLNA|HDAC3|SMAD3|PLK1|PML|EIF2AK3|SQSTM1|SUMO4|YWHAE|YWHAZ|TERT|TFRC|KPNB1|EI24|LZTS2|PHB2|ELAVL1|GLUL|SEC13|DTX3L|ZBTB16|XPA|ILRUN|LIMK2|MARK3|PIK3R2|MEPCE|RRS1|PKIA|PARP9|TRIM28|SUN1|HNRNPU|HDGF|STK11|SIX3|RAB23|WRAP53|TESK1|TOR1A|LARP7|BCL3|DCLK3|ZNF200|CCT2|CHP1|CCT3|CCT4|CCT5|CCT6A|CWH43|DRD1|CCT7|CCT8|TPR|SPG11|TRAF3IP2|CDKN1A|FAM76B|CIZ1|NPM1|NUP98|TCF7L2|DKC1|PIK3R1|PLRG1|FERMT1|JAK2|TSC2|LILRB4|MBTPS1|PARP1|CLDN18|STAT3|HYAL2|PPP3CB|TGFB1|FBXO4|NOTCH1|UFM1|TYK2|HHEX|KPNA6|YAP1|LAMTOR5|ZC3H12A|RANGAP1|MAPK14|APP|DVL1|TRIM40|TXN|HSP90AA1|APOD|GLIS2|PPP3CA|RBM22|CACNB4|POLA2|EP300|KPNA1|KPNA2|CTNNA1|CALR|FERMT2|TMEM98|LMNB1|RPF2|SOX9|TBRG1|LMNB2|NUP155|NUP93,https://www.gsea-msigdb.org/gsea/msigdb/human/geneset/GOBP_PROTEIN_LOCALIZATION_TO_NUCLEUS,327,ENR,GOBP_PROTEIN_LOCALIZATION_TO_NUCLEUS,1,1E-3,GOBP_PROTEIN_LOCALIZATION_TO_NUCLEUS,FALSE,GOBP_PROTEIN_LOCALIZATION_TO_NUCLEUS
58,3,3,3,0.999,,1E-3,,CDH17|ADD1|ABI2|CDH1|CDHR3|TBCD|CDH13|DSP|CDH5|JAM3|CAMSAP3|CDH26|EFNB2|CDC42|CDH10|HIPK1|CDH11|TJP1|CDH12|EPHA4|CDH15|CDH18|CDH19|CDH20|CDH22|CDH24|MTSS1|CDH4|CDH6|CDH7|BMP6|CDH8|CDH9|PLEKHA7|CTNNB1|CSK|NUMB|CDH2|CDH3|DLG5|VCL|RDX|PAK2|DSG3|NUMBL|ACTB|SMAD7|ZNF703|PIP5K1C|VEGFA|ADAM10|SPECC1L|FER|PLEC|RAMP2|PTPN23|FERMT2|INAVA|KIFC3,https://www.gsea-msigdb.org/gsea/msigdb/human/geneset/GOBP_ADHERENS_JUNCTION_ORGANIZATION,59,ENR,GOBP_ADHERENS_JUNCTION_ORGANIZATION,1,1E-3,GOBP_ADHERENS_JUNCTION_ORGANIZATION,FALSE,GOBP_ADHERENS_JUNCTION_ORGANIZATION
117,3,3,3,0.999,,1E-3,,PHIP|SHC1|ZFAND2B|GIGYF1|AKT1|ATXN1|MAP2K5|IGFBP5|COL6A1|GRB10|GHR|WNT1|IGF1R|NKX3-1|IGF1|IGF2|TRIM72|EIF2AK3|IGFBP6|IRS1|IRS2|PIK3R1|CRIM1|MAP2K1|CDH3|ERCC1|CILP|ERCC2|IGFBP2|IGF2R|PDPK1|MAP2K2|GHSR|IGFBP3|IGFBP4|AR|MYORG|PIK3CA|INPPL1|IGFBP1|GIGYF2|GHRH|BMP5|GRB2|GHRHR|SOS1|PLCB1|BMP2|MAPK1|MAPK3|RAF1,https://www.gsea-msigdb.org/gsea/msigdb/human/geneset/GOBP_INSULIN_LIKE_GROWTH_FACTOR_RECEPTOR_SIGNALING_PATHWAY,51,ENR,GOBP_INSULIN_LIKE_GROWTH_FACTOR_RECEPTOR_SIGNALING_PATHWAY,1,1E-3,GOBP_INSULIN_LIKE_GROWTH_FACTOR_RECEPTOR_SIGNALING_PATHWAY,FALSE,GOBP_INSULIN_LIKE_GROWTH_FACTOR_RECEPTOR_SIGNALING_PATHWAY
84,3,3,3,0.999,,1E-3,,PHKA1|SORBS1|PHKG2|ADCY10|HMGB1|PPP1CA|IGF1|IGF2|AKT1|AKT2|INS|INSR|IRS1|PPP1R3B|IRS2|PPP1R3E|DYRK2|PPP1R3G|EPM2AIP1|PTH|GCK,https://www.gsea-msigdb.org/gsea/msigdb/human/geneset/GOBP_POSITIVE_REGULATION_OF_GLYCOGEN_METABOLIC_PROCESS,21,ENR,GOBP_POSITIVE_REGULATION_OF_GLYCOGEN_METABOLIC_PROCESS,1,1E-3,GOBP_POSITIVE_REGULATION_OF_GLYCOGEN_METABOLIC_PROCESS,FALSE,GOBP_POSITIVE_REGULATION_OF_GLYCOGEN_METABOLIC_PROCESS
116,3,3,3,0.999,,1E-3,,GALNT16|GALNT3|ATM|GALNT4|LIF|CNOT9|MARK2|MBOAT4|AKT1|MAP4K1|MKNK1|PRKX|MAD2L2|PRKCD|PRKD1|MORC3|MGAT5B|PTEN|HIPK2|TRIM6|POGLUT1|CDK1|POGLUT2|CDK2|POGLUT3|TLK2|GALNT1|PCK1|PDCD10|PRKD2|PKD1|GSK3B|RASSF2|GALNT2|SPRY2|TBK1|BRSK1|PLK1|SMG1|RPS6KB1|ARAF|HIPK3|GADD45A|STOX1|CREBL2|NLRP2B|PRKDC|IRGM|CLSPN|MAP3K10|STK4|ULK1|LMTK2|ERN1|SRPK2|MAP2K2|PAQR3|PIKFYVE|TNKS|NTMT1|PRKCE|IFNG|PLK2|ROCK1|AURKA|NT5DC2|TENM1|PDK3|TNNI3K|TGFBR1|UHMK1|MAPK8|PFN2|IL6|TTBK1|OSM|BRAF|PRKACA|TTBK2|IL11|EGFR|CDK5R1|CNKSR3|NSD1|ERCC6|RIPK1|NEK6|TOP1|IKBKB|DMTN|RAF1|STK39|GALNT13,https://www.gsea-msigdb.org/gsea/msigdb/human/geneset/GOBP_PEPTIDYL_SERINE_MODIFICATION,93,ENR,GOBP_PEPTIDYL_SERINE_MODIFICATION,1,1E-3,GOBP_PEPTIDYL_SERINE_MODIFICATION,FALSE,GOBP_PEPTIDYL_SERINE_MODIFICATION
38,3,3,3,0.999,,1E-3,,FFAR4|FTO|SOX13|SIX1|PIM1|TFE3|GATA2|NAPEPLD|SLC7A10|INS|BMP7|HNRNPU|PTGS2|SIRT1|TRPV4|DUSP10|FLCN|VSTM2A|LEP|FNDC5|MAPK14|RREB1|ZBTB7B|METRNL,https://www.gsea-msigdb.org/gsea/msigdb/human/geneset/GOBP_REGULATION_OF_BROWN_FAT_CELL_DIFFERENTIATION,24,ENR,GOBP_REGULATION_OF_BROWN_FAT_CELL_DIFFERENTIATION,1,1E-3,GOBP_REGULATION_OF_BROWN_FAT_CELL_DIFFERENTIATION,FALSE,GOBP_REGULATION_OF_BROWN_FAT_CELL_DIFFERENTIATION
19,3,3,3,0.999,,1E-3,,CBLB|VAC14|SCRIB|HIP1|SYT17|USP6|RNF220|ITGB3|ARC|HPCA|RALA|EFNB2|AP2M1|NCDN|DRD4|OPHN1|AP3M1|ATAD1|NRG1|LPAR1|RABEP1|CALY|GSG1L|PPP3R1|NUMB|TAMALIN|AP2A1|AP2A2|AP2B1|SUSD4|AP2S1|USP46|EPS15|MDM2,https://www.gsea-msigdb.org/gsea/msigdb/human/geneset/GOBP_NEUROTRANSMITTER_RECEPTOR_INTERNALIZATION,34,ENR,GOBP_NEUROTRANSMITTER_RECEPTOR_INTERNALIZATION,1,1E-3,GOBP_NEUROTRANSMITTER_RECEPTOR_INTERNALIZATION,FALSE,GOBP_NEUROTRANSMITTER_RECEPTOR_INTERNALIZATION
1,3,3,3,0.999,,1E-3,,HOXA3|BMP4|HAND2|HIF1A|NKX3-2|CHRDL2|FOXA1|WNT11|PGRMC2|CCN3|HMGCS2|RARB|RARG|FGF9|NPPC|BMP10|WNT5B|BMP3|GLI3|OXCT1|BBS4|NR1H4|CD34|RUNX2|ATP7A|PRKG2|PTH1R|PAXIP1|PDGFRB|PDGFA|PDGFB|COL27A1|COL6A1|PPARD|COL11A2|MATN1|PKD1|GHR|OSR2|EPYC|CSF1|IGF1|OTOR|UBB|LEP|HOXB3|HOXD3|SHOX2|SIX2|PTHLH|HOXC4|NFIA|FGF6|COL1A1|NAMPT|ECM1|GDF6|IL17F|SMAD5|ATF2|SCX|IFRD1|NPR2|RFLNA|POC1A|RFLNB|PTH|ZMPSTE24|BMPR2|DLX2|GATA3|RORC|PLAAT3|GREM1|MYF5|RB1|NFATC2|IL6R|PITX1|SELENOM|BBS1|CCN1|BBS2|EVC|ITGB3|FOSL2|THRA|EDN1|HRAS|DYRK1B|WT1|WNT10B|MAF|WNT2B|LARGE1|STC1|MEF2C|MDK|FTO|RSPO2|SERPINH1|BMP6|BGN|CREB3L2|LOXL2|HES5|TRPV4|SMPD3|SFRP2|SNAI1|SPTLC2|WNT9A|IHH|PDGFD|IFRD2|MMP13|ZNF219|BMP1|XBP1|WNT7B|GDF5|MSX1|PBXIP1|MSX2|RASAL2|AMER1|SCIN|SLC26A2|SH3PXD2B|SNAI2|AXIN2|ADGRG6|THBS3|SLC39A14|TGFBR1|PIK3CA|FGF18|PPARGC1A|LOX|PUM2|SLC25A25|BMP7|SPI1|BMP2|MEX3C|SOX8|LRP5|TGFB2|CD2AP|HMGA2|PPARG|ERRFI1|EFEMP1|DGAT2|CFLAR|PKDCC|TGFBI|TRPM4|RXFP1|MYCN|GPR82|IFT80|RUNX3|WNT5A|TSKU|TWSG1|EGR1|PTPN11|SMAD3|CBS|CER1|HOXA11|EIF2AK3|TRPS1|TBL1XR1|CTSK|SATB2|DDRGK1|FRZB|KLF7|SRF|ZBTB16|OSR1|SMAD7|ZEB1|SIRT1|ID2|COL3A1|COMP|HAND1|SORL1|MKKS|BARX2|EXT2|BMP8A|FAM83A|INHBE|EBF2|GLG1|FOXC2|NOG|HOXA5|ADAMTS7|BMPR1B|AMELX|ZNF516|GUCA2B|CHST11|CRIP1|BMP8B|MATN3|MGP|SNORC|KAT2A|UMODL1|ACVRL1|LNPK|GALNT3|CHSY1|CNMD|TRIP11|COL11A1|COL2A1|BPNT2|CSGALNACT1|ARID5A|NCOA1|CYTL1|SNX19|PRRX1|ACTA2|SPART|FOXD1|MUSTN1|BMPR1A|OPTC|ASNSD1|CTNNB1|ID4|EXT1|SMAD1|CHI3L1|COL5A1|HYAL1|HYAL3|SOX5|TGFBR2|LIPA|SLC39A13|HSD17B1|ITGB8|TAPT1|TIMP1|VPS13B|PARP1|ADAMTS12|ABHD15|HYAL2|RARA|TGFB1|NOTCH1|ARRDC3|FGF2|FGFR1|NR5A2|OGN|GHRL|WNT7A|CCN4|GPLD1|POR|CHADL|GPR4|LUM|ACAT1|LTBP3|MAPK14|GDF7|PAX7|SOX6|NFIB|BMP5|CASR|CCN2|CD44|FKRP|MAPK3|RUNX1|SERPINB7|NCOA2|LPL|PRKAA1|FGFR3|MBOAT2|SOX9|SULF1|ARID5B|SULF2,https://www.gsea-msigdb.org/gsea/msigdb/human/geneset/GOBP_CONNECTIVE_TISSUE_DEVELOPMENT,298,ENR,GOBP_CONNECTIVE_TISSUE_DEVELOPMENT,1,1E-3,GOBP_CONNECTIVE_TISSUE_DEVELOPMENT,FALSE,GOBP_CONNECTIVE_TISSUE_DEVELOPMENT
4,3,3,3,0.999,,1E-3,,BMP4|FEM1B|MYC|FOXA1|MAP3K13|PGR|PITX2|VDR|SIX1|DLG1|MKS1|NPNT|GLI3|NKX2-1|DAG1|ADM|RERE|TCF21|RDH10|PDGFA|COL13A1|LAMA5|MAGED1|PKD1|CSF1|NKX3-1|SPRY1|SPRY2|IGF1|PPP3R1|SIRT6|EPHA2|SIX4|SRC|CTNND1|SALL1|SHOX2|SIX2|SMO|TIE1|STK4|HOXD11|PPP1CA|PTCH1|DRD2|VEGFA|ADAMTS16|PKD2|PKHD1|PROX1|ESR1|AGTR2|AR|TBX20|BCL2|CTSZ|PRDM1|RSPO3|DLX2|NTN4|GRB2|TACSTD2|TBX3|GREM1|DCHS1|CITED1|CLIC4|FGFR2|EDN1|EDNRA|LGR4|NOTCH4|HOXB7|WT1|EPHA7|FGF7|WNT2B|WNT9B|FGF13|BCL11A|MDK|MMP14|RSPO2|GDNF|HGF|PAK1|TNF|MED1|SEMA3C|SFRP2|SEMA3E|TGM2|IHH|KDR|GCM1|KRAS|CELSR1|GRHL2|ST14|CSMD1|ABL1|MSX2|PAX2|PAX8|SPINT2|SNAI2|GREB1L|RTN4|NFATC4|SHH|ENG|SOX10|FGF1|MET|VANGL2|LLGL2|BMP7|NRARP|SLIT2|BMP2|EYA1|LRRK2|EGF|FGF10|FGF8|HOXA13|SOX8|LRP5|CAV3|HMGA2|PLXNA1|MYCN|WNT5A|ACVR1|CTNNBIP1|FOXF1|TFAP2C|GZF1|HOXA11|PML|HOXD13|TMEM59L|HNF1B|DLG5|PHB2|DLL4|SRF|FZD5|ESRP2|BTBD7|DDR1|RASIP1|FOXC2|NOG|HOXA5|PBX1|WNT2|TIMELESS|AREG|SFRP1|TMED2|GNA13|CTSH|HHIP|ILK|TBX2|TP63|KDM5B|HOXB13|HS3ST3A1|CRIPTO|HS3ST3B1|AGT|FKBPL|FOXD1|FIGNL2|WNT1|PLXND1|CTNNB1|EXT1|LAMA1|TGFBR2|SMAD4|GPC3|BTRC|WNT6|TGFB1|NOTCH1|FGF2|FGFR1|NRP1|ETV5|GLI2|YAP1|GDF7|LHX1|COL4A1|IL10|TNC|LEF1|RBM15|ERMN|SOCS3|CASR|CCL11|SPINT1|WNT4|FRS2|SOX9|SULF1,https://www.gsea-msigdb.org/gsea/msigdb/human/geneset/GOBP_MORPHOGENESIS_OF_A_BRANCHING_STRUCTURE,210,ENR,GOBP_MORPHOGENESIS_OF_A_BRANCHING_STRUCTURE,1,1E-3,GOBP_MORPHOGENESIS_OF_A_BRANCHING_STRUCTURE,FALSE,GOBP_MORPHOGENESIS_OF_A_BRANCHING_STRUCTURE
33,3,3,3,0.999,,1E-3,,ZDHHC7|CD2AP|OCLN|HK2|RTN2|AKT1|C1QTNF12|AKT2|CAPN10|SLC1A2|PEA15|PRKCI|SGCB|RAP1A|SLC27A4|ENPP1|DRD1|ARPP19|DHRS7C|OSBPL8|RHOQ|SESN2|SLC2A2|APPL1|APPL2|GRB10|CERS1|GSK3A|RAB4B|IGF1|PTPN11|KLF15|CLTCL1|HNF1A|INS|NFE2L2|INSR|SLC27A1|TNF|IRS1|SIRT6|IRS2|PIK3R1|LEP|TERT|CREBL2|TSC1|GPC3|MEF2A|PID1|ASPSCR1|SLC25A27|SLC2A9|ERFE|ACACB|SLC2A1|SLC2A11|PRKAG2|SLC2A14|ADIPOQ|SLC2A3|SORT1|MAPK14|SLC2A7|PTH|PLA2G1B|OPN3|SELENOS|SORBS1|ITLN1|TRARG1|RNASEL|SLC2A4|OSTN|SLC2A5|STXBP3|FGF19,https://www.gsea-msigdb.org/gsea/msigdb/human/geneset/GOBP_D_GLUCOSE_IMPORT,77,ENR,GOBP_D_GLUCOSE_IMPORT,1,1E-3,GOBP_D_GLUCOSE_IMPORT,FALSE,GOBP_D_GLUCOSE_IMPORT
46,3,3,3,0.999,,1E-3,,RBPMS|RBPMS2|REST|RNPS1|CSDE1|AKT1|GTPBP1|SAP18|PARN|SF1|CCNB1|SFSWAP|SLC39A5|SMU1|SNRNP70|CNOT7|SNW1|SON|PABPN1L|SRPK1|SRPK2|SRPK3|SRRM1|SRRM4|SRSF1|PAIP1|SRSF10|SRSF12|SRSF2|SRSF3|SRSF4|SRSF6|SRSF7|SRSF8|SRSF9|SYNCRIP|GIGYF2|TAF15|TARDBP|THRAP3|AGO1|THUMPD2|AGO2|TIA1|AGO3|BOLL|IKBKE|TRA2A|BTG2|TRA2B|CACNG7|CALCR|ZFP36|CAPRIN1|CARHSP1|CNOT1|CNOT10|CNOT11|CNOT2|CNOT3|CNOT4|CNOT6|CNOT8|U2AF2|CNOT9|CPEB3|SENP1|UPF1|DAZL|UPF3A|DCP1A|E2F1|UPF3B|DCP1B|DHX34|DIS3|PRKCD|VIP|WDR77|DND1|WTAP|YBX1|EIF4ENIF1|YTHDC1|ZBTB7A|MAPKAPK2|ZC3H14|FBLL1|FTO|FXR2|GDNF|NOCT|GTSF1|HNRNPAB|IGF2BP1|PRKCA|TRIM71|A1CF|IGF2BP2|IGF2BP3|MYD88|LARP1B|LARP4B|AHCYL1|ALKBH5|ANGEL2|MEX3D|APOBEC1|MOV10|NANOS1|BARD1|NANOS2|NANOS3|CDC73|NICOL1|CDK9|NT5C3B|VIM|PATL1|CNOT6L|PATL2|CPEB1|PIWIL1|PIWIL2|PKP1|PLEKHN1|PNLDC1|CSDC2|PRR5L|RBM33|RBM46|DHX36|RIDA|FASTKD5|HDAC7|HNRNPA0|SAMD4A|SAMD4B|KAT8|SECISBP2|AXIN2|PUM1|SERBP1|ROCK1|BAG4|TENT5A|TENT5B|TENT5C|TENT5D|TNRC6A|PAN2|TNRC6B|PAN3|TNRC6C|TOB1|PNPT1|TRAF5|TTC5|PDE12|PUM2|TUT4|TUT7|PTCD2|YBX3|YTHDF1|ZAR1|ZC3H12D|RNASEL|ACIN1|ZFP36L2|TRAF2|SAFB|ARB2A|SAFB2|ARGLU1|SLTM|TBRG4|TENT4A|TENT4B|NBAS|C1QBP|TIRAP|AGO4|CASC3|ZFP36L1|CDK11A|CDK11B|CELF1|CELF2|CELF3|CELF4|CELF5|CELF6|CIRBP|DIS3L2|CLNS1A|CWC22|DAZAP1|PIAS4|DCPS|DDX17|YTHDF2|YTHDF3|ZC3HAV1|DDX5|ELAVL1|SLC11A1|DHX9|POLR2G|DYRK1A|EIF4A3|ELAVL4|PKP3|RC3H1|RC3H2|EXOSC10|FASTK|FMR1|FUS|LARP1|HMX2|HNRNPA1|MEIOC|HNRNPC|HNRNPK|HNRNPL|HNRNPU|FASTKD2|FASTKD3|IWS1|JMJD6|KHDRBS1|KHDRBS2|KHDRBS3|KHSRP|LARP7|LSM1|ARID5A|PABPC4|TNKS1BP1|MAGOH|MAGOHB|METTL14|METTL16|METTL3|MYOD1|TRAF3IP2|NCBP1|FAM76B|NCBP2|NCL|NOVA1|NOVA2|FXR1|NPM1|NRDE2|NSRP1|NUP98|PABPC1|DCP2|PCBP4|PRDX6|PRMT5|SCGB1A1|PRPF19|IREB2|ZC3H12A|APEX1|PTBP1|PUF60|MAPK14|QKI|RBFOX1|RBFOX2|RBFOX3|HNRNPD|RBM10|RBM11|RBM15|RBM15B|RBM20|RBM23|RBM24|FASTKD1|RBM25|RBM3|RBM38|RBM39|RBM4|RBM42|ROCK2|RBM47|RBM5|RBM7|RBM8A|RBMX|MLH1|RBMXL1,https://www.gsea-msigdb.org/gsea/msigdb/human/geneset/GOBP_REGULATION_OF_MRNA_METABOLIC_PROCESS,298,ENR,GOBP_REGULATION_OF_MRNA_METABOLIC_PROCESS,1,1E-3,GOBP_REGULATION_OF_MRNA_METABOLIC_PROCESS,FALSE,GOBP_REGULATION_OF_MRNA_METABOLIC_PROCESS
6,3,3,3,0.999,,1E-3,,BMP4|MEF2C|WNT11|GATA5|RBPJ|EXT1|FOXH1|BMP2|ISL1|AXIN2|LRP2|WNT5A|ROBO1|ROBO2|DKK1|POU5F1|SMARCD3|MESP1,https://www.gsea-msigdb.org/gsea/msigdb/human/geneset/GOBP_HEART_FIELD_SPECIFICATION,18,ENR,GOBP_HEART_FIELD_SPECIFICATION,1,1E-3,GOBP_HEART_FIELD_SPECIFICATION,FALSE,GOBP_HEART_FIELD_SPECIFICATION
70,3,3,3,0.999,,1E-3,,ACVR1C|IL11RA|FKBP4|RPL29|TRO|C1QBP|LIF|APLF|SPP1|ERRFI1|TPPP3|EPO|ITGB3|GJA1|SMURF2|HMX3|ACVR1B|PRLR|STC1|ACOD1|SYDE1|HSPG2|UBE2Q1|PPARD|INTS1|MMP2|MSTN|SMAD3|A1CF|GRN|LAMB1|IGFBP7|YTHDF3|FBN2|ARHGDIB|TIMP1|H3-3A|H3-3B|SMAD2|SCGB1A1|POLR1B|VMP1|RECK|PCSK5|VEGFA|EMP2|MMP9|PTGIS|DDR1|ITGB4|ACVR2B|TGFBR1|NODAL|FUT7|TEAD4|FBLN1|APELA|BSG|STC2|TRIM28|PTGS2|CALCA|CALR|AGO2|PRDM14|SOD1|IL1B,https://www.gsea-msigdb.org/gsea/msigdb/human/geneset/GOBP_EMBRYO_IMPLANTATION,67,ENR,GOBP_EMBRYO_IMPLANTATION,1,1E-3,GOBP_EMBRYO_IMPLANTATION,FALSE,GOBP_EMBRYO_IMPLANTATION
19,3,3,3,0.999,,1E-3,,CBLB|VAC14|SCRIB|HIP1|SYT17|USP6|RNF220|ITGB3|ARC|HPCA|RALA|EFNB2|NCDN|DRD4|OPHN1|ATAD1|NRG1|LPAR1|RABEP1|GSG1L|PPP3R1|NUMB|TAMALIN|SUSD4|USP46|MDM2,https://www.gsea-msigdb.org/gsea/msigdb/human/geneset/GOBP_REGULATION_OF_POSTSYNAPTIC_NEUROTRANSMITTER_RECEPTOR_INTERNALIZATION,26,ENR,GOBP_REGULATION_OF_POSTSYNAPTIC_NEUROTRANSMITTER_RECEPTOR_INTERNALIZATION,1,1E-3,GOBP_REGULATION_OF_POSTSYNAPTIC_NEUROTRANSMITTER_RECEPTOR_INTERNALIZATION,FALSE,GOBP_REGULATION_OF_POSTSYNAPTIC_NEUROTRANSMITTER_RECEPTOR_INTERNALIZATION
69,3,3,3,0.999,,1E-3,,MYC|TAF9B|TIFAB|ATAD5|MSX1|KDM1A|RPL26|SIRT1|CD74|ELL3|TP73|RRM2B|TRIAP1|BDKRB2|BCL2|MUC1|MIF|ARMC10|TP53|RPS7|USP15|EIF5A|TAF9|HNRNPK|MARCHF7|TP53BP1|CD44|PTTG1IP|UBB|RRN3|BCL2L12|ZNF385A|ING2|MDM2|PRKN,https://www.gsea-msigdb.org/gsea/msigdb/human/geneset/GOBP_REGULATION_OF_INTRINSIC_APOPTOTIC_SIGNALING_PATHWAY_BY_P53_CLASS_MEDIATOR,35,ENR,GOBP_REGULATION_OF_INTRINSIC_APOPTOTIC_SIGNALING_PATHWAY_BY_P53_CLASS_MEDIATOR,1,1E-3,GOBP_REGULATION_OF_INTRINSIC_APOPTOTIC_SIGNALING_PATHWAY_BY_P53_CLASS_MEDIATOR,FALSE,GOBP_REGULATION_OF_INTRINSIC_APOPTOTIC_SIGNALING_PATHWAY_BY_P53_CLASS_MEDIATOR
115,3,3,3,0.999,,1E-3,,HOXB4|ACVRL1|TOR1A|JAG1|ITGB1|ITGB3|DAG1|ARHGAP35|CARMIL2|PDPN|PTEN|WNT5A|FLRT3|RHOA|ARHGAP12|PDCD10|MEGF8|FIGNL2|FLNA|MMP12|RHOC|COL5A1|LAMA1|LCP1|ITGA5|ITGAV|ITGB5|MRTFA|PLET1|FERMT1|CLASP1|CLASP2|CEACAM1|HOXB2|MTOR|RREB1|DLL4|ARHGAP24|CD151|DVL2|NOTCH1|SRF|WNT7A|MSX2|PHLDB2|HTN1|ADAM17|LIN7C|DDR1|TBX20|SOX11|PALS1|DVL1|HBEGF|NOTCH2|PHACTR4|BMP5|TMEFF2|VANGL2|CD44|BMP7|SOS1|FERMT2|AJUBA|LRG1,https://www.gsea-msigdb.org/gsea/msigdb/human/geneset/GOBP_MORPHOGENESIS_OF_AN_EPITHELIAL_SHEET,65,ENR,GOBP_MORPHOGENESIS_OF_AN_EPITHELIAL_SHEET,1,1E-3,GOBP_MORPHOGENESIS_OF_AN_EPITHELIAL_SHEET,FALSE,GOBP_MORPHOGENESIS_OF_AN_EPITHELIAL_SHEET
68,3,3,3,0.999,,1E-3,,PMAIP1|ANKRD1|ATM|NDUFS6|SMYD2|KAT5|PSMD10|ATRX|KDM1A|RPL26|BCL3|DYRK3|KMT5A|CD74|PAXIP1|RPS6KA6|YJU2|SPRED1|HIPK2|NBN|SPRED2|SESN2|CDKN1A|CDKN1B|MIF|PIDD1|USP10|CHEK2|GML|GTSE1|MYO6|NPM1|HIC1|MARCHF7|NDRG1|PML|COPS3|PTTG1IP|E2F7|SNAI1|BRCA2|DDX5|EEF1E1|ZNF385A|MDM2|DYRK1A|PPM1D|ACER2|CASP2|MSX1|CRADD|PLK3|PPP2R5C|ZNHIT1|SIRT1|ATR|MDM4|SNAI2|PLK2|BATF|TRIAP1|PYHIN1|ZMPSTE24|CDKN2A|MUC1|SP100|TP53|ING4|PRAP1|PLA2R1|FOXO3|SOX4|TFAP4|CD44|RBM38|TWIST1|RPS27L|FOXM1,https://www.gsea-msigdb.org/gsea/msigdb/human/geneset/GOBP_DNA_DAMAGE_RESPONSE_SIGNAL_TRANSDUCTION_BY_P53_CLASS_MEDIATOR,78,ENR,GOBP_DNA_DAMAGE_RESPONSE_SIGNAL_TRANSDUCTION_BY_P53_CLASS_MEDIATOR,1,1E-3,GOBP_DNA_DAMAGE_RESPONSE_SIGNAL_TRANSDUCTION_BY_P53_CLASS_MEDIATOR,FALSE,GOBP_DNA_DAMAGE_RESPONSE_SIGNAL_TRANSDUCTION_BY_P53_CLASS_MEDIATOR
45,3,3,3,0.999,,1E-3,,BMP4|FOXA1|ONECUT1|WNT11|WNT3A|POU4F1|SIX1|PTF1A|DOCK7|WNT5B|CTSL|GLI3|NKX2-1|BRD2|WNT8A|ZDHHC16|RUNX2|CD69|TBX5|CDC42|PAX6|MYL2|HDAC1|PSEN1|SPRY2|RBPJ|CHD3|IL6ST|MTOR|STAT6|ASCL1|TBX21|MESP1|SIX2|CDON|SMO|FOXG1|SUFU|NKX6-3|EOMES|NFIA|CYLD|PTCH1|FZD7|SMAD5|IFRD1|JAK1|PROX1|TBX6|HEY2|TBX20|BCL2|PRDM1|DLX1|DLX2|DMRTA2|NKX6-2|FEV|GATA3|GATAD2A|TP53|GATAD2B|BRAF|MGA|NOTCH2|MYT1L|POU3F2|NR2F2|PTCH2|SOX17|TBX10|TBX15|TBX19|TBX22|TBX3|DSCAML1|TBX4|GSC|MYF5|MYF6|RBBP4|NEUROD4|IL23A|NANOG|IL6R|IRF4|PITX1|ATOH7|BRD4|ITGB1|FGFR2|CTR9|LATS1|EDN1|LATS2|ZNF521|EDNRA|NOTCH4|EPAS1|ERBB4|WT1|EYA2|WNT10B|WNT2B|WNT9B|DKK1|SOX18|RHOA|EPOP|FGF13|DMRT3|MEF2C|WNT10A|NTRK3|HES5|NOTCH3|SFRP2|CDC73|WNT9A|IHH|KDR|ELF5|GCM1|TBR1|MCL1|WNT7B|WNT16|PAX2|GAS1|TBX1|ETS2|LEO1|RTF1|SHH|PAF1|TENM4|TGFBR1|SLAMF8|OPA1|BMP2|EYA1|SPN|PRDM11|PRDM14|FGF10|FGF8|MITF|GDF3|HOXA13|STAT5A|SOSTDC1|SOX8|TGFB2|JAG2|PPARG|DLL1|TNFSF18|MBD3|MTA2|RAB10|TRIM15|TOX|WNT5A|NKX2-3|CASP3|MYOG|ACVR1|HOXA2|GATA1|GATA2|OLIG1|TFAP2C|HOXA11|PML|HNF1B|TNXB|PRKDC|TBX18|JAK3|FOXN1|NKX2-5|LGALS1|CHD4|LOXL3|SPDEF|DLL4|SMAD2|FKBP8|SOX13|ESRP1|NFE2L1|ID2|POU5F1|MTA3|TM2D3|EBF2|TEAD4|FOXC2|MTA1|WNT2|HOXC10|FOXA2|KDM6B|SFRP1|SOX2|TBX2|LMO4|JAG1|ONECUT2|ATOH1|PDPN|TAL1|PRRX1|CYP26B1|MYOD1|ARHGEF2|GAP43|BMPR1A|TGFB1I1|IL12B|IL12RB1|WNT1|CTNNB1|EXT1|TCF7L2|IL23R|SMAD1|HES1|ARX|APC|SOX5|APC2|ISL1|GBX1|ISL2|EHMT2|LHX3|SMAD4|GATA4|HDAC2|MNX1|OLIG2|GATA6|STAT3|HOXD10|WNT6|RARA|NOTCH1|SLAMF6|FGF2|FGFR1|NRP1|WNT7A|FOXP3|GATA5|WNT8B|GLI2|IL7|TEAD3|DHH|ZFPM1|BATF|LY9|BCL11B|FOXN4|NEUROD1|GDF7|PAX7|SOX1|SOX6|NFIB|NODAL|IL6|SOCS3|EP300|KLF4|RAG2|RBBP7|WNT3|VSX2|WNT4|TCF3|SOX9|NR2E1|FOXI3,https://www.gsea-msigdb.org/gsea/msigdb/human/geneset/GOBP_CELL_FATE_COMMITMENT,285,ENR,GOBP_CELL_FATE_COMMITMENT,1,1E-3,GOBP_CELL_FATE_COMMITMENT,FALSE,GOBP_CELL_FATE_COMMITMENT
24,3,3,3,0.999,,1E-3,,CHRNA3|CHRNB2|SCARF1|MINK1|CFL1|YWHAH|BBS4|DIP2A|RERE|SEZ6|ATP7A|MAP1B|RAPGEF2|MARK1|PAFAH1B1|CDC42|KLHL1|CRK|GSK3B|CRKL|PSEN1|RAP2A|SULT4A1|VLDLR|MAPK8IP2|RTN4IP1|HPRT1|MAP1A|NEDD4L|EFNA1|DAB2IP|CDKL3|DCC|FSTL4|PRICKLE1|SLC12A5|TLX2|SRCIN1|NEUROG3|ARHGAP44|NDP|SHANK1|SHANK3|SRGAP2C|CAMK2A|IL1RAPL1|CDK5|CDK5R1|IGSF9|FZD4|CAPRIN1|ARF4|SLC30A1|FYN|ADGRB3|CPEB3|BBS1|GORASP1|CAMSAP2|ITGB1|SKOR2|DSCAM|LRP8|PTEN|EEF2K|EZH2|BCL11A|MEF2C|ARF6|HDAC6|IQSEC1|IGF2BP1|SEMA3A|CUX1|CAPRIN2|SEMA4D|PAK2|PAK3|ITSN1|ABL1|MEF2A|NGEF|DAB1|PREX1|ACTL6B|MGARP|DHX36|PTN|RAB21|RAC1|PTPRS|FARP1|FLRT1|LLPH|NFATC4|EPHB1|KNDC1|LRP4|TAOK2|MCF2|LPAR1|SARM1|ZMYND8|TPBG|HECW2|BMP7|FAT3|ZNF296|CUL7|LRRK2|ZDHHC15|ABI1|APOE|TRPC5|OBSL1|TRPC6|DOCK10|ABI2|CHRNA7|ATG16L1|CAMK2B|WASL|GPRASP3|SYNGAP1|SIPA1L1|PDLIM5|SLC25A46|KLF7|SLITRK5|DLG5|LST1|ZNF212|MAP1S|SLC11A2|DTNBP1|EPHB2|CUX2|KIDINS220|LZTS3|ELAVL4|NUMBL|KIF1A|NCK2|PHACTR1|PARP6|CELSR2|FMR1|ANKRD27|MAP2|LZTS1|CC2D1A|C21ORF91|NLGN1|CTNND2|NLGN2|FOXO6|MAPK6|SDK1|NEDD4|PPFIA2|RAB17|COBL|DLG4|ABITRAM|STK11|BAIAP2|MATN2|TANC2|ZNF365|TRAPPC4|PICALM|TRAK1|TRAK2|ARHGAP33|NEURL1|ABI3|TNIK|SRGAP2|CD3E|CTNNA2|CDKL5|DISC1|DCDC2|EPHA4|DGKG|HECW1|SDC2|BMPR1A|DBN1|SS18L1|PAK4|NSMF|ANAPC2|SMAD1|GRIN3A|PTPRD|KIAA0319|HDAC2|PPP1R9B|PQBP1|PACSIN1|CDC20|TBC1D24|GHRL|NRP1|WNT7A|ALK|CAMK1|TMEM106B|DPYSL5|GPR37|GPX4|MAP6|ARC|PREX2|RELN|PRKG1|CARM1|STAU2|ARMCX5-GPRASP2|APP|BTBD3|DVL1|CSMD3|IL2|PPP3CA|ITPKA|BMP5|TULP1|CAMK1D|MAPKAPK5|GIT1|NR2E1|MECP2|EPHB3|MFSD2A|FBXW8|STRN,https://www.gsea-msigdb.org/gsea/msigdb/human/geneset/GOBP_DENDRITE_DEVELOPMENT,238,ENR,GOBP_DENDRITE_DEVELOPMENT,1,1E-3,GOBP_DENDRITE_DEVELOPMENT,FALSE,GOBP_DENDRITE_DEVELOPMENT
12,3,3,3,0.999,,1E-3,,CHRNB2|SNCG|ADORA2A|SLC18A2|GHSR|HTR2A|DRD2|P2RY1|VIP|CHRNA4|COMT|KCNB1|DRD3|PINK1|KPNA4|CHGA|OPRK1|OXT|SDHD|GRK2|STX1A|FFAR3|GDNF|ABAT|SNCA|ADRA2A|CHRNA6|KCNA2|SYT1|GABBR1|CXCL12|NPY2R|GRM2|FGF20|GNAT1|TGM2|ADORA3|ADRA2B|ADRA2C|SYT11|MECP2|SYT4|CRH|DTNBP1|PRKN,https://www.gsea-msigdb.org/gsea/msigdb/human/geneset/GOBP_CATECHOLAMINE_SECRETION,45,ENR,GOBP_CATECHOLAMINE_SECRETION,1,1E-3,GOBP_CATECHOLAMINE_SECRETION,FALSE,GOBP_CATECHOLAMINE_SECRETION
55,3,3,3,0.999,,1E-3,,CLIP3|FKBP4|CAV3|IAPP|CFL1|TBCD|VIL1|TUBB4A|DLC1|BBS4|NAV3|MAP1B|INPP5K|SSH1|SSH2|DIAPH3|CLASP1|CLASP2|MAPRE1|DYRK1A|PFDN1|PFDN4|PFDN5|OAZ3|EMILIN1|KANK2|EPS8|ARAP1|CORO2B|ARHGAP28|F11R|ARHGAP6|MAP2|ARHGEF18|ARPIN|MKKS|SPTBN5|CGNL1|DNAI3|FRMD7|SPTBN1|GMFB|GMFG|VBP1|KANK1|PFDN2|KANK3|PFDN6|ARFGEF1|KANK4|PFN1|MYOC|PFN2|PICK1|PPFIA1|RHPN1|RHPN2|SHANK1|SHANK3|SSH3|TACSTD2|TMEFF2|TOGARAM2|WASF2|CIB1|HSPA8|TPX2|DMTN|CLU|WAS|TAOK1|ADD1|ADD3|TMOD3|CYRIB|BBOF1|BMERB1|CAMSAP2|CAPG|CAPZA1|CAPZA2|CAPZA3|CDH5|CAPZB|MYADM|ARHGEF7|CARMIL1|PRKCD|CARMIL2|CORO1B|EML2|CCDC88C|CKAP2|CTNNA2|TJP1|FGF13|ARHGEF2|FLII|HSPG2|GAS2L1|GAS2L2|GSN|HDGFL3|HDAC6|SNCA|CORO1A|HIP1R|APC|LMOD1|APC2|LMOD2|LMOD3|PIK3R1|MID1|MID1IP1|SMAD4|RDX|CRACD|PRKN|MTPN|PAK2|TMSB4X|TREM2|STMN1|CRYAB|PHLDB2|PLEKHH2|SCIN|CHADL|LIMA1|SPECC1L|SPEF1|SPTA1|ADD2|SPTAN1|SPTB|SPTBN2|SPTBN4|STMN2|SVIL|S1PR1|INPP5J|PIK3CA|TMOD1|TMOD2|ASB2|TMOD4|TRIM54|KATNB1|MET|TRIOBP|TTBK2|TWF1|WASHC2C|TWF2|LDLR|VILL|WDR47|SLIT2|SWAP70|APOE|ATXN7|AVIL,https://www.gsea-msigdb.org/gsea/msigdb/human/geneset/GOBP_NEGATIVE_REGULATION_OF_SUPRAMOLECULAR_FIBER_ORGANIZATION,163,ENR,GOBP_NEGATIVE_REGULATION_OF_SUPRAMOLECULAR_FIBER_ORGANIZATION,1,1E-3,GOBP_NEGATIVE_REGULATION_OF_SUPRAMOLECULAR_FIBER_ORGANIZATION,FALSE,GOBP_NEGATIVE_REGULATION_OF_SUPRAMOLECULAR_FIBER_ORGANIZATION
8,3,3,3,0.999,,1E-3,,RBPMS2|CAV1|CHRDL2|ONECUT1|DKK3|PPARG|SKOR1|TNFAIP6|VWC2L|MTMR4|PMEPA1|CCN3|NKX2-1|OGT|LRRC32|FKBP1A|ING1|PPM1A|WFIKKN1|WNT5A|WFIKKN2|SPRED1|SPRED2|SPRED3|TWSG1|ACVR1|BRMS1L|SAP130|SAP30|SAP30L|CRKL|SINHCAF|HDAC1|SNX25|SPRY1|SPRY2|CHRDL1|CER1|DAND5|TGFBR3|CRIM1|FBN2|CDH3|BAMBI|LTBP1|GREM2|BRMS1|NRROS|OVOL2|CILP|EID2|FAM89B|LDLRAD4|UCMA|VEPH1|LRP1|ASPN|TET1|FST|SMAD7|ZNF451|SIRT1|SLC2A10|EMILIN1|PEG10|ERFE|SUDS3|SORL1|STRAP|TBX20|HTRA1|DLX1|FBN1|FSTL3|GLG1|NOG|TP53|GDF15|SFRP1|CAV2|GREM1|HSPA1A|RBBP4|CHST11|BCL9L|SKI|SOST|ONECUT2|SKOR2|CD109|SMURF1|SMURF2|HSPA5|VASN|DKK1|CHRD|MAGI2|SNX6|HIPK2|SPART|ZBTB7A|STUB1|NCLN|CIDEA|NOMO1|WNT1|DACT2|FZD1|NOMO3|NBL1|INTS9|UBE2D1|UBE2D3|SFRP2|LRP2|SKIL|SMAD6|HDAC2|FKBP1C|PPARA|VWC2|IGSF1|ING2|LEMD3|NOTCH1|PDPK1|XBP1|ABL1|GPR155|CTDSPL2|HJV|ADAM17|TMEM53|ENG|PBLD|ADAMTSL2|ARID4A|TOB1|ARID4B|HTRA3|HTRA4|PRDM16|TMPRSS6|IL17RD|MECOM|USP15|RASL11B|BMPER|TRIM33|BMP2|PIN1|SIN3A|RBBP7|GDF3|SOSTDC1,https://www.gsea-msigdb.org/gsea/msigdb/human/geneset/GOBP_NEGATIVE_REGULATION_OF_TRANSMEMBRANE_RECEPTOR_PROTEIN_SERINE_THREONINE_KINASE_SIGNALING_PATHWAY,155,ENR,GOBP_NEGATIVE_REGULATION_OF_TRANSMEMBRANE_RECEPTOR_PROTEIN_SERINE_THREONINE_KINASE_SIGNALING_PATHWAY,1,1E-3,GOBP_NEGATIVE_REGULATION_OF_TRANSMEMBRANE_RECEPTOR_PROTEIN_SERINE_THREONINE_KINASE_SIGNALING_PATHWAY,FALSE,GOBP_NEGATIVE_REGULATION_OF_TRANSMEMBRANE_RECEPTOR_PROTEIN_SERINE_THREONINE_KINASE_SIGNALING_PATHWAY
14,3,3,3,0.999,,1E-3,,LHX2|LDB2|EDA|NSDHL|EDAR|FZD3|SOX21|ALX4|ATP7A|FARP2|WNT5A|DSC1|IGFBP5|PDGFA|LAMA5|COL6A1|GAL|HDAC1|RBPJ|PIAS4|TFAP2C|TSPEAR|CDH3|TNFRSF19|DSG4|FOXN1|FOXQ1|KRT25|DKK4|KRT27|KRT28|SMO|PKP3|DLX3|FST|PLA2G10|ZMPSTE24|BCL2|HOXC13|SAV1|FOXE1|FZD6|LGR5|SPINK5|TP63|MYSM1|FGFR2|GORAB|CD109|DNASE1L2|LGR4|TMEM79|NUMA1|LRIG1|WNT10B|ACVR1B|FGF7|DKK1|SOX18|APCDD1|FUZ|NGFR|INTU|WNT10A|GNAS|CTNNB1|EXT1|KRT84|TNF|TRPC4AP|INHBA|LDB1|NF1|FERMT1|SNAI1|SMAD4|HDAC2|ERCC2|NAGLU|HPSE|NOTCH1|MSX2|GLI2|NSUN2|SHH|RELA|LRP4|TRADD|KRT17|PUM2|TGM3|VANGL2|EGFR|NOM1|SOS1|FGF10|SOX9|ZDHHC21|SOSTDC1|FOXI3|TGFB2,https://www.gsea-msigdb.org/gsea/msigdb/human/geneset/GOBP_MOLTING_CYCLE_PROCESS,101,ENR,GOBP_MOLTING_CYCLE_PROCESS,1,1E-3,GOBP_MOLTING_CYCLE_PROCESS,FALSE,GOBP_MOLTING_CYCLE_PROCESS
23,3,3,3,0.999,,1E-3,,HMGCS2|SRD5A1|AKT1|AKT2|CSRP3|OGT|NUCKS1|NR1H4|KBTBD2|SGCB|ENPP1|OSBPL8|G6PC1|RHOQ|GRB7|PCSK9|GCK|APPL1|PKLR|PRKCQ|APPL2|PKM|COL6A1|GRB10|GSK3A|GHR|GSK3B|IGF1|IGF2|INPP5K|INS|INSR|IRS1|IRS2|LEP|CEACAM1|MTOR|BCAR3|PIK3C2A|IDE|PIK3R3|PID1|NAMPT|PIP4K2A|PIP4K2B|PIP4K2C|SRSF5|PLA2G1B|FER|PDK2|PDK4|KANK1|SELENOS|SORBS1|FUT7|SP1|C2CD5|GRB2|CAV2|ADIPOR1|RB1|AP3S1|DNAI1|GKAP1|GOT1|GPR21|GRB14|IL1B|IRS4|NCOA5|SIK2|VWA2|SHC1|ZNF106|ZNF592|CAPN10|PNPLA3|BLVRB|HRAS|PRKCD|HDAC5|SOCS7|EEF2K|MYO1C|GCLC|TRIB3|SLC25A33|IGF1R|MSTN|PAK1|TRIM72|EPRS1|CUL3|LONP1|CPEB1|PRKCB|PDPK1|XBP1|DENND4C|BCAR1|PTPRJ|PTPN1|PTPN2|RARRES2|SLC2A8|RELA|INSIG1|SLC39A14|PIK3CA|GAB1|IGFBP1|TRARG1|SOS1|CUL7|PRKCZ|MYO5A|STXBP4|ATP2B1|PHIP|ZDHHC7|PPARG|ERRFI1|ZFP36L1|CFLAR|HDAC9|INHBB|PRKCI|INSIG2|RAB10|SOCS1|LPIN2|RAB13|LPIN3|RAB31|PCK1|PCK2|FFAR3|PTPRE|FOXO1|RAB8A|PTPN11|SERPINA12|SLC27A1|CTSD|TNS2|PRKDC|OTOP1|MZB1|SOS2|MTCL2|NCK1|FOXO4|SIRT1|ERFE|PIK3R2|SORL1|SMARCC1|YWHAG|ZBTB7B|SLC9A1|NDEL1|FOXC2|ECHDC3|UCP2|SLC2A4|GHRHR|BAIAP2|RAF1|RBX1|KAT2B|ALAS1|USO1|NCOA1|VAMP2|C1QTNF12|SESN3|SLC27A4|SNX5|WDTC1|SREBF1|NCL|INSRR|APC|GSTP1|PIK3R1|RPS6KB1|TBC1D4|TSC2|PARP1|AHSG|EIF4EBP2|GHSR|MAPKAP1|GPLD1|BGLAP|RPS6KB2|ADIPOQ|SYAP1|SOCS3|CPEB2|FBP1|RBM4|USF1|MAPK1|MAPK3|SH2B2|NCOA2|LPIN1|PRKAA1|STAT1|PDE3B|FBXW8,https://www.gsea-msigdb.org/gsea/msigdb/human/geneset/GOBP_CELLULAR_RESPONSE_TO_INSULIN_STIMULUS,212,ENR,GOBP_CELLULAR_RESPONSE_TO_INSULIN_STIMULUS,1,1E-3,GOBP_CELLULAR_RESPONSE_TO_INSULIN_STIMULUS,FALSE,GOBP_CELLULAR_RESPONSE_TO_INSULIN_STIMULUS
20,3,3,3,0.999,,1E-3,,H6PD|REST|DKK3|AKR1C3|SRD5A2|BGLAP|PRKG1|ADM|GPRC6A|SCP2|DGKQ|EGR1|BMP6|CREB1|BMP5|GGCX|CACNA1H|CLCN2|DAB2|INHBA|STARD3|DKKL1|HSD17B3|BMP2|LHB|CYP11B1|WNT4|HSD17B1|CYP19A1,https://www.gsea-msigdb.org/gsea/msigdb/human/geneset/GOBP_OLEFINIC_COMPOUND_BIOSYNTHETIC_PROCESS,29,ENR,GOBP_OLEFINIC_COMPOUND_BIOSYNTHETIC_PROCESS,1,1E-3,GOBP_OLEFINIC_COMPOUND_BIOSYNTHETIC_PROCESS,FALSE,GOBP_OLEFINIC_COMPOUND_BIOSYNTHETIC_PROCESS
16,3,3,3,0.999,,1E-3,,ABRA|BMP4|CABP1|CBLB|CDH1|ANGPT1|CRY2|CFL1|CSE1L|EFCAB7|FAM53A|FAM53B|FAM53C|FGF9|YWHAB|AKT1|GCKR|GLI3|HCLS1|HEATR3|HIKESHI|ING1|IPO11|PRKD1|IPO13|IPO4|EPM2A|IPO7|IPO8|IPO9|RAN|JUP|BAG3|KPNA4|KPNA5|KPNA7|AKIRIN2|CDK1|NUP88|PPP1R10|APPL1|APPL2|ECT2|NPAP1|NUP107|NUP133|E2F3|NUP188|NUP214|PRKAG1|NUP35|FLNA|NUP50|NUP54|PSEN1|NUP58|HDAC3|NUTF2|SMAD3|PKIG|PML|POM121|POM121C|POM121L2|SQSTM1|PPP3R1|SIRT6|PTTG1IP|RANBP17|RANBP2|KPNA3|RANBP6|LEP|RGPD1|TERT|RGPD2|CD36|KPNB1|MDFIC|RGPD3|EI24|RGPD4|BACH2|RGPD5|PHB2|RGPD6|RGPD8|ELAVL1|RPAIN|SIX2|SEC13|SMO|SNUPN|SPRN|STK3|STK4|SUFU|TMCO6|TNPO1|TNPO2|NUP153|TNPO3|NUP62|TXNIP|ZIC1|ATF2|PRICKLE1|PIK3R2|HNRNPA1|TP53|PKIA|TARDBP|TRIM28|CDAN1|SIX3|RAB23|RPL23|IPO5|IL33|FCHSD1|BCL3|HTATIP2|PRKCD|CHP1|CWH43|DRD1|EIF4ENIF1|TPR|SUMO1|SPG11|TRAF3IP2|CDKN1A|MAVS|MMP12|NPM1|ZPR1|HSPA12A|NR4A1|NUP98|ADAR|NFKBIA|PIK3R1|NF1|MED1|FERMT1|JAK2|NUP85|TSC2|MBTPS1|LMNA|UBR5|STAT3|HYAL2|TGFB1|NOTCH1|UFM1|XBP1|KPNA6|ZC3H12A|IFNG|MAPK14|SHH|HSP90AA1|APOD|PPP3CA|RBM22|DMAP1|KCNQ3|POLA2|EP300|KPNA1|KPNA2|LRRK2|CHP2|SYK|NUP155|NUP93,https://www.gsea-msigdb.org/gsea/msigdb/human/geneset/GOBP_IMPORT_INTO_NUCLEUS,177,ENR,GOBP_IMPORT_INTO_NUCLEUS,1,1E-3,GOBP_IMPORT_INTO_NUCLEUS,FALSE,GOBP_IMPORT_INTO_NUCLEUS
2,3,3,3,0.999,,1E-3,,METRN|HIF1A|WNT3A|MAP3K13|CBLN2|LIF|ADCY10|PRKCH|NGF|GLI3|NTRK1|OPRM1|DAG1|ADGRB1|FZD3|MAP1B|PAFAH1B1|NEFL|SLITRK1|NTN1|PLXNB1|PAX6|HDAC1|LIMK1|STK25|CX3CL1|CX3CR1|IL6ST|CXCL12|BDNF|MTOR|CXCR4|ASCL1|SHOX2|CDON|SMO|SNW1|FOXG1|NIN|PPP1CC|MAG|DRD2|CDKL3|VEGFA|XRCC5|ASIC2|BMPR2|SOX11|DMRTA2|NKX6-2|RNF112|ZNF488|BRAF|MME|SHANK3|WDR62|NAP1L1|IL1RAPL1|ST8SIA2|CLSTN1|FZD4|CAPRIN1|IL1B|IL34|SRRT|SLC30A1|ADGRB3|GDI1|E2F1|ITGB1|ATXN1|SLITRK2|KIT|DSCAM|EFNA5|ELL3|LRP8|FLRT2|FLRT3|NKX6-1|EEF2K|L1CAM|LYN|BCL11A|MDK|MEGF8|FXR2|GPER1|EGR2|GRM5|HDAC6|DICER1|NTRK3|PRKCA|PAK1|TNF|SKIL|CUX1|TGM2|CAPRIN2|SEMA4D|CRABP2|KRAS|MAN2A1|MAPT|MAP2K2|ADNP|DHX36|PLXNC1|PTN|ADGRB2|AMIGO2|RAB21|LINGO2|LINGO4|LRRC24|LRRN1|GOLGA4|IFNG|LRRN3|FLRT1|LRTM2|IQSEC2|SHH|RELA|EPHB1|SOX10|TENM4|LRRTM3|ISLR2|NTRK2|PLXNB3|TWF2|TPBG|AMIGO3|LPAR3|SLIT2|CUL7|BMP2|MACF1|SLITRK6|SOX8|TRPC5|OBSL1|AGRN|ASPM|FN1|AMIGO1|KDM1A|RND2|OTP|PLXNB2|PRKCI|RASSF10|VEGFC|CAMK2B|SHTN1|GPRASP3|NPTN|LRRTM1|TIAM2|SPEN|TIAM1|CDH4|CLSTN2|PTPRZ1|ZNF335|NUMB|SERPINF1|SLITRK5|DLG5|BIN1|CHODL|EPHB2|CUX2|NUMBL|SRF|HAP1|SEMA7A|PLAG1|PARP6|FMR1|TNFRSF1B|ID2|ANKRD27|GFAP|SLITRK3|TP73|LIG4|SMARCD3|RGS14|NLGN1|NLGN2|NRXN1|WNT2|STK11|BAIAP2|TRPV2|IST1|SYNDIG1|ZNF365|RHEB|TRAK1|SRPX2|NEURL1|SMURF1|SERPINE2|CBLN1|XRCC2|CDKL5|DISC1|EPHA4|DBN1|SS18L1|LRRC4B|LRRTM2|PLXND1|CLCF1|FXR1|ANAPC2|CTNNB1|DCT|ID4|VSTM5|GRID2|HES1|THBS2|TNFRSF12A|PTPRD|MAP2K1|LRP2|TRIM32|LTA|TSPO|HDAC2|ZEB2|OLIG2|NLGN3|TGFB1|UFL1|NOTCH1|PRMT5|TBC1D24|FGF2|SLC7A5|GHRL|IL1RAP|NRP1|WNT7A|ETV5|MAP6|SLITRK4|RELN|CLSTN3|MYRF|ROBO1|RUFY3|ROBO2|STAU2|QKI|ARMCX5-GPRASP2|MYB|OXT|SEMA5A|NRDC|IL6|TTBK1|ITPKA|ZFYVE27|CLCN2|SPINT1|SEMA4A|WNT3|NR2E1|MECP2|EPHB3|FBXW8,https://www.gsea-msigdb.org/gsea/msigdb/human/geneset/GOBP_POSITIVE_REGULATION_OF_NERVOUS_SYSTEM_DEVELOPMENT,277,ENR,GOBP_POSITIVE_REGULATION_OF_NERVOUS_SYSTEM_DEVELOPMENT,1,1E-3,GOBP_POSITIVE_REGULATION_OF_NERVOUS_SYSTEM_DEVELOPMENT,FALSE,GOBP_POSITIVE_REGULATION_OF_NERVOUS_SYSTEM_DEVELOPMENT
2,3,3,3,0.999,,1E-3,,BMERB1|AXL|GLI3|NKX2-1|EFHC1|PEX13|OGDH|SOCS7|SRGAP2|LRP8|DRD1|PAFAH1B1|DISC1|RHOA|FGF13|TYRO3|NRG3|PSEN1|CTNNB1|SUN2|SYNE2|ARX|CXCL12|LAMB1|CDK5R2|EMX2|ZMIZ1|ADGRG1|P2RY12|LHX6|SLIT3|FOXG1|SRF|HTR6|DAB1|POU3F3|DAB2IP|DIXDC1|DRD2|RAC1|RELN|COL3A1|ROBO1|RTN4|ARL13B|MDGA1|CNTN2|NDEL1|SLIT1|POU3F2|SRGAP2C|FOXB1|CDK5|EGFR|TNR|CDK5R1|SUN1|WDR47|SLIT2|LRRK2|PEX5|FBXO45|CCDC141|MBOAT7|NR2E1,https://www.gsea-msigdb.org/gsea/msigdb/human/geneset/GOBP_FOREBRAIN_CELL_MIGRATION,65,ENR,GOBP_FOREBRAIN_CELL_MIGRATION,1,1E-3,GOBP_FOREBRAIN_CELL_MIGRATION,FALSE,GOBP_FOREBRAIN_CELL_MIGRATION
22,3,3,3,0.999,,1E-3,,BMP4|MEF2C|SOX6|TGFB1|ARRB2|WNT3A|DLL1|FZD7|HDAC3|BMP2|EFNB2|MYOCD|SMAD4|DKK1|FRS2|KAT2A,https://www.gsea-msigdb.org/gsea/msigdb/human/geneset/GOBP_REGULATION_OF_CARDIAC_MUSCLE_CELL_DIFFERENTIATION,16,ENR,GOBP_REGULATION_OF_CARDIAC_MUSCLE_CELL_DIFFERENTIATION,1,1E-3,GOBP_REGULATION_OF_CARDIAC_MUSCLE_CELL_DIFFERENTIATION,FALSE,GOBP_REGULATION_OF_CARDIAC_MUSCLE_CELL_DIFFERENTIATION
8,3,3,3,0.999,,1E-3,,THBS1|BMP4|GIPC1|ZC3H3|FGF9|BMP10|NPNT|HSP90AB1|TWSG1|ACVR1|RBPJ|SMAD3|HFE|SH2B1|TGFBR3|KCP|SCUBE3|ATOH8|MEN1|CDKN1C|MYOCD|CDKN2B|SNW1|SMAD2|FKBP8|GDF6|TSC22D1|TGFB3|SLC2A10|RNF111|TBX20|BMPR2|SOX11|ACVR2B|PSG9|NOTCH2|STK11|ZNF423|GOT1|ILK|ACVRL1|ARK2C|CITED1|AXIN1|CCN1|GDF11|CDH5|NUMA1|GLCE|ITGA8|ACVR1B|PELO|AMH|HIPK2|FOXD1|BMPR1A|TGFB1I1|BMP6|HES1|HES5|TGFBR2|DAB2|INHBA|KIAA0319|FERMT1|JAK2|SMAD4|GATA4|KDR|CITED2|PARP1|ZEB2|GPC3|ING2|NEO1|TGFB1|NOTCH1|SDCBP|GDF5|MSX1|MSX2|CSNK2B|CRB2|ACVR2A|ADISSP|GDF7|ENG|TGFBR1|NODAL|CREBBP|FBXL15|UBE2O|BMP5|BMPER|EP300|BMP7|ELAPOR2|FLCN|BMP2|NGLY1|SULF1|TTK|NUP93|LRG1|TGFB2,https://www.gsea-msigdb.org/gsea/msigdb/human/geneset/GOBP_POSITIVE_REGULATION_OF_TRANSMEMBRANE_RECEPTOR_PROTEIN_SERINE_THREONINE_KINASE_SIGNALING_PATHWAY,105,ENR,GOBP_POSITIVE_REGULATION_OF_TRANSMEMBRANE_RECEPTOR_PROTEIN_SERINE_THREONINE_KINASE_SIGNALING_PATHWAY,1,1E-3,GOBP_POSITIVE_REGULATION_OF_TRANSMEMBRANE_RECEPTOR_PROTEIN_SERINE_THREONINE_KINASE_SIGNALING_PATHWAY,FALSE,GOBP_POSITIVE_REGULATION_OF_TRANSMEMBRANE_RECEPTOR_PROTEIN_SERINE_THREONINE_KINASE_SIGNALING_PATHWAY
54,3,3,3,0.999,,1E-3,,EPHA5|WNT3A|GLI3|NTRK1|NKX2-1|DAG1|FZD3|EFNB2|EFNB3|UNC5D|DLX5|NTN1|PAX6|PRKCQ|CNTN5|DRGX|CSF1R|MYPN|LMX1A|CXCL12|OTX2|BDNF|MYOT|ALCAM|ETV1|SMO|NRXN3|SCN1B|EFNA1|EVX1|MYH10|CNTN4|EPHA8|FEZF1|FOXG1|NCAM1|NECTIN1|PTCH1|NFASC|EDN3|VEGFA|DCC|PLA2G10|UNC5B|BMPR2|GFRA3|ECE1|GATA3|NDP|NTN4|USP33|NOTCH2|CDK5|CDK5R1|DSCAML1|IGSF9|NEXN|ARK2C|ERBB2|FYN|ANOS1|ATOH7|SIAH1|EDN1|EDNRA|DSCAM|EFNA2|EFNA5|EPHA7|ROBO4|FLRT2|FEZ1|FLRT3|PGRMC1|L1CAM|LGR6|NGFR|MEGF8|MYCBP2|EGR2|GDNF|NRP2|HDAC6|KIF21A|PLXNA4|NOTCH3|ROBO3|SEMA3A|SEMA3B|SEMA3C|SEMA3D|SEMA3E|SEMA3G|ARHGEF25|SEMA4B|SEMA4C|SEMA4D|ARHGEF40|SEMA4F|SEMA4G|SEMA5B|SEMA6A|SEMA6B|SEMA6C|SEMA6D|CHN1|SLIT3|TBR1|TUBB2B|UNC5C|WNT7B|PTK2|PTPRJ|PTPRO|RAC1|RAC3|RET|CNTN1|SHH|KALRN|NR4A3|EPHB1|LGI1|NRCAM|PLEKHG4|YTHDF1|PLEKHG4B|VANGL2|BMP7|SLIT2|SOS1|FGF8|LHX9|TGFB2|RPL24|LHX2|EPHA3|PLXNA1|WNT5A|NPTN|LYPLA2|RPS6KA5|CHL1|TRIO|CDH4|APBB2|PTPRH|HOXA2|CRPPA|KLF7|EFNB1|EPHB2|FEZ2|SEMA7A|PALLD|TTC8|KIF5A|KIF5B|CNTN6|KIF5C|KIFC2|CNTN2|CYFIP2|NRXN1|NOG|B3GNT2|B4GAT1|BMPR1B|MATN2|BOC|CYFIP1|EVL|LMO4|VASP|ATOH1|ARHGAP35|EFNA4|EPHA10|EPHA6|EPHB6|POU4F3|EFNA3|EPHA4|OPHN1|FOXD1|GAP43|NOVA2|PTPRM|EXT1|ARX|LAMA2|CDK5R2|LAMB2|ISL1|ABLIM1|PTK7|GBX1|ISL2|LHX3|SMAD4|LHX4|NEO1|NOTCH1|ULK2|EMB|NRP1|HMCN2|GLI2|KIAA1755|NELL2|DPYSL5|OR10A4|PCDHAC2|PLXNA3|TUBB3|UNC5A|RELN|ADAM17|BCL11B|ROBO1|DRAXIN|ROBO2|GDF7|LHX1|RYK|APP|DVL1|SEMA3F|SEMA5A|NFIB|ARTN|ENAH|SLIT1|BSG|TNR|CELSR3|SEMA4A|VAX1|WNT3|EPHB3,https://www.gsea-msigdb.org/gsea/msigdb/human/geneset/GOBP_NEURON_PROJECTION_GUIDANCE,240,ENR,GOBP_NEURON_PROJECTION_GUIDANCE,1,1E-3,GOBP_NEURON_PROJECTION_GUIDANCE,FALSE,GOBP_NEURON_PROJECTION_GUIDANCE
8,3,3,3,0.999,,1E-3,,ONECUT1|DKK3|MTMR4|PMEPA1|GIPC1|NPNT|GDF10|HSP90AB1|NKX2-1|OGT|ING1|WFIKKN1|WFIKKN2|SPRED1|SPRED2|SPRED3|FUT8|APPL1|APPL2|ARRB2|CREB1|HDAC1|SPRY1|SPRY2|RGCC|LPXN|ITGB5|ITGB6|BAMBI|SRC|BRMS1|OVOL2|PIAS2|SNW1|ASPN|ID1|TSC22D1|IL17F|SMAD5|EMILIN1|PEG10|RNF111|STRAP|NLK|SOX11|HTRA1|SELENON|PSG9|NDP|TP53|GDF15|CAV2|RBBP4|GDF9|GOT1|BCL9|ADAM9|BCL9L|SKI|USP9Y|ITGA3|CITED1|AXIN1|CLDN5|ITGB1|FOS|SKOR2|LATS1|LATS2|SMURF2|HSPA5|VASN|ZBTB7A|MSTN|DAB2|INTS9|SKIL|ZMIZ1|SMAD6|ZMIZ2|CITED2|ING2|PDPK1|XBP1|SDCBP|USP9X|GDF5|PTK2|ZNF703|FNTA|PALS1|ENG|TGFBR1|ARID4A|ARID4B|CREBBP|PRDM16|LOX|MECOM|USP15|LTBP2|ZFYVE9|SPI1|BMP2|PIN1|SIN3A|JUN|TAB1|TGFB2|THBS1|CAV3|PPARG|LRRC32|FKBP1A|PPM1A|TSKU|TWSG1|DUSP22|ACVR1|BRMS1L|SAP130|SAP30|SAP30L|SINHCAF|PTPRK|SNX25|SMAD3|PML|DAND5|TGFBR3|FBN2|CDH3|ERO1A|LTBP1|MEN1|CDKN1C|MYOCD|CDKN2B|NRROS|CILP|EID2|FAM89B|LDLRAD4|LTBP4|VEPH1|SMAD2|TET1|SMAD7|ZEB1|ZNF451|ZYX|TGFB3|SIRT1|SLC2A10|COL3A1|SUDS3|TGFBRAP1|MAP3K7|FBN1|GLG1|HSPA1A|STK11|CHST11|NREP|APOA1|ACVRL1|ONECUT2|CD109|CDH5|SMURF1|ITGA8|SNX6|HIPK2|BMPR1A|STUB1|TGFB1I1|CIDEA|WNT1|FURIN|SMAD1|TGFBR2|FOLR1|FERMT1|SMAD4|ITGB8|HDAC2|PARP1|ZEB2|FKBP1C|PPARA|LEMD3|STAT3|TGFB1|ADAM17|PXN|ADISSP|LTBP3|COL1A2|PBLD|ADAMTSL2|NODAL|AMHR2|FMOD|HTRA3|HTRA4|IL17RD|LEFTY1|HPGD|RASL11B|SMAD9|TGFBR3L|TRIM33|EP300|FOXH1|FLCN|RBBP7|FERMT2|GCNT2|LRG1,https://www.gsea-msigdb.org/gsea/msigdb/human/geneset/GOBP_TRANSFORMING_GROWTH_FACTOR_BETA_RECEPTOR_SIGNALING_PATHWAY,219,ENR,GOBP_TRANSFORMING_GROWTH_FACTOR_BETA_RECEPTOR_SIGNALING_PATHWAY,1,1E-3,GOBP_TRANSFORMING_GROWTH_FACTOR_BETA_RECEPTOR_SIGNALING_PATHWAY,FALSE,GOBP_TRANSFORMING_GROWTH_FACTOR_BETA_RECEPTOR_SIGNALING_PATHWAY
114,3,3,3,0.999,,1E-3,,SLC30A1|SLC39A12|TRPM2|SLC39A3|SLC1A1|TRPM7|SLC30A2|SLC39A11|SLC30A3|SLC30A4|SLC39A8|SLC30A6|SLC30A10|SLC39A14|SLC39A4|SLC39A6|SLC39A10|SLC39A5|SLC30A9|SLC30A5|SLC39A7|TRPM3|SLC30A7|SLC30A8|SLC39A9|SLC39A1|AP3D1|SLC39A13|SLC39A2|MT3|TMEM163|SLC11A2,https://www.gsea-msigdb.org/gsea/msigdb/human/geneset/GOBP_ZINC_ION_TRANSPORT,32,ENR,GOBP_ZINC_ION_TRANSPORT,1,1E-3,GOBP_ZINC_ION_TRANSPORT,FALSE,GOBP_ZINC_ION_TRANSPORT
79,3,3,3,0.999,,1E-3,,SNW1|VDR|PIM1|COL1A1|BGLAP|RXRA|RXRB|KANK2|PHEX|SNAI2|CYP24A1|CYP27B1|MN1|FGF23|FOLR2|GDAP1|FES|TNC|GAS6|CASR|POSTN|PENK|SFRP1|GPRIN3|FOLR1|MED1|TRIM24|LEP|NCOA3|MDM2,https://www.gsea-msigdb.org/gsea/msigdb/human/geneset/GOBP_CELLULAR_RESPONSE_TO_VITAMIN,30,ENR,GOBP_CELLULAR_RESPONSE_TO_VITAMIN,1,1E-3,GOBP_CELLULAR_RESPONSE_TO_VITAMIN,FALSE,GOBP_CELLULAR_RESPONSE_TO_VITAMIN
17,3,3,3,0.999,,1E-3,,CCL28|POLDIP2|THY1|CFL1|HRG|CDH13|CCR7|ITGB3|FUT1|PLPP3|DAG1|S100A10|ITGB1BP1|CD3E|LIMS1|CEACAM6|JUP|RRAS|DISC1|COL16A1|GFUS|EFEMP2|GSK3B|CSF1|EPHA1|SMAD3|CX3CL1|PPM1F|MAP4K4|FERMT1|PLEKHA2|TSC1|CD36|CDK6|RIN2|KDR|ABL1|NRP1|EPB41L5|PTK2B|PTPRJ|RAC1|VEGFA|EMP2|ROCK1|MYOC|LEF1|UTRN|TEK|SKAP1|SDC4|SFRP1|CIB1|FERMT2|WNT4|CCL21|CCL25,https://www.gsea-msigdb.org/gsea/msigdb/human/geneset/GOBP_POSITIVE_REGULATION_OF_CELL_MATRIX_ADHESION,57,ENR,GOBP_POSITIVE_REGULATION_OF_CELL_MATRIX_ADHESION,1,1E-3,GOBP_POSITIVE_REGULATION_OF_CELL_MATRIX_ADHESION,FALSE,GOBP_POSITIVE_REGULATION_OF_CELL_MATRIX_ADHESION
3,3,3,3,0.999,,1E-3,,DLL4|SMO|NOTCH1|PITX2|CCN1|BMP10|MYH6|ZFPM1|PROX1|TBX5|HEY2|TBX20|BMPR2|ENG|NSD2|ACVR1|NOG|WNT2|NOTCH2|SOX4|GJA5|SOS1|BMP2|ISL1|GATA4|NKX2-5|HEG1|SHOX2|MESP1|TGFB2,https://www.gsea-msigdb.org/gsea/msigdb/human/geneset/GOBP_CARDIAC_ATRIUM_MORPHOGENESIS,30,ENR,GOBP_CARDIAC_ATRIUM_MORPHOGENESIS,1,1E-3,GOBP_CARDIAC_ATRIUM_MORPHOGENESIS,FALSE,GOBP_CARDIAC_ATRIUM_MORPHOGENESIS
22,3,3,3,0.999,,1E-3,,MYOD1|TYROBP|CD53|RAPGEF3|TREM2|CCL8|CAMK1|DCSTAMP|TNFSF14|GDF15|CAPN2|ADGRB1|SCGB3A1|IL4R|OCSTAMP|RIPOR2|CXCL9|MAPK14|EHD1|EHD2|NFATC2|ADAM9|FLOT1|GCM1,https://www.gsea-msigdb.org/gsea/msigdb/human/geneset/GOBP_POSITIVE_REGULATION_OF_SYNCYTIUM_FORMATION_BY_PLASMA_MEMBRANE_FUSION,24,ENR,GOBP_POSITIVE_REGULATION_OF_SYNCYTIUM_FORMATION_BY_PLASMA_MEMBRANE_FUSION,1,1E-3,GOBP_POSITIVE_REGULATION_OF_SYNCYTIUM_FORMATION_BY_PLASMA_MEMBRANE_FUSION,FALSE,GOBP_POSITIVE_REGULATION_OF_SYNCYTIUM_FORMATION_BY_PLASMA_MEMBRANE_FUSION
113,3,3,3,0.999,,1E-3,,PIK3CB|AAK1|USH1G|HIP1R|DAB2|PROM2|TNK2|WASL|BMP2K|SMAP1|CCDC32|SNAP91|NEU3|UNC119|DNAJC6|DGKD|SH3GL3|UBQLN2,https://www.gsea-msigdb.org/gsea/msigdb/human/geneset/GOBP_REGULATION_OF_CLATHRIN_DEPENDENT_ENDOCYTOSIS,18,ENR,GOBP_REGULATION_OF_CLATHRIN_DEPENDENT_ENDOCYTOSIS,1,1E-3,GOBP_REGULATION_OF_CLATHRIN_DEPENDENT_ENDOCYTOSIS,FALSE,GOBP_REGULATION_OF_CLATHRIN_DEPENDENT_ENDOCYTOSIS
38,3,3,3,0.999,,1E-3,,PPARG|LMO3|SIX1|WDFY2|HTR2A|SULT1E1|ZFP36L1|AKT1|CDS1|WNT5B|NAPEPLD|TRPM4|KLF5|VSTM2A|CCDC3|CEBPB|CMKLR1|PPARD|FFAR4|CREB1|NOCT|INS|SIRT6|DKKL1|TPH1|FRZB|SFRP2|ADIG|CREBL2|FNDC5|RREB1|METRNL|ZNF385A|STK3|STK4|XBP1|SOX13|PIM1|TFE3|ZBTB16|ZC3H12A|ID2|HTR2C|RARRES2|SNAI2|AXIN2|CARM1|MAPK14|SYAP1|ZBTB7B|CEBPA|AAMDC|SAV1|TMEM64|ADIRF|ASXL2|MEDAG|WIF1|ZBTB7C|SFRP1|BMP7|HNRNPU|PTGS2|BMP2|LPL|GDF3|ZFP36|LRP5,https://www.gsea-msigdb.org/gsea/msigdb/human/geneset/GOBP_POSITIVE_REGULATION_OF_FAT_CELL_DIFFERENTIATION,68,ENR,GOBP_POSITIVE_REGULATION_OF_FAT_CELL_DIFFERENTIATION,1,1E-3,GOBP_POSITIVE_REGULATION_OF_FAT_CELL_DIFFERENTIATION,FALSE,GOBP_POSITIVE_REGULATION_OF_FAT_CELL_DIFFERENTIATION
57,3,3,3,0.999,,1E-3,,KRAS|SMO|CNTF|IFNGR1|LRP1|MAPT|PLP1|TREM2|ADORA2A|LAMC3|DLL1|TLR4|AGER|GFAP|IFNG|DRD1|TSPAN2|APP|C1QA|S100A8|S100A9|FPR2|IL6|TTBK1|PSEN1|POU3F2|ROR1|LDLR|C5AR1|GRN|TNF|EIF2B5|LAMB2|NF1|CDK6|IL1B|NR1D1|VIM|ZEB2|NAGLU,https://www.gsea-msigdb.org/gsea/msigdb/human/geneset/GOBP_ASTROCYTE_DEVELOPMENT,40,ENR,GOBP_ASTROCYTE_DEVELOPMENT,1,1E-3,GOBP_ASTROCYTE_DEVELOPMENT,FALSE,GOBP_ASTROCYTE_DEVELOPMENT
1,3,3,3,0.999,,1E-3,,IRX5|BMP4|CNTF|NRL|HIF1A|THY1|ABI2|FOXF2|RPGRIP1|PITX2|SAMD11|SDK2|TENM3|DLL1|PTF1A|RORB|GLI3|BBS4|IFT122|ATF4|THRB|WNT5A|BBS10|RDH13|HIPK1|SAMD7|TSKU|PAX6|PITX3|EPHA2|FJX1|RHO|TDRD7|ATP8A2|BCAR3|VSX1|CDON|EPHB2|IMPG2|SOX12|NECTIN1|FZD5|CRYGB|TFAP2B|FAT1|IFT172|TTC8|ZEB1|VEGFA|MFN2|PROX1|BAK1|BAX|SOX11|MEGF11|PRDM1|ARL6|SDK1|NDP|DIO3|WNT2|NOTCH2|TBC1D20|MEIS1|SOX4|SHROOM2|TWIST1|RPGRIP1L|SIX3|PDE6C|COL8A2|GNAT1|YY1|TBX2|SKI|CALB1|SP3|JAG1|ROM1|HCN1|RING1|GDF11|STRA6|DSCAM|ADAMTS9|WNT2B|AHI1|LARGE1|HIPK2|TFAP2A|COL8A1|HMGN1|NECTIN3|PTPRM|CTNNB1|AQP1|AQP5|NF1|RP1|USH1C|RS1|WNT9A|IHH|KDR|CITED2|NAGLU|STAT3|MAN2A1|NOTCH1|TH|WNT16|PAX2|SLC1A1|CRB1|CRB2|LCTL|FOXN4|LHX1|EPHB1|SOX1|PROM1|GNAT2|NTRK2|PHACTR4|TSPAN12|ALDH1A3|RBP4|BMP7|FAT3|ZHX2|KDM2B|C12ORF57|VSX2|FRS2|SOX9|CABP4|SOX8|LRP5|MFSD2A,https://www.gsea-msigdb.org/gsea/msigdb/human/geneset/GOBP_CAMERA_TYPE_EYE_MORPHOGENESIS,139,ENR,GOBP_CAMERA_TYPE_EYE_MORPHOGENESIS,1,1E-3,GOBP_CAMERA_TYPE_EYE_MORPHOGENESIS,FALSE,GOBP_CAMERA_TYPE_EYE_MORPHOGENESIS
44,3,3,3,0.999,,1E-3,,STAT3|BMP4|PRKRA|TGFB1|TRUB1|DGCR8|FMR1|ZSWIM8|PUM1|TIAL1|DND1|ELOB|ZMPSTE24|ZC3H10|BCDIN3D|IL6|TP53|ELOC|PUM2|FXR1|TRIM71|ADAR|LIN28A|LIN28B|RIPK1|MAEL|ZFP36|ELAVL1|TARBP2|TENT2,https://www.gsea-msigdb.org/gsea/msigdb/human/geneset/GOBP_REGULATION_OF_GENE_SILENCING_BY_REGULATORY_NCRNA,30,ENR,GOBP_REGULATION_OF_GENE_SILENCING_BY_REGULATORY_NCRNA,1,1E-3,GOBP_REGULATION_OF_GENE_SILENCING_BY_REGULATORY_NCRNA,FALSE,GOBP_REGULATION_OF_GENE_SILENCING_BY_REGULATORY_NCRNA
112,3,3,3,0.999,,1E-3,,CNTF|TMEM215|FGF2|UNC5C|IL1A|CASP2|NTRK1|UBE2B|KIT|KITLG|DDB1|BAX|BCL2|BCL2L1|DNASE1L3|YBX3|FASLG|SYCP2|PRKDC|SYCE3|SOD1|MAEL|TEX11|TOPAZ1|IL1B,https://www.gsea-msigdb.org/gsea/msigdb/human/geneset/GOBP_PROGRAMMED_CELL_DEATH_INVOLVED_IN_CELL_DEVELOPMENT,25,ENR,GOBP_PROGRAMMED_CELL_DEATH_INVOLVED_IN_CELL_DEVELOPMENT,1,1E-3,GOBP_PROGRAMMED_CELL_DEATH_INVOLVED_IN_CELL_DEVELOPMENT,FALSE,GOBP_PROGRAMMED_CELL_DEATH_INVOLVED_IN_CELL_DEVELOPMENT
,3,3,3,0.999,,1E-3,,REST|NEUROD2|GHRL|PALM|EPO|GRIA1|NTRK1|RAB3A|GJB6|HPCA|AKAP9|FZD3|P2RX7|PRICKLE1|MT-CO1|PTEN|TACR2|DISC1|SLC9A1|BRD1|AKAP12|HNRNPD|OXT|MYOG|MMP2|KCNJ3|GRM1|NSMF|MSTN|SOD2|CALR|ADSS1|ADSS2|BTG2|GNAT1|TRIM63|TACR1,https://www.gsea-msigdb.org/gsea/msigdb/human/geneset/GOBP_RESPONSE_TO_ELECTRICAL_STIMULUS,37,ENR,GOBP_RESPONSE_TO_ELECTRICAL_STIMULUS,1,1E-3,GOBP_RESPONSE_TO_ELECTRICAL_STIMULUS,FALSE,GOBP_RESPONSE_TO_ELECTRICAL_STIMULUS
1,3,3,3,0.999,,1E-3,,HOXA3|BMP4|HOXB4|MYC|RBPMS2|HAND2|HIF1A|NKX3-2|REST|WNT11|FOXF2|HESX1|WNT3A|PITX2|SIX1|RARB|RARG|DLG1|FGF9|GLI3|FZD3|RUNX2|TCF21|ALX4|C2CD3|DLX5|RDH10|DLX6|NTN1|PAX6|OSR2|ALX3|HPN|PSEN1|SPRY2|OTX1|EPHA2|SIX4|HOXD9|TCAP|OVOL2|FZD2|HOXB3|HOXD3|SHOX2|HOXB5|RNF207|RYR2|MESP1|SIX2|SMO|DVL2|EFNA1|MTHFD1|FOXG1|SUFU|HOXA4|NECTIN1|HOXC4|HOXD11|HOXD4|ZIC1|PKD2|MDFI|PROX1|NCKAP1|MMP16|PPP1R35|TBX20|SOX11|DLX2|STIL|GATA3|MYO3A|NOTCH2|MYO3B|GRXCR1|SOX17|FOXE1|TBX15|TBX3|DSCAML1|GSC|HOXA7|MYF5|BMI1|MTHFD1L|FGFR2|GJB6|EDN1|STRA6|CCDC39|EDNRA|HOXB7|WNT9B|AHI1|SOX18|MIB1|MEF2C|FOXL2|MEGF8|MMP14|NECTIN3|ANKRD24|CLRN2|GRXCR2|LHFPL5|PDZD7|STRC|SLC44A4|TECTA|TPRN|TEAD2|MICAL2|HOXB1|HOXB2|IHH|CITED2|GRHL2|SCRIB|MFAP5|WNT16|MSX1|NDRG4|PAX2|CHD7|PAX8|POU3F4|TBX1|RAC1|SHH|ENG|NR4A3|CHRNA10|CHRNA9|INSIG1|TGFBR1|HOXB9|ALX1|PHACTR4|TRIOBP|VANGL2|BMP7|EYA1|SLITRK6|FGF10|FGF8|IRX5|TIFAB|DLL1|EFEMP1|HOXC11|MYCN|INSIG2|WNT5A|HIPK1|ACVR1|ATP6V1B1|BBS5|BBS7|FOXF1|HOXA2|PAX5|TSHZ1|BLOC1S5|GATA2|SMAD3|HOXA11|HNF1B|HLX|FBN2|SATB2|STOX1|FRZB|MED12|HOXA1|TBX18|ATP8A2|OTOP1|NKX2-5|EPHB2|SMAD2|EIF4A3|SRF|APLNR|FZD5|CLUAP1|DYNC2I1|SEC24B|IFT172|OSR1|ZEB1|IFT52|ID2|IFT57|HAND1|MKKS|WDR19|CTHRC1|HMX2|FBN1|SETDB2|FOXC2|NOG|HOXA5|HOXA9|HOXB8|NIPBL|TULP3|MAFB|FZD6|MFAP2|TMED2|TWIST1|SIX3|CHST11|TBX2|SP3|COL11A1|COL2A1|CCDC40|DNAAF1|SLC39A3|ZIC3|ATOH1|FOXI1|HMX3|ITGA8|KCNQ4|LRIG1|LRIG3|MYO15A|POU4F3|PRRX1|SOBP|HIPK2|TFAP2A|TMIE|TTC39C|FUZ|IFT140|NDST1|MYO6|WNT1|CTNNB1|HES1|NOTO|SPARC|HYAL1|TGFBR2|GRHL3|FOLR1|USH1C|PTK7|SLC39A1|GATA4|VAX2|FLVCR1|MYO7A|NAGLU|HOXC9|HOXD10|PRKRA|NOTCH1|FGFR1|TH|CEP290|PDGFRA|GLI1|WDPCP|CDH23|YAP1|CLRN1|KCNQ1|CRB2|PCGF2|FOXN4|NEUROD1|LHX1|ARL13B|NPHP3|DVL1|NODAL|ASB2|PLS1|BCR|HOXB6|USH1G|ALDH1A3|NHERF1|RBP4|WHRN|FOXH1|KDM2B|MAPK1|MAPK3|SOD1|FRS2|SOX9|RPL38,https://www.gsea-msigdb.org/gsea/msigdb/human/geneset/GOBP_EMBRYONIC_ORGAN_MORPHOGENESIS,300,ENR,GOBP_EMBRYONIC_ORGAN_MORPHOGENESIS,1,1E-3,GOBP_EMBRYONIC_ORGAN_MORPHOGENESIS,FALSE,GOBP_EMBRYONIC_ORGAN_MORPHOGENESIS
111,3,3,3,0.999,,1E-3,,CRY1|C1QTNF3|PGP|MTCL2|TCF7L2|C1QTNF12|SERPINA12|EP300|SIK1|INS|USP7|SIRT6|ERFE|MST1|LEPR|ADIPOQ|NR0B1|CLK2|GCK|KAT2A,https://www.gsea-msigdb.org/gsea/msigdb/human/geneset/GOBP_NEGATIVE_REGULATION_OF_GLUCONEOGENESIS,20,ENR,GOBP_NEGATIVE_REGULATION_OF_GLUCONEOGENESIS,1,1E-3,GOBP_NEGATIVE_REGULATION_OF_GLUCONEOGENESIS,FALSE,GOBP_NEGATIVE_REGULATION_OF_GLUCONEOGENESIS
23,3,3,3,0.999,,1E-3,,TRIM16|RPS6|SRD5A1|SRD5A2|LHCGR|AKT1|AKT2|CSRP3|NR1H4|PHEX|COMT|ENPP1|MAP1B|EPM2AIP1|OSBPL8|G6PC1|RHOQ|GRB7|NEFL|PCSK9|CAT|GCGR|GCK|APPL1|APPL2|COL6A1|GRB10|GSK3A|GSK3B|SLC34A1|IGF1|IGF2|INPP5K|INS|INSR|IRS1|IRS2|PRKAR1A|KHK|ZBED3|KL|LEP|BTG1|CEACAM1|CYC1|MTOR|CHUK|AGRP|GALP|PIK3C2A|IDE|PIK3R3|PID1|CYBA|POMC|COL1A1|NAMPT|PIP4K2A|PIP4K2B|PIP4K2C|NPPA|NPR2|SLC2A1|JAK1|PRLH|MT-CYB|PLA2G1B|PLA2G2A|PDK2|PDK4|SELENOS|SORBS1|GRB2|ADIPOR1|PLCB1|AP3S1|BTG2|DNAI1|GKAP1|GOT1|GPR21|GRB14|IRS4|SCNN1B|NCOA5|SIK2|VWA2|SHC1|UPRT|ZNF106|ZNF592|SLC24A4|KCNJ8|PNPLA3|EIF2B2|BLVRB|PRKCD|ACTN2|SLC25A33|PRKCA|NFE2L2|CSK|TRPV4|SCNN1A|SCNN1D|SCNN1G|CUL3|PDPK1|XBP1|DENND4C|AANAT|PTPN1|PTPN2|SLC2A8|REG3G|NR4A3|RELA|INSIG1|SLC39A14|MEAK7|PIK3CA|PNPT1|LEPROT|LEPROTL1|LRP6|PRKCZ|STAT5A|MYO5A|ATP2B1|CAV1|CD2AP|CPS1|ERRFI1|HDAC9|CA2|FUT1|INHBB|PRKCI|GPR82|PRKD1|INSIG2|RAB10|SOCS1|LPIN2|RAB13|LPIN3|IGFBP5|RAB31|PCK1|PCK2|GAL|FFAR3|RAB8A|PTPN11|SERPINA12|SLC27A1|PRKCG|PRKDC|JAK3|SCAP|CRY1|MZB1|DDR2|MTCL2|FOXO4|NUDC|SIRT1|TCF12|OTC|SORL1|SMARCC1|SORT1|YWHAG|ZBTB7B|ACE|FBN1|AREG|BAIAP2|TOP1|KAT2B|HADH|USO1|VAMP2|C1QTNF12|CACYBP|VPS13C|CCNA2|SLC27A4|CDC6|NCL|ABCB1|CAD|NONO|INSRR|GNAS|APC|GSTP1|PIK3R1|RPS6KB1|TIMP1|PARP1|EREG|PPARA|STAT3|EIF4EBP2|TGFB1|GHRL|GHSR|MAPKAP1|POR|KCNQ1|RPS6KB2|RANGAP1|ADIPOQ|SYAP1|AGTRAP|OPRK1|OXT|IL10|SOCS3|PPP3CA|EIF6|BSG|RBP4|FBP1|RBM4|USF1|MAPK1|SLC26A6|MAPK3|SH2B2|NCOA2|AGTR1|GCG|TFF1|FBXW8|NR5A1|CRY2|CFL1|HMGCS2|DAG1|OGT|NUCKS1|KBTBD2|SGCB|SLC30A10|CRHBP|PKLR|PRKCQ|PKM|CRK|GHR|CREB1|CXCL12|SRC|STAT6|VGF|BCAR3|MDM2|EDNRB|REG1A|SRSF4|SRSF5|RETN|SRSF6|AGTR2|F7|FER|KANK1|FUT7|SP1|GCNT1|C2CD5|GDF15|GNAI1|CAMK2A|CAV2|TRIM24|RB1|IL1B|ACVR1C|ALPL|ASS1|FYN|CITED1|GLP1R|ITGB3|CAPN10|FOS|EDN1|GNRH1|HRAS|EDNRA|SOCS2|HDAC5|SOCS7|SP7|JUND|NKX6-1|EEF2K|LYN|MYO1C|GCLC|GPER1|TRIB3|IGF1R|NR4A1|MSTN|KLF15|PAK1|TRIM72|AHCYL1|FAM114A1|EPRS1|LONP1|CPEB1|PRKCB|MGARP|PTK2|BCAR1|CACNA2D3|PTPRJ|RAC1|HSF1|RARRES2|ROCK1|CRHR2|GAB1|IGFBP1|GLP2R|PRKACA|TRARG1|BMP7|SOS1|CUL7|STAT5B|LRP5|STXBP4|PHIP|ZDHHC7|MC4R|PPARG|TNFRSF11A|ZFP36L1|CFLAR|RAP1GDS1|EIF2B1|EIF2B3|EIF2B4|SESN2|PTPRE|EGR1|FOXO1|SMAD3|CTSD|EIF2B5|STAT2|TGFBR3|TNS2|OTOP1|NFKB1|MBD5|SOS2|FAT1|NCK1|CDO1|CELA2A|COL3A1|ERFE|PIK3R2|SLC9A1|NDEL1|MAP3K7|FOXC2|STC2|ECHDC3|UCP2|SLC2A4|UCP3|GHRHR|TSHR|SHOC2|STXBP3|RAF1|HNF4A|HSD11B2|RBX1|UMODL1|PLN|ALAS1|NCOA1|GRIA1|SESN3|SNX5|WDTC1|ABCC8|AGT|SREBF1|GNRHR|WNT1|GPR173|INHBA|CYBB|TBC1D4|FABP3|JAK2|TSC1|TSC2|AHSG|GPLD1|BGLAP|HADHA|TYK2|NR4A2|PXN|MAS1|MAPK14|LTA4H|INPPL1|CPEB2|ROCK2|ADCY6|ADCY8|CYP11A1|CYP11B1|STAT4|LPIN1|PRKAA1|STAT1|PDE3B,https://www.gsea-msigdb.org/gsea/msigdb/human/geneset/GOBP_RESPONSE_TO_PEPTIDE_HORMONE,430,ENR,GOBP_RESPONSE_TO_PEPTIDE_HORMONE,1,1E-3,GOBP_RESPONSE_TO_PEPTIDE_HORMONE,FALSE,GOBP_RESPONSE_TO_PEPTIDE_HORMONE
2,3,3,3,0.999,,1E-3,,METRN|MTMR2|WNT3A|CBLN2|ADCY10|SPP1|DLG1|AKT1|DOCK7|YWHAH|BHLHE40|ADGRB1|B2M|HELT|MAP1B|PAFAH1B1|NEFL|NTN1|PAX6|APPL2|IGF1|STK25|IL6ST|PITX3|F2|MT3|MTOR|NR1D1|HEY1|HEYL|PER2|IDH2|NIN|PPP1CC|MAG|DRD2|PCM1|DUSP10|SOX11|DLX1|DLX2|NKX6-2|RNF112|TP53|ZNF488|WDR62|TNFRSF21|ST8SIA2|BTG2|CAPRIN1|SKI|SRRT|SLC30A1|LGI4|WASF3|ATXN1|DSCAM|TG|EFNA5|ELL3|EPHA7|LRP8|PTEN|FLRT2|FLRT3|L1CAM|EZH2|MEGF8|FXR2|GRM5|NTRK3|PRKCA|ARHGAP4|LIN28A|TNF|SEMA3G|CUX1|TGM2|SEMA4D|SEMA4F|CRABP2|SEMA6C|SEMA6D|DAB1|MAP2K2|NF2|RAB21|GOLGA4|IFNG|PTPRS|FLRT1|IQSEC2|NFATC4|SHH|RELA|LRP4|SOX10|LRRTM3|MCF2|NTRK2|AMIGO3|LPAR3|ELAPOR2|SIRT2|MACF1|TRPC5|TRPC6|HMGA2|PRUNE1|ASPM|DLL1|TLR2|FN1|AMIGO1|KDM1A|RND2|OTP|PRKCI|RASSF10|CAMK2B|TRIM11|SHTN1|GPRASP3|NPTN|SYNGAP1|TIAM2|CLSTN2|GATA2|YTHDF2|NUMB|SERPINF1|CDK18|SLITRK5|BIN1|CHODL|DLL4|CUX2|NUMBL|SEMA7A|PLAG1|FMR1|TNFRSF1B|ID2|HMGB2|SLITRK3|SORL1|LIG4|SMARCD3|RGS14|BAIAP2|CTSC|DAAM2|ZNF365|SRPX2|ATOH1|CERS2|CST7|XRCC2|DRD3|TPPP|EPHA4|ANXA2|DBN1|SS18L1|PLXND1|CLCF1|FXR1|ANAPC2|CTNNB1|ID4|VSTM5|GRID2|HES1|THBS2|TNFRSF12A|MAP2K1|KIAA0319|HOOK3|ITGAX|BMAL1|NLGN3|TGFB1|NOTCH1|PRMT5|TREM2|FGF2|GHRL|NRP1|WNT7A|DPYSL5|MAP6|PLXNA3|SLITRK4|RELN|MYRF|RGMA|ROBO1|RUFY3|ROBO2|QKI|RTN4R|ARMCX5-GPRASP2|RYK|SEMA3F|OXT|SEMA5A|ASCL2|IL6|SLIT1|PPP3CA|ZFYVE27|TNR|CCL11|WNT3|DLL3|NR2E1|EPHB3|FBXW8|HIF1A|REST|CDH1|MAP3K13|LIF|POU4F1|PRKCH|RARB|RARG|NGF|GLI3|NTRK1|OPRM1|DAG1|FZD3|DYNLT1|EFNB3|RAPGEF2|SLITRK1|PLXNB1|KIF14|HDAC1|PSEN1|LIMK1|CX3CL1|CX3CR1|CXCL12|BRINP1|BDNF|BHLHE41|CXCR4|HOXB3|ASCL1|SHOX2|CDON|SMO|HLTF|SNW1|FEZF1|FOXG1|CDKL3|VEGFA|DCC|FSTL4|IFRD1|PRTG|PROX1|XRCC5|TLX2|ASIC2|HEY2|BMPR2|DMRTA2|GPR37L1|BRAF|MME|SHANK3|NAP1L1|IL1RAPL1|CDK5|CLSTN1|RB1|FZD4|IL1B|IL34|RNF10|ADGRB3|GDI1|HES2|HES6|E2F1|GORASP1|ITGB1|JAM2|SLITRK2|KIT|RNF6|DKK1|NKX6-1|EEF2K|LYN|FGF13|BCL11A|MDK|DIP2B|GPER1|EGR2|HDAC6|NOS1|DICER1|ZPR1|PAK1|PARD3|HES5|NF1|DNAJB11|SKIL|CAPRIN2|NSUN5|KRAS|MAN2A1|MAPT|ADNP|DHX36|PLXNC1|CHD7|PTN|ADGRB2|AMIGO2|LINGO2|LINGO4|LRRC24|LRRN1|LRRN3|LRTM2|RTN4|NCMAP|EPHB1|TENM4|ISLR2|PLXNB3|TWF2|TPBG|BMP7|SLIT2|CUL7|BMP2|CTDSP1|SLITRK6|SOX8|OBSL1|THY1|AGRN|LHX2|MYCN|PLXNB2|VEGFC|WNT5A|LRRTM1|PTPN13|SPEN|TIAM1|CDH4|S100B|PTPRZ1|EIF2AK3|ZNF335|DLG5|EPHB2|SRF|HAP1|PARP6|KIFAP3|ANKRD27|GFAP|HES7|TP73|MAP2|TYMP|NLGN1|NLGN2|NRXN1|NOG|WNT2|STK11|TRPV2|IST1|SYNDIG1|SYT4|RHEB|TRAK1|TRAK2|TRIM46|NEURL1|SMURF1|S100A10|SERPINE2|CBLN1|CDKL5|DISC1|ABCC8|SPART|BMPR1A|LRRC4B|LRRTM2|DCT|PTPRD|LRP2|TRIM32|GBX1|FIG4|LTA|TSPO|HDAC2|ZEB2|OLIG2|RARA|UFL1|TBC1D24|ULK1|SLC7A5|ULK2|IL1RAP|ETV5|YAP1|CLSTN3|DRAXIN|STAU2|MYB|NRDC|LEF1|TTBK1|ITPKA|LDLR|CLCN2|CTNNA1|KCTD11|SPINT1|SEMA4A|VAX1|VSX2|LPIN1|TMEM98|MECP2,https://www.gsea-msigdb.org/gsea/msigdb/human/geneset/GOBP_REGULATION_OF_NERVOUS_SYSTEM_DEVELOPMENT,442,ENR,GOBP_REGULATION_OF_NERVOUS_SYSTEM_DEVELOPMENT,1,1E-3,GOBP_REGULATION_OF_NERVOUS_SYSTEM_DEVELOPMENT,FALSE,GOBP_REGULATION_OF_NERVOUS_SYSTEM_DEVELOPMENT
53,3,3,3,0.999,,1E-3,,ACTR3|OCLN|ABI2|CFL1|ACTR2|CLRN1|RAC1|RAC2|CARMIL2|ARPC2|NCKAP1|CDC42|FRMD7|AKIRIN1|HSP90AA1|FSCN1|PIK3CA|WNT1|MSTN|TWF2|WASF2|PIK3R1|BRK1|PLCE1|MTOR|AUTS2|CYFIP1|AVIL,https://www.gsea-msigdb.org/gsea/msigdb/human/geneset/GOBP_POSITIVE_REGULATION_OF_LAMELLIPODIUM_ASSEMBLY,28,ENR,GOBP_POSITIVE_REGULATION_OF_LAMELLIPODIUM_ASSEMBLY,1,1E-3,GOBP_POSITIVE_REGULATION_OF_LAMELLIPODIUM_ASSEMBLY,FALSE,GOBP_POSITIVE_REGULATION_OF_LAMELLIPODIUM_ASSEMBLY
3,3,3,3,0.999,,1E-3,,BMP4|OLFM1|JAG1|KDM1A|PDPN|EZH2|AGT|ACVR1|MDK|TIAM1|TGFB1I1|CTNNB1|RGCC|SMAD3|TCF7L2|LOXL2|TGFBR2|DAB2|ISL1|TNXB|BAMBI|SNAI1|SMAD4|MTOR|HDAC2|SMAD2|TGFB1|FOXC1|NOTCH1|SDCBP|COL1A1|PTK2|WWTR1|TGFB3|ZNF703|EMP2|CRB2|AXIN2|ADAM8|SERPINB3|TBX20|ENG|TGFBR1|LEF1|IL6|ALX1|TWIST1|BMP7|BMP2|FERMT2|IL1B|BCL9L|GCNT2|GLIPR2|LRG1|TGFB2,https://www.gsea-msigdb.org/gsea/msigdb/human/geneset/GOBP_POSITIVE_REGULATION_OF_EPITHELIAL_TO_MESENCHYMAL_TRANSITION,56,ENR,GOBP_POSITIVE_REGULATION_OF_EPITHELIAL_TO_MESENCHYMAL_TRANSITION,1,1E-3,GOBP_POSITIVE_REGULATION_OF_EPITHELIAL_TO_MESENCHYMAL_TRANSITION,FALSE,GOBP_POSITIVE_REGULATION_OF_EPITHELIAL_TO_MESENCHYMAL_TRANSITION
3,3,3,3,0.999,,1E-3,,NACA|HAND2|NOTCH1|PITX2|SIX1|PIM1|CTNNB1|RBPJ|BMP10|MKS1|HES1|TBX3|TGFBR2|EYA1|ISL1|TBX5|SMAD4|SOX9|BMPR2|ENG,https://www.gsea-msigdb.org/gsea/msigdb/human/geneset/GOBP_CELL_PROLIFERATION_INVOLVED_IN_HEART_MORPHOGENESIS,20,ENR,GOBP_CELL_PROLIFERATION_INVOLVED_IN_HEART_MORPHOGENESIS,1,1E-3,GOBP_CELL_PROLIFERATION_INVOLVED_IN_HEART_MORPHOGENESIS,FALSE,GOBP_CELL_PROLIFERATION_INVOLVED_IN_HEART_MORPHOGENESIS
67,3,3,3,0.999,,1E-3,,THBS1|CCL5|CPS1|FGF9|ZFP36L1|IQGAP1|FGF12|ZDHHC16|RUNX2|SHCBP1|IFT80|WNT5A|NPTN|RAB14|CHURC1|FRS3|IER2|FGFBP1|SPRY3|SPRY4|CREB3L1|PRKD2|KCNC1|CRKL|SPRY1|SPRY2|PTPN11|ELK1|OTX2|CXCL13|KL|CXCL8|SMOC2|FGFBP3|DLL4|APLN|FGF17|FGF22|FGF5|FGF6|FGFRL1|COL1A1|OFD1|KLB|NPR2|PTH|EXT2|NRXN1|GATA3|NOG|FIBP|GRB2|SHOC2|ZFP36|FAM20C|HHIP|TBX2|LRIT3|SHISA2|GALNT3|ITGB1|FGFR2|KDM5B|ITGB1BP1|FGF7|FLRT2|CRIPTO|FLRT3|CEP57|FUZ|GCLC|GCLM|NGFR|NDST1|SNCA|NR4A1|CTNNB1|TRIM71|EXT1|HYAL1|NDNF|HYAL2|SCGB1A1|FGF14|FGF2|FGFR1|FGFR4|TBX1|PTPN1|FLRT1|LHX1|EGR3|FGF23|FGF1|FGF16|FGF18|TNC|KIF16B|CASR|POSTN|CCN2|CD44|ZFP36L2|SOS1|GPC1|DSTYK|WNT4|FGF19|CCL2|FGF20|PRDM14|RHOD|FGF10|FGF8|FGFR3|FRS2|SULF1|SULF2,https://www.gsea-msigdb.org/gsea/msigdb/human/geneset/GOBP_RESPONSE_TO_FIBROBLAST_GROWTH_FACTOR,118,ENR,GOBP_RESPONSE_TO_FIBROBLAST_GROWTH_FACTOR,1,1E-3,GOBP_RESPONSE_TO_FIBROBLAST_GROWTH_FACTOR,FALSE,GOBP_RESPONSE_TO_FIBROBLAST_GROWTH_FACTOR
,3,3,3,0.999,,1E-3,,SEMA6D|MYH10|NUMBL|DNAH5|DPCD|KIF27|ANP32B|BBS1|WDR89|HYDIN|CELSR2|BBS4|ODAD2|RAPGEF2|CENPF|TSKU|TTC21B|CORO1C|PAX5|AQP1|SLC7A11|ATP1B2|NUMB|RPGRIP1L|CCDC134|KDM2B|UCHL5|C12ORF57|CDK6|MNAT1|NME5|MBOAT7|MECP2|AK8,https://www.gsea-msigdb.org/gsea/msigdb/human/geneset/GOBP_VENTRICULAR_SYSTEM_DEVELOPMENT,34,ENR,GOBP_VENTRICULAR_SYSTEM_DEVELOPMENT,1,1E-3,GOBP_VENTRICULAR_SYSTEM_DEVELOPMENT,FALSE,GOBP_VENTRICULAR_SYSTEM_DEVELOPMENT
2,3,3,3,0.999,,1E-3,,EPHA5|BMP4|HIF1A|WNT3A|CFL1|ATIC|RARB|SRD5A1|SRD5A2|GLI3|NKX2-1|ATF5|BBS4|ZDHHC16|DCLK2|DLX5|RAN|PAFAH1B1|NEFL|KCNA1|CEP120|AKIRIN2|KIF14|GART|PAX6|ATAT1|CRK|GMPPA|GSK3B|KCNC1|CRKL|SLC38A2|HDAC1|CSF1R|PSEN1|SUN2|SYNE2|ATP1B2|LMX1A|TACC1|TACC2|CXCL12|HPRT1|SALL1|ASCL1|FOXP1|CDON|SMO|MYH10|FEZF1|FOXG1|MCPH1|AGTPBP1|EOMES|NIN|POU3F3|SCN5A|DAB2IP|ZIC1|ARHGAP11B|DRD2|SLC2A1|PROX1|BAX|CRTAC1|DLX1|DLX2|DMRTA2|TUBA1A|BNIP3|NPY|SHANK3|WDR62|POU3F2|SRGAP2C|CDK5|CDK5R1|RPGRIP1L|PLCB1|BTG2|TRA2B|SKI|BBS1|BMERB1|BBS2|FOS|SLC1A2|OGDH|CCDC39|EFNA2|SOCS7|ERBB4|LRP8|PTEN|XAB2|FEZ1|LARGE1|RHOA|EZH2|FGF13|MDK|FXR2|NRG3|IGF2BP1|PLXNA4|HES5|NF1|SEMA3A|FOXP2|ZMIZ1|P2RY12|KIRREL3|LHX6|UQCRQ|ZSWIM6|NSUN5|PIANP|SEMA6B|SLIT3|TBR1|TUBB2B|DNAH5|DAB1|DPCD|MGARP|WDR89|FAT4|NF2|CHD7|RAC1|PTPRS|SECISBP2|NARS1|SLC8A3|RTN4|PALS1|SHH|NR4A3|EZH1|NTRK2|SZT2|KIF26A|LPAR1|EGFR|WDR47|SLIT2|BMP2|LRRK2|PEX5|FGF8|CCDC141|TACC3|HTR5A|PRDM8|LHX2|ASPM|XRN2|KDM1A|ATG16L1|FUT1|EFHC1|ATP1A2|WNT5A|TSKU|CASP3|FILIP1|ATP2B4|FLNA|NRGN|PAX5|TFAP2C|CSNK2A2|EIF2B5|NUMB|YWHAE|CDH2|SLITRK5|CDK6|ADGRG1|EPHB2|NUMBL|SRF|SEMA7A|PHACTR1|AVPR2|TTC8|CCDC85C|ID2|COL3A1|SLC32A1|HERC1|TP73|NOTCH2NLA|MKKS|NOTCH2NLB|NOTCH2NLC|NDE1|CNTN2|NDEL1|CORO1C|RFX4|KDM6B|FOXB1|SUN1|UCHL5|SIX3|BCAN|FKTN|XRCC1|RTN4RL2|KAT2A|TMEM14B|TRAPPC9|BLOC1S6|NCOA1|GRIA1|ZIC3|PEX13|ATOH1|CNTNAP2|TUBB2A|SRGAP2|DRD1|DISC1|POMGNT1|TMEM108|POMT2|FXR1|CTNNB1|ID4|EXT1|AQP1|SLC7A11|HES1|ARX|LAMB1|CDK5R2|EMX2|INHBA|FBXO41|PHLPP2|TSC1|VPS13B|PPP1R9B|ZEB2|TCTN1|RARA|HTR6|ALK|DIXDC1|PLXNA3|RELN|BCL11B|ROBO1|DRAXIN|ROBO2|NEUROD1|RTN4R|LHX1|RTN4RL1|ARL13B|LHX5|RYK|BTBD3|MDGA1|AVPR1A|EMX1|NFIB|LEF1|SLIT1|KCNA2|ALDH1A3|TNR|SCT|KDM2B|C12ORF57|WDR37|FBXO45|MBOAT7|NR2E1|EPHB3|MFSD2A,https://www.gsea-msigdb.org/gsea/msigdb/human/geneset/GOBP_TELENCEPHALON_DEVELOPMENT,282,ENR,GOBP_TELENCEPHALON_DEVELOPMENT,1,1E-3,GOBP_TELENCEPHALON_DEVELOPMENT,FALSE,GOBP_TELENCEPHALON_DEVELOPMENT
9,3,3,3,0.999,,1E-3,,NAPA|RIMS2|RAB3A|PREPL|P2RX7|RAP1A|RAP1B|ATP2A2|PSEN1|BRSK1|CADPS|CADPS2|PRKCG|DTNBP1|OSBPL2|SLC4A8|SNAP23|FMR1|PIP5K1C|SYNGR3|NLGN1|PFN2|STXBP5|PCLO|CACNA1B|CPLX2|CPLX4|DNAJC5|PPFIA2|BRAF|NPY|GPR151|CALM3|DOC2A|DOC2B|SEPTIN5|CDK5|ERC2|OTOF|PPFIA3|SNAP25|STXBP1|STXBP2|GRIK5|STXBP3|CPLX1|SYN1|RIMS1|RIMS3|RIMS4|SYT11|RAB5A|SYT4|SNPH|SV2A|SV2B|SV2C|SYT10|SYT12|TPRG1L|BLOC1S6|UNC13A|UNC13B|PRRT2|UNC13C|VAMP2|CASK|P2RX1|RPH3A|P2RY1|RPH3AL|SNAP29|SNAPIN|SNAP47|CSPG5|STX11|STX19|STX1A|STX1B|STX2|SNCA|SYP|EFR3A|SYT1|SYT13|SYT2|SYT5|SYT8|SYT9|RAB3GAP1|SYNJ1|PRKCB|NAPB|SCRIB|SYT7|WNT7A|VPS18|DVL1|PPP3CA|FBXL20|CACNB4|LRRK2|FBXO45|GIT1,https://www.gsea-msigdb.org/gsea/msigdb/human/geneset/GOBP_SYNAPTIC_VESICLE_EXOCYTOSIS,104,ENR,GOBP_SYNAPTIC_VESICLE_EXOCYTOSIS,1,1E-3,GOBP_SYNAPTIC_VESICLE_EXOCYTOSIS,FALSE,GOBP_SYNAPTIC_VESICLE_EXOCYTOSIS
8,3,3,3,0.999,,1E-3,,BMP4|RBPMS2|CHRDL2|ONECUT1|DKK3|SKOR1|VWC2L|MTMR4|PMEPA1|CCN3|GIPC1|FGF9|BMP10|NPNT|HSP90AB1|NKX2-1|OGT|ING1|WFIKKN1|WFIKKN2|SPRED1|SPRED2|SPRED3|CRKL|HDAC1|SPRY1|SPRY2|RBPJ|SH2B1|KCP|SCUBE3|ATOH8|BAMBI|GREM2|BRMS1|FSTL1|OVOL2|SNW1|ASPN|FST|GDF6|TSC22D1|IL17F|EMILIN1|PEG10|FSTL4|RNF111|STRAP|TBX20|BMPR2|SOX11|HTRA1|DLX1|PSG9|TP53|NOTCH2|GDF15|CAV2|GREM1|RBBP4|GOT1|BCL9|BCL9L|SKI|ARK2C|ITGA3|CITED1|AXIN1|CCN1|SKOR2|LATS1|LATS2|SMURF2|HSPA5|PELO|VASN|DKK1|MAGI2|SFRP4|ZBTB7A|NCLN|BMP6|NOMO1|DACT2|FZD1|NOMO3|HES5|NBL1|DAB2|INTS9|UBE2D1|UBE2D3|SFRP2|SKIL|SMAD6|KDR|CITED2|ING2|PDPK1|XBP1|ABL1|SDCBP|GDF5|MSX1|MSX2|ZNF703|PALS1|SHH|ENG|TGFBR1|ARID4A|TOB1|ARID4B|CREBBP|UBE2O|PRDM16|TMPRSS6|LOX|MECOM|USP15|PCSK6|BMP7|ELAPOR2|BMP2|PIN1|SIN3A|DMRT1|FGF10|GDF3|HOXA13|SOSTDC1|TTK|TGFB2|THBS1|CAV1|CAV3|PPARG|TNFAIP6|ZC3H3|LRRC32|FKBP1A|PPM1A|WNT5A|TWSG1|ACVR1|BRMS1L|FSTL5|SAP130|SAP30|SAP30L|SINHCAF|SNX25|CHRDL1|SMAD3|CER1|HFE|XIAP|DAND5|TGFBR3|CRIM1|FBN2|CDH3|LTBP1|MEN1|CDKN1C|MYOCD|CDKN2B|NRROS|CILP|EID2|FAM89B|LDLRAD4|LTBP4|UCMA|VEPH1|LRP1|DACT1|SMAD2|FKBP8|TET1|TFAP2B|SMAD7|ZEB1|ZNF451|TGFB3|SIRT1|SLC2A10|ERFE|SUDS3|SORL1|ACVR2B|FBN1|FSTL3|GLG1|NOG|SFRP1|HSPA1A|STK11|ZNF423|CHST11|NREP|ILK|ACVRL1|SOST|ONECUT2|CD109|GDF11|CDH5|SMURF1|NUMA1|GLCE|ITGA8|ACVR1B|AMH|CHRD|SNX6|HIPK2|SPART|FOXD1|BMPR1A|STUB1|TGFB1I1|CIDEA|WNT1|HES1|TGFBR2|INHBA|FOLR1|KIAA0319|FERMT1|JAK2|LRP2|SMAD4|GATA4|HDAC2|PARP1|ZEB2|FKBP1C|GPC3|PPARA|VWC2|IGSF1|LEMD3|NEO1|PRMT1|TGFB1|NOTCH1|GPR155|CTDSPL2|CSNK2B|HJV|CRB2|ADAM17|RGMA|ACVR2A|ADISSP|GDF7|TMEM53|PBLD|ADAMTSL2|NODAL|FBXL15|HTRA3|HTRA4|IL17RD|RASL11B|BMP5|BMPER|TGFBR3L|TRIM33|EP300|FLCN|RBBP7|NGLY1|SULF1|NUP93|LRG1,https://www.gsea-msigdb.org/gsea/msigdb/human/geneset/GOBP_REGULATION_OF_TRANSMEMBRANE_RECEPTOR_PROTEIN_SERINE_THREONINE_KINASE_SIGNALING_PATHWAY,277,ENR,GOBP_REGULATION_OF_TRANSMEMBRANE_RECEPTOR_PROTEIN_SERINE_THREONINE_KINASE_SIGNALING_PATHWAY,1,1E-3,GOBP_REGULATION_OF_TRANSMEMBRANE_RECEPTOR_PROTEIN_SERINE_THREONINE_KINASE_SIGNALING_PATHWAY,FALSE,GOBP_REGULATION_OF_TRANSMEMBRANE_RECEPTOR_PROTEIN_SERINE_THREONINE_KINASE_SIGNALING_PATHWAY
7,3,3,3,0.999,,1E-3,,CDH1|WNT3A|MAP3K13|SLC39A12|ADCY10|LHX2|FN1|NGF|PLXNA1|RIMS2|IQGAP1|ATG16L1|CPNE1|NDN|SHTN1|EIF2AK4|MAP1B|WNT5A|PAFAH1B1|C9ORF72|SLITRK1|NTN1|CDH4|GSK3B|LIMK1|S100B|CXCL12|CTTN|CLASP2|ALCAM|MT3|GAREM2|NEDD4L|SRF|SEMA7A|MAG|EDN2|EDN3|CDKL3|VEGFA|IFRD1|PRICKLE1|MAP2|AURKA|DDR1|BMPR2|NDEL1|SLC9A6|CYFIP2|WASF1|PLAA|CDK5|ST8SIA2|STK11|TRPV2|TTL|CACNG7|RIMS1|SYT4|CYFIP1|OLFM1|GDI1|TRIM46|ITGA4|SYT17|UNC13A|ITGB1|SMURF1|EDN1|EDNRA|DSCAM|IMPACT|PAK6|RNF6|FLRT3|POU4F3|SSNA1|CDKL5|DISC1|NKX6-1|L1CAM|SPG11|BCL11A|MEGF8|DIP2B|TMEM108|NRP2|HDAC6|NTRK3|ANAPC2|CTNNB1|PAK1|SYT1|PLXNA4|SYT2|ARHGAP4|SYT3|TNFRSF12A|LAMB2|TNN|DCLK1|SEMA3A|KIAA0319|SEMA3G|VCL|DNM2|SEMA4F|AUTS2|SEMA5B|PRKN|PPP3CB|SEMA6C|MAPT|SEMA6D|NLGN3|SLIT3|SPAG6|ITSN2|ULK1|ABL1|ULK2|USP9X|NRP1|ADNP|TSC22D4|PLXNA3|SLC23A2|RAB21|CLSTN3|GOLGA4|PTPRS|FLRT1|LLPH|NRN1|NRN1L|RUFY3|DRAXIN|RAPH1|RTN4|RTN4R|RYK|SPAG9|DVL1|CPNE5|MUL1|SEMA3F|CPNE6|SEMA5A|CPNE9|EMX1|SH3GL2|ISLR2|SLIT1|ZFYVE27|NRCAM|TWF2|POSTN|TNR|OSTN|SLIT2|RNF157|PRKCZ|SIN3A|WNT3|MACF1|APOE|RASAL1|TRPC5,https://www.gsea-msigdb.org/gsea/msigdb/human/geneset/GOBP_NEURON_PROJECTION_EXTENSION,168,ENR,GOBP_NEURON_PROJECTION_EXTENSION,1,1E-3,GOBP_NEURON_PROJECTION_EXTENSION,FALSE,GOBP_NEURON_PROJECTION_EXTENSION
10,3,3,3,0.999,,1E-3,,BMP4|MEF2C|LRP1|SEMA6D|BMPR1A|PPARD|TRIB1|SERPINE1|GNA12|NDRG4|IGFBP3|NFE2L2|GSTP1|PTPN1|SLIT2|PRKG1|NF1|CORO1B|TPM1|ABHD2|ADIPOQ|MYOCD|AIF1|IGFBP5,https://www.gsea-msigdb.org/gsea/msigdb/human/geneset/GOBP_NEGATIVE_REGULATION_OF_SMOOTH_MUSCLE_CELL_MIGRATION,24,ENR,GOBP_NEGATIVE_REGULATION_OF_SMOOTH_MUSCLE_CELL_MIGRATION,1,1E-3,GOBP_NEGATIVE_REGULATION_OF_SMOOTH_MUSCLE_CELL_MIGRATION,FALSE,GOBP_NEGATIVE_REGULATION_OF_SMOOTH_MUSCLE_CELL_MIGRATION
56,3,3,3,0.999,,1E-3,,DLL4|ACVRL1|LRP1|NOTCH1|SRF|SIX1|JAG1|TFAP2B|SEC24B|CHD7|TBX1|COL3A1|ADAMTS9|EFNB2|PROX1|PDGFRB|NPRL3|HEY2|ENG|BMPR1A|EFEMP2|RBPJ|SOX4|HES1|TGFBR2|FOXH1|EYA1|MYLK|FKBP10|FGF8|HEY1|NAGLU|TBX2|TGFB2,https://www.gsea-msigdb.org/gsea/msigdb/human/geneset/GOBP_AORTA_MORPHOGENESIS,34,ENR,GOBP_AORTA_MORPHOGENESIS,1,1E-3,GOBP_AORTA_MORPHOGENESIS,FALSE,GOBP_AORTA_MORPHOGENESIS
110,3,3,3,0.999,,1E-3,,ADGRB3|CBLN2|CBLN3|CLDN1|CSMD2|C1QL1|CLDN3|DLG1|ITGB3|RIMS2|CD177|RAB3A|CAMSAP3|MYADM|CBLN1|DSC1|TJP1|SYNGAP1|OPHN1|CHCHD10|APPL1|MTSS1|ARF6|CSF1R|PLEKHA7|BSN|PLXNA4|GRN|RAPSN|DCTN1|ERC1|PKP1|PRTN3|PARD6A|PRICKLE1|F2RL1|SORT1|SDF4|NLGN2|PCLO|PPFIA2|SHANK1|ERC2|WHRN|F2R|KIRREL1|FERMT2|INAVA|RIMS1|CNTNAP1|GIT1|RIMS3|KIFC3,https://www.gsea-msigdb.org/gsea/msigdb/human/geneset/GOBP_CELL_JUNCTION_MAINTENANCE,53,ENR,GOBP_CELL_JUNCTION_MAINTENANCE,1,1E-3,GOBP_CELL_JUNCTION_MAINTENANCE,FALSE,GOBP_CELL_JUNCTION_MAINTENANCE
55,3,3,3,0.999,,1E-3,,CLIP3|FKBP4|CAV3|CFL1|TBCD|VIL1|TUBB4A|DLC1|BBS4|NAV3|MAP1B|CENATAC|CDK5RAP2|INPP5K|SSH1|SSH2|DIAPH3|CLASP1|CLASP2|MAPRE1|DYRK1A|MDM1|NUBP1|OAZ3|KANK2|EPS8|ARAP1|CORO2B|ARHGAP28|F11R|ARHGAP6|MAP2|ARHGEF18|ARPIN|MKKS|SPTBN5|CGNL1|DNAI3|FRMD7|SPTBN1|GMFB|GMFG|IQCJ-SCHIP1|KANK1|KANK3|ARFGEF1|KANK4|PFN1|MYOC|PFN2|PICK1|TRIM37|PPFIA1|RHPN1|RHPN2|SHANK1|SHANK3|SSH3|TACSTD2|TMEFF2|TOGARAM2|WASF2|CIB1|TPX2|DMTN|TMEM67|WAS|TAOK1|KAT2A|KAT2B|ADD1|ADD3|TMOD3|CYRIB|BBOF1|BMERB1|CAMSAP2|CAPG|CAPZA1|CAPZA2|CAPZA3|CDH5|CAPZB|MYADM|ARHGEF7|CARMIL1|PRKCD|CARMIL2|CORO1B|EML2|CCDC88C|CKAP2|CTNNA2|TJP1|FGF13|ARHGEF2|FLII|GAS2L1|GAS2L2|GSN|HDGFL3|HDAC6|SNCA|NPM1|CORO1A|HIP1R|APC|LMOD1|APC2|LMOD2|LMOD3|PIK3R1|MID1|MID1IP1|SMAD4|RDX|CRACD|PRKN|MTPN|PAK2|CCNF|TMSB4X|STMN1|PHLDB2|PLEKHH2|SCIN|LIMA1|SPECC1L|SPEF1|SPTA1|ADD2|SPTAN1|SPTB|SPTBN2|BRCA1|SPTBN4|STMN2|SVIL|S1PR1|INPP5J|PIK3CA|TMOD1|RBM14|TMOD2|ASB2|TMOD4|TRIM54|KATNB1|MET|TRIOBP|TTBK2|TWF1|WASHC2C|TWF2|VILL|WDR47|SLIT2|SWAP70|ATXN7|AVIL,https://www.gsea-msigdb.org/gsea/msigdb/human/geneset/GOBP_NEGATIVE_REGULATION_OF_CYTOSKELETON_ORGANIZATION,160,ENR,GOBP_NEGATIVE_REGULATION_OF_CYTOSKELETON_ORGANIZATION,1,1E-3,GOBP_NEGATIVE_REGULATION_OF_CYTOSKELETON_ORGANIZATION,FALSE,GOBP_NEGATIVE_REGULATION_OF_CYTOSKELETON_ORGANIZATION
2,3,3,3,0.999,,1E-3,,EPHB2|PRDM8|SCN1B|CHRNB2|NIN|GLI2|NR4A2|DCC|KIFBP|DRAXIN|PAFAH1B1|SPTBN4|CDH11|EPHA4|SPG11|TSKU|EPHB1|NFIB|MYCBP2|SZT2|ADARB1|PLXNA4|WDR47|SLIT2|C12ORF57|FBXO45|NR2E1|ZEB2|EPHB3,https://www.gsea-msigdb.org/gsea/msigdb/human/geneset/GOBP_CENTRAL_NERVOUS_SYSTEM_PROJECTION_NEURON_AXONOGENESIS,29,ENR,GOBP_CENTRAL_NERVOUS_SYSTEM_PROJECTION_NEURON_AXONOGENESIS,1,1E-3,GOBP_CENTRAL_NERVOUS_SYSTEM_PROJECTION_NEURON_AXONOGENESIS,FALSE,GOBP_CENTRAL_NERVOUS_SYSTEM_PROJECTION_NEURON_AXONOGENESIS
83,3,3,3,0.999,,1E-3,,CHST5|AMDHD2|CHST6|CHST7|NAGK|CSGALNACT1|CMAS|NANP|NANS|EXTL2|HEXB|NPL|FN3K|MGAT3|OGA|LARGE1|RENBP|CHST2|CHST4|GFPT1|CTBS|GFPT2|PGM3|ST3GAL1|GNE|ST6GAL1|GNPDA2|GNPNAT1|ALDH1A1|CHI3L1|CHI3L2|SLC35A1|CHIA|B4GALNT2|CHIT1|CHST1|MGAT1|OVGP1|SLC35A3|UAP1|GNPDA1|UAP1L1|CHST3,https://www.gsea-msigdb.org/gsea/msigdb/human/geneset/GOBP_AMINO_SUGAR_METABOLIC_PROCESS,43,ENR,GOBP_AMINO_SUGAR_METABOLIC_PROCESS,1,1E-3,GOBP_AMINO_SUGAR_METABOLIC_PROCESS,FALSE,GOBP_AMINO_SUGAR_METABOLIC_PROCESS
2,3,3,3,0.999,,1E-3,,HMGA2|NOTCH1|TREM2|LIF|DAB1|MAG|ID2|MYCN|SERPINE2|QKI|EPHA4|SHH|CNTN2|GPR37L1|IL6|NOG|TTBK1|CLCF1|NTRK3|ID4|IL6ST|HES1|LDLR|HES5|NF1|BMP2|F2|BIN1|NR1D1|NR2E1,https://www.gsea-msigdb.org/gsea/msigdb/human/geneset/GOBP_REGULATION_OF_ASTROCYTE_DIFFERENTIATION,30,ENR,GOBP_REGULATION_OF_ASTROCYTE_DIFFERENTIATION,1,1E-3,GOBP_REGULATION_OF_ASTROCYTE_DIFFERENTIATION,FALSE,GOBP_REGULATION_OF_ASTROCYTE_DIFFERENTIATION
109,3,3,3,0.999,,1E-3,,CACNG4|CACNG5|CRHBP|CACNG8|CNIH2|CNIH3|LYNX1|MINK1|PATE4|PRRT1|DAPK1|SHISA7|CACNG2|OPRM1|PSCA|SLURP2|CACNG7|CACNG3|CRH,https://www.gsea-msigdb.org/gsea/msigdb/human/geneset/GOBP_REGULATION_OF_NEUROTRANSMITTER_RECEPTOR_ACTIVITY,19,ENR,GOBP_REGULATION_OF_NEUROTRANSMITTER_RECEPTOR_ACTIVITY,1,1E-3,GOBP_REGULATION_OF_NEUROTRANSMITTER_RECEPTOR_ACTIVITY,FALSE,GOBP_REGULATION_OF_NEUROTRANSMITTER_RECEPTOR_ACTIVITY
11,3,3,3,0.999,,1E-3,,ZWINT|PDE3A|FZR1|LIF|ASPM|LFNG|DAZL|NPM2|NPPC|TRIP13|WNT5A|METTL3|CDC25A|PRDM9|OOEP|ANAPC1|ANAPC10|ANAPC11|ANAPC13|ANAPC15|ANAPC16|ANAPC2|ANAPC4|HORMAD1|ANAPC5|ANAPC7|CDC25B|CDC25C|INSR|DUSP1|NANOS2|RAD51AP1|PIWIL2|CDC16|CDC20|FBXO5|CDC23|CDC26|CDC27|MSX1|RBM46|CHFR|MSX2|UBE2B|WEE2|NPR2|CNTD1|PSMA8|MEIOC|OVOL1|GPR3|PDIK1L|SPATA22|PKMYT1|MEIOSIN|RAD1|RPS6KA2|CALR|PLCB1|DMRT1|SIRT2|WNT4|MAPK15|YTHDC2|FBXO43|STK35|STRA8|KNL1|TTK,https://www.gsea-msigdb.org/gsea/msigdb/human/geneset/GOBP_REGULATION_OF_MEIOTIC_CELL_CYCLE,69,ENR,GOBP_REGULATION_OF_MEIOTIC_CELL_CYCLE,1,1E-3,GOBP_REGULATION_OF_MEIOTIC_CELL_CYCLE,FALSE,GOBP_REGULATION_OF_MEIOTIC_CELL_CYCLE
1,3,3,3,0.999,,1E-3,,SOX6|PKD1|BMP1|COL11A1|WNT7A|COL2A1|FGF6|CCN2|OTOR|SOX5|THRA|MYCN|MYF5|BMPR1B|MAPK14|BARX2|SOX9|MGP|TGFB2,https://www.gsea-msigdb.org/gsea/msigdb/human/geneset/GOBP_CARTILAGE_CONDENSATION,19,ENR,GOBP_CARTILAGE_CONDENSATION,1,1E-3,GOBP_CARTILAGE_CONDENSATION,FALSE,GOBP_CARTILAGE_CONDENSATION
65,3,3,3,0.999,,1E-3,,CCL3|HIF1A|CASP14|ADCY10|POU4F1|SIX1|MAP3K12|GFRAL|NMNAT1|HTR2A|NGF|NPPC|AKT1|NTRK1|ATP7A|CASP4|NEFL|PCSK9|CASP7|GBE1|CEBPB|KIF14|TRAF7|GSK3A|GSK3B|PSEN1|EN1|CX3CL1|EN2|CX3CR1|IL6ST|CASP6|PITX3|CASP8|UBB|CBLC|TFAP2D|RASA1|BDNF|SIX4|STAMBP|MT3|ASCL1|SRPK2|AIFM1|CASP2|MAG|MAP2K4|ATP13A2|MSH2|LCN2|FCGR2B|UNC5B|BAX|BBC3|BCL2|TMBIM1|BCL2L1|PLA2G3|FPR2|BCL2L11|DLX1|GATA3|TP53|DNAJC5|BRAF|PPT1|BOK|EGLN2|CDK5|CDK5R1|ERBB3|ST8SIA2|GRIK2|CLN8|BTG2|CLU|SET|CASP9|ITGA1|FYN|CITED1|SIGMAR1|NUPR1|CPEB4|HRAS|EGLN3|PARK7|EPHA7|KCNB1|AARS1|CLN3|PINK1|DKK1|LGMN|FIS1|RHOA|AGAP2|FZD9|MAP3K11|GCLC|MEF2C|GCLM|MDK|MMP2|GDNF|TRIM2|FZD1|NOS1|NTF3|SNCA|ZPR1|NAIP|HRK|TNF|HTRA2|UCN|NF1|PRNP|SEMA3E|KDR|RAPSN|KRAS|MCL1|ABL1|NES|CNTFR|CRLF1|GDF5|ADNP|AIMP2|PTK2B|GBA1|SLC1A1|ROCK1|FAIM2|MFSD8|NFATC4|HYOU1|NR4A3|PIK3CA|PPARGC1A|NTRK2|SARM1|SOD2|VPS54|JUN|PHB1|FGF8|GRM4|TGFB2|CNTF|CD2AP|ANGPT1|AMBRA1|CASP10|CFLAR|VEGFB|PRKCI|ATF4|GPRASP3|PCDHGC3|BBS10|PCDHGC4|PCDHGC5|TOX3|SYNGAP1|VSTM2L|CCND1|CASP3|CHL1|TYRO3|EGR1|HDAC3|PTPRZ1|PRKCG|TERT|MTNR1B|GRINA|FBXO7|FBXW7|NTF4|TFAP2B|NR3C1|SLC25A27|TGFB3|SIRT1|TP73|PRODH|LIG4|NAE1|FOXB1|NRBP2|UCP2|F2R|ALKBH1|TMBIM4|FASLG|STXBP1|RAD21|RETREG1|ATM|ADORA2A|WFS1|BACE1|AXL|XRCC2|DDIT3|SNX6|EGLN1|EPHA4|HIPK2|TFAP2A|HSPG2|NONO|WNT1|NSMF|PLXND1|CLCF1|CORO1A|CTNNB1|GRID2|GRN|ISL1|JAK2|NDNF|LONRF2|PYCR1|PARP1|PRKN|AKT1S1|TREM2|FGF2|SNCB|CASP12|NRP1|CASP5|NR4A2|OXR1|ADAM8|DRAXIN|ARMCX5-GPRASP2|MYB|APP|IL10|IL27RA|FOXO3|MAP2K7|RIPK1|KDM2B|G6PD|CCL2|FGF20|SOD1|MECP2|THAP11,https://www.gsea-msigdb.org/gsea/msigdb/human/geneset/GOBP_REGULATION_OF_NEURON_APOPTOTIC_PROCESS,256,ENR,GOBP_REGULATION_OF_NEURON_APOPTOTIC_PROCESS,1,1E-3,GOBP_REGULATION_OF_NEURON_APOPTOTIC_PROCESS,FALSE,GOBP_REGULATION_OF_NEURON_APOPTOTIC_PROCESS
,3,3,3,0.999,,1E-3,,SMO|NFIB|ZNF593|HMGA2|LEF1|PSEN1|TNKS|GATA1|E2F1|TFAP4|CPNE1|SUMO4|GZMA|ILRUN|IFI16|SUMO3|MDFI|JUN|HEY2|RSF1|SOX11|SUMO1,https://www.gsea-msigdb.org/gsea/msigdb/human/geneset/GOBP_NEGATIVE_REGULATION_OF_DNA_BINDING,22,ENR,GOBP_NEGATIVE_REGULATION_OF_DNA_BINDING,1,1E-3,GOBP_NEGATIVE_REGULATION_OF_DNA_BINDING,FALSE,GOBP_NEGATIVE_REGULATION_OF_DNA_BINDING
108,3,3,3,0.999,,1E-3,,DLL4|SMO|SOX1|DMRT3|INTU|SUFU|GLI2|GLI3|GDF11|RELN|IFT122|LHX3|FOXN4|CHRD|ASCL1|SHH,https://www.gsea-msigdb.org/gsea/msigdb/human/geneset/GOBP_SPINAL_CORD_PATTERNING,16,ENR,GOBP_SPINAL_CORD_PATTERNING,1,1E-3,GOBP_SPINAL_CORD_PATTERNING,FALSE,GOBP_SPINAL_CORD_PATTERNING
66,3,3,3,0.999,,1E-3,,TICAM1|PANX1|TGFB1|RIPK2|SPON2|TLR3|TLR4|TLR7|SEMA7A|PYCARD|AXL|ACP5|TGFB3|SIRT1|P2RX7|UBE2J1|EPX|CD74|ATG9A|WNT5A|RTN4|CUEDC2|MAPKAPK2|NOD1|LAPTM5|GPRC5B|MYD88|CARD9|TWIST1|HLA-G|PRG2|CD36|LILRB1|NLRX1|PLCG2|LITAF|IRAK3|TGFB2,https://www.gsea-msigdb.org/gsea/msigdb/human/geneset/GOBP_MACROPHAGE_CYTOKINE_PRODUCTION,38,ENR,GOBP_MACROPHAGE_CYTOKINE_PRODUCTION,1,1E-3,GOBP_MACROPHAGE_CYTOKINE_PRODUCTION,FALSE,GOBP_MACROPHAGE_CYTOKINE_PRODUCTION
28,3,3,3,0.999,,1E-3,,CHRNB2|BRAT1|TANC1|AKT1|AKT2|BHLHE40|COMT|ELOVL4|DEAF1|RDH13|CASP7|CAT|RPE65|CEP250|COL6A1|GUCA1A|PPP1R1B|GUCA1ANB-GUCA1A|GUCY2D|DYNLRB1|GUCY2F|LRRN4|GADD45A|GNGT1|RHO|TAFA2|UNC119|KARS1|AGRP|PER2|CYBA|PPP1CA|PPP1CB|PPP1CC|DRD2|PCLAF|DDB2|PITPNM1|MSH2|LCN2|UVSSA|MT-ND3|MTCH2|TIGAR|TUBA1A|TP53|NPY|GRB2|IFI16|SAG|SLC24A4|ATOH7|ATXN1|SLC1A2|PRKCD|ERCC3|GNA11|GTF2H5|HMGN1|N4BP1|OPN4|HRH1|INTS3|COPS3|INTS7|SMPD1|TNF|NLRP1|ABCA4|SEMA5B|PIANP|ABRAXAS1|NDRG4|ACTR5|AANAT|ATR|DNMT3A|BABAM1|BABAM2|BRCA1|BRCC3|NFATC4|RELA|OPN3|CREBBP|GNAT2|CUL4A|GRIN1|SOD2|SCARA3|EGFR|TREX1|ERCC6|ERCC8|EYA1|EYA3|FIGNL1|CABP4|POLD3|TRPC3|H2AX|INO80|CCAR2|KAT5|KDM1A|CCDC66|KDM4D|CACNA1F|MC1R|CIRBP|CLK2|MRNIP|SYNGAP1|ECT2|OGG1|GNB5|PNPLA2|CCND2|GRM6|PCNA|GPSM2|ELK1|PML|SIK1|PNKP|POLH|HOXA1|PRKDC|ATP8A2|BRCA2|RAD51|RAD51AP1|CDKN2D|CRY1|CUL4B|DCLRE1C|RNF168|DCUN1D3|RNF8|ERCC5|RUVBL2|FANCD2|FEN1|RHOB|SIRT1|ID2|RCVRN|RGS9|HUS1|INIP|ZBTB1|LIG4|GRK1|GRK4|SPIDR|GRK7|RGS14|PDC|MTA1|B3GAT1|NABP1|SMC1A|NHEJ1|NIPBL|TMEM161A|CBL|TP53BP1|POLA1|SFRP1|POLB|B4GALT2|RAD1|CPT1B|RAD9A|RAD9B|UIMC1|TOP1|USP1|GNAT1|GNAT3|RAD54B|RAD54L|YY1|LRIT3|RFWD3|RHNO1|AURKB|USP28|SWI5|XPC|BLM|TNKS1BP1|TOPBP1|DRD1|XRCC2|DRD3|MYO15A|XRCC4|METTL3|XRCC6|CDC25A|SCN11A|FKBPL|CDKN1A|GPR52|ABCG5|NPM1|PCP2|RGR|RRH|EXT1|AQP1|HYAL1|HYAL3|PIK3R1|IKBIP|DUSP1|XRRA1|GRIN2A|ERCC1|ERCC2|TIMP1|ERCC4|PARP1|TGFB1|FBXO4|CRYAB|CLOCK|COP1|REEP6|DDB1|GNGT2|LRIT1|NMU|PLEKHB1|DTL|APP|TXN|PRPH2|PRAP1|FBXL3|POLD1|THBD|EP300|RBP4|FECH|POLK|RBM4|MAP2K7|MAP3K4|USF1|CCL11|RBM4B|REV1|ADAM2|NR2E3|CRTC1|NR2F6|ZRANB3|MSH6|MYC|HIF1A|NABP2|CRY2|CCL7|NSMCE3|NUCKS1|EIF2AK4|SDE2|PAXIP1|NMT1|KCNC1|PTPRC|CREB1|CXCL10|H2AC25|SIRT6|ITGB6|RPAIN|MDM2|DBH|TICRR|TIPIN|MEIS2|NMT2|PLK3|UBE2B|ELANE|PPID|WRN|XRCC5|ASIC2|BAK1|ZMPSTE24|BAX|BBC3|BCL2|PER3|BCL2L1|GATA3|BMF|BRAF|MME|CAMKMT|CDK5|PIAS1|IL12A|PDE6B|USP2|PDE6C|ALAD|CASP9|FRMPD1|TAF1|EYS|GJA10|RGS9BP|DDHD2|ROM1|ITGB1|FOS|HRAS|KIT|TSPYL5|FANCG|LARGE1|JUND|LCN10|TLK2|MMP3|AEN|MMP2|GPX1|IVL|TTC36|NF1|APOBEC1|SFRP2|BARD1|TMEM109|MMP1|UBE4B|KRAS|MAPK10|DHX36|LZIC|CACNA2D4|HSF1|MMP9|SNAI2|SPRTN|SLC24A1|SLC24A2|TRPM1|GPR88|KRT14|PRIMPOL|RIC8A|RPL26|ABCA7|ATP1A2|VCAM1|ATF4|RRM1|BBS10|CCND1|CASP3|PER1|CERS1|CHEK2|EGR1|PTPRK|BRSK1|GTF2H2|CTNS|KMT2A|MEN1|EI24|EIF2S1|NOC2L|HMGCR|PPM1D|FBXW7|MAP3K20|XPA|IFT20|COL3A1|TRIAP1|SLC4A10|RHBDD1|MAPK8|NEDD4|NOG|FOXB1|STK11|GNAQ|GUCA1B|COPS9|CRIP1|MFAP4|OPN1SW|OPN5|PIERCE1|RBX1|ATM|PLN|BCL3|CDS1|KCNC2|PDE8B|ABCC8|NETO1|IL12B|DCT|SLC7A11|TP53INP1|RP1|TRIM32|TTR|UBE2A|HYAL2|SLC1A3|AIPL1|TYR|NET1|RO60|YAP1|CNGB1|CRB1|MAPK11|MAPK13|MAPK14|COL6A2|COL6A3|NPHP4|MAP4K3|SDF4|SERPINB13|TP53I13|PDE1B|BEST1|CACNB4|TULP1|EEF1D|RAG1|CYP2R1|PRKAA1|NPHP1|MECP2|TANK,https://www.gsea-msigdb.org/gsea/msigdb/human/geneset/GOBP_RESPONSE_TO_RADIATION,450,ENR,GOBP_RESPONSE_TO_RADIATION,1,1E-3,GOBP_RESPONSE_TO_RADIATION,FALSE,GOBP_RESPONSE_TO_RADIATION
13,3,3,3,0.999,,1E-3,,CCL3|MTMR2|CHRNB4|ADRB2|CHRNA7|CCN3|PRKAR1B|NLGN4X|RIMS2|DAG1|FGF12|GLRA1|CELF4|ATPSCKMT|MGLL|GRIN2B|GRIN2D|IGF1|S100B|EIF2AK3|SSH1|MAPK8IP2|CDK18|MTNR1B|CUX2|TMEM100|EIF4A3|MAG|FMR1|TNFRSF1B|RGS4|TYMP|ADORA1|NLGN1|NLGN2|NRXN1|GPR171|ZNF488|SHANK1|SHANK3|DLG4|SPX|TMEM25|TNFRSF21|TAC4|BAIAP2|GRIK2|CTSC|RIMS1|RNF10|ITGA2|SLC8A2|UNC13B|GRIA1|TAC1|WASF3|JAM2|CST7|TRPA1|PTEN|CBLN1|S1PR2|TPPP|NETO1|STX1A|TMEM108|STX1B|ABCB1|EGR2|GRM1|CHRNA2|DICER1|PARD3|TNF|FABP5|GRIN2A|GRIN2C|ITGAX|FIG4|PRKN|NLGN3|TBC1D24|GHRL|WNT7A|GHSR|PTK2B|GBA1|RELN|MYRF|HTR2C|SLC8A3|NMU|QKI|NCMAP|HCRT|APP|DVL1|SOX10|TENM4|AVP|AVPR1A|NRDC|ABAT|OPRPN|PIRT|GRIN1|SMR3B|ZFHX2|NOS3|ZMYND8|TNR|NTSR1|ACP3|PRKCZ|ROCK2|LRRK2|NPY2R|LPIN1|TMEM98|DMPK|TAFA4,https://www.gsea-msigdb.org/gsea/msigdb/human/geneset/GOBP_REGULATION_OF_NERVOUS_SYSTEM_PROCESS,121,ENR,GOBP_REGULATION_OF_NERVOUS_SYSTEM_PROCESS,1,1E-3,GOBP_REGULATION_OF_NERVOUS_SYSTEM_PROCESS,FALSE,GOBP_REGULATION_OF_NERVOUS_SYSTEM_PROCESS
4,3,3,3,0.999,,1E-3,,PDGFB|BMP4|IL6R|MYC|EGR1|GATA3|ITGB3|CFLAR|BMP7|LIN28A|FLCN|SERPINB7|WT1|PDGFD|PDGFA,https://www.gsea-msigdb.org/gsea/msigdb/human/geneset/GOBP_REGULATION_OF_CELL_PROLIFERATION_INVOLVED_IN_KIDNEY_DEVELOPMENT,15,ENR,GOBP_REGULATION_OF_CELL_PROLIFERATION_INVOLVED_IN_KIDNEY_DEVELOPMENT,1,1E-3,GOBP_REGULATION_OF_CELL_PROLIFERATION_INVOLVED_IN_KIDNEY_DEVELOPMENT,FALSE,GOBP_REGULATION_OF_CELL_PROLIFERATION_INVOLVED_IN_KIDNEY_DEVELOPMENT
,3,3,3,0.999,,1E-3,,HELB|HELQ|RNF138|ATM|EXD2|SPO11|DNA2|SETMAR|BLM|SLX1A|UBE2N|SLX1B|SLX4|UBE2V2|SMARCAD1|RAD50|BRIP1|MRE11|C14ORF39|RAD52|RBBP8|NBN,https://www.gsea-msigdb.org/gsea/msigdb/human/geneset/GOBP_DNA_DOUBLE_STRAND_BREAK_PROCESSING,22,ENR,GOBP_DNA_DOUBLE_STRAND_BREAK_PROCESSING,1,1E-3,GOBP_DNA_DOUBLE_STRAND_BREAK_PROCESSING,FALSE,GOBP_DNA_DOUBLE_STRAND_BREAK_PROCESSING
,3,3,3,0.999,,1E-3,,NLGN1|NLGN2|NRXN1|PCDH17|PCLO|CTNNB1|BRSK1|BRSK2|BSN|RAB3A|CDH2|PTEN|SYN1|SYN2|CTBP1|SYN3|SYNDIG1,https://www.gsea-msigdb.org/gsea/msigdb/human/geneset/GOBP_SYNAPTIC_VESICLE_CLUSTERING,17,ENR,GOBP_SYNAPTIC_VESICLE_CLUSTERING,1,1E-3,GOBP_SYNAPTIC_VESICLE_CLUSTERING,FALSE,GOBP_SYNAPTIC_VESICLE_CLUSTERING
82,3,3,3,0.999,,1E-3,,TENT4B|BMP4|MYC|HIF1A|REST|FOXA1|AGO4|PPARG|NCOR1|NR1H2|MYCN|PARN|DIS3L2|PDGFB|PAX6|PPARD|EGR1|ELOC|GATA2|SMAD3|DDX17|DROSHA|ATOH8|TERT|DDX5|MYOCD|NFKB1|APLN|SRF|RC3H1|RC3H2|NR3C1|VEGFA|SMARCA4|ESR1|AR|POU5F1|FOSL1|GATA3|TP53|NOTCH2|TWIST1|AGO1|AGO2|NFATC3|YY1|KHSRP|NCOR2|FOS|HRAS|WT1|ELOB|PRL|AGT|SREBF1|BCDIN3D|SREBF2|NGFR|BMPR1A|MRTFB|XPO5|DICER1|SMAD1|LIN28A|TNF|LIN28B|NOTCH3|MRTFA|LILRB4|SMAD4|SMAD6|PPARA|STAT3|RARA|TGFB1|FGF2|ETS1|GNL3|ZC3H12A|ZSWIM8|QKI|SND1|MYB|NFATC4|POU2F1|APP|RELA|NFIB|IL10|PNPT1|IL6|TUT4|TUT7|FOXO3|EGFR|ZNF512B|KLF4|SPI1|BMP2|TEAD1|JUN|SOX9|TENT2|TGFB2,https://www.gsea-msigdb.org/gsea/msigdb/human/geneset/GOBP_MIRNA_METABOLIC_PROCESS,104,ENR,GOBP_MIRNA_METABOLIC_PROCESS,1,1E-3,GOBP_MIRNA_METABOLIC_PROCESS,FALSE,GOBP_MIRNA_METABOLIC_PROCESS
26,3,3,3,0.999,,1E-3,,CELSR1|ASTN2|FOXF2|TP63|EXOC5|SEC24B|TTC8|WDPCP|IFT20|FZD3|PKHD1|ERBB4|WDR1|WNT5A|JHY|WNT9B|PAFAH1B1|CTHRC1|FUZ|INTU|SAPCD2|BRSK1|BRSK2|VANGL2|FZD6|SFRP1|GRHL3|RPGRIP1L|PTK7|SFRP2|DLG3|NPHP1,https://www.gsea-msigdb.org/gsea/msigdb/human/geneset/GOBP_ESTABLISHMENT_OF_TISSUE_POLARITY,32,ENR,GOBP_ESTABLISHMENT_OF_TISSUE_POLARITY,1,1E-3,GOBP_ESTABLISHMENT_OF_TISSUE_POLARITY,FALSE,GOBP_ESTABLISHMENT_OF_TISSUE_POLARITY
54,3,3,3,0.999,,1E-3,,ERBB2|HAND2|PLXNA1|EDN1|EDNRA|PLXNB2|FARP2|RHOA|PLXNB1|TYROBP|GDNF|NRP2|FLNA|PLXND1|PLXNA4|ARHGDIA|SEMA3A|SEMA3B|SEMA3C|SEMA3D|SEMA3E|SEMA3G|SEMA4B|KDR|SEMA4C|SEMA4D|SEMA4F|SEMA4G|SEMA5B|SEMA6A|SEMA6B|PLXNA2|SEMA6C|SEMA6D|NCAM1|TREM2|NRP1|CRMP1|SEMA7A|PLXNC1|PLXNA3|RAC1|SH3BP1|SEMA3F|SEMA5A|ECE1|MET|PLXNB3|SEMA4A,https://www.gsea-msigdb.org/gsea/msigdb/human/geneset/GOBP_SEMAPHORIN_PLEXIN_SIGNALING_PATHWAY,49,ENR,GOBP_SEMAPHORIN_PLEXIN_SIGNALING_PATHWAY,1,1E-3,GOBP_SEMAPHORIN_PLEXIN_SIGNALING_PATHWAY,FALSE,GOBP_SEMAPHORIN_PLEXIN_SIGNALING_PATHWAY
12,3,3,3,0.999,,1E-3,,AVP|AVPR1A|NPY5R|ADORA2A|SLC38A2|SNCA|GABBR1|GRM7|NTSR1|PRKG1|TRH|P2RX7|STXBP1|RAB3GAP1|GRM2|ADORA1|KMO|SYT4|DTNBP1,https://www.gsea-msigdb.org/gsea/msigdb/human/geneset/GOBP_REGULATION_OF_GLUTAMATE_SECRETION,19,ENR,GOBP_REGULATION_OF_GLUTAMATE_SECRETION,1,1E-3,GOBP_REGULATION_OF_GLUTAMATE_SECRETION,FALSE,GOBP_REGULATION_OF_GLUTAMATE_SECRETION
,3,3,3,0.999,,1E-3,,BICD1|MAPT|BECN1|OGFOD1|ATXN2|CSDE1|ATXN2L|UBAP2L|DAZAP2|FMR1|DDX6|HSF1|ATG5|CIRBP|G3BP2|LSM14A|GRB7|C9ORF72|ANG|DYNC1H1|USP10|PRKAA2|PUM2|YTHDF1|YTHDF2|YTHDF3|PRRC2C|RPS23|TIA1|DDX3X|G3BP1|PRKAA1|STYXL1|EIF2S1|CAPRIN1,https://www.gsea-msigdb.org/gsea/msigdb/human/geneset/GOBP_STRESS_GRANULE_ASSEMBLY,35,ENR,GOBP_STRESS_GRANULE_ASSEMBLY,1,1E-3,GOBP_STRESS_GRANULE_ASSEMBLY,FALSE,GOBP_STRESS_GRANULE_ASSEMBLY
1,3,3,3,0.999,,1E-3,,IRX5|CNTF|NRL|THY1|CALB1|RPGRIP1|SAMD11|SDK2|PTF1A|ATOH7|ROM1|HCN1|RORB|FOS|GDF11|BBS4|DSCAM|TGIF1|THRB|AHI1|BBS10|LARGE1|RDH13|HIPK1|HIPK2|TFAP2A|SAMD7|RPE65|ATP2B4|PSEN1|PTPRM|HES1|FJX1|RHO|RP1|USH1C|RS1|ATP8A2|IHH|NAGLU|PER2|VSX1|DLL4|STAT3|TGIF2|NOTCH1|SLC17A7|CASP2|SLC17A8|ACTL6A|TFAP2B|TTC8|RAB11FIP4|SLC1A1|CRB1|CRB2|SMARCA4|USP45|FOXN4|NEUROD1|GPM6A|LHX1|SMARCD3|MEGF11|PRDM1|PROM1|DLX1|ARL6|DLX2|GNAT2|SDK1|NDP|NTRK2|DIO3|TSPAN12|BSG|FAT3|RPGRIP1L|ZHX2|SIX3|VSX2|PDE6C|GNAT1|NEUROD4|SOX9|CABP4|SOX8|TGFB2,https://www.gsea-msigdb.org/gsea/msigdb/human/geneset/GOBP_NEURAL_RETINA_DEVELOPMENT,88,ENR,GOBP_NEURAL_RETINA_DEVELOPMENT,1,1E-3,GOBP_NEURAL_RETINA_DEVELOPMENT,FALSE,GOBP_NEURAL_RETINA_DEVELOPMENT
53,3,3,3,0.999,,1E-3,,ACTR3|OCLN|ABI2|CFL1|VIL1|HRG|ABI3|ARHGEF7|CARMIL1|CARMIL2|CORO1B|PDPN|ARPC2|BIN3|CDC42|FSCN1|WNT1|MSTN|ENPP2|PIK3R1|EPHA2|SRC|MTOR|RREB1|AUTS2|ACTR2|CLRN1|RAC1|RAC2|NCKAP1|ARPIN|FER|FRMD7|AKIRIN1|KANK1|HSP90AA1|PIK3CA|CORO1C|TWF1|PLXNB3|TWF2|WASF2|CD44|SLIT2|BRK1|DMTN|PLCE1|WAS|CYFIP1|AVIL,https://www.gsea-msigdb.org/gsea/msigdb/human/geneset/GOBP_REGULATION_OF_LAMELLIPODIUM_ORGANIZATION,50,ENR,GOBP_REGULATION_OF_LAMELLIPODIUM_ORGANIZATION,1,1E-3,GOBP_REGULATION_OF_LAMELLIPODIUM_ORGANIZATION,FALSE,GOBP_REGULATION_OF_LAMELLIPODIUM_ORGANIZATION
,3,3,3,0.999,,1E-3,,B4GALNT1|ST3GAL1|ST3GAL3|B4GALT6|ST3GAL2|ST6GALNAC3|ST6GALNAC4|ST3GAL5|B4GALT5|ST6GALNAC5|ST6GALNAC6|ST8SIA2|ST8SIA3|ST8SIA4|ST8SIA6|B3GALT4,https://www.gsea-msigdb.org/gsea/msigdb/human/geneset/GOBP_GANGLIOSIDE_BIOSYNTHETIC_PROCESS,16,ENR,GOBP_GANGLIOSIDE_BIOSYNTHETIC_PROCESS,1,1E-3,GOBP_GANGLIOSIDE_BIOSYNTHETIC_PROCESS,FALSE,GOBP_GANGLIOSIDE_BIOSYNTHETIC_PROCESS
81,3,3,3,0.999,,1E-3,,HYAL2|RHAG|SLC40A1|NEO1|PICALM|HAMP|HEPH|HMOX1|TFR2|TF|HJV|IREB2|EPAS1|B2M|EPB42|TMPRSS6|BMP6|FBXL5|SOD2|CYBRD1|HFE|FECH|TFRC|EIF2AK1|SLC11A1|BTBD9|NAGLU|SLC11A2,https://www.gsea-msigdb.org/gsea/msigdb/human/geneset/GOBP_MULTICELLULAR_ORGANISMAL_LEVEL_IRON_ION_HOMEOSTASIS,28,ENR,GOBP_MULTICELLULAR_ORGANISMAL_LEVEL_IRON_ION_HOMEOSTASIS,1,1E-3,GOBP_MULTICELLULAR_ORGANISMAL_LEVEL_IRON_ION_HOMEOSTASIS,FALSE,GOBP_MULTICELLULAR_ORGANISMAL_LEVEL_IRON_ION_HOMEOSTASIS
25,3,3,3,0.999,,1E-3,,ATP7B|BMP4|CAV1|HIF1A|TGFA|CAV3|HK2|WNT3A|PGR|TNFRSF11A|VDR|TNFSF11|AKT1|ATP2C2|AKT2|GLI3|RXFP1|WNT5A|DEAF1|FASN|CCND1|CEBPB|IGFBP5|IRF6|NTN1|CAPN1|CREB1|FOXF1|CSF1|CSF1R|IGF1|TFAP2C|PML|IRS2|EPHA2|SRC|BRCA2|HOXD9|NFKB1|PHB2|STAT6|CYP19A1|SMO|APLN|NR3C1|PTCH1|CDO1|TGFB3|VEGFA|ID2|ELF3|CSN2|CSN3|ESR1|MT-CO2|AR|DDR1|ZBTB7B|BAX|BCL2L11|GATA3|HOXA5|WNT2|HOXA9|OAS2|AREG|FOXB1|TBX3|GHRHR|USF2|TBX2|UPRT|ITGA2|NCOA1|NCOR2|FGFR2|NEURL1|KDM5B|OXTR|LATS1|NOTCH4|SOCS2|ARHGAP35|ERBB4|PRL|CRIPTO|PRLR|NRG1|ABCB1|CAD|GPX1|NRG3|SLC29A1|IQGAP3|TGFBR2|ARHGAP5|TPH1|MED1|NME1|JAK2|RREB1|XDH|ELF5|PERP|BTRC|CSMD1|TGFB1|XBP1|FGF2|SCRIB|WNT7B|PYGO2|GPAT4|MSX1|MSX2|ETV5|GLI2|ZNF703|ROBO1|RTN4|MTX1|CDKN2A|LEF1|SLC6A3|HOXB9|MAPK1|CCL11|LBH|WNT3|EGF|WNT4|STAT5B|FGF10|SOX9|STAT5A|SOSTDC1|LRP5|BSX,https://www.gsea-msigdb.org/gsea/msigdb/human/geneset/GOBP_MAMMARY_GLAND_DEVELOPMENT,138,ENR,GOBP_MAMMARY_GLAND_DEVELOPMENT,1,1E-3,GOBP_MAMMARY_GLAND_DEVELOPMENT,FALSE,GOBP_MAMMARY_GLAND_DEVELOPMENT
,3,3,3,0.999,,1E-3,,CLIP3|ZDHHC7|ZDHHC9|ZDHHC11|ZDHHC12|ZDHHC14|GOLGA7|ZDHHC15|ZDHHC18|ZDHHC19|ZDHHC2|ZDHHC20|ZDHHC8|ZDHHC21|ZDHHC3,https://www.gsea-msigdb.org/gsea/msigdb/human/geneset/GOBP_PEPTIDYL_L_CYSTEINE_S_PALMITOYLATION,15,ENR,GOBP_PEPTIDYL_L_CYSTEINE_S_PALMITOYLATION,1,1E-3,GOBP_PEPTIDYL_L_CYSTEINE_S_PALMITOYLATION,FALSE,GOBP_PEPTIDYL_L_CYSTEINE_S_PALMITOYLATION
107,3,3,3,0.999,,1E-3,,CPSF3|CUL4B|TFDP1|ANKRD17|DDR2|LSM10|UBE2E2|KMT2E|AKT1|CCNE1|CCNE2|KCNA5|ADAM17|LSM11|RRM1|MBLAC1|MEPCE|AIF1|CCND1|CDC6|MTBP|SASS6|ANXA1|ADAMTS1|STIL|CUL4A|CCND2|CCND3|RGCC|EGFR|RPTOR|CDK10|RRM2|EIF4G1|PLCB1|PLRG1|STOX1|TERT|CYP1A1|DDX3X|FGF10|RDX|MDM2,https://www.gsea-msigdb.org/gsea/msigdb/human/geneset/GOBP_POSITIVE_REGULATION_OF_G1_S_TRANSITION_OF_MITOTIC_CELL_CYCLE,43,ENR,GOBP_POSITIVE_REGULATION_OF_G1_S_TRANSITION_OF_MITOTIC_CELL_CYCLE,1,1E-3,GOBP_POSITIVE_REGULATION_OF_G1_S_TRANSITION_OF_MITOTIC_CELL_CYCLE,FALSE,GOBP_POSITIVE_REGULATION_OF_G1_S_TRANSITION_OF_MITOTIC_CELL_CYCLE
7,3,3,3,0.999,,1E-3,,MAPT|GDI1|MAP3K13|SRF|ADCY10|NRP1|SEMA7A|ADNP|FN1|NGF|SMURF1|VEGFA|DSCAM|GOLGA4|SHTN1|MAP1B|RUFY3|PAFAH1B1|CDKL5|DISC1|BMPR2|L1CAM|NTN1|SEMA5A|MEGF8|CDH4|ISLR2|NTRK3|ZFYVE27|ANAPC2|LIMK1|PAK1|TWF2|CXCL12|TNFRSF12A|TRPV2|MACF1|TRPC5,https://www.gsea-msigdb.org/gsea/msigdb/human/geneset/GOBP_POSITIVE_REGULATION_OF_AXON_EXTENSION,38,ENR,GOBP_POSITIVE_REGULATION_OF_AXON_EXTENSION,1,1E-3,GOBP_POSITIVE_REGULATION_OF_AXON_EXTENSION,FALSE,GOBP_POSITIVE_REGULATION_OF_AXON_EXTENSION
2,3,3,3,0.999,,1E-3,,LHX8|WNT3A|ASPM|FGFR2|PLXNA1|GLI3|NKX2-1|ATF5|OGDH|OTP|ZDHHC16|ATP7A|B2M|DCLK2|ERBB4|RAPGEF2|TOX|WNT5A|DRD1|DLX5|METTL14|PAFAH1B1|DISC1|METTL3|RHOA|OPHN1|PAX6|NRP2|CSF1R|PSEN1|DCT|GATA2|ID4|TFAP2C|HES1|ARX|INHBA|ZNF335|UBB|NDNF|HPRT1|SEMA3E|ZMIZ1|LHX6|SALL1|ASCL1|UQCRQ|ZSWIM6|CHD5|SLIT3|TBR1|ELAVL4|FOXG1|EOMES|FGFR1|NRP1|PLXNA3|DRD2|RAC1|SCYL2|RAC3|SECISBP2|PROX1|BCL11B|ROBO1|ROBO2|SLC4A10|LHX5|CNTN2|SOX1|C21ORF91|NHLH2|DLX1|EMX1|DLX2|LEF1|SLIT1|SHANK3|SLIT2|SIN3A|PEX5|FGF8|NR2E1,https://www.gsea-msigdb.org/gsea/msigdb/human/geneset/GOBP_FOREBRAIN_GENERATION_OF_NEURONS,83,ENR,GOBP_FOREBRAIN_GENERATION_OF_NEURONS,1,1E-3,GOBP_FOREBRAIN_GENERATION_OF_NEURONS,FALSE,GOBP_FOREBRAIN_GENERATION_OF_NEURONS
53,3,3,3,0.999,,1E-3,,ACTR3|OCLN|ABI2|CFL1|VIL1|HRG|ARFIP2|CDH13|ITGB1|WASF3|VAV3|MTSS2|CAPZB|ABI3|ARHGEF7|CARMIL1|KIT|CARMIL2|CORO1B|PDPN|SRGAP2|ARPC2|BIN3|CCDC88A|SPATA13|WHAMM|CDC42|PLEKHO1|PHPT1|FSCN1|WNT1|MSTN|ENPP2|SH2B1|PIK3R1|CTTN|EPHA2|ABLIM1|ABLIM2|NUP85|SRC|P2RY12|VAV2|MTOR|RREB1|VCL|ARHGEF4|AUTS2|ARHGEF6|NCK1|ACTR2|NCK2|PTPRO|CLRN1|RAC1|RAC2|SNX1|ABLIM3|SNX2|SPEF1|GOLPH3|NCKAP1|ARPIN|FER|FRMD7|AKIRIN1|KANK1|HSP90AA1|S1PR1|PIK3CA|CORO1C|MYO9B|WASF1|PARVB|TWF1|PLXNB3|TWF2|WASF2|CD44|SLIT2|BRK1|DMTN|PLCE1|ABI1|RHOD|WAS|AJUBA|CYFIP1|AVIL,https://www.gsea-msigdb.org/gsea/msigdb/human/geneset/GOBP_LAMELLIPODIUM_ORGANIZATION,89,ENR,GOBP_LAMELLIPODIUM_ORGANIZATION,1,1E-3,GOBP_LAMELLIPODIUM_ORGANIZATION,FALSE,GOBP_LAMELLIPODIUM_ORGANIZATION
9,3,3,3,0.999,,1E-3,,REST|ARL8B|SYT10|SYT12|SYT15|SYT17|UNC13A|SYT6|UNC13B|UNC13C|ZP4|VAMP2|VAMP3|RIMS2|RAB3A|TRPV6|RPH3A|RPH3AL|CBARP|RAP1B|KCNB1|ATP2A2|ZP3|BAIAP3|STX1A|STX1B|ADRA2A|SYT1|SYT13|MYH9|SYT2|SYT3|HYAL3|SYT5|CADPS|CDK5R2|SYT8|CADPS2|SYT9|RAB3GAP1|TSPAN18|PPP3CB|NOTCH1|SYT7|SCIN|NLRP5|SDF4|CLTRN|CACNA1B|RAPGEF4|SCAMP5|EQTN|PPP3CA|DOC2A|DOC2B|CDK5|SNAP25|GNAI2|STXBP1|STXBP2|STXBP3|SYN2|RIMS1|RIMS3|SYT11|SYT4,https://www.gsea-msigdb.org/gsea/msigdb/human/geneset/GOBP_CALCIUM_ION_REGULATED_EXOCYTOSIS,66,ENR,GOBP_CALCIUM_ION_REGULATED_EXOCYTOSIS,1,1E-3,GOBP_CALCIUM_ION_REGULATED_EXOCYTOSIS,FALSE,GOBP_CALCIUM_ION_REGULATED_EXOCYTOSIS
22,3,3,3,0.999,,1E-3,,BMP4|HDAC4|RBPMS2|CAV3|ACTN3|WNT3A|MAMSTR|SETD3|CCN3|DLL1|SMYD1|FGF9|BMP10|HDAC9|MAML1|PRKD1|EFNB2|BHLHA15|AKIRIN2|PDGFB|MYOG|PI16|ARRB2|GSK3A|CTH|HDAC1|HDAC3|IGF1|IGF2|SIK1|ATP11A|BDNF|BHLHE41|CEACAM5|MYOCD|PLPP7|MTOR|RPL3L|NKX2-5|OLFM2|FOXP1|HEY1|SHOX2|TCF23|MDM2|MESP1|SRF|TNPO2|FOXO4|FZD7|ZEB1|ZBED6|PIEZO1|SIRT1|ID2|RGS4|TOMM70|HOPX|PROX1|HEY2|BMPR2|SMARCD3|SUPT6H|BCL2|NOTCH2|PARP2|PIAS1|MYF5|MYF6|NFATC1|NFATC2|NFATC3|YY1|KAT2A|RCAN1|FGFR2|CCNT2|CTDP1|EDN1|KIT|NOTCH4|HDAC5|YBX1|DKK1|NLN|CYP26B1|EZH2|MYOD1|MEF2C|NACA|BMPR1A|EFEMP2|MMP14|GPER1|NRG1|PAK1|TRIM72|PDCD4|SMAD1|LAMA1|LAMC1|LAMA2|LAMB1|LAMB2|LMOD3|MEGF10|NID1|TRIM32|RGS2|SMAD4|CDK9|EREG|PPARA|MAPK12|MYLK3|TGFB1|NOTCH1|MED28|XBP1|CAMK1|MSX1|TBX1|DNMT1|AKAP6|PTBP1|MAPK11|MAPK14|SHH|ENG|SOX6|TMEM119|RBM24|SOD2|RBM38|RBM4|FBXO22|BMP2|G6PD|DMPK|FRS2|MECP2|PRDM6|TARBP2,https://www.gsea-msigdb.org/gsea/msigdb/human/geneset/GOBP_REGULATION_OF_MUSCLE_CELL_DIFFERENTIATION,143,ENR,GOBP_REGULATION_OF_MUSCLE_CELL_DIFFERENTIATION,1,1E-3,GOBP_REGULATION_OF_MUSCLE_CELL_DIFFERENTIATION,FALSE,GOBP_REGULATION_OF_MUSCLE_CELL_DIFFERENTIATION
106,3,3,3,0.999,,1E-3,,STAT3|IL6R|CFL1|CITED1|PID1|YAP1|CTR9|PTPN2|JAK1|PTGIS|LCN2|CAMP|CRIPTO|FER|MYB|FGF23|RELA|CEBPA|GFI1|C1QTNF4|IL6|SELPLG|FOXA2|PTPRT|IL6ST|ST3GAL6|CHI3L1|RIPK1|SPI1|JAK2|ST18|SRC|SBNO2|STAT4|FCAR|PHB1|SMAD4|NFKB1,https://www.gsea-msigdb.org/gsea/msigdb/human/geneset/GOBP_RESPONSE_TO_INTERLEUKIN_6,38,ENR,GOBP_RESPONSE_TO_INTERLEUKIN_6,1,1E-3,GOBP_RESPONSE_TO_INTERLEUKIN_6,FALSE,GOBP_RESPONSE_TO_INTERLEUKIN_6
2,3,3,3,0.999,,1E-3,,LHX8|SLIT3|FOXG1|NRP1|FGFR2|PLXNA1|PLXNA3|DRD2|RAC1|ATF5|SCYL2|OGDH|RAC3|SECISBP2|ATP7A|DCLK2|RAPGEF2|WNT5A|DRD1|ROBO1|ROBO2|SLC4A10|DISC1|CNTN2|SOX1|NHLH2|SLIT1|NRP2|ARX|SLIT2|UBB|NDNF|SEMA3E|ZMIZ1|FGF8|LHX6|UQCRQ,https://www.gsea-msigdb.org/gsea/msigdb/human/geneset/GOBP_FOREBRAIN_NEURON_DEVELOPMENT,37,ENR,GOBP_FOREBRAIN_NEURON_DEVELOPMENT,1,1E-3,GOBP_FOREBRAIN_NEURON_DEVELOPMENT,FALSE,GOBP_FOREBRAIN_NEURON_DEVELOPMENT
5,3,3,3,0.999,,1E-3,,LRP4|MESD|TNFAIP6|CRK|DOK7|GSN|CRKL|SHISA7|SLC7A11|SHISA6|GRIPAP1|RAC1|SSH1|FRRS1L|FARP1|CD81|FNTA|ZDHHC2|FZD9,https://www.gsea-msigdb.org/gsea/msigdb/human/geneset/GOBP_REGULATION_OF_RECEPTOR_CLUSTERING,19,ENR,GOBP_REGULATION_OF_RECEPTOR_CLUSTERING,1,1E-3,GOBP_REGULATION_OF_RECEPTOR_CLUSTERING,FALSE,GOBP_REGULATION_OF_RECEPTOR_CLUSTERING
80,3,3,3,0.999,,1E-3,,AAAS|HMGA2|HESX1|SGPL1|ADRB2|VIL1|RARB|RARG|ADRB3|NPPC|ZFP36L1|PKDCC|ATF5|BBS4|COMT|IFT80|HELT|G6PC1|SLITRK1|COX10|GHR|CREB1|CSF1|EN1|HDAC3|IGF1|PTPN11|IGF2|OTOA|TBL1XR1|TAL2|TNS2|KLF2|ATP8A2|CDKN1C|MTOR|MBD5|FOXS1|H3-3A|BRINP2|H3-3B|BRINP3|SMO|FXN|AFG3L2|FKBP8|ATRN|RC3H2|PTCH1|TTC8|XPA|PLAG1|DRD2|COL3A1|COMP|NPR2|PRICKLE1|ADRB1|SLC12A5|AR|MKKS|PRLH|SLC4A10|ZMPSTE24|BCL2|SUV39H1|STIL|STK40|TAF10|GIGYF2|TP53|APBA2|DIO3|HOXA5|NOTCH2|ATN1|NIPBL|GDF15|PALB2|POU3F2|STC2|PLAC8|GAMT|TMED2|GHRHR|SIX3|GUCA2B|WDR48|GPR21|GPD2|SCNN1B|COA5|KAT2A|RMI1|GALNT3|ATM|BLOC1S6|NDUFS6|SELENOM|CCM2|WDR11|ATRX|BBS2|CLIC4|FOSL2|SLC1A2|VPS13A|SOCS2|XRCC2|RAI1|LARGE1|LGMN|WDTC1|FTO|CTC1|GNAS|EXT1|ADARB1|ODAD3|ETNK2|HTRA2|SMPD3|IHH|ERCC1|ERCC2|HEG1|VPS13B|FLVCR1|STAT3|GRHL2|RARA|EZR|GPAM|PPIB|GHRL|GDF5|GHSR|DNAAF3|GPAT4|WWTR1|RASAL2|CACNA2D2|CHD7|GMNC|GPX4|PPP1R13L|HSF1|PLEKHA1|MFSD8|SPTBN2|SPTBN4|APP|GINS3|NPY1R|PIK3CA|PLEC|SLC6A3|GHRH|PLS1|APBA1|SLC25A25|CELA1|EP300|LLGL2|RBBP6|ERCC6|SOS1|PEX5|SLITRK6|STAT5B|ZFY|SOD1|STAT5A|ARID5B|GAREM1|MFSD2A|TARBP2,https://www.gsea-msigdb.org/gsea/msigdb/human/geneset/GOBP_MULTICELLULAR_ORGANISM_GROWTH,177,ENR,GOBP_MULTICELLULAR_ORGANISM_GROWTH,1,1E-3,GOBP_MULTICELLULAR_ORGANISM_GROWTH,FALSE,GOBP_MULTICELLULAR_ORGANISM_GROWTH
1,3,3,3,0.999,,1E-3,,BMP4|NKX3-2|PTHLH|NR5A2|GDF5|RARB|CCN4|EFEMP1|RARG|GLI3|CHADL|SNAI2|RFLNA|RFLNB|LTBP3|PTH|TGFBR1|CTNNB1|PTPN11|GREM1|ADAMTS7|WNT9A|IHH|SOX9|ADAMTS12,https://www.gsea-msigdb.org/gsea/msigdb/human/geneset/GOBP_NEGATIVE_REGULATION_OF_CHONDROCYTE_DIFFERENTIATION,25,ENR,GOBP_NEGATIVE_REGULATION_OF_CHONDROCYTE_DIFFERENTIATION,1,1E-3,GOBP_NEGATIVE_REGULATION_OF_CHONDROCYTE_DIFFERENTIATION,FALSE,GOBP_NEGATIVE_REGULATION_OF_CHONDROCYTE_DIFFERENTIATION
10,3,3,3,0.999,,1E-3,,CHRNA1|ACADM|ACTN3|WNT3A|CHRND|ACTA1|ACTC1|ADPRHL1|DLG1|DMD|BMP10|CASQ1|DSP|CSRP2|CSRP3|GJA1|GJC1|MYH6|MYH7|HCN4|BIN3|FHOD3|CCNB1|CDK1|COL6A1|MYBPC3|ARRB2|GSK3A|MYH11|MYL2|MYOM1|MYOM2|MYOZ2|IGF1|IGF2|NEB|NEBL|MYL11|NRAP|CBY1|MYL3|PGM5|PRKAR1A|MYL6|MYL6B|MYLK|SIX4|MTOR|PKP2|TCAP|TNNT2|FOXP1|HEY1|HEYL|MESP1|RYR1|EOMES|SCN5A|SGCD|SMAD5|NPPA|PKD2|SCX|NPR2|STAC3|TBX20|SOX11|TNNI1|FLOT1|SELENON|NOTCH2|ERBB3|FHL2|MYF5|B4GALNT2|MYF6|BTG2|BCL9|BCL9L|RCAN1|SKI|KCNJ8|PITX1|NDUFV2|CCNT2|CTDP1|NUPR1|PPIF|TLL2|RHOA|ACTN2|FOXL2|NRG1|HOMER1|COPS2|UQCC2|MED1|SEMA3C|RGS2|MCUB|MED20|ABL1|ABCC9|PIM1|MSX1|MSX2|NDRG4|TBX1|ARID2|ZFAND5|SHH|PLEC|METTL21C|YBX3|JPH2|TREX1|VPS54|EYA1|SIRT2|SLC8A1|CAV1|CAV3|DLL1|SMYD1|HDAC9|IGFBP5|MYOG|ACVR1|PDLIM5|PI16|FES|SORBS2|HDAC3|SIK1|DDX17|HLX|KCNJ11|TBX18|DDX5|DLL4|KEL|MYO18B|OSR1|SMAD7|ID2|RGS4|ANKRD33|BARX2|FOXN2|HIVEP3|HLF|MAFF|ZNF689|PARP2|MEIS1|TWIST1|HNRNPU|TTN|FKTN|YY1|FLNB|KAT2A|TBX2|ELN|ANKRD1|COL11A1|NPHS1|VAMP5|ZIC3|CACYBP|LUC7L|KLF5|ADAMTS9|ITGA8|DSG2|EGLN1|CYP26B1|POGLUT1|MYOD1|CTNNB1|SMAD1|TNN|DIPK2A|HSD17B1|NAGLU|PPARA|BMAL1|IRX3|PPP3CB|TIPARP|MYOZ1|PRMT1|TGFB1|NOTCH1|VGLL4|FGF2|NR1D2|FGFR1|GATA5|PDGFRA|GLI1|PPP1R13L|PRKG1|MYLK2|AKIRIN1|TNNC1|ASB2|PPP3CA|BMP5|RBM24|KCNK2|EP300|RBP4|FOXH1|FBXO22|FKRP|CALR|GPC1|G6PD|FGF20|FRS2|SOX9|BMP4|MYC|PITX2|POU4F1|SIX1|RARB|NOX4|FGF9|ALPK2|RXRB|ALPK3|ANHX|DNER|MAML1|SGCB|TCF21|EFNB2|SGCZ|TBX5|CENPF|PDGFRB|XK|CDC42|VRK3|CREB1|RBPJ|SIRT6|KLHL40|KLHL41|SOX15|MYL7|SGCG|HOXD9|RPL3L|SHOX2|RYR2|CDON|SMO|FOXC1|MYH10|SRPK3|PTCH1|FZD7|VEGFA|IFRD1|ADRA1A|PRICKLE1|PROX1|MYORG|HEY2|ZMPSTE24|BMPR2|BCL2|DMRTA2|SAV1|NR2F2|POPDC3|P2RX2|CDK5|CAV2|TBX3|GREM1|TNNI3|TPM1|RB1|CNTNAP1|CTCF|CXADR|ITGB1|FGFR2|FOS|FOSL2|GJB6|EDN1|STRA6|EDNRA|CFL2|ERBB4|WT1|EYA2|WNT10B|DKK1|LARGE1|MEF2C|NACA|EGR2|GPX1|HMG20B|NR4A1|MSTN|PAK1|LMOD3|NF1|SKIL|FOXP2|IHH|UBE4B|CITED2|LMNA|EMD|KRAS|LEMD2|MTPN|MYLK3|GTF3C5|MEF2A|CHD7|KAT8|AKAP6|GREB1L|MEOX2|MTM1|ENG|EPHB1|MYH14|SVIL|TENM4|S1PR1|TGFBR1|LOX|PTCD2|BMP7|BMP2|FGF8|SOX8|OBSL1|TGFB2|POPDC2|AKAP13|JARID2|MBD2|COL19A1|MBD3|IGSF8|MYH15|CFLAR|VGLL2|ZBTB18|FKBP1A|ATF3|ATG5|SAP30|EGR1|PAX5|SMAD3|S100B|EEF2|TGFBR3|ERO1A|MYOCD|NKX2-5|SRF|TFAP2B|IFT20|COL3A1|TOMM70|HAND1|HOPX|TP73|CSRP1|NPRL3|SLC9A1|FOXC2|NOG|WNT2|XIRP2|ZFPM2|KDM6B|GJA5|PLN|USP19|NEURL1|NLN|SPG11|BMPR1A|EFEMP2|MRTFB|ASNSD1|MSC|MEGF10|ISL1|LRP2|TSC1|SMAD4|GATA4|HEG1|GATA6|HOXD10|RARA|GPCPD1|YAP1|COL14A1|ZFPM1|MAPK11|MAPK14|PAX7|SOX6|LEF1|ALDH1A2|RUNX1|C10ORF71|VAX1|CACNA1G|PRKAA1|CACNA1S,https://www.gsea-msigdb.org/gsea/msigdb/human/geneset/GOBP_MUSCLE_TISSUE_DEVELOPMENT,427,ENR,GOBP_MUSCLE_TISSUE_DEVELOPMENT,1,1E-3,GOBP_MUSCLE_TISSUE_DEVELOPMENT,FALSE,GOBP_MUSCLE_TISSUE_DEVELOPMENT
,3,3,3,0.999,,1E-3,,SNW1|SP1|CHD1|LEF1|TAF11|HPN|RRP1B|CCNT1|TFAP4|CCNT2|EP300|CTDP1|NUCKS1|SMARCA4|SMARCB1|JUN|CDK9|ZNF639,https://www.gsea-msigdb.org/gsea/msigdb/human/geneset/GOBP_POSITIVE_REGULATION_BY_HOST_OF_VIRAL_TRANSCRIPTION,18,ENR,GOBP_POSITIVE_REGULATION_BY_HOST_OF_VIRAL_TRANSCRIPTION,1,1E-3,GOBP_POSITIVE_REGULATION_BY_HOST_OF_VIRAL_TRANSCRIPTION,FALSE,GOBP_POSITIVE_REGULATION_BY_HOST_OF_VIRAL_TRANSCRIPTION
52,3,3,3,0.999,,1E-3,,ADGB|AXDND1|DPY19L2|ICA1L|ADCY10|IQCN|PMFBP1|RNF17|SPACDR|SPATA16|CCR6|CFAP206|SPEM3|SUN5|TSSK4|TSSK1B|TSSK3|TUBA8|DRC1|ZMYND15|BBS4|DDX6|IQCF1|RAN|PAFAH1B1|CEP131|ROPN1B|SEPTIN14|CFAP221|KLHL10|CFAP54|DEFB1|SPAG16|DZIP1|DLD|H3-3A|H3-3B|FREY1|SUFU|SRPK1|PTCH1|UBE2B|KLC3|BAX|PLA2G3|GARIN4|CCDC159|CEP128|CFAP119|CFAP157|CFAP47|CFAP53|CFAP57|CIB1|CFAP61|CFAP65|CFAP97D1|DNAH1|YTHDC2|DNALI1|DNHD1|SELENOF|DRC7|MEIG1|TTC12|TTLL5|SEMG1|ZMYND12|SEMG2|OSBP2|PACRG|STRBP|BBOF1|BBS2|JAM2|CAPZA3|JAM3|KIT|DDX25|PANK2|SIX5|FANCG|ADGRG2|CEP57|ADAD1|FAM9B|ADAD2|FAM9C|RSPH1|ARMC2|CCDC146|CCER1|ING2|CFAP43|PIWIL1|CFAP44|CHD5|DMRTC2|PSME4|PYGO1|PYGO2|RBM46|SYCP3|TSSK6|SLC22A14|RSPH6A|CATSPER2|CATSPER3|SLC26A3|CATSPER4|SEPTIN4|SPAG17|ARMC12|NSUN2|PRKACA|NECTIN2|CDYL|PCSK4|FSHR|VPS54|EPC1|ABHD2|PLD6|TARBP2|BRDT|KAT5|ARMC3|AFF4|TCP11|BSPH1|CABYR|CATSPERD|CATSPERE|EFCAB9|CFAP69|CFTR|ELSPBP1|FNDC3A|NUP210L|SLIRP|TDRD5|VDAC3|SBF1|BRIP1|DMC1|RNF8|ADAM7|PDILT|CFAP58|ACRBP|HSPA2|AGFG1|EIF4G3|IFT56|AGFG2|HMGB2|UBE2J1|SMARCA2|IFT81|SPEF2|MKKS|TTC21A|SPINK1|RHBDD1|CCDC136|CCDC38|RIMBP3|CCDC42|RIMBP3C|CHN2|MEIOC|SLC9A8|TTLL1|CYLC1|DCAF17|KDM3A|TBC1D20|GARIN1A|GARIN1B|GARIN3|STK33|IZUMO3|KIAA0319L|KNL1|REC8|PDCL2|PFN4|TPGS1|ROPN1|PLN|ROPN1L|POC1B|GALNTL5|SPO11|NEURL1|RFX2|TRIP13|YIF1B|CATSPERZ|SOX30|SPACA1|SPINK2|PITHD1|MAST2|CFAP52|FXR1|MNS1|HOOK1|DYNLL1|TMF1|TMPRSS12|NME5|EHMT2|VPS13B|ZPBP|OCA2|ZPBP2|TBC1D21|TBPL1|SPAG6|LRRC46|GLI1|DHH|PRKG1|CCDC63|CCNB1IP1|H1-7|QKI|TMEM119|PAEP|CCDC62|SLC26A6|SYCP1|NPHP1|FSIP2,https://www.gsea-msigdb.org/gsea/msigdb/human/geneset/GOBP_SPERMATID_DIFFERENTIATION,235,ENR,GOBP_SPERMATID_DIFFERENTIATION,1,1E-3,GOBP_SPERMATID_DIFFERENTIATION,FALSE,GOBP_SPERMATID_DIFFERENTIATION
9,3,3,3,0.999,,1E-3,,CPLX2|SYT7|CPLX4|PRRT2|DOC2A|SYT1|DOC2B|SYT13|SYT2|ERC2|RAB3A|RPH3A|SYT5|RPH3AL|SYT8|SYT9|STXBP1|GRIK5|CPLX1|SYT11|SYT4,https://www.gsea-msigdb.org/gsea/msigdb/human/geneset/GOBP_REGULATION_OF_SYNAPTIC_VESICLE_MEMBRANE_ORGANIZATION,21,ENR,GOBP_REGULATION_OF_SYNAPTIC_VESICLE_MEMBRANE_ORGANIZATION,1,1E-3,GOBP_REGULATION_OF_SYNAPTIC_VESICLE_MEMBRANE_ORGANIZATION,FALSE,GOBP_REGULATION_OF_SYNAPTIC_VESICLE_MEMBRANE_ORGANIZATION
65,3,3,3,0.999,,1E-3,,CNTF|HIF1A|CD2AP|ANGPT1|POU4F1|SIX1|AMBRA1|MAP3K12|GFRAL|NMNAT1|NGF|NPPC|AKT1|NTRK1|VEGFB|PRKCI|ATF4|ATP7A|GPRASP3|PCDHGC3|BBS10|PCDHGC4|NEFL|PCDHGC5|TOX3|GBE1|SYNGAP1|VSTM2L|CCND1|CEBPB|KIF14|CHL1|TYRO3|PSEN1|EN1|CX3CL1|EN2|CX3CR1|IL6ST|PTPRZ1|CBLC|TFAP2D|RASA1|BDNF|PRKCG|SIX4|TERT|STAMBP|MT3|MTNR1B|GRINA|FBXO7|NTF4|TFAP2B|MAG|SLC25A27|MAP2K4|TGFB3|SIRT1|MSH2|TP73|LCN2|UNC5B|BAX|LIG4|BCL2|TMBIM1|BCL2L1|PLA2G3|FPR2|DLX1|DNAJC5|BRAF|PPT1|BOK|FOXB1|NRBP2|UCP2|ERBB3|F2R|ALKBH1|TMBIM4|GRIK2|STXBP1|RAD21|CLN8|BTG2|CLU|SET|RETREG1|FYN|ADORA2A|CITED1|WFS1|AXL|CPEB4|HRAS|PARK7|XRCC2|AARS1|CLN3|PINK1|LGMN|RHOA|SNX6|EPHA4|HIPK2|AGAP2|FZD9|GCLC|MEF2C|GCLM|HSPG2|MDK|GDNF|NONO|WNT1|FZD1|NTF3|PLXND1|SNCA|CLCF1|ZPR1|CORO1A|CTNNB1|NAIP|GRN|HTRA2|UCN|ISL1|JAK2|NDNF|SEMA3E|KDR|LONRF2|PYCR1|PRKN|KRAS|FGF2|NES|SNCB|CNTFR|NRP1|CRLF1|GDF5|ADNP|PTK2B|GBA1|NR4A2|SLC1A1|OXR1|ADAM8|ROCK1|DRAXIN|FAIM2|MFSD8|ARMCX5-GPRASP2|NFATC4|HYOU1|NR4A3|PIK3CA|IL10|IL27RA|PPARGC1A|NTRK2|SOD2|VPS54|KDM2B|CCL2|FGF20|JUN|SOD1|FGF8|MECP2|THAP11,https://www.gsea-msigdb.org/gsea/msigdb/human/geneset/GOBP_NEGATIVE_REGULATION_OF_NEURON_APOPTOTIC_PROCESS,175,ENR,GOBP_NEGATIVE_REGULATION_OF_NEURON_APOPTOTIC_PROCESS,1,1E-3,GOBP_NEGATIVE_REGULATION_OF_NEURON_APOPTOTIC_PROCESS,FALSE,GOBP_NEGATIVE_REGULATION_OF_NEURON_APOPTOTIC_PROCESS
27,3,3,3,0.999,,1E-3,,EPHB1|EPHB2|NHLH2|PLXNA2|LEF1|POU4F1|DAB1|FLNA|TTBK2|ITGB1|ATP1B2|CEND1|RERE|CTNNA2|SEMA4C|ARL13B,https://www.gsea-msigdb.org/gsea/msigdb/human/geneset/GOBP_CELL_MIGRATION_IN_HINDBRAIN,16,ENR,GOBP_CELL_MIGRATION_IN_HINDBRAIN,1,1E-3,GOBP_CELL_MIGRATION_IN_HINDBRAIN,FALSE,GOBP_CELL_MIGRATION_IN_HINDBRAIN
,3,3,3,0.999,,1E-3,,THBS1|C3|LRP1|RARA|MERTK|TREM2|BECN1|MARCO|CCR2|AXL|ITGB3|XKR4|ABCA7|XKR6|RAC1|XKR7|NR1H3|XKR8|ADGRB1|MFGE8|PEAR1|TIMD4|FCN1|FCN2|FCN3|SCARB1|SPG11|ANXA1|TYRO3|TYROBP|C2|C4A|GAS6|C4B|HMGB1|TREX1|ITGAV|MEGF10|CD300LF|CD36|CCL2|TGM2|ALOX15|JMJD6,https://www.gsea-msigdb.org/gsea/msigdb/human/geneset/GOBP_APOPTOTIC_CELL_CLEARANCE,44,ENR,GOBP_APOPTOTIC_CELL_CLEARANCE,1,1E-3,GOBP_APOPTOTIC_CELL_CLEARANCE,FALSE,GOBP_APOPTOTIC_CELL_CLEARANCE
105,3,3,3,0.999,,1E-3,,HAND2|GATA3|GDNF|INSM1|TP63|NRP2|NRP1|TFAP2B|CTNNB1|SOX4|NTRK1|PLXNA4|FZD3|EDNRA|NF1|SEMA3A|PHOX2A|SOX11|ASCL1|GFRA3|SEMA3F,https://www.gsea-msigdb.org/gsea/msigdb/human/geneset/GOBP_SYMPATHETIC_NERVOUS_SYSTEM_DEVELOPMENT,21,ENR,GOBP_SYMPATHETIC_NERVOUS_SYSTEM_DEVELOPMENT,1,1E-3,GOBP_SYMPATHETIC_NERVOUS_SYSTEM_DEVELOPMENT,FALSE,GOBP_SYMPATHETIC_NERVOUS_SYSTEM_DEVELOPMENT
,3,3,3,0.999,,1E-3,,CRY1|KAT2B|SIRT7|PPARGC1A|PRKAG1|FOXO1|PRKACA|DGAT2|WDR5|NNMT|SIRT1|PTPN2|PPP4R3A|PPP4R3B|PRKAG2|DDB1|PRKAG3|ARPP19|GCG|PPARA|KAT2A,https://www.gsea-msigdb.org/gsea/msigdb/human/geneset/GOBP_POSITIVE_REGULATION_OF_GLUCONEOGENESIS,21,ENR,GOBP_POSITIVE_REGULATION_OF_GLUCONEOGENESIS,1,1E-3,GOBP_POSITIVE_REGULATION_OF_GLUCONEOGENESIS,FALSE,GOBP_POSITIVE_REGULATION_OF_GLUCONEOGENESIS
37,3,3,3,0.999,,1E-3,,SGPP2|CCN3|ERRFI1|PTPRN|BGLAP|IGFBP3|IGFBP4|NUPR1|PDX1|SIDT2|BTBD10|BAD|NKX6-1|RASGRF1|FMC1|SERPINB1|ANGPTL8|IGFBP5|CDK4|NR4A3|NR4A1|WDR13|IGF1|DACH1|IRS2|MAP2K1|RAF1|NR1D1,https://www.gsea-msigdb.org/gsea/msigdb/human/geneset/GOBP_TYPE_B_PANCREATIC_CELL_PROLIFERATION,28,ENR,GOBP_TYPE_B_PANCREATIC_CELL_PROLIFERATION,1,1E-3,GOBP_TYPE_B_PANCREATIC_CELL_PROLIFERATION,FALSE,GOBP_TYPE_B_PANCREATIC_CELL_PROLIFERATION
104,3,3,3,0.999,,1E-3,,GCLC|GCLM|NOTCH1|EPHA8|GHSR|SRD5A1|GATA1|SRD5A2|FSHR|INHBA|POR|EDN1|TGFBR3|EDNRA|SCX|EFNA5,https://www.gsea-msigdb.org/gsea/msigdb/human/geneset/GOBP_RESPONSE_TO_FOLLICLE_STIMULATING_HORMONE,16,ENR,GOBP_RESPONSE_TO_FOLLICLE_STIMULATING_HORMONE,1,1E-3,GOBP_RESPONSE_TO_FOLLICLE_STIMULATING_HORMONE,FALSE,GOBP_RESPONSE_TO_FOLLICLE_STIMULATING_HORMONE
103,3,3,3,0.999,,1E-3,,THBS1|PLG|ANGPT1|ANGPT2|HRG|PLAT|PLAU|PRDX2|EMILIN1|F7|ENPP4|ANO6|F12|PSEN1|SERPINE1|THBD|NFE2L2|F2R|EMILIN2|USF1|F3|VTN|ST3GAL4|F2|SERPINF2|CD36|TBXA2R|VKORC1|APOH|HPSE,https://www.gsea-msigdb.org/gsea/msigdb/human/geneset/GOBP_POSITIVE_REGULATION_OF_COAGULATION,30,ENR,GOBP_POSITIVE_REGULATION_OF_COAGULATION,1,1E-3,GOBP_POSITIVE_REGULATION_OF_COAGULATION,FALSE,GOBP_POSITIVE_REGULATION_OF_COAGULATION
21,3,3,3,0.999,,1E-3,,THBS1|SYNJ2BP|TMEM201|HIF1A|PATZ1|PPARG|ANGPT1|HRG|ATP5F1A|PDCD6|ATP5F1B|CARD10|AKT1|BMP10|HDAC9|FUT1|PLPP3|ADGRB1|MAP2K5|NUS1|VEGFC|ANXA3|PRKD1|WNT5A|JUP|RRAS|SPRED1|ZNF580|FGFBP1|PDGFB|PDCD10|PRKD2|GFUS|AAMP|ATP2B4|HMGB1|GATA2|RGCC|CXCL13|DNAJA4|TGFBR3|SERPINF1|EPHA2|GADD45A|ATOH8|CEACAM1|SMOC2|FOXP1|GLUL|ANGPT4|PIK3C2A|DLL4|KRIT1|PIK3CB|STARD13|EFNA1|PIK3CD|PIK3CG|SVBP|AKT3|DAB2IP|HMOX1|RHOB|SIRT1|VEGFA|EMP2|PLK2|PROX1|LCN2|AGTR2|BCAS3|MMRN2|SP1|FOXC2|SP100|GATA3|NR2F2|PRCP|GREM1|CIB1|PLCG1|EMC10|ACVRL1|ADGRA2|AMOT|ANGPT2|DCN|SRPX2|ITGB3|EDN1|HDAC5|ADAMTS9|ITGB1BP1|ROBO4|CRIPTO|LGMN|RHOA|STC1|CD40|SCARB1|AGT|MAP2K3|MEF2C|JCAD|NRP2|CCBE1|PTPRM|PRKCA|RHOJ|SASH1|SPARC|NFE2L2|GRN|TNF|NF1|FLT4|P2RX4|RIN2|KDR|TBXA2R|HSPB1|MMRN1|PLG|TGFB1|NOTCH1|TMSB4X|PDPK1|ABL1|FGF2|FGFR1|NRP1|VASH1|WNT7A|PTK2|GPLD1|PTK2B|BCAR1|PTN|ETS1|CSNK2B|RAC1|HDAC7|SH3BP1|ZC3H12A|ADAM17|MAPK14|MEOX2|SEMA5A|ANXA1|FGF1|FGF16|FGF18|GAB1|MET|TEK|BMPER|BSG|NOS3|KLF4|PTGS2|SLIT2|CALR|ROCK2|SEMA4A|EGF|STAT5A|APOE|NR2E1|MECP2|APOH|GPI,https://www.gsea-msigdb.org/gsea/msigdb/human/geneset/GOBP_REGULATION_OF_ENDOTHELIAL_CELL_MIGRATION,171,ENR,GOBP_REGULATION_OF_ENDOTHELIAL_CELL_MIGRATION,1,1E-3,GOBP_REGULATION_OF_ENDOTHELIAL_CELL_MIGRATION,FALSE,GOBP_REGULATION_OF_ENDOTHELIAL_CELL_MIGRATION
21,3,3,3,0.999,,1E-3,,THBS1|HIF1A|ANGPT1|AMOT|SRPX2|ATP5F1A|ATP5F1B|AKT1|HDAC9|NUS1|VEGFC|PRKD1|CD40|FGFBP1|MAP2K3|PDGFB|PRKD2|JCAD|HMGB1|GATA2|PRKCA|RHOJ|NFE2L2|TGFBR3|P2RX4|KDR|ANGPT4|PIK3C2A|HSPB1|PLG|TGFB1|TMSB4X|PDPK1|ABL1|FGF2|FGFR1|NRP1|AKT3|HMOX1|ETS1|HDAC7|SIRT1|VEGFA|PLK2|ADAM17|MAPK14|ANXA1|FGF18|GAB1|SP1|FOXC2|NOS3|PTGS2|GREM1|CIB1|PLCG1|STAT5A,https://www.gsea-msigdb.org/gsea/msigdb/human/geneset/GOBP_POSITIVE_REGULATION_OF_BLOOD_VESSEL_ENDOTHELIAL_CELL_MIGRATION,57,ENR,GOBP_POSITIVE_REGULATION_OF_BLOOD_VESSEL_ENDOTHELIAL_CELL_MIGRATION,1,1E-3,GOBP_POSITIVE_REGULATION_OF_BLOOD_VESSEL_ENDOTHELIAL_CELL_MIGRATION,FALSE,GOBP_POSITIVE_REGULATION_OF_BLOOD_VESSEL_ENDOTHELIAL_CELL_MIGRATION
8,3,3,3,0.999,,1E-3,,ONECUT1|PPARG|MTMR4|PMEPA1|NKX2-1|OGT|LRRC32|FKBP1A|ING1|PPM1A|WFIKKN1|WFIKKN2|SPRED1|SPRED2|SPRED3|BRMS1L|SAP130|SAP30|SAP30L|SINHCAF|HDAC1|SNX25|SPRY1|SPRY2|DAND5|TGFBR3|FBN2|CDH3|BAMBI|LTBP1|BRMS1|NRROS|OVOL2|CILP|EID2|FAM89B|LDLRAD4|VEPH1|ASPN|TET1|SMAD7|ZNF451|SIRT1|SLC2A10|EMILIN1|PEG10|SUDS3|STRAP|HTRA1|FBN1|GLG1|TP53|GDF15|CAV2|HSPA1A|RBBP4|CHST11|BCL9L|SKI|ONECUT2|SKOR2|CD109|SMURF1|SMURF2|HSPA5|VASN|SNX6|ZBTB7A|STUB1|CIDEA|WNT1|INTS9|SKIL|SMAD6|HDAC2|FKBP1C|PPARA|ING2|LEMD3|PDPK1|XBP1|ADAM17|ENG|PBLD|ADAMTSL2|ARID4A|ARID4B|HTRA3|HTRA4|PRDM16|IL17RD|MECOM|USP15|RASL11B|BMP2|PIN1|SIN3A|RBBP7,https://www.gsea-msigdb.org/gsea/msigdb/human/geneset/GOBP_NEGATIVE_REGULATION_OF_TRANSFORMING_GROWTH_FACTOR_BETA_RECEPTOR_SIGNALING_PATHWAY,98,ENR,GOBP_NEGATIVE_REGULATION_OF_TRANSFORMING_GROWTH_FACTOR_BETA_RECEPTOR_SIGNALING_PATHWAY,1,1E-3,GOBP_NEGATIVE_REGULATION_OF_TRANSFORMING_GROWTH_FACTOR_BETA_RECEPTOR_SIGNALING_PATHWAY,FALSE,GOBP_NEGATIVE_REGULATION_OF_TRANSFORMING_GROWTH_FACTOR_BETA_RECEPTOR_SIGNALING_PATHWAY
16,3,3,3,0.999,,1E-3,,APOD|CABP1|UFM1|ANGPT1|SUFU|PKIA|YWHAB|PKIG|NFKBIA|SIRT6|NF1|CHP1|FERMT1|CD36|MDFIC|RAB23|EI24|SUMO1,https://www.gsea-msigdb.org/gsea/msigdb/human/geneset/GOBP_NEGATIVE_REGULATION_OF_PROTEIN_IMPORT_INTO_NUCLEUS,18,ENR,GOBP_NEGATIVE_REGULATION_OF_PROTEIN_IMPORT_INTO_NUCLEUS,1,1E-3,GOBP_NEGATIVE_REGULATION_OF_PROTEIN_IMPORT_INTO_NUCLEUS,FALSE,GOBP_NEGATIVE_REGULATION_OF_PROTEIN_IMPORT_INTO_NUCLEUS
52,3,3,3,0.999,,1E-3,,PFN4|TPGS1|BBOF1|POC1B|CCDC40|BBS2|CFAP206|DMD|DNAAF1|MKS1|NEURL1|ENKD1|DRC1|BBS4|CCDC39|ATMIN|AHI1|YIF1B|CEP131|CFAP69|BBS5|CFAP221|INTU|CFAP54|SPAG16|VDAC3|MNS1|NOTO|DZIP1|E2F4|DYNLL1|RSPH9|ARMC2|SPATA6|CCDC146|CFAP43|CFAP44|TBC1D21|SPAG6|LRRC46|DNAAF3|RSPH6A|UBE2B|CFAP58|KLC3|ZMYND10|IFT57|IFT81|SPAG17|SPEF2|JHY|ARMC12|CCDC38|FOXJ1|PLA2G3|TTLL1|CC2D2A|CCDC159|CEP128|CFAP119|CFAP157|CFAP47|CFAP53|CFAP57|CFAP61|CFAP65|CFAP97D1|MCIDAS|DNAH1|DNALI1|DNHD1|DRC7|DNAAF11|MEIG1|TTC12|TTLL5|FSIP2|PDCL2|ZMYND12,https://www.gsea-msigdb.org/gsea/msigdb/human/geneset/GOBP_MOTILE_CILIUM_ASSEMBLY,79,ENR,GOBP_MOTILE_CILIUM_ASSEMBLY,1,1E-3,GOBP_MOTILE_CILIUM_ASSEMBLY,FALSE,GOBP_MOTILE_CILIUM_ASSEMBLY
15,3,3,3,0.999,,1E-3,,NR5A1|TNFAIP6|PGR|SGPL1|GPR149|PTX3|PTPRN|LHCGR|NPPC|NOTCH4|AMH|NRIP1|ZP3|CASP3|ADAMTS1|MMP2|ZNF830|AFP|MSTN|INHBA|LEP|EREG|MMP19|SLIT3|NOTCH1|NPY5R|NR5A2|CASP2|PDGFRA|SCAPER|TGFB3|SIRT1|GAS2|NPR2|RETN|PLEKHA1|ESR1|ROBO2|CGA|FOXO3|FSHR|NOS3|SLIT2|BMPR1B|FZD4|GDF9|STAT5B|STAT5A|TGFB2,https://www.gsea-msigdb.org/gsea/msigdb/human/geneset/GOBP_OVULATION_CYCLE_PROCESS,49,ENR,GOBP_OVULATION_CYCLE_PROCESS,1,1E-3,GOBP_OVULATION_CYCLE_PROCESS,FALSE,GOBP_OVULATION_CYCLE_PROCESS
19,3,3,3,0.999,,1E-3,,ANO6|C3|APPL2|ITGA2|TREM2|GATA2|ABCA7|CD300A|NCKAP1L|F2RL1|STAP1|CD36|PLCG2|ALOX15|RAB31,https://www.gsea-msigdb.org/gsea/msigdb/human/geneset/GOBP_REGULATION_OF_MEMBRANE_INVAGINATION,15,ENR,GOBP_REGULATION_OF_MEMBRANE_INVAGINATION,1,1E-3,GOBP_REGULATION_OF_MEMBRANE_INVAGINATION,FALSE,GOBP_REGULATION_OF_MEMBRANE_INVAGINATION
32,3,3,3,0.999,,1E-3,,TMEM201|ACTR10|BICD1|HIF1A|AGBL4|ARHGAP21|BORCS6|BORCS7|BORCS8|TUBA1B|HSBP1|IFT122|KIFBP|KXD1|MAP1B|BLOC1S1|NEFH|PAFAH1B1|CDC42|NEFL|CEP131|PEX14|SFPQ|SUN2|SYNE2|TRIM58|UBB|MAP1A|UCHL1|DLG2|AGTPBP1|AP3B1|IFT46|ARMCX3|KIF17|KLC3|MAPK8IP3|PCM1|PRICKLE1|FLOT2|SSX2IP|TUBA1A|BLOC1S2|DYNC2H1|UXT|STAU1|AP3D1|AP3S1|AP3S2|ARL3|ARL8B|DAW1|RAB27B|BICD2|CCDC88C|CLN3|FEZ1|MYO1C|HDAC6|COPG1|COPG2|KIF21A|RABGEF1|MAPT|MGARP|RAB21|DYNC1I2|SPAG17|TUBA1C|HTT|MYO19|KIF13A|KIF16B|KIF1C|LAMP1|OPA1|MYO5A|CLIP3|ARL8A|ATG16L1|RHOT1|ATG5|IFT80|RHOT2|WASL|RAB1A|BAG3|ACTN4|AP3B2|AP3M1|DYNC1H1|AP3M2|RAB6A|BICDL1|BICDL2|BLOC1S3|BLOC1S4|BLOC1S5|BORCS5|SPG7|CCDC186|KIF4A|CDR2L|DCTN1|MAP1S|DTNBP1|DYNC1I1|F8A1|F8A3|FBXW11|FNBP1L|FYCO1|CILK1|HAP1|CLUAP1|DYNC2I1|KIF1A|DYNC2I2|KIF1B|IFT172|KIF3A|IFT22|KIF3B|IFT25|KIF5A|IFT20|IFT27|KIF5B|IFT43|IFT88|KIF5C|IFT52|KIFAP3|IFT56|KIFC2|IFT57|IFT70A|IFT70B|IFT81|LCA5L|MAP2|RABL2B|SPAST|TTC21A|WDR19|MREG|WDR35|NDE1|CCDC38|NDEL1|RPGR|WASF1|TERF2|PPFIA2|RAB17|RASGRP1|SUN1|HNRNPU|STK11|SYBU|SYT4|TANC2|TMEM230|TRAK1|LRPPRC|TRAK2|TRIM46|BLOC1S6|RUFY4|CAMSAP3|SNAPIN|CCDC88A|SSNA1|DYNC2LI1|DYNLT2B|SPG11|FUZ|TUBB|DST|IFT140|NETO1|INTU|TMEM108|CCDC88B|MAK|IFT74|HOOK1|MAP2K1|HOOK2|MYO10|HOOK3|DYNLL1|NME7|HSPB1|BBS12|MAP6|WDPCP|LCA5|RUFY3|STAU2|APP|TTC21B|APBA1|TUB|TRAF3IP1|PURA|SOD1,https://www.gsea-msigdb.org/gsea/msigdb/human/geneset/GOBP_CYTOSKELETON_DEPENDENT_INTRACELLULAR_TRANSPORT,207,ENR,GOBP_CYTOSKELETON_DEPENDENT_INTRACELLULAR_TRANSPORT,1,1E-3,GOBP_CYTOSKELETON_DEPENDENT_INTRACELLULAR_TRANSPORT,FALSE,GOBP_CYTOSKELETON_DEPENDENT_INTRACELLULAR_TRANSPORT
43,3,3,3,0.999,,1E-3,,THPO|CEBPA|WNT1|PIM1|KAT7|TSC22D1|PDCD2|EIF2AK2|KITLG|SNAI2|WNT10B|WNT5A|N4BP2L2|ACE|ATXN1L,https://www.gsea-msigdb.org/gsea/msigdb/human/geneset/GOBP_REGULATION_OF_HEMATOPOIETIC_STEM_CELL_PROLIFERATION,15,ENR,GOBP_REGULATION_OF_HEMATOPOIETIC_STEM_CELL_PROLIFERATION,1,1E-3,GOBP_REGULATION_OF_HEMATOPOIETIC_STEM_CELL_PROLIFERATION,FALSE,GOBP_REGULATION_OF_HEMATOPOIETIC_STEM_CELL_PROLIFERATION
7,3,3,3,0.999,,1E-3,,FKBP4|THY1|CDH1|WNT3A|SPP1|RIT2|EFNB2|B2M|EFNB3|WNT5A|PAFAH1B1|RAB29|SYNGAP1|NTN1|PRAG1|TSKU|PTPN9|PSEN1|MT3|DGUOK|DTNBP1|MDM2|EPHB2|EFNA1|PAQR3|MAG|CDKL3|DCC|FSTL4|GFAP|IFRD1|MYLIP|MAP2|TBX6|KANK1|NLGN1|GFI1|CDK5|THOC2|CIB1|CD38|RTN4RL2|ZNF365|IL15RA|GDI1|TRAK2|TRIM46|CERS2|SNAPIN|RNF6|EPHA7|PTEN|DKK1|PTPRG|EPHA4|SPART|FGF13|BCL11A|ITM2C|DIP2B|ARF6|STX1B|FIGNL2|HDAC6|HES1|ARHGAP4|DAB2|TRPV4|SEMA3A|KIAA0319|KREMEN1|DENND5A|SEMA3G|LRIG2|HDAC2|SEMA4F|VIM|BAG5|SEMA6C|SEMA6D|NEO1|ULK1|ULK2|NGEF|DAB1|NRP1|CRMP1|MGARP|DPYSL3|GAK|MINAR1|PLXNA3|PTPRO|PTPN1|PTPRS|ADAM17|RGMA|RUFY3|CARM1|DRAXIN|RTCA|RTN4|RTN4R|RTN4RL1|STMN2|RYK|STMN3|PMP22|SEMA3F|LRP4|SEMA5A|INPP5F|INPP5J|MCF2|SLIT1|LPAR1|TNR|AMIGO3|FAT3|SLIT2|ZNF296|ACP4|ADCY6|LRRK2|CBFA2T2|SPOCK1|WNT3|NEU4|APOE|NR2F1,https://www.gsea-msigdb.org/gsea/msigdb/human/geneset/GOBP_NEGATIVE_REGULATION_OF_NEURON_PROJECTION_DEVELOPMENT,130,ENR,GOBP_NEGATIVE_REGULATION_OF_NEURON_PROJECTION_DEVELOPMENT,1,1E-3,GOBP_NEGATIVE_REGULATION_OF_NEURON_PROJECTION_DEVELOPMENT,FALSE,GOBP_NEGATIVE_REGULATION_OF_NEURON_PROJECTION_DEVELOPMENT
79,3,3,3,0.999,,1E-3,,KAT2B|SAMTOR|VDR|NCOA1|RXRA|RXRB|OGT|PHEX|GDAP1|FES|PENK|NFE2L2|RPS6KB1|FOLR1|MED1|LEP|CDKN2B|MTOR|MDM2|SNW1|PRMT1|XBP1|SRF|CSNK1A1|PIM1|COL1A1|MAT2A|BGLAP|KANK2|MLXIPL|SNAI2|CYP24A1|CYP27B1|MN1|PDK2|FGF23|FOLR2|TNC|GAS6|CASR|POSTN|SFRP1|GPRIN3|USF1|TRIM24|USF2|NCOA3|LPL|PLD1,https://www.gsea-msigdb.org/gsea/msigdb/human/geneset/GOBP_CELLULAR_RESPONSE_TO_NUTRIENT,49,ENR,GOBP_CELLULAR_RESPONSE_TO_NUTRIENT,1,1E-3,GOBP_CELLULAR_RESPONSE_TO_NUTRIENT,FALSE,GOBP_CELLULAR_RESPONSE_TO_NUTRIENT
102,3,3,3,0.999,,1E-3,,C3|C1QBP|TREM2|C4BPA|C4BPB|VSIG4|CD55|CD46|SERPING1|CD59|CD5L|PHB1|CR1|CR1L|A2M|CFH|CR2|PHB2|IL1B|SUSD4|MASP1,https://www.gsea-msigdb.org/gsea/msigdb/human/geneset/GOBP_REGULATION_OF_COMPLEMENT_ACTIVATION,21,ENR,GOBP_REGULATION_OF_COMPLEMENT_ACTIVATION,1,1E-3,GOBP_REGULATION_OF_COMPLEMENT_ACTIVATION,FALSE,GOBP_REGULATION_OF_COMPLEMENT_ACTIVATION
101,3,3,3,0.999,,1E-3,,LRP1|CBLB|HIP1|NDRG4|HGS|PHF14|PTPRJ|IFT20|PTPN2|ADIPOQ|F7|PTPN12|APOD|LOX|SNCA|CBL|FSHR|HIP1R|NHERF1|F3|PTGIR|SRC|MYOCD|LRIG2|IL1B|IL1R1,https://www.gsea-msigdb.org/gsea/msigdb/human/geneset/GOBP_REGULATION_OF_PLATELET_DERIVED_GROWTH_FACTOR_RECEPTOR_SIGNALING_PATHWAY,26,ENR,GOBP_REGULATION_OF_PLATELET_DERIVED_GROWTH_FACTOR_RECEPTOR_SIGNALING_PATHWAY,1,1E-3,GOBP_REGULATION_OF_PLATELET_DERIVED_GROWTH_FACTOR_RECEPTOR_SIGNALING_PATHWAY,FALSE,GOBP_REGULATION_OF_PLATELET_DERIVED_GROWTH_FACTOR_RECEPTOR_SIGNALING_PATHWAY
42,3,3,3,0.999,,1E-3,,EPHB2|RASAL3|SPRY4|LZTR1|RASA3|PPP2CB|TRIM67|SPRY1|MAPKAP1|NUP62|SPRY2|DAB2IP|FBP1|MFN2|NF1|STAMBP|RABGEF1|RASA4|RASA2|RASA4B|RASAL1|SYNGAP1|SPRY3|TGFB2,https://www.gsea-msigdb.org/gsea/msigdb/human/geneset/GOBP_NEGATIVE_REGULATION_OF_RAS_PROTEIN_SIGNAL_TRANSDUCTION,24,ENR,GOBP_NEGATIVE_REGULATION_OF_RAS_PROTEIN_SIGNAL_TRANSDUCTION,1,1E-3,GOBP_NEGATIVE_REGULATION_OF_RAS_PROTEIN_SIGNAL_TRANSDUCTION,FALSE,GOBP_NEGATIVE_REGULATION_OF_RAS_PROTEIN_SIGNAL_TRANSDUCTION
11,3,3,3,0.999,,1E-3,,BRDT|UBR2|AGO4|ATM|TAF1L|BTBD18|SPO11|MOV10L1|SHCBP1L|TRIP13|FOXJ3|MYBL1|ZSCAN21|CATSPERZ|CCNA1|CYP26B1|HSF5|TESMIN|ZNF541|SLC25A31|TDRD12|TDRD9|KCTD19|KIF18A|UBB|TDRKH|BRCA2|FOXJ2|M1AP|MAEL|ING2|MEIKIN|DMC1|DMRTC2|RBM46|SYCP3|FANCA|HSPA2|HSF2BP|DNMT3L|SLC2A8|MEIOC|ASZ1|MLH3|TEX15|SPDYA|DDX4|SYCP2|RAD51C|FIGNL1|TEX11|TEX14|TEX19|REC8|MLH1,https://www.gsea-msigdb.org/gsea/msigdb/human/geneset/GOBP_MALE_MEIOTIC_NUCLEAR_DIVISION,55,ENR,GOBP_MALE_MEIOTIC_NUCLEAR_DIVISION,1,1E-3,GOBP_MALE_MEIOTIC_NUCLEAR_DIVISION,FALSE,GOBP_MALE_MEIOTIC_NUCLEAR_DIVISION
,3,3,3,0.999,,1E-3,,INSL3|MTNR1A|OXER1|PALM|MARCO|RGS1|RIC8A|ITGB3|MCHR1|GRM7|OPRM1|RXFP2|P2RY1|EDN1|EDNRA|SSTR2|GNAO1|CHRM5|HTR1D|DRD3|DRD4|PSAPL1|AKAP12|CHRM2|FFAR3|GRM1|FLNA|GRM5|ADRA2A|GRM6|HTR1A|GPR146|HTR1B|PTGDR2|OPRD1|OPRL1|CHRM1|RGS2|CHRM3|TAAR1|P2RY12|PRMT5|APLNR|GNAI3|PTGER4|GPR37|PSAP|HTR4|DRD2|ADGRG6|ADORA1|APP|AKAP5|OPRK1|CHRM4|FPR2|S1PR1|CORT|NPY1R|GABBR2|GPR37L1|LPAR1|GNAZ|PRKACA|HRH4|GNAI1|CASR|FSHR|GABBR1|GPR176|ADCY5|GNAI2|ADCY6|NPY2R|PDE2A|GRIK3|GRM2|GRM3|S1PR3|GRM4|GRM8|HRH3|HTR1E|HTR1F|HTR5A,https://www.gsea-msigdb.org/gsea/msigdb/human/geneset/GOBP_ADENYLATE_CYCLASE_INHIBITING_G_PROTEIN_COUPLED_RECEPTOR_SIGNALING_PATHWAY,85,ENR,GOBP_ADENYLATE_CYCLASE_INHIBITING_G_PROTEIN_COUPLED_RECEPTOR_SIGNALING_PATHWAY,1,1E-3,GOBP_ADENYLATE_CYCLASE_INHIBITING_G_PROTEIN_COUPLED_RECEPTOR_SIGNALING_PATHWAY,FALSE,GOBP_ADENYLATE_CYCLASE_INHIBITING_G_PROTEIN_COUPLED_RECEPTOR_SIGNALING_PATHWAY
