__mclCluster,EnrichmentMap::-log10(pvalue) (noncon_human_down),EnrichmentMap::-log10(pvalue)*sign(NES) (noncon_human_down),EnrichmentMap::-log10(pvalue)_max,EnrichmentMap::Colouring (noncon_human_down),EnrichmentMap::ES (noncon_human_down),EnrichmentMap::fdr_qvalue (noncon_human_down),EnrichmentMap::fwer_qvalue (noncon_human_down),EnrichmentMap::Genes,EnrichmentMap::GS_DESCR,EnrichmentMap::gs_size,EnrichmentMap::GS_Type,EnrichmentMap::Name,EnrichmentMap::NES (noncon_human_down),EnrichmentMap::pvalue (noncon_human_down),name,selected,shared name
19,2.23384186989249,2.23384186989249,2.23384186989249,0.99416342420000003,,7.2788400000000003E-2,,MTMR10|MTMR11|MTMR12|MTMR2|MTMR3|MTMR4|MTMR6|MTMR7|MTMR8|MTMR9|PIP4P1|PIP4P2|OCRL|CHRM5|PTEN|SACM1L|MTM1|INPP5A|INPP5B|INPP5D|INPP5E|INPP5F|INPP5J|INPPL1|INPP5K|SYNJ1|FIG4|SYNJ2|MTMR1,https://www.gsea-msigdb.org/gsea/msigdb/human/geneset/GOBP_PHOSPHATIDYLINOSITOL_DEPHOSPHORYLATION,29,ENR,GOBP_PHOSPHATIDYLINOSITOL_DEPHOSPHORYLATION,1,5.8365758000000004E-3,GOBP_PHOSPHATIDYLINOSITOL_DEPHOSPHORYLATION,FALSE,GOBP_PHOSPHATIDYLINOSITOL_DEPHOSPHORYLATION
,1.74123919793404,1.74123919793404,1.74123919793404,0.98185484000000001,,8.9099960000000006E-2,,THBS1|TICAM1|CCL3|DYSF|TLR1|ADGRF5|WNK4|TLR6|TNIP2|CD200|NR1H3|CD74|BPI|WNT5A|TYROBP|PTPRC|HMGB1|CX3CL1|VSIG4|CX3CR1|SHPK|IL13|IL4R|FCER2|KARS1|NR1D1|FOXP1|SLC11A1|EDN2|PLA2G10|FCGR2B|C1QA|PLA2G3|FPR2|PLA2G4A|IFI35|CTSC|CLU|PLCG2|FCGR3A|SYT11|JMJD6|IL33|KCNJ8|ITGAM|CST7|ITGB2|LBP|JUND|LCN10|HAVCR2|SPHK1|FAM76B|MIF|MFHAS1|CD93|SNCA|HSPA12A|IL1RL1|NR4A1|IL31RA|SPACA3|GRN|TNF|HSPD1|TMEM229B|JAK2|IFNGR2|SBNO2|IRGM|LRFN5|MCUB|NMI|NAGLU|IFNGR1|MAPT|TREM2|CALHM2|TLR3|TLR4|PJA2|TLR9|AGER|PRKCE|ZC3H12A|CRTC3|IFNG|IL4|AIF1|MMP8|GPR137B|APP|IL10|SUCNR1|CEBPA|IL6|TTBK1|AZU1|TAFA3|LDLR|TREX1|C5AR1|LRRK2|RORA|STAP1|JUN|STK39|SYK|MYO18A|TMEM106A,https://www.gsea-msigdb.org/gsea/msigdb/human/geneset/GOBP_MACROPHAGE_ACTIVATION,110,ENR,GOBP_MACROPHAGE_ACTIVATION,1,1.814516E-2,GOBP_MACROPHAGE_ACTIVATION,FALSE,GOBP_MACROPHAGE_ACTIVATION
4,2.71432976660709,2.71432976660709,2.71432976660709,1,,4.2121884000000001E-4,,BLOC1S1|PAFAH1B1|PSEN1|PIK3CG|AP3B1|ATP13A2|ARL6|BLOC1S2|WIPI1|CDK5|AP1AR|AP1G1|AP3D1|AP3S1|AP3S2|ARFGAP2|ARFGAP3|ITGA4|ATP9A|BBS2|CEP19|PTEN|CLN3|PINK1|MYO1C|SNCA|CSNK1D|SMPD3|RAB11B|RAB7A|CUL3|SYNJ1|DNM2|EXOC1|EXOC2|EXOC4|SCRIB|EXOC5|SDCBP|EXOC6|EXOC6B|EXOC8|GBF1|IFNG|HTT|KIF13A|KIF16B|KIF1C|KLHL12|LRRK2|MAPK15|MYO5A|PDCD6|PEF1|RAB3A|PPP6C|PREB|WASL|RAB11A|RAB1A|ACTN4|AP1M2|AP3B2|AP3M1|AP3M2|BAIAP3|BBS5|BBS7|BICDL1|BICDL2|BLOC1S3|CHMP2A|BLOC1S4|BLOC1S5|CHMP3|BORCS5|BRSK1|BRSK2|CHMP6|BSN|BTBD8|C17ORF75|CADPS|CADPS2|CCDC186|CDH2|CDH3|CDR2L|CLASP1|CLASP2|SAR1A|COPS5|SAR1B|CTBP1|DCTN1|DCTN2|DNM1|DNM3|DTNBP1|DYNC1I1|EXOC3|EXOC7|SEC16A|F8A1|F8A3|FAM91A1|FBXW11|FNBP1L|FYCO1|GPR143|HAP1|IRAG2|KIF1A|KIF1B|HGS|KIF3A|KIF3B|KIF5A|KIF5B|KIF5C|SNAP23|IKBKG|KIFAP3|KIFC2|LIMK2|LIN7A|LIN7B|LIN7C|MAP2|MAP4K2|MKKS|MLPH|MREG|MX1|MX2|MYO1A|NDE1|NDEL1|NLGN1|NLGN2|NRXN1|PCDH17|PCLO|PDZD11|PPFIA2|RAB17|RAB27A|RASGRP1|SDC1|TCIRG1|SDC4|TFG|SEPTIN5|SHROOM2|TMED10|SLC2A4|TMED2|PDCD6IP|SNAP25|STARD3|STARD3NL|STK11|STXBP1|STXBP2|TMED9|STXBP3|SYBU|TRAPPC1|SYN1|TRAPPC10|SYN2|TRAPPC11|SYN3|TRAPPC12|SYNDIG1|TRAPPC13|SYT11|TRAPPC2|SYT4|TRAPPC2B|TANC2|TRAPPC2L|TBC1D23|TRAPPC3|TESK1|TMEM230|TRAPPC4|TOR1A|TRAPPC5|TPGS1|TRAPPC6A|TRAK1|TRAPPC6B|TRAK2|TRAPPC8|TRAPPC9|TRIM46|BLOC1S6|TRIP11|UNC13A|UNC13B|UNC13C|USO1|WDR11|SNAP29|SNAPIN|SNF8|SPG11|YKT6|STAM|CTNNB1|MAP2K1|TSG101|MYO7A|NAGLU|PRKN|VPS33A|VPS33B|VPS4A|VPS4B|ASIP,https://www.gsea-msigdb.org/gsea/msigdb/human/geneset/GOBP_VESICLE_LOCALIZATION,221,ENR,GOBP_VESICLE_LOCALIZATION,1,0,GOBP_VESICLE_LOCALIZATION,FALSE,GOBP_VESICLE_LOCALIZATION
2,2.71432976660709,2.71432976660709,2.71432976660709,1,,9.7172850000000009E-3,,TUBGCP4|TUBGCP5|TUBGCP6|MZT1|NIN|CCDC66|HSPA1B|AKAP9|PDE4DIP|ARHGEF7|GOLGA2|EML2|NEDD1|PCNT|RANBP9|CCDC57|SLAIN1|SLAIN2|SSNA1|TPPP|NDE1|NDEL1|CEP192|BLOC1S2|PAK1|CKAP5|CSNK1D|HSPA1A|HAUS1|HAUS2|CLASP1|HAUS3|TPX2|CLASP2|HAUS4|HAUS5|HAUS6|NME7|DCTN1|GIT1|HAUS7|HAUS8|TUBG1|MECP2|TUBG2|TUBGCP2|TUBGCP3,https://www.gsea-msigdb.org/gsea/msigdb/human/geneset/GOBP_MICROTUBULE_NUCLEATION,47,ENR,GOBP_MICROTUBULE_NUCLEATION,1,0,GOBP_MICROTUBULE_NUCLEATION,FALSE,GOBP_MICROTUBULE_NUCLEATION
19,2.71432976660709,2.71432976660709,2.71432976660709,1,,3.5628169999999998E-3,,MTMR10|MTMR11|MTMR12|MTMR14|MTMR2|MTMR3|MTMR4|MTMR6|MTMR7|MTMR8|HTR2A|MTMR9|PGAP1|OCRL|PDGFA|PDGFB|PGAP2|PGAP3|PGAP4|PI4K2A|PI4K2B|PI4KA|PI4KB|PIGA|PIGB|PIGC|INPP5K|PIGF|PIGG|PIGH|PIGK|PIGL|PIGM|PIGN|PIGO|PIGP|PIGQ|PIGS|PIGT|PIGU|PIGV|PIGW|PIGX|PIGZ|PIK3C2A|PIK3C2B|PIK3C2G|PIK3C3|PIK3CB|PIK3CD|PIK3CG|PIK3R3|PIK3R4|PIK3R5|PIKFYVE|PIP4K2A|PIP4K2B|PIP4K2C|PIP4P1|PIP4P2|PIP5K1A|PIP5K1B|PIP5K1C|PIP5KL1|PITPNM1|PITPNM2|PITPNM3|PLA2G3|PLA2G4D|PLA2G4E|PLCB1|PLCB2|PLCB3|PLCB4|PLCD1|PLCE1|PLCG1|AGPAT5|PLCG2|PLCH1|PLCH2|PLCL1|PLCL2|ATG14|ATM|BECN1|BMX|BPNT1|DDHD1|BPNT2|UVRAG|CDIPT|CDS1|CHRM5|PTEN|CWH43|PTPRQ|SACM1L|DGKE|SH3YL1|DPM1|SLC30A5|DPM2|DPM3|EFR3A|EFR3B|SMG1|PIK3R1|SYNJ1|FIG4|SYNJ2|TMEM150A|GALR2|TNFAIP8L3|TPTE2|TTC7A|TTC7B|VAC14|GPAA1|HTR2B|HTR2C|HYCC1|HYCC2|IMPA1|IMPA2|INPP1|INPP4A|MTM1|INPP4B|INPP5A|INPP5B|INPP5D|INPP5E|INPP5F|INPP5J|PIK3CA|INPPL1|IP6K1|IP6K2|IP6K3|IPMK|ITPKA|ITPKB|ITPKC|LCLAT1|LPGAT1|MBOAT7|MPPE1|MTMR1,https://www.gsea-msigdb.org/gsea/msigdb/human/geneset/GOBP_PHOSPHATIDYLINOSITOL_METABOLIC_PROCESS,149,ENR,GOBP_PHOSPHATIDYLINOSITOL_METABOLIC_PROCESS,1,0,GOBP_PHOSPHATIDYLINOSITOL_METABOLIC_PROCESS,FALSE,GOBP_PHOSPHATIDYLINOSITOL_METABOLIC_PROCESS
2,1.8521312996433601,1.8521312996433601,1.8521312996433601,0.98594377499999997,,7.7560580000000004E-2,,ZWINT|C9ORF78|KAT5|NSMCE2|MAD2L2|CENPE|CENPF|CDK5RAP2|CCNB1|CDK1|PBRM1|DLGAP5|PHF10|HORMAD1|PLK1|CSNK2A2|KIF2C|SMC5|SMC6|KLHL22|RMI2|MAP3K20|NDC80|GEN1|SIRT1|PPP2R2A|SMARCA2|PPP2R2D|SMARCA4|SMARCB1|SMARCC1|SMARCC2|SMARCD1|SMARCD2|SMARCD3|RAD18|SMARCE1|RCC2|KNTC1|HNRNPU|RAD21|IK|RB1|KNL1|KAT2B|ATM|BECN1|BUB1|PLSCR1|AURKB|MAD1L1|MAD2L1BP|NCAPD2|NCAPD3|NCAPG|NCAPG2|NCAPH|NCAPH2|NUMA1|SKA1|TRIP13|SKA3|SMC2|SMC4|XRCC3|TPR|CDC6|ZW10|ANAPC1|ANAPC11|ANAPC15|ANAPC2|ANAPC4|ANAPC5|ANAPC7|APC|UBE2C|DUSP1|CUL3|DYNC1LI1|CDC16|CDC20|FBXO5|PRP4K|USP44|CDC23|ACTB|ACTL6A|CDC27|ACTL6B|CHFR|ARID1A|ARID1B|ARID2|PUM1|BCL7A|BCL7B|BCL7C|BRD7|IHO1|CSNK2A1|BIRC5|PUM2|BUB1B|PRAP1|BUB3|CDCA8|DPF1|DPF2|ESPL1|DPF3|HASPIN|HECW2|INCENP|LCMT1|MAD2L1|NEK6|NUF2|PSMG2|SIRT2|RIOK2|MAPK15|SPC24|SPC25|SPDL1|TACC3|TEX14|TTK|ZNF207|ZWILCH,https://www.gsea-msigdb.org/gsea/msigdb/human/geneset/GOBP_REGULATION_OF_CHROMOSOME_SEGREGATION,130,ENR,GOBP_REGULATION_OF_CHROMOSOME_SEGREGATION,1,1.4056225E-2,GOBP_REGULATION_OF_CHROMOSOME_SEGREGATION,FALSE,GOBP_REGULATION_OF_CHROMOSOME_SEGREGATION
,2.7092699609758299,2.7092699609758299,2.7092699609758299,0.998046875,,3.1336054000000002E-2,,GBP4|IRF4|GBP6|VTCN1|DEFA1|GBP7|DEFA1B|IER3|BCL3|CD37|HRAS|NKG7|BATF|CLEC7A|CD40|LYST|GBP2|ARG1|BPGM|IL10|IL12B|CCDC88B|MYD88|BATF2|IRF8|SPN|TSPAN32|IL4R|SLC11A1|GBP1|PF4,https://www.gsea-msigdb.org/gsea/msigdb/human/geneset/GOBP_RESPONSE_TO_PROTOZOAN,31,ENR,GOBP_RESPONSE_TO_PROTOZOAN,1,1.953125E-3,GOBP_RESPONSE_TO_PROTOZOAN,FALSE,GOBP_RESPONSE_TO_PROTOZOAN
,1.9956351989404899,1.9956351989404899,1.9956351989404899,0.98989899000000003,,6.1838770000000001E-2,,ACVR1C|CASP9|CIDEC|APAF1|BLCAP|NMNAT1|HTR2A|PLSCR1|AKT1|CASP10|CAPN10|DEDD2|TNFRSF1A|AIFM3|DLC1|FZD3|BNIP1|MADD|DNASE2|ENDOG|STK24|DNASE2B|TP53BP2|CIDEB|XRCC4|CASP7|EXOG|DNASE1L3|SHARPIN|CASP3|CDK5RAP3|COL6A1|FAP|FOXL2|GPER1|CIDEA|DICER1|DFFA|CTSD|DFFB|HSPD1|CASP8|HTRA2|CYCS|CXCR3|COLEC11|CASP2|GATA5|ERN2|XKR4|XKR6|XKR7|XKR8|ZC3H12A|XKR9|HSF1|NPR2|PTGIS|FADD|BAX|BBC3|BCL2L1|IL6|TP53|BOK|NDUFA13|NFKBIZ|VPS54|ACIN1|FASLG|RIPK1|SIRT2|GCG|TAOK1|CECR2|TOP2A|TRPC5,https://www.gsea-msigdb.org/gsea/msigdb/human/geneset/GOBP_EXECUTION_PHASE_OF_APOPTOSIS,77,ENR,GOBP_EXECUTION_PHASE_OF_APOPTOSIS,1,1.0101010000000001E-2,GOBP_EXECUTION_PHASE_OF_APOPTOSIS,FALSE,GOBP_EXECUTION_PHASE_OF_APOPTOSIS
5,2.71432976660709,2.71432976660709,2.71432976660709,1,,3.6193929999999999E-2,,HDGFL2|HELQ|ING3|KAT5|KDM4D|KMT5B|KMT5C|MAD2L2|MBTD1|MEAF6|MGMT|MORF4L1|MORF4L2|MRE11|MRGBP|MRNIP|NBN|OOEP|PARP3|PBRM1|PELI1|PHF10|PIAS4|PNKP|SIRT6|PRKDC|RAD50|RAD51AP1|RIF1|RNF126|FH|RNF8|RUVBL1|RUVBL2|SETMAR|SHLD1|SHLD2|SHLD3|SIRT1|SKP2|SLF1|FUS|SLF2|SMARCA2|SMARCA4|SMARCB1|SMARCC1|SMARCC2|SMARCD1|SPIRE1|SMARCD2|SPIRE2|SMARCD3|SMARCE1|SMCHD1|SPIDR|TIMELESS|TOP2B|UBE2N|UBE2V2|VPS72|WAS|WDR48|TRRAP|WRAP53|YEATS4|ZCWPW1|ATM|PARP1|PRMT1|ACTB|ACTL6A|ACTL6B|ACTR2|AGER|ARID1A|ARID1B|ARID2|BCL7A|BCL7B|BCL7C|BRD7|BRD8|CREBBP|CYREN|DDX11|DMAP1|DPF1|DPF2|DPF3|EP400|EPC1|EPC2|ERCC6|FANCB|FMN2|FOXM1,https://www.gsea-msigdb.org/gsea/msigdb/human/geneset/GOBP_POSITIVE_REGULATION_OF_DOUBLE_STRAND_BREAK_REPAIR,97,ENR,GOBP_POSITIVE_REGULATION_OF_DOUBLE_STRAND_BREAK_REPAIR,1,0,GOBP_POSITIVE_REGULATION_OF_DOUBLE_STRAND_BREAK_REPAIR,FALSE,GOBP_POSITIVE_REGULATION_OF_DOUBLE_STRAND_BREAK_REPAIR
18,2.71432976660709,2.71432976660709,2.71432976660709,1,,6.3140610000000002E-3,,NSF|MTMR4|OPTN|OSBPL5|SNX17|PHAF1|PKDCC|PREPL|RAB10|RAB11A|ATP6AP1|RAB11FIP3|RAB13|RAB14|RAB26|RAB31|RAB34|RAB3IP|RAB8A|RABEP1|RACK1|DEF6|RSC1A1|EPG5|SEC16A|HGS|RAB12|SNX12|ANKRD27|SNX3|SORL1|SNX27|SPTBN1|VPS53|STEAP2|AKAP5|PLA2G3|ARHGAP44|STX6|STXBP5|VPS35|PLA2G4E|STXBP5L|SYS1|RAB17|ACSL3|AMN|ANK3|ANXA13|CLSTN1|CPLX1|MICALL2|ARFGEF2|ARFRP1|ARL3|ATP2C1|ATP9A|BBS1|BBS2|VAMP2|VAMP3|VAMP4|GRIP1|VAMP5|GRIP2|GRIPAP1|BLZF1|VPS35L|CCDC22|SNF8|VPS51|CCDC93|VPS52|SNX30|VTI1A|CLN3|SNX4|SACM1L|CNST|LRRC7|SNX7|ACAP2|MICALL1|ACTN2|ANKRD50|STX16|COMMD1|ARF6|STX12|ARHGAP1|ARHGAP8|ARL4C|BLTP1|NSG1|CMTM6|CSK|DENND1A|RAB11B|DENND1B|DENND1C|RAB7A|RAB8B|EHD1|EHD2|EHD4|VPS13B|EIPR1|EHD3|ENTR1|EPS15|EXOC1|EXOC2|SCARB2|EXOC4|LMTK2|SCRIB|EXOC5|EXOC6|EXOC6B|EXOC8|NDRG4|RAB11FIP4|GCC2|VPS26A|GGA1|RAB35|GGA2|SLC1A1|GGA3|GOLGA4|VPS39|GOLGA7|GOLPH3|GOLPH3L|GOPC|SNX31|STX3|INPP5F|KIF13A|VPS26C|VPS29|VPS50|TRARG1|WASHC1|KRT18|WASHC2C|LLGL1|LLGL2|WIPF3|PTPN23|LYPLA1|LYPLAL1|MACF1|ZDHHC2,https://www.gsea-msigdb.org/gsea/msigdb/human/geneset/GOBP_VESICLE_MEDIATED_TRANSPORT_TO_THE_PLASMA_MEMBRANE,154,ENR,GOBP_VESICLE_MEDIATED_TRANSPORT_TO_THE_PLASMA_MEMBRANE,1,0,GOBP_VESICLE_MEDIATED_TRANSPORT_TO_THE_PLASMA_MEMBRANE,FALSE,GOBP_VESICLE_MEDIATED_TRANSPORT_TO_THE_PLASMA_MEMBRANE
,2,2,2,0.99,,7.3017230000000002E-2,,HDAC4|MYC|UBR2|BEND3|KDM5A|GLMN|LBR|ATAD2|ATAD2B|PIWIL4|BAZ2A|KPNA7|POLE3|FKBP6|CENPV|SDR16C5|GSK3A|SGF29|HDAC1|HMGB1|IGF2|H2AC25|TLE6|SIRT6|SMARCA5|SMARCAD1|H3-3A|H3-3B|H3C1|H3C10|H3C11|H3C12|RNF2|H3C2|H3C3|H3C4|H3C6|H3C7|H3C8|MACROH2A1|USP7|ATF2|HAT1|ZMPSTE24|TRIM37|MACROH2A2|TP53|MIS18A|IFI16|RB1|BMI1|SPTY2D1|CTCF|AXIN1|BTBD18|CTR9|HDAC5|WT1|YTHDC1|EZH2|GLYR1|GPX1|HDAC6|TRIP12|AICDA|APOBEC1|MOV10|APOBEC2|UHRF2|PADI2|LMNA|ING2|UBR5|PIWIL1|PIWIL2|ARID1A|ARID1B|H2AB1|HDAC7|PCID2|DNMT1|KAT8|DNMT3A|DNMT3L|BRCA1|BAP1|BRD7|EHMT1|EZH1|ALKBH4|PIK3CA|ARID4A|CHEK1|ARID4B|ASZ1|ATF7IP|KMT2D|BAHD1|C19ORF84|TUT4|CBX1|TUT7|CBX3|CBX5|CDYL|METTL23|CGGBP1|DDX4|DIRAS3|DPPA3|EPC1|EED|EZHIP|DOT1L|H2AC11|SPI1|H2AC12|H2AC13|SIN3A|H2AC15|SIRT2|H2AC16|ARB2A|H2AC17|H2AC18|PHB1|PRDM14|H2AC19|H2AC20|MORC1|H2AC21|H2AC4|L3MBTL1|H2AC6|H2AX|H2AC7|HDAC10|H2AC8|H2AJ|H2AZ1|H2AZ2|HMGA2|HDAC11|TRMT112|HELLS|JARID2|LHX2|SETDB1|LRIF1|MBD1|MBD2|KAT7|MBD3|SMYD5|KDM1A|MBD3L1|SUV39H2|MBD3L3|HDAC9|MOV10L1|MPHOSPH8|MSL2|MTA2|MTF2|MYCN|NDN|PADI6|PCGF3|PCGF5|PHF1|APOBEC3A|PHF19|APOBEC3C|PPHLN1|APOBEC3F|RESF1|RLF|ASH2L|RLIM|SAMD7|SCMH1|SMARCA1|CTCFL|SPEN|OGG1|SPIN1|DPY30|SIRT7|SPOCD1|STPG4|CREBZF|RRP8|SUZ12|EGR1|TASOR|TASOR2|FAM47E|TDRD1|TDRD12|TDRD5|HDAC3|TDRD9|TFAP2C|ZDBF2|ZFP57|ZFP92|ZNF304|KDM1B|ZNF335|KMT2A|ZNF445|L3MBTL3|ZNF91|ZNF93|KLF2|MEN1|ZNFX1|CDKN1C|MYOCD|MAEL|NOC2L|PHF2|RIF1|DYRK1A|PPM1D|RNF168|PRMT3|RBBP5|RNF8|SAMD1|TET1|TET2|TET3|USP21|WBP2|WDR5|ZNHIT1|SIRT1|SMARCA2|SMARCA4|SMARCB1|SMARCD1|SMCHD1|SUV39H1|MTA1|TEX15|SPHK2|HNRNPK|TRIM28|HNRNPU|ALKBH1|VPS72|MORC2|KAT2B|ATRX|KMT2E|BAZ1A|BCL6|TDG|UHRF1|METTL3|TPR|METTL4|HIPK2|CDK2|CIZ1|NRDE2|PHF8|EHMT2|HDAC2|PRMT5|PRMT7|TRIM27|H1-0|APEX1|DCAF13|H1-2|DDB1|H1-8|APP|HDAC8|ASIP|RBM14|RBM15|RBM15B|EP300|APOBEC3B|LMNB1|LMNB2|TEX19|APOBEC3G|MECP2|APOBEC3H,https://www.gsea-msigdb.org/gsea/msigdb/human/geneset/GOBP_EPIGENETIC_REGULATION_OF_GENE_EXPRESSION,293,ENR,GOBP_EPIGENETIC_REGULATION_OF_GENE_EXPRESSION,1,0.01,GOBP_EPIGENETIC_REGULATION_OF_GENE_EXPRESSION,FALSE,GOBP_EPIGENETIC_REGULATION_OF_GENE_EXPRESSION
17,2.7084209139887099,2.7084209139887099,2.7084209139887099,0.99804305289999995,,2.4773926000000002E-2,,KAT2B|POC1B|C10ORF90|C2CD3|CCDC15|CCDC57|CCDC61|CCDC78|CCP110|CDK5RAP2|CEP120|CEP135|ALMS1|CDK2|CEP152|CEP192|CEP295|CEP295NL|CEP44|CEP72|CEP76|CHMP2A|CEP85|NPM1|CETN2|CNTROB|DEUP1|E2F4|CEP63|KIAA0753|CDC20B|MDM1|NUP62|OFD1|PLK2|PLK4|VPS4B|POC5|PPP1R35|BRCA1|RTTN|SASS6|SPICE1|STIL|RBM14|TRIM37|WDR62|WDR90|MCIDAS|KAT2A,https://www.gsea-msigdb.org/gsea/msigdb/human/geneset/GOBP_CENTRIOLE_ASSEMBLY,50,ENR,GOBP_CENTRIOLE_ASSEMBLY,1,1.9569471000000001E-3,GOBP_CENTRIOLE_ASSEMBLY,FALSE,GOBP_CENTRIOLE_ASSEMBLY
13,2.71432976660709,2.71432976660709,2.71432976660709,0.99806949810000001,,3.3588666000000003E-2,,BTBD17|HMGA2|CD209|CCL5|BST2|CCL8|CLEC4M|CTBP2|TNIP1|ATG16L1|CXCR6|ATG16L2|DDX56|IFI27|NUCKS1|EEF1A1|ATG5|EIF2AK4|APOBEC3A|APOBEC3C|APOBEC3F|TRIM6|FAM111A|FKBP6|GRK2|HACD3|BANF1|IFIT1|IFIT5|IFITM1|IFITM2|IFITM3|INPP5K|ISG20|ZC3HAV1|SMC5|CXCL8|SMC6|DDX5|ZNFX1|CTBP1|CNOT7|PIK3C3|GBP7|SRPK1|NFIA|SRPK2|PCBP1|FMR1|EIF2AK2|PKN2|PPID|LARP1|PROX1|SMARCB1|FBXL2|SHFL|MX1|BCL2|SLC38A8|GAS6|OAS2|TBC1D20|STAU1|TOP2B|TRIM28|IFI16|IFIH1|DDX3X|YTHDC2|ILF3|RAD23A|ZBED1|SLPI|PLSCR1|CCNK|VAPA|VAPB|CD28|LTF|MAVS|TRIM38|N4BP1|ADAR|PABPC1|ADARB1|TMEM39A|TMEM41B|TNF|AICDA|ISG15|PPIE|PPIH|OAS3|OASL|VCP|PRKN|NOTCH1|PCBP2|PPIA|NR5A2|PPIB|KPNA6|LAMTOR5|ZC3H12A|DDB1|ZFYVE1|STOM|OAS1|PDE12|DEK|RSAD2|RNASEL|CCL2|PHB1|APOBEC3B|APOBEC3D|APOBEC3G|APOBEC3H|TARBP2|TOP2A,https://www.gsea-msigdb.org/gsea/msigdb/human/geneset/GOBP_VIRAL_GENOME_REPLICATION,121,ENR,GOBP_VIRAL_GENOME_REPLICATION,1,1.9305018999999999E-3,GOBP_VIRAL_GENOME_REPLICATION,FALSE,GOBP_VIRAL_GENOME_REPLICATION
20,2.71432976660709,2.71432976660709,2.71432976660709,1,,4.4984730000000001E-2,,TRIM16|CCL3|HK1|RIPK2|TLR6|PYCARD|P2RX7|LILRA2|WNT5A|CLEC7A|LGALS9|S100A13|HAVCR2|AIM2|TYROBP|MEFV|EGR1|HMGB1|NAIP|SMAD3|USP50|MYD88|CARD8|CASP1|TNF|CASP8|NLRC4|STMP1|ISL1|JAK2|NLRP1|NLRP12|NLRP10|CD36|NLRP3|HDAC2|HSPB1|STAT3|PANX1|FZD5|GSDMD|TLR4|TLR8|AGER|LILRA5|IFNG|F2RL1|PYDC1|APP|NLRP2|RELA|SAA1|GBP5|ORM1|IL6|ORM2|AZU1|PANX2|NOD1|PANX3|NOD2|TMED10|CALCA|MALT1|IFI16|CCL19|IL16|IL17A|LPL|INAVA|TMEM106A,https://www.gsea-msigdb.org/gsea/msigdb/human/geneset/GOBP_POSITIVE_REGULATION_OF_INTERLEUKIN_1_PRODUCTION,71,ENR,GOBP_POSITIVE_REGULATION_OF_INTERLEUKIN_1_PRODUCTION,1,0,GOBP_POSITIVE_REGULATION_OF_INTERLEUKIN_1_PRODUCTION,FALSE,GOBP_POSITIVE_REGULATION_OF_INTERLEUKIN_1_PRODUCTION
1,2.71432976660709,2.71432976660709,2.71432976660709,1,,1.0217378E-3,,OSBP|BLOC1S1|PAFAH1B1|PI4K2A|PI4K2B|PIK3C3|PIKFYVE|PIP4K2A|PIP4K2B|RUBCNL|PLA2G3|PLA2G5|ANKFY1|AP1G1|AP3D1|AP3S1|AP3S2|ARFGAP2|ARFGAP3|ARFGEF2|ARL8B|BET1|CIDEB|CLN3|SNCA|CSNK1D|CUL3|SYNJ1|DNM2|EPS15|ATP6V0C|EXOC8|GBF1|GOLPH3|GOLPH3L|GOSR1|GOSR2|INSIG1|KIF13A|KLHL12|MVB12B|LRRK2|UBAP1|MAPK15|MIA3|APOE|MYO18A|CAV1|NKD2|PDCD6|PEF1|PPP6C|PREB|PRKCI|RAB11A|RAB14|RAB1A|RAB29|RAB2A|RAB34|RAB4B|RAB7B|RAB8A|USP50|WASHC4|RUFY1|SAR1A|ALS2|SAR1B|SCAP|SEC13|SEC16A|SEC23A|SEC23B|SEC24A|SEC24B|PLEKHF1|SEC24C|PLEKHF2|SEC24D|SEC31A|SEC31B|RILP|SNAP23|SNX3|SORT1|TGFBRAP1|VPS8|ZFYVE16|STX10|STX17|STX5|STX6|SURF4|TBC1D20|TFG|TMED10|TMED2|TMED9|TRAPPC1|TRAPPC10|TRAPPC11|TRAPPC12|TRAPPC13|TRAPPC2|TRAPPC2B|TRAPPC2L|TRAPPC3|TRAPPC4|TRAPPC5|TRAPPC6A|TRAPPC6B|TRAPPC8|TRAPPC9|USO1|UVRAG|VAMP2|VAMP3|VAMP4|VAPA|VAPB|VPS41|VTI1A|VTI1B|YIPF4|YIPF5|ABCA1|YIPF7|AKTIP|ANXA2|CORO1A|AQP1|FHIP1B|HID1|HOOK1|HOOK2|HOOK3|HPS1|HPS4|LAMTOR1|LAPTM4B|MYO7A|PRKN|RAB20|TBPL1|FBXO5|SRPX|SYT7|TMEM9|VPS11|VPS18|WASHC5|ASIP|ANXA1|SNX10|CD34|P2RX7|CREB1|TYRP1|AP3B1|ATP13A2|BCL2|AQP11|BLOC1S2|C2CD5|CAV2|CHMP4A|CHMP4B|CPLX1|KCNE1|LYST|RAB7A|SCARB2|SDCBP|STX3|TRARG1|NECTIN2|VPS37A|VPS37B|SLAMF1|VPS37C|VPS37D|ZDHHC15|ZDHHC2|ZDHHC20|RAB32|RAB38|RAB3A|VAV3|WASL|ATP6AP1|ATP6AP2|ATP6V0A1|ATP6V0A4|ATP6V0B|C9ORF72|ATP6V0D1|AP3B2|AP3M1|ATP6V1A|AP3M2|ATP6V1B1|ATP6V1B2|BAIAP3|ATP6V1C1|ATP6V1D|CHMP1A|ATP6V1E1|CHMP1B|BLOC1S3|CHMP2A|ATP6V1F|BLOC1S4|CHMP2B|ATP6V1G1|BLOC1S5|CHMP3|ATP6V1G2|CHMP4C|ATP6V1G3|CHMP5|ATP6V1H|CHMP6|CHMP7|CLCN3|BTBD8|SQSTM1|DIAPH3|RNASEK|DNM1|DNM3|DTNBP1|FNBP1L|SLC17A7|GPR143|IRAG2|HGS|ABCB6|ACRBP|AGFG1|AGFG2|ANKRD27|ANXA8|ANXA8L1|AP1B1|AP1M1|AP1S1|AP1S2|AP1S3|AP2M1|MX1|BACE2|MX2|CC2D1A|CCDC136|CCDC38|CCDC42|CHN2|CLTRN|SLC9A8|CORO1C|MVB12A|CPLANE2|CPLX2|CPLX4|CYLC1|DCAF17|RAB27A|DLG4|DNAJC13|SDC1|DOC2A|SDC4|TMEM175|DOC2B|EEA1|SHROOM2|ERC2|SLC2A4|F2R|PDCD6IP|SNAP25|F2RL3|FASLG|GARIN1A|GARIN1B|PLEKHM1|STXBP1|GARIN3|GRIK5|HPS3|HPS5|HPS6|IST1|IZUMO3|RAB39A|KIAA0319L|SYT11|KNL1|SYT4|MICALL2|PDCL2|PFN4|PHETA1|PHETA2|PICALM|PLEKHA3|PLEKHJ1|PLN|BLOC1S6|PMEL|POC1B|PRRT2|PTPRN|RAB22A|RAB5B|RUFY4|RAB5C|RFX2|RNF26|RPH3A|RPH3AL|S100A10|SNAP29|SAMD9|SNAPIN|SEPTIN8|SNF8|SERPINE2|SLC35D3|SNAP47|SNAP91|SNX11|SNX19|SNX33|SOX30|SPACA1|SPHK1|SPG11|SPINK2|SRGN|STX11|STAM|STX16|STAM2|STX19|STX1A|STX12|STX1B|STX2|STX4|STX7|STX8|STXBP6|SYP|SYT1|SYT13|SYT2|SYT3|SYT5|SYT8|TOM1|SYT9|TBC1D4|TMCC1|TMEM127|TMF1|TMPRSS12|TSNARE1|TSG101|UBR4|USP8|VAMP1|VPS13B|ZEB2|ZNF385A|ZPBP|ZPBP2|VAMP8|VIPAS39|VPS16|VPS25|VPS28|VPS33A|VPS33B|VPS36|VPS39|VPS4A|VPS4B|VTA1|ZNRF1|ZNRF2,https://www.gsea-msigdb.org/gsea/msigdb/human/geneset/GOBP_VESICLE_ORGANIZATION,392,ENR,GOBP_VESICLE_ORGANIZATION,1,0,GOBP_VESICLE_ORGANIZATION,FALSE,GOBP_VESICLE_ORGANIZATION
1,2.71432976660709,2.71432976660709,2.71432976660709,1,,5.5992474999999999E-4,,NDFIP1|ADRB2|PCSK9|C9ORF72|ATP6V0D1|ATP6V0D2|AP3M1|CHMP1A|CHMP1B|CHMP2A|CHMP2B|RAB7B|CHMP3|CHMP4C|CHMP5|CHMP6|CHMP7|CLEC16A|SQSTM1|RBSN|ALS2|BIN1|CDX2|DENND3|GNPTG|GPRASP1|EPG5|HGSNAT|HMGXB4|IGF2R|LRP1|PIK3C3|M6PR|MFSD1|DTX3L|MGRN1|MON1A|MON1B|PIK3R4|NCOA4|NDFIP2|PCDHGA3|AP3B1|PLEKHF1|HGS|PLEKHF2|PSAP|RAB12|RHOB|RILP|SCYL2|SLC17A9|SLC30A2|ATP13A2|SLC30A3|LAMP2|SLC30A4|SLC48A1|SNX16|SORL1|SNX27|SORT1|SPTBN5|TGFBRAP1|UEVLD|VPS53|VPS8|ZFYVE16|VPS13D|MVB12A|VPS35|NDP|NEDD4|ANKFY1|CHMP4A|AP1G1|CHMP4B|HSPA1A|AP1G2|HSPA8|PLEKHM1|AP3D1|AP3S1|AP3S2|AP4M1|CLU|ARL8B|ATG14|TRAK1|TRAK2|BECN1|USE1|RUFY4|SMURF1|VPS13A|VPS13C|SNAPIN|SNF8|VPS41|CCDC91|VPS51|VPS52|VTI1A|VTI1B|CLN3|PINK1|LYST|AKTIP|ARSB|STAM|STAM2|NPC1|FHIP1B|GNPTAB|GRN|LIPA|HOOK1|HOOK2|HOOK3|RAB7A|IRGM|TSG101|LYSET|EHD3|VCP|NAGPA|PRKN|UBXN6|SCARB2|TMEM106B|VIPAS39|GAK|VPS16|TPCN2|VPS25|GCC2|VPS11|VPS18|VPS28|GGA3|VPS33A|VPS33B|VPS36|VPS39|VPS4A|VPS4B|VTA1|MTM1|KIF13A|LAMP1|VPS37A|LAPTM5|VPS37B|VPS37C|LEPROT|VPS37D|LEPROTL1|VPS54|MVB12B|PTPN23|TMEM50A|TMEM50B|LRRK2|UBAP1,https://www.gsea-msigdb.org/gsea/msigdb/human/geneset/GOBP_VACUOLAR_TRANSPORT,164,ENR,GOBP_VACUOLAR_TRANSPORT,1,0,GOBP_VACUOLAR_TRANSPORT,FALSE,GOBP_VACUOLAR_TRANSPORT
3,2.2235824346305102,2.2235824346305102,2.2235824346305102,0.99402390399999996,,3.5421617000000002E-2,,TICAM1|HIF1A|HK2|ADRB2|OPTN|AMBRA1|KAT5|ATG101|ATG13|ATP5IF1|ATG16L1|ATG2A|PRKD1|ATG5|ORMDL3|TRIM21|ATF6|EPM2A|BAG3|C9ORF72|CALCOCO2|SESN2|TRIM65|CDC37|CDK5RAP3|CERS1|GSK3A|GSK3B|PRKAA2|FOXO1|HMGB1|SQSTM1|CDK16|DDRGK1|DELE1|EIF2AK1|ELAPOR1|ELAVL1|MID2|PIK3C2A|CAMKK2|FBXO7|PIK3CB|CCNY|FYCO1|DAPK1|DEPDC5|GNAI3|PIP4K2A|GPSM1|PIP4K2B|PLEKHF1|SETD2|DEPTOR|PIP4K2C|HMOX1|PLK3|HSPB8|SLC25A4|SLC25A5|IKBKG|SIRT1|IRGQ|TOMM7|PLK2|LARP1|NPRL2|BAD|NPRL3|LRSAM1|RAB37|RB1CC1|RNF152|MAP3K7|RPGR|VPS13D|TMEM59|TRIM23|BNIP3|WDR45|BNIP3L|NOD1|STING1|WIPI1|NOD2|PAFAH1B2|SVIP|TPCN1|STK11|TRIM8|RALB|RIPK2|BECN1|DCN|RNF31|UVRAG|RUFY4|SCOC|SESN1|SESN3|SMCR8|ENDOG|PARK7|SLC35D3|SNX18|SNX30|PINK1|SNX4|SNX7|MTDH|STUB1|MEFV|SUPT5H|SH3GLB1|HDAC6|TBK1|TOM1|TP53INP1|HUWE1|MAP2K1|RAB3GAP1|TRIM13|RAB3GAP2|SPTLC1|TRIM32|SPTLC2|IRGM|TSC2|UBR4|KDR|UBE2A|PRKN|UFL1|ULK1|XBP1|TFEB|VDAC1|TLR9|TRIM22|GBA1|ZC3H12A|IFNG|USP20|MOAP1|IL4|ROCK1|WAC|WDR24|HTT|MUL1|CSNK2A1|SH3BP4|FOXO3|FLCN|LRRK2|MAPK3|ZDHHC19|PRKAA1|PIM2,https://www.gsea-msigdb.org/gsea/msigdb/human/geneset/GOBP_POSITIVE_REGULATION_OF_AUTOPHAGY,159,ENR,GOBP_POSITIVE_REGULATION_OF_AUTOPHAGY,1,5.9760960000000002E-3,GOBP_POSITIVE_REGULATION_OF_AUTOPHAGY,FALSE,GOBP_POSITIVE_REGULATION_OF_AUTOPHAGY
1,2.71432976660709,2.71432976660709,2.71432976660709,1,,4.774655E-3,,EXOC3|EXOC7|EXOC1|EXOC2|EXOC4|EXOC5|EXOC6|EXOC6B|EXOC8|HGS|VPS25|DNM1L|VPS28|SNF8|VPS36|VPS4A|VPS4B|SPAST|STAM|STAM2|CORO1C|MVB12A|CHMP1A|CHMP1B|SH3GLB1|SLC25A46|CHMP2A|CHMP2B|CHMP3|CHMP4C|VPS37A|CHMP5|VPS37B|CHMP6|VPS37C|CHMP7|VPS37D|MVB12B|CHMP4A|CHMP4B|TMCC1|UBAP1|TSG101|DNM2|DNM1,https://www.gsea-msigdb.org/gsea/msigdb/human/geneset/GOBP_MEMBRANE_FISSION,45,ENR,GOBP_MEMBRANE_FISSION,1,0,GOBP_MEMBRANE_FISSION,FALSE,GOBP_MEMBRANE_FISSION
1,2.2261701131207001,2.2261701131207001,2.2261701131207001,0.99405940579999996,,3.9532997E-2,,ATG14|BECN1|RRAGC|AKT1|CD81|AP3M1|GNPTAB|RAB7A|LAMTOR1|GNPTG|NAGPA|PIK3C3|M6PR|MFSD1|SCARB2|PIK3R4|NCOA4|AP3B1|HGS|GCC2|LAMTOR5|GGA3|ATP13A2|LAMP2|VPS4A|SNX16|SORL1|SORT1|RTN4|GLMP|VPS53|GPR137B|KICS2|ZFYVE16|KPTN|LAMTOR4|LMBRD1|MEAK7|RNF128|RRAGA|SH3BP4|NDP|NEDD4|SZT2|LAPTM5|VPS54|ROCK2|HSPA8|AP3D1|AP4M1|CLU,https://www.gsea-msigdb.org/gsea/msigdb/human/geneset/GOBP_PROTEIN_LOCALIZATION_TO_LYSOSOME,51,ENR,GOBP_PROTEIN_LOCALIZATION_TO_LYSOSOME,1,5.9405941999999996E-3,GOBP_PROTEIN_LOCALIZATION_TO_LYSOSOME,FALSE,GOBP_PROTEIN_LOCALIZATION_TO_LYSOSOME
23,1.81207737617662,1.81207737617662,1.81207737617662,0.98458574200000004,,7.1385324E-2,,UBR2|HIF1A|SAMTOR|ATM|CRYBA1|ITFG2|PDCD6|SESN1|SESN3|ENDOG|RNF167|EPM2A|PRKACB|SESN2|GSK3A|GSK3B|PRKAA2|NPC1|PELI1|TBK1|FNIP1|RPS6KB1|UBE2D1|YWHAZ|TMEM127|TSC1|SAR1A|TSC2|SAR1B|UBE2W|UBE3A|ATXN3|UBR1|AKT1S1|BMAL1|SEC13|CASTOR1|CASTOR2|PREX1|TBC1D7|DEPDC5|DEPTOR|MINAR1|MIOS|PREX2|USP7|SIRT1|RPS6KA1|SPAAR|NLK|NPRL2|YWHAG|NPRL3|MTM1|WDR24|TNFAIP8L1|KICS2|OTUD7B|WDR59|KPTN|RNF152|SH3BP4|SZT2|DDIT4|VHL|PRKACA|UBE2N|FLCN|STK11|MAPK3|MAPKAPK5|PRKAA1|SEH1L,https://www.gsea-msigdb.org/gsea/msigdb/human/geneset/GOBP_NEGATIVE_REGULATION_OF_TOR_SIGNALING,73,ENR,GOBP_NEGATIVE_REGULATION_OF_TOR_SIGNALING,1,1.5414258E-2,GOBP_NEGATIVE_REGULATION_OF_TOR_SIGNALING,FALSE,GOBP_NEGATIVE_REGULATION_OF_TOR_SIGNALING
2,2.71432976660709,2.71432976660709,2.71432976660709,1,,9.6162880000000006E-3,,NEK2|HSPA1B|NSMCE2|ARHGEF10|CENPC|CENPE|CCDC61|CENPF|RAN|CENPI|PINX1|CDK5RAP2|CENPK|CCNB1|CDK1|KIF14|CEP192|DLGAP5|SMARCA5|SMC3|KIF11|KIF15|KIF25|MAP9|NDC80|NUP62|OFD1|PPP1CC|WAPL|PRICKLE1|SPICE1|KNTC1|MIS12|CHMP4A|CHMP4B|RB1|SEH1L|LATS1|LSM14A|RHOA|UBE2C|CUL3|DYNC1LI1|USP44|ABRAXAS1|ACTB|ACTL6A|ACTL6B|ARID1A|ARID1B|ARID2|GOLGA2|RIPOR2|BCL7A|BCL7B|BCL7C|BRD7|BAZ1B|BIRC5|BUB1B|KATNB1|BUB3|CDCA8|DPF1|DPF2|ESPL1|DPF3|HASPIN|HECW2|INCENP|LCMT1|MAD2L1|NEK6|AKAP8L|NUF2|PSMG2|RIOK2|MAPK15|SPC24|SPC25|SPDL1|TACC3|TEX14|TTK|ZNF207|TENT4A|ZWILCH|ZWINT|AAAS|POLDIP2|ABRAXAS2|AKAP8|INO80|ANKRD53|AURKC|BCCIP|KAT5|BOD1|CCDC66|KMT5A|CCSAP|MAD2L2|RAB11A|CEP55|CEP97|CHAMP1|DIS3L2|DRG1|EML3|EML4|CHEK2|CHMP1A|CHMP1B|CHMP2A|FLNA|PBRM1|CHMP2B|CHMP3|CHMP4C|PHF10|CHMP5|CHMP6|KIF18A|PLK1|CHMP7|KIF18B|KIF22|KIF23|RANGRF|KIF2A|KIF2C|KIF4A|KIF4B|KIFC1|CLASP1|KNSTRN|CLASP2|KPNB1|KLHL22|DCTN2|MAP10|CDCA5|MAPRE1|RMI2|PPP2R1A|MISP|MAP3K20|MYBL2|MZT1|NSL1|KIF3B|NUDC|GEN1|NUSAP1|SIRT1|PHF13|SMARCA2|SMARCA4|PRC1|SMARCB1|PSRC1|SMARCC1|SMARCC2|SMARCD1|SMARCD2|RACGAP1|SMARCD3|SMARCE1|RCC1|RMDN1|RRS1|SKA2|SMC1A|SPAG5|NIPBL|STAG1|STAG2|TOP2B|HNRNPU|PDCD6IP|HSPA1A|RAD21|IK|TPX2|TTN|TUBG1|KNL1|TUBG2|KAT2B|WRAP73|ATM|BECN1|BUB1|AURKB|MAD1L1|MAD2L1BP|NCAPD2|NCAPD3|NCAPG|NCAPG2|NCAPH|NCAPH2|NUMA1|SKA1|TRIP13|SKA3|UHRF1|SMC2|SMC4|XRCC3|TPR|CDC6|ZW10|CDT1|ANAPC1|ANAPC11|ANAPC15|ANAPC2|ANAPC4|ANAPC5|ANAPC7|APC|DUSP1|CDC16|CDC20|FBXO5|PRP4K|CDC23|CDC27|CHFR|VPS4A|VPS4B|PRAP1|PIBF1|TOP2A,https://www.gsea-msigdb.org/gsea/msigdb/human/geneset/GOBP_SISTER_CHROMATID_SEGREGATION,235,ENR,GOBP_SISTER_CHROMATID_SEGREGATION,1,0,GOBP_SISTER_CHROMATID_SEGREGATION,FALSE,GOBP_SISTER_CHROMATID_SEGREGATION
25,2.71432976660709,2.71432976660709,2.71432976660709,1,,6.0901453E-4,,CCAR2|KAT7|CDK12|CDK13|PPP1R10|SIRT6|RECQL5|RNF168|RNF8|PPP1CA|TCERG1|HNRNPU|LARP7|AXIN1|BRD4|BTBD18|CCNK|CCNT1|CCNT2|EAF1|EAF2|EAPP|ELL|ELL2|ELL3|ELOA2|EZH2|GTF2F1|NCBP1|NCBP2|HEXIM1|HMGN1|INTS1|INTS10|SUPT5H|ZNF326|INTS11|INTS12|INTS13|INTS14|CTNNB1|INTS2|INTS3|INTS4|INTS5|INTS6|INTS7|INTS8|INTS9|LDB1|MAP2K1|MED1|MED10|MED11|MED14|MED15|CDC73|MED16|CDK9|MED17|MED18|MED19|MED20|PARP1|MED21|MED22|MED23|MED24|MED25|MED26|MED27|MED28|MED29|MED30|MED31|MED4|MED6|MED7|MED8|MED9|NELFA|NELFB|NELFCD|NELFE|LEO1|PWWP2A|PWWP2B|SCAF8|SETD5|SHH|SUPT16H|SUPT4H1|TCEA2|TOX4|TSFM|VHL|WDR43|WDR82|ZC3H4|ZMYND11|ZMYND8|ERCC6,https://www.gsea-msigdb.org/gsea/msigdb/human/geneset/GOBP_REGULATION_OF_DNA_TEMPLATED_TRANSCRIPTION_ELONGATION,102,ENR,GOBP_REGULATION_OF_DNA_TEMPLATED_TRANSCRIPTION_ELONGATION,1,0,GOBP_REGULATION_OF_DNA_TEMPLATED_TRANSCRIPTION_ELONGATION,FALSE,GOBP_REGULATION_OF_DNA_TEMPLATED_TRANSCRIPTION_ELONGATION
2,2.0025979742923501,2.0025979742923501,2.0025979742923501,0.99005964199999996,,6.3114844000000003E-2,,DLG1|AKT1|CCDC57|BID|PAFAH1B1|CDK5RAP2|CCNB1|CDK1|PDGFB|APPL1|APPL2|PKD1|IGF1|IGF2|INS|INSR|NDC80|CYLD|NUP62|PKD2|MSH2|SASS6|STIL|GIGYF2|TP53|RRM2|PLCB1|CYP1A1|BRD4|NOP53|PTEN|ERCC3|EZH2|INTS13|PRKCA|INTS3|TNF|SMPD3|CUL3|DYNC1LI1|ABL1|ABRAXAS1|ACTB|PIM1|ACTL6A|ACTL6B|RBM46|GAS1|GBF1|ARID1A|RNASEH2B|ARID1B|ARID2|ATR|PTPN6|BABAM1|BABAM2|BCL7A|BCL7B|BCL7C|BRCA1|BRCC3|BRD7|CHEK1|CUL4A|BIRC5|BUB1B|BUB3|CDCA8|DPF1|DPF2|ESPL1|DPF3|EGFR|HASPIN|TREX1|ZC3H12D|HECW2|INCENP|LCMT1|ZFP36L2|MAD2L1|NEK6|NUF2|SIN3A|PSMG2|SIRT2|RIOK2|SPC24|SPC25|FGF10|SPDL1|STAT5A|TEX14|FOXM1|TTK|ZNF207|ZWILCH|ZWINT|BTN2A2|INO80|GPNMB|CCNE1|CCNE2|MAD2L2|CDCA2|RAB11A|MRE11|MRNIP|NBN|TTLL12|ACVR1|ADAMTS1|ANLN|AVEN|PBRM1|CCND2|CCND3|HDAC3|PHF10|PTPN11|CDC14A|CDC14C|PLK1|CDC25B|PML|SIK1|CDC25C|CDK10|YWHAE|RINT1|CDK2AP2|CDK3|PRKDC|BRCA2|CDK6|RAD50|CDKN1C|CDKN2B|CDKN2C|KLHL22|CDKN2D|CDCA5|CLSPN|CRLF3|CTDSPL|CUL4B|ECD|DACT1|DCUN1D3|MKI67|DDR2|RPA2|DONSON|EME1|EME2|ETAA1|FAM107A|FHL1|FOXN3|FOXO4|SHB|FANCD2|GFI1B|SETMAR|GPR132|GEN1|HEXIM2|NUSAP1|HSPA2|SIRT1|ID2|KANK2|KCNA5|KCNH5|SMARCA2|HUS1|KLF11|SMARCA4|HUS1B|MARK3|SMARCB1|MDC1|SMARCC1|INIP|MEPCE|SMARCC2|MIIP|SMARCD1|SMARCD2|SMARCD3|MTA3|SMARCE1|MTBP|RCC1|MUC1|RCC2|MYO16|NAE1|MEIOC|NEK11|ORC1|MUS81|OVOL1|NABP1|PBX1|PDIK1L|PKIA|PKMYT1|PLK5|PRMT2|PSME1|PSME2|PSME3|HNRNPU|RAD9A|RAD9B|RBL1|RAD21|RBL2|UIMC1|IK|RPS27L|RAD51B|RAD51C|TTL|STK33|STK35|RBBP8|TAOK1|TAOK3|RFWD3|TM4SF5|TMEM14B|ANKRD17|TMOD3|RPA3|TPRA1|ATAD5|LSM10|UBD|UBE2E2|AURKB|KMT2E|BCL6|XPC|BLM|ZFYVE19|ZNF655|TOPBP1|TRIP13|DRD3|XRCC3|CD28|DUSP3|CDC25A|CDC6|CDC7|CDK2|CDKN1A|ZW10|CDKN1B|ANAPC1|ANAPC10|ANAPC11|CKS2|ANAPC13|ANAPC15|EIF4EBP1|ANAPC16|CTC1|ANAPC2|CTNNB1|ANAPC4|ANAPC5|ANAPC7|DBF4B|HES1|MASTL|APC|ASAH2|RPS6KB1|PLRG1|DUSP1|E2F7|NME6|PTPN3|ERCC2|MBTPS1|PPP1R9B|EREG|TGFB1|CDC16|PRMT5|CDC20|FBXO5|PRP4K|CDC23|FGFR1|CDC26|CDC27|CHFR|GMNN|TRIM35|GTPBP4|ADAM17|DDB1|AIF1|E4F1|DTL|APP|ANXA1|IL10|PRAP1|JADE1|KLF4|FBXO31|MCIDAS|CCL2|FBXW5|BMP4|NABP2|FOXA1|FZR1|NEK2|NEK7|IER3|NPM2|NSMCE2|FZD3|SDE2|CENPE|CENPF|PDGFRB|CDC42|PINX1|KIF14|PPP1R10|PPP2CA|RAD17|KLHL18|DLGAP5|NKX3-1|RGCC|SENP2|SH2B1|RPTOR|SLFN11|BRINP1|SMOC2|MAEA|ASCL1|ASNS|BRINP2|MDM2|BRINP3|BTG3|CKS1B|TFDP1|DYNLT3|TICRR|FOXC1|FOXG1|PABIR1|TIPIN|HECA|MEIS2|NEK9|PIM3|PTCH1|RNF40|TOM1L1|RPRM|PLK3|THAP1|TMEM8B|EDN3|TTC28|ATF2|PKN2|WEE1|AURKA|ZMPSTE24|BCL2|SYF2|KNTC1|TFAP4|CAV2|RB1|USP2|YTHDC2|IL1B|RFPL1|E2F1|USP22|EDN1|RNF20|WNT10B|LGMN|ZNF830|TRIM39|UBE2C|ANGEL2|BARD1|CDC73|CDK9|RDX|CPSF3|AATF|SCRIB|USP44|SDCBP|HSF1|LSM11|MBLAC1|CDKN2A|TAOK2|NLE1|BMP7|BORA|CCDC8|CUL7|CUL9|CDC14B|DAPK3|PIN1|DMRT1|CTDSP1|EGF|CTDSP2|EPGN|STAT5B|FBXO43|FGF8|HOXA13|PIM2|KIF20B|L3MBTL1|LRP5|OBSL1|PHIP|POLDIP2|TGFA|TOM1L2|AMBRA1|ZFP36L1|IQGAP1|PDXP|RRM1|RRM2B|CCND1|CCNH|CDK4|CDK7|CDK5RAP3|CHEK2|CHMP4C|BRSK1|EIF4G1|STOX1|TERT|MNAT1|FBXO7|MAP3K20|MBTPS2|NFE2L1|BTC|EIF4E|TP73|TRIAP1|AURKAIP1|DDX3X|KNL1|ATM|BUB1|MAD1L1|MAD2L1BP|SKA1|SKA3|TAL1|TPR|AFAP1L2|SPHK1|DGKZ|INHBA|IL1A|VPS4A|VPS4B|WAC|ZNF268|CACNB4|NHERF1|TCF3,https://www.gsea-msigdb.org/gsea/msigdb/human/geneset/GOBP_REGULATION_OF_MITOTIC_CELL_CYCLE,493,ENR,GOBP_REGULATION_OF_MITOTIC_CELL_CYCLE,1,9.9403579999999998E-3,GOBP_REGULATION_OF_MITOTIC_CELL_CYCLE,FALSE,GOBP_REGULATION_OF_MITOTIC_CELL_CYCLE
18,2.09604055776978,2.09604055776978,2.09604055776978,0.99198396799999999,,8.7926134000000003E-2,,ARFGEF2|ARFRP1|ARL3|NSF|OPTN|ATP2C1|OSBPL5|BBS1|BBS2|VAMP2|PHAF1|VAMP3|VAMP4|PKDCC|VAMP5|BLZF1|PREPL|VPS35L|CCDC22|RAB10|CCDC93|RAB11A|RAB11FIP3|RAB13|CLN3|CNST|RAB26|RAB31|RAB34|RAB3IP|COMMD1|RABEP1|RACK1|CSK|RSC1A1|SEC16A|EXOC1|EXOC2|EXOC4|EXOC5|EXOC6|EXOC6B|EXOC8|GCC2|GGA1|GGA2|GGA3|GOLGA4|GOLGA7|GOLPH3|GOLPH3L|GOPC|SPTBN1|STEAP2|STXBP5|KIF13A|STXBP5L|SYS1|KRT18|ACSL3|AMN|LLGL1|LLGL2|ANK3|ANXA13|LYPLA1|LYPLAL1|MACF1,https://www.gsea-msigdb.org/gsea/msigdb/human/geneset/GOBP_GOLGI_TO_PLASMA_MEMBRANE_TRANSPORT,68,ENR,GOBP_GOLGI_TO_PLASMA_MEMBRANE_TRANSPORT,1,8.0160319999999993E-3,GOBP_GOLGI_TO_PLASMA_MEMBRANE_TRANSPORT,FALSE,GOBP_GOLGI_TO_PLASMA_MEMBRANE_TRANSPORT
31,2.6857417323049901,2.6857417323049901,2.6857417323049901,0.99793814430000005,,1.5279015E-2,,IRF3|ITPK1|CAV1|ITCH|RNF31|CFLAR|OGT|NUPR1|ATG9A|ATG9B|PPIF|FZD9|ARHGEF2|NOL3|BIRC2|BIRC3|PELI1|TNF|CASP6|CASP8|NINJ1|ZBP1|TSPO|NLRP6|MLKL|PARP1|PRKN|TLR3|AIFM1|MAP3K5|ALKBH7|CYLD|ASAH1|ADPRS|SLC25A4|FAS|MUTYH|TRPM7|RIPK3|FADD|BAX|PYGL|SPATA2|TP53|IPMK|BOK|YBX3|FASLG|RBCK1|RIPK1|TRAF2|PGAM5,https://www.gsea-msigdb.org/gsea/msigdb/human/geneset/GOBP_PROGRAMMED_NECROTIC_CELL_DEATH,52,ENR,GOBP_PROGRAMMED_NECROTIC_CELL_DEATH,1,2.0618556999999998E-3,GOBP_PROGRAMMED_NECROTIC_CELL_DEATH,FALSE,GOBP_PROGRAMMED_NECROTIC_CELL_DEATH
7,2.3996736936861902,2.3996736936861902,2.3996736936861902,0.99601593600000005,,2.7224706000000001E-2,,NEK7|AKT1|HSPA1B|OGT|CD300A|NR1H3|NR1H4|P2RX7|ABHD17A|ACOD1|AIM2|ALPK1|APPL1|APPL2|SFPQ|ARRB2|PPP2CA|ATAT1|BANF1|BCL10|BIRC2|BIRC3|BPIFB1|HMGB1|BTK|CARD8|CASP1|CASP6|CCDC134|SRC|CD300LF|CD36|CHUK|NR1D1|CLEC4E|CLEC6A|CLPB|COLEC10|COLEC11|COLEC12|CPTP|CSNK1A1|CTSS|CYBA|NAGK|CYLD|AP3B1|DAB2IP|DDX60|DHX33|DHX58|EIF2AK2|ERBIN|ESR1|F2RL1|XRCC5|FBXL2|FCN1|FCN2|FCN3|FCRL3|FFAR2|FLOT1|FLOT2|FOSL1|GBP2|GBP5|GFI1|GKN2|GPATCH3|GPR108|PPT1|GPS2|GRAMD4|HCFC2|HSP90B1|HCK|IFI16|IFI35|IFIH1|IKBKB|IKBKE|INAVA|PLCG2|IPO5|IRAK1|IRAK2|IRAK3|IRF1|IRF3|IRF4|IRAK4|IRF5|IRF7|FYN|ITCH|GDI1|KCNJ8|KCNK13|KCNK6|KLRC1|KLRC2|KLRC3|KLRC4|KLRD1|LACC1|NOP53|ECSIT|LATS1|LATS2|LGR4|LILRA2|KLRC4-KLRK1|LILRA4|KLRK1|LRCH4|LBP|LRRC14|LGALS9|LRRC19|LSM14A|LTF|LY96|LYN|MAP2K6|MAPKAPK2|MAPKAPK3|MARK4|MATR3|HEXIM1|MAVS|MBL2|MEFV|MFHAS1|HDAC6|MNDA|NAIP|PAK1|MYD88|NFKBIA|TNF|HSPD1|NFKBIL1|NLRC3|NLRC4|NINJ1|SMPDL3A|NLRP1|SMPDL3B|NLRP10|NLRP2B|IRGM|NLRP3|NLRX1|NMI|NPLOC4|OAS3|OASL|RFTN1|OTUD4|OTULIN|PAK2|PAK3|MARCHF5|PCBP2|PDPK1|PIK3AP1|PJA2|PRKCE|PSPC1|PTPRS|PUM1|PYDC1|PYDC5|PYHIN1|RAB11FIP2|RTN4|BRCC3|S100A14|REG3G|RELA|S100A8|OAS1|RIGI|S100A9|RIOK3|CGAS|RNF115|RNF125|CREBBP|RNF135|RNF144A|RNF170|USP15|PUM2|RNF34|RNF39|RPS6KA3|RSAD2|SARM1|SCARA3|SCIMP|TREX1|SEC14L1|ZDHHC1|ZDHHC12|SIN3A|LYPLAL1|SIRT2|SLC19A1|ZDHHC18|SLC46A2|PHB1|SPSB3|SYK|TAB1|TARBP2|TAX1BP1|ZDHHC3|TICAM1|TICAM2|CAV1|TIFA|ZDHHC9|C1QBP|TIFAB|TIRAP|TKFC|CACTIN|TLR1|TLR10|TLR2|TLR5|TLR6|PYCARD|TNFAIP3|TNIP1|TNIP2|TNIP3|TRAF3|PPP6C|TRAF3IP3|TREML4|TRIL|PRKD1|TRIM11|TRIM15|TRIM25|TRIM3|TRIM31|TRIM5|TRIM65|TSPAN6|TYRO3|TYROBP|UFD1|UNC93B1|RAB7B|PELI1|USP50|WASHC4|WDFY1|XIAP|SQSTM1|YWHAE|STMP1|DDX41|ZBP1|ZC3HAV1|ZCCHC3|PRKDC|ZDHHC5|ZNFX1|PHB2|ELP6|EPG5|SLC15A2|SLC15A3|SLC15A4|TMEM126A|TOMM70|LAMP2|MAP3K7|MAPK8|NOD1|STING1|NOD2|AARS2|HSPA1A|ABHD8|HSPA8|DDX3X|ANKRD17|RIPK2|BECN1|AURKB|CD14|CD274|CLEC7A|XRCC6|HAVCR2|NONO|TBK1|LETMD1|PIK3R1|TRAF6|TRIM32|NLRP6|PARP1|UBQLN1|NAGLU|PQBP1|PTPN22|TREM2|TASL|TLR3|TLR4|TLR7|TLR8|TLR9|APP|ZNRF1|HSP90AA1|RBM14|NFKBIZ|EP300,https://www.gsea-msigdb.org/gsea/msigdb/human/geneset/GOBP_ACTIVATION_OF_INNATE_IMMUNE_RESPONSE,326,ENR,GOBP_ACTIVATION_OF_INNATE_IMMUNE_RESPONSE,1,3.9840639999999998E-3,GOBP_ACTIVATION_OF_INNATE_IMMUNE_RESPONSE,FALSE,GOBP_ACTIVATION_OF_INNATE_IMMUNE_RESPONSE
1,1.6249692894668399,1.6249692894668399,1.6249692894668399,0.97628458600000001,,8.8043730000000001E-2,,PREPL|RAB14|RAB29|BAIAP3|RAB41|RAB4B|RAB6A|RAB6B|RAB6C|RAB6D|RAB7B|RBSN|RUFY1|DCTN1|RNF126|PIKFYVE|KIF1A|PIP4K2A|KIF1B|SRSF10|KIF5A|KIF5B|SGSM2|USP7|SNX1|SNX12|SNX2|SNX3|SNX8|MAP2|SORL1|SORT1|AP1S1|VPS53|STX10|STX5|STX6|VPS35|SURF4|PPFIA2|SYS1|TBC1D14|WIPI1|ANKFY1|AP1AR|AP1G1|AP2A1|TMED9|SYBU|TRAPPC10|AP4M1|AP5Z1|SYT4|TANC2|TBC1D23|PHETA1|ARFRP1|PHETA2|ARL8B|PLEKHA3|PLEKHJ1|TRIM46|ATP9A|VAMP3|BET1L|BLTP3B|VPS13A|VPS13C|CCDC91|VPS51|VPS52|VTI1A|SNX32|VTI1B|CLN3|SNX5|SNX6|YKT6|STX16|ARFIP1|CLN5|ARL1|TBC1D5|CLTC|CORO7|CLTCL1|DENND2A|RAB7A|DENND5A|DOP1A|DOP1B|EIPR1|EHD3|EPS15|PRKN|ERC1|EVI5|HEATR5A|HEATR5B|SYT7|MAGEL2|ACTR2|GAK|TRIM27|GBF1|TPCN2|GCC2|VPS26A|GGA1|VPS26B|CES1|RAB9A|RAB9B|RCSD1|RGP1|RHOBTB3|GOLT1A|RIC1|GOLT1B|SLC66A2|GOSR1|SPAG9|TBC1D10A|TBC1D10B|TBC1D10C|TBC1D17|TMEM87A|TMEM87B|UBE2O|KIF16B|KIF1C|VPS29|VPS50|KLHL20|WASHC1|WASHC2A|LAMP1|WASHC2C|LAPTM5|WIPF3|LMAN1|VPS54|LRRK2|MON2,https://www.gsea-msigdb.org/gsea/msigdb/human/geneset/GOBP_CYTOSOLIC_TRANSPORT,144,ENR,GOBP_CYTOSOLIC_TRANSPORT,1,2.3715414000000001E-2,GOBP_CYTOSOLIC_TRANSPORT,FALSE,GOBP_CYTOSOLIC_TRANSPORT
18,2.21748394855685,2.21748394855685,2.21748394855685,0.99393939399999998,,5.5666840000000002E-2,,MTMR4|SNX17|ATP9A|VAMP4|GRIP1|GRIP2|GRIPAP1|VPS35L|CCDC22|SNF8|VPS51|CCDC93|RAB11A|VPS52|ATP6AP1|RAB11FIP3|SNX30|VTI1A|RAB13|RAB14|SNX4|LRRC7|SNX7|ACAP2|MICALL1|ACTN2|ANKRD50|STX16|COMMD1|ARF6|STX12|ARHGAP1|ARHGAP8|ARL4C|RAB8A|BLTP1|NSG1|CMTM6|DENND1A|RAB11B|DENND1B|DENND1C|RAB7A|RAB8B|EHD1|EHD2|EHD4|VPS13B|EIPR1|EHD3|ENTR1|EPG5|EPS15|SCARB2|LMTK2|SCRIB|NDRG4|HGS|RAB11FIP4|RAB12|VPS26A|RAB35|GGA3|SNX12|ANKRD27|SNX3|VPS39|SORL1|SNX27|SNX31|VPS53|AKAP5|PLA2G3|INPP5F|ARHGAP44|STX6|VPS35|PLA2G4E|VPS26C|VPS29|RAB17|VPS50|TRARG1|WASHC1|WASHC2C|WIPF3|PTPN23|ZDHHC2|MICALL2,https://www.gsea-msigdb.org/gsea/msigdb/human/geneset/GOBP_ENDOCYTIC_RECYCLING,89,ENR,GOBP_ENDOCYTIC_RECYCLING,1,6.0606059999999996E-3,GOBP_ENDOCYTIC_RECYCLING,FALSE,GOBP_ENDOCYTIC_RECYCLING
4,2.71432976660709,2.71432976660709,2.71432976660709,1,,0,,NRBP1|P4HB|PDCD6|PEF1|PGAP1|PPP6C|PREB|RAB1A|RAB1B|RAB29|RAB2A|RABGGTA|RABGGTB|RANGRF|RINT1|RNF139|SAR1A|SAR1B|SCAP|SCFD1|SEC13|SEC16A|SEC16B|SEC22A|SEC22B|SEC22C|SEC23A|SEC23B|SEC23IP|SEC24A|SEC24B|SEC24C|SEC24D|SEC31A|SEC31B|SORL1|SPAST|STEEP1|STX17|STX18|STX5|SURF4|TBC1D20|TEX261|TFG|TMED1|ANK1|TMED10|TMED2|TMED3|TMED4|TMED5|TMED6|TMED7|TMED9|TRAPPC1|TRAPPC10|TRAPPC11|TRAPPC12|ARCN1|TRAPPC13|TRAPPC2|ARF4|TRAPPC2B|TRAPPC2L|TRAPPC3|TRAPPC3L|TRAPPC4|TRAPPC5|TRAPPC6A|TRAPPC6B|ATL2|TRAPPC8|ATL3|TRAPPC9|TRIP11|USE1|USO1|BCAP29|BCAP31|BET1|VAPA|VAPB|VTI1A|CIDEB|WHAMM|CNIH4|YIF1A|YIF1B|YIPF4|YIPF5|COG3|YIPF6|YIPF7|YKT6|ZW10|COPA|COPB1|COPB2|COPE|COPG1|COPG2|CREB3L2|CRYZL2P-SEC16B|CSNK1D|CTAGE1|CTAGE15|CTAGE4|CTAGE6|CTAGE8|CTAGE9|CUL3|VCP|ERGIC1|ERGIC2|ERGIC3|ERO1B|GAS1|GBF1|GOLGA2|GOLT1A|GOLT1B|GOPC|GOSR1|GOSR2|HYOU1|IER3IP1|INSIG1|KLHL12|LMAN1|LMAN1L|LMAN2|LMAN2L|LMF1|LRRK2|MAPK15|MIA2|MIA3|MPPE1,https://www.gsea-msigdb.org/gsea/msigdb/human/geneset/GOBP_ENDOPLASMIC_RETICULUM_TO_GOLGI_VESICLE_MEDIATED_TRANSPORT,139,ENR,GOBP_ENDOPLASMIC_RETICULUM_TO_GOLGI_VESICLE_MEDIATED_TRANSPORT,1,0,GOBP_ENDOPLASMIC_RETICULUM_TO_GOLGI_VESICLE_MEDIATED_TRANSPORT,FALSE,GOBP_ENDOPLASMIC_RETICULUM_TO_GOLGI_VESICLE_MEDIATED_TRANSPORT
33,1.7332864473841101,1.7332864473841101,1.7332864473841101,0.98151950700000001,,6.1937859999999997E-2,,OTULIN|NWD1|UFL1|RWDD3|TCEAL7|CACTIN|TMIGD3|FOXP3|CYLD|MTURN|PSMD10|PYCARD|BCL3|PARP10|TRAF3|USP7|SIRT1|CHP1|CYP1B1|PKHD1|ERBIN|TRIM21|PYDC1|LRRC14|ACOD1|HAVCR2|AIM2|TRIM40|CMKLR1|SETD6|CDK5RAP3|ARRB2|COMMD1|GFI1|TRIM37|PRMT2|NFKBIA|NFKBIL1|NLRC3|RBCK1|NLRC5|ARRB1|NLRP2B|ADORA3|BRMS1|CHUK|COMMD6|COMMD7,https://www.gsea-msigdb.org/gsea/msigdb/human/geneset/GOBP_NEGATIVE_REGULATION_OF_NF_KAPPAB_TRANSCRIPTION_FACTOR_ACTIVITY,48,ENR,GOBP_NEGATIVE_REGULATION_OF_NF_KAPPAB_TRANSCRIPTION_FACTOR_ACTIVITY,1,1.8480493000000001E-2,GOBP_NEGATIVE_REGULATION_OF_NF_KAPPAB_TRANSCRIPTION_FACTOR_ACTIVITY,FALSE,GOBP_NEGATIVE_REGULATION_OF_NF_KAPPAB_TRANSCRIPTION_FACTOR_ACTIVITY
7,2.3918169377278198,2.3918169377278198,2.3918169377278198,0.995943205,,2.5530690000000002E-2,,NEK7|AKT1|HSPA1B|OGT|NR1H4|P2RX7|ABHD17A|ALPK1|PPP2CA|ATAT1|BANF1|BIRC2|BIRC3|HMGB1|BTK|CARD8|SRC|CD36|CLPB|COLEC12|CPTP|CSNK1A1|NAGK|CYLD|DDX60|DHX33|DHX58|EIF2AK2|ERBIN|F2RL1|FBXL2|FCRL3|FLOT1|FLOT2|GBP2|GBP5|GKN2|GPATCH3|PPT1|GRAMD4|HCFC2|IFI16|IFIH1|IKBKB|INAVA|PLCG2|IPO5|IRAK1|IRF3|IRAK4|IRF5|IRF7|ITCH|KCNJ8|KCNK13|KCNK6|LACC1|NOP53|LATS1|LATS2|LILRA4|LSM14A|MAP2K6|MARK4|MAVS|MEFV|HDAC6|MYD88|NFKBIA|TNF|NLRC3|SMPDL3A|NLRP1|NLRP2B|IRGM|NLRP3|NLRX1|NPLOC4|OAS3|OASL|RFTN1|OTULIN|MARCHF5|PCBP2|PIK3AP1|PTPRS|PUM1|PYDC1|PYDC5|RTN4|BRCC3|RELA|OAS1|RIGI|RIOK3|CGAS|RNF125|RNF135|RNF170|USP15|PUM2|RNF34|RNF39|RSAD2|SCARA3|SCIMP|TREX1|SEC14L1|ZDHHC1|ZDHHC12|LYPLAL1|SIRT2|SLC19A1|ZDHHC18|SLC46A2|PHB1|SPSB3|TAB1|TARBP2|TAX1BP1|ZDHHC3|TICAM1|CAV1|TIFA|ZDHHC9|C1QBP|TIRAP|TKFC|TLR6|PYCARD|TNFAIP3|TNIP2|PPP6C|TRAF3IP3|TREML4|PRKD1|TRIM11|TRIM15|TRIM25|TRIM3|TRIM31|TRIM65|TSPAN6|UFD1|UNC93B1|RAB7B|PELI1|USP50|WASHC4|WDFY1|XIAP|YWHAE|STMP1|DDX41|ZC3HAV1|ZCCHC3|PRKDC|ZDHHC5|PHB2|ELP6|EPG5|SLC15A2|SLC15A3|SLC15A4|LAMP2|MAP3K7|MAPK8|NOD1|STING1|NOD2|AARS2|HSPA1A|ABHD8|HSPA8|DDX3X|ANKRD17|RIPK2|BECN1|AURKB|HAVCR2|TBK1|TRAF6|NLRP6|PARP1|UBQLN1|PTPN22|TREM2|TASL|TLR3|TLR4|TLR7|TLR8|TLR9,https://www.gsea-msigdb.org/gsea/msigdb/human/geneset/GOBP_CYTOPLASMIC_PATTERN_RECOGNITION_RECEPTOR_SIGNALING_PATHWAY,193,ENR,GOBP_CYTOPLASMIC_PATTERN_RECOGNITION_RECEPTOR_SIGNALING_PATHWAY,1,4.0567950000000002E-3,GOBP_CYTOPLASMIC_PATTERN_RECOGNITION_RECEPTOR_SIGNALING_PATHWAY,FALSE,GOBP_CYTOPLASMIC_PATTERN_RECOGNITION_RECEPTOR_SIGNALING_PATHWAY
10,1.72699872793626,1.72699872793626,1.72699872793626,0.98124999999999996,,7.2760426000000003E-2,,FHIT|FOXF2|FZR1|GIPC1|GLMN|GNA12|HECTD1|AKT1|HSPA1B|HSP90AB1|HSPBP1|OGT|NUDT15|EPM2A|CBFA2T3|KEAP1|NEURL3|GSK3A|PKD1|GSK3B|PSEN1|SIRT6|KLHL40|UBB|LAMP3|MAP1A|MAPK9|MDM2|NUB1|PABIR1|PABPN1L|CSNK1A1|PANO1|PAQR3|DAB2IP|PHF20L1|PLK3|USP7|PRICKLE1|AURKA|AQP11|BAG6|PSMC1|TAF9|PSMC2|CAMLG|PSMC3|PSMC4|PSMC5|PIAS1|PSMC6|PSMF1|CLU|RAD23A|RAD23B|RCHY1|RFPL1|IL33|ALAD|RNF180|TAF1|RPL11|RYBP|AXIN1|SENP1|SH3RF1|SH3RF2|BCAP31|SH3RF3|TF|NOP53|NUPR1|SOCS4|ECSCR|PARK7|WNT10B|ELOB|PINK1|STYX|SUMO1|SUMO2|TLK2|GCLC|TRIB1|COMMD1|TRIB2|TRIB3|GPX1|TRIM39|N4BP1|NFE2L2|CSNK1D|DAB2|TTC36|VCP|UBXN1|USP14|USP26|XBP1|USP9X|GABARAPL2|XPO1|ZER1|SGTA|ZFAND2A|ZNF418|GBA1|ZYG11B|AXIN2|MTM1|SHH|HERPUD1|CSNK2A1|RNF185|PRKACA|LRRK2|SIRT2|APOE|CAV1|NKD2|CCAR2|PSMD10|UBE2K|BBS7|USP38|PLK1|HFE|RACK1|CSNK2A2|DDRGK1|TMX1|PRKCG|F8A1|F8A3|FBXW7|GABARAP|NFE2L1|SMAD7|SOCS5|FMR1|SIRT1|SMARCC1|USP5|OSBPL7|RNFT1|RNFT2|PSME1|PSME2|PSME3|SVIP|HSPA1A|UBQLN4|PSMD14|UCHL5|TMEM259|TMTC3|RBX1|USP13|USP19|USP25|WFS1|DNAAF4|KCNE2|OPHN1|CDK2|PITHD1|PSME3IP1|RHBDF1|STUB1|MARCHF7|ARAF|TMF1|ATXN3|BAG2|UBQLN1|BAG5|UBQLN2|PRKN|UBXN2A|BTRC|UFL1|CDC20|TREM2|CDC20B|CHFR|HAMP|COP1|CSNK1E|CSNK2B|DDA1|WAC|DESI1|DET1|DNAJB2|DVL1|EIF3H|CEBPA|FBXO22|FBXW8,https://www.gsea-msigdb.org/gsea/msigdb/human/geneset/GOBP_REGULATION_OF_PROTEASOMAL_PROTEIN_CATABOLIC_PROCESS,199,ENR,GOBP_REGULATION_OF_PROTEASOMAL_PROTEIN_CATABOLIC_PROCESS,1,1.8749999999999999E-2,GOBP_REGULATION_OF_PROTEASOMAL_PROTEIN_CATABOLIC_PROCESS,FALSE,GOBP_REGULATION_OF_PROTEASOMAL_PROTEIN_CATABOLIC_PROCESS
2,2.42078062111203,2.42078062111203,2.42078062111203,0.99620493359999995,,1.1464465E-2,,BMP4|NEK2|NPM2|HSPA1B|NSMCE2|ARHGEF10|CENPC|CENPE|CCDC61|CENPF|PDGFRB|RAN|CDC42|CENPI|PINX1|CDK5RAP2|CENPK|CCNB1|CDK1|KIF14|PDGFB|CEP192|BANF1|CEP85|DLGAP5|IGF1|RGCC|IGF2|SH2B1|INS|INSR|SMARCA5|SMC3|KIF11|KIF15|KIF25|MAP9|NDC80|NFIA|NUP62|TOM1L1|OFD1|PPP1CC|EDN3|WAPL|EPS8|PRICKLE1|AURKA|RANBP1|SPICE1|KNTC1|MIS12|CAV2|CHMP4A|CHMP4B|RB1|IL1B|SEH1L|CTDP1|EDN1|LSM14A|RHOA|TNF|SMPD3|UBE2C|UBE2S|CUL3|DYNC1LI1|ANKLE2|BROX|REEP3|REEP4|USP44|ABRAXAS1|GOLGA2|RIPOR2|CHEK1|BAZ1B|BIRC5|BUB1B|KATNB1|BUB3|CDCA8|ESPL1|HASPIN|BMP7|INCENP|BORA|LCMT1|CCDC8|MAD2L1|CUL7|CUL9|AKAP8L|CDC14B|DAPK3|NUF2|PIN1|DMRT1|PSMG2|SIRT2|EGF|EPGN|SPC24|FBXO43|SPC25|FGF8|SPDL1|HOXA13|KIF20B|TEX14|L3MBTL1|TTK|LRP5|ZNF207|OBSL1|TENT4A|ZWILCH|PHIP|ZWINT|AAAS|POLDIP2|RPL24|ABRAXAS2|TGFA|TOM1L2|USP16|AKAP8|INO80|ANKRD53|AURKC|BCCIP|KAT5|BOD1|CCDC66|KMT5A|PDXP|CCSAP|MAD2L2|CDCA2|RAB11A|CEP55|CEP97|CHAMP1|DIS3L2|DRG1|EML3|ANLN|EML4|CHEK2|CHMP1A|CHMP1B|CHMP2A|FLNA|CHMP2B|CHMP3|CHMP4C|CDC14A|CHMP5|CDC14C|CHMP6|KIF18A|PLK1|CHMP7|KIF18B|CDC25C|KIF22|KIF23|RANGRF|KIF2A|KIF2C|KIF4A|KIF4B|KIFC1|KLHDC8B|CLASP1|KNSTRN|CLASP2|KPNB1|CDKN1C|KLHL22|DCTN2|MAP10|CDCA5|MAPRE1|PPP2R1A|MISP|MKI67|MYBL2|MZT1|NSL1|NFE2L1|BTC|KIF3B|NUDC|GEN1|NUSAP1|SIRT1|PHF13|PPP2R2D|PRC1|PSRC1|SPAST|RACGAP1|MTBP|RCC1|NDE1|NDEL1|RMDN1|RRS1|SKA2|SMC1A|SPAG5|NIPBL|PKMYT1|STAG1|STAG2|NSFL1C|HNRNPU|PDCD6IP|AURKAIP1|HSPA1A|RAD21|IK|TPX2|TTN|TUBG1|KNL1|TUBG2|KAT2B|UBE2I|WRAP73|ATM|BECN1|BUB1|AURKB|MAD1L1|MAD2L1BP|NCAPD2|NCAPD3|NCAPG|NCAPG2|NCAPH|NCAPH2|NUMA1|SKA1|TRIP13|SKA3|UHRF1|SMC2|DRD3|SMC4|XRCC3|CD28|TPR|SPHK1|ZW10|CDKN1B|CDT1|ANAPC11|ANAPC15|ANAPC5|ANAPC7|APC|DUSP1|NME6|PPP1R9B|EREG|UBXN2B|TGFB1|CDC16|PRMT5|CDC20|FBXO5|PRP4K|CDC23|IL1A|VPS4A|VPS4B|NFIB|PRAP1|PIBF1|FBXW5,https://www.gsea-msigdb.org/gsea/msigdb/human/geneset/GOBP_MITOTIC_NUCLEAR_DIVISION,283,ENR,GOBP_MITOTIC_NUCLEAR_DIVISION,1,3.7950663999999999E-3,GOBP_MITOTIC_NUCLEAR_DIVISION,FALSE,GOBP_MITOTIC_NUCLEAR_DIVISION
10,1.8503836434246499,1.8503836434246499,1.8503836434246499,0.98588709699999999,,9.1908710000000005E-2,,AGBL4|CAV3|FHIT|NKD2|FOXF2|FZR1|CCAR2|GIPC1|PRMT6|GLMN|PSMD10|GNA12|HECTD1|AKT1|HSPA1B|HSP90AB1|HSPBP1|OGT|CBFA2T3|KEAP1|TRAF7|CDK5RAP3|GSK3A|UBE2K|BBS7|GSK3B|PSEN1|USP38|PLK1|HFE|PML|RACK1|CSNK2A2|SIRT6|KLHL40|L3MBTL3|DDRGK1|RNF139|MTOR|MAP1A|MAPK9|MDM2|FBXW7|NUB1|PABIR1|SUFU|PABPN1L|AGTPBP1|CSNK1A1|PANO1|PAQR3|GABARAP|PHF20L1|PLK3|SMAD7|SOCS5|USP7|IKBKG|SIRT1|PRICKLE1|SMARCC1|USP5|AURKA|PDCL3|BAG6|RPS7|TAF9|CAMLG|HSPA1A|UBQLN4|PIAS1|UCHL5|CLU|RAD23A|RPL23|RAD23B|RCHY1|RFPL1|IL33|RBX1|RNF180|TAF1|RPL11|RYBP|AXIN1|SENP1|SH3RF1|SH3RF2|BCAP31|SH3RF3|TF|NOP53|LATS1|SMURF1|CCDC22|SOCS4|PARK7|PTEN|WNT10B|ELOB|DISC1|STYX|SUMO1|HIPK2|SUMO2|CDK2|TLK2|GCLC|QRICH2|TRIB1|COMMD1|STUB1|TGFB1I1|TRIB2|TMEM168|TRIB3|TRIM67|WNT1|TRIM39|N4BP1|NFE2L2|CSNK1D|DAB2|TTC36|ARAF|UBE3A|ATXN3|BAG2|BAG5|VCP|PRKN|UBXN1|UFL1|USP14|CDC20|USP26|CDC20B|USP9X|CHFR|HAMP|PTK2|PTK2B|XPO1|COP1|ZER1|SGTA|ZFAND2A|CSNK1E|ZNF418|CSNK2B|GBA1|ZYG11B|AXIN2|DDA1|PYHIN1|WAC|DESI1|DET1|MTM1|DNAJB2|CDKN2A|DVL1|SHH|EIF3H|CEBPA|HERPUD1|CSNK2A1|LAPTM5|FBXO22|LRRK2|SIRT2|EGF|RPL5|FBXW8,https://www.gsea-msigdb.org/gsea/msigdb/human/geneset/GOBP_REGULATION_OF_UBIQUITIN_DEPENDENT_PROTEIN_CATABOLIC_PROCESS,174,ENR,GOBP_REGULATION_OF_UBIQUITIN_DEPENDENT_PROTEIN_CATABOLIC_PROCESS,1,1.4112903E-2,GOBP_REGULATION_OF_UBIQUITIN_DEPENDENT_PROTEIN_CATABOLIC_PROCESS,FALSE,GOBP_REGULATION_OF_UBIQUITIN_DEPENDENT_PROTEIN_CATABOLIC_PROCESS
15,2.71432976660709,2.71432976660709,2.71432976660709,0.99806949810000001,,3.0580131E-2,,AGBL4|ATG12|DDX56|IFI27|EIF2AK4|BPIFA1|ACOD1|AIM2|DEFA3|CREB3|PTPRC|IFIT1|IFIT5|IFITM1|IFITM2|CARD8|CXCL10|IFITM3|CARD9|ISG20|SLFN11|CASP1|DMBT1|SMARCA5|CXCL9|GBP1|MID2|GBP3|CLPB|CNOT7|DEFA1|GBP7|DEFA1B|DDX60|IFNE|DHX58|ATAD3A|EIF2AK2|IFNA5|F2RL1|PLA2G10|RPSA|FADD|SHFL|ZMPSTE24|FCN3|BCL2|RB1CC1|BCL2L1|GBP2|MARCHF2|GBP5|BNIP3|GPR108|BNIP3L|OAS2|HCFC2|IFI16|RNASE1|TRIM8|IFIH1|RNASE2|IFNK|IKBKE|RNASE6|UAP1|IL1B|IL23A|IL33|IRF1|IRF3|IRF5|IRF7|ITCH|KCNJ8|RNF216|CXADR|SPON2|PLSCR1|LSM14A|LYST|EXOSC4|EXOSC5|MAVS|SERINC5|MBL2|MICA|TRIM26|HDAC6|MMP12|TRIM38|ADAR|MYD88|ADARB1|DUS2|TNF|AICDA|IFI6|MOV10|NLRC5|IFIT2|NLRP1|IRGM|UBE2W|OAS3|OASL|OTUD4|RTP4|EXOC1|PCBP2|USP44|ABCC9|POLR3B|DHX36|POLR3C|POLR3D|POLR3F|POLR3G|IFNG|IFNLR1|IL10RB|RIPK3|NCBP3|POLR3A|MUL1|RELA|OAS1|RIGI|RIOK3|CGAS|RNF135|NDUFAF4|SELENOK|RNF185|PDE12|RSAD2|ZMYND11|TREX1|RNASEL|ZDHHC1|ERCC6|ZDHHC11|ZDHHC11B|SPN|SIN3A|SLFN13|CRCP|PHB1|TARBP2|POLR3H|PMAIP1|TICAM1|C1QBP|BST2|TLR2|PYCARD|TNFAIP3|ATG16L1|TRAF3|CD37|TRIM11|ATG5|MORC3|TRIM15|ATG7|TRIM21|TRIM25|APOBEC3A|TRIM31|APOBEC3C|TRIM41|APOBEC3F|TRIM5|ARMC5|TRIM56|DDX21|TRIM6|TRIM65|FGL2|UNC93B1|USP18|USP27X|USP29|CHMP3|DNAJC3|DDX1|PML|DDX17|STAT2|DDX41|ZBP1|ZC3HAV1|ZCCHC3|ZNFX1|DHX15|DHX16|PHB2|DHX9|EPG5|DTX3L|NCK1|SETD2|ILRUN|SKP2|TOMM70|UNC13D|MX1|MX2|SERINC3|STING1|PARP9|TRIM28|UBE2N|ILF3|RAB2B|ATG14|BECN1|SAMHD1|RNF26|VAPB|PRF1|ABCF3|CD40|AGBL5|AKAP1|TRAF3IP2|AZI2|NCBP1|CCDC92|CD207|IFNL1|IL12B|DDX60L|IL12RB1|ELMOD2|TBK1|GPR146|IL21|HERC5|IL23R|IL27|IFI44L|IFIT1B|ISG15|IFIT3|TRAF6|IFNAR2|TRIM13|IFNGR2|TRIM32|TSPAN32|IRF2|G3BP1|IRF9|LILRB1|GARIN5A|ITGAX|MAP3K14|NLRP6|MLKL|MICB|NT5C3A|PQBP1|HYAL2|POLR3E|IFNGR1|POLR3K|IL15|PRKRA|GPAM|SENP7|TLR3|FOXP3|NT5C2|TBKBP1|TLR7|VAMP8|TLR8|TMEM120A|TLR9|TRIM22|TRIM27|TRIM34|TRIM35|PPM1B|TRIM44|TRIM52|TRIM7|ZC3H12A|TTC4|UBL7|USP20|ZNF175|AIMP1|NLRP9|OPRK1|NMB|HSP90AA1|NMBR|IL6|AZU1|DDIT4|TRAF3IP1|STAT1|APOBEC3B|APOBEC3D|APOBEC3G|TANK|APOBEC3H,https://www.gsea-msigdb.org/gsea/msigdb/human/geneset/GOBP_DEFENSE_RESPONSE_TO_VIRUS,309,ENR,GOBP_DEFENSE_RESPONSE_TO_VIRUS,1,1.9305018999999999E-3,GOBP_DEFENSE_RESPONSE_TO_VIRUS,FALSE,GOBP_DEFENSE_RESPONSE_TO_VIRUS
30,2.71432976660709,2.71432976660709,2.71432976660709,1,,3.6011967999999998E-2,,APOA2|PLD2|APOC1|APOC2|PLPP6|PNLIPRP2|NAPEPLD|PNPLA6|PNPLA7|PNPLA8|PRKCD|SCARB1|ENPP2|ENPP6|ENPP7|SMPD1|SMPD2|SMPD3|ETNPPL|SMPD4|SMPDL3A|SMPDL3B|GDE1|GDPD1|PRDX6|GDPD3|IDH1|GPCPD1|PLA2G10|PLA2G15|INPP5F|PLA2G4A|PLA2G4B|PLA2G4C|PLA2G4D|PLA2G4E|PLA2G4F|PLA2G5|PLA2G6|PLA2G7|ABHD12|ABHD12B|LDLR|ABHD16A|LIPC|LIPG|PLB1|PLBD1|PLBD2|ABHD6|PLCB1|PLCG1|PLCG2|ANGPTL3|PLD1,https://www.gsea-msigdb.org/gsea/msigdb/human/geneset/GOBP_PHOSPHOLIPID_CATABOLIC_PROCESS,55,ENR,GOBP_PHOSPHOLIPID_CATABOLIC_PROCESS,1,0,GOBP_PHOSPHOLIPID_CATABOLIC_PROCESS,FALSE,GOBP_PHOSPHOLIPID_CATABOLIC_PROCESS
3,1.9102685704609501,1.9102685704609501,1.9102685704609501,0.98770491800000004,,7.7409249999999999E-2,,POLDIP2|FBXL4|SEC22B|FEZ2|BECN1|USP36|RNF41|RUBCN|AKT1|HMOX1|SMCR8|NUPR1|VPS13C|PINK1|FEZ1|MTM1|LZTS1|USP30|PIK3CA|TIGAR|TP53|HDAC6|NPC1|NRBP2|TMEM39A|CLEC16A|HTRA2|PHF23|UBQLN4|LRRK2|LYPLA1|PPTC7|QSOX1|TSC1|TSC2|EHMT2|MTOR|TSPO|SCFD1|RBX1,https://www.gsea-msigdb.org/gsea/msigdb/human/geneset/GOBP_NEGATIVE_REGULATION_OF_MACROAUTOPHAGY,40,ENR,GOBP_NEGATIVE_REGULATION_OF_MACROAUTOPHAGY,1,1.2295082000000001E-2,GOBP_NEGATIVE_REGULATION_OF_MACROAUTOPHAGY,FALSE,GOBP_NEGATIVE_REGULATION_OF_MACROAUTOPHAGY
8,2.2077241144525201,2.2077241144525201,2.2077241144525201,0.99380165300000001,,3.9348155000000003E-2,,GFM2|NEMF|TRNT1|UFL1|ABCE1|DENR|EIF2D|GCN1|UFSP2|GTPBP2|ZNF598|HBS1L|ANKZF1|EIF4E2|MCTS1|MRRF|MTIF2|MTRFR|MTIF3|PELO|PTRH1|RNF14|RNF25|SKIC8|SAYSD1|KLHDC10|SKIC2|SKIC3|CDK5RAP3|TCF25|USP10|GIGYF2|RACK1|TRIP4|ELAC1|DDRGK1|MTRES1|MRPL58|ASCC2|LTN1|ASCC3|RCHY1,https://www.gsea-msigdb.org/gsea/msigdb/human/geneset/GOBP_RIBOSOME_DISASSEMBLY,42,ENR,GOBP_RIBOSOME_DISASSEMBLY,1,6.1983469999999999E-3,GOBP_RIBOSOME_DISASSEMBLY,FALSE,GOBP_RIBOSOME_DISASSEMBLY
,2.2270292807947998,2.2270292807947998,2.2270292807947998,0.99407114649999995,,5.3444233000000001E-2,,OXT|PLA2G3|AVPR1B|PLA2G4A|MIF|TNFRSF11A|ACSL1|TNFSF11|ACSL5|PLA2R1|NTSR1|EDN1|ERFE|P2RX7|CYP4A11|FABP3|CYP4F2|PLA2G10|P2RX4|IL1B|PTGES,https://www.gsea-msigdb.org/gsea/msigdb/human/geneset/GOBP_POSITIVE_REGULATION_OF_FATTY_ACID_TRANSPORT,21,ENR,GOBP_POSITIVE_REGULATION_OF_FATTY_ACID_TRANSPORT,1,5.9288535000000002E-3,GOBP_POSITIVE_REGULATION_OF_FATTY_ACID_TRANSPORT,FALSE,GOBP_POSITIVE_REGULATION_OF_FATTY_ACID_TRANSPORT
16,1.6762778165016701,1.6762778165016701,1.6762778165016701,0.97892720300000002,,7.1504970000000001E-2,,TRIT1|TRMO|TRMT1|TRMT10C|TRMT5|TRMT10A|TRMT6|NAT10|TRMT112|TRMT61A|TRMT13|TRMT61B|TRMT1L|TRUB1|METTL8|TRMT44|TRMT9B|RPUSD4|TRMU|TYW1|TYW1B|AKT1|TYW3|TYW5|URM1|WDR4|WDR6|YRDC|AARS1|ELP2|ADAT2|ALKBH8|ANKRD16|BCDIN3D|CDKAL1|CTU1|CTU2|DALRD3|DPH3|DTWD1|DTWD2|DUS1L|DUS2|DUS4L|ELP1|ELP3|ELP4|ELP5|THG1L|ELP6|FTSJ1|GON7|KTI12|DUS3L|LCMT2|METTL1|METTL2A|METTL2B|METTL6|MOCS3|MTFMT|NSUN6|OSGEP|PUS1|TRMT10B|OSGEPL1|PUS7|NSUN2|NSUN3|PUS10|PUS3|PUSL1|QNG1|QTRT1|QTRT2|GTPBP3|HSD17B10|ALKBH1|CDK5RAP1|SARS1|SEPSECS|THUMPD2|MTO1|SSB|TARBP1|THADA|THUMPD1|THUMPD3|TPRKB|TRDMT1,https://www.gsea-msigdb.org/gsea/msigdb/human/geneset/GOBP_TRNA_MODIFICATION,90,ENR,GOBP_TRNA_MODIFICATION,1,2.1072797000000001E-2,GOBP_TRNA_MODIFICATION,FALSE,GOBP_TRNA_MODIFICATION
9,2.3926969528253701,2.3926969528253701,2.3926969528253701,0.99595141700000001,,5.6171055999999997E-2,,SNAPC5|LARP7|TUT1|USB1|ELL|ELL2|ELL3|ZCCHC7|METTL16|METTL4|MTREX|CDK7|EXOSC4|MYOD1|EXOSC5|ZCCHC8|FTO|INTS1|INTS10|INTS11|INTS12|INTS13|USPL1|INTS14|INTS2|INTS3|INTS4|INTS5|INTS6|INTS7|INTS8|DKC1|INTS9|EXOSC2|EXOSC7|EXOSC8|EXOSC9|EXOSC3|EXOSC6|ICE2|POLR3B|EXOSC10|ICE1|SNAPC1|SNAPC2|SNAPC3|SNAPC4|ZC3H8|ZNF143|MEPCE|CC2D1A|INTS6L|SAGE1|RPAP2|TOE1|NHP2|NOP10|RBM7,https://www.gsea-msigdb.org/gsea/msigdb/human/geneset/GOBP_SNRNA_METABOLIC_PROCESS,58,ENR,GOBP_SNRNA_METABOLIC_PROCESS,1,4.0485829999999997E-3,GOBP_SNRNA_METABOLIC_PROCESS,FALSE,GOBP_SNRNA_METABOLIC_PROCESS
23,1.6558366657346399,1.6558366657346399,1.6558366657346399,0.97791164699999999,,9.8642480000000005E-2,,SAMTOR|SHQ1|ITFG2|RRAGC|AKT1|MLST8|OGT|RPS6KA6|RPS6KA4|RPS6KA5|C9ORF72|SESN2|OTUB1|PRKAA2|PELI1|CLEC16A|RPTOR|CTNS|YWHAZ|SRC|SAR1A|SAR1B|MTOR|KLHL22|SEC13|CSNK1A1|DEPDC5|DEPTOR|PIP4P1|USP7|GPR137|LARP1|NLK|NPRL2|YWHAG|NPRL3|OTUD7B|RNF152|RRAGB|RRAGD|UBE2N|RPS6KA2|STK11|SEH1L|RBX1|RHEB|ATM|DYRK3|SESN1|SESN3|USP4|SMCR8|RNF167|PRKACB|DGKQ|CARD11|NPC1|TBK1|OTUD5|FNIP1|RPS6KB1|UBE2D1|TSC1|CUL3|TSC2|LAMTOR1|UBE2W|UBE3A|ATXN3|AKT1S1|CASTOR1|CASTOR2|PRMT1|FNIP2|GPR137C|GPR155|LAMTOR2|PIM1|TBC1D7|LAMTOR3|LARS1|MAT2A|MIOS|PPDPF|LAMTOR5|RPS6KA1|RPS6KB2|SIK3|SLC38A9|SPAAR|SRMS|STAMBPL1|WAC|MFSD8|WDR24|GPR137B|USP32|KICS2|WDR59|KPTN|LAMTOR4|RRAGA|SZT2|VHL|PRKACA|RPS6KA3|EP300|FLCN|MAPK3|PIH1D1|PRKAA1|SYK,https://www.gsea-msigdb.org/gsea/msigdb/human/geneset/GOBP_TORC1_SIGNALING,112,ENR,GOBP_TORC1_SIGNALING,1,2.2088353000000002E-2,GOBP_TORC1_SIGNALING,FALSE,GOBP_TORC1_SIGNALING
,2.2363693056157699,2.2363693056157699,2.2363693056157699,0.99419729229999998,,4.1451312999999997E-2,,WNT3A|HRG|HTR2A|VAV1|VAV3|CD9|PDGFA|PDGFB|PRKCQ|TYRO3|BLOC1S3|FLNA|BLOC1S4|GATA1|CTSG|IL6ST|EMILIN2|TMX1|SRC|ACTG1|F2|ACTN1|ADGRG1|CEACAM1|ADRA2B|ADRA2C|FGA|FGB|PIK3CB|PIK3CG|SRF|C1GALT1C1|CELA2A|CLIC1|EMILIN1|PDIA2|COL3A1|PDIA3|COMP|F11R|CSRP1|FCER1G|ENTPD1|ENTPD2|PLA2G4A|F2RL2|FERMT3|FIBP|FUNDC2|FZD6|F2R|F2RL3|ALOX12|GNA13|GNAQ|STXBP1|GP5|GP6|STXBP3|GP9|PLCG2|TUBB1|HBB|ADAMTS13|ILK|IL6R|ITPR3|MERTK|ADAMTS18|METAP1|MFSD2B|MYL12A|MYL9|PLSCR1|AXL|C1QTNF1|ITGB3|P2RX1|P2RY1|PRKCD|PDPN|SERPINE2|PEAR1|PLEK|LCK|DGKA|CD40|DGKB|DGKD|LYN|DGKE|DGKG|DGKH|DGKI|DGKK|RAP2B|DGKQ|RASA3|DGKZ|FGG|ADRA2A|GNAS|GP1BA|PRKCA|SLC6A4|SLC7A11|MYH9|SVEP1|TEC|TLN1|TREML1|JAK2|TSPAN32|TSPAN9|P2RY12|VAV2|VCL|VWF|PF4|HSPB1|MMRN1|PPIA|ACTB|TLR4|PDGFRA|PTPRJ|PRKG1|PTPN6|VPS33B|MAPK14|CD40LG|PIK3CA|SAA1|SH2B3|IL6|SELP|THBD|NOS3|UBASH3B|APOE|SYK,https://www.gsea-msigdb.org/gsea/msigdb/human/geneset/GOBP_PLATELET_ACTIVATION,141,ENR,GOBP_PLATELET_ACTIVATION,1,5.8027076999999996E-3,GOBP_PLATELET_ACTIVATION,FALSE,GOBP_PLATELET_ACTIVATION
11,2.7109631171712398,2.7109631171712398,2.7109631171712398,0.99805447469999997,,1.0792919999999999E-2,,ACD|DCLRE1B|INO80|INO80B|INO80C|RTEL1|INO80D|RUVBL1|ACTL6A|INO80E|RUVBL2|PPP1CA|ACTR5|ACTR8|SHLD1|SHLD2|SHLD3|MAD2L2|APEX1|MCRS1|NBN|NFRKB|CDK2|TERF2|TERF2IP|TFPT|TFIP11|UCHL5|ERCC1|XRCC1|ERCC4|RIF1|YY1,https://www.gsea-msigdb.org/gsea/msigdb/human/geneset/GOBP_TELOMERE_MAINTENANCE_IN_RESPONSE_TO_DNA_DAMAGE,33,ENR,GOBP_TELOMERE_MAINTENANCE_IN_RESPONSE_TO_DNA_DAMAGE,1,1.9455252999999999E-3,GOBP_TELOMERE_MAINTENANCE_IN_RESPONSE_TO_DNA_DAMAGE,FALSE,GOBP_TELOMERE_MAINTENANCE_IN_RESPONSE_TO_DNA_DAMAGE
32,1.99913054476173,1.99913054476173,1.99913054476173,0.98997995999999999,,8.1572049999999993E-2,,MSH6|MYC|INO80|CCAR2|PRIMPOL|KDM1A|RPL26|AKT1|NSMCE3|MC1R|ATF4|EIF2AK4|SDE2|CIRBP|CASP7|CAT|CCND1|CASP3|COL6A1|CERS1|PTPRK|PCNA|BRSK1|GTF2H2|PML|H2AC25|POLH|SIRT6|MEN1|BRCA2|EI24|EIF2S1|CDKN2D|NOC2L|RPAIN|MDM2|CUL4B|DCUN1D3|FBXW7|TIPIN|MAP3K20|ERCC5|RUVBL2|XPA|FEN1|UBE2B|PCLAF|ELANE|SIRT1|DDB2|MSH2|PPID|WRN|HUS1|TRIAP1|UVSSA|ZBTB1|BAK1|BAX|BCL2|RHBDD1|MAPK8|NEDD4|TP53|BMF|MME|TMEM161A|POLA1|STK11|USP1|IL12A|COPS9|CRIP1|MFAP4|OPN1SW|OPN5|YY1|PIERCE1|RBX1|RHNO1|CASP9|TAF1|AURKB|USP28|BCL3|XPC|PRKCD|METTL3|ERCC3|CDKN1A|MMP3|HMGN1|IL12B|MMP2|GPX1|NPM1|IVL|N4BP1|AQP1|HYAL1|HYAL3|SMPD1|PIK3R1|TP53INP1|NLRP1|TRIM32|MMP1|ERCC1|ERCC2|TIMP1|UBE2A|UBE4B|ERCC4|PARP1|HYAL2|TYR|DHX36|ACTR5|RO60|ATR|MMP9|MAPK11|SPRTN|DDB1|MAPK13|MAPK14|COL6A2|DTL|NFATC4|COL6A3|MAP4K3|RELA|SDF4|OPN3|SERPINB13|TP53I13|CREBBP|GNAT2|CUL4A|POLD1|SCARA3|EGFR|EP300|TREX1|FECH|POLK|ERCC6|MAP2K7|ERCC8|MAP3K4|USF1|REV1|PRKAA1|POLD3|ZRANB3,https://www.gsea-msigdb.org/gsea/msigdb/human/geneset/GOBP_RESPONSE_TO_UV,155,ENR,GOBP_RESPONSE_TO_UV,1,1.0020039999999999E-2,GOBP_RESPONSE_TO_UV,FALSE,GOBP_RESPONSE_TO_UV
1,2.6830469956779899,2.6830469956779899,2.6830469956779899,0.99792531100000004,,3.6615296999999998E-2,,ATG14|BECN1|TNFAIP3|SMURF1|VPS13A|VPS13C|SNF8|VPS41|AP3M1|STAM|STAM2|GNPTAB|SQSTM1|RAB7A|IRGM|TSG101|GNPTG|NAGPA|PIK3C3|M6PR|SCARB2|MON1A|MON1B|PIK3R4|NCOA4|AP3B1|HGS|VPS25|GCC2|VPS28|GGA3|VPS36|LAMP2|VPS4A|SNX16|SORL1|SORT1|VPS53|VPS8|ZFYVE16|VPS13D|MVB12A|NDP|NEDD4|VPS37A|LAPTM5|VPS37B|VPS37C|VPS37D|VPS54|MVB12B|PTPN23|HSPA8|UBAP1|AP3D1|AP4M1|CLU,https://www.gsea-msigdb.org/gsea/msigdb/human/geneset/GOBP_ESTABLISHMENT_OF_PROTEIN_LOCALIZATION_TO_VACUOLE,57,ENR,GOBP_ESTABLISHMENT_OF_PROTEIN_LOCALIZATION_TO_VACUOLE,1,2.0746889999999998E-3,GOBP_ESTABLISHMENT_OF_PROTEIN_LOCALIZATION_TO_VACUOLE,FALSE,GOBP_ESTABLISHMENT_OF_PROTEIN_LOCALIZATION_TO_VACUOLE
28,1.9190781201709199,1.9190781201709199,1.9190781201709199,0.98795180800000004,,6.6385959999999994E-2,,TRMO|PRMT8|TRMT1|TRMT10C|TRMT5|TRMT10A|TRMT6|TRMT112|TRMT61A|SETD3|TRMT13|TRMT61B|TRMT1L|ANTKMT|TRMT2B|TRMT44|SMYD2|TRMT9B|AKT1|TYW3|KMT5A|VCPKMT|WDR4|WDR6|ATPSCKMT|RAB6A|SNRPB|CSKMT|SNRPD1|SNRPD2|SNRPD3|SNRPE|SNRPF|SNRPG|SETD2|NTMT1|SETD7|FAM98A|FAM98B|MEPCE|TRMT10B|BHMT|PRMT2|TGS1|THUMPD2|LARP7|METTL8|ICMT|METTL14|METTL16|METTL3|ETF1|ALKBH8|BCDIN3D|FBLL1|DALRD3|GSPT1|BUD23|DIMT1|EMG1|FBL|FDXACB1|FTSJ3|EHMT2|HENMT1|METTL15|NSUN4|METTL25B|METTL5|MRM1|MRM3|FTSJ1|NSUN5|NSUN7|RAMACL|PRMT1|SPOUT1|PRMT5|PRMT7|ZCCHC4|LCMT2|SLC25A26|METTL1|METTL2A|METTL2B|METTL6|NSUN6|EEF1AKMT1|EEF1AKMT2|EEF1AKMT3|NSUN2|NSUN3|EEF2KMT|EHMT1|SETD6|METTL18|RBM15|RBM15B|NDUFAF7|METTL21A|METTL21C|METTL22|RAMAC|GTPBP3|HSD17B10|LCMT1|RNMT|NTMT2|MRM2|PCMT1|NOP2|MTO1|TARBP1|PRDM12|THADA|THUMPD3|TFB1M|TFB2M|TRDMT1,https://www.gsea-msigdb.org/gsea/msigdb/human/geneset/GOBP_MACROMOLECULE_METHYLATION,119,ENR,GOBP_MACROMOLECULE_METHYLATION,1,1.2048191999999999E-2,GOBP_MACROMOLECULE_METHYLATION,FALSE,GOBP_MACROMOLECULE_METHYLATION
11,1.97863693518192,1.97863693518192,1.97863693518192,0.98949579799999998,,5.7182736999999997E-2,,TENT4B|MYC|NABP2|NAF1|NAT10|INO80|INO80B|NEK2|INO80C|NEK7|INO80D|INO80E|NSMCE1|NSMCE2|NSMCE3|NSMCE4A|NVL|MCRS1|PARN|MRE11|PINX1|PKIB|NBN|NFRKB|PPP1R10|PRKCQ|PTGES3|PARP3|PML|PNKP|SLX1A|SIRT6|SLX1B|POT1|SLX4|SMC5|SRC|SMC6|RAD50|SMG5|SMG6|STN1|TCP1|TEN1|TERF1|TINF2|RTEL1|RUVBL1|RUVBL2|TNKS|TNKS2|EXOSC10|USP7|SLF1|SLF2|XRCC5|XRN1|YLPM1|HNRNPA1|HNRNPA2B1|HNRNPC|TERF2|TP53|TERF2IP|TFPT|HNRNPU|UCHL5|WRAP53|XRCC1|YY1|ACD|ATM|UPF1|ATRX|AURKB|CCT2|CCT3|CCT4|CCT5|CCT6A|CCT7|CCT8|CTC1|CTNNB1|DCP2|SMG1|DKC1|EID3|ERCC1|ERCC4|LMNA|PARP1|FBXO4|ACTL6A|DHX36|ACTR5|ACTR8|GNL3|GNL3L|ATR|HDAC8|HNRNPD|HSP90AA1|KLF4|MAP2K7|MAP3K4|MAPK1|MAPK3|MAPKAPK5|MAPK15|PIF1,https://www.gsea-msigdb.org/gsea/msigdb/human/geneset/GOBP_REGULATION_OF_TELOMERE_MAINTENANCE,111,ENR,GOBP_REGULATION_OF_TELOMERE_MAINTENANCE,1,1.0504202000000001E-2,GOBP_REGULATION_OF_TELOMERE_MAINTENANCE,FALSE,GOBP_REGULATION_OF_TELOMERE_MAINTENANCE
,2.2112985661249298,2.2112985661249298,2.2112985661249298,0.99385245899999997,,5.8642090000000001E-2,,PMAIP1|PPARG|PRMT6|PSMD10|IER3|PYCARD|AKT1|ATP5IF1|RALA|RALBP1|RAP1GDS1|RHOT1|BID|CHCHD10|SIRT7|GSK3A|SIVA1|GSK3B|SLC25A31|SLC30A9|SLC35F6|IGF1|SQSTM1|SSBP1|STAT2|STOX1|TFRC|ACAA2|ADCK1|FXN|GHITM|TMEM102|PID1|TMEM14A|TNFSF10|SLC25A4|SLC25A5|ATP13A2|TRIAP1|AURKA|BAD|SPIRE1|BAK1|BAX|BBC3|BCL2L1|VAT1|BCL2L11|MTCH2|VPS35|BIK|TP53|BMF|YME1L1|BNIP3|ZDHHC6|ZNF205|BOK|C11ORF65|HSPA1A|CLU|CYRIB|DCN|DDHD1|DDHD2|DNM1L|ENDOG|FAM162A|PINK1|PPIF|FIS1|FZD9|GCLC|GPER1|NOL3|GPX1|HDAC6|HGF|HIGD1A|HIP1R|HRK|TMEM135|HUWE1|IFI6|INF2|IRGM|KDR|LMNA|PRKN|MAPT|MARCHF5|MCU|MFF|MGARP|MICU1|MIEF1|MIEF2|MLLT11|MMP9|MOAP1|GOLPH3|MPV17L|MSTO1|MUL1|MYO19|PRELID1|EP300|OMA1|OPA1|PARL|LRRK2|PDE2A|PGAM5|PISD|PLAUR|PLD6|PLSCR3,https://www.gsea-msigdb.org/gsea/msigdb/human/geneset/GOBP_REGULATION_OF_MITOCHONDRION_ORGANIZATION,117,ENR,GOBP_REGULATION_OF_MITOCHONDRION_ORGANIZATION,1,6.1475410000000003E-3,GOBP_REGULATION_OF_MITOCHONDRION_ORGANIZATION,FALSE,GOBP_REGULATION_OF_MITOCHONDRION_ORGANIZATION
15,2.0890214747373399,2.0890214747373399,2.0890214747373399,0.99185336000000002,,5.4897662E-2,,TICAM2|CAV1|HIF1A|RNF113A|PPARG|ANGPT1|CCL5|CACTIN|PPP2CB|TLR2|PYCARD|TNFAIP3|HSPA1B|CPNE1|IL1R2|NR1H2|NR1H3|NR1H4|MAP2K5|CD74|WNT5A|BIRC7|CCDC3|CISH|PAFAH1B1|TRIM41|CASP4|HIPK1|MIB2|IL1RN|TRIM56|LRRC70|TRIM6|NKIRAS1|PIAS3|TRAIP|NKIRAS2|PXDN|SHARPIN|SPPL2A|SPPL2B|TTLL12|CDC37|TLE5|ARG1|TNFRSF11B|CREBRF|UBE2K|VRK2|PTPRC|USP18|CSF1|USP27X|USP29|PTPN11|PIAS4|IL6ST|CARD8|XIAP|CASP1|YTHDF2|YTHDF3|CASP8|H2BC11|STAT2|TMC8|ZBP1|CD300LF|OTOP1|CXCR4|DHX9|ZNF675|CNOT7|CYLD|DCST1|ECM1|EIF4E2|F2RL1|FADD|GFI1|GAS6|GIGYF2|GPS2|TAF9|STING1|PARP9|CD24|CDK5R1|HPX|HSPA1A|IFIH1|AGPAT1|AGPAT2|IKBKB|IKBKE|IRAK1|RFFL|IL1R1|IRAK2|IRAK3|APOA1|IRF3|IRF7|RIPK2|SAMHD1|USP25|AXL|CARD16|DNAJA3|PELI3|TNFRSF1A|TSLP|EDN1|LSM14A|METTL3|CD40|SPHK1|MAPKAPK2|MAVS|NOL3|C1QTNF4|MMP12|DICER1|TBK1|NAIP|EXT1|PALM3|ADAR|IL36RN|GSTP1|ISG15|MED1|NLRC5|TRIM32|NLRP2B|IRGM|RABGEF1|PADI2|NLRP6|MAPK7|OAS3|OTUD4|PRKN|CLDN18|OTULIN|PARP14|SLIT3|TREM2|ULK1|TLR4|IL7|TXK|TRIM44|PTPN1|PTPN2|PTPN6|ADAM10|ADAM17|PYDC1|ADIPOQ|ROBO1|MMP8|MUL1|OAS1|RIGI|SH2B3|SPATA2|SIGIRR|NRDC|IL6|RNF185|LAPTM5|TREX1|KLF4|SLIT2|RIPK1|RBM47|TRAF2|STAP1|SMIM30|SYK|TANK|ANXA4|TAX1BP1,https://www.gsea-msigdb.org/gsea/msigdb/human/geneset/GOBP_REGULATION_OF_RESPONSE_TO_CYTOKINE_STIMULUS,184,ENR,GOBP_REGULATION_OF_RESPONSE_TO_CYTOKINE_STIMULUS,1,8.1466400000000001E-3,GOBP_REGULATION_OF_RESPONSE_TO_CYTOKINE_STIMULUS,FALSE,GOBP_REGULATION_OF_RESPONSE_TO_CYTOKINE_STIMULUS
2,2.7050079566407099,2.7050079566407099,2.7050079566407099,0.99802761340000001,,1.0367718499999999E-2,,ZWINT|FEM1B|NABP2|FZR1|CCAR2|IER3|CDC5L|MAD2L2|EIF2AK4|SDE2|CENPF|MRE11|CDK5RAP2|MRNIP|NBN|CCNB1|CCND1|CDK1|PPP1R10|CDK5RAP3|CHEK2|RAD17|CHMP4C|PTPN11|BRSK1|HORMAD1|PLK1|RINT1|PRKDC|BRCA2|RAD50|BRIP1|RAD51|CEP63|KLHL22|CDC45|CLSPN|CRY1|TICRR|DTX3L|PABIR1|RPA2|TIPIN|DONSON|EME1|EME2|ETAA1|MAP3K20|NDC80|MBTPS2|FOXN3|FOXO4|FANCD2|GNB1L|PLK3|SETMAR|GEN1|HINFP|ATF2|MSH2|HUS1|PROX1|HUS1B|MDC1|TRIAP1|INIP|MUC1|SYF2|NAE1|KNTC1|NEK11|GIGYF2|ORC1|MUS81|TP53|NABP1|TIMELESS|PARP9|TP53BP1|RAD1|RAD9A|RAD9B|UIMC1|IK|RPS27L|STK33|STK38|RBBP8|KNL1|TAOK1|TAOK3|RFWD3|TELO2|RHNO1|TIPRL|ATM|RPA4|TTI1|TTI2|BRD4|BUB1|E2F1|AURKB|MAD1L1|USP28|DNA2|MAD2L1BP|WDR76|XPC|BLM|ZFYVE19|NOP53|CAMSAP3|TOPBP1|SKA1|TRIP13|SKA3|XRCC3|TPR|LYN|CDC6|CDK2|CDKN1A|ZW10|CDT1|DGKZ|ZNF830|ANAPC15|TRIM39|INTS3|APC|INTS7|DUSP1|BARD1|DYNC1LI1|MBTPS1|UFL1|FBXO4|CDC20|PRP4K|USP44|ABRAXAS1|PRPF19|CHFR|CLOCK|RNASEH2B|ATR|ATRIP|BABAM1|VPS4A|BABAM2|MAPK14|WAC|BRCA1|BRCC3|DTL|NSUN2|TAOK2|CHEK1|CUL4A|BIRC5|BUB1B|PRAP1|BUB3|CDCA8|HASPIN|TREX1|INCENP|LCMT1|ERCC6|MAD2L1|DOT1L|CDC14B|FBXO31|NUF2|PSMG2|SPC24|SPC25|SPDL1|FBXO6|TEX14|TTK|H2AX|ZNF207|ZWILCH,https://www.gsea-msigdb.org/gsea/msigdb/human/geneset/GOBP_CELL_CYCLE_CHECKPOINT_SIGNALING,185,ENR,GOBP_CELL_CYCLE_CHECKPOINT_SIGNALING,1,1.9723865999999998E-3,GOBP_CELL_CYCLE_CHECKPOINT_SIGNALING,FALSE,GOBP_CELL_CYCLE_CHECKPOINT_SIGNALING
3,2.3900514704013198,2.3900514704013198,2.3900514704013198,0.99592667999999995,,4.1909176999999999E-2,,P2RX7|ATP6AP1|ATP6AP2|ATP6V0A1|RAB14|GAA|ATP6V0B|ATP6V1A|RAB34|ATP6V1D|CHMP1A|CHMP1B|CHMP2A|ATP6V1F|CHMP2B|RAB7B|CHMP3|PI4KB|CHMP4C|CHMP5|ATP6V1H|CHMP6|CHMP7|MTOR|RNASEK|PIKFYVE|AP3B1|LAMP2|MCOLN1|VPS35|PLA2G5|PPT1|TCIRG1|TMEM175|CHMP4A|CHMP4B|CLN8|AP5Z1|RAB39A|ARL8B|BECN1|RUFY4|SNAPIN|CLN3|ABCA1|ACP2|SPG11|AKTIP|ARSB|ARSG|ATP10B|CLN5|CLN6|CLVS1|CLVS2|CORO1A|CREG1|FHIP1B|FNIP1|GNPTAB|GRN|HEXA|LIPA|HOOK1|HOOK2|HOOK3|HPS1|HPS4|RAB7A|HSD17B1|IRGM|LAMTOR1|LAPTM4B|LYSET|MBTPS1|MYO7A|NAGLU|NAGPA|OCA2|PPP3CB|RAB20|SLC45A2|SPNS1|ATP6V0C|SCARB2|SRPX|SYT7|TASL|TFE3|TFEB|TMEM106B|TMEM165|VIPAS39|TMEM63A|TMEM9|TPCN2|TPP1|HEXB|GBA1|VPS18|VPS33A|WASHC5|VPS33B|ZKSCAN3|MFSD8|ZFYVE26|LAMP1|LAPTM5|TREX1|FLCN|LRRK2,https://www.gsea-msigdb.org/gsea/msigdb/human/geneset/GOBP_LYTIC_VACUOLE_ORGANIZATION,111,ENR,GOBP_LYTIC_VACUOLE_ORGANIZATION,1,4.0733200000000001E-3,GOBP_LYTIC_VACUOLE_ORGANIZATION,FALSE,GOBP_LYTIC_VACUOLE_ORGANIZATION
23,1.7915151894126,1.7915151894126,1.7915151894126,0.98383838300000004,,5.9062737999999997E-2,,UBR2|HIF1A|RPS6|SAMTOR|SHQ1|CCL5|CRYBA1|ITFG2|PDCD6|GNA12|RRAGC|AKT1|MLST8|OGT|EPM2A|ROS1|EVA1A|RPS6KA6|RPS6KA4|RPS6KA5|C9ORF72|SESN2|GSK3A|OTUB1|FAM83D|GSK3B|PRKAA2|PELI1|HDAC3|CLEC16A|RPTOR|CTNS|YWHAZ|LEP|SRC|SAR1A|SAR1B|MTOR|KLHL22|SEC13|CSNK1A1|AKT3|DEPDC5|DEPTOR|PIP4P1|USP7|SIRT1|PKHD1|GPR137|LARP1|F7|NLK|NPRL2|YWHAG|NPRL3|ZMPSTE24|OTUD7B|F10|RNF152|RRAGB|RRAGD|GAS6|GATA3|UBE2N|RPS6KA2|STK11|RFFL|SEH1L|RBX1|TIPRL|RHEB|ATM|TTI1|DYRK3|SESN1|SESN3|USP4|SMCR8|ENDOG|RNF167|PRKACB|CCDC88A|PINK1|DISC1|DGKQ|CARD11|EIF4EBP1|NPC1|TBK1|OTUD5|FNIP1|LIN28A|NCKAP1L|LIPA|RPS6KB1|ARAF|UBE2D1|F3|TMEM127|TSC1|CUL3|TSC2|LAMTOR1|UBE2W|UBE3A|ATXN3|UBR1|AKT1S1|BMAL1|CASTOR1|ARMH4|CASTOR2|EIF4EBP2|PRMT1|FNIP2|GPR137C|TREM2|XBP1|GPR155|HTR6|PRR5L|USP9X|LAMTOR2|PIM1|PREX1|TBC1D7|GPAT3|LAMTOR3|MAPKAP1|LARS1|MAT2A|MINAR1|MIOS|PPDPF|PREX2|LAMTOR5|PRR5|GBA1|RELN|RHEBL1|RPS6KA1|RPS6KB2|SIK3|SLC38A9|GOLPH3|SPAAR|SRMS|STAMBPL1|WAC|MFSD8|SYAP1|MTM1|TBCK|WDR24|TNFAIP8L1|GPR137B|USP32|KICS2|WDR59|KPTN|LAMTOR4|RICTOR|MEAK7|PIK3CA|RRAGA|SH3BP4|SZT2|DDIT4|VHL|PRKACA|RPS6KA3|EP300|FLCN|MAPK3|MAPKAPK5|PIH1D1|PRKAA1|FBXO9|SYK,https://www.gsea-msigdb.org/gsea/msigdb/human/geneset/GOBP_TOR_SIGNALING,179,ENR,GOBP_TOR_SIGNALING,1,1.6161617E-2,GOBP_TOR_SIGNALING,FALSE,GOBP_TOR_SIGNALING
9,1.8521312996433601,1.8521312996433601,1.8521312996433601,0.98594377499999997,,6.9860733999999994E-2,,RNPS1|CSDE1|AKT1|GTPBP1|HSPA1B|NUDT16|PARN|SMG5|SMG6|CNOT7|PABPN1L|SRSF1|PAIP1|XRN1|SYNCRIP|GIGYF2|TAF15|TARDBP|THRAP3|AGO1|AGO2|AGO3|BOLL|IKBKE|BTG2|CACNG7|CALCR|ZFP36|CAPRIN1|CARHSP1|CNOT1|CNOT10|CNOT11|CNOT2|CNOT3|CNOT4|CNOT6|CNOT8|CNOT9|CPEB3|CTIF|SENP1|UPF1|DAZL|UPF3A|DCP1A|E2F1|UPF3B|DCP1B|DHX34|DIS3|GTPBP2|DIS3L|HBS1L|PRKCD|VIP|DND1|DXO|EDC3|EDC4|PELO|YBX1|EIF3E|EIF4ENIF1|ERI1|ETF1|MAPKAPK2|EXOSC4|EXOSC5|SKIC2|ZC3H14|FBLL1|SKIC3|FTO|FXR2|GDNF|GSPT1|NOCT|GSPT2|GTSF1|HNRNPAB|IGF2BP1|PRKCA|TRIM71|A1CF|IGF2BP2|IGF2BP3|MYD88|LARP1B|LARP4B|SMG1|ALKBH5|LSM14B|ANGEL2|MEX3D|APOBEC1|MOV10|MRTO4|NANOS1|NANOS2|EXOSC2|NANOS3|EXOSC7|NICOL1|EXOSC8|EXOSC9|NT5C3B|NUDT12|VIM|PATL1|CNOT6L|PATL2|PIWIL1|PIWIL2|PKP1|PLEKHN1|PNLDC1|PNRC1|CSDC2|PNRC2|PRR5L|PYM1|RBM33|RBM46|DHX36|RIDA|FASTKD5|HNRNPA0|SAMD4A|SAMD4B|SECISBP2|AXIN2|PUM1|SERBP1|ROCK1|SLFN14|MTPAP|SMG8|SMG9|NBDY|SND1|TENT5A|TENT5B|TENT5C|SKIC8|TENT5D|TNRC6A|PAN2|TNRC6B|PAN3|TNRC6C|TOB1|PNPT1|TRAF5|TTC5|PDE12|PUM2|TUT4|TUT7|UPF2|RNH1|YBX3|YTHDF1|ZAR1|ZC3H12D|RNASEL|ZFP36L2|ZHX2|TRAF2|SSB|TBRG4|TENT2|TENT4A|TENT4B|NBAS|TIRAP|AGO4|CASC3|TUT1|XRN2|ZFP36L1|CELF1|ZCCHC7|CIRBP|DIS3L2|NUDT16L1|PIAS4|DCPS|SMG7|YTHDF2|YTHDF3|ZC3HAV1|DDX5|ELAVL1|SLC11A1|DHX9|POLR2G|EIF4A3|ELAVL4|PKP3|ERN1|RC3H1|RC3H2|EXOSC10|FASTK|FMR1|FUS|LARP1|MEIOC|HNRNPC|HNRNPU|HSPA1A|FASTKD2|FASTKD3|TESK1|ATM|KHSRP|LSM1|LSM2|ARID5A|LSM4|LSM5|LSM6|LSM7|PABPC4|TNKS1BP1|MAGOH|MAGOHB|METTL14|METTL16|METTL3|TRAF3IP2|NCBP1|FAM76B|NCBP2|FXR1|NPM1|NRDE2|PABPC1|DCP2|PCBP4|EXOSC3|EXOSC6|SCGB1A1|IREB2|ZC3H12A|APEX1|MAPK14|QKI|HNRNPD|RBM10|RBM24|FASTKD1|RBM38|ROCK2|RBM47|RBM8A|SUPV3L1|MLH1,https://www.gsea-msigdb.org/gsea/msigdb/human/geneset/GOBP_MRNA_CATABOLIC_PROCESS,259,ENR,GOBP_MRNA_CATABOLIC_PROCESS,1,1.4056225E-2,GOBP_MRNA_CATABOLIC_PROCESS,FALSE,GOBP_MRNA_CATABOLIC_PROCESS
,2.71432976660709,2.71432976660709,2.71432976660709,1,,3.2490644999999999E-2,,SELENOS|IRF7|MIF|CCL5|GAS6|GHSR|GATA1|ITPKB|CCR5|NOD2|EPO|CLEC5A|KITLG|SNAI2|STAT5B|FCER1G|MAEA|STAT5A|APOH|BCL2,https://www.gsea-msigdb.org/gsea/msigdb/human/geneset/GOBP_NEGATIVE_REGULATION_OF_MYELOID_CELL_APOPTOTIC_PROCESS,20,ENR,GOBP_NEGATIVE_REGULATION_OF_MYELOID_CELL_APOPTOTIC_PROCESS,1,0,GOBP_NEGATIVE_REGULATION_OF_MYELOID_CELL_APOPTOTIC_PROCESS,FALSE,GOBP_NEGATIVE_REGULATION_OF_MYELOID_CELL_APOPTOTIC_PROCESS
3,2.71432976660709,2.71432976660709,2.71432976660709,1,,3.4860946E-4,,MTMR3|ATG12|ATG2A|ATG2B|ATG3|P2RX7|EPM2A|GAA|GABARAPL1|PSEN1|PI4KB|MTOR|PIK3C2B|PIK3C3|PIKFYVE|PIP4K2A|AP3B1|PIP4K2B|PIP4K2C|MFN2|ATF2|ATP13A2|NPR2|RB1CC1|STBD1|NDP|PLA2G5|BNIP3|PPT1|WDR45|WDR45B|WIPI1|WIPI2|CHMP4A|CHMP4B|CLN8|AP4M1|AP5Z1|EMC6|ARL8B|NUPR1|CLN3|PINK1|FEZ1|SH3GLB1|RAB3GAP1|RAB3GAP2|RAB7A|IRGM|MAN2A1|ATP6V0C|SCARB2|GABARAPL2|GBA1|MOAP1|MFSD8|MTM1|LAMP1|LAPTM5|TREX1|VPS54|LRRK2|AMBRA1|ARFIP2|ATG10|ATG101|ATG13|ATG16L1|ATG16L2|ATG4A|ATG4B|ATG4C|ATG4D|ATG5|ATG7|ATG9A|ATP6AP1|ATG9B|ATP6AP2|ATP2A2|ATP6V0A1|RAB14|RAB1A|BAG3|RAB1B|ATP6V0B|C9ORF72|RAB33B|ATP6V1A|RAB34|CHEK2|ATP6V1D|CHMP1A|CHMP1B|CHMP2A|ATP6V1F|CHMP2B|RAB7B|CHMP3|CHMP4C|CHMP5|ATP6V1H|CHMP6|CHMP7|CTSD|DNAJC16|EFNB1|ELAPOR1|RNASEK|ELAVL1|SCFD1|EPHB2|SEC22B|FEZ2|GABARAP|IFT20|IFT88|IRGQ|LAMP2|LRBA|LRSAM1|MAP1LC3A|MAP1LC3B|MAP1LC3B2|MAP1LC3C|STX17|MCOLN1|VPS35|TBC1D14|STING1|TCIRG1|TMEM175|NSFL1C|PACS2|PHF23|RAB19|RAB23|RAB33A|RAB39A|RAB43|RAB5A|RALB|RETREG1|RETREG2|RETREG3|ATG14|ATM|BECN1|RNF186|RNF5|RUFY4|SMCR8|SMURF1|SNAPIN|SNX18|SNX30|SNX4|SNX7|ABCA1|ACP2|SPG11|AKTIP|ANXA2|ARSB|ARSG|ATP10B|B4GALNT1|STX12|CLN5|CLN6|TBC1D12|CLVS1|CLVS2|CORO1A|CREG1|EXT1|FHIP1B|FNIP1|TMEM39A|GNPTAB|TMEM41B|GRN|HEXA|TOM1|HID1|LIPA|TP53INP1|HOOK1|TP53INP2|HOOK2|TRAF6|HOOK3|HPS1|TRIM32|HPS4|HSD17B1|EHMT2|LAMTOR1|FIG4|LAPTM4B|LYSET|MBTPS1|MYO7A|UBQLN1|NAGLU|UBQLN2|NAGPA|UBXN2A|OCA2|UBXN2B|PPP3CB|RAB20|SLC45A2|SPNS1|SRPX|ULK1|SYT7|ULK2|TASL|ULK3|TFE3|TFEB|TMEM106B|TMEM165|VIPAS39|TMEM63A|VMP1|TMEM9|VPS16|TPCN2|TPP1|HEXB|VPS11|VPS18|VPS33A|WASHC5|VPS33B|ZKSCAN3|VPS4A|VPS4B|ZFYVE26|FLCN,https://www.gsea-msigdb.org/gsea/msigdb/human/geneset/GOBP_VACUOLE_ORGANIZATION,242,ENR,GOBP_VACUOLE_ORGANIZATION,1,0,GOBP_VACUOLE_ORGANIZATION,FALSE,GOBP_VACUOLE_ORGANIZATION
,2.4141373562346402,2.4141373562346402,2.4141373562346402,0.99614643540000003,,2.9627156000000002E-2,,IAPP|GIPC1|MTMR9|AKT2|HSPA1B|HSP90AB1|DAZAP2|C10ORF90|CD74|CD81|PINX1|PPP1R10|PDCD10|PTGES3|AAK1|ABTB3|HCFC1|ADGRV1|CREB1|AFM|AHSA1|AHSP|ANK2|IGF1|APTX|ASDURF|SENP2|ATP1B2|ATP1B3|B4GALT5|BAG1|SIRT6|BRINP1|CBLC|ZBED3|CDC37L1|CDKN2AIP|CPN2|SRC|CREBL2|CRTAP|CTNND1|MT3|CEP63|DAD1|MTOR|DDI1|DDI2|NR1D1|DDOST|DNAAF10|DNAAF2|MDM2|TCP1|DSC3|SMO|DSG1|NEDD4L|DSG3|DVL3|STK3|EFNA1|STK4|FREY1|HAPSTR2|HIP1|NDC80|PANO1|HYPK|ID1|IFI30|PPP1CA|IFT46|INSC|ISOC2|KDF1|UBE2B|KLF1|USP37|LSS|USP7|MAPK8IP3|MDM4|MOSMO|MYLIP|WIZ|NAA15|NAA16|NAA30|NCKAP1|AURKA|NLK|OTUD3|P3H1|PAQR4|PDCL3|BCL2|PDRG1|FLOT1|PER3|FLOT2|PFDN2|PFDN6|PFN1|PFN2|TADA3|RABL3|TRIM37|RNF149|RPAP3|TP53|BAG6|RPS7|USP33|SAV1|UXT|SERF1A|TAF9|SERF1B|TARDBP|CAMLG|SERF2|SOX17|SOX4|SPAG1|TBX3|TESC|TMC6|TMEM25|TMEM88|TRIM24|TSPAN1|USP12|USP2|USP24|CLU|RAD23A|RPL23|USP34|USP35|USP40|USP42|USP46|USP47|COA8|USP48|USP9Y|UTP25|SUGT1|TAF1|GET1|ASPH|RPL11|BBOF1|GET4|DNAJA3|SIAH1|TF|USP4|NOP53|SIAH3|PRKCD|CCDC88C|PARK7|PTEN|WNT10B|PINK1|SUMO1|COG3|SYVN1|TBL1X|COG7|COMMD1|USP10|GSN|NCLN|SH3GLB1|HDAC6|SNCA|TRIM39|A1CF|HIP1R|CMTM6|PEX19|HSPD1|PRNP|CUL3|IRGM|CDC73|LMNA|USP26|XBP1|PPIB|USP9X|PIM1|MSX1|NF2|RAB21|GGA3|SLC51B|GOLGA7|POLR2E|PYHIN1|MFSD8|BAG4|RTN4|GLMP|CDKN2A|HTT|DNLZ|MUL1|RNF128|CREBBP|CSNK2A1|PPARGC1A|VHL|PARVA|UBL4A|LAMP1|TREX1|BMP2|LRRK2|PEX6|PIN1|PHB1|PIM2|ZNF207|STXBP4|NAPG|TAF9B|CCAR2|CAPN3|PYCARD|TNIP2|PLPP3|GPIHBP1|ATP1B1|IFT80|MORC3|TRIM21|BAG3|CCNH|CDK7|CASP3|CDC37|TYROBP|CHEK2|RASSF2|USP18|FLNA|USP27X|USP29|USP38|HDAC3|SMAD3|SEL1L|PLK1|PML|URI1|YWHAZ|DDRGK1|RNF139|TMC8|TERT|PRKDC|PHB2|SEC16A|DACT1|FBXO7|FBXW7|MFSD1|FBXW11|CTSA|FAM107A|RUVBL1|RUVBL2|SMAD7|SIRT1|TOMM7|LAMP2|CSN3|USP5|MCM8|USP30|VPS35|WDR81|PEX2|HSPA1A|RASSF1|GNAQ|HSPA8|STXBP1|CTSH|USP1|APOA1|KAT2A|APOA2|TELO2|KHDRBS1|USP13|USP19|TTI1|USP25|TTI2|WFS1|RNF5|USP28|SWSAP1|CCT2|CHP1|SEPTIN8|CCT3|CCT4|CCT5|CCT6A|CCT7|CCT8|TPR|EPHA4|ZSWIM7|SREBF1|STUB1|STX12|NPM1|MARCHF7|KDM8|GRN|PIK3R1|SAXO1|HPS4|TSC1|UBR4|USP8|BAG2|BAG5|PRKN|BTRC|PRKRA|UFL1|FBXO4|USP36|CHFR|CRYAB|TRIM44|GNL3L|VPS11|GTPBP4|DCAF11|DERL1|H1-5|DVL1|HDAC8|QRSL1|HSP90AA1|GBA3|IP6K2|FBXL3|EP300|CALR|MAPK1|GAPDH|PIH1D1|PIH1D2|TBRG1|RPL5|MTMR1,https://www.gsea-msigdb.org/gsea/msigdb/human/geneset/GOBP_REGULATION_OF_PROTEIN_STABILITY,366,ENR,GOBP_REGULATION_OF_PROTEIN_STABILITY,1,3.8535646000000001E-3,GOBP_REGULATION_OF_PROTEIN_STABILITY,FALSE,GOBP_REGULATION_OF_PROTEIN_STABILITY
4,1.7015679786283699,1.7015679786283699,1.7015679786283699,0.98011928400000004,,8.7997469999999994E-2,,TMEM230|TOR1A|TRIM46|BLOC1S6|AP3B1|KIF1B|KIF5A|KIF5B|RAB3A|KIF5C|KIFC2|SNAPIN|LIN7A|LIN7B|LIN7C|MAP2|PINK1|BLOC1S1|MX1|MX2|SPG11|AP3B2|AP3M1|AP3M2|BLOC1S2|PDZD11|BLOC1S3|SNCA|BLOC1S4|RAB27A|BLOC1S5|BORCS5|CTNNB1|CDK5|BTBD8|SLC2A4|AP1G1|LRRK2|AP3D1|AP3S1|AP3S2|SYNJ1|DNM2|DNM1|DNM3|DTNBP1|PRKN,https://www.gsea-msigdb.org/gsea/msigdb/human/geneset/GOBP_SYNAPTIC_VESICLE_TRANSPORT,47,ENR,GOBP_SYNAPTIC_VESICLE_TRANSPORT,1,1.9880716E-2,GOBP_SYNAPTIC_VESICLE_TRANSPORT,FALSE,GOBP_SYNAPTIC_VESICLE_TRANSPORT
27,2.2077241144525201,2.2077241144525201,2.2077241144525201,0.99380165300000001,,6.8453394000000001E-2,,HDAC4|SETD3|ANTKMT|CAPN3|SMYD2|KAT5|KAT7|NSMCE1|HDAC9|NSMCE2|TRPM4|KMT5A|NSMCE3|NSMCE4A|VCPKMT|DIP2A|ATPSCKMT|BLOC1S1|PIAS3|SIRT4|SIRT5|ATAT1|CTH|EGR1|USPL1|PIAS4|SENP2|PML|SUMO4|RANBP2|SMC5|SMC6|CSKMT|LOXL3|MDM2|PIAS2|RWDD3|SENP3|SETD2|SETD7|ZNF451|P3H4|SIRT1|SLF1|SLF2|BAG6|TRIM28|NDUFAB1|PIAS1|IFIH1|HINT1|ZBED1|SENP6|JMJD6|KAT2A|KAT2B|UBE2I|SENP1|NAT8|PLOD2|PLOD3|PARK7|PLOD1|SUMO1|SUMO2|BCL11A|TOPORS|CBX4|DHPS|SIRT3|DIP2B|STX1A|DOHH|EGR2|FSCB|HMG20A|TRIM38|HMG20B|IVL|CTNNB1|KIAA1586|KLF15|LIPT2|LOXL2|NFATC2IP|NNAT|P3H3|RASD2|SENP5|SUMO3|TOLLIP|UBA2|UHRF2|ZMIZ1|EHMT2|ZMIZ2|EID3|ESCO1|SENP7|VIPAS39|TRIM27|GNL3|GNL3L|HDAC7|VPS33B|RANGAP1|EEF1AKMT1|DESI1|EEF1AKMT2|EEF1AKMT3|CDKN2A|EEF2KMT|ARNT|EHMT1|MUL1|RELA|SETD6|CREBBP|METTL18|LOX|METTL21C|EP300|RNF212|EYA1|SIRT2|SAE1,https://www.gsea-msigdb.org/gsea/msigdb/human/geneset/GOBP_PEPTIDYL_LYSINE_MODIFICATION,126,ENR,GOBP_PEPTIDYL_LYSINE_MODIFICATION,1,6.1983469999999999E-3,GOBP_PEPTIDYL_LYSINE_MODIFICATION,FALSE,GOBP_PEPTIDYL_LYSINE_MODIFICATION
14,2.71432976660709,2.71432976660709,2.71432976660709,1,,1.8110951E-2,,ST3GAL2|FUT1|GAA|FUT8|NPC1|MGAT2|MOGS|MAN1B1|HEXB|AMY1A|B3GALNT1|B3GALT2|B3GALT4|B3GALT5|CTBS|FUT2|FUT4|GBA3|FUT3|FUT7|GLA|FUT6|FUT9|GAL3ST4|GM2A|IDUA|MAN2B1|ST3GAL3|B4GALT1|MAN2B2|MAN2C1|MANBA|ST6GALNAC3|MGAM|ST6GALNAC4|MPDU1|ST3GAL6|ST6GAL2|LCT|ST6GALNAC1|ST6GALNAC5|ST6GALNAC6|SI|ST8SIA1|ST8SIA2|ST8SIA3|B3GALT1|ST8SIA4|B4GALNT2|NAGA|ST3GAL4|ST8SIA5|ST8SIA6|NEU1|TREH|NEU3|NEU4,https://www.gsea-msigdb.org/gsea/msigdb/human/geneset/GOBP_OLIGOSACCHARIDE_METABOLIC_PROCESS,57,ENR,GOBP_OLIGOSACCHARIDE_METABOLIC_PROCESS,1,0,GOBP_OLIGOSACCHARIDE_METABOLIC_PROCESS,FALSE,GOBP_OLIGOSACCHARIDE_METABOLIC_PROCESS
3,2.0863598471779401,2.0863598471779401,2.0863598471779401,0.99180327899999998,,8.1620650000000003E-2,,CAMKK2|FBXO7|HK2|AMBRA1|VDAC1|ATP5IF1|SLC25A4|SLC25A5|GBA1|TOMM7|PARK7|PINK1|HTT|MUL1|CDC37|VPS13D|CERS1|STUB1|BNIP3|HDAC6|NOD2|HUWE1|DELE1|IRGM|EIF2AK1|UBE2A|PRKN,https://www.gsea-msigdb.org/gsea/msigdb/human/geneset/GOBP_POSITIVE_REGULATION_OF_AUTOPHAGY_OF_MITOCHONDRION,27,ENR,GOBP_POSITIVE_REGULATION_OF_AUTOPHAGY_OF_MITOCHONDRION,1,8.1967210000000006E-3,GOBP_POSITIVE_REGULATION_OF_AUTOPHAGY_OF_MITOCHONDRION,FALSE,GOBP_POSITIVE_REGULATION_OF_AUTOPHAGY_OF_MITOCHONDRION
15,2,2,2,0.99,,7.7346600000000001E-2,,IRF3|HDAC4|IRF7|PPARG|CACTIN|SAMHD1|DNAJA3|TRAF3|NR1H2|IFI27|NR1H3|WNT5A|LSM14A|TRIM41|CR2|METTL3|TRIM56|TRIM6|TRIM65|AZI2|TTLL12|CDC37|ARG1|MAVS|IFNL1|UBE2K|USP18|MMP12|USP27X|USP29|TBK1|PTPN11|IFITM1|ADAR|IFITM2|MYD88|IFITM3|YTHDF2|YTHDF3|STAT2|ISG15|MED1|NLRC5|ZBP1|IFNAR2|JAK2|CIITA|IFNGR2|IRGM|OTOP1|OAS3|OASL|EPG5|CNOT7|IFNGR1|PARP14|TBKBP1|DCST1|TXK|IFNE|TYK2|PTPN1|PTPN2|IFNAR1|PTPN6|EIF4E2|IFNA5|IFNG|IFNLR1|JAK1|IL10RB|FADD|MUL1|OAS1|GIGYF2|SP100|TP53|RNF185|GPR108|OAS2|STING1|PARP9|TREX1|HPX|HCK|IFIH1|RBM47|SIN3A|IFNK|IKBKE|RAF1|SMIM30|STAT1|IRAK1|TANK|IRF1,https://www.gsea-msigdb.org/gsea/msigdb/human/geneset/GOBP_INTERFERON_MEDIATED_SIGNALING_PATHWAY,96,ENR,GOBP_INTERFERON_MEDIATED_SIGNALING_PATHWAY,1,0.01,GOBP_INTERFERON_MEDIATED_SIGNALING_PATHWAY,FALSE,GOBP_INTERFERON_MEDIATED_SIGNALING_PATHWAY
6,1.94035043222255,1.94035043222255,1.94035043222255,0.98852772450000004,,9.3453099999999997E-2,,PMAIP1|CAV1|XBP1|USP13|ERN1|WFS1|NCK1|DAB2IP|NCK2|BCAP31|SGTA|AGR2|PTPN1|SIRT1|PTPN2|ATF6|FCGR2B|BAK1|DDIT3|BAX|BBC3|APP|BCL2L11|RNF183|HERPUD1|RNFT1|STUB1|RNFT2|BAG6|RNF185|BOK|SERINC3|NFE2L2|PIK3R1|TMX1|TMEM259|TMEM33|ATXN3|UBQLN1|UBQLN2,https://www.gsea-msigdb.org/gsea/msigdb/human/geneset/GOBP_POSITIVE_REGULATION_OF_RESPONSE_TO_ENDOPLASMIC_RETICULUM_STRESS,40,ENR,GOBP_POSITIVE_REGULATION_OF_RESPONSE_TO_ENDOPLASMIC_RETICULUM_STRESS,1,1.14722755E-2,GOBP_POSITIVE_REGULATION_OF_RESPONSE_TO_ENDOPLASMIC_RETICULUM_STRESS,FALSE,GOBP_POSITIVE_REGULATION_OF_RESPONSE_TO_ENDOPLASMIC_RETICULUM_STRESS
21,2.71432976660709,2.71432976660709,2.71432976660709,1,,3.5047709999999998E-3,,MYC|TAF1|TAF11|TAF13|TAF3|TAF4B|TAF8|TBP|CAND1|WNT10B|PAXIP1|SETX|CREB1|GTF2A1|GTF2A2|HNF1A|HNF1B|NFKBIA|MED1|MED10|MED12|MED11|MED13|MED14|MED15|MED16|MED17|NFKB1|ERCC1|MED18|NKX2-5|MED19|MED20|SUB1|MED21|MED22|MED23|MED24|MED25|MED26|MED27|MED28|MED29|SRF|MED30|MED31|MED4|MED6|DHX36|MED7|MED8|MED9|XPA|ZNHIT1|KAT8|FOSL1|TAF2|TAF4|TAF5|CEBPA|TAF10|TAF6|TAF12|TAF7|TP53|TAF9|TWIST1|ERCC6|PSMC6|BCLAF1|JUN|MITF,https://www.gsea-msigdb.org/gsea/msigdb/human/geneset/GOBP_POSITIVE_REGULATION_OF_DNA_TEMPLATED_TRANSCRIPTION_INITIATION,72,ENR,GOBP_POSITIVE_REGULATION_OF_DNA_TEMPLATED_TRANSCRIPTION_INITIATION,1,0,GOBP_POSITIVE_REGULATION_OF_DNA_TEMPLATED_TRANSCRIPTION_INITIATION,FALSE,GOBP_POSITIVE_REGULATION_OF_DNA_TEMPLATED_TRANSCRIPTION_INITIATION
4,2.6830469956779899,2.6830469956779899,2.6830469956779899,0.99792531100000004,,1.0292137E-2,,ARFGAP3|SEC16A|TRAPPC4|TRAPPC5|TRAPPC6A|TRAPPC8|PDCD6|PEF1|GBF1|PPP6C|PREB|CEP19|KLHL12|WIPI1|TFG|TMED10|TMED2|CSNK1D|AP1AR|TMED9|TRAPPC1|CUL3|MAPK15|SAR1A|SAR1B|TRAPPC11|TRAPPC12|TRAPPC2|TRAPPC2B|TRAPPC2L|ARFGAP2|TRAPPC3,https://www.gsea-msigdb.org/gsea/msigdb/human/geneset/GOBP_VESICLE_TARGETING_TO_FROM_OR_WITHIN_GOLGI,32,ENR,GOBP_VESICLE_TARGETING_TO_FROM_OR_WITHIN_GOLGI,1,2.0746889999999998E-3,GOBP_VESICLE_TARGETING_TO_FROM_OR_WITHIN_GOLGI,FALSE,GOBP_VESICLE_TARGETING_TO_FROM_OR_WITHIN_GOLGI
20,2.71432976660709,2.71432976660709,2.71432976660709,1,,2.1787291E-2,,TRIM16|CARD18|CCL3|HK1|CD33|ERRFI1|FFAR1|TLR6|PYCARD|TNFAIP3|CCR7|ACP5|IL1R2|NR1H4|P2RX7|ARG2|WNT5A|SERPINB1|AIM2|TYROBP|ARRB2|EGR1|HMGB1|HDAC3|IGF1|SMAD3|USP50|CX3CL1|CX3CR1|CARD8|PML|CASP1|CASP8|STMP1|CD36|CEACAM1|FOXP1|PANX1|CPTP|FZD5|GSDMD|F2RL1|GBP5|GAS6|NOD1|NOD2|TMED10|F2R|IFI16|RAD21|IL16|IL17A|INAVA|APOA1|RIPK2|CARD16|LILRA2|CLEC7A|LGALS9|S100A13|ELF4|HAVCR2|SPHK1|FFAR4|MEFV|NLRP7|NAIP|MYD88|GSTP1|TNF|NLRC4|ISL1|JAK2|NLRP1|NLRP12|NLRP10|NLRP2B|NLRP3|LILRB4|HDAC2|HSPB1|STAT3|TREM2|GHRL|TLR4|GHSR|TLR8|AGER|LILRA5|ZC3H12A|IFNG|PYDC1|APP|NLRP2|RELA|ANXA1|SAA1|IL10|ORM1|IL6|ORM2|AZU1|PANX2|PANX3|SIRPA|CALCA|MALT1|CCL19|LPL|S1PR3|GIT1|TMEM106A,https://www.gsea-msigdb.org/gsea/msigdb/human/geneset/GOBP_INTERLEUKIN_1_PRODUCTION,112,ENR,GOBP_INTERLEUKIN_1_PRODUCTION,1,0,GOBP_INTERLEUKIN_1_PRODUCTION,FALSE,GOBP_INTERLEUKIN_1_PRODUCTION
12,2.71432976660709,2.71432976660709,2.71432976660709,1,,2.0693168000000001E-2,,FEM1A|AHR|PPARG|TNFAIP6|NDFIP1|CCN3|ENPP3|IER3|TNFAIP3|MVK|ACP5|CD200|CD200R1|NR1H2|NR1H3|NR1H4|YES1|ACOD1|TRIM65|SHARPIN|TYRO3|PPARD|PTPRC|FOXF1|IGF1|SMAD3|CX3CL1|INS|CXCL17|IL13|SRC|NFKB1|NR1D1|CYP19A1|CYLD|SOCS5|IL22RA1|ELANE|TNFRSF1B|DUSP10|PLK2|PLA2G10|PSMA1|FCGR2B|ADORA1|FGR|FPR2|SELENOS|PSMB4|VPS35|GATA3|GPS2|NPY|HCK|RB1|IL17A|PLCG1|SYT11|APOA1|IL33|FYN|ADORA2A|NT5E|APCS|ASH1L|C1QTNF12|TNFRSF1A|CDH5|PRKCD|CST7|DSG2|ELF4|LYN|EXTL3|HLA-DRB1|FAM76B|MDK|FFAR4|C1QTNF3|GPER1|IL12B|MEFV|GPX1|MFHAS1|FNDC4|FURIN|FXR1|HGF|GNAS|TRIM45|IL20RB|GPR17|GPR31|CLEC12A|GRN|GSTP1|IL22|IL22RA2|NLRC3|IL2RA|ISL1|NLRP12|SMPDL3B|IRGM|KRT1|NLRP3|LRFN5|RABGEF1|NLRX1|MACIR|NLRP6|MAPK7|METRNL|PGLYRP1|PPARA|MKRN2|MMP26|OTULIN|STAT3|TMSB4X|NPY5R|TREM2|NR1D2|NR5A2|GHRL|FOXP3|GHSR|AOAH|PTGER4|IL10RA|PPP1R13L|GBA1|PTPN2|PROC|PTPN6|PTGIS|SLC39A8|IL4|RHBDF2|ADIPOQ|MAPK14|RPS19|SBNO1|ALOX5|ARNT|SAA1|IL10|IL2|SIGLEC10|SOCS3|TAFA3|BCR|TEK|SIRPA|TNFAIP8L2|ADA|LDLR|SLAMF8|KLF4|UACA|RORA|SPN|LPCAT3|WFDC1|SOD1|GIT1|APOE|SYK,https://www.gsea-msigdb.org/gsea/msigdb/human/geneset/GOBP_NEGATIVE_REGULATION_OF_INFLAMMATORY_RESPONSE,168,ENR,GOBP_NEGATIVE_REGULATION_OF_INFLAMMATORY_RESPONSE,1,0,GOBP_NEGATIVE_REGULATION_OF_INFLAMMATORY_RESPONSE,FALSE,GOBP_NEGATIVE_REGULATION_OF_INFLAMMATORY_RESPONSE
17,2.71432976660709,2.71432976660709,2.71432976660709,1,,3.2365934E-3,,NAT10|NEK2|ARL2|CCNL1|CCNL2|CROCC|CDK11A|CDK11B|ARHGEF10|ATF5|BBS4|BNIP2|C10ORF90|C2CD3|CCDC102B|CCDC15|CCDC57|CENATAC|CCDC61|CCDC78|PAFAH1B1|CCP110|CDK5RAP2|CEP120|CEP131|CDK1|CEP135|CEP152|CEP192|CEP250|CEP295|CEP295NL|FES|CEP44|CEP68|CHMP1A|CEP72|CHMP1B|RAB6C|CEP76|CHMP2A|CEP85|CHMP2B|CETN2|CHMP3|CETN3|CHMP4C|BRSK1|CHD3|CHMP5|CHORDC1|PLK1|CKAP5|CNTLN|CNTROB|DEUP1|DZIP1|E2F4|GADD45A|HAUS1|HAUS2|CLASP1|HAUS3|BRCA2|CLASP2|HAUS4|HAUS5|CEP63|HAUS6|DCTN1|HAUS7|HAUS8|HEPACAM2|ITGB1BP2|KIAA0753|KIAA1614|KIF11|KIF15|KIF25|SLC16A1|MAP9|FBXW11|MCPH1|MDM1|NDC80|NIN|NUBP1|NUP62|ODF2|KIF3A|OFD1|KIF3B|PARD6A|PARD6B|GEN1|PARD6G|PCLAF|PCM1|SIRT1|PDE4DIP|PKD2|PKHD1|PLK2|PLK4|POC1A|POC5|AURKA|PPP1R12A|PPP1R35|RANBP1|RTTN|SAC3D1|SASS6|NDE1|SDCCAG8|FOXJ1|NDEL1|SGO1|BCL2L10|CCDC42|SPICE1|SSX2IP|STIL|TRIM37|TUBA1A|TUBE1|USP33|UXT|WDR62|WDR90|NSFL1C|PDCD6IP|CHMP4B|TMEM67|KAT2A|KAT2B|POC1B|UVRAG|XRCC2|XRCC3|ALMS1|CDK2|MARK4|NPM1|CTNNB1|DNM2|UBXN2B|CCNF|CDC20B|XPO1|GCC2|GOLGA2|VPS4B|BRCA1|CHEK1|RBM14|ROCK2|MCIDAS|FBXW5,https://www.gsea-msigdb.org/gsea/msigdb/human/geneset/GOBP_MICROTUBULE_ORGANIZING_CENTER_ORGANIZATION,159,ENR,GOBP_MICROTUBULE_ORGANIZING_CENTER_ORGANIZATION,1,0,GOBP_MICROTUBULE_ORGANIZING_CENTER_ORGANIZATION,FALSE,GOBP_MICROTUBULE_ORGANIZING_CENTER_ORGANIZATION
,2.41246054221843,2.41246054221843,2.41246054221843,0.99613152800000004,,7.1438150000000006E-2,,TICAM1|HDAC4|CAV1|CBLB|ANGPT1|FZR1|NDFIP1|PDCD6|PEF1|PSMD10|UBE2L3|KDM1A|NGF|TNIP1|NSMCE3|HSPBP1|BIRC7|PAXIP1|PIAS3|CDK5RAP3|GSK3A|GSK3B|EGR1|BCL10|BIRC2|BIRC3|PELI1|HDAC3|PIAS4|PLK1|SENP2|XIAP|KLHL40|PTTG1IP|UBB|NHLRC1|MAPK9|CRY1|DCUN1D3|FBXW7|RWDD3|FAM107A|GABARAP|NDFIP2|FANCM|SKP2|PRICKLE1|RNF111|MTA1|NOD2|UBE2N|UBE2V1|PHF23|UBE2V2|RASSF1|PIAS1|BMI1|DDX3X|INAVA|RCHY1|RBX1|RNF180|RIPK2|AXIN1|WFS1|DNAJA3|NOP53|SKP1|HSPA5|TSPYL5|PINK1|SPSB4|SPHK1|ARRDC4|COMMD1|MYCBP2|STUB1|TRIB3|NPM1|MARCHF7|RASD2|UBE2C|HUWE1|UBE2D1|TRAF6|TOLLIP|UBA2|UBE2S|CUL3|UBE3A|NMI|UBQLN1|VCP|PRKN|BTRC|PTPN22|FBXO4|ARRDC3|CDC20|TBC1D7|CHFR|HAMP|AIMP2|AMER1|DCUN1D1|DCUN1D2|GNL3|DCUN1D4|DCUN1D5|ZC3H12A|FANCI|FBXO33|RASSF5|RPS2|SEPTIN4|SPRTN|WBP1L|DERL1|CENPS|CENPX|DNAJB2|CDKN2A|ARNT|MUL1|LAPTM5|MALT1|LRRK2|CDC14B|SAE1|TANK,https://www.gsea-msigdb.org/gsea/msigdb/human/geneset/GOBP_POSITIVE_REGULATION_OF_POST_TRANSLATIONAL_PROTEIN_MODIFICATION,130,ENR,GOBP_POSITIVE_REGULATION_OF_POST_TRANSLATIONAL_PROTEIN_MODIFICATION,1,3.868472E-3,GOBP_POSITIVE_REGULATION_OF_POST_TRANSLATIONAL_PROTEIN_MODIFICATION,FALSE,GOBP_POSITIVE_REGULATION_OF_POST_TRANSLATIONAL_PROTEIN_MODIFICATION
1,2.71432976660709,2.71432976660709,2.71432976660709,1,,8.0241770000000004E-3,,TMEM170A|TMEM201|TOR1A|UBE2I|CTDNEP1|PAFAH1B1|CDK1|GPER1|VRK1|BANF1|CHMP1A|CHMP1B|CHMP2A|CHMP2B|CHMP3|CHMP4C|PRKCA|CHMP5|CHMP6|PLK1|CHMP7|DCTN1|ANKLE2|LMNA|BROX|EMD|UBXN2A|LEMD2|UBXN2B|NEMP1|PRKCB|REEP3|REEP4|TMEM43|TOR1AIP1|TOR1B|ATR|VPS4A|VPS4B|SPAST|ZMPSTE24|RCC1|TARDBP|NSFL1C|CHMP4A|CHMP4B|NEK6|AKAP8L|SIRT2|LPIN1|DES|DMPK|LMNB1|LMNB2|NUP155|NUP93|PARP11,https://www.gsea-msigdb.org/gsea/msigdb/human/geneset/GOBP_NUCLEAR_ENVELOPE_ORGANIZATION,57,ENR,GOBP_NUCLEAR_ENVELOPE_ORGANIZATION,1,0,GOBP_NUCLEAR_ENVELOPE_ORGANIZATION,FALSE,GOBP_NUCLEAR_ENVELOPE_ORGANIZATION
14,2.2463344253355002,2.2463344253355002,2.2463344253355002,0.99432892260000005,,5.004757E-2,,UGCG|PGAP1|SUMF1|FUT1|GAL3ST1|PGAP2|PGAP3|PGAP4|PIGA|PIGB|PIGC|PIGF|PIGG|B4GALT5|PIGH|PIGK|PIGL|PIGM|PIGN|PIGO|PIGP|PIGQ|PIGS|PIGT|PIGU|PIGV|PIGW|PIGX|PIGZ|M6PR|BAX|B3GALNT1|B3GALT2|B3GALT4|FUT2|FUT4|FUT6|FUT9|GAL3ST4|ST3GAL1|ST3GAL3|ABCA2|ST6GALNAC3|A3GALT2|ST6GALNAC4|ST3GAL6|ST6GALNAC5|ST6GALNAC6|ST8SIA1|ST8SIA2|ST8SIA3|B3GALT1|ST8SIA4|ST8SIA5|ST8SIA6|FA2H|GBGT1|ST3GAL2|PNLIPRP2|KIT|PRKCD|CWH43|LARGE1|B4GALNT1|CLN6|DPM1|SLC30A5|DPM2|DPM3|ENPP7|SMPD1|HEXA|ITGB8|NAGLU|A4GALT|SCARB2|B3GNT5|GPAA1|B4GALT3|B4GALT4|B4GALT6|AOAH|CERK|CREM|GAL3ST2|SCCPDH|ST3GAL5|TM9SF2|HEXB|UGT8|GBA1|MFSD8|FUCA1|GALC|GBA2|GBA3|GLA|GLB1|GM2A|LCT|NAGA|ST3GAL4|NEU1|NEU3|PRKAA1|NEU4|MPPE1,https://www.gsea-msigdb.org/gsea/msigdb/human/geneset/GOBP_LIPOSACCHARIDE_METABOLIC_PROCESS,107,ENR,GOBP_LIPOSACCHARIDE_METABOLIC_PROCESS,1,5.6710774000000002E-3,GOBP_LIPOSACCHARIDE_METABOLIC_PROCESS,FALSE,GOBP_LIPOSACCHARIDE_METABOLIC_PROCESS
19,2.71432976660709,2.71432976660709,2.71432976660709,1,,2.9439921000000001E-4,,MTMR10|MTMR11|MTMR12|MTMR14|MTMR2|MTMR3|MTMR4|MTMR6|MTMR7|MTMR8|HTR2A|MTMR9|NAAA|NAPEPLD|NR1H2|NR1H3|NR1H4|OCRL|OSBPL10|OSBPL8|PAFAH1B1|PCYT1A|PCYT1B|PCYT2|PDGFA|PDGFB|PEMT|PGAP2|PGAP3|PGAP4|PGP|PGS1|PI4K2A|PI4K2B|PI4KA|PI4KB|PIGA|PIGB|PIGC|INPP5K|PIGF|PIGG|PIGH|PIGK|PIGL|PIGM|PIGN|PIGO|PIGP|PIGQ|PIGS|PIGT|PIGU|PIGV|PIGW|PIGX|PIGZ|PIK3C2A|PIK3C2B|PIK3C2G|PIK3C3|PIK3CB|PIK3CD|PIK3CG|PIK3R3|PIK3R4|PIK3R5|PIKFYVE|PIP4K2A|PIP4K2B|PIP4K2C|PIP4P1|PIP4P2|PIP5K1A|PIP5K1B|PIP5K1C|PIP5KL1|PITPNM1|PITPNM2|PITPNM3|PLA1A|PLA2G10|PLA2G15|PLA2G1B|PLA2G2A|PLA2G2C|PLA2G2D|PLA2G2F|PLA2G3|PLA2G4A|PLA2G4B|PLA2G4C|PLA2G4D|PLA2G4E|PLA2G4F|PLA2G5|PLA2G6|PLA2G7|PLAAT1|ACSL3|PLAAT2|PLAAT3|PLAAT4|PLAAT5|PLB1|PLCB1|PLCB2|PLCB3|PLCB4|PLCD1|PLCE1|PLCG1|PLCG2|PLCH1|PLCH2|PLCL1|PLCL2|PLD1|PLD2|DDHD1|PLSCR1|PNLIPRP2|PNPLA3|PNPLA6|PNPLA7|PNPLA8|PON1|PTDSS1|PTDSS2|PTEN|PTPMT1|CLN3|PTPRQ|SACM1L|SCARB1|SELENOI|SERAC1|SERINC1|SERINC2|SERINC5|SH3GLB1|SH3YL1|SLC30A5|SLC44A1|SLC44A2|SLC44A3|SLC44A4|SLC44A5|SMG1|SMPD4|SYNJ1|SYNJ2|TAMM41|THEM5|TMEM150A|TMEM86B|TNFAIP8L3|TPTE2|TTC7A|TTC7B|VAC14|MTM1|PIK3CA|MPPE1|PISD|OSBPL5|PGAP1|RAB38|SPATA18|PHB2|ABCA3|ABHD12|ABHD12B|ABHD16A|ABHD3|ABHD4|ABHD5|ABHD6|ABHD8|ACP6|AGPAT1|AGPAT2|AGPAT3|AGPAT4|AGPAT5|AJUBA|ALOX15|APOA1|APOA2|APOA4|APOC1|ATG14|ATM|BECN1|BMX|BPNT1|BPNT2|UVRAG|CAPN2|CDIPT|CDS1|CDS2|CEPT1|CETP|CHAT|CHKA|CHKB|CHPT1|CHRM5|CRLS1|CWH43|DBI|DGKA|DGKB|DGKD|DGKE|DGKG|DGKH|DGKI|DGKK|DGKQ|DGKZ|DNAJC19|DPM1|DPM2|DPM3|EFR3A|EFR3B|ENPP2|ENPP6|ETNK1|ETNK2|PIK3R1|FABP3|FABP5|FAR1|FIG4|GALR2|GDE1|GDPD1|PRDX6|TAFAZZIN|GDPD3|GNPAT|GPAA1|GPAM|GPAT2|GPAT3|GPAT4|GPCPD1|GPLD1|HADHA|HDHD5|HTR2B|HTR2C|HYCC1|HYCC2|IMPA1|IMPA2|INPP1|INPP4A|INPP4B|INPP5A|INPP5B|INPP5D|INPP5E|INPP5F|INPP5J|INPPL1|IP6K1|IP6K2|IP6K3|IPMK|ITPKA|ITPKB|ITPKC|LCAT|LCLAT1|LDLR|LIPC|LIPH|LIPI|LPCAT1|LPCAT2|LPCAT3|LPCAT4|LPGAT1|LPIN1|MBOAT1|MBOAT2|MBOAT7|MECP2|MFSD2A|MTMR1,https://www.gsea-msigdb.org/gsea/msigdb/human/geneset/GOBP_GLYCEROPHOSPHOLIPID_METABOLIC_PROCESS,294,ENR,GOBP_GLYCEROPHOSPHOLIPID_METABOLIC_PROCESS,1,0,GOBP_GLYCEROPHOSPHOLIPID_METABOLIC_PROCESS,FALSE,GOBP_GLYCEROPHOSPHOLIPID_METABOLIC_PROCESS
3,2.71432976660709,2.71432976660709,2.71432976660709,1,,1.1092296E-2,,ATM|MTMR3|BECN1|RNF186|RNF5|ATG2A|SMCR8|NUPR1|SNX18|SNX30|PINK1|SNX4|FEZ1|RAB1B|C9ORF72|SNX7|CHEK2|SH3GLB1|TBC1D12|TMEM39A|RAB3GAP1|RAB3GAP2|TRIM32|EFNB1|EHMT2|MTOR|ELAPOR1|SCFD1|UBQLN2|EPHB2|SEC22B|FEZ2|ULK1|PIKFYVE|PIP4K2A|PIP4K2B|PIP4K2C|IFT20|IFT88|MOAP1|LRSAM1|MTM1|WDR45|TBC1D14|WIPI1|PHF23|LRRK2|RAB5A|RALB,https://www.gsea-msigdb.org/gsea/msigdb/human/geneset/GOBP_REGULATION_OF_AUTOPHAGOSOME_ASSEMBLY,49,ENR,GOBP_REGULATION_OF_AUTOPHAGOSOME_ASSEMBLY,1,0,GOBP_REGULATION_OF_AUTOPHAGOSOME_ASSEMBLY,FALSE,GOBP_REGULATION_OF_AUTOPHAGOSOME_ASSEMBLY
,1.90308998699194,1.90308998699194,1.90308998699194,0.98750000000000004,,9.1295260000000003E-2,,ARHGAP21|OPTN|HIKESHI|PRKD1|RAB1A|BHLHA15|CDC42|RAB1B|RAB29|RAB2A|CDK1|RAB33B|PDCD10|RAB6B|PI4K2A|PI4K2B|RAB8A|STK25|PLK1|RBSN|YWHAZ|CLASP1|CLASP2|ATP8B1|ATP8B2|ATP8B3|ATP8B4|SEC16A|SEC16B|CSNK1A1|SEC23IP|PLK3|PDE4DIP|SPTBN5|STX17|STX18|ARFGEF1|STX5|ARMH3|SURF4|DYM|DYNC2H1|FAM174B|FHDC1|TBC1D20|GARIN4|GOLGA6A|GOLGA6B|NSFL1C|TMED1|GOLGA6C|TMED10|GOLGA6D|TMED2|GOLGA8A|TMED3|GOLGA8B|TMED4|GOLGA8H|TMED5|GOLGA8J|TMED6|GOLGA8K|TMED7|GOLGA8M|TMED9|GOLGA8N|USP6NL|GOLGA8O|GOLGA8Q|GOLGA8R|RAB2B|TRAPPC11|AP5Z1|GOLGA8S|TRAPPC12|GOLGA8T|GOLGB1|RAB43|KIFC3|LYSMD3|RAB30|SYNE1|TANGO2|TJAP1|ZFP69B|ZNF501|TRAPPC8|TRIP11|HACE1|USO1|GORASP1|CAMSAP2|GORASP2|VAMP4|BET1|AKAP9|BLZF1|CAMSAP3|ARHGEF7|PLEKHM2|VPS51|VTI1A|VTI1B|COG1|YIPF4|COG2|YIPF5|COG3|COG4|YIPF7|COG5|COG6|ZW10|COG7|COG8|VRK1|ARL1|CORO7|CRYZL2P-SEC16B|CSNK1D|HOOK1|HUWE1|MAP2K1|NPLOC4|VPS13B|BAG5|EHD3|NAGLU|UBXN2A|UBXN2B|PRMT5|MAP2K2|GAK|PTK2B|VMP1|GBF1|GCC2|GOLGA2|GOLGA5|GOLPH3|GOLPH3L|HTT|VCPIP1|LMAN1|CUL7|LRRK2|MAPK1|MAPK3|MYO18A|FBXW8|MYO5A|OBSL1,https://www.gsea-msigdb.org/gsea/msigdb/human/geneset/GOBP_GOLGI_ORGANIZATION,153,ENR,GOBP_GOLGI_ORGANIZATION,1,1.2500000000000001E-2,GOBP_GOLGI_ORGANIZATION,FALSE,GOBP_GOLGI_ORGANIZATION
1,2.71432976660709,2.71432976660709,2.71432976660709,1,,4.2984290000000003E-3,,ATG14|BECN1|UMOD|RRAGC|TNFAIP3|AKT1|SMURF1|VPS13A|VPS13C|SNF8|VPS41|CD81|AP3M1|STAM|STAM2|SH3GLB1|GNPTAB|SQSTM1|RAB7A|IRGM|LAMTOR1|TSG101|GNPTG|GBP1|NAGPA|PIK3C3|M6PR|MFSD1|SCARB2|MON1A|MON1B|PIK3R4|NCOA4|AP3B1|HGS|VPS25|GCC2|LAMTOR5|VPS28|GGA3|ATP13A2|VPS36|LAMP2|VPS4A|SNX16|SORL1|SORT1|RTN4|GLMP|VPS53|GPR137B|VPS8|KICS2|ZFYVE16|KPTN|LAMTOR4|LMBRD1|MEAK7|RNF128|VPS13D|MVB12A|RRAGA|SH3BP4|NDP|NEDD4|SZT2|VPS37A|LAPTM5|VPS37B|VPS37C|VPS37D|VPS54|MVB12B|PTPN23|ROCK2|HSPA8|UBAP1|AP3D1|AP4M1|CLU,https://www.gsea-msigdb.org/gsea/msigdb/human/geneset/GOBP_PROTEIN_LOCALIZATION_TO_VACUOLE,80,ENR,GOBP_PROTEIN_LOCALIZATION_TO_VACUOLE,1,0,GOBP_PROTEIN_LOCALIZATION_TO_VACUOLE,FALSE,GOBP_PROTEIN_LOCALIZATION_TO_VACUOLE
1,2.6839471254531202,2.6839471254531202,2.6839471254531202,0.99792960659999996,,5.5614122999999996E-3,,LEMD2|UBXN2B|NEMP1|PRKCB|TOR1A|REEP3|UBE2I|REEP4|TMEM43|TOR1AIP1|TOR1B|CTDNEP1|ATR|VPS4A|VPS4B|SPAST|PAFAH1B1|RCC1|CDK1|GPER1|VRK1|BANF1|CHMP1A|CHMP1B|CHMP2A|CHMP2B|CHMP3|TARDBP|CHMP4C|PRKCA|CHMP5|CHMP6|NSFL1C|PLK1|CHMP7|CHMP4A|CHMP4B|NEK6|AKAP8L|SIRT2|LPIN1|DCTN1|ANKLE2|BROX|EMD|UBXN2A,https://www.gsea-msigdb.org/gsea/msigdb/human/geneset/GOBP_NUCLEAR_MEMBRANE_ORGANIZATION,46,ENR,GOBP_NUCLEAR_MEMBRANE_ORGANIZATION,1,2.0703933999999999E-3,GOBP_NUCLEAR_MEMBRANE_ORGANIZATION,FALSE,GOBP_NUCLEAR_MEMBRANE_ORGANIZATION
22,2.7007036893501701,2.7007036893501701,2.7007036893501701,0.99800796800000002,,2.6149540999999998E-2,,CNOT2|WRAP73|CNOT6|BECN1|POC1B|CROCC|CAPG|ATG2A|BBS4|ARHGAP35|NUMA1|ATG5|ATMIN|SNX18|CCDC15|RAB11FIP3|SNX30|CCDC88A|SNX4|CCP110|KCTD17|RHOA|SNX7|CEP120|CEP135|FUZ|DYNC1H1|MARK4|FSCN1|CEP295|GSK3B|SH3GLB1|GPSM2|MSN|MNS1|LCP1|TNF|CSF2|DZIP1|RP1|RAB3GAP1|SAXO1|RAB3GAP2|SEPTIN7|SRC|TRIM32|SEPTIN9|IL5|TAPT1|ELAPOR1|MAPK9|CNOT6L|ENTR1|ULK1|SDCBP|HAP1|NUP62|PIP4K2A|PIP4K2B|PIP4K2C|UBAP2L|IFT20|IFT88|ZMYND10|HSF1|MOAP1|PLK4|VPS4B|PPP1R35|LRSAM1|HTT|SASS6|PAN2|STX18|PAN3|ARHGEF5|STIL|SPAG5|WDR45|TTBK2|WIPI1|SDC1|SDC4|PDCD6IP|MAPK15|CAPRIN1|RALB|CNOT1,https://www.gsea-msigdb.org/gsea/msigdb/human/geneset/GOBP_POSITIVE_REGULATION_OF_ORGANELLE_ASSEMBLY,88,ENR,GOBP_POSITIVE_REGULATION_OF_ORGANELLE_ASSEMBLY,1,1.9920319999999999E-3,GOBP_POSITIVE_REGULATION_OF_ORGANELLE_ASSEMBLY,FALSE,GOBP_POSITIVE_REGULATION_OF_ORGANELLE_ASSEMBLY
12,2.71432976660709,2.71432976660709,2.71432976660709,1,,3.0929852000000001E-2,,FEM1A|C3|CCL3|ZDHHC9|ADORA2B|TNFRSF11A|TLR2|TNFSF11|CCR2|HTR2A|TLR6|TNFSF18|PYCARD|TNIP1|CCR7|NAPEPLD|CD47|CD81|WNT5A|CASP4|ZP3|AIM2|CEBPB|CASP3|CREB3L3|FFAR3|BTK|CX3CL1|GPRC5B|IL6ST|CASP1|ZBP1|ZDHHC5|FCGR1A|IDO1|KARS1|LGALS1|DHX9|GBP1|GBP3|DDT|PIK3CG|GSDMD|TNFSF4|FCER1G|PLA2G2A|FFAR2|PLA2G3|GBP2|GBP5|PLA2G7|HLA-E|GPSM3|IFI35|CTSC|IL16|IL17RA|PLCG2|IL1B|IL23A|IL33|TAC1|TNFRSF1A|NUPR1|TSLP|NKG7|PARK7|LBP|SNX4|CD28|AGT|MDK|IL12B|MEFV|IL18|SNCA|IL1RL1|NAIP|IL21|PDCD4|GRN|NFKBIA|TNF|TRPV4|NLRC4|NINJ1|NLRP1|NLRP12|NLRP10|NLRP3|LTA|NLRP6|NMI|HYAL2|IL15|TGFB1|C2CD4A|C2CD4B|NPY5R|TREM2|IL17RB|CAMK2N1|TLR3|ABCC1|CASP12|TLR4|CASP5|TLR7|VAMP8|CCN4|PTGER4|TLR9|CLOCK|ETS1|FABP4|LILRA5|GPR4|IFNG|LGALS2|MAP3K8|ADAM8|MAPK13|RPS19|MMP8|S100A12|OSMR|APP|S100A8|S100A9|SUCNR1|CEBPA|IL2|TRADD|IL6|TTBK1|OSM|TAFA3|SERPINE1|NFKBIZ|PTGER3|LDLR|PTGS2|RIPK1|LRRK2|PDE2A|MGST2|STAP1|SETD4|STAT5B|AGTR1|LPL|STAT5A|CCL24,https://www.gsea-msigdb.org/gsea/msigdb/human/geneset/GOBP_POSITIVE_REGULATION_OF_INFLAMMATORY_RESPONSE,153,ENR,GOBP_POSITIVE_REGULATION_OF_INFLAMMATORY_RESPONSE,1,0,GOBP_POSITIVE_REGULATION_OF_INFLAMMATORY_RESPONSE,FALSE,GOBP_POSITIVE_REGULATION_OF_INFLAMMATORY_RESPONSE
1,2.71432976660709,2.71432976660709,2.71432976660709,1,,2.478265E-2,,ZFAND2B|GET1|GET4|SEC61A1|GLP1R|SEC61A2|SEC61B|SEC61G|SEC62|SEC63|SGTA|ZFAND2A|SGTB|HSPA5|SRP14|SRP19|RAB10|SRP54|SRP68|SRP72|SRP9|SRPRA|SRPRB|SSR3|EDEM1|HERPUD1|TRAM1|BAG6|TRAM1L1|TRAM2|UBL4A|MAN1A1|VPS54|CHMP4A|CHMP4B|RAB3GAP1|RAB3GAP2|SPCS1|SPCS2|RYR2|SPCS3,https://www.gsea-msigdb.org/gsea/msigdb/human/geneset/GOBP_ESTABLISHMENT_OF_PROTEIN_LOCALIZATION_TO_ENDOPLASMIC_RETICULUM,41,ENR,GOBP_ESTABLISHMENT_OF_PROTEIN_LOCALIZATION_TO_ENDOPLASMIC_RETICULUM,1,0,GOBP_ESTABLISHMENT_OF_PROTEIN_LOCALIZATION_TO_ENDOPLASMIC_RETICULUM,FALSE,GOBP_ESTABLISHMENT_OF_PROTEIN_LOCALIZATION_TO_ENDOPLASMIC_RETICULUM
22,2.71432976660709,2.71432976660709,2.71432976660709,1,,1.3260447E-2,,MTMR3|CROCC|AKT1|HSPA1B|ATG2A|ATG3|BBS4|C10ORF90|CCDC15|CCP110|KCTD17|CDK5RAP2|CEP120|CEP135|CEP295|CEP295NL|GSK3B|PRKAA2|CEP76|SYNE2|CNTROB|DZIP1|SRC|MTOR|MAPK9|MDM1|PIKFYVE|CYLD|NUP62|PIP4K2A|ODF2|PIP4K2B|PIP4K2C|ADAMTS16|PLK2|PLK4|PRICKLE1|PPP1R35|SASS6|SDCCAG8|SPICE1|STIL|TRIM37|WDR45|WIPI1|CHMP4A|CHMP4B|HCK|USP6NL|RNF4|CAPRIN1|SENP6|ARF4|CNOT1|CNOT2|CNOT6|CAPG|LATS1|NUPR1|KIF9|MAP4|PINK1|FEZ1|RHOA|ALMS1|MARK4|FSCN1|USP10|GSN|SH3GLB1|MSN|KIF24|LCP1|TNF|RAB3GAP1|RAB3GAP2|RDX|CNOT6L|ENTR1|PATL2|EVI5|ABL1|SDCBP|NF2|PTK2B|HSF1|PTPRS|MOAP1|RIPOR2|SPTBN2|BRCA1|MTM1|NBDY|HTT|TBC1D10A|TBC1D10B|TBC1D10C|PAN2|TBC1D17|PAN3|LPAR1|TTBK2|LRRK2|MAPK15|CAV3|CCSAP|ATG5|RAB11A|RAB11FIP3|CEP97|RAB1B|C9ORF72|DRG1|DYNC1H1|CRIPT|EML3|CHEK2|CHMP1A|CHMP1B|CHMP2A|CHMP2B|CHMP3|GPSM2|CHMP4C|CHMP5|CHMP6|PLK1|CHMP7|CDK10|EFNB1|IL5|ELAPOR1|SCFD1|EPHB2|SEC22B|FEZ2|HAP1|IFT20|IFT88|LIMK2|LRSAM1|RCC1|STX18|SPAG5|TBC1D14|TBC1D20|SDC1|SDC4|HNRNPU|PDCD6IP|PHF23|HSPA1A|TRAPPC12|RAB5A|RALB|KAT2A|KAT2B|TESK1|WRAP73|ATM|BECN1|RNF186|POC1B|RNF5|SMCR8|ABI3|ARHGAP35|NUMA1|ARHGEF9|ATMIN|SNX18|CASKIN1|SNX30|CBLN1|CCDC88A|SNX4|CDKL1|CDKL5|TPR|DCDC2|SNX7|DYNC2LI1|DYNLT2B|EVI5L|FUZ|GAP43|GDI2|STAM|IFT140|INTU|LRFN1|LRFN4|LRRC4B|TBC1D12|LRRTM2|LUZP1|NPM1|TBC1D5|MAK|MARCHF7|MNS1|MPHOSPH9|GRID2|NOTO|TMEM39A|ODAD3|ODF2L|PTPRD|CSF2|RABEP2|RABGAP1|RP1|SAXO1|SEPTIN7|TRIM32|SEPTIN9|SGSM3|EHMT2|SMAD4|TSG101|STYXL1|TAPT1|TBC1D1|TBC1D13|TBC1D15|UBQLN2|TBC1D16|TBC1D19|TBC1D2|TBC1D21|TBC1D22A|TBC1D22B|EZR|TBC1D24|ULK1|TBC1D2B|FGFR1|TBC1D30|IL1RAP|TBC1D7|TBC1D8|TBC1D9B|TCHP|UBAP2L|WDPCP|WDR44|YAP1|VPS11|ZMYND10|LIMA1|VPS4B|ARHGEF5|RBM14|MCIDAS|PRKAA1,https://www.gsea-msigdb.org/gsea/msigdb/human/geneset/GOBP_REGULATION_OF_ORGANELLE_ASSEMBLY,255,ENR,GOBP_REGULATION_OF_ORGANELLE_ASSEMBLY,1,0,GOBP_REGULATION_OF_ORGANELLE_ASSEMBLY,FALSE,GOBP_REGULATION_OF_ORGANELLE_ASSEMBLY
11,2.2121876274215699,2.2121876274215699,2.2121876274215699,0.99386503100000001,,4.990414E-2,,INO80|INO80B|INO80C|RTEL1|INO80D|RUVBL1|ACTL6A|INO80E|RUVBL2|TFPT|ACTR5|ACTR8|UCHL5|MCRS1|ERCC1|XRCC1|ERCC4|NFRKB|YY1,https://www.gsea-msigdb.org/gsea/msigdb/human/geneset/GOBP_REGULATION_OF_TELOMERE_MAINTENANCE_IN_RESPONSE_TO_DNA_DAMAGE,19,ENR,GOBP_REGULATION_OF_TELOMERE_MAINTENANCE_IN_RESPONSE_TO_DNA_DAMAGE,1,6.1349689999999997E-3,GOBP_REGULATION_OF_TELOMERE_MAINTENANCE_IN_RESPONSE_TO_DNA_DAMAGE,FALSE,GOBP_REGULATION_OF_TELOMERE_MAINTENANCE_IN_RESPONSE_TO_DNA_DAMAGE
9,2.2139602468853998,2.2139602468853998,2.2139602468853998,0.99389002049999997,,6.1701279999999997E-2,,TENT4B|NBAS|RNPS1|CASC3|TUT1|XRN2|CSDE1|ZFP36L1|PARN|ZCCHC7|DIS3L2|DCPS|SMG7|DDX5|SMG5|SMG6|DHX9|POLR2G|CNOT7|EIF4A3|PABPN1L|RC3H1|RC3H2|EXOSC10|PAIP1|XRN1|SYNCRIP|HNRNPU|THRAP3|AGO1|AGO2|BTG2|ZFP36|CAPRIN1|CNOT1|CNOT10|TESK1|CNOT11|CNOT2|CNOT3|CNOT4|ATM|CNOT6|CNOT8|CNOT9|CPEB3|LSM1|CTIF|UPF1|UPF3A|DCP1A|UPF3B|DCP1B|LSM4|DHX34|LSM7|DIS3|GTPBP2|HBS1L|TNKS1BP1|MAGOH|MAGOHB|DXO|EDC3|EDC4|PELO|YBX1|EIF3E|EIF4ENIF1|ERI1|ETF1|EXOSC4|EXOSC5|NCBP1|SKIC2|NCBP2|SKIC3|GSPT1|NOCT|GSPT2|HNRNPAB|IGF2BP1|A1CF|PABPC1|DCP2|SMG1|APOBEC1|MRTO4|EXOSC2|EXOSC7|EXOSC8|EXOSC9|NT5C3B|PATL1|CNOT6L|PATL2|EXOSC3|EXOSC6|PNLDC1|PNRC1|PNRC2|PYM1|DHX36|ZC3H12A|SAMD4A|SAMD4B|SECISBP2|MTPAP|SMG8|SMG9|NBDY|SKIC8|HNRNPD|TNRC6A|PAN2|TNRC6B|PAN3|TNRC6C|TOB1|PDE12|TUT4|TUT7|UPF2|ZFP36L2|SSB|RBM8A|MLH1|TENT2|TENT4A,https://www.gsea-msigdb.org/gsea/msigdb/human/geneset/GOBP_NUCLEAR_TRANSCRIBED_MRNA_CATABOLIC_PROCESS,129,ENR,GOBP_NUCLEAR_TRANSCRIBED_MRNA_CATABOLIC_PROCESS,1,6.1099795000000004E-3,GOBP_NUCLEAR_TRANSCRIBED_MRNA_CATABOLIC_PROCESS,FALSE,GOBP_NUCLEAR_TRANSCRIBED_MRNA_CATABOLIC_PROCESS
33,1.91115763175758,1.91115763175758,1.91115763175758,0.98773006200000002,,4.1807070000000002E-2,,CACTIN|MTURN|PSMD10|PYCARD|BCL3|NR0B2|TRAF3|NUPR1|CHP1|TRIM21|EIF2AK4|LRRC14|PAXIP1|SUMO1|ACOD1|HAVCR2|AIM2|CMKLR1|CDK5RAP3|PEX14|ARRB2|COMMD1|FLNA|SIK1|NFKBIA|NFKBIL1|NLRC3|NLRC5|ARRB1|MEN1|NLRP2B|ADORA3|BRMS1|PHB2|CHUK|COMMD6|COMMD7|FOXS1|HEYL|MAP3K10|OTULIN|NWD1|PIAS2|RNF2|UFL1|RWDD3|TCEAL7|TMIGD3|ZNF431|PIM1|FOXP3|ID1|CYLD|PARP10|USP7|SIRT1|ID2|CYP1B1|PKHD1|ERBIN|ESR1|PYDC1|ADGRG3|TRIM40|CEBPG|SETD6|ID3|GFI1|TRIM37|PBX1|PRMT2|RBCK1|RB1,https://www.gsea-msigdb.org/gsea/msigdb/human/geneset/GOBP_NEGATIVE_REGULATION_OF_DNA_BINDING_TRANSCRIPTION_FACTOR_ACTIVITY,73,ENR,GOBP_NEGATIVE_REGULATION_OF_DNA_BINDING_TRANSCRIPTION_FACTOR_ACTIVITY,1,1.2269937999999999E-2,GOBP_NEGATIVE_REGULATION_OF_DNA_BINDING_TRANSCRIPTION_FACTOR_ACTIVITY,FALSE,GOBP_NEGATIVE_REGULATION_OF_DNA_BINDING_TRANSCRIPTION_FACTOR_ACTIVITY
17,2.71432976660709,2.71432976660709,2.71432976660709,1,,1.5277011E-2,,KAT2B|NAT10|POC1B|ARHGEF10|C10ORF90|C2CD3|CCDC15|CCDC57|CENATAC|XRCC3|CCP110|CDK5RAP2|CEP120|CEP131|CEP135|ALMS1|CDK2|CEP152|CEP192|CEP295|CEP295NL|CEP44|CHMP1A|CEP72|CHMP1B|RAB6C|CEP76|CHMP2A|CEP85|CHMP2B|NPM1|CETN2|CHMP3|CHMP4C|BRSK1|CHMP5|CHORDC1|CKAP5|CNTROB|DEUP1|BRCA2|CEP63|ITGB1BP2|KIAA0753|CCNF|MDM1|NDC80|NUBP1|NUP62|OFD1|XPO1|GEN1|SIRT1|PKD2|PKHD1|PLK2|PLK4|POC1A|VPS4B|POC5|PPP1R35|BRCA1|RTTN|SAC3D1|SASS6|NDE1|SPICE1|STIL|RBM14|TRIM37|USP33|WDR62|WDR90|PDCD6IP|CHMP4B|ROCK2|TMEM67|FBXW5|KAT2A,https://www.gsea-msigdb.org/gsea/msigdb/human/geneset/GOBP_CENTROSOME_DUPLICATION,79,ENR,GOBP_CENTROSOME_DUPLICATION,1,0,GOBP_CENTROSOME_DUPLICATION,FALSE,GOBP_CENTROSOME_DUPLICATION
3,2.71432976660709,2.71432976660709,2.71432976660709,1,,0,,HIF1A|MTMR14|HK2|MTMR3|ADCY10|MTMR8|AKT1|ATP5IF1|ATG12|ATG2A|OGT|ATG2B|ATG3|EPM2A|BCL2L13|GAA|GABARAPL1|GSK3A|PRKAA2|PSEN1|SRC|MTOR|UCHL1|PIK3C2B|PIK3C3|PIK3R4|PIKFYVE|PIP4K2A|PIP4K2B|PIP4K2C|MFN2|ATP13A2|RB1CC1|RUBCNL|STBD1|TIGAR|TP53|BNIP3|WDR45|BNIP3L|WDR45B|PLAA|WIPI1|WIPI2|CDK5|CDK5R1|CHMP4A|CHMP4B|AP4M1|AP5Z1|EMC6|ARL8B|DCN|NIPSNAP2|DNM1L|NUPR1|CLN3|PINK1|FEZ1|FUNDC1|SH3GLB1|HDAC6|NPC1|HTRA2|HUWE1|RAB3GAP1|RAB3GAP2|SPTLC1|RAB7A|SPTLC2|IRGM|KDR|VCP|EXOC1|ATP6V0C|EXOC4|EXOC8|GABARAPL2|GBA1|MOAP1|IL4|MFSD8|MTM1|HTT|MUL1|PIK3CA|CSNK2A1|PRKACA|VPS37A|VPS37B|VPS37C|VPS37D|PARL|LRRK2|LYPLA1|PEX5|PGAM5|ZDHHC19|PIM2|HDAC10|POLDIP2|ABI2|ACBD5|ADRB2|OPTN|AFG2B|AMBRA1|ARFIP2|ARHGAP26|KAT5|ARMC3|ATG10|ATG101|ATG13|ATG16L1|ATG16L2|ATG4A|ATG4B|ATG4C|ATG4D|ATG5|ATG7|ATG9A|ATG9B|ATP2A2|ATP6V0A1|ATP6V0A2|AUP1|RAB1A|BAG3|RAB1B|ATP6V0B|C9ORF72|ATP6V0D1|CALCOCO2|ATP6V0D2|CALM1|RAB2A|SESN2|ATP6V0E1|CAPN1|ATP6V0E2|CAPNS1|RAB33B|ATP6V1A|CASP3|ATP6V1B1|CDC37|ATP6V1B2|CDK5RAP3|ATP6V1C1|CERS1|ATP6V1C2|CHEK2|ATP6V1D|CHMP1A|ATP6V1E1|CHMP1B|ATP6V1E2|CHMP2A|CHMP2B|ATP6V1G1|CHMP3|ATP6V1G2|CHMP4C|CHMP5|ATP6V1H|CHMP6|CHMP7|CLEC16A|CSNK2A2|SQSTM1|CTSD|CTSK|CTTN|DDRGK1|DELE1|DIAPH3|DNAJC16|EFNB1|EI24|EIF2AK1|EIF2S1|PHB2|ELAPOR1|ELAVL1|ELP6|SCFD1|EPG5|EPHB2|EXOC7|FBXL4|FBXO7|FBXW7|SEC22B|FEZ2|FKBP8|ERN1|FYCO1|FZD5|GABARAP|GNAI3|GPSM1|HGS|HMOX1|HSPB8|IFT20|SLC25A4|IFT88|SLC25A5|IKBKG|SIRT1|ILRUN|IRGQ|TOMM7|KLHL3|LAMP2|LARP1|LGALS8|LIX1|LIX1L|LRBA|LRSAM1|LZTS1|MAP1LC3A|MAP1LC3B|MAP1LC3B2|MAP1LC3C|STX17|USP30|MAP3K7|MAPK8|MCOLN1|VPS13D|MVB12A|VPS35|NBR1|NEDD4|WDR81|NIPSNAP1|NIPSNAP3A|NIPSNAP3B|TBC1D14|NOD1|STING1|NOD2|TCIRG1|NRBP2|NSFL1C|PACS2|PAFAH1B2|PDCD6IP|PEX2|PHF23|PJVK|UBQLN4|PLEKHM1|PPTC7|QSOX1|RAB19|RAB23|RAB2B|RAB33A|RAB39A|RAB43|RAB5A|RALB|RBX1|RETREG1|RETREG2|RETREG3|RHEB|ATG14|RIMOC1|ATM|RIPK2|BECN1|RNF186|RNF213|RNF31|RNF41|RNF5|UVRAG|RUBCN|RUFY4|SCOC|SESN1|SESN3|SMCR8|SMURF1|SNAP29|VPS13C|SNAPIN|SNF8|VPS41|SNX14|SNX18|SNX30|VTI1A|SNX32|VTI1B|SNX4|SNX5|SNX6|SNX7|SPART|SPATA33|SPG11|SREBF1|SREBF2|STAM|STAM2|STUB1|STX12|SUPT5H|TBC1D12|TBC1D25|TBC1D5|TBK1|TECPR1|TEX264|TIMM23|TMEM39A|TMEM41B|TMEM74|TOM1|TP53INP1|TP53INP2|TRAF6|TRIM13|TRIM32|TSC1|TSC2|EHMT2|TSG101|TSPO|UBA5|UBE2A|UBQLN1|UBQLN2|PRKN|UBXN2A|UBXN2B|UBXN6|UFC1|UFL1|UFM1|ULK1|ULK2|ULK3|USP36|VAMP8|VDAC1|VIPAS39|VMP1|VPS16|VPS25|VPS26A|VPS26B|VPS28|VPS33A|VPS33B|VPS36|VPS39|VPS4A|VPS4B|VTA1|WAC|WDFY3|WDR24|YOD1|ZFYVE1|ZFYVE26|ZNRF1|ZNRF2|MAPK3|GAPDH,https://www.gsea-msigdb.org/gsea/msigdb/human/geneset/GOBP_MACROAUTOPHAGY,377,ENR,GOBP_MACROAUTOPHAGY,1,0,GOBP_MACROAUTOPHAGY,FALSE,GOBP_MACROAUTOPHAGY
4,2.71432976660709,2.71432976660709,2.71432976660709,1,,0,,WIPI1|ACSL3|AMN|ANK1|ANK3|ANKFY1|ANXA13|AP1AR|AP1G1|AP1G2|AP2A1|AP3D1|AP3S1|AP3S2|AP4M1|AP5Z1|ARCN1|ARF3|ARF4|ARF5|ARFGAP2|ARFGAP3|ARFGEF2|ARFRP1|ARL3|ARL8B|ATL2|ATL3|ATP2C1|ATP9A|ATP9B|BBS1|BBS2|BCAP29|BCAP31|BET1|BET1L|BICD2|BLTP3B|BLZF1|BNIP1|CCDC22|CCDC91|CCDC93|CEP19|CIDEB|CLN3|CNIH4|CNST|COG1|COG2|COG3|COG4|COG5|COG6|COG7|COG8|COMMD1|COPA|COPB1|COPB2|COPE|COPG1|COPG2|COPZ1|COPZ2|CORO7|CREB3L2|CRYZL2P-SEC16B|CSK|CSNK1D|CTAGE1|CTAGE15|CTAGE4|CTAGE6|CTAGE8|CTAGE9|CUL3|CUX1|CYTH3|DNM2|DOP1A|DOP1B|EHD3|VCP|EPS15|ERGIC1|ERGIC2|ERGIC3|ERO1B|EXOC1|EXOC2|EXOC4|EXOC5|EXOC6|EXOC6B|EXOC8|GABARAPL2|GAK|GAS1|GBF1|GCC2|GGA1|GGA2|GGA3|GOLGA2|GOLGA4|GOLGA5|GOLGA7|GOLPH3|GOLPH3L|GOLT1A|GOLT1B|GOPC|GOSR1|GOSR2|HTT|HYOU1|IER3IP1|INSIG1|KDELR1|KDELR2|KDELR3|KIF13A|KIF16B|KIF1C|KLHL12|KLHL20|KRT18|LAMP1|LAPTM5|LLGL1|LLGL2|LMAN1|VPS54|LMAN1L|LMAN2|LMAN2L|LMF1|LRRK2|LYPLA1|LYPLAL1|MACF1|MAPK15|MIA2|MIA3|MON2|MPPE1|MYO18A|MYO1B|MYO5A|NAPA|NAPG|NBAS|NKD2|NRBP1|NSF|OPTN|OSBPL5|P4HB|PDCD6|PEF1|PGAP1|PHAF1|PITPNB|PKDCC|PLPP3|PPP6C|PREB|PREPL|PRKCI|PRKD1|RAB10|RAB11A|RAB11FIP3|RAB13|RAB14|RAB1A|RAB1B|RAB26|RAB29|RAB2A|RAB31|RAB33B|RAB34|RAB3IP|RAB41|RAB4B|RAB6A|RAB6B|RAB6C|RAB6D|RAB7B|RAB8A|RABEP1|RABGGTA|RABGGTB|RABIF|RACK1|RANGRF|RBSN|RER1|RINT1|RNF139|RP2|RSC1A1|RUFY1|SAR1A|SAR1B|SCAMP1|SCAMP2|SCAMP3|SCAP|SCFD1|SCYL1|SEC13|SEC16A|SEC16B|SEC22A|SEC22B|SEC22C|SEC23A|SEC23B|SEC23IP|SEC24A|SEC24B|SEC24C|SEC24D|SEC31A|SEC31B|SGSM2|SNAP23|SNX1|SNX12|SNX2|SNX3|SNX8|SORCS1|SORL1|SORT1|SPAST|SPIRE1|SPIRE2|SPTBN1|STEAP2|STEEP1|STX10|STX17|STX18|STX5|STX6|STXBP5|STXBP5L|SURF4|SYS1|TAPBP|TBC1D14|TBC1D20|TEX261|TFG|TMED1|TMED10|TMED2|TMED3|TMED4|TMED5|TMED6|TMED7|TMED9|TMEM115|TRAPPC1|TRAPPC10|TRAPPC11|TRAPPC12|TRAPPC13|TRAPPC2|TRAPPC2B|TRAPPC2L|TRAPPC3|TRAPPC3L|TRAPPC4|TRAPPC5|TRAPPC6A|TRAPPC6B|TRAPPC8|TRAPPC9|TRIP11|USE1|USO1|UVRAG|VAMP2|VAMP3|VAMP4|VAMP5|VAPA|VAPB|VPS13A|VPS13C|VPS35L|VPS41|VPS51|VPS52|VTI1A|VTI1B|WHAMM|YIF1A|YIF1B|YIPF4|YIPF5|YIPF6|YIPF7|YKT6|ZW10,https://www.gsea-msigdb.org/gsea/msigdb/human/geneset/GOBP_GOLGI_VESICLE_TRANSPORT,313,ENR,GOBP_GOLGI_VESICLE_TRANSPORT,1,0,GOBP_GOLGI_VESICLE_TRANSPORT,FALSE,GOBP_GOLGI_VESICLE_TRANSPORT
,1.9155756981057099,1.9155756981057099,1.9155756981057099,0.98785425100000002,,7.5745374000000004E-2,,PLG|FOXA1|TGFB1|NOTCH1|WNT3A|BMP6|FOXA2|RGCC|PTPRU|SMAD7|PPM1F|VEGFA|MAD2L2|NOTCH4|SERPINF2|WNT5A|ADAM19|DENND6A|EPCAM|TJP1|NEXMIF|AFDN|FLOT1,https://www.gsea-msigdb.org/gsea/msigdb/human/geneset/GOBP_REGULATION_OF_CELL_CELL_ADHESION_MEDIATED_BY_CADHERIN,23,ENR,GOBP_REGULATION_OF_CELL_CELL_ADHESION_MEDIATED_BY_CADHERIN,1,1.2145749000000001E-2,GOBP_REGULATION_OF_CELL_CELL_ADHESION_MEDIATED_BY_CADHERIN,FALSE,GOBP_REGULATION_OF_CELL_CELL_ADHESION_MEDIATED_BY_CADHERIN
14,2.21923513428872,2.21923513428872,2.21923513428872,0.99396378269999996,,5.8833389999999999E-2,,CMAS|OGT|NUS1|CHST4|FUOM|FUT8|GFPT1|GALNT1|GFPT2|GMPPA|GMPPB|GNE|PSEN1|B4GALT5|CCDC134|MGAT1|DAD1|MGAT2|MGAT4A|MGAT4B|DDOST|MGAT4C|MGAT5|MOGS|NUDT14|FREY1|NANP|NANS|B3GALNT1|B3GALT2|B3GALT4|B3GALT5|AQP11|PGM3|FUT2|FUT4|PMM1|FUT3|FUT7|PMM2|FUT6|FUT9|ST3GAL1|GCNT1|ST3GAL3|ST6GAL1|ST6GALNAC2|ST6GALNAC3|A3GALT2|ST6GALNAC4|ABO|MPDU1|ST3GAL6|ST6GAL2|ST6GALNAC1|ST6GALNAC5|GCNT4|ST6GALNAC6|ST8SIA1|ST8SIA2|SLC35C1|ST8SIA3|B3GALT1|ST8SIA4|B4GALNT2|ST8SIA5|ST8SIA6|GBGT1|GLT6D1|ST3GAL2|GORASP1|PLOD2|PLOD3|LARGE1|COG1|COG2|COG3|COG4|COG5|COG6|COG7|COG8|NPC1|DTWD2|SRD5A3|MAN2A1|B3GNT5|B4GALT3|B4GALT4|B4GALT6|ST3GAL5|GBA1|SLC51B|GOLGA2|SLC39A8|MAN1A1|LMF1|ST3GAL4|FUT1|GAL3ST1|VEGFB|DERL3|GALNT2|CRPPA|EDEM3|MAN1A2|MAN1B1|MAN1C1|TET1|TET2|TET3|C1GALT1C1|A4GNT|UBE2J1|ALG1|ALG10|ALG10B|ALG11|ALG12|ALG13|ALG14|ALG1L2|ALG2|ALG3|ALG5|EXT2|ALG6|ALG8|ALG9|ARFGEF1|B3GALNT2|B3GALT6|B3GALT9|TMEM59|B3GAT1|B3GAT2|B3GLCT|B3GNT2|ABCA2|B3GNT3|B3GNT4|SERP1|B3GNT6|B3GNT7|B3GNT8|STT3B|B3GNT9|B4GALT2|ENTPD5|B4GALT7|B4GAT1|C1GALT1|COLGALT1|DPAGT1|TMEM258|DPY19L1|DPY19L3|EOGT|EXTL1|TMTC3|FKTN|TMTC4|GALNT10|GALNT11|GALNT12|GALNT13|GALNT14|GALNT15|GALNT16|GALNT17|GALNT18|GALNT3|TRAK1|GALNT4|TRAK2|GALNT5|GALNT6|TRIP11|GALNT7|GALNT8|GALNT9|GALNTL5|GALNTL6|GCNT7|GRM7|GXYLT1|GXYLT2|KRTCAP2|LARGE2|MAGT1|CHP1|MAN2A2|MGAT3|MGAT4D|MGAT5B|CWH43|OGA|OST4|OSTC|PLOD1|POFUT1|POFUT2|POGLUT1|EXTL3|POGLUT2|POGLUT3|POMGNT1|POMGNT2|POMK|POMT1|B4GALNT1|DHDDS|POMT2|CLN5|RAMP1|DOLK|RFT1|DOLPP1|RPN1|DPM1|RPN2|DPM2|RXYLT1|DPM3|STT3A|EXT1|TMEM260|TMTC1|TMTC2|TUSC3|UGGT1|UGGT2|XXYLT1|NAGPA|ACER2|GCNT3|B3GAT3|TMEM165|GBA2|B4GALT1|FKRP|GCNT2,https://www.gsea-msigdb.org/gsea/msigdb/human/geneset/GOBP_GLYCOSYLATION,242,ENR,GOBP_GLYCOSYLATION,1,6.0362172999999996E-3,GOBP_GLYCOSYLATION,FALSE,GOBP_GLYCOSYLATION
32,1.69108150871302,1.69108150871302,1.69108150871302,0.97963340200000004,,7.7645099999999995E-2,,MYC|RHNO1|CASP9|TAF1|INO80|AURKB|KDM1A|RPL26|USP28|XPC|NSMCE3|PRKCD|MC1R|ATF4|EIF2AK4|SDE2|METTL3|CDKN1A|MMP3|CERS1|MMP2|PTPRK|NPM1|PCNA|N4BP1|AQP1|HYAL1|H2AC25|HYAL3|POLH|SMPD1|PIK3R1|TP53INP1|NLRP1|EI24|MMP1|EIF2S1|ERCC1|NOC2L|TIMP1|ERCC4|PARP1|MDM2|HYAL2|CUL4B|FBXW7|MAP3K20|RUVBL2|DHX36|ACTR5|XPA|SIRT1|ATR|DDB2|MMP9|PPID|MAPK11|DDB1|MAPK13|TRIAP1|MAPK14|ZBTB1|BAK1|BAX|NFATC4|RHBDD1|OPN3|CREBBP|CUL4A|NEDD4|TP53|BMF|MME|TMEM161A|POLD1|EP300|POLA1|TREX1|POLK|STK11|COPS9|CRIP1|MFAP4|OPN1SW|POLD3|OPN5|YY1|PIERCE1|RBX1,https://www.gsea-msigdb.org/gsea/msigdb/human/geneset/GOBP_CELLULAR_RESPONSE_TO_UV,89,ENR,GOBP_CELLULAR_RESPONSE_TO_UV,1,2.0366598E-2,GOBP_CELLULAR_RESPONSE_TO_UV,FALSE,GOBP_CELLULAR_RESPONSE_TO_UV
3,1.9894498235731,1.9894498235731,1.9894498235731,0.98975409849999996,,5.8925390000000001E-2,,HDAC4|FHIT|NAF1|ACTN3|MTMR2|GIPC1|MTMR8|NMNAT1|MTMR9|CSDE1|IER3|RRAGC|AKT1|MLST8|HSP90AB1|NCOR1|OGT|ADGRB1|PFKFB1|PARN|CBFA2T3|SF3B3|GSK3A|PPP2CA|PSEN1|INS|RPTOR|SIRT6|KLHL40|SLC4A1|SNRNP70|LAMP3|LEP|LEPR|MT3|MTOR|TRIM63|MAP1A|KIF25|PIK3CG|SUFU|CPTP|PABPN1L|PANO1|DAB2IP|HP|PHF20L1|SRSF1|PAIP1|USP7|PPP1R3B|MDM4|ATP13A2|ADRA1A|ADORA1|PDCL3|BCL2|BCL2L1|SYNCRIP|AQP11|MTCH2|TIGAR|TAF15|TP53|BAG6|BMF|RPS7|TAF9|TARDBP|CAMLG|THRAP3|BOLL|IKBKE|PSMF1|RPL23|ZFP36|IL1B|IRAK3|ALAD|FYN|TAF1|RPL11|RYBP|SENP1|DAZL|UPF3A|E2F1|TAB2|TAB3|DHX34|NOP53|NUPR1|VIP|DND1|PARK7|CST3|PINK1|YBX1|FEZ1|EIF4ENIF1|STYX|FMC1|AGAP2|MAPKAPK2|TLK2|ZC3H14|FBLL1|MYCBP2|GDNF|NOCT|HDAC6|SNCA|HGF|NQO1|TRIM39|HNRNPAB|N4BP1|NPC1|IGF2BP1|A1CF|IGF2BP2|IGF2BP3|MYD88|LARP1B|LARP4B|TNF|TTC36|HTRA2|ANGEL2|APOBEC1|NICOL1|PHAX|UBXN1|PKP1|USP14|MCL1|USP26|USP9X|RBM46|DHX36|GABARAPL2|SGTA|METTL1|HNRNPA0|GOLGA2|SECISBP2|AXIN2|RGP1|ROCK1|RIC1|MTM1|TENT5A|NSUN2|TENT5B|CDKN2A|NOS2|SHH|TENT5C|RELA|TENT5D|PIK3CA|TIMP3|TOB1|RRAGA|TRAF5|CSNK2A1|VHL|MET|PRKACA|WASHC1|RNH1|YBX3|ZAR1|EGFR|WNK1|ZCCHC17|MAD2L1|LRRK2|LYPLA1|PIN1|TRAF2|SIRT2|PHB1|APOC3|FMN2|TENT2|TENT4A|TRDMT1|TENT4B|POLDIP2|ZDHHC7|NBAS|TIRAP|CIDEC|CCAR2|PRMT6|MAD2L2|WDR6|CIRBP|CDK5RAP3|PLIN5|ATP2B4|FLNA|SLIRP|USP38|SMAD3|HFE|PML|CLEC16A|CSNK2A2|EIF4G1|DDRGK1|PRKCG|KLHL22|ELAVL1|SLC11A1|SCFD1|DHX9|HMGCR|F8A1|FBXL4|F8A3|SEC22B|ELAVL4|FEZ2|PKP3|CTSA|DAP|DAPL1|HMOX1|EIF4E|RILP|EIF4G2|EIF4G3|SNX12|ERFE|FUS|SNX3|HERC1|LARP1|KDM4A|SORL1|SMARCC1|USP5|LZTS1|RASIP1|USP30|MEIOC|RRAGB|RRAGD|STK38L|VPS35|HNRNPC|TBC1D14|NRBP2|SVIP|HNRNPU|PHF23|UBQLN4|UCHL5|PPTC7|QSOX1|RBX1|APOA2|ETFBKMT|APOC1|LRPPRC|BECN1|USP25|RNF41|RNF5|ARID5A|RUBCN|SMCR8|VPS13C|MGAT3|SERPINE2|METTL14|METTL16|HIPK2|OPHN1|TRAF3IP2|ANXA2|PSME3IP1|FAM76B|QRICH2|CIDEA|WNT1|FURIN|ADRA2A|FXR1|NRDE2|MARCHF7|PABPC1|TMEM39A|DFFA|DFFB|DKC1|ATRAID|AZIN1|AZIN2|DEDD|GRIN2A|TSC1|GRIN2C|TSC2|EHMT2|NELL1|SMAD4|GATA4|LAPTM4B|LRIG2|PTPN3|TSPO|USP8|SERPINB12|TIMP1|TIMP2|BAG5|PPARA|TIMP4|TMEM132A|UBXN2A|STAT3|PTPN22|TREM2|SLC7A5|USP36|ALK|GPLD1|TRIM27|IL10RA|BSCL2|CSNK2B|IREB2|CRTC3|ZKSCAN3|ACACB|MAPK14|WAC|QKI|ENDOU|EIF3H|HNRNPD|RBM10|TRIM40|IL10|HCAR1|DDIT4|HCAR2|RBM24|EP300|FBP1|RBM38|FLCN|FOXK1|FOXK2|RBM47|PRKAA1|CYP51A1|GIT1|PDE3B|RPL5|MFSD2A,https://www.gsea-msigdb.org/gsea/msigdb/human/geneset/GOBP_NEGATIVE_REGULATION_OF_CATABOLIC_PROCESS,364,ENR,GOBP_NEGATIVE_REGULATION_OF_CATABOLIC_PROCESS,1,1.02459015E-2,GOBP_NEGATIVE_REGULATION_OF_CATABOLIC_PROCESS,FALSE,GOBP_NEGATIVE_REGULATION_OF_CATABOLIC_PROCESS
1,1.90669411878854,1.90669411878854,1.90669411878854,0.98760330600000001,,7.2762770000000004E-2,,MTMR3|MTMR4|AURKB|IQGAP1|ZFYVE19|RAB11A|SNX18|RAB11FIP3|CEP55|RHOA|SNX33|SPART|ARF1|ECT2|ANLN|ARF6|CHMP1A|CHMP1B|CHMP2A|CHMP2B|LUZP1|CHMP3|CHMP4C|CHMP5|IQGAP3|CHMP6|CHMP7|MYH9|CNTROB|IQGAP2|KIF20A|KLHDC8B|RTKN|MITD1|EXOC7|NUP62|VPS4A|VPS4B|SPAST|SPIRE1|SPIRE2|RACGAP1|SNX9|ALKBH4|ANXA11|PLEC|PDCD6IP|CHMP4A|CHMP4B|IST1|KIF20B,https://www.gsea-msigdb.org/gsea/msigdb/human/geneset/GOBP_CYTOKINETIC_PROCESS,51,ENR,GOBP_CYTOKINETIC_PROCESS,1,1.2396694E-2,GOBP_CYTOKINETIC_PROCESS,FALSE,GOBP_CYTOKINETIC_PROCESS
6,1.99913054476173,1.99913054476173,1.99913054476173,0.98997995999999999,,6.5943084999999999E-2,,UFL1|XBP1|ERN1|AKT3|WFS1|NCK1|DAB2IP|NCK2|AKT1|AKT2|ABCA7|ATAD3A|AGR2|PTPN1|PTPN2|HSPA5|PIGBOS1|ATF6|ATF6B|PPP1R15A|PPP1R15B|BAK1|BAX|BBC3|DNAJB9|BCL2L11|CREBRF|BOK|RACK1|PIK3R1|DDRGK1|TMBIM6|TMEM33|COPS5|FICD|BFAR,https://www.gsea-msigdb.org/gsea/msigdb/human/geneset/GOBP_REGULATION_OF_ENDOPLASMIC_RETICULUM_UNFOLDED_PROTEIN_RESPONSE,36,ENR,GOBP_REGULATION_OF_ENDOPLASMIC_RETICULUM_UNFOLDED_PROTEIN_RESPONSE,1,1.0020039999999999E-2,GOBP_REGULATION_OF_ENDOPLASMIC_RETICULUM_UNFOLDED_PROTEIN_RESPONSE,FALSE,GOBP_REGULATION_OF_ENDOPLASMIC_RETICULUM_UNFOLDED_PROTEIN_RESPONSE
,2.1949766184163599,2.1949766184163599,2.1949766184163599,0.99361702149999998,,5.6075423999999999E-2,,CCL28|HMGCS2|CDA|CCR5|AKT1|CD200|NR1H3|NR1H4|NUGGC|EFNB2|B2M|BPI|CAMP|CASP7|ACOD1|CEBPB|DEFA3|DEFA5|PPARD|DEFA6|GSK3B|BCL10|HMGB1|BTK|CTSG|CX3CL1|CX3CR1|CARD8|CXCL10|CASP1|SHPK|CXCL13|SLX4|CXCL5|CXCL6|CXCL8|CD36|CXCL9|NR1D1|KMO|GBP3|DEFA1|MRC1|DEFA1B|DEFA4|DEFB124|TNFSF4|DEFB131A|DAB2IP|TXNIP|EDNRB|LCN2|FCGR2B|ZMPSTE24|SELENOS|GBP2|GBP5|GFI1|TIGAR|TP53|NOTCH2|PLAA|CCDC47|HCK|PLCG2|ZFP36|IL1B|IRAK1|IRAK2|ADAM9|IRAK3|ADAMTS13|IRF3|ASS1|IRAK4|IRF5|CD68|CDK19|CEBPE|SPON2|CYRIB|CSF3|UPF1|CTR9|HSPA5|HDAC5|LILRA2|KLRC4-KLRK1|IL1F10|KLRK1|IL24|LBP|IL36B|IL36G|IL37|LTF|RHOA|LY96|SCARB1|LDOC1|LYN|MAP2K3|MEF2C|MMP3|MIF|MTDH|TRIB1|NFKBIB|NLRP7|BMP6|CD180|LY86|PRKCA|SASH1|MYD88|PDCD4|PLSCR4|NFKBIA|PPM1E|TNF|AICDA|NFKBIL1|PTAFR|SBNO2|IRGM|NLRP3|CDC73|PDE4B|TBXA2R|VIM|PF4|PF4V1|PPBP|XBP1|ABL1|PRKCE|HSF1|PTPN6|MMP9|NOS2|PABPN1|RELA|PAF1|TMCO1|SERPINE1|SIRPA|NOS3|SCIMP|CD55|MALT1|SPI1|STAP1|FBH1|SYK|PLSCR3|TICAM1|TICAM2|TIFAB|TIRAP|AHR|AKAP8|CACTIN|TLR1|TLR10|TLR2|TLR5|TLR6|PYCARD|TNFAIP3|ATG10|TNIP1|TNIP2|TNIP3|CD80|CD86|WNT5A|TRIM41|TRIM5|CDK4|GATA1|IGFBPL1|PTPN11|CHMP5|EIF2AK3|NFKB1|LITAF|EPHB2|EME1|FZD5|TNFRSF1B|HMGB2|PPP1R15B|MAPK8|MUS81|SMC1A|NOD2|FCAR|ANKRD1|HADHB|RIPK2|APAF1|WFS1|ARID5A|CAPN2|AXL|CARD16|CD14|CD274|CLEC7A|DDIT3|CD40|HAVCR2|ABCA1|IL12B|ABCB1|CMPK2|IL18|CD6|IL36RN|GSTP1|CSF2|IRF8|TRAF6|JAK2|LILRB1|TSPO|PDCD1LG2|PTPN22|RARA|NOTCH1|TREM2|SLC7A5|IL1A|TLR4|GHSR|TLR9|IL36A|PRDX2|ZC3H12A|LILRB2|PRPF8|MAPK14|MMP8|NR1I2|OPRK1|IL10|SIGIRR|RBM14|IL6|BCR|NFKBIZ|MAP2K7|MAPK1|MAPK3|CCL2|GIT1,https://www.gsea-msigdb.org/gsea/msigdb/human/geneset/GOBP_CELLULAR_RESPONSE_TO_BIOTIC_STIMULUS,256,ENR,GOBP_CELLULAR_RESPONSE_TO_BIOTIC_STIMULUS,1,6.3829784999999998E-3,GOBP_CELLULAR_RESPONSE_TO_BIOTIC_STIMULUS,FALSE,GOBP_CELLULAR_RESPONSE_TO_BIOTIC_STIMULUS
2,2.3996736936861902,2.3996736936861902,2.3996736936861902,0.99601593600000005,,4.2815513999999999E-2,,NABP2|AKAP8|FZR1|IER3|CCNB2|ATF5|RAB11A|RRM1|CCDC57|PAXIP1|RRM2B|CENPF|MRE11|PINX1|MRNIP|NBN|CALM1|CCNB1|CCND1|CDK1|CDK4|KIF14|CDK5RAP3|CHEK2|RAD17|AVEN|CCNQ|CHMP4C|USP50|BRSK1|BRSK2|PLK1|CDC25B|CDC25C|CDK10|CDK14|RINT1|STOX1|CDK3|CDK6|RAD50|CLSPN|PPM1D|TICRR|CCNY|PABIR1|DONSON|ETAA1|NDC80|FHL1|MBTPS2|FOXN3|FOXO4|MACROH2A1|PLK3|GPR132|HEXIM2|HSPA2|SKP2|WEE1|KCNH5|HUS1|HUS1B|MARK3|AURKA|INIP|MIIP|SMARCD3|MTA3|RCC2|SYF2|NAE1|TAF2|NEK10|ORC1|TP53|NABP1|PBX1|PDIK1L|PKIA|PKMYT1|CALM3|PLCB1|RAD21|UIMC1|RAD51B|RAD51C|STK35|RBBP8|RFPL1|TAOK1|TAOK3|KHDRBS1|ATM|ATAD5|BRD4|AURKB|DYRK3|USP22|BLM|ZFYVE19|NOP53|LATS1|CCNA2|TOPBP1|WNT10B|ARPP19|CALM2|CDC25A|CDC6|CDC7|CDK2|CDKN1A|ABCB1|DBX2|ZNF830|NPM1|TRIM39|CTC1|ENSA|INTS3|KDM8|DBF4B|MASTL|MELK|PPME1|TPD52L1|USH1C|BARD1|DNM2|MBTPS1|UBE2A|FBXO5|NES|ABRAXAS1|CHFR|RNASEH2B|GTPBP4|ATR|BABAM1|VPS4A|BABAM2|VPS4B|BRCA1|BRCC3|DTL|TAOK2|CHEK1|FBXL15|BIRC5|ING4|FBXL7|LCMT1|AKAP8L|CDC14B|SIN3A|FOXM1,https://www.gsea-msigdb.org/gsea/msigdb/human/geneset/GOBP_CELL_CYCLE_G2_M_PHASE_TRANSITION,157,ENR,GOBP_CELL_CYCLE_G2_M_PHASE_TRANSITION,1,3.9840639999999998E-3,GOBP_CELL_CYCLE_G2_M_PHASE_TRANSITION,FALSE,GOBP_CELL_CYCLE_G2_M_PHASE_TRANSITION
,2.4022613867976301,2.4022613867976301,2.4022613867976301,0.99603960400000002,,3.8940057E-2,,SNAPC5|TBP|BDP1|BRF1|BRF2|ELL|DDX21|SF3B1|MYO1C|RPTOR|INHBA|SMARCA5|MTOR|CHD8|GTF3C1|GTF3C2|POLR3K|GTF3C3|GTF3C4|GTF3C5|GTF3C6|ICE2|MAF1|POLR3B|DHX36|NAB2|POLR3C|POLR2K|POLR3D|POLR3F|POLR3GL|POLR3G|PRDX5|RO60|ICE1|SNAPC1|SNAPC2|SNAPC3|POLR1D|SNAPC4|ZC3H8|ZNF143|POLR2E|ZNF345|ZNF76|AR|GTF3A|TENM1|MYBBP1A|POLR2F|POLR2L|SETD5|POLR3A|BAZ1B|DEK|ERCC6|CRCP|IVNS1ABP|POLR3H,https://www.gsea-msigdb.org/gsea/msigdb/human/geneset/GOBP_TRANSCRIPTION_BY_RNA_POLYMERASE_III,59,ENR,GOBP_TRANSCRIPTION_BY_RNA_POLYMERASE_III,1,3.9603959999999997E-3,GOBP_TRANSCRIPTION_BY_RNA_POLYMERASE_III,FALSE,GOBP_TRANSCRIPTION_BY_RNA_POLYMERASE_III
5,2.71432976660709,2.71432976660709,2.71432976660709,1,,0,,IER3|SF3B3|SF3B5|SGF29|HMGB1|SIRT6|FH|SUPT20H|SUPT3H|SUPT7L|TADA1|TADA2B|TADA3|TAF10|TAF12|TIGAR|TAF5L|TAF6L|TAF9|TFIP11|TRRAP|USP22|EYA2|BARD1|CDK9|ABL1|ABRAXAS1|ACTB|ACTL6A|ACTL6B|ACTR2|ACTR5|ACTR8|AGER|ARID1A|ARID1B|ARID2|ATR|ATRIP|HSF1|AUNIP|AXIN2|BABAM1|BABAM2|BCL7A|BCL7B|BCL7C|BRCA1|BRCC3|BRD7|BRD8|CBX8|CCDC117|CEBPG|CGAS|CHEK1|CREBBP|CSNK2A1|CUL4A|CYREN|DDX11|DEK|DMAP1|DPF1|DPF2|DPF3|EGFR|EP400|EPC1|EPC2|ERCC6|ERCC8|EYA1|EYA3|EYA4|FAM168A|FANCB|FBH1|FGF10|FIGNL1|FMN2|ATXN7|FOXM1|ATXN7L3|H2AX|HDAC10|HDGFL2|HELB|HELQ|C1QBP|HMGA2|ING3|INO80|INO80B|INO80C|INO80D|INO80E|KAT5|KAT7|KDM1A|KDM4D|KLHL15|KMT5A|KMT5B|KMT5C|MAD2L2|MAGEF1|MBTD1|MCRS1|MEAF6|MGMT|MORF4L1|MORF4L2|MRE11|MRGBP|MRNIP|NBN|NFRKB|NPAS2|NSD2|NUDT16L1|OGG1|OOEP|SIRT7|OTUB1|PARG|PARP3|PARPBP|PBRM1|PCNA|PELI1|PHF10|PIAS4|PLK1|PML|PNKP|POLH|POLQ|POT1|PPP4C|PPP4R3A|PPP4R3B|PRKCG|PRKDC|RAD50|RAD51|RAD51AP1|RAD52|RADX|RECQL5|RIF1|DHX9|RIOX1|RMI2|RNF126|RNF168|RNF169|RNF8|RPA2|ENY2|RPS3|RTEL1|RUVBL1|RUVBL2|SENP3|SETD2|SETD7|SETMAR|SHLD1|SHLD2|SHLD3|SIRT1|SKP2|SLF1|FUS|SLF2|SMARCA2|SMARCA4|SMARCB1|SMARCC1|SMARCC2|SMARCD1|SPIRE1|SMARCD2|SPIRE2|SMARCD3|SMARCE1|SMCHD1|SPIDR|SUV39H1|TAF2|TAF4|TAF5|TAF6|TAF7|TERF2|TERF2IP|TEX15|TFPT|TIMELESS|TMEM161A|TOP2B|TP53BP1|TRIM28|TWIST1|UBE2N|UBE2V1|UBE2V2|UBQLN4|UCHL5|UIMC1|USP1|USP51|VPS72|WAS|WDR48|WRAP53|XRCC1|YEATS4|YY1|KAT2A|ZCWPW1|KAT2B|ZNF365|ATM|PARP1|PPP4R2|PRMT1,https://www.gsea-msigdb.org/gsea/msigdb/human/geneset/GOBP_REGULATION_OF_DNA_REPAIR,228,ENR,GOBP_REGULATION_OF_DNA_REPAIR,1,0,GOBP_REGULATION_OF_DNA_REPAIR,FALSE,GOBP_REGULATION_OF_DNA_REPAIR
3,2.71432976660709,2.71432976660709,2.71432976660709,1,,1.2605119999999999E-2,,HIF1A|HK2|ADCY10|MTMR8|MTMR9|RRAGC|AKT1|ATP5IF1|MLST8|ATG12|ATG2A|EEF1A1|ORMDL3|EPM2A|KEAP1|GSK3A|GSK3B|PRKAA2|HMGB1|RPTOR|SNRNP70|LAMP3|LEP|LEPR|MTOR|UCHL1|MID2|PIK3C2A|DAPK2|PIK3C3|KIF25|PIK3CB|CPTP|PIK3R4|PIP4K2A|PIP4K2B|PIP4K2C|PLK3|ATP13A2|PLK2|ADRA1A|FBXL2|BAD|ZMPSTE24|BCL2|RB1CC1|BCL2L1|TIGAR|TP53|BMF|USP33|BNIP3|WDR45|BNIP3L|BOK|WIPI1|CDK5|CDK5R1|TPCN1|IFI16|TRIM8|DCN|TAB2|TAB3|DNM1L|NUPR1|ENDOG|PARK7|CLN3|PINK1|FEZ1|MTCL1|TLK2|MTDH|USP10|MEFV|TRIB3|HAX1|SH3GLB1|HDAC6|SNCA|HGF|NPC1|HTRA2|HUWE1|RAB3GAP1|RAB3GAP2|SPTLC1|SPTLC2|IRGM|KDR|MAPT|EXOC1|ATP6V0C|MCL1|XBP1|ABL1|EXOC4|CISD1|EXOC8|GBA1|GOLGA2|IFNG|KAT8|MOAP1|IL4|ROCK1|MFSD8|MTM1|GPR137B|HTT|MUL1|PIK3CA|RRAGA|CSNK2A1|SH3BP4|VPS29|VHL|MET|PRKACA|WASHC1|WNK1|PARL|LRRK2|DAPK3|LYPLA1|SIRT2|MAPK15|ZDHHC19|PIM2|TICAM1|POLDIP2|ADRB2|OPTN|CRYBA1|AMBRA1|KAT5|PYCARD|ATG101|ATG13|ATG16L1|PRKD1|WDR6|ATG5|TRIM21|ATF6|ATP6V0A1|ATP6V0A2|BAG3|ATP6V0B|C9ORF72|ATP6V0D1|CALCOCO2|ATP6V0D2|SESN2|ATP6V0E1|CAPN1|TRIM65|ATP6V0E2|CAPNS1|ATP6V1A|CASP3|ATP6V1B1|CDC37|ATP6V1B2|CDK5RAP3|ATP6V1C1|CERS1|ATP6V1C2|ATP6V1D|ATP6V1E1|ATP6V1E2|FOXO1|ATP6V1G1|RAB8A|ATP6V1G2|ATP6V1H|CLEC16A|CSNK2A2|SQSTM1|EIF4G1|CDK16|CTTN|DDRGK1|DELE1|EIF2AK1|KLHL22|ELAPOR1|ELAVL1|SCFD1|EXOC7|ITPR1|FBXL4|CAMKK2|FBXO7|CCNY|FBXW7|SEC22B|CISD2|FEZ2|CTSA|FKBP8|MTCL2|DAP|ERN1|FYCO1|DAPK1|FZD5|DAPL1|DEPDC5|GNAI3|DEPP1|GPSM1|PLEKHF1|SETD2|DEPTOR|DRAM1|HMOX1|PSAP|XPA|DRAM2|HSPB8|EEF1A2|SLC25A4|EIF4E|SLC25A5|EIF4G2|IKBKG|SIRT1|EIF4G3|ERFE|IRGQ|TOMM7|GFAP|GPR137|HERC1|LARP1|KDM4A|PIK3R2|MTCL3|NPRL2|NPRL3|LRSAM1|OSBPL7|LZTS1|RAB37|RAB39B|RASIP1|RMC1|RNF152|USP30|MAP3K7|RPGR|MAPK8|RRAGB|RRAGD|VPS13D|STK38L|VPS35|TMEM59|NEDD4|TRIM23|WDR41|TBC1D14|NOD1|STING1|NOD2|NRBP2|PAFAH1B2|SVIP|PHF23|STK11|UBQLN4|PPTC7|QSOX1|RALB|RBX1|RHEB|ATG14|ATM|RIPK2|BECN1|USP13|RNF31|RNF41|RNF5|UVRAG|RUBCN|RUFY4|SCOC|SESN1|SESN3|SMCR8|VPS13C|SLC35D3|SNX18|SNX30|SNX32|SNX4|SNX5|DDIT3|SNX6|SNX7|SREBF1|SREBF2|STUB1|SUPT5H|TBC1D25|TBK1|TECPR1|TMEM39A|TOM1|TP53INP1|MAP2K1|TRIM13|TRIM32|TSC1|TSC2|EHMT2|UBR4|GATA4|TSPO|NLRP6|UBE2A|ERCC4|UBQLN1|UBQLN2|PRKN|HSPB1|STAT3|PTPN22|ACER2|UFL1|TREM2|ULK1|SLC7A5|ULK2|ULK3|USP36|TFEB|VDAC1|TLR9|TRIM22|TRIM27|TPCN2|IL10RA|VPS26A|VPS26B|ZC3H12A|ZKSCAN3|ABL2|USP20|DCAF12|WAC|WDR24|IL10|FOXO3|EP300|FLCN|FOXK1|FOXK2|MAPK3|GAPDH|PRKAA1,https://www.gsea-msigdb.org/gsea/msigdb/human/geneset/GOBP_REGULATION_OF_AUTOPHAGY,364,ENR,GOBP_REGULATION_OF_AUTOPHAGY,1,0,GOBP_REGULATION_OF_AUTOPHAGY,FALSE,GOBP_REGULATION_OF_AUTOPHAGY
7,2.0916669571613902,2.0916669571613902,2.0916669571613902,0.99190283400000001,,4.5341164000000003E-2,,OTULIN|SLC15A2|PTPN22|SLC15A3|IRF5|SLC15A4|ITCH|RIPK2|TLR4|NAGK|CYLD|TNFAIP3|HSPA1B|LACC1|ERBIN|MAP2K6|RELA|MAP3K7|BIRC2|RNF34|BIRC3|NOD1|NOD2|XIAP|NFKBIA|HSPA1A|IRGM|SLC46A2|INAVA,https://www.gsea-msigdb.org/gsea/msigdb/human/geneset/GOBP_NUCLEOTIDE_BINDING_DOMAIN_LEUCINE_RICH_REPEAT_CONTAINING_RECEPTOR_SIGNALING_PATHWAY,29,ENR,GOBP_NUCLEOTIDE_BINDING_DOMAIN_LEUCINE_RICH_REPEAT_CONTAINING_RECEPTOR_SIGNALING_PATHWAY,1,8.0971659999999994E-3,GOBP_NUCLEOTIDE_BINDING_DOMAIN_LEUCINE_RICH_REPEAT_CONTAINING_RECEPTOR_SIGNALING_PATHWAY,FALSE,GOBP_NUCLEOTIDE_BINDING_DOMAIN_LEUCINE_RICH_REPEAT_CONTAINING_RECEPTOR_SIGNALING_PATHWAY
19,2.71432976660709,2.71432976660709,2.71432976660709,1,,8.9302989999999992E-3,,MTMR14|MTMR2|MTMR3|MTMR4|MTMR6|MTMR7|HTR2A|NR1H2|NR1H3|NR1H4|OCRL|PCYT1A|PCYT1B|PCYT2|PDGFA|PDGFB|PEMT|PGAP2|PGAP3|PGAP4|PGS1|PI4K2A|PI4K2B|PI4KA|PI4KB|PIGA|PIGB|PIGC|INPP5K|PIGF|PIGG|PIGH|PIGK|PIGL|PIGM|PIGN|PIGO|PIGP|PIGQ|PIGS|PIGT|PIGU|PIGV|PIGW|PIGX|PIGZ|PIK3C2A|PIK3C2B|PIK3C2G|PIK3C3|PIK3CB|PIK3CD|PIK3CG|PIK3R3|PIK3R4|PIKFYVE|PIP4K2A|PIP4K2B|PIP4K2C|PIP5K1A|PIP5K1B|PIP5K1C|PIP5KL1|PITPNM1|PITPNM2|PITPNM3|PLA2G15|PLA2G4A|PLA2G4C|ACSL3|PLCE1|PLCG2|PLD1|PLD2|PLSCR1|PNPLA3|PTDSS1|PTDSS2|PTEN|PTPMT1|CLN3|PTPRQ|SACM1L|SCARB1|SELENOI|SH3GLB1|SH3YL1|SLC30A5|SLC44A1|SLC44A2|SLC44A3|SLC44A4|SLC44A5|SMG1|SYNJ1|SYNJ2|TAMM41|TMEM150A|TPTE2|TTC7A|TTC7B|VAC14|MTM1|PIK3CA|AGMO|MPPE1|PISD|AVIL|AWAT2|C3|CNEP1R1|CTDNEP1|DAGLA|DAGLB|KAT5|DGAT1|PGAP1|DGAT2|DGAT2L6|RAB38|GK|LPIN2|LPIN3|MOGAT1|MOGAT2|MOGAT3|PCK1|PCK2|PLIN5|PNPLA2|SIK1|SLC27A1|THRSP|TMEM68|TMX1|FBXW7|SIRT1|ABHD3|ABHD4|ABHD5|ABHD8|ACP6|AGPAT1|AGPAT2|AGPAT3|AGPAT4|AGPAT5|AJUBA|ALOX15|APOA1|APOA2|ATG14|ATM|BECN1|BMX|BPNT1|BPNT2|UVRAG|CAPN2|CDIPT|CDS1|CDS2|CEPT1|CHAT|CHKA|CHKB|CHPT1|CRLS1|CWH43|DGKA|DGKB|DGKD|DGKE|DGKG|DGKH|SREBF1|DGKI|DGKK|DGKQ|DGKZ|DPM1|DPM2|DPM3|EFR3A|EFR3B|ETNK1|ETNK2|PIK3R1|FABP3|FABP5|FAR1|FIG4|GNPAT|GPAA1|GPAM|GPAT2|GPAT3|GPAT4|GPLD1|HDHD5|HTR2B|HTR2C|HYCC1|HYCC2|IMPA1|IMPA2|INPP1|INPP4A|INPP4B|INPP5D|INPP5E|INPP5F|INPP5J|INPPL1|IP6K1|IP6K2|IP6K3|ACSL1|ITPKA|ITPKB|ITPKC|LCAT|LCLAT1|LDLR|LIPH|LIPI|LPCAT1|LPCAT2|LPCAT3|LPCAT4|LPGAT1|LPIN1|MBOAT7|MFSD2A|MTMR1,https://www.gsea-msigdb.org/gsea/msigdb/human/geneset/GOBP_GLYCEROLIPID_BIOSYNTHETIC_PROCESS,235,ENR,GOBP_GLYCEROLIPID_BIOSYNTHETIC_PROCESS,1,0,GOBP_GLYCEROLIPID_BIOSYNTHETIC_PROCESS,FALSE,GOBP_GLYCEROLIPID_BIOSYNTHETIC_PROCESS
1,2.71432976660709,2.71432976660709,2.71432976660709,1,,0,,AKT2|ATG3|BID|INPP5K|AGK|PIKFYVE|AP3B1|BAX|ADORA1|AFDN|AKAP5|ANKRD13C|AQP11|ARHGAP44|MTCH2|ARL6|ARL6IP1|BCS1L|ATAD1|ATP13A1|BAG6|BRAF|C2CD5|CACNG2|CAMLG|NDUFA13|ACSL3|CALM3|CCDC47|AMN|CD24|CDK5|ANK3|CDK5R1|CEMIP|ANXA13|CHM|CHMP4A|CHMP4B|CIB1|CLSTN1|COLQ|CPLX1|DMTN|EMC1|EMC10|EMC2|EMC3|EMC4|EMC6|EMC7|EMC8|EMC9|ARFRP1|COX18|ERBB2|FRMPD1|FYN|GDI1|GET1|ATP2C1|GET3|GET4|UMOD|GLP1R|BBS1|GOLGA7B|BBS2|GORASP1|GORASP2|GRIN3B|GRIP1|GRIP2|GRIPAP1|HPCA|BLZF1|HRAS|HSPA5|ICMT|OXA1L|ITGAM|ITGB1BP1|ITGB2|KCNB1|CLN3|KCNE1|LARGE1|SACM1L|CNST|LRRC7|MAL|MICALL1|MMGT1|MTCL1|MYO1C|NACA|NACA2|NACAD|COMMD1|NCF1|NCLN|NECTIN3|NOMO1|NOMO2|NOMO3|NPC1|NSG1|PAK1|PARD3|PDZK1|PEX16|CSK|PEX19|PEX26|PEX3|PRNP|RAB11B|RAB3GAP1|RAB3GAP2|RAB7A|RAB8B|RABGEF1|RAPSN|RDX|REEP1|REEP2|RFTN1|RILPL1|MAIP1|RILPL2|RTP2|RTP3|RTP4|RTP5|SCARB2|SCRIB|SDCBP|SEC61A1|SEC61A2|SEC61B|SEC61G|SEC62|SEC63|SGTA|GCC2|MIEF1|SGTB|GGA1|MIEF2|SIL1|GGA2|SLC1A1|GGA3|SLC51B|SRP14|GOLGA4|SRP19|MOAP1|SRP54|GOLGA7|SRP68|GOLPH3|SRP72|GOLPH3L|SRP9|MTCH1|SRPRA|SRPRB|SSR1|MTX1|SSR2|MTX2|SSR3|STOM|STX3|SYNE3|TAOK2|TCAF1|TCAF2|TMCO1|KIF13A|TMEM147|TRAM1|TRAM1L1|TRAM2|TRARG1|KRT18|UBL4A|VPS37A|VPS37B|VPS37C|EGFR|VPS37D|WDR83OS|WNK1|ZDHHC1|ZDHHC11|ZDHHC11B|ZDHHC12|LYPLA1|ZDHHC14|LYPLAL1|ZDHHC15|MACF1|PEX5|ZDHHC18|ZDHHC19|ZDHHC2|ZDHHC20|ZDHHC21|ZDHHC22|ZDHHC23|ZDHHC24|ZDHHC3|ZDHHC4|ZDHHC7|ZDHHC9|ZFAND2B|NSF|OPTN|PHAF1|PKDCC|RAB5IF|PREPL|PRKCI|ATP1B1|RAB10|RAB11A|ROMO1|ATP6AP1|RAB11FIP3|SAMM50|RAB26|RAB31|RAB34|RAB3IP|RAB8A|RACK1|RSC1A1|TIMM10|TIMM10B|TIMM13|TIMM22|TIMM29|TIMM8A|TIMM8B|TIMM9|TMEM126A|TOMM20|TOMM22|TOMM40|TOMM5|TOMM7|TOMM70|SORL1|TRMT10B|SPTBN1|VPS35|SYS1|ZDHHC6|VAMP2|VAMP3|VAMP4|VAMP5|CHP1|CWH43|YIF1B,https://www.gsea-msigdb.org/gsea/msigdb/human/geneset/GOBP_ESTABLISHMENT_OF_PROTEIN_LOCALIZATION_TO_MEMBRANE,267,ENR,GOBP_ESTABLISHMENT_OF_PROTEIN_LOCALIZATION_TO_MEMBRANE,1,0,GOBP_ESTABLISHMENT_OF_PROTEIN_LOCALIZATION_TO_MEMBRANE,FALSE,GOBP_ESTABLISHMENT_OF_PROTEIN_LOCALIZATION_TO_MEMBRANE
1,2.71432976660709,2.71432976660709,2.71432976660709,1,,1.2528753E-2,,HGS|VPS25|VPS28|SNF8|VPS36|RAB11A|VPS4A|VPS4B|VTA1|STAM|STAM2|MVB12A|CHMP1A|CHMP1B|CHMP2A|CHMP2B|RAB27A|CHMP3|CHMP4C|VPS37A|CHMP5|VPS37B|CHMP6|VPS37C|CHMP7|VPS37D|MVB12B|PDCD6IP|CHMP4A|CHMP4B|UBAP1|TSG101|IST1,https://www.gsea-msigdb.org/gsea/msigdb/human/geneset/GOBP_MULTIVESICULAR_BODY_ORGANIZATION,33,ENR,GOBP_MULTIVESICULAR_BODY_ORGANIZATION,1,0,GOBP_MULTIVESICULAR_BODY_ORGANIZATION,FALSE,GOBP_MULTIVESICULAR_BODY_ORGANIZATION
,1.9242792825875299,1.9242792825875299,1.9242792825875299,0.98809523799999999,,7.6066019999999998E-2,,CAV1|ACTN3|ADRB2|CCR2|ADRB3|KDM1A|DOCK7|NR1H2|OGT|ADAMTS5|GJA1|NR1H3|PDGFC|ATF4|ELOVL3|ELOVL6|CEBPB|CMKLR1|DYNC1H1|PEMT|APPL2|GRB10|HDAC3|RBPJ|S100B|SIRT6|IL13|LEP|IL4R|LEPR|CD36|STAT6|CXCR4|NR1D1|PER2|DBH|FH|PCTP|ID1|ACOT11|SLC25A4|SLC25A5|VEGFA|MFN2|SMARCA4|ADRB1|LCN2|SORL1|ZBTB7B|ACHE|ACOT13|CKB|ACVR2B|SLC25A44|BMP8A|BOLA3|EBF2|ESRRG|FOXC2|G0S2|ACADL|GADD45G|GPR3|HOXC10|KDM3A|KDM6B|KSR2|LAMA4|UCP1|MFAP2|PLAC8|UCP2|PPARGC1B|UCP3|ADIPOR1|GATM|HNRNPU|PTH2R|ADIPOR2|SCTR|CPT2|TLE3|ABHD6|STK11|TRPM8|TRPV2|TSHR|RB1|YBX2|ZNF423|DECR1|ZNF516|PLCL1|PLCL2|ALPL|IRF4|CNOT3|RHEB|HADH|PM20D1|PRKAB1|PRKAB2|DIO2|LNPEP|SCD|NPR3|OXTR|THRA|LGR4|EPAS1|TRPV1|WNT10B|PRLR|DDIT3|ADCYAP1|MAP2K6|ALMS1|FFAR4|CIDEA|NOVA1|IGF1R|IL18|NOVA2|IL18R1|GNAS|IGF2BP2|ALDH1A1|APC|LETMD1|TRPV4|LIPA|FABP5|JAK2|BMAL1|IL15|NOTCH1|SFXN5|ARRDC3|GHRL|TFE3|TLR4|BSCL2|FABP4|CLSTN3|HSF1|SLN|ADAM17|IL4|ADIPOQ|ADISSP|PWWP2B|QKI|HCRT|EHMT1|OXT|IP6K1|NRDC|PPARGC1A|PRDM16|ACSL1|SCT|OMA1|FLCN|LPIN1|PGAM5|THADA|SYK,https://www.gsea-msigdb.org/gsea/msigdb/human/geneset/GOBP_ADAPTIVE_THERMOGENESIS,167,ENR,GOBP_ADAPTIVE_THERMOGENESIS,1,1.1904761999999999E-2,GOBP_ADAPTIVE_THERMOGENESIS,FALSE,GOBP_ADAPTIVE_THERMOGENESIS
4,2.6875289380233101,2.6875289380233101,2.6875289380233101,0.99794661179999999,,6.6591829999999999E-3,,SEC13|SEC16A|TRAPPC4|TRAPPC5|TRAPPC6A|TRAPPC8|SEC23A|SEC23B|PDCD6|SEC24A|PEF1|SEC24B|SEC24C|SEC24D|SEC31A|SEC31B|VAPA|PPP6C|VAPB|PREB|CIDEB|RAB1A|INSIG1|SURF4|KLHL12|TBC1D20|TFG|TMED10|TMED2|CSNK1D|TRAPPC1|CUL3|MAPK15|SAR1A|SAR1B|TRAPPC11|MIA3|TRAPPC12|TRAPPC2|SCAP|TRAPPC2B|TRAPPC2L|TRAPPC3,https://www.gsea-msigdb.org/gsea/msigdb/human/geneset/GOBP_COPII_COATED_VESICLE_BUDDING,43,ENR,GOBP_COPII_COATED_VESICLE_BUDDING,1,2.0533881999999998E-3,GOBP_COPII_COATED_VESICLE_BUDDING,FALSE,GOBP_COPII_COATED_VESICLE_BUDDING
21,2.71432976660709,2.71432976660709,2.71432976660709,1,,1.1654958999999999E-2,,MYC|TAF1|TAF11|TAF13|TAF3|TAF4B|TAF8|TBP|THRA|CAND1|WNT10B|PAXIP1|SETX|CDK4|CTNNBIP1|CREB1|FOXO1|HMGB1|GTF2A1|GTF2A2|HNF1A|HNF1B|NFKBIA|MED1|MED10|MED12|MED11|MED13|MED14|MED15|MED16|MED17|NFKB1|ERCC1|MED18|NKX2-5|MED19|MED20|SUB1|MED21|MED22|MED23|MED24|PPM1D|MED25|MED26|MED27|MED28|MED29|SRF|MED30|MED31|MED4|MED6|DHX36|MED7|MED8|MED9|XPA|ZNF451|ZNHIT1|KAT8|PWWP2A|HEY2|FOSL1|TAF2|TAF4|TAF5|CEBPA|TAF10|TAF6|TAF12|TAF7|TP53|TAF9|TWIST1|ERCC6|PSMC6|BCLAF1|JUN|MITF|RRN3|MORC1,https://www.gsea-msigdb.org/gsea/msigdb/human/geneset/GOBP_REGULATION_OF_DNA_TEMPLATED_TRANSCRIPTION_INITIATION,83,ENR,GOBP_REGULATION_OF_DNA_TEMPLATED_TRANSCRIPTION_INITIATION,1,0,GOBP_REGULATION_OF_DNA_TEMPLATED_TRANSCRIPTION_INITIATION,FALSE,GOBP_REGULATION_OF_DNA_TEMPLATED_TRANSCRIPTION_INITIATION
8,2.7084209139887099,2.7084209139887099,2.7084209139887099,0.99804305289999995,,3.4341685999999998E-3,,GFM2|TRNT1|AFG2B|KAT5|ABCE1|DENR|DYRK3|EIF2D|GCN1|GTPBP2|HBS1L|CHKA|KIF19|KIF9|ANKZF1|KLC1|MAP4|MCTS1|TRIM21|MRRF|MTRFR|PELO|PLIN2|PLIN3|PTRH1|RNF14|RNF25|CDK1|RRP7A|SAYSD1|KLHDC10|SKIC2|SKIC3|CDK5RAP3|TCF25|USP10|PRKAA2|VRK1|ZFAND1|HDAC6|PNPLA2|RACK1|TRIP4|ELAC1|NEDD9|DDRGK1|MRPL58|ASCC2|LTN1|ASCC3|VCP|NEMF|UFL1|PLK3|GBF1|KIF5B|UFSP2|ZNF598|GOLGA2|EIF4E2|MTIF2|AURKA|MTIF3|SPAST|SKIC8|FAF2|STX5|GIGYF2|PLAAT1|PLAAT3|MTRES1|PRKAA1|RCHY1,https://www.gsea-msigdb.org/gsea/msigdb/human/geneset/GOBP_ORGANELLE_DISASSEMBLY,73,ENR,GOBP_ORGANELLE_DISASSEMBLY,1,1.9569471000000001E-3,GOBP_ORGANELLE_DISASSEMBLY,FALSE,GOBP_ORGANELLE_DISASSEMBLY
1,2.71432976660709,2.71432976660709,2.71432976660709,1,,3.2017909999999998E-3,,HGS|VPS25|VPS28|SNF8|VPS36|VTA1|STAM|STAM2|MVB12A|CHMP4C|VPS37A|CHMP5|VPS37B|CHMP6|VPS37C|CHMP7|LEPROT|VPS37D|LEPROTL1|MVB12B|PTPN23|CHMP4A|TMEM50A|CHMP4B|TMEM50B|UBAP1|TSG101,https://www.gsea-msigdb.org/gsea/msigdb/human/geneset/GOBP_LATE_ENDOSOME_TO_VACUOLE_TRANSPORT_VIA_MULTIVESICULAR_BODY_SORTING_PATHWAY,27,ENR,GOBP_LATE_ENDOSOME_TO_VACUOLE_TRANSPORT_VIA_MULTIVESICULAR_BODY_SORTING_PATHWAY,1,0,GOBP_LATE_ENDOSOME_TO_VACUOLE_TRANSPORT_VIA_MULTIVESICULAR_BODY_SORTING_PATHWAY,FALSE,GOBP_LATE_ENDOSOME_TO_VACUOLE_TRANSPORT_VIA_MULTIVESICULAR_BODY_SORTING_PATHWAY
3,2.71432976660709,2.71432976660709,2.71432976660709,1,,2.9415009E-3,,MTMR3|AMBRA1|ARFIP2|ATG10|ATG101|ATG13|ATG12|ATG16L1|ATG16L2|ATG2A|ATG2B|ATG4A|ATG3|ATG4B|ATG4C|ATG4D|ATG5|ATG7|ATG9A|EPM2A|ATG9B|ATP2A2|RAB1A|BAG3|RAB1B|C9ORF72|GABARAPL1|RAB33B|CHEK2|PSEN1|CTSD|DNAJC16|EFNB1|MTOR|ELAPOR1|ELAVL1|SCFD1|EPHB2|PIK3C2B|PIK3C3|SEC22B|FEZ2|GABARAP|PIKFYVE|PIP4K2A|PIP4K2B|PIP4K2C|IFT20|IFT88|MFN2|IRGQ|ATP13A2|LRBA|LRSAM1|MAP1LC3A|MAP1LC3B|RB1CC1|MAP1LC3B2|MAP1LC3C|STX17|STBD1|BNIP3|WDR45|TBC1D14|WDR45B|STING1|WIPI1|TCIRG1|WIPI2|NSFL1C|PACS2|PHF23|RAB19|RAB23|AP4M1|AP5Z1|RAB33A|RAB43|RAB5A|EMC6|RALB|RETREG1|RETREG2|RETREG3|ATG14|ATM|BECN1|RNF186|RNF5|RUFY4|SMCR8|NUPR1|SMURF1|SNX18|SNX30|CLN3|PINK1|SNX4|FEZ1|SNX7|SPG11|STX12|SH3GLB1|TBC1D12|TMEM39A|TMEM41B|TOM1|TP53INP1|TP53INP2|TRAF6|RAB3GAP1|RAB3GAP2|TRIM32|RAB7A|IRGM|EHMT2|UBQLN1|UBQLN2|UBXN2A|UBXN2B|ULK1|ULK2|ULK3|GABARAPL2|VMP1|GBA1|MOAP1|MTM1|ZFYVE26|LRRK2,https://www.gsea-msigdb.org/gsea/msigdb/human/geneset/GOBP_AUTOPHAGOSOME_ORGANIZATION,130,ENR,GOBP_AUTOPHAGOSOME_ORGANIZATION,1,0,GOBP_AUTOPHAGOSOME_ORGANIZATION,FALSE,GOBP_AUTOPHAGOSOME_ORGANIZATION
11,2.6857417323049901,2.6857417323049901,2.6857417323049901,0.99793814430000005,,1.0049173E-2,,TWNK|ASF1A|NPM2|NUCKS1|NUGGC|DUT|OBI1|ORC3|ORC5|SDE2|PDS5A|FAM111A|POLE3|CDK1|CHAF1A|CHAF1B|PTK6|RAD17|RFC2|RFC3|RFC4|RFC5|GRWD1|S100A11|SENP2|SLFN11|SLX4|SMARCA5|SMC3|STN1|TERF1|TICRR|TIPIN|TNFAIP1|NFIA|TSPYL2|TTF1|USP37|PCLAF|WAPL|WEE1|WIZ|WRN|WRNIP1|ZBTB38|ZMPSTE24|TP53|NAP1L1|NASP|RBBP4|TK1|SET|SSRP1|UPF1|DNA2|DNAJA3|ENDOG|ZNF830|ZPR1|DTD1|TEFM|AICDA|UCN|BARD1|CDK9|LIG3|ACTL6A|MGME1|ACTR5|ACTR8|RNASEH1|AGER|RNASEH2A|ATR|KIN|BRCA1|SUPT16H|CHEK1|DDX11|EGFR|RBBP6|TREX1|SIN3A|FBH1|RFC1|GINS1|POLD2|POLD3|POLE|HELB|POLG|POLG2|INO80|INO80B|INO80C|INO80D|PRIMPOL|INO80E|KAT7|CCNE1|CCNE2|MCRS1|MEAF6|RRM1|RRM2B|MRE11|NBN|NFRKB|TRAIP|OOEP|PCNA|PNKP|POLH|POLQ|SSBP1|BRCA2|RAD50|RAD51|CDC45|RECQL5|DHX9|RMI2|RPA2|DONSON|EME1|EME2|ETAA1|RTEL1|RUVBL1|RUVBL2|EXD2|FANCM|SETMAR|FEN1|GEN1|GINS2|GINS4|MCM8|MCM9|MMS22L|ORC1|MUS81|TERF2|TFPT|TIMELESS|POLA1|POLB|POLL|POLN|UCHL5|TOP1|RBBP8|RECQL|YY1|RECQL4|REV3L|ZNF365|RFWD3|ACVRL1|RMI1|ANKRD17|RPA1|RPA3|RPA4|SAMHD1|ATAD5|ATF1|ATRX|SMARCAL1|BAZ1A|BCL6|BLM|BRPF3|CACYBP|CAMSAP3|CCNA2|TONSL|TOPBP1|METTL4|CDC25A|CDC6|CDC7|CDK2|CDKN1A|CDKN1B|CDT1|CHRAC1|CHTF18|CHTF8|CIZ1|ADRA2A|CTC1|DACH1|DBF4|DBF4B|ENPP7|DNAJC2|DSCC1|DYNLL1|E2F7|E2F8|EHMT2|PARP1|EREG|ESCO1|ESCO2|FAF1|FBXO5|FGFR1|CDC34|GLI1|GLI2|GMNC|GMNN|GTPBP4|BOD1L1|CARM1|CDK2AP1|CENPS|CINP|CENPX|E4F1|DTL|FAM111B|HCRT|GINS3|EXO1|LRWD1|MCM10|MCMBP|ID3|NFIB|NFIC|NFIX|NOC3L|LIG1|NT5M|NYNRIN|ORC2|ING5|ORC4|JADE1|ORC6|JADE2|POLA2|JADE3|POLD1|POLD4|KCTD13|POLE2|POLE4|POLI|POLK|PRIM1|PRIM2|PTMS|PURA|RBBP7|MCIDAS|RBMS1|MCM2|POLRMT|REV1|MCM3|RTF2|MCM4|STRA8|MCM5|TBRG1|MCM6|TOP1MT|MCM7|WDHD1|WDR18|ZRANB3,https://www.gsea-msigdb.org/gsea/msigdb/human/geneset/GOBP_DNA_REPLICATION,275,ENR,GOBP_DNA_REPLICATION,1,2.0618556999999998E-3,GOBP_DNA_REPLICATION,FALSE,GOBP_DNA_REPLICATION
2,1.83794898556801,1.83794898556801,1.83794898556801,0.98547717800000001,,5.3485364000000001E-2,,BMP4|FEM1B|NABP2|FZR1|LIF|NEK2|IER3|DLG1|ATF5|EIF2AK4|SDE2|CENPF|PINX1|CDK5RAP2|CCNB1|CDK1|PPP1R10|RAD17|RGCC|SLFN11|SMARCA5|CEP63|TERF1|KIF25|TICRR|PABIR1|TIPIN|MDM1|NDC80|NUBP1|TNKS|DAB2IP|TOM1L1|MACROH2A1|PLK3|WAPL|ATF2|PKD2|WEE1|MSH2|PROX1|POC5|BCL2|SYF2|KNTC1|TRIM37|GIGYF2|TP53|GPR15LG|HLA-G|RPS6KA2|RB1|RFPL1|BRD4|E2F1|DNA2|NOP53|PTEN|LYN|EZH2|GPER1|ZNF830|TRIM39|INTS3|INTS7|BARD1|NANOS2|CDC73|DYNC1LI1|USP44|ABRAXAS1|RNASEH2B|ATR|ATRIP|BABAM1|BABAM2|BRCA1|BRCC3|BRD7|NSUN2|TAOK2|CHEK1|CUL4A|BAZ1B|BIRC5|BUB1B|BUB3|CDCA8|ESPL1|HASPIN|TREX1|ZC3H12D|BMP7|INCENP|LCMT1|ZFP36L2|ERCC6|MAD2L1|DOT1L|NAA10|CDC14B|NUF2|DMRT1|PSMG2|CTDSP1|CTDSP2|SPC24|FBXO43|SPC25|SPDL1|TEX14|TTK|H2AX|ZNF207|ZWILCH|ZWINT|BTN2A2|TOM1L2|CCAR2|GPNMB|ZFP36L1|CDC5L|MAD2L2|PPP2R5B|CENATAC|MRE11|MRNIP|NBN|CCND1|ACVR1|CDK5RAP3|APBB1|CHEK2|APBB2|AVEN|CHMP2A|CHMP4C|PTPN11|BRSK1|HORMAD1|PLK1|RINT1|CDK2AP2|PRKDC|BRCA2|RAD50|BRIP1|RAD51|CDKN2B|KLHL22|CDC45|CDKN2D|CLSPN|CRLF3|CRY1|CTDSPL|DACT1|FBXO7|DCUN1D3|DTX3L|RPA2|DONSON|EME1|EME2|ETAA1|MAP3K20|FAM107A|FHL1|MBTPS2|FOXN3|FOXO4|FANCD2|GFI1B|GNB1L|SETMAR|GPR132|GEN1|HEXIM2|ZNHIT1|HINFP|SIRT1|KANK2|HUS1|HUS1B|MDC1|TRIAP1|INIP|MIIP|MTBP|MUC1|MYO16|NAE1|NEK11|ORC1|MUS81|OVOL1|TERF2|NABP1|PDIK1L|PKMYT1|TIMELESS|PARP9|PRMT2|TP53BP1|RAD1|RAD9A|AURKAIP1|RAD9B|RBL1|RAD21|RBL2|UIMC1|IK|RPS27L|SOX2|TMEM67|STK33|STK35|STK38|RBBP8|SUSD2|KNL1|TAOK1|TAOK3|KAT2A|KAT2B|RFWD3|TELO2|RHNO1|TIPRL|ATM|RPA4|TPRA1|TTI1|TTI2|ATRX|BUB1|AURKB|MAD1L1|USP28|MAD2L1BP|WDR76|BCL6|XPC|BLM|ZFYVE19|ZNF655|CAMSAP3|TOPBP1|SKA1|TRIP13|SKA3|XRCC3|TPR|CDC6|CDK2|CDKN1A|ZW10|CDT1|DGKZ|ANAPC15|NPM1|APC|INHBA|DUSP1|E2F7|E2F8|NME6|MBTPS1|CCNF|UFL1|FBXO4|TMSB4X|CDC20|FBXO5|PRP4K|PRPF19|CHFR|CLOCK|GTPBP4|VPS4A|MAPK14|WAC|DTL|RBM14|PRAP1|JADE1|CACNB4|KLF4|FBXO31|CCL2|FBXO6,https://www.gsea-msigdb.org/gsea/msigdb/human/geneset/GOBP_NEGATIVE_REGULATION_OF_CELL_CYCLE_PROCESS,292,ENR,GOBP_NEGATIVE_REGULATION_OF_CELL_CYCLE_PROCESS,1,1.4522821999999999E-2,GOBP_NEGATIVE_REGULATION_OF_CELL_CYCLE_PROCESS,FALSE,GOBP_NEGATIVE_REGULATION_OF_CELL_CYCLE_PROCESS
1,2.71432976660709,2.71432976660709,2.71432976660709,1,,8.434998E-4,,RNF126|TOM1L1|HGS|VPS25|VPS28|SNF8|VPS36|VPS4A|VPS4B|UBAP1L|RNF115|STAM|STAM2|MVB12A|CHMP1A|NEDD4|CHMP1B|CHMP2A|HDAC6|CHMP2B|CHMP3|PLAA|CHMP4C|VPS37A|CHMP5|VPS37B|CHMP6|VPS37C|CHMP7|VPS37D|MVB12B|PTPN23|CHMP4A|CHMP4B|UBAP1|TSG101,https://www.gsea-msigdb.org/gsea/msigdb/human/geneset/GOBP_UBIQUITIN_DEPENDENT_PROTEIN_CATABOLIC_PROCESS_VIA_THE_MULTIVESICULAR_BODY_SORTING_PATHWAY,36,ENR,GOBP_UBIQUITIN_DEPENDENT_PROTEIN_CATABOLIC_PROCESS_VIA_THE_MULTIVESICULAR_BODY_SORTING_PATHWAY,1,0,GOBP_UBIQUITIN_DEPENDENT_PROTEIN_CATABOLIC_PROCESS_VIA_THE_MULTIVESICULAR_BODY_SORTING_PATHWAY,FALSE,GOBP_UBIQUITIN_DEPENDENT_PROTEIN_CATABOLIC_PROCESS_VIA_THE_MULTIVESICULAR_BODY_SORTING_PATHWAY
16,2.71432976660709,2.71432976660709,2.71432976660709,1,,5.6726579999999997E-3,,TRIT1|TRMO|TRMT1|TRMT10C|TRMT5|TRMT10A|TRMT2A|TRNT1|TRMT11|TRMT6|C2ORF49|NAT10|TRMT112|TRMT61A|TRMT13|TRMT61B|TRMT1L|TRUB1|TRMT2B|TRUB2|TRMT44|TRMT9B|RPUSD4|TRMU|TYW1|TYW1B|AKT1|TYW3|TYW5|RTCB|URM1|RTRAF|WDR4|WDR6|YRDC|CLP1|DDX1|THG1L|KARS1|ELP6|FAM98A|FAM98B|TRMT10B|GRSF1|ALKBH1|CDK5RAP1|THUMPD2|TRPT1|TSEN15|TSEN2|TSEN34|TSEN54|METTL8|LSM6|AARS1|ADAT1|ELP2|ADAT2|ADAT3|ALKBH8|ZBTB8OS|ANKRD16|BCDIN3D|CDKAL1|CTU1|CTU2|DALRD3|DPH3|DTWD1|DTWD2|DUS1L|DUS2|DUS4L|ELAC1|ELP1|ELP3|ELP4|ELP5|FARS2|FTSJ1|GON7|KTI12|LAGE3|DUS3L|LCMT2|METTL1|METTL2A|METTL2B|METTL6|MOCS3|MTFMT|NSUN6|OSGEP|PUS1|OSGEPL1|PUS7|NSUN2|NSUN3|PTCD1|POP1|POP4|POP5|POP7|PUS10|PUS3|PUSL1|QNG1|QTRT1|QTRT2|ELAC2|RPP14|RPP21|GTPBP3|RPP25|HSD17B10|RPP25L|RPP30|RPP38|RPP40|SARS1|SEPSECS|MTO1|SSB|TARBP1|PRORP|THADA|THUMPD1|THUMPD3|TP53RK|TPRKB|TRDMT1,https://www.gsea-msigdb.org/gsea/msigdb/human/geneset/GOBP_TRNA_PROCESSING,131,ENR,GOBP_TRNA_PROCESSING,1,0,GOBP_TRNA_PROCESSING,FALSE,GOBP_TRNA_PROCESSING
1,1.9947569656074799,1.9947569656074799,1.9947569656074799,0.989878543,,6.8311640000000007E-2,,MITD1|MTMR3|CHMP1A|MTMR4|CHMP1B|CHMP2A|CHMP2B|CHMP3|CHMP4C|AURKB|CHMP5|CHMP6|CHMP7|ZFYVE19|PDCD6IP|CHMP4A|CHMP4B|KIF20A|VPS4A|VPS4B|CEP55|IST1|SPART,https://www.gsea-msigdb.org/gsea/msigdb/human/geneset/GOBP_MIDBODY_ABSCISSION,23,ENR,GOBP_MIDBODY_ABSCISSION,1,1.0121457E-2,GOBP_MIDBODY_ABSCISSION,FALSE,GOBP_MIDBODY_ABSCISSION
18,2.71432976660709,2.71432976660709,2.71432976660709,1,,3.4817749999999999E-3,,NSF|OPTN|OSBPL5|PHAF1|PKDCC|PREPL|RAB10|RAB11A|RAB11FIP3|RAB13|RAB14|RAB26|RAB31|RAB34|RAB3IP|RABEP1|RABIF|RACK1|RBSN|RP2|RSC1A1|SCAMP1|SCAMP2|SCAMP3|SCFD1|SEC16A|SNAP23|SORCS1|SORL1|SORT1|SPTBN1|STEAP2|STXBP5|STXBP5L|SYS1|WIPI1|ACSL3|AMN|ANK3|ANKFY1|ANXA13|AP1AR|AP1G1|AP1G2|AP2A1|AP3D1|AP3S1|AP3S2|AP4M1|ARFGEF2|ARFRP1|ARL3|ATP2C1|BBS1|BBS2|VAMP2|VAMP3|VAMP4|VAMP5|VPS13A|BLZF1|VPS13C|VPS35L|CCDC22|CCDC91|CCDC93|VPS52|VTI1A|VTI1B|CLN3|CNST|COMMD1|CORO7|CSK|DNM2|DOP1A|DOP1B|EHD3|EPS15|EXOC1|EXOC2|EXOC4|EXOC5|EXOC6|EXOC6B|EXOC8|GAK|GBF1|GCC2|GGA1|GGA2|GGA3|GOLGA4|GOLGA7|GOLPH3|GOLPH3L|GOPC|KIF13A|KIF16B|KLHL20|KRT18|LAMP1|LAPTM5|LLGL1|LLGL2|VPS54|LYPLA1|LYPLAL1|MACF1|MON2|MYO1B|MYO5A,https://www.gsea-msigdb.org/gsea/msigdb/human/geneset/GOBP_POST_GOLGI_VESICLE_MEDIATED_TRANSPORT,112,ENR,GOBP_POST_GOLGI_VESICLE_MEDIATED_TRANSPORT,1,0,GOBP_POST_GOLGI_VESICLE_MEDIATED_TRANSPORT,FALSE,GOBP_POST_GOLGI_VESICLE_MEDIATED_TRANSPORT
13,2.71432976660709,2.71432976660709,2.71432976660709,1,,5.5684727000000003E-3,,PTX3|HSPA1B|ATG12|RAN|CD4|CDK1|GSK3A|GSK3B|BANF1|HMGB1|INPP5K|INSR|EPHA2|CNOT7|PIK3C3|GBP7|IDE|CSNK1A1|PIKFYVE|PARD6A|EIF2AK2|FBXL2|TP53|OAS2|HCFC2|IFI16|IFIH1|IRF7|ARL8B|ITCH|SLPI|BRD4|ST3GAL2|PLSCR1|CCNK|DENR|CCNT1|CCNT2|EIF2D|CTDP1|MCTS1|LTF|SCARB1|HEXIM1|MAVS|MBL2|N4BP1|NECTIN4|SMPD1|TNF|OAS3|OASL|VCP|EPS15|PCBP2|PVR|OAS1|DEK|LAMP1|RSAD2|EGFR|CD55|MVB12B|JUN|APOE|TARBP2|CAV1|HMGA2|BST2|P4HB|TNIP1|CD46|TRIM11|CD80|TRIM15|TRIM21|CD86|TRIM25|CLEC4G|TRIM31|RAB1A|CR2|RAB1B|TRIM5|TRIM6|TRIM62|TYRO3|ZC3HAV1|DDX5|ZNFX1|LGALS1|DHX9|IGF2R|MON1B|FMR1|TNFRSF4|SMARCA4|SMARCB1|LIG4|RCC1|TBC1D20|PARP9|TOP2B|CBL|TRIM28|HSPA1A|ILF3|LARP7|APCS|UVRAG|VAPA|VAPB|CD28|FURIN|PABPC1|PPIE|PPIH|PRKN|PRMT1|NOTCH1|NR5A2|NRP1|TPCN2|CSNK2B|VPS18|PTBP1|DDB1|AVP|BSG|EP300|KPNA2|USF1|ACE2|AGTR1|CCL2|ANPEP|APOBEC3B|APOBEC3D|APOBEC3G|APOBEC3H|ARK2N|ATP7B|AVPR1B|BICD1|CCL3|REST|BTBD17|CCL4|CD209|CCL5|CDHR3|CFL1|CCL8|CLDN1|CLDN6|CLDN9|CLEC4M|HTR2A|CCR5|CSDE1|CTBP2|RRP1B|CTSB|CTSL|CXCR6|HSP90AB1|DAG1|DDX56|IFI27|NUCKS1|DDX6|DYNLT1|EEF1A1|EFNB2|CD74|EFNB3|CD81|EIF2AK4|EIF3A|EIF3B|EIF3D|EIF3F|CH25H|EIF3G|EIF3L|FAM111A|FKBP6|FUT8|GALNT1|GRK2|GYPA|CREB3|HACD3|CHD1|HAVCR1|HCFC1|HDAC1|HPN|CSF1R|HS3ST5|IFIT1|IFIT5|IFITM1|IFITM2|IFITM3|GTF2B|ISG20|ITGA5|ITGAV|ITGB5|ITGB6|JPT2|KPNA3|LAMP3|SMC5|SRC|CXCL8|LRRC15|SMC6|MDFIC|MGAT1|MGAT2|MGAT4A|CXCR4|MGAT4B|MGAT4C|MGAT5|MID2|MITD1|MOG|MOGS|SNW1|MRC1|MYH10|NCAM1|NECTIN1|SRPK1|NFIA|SRPK2|NMT2|NUP153|OAZ1|OAZ2|DPP4|OAZ3|PAIP1|PARP10|PC|PCBP1|PCSK5|PEG10|PKN2|POU2F3|PPID|F11R|PROX1|RPSA|SERPINB3|SHFL|SIGLEC1|SLC10A1|SLC1A5|SLC20A2|BCL2|SLC38A8|SLC3A2|SLC52A1|SLC52A2|SLC6A19|SLC7A1|SP1|GAS6|SP100|ST3GAL1|ST3GAL3|ST6GAL1|ST6GALNAC2|ST6GALNAC3|TARDBP|PSMC3|ST6GALNAC4|STAU1|GPR15|TFAP4|TMEM250|CAV2|TMPRSS2|TMPRSS4|TPCN1|CHMP4A|TRIM14|CHMP4B|TRIM8|UBP1|USF2|ICAM1|USP6NL|XPR1|YTHDC2|RAD23A|ZBED1|ZDHHC8|RSF1|ZFP36|ZNF502|ZNF639|ITGA2|TAF11|CXADR|ITGB1|ITGB3|ITGB7|LGALS9|NECTIN3|TRIM38|NPC1|ADAR|ADARB1|MYH9|AICDA|RAB7A|CDK9|MAN2A1|SCARB2|PPIA|PPIB|WWP1|WWP2|STOM|PDE12|SELPLG|NECTIN2|VPS37A|VPS37B|SLAMF1|VPS37C|VPS37D|RNASEL|SSB|ST3GAL4|PHB1|ZDHHC20|SPCS1|SPCS3|ZDHHC9|TNFRSF14|ATG16L1|ATG16L2|ATG5|APOBEC3A|APOBEC3C|APOBEC3F|CALCOCO2|CANX|SIVA1|CHMP1A|CHMP1B|CHMP2A|CHMP2B|CHMP3|CHMP4C|CHMP5|CHMP6|EDEM2|CHMP7|TFRC|CTBP1|RNASEK|MAN1B1|PARP16|LARP1|LRSAM1|MX1|MVB12A|NEDD4|PDCD6IP|DDX3X|KIAA0319L|RAB43|AXL|CR1|HLA-DRB1|TMEM39A|TMEM41B|CLEC5A|ISG15|TRIM13|TRIM32|TSG101|HYAL2|VAMP8|IL32|TRIM27|KPNA6|LAMTOR5|VPS28|ZC3H12A|VPS4A|VPS4B|ZFYVE1|LEF1|LDLR|STAT1|TOP2A,https://www.gsea-msigdb.org/gsea/msigdb/human/geneset/GOBP_VIRAL_PROCESS,404,ENR,GOBP_VIRAL_PROCESS,1,0,GOBP_VIRAL_PROCESS,FALSE,GOBP_VIRAL_PROCESS
,1.81291336750022,1.81291336750022,1.81291336750022,0.98461538500000001,,5.1490843000000001E-2,,NDUFC2|CCN3|CYLD|DAB2IP|CPNE1|PPM1B|HDAC7|ZC3H12A|PPM1A|TRIM15|ADGRG3|NLRP2|RELA|FOXJ1|TRIM40|TRIM60|C1QTNF3|RASSF2|ADIPOR1|BMP7|UACA|NLRC3|SPI1|IFI35|NLRP12|DDX3X|NLRP3|NMI|LITAF|MKRN2,https://www.gsea-msigdb.org/gsea/msigdb/human/geneset/GOBP_NEGATIVE_REGULATION_OF_NON_CANONICAL_NF_KAPPAB_SIGNAL_TRANSDUCTION,30,ENR,GOBP_NEGATIVE_REGULATION_OF_NON_CANONICAL_NF_KAPPAB_SIGNAL_TRANSDUCTION,1,1.5384615000000001E-2,GOBP_NEGATIVE_REGULATION_OF_NON_CANONICAL_NF_KAPPAB_SIGNAL_TRANSDUCTION,FALSE,GOBP_NEGATIVE_REGULATION_OF_NON_CANONICAL_NF_KAPPAB_SIGNAL_TRANSDUCTION
1,2.6665179833343702,2.6665179833343702,2.6665179833343702,0.99784482760000004,,1.0037681E-2,,ADRB2|PCSK9|C9ORF72|AP3M1|CHMP1A|CHMP1B|CHMP2A|CHMP2B|RAB7B|CHMP3|CHMP4C|CHMP5|CHMP6|CHMP7|RBSN|ALS2|BIN1|CDX2|DENND3|GNPTG|GPRASP1|EPG5|HGSNAT|HMGXB4|IGF2R|LRP1|PIK3C3|M6PR|MFSD1|DTX3L|MGRN1|PIK3R4|NCOA4|PCDHGA3|AP3B1|PLEKHF1|HGS|PLEKHF2|PSAP|RAB12|RHOB|RILP|SCYL2|SLC17A9|SLC30A2|ATP13A2|SLC30A3|LAMP2|SLC30A4|SLC48A1|SNX16|SORL1|SNX27|SORT1|SPTBN5|TGFBRAP1|UEVLD|VPS53|ZFYVE16|MVB12A|VPS35|NDP|NEDD4|ANKFY1|CHMP4A|AP1G1|CHMP4B|HSPA1A|HSPA8|PLEKHM1|AP3D1|AP4M1|CLU|ARL8B|ATG14|TRAK1|TRAK2|BECN1|USE1|RUFY4|SNAPIN|VPS41|CCDC91|VPS51|VPS52|CLN3|PINK1|LYST|AKTIP|ARSB|NPC1|FHIP1B|GNPTAB|GRN|LIPA|HOOK1|HOOK2|HOOK3|RAB7A|TSG101|LYSET|EHD3|VCP|NAGPA|PRKN|UBXN6|SCARB2|TMEM106B|VIPAS39|GAK|VPS16|TPCN2|GCC2|VPS11|VPS18|GGA3|VPS33A|VPS33B|VPS39|VPS4A|VPS4B|MTM1|KIF13A|LAMP1|LAPTM5|VPS54|LRRK2,https://www.gsea-msigdb.org/gsea/msigdb/human/geneset/GOBP_LYSOSOMAL_TRANSPORT,127,ENR,GOBP_LYSOSOMAL_TRANSPORT,1,2.1551724E-3,GOBP_LYSOSOMAL_TRANSPORT,FALSE,GOBP_LYSOSOMAL_TRANSPORT
,2.38827886877975,2.38827886877975,2.38827886877975,0.99591002049999999,,4.2824354000000002E-2,,TNFRSF8|WNT11|ANKRD1|ITGA2|TLR5|TNFSF14|CDA|ITGB3|TNFRSF1A|DAG1|ATP1A2|LTBR|BAG3|CD40|GCLC|CNN2|ABCB1|SLC38A2|BCL10|BMP6|HDAC3|PTPN11|AQP1|MYD88|CASP1|CASP8|GADD45A|IL13|NFKB1|MAP3K14|PECAM1|TGFB1|FGF2|TLR3|CASP2|TLR4|CASP5|CASP8AP2|CYBA|TLR7|COL1A1|PTGER4|TLR8|CRADD|KCNJ2|MAG|MAP2K4|MAP3K1|FAS|MAP3K2|PIEZO1|NPPA|PIEZO2|SCX|SLC2A1|TMEM150C|F11R|FADD|BAD|BAK1|SLC9A1|TNFRSF10A|HABP4|MAPK8|CHEK1|PLEC|TMEM87A|GAB1|BNIP3|TEK|PDE2A|MAPK3|GOT1|SOX9|IL1B|TNFRSF10B|IRF1,https://www.gsea-msigdb.org/gsea/msigdb/human/geneset/GOBP_CELLULAR_RESPONSE_TO_EXTERNAL_STIMULUS,77,ENR,GOBP_CELLULAR_RESPONSE_TO_EXTERNAL_STIMULUS,1,4.0899795000000003E-3,GOBP_CELLULAR_RESPONSE_TO_EXTERNAL_STIMULUS,FALSE,GOBP_CELLULAR_RESPONSE_TO_EXTERNAL_STIMULUS
4,1.7332864473841101,1.7332864473841101,1.7332864473841101,0.98151950700000001,,7.3103619999999994E-2,,AP3B2|AP3M1|AP3M2|BLOC1S2|TRIM46|BLOC1S6|BLOC1S3|BLOC1S4|BLOC1S5|AP3B1|BORCS5|KIF1B|SNAPIN|AP3D1|AP3S1|MAP2|AP3S2|BLOC1S1|DTNBP1,https://www.gsea-msigdb.org/gsea/msigdb/human/geneset/GOBP_SYNAPTIC_VESICLE_CYTOSKELETAL_TRANSPORT,19,ENR,GOBP_SYNAPTIC_VESICLE_CYTOSKELETAL_TRANSPORT,1,1.8480493000000001E-2,GOBP_SYNAPTIC_VESICLE_CYTOSKELETAL_TRANSPORT,FALSE,GOBP_SYNAPTIC_VESICLE_CYTOSKELETAL_TRANSPORT
,2.71432976660709,2.71432976660709,2.71432976660709,1,,2.5328542999999999E-2,,PKD2L1|ITPR3|RGS21|TAS1R1|TAS1R2|TAS1R3|TAS2R1|AZGP1|TAS2R10|TAS2R13|TAS2R14|TAS2R19|TAS2R20|TAS2R3|TAS2R30|TAS2R31|TAS2R39|TAS2R4|TAS2R42|TAS2R43|TAS2R46|TAS2R5|TAS2R50|TAS2R60|TAS2R9|TRPV1|WNT10B|FFAR4|SCNN1A|SCNN1D|SCNN1G|CD36|REEP2|RTP2|RTP3|RTP4|RTP5|LPO|ASIC2|GNAT2|LEF1|P2RX2|ASIC1|ASIC3|CA6|CALHM1|PLCB2|CALHM3|P2RX3|CST1|CST2|CST4|GNAT1|GNAT3|GNB1|GNG13|PIGR|SCNN1B|PIP|PKD1L3,https://www.gsea-msigdb.org/gsea/msigdb/human/geneset/GOBP_SENSORY_PERCEPTION_OF_TASTE,60,ENR,GOBP_SENSORY_PERCEPTION_OF_TASTE,1,0,GOBP_SENSORY_PERCEPTION_OF_TASTE,FALSE,GOBP_SENSORY_PERCEPTION_OF_TASTE
29,2.71432976660709,2.71432976660709,2.71432976660709,1,,8.0774160000000005E-3,,UBAC2|UBE2G2|AFG2B|BCAP31|SLC35D3|CD81|AUP1|SYVN1|UFD1|DERL2|DERL3|SEL1L|BRSK2|EDEM2|CRYZL2P-SEC16B|RANGRF|ERLEC1|TECPR2|TM9SF4|TMEM30A|TMEM30B|NPLOC4|VCP|HM13|SEC13|SEC16A|SEC16B|SEC61B|GCC2|SLC51B|UBE2J1|SORL1|DERL1|YOD1|RHBDD1|STEEP1|EDEM1|MAP1LC3C|FAF2|INSIG1|SELENOS|HERPUD1|SURF4|LMAN1|SVIP|OS9|HSP90B1|TMEM129|TMED9|MIA2,https://www.gsea-msigdb.org/gsea/msigdb/human/geneset/GOBP_PROTEIN_EXIT_FROM_ENDOPLASMIC_RETICULUM,50,ENR,GOBP_PROTEIN_EXIT_FROM_ENDOPLASMIC_RETICULUM,1,0,GOBP_PROTEIN_EXIT_FROM_ENDOPLASMIC_RETICULUM,FALSE,GOBP_PROTEIN_EXIT_FROM_ENDOPLASMIC_RETICULUM
4,2.71432976660709,2.71432976660709,2.71432976660709,1,,8.0511634999999998E-3,,TMEM201|ACTR10|AGBL4|ANKFN1|APOLD1|ARHGAP21|BORCS6|BORCS7|BORCS8|CEP83|CROCC|CLMN|DLG1|DOCK7|ENKD1|EPCIP|FHOD1|GJA1|HSBP1|KIFBP|KXD1|LSG1|LTV1|MAP1B|MARK1|MDN1|RAN|BLOC1S1|NEFH|PAFAH1B1|NEFL|CDK5RAP2|NMD3|CEP120|NOP9|CCNB1|NTN1|CDK1|NUP88|PARD3B|PAX6|PDCD10|PEX14|PKD1|RIPOR1|RPS15|SAPCD2|SDAD1|SPRY1|SPRY2|BTK|STK25|SUN2|SYNE2|TACC1|TACC2|TLE6|TRIM58|UBB|ZBED3|CLNK|KIF25|PIK3CD|MCPH1|PIK3CG|NDC80|NUP62|PCM1|PKHD1|FGR|PLA2G3|SGO1|SPICE1|TUBA1A|UXT|WIPI1|AP1AR|AP1G1|AP3D1|AP3S1|AP3S2|SEH1L|ARFGAP2|ARFGAP3|ATP9A|BBS2|BICD2|MAP4|CEP19|CLN3|PINK1|SNCA|COPG1|COPG2|CSNK1D|SMPD3|CUL3|SYNJ1|DNM2|EXOC1|EXOC2|PDPK1|EXOC4|ABRAXAS1|EXOC5|EXOC6|EXOC6B|EXOC8|GBF1|IFNG|HTT|NR4A3|KIF13A|KIF16B|KIF1C|BIRC5|KLHL12|BUB3|CDCA8|LAMP1|ESPL1|LLGL1|LLGL2|INCENP|MAD2L1|LRRK2|NUF2|SIRT2|RIOK2|MAPK15|SPC24|SPC25|FGF10|SPDL1|TACC3|FMN2|TEX14|TTK|ZNF207|MYO5A|ZWILCH|ZWINT|ABRAXAS2|ADORA2B|ANKRD53|AURKC|PDCD6|BCCIP|KAT5|PEF1|BOD1|CCDC66|PPP6C|PREB|CD84|CENPQ|RAB11A|CEP55|CHAMP1|RAB1A|DSN1|DYNC1H1|ECT2|EML3|FERRY3|OOEP|EML4|FES|FAM83D|RAB6A|FOXF1|GAB2|GEM|GATA1|GPSM2|GATA2|HDAC3|KIF18A|PLK1|KIF22|KIF2C|YWHAZ|IL13RA2|KIFC1|IL4R|KNSTRN|KPNB1|SAR1A|SAR1B|CDCA5|MAP1S|MAPRE1|SEC16A|MISP|NSL1|NUDC|NUSAP1|SNAP23|SIRT1|PMF1|UNC13D|PSRC1|SPAST|KASH5|SPIRE1|RAB24|SPIRE2|RACGAP1|MAJIN|RCC2|RMDN1|MEIOC|RRS1|SEPTIN1|SKA2|SPAG5|SPDYA|TFG|CBL|TMED10|SUN1|TMED2|HNRNPU|TMED9|TRAPPC1|TRAPPC10|TTL|FCER1A|TRAPPC11|TRAPPC12|TRAPPC13|TRAPPC2|TRAPPC2B|TRAPPC2L|TRAPPC3|KAT2B|GRP|TRAPPC4|TRAPPC5|TRAPPC6A|TRAPPC6B|TRAPPC8|TRAPPC9|TRIP11|VAMP2|AURKB|SPO11|VAMP3|LAT|LAT2|MILR1|MRGPRX2|TERB1|TERB2|PTGDR|PTGDS|RAB44|S100A13|SCN11A|YKT6|ZW10|CDT1|NPM1|CTNNB1|APC|MAP2K1|HOOK3|MYO7A|NAGLU|PRKN|EZR|CDC23|ADGRE2|ASIP|RBM10|SLIT1|EIF6|MLH1|BICD1|HIF1A|CFL1|NEK2|CD300A|DYNLT1|CENPA|CENPC|CENPE|CENPF|CDC42|PINX1|CHGA|KIF14|PSEN1|UCHL1|TERF1|MYH10|AGTPBP1|AP3B1|UBE2B|ARMCX3|ATP13A2|FCER1G|ARL6|KNTC1|BLOC1S2|MIS12|CDK5|GPR15LG|CHMP4A|CHMP4B|RB1|ITGA4|ITGB1|DNM1L|KIT|LGALS9|FEZ1|LYN|MYO1C|HDAC6|PARD3|MYH9|RAB11B|RAB7A|RABGEF1|LMNA|MAPT|SCRIB|SDCBP|MGARP|XPO1|RAC2|SYNE3|MYO19|NECTIN2|OPA1|SYK|RAB3A|RHOT1|RHOT2|WASL|ACTN4|AP1M2|AP3B2|AP3M1|AP3M2|BAIAP3|BBS5|BBS7|BICDL1|CHMP1A|BICDL2|CHMP1B|BLOC1S3|CHMP2A|BLOC1S4|CHMP2B|BLOC1S5|CHMP3|BORCS5|CHMP4C|CHMP5|CHMP6|CHMP7|BTBD8|C17ORF75|CADPS|CADPS2|CCDC186|CDH3|IL13|CDR2L|CLASP1|CLASP2|COPS5|DCTN1|DCTN2|DNM1|DNM3|DTNBP1|DYNC1I1|EXOC3|EXOC7|F8A1|F8A3|FAM91A1|FBXW11|FNBP1L|FYCO1|GPR143|HAP1|SLC18A2|IRAG2|KIF1A|GPSM1|KIF1B|HGS|KIF3A|KIF3B|KIF5A|KIF5B|KIF5C|IKBKG|KIFAP3|KIFC2|LIMK2|LIN7A|LIN7B|LIN7C|MAP2|MAP4K2|MKKS|MLPH|MREG|MX1|MX2|NDE1|NDEL1|NLGN1|WASF1|CPLX2|PDZD11|PPFIA2|RAB17|RAB27A|SPHK2|RASGRP1|SDC1|TCIRG1|SDC4|NSFL1C|SEPTIN5|SHROOM2|SLC2A4|PDCD6IP|SNAP25|STARD3|STARD3NL|STK11|STXBP1|STXBP2|STXBP3|SYBU|SYT11|KNL1|SYT4|TANC2|TBC1D23|TESK1|TMEM230|TOR1A|TRAK1|ATM|LRPPRC|TRAK2|BECN1|TRIM46|BLOC1S6|UNC13A|UNC13B|UNC13C|WDR11|MAD1L1|SNAP29|SNAPIN|NUMA1|SNF8|SKA1|SKA3|SNX4|SNX6|SPG11|STAM|TSPAN9|TSG101|UBXN2B|VAMP8|VPS4A|VPS4B|NLRP5|INPPL1|PIBF1|NHERF1|LMNB1|LMNB2,https://www.gsea-msigdb.org/gsea/msigdb/human/geneset/GOBP_ESTABLISHMENT_OF_ORGANELLE_LOCALIZATION,485,ENR,GOBP_ESTABLISHMENT_OF_ORGANELLE_LOCALIZATION,1,0,GOBP_ESTABLISHMENT_OF_ORGANELLE_LOCALIZATION,FALSE,GOBP_ESTABLISHMENT_OF_ORGANELLE_LOCALIZATION
5,1.70567369651763,1.70567369651763,1.70567369651763,0.980306346,,9.8434759999999996E-2,,MSH6|HELB|ANKLE1|C1QBP|NDFIP1|KAT5|BCL6|KLHL15|BLM|KMT5A|MAD2L2|MAGEF1|PARP3|PARPBP|PLK1|POLQ|RADX|RECQL5|RIF1|RMI2|ABL1|RTEL1|FOXP3|SENP3|SHLD1|SHLD2|SHLD3|H1-0|H1-1|MSH2|H1-10|H1-2|H1-3|H1-4|H1-5|H1-6|H1-7|H1-8|ZSCAN4|SMCHD1|CGAS|CSNK2A1|TERF2|TERF2IP|TP53BP1|UBQLN4|FANCB|FBH1|MLH1|MSH3,https://www.gsea-msigdb.org/gsea/msigdb/human/geneset/GOBP_NEGATIVE_REGULATION_OF_DNA_RECOMBINATION,50,ENR,GOBP_NEGATIVE_REGULATION_OF_DNA_RECOMBINATION,1,1.9693654000000001E-2,GOBP_NEGATIVE_REGULATION_OF_DNA_RECOMBINATION,FALSE,GOBP_NEGATIVE_REGULATION_OF_DNA_RECOMBINATION
5,2.71432976660709,2.71432976660709,2.71432976660709,1,,8.2058349999999999E-3,,HDGFL2|ZNF365|HELB|HELQ|C1QBP|ING3|KAT5|KDM1A|KLHL15|KMT5A|MAD2L2|MAGEF1|MBTD1|MEAF6|MORF4L1|MORF4L2|MRGBP|MRNIP|NBN|OOEP|PARPBP|PELI1|PIAS4|PLK1|POLQ|SIRT6|PPP4C|RAD51|RAD51AP1|RADX|PARP1|RECQL5|PPP4R2|RIF1|RMI2|RNF126|PRMT1|RNF8|RPA2|ABL1|RTEL1|ACTB|RUVBL1|ACTL6A|RUVBL2|SENP3|ACTR2|SETD2|SHLD1|SHLD2|SHLD3|ARID2|SKP2|FUS|BRD8|SMCHD1|SPIDR|CGAS|CHEK1|CREBBP|CSNK2A1|TERF2IP|TEX15|DMAP1|TIMELESS|TP53BP1|EP400|EPC1|EPC2|ERCC6|UBQLN4|USP51|FANCB|VPS72|FBH1|WAS|WDR48|FIGNL1|TRRAP|WRAP53|YEATS4,https://www.gsea-msigdb.org/gsea/msigdb/human/geneset/GOBP_REGULATION_OF_DOUBLE_STRAND_BREAK_REPAIR_VIA_HOMOLOGOUS_RECOMBINATION,81,ENR,GOBP_REGULATION_OF_DOUBLE_STRAND_BREAK_REPAIR_VIA_HOMOLOGOUS_RECOMBINATION,1,0,GOBP_REGULATION_OF_DOUBLE_STRAND_BREAK_REPAIR_VIA_HOMOLOGOUS_RECOMBINATION,FALSE,GOBP_REGULATION_OF_DOUBLE_STRAND_BREAK_REPAIR_VIA_HOMOLOGOUS_RECOMBINATION
31,1.85387196432176,1.85387196432176,1.85387196432176,0.98599999999999999,,9.9909339999999999E-2,,ITPK1|CAV1|ITCH|TLR3|AIFM1|RNF31|CYLD|CFLAR|ADPRS|SLC25A4|FAS|OGT|MUTYH|TRPM7|RIPK3|FADD|PPIF|PYGL|FZD9|ARHGEF2|SPATA2|TP53|IPMK|BIRC2|BIRC3|BOK|PELI1|YBX3|TNF|CASP6|CASP8|FASLG|RBCK1|RIPK1|ZBP1|PGAM5|NLRP6|MLKL|PARP1|PRKN,https://www.gsea-msigdb.org/gsea/msigdb/human/geneset/GOBP_NECROPTOTIC_PROCESS,40,ENR,GOBP_NECROPTOTIC_PROCESS,1,1.4E-2,GOBP_NECROPTOTIC_PROCESS,FALSE,GOBP_NECROPTOTIC_PROCESS
6,1.54759892813551,1.54759892813551,1.54759892813551,0.97165992000000001,,9.1437920000000006E-2,,OPTN|AKT1|AKT2|ABCA7|FUT1|AGR2|AMFR|ATF3|ATF4|ATF6|ATF6B|BAG3|BHLHA15|CCND1|DNAJB9|CREB3L1|CDK5RAP3|CREB3|CREBRF|CREBZF|CTH|DERL2|DAXX|DERL3|DNAJC10|EDEM2|EDEM3|RACK1|EIF2AK3|ERLEC1|DDRGK1|ERMP1|ERO1A|COPS5|EIF2S1|FICD|HERPUD2|MANF|ERN1|AKT3|MBTPS2|NCK1|DAB2IP|NCK2|HSPB8|PARP16|ATAD3A|PARP6|PARP8|EIF2AK2|PIGBOS1|PPP1R15A|PPP1R15B|QRICH1|BAK1|BAX|BBC3|RHBDD1|RHBDD2|SELENOS|BCL2L11|RPAP2|BOK|SERP1|SERP2|STC2|TMED2|TBL2|TMBIM4|HSPA1A|TMBIM6|TMEM33|TMTC4|PACRG|RNF7|TM7SF3|UMOD|WFS1|VAPB|HSPA5|DDIT3|STUB1|NFE2L2|HSPD1|PIK3R1|ABCB10|ASB11|MBTPS1|VCP|BFAR|PRKN|UFL1|XBP1|ERN2|PTPN1|PTPN2|HSF1|DERL1|YOD1|HERPUD1|OS9,https://www.gsea-msigdb.org/gsea/msigdb/human/geneset/GOBP_CELLULAR_RESPONSE_TO_UNFOLDED_PROTEIN,101,ENR,GOBP_CELLULAR_RESPONSE_TO_UNFOLDED_PROTEIN,1,2.834008E-2,GOBP_CELLULAR_RESPONSE_TO_UNFOLDED_PROTEIN,FALSE,GOBP_CELLULAR_RESPONSE_TO_UNFOLDED_PROTEIN
9,2.1055101435119998,2.1055101435119998,2.1055101435119998,0.99215686199999997,,3.8166753999999997E-2,,EXOSC3|EXOSC6|PPP2R1A|TRNT1|EXOSC10|DIS3|DXO|ZCCHC7|XRN1|PELO|ARMC5|EXOSC4|EXOSC5|PPP2CA|INTS1|INTS10|INTS11|INTS12|INTS13|INTS14|WDR82|INTS2|ZC3H4|INTS3|INTS4|INTS5|INTS6|INTS7|INTS8|INTS9|EXOSC2|EXOSC7|EXOSC8|INTS15|EXOSC9|SUPV3L1|RBX1,https://www.gsea-msigdb.org/gsea/msigdb/human/geneset/GOBP_RNA_SURVEILLANCE,37,ENR,GOBP_RNA_SURVEILLANCE,1,7.8431379999999995E-3,GOBP_RNA_SURVEILLANCE,FALSE,GOBP_RNA_SURVEILLANCE
2,1.6514542385014299,1.6514542385014299,1.6514542385014299,0.977687627,,9.3382489999999999E-2,,ZWINT|NABP2|FZR1|IER3|MAD2L2|SDE2|CENPF|MRE11|CDK5RAP2|MRNIP|NBN|CCNB1|CCND1|CDK1|PPP1R10|CDK5RAP3|CHEK2|RAD17|CHMP4C|BRSK1|PLK1|RINT1|PRKDC|RAD50|KLHL22|CLSPN|TICRR|PABIR1|RPA2|TIPIN|DONSON|EME1|EME2|ETAA1|MAP3K20|NDC80|MBTPS2|FOXN3|FOXO4|FANCD2|PLK3|SETMAR|GEN1|ATF2|MSH2|HUS1|HUS1B|MDC1|TRIAP1|INIP|MUC1|SYF2|NAE1|KNTC1|NEK11|GIGYF2|ORC1|MUS81|TP53|NABP1|RAD9A|RAD9B|UIMC1|IK|RPS27L|STK33|RBBP8|KNL1|TAOK1|TAOK3|RFWD3|ATM|BUB1|AURKB|MAD1L1|MAD2L1BP|XPC|BLM|ZFYVE19|NOP53|TOPBP1|SKA1|TRIP13|SKA3|XRCC3|TPR|CDC6|CDK2|CDKN1A|ZW10|DGKZ|ZNF830|ANAPC15|TRIM39|INTS3|APC|DUSP1|BARD1|DYNC1LI1|MBTPS1|CDC20|PRP4K|USP44|ABRAXAS1|CHFR|ATR|BABAM1|VPS4A|BABAM2|WAC|BRCA1|BRCC3|DTL|TAOK2|CHEK1|BIRC5|BUB1B|PRAP1|BUB3|CDCA8|HASPIN|TREX1|INCENP|LCMT1|MAD2L1|CDC14B|FBXO31|NUF2|PSMG2|SPC24|SPC25|SPDL1|TEX14|TTK|ZNF207|ZWILCH,https://www.gsea-msigdb.org/gsea/msigdb/human/geneset/GOBP_MITOTIC_CELL_CYCLE_CHECKPOINT_SIGNALING,136,ENR,GOBP_MITOTIC_CELL_CYCLE_CHECKPOINT_SIGNALING,1,2.2312373E-2,GOBP_MITOTIC_CELL_CYCLE_CHECKPOINT_SIGNALING,FALSE,GOBP_MITOTIC_CELL_CYCLE_CHECKPOINT_SIGNALING
2,2.71432976660709,2.71432976660709,2.71432976660709,1,,9.7048519999999999E-3,,DLG1|AKT1|ATF5|BID|CDK5RAP2|CCNB1|CDK1|APPL1|APPL2|PKD1|CEP63|NDC80|MACROH2A1|PKD2|MSH2|SASS6|STIL|GIGYF2|TP53|RRM2|PLCB1|CYP1A1|PLCG2|BRD4|DYRK3|NOP53|PTEN|ERCC3|EZH2|INTS3|INTS7|CUL3|DYNC1LI1|ABRAXAS1|ACTB|ACTL6A|ACTL6B|ARID1A|RNASEH2B|ARID1B|ARID2|ATR|ATRIP|PTPN6|BABAM1|BABAM2|BCL7A|BCL7B|BCL7C|BRCA1|BRCC3|BRD7|CHEK1|CUL4A|BIRC5|BUB1B|BUB3|CDCA8|DPF1|DPF2|ESPL1|DPF3|EGFR|HASPIN|TREX1|ZC3H12D|HECW2|INCENP|LCMT1|ZFP36L2|ERCC6|MAD2L1|DOT1L|NEK6|NUF2|SIN3A|PSMG2|SIRT2|RIOK2|MAPK15|SPC24|SPC25|FGF10|SPDL1|TEX14|TTK|H2AX|ZNF207|ZWILCH|ZWINT|BTN2A2|INO80|CCAR2|GPNMB|CDC5L|CCNE1|CCNE2|MAD2L2|RAB11A|MRE11|MRNIP|NBN|ACVR1|ADAMTS1|ANLN|APBB1|FAM83D|APBB2|ATP2B4|AVEN|PBRM1|CCND2|CCND3|CCNQ|PHF10|PTPN11|USP50|CDC14A|HORMAD1|CDC14C|PLK1|CDC25B|CDC25C|CDK10|CDK14|CDK15|CDK16|RINT1|CDK17|CDK18|CDK2AP2|CDK3|PRKDC|BRCA2|CDK6|RAD50|BRIP1|CDKN1C|RAD51|CDKN2B|CDKN2C|KLHL22|CDC45|CDKN2D|CDCA5|CLSPN|CRLF3|CRNN|CRY1|CTDSPL|CUL4B|ECD|DACT1|DCUN1D3|DDR2|DTX3L|PKP3|RPA2|DONSON|EME1|EME2|ETAA1|FAM107A|FHL1|FOXN3|FOXO4|FANCD2|GFI1B|GNB1L|SETMAR|GPR132|GEN1|HEXIM2|HINFP|HSPA2|ID2|KANK2|KCNA5|KCNH5|SMARCA2|HUS1|KLF11|SMARCA4|HUS1B|MARK3|SMARCB1|MDC1|SMARCC1|INIP|MEPCE|SMARCC2|MIIP|SMARCD1|MLF1|SMARCD2|MN1|SMARCD3|MTA3|SMARCE1|MTBP|MUC1|RCC2|MYO16|NAE1|NANOGP8|NEK10|NEK11|ORC1|MUS81|OVOL1|NABP1|PBX1|PDIK1L|PKIA|PKMYT1|TIMELESS|PLK5|PARP9|PRMT2|PSME1|TP53BP1|PSME2|PSME3|RAD1|RAD9A|RAD9B|RASSF1|RBL1|RAD21|RBL2|UIMC1|IK|RPS27L|RAD51B|SIX3|RAD51C|SOX2|STK33|STK35|STK38|RBBP8|SUSD2|TAOK1|TAOK3|TBX2|TCIM|RFWD3|TELO2|RHNO1|TIPRL|TM4SF5|TMEM14B|ANKRD17|TMOD3|TP63|RPA4|TPRA1|TTI1|ATAD5|LSM10|TTI2|UBD|UBE2E2|AURKB|KMT2E|USP28|WDR76|XPC|BLM|ZFYVE19|ZNF16|ZNF655|CAMSAP3|TOPBP1|TRIP13|XRCC3|CDC25A|CDC6|CDC7|CDK2|CDKN1A|ZW10|CDKN1B|CDT1|ANAPC11|ANAPC15|NPM1|CTC1|ANAPC4|ANAPC5|DBF4|ANAPC7|DBF4B|APC|PLRG1|DUSP1|E2F7|ERCC2|MBTPS1|PPP1R9B|TGFB1|CDC16|FBXO4|TMSB4X|CDC20|FBXO5|PRP4K|CDC23|PRPF19|CHFR|GLI1|CLOCK|GTPBP4|ADAM17|DDB1|AIF1|DTL|ANXA1|ING4|PRAP1|JADE1|KLF4|FBXO31|CCL2|FBXO6|FEM1B|NABP2|FZR1|IER3|NPM2|NSMCE2|EIF2AK4|SDE2|CENPE|PAXIP1|CENPF|PINX1|KIF14|PPP1R10|PPP2CA|RAD17|KLHL18|DLGAP5|RGCC|SENP2|RPTOR|SLFN11|MDM2|TFDP1|TICRR|PABIR1|TIPIN|PLK3|ATF2|WEE1|PROX1|AURKA|BCL2|SYF2|KNTC1|TFAP4|CDK5|GPR15LG|RB1|RFPL1|TAF1|E2F1|DNA2|WNT10B|LYN|ZNF830|TRIM39|UBE2C|BARD1|CDC73|RDX|CPSF3|USP44|LSM11|MBLAC1|NSUN2|CDKN2A|PAF1|TAOK2|CDC14B|CTDSP1|CTDSP2|STXBP4|AMBRA1|ZFP36L1|RRM1|RRM2B|CCND1|CCNH|CDK4|CDK7|CDK5RAP3|CHEK2|CHMP4C|BRSK1|EIF4G1|DDRGK1|STOX1|TERT|MNAT1|FBXO7|FBXW7|MAP3K20|MBTPS2|TRIAP1|DDX3X|KNL1|ATM|BUB1|MAD1L1|MAD2L1BP|SKA1|SKA3|TPR|DGKZ|INHBA|UFL1|VPS4A|VPS4B|MAPK14|WAC|CACNB4|PAGR1|TCF3,https://www.gsea-msigdb.org/gsea/msigdb/human/geneset/GOBP_REGULATION_OF_CELL_CYCLE_PHASE_TRANSITION,429,ENR,GOBP_REGULATION_OF_CELL_CYCLE_PHASE_TRANSITION,1,0,GOBP_REGULATION_OF_CELL_CYCLE_PHASE_TRANSITION,FALSE,GOBP_REGULATION_OF_CELL_CYCLE_PHASE_TRANSITION
1,2.6875289380233101,2.6875289380233101,2.6875289380233101,0.99794661179999999,,3.5860040000000003E-2,,ARL8B|ATG14|TRAK1|TRAK2|ADRB2|RUFY4|SNAPIN|VPS41|LYST|AKTIP|CHMP1A|CHMP1B|CHMP2A|CHMP2B|RAB7B|CHMP3|CHMP4C|CHMP5|CHMP6|FHIP1B|CHMP7|LIPA|HOOK1|HOOK2|HOOK3|RAB7A|TSG101|BIN1|CDX2|DENND3|GPRASP1|VCP|EPG5|HMGXB4|UBXN6|M6PR|DTX3L|MGRN1|PCDHGA3|PLEKHF1|VIPAS39|PLEKHF2|VPS16|RAB12|TPCN2|RHOB|RILP|VPS11|SCYL2|VPS18|VPS33A|VPS33B|VPS39|VPS4A|SNX16|VPS4B|SNX27|SORT1|TGFBRAP1|MTM1|UEVLD|MVB12A|KIF13A|CHMP4A|CHMP4B|AP3D1,https://www.gsea-msigdb.org/gsea/msigdb/human/geneset/GOBP_ENDOSOME_TO_LYSOSOME_TRANSPORT,66,ENR,GOBP_ENDOSOME_TO_LYSOSOME_TRANSPORT,1,2.0533881999999998E-3,GOBP_ENDOSOME_TO_LYSOSOME_TRANSPORT,FALSE,GOBP_ENDOSOME_TO_LYSOSOME_TRANSPORT
24,1.76993089467644,1.76993089467644,1.76993089467644,0.98301486100000002,,7.6653869999999999E-2,,TJP2|ADD1|CLDN1|CLDN3|CLDN5|TNFRSF1A|CDH5|MARVELD2|MYADM|EDNRA|PPP1R16B|RAP1A|RAP2C|RAP1B|RAPGEF1|RAPGEF2|RAPGEF6|ROBO4|S1PR2|RAB1A|SOX18|RAB1B|FASN|TJP1|TJP3|RAP2B|MSN|MYD88|TNF|VCL|RDX|PDE4D|PECAM1|HPSE|EZR|FOXP3|EDNRB|VEGFA|PROC|PTPRS|F11R|F2RL1|ROCK1|PPP1R12A|AFDN|RAPGEF3|PLCB1|ROCK2|PDE2A|ICAM1|IKBKB|S1PR3|ZDHHC21|IL1B,https://www.gsea-msigdb.org/gsea/msigdb/human/geneset/GOBP_ESTABLISHMENT_OF_ENDOTHELIAL_BARRIER,54,ENR,GOBP_ESTABLISHMENT_OF_ENDOTHELIAL_BARRIER,1,1.6985139E-2,GOBP_ESTABLISHMENT_OF_ENDOTHELIAL_BARRIER,FALSE,GOBP_ESTABLISHMENT_OF_ENDOTHELIAL_BARRIER
16,2.1046578003461298,2.1046578003461298,2.1046578003461298,0.99214145399999998,,3.1432795999999999E-2,,TRIT1|TRMO|TRMT1|TRMT10C|TRMT5|TRMT10A|NAF1|TRMT6|NAT10|TRMT112|TRMT61A|TRMT13|TRMT61B|TRMT1L|TRUB1|TRMT2B|TRUB2|TRMT44|TRMT9B|RPUSD4|TRMU|TYW1|TYW1B|AKT1|TYW3|TYW5|URM1|WDR4|WDR6|YRDC|PARN|APOBEC3A|APOBEC3C|APOBEC3F|SNRPB|THG1L|SNRPD1|SNRPD2|SNRPD3|SNRPE|ELP6|SNRPF|SNRPG|MEPCE|TRMT10B|SYNCRIP|TGS1|ALKBH1|CDK5RAP1|THUMPD2|JMJD6|LARP7|METTL8|WTAP|AARS1|METTL14|METTL16|ELP2|METTL3|ADAT2|METTL4|ALKBH8|ANKRD16|BCDIN3D|FBLL1|CDKAL1|CTU1|CTU2|DALRD3|DPH3|HNRNPAB|A1CF|ADAR|DTWD1|ADARB1|DTWD2|ADARB2|DUS1L|ADAD1|DUS2|ADAD2|AICDA|DUS4L|BUD23|DKC1|DIMT1|ELP1|APOBEC1|DNAJB11|ELP3|APOBEC2|ELP4|EMG1|ELP5|FBL|FDXACB1|FTSJ3|HENMT1|METTL15|NSUN4|METTL25B|METTL5|MRM1|MRM3|FTSJ1|NSUN5|GON7|NSUN7|RAMACL|RPUSD1|SPOUT1|TSR3|ZCCHC4|KTI12|DUS3L|LCMT2|METTL1|METTL2A|METTL2B|METTL6|MOCS3|MTFMT|NSUN6|OSGEP|PUS1|OSGEPL1|PUS7|BAG4|NSUN2|NSUN3|PUS10|PUS3|PUSL1|RBM15|RBM15B|QNG1|QTRT1|QTRT2|PUS7L|RAMAC|GTPBP3|HSD17B10|RNMT|SARS1|GAR1|MRM2|SEPSECS|NOP2|RBM47|RPUSD2|MTO1|RPUSD3|SSB|NHP2|TARBP1|NOP10|THADA|APOBEC3B|THUMPD1|APOBEC3D|THUMPD3|APOBEC3G|TFB1M|APOBEC3H|TFB2M|TPRKB|TRDMT1,https://www.gsea-msigdb.org/gsea/msigdb/human/geneset/GOBP_RNA_MODIFICATION,167,ENR,GOBP_RNA_MODIFICATION,1,7.8585459999999992E-3,GOBP_RNA_MODIFICATION,FALSE,GOBP_RNA_MODIFICATION
4,2.6785183912003601,2.6785183912003601,2.6785183912003601,0.99790356400000002,,9.4635970000000007E-3,,ARFGAP3|TRAPPC4|TRAPPC5|PICALM|TRAPPC6A|TRAPPC6B|TRAPPC8|TRAPPC9|PDCD6|PEF1|VAPA|PPP6C|VAPB|PREB|S100A10|P2RX7|PRKCI|WASL|CIDEB|SNAP91|RAB1A|AP3B2|ANXA2|AP3M2|CHMP4C|CHMP5|CHMP6|CHMP7|BTBD8|CSNK1D|RAB7A|CUL3|SAR1A|SAR1B|DNM2|DNM1|SCAP|DNM3|PRKN|SEC13|SEC16A|FNBP1L|SEC23A|SEC23B|SEC24A|SEC24B|SEC24C|SEC24D|SEC31A|GBF1|SEC31B|RILP|SNX3|VPS4A|GOLPH3|GOLPH3L|AP2M1|MX1|MX2|INSIG1|SURF4|KLHL12|TBC1D20|TFG|TMED10|SLC2A4|TMED2|CHMP4A|AP1G1|CHMP4B|TMED9|AP3D1|AP3S1|TRAPPC1|AP3S2|MAPK15|TRAPPC10|TRAPPC11|MIA3|TRAPPC12|TRAPPC13|TRAPPC2|MYO18A|TRAPPC2B|TRAPPC2L|ARFGAP2|TRAPPC3,https://www.gsea-msigdb.org/gsea/msigdb/human/geneset/GOBP_VESICLE_BUDDING_FROM_MEMBRANE,87,ENR,GOBP_VESICLE_BUDDING_FROM_MEMBRANE,1,2.0964360000000001E-3,GOBP_VESICLE_BUDDING_FROM_MEMBRANE,FALSE,GOBP_VESICLE_BUDDING_FROM_MEMBRANE
1,2.71432976660709,2.71432976660709,2.71432976660709,1,,4.1545869999999999E-2,,POLDIP2|MTMR3|ANKRD53|CFL1|MTMR4|IQGAP1|EFHC1|BBS4|CENPA|RAB11A|RAB11FIP3|CEP55|TRIM36|ECT2|ANLN|CHMP1A|CHMP1B|CHMP2A|RHOC|CHMP2B|CHMP3|CHMP4C|CHMP5|CHMP6|PLK1|CHMP7|CNTROB|KIF23|CIT|DCDC1|IQGAP2|KIF4A|KIF20A|KIF4B|RASA1|KLHDC8B|RTKN|SEPTIN6|STAMBP|LZTS2|UNC119|MITD1|EXOC3|EXOC7|SON|MAP9|MYH10|NUP62|RHOB|NUSAP1|SPAST|TTC19|RACGAP1|SPTBN1|ANK3|PDCD6IP|CHMP4A|CHMP4B|IST1|ZNF365|ARL3|AURKB|ZFYVE19|SNX18|CKAP2|RHOA|SNX33|SPART|ARF1|ARF6|IQGAP3|APC|JTB|USP8|EXOC1|EXOC2|EXOC4|EXOC5|EXOC6|STMN1|EXOC6B|EXOC8|RAB35|VPS4A|VPS4B|ROCK1|SNX9|ZFYVE26|MYH14|BIRC5|CDCA8|ESPL1|INCENP|WNK1|CUL7|ROCK2|KIF20B,https://www.gsea-msigdb.org/gsea/msigdb/human/geneset/GOBP_MITOTIC_CYTOKINESIS,97,ENR,GOBP_MITOTIC_CYTOKINESIS,1,0,GOBP_MITOTIC_CYTOKINESIS,FALSE,GOBP_MITOTIC_CYTOKINESIS
17,1.9973863702827399,1.9973863702827399,1.9973863702827399,0.98993963750000002,,9.4355019999999998E-2,,ALMS1|KAT2B|SPICE1|CEP295|STIL|CEP295NL|RBM14|TRIM37|MDM1|CEP76|POC1B|NPM1|NUP62|C10ORF90|PLK2|PLK4|CCDC15|VPS4B|PPP1R35|BRCA1|CDK5RAP2|CEP120|SASS6|KAT2A,https://www.gsea-msigdb.org/gsea/msigdb/human/geneset/GOBP_REGULATION_OF_CENTRIOLE_REPLICATION,24,ENR,GOBP_REGULATION_OF_CENTRIOLE_REPLICATION,1,1.00603625E-2,GOBP_REGULATION_OF_CENTRIOLE_REPLICATION,FALSE,GOBP_REGULATION_OF_CENTRIOLE_REPLICATION
,2.69460520327651,2.69460520327651,2.69460520327651,0.99797979800000003,,3.1825582999999998E-2,,CCL28|PODXL2|ITGA4|CCR2|ITGB1|ITGB7|JAM2|ELANE|VCAM1|GOLPH3|ADD2|ROCK1|CHST2|CHST4|MADCAM1|FUT4|FUT7|FUT9|SELE|GCNT1|SELL|SELP|SELPLG|EXT1|CX3CR1|CXCL12|TNF|SPN|LEP|ST3GAL4|CCL21|CCL25,https://www.gsea-msigdb.org/gsea/msigdb/human/geneset/GOBP_LEUKOCYTE_TETHERING_OR_ROLLING,32,ENR,GOBP_LEUKOCYTE_TETHERING_OR_ROLLING,1,2.020202E-3,GOBP_LEUKOCYTE_TETHERING_OR_ROLLING,FALSE,GOBP_LEUKOCYTE_TETHERING_OR_ROLLING
30,1.8334203215920399,1.8334203215920399,1.8334203215920399,0.98532494699999995,,7.0749049999999994E-2,,APOA2|APOA4|APOC1|APOC2|CPS1|DAGLA|DAGLB|DDHD2|PNLIPRP2|FAAH|PNPLA3|FUT1|PNPLA6|PNPLA7|PNPLA8|GPIHBP1|LIPE|LYPLA2|MGLL|SCARB1|DGKD|PLIN5|PNLIP|PNLIPRP1|PNLIPRP3|PNPLA1|PNPLA2|PNPLA4|PNPLA5|ENPP2|ENPP6|SMPD4|GDE1|GDPD1|PRDX6|GDPD3|PIK3CG|GPCPD1|GPLD1|PLA2G10|SORL1|PLA2G15|INPP5F|PLA2G4A|PLA2G4B|PLA2G4C|PLA2G4D|PLA2G4E|PLA2G4F|PLA2G5|PLA2G6|PLA2G7|ABHD12|ABHD12B|LDLR|ABHD16A|LIPC|LIPG|PLB1|ABHD5|ABHD6|PLCB1|AADAC|ABHD2|APOA5|APOB|LPL|APOC3,https://www.gsea-msigdb.org/gsea/msigdb/human/geneset/GOBP_GLYCEROLIPID_CATABOLIC_PROCESS,68,ENR,GOBP_GLYCEROLIPID_CATABOLIC_PROCESS,1,1.4675053E-2,GOBP_GLYCEROLIPID_CATABOLIC_PROCESS,FALSE,GOBP_GLYCEROLIPID_CATABOLIC_PROCESS
1,2.71432976660709,2.71432976660709,2.71432976660709,1,,1.1995846000000001E-3,,MTMR2|MTMR4|SNX17|BLOC1S1|SRC|PIK3C3|PIK3R4|PIKFYVE|USP7|EMP2|AKAP5|PLA2G3|ARHGAP44|PLA2G4E|BLOC1S2|ANKFY1|CHMP4A|AP1G1|CHMP4B|AP3D1|AP5Z1|ARFRP1|ARL8B|ATP9A|GRIP1|BET1L|GRIP2|GRIPAP1|BLTP3B|CCDC22|CCDC93|LRRC7|ACAP2|MICALL1|ACTN2|LYST|AGAP2|ALMS1|ALS2CL|ANKRD50|AP5B1|AP5M1|COMMD1|ARF6|ARFIP1|ARHGAP1|ARHGAP8|ARL1|ARL4C|MSN|BLTP1|NSG1|CALY|CLTC|CLTCL1|CMTM6|CRACR2A|DAB2|DCLK1|DENND10|DENND1A|RAB11B|DENND1B|DENND1C|DENND2A|RAB7A|DENND5A|RAB8B|DYNC1LI1|EHD1|EHD2|RDX|EHD4|EIPR1|EHD3|ENTR1|VCP|EPS15|EPS15L1|ERC1|EVI5|HEATR5A|HEATR5B|ITSN1|ITSN2|SCARB2|LMTK2|SCRIB|MAGEL2|MAP2K2|MYO1D|MYO5B|NDRG4|NF2|NSG2|GBF1|RAB11FIP4|GCC2|RAB21|GGA1|RAB35|RAB9A|GGA3|RAB9B|RASSF9|RCSD1|REPS1|REPS2|RGP1|RHOBTB3|GOLT1A|RIC1|GOLT1B|SLC66A2|SNX31|GOSR1|SNX9|SPAG9|TBC1D10A|TBC1D10B|TBC1D10C|TBC1D17|TINAGL1|TMEM87A|TMEM87B|UBE2O|KIF16B|VPS26C|VPS29|VPS50|TRARG1|WASHC1|WASHC2A|VPS37A|WASHC2C|VPS37B|WASHC3|VPS37C|WDR91|LEPROT|VPS37D|WIPF3|LEPROTL1|LMAN1|VPS54|ZFYVE9|MVB12B|PTPN23|TMEM50A|TMEM50B|LRRK2|UBAP1|ZDHHC2|PREPL|RAB10|RAB11A|ATP6AP1|RAB11FIP3|RAB13|RAB14|RAB29|BAIAP3|DPY30|RAB41|RAB4B|RAB6A|CHMP1A|RAB6B|CHMP1B|RAB6C|CHMP2A|RAB6D|CHMP2B|RAB7B|CHMP3|RAB8A|CHMP4C|CHMP5|CHMP6|WASHC4|CHMP7|BTBD8|CLEC16A|SQSTM1|RBSN|AP5S1|DIAPH3|RUFY1|ALS2|DCTN1|EPG5|RNF126|HGS|RAB12|SGSM2|RILP|SNX1|SNX12|SNX2|ANKRD27|SNX3|ANXA8|SNX8|ANXA8L1|SNX16|SORL1|SNX27|SORT1|AP1S1|VPS53|ZFYVE16|STX10|STX5|STX6|CORO1C|MVB12A|VPS35|SURF4|WDR81|RAB17|TBC1D14|DNAJC13|EEA1|TMED9|TRAPPC10|WAS|RAB5A|MICALL2|TBC1D23|PHETA1|PHETA2|PICALM|ATG14|PLEKHA3|PLEKHJ1|BECN1|RUFY4|VAMP3|VAMP4|VPS35L|SNF8|VPS51|SNX18|VPS52|SNX30|VTI1A|SNX32|VTI1B|SNX4|SNX5|SNX33|SNX6|SNX7|ABCA1|AKTIP|YKT6|STAM|STX16|STAM2|STX12|CLN5|STX8|TBC1D5|CORO1A|FHIP1B|TOM1|HOOK1|MAP2K1|HOOK2|TMCC1|HOOK3|LAMTOR1|TSG101|LAPTM4B|VPS13B|PRKN|UBXN6|EZR|TRIM27|VPS16|VPS25|VPS26A|VPS11|VPS26B|VPS28|WASHC5|VPS36|VPS39|VPS4A|VPS4B|VTA1|INPP5F|MAPK1|MAPK3,https://www.gsea-msigdb.org/gsea/msigdb/human/geneset/GOBP_ENDOSOMAL_TRANSPORT,294,ENR,GOBP_ENDOSOMAL_TRANSPORT,1,0,GOBP_ENDOSOMAL_TRANSPORT,FALSE,GOBP_ENDOSOMAL_TRANSPORT
2,2.0161973250227199,2.0161973250227199,2.0161973250227199,0.99036608800000003,,9.7266900000000003E-2,,ZWINT|ABRAXAS2|ACTR3|ANKRD53|NEK2|AURKC|KAT5|BOD1|CCDC66|CENPQ|RAB11A|CENPC|CENPE|CEP55|CENPF|CHAMP1|CDC42|PINX1|CCNB1|CDK1|KIF14|DSN1|DYNC1H1|ECT2|EML3|EML4|FAM83D|CHMP1A|CHMP1B|CHMP2A|CHMP2B|DLGAP5|GEM|CHMP3|CHMP4C|CHMP5|CHMP6|KIF18A|CHMP7|KIF22|KIF2C|KIFC1|KNSTRN|KPNB1|DCTN2|CDCA5|MAP1S|MAPRE1|TERF1|NDC80|NUP62|NSL1|NUDC|UBE2B|SIRT1|PMF1|IFFO1|PSRC1|KASH5|RAB24|RACGAP1|MAJIN|NDE1|RCC2|NDEL1|SGO1|RMDN1|SPICE1|MEIOC|RRS1|SEPTIN1|KNTC1|SKA2|MIS12|SPAG5|SPDYA|SUN1|HNRNPU|PDCD6IP|CHMP4A|CHMP4B|RB1|TTL|TRAPPC12|KNL1|SEH1L|KAT2B|ATM|BECN1|AURKB|MAD1L1|SPO11|TERB1|TERB2|NUMA1|SKA1|SKA3|ZW10|CDT1|NUP98|APC|CUL3|LMNA|ABRAXAS1|CDC23|ACTR2|VPS4A|VPS4B|BIRC5|KATNB1|BUB3|CDCA8|PIBF1|INCENP|NUF2|SIRT2|SPC24|SPC25|SPDL1|FMN2|TEX14|TTK|MLH1|ZNF207|ZWILCH,https://www.gsea-msigdb.org/gsea/msigdb/human/geneset/GOBP_CHROMOSOME_LOCALIZATION,125,ENR,GOBP_CHROMOSOME_LOCALIZATION,1,9.6339119999999997E-3,GOBP_CHROMOSOME_LOCALIZATION,FALSE,GOBP_CHROMOSOME_LOCALIZATION
1,2.3988077267289101,2.3988077267289101,2.3988077267289101,0.99600798400000001,,5.4469182999999997E-2,,MITD1|PC|VPS28|DDX6|VPS4A|VPS4B|RAB1A|LRSAM1|RAB1B|MVB12A|CHMP1A|NEDD4|CHMP1B|CHMP2A|CHMP2B|CHMP3|TBC1D20|CHMP4C|VPS37A|CHMP5|VPS37B|CHMP6|VPS37C|CHMP7|VPS37D|MVB12B|PDCD6IP|CHMP4A|CHMP4B|USP6NL|TSG101|APOE|RAB43|SPCS1,https://www.gsea-msigdb.org/gsea/msigdb/human/geneset/GOBP_VIRION_ASSEMBLY,34,ENR,GOBP_VIRION_ASSEMBLY,1,3.9920160000000001E-3,GOBP_VIRION_ASSEMBLY,FALSE,GOBP_VIRION_ASSEMBLY
12,2.7126497007586199,2.7126497007586199,2.7126497007586199,0.99806201549999995,,3.5934657000000002E-2,,C3|C2CD4A|C2CD4B|NPY5R|PIK3CG|TNFRSF11A|TNFSF11|APCS|ASH1L|CCR7|TAC1|EDNRB|PARK7|ADAM8|FCGR2B|FCER1G|ADORA1|FFAR2|OSMR|ZP3|PLA2G2D|PTGES|DNASE1|RHBDD3|DNASE1L3|F12|SELENOS|CREB3L3|FUT7|FFAR3|IL6|OSM|NPY|BTK|IL20RB|IL6ST|PTGER3|HLA-E|INS|GSTP1|TNF|PTGS2|SPN|KLKB1|NLRP3|FCGR1A|IL1B,https://www.gsea-msigdb.org/gsea/msigdb/human/geneset/GOBP_REGULATION_OF_ACUTE_INFLAMMATORY_RESPONSE,47,ENR,GOBP_REGULATION_OF_ACUTE_INFLAMMATORY_RESPONSE,1,1.9379845E-3,GOBP_REGULATION_OF_ACUTE_INFLAMMATORY_RESPONSE,FALSE,GOBP_REGULATION_OF_ACUTE_INFLAMMATORY_RESPONSE
2,2.4048337027225202,2.4048337027225202,2.4048337027225202,0.99606299200000004,,5.495647E-2,,ZWINT|ATM|BUB1|PLSCR1|AURKB|MAD1L1|MAD2L1BP|NCAPD2|NSMCE2|NCAPD3|NCAPG|NCAPG2|MAD2L2|NCAPH|NCAPH2|NUMA1|SKA1|TRIP13|SKA3|CENATAC|SMC2|CENPF|SMC4|XRCC3|TPR|CDK5RAP2|CCNB1|DIS3L2|ZW10|ANAPC11|ANAPC15|DLGAP5|ANAPC5|PLK1|ANAPC7|APC|CSNK2A2|UBE2C|SMARCAD1|DUSP1|CUL3|DYNC1LI1|M1AP|KLHL22|RECQL5|PPP2R1A|CDC16|CDC20|FBXO5|PRP4K|USP44|CDC23|NDC80|CHFR|GEN1|TOP3A|KNTC1|CSNK2A1|BIRC5|BUB1B|PRAP1|BUB3|CDCA8|ESPL1|HASPIN|INCENP|LCMT1|MAD2L1|NUF2|RAD21|IK|PSMG2|RB1|MAPK15|SPC24|SPC25|SPDL1|TEX14|KNL1|TTK|ZNF207|ZWILCH,https://www.gsea-msigdb.org/gsea/msigdb/human/geneset/GOBP_CHROMOSOME_SEPARATION,82,ENR,GOBP_CHROMOSOME_SEPARATION,1,3.9370079999999997E-3,GOBP_CHROMOSOME_SEPARATION,FALSE,GOBP_CHROMOSOME_SEPARATION
4,2.71432976660709,2.71432976660709,2.71432976660709,1,,1.2170707E-3,,ARFGAP3|SEC16A|TRAPPC4|TRAPPC5|TRAPPC6A|TRAPPC6B|TRAPPC8|TRAPPC9|PDCD6|PEF1|GBF1|PPP6C|PREB|AP3B2|AP3M2|KLHL12|TFG|TMED10|TMED2|CSNK1D|TMED9|AP3D1|AP3S1|TRAPPC1|AP3S2|CUL3|MAPK15|SAR1A|TRAPPC10|SAR1B|TRAPPC11|TRAPPC12|TRAPPC13|TRAPPC2|TRAPPC2B|TRAPPC2L|ARFGAP2|TRAPPC3,https://www.gsea-msigdb.org/gsea/msigdb/human/geneset/GOBP_VESICLE_COATING,38,ENR,GOBP_VESICLE_COATING,1,0,GOBP_VESICLE_COATING,FALSE,GOBP_VESICLE_COATING
16,2.71432976660709,2.71432976660709,2.71432976660709,1,,8.597209E-4,,TRIT1|TRMT5|TRNT1|NAT10|RPUSD4|AKT1|RTCB|RTRAF|BRF1|KARS1|THUMPD2|TRPT1|TSEN15|TSEN2|TSEN34|TSEN54|AARS1|AARSD1|ADAT1|ELP2|ADAT2|ADAT3|ALKBH8|ZBTB8OS|ANG|ANKRD16|BCDIN3D|CARS1|CARS2|CDKAL1|CTU1|CTU2|DALRD3|DARS1|DICER1|DPH3|DTD1|DTD2|DTWD1|DTWD2|DUS1L|DUS2|DUS4L|ELAC1|ELP1|ELP3|ELP4|ELP5|EPRS1|EXOSC2|EXOSC7|EXOSC8|EXOSC9|FARS2|FARSA|FARSB|FTSJ1|GON7|GTF3C1|GTF3C2|GTF3C3|GTF3C4|GTF3C5|GTF3C6|HARS2|IARS1|KTI12|LAGE3|LARS1|DUS3L|LCMT2|POLR3D|LRRC47|MARS1|MARS2|METTL1|METTL2A|METTL2B|METTL6|MOCS3|MTFMT|NARS1|POLR2E|NARS2|NSUN6|OSGEP|OSGEPL1|PARS2|POLR2F|NSUN2|POLR2L|POLR3A|POP1|POP4|POP5|POP7|PUS10|PUS3|PUSL1|QARS1|QNG1|QTRT1|QTRT2|RARS1|RNH1|RPP14|RPP21|RPP25|RPP25L|RPP30|RPP38|RPP40|SARS1|SEPSECS|SLFN13|SSB|TARBP1|TARS1|TARS3|THADA|THUMPD1|THUMPD3|TP53RK|TPRKB|TRDMT1|TRMO|TRMT1|TRMT10C|TRMT10A|TRMT2A|TRMT11|TRMT6|C2ORF49|TRMT112|TRMT61A|TRMT13|TRMT61B|TRMT1L|TRUB1|TRMT2B|TRUB2|TRMT44|TRMT9B|TRMU|TYW1|TYW1B|TYW3|TYW5|URM1|VARS1|VARS2|WARS1|WDR4|WDR6|YARS1|YRDC|ZCCHC7|CLP1|DDX1|THG1L|ELP6|EXOSC10|FAM98A|FAM98B|TRMT10B|GRSF1|AARS2|ALKBH1|CDK5RAP1|DARS2|EARS2|GARS1|GATB|GATC|HARS1|IARS2|LARS2|METTL8|LSM6|EXOSC3|PUS1|PUS7|NSUN3|PTCD1|QRSL1|RARS2|SARS2|TARS2|WARS2|YARS2|ELAC2|GTPBP3|HSD17B10|MTO1|PRORP,https://www.gsea-msigdb.org/gsea/msigdb/human/geneset/GOBP_TRNA_METABOLIC_PROCESS,195,ENR,GOBP_TRNA_METABOLIC_PROCESS,1,0,GOBP_TRNA_METABOLIC_PROCESS,FALSE,GOBP_TRNA_METABOLIC_PROCESS
5,2.71432976660709,2.71432976660709,2.71432976660709,1,,3.6172708E-3,,HDGFL2|HELB|HELQ|C1QBP|HMGA2|ING3|KAT5|KDM1A|KDM4D|KLHL15|KMT5A|KMT5B|KMT5C|MAD2L2|MAGEF1|MBTD1|MEAF6|MGMT|MORF4L1|MORF4L2|MRE11|MRGBP|MRNIP|NBN|NSD2|NUDT16L1|OGG1|OOEP|OTUB1|PARP3|PARPBP|PBRM1|PELI1|PHF10|PIAS4|PLK1|PML|PNKP|POLQ|SIRT6|POT1|PPP4C|PPP4R3A|PPP4R3B|PRKDC|RAD50|RAD51|RAD51AP1|RADX|RECQL5|RIF1|RMI2|RNF126|FH|RNF169|RNF8|RPA2|RTEL1|RUVBL1|RUVBL2|SENP3|SETD2|SETMAR|SHLD1|SHLD2|SHLD3|SIRT1|SKP2|SLF1|FUS|SLF2|SMARCA2|SMARCA4|SMARCB1|SMARCC1|SMARCC2|SMARCD1|SPIRE1|SMARCD2|SPIRE2|SMARCD3|SMARCE1|SMCHD1|SPIDR|TERF2IP|TEX15|TIMELESS|TFIP11|TOP2B|TP53BP1|TWIST1|UBE2N|UBE2V2|UBQLN4|USP51|VPS72|WAS|WDR48|TRRAP|WRAP53|YEATS4|ZCWPW1|ZNF365|ATM|PARP1|PPP4R2|PRMT1|ABL1|ACTB|ACTL6A|ACTL6B|ACTR2|AGER|ARID1A|ARID1B|ARID2|ATR|ATRIP|HSF1|AUNIP|BCL7A|BCL7B|BCL7C|BRD7|BRD8|CGAS|CHEK1|CREBBP|CSNK2A1|CYREN|DDX11|DEK|DMAP1|DPF1|DPF2|DPF3|EP400|EPC1|EPC2|ERCC6|FANCB|FBH1|FIGNL1|FMN2|FOXM1,https://www.gsea-msigdb.org/gsea/msigdb/human/geneset/GOBP_REGULATION_OF_DOUBLE_STRAND_BREAK_REPAIR,145,ENR,GOBP_REGULATION_OF_DOUBLE_STRAND_BREAK_REPAIR,1,0,GOBP_REGULATION_OF_DOUBLE_STRAND_BREAK_REPAIR,FALSE,GOBP_REGULATION_OF_DOUBLE_STRAND_BREAK_REPAIR
5,2.1903316916558699,2.1903316916558699,2.1903316916558699,0.99354838700000003,,8.2574770000000006E-2,,HDGFL2|RNF126|HELQ|PRMT1|ING3|RNF8|ACTB|RUVBL1|ACTL6A|RUVBL2|KAT5|ACTR2|ARID2|SKP2|FUS|MBTD1|MEAF6|MORF4L1|MORF4L2|MRGBP|MRNIP|NBN|BRD8|OOEP|CREBBP|DMAP1|PELI1|TIMELESS|PIAS4|EP400|EPC1|EPC2|ERCC6|FANCB|VPS72|WAS|RAD51AP1|WDR48|TRRAP|WRAP53|PARP1|YEATS4,https://www.gsea-msigdb.org/gsea/msigdb/human/geneset/GOBP_POSITIVE_REGULATION_OF_DOUBLE_STRAND_BREAK_REPAIR_VIA_HOMOLOGOUS_RECOMBINATION,42,ENR,GOBP_POSITIVE_REGULATION_OF_DOUBLE_STRAND_BREAK_REPAIR_VIA_HOMOLOGOUS_RECOMBINATION,1,6.4516130000000001E-3,GOBP_POSITIVE_REGULATION_OF_DOUBLE_STRAND_BREAK_REPAIR_VIA_HOMOLOGOUS_RECOMBINATION,FALSE,GOBP_POSITIVE_REGULATION_OF_DOUBLE_STRAND_BREAK_REPAIR_VIA_HOMOLOGOUS_RECOMBINATION
1,1.7923916964469699,1.7923916964469699,1.7923916964469699,0.98387096799999996,,8.445685E-2,,NKD2|CIDEC|RAB3A|VAV3|RAB14|C9ORF72|RAB2A|CDK1|RAB34|RAB4B|CHMP1A|CHMP1B|CHMP2A|PNPLA2|CHMP2B|RAB7B|CHMP3|RAB8A|CHMP4C|CHMP5|CHMP6|CHMP7|DIAPH3|RUFY1|TFRC|THG1L|ADCK1|AFG3L2|PID1|IRAG2|PIKFYVE|PCDHGA3|PIP4K2A|PIP4K2B|SNAP23|MFN2|ANKRD27|ATP13A2|TRABD|TGFBRAP1|BAK1|BAX|VPS8|BCL2A1|RUBCNL|STX10|STX17|USP30|VAT1|MTCH2|STX5|CLTRN|STX6|CPLANE2|CPLX2|CPLX4|PLA2G5|YME1L1|BNIP3|ZDHHC6|C2CD5|DOC2A|TMEM175|DOC2B|EEA1|CAV2|ERC2|ANKFY1|SNAP25|CHCHD3|CHMP4A|CHMP4B|PLEKHM1|STXBP1|GRIK5|CPLX1|RAB39A|KIAA0319L|SYT11|SYT4|ARL8B|ATL2|ATL3|PRRT2|USO1|UVRAG|VAMP2|RUFY4|VAMP3|VAMP4|BET1|RPH3A|RPH3AL|SNAP29|BNIP1|SAMD9|SNAPIN|SEPTIN8|VPS41|SNAP47|VTI1A|CIDEB|VTI1B|CLN3|SOX30|YIPF4|YIPF5|CYP26C1|FUNDC1|SPHK1|SPG11|YIPF7|ANXA2|STX11|STX16|GDAP1|STX19|STX1A|STX12|STX1B|STX2|CIDEA|STX4|SNCA|STX7|STOML2|STX8|CORO1A|STXBP6|SYT1|SYT13|SYT2|SYT3|SYT5|SYT8|TOM1|HID1|SYT9|HUWE1|TBC1D4|NME3|RAB7A|TSNARE1|VAMP1|PRKN|RAB20|MCL1|SYT7|MFN1|VAMP8|VIPAS39|VPS16|MIEF1|MIEF2|VPS11|MIGA1|VPS18|CLSTN3|MIGA2|VPS33A|VPS33B|VPS39|VPS4A|MSTO1|GOSR1|GOSR2|MUL1|STX3|ZNRF1|ZNRF2|ANXA1|RCC1L|ATL1|VCPIP1|TRARG1|SLAMF1|LDAH|OMA1|OPA1|PARL|LRRK2|PLD6,https://www.gsea-msigdb.org/gsea/msigdb/human/geneset/GOBP_ORGANELLE_FUSION,182,ENR,GOBP_ORGANELLE_FUSION,1,1.6129032000000001E-2,GOBP_ORGANELLE_FUSION,FALSE,GOBP_ORGANELLE_FUSION
15,2.2512325377970202,2.2512325377970202,2.2512325377970202,0.99439252349999996,,4.7905290000000003E-2,,IRF3|HDAC4|IRF7|CACTIN|SAMHD1|TRAF3|IFI27|WNT5A|LSM14A|TRIM41|CR2|METTL3|CH25H|TRIM56|TRIM6|TRIM65|AZI2|TTLL12|CDC37|SHMT2|MAVS|UBE2K|USP18|MMP12|USP27X|USP29|IFIT1|TBK1|PTPN11|IFITM1|ADAR|IFITM2|MYD88|IFITM3|SMPD1|YTHDF2|YTHDF3|STAT2|ISG15|NLRC5|ZBP1|IFNAR2|OAS3|OASL|CNOT7|TBKBP1|SETD2|DCST1|IFNE|TYK2|PTPN1|PTPN2|IFNAR1|PTPN6|EIF4E2|IFNA5|JAK1|FADD|SHFL|MX1|MUL1|OAS1|GIGYF2|SP100|RNF185|GPR108|OAS2|STING1|TREX1|IFIH1|RBM47|SIN3A|IFNK|IKBKE|SMIM30|STAT1|IRAK1|TANK,https://www.gsea-msigdb.org/gsea/msigdb/human/geneset/GOBP_RESPONSE_TO_TYPE_I_INTERFERON,78,ENR,GOBP_RESPONSE_TO_TYPE_I_INTERFERON,1,5.6074764999999999E-3,GOBP_RESPONSE_TO_TYPE_I_INTERFERON,FALSE,GOBP_RESPONSE_TO_TYPE_I_INTERFERON
,2.7101173514749699,2.7101173514749699,2.7101173514749699,0.99805068220000004,,2.9416872E-2,,APOA2|APOA4|TJP2|ACO1|CYP8B1|EPB41|UGCG|EZR|VDR|FABP2|VIL1|GCNT3|HAMP|HEPH|IREB2|KCNQ1|LIMA1|F11R|SLC46A1|NPC1L1|SCARB1|MOGAT2|PNLIP|ABCB1|ABCG5|PLS1|ABCG8|ADRA2A|PRAP1|AKR1C1|NPC1|LDLR|ENPP7|CEL|SLC26A6|LPCAT3|LEP|SLC2A5|CD36|SLC5A1|CLDN15|CLDN2|SOAT2|APOA1,https://www.gsea-msigdb.org/gsea/msigdb/human/geneset/GOBP_INTESTINAL_ABSORPTION,44,ENR,GOBP_INTESTINAL_ABSORPTION,1,1.9493177999999999E-3,GOBP_INTESTINAL_ABSORPTION,FALSE,GOBP_INTESTINAL_ABSORPTION
5,2.71432976660709,2.71432976660709,2.71432976660709,1,,1.4605146E-3,,HDGFL2|HELB|HELQ|NABP2|C1QBP|ING3|INO80|KAT5|KDM1A|KDM4D|NSMCE1|KLHL15|NSMCE2|KMT5A|NSMCE3|NSMCE4A|NUCKS1|MAD2L2|MAGEF1|MBTD1|MEAF6|MORF4L1|MORF4L2|MRE11|MRGBP|MRNIP|NBN|OOEP|SFPQ|PARPBP|PELI1|PIAS4|PLK1|SLX1A|POLQ|SIRT6|SLX1B|SLX4|PPP4C|AP5S1|SMC5|ASTE1|SMC6|BRCA2|RAD50|RAD51|RAD51AP1|RAD52|CDC45|RADX|RECQL5|CHD4|RIF1|RMI2|RNF126|DMC1|RNF169|RNF8|RPA2|RTEL1|ERCC5|RUVBL1|RUVBL2|EXD2|SENP3|FAN1|SETD2|FANCM|FEN1|SHLD1|GEN1|SHLD2|SHLD3|GINS2|GINS4|SKP2|SLF1|FUS|SLF2|TOP3A|WRN|HUS1|HUS1B|XRCC5|INIP|KASH5|SMCHD1|MCM8|SPIDR|MCM9|MCMDC2|MMS22L|MUS81|NABP1|TERF2IP|TEX15|NIPBL|PALB2|TIMELESS|POGZ|TP53BP1|POLL|UBE2N|POLN|UBQLN4|PSMD14|HTATSF1|RAD21|RAD21L1|RAD51B|USP51|RAD51C|VPS72|RAD51D|WAS|AP5Z1|RAD54B|WDR48|RAD54L|TRRAP|WRAP53|RBBP8|REC8|YEATS4|RECQL|YY1|RECQL4|REV3L|ZNF365|RFWD3|RHNO1|ANKLE1|RMI1|RNF138|ATM|RPA1|RPA3|RPA4|SAMHD1|SEM1|SFR1|SWI5|SWSAP1|BLM|TONSL|TOPBP1|UHRF1|XRCC2|XRCC3|XRCC6|ZGRF1|ZSWIM7|CDC7|INTS3|EID3|LIG3|ERCC4|PARP1|PPP4R2|PRMT1|ABL1|ACTB|ACTL6A|ACTR2|ARID2|AUNIP|BRCA1|BRD8|ZFYVE26|CGAS|HROB|CHEK1|CREBBP|CSNK2A1|DMAP1|ZMYND8|EP400|EPC1|EPC2|ERCC6|FANCB|MCM2|FBH1|MCM3|MCM4|FIGNL1|MCM5|MCM6|MCM7|H2AX,https://www.gsea-msigdb.org/gsea/msigdb/human/geneset/GOBP_RECOMBINATIONAL_REPAIR,190,ENR,GOBP_RECOMBINATIONAL_REPAIR,1,0,GOBP_RECOMBINATIONAL_REPAIR,FALSE,GOBP_RECOMBINATIONAL_REPAIR
,2.71432976660709,2.71432976660709,2.71432976660709,1,,2.6095685E-2,,BMP4|CABP1|CDH1|MTMR2|MTMR4|EFCAB7|ANP32B|IER3|GLI3|HCLS1|IFI27|NUS1|CD81|EPM2A|MAP1B|RAN|JUP|NEFH|PCSK9|CEP131|CDK1|PDCD10|MYBPC3|GSK3B|RIPOR1|NUP214|PSEN1|NUP58|PKIG|SIRT6|TRIM58|TM9SF4|LEP|SRC|TMEM30A|TMEM30B|CD36|MDFIC|MDM2|SMO|SUFU|NUP153|OAZ1|OAZ2|OAZ3|PPP1CC|PLK3|ZIC1|USP7|PCM1|ATP13A2|ATP2A1|PPP1R12A|AKAP5|PLA2G3|ARHGAP44|GAS6|PLA2G4E|RAPGEF3|SP100|TARDBP|CDK5|THOC2|IPO5|IL1B|ASPH|ATP9A|BCAP31|CAPN10|GRIPAP1|PRKCD|PARK7|FEZ1|SUMO1|SCP2|ACTN2|MAVS|COMMD1|ARFIP1|ZFAND1|ARHGAP1|ARHGAP8|ZPR1|MSN|CRYZL2P-SEC16B|LCP1|NFKBIA|DAB2|ALKBH5|DENND10|NF1|RAB11B|BARD1|EHD1|EHD2|RDX|EIPR1|REEP2|EMD|UBR5|ERGIC3|CPSF6|XBP1|PRR5L|MAP2K2|NDRG4|NF2|XPO1|GAS1|GCC2|RAB21|PTPN1|SLC51B|SLN|IFNG|NSUN2|CDKN2A|SHH|EDEM1|INSIG1|PRKACA|DMAP1|LAMP1|WNK1|OS9|PTPN23|LRRK2|AKAP8L|CHP2|RIOK2|ZDHHC2|KIF20B|AAAS|ANGPT1|PGAP1|YWHAB|PPM1A|PRKD1|RAB11A|RAB11FIP3|BAG3|PTPN14|RAB29|SFN|DYNC1H1|ECT2|SIRT7|DERL2|DERL3|FLNA|CHMP3|BORCS5|HDAC3|PTPN11|SMAD3|BRSK2|EDEM2|DDX39A|YWHAE|ERLEC1|RINT1|RNF139|EI24|SCFD1|DHX9|SEC16B|HAP1|SEC24B|SETD2|SNX12|UBE2J1|SNX3|MAP2|PIK3R2|SORL1|MX2|NDEL1|STX18|VPS35|NEDD4|SPAG5|PKIA|ABCA2|TBC1D20|DNAJC13|TRIM28|SVIP|STK11|RAB23|IWS1|UBAC2|UBE2G2|KHDRBS1|PLN|TRIM46|USE1|VAMP2|RUFY4|SNAPIN|CHP1|NUMA1|SEPTIN8|PCNT|SLC35D3|CWH43|TPR|YIPF5|DYNLT2B|ANXA2|FAM76B|NCBP2|NRDE2|PIK3R1|MAP2K1|FERMT1|JAK2|CHRM1|PRKN|HYAL2|TGFB1|UFM1|EZR|ABCA12|PRP4K|ARV1|B3GAT3|CAMK1|CEP290|CRYAB|CTDSPL2|FRAT1|FRAT2|HHEX|ICE1|VPS11|LDLRAP1|ZC3H12A|MLC1|MRLN|MYLK2|RANGAP1|REEP5|REEP6|ADIPOQ|RUFY3|MAPK14|SH3TC2|STRIT1|TENM1|TMEM53|YOD1|TMEM97|TNNC1|TTC21B|RBM10|TXN|HSP90AA1|INPP5F|UHMK1|APOD|WWC1|XPO4|RBM22|EP300|RBM4|MAPK1|MAPK3,https://www.gsea-msigdb.org/gsea/msigdb/human/geneset/GOBP_REGULATION_OF_INTRACELLULAR_TRANSPORT,267,ENR,GOBP_REGULATION_OF_INTRACELLULAR_TRANSPORT,1,0,GOBP_REGULATION_OF_INTRACELLULAR_TRANSPORT,FALSE,GOBP_REGULATION_OF_INTRACELLULAR_TRANSPORT
6,1.6070423724706899,1.6070423724706899,1.6070423724706899,0.97528517000000003,,9.7192094000000007E-2,,THBS1|THBS4|CAV1|OPTN|DNAJA1|UBE2J2|AKT1|AKT2|KLHL15|ABCA7|FUT1|HSP90AB1|AGR2|AMFR|ATF3|ATF4|KBTBD6|ATF6|ATF6B|BAG3|BHLHA15|CCND1|DNAJB9|AKIRIN2|CHAC1|CREB3L1|CDK5RAP3|CREB3L3|CREB3|CREBRF|CREBZF|UFD1|CTH|DERL2|DAXX|DERL3|DNAJB12|DNAJC10|DNAJC3|EDEM2|EDEM3|RACK1|EIF2AK3|ERLEC1|DDRGK1|ERMP1|ERO1A|ERP27|COPS5|ERP44|EIF2S1|HSPH1|FICD|ELP6|EPG5|HERPUD2|RNF126|JKAMP|MANF|ERN1|AKT3|MBTPS2|NCK1|DAB2IP|NCK2|HSPB8|PARP16|ATAD3A|PARP6|HSPA2|PARP8|MFN2|EIF2AK2|COMP|PIGBOS1|PPP1R15A|PPP1R15B|QRICH1|BAK1|BAX|BBC3|RHBDD1|RHBDD2|SELENOS|BCL2L11|RPAP2|SDF2L1|BOK|SERP1|SERP2|STC2|STT3B|TMED2|TBL2|TMBIM4|HSPA1A|TMEM129|HSPA8|TMBIM6|TMEM33|CLU|TMTC4|UBXN4|PACRG|RNF7|TM7SF3|UMOD|WFS1|GORASP2|VAPB|HSPA5|CREB3L4|DNAJB1|DDIT3|DNAJB14|DNAJB4|DNAJB5|DNAJC18|DNAJC4|HSPA4L|F12|HSPA6|HSPB2|HSPB3|HSPB7|STUB1|HSPE1|SERPINH1|HDAC6|CREB3L2|NFE2L2|HSPD1|PIK3R1|ABCB10|ASB11|CUL3|UBE2W|UBR4|ATXN3|MBTPS1|VCP|BFAR|PRKN|UBR5|HSPB1|UFL1|XBP1|TOR1B|ERN2|PTPN1|PTPN2|HSF1|DERL1|DNAJB2|YOD1|EDEM1|FAF2|HSP90AA1|HERPUD1|HSPA1L|TRAM1|HSPA4|OS9|FBXO6,https://www.gsea-msigdb.org/gsea/msigdb/human/geneset/GOBP_RESPONSE_TO_TOPOLOGICALLY_INCORRECT_PROTEIN,164,ENR,GOBP_RESPONSE_TO_TOPOLOGICALLY_INCORRECT_PROTEIN,1,2.471483E-2,GOBP_RESPONSE_TO_TOPOLOGICALLY_INCORRECT_PROTEIN,FALSE,GOBP_RESPONSE_TO_TOPOLOGICALLY_INCORRECT_PROTEIN
1,1.99033884948921,1.99033884948921,1.99033884948921,0.98977505099999996,,9.3279029999999999E-2,,TIMM17A|TIMM17B|ZFAND2B|TIMM23B|TIMM44|AZGP1|TOMM20L|BLOC1S6|TRIP11|TOMM40L|GLP1R|LONP2|RTN2|PEX13|PEX7|EDNRA|HSPA5|PRF1|RAB11A|ROMO1|SAMM50|ABCA1|PEX14|DNAJC19|BLOC1S3|PEX5L|TIMM23|PEX16|HSPD1|PEX26|TIMM21|TIMM22|DNAJC15|DTNBP1|HPSE|TIMM50|EXOC7|MCL1|EXOC4|USP9X|AIFM1|SEC61A1|SEC61A2|PEX10|SEC61B|PEX12|SEC61G|SEC62|SEC63|IFT20|TOMM20|EDNRB|TOMM22|TOMM40|TOMM7|TOMM70|SRP54|DNLZ|GFER|HSP90AA1|GRPEL1|GRPEL2|TRIM37|TRAM1|HSPA4|TRAM1L1|TRAM2|BCR|C2CD5|TMED10|PEX2|PAM16|CHCHD4|PEX1|PEX6|PEX5|AP4M1,https://www.gsea-msigdb.org/gsea/msigdb/human/geneset/GOBP_PROTEIN_TRANSMEMBRANE_TRANSPORT,77,ENR,GOBP_PROTEIN_TRANSMEMBRANE_TRANSPORT,1,1.0224949000000001E-2,GOBP_PROTEIN_TRANSMEMBRANE_TRANSPORT,FALSE,GOBP_PROTEIN_TRANSMEMBRANE_TRANSPORT
22,2.7134905378824099,2.7134905378824099,2.7134905378824099,0.99806576400000002,,5.0127725999999997E-2,,KAT2B|TESK1|CAV3|BECN1|AKT1|SMCR8|NUPR1|MAP4|CEP97|PINK1|FEZ1|CCP110|CDK5RAP2|EVI5L|GDI2|USP10|LUZP1|MAK|MARCHF7|KIF24|MPHOSPH9|TMEM39A|CDK10|ODF2L|TRIM32|EHMT2|SMAD4|STYXL1|PATL2|SCFD1|SEC22B|FEZ2|MDM1|TBC1D30|TBC1D7|TCHP|WDR44|YAP1|LIMA1|LIMK2|BRCA1|MTM1|NBDY|RBM14|TRIM37|LPAR1|PHF23|LRRK2|KAT2A,https://www.gsea-msigdb.org/gsea/msigdb/human/geneset/GOBP_NEGATIVE_REGULATION_OF_ORGANELLE_ASSEMBLY,49,ENR,GOBP_NEGATIVE_REGULATION_OF_ORGANELLE_ASSEMBLY,1,1.934236E-3,GOBP_NEGATIVE_REGULATION_OF_ORGANELLE_ASSEMBLY,FALSE,GOBP_NEGATIVE_REGULATION_OF_ORGANELLE_ASSEMBLY
8,2.71432976660709,2.71432976660709,2.71432976660709,1,,1.4941787999999999E-2,,MYC|CFL1|VIL1|ATAD2|ATAD2B|ATG12|MAP1B|SETX|GABARAPL1|KIF14|PPP1R10|PEX14|GRWD1|CKAP5|H2AC25|INSR|MAP1A|PIK3C3|PIK3R4|PEX10|PPP1CA|PEX12|EPS8|F2RL1|SHFL|ZMPSTE24|HMGA1|RUBCNL|BNIP3|WIPI2|TFIP11|NFE2|CHMP4A|CHMP4B|CIB1|DMTN|RPL23|SET|IRAK3|SSRP1|ADD1|ADD3|APEH|ASPH|BBOF1|UPF1|BMERB1|ABCE1|CAMSAP2|CAPG|DYRK3|CAPZA1|CAPZA2|CAPZA3|CAPZB|KIF19|CARMIL1|CARMIL2|KLC1|CCDC88C|CFL2|CKAP2|MTRFR|CLN3|DNAJC6|DSTN|EEF2K|ETF1|ACTN2|EIF5A2|EIF5AL1|FGF13|FLII|GAS2L1|GAS2L2|GSN|HDGFL3|ZFAND1|GSPT1|HEMK1|GSPT2|HDAC6|IGF1R|JMJD4|KIF21A|KIF24|CLTC|LMOD1|TNF|LMOD2|TRPV4|LMOD3|MICAL1|MICAL2|MICAL3|IRGM|MID1|MID1IP1|SYNJ1|RDX|VCP|MTPN|NAPB|NCKAP5|NCKAP5L|NES|PYM1|OGFOD1|GABARAPL2|PLEKHH2|GAK|ARID1A|SCAF4|SCIN|ARID2|SH3BP1|SLN|SPECC1L|SPEF1|SPTA1|SPTAN1|SPTB|MFSD8|SPTBN2|SPTBN4|SCAF8|STMN2|STMN3|STMN4|SVIL|SUPT16H|PIK3CA|TMOD1|TMOD2|TMOD4|TRIM54|KATNB1|TRIOBP|TTBK2|TWF1|WASHC2C|TWF2|VILL|WDR47|WNK1|TRAF2|PEX5|PIF1|SWAP70|ATXN7|AVIL|NAPA|NSF|ADRB2|AFG2B|PDXP|CCSAP|ATG5|NAV3|TRIM21|WDR1|ATP2A2|CALCOCO2|CALM1|CHMP1A|CHMP1B|CHMP2A|CHMP2B|CHMP3|CHMP4C|CHMP5|CHMP6|KIF18A|CHMP7|KIF18B|CLEC16A|KIF2A|KIF2C|DIAPH3|CLASP1|CLASP2|MAP1S|ELP6|EPG5|DNAJC17|FYCO1|GABARAP|SMAD7|KIF5B|LAMP2|SMARCA4|SMARCB1|LIX1|SMARCC1|LIX1L|SMARCC2|SPAST|SPTBN5|SMARCD1|SMARCD2|SMARCD3|SPTBN1|MAP1LC3A|SMARCE1|MAP1LC3B|MAP1LC3B2|MAP1LC3C|STX17|MCOLN1|PEX2|PHF23|UBQLN4|HSPA8|TPX2|IST1|TAOK1|GFM2|ATG14|TMOD3|BECN1|UVRAG|RUBCN|AURKB|SMCR8|SNAP29|SNAPIN|SNX14|PLEK|VTI1B|ARHGEF2|TBC1D25|EIF5A|TECPR1|TMEM39A|APC|APC2|TOM1|MRPL58|TSG101|CRACD|PPP1R9B|UBQLN1|STMN1|VAMP8|VIPAS39|VMP1|VPS16|VPS33A|LIMA1|VPS33B|VPS4A|VPS4B|ADD2|VTA1|MTRF1|MTRF1L|SEMA5A|FAF2|ASB2|DDIT4,https://www.gsea-msigdb.org/gsea/msigdb/human/geneset/GOBP_PROTEIN_CONTAINING_COMPLEX_DISASSEMBLY,260,ENR,GOBP_PROTEIN_CONTAINING_COMPLEX_DISASSEMBLY,1,0,GOBP_PROTEIN_CONTAINING_COMPLEX_DISASSEMBLY,FALSE,GOBP_PROTEIN_CONTAINING_COMPLEX_DISASSEMBLY
12,2.71432976660709,2.71432976660709,2.71432976660709,1,,4.8559242999999998E-3,,WNT3A|ENPP3|HRG|SPP1|MVK|ACP5|ATG12|NR1H2|NR1H3|NR1H4|ARG2|A2M|ACOD1|PDGFA|PDGFB|ARG1|ARRB2|BANF1|IGF1|CARD8|INS|F2|CEACAM1|CEP63|FGA|FGB|NR1D1|CLEC12B|CNOT7|CYLD|DCST1|DHX58|DRD2|IL22RA1|DTX4|DUSP10|EIF4E2|PLK2|PLA2G10|FCGR2B|FGR|MAPKBP1|SELENOS|GIGYF2|GPS2|NPY|GRB2|HLA-B|HLA-E|HLA-F|HLA-G|ALOX12|IFI16|PLCG1|IRAK3|ITCH|SPINK5|NT5E|KIR2DL4|KLRC1|KLRD1|TNFRSF1A|PRKCD|LILRA2|PTEN|LTF|LYAR|MEFV|MFHAS1|MICA|MMP12|NECTIN4|TNF|NFKBIL1|NLRC3|NLRC5|SMPDL3B|NLRP3|NLRP4|NLRX1|NMI|OAS3|OTULIN|PARP14|PCBP2|PIM1|GBA1|PTPN2|PTPN6|PTPRS|PVR|SLC39A8|IL4|OAS1|USP15|TREX1|SERPINB4|SERPINB9|SERPING1|SMIM30|APOE|SUSD4|APOH|TARBP2|C1QBP|AHR|TIGIT|CACTIN|TNFAIP3|TRAFD1|TRIM21|TRIM65|TTLL12|TYRO3|FGL2|FOXF1|USP18|USP38|VSIG4|YTHDF2|YTHDF3|DDX39A|YWHAZ|TMX1|SOCS5|TNFRSF1B|ADAMTS18|ADORA2A|AJAP1|ANGPT2|SAMHD1|APCS|ASH1L|BACE1|AURKB|C1QTNF1|C1QTNF12|CARD16|CASK|CD109|CDH5|CERS2|CNTNAP2|CORO1B|CPB2|CST7|CTNNA2|DRD1|DRD3|DSG2|DUSP3|METTL3|ELF4|EPHA4|EPPK1|EXTL3|F11|ANXA2|F12|FAM76B|FAP|FFAR4|FGG|FIGNL2|FNDC4|FURIN|FXR1|GNAS|GP1BA|GPR17|FAM3A|GPR31|GRID2|GRIN3A|GRN|GSTP1|IL22|IL22RA2|IL2RA|KIAA0319|DUSP1|KLKB1|KNG1|KREMEN1|KRT1|LRFN5|LRIG2|MACIR|MAPK7|METRNL|PARP1|MICB|PPARA|MKRN2|MMP26|STAT3|MMRN1|MYOZ1|NEO1|TGFB1|NOTCH1|TMSB4X|NPY5R|TREM2|FGF2|NR1D2|NR5A2|GHRL|NRP1|FOXP3|GHSR|NT5C2|PDGFRA|PHLDB2|PLAT|PLAU|PLXNA3|IL10RA|PPM1B|PPP1R13L|PRDX2|PRKG1|PROC|PROS1|PTGIS|RGMA|RHBDF2|ADIPOQ|ROBO1|ROBO2|ADTRP|RTCA|AIF1|RTN4R|RTN4RL1|RYK|DVL1|SBNO1|ALOX5|ARNT|SEMA3F|SEMA5A|SERPINB2|SH2B3|IL10|SIGIRR|IL2|SIGLEC10|SLC6A3|SLIT1|SOCS3|TAFA3|BCR|TAFA5|TEK|TFPI|THBD|TNFAIP8L2|TNR|C5|KLF4|TRAF3IP1|TSPAN8|C5AR2|UACA|UBASH3B|USF1|VTN|WFDC1|WNT3|WNT4|CCL2|GIT1|FEM1A|NDFIP1|CCN3|IER3|CD200|CD200R1|CD9|PPARD|CRK|PTPRC|CX3CL1|CXCL13|CXCL17|SRC|CYP19A1|DDT|DPP4|ELANE|PSMA1|ADORA1|FPR2|PSMB4|GATA3|GPR18|GREM1|HCK|RB1|IL17A|IL33|FYN|DNAJA3|EDN1|KLRC4-KLRK1|KLRK1|LGALS9|LYN|MDK|MIF|TRIB1|GPER1|GPX1|MMP28|HDAC6|TRIM38|HGF|TRIM45|ADAR|NBL1|NLRP12|IRGM|RABGEF1|PADI2|CHD8|PF4|PLG|PTGER4|PTPRO|RIN3|RPS19|MUL1|SAA1|NECTIN2|SERPINE1|SIRPA|NOS3|SLAMF8|SLC12A2|SLIT2|SPN|STAP1|ZDHHC18|SYK|PLAUR|THBS1|PPARG|TNFAIP6|ATG5|WNT5A|YES1|SFN|SHARPIN|SMAD3|STAT2|IL13|CLASP1|CLASP2|OTOP1|NFKB1|ILRUN|VPS35|SYT11|APOA1|RNF26|SERPINE2|CD96|CR1|HAVCR2|HLA-A|HLA-DRB1|C1QTNF3|IL12B|IL20RB|CLEC12A|ISG15|ISL1|LILRB1|NLRP6|PGLYRP1|AOAH|MAPK14|INPP5D|INPP5F|ADA|LDLR|RORA|LPCAT3|SERPINF2|SOD1,https://www.gsea-msigdb.org/gsea/msigdb/human/geneset/GOBP_NEGATIVE_REGULATION_OF_RESPONSE_TO_EXTERNAL_STIMULUS,391,ENR,GOBP_NEGATIVE_REGULATION_OF_RESPONSE_TO_EXTERNAL_STIMULUS,1,0,GOBP_NEGATIVE_REGULATION_OF_RESPONSE_TO_EXTERNAL_STIMULUS,FALSE,GOBP_NEGATIVE_REGULATION_OF_RESPONSE_TO_EXTERNAL_STIMULUS
6,2.1139433518725399,2.1139433518725399,2.1139433518725399,0.99230769230000004,,3.6727364999999998E-2,,PMAIP1|CAV1|USP13|USP19|USP25|WFS1|AKT1|BCAP31|AKT2|ABCA7|NR1H2|AGR2|NR1H3|NUPR1|HSPA5|PDX1|PARK7|ATF6|ATF6B|DDIT3|DNAJB9|SYVN1|CREB3L1|CREB3|CREBRF|STUB1|NFE2L2|RACK1|EIF2AK3|PIK3R1|DDRGK1|TMX1|COPS5|ERP29|ATXN3|FICD|UBQLN1|GRINA|UBQLN2|BFAR|PRKN|UBXN2A|UBXN1|UFL1|USP14|XBP1|MANF|ERN1|AKT3|MBTPS2|NCK1|DAB2IP|NCK2|NFE2L1|SGTA|ATAD3A|IKBKG|PTPN1|SIRT1|PTPN2|PIGBOS1|PPP1R15A|FCGR2B|PPP1R15B|BAK1|BAX|BBC3|APP|ALOX5|HYOU1|BCL2L1|AQP11|SELENOS|BCL2L11|RNF183|HERPUD1|RNFT1|RNFT2|BAG6|RNF185|BOK|SERINC3|SVIP|OPA1|HSPA1A|LRRK2|LPCAT3|TMEM259|TMBIM6|TMEM33|CLU|TXNDC12,https://www.gsea-msigdb.org/gsea/msigdb/human/geneset/GOBP_REGULATION_OF_RESPONSE_TO_ENDOPLASMIC_RETICULUM_STRESS,92,ENR,GOBP_REGULATION_OF_RESPONSE_TO_ENDOPLASMIC_RETICULUM_STRESS,1,7.6923076999999996E-3,GOBP_REGULATION_OF_RESPONSE_TO_ENDOPLASMIC_RETICULUM_STRESS,FALSE,GOBP_REGULATION_OF_RESPONSE_TO_ENDOPLASMIC_RETICULUM_STRESS
4,2.2166056866183101,2.2166056866183101,2.2166056866183101,0.99392712539999994,,3.9555213999999998E-2,,EXOC3|EXOC7|TRAPPC4|TRAPPC5|TRAPPC6A|EXOC1|FAM91A1|TRAPPC6B|EXOC2|TRAPPC8|EXOC4|TRAPPC9|EXOC5|TRIP11|EXOC6|EXOC6B|EXOC8|WDR11|C17ORF75|STARD3|STARD3NL|TRAPPC1|TRAPPC10|TRAPPC11|TRAPPC12|TRAPPC13|TRAPPC2|TRAPPC2B|NAGLU|TRAPPC2L|TBC1D23|TRAPPC3,https://www.gsea-msigdb.org/gsea/msigdb/human/geneset/GOBP_VESICLE_TETHERING,32,ENR,GOBP_VESICLE_TETHERING,1,6.0728746E-3,GOBP_VESICLE_TETHERING,FALSE,GOBP_VESICLE_TETHERING
12,2.71432976660709,2.71432976660709,2.71432976660709,1,,6.9591210000000004E-3,,ENPP3|MVK|NAPEPLD|ACP5|NR1H2|NR1H3|NR1H4|CASP4|ACOD1|AIM2|CEBPB|BIRC2|BIRC3|BTK|IGF1|IL6ST|INS|CASP1|DROSHA|FCGR1A|IDO1|KARS1|NR1D1|FOXP1|GBP1|GBP3|MCPH1|PIK3CG|GSDMD|CYLD|IL22RA1|DUSP10|PLK2|ESR1|PLA2G10|FBXL2|FCGR2B|PLA2G2A|FGR|PLA2G2D|PLA2G3|SELENOS|GBP2|GBP5|GPS2|NPY|PLA2G7|HLA-E|IFI16|IFI35|PLCG1|PLCG2|IRF3|NT5E|BRD4|TAC1|LACC1|TNFRSF1A|NUPR1|TSLP|PRKCD|PARK7|LRRC19|MEFV|MFHAS1|SNCA|NAIP|NFKBIA|TNF|TRPV4|NLRC3|NLRC4|NLRP1|SMPDL3B|NLRP10|NLRP3|NLRP4|NLRX1|NMI|OTULIN|PIK3AP1|AGER|GBA1|PTPN2|PTPN6|IFNG|SLC39A8|IL4|RELA|TREX1|LRRK2|STAT5A|APOE|C3|ADORA2B|AHR|TLR2|DAGLA|DAGLB|TLR6|TNFAIP3|TNIP1|CELF1|MGLL|DNASE1|TRIM65|DNASE1L3|TYRO3|FFAR3|FOXF1|USP18|GPRC5B|XIAP|ZBP1|ZDHHC5|LGALS1|DHX9|SEMA7A|FANCD2|SOCS5|TNFRSF1B|CTSC|ADORA2A|APCS|ASH1L|VAMP2|VAMP3|C1QTNF12|BCL6|CDH5|NKG7|CST7|DSG2|CD28|ELF4|EXTL3|F12|FAM76B|FFAR4|FNDC4|FURIN|FXR1|GNAS|GPR17|GPR31|GRN|GSTP1|IL22|LETMD1|IL22RA2|IL2RA|KLKB1|KRT1|LRFN5|MACIR|MAPK7|METRNL|PPARA|MKRN2|MMP26|STAT3|TGFB1|TMSB4X|NPY5R|TREM2|NR1D2|NR5A2|GHRL|FOXP3|GHSR|CLOCK|IL10RA|PPP1R13L|PROC|PTGIS|ADAM8|RHBDF2|ADIPOQ|APP|SBNO1|ALOX5|ARNT|ANXA1|IL10|CEBPA|IL2|SIGLEC10|IL6|SOCS3|TAFA3|BCR|TEK|BST1|PTGER3|TNFAIP8L2|KLF4|UACA|WFDC1|ACE2|AGTR1|GIT1|CCL24|FEM1A|CCL3|CCL5|NDFIP1|CCN3|CCR2|HTR2A|IER3|CCR7|CD200|CD200R1|CD47|CD81|PPARD|PTPRC|CX3CL1|SHPK|CXCL17|SRC|CYP19A1|DDT|TNFSF4|EDNRB|ELANE|PSMA1|FCER1G|PSMA6|ADORA1|FFAR2|FPR2|FUT7|PSMB4|GATA3|GPSM3|HCK|RB1|IL16|IL17A|IL17RA|IL1B|IL1R1|IL23A|IL33|FYN|LBP|IL37|LYN|MDK|MMP3|NCF1|GPER1|GPX1|NLRP7|HGF|TRIM45|MYD88|PDCD4|NINJ1|NLRP12|SBNO2|IRGM|RABGEF1|ABCC1|PTGER4|MMP9|RPS19|BAP1|S100A12|S100A8|S100A9|SAA1|SELE|SERPINE1|SIRPA|SLAMF8|PDE2A|SPN|STAP1|STAT5B|STK39|SYK|ZDHHC9|PPARG|TNFAIP6|TNFRSF11A|TNFSF11|TNFSF18|PYCARD|WNT5A|XCL1|YES1|ZP3|SHARPIN|CASP3|CREB3L3|SMAD3|IL13|NFKB1|NFE2L1|VPS35|STING1|NOD2|ABHD12|ALOX15|SYT11|APOA1|SNX4|SNX6|SPHK1|AGT|HLA-DRB1|C1QTNF3|IL12B|IL18|IL1RL1|IL20RB|IL21|CLEC12A|ISL1|JAK2|LTA|NLRP6|ADAMTS12|PGLYRP1|AHSG|PGLYRP2|AKNA|AREL1|HYAL2|ARMH4|BCL6B|IL15|UFL1|C2CD4A|SCGB1A1|C2CD4B|CALHM2|IL17RB|CAMK2N1|TLR3|CASP12|TLR4|CASP5|IL1RL2|TLR7|VAMP8|AOAH|CCN4|CD200R1L|TLR9|CMA1|DUOXA1|DUOXA2|ETS1|FABP4|FANCA|LILRA5|GGT1|GPR4|IL20|LGALS2|MAP3K8|MAS1|MAPK13|NLRP11|MAPK14|NLRP13|NLRP14|MMP8|NLRP5|NLRP8|OSMR|NLRP2|PTGES|NLRP9|RHBDD3|RICTOR|SETD6|SPATA2|SUCNR1|TNC|TRADD|TTBK1|OSM|NFKBIZ|ADA|LDLR|PTGS2|RIPK1|RORA|LPCAT3|MGST2|SETD4|LPL|SOD1,https://www.gsea-msigdb.org/gsea/msigdb/human/geneset/GOBP_REGULATION_OF_INFLAMMATORY_RESPONSE,397,ENR,GOBP_REGULATION_OF_INFLAMMATORY_RESPONSE,1,0,GOBP_REGULATION_OF_INFLAMMATORY_RESPONSE,FALSE,GOBP_REGULATION_OF_INFLAMMATORY_RESPONSE
2,2.6972293705545698,2.6972293705545698,2.6972293705545698,0.99799196800000001,,4.3490020000000002E-3,,HSPA1B|ARHGEF10|CCDC61|RAN|CDK5RAP2|CCNB1|CDK1|CEP192|CEP85|HAUS1|HAUS2|HAUS3|HAUS4|HAUS5|CEP63|HAUS6|HAUS7|HAUS8|KIF11|KIF15|KIF25|MAP9|NDC80|NUP62|OFD1|PPP1CC|SAC3D1|SASS6|SGO1|SPICE1|STIL|SEH1L|ARL8B|PLSCR1|LATS1|PTEN|LSM14A|RHOA|CSNK1D|CUL3|DYNC1LI1|ABRAXAS1|ACTB|ACTL6A|ACTL6B|ACTR2|ARID1A|ARID1B|ARID2|GOLGA2|PUM1|BCL7A|BCL7B|BCL7C|BRCA1|BRD7|RIOK3|CSNK2A1|BAZ1B|BIRC5|PUM2|BUB1B|BUB3|CDCA8|DPF1|DPF2|ESPL1|DPF3|HASPIN|HECW2|INCENP|LCMT1|MAD2L1|NEK6|AKAP8L|NUF2|PSMG2|SIRT2|RIOK2|MAPK15|SPC24|SPC25|SPDL1|TACC3|FMN2|TEX14|TTK|ZNF207|BCAS2|ZWILCH|ZWINT|AAAS|ABRAXAS2|ACTR3|AGO4|AKAP8|C9ORF78|INO80|ANKRD53|ARL8A|ASPM|AURKC|BCCIP|KAT5|BEX4|BOD1|CCDC66|CCDC69|CCNB2|KMT5A|CCNE1|CCNE2|CCSAP|MAD2L2|CDCA2|CENPL|CENPM|CENPQ|RAB11A|CENPU|CENATAC|CEP55|CEP97|CHAMP1|MRE11|CIAO1|CIAO2A|CIAO2B|DIS3L2|DRG1|DSN1|DYNC1H1|ECT2|EML3|EML4|FAM83D|FBXO30|FIRRM|FLNA|PBRM1|GEM|GPSM2|HDAC3|PHF10|HORMAD1|KIF18A|PLK1|KIF18B|KIF22|KIF23|RANGRF|KIF2A|KIF2C|KIF4A|KIF4B|KIFC1|KLHDC8B|KNSTRN|KPNB1|BRIP1|LZTS2|M1AP|C14ORF39|KLHL22|MAEL|MAP10|CDCA5|MAP1S|RECQL5|MAPRE1|MAPRE2|MAPRE3|RMI2|MAU2|MEIKIN|DMC1|MISP|MKI67|MMS19|MTCL2|RPS3|MYBL2|MZT1|NDC1|NR3C1|NSL1|FANCD2|NTMT1|NUDC|NUP37|GEN1|NUP43|NUSAP1|P3H4|SIRT1|PHF13|PMF1|PPP2R1B|PPP2R2A|SMARCA2|PPP2R2D|SMARCA4|PRC1|SMARCB1|PSRC1|SMARCC1|PTTG1|SMARCC2|KASH5|PTTG2|SMARCD1|RAB24|SMARCD2|RACGAP1|SMARCD3|MAJIN|RAD18|SMARCE1|RCC1|RCC2|RGS14|MCMDC2|RMDN1|MEIOC|RRS1|SEPTIN1|SETDB2|SGO2|SKA2|SMC1A|SPAG5|TEX15|NIPBL|SPATA22|SPDYA|STAG1|STAG2|TOP2B|STAG3|STARD9|SUN1|HNRNPU|SYCE1|SYCE1L|SYCE2|HSPA1A|SYCP2|TEX12|RAD21|TLK1|IK|RAD21L1|TOP1|TPX2|TTL|TTN|TRAPPC12|TUBB1|TUBB8|TUBG1|REC8|TUBG2|TUBGCP2|TUBGCP3|ZCWPW1|KAT2B|TUBGCP4|TUBGCP5|TUBGCP6|UBE2I|WRAP73|ANKRD31|UVRAG|AURKB|SPO11|TERB1|TERB2|TRIP13|UHRF1|XRCC3|CDC6|TUBB|ZW10|CDT1|ANAPC1|ANAPC11|ANAPC15|ANAPC2|ANAPC4|ANAPC5|ANAPC7|APC|DUSP1|EHMT2|ERCC2|ESCO2|CDC16|CDC20|FBXO5|PRP4K|CDC23|CDC27|CHFR|WASHC5|DCAF13|DDB1|PRAP1|MLH1|NEK2|NEK7|NSMCE2|NCOR1|CENPC|CENPE|CENPF|CENPH|CDC42|CENPI|PINX1|CENPK|CENPN|CENPO|CENPP|KIF14|CENPT|PRDM9|CENPW|DLGAP5|GTF2B|SMARCA5|SMARCAD1|SMC3|SMC5|SMC6|TERF1|SRPK1|TNKS|UBE2B|WAPL|PRICKLE1|AURKA|HJURP|ITGB3BP|KNTC1|BAG6|MIS12|MIS18A|NAA60|CHMP4A|OIP5|CHMP4B|RB1|RNF4|SENP6|CTCF|MTCL1|TLK2|UBE2C|USP44|USP9X|RIPOR2|KATNB1|TENT4A|POLDIP2|SIRT7|CHEK2|CHMP1A|CHMP1B|CHMP2A|CHMP2B|CHMP3|CHMP4C|CHMP5|CHMP6|CHMP7|CSNK2A2|DIAPH3|CLASP1|CLASP2|DCTN2|PPP2R1A|MAP3K20|KIF3B|SLC25A5|TOP3A|NDE1|NDEL1|PDCD6IP|DDX3X|KNL1|ATM|BECN1|BUB1|MAD1L1|MAD2L1BP|NCAPD2|NCAPD3|NCAPG|NCAPG2|NCAPH|NCAPH2|NUMA1|SKA1|SKA3|SMC2|SMC4|TPR|VPS4A|VPS4B|C1ORF146|CCNB1IP1|CENPS|CENPX|IHO1|MEI4|MLH3|MND1|MSH4|MSH5|PIBF1|PSMC3IP|RNF212|RNF212B|SHOC1|SYCE3|SYCP1|TEX11|TOP2A|TOP3B,https://www.gsea-msigdb.org/gsea/msigdb/human/geneset/GOBP_CHROMOSOME_SEGREGATION,429,ENR,GOBP_CHROMOSOME_SEGREGATION,1,2.0080319999999999E-3,GOBP_CHROMOSOME_SEGREGATION,FALSE,GOBP_CHROMOSOME_SEGREGATION
,1.5824130472170399,1.5824130472170399,1.5824130472170399,0.97384305900000001,,6.1557623999999998E-2,,CLEC4A|IDE|AZGP1|RAET1L|ERAP2|IFI30|LNPEP|TAP2|PDIA3|ULBP1|ERAP1|ULBP2|B2M|ULBP3|FCER1G|RAET1E|ACE|RAET1G|HLA-A|MPEG1|MR1|TAPBP|ABCB9|MFSD6|TAP1|HLA-B|TAPBPL|HFE|HLA-E|HLA-C|HLA-F|HLA-G|CALR|IKBKB|SAR1B|FCGR1A,https://www.gsea-msigdb.org/gsea/msigdb/human/geneset/GOBP_ANTIGEN_PROCESSING_AND_PRESENTATION_OF_PEPTIDE_ANTIGEN_VIA_MHC_CLASS_I,36,ENR,GOBP_ANTIGEN_PROCESSING_AND_PRESENTATION_OF_PEPTIDE_ANTIGEN_VIA_MHC_CLASS_I,1,2.6156941E-2,GOBP_ANTIGEN_PROCESSING_AND_PRESENTATION_OF_PEPTIDE_ANTIGEN_VIA_MHC_CLASS_I,FALSE,GOBP_ANTIGEN_PROCESSING_AND_PRESENTATION_OF_PEPTIDE_ANTIGEN_VIA_MHC_CLASS_I
5,2.71432976660709,2.71432976660709,2.71432976660709,1,,6.2130370000000002E-3,,HDGFL2|HELQ|ING3|INO80|INO80B|INO80C|INO80D|INO80E|KAT5|KDM4D|KMT5B|KMT5C|MAD2L2|MBTD1|MCRS1|MEAF6|MGMT|MORF4L1|MORF4L2|MRE11|MRGBP|MRNIP|NBN|NFRKB|NPAS2|OOEP|PARP3|PBRM1|PCNA|HMGB1|PELI1|PHF10|PIAS4|PNKP|SIRT6|PRKCG|PRKDC|RAD50|RAD51AP1|RIF1|DHX9|RNF126|FH|RNF168|RNF8|RPS3|RUVBL1|RUVBL2|SETMAR|SHLD1|SHLD2|SHLD3|SIRT1|SKP2|SLF1|FUS|SLF2|SMARCA2|SMARCA4|SMARCB1|SMARCC1|SMARCC2|SMARCD1|SPIRE1|SMARCD2|SPIRE2|SMARCD3|SMARCE1|SMCHD1|SPIDR|TIGAR|TFPT|TIMELESS|TMEM161A|TOP2B|TRIM28|UBE2N|UBE2V2|UCHL5|UIMC1|USP1|VPS72|WAS|WDR48|TRRAP|WRAP53|YEATS4|YY1|ZCWPW1|ATM|EYA2|PARP1|PRMT1|ABRAXAS1|ACTB|ACTL6A|ACTL6B|ACTR2|ACTR5|ACTR8|AGER|ARID1A|ARID1B|ARID2|BABAM1|BABAM2|BCL7A|BCL7B|BCL7C|BRCA1|BRCC3|BRD7|BRD8|CBX8|CCDC117|CEBPG|CREBBP|CYREN|DDX11|DMAP1|DPF1|DPF2|DPF3|EGFR|EP400|EPC1|EPC2|ERCC6|ERCC8|EYA1|EYA3|EYA4|FAM168A|FANCB|FGF10|FMN2|FOXM1|H2AX|HDAC10,https://www.gsea-msigdb.org/gsea/msigdb/human/geneset/GOBP_POSITIVE_REGULATION_OF_DNA_REPAIR,139,ENR,GOBP_POSITIVE_REGULATION_OF_DNA_REPAIR,1,0,GOBP_POSITIVE_REGULATION_OF_DNA_REPAIR,FALSE,GOBP_POSITIVE_REGULATION_OF_DNA_REPAIR
2,1.8095597137666799,1.8095597137666799,1.8095597137666799,0.98449612399999997,,7.5624780000000003E-2,,ZWINT|KAT5|NSMCE2|MAD2L2|CENPE|CENPF|CDK5RAP2|CCNB1|CDK1|PBRM1|DLGAP5|PHF10|PLK1|KLHL22|RMI2|MAP3K20|NDC80|GEN1|SIRT1|SMARCA2|SMARCA4|SMARCB1|SMARCC1|SMARCC2|SMARCD1|SMARCD2|SMARCD3|SMARCE1|KNTC1|HNRNPU|RAD21|IK|RB1|KNL1|KAT2B|ATM|BECN1|BUB1|AURKB|MAD1L1|MAD2L1BP|NUMA1|SKA1|TRIP13|SKA3|XRCC3|TPR|CDC6|ZW10|ANAPC1|ANAPC11|ANAPC15|ANAPC2|ANAPC4|ANAPC5|ANAPC7|APC|UBE2C|DUSP1|CUL3|DYNC1LI1|CDC16|CDC20|FBXO5|PRP4K|USP44|CDC23|ACTB|ACTL6A|CDC27|ACTL6B|CHFR|ARID1A|ARID1B|ARID2|BCL7A|BCL7B|BCL7C|BRD7|BIRC5|BUB1B|PRAP1|BUB3|CDCA8|DPF1|DPF2|ESPL1|DPF3|HASPIN|HECW2|INCENP|LCMT1|MAD2L1|NEK6|NUF2|PSMG2|RIOK2|MAPK15|SPC24|SPC25|SPDL1|TACC3|TEX14|TTK|ZNF207|ZWILCH,https://www.gsea-msigdb.org/gsea/msigdb/human/geneset/GOBP_REGULATION_OF_SISTER_CHROMATID_SEGREGATION,106,ENR,GOBP_REGULATION_OF_SISTER_CHROMATID_SEGREGATION,1,1.5503876E-2,GOBP_REGULATION_OF_SISTER_CHROMATID_SEGREGATION,FALSE,GOBP_REGULATION_OF_SISTER_CHROMATID_SEGREGATION
26,2.3970705534337702,2.3970705534337702,2.3970705534337702,0.995991984,,6.738442E-2,,MAP3K10|MAP3K11|MAP3K7|ARHGEF5|ERN1|MAP3K5|TLR6|SASH1|TNF|PTPN1|MAP3K4|TRAF6|TRAF2|MAP4K2|TAOK3,https://www.gsea-msigdb.org/gsea/msigdb/human/geneset/GOBP_POSITIVE_REGULATION_OF_JUN_KINASE_ACTIVITY,15,ENR,GOBP_POSITIVE_REGULATION_OF_JUN_KINASE_ACTIVITY,1,4.0080159999999997E-3,GOBP_POSITIVE_REGULATION_OF_JUN_KINASE_ACTIVITY,FALSE,GOBP_POSITIVE_REGULATION_OF_JUN_KINASE_ACTIVITY
1,2.0136797188322002,2.0136797188322002,2.0136797188322002,0.99031007800000004,,6.5411373999999994E-2,,EXPH5|RAB27B|SYTL4|UVRAG|RUBCN|RUFY4|SNF8|LYST|STAM|STAM2|CHMP1A|CHMP1B|CHMP2A|CHMP2B|CHMP3|CHMP4C|CHMP5|CHMP6|CHMP7|DENND10|TSG101|LAPTM4B|VCP|MITD1|UBXN6|HGS|VPS25|RILP|VPS28|VPS36|VPS4A|VPS4B|SORT1|VTA1|MVB12A|RAB27A|VPS37A|VPS37B|VPS37C|LEPROT|VPS37D|LEPROTL1|MVB12B|PTPN23|CHMP4A|TMEM50A|CHMP4B|TMEM50B|UBAP1,https://www.gsea-msigdb.org/gsea/msigdb/human/geneset/GOBP_MULTIVESICULAR_BODY_SORTING_PATHWAY,49,ENR,GOBP_MULTIVESICULAR_BODY_SORTING_PATHWAY,1,9.6899220000000001E-3,GOBP_MULTIVESICULAR_BODY_SORTING_PATHWAY,FALSE,GOBP_MULTIVESICULAR_BODY_SORTING_PATHWAY
8,2.6655809937974402,2.6655809937974402,2.6655809937974402,0.99784017280000004,,3.0919840000000001E-2,,ATG14|ADRB2|BECN1|AFG2B|UVRAG|RUBCN|ATG12|SMCR8|SNAP29|SNAPIN|ATG5|SNX14|VTI1B|ATP2A2|CLN3|GABARAPL1|CALCOCO2|CALM1|CHMP1A|CHMP1B|CHMP2A|TBC1D25|CHMP2B|CHMP3|CHMP4C|TECPR1|CHMP5|CHMP6|CHMP7|TMEM39A|CLEC16A|TOM1|IRGM|TSG101|UBQLN1|ELP6|VCP|EPG5|PIK3C3|FYCO1|PIK3R4|GABARAP|VAMP8|GABARAPL2|VIPAS39|VMP1|VPS16|VPS33A|VPS33B|LAMP2|VPS4A|VPS4B|LIX1|LIX1L|MFSD8|MAP1LC3A|MAP1LC3B|MAP1LC3B2|RUBCNL|MAP1LC3C|STX17|MCOLN1|WIPI2|CHMP4A|PHF23|CHMP4B|UBQLN4,https://www.gsea-msigdb.org/gsea/msigdb/human/geneset/GOBP_AUTOPHAGOSOME_MATURATION,67,ENR,GOBP_AUTOPHAGOSOME_MATURATION,1,2.1598272000000001E-3,GOBP_AUTOPHAGOSOME_MATURATION,FALSE,GOBP_AUTOPHAGOSOME_MATURATION
3,2.71432976660709,2.71432976660709,2.71432976660709,1,,1.4829363E-2,,ATM|MTMR3|BECN1|RNF186|RNF5|ATG2A|SMCR8|NUPR1|SNX18|SNX30|PINK1|SNX4|FEZ1|RAB1B|C9ORF72|SNX7|ANXA2|CHEK2|SH3GLB1|TBC1D12|FNIP1|TMEM39A|GRN|RAB3GAP1|RAB3GAP2|TRIM32|EFNB1|IRGM|EHMT2|LAPTM4B|MTOR|ELAPOR1|SCFD1|UBQLN2|EPHB2|PPP3CB|SEC22B|FEZ2|SCARB2|ULK1|PIKFYVE|TFEB|PIP4K2A|TMEM106B|PIP4K2B|PIP4K2C|IFT20|IFT88|MOAP1|LRSAM1|MTM1|MCOLN1|WDR45|TBC1D14|WIPI1|TREX1|PHF23|FLCN|LRRK2|RAB5A|RALB,https://www.gsea-msigdb.org/gsea/msigdb/human/geneset/GOBP_REGULATION_OF_VACUOLE_ORGANIZATION,61,ENR,GOBP_REGULATION_OF_VACUOLE_ORGANIZATION,1,0,GOBP_REGULATION_OF_VACUOLE_ORGANIZATION,FALSE,GOBP_REGULATION_OF_VACUOLE_ORGANIZATION
7,1.8530024936039899,1.8530024936039899,1.8530024936039899,0.98597194349999995,,7.5665380000000004E-2,,OTULIN|PTPN22|SLC15A3|IRF5|SLC15A4|RIPK2|TLR4|NAGK|NOD2|TNFAIP3|HSPA1B|LACC1|XIAP|NFKBIA|HSPA1A|ERBIN|IRGM|INAVA|RELA,https://www.gsea-msigdb.org/gsea/msigdb/human/geneset/GOBP_NUCLEOTIDE_BINDING_OLIGOMERIZATION_DOMAIN_CONTAINING_2_SIGNALING_PATHWAY,19,ENR,GOBP_NUCLEOTIDE_BINDING_OLIGOMERIZATION_DOMAIN_CONTAINING_2_SIGNALING_PATHWAY,1,1.40280565E-2,GOBP_NUCLEOTIDE_BINDING_OLIGOMERIZATION_DOMAIN_CONTAINING_2_SIGNALING_PATHWAY,FALSE,GOBP_NUCLEOTIDE_BINDING_OLIGOMERIZATION_DOMAIN_CONTAINING_2_SIGNALING_PATHWAY
29,2.71432976660709,2.71432976660709,2.71432976660709,1,,1.6251812000000001E-2,,CAV1|AFG2B|UBE2J2|AMFR|ANKZF1|ATF6|TRIM25|AUP1|CALR3|CANX|DNAJB9|CLGN|UFD1|DERL2|DERL3|DNAJB12|DNAJC10|ECPAS|SEL1L|BRSK2|EDEM2|EDEM3|ERLEC1|ERLIN1|RNF139|TMX1|ERLIN2|FAM8A1|FOXRED2|MARCHF6|HM13|NCCRP1|JKAMP|MAN1A2|MAN1B1|MAN1C1|UBE2J1|RCN3|RHBDD1|RHBDD2|RNF103|AQP11|RNF121|SELENOS|RNF175|RNFT1|RNFT2|BAG6|SDF2L1|SEL1L2|CCDC47|STT3B|SVIP|HSP90B1|TMEM129|PSMC6|TMEM259|TMEM67|TMUB1|TMUB2|UBAC2|UBE2G2|RNF145|TOR1A|UBE4A|UBXN10|UBXN4|UBXN8|USP13|USP19|GET4|UMOD|USP25|WFS1|RNF5|BCAP31|HSPA5|SYVN1|STUB1|NFE2L2|TRIM13|ATXN3|NPLOC4|UBE4B|UBQLN1|UBQLN2|VCP|PRKN|UBXN2A|UBXN1|UBXN6|FAF1|USP14|XBP1|SEC61B|SGTA|DERL1|DNAJB2|YOD1|EDEM1|FAF2|HERPUD1|RNF185|MAN1A1|FBXO17|FBXO2|OS9|CALR|FBXO27|FBXO44|FBXO6,https://www.gsea-msigdb.org/gsea/msigdb/human/geneset/GOBP_ERAD_PATHWAY,111,ENR,GOBP_ERAD_PATHWAY,1,0,GOBP_ERAD_PATHWAY,FALSE,GOBP_ERAD_PATHWAY
,1.9259992851308201,1.9259992851308201,1.9259992851308201,0.988142293,,7.1465490000000007E-2,,HMGA2|FZR1|PRMT6|KAT5|NSMCE2|ARG2|MORC3|B2M|PML|SIRT6|SMC5|TERT|SMC6|BRCA2|CDK6|CDKN2B|MAPK9|SRF|MAP3K5|AKT3|NUP62|MAP2K4|SIRT1|ID2|COMP|PLK2|WRN|ZMPSTE24|HMGA1|SUV39H1|KAT6A|MAPK8|TERF2|TP53|TOP2B|TBX3|TWIST1|HLA-G|RBL1|TBX2|ATM|TP63|KIR2DL4|NDUFS6|BCL6|DNAJA3|HRAS|ABI3|PRKCD|PTEN|YBX1|MAP2K6|CDK2|MAP2K3|CDKN1A|CDKN1B|BMPR1A|MIF|WNT1|NPM1|MAP2K1|ZMIZ1|BCL2L12|CITED2|LMNA|EEF1E1|ING2|BMAL1|KRAS|MAPK10|MNT|NEK4|FBXO4|NUAK1|FBXO5|PAWR|ABL1|PRELP|RSL1D1|ULK3|VASH1|WNT16|YPEL3|ZNF277|ZKSCAN3|MAPK11|MAPK14|CDKN2A|GINS3|ECRG4|CGAS|PNPT1|PLA2R1|OPA1|MAP2K7|CALR|SPI1|NEK6|MAPKAPK5,https://www.gsea-msigdb.org/gsea/msigdb/human/geneset/GOBP_CELLULAR_SENESCENCE,99,ENR,GOBP_CELLULAR_SENESCENCE,1,1.1857707E-2,GOBP_CELLULAR_SENESCENCE,FALSE,GOBP_CELLULAR_SENESCENCE
,1.78443896689397,1.78443896689397,1.78443896689397,0.983572895,,9.9837049999999997E-2,,ABRAXAS2|USP16|TNFAIP3|TNIP1|TRIM21|CDK1|OTUB1|USP18|USP27X|USP29|USPL1|USP38|USP50|SENP2|STAMBP|COPS5|UCHL1|CYLD|SENP3|USP21|KDF1|USP37|USP7|USP5|USP45|OTUD3|OTUD7B|USP30|USP33|PSMD14|UCHL5|HINT1|USP1|USP12|USP2|USP51|USP24|USP34|USP35|USP40|SENP6|USP42|USP46|USP47|USP48|USP9Y|TOR1A|ITCH|USP13|USP19|USP25|SENP1|USP28|USP22|USP39|USP4|NOP53|USP49|PARK7|SHMT2|USP10|OTUD6B|OTUD5|COPS2|COPS3|COPS4|COPS6|COPS7A|SENP5|COPS7B|GPS1|JOSD1|JOSD2|MINDY3|MINDY4|MINDY4B|USP8|OTUB2|ATXN3|OTUD1|OTUD6A|OTUD7A|VCP|OTUD4|OTULINL|PRKN|OTULIN|SENP8|UBXN1|UCHL3|USP11|USP3|USP14|USP31|USP26|USP43|USP44|USP53|SENP7|USP54|USP9X|USP36|USP6|ZRANB1|ZC3H12A|USP20|BABAM2|STAMBPL1|DESI1|COPS8|BAP1|BRCC3|DNAJB2|YOD1|USP32|SPATA2|USP15|VCPIP1|TANK,https://www.gsea-msigdb.org/gsea/msigdb/human/geneset/GOBP_PROTEIN_MODIFICATION_BY_SMALL_PROTEIN_REMOVAL,119,ENR,GOBP_PROTEIN_MODIFICATION_BY_SMALL_PROTEIN_REMOVAL,1,1.6427105000000001E-2,GOBP_PROTEIN_MODIFICATION_BY_SMALL_PROTEIN_REMOVAL,FALSE,GOBP_PROTEIN_MODIFICATION_BY_SMALL_PROTEIN_REMOVAL
1,2.71432976660709,2.71432976660709,2.71432976660709,1,,1.3217378E-3,,RAB11A|ATP6AP1|ATP6AP2|ATP6V0A1|ATP6V0B|ATP6V1A|ATP6V1D|CHMP1A|CHMP1B|PI4K2A|CHMP2A|PI4K2B|ATP6V1F|CHMP2B|CHMP3|CHMP4C|USP50|CHMP5|ATP6V1H|CHMP6|WASHC4|CHMP7|CLCN3|SQSTM1|ALS2|RNASEK|DNM1|PIK3C3|PLEKHF1|HGS|PLEKHF2|RILP|SNX3|ANXA8|ANXA8L1|CC2D1A|AQP11|STX6|CORO1C|MVB12A|RAB27A|DNAJC13|EEA1|PDCD6IP|CHMP4A|FASLG|CHMP4B|IST1|MICALL2|ARFGEF2|PHETA1|PHETA2|PLEKHA3|PLEKHJ1|RAB22A|RAB5B|RAB5C|VAMP4|RNF26|SNF8|SNX33|AKTIP|STAM|STAM2|FHIP1B|TOM1|HOOK1|HOOK2|TMCC1|HOOK3|TMEM127|RAB7A|LAMTOR1|SYNJ1|TSG101|UBR4|LAPTM4B|USP8|PRKN|ATP6V0C|SCARB2|EXOC8|TMEM9|VPS25|VPS11|VPS18|VPS28|WASHC5|VPS33B|VPS36|VPS4A|VPS4B|VTA1|VPS37A|VPS37B|VPS37C|VPS37D|MVB12B|UBAP1|SNX10,https://www.gsea-msigdb.org/gsea/msigdb/human/geneset/GOBP_ENDOSOME_ORGANIZATION,100,ENR,GOBP_ENDOSOME_ORGANIZATION,1,0,GOBP_ENDOSOME_ORGANIZATION,FALSE,GOBP_ENDOSOME_ORGANIZATION
28,2.2244467093453699,2.2244467093453699,2.2244467093453699,0.99403578500000001,,5.1185521999999997E-2,,TRMT5|ANTKMT|AKT1|COMT|ATPSCKMT|PRDM9|PEMT|GNMT|SNRPB|CSKMT|SNRPD1|SNRPD2|SNRPD3|SNRPE|SNRPF|SNRPG|BHMT|BHMT2|PRDM1|TGS1|CAMKMT|GAMT|THUMPD2|SMYD3|MTAP|MTR|ICMT|ETF1|ALKBH8|EZH2|BCDIN3D|FBLL1|DALRD3|GSPT1|HEMK1|BUD23|DIMT1|EMG1|FBL|FDXACB1|FTSJ3|HENMT1|METTL15|NSUN4|METTL25B|CMTR1|METTL5|CMTR2|MRM1|MRM3|FTSJ1|NSUN5|NSUN7|RAMACL|SPOUT1|ZCCHC4|LCMT2|SLC25A26|CYP1A2|METTL1|AS3MT|METTL2A|COMTD1|METTL2B|COQ5|METTL6|DNMT1|DNMT3A|DNMT3B|DNMT3L|DPH5|NSUN6|EEF1AKMT1|EEF1AKMT2|EEF1AKMT3|EEF1AKMT4|EEF1AKMT4-ECE2|NSUN2|SETD5|EEF2KMT|EHMT1|EZH1|FAM86B1|FAM86B2|INMT|KMT2B|KMT2C|METTL18|KMT2D|NDUFAF5|PRDM16|MECOM|PCIF1|METTL13|NDUFAF7|METTL21A|METTL21C|PRMT9|METTL22|METTL23|METTL24|RAMAC|METTL25|METTL9|NNMT|LCMT1|NSD1|RNMT|NSD3|DOT1L|NTMT2|PCMT1|PNMT|PRDM10|PRDM11|TARBP1|PRDM12|PRDM14|PRDM15|THADA|PRDM2|PRDM4|THUMPD3|PRDM5|PRDM6|PRDM7|TRDMT1|PRDM8|TRMO|PRMT8|TRMT1|TRMT10C|SAMTOR|TRMT10A|TRMT2A|SETD1A|TRMT11|TRMT6|SETD1B|TRMT112|TRMT61A|SETD3|TRMT13|TRMT61B|SETD9|TRMT1L|SETDB1|TRMT2B|SMYD1|TRMT44|PRMT6|SMYD2|TRMT9B|SMYD4|SMYD5|SUV39H2|TMT1A|TYW3|TMT1B|KMT5A|TPMT|KMT5B|VCPKMT|KMT5C|WDR4|WDR6|MGMT|NSD2|RAB6A|RRP8|CARNMT1|KMT2A|PRMT3|HNMT|SETD2|NTMT1|SETD7|FAM98A|SETMAR|FAM98B|MEPCE|TRMT10B|SUV39H1|SETDB2|PRMT2|ETFBKMT|LARP7|METTL8|ASH1L|METTL14|METTL16|METTL3|METTL4|EHMT2|PRMT1|PRMT5|PRMT7|TYMS|CARM1|NSUN3|SETD6|RBM15|RBM15B|GTPBP3|HSD17B10|COQ3|MRM2|NOP2|MTO1|SETD4|TFB1M|TFB2M,https://www.gsea-msigdb.org/gsea/msigdb/human/geneset/GOBP_METHYLATION,212,ENR,GOBP_METHYLATION,1,5.9642150000000001E-3,GOBP_METHYLATION,FALSE,GOBP_METHYLATION
6,2.71432976660709,2.71432976660709,2.71432976660709,1,,1.884073E-3,,AKT1|AKT2|NR1H2|NR1H3|PDX1|CASP4|CEBPB|CREB3|GSK3B|SGF29|CXCL8|NHLRC1|MARCHF6|NCCRP1|AIFM1|AKT3|DAB2IP|ATAD3A|EIF2AK2|ATP2A1|FCGR2B|BAK1|BAX|BBC3|BCL2|FLOT1|BCL2L1|SELENON|AQP11|SELENOS|BCL2L11|TP53|BAG6|BOK|TARDBP|CCDC47|CERT1|HSP90B1|PSMC6|TMBIM6|CLU|RNF145|KCNJ8|RNF7|GET4|UMOD|BBS1|GORASP2|BCAP31|JAGN1|NUPR1|HSPA5|PARK7|FIS1|SYVN1|TRIB3|CREB3L2|NFE2L2|NPLOC4|UBE4B|VCP|UBXN1|MARCKS|USP14|XBP1|ABL1|SEC61B|ERN2|SGTA|PTPN1|PTPN2|HYOU1|EDEM1|HERPUD1|TMCO1|SELENOK|RNF185|MAN1A1|OPA1|OS9|LRRK2|TRAF2|JUN|PMAIP1|THBS1|THBS4|CAV1|PPP2CB|AFG2B|P4HB|UBE2J2|ATG10|ABCA7|FUT1|AFF4|AGR2|AMFR|ANKS4B|ANKZF1|ATF3|ATF4|ATF6|TRIM25|ATF6B|ATP2A2|ATP2A3|AUP1|BBS10|BHLHA15|CALR3|CANX|CCND1|DNAJB9|SESN2|CFTR|CHAC1|CLGN|CREB3L1|CDK5RAP3|CREB3L3|CREBRF|CREBZF|UFD1|CTH|DERL2|DERL3|DNAJB12|DNAJC10|DNAJC3|ECPAS|SEL1L|BRSK2|EDEM2|EDEM3|PML|EEF2|RACK1|EIF2AK3|EIF2B5|EIF4G1|ERLEC1|DDRGK1|ERLIN1|RNF139|TMX1|ERLIN2|ERMP1|ERO1A|ERP27|COPS5|ERP29|ERP44|EIF2S1|FAM8A1|FICD|FOXRED2|GRINA|HERPUD2|HM13|ITPR1|SEC16A|JKAMP|MAN1A2|MAN1B1|MAN1C1|MANF|ERN1|MAP3K20|MAP3K5|MBTPS2|NCK1|NCK2|NFE2L1|NIBAN1|NRBF2|PARP16|PARP6|IKBKG|PARP8|SIRT1|PDIA2|PDIA3|UBE2J1|PDIA4|PDIA6|PIGBOS1|PIK3R2|PPP1R15A|PPP1R15B|QRICH1|RASGRF1|RASGRF2|RCN3|RHBDD1|RHBDD2|RNF103|RNF121|RNF175|RNF183|RNFT1|RNFT2|RPAP2|SCAMP5|SDF2L1|SEL1L2|NOD1|SERINC3|SERP1|SERP2|STC2|STT3B|SVIP|TMED2|TBL2|TMBIM4|TMEM117|HSPA1A|TMEM129|TMEM238L|TMEM258|TMEM259|TMEM33|DDX3X|TMEM67|TMTC3|TMTC4|TMUB1|ALOX15|TMUB2|TNFRSF10B|TTC23L|TXNDC12|UBAC2|UBE2G2|TOR1A|UBE4A|UBXN10|UBXN4|UBXN8|RNF186|USP13|APAF1|USP19|USP25|WFS1|RNF5|VAPB|DDIT3|STUB1|PIK3R1|TRIM13|ASB11|UBA5|ATXN3|MBTPS1|UBQLN1|UBQLN2|BFAR|PRKN|UBXN2A|UBXN6|UFC1|FAF1|UFL1|UFM1|SRPX|DERL1|DNAJB2|YOD1|APP|ALOX5|FAF2|FBXO17|FBXO2|CALR|FBXO27|LPCAT3|FBXO44|FBXO6,https://www.gsea-msigdb.org/gsea/msigdb/human/geneset/GOBP_RESPONSE_TO_ENDOPLASMIC_RETICULUM_STRESS,279,ENR,GOBP_RESPONSE_TO_ENDOPLASMIC_RETICULUM_STRESS,1,0,GOBP_RESPONSE_TO_ENDOPLASMIC_RETICULUM_STRESS,FALSE,GOBP_RESPONSE_TO_ENDOPLASMIC_RETICULUM_STRESS
7,2.7084209139887099,2.7084209139887099,2.7084209139887099,0.99804305289999995,,2.4763621E-2,,ARHGEF2|PTPN22|IRF5|NOTCH1|RIPK2|JAG1|NAGK|NOD1|NOD2|TNFAIP3|CHMP5|CARD9|NFKBIA|NLRP1|ERBIN|MAPK14|INAVA|TRIM41|VIM|LDOC1|RELA,https://www.gsea-msigdb.org/gsea/msigdb/human/geneset/GOBP_RESPONSE_TO_MURAMYL_DIPEPTIDE,21,ENR,GOBP_RESPONSE_TO_MURAMYL_DIPEPTIDE,1,1.9569471000000001E-3,GOBP_RESPONSE_TO_MURAMYL_DIPEPTIDE,FALSE,GOBP_RESPONSE_TO_MURAMYL_DIPEPTIDE
1,2.71432976660709,2.71432976660709,2.71432976660709,1,,1.0338058000000001E-2,,ADCY10|AKT1|ATP5IF1|EPM2A|BID|RAN|AKIRIN2|CDK1|NUP88|APPL1|APPL2|PEX14|GSK3A|LEP|CD36|DNAJC15|PIK3C3|PIK3R4|NUP62|MACROH2A1|MFN2|MTCH2|TRIM37|NDP|TP53|NDUFA13|AP3D1|AP4M1|IPO5|BCAP31|PRKCD|OXA1L|PINK1|EIF4ENIF1|MAVS|SH3GLB1|MMP12|NFKBIA|MED1|EPS15|XBP1|GCC2|GGA3|IFNG|GOLPH3|GOLPH3L|IMMP2L|SHH|DMAP1|LAMP1|LAPTM5|LEPROT|LMAN1|VPS54|MVB12B|PTPN23|LRRK2|UBAP1|ANGPT1|TNFAIP3|PRKD1|RAB10|RAB11A|ECT2|FLNA|HDAC3|PML|POT1|BRCA2|KPNB1|GNPTG|SEC13|M6PR|MON1A|MON1B|NCOA4|RUVBL2|SNX16|SORL1|SORT1|VPS53|VPS8|ZFYVE16|SPIDR|NIPBL|PKIA|SPDYA|CBL|TRIM28|HSPA8|SIX3|WRAP53|ACD|GZMB|HACL1|LONP2|PEX13|VPS13A|PEX7|VPS13C|VPS41|CCT6A|DRD1|TRAF3IP2|CDKN1A|NPM1|NUP98|GNPTAB|PIK3R1|ARIH2|HPS4|MBTPS1|NAGPA|PRKN|STAT3|TGFB1|NOTCH1|IL10RA|VPS11|H1-5|LRWD1|HSP90AA1|APOD|PPP3CA|RBM22|POLA2|EP300|KPNA1|KPNA2|ABRA|BMP4|CABP1|NABP2|CBLB|HK1|CDH1|HK2|CRY2|CFL1|CSE1L|DNAJA1|EFCAB7|FAM53A|FAM53B|FAM53C|FGF9|GCKR|GLI3|HCLS1|HEATR3|HIKESHI|IFT122|ING1|IPO11|IPO13|IPO4|IPO7|IPO8|IPO9|JUP|KPNA4|KPNA5|KPNA7|LAMP5|NEURL1B|PPP1R10|NEURL3|NMT1|NPAP1|NUP107|NUP133|NUP188|SGF29|NUP214|NUP35|NUP50|NUP54|PSEN1|NUP58|NUTF2|PEX5L|PKIG|POM121|POM121C|POM121L2|PPP3R1|SIRT6|PTTG1IP|RANBP17|RANBP2|KPNA3|RANBP6|LAMP3|RGPD1|RGPD2|MDFIC|RGPD3|RGPD4|RGPD5|RGPD6|RGPD8|RPAIN|RYR2|SIX2|TCP1|SMO|SNUPN|TERF1|SPRN|STK3|STK4|SUFU|AGK|TMCO6|TNPO1|AIFM1|TNPO2|NUP153|TNPO3|PEX10|TSPAN10|AP3B1|PEX12|TSPAN17|TXNIP|ZIC1|USP7|ATF2|PRICKLE1|BAX|BBC3|BCS1L|MACROH2A2|BAG6|BNIP3L|TARDBP|C11ORF65|CALM3|CHMP4A|CHCHD4|CHMP4B|CLU|RPL23|IL33|COX18|CD68|GET1|UBL5|GET4|GLP1R|SIAH3|HSPA5|ZNF827|FIS1|SUMO1|GDAP1|HAX1|ZPR1|NR4A1|ADAR|PEX16|PEX19|HSPD1|PEX26|HTRA2|PEX3|HUWE1|NF1|UBE2D3|RAB3GAP1|NUP85|RAB3GAP2|RAB7A|IRGM|RAB8B|LMNA|UBR5|MAIP1|MAPT|SCARB2|USP9X|MFF|SEC61A1|SEC61A2|MGARP|SEC61B|SEC61G|SEC62|SEC63|SGTA|ZFAND2A|SGTB|RAC2|ABLIM3|SRP14|AIP|SRP19|MOAP1|SRP54|ANKRD10|SRP68|ANKRD6|SRP72|SRP9|MTCH1|SRPRA|SRPRB|BAG4|BAP1|MTX1|MTX2|SSR3|CDKN2A|DNLZ|EDEM1|GFER|GRPEL1|GRPEL2|HERPUD1|HSPA1L|TRAM1|HSPA4|TRAM1L1|IMMP1L|TRAM2|KCNQ3|UBL4A|VPS37A|VPS37B|MAN1A1|VPS37C|MIPEP|VPS37D|NPEPPS|NRARP|PAM16|PARL|PEX1|PEX6|PIN1|CHP2|PITRM1|ZDHHC15|PEX5|PMPCA|PMPCB|RHOU|SAE1|SPCS1|SYK|SPCS2|SPCS3|TIMM17A|TIMM17B|ZFAND2B|TIMM23B|TIMM44|TOMM20L|TOMM34|TOMM40L|UBE2J2|UBE2L3|UBL4B|YWHAB|ATG13|ZFAND6|RALA|ROMO1|SAMM50|BAG3|AP3M1|CTCFL|SIRT4|E2F3|SMAD3|CSNK2A2|SQSTM1|TERT|EI24|TIMM10|PHB2|TIMM10B|TIMM13|ELAVL1|TIMM21|TIMM22|TIMM29|TIMM50|TIMM8A|TIMM8B|FBXO7|TIMM9|FBXW7|TMEM126A|FZD5|WBP2|HGS|TOMM20|TOMM22|TOMM40|TOMM5|TOMM7|TOMM70|LAMP2|PIK3R2|TRMT10B|LRSAM1|MAPK8|VPS13D|MVB12A|NEDD4|PEX2|RAB23|MICALL2|ATG14|BECN1|RNF31|BCL3|SMURF1|CHP1|SNF8|CWH43|DDIT3|TPR|SPG11|SREBF1|SREBF2|STAM|STAM2|DNAJC19|TIMM23|FERMT1|JAK2|TSC2|TSG101|TSPO|HYAL2|UFM1|USP36|VPS25|KPNA6|VPS28|ZC3H12A|VPS36|VPS4A|MAPK14|MTERF4|PRKAA1|NUP155|NUP93,https://www.gsea-msigdb.org/gsea/msigdb/human/geneset/GOBP_ESTABLISHMENT_OF_PROTEIN_LOCALIZATION_TO_ORGANELLE,450,ENR,GOBP_ESTABLISHMENT_OF_PROTEIN_LOCALIZATION_TO_ORGANELLE,1,0,GOBP_ESTABLISHMENT_OF_PROTEIN_LOCALIZATION_TO_ORGANELLE,FALSE,GOBP_ESTABLISHMENT_OF_PROTEIN_LOCALIZATION_TO_ORGANELLE
13,2,2,2,0.99,,6.0673926000000003E-2,,BTBD17|HMGA2|CD209|CCL5|BST2|P4HB|PTX3|TNIP1|ATG12|DYNLT1|TRIM11|ATG5|TRIM15|CD74|TRIM21|TRIM25|APOBEC3A|CLEC4G|TRIM31|APOBEC3C|APOBEC3F|TRIM5|CH25H|CD4|TRIM6|FAM111A|TRIM62|FKBP6|TYRO3|HACD3|BANF1|HS3ST5|HMGB1|IFIT1|IFIT5|IFITM1|IFITM2|IFITM3|INPP5K|ISG20|ZC3HAV1|LAMP3|CXCL8|DDX5|MDFIC|ZNFX1|LGALS1|DHX9|MID2|CNOT7|GBP7|SRPK1|SRPK2|FMR1|EIF2AK2|PKN2|PPID|LARP1|PROX1|SHFL|MX1|BCL2|SP100|OAS2|TBC1D20|STAU1|TOP2B|TMEM250|TRIM28|TMPRSS2|TMPRSS4|TRIM14|IFI16|TRIM8|UBP1|IFIH1|DDX3X|ILF3|RAD23A|RSF1|ZFP36|SLPI|LARP7|APCS|PLSCR1|AXL|VAPB|LGALS9|CD28|LTF|HLA-DRB1|HEXIM1|MAVS|MBL2|FURIN|TRIM38|N4BP1|ADAR|PABPC1|ADARB1|TMEM39A|SMPD1|TNF|AICDA|ISG15|TRIM13|PPIE|TRIM32|RAB7A|PPIH|TSG101|OAS3|OASL|NOTCH1|PPIA|NR5A2|IL32|TRIM27|KPNA6|CSNK2B|VPS4A|DDB1|STOM|OAS1|PDE12|NECTIN2|RSAD2|BSG|VPS37B|RNASEL|KPNA2|STAT1|APOBEC3B|APOBEC3D|APOBEC3G|APOBEC3H|TARBP2|TOP2A|ARK2N,https://www.gsea-msigdb.org/gsea/msigdb/human/geneset/GOBP_REGULATION_OF_VIRAL_PROCESS,139,ENR,GOBP_REGULATION_OF_VIRAL_PROCESS,1,0.01,GOBP_REGULATION_OF_VIRAL_PROCESS,FALSE,GOBP_REGULATION_OF_VIRAL_PROCESS
10,2.39445168777493,2.39445168777493,2.39445168777493,0.99596774200000004,,3.3921531999999997E-2,,AGBL4|FHIT|FOXF2|FZR1|GIPC1|GLMN|GNA12|HECTD1|AKT1|ATP5IF1|HSPA1B|HSP90AB1|HSPBP1|OGT|NUDT15|EPM2A|CBFA2T3|KEAP1|NEURL3|TRAF7|GSK3A|PKD1|GSK3B|PSEN1|SIRT6|KLHL40|UBB|LAMP3|MTOR|MAP1A|MAPK9|MDM2|EFNA1|NUB1|PABIR1|SUFU|PABPN1L|AGTPBP1|CSNK1A1|PANO1|PAQR3|DAB2IP|PHF20L1|PLK3|USP7|PRICKLE1|AURKA|PDCL3|AQP11|BAG6|RPS7|PSMC1|TAF9|PSMC2|CAMLG|PSMC3|PSMC4|PSMC5|PIAS1|PSMC6|PSMF1|CLU|RAD23A|RPL23|RAD23B|RCHY1|RFPL1|IL33|ALAD|RNF180|TAF1|RPL11|RYBP|AXIN1|SENP1|SH3RF1|SH3RF2|BCAP31|SH3RF3|TF|NOP53|LATS1|NUPR1|CCDC22|SOCS4|ECSCR|PARK7|PTEN|WNT10B|ELOB|PINK1|STYX|SUMO1|SUMO2|TLK2|GCLC|TRIB1|COMMD1|TRIB2|TRIB3|GPX1|TRIM39|N4BP1|NFE2L2|CSNK1D|DAB2|TTC36|UBE3A|VCP|UBXN1|USP14|USP26|XBP1|USP9X|GABARAPL2|PTK2|PTK2B|XPO1|ZER1|SGTA|ZFAND2A|ZNF418|GBA1|ZYG11B|AXIN2|PYHIN1|MTM1|CDKN2A|SHH|HERPUD1|CSNK2A1|RNF185|PRKACA|LAPTM5|LRRK2|SIRT2|EGF|APOE|CAV1|CAV3|NKD2|CCAR2|PRMT6|PSMD10|CDK5RAP3|UBE2K|BBS7|USP38|PLK1|HFE|PML|RACK1|CSNK2A2|L3MBTL3|DDRGK1|RNF139|TMX1|PRKCG|F8A1|F8A3|FBXW7|GABARAP|NFE2L1|SMAD7|SOCS5|FMR1|IKBKG|SIRT1|SMARCC1|USP5|OSBPL7|RNFT1|RNFT2|PSME1|PSME2|PSME3|SVIP|HSPA1A|UBQLN4|PSMD14|UCHL5|CTSC|TMEM259|TMTC3|RBX1|USP13|USP19|USP25|WFS1|SMURF1|DISC1|DNAAF4|EPHA4|HIPK2|KCNE2|OPHN1|CDK2|PITHD1|PSME3IP1|QRICH2|RHBDF1|STUB1|TGFB1I1|TMEM168|TRIM67|WNT1|MARCHF7|ARAF|TMF1|ATXN3|BAG2|UBQLN1|BAG5|UBQLN2|PRKN|UBXN2A|BTRC|UFL1|CDC20|TREM2|CDC20B|CHFR|HAMP|COP1|CSNK1E|UFSP2|CSNK2B|DDA1|WAC|DESI1|DET1|DNAJB2|DVL1|EIF3H|CEBPA|FBXO22|RPL5|FBXW8,https://www.gsea-msigdb.org/gsea/msigdb/human/geneset/GOBP_REGULATION_OF_PROTEOLYSIS_INVOLVED_IN_PROTEIN_CATABOLIC_PROCESS,238,ENR,GOBP_REGULATION_OF_PROTEOLYSIS_INVOLVED_IN_PROTEIN_CATABOLIC_PROCESS,1,4.0322580000000004E-3,GOBP_REGULATION_OF_PROTEOLYSIS_INVOLVED_IN_PROTEIN_CATABOLIC_PROCESS,FALSE,GOBP_REGULATION_OF_PROTEOLYSIS_INVOLVED_IN_PROTEIN_CATABOLIC_PROCESS
2,1.8468670406661301,1.8468670406661301,1.8468670406661301,0.98577235699999999,,9.3293600000000004E-2,,ZWINT|ABRAXAS2|ANKRD53|NEK2|AURKC|KAT5|BOD1|CCDC66|CENPQ|RAB11A|CENPC|CENPE|CEP55|CENPF|CHAMP1|CDC42|PINX1|CCNB1|CDK1|KIF14|DSN1|DYNC1H1|ECT2|EML3|EML4|FAM83D|CHMP1A|CHMP1B|CHMP2A|CHMP2B|GEM|CHMP3|CHMP4C|CHMP5|CHMP6|KIF18A|CHMP7|KIF22|KIF2C|KIFC1|KNSTRN|KPNB1|DCTN2|CDCA5|MAP1S|MAPRE1|NDC80|NUP62|NSL1|NUDC|SIRT1|PMF1|PSRC1|RAB24|RACGAP1|RCC2|SGO1|RMDN1|SPICE1|MEIOC|RRS1|SEPTIN1|KNTC1|SKA2|MIS12|SPAG5|HNRNPU|PDCD6IP|CHMP4A|CHMP4B|RB1|TTL|TRAPPC12|KNL1|SEH1L|KAT2B|BECN1|AURKB|MAD1L1|NUMA1|SKA1|SKA3|ZW10|CDT1|APC|CUL3|ABRAXAS1|CDC23|VPS4A|VPS4B|BIRC5|BUB3|CDCA8|PIBF1|INCENP|NUF2|SIRT2|SPC24|SPC25|SPDL1|TEX14|TTK|MLH1|ZNF207|ZWILCH,https://www.gsea-msigdb.org/gsea/msigdb/human/geneset/GOBP_METAPHASE_CHROMOSOME_ALIGNMENT,105,ENR,GOBP_METAPHASE_CHROMOSOME_ALIGNMENT,1,1.4227643E-2,GOBP_METAPHASE_CHROMOSOME_ALIGNMENT,FALSE,GOBP_METAPHASE_CHROMOSOME_ALIGNMENT
1,2.71432976660709,2.71432976660709,2.71432976660709,1,,1.1963701E-2,,MITD1|VPS28|VPS4A|VPS4B|LRSAM1|MVB12A|CHMP1A|NEDD4|CHMP1B|CHMP2A|CHMP2B|CHMP3|CHMP4C|VPS37A|CHMP5|VPS37B|CHMP6|VPS37C|CHMP7|VPS37D|MVB12B|PDCD6IP|CHMP4A|CHMP4B|TSG101,https://www.gsea-msigdb.org/gsea/msigdb/human/geneset/GOBP_VIRAL_BUDDING,25,ENR,GOBP_VIRAL_BUDDING,1,0,GOBP_VIRAL_BUDDING,FALSE,GOBP_VIRAL_BUDDING
1,1.8808135835949,1.8808135835949,1.8808135835949,0.98684210500000002,,7.9206319999999997E-2,,UBAC2|ZFAND2B|GET1|GET4|GLP1R|BCAP29|AKT1|BCAP31|VAPA|HSPA5|INSIG2|RAB10|BTF3|NACA|ANK2|CRYZL2P-SEC16B|RER1|YWHAE|DDRGK1|RAB3GAP1|RAB3GAP2|RYR2|SEC16A|SEC16B|FREY1|GPAA1|SEC61A1|SEC61A2|SEC61B|GABARAPL2|SEC61G|SEC62|SEC63|GBF1|SGTA|ZFAND2A|SGTB|PDIA2|SRP14|SRP19|SRP54|SRP68|SRP72|PPP1R15A|SRP9|SRPRA|SRPRB|RTN4|SSR3|ANKRD13C|EDEM1|INSIG1|KDELR1|KDELR2|HERPUD1|KDELR3|TRAM1|BAG6|TRAM1L1|TRAM2|STING1|UBL4A|MAN1A1|VPS54|OS9|CHMP4A|FKRP|CHMP4B|LRRK2|MIA2|MIA3|SPCS1|SPCS2|SPCS3,https://www.gsea-msigdb.org/gsea/msigdb/human/geneset/GOBP_PROTEIN_LOCALIZATION_TO_ENDOPLASMIC_RETICULUM,74,ENR,GOBP_PROTEIN_LOCALIZATION_TO_ENDOPLASMIC_RETICULUM,1,1.3157894999999999E-2,GOBP_PROTEIN_LOCALIZATION_TO_ENDOPLASMIC_RETICULUM,FALSE,GOBP_PROTEIN_LOCALIZATION_TO_ENDOPLASMIC_RETICULUM
27,2.0094508874602401,2.0094508874602401,2.0094508874602401,0.99021526400000004,,7.7618173999999998E-2,,HDAC4|UBE2I|CAPN3|SENP1|NSMCE1|NSMCE2|TRPM4|NSMCE3|NSMCE4A|PARK7|SUMO1|SUMO2|PIAS3|BCL11A|TOPORS|CBX4|STX1A|EGR1|EGR2|FSCB|HMG20A|TRIM38|HMG20B|CTNNB1|KIAA1586|PIAS4|SENP2|PML|NFATC2IP|SUMO4|RASD2|SENP5|RANBP2|SUMO3|TOLLIP|SMC5|UBA2|SMC6|UHRF2|ZMIZ1|ZMIZ2|EID3|MDM2|PIAS2|RWDD3|TRIM27|ZNF451|GNL3|GNL3L|HDAC7|SLF1|SLF2|RANGAP1|CDKN2A|ARNT|MUL1|RELA|TRIM28|RNF212|EYA1|PIAS1|IFIH1|ZBED1|SAE1|SENP6,https://www.gsea-msigdb.org/gsea/msigdb/human/geneset/GOBP_PROTEIN_SUMOYLATION,65,ENR,GOBP_PROTEIN_SUMOYLATION,1,9.7847360000000005E-3,GOBP_PROTEIN_SUMOYLATION,FALSE,GOBP_PROTEIN_SUMOYLATION
26,1.9858753788493999,1.9858753788493999,1.9858753788493999,0.98966942199999997,,7.8577179999999996E-2,,MAP3K10|ERBB2|PIK3CG|FGF2|ERN1|FGFR1|PIK3R6|MAP3K5|PIK3R5|TLR6|ELANE|PTPN1|MAP4K2|PDGFRB|CRIPTO|DIRAS1|TENM1|DIRAS2|S100A12|DRD4|FLT3|EZH2|FLT1|MAP3K11|PDGFB|FGF1|MAP3K7|PDCD10|ARHGEF5|FGF18|NEK10|RASGRP1|SASH1|TNF|MAP3K4|TPD52L1|TRAF6|TRAF2|MST1R|TAOK3,https://www.gsea-msigdb.org/gsea/msigdb/human/geneset/GOBP_POSITIVE_REGULATION_OF_MAP_KINASE_ACTIVITY,40,ENR,GOBP_POSITIVE_REGULATION_OF_MAP_KINASE_ACTIVITY,1,1.0330578E-2,GOBP_POSITIVE_REGULATION_OF_MAP_KINASE_ACTIVITY,FALSE,GOBP_POSITIVE_REGULATION_OF_MAP_KINASE_ACTIVITY
6,2.71432976660709,2.71432976660709,2.71432976660709,1,,1.9528226000000001E-3,,BCL2L11|UFL1|XBP1|ERN1|DNAJC10|DAB2IP|ERN2|PARP16|VAPB|AGR2|PTPN1|HSPA5|DDRGK1|TMBIM6|TMEM33|COPS5|BAK1|BAX|FICD|BBC3|DNAJB9|BFAR,https://www.gsea-msigdb.org/gsea/msigdb/human/geneset/GOBP_IRE1_MEDIATED_UNFOLDED_PROTEIN_RESPONSE,22,ENR,GOBP_IRE1_MEDIATED_UNFOLDED_PROTEIN_RESPONSE,1,0,GOBP_IRE1_MEDIATED_UNFOLDED_PROTEIN_RESPONSE,FALSE,GOBP_IRE1_MEDIATED_UNFOLDED_PROTEIN_RESPONSE
5,2.71432976660709,2.71432976660709,2.71432976660709,1,,1.3468849E-2,,HELQ|RHNO1|HMGA2|ATM|APLF|UVRAG|SMARCAL1|KDM4D|NSMCE2|KMT5B|KMT5C|MAD2L2|TOPBP1|MRE11|XRCC4|XRCC6|MRNIP|NBN|ZBTB7A|NSD2|NUDT16L1|PARP3|HMGB1|PLK1|PNKP|POLQ|POT1|SMC5|ASTE1|PRKDC|ERCC1|LIG3|ERCC4|RIF1|DCLRE1A|DCLRE1B|DCLRE1C|FH|RNF168|DNTT|RNF8|PRPF19|ERCC6L2|ACTR2|SETMAR|SHLD1|SHLD2|SHLD3|HMGB2|HSF1|AUNIP|ATP23|XRCC5|IFFO1|KDM2A|LIG4|SMCHD1|HMCES|CYREN|NHEJ1|DEK|TFIP11|TOP2B|TP53BP1|POLA1|POLB|POLL|POLM|ERCC6|ERCC8|PSMD14|USP51|WAS|WRAP53|XRCC1|MLH1,https://www.gsea-msigdb.org/gsea/msigdb/human/geneset/GOBP_DOUBLE_STRAND_BREAK_REPAIR_VIA_NONHOMOLOGOUS_END_JOINING,76,ENR,GOBP_DOUBLE_STRAND_BREAK_REPAIR_VIA_NONHOMOLOGOUS_END_JOINING,1,0,GOBP_DOUBLE_STRAND_BREAK_REPAIR_VIA_NONHOMOLOGOUS_END_JOINING,FALSE,GOBP_DOUBLE_STRAND_BREAK_REPAIR_VIA_NONHOMOLOGOUS_END_JOINING
4,2.71432976660709,2.71432976660709,2.71432976660709,1,,1.0870582E-3,,ARFGAP3|TRAPPC4|TRAPPC5|TRAPPC6A|TRAPPC6B|TRAPPC8|TRAPPC9|TRIP11|PDCD6|PEF1|WDR11|PPP6C|PREB|SNAP29|CEP19|AP1M2|YKT6|PSEN1|C17ORF75|CSNK1D|CLASP1|CLASP2|CUL3|SAR1A|SAR1B|NAGLU|EXOC3|EXOC7|SEC16A|EXOC1|FAM91A1|EXOC2|EXOC4|SCRIB|EXOC5|EXOC6|EXOC6B|IRAG2|EXOC8|GBF1|SNAP23|MAP4K2|NLGN1|KLHL12|WIPI1|TFG|SEPTIN5|TMED10|TMED2|STARD3|AP1AR|STARD3NL|TMED9|TRAPPC1|MAPK15|TRAPPC10|TRAPPC11|TRAPPC12|TRAPPC13|TRAPPC2|TRAPPC2B|TRAPPC2L|ARFGAP2|TBC1D23|TRAPPC3,https://www.gsea-msigdb.org/gsea/msigdb/human/geneset/GOBP_VESICLE_TARGETING,65,ENR,GOBP_VESICLE_TARGETING,1,0,GOBP_VESICLE_TARGETING,FALSE,GOBP_VESICLE_TARGETING
4,2.71432976660709,2.71432976660709,2.71432976660709,1,,2.0602306000000001E-2,,SEC16A|TRAPPC4|TRAPPC5|TRAPPC6A|TRAPPC8|PDCD6|PEF1|PPP6C|PREB|KLHL12|TFG|TMED10|TMED2|CSNK1D|TRAPPC1|CUL3|MAPK15|SAR1A|SAR1B|TRAPPC11|TRAPPC12|TRAPPC2|TRAPPC2B|TRAPPC2L|TRAPPC3,https://www.gsea-msigdb.org/gsea/msigdb/human/geneset/GOBP_VESICLE_TARGETING_ROUGH_ER_TO_CIS_GOLGI,25,ENR,GOBP_VESICLE_TARGETING_ROUGH_ER_TO_CIS_GOLGI,1,0,GOBP_VESICLE_TARGETING_ROUGH_ER_TO_CIS_GOLGI,FALSE,GOBP_VESICLE_TARGETING_ROUGH_ER_TO_CIS_GOLGI
10,2.2278866872418899,2.2278866872418899,2.2278866872418899,0.99408284000000002,,5.1793609999999997E-2,,CAV1|AGBL4|CAV3|NKD2|FZR1|PSMD10|HECTD1|AKT1|ATP5IF1|HSPA1B|HSPBP1|CBFA2T3|KEAP1|NEURL3|TRAF7|CDK5RAP3|GSK3A|BBS7|GSK3B|PSEN1|PLK1|RACK1|SIRT6|KLHL40|L3MBTL3|DDRGK1|RNF139|TMX1|MTOR|MAPK9|MDM2|FBXW7|NUB1|PABIR1|AGTPBP1|CSNK1A1|PAQR3|GABARAP|DAB2IP|PLK3|SMAD7|SOCS5|FMR1|IKBKG|SIRT1|PRICKLE1|USP5|AURKA|OSBPL7|RNFT1|RNFT2|BAG6|PSMC1|PSMC2|PSMC3|PSMC4|PSMC5|HSPA1A|PIAS1|CTSC|PSMC6|TMEM259|CLU|RAD23A|TMTC3|RCHY1|RFPL1|IL33|RBX1|RNF180|TAF1|USP13|AXIN1|WFS1|SH3RF1|SH3RF2|BCAP31|SH3RF3|TF|NOP53|NUPR1|SMURF1|CCDC22|SOCS4|ECSCR|PTEN|ELOB|DISC1|SUMO1|SUMO2|KCNE2|GCLC|TRIB1|STUB1|TGFB1I1|TRIB2|TRIB3|TRIM67|NFE2L2|CSNK1D|DAB2|ATXN3|BAG2|UBQLN1|UBQLN2|VCP|PRKN|UFL1|CDC20|TREM2|XBP1|CDC20B|CHFR|HAMP|PTK2|PTK2B|COP1|ZER1|SGTA|ZFAND2A|CSNK1E|GBA1|ZYG11B|AXIN2|DDA1|PYHIN1|DET1|DNAJB2|DVL1|CEBPA|HERPUD1|RNF185|LAPTM5|FBXO22|LRRK2|SIRT2|EGF|FBXW8,https://www.gsea-msigdb.org/gsea/msigdb/human/geneset/GOBP_POSITIVE_REGULATION_OF_PROTEOLYSIS_INVOLVED_IN_PROTEIN_CATABOLIC_PROCESS,138,ENR,GOBP_POSITIVE_REGULATION_OF_PROTEOLYSIS_INVOLVED_IN_PROTEIN_CATABOLIC_PROCESS,1,5.9171600000000003E-3,GOBP_POSITIVE_REGULATION_OF_PROTEOLYSIS_INVOLVED_IN_PROTEIN_CATABOLIC_PROCESS,FALSE,GOBP_POSITIVE_REGULATION_OF_PROTEOLYSIS_INVOLVED_IN_PROTEIN_CATABOLIC_PROCESS
,2.0746336508689902,2.0746336508689902,2.0746336508689902,0.99157894800000002,,5.8967276999999998E-2,,OSBPL5|PITPNB|ABCA7|P2RX7|ATG9A|OSBP|ATG9B|OSBPL10|OSBPL8|MTTP|ANO3|ANO4|ANO7|ANO9|ATP10A|ATP10D|ATP11A|SLC4A1|ATP11B|ATP11C|TMEM30A|ATP8A1|TMEM30B|ATP8A2|ATP8B1|ATP8B2|ATP8B3|ATP8B4|C2CD2L|CLPTM1L|ESYT1|GLTP|GLTPD2|OSBPL2|PCTP|PITPNA|PITPNC1|CPTP|PLEKHA8|PLSCR2|PLSCR5|PLTP|PRELID2|PRELID3A|PRELID3B|TMEM63B|XKR4|XKR6|XKR7|XKR8|XKR9|PITPNM1|PITPNM2|PITPNM3|PLA2G10|TRIAP1|VDAC2|SERINC3|ABCA3|CERT1|FASLG|APOA1|APOA2|APOA4|APOC1|APOC2|ATP9A|ATP9B|PLSCR1|VAPA|CETP|DBI|XRCC4|SCARB1|SCP2|ABCA1|SERINC2|SERINC5|ATP10B|ABCB1|ABCG8|BLTP1|PLSCR4|TMEM41B|ETNPPL|ABCA4|NPC2|TNFAIP8L3|SPNS1|SCARB2|ABCA12|ABCC1|VMP1|KCNN4|SLC66A2|ANO6|ABCG1|PRELID1|ABCB4|PRAP1|LDLR|APOA5|APOC3|APOE|MFSD2A|TRPC5|PLSCR3,https://www.gsea-msigdb.org/gsea/msigdb/human/geneset/GOBP_PHOSPHOLIPID_TRANSPORT,107,ENR,GOBP_PHOSPHOLIPID_TRANSPORT,1,8.4210520000000001E-3,GOBP_PHOSPHOLIPID_TRANSPORT,FALSE,GOBP_PHOSPHOLIPID_TRANSPORT
,2.3847117261093702,2.3847117261093702,2.3847117261093702,0.99587628849999998,,4.5865174000000002E-2,,SLC6A12|SLC6A14|SLC6A20|SLC38A2|SLC7A6|SLC22A2|SLC25A20|SLC44A4|PDZK1|SLC25A29|SLC22A4|SLC22A16|SLC22A5|SLC22A3|SLC16A9|SLC25A19|SLC22A1|SLC22A15,https://www.gsea-msigdb.org/gsea/msigdb/human/geneset/GOBP_QUATERNARY_AMMONIUM_GROUP_TRANSPORT,18,ENR,GOBP_QUATERNARY_AMMONIUM_GROUP_TRANSPORT,1,4.1237115000000001E-3,GOBP_QUATERNARY_AMMONIUM_GROUP_TRANSPORT,FALSE,GOBP_QUATERNARY_AMMONIUM_GROUP_TRANSPORT
8,2.3838154085412899,2.3838154085412899,2.3838154085412899,0.99586776899999996,,3.7773274000000003E-2,,ADRB2|CFL1|NES|VIL1|FYCO1|PPP1CA|UVRAG|AURKB|SMCR8|PDXP|CARMIL1|SLN|CARMIL2|CFL2|WDR1|F2RL1|PLEK|SETX|SPAST|DSTN|STMN2|CALCOCO2|ACTN2|EIF5A2|EIF5AL1|PPP1R10|SEMA5A|BNIP3|IGF1R|EIF5A|KATNB1|JMJD4|WASHC2C|INSR|TNF|WNK1|TOM1|TRPV4|IRGM|CRACD,https://www.gsea-msigdb.org/gsea/msigdb/human/geneset/GOBP_POSITIVE_REGULATION_OF_PROTEIN_CONTAINING_COMPLEX_DISASSEMBLY,40,ENR,GOBP_POSITIVE_REGULATION_OF_PROTEIN_CONTAINING_COMPLEX_DISASSEMBLY,1,4.1322310000000001E-3,GOBP_POSITIVE_REGULATION_OF_PROTEIN_CONTAINING_COMPLEX_DISASSEMBLY,FALSE,GOBP_POSITIVE_REGULATION_OF_PROTEIN_CONTAINING_COMPLEX_DISASSEMBLY
2,2.71432976660709,2.71432976660709,2.71432976660709,1,,1.5691843E-2,,NEK2|HSPA1B|NSMCE2|ARHGEF10|CENPC|CENPE|CCDC61|CENPF|RAN|CDC42|CENPI|PINX1|CDK5RAP2|CENPK|CCNB1|CDK1|KIF14|PRDM9|CEP192|DLGAP5|SMARCA5|SMC3|KIF11|TERF1|KIF15|KIF25|MAP9|NDC80|NUP62|OFD1|PPP1CC|UBE2B|WAPL|PRICKLE1|AURKA|SGO1|SPICE1|KNTC1|BAG6|MIS12|CHMP4A|CHMP4B|RB1|SEH1L|LATS1|PTEN|LSM14A|RHOA|UBE2C|CUL3|DYNC1LI1|USP44|ABRAXAS1|ACTB|ACTL6A|ACTL6B|ACTR2|ARID1A|ARID1B|ARID2|GOLGA2|RIPOR2|BCL7A|BCL7B|BCL7C|BRD7|BAZ1B|BIRC5|BUB1B|KATNB1|BUB3|CDCA8|DPF1|DPF2|ESPL1|DPF3|HASPIN|HECW2|INCENP|LCMT1|MAD2L1|NEK6|AKAP8L|NUF2|PSMG2|SIRT2|RIOK2|MAPK15|SPC24|SPC25|SPDL1|TACC3|FMN2|TEX14|TTK|ZNF207|TENT4A|ZWILCH|ZWINT|AAAS|POLDIP2|ABRAXAS2|ACTR3|AGO4|AKAP8|C9ORF78|INO80|ANKRD53|ASPM|AURKC|BCCIP|KAT5|BOD1|CCDC66|CCNB2|KMT5A|CCNE1|CCNE2|CCSAP|MAD2L2|CENPQ|RAB11A|CEP55|CEP97|CHAMP1|MRE11|DIS3L2|DRG1|DSN1|DYNC1H1|ECT2|EML3|SIRT7|EML4|CHEK2|FAM83D|CHMP1A|CHMP1B|CHMP2A|FLNA|PBRM1|CHMP2B|GEM|CHMP3|CHMP4C|PHF10|CHMP5|HORMAD1|CHMP6|KIF18A|PLK1|CHMP7|KIF18B|KIF22|KIF23|RANGRF|KIF2A|KIF2C|KIF4A|KIF4B|KIFC1|KLHDC8B|CLASP1|KNSTRN|CLASP2|KPNB1|BRIP1|M1AP|C14ORF39|KLHL22|MAEL|DCTN2|MAP10|CDCA5|MAP1S|MAPRE1|RMI2|MEIKIN|PPP2R1A|DMC1|MISP|MAP3K20|MYBL2|MZT1|NDC1|NSL1|FANCD2|KIF3B|NUDC|GEN1|NUSAP1|P3H4|SIRT1|PHF13|PMF1|SMARCA2|SMARCA4|PRC1|SMARCB1|PSRC1|SMARCC1|PTTG1|SMARCC2|KASH5|PTTG2|SMARCD1|RAB24|SMARCD2|RACGAP1|SMARCD3|MAJIN|SMARCE1|RCC1|RCC2|MCMDC2|RMDN1|MEIOC|RRS1|SEPTIN1|SKA2|SMC1A|SPAG5|TEX15|NIPBL|SPATA22|SPDYA|STAG1|STAG2|TOP2B|STAG3|SUN1|HNRNPU|PDCD6IP|SYCE1|SYCE1L|SYCE2|HSPA1A|SYCP2|TEX12|RAD21|IK|TPX2|TTL|TTN|TRAPPC12|TUBB8|TUBG1|KNL1|REC8|TUBG2|ZCWPW1|KAT2B|WRAP73|ATM|ANKRD31|BECN1|BUB1|AURKB|MAD1L1|SPO11|MAD2L1BP|NCAPD2|NCAPD3|NCAPG|NCAPG2|TERB1|NCAPH|TERB2|NCAPH2|NUMA1|SKA1|TRIP13|SKA3|UHRF1|SMC2|SMC4|XRCC3|TPR|CDC6|ZW10|CDT1|ANAPC1|ANAPC11|ANAPC15|ANAPC2|ANAPC4|ANAPC5|ANAPC7|APC|DUSP1|EHMT2|CDC16|CDC20|FBXO5|PRP4K|CDC23|CDC27|CHFR|WASHC5|DCAF13|VPS4A|VPS4B|C1ORF146|DDB1|CCNB1IP1|IHO1|MEI4|MLH3|MND1|PRAP1|MSH4|MSH5|PIBF1|PSMC3IP|RNF212|RNF212B|SHOC1|SYCE3|SYCP1|TEX11|MLH1|TOP2A,https://www.gsea-msigdb.org/gsea/msigdb/human/geneset/GOBP_NUCLEAR_CHROMOSOME_SEGREGATION,322,ENR,GOBP_NUCLEAR_CHROMOSOME_SEGREGATION,1,0,GOBP_NUCLEAR_CHROMOSOME_SEGREGATION,FALSE,GOBP_NUCLEAR_CHROMOSOME_SEGREGATION
11,1.9216864720092499,1.9216864720092499,1.9216864720092499,0.98802395200000004,,7.1375040000000001E-2,,TEN1|ACD|DCLRE1B|TERF1|NABP2|TINF2|ATM|RTEL1|TNKS|TNKS2|USP7|MRE11|NBN|HNRNPD|TERF2|TERF2IP|CTC1|SPDYA|TFIP11|POT1|PRKDC|RAD50|SMG6|ERCC1|STN1|XRCC1|ERCC4,https://www.gsea-msigdb.org/gsea/msigdb/human/geneset/GOBP_TELOMERE_CAPPING,27,ENR,GOBP_TELOMERE_CAPPING,1,1.1976048E-2,GOBP_TELOMERE_CAPPING,FALSE,GOBP_TELOMERE_CAPPING
2,2.0773678968154101,2.0773678968154101,2.0773678968154101,0.99163179899999998,,7.2408169999999994E-2,,AAAS|POLDIP2|ABRAXAS2|INO80|NEK2|NEK7|ASPM|AURKC|BCCIP|CCDC66|CCDC69|HSPA1B|CCNB2|NCOR1|ARHGEF10|CCSAP|RAB11A|CCDC61|CEP97|DRG1|CEP192|DYNC1H1|EML3|CHEK2|CHMP1A|CHMP1B|CHMP2A|FLNA|CHMP2B|CHMP3|GPSM2|CHMP4C|HDAC3|CHMP5|CHMP6|PLK1|CHMP7|GTF2B|KIF23|RANGRF|KIF2A|KIF4A|KIF4B|HAUS1|KIFC1|SMC3|HAUS2|CLASP1|HAUS3|CLASP2|HAUS4|KPNB1|HAUS5|LZTS2|CEP63|HAUS6|HAUS7|HAUS8|MAP10|MAPRE1|MAPRE2|MAPRE3|KIF11|KIF15|PPP2R1A|MISP|MAP9|RPS3|MYBL2|NDC80|MZT1|TNKS|OFD1|KIF3B|PPP2R1B|PRICKLE1|PRC1|AURKA|KASH5|RACGAP1|SAC3D1|RCC1|SASS6|SPICE1|SEPTIN1|STIL|SKA2|SMC1A|SPAG5|STAG1|STAG2|STARD9|HNRNPU|PDCD6IP|CHMP4A|CHMP4B|HSPA1A|TPX2|RNF4|TUBB1|TUBB8|SENP6|TUBGCP2|TUBGCP3|TUBGCP4|TUBGCP5|TUBGCP6|WRAP73|AURKB|NUMA1|SKA1|PTEN|SKA3|UHRF1|LSM14A|RHOA|TPR|TUBB|CSNK1D|CDC20|FBXO5|ABRAXAS1|WASHC5|GOLGA2|DCAF13|RIPOR2|VPS4B|DDB1|BIRC5|CDCA8|PIBF1|INCENP|NEK6|MAPK15|MLH1|ZNF207|BCAS2,https://www.gsea-msigdb.org/gsea/msigdb/human/geneset/GOBP_SPINDLE_ASSEMBLY,137,ENR,GOBP_SPINDLE_ASSEMBLY,1,8.3682010000000005E-3,GOBP_SPINDLE_ASSEMBLY,FALSE,GOBP_SPINDLE_ASSEMBLY
,2.70156800047338,2.70156800047338,2.70156800047338,0.99801192849999998,,2.8542897000000001E-2,,GPBAR1|BMP4|GPR55|MYC|CCL3|HAND2|HCRTR1|HESX1|IAPP|LIF|LMO3|MAP3K12|CCR1|MARCO|WNK4|HTR2A|MTURN|NOX4|NECAB2|DLG1|NGF|CCR7|NPNT|NTRK1|OPRM1|OR2AT4|P2RY6|PDGFC|CAVIN3|PSCA|RAMP3|RAP1A|CD74|RAP1B|RAPGEF2|EIF3A|ROS1|PDGFRB|RPS6KA6|RRAS|SLC30A10|SPRED1|CD4|SPRED2|SPRED3|CDK1|PDGFA|SPRY3|PDGFB|SPRY4|THPO|PRKD2|TRAF7|GRB10|VRK3|ARRB2|WNK2|PTPRC|CRKL|PRXL2C|CSF1R|SPRY1|HMGB1|SPRY2|IGF1|CX3CL1|CARD9|ITGAV|CXCL17|EPHA2|SRC|CD36|CEACAM1|MT3|FGA|FGB|KARS1|GBP1|DDT|NAMPT|DAB2IP|DRD2|VEGFA|DUSP10|EMILIN1|PKHD1|ADRA1A|F2RL1|PLA2G2A|FPR2|GAS6|PLA2G5|BRAF|NOTCH2|NPY|GPR183|CIB1|ICAM1|CALCR|IL1B|SHC1|ERBB2|CCN1|EPO|FGFR2|ITGB3|EDN1|HRAS|ERBB4|ITGB1BP1|EPHA7|LGALS9|STYX|LYN|MIF|SIRT3|GPER1|NRG1|MFHAS1|ARHGAP8|PRKCA|CSK|TNF|DAB2|TRPV4|NF1|NLRP12|KDR|PDGFD|SEMA6A|TNFAIP8L3|XBP1|ABL1|MAP2K2|ACKR3|PTGER4|NDRG4|PTK2B|AGER|NELFE|PTPN1|PTPN2|PTPN6|S100A7|CHRNA10|EPHB1|TBC1D10C|CHRNA9|FGF1|FGF18|SIRPA|FSHR|SLAMF1|EGFR|SCIMP|TPBG|ZFP36L2|PRKCZ|BMP2|PIN1|EGF|JUN|PHB1|FGF10|FGF8|APOE|SYK|DUSP15|BTN2A2|SYNJ2BP|CD2AP|DUSP26|TIRAP|ANGPT1|DUSP29|TNFRSF11A|CHRNA7|DUSP4|CRYBA1|DUSP5|DUSP6|TNFSF11|DUSP7|ERRFI1|DUSP9|FN1|PYCARD|GPNMB|TNIP1|ZFP36L1|CFLAR|ABCA7|VEGFB|ATF3|NDRG2|FAM83D|PTPRR|PTPN11|TGFBR3|YWHAZ|PHB2|ZDHHC17|EPHB2|HMGCR|FBXW7|DDR2|SEMA7A|RGS14|NEK10|NRXN1|FBLN1|NOD1|RASGRP1|NOD2|F2R|GNAI2|CTSH|ALOX15|APOA1|RIPK2|ADORA2A|PDE8A|PDE8B|P2RY1|RANBP9|DUSP3|ACTA2|ADCYAP1|EPHA4|HAVCR2|AKAP12|HLA-DRB1|FFAR4|FGG|IQGAP3|CHI3L1|GSTP1|INHBA|MAP2K1|DUSP1|ARRB1|FLT4|SMAD4|NLRP6|PTPN22|TGFB1|NOTCH1|PRMT5|EZR|NPY5R|TREM2|FGF2|IL1A|FGFR4|NRP1|TLR4|IL26|PDGFRA|TLR9|HTR2B|HTR2C|ADIPOQ|NPSR1|APP|FGF23|NODAL|ARHGEF5|INPPL1|ALKAL1|ALKAL2|APELA|APIP|TEK|BMPER|C1QL4|CASR|C3ORF33|CCN2|NHERF1|CD44|KLF4|C5AR1|CNKSR3|DBNDD2|DENND2B|MAP2K7|DNAJC27|FLCN|DSTYK|MAPK1|CCL11|FAM3C|MAPK3|FBXO21|FERMT2|SERPINF2|ACE2|CCL19|FGF19|FGF20|FGFR3|CCL21|FRS2|SOX9|GAREM1|GCG|GCNT2|GLIPR2,https://www.gsea-msigdb.org/gsea/msigdb/human/geneset/GOBP_ERK1_AND_ERK2_CASCADE,308,ENR,GOBP_ERK1_AND_ERK2_CASCADE,1,1.9880714999999998E-3,GOBP_ERK1_AND_ERK2_CASCADE,FALSE,GOBP_ERK1_AND_ERK2_CASCADE
8,2.7050079566407099,2.7050079566407099,2.7050079566407099,0.99802761340000001,,1.1536118999999999E-2,,TRNT1|ATG12|ADAMTS4|ADAMTS5|MAP1B|PAFAH1B1|GABARAPL1|CDK1|COL6A1|PEX14|CKAP5|INSR|TRIM58|PIK3C3|PIK3R4|CTSS|PPP1CA|KLK5|EIF4E2|KLK7|FLOT1|RUBCNL|MMP7|GIGYF2|PLAAT1|WIPI2|PLAAT3|CECR2|IRAK3|KCNK13|ABCE1|DENR|DYRK3|DEDD2|EIF2D|GCN1|GTPBP2|HBS1L|KIF19|KIF9|DNASE2|KLC1|DNASE2B|MAP4|MCTS1|MRRF|MTRFR|CLN3|PELO|PLIN2|PLIN3|PTRH1|ETF1|RNF14|ACTN2|EXOG|RNF25|RRP7A|SAYSD1|SKIC2|SKIC3|FOXL2|TCF25|USP10|ARF6|VRK1|ZFAND1|GSPT1|GSPT2|MMP12|PRKCA|CLTC|TNF|TRPV4|SYNJ1|VCP|PYM1|EXOC8|GABARAPL2|GAK|GBF1|ARID1A|ARID2|ATR|GOLGA2|MFSD8|SCAF8|SKIC8|SUPT16H|PIK3CA|WASHC1|WASHC2C|SARM1|VPS54|ACIN1|NEK6|AKAP8L|TRAF2|ATXN7|AVIL|NAPA|C3|NSF|CTDNEP1|KAT5|CCSAP|NAV3|TRIM21|DNASE1L3|PNPLA2|KIF18A|PLK1|KIF18B|RACK1|KIF2A|KIF2C|MAP1S|MAPRE2|DNAJC17|LRP1|DDR2|SMAD7|TGFB3|HSPA2|SMARCA4|SMARCB1|SMARCC1|SMARCC2|SPAST|SPTBN5|SMARCD1|SMARCD2|SMARCD3|SPTBN1|SMARCE1|C1QA|C1QB|C1QC|STX17|STX5|UBQLN4|HSPA8|TPX2|TAOK1|TMOD3|APAF1|UVRAG|AURKB|VTI1B|DUSP3|EPHA4|FAP|CIDEA|FURIN|EIF5A|APC|DFFA|APC2|DFFB|PIK3R1|ASCC2|ASCC3|CRACD|PPP1R9B|STAT3|TGFB1|TREM2|FGFR4|STMN1|GATA5|LIMA1|ADAM10|ADAM8|ADD2|SEMA5A|FAF2|ASB2|IL6|DDIT4|PRSS1|PRSS2|MYC|CFL1|VIL1|NMNAT1|ATAD2|ATAD2B|SETX|KIF14|PPP1R10|KLHDC10|PRKAA2|HPN|CTSG|CX3CL1|GRWD1|CX3CR1|H2AC25|LTN1|MAP1A|NEMF|PEX10|PEX12|DPP4|PLK3|ELANE|EPS8|PRICKLE1|F2RL1|AURKA|SHFL|ZMPSTE24|BAX|FER|HMGA1|BNIP3|BOK|TFIP11|NFE2|CHMP4A|CHMP4B|CIB1|DMTN|RPL23|RCHY1|IL1B|SET|ACVR1C|ADAM15|ADAMTS15|SSRP1|ADD1|ADD3|ADGRB3|APEH|ASPH|BBOF1|BLCAP|UPF1|BMERB1|C1QL1|CAMSAP2|ITGB1|CAPG|CAPN10|CAPZA1|CAPZA2|CAPZA3|CAPZB|CARMIL1|CARMIL2|ENDOG|CCDC88C|ITGAM|CFL2|CKAP2|CST3|CTSV|DKK1|DNAJC6|DSTN|EEF2K|EIF5A2|EIF5AL1|FGF13|FLII|FSCN1|MMP3|GAS2L1|GAS2L2|MMP14|GPER1|GSN|MMP2|HDGFL3|HEMK1|HDAC6|IGF1R|DICER1|IQSEC1|JMJD4|KIF21A|KIF24|KLK4|LAMC1|LCP1|TRIP4|LMOD1|LMOD2|ELAC1|LMOD3|NEDD9|MAP4K4|MELTF|MICAL1|MICAL2|MICAL3|IRGM|MID1|MID1IP1|MMP1|MMP10|RDX|MMP11|MMP13|MMP15|MMP19|MMP20|MTPN|NEMP1|MYLK3|PLG|PRKCB|NAPB|NCKAP5|NCKAP5L|NES|NGEF|NOXO1|OGFOD1|PBXIP1|PLEKHH2|PLXNC1|ERN2|RECK|RSPH6A|SCAF4|RAC1|SCIN|ZNF598|RAC2|SH3BP1|SH3PXD2B|HSF1|SLN|MMP9|SNAI2|SPECC1L|SPEF1|SPTA1|SPTAN1|SPTB|SPTBN2|SPTBN4|STMN2|STMN3|STMN4|ENG|STON1|SVIL|TGFBR1|TIMP3|TMOD1|TMOD2|TMOD4|TMPRSS6|TPSAB1|TRIM54|KATNB1|TRIOBP|TTBK2|TWF1|TWF2|VANGL2|VILL|WDR47|WNK1|PEX5|PIF1|SWAP70|TGFB2|ADRB2|AFG2B|PDXP|ANKZF1|ATG5|WDR1|ATP2A2|CALCOCO2|CALM1|SHARPIN|CDK5RAP3|CHMP1A|CHMP1B|CHMP2A|CHMP2B|CHMP3|CHMP4C|CHMP5|CHMP6|CHMP7|CLEC16A|CTSK|DDRGK1|DIAPH3|CLASP1|CLASP2|DCTN1|ELP6|EPG5|FYCO1|GABARAP|KIF5B|LAMP2|LIX1|LIX1L|DDR1|MAP1LC3A|MAP1LC3B|MAP1LC3B2|MAP1LC3C|MCOLN1|PEX2|PHF23|IST1|GFM2|ATG14|BECN1|RUBCN|SMCR8|CHKA|SNAP29|SNAPIN|PDPN|SNX14|PLEK|ABCC8|ARHGEF2|TBC1D25|TECPR1|TMEM39A|TOM1|MRPL58|TSG101|UBQLN1|UFL1|VAMP8|VIPAS39|CMA1|VMP1|VPS16|UFSP2|VPS33A|VPS33B|VPS4A|VPS4B|MTIF2|VTA1|MTIF3|MTRF1|MMP8|MTRF1L|MTRES1|LPIN1|PRKAA1|TOP2A,https://www.gsea-msigdb.org/gsea/msigdb/human/geneset/GOBP_CELLULAR_COMPONENT_DISASSEMBLY,456,ENR,GOBP_CELLULAR_COMPONENT_DISASSEMBLY,1,1.9723865999999998E-3,GOBP_CELLULAR_COMPONENT_DISASSEMBLY,FALSE,GOBP_CELLULAR_COMPONENT_DISASSEMBLY
2,2.71432976660709,2.71432976660709,2.71432976660709,1,,2.1792458000000001E-2,,NEK2|NEK7|DLG1|HSPA1B|NCOR1|ARHGEF10|CENPE|CCDC61|RAN|CENPH|CEP120|CCNB1|CEP192|PKD1|CEP72|DLGAP5|CHD3|SUN2|CKAP5|TACC1|GTF2B|TACC2|HAUS1|SMC3|HAUS2|HAUS3|HAUS4|HAUS5|CEP63|HAUS6|HAUS7|HAUS8|KIF11|KIF15|MAP9|NDC80|TNKS|NUP62|OFD1|PLK3|PDE4DIP|PLK2|PRICKLE1|POC1A|AURKA|SAC3D1|SASS6|SPICE1|STIL|WDR62|GNAI1|CHMP4A|CHMP4B|RNF4|SENP6|SUGT1|MAP4|PTEN|LSM14A|RHOA|INTS13|CLTC|MYH9|CSNK1D|VCP|ABRAXAS1|GOLGA2|AUNIP|RIPOR2|SBDS|BIRC5|CDCA8|ESPL1|INCENP|BORA|NEK6|NUF2|MAPK15|SPC25|TACC3|TTK|ZNF207|BCAS2|AAAS|POLDIP2|ABRAXAS2|INO80|ANKRD53|AFG2B|ASPM|AURKC|BCCIP|CCDC66|CCDC69|CEP126|CCNB2|DCTN6|EFHC1|EML1|CCSAP|FAM110A|FSD1|KIZ|PTPA|RAB11A|RAE1|TBCE|TRIM36|CEP97|DRG1|DYNC1H1|EML3|CHEK2|CHMP1A|PARP3|CHMP1B|CHMP2A|FLNA|CHMP2B|CHMP3|GPSM2|CHMP4C|HDAC3|CHMP5|CHMP6|PLK1|CHMP7|KIF23|RANGRF|KIF2A|KIF4A|KIF4B|KIFC1|CLASP1|KNSTRN|CLASP2|KPNB1|LZTS2|DCTN1|DCTN2|MAP10|MAP1S|MAPRE1|MAPRE2|MAPRE3|PPP2R1A|MISP|RPS3|MYBL2|MZT1|NTMT1|KIF3B|NUDC|LIMK2|PPP2R1B|PRC1|PSRC1|SPAST|KASH5|RACGAP1|RCC1|RGS14|RMDN1|SEPTIN1|SKA2|SMC1A|SPAG5|PLK5|STAG1|STAG2|STARD9|HNRNPU|PDCD6IP|HSPA1A|TPX2|TUBB1|TUBB8|TUBG1|TUBG2|TUBGCP2|ILK|TUBGCP3|TUBGCP4|TUBGCP5|TUBGCP6|WRAP73|UVRAG|ATRX|AURKB|NUMA1|PCNT|SKA1|SKA3|UHRF1|TPPP|TPR|TUBB|CDC20|EZR|FBXO5|STMN1|WASHC5|DCAF13|VPS4B|DDB1|PIBF1|MLH1,https://www.gsea-msigdb.org/gsea/msigdb/human/geneset/GOBP_SPINDLE_ORGANIZATION,207,ENR,GOBP_SPINDLE_ORGANIZATION,1,0,GOBP_SPINDLE_ORGANIZATION,FALSE,GOBP_SPINDLE_ORGANIZATION
21,2.71432976660709,2.71432976660709,2.71432976660709,1,,1.3008810000000001E-2,,TAF1|TAF11|TAF13|TAF1B|TAF1C|TAF1L|TAF3|TAF4B|TAF7L|TAF8|TBP|BAZ2A|BDP1|THRA|BRF1|BRF2|CAND1|UBTF|WNT10B|CREB1|HMGB1|DR1|GTF2A1|GTF2A2|GTF2B|MED1|MED10|MED11|MED14|MED15|MED16|MED17|MED18|MED19|MED20|MED21|MED22|MED23|MED24|MED25|MED26|MED27|MED28|MED29|MED30|MED31|MED4|MED6|MED7|MED8|MED9|POLR1E|SMARCA4|ESR1|SMARCB1|TAF2|TAF4|TAF5|TAF10|TAF6|TAF12|TAF7|TP53|TAF6L|TAF9|NFKBIZ|PSMC6|RRN3,https://www.gsea-msigdb.org/gsea/msigdb/human/geneset/GOBP_TRANSCRIPTION_PREINITIATION_COMPLEX_ASSEMBLY,68,ENR,GOBP_TRANSCRIPTION_PREINITIATION_COMPLEX_ASSEMBLY,1,0,GOBP_TRANSCRIPTION_PREINITIATION_COMPLEX_ASSEMBLY,FALSE,GOBP_TRANSCRIPTION_PREINITIATION_COMPLEX_ASSEMBLY
3,2.71432976660709,2.71432976660709,2.71432976660709,1,,1.1238251E-3,,HIF1A|HK2|ADCY10|MTMR8|AKT1|ATP5IF1|ATG12|ATG2A|EPM2A|GSK3A|PRKAA2|MTOR|UCHL1|PIK3C3|PIK3R4|PIP4K2A|PIP4K2B|PIP4K2C|ATP13A2|TIGAR|TP53|BNIP3|WDR45|BNIP3L|WIPI1|CDK5|CDK5R1|DCN|DNM1L|NUPR1|CLN3|PINK1|FEZ1|SH3GLB1|HDAC6|NPC1|HTRA2|HUWE1|RAB3GAP1|RAB3GAP2|SPTLC1|SPTLC2|IRGM|KDR|EXOC1|ATP6V0C|EXOC4|EXOC8|GBA1|MOAP1|IL4|MTM1|HTT|MUL1|PIK3CA|CSNK2A1|PRKACA|PARL|LRRK2|LYPLA1|ZDHHC19|PIM2|POLDIP2|ADRB2|OPTN|AMBRA1|KAT5|ATG5|ATP6V0A1|ATP6V0A2|BAG3|ATP6V0B|C9ORF72|ATP6V0D1|CALCOCO2|ATP6V0D2|SESN2|ATP6V0E1|CAPN1|ATP6V0E2|CAPNS1|ATP6V1A|CASP3|ATP6V1B1|CDC37|ATP6V1B2|CDK5RAP3|ATP6V1C1|CERS1|ATP6V1C2|ATP6V1D|ATP6V1E1|ATP6V1E2|ATP6V1G1|ATP6V1G2|ATP6V1H|CLEC16A|CSNK2A2|CTTN|DDRGK1|DELE1|EIF2AK1|ELAPOR1|SCFD1|EXOC7|FBXL4|FBXO7|FBXW7|SEC22B|FEZ2|FKBP8|ERN1|FYCO1|FZD5|GNAI3|GPSM1|HMOX1|HSPB8|SLC25A4|SLC25A5|IKBKG|SIRT1|TOMM7|LARP1|LRSAM1|LZTS1|USP30|MAP3K7|MAPK8|VPS13D|VPS35|NEDD4|NOD1|STING1|NOD2|NRBP2|PAFAH1B2|PHF23|UBQLN4|PPTC7|QSOX1|RALB|RBX1|RHEB|ATG14|RIPK2|BECN1|RNF31|RNF41|UVRAG|RUBCN|RUFY4|SCOC|SESN1|SESN3|SMCR8|VPS13C|SNX18|SNX30|SNX32|SNX4|SNX5|SNX6|SNX7|SREBF1|SREBF2|STUB1|SUPT5H|TBC1D25|TBK1|TECPR1|TMEM39A|TOM1|TRIM13|TRIM32|TSC1|TSC2|EHMT2|TSPO|UBE2A|UBQLN1|UBQLN2|PRKN|UFL1|ULK1|USP36|VDAC1|VPS26A|VPS26B|WAC|WDR24|MAPK3|GAPDH,https://www.gsea-msigdb.org/gsea/msigdb/human/geneset/GOBP_REGULATION_OF_MACROAUTOPHAGY,193,ENR,GOBP_REGULATION_OF_MACROAUTOPHAGY,1,0,GOBP_REGULATION_OF_MACROAUTOPHAGY,FALSE,GOBP_REGULATION_OF_MACROAUTOPHAGY
2,2.71432976660709,2.71432976660709,2.71432976660709,1,,5.5159804999999999E-3,,NEK2|HSPA1B|NSMCE2|ARHGEF10|CENPC|CENPE|CCDC61|CENPF|RAN|CENPI|PINX1|CDK5RAP2|CENPK|CCNB1|CDK1|KIF14|CEP192|DLGAP5|SMARCA5|SMC3|KIF11|KIF15|KIF25|MAP9|NDC80|NUP62|OFD1|PPP1CC|WAPL|PRICKLE1|SPICE1|KNTC1|MIS12|CHMP4A|CHMP4B|RB1|SEH1L|LSM14A|RHOA|UBE2C|CUL3|DYNC1LI1|USP44|ABRAXAS1|GOLGA2|RIPOR2|BAZ1B|BIRC5|BUB1B|KATNB1|BUB3|CDCA8|ESPL1|HASPIN|INCENP|LCMT1|MAD2L1|AKAP8L|NUF2|PSMG2|SPC24|SPC25|SPDL1|TEX14|TTK|ZNF207|TENT4A|ZWILCH|ZWINT|AAAS|POLDIP2|ABRAXAS2|AKAP8|INO80|ANKRD53|AURKC|BCCIP|KAT5|BOD1|CCDC66|KMT5A|CCSAP|MAD2L2|RAB11A|CEP55|CEP97|CHAMP1|DIS3L2|DRG1|EML3|EML4|CHEK2|CHMP1A|CHMP1B|CHMP2A|FLNA|CHMP2B|CHMP3|CHMP4C|CHMP5|CHMP6|KIF18A|PLK1|CHMP7|KIF18B|KIF22|KIF23|RANGRF|KIF2A|KIF2C|KIF4A|KIF4B|KIFC1|CLASP1|KNSTRN|CLASP2|KPNB1|KLHL22|DCTN2|MAP10|CDCA5|MAPRE1|PPP2R1A|MISP|MYBL2|MZT1|NSL1|KIF3B|NUDC|GEN1|NUSAP1|SIRT1|PHF13|PRC1|PSRC1|RACGAP1|RCC1|RMDN1|RRS1|SKA2|SMC1A|SPAG5|NIPBL|STAG1|STAG2|HNRNPU|PDCD6IP|HSPA1A|RAD21|IK|TPX2|TTN|TUBG1|KNL1|TUBG2|KAT2B|WRAP73|ATM|BECN1|BUB1|AURKB|MAD1L1|MAD2L1BP|NCAPD2|NCAPD3|NCAPG|NCAPG2|NCAPH|NCAPH2|NUMA1|SKA1|TRIP13|SKA3|UHRF1|SMC2|SMC4|XRCC3|TPR|ZW10|CDT1|ANAPC11|ANAPC15|ANAPC5|ANAPC7|APC|DUSP1|CDC16|CDC20|FBXO5|PRP4K|CDC23|VPS4A|VPS4B|PRAP1|PIBF1,https://www.gsea-msigdb.org/gsea/msigdb/human/geneset/GOBP_MITOTIC_SISTER_CHROMATID_SEGREGATION,195,ENR,GOBP_MITOTIC_SISTER_CHROMATID_SEGREGATION,1,0,GOBP_MITOTIC_SISTER_CHROMATID_SEGREGATION,FALSE,GOBP_MITOTIC_SISTER_CHROMATID_SEGREGATION
6,2.0977777310649302,2.0977777310649302,2.0977777310649302,0.99201596800000003,,6.3924209999999995E-2,,USP25|WFS1|AKT1|AKT2|ABCA7|NR1H2|NR1H3|HSPA5|PDX1|PARK7|ATF6B|DNAJB9|SYVN1|CREB3L1|CREB3|CREBRF|RACK1|DDRGK1|GRINA|BFAR|PRKN|UBXN2A|UBXN1|UFL1|USP14|XBP1|AKT3|NCK1|NCK2|SGTA|ATAD3A|IKBKG|PTPN1|PPP1R15A|PPP1R15B|ALOX5|HYOU1|BCL2L1|AQP11|SELENOS|HERPUD1|SVIP|OPA1|HSPA1A|LRRK2|LPCAT3|TMBIM6|CLU|TXNDC12,https://www.gsea-msigdb.org/gsea/msigdb/human/geneset/GOBP_NEGATIVE_REGULATION_OF_RESPONSE_TO_ENDOPLASMIC_RETICULUM_STRESS,49,ENR,GOBP_NEGATIVE_REGULATION_OF_RESPONSE_TO_ENDOPLASMIC_RETICULUM_STRESS,1,7.9840320000000003E-3,GOBP_NEGATIVE_REGULATION_OF_RESPONSE_TO_ENDOPLASMIC_RETICULUM_STRESS,FALSE,GOBP_NEGATIVE_REGULATION_OF_RESPONSE_TO_ENDOPLASMIC_RETICULUM_STRESS
14,2.6910814660653002,2.6910814660653002,2.6910814660653002,0.99796333999999998,,4.4163993999999998E-2,,B3GALT5|FUT8|FUT2|FUT4|FUT3|FUT7|FUT6|FUT9|ST3GAL3|B4GALT1|ST3GAL2|MPDU1|ST3GAL6|FUT1|ST6GALNAC1|ST6GALNAC5|ST6GALNAC6|B3GALT1|B4GALNT2|ST3GAL4|MGAT2|B3GALNT1|B3GALT2|B3GALT4,https://www.gsea-msigdb.org/gsea/msigdb/human/geneset/GOBP_OLIGOSACCHARIDE_BIOSYNTHETIC_PROCESS,24,ENR,GOBP_OLIGOSACCHARIDE_BIOSYNTHETIC_PROCESS,1,2.03666E-3,GOBP_OLIGOSACCHARIDE_BIOSYNTHETIC_PROCESS,FALSE,GOBP_OLIGOSACCHARIDE_BIOSYNTHETIC_PROCESS
2,2.3864989529343998,2.3864989529343998,2.3864989529343998,0.9958932237,,2.6410929999999999E-2,,NABP2|FZR1|IER3|NPM2|DLG1|AKT1|NSMCE2|SDE2|CENPE|BID|CENPF|PINX1|CDK5RAP2|CCNB1|CDK1|KIF14|APPL1|APPL2|PKD1|PPP2CA|RAD17|KLHL18|DLGAP5|RGCC|SENP2|RPTOR|SLFN11|MDM2|TFDP1|TICRR|PABIR1|NDC80|PLK3|PKD2|WEE1|AURKA|BCL2|SASS6|SYF2|STIL|KNTC1|GIGYF2|TP53|TFAP4|RRM2|PLCB1|RB1|CYP1A1|RFPL1|BRD4|E2F1|NOP53|PTEN|WNT10B|ERCC3|EZH2|ZNF830|TRIM39|INTS3|UBE2C|BARD1|CUL3|CDC73|DYNC1LI1|RDX|CPSF3|USP44|ABRAXAS1|ACTB|ACTL6A|ACTL6B|ARID1A|RNASEH2B|ARID1B|ARID2|ATR|PTPN6|BABAM1|BABAM2|LSM11|BCL7A|MBLAC1|BCL7B|BCL7C|BRCA1|BRCC3|BRD7|CDKN2A|TAOK2|CHEK1|CUL4A|BIRC5|BUB1B|BUB3|CDCA8|DPF1|DPF2|ESPL1|DPF3|EGFR|HASPIN|TREX1|ZC3H12D|HECW2|INCENP|LCMT1|ZFP36L2|MAD2L1|NEK6|CDC14B|NUF2|SIN3A|PSMG2|SIRT2|CTDSP1|RIOK2|CTDSP2|SPC24|SPC25|FGF10|SPDL1|TEX14|TTK|ZNF207|ZWILCH|ZWINT|BTN2A2|INO80|AMBRA1|GPNMB|ZFP36L1|CCNE1|CCNE2|MAD2L2|RAB11A|RRM1|RRM2B|MRE11|MRNIP|NBN|CCND1|CCNH|CDK4|CDK7|ACVR1|ADAMTS1|CDK5RAP3|ANLN|AVEN|PBRM1|CCND2|CCND3|CHMP4C|PHF10|BRSK1|CDC14A|CDC14C|PLK1|CDC25B|CDC25C|CDK10|EIF4G1|RINT1|STOX1|CDK2AP2|TERT|CDK3|PRKDC|CDK6|MNAT1|RAD50|CDKN1C|CDKN2B|CDKN2C|KLHL22|CDKN2D|CDCA5|CLSPN|CRLF3|CTDSPL|CUL4B|ECD|DACT1|FBXO7|DCUN1D3|DDR2|RPA2|DONSON|ETAA1|MAP3K20|FAM107A|FHL1|MBTPS2|FOXN3|FOXO4|GFI1B|GPR132|GEN1|HEXIM2|HSPA2|ID2|KANK2|KCNA5|KCNH5|SMARCA2|HUS1|KLF11|SMARCA4|HUS1B|MARK3|SMARCB1|SMARCC1|TRIAP1|INIP|MEPCE|SMARCC2|MIIP|SMARCD1|SMARCD2|SMARCD3|MTA3|SMARCE1|MTBP|MUC1|RCC2|MYO16|NAE1|NEK11|ORC1|NABP1|PBX1|PDIK1L|PKIA|PKMYT1|PLK5|PRMT2|PSME1|PSME2|PSME3|RBL1|RAD21|RBL2|UIMC1|IK|RPS27L|RAD51B|DDX3X|RAD51C|STK35|RBBP8|KNL1|TAOK1|TAOK3|RFWD3|TM4SF5|TMEM14B|ANKRD17|ATM|TMOD3|TPRA1|ATAD5|LSM10|UBD|BUB1|UBE2E2|AURKB|KMT2E|MAD1L1|MAD2L1BP|XPC|BLM|ZFYVE19|ZNF655|TOPBP1|SKA1|TRIP13|SKA3|XRCC3|TPR|CDC25A|CDC6|CDC7|CDK2|CDKN1A|ZW10|CDKN1B|DGKZ|ANAPC11|ANAPC15|CTC1|ANAPC4|ANAPC5|ANAPC7|DBF4B|APC|INHBA|PLRG1|DUSP1|E2F7|ERCC2|MBTPS1|PPP1R9B|TGFB1|CDC16|CDC20|FBXO5|PRP4K|CDC23|CHFR|GTPBP4|ADAM17|VPS4A|VPS4B|DDB1|WAC|AIF1|DTL|ANXA1|PRAP1|JADE1|CACNB4|KLF4|FBXO31|CCL2|TCF3,https://www.gsea-msigdb.org/gsea/msigdb/human/geneset/GOBP_REGULATION_OF_MITOTIC_CELL_CYCLE_PHASE_TRANSITION,325,ENR,GOBP_REGULATION_OF_MITOTIC_CELL_CYCLE_PHASE_TRANSITION,1,4.1067763E-3,GOBP_REGULATION_OF_MITOTIC_CELL_CYCLE_PHASE_TRANSITION,FALSE,GOBP_REGULATION_OF_MITOTIC_CELL_CYCLE_PHASE_TRANSITION
20,2.2270292807947998,2.2270292807947998,2.2270292807947998,0.99407114649999995,,6.9818839999999993E-2,,TRIM16|CARD18|CCL3|HK1|CD33|RIPK2|ERRFI1|FFAR1|TLR6|PYCARD|TNFAIP3|CCR7|CARD16|ACP5|P2RX7|LILRA2|ARG2|WNT5A|CLEC7A|LGALS9|ELF4|SERPINB1|AIM2|SPHK1|TYROBP|ARRB2|FFAR4|MEFV|EGR1|NLRP7|HMGB1|IGF1|NAIP|SMAD3|USP50|CX3CL1|CX3CR1|MYD88|CARD8|PML|CASP1|GSTP1|TNF|CASP8|NLRC4|STMP1|ISL1|JAK2|NLRP1|NLRP12|NLRP2B|CD36|NLRP3|LILRB4|FOXP1|HSPB1|STAT3|PANX1|TREM2|CPTP|FZD5|GHRL|GSDMD|TLR4|GHSR|TLR8|AGER|LILRA5|ZC3H12A|IFNG|F2RL1|PYDC1|APP|NLRP2|RELA|GBP5|ORM1|IL6|ORM2|AZU1|NOD1|NOD2|SIRPA|F2R|MALT1|IFI16|RAD21|CCL19|IL17A|LPL|S1PR3|INAVA|GIT1|TMEM106A|APOA1,https://www.gsea-msigdb.org/gsea/msigdb/human/geneset/GOBP_INTERLEUKIN_1_BETA_PRODUCTION,95,ENR,GOBP_INTERLEUKIN_1_BETA_PRODUCTION,1,5.9288535000000002E-3,GOBP_INTERLEUKIN_1_BETA_PRODUCTION,FALSE,GOBP_INTERLEUKIN_1_BETA_PRODUCTION
,2.71432976660709,2.71432976660709,2.71432976660709,1,,1.6936797999999999E-2,,THBS1|CCL3|C1QBP|CCL4|CCL5|CCL7|TNFRSF14|CCN3|P4HB|CCR1|TNFSF14|CCR2|TNFSF18|PYCARD|CCR6|AKT1|CCR7|CD200|CD200R1|CD47|CD69|WASL|CD81|WNT5A|CD9|XCL1|CD99L2|CMKLR1|CNN2|CREB3|CRK|CRKL|CSF1|CSF1R|HMGB1|CX3CL1|CX3CR1|CXCL10|CXCL12|CXCL13|CXCL17|CYP19A1|DDT|TMEM102|DEFB124|DEFB131A|DOCK8|ECM1|EMILIN1|FADD|FPR2|GAS6|GCSAM|GCSAML|PLA2G7|GPR15LG|GREM1|PLCB1|IL12A|IL34|ITGA4|LGALS3|ITGB3|JAM2|JAM3|KLRC4-KLRK1|KLRK1|LGALS9|LGMN|LRCH1|RHOA|LYN|MADCAM1|MDK|MIF|MMP14|MMP28|MOSPD2|CORO1A|MSN|MSTN|MTUS1|NBL1|TNF|TRPV4|NEDD9|NINJ1|DUSP1|OXSR1|P2RX4|P2RY12|PADI2|PDGFD|MED23|TGFB1|TREM2|ABL1|PTK2|PTK2B|AGER|PTPRJ|RARRES2|ABL2|ADAM10|ADAM17|RIPK3|ADAM8|RIPOR2|ADTRP|AIF1|RTN4|AIRE|S100A14|AKIRIN1|APP|S100A7|ANO6|APOD|IL27RA|ASCL2|SELENOK|BCR|SERPINE1|BMP5|SLAMF1|C3AR1|SLAMF8|C5|C5AR1|SLC8B1|WNK1|SLIT2|CALR|SPI1|MAPK1|SPN|MAPK3|SPNS2|STAP1|CCL2|STK10|CCL20|MIA3|STK39|CCL21,https://www.gsea-msigdb.org/gsea/msigdb/human/geneset/GOBP_REGULATION_OF_MONONUCLEAR_CELL_MIGRATION,145,ENR,GOBP_REGULATION_OF_MONONUCLEAR_CELL_MIGRATION,1,0,GOBP_REGULATION_OF_MONONUCLEAR_CELL_MIGRATION,FALSE,GOBP_REGULATION_OF_MONONUCLEAR_CELL_MIGRATION
10,2.71432976660709,2.71432976660709,2.71432976660709,1,,1.9043237000000001E-3,,UBR2|AKT1|HSPA1B|EPM2A|CBFA2T3|AKIRIN2|ARRB2|GSK3A|GSK3B|BIRC2|NHLRC1|CSNK1A1|DTX4|FBXL2|PLAA|RBCK1|ITCH|ADRM1|AXIN1|TF|NOP53|PARK7|ELOB|COMMD1|N4BP1|NFE2L2|CSNK1D|DAB2|CUL3|NPLOC4|VCP|PCBP2|PJA2|GBA1|AXIN2|RHOBTB3|SHH|CSNK2A1|CUL4A|RNF170|KLHL12|RNF34|VHL|KLHL20|ERCC8|LRRK2|SIRT2|SPSB3|NKD2|CCAR2|KAT5|KLHL15|TRIM3|FBXO38|UBE2K|UFD1|PELI1|USP38|PLK1|HFE|PML|RACK1|TBL1XR1|RNF139|KLHL22|RNF126|SMAD7|SOCS5|SIRT1|SKP2|SMARCC1|USP5|MTA1|TRIM28|UBE2N|HSPA1A|UBQLN4|PSMD14|UCHL5|IVNS1ABP|SEM1|CDK2|AGAP3|AMN1|ANAPC1|ANAPC10|ANAPC11|ANAPC13|ANAPC15|ANAPC16|ANAPC2|CTNNB1|ANAPC4|ANAPC5|ANAPC7|ANKRD9|APC|APC2|APPBP2|ARAF|ARIH2|ARMC8|ARRB1|ASB1|ASB11|ASB9|ASCC2|ASCC3|ATXN3|BAG2|BAG5|NAGLU|BFAR|PRKN|BMAL1|BTRC|CCIN|CCNF|FAF1|CDC16|FBXO4|CDC20|CDC20B|CDC23|CDC26|CDC27|CDC34|CHFR|HAMP|CLOCK|COP1|CRBN|CSNK1E|CSNK2B|CUL1|CUL2|CUL5|DCAF11|DCAF12|DCAF13|DDA1|DDB1|DERL1|DESI1|DET1|DNAJB2|DTL|DVL1|ECRG4|EIF3H|FAF2|FBXL13|FBXL14|CEBPA|FBXL15|ASB2|FBXL16|FBXL17|FBXL18|FBXL19|FBXL20|FBXL22|FBXL3|FBXL5|FBXL6|FBXL7|KCTD13|FBXO11|FBXO17|FBXO2|FBXO22|FBXO27|FBXO3|FBXO31|FBXO39|FBXO44|FBXO45|FBXO46|FBXO48|FBXO6|FBXO9|FBXW4|FBXW5|FBXW8|FEM1A|FEM1B|FEM1C|FHIT|FOXF2|FZR1|GAN|GID4|GID8|GIPC1|GLMN|GNA12|HECTD1|HECTD3|HERC2|HSP90AB1|HSPBP1|OGT|IFI27|IPP|KBTBD12|KBTBD2|KBTBD3|KBTBD6|KBTBD7|KBTBD8|KCMF1|KCTD10|KCTD17|KCTD2|KCTD5|KEAP1|KIF14|KLHDC1|KLHDC10|KLHDC2|KLHL1|KLHL10|KLHL11|KLHL17|KLHL18|KLHL2|KLHL21|PSEN1|KLHL23|KLHL24|KLHL28|KLHL29|KLHL30|KLHL35|KLHL38|KLHL4|SIRT6|KLHL40|KLHL41|KLHL42|KLHL5|KLHL6|KLHL7|KLHL8|LRRC75A|LTN1|MAEA|MAP1A|MAPK9|UCHL1|MARCHF6|TBX21|MDM2|NCCRP1|NEDD4L|NEMF|NHLRC3|NUB1|PABIR1|PABPN1L|TNFAIP1|PANO1|PAQR3|PCNP|PEX10|PEX12|PHF20L1|PLK3|PPP2R5C|UBE2B|PRAME|PRAMEF1|USP7|PRAMEF12|PRAMEF14|PRAMEF19|PRAMEF20|PRAMEF9|PRICKLE1|PSMA1|PSMA2|AURKA|PSMA3|PSMA4|PSMA5|PSMA6|PSMA7|PSMA8|PSMB1|PSMB10|PSMB2|PSMB3|PSMB4|PSMB5|PSMB6|PSMB7|BAG6|PSMB8|PSMB9|PSMC1|TAF9|PSMC2|CAMLG|PSMC3|PSMC4|PSMC5|PSMD1|PSMD11|PSMD12|PSMD13|PSMD2|PSMD3|PIAS1|PSMD4|PSMC6|PSMD6|PSMD7|PSMD8|PSMF1|RNF4|CLU|RAD23A|RAD23B|RCHY1|RFFL|RFPL1|RMND5A|IL33|RMND5B|RNF10|RNF122|RNF145|RNF180|RNF187|TAF1|RNF216|RNF7|RPL11|RYBP|SENP1|SH3BGRL|SH3RF1|DMAC2|SH3RF2|SH3RF3|SIAH1|SIAH2|SIAH3|SKP1|SMURF2|SOCS2|SOCS4|SOCS7|SPOP|SPOPL|WNT10B|SPSB1|SPSB2|SPSB4|STYX|SUMO1|SUMO2|SYVN1|TBL1X|TLK2|GCLC|TOPORS|TRAF4|TRIB1|TRIB2|TRIB3|TRIM2|TRIM26|TRIM38|TRIM39|TRIM45|TRIM71|TRIM72|TRIM9|TRIP12|TRIP4|TRPC4AP|TTC36|UBE2C|HUWE1|UBE2D1|UBE2D3|UBE2G1|UBE2H|UBE2S|UBE2U|UBE2W|UBE3A|UBE3D|UBE4B|UBR1|UBR3|UBR5|UBR7|UBXN1|UBXN11|UBXN7|USP14|USP26|USP44|USP9X|WDR26|WWP1|WWP2|WWTR1|XPO1|ZER1|ZFAND2A|ZNF418|ZNF598|ZSWIM8|ZYG11B|MTM1|ZFAND2B|PPP2CB|AFG2B|AMBRA1|PSMD10|ARMC5|SHARPIN|BBS7|CSNK2A2|DDRGK1|FBXL4|FBXO7|FBXW7|FBXW11|GABARAP|KLHL3|NSFL1C|RBX1|RNF186|SMURF1|DDIT3|STUB1|TRIM13|UBR4|UBE2A|UBXN2A|UBXN2B|UFL1|WAC|DCAF1|ZNRF1|ZNRF2|KLHDC3,https://www.gsea-msigdb.org/gsea/msigdb/human/geneset/GOBP_PROTEASOME_MEDIATED_UBIQUITIN_DEPENDENT_PROTEIN_CATABOLIC_PROCESS,451,ENR,GOBP_PROTEASOME_MEDIATED_UBIQUITIN_DEPENDENT_PROTEIN_CATABOLIC_PROCESS,1,0,GOBP_PROTEASOME_MEDIATED_UBIQUITIN_DEPENDENT_PROTEIN_CATABOLIC_PROCESS,FALSE,GOBP_PROTEASOME_MEDIATED_UBIQUITIN_DEPENDENT_PROTEIN_CATABOLIC_PROCESS
3,2.71432976660709,2.71432976660709,2.71432976660709,1,,1.394398E-2,,HIF1A|HK2|RIPK2|ADRB2|BECN1|OPTN|AMBRA1|DCN|RNF31|KAT5|UVRAG|RUFY4|SCOC|ATP5IF1|SESN1|SESN3|ATG2A|SMCR8|SNX18|EPM2A|SNX30|PINK1|SNX4|BAG3|C9ORF72|SNX7|CALCOCO2|SESN2|CDC37|CDK5RAP3|CERS1|STUB1|PRKAA2|SUPT5H|SH3GLB1|HDAC6|TBK1|TOM1|HUWE1|DDRGK1|DELE1|RAB3GAP1|TRIM13|RAB3GAP2|SPTLC1|TRIM32|SPTLC2|IRGM|TSC2|EIF2AK1|KDR|ELAPOR1|UBE2A|PRKN|FBXO7|UFL1|ULK1|FYCO1|GNAI3|PIP4K2A|VDAC1|GPSM1|PIP4K2B|PIP4K2C|HMOX1|HSPB8|SLC25A4|SLC25A5|GBA1|IKBKG|SIRT1|TOMM7|MOAP1|LARP1|IL4|WAC|LRSAM1|WDR24|HTT|MUL1|MAP3K7|VPS13D|CSNK2A1|BNIP3|WDR45|BNIP3L|NOD1|STING1|WIPI1|NOD2|PAFAH1B2|MAPK3|ZDHHC19|PIM2|RALB,https://www.gsea-msigdb.org/gsea/msigdb/human/geneset/GOBP_POSITIVE_REGULATION_OF_MACROAUTOPHAGY,95,ENR,GOBP_POSITIVE_REGULATION_OF_MACROAUTOPHAGY,1,0,GOBP_POSITIVE_REGULATION_OF_MACROAUTOPHAGY,FALSE,GOBP_POSITIVE_REGULATION_OF_MACROAUTOPHAGY
,2.4048337027225202,2.4048337027225202,2.4048337027225202,0.99606299200000004,,3.876918E-2,,ANGPTL4|ETFBKMT|FMO1|APOC1|FMO2|FMO4|ACADVL|KLHL25|DGAT2|SLC22A13|AKT1|NCOR1|SIRT1|UGT1A1|ACACB|UGT1A10|INSIG2|UGT1A4|UGT1A6|UGT1A7|UGT1A8|UGT1A9|CYP7A1|WDTC1|BRCA1|INSIG1|SIRT4|APPL2|PLIN5|TRIB3|ACADL|PIBF1|DCAF5|INS|ERLIN1|UGT1A3|ERLIN2|CEACAM1|UBR4|APOC3|SOX9|MFSD2A,https://www.gsea-msigdb.org/gsea/msigdb/human/geneset/GOBP_NEGATIVE_REGULATION_OF_FATTY_ACID_METABOLIC_PROCESS,42,ENR,GOBP_NEGATIVE_REGULATION_OF_FATTY_ACID_METABOLIC_PROCESS,1,3.9370079999999997E-3,GOBP_NEGATIVE_REGULATION_OF_FATTY_ACID_METABOLIC_PROCESS,FALSE,GOBP_NEGATIVE_REGULATION_OF_FATTY_ACID_METABOLIC_PROCESS
,2.7084209139887099,2.7084209139887099,2.7084209139887099,0.99804305289999995,,3.1009478E-2,,UBR2|FOXF2|FZR1|IFI27|C10ORF90|KBTBD2|KBTBD6|KBTBD7|KCMF1|TRAF7|BIRC2|TRIM58|KLHL42|CEP63|NHLRC1|MARCHF6|MDM2|NEDD4L|NHLRC3|TNKS|PEX10|TNKS2|PEX12|PARP10|UBE2B|PRAME|DTX4|DDB2|RNF111|MARCHF8|BCL2|GPS2|PLAA|RBCK1|TRIM8|RNF4|RFFL|RMND5A|SHPRH|ARK2C|CBFB|RNF180|DAW1|ITCH|RNF187|TAF1|DCAF15|RNF216|DZIP3|RNF7|FBXO28|HACE1|AXIN1|HECTD2|IRF2BP1|LNPEP|MARCHF1|MKRN1|MKRN3|PELI3|RNF114|RNF123|SKP1|RNF146|RNF166|RNF167|WDR77|RNF20|RNF6|SPOP|RUSC1|THOP1|TPP2|SPSB4|TTC3|UBE2D2|UBE2D4|RNF14|UBE2E1|RNF25|SYVN1|UBE2E3|UBE2L5|UBE2L6|TOPORS|UBE2NL|UBE2Q1|TCF25|UBE2Q2|MYCBP2|UBE2QL1|UBE2R2|TRIM2|UBE2T|TRIM26|UBE3B|HDAC6|TRIM38|UBE3C|NQO1|UBOX5|TRIM45|WSB1|TRIM71|WSB2|SASH1|ZFP91|ZNF738|TRIP12|ZSWIM2|TTC36|UBE2C|HUWE1|UBE2D1|UBE2D3|UBE2G1|UBE2H|BARD1|UBE2S|CUL3|UBE2U|UBE2W|UBE3A|NMI|UBE3D|UBE4B|UBR5|MARCHF5|PPIA|MAGEL2|WWP2|ZNF598|BRCA1|CDKN2A|MUL1|RNF115|RNF125|RNF135|RNF144A|UBE2O|RNF170|RNF185|RNF34|KLHL20|RNF39|NPEPPS|ERCC8|TRAF2|SPSB3|AMBRA1|UBE2J2|UBE2L3|TNFAIP3|TRIM55|AMFR|TRIM21|TRIM25|TRIM3|TRIM31|TRIM5|TRIM56|NBN|TRIM6|TRIM62|TRIM65|SHARPIN|FBXO38|PELI2|UBE2K|PELI1|BLMH|XIAP|RNF126|CUL4B|RNF168|FBXO7|RNF8|DTX3L|FBXW11|MGRN1|RC3H1|GABARAP|RC3H2|NFE2L1|SKP2|UBE2J1|KLHL3|LRSAM1|RNF152|RNF183|NEDD4|NOD2|CBL|UBE2N|UBE2V1|UBE2V2|TMEM129|DDX3X|RBX1|UBE2G2|UBE4A|RIPK2|RNF186|RNF213|RNF31|RNF41|RNF5|UBE2E2|RNF26|SMURF1|AKTIP|TRAF3IP2|ARRDC4|STUB1|ANAPC1|ANAPC10|ANAPC11|ANAPC13|ANAPC15|ANAPC16|ANAPC2|CTNNB1|MARCHF7|ANAPC4|ANAPC5|ANAPC7|ARIH2|TRAF6|TRIM32|ASB11|UBR4|PPIL2|UBE2A|BFAR|MKRN2|PRKN|AREL1|BTRC|PTPN22|CDC16|FBXO4|CDC23|CDC26|PRPF19|CDC27|NT5C2|CDC34|CHFR|HAMP|TRIM22|TRIM27|TRIM44|CUL1|CUL5|DDA1|WDR24|DTL|ZNRF1|ZNRF2|FBXL17|FBXL7|FBXO22|FBXO45|FBXO9,https://www.gsea-msigdb.org/gsea/msigdb/human/geneset/GOBP_PROTEIN_POLYUBIQUITINATION,264,ENR,GOBP_PROTEIN_POLYUBIQUITINATION,1,1.9569471000000001E-3,GOBP_PROTEIN_POLYUBIQUITINATION,FALSE,GOBP_PROTEIN_POLYUBIQUITINATION
13,2.2479732674475401,2.2479732674475401,2.2479732674475401,0.99435028250000002,,5.8988020000000002E-2,,AVPR1B|BTBD17|CD209|CCL5|CDHR3|CCL8|CLDN1|CLDN6|CLDN9|CLEC4M|HTR2A|CCR5|CTBP2|CTSB|CTSL|HSPA1B|CXCR6|HSP90AB1|DAG1|DDX56|IFI27|NUCKS1|DDX6|DYNLT1|EEF1A1|EFNB2|CD74|EFNB3|CD81|EIF2AK4|CH25H|CD4|FAM111A|CDK1|FKBP6|GRK2|GYPA|HACD3|HAVCR1|BANF1|HS3ST5|HMGB1|IFIT1|IFIT5|IFITM1|IFITM2|IFITM3|INPP5K|ISG20|INSR|ITGA5|ITGAV|ITGB5|ITGB6|EPHA2|JPT2|KPNA3|LAMP3|SMC5|SRC|CXCL8|LRRC15|SMC6|CXCR4|MITD1|MOG|CNOT7|PIK3C3|GBP7|MRC1|MYH10|IDE|NCAM1|NECTIN1|SRPK1|NFIA|SRPK2|NMT2|NUP153|PIKFYVE|DPP4|PC|PCBP1|PCSK5|EIF2AK2|PKN2|PPID|F11R|PROX1|RPSA|FBXL2|SERPINB3|SHFL|SIGLEC1|SLC10A1|SLC1A5|SLC20A2|BCL2|SLC38A8|SLC3A2|SLC52A1|SLC52A2|SLC6A19|SLC7A1|GAS6|OAS2|STAU1|GPR15|CAV2|TMPRSS2|TMPRSS4|TPCN1|CHMP4A|CHMP4B|IFI16|IFIH1|ICAM1|USP6NL|XPR1|YTHDC2|RAD23A|ZBED1|ZNF502|ZNF639|ARL8B|ITCH|ITGA2|SLPI|CXADR|PLSCR1|CCNK|ITGB1|ITGB3|ITGB7|LGALS9|LTF|SCARB1|MAVS|NECTIN3|TRIM38|N4BP1|NPC1|ADAR|ADARB1|MYH9|NECTIN4|SMPD1|TNF|AICDA|RAB7A|OAS3|OASL|VCP|EPS15|PCBP2|SCARB2|PPIA|PPIB|WWP1|WWP2|PVR|STOM|OAS1|PDE12|DEK|SELPLG|NECTIN2|LAMP1|RSAD2|VPS37A|VPS37B|SLAMF1|VPS37C|EGFR|VPS37D|RNASEL|CD55|MVB12B|PHB1|APOE|SPCS1|TARBP2|CAV1|HMGA2|TNFRSF14|BST2|P4HB|TNIP1|ATG16L1|ATG16L2|CD46|TRIM11|ATG5|CD80|TRIM15|TRIM21|CD86|TRIM25|APOBEC3A|CLEC4G|TRIM31|APOBEC3C|RAB1A|APOBEC3F|CR2|RAB1B|TRIM5|TRIM6|TRIM62|TYRO3|SIVA1|CHMP1A|CHMP1B|CHMP2A|CHMP2B|CHMP3|CHMP4C|CHMP5|CHMP6|CHMP7|ZC3HAV1|TFRC|DDX5|ZNFX1|CTBP1|LGALS1|RNASEK|FMR1|TNFRSF4|LARP1|SMARCB1|LRSAM1|MX1|MVB12A|NEDD4|TBC1D20|TOP2B|CBL|TRIM28|PDCD6IP|HSPA1A|DDX3X|ILF3|KIAA0319L|RAB43|UVRAG|AXL|VAPA|VAPB|CR1|CD28|HLA-DRB1|FURIN|PABPC1|TMEM39A|TMEM41B|CLEC5A|ISG15|PPIE|PPIH|TSG101|PRKN|HYAL2|NOTCH1|NR5A2|NRP1|VAMP8|IL32|TPCN2|KPNA6|CSNK2B|LAMTOR5|VPS18|VPS28|ZC3H12A|VPS4A|VPS4B|DDB1|ZFYVE1|AVP|BSG|LDLR|KPNA2|ACE2|AGTR1|CCL2|ANPEP|APOBEC3B|APOBEC3D|APOBEC3G|APOBEC3H|TOP2A|ARK2N,https://www.gsea-msigdb.org/gsea/msigdb/human/geneset/GOBP_VIRAL_LIFE_CYCLE,293,ENR,GOBP_VIRAL_LIFE_CYCLE,1,5.6497175E-3,GOBP_VIRAL_LIFE_CYCLE,FALSE,GOBP_VIRAL_LIFE_CYCLE
25,2.71432976660709,2.71432976660709,2.71432976660709,1,,5.7265034000000001E-4,,BRD4|BTBD18|KAT7|CCNK|CCNT1|CCNT2|CDK12|CDK13|EAPP|ELL|ELL2|ELL3|PPP1R10|GTF2F1|NCBP1|NCBP2|HMGN1|SUPT5H|CTNNB1|LDB1|MAP2K1|MED1|MED10|MED11|MED14|MED15|CDC73|MED16|CDK9|MED17|MED18|MED19|MED20|PARP1|MED21|MED22|MED23|MED24|MED25|MED26|MED27|MED28|MED29|MED30|MED31|MED4|MED6|PPP1CA|MED7|MED8|MED9|LEO1|PWWP2A|PWWP2B|SCAF8|SUPT16H|SUPT4H1|TOX4|WDR82|TCERG1|ZMYND8|ERCC6,https://www.gsea-msigdb.org/gsea/msigdb/human/geneset/GOBP_POSITIVE_REGULATION_OF_DNA_TEMPLATED_TRANSCRIPTION_ELONGATION,62,ENR,GOBP_POSITIVE_REGULATION_OF_DNA_TEMPLATED_TRANSCRIPTION_ELONGATION,1,0,GOBP_POSITIVE_REGULATION_OF_DNA_TEMPLATED_TRANSCRIPTION_ELONGATION,FALSE,GOBP_POSITIVE_REGULATION_OF_DNA_TEMPLATED_TRANSCRIPTION_ELONGATION
1,2.71432976660709,2.71432976660709,2.71432976660709,1,,2.2844186E-4,,BECN1|PIK3R4|HGS|VPS25|VPS28|SNF8|VPS36|VPS4A|VPS4B|VTA1|STAM|STAM2|MVB12A|CHMP1A|CHMP1B|CHMP2A|CHMP2B|CHMP3|CHMP4C|VPS37A|CHMP5|VPS37B|CHMP6|VPS37C|CHMP7|LEPROT|VPS37D|LEPROTL1|MVB12B|PTPN23|CHMP4A|TMEM50A|CHMP4B|TMEM50B|UBAP1|TSG101,https://www.gsea-msigdb.org/gsea/msigdb/human/geneset/GOBP_LATE_ENDOSOME_TO_VACUOLE_TRANSPORT,36,ENR,GOBP_LATE_ENDOSOME_TO_VACUOLE_TRANSPORT,1,0,GOBP_LATE_ENDOSOME_TO_VACUOLE_TRANSPORT,FALSE,GOBP_LATE_ENDOSOME_TO_VACUOLE_TRANSPORT
2,2.6830469956779899,2.6830469956779899,2.6830469956779899,0.99792531100000004,,2.5505412000000002E-2,,DLG1|AKT1|CCDC57|BID|CDK5RAP2|CCNB1|CDK1|APPL1|APPL2|PKD1|NDC80|PKD2|PLK2|SASS6|STIL|GIGYF2|TP53|RRM2|PLCB1|CYP1A1|BRD4|CTDP1|NOP53|LATS1|LATS2|PTEN|ERCC3|EZH2|GSPT1|INTS3|CUL3|DYNC1LI1|DNM2|ABRAXAS1|ACTB|ACTL6A|ACTL6B|ARID1A|RNASEH2B|ARID1B|ARID2|ATR|PTPN6|BABAM1|BABAM2|BCL7A|BCL7B|BCL7C|BRCA1|BRCC3|BRD7|CHEK1|CUL4A|BIRC5|BUB1B|BUB3|CDCA8|DPF1|DPF2|ESPL1|DPF3|EGFR|HASPIN|TREX1|ZC3H12D|HECW2|INCENP|LCMT1|ZFP36L2|MAD2L1|NEK6|NUF2|SIN3A|PSMG2|SIRT2|RIOK2|SPC24|SPC25|FGF10|SPDL1|TACC3|TEX14|FOXM1|TTK|POLE|ZNF207|ZWILCH|ZWINT|BTN2A2|INO80|GPNMB|CCNB2|CCNE1|PPP6C|CCNE2|MAD2L2|RAB11A|MRE11|MRNIP|NBN|ACVR1|ADAMTS1|ANLN|BCAT1|AVEN|PBRM1|CCND2|USP29|CCND3|PHF10|CDC14A|CDC14C|PLK1|CDC25B|CDC25C|CDK10|CDK14|RINT1|CDK2AP2|CDK3|PRKDC|CDK6|RAD50|CDKN1C|CDKN2B|CDKN2C|KLHL22|CDKN2D|CDCA5|CLSPN|CRLF3|CTDSPL|CUL4B|ECD|DACT1|DCUN1D3|DDR2|RPA2|DONSON|ETAA1|FAM107A|FHL1|FOXN3|FOXO4|GFI1B|GPR132|GEN1|HEXIM2|HINFP|HSPA2|ID2|SKP2|KANK2|KCNA5|KCNH5|SMARCA2|HUS1|KLF11|PPP2R2D|SMARCA4|HUS1B|MARK3|SMARCB1|SMARCC1|INIP|MEPCE|SMARCC2|SPAST|MIIP|SMARCD1|SMARCD2|SMARCD3|MTA3|SMARCE1|MTBP|RCC1|MUC1|RCC2|MYO16|NAE1|TAF2|NEK11|ORC1|NABP1|PBX1|PDIK1L|PKIA|PKMYT1|SPDYA|PLK5|PRMT2|PSME1|PSME2|PSME3|RBL1|RAD21|RBL2|UIMC1|IK|RPS27L|RAD51B|RAD51C|STK35|RBBP8|TAOK1|TAOK3|RFWD3|KHDRBS1|TM4SF5|TMEM14B|ANKRD17|TMOD3|TPRA1|ATAD5|LSM10|UBD|UBE2E2|AURKB|KMT2E|XPC|BLM|ZFYVE19|ZNF655|CCNA2|TOPBP1|TRIP13|ACVR1B|ARPP19|XRCC3|CACUL1|CALM2|CCNA1|CCNB3|CDC25A|CCNG1|CDC6|CCNG2|CDC7|CCNI|CDK2|CCNI2|CDKN1A|ZW10|CCNJ|CDKN1B|CCNJL|CCNO|ANAPC1|CCNP|ABCB1|CDKN3|ANAPC11|CKS2|DBX2|ANAPC15|EIF4EBP1|CTC1|ENSA|ANAPC2|ID4|ANAPC4|IQGAP3|ANAPC5|DBF4|KDM8|ANAPC7|DBF4B|MASTL|MELK|APC|PHF8|PPME1|RPS6KB1|PLRG1|TPD52L1|USH1C|DUSP1|ZNF324|E2F7|ERCC2|MBTPS1|PPP1R9B|CCNF|TGFB1|CDC16|CDC20|FBXO5|PRP4K|CDC23|CDC27|CDC34|CHFR|CUL1|GTPBP4|CUL2|CUL5|ADAM17|DDB1|AIF1|DTL|ANXA1|NFIB|FBXL15|PPP3CA|PRAP1|JADE1|FBXL7|KLF4|FBXO31|CCL2|MYC|NABP2|FZR1|IER3|NPM2|NSMCE2|SDE2|CENPE|CENPF|PINX1|KIF14|PPP2CA|RAD17|KLHL18|DLGAP5|RGCC|SENP2|RPTOR|SLFN11|SMC5|MDM2|TFDP1|TICRR|PABIR1|NFIA|PLK3|USP37|WEE1|EPS8|AURKA|BCL2|SYF2|KNTC1|TAF10|CALM3|CAMK2A|TFAP4|CHMP4B|PIAS1|RB1|RFPL1|E2F1|ITGB1|USP22|WNT10B|ZNF830|TRIM39|TRIM71|UBE2C|BARD1|UBE2S|CDC73|RDX|CPSF3|USP26|NES|USP44|LSM11|MBLAC1|CDKN2A|TAOK2|CDC14B|CTDSP1|CTDSP2|RHOU|PIM2|RPL24|AMBRA1|ZFP36L1|RRM1|RRM2B|CALM1|CCND1|CCNH|CDK4|CDK7|CDK5RAP3|CHEK2|E2F3|CHMP2A|CHMP4C|BRSK1|BRSK2|CHMP7|EIF4G1|STOX1|TERT|CLASP1|CLASP2|MNAT1|PPM1D|FBXO7|CCNY|MAP3K20|MBTPS2|EIF4E|TRIAP1|DDX3X|KNL1|ATM|BUB1|MAD1L1|MAD2L1BP|SKA1|SKA3|TPR|DGKZ|INHBA|UBE2A|VPS4A|VPS4B|WAC|MYB|CACNB4|TCF3,https://www.gsea-msigdb.org/gsea/msigdb/human/geneset/GOBP_MITOTIC_CELL_CYCLE_PHASE_TRANSITION,425,ENR,GOBP_MITOTIC_CELL_CYCLE_PHASE_TRANSITION,1,2.0746889999999998E-3,GOBP_MITOTIC_CELL_CYCLE_PHASE_TRANSITION,FALSE,GOBP_MITOTIC_CELL_CYCLE_PHASE_TRANSITION
3,2.71432976660709,2.71432976660709,2.71432976660709,1,,3.6832127999999999E-2,,RAB33B|STX17|PIK3C3|WDR45|ARFIP2|WDR45B|WIPI1|WIPI2|ATG13|PACS2|ATG16L1|ATG4B|MFN2|ATG4D|ATG9A|ATG9B|LRBA,https://www.gsea-msigdb.org/gsea/msigdb/human/geneset/GOBP_PROTEIN_LOCALIZATION_TO_PHAGOPHORE_ASSEMBLY_SITE,17,ENR,GOBP_PROTEIN_LOCALIZATION_TO_PHAGOPHORE_ASSEMBLY_SITE,1,0,GOBP_PROTEIN_LOCALIZATION_TO_PHAGOPHORE_ASSEMBLY_SITE,FALSE,GOBP_PROTEIN_LOCALIZATION_TO_PHAGOPHORE_ASSEMBLY_SITE
,1.8424309100948499,1.8424309100948499,1.8424309100948499,0.98562628299999999,,8.9812249999999996E-2,,GBA2|GBA3|GLA|AKR1B10|SLC34A1|AKR1C3|CBR4|AKR1C1|AKR1C2|SULT1C4|AKR7A2|FUCA2|GBA1|AKR1C4|NAGA|AKR1A1|AKR1B1|FUCA1,https://www.gsea-msigdb.org/gsea/msigdb/human/geneset/GOBP_GLYCOSIDE_METABOLIC_PROCESS,18,ENR,GOBP_GLYCOSIDE_METABOLIC_PROCESS,1,1.4373716999999999E-2,GOBP_GLYCOSIDE_METABOLIC_PROCESS,FALSE,GOBP_GLYCOSIDE_METABOLIC_PROCESS
24,2.1856365856478002,2.1856365856478002,2.1856365856478002,0.99347826100000003,,6.6886924E-2,,TJP2|ADD1|CLDN1|AMOTL2|ARHGEF26|CCM2|CLDN3|CLDN5|CLIC4|COL18A1|PLOD3|HAPLN2|TNFRSF1A|MAGI1|CDH5|MARVELD2|MYADM|EDNRA|NOTCH4|PPP1R16B|RAP1A|RAP2C|RAP1B|RAPGEF1|RAPGEF2|RAPGEF6|ROBO4|S1PR2|RAB1A|SOX18|RAB1B|STC1|FASN|TJP1|TJP3|TNMD|VEZF1|RAP2B|GPX1|MSN|MYD88|TNF|VCL|RDX|HEG1|PDE4D|PECAM1|HPSE|EZR|FOXP3|ID1|EDNRB|VEGFA|PROC|PTPRS|F11R|F2RL1|ROCK1|PPP1R12A|AFDN|RAPGEF3|MET|PLCB1|ROCK2|PDE2A|ICAM1|IKBKB|S1PR3|HOXA13|ZDHHC21|IL1B|GSTM3,https://www.gsea-msigdb.org/gsea/msigdb/human/geneset/GOBP_ENDOTHELIAL_CELL_DEVELOPMENT,72,ENR,GOBP_ENDOTHELIAL_CELL_DEVELOPMENT,1,6.5217390000000004E-3,GOBP_ENDOTHELIAL_CELL_DEVELOPMENT,FALSE,GOBP_ENDOTHELIAL_CELL_DEVELOPMENT
5,2.71432976660709,2.71432976660709,2.71432976660709,1,,3.5856975999999999E-4,,NABP2|NSMCE1|NSMCE2|NSMCE3|NSMCE4A|NUCKS1|SETX|PRDM9|SFPQ|HMGB1|SLX1A|SIRT6|SLX1B|SLX4|SMARCAD1|SMC5|SMC6|FH|MSH2|ATP23|WRN|XRCC5|TP53|TFIP11|CIB1|AP5Z1|TRRAP|DNA2|ZBTB7A|INTS3|LIG3|VCP|ABL1|ABRAXAS1|ACTB|ACTL6A|ACTL6B|ACTR2|ACTR5|ACTR8|AGER|ARID1A|ARID1B|ARID2|ATR|ATRIP|HSF1|AUNIP|BABAM1|BABAM2|BCL7A|BCL7B|BCL7C|BRCA1|BRCC3|BRD7|BRD8|CGAS|CHEK1|CREBBP|CSNK2A1|CYREN|DDX11|DEK|DMAP1|DPF1|DPF2|DPF3|ZMYND8|EP400|EPC1|EPC2|ERCC6|ERCC8|EYA1|EYA3|FANCB|FBH1|FIGNL1|FMN2|FOXM1|H2AX|TENT4A|HDGFL2|HELB|HELQ|C1QBP|HMGA2|ING3|INO80|KAT5|KDM1A|KDM4D|KLHL15|KMT5A|KMT5B|KMT5C|MAD2L2|MAGEF1|MBTD1|MEAF6|MGMT|MORF4L1|MORF4L2|MRE11|MRGBP|MRNIP|NBN|NSD2|NUDT16L1|OGG1|OOEP|OTUB1|CHEK2|PARP3|PARPBP|PBRM1|PELI1|PHF10|PIAS4|PLK1|DDX1|PML|PNKP|CSNK2A2|POLQ|POT1|PPP4C|PPP4R3A|PPP4R3B|AP5S1|ASTE1|PRKDC|BRCA2|RAD50|BRIP1|RAD51|BRME1|RAD51AP1|C14ORF39|RAD52|CDC45|RADX|CDCA5|RECQL5|CHD4|RIF1|CSNK2A3|DCLRE1A|RMI2|DCLRE1B|RNF126|DCLRE1C|RNF168|DMC1|RNF169|DNTT|RNF8|DTX3L|RPA2|EME1|EME2|RTEL1|ERCC5|RUVBL1|ERCC6L2|RUVBL2|EXD2|SENP3|FAN1|SETD2|FANCD2|FANCM|SETMAR|FEN1|SHLD1|GEN1|SHLD2|GGN|SHLD3|GINS2|SIRT1|GINS4|SKP2|HMGB2|SLF1|FUS|HPF1|SLF2|HSF2BP|SMARCA2|TOP3A|HUS1|SMARCA4|HUS1B|SMARCB1|IFFO1|SMARCC1|INIP|SMARCC2|KASH5|SMARCD1|SPIRE1|KDM2A|SMARCD2|SPIRE2|LIG4|SMARCD3|MAJIN|SMARCE1|MARF1|SMCHD1|MCM8|SPIDR|MCM9|MCMDC2|MEIOC|MMS22L|MPND|MTA1|MUS81|NABP1|TERF2IP|NHEJ1|TEX15|NIPBL|PALB2|TIMELESS|PARP2|PARP9|TOP2B|POGZ|TP53BP1|POLA1|POLB|TWIST1|POLL|UBE2N|POLM|POLN|UBE2V2|PPP5C|UBQLN4|PSMD14|HTATSF1|RAD21|UIMC1|RAD21L1|RAD51B|USP51|RAD51C|VPS72|RAD51D|WAS|RAD54B|WDR48|RAD54L|WRAP53|RBBP8|XRCC1|REC8|YEATS4|RECQL|YY1|RECQL4|ZCWPW1|REV3L|ZNF365|RFWD3|RHNO1|ANKLE1|RMI1|RNF138|ATM|RPA1|RPA3|RPA4|APLF|SAMHD1|SEM1|SFR1|UVRAG|SMARCAL1|SPO11|SWI5|SWSAP1|BLM|TDP1|TDP2|TERB1|TERB2|TNKS1BP1|TONSL|TOPBP1|TRIP13|UHRF1|XRCC2|XRCC3|XRCC4|XRCC6|ZGRF1|ZSWIM7|CDC7|EID3|ERCC1|ERCC4|PARP1|PPP4R2|ESCO2|PRMT1|PRPF19|ZFYVE26|HMCES|MCM2|MCM3|MCM4|MCM5|MCM6|MCM7|MLH1,https://www.gsea-msigdb.org/gsea/msigdb/human/geneset/GOBP_DOUBLE_STRAND_BREAK_REPAIR,320,ENR,GOBP_DOUBLE_STRAND_BREAK_REPAIR,1,0,GOBP_DOUBLE_STRAND_BREAK_REPAIR,FALSE,GOBP_DOUBLE_STRAND_BREAK_REPAIR
7,2.3729120168675299,2.3729120168675299,2.3729120168675299,0.99576271199999999,,3.8194206000000001E-2,,C1QBP|ITCH|TKFC|TNFAIP3|AURKB|AKT1|OGT|PPP6C|TRIM11|LILRA4|TRIM31|ABHD17A|TRIM65|TSPAN6|MEFV|UFD1|BANF1|RAB7B|CARD8|NLRC3|SMPDL3A|NLRP2B|PRKDC|IRGM|NLRX1|NPLOC4|PARP1|UBQLN1|PTPN22|MARCHF5|PCBP2|TREM2|CPTP|CSNK1A1|DHX58|PTPRS|LAMP2|ERBIN|F2RL1|PYDC1|FBXL2|PYDC5|RIOK3|CGAS|RNF125|GPATCH3|PPT1|RNF39|GRAMD4|TREX1|SEC14L1|AARS2|IFI16|ABHD8|HSPA8|ZDHHC12|LYPLAL1|SIRT2|ZDHHC18|SPSB3|TARBP2|TAX1BP1,https://www.gsea-msigdb.org/gsea/msigdb/human/geneset/GOBP_NEGATIVE_REGULATION_OF_CYTOPLASMIC_PATTERN_RECOGNITION_RECEPTOR_SIGNALING_PATHWAY,62,ENR,GOBP_NEGATIVE_REGULATION_OF_CYTOPLASMIC_PATTERN_RECOGNITION_RECEPTOR_SIGNALING_PATHWAY,1,4.2372879999999996E-3,GOBP_NEGATIVE_REGULATION_OF_CYTOPLASMIC_PATTERN_RECOGNITION_RECEPTOR_SIGNALING_PATHWAY,FALSE,GOBP_NEGATIVE_REGULATION_OF_CYTOPLASMIC_PATTERN_RECOGNITION_RECEPTOR_SIGNALING_PATHWAY
3,1.8709052862487601,1.8709052862487601,1.8709052862487601,0.98653846099999998,,6.0741805000000003E-2,,RETREG1|RETREG2|RETREG3|UFC1|CDK5RAP3|UFL1|UFM1|ULK1|ULK2|ULK3|BNIP3|STING1|TEX264|ATG2A|ATG2B|DDRGK1|ATG9A|SNX30|ATG9B|UBA5|SNX7|RB1CC1,https://www.gsea-msigdb.org/gsea/msigdb/human/geneset/GOBP_RETICULOPHAGY,22,ENR,GOBP_RETICULOPHAGY,1,1.3461539E-2,GOBP_RETICULOPHAGY,FALSE,GOBP_RETICULOPHAGY
1,2.3935752076125301,2.3935752076125301,2.3935752076125301,0.99595959599999995,,4.9127127999999999E-2,,UBXN2B|REEP3|UBE2I|REEP4|VPS4A|VPS4B|SPAST|RCC1|BANF1|CHMP1A|CHMP1B|CHMP2A|CHMP2B|CHMP3|CHMP4C|CHMP5|CHMP6|NSFL1C|CHMP7|CHMP4A|CHMP4B|SIRT2|ANKLE2|BROX|UBXN2A,https://www.gsea-msigdb.org/gsea/msigdb/human/geneset/GOBP_NUCLEAR_MEMBRANE_REASSEMBLY,25,ENR,GOBP_NUCLEAR_MEMBRANE_REASSEMBLY,1,4.040404E-3,GOBP_NUCLEAR_MEMBRANE_REASSEMBLY,FALSE,GOBP_NUCLEAR_MEMBRANE_REASSEMBLY
9,2.71432976660709,2.71432976660709,2.71432976660709,1,,8.3068949999999999E-3,,TRNT1|NAF1|RNPS1|NMNAT1|CSDE1|AKT1|GTPBP1|HSPA1B|NUDT16|PARN|PPP2CA|ISG20|SMG5|SMG6|CNOT7|PABPN1L|SRSF1|PAIP1|XRN1|BAX|SYNCRIP|GIGYF2|TAF15|OAS2|TARDBP|THRAP3|AGO1|RNASE2|AGO2|RNASE3|AGO3|BOLL|IKBKE|RNASE6|BTG2|CACNG7|CALCR|ZFP36|CAPRIN1|CARHSP1|CECR2|CNOT1|CNOT10|CNOT11|CNOT2|CNOT3|CNOT4|CNOT6|CNOT8|CNOT9|CPEB3|CTIF|SENP1|UPF1|DAZL|UPF3A|DCP1A|E2F1|UPF3B|DCP1B|DDX49|DNA2|DEDD2|DHX34|DIS3|GTPBP2|DIS3L|HBS1L|DNASE1L1|DNASE1L2|PRKCD|VIP|DNASE2|ENDOG|DNASE2B|DND1|DXO|EDC3|EDC4|ELOB|PELO|YBX1|EIF3E|EIF4ENIF1|ERI1|ETF1|EXOG|ANG|EXOSC1|MAPKAPK2|EXOSC4|EXOSC5|SKIC2|ZC3H14|FBLL1|SKIC3|ZCCHC8|FOXL2|FTO|FXR2|INTS1|GDNF|INTS10|GSPT1|INTS11|NOCT|GSPT2|INTS12|DICER1|GTSF1|INTS13|ZPR1|HNRNPAB|INTS14|IGF2BP1|INTS2|PRKCA|TRIM71|A1CF|IGF2BP2|INTS3|IGF2BP3|INTS4|MYD88|INTS5|LARP1B|INTS6|LARP4B|SMG1|INTS7|LIN28A|INTS8|LIN28B|ALKBH5|INTS9|LSM14B|ANGEL2|MEX3D|APOBEC1|MOV10|MRTO4|NANOS1|NANOS2|EXOSC2|NANOS3|EXOSC7|NICOL1|EXOSC8|NSUN4|EXOSC9|NT5C3B|NUDT12|VIM|PATL1|CNOT6L|PATL2|PHAX|PIWIL1|PIWIL2|PKP1|PLEKHN1|PNLDC1|PNRC1|CSDC2|PNRC2|PRR5L|PYM1|RBM33|RBM46|DHX36|REXO4|RIDA|ERN2|RNASEH1|FASTKD5|RNASEH2A|RNASEH2B|METTL1|RNASEH2C|RNASET2|ZSWIM8|HNRNPA0|SAMD4A|HSF1|SAMD4B|SECISBP2|AXIN2|PUM1|SERBP1|SIDT2|SLFN12|ROCK1|SLFN14|MTPAP|SMG8|SMG9|NBDY|SND1|TENT5A|NSUN2|TENT5B|TENT5C|POP1|SKIC8|TENT5D|TNRC6A|PAN2|TNRC6B|PAN3|TNRC6C|TOB1|PNPT1|TRAF5|TREX2|TRIR|TTC5|PDE12|PUM2|TUT4|TUT7|UPF2|WDR82|RNH1|YBX3|ZC3H4|YTHDF1|ZAR1|TREX1|ZC3H12D|RNASEL|VPS54|ZC3H18|ZCCHC17|ZFP36L2|ZHX2|SLFN13|TRAF2|SSB|FBH1|TBRG4|TENT2|TENT4A|TRDMT1|TENT4B|NBAS|C1QBP|TIRAP|AGO4|CASC3|TUT1|XRN2|ZFP36L1|CELF1|ZCCHC7|CIRBP|ARMC5|DIS3L2|DNASE1|DNASE1L3|NUDT16L1|ELOC|SLIRP|DBR1|PIAS4|DCPS|SMG7|YTHDF2|YTHDF3|ZC3HAV1|DDX5|ELAVL1|SLC11A1|DHX9|POLR2G|PPP2R1A|EIF4A3|ELAVL4|PKP3|ERN1|RC3H1|RC3H2|EXOSC10|SETMAR|FEN1|FASTK|FMR1|TNFRSF1B|FUS|LARP1|GRSF1|MEIOC|HNRNPC|MUS81|HNRNPU|HSPA1A|FASTKD2|INTS15|FASTKD3|RBX1|TESK1|ATM|KHSRP|LRPPRC|APAF1|LSM1|LSM2|ARID5A|LSM4|LSM5|LSM6|LSM7|PABPC4|TNKS1BP1|MAGOH|MAGOHB|METTL14|METTL16|METTL3|MTREX|TRAF3IP2|NCBP1|FAM76B|NCBP2|CIDEA|FXR1|NPM1|NRDE2|PABPC1|DCP2|PCBP4|DFFA|DFFB|DKC1|PPP1R8|EXOSC3|EXOSC6|SCGB1A1|GATA5|IREB2|ZC3H12A|APEX1|MAPK14|QKI|HNRNPD|RBM10|IL6|ELAC2|RBM24|FASTKD1|RBM38|ROCK2|RBM47|RBM7|RBM8A|SUPV3L1|MLH1,https://www.gsea-msigdb.org/gsea/msigdb/human/geneset/GOBP_NUCLEIC_ACID_CATABOLIC_PROCESS,356,ENR,GOBP_NUCLEIC_ACID_CATABOLIC_PROCESS,1,0,GOBP_NUCLEIC_ACID_CATABOLIC_PROCESS,FALSE,GOBP_NUCLEIC_ACID_CATABOLIC_PROCESS
