,Zygote,Pre-gastrulation,Post-gastrulation,Tissue-specific,Cell type-specific
1-M-62,0.0,0.0006265389284644897,0.0008501457935095692,0.000686634958992429,0.0017181764806430179
