,Zygote,Pre-gastrulation,Post-gastrulation,Tissue-specific,Cell type-specific
1-M-62,0.0,0.0006265389284644897,0.001476684721974059,0.002163319680966488,0.003881496161609506
