germ_layer,weight
Ectoderm,0.0969223548343838
Endoderm,0.11992087971033928
Mesoderm,0.7831567654552769
