NAME	GS<br> follow link to MSigDB	GS DETAILS	SIZE	ES	NES	NOM p-val	FDR q-val	FWER p-val	RANK AT MAX	LEADING EDGE	
GOBP_SENSORY_PERCEPTION_OF_SMELL	GOBP_SENSORY_PERCEPTION_OF_SMELL	Details ...	199	0.44718674	7.151565	0.0	0.0	0.0	3878	tags=65%, list=21%, signal=82%	
GOBP_DETECTION_OF_CHEMICAL_STIMULUS	GOBP_DETECTION_OF_CHEMICAL_STIMULUS	Details ...	251	0.3839634	7.095815	0.0	0.0	0.0	3878	tags=59%, list=21%, signal=74%	
GOBP_SENSORY_PERCEPTION_OF_CHEMICAL_STIMULUS	GOBP_SENSORY_PERCEPTION_OF_CHEMICAL_STIMULUS	Details ...	263	0.36463833	6.913105	0.0	0.0	0.0	3878	tags=57%, list=21%, signal=71%	
GOBP_DETECTION_OF_STIMULUS_INVOLVED_IN_SENSORY_PERCEPTION	GOBP_DETECTION_OF_STIMULUS_INVOLVED_IN_SENSORY_PERCEPTION	Details ...	290	0.34976938	6.7658606	0.0	0.0	0.0	3878	tags=56%, list=21%, signal=69%	
GOBP_DETECTION_OF_STIMULUS	GOBP_DETECTION_OF_STIMULUS	Details ...	418	0.263981	6.167133	0.0	0.0	0.0	3878	tags=47%, list=21%, signal=58%	
GOBP_CILIUM_MOVEMENT	GOBP_CILIUM_MOVEMENT	Details ...	252	0.24923238	4.6406255	0.0	0.0	0.0	7155	tags=63%, list=39%, signal=102%	
GOBP_HOMOPHILIC_CELL_ADHESION_VIA_PLASMA_MEMBRANE_ADHESION_MOLECULES	GOBP_HOMOPHILIC_CELL_ADHESION_VIA_PLASMA_MEMBRANE_ADHESION_MOLECULES	Details ...	169	0.28217176	4.232413	0.0	0.0	0.0	4216	tags=51%, list=23%, signal=65%	
GOBP_CILIUM_OR_FLAGELLUM_DEPENDENT_CELL_MOTILITY	GOBP_CILIUM_OR_FLAGELLUM_DEPENDENT_CELL_MOTILITY	Details ...	210	0.25244123	4.141001	0.0	0.0	0.0	7057	tags=63%, list=38%, signal=102%	
GOBP_CELL_CELL_ADHESION_VIA_PLASMA_MEMBRANE_ADHESION_MOLECULES	GOBP_CELL_CELL_ADHESION_VIA_PLASMA_MEMBRANE_ADHESION_MOLECULES	Details ...	278	0.20281075	3.8553624	0.0	0.0	0.0	6381	tags=55%, list=35%, signal=82%	
GOBP_SKIN_DEVELOPMENT	GOBP_SKIN_DEVELOPMENT	Details ...	307	0.18008593	3.6855874	0.0	0.0	0.0	8364	tags=63%, list=45%, signal=114%	
GOBP_AXONEME_ASSEMBLY	GOBP_AXONEME_ASSEMBLY	Details ...	101	0.31613714	3.6634438	0.0	0.0	0.0	6781	tags=68%, list=37%, signal=108%	
GOBP_RESPIRATORY_SYSTEM_DEVELOPMENT	GOBP_RESPIRATORY_SYSTEM_DEVELOPMENT	Details ...	230	0.20407297	3.6230733	0.0	0.0	0.0	8207	tags=65%, list=45%, signal=116%	
GOBP_KERATINIZATION	GOBP_KERATINIZATION	Details ...	63	0.3589209	3.4182992	0.0	0.0	0.0	3346	tags=54%, list=18%, signal=66%	
GOBP_CYTOPLASMIC_TRANSLATION	GOBP_CYTOPLASMIC_TRANSLATION	Details ...	169	0.2230125	3.4039452	0.0	0.0	0.0	5294	tags=51%, list=29%, signal=71%	
GOBP_EPIDERMIS_DEVELOPMENT	GOBP_EPIDERMIS_DEVELOPMENT	Details ...	380	0.14937878	3.3424203	0.0	0.0	0.0	7230	tags=54%, list=39%, signal=87%	
GOBP_KERATINOCYTE_DIFFERENTIATION	GOBP_KERATINOCYTE_DIFFERENTIATION	Details ...	158	0.22931437	3.289684	0.0	0.0	0.0	6061	tags=56%, list=33%, signal=82%	
GOBP_EPIDERMAL_CELL_DIFFERENTIATION	GOBP_EPIDERMAL_CELL_DIFFERENTIATION	Details ...	234	0.1878824	3.257276	0.0	0.0	0.0	7355	tags=59%, list=40%, signal=96%	
GOBP_SENSORY_SYSTEM_DEVELOPMENT	GOBP_SENSORY_SYSTEM_DEVELOPMENT	Details ...	427	0.13521224	3.253417	0.0	0.0	0.0	9802	tags=67%, list=53%, signal=139%	
GOBP_MICROTUBULE_BASED_MOVEMENT	GOBP_MICROTUBULE_BASED_MOVEMENT	Details ...	477	0.12783915	3.2480822	0.0	4.4714005E-5	0.001	7155	tags=51%, list=39%, signal=82%	
GOBP_FOREBRAIN_DEVELOPMENT	GOBP_FOREBRAIN_DEVELOPMENT	Details ...	403	0.13556516	3.1713703	0.0	4.2478303E-5	0.001	12255	tags=80%, list=67%, signal=234%	
GOBP_MICROTUBULE_BUNDLE_FORMATION	GOBP_MICROTUBULE_BUNDLE_FORMATION		133	0.22685823	3.0735092	0.0	1.5957719E-4	0.004	6781	tags=59%, list=37%, signal=93%	
GOBP_KIDNEY_EPITHELIUM_DEVELOPMENT	GOBP_KIDNEY_EPITHELIUM_DEVELOPMENT		151	0.20560263	2.9222758	0.0	5.031263E-4	0.013	5627	tags=51%, list=31%, signal=73%	
GOBP_BASEMENT_MEMBRANE_ORGANIZATION	GOBP_BASEMENT_MEMBRANE_ORGANIZATION		40	0.38723505	2.8948286	0.0	5.563029E-4	0.015	4847	tags=65%, list=26%, signal=88%	
GOBP_EXTERNAL_ENCAPSULATING_STRUCTURE_ORGANIZATION	GOBP_EXTERNAL_ENCAPSULATING_STRUCTURE_ORGANIZATION		337	0.13516802	2.8870132	0.0	5.331236E-4	0.015	5308	tags=42%, list=29%, signal=58%	
GOBP_INTERMEDIATE_FILAMENT_ORGANIZATION	GOBP_INTERMEDIATE_FILAMENT_ORGANIZATION		73	0.29127648	2.8644667	0.0	6.498422E-4	0.019	3481	tags=48%, list=19%, signal=59%	
GOBP_COMPLEMENT_ACTIVATION	GOBP_COMPLEMENT_ACTIVATION		55	0.3175343	2.8276474	0.0	9.20061E-4	0.028	3205	tags=49%, list=17%, signal=59%	
GOBP_AXONEMAL_DYNEIN_COMPLEX_ASSEMBLY	GOBP_AXONEMAL_DYNEIN_COMPLEX_ASSEMBLY		38	0.39717585	2.8002794	0.0	0.0011093244	0.035	4325	tags=63%, list=24%, signal=82%	
GOBP_CELLULAR_PROCESS_INVOLVED_IN_REPRODUCTION_IN_MULTICELLULAR_ORGANISM	GOBP_CELLULAR_PROCESS_INVOLVED_IN_REPRODUCTION_IN_MULTICELLULAR_ORGANISM		415	0.11970782	2.7908502	0.0	0.001099844	0.036	7375	tags=52%, list=40%, signal=85%	
GOBP_CALCIUM_DEPENDENT_CELL_CELL_ADHESION_VIA_PLASMA_MEMBRANE_CELL_ADHESION_MOLECULES	GOBP_CALCIUM_DEPENDENT_CELL_CELL_ADHESION_VIA_PLASMA_MEMBRANE_CELL_ADHESION_MOLECULES		48	0.33587405	2.7809036	0.0	0.0011200624	0.038	4183	tags=56%, list=23%, signal=73%	
GOBP_CILIUM_ORGANIZATION	GOBP_CILIUM_ORGANIZATION		451	0.11303397	2.7675667	0.0	0.0011681669	0.041	11428	tags=73%, list=62%, signal=189%	
GOBP_TELENCEPHALON_DEVELOPMENT	GOBP_TELENCEPHALON_DEVELOPMENT		282	0.1425583	2.7616239	0.0	0.0012125138	0.044	11765	tags=78%, list=64%, signal=213%	
GOBP_RENAL_TUBULE_DEVELOPMENT	GOBP_RENAL_TUBULE_DEVELOPMENT		104	0.22409415	2.7214735	0.0	0.0018643172	0.07	5627	tags=53%, list=31%, signal=76%	
GOBP_DENDRITE_EXTENSION	GOBP_DENDRITE_EXTENSION		35	0.3856349	2.7027636	0.001980198	0.0020895556	0.08	8684	tags=86%, list=47%, signal=162%	
GOBP_INTERMEDIATE_FILAMENT_BASED_PROCESS	GOBP_INTERMEDIATE_FILAMENT_BASED_PROCESS		95	0.23292409	2.6623647	0.0	0.0026802744	0.103	3481	tags=42%, list=19%, signal=52%	
GOBP_PITUITARY_GLAND_DEVELOPMENT	GOBP_PITUITARY_GLAND_DEVELOPMENT		42	0.34502724	2.659876	0.0	0.0027002834	0.107	5053	tags=62%, list=27%, signal=85%	
GOBP_SMOOTHENED_SIGNALING_PATHWAY	GOBP_SMOOTHENED_SIGNALING_PATHWAY		153	0.18255788	2.659876	0.0	0.0026252756	0.107	10012	tags=73%, list=54%, signal=158%	
GOBP_METANEPHROS_DEVELOPMENT	GOBP_METANEPHROS_DEVELOPMENT		92	0.2352754	2.641704	0.0	0.0030376338	0.125	5289	tags=52%, list=29%, signal=73%	
GOBP_OVULATION_CYCLE	GOBP_OVULATION_CYCLE		67	0.26764017	2.61223	0.0	0.0036285063	0.151	4702	tags=52%, list=26%, signal=70%	
GOBP_EYE_MORPHOGENESIS	GOBP_EYE_MORPHOGENESIS		172	0.16558424	2.5968893	0.0	0.0040366547	0.171	10027	tags=71%, list=55%, signal=155%	
GOBP_NEPHRON_EPITHELIUM_DEVELOPMENT	GOBP_NEPHRON_EPITHELIUM_DEVELOPMENT		122	0.20352757	2.594924	0.0	0.00399962	0.173	5627	tags=51%, list=31%, signal=73%	
GOBP_CEREBRAL_CORTEX_DEVELOPMENT	GOBP_CEREBRAL_CORTEX_DEVELOPMENT		130	0.19341347	2.5936317	0.0	0.003985449	0.177	10614	tags=77%, list=58%, signal=181%	
GOBP_MESENCHYME_DEVELOPMENT	GOBP_MESENCHYME_DEVELOPMENT		310	0.12906615	2.5908108	0.0	0.00395042	0.179	8344	tags=58%, list=45%, signal=104%	
GOBP_SPERMATID_DIFFERENTIATION	GOBP_SPERMATID_DIFFERENTIATION		235	0.1440028	2.5878365	0.0	0.003917509	0.182	5680	tags=45%, list=31%, signal=64%	
GOBP_OSSIFICATION	GOBP_OSSIFICATION		425	0.110919155	2.567385	0.0	0.004509319	0.213	7483	tags=52%, list=41%, signal=85%	
GOBP_REGULATION_OF_BEHAVIOR	GOBP_REGULATION_OF_BEHAVIOR		75	0.24876176	2.5393205	0.0020120724	0.005358755	0.25	5006	tags=52%, list=27%, signal=71%	
GOBP_PALLIUM_DEVELOPMENT	GOBP_PALLIUM_DEVELOPMENT		194	0.15313782	2.5102286	0.0	0.006279412	0.298	11053	tags=75%, list=60%, signal=187%	
GOBP_RENAL_TUBULE_MORPHOGENESIS	GOBP_RENAL_TUBULE_MORPHOGENESIS		81	0.23823991	2.5088673	0.0	0.0061458074	0.298	5627	tags=54%, list=31%, signal=78%	
GOBP_MESENCHYMAL_CELL_DIFFERENTIATION	GOBP_MESENCHYMAL_CELL_DIFFERENTIATION		249	0.13693155	2.4937496	0.0	0.0067823506	0.329	8963	tags=62%, list=49%, signal=120%	
GOBP_NEUROPEPTIDE_SIGNALING_PATHWAY	GOBP_NEUROPEPTIDE_SIGNALING_PATHWAY		103	0.20826644	2.4747076	0.0	0.007845415	0.376	5475	tags=50%, list=30%, signal=71%	
GOBP_REGULATION_OF_CILIUM_MOVEMENT	GOBP_REGULATION_OF_CILIUM_MOVEMENT		42	0.31888077	2.4557016	0.0	0.008592142	0.411	4657	tags=57%, list=25%, signal=76%	
GOBP_RHYTHMIC_PROCESS	GOBP_RHYTHMIC_PROCESS		296	0.122909695	2.4537253	0.0	0.008456775	0.413	6287	tags=46%, list=34%, signal=69%	
GOBP_COLLAGEN_FIBRIL_ORGANIZATION	GOBP_COLLAGEN_FIBRIL_ORGANIZATION		70	0.25354743	2.4336534	0.0	0.0095709665	0.462	7702	tags=67%, list=42%, signal=115%	
GOBP_NEGATIVE_REGULATION_OF_REPRODUCTIVE_PROCESS	GOBP_NEGATIVE_REGULATION_OF_REPRODUCTIVE_PROCESS		75	0.23953849	2.4189968	0.0	0.010486858	0.498	6401	tags=59%, list=35%, signal=90%	
GOBP_REGULATION_OF_REPRODUCTIVE_PROCESS	GOBP_REGULATION_OF_REPRODUCTIVE_PROCESS		199	0.14593637	2.4165506	0.001992032	0.01048219	0.504	6401	tags=49%, list=35%, signal=75%	
GOBP_RIBOSOME_BIOGENESIS	GOBP_RIBOSOME_BIOGENESIS		312	0.11892943	2.4118173	0.0	0.010570405	0.513	13941	tags=88%, list=76%, signal=355%	
GOBP_RENAL_SYSTEM_DEVELOPMENT	GOBP_RENAL_SYSTEM_DEVELOPMENT		334	0.11662075	2.4033117	0.002096436	0.010929416	0.533	8245	tags=56%, list=45%, signal=100%	
GOBP_RETINA_DEVELOPMENT_IN_CAMERA_TYPE_EYE	GOBP_RETINA_DEVELOPMENT_IN_CAMERA_TYPE_EYE		178	0.15366942	2.3961048	0.0	0.011471686	0.555	6809	tags=52%, list=37%, signal=82%	
GOBP_RESPONSE_TO_BMP	GOBP_RESPONSE_TO_BMP		166	0.15730971	2.392502	0.0	0.01168547	0.571	7657	tags=57%, list=42%, signal=97%	
GOBP_COMPLEMENT_ACTIVATION_CLASSICAL_PATHWAY	GOBP_COMPLEMENT_ACTIVATION_CLASSICAL_PATHWAY		32	0.35754773	2.3873513	0.0	0.011804276	0.582	3205	tags=53%, list=17%, signal=64%	
GOBP_POSITIVE_REGULATION_OF_OSTEOBLAST_DIFFERENTIATION	GOBP_POSITIVE_REGULATION_OF_OSTEOBLAST_DIFFERENTIATION		71	0.23789668	2.3777714	0.0	0.012319315	0.594	7297	tags=63%, list=40%, signal=105%	
GOBP_DIENCEPHALON_DEVELOPMENT	GOBP_DIENCEPHALON_DEVELOPMENT		79	0.23161128	2.3668683	0.0020120724	0.013141823	0.618	8096	tags=67%, list=44%, signal=119%	
GOBP_SYNAPSE_ASSEMBLY	GOBP_SYNAPSE_ASSEMBLY		274	0.12377414	2.3571067	0.0	0.0141546745	0.652	6348	tags=47%, list=35%, signal=70%	
GOBP_CARTILAGE_DEVELOPMENT	GOBP_CARTILAGE_DEVELOPMENT		210	0.138562	2.3538501	0.0	0.014297014	0.663	6325	tags=48%, list=34%, signal=72%	
GOBP_NEUROEPITHELIAL_CELL_DIFFERENTIATION	GOBP_NEUROEPITHELIAL_CELL_DIFFERENTIATION		46	0.29314232	2.3408177	0.0019417476	0.015512328	0.695	3417	tags=48%, list=19%, signal=59%	
GOBP_EMBRYONIC_BRAIN_DEVELOPMENT	GOBP_EMBRYONIC_BRAIN_DEVELOPMENT		20	0.42715967	2.3369782	0.0019157088	0.01566792	0.705	7784	tags=85%, list=42%, signal=147%	
GOBP_METANEPHRIC_NEPHRON_DEVELOPMENT	GOBP_METANEPHRIC_NEPHRON_DEVELOPMENT		40	0.31304017	2.3262737	0.0	0.016722381	0.731	5289	tags=60%, list=29%, signal=84%	
GOBP_RETINA_MORPHOGENESIS_IN_CAMERA_TYPE_EYE	GOBP_RETINA_MORPHOGENESIS_IN_CAMERA_TYPE_EYE		70	0.23927186	2.3261735	0.0020491802	0.016498296	0.732	8489	tags=70%, list=46%, signal=130%	
GOBP_FEMALE_SEX_DIFFERENTIATION	GOBP_FEMALE_SEX_DIFFERENTIATION		124	0.17499252	2.3197918	0.0	0.016957458	0.745	7926	tags=60%, list=43%, signal=106%	
GOBP_REGULATION_OF_DENDRITE_EXTENSION	GOBP_REGULATION_OF_DENDRITE_EXTENSION		25	0.393305	2.3186748	0.0	0.016848695	0.748	8224	tags=84%, list=45%, signal=152%	
GOBP_HYPOTHALAMUS_DEVELOPMENT	GOBP_HYPOTHALAMUS_DEVELOPMENT		27	0.3760135	2.3182528	0.00203666	0.016620157	0.749	7398	tags=78%, list=40%, signal=130%	
GOBP_POSITIVE_REGULATION_OF_BEHAVIOR	GOBP_POSITIVE_REGULATION_OF_BEHAVIOR		28	0.36928296	2.314671	0.0018975332	0.016866198	0.761	3727	tags=57%, list=20%, signal=72%	
GOBP_CRANIAL_SKELETAL_SYSTEM_DEVELOPMENT	GOBP_CRANIAL_SKELETAL_SYSTEM_DEVELOPMENT		70	0.23196721	2.3133948	0.0	0.016762925	0.764	6521	tags=59%, list=35%, signal=90%	
GOBP_MELANOCYTE_DIFFERENTIATION	GOBP_MELANOCYTE_DIFFERENTIATION		24	0.38890857	2.3107672	0.0	0.016826736	0.769	3584	tags=58%, list=19%, signal=72%	
GOBP_OUTER_DYNEIN_ARM_ASSEMBLY	GOBP_OUTER_DYNEIN_ARM_ASSEMBLY		22	0.40575033	2.3086455	0.0	0.016899165	0.771	6757	tags=77%, list=37%, signal=122%	
GOBP_ACROSOME_REACTION	GOBP_ACROSOME_REACTION		42	0.29668674	2.277263	0.0	0.020572567	0.835	5940	tags=62%, list=32%, signal=91%	
GOBP_CELL_SURFACE_RECEPTOR_PROTEIN_SERINE_THREONINE_KINASE_SIGNALING_PATHWAY	GOBP_CELL_SURFACE_RECEPTOR_PROTEIN_SERINE_THREONINE_KINASE_SIGNALING_PATHWAY		379	0.09821569	2.2629833	0.001934236	0.022465536	0.865	6091	tags=43%, list=33%, signal=63%	
GOBP_POSITIVE_REGULATION_OF_DENDRITE_EXTENSION	GOBP_POSITIVE_REGULATION_OF_DENDRITE_EXTENSION		21	0.41038182	2.262312	0.0020703934	0.022240186	0.866	8224	tags=86%, list=45%, signal=155%	
GOBP_ORGAN_GROWTH	GOBP_ORGAN_GROWTH		169	0.1470753	2.2604637	0.0020408162	0.022228906	0.87	8963	tags=63%, list=49%, signal=122%	
GOBP_GAS_TRANSPORT	GOBP_GAS_TRANSPORT		20	0.42172992	2.2564955	0.0020533882	0.02258545	0.877	3286	tags=60%, list=18%, signal=73%	
GOBP_ADENOHYPOPHYSIS_DEVELOPMENT	GOBP_ADENOHYPOPHYSIS_DEVELOPMENT		15	0.47908506	2.2562835	0.0	0.02231362	0.877	3456	tags=67%, list=19%, signal=82%	
GOBP_MESONEPHROS_DEVELOPMENT	GOBP_MESONEPHROS_DEVELOPMENT		103	0.18729933	2.2436712	0.0	0.023776177	0.894	6037	tags=51%, list=33%, signal=76%	
GOBP_RRNA_METABOLIC_PROCESS	GOBP_RRNA_METABOLIC_PROCESS		262	0.120344095	2.2345257	0.0019305019	0.025157783	0.911	14664	tags=92%, list=80%, signal=446%	
GOBP_NEURON_PROJECTION_GUIDANCE	GOBP_NEURON_PROJECTION_GUIDANCE		240	0.12011807	2.2161143	0.0	0.02822018	0.937	9543	tags=64%, list=52%, signal=131%	
GOBP_REGULATION_OF_CELL_JUNCTION_ASSEMBLY	GOBP_REGULATION_OF_CELL_JUNCTION_ASSEMBLY		269	0.115323484	2.2144551	0.0020283975	0.028189862	0.938	7549	tags=52%, list=41%, signal=88%	
GOBP_REGULATION_OF_MORPHOGENESIS_OF_A_BRANCHING_STRUCTURE	GOBP_REGULATION_OF_MORPHOGENESIS_OF_A_BRANCHING_STRUCTURE		55	0.25426582	2.207849	0.0	0.029283864	0.945	6037	tags=58%, list=33%, signal=86%	
GOBP_ZYMOGEN_ACTIVATION	GOBP_ZYMOGEN_ACTIVATION		45	0.2757707	2.2023053	0.0	0.029926939	0.953	6383	tags=62%, list=35%, signal=95%	
GOBP_REGULATION_OF_CELL_MORPHOGENESIS	GOBP_REGULATION_OF_CELL_MORPHOGENESIS		243	0.12338286	2.1907928	0.0019569471	0.031779397	0.962	9188	tags=62%, list=50%, signal=123%	
GOBP_CAMERA_TYPE_EYE_MORPHOGENESIS	GOBP_CAMERA_TYPE_EYE_MORPHOGENESIS		139	0.1607239	2.189481	0.0	0.03167898	0.964	8841	tags=64%, list=48%, signal=122%	
GOBP_REGULATION_OF_MEMBRANE_POTENTIAL	GOBP_REGULATION_OF_MEMBRANE_POTENTIAL		458	0.090165325	2.1887736	0.0019193857	0.031466983	0.965	6654	tags=45%, list=36%, signal=69%	
GOBP_NEURON_PROJECTION_EXTENSION	GOBP_NEURON_PROJECTION_EXTENSION		168	0.14631924	2.1773384	0.0	0.033241782	0.971	8827	tags=63%, list=48%, signal=119%	
GOBP_RRNA_PROCESSING	GOBP_RRNA_PROCESSING		218	0.12748796	2.1755526	0.0	0.03318621	0.971	14639	tags=92%, list=80%, signal=447%	
GOBP_REGULATION_OF_CELL_MATURATION	GOBP_REGULATION_OF_CELL_MATURATION		23	0.37838492	2.1750026	0.0	0.03290839	0.971	9041	tags=87%, list=49%, signal=171%	
GOBP_NEPHRON_DEVELOPMENT	GOBP_NEPHRON_DEVELOPMENT		160	0.14535648	2.1744387	0.002020202	0.032656252	0.971	7579	tags=56%, list=41%, signal=94%	
GOBP_HOMOLOGOUS_CHROMOSOME_PAIRING_AT_MEIOSIS	GOBP_HOMOLOGOUS_CHROMOSOME_PAIRING_AT_MEIOSIS		53	0.25417167	2.1709301	0.006085193	0.03299767	0.972	8177	tags=70%, list=44%, signal=125%	
GOBP_SPECIFICATION_OF_SYMMETRY	GOBP_SPECIFICATION_OF_SYMMETRY		141	0.15714134	2.168073	0.0019417476	0.033430956	0.972	10044	tags=70%, list=55%, signal=154%	
GOBP_REGULATION_OF_ANIMAL_ORGAN_FORMATION	GOBP_REGULATION_OF_ANIMAL_ORGAN_FORMATION		29	0.33948484	2.1639998	0.0019379845	0.03391874	0.973	7083	tags=72%, list=39%, signal=118%	
GOBP_REGULATION_OF_SYNAPTIC_TRANSMISSION_GLUTAMATERGIC	GOBP_REGULATION_OF_SYNAPTIC_TRANSMISSION_GLUTAMATERGIC		72	0.2107079	2.1506224	0.0	0.036745608	0.979	9166	tags=71%, list=50%, signal=141%	
GOBP_SINGLE_FERTILIZATION	GOBP_SINGLE_FERTILIZATION		181	0.13687217	2.1460333	0.002	0.037526406	0.981	5940	tags=46%, list=32%, signal=67%	
GOBP_OVULATION_CYCLE_PROCESS	GOBP_OVULATION_CYCLE_PROCESS		49	0.25966832	2.1435702	0.0019493178	0.037723772	0.983	4244	tags=49%, list=23%, signal=64%	
GOBP_REGULATION_OF_INSULIN_LIKE_GROWTH_FACTOR_RECEPTOR_SIGNALING_PATHWAY	GOBP_REGULATION_OF_INSULIN_LIKE_GROWTH_FACTOR_RECEPTOR_SIGNALING_PATHWAY		23	0.3777174	2.136357	0.0	0.039194938	0.986	3456	tags=57%, list=19%, signal=70%	
GOBP_LUNG_ALVEOLUS_DEVELOPMENT	GOBP_LUNG_ALVEOLUS_DEVELOPMENT		55	0.24533752	2.1356328	0.0	0.038925234	0.986	8207	tags=69%, list=45%, signal=124%	
GOBP_REGULATION_OF_POSTSYNAPTIC_MEMBRANE_POTENTIAL	GOBP_REGULATION_OF_POSTSYNAPTIC_MEMBRANE_POTENTIAL		151	0.15097485	2.135446	0.004056795	0.038585577	0.986	6867	tags=52%, list=37%, signal=83%	
GOBP_POSITIVE_REGULATION_OF_CARTILAGE_DEVELOPMENT	GOBP_POSITIVE_REGULATION_OF_CARTILAGE_DEVELOPMENT		32	0.31520984	2.1315455	0.003929273	0.03921406	0.989	4557	tags=56%, list=25%, signal=75%	
GOBP_FERTILIZATION	GOBP_FERTILIZATION		218	0.12438377	2.120956	0.0019455253	0.041683853	0.992	5753	tags=44%, list=31%, signal=63%	
GOBP_MOTILE_CILIUM_ASSEMBLY	GOBP_MOTILE_CILIUM_ASSEMBLY		79	0.20171942	2.1179519	0.007889546	0.042083398	0.993	6781	tags=57%, list=37%, signal=90%	
GOBP_EMBRYONIC_SKELETAL_SYSTEM_DEVELOPMENT	GOBP_EMBRYONIC_SKELETAL_SYSTEM_DEVELOPMENT		136	0.15180208	2.1159973	0.0020449897	0.04229111	0.993	8587	tags=62%, list=47%, signal=115%	
GOBP_GLUTAMATE_SECRETION	GOBP_GLUTAMATE_SECRETION		30	0.32709005	2.1155605	0.0019305019	0.04199203	0.993	6867	tags=70%, list=37%, signal=112%	
GOBP_DEVELOPMENT_OF_PRIMARY_FEMALE_SEXUAL_CHARACTERISTICS	GOBP_DEVELOPMENT_OF_PRIMARY_FEMALE_SEXUAL_CHARACTERISTICS		109	0.17551877	2.1141195	0.0	0.04203731	0.993	7926	tags=61%, list=43%, signal=106%	
GOBP_REGULATION_OF_TRANSMEMBRANE_RECEPTOR_PROTEIN_SERINE_THREONINE_KINASE_SIGNALING_PATHWAY	GOBP_REGULATION_OF_TRANSMEMBRANE_RECEPTOR_PROTEIN_SERINE_THREONINE_KINASE_SIGNALING_PATHWAY		277	0.11085388	2.1094697	0.0	0.04288774	0.995	6091	tags=44%, list=33%, signal=65%	
GOBP_AMMONIUM_ION_METABOLIC_PROCESS	GOBP_AMMONIUM_ION_METABOLIC_PROCESS		24	0.35370728	2.1017478	0.0038022813	0.044575267	0.995	8062	tags=79%, list=44%, signal=141%	
GOBP_BILE_ACID_AND_BILE_SALT_TRANSPORT	GOBP_BILE_ACID_AND_BILE_SALT_TRANSPORT		29	0.32554114	2.0958993	0.003976143	0.045832485	0.995	3534	tags=52%, list=19%, signal=64%	
GOBP_DESMOSOME_ORGANIZATION	GOBP_DESMOSOME_ORGANIZATION		15	0.44893342	2.0954068	0.0	0.04555978	0.995	2784	tags=60%, list=15%, signal=71%	
GOBP_POTASSIUM_ION_TRANSPORT	GOBP_POTASSIUM_ION_TRANSPORT		229	0.117634885	2.094337	0.002020202	0.045413084	0.995	6536	tags=47%, list=36%, signal=72%	
GOBP_NEGATIVE_CHEMOTAXIS	GOBP_NEGATIVE_CHEMOTAXIS		45	0.263091	2.0850463	0.0041753654	0.04796373	0.997	7433	tags=67%, list=40%, signal=112%	
GOBP_POSITIVE_REGULATION_OF_NEURON_DIFFERENTIATION	GOBP_POSITIVE_REGULATION_OF_NEURON_DIFFERENTIATION		88	0.18486413	2.0774705	0.004048583	0.04978813	0.998	4557	tags=43%, list=25%, signal=57%	
GOBP_PATTERN_SPECIFICATION_PROCESS	GOBP_PATTERN_SPECIFICATION_PROCESS		464	0.08371932	2.0767345	0.0040983604	0.049534913	0.998	3413	tags=27%, list=19%, signal=32%	
GOBP_SENSORY_PERCEPTION_OF_LIGHT_STIMULUS	GOBP_SENSORY_PERCEPTION_OF_LIGHT_STIMULUS		216	0.121277206	2.0635824	0.002016129	0.053734977	0.999	6820	tags=49%, list=37%, signal=77%	
GOBP_REGULATION_OF_NEUROTRANSMITTER_SECRETION	GOBP_REGULATION_OF_NEUROTRANSMITTER_SECRETION		87	0.1854271	2.0603468	0.004140787	0.05425427	0.999	9077	tags=68%, list=49%, signal=133%	
GOBP_ANIMAL_ORGAN_FORMATION	GOBP_ANIMAL_ORGAN_FORMATION		68	0.21261208	2.0595174	0.007905139	0.054063994	0.999	7192	tags=60%, list=39%, signal=99%	
GOBP_REGULATION_OF_OSTEOBLAST_DIFFERENTIATION	GOBP_REGULATION_OF_OSTEOBLAST_DIFFERENTIATION		133	0.15245846	2.058226	0.005769231	0.05404629	0.999	7448	tags=56%, list=40%, signal=93%	
GOBP_MUSCLE_CELL_MIGRATION	GOBP_MUSCLE_CELL_MIGRATION		84	0.18987079	2.0491621	0.0019723866	0.056607656	0.999	7689	tags=61%, list=42%, signal=104%	
GOBP_MESONEPHRIC_TUBULE_MORPHOGENESIS	GOBP_MESONEPHRIC_TUBULE_MORPHOGENESIS		68	0.20946111	2.048806	0.0	0.05623481	0.999	5627	tags=51%, list=31%, signal=74%	
GOBP_REGULATION_OF_FLAGELLATED_SPERM_MOTILITY	GOBP_REGULATION_OF_FLAGELLATED_SPERM_MOTILITY		23	0.35586464	2.0457084	0.0	0.05697015	0.999	4657	tags=61%, list=25%, signal=81%	
GOBP_OSTEOBLAST_DIFFERENTIATION	GOBP_OSTEOBLAST_DIFFERENTIATION		238	0.11574079	2.042237	0.0039138943	0.057838112	0.999	6398	tags=46%, list=35%, signal=70%	
GOBP_CELLULAR_RESPONSE_TO_METAL_ION	GOBP_CELLULAR_RESPONSE_TO_METAL_ION		180	0.12656912	2.0412118	0.0041067763	0.05770276	0.999	5970	tags=45%, list=32%, signal=66%	
GOBP_PIGMENT_BIOSYNTHETIC_PROCESS	GOBP_PIGMENT_BIOSYNTHETIC_PROCESS		56	0.2354358	2.0375974	0.004166667	0.05863959	0.999	11446	tags=86%, list=62%, signal=226%	
GOBP_REGULATION_OF_EPITHELIAL_CELL_DIFFERENTIATION	GOBP_REGULATION_OF_EPITHELIAL_CELL_DIFFERENTIATION		156	0.13976856	2.0341883	0.0039138943	0.059326027	0.999	4288	tags=37%, list=23%, signal=48%	
GOBP_ORGAN_INDUCTION	GOBP_ORGAN_INDUCTION		23	0.35438523	2.0283318	0.001980198	0.061111625	1.0	7083	tags=74%, list=39%, signal=120%	
GOBP_PHENOL_CONTAINING_COMPOUND_METABOLIC_PROCESS	GOBP_PHENOL_CONTAINING_COMPOUND_METABOLIC_PROCESS		114	0.16191426	2.0230446	0.0	0.06246124	1.0	3654	tags=36%, list=20%, signal=45%	
GOBP_PIRNA_MEDIATED_HETEROCHROMATIN_FORMATION	GOBP_PIRNA_MEDIATED_HETEROCHROMATIN_FORMATION		16	0.4257381	2.0225356	0.003944773	0.062131517	1.0	2521	tags=56%, list=14%, signal=65%	
GOBP_MEIOSIS_I_CELL_CYCLE_PROCESS	GOBP_MEIOSIS_I_CELL_CYCLE_PROCESS		138	0.14713167	2.022151	0.0102459015	0.061761472	1.0	9041	tags=64%, list=49%, signal=124%	
GOBP_FIBRINOLYSIS	GOBP_FIBRINOLYSIS		27	0.3200102	2.0216773	0.002020202	0.061435394	1.0	6383	tags=67%, list=35%, signal=102%	
GOBP_FEAR_RESPONSE	GOBP_FEAR_RESPONSE		53	0.23650344	2.020971	0.005988024	0.061275333	1.0	4684	tags=49%, list=25%, signal=66%	
GOBP_HUMORAL_IMMUNE_RESPONSE_MEDIATED_BY_CIRCULATING_IMMUNOGLOBULIN	GOBP_HUMORAL_IMMUNE_RESPONSE_MEDIATED_BY_CIRCULATING_IMMUNOGLOBULIN		45	0.25512195	2.0181623	0.00203666	0.0617921	1.0	3901	tags=47%, list=21%, signal=59%	
GOBP_NEURON_MIGRATION	GOBP_NEURON_MIGRATION		188	0.12518011	2.0071971	0.0019230769	0.06554888	1.0	10731	tags=71%, list=58%, signal=168%	
GOBP_POSITIVE_REGULATION_OF_CIRCADIAN_RHYTHM	GOBP_POSITIVE_REGULATION_OF_CIRCADIAN_RHYTHM		19	0.3766286	2.0002327	0.0019723866	0.06765169	1.0	3727	tags=58%, list=20%, signal=73%	
GOBP_EMBRYONIC_CRANIAL_SKELETON_MORPHOGENESIS	GOBP_EMBRYONIC_CRANIAL_SKELETON_MORPHOGENESIS		43	0.25060713	1.9987034	0.012219959	0.067755535	1.0	6521	tags=60%, list=35%, signal=93%	
GOBP_SYNAPTIC_TRANSMISSION_GLUTAMATERGIC	GOBP_SYNAPTIC_TRANSMISSION_GLUTAMATERGIC		106	0.1665026	1.997878	0.0058365758	0.067660436	1.0	9273	tags=67%, list=50%, signal=134%	
GOBP_REGULATION_OF_EXTRACELLULAR_MATRIX_ORGANIZATION	GOBP_REGULATION_OF_EXTRACELLULAR_MATRIX_ORGANIZATION		61	0.22227287	1.9974498	0.008528785	0.06735263	1.0	4668	tags=48%, list=25%, signal=64%	
GOBP_PLASMINOGEN_ACTIVATION	GOBP_PLASMINOGEN_ACTIVATION		25	0.3333268	1.9872869	0.001992032	0.07117206	1.0	6383	tags=68%, list=35%, signal=104%	
GOBP_MULTI_MULTICELLULAR_ORGANISM_PROCESS	GOBP_MULTI_MULTICELLULAR_ORGANISM_PROCESS		218	0.11679336	1.985458	0.012552301	0.07130706	1.0	8000	tags=55%, list=43%, signal=96%	
GOBP_DORSAL_VENTRAL_PATTERN_FORMATION	GOBP_DORSAL_VENTRAL_PATTERN_FORMATION		88	0.17869028	1.985088	0.0020491802	0.071038686	1.0	4670	tags=43%, list=25%, signal=58%	
GOBP_DEVELOPMENTAL_INDUCTION	GOBP_DEVELOPMENTAL_INDUCTION		35	0.28649879	1.9842397	0.014492754	0.0708168	1.0	7351	tags=69%, list=40%, signal=114%	
GOBP_SODIUM_ION_TRANSMEMBRANE_TRANSPORT	GOBP_SODIUM_ION_TRANSMEMBRANE_TRANSPORT		182	0.12671492	1.9832461	0.014	0.07069703	1.0	6584	tags=48%, list=36%, signal=75%	
GOBP_REGULATION_OF_MICROTUBULE_BASED_MOVEMENT	GOBP_REGULATION_OF_MICROTUBULE_BASED_MOVEMENT		60	0.214821	1.979624	0.00407332	0.07169287	1.0	3111	tags=38%, list=17%, signal=46%	
GOBP_EPITHELIAL_TO_MESENCHYMAL_TRANSITION	GOBP_EPITHELIAL_TO_MESENCHYMAL_TRANSITION		169	0.13346376	1.9724529	0.005976096	0.07418185	1.0	6164	tags=47%, list=34%, signal=70%	
GOBP_SODIUM_ION_TRANSPORT	GOBP_SODIUM_ION_TRANSPORT		246	0.10883307	1.9710357	0.0102459015	0.07423941	1.0	5575	tags=41%, list=30%, signal=58%	
GOBP_POSITIVE_REGULATION_OF_NEURON_PROJECTION_DEVELOPMENT	GOBP_POSITIVE_REGULATION_OF_NEURON_PROJECTION_DEVELOPMENT		153	0.13741833	1.9705465	0.012121212	0.07395051	1.0	8311	tags=59%, list=45%, signal=106%	
GOBP_NEUROENDOCRINE_CELL_DIFFERENTIATION	GOBP_NEUROENDOCRINE_CELL_DIFFERENTIATION		18	0.37686944	1.964125	0.008385744	0.07622243	1.0	3292	tags=56%, list=18%, signal=68%	
GOBP_REGULATION_OF_TRANS_SYNAPTIC_SIGNALING	GOBP_REGULATION_OF_TRANS_SYNAPTIC_SIGNALING		500	0.07510929	1.9614651	0.016032064	0.076941125	1.0	9322	tags=58%, list=51%, signal=114%	
GOBP_HOMOLOGOUS_RECOMBINATION	GOBP_HOMOLOGOUS_RECOMBINATION		67	0.20626484	1.955889	0.006122449	0.07885875	1.0	11042	tags=81%, list=60%, signal=201%	
GOBP_NEGATIVE_REGULATION_OF_EPITHELIAL_CELL_DIFFERENTIATION	GOBP_NEGATIVE_REGULATION_OF_EPITHELIAL_CELL_DIFFERENTIATION		46	0.24566345	1.9405649	0.001992032	0.08530922	1.0	4288	tags=48%, list=23%, signal=62%	
GOBP_CONNECTIVE_TISSUE_DEVELOPMENT	GOBP_CONNECTIVE_TISSUE_DEVELOPMENT		298	0.09839191	1.9345326	0.007751938	0.08759503	1.0	6180	tags=43%, list=34%, signal=64%	
GOBP_CIRCADIAN_RHYTHM	GOBP_CIRCADIAN_RHYTHM		207	0.11397501	1.9336782	0.009487666	0.08744662	1.0	9121	tags=61%, list=50%, signal=119%	
GOBP_STEROID_CATABOLIC_PROCESS	GOBP_STEROID_CATABOLIC_PROCESS		25	0.31974953	1.9299542	0.010504202	0.08872937	1.0	7368	tags=72%, list=40%, signal=120%	
GOBP_HETEROPHILIC_CELL_CELL_ADHESION_VIA_PLASMA_MEMBRANE_CELL_ADHESION_MOLECULES	GOBP_HETEROPHILIC_CELL_CELL_ADHESION_VIA_PLASMA_MEMBRANE_CELL_ADHESION_MOLECULES		46	0.24424735	1.9282389	0.003944773	0.08916179	1.0	6313	tags=59%, list=34%, signal=89%	
GOBP_HAIR_FOLLICLE_MATURATION	GOBP_HAIR_FOLLICLE_MATURATION		15	0.41792923	1.927809	0.012145749	0.08881152	1.0	8258	tags=87%, list=45%, signal=157%	
GOBP_SPECIFICATION_OF_ANIMAL_ORGAN_IDENTITY	GOBP_SPECIFICATION_OF_ANIMAL_ORGAN_IDENTITY		38	0.25911295	1.9264632	0.004	0.089010976	1.0	4439	tags=50%, list=24%, signal=66%	
GOBP_POSITIVE_REGULATION_OF_ANIMAL_ORGAN_MORPHOGENESIS	GOBP_POSITIVE_REGULATION_OF_ANIMAL_ORGAN_MORPHOGENESIS		35	0.27338356	1.9239962	0.012793177	0.08964753	1.0	4439	tags=51%, list=24%, signal=68%	
GOBP_MITOTIC_RECOMBINATION	GOBP_MITOTIC_RECOMBINATION		29	0.29765183	1.9202411	0.0077220076	0.090862915	1.0	11022	tags=90%, list=60%, signal=223%	
GOBP_INNER_DYNEIN_ARM_ASSEMBLY	GOBP_INNER_DYNEIN_ARM_ASSEMBLY		16	0.3957755	1.9183862	0.009416196	0.0912747	1.0	4221	tags=63%, list=23%, signal=81%	
GOBP_LOCOMOTORY_BEHAVIOR	GOBP_LOCOMOTORY_BEHAVIOR		215	0.112373084	1.9182178	0.017681729	0.09081137	1.0	6596	tags=47%, list=36%, signal=72%	
GOBP_UTERUS_DEVELOPMENT	GOBP_UTERUS_DEVELOPMENT		28	0.3075381	1.913532	0.004016064	0.09276914	1.0	4204	tags=54%, list=23%, signal=69%	
GOBP_REPRODUCTIVE_SYSTEM_DEVELOPMENT	GOBP_REPRODUCTIVE_SYSTEM_DEVELOPMENT		307	0.09652475	1.9112666	0.00990099	0.09344735	1.0	4244	tags=33%, list=23%, signal=42%	
GOBP_NEGATIVE_REGULATION_OF_TRANSMEMBRANE_RECEPTOR_PROTEIN_SERINE_THREONINE_KINASE_SIGNALING_PATHWAY	GOBP_NEGATIVE_REGULATION_OF_TRANSMEMBRANE_RECEPTOR_PROTEIN_SERINE_THREONINE_KINASE_SIGNALING_PATHWAY		155	0.13012262	1.9080701	0.0057361377	0.09468479	1.0	6169	tags=46%, list=34%, signal=69%	
GOBP_SPERM_CAPACITATION	GOBP_SPERM_CAPACITATION		31	0.28177312	1.9015552	0.005859375	0.09768534	1.0	2538	tags=42%, list=14%, signal=49%	
GOBP_REGULATION_OF_ACROSOME_REACTION	GOBP_REGULATION_OF_ACROSOME_REACTION		19	0.36666209	1.9008837	0.006185567	0.0975093	1.0	5846	tags=68%, list=32%, signal=100%	
GOBP_LENS_DEVELOPMENT_IN_CAMERA_TYPE_EYE	GOBP_LENS_DEVELOPMENT_IN_CAMERA_TYPE_EYE		85	0.17430289	1.898219	0.01778656	0.09828345	1.0	9141	tags=67%, list=50%, signal=133%	
GOBP_KIDNEY_MORPHOGENESIS	GOBP_KIDNEY_MORPHOGENESIS		99	0.1675386	1.8938742	0.009861933	0.10026685	1.0	6037	tags=49%, list=33%, signal=73%	
GOBP_CRANIOFACIAL_SUTURE_MORPHOGENESIS	GOBP_CRANIOFACIAL_SUTURE_MORPHOGENESIS		15	0.39854524	1.8879242	0.0019762847	0.1031345	1.0	4936	tags=67%, list=27%, signal=91%	
GOBP_NEURAL_TUBE_PATTERNING	GOBP_NEURAL_TUBE_PATTERNING		33	0.2818324	1.8847219	0.005905512	0.10439112	1.0	9315	tags=79%, list=51%, signal=159%	
GOBP_MATURATION_OF_SSU_RRNA_FROM_TRICISTRONIC_RRNA_TRANSCRIPT_SSU_RRNA_5_8S_RRNA_LSU_RRNA	GOBP_MATURATION_OF_SSU_RRNA_FROM_TRICISTRONIC_RRNA_TRANSCRIPT_SSU_RRNA_5_8S_RRNA_LSU_RRNA		35	0.2635884	1.8837283	0.013487476	0.10425883	1.0	8297	tags=71%, list=45%, signal=130%	
GOBP_REGULATION_OF_MRNA_METABOLIC_PROCESS	GOBP_REGULATION_OF_MRNA_METABOLIC_PROCESS		298	0.0951347	1.8829656	0.007677543	0.10409138	1.0	14879	tags=90%, list=81%, signal=465%	
GOBP_SECONDARY_METABOLITE_BIOSYNTHETIC_PROCESS	GOBP_SECONDARY_METABOLITE_BIOSYNTHETIC_PROCESS		26	0.30383047	1.8828171	0.005882353	0.10356657	1.0	4322	tags=54%, list=24%, signal=70%	
GOBP_REGULATION_OF_EXTRACELLULAR_MATRIX_DISASSEMBLY	GOBP_REGULATION_OF_EXTRACELLULAR_MATRIX_DISASSEMBLY		19	0.3525674	1.8777448	0.01010101	0.106014796	1.0	5137	tags=63%, list=28%, signal=88%	
GOBP_SKIN_EPIDERMIS_DEVELOPMENT	GOBP_SKIN_EPIDERMIS_DEVELOPMENT		136	0.13894138	1.8775312	0.015355086	0.10558698	1.0	8957	tags=63%, list=49%, signal=121%	
GOBP_GENITALIA_DEVELOPMENT	GOBP_GENITALIA_DEVELOPMENT		45	0.23741055	1.8756499	0.00811359	0.10616143	1.0	5452	tags=53%, list=30%, signal=76%	
GOBP_MORPHOGENESIS_OF_A_POLARIZED_EPITHELIUM	GOBP_MORPHOGENESIS_OF_A_POLARIZED_EPITHELIUM		58	0.20835143	1.8735486	0.010373444	0.10690286	1.0	9814	tags=74%, list=53%, signal=158%	
GOBP_SEX_DIFFERENTIATION	GOBP_SEX_DIFFERENTIATION		279	0.09681416	1.872996	0.014522822	0.10661149	1.0	4244	tags=33%, list=23%, signal=42%	
GOBP_CARDIAC_ATRIUM_DEVELOPMENT	GOBP_CARDIAC_ATRIUM_DEVELOPMENT		37	0.26263514	1.8725955	0.007782101	0.1062603	1.0	8102	tags=70%, list=44%, signal=125%	
GOBP_METANEPHRIC_NEPHRON_MORPHOGENESIS	GOBP_METANEPHRIC_NEPHRON_MORPHOGENESIS		23	0.325365	1.8716147	0.008264462	0.10621961	1.0	3618	tags=52%, list=20%, signal=65%	
GOBP_PARAXIAL_MESODERM_DEVELOPMENT	GOBP_PARAXIAL_MESODERM_DEVELOPMENT		20	0.34942302	1.8708163	0.008048289	0.106183566	1.0	7373	tags=75%, list=40%, signal=125%	
GOBP_MUSCLE_ORGAN_DEVELOPMENT	GOBP_MUSCLE_ORGAN_DEVELOPMENT		360	0.08639043	1.8700573	0.01004016	0.106115825	1.0	8352	tags=54%, list=45%, signal=97%	
GOBP_MODULATION_OF_EXCITATORY_POSTSYNAPTIC_POTENTIAL	GOBP_MODULATION_OF_EXCITATORY_POSTSYNAPTIC_POTENTIAL		50	0.22593969	1.8651345	0.012072435	0.108359426	1.0	6154	tags=56%, list=33%, signal=84%	
GOBP_REGULATION_OF_ANIMAL_ORGAN_MORPHOGENESIS	GOBP_REGULATION_OF_ANIMAL_ORGAN_MORPHOGENESIS		84	0.17528035	1.8638731	0.012170386	0.10850571	1.0	4672	tags=43%, list=25%, signal=57%	
GOBP_NEUROINFLAMMATORY_RESPONSE	GOBP_NEUROINFLAMMATORY_RESPONSE		80	0.17834772	1.8592726	0.0137795275	0.11065631	1.0	5469	tags=48%, list=30%, signal=67%	
GOBP_VASCULAR_TRANSPORT	GOBP_VASCULAR_TRANSPORT		88	0.16644317	1.8579998	0.008976661	0.11088283	1.0	7820	tags=59%, list=43%, signal=102%	
GOBP_METANEPHROS_MORPHOGENESIS	GOBP_METANEPHROS_MORPHOGENESIS		30	0.27948192	1.8577306	0.020408163	0.11046583	1.0	5289	tags=57%, list=29%, signal=79%	
GOBP_DETECTION_OF_LIGHT_STIMULUS	GOBP_DETECTION_OF_LIGHT_STIMULUS		71	0.18831953	1.8559908	0.014084507	0.11103261	1.0	5874	tags=51%, list=32%, signal=74%	
GOBP_HOMOLOGOUS_CHROMOSOME_SEGREGATION	GOBP_HOMOLOGOUS_CHROMOSOME_SEGREGATION		66	0.19238001	1.8519933	0.008298756	0.112917975	1.0	8177	tags=64%, list=44%, signal=114%	
GOBP_REGULATION_OF_DEVELOPMENTAL_GROWTH	GOBP_REGULATION_OF_DEVELOPMENTAL_GROWTH		312	0.092773214	1.8461545	0.010351967	0.11594084	1.0	8873	tags=57%, list=48%, signal=109%	
GOBP_REGULATION_OF_EPITHELIAL_TO_MESENCHYMAL_TRANSITION	GOBP_REGULATION_OF_EPITHELIAL_TO_MESENCHYMAL_TRANSITION		103	0.15445483	1.8433168	0.015873017	0.117147766	1.0	6102	tags=49%, list=33%, signal=72%	
GOBP_ODONTOBLAST_DIFFERENTIATION	GOBP_ODONTOBLAST_DIFFERENTIATION		18	0.3563109	1.8431818	0.010224949	0.11664221	1.0	2648	tags=50%, list=14%, signal=58%	
GOBP_DETECTION_OF_VISIBLE_LIGHT	GOBP_DETECTION_OF_VISIBLE_LIGHT		34	0.26654524	1.8426195	0.013618677	0.11642326	1.0	7547	tags=68%, list=41%, signal=115%	
GOBP_CHONDROCYTE_PROLIFERATION	GOBP_CHONDROCYTE_PROLIFERATION		25	0.30164215	1.84253	0.009881423	0.1159047	1.0	4758	tags=56%, list=26%, signal=75%	
GOBP_CARDIAC_SEPTUM_MORPHOGENESIS	GOBP_CARDIAC_SEPTUM_MORPHOGENESIS		76	0.17861761	1.8414936	0.01048218	0.11598762	1.0	8101	tags=62%, list=44%, signal=110%	
GOBP_PROTEIN_KINASE_A_SIGNALING	GOBP_PROTEIN_KINASE_A_SIGNALING		19	0.34891194	1.8383415	0.00998004	0.11749243	1.0	8108	tags=79%, list=44%, signal=141%	
GOBP_COLUMNAR_CUBOIDAL_EPITHELIAL_CELL_DIFFERENTIATION	GOBP_COLUMNAR_CUBOIDAL_EPITHELIAL_CELL_DIFFERENTIATION		111	0.14937706	1.8351399	0.010416667	0.11896675	1.0	9032	tags=64%, list=49%, signal=125%	
GOBP_REGULATION_OF_CARTILAGE_DEVELOPMENT	GOBP_REGULATION_OF_CARTILAGE_DEVELOPMENT		73	0.18499881	1.8341697	0.0102459015	0.11889283	1.0	4672	tags=44%, list=25%, signal=59%	
GOBP_PHENOL_CONTAINING_COMPOUND_BIOSYNTHETIC_PROCESS	GOBP_PHENOL_CONTAINING_COMPOUND_BIOSYNTHETIC_PROCESS		48	0.22216696	1.8338274	0.017441861	0.11859234	1.0	4353	tags=46%, list=24%, signal=60%	
GOBP_ESTABLISHMENT_OF_SKIN_BARRIER	GOBP_ESTABLISHMENT_OF_SKIN_BARRIER		37	0.24610588	1.8311361	0.014736842	0.11964392	1.0	4926	tags=51%, list=27%, signal=70%	
GOBP_EMBRYONIC_HINDLIMB_MORPHOGENESIS	GOBP_EMBRYONIC_HINDLIMB_MORPHOGENESIS		28	0.2842206	1.8282213	0.013861386	0.121086046	1.0	5289	tags=57%, list=29%, signal=80%	
GOBP_LENS_FIBER_CELL_DIFFERENTIATION	GOBP_LENS_FIBER_CELL_DIFFERENTIATION		38	0.2459271	1.826882	0.015904572	0.12130854	1.0	4681	tags=50%, list=25%, signal=67%	
GOBP_CENTRAL_NERVOUS_SYSTEM_NEURON_DEVELOPMENT	GOBP_CENTRAL_NERVOUS_SYSTEM_NEURON_DEVELOPMENT		96	0.15942483	1.8262067	0.015503876	0.1211402	1.0	10684	tags=74%, list=58%, signal=176%	
GOBP_MALE_GENITALIA_DEVELOPMENT	GOBP_MALE_GENITALIA_DEVELOPMENT		23	0.31258285	1.8259363	0.015717093	0.12073671	1.0	5452	tags=61%, list=30%, signal=86%	
GOBP_RIBOSOMAL_SMALL_SUBUNIT_BIOGENESIS	GOBP_RIBOSOMAL_SMALL_SUBUNIT_BIOGENESIS		106	0.15023243	1.8252865	0.015414258	0.120569244	1.0	10091	tags=70%, list=55%, signal=154%	
GOBP_BONE_DEVELOPMENT	GOBP_BONE_DEVELOPMENT		213	0.10744636	1.825154	0.010330578	0.120106235	1.0	5644	tags=41%, list=31%, signal=59%	
GOBP_SMAD_PROTEIN_SIGNAL_TRANSDUCTION	GOBP_SMAD_PROTEIN_SIGNAL_TRANSDUCTION		84	0.17050856	1.8249595	0.016427105	0.11964784	1.0	6073	tags=50%, list=33%, signal=74%	
GOBP_POSITIVE_REGULATION_OF_MRNA_METABOLIC_PROCESS	GOBP_POSITIVE_REGULATION_OF_MRNA_METABOLIC_PROCESS		133	0.1326966	1.8248382	0.009652509	0.11912412	1.0	14861	tags=94%, list=81%, signal=486%	
GOBP_CHEMICAL_SYNAPTIC_TRANSMISSION_POSTSYNAPTIC	GOBP_CHEMICAL_SYNAPTIC_TRANSMISSION_POSTSYNAPTIC		120	0.14434762	1.8231955	0.0077220076	0.11955638	1.0	8856	tags=63%, list=48%, signal=120%	
GOBP_OVARIAN_FOLLICLE_DEVELOPMENT	GOBP_OVARIAN_FOLLICLE_DEVELOPMENT		61	0.19668461	1.8204849	0.01509434	0.12071652	1.0	6343	tags=54%, list=34%, signal=82%	
GOBP_ANTERIOR_POSTERIOR_AXIS_SPECIFICATION	GOBP_ANTERIOR_POSTERIOR_AXIS_SPECIFICATION		55	0.20871608	1.819964	0.012244898	0.12048935	1.0	3194	tags=38%, list=17%, signal=46%	
GOBP_PIGMENT_CELL_DIFFERENTIATION	GOBP_PIGMENT_CELL_DIFFERENTIATION		35	0.2627105	1.8197622	0.016064256	0.12006813	1.0	3584	tags=46%, list=19%, signal=57%	
GOBP_REGULATION_OF_VESICLE_FUSION	GOBP_REGULATION_OF_VESICLE_FUSION		34	0.26321745	1.8172765	0.01446281	0.1211818	1.0	8149	tags=71%, list=44%, signal=127%	
GOBP_MORPHOGENESIS_OF_A_BRANCHING_STRUCTURE	GOBP_MORPHOGENESIS_OF_A_BRANCHING_STRUCTURE		210	0.10867051	1.8162447	0.009708738	0.12133208	1.0	6343	tags=45%, list=34%, signal=68%	
GOBP_CEREBRAL_CORTEX_CELL_MIGRATION	GOBP_CEREBRAL_CORTEX_CELL_MIGRATION		49	0.22193514	1.8148156	0.018442623	0.12174533	1.0	10566	tags=80%, list=57%, signal=187%	
GOBP_MUSCLE_TISSUE_DEVELOPMENT	GOBP_MUSCLE_TISSUE_DEVELOPMENT		427	0.07730669	1.8076265	0.015686275	0.1259083	1.0	8258	tags=52%, list=45%, signal=93%	
GOBP_POSITIVE_REGULATION_OF_CELL_JUNCTION_ASSEMBLY	GOBP_POSITIVE_REGULATION_OF_CELL_JUNCTION_ASSEMBLY		111	0.14682023	1.8053274	0.020120725	0.12681803	1.0	8416	tags=60%, list=46%, signal=111%	
GOBP_GAMMA_AMINOBUTYRIC_ACID_SIGNALING_PATHWAY	GOBP_GAMMA_AMINOBUTYRIC_ACID_SIGNALING_PATHWAY		30	0.27437326	1.796821	0.007736944	0.13237529	1.0	9061	tags=77%, list=49%, signal=151%	
GOBP_PULMONARY_VALVE_MORPHOGENESIS	GOBP_PULMONARY_VALVE_MORPHOGENESIS		20	0.33381417	1.7950377	0.013916501	0.13317157	1.0	3062	tags=50%, list=17%, signal=60%	
GOBP_POSITIVE_REGULATION_OF_MEIOTIC_NUCLEAR_DIVISION	GOBP_POSITIVE_REGULATION_OF_MEIOTIC_NUCLEAR_DIVISION		17	0.36104727	1.7860318	0.025316456	0.1391538	1.0	6347	tags=71%, list=35%, signal=108%	
GOBP_REGULATION_OF_SYNAPSE_ASSEMBLY	GOBP_REGULATION_OF_SYNAPSE_ASSEMBLY		172	0.11515611	1.7826233	0.016393442	0.14103214	1.0	6348	tags=46%, list=35%, signal=69%	
GOBP_HINDLIMB_MORPHOGENESIS	GOBP_HINDLIMB_MORPHOGENESIS		35	0.2557031	1.7758534	0.018218623	0.14567845	1.0	5289	tags=54%, list=29%, signal=76%	
GOBP_REGULATION_OF_NEUROTRANSMITTER_TRANSPORT	GOBP_REGULATION_OF_NEUROTRANSMITTER_TRANSPORT		105	0.14686178	1.7755588	0.024242423	0.14525716	1.0	9399	tags=66%, list=51%, signal=134%	
GOBP_OOGENESIS	GOBP_OOGENESIS		113	0.13989834	1.7747436	0.018595042	0.14511472	1.0	1999	tags=25%, list=11%, signal=28%	
GOBP_ANTIGEN_PROCESSING_AND_PRESENTATION_OF_PEPTIDE_OR_POLYSACCHARIDE_ANTIGEN_VIA_MHC_CLASS_II	GOBP_ANTIGEN_PROCESSING_AND_PRESENTATION_OF_PEPTIDE_OR_POLYSACCHARIDE_ANTIGEN_VIA_MHC_CLASS_II		35	0.25588208	1.7734401	0.019493178	0.14559937	1.0	7913	tags=69%, list=43%, signal=120%	
GOBP_REGULATION_OF_BRANCHING_INVOLVED_IN_URETERIC_BUD_MORPHOGENESIS	GOBP_REGULATION_OF_BRANCHING_INVOLVED_IN_URETERIC_BUD_MORPHOGENESIS		21	0.32210904	1.7730131	0.013861386	0.14526996	1.0	4591	tags=57%, list=25%, signal=76%	
GOBP_NEURAL_TUBE_DEVELOPMENT	GOBP_NEURAL_TUBE_DEVELOPMENT		163	0.118744	1.7698983	0.024621213	0.14691009	1.0	13292	tags=84%, list=72%, signal=300%	
GOBP_RETINA_LAYER_FORMATION	GOBP_RETINA_LAYER_FORMATION		26	0.2956837	1.7690814	0.026104419	0.14693853	1.0	7301	tags=69%, list=40%, signal=115%	
GOBP_REFLEX	GOBP_REFLEX		23	0.313248	1.7651994	0.016032064	0.14910775	1.0	7039	tags=70%, list=38%, signal=113%	
GOBP_NEUROTRANSMITTER_GATED_ION_CHANNEL_CLUSTERING	GOBP_NEUROTRANSMITTER_GATED_ION_CHANNEL_CLUSTERING		18	0.34092602	1.764328	0.01992032	0.14906092	1.0	9061	tags=83%, list=49%, signal=164%	
GOBP_DEVELOPMENTAL_CELL_GROWTH	GOBP_DEVELOPMENTAL_CELL_GROWTH		224	0.10335536	1.7638113	0.012448133	0.14888436	1.0	9041	tags=59%, list=49%, signal=115%	
GOBP_AXIS_SPECIFICATION	GOBP_AXIS_SPECIFICATION		95	0.15338182	1.7585304	0.023554605	0.15250161	1.0	3194	tags=33%, list=17%, signal=39%	
GOBP_AXON_EXTENSION	GOBP_AXON_EXTENSION		111	0.14246407	1.7567359	0.013257576	0.15332238	1.0	8827	tags=62%, list=48%, signal=119%	
GOBP_POSITIVE_REGULATION_OF_CHONDROCYTE_DIFFERENTIATION	GOBP_POSITIVE_REGULATION_OF_CHONDROCYTE_DIFFERENTIATION		21	0.3239599	1.7565366	0.020576132	0.15286227	1.0	4557	tags=57%, list=25%, signal=76%	
GOBP_REGULATORY_NCRNA_MEDIATED_HETEROCHROMATIN_FORMATION	GOBP_REGULATORY_NCRNA_MEDIATED_HETEROCHROMATIN_FORMATION		23	0.29747862	1.7536556	0.019493178	0.15447257	1.0	2531	tags=43%, list=14%, signal=50%	
GOBP_CHONDROCYTE_DIFFERENTIATION	GOBP_CHONDROCYTE_DIFFERENTIATION		119	0.13589837	1.7535363	0.017821781	0.15392488	1.0	6325	tags=48%, list=34%, signal=73%	
GOBP_POLARIZED_EPITHELIAL_CELL_DIFFERENTIATION	GOBP_POLARIZED_EPITHELIAL_CELL_DIFFERENTIATION		27	0.28154323	1.750271	0.029661017	0.15572834	1.0	9814	tags=81%, list=53%, signal=174%	
GOBP_MATURATION_OF_LSU_RRNA_FROM_TRICISTRONIC_RRNA_TRANSCRIPT_SSU_RRNA_5_8S_RRNA_LSU_RRNA	GOBP_MATURATION_OF_LSU_RRNA_FROM_TRICISTRONIC_RRNA_TRANSCRIPT_SSU_RRNA_5_8S_RRNA_LSU_RRNA		17	0.35046005	1.7447442	0.014112903	0.15941711	1.0	9787	tags=88%, list=53%, signal=188%	
GOBP_MULTICELLULAR_ORGANISMAL_RESPONSE_TO_STRESS	GOBP_MULTICELLULAR_ORGANISMAL_RESPONSE_TO_STRESS		98	0.15208784	1.7410505	0.017964073	0.16185816	1.0	7726	tags=57%, list=42%, signal=98%	
GOBP_ADHERENS_JUNCTION_ORGANIZATION	GOBP_ADHERENS_JUNCTION_ORGANIZATION		59	0.19275823	1.740989	0.03065134	0.1612257	1.0	5505	tags=49%, list=30%, signal=70%	
GOBP_RETINA_VASCULATURE_DEVELOPMENT_IN_CAMERA_TYPE_EYE	GOBP_RETINA_VASCULATURE_DEVELOPMENT_IN_CAMERA_TYPE_EYE		20	0.32301182	1.7400533	0.021526419	0.1613556	1.0	4180	tags=55%, list=23%, signal=71%	
GOBP_FOREBRAIN_CELL_MIGRATION	GOBP_FOREBRAIN_CELL_MIGRATION		65	0.18298005	1.7378393	0.013513514	0.16268139	1.0	9095	tags=68%, list=49%, signal=133%	
GOBP_SENSORY_ORGAN_MORPHOGENESIS	GOBP_SENSORY_ORGAN_MORPHOGENESIS		292	0.08808932	1.7361039	0.02173913	0.16340354	1.0	8230	tags=53%, list=45%, signal=95%	
GOBP_AMEBOIDAL_TYPE_CELL_MIGRATION	GOBP_AMEBOIDAL_TYPE_CELL_MIGRATION		246	0.09578079	1.7358782	0.017475728	0.16293105	1.0	8877	tags=58%, list=48%, signal=110%	
GOBP_GLOMERULUS_DEVELOPMENT	GOBP_GLOMERULUS_DEVELOPMENT		74	0.16960542	1.7343842	0.017821781	0.16341403	1.0	7579	tags=58%, list=41%, signal=98%	
GOBP_PULMONARY_VALVE_DEVELOPMENT	GOBP_PULMONARY_VALVE_DEVELOPMENT		24	0.29216576	1.7334505	0.022857143	0.1634842	1.0	3062	tags=46%, list=17%, signal=55%	
GOBP_NEGATIVE_REGULATION_OF_CELL_JUNCTION_ASSEMBLY	GOBP_NEGATIVE_REGULATION_OF_CELL_JUNCTION_ASSEMBLY		32	0.24948084	1.7311083	0.029126214	0.16477652	1.0	5189	tags=53%, list=28%, signal=74%	
GOBP_POSITIVE_REGULATION_OF_CYTOPLASMIC_TRANSLATION	GOBP_POSITIVE_REGULATION_OF_CYTOPLASMIC_TRANSLATION		16	0.35962585	1.7297672	0.022088353	0.16521066	1.0	9483	tags=88%, list=52%, signal=180%	
GOBP_DETECTION_OF_ABIOTIC_STIMULUS	GOBP_DETECTION_OF_ABIOTIC_STIMULUS		150	0.12154158	1.7251567	0.025390625	0.16860224	1.0	5874	tags=44%, list=32%, signal=64%	
GOBP_MOLTING_CYCLE_PROCESS	GOBP_MOLTING_CYCLE_PROCESS		101	0.1473867	1.7246991	0.017142856	0.16826788	1.0	8957	tags=63%, list=49%, signal=123%	
GOBP_EPIDERMIS_MORPHOGENESIS	GOBP_EPIDERMIS_MORPHOGENESIS		37	0.24056911	1.7238684	0.01934236	0.16826265	1.0	8507	tags=70%, list=46%, signal=130%	
GOBP_MOLTING_CYCLE	GOBP_MOLTING_CYCLE		117	0.13772173	1.722625	0.024793388	0.16869287	1.0	8957	tags=62%, list=49%, signal=121%	
GOBP_NEGATIVE_REGULATION_OF_CELL_SUBSTRATE_ADHESION	GOBP_NEGATIVE_REGULATION_OF_CELL_SUBSTRATE_ADHESION		60	0.18822126	1.7207423	0.02	0.16957203	1.0	10955	tags=78%, list=60%, signal=193%	
GOBP_REGULATION_OF_INTEGRIN_MEDIATED_SIGNALING_PATHWAY	GOBP_REGULATION_OF_INTEGRIN_MEDIATED_SIGNALING_PATHWAY		23	0.29737446	1.7187718	0.029940119	0.17054367	1.0	10529	tags=87%, list=57%, signal=203%	
GOBP_DEVELOPMENT_OF_PRIMARY_SEXUAL_CHARACTERISTICS	GOBP_DEVELOPMENT_OF_PRIMARY_SEXUAL_CHARACTERISTICS		234	0.0995065	1.7184863	0.04208417	0.17012388	1.0	4244	tags=33%, list=23%, signal=42%	
GOBP_POSITIVE_REGULATION_OF_DEVELOPMENTAL_GROWTH	GOBP_POSITIVE_REGULATION_OF_DEVELOPMENTAL_GROWTH		161	0.11884821	1.7117126	0.016096579	0.17539425	1.0	8570	tags=58%, list=47%, signal=108%	
GOBP_VASCULAR_ENDOTHELIAL_GROWTH_FACTOR_SIGNALING_PATHWAY	GOBP_VASCULAR_ENDOTHELIAL_GROWTH_FACTOR_SIGNALING_PATHWAY		50	0.20655033	1.7114704	0.020661157	0.17489964	1.0	9820	tags=74%, list=53%, signal=158%	
GOBP_MYOTUBE_CELL_DEVELOPMENT	GOBP_MYOTUBE_CELL_DEVELOPMENT		44	0.21792765	1.7094125	0.035343036	0.17616399	1.0	8540	tags=68%, list=46%, signal=127%	
GOBP_REGULATION_OF_EMBRYONIC_DEVELOPMENT	GOBP_REGULATION_OF_EMBRYONIC_DEVELOPMENT		87	0.16029786	1.7093312	0.026530612	0.17556186	1.0	13342	tags=89%, list=73%, signal=321%	
GOBP_D_GLUCOSE_IMPORT	GOBP_D_GLUCOSE_IMPORT		77	0.1637453	1.7069861	0.022088353	0.17706615	1.0	7987	tags=60%, list=43%, signal=105%	
GOBP_REGULATION_OF_NEURON_DIFFERENTIATION	GOBP_REGULATION_OF_NEURON_DIFFERENTIATION		185	0.105585635	1.70552	0.025490196	0.1776013	1.0	4439	tags=35%, list=24%, signal=45%	
GOBP_GLIAL_CELL_ACTIVATION	GOBP_GLIAL_CELL_ACTIVATION		53	0.19369616	1.7032871	0.028901733	0.17890787	1.0	5469	tags=49%, list=30%, signal=70%	
GOBP_NEURAL_RETINA_DEVELOPMENT	GOBP_NEURAL_RETINA_DEVELOPMENT		88	0.15448163	1.7025112	0.019569471	0.17893666	1.0	6785	tags=52%, list=37%, signal=82%	
GOBP_CELL_DIFFERENTIATION_INVOLVED_IN_KIDNEY_DEVELOPMENT	GOBP_CELL_DIFFERENTIATION_INVOLVED_IN_KIDNEY_DEVELOPMENT		59	0.18753721	1.7023276	0.029821074	0.17841604	1.0	5289	tags=47%, list=29%, signal=66%	
GOBP_BRANCHING_MORPHOGENESIS_OF_AN_EPITHELIAL_TUBE	GOBP_BRANCHING_MORPHOGENESIS_OF_AN_EPITHELIAL_TUBE		162	0.1156484	1.7021227	0.026052104	0.17798652	1.0	5497	tags=41%, list=30%, signal=58%	
GOBP_MYOBLAST_FUSION	GOBP_MYOBLAST_FUSION		48	0.20882627	1.7017058	0.029354207	0.1777477	1.0	5364	tags=50%, list=29%, signal=70%	
GOBP_EMBRYONIC_SKELETAL_JOINT_DEVELOPMENT	GOBP_EMBRYONIC_SKELETAL_JOINT_DEVELOPMENT		16	0.3595	1.6999944	0.020283977	0.17853612	1.0	6037	tags=69%, list=33%, signal=102%	
GOBP_FOREBRAIN_NEURON_DEVELOPMENT	GOBP_FOREBRAIN_NEURON_DEVELOPMENT		37	0.2340708	1.697858	0.02096436	0.17981212	1.0	6141	tags=57%, list=33%, signal=85%	
GOBP_PIRNA_PROCESSING	GOBP_PIRNA_PROCESSING		22	0.3034213	1.6977524	0.009191177	0.17925021	1.0	2785	tags=45%, list=15%, signal=54%	
GOBP_ATRIAL_SEPTUM_DEVELOPMENT	GOBP_ATRIAL_SEPTUM_DEVELOPMENT		23	0.29890832	1.6965001	0.02296451	0.17969388	1.0	8102	tags=74%, list=44%, signal=132%	
GOBP_REGULATION_OF_CYTOPLASMIC_TRANSLATION	GOBP_REGULATION_OF_CYTOPLASMIC_TRANSLATION		37	0.23650637	1.6951923	0.024439918	0.18016082	1.0	12558	tags=92%, list=68%, signal=289%	
GOBP_POSITIVE_REGULATION_OF_SMAD_PROTEIN_SIGNAL_TRANSDUCTION	GOBP_POSITIVE_REGULATION_OF_SMAD_PROTEIN_SIGNAL_TRANSDUCTION		41	0.21646972	1.6947714	0.017716536	0.17992814	1.0	4998	tags=49%, list=27%, signal=67%	
GOBP_MONOSACCHARIDE_TRANSMEMBRANE_TRANSPORT	GOBP_MONOSACCHARIDE_TRANSMEMBRANE_TRANSPORT		115	0.1320853	1.694671	0.019120459	0.17937408	1.0	7820	tags=56%, list=43%, signal=96%	
GOBP_DEVELOPMENTAL_MATURATION	GOBP_DEVELOPMENTAL_MATURATION		355	0.07930365	1.6928722	0.026915114	0.18037929	1.0	8878	tags=56%, list=48%, signal=106%	
GOBP_CAMP_METABOLIC_PROCESS	GOBP_CAMP_METABOLIC_PROCESS		23	0.2916793	1.6914985	0.023605151	0.1809657	1.0	9834	tags=83%, list=53%, signal=177%	
GOBP_EMBRYONIC_SKELETAL_SYSTEM_MORPHOGENESIS	GOBP_EMBRYONIC_SKELETAL_SYSTEM_MORPHOGENESIS		94	0.14750993	1.6891454	0.033464566	0.18250503	1.0	8452	tags=61%, list=46%, signal=112%	
GOBP_NEGATIVE_REGULATION_OF_AUTOPHAGY	GOBP_NEGATIVE_REGULATION_OF_AUTOPHAGY		97	0.14396133	1.6890112	0.02739726	0.18196255	1.0	13102	tags=86%, list=71%, signal=296%	
GOBP_EMBRYONIC_CAMERA_TYPE_EYE_DEVELOPMENT	GOBP_EMBRYONIC_CAMERA_TYPE_EYE_DEVELOPMENT		39	0.22225343	1.6889758	0.028625954	0.18135922	1.0	9124	tags=72%, list=50%, signal=142%	
GOBP_RHYTHMIC_BEHAVIOR	GOBP_RHYTHMIC_BEHAVIOR		48	0.2049181	1.6875443	0.036885247	0.18207261	1.0	8884	tags=69%, list=48%, signal=133%	
GOBP_RIBONUCLEOSIDE_MONOPHOSPHATE_CATABOLIC_PROCESS	GOBP_RIBONUCLEOSIDE_MONOPHOSPHATE_CATABOLIC_PROCESS		16	0.34006462	1.6862504	0.024390243	0.18262	1.0	8693	tags=81%, list=47%, signal=154%	
GOBP_REGULATION_OF_KIDNEY_DEVELOPMENT	GOBP_REGULATION_OF_KIDNEY_DEVELOPMENT		37	0.23727651	1.6861339	0.037328094	0.18206677	1.0	4591	tags=49%, list=25%, signal=65%	
GOBP_DEVELOPMENTAL_PIGMENTATION	GOBP_DEVELOPMENTAL_PIGMENTATION		48	0.20142676	1.6848595	0.029296875	0.18263265	1.0	3584	tags=40%, list=19%, signal=49%	
GOBP_ENDOCARDIAL_CUSHION_FORMATION	GOBP_ENDOCARDIAL_CUSHION_FORMATION		31	0.2527584	1.6836258	0.026	0.18320969	1.0	6037	tags=58%, list=33%, signal=86%	
GOBP_BUNDLE_OF_HIS_CELL_TO_PURKINJE_MYOCYTE_COMMUNICATION	GOBP_BUNDLE_OF_HIS_CELL_TO_PURKINJE_MYOCYTE_COMMUNICATION		15	0.36022714	1.6833594	0.032945737	0.18280317	1.0	3188	tags=53%, list=17%, signal=64%	
GOBP_POSITIVE_REGULATION_OF_EPITHELIAL_TO_MESENCHYMAL_TRANSITION	GOBP_POSITIVE_REGULATION_OF_EPITHELIAL_TO_MESENCHYMAL_TRANSITION		56	0.19509625	1.6800616	0.032051284	0.18520612	1.0	5289	tags=48%, list=29%, signal=67%	
GOBP_TELOMERE_MAINTENANCE_VIA_RECOMBINATION	GOBP_TELOMERE_MAINTENANCE_VIA_RECOMBINATION		15	0.3615586	1.6781808	0.033797216	0.18645231	1.0	11746	tags=100%, list=64%, signal=277%	
GOBP_ANATOMICAL_STRUCTURE_MATURATION	GOBP_ANATOMICAL_STRUCTURE_MATURATION		278	0.08686794	1.675506	0.032	0.18821798	1.0	8878	tags=57%, list=48%, signal=108%	
GOBP_TYPE_B_PANCREATIC_CELL_DIFFERENTIATION	GOBP_TYPE_B_PANCREATIC_CELL_DIFFERENTIATION		29	0.2607634	1.6753113	0.023346303	0.18774077	1.0	10431	tags=83%, list=57%, signal=191%	
GOBP_MORPHOGENESIS_OF_AN_EPITHELIAL_BUD	GOBP_MORPHOGENESIS_OF_AN_EPITHELIAL_BUD		15	0.36002398	1.6750928	0.03629032	0.18728729	1.0	8096	tags=80%, list=44%, signal=143%	
GOBP_MESENCHYMAL_CELL_PROLIFERATION	GOBP_MESENCHYMAL_CELL_PROLIFERATION		46	0.20901088	1.670757	0.031620555	0.19065256	1.0	5760	tags=52%, list=31%, signal=76%	
GOBP_MONOCYTE_CHEMOTAXIS	GOBP_MONOCYTE_CHEMOTAXIS		53	0.1922238	1.6697158	0.029940119	0.19090159	1.0	3761	tags=40%, list=20%, signal=50%	
GOBP_REGULATION_OF_GLUTAMATE_SECRETION	GOBP_REGULATION_OF_GLUTAMATE_SECRETION		19	0.31794092	1.6691791	0.031809144	0.19070403	1.0	8677	tags=79%, list=47%, signal=149%	
GOBP_COMPLEMENT_ACTIVATION_ALTERNATIVE_PATHWAY	GOBP_COMPLEMENT_ACTIVATION_ALTERNATIVE_PATHWAY		16	0.3417653	1.6689796	0.034883723	0.19022067	1.0	4064	tags=56%, list=22%, signal=72%	
GOBP_INSULIN_RECEPTOR_SIGNALING_PATHWAY	GOBP_INSULIN_RECEPTOR_SIGNALING_PATHWAY		132	0.1252861	1.666832	0.036363635	0.1915914	1.0	11226	tags=73%, list=61%, signal=187%	
GOBP_CELLULAR_RESPONSE_TO_RADIATION	GOBP_CELLULAR_RESPONSE_TO_RADIATION		179	0.10645229	1.6654645	0.031007752	0.19223727	1.0	13369	tags=83%, list=73%, signal=302%	
GOBP_CELLULAR_RESPONSE_TO_LIGHT_STIMULUS	GOBP_CELLULAR_RESPONSE_TO_LIGHT_STIMULUS		117	0.12868316	1.6648362	0.031620555	0.19213879	1.0	13995	tags=89%, list=76%, signal=370%	
GOBP_HEART_FORMATION	GOBP_HEART_FORMATION		33	0.24001427	1.6631979	0.034548946	0.19296889	1.0	10640	tags=82%, list=58%, signal=194%	
GOBP_REGULATION_OF_CELLULAR_RESPONSE_TO_GROWTH_FACTOR_STIMULUS	GOBP_REGULATION_OF_CELLULAR_RESPONSE_TO_GROWTH_FACTOR_STIMULUS		324	0.07949046	1.6619502	0.039583333	0.19348352	1.0	6169	tags=41%, list=34%, signal=61%	
GOBP_SMOOTH_MUSCLE_CELL_MIGRATION	GOBP_SMOOTH_MUSCLE_CELL_MIGRATION		70	0.16821523	1.6612706	0.043392505	0.19350068	1.0	7689	tags=59%, list=42%, signal=100%	
GOBP_GLUTAMATE_RECEPTOR_SIGNALING_PATHWAY	GOBP_GLUTAMATE_RECEPTOR_SIGNALING_PATHWAY		61	0.18170871	1.6604202	0.031067962	0.19364257	1.0	6919	tags=56%, list=38%, signal=89%	
GOBP_REGULATION_OF_MRNA_CATABOLIC_PROCESS	GOBP_REGULATION_OF_MRNA_CATABOLIC_PROCESS		191	0.10308267	1.6591736	0.026859503	0.19422974	1.0	14877	tags=91%, list=81%, signal=472%	
GOBP_HEART_MORPHOGENESIS	GOBP_HEART_MORPHOGENESIS		267	0.08705718	1.6587416	0.015748031	0.19397417	1.0	9442	tags=60%, list=51%, signal=121%	
GOBP_INTRACILIARY_ANTEROGRADE_TRANSPORT	GOBP_INTRACILIARY_ANTEROGRADE_TRANSPORT		19	0.31668615	1.656387	0.03869654	0.19552055	1.0	9668	tags=84%, list=53%, signal=177%	
GOBP_MULTICELLULAR_ORGANISM_GROWTH	GOBP_MULTICELLULAR_ORGANISM_GROWTH		177	0.107772686	1.6555891	0.03168317	0.19567285	1.0	7803	tags=53%, list=42%, signal=91%	
GOBP_POSITIVE_REGULATION_OF_VESICLE_FUSION	GOBP_POSITIVE_REGULATION_OF_VESICLE_FUSION		22	0.29524547	1.6545917	0.046938777	0.19592813	1.0	6279	tags=64%, list=34%, signal=97%	
GOBP_REGULATION_OF_CHONDROCYTE_DIFFERENTIATION	GOBP_REGULATION_OF_CHONDROCYTE_DIFFERENTIATION		54	0.19091333	1.6505059	0.031120332	0.19912076	1.0	4672	tags=44%, list=25%, signal=59%	
GOBP_SKELETAL_SYSTEM_MORPHOGENESIS	GOBP_SKELETAL_SYSTEM_MORPHOGENESIS		226	0.09688743	1.6483891	0.028056113	0.20053665	1.0	4505	tags=34%, list=24%, signal=45%	
GOBP_POSITIVE_REGULATION_OF_EXCITATORY_POSTSYNAPTIC_POTENTIAL	GOBP_POSITIVE_REGULATION_OF_EXCITATORY_POSTSYNAPTIC_POTENTIAL		33	0.24151638	1.6458898	0.036144577	0.2023719	1.0	6154	tags=58%, list=33%, signal=86%	
GOBP_MESENCHYME_MORPHOGENESIS	GOBP_MESENCHYME_MORPHOGENESIS		62	0.17289011	1.6450877	0.030837005	0.20252462	1.0	8102	tags=61%, list=44%, signal=109%	
GOBP_POSITIVE_REGULATION_OF_CELL_PROJECTION_ORGANIZATION	GOBP_POSITIVE_REGULATION_OF_CELL_PROJECTION_ORGANIZATION		349	0.078622535	1.6428946	0.04897959	0.20402773	1.0	8382	tags=53%, list=46%, signal=96%	
GOBP_MICROTUBULE_BASED_TRANSPORT	GOBP_MICROTUBULE_BASED_TRANSPORT		230	0.09231364	1.6407312	0.036734693	0.20549026	1.0	15674	tags=94%, list=85%, signal=631%	
GOBP_ACTIN_MEDIATED_CELL_CONTRACTION	GOBP_ACTIN_MEDIATED_CELL_CONTRACTION		119	0.12996192	1.6405306	0.034615386	0.2050108	1.0	3188	tags=30%, list=17%, signal=36%	
GOBP_TRANSPOSABLE_ELEMENT_SILENCING_BY_HETEROCHROMATIN_FORMATION	GOBP_TRANSPOSABLE_ELEMENT_SILENCING_BY_HETEROCHROMATIN_FORMATION		23	0.29045552	1.6391479	0.034343433	0.20577058	1.0	2660	tags=43%, list=14%, signal=51%	
GOBP_WNT_SIGNALING_PATHWAY_PLANAR_CELL_POLARITY_PATHWAY	GOBP_WNT_SIGNALING_PATHWAY_PLANAR_CELL_POLARITY_PATHWAY		47	0.20669055	1.6375996	0.03219697	0.2066096	1.0	8729	tags=68%, list=47%, signal=129%	
GOBP_MEIOTIC_CHROMOSOME_SEGREGATION	GOBP_MEIOTIC_CHROMOSOME_SEGREGATION		94	0.14381441	1.6370907	0.0546875	0.20644751	1.0	11650	tags=78%, list=63%, signal=211%	
GOBP_EPITHELIAL_TUBE_MORPHOGENESIS	GOBP_EPITHELIAL_TUBE_MORPHOGENESIS		337	0.07728906	1.6370869	0.028455285	0.20579892	1.0	8645	tags=55%, list=47%, signal=101%	
GOBP_NEGATIVE_REGULATION_OF_WNT_SIGNALING_PATHWAY	GOBP_NEGATIVE_REGULATION_OF_WNT_SIGNALING_PATHWAY		173	0.10906573	1.636466	0.034907598	0.20586525	1.0	7367	tags=51%, list=40%, signal=84%	
GOBP_NEURON_MATURATION	GOBP_NEURON_MATURATION		55	0.18732248	1.6356266	0.03773585	0.20599794	1.0	8602	tags=65%, list=47%, signal=123%	
GOBP_REGULATION_OF_SMOOTHENED_SIGNALING_PATHWAY	GOBP_REGULATION_OF_SMOOTHENED_SIGNALING_PATHWAY		92	0.1489224	1.634069	0.024	0.20693992	1.0	9268	tags=65%, list=50%, signal=131%	
GOBP_REGULATION_OF_MEIOTIC_NUCLEAR_DIVISION	GOBP_REGULATION_OF_MEIOTIC_NUCLEAR_DIVISION		34	0.23598948	1.6326219	0.030927835	0.20771165	1.0	7567	tags=65%, list=41%, signal=110%	
GOBP_REGULATION_OF_RECEPTOR_MEDIATED_ENDOCYTOSIS	GOBP_REGULATION_OF_RECEPTOR_MEDIATED_ENDOCYTOSIS		122	0.12653787	1.6310124	0.036437247	0.20875335	1.0	7938	tags=56%, list=43%, signal=97%	
GOBP_VENTRICULAR_SEPTUM_MORPHOGENESIS	GOBP_VENTRICULAR_SEPTUM_MORPHOGENESIS		45	0.201823	1.6299525	0.044265594	0.20914963	1.0	2018	tags=31%, list=11%, signal=35%	
GOBP_T_CELL_SELECTION	GOBP_T_CELL_SELECTION		64	0.17407632	1.6281435	0.04528302	0.21032393	1.0	7441	tags=58%, list=40%, signal=97%	
GOBP_REGULATION_OF_SYNAPTIC_VESICLE_EXOCYTOSIS	GOBP_REGULATION_OF_SYNAPTIC_VESICLE_EXOCYTOSIS		50	0.19021317	1.6273898	0.033898305	0.2104458	1.0	9384	tags=70%, list=51%, signal=143%	
GOBP_REGULATION_OF_TRANSLATION	GOBP_REGULATION_OF_TRANSLATION		356	0.07479542	1.6272485	0.034782607	0.20993885	1.0	14923	tags=88%, list=81%, signal=460%	
GOBP_G_PROTEIN_COUPLED_RECEPTOR_SIGNALING_PATHWAY_COUPLED_TO_CYCLIC_NUCLEOTIDE_SECOND_MESSENGER	GOBP_G_PROTEIN_COUPLED_RECEPTOR_SIGNALING_PATHWAY_COUPLED_TO_CYCLIC_NUCLEOTIDE_SECOND_MESSENGER		54	0.18672933	1.625373	0.03168317	0.21112649	1.0	3727	tags=39%, list=20%, signal=49%	
GOBP_SYNCYTIUM_FORMATION	GOBP_SYNCYTIUM_FORMATION		65	0.17042202	1.6251905	0.032629557	0.21067269	1.0	5364	tags=46%, list=29%, signal=65%	
GOBP_NON_MOTILE_CILIUM_ASSEMBLY	GOBP_NON_MOTILE_CILIUM_ASSEMBLY		66	0.16912316	1.6243001	0.045908183	0.2109303	1.0	11947	tags=82%, list=65%, signal=233%	
GOBP_EXTRACELLULAR_TRANSPORT	GOBP_EXTRACELLULAR_TRANSPORT		52	0.19329341	1.6218299	0.03468208	0.21274266	1.0	4235	tags=42%, list=23%, signal=55%	
GOBP_BRANCHING_INVOLVED_IN_SALIVARY_GLAND_MORPHOGENESIS	GOBP_BRANCHING_INVOLVED_IN_SALIVARY_GLAND_MORPHOGENESIS		22	0.28734678	1.6202673	0.034416825	0.21370305	1.0	8096	tags=73%, list=44%, signal=130%	
GOBP_REGULATION_OF_SYNAPSE_STRUCTURE_OR_ACTIVITY	GOBP_REGULATION_OF_SYNAPSE_STRUCTURE_OR_ACTIVITY		316	0.07992735	1.6186237	0.056420233	0.21482183	1.0	8972	tags=57%, list=49%, signal=109%	
GOBP_OUTFLOW_TRACT_MORPHOGENESIS	GOBP_OUTFLOW_TRACT_MORPHOGENESIS		83	0.14863078	1.6180439	0.044354837	0.21474758	1.0	6141	tags=48%, list=33%, signal=72%	
GOBP_HEART_VALVE_DEVELOPMENT	GOBP_HEART_VALVE_DEVELOPMENT		77	0.15746595	1.61673	0.036734693	0.21537764	1.0	8102	tags=60%, list=44%, signal=106%	
GOBP_POSITIVE_REGULATION_OF_MACROPHAGE_CYTOKINE_PRODUCTION	GOBP_POSITIVE_REGULATION_OF_MACROPHAGE_CYTOKINE_PRODUCTION		24	0.27327317	1.613711	0.050813008	0.21783054	1.0	3409	tags=46%, list=19%, signal=56%	
GOBP_ENDOCRINE_SYSTEM_DEVELOPMENT	GOBP_ENDOCRINE_SYSTEM_DEVELOPMENT		134	0.121352345	1.608541	0.032258064	0.22249538	1.0	5881	tags=44%, list=32%, signal=64%	
GOBP_CHROMOSOME_ORGANIZATION_INVOLVED_IN_MEIOTIC_CELL_CYCLE	GOBP_CHROMOSOME_ORGANIZATION_INVOLVED_IN_MEIOTIC_CELL_CYCLE		65	0.16942722	1.6083812	0.04771372	0.22201493	1.0	11041	tags=77%, list=60%, signal=192%	
GOBP_POSITIVE_REGULATION_OF_RESPONSE_TO_WOUNDING	GOBP_POSITIVE_REGULATION_OF_RESPONSE_TO_WOUNDING		69	0.16487901	1.6077179	0.04660194	0.22212464	1.0	7373	tags=57%, list=40%, signal=94%	
GOBP_POSTSYNAPTIC_SPECIALIZATION_ORGANIZATION	GOBP_POSTSYNAPTIC_SPECIALIZATION_ORGANIZATION		56	0.18114655	1.6071334	0.049281314	0.22207116	1.0	6530	tags=54%, list=36%, signal=83%	
GOBP_REGULATION_OF_POSTSYNAPTIC_SPECIALIZATION_ASSEMBLY	GOBP_REGULATION_OF_POSTSYNAPTIC_SPECIALIZATION_ASSEMBLY		20	0.3051086	1.6069597	0.032258064	0.22157606	1.0	6348	tags=65%, list=35%, signal=99%	
GOBP_FEMALE_GAMETE_GENERATION	GOBP_FEMALE_GAMETE_GENERATION		167	0.10813076	1.6068951	0.03846154	0.2209914	1.0	9041	tags=60%, list=49%, signal=117%	
GOBP_DEVELOPMENTAL_GROWTH_INVOLVED_IN_MORPHOGENESIS	GOBP_DEVELOPMENTAL_GROWTH_INVOLVED_IN_MORPHOGENESIS		239	0.091351986	1.6066629	0.049586777	0.22059971	1.0	8729	tags=56%, list=47%, signal=106%	
GOBP_EMBRYONIC_ORGAN_DEVELOPMENT	GOBP_EMBRYONIC_ORGAN_DEVELOPMENT		464	0.06631144	1.6055182	0.042510122	0.22116287	1.0	8521	tags=53%, list=46%, signal=96%	
GOBP_APOPTOTIC_CELL_CLEARANCE	GOBP_APOPTOTIC_CELL_CLEARANCE		44	0.20676035	1.6049993	0.032388665	0.22105795	1.0	6655	tags=57%, list=36%, signal=89%	
GOBP_MYOTUBE_DIFFERENTIATION	GOBP_MYOTUBE_DIFFERENTIATION		133	0.116695784	1.6021821	0.03629032	0.22334175	1.0	4644	tags=37%, list=25%, signal=49%	
GOBP_REGULATION_OF_STEROID_BIOSYNTHETIC_PROCESS	GOBP_REGULATION_OF_STEROID_BIOSYNTHETIC_PROCESS		78	0.15681729	1.6014209	0.03937008	0.22357897	1.0	10331	tags=72%, list=56%, signal=163%	
GOBP_BONE_MINERALIZATION	GOBP_BONE_MINERALIZATION		126	0.12124501	1.6012654	0.025948104	0.22310203	1.0	6834	tags=49%, list=37%, signal=78%	
GOBP_REGULATION_OF_BMP_SIGNALING_PATHWAY	GOBP_REGULATION_OF_BMP_SIGNALING_PATHWAY		106	0.13221219	1.6005459	0.036885247	0.22313623	1.0	8165	tags=58%, list=44%, signal=103%	
GOBP_LUNG_MORPHOGENESIS	GOBP_LUNG_MORPHOGENESIS		61	0.17194599	1.5975664	0.054325957	0.22570837	1.0	5289	tags=46%, list=29%, signal=64%	
GOBP_DICARBOXYLIC_ACID_TRANSPORT	GOBP_DICARBOXYLIC_ACID_TRANSPORT		106	0.13560295	1.5953683	0.046653144	0.22754996	1.0	9838	tags=67%, list=53%, signal=143%	
GOBP_BONE_CELL_DEVELOPMENT	GOBP_BONE_CELL_DEVELOPMENT		19	0.30342224	1.5945916	0.04761905	0.22777672	1.0	4104	tags=53%, list=22%, signal=68%	
GOBP_MANNOSYLATION	GOBP_MANNOSYLATION		20	0.30106148	1.5932755	0.04477612	0.2285414	1.0	9181	tags=80%, list=50%, signal=160%	
GOBP_CELL_MATURATION	GOBP_CELL_MATURATION		214	0.09354714	1.5930976	0.04526749	0.22809476	1.0	9041	tags=58%, list=49%, signal=114%	
GOBP_REGULATION_OF_CELL_MATRIX_ADHESION	GOBP_REGULATION_OF_CELL_MATRIX_ADHESION		123	0.12755565	1.5906799	0.052	0.23019192	1.0	10079	tags=67%, list=55%, signal=148%	
GOBP_POSITIVE_REGULATION_OF_DENDRITIC_SPINE_DEVELOPMENT	GOBP_POSITIVE_REGULATION_OF_DENDRITIC_SPINE_DEVELOPMENT		41	0.20922442	1.5853909	0.047348484	0.23526366	1.0	9168	tags=71%, list=50%, signal=141%	
GOBP_TRNA_WOBBLE_BASE_MODIFICATION	GOBP_TRNA_WOBBLE_BASE_MODIFICATION		21	0.28296134	1.5835804	0.039772727	0.23665921	1.0	13192	tags=100%, list=72%, signal=353%	
GOBP_SEMI_LUNAR_VALVE_DEVELOPMENT	GOBP_SEMI_LUNAR_VALVE_DEVELOPMENT		49	0.1926247	1.5830712	0.058232933	0.23648515	1.0	8101	tags=63%, list=44%, signal=113%	
GOBP_NEGATIVE_REGULATION_OF_STEROID_BIOSYNTHETIC_PROCESS	GOBP_NEGATIVE_REGULATION_OF_STEROID_BIOSYNTHETIC_PROCESS		23	0.27834088	1.5830617	0.051330797	0.23583408	1.0	10079	tags=83%, list=55%, signal=183%	
GOBP_CELL_MATRIX_ADHESION	GOBP_CELL_MATRIX_ADHESION		235	0.08880646	1.582863	0.046747968	0.23539573	1.0	7543	tags=50%, list=41%, signal=83%	
GOBP_ACTION_POTENTIAL	GOBP_ACTION_POTENTIAL		170	0.10364868	1.5824106	0.053892214	0.23524675	1.0	5575	tags=41%, list=30%, signal=58%	
GOBP_EPITHELIAL_CELL_DIFFERENTIATION_INVOLVED_IN_KIDNEY_DEVELOPMENT	GOBP_EPITHELIAL_CELL_DIFFERENTIATION_INVOLVED_IN_KIDNEY_DEVELOPMENT		50	0.18931465	1.5793036	0.046332046	0.23799622	1.0	4251	tags=42%, list=23%, signal=54%	
GOBP_NERVE_DEVELOPMENT	GOBP_NERVE_DEVELOPMENT		93	0.13992599	1.5782893	0.044265594	0.2384175	1.0	5942	tags=46%, list=32%, signal=68%	
GOBP_POSITIVE_REGULATION_OF_SMOOTH_MUSCLE_CELL_MIGRATION	GOBP_POSITIVE_REGULATION_OF_SMOOTH_MUSCLE_CELL_MIGRATION		36	0.22118254	1.5764964	0.03950104	0.23972306	1.0	7689	tags=64%, list=42%, signal=110%	
GOBP_REGULATION_OF_SYNAPTIC_VESICLE_MEMBRANE_ORGANIZATION	GOBP_REGULATION_OF_SYNAPTIC_VESICLE_MEMBRANE_ORGANIZATION		21	0.28556913	1.5760275	0.05639098	0.23959148	1.0	6138	tags=62%, list=33%, signal=93%	
GOBP_POSITIVE_REGULATION_OF_REPRODUCTIVE_PROCESS	GOBP_POSITIVE_REGULATION_OF_REPRODUCTIVE_PROCESS		87	0.14278519	1.5744748	0.046747968	0.24070667	1.0	7955	tags=57%, list=43%, signal=101%	
GOBP_NEGATIVE_REGULATION_OF_CELL_MATRIX_ADHESION	GOBP_NEGATIVE_REGULATION_OF_CELL_MATRIX_ADHESION		36	0.22014135	1.5740187	0.037475344	0.24051042	1.0	11795	tags=86%, list=64%, signal=240%	
GOBP_EXOCRINE_SYSTEM_DEVELOPMENT	GOBP_EXOCRINE_SYSTEM_DEVELOPMENT		51	0.18770182	1.5734822	0.043659043	0.2404111	1.0	8096	tags=63%, list=44%, signal=112%	
GOBP_CARBOHYDRATE_TRANSPORT	GOBP_CARBOHYDRATE_TRANSPORT		131	0.11755975	1.5720803	0.05510204	0.24124217	1.0	7820	tags=54%, list=43%, signal=94%	
GOBP_POSITIVE_REGULATION_OF_SIGNAL_TRANSDUCTION_BY_P53_CLASS_MEDIATOR	GOBP_POSITIVE_REGULATION_OF_SIGNAL_TRANSDUCTION_BY_P53_CLASS_MEDIATOR		35	0.2294462	1.5716782	0.054158606	0.24102859	1.0	11551	tags=86%, list=63%, signal=230%	
GOBP_STEM_CELL_DEVELOPMENT	GOBP_STEM_CELL_DEVELOPMENT		87	0.14490144	1.5715303	0.055670105	0.24050646	1.0	9396	tags=66%, list=51%, signal=133%	
GOBP_EATING_BEHAVIOR	GOBP_EATING_BEHAVIOR		41	0.21000864	1.5708009	0.055084746	0.24063471	1.0	4668	tags=46%, list=25%, signal=62%	
GOBP_HYDROGEN_PEROXIDE_CATABOLIC_PROCESS	GOBP_HYDROGEN_PEROXIDE_CATABOLIC_PROCESS		30	0.23900115	1.57029	0.055666003	0.24055342	1.0	1128	tags=30%, list=6%, signal=32%	
GOBP_FOCAL_ADHESION_ASSEMBLY	GOBP_FOCAL_ADHESION_ASSEMBLY		84	0.1455903	1.5692445	0.053435113	0.24107726	1.0	7186	tags=54%, list=39%, signal=88%	
GOBP_CARDIAC_MUSCLE_CELL_PROLIFERATION	GOBP_CARDIAC_MUSCLE_CELL_PROLIFERATION		52	0.1841389	1.5646664	0.050200805	0.24564406	1.0	10769	tags=77%, list=59%, signal=185%	
GOBP_CELLULAR_RESPONSE_TO_LEPTIN_STIMULUS	GOBP_CELLULAR_RESPONSE_TO_LEPTIN_STIMULUS		17	0.3204368	1.5638238	0.06361829	0.2458994	1.0	8175	tags=76%, list=44%, signal=138%	
GOBP_INTERLEUKIN_6_MEDIATED_SIGNALING_PATHWAY	GOBP_INTERLEUKIN_6_MEDIATED_SIGNALING_PATHWAY		18	0.30005082	1.5611327	0.052313883	0.24840759	1.0	9812	tags=83%, list=53%, signal=178%	
GOBP_NEURAL_CREST_CELL_DIFFERENTIATION	GOBP_NEURAL_CREST_CELL_DIFFERENTIATION		94	0.13868858	1.5598687	0.05487805	0.24928631	1.0	9396	tags=65%, list=51%, signal=132%	
GOBP_FOREBRAIN_REGIONALIZATION	GOBP_FOREBRAIN_REGIONALIZATION		22	0.27689192	1.55984	0.046692606	0.24864486	1.0	9124	tags=77%, list=50%, signal=153%	
GOBP_ENDOCARDIAL_CUSHION_MORPHOGENESIS	GOBP_ENDOCARDIAL_CUSHION_MORPHOGENESIS		44	0.1962372	1.5590311	0.06412826	0.24882841	1.0	8102	tags=64%, list=44%, signal=113%	
GOBP_POSITIVE_REGULATION_OF_MUSCLE_HYPERTROPHY	GOBP_POSITIVE_REGULATION_OF_MUSCLE_HYPERTROPHY		28	0.24489854	1.5574797	0.052837573	0.25010294	1.0	9952	tags=79%, list=54%, signal=171%	
GOBP_METANEPHRIC_EPITHELIUM_DEVELOPMENT	GOBP_METANEPHRIC_EPITHELIUM_DEVELOPMENT		28	0.24786256	1.5573446	0.046421662	0.2496008	1.0	4643	tags=50%, list=25%, signal=67%	
GOBP_TRANSMISSION_OF_NERVE_IMPULSE	GOBP_TRANSMISSION_OF_NERVE_IMPULSE		78	0.15239209	1.5568037	0.05075188	0.24959682	1.0	8290	tags=60%, list=45%, signal=109%	
GOBP_NEURON_FATE_SPECIFICATION	GOBP_NEURON_FATE_SPECIFICATION		31	0.23583174	1.5556676	0.05697446	0.2501884	1.0	4568	tags=48%, list=25%, signal=64%	
GOBP_HEART_VALVE_MORPHOGENESIS	GOBP_HEART_VALVE_MORPHOGENESIS		63	0.16313754	1.5548306	0.0627451	0.25049767	1.0	8102	tags=60%, list=44%, signal=107%	
GOBP_REGULATION_OF_MORPHOGENESIS_OF_AN_EPITHELIUM	GOBP_REGULATION_OF_MORPHOGENESIS_OF_AN_EPITHELIUM		68	0.15825818	1.5532073	0.054158606	0.25171757	1.0	4672	tags=41%, list=25%, signal=55%	
GOBP_REGULATION_OF_EPIDERMIS_DEVELOPMENT	GOBP_REGULATION_OF_EPIDERMIS_DEVELOPMENT		68	0.16030881	1.5531491	0.053359684	0.25113162	1.0	10314	tags=72%, list=56%, signal=163%	
GOBP_CALCIUM_ION_REGULATED_EXOCYTOSIS	GOBP_CALCIUM_ION_REGULATED_EXOCYTOSIS		66	0.16349581	1.5530303	0.06370656	0.25059724	1.0	8149	tags=61%, list=44%, signal=108%	
GOBP_DORSAL_VENTRAL_NEURAL_TUBE_PATTERNING	GOBP_DORSAL_VENTRAL_NEURAL_TUBE_PATTERNING		17	0.31123263	1.5528641	0.06759443	0.2501294	1.0	2935	tags=47%, list=16%, signal=56%	
GOBP_PRESYNAPSE_ASSEMBLY	GOBP_PRESYNAPSE_ASSEMBLY		45	0.19546981	1.5521295	0.0503876	0.25027707	1.0	4178	tags=42%, list=23%, signal=55%	
GOBP_NEPHRIC_DUCT_DEVELOPMENT	GOBP_NEPHRIC_DUCT_DEVELOPMENT		15	0.33682704	1.5520104	0.06490872	0.24975574	1.0	3618	tags=53%, list=20%, signal=66%	
GOBP_POSITIVE_REGULATION_OF_NERVOUS_SYSTEM_DEVELOPMENT	GOBP_POSITIVE_REGULATION_OF_NERVOUS_SYSTEM_DEVELOPMENT		277	0.08096855	1.550647	0.043650795	0.2506327	1.0	8093	tags=52%, list=44%, signal=91%	
GOBP_MATURATION_OF_LSU_RRNA	GOBP_MATURATION_OF_LSU_RRNA		26	0.25555512	1.5500318	0.053045187	0.2506788	1.0	10160	tags=81%, list=55%, signal=180%	
GOBP_PHAGOCYTOSIS_RECOGNITION	GOBP_PHAGOCYTOSIS_RECOGNITION		29	0.24007414	1.549386	0.054655872	0.2506943	1.0	3835	tags=45%, list=21%, signal=57%	
GOBP_POSITIVE_REGULATION_OF_RAS_PROTEIN_SIGNAL_TRANSDUCTION	GOBP_POSITIVE_REGULATION_OF_RAS_PROTEIN_SIGNAL_TRANSDUCTION		16	0.32266328	1.5456182	0.05597015	0.2543403	1.0	4415	tags=56%, list=24%, signal=74%	
GOBP_MATURATION_OF_SSU_RRNA	GOBP_MATURATION_OF_SSU_RRNA		54	0.17895614	1.545543	0.067073174	0.253759	1.0	8297	tags=63%, list=45%, signal=114%	
GOBP_REGULATION_OF_TRANSMISSION_OF_NERVE_IMPULSE	GOBP_REGULATION_OF_TRANSMISSION_OF_NERVE_IMPULSE		15	0.3308954	1.5450845	0.056603774	0.25365832	1.0	3727	tags=53%, list=20%, signal=67%	
GOBP_MUSCLE_HYPERTROPHY_IN_RESPONSE_TO_STRESS	GOBP_MUSCLE_HYPERTROPHY_IN_RESPONSE_TO_STRESS		26	0.2505812	1.5432202	0.06776181	0.2550712	1.0	9544	tags=77%, list=52%, signal=160%	
GOBP_POSTSYNAPTIC_DENSITY_ASSEMBLY	GOBP_POSTSYNAPTIC_DENSITY_ASSEMBLY		29	0.24136429	1.5424362	0.054166667	0.25531554	1.0	6348	tags=59%, list=35%, signal=89%	
GOBP_POSITIVE_REGULATION_OF_FATTY_ACID_OXIDATION	GOBP_POSITIVE_REGULATION_OF_FATTY_ACID_OXIDATION		15	0.34289294	1.5421097	0.065789476	0.2550278	1.0	12089	tags=100%, list=66%, signal=292%	
GOBP_MECHANORECEPTOR_DIFFERENTIATION	GOBP_MECHANORECEPTOR_DIFFERENTIATION		79	0.14658576	1.5417677	0.05204461	0.2548187	1.0	8489	tags=61%, list=46%, signal=112%	
GOBP_REGULATION_OF_CELLULAR_RESPONSE_TO_VASCULAR_ENDOTHELIAL_GROWTH_FACTOR_STIMULUS	GOBP_REGULATION_OF_CELLULAR_RESPONSE_TO_VASCULAR_ENDOTHELIAL_GROWTH_FACTOR_STIMULUS		33	0.22396643	1.5412761	0.05	0.25476357	1.0	9820	tags=76%, list=53%, signal=162%	
GOBP_SECONDARY_METABOLIC_PROCESS	GOBP_SECONDARY_METABOLIC_PROCESS		59	0.16813241	1.5401356	0.047131147	0.25547108	1.0	7515	tags=58%, list=41%, signal=97%	
GOBP_MUSCLE_HYPERTROPHY	GOBP_MUSCLE_HYPERTROPHY		90	0.13726088	1.5399357	0.03875969	0.25505683	1.0	9952	tags=68%, list=54%, signal=147%	
GOBP_REGULATION_OF_PEROXISOME_PROLIFERATOR_ACTIVATED_RECEPTOR_SIGNALING_PATHWAY	GOBP_REGULATION_OF_PEROXISOME_PROLIFERATOR_ACTIVATED_RECEPTOR_SIGNALING_PATHWAY		18	0.30183786	1.5390987	0.0625	0.2554577	1.0	6714	tags=67%, list=37%, signal=105%	
GOBP_NEGATIVE_REGULATION_OF_ACTIVIN_RECEPTOR_SIGNALING_PATHWAY	GOBP_NEGATIVE_REGULATION_OF_ACTIVIN_RECEPTOR_SIGNALING_PATHWAY		18	0.2946534	1.5390849	0.0480167	0.25485635	1.0	6846	tags=67%, list=37%, signal=106%	
GOBP_STEM_CELL_DIFFERENTIATION	GOBP_STEM_CELL_DIFFERENTIATION		258	0.082107775	1.5387985	0.051896207	0.25457546	1.0	5781	tags=40%, list=31%, signal=57%	
GOBP_CARDIAC_EPITHELIAL_TO_MESENCHYMAL_TRANSITION	GOBP_CARDIAC_EPITHELIAL_TO_MESENCHYMAL_TRANSITION		37	0.21668155	1.5385376	0.07692308	0.25427064	1.0	4969	tags=49%, list=27%, signal=67%	
GOBP_CELL_COMMUNICATION_INVOLVED_IN_CARDIAC_CONDUCTION	GOBP_CELL_COMMUNICATION_INVOLVED_IN_CARDIAC_CONDUCTION		58	0.17207429	1.5370939	0.06036217	0.25537008	1.0	2869	tags=33%, list=16%, signal=39%	
GOBP_NEUROTRANSMITTER_RECEPTOR_LOCALIZATION_TO_POSTSYNAPTIC_SPECIALIZATION_MEMBRANE	GOBP_NEUROTRANSMITTER_RECEPTOR_LOCALIZATION_TO_POSTSYNAPTIC_SPECIALIZATION_MEMBRANE		38	0.20385453	1.5366322	0.06346154	0.25525558	1.0	8357	tags=66%, list=45%, signal=120%	
GOBP_POSITIVE_REGULATION_OF_MEIOTIC_CELL_CYCLE	GOBP_POSITIVE_REGULATION_OF_MEIOTIC_CELL_CYCLE		27	0.24778755	1.536177	0.05691057	0.25515705	1.0	6347	tags=59%, list=35%, signal=90%	
GOBP_REGULATION_OF_MESENCHYMAL_CELL_PROLIFERATION	GOBP_REGULATION_OF_MESENCHYMAL_CELL_PROLIFERATION		35	0.22053981	1.5361015	0.054108217	0.25465456	1.0	5409	tags=51%, list=29%, signal=73%	
GOBP_POSITIVE_REGULATION_OF_DENDRITIC_SPINE_MORPHOGENESIS	GOBP_POSITIVE_REGULATION_OF_DENDRITIC_SPINE_MORPHOGENESIS		19	0.29121545	1.5346975	0.055785123	0.25577468	1.0	9168	tags=79%, list=50%, signal=157%	
GOBP_CORPUS_CALLOSUM_DEVELOPMENT	GOBP_CORPUS_CALLOSUM_DEVELOPMENT		27	0.24184598	1.5331233	0.05859375	0.2569659	1.0	10543	tags=81%, list=57%, signal=191%	
GOBP_RESPONSE_TO_ACTIVITY	GOBP_RESPONSE_TO_ACTIVITY		82	0.14329483	1.5328896	0.06	0.2566519	1.0	9038	tags=63%, list=49%, signal=124%	
GOBP_SKELETAL_MUSCLE_ORGAN_DEVELOPMENT	GOBP_SKELETAL_MUSCLE_ORGAN_DEVELOPMENT		193	0.09658349	1.5299292	0.05882353	0.25957733	1.0	8628	tags=56%, list=47%, signal=105%	
GOBP_REGULATION_OF_ACTION_POTENTIAL	GOBP_REGULATION_OF_ACTION_POTENTIAL		59	0.16814166	1.5290455	0.041904762	0.2598877	1.0	4086	tags=39%, list=22%, signal=50%	
GOBP_POSITIVE_REGULATION_OF_TRANSMEMBRANE_RECEPTOR_PROTEIN_SERINE_THREONINE_KINASE_SIGNALING_PATHWAY	GOBP_POSITIVE_REGULATION_OF_TRANSMEMBRANE_RECEPTOR_PROTEIN_SERINE_THREONINE_KINASE_SIGNALING_PATHWAY		105	0.12744072	1.5280049	0.053608246	0.26045406	1.0	7302	tags=52%, list=40%, signal=86%	
GOBP_INTRACELLULAR_MRNA_LOCALIZATION	GOBP_INTRACELLULAR_MRNA_LOCALIZATION		16	0.3142143	1.526305	0.055445544	0.2618679	1.0	9168	tags=81%, list=50%, signal=162%	
GOBP_HAIR_CELL_DIFFERENTIATION	GOBP_HAIR_CELL_DIFFERENTIATION		59	0.16842088	1.5262926	0.057142857	0.26125723	1.0	7198	tags=56%, list=39%, signal=92%	
GOBP_INSULIN_LIKE_GROWTH_FACTOR_RECEPTOR_SIGNALING_PATHWAY	GOBP_INSULIN_LIKE_GROWTH_FACTOR_RECEPTOR_SIGNALING_PATHWAY		51	0.18245989	1.5258602	0.06530612	0.26115385	1.0	11077	tags=78%, list=60%, signal=197%	
GOBP_METANEPHRIC_GLOMERULUS_DEVELOPMENT	GOBP_METANEPHRIC_GLOMERULUS_DEVELOPMENT		17	0.3065873	1.523765	0.06846473	0.26304996	1.0	5184	tags=59%, list=28%, signal=82%	
GOBP_NEGATIVE_REGULATION_OF_SMOOTH_MUSCLE_CELL_PROLIFERATION	GOBP_NEGATIVE_REGULATION_OF_SMOOTH_MUSCLE_CELL_PROLIFERATION		50	0.17999128	1.5231396	0.07364341	0.2631866	1.0	4422	tags=42%, list=24%, signal=55%	
GOBP_CARDIAC_MUSCLE_CELL_CONTRACTION	GOBP_CARDIAC_MUSCLE_CELL_CONTRACTION		87	0.1375957	1.5225637	0.054507338	0.26325223	1.0	3188	tags=31%, list=17%, signal=37%	
GOBP_NEGATIVE_REGULATION_OF_BMP_SIGNALING_PATHWAY	GOBP_NEGATIVE_REGULATION_OF_BMP_SIGNALING_PATHWAY		60	0.16434458	1.5192432	0.06147541	0.26654205	1.0	8021	tags=60%, list=44%, signal=106%	
GOBP_POSITIVE_REGULATION_OF_MRNA_CATABOLIC_PROCESS	GOBP_POSITIVE_REGULATION_OF_MRNA_CATABOLIC_PROCESS		105	0.12593971	1.5187786	0.06300813	0.26642305	1.0	14861	tags=93%, list=81%, signal=483%	
GOBP_NADPH_REGENERATION	GOBP_NADPH_REGENERATION		25	0.2497136	1.5187575	0.058479533	0.2658177	1.0	7183	tags=64%, list=39%, signal=105%	
GOBP_OVULATION	GOBP_OVULATION		17	0.30996165	1.5185376	0.077534795	0.26543626	1.0	5122	tags=59%, list=28%, signal=81%	
GOBP_REGULATION_OF_PRESYNAPTIC_MEMBRANE_POTENTIAL	GOBP_REGULATION_OF_PRESYNAPTIC_MEMBRANE_POTENTIAL		31	0.23207356	1.5172569	0.07444668	0.26624858	1.0	4637	tags=48%, list=25%, signal=65%	
GOBP_NEGATIVE_REGULATION_OF_COAGULATION	GOBP_NEGATIVE_REGULATION_OF_COAGULATION		53	0.18077217	1.517142	0.06042885	0.26578292	1.0	4665	tags=43%, list=25%, signal=58%	
GOBP_MORPHOGENESIS_OF_EMBRYONIC_EPITHELIUM	GOBP_MORPHOGENESIS_OF_EMBRYONIC_EPITHELIUM		155	0.100715354	1.5167465	0.080078125	0.26570478	1.0	8841	tags=58%, list=48%, signal=111%	
GOBP_REGULATION_OF_NEURON_PROJECTION_DEVELOPMENT	GOBP_REGULATION_OF_NEURON_PROJECTION_DEVELOPMENT		437	0.062927246	1.5148096	0.05544148	0.2674471	1.0	8212	tags=51%, list=45%, signal=90%	
GOBP_REGULATION_OF_DENDRITIC_SPINE_DEVELOPMENT	GOBP_REGULATION_OF_DENDRITIC_SPINE_DEVELOPMENT		56	0.16909215	1.5128326	0.060416665	0.2692331	1.0	12334	tags=84%, list=67%, signal=254%	
GOBP_REGULATION_OF_RECEPTOR_INTERNALIZATION	GOBP_REGULATION_OF_RECEPTOR_INTERNALIZATION		76	0.14787993	1.5115368	0.07	0.27013117	1.0	7938	tags=58%, list=43%, signal=101%	
GOBP_CELL_PROLIFERATION_IN_FOREBRAIN	GOBP_CELL_PROLIFERATION_IN_FOREBRAIN		28	0.2396395	1.5103246	0.05357143	0.27104875	1.0	4794	tags=50%, list=26%, signal=68%	
GOBP_POSTSYNAPTIC_SPECIALIZATION_ASSEMBLY	GOBP_POSTSYNAPTIC_SPECIALIZATION_ASSEMBLY		36	0.21074487	1.508426	0.078277886	0.27280137	1.0	6348	tags=56%, list=35%, signal=85%	
GOBP_RETINAL_ROD_CELL_DIFFERENTIATION	GOBP_RETINAL_ROD_CELL_DIFFERENTIATION		18	0.2957722	1.5065911	0.07528958	0.2743221	1.0	4782	tags=56%, list=26%, signal=75%	
GOBP_REGULATION_OF_ENDOCYTOSIS	GOBP_REGULATION_OF_ENDOCYTOSIS		306	0.073420174	1.5063244	0.06311637	0.27401528	1.0	8047	tags=51%, list=44%, signal=89%	
GOBP_POSITIVE_REGULATION_OF_MYELOID_LEUKOCYTE_DIFFERENTIATION	GOBP_POSITIVE_REGULATION_OF_MYELOID_LEUKOCYTE_DIFFERENTIATION		61	0.16400415	1.5057254	0.07392996	0.27408743	1.0	8148	tags=61%, list=44%, signal=109%	
GOBP_MACROPHAGE_CYTOKINE_PRODUCTION	GOBP_MACROPHAGE_CYTOKINE_PRODUCTION		38	0.20975347	1.5034934	0.06464647	0.27614447	1.0	3409	tags=39%, list=19%, signal=48%	
GOBP_MIRNA_TRANSCRIPTION	GOBP_MIRNA_TRANSCRIPTION		76	0.14395663	1.5034795	0.069327734	0.27553037	1.0	5348	tags=43%, list=29%, signal=61%	
GOBP_LAMELLIPODIUM_MORPHOGENESIS	GOBP_LAMELLIPODIUM_MORPHOGENESIS		18	0.2887752	1.503115	0.06639839	0.27535036	1.0	6954	tags=67%, list=38%, signal=107%	
GOBP_POSITIVE_REGULATION_OF_D_GLUCOSE_TRANSMEMBRANE_TRANSPORT	GOBP_POSITIVE_REGULATION_OF_D_GLUCOSE_TRANSMEMBRANE_TRANSPORT		42	0.19422883	1.5016124	0.06570842	0.27663344	1.0	7820	tags=62%, list=43%, signal=107%	
GOBP_REGULATION_OF_CILIUM_BEAT_FREQUENCY	GOBP_REGULATION_OF_CILIUM_BEAT_FREQUENCY		17	0.2948956	1.501477	0.06048387	0.27617067	1.0	4317	tags=53%, list=23%, signal=69%	
GOBP_PHOSPHATE_ION_HOMEOSTASIS	GOBP_PHOSPHATE_ION_HOMEOSTASIS		20	0.2775298	1.4985102	0.07014028	0.2791221	1.0	4096	tags=50%, list=22%, signal=64%	
GOBP_TRIPARTITE_REGIONAL_SUBDIVISION	GOBP_TRIPARTITE_REGIONAL_SUBDIVISION		18	0.29248235	1.4977853	0.06395349	0.2793923	1.0	2799	tags=44%, list=15%, signal=52%	
GOBP_WHITE_FAT_CELL_DIFFERENTIATION	GOBP_WHITE_FAT_CELL_DIFFERENTIATION		19	0.27864197	1.4972042	0.07112971	0.2794497	1.0	9399	tags=79%, list=51%, signal=161%	
GOBP_EPITHELIAL_CELL_CELL_ADHESION	GOBP_EPITHELIAL_CELL_CELL_ADHESION		17	0.30179793	1.4971347	0.08514851	0.27888966	1.0	5272	tags=59%, list=29%, signal=82%	
GOBP_BONE_GROWTH	GOBP_BONE_GROWTH		34	0.2162839	1.4970177	0.07234043	0.2784136	1.0	6306	tags=56%, list=34%, signal=85%	
GOBP_EMBRYO_IMPLANTATION	GOBP_EMBRYO_IMPLANTATION		67	0.15783882	1.493742	0.07042254	0.28184456	1.0	6714	tags=52%, list=37%, signal=82%	
GOBP_MALE_SEX_DIFFERENTIATION	GOBP_MALE_SEX_DIFFERENTIATION		171	0.09772117	1.492517	0.06786427	0.28274706	1.0	5747	tags=41%, list=31%, signal=59%	
GOBP_REGULATORY_NCRNA_PROCESSING	GOBP_REGULATORY_NCRNA_PROCESSING		69	0.15207662	1.4924197	0.0583501	0.28223372	1.0	10806	tags=74%, list=59%, signal=179%	
GOBP_REGULATION_OF_ASTROCYTE_DIFFERENTIATION	GOBP_REGULATION_OF_ASTROCYTE_DIFFERENTIATION		30	0.23596576	1.4917518	0.0754717	0.28246337	1.0	6088	tags=57%, list=33%, signal=85%	
GOBP_RESPONSE_TO_RADIATION	GOBP_RESPONSE_TO_RADIATION		450	0.060890738	1.4901162	0.06924643	0.28382754	1.0	14355	tags=84%, list=78%, signal=373%	
GOBP_HEART_FIELD_SPECIFICATION	GOBP_HEART_FIELD_SPECIFICATION		18	0.29828495	1.4882371	0.07174888	0.28571227	1.0	7801	tags=72%, list=42%, signal=125%	
GOBP_POSITIVE_REGULATION_OF_SYNAPTIC_TRANSMISSION_GLUTAMATERGIC	GOBP_POSITIVE_REGULATION_OF_SYNAPTIC_TRANSMISSION_GLUTAMATERGIC		31	0.2217812	1.4864633	0.08139535	0.28743485	1.0	7199	tags=61%, list=39%, signal=101%	
GOBP_NEGATIVE_REGULATION_OF_CELLULAR_SENESCENCE	GOBP_NEGATIVE_REGULATION_OF_CELLULAR_SENESCENCE		22	0.2675209	1.485824	0.07569721	0.28762934	1.0	11804	tags=91%, list=64%, signal=254%	
GOBP_REGULATION_OF_PLASMINOGEN_ACTIVATION	GOBP_REGULATION_OF_PLASMINOGEN_ACTIVATION		17	0.30021003	1.483697	0.09227872	0.28973034	1.0	6383	tags=65%, list=35%, signal=99%	
GOBP_REGULATION_OF_D_GLUCOSE_TRANSMEMBRANE_TRANSPORT	GOBP_REGULATION_OF_D_GLUCOSE_TRANSMEMBRANE_TRANSPORT		73	0.14514355	1.4835035	0.09375	0.28937382	1.0	5654	tags=45%, list=31%, signal=65%	
GOBP_NEGATIVE_REGULATION_OF_SMOOTHENED_SIGNALING_PATHWAY	GOBP_NEGATIVE_REGULATION_OF_SMOOTHENED_SIGNALING_PATHWAY		37	0.20149523	1.4833493	0.07459678	0.2889754	1.0	7733	tags=62%, list=42%, signal=107%	
GOBP_GLAND_DEVELOPMENT	GOBP_GLAND_DEVELOPMENT		447	0.05966412	1.482396	0.08213552	0.2895677	1.0	4277	tags=29%, list=23%, signal=37%	
GOBP_REGULATION_OF_B_CELL_PROLIFERATION	GOBP_REGULATION_OF_B_CELL_PROLIFERATION		67	0.15606397	1.4818853	0.09325397	0.28958103	1.0	7570	tags=57%, list=41%, signal=96%	
GOBP_REGULATION_OF_POTASSIUM_ION_TRANSMEMBRANE_TRANSPORTER_ACTIVITY	GOBP_REGULATION_OF_POTASSIUM_ION_TRANSMEMBRANE_TRANSPORTER_ACTIVITY		16	0.30462584	1.481483	0.076620825	0.28947678	1.0	3597	tags=50%, list=20%, signal=62%	
GOBP_CHLORIDE_TRANSPORT	GOBP_CHLORIDE_TRANSPORT		129	0.11181646	1.4802617	0.060606062	0.29048184	1.0	5513	tags=41%, list=30%, signal=58%	
GOBP_REGULATION_OF_FIBRINOLYSIS	GOBP_REGULATION_OF_FIBRINOLYSIS		17	0.30021003	1.4778556	0.09475806	0.29296634	1.0	6383	tags=65%, list=35%, signal=99%	
GOBP_RESPIRATORY_GASEOUS_EXCHANGE_BY_RESPIRATORY_SYSTEM	GOBP_RESPIRATORY_GASEOUS_EXCHANGE_BY_RESPIRATORY_SYSTEM		79	0.14504565	1.4777002	0.06706114	0.29255646	1.0	8750	tags=62%, list=48%, signal=118%	
GOBP_REGULATION_OF_HEART_GROWTH	GOBP_REGULATION_OF_HEART_GROWTH		60	0.16072504	1.4742792	0.07212476	0.29626292	1.0	10846	tags=75%, list=59%, signal=182%	
GOBP_POSTSYNAPSE_ORGANIZATION	GOBP_POSTSYNAPSE_ORGANIZATION		240	0.08167344	1.4725834	0.09306931	0.29790986	1.0	9168	tags=58%, list=50%, signal=114%	
GOBP_STRIATED_MUSCLE_CELL_PROLIFERATION	GOBP_STRIATED_MUSCLE_CELL_PROLIFERATION		76	0.14803295	1.4713737	0.085365854	0.29888317	1.0	11565	tags=78%, list=63%, signal=208%	
GOBP_CARDIAC_ATRIUM_MORPHOGENESIS	GOBP_CARDIAC_ATRIUM_MORPHOGENESIS		30	0.2264946	1.471036	0.07115385	0.2987187	1.0	8101	tags=67%, list=44%, signal=119%	
GOBP_POSITIVE_REGULATION_OF_MYELOID_LEUKOCYTE_CYTOKINE_PRODUCTION_INVOLVED_IN_IMMUNE_RESPONSE	GOBP_POSITIVE_REGULATION_OF_MYELOID_LEUKOCYTE_CYTOKINE_PRODUCTION_INVOLVED_IN_IMMUNE_RESPONSE		36	0.20387119	1.4704702	0.07317073	0.29877535	1.0	3409	tags=39%, list=19%, signal=48%	
GOBP_VASCULAR_PROCESS_IN_CIRCULATORY_SYSTEM	GOBP_VASCULAR_PROCESS_IN_CIRCULATORY_SYSTEM		274	0.07700515	1.4703733	0.09018036	0.29827332	1.0	8135	tags=52%, list=44%, signal=92%	
GOBP_CYCLIC_NUCLEOTIDE_BIOSYNTHETIC_PROCESS	GOBP_CYCLIC_NUCLEOTIDE_BIOSYNTHETIC_PROCESS		20	0.2664063	1.4701219	0.06534653	0.2979376	1.0	7059	tags=65%, list=38%, signal=105%	
GOBP_CENTRAL_NERVOUS_SYSTEM_PROJECTION_NEURON_AXONOGENESIS	GOBP_CENTRAL_NERVOUS_SYSTEM_PROJECTION_NEURON_AXONOGENESIS		29	0.22954828	1.470019	0.06944445	0.29745385	1.0	10370	tags=79%, list=56%, signal=182%	
GOBP_REGULATION_OF_CIRCADIAN_RHYTHM	GOBP_REGULATION_OF_CIRCADIAN_RHYTHM		113	0.11959394	1.4694523	0.06584362	0.2976169	1.0	11647	tags=75%, list=63%, signal=204%	
GOBP_REGULATION_OF_DNA_DAMAGE_CHECKPOINT	GOBP_REGULATION_OF_DNA_DAMAGE_CHECKPOINT		23	0.2562609	1.4691285	0.08064516	0.29742306	1.0	13683	tags=100%, list=74%, signal=390%	
GOBP_REGULATION_OF_RAS_PROTEIN_SIGNAL_TRANSDUCTION	GOBP_REGULATION_OF_RAS_PROTEIN_SIGNAL_TRANSDUCTION		46	0.18233497	1.4673862	0.07509881	0.29906648	1.0	9048	tags=67%, list=49%, signal=132%	
GOBP_REGULATION_OF_MEMBRANE_INVAGINATION	GOBP_REGULATION_OF_MEMBRANE_INVAGINATION		15	0.3162023	1.4669511	0.08368201	0.29903114	1.0	3997	tags=53%, list=22%, signal=68%	
GOBP_PEPTIDE_CROSS_LINKING	GOBP_PEPTIDE_CROSS_LINKING		21	0.26503098	1.4652181	0.08782435	0.30073142	1.0	3888	tags=48%, list=21%, signal=60%	
GOBP_NEURON_RECOGNITION	GOBP_NEURON_RECOGNITION		46	0.1864778	1.4650007	0.0882353	0.30038172	1.0	8972	tags=67%, list=49%, signal=131%	
GOBP_REGULATION_OF_AMINE_METABOLIC_PROCESS	GOBP_REGULATION_OF_AMINE_METABOLIC_PROCESS		25	0.24790591	1.45932	0.067073174	0.3071162	1.0	3538	tags=44%, list=19%, signal=54%	
GOBP_STRIATED_MUSCLE_ADAPTATION	GOBP_STRIATED_MUSCLE_ADAPTATION		46	0.1820719	1.4585714	0.08851224	0.30748135	1.0	6654	tags=54%, list=36%, signal=85%	
GOBP_HEART_GROWTH	GOBP_HEART_GROWTH		86	0.13174693	1.4580528	0.079245284	0.30754113	1.0	10846	tags=72%, list=59%, signal=175%	
GOBP_PROTEIN_LOCALIZATION_TO_CELL_JUNCTION	GOBP_PROTEIN_LOCALIZATION_TO_CELL_JUNCTION		125	0.11276297	1.4565593	0.077844314	0.30898577	1.0	9121	tags=61%, list=50%, signal=120%	
GOBP_ASYMMETRIC_CELL_DIVISION	GOBP_ASYMMETRIC_CELL_DIVISION		19	0.28304514	1.4563129	0.10285714	0.30868033	1.0	11254	tags=89%, list=61%, signal=230%	
GOBP_AROMATIC_AMINO_ACID_METABOLIC_PROCESS	GOBP_AROMATIC_AMINO_ACID_METABOLIC_PROCESS		40	0.1929636	1.4560298	0.08396947	0.30841652	1.0	2435	tags=33%, list=13%, signal=37%	
GOBP_DOPAMINE_TRANSPORT	GOBP_DOPAMINE_TRANSPORT		43	0.18287273	1.4557914	0.07444668	0.30808946	1.0	6053	tags=51%, list=33%, signal=76%	
GOBP_PHOTOTRANSDUCTION	GOBP_PHOTOTRANSDUCTION		51	0.17122118	1.453672	0.071428575	0.3102112	1.0	5874	tags=49%, list=32%, signal=72%	
GOBP_PENTOSE_PHOSPHATE_SHUNT	GOBP_PENTOSE_PHOSPHATE_SHUNT		20	0.27510753	1.452983	0.08251473	0.31046942	1.0	13336	tags=100%, list=73%, signal=363%	
GOBP_SPROUTING_ANGIOGENESIS	GOBP_SPROUTING_ANGIOGENESIS		142	0.107823394	1.4529563	0.08316832	0.30985704	1.0	8781	tags=58%, list=48%, signal=111%	
GOBP_ANTIGEN_PROCESSING_AND_PRESENTATION_OF_EXOGENOUS_PEPTIDE_ANTIGEN_VIA_MHC_CLASS_II	GOBP_ANTIGEN_PROCESSING_AND_PRESENTATION_OF_EXOGENOUS_PEPTIDE_ANTIGEN_VIA_MHC_CLASS_II		29	0.22520836	1.4519849	0.086519115	0.31064445	1.0	7913	tags=66%, list=43%, signal=115%	
GOBP_RESPONSE_TO_LEPTIN	GOBP_RESPONSE_TO_LEPTIN		21	0.27002877	1.4518793	0.10041841	0.31015605	1.0	8175	tags=71%, list=44%, signal=128%	
GOBP_NEGATIVE_REGULATION_OF_CELL_SUBSTRATE_JUNCTION_ORGANIZATION	GOBP_NEGATIVE_REGULATION_OF_CELL_SUBSTRATE_JUNCTION_ORGANIZATION		16	0.30270067	1.4517941	0.10240964	0.30963436	1.0	10529	tags=88%, list=57%, signal=205%	
GOBP_NEUROBLAST_DIVISION	GOBP_NEUROBLAST_DIVISION		15	0.30896097	1.4504703	0.07456979	0.310706	1.0	2904	tags=47%, list=16%, signal=55%	
GOBP_APPENDAGE_MORPHOGENESIS	GOBP_APPENDAGE_MORPHOGENESIS		154	0.10041559	1.4468718	0.08285164	0.3148555	1.0	6169	tags=44%, list=34%, signal=65%	
GOBP_REGULATION_OF_CALCIUM_ION_DEPENDENT_EXOCYTOSIS	GOBP_REGULATION_OF_CALCIUM_ION_DEPENDENT_EXOCYTOSIS		41	0.19142154	1.4447235	0.07910751	0.3171349	1.0	8149	tags=63%, list=44%, signal=114%	
GOBP_ADENYLATE_CYCLASE_INHIBITING_G_PROTEIN_COUPLED_RECEPTOR_SIGNALING_PATHWAY	GOBP_ADENYLATE_CYCLASE_INHIBITING_G_PROTEIN_COUPLED_RECEPTOR_SIGNALING_PATHWAY		85	0.13615724	1.443327	0.092337914	0.31843558	1.0	5512	tags=44%, list=30%, signal=62%	
GOBP_REGULATION_OF_ORGAN_GROWTH	GOBP_REGULATION_OF_ORGAN_GROWTH		89	0.12993056	1.4428424	0.07312253	0.3184373	1.0	10846	tags=72%, list=59%, signal=174%	
GOBP_FIBROBLAST_GROWTH_FACTOR_RECEPTOR_SIGNALING_PATHWAY	GOBP_FIBROBLAST_GROWTH_FACTOR_RECEPTOR_SIGNALING_PATHWAY		83	0.13550924	1.4419848	0.08216433	0.31895795	1.0	12807	tags=83%, list=70%, signal=273%	
GOBP_MEIOTIC_CELL_CYCLE_PROCESS	GOBP_MEIOTIC_CELL_CYCLE_PROCESS		221	0.08195852	1.4417138	0.080078125	0.31866106	1.0	11991	tags=73%, list=65%, signal=208%	
GOBP_NEGATIVE_REGULATION_OF_RNA_CATABOLIC_PROCESS	GOBP_NEGATIVE_REGULATION_OF_RNA_CATABOLIC_PROCESS		92	0.12699498	1.4396497	0.10485437	0.3208315	1.0	14267	tags=90%, list=78%, signal=400%	
GOBP_NEUROTROPHIN_SIGNALING_PATHWAY	GOBP_NEUROTROPHIN_SIGNALING_PATHWAY		39	0.19757646	1.4391574	0.09147609	0.32086337	1.0	10520	tags=77%, list=57%, signal=179%	
GOBP_REGULATION_OF_POSTSYNAPTIC_DENSITY_ORGANIZATION	GOBP_REGULATION_OF_POSTSYNAPTIC_DENSITY_ORGANIZATION		21	0.26422998	1.4390739	0.08471075	0.32031763	1.0	6530	tags=62%, list=36%, signal=96%	
GOBP_POSITIVE_REGULATION_OF_DENDRITE_DEVELOPMENT	GOBP_POSITIVE_REGULATION_OF_DENDRITE_DEVELOPMENT		15	0.31136993	1.4384042	0.10261569	0.3206252	1.0	7764	tags=73%, list=42%, signal=127%	
GOBP_PARASYMPATHETIC_NERVOUS_SYSTEM_DEVELOPMENT	GOBP_PARASYMPATHETIC_NERVOUS_SYSTEM_DEVELOPMENT		18	0.27741495	1.4367797	0.095634095	0.32220593	1.0	6141	tags=61%, list=33%, signal=92%	
GOBP_REGULATION_OF_CILIUM_DEPENDENT_CELL_MOTILITY	GOBP_REGULATION_OF_CILIUM_DEPENDENT_CELL_MOTILITY		32	0.21584952	1.435242	0.095703125	0.32351157	1.0	4657	tags=47%, list=25%, signal=63%	
GOBP_SYNAPTIC_MEMBRANE_ADHESION	GOBP_SYNAPTIC_MEMBRANE_ADHESION		32	0.21676868	1.4336675	0.09572301	0.3251229	1.0	6939	tags=59%, list=38%, signal=95%	
GOBP_ASTROCYTE_ACTIVATION	GOBP_ASTROCYTE_ACTIVATION		23	0.24484691	1.4336275	0.10141988	0.32453728	1.0	9095	tags=74%, list=49%, signal=146%	
GOBP_ASTROCYTE_DIFFERENTIATION	GOBP_ASTROCYTE_DIFFERENTIATION		86	0.1331686	1.4335874	0.112033196	0.3239539	1.0	6543	tags=49%, list=36%, signal=75%	
GOBP_LAMELLIPODIUM_ORGANIZATION	GOBP_LAMELLIPODIUM_ORGANIZATION		89	0.12771185	1.4326296	0.094339624	0.32453758	1.0	7787	tags=55%, list=42%, signal=95%	
GOBP_TRANS_SYNAPTIC_SIGNALING_MODULATING_SYNAPTIC_TRANSMISSION	GOBP_TRANS_SYNAPTIC_SIGNALING_MODULATING_SYNAPTIC_TRANSMISSION		16	0.29556122	1.4318961	0.08888889	0.324922	1.0	4913	tags=56%, list=27%, signal=77%	
GOBP_NEGATIVE_REGULATION_OF_MRNA_CATABOLIC_PROCESS	GOBP_NEGATIVE_REGULATION_OF_MRNA_CATABOLIC_PROCESS		79	0.13616304	1.4315989	0.10139165	0.3246783	1.0	14267	tags=91%, list=78%, signal=405%	
GOBP_REGULATION_OF_CARDIAC_MUSCLE_CELL_PROLIFERATION	GOBP_REGULATION_OF_CARDIAC_MUSCLE_CELL_PROLIFERATION		37	0.19978414	1.4312813	0.10566038	0.3244509	1.0	13232	tags=92%, list=72%, signal=327%	
GOBP_VASCULAR_ASSOCIATED_SMOOTH_MUSCLE_CELL_MIGRATION	GOBP_VASCULAR_ASSOCIATED_SMOOTH_MUSCLE_CELL_MIGRATION		28	0.22506051	1.4287106	0.10547667	0.32728097	1.0	7689	tags=64%, list=42%, signal=110%	
GOBP_BIOMINERAL_TISSUE_DEVELOPMENT	GOBP_BIOMINERAL_TISSUE_DEVELOPMENT		179	0.09264748	1.4284558	0.103658535	0.3270243	1.0	4990	tags=36%, list=27%, signal=49%	
GOBP_MIRNA_PROCESSING	GOBP_MIRNA_PROCESSING		43	0.1802389	1.4282385	0.09922179	0.32665217	1.0	10806	tags=77%, list=59%, signal=186%	
GOBP_LEUKOCYTE_ACTIVATION_INVOLVED_IN_INFLAMMATORY_RESPONSE	GOBP_LEUKOCYTE_ACTIVATION_INVOLVED_IN_INFLAMMATORY_RESPONSE		49	0.17241904	1.4274287	0.11262136	0.32714668	1.0	5469	tags=47%, list=30%, signal=67%	
GOBP_REGULATION_OF_CIRCADIAN_SLEEP_WAKE_CYCLE	GOBP_REGULATION_OF_CIRCADIAN_SLEEP_WAKE_CYCLE		21	0.25777796	1.426131	0.09710744	0.3282809	1.0	4897	tags=52%, list=27%, signal=71%	
GOBP_MEIOTIC_SPINDLE_ASSEMBLY	GOBP_MEIOTIC_SPINDLE_ASSEMBLY		15	0.30468732	1.4248182	0.10288066	0.32939652	1.0	11565	tags=93%, list=63%, signal=251%	
GOBP_GASTRULATION_WITH_MOUTH_FORMING_SECOND	GOBP_GASTRULATION_WITH_MOUTH_FORMING_SECOND		26	0.23181012	1.4246736	0.1026694	0.3289327	1.0	6352	tags=58%, list=35%, signal=88%	
GOBP_POSITIVE_REGULATION_OF_SYNAPSE_ASSEMBLY	GOBP_POSITIVE_REGULATION_OF_SYNAPSE_ASSEMBLY		68	0.14883737	1.4243572	0.10547667	0.3287066	1.0	8631	tags=62%, list=47%, signal=116%	
GOBP_RESPONSE_TO_MUSCLE_ACTIVITY	GOBP_RESPONSE_TO_MUSCLE_ACTIVITY		32	0.21472268	1.42193	0.10037879	0.33147895	1.0	8126	tags=66%, list=44%, signal=117%	
GOBP_NUCLEOSIDE_MONOPHOSPHATE_CATABOLIC_PROCESS	GOBP_NUCLEOSIDE_MONOPHOSPHATE_CATABOLIC_PROCESS		19	0.264384	1.4216506	0.10750507	0.3311779	1.0	8693	tags=74%, list=47%, signal=140%	
GOBP_POSITIVE_REGULATION_OF_NUCLEOTIDE_BIOSYNTHETIC_PROCESS	GOBP_POSITIVE_REGULATION_OF_NUCLEOTIDE_BIOSYNTHETIC_PROCESS		16	0.29607484	1.4216167	0.091451295	0.33058718	1.0	6053	tags=63%, list=33%, signal=93%	
GOBP_CARDIAC_MUSCLE_CELL_ACTION_POTENTIAL_INVOLVED_IN_CONTRACTION	GOBP_CARDIAC_MUSCLE_CELL_ACTION_POTENTIAL_INVOLVED_IN_CONTRACTION		60	0.16113779	1.4215262	0.10973085	0.33007634	1.0	2869	tags=32%, list=16%, signal=37%	
GOBP_PROTEIN_CONTAINING_COMPLEX_LOCALIZATION	GOBP_PROTEIN_CONTAINING_COMPLEX_LOCALIZATION		220	0.08401595	1.421233	0.107279696	0.32986635	1.0	12182	tags=75%, list=66%, signal=218%	
GOBP_IN_UTERO_EMBRYONIC_DEVELOPMENT	GOBP_IN_UTERO_EMBRYONIC_DEVELOPMENT		424	0.059122294	1.4212291	0.1010101	0.32924083	1.0	13771	tags=81%, list=75%, signal=314%	
GOBP_REGULATION_OF_WNT_SIGNALING_PATHWAY	GOBP_REGULATION_OF_WNT_SIGNALING_PATHWAY		333	0.06747313	1.4196203	0.10547667	0.330873	1.0	7838	tags=49%, list=43%, signal=84%	
GOBP_LENS_MORPHOGENESIS_IN_CAMERA_TYPE_EYE	GOBP_LENS_MORPHOGENESIS_IN_CAMERA_TYPE_EYE		23	0.24840698	1.419543	0.08946322	0.3303404	1.0	8230	tags=70%, list=45%, signal=126%	
GOBP_ENTEROENDOCRINE_CELL_DIFFERENTIATION	GOBP_ENTEROENDOCRINE_CELL_DIFFERENTIATION		35	0.20237525	1.4194707	0.10526316	0.32981265	1.0	10997	tags=80%, list=60%, signal=199%	
GOBP_SEX_DETERMINATION	GOBP_SEX_DETERMINATION		21	0.25274128	1.4185927	0.07632094	0.3304295	1.0	3238	tags=43%, list=18%, signal=52%	
GOBP_CYTOSKELETON_DEPENDENT_INTRACELLULAR_TRANSPORT	GOBP_CYTOSKELETON_DEPENDENT_INTRACELLULAR_TRANSPORT		207	0.08584521	1.4184102	0.09185804	0.33007255	1.0	15674	tags=94%, list=85%, signal=627%	
GOBP_RIBOSOMAL_LARGE_SUBUNIT_BIOGENESIS	GOBP_RIBOSOMAL_LARGE_SUBUNIT_BIOGENESIS		66	0.14798793	1.4173957	0.087318085	0.33081397	1.0	11777	tags=79%, list=64%, signal=218%	
GOBP_POSTSYNAPTIC_DENSITY_ORGANIZATION	GOBP_POSTSYNAPTIC_DENSITY_ORGANIZATION		47	0.17724851	1.4169953	0.08723404	0.33073923	1.0	6530	tags=53%, list=36%, signal=82%	
GOBP_CELLULAR_PIGMENTATION	GOBP_CELLULAR_PIGMENTATION		64	0.1479349	1.4169389	0.0951417	0.3302098	1.0	14242	tags=92%, list=77%, signal=407%	
GOBP_REGULATION_OF_NERVOUS_SYSTEM_DEVELOPMENT	GOBP_REGULATION_OF_NERVOUS_SYSTEM_DEVELOPMENT		442	0.05943034	1.4161998	0.10344828	0.33056772	1.0	9168	tags=56%, list=50%, signal=108%	
GOBP_MESENCHYMAL_TO_EPITHELIAL_TRANSITION	GOBP_MESENCHYMAL_TO_EPITHELIAL_TRANSITION		20	0.26536116	1.415403	0.09861933	0.33107767	1.0	3400	tags=45%, list=18%, signal=55%	
GOBP_REGULATION_OF_FATTY_ACID_BETA_OXIDATION	GOBP_REGULATION_OF_FATTY_ACID_BETA_OXIDATION		18	0.27656224	1.4121071	0.09437751	0.33518574	1.0	12287	tags=94%, list=67%, signal=284%	
GOBP_TYROSINE_METABOLIC_PROCESS	GOBP_TYROSINE_METABOLIC_PROCESS		17	0.2863157	1.4107447	0.10245901	0.33650044	1.0	2311	tags=41%, list=13%, signal=47%	
GOBP_RESPONSE_TO_IONIZING_RADIATION	GOBP_RESPONSE_TO_IONIZING_RADIATION		144	0.10086897	1.4105185	0.10650887	0.33623505	1.0	14506	tags=89%, list=79%, signal=417%	
GOBP_MULTICELLULAR_ORGANISMAL_LEVEL_IRON_ION_HOMEOSTASIS	GOBP_MULTICELLULAR_ORGANISMAL_LEVEL_IRON_ION_HOMEOSTASIS		28	0.2214955	1.4098048	0.099585064	0.3366425	1.0	5784	tags=54%, list=31%, signal=78%	
GOBP_TYPE_B_PANCREATIC_CELL_DEVELOPMENT	GOBP_TYPE_B_PANCREATIC_CELL_DEVELOPMENT		22	0.25124842	1.4095486	0.10251046	0.33635956	1.0	10431	tags=82%, list=57%, signal=189%	
GOBP_GONADOTROPIN_SECRETION	GOBP_GONADOTROPIN_SECRETION		16	0.29572448	1.409402	0.09072165	0.33593285	1.0	4910	tags=56%, list=27%, signal=77%	
GOBP_CATECHOLAMINE_UPTAKE	GOBP_CATECHOLAMINE_UPTAKE		19	0.26961794	1.4082438	0.103238866	0.33679345	1.0	5693	tags=58%, list=31%, signal=84%	
GOBP_EPITHELIAL_CELL_PROLIFERATION	GOBP_EPITHELIAL_CELL_PROLIFERATION		445	0.05738376	1.4082077	0.10139165	0.33622438	1.0	3102	tags=22%, list=17%, signal=26%	
GOBP_REGULATION_OF_NUCLEAR_TRANSCRIBED_MRNA_CATABOLIC_PROCESS_DEADENYLATION_DEPENDENT_DECAY	GOBP_REGULATION_OF_NUCLEAR_TRANSCRIBED_MRNA_CATABOLIC_PROCESS_DEADENYLATION_DEPENDENT_DECAY		23	0.2455878	1.4080825	0.10953347	0.33577505	1.0	9881	tags=78%, list=54%, signal=169%	
GOBP_HIPPO_SIGNALING	GOBP_HIPPO_SIGNALING		58	0.153789	1.4078476	0.10546875	0.3354955	1.0	6058	tags=48%, list=33%, signal=72%	
GOBP_REGULATION_OF_STEM_CELL_DIFFERENTIATION	GOBP_REGULATION_OF_STEM_CELL_DIFFERENTIATION		83	0.12812357	1.4076588	0.099609375	0.33516717	1.0	15158	tags=95%, list=82%, signal=539%	
GOBP_RESPONSE_TO_ALKALOID	GOBP_RESPONSE_TO_ALKALOID		92	0.12562402	1.407136	0.107942976	0.33524084	1.0	6296	tags=47%, list=34%, signal=71%	
GOBP_REGULATION_OF_DENDRITIC_SPINE_MORPHOGENESIS	GOBP_REGULATION_OF_DENDRITIC_SPINE_MORPHOGENESIS		42	0.17771178	1.4051027	0.106930695	0.33747712	1.0	12064	tags=83%, list=66%, signal=242%	
GOBP_CARDIAC_MUSCLE_CELL_ACTION_POTENTIAL	GOBP_CARDIAC_MUSCLE_CELL_ACTION_POTENTIAL		84	0.13025463	1.4041742	0.10958904	0.3382607	1.0	2869	tags=29%, list=16%, signal=34%	
GOBP_AXONAL_FASCICULATION	GOBP_AXONAL_FASCICULATION		20	0.26238367	1.4026823	0.10357816	0.33980063	1.0	8972	tags=75%, list=49%, signal=146%	
GOBP_DETERMINATION_OF_ADULT_LIFESPAN	GOBP_DETERMINATION_OF_ADULT_LIFESPAN		38	0.19187169	1.4025906	0.09829868	0.33931038	1.0	7125	tags=58%, list=39%, signal=94%	
GOBP_VENTRICULAR_SYSTEM_DEVELOPMENT	GOBP_VENTRICULAR_SYSTEM_DEVELOPMENT		34	0.2058263	1.4009514	0.11133603	0.3408793	1.0	12448	tags=88%, list=68%, signal=273%	
GOBP_REGULATION_OF_GRANULOCYTE_DIFFERENTIATION	GOBP_REGULATION_OF_GRANULOCYTE_DIFFERENTIATION		16	0.28886053	1.3989799	0.10526316	0.34301385	1.0	7335	tags=69%, list=40%, signal=114%	
GOBP_AMINO_ACID_TRANSPORT	GOBP_AMINO_ACID_TRANSPORT		164	0.09337158	1.3983287	0.1002045	0.34327778	1.0	9399	tags=60%, list=51%, signal=122%	
GOBP_RESPONSE_TO_XENOBIOTIC_STIMULUS	GOBP_RESPONSE_TO_XENOBIOTIC_STIMULUS		425	0.05818792	1.3977393	0.09710744	0.34351376	1.0	7262	tags=45%, list=39%, signal=73%	
GOBP_REGULATION_OF_SIGNAL_TRANSDUCTION_BY_P53_CLASS_MEDIATOR	GOBP_REGULATION_OF_SIGNAL_TRANSDUCTION_BY_P53_CLASS_MEDIATOR		118	0.11037495	1.3965751	0.10408163	0.34453043	1.0	13256	tags=83%, list=72%, signal=296%	
GOBP_LUNG_EPITHELIUM_DEVELOPMENT	GOBP_LUNG_EPITHELIUM_DEVELOPMENT		48	0.17113931	1.3964578	0.11045365	0.3440917	1.0	5289	tags=46%, list=29%, signal=64%	
GOBP_CELL_RECOGNITION	GOBP_CELL_RECOGNITION		159	0.096698105	1.3954433	0.107421875	0.34498376	1.0	4482	tags=34%, list=24%, signal=45%	
GOBP_REGULATION_OF_SPROUTING_ANGIOGENESIS	GOBP_REGULATION_OF_SPROUTING_ANGIOGENESIS		46	0.1750957	1.3944733	0.10042735	0.3457433	1.0	8781	tags=65%, list=48%, signal=124%	
GOBP_MYELOID_LEUKOCYTE_CYTOKINE_PRODUCTION	GOBP_MYELOID_LEUKOCYTE_CYTOKINE_PRODUCTION		52	0.16119283	1.3942512	0.1045082	0.34544453	1.0	3409	tags=35%, list=19%, signal=42%	
GOBP_REGULATION_OF_INTRINSIC_APOPTOTIC_SIGNALING_PATHWAY_BY_P53_CLASS_MEDIATOR	GOBP_REGULATION_OF_INTRINSIC_APOPTOTIC_SIGNALING_PATHWAY_BY_P53_CLASS_MEDIATOR		35	0.19743176	1.3934568	0.11090226	0.3459219	1.0	7935	tags=63%, list=43%, signal=110%	
GOBP_NEGATIVE_REGULATION_OF_NEURON_APOPTOTIC_PROCESS	GOBP_NEGATIVE_REGULATION_OF_NEURON_APOPTOTIC_PROCESS		175	0.092444934	1.3896635	0.116054155	0.35077748	1.0	12082	tags=75%, list=66%, signal=216%	
GOBP_PROTEIN_ACETYLATION	GOBP_PROTEIN_ACETYLATION		39	0.18634874	1.3885212	0.1030303	0.35182858	1.0	14027	tags=95%, list=76%, signal=399%	
GOBP_REGULATION_OF_CATION_CHANNEL_ACTIVITY	GOBP_REGULATION_OF_CATION_CHANNEL_ACTIVITY		54	0.15667272	1.3880861	0.12783505	0.35180974	1.0	3597	tags=35%, list=20%, signal=44%	
GOBP_REGULATION_OF_STEM_CELL_PROLIFERATION	GOBP_REGULATION_OF_STEM_CELL_PROLIFERATION		80	0.13077319	1.3867655	0.10240964	0.35319966	1.0	10708	tags=71%, list=58%, signal=170%	
GOBP_POSITIVE_REGULATION_OF_ALCOHOL_BIOSYNTHETIC_PROCESS	GOBP_POSITIVE_REGULATION_OF_ALCOHOL_BIOSYNTHETIC_PROCESS		29	0.21219985	1.3856568	0.1167002	0.35421842	1.0	4981	tags=48%, list=27%, signal=66%	
GOBP_EAR_DEVELOPMENT	GOBP_EAR_DEVELOPMENT		233	0.07797388	1.3851917	0.118367344	0.3542728	1.0	4503	tags=32%, list=24%, signal=42%	
GOBP_LUNG_CELL_DIFFERENTIATION	GOBP_LUNG_CELL_DIFFERENTIATION		30	0.21271904	1.3839693	0.12284069	0.355422	1.0	9580	tags=73%, list=52%, signal=153%	
GOBP_INTRACELLULAR_IRON_ION_HOMEOSTASIS	GOBP_INTRACELLULAR_IRON_ION_HOMEOSTASIS		69	0.13836537	1.3824259	0.12323232	0.3570752	1.0	9458	tags=65%, list=51%, signal=134%	
GOBP_HORMONE_METABOLIC_PROCESS	GOBP_HORMONE_METABOLIC_PROCESS		240	0.07536386	1.381818	0.1097561	0.35737896	1.0	4225	tags=30%, list=23%, signal=39%	
GOBP_CARDIAC_CONDUCTION	GOBP_CARDIAC_CONDUCTION		96	0.11888722	1.3816767	0.104417674	0.35695678	1.0	3188	tags=29%, list=17%, signal=35%	
GOBP_MESODERM_DEVELOPMENT	GOBP_MESODERM_DEVELOPMENT		129	0.10642932	1.3814532	0.12240664	0.35665873	1.0	8035	tags=54%, list=44%, signal=96%	
GOBP_POSITIVE_REGULATION_OF_OSTEOCLAST_DIFFERENTIATION	GOBP_POSITIVE_REGULATION_OF_OSTEOCLAST_DIFFERENTIATION		29	0.21870692	1.3812201	0.11890838	0.35639465	1.0	2959	tags=38%, list=16%, signal=45%	
GOBP_POSITIVE_REGULATION_OF_MIRNA_TRANSCRIPTION	GOBP_POSITIVE_REGULATION_OF_MIRNA_TRANSCRIPTION		56	0.156055	1.3807658	0.11683168	0.3564292	1.0	5348	tags=45%, list=29%, signal=63%	
GOBP_MIRNA_METABOLIC_PROCESS	GOBP_MIRNA_METABOLIC_PROCESS		104	0.11434721	1.3806577	0.10750507	0.35596728	1.0	10817	tags=70%, list=59%, signal=169%	
GOBP_MITOCHONDRION_DISTRIBUTION	GOBP_MITOCHONDRION_DISTRIBUTION		21	0.2489644	1.3802716	0.10950413	0.3558965	1.0	12065	tags=90%, list=66%, signal=263%	
GOBP_DIGESTIVE_SYSTEM_DEVELOPMENT	GOBP_DIGESTIVE_SYSTEM_DEVELOPMENT		149	0.09523822	1.379711	0.118473895	0.35606334	1.0	4680	tags=35%, list=25%, signal=46%	
GOBP_REGULATION_OF_MUSCLE_HYPERTROPHY	GOBP_REGULATION_OF_MUSCLE_HYPERTROPHY		61	0.14839773	1.3781303	0.12578617	0.35777655	1.0	10846	tags=74%, list=59%, signal=179%	
GOBP_REGULATION_OF_TRANSCRIPTION_REGULATORY_REGION_DNA_BINDING	GOBP_REGULATION_OF_TRANSCRIPTION_REGULATORY_REGION_DNA_BINDING		24	0.23576252	1.3778976	0.14545454	0.35749182	1.0	9462	tags=75%, list=51%, signal=154%	
GOBP_REGULATION_OF_HEART_RATE_BY_CARDIAC_CONDUCTION	GOBP_REGULATION_OF_HEART_RATE_BY_CARDIAC_CONDUCTION		43	0.17584834	1.3764659	0.10699589	0.35893843	1.0	3188	tags=35%, list=17%, signal=42%	
GOBP_REGULATION_OF_POSTSYNAPTIC_DENSITY_ASSEMBLY	GOBP_REGULATION_OF_POSTSYNAPTIC_DENSITY_ASSEMBLY		16	0.28002042	1.3743243	0.10456274	0.36145145	1.0	6348	tags=63%, list=35%, signal=95%	
GOBP_PHOTOTRANSDUCTION_VISIBLE_LIGHT	GOBP_PHOTOTRANSDUCTION_VISIBLE_LIGHT		23	0.2420585	1.3740802	0.10580913	0.36121628	1.0	7547	tags=65%, list=41%, signal=110%	
GOBP_SEROTONIN_TRANSPORT	GOBP_SEROTONIN_TRANSPORT		20	0.25784934	1.374021	0.122	0.3606956	1.0	3538	tags=45%, list=19%, signal=56%	
GOBP_REGULATION_OF_SECONDARY_METABOLIC_PROCESS	GOBP_REGULATION_OF_SECONDARY_METABOLIC_PROCESS		16	0.2807517	1.3738812	0.114119925	0.36029628	1.0	7484	tags=69%, list=41%, signal=116%	
GOBP_REGULATION_OF_STEM_CELL_POPULATION_MAINTENANCE	GOBP_REGULATION_OF_STEM_CELL_POPULATION_MAINTENANCE		73	0.13508457	1.3734711	0.12072434	0.36026803	1.0	14152	tags=90%, list=77%, signal=391%	
GOBP_ENDOPLASMIC_RETICULUM_TUBULAR_NETWORK_ORGANIZATION	GOBP_ENDOPLASMIC_RETICULUM_TUBULAR_NETWORK_ORGANIZATION		23	0.23366725	1.3732033	0.102970295	0.360054	1.0	14098	tags=100%, list=77%, signal=428%	
GOBP_TRANSFORMING_GROWTH_FACTOR_BETA_RECEPTOR_SIGNALING_PATHWAY	GOBP_TRANSFORMING_GROWTH_FACTOR_BETA_RECEPTOR_SIGNALING_PATHWAY		219	0.08099946	1.3723074	0.11157025	0.3607296	1.0	6169	tags=42%, list=34%, signal=62%	
GOBP_SPERM_AXONEME_ASSEMBLY	GOBP_SPERM_AXONEME_ASSEMBLY		33	0.19851638	1.3717636	0.125	0.36097446	1.0	8058	tags=64%, list=44%, signal=113%	
GOBP_REGULATION_OF_CARDIOCYTE_DIFFERENTIATION	GOBP_REGULATION_OF_CARDIOCYTE_DIFFERENTIATION		25	0.2273244	1.3714049	0.11530815	0.36087346	1.0	3916	tags=44%, list=21%, signal=56%	
GOBP_NUCLEOLUS_ORGANIZATION	GOBP_NUCLEOLUS_ORGANIZATION		18	0.26636916	1.3703548	0.1254902	0.36188683	1.0	13496	tags=100%, list=73%, signal=375%	
GOBP_V_D_J_RECOMBINATION	GOBP_V_D_J_RECOMBINATION		19	0.25245222	1.367954	0.12934363	0.36483476	1.0	12784	tags=95%, list=70%, signal=310%	
GOBP_SURFACTANT_HOMEOSTASIS	GOBP_SURFACTANT_HOMEOSTASIS		20	0.25397095	1.3674983	0.12745099	0.3648725	1.0	8207	tags=70%, list=45%, signal=126%	
GOBP_HORMONE_BIOSYNTHETIC_PROCESS	GOBP_HORMONE_BIOSYNTHETIC_PROCESS		61	0.14660546	1.3666995	0.10816327	0.36552185	1.0	5452	tags=44%, list=30%, signal=63%	
GOBP_HYDROGEN_PEROXIDE_BIOSYNTHETIC_PROCESS	GOBP_HYDROGEN_PEROXIDE_BIOSYNTHETIC_PROCESS		17	0.27610946	1.3666811	0.14229248	0.3649375	1.0	5744	tags=59%, list=31%, signal=85%	
GOBP_ACIDIC_AMINO_ACID_TRANSPORT	GOBP_ACIDIC_AMINO_ACID_TRANSPORT		73	0.13678586	1.3659719	0.12145749	0.36538994	1.0	9838	tags=67%, list=53%, signal=144%	
GOBP_ACTIVATION_OF_PROTEIN_KINASE_ACTIVITY	GOBP_ACTIVATION_OF_PROTEIN_KINASE_ACTIVITY		41	0.17509669	1.3649114	0.11133603	0.36634496	1.0	8000	tags=61%, list=43%, signal=108%	
GOBP_REGULATION_OF_NEUROBLAST_PROLIFERATION	GOBP_REGULATION_OF_NEUROBLAST_PROLIFERATION		46	0.16951428	1.364505	0.12352941	0.3663606	1.0	9683	tags=70%, list=53%, signal=147%	
GOBP_FAT_CELL_PROLIFERATION	GOBP_FAT_CELL_PROLIFERATION		15	0.28911626	1.3643562	0.13577981	0.36598796	1.0	9399	tags=80%, list=51%, signal=163%	
GOBP_POSITIVE_REGULATION_OF_CALCIUM_MEDIATED_SIGNALING	GOBP_POSITIVE_REGULATION_OF_CALCIUM_MEDIATED_SIGNALING		58	0.1501485	1.3632134	0.12345679	0.36707672	1.0	7076	tags=53%, list=38%, signal=87%	
GOBP_POSITIVE_REGULATION_OF_MORPHOGENESIS_OF_AN_EPITHELIUM	GOBP_POSITIVE_REGULATION_OF_MORPHOGENESIS_OF_AN_EPITHELIUM		38	0.18387356	1.3619802	0.114173226	0.36830446	1.0	3400	tags=37%, list=18%, signal=45%	
GOBP_DE_NOVO_PROTEIN_FOLDING	GOBP_DE_NOVO_PROTEIN_FOLDING		37	0.18593341	1.3607064	0.11890838	0.3695919	1.0	11498	tags=81%, list=63%, signal=216%	
GOBP_OUTFLOW_TRACT_SEPTUM_MORPHOGENESIS	GOBP_OUTFLOW_TRACT_SEPTUM_MORPHOGENESIS		28	0.21660405	1.3589585	0.13562752	0.3715399	1.0	5217	tags=50%, list=28%, signal=70%	
GOBP_APPENDAGE_DEVELOPMENT	GOBP_APPENDAGE_DEVELOPMENT		192	0.085337795	1.357935	0.13569938	0.37245676	1.0	6492	tags=44%, list=35%, signal=67%	
GOBP_NEGATIVE_REGULATION_OF_SMOOTH_MUSCLE_CELL_MIGRATION	GOBP_NEGATIVE_REGULATION_OF_SMOOTH_MUSCLE_CELL_MIGRATION		24	0.23541088	1.3574859	0.13121273	0.37251204	1.0	5637	tags=54%, list=31%, signal=78%	
GOBP_SULFATION	GOBP_SULFATION		19	0.25427425	1.3573829	0.12648222	0.3720394	1.0	4039	tags=47%, list=22%, signal=61%	
GOBP_NEGATIVE_REGULATION_OF_ANOIKIS	GOBP_NEGATIVE_REGULATION_OF_ANOIKIS		19	0.2558384	1.3564689	0.113131315	0.37276006	1.0	8850	tags=74%, list=48%, signal=142%	
GOBP_REGULATION_OF_LONG_TERM_SYNAPTIC_DEPRESSION	GOBP_REGULATION_OF_LONG_TERM_SYNAPTIC_DEPRESSION		15	0.28678352	1.3562852	0.115311906	0.3724167	1.0	11894	tags=93%, list=65%, signal=264%	
GOBP_REGULATION_OF_CELL_PROLIFERATION_INVOLVED_IN_KIDNEY_DEVELOPMENT	GOBP_REGULATION_OF_CELL_PROLIFERATION_INVOLVED_IN_KIDNEY_DEVELOPMENT		15	0.28698304	1.3560371	0.12643678	0.37218055	1.0	5760	tags=60%, list=31%, signal=87%	
GOBP_RESPONSE_TO_CORTICOSTEROID	GOBP_RESPONSE_TO_CORTICOSTEROID		152	0.09625918	1.3535824	0.14256619	0.3753221	1.0	4293	tags=33%, list=23%, signal=43%	
GOBP_CELLULAR_RESPONSE_TO_ETHANOL	GOBP_CELLULAR_RESPONSE_TO_ETHANOL		15	0.28301412	1.3513321	0.1403162	0.37810847	1.0	7059	tags=67%, list=38%, signal=108%	
GOBP_LIMBIC_SYSTEM_DEVELOPMENT	GOBP_LIMBIC_SYSTEM_DEVELOPMENT		121	0.10702273	1.3505332	0.14046122	0.37866357	1.0	10811	tags=69%, list=59%, signal=167%	
GOBP_FORELIMB_MORPHOGENESIS	GOBP_FORELIMB_MORPHOGENESIS		40	0.18370526	1.3504584	0.15551181	0.3781752	1.0	4444	tags=43%, list=24%, signal=56%	
GOBP_REGULATION_OF_AMINO_ACID_TRANSPORT	GOBP_REGULATION_OF_AMINO_ACID_TRANSPORT		39	0.1833476	1.3500699	0.12830958	0.3781612	1.0	9838	tags=72%, list=53%, signal=154%	
GOBP_FORMATION_OF_PRIMARY_GERM_LAYER	GOBP_FORMATION_OF_PRIMARY_GERM_LAYER		128	0.09913443	1.3497878	0.115384616	0.37798616	1.0	10976	tags=70%, list=60%, signal=171%	
GOBP_MEIOTIC_CELL_CYCLE	GOBP_MEIOTIC_CELL_CYCLE		291	0.06938429	1.3497646	0.10950413	0.37739736	1.0	12015	tags=72%, list=65%, signal=205%	
GOBP_REPLACEMENT_OSSIFICATION	GOBP_REPLACEMENT_OSSIFICATION		30	0.2076376	1.3496315	0.13539653	0.37697506	1.0	4156	tags=43%, list=23%, signal=56%	
GOBP_NEURON_REMODELING	GOBP_NEURON_REMODELING		15	0.28545207	1.3488147	0.13306452	0.37760863	1.0	3336	tags=47%, list=18%, signal=57%	
GOBP_REGULATION_OF_CELLULAR_RESPONSE_TO_HEAT	GOBP_REGULATION_OF_CELLULAR_RESPONSE_TO_HEAT		16	0.28291497	1.3487782	0.12915128	0.37704396	1.0	12042	tags=94%, list=65%, signal=271%	
GOBP_PROTEIN_LOCALIZATION_TO_SYNAPSE	GOBP_PROTEIN_LOCALIZATION_TO_SYNAPSE		90	0.12080822	1.348294	0.1295938	0.37714148	1.0	8414	tags=58%, list=46%, signal=106%	
GOBP_SALIVARY_GLAND_DEVELOPMENT	GOBP_SALIVARY_GLAND_DEVELOPMENT		37	0.18171753	1.3482063	0.13184585	0.3766785	1.0	8096	tags=62%, list=44%, signal=111%	
GOBP_SKELETAL_MUSCLE_TISSUE_REGENERATION	GOBP_SKELETAL_MUSCLE_TISSUE_REGENERATION		45	0.16508839	1.3454884	0.14989734	0.38010862	1.0	3918	tags=38%, list=21%, signal=48%	
GOBP_REGULATION_OF_CELLULAR_RESPONSE_TO_TRANSFORMING_GROWTH_FACTOR_BETA_STIMULUS	GOBP_REGULATION_OF_CELLULAR_RESPONSE_TO_TRANSFORMING_GROWTH_FACTOR_BETA_STIMULUS		149	0.09480815	1.3447205	0.125	0.38062748	1.0	6169	tags=43%, list=34%, signal=64%	
GOBP_REGULATION_OF_KERATINOCYTE_DIFFERENTIATION	GOBP_REGULATION_OF_KERATINOCYTE_DIFFERENTIATION		39	0.18314919	1.3432711	0.13872832	0.38223055	1.0	5126	tags=46%, list=28%, signal=64%	
GOBP_MYOBLAST_PROLIFERATION	GOBP_MYOBLAST_PROLIFERATION		25	0.22836545	1.3430969	0.12851405	0.38189206	1.0	9782	tags=76%, list=53%, signal=162%	
GOBP_CELL_SUBSTRATE_JUNCTION_ORGANIZATION	GOBP_CELL_SUBSTRATE_JUNCTION_ORGANIZATION		102	0.11432675	1.3425934	0.13207547	0.38199344	1.0	12693	tags=80%, list=69%, signal=258%	
GOBP_POSITIVE_REGULATION_OF_MYELOID_CELL_DIFFERENTIATION	GOBP_POSITIVE_REGULATION_OF_MYELOID_CELL_DIFFERENTIATION		106	0.11416462	1.3417552	0.1223301	0.3825824	1.0	8148	tags=56%, list=44%, signal=99%	
GOBP_LOCOMOTORY_EXPLORATION_BEHAVIOR	GOBP_LOCOMOTORY_EXPLORATION_BEHAVIOR		16	0.27660203	1.3406473	0.15400843	0.3836141	1.0	12158	tags=94%, list=66%, signal=276%	
GOBP_POSITIVE_REGULATION_OF_STEM_CELL_POPULATION_MAINTENANCE	GOBP_POSITIVE_REGULATION_OF_STEM_CELL_POPULATION_MAINTENANCE		49	0.16086976	1.3401544	0.136	0.38369766	1.0	15064	tags=98%, list=82%, signal=540%	
GOBP_HEPARAN_SULFATE_PROTEOGLYCAN_BIOSYNTHETIC_PROCESS	GOBP_HEPARAN_SULFATE_PROTEOGLYCAN_BIOSYNTHETIC_PROCESS		34	0.19187424	1.3388791	0.13948919	0.38503686	1.0	7295	tags=59%, list=40%, signal=97%	
GOBP_NEURONAL_ACTION_POTENTIAL	GOBP_NEURONAL_ACTION_POTENTIAL		37	0.1889639	1.338785	0.137577	0.38456985	1.0	7963	tags=62%, list=43%, signal=109%	
GOBP_CARDIAC_SEPTUM_DEVELOPMENT	GOBP_CARDIAC_SEPTUM_DEVELOPMENT		113	0.108744785	1.3384359	0.14015152	0.38449958	1.0	8102	tags=55%, list=44%, signal=97%	
GOBP_GLUCOSAMINE_CONTAINING_COMPOUND_METABOLIC_PROCESS	GOBP_GLUCOSAMINE_CONTAINING_COMPOUND_METABOLIC_PROCESS		26	0.22195862	1.3379054	0.14119923	0.384637	1.0	10777	tags=81%, list=59%, signal=195%	
GOBP_REGULATION_OF_COLLAGEN_METABOLIC_PROCESS	GOBP_REGULATION_OF_COLLAGEN_METABOLIC_PROCESS		41	0.17044194	1.3376048	0.11045365	0.3844735	1.0	1357	tags=24%, list=7%, signal=26%	
GOBP_NEGATIVE_REGULATION_OF_FAT_CELL_DIFFERENTIATION	GOBP_NEGATIVE_REGULATION_OF_FAT_CELL_DIFFERENTIATION		53	0.15585124	1.3374455	0.15028901	0.38411012	1.0	5122	tags=43%, list=28%, signal=60%	
GOBP_REGULATION_OF_TRANSMEMBRANE_TRANSPORT	GOBP_REGULATION_OF_TRANSMEMBRANE_TRANSPORT		412	0.057013657	1.3356974	0.13243762	0.38612422	1.0	4152	tags=28%, list=23%, signal=36%	
GOBP_REGULATION_OF_FAT_CELL_DIFFERENTIATION	GOBP_REGULATION_OF_FAT_CELL_DIFFERENTIATION		134	0.09793871	1.3349985	0.121212125	0.3865478	1.0	4936	tags=37%, list=27%, signal=50%	
GOBP_BLOOD_VESSEL_REMODELING	GOBP_BLOOD_VESSEL_REMODELING		48	0.16338205	1.3325777	0.13373253	0.38966545	1.0	4665	tags=42%, list=25%, signal=56%	
GOBP_REGULATION_OF_TRANSLATIONAL_FIDELITY	GOBP_REGULATION_OF_TRANSLATIONAL_FIDELITY		17	0.2632076	1.3321815	0.15	0.38961378	1.0	12472	tags=94%, list=68%, signal=292%	
GOBP_NEURON_CELL_CELL_ADHESION	GOBP_NEURON_CELL_CELL_ADHESION		16	0.27907822	1.3314927	0.14314516	0.39006463	1.0	2917	tags=44%, list=16%, signal=52%	
GOBP_B_CELL_PROLIFERATION	GOBP_B_CELL_PROLIFERATION		89	0.12138909	1.3307748	0.165692	0.39053187	1.0	8316	tags=57%, list=45%, signal=104%	
GOBP_MUSCLE_CELL_DIFFERENTIATION	GOBP_MUSCLE_CELL_DIFFERENTIATION		408	0.057090014	1.3304468	0.13653846	0.39042768	1.0	4697	tags=31%, list=26%, signal=41%	
GOBP_CAMERA_TYPE_EYE_PHOTORECEPTOR_CELL_DIFFERENTIATION	GOBP_CAMERA_TYPE_EYE_PHOTORECEPTOR_CELL_DIFFERENTIATION		33	0.19482218	1.3293917	0.1375969	0.39141357	1.0	4782	tags=45%, list=26%, signal=61%	
GOBP_NERVOUS_SYSTEM_PROCESS_INVOLVED_IN_REGULATION_OF_SYSTEMIC_ARTERIAL_BLOOD_PRESSURE	GOBP_NERVOUS_SYSTEM_PROCESS_INVOLVED_IN_REGULATION_OF_SYSTEMIC_ARTERIAL_BLOOD_PRESSURE		15	0.28714266	1.3269656	0.15087041	0.39467487	1.0	4531	tags=53%, list=25%, signal=71%	
GOBP_NOTOCHORD_DEVELOPMENT	GOBP_NOTOCHORD_DEVELOPMENT		18	0.27016094	1.3262572	0.16297787	0.39520293	1.0	7296	tags=67%, list=40%, signal=110%	
GOBP_REGULATION_OF_DENDRITE_DEVELOPMENT	GOBP_REGULATION_OF_DENDRITE_DEVELOPMENT		100	0.11205019	1.3255284	0.15151516	0.3957406	1.0	9168	tags=61%, list=50%, signal=121%	
GOBP_BEHAVIORAL_RESPONSE_TO_COCAINE	GOBP_BEHAVIORAL_RESPONSE_TO_COCAINE		16	0.2762483	1.3253543	0.14528301	0.39538726	1.0	2969	tags=44%, list=16%, signal=52%	
GOBP_REGULATION_OF_BICELLULAR_TIGHT_JUNCTION_ASSEMBLY	GOBP_REGULATION_OF_BICELLULAR_TIGHT_JUNCTION_ASSEMBLY		23	0.23348026	1.3248557	0.14478764	0.3954748	1.0	10903	tags=83%, list=59%, signal=203%	
GOBP_REGULATION_OF_SMAD_PROTEIN_SIGNAL_TRANSDUCTION	GOBP_REGULATION_OF_SMAD_PROTEIN_SIGNAL_TRANSDUCTION		66	0.14102279	1.3240728	0.125969	0.39601505	1.0	5217	tags=42%, list=28%, signal=59%	
GOBP_CELL_FATE_COMMITMENT	GOBP_CELL_FATE_COMMITMENT		285	0.067103475	1.3232324	0.123595506	0.39665553	1.0	4140	tags=29%, list=23%, signal=37%	
GOBP_MONOAMINE_TRANSPORT	GOBP_MONOAMINE_TRANSPORT		73	0.1273259	1.3231984	0.14486921	0.3960923	1.0	3713	tags=33%, list=20%, signal=41%	
GOBP_ENDOCARDIAL_CUSHION_DEVELOPMENT	GOBP_ENDOCARDIAL_CUSHION_DEVELOPMENT		55	0.14766577	1.3227309	0.14426878	0.39625308	1.0	8326	tags=60%, list=45%, signal=109%	
GOBP_RETINAL_GANGLION_CELL_AXON_GUIDANCE	GOBP_RETINAL_GANGLION_CELL_AXON_GUIDANCE		22	0.23377581	1.3209769	0.15195072	0.3982828	1.0	9916	tags=77%, list=54%, signal=167%	
GOBP_NEGATIVE_REGULATION_OF_ORGANIC_ACID_TRANSPORT	GOBP_NEGATIVE_REGULATION_OF_ORGANIC_ACID_TRANSPORT		22	0.23763113	1.3208727	0.15322581	0.39783913	1.0	13189	tags=95%, list=72%, signal=337%	
GOBP_POSITIVE_THYMIC_T_CELL_SELECTION	GOBP_POSITIVE_THYMIC_T_CELL_SELECTION		15	0.28344947	1.3201481	0.14226805	0.39827207	1.0	7051	tags=67%, list=38%, signal=108%	
GOBP_REGULATION_OF_REGULATORY_NCRNA_PROCESSING	GOBP_REGULATION_OF_REGULATORY_NCRNA_PROCESSING		15	0.2792701	1.3195043	0.16528925	0.3987248	1.0	10806	tags=87%, list=59%, signal=210%	
GOBP_NEGATIVE_REGULATION_OF_PROTEIN_LOCALIZATION_TO_NUCLEUS	GOBP_NEGATIVE_REGULATION_OF_PROTEIN_LOCALIZATION_TO_NUCLEUS		40	0.17638823	1.3174917	0.15060242	0.40124506	1.0	13314	tags=90%, list=72%, signal=325%	
GOBP_REGULATION_OF_DOPAMINE_SECRETION	GOBP_REGULATION_OF_DOPAMINE_SECRETION		23	0.23102798	1.3169196	0.15927419	0.40147617	1.0	6950	tags=61%, list=38%, signal=98%	
GOBP_DIGESTIVE_TRACT_MORPHOGENESIS	GOBP_DIGESTIVE_TRACT_MORPHOGENESIS		52	0.1573601	1.3161869	0.14587738	0.40199864	1.0	5955	tags=48%, list=32%, signal=71%	
GOBP_REGULATION_OF_KERATINOCYTE_PROLIFERATION	GOBP_REGULATION_OF_KERATINOCYTE_PROLIFERATION		46	0.16269568	1.3154176	0.152	0.40252084	1.0	1812	tags=26%, list=10%, signal=29%	
GOBP_CGMP_MEDIATED_SIGNALING	GOBP_CGMP_MEDIATED_SIGNALING		36	0.18337117	1.3150265	0.15113872	0.4024783	1.0	4807	tags=44%, list=26%, signal=60%	
GOBP_CELL_CELL_JUNCTION_ASSEMBLY	GOBP_CELL_CELL_JUNCTION_ASSEMBLY		158	0.09208163	1.3143859	0.15625	0.40288946	1.0	5304	tags=38%, list=29%, signal=53%	
GOBP_REGULATION_OF_ALCOHOL_BIOSYNTHETIC_PROCESS	GOBP_REGULATION_OF_ALCOHOL_BIOSYNTHETIC_PROCESS		49	0.15809928	1.3139576	0.15498155	0.40299886	1.0	4981	tags=43%, list=27%, signal=59%	
GOBP_TISSUE_REMODELING	GOBP_TISSUE_REMODELING		181	0.08325492	1.3133276	0.15809524	0.40337348	1.0	4681	tags=34%, list=25%, signal=45%	
GOBP_NEGATIVE_REGULATION_OF_CHONDROCYTE_DIFFERENTIATION	GOBP_NEGATIVE_REGULATION_OF_CHONDROCYTE_DIFFERENTIATION		25	0.21800065	1.3132424	0.15151516	0.4029071	1.0	10708	tags=80%, list=58%, signal=191%	
GOBP_ESTABLISHMENT_OF_EPITHELIAL_CELL_APICAL_BASAL_POLARITY	GOBP_ESTABLISHMENT_OF_EPITHELIAL_CELL_APICAL_BASAL_POLARITY		19	0.25605324	1.3124665	0.15738964	0.4035029	1.0	9814	tags=79%, list=53%, signal=169%	
GOBP_AORTIC_VALVE_MORPHOGENESIS	GOBP_AORTIC_VALVE_MORPHOGENESIS		39	0.17521462	1.3124069	0.1437247	0.4029887	1.0	8101	tags=62%, list=44%, signal=110%	
GOBP_CELLULAR_RESPONSE_TO_ESTRADIOL_STIMULUS	GOBP_CELLULAR_RESPONSE_TO_ESTRADIOL_STIMULUS		35	0.18214208	1.3111668	0.13865547	0.40433225	1.0	4012	tags=40%, list=22%, signal=51%	
GOBP_PRESYNAPSE_ORGANIZATION	GOBP_PRESYNAPSE_ORGANIZATION		56	0.15133823	1.3110749	0.14859438	0.40385416	1.0	9047	tags=64%, list=49%, signal=126%	
GOBP_RRNA_TRANSCRIPTION	GOBP_RRNA_TRANSCRIPTION		42	0.17307289	1.3104241	0.13253012	0.4042783	1.0	12587	tags=86%, list=68%, signal=271%	
GOBP_COGNITION	GOBP_COGNITION		324	0.06351085	1.3102671	0.18585859	0.4039555	1.0	7820	tags=49%, list=43%, signal=83%	
GOBP_EXTRACELLULAR_MATRIX_ASSEMBLY	GOBP_EXTRACELLULAR_MATRIX_ASSEMBLY		41	0.1723626	1.309674	0.16232465	0.40432838	1.0	3116	tags=34%, list=17%, signal=41%	
GOBP_NUCLEAR_TRANSCRIBED_MRNA_CATABOLIC_PROCESS_DEADENYLATION_DEPENDENT_DECAY	GOBP_NUCLEAR_TRANSCRIBED_MRNA_CATABOLIC_PROCESS_DEADENYLATION_DEPENDENT_DECAY		58	0.1446976	1.3094391	0.1509804	0.40407246	1.0	14786	tags=95%, list=80%, signal=482%	
GOBP_NUCLEAR_PORE_ORGANIZATION	GOBP_NUCLEAR_PORE_ORGANIZATION		15	0.2809063	1.3085723	0.15195072	0.4048148	1.0	12002	tags=93%, list=65%, signal=268%	
GOBP_ESTABLISHMENT_OF_LYMPHOCYTE_POLARITY	GOBP_ESTABLISHMENT_OF_LYMPHOCYTE_POLARITY		16	0.27270406	1.3084375	0.14583333	0.4044363	1.0	5333	tags=56%, list=29%, signal=79%	
GOBP_RESPONSE_TO_ETHANOL	GOBP_RESPONSE_TO_ETHANOL		123	0.10300965	1.3080279	0.17408907	0.40448532	1.0	7537	tags=51%, list=41%, signal=86%	
GOBP_REGULATORY_NCRNA_MEDIATED_GENE_SILENCING	GOBP_REGULATORY_NCRNA_MEDIATED_GENE_SILENCING		130	0.10028856	1.3076223	0.14928426	0.40456462	1.0	14861	tags=91%, list=81%, signal=470%	
GOBP_FACULTATIVE_HETEROCHROMATIN_FORMATION	GOBP_FACULTATIVE_HETEROCHROMATIN_FORMATION		17	0.26635465	1.3074181	0.15537849	0.4042817	1.0	13496	tags=100%, list=73%, signal=375%	
GOBP_FEEDING_BEHAVIOR	GOBP_FEEDING_BEHAVIOR		105	0.10944621	1.3073512	0.15139443	0.4037743	1.0	4128	tags=33%, list=22%, signal=43%	
GOBP_ONE_CARBON_COMPOUND_TRANSPORT	GOBP_ONE_CARBON_COMPOUND_TRANSPORT		23	0.22602874	1.3059174	0.16370809	0.40539995	1.0	4643	tags=48%, list=25%, signal=64%	
GOBP_POSITIVE_REGULATION_OF_NEUROGENESIS	GOBP_POSITIVE_REGULATION_OF_NEUROGENESIS		225	0.0737845	1.3056064	0.15120968	0.40530685	1.0	7895	tags=50%, list=43%, signal=87%	
GOBP_OPSONIZATION	GOBP_OPSONIZATION		17	0.26225036	1.3051097	0.15430862	0.40553427	1.0	3835	tags=47%, list=21%, signal=59%	
GOBP_REGULATION_OF_HORMONE_METABOLIC_PROCESS	GOBP_REGULATION_OF_HORMONE_METABOLIC_PROCESS		37	0.18025823	1.3050451	0.14784394	0.40505922	1.0	10111	tags=73%, list=55%, signal=162%	
GOBP_REGULATION_OF_NEUROTRANSMITTER_RECEPTOR_ACTIVITY	GOBP_REGULATION_OF_NEUROTRANSMITTER_RECEPTOR_ACTIVITY		19	0.24435353	1.3048	0.15820312	0.40489867	1.0	9061	tags=74%, list=49%, signal=145%	
GOBP_VENOUS_BLOOD_VESSEL_DEVELOPMENT	GOBP_VENOUS_BLOOD_VESSEL_DEVELOPMENT		17	0.2655863	1.3042977	0.16	0.4050767	1.0	8101	tags=71%, list=44%, signal=126%	
GOBP_ENDODERM_DEVELOPMENT	GOBP_ENDODERM_DEVELOPMENT		87	0.121566296	1.3036641	0.13842975	0.4055216	1.0	8132	tags=56%, list=44%, signal=100%	
GOBP_REGULATION_OF_POTASSIUM_ION_TRANSPORT	GOBP_REGULATION_OF_POTASSIUM_ION_TRANSPORT		89	0.11679697	1.3028758	0.18019801	0.40616578	1.0	6127	tags=45%, list=33%, signal=67%	
GOBP_DETECTION_OF_MECHANICAL_STIMULUS	GOBP_DETECTION_OF_MECHANICAL_STIMULUS		57	0.13955952	1.3018419	0.16666667	0.40717167	1.0	3248	tags=32%, list=18%, signal=38%	
GOBP_NUCLEAR_TRANSPORT	GOBP_NUCLEAR_TRANSPORT		336	0.06073522	1.3004231	0.15169661	0.40874097	1.0	12422	tags=74%, list=68%, signal=222%	
GOBP_REGULATION_OF_CATECHOLAMINE_METABOLIC_PROCESS	GOBP_REGULATION_OF_CATECHOLAMINE_METABOLIC_PROCESS		21	0.2364103	1.3000535	0.15182187	0.4087813	1.0	3538	tags=43%, list=19%, signal=53%	
GOBP_FEMALE_GENITALIA_DEVELOPMENT	GOBP_FEMALE_GENITALIA_DEVELOPMENT		19	0.2441931	1.2997497	0.15400411	0.40867984	1.0	8096	tags=68%, list=44%, signal=122%	
GOBP_FOREBRAIN_GENERATION_OF_NEURONS	GOBP_FOREBRAIN_GENERATION_OF_NEURONS		83	0.11980737	1.299028	0.15947467	0.40924406	1.0	11765	tags=76%, list=64%, signal=210%	
GOBP_CYCLIC_NUCLEOTIDE_METABOLIC_PROCESS	GOBP_CYCLIC_NUCLEOTIDE_METABOLIC_PROCESS		40	0.17224948	1.2989749	0.17382812	0.4087361	1.0	5114	tags=45%, list=28%, signal=62%	
GOBP_REGULATION_OF_MYOBLAST_PROLIFERATION	GOBP_REGULATION_OF_MYOBLAST_PROLIFERATION		18	0.25643003	1.2983155	0.17729084	0.40920937	1.0	8570	tags=72%, list=47%, signal=135%	
GOBP_REGULATION_OF_NEUROTRANSMITTER_UPTAKE	GOBP_REGULATION_OF_NEUROTRANSMITTER_UPTAKE		20	0.24742258	1.2982891	0.17021276	0.40866694	1.0	2810	tags=40%, list=15%, signal=47%	
GOBP_SYNAPTIC_TRANSMISSION_GABAERGIC	GOBP_SYNAPTIC_TRANSMISSION_GABAERGIC		58	0.14706285	1.2964518	0.15369262	0.4110191	1.0	8718	tags=62%, list=47%, signal=118%	
GOBP_CELL_ADHESION_MEDIATED_BY_INTEGRIN	GOBP_CELL_ADHESION_MEDIATED_BY_INTEGRIN		89	0.11707876	1.296387	0.16374269	0.41054234	1.0	4882	tags=38%, list=27%, signal=52%	
GOBP_ADULT_BEHAVIOR	GOBP_ADULT_BEHAVIOR		152	0.08890579	1.2959121	0.16374269	0.41066292	1.0	6605	tags=45%, list=36%, signal=69%	
GOBP_INNERVATION	GOBP_INNERVATION		30	0.1996914	1.2948236	0.15498939	0.41174215	1.0	6141	tags=53%, list=33%, signal=80%	
GOBP_ENDODERM_FORMATION	GOBP_ENDODERM_FORMATION		60	0.1434674	1.2943844	0.14741036	0.41185203	1.0	13921	tags=90%, list=76%, signal=369%	
GOBP_RESPONSE_TO_NICOTINE	GOBP_RESPONSE_TO_NICOTINE		49	0.15651932	1.2937317	0.16306484	0.41233552	1.0	3884	tags=37%, list=21%, signal=46%	
GOBP_METANEPHRIC_TUBULE_DEVELOPMENT	GOBP_METANEPHRIC_TUBULE_DEVELOPMENT		24	0.22017296	1.2926013	0.17110266	0.41349116	1.0	3618	tags=42%, list=20%, signal=52%	
GOBP_REGULATION_OF_NEUROGENESIS	GOBP_REGULATION_OF_NEUROGENESIS		359	0.05836651	1.2913759	0.16496944	0.41485423	1.0	5555	tags=36%, list=30%, signal=50%	
GOBP_POSITIVE_REGULATION_OF_FOCAL_ADHESION_ASSEMBLY	GOBP_POSITIVE_REGULATION_OF_FOCAL_ADHESION_ASSEMBLY		26	0.21130079	1.2909127	0.16539924	0.41502792	1.0	7436	tags=62%, list=40%, signal=103%	
GOBP_MESENCHYMAL_CELL_MIGRATION	GOBP_MESENCHYMAL_CELL_MIGRATION		60	0.13921683	1.2895305	0.18105263	0.4166667	1.0	6336	tags=48%, list=34%, signal=73%	
GOBP_PIGMENT_METABOLIC_PROCESS	GOBP_PIGMENT_METABOLIC_PROCESS		79	0.12494815	1.2885283	0.1740042	0.41766363	1.0	11446	tags=75%, list=62%, signal=197%	
GOBP_ADHESION_OF_SYMBIONT_TO_HOST	GOBP_ADHESION_OF_SYMBIONT_TO_HOST		15	0.27943698	1.2880188	0.172	0.41787535	1.0	12029	tags=93%, list=65%, signal=270%	
GOBP_REGULATION_OF_NEURONAL_SYNAPTIC_PLASTICITY	GOBP_REGULATION_OF_NEURONAL_SYNAPTIC_PLASTICITY		61	0.14333124	1.2879386	0.19222903	0.41739318	1.0	6115	tags=48%, list=33%, signal=71%	
GOBP_LONG_TERM_SYNAPTIC_POTENTIATION	GOBP_LONG_TERM_SYNAPTIC_POTENTIATION		98	0.11035949	1.2864392	0.1595092	0.41913188	1.0	8677	tags=58%, list=47%, signal=110%	
GOBP_REGULATION_OF_INCLUSION_BODY_ASSEMBLY	GOBP_REGULATION_OF_INCLUSION_BODY_ASSEMBLY		20	0.23504709	1.2863404	0.16179337	0.4187029	1.0	5796	tags=55%, list=32%, signal=80%	
GOBP_POSITIVE_REGULATION_OF_DNA_DAMAGE_RESPONSE_SIGNAL_TRANSDUCTION_BY_P53_CLASS_MEDIATOR	GOBP_POSITIVE_REGULATION_OF_DNA_DAMAGE_RESPONSE_SIGNAL_TRANSDUCTION_BY_P53_CLASS_MEDIATOR		17	0.25445482	1.2844207	0.16966067	0.4212338	1.0	11551	tags=88%, list=63%, signal=237%	
GOBP_MAINTENANCE_OF_SYNAPSE_STRUCTURE	GOBP_MAINTENANCE_OF_SYNAPSE_STRUCTURE		31	0.1934166	1.2833859	0.17159763	0.42228842	1.0	5940	tags=52%, list=32%, signal=76%	
GOBP_REGULATION_OF_CELL_SUBSTRATE_JUNCTION_ORGANIZATION	GOBP_REGULATION_OF_CELL_SUBSTRATE_JUNCTION_ORGANIZATION		69	0.13356636	1.2819694	0.16432866	0.42394	1.0	10079	tags=68%, list=55%, signal=150%	
GOBP_NEURON_FATE_COMMITMENT	GOBP_NEURON_FATE_COMMITMENT		68	0.1344132	1.2813671	0.1563786	0.42435232	1.0	4568	tags=38%, list=25%, signal=51%	
GOBP_NLS_BEARING_PROTEIN_IMPORT_INTO_NUCLEUS	GOBP_NLS_BEARING_PROTEIN_IMPORT_INTO_NUCLEUS		20	0.24418649	1.2797751	0.18975332	0.42634457	1.0	3789	tags=45%, list=21%, signal=57%	
GOBP_POSITIVE_REGULATION_OF_CILIUM_MOVEMENT	GOBP_POSITIVE_REGULATION_OF_CILIUM_MOVEMENT		16	0.2637959	1.2780391	0.14492753	0.428585	1.0	8945	tags=75%, list=49%, signal=146%	
GOBP_REGULATION_OF_D_GLUCOSE_IMPORT	GOBP_REGULATION_OF_D_GLUCOSE_IMPORT		54	0.14924996	1.2777672	0.17142858	0.42841578	1.0	7820	tags=57%, list=43%, signal=100%	
GOBP_NEUROTRANSMITTER_SECRETION	GOBP_NEUROTRANSMITTER_SECRETION		152	0.091529936	1.2774731	0.16666667	0.42830598	1.0	9098	tags=59%, list=49%, signal=115%	
GOBP_REGULATION_OF_RESPONSE_TO_OXIDATIVE_STRESS	GOBP_REGULATION_OF_RESPONSE_TO_OXIDATIVE_STRESS		34	0.18556635	1.2766426	0.17979798	0.4290455	1.0	12279	tags=85%, list=67%, signal=256%	
GOBP_POSITIVE_REGULATION_OF_RECEPTOR_MEDIATED_ENDOCYTOSIS	GOBP_POSITIVE_REGULATION_OF_RECEPTOR_MEDIATED_ENDOCYTOSIS		54	0.14668684	1.2757301	0.1741683	0.42992553	1.0	7867	tags=57%, list=43%, signal=100%	
GOBP_POSITIVE_REGULATION_OF_CHOLESTEROL_METABOLIC_PROCESS	GOBP_POSITIVE_REGULATION_OF_CHOLESTEROL_METABOLIC_PROCESS		22	0.22938104	1.2732822	0.18940938	0.43328965	1.0	4981	tags=50%, list=27%, signal=68%	
GOBP_NEUROTRANSMITTER_UPTAKE	GOBP_NEUROTRANSMITTER_UPTAKE		46	0.15735601	1.2726736	0.17269076	0.43364933	1.0	5908	tags=48%, list=32%, signal=70%	
GOBP_REGULATION_OF_PRESYNAPSE_ORGANIZATION	GOBP_REGULATION_OF_PRESYNAPSE_ORGANIZATION		32	0.1873383	1.2720041	0.18669131	0.43408602	1.0	4031	tags=41%, list=22%, signal=52%	
GOBP_RESPONSE_TO_CAFFEINE	GOBP_RESPONSE_TO_CAFFEINE		16	0.26617688	1.2711806	0.19715448	0.43483788	1.0	13499	tags=100%, list=73%, signal=376%	
GOBP_RESPONSE_TO_LIGHT_INTENSITY	GOBP_RESPONSE_TO_LIGHT_INTENSITY		19	0.24157757	1.2705184	0.16242662	0.435293	1.0	9112	tags=74%, list=50%, signal=146%	
GOBP_INHIBITORY_SYNAPSE_ASSEMBLY	GOBP_INHIBITORY_SYNAPSE_ASSEMBLY		28	0.20390967	1.2704129	0.16875	0.43487766	1.0	2166	tags=32%, list=12%, signal=36%	
GOBP_ASTROCYTE_DEVELOPMENT	GOBP_ASTROCYTE_DEVELOPMENT		40	0.16954254	1.2696351	0.19628099	0.4355823	1.0	6543	tags=52%, list=36%, signal=81%	
GOBP_POSITIVE_REGULATION_OF_CELL_MORPHOGENESIS	GOBP_POSITIVE_REGULATION_OF_CELL_MORPHOGENESIS		37	0.17747366	1.2685695	0.17165668	0.43669787	1.0	9168	tags=68%, list=50%, signal=134%	
GOBP_ENAMEL_MINERALIZATION	GOBP_ENAMEL_MINERALIZATION		22	0.22729997	1.2675018	0.18442623	0.43778923	1.0	9199	tags=73%, list=50%, signal=145%	
GOBP_ANTERIOR_POSTERIOR_PATTERN_SPECIFICATION	GOBP_ANTERIOR_POSTERIOR_PATTERN_SPECIFICATION		215	0.073760696	1.2664295	0.17819707	0.4389569	1.0	3363	tags=26%, list=18%, signal=31%	
GOBP_NEUROBLAST_PROLIFERATION	GOBP_NEUROBLAST_PROLIFERATION		75	0.1261906	1.2653348	0.2038835	0.4400793	1.0	10684	tags=71%, list=58%, signal=168%	
GOBP_ODONTOGENESIS_OF_DENTIN_CONTAINING_TOOTH	GOBP_ODONTOGENESIS_OF_DENTIN_CONTAINING_TOOTH		88	0.11487561	1.2631179	0.16932271	0.44316718	1.0	5838	tags=43%, list=32%, signal=63%	
GOBP_EMBRYONIC_FORELIMB_MORPHOGENESIS	GOBP_EMBRYONIC_FORELIMB_MORPHOGENESIS		33	0.18287627	1.2622474	0.18058252	0.44396162	1.0	4444	tags=42%, list=24%, signal=56%	
GOBP_POSTSYNAPTIC_ACTIN_CYTOSKELETON_ORGANIZATION	GOBP_POSTSYNAPTIC_ACTIN_CYTOSKELETON_ORGANIZATION		18	0.23847798	1.2621602	0.17786561	0.44349986	1.0	11965	tags=89%, list=65%, signal=254%	
GOBP_SIGNAL_TRANSDUCTION_BY_P53_CLASS_MEDIATOR	GOBP_SIGNAL_TRANSDUCTION_BY_P53_CLASS_MEDIATOR		189	0.07891102	1.261184	0.18940938	0.4444934	1.0	13256	tags=80%, list=72%, signal=283%	
GOBP_PHOTORECEPTOR_CELL_MAINTENANCE	GOBP_PHOTORECEPTOR_CELL_MAINTENANCE		44	0.16348352	1.2604821	0.18934911	0.44508523	1.0	7449	tags=57%, list=41%, signal=95%	
GOBP_RESPONSE_TO_ORGANOPHOSPHORUS	GOBP_RESPONSE_TO_ORGANOPHOSPHORUS		128	0.093815446	1.2597567	0.17575757	0.44565442	1.0	2165	tags=21%, list=12%, signal=24%	
GOBP_GLOMERULAR_EPITHELIUM_DEVELOPMENT	GOBP_GLOMERULAR_EPITHELIUM_DEVELOPMENT		28	0.19767235	1.2592092	0.20192307	0.44595745	1.0	4251	tags=43%, list=23%, signal=56%	
GOBP_CARTILAGE_CONDENSATION	GOBP_CARTILAGE_CONDENSATION		19	0.2390308	1.2585193	0.1936842	0.44646952	1.0	5287	tags=53%, list=29%, signal=74%	
GOBP_DOLICHOL_LINKED_OLIGOSACCHARIDE_BIOSYNTHETIC_PROCESS	GOBP_DOLICHOL_LINKED_OLIGOSACCHARIDE_BIOSYNTHETIC_PROCESS		22	0.22369213	1.2584608	0.1663286	0.44596642	1.0	14281	tags=100%, list=78%, signal=447%	
GOBP_OLEFINIC_COMPOUND_BIOSYNTHETIC_PROCESS	GOBP_OLEFINIC_COMPOUND_BIOSYNTHETIC_PROCESS		29	0.19764204	1.2583598	0.19009902	0.44552454	1.0	7785	tags=62%, list=42%, signal=107%	
GOBP_MATING_BEHAVIOR	GOBP_MATING_BEHAVIOR		35	0.17993805	1.2581756	0.2055336	0.44523272	1.0	3527	tags=37%, list=19%, signal=46%	
GOBP_PERICARDIUM_DEVELOPMENT	GOBP_PERICARDIUM_DEVELOPMENT		17	0.2539842	1.2579615	0.20874752	0.44500068	1.0	9396	tags=76%, list=51%, signal=156%	
GOBP_PROGRAMMED_CELL_DEATH_INVOLVED_IN_CELL_DEVELOPMENT	GOBP_PROGRAMMED_CELL_DEATH_INVOLVED_IN_CELL_DEVELOPMENT		25	0.21534139	1.2569097	0.19626169	0.44606593	1.0	6343	tags=56%, list=34%, signal=85%	
GOBP_CARDIAC_CHAMBER_MORPHOGENESIS	GOBP_CARDIAC_CHAMBER_MORPHOGENESIS		133	0.09397261	1.2568249	0.18467583	0.44562292	1.0	8101	tags=53%, list=44%, signal=95%	
GOBP_CENTRAL_NERVOUS_SYSTEM_NEURON_DIFFERENTIATION	GOBP_CENTRAL_NERVOUS_SYSTEM_NEURON_DIFFERENTIATION		230	0.06994777	1.256796	0.18058252	0.4450759	1.0	6245	tags=41%, list=34%, signal=61%	
GOBP_PEROXISOMAL_TRANSPORT	GOBP_PEROXISOMAL_TRANSPORT		22	0.21824817	1.2560492	0.17979798	0.4456379	1.0	14381	tags=100%, list=78%, signal=458%	
GOBP_SPERM_FLAGELLUM_ASSEMBLY	GOBP_SPERM_FLAGELLUM_ASSEMBLY		55	0.14404547	1.2560406	0.18908381	0.44505695	1.0	8058	tags=58%, list=44%, signal=103%	
GOBP_HEMOGLOBIN_METABOLIC_PROCESS	GOBP_HEMOGLOBIN_METABOLIC_PROCESS		19	0.2373463	1.2555393	0.19294606	0.44527957	1.0	4350	tags=47%, list=24%, signal=62%	
GOBP_SYNAPTIC_VESICLE_CLUSTERING	GOBP_SYNAPTIC_VESICLE_CLUSTERING		17	0.2523611	1.2552105	0.19291338	0.4452056	1.0	8344	tags=71%, list=45%, signal=129%	
GOBP_POSITIVE_REGULATION_OF_MUSCLE_CELL_DIFFERENTIATION	GOBP_POSITIVE_REGULATION_OF_MUSCLE_CELL_DIFFERENTIATION		67	0.12978655	1.253029	0.206	0.44830647	1.0	8326	tags=58%, list=45%, signal=106%	
GOBP_ADRENAL_GLAND_DEVELOPMENT	GOBP_ADRENAL_GLAND_DEVELOPMENT		26	0.20942639	1.2529591	0.2016129	0.44780663	1.0	2519	tags=35%, list=14%, signal=40%	
GOBP_MONOATOMIC_ANION_HOMEOSTASIS	GOBP_MONOATOMIC_ANION_HOMEOSTASIS		21	0.22917023	1.2526954	0.19128788	0.4476342	1.0	3671	tags=43%, list=20%, signal=53%	
GOBP_EMBRYONIC_EYE_MORPHOGENESIS	GOBP_EMBRYONIC_EYE_MORPHOGENESIS		35	0.17718147	1.2525506	0.1961165	0.447268	1.0	10934	tags=77%, list=59%, signal=190%	
GOBP_STRIATED_MUSCLE_CELL_DIFFERENTIATION	GOBP_STRIATED_MUSCLE_CELL_DIFFERENTIATION		301	0.062104378	1.2520915	0.188	0.44744462	1.0	4680	tags=32%, list=25%, signal=42%	
GOBP_VASCULAR_ENDOTHELIAL_CELL_PROLIFERATION	GOBP_VASCULAR_ENDOTHELIAL_CELL_PROLIFERATION		27	0.20099714	1.2517546	0.18945312	0.44738728	1.0	10612	tags=78%, list=58%, signal=184%	
GOBP_TONGUE_DEVELOPMENT	GOBP_TONGUE_DEVELOPMENT		18	0.24558382	1.2507424	0.20328543	0.44846424	1.0	9791	tags=78%, list=53%, signal=166%	
GOBP_PROTEIN_MONOUBIQUITINATION	GOBP_PROTEIN_MONOUBIQUITINATION		54	0.14214735	1.2492983	0.19678715	0.45032883	1.0	13740	tags=89%, list=75%, signal=350%	
GOBP_POSITIVE_REGULATION_OF_STEM_CELL_PROLIFERATION	GOBP_POSITIVE_REGULATION_OF_STEM_CELL_PROLIFERATION		45	0.15689889	1.2483313	0.1889117	0.45135495	1.0	5703	tags=47%, list=31%, signal=67%	
GOBP_POSITIVE_REGULATION_OF_CHOLESTEROL_BIOSYNTHETIC_PROCESS	GOBP_POSITIVE_REGULATION_OF_CHOLESTEROL_BIOSYNTHETIC_PROCESS		15	0.26265422	1.2468795	0.2188755	0.4531251	1.0	4981	tags=53%, list=27%, signal=73%	
GOBP_CARDIOCYTE_DIFFERENTIATION	GOBP_CARDIOCYTE_DIFFERENTIATION		152	0.08768948	1.2441437	0.20392157	0.45709985	1.0	10015	tags=63%, list=54%, signal=138%	
GOBP_ERYTHROSE_4_PHOSPHATE_PHOSPHOENOLPYRUVATE_FAMILY_AMINO_ACID_METABOLIC_PROCESS	GOBP_ERYTHROSE_4_PHOSPHATE_PHOSPHOENOLPYRUVATE_FAMILY_AMINO_ACID_METABOLIC_PROCESS		28	0.19601335	1.2437692	0.19521913	0.45714265	1.0	2311	tags=32%, list=13%, signal=37%	
GOBP_BONE_MORPHOGENESIS	GOBP_BONE_MORPHOGENESIS		96	0.1097283	1.2426385	0.18825911	0.45843968	1.0	4505	tags=35%, list=24%, signal=47%	
GOBP_CHEMOSENSORY_BEHAVIOR	GOBP_CHEMOSENSORY_BEHAVIOR		19	0.2387042	1.2423942	0.20507812	0.45822597	1.0	5293	tags=53%, list=29%, signal=74%	
GOBP_NEUROTRANSMITTER_REUPTAKE	GOBP_NEUROTRANSMITTER_REUPTAKE		34	0.17903253	1.2421972	0.18619247	0.4579151	1.0	5908	tags=50%, list=32%, signal=74%	
GOBP_DE_NOVO_POST_TRANSLATIONAL_PROTEIN_FOLDING	GOBP_DE_NOVO_POST_TRANSLATIONAL_PROTEIN_FOLDING		32	0.1875749	1.241047	0.20039682	0.4592117	1.0	11498	tags=81%, list=63%, signal=216%	
GOBP_TISSUE_MIGRATION	GOBP_TISSUE_MIGRATION		106	0.10276183	1.2407892	0.17984189	0.4590422	1.0	8877	tags=58%, list=48%, signal=112%	
GOBP_EMBRYONIC_HEART_TUBE_DEVELOPMENT	GOBP_EMBRYONIC_HEART_TUBE_DEVELOPMENT		85	0.1168309	1.2386643	0.22064777	0.46197337	1.0	11924	tags=76%, list=65%, signal=216%	
GOBP_POSITIVE_REGULATION_OF_D_GLUCOSE_IMPORT	GOBP_POSITIVE_REGULATION_OF_D_GLUCOSE_IMPORT		35	0.17507082	1.2375933	0.19628099	0.46312663	1.0	7820	tags=60%, list=43%, signal=104%	
GOBP_CARDIAC_MUSCLE_TISSUE_DEVELOPMENT	GOBP_CARDIAC_MUSCLE_TISSUE_DEVELOPMENT		232	0.071455024	1.2375518	0.18811882	0.4625993	1.0	4409	tags=31%, list=24%, signal=40%	
GOBP_NOREPINEPHRINE_TRANSPORT	GOBP_NOREPINEPHRINE_TRANSPORT		23	0.21449639	1.2375425	0.21637426	0.46202043	1.0	2456	tags=35%, list=13%, signal=40%	
GOBP_NEGATIVE_REGULATION_OF_EXTRINSIC_APOPTOTIC_SIGNALING_PATHWAY	GOBP_NEGATIVE_REGULATION_OF_EXTRINSIC_APOPTOTIC_SIGNALING_PATHWAY		98	0.105073094	1.2373867	0.2	0.46169546	1.0	10838	tags=69%, list=59%, signal=168%	
GOBP_SIGNAL_TRANSDUCTION_INVOLVED_IN_REGULATION_OF_GENE_EXPRESSION	GOBP_SIGNAL_TRANSDUCTION_INVOLVED_IN_REGULATION_OF_GENE_EXPRESSION		29	0.19546176	1.236714	0.19135803	0.4622671	1.0	4020	tags=41%, list=22%, signal=53%	
GOBP_GLUCOCORTICOID_BIOSYNTHETIC_PROCESS	GOBP_GLUCOCORTICOID_BIOSYNTHETIC_PROCESS		17	0.24901235	1.2365857	0.18448637	0.46189514	1.0	11651	tags=88%, list=63%, signal=241%	
GOBP_DOPAMINERGIC_NEURON_DIFFERENTIATION	GOBP_DOPAMINERGIC_NEURON_DIFFERENTIATION		42	0.161536	1.2356459	0.19311664	0.46296036	1.0	7982	tags=60%, list=43%, signal=105%	
GOBP_REGULATION_OF_DNA_DAMAGE_RESPONSE_SIGNAL_TRANSDUCTION_BY_P53_CLASS_MEDIATOR	GOBP_REGULATION_OF_DNA_DAMAGE_RESPONSE_SIGNAL_TRANSDUCTION_BY_P53_CLASS_MEDIATOR		39	0.17044744	1.2353618	0.19921875	0.46281952	1.0	11961	tags=82%, list=65%, signal=234%	
GOBP_ANATOMICAL_STRUCTURE_REGRESSION	GOBP_ANATOMICAL_STRUCTURE_REGRESSION		16	0.25735715	1.2328591	0.2035928	0.46648753	1.0	5615	tags=56%, list=31%, signal=81%	
GOBP_POSITIVE_REGULATION_OF_MYOBLAST_DIFFERENTIATION	GOBP_POSITIVE_REGULATION_OF_MYOBLAST_DIFFERENTIATION		46	0.15257448	1.2323412	0.18992248	0.46683323	1.0	13592	tags=89%, list=74%, signal=341%	
GOBP_BINDING_OF_SPERM_TO_ZONA_PELLUCIDA	GOBP_BINDING_OF_SPERM_TO_ZONA_PELLUCIDA		41	0.16092111	1.2318774	0.19569471	0.46693856	1.0	7363	tags=56%, list=40%, signal=93%	
GOBP_REGULATION_OF_POTASSIUM_ION_TRANSMEMBRANE_TRANSPORT	GOBP_REGULATION_OF_POTASSIUM_ION_TRANSMEMBRANE_TRANSPORT		70	0.12440992	1.2317222	0.20582524	0.46659264	1.0	6127	tags=46%, list=33%, signal=68%	
GOBP_ESTABLISHMENT_OF_PROTEIN_LOCALIZATION_TO_PEROXISOME	GOBP_ESTABLISHMENT_OF_PROTEIN_LOCALIZATION_TO_PEROXISOME		20	0.23450005	1.2312018	0.21980198	0.46685284	1.0	14082	tags=100%, list=77%, signal=426%	
GOBP_RESPONSE_TO_COCAINE	GOBP_RESPONSE_TO_COCAINE		48	0.14787544	1.2299864	0.19148937	0.4683198	1.0	3800	tags=35%, list=21%, signal=45%	
GOBP_MUSCLE_ADAPTATION	GOBP_MUSCLE_ADAPTATION		108	0.10070731	1.2298816	0.19373778	0.46789038	1.0	9567	tags=62%, list=52%, signal=129%	
GOBP_CELLULAR_RESPONSE_TO_GLUCOCORTICOID_STIMULUS	GOBP_CELLULAR_RESPONSE_TO_GLUCOCORTICOID_STIMULUS		55	0.13866115	1.2290977	0.19960861	0.46861523	1.0	3141	tags=31%, list=17%, signal=37%	
GOBP_KERATINOCYTE_PROLIFERATION	GOBP_KERATINOCYTE_PROLIFERATION		60	0.13255692	1.2284707	0.21062993	0.46906447	1.0	14121	tags=90%, list=77%, signal=386%	
GOBP_FAT_CELL_DIFFERENTIATION	GOBP_FAT_CELL_DIFFERENTIATION		246	0.06773729	1.2284564	0.18867925	0.46848637	1.0	4975	tags=34%, list=27%, signal=46%	
GOBP_CENTRAL_NERVOUS_SYSTEM_NEURON_AXONOGENESIS	GOBP_CENTRAL_NERVOUS_SYSTEM_NEURON_AXONOGENESIS		37	0.16614687	1.2276435	0.2263056	0.46927086	1.0	10370	tags=73%, list=56%, signal=167%	
GOBP_POTASSIUM_ION_EXPORT_ACROSS_PLASMA_MEMBRANE	GOBP_POTASSIUM_ION_EXPORT_ACROSS_PLASMA_MEMBRANE		23	0.2105789	1.227493	0.18436874	0.46894324	1.0	6526	tags=57%, list=35%, signal=88%	
GOBP_REGULATION_OF_ALTERNATIVE_MRNA_SPLICING_VIA_SPLICEOSOME	GOBP_REGULATION_OF_ALTERNATIVE_MRNA_SPLICING_VIA_SPLICEOSOME		58	0.13414663	1.2266703	0.21218075	0.46975192	1.0	13394	tags=86%, list=73%, signal=316%	
GOBP_OLFACTORY_LOBE_DEVELOPMENT	GOBP_OLFACTORY_LOBE_DEVELOPMENT		37	0.16682276	1.2228465	0.22109534	0.47569475	1.0	4890	tags=43%, list=27%, signal=59%	
GOBP_CELLULAR_RESPONSE_TO_CADMIUM_ION	GOBP_CELLULAR_RESPONSE_TO_CADMIUM_ION		24	0.20797718	1.2226632	0.20971303	0.47540197	1.0	3842	tags=42%, list=21%, signal=53%	
GOBP_REGULATION_OF_MONOCYTE_CHEMOTAXIS	GOBP_REGULATION_OF_MONOCYTE_CHEMOTAXIS		30	0.18764412	1.2222261	0.21912351	0.47556263	1.0	2684	tags=33%, list=15%, signal=39%	
GOBP_POSITIVE_T_CELL_SELECTION	GOBP_POSITIVE_T_CELL_SELECTION		51	0.14476663	1.2212732	0.20512821	0.47656873	1.0	7441	tags=55%, list=40%, signal=92%	
GOBP_CIRCADIAN_SLEEP_WAKE_CYCLE_SLEEP	GOBP_CIRCADIAN_SLEEP_WAKE_CYCLE_SLEEP		21	0.22544262	1.2208753	0.20710059	0.47665668	1.0	5491	tags=52%, list=30%, signal=75%	
GOBP_REGULATION_OF_CELL_ADHESION_MEDIATED_BY_INTEGRIN	GOBP_REGULATION_OF_CELL_ADHESION_MEDIATED_BY_INTEGRIN		49	0.14779507	1.2203848	0.20159681	0.4768445	1.0	5170	tags=43%, list=28%, signal=59%	
GOBP_GLYCINE_TRANSPORT	GOBP_GLYCINE_TRANSPORT		17	0.2444855	1.219458	0.20724346	0.47789115	1.0	12816	tags=94%, list=70%, signal=310%	
GOBP_CEREBROSPINAL_FLUID_CIRCULATION	GOBP_CEREBROSPINAL_FLUID_CIRCULATION		18	0.24377863	1.2189329	0.22070312	0.47820643	1.0	6759	tags=61%, list=37%, signal=97%	
GOBP_INCLUSION_BODY_ASSEMBLY	GOBP_INCLUSION_BODY_ASSEMBLY		30	0.18509343	1.2180389	0.21346153	0.47912726	1.0	5796	tags=50%, list=32%, signal=73%	
GOBP_MITOCHONDRION_LOCALIZATION	GOBP_MITOCHONDRION_LOCALIZATION		56	0.1376895	1.2179902	0.20808081	0.47861406	1.0	13895	tags=89%, list=76%, signal=364%	
GOBP_POST_ANAL_TAIL_MORPHOGENESIS	GOBP_POST_ANAL_TAIL_MORPHOGENESIS		21	0.22186276	1.2179815	0.18674698	0.4780296	1.0	4681	tags=48%, list=25%, signal=64%	
GOBP_REGULATION_OF_LAMELLIPODIUM_ORGANIZATION	GOBP_REGULATION_OF_LAMELLIPODIUM_ORGANIZATION		50	0.14470093	1.2174674	0.21470019	0.47825515	1.0	7644	tags=56%, list=42%, signal=96%	
GOBP_ESTABLISHMENT_OF_TISSUE_POLARITY	GOBP_ESTABLISHMENT_OF_TISSUE_POLARITY		32	0.17927855	1.2168633	0.21538462	0.47873703	1.0	8202	tags=63%, list=45%, signal=113%	
GOBP_CELL_SUBSTRATE_ADHESION	GOBP_CELL_SUBSTRATE_ADHESION		354	0.05584722	1.2161012	0.22519083	0.4794027	1.0	7304	tags=45%, list=40%, signal=74%	
GOBP_NEGATIVE_REGULATION_OF_CELLULAR_RESPONSE_TO_VASCULAR_ENDOTHELIAL_GROWTH_FACTOR_STIMULUS	GOBP_NEGATIVE_REGULATION_OF_CELLULAR_RESPONSE_TO_VASCULAR_ENDOTHELIAL_GROWTH_FACTOR_STIMULUS		15	0.26620597	1.2159313	0.22135922	0.4791038	1.0	9820	tags=80%, list=53%, signal=172%	
GOBP_STEROID_METABOLIC_PROCESS	GOBP_STEROID_METABOLIC_PROCESS		324	0.05840007	1.2145587	0.2090164	0.48074272	1.0	7515	tags=47%, list=41%, signal=77%	
GOBP_STEROID_HORMONE_BIOSYNTHETIC_PROCESS	GOBP_STEROID_HORMONE_BIOSYNTHETIC_PROCESS		44	0.15333323	1.2134054	0.22830188	0.4821109	1.0	11815	tags=80%, list=64%, signal=222%	
GOBP_ATRIAL_SEPTUM_MORPHOGENESIS	GOBP_ATRIAL_SEPTUM_MORPHOGENESIS		16	0.24717346	1.213257	0.22666667	0.4817491	1.0	8101	tags=69%, list=44%, signal=123%	
GOBP_CELL_CELL_SIGNALING_INVOLVED_IN_CARDIAC_CONDUCTION	GOBP_CELL_CELL_SIGNALING_INVOLVED_IN_CARDIAC_CONDUCTION		31	0.18174501	1.2130749	0.24055666	0.48146063	1.0	3188	tags=35%, list=17%, signal=43%	
GOBP_TYROSINE_PHOSPHORYLATION_OF_STAT_PROTEIN	GOBP_TYROSINE_PHOSPHORYLATION_OF_STAT_PROTEIN		30	0.18111943	1.2126354	0.21073559	0.48164025	1.0	6482	tags=53%, list=35%, signal=82%	
GOBP_EPITHELIAL_TO_MESENCHYMAL_TRANSITION_INVOLVED_IN_ENDOCARDIAL_CUSHION_FORMATION	GOBP_EPITHELIAL_TO_MESENCHYMAL_TRANSITION_INVOLVED_IN_ENDOCARDIAL_CUSHION_FORMATION		18	0.24120541	1.2121704	0.21971253	0.48185027	1.0	7828	tags=67%, list=43%, signal=116%	
GOBP_NEURAL_TUBE_FORMATION	GOBP_NEURAL_TUBE_FORMATION		105	0.1025682	1.2107288	0.21802935	0.4837537	1.0	13712	tags=85%, list=75%, signal=331%	
GOBP_NEGATIVE_REGULATION_OF_ACTIN_FILAMENT_BUNDLE_ASSEMBLY	GOBP_NEGATIVE_REGULATION_OF_ACTIN_FILAMENT_BUNDLE_ASSEMBLY		33	0.17711873	1.210351	0.2192623	0.48380154	1.0	5107	tags=45%, list=28%, signal=63%	
GOBP_SIGNALING_RECEPTOR_LIGAND_PRECURSOR_PROCESSING	GOBP_SIGNALING_RECEPTOR_LIGAND_PRECURSOR_PROCESSING		44	0.15916772	1.2102494	0.23284823	0.48338068	1.0	10872	tags=75%, list=59%, signal=183%	
GOBP_CARTILAGE_DEVELOPMENT_INVOLVED_IN_ENDOCHONDRAL_BONE_MORPHOGENESIS	GOBP_CARTILAGE_DEVELOPMENT_INVOLVED_IN_ENDOCHONDRAL_BONE_MORPHOGENESIS		34	0.17382695	1.2099947	0.20980392	0.4832291	1.0	3299	tags=35%, list=18%, signal=43%	
GOBP_POSITIVE_REGULATION_OF_ORGAN_GROWTH	GOBP_POSITIVE_REGULATION_OF_ORGAN_GROWTH		45	0.1546568	1.2097586	0.22796935	0.48305908	1.0	3292	tags=33%, list=18%, signal=41%	
GOBP_DETECTION_OF_MECHANICAL_STIMULUS_INVOLVED_IN_SENSORY_PERCEPTION	GOBP_DETECTION_OF_MECHANICAL_STIMULUS_INVOLVED_IN_SENSORY_PERCEPTION		38	0.16578531	1.2093272	0.2159533	0.4832118	1.0	3248	tags=34%, list=18%, signal=41%	
GOBP_REGULATION_OF_DENDRITIC_CELL_DIFFERENTIATION	GOBP_REGULATION_OF_DENDRITIC_CELL_DIFFERENTIATION		15	0.2561711	1.2090882	0.22560975	0.4830062	1.0	2648	tags=40%, list=14%, signal=47%	
GOBP_POSITIVE_REGULATION_OF_MULTICELLULAR_ORGANISM_GROWTH	GOBP_POSITIVE_REGULATION_OF_MULTICELLULAR_ORGANISM_GROWTH		33	0.17713523	1.2085642	0.21499014	0.48330697	1.0	5664	tags=48%, list=31%, signal=70%	
GOBP_NEGATIVE_REGULATION_OF_SECRETION	GOBP_NEGATIVE_REGULATION_OF_SECRETION		165	0.07900899	1.20692	0.21063395	0.4855458	1.0	5581	tags=38%, list=30%, signal=54%	
GOBP_EPOXYGENASE_P450_PATHWAY	GOBP_EPOXYGENASE_P450_PATHWAY		17	0.24347384	1.2064817	0.2376033	0.4856915	1.0	4180	tags=47%, list=23%, signal=61%	
GOBP_SPINAL_CORD_DEVELOPMENT	GOBP_SPINAL_CORD_DEVELOPMENT		97	0.10372167	1.2059932	0.22460938	0.48590976	1.0	8719	tags=58%, list=47%, signal=109%	
GOBP_RESPONSE_TO_ZINC_ION	GOBP_RESPONSE_TO_ZINC_ION		51	0.14017472	1.205284	0.22834645	0.48651955	1.0	6804	tags=51%, list=37%, signal=81%	
GOBP_NEGATIVE_REGULATION_OF_STEM_CELL_DIFFERENTIATION	GOBP_NEGATIVE_REGULATION_OF_STEM_CELL_DIFFERENTIATION		26	0.1937109	1.2049919	0.2248062	0.48646325	1.0	5637	tags=50%, list=31%, signal=72%	
GOBP_RNA_EXPORT_FROM_NUCLEUS	GOBP_RNA_EXPORT_FROM_NUCLEUS		89	0.11193044	1.2046465	0.2389706	0.48644605	1.0	12002	tags=76%, list=65%, signal=219%	
GOBP_RECEPTOR_CLUSTERING	GOBP_RECEPTOR_CLUSTERING		65	0.12501281	1.2045327	0.24158415	0.4860652	1.0	11572	tags=75%, list=63%, signal=203%	
GOBP_REGULATION_OF_HEMATOPOIETIC_STEM_CELL_DIFFERENTIATION	GOBP_REGULATION_OF_HEMATOPOIETIC_STEM_CELL_DIFFERENTIATION		17	0.2475973	1.2040988	0.23781677	0.48619032	1.0	11677	tags=88%, list=63%, signal=241%	
GOBP_NEGATIVE_REGULATION_OF_CARTILAGE_DEVELOPMENT	GOBP_NEGATIVE_REGULATION_OF_CARTILAGE_DEVELOPMENT		32	0.1796207	1.2039269	0.22334003	0.48588696	1.0	7621	tags=59%, list=41%, signal=101%	
GOBP_SPINAL_CORD_PATTERNING	GOBP_SPINAL_CORD_PATTERNING		16	0.25153401	1.2020663	0.2394958	0.48845032	1.0	5722	tags=56%, list=31%, signal=82%	
GOBP_BILE_ACID_BIOSYNTHETIC_PROCESS	GOBP_BILE_ACID_BIOSYNTHETIC_PROCESS		37	0.16840574	1.2020112	0.24593496	0.48795995	1.0	5358	tags=46%, list=29%, signal=65%	
GOBP_NOSE_DEVELOPMENT	GOBP_NOSE_DEVELOPMENT		16	0.2588027	1.2019461	0.23662551	0.487476	1.0	4439	tags=50%, list=24%, signal=66%	
GOBP_POSITIVE_REGULATION_OF_G1_S_TRANSITION_OF_MITOTIC_CELL_CYCLE	GOBP_POSITIVE_REGULATION_OF_G1_S_TRANSITION_OF_MITOTIC_CELL_CYCLE		43	0.15484612	1.2013704	0.2555781	0.48788133	1.0	12555	tags=84%, list=68%, signal=263%	
GOBP_EMBRYONIC_ORGAN_MORPHOGENESIS	GOBP_EMBRYONIC_ORGAN_MORPHOGENESIS		300	0.06094873	1.2010515	0.2417154	0.48784602	1.0	8521	tags=52%, list=46%, signal=96%	
GOBP_REGULATION_OF_RELEASE_OF_SEQUESTERED_CALCIUM_ION_INTO_CYTOSOL	GOBP_REGULATION_OF_RELEASE_OF_SEQUESTERED_CALCIUM_ION_INTO_CYTOSOL		78	0.11654045	1.2008802	0.23461539	0.48753592	1.0	3052	tags=28%, list=17%, signal=34%	
GOBP_INTERNEURON_MIGRATION	GOBP_INTERNEURON_MIGRATION		15	0.2587941	1.2000234	0.23818898	0.48843846	1.0	6278	tags=60%, list=34%, signal=91%	
GOBP_SNRNA_TRANSCRIPTION_BY_RNA_POLYMERASE_II	GOBP_SNRNA_TRANSCRIPTION_BY_RNA_POLYMERASE_II		16	0.24648298	1.1995258	0.25748503	0.48870748	1.0	11562	tags=88%, list=63%, signal=235%	
GOBP_MRNA_TRANSCRIPTION	GOBP_MRNA_TRANSCRIPTION		51	0.14208207	1.198616	0.2430279	0.4897355	1.0	15063	tags=96%, list=82%, signal=529%	
GOBP_STEM_CELL_PROLIFERATION	GOBP_STEM_CELL_PROLIFERATION		116	0.09732959	1.198413	0.25889328	0.48950937	1.0	6306	tags=44%, list=34%, signal=66%	
GOBP_CELL_CELL_JUNCTION_ORGANIZATION	GOBP_CELL_CELL_JUNCTION_ORGANIZATION		220	0.07063777	1.1983572	0.23564357	0.48903295	1.0	3146	tags=24%, list=17%, signal=29%	
GOBP_EMBRYONIC_HEART_TUBE_MORPHOGENESIS	GOBP_EMBRYONIC_HEART_TUBE_MORPHOGENESIS		68	0.122393586	1.198076	0.23819302	0.4889261	1.0	12361	tags=79%, list=67%, signal=241%	
GOBP_HINDBRAIN_DEVELOPMENT	GOBP_HINDBRAIN_DEVELOPMENT		159	0.08327848	1.1980338	0.23014256	0.48840898	1.0	4958	tags=35%, list=27%, signal=48%	
GOBP_C21_STEROID_HORMONE_METABOLIC_PROCESS	GOBP_C21_STEROID_HORMONE_METABOLIC_PROCESS		35	0.17053825	1.197337	0.24	0.48904186	1.0	4225	tags=40%, list=23%, signal=52%	
GOBP_RENAL_VESICLE_DEVELOPMENT	GOBP_RENAL_VESICLE_DEVELOPMENT		17	0.24199477	1.1963859	0.2402464	0.49016148	1.0	5289	tags=53%, list=29%, signal=74%	
GOBP_BODY_MORPHOGENESIS	GOBP_BODY_MORPHOGENESIS		49	0.14610161	1.196344	0.22007722	0.48965505	1.0	8579	tags=61%, list=47%, signal=114%	
GOBP_REGULATION_OF_INTRINSIC_APOPTOTIC_SIGNALING_PATHWAY_IN_RESPONSE_TO_DNA_DAMAGE	GOBP_REGULATION_OF_INTRINSIC_APOPTOTIC_SIGNALING_PATHWAY_IN_RESPONSE_TO_DNA_DAMAGE		41	0.15791585	1.1960305	0.24144869	0.48962203	1.0	13698	tags=90%, list=74%, signal=353%	
GOBP_NEGATIVE_REGULATION_OF_B_CELL_PROLIFERATION	GOBP_NEGATIVE_REGULATION_OF_B_CELL_PROLIFERATION		17	0.24061494	1.1949296	0.23540856	0.4909282	1.0	7478	tags=65%, list=41%, signal=109%	
GOBP_TELOMERE_MAINTENANCE_VIA_TELOMERE_LENGTHENING	GOBP_TELOMERE_MAINTENANCE_VIA_TELOMERE_LENGTHENING		71	0.11931695	1.1943493	0.254	0.49131835	1.0	15168	tags=94%, list=82%, signal=536%	
GOBP_NEGATIVE_REGULATION_OF_MONOATOMIC_ION_TRANSPORT	GOBP_NEGATIVE_REGULATION_OF_MONOATOMIC_ION_TRANSPORT		101	0.10267581	1.1940625	0.23188406	0.49124542	1.0	4130	tags=33%, list=22%, signal=42%	
GOBP_ACTIVIN_RECEPTOR_SIGNALING_PATHWAY	GOBP_ACTIVIN_RECEPTOR_SIGNALING_PATHWAY		52	0.14102355	1.1914037	0.2264151	0.49526745	1.0	10145	tags=69%, list=55%, signal=154%	
GOBP_REGULATION_OF_FIBROBLAST_MIGRATION	GOBP_REGULATION_OF_FIBROBLAST_MIGRATION		39	0.15837023	1.1896906	0.24356435	0.4976665	1.0	7467	tags=56%, list=41%, signal=95%	
GOBP_POSITIVE_REGULATION_OF_CELL_DEVELOPMENT	GOBP_POSITIVE_REGULATION_OF_CELL_DEVELOPMENT		439	0.04990163	1.1892405	0.23868313	0.49785712	1.0	5429	tags=34%, list=30%, signal=48%	
GOBP_POSITIVE_REGULATION_OF_VASCULAR_ENDOTHELIAL_CELL_PROLIFERATION	GOBP_POSITIVE_REGULATION_OF_VASCULAR_ENDOTHELIAL_CELL_PROLIFERATION		18	0.23470432	1.1890396	0.2402464	0.49757546	1.0	5904	tags=56%, list=32%, signal=82%	
GOBP_DETECTION_OF_MECHANICAL_STIMULUS_INVOLVED_IN_SENSORY_PERCEPTION_OF_SOUND	GOBP_DETECTION_OF_MECHANICAL_STIMULUS_INVOLVED_IN_SENSORY_PERCEPTION_OF_SOUND		18	0.23958164	1.1873854	0.2515213	0.49985066	1.0	10923	tags=83%, list=59%, signal=205%	
GOBP_REGULATION_OF_STEROID_METABOLIC_PROCESS	GOBP_REGULATION_OF_STEROID_METABOLIC_PROCESS		106	0.09721083	1.1866716	0.23371647	0.500558	1.0	6723	tags=46%, list=37%, signal=72%	
GOBP_POSITIVE_REGULATION_OF_FIBROBLAST_PROLIFERATION	GOBP_POSITIVE_REGULATION_OF_FIBROBLAST_PROLIFERATION		56	0.13242629	1.1864291	0.2494929	0.50040215	1.0	4796	tags=39%, list=26%, signal=53%	
GOBP_CRANIAL_NERVE_DEVELOPMENT	GOBP_CRANIAL_NERVE_DEVELOPMENT		58	0.13196573	1.1862208	0.24561404	0.5001708	1.0	6141	tags=47%, list=33%, signal=70%	
GOBP_REGULATION_OF_CELLULAR_SENESCENCE	GOBP_REGULATION_OF_CELLULAR_SENESCENCE		46	0.15150559	1.1860356	0.25925925	0.49988952	1.0	12812	tags=85%, list=70%, signal=279%	
GOBP_VOCALIZATION_BEHAVIOR	GOBP_VOCALIZATION_BEHAVIOR		19	0.22537443	1.1839412	0.23684211	0.5029761	1.0	3602	tags=42%, list=20%, signal=52%	
GOBP_POSITIVE_REGULATION_OF_CELLULAR_RESPONSE_TO_INSULIN_STIMULUS	GOBP_POSITIVE_REGULATION_OF_CELLULAR_RESPONSE_TO_INSULIN_STIMULUS		25	0.19822498	1.1838198	0.2581262	0.5025947	1.0	7393	tags=60%, list=40%, signal=100%	
GOBP_THYMIC_T_CELL_SELECTION	GOBP_THYMIC_T_CELL_SELECTION		24	0.20014611	1.1824235	0.24693878	0.5044733	1.0	7051	tags=58%, list=38%, signal=94%	
GOBP_POSITIVE_REGULATION_OF_P38MAPK_CASCADE	GOBP_POSITIVE_REGULATION_OF_P38MAPK_CASCADE		26	0.19652352	1.1815926	0.2400835	0.5053213	1.0	4878	tags=46%, list=27%, signal=63%	
GOBP_SPERM_EGG_RECOGNITION	GOBP_SPERM_EGG_RECOGNITION		52	0.13843973	1.1809444	0.25306123	0.505856	1.0	7363	tags=54%, list=40%, signal=90%	
GOBP_POSITIVE_REGULATION_OF_CELL_MIGRATION_INVOLVED_IN_SPROUTING_ANGIOGENESIS	GOBP_POSITIVE_REGULATION_OF_CELL_MIGRATION_INVOLVED_IN_SPROUTING_ANGIOGENESIS		23	0.20832308	1.1808088	0.23874755	0.50552833	1.0	3369	tags=39%, list=18%, signal=48%	
GOBP_PIGMENTATION	GOBP_PIGMENTATION		115	0.09647906	1.1800445	0.23938224	0.50627065	1.0	14068	tags=86%, list=76%, signal=364%	
GOBP_NEGATIVE_REGULATION_OF_STEM_CELL_PROLIFERATION	GOBP_NEGATIVE_REGULATION_OF_STEM_CELL_PROLIFERATION		23	0.20620456	1.1800432	0.26052105	0.50568557	1.0	11404	tags=83%, list=62%, signal=217%	
GOBP_HEART_PROCESS	GOBP_HEART_PROCESS		263	0.06460039	1.177313	0.2475442	0.50992703	1.0	4562	tags=31%, list=25%, signal=41%	
GOBP_POSITIVE_REGULATION_OF_STEM_CELL_DIFFERENTIATION	GOBP_POSITIVE_REGULATION_OF_STEM_CELL_DIFFERENTIATION		23	0.20399372	1.1772723	0.24371374	0.50940895	1.0	10645	tags=78%, list=58%, signal=186%	
GOBP_CELL_DIFFERENTIATION_INVOLVED_IN_METANEPHROS_DEVELOPMENT	GOBP_CELL_DIFFERENTIATION_INVOLVED_IN_METANEPHROS_DEVELOPMENT		22	0.21261366	1.177098	0.26785713	0.50914216	1.0	5289	tags=50%, list=29%, signal=70%	
GOBP_DOPAMINE_SECRETION	GOBP_DOPAMINE_SECRETION		28	0.19376698	1.1767634	0.256	0.5091392	1.0	6950	tags=57%, list=38%, signal=92%	
GOBP_ESTABLISHMENT_OR_MAINTENANCE_OF_CELL_POLARITY	GOBP_ESTABLISHMENT_OR_MAINTENANCE_OF_CELL_POLARITY		233	0.066214204	1.1759716	0.24485597	0.50997806	1.0	9926	tags=61%, list=54%, signal=130%	
GOBP_REGULATION_OF_HAIR_CYCLE	GOBP_REGULATION_OF_HAIR_CYCLE		29	0.18544106	1.1759158	0.24737945	0.50948787	1.0	4204	tags=41%, list=23%, signal=54%	
GOBP_RESPONSE_TO_L_GLUTAMATE	GOBP_RESPONSE_TO_L_GLUTAMATE		19	0.2217247	1.17457	0.26612905	0.5112127	1.0	4637	tags=47%, list=25%, signal=63%	
GOBP_EXCITATORY_SYNAPSE_ASSEMBLY	GOBP_EXCITATORY_SYNAPSE_ASSEMBLY		43	0.15125026	1.1742857	0.23991935	0.51112545	1.0	8344	tags=60%, list=45%, signal=110%	
GOBP_ESTABLISHMENT_OF_CELL_POLARITY	GOBP_ESTABLISHMENT_OF_CELL_POLARITY		164	0.07896351	1.1740321	0.24615385	0.5109394	1.0	11568	tags=71%, list=63%, signal=189%	
GOBP_IMMUNE_RESPONSE_REGULATING_CELL_SURFACE_RECEPTOR_SIGNALING_PATHWAY_INVOLVED_IN_PHAGOCYTOSIS	GOBP_IMMUNE_RESPONSE_REGULATING_CELL_SURFACE_RECEPTOR_SIGNALING_PATHWAY_INVOLVED_IN_PHAGOCYTOSIS		25	0.1990025	1.1739727	0.24801587	0.51046824	1.0	8850	tags=68%, list=48%, signal=131%	
GOBP_MOTOR_NEURON_AXON_GUIDANCE	GOBP_MOTOR_NEURON_AXON_GUIDANCE		26	0.19258836	1.1735216	0.2509804	0.5106926	1.0	8487	tags=65%, list=46%, signal=121%	
GOBP_POSITIVE_REGULATION_OF_HIPPO_SIGNALING	GOBP_POSITIVE_REGULATION_OF_HIPPO_SIGNALING		15	0.25203893	1.1721573	0.2745491	0.51244813	1.0	3950	tags=47%, list=21%, signal=59%	
GOBP_POSITIVE_REGULATION_OF_ENDOTHELIAL_CELL_CHEMOTAXIS	GOBP_POSITIVE_REGULATION_OF_ENDOTHELIAL_CELL_CHEMOTAXIS		15	0.2528661	1.1700155	0.252505	0.51570225	1.0	7613	tags=67%, list=41%, signal=114%	
GOBP_GLUCOSE_6_PHOSPHATE_METABOLIC_PROCESS	GOBP_GLUCOSE_6_PHOSPHATE_METABOLIC_PROCESS		30	0.17589097	1.1697271	0.24901186	0.5156801	1.0	6578	tags=53%, list=36%, signal=83%	
GOBP_HYDROGEN_PEROXIDE_METABOLIC_PROCESS	GOBP_HYDROGEN_PEROXIDE_METABOLIC_PROCESS		54	0.13417418	1.1682839	0.25555557	0.5176061	1.0	6053	tags=46%, list=33%, signal=69%	
GOBP_EXTRACELLULAR_MATRIX_DISASSEMBLY	GOBP_EXTRACELLULAR_MATRIX_DISASSEMBLY		67	0.12059952	1.167931	0.27111983	0.5176727	1.0	2730	tags=27%, list=15%, signal=31%	
GOBP_NEGATIVE_REGULATION_OF_CATION_CHANNEL_ACTIVITY	GOBP_NEGATIVE_REGULATION_OF_CATION_CHANNEL_ACTIVITY		19	0.22564657	1.1676241	0.25478926	0.51764643	1.0	3597	tags=42%, list=20%, signal=52%	
GOBP_PHOSPHATE_ION_TRANSPORT	GOBP_PHOSPHATE_ION_TRANSPORT		27	0.18902926	1.1671624	0.249501	0.5178506	1.0	2658	tags=33%, list=14%, signal=39%	
GOBP_TRNA_DECAY	GOBP_TRNA_DECAY		17	0.23081529	1.1666212	0.27272728	0.5182509	1.0	14149	tags=100%, list=77%, signal=433%	
GOBP_NEGATIVE_REGULATION_OF_EPITHELIAL_TO_MESENCHYMAL_TRANSITION	GOBP_NEGATIVE_REGULATION_OF_EPITHELIAL_TO_MESENCHYMAL_TRANSITION		41	0.1549784	1.1665645	0.26984128	0.5177594	1.0	3435	tags=34%, list=19%, signal=42%	
GOBP_POSITIVE_REGULATION_OF_BMP_SIGNALING_PATHWAY	GOBP_POSITIVE_REGULATION_OF_BMP_SIGNALING_PATHWAY		36	0.16564061	1.1657174	0.2800789	0.5186571	1.0	3089	tags=33%, list=17%, signal=40%	
GOBP_IONOTROPIC_GLUTAMATE_RECEPTOR_SIGNALING_PATHWAY	GOBP_IONOTROPIC_GLUTAMATE_RECEPTOR_SIGNALING_PATHWAY		30	0.1807872	1.1642495	0.26915115	0.5207258	1.0	4649	tags=43%, list=25%, signal=58%	
GOBP_MORPHOGENESIS_OF_AN_EPITHELIAL_FOLD	GOBP_MORPHOGENESIS_OF_AN_EPITHELIAL_FOLD		25	0.20000218	1.1641189	0.24259259	0.52036977	1.0	8096	tags=64%, list=44%, signal=114%	
GOBP_CEREBRAL_CORTEX_RADIALLY_ORIENTED_CELL_MIGRATION	GOBP_CEREBRAL_CORTEX_RADIALLY_ORIENTED_CELL_MIGRATION		37	0.15841013	1.1638806	0.25742576	0.5202241	1.0	10512	tags=73%, list=57%, signal=170%	
GOBP_SNRNA_TRANSCRIPTION	GOBP_SNRNA_TRANSCRIPTION		20	0.22150946	1.1637388	0.27952754	0.5198781	1.0	11562	tags=85%, list=63%, signal=229%	
GOBP_WNT_SIGNALING_PATHWAY	GOBP_WNT_SIGNALING_PATHWAY		460	0.0473816	1.1594388	0.27272728	0.5268624	1.0	10184	tags=60%, list=55%, signal=131%	
GOBP_CELLULAR_RESPONSE_TO_PEPTIDE_HORMONE_STIMULUS	GOBP_CELLULAR_RESPONSE_TO_PEPTIDE_HORMONE_STIMULUS		317	0.056409188	1.1571674	0.27108434	0.53034455	1.0	8320	tags=51%, list=45%, signal=91%	
GOBP_REGULATION_OF_INTRINSIC_APOPTOTIC_SIGNALING_PATHWAY_IN_RESPONSE_TO_DNA_DAMAGE_BY_P53_CLASS_MEDIATOR	GOBP_REGULATION_OF_INTRINSIC_APOPTOTIC_SIGNALING_PATHWAY_IN_RESPONSE_TO_DNA_DAMAGE_BY_P53_CLASS_MEDIATOR		19	0.22824779	1.1569141	0.28169015	0.53021514	1.0	7421	tags=63%, list=40%, signal=106%	
GOBP_STRESS_GRANULE_ASSEMBLY	GOBP_STRESS_GRANULE_ASSEMBLY		35	0.16657381	1.155041	0.276	0.5330371	1.0	13756	tags=91%, list=75%, signal=362%	
GOBP_REGULATION_OF_VASOCONSTRICTION	GOBP_REGULATION_OF_VASOCONSTRICTION		66	0.118805245	1.1544005	0.2763713	0.5335673	1.0	8132	tags=56%, list=44%, signal=100%	
GOBP_ACTIN_FILAMENT_BASED_MOVEMENT	GOBP_ACTIN_FILAMENT_BASED_MOVEMENT		142	0.084334545	1.1528699	0.2504744	0.5355995	1.0	3252	tags=26%, list=18%, signal=31%	
GOBP_CELLULAR_RESPONSE_TO_GAMMA_RADIATION	GOBP_CELLULAR_RESPONSE_TO_GAMMA_RADIATION		27	0.18523562	1.1526494	0.27005872	0.5354117	1.0	8858	tags=67%, list=48%, signal=128%	
GOBP_EMBRYONIC_APPENDAGE_MORPHOGENESIS	GOBP_EMBRYONIC_APPENDAGE_MORPHOGENESIS		127	0.08747598	1.1524652	0.26	0.53511333	1.0	7090	tags=47%, list=39%, signal=76%	
GOBP_RESPIRATORY_SYSTEM_PROCESS	GOBP_RESPIRATORY_SYSTEM_PROCESS		47	0.14155243	1.15079	0.2754491	0.53755295	1.0	8750	tags=62%, list=48%, signal=117%	
GOBP_ROOF_OF_MOUTH_DEVELOPMENT	GOBP_ROOF_OF_MOUTH_DEVELOPMENT		92	0.101292096	1.1506841	0.27044025	0.53714204	1.0	11339	tags=72%, list=62%, signal=186%	
GOBP_MONOATOMIC_ANION_TRANSPORT	GOBP_MONOATOMIC_ANION_TRANSPORT		174	0.07444701	1.1502509	0.27701375	0.5373037	1.0	5513	tags=37%, list=30%, signal=53%	
GOBP_REGULATION_OF_REGULATED_SECRETORY_PATHWAY	GOBP_REGULATION_OF_REGULATED_SECRETORY_PATHWAY		126	0.086267024	1.1495861	0.28601694	0.5379277	1.0	10684	tags=67%, list=58%, signal=158%	
GOBP_NEGATIVE_REGULATION_OF_NEUROINFLAMMATORY_RESPONSE	GOBP_NEGATIVE_REGULATION_OF_NEUROINFLAMMATORY_RESPONSE		15	0.24333553	1.148482	0.2837838	0.539348	1.0	5336	tags=53%, list=29%, signal=75%	
GOBP_PROTEIN_HYDROXYLATION	GOBP_PROTEIN_HYDROXYLATION		16	0.23897278	1.1478274	0.28830644	0.5399473	1.0	11700	tags=88%, list=64%, signal=240%	
GOBP_POSITIVE_REGULATION_OF_NEUROTRANSMITTER_TRANSPORT	GOBP_POSITIVE_REGULATION_OF_NEUROTRANSMITTER_TRANSPORT		25	0.19382991	1.1475759	0.27450982	0.5397988	1.0	8945	tags=68%, list=49%, signal=132%	
GOBP_ASPARTATE_TRANSMEMBRANE_TRANSPORT	GOBP_ASPARTATE_TRANSMEMBRANE_TRANSPORT		20	0.21662948	1.147481	0.2763713	0.5393775	1.0	8893	tags=70%, list=48%, signal=135%	
GOBP_GMP_METABOLIC_PROCESS	GOBP_GMP_METABOLIC_PROCESS		28	0.17883012	1.1473666	0.29545453	0.53898513	1.0	4597	tags=43%, list=25%, signal=57%	
GOBP_T_CELL_TOLERANCE_INDUCTION	GOBP_T_CELL_TOLERANCE_INDUCTION		16	0.22995917	1.1464039	0.29218107	0.54015124	1.0	4969	tags=50%, list=27%, signal=68%	
GOBP_CELLULAR_RESPONSE_TO_ANGIOTENSIN	GOBP_CELLULAR_RESPONSE_TO_ANGIOTENSIN		37	0.15800077	1.1460831	0.2749004	0.5400886	1.0	14993	tags=97%, list=82%, signal=526%	
GOBP_ENDOCHONDRAL_BONE_MORPHOGENESIS	GOBP_ENDOCHONDRAL_BONE_MORPHOGENESIS		60	0.1243713	1.146044	0.26008064	0.5395687	1.0	4156	tags=35%, list=23%, signal=45%	
GOBP_ARTERY_MORPHOGENESIS	GOBP_ARTERY_MORPHOGENESIS		75	0.11208563	1.1449575	0.2683438	0.5409124	1.0	8245	tags=56%, list=45%, signal=101%	
GOBP_ATRIOVENTRICULAR_VALVE_DEVELOPMENT	GOBP_ATRIOVENTRICULAR_VALVE_DEVELOPMENT		31	0.17259818	1.1434314	0.28761905	0.54315114	1.0	8102	tags=61%, list=44%, signal=109%	
GOBP_POSITIVE_REGULATION_OF_TUMOR_NECROSIS_FACTOR_MEDIATED_SIGNALING_PATHWAY	GOBP_POSITIVE_REGULATION_OF_TUMOR_NECROSIS_FACTOR_MEDIATED_SIGNALING_PATHWAY		16	0.23498979	1.140923	0.3001988	0.5471897	1.0	6026	tags=56%, list=33%, signal=84%	
GOBP_PHOTORECEPTOR_CELL_DEVELOPMENT	GOBP_PHOTORECEPTOR_CELL_DEVELOPMENT		54	0.12970439	1.1405367	0.29208925	0.5473069	1.0	10903	tags=72%, list=59%, signal=177%	
GOBP_CELLULAR_RESPONSE_TO_HEAT	GOBP_CELLULAR_RESPONSE_TO_HEAT		62	0.119766116	1.1396079	0.28820115	0.5484779	1.0	12042	tags=77%, list=65%, signal=224%	
GOBP_REGULATION_OF_CANONICAL_WNT_SIGNALING_PATHWAY	GOBP_REGULATION_OF_CANONICAL_WNT_SIGNALING_PATHWAY		255	0.06329091	1.1394516	0.2752475	0.54814243	1.0	10030	tags=61%, list=55%, signal=132%	
GOBP_NEGATIVE_REGULATION_OF_MRNA_METABOLIC_PROCESS	GOBP_NEGATIVE_REGULATION_OF_MRNA_METABOLIC_PROCESS		102	0.096836865	1.13721	0.29124236	0.5516486	1.0	14275	tags=87%, list=78%, signal=388%	
GOBP_NEURON_PROJECTION_ORGANIZATION	GOBP_NEURON_PROJECTION_ORGANIZATION		94	0.099801846	1.1357615	0.2917505	0.55375254	1.0	12064	tags=76%, list=66%, signal=218%	
GOBP_STEROID_BIOSYNTHETIC_PROCESS	GOBP_STEROID_BIOSYNTHETIC_PROCESS		163	0.07678471	1.1352158	0.3164794	0.5541876	1.0	6723	tags=44%, list=37%, signal=69%	
GOBP_POSITIVE_REGULATION_OF_CELLULAR_RESPONSE_TO_TRANSFORMING_GROWTH_FACTOR_BETA_STIMULUS	GOBP_POSITIVE_REGULATION_OF_CELLULAR_RESPONSE_TO_TRANSFORMING_GROWTH_FACTOR_BETA_STIMULUS		32	0.1656919	1.1351033	0.27216494	0.55379164	1.0	7302	tags=56%, list=40%, signal=93%	
GOBP_REGULATION_OF_COAGULATION	GOBP_REGULATION_OF_COAGULATION		75	0.108584136	1.1326447	0.28247422	0.55781084	1.0	5857	tags=43%, list=32%, signal=62%	
GOBP_AUTONOMIC_NERVOUS_SYSTEM_DEVELOPMENT	GOBP_AUTONOMIC_NERVOUS_SYSTEM_DEVELOPMENT		44	0.14364871	1.1320968	0.28985506	0.55817604	1.0	6141	tags=48%, list=33%, signal=71%	
GOBP_POSITIVE_REGULATION_OF_SYNAPTIC_TRANSMISSION	GOBP_POSITIVE_REGULATION_OF_SYNAPTIC_TRANSMISSION		160	0.07935523	1.1317167	0.28239846	0.5582991	1.0	7288	tags=48%, list=40%, signal=78%	
GOBP_3_UTR_MEDIATED_MRNA_STABILIZATION	GOBP_3_UTR_MEDIATED_MRNA_STABILIZATION		25	0.19069803	1.1313008	0.28370222	0.55842096	1.0	14152	tags=96%, list=77%, signal=416%	
GOBP_CELLULAR_HYPEROSMOTIC_RESPONSE	GOBP_CELLULAR_HYPEROSMOTIC_RESPONSE		22	0.20335893	1.1312636	0.30392158	0.5578939	1.0	5459	tags=50%, list=30%, signal=71%	
GOBP_ASSOCIATIVE_LEARNING	GOBP_ASSOCIATIVE_LEARNING		92	0.10116438	1.1308948	0.30252102	0.5579772	1.0	7943	tags=53%, list=43%, signal=93%	
GOBP_POSITIVE_REGULATION_OF_VASCULAR_ASSOCIATED_SMOOTH_MUSCLE_CELL_MIGRATION	GOBP_POSITIVE_REGULATION_OF_VASCULAR_ASSOCIATED_SMOOTH_MUSCLE_CELL_MIGRATION		16	0.22907482	1.1301981	0.3253493	0.5585964	1.0	9583	tags=75%, list=52%, signal=156%	
GOBP_RESPONSE_TO_FIBROBLAST_GROWTH_FACTOR	GOBP_RESPONSE_TO_FIBROBLAST_GROWTH_FACTOR		118	0.08801214	1.1300719	0.276	0.5582144	1.0	3534	tags=28%, list=19%, signal=34%	
GOBP_NEUROTRANSMITTER_TRANSPORT	GOBP_NEUROTRANSMITTER_TRANSPORT		214	0.06677175	1.1291528	0.29783037	0.5592951	1.0	9098	tags=56%, list=49%, signal=110%	
GOBP_SEX_CHROMOSOME_DOSAGE_COMPENSATION	GOBP_SEX_CHROMOSOME_DOSAGE_COMPENSATION		22	0.20164905	1.1274743	0.28968254	0.5617734	1.0	13014	tags=91%, list=71%, signal=311%	
GOBP_L_GLUTAMATE_TRANSMEMBRANE_TRANSPORT	GOBP_L_GLUTAMATE_TRANSMEMBRANE_TRANSPORT		34	0.16476166	1.1274726	0.30859375	0.561172	1.0	12120	tags=82%, list=66%, signal=241%	
GOBP_AMYLOID_FIBRIL_FORMATION	GOBP_AMYLOID_FIBRIL_FORMATION		43	0.14415868	1.1261095	0.3	0.5629917	1.0	11468	tags=77%, list=62%, signal=203%	
GOBP_REGULATION_OF_MICROTUBULE_BASED_PROCESS	GOBP_REGULATION_OF_MICROTUBULE_BASED_PROCESS		274	0.058851257	1.124799	0.28225806	0.5648768	1.0	12424	tags=73%, list=68%, signal=223%	
GOBP_ERYTHROCYTE_MATURATION	GOBP_ERYTHROCYTE_MATURATION		24	0.18872844	1.1245646	0.29666013	0.56471336	1.0	8027	tags=63%, list=44%, signal=111%	
GOBP_HYPEROSMOTIC_RESPONSE	GOBP_HYPEROSMOTIC_RESPONSE		30	0.17098744	1.124453	0.31160897	0.56432426	1.0	6055	tags=50%, list=33%, signal=74%	
GOBP_EYE_PHOTORECEPTOR_CELL_DEVELOPMENT	GOBP_EYE_PHOTORECEPTOR_CELL_DEVELOPMENT		39	0.15290026	1.1243314	0.29327902	0.5639302	1.0	4738	tags=41%, list=26%, signal=55%	
GOBP_DENDRITE_MORPHOGENESIS	GOBP_DENDRITE_MORPHOGENESIS		143	0.07976158	1.123287	0.2963671	0.5652868	1.0	12176	tags=74%, list=66%, signal=218%	
GOBP_G_PROTEIN_COUPLED_SEROTONIN_RECEPTOR_SIGNALING_PATHWAY	GOBP_G_PROTEIN_COUPLED_SEROTONIN_RECEPTOR_SIGNALING_PATHWAY		19	0.21358588	1.1224775	0.30165288	0.5662707	1.0	14466	tags=100%, list=79%, signal=468%	
GOBP_CALCIUM_ION_TRANSMEMBRANE_TRANSPORT	GOBP_CALCIUM_ION_TRANSMEMBRANE_TRANSPORT		333	0.054282058	1.1221393	0.31536925	0.5663384	1.0	4155	tags=28%, list=23%, signal=35%	
GOBP_FC_RECEPTOR_MEDIATED_STIMULATORY_SIGNALING_PATHWAY	GOBP_FC_RECEPTOR_MEDIATED_STIMULATORY_SIGNALING_PATHWAY		35	0.16041778	1.1217887	0.2967033	0.566377	1.0	13869	tags=91%, list=75%, signal=371%	
GOBP_MITOTIC_INTRA_S_DNA_DAMAGE_CHECKPOINT_SIGNALING	GOBP_MITOTIC_INTRA_S_DNA_DAMAGE_CHECKPOINT_SIGNALING		17	0.22671743	1.1208247	0.29803923	0.567552	1.0	9897	tags=76%, list=54%, signal=165%	
GOBP_PEROXISOME_PROLIFERATOR_ACTIVATED_RECEPTOR_SIGNALING_PATHWAY	GOBP_PEROXISOME_PROLIFERATOR_ACTIVATED_RECEPTOR_SIGNALING_PATHWAY		28	0.1814888	1.120821	0.3026585	0.5669543	1.0	5205	tags=46%, list=28%, signal=65%	
GOBP_G_PROTEIN_COUPLED_GLUTAMATE_RECEPTOR_SIGNALING_PATHWAY	GOBP_G_PROTEIN_COUPLED_GLUTAMATE_RECEPTOR_SIGNALING_PATHWAY		15	0.23942827	1.120606	0.28932038	0.56672907	1.0	9086	tags=73%, list=49%, signal=145%	
GOBP_ENDONUCLEOLYTIC_CLEAVAGE_OF_TRICISTRONIC_RRNA_TRANSCRIPT_SSU_RRNA_5_8S_RRNA_LSU_RRNA	GOBP_ENDONUCLEOLYTIC_CLEAVAGE_OF_TRICISTRONIC_RRNA_TRANSCRIPT_SSU_RRNA_5_8S_RRNA_LSU_RRNA		17	0.2275146	1.1203667	0.28927204	0.5665487	1.0	12046	tags=88%, list=65%, signal=256%	
GOBP_LONG_TERM_SYNAPTIC_DEPRESSION	GOBP_LONG_TERM_SYNAPTIC_DEPRESSION		33	0.16479811	1.1194843	0.32083333	0.5675707	1.0	8677	tags=64%, list=47%, signal=120%	
GOBP_REGULATION_OF_BONE_MINERALIZATION	GOBP_REGULATION_OF_BONE_MINERALIZATION		81	0.104042865	1.1193726	0.30864197	0.56718993	1.0	7403	tags=51%, list=40%, signal=84%	
GOBP_NEGATIVE_REGULATION_OF_FIBROBLAST_GROWTH_FACTOR_RECEPTOR_SIGNALING_PATHWAY	GOBP_NEGATIVE_REGULATION_OF_FIBROBLAST_GROWTH_FACTOR_RECEPTOR_SIGNALING_PATHWAY		19	0.21103624	1.1190891	0.3029703	0.5671163	1.0	11609	tags=84%, list=63%, signal=228%	
GOBP_PIGMENT_GRANULE_LOCALIZATION	GOBP_PIGMENT_GRANULE_LOCALIZATION		26	0.18122688	1.119052	0.30241936	0.56658316	1.0	9403	tags=69%, list=51%, signal=141%	
GOBP_NUCLEOTIDE_TRANSMEMBRANE_TRANSPORT	GOBP_NUCLEOTIDE_TRANSMEMBRANE_TRANSPORT		27	0.1785458	1.1170377	0.3120155	0.5697419	1.0	9662	tags=70%, list=53%, signal=148%	
GOBP_DENTATE_GYRUS_DEVELOPMENT	GOBP_DENTATE_GYRUS_DEVELOPMENT		24	0.19226058	1.1166852	0.30871212	0.5697778	1.0	10261	tags=75%, list=56%, signal=169%	
GOBP_IMMATURE_B_CELL_DIFFERENTIATION	GOBP_IMMATURE_B_CELL_DIFFERENTIATION		15	0.2383508	1.116625	0.30174083	0.5692802	1.0	12784	tags=93%, list=70%, signal=306%	
GOBP_NEGATIVE_REGULATION_OF_INTRINSIC_APOPTOTIC_SIGNALING_PATHWAY_BY_P53_CLASS_MEDIATOR	GOBP_NEGATIVE_REGULATION_OF_INTRINSIC_APOPTOTIC_SIGNALING_PATHWAY_BY_P53_CLASS_MEDIATOR		23	0.19244245	1.1165134	0.30661324	0.5688694	1.0	13256	tags=91%, list=72%, signal=327%	
GOBP_ATRIAL_CARDIAC_MUSCLE_TISSUE_DEVELOPMENT	GOBP_ATRIAL_CARDIAC_MUSCLE_TISSUE_DEVELOPMENT		22	0.19605662	1.1164858	0.32924336	0.5683308	1.0	8101	tags=64%, list=44%, signal=114%	
GOBP_BILE_ACID_METABOLIC_PROCESS	GOBP_BILE_ACID_METABOLIC_PROCESS		49	0.13754536	1.1158259	0.30769232	0.56898415	1.0	5358	tags=43%, list=29%, signal=60%	
GOBP_PRE_MIRNA_PROCESSING	GOBP_PRE_MIRNA_PROCESSING		16	0.2310034	1.1157031	0.3010101	0.56863475	1.0	10697	tags=81%, list=58%, signal=194%	
GOBP_NEGATIVE_REGULATION_OF_POTASSIUM_ION_TRANSPORT	GOBP_NEGATIVE_REGULATION_OF_POTASSIUM_ION_TRANSPORT		30	0.17130695	1.1153764	0.2992126	0.5686341	1.0	3597	tags=37%, list=20%, signal=46%	
GOBP_REGULATION_OF_FEEDING_BEHAVIOR	GOBP_REGULATION_OF_FEEDING_BEHAVIOR		28	0.17496364	1.1134813	0.3122449	0.5715359	1.0	4668	tags=43%, list=25%, signal=57%	
GOBP_CARDIAC_MUSCLE_CONTRACTION	GOBP_CARDIAC_MUSCLE_CONTRACTION		148	0.07836699	1.1124932	0.3159923	0.572779	1.0	4534	tags=32%, list=25%, signal=43%	
GOBP_REGULATION_OF_TYROSINE_PHOSPHORYLATION_OF_STAT_PROTEIN	GOBP_REGULATION_OF_TYROSINE_PHOSPHORYLATION_OF_STAT_PROTEIN		26	0.18621545	1.111369	0.33066133	0.57426864	1.0	6482	tags=54%, list=35%, signal=83%	
GOBP_NEUROTROPHIN_TRK_RECEPTOR_SIGNALING_PATHWAY	GOBP_NEUROTROPHIN_TRK_RECEPTOR_SIGNALING_PATHWAY		26	0.18091692	1.110813	0.31150794	0.5746964	1.0	7994	tags=62%, list=43%, signal=109%	
GOBP_REGULATION_OF_CELLULAR_RESPONSE_TO_INSULIN_STIMULUS	GOBP_REGULATION_OF_CELLULAR_RESPONSE_TO_INSULIN_STIMULUS		77	0.109949246	1.1096163	0.31556502	0.57641816	1.0	7778	tags=53%, list=42%, signal=92%	
GOBP_GASTRULATION	GOBP_GASTRULATION		191	0.067702085	1.1086428	0.30056712	0.5776154	1.0	12536	tags=75%, list=68%, signal=233%	
GOBP_REGULATION_OF_AXON_EXTENSION	GOBP_REGULATION_OF_AXON_EXTENSION		82	0.10582025	1.1086144	0.31189084	0.5770788	1.0	8827	tags=59%, list=48%, signal=112%	
GOBP_POSITIVE_REGULATION_OF_NATURAL_KILLER_CELL_ACTIVATION	GOBP_POSITIVE_REGULATION_OF_NATURAL_KILLER_CELL_ACTIVATION		25	0.18449308	1.1072956	0.34226805	0.57893056	1.0	3967	tags=40%, list=22%, signal=51%	
GOBP_AMINE_TRANSPORT	GOBP_AMINE_TRANSPORT		88	0.09979363	1.1068681	0.314346	0.5791108	1.0	6950	tags=48%, list=38%, signal=76%	
GOBP_PROTEIN_LOCALIZATION_TO_NUCLEOLUS	GOBP_PROTEIN_LOCALIZATION_TO_NUCLEOLUS		20	0.20941976	1.1062844	0.31669867	0.5795266	1.0	9945	tags=75%, list=54%, signal=163%	
GOBP_POSITIVE_REGULATION_OF_EPITHELIAL_CELL_DIFFERENTIATION	GOBP_POSITIVE_REGULATION_OF_EPITHELIAL_CELL_DIFFERENTIATION		63	0.11811318	1.1061403	0.32987553	0.5792149	1.0	6008	tags=44%, list=33%, signal=66%	
GOBP_NEGATIVE_REGULATION_OF_GLIOGENESIS	GOBP_NEGATIVE_REGULATION_OF_GLIOGENESIS		43	0.14226379	1.1056943	0.31936127	0.5794541	1.0	5515	tags=44%, list=30%, signal=63%	
GOBP_RESPONSE_TO_VITAMIN	GOBP_RESPONSE_TO_VITAMIN		87	0.10039009	1.1053632	0.30769232	0.5794658	1.0	8731	tags=57%, list=47%, signal=109%	
GOBP_NEGATIVE_REGULATION_OF_CELLULAR_RESPONSE_TO_GROWTH_FACTOR_STIMULUS	GOBP_NEGATIVE_REGULATION_OF_CELLULAR_RESPONSE_TO_GROWTH_FACTOR_STIMULUS		107	0.09372219	1.1041788	0.3460722	0.5810138	1.0	10145	tags=64%, list=55%, signal=143%	
GOBP_NEURON_PROJECTION_EXTENSION_INVOLVED_IN_NEURON_PROJECTION_GUIDANCE	GOBP_NEURON_PROJECTION_EXTENSION_INVOLVED_IN_NEURON_PROJECTION_GUIDANCE		21	0.20393239	1.1027764	0.31007752	0.5829322	1.0	13768	tags=95%, list=75%, signal=378%	
GOBP_REGULATION_OF_MULTICELLULAR_ORGANISM_GROWTH	GOBP_REGULATION_OF_MULTICELLULAR_ORGANISM_GROWTH		67	0.11437084	1.1026253	0.33069307	0.5826137	1.0	7785	tags=54%, list=42%, signal=93%	
GOBP_SYNAPTONEMAL_COMPLEX_ORGANIZATION	GOBP_SYNAPTONEMAL_COMPLEX_ORGANIZATION		28	0.17220189	1.099801	0.31384015	0.587311	1.0	7346	tags=57%, list=40%, signal=95%	
GOBP_ESTABLISHMENT_OR_MAINTENANCE_OF_BIPOLAR_CELL_POLARITY	GOBP_ESTABLISHMENT_OR_MAINTENANCE_OF_BIPOLAR_CELL_POLARITY		56	0.12741736	1.0979267	0.3273453	0.59012735	1.0	9814	tags=66%, list=53%, signal=141%	
GOBP_NEGATIVE_REGULATION_OF_KERATINOCYTE_PROLIFERATION	GOBP_NEGATIVE_REGULATION_OF_KERATINOCYTE_PROLIFERATION		23	0.18888238	1.0973419	0.33669356	0.5906208	1.0	14121	tags=96%, list=77%, signal=411%	
GOBP_CLATHRIN_DEPENDENT_ENDOCYTOSIS	GOBP_CLATHRIN_DEPENDENT_ENDOCYTOSIS		50	0.13287169	1.0966331	0.3401222	0.5913555	1.0	15953	tags=100%, list=87%, signal=752%	
GOBP_REGULATION_OF_NUCLEOTIDE_EXCISION_REPAIR	GOBP_REGULATION_OF_NUCLEOTIDE_EXCISION_REPAIR		29	0.17170392	1.0963787	0.32617188	0.59121805	1.0	14603	tags=97%, list=79%, signal=468%	
GOBP_REGULATION_OF_MONOCYTE_DIFFERENTIATION	GOBP_REGULATION_OF_MONOCYTE_DIFFERENTIATION		19	0.20745242	1.0958554	0.35091278	0.5915905	1.0	8771	tags=68%, list=48%, signal=131%	
GOBP_COLLATERAL_SPROUTING	GOBP_COLLATERAL_SPROUTING		32	0.16258545	1.0955251	0.33333334	0.59159714	1.0	3336	tags=34%, list=18%, signal=42%	
GOBP_BLOOD_VESSEL_ENDOTHELIAL_CELL_PROLIFERATION_INVOLVED_IN_SPROUTING_ANGIOGENESIS	GOBP_BLOOD_VESSEL_ENDOTHELIAL_CELL_PROLIFERATION_INVOLVED_IN_SPROUTING_ANGIOGENESIS		25	0.18567134	1.0944905	0.33992094	0.5929547	1.0	4681	tags=44%, list=25%, signal=59%	
GOBP_PROTEIN_LOCALIZATION_TO_CILIUM	GOBP_PROTEIN_LOCALIZATION_TO_CILIUM		75	0.109903954	1.0941437	0.3249476	0.5929771	1.0	16377	tags=100%, list=89%, signal=909%	
GOBP_REGULATION_OF_ATTACHMENT_OF_SPINDLE_MICROTUBULES_TO_KINETOCHORE	GOBP_REGULATION_OF_ATTACHMENT_OF_SPINDLE_MICROTUBULES_TO_KINETOCHORE		23	0.18776038	1.0941247	0.33141762	0.59240925	1.0	13342	tags=91%, list=73%, signal=332%	
GOBP_POSTSYNAPTIC_CYTOSKELETON_ORGANIZATION	GOBP_POSTSYNAPTIC_CYTOSKELETON_ORGANIZATION		23	0.18843263	1.0929583	0.3419483	0.59394836	1.0	8532	tags=65%, list=46%, signal=122%	
GOBP_REGULATION_OF_SYNAPTIC_PLASTICITY	GOBP_REGULATION_OF_SYNAPTIC_PLASTICITY		211	0.06464087	1.0928189	0.33744857	0.59359115	1.0	11898	tags=71%, list=65%, signal=199%	
GOBP_REGULATION_OF_NEUROTRANSMITTER_RECEPTOR_LOCALIZATION_TO_POSTSYNAPTIC_SPECIALIZATION_MEMBRANE	GOBP_REGULATION_OF_NEUROTRANSMITTER_RECEPTOR_LOCALIZATION_TO_POSTSYNAPTIC_SPECIALIZATION_MEMBRANE		19	0.20576793	1.0923979	0.31906614	0.5937973	1.0	7834	tags=63%, list=43%, signal=110%	
GOBP_REGULATION_OF_CELLULAR_RESPONSE_TO_OXIDATIVE_STRESS	GOBP_REGULATION_OF_CELLULAR_RESPONSE_TO_OXIDATIVE_STRESS		22	0.19615313	1.091453	0.3257732	0.5949632	1.0	12279	tags=86%, list=67%, signal=260%	
GOBP_POSITIVE_REGULATION_OF_PROTEIN_EXPORT_FROM_NUCLEUS	GOBP_POSITIVE_REGULATION_OF_PROTEIN_EXPORT_FROM_NUCLEUS		20	0.20479289	1.0904409	0.32317072	0.5963382	1.0	10030	tags=75%, list=55%, signal=165%	
GOBP_NON_CANONICAL_WNT_SIGNALING_PATHWAY	GOBP_NON_CANONICAL_WNT_SIGNALING_PATHWAY		69	0.11397797	1.0898963	0.33771107	0.5967687	1.0	7506	tags=52%, list=41%, signal=88%	
GOBP_L_GLUTAMATE_IMPORT	GOBP_L_GLUTAMATE_IMPORT		44	0.13670926	1.0897979	0.34325397	0.59635264	1.0	12120	tags=80%, list=66%, signal=233%	
GOBP_POSITIVE_REGULATION_OF_NOTCH_SIGNALING_PATHWAY	GOBP_POSITIVE_REGULATION_OF_NOTCH_SIGNALING_PATHWAY		44	0.13792695	1.089204	0.33398438	0.59693646	1.0	5828	tags=45%, list=32%, signal=66%	
GOBP_REGULATION_OF_MUSCLE_ADAPTATION	GOBP_REGULATION_OF_MUSCLE_ADAPTATION		81	0.10123255	1.089168	0.32681018	0.5963971	1.0	9952	tags=64%, list=54%, signal=139%	
GOBP_REGULATION_OF_HORMONE_BIOSYNTHETIC_PROCESS	GOBP_REGULATION_OF_HORMONE_BIOSYNTHETIC_PROCESS		22	0.19408938	1.0889051	0.3164557	0.59628975	1.0	10645	tags=77%, list=58%, signal=183%	
GOBP_CALCIUM_ION_REGULATED_EXOCYTOSIS_OF_NEUROTRANSMITTER	GOBP_CALCIUM_ION_REGULATED_EXOCYTOSIS_OF_NEUROTRANSMITTER		15	0.23490788	1.0885551	0.34136546	0.5963356	1.0	7943	tags=67%, list=43%, signal=117%	
GOBP_HORMONE_MEDIATED_SIGNALING_PATHWAY	GOBP_HORMONE_MEDIATED_SIGNALING_PATHWAY		231	0.061879955	1.0884228	0.33195877	0.5959889	1.0	11534	tags=69%, list=63%, signal=182%	
GOBP_VITAMIN_D_METABOLIC_PROCESS	GOBP_VITAMIN_D_METABOLIC_PROCESS		21	0.19504109	1.0881687	0.336	0.59588724	1.0	7801	tags=62%, list=42%, signal=107%	
GOBP_NEGATIVE_REGULATION_OF_TRANSFORMING_GROWTH_FACTOR_BETA_RECEPTOR_SIGNALING_PATHWAY	GOBP_NEGATIVE_REGULATION_OF_TRANSFORMING_GROWTH_FACTOR_BETA_RECEPTOR_SIGNALING_PATHWAY		98	0.0935799	1.0879296	0.3426295	0.5957728	1.0	6169	tags=43%, list=34%, signal=64%	
GOBP_TISSUE_REGENERATION	GOBP_TISSUE_REGENERATION		81	0.1006183	1.0873057	0.32673267	0.5964255	1.0	8828	tags=58%, list=48%, signal=111%	
GOBP_RESPONSE_TO_GONADOTROPIN	GOBP_RESPONSE_TO_GONADOTROPIN		28	0.17134418	1.0871501	0.32525253	0.5961209	1.0	2764	tags=32%, list=15%, signal=38%	
GOBP_BLASTODERM_SEGMENTATION	GOBP_BLASTODERM_SEGMENTATION		23	0.19582261	1.0865875	0.3210634	0.5965557	1.0	2799	tags=35%, list=15%, signal=41%	
GOBP_ESTROGEN_METABOLIC_PROCESS	GOBP_ESTROGEN_METABOLIC_PROCESS		39	0.14183602	1.0864865	0.3056133	0.5961697	1.0	8242	tags=59%, list=45%, signal=107%	
GOBP_CIRCADIAN_SLEEP_WAKE_CYCLE	GOBP_CIRCADIAN_SLEEP_WAKE_CYCLE		25	0.18162256	1.0855327	0.34747475	0.5973385	1.0	5491	tags=48%, list=30%, signal=68%	
GOBP_REGULATION_OF_MIRNA_METABOLIC_PROCESS	GOBP_REGULATION_OF_MIRNA_METABOLIC_PROCESS		87	0.10043091	1.0851611	0.34475806	0.59745735	1.0	5348	tags=39%, list=29%, signal=55%	
GOBP_FC_EPSILON_RECEPTOR_SIGNALING_PATHWAY	GOBP_FC_EPSILON_RECEPTOR_SIGNALING_PATHWAY		25	0.18041164	1.0848142	0.32371134	0.5974981	1.0	12134	tags=84%, list=66%, signal=247%	
GOBP_POSITIVE_REGULATION_OF_CILIUM_ASSEMBLY	GOBP_POSITIVE_REGULATION_OF_CILIUM_ASSEMBLY		29	0.16518559	1.0847709	0.3432836	0.59699345	1.0	12186	tags=83%, list=66%, signal=245%	
GOBP_PROTEIN_IMPORT_INTO_PEROXISOME_MATRIX	GOBP_PROTEIN_IMPORT_INTO_PEROXISOME_MATRIX		15	0.23443626	1.0843443	0.3416149	0.5971903	1.0	14082	tags=100%, list=77%, signal=426%	
GOBP_NEGATIVE_REGULATION_OF_TRANSLATIONAL_INITIATION	GOBP_NEGATIVE_REGULATION_OF_TRANSLATIONAL_INITIATION		25	0.18089731	1.0833523	0.3427992	0.5984512	1.0	14332	tags=96%, list=78%, signal=434%	
GOBP_REGULATION_OF_P38MAPK_CASCADE	GOBP_REGULATION_OF_P38MAPK_CASCADE		41	0.14395958	1.0829766	0.35957447	0.59855646	1.0	5880	tags=46%, list=32%, signal=68%	
GOBP_RESPONSE_TO_TRANSFORMING_GROWTH_FACTOR_BETA	GOBP_RESPONSE_TO_TRANSFORMING_GROWTH_FACTOR_BETA		276	0.057291977	1.082865	0.34560326	0.5981438	1.0	6091	tags=39%, list=33%, signal=57%	
GOBP_SEGMENTATION	GOBP_SEGMENTATION		100	0.091190204	1.082221	0.348643	0.5987444	1.0	8630	tags=56%, list=47%, signal=105%	
GOBP_RECEPTOR_CATABOLIC_PROCESS	GOBP_RECEPTOR_CATABOLIC_PROCESS		30	0.16550665	1.0817721	0.35151514	0.5990138	1.0	12899	tags=87%, list=70%, signal=290%	
GOBP_STRIATED_MUSCLE_CONTRACTION	GOBP_STRIATED_MUSCLE_CONTRACTION		196	0.065332755	1.0816479	0.32388663	0.5986672	1.0	4534	tags=31%, list=25%, signal=41%	
GOBP_NEGATIVE_REGULATION_OF_DNA_REPLICATION	GOBP_NEGATIVE_REGULATION_OF_DNA_REPLICATION		23	0.18711655	1.0810533	0.35211268	0.59920245	1.0	10955	tags=78%, list=60%, signal=193%	
GOBP_PROTEIN_LOCALIZATION_TO_POSTSYNAPSE	GOBP_PROTEIN_LOCALIZATION_TO_POSTSYNAPSE		57	0.121764004	1.0800095	0.3446215	0.6005817	1.0	8414	tags=58%, list=46%, signal=106%	
GOBP_CARDIAC_CHAMBER_DEVELOPMENT	GOBP_CARDIAC_CHAMBER_DEVELOPMENT		175	0.06862851	1.0790324	0.3443299	0.60181516	1.0	8102	tags=51%, list=44%, signal=90%	
GOBP_DENDRITE_DEVELOPMENT	GOBP_DENDRITE_DEVELOPMENT		238	0.059677426	1.0785432	0.3423077	0.60217667	1.0	9193	tags=56%, list=50%, signal=110%	
GOBP_AROMATIC_AMINO_ACID_FAMILY_CATABOLIC_PROCESS	GOBP_AROMATIC_AMINO_ACID_FAMILY_CATABOLIC_PROCESS		24	0.17809342	1.078043	0.35968378	0.6024648	1.0	2092	tags=29%, list=11%, signal=33%	
GOBP_REGULATION_OF_CARDIAC_MUSCLE_CELL_DIFFERENTIATION	GOBP_REGULATION_OF_CARDIAC_MUSCLE_CELL_DIFFERENTIATION		16	0.22471088	1.0774792	0.34661356	0.60297006	1.0	3916	tags=44%, list=21%, signal=56%	
GOBP_NEGATIVE_REGULATION_OF_D_GLUCOSE_TRANSMEMBRANE_TRANSPORT	GOBP_NEGATIVE_REGULATION_OF_D_GLUCOSE_TRANSMEMBRANE_TRANSPORT		19	0.20436706	1.0766116	0.36272544	0.60398126	1.0	3020	tags=37%, list=16%, signal=44%	
GOBP_RESPONSE_TO_FATTY_ACID	GOBP_RESPONSE_TO_FATTY_ACID		60	0.11957069	1.0760499	0.3529412	0.60441494	1.0	4244	tags=35%, list=23%, signal=45%	
GOBP_EYE_PHOTORECEPTOR_CELL_DIFFERENTIATION	GOBP_EYE_PHOTORECEPTOR_CELL_DIFFERENTIATION		55	0.122110486	1.0758519	0.34274194	0.60420364	1.0	4782	tags=38%, list=26%, signal=51%	
GOBP_HINDBRAIN_MORPHOGENESIS	GOBP_HINDBRAIN_MORPHOGENESIS		46	0.13090643	1.0754117	0.34268537	0.6044011	1.0	4794	tags=39%, list=26%, signal=53%	
GOBP_NEUTRAL_AMINO_ACID_TRANSPORT	GOBP_NEUTRAL_AMINO_ACID_TRANSPORT		59	0.11701775	1.0747954	0.34016395	0.6050489	1.0	12816	tags=81%, list=70%, signal=268%	
GOBP_POSITIVE_REGULATION_OF_RELEASE_OF_SEQUESTERED_CALCIUM_ION_INTO_CYTOSOL	GOBP_POSITIVE_REGULATION_OF_RELEASE_OF_SEQUESTERED_CALCIUM_ION_INTO_CYTOSOL		34	0.15711269	1.0741045	0.34758365	0.60573745	1.0	2524	tags=29%, list=14%, signal=34%	
GOBP_POSITIVE_REGULATION_OF_SYNAPTIC_VESICLE_FUSION_TO_PRESYNAPTIC_ACTIVE_ZONE_MEMBRANE	GOBP_POSITIVE_REGULATION_OF_SYNAPTIC_VESICLE_FUSION_TO_PRESYNAPTIC_ACTIVE_ZONE_MEMBRANE		15	0.2236976	1.0736336	0.34920636	0.6059911	1.0	8149	tags=67%, list=44%, signal=120%	
GOBP_REGULATION_OF_SKELETAL_MUSCLE_TISSUE_DEVELOPMENT	GOBP_REGULATION_OF_SKELETAL_MUSCLE_TISSUE_DEVELOPMENT		25	0.17860395	1.07361	0.36039603	0.6054385	1.0	8489	tags=64%, list=46%, signal=119%	
GOBP_CELLULAR_RESPONSE_TO_CALCIUM_ION	GOBP_CELLULAR_RESPONSE_TO_CALCIUM_ION		79	0.102496944	1.0732155	0.3575526	0.6056399	1.0	5106	tags=38%, list=28%, signal=52%	
GOBP_REGULATION_OF_NUCLEOBASE_CONTAINING_COMPOUND_TRANSPORT	GOBP_REGULATION_OF_NUCLEOBASE_CONTAINING_COMPOUND_TRANSPORT		18	0.21365894	1.0717552	0.375969	0.60781896	1.0	12421	tags=89%, list=68%, signal=274%	
GOBP_POSITIVE_REGULATION_OF_MIRNA_METABOLIC_PROCESS	GOBP_POSITIVE_REGULATION_OF_MIRNA_METABOLIC_PROCESS		62	0.11275714	1.0717062	0.36220473	0.6073139	1.0	5348	tags=40%, list=29%, signal=57%	
GOBP_CELL_CELL_ADHESION_MEDIATED_BY_INTEGRIN	GOBP_CELL_CELL_ADHESION_MEDIATED_BY_INTEGRIN		18	0.20796824	1.0714706	0.34334764	0.60718673	1.0	14569	tags=100%, list=79%, signal=481%	
GOBP_RESPONSE_TO_LIGHT_STIMULUS	GOBP_RESPONSE_TO_LIGHT_STIMULUS		331	0.05113684	1.0701582	0.35365853	0.60899943	1.0	14355	tags=83%, list=78%, signal=372%	
GOBP_HETEROTYPIC_CELL_CELL_ADHESION	GOBP_HETEROTYPIC_CELL_CELL_ADHESION		62	0.11371103	1.0693386	0.3375	0.6099713	1.0	4144	tags=34%, list=23%, signal=44%	
GOBP_EMBRYONIC_DIGIT_MORPHOGENESIS	GOBP_EMBRYONIC_DIGIT_MORPHOGENESIS		60	0.118242346	1.0692543	0.34709194	0.60952926	1.0	7027	tags=50%, list=38%, signal=81%	
GOBP_RECEPTOR_INTERNALIZATION	GOBP_RECEPTOR_INTERNALIZATION		140	0.07604319	1.0682416	0.36196318	0.610836	1.0	7938	tags=51%, list=43%, signal=89%	
GOBP_POSITIVE_REGULATION_OF_PROTEIN_MATURATION	GOBP_POSITIVE_REGULATION_OF_PROTEIN_MATURATION		24	0.1791914	1.0678154	0.37142858	0.6110355	1.0	5137	tags=46%, list=28%, signal=64%	
GOBP_NONRIBOSOMAL_PEPTIDE_BIOSYNTHETIC_PROCESS	GOBP_NONRIBOSOMAL_PEPTIDE_BIOSYNTHETIC_PROCESS		17	0.21022673	1.0664775	0.37166324	0.6129467	1.0	10200	tags=76%, list=55%, signal=172%	
GOBP_NEGATIVE_REGULATION_OF_MEIOTIC_CELL_CYCLE	GOBP_NEGATIVE_REGULATION_OF_MEIOTIC_CELL_CYCLE		20	0.20072941	1.0660882	0.3604651	0.6130743	1.0	7346	tags=60%, list=40%, signal=100%	
GOBP_GLIAL_CELL_APOPTOTIC_PROCESS	GOBP_GLIAL_CELL_APOPTOTIC_PROCESS		17	0.21613021	1.0660392	0.3562753	0.61256963	1.0	13337	tags=94%, list=73%, signal=342%	
GOBP_NEGATIVE_REGULATION_OF_BLOOD_PRESSURE	GOBP_NEGATIVE_REGULATION_OF_BLOOD_PRESSURE		48	0.12891158	1.0657806	0.375969	0.6124488	1.0	4531	tags=38%, list=25%, signal=50%	
GOBP_RESPONSE_TO_GAMMA_RADIATION	GOBP_RESPONSE_TO_GAMMA_RADIATION		52	0.124572694	1.0649276	0.35700196	0.6135088	1.0	9032	tags=62%, list=49%, signal=121%	
GOBP_POSITIVE_REGULATION_BY_HOST_OF_VIRAL_TRANSCRIPTION	GOBP_POSITIVE_REGULATION_BY_HOST_OF_VIRAL_TRANSCRIPTION		18	0.21110085	1.0645871	0.3659004	0.61356765	1.0	12468	tags=89%, list=68%, signal=276%	
GOBP_TORC2_SIGNALING	GOBP_TORC2_SIGNALING		22	0.18618329	1.0644023	0.37869823	0.61335576	1.0	14970	tags=100%, list=81%, signal=537%	
GOBP_PROTEIN_LOCALIZATION_TO_CELL_CELL_JUNCTION	GOBP_PROTEIN_LOCALIZATION_TO_CELL_CELL_JUNCTION		27	0.17091413	1.0635014	0.38742393	0.61443514	1.0	9121	tags=67%, list=50%, signal=132%	
GOBP_CORTICOSTEROID_HORMONE_SECRETION	GOBP_CORTICOSTEROID_HORMONE_SECRETION		21	0.19266143	1.0634489	0.35700196	0.61392665	1.0	10472	tags=76%, list=57%, signal=177%	
GOBP_AMINO_SUGAR_METABOLIC_PROCESS	GOBP_AMINO_SUGAR_METABOLIC_PROCESS		43	0.13329126	1.0627422	0.36885247	0.61463153	1.0	10812	tags=72%, list=59%, signal=175%	
GOBP_REGULATION_OF_CELL_SUBSTRATE_ADHESION	GOBP_REGULATION_OF_CELL_SUBSTRATE_ADHESION		219	0.06139731	1.0618867	0.36746988	0.6156988	1.0	10976	tags=66%, list=60%, signal=161%	
GOBP_POSTSYNAPTIC_MODULATION_OF_CHEMICAL_SYNAPTIC_TRANSMISSION	GOBP_POSTSYNAPTIC_MODULATION_OF_CHEMICAL_SYNAPTIC_TRANSMISSION		32	0.16107903	1.0614148	0.34647304	0.61592454	1.0	10835	tags=75%, list=59%, signal=182%	
GOBP_PROTEIN_LOCALIZATION_TO_CELL_SURFACE	GOBP_PROTEIN_LOCALIZATION_TO_CELL_SURFACE		66	0.111183606	1.061016	0.366	0.6160938	1.0	14402	tags=89%, list=78%, signal=411%	
GOBP_VESICLE_FUSION_TO_PLASMA_MEMBRANE	GOBP_VESICLE_FUSION_TO_PLASMA_MEMBRANE		31	0.16131137	1.0602878	0.36893204	0.616859	1.0	10089	tags=71%, list=55%, signal=157%	
GOBP_DENDRITIC_SPINE_MORPHOGENESIS	GOBP_DENDRITIC_SPINE_MORPHOGENESIS		57	0.11805218	1.0601305	0.37549406	0.6165435	1.0	9450	tags=63%, list=51%, signal=130%	
GOBP_MULTICELLULAR_ORGANISMAL_LEVEL_CHEMICAL_HOMEOSTASIS	GOBP_MULTICELLULAR_ORGANISMAL_LEVEL_CHEMICAL_HOMEOSTASIS		77	0.102695554	1.059853	0.33527133	0.616453	1.0	7672	tags=52%, list=42%, signal=89%	
GOBP_CELL_PROLIFERATION_INVOLVED_IN_KIDNEY_DEVELOPMENT	GOBP_CELL_PROLIFERATION_INVOLVED_IN_KIDNEY_DEVELOPMENT		22	0.18697263	1.0596615	0.37166324	0.6162118	1.0	5760	tags=50%, list=31%, signal=73%	
GOBP_BLASTOCYST_FORMATION	GOBP_BLASTOCYST_FORMATION		48	0.12861176	1.0595487	0.38133875	0.6158297	1.0	13732	tags=88%, list=75%, signal=344%	
GOBP_CATECHOL_CONTAINING_COMPOUND_METABOLIC_PROCESS	GOBP_CATECHOL_CONTAINING_COMPOUND_METABOLIC_PROCESS		56	0.1187493	1.0580046	0.37166324	0.61812145	1.0	6032	tags=45%, list=33%, signal=66%	
GOBP_AMIDE_CATABOLIC_PROCESS	GOBP_AMIDE_CATABOLIC_PROCESS		17	0.2152274	1.0579826	0.35181645	0.61758804	1.0	4699	tags=47%, list=26%, signal=63%	
GOBP_ALTERNATIVE_MRNA_SPLICING_VIA_SPLICEOSOME	GOBP_ALTERNATIVE_MRNA_SPLICING_VIA_SPLICEOSOME		77	0.103356466	1.0575402	0.37090164	0.61781687	1.0	13631	tags=84%, list=74%, signal=325%	
GOBP_ZINC_ION_TRANSPORT	GOBP_ZINC_ION_TRANSPORT		32	0.15595213	1.0572706	0.38016528	0.6177401	1.0	13228	tags=88%, list=72%, signal=311%	
GOBP_N_ACETYLGLUCOSAMINE_METABOLIC_PROCESS	GOBP_N_ACETYLGLUCOSAMINE_METABOLIC_PROCESS		19	0.20363653	1.0565504	0.37424546	0.61853945	1.0	10777	tags=79%, list=59%, signal=190%	
GOBP_REGULATION_OF_MEIOTIC_CELL_CYCLE	GOBP_REGULATION_OF_MEIOTIC_CELL_CYCLE		69	0.10660424	1.0564823	0.35852712	0.61809623	1.0	10573	tags=68%, list=57%, signal=160%	
GOBP_POSITIVE_REGULATION_OF_REACTIVE_OXYGEN_SPECIES_METABOLIC_PROCESS	GOBP_POSITIVE_REGULATION_OF_REACTIVE_OXYGEN_SPECIES_METABOLIC_PROCESS		69	0.10823529	1.0558132	0.37755102	0.61870295	1.0	6012	tags=43%, list=33%, signal=64%	
GOBP_MEMORY	GOBP_MEMORY		129	0.07916892	1.054979	0.37065637	0.6197276	1.0	7820	tags=50%, list=43%, signal=87%	
GOBP_NEURAL_PRECURSOR_CELL_PROLIFERATION	GOBP_NEURAL_PRECURSOR_CELL_PROLIFERATION		167	0.06967124	1.0529555	0.35687023	0.62296057	1.0	8090	tags=51%, list=44%, signal=90%	
GOBP_VENTRICULAR_SEPTUM_DEVELOPMENT	GOBP_VENTRICULAR_SEPTUM_DEVELOPMENT		76	0.101162404	1.0528857	0.3458498	0.622494	1.0	2018	tags=21%, list=11%, signal=24%	
GOBP_MIDDLE_EAR_MORPHOGENESIS	GOBP_MIDDLE_EAR_MORPHOGENESIS		22	0.18632184	1.0526365	0.36746988	0.6223814	1.0	4936	tags=45%, list=27%, signal=62%	
GOBP_CELLULAR_RESPONSE_TO_IONIZING_RADIATION	GOBP_CELLULAR_RESPONSE_TO_IONIZING_RADIATION		73	0.10605855	1.0525767	0.3694779	0.6219039	1.0	9897	tags=64%, list=54%, signal=139%	
GOBP_POSITIVE_REGULATION_OF_MONOCYTE_CHEMOTAXIS	GOBP_POSITIVE_REGULATION_OF_MONOCYTE_CHEMOTAXIS		22	0.18376812	1.0519084	0.37815127	0.6225681	1.0	3311	tags=36%, list=18%, signal=44%	
GOBP_REGULATION_OF_CELL_COMMUNICATION_BY_ELECTRICAL_COUPLING	GOBP_REGULATION_OF_CELL_COMMUNICATION_BY_ELECTRICAL_COUPLING		17	0.21045724	1.0516689	0.3708087	0.62243867	1.0	2623	tags=35%, list=14%, signal=41%	
GOBP_NEGATIVE_REGULATION_OF_INTRINSIC_APOPTOTIC_SIGNALING_PATHWAY_IN_RESPONSE_TO_DNA_DAMAGE_BY_P53_CLASS_MEDIATOR	GOBP_NEGATIVE_REGULATION_OF_INTRINSIC_APOPTOTIC_SIGNALING_PATHWAY_IN_RESPONSE_TO_DNA_DAMAGE_BY_P53_CLASS_MEDIATOR		16	0.21684693	1.0508729	0.38430583	0.62335753	1.0	13256	tags=94%, list=72%, signal=335%	
GOBP_URETER_DEVELOPMENT	GOBP_URETER_DEVELOPMENT		18	0.20322092	1.0506736	0.3767535	0.6231373	1.0	4439	tags=44%, list=24%, signal=59%	
GOBP_NEGATIVE_REGULATION_OF_CANONICAL_WNT_SIGNALING_PATHWAY	GOBP_NEGATIVE_REGULATION_OF_CANONICAL_WNT_SIGNALING_PATHWAY		138	0.07691965	1.0505787	0.37181997	0.62273216	1.0	6058	tags=41%, list=33%, signal=60%	
GOBP_ESTABLISHMENT_OR_MAINTENANCE_OF_MONOPOLAR_CELL_POLARITY	GOBP_ESTABLISHMENT_OR_MAINTENANCE_OF_MONOPOLAR_CELL_POLARITY		27	0.17026874	1.0489465	0.39138943	0.6252493	1.0	9814	tags=70%, list=53%, signal=151%	
GOBP_REGULATION_OF_TELOMERE_MAINTENANCE_VIA_TELOMERE_LENGTHENING	GOBP_REGULATION_OF_TELOMERE_MAINTENANCE_VIA_TELOMERE_LENGTHENING		54	0.12078597	1.0487992	0.374	0.6249246	1.0	15494	tags=96%, list=84%, signal=610%	
GOBP_RESPONSE_TO_PURINE_CONTAINING_COMPOUND	GOBP_RESPONSE_TO_PURINE_CONTAINING_COMPOUND		148	0.073216915	1.0487195	0.38247013	0.6244832	1.0	2764	tags=22%, list=15%, signal=26%	
GOBP_RESPONSE_TO_ANGIOTENSIN	GOBP_RESPONSE_TO_ANGIOTENSIN		43	0.13852218	1.0472226	0.3612245	0.6266922	1.0	14993	tags=95%, list=82%, signal=515%	
GOBP_SEMINIFEROUS_TUBULE_DEVELOPMENT	GOBP_SEMINIFEROUS_TUBULE_DEVELOPMENT		21	0.18755995	1.0468819	0.39607844	0.62674505	1.0	13193	tags=90%, list=72%, signal=320%	
GOBP_CARDIAC_MUSCLE_CELL_DIFFERENTIATION	GOBP_CARDIAC_MUSCLE_CELL_DIFFERENTIATION		120	0.08305832	1.0465462	0.38857144	0.6267939	1.0	4152	tags=31%, list=23%, signal=40%	
GOBP_POLY_A_PLUS_MRNA_EXPORT_FROM_NUCLEUS	GOBP_POLY_A_PLUS_MRNA_EXPORT_FROM_NUCLEUS		22	0.18842272	1.0463725	0.40041494	0.6265492	1.0	12421	tags=86%, list=68%, signal=266%	
GOBP_RESPONSE_TO_THYROID_HORMONE	GOBP_RESPONSE_TO_THYROID_HORMONE		22	0.18773726	1.0459806	0.3898305	0.62670386	1.0	4910	tags=45%, list=27%, signal=62%	
GOBP_REGULATION_OF_ANDROGEN_RECEPTOR_SIGNALING_PATHWAY	GOBP_REGULATION_OF_ANDROGEN_RECEPTOR_SIGNALING_PATHWAY		34	0.15129188	1.0448642	0.38367346	0.6282335	1.0	13990	tags=91%, list=76%, signal=380%	
GOBP_MAINTENANCE_OF_CELL_NUMBER	GOBP_MAINTENANCE_OF_CELL_NUMBER		194	0.06489141	1.0444171	0.3963039	0.62851816	1.0	14460	tags=85%, list=79%, signal=394%	
GOBP_CYTOPLASM_ORGANIZATION	GOBP_CYTOPLASM_ORGANIZATION		16	0.21838436	1.0443811	0.39634147	0.628004	1.0	8630	tags=69%, list=47%, signal=129%	
GOBP_MEMBRANE_REPOLARIZATION	GOBP_MEMBRANE_REPOLARIZATION		52	0.12641199	1.0440356	0.3849287	0.6280625	1.0	12535	tags=81%, list=68%, signal=253%	
GOBP_SKELETAL_MUSCLE_ADAPTATION	GOBP_SKELETAL_MUSCLE_ADAPTATION		21	0.18450372	1.0434359	0.39292732	0.6285773	1.0	2740	tags=33%, list=15%, signal=39%	
GOBP_OSTEOBLAST_DEVELOPMENT	GOBP_OSTEOBLAST_DEVELOPMENT		18	0.20627794	1.0433613	0.392	0.6281455	1.0	7448	tags=61%, list=40%, signal=103%	
GOBP_NEGATIVE_REGULATION_OF_INTRINSIC_APOPTOTIC_SIGNALING_PATHWAY_IN_RESPONSE_TO_DNA_DAMAGE	GOBP_NEGATIVE_REGULATION_OF_INTRINSIC_APOPTOTIC_SIGNALING_PATHWAY_IN_RESPONSE_TO_DNA_DAMAGE		31	0.15861791	1.0432025	0.39250493	0.6278862	1.0	13698	tags=90%, list=74%, signal=353%	
GOBP_NEGATIVE_REGULATION_OF_MAP_KINASE_ACTIVITY	GOBP_NEGATIVE_REGULATION_OF_MAP_KINASE_ACTIVITY		21	0.18828836	1.04223	0.38047808	0.6292233	1.0	4422	tags=43%, list=24%, signal=56%	
GOBP_RESPONSE_TO_EPINEPHRINE	GOBP_RESPONSE_TO_EPINEPHRINE		15	0.2207481	1.0413536	0.382	0.6302929	1.0	4525	tags=47%, list=25%, signal=62%	
GOBP_REGULATION_OF_MUSCLE_CELL_DIFFERENTIATION	GOBP_REGULATION_OF_MUSCLE_CELL_DIFFERENTIATION		143	0.07430644	1.0410691	0.38477802	0.630238	1.0	3916	tags=29%, list=21%, signal=36%	
GOBP_ANGIOTENSIN_ACTIVATED_SIGNALING_PATHWAY	GOBP_ANGIOTENSIN_ACTIVATED_SIGNALING_PATHWAY		21	0.19067578	1.0408387	0.3920792	0.6301145	1.0	12260	tags=86%, list=67%, signal=257%	
GOBP_MESODERM_MORPHOGENESIS	GOBP_MESODERM_MORPHOGENESIS		74	0.103230804	1.0395465	0.3707415	0.63196015	1.0	10783	tags=69%, list=59%, signal=166%	
GOBP_MATURATION_OF_5_8S_RRNA_FROM_TRICISTRONIC_RRNA_TRANSCRIPT_SSU_RRNA_5_8S_RRNA_LSU_RRNA	GOBP_MATURATION_OF_5_8S_RRNA_FROM_TRICISTRONIC_RRNA_TRANSCRIPT_SSU_RRNA_5_8S_RRNA_LSU_RRNA		23	0.18183799	1.0390959	0.40041494	0.6322183	1.0	15050	tags=100%, list=82%, signal=550%	
GOBP_NEGATIVE_REGULATION_OF_PROTEIN_MATURATION	GOBP_NEGATIVE_REGULATION_OF_PROTEIN_MATURATION		22	0.18358254	1.0390636	0.38430583	0.6317032	1.0	10838	tags=77%, list=59%, signal=188%	
GOBP_CELLULAR_RESPONSE_TO_VASCULAR_ENDOTHELIAL_GROWTH_FACTOR_STIMULUS	GOBP_CELLULAR_RESPONSE_TO_VASCULAR_ENDOTHELIAL_GROWTH_FACTOR_STIMULUS		72	0.105289884	1.0384723	0.3836478	0.6322501	1.0	9820	tags=64%, list=53%, signal=137%	
GOBP_PSEUDOPODIUM_ORGANIZATION	GOBP_PSEUDOPODIUM_ORGANIZATION		16	0.2165034	1.0384058	0.39363816	0.6318003	1.0	9814	tags=75%, list=53%, signal=161%	
GOBP_REGULATION_OF_TUBE_SIZE	GOBP_REGULATION_OF_TUBE_SIZE		155	0.0703932	1.038234	0.39679357	0.6315622	1.0	9038	tags=56%, list=49%, signal=109%	
GOBP_NEURON_APOPTOTIC_PROCESS	GOBP_NEURON_APOPTOTIC_PROCESS		310	0.051140834	1.0379915	0.38742393	0.6314737	1.0	12126	tags=71%, list=66%, signal=205%	
GOBP_CELLULAR_RESPONSE_TO_PEPTIDE	GOBP_CELLULAR_RESPONSE_TO_PEPTIDE		16	0.21538435	1.0379598	0.38539553	0.6309578	1.0	10984	tags=81%, list=60%, signal=202%	
GOBP_REGULATION_OF_INSULIN_RECEPTOR_SIGNALING_PATHWAY	GOBP_REGULATION_OF_INSULIN_RECEPTOR_SIGNALING_PATHWAY		73	0.10227307	1.0379145	0.41649485	0.6304631	1.0	11226	tags=71%, list=61%, signal=182%	
GOBP_CGMP_METABOLIC_PROCESS	GOBP_CGMP_METABOLIC_PROCESS		16	0.21186735	1.0376601	0.42116183	0.63035554	1.0	4152	tags=44%, list=23%, signal=56%	
GOBP_PLASMA_MEMBRANE_FUSION	GOBP_PLASMA_MEMBRANE_FUSION		31	0.15978281	1.0373238	0.39029536	0.6304408	1.0	5371	tags=45%, list=29%, signal=64%	
GOBP_REGULATION_OF_POSTSYNAPTIC_NEUROTRANSMITTER_RECEPTOR_INTERNALIZATION	GOBP_REGULATION_OF_POSTSYNAPTIC_NEUROTRANSMITTER_RECEPTOR_INTERNALIZATION		26	0.16940461	1.03731	0.412	0.6298949	1.0	3254	tags=35%, list=18%, signal=42%	
GOBP_REGULATION_OF_HAIR_FOLLICLE_DEVELOPMENT	GOBP_REGULATION_OF_HAIR_FOLLICLE_DEVELOPMENT		20	0.19056393	1.037106	0.36294895	0.62971973	1.0	2935	tags=35%, list=16%, signal=42%	
GOBP_FC_RECEPTOR_SIGNALING_PATHWAY	GOBP_FC_RECEPTOR_SIGNALING_PATHWAY		60	0.11243888	1.0369856	0.38113207	0.6293707	1.0	9279	tags=62%, list=50%, signal=124%	
GOBP_REGULATION_OF_ACTIVIN_RECEPTOR_SIGNALING_PATHWAY	GOBP_REGULATION_OF_ACTIVIN_RECEPTOR_SIGNALING_PATHWAY		28	0.16366181	1.0366123	0.3957529	0.6295496	1.0	6846	tags=54%, list=37%, signal=85%	
GOBP_CELLULAR_RESPONSE_TO_INSULIN_STIMULUS	GOBP_CELLULAR_RESPONSE_TO_INSULIN_STIMULUS		212	0.060908183	1.035963	0.40612245	0.6301319	1.0	12685	tags=75%, list=69%, signal=239%	
GOBP_POSITIVE_REGULATION_OF_GROWTH	GOBP_POSITIVE_REGULATION_OF_GROWTH		247	0.056989457	1.0352346	0.39363816	0.6309083	1.0	8570	tags=52%, list=47%, signal=96%	
GOBP_REGULATION_OF_ANOIKIS	GOBP_REGULATION_OF_ANOIKIS		26	0.1728225	1.0352169	0.40082645	0.63035977	1.0	8850	tags=65%, list=48%, signal=126%	
GOBP_TYPE_B_PANCREATIC_CELL_PROLIFERATION	GOBP_TYPE_B_PANCREATIC_CELL_PROLIFERATION		28	0.16294803	1.0345678	0.38932806	0.6310082	1.0	3575	tags=36%, list=19%, signal=44%	
GOBP_CATECHOLAMINE_TRANSPORT	GOBP_CATECHOLAMINE_TRANSPORT		61	0.113817684	1.0334799	0.40421054	0.6324671	1.0	6053	tags=44%, list=33%, signal=66%	
GOBP_CELLULAR_RESPONSE_TO_VITAMIN	GOBP_CELLULAR_RESPONSE_TO_VITAMIN		30	0.15884942	1.0328137	0.4024145	0.6331238	1.0	8730	tags=63%, list=47%, signal=120%	
GOBP_REGULATION_OF_MICROGLIAL_CELL_ACTIVATION	GOBP_REGULATION_OF_MICROGLIAL_CELL_ACTIVATION		18	0.2030667	1.0327392	0.3944773	0.632695	1.0	7507	tags=61%, list=41%, signal=103%	
GOBP_TETRAPYRROLE_BIOSYNTHETIC_PROCESS	GOBP_TETRAPYRROLE_BIOSYNTHETIC_PROCESS		33	0.15118173	1.0326557	0.394	0.6322793	1.0	14500	tags=94%, list=79%, signal=443%	
GOBP_GROOMING_BEHAVIOR	GOBP_GROOMING_BEHAVIOR		18	0.1991086	1.0323324	0.3828125	0.63231033	1.0	6558	tags=56%, list=36%, signal=86%	
GOBP_MELANOSOME_ASSEMBLY	GOBP_MELANOSOME_ASSEMBLY		19	0.19100001	1.0322607	0.41806722	0.63185835	1.0	13913	tags=95%, list=76%, signal=389%	
GOBP_REGULATION_OF_MYELOID_LEUKOCYTE_DIFFERENTIATION	GOBP_REGULATION_OF_MYELOID_LEUKOCYTE_DIFFERENTIATION		125	0.07742912	1.0313123	0.38064516	0.6330247	1.0	8148	tags=52%, list=44%, signal=93%	
GOBP_BASE_CONVERSION_OR_SUBSTITUTION_EDITING	GOBP_BASE_CONVERSION_OR_SUBSTITUTION_EDITING		18	0.19823776	1.0291419	0.41164657	0.63654894	1.0	6574	tags=56%, list=36%, signal=86%	
GOBP_VITAMIN_TRANSMEMBRANE_TRANSPORT	GOBP_VITAMIN_TRANSMEMBRANE_TRANSPORT		20	0.19030811	1.028747	0.39130434	0.63673675	1.0	8457	tags=65%, list=46%, signal=120%	
GOBP_RESPONSE_TO_METAL_ION	GOBP_RESPONSE_TO_METAL_ION		344	0.049004316	1.0283496	0.41035858	0.63691956	1.0	4942	tags=32%, list=27%, signal=43%	
GOBP_IMPORT_ACROSS_PLASMA_MEMBRANE	GOBP_IMPORT_ACROSS_PLASMA_MEMBRANE		210	0.061005633	1.0261977	0.4122288	0.6402793	1.0	9399	tags=57%, list=51%, signal=116%	
GOBP_EPITHELIAL_TUBE_BRANCHING_INVOLVED_IN_LUNG_MORPHOGENESIS	GOBP_EPITHELIAL_TUBE_BRANCHING_INVOLVED_IN_LUNG_MORPHOGENESIS		32	0.15012051	1.0257457	0.38477367	0.64053667	1.0	5289	tags=44%, list=29%, signal=61%	
GOBP_FC_GAMMA_RECEPTOR_SIGNALING_PATHWAY	GOBP_FC_GAMMA_RECEPTOR_SIGNALING_PATHWAY		37	0.14063656	1.0255666	0.3984064	0.6403501	1.0	8850	tags=62%, list=48%, signal=120%	
GOBP_POSITIVE_REGULATION_OF_EXTRACELLULAR_MATRIX_ORGANIZATION	GOBP_POSITIVE_REGULATION_OF_EXTRACELLULAR_MATRIX_ORGANIZATION		27	0.16531137	1.0251719	0.42344046	0.6404813	1.0	5137	tags=44%, list=28%, signal=62%	
GOBP_POSITIVE_REGULATION_OF_B_CELL_PROLIFERATION	GOBP_POSITIVE_REGULATION_OF_B_CELL_PROLIFERATION		47	0.12712833	1.0251523	0.39691713	0.639948	1.0	8232	tags=57%, list=45%, signal=104%	
GOBP_ECTODERM_DEVELOPMENT	GOBP_ECTODERM_DEVELOPMENT		23	0.18040591	1.0245533	0.3992016	0.6404873	1.0	5481	tags=48%, list=30%, signal=68%	
GOBP_POSITIVE_REGULATION_OF_CARDIAC_MUSCLE_CELL_PROLIFERATION	GOBP_POSITIVE_REGULATION_OF_CARDIAC_MUSCLE_CELL_PROLIFERATION		25	0.16885114	1.0242133	0.41528925	0.64056695	1.0	2783	tags=32%, list=15%, signal=38%	
GOBP_SYNAPTIC_VESICLE_EXOCYTOSIS	GOBP_SYNAPTIC_VESICLE_EXOCYTOSIS		104	0.08452675	1.0235497	0.40451744	0.6412785	1.0	11716	tags=72%, list=64%, signal=198%	
GOBP_CEREBELLAR_CORTEX_DEVELOPMENT	GOBP_CEREBELLAR_CORTEX_DEVELOPMENT		56	0.114623696	1.0227025	0.40289256	0.6423457	1.0	4794	tags=38%, list=26%, signal=51%	
GOBP_REGULATION_OF_AXONOGENESIS	GOBP_REGULATION_OF_AXONOGENESIS		143	0.073041044	1.0223033	0.41532257	0.6425354	1.0	5611	tags=38%, list=31%, signal=54%	
GOBP_G_PROTEIN_COUPLED_DOPAMINE_RECEPTOR_SIGNALING_PATHWAY	GOBP_G_PROTEIN_COUPLED_DOPAMINE_RECEPTOR_SIGNALING_PATHWAY		34	0.14307575	1.0208839	0.41295546	0.6446498	1.0	13059	tags=85%, list=71%, signal=294%	
GOBP_REGULATION_OF_BIOMINERAL_TISSUE_DEVELOPMENT	GOBP_REGULATION_OF_BIOMINERAL_TISSUE_DEVELOPMENT		102	0.08629211	1.020869	0.4117647	0.6441025	1.0	7436	tags=49%, list=40%, signal=82%	
GOBP_ERYTHROSE_4_PHOSPHATE_PHOSPHOENOLPYRUVATE_FAMILY_AMINO_ACID_CATABOLIC_PROCESS	GOBP_ERYTHROSE_4_PHOSPHATE_PHOSPHOENOLPYRUVATE_FAMILY_AMINO_ACID_CATABOLIC_PROCESS		16	0.21255101	1.0206776	0.42675158	0.6438823	1.0	2990	tags=38%, list=16%, signal=45%	
GOBP_REGULATION_OF_EXTENT_OF_CELL_GROWTH	GOBP_REGULATION_OF_EXTENT_OF_CELL_GROWTH		99	0.0873374	1.0204165	0.41291586	0.6438128	1.0	12334	tags=76%, list=67%, signal=229%	
GOBP_POSITIVE_REGULATION_OF_NEUROTRANSMITTER_SECRETION	GOBP_POSITIVE_REGULATION_OF_NEUROTRANSMITTER_SECRETION		19	0.19798148	1.0201672	0.41308793	0.64371204	1.0	8945	tags=68%, list=49%, signal=133%	
GOBP_POSITIVE_REGULATION_OF_RECEPTOR_INTERNALIZATION	GOBP_POSITIVE_REGULATION_OF_RECEPTOR_INTERNALIZATION		29	0.15863909	1.0189735	0.40784314	0.6453846	1.0	7867	tags=59%, list=43%, signal=102%	
GOBP_POSITIVE_REGULATION_OF_HEART_GROWTH	GOBP_POSITIVE_REGULATION_OF_HEART_GROWTH		33	0.15394494	1.0186131	0.41119692	0.6455335	1.0	1074	tags=21%, list=6%, signal=22%	
GOBP_NEGATIVE_REGULATION_OF_INTRACELLULAR_PROTEIN_TRANSPORT	GOBP_NEGATIVE_REGULATION_OF_INTRACELLULAR_PROTEIN_TRANSPORT		37	0.14115342	1.0181922	0.43574297	0.6457381	1.0	13314	tags=86%, list=72%, signal=313%	
GOBP_CORONARY_VASCULATURE_DEVELOPMENT	GOBP_CORONARY_VASCULATURE_DEVELOPMENT		47	0.12400482	1.0170028	0.4302554	0.64744705	1.0	7898	tags=55%, list=43%, signal=97%	
GOBP_POSITIVE_REGULATION_OF_NEUROBLAST_PROLIFERATION	GOBP_POSITIVE_REGULATION_OF_NEUROBLAST_PROLIFERATION		29	0.15680434	1.0165842	0.39961013	0.6476519	1.0	5364	tags=45%, list=29%, signal=63%	
GOBP_TUBE_CLOSURE	GOBP_TUBE_CLOSURE		91	0.09142858	1.0150667	0.43639922	0.64998376	1.0	8835	tags=57%, list=48%, signal=109%	
GOBP_OSTEOCLAST_DIFFERENTIATION	GOBP_OSTEOCLAST_DIFFERENTIATION		113	0.08162044	1.0142825	0.45224172	0.6509602	1.0	6482	tags=43%, list=35%, signal=67%	
GOBP_ESTABLISHMENT_OF_MITOCHONDRION_LOCALIZATION	GOBP_ESTABLISHMENT_OF_MITOCHONDRION_LOCALIZATION		35	0.14424556	1.0141013	0.4318182	0.6507441	1.0	6284	tags=49%, list=34%, signal=74%	
GOBP_AORTA_MORPHOGENESIS	GOBP_AORTA_MORPHOGENESIS		34	0.14856651	1.0139177	0.4257028	0.6505429	1.0	8090	tags=59%, list=44%, signal=105%	
GOBP_INTRACELLULAR_ZINC_ION_HOMEOSTASIS	GOBP_INTRACELLULAR_ZINC_ION_HOMEOSTASIS		33	0.14678434	1.013651	0.4502924	0.6504564	1.0	9565	tags=67%, list=52%, signal=139%	
GOBP_INTRINSIC_APOPTOTIC_SIGNALING_PATHWAY_BY_P53_CLASS_MEDIATOR	GOBP_INTRINSIC_APOPTOTIC_SIGNALING_PATHWAY_BY_P53_CLASS_MEDIATOR		85	0.09552192	1.013168	0.4147844	0.65083164	1.0	14045	tags=86%, list=76%, signal=362%	
GOBP_NUCLEOBASE_BIOSYNTHETIC_PROCESS	GOBP_NUCLEOBASE_BIOSYNTHETIC_PROCESS		18	0.200176	1.012819	0.44376278	0.6508717	1.0	11647	tags=83%, list=63%, signal=227%	
GOBP_REGULATION_OF_CALCIUM_ION_TRANSMEMBRANE_TRANSPORT	GOBP_REGULATION_OF_CALCIUM_ION_TRANSMEMBRANE_TRANSPORT		160	0.06852923	1.0123733	0.42553192	0.65118015	1.0	4152	tags=29%, list=23%, signal=38%	
GOBP_REGULATION_OF_EXCITATORY_SYNAPSE_ASSEMBLY	GOBP_REGULATION_OF_EXCITATORY_SYNAPSE_ASSEMBLY		21	0.18389195	1.0111792	0.4213592	0.6528635	1.0	3627	tags=38%, list=20%, signal=47%	
GOBP_GROWTH_PLATE_CARTILAGE_DEVELOPMENT	GOBP_GROWTH_PLATE_CARTILAGE_DEVELOPMENT		21	0.18107681	1.0105232	0.45610687	0.6535492	1.0	6306	tags=52%, list=34%, signal=80%	
GOBP_COLLAGEN_BIOSYNTHETIC_PROCESS	GOBP_COLLAGEN_BIOSYNTHETIC_PROCESS		48	0.120687515	1.010055	0.42178217	0.65387416	1.0	5065	tags=40%, list=28%, signal=54%	
GOBP_REGULATION_OF_NERVOUS_SYSTEM_PROCESS	GOBP_REGULATION_OF_NERVOUS_SYSTEM_PROCESS		121	0.0798907	1.0100162	0.42023346	0.6533789	1.0	5835	tags=40%, list=32%, signal=58%	
GOBP_BRANCH_ELONGATION_OF_AN_EPITHELIUM	GOBP_BRANCH_ELONGATION_OF_AN_EPITHELIUM		21	0.18736294	1.0098078	0.41603053	0.65318984	1.0	4439	tags=43%, list=24%, signal=56%	
GOBP_REGULATION_OF_LAMELLIPODIUM_ASSEMBLY	GOBP_REGULATION_OF_LAMELLIPODIUM_ASSEMBLY		38	0.13722265	1.0094273	0.43813387	0.6533367	1.0	7644	tags=55%, list=42%, signal=94%	
GOBP_LAMELLIPODIUM_ASSEMBLY	GOBP_LAMELLIPODIUM_ASSEMBLY		70	0.0999766	1.009042	0.39883268	0.6535146	1.0	5261	tags=39%, list=29%, signal=54%	
GOBP_ARTERY_DEVELOPMENT	GOBP_ARTERY_DEVELOPMENT		110	0.08006623	1.0080686	0.4260355	0.6547844	1.0	7898	tags=51%, list=43%, signal=89%	
GOBP_NEGATIVE_REGULATION_OF_DNA_DAMAGE_RESPONSE_SIGNAL_TRANSDUCTION_BY_P53_CLASS_MEDIATOR	GOBP_NEGATIVE_REGULATION_OF_DNA_DAMAGE_RESPONSE_SIGNAL_TRANSDUCTION_BY_P53_CLASS_MEDIATOR		15	0.2121064	1.0078875	0.4127907	0.6545805	1.0	8362	tags=67%, list=45%, signal=122%	
GOBP_ARP2_3_COMPLEX_MEDIATED_ACTIN_NUCLEATION	GOBP_ARP2_3_COMPLEX_MEDIATED_ACTIN_NUCLEATION		44	0.12771845	1.0072103	0.42944786	0.6552941	1.0	11449	tags=75%, list=62%, signal=198%	
GOBP_HIPPOCAMPUS_DEVELOPMENT	GOBP_HIPPOCAMPUS_DEVELOPMENT		92	0.08866846	1.0068923	0.42994243	0.6553239	1.0	11570	tags=72%, list=63%, signal=192%	
GOBP_PROTEOGLYCAN_BIOSYNTHETIC_PROCESS	GOBP_PROTEOGLYCAN_BIOSYNTHETIC_PROCESS		80	0.09591367	1.006874	0.4259635	0.6547994	1.0	7898	tags=52%, list=43%, signal=92%	
GOBP_CELL_AGGREGATION	GOBP_CELL_AGGREGATION		23	0.17798914	1.0062537	0.42405063	0.6554428	1.0	6325	tags=52%, list=34%, signal=79%	
GOBP_ORGANIC_HYDROXY_COMPOUND_TRANSPORT	GOBP_ORGANIC_HYDROXY_COMPOUND_TRANSPORT		271	0.051875778	1.004235	0.4385965	0.6586596	1.0	3538	tags=24%, list=19%, signal=30%	
GOBP_POSITIVE_REGULATION_OF_BLOOD_VESSEL_ENDOTHELIAL_CELL_MIGRATION	GOBP_POSITIVE_REGULATION_OF_BLOOD_VESSEL_ENDOTHELIAL_CELL_MIGRATION		57	0.11246195	1.0041198	0.44575936	0.6583115	1.0	6326	tags=46%, list=34%, signal=69%	
GOBP_MEMBRANE_DEPOLARIZATION_DURING_ACTION_POTENTIAL	GOBP_MEMBRANE_DEPOLARIZATION_DURING_ACTION_POTENTIAL		30	0.15229565	1.0038184	0.43958333	0.65833986	1.0	2720	tags=30%, list=15%, signal=35%	
GOBP_CANONICAL_WNT_SIGNALING_PATHWAY	GOBP_CANONICAL_WNT_SIGNALING_PATHWAY		309	0.04929274	1.003291	0.42561984	0.6588097	1.0	10178	tags=60%, list=55%, signal=133%	
GOBP_REGULATION_OF_KETONE_BIOSYNTHETIC_PROCESS	GOBP_REGULATION_OF_KETONE_BIOSYNTHETIC_PROCESS		22	0.17939317	1.0029771	0.4448743	0.6588123	1.0	10079	tags=73%, list=55%, signal=161%	
GOBP_DNA_DOUBLE_STRAND_BREAK_PROCESSING	GOBP_DNA_DOUBLE_STRAND_BREAK_PROCESSING		22	0.17356567	1.0023717	0.44649446	0.65938246	1.0	11022	tags=77%, list=60%, signal=193%	
GOBP_EMBRYONIC_AXIS_SPECIFICATION	GOBP_EMBRYONIC_AXIS_SPECIFICATION		39	0.13561298	1.0023111	0.43353784	0.6589312	1.0	3169	tags=31%, list=17%, signal=37%	
GOBP_REGULATION_OF_CLATHRIN_DEPENDENT_ENDOCYTOSIS	GOBP_REGULATION_OF_CLATHRIN_DEPENDENT_ENDOCYTOSIS		18	0.20088357	1.0017765	0.43460765	0.6593468	1.0	11634	tags=83%, list=63%, signal=227%	
GOBP_REGULATION_OF_BLOOD_CIRCULATION	GOBP_REGULATION_OF_BLOOD_CIRCULATION		266	0.05341395	1.0000751	0.43939394	0.66205484	1.0	4562	tags=30%, list=25%, signal=39%	
GOBP_ACTIN_POLYMERIZATION_OR_DEPOLYMERIZATION	GOBP_ACTIN_POLYMERIZATION_OR_DEPOLYMERIZATION		185	0.06401693	0.99974287	0.44210526	0.6621144	1.0	8874	tags=55%, list=48%, signal=104%	
GOBP_REGULATION_OF_CELL_FATE_COMMITMENT	GOBP_REGULATION_OF_CELL_FATE_COMMITMENT		45	0.12174864	0.99904984	0.4474708	0.66288483	1.0	8800	tags=60%, list=48%, signal=115%	
GOBP_REGULATION_OF_DENDRITE_MORPHOGENESIS	GOBP_REGULATION_OF_DENDRITE_MORPHOGENESIS		65	0.107493356	0.9987687	0.42914173	0.6628437	1.0	12176	tags=77%, list=66%, signal=227%	
GOBP_POSITIVE_REGULATION_OF_NEURAL_PRECURSOR_CELL_PROLIFERATION	GOBP_POSITIVE_REGULATION_OF_NEURAL_PRECURSOR_CELL_PROLIFERATION		54	0.11528302	0.99794525	0.43762377	0.66385597	1.0	9124	tags=61%, list=50%, signal=121%	
GOBP_RESPONSE_TO_HYDROPEROXIDE	GOBP_RESPONSE_TO_HYDROPEROXIDE		20	0.18378696	0.9977146	0.4156118	0.6636993	1.0	12255	tags=85%, list=67%, signal=254%	
GOBP_ENDOTHELIAL_CELL_CHEMOTAXIS	GOBP_ENDOTHELIAL_CELL_CHEMOTAXIS		29	0.15475363	0.9974837	0.44558522	0.66356176	1.0	6670	tags=52%, list=36%, signal=81%	
GOBP_RESPONSE_TO_ISOQUINOLINE_ALKALOID	GOBP_RESPONSE_TO_ISOQUINOLINE_ALKALOID		16	0.20603742	0.99617183	0.45490983	0.66548544	1.0	6558	tags=56%, list=36%, signal=87%	
GOBP_MORPHOGENESIS_OF_AN_EPITHELIAL_SHEET	GOBP_MORPHOGENESIS_OF_AN_EPITHELIAL_SHEET		65	0.10453244	0.99492514	0.47095436	0.66724074	1.0	8835	tags=58%, list=48%, signal=112%	
GOBP_REPRODUCTIVE_BEHAVIOR	GOBP_REPRODUCTIVE_BEHAVIOR		48	0.12098281	0.99486506	0.44827586	0.6667759	1.0	3527	tags=31%, list=19%, signal=39%	
GOBP_GLIAL_CELL_MIGRATION	GOBP_GLIAL_CELL_MIGRATION		61	0.10964465	0.99250054	0.44933078	0.6705781	1.0	5828	tags=43%, list=32%, signal=62%	
GOBP_FATTY_ACID_TRANSMEMBRANE_TRANSPORT	GOBP_FATTY_ACID_TRANSMEMBRANE_TRANSPORT		20	0.18204509	0.9895393	0.4526112	0.67569256	1.0	12287	tags=85%, list=67%, signal=256%	
GOBP_RETINAL_METABOLIC_PROCESS	GOBP_RETINAL_METABOLIC_PROCESS		18	0.19233538	0.9893522	0.43149284	0.6754794	1.0	4639	tags=44%, list=25%, signal=59%	
GOBP_NEGATIVE_REGULATION_OF_AXONOGENESIS	GOBP_NEGATIVE_REGULATION_OF_AXONOGENESIS		54	0.11299257	0.989103	0.44742268	0.67540026	1.0	9166	tags=61%, list=50%, signal=121%	
GOBP_POSITIVE_REGULATION_OF_LEUKOCYTE_PROLIFERATION	GOBP_POSITIVE_REGULATION_OF_LEUKOCYTE_PROLIFERATION		168	0.06629215	0.98845106	0.45149255	0.6761189	1.0	4155	tags=29%, list=23%, signal=37%	
GOBP_REGULATION_OF_ANTIGEN_PROCESSING_AND_PRESENTATION	GOBP_REGULATION_OF_ANTIGEN_PROCESSING_AND_PRESENTATION		23	0.17419946	0.9882471	0.45325205	0.675944	1.0	5595	tags=48%, list=30%, signal=69%	
GOBP_ATP_TRANSPORT	GOBP_ATP_TRANSPORT		23	0.16800249	0.9872753	0.45294118	0.6772436	1.0	3310	tags=35%, list=18%, signal=42%	
GOBP_POSITIVE_REGULATION_OF_ESTABLISHMENT_OF_PROTEIN_LOCALIZATION_TO_MITOCHONDRION	GOBP_POSITIVE_REGULATION_OF_ESTABLISHMENT_OF_PROTEIN_LOCALIZATION_TO_MITOCHONDRION		37	0.13798451	0.98547244	0.47082496	0.68012583	1.0	11881	tags=78%, list=65%, signal=221%	
GOBP_HEMATOPOIETIC_STEM_CELL_DIFFERENTIATION	GOBP_HEMATOPOIETIC_STEM_CELL_DIFFERENTIATION		37	0.13728505	0.98488945	0.47283703	0.68067324	1.0	13385	tags=86%, list=73%, signal=317%	
GOBP_PEPTIDE_BIOSYNTHETIC_PROCESS	GOBP_PEPTIDE_BIOSYNTHETIC_PROCESS		25	0.16555156	0.98469716	0.46458334	0.6804523	1.0	10200	tags=72%, list=55%, signal=161%	
GOBP_MALE_MEIOTIC_NUCLEAR_DIVISION	GOBP_MALE_MEIOTIC_NUCLEAR_DIVISION		55	0.11081923	0.98448545	0.4296875	0.6802632	1.0	9336	tags=62%, list=51%, signal=125%	
GOBP_CELL_FATE_DETERMINATION	GOBP_CELL_FATE_DETERMINATION		39	0.13261743	0.9843666	0.47276264	0.67991734	1.0	10769	tags=72%, list=59%, signal=173%	
GOBP_AMINO_ACID_TRANSMEMBRANE_TRANSPORT	GOBP_AMINO_ACID_TRANSMEMBRANE_TRANSPORT		109	0.08086407	0.9841161	0.44489795	0.67979735	1.0	11175	tags=69%, list=61%, signal=174%	
GOBP_MALE_MEIOSIS_I	GOBP_MALE_MEIOSIS_I		27	0.15920644	0.98291284	0.4764706	0.6814638	1.0	9336	tags=67%, list=51%, signal=135%	
GOBP_STEM_CELL_DIVISION	GOBP_STEM_CELL_DIVISION		35	0.13657816	0.98288924	0.42913386	0.68094057	1.0	3272	tags=31%, list=18%, signal=38%	
GOBP_GENOMIC_IMPRINTING	GOBP_GENOMIC_IMPRINTING		21	0.1763175	0.98173034	0.45656565	0.6825846	1.0	11648	tags=81%, list=63%, signal=221%	
GOBP_REGULATION_OF_ESTABLISHMENT_OR_MAINTENANCE_OF_CELL_POLARITY	GOBP_REGULATION_OF_ESTABLISHMENT_OR_MAINTENANCE_OF_CELL_POLARITY		28	0.15704718	0.98138845	0.4439834	0.6826466	1.0	4997	tags=43%, list=27%, signal=59%	
GOBP_RESPONSE_TO_DEXAMETHASONE	GOBP_RESPONSE_TO_DEXAMETHASONE		44	0.12589252	0.98073095	0.4642857	0.6833151	1.0	2287	tags=25%, list=12%, signal=28%	
GOBP_RESPONSE_TO_MANGANESE_ION	GOBP_RESPONSE_TO_MANGANESE_ION		15	0.21003123	0.98008275	0.45891783	0.68394077	1.0	5948	tags=53%, list=32%, signal=79%	
GOBP_NEGATIVE_REGULATION_OF_GLUCONEOGENESIS	GOBP_NEGATIVE_REGULATION_OF_GLUCONEOGENESIS		20	0.18061893	0.9800546	0.47435898	0.6834171	1.0	8635	tags=65%, list=47%, signal=122%	
GOBP_VITAMIN_TRANSPORT	GOBP_VITAMIN_TRANSPORT		57	0.10985726	0.9796954	0.4566929	0.68353474	1.0	7987	tags=54%, list=43%, signal=96%	
GOBP_EPHRIN_RECEPTOR_SIGNALING_PATHWAY	GOBP_EPHRIN_RECEPTOR_SIGNALING_PATHWAY		52	0.11675518	0.97952807	0.48162475	0.68325883	1.0	7407	tags=52%, list=40%, signal=87%	
GOBP_RESPONSE_TO_DIETARY_EXCESS	GOBP_RESPONSE_TO_DIETARY_EXCESS		36	0.13584854	0.97889006	0.46506986	0.6839242	1.0	6701	tags=50%, list=36%, signal=79%	
GOBP_ADRENERGIC_RECEPTOR_SIGNALING_PATHWAY	GOBP_ADRENERGIC_RECEPTOR_SIGNALING_PATHWAY		30	0.14899701	0.9788343	0.44585988	0.68344903	1.0	10750	tags=73%, list=58%, signal=176%	
GOBP_PEPTIDYL_CYSTEINE_MODIFICATION	GOBP_PEPTIDYL_CYSTEINE_MODIFICATION		22	0.17406057	0.9787635	0.4551148	0.6830232	1.0	9341	tags=68%, list=51%, signal=138%	
GOBP_POSITIVE_REGULATION_OF_OSSIFICATION	GOBP_POSITIVE_REGULATION_OF_OSSIFICATION		56	0.11125778	0.97686803	0.4428858	0.685976	1.0	7483	tags=52%, list=41%, signal=87%	
GOBP_N_TERMINAL_PROTEIN_AMINO_ACID_MODIFICATION	GOBP_N_TERMINAL_PROTEIN_AMINO_ACID_MODIFICATION		20	0.18395571	0.97655517	0.46153846	0.6860245	1.0	14091	tags=95%, list=77%, signal=406%	
GOBP_INDOLE_CONTAINING_COMPOUND_METABOLIC_PROCESS	GOBP_INDOLE_CONTAINING_COMPOUND_METABOLIC_PROCESS		25	0.161481	0.97514933	0.4877551	0.6881426	1.0	3654	tags=36%, list=20%, signal=45%	
GOBP_RAS_PROTEIN_SIGNAL_TRANSDUCTION	GOBP_RAS_PROTEIN_SIGNAL_TRANSDUCTION		114	0.07862868	0.974371	0.44320297	0.6890513	1.0	9048	tags=57%, list=49%, signal=112%	
GOBP_RESPONSE_TO_MONOAMINE	GOBP_RESPONSE_TO_MONOAMINE		60	0.106885456	0.97404367	0.45825243	0.6890983	1.0	13059	tags=82%, list=71%, signal=281%	
GOBP_REGULATION_OF_MACROPHAGE_DIFFERENTIATION	GOBP_REGULATION_OF_MACROPHAGE_DIFFERENTIATION		24	0.16522387	0.97396624	0.4695122	0.68866193	1.0	9225	tags=67%, list=50%, signal=134%	
GOBP_ACTIN_FILAMENT_POLYMERIZATION	GOBP_ACTIN_FILAMENT_POLYMERIZATION		155	0.0663735	0.9734906	0.45348838	0.68899727	1.0	8874	tags=55%, list=48%, signal=105%	
GOBP_REGULATION_OF_AXON_EXTENSION_INVOLVED_IN_AXON_GUIDANCE	GOBP_REGULATION_OF_AXON_EXTENSION_INVOLVED_IN_AXON_GUIDANCE		17	0.19267316	0.9732791	0.481409	0.68881255	1.0	13768	tags=94%, list=75%, signal=374%	
GOBP_POSITIVE_REGULATION_OF_LONG_TERM_SYNAPTIC_POTENTIATION	GOBP_POSITIVE_REGULATION_OF_LONG_TERM_SYNAPTIC_POTENTIATION		23	0.16913868	0.9726284	0.4642127	0.68946004	1.0	9686	tags=70%, list=53%, signal=147%	
GOBP_CELL_JUNCTION_MAINTENANCE	GOBP_CELL_JUNCTION_MAINTENANCE		53	0.11124442	0.97258157	0.47600767	0.68896824	1.0	5940	tags=43%, list=32%, signal=64%	
GOBP_PROTEIN_TRIMERIZATION	GOBP_PROTEIN_TRIMERIZATION		18	0.19016735	0.9716652	0.45596868	0.6901668	1.0	7744	tags=61%, list=42%, signal=105%	
GOBP_REGULATION_OF_NUCLEOTIDE_BIOSYNTHETIC_PROCESS	GOBP_REGULATION_OF_NUCLEOTIDE_BIOSYNTHETIC_PROCESS		24	0.17104046	0.97136223	0.48347107	0.69013005	1.0	6053	tags=50%, list=33%, signal=74%	
GOBP_RESPONSE_TO_AXON_INJURY	GOBP_RESPONSE_TO_AXON_INJURY		79	0.09138851	0.9710527	0.4668008	0.6901211	1.0	6939	tags=47%, list=38%, signal=75%	
GOBP_POSITIVE_REGULATION_OF_TELOMERE_MAINTENANCE_VIA_TELOMERE_LENGTHENING	GOBP_POSITIVE_REGULATION_OF_TELOMERE_MAINTENANCE_VIA_TELOMERE_LENGTHENING		26	0.1568138	0.9700757	0.47357723	0.6914076	1.0	9144	tags=65%, list=50%, signal=130%	
GOBP_CELL_MIGRATION_IN_HINDBRAIN	GOBP_CELL_MIGRATION_IN_HINDBRAIN		16	0.20187074	0.9696276	0.51340204	0.6917042	1.0	7784	tags=63%, list=42%, signal=108%	
GOBP_PRIMARY_AMINO_COMPOUND_METABOLIC_PROCESS	GOBP_PRIMARY_AMINO_COMPOUND_METABOLIC_PROCESS		15	0.20546004	0.9683434	0.48249027	0.6935491	1.0	6032	tags=53%, list=33%, signal=79%	
GOBP_PROTEIN_LOCALIZATION_TO_NUCLEUS	GOBP_PROTEIN_LOCALIZATION_TO_NUCLEUS		327	0.04662327	0.9675797	0.47890297	0.69439393	1.0	16198	tags=93%, list=88%, signal=763%	
GOBP_NEGATIVE_REGULATION_OF_ORGAN_GROWTH	GOBP_NEGATIVE_REGULATION_OF_ORGAN_GROWTH		30	0.14376853	0.9669994	0.4802495	0.6948973	1.0	10846	tags=73%, list=59%, signal=178%	
GOBP_POTASSIUM_ION_IMPORT_ACROSS_PLASMA_MEMBRANE	GOBP_POTASSIUM_ION_IMPORT_ACROSS_PLASMA_MEMBRANE		49	0.11532136	0.9662837	0.4886598	0.6956925	1.0	3889	tags=33%, list=21%, signal=41%	
GOBP_OPTIC_NERVE_DEVELOPMENT	GOBP_OPTIC_NERVE_DEVELOPMENT		18	0.18300405	0.9660255	0.45294118	0.69557726	1.0	2767	tags=33%, list=15%, signal=39%	
GOBP_POSITIVE_REGULATION_OF_MESENCHYMAL_CELL_PROLIFERATION	GOBP_POSITIVE_REGULATION_OF_MESENCHYMAL_CELL_PROLIFERATION		27	0.15703431	0.9653539	0.49616858	0.69629735	1.0	5289	tags=44%, list=29%, signal=62%	
GOBP_NEGATIVE_REGULATION_OF_GLIAL_CELL_PROLIFERATION	GOBP_NEGATIVE_REGULATION_OF_GLIAL_CELL_PROLIFERATION		16	0.20024489	0.96443397	0.47033897	0.69743955	1.0	5515	tags=50%, list=30%, signal=71%	
GOBP_MYELOID_CELL_DEVELOPMENT	GOBP_MYELOID_CELL_DEVELOPMENT		90	0.08612584	0.9617995	0.48991936	0.7018996	1.0	8027	tags=52%, list=44%, signal=92%	
GOBP_NITRIC_OXIDE_MEDIATED_SIGNAL_TRANSDUCTION	GOBP_NITRIC_OXIDE_MEDIATED_SIGNAL_TRANSDUCTION		25	0.1638789	0.96147466	0.48638132	0.7019368	1.0	11702	tags=80%, list=64%, signal=220%	
GOBP_NEGATIVE_REGULATION_OF_STEROID_METABOLIC_PROCESS	GOBP_NEGATIVE_REGULATION_OF_STEROID_METABOLIC_PROCESS		27	0.15583834	0.9610087	0.4681275	0.7022356	1.0	10079	tags=70%, list=55%, signal=155%	
GOBP_REGULATION_OF_EXTRINSIC_APOPTOTIC_SIGNALING_PATHWAY_IN_ABSENCE_OF_LIGAND	GOBP_REGULATION_OF_EXTRINSIC_APOPTOTIC_SIGNALING_PATHWAY_IN_ABSENCE_OF_LIGAND		48	0.11622623	0.960587	0.47969052	0.7024824	1.0	8212	tags=56%, list=45%, signal=101%	
GOBP_MAINTENANCE_OF_BLOOD_BRAIN_BARRIER	GOBP_MAINTENANCE_OF_BLOOD_BRAIN_BARRIER		39	0.12988873	0.9601098	0.50403225	0.7027995	1.0	6575	tags=49%, list=36%, signal=76%	
GOBP_REGULATION_OF_ACTIN_FILAMENT_POLYMERIZATION	GOBP_REGULATION_OF_ACTIN_FILAMENT_POLYMERIZATION		128	0.07261992	0.9601077	0.4779874	0.70223343	1.0	8874	tags=55%, list=48%, signal=106%	
GOBP_P38MAPK_CASCADE	GOBP_P38MAPK_CASCADE		56	0.10912777	0.95993304	0.47035572	0.7020173	1.0	5880	tags=43%, list=32%, signal=63%	
GOBP_REGULATION_OF_HEMATOPOIETIC_STEM_CELL_PROLIFERATION	GOBP_REGULATION_OF_HEMATOPOIETIC_STEM_CELL_PROLIFERATION		15	0.20313093	0.95980304	0.49068323	0.7016995	1.0	9753	tags=73%, list=53%, signal=156%	
GOBP_HEAD_MORPHOGENESIS	GOBP_HEAD_MORPHOGENESIS		40	0.127177	0.95884764	0.4940476	0.7029287	1.0	8240	tags=58%, list=45%, signal=104%	
GOBP_EMBRYONIC_CAMERA_TYPE_EYE_MORPHOGENESIS	GOBP_EMBRYONIC_CAMERA_TYPE_EYE_MORPHOGENESIS		26	0.15790282	0.95881313	0.490458	0.70242006	1.0	9124	tags=65%, list=50%, signal=130%	
GOBP_AUTOPHAGY_OF_PEROXISOME	GOBP_AUTOPHAGY_OF_PEROXISOME		16	0.19772108	0.958716	0.50396824	0.7020104	1.0	12458	tags=88%, list=68%, signal=271%	
GOBP_TELENCEPHALON_GLIAL_CELL_MIGRATION	GOBP_TELENCEPHALON_GLIAL_CELL_MIGRATION		28	0.15135056	0.95860386	0.49704143	0.7016262	1.0	11013	tags=75%, list=60%, signal=187%	
GOBP_SOMITE_DEVELOPMENT	GOBP_SOMITE_DEVELOPMENT		83	0.08825161	0.9585698	0.4722222	0.7011242	1.0	7468	tags=49%, list=41%, signal=83%	
GOBP_REGULATION_OF_PIGMENTATION	GOBP_REGULATION_OF_PIGMENTATION		17	0.19086432	0.9585315	0.4950495	0.7006277	1.0	2983	tags=35%, list=16%, signal=42%	
GOBP_ARF_PROTEIN_SIGNAL_TRANSDUCTION	GOBP_ARF_PROTEIN_SIGNAL_TRANSDUCTION		22	0.17361516	0.95845073	0.48349515	0.70021003	1.0	12693	tags=86%, list=69%, signal=278%	
GOBP_NEGATIVE_REGULATION_OF_SIGNAL_TRANSDUCTION_BY_P53_CLASS_MEDIATOR	GOBP_NEGATIVE_REGULATION_OF_SIGNAL_TRANSDUCTION_BY_P53_CLASS_MEDIATOR		40	0.12943983	0.9576967	0.4990619	0.70107794	1.0	13256	tags=85%, list=72%, signal=304%	
GOBP_HYPERSENSITIVITY	GOBP_HYPERSENSITIVITY		18	0.18276519	0.9566404	0.48080808	0.7024679	1.0	7880	tags=61%, list=43%, signal=107%	
GOBP_REGULATION_OF_CELL_SHAPE	GOBP_REGULATION_OF_CELL_SHAPE		138	0.06960102	0.9566216	0.5	0.7019359	1.0	7391	tags=47%, list=40%, signal=78%	
GOBP_METENCEPHALON_DEVELOPMENT	GOBP_METENCEPHALON_DEVELOPMENT		117	0.07620234	0.9565658	0.4748954	0.70148253	1.0	4894	tags=34%, list=27%, signal=46%	
GOBP_NEURONAL_STEM_CELL_POPULATION_MAINTENANCE	GOBP_NEURONAL_STEM_CELL_POPULATION_MAINTENANCE		23	0.16650413	0.95607394	0.5	0.70185626	1.0	10534	tags=74%, list=57%, signal=173%	
GOBP_REGULATION_OF_CARDIAC_MUSCLE_CONTRACTION_BY_REGULATION_OF_THE_RELEASE_OF_SEQUESTERED_CALCIUM_ION	GOBP_REGULATION_OF_CARDIAC_MUSCLE_CONTRACTION_BY_REGULATION_OF_THE_RELEASE_OF_SEQUESTERED_CALCIUM_ION		23	0.17187974	0.95587075	0.4883721	0.70169103	1.0	4838	tags=43%, list=26%, signal=59%	
GOBP_REGULATION_OF_SPINDLE_ASSEMBLY	GOBP_REGULATION_OF_SPINDLE_ASSEMBLY		33	0.14331627	0.95573133	0.49407116	0.70138836	1.0	15759	tags=100%, list=86%, signal=697%	
GOBP_REGULATION_OF_EXOCYTOSIS	GOBP_REGULATION_OF_EXOCYTOSIS		189	0.059835844	0.9548889	0.4989858	0.7023846	1.0	10684	tags=64%, list=58%, signal=151%	
GOBP_REGULATION_OF_ACTIN_FILAMENT_LENGTH	GOBP_REGULATION_OF_ACTIN_FILAMENT_LENGTH		151	0.06765132	0.9542161	0.51689863	0.7030671	1.0	8874	tags=55%, list=48%, signal=105%	
GOBP_PINOCYTOSIS	GOBP_PINOCYTOSIS		23	0.16217004	0.9519529	0.49011856	0.7067119	1.0	9814	tags=70%, list=53%, signal=149%	
GOBP_PROTEIN_LOCALIZATION_TO_CHROMATIN	GOBP_PROTEIN_LOCALIZATION_TO_CHROMATIN		62	0.10419235	0.9508949	0.50318474	0.7081018	1.0	15887	tags=97%, list=86%, signal=708%	
GOBP_MISMATCH_REPAIR	GOBP_MISMATCH_REPAIR		32	0.14075522	0.95020336	0.5247934	0.70882404	1.0	13507	tags=88%, list=73%, signal=329%	
GOBP_POSITIVE_REGULATION_OF_AXON_EXTENSION	GOBP_POSITIVE_REGULATION_OF_AXON_EXTENSION		38	0.12837712	0.9501543	0.49402392	0.7083531	1.0	14098	tags=89%, list=77%, signal=383%	
GOBP_RRNA_METHYLATION	GOBP_RRNA_METHYLATION		25	0.16418165	0.9496838	0.52030945	0.7086448	1.0	14639	tags=96%, list=80%, signal=470%	
GOBP_REGULATION_OF_FIBROBLAST_GROWTH_FACTOR_RECEPTOR_SIGNALING_PATHWAY	GOBP_REGULATION_OF_FIBROBLAST_GROWTH_FACTOR_RECEPTOR_SIGNALING_PATHWAY		34	0.14196861	0.9495407	0.5107296	0.70834184	1.0	2802	tags=29%, list=15%, signal=35%	
GOBP_ENDOCRINE_PANCREAS_DEVELOPMENT	GOBP_ENDOCRINE_PANCREAS_DEVELOPMENT		45	0.12195335	0.94903034	0.51866406	0.7087489	1.0	10431	tags=69%, list=57%, signal=159%	
GOBP_REGULATION_OF_OSSIFICATION	GOBP_REGULATION_OF_OSSIFICATION		125	0.073561825	0.94819516	0.50530785	0.7097925	1.0	7483	tags=48%, list=41%, signal=80%	
GOBP_REGULATION_OF_POSTSYNAPTIC_MEMBRANE_NEUROTRANSMITTER_RECEPTOR_LEVELS	GOBP_REGULATION_OF_POSTSYNAPTIC_MEMBRANE_NEUROTRANSMITTER_RECEPTOR_LEVELS		121	0.07417024	0.9476799	0.49808428	0.71019214	1.0	15363	tags=91%, list=84%, signal=549%	
GOBP_RESPONSE_TO_MAGNESIUM_ION	GOBP_RESPONSE_TO_MAGNESIUM_ION		19	0.18401286	0.94591796	0.5132383	0.7129985	1.0	2426	tags=32%, list=13%, signal=36%	
GOBP_REGULATION_OF_CD8_POSITIVE_ALPHA_BETA_T_CELL_ACTIVATION	GOBP_REGULATION_OF_CD8_POSITIVE_ALPHA_BETA_T_CELL_ACTIVATION		20	0.1747047	0.94557416	0.49418604	0.7130484	1.0	5985	tags=50%, list=33%, signal=74%	
GOBP_C21_STEROID_HORMONE_BIOSYNTHETIC_PROCESS	GOBP_C21_STEROID_HORMONE_BIOSYNTHETIC_PROCESS		19	0.1798131	0.944766	0.5020325	0.71400464	1.0	5407	tags=47%, list=29%, signal=67%	
GOBP_SYNAPSE_MATURATION	GOBP_SYNAPSE_MATURATION		43	0.12492586	0.94345486	0.50206614	0.71594846	1.0	8827	tags=60%, list=48%, signal=116%	
GOBP_RESPONSE_TO_IRON_ION	GOBP_RESPONSE_TO_IRON_ION		32	0.13951434	0.9430716	0.5	0.71612537	1.0	4909	tags=41%, list=27%, signal=55%	
GOBP_REGULATION_OF_T_HELPER_17_CELL_LINEAGE_COMMITMENT	GOBP_REGULATION_OF_T_HELPER_17_CELL_LINEAGE_COMMITMENT		15	0.19931798	0.9416499	0.5149105	0.7182812	1.0	8597	tags=67%, list=47%, signal=125%	
GOBP_NEGATIVE_REGULATION_OF_CYTOSOLIC_CALCIUM_ION_CONCENTRATION	GOBP_NEGATIVE_REGULATION_OF_CYTOSOLIC_CALCIUM_ION_CONCENTRATION		16	0.19471769	0.93997467	0.5094737	0.72083753	1.0	6766	tags=56%, list=37%, signal=89%	
GOBP_RESPONSE_TO_FOLLICLE_STIMULATING_HORMONE	GOBP_RESPONSE_TO_FOLLICLE_STIMULATING_HORMONE		16	0.19489455	0.93962395	0.5090543	0.7209183	1.0	2165	tags=31%, list=12%, signal=35%	
GOBP_NEURON_INTRINSIC_APOPTOTIC_SIGNALING_PATHWAY_IN_RESPONSE_TO_OXIDATIVE_STRESS	GOBP_NEURON_INTRINSIC_APOPTOTIC_SIGNALING_PATHWAY_IN_RESPONSE_TO_OXIDATIVE_STRESS		23	0.16132025	0.9388078	0.52040815	0.72190464	1.0	9030	tags=65%, list=49%, signal=128%	
GOBP_REGULATION_OF_CARDIAC_MUSCLE_CELL_ACTION_POTENTIAL	GOBP_REGULATION_OF_CARDIAC_MUSCLE_CELL_ACTION_POTENTIAL		30	0.14418061	0.9387964	0.5111562	0.7213533	1.0	2869	tags=30%, list=16%, signal=35%	
GOBP_COCHLEA_DEVELOPMENT	GOBP_COCHLEA_DEVELOPMENT		55	0.110611	0.9385365	0.51214576	0.72125804	1.0	5996	tags=44%, list=33%, signal=65%	
GOBP_POSITIVE_REGULATION_OF_T_CELL_MEDIATED_CYTOTOXICITY	GOBP_POSITIVE_REGULATION_OF_T_CELL_MEDIATED_CYTOTOXICITY		37	0.12835704	0.93808293	0.525	0.72152334	1.0	5596	tags=43%, list=30%, signal=62%	
GOBP_PEPTIDE_METABOLIC_PROCESS	GOBP_PEPTIDE_METABOLIC_PROCESS		62	0.09910083	0.93775034	0.5320911	0.7215896	1.0	10641	tags=68%, list=58%, signal=160%	
GOBP_REGULATION_OF_SYNCYTIUM_FORMATION_BY_PLASMA_MEMBRANE_FUSION	GOBP_REGULATION_OF_SYNCYTIUM_FORMATION_BY_PLASMA_MEMBRANE_FUSION		29	0.14882497	0.9372023	0.48249027	0.7220664	1.0	3608	tags=34%, list=20%, signal=43%	
GOBP_POSITIVE_REGULATION_OF_INTERFERON_ALPHA_PRODUCTION	GOBP_POSITIVE_REGULATION_OF_INTERFERON_ALPHA_PRODUCTION		26	0.15614152	0.9369339	0.5387674	0.7219993	1.0	8449	tags=62%, list=46%, signal=114%	
GOBP_IMPORT_INTO_NUCLEUS	GOBP_IMPORT_INTO_NUCLEUS		177	0.059810255	0.9359557	0.5179283	0.72328675	1.0	16885	tags=98%, list=92%, signal=1182%	
GOBP_LIPID_DROPLET_FORMATION	GOBP_LIPID_DROPLET_FORMATION		15	0.20264116	0.9347224	0.4989339	0.72512215	1.0	9762	tags=73%, list=53%, signal=156%	
GOBP_NEGATIVE_REGULATION_OF_GROWTH	GOBP_NEGATIVE_REGULATION_OF_GROWTH		221	0.053632997	0.9340775	0.5188119	0.72575235	1.0	3435	tags=24%, list=19%, signal=29%	
GOBP_NEUROMUSCULAR_PROCESS_CONTROLLING_POSTURE	GOBP_NEUROMUSCULAR_PROCESS_CONTROLLING_POSTURE		19	0.17731789	0.9337797	0.52007645	0.72575426	1.0	2549	tags=32%, list=14%, signal=37%	
GOBP_NEGATIVE_REGULATION_OF_CARDIAC_MUSCLE_TISSUE_GROWTH	GOBP_NEGATIVE_REGULATION_OF_CARDIAC_MUSCLE_TISSUE_GROWTH		21	0.17230214	0.9334242	0.5302144	0.7259138	1.0	10846	tags=76%, list=59%, signal=186%	
GOBP_REGULATION_OF_CHOLESTEROL_BIOSYNTHETIC_PROCESS	GOBP_REGULATION_OF_CHOLESTEROL_BIOSYNTHETIC_PROCESS		26	0.1531886	0.93330395	0.5574713	0.72558284	1.0	14162	tags=92%, list=77%, signal=401%	
GOBP_NEGATIVE_REGULATION_OF_CYTOSKELETON_ORGANIZATION	GOBP_NEGATIVE_REGULATION_OF_CYTOSKELETON_ORGANIZATION		160	0.06252608	0.93326753	0.52929294	0.7250971	1.0	13342	tags=79%, list=73%, signal=284%	
GOBP_REGULATION_OF_LONG_TERM_SYNAPTIC_POTENTIATION	GOBP_REGULATION_OF_LONG_TERM_SYNAPTIC_POTENTIATION		43	0.12072288	0.9332334	0.5084746	0.7246033	1.0	11898	tags=77%, list=65%, signal=217%	
GOBP_PURINE_RIBONUCLEOSIDE_METABOLIC_PROCESS	GOBP_PURINE_RIBONUCLEOSIDE_METABOLIC_PROCESS		22	0.16382842	0.9320696	0.5297741	0.72623956	1.0	8693	tags=64%, list=47%, signal=121%	
GOBP_OOCYTE_DIFFERENTIATION	GOBP_OOCYTE_DIFFERENTIATION		67	0.0968341	0.93025297	0.5058594	0.72906107	1.0	2342	tags=22%, list=13%, signal=26%	
GOBP_PROTEIN_LOCALIZATION_TO_NON_MOTILE_CILIUM	GOBP_PROTEIN_LOCALIZATION_TO_NON_MOTILE_CILIUM		15	0.19506969	0.92970985	0.5308642	0.72949797	1.0	7449	tags=60%, list=41%, signal=101%	
GOBP_NEGATIVE_REGULATION_OF_SYNAPTIC_TRANSMISSION	GOBP_NEGATIVE_REGULATION_OF_SYNAPTIC_TRANSMISSION		56	0.10573557	0.9290987	0.51158303	0.7300693	1.0	12182	tags=77%, list=66%, signal=227%	
GOBP_POSITIVE_REGULATION_OF_FAT_CELL_DIFFERENTIATION	GOBP_POSITIVE_REGULATION_OF_FAT_CELL_DIFFERENTIATION		68	0.09921635	0.9290404	0.53814435	0.729603	1.0	4672	tags=35%, list=25%, signal=47%	
GOBP_REGULATION_OF_PROTEIN_LOCALIZATION_TO_SYNAPSE	GOBP_REGULATION_OF_PROTEIN_LOCALIZATION_TO_SYNAPSE		29	0.14623153	0.9280744	0.555773	0.73079884	1.0	8729	tags=62%, list=47%, signal=118%	
GOBP_CALCIUM_ION_IMPORT	GOBP_CALCIUM_ION_IMPORT		84	0.08673563	0.9272919	0.5263158	0.7316567	1.0	2571	tags=23%, list=14%, signal=26%	
GOBP_EMBRYONIC_EPITHELIAL_TUBE_FORMATION	GOBP_EMBRYONIC_EPITHELIAL_TUBE_FORMATION		126	0.07265004	0.9264984	0.5274949	0.73258835	1.0	13560	tags=81%, list=74%, signal=306%	
GOBP_NEGATIVE_REGULATION_OF_AMINE_TRANSPORT	GOBP_NEGATIVE_REGULATION_OF_AMINE_TRANSPORT		25	0.15514538	0.9258189	0.5263158	0.7333145	1.0	4506	tags=40%, list=25%, signal=53%	
GOBP_POSITIVE_REGULATION_OF_LEUKOCYTE_ADHESION_TO_VASCULAR_ENDOTHELIAL_CELL	GOBP_POSITIVE_REGULATION_OF_LEUKOCYTE_ADHESION_TO_VASCULAR_ENDOTHELIAL_CELL		22	0.16678545	0.92574155	0.5308151	0.7328822	1.0	2787	tags=32%, list=15%, signal=37%	
GOBP_SUBPALLIUM_DEVELOPMENT	GOBP_SUBPALLIUM_DEVELOPMENT		26	0.14953826	0.9237617	0.5259117	0.736082	1.0	12107	tags=81%, list=66%, signal=236%	
GOBP_POSITIVE_REGULATION_OF_SMOOTH_MUSCLE_CONTRACTION	GOBP_POSITIVE_REGULATION_OF_SMOOTH_MUSCLE_CONTRACTION		29	0.14370757	0.92363566	0.54435486	0.7357338	1.0	7507	tags=55%, list=41%, signal=93%	
GOBP_CONSTITUTIVE_HETEROCHROMATIN_FORMATION	GOBP_CONSTITUTIVE_HETEROCHROMATIN_FORMATION		58	0.100232854	0.9235366	0.56133056	0.7353473	1.0	14967	tags=91%, list=81%, signal=489%	
GOBP_PRESYNAPTIC_MODULATION_OF_CHEMICAL_SYNAPTIC_TRANSMISSION	GOBP_PRESYNAPTIC_MODULATION_OF_CHEMICAL_SYNAPTIC_TRANSMISSION		38	0.12631378	0.92286867	0.55226827	0.7360282	1.0	11716	tags=76%, list=64%, signal=210%	
GOBP_POSITIVE_REGULATION_OF_NEURON_MIGRATION	GOBP_POSITIVE_REGULATION_OF_NEURON_MIGRATION		17	0.18646874	0.9227515	0.528	0.73568195	1.0	13882	tags=94%, list=75%, signal=384%	
GOBP_NEURON_PROJECTION_MAINTENANCE	GOBP_NEURON_PROJECTION_MAINTENANCE		16	0.19231632	0.9218881	0.53757226	0.73669016	1.0	9109	tags=69%, list=50%, signal=136%	
GOBP_CEREBRAL_CORTEX_NEURON_DIFFERENTIATION	GOBP_CEREBRAL_CORTEX_NEURON_DIFFERENTIATION		27	0.14660932	0.92092407	0.5497925	0.7379601	1.0	3437	tags=33%, list=19%, signal=41%	
GOBP_REGULATION_OF_POSTSYNAPSE_ASSEMBLY	GOBP_REGULATION_OF_POSTSYNAPSE_ASSEMBLY		45	0.11731778	0.92088985	0.5497076	0.7374506	1.0	15829	tags=98%, list=86%, signal=700%	
GOBP_DENDRITIC_CELL_DIFFERENTIATION	GOBP_DENDRITIC_CELL_DIFFERENTIATION		51	0.11109651	0.92066914	0.527027	0.73728955	1.0	3010	tags=27%, list=16%, signal=33%	
GOBP_REGULATION_OF_SIGNALING_RECEPTOR_ACTIVITY	GOBP_REGULATION_OF_SIGNALING_RECEPTOR_ACTIVITY		44	0.11661679	0.9205153	0.5378323	0.7370163	1.0	5801	tags=43%, list=32%, signal=63%	
GOBP_INORGANIC_ION_IMPORT_ACROSS_PLASMA_MEMBRANE	GOBP_INORGANIC_ION_IMPORT_ACROSS_PLASMA_MEMBRANE		130	0.06841441	0.92036605	0.55130786	0.7367273	1.0	8794	tags=55%, list=48%, signal=104%	
GOBP_RESPONSE_TO_LITHIUM_ION	GOBP_RESPONSE_TO_LITHIUM_ION		17	0.1905986	0.91998976	0.5387674	0.7368518	1.0	8397	tags=65%, list=46%, signal=119%	
GOBP_LYMPH_VESSEL_MORPHOGENESIS	GOBP_LYMPH_VESSEL_MORPHOGENESIS		23	0.16096993	0.9198681	0.5686275	0.7365084	1.0	5838	tags=48%, list=32%, signal=70%	
GOBP_DENDRITIC_SPINE_DEVELOPMENT	GOBP_DENDRITIC_SPINE_DEVELOPMENT		95	0.08080571	0.91939956	0.5418327	0.73682016	1.0	9168	tags=58%, list=50%, signal=115%	
GOBP_RESPONSE_TO_GLUCAGON	GOBP_RESPONSE_TO_GLUCAGON		20	0.17267162	0.9186822	0.5598377	0.7375602	1.0	8781	tags=65%, list=48%, signal=124%	
GOBP_GAP_JUNCTION_ASSEMBLY	GOBP_GAP_JUNCTION_ASSEMBLY		18	0.18193364	0.9181752	0.5173745	0.73791283	1.0	8917	tags=67%, list=48%, signal=129%	
GOBP_ESTABLISHMENT_OF_PIGMENT_GRANULE_LOCALIZATION	GOBP_ESTABLISHMENT_OF_PIGMENT_GRANULE_LOCALIZATION		24	0.15553257	0.9165367	0.5490605	0.7403912	1.0	9403	tags=67%, list=51%, signal=136%	
GOBP_SKELETAL_MUSCLE_CELL_DIFFERENTIATION	GOBP_SKELETAL_MUSCLE_CELL_DIFFERENTIATION		81	0.08494448	0.91558367	0.55859375	0.7416079	1.0	4574	tags=33%, list=25%, signal=44%	
GOBP_DEOXYRIBONUCLEOSIDE_MONOPHOSPHATE_CATABOLIC_PROCESS	GOBP_DEOXYRIBONUCLEOSIDE_MONOPHOSPHATE_CATABOLIC_PROCESS		15	0.19409378	0.9149515	0.5502092	0.7422555	1.0	8693	tags=67%, list=47%, signal=126%	
GOBP_BRAIN_MORPHOGENESIS	GOBP_BRAIN_MORPHOGENESIS		36	0.12983292	0.914817	0.5383104	0.7419447	1.0	8344	tags=58%, list=45%, signal=107%	
GOBP_CARDIAC_RIGHT_VENTRICLE_MORPHOGENESIS	GOBP_CARDIAC_RIGHT_VENTRICLE_MORPHOGENESIS		20	0.17259812	0.9145566	0.546	0.74187684	1.0	11541	tags=80%, list=63%, signal=215%	
GOBP_POSITIVE_REGULATION_OF_TRANSCRIPTION_BY_RNA_POLYMERASE_I	GOBP_POSITIVE_REGULATION_OF_TRANSCRIPTION_BY_RNA_POLYMERASE_I		34	0.1317257	0.91453224	0.5557895	0.7413522	1.0	15431	tags=97%, list=84%, signal=602%	
GOBP_RESPONSE_TO_LEAD_ION	GOBP_RESPONSE_TO_LEAD_ION		19	0.17337309	0.91321003	0.5263158	0.74325204	1.0	11333	tags=79%, list=62%, signal=206%	
GOBP_HOST_MEDIATED_SUPPRESSION_OF_SYMBIONT_INVASION	GOBP_HOST_MEDIATED_SUPPRESSION_OF_SYMBIONT_INVASION		22	0.16419959	0.912684	0.5553279	0.74374604	1.0	12030	tags=82%, list=65%, signal=236%	
GOBP_THYROID_HORMONE_METABOLIC_PROCESS	GOBP_THYROID_HORMONE_METABOLIC_PROCESS		30	0.13889587	0.91191804	0.5532787	0.7446406	1.0	2353	tags=27%, list=13%, signal=31%	
GOBP_PYRIMIDINE_NUCLEOBASE_METABOLIC_PROCESS	GOBP_PYRIMIDINE_NUCLEOBASE_METABOLIC_PROCESS		20	0.16682817	0.9116211	0.5752577	0.7446199	1.0	11647	tags=80%, list=63%, signal=218%	
GOBP_REGULATION_OF_SUPEROXIDE_METABOLIC_PROCESS	GOBP_REGULATION_OF_SUPEROXIDE_METABOLIC_PROCESS		30	0.13940057	0.9113123	0.550813	0.7446052	1.0	7248	tags=53%, list=39%, signal=88%	
GOBP_REGULATION_OF_LEUKOCYTE_PROLIFERATION	GOBP_REGULATION_OF_LEUKOCYTE_PROLIFERATION		277	0.047637727	0.9107024	0.5395257	0.7451622	1.0	8232	tags=49%, list=45%, signal=88%	
GOBP_REGULATION_OF_STEROID_HORMONE_SECRETION	GOBP_REGULATION_OF_STEROID_HORMONE_SECRETION		24	0.15533748	0.9102517	0.5462366	0.74542713	1.0	7874	tags=58%, list=43%, signal=102%	
GOBP_REGULATION_OF_RECEPTOR_CLUSTERING	GOBP_REGULATION_OF_RECEPTOR_CLUSTERING		19	0.17320406	0.90820646	0.56842107	0.7486405	1.0	13272	tags=89%, list=72%, signal=321%	
GOBP_REGULATION_OF_DNA_BIOSYNTHETIC_PROCESS	GOBP_REGULATION_OF_DNA_BIOSYNTHETIC_PROCESS		88	0.08337805	0.9075521	0.5575049	0.74926335	1.0	15610	tags=93%, list=85%, signal=613%	
GOBP_GLAND_MORPHOGENESIS	GOBP_GLAND_MORPHOGENESIS		130	0.0679026	0.9073473	0.55145633	0.74908507	1.0	8096	tags=51%, list=44%, signal=90%	
GOBP_REGULATION_OF_SPINDLE_ORGANIZATION	GOBP_REGULATION_OF_SPINDLE_ORGANIZATION		47	0.11091919	0.90589124	0.5587121	0.7511049	1.0	15964	tags=98%, list=87%, signal=740%	
GOBP_CARDIAC_CONDUCTION_SYSTEM_DEVELOPMENT	GOBP_CARDIAC_CONDUCTION_SYSTEM_DEVELOPMENT		35	0.13113657	0.90484315	0.5574074	0.75242794	1.0	8101	tags=57%, list=44%, signal=102%	
GOBP_POSTSYNAPSE_ASSEMBLY	GOBP_POSTSYNAPSE_ASSEMBLY		86	0.08540873	0.90479404	0.57026476	0.7519555	1.0	6348	tags=43%, list=35%, signal=65%	
GOBP_PROTEIN_TETRAMERIZATION	GOBP_PROTEIN_TETRAMERIZATION		100	0.07622492	0.9045565	0.56584364	0.7517998	1.0	8352	tags=53%, list=45%, signal=97%	
GOBP_NEGATIVE_REGULATION_OF_ALPHA_BETA_T_CELL_PROLIFERATION	GOBP_NEGATIVE_REGULATION_OF_ALPHA_BETA_T_CELL_PROLIFERATION		16	0.18977551	0.9043718	0.575	0.75155866	1.0	12604	tags=88%, list=69%, signal=278%	
GOBP_CARDIAC_NEURAL_CREST_CELL_DIFFERENTIATION_INVOLVED_IN_HEART_DEVELOPMENT	GOBP_CARDIAC_NEURAL_CREST_CELL_DIFFERENTIATION_INVOLVED_IN_HEART_DEVELOPMENT		16	0.18691157	0.904248	0.572	0.75121266	1.0	5760	tags=50%, list=31%, signal=73%	
GOBP_NEGATIVE_REGULATION_OF_DNA_BIOSYNTHETIC_PROCESS	GOBP_NEGATIVE_REGULATION_OF_DNA_BIOSYNTHETIC_PROCESS		31	0.1327289	0.90350425	0.5742972	0.752072	1.0	8834	tags=61%, list=48%, signal=118%	
GOBP_REGULATION_OF_CELL_SIZE	GOBP_REGULATION_OF_CELL_SIZE		183	0.057038788	0.9010314	0.5943205	0.7561054	1.0	15040	tags=87%, list=82%, signal=475%	
GOBP_NEGATIVE_REGULATION_OF_LOCOMOTION	GOBP_NEGATIVE_REGULATION_OF_LOCOMOTION		330	0.042766165	0.89912975	0.5841393	0.7590717	1.0	6583	tags=40%, list=36%, signal=61%	
GOBP_ADHERENS_JUNCTION_ASSEMBLY	GOBP_ADHERENS_JUNCTION_ASSEMBLY		15	0.1942643	0.897861	0.5652174	0.76082647	1.0	11142	tags=80%, list=61%, signal=203%	
GOBP_ORGANIC_CATION_TRANSPORT	GOBP_ORGANIC_CATION_TRANSPORT		117	0.07198823	0.8976966	0.57197696	0.760557	1.0	2456	tags=21%, list=13%, signal=24%	
GOBP_CHONDROCYTE_DEVELOPMENT	GOBP_CHONDROCYTE_DEVELOPMENT		34	0.13154463	0.89705825	0.5803213	0.76119494	1.0	5157	tags=41%, list=28%, signal=57%	
GOBP_POSITIVE_REGULATION_OF_SYNCYTIUM_FORMATION_BY_PLASMA_MEMBRANE_FUSION	GOBP_POSITIVE_REGULATION_OF_SYNCYTIUM_FORMATION_BY_PLASMA_MEMBRANE_FUSION		24	0.15371773	0.896465	0.57505286	0.7617458	1.0	3306	tags=33%, list=18%, signal=41%	
GOBP_AGGREPHAGY	GOBP_AGGREPHAGY		18	0.17237252	0.8963705	0.5996094	0.7613364	1.0	15223	tags=100%, list=83%, signal=580%	
GOBP_PEPTIDYL_GLUTAMIC_ACID_MODIFICATION	GOBP_PEPTIDYL_GLUTAMIC_ACID_MODIFICATION		20	0.16883677	0.8946302	0.5625	0.76397187	1.0	9771	tags=70%, list=53%, signal=149%	
GOBP_CALCIUM_ION_IMPORT_ACROSS_PLASMA_MEMBRANE	GOBP_CALCIUM_ION_IMPORT_ACROSS_PLASMA_MEMBRANE		41	0.115928754	0.894302	0.56427014	0.764016	1.0	3703	tags=32%, list=20%, signal=40%	
GOBP_POSITIVE_REGULATION_OF_ACTIN_FILAMENT_POLYMERIZATION	GOBP_POSITIVE_REGULATION_OF_ACTIN_FILAMENT_POLYMERIZATION		52	0.103851825	0.89414537	0.5711382	0.7637592	1.0	9412	tags=62%, list=51%, signal=126%	
GOBP_REGULATION_OF_RELEASE_OF_SEQUESTERED_CALCIUM_ION_INTO_CYTOSOL_BY_SARCOPLASMIC_RETICULUM	GOBP_REGULATION_OF_RELEASE_OF_SEQUESTERED_CALCIUM_ION_INTO_CYTOSOL_BY_SARCOPLASMIC_RETICULUM		34	0.12879845	0.894105	0.5585774	0.7632668	1.0	13862	tags=88%, list=75%, signal=358%	
GOBP_PURINE_CONTAINING_COMPOUND_TRANSMEMBRANE_TRANSPORT	GOBP_PURINE_CONTAINING_COMPOUND_TRANSMEMBRANE_TRANSPORT		39	0.12002326	0.8925986	0.5987395	0.76552176	1.0	10057	tags=67%, list=55%, signal=147%	
GOBP_REGULATION_OF_MEMBRANE_REPOLARIZATION	GOBP_REGULATION_OF_MEMBRANE_REPOLARIZATION		36	0.12416084	0.8925683	0.60465115	0.7650093	1.0	12535	tags=81%, list=68%, signal=252%	
GOBP_RESPONSE_TO_PEPTIDE_HORMONE	GOBP_RESPONSE_TO_PEPTIDE_HORMONE		430	0.038264167	0.89255804	0.6031746	0.7644585	1.0	7994	tags=47%, list=43%, signal=82%	
GOBP_REGULATION_OF_HYDROGEN_PEROXIDE_METABOLIC_PROCESS	GOBP_REGULATION_OF_HYDROGEN_PEROXIDE_METABOLIC_PROCESS		18	0.17098461	0.89241064	0.5882353	0.764151	1.0	6053	tags=50%, list=33%, signal=74%	
GOBP_POSITIVE_REGULATION_OF_PEPTIDYL_TYROSINE_PHOSPHORYLATION	GOBP_POSITIVE_REGULATION_OF_PEPTIDYL_TYROSINE_PHOSPHORYLATION		56	0.10109472	0.8918201	0.57349896	0.7646897	1.0	3400	tags=29%, list=18%, signal=35%	
GOBP_REGULATION_OF_EPITHELIAL_CELL_MIGRATION	GOBP_REGULATION_OF_EPITHELIAL_CELL_MIGRATION		68	0.09145288	0.89165294	0.5610278	0.7644233	1.0	9412	tags=60%, list=51%, signal=123%	
GOBP_TRANSFORMING_GROWTH_FACTOR_BETA_PRODUCTION	GOBP_TRANSFORMING_GROWTH_FACTOR_BETA_PRODUCTION		36	0.12864342	0.89162284	0.5815324	0.76390594	1.0	11431	tags=75%, list=62%, signal=198%	
GOBP_SKELETAL_MUSCLE_SATELLITE_CELL_PROLIFERATION	GOBP_SKELETAL_MUSCLE_SATELLITE_CELL_PROLIFERATION		18	0.17262048	0.89114386	0.58483034	0.76425743	1.0	13175	tags=89%, list=72%, signal=313%	
GOBP_MRNA_MODIFICATION	GOBP_MRNA_MODIFICATION		20	0.16032608	0.89058316	0.58449304	0.7646894	1.0	12686	tags=85%, list=69%, signal=274%	
GOBP_PANCREAS_DEVELOPMENT	GOBP_PANCREAS_DEVELOPMENT		79	0.085903406	0.89029133	0.6135922	0.76467806	1.0	10997	tags=68%, list=60%, signal=169%	
GOBP_POSITIVE_REGULATION_OF_BROWN_FAT_CELL_DIFFERENTIATION	GOBP_POSITIVE_REGULATION_OF_BROWN_FAT_CELL_DIFFERENTIATION		16	0.18432313	0.89008486	0.5795918	0.7644949	1.0	6957	tags=56%, list=38%, signal=90%	
GOBP_REGULATION_OF_HEART_CONTRACTION	GOBP_REGULATION_OF_HEART_CONTRACTION		213	0.05297252	0.8899933	0.6106557	0.76408774	1.0	4562	tags=30%, list=25%, signal=39%	
GOBP_POSITIVE_REGULATION_OF_CALCIUM_ION_DEPENDENT_EXOCYTOSIS	GOBP_POSITIVE_REGULATION_OF_CALCIUM_ION_DEPENDENT_EXOCYTOSIS		18	0.17933623	0.889723	0.58158994	0.76399463	1.0	7943	tags=61%, list=43%, signal=107%	
GOBP_NEGATIVE_REGULATION_OF_ENDOTHELIAL_CELL_MIGRATION	GOBP_NEGATIVE_REGULATION_OF_ENDOTHELIAL_CELL_MIGRATION		54	0.104369044	0.8892295	0.59183675	0.7643667	1.0	11027	tags=70%, list=60%, signal=175%	
GOBP_REGULATION_OF_ARP2_3_COMPLEX_MEDIATED_ACTIN_NUCLEATION	GOBP_REGULATION_OF_ARP2_3_COMPLEX_MEDIATED_ACTIN_NUCLEATION		29	0.1362484	0.8883453	0.5854167	0.7653917	1.0	11449	tags=76%, list=62%, signal=201%	
GOBP_RESPONSE_TO_ACIDIC_PH	GOBP_RESPONSE_TO_ACIDIC_PH		26	0.14670259	0.8878501	0.5780933	0.7657103	1.0	7915	tags=58%, list=43%, signal=101%	
GOBP_REGULATION_OF_CATECHOLAMINE_SECRETION	GOBP_REGULATION_OF_CATECHOLAMINE_SECRETION		38	0.12229608	0.88781047	0.6097561	0.7652144	1.0	6950	tags=50%, list=38%, signal=80%	
GOBP_ESTABLISHMENT_OF_EPITHELIAL_CELL_POLARITY	GOBP_ESTABLISHMENT_OF_EPITHELIAL_CELL_POLARITY		33	0.13322076	0.88610125	0.59574467	0.76776147	1.0	9814	tags=67%, list=53%, signal=143%	
GOBP_REGULATION_OF_SKELETAL_MUSCLE_CELL_PROLIFERATION	GOBP_REGULATION_OF_SKELETAL_MUSCLE_CELL_PROLIFERATION		17	0.17790805	0.88597786	0.5714286	0.76741004	1.0	9712	tags=71%, list=53%, signal=149%	
GOBP_POSITIVE_REGULATION_OF_PROTEIN_IMPORT_INTO_NUCLEUS	GOBP_POSITIVE_REGULATION_OF_PROTEIN_IMPORT_INTO_NUCLEUS		40	0.11878645	0.88486266	0.59029126	0.7688893	1.0	4256	tags=35%, list=23%, signal=45%	
GOBP_PURINERGIC_NUCLEOTIDE_RECEPTOR_SIGNALING_PATHWAY	GOBP_PURINERGIC_NUCLEOTIDE_RECEPTOR_SIGNALING_PATHWAY		31	0.135085	0.8845002	0.6086956	0.7689918	1.0	9384	tags=65%, list=51%, signal=132%	
GOBP_CELL_MIGRATION_INVOLVED_IN_SPROUTING_ANGIOGENESIS	GOBP_CELL_MIGRATION_INVOLVED_IN_SPROUTING_ANGIOGENESIS		60	0.096436836	0.881738	0.5883534	0.7734612	1.0	3442	tags=28%, list=19%, signal=35%	
GOBP_CARDIAC_VENTRICLE_DEVELOPMENT	GOBP_CARDIAC_VENTRICLE_DEVELOPMENT		132	0.064926475	0.8797115	0.61220473	0.7765938	1.0	2018	tags=17%, list=11%, signal=19%	
GOBP_WOUND_HEALING_SPREADING_OF_EPIDERMAL_CELLS	GOBP_WOUND_HEALING_SPREADING_OF_EPIDERMAL_CELLS		26	0.1412763	0.8792495	0.58627856	0.7768563	1.0	8722	tags=62%, list=47%, signal=117%	
GOBP_REGULATION_OF_CHROMATIN_ORGANIZATION	GOBP_REGULATION_OF_CHROMATIN_ORGANIZATION		24	0.15050998	0.87866855	0.60465115	0.7773209	1.0	14093	tags=92%, list=77%, signal=392%	
GOBP_SEMAPHORIN_PLEXIN_SIGNALING_PATHWAY	GOBP_SEMAPHORIN_PLEXIN_SIGNALING_PATHWAY		49	0.10626775	0.8784887	0.5885827	0.7770817	1.0	7433	tags=51%, list=40%, signal=85%	
GOBP_POSTSYNAPTIC_MEMBRANE_ORGANIZATION	GOBP_POSTSYNAPTIC_MEMBRANE_ORGANIZATION		43	0.117198005	0.87661374	0.6118812	0.7800561	1.0	7258	tags=51%, list=39%, signal=84%	
GOBP_POSITIVE_REGULATION_OF_SPROUTING_ANGIOGENESIS	GOBP_POSITIVE_REGULATION_OF_SPROUTING_ANGIOGENESIS		24	0.14767654	0.87490165	0.6141079	0.782622	1.0	8781	tags=63%, list=48%, signal=119%	
GOBP_PEPTIDYL_SERINE_MODIFICATION	GOBP_PEPTIDYL_SERINE_MODIFICATION		93	0.07613914	0.87454945	0.61087865	0.78270227	1.0	12844	tags=77%, list=70%, signal=255%	
GOBP_ANATOMICAL_STRUCTURE_ARRANGEMENT	GOBP_ANATOMICAL_STRUCTURE_ARRANGEMENT		18	0.16619498	0.87453485	0.62124246	0.7821517	1.0	6141	tags=50%, list=33%, signal=75%	
GOBP_NEGATIVE_REGULATION_OF_EXTRACELLULAR_MATRIX_ORGANIZATION	GOBP_NEGATIVE_REGULATION_OF_EXTRACELLULAR_MATRIX_ORGANIZATION		15	0.18574591	0.8742913	0.58316636	0.7820227	1.0	1490	tags=27%, list=8%, signal=29%	
GOBP_LOCOMOTOR_RHYTHM	GOBP_LOCOMOTOR_RHYTHM		15	0.18369979	0.8715548	0.597166	0.7863888	1.0	8884	tags=67%, list=48%, signal=129%	
GOBP_REGULATION_OF_POSTSYNAPSE_ORGANIZATION	GOBP_REGULATION_OF_POSTSYNAPSE_ORGANIZATION		143	0.06084429	0.87137115	0.6106557	0.7861568	1.0	6348	tags=41%, list=35%, signal=61%	
GOBP_COPULATION	GOBP_COPULATION		16	0.17975509	0.8710378	0.60571426	0.78617126	1.0	15087	tags=100%, list=82%, signal=556%	
GOBP_POSITIVE_REGULATION_OF_REGULATED_SECRETORY_PATHWAY	GOBP_POSITIVE_REGULATION_OF_REGULATED_SECRETORY_PATHWAY		48	0.10678803	0.8697239	0.6343874	0.78795636	1.0	10684	tags=69%, list=58%, signal=164%	
GOBP_CELLULAR_RESPONSE_TO_VITAMIN_D	GOBP_CELLULAR_RESPONSE_TO_VITAMIN_D		23	0.15171471	0.8679911	0.61445785	0.79052806	1.0	6008	tags=48%, list=33%, signal=71%	
GOBP_AMINE_CATABOLIC_PROCESS	GOBP_AMINE_CATABOLIC_PROCESS		19	0.16519703	0.8674393	0.60515875	0.7909584	1.0	15355	tags=100%, list=83%, signal=605%	
GOBP_POSITIVE_REGULATION_OF_CHOLESTEROL_EFFLUX	GOBP_POSITIVE_REGULATION_OF_CHOLESTEROL_EFFLUX		26	0.1435465	0.8670023	0.6291262	0.7911809	1.0	10095	tags=69%, list=55%, signal=153%	
GOBP_NEGATIVE_REGULATION_OF_NERVOUS_SYSTEM_DEVELOPMENT	GOBP_NEGATIVE_REGULATION_OF_NERVOUS_SYSTEM_DEVELOPMENT		145	0.062174797	0.865574	0.5923077	0.7931723	1.0	10787	tags=65%, list=59%, signal=156%	
GOBP_REGULATION_OF_CELLULAR_COMPONENT_SIZE	GOBP_REGULATION_OF_CELLULAR_COMPONENT_SIZE		357	0.039288085	0.8650217	0.6178862	0.7936208	1.0	12736	tags=73%, list=69%, signal=233%	
GOBP_MRNA_EXPORT_FROM_NUCLEUS	GOBP_MRNA_EXPORT_FROM_NUCLEUS		69	0.086799905	0.86176604	0.62753034	0.79897845	1.0	12002	tags=74%, list=65%, signal=212%	
GOBP_NEGATIVE_REGULATION_OF_INTRACELLULAR_STEROID_HORMONE_RECEPTOR_SIGNALING_PATHWAY	GOBP_NEGATIVE_REGULATION_OF_INTRACELLULAR_STEROID_HORMONE_RECEPTOR_SIGNALING_PATHWAY		42	0.112075664	0.8615741	0.6200378	0.79872066	1.0	14582	tags=90%, list=79%, signal=436%	
GOBP_APOPTOTIC_DNA_FRAGMENTATION	GOBP_APOPTOTIC_DNA_FRAGMENTATION		18	0.1685777	0.86134326	0.6218324	0.7985216	1.0	14271	tags=94%, list=78%, signal=421%	
GOBP_POSITIVE_REGULATION_OF_FIBROBLAST_MIGRATION	GOBP_POSITIVE_REGULATION_OF_FIBROBLAST_MIGRATION		15	0.18555002	0.8608238	0.6230159	0.79890555	1.0	8850	tags=67%, list=48%, signal=128%	
GOBP_GLUTAMATERGIC_NEURON_DIFFERENTIATION	GOBP_GLUTAMATERGIC_NEURON_DIFFERENTIATION		18	0.17133537	0.8601077	0.6146045	0.79963595	1.0	8090	tags=61%, list=44%, signal=109%	
GOBP_POSITIVE_REGULATION_OF_LIPID_STORAGE	GOBP_POSITIVE_REGULATION_OF_LIPID_STORAGE		19	0.16456965	0.85872614	0.61406845	0.8015367	1.0	6655	tags=53%, list=36%, signal=82%	
GOBP_NITROGEN_CYCLE_METABOLIC_PROCESS	GOBP_NITROGEN_CYCLE_METABOLIC_PROCESS		16	0.17837414	0.8584857	0.609901	0.801402	1.0	3618	tags=38%, list=20%, signal=47%	
GOBP_NEGATIVE_REGULATION_OF_POST_TRANSLATIONAL_PROTEIN_MODIFICATION	GOBP_NEGATIVE_REGULATION_OF_POST_TRANSLATIONAL_PROTEIN_MODIFICATION		90	0.078149356	0.8575886	0.6582809	0.8024809	1.0	14712	tags=88%, list=80%, signal=437%	
GOBP_REGULATION_OF_PLASMA_MEMBRANE_ORGANIZATION	GOBP_REGULATION_OF_PLASMA_MEMBRANE_ORGANIZATION		17	0.17399266	0.8573783	0.6639344	0.8022975	1.0	3293	tags=35%, list=18%, signal=43%	
GOBP_REGULATION_OF_ENDOPEPTIDASE_ACTIVITY	GOBP_REGULATION_OF_ENDOPEPTIDASE_ACTIVITY		20	0.15835829	0.8569648	0.6103093	0.8024794	1.0	768	tags=20%, list=4%, signal=21%	
GOBP_REGULATION_OF_NATURAL_KILLER_CELL_DIFFERENTIATION	GOBP_REGULATION_OF_NATURAL_KILLER_CELL_DIFFERENTIATION		15	0.1843927	0.85648435	0.6322957	0.8027965	1.0	3967	tags=40%, list=22%, signal=51%	
GOBP_RETINA_HOMEOSTASIS	GOBP_RETINA_HOMEOSTASIS		58	0.09521082	0.8519197	0.62909836	0.8105858	1.0	7449	tags=50%, list=41%, signal=84%	
GOBP_NEGATIVE_REGULATION_OF_MICROTUBULE_DEPOLYMERIZATION	GOBP_NEGATIVE_REGULATION_OF_MICROTUBULE_DEPOLYMERIZATION		31	0.12908316	0.8518105	0.6499069	0.81020147	1.0	13647	tags=87%, list=74%, signal=337%	
GOBP_RESPONSE_TO_ESTROGEN	GOBP_RESPONSE_TO_ESTROGEN		64	0.089818805	0.8516098	0.6294821	0.80995053	1.0	3238	tags=27%, list=18%, signal=32%	
GOBP_NEGATIVE_REGULATION_OF_HORMONE_SECRETION	GOBP_NEGATIVE_REGULATION_OF_HORMONE_SECRETION		68	0.0886687	0.8509032	0.6542443	0.8106785	1.0	6488	tags=44%, list=35%, signal=68%	
GOBP_MAST_CELL_ACTIVATION_INVOLVED_IN_IMMUNE_RESPONSE	GOBP_MAST_CELL_ACTIVATION_INVOLVED_IN_IMMUNE_RESPONSE		58	0.0967353	0.8506192	0.643299	0.8105956	1.0	10909	tags=69%, list=59%, signal=169%	
GOBP_REGULATION_OF_GENE_SILENCING_BY_REGULATORY_NCRNA	GOBP_REGULATION_OF_GENE_SILENCING_BY_REGULATORY_NCRNA		30	0.13048132	0.8503876	0.63	0.8104406	1.0	11703	tags=77%, list=64%, signal=210%	
GOBP_REGULATION_OF_MUSCLE_ORGAN_DEVELOPMENT	GOBP_REGULATION_OF_MUSCLE_ORGAN_DEVELOPMENT		42	0.11004104	0.85004133	0.64065707	0.81046665	1.0	8489	tags=57%, list=46%, signal=106%	
GOBP_REGULATION_OF_LIPID_BIOSYNTHETIC_PROCESS	GOBP_REGULATION_OF_LIPID_BIOSYNTHETIC_PROCESS		184	0.053588755	0.84944946	0.67083335	0.8109477	1.0	11917	tags=70%, list=65%, signal=197%	
GOBP_CALCIUM_ION_TRANSMEMBRANE_IMPORT_INTO_CYTOSOL	GOBP_CALCIUM_ION_TRANSMEMBRANE_IMPORT_INTO_CYTOSOL		184	0.053509045	0.84921724	0.63429755	0.81077087	1.0	2623	tags=20%, list=14%, signal=23%	
GOBP_POSITIVE_REGULATION_OF_AXONOGENESIS	GOBP_POSITIVE_REGULATION_OF_AXONOGENESIS		76	0.08288359	0.8491269	0.67813766	0.81035006	1.0	16630	tags=99%, list=90%, signal=1026%	
GOBP_REGULATION_OF_PEPTIDYL_TYROSINE_PHOSPHORYLATION	GOBP_REGULATION_OF_PEPTIDYL_TYROSINE_PHOSPHORYLATION		83	0.08049611	0.84821266	0.62857145	0.8114087	1.0	3400	tags=27%, list=18%, signal=32%	
GOBP_HEPARAN_SULFATE_PROTEOGLYCAN_METABOLIC_PROCESS	GOBP_HEPARAN_SULFATE_PROTEOGLYCAN_METABOLIC_PROCESS		46	0.10535392	0.84800667	0.6565041	0.81119686	1.0	8861	tags=59%, list=48%, signal=113%	
GOBP_CELL_PROLIFERATION_INVOLVED_IN_HEART_MORPHOGENESIS	GOBP_CELL_PROLIFERATION_INVOLVED_IN_HEART_MORPHOGENESIS		20	0.15905777	0.8470685	0.63721806	0.8123021	1.0	7192	tags=55%, list=39%, signal=90%	
GOBP_HEMATOPOIETIC_STEM_CELL_PROLIFERATION	GOBP_HEMATOPOIETIC_STEM_CELL_PROLIFERATION		35	0.1196666	0.84706026	0.6551724	0.8117353	1.0	8837	tags=60%, list=48%, signal=115%	
GOBP_REGULATION_OF_SUPEROXIDE_ANION_GENERATION	GOBP_REGULATION_OF_SUPEROXIDE_ANION_GENERATION		22	0.14887485	0.8468373	0.64668095	0.81153166	1.0	3116	tags=32%, list=17%, signal=38%	
GOBP_ECTOPIC_GERM_CELL_PROGRAMMED_CELL_DEATH	GOBP_ECTOPIC_GERM_CELL_PROGRAMMED_CELL_DEATH		18	0.16477986	0.84586954	0.629771	0.81270826	1.0	6167	tags=50%, list=34%, signal=75%	
GOBP_POSITIVE_REGULATION_OF_RESPONSE_TO_TUMOR_CELL	GOBP_POSITIVE_REGULATION_OF_RESPONSE_TO_TUMOR_CELL		17	0.170327	0.84527636	0.6619718	0.81320745	1.0	5524	tags=47%, list=30%, signal=67%	
GOBP_NEGATIVE_REGULATION_OF_CALCIUM_ION_TRANSPORT	GOBP_NEGATIVE_REGULATION_OF_CALCIUM_ION_TRANSPORT		50	0.10032822	0.84493166	0.67142856	0.81318796	1.0	4044	tags=32%, list=22%, signal=41%	
GOBP_INTEGRIN_MEDIATED_SIGNALING_PATHWAY	GOBP_INTEGRIN_MEDIATED_SIGNALING_PATHWAY		118	0.06584087	0.84442216	0.6625767	0.81351596	1.0	3004	tags=23%, list=16%, signal=27%	
GOBP_REGULATION_OF_RECEPTOR_LOCALIZATION_TO_SYNAPSE	GOBP_REGULATION_OF_RECEPTOR_LOCALIZATION_TO_SYNAPSE		30	0.12994395	0.8441567	0.6476378	0.81341666	1.0	14165	tags=90%, list=77%, signal=391%	
GOBP_REGULATION_OF_STEROID_HORMONE_BIOSYNTHETIC_PROCESS	GOBP_REGULATION_OF_STEROID_HORMONE_BIOSYNTHETIC_PROCESS		16	0.17127891	0.8437807	0.6620553	0.81349736	1.0	10645	tags=75%, list=58%, signal=178%	
GOBP_RESPONSE_TO_PAIN	GOBP_RESPONSE_TO_PAIN		34	0.12167983	0.84370476	0.6301653	0.81305844	1.0	5879	tags=44%, list=32%, signal=65%	
GOBP_PROTEIN_HOMOTRIMERIZATION	GOBP_PROTEIN_HOMOTRIMERIZATION		15	0.17901613	0.84358674	0.6475248	0.81271905	1.0	7744	tags=60%, list=42%, signal=104%	
GOBP_REGULATION_OF_FATTY_ACID_OXIDATION	GOBP_REGULATION_OF_FATTY_ACID_OXIDATION		34	0.12619807	0.8434309	0.64069265	0.81240314	1.0	12287	tags=79%, list=67%, signal=239%	
GOBP_STRIATUM_DEVELOPMENT	GOBP_STRIATUM_DEVELOPMENT		21	0.1513311	0.8423505	0.6561845	0.81369644	1.0	12107	tags=81%, list=66%, signal=237%	
GOBP_RETROGRADE_AXONAL_TRANSPORT	GOBP_RETROGRADE_AXONAL_TRANSPORT		23	0.14632964	0.840948	0.63114756	0.81569445	1.0	14103	tags=91%, list=77%, signal=391%	
GOBP_PROTEIN_REFOLDING	GOBP_PROTEIN_REFOLDING		27	0.13760822	0.8400508	0.65909094	0.8167282	1.0	2240	tags=26%, list=12%, signal=29%	
GOBP_NUCLEOBASE_CONTAINING_SMALL_MOLECULE_BIOSYNTHETIC_PROCESS	GOBP_NUCLEOBASE_CONTAINING_SMALL_MOLECULE_BIOSYNTHETIC_PROCESS		19	0.15901199	0.83933043	0.6510204	0.8174506	1.0	8693	tags=63%, list=47%, signal=120%	
GOBP_NEGATIVE_REGULATION_OF_OSTEOBLAST_DIFFERENTIATION	GOBP_NEGATIVE_REGULATION_OF_OSTEOBLAST_DIFFERENTIATION		51	0.09851071	0.8388847	0.63975155	0.81763303	1.0	2159	tags=22%, list=12%, signal=24%	
GOBP_NEGATIVE_REGULATION_OF_NEURON_PROJECTION_DEVELOPMENT	GOBP_NEGATIVE_REGULATION_OF_NEURON_PROJECTION_DEVELOPMENT		130	0.06353726	0.8388748	0.6621094	0.81707066	1.0	9166	tags=56%, list=50%, signal=111%	
GOBP_PURINE_NUCLEOTIDE_TRANSPORT	GOBP_PURINE_NUCLEOTIDE_TRANSPORT		41	0.112900905	0.83793694	0.65235174	0.8181391	1.0	3310	tags=29%, list=18%, signal=36%	
GOBP_PEPTIDE_CATABOLIC_PROCESS	GOBP_PEPTIDE_CATABOLIC_PROCESS		19	0.15835309	0.83724403	0.6526946	0.8187923	1.0	10641	tags=74%, list=58%, signal=175%	
GOBP_SPERM_DNA_CONDENSATION	GOBP_SPERM_DNA_CONDENSATION		15	0.17645119	0.8367369	0.6692607	0.81903	1.0	5339	tags=47%, list=29%, signal=66%	
GOBP_CARBOHYDRATE_HOMEOSTASIS	GOBP_CARBOHYDRATE_HOMEOSTASIS		261	0.044760797	0.83664185	0.66530615	0.8186261	1.0	8841	tags=52%, list=48%, signal=100%	
GOBP_CELLULAR_RESPONSE_TO_DEXAMETHASONE_STIMULUS	GOBP_CELLULAR_RESPONSE_TO_DEXAMETHASONE_STIMULUS		29	0.12918733	0.83594936	0.6738281	0.8192718	1.0	12847	tags=83%, list=70%, signal=274%	
GOBP_ADULT_LOCOMOTORY_BEHAVIOR	GOBP_ADULT_LOCOMOTORY_BEHAVIOR		85	0.076941684	0.83577085	0.6830266	0.8190036	1.0	6596	tags=44%, list=36%, signal=68%	
GOBP_LEARNING	GOBP_LEARNING		161	0.057605904	0.83571625	0.6787879	0.8185336	1.0	7973	tags=49%, list=43%, signal=86%	
GOBP_NEGATIVE_REGULATION_OF_CELLULAR_RESPONSE_TO_INSULIN_STIMULUS	GOBP_NEGATIVE_REGULATION_OF_CELLULAR_RESPONSE_TO_INSULIN_STIMULUS		47	0.101499915	0.8348736	0.6481481	0.8194833	1.0	13789	tags=85%, list=75%, signal=339%	
GOBP_PORE_COMPLEX_ASSEMBLY	GOBP_PORE_COMPLEX_ASSEMBLY		20	0.15842634	0.8344472	0.66803277	0.8196655	1.0	14560	tags=95%, list=79%, signal=456%	
GOBP_GLIOGENESIS	GOBP_GLIOGENESIS		342	0.039698943	0.8343868	0.6472946	0.81920433	1.0	7994	tags=47%, list=43%, signal=82%	
GOBP_GLYCOSYL_COMPOUND_BIOSYNTHETIC_PROCESS	GOBP_GLYCOSYL_COMPOUND_BIOSYNTHETIC_PROCESS		24	0.14658083	0.8340946	0.65346533	0.81914574	1.0	11100	tags=75%, list=60%, signal=189%	
GOBP_SMOOTH_MUSCLE_CELL_APOPTOTIC_PROCESS	GOBP_SMOOTH_MUSCLE_CELL_APOPTOTIC_PROCESS		31	0.12820296	0.83401155	0.666	0.8187376	1.0	1798	tags=23%, list=10%, signal=25%	
GOBP_NEGATIVE_REGULATION_OF_ACTIN_FILAMENT_DEPOLYMERIZATION	GOBP_NEGATIVE_REGULATION_OF_ACTIN_FILAMENT_DEPOLYMERIZATION		47	0.102635436	0.8322401	0.6800805	0.82134783	1.0	8290	tags=55%, list=45%, signal=100%	
GOBP_CHAPERONE_MEDIATED_PROTEIN_COMPLEX_ASSEMBLY	GOBP_CHAPERONE_MEDIATED_PROTEIN_COMPLEX_ASSEMBLY		24	0.14182138	0.8317201	0.6527197	0.8216946	1.0	12720	tags=83%, list=69%, signal=270%	
GOBP_PROGRAMMED_CELL_DEATH_IN_RESPONSE_TO_REACTIVE_OXYGEN_SPECIES	GOBP_PROGRAMMED_CELL_DEATH_IN_RESPONSE_TO_REACTIVE_OXYGEN_SPECIES		16	0.17303741	0.8317011	0.668616	0.82115555	1.0	14061	tags=94%, list=76%, signal=398%	
GOBP_REGULATION_OF_PEPTIDASE_ACTIVITY	GOBP_REGULATION_OF_PEPTIDASE_ACTIVITY		32	0.12398892	0.83155274	0.6627907	0.8208442	1.0	1171	tags=19%, list=6%, signal=20%	
GOBP_REGULATION_OF_GOLGI_ORGANIZATION	GOBP_REGULATION_OF_GOLGI_ORGANIZATION		16	0.17023128	0.83010906	0.655102	0.8227683	1.0	15262	tags=100%, list=83%, signal=587%	
GOBP_RESPONSE_TO_ACETYLCHOLINE	GOBP_RESPONSE_TO_ACETYLCHOLINE		51	0.09673275	0.82823944	0.7009901	0.8255774	1.0	1831	tags=20%, list=10%, signal=22%	
GOBP_REGULATION_OF_COMPLEMENT_ACTIVATION	GOBP_REGULATION_OF_COMPLEMENT_ACTIVATION		21	0.15252094	0.8278485	0.6736243	0.8256745	1.0	1576	tags=24%, list=9%, signal=26%	
GOBP_GLYCOSAMINOGLYCAN_METABOLIC_PROCESS	GOBP_GLYCOSAMINOGLYCAN_METABOLIC_PROCESS		82	0.079020165	0.827015	0.6982592	0.826518	1.0	7972	tags=51%, list=43%, signal=90%	
GOBP_REGULATION_OF_COLLATERAL_SPROUTING	GOBP_REGULATION_OF_COLLATERAL_SPROUTING		22	0.14810775	0.82693404	0.6785714	0.8260781	1.0	4802	tags=41%, list=26%, signal=55%	
GOBP_ERYTHROCYTE_HOMEOSTASIS	GOBP_ERYTHROCYTE_HOMEOSTASIS		156	0.05523332	0.826858	0.6955684	0.82564807	1.0	15025	tags=87%, list=82%, signal=472%	
GOBP_REGULATION_OF_HOMOTYPIC_CELL_CELL_ADHESION	GOBP_REGULATION_OF_HOMOTYPIC_CELL_CELL_ADHESION		41	0.10862896	0.82647765	0.65773195	0.82575333	1.0	7874	tags=54%, list=43%, signal=94%	
GOBP_MODIFICATION_OF_POSTSYNAPTIC_STRUCTURE	GOBP_MODIFICATION_OF_POSTSYNAPTIC_STRUCTURE		35	0.1166703	0.8259928	0.6933868	0.8260226	1.0	8892	tags=60%, list=48%, signal=116%	
GOBP_REGULATION_OF_MOTOR_NEURON_APOPTOTIC_PROCESS	GOBP_REGULATION_OF_MOTOR_NEURON_APOPTOTIC_PROCESS		15	0.17870414	0.8256112	0.65843624	0.82611656	1.0	12654	tags=87%, list=69%, signal=278%	
GOBP_RESPONSE_TO_RETINOIC_ACID	GOBP_RESPONSE_TO_RETINOIC_ACID		107	0.0671288	0.82500607	0.68247426	0.8266103	1.0	5303	tags=36%, list=29%, signal=50%	
GOBP_POSITIVE_REGULATION_OF_EXOCYTOSIS	GOBP_POSITIVE_REGULATION_OF_EXOCYTOSIS		84	0.07765702	0.824283	0.6740891	0.8272551	1.0	10838	tags=67%, list=59%, signal=162%	
GOBP_REGULATION_OF_FERTILIZATION	GOBP_REGULATION_OF_FERTILIZATION		18	0.16207358	0.8239777	0.6576402	0.8272476	1.0	5195	tags=44%, list=28%, signal=62%	
GOBP_CORONARY_VASCULATURE_MORPHOGENESIS	GOBP_CORONARY_VASCULATURE_MORPHOGENESIS		16	0.17155102	0.82381773	0.69292927	0.8269545	1.0	10640	tags=75%, list=58%, signal=178%	
GOBP_PEPTIDYL_LYSINE_METHYLATION	GOBP_PEPTIDYL_LYSINE_METHYLATION		18	0.15812759	0.82238	0.67701864	0.8289103	1.0	14463	tags=94%, list=79%, signal=442%	
GOBP_PARENTAL_BEHAVIOR	GOBP_PARENTAL_BEHAVIOR		16	0.17139456	0.8220067	0.67	0.82896864	1.0	8344	tags=63%, list=45%, signal=114%	
GOBP_MONOCYTE_DIFFERENTIATION	GOBP_MONOCYTE_DIFFERENTIATION		36	0.112100855	0.8206883	0.6679463	0.8306627	1.0	3050	tags=28%, list=17%, signal=33%	
GOBP_PEPTIDYL_THREONINE_MODIFICATION	GOBP_PEPTIDYL_THREONINE_MODIFICATION		50	0.09965649	0.8190047	0.69473684	0.8330104	1.0	12884	tags=80%, list=70%, signal=266%	
GOBP_REGULATION_OF_CELL_FATE_SPECIFICATION	GOBP_REGULATION_OF_CELL_FATE_SPECIFICATION		23	0.1427956	0.81880194	0.6777996	0.8327956	1.0	3773	tags=35%, list=21%, signal=44%	
GOBP_DECIDUALIZATION	GOBP_DECIDUALIZATION		25	0.13413917	0.81879276	0.6916836	0.83223206	1.0	8570	tags=60%, list=47%, signal=112%	
GOBP_POSITIVE_REGULATION_OF_STEROID_METABOLIC_PROCESS	GOBP_POSITIVE_REGULATION_OF_STEROID_METABOLIC_PROCESS		34	0.120595135	0.8187674	0.6605317	0.83170223	1.0	5358	tags=41%, list=29%, signal=58%	
GOBP_NEGATIVE_REGULATION_OF_TELOMERE_MAINTENANCE_VIA_TELOMERE_LENGTHENING	GOBP_NEGATIVE_REGULATION_OF_TELOMERE_MAINTENANCE_VIA_TELOMERE_LENGTHENING		30	0.124337874	0.81762785	0.6978131	0.8330821	1.0	15494	tags=97%, list=84%, signal=613%	
GOBP_THYROID_HORMONE_GENERATION	GOBP_THYROID_HORMONE_GENERATION		22	0.14604399	0.81694216	0.7089552	0.83366144	1.0	3168	tags=32%, list=17%, signal=38%	
GOBP_NEGATIVE_REGULATION_OF_PROTEIN_IMPORT_INTO_NUCLEUS	GOBP_NEGATIVE_REGULATION_OF_PROTEIN_IMPORT_INTO_NUCLEUS		18	0.16505502	0.81519544	0.6889764	0.83618945	1.0	13314	tags=89%, list=72%, signal=322%	
GOBP_EMBRYONIC_PLACENTA_MORPHOGENESIS	GOBP_EMBRYONIC_PLACENTA_MORPHOGENESIS		27	0.13250767	0.8151448	0.67628866	0.8357157	1.0	8464	tags=59%, list=46%, signal=110%	
GOBP_REGULATION_OF_UBIQUITIN_PROTEIN_TRANSFERASE_ACTIVITY	GOBP_REGULATION_OF_UBIQUITIN_PROTEIN_TRANSFERASE_ACTIVITY		26	0.13603641	0.8145228	0.6993988	0.8362276	1.0	14477	tags=92%, list=79%, signal=433%	
GOBP_REGULATION_OF_NEURON_APOPTOTIC_PROCESS	GOBP_REGULATION_OF_NEURON_APOPTOTIC_PROCESS		256	0.044343635	0.8138331	0.70385396	0.83680964	1.0	12126	tags=70%, list=66%, signal=204%	
GOBP_MONOCYTE_CHEMOTACTIC_PROTEIN_1_PRODUCTION	GOBP_MONOCYTE_CHEMOTACTIC_PROTEIN_1_PRODUCTION		19	0.15646234	0.8119977	0.7103718	0.8394024	1.0	5836	tags=47%, list=32%, signal=69%	
GOBP_MAMMARY_GLAND_EPITHELIAL_CELL_PROLIFERATION	GOBP_MAMMARY_GLAND_EPITHELIAL_CELL_PROLIFERATION		28	0.1296318	0.8102013	0.7167969	0.8419727	1.0	10755	tags=71%, list=58%, signal=172%	
GOBP_REPLICATIVE_SENESCENCE	GOBP_REPLICATIVE_SENESCENCE		16	0.16627891	0.8094575	0.6898608	0.8426754	1.0	8438	tags=63%, list=46%, signal=115%	
GOBP_REGULATION_OF_CARDIAC_MUSCLE_CONTRACTION_BY_CALCIUM_ION_SIGNALING	GOBP_REGULATION_OF_CARDIAC_MUSCLE_CONTRACTION_BY_CALCIUM_ION_SIGNALING		32	0.121418655	0.807987	0.69749516	0.8445853	1.0	13862	tags=88%, list=75%, signal=355%	
GOBP_POSITIVE_REGULATION_OF_AMINE_TRANSPORT	GOBP_POSITIVE_REGULATION_OF_AMINE_TRANSPORT		37	0.11327085	0.8072651	0.70886075	0.8452325	1.0	6867	tags=49%, list=37%, signal=77%	
GOBP_SOMITOGENESIS	GOBP_SOMITOGENESIS		65	0.086490825	0.80599856	0.69814813	0.8467752	1.0	7468	tags=49%, list=41%, signal=83%	
GOBP_REGULATION_OF_ENDOTHELIAL_CELL_CHEMOTAXIS	GOBP_REGULATION_OF_ENDOTHELIAL_CELL_CHEMOTAXIS		20	0.15133363	0.8047241	0.6776181	0.84836084	1.0	9173	tags=65%, list=50%, signal=130%	
GOBP_RESPONSE_TO_PH	GOBP_RESPONSE_TO_PH		39	0.1082632	0.80419725	0.7211155	0.8486553	1.0	7915	tags=54%, list=43%, signal=94%	
GOBP_REGULATION_OF_NEURAL_PRECURSOR_CELL_PROLIFERATION	GOBP_REGULATION_OF_NEURAL_PRECURSOR_CELL_PROLIFERATION		95	0.06932779	0.80296886	0.7076613	0.8502019	1.0	9378	tags=58%, list=51%, signal=118%	
GOBP_POSITIVE_REGULATION_OF_CELL_CYCLE_G1_S_PHASE_TRANSITION	GOBP_POSITIVE_REGULATION_OF_CELL_CYCLE_G1_S_PHASE_TRANSITION		57	0.08948193	0.80293715	0.7061311	0.84967786	1.0	12555	tags=77%, list=68%, signal=243%	
GOBP_REGENERATION	GOBP_REGENERATION		185	0.05073738	0.8020075	0.711501	0.850654	1.0	9414	tags=56%, list=51%, signal=114%	
GOBP_MAMMARY_GLAND_DEVELOPMENT	GOBP_MAMMARY_GLAND_DEVELOPMENT		138	0.058462497	0.80153024	0.67741936	0.8509161	1.0	3463	tags=25%, list=19%, signal=30%	
GOBP_REGULATION_OF_EPITHELIAL_CELL_DIFFERENTIATION_INVOLVED_IN_KIDNEY_DEVELOPMENT	GOBP_REGULATION_OF_EPITHELIAL_CELL_DIFFERENTIATION_INVOLVED_IN_KIDNEY_DEVELOPMENT		16	0.16908503	0.80129546	0.71850395	0.8507627	1.0	7237	tags=56%, list=39%, signal=93%	
GOBP_PROTEIN_COMPLEX_OLIGOMERIZATION	GOBP_PROTEIN_COMPLEX_OLIGOMERIZATION		276	0.041514754	0.80095184	0.71484375	0.85073775	1.0	5977	tags=37%, list=32%, signal=53%	
GOBP_POSITIVE_REGULATION_OF_STRIATED_MUSCLE_CELL_DIFFERENTIATION	GOBP_POSITIVE_REGULATION_OF_STRIATED_MUSCLE_CELL_DIFFERENTIATION		41	0.106729575	0.8008688	0.7113402	0.8502906	1.0	1629	tags=20%, list=9%, signal=21%	
GOBP_CHAPERONE_MEDIATED_PROTEIN_FOLDING	GOBP_CHAPERONE_MEDIATED_PROTEIN_FOLDING		71	0.07914615	0.80086184	0.72469634	0.8497304	1.0	7356	tags=48%, list=40%, signal=80%	
GOBP_ENTRAINMENT_OF_CIRCADIAN_CLOCK	GOBP_ENTRAINMENT_OF_CIRCADIAN_CLOCK		28	0.1293109	0.80047196	0.6955684	0.8498261	1.0	14045	tags=89%, list=76%, signal=377%	
GOBP_COLLAGEN_METABOLIC_PROCESS	GOBP_COLLAGEN_METABOLIC_PROCESS		108	0.06741742	0.80017966	0.71398306	0.8497441	1.0	1491	tags=15%, list=8%, signal=16%	
GOBP_POSITIVE_REGULATION_OF_HOMOTYPIC_CELL_CELL_ADHESION	GOBP_POSITIVE_REGULATION_OF_HOMOTYPIC_CELL_CELL_ADHESION		20	0.15088728	0.79997647	0.71602434	0.849506	1.0	5503	tags=45%, list=30%, signal=64%	
GOBP_PRIMARY_MIRNA_PROCESSING	GOBP_PRIMARY_MIRNA_PROCESSING		18	0.15879884	0.79882985	0.71428573	0.85083604	1.0	2190	tags=28%, list=12%, signal=32%	
GOBP_POSITIVE_REGULATION_OF_CELL_GROWTH	GOBP_POSITIVE_REGULATION_OF_CELL_GROWTH		158	0.05406844	0.7985737	0.7125	0.850697	1.0	14727	tags=85%, list=80%, signal=425%	
GOBP_ANTIGEN_PROCESSING_AND_PRESENTATION_OF_EXOGENOUS_PEPTIDE_ANTIGEN	GOBP_ANTIGEN_PROCESSING_AND_PRESENTATION_OF_EXOGENOUS_PEPTIDE_ANTIGEN		39	0.10837218	0.79782706	0.73185486	0.8513418	1.0	7913	tags=54%, list=43%, signal=94%	
GOBP_PEPTIDYL_L_CYSTEINE_S_PALMITOYLATION	GOBP_PEPTIDYL_L_CYSTEINE_S_PALMITOYLATION		15	0.16906112	0.7974982	0.70168066	0.8513439	1.0	9153	tags=67%, list=50%, signal=133%	
GOBP_REGULATION_OF_SYNAPSE_MATURATION	GOBP_REGULATION_OF_SYNAPSE_MATURATION		28	0.12731932	0.7965738	0.7034068	0.85235405	1.0	8827	tags=61%, list=48%, signal=117%	
GOBP_MICROTUBULE_DEPOLYMERIZATION	GOBP_MICROTUBULE_DEPOLYMERIZATION		51	0.09415938	0.7964278	0.71252567	0.8520293	1.0	11254	tags=71%, list=61%, signal=181%	
GOBP_REGULATION_OF_CHOLESTEROL_METABOLIC_PROCESS	GOBP_REGULATION_OF_CHOLESTEROL_METABOLIC_PROCESS		46	0.09891927	0.7960114	0.7004049	0.85217637	1.0	4981	tags=37%, list=27%, signal=51%	
GOBP_POSITIVE_REGULATION_OF_CELL_SUBSTRATE_JUNCTION_ORGANIZATION	GOBP_POSITIVE_REGULATION_OF_CELL_SUBSTRATE_JUNCTION_ORGANIZATION		31	0.12027369	0.7959051	0.7222222	0.8517931	1.0	14402	tags=90%, list=78%, signal=416%	
GOBP_NEGATIVE_REGULATION_OF_TRANSPORT	GOBP_NEGATIVE_REGULATION_OF_TRANSPORT		406	0.034182016	0.7958177	0.7222222	0.85135216	1.0	4820	tags=30%, list=26%, signal=39%	
GOBP_NEGATIVE_REGULATION_OF_BONE_MINERALIZATION	GOBP_NEGATIVE_REGULATION_OF_BONE_MINERALIZATION		19	0.15095626	0.79435873	0.72998136	0.8532062	1.0	8841	tags=63%, list=48%, signal=122%	
GOBP_POSITIVE_REGULATION_OF_PROTEIN_POLYMERIZATION	GOBP_POSITIVE_REGULATION_OF_PROTEIN_POLYMERIZATION		91	0.07226926	0.7943308	0.71943885	0.85268366	1.0	12015	tags=73%, list=65%, signal=208%	
GOBP_CEREBELLAR_CORTEX_MORPHOGENESIS	GOBP_CEREBELLAR_CORTEX_MORPHOGENESIS		38	0.10791868	0.79113656	0.72837025	0.85731983	1.0	4794	tags=37%, list=26%, signal=50%	
GOBP_PLATELET_DERIVED_GROWTH_FACTOR_RECEPTOR_SIGNALING_PATHWAY	GOBP_PLATELET_DERIVED_GROWTH_FACTOR_RECEPTOR_SIGNALING_PATHWAY		59	0.08754997	0.79109544	0.7345679	0.85680854	1.0	2758	tags=24%, list=15%, signal=28%	
GOBP_POSITIVE_REGULATION_OF_COAGULATION	GOBP_POSITIVE_REGULATION_OF_COAGULATION		30	0.1197357	0.7894863	0.7446394	0.8589246	1.0	6383	tags=47%, list=35%, signal=71%	
GOBP_CELL_JUNCTION_DISASSEMBLY	GOBP_CELL_JUNCTION_DISASSEMBLY		33	0.11618583	0.7885797	0.7351695	0.85984254	1.0	5111	tags=39%, list=28%, signal=54%	
GOBP_REGULATION_OF_EXTRINSIC_APOPTOTIC_SIGNALING_PATHWAY_VIA_DEATH_DOMAIN_RECEPTORS	GOBP_REGULATION_OF_EXTRINSIC_APOPTOTIC_SIGNALING_PATHWAY_VIA_DEATH_DOMAIN_RECEPTORS		46	0.09875575	0.7880989	0.7081712	0.86004925	1.0	4984	tags=37%, list=27%, signal=51%	
GOBP_CIRCADIAN_REGULATION_OF_GENE_EXPRESSION	GOBP_CIRCADIAN_REGULATION_OF_GENE_EXPRESSION		65	0.08270302	0.78795826	0.749499	0.85972434	1.0	14045	tags=85%, list=76%, signal=357%	
GOBP_NEGATIVE_REGULATION_OF_NUCLEOCYTOPLASMIC_TRANSPORT	GOBP_NEGATIVE_REGULATION_OF_NUCLEOCYTOPLASMIC_TRANSPORT		30	0.12057628	0.78725934	0.7004049	0.8602852	1.0	14337	tags=90%, list=78%, signal=408%	
GOBP_PHOTORECEPTOR_CELL_DIFFERENTIATION	GOBP_PHOTORECEPTOR_CELL_DIFFERENTIATION		73	0.07864633	0.7869708	0.73253495	0.8602217	1.0	10903	tags=67%, list=59%, signal=164%	
GOBP_RESPONSE_TO_INTERLEUKIN_6	GOBP_RESPONSE_TO_INTERLEUKIN_6		38	0.111233786	0.78646564	0.7207031	0.8604844	1.0	7637	tags=53%, list=42%, signal=90%	
GOBP_INNER_EAR_RECEPTOR_CELL_DEVELOPMENT	GOBP_INNER_EAR_RECEPTOR_CELL_DEVELOPMENT		54	0.09170895	0.78388005	0.72440946	0.8640735	1.0	10578	tags=67%, list=58%, signal=156%	
GOBP_MICROTUBULE_ORGANIZING_CENTER_LOCALIZATION	GOBP_MICROTUBULE_ORGANIZING_CENTER_LOCALIZATION		33	0.113780804	0.7831683	0.73031497	0.86466485	1.0	14072	tags=88%, list=77%, signal=374%	
GOBP_ERYTHROCYTE_DEVELOPMENT	GOBP_ERYTHROCYTE_DEVELOPMENT		45	0.09800507	0.78276557	0.7207031	0.8647766	1.0	16592	tags=100%, list=90%, signal=1020%	
GOBP_T_CELL_LINEAGE_COMMITMENT	GOBP_T_CELL_LINEAGE_COMMITMENT		42	0.10415515	0.7819111	0.7299413	0.8656223	1.0	8597	tags=57%, list=47%, signal=107%	
GOBP_GLANDULAR_EPITHELIAL_CELL_DIFFERENTIATION	GOBP_GLANDULAR_EPITHELIAL_CELL_DIFFERENTIATION		36	0.11236872	0.7818795	0.7392197	0.865098	1.0	10708	tags=69%, list=58%, signal=166%	
GOBP_POSITIVE_REGULATION_OF_REACTIVE_OXYGEN_SPECIES_BIOSYNTHETIC_PROCESS	GOBP_POSITIVE_REGULATION_OF_REACTIVE_OXYGEN_SPECIES_BIOSYNTHETIC_PROCESS		19	0.14688255	0.7813424	0.7637795	0.8654175	1.0	6012	tags=47%, list=33%, signal=70%	
GOBP_GRANULOCYTE_DIFFERENTIATION	GOBP_GRANULOCYTE_DIFFERENTIATION		41	0.10542034	0.781077	0.72386587	0.86529315	1.0	8830	tags=59%, list=48%, signal=112%	
GOBP_RECEPTOR_LOCALIZATION_TO_SYNAPSE	GOBP_RECEPTOR_LOCALIZATION_TO_SYNAPSE		81	0.073627725	0.7809273	0.72745097	0.864966	1.0	8414	tags=53%, list=46%, signal=97%	
GOBP_REGULATION_OF_PLATELET_DERIVED_GROWTH_FACTOR_RECEPTOR_SIGNALING_PATHWAY	GOBP_REGULATION_OF_PLATELET_DERIVED_GROWTH_FACTOR_RECEPTOR_SIGNALING_PATHWAY		26	0.12702046	0.77986836	0.76218325	0.86607593	1.0	1203	tags=19%, list=7%, signal=21%	
GOBP_RENAL_SYSTEM_VASCULATURE_DEVELOPMENT	GOBP_RENAL_SYSTEM_VASCULATURE_DEVELOPMENT		32	0.11707133	0.7788897	0.7269076	0.86712193	1.0	1298	tags=19%, list=7%, signal=20%	
GOBP_SYMPATHETIC_NERVOUS_SYSTEM_DEVELOPMENT	GOBP_SYMPATHETIC_NERVOUS_SYSTEM_DEVELOPMENT		21	0.14238536	0.77717906	0.7581301	0.8693324	1.0	6141	tags=48%, list=33%, signal=71%	
GOBP_SMOOTH_MUSCLE_TISSUE_DEVELOPMENT	GOBP_SMOOTH_MUSCLE_TISSUE_DEVELOPMENT		26	0.12873362	0.7767684	0.742915	0.8694253	1.0	8245	tags=58%, list=45%, signal=104%	
GOBP_SPHINGOID_METABOLIC_PROCESS	GOBP_SPHINGOID_METABOLIC_PROCESS		23	0.13229057	0.77650476	0.757085	0.8692793	1.0	7964	tags=57%, list=43%, signal=100%	
GOBP_CELLULAR_RESPONSE_TO_INTERFERON_BETA	GOBP_CELLULAR_RESPONSE_TO_INTERFERON_BETA		28	0.12379903	0.77646124	0.71943885	0.8687849	1.0	7578	tags=54%, list=41%, signal=91%	
GOBP_POSITIVE_REGULATION_OF_NUCLEOCYTOPLASMIC_TRANSPORT	GOBP_POSITIVE_REGULATION_OF_NUCLEOCYTOPLASMIC_TRANSPORT		63	0.085680395	0.77633137	0.7444219	0.868409	1.0	11857	tags=73%, list=64%, signal=205%	
GOBP_ENUCLEATE_ERYTHROCYTE_DIFFERENTIATION	GOBP_ENUCLEATE_ERYTHROCYTE_DIFFERENTIATION		15	0.17260197	0.77612936	0.76091474	0.8681428	1.0	10314	tags=73%, list=56%, signal=167%	
GOBP_CELLULAR_RESPONSE_TO_COPPER_ION	GOBP_CELLULAR_RESPONSE_TO_COPPER_ION		24	0.13441226	0.7759663	0.705653	0.86784625	1.0	2128	tags=25%, list=12%, signal=28%	
GOBP_ANTIGEN_PROCESSING_AND_PRESENTATION_OF_PEPTIDE_ANTIGEN	GOBP_ANTIGEN_PROCESSING_AND_PRESENTATION_OF_PEPTIDE_ANTIGEN		69	0.077116445	0.77479744	0.7315175	0.8691855	1.0	16444	tags=97%, list=89%, signal=914%	
GOBP_POSTSYNAPTIC_SIGNAL_TRANSDUCTION	GOBP_POSTSYNAPTIC_SIGNAL_TRANSDUCTION		53	0.08932272	0.77355844	0.7534791	0.8706357	1.0	1831	tags=19%, list=10%, signal=21%	
GOBP_B_CELL_RECEPTOR_SIGNALING_PATHWAY	GOBP_B_CELL_RECEPTOR_SIGNALING_PATHWAY		61	0.083245225	0.77283263	0.751938	0.8712183	1.0	2694	tags=23%, list=15%, signal=27%	
GOBP_POSITIVE_REGULATION_OF_SMOOTH_MUSCLE_CELL_APOPTOTIC_PROCESS	GOBP_POSITIVE_REGULATION_OF_SMOOTH_MUSCLE_CELL_APOPTOTIC_PROCESS		15	0.16898492	0.77271616	0.7737374	0.87083197	1.0	1798	tags=27%, list=10%, signal=30%	
GOBP_ESTABLISHMENT_OF_MITOCHONDRION_LOCALIZATION_MICROTUBULE_MEDIATED	GOBP_ESTABLISHMENT_OF_MITOCHONDRION_LOCALIZATION_MICROTUBULE_MEDIATED		28	0.12272934	0.772324	0.742126	0.8708767	1.0	6284	tags=46%, list=34%, signal=70%	
GOBP_POSITIVE_REGULATION_OF_BINDING	GOBP_POSITIVE_REGULATION_OF_BINDING		71	0.077278696	0.7718501	0.7251586	0.871075	1.0	14643	tags=87%, list=80%, signal=427%	
GOBP_RESPONSE_TO_OXYGEN_LEVELS	GOBP_RESPONSE_TO_OXYGEN_LEVELS		336	0.035996158	0.77155584	0.75442046	0.87097085	1.0	8873	tags=52%, list=48%, signal=98%	
GOBP_NEGATIVE_REGULATION_OF_INTERLEUKIN_10_PRODUCTION	GOBP_NEGATIVE_REGULATION_OF_INTERLEUKIN_10_PRODUCTION		21	0.14305414	0.7715441	0.7585513	0.8704125	1.0	8756	tags=62%, list=48%, signal=118%	
GOBP_PROTEIN_O_LINKED_GLYCOSYLATION	GOBP_PROTEIN_O_LINKED_GLYCOSYLATION		98	0.06651313	0.76947546	0.7421384	0.8731427	1.0	13983	tags=83%, list=76%, signal=343%	
GOBP_CELLULAR_RESPONSE_TO_NUTRIENT	GOBP_CELLULAR_RESPONSE_TO_NUTRIENT		49	0.09105119	0.76940954	0.73253495	0.87268203	1.0	13342	tags=82%, list=73%, signal=297%	
GOBP_CELLULAR_RESPONSE_TO_FATTY_ACID	GOBP_CELLULAR_RESPONSE_TO_FATTY_ACID		39	0.104321755	0.7691317	0.75628626	0.8725288	1.0	1857	tags=21%, list=10%, signal=23%	
GOBP_NEGATIVE_REGULATION_OF_SMALL_GTPASE_MEDIATED_SIGNAL_TRANSDUCTION	GOBP_NEGATIVE_REGULATION_OF_SMALL_GTPASE_MEDIATED_SIGNAL_TRANSDUCTION		64	0.08193	0.7687806	0.75296444	0.87249845	1.0	11716	tags=72%, list=64%, signal=197%	
GOBP_POSITIVE_REGULATION_OF_LAMELLIPODIUM_ASSEMBLY	GOBP_POSITIVE_REGULATION_OF_LAMELLIPODIUM_ASSEMBLY		28	0.12020485	0.76796657	0.7889546	0.87324935	1.0	7644	tags=54%, list=42%, signal=92%	
GOBP_MIDBRAIN_DOPAMINERGIC_NEURON_DIFFERENTIATION	GOBP_MIDBRAIN_DOPAMINERGIC_NEURON_DIFFERENTIATION		17	0.1569193	0.76672393	0.75102043	0.8746457	1.0	7934	tags=59%, list=43%, signal=103%	
GOBP_POSITIVE_REGULATION_OF_EPIDERMIS_DEVELOPMENT	GOBP_POSITIVE_REGULATION_OF_EPIDERMIS_DEVELOPMENT		34	0.111972034	0.7663168	0.75049114	0.87468374	1.0	1189	tags=18%, list=6%, signal=19%	
GOBP_REGULATION_OF_PEPTIDYL_THREONINE_PHOSPHORYLATION	GOBP_REGULATION_OF_PEPTIDYL_THREONINE_PHOSPHORYLATION		15	0.16166016	0.76624805	0.73493975	0.8742132	1.0	9289	tags=67%, list=51%, signal=135%	
GOBP_G_PROTEIN_COUPLED_RECEPTOR_INTERNALIZATION	GOBP_G_PROTEIN_COUPLED_RECEPTOR_INTERNALIZATION		16	0.16215646	0.765512	0.72779924	0.87480164	1.0	3916	tags=38%, list=21%, signal=48%	
GOBP_NEGATIVE_REGULATION_OF_SUPRAMOLECULAR_FIBER_ORGANIZATION	GOBP_NEGATIVE_REGULATION_OF_SUPRAMOLECULAR_FIBER_ORGANIZATION		163	0.051919352	0.7644177	0.751046	0.8759157	1.0	12592	tags=74%, list=68%, signal=231%	
GOBP_SECRETORY_GRANULE_LOCALIZATION	GOBP_SECRETORY_GRANULE_LOCALIZATION		25	0.13058697	0.76411945	0.7697095	0.87582195	1.0	15256	tags=96%, list=83%, signal=562%	
GOBP_REGULATION_OF_TRIGLYCERIDE_BIOSYNTHETIC_PROCESS	GOBP_REGULATION_OF_TRIGLYCERIDE_BIOSYNTHETIC_PROCESS		19	0.14783938	0.76289535	0.7675351	0.87709874	1.0	13738	tags=89%, list=75%, signal=353%	
GOBP_KIDNEY_MESENCHYME_DEVELOPMENT	GOBP_KIDNEY_MESENCHYME_DEVELOPMENT		17	0.15748276	0.76140904	0.77799225	0.8788564	1.0	5760	tags=47%, list=31%, signal=68%	
GOBP_L_ARGININE_TRANSMEMBRANE_TRANSPORT	GOBP_L_ARGININE_TRANSMEMBRANE_TRANSPORT		15	0.16300975	0.7607267	0.75475687	0.87933606	1.0	5586	tags=47%, list=30%, signal=67%	
GOBP_TRANSPOSITION	GOBP_TRANSPOSITION		46	0.096061006	0.7594583	0.77475727	0.880754	1.0	1835	tags=20%, list=10%, signal=22%	
GOBP_POSITIVE_REGULATION_OF_NUCLEOTIDE_METABOLIC_PROCESS	GOBP_POSITIVE_REGULATION_OF_NUCLEOTIDE_METABOLIC_PROCESS		42	0.09809929	0.7591363	0.7724551	0.88067114	1.0	9146	tags=60%, list=50%, signal=118%	
GOBP_LOW_DENSITY_LIPOPROTEIN_PARTICLE_REMODELING	GOBP_LOW_DENSITY_LIPOPROTEIN_PARTICLE_REMODELING		15	0.15963215	0.7581779	0.78100777	0.8815889	1.0	4422	tags=40%, list=24%, signal=53%	
GOBP_NEGATIVE_REGULATION_OF_CELL_PROJECTION_ORGANIZATION	GOBP_NEGATIVE_REGULATION_OF_CELL_PROJECTION_ORGANIZATION		185	0.04897914	0.7568493	0.7852632	0.8830988	1.0	16703	tags=96%, list=91%, signal=1032%	
GOBP_NEGATIVE_REGULATION_OF_MIRNA_METABOLIC_PROCESS	GOBP_NEGATIVE_REGULATION_OF_MIRNA_METABOLIC_PROCESS		29	0.11597226	0.75605565	0.77932405	0.88369954	1.0	14358	tags=90%, list=78%, signal=408%	
GOBP_AORTA_DEVELOPMENT	GOBP_AORTA_DEVELOPMENT		65	0.079186365	0.7545688	0.7871094	0.88540035	1.0	11563	tags=71%, list=63%, signal=190%	
GOBP_INTRINSIC_APOPTOTIC_SIGNALING_PATHWAY_IN_RESPONSE_TO_DNA_DAMAGE_BY_P53_CLASS_MEDIATOR	GOBP_INTRINSIC_APOPTOTIC_SIGNALING_PATHWAY_IN_RESPONSE_TO_DNA_DAMAGE_BY_P53_CLASS_MEDIATOR		48	0.09189816	0.75390583	0.7791411	0.8858419	1.0	13256	tags=81%, list=72%, signal=290%	
GOBP_REGULATION_OF_STRIATED_MUSCLE_CELL_DIFFERENTIATION	GOBP_REGULATION_OF_STRIATED_MUSCLE_CELL_DIFFERENTIATION		85	0.069690436	0.7532804	0.7782101	0.88622093	1.0	3916	tags=28%, list=21%, signal=36%	
GOBP_REGULATION_OF_OSTEOCLAST_DIFFERENTIATION	GOBP_REGULATION_OF_OSTEOCLAST_DIFFERENTIATION		71	0.076070935	0.75309795	0.7871094	0.8859407	1.0	4304	tags=31%, list=23%, signal=40%	
GOBP_PURINE_NUCLEOSIDE_METABOLIC_PROCESS	GOBP_PURINE_NUCLEOSIDE_METABOLIC_PROCESS		27	0.1192551	0.75265425	0.80237156	0.8860449	1.0	16200	tags=100%, list=88%, signal=838%	
GOBP_NEGATIVE_REGULATION_OF_DNA_BINDING	GOBP_NEGATIVE_REGULATION_OF_DNA_BINDING		22	0.13492101	0.7525943	0.76507276	0.88556147	1.0	9224	tags=64%, list=50%, signal=128%	
GOBP_POSITIVE_REGULATION_OF_GLUCOSE_METABOLIC_PROCESS	GOBP_POSITIVE_REGULATION_OF_GLUCOSE_METABOLIC_PROCESS		46	0.0935168	0.7518526	0.7619048	0.886133	1.0	13476	tags=83%, list=73%, signal=308%	
GOBP_FACE_DEVELOPMENT	GOBP_FACE_DEVELOPMENT		54	0.08919934	0.75175905	0.7939394	0.88570744	1.0	8240	tags=54%, list=45%, signal=97%	
GOBP_DNA_TEMPLATED_TRANSCRIPTION_TERMINATION	GOBP_DNA_TEMPLATED_TRANSCRIPTION_TERMINATION		24	0.13111152	0.7515121	0.78688526	0.88550985	1.0	13683	tags=88%, list=74%, signal=341%	
GOBP_AXON_ENSHEATHMENT_IN_CENTRAL_NERVOUS_SYSTEM	GOBP_AXON_ENSHEATHMENT_IN_CENTRAL_NERVOUS_SYSTEM		24	0.1297481	0.751215	0.7651515	0.88538176	1.0	8344	tags=58%, list=45%, signal=107%	
GOBP_NEGATIVE_REGULATION_OF_RHO_PROTEIN_SIGNAL_TRANSDUCTION	GOBP_NEGATIVE_REGULATION_OF_RHO_PROTEIN_SIGNAL_TRANSDUCTION		23	0.13211541	0.75031716	0.78640777	0.88618225	1.0	6368	tags=48%, list=35%, signal=73%	
GOBP_TUBE_FORMATION	GOBP_TUBE_FORMATION		152	0.05083634	0.7478183	0.7865385	0.88933206	1.0	13712	tags=80%, list=75%, signal=310%	
GOBP_REGULATION_OF_PROTEIN_IMPORT_INTO_NUCLEUS	GOBP_REGULATION_OF_PROTEIN_IMPORT_INTO_NUCLEUS		62	0.08257054	0.7470221	0.7591093	0.889978	1.0	2935	tags=24%, list=16%, signal=29%	
GOBP_REGULATION_OF_PROTEIN_MATURATION	GOBP_REGULATION_OF_PROTEIN_MATURATION		61	0.08083583	0.74645466	0.794	0.89022887	1.0	8768	tags=56%, list=48%, signal=106%	
GOBP_VENTRICULAR_CARDIAC_MUSCLE_CELL_DIFFERENTIATION	GOBP_VENTRICULAR_CARDIAC_MUSCLE_CELL_DIFFERENTIATION		18	0.1484213	0.7449852	0.8117155	0.89188594	1.0	8511	tags=61%, list=46%, signal=114%	
GOBP_RESOLUTION_OF_MEIOTIC_RECOMBINATION_INTERMEDIATES	GOBP_RESOLUTION_OF_MEIOTIC_RECOMBINATION_INTERMEDIATES		16	0.15239455	0.7430786	0.8199234	0.8941776	1.0	10992	tags=75%, list=60%, signal=186%	
GOBP_NEGATIVE_REGULATION_OF_CHEMOTAXIS	GOBP_NEGATIVE_REGULATION_OF_CHEMOTAXIS		45	0.09545042	0.74278504	0.8086785	0.89406073	1.0	700	tags=13%, list=4%, signal=14%	
GOBP_MUSCLE_CELL_PROLIFERATION	GOBP_MUSCLE_CELL_PROLIFERATION		207	0.04398249	0.74025667	0.82851636	0.8972152	1.0	7373	tags=44%, list=40%, signal=73%	
GOBP_RESPONSE_TO_VITAMIN_D	GOBP_RESPONSE_TO_VITAMIN_D		39	0.09986476	0.7390028	0.81153846	0.8985022	1.0	7126	tags=49%, list=39%, signal=79%	
GOBP_NEUROTRANSMITTER_RECEPTOR_INTERNALIZATION	GOBP_NEUROTRANSMITTER_RECEPTOR_INTERNALIZATION		34	0.10596377	0.7386013	0.7868526	0.89849764	1.0	15363	tags=94%, list=84%, signal=571%	
GOBP_REGULATION_OF_HEMATOPOIETIC_PROGENITOR_CELL_DIFFERENTIATION	GOBP_REGULATION_OF_HEMATOPOIETIC_PROGENITOR_CELL_DIFFERENTIATION		42	0.09592453	0.7383261	0.7721774	0.898345	1.0	16192	tags=98%, list=88%, signal=815%	
GOBP_CELLULAR_RESPONSE_TO_VIRUS	GOBP_CELLULAR_RESPONSE_TO_VIRUS		65	0.07700032	0.7365737	0.79324895	0.9003201	1.0	11886	tags=72%, list=65%, signal=204%	
GOBP_NEGATIVE_REGULATION_OF_AXON_EXTENSION	GOBP_NEGATIVE_REGULATION_OF_AXON_EXTENSION		33	0.10780372	0.73657364	0.78740156	0.8997456	1.0	9166	tags=61%, list=50%, signal=121%	
GOBP_NEGATIVE_REGULATION_OF_MUSCLE_HYPERTROPHY	GOBP_NEGATIVE_REGULATION_OF_MUSCLE_HYPERTROPHY		33	0.10736299	0.7337028	0.8072289	0.90333366	1.0	10846	tags=70%, list=59%, signal=170%	
GOBP_MOTOR_BEHAVIOR	GOBP_MOTOR_BEHAVIOR		34	0.10752271	0.7334894	0.77710843	0.90308696	1.0	11548	tags=74%, list=63%, signal=197%	
GOBP_SUBSTRATE_DEPENDENT_CELL_MIGRATION	GOBP_SUBSTRATE_DEPENDENT_CELL_MIGRATION		29	0.11485113	0.73304427	0.7944112	0.9031489	1.0	4866	tags=38%, list=26%, signal=51%	
GOBP_POSITIVE_REGULATION_OF_STEROID_BIOSYNTHETIC_PROCESS	GOBP_POSITIVE_REGULATION_OF_STEROID_BIOSYNTHETIC_PROCESS		27	0.116185464	0.73266554	0.8243513	0.9031402	1.0	5358	tags=41%, list=29%, signal=57%	
GOBP_DNA_DAMAGE_RESPONSE_SIGNAL_TRANSDUCTION_BY_P53_CLASS_MEDIATOR	GOBP_DNA_DAMAGE_RESPONSE_SIGNAL_TRANSDUCTION_BY_P53_CLASS_MEDIATOR		78	0.07120975	0.73258394	0.80190474	0.902687	1.0	8362	tags=53%, list=45%, signal=96%	
GOBP_CELL_CELL_RECOGNITION	GOBP_CELL_CELL_RECOGNITION		76	0.073575005	0.7324245	0.8185567	0.9023347	1.0	7363	tags=47%, list=40%, signal=79%	
GOBP_REGULATION_OF_NATURAL_KILLER_CELL_ACTIVATION	GOBP_REGULATION_OF_NATURAL_KILLER_CELL_ACTIVATION		44	0.093894474	0.73152083	0.7825243	0.9030197	1.0	4128	tags=32%, list=22%, signal=41%	
GOBP_PROTEOGLYCAN_METABOLIC_PROCESS	GOBP_PROTEOGLYCAN_METABOLIC_PROCESS		109	0.0597725	0.72987235	0.8068834	0.90480936	1.0	8861	tags=54%, list=48%, signal=104%	
GOBP_CELL_GROWTH	GOBP_CELL_GROWTH		483	0.028954055	0.7290618	0.832	0.90542316	1.0	12160	tags=69%, list=66%, signal=198%	
GOBP_VASCULAR_ASSOCIATED_SMOOTH_MUSCLE_CELL_DIFFERENTIATION	GOBP_VASCULAR_ASSOCIATED_SMOOTH_MUSCLE_CELL_DIFFERENTIATION		30	0.11199283	0.72813946	0.77938145	0.9061903	1.0	3460	tags=30%, list=19%, signal=37%	
GOBP_POSITIVE_REGULATION_OF_MACROPHAGE_DIFFERENTIATION	GOBP_POSITIVE_REGULATION_OF_MACROPHAGE_DIFFERENTIATION		15	0.15136048	0.72790587	0.8083004	0.90594226	1.0	4574	tags=40%, list=25%, signal=53%	
GOBP_MUCUS_SECRETION	GOBP_MUCUS_SECRETION		18	0.14401871	0.7261349	0.80981594	0.90785855	1.0	4505	tags=39%, list=24%, signal=51%	
GOBP_OOCYTE_MATURATION	GOBP_OOCYTE_MATURATION		35	0.104215056	0.725819	0.8240166	0.9077448	1.0	10697	tags=69%, list=58%, signal=164%	
GOBP_NEGATIVE_REGULATION_OF_GLIAL_CELL_DIFFERENTIATION	GOBP_NEGATIVE_REGULATION_OF_GLIAL_CELL_DIFFERENTIATION		27	0.11630244	0.7249635	0.81299216	0.9084023	1.0	6037	tags=44%, list=33%, signal=66%	
GOBP_REGULATION_OF_NON_CANONICAL_WNT_SIGNALING_PATHWAY	GOBP_REGULATION_OF_NON_CANONICAL_WNT_SIGNALING_PATHWAY		26	0.11660771	0.7238641	0.80544746	0.9093423	1.0	7053	tags=50%, list=38%, signal=81%	
GOBP_FIBROBLAST_MIGRATION	GOBP_FIBROBLAST_MIGRATION		55	0.08307748	0.7214591	0.8039216	0.9122214	1.0	7504	tags=49%, list=41%, signal=83%	
GOBP_CRANIAL_NERVE_MORPHOGENESIS	GOBP_CRANIAL_NERVE_MORPHOGENESIS		29	0.11448869	0.7185579	0.82600385	0.9156611	1.0	6141	tags=45%, list=33%, signal=67%	
GOBP_REGULATION_OF_SYNAPTIC_VESICLE_CYCLE	GOBP_REGULATION_OF_SYNAPTIC_VESICLE_CYCLE		15	0.15248154	0.7160142	0.85162604	0.91854024	1.0	15588	tags=100%, list=85%, signal=656%	
GOBP_PROTEIN_PROCESSING	GOBP_PROTEIN_PROCESSING		230	0.041203897	0.7150197	0.8360656	0.9193536	1.0	8846	tags=52%, list=48%, signal=99%	
GOBP_ACROSOME_ASSEMBLY	GOBP_ACROSOME_ASSEMBLY		34	0.10305414	0.71467304	0.83011585	0.919239	1.0	5680	tags=41%, list=31%, signal=59%	
GOBP_REGULATION_OF_ENDOCRINE_PROCESS	GOBP_REGULATION_OF_ENDOCRINE_PROCESS		42	0.092631236	0.71376204	0.8074656	0.9199484	1.0	3116	tags=26%, list=17%, signal=31%	
GOBP_NODAL_SIGNALING_PATHWAY	GOBP_NODAL_SIGNALING_PATHWAY		21	0.12972237	0.71368283	0.8247012	0.9194692	1.0	16007	tags=100%, list=87%, signal=771%	
GOBP_NEGATIVE_REGULATION_OF_POTASSIUM_ION_TRANSMEMBRANE_TRANSPORT	GOBP_NEGATIVE_REGULATION_OF_POTASSIUM_ION_TRANSMEMBRANE_TRANSPORT		22	0.12895244	0.7121344	0.8141414	0.92097175	1.0	2646	tags=27%, list=14%, signal=32%	
GOBP_TRACHEA_DEVELOPMENT	GOBP_TRACHEA_DEVELOPMENT		19	0.1335499	0.7117584	0.82329315	0.9209143	1.0	5289	tags=42%, list=29%, signal=59%	
GOBP_MAMMARY_GLAND_EPITHELIUM_DEVELOPMENT	GOBP_MAMMARY_GLAND_EPITHELIUM_DEVELOPMENT		73	0.07073736	0.71170586	0.8407767	0.9203996	1.0	3238	tags=25%, list=18%, signal=30%	
GOBP_POSITIVE_REGULATION_OF_AMINO_ACID_TRANSPORT	GOBP_POSITIVE_REGULATION_OF_AMINO_ACID_TRANSPORT		22	0.12670806	0.71045524	0.8603239	0.9214845	1.0	6867	tags=50%, list=37%, signal=80%	
GOBP_AMINO_ACID_IMPORT_ACROSS_PLASMA_MEMBRANE	GOBP_AMINO_ACID_IMPORT_ACROSS_PLASMA_MEMBRANE		52	0.0852754	0.70976895	0.80761904	0.921869	1.0	9399	tags=60%, list=51%, signal=122%	
GOBP_POSITIVE_REGULATION_OF_GLUCONEOGENESIS	GOBP_POSITIVE_REGULATION_OF_GLUCONEOGENESIS		21	0.12924281	0.70964307	0.83	0.92145866	1.0	11637	tags=76%, list=63%, signal=207%	
GOBP_POSITIVE_REGULATION_OF_STEROL_TRANSPORT	GOBP_POSITIVE_REGULATION_OF_STEROL_TRANSPORT		35	0.1015752	0.70826906	0.80851066	0.92269975	1.0	10220	tags=66%, list=56%, signal=148%	
GOBP_SIGNAL_TRANSDUCTION_IN_ABSENCE_OF_LIGAND	GOBP_SIGNAL_TRANSDUCTION_IN_ABSENCE_OF_LIGAND		73	0.07130047	0.7074878	0.8404908	0.9231745	1.0	5747	tags=38%, list=31%, signal=56%	
GOBP_REGULATION_OF_LONG_TERM_NEURONAL_SYNAPTIC_PLASTICITY	GOBP_REGULATION_OF_LONG_TERM_NEURONAL_SYNAPTIC_PLASTICITY		26	0.11296367	0.7072972	0.83064514	0.92282546	1.0	11364	tags=73%, list=62%, signal=191%	
GOBP_REGULATION_OF_BROWN_FAT_CELL_DIFFERENTIATION	GOBP_REGULATION_OF_BROWN_FAT_CELL_DIFFERENTIATION		24	0.12182175	0.7069275	0.8293651	0.92272854	1.0	6957	tags=50%, list=38%, signal=80%	
GOBP_NEGATIVE_REGULATION_OF_RECEPTOR_SIGNALING_PATHWAY_VIA_JAK_STAT	GOBP_NEGATIVE_REGULATION_OF_RECEPTOR_SIGNALING_PATHWAY_VIA_JAK_STAT		22	0.1261018	0.705865	0.851927	0.9235475	1.0	9386	tags=64%, list=51%, signal=130%	
GOBP_MEMBRANE_DEPOLARIZATION_DURING_CARDIAC_MUSCLE_CELL_ACTION_POTENTIAL	GOBP_MEMBRANE_DEPOLARIZATION_DURING_CARDIAC_MUSCLE_CELL_ACTION_POTENTIAL		22	0.124923915	0.7052842	0.85510206	0.92372495	1.0	2720	tags=27%, list=15%, signal=32%	
GOBP_RIBONUCLEOSIDE_MONOPHOSPHATE_METABOLIC_PROCESS	GOBP_RIBONUCLEOSIDE_MONOPHOSPHATE_METABOLIC_PROCESS		59	0.078741625	0.7049097	0.8436214	0.9236485	1.0	8842	tags=56%, list=48%, signal=107%	
GOBP_PROTEIN_HETEROOLIGOMERIZATION	GOBP_PROTEIN_HETEROOLIGOMERIZATION		31	0.10743371	0.70490897	0.826	0.92307395	1.0	15231	tags=94%, list=83%, signal=544%	
GOBP_CATECHOLAMINE_SECRETION	GOBP_CATECHOLAMINE_SECRETION		45	0.0932677	0.7032687	0.81359226	0.9246147	1.0	6053	tags=42%, list=33%, signal=63%	
GOBP_GABAERGIC_NEURON_DIFFERENTIATION	GOBP_GABAERGIC_NEURON_DIFFERENTIATION		17	0.14402385	0.7027349	0.8313253	0.92472965	1.0	1680	tags=24%, list=9%, signal=26%	
GOBP_TOOTH_MINERALIZATION	GOBP_TOOTH_MINERALIZATION		34	0.10334254	0.7018275	0.8349901	0.9253514	1.0	10002	tags=65%, list=54%, signal=142%	
GOBP_NATURAL_KILLER_CELL_PROLIFERATION	GOBP_NATURAL_KILLER_CELL_PROLIFERATION		17	0.14025573	0.7018254	0.84431136	0.92477727	1.0	9322	tags=65%, list=51%, signal=131%	
GOBP_NEGATIVE_REGULATION_OF_EXTRINSIC_APOPTOTIC_SIGNALING_PATHWAY_VIA_DEATH_DOMAIN_RECEPTORS	GOBP_NEGATIVE_REGULATION_OF_EXTRINSIC_APOPTOTIC_SIGNALING_PATHWAY_VIA_DEATH_DOMAIN_RECEPTORS		29	0.10842481	0.7013139	0.8485477	0.9248558	1.0	4984	tags=38%, list=27%, signal=52%	
GOBP_REGULATION_OF_CARDIAC_CONDUCTION	GOBP_REGULATION_OF_CARDIAC_CONDUCTION		25	0.11962104	0.70095176	0.8329854	0.9247682	1.0	8101	tags=56%, list=44%, signal=100%	
GOBP_TROPHECTODERMAL_CELL_DIFFERENTIATION	GOBP_TROPHECTODERMAL_CELL_DIFFERENTIATION		20	0.12829462	0.699925	0.8539095	0.9255516	1.0	14194	tags=90%, list=77%, signal=394%	
GOBP_CARDIAC_CELL_DEVELOPMENT	GOBP_CARDIAC_CELL_DEVELOPMENT		86	0.06376068	0.6998168	0.82840234	0.9251176	1.0	9952	tags=60%, list=54%, signal=131%	
GOBP_CALCIUM_ION_TRANSPORT_INTO_CYTOSOL	GOBP_CALCIUM_ION_TRANSPORT_INTO_CYTOSOL		31	0.10481933	0.69948244	0.8634454	0.9249895	1.0	15279	tags=94%, list=83%, signal=552%	
GOBP_POSITIVE_REGULATION_OF_FATTY_ACID_METABOLIC_PROCESS	GOBP_POSITIVE_REGULATION_OF_FATTY_ACID_METABOLIC_PROCESS		38	0.09525189	0.69946766	0.8434959	0.9244369	1.0	13738	tags=84%, list=75%, signal=332%	
GOBP_ADENYLATE_CYCLASE_ACTIVATING_ADRENERGIC_RECEPTOR_SIGNALING_PATHWAY	GOBP_ADENYLATE_CYCLASE_ACTIVATING_ADRENERGIC_RECEPTOR_SIGNALING_PATHWAY		20	0.12550761	0.69894683	0.85162604	0.92455816	1.0	10567	tags=70%, list=57%, signal=164%	
GOBP_POSITIVE_REGULATION_OF_SMALL_MOLECULE_METABOLIC_PROCESS	GOBP_POSITIVE_REGULATION_OF_SMALL_MOLECULE_METABOLIC_PROCESS		154	0.047700573	0.69894075	0.8602362	0.92399466	1.0	13818	tags=80%, list=75%, signal=319%	
GOBP_REGULATION_OF_RESPONSE_TO_NUTRIENT_LEVELS	GOBP_REGULATION_OF_RESPONSE_TO_NUTRIENT_LEVELS		34	0.10171951	0.69862753	0.849711	0.9238085	1.0	14900	tags=91%, list=81%, signal=479%	
GOBP_CELLULAR_RESPONSE_TO_RETINOIC_ACID	GOBP_CELLULAR_RESPONSE_TO_RETINOIC_ACID		69	0.07063181	0.69860655	0.8469602	0.9232615	1.0	3236	tags=25%, list=18%, signal=30%	
GOBP_STARTLE_RESPONSE	GOBP_STARTLE_RESPONSE		28	0.11115132	0.69840956	0.87164754	0.92294157	1.0	12408	tags=79%, list=67%, signal=241%	
GOBP_REGULATION_OF_PROTEIN_BINDING	GOBP_REGULATION_OF_PROTEIN_BINDING		67	0.07345557	0.69838375	0.8533605	0.92240655	1.0	17044	tags=100%, list=93%, signal=1360%	
GOBP_DEOXYRIBONUCLEOTIDE_CATABOLIC_PROCESS	GOBP_DEOXYRIBONUCLEOTIDE_CATABOLIC_PROCESS		30	0.10886304	0.6974567	0.8606557	0.92300135	1.0	13326	tags=83%, list=72%, signal=302%	
GOBP_ESTABLISHMENT_OF_ENDOTHELIAL_INTESTINAL_BARRIER	GOBP_ESTABLISHMENT_OF_ENDOTHELIAL_INTESTINAL_BARRIER		15	0.14700335	0.6974482	0.86902285	0.9224403	1.0	3428	tags=33%, list=19%, signal=41%	
GOBP_NEGATIVE_ADAPTATION_OF_SIGNALING_PATHWAY	GOBP_NEGATIVE_ADAPTATION_OF_SIGNALING_PATHWAY		21	0.12895249	0.69540566	0.86821705	0.9244871	1.0	5512	tags=43%, list=30%, signal=61%	
GOBP_RESPONSE_TO_INTERLEUKIN_17	GOBP_RESPONSE_TO_INTERLEUKIN_17		18	0.13595736	0.69432205	0.86326534	0.9252591	1.0	8740	tags=61%, list=48%, signal=116%	
GOBP_REGULATION_OF_PEPTIDYL_SERINE_PHOSPHORYLATION	GOBP_REGULATION_OF_PEPTIDYL_SERINE_PHOSPHORYLATION		31	0.10578567	0.69376725	0.8472505	0.9253954	1.0	14668	tags=90%, list=80%, signal=445%	
GOBP_POSITIVE_REGULATION_OF_CELL_MATRIX_ADHESION	GOBP_POSITIVE_REGULATION_OF_CELL_MATRIX_ADHESION		57	0.07679818	0.693374	0.8289738	0.9253018	1.0	10529	tags=65%, list=57%, signal=151%	
GOBP_EOSINOPHIL_CHEMOTAXIS	GOBP_EOSINOPHIL_CHEMOTAXIS		20	0.12864842	0.6931307	0.8592437	0.925047	1.0	4992	tags=40%, list=27%, signal=55%	
GOBP_REGULATION_OF_ENDOTHELIAL_CELL_MIGRATION	GOBP_REGULATION_OF_ENDOTHELIAL_CELL_MIGRATION		171	0.045160197	0.6931063	0.86888456	0.92450386	1.0	10684	tags=63%, list=58%, signal=148%	
GOBP_DNA_CONFORMATION_CHANGE	GOBP_DNA_CONFORMATION_CHANGE		18	0.13407055	0.6930152	0.8523622	0.92404926	1.0	14905	tags=94%, list=81%, signal=498%	
GOBP_ACTIN_NUCLEATION	GOBP_ACTIN_NUCLEATION		56	0.07794913	0.68908453	0.8796844	0.92830014	1.0	10721	tags=66%, list=58%, signal=158%	
GOBP_POSITIVE_REGULATION_OF_INTERLEUKIN_12_PRODUCTION	GOBP_POSITIVE_REGULATION_OF_INTERLEUKIN_12_PRODUCTION		43	0.089560494	0.6885762	0.84928715	0.9283499	1.0	6482	tags=44%, list=35%, signal=68%	
GOBP_RESPONSE_TO_ISCHEMIA	GOBP_RESPONSE_TO_ISCHEMIA		61	0.07480612	0.6883563	0.836478	0.928059	1.0	9783	tags=61%, list=53%, signal=129%	
GOBP_CHONDROITIN_SULFATE_PROTEOGLYCAN_BIOSYNTHETIC_PROCESS	GOBP_CHONDROITIN_SULFATE_PROTEOGLYCAN_BIOSYNTHETIC_PROCESS		22	0.12220689	0.68715566	0.8804781	0.9289381	1.0	1098	tags=18%, list=6%, signal=19%	
GOBP_POSITIVE_REGULATION_OF_MEMBRANE_PROTEIN_ECTODOMAIN_PROTEOLYSIS	GOBP_POSITIVE_REGULATION_OF_MEMBRANE_PROTEIN_ECTODOMAIN_PROTEOLYSIS		17	0.14445604	0.6867803	0.825	0.92883676	1.0	8163	tags=59%, list=44%, signal=106%	
GOBP_REGULATION_OF_ADENYLATE_CYCLASE_ACTIVITY	GOBP_REGULATION_OF_ADENYLATE_CYCLASE_ACTIVITY		29	0.104360946	0.6859384	0.8810916	0.9292868	1.0	10132	tags=66%, list=55%, signal=146%	
GOBP_PORPHYRIN_CONTAINING_COMPOUND_METABOLIC_PROCESS	GOBP_PORPHYRIN_CONTAINING_COMPOUND_METABOLIC_PROCESS		52	0.0811092	0.68511295	0.8533605	0.92969644	1.0	5585	tags=38%, list=30%, signal=55%	
GOBP_LONG_TERM_MEMORY	GOBP_LONG_TERM_MEMORY		37	0.097851865	0.68382895	0.8326613	0.9306885	1.0	7150	tags=49%, list=39%, signal=79%	
GOBP_DORSAL_SPINAL_CORD_DEVELOPMENT	GOBP_DORSAL_SPINAL_CORD_DEVELOPMENT		18	0.13710035	0.6836012	0.85252523	0.93040025	1.0	8719	tags=61%, list=47%, signal=116%	
GOBP_NEGATIVE_REGULATION_OF_PROTEIN_UBIQUITINATION	GOBP_NEGATIVE_REGULATION_OF_PROTEIN_UBIQUITINATION		75	0.0672913	0.6828258	0.8588469	0.93079096	1.0	15441	tags=91%, list=84%, signal=563%	
GOBP_CD4_POSITIVE_OR_CD8_POSITIVE_ALPHA_BETA_T_CELL_LINEAGE_COMMITMENT	GOBP_CD4_POSITIVE_OR_CD8_POSITIVE_ALPHA_BETA_T_CELL_LINEAGE_COMMITMENT		36	0.093819425	0.6820711	0.8815261	0.9311008	1.0	5429	tags=39%, list=30%, signal=55%	
GOBP_NEGATIVE_REGULATION_OF_OXIDATIVE_STRESS_INDUCED_INTRINSIC_APOPTOTIC_SIGNALING_PATHWAY	GOBP_NEGATIVE_REGULATION_OF_OXIDATIVE_STRESS_INDUCED_INTRINSIC_APOPTOTIC_SIGNALING_PATHWAY		30	0.10432078	0.68051374	0.86558044	0.93239856	1.0	6053	tags=43%, list=33%, signal=64%	
GOBP_CELLULAR_RESPONSE_TO_PH	GOBP_CELLULAR_RESPONSE_TO_PH		26	0.11159818	0.6798508	0.8757062	0.9326452	1.0	7145	tags=50%, list=39%, signal=82%	
GOBP_POSITIVE_REGULATION_OF_BIOMINERAL_TISSUE_DEVELOPMENT	GOBP_POSITIVE_REGULATION_OF_BIOMINERAL_TISSUE_DEVELOPMENT		54	0.0791256	0.6787805	0.85132384	0.93335783	1.0	7403	tags=48%, list=40%, signal=80%	
GOBP_POSITIVE_REGULATION_OF_SYNAPTIC_TRANSMISSION_GABAERGIC	GOBP_POSITIVE_REGULATION_OF_SYNAPTIC_TRANSMISSION_GABAERGIC		15	0.14192429	0.67737657	0.8486056	0.9344478	1.0	15782	tags=100%, list=86%, signal=704%	
GOBP_CHAPERONE_MEDIATED_AUTOPHAGY	GOBP_CHAPERONE_MEDIATED_AUTOPHAGY		15	0.148908	0.67720246	0.8742633	0.9340908	1.0	3393	tags=33%, list=18%, signal=41%	
GOBP_PROTEIN_HOMOOLIGOMERIZATION	GOBP_PROTEIN_HOMOOLIGOMERIZATION		208	0.040107746	0.6754221	0.87109375	0.9356365	1.0	5459	tags=34%, list=30%, signal=47%	
GOBP_NEGATIVE_REGULATION_OF_VIRAL_TRANSCRIPTION	GOBP_NEGATIVE_REGULATION_OF_VIRAL_TRANSCRIPTION		16	0.14122449	0.6749394	0.87673956	0.9356574	1.0	15795	tags=100%, list=86%, signal=708%	
GOBP_SECONDARY_PALATE_DEVELOPMENT	GOBP_SECONDARY_PALATE_DEVELOPMENT		27	0.11260559	0.6748139	0.86868685	0.93523055	1.0	2018	tags=22%, list=11%, signal=25%	
GOBP_PERIPHERAL_NERVOUS_SYSTEM_AXON_ENSHEATHMENT	GOBP_PERIPHERAL_NERVOUS_SYSTEM_AXON_ENSHEATHMENT		30	0.101490505	0.67432564	0.86354774	0.9352378	1.0	6718	tags=47%, list=37%, signal=73%	
GOBP_NEGATIVE_REGULATION_OF_RECEPTOR_INTERNALIZATION	GOBP_NEGATIVE_REGULATION_OF_RECEPTOR_INTERNALIZATION		16	0.14063945	0.67425185	0.8767677	0.93476194	1.0	11208	tags=75%, list=61%, signal=192%	
GOBP_NEGATIVE_REGULATION_OF_SIGNAL_TRANSDUCTION_IN_ABSENCE_OF_LIGAND	GOBP_NEGATIVE_REGULATION_OF_SIGNAL_TRANSDUCTION_IN_ABSENCE_OF_LIGAND		37	0.09415284	0.67286545	0.882	0.9357847	1.0	8212	tags=54%, list=45%, signal=97%	
GOBP_FACE_MORPHOGENESIS	GOBP_FACE_MORPHOGENESIS		33	0.09752994	0.6724968	0.88372093	0.93566674	1.0	8240	tags=55%, list=45%, signal=99%	
GOBP_VENTRICULAR_CARDIAC_MUSCLE_CELL_ACTION_POTENTIAL	GOBP_VENTRICULAR_CARDIAC_MUSCLE_CELL_ACTION_POTENTIAL		36	0.09412967	0.66869676	0.8696498	0.9394524	1.0	2869	tags=25%, list=16%, signal=30%	
GOBP_REGULATION_OF_MAMMARY_GLAND_EPITHELIAL_CELL_PROLIFERATION	GOBP_REGULATION_OF_MAMMARY_GLAND_EPITHELIAL_CELL_PROLIFERATION		16	0.13805442	0.66862434	0.86773545	0.9389687	1.0	2060	tags=25%, list=11%, signal=28%	
GOBP_RESPONSE_TO_PARATHYROID_HORMONE	GOBP_RESPONSE_TO_PARATHYROID_HORMONE		15	0.141264	0.6679271	0.8965517	0.93917614	1.0	13342	tags=87%, list=73%, signal=315%	
GOBP_CARDIOBLAST_DIFFERENTIATION	GOBP_CARDIOBLAST_DIFFERENTIATION		17	0.13340142	0.6675241	0.89065605	0.9390563	1.0	2957	tags=29%, list=16%, signal=35%	
GOBP_NEGATIVE_REGULATION_OF_MACROPHAGE_ACTIVATION	GOBP_NEGATIVE_REGULATION_OF_MACROPHAGE_ACTIVATION		18	0.13252842	0.6668414	0.8910891	0.9392562	1.0	8803	tags=61%, list=48%, signal=117%	
GOBP_NEGATIVE_REGULATION_OF_RAS_PROTEIN_SIGNAL_TRANSDUCTION	GOBP_NEGATIVE_REGULATION_OF_RAS_PROTEIN_SIGNAL_TRANSDUCTION		24	0.115258805	0.6658148	0.8767677	0.93982744	1.0	10909	tags=71%, list=59%, signal=174%	
GOBP_COLLAGEN_ACTIVATED_SIGNALING_PATHWAY	GOBP_COLLAGEN_ACTIVATED_SIGNALING_PATHWAY		16	0.1390034	0.66553503	0.86811024	0.9395681	1.0	3192	tags=31%, list=17%, signal=38%	
GOBP_ALDEHYDE_BIOSYNTHETIC_PROCESS	GOBP_ALDEHYDE_BIOSYNTHETIC_PROCESS		17	0.13540553	0.6653031	0.87525153	0.939276	1.0	4002	tags=35%, list=22%, signal=45%	
GOBP_REGULATION_OF_MYOBLAST_FUSION	GOBP_REGULATION_OF_MYOBLAST_FUSION		21	0.118638046	0.6644897	0.89065605	0.9396174	1.0	7453	tags=52%, list=41%, signal=88%	
GOBP_NEGATIVE_REGULATION_OF_EPITHELIAL_CELL_MIGRATION	GOBP_NEGATIVE_REGULATION_OF_EPITHELIAL_CELL_MIGRATION		17	0.13535751	0.66431946	0.8949495	0.9392306	1.0	9412	tags=65%, list=51%, signal=132%	
GOBP_SCHWANN_CELL_DIFFERENTIATION	GOBP_SCHWANN_CELL_DIFFERENTIATION		50	0.0794493	0.6638212	0.8910891	0.9392062	1.0	16565	tags=98%, list=90%, signal=984%	
GOBP_POSITIVE_REGULATION_OF_GLYCOGEN_METABOLIC_PROCESS	GOBP_POSITIVE_REGULATION_OF_GLYCOGEN_METABOLIC_PROCESS		21	0.12622288	0.66341543	0.8665339	0.939103	1.0	13444	tags=86%, list=73%, signal=318%	
GOBP_REGULATION_OF_SULFUR_METABOLIC_PROCESS	GOBP_REGULATION_OF_SULFUR_METABOLIC_PROCESS		16	0.13515645	0.6628228	0.87626773	0.9391736	1.0	6711	tags=50%, list=36%, signal=79%	
GOBP_LATERAL_MESODERM_DEVELOPMENT	GOBP_LATERAL_MESODERM_DEVELOPMENT		18	0.13137637	0.6624874	0.8946322	0.93898	1.0	5759	tags=44%, list=31%, signal=65%	
GOBP_NEUTROPHIL_ACTIVATION_INVOLVED_IN_IMMUNE_RESPONSE	GOBP_NEUTROPHIL_ACTIVATION_INVOLVED_IN_IMMUNE_RESPONSE		20	0.124261074	0.662448	0.8845361	0.9384564	1.0	12429	tags=80%, list=68%, signal=247%	
GOBP_POSITIVE_REGULATION_OF_PATTERN_RECOGNITION_RECEPTOR_SIGNALING_PATHWAY	GOBP_POSITIVE_REGULATION_OF_PATTERN_RECOGNITION_RECEPTOR_SIGNALING_PATHWAY		80	0.06327346	0.6612486	0.8836292	0.9391929	1.0	9875	tags=60%, list=54%, signal=129%	
GOBP_RESPONSE_TO_ELECTRICAL_STIMULUS	GOBP_RESPONSE_TO_ELECTRICAL_STIMULUS		37	0.092803985	0.660591	0.88039213	0.93935686	1.0	1278	tags=16%, list=7%, signal=17%	
GOBP_T_HELPER_CELL_LINEAGE_COMMITMENT	GOBP_T_HELPER_CELL_LINEAGE_COMMITMENT		29	0.100580655	0.6567306	0.9024896	0.9429505	1.0	1323	tags=17%, list=7%, signal=19%	
GOBP_NEGATIVE_REGULATION_OF_DEVELOPMENTAL_GROWTH	GOBP_NEGATIVE_REGULATION_OF_DEVELOPMENTAL_GROWTH		95	0.05769971	0.65390456	0.90643275	0.94535667	1.0	12301	tags=73%, list=67%, signal=218%	
GOBP_OTIC_VESICLE_DEVELOPMENT	GOBP_OTIC_VESICLE_DEVELOPMENT		16	0.13369387	0.65317273	0.87341774	0.9455416	1.0	4439	tags=38%, list=24%, signal=49%	
GOBP_IMMUNOLOGICAL_MEMORY_PROCESS	GOBP_IMMUNOLOGICAL_MEMORY_PROCESS		20	0.122706994	0.6530074	0.8973306	0.9451417	1.0	11538	tags=75%, list=63%, signal=201%	
GOBP_CELL_DIFFERENTIATION_IN_HINDBRAIN	GOBP_CELL_DIFFERENTIATION_IN_HINDBRAIN		23	0.11366886	0.6528191	0.8955224	0.9447549	1.0	4308	tags=35%, list=23%, signal=45%	
GOBP_POSITIVE_REGULATION_OF_GLYCOGEN_BIOSYNTHETIC_PROCESS	GOBP_POSITIVE_REGULATION_OF_GLYCOGEN_BIOSYNTHETIC_PROCESS		17	0.13238977	0.6520602	0.89320385	0.944971	1.0	12712	tags=82%, list=69%, signal=266%	
GOBP_RIBONUCLEOSIDE_METABOLIC_PROCESS	GOBP_RIBONUCLEOSIDE_METABOLIC_PROCESS		30	0.098179154	0.65152967	0.910387	0.9449178	1.0	10457	tags=67%, list=57%, signal=154%	
GOBP_NEGATIVE_REGULATION_OF_TRANSMEMBRANE_TRANSPORT	GOBP_NEGATIVE_REGULATION_OF_TRANSMEMBRANE_TRANSPORT		104	0.054533806	0.64867854	0.8977035	0.94727993	1.0	4130	tags=28%, list=22%, signal=36%	
GOBP_RELEASE_OF_SEQUESTERED_CALCIUM_ION_INTO_CYTOSOL_BY_ENDOPLASMIC_RETICULUM	GOBP_RELEASE_OF_SEQUESTERED_CALCIUM_ION_INTO_CYTOSOL_BY_ENDOPLASMIC_RETICULUM		41	0.085526675	0.6486405	0.8957916	0.946747	1.0	5158	tags=37%, list=28%, signal=51%	
GOBP_POSITIVE_REGULATION_OF_KINASE_ACTIVITY	GOBP_POSITIVE_REGULATION_OF_KINASE_ACTIVITY		148	0.04552137	0.6446431	0.9121094	0.9501518	1.0	7867	tags=47%, list=43%, signal=82%	
GOBP_BEHAVIORAL_RESPONSE_TO_PAIN	GOBP_BEHAVIORAL_RESPONSE_TO_PAIN		20	0.12015406	0.64418757	0.90204084	0.95001745	1.0	13424	tags=85%, list=73%, signal=314%	
GOBP_POSITIVE_REGULATION_OF_LYASE_ACTIVITY	GOBP_POSITIVE_REGULATION_OF_LYASE_ACTIVITY		21	0.1158229	0.6438006	0.91501975	0.9498196	1.0	10132	tags=67%, list=55%, signal=148%	
GOBP_SKELETAL_MUSCLE_CELL_PROLIFERATION	GOBP_SKELETAL_MUSCLE_CELL_PROLIFERATION		25	0.108202115	0.6431221	0.8990099	0.9499264	1.0	9782	tags=64%, list=53%, signal=137%	
GOBP_NEGATIVE_REGULATION_OF_RECEPTOR_MEDIATED_ENDOCYTOSIS	GOBP_NEGATIVE_REGULATION_OF_RECEPTOR_MEDIATED_ENDOCYTOSIS		29	0.100676425	0.6429378	0.8924949	0.9495437	1.0	11468	tags=72%, list=62%, signal=192%	
GOBP_ADIPOSE_TISSUE_DEVELOPMENT	GOBP_ADIPOSE_TISSUE_DEVELOPMENT		68	0.06638154	0.6395873	0.9071146	0.95227295	1.0	6085	tags=40%, list=33%, signal=59%	
GOBP_AUTOPHAGOSOME_LYSOSOME_FUSION	GOBP_AUTOPHAGOSOME_LYSOSOME_FUSION		16	0.13412584	0.63909715	0.90836656	0.95216596	1.0	14776	tags=94%, list=80%, signal=477%	
GOBP_EPIGENETIC_PROGRAMMING_OF_GENE_EXPRESSION	GOBP_EPIGENETIC_PROGRAMMING_OF_GENE_EXPRESSION		36	0.08898877	0.6387502	0.9191919	0.95194346	1.0	11648	tags=72%, list=63%, signal=197%	
GOBP_DNA_METHYLATION_DEPENDENT_CONSTITUTIVE_HETEROCHROMATIN_FORMATION	GOBP_DNA_METHYLATION_DEPENDENT_CONSTITUTIVE_HETEROCHROMATIN_FORMATION		39	0.08466346	0.63755804	0.90674603	0.95254207	1.0	14950	tags=90%, list=81%, signal=479%	
GOBP_REGULATION_OF_CYTOSOLIC_CALCIUM_ION_CONCENTRATION	GOBP_REGULATION_OF_CYTOSOLIC_CALCIUM_ION_CONCENTRATION		58	0.07097715	0.6365932	0.9047619	0.9528795	1.0	14235	tags=84%, list=77%, signal=373%	
GOBP_REGULATION_OF_LIPID_STORAGE	GOBP_REGULATION_OF_LIPID_STORAGE		46	0.08123055	0.6365001	0.8992095	0.9523985	1.0	14501	tags=87%, list=79%, signal=410%	
GOBP_ORGANIC_ACID_TRANSMEMBRANE_TRANSPORT	GOBP_ORGANIC_ACID_TRANSMEMBRANE_TRANSPORT		155	0.044772126	0.6364824	0.91053677	0.9518528	1.0	11285	tags=66%, list=61%, signal=169%	
GOBP_MUSCLE_CELL_CELLULAR_HOMEOSTASIS	GOBP_MUSCLE_CELL_CELLULAR_HOMEOSTASIS		26	0.104714245	0.63622904	0.912	0.9515244	1.0	2320	tags=23%, list=13%, signal=26%	
GOBP_NEGATIVE_REGULATION_OF_LEUKOCYTE_CHEMOTAXIS	GOBP_NEGATIVE_REGULATION_OF_LEUKOCYTE_CHEMOTAXIS		21	0.116564274	0.6357543	0.8831967	0.95140636	1.0	485	tags=14%, list=3%, signal=15%	
GOBP_PROTEIN_AUTOPHOSPHORYLATION	GOBP_PROTEIN_AUTOPHOSPHORYLATION		139	0.04592815	0.6317544	0.92885375	0.9546483	1.0	3130	tags=22%, list=17%, signal=26%	
GOBP_REGULATION_OF_NOTCH_SIGNALING_PATHWAY	GOBP_REGULATION_OF_NOTCH_SIGNALING_PATHWAY		95	0.05439556	0.628507	0.9230769	0.95701295	1.0	5973	tags=38%, list=32%, signal=56%	
GOBP_CELL_COMMUNICATION_BY_ELECTRICAL_COUPLING	GOBP_CELL_COMMUNICATION_BY_ELECTRICAL_COUPLING		34	0.09278718	0.626932	0.9277344	0.9578635	1.0	2623	tags=24%, list=14%, signal=27%	
GOBP_CD8_POSITIVE_ALPHA_BETA_T_CELL_ACTIVATION	GOBP_CD8_POSITIVE_ALPHA_BETA_T_CELL_ACTIVATION		27	0.09963941	0.6268917	0.93265307	0.95732915	1.0	6343	tags=44%, list=34%, signal=68%	
GOBP_POSITIVE_REGULATION_OF_PROTEIN_BINDING	GOBP_POSITIVE_REGULATION_OF_PROTEIN_BINDING		25	0.106943265	0.62414545	0.9158317	0.95922333	1.0	3920	tags=32%, list=21%, signal=41%	
GOBP_THYMUS_DEVELOPMENT	GOBP_THYMUS_DEVELOPMENT		51	0.072943576	0.62120914	0.936255	0.96124	1.0	16331	tags=96%, list=89%, signal=855%	
GOBP_REGULATION_OF_REACTIVE_OXYGEN_SPECIES_BIOSYNTHETIC_PROCESS	GOBP_REGULATION_OF_REACTIVE_OXYGEN_SPECIES_BIOSYNTHETIC_PROCESS		43	0.079175994	0.6210344	0.9306723	0.9608191	1.0	13088	tags=79%, list=71%, signal=274%	
GOBP_REGULATION_OF_PLATELET_ACTIVATION	GOBP_REGULATION_OF_PLATELET_ACTIVATION		54	0.07201289	0.617448	0.90816325	0.963325	1.0	7874	tags=50%, list=43%, signal=87%	
GOBP_GLUTAMINE_METABOLIC_PROCESS	GOBP_GLUTAMINE_METABOLIC_PROCESS		20	0.11335802	0.6166087	0.9361702	0.9634888	1.0	7112	tags=50%, list=39%, signal=81%	
GOBP_CEREBELLAR_CORTEX_FORMATION	GOBP_CEREBELLAR_CORTEX_FORMATION		27	0.099179566	0.615737	0.9185336	0.96362805	1.0	4308	tags=33%, list=23%, signal=43%	
GOBP_NEGATIVE_REGULATION_OF_ANDROGEN_RECEPTOR_SIGNALING_PATHWAY	GOBP_NEGATIVE_REGULATION_OF_ANDROGEN_RECEPTOR_SIGNALING_PATHWAY		17	0.12171291	0.6125079	0.93657506	0.9657488	1.0	13990	tags=88%, list=76%, signal=368%	
GOBP_CEREBELLAR_PURKINJE_CELL_LAYER_MORPHOGENESIS	GOBP_CEREBELLAR_PURKINJE_CELL_LAYER_MORPHOGENESIS		20	0.114854954	0.61066294	0.9277344	0.9666753	1.0	16280	tags=100%, list=89%, signal=870%	
GOBP_RESPONSE_TO_STEROID_HORMONE	GOBP_RESPONSE_TO_STEROID_HORMONE		338	0.028790986	0.6088698	0.9196078	0.96757	1.0	11885	tags=67%, list=65%, signal=187%	
GOBP_NEGATIVE_REGULATION_OF_PLASMA_MEMBRANE_BOUNDED_CELL_PROJECTION_ASSEMBLY	GOBP_NEGATIVE_REGULATION_OF_PLASMA_MEMBRANE_BOUNDED_CELL_PROJECTION_ASSEMBLY		41	0.07942446	0.60635287	0.93415636	0.9689919	1.0	16484	tags=98%, list=90%, signal=939%	
GOBP_POSITIVE_REGULATION_OF_EMBRYONIC_DEVELOPMENT	GOBP_POSITIVE_REGULATION_OF_EMBRYONIC_DEVELOPMENT		21	0.10890427	0.6062692	0.9402391	0.9684939	1.0	3253	tags=29%, list=18%, signal=35%	
GOBP_REGULATION_OF_TOLERANCE_INDUCTION	GOBP_REGULATION_OF_TOLERANCE_INDUCTION		20	0.11395134	0.6061619	0.93890023	0.9680011	1.0	5262	tags=40%, list=29%, signal=56%	
GOBP_ANDROGEN_METABOLIC_PROCESS	GOBP_ANDROGEN_METABOLIC_PROCESS		29	0.09405105	0.60594743	0.93426293	0.96759665	1.0	12858	tags=79%, list=70%, signal=263%	
GOBP_WALKING_BEHAVIOR	GOBP_WALKING_BEHAVIOR		40	0.08342053	0.60406834	0.93230176	0.9684531	1.0	4905	tags=35%, list=27%, signal=48%	
GOBP_REGULATION_OF_NEURON_PROJECTION_ARBORIZATION	GOBP_REGULATION_OF_NEURON_PROJECTION_ARBORIZATION		15	0.12541361	0.60233045	0.9348231	0.9692439	1.0	8729	tags=60%, list=47%, signal=114%	
GOBP_POSITIVE_REGULATION_OF_TRANSFORMING_GROWTH_FACTOR_BETA_PRODUCTION	GOBP_POSITIVE_REGULATION_OF_TRANSFORMING_GROWTH_FACTOR_BETA_PRODUCTION		19	0.11535287	0.6020044	0.9122807	0.968917	1.0	11431	tags=74%, list=62%, signal=195%	
GOBP_NEGATIVE_REGULATION_OF_REGULATED_SECRETORY_PATHWAY	GOBP_NEGATIVE_REGULATION_OF_REGULATED_SECRETORY_PATHWAY		25	0.10217359	0.600665	0.94106466	0.9693406	1.0	11364	tags=72%, list=62%, signal=188%	
GOBP_GANGLIOSIDE_BIOSYNTHETIC_PROCESS	GOBP_GANGLIOSIDE_BIOSYNTHETIC_PROCESS		16	0.12261224	0.5997007	0.95348835	0.969528	1.0	16137	tags=100%, list=88%, signal=815%	
GOBP_NUCLEOTIDE_TRANSPORT	GOBP_NUCLEOTIDE_TRANSPORT		47	0.07547832	0.59887046	0.93047035	0.96958375	1.0	3310	tags=26%, list=18%, signal=31%	
GOBP_INTRACELLULAR_COPPER_ION_HOMEOSTASIS	GOBP_INTRACELLULAR_COPPER_ION_HOMEOSTASIS		18	0.11786621	0.5980145	0.93402064	0.96964824	1.0	14181	tags=89%, list=77%, signal=388%	
GOBP_GLUCAN_BIOSYNTHETIC_PROCESS	GOBP_GLUCAN_BIOSYNTHETIC_PROCESS		42	0.07685641	0.5971826	0.9435798	0.9696735	1.0	16104	tags=95%, list=88%, signal=764%	
GOBP_SYNAPSE_PRUNING	GOBP_SYNAPSE_PRUNING		18	0.118189745	0.5955037	0.91886795	0.9703143	1.0	7023	tags=50%, list=38%, signal=81%	
GOBP_MEMBRANE_REPOLARIZATION_DURING_VENTRICULAR_CARDIAC_MUSCLE_CELL_ACTION_POTENTIAL	GOBP_MEMBRANE_REPOLARIZATION_DURING_VENTRICULAR_CARDIAC_MUSCLE_CELL_ACTION_POTENTIAL		17	0.121309526	0.5954014	0.9362934	0.9698156	1.0	4261	tags=35%, list=23%, signal=46%	
GOBP_REGULATION_OF_FIBROBLAST_PROLIFERATION	GOBP_REGULATION_OF_FIBROBLAST_PROLIFERATION		92	0.05407817	0.5909636	0.9386503	0.97233784	1.0	6006	tags=38%, list=33%, signal=56%	
GOBP_PURINE_DEOXYRIBONUCLEOTIDE_METABOLIC_PROCESS	GOBP_PURINE_DEOXYRIBONUCLEOTIDE_METABOLIC_PROCESS		17	0.11720526	0.58279675	0.93958336	0.97722435	1.0	12991	tags=82%, list=71%, signal=280%	
GOBP_RESPONSE_TO_HEAT	GOBP_RESPONSE_TO_HEAT		98	0.049806055	0.5815776	0.96202534	0.9774376	1.0	11849	tags=69%, list=64%, signal=194%	
GOBP_PURINE_NUCLEOSIDE_MONOPHOSPHATE_METABOLIC_PROCESS	GOBP_PURINE_NUCLEOSIDE_MONOPHOSPHATE_METABOLIC_PROCESS		44	0.07351215	0.581551	0.9663158	0.9768875	1.0	3666	tags=27%, list=20%, signal=34%	
GOBP_MAST_CELL_MIGRATION	GOBP_MAST_CELL_MIGRATION		15	0.12155713	0.5795468	0.9592668	0.97757643	1.0	11252	tags=73%, list=61%, signal=189%	
GOBP_POSITIVE_REGULATION_OF_MUSCLE_CELL_APOPTOTIC_PROCESS	GOBP_POSITIVE_REGULATION_OF_MUSCLE_CELL_APOPTOTIC_PROCESS		26	0.09462189	0.57829225	0.9308943	0.9777987	1.0	1798	tags=19%, list=10%, signal=21%	
GOBP_REGULATION_OF_ACTIN_NUCLEATION	GOBP_REGULATION_OF_ACTIN_NUCLEATION		37	0.081209205	0.57795554	0.9617706	0.97744477	1.0	12426	tags=76%, list=68%, signal=233%	
GOBP_POSITIVE_REGULATION_OF_ENDOTHELIAL_CELL_MIGRATION	GOBP_POSITIVE_REGULATION_OF_ENDOTHELIAL_CELL_MIGRATION		110	0.046560496	0.5759429	0.95884776	0.9780999	1.0	10684	tags=63%, list=58%, signal=149%	
GOBP_POSITIVE_REGULATION_OF_BONE_MINERALIZATION	GOBP_POSITIVE_REGULATION_OF_BONE_MINERALIZATION		44	0.07486363	0.57551914	0.95010394	0.97777927	1.0	7403	tags=48%, list=40%, signal=80%	
GOBP_PODOSOME_ASSEMBLY	GOBP_PODOSOME_ASSEMBLY		22	0.10067112	0.5754018	0.95694715	0.97728455	1.0	12361	tags=77%, list=67%, signal=235%	
GOBP_NEUROMUSCULAR_JUNCTION_DEVELOPMENT	GOBP_NEUROMUSCULAR_JUNCTION_DEVELOPMENT		55	0.065105885	0.57156247	0.9526749	0.9790082	1.0	6496	tags=42%, list=35%, signal=64%	
GOBP_MORPHOGENESIS_OF_AN_ENDOTHELIUM	GOBP_MORPHOGENESIS_OF_AN_ENDOTHELIUM		17	0.11616159	0.5661046	0.962818	0.9815307	1.0	14092	tags=88%, list=77%, signal=377%	
GOBP_KETONE_BIOSYNTHETIC_PROCESS	GOBP_KETONE_BIOSYNTHETIC_PROCESS		51	0.06702271	0.5654887	0.9755102	0.98130894	1.0	7785	tags=49%, list=42%, signal=85%	
GOBP_MYOBLAST_DIFFERENTIATION	GOBP_MYOBLAST_DIFFERENTIATION		112	0.04681163	0.56181043	0.97011954	0.9827805	1.0	1278	tags=12%, list=7%, signal=12%	
GOBP_LIPOPROTEIN_CATABOLIC_PROCESS	GOBP_LIPOPROTEIN_CATABOLIC_PROCESS		15	0.11741767	0.5614405	0.97619045	0.98242146	1.0	10102	tags=67%, list=55%, signal=148%	
GOBP_MITOCHONDRIAL_DEPOLARIZATION	GOBP_MITOCHONDRIAL_DEPOLARIZATION		28	0.0889794	0.560217	0.97415507	0.98251003	1.0	2306	tags=21%, list=13%, signal=24%	
GOBP_RESPONSE_TO_PROGESTERONE	GOBP_RESPONSE_TO_PROGESTERONE		34	0.082819834	0.5568703	0.9672447	0.9837205	1.0	8756	tags=56%, list=48%, signal=106%	
GOBP_MEMBRANE_REPOLARIZATION_DURING_ACTION_POTENTIAL	GOBP_MEMBRANE_REPOLARIZATION_DURING_ACTION_POTENTIAL		30	0.085167885	0.5560605	0.96153843	0.98357946	1.0	12535	tags=77%, list=68%, signal=240%	
GOBP_CELLULAR_RESPONSE_TO_ZINC_ION	GOBP_CELLULAR_RESPONSE_TO_ZINC_ION		23	0.097369246	0.5554993	0.9722772	0.9832911	1.0	5407	tags=39%, list=29%, signal=55%	
GOBP_MATERNAL_PROCESS_INVOLVED_IN_FEMALE_PREGNANCY	GOBP_MATERNAL_PROCESS_INVOLVED_IN_FEMALE_PREGNANCY		59	0.061489217	0.55393153	0.9717742	0.98349327	1.0	7288	tags=46%, list=40%, signal=76%	
GOBP_NUCLEOBASE_METABOLIC_PROCESS	GOBP_NUCLEOBASE_METABOLIC_PROCESS		40	0.07348239	0.5533112	0.96653545	0.98321843	1.0	11984	tags=73%, list=65%, signal=208%	
GOBP_POSITIVE_REGULATION_OF_KERATINOCYTE_DIFFERENTIATION	GOBP_POSITIVE_REGULATION_OF_KERATINOCYTE_DIFFERENTIATION		20	0.10325786	0.55140316	0.969697	0.9836012	1.0	6378	tags=45%, list=35%, signal=69%	
GOBP_NEGATIVE_REGULATION_OF_MICROTUBULE_POLYMERIZATION_OR_DEPOLYMERIZATION	GOBP_NEGATIVE_REGULATION_OF_MICROTUBULE_POLYMERIZATION_OR_DEPOLYMERIZATION		44	0.069558084	0.55053496	0.97894734	0.9834555	1.0	13770	tags=82%, list=75%, signal=325%	
GOBP_REGULATION_OF_SUBSTRATE_ADHESION_DEPENDENT_CELL_SPREADING	GOBP_REGULATION_OF_SUBSTRATE_ADHESION_DEPENDENT_CELL_SPREADING		61	0.059916083	0.5480375	0.9694501	0.9840526	1.0	7644	tags=48%, list=42%, signal=81%	
GOBP_STEROID_HORMONE_SECRETION	GOBP_STEROID_HORMONE_SECRETION		29	0.08918343	0.54778516	0.96428573	0.98360074	1.0	7874	tags=52%, list=43%, signal=90%	
GOBP_SYNAPTIC_VESICLE_MEMBRANE_ORGANIZATION	GOBP_SYNAPTIC_VESICLE_MEMBRANE_ORGANIZATION		35	0.07658065	0.54561704	0.9789675	0.9839958	1.0	14357	tags=86%, list=78%, signal=390%	
GOBP_REGULATION_OF_EXTRINSIC_APOPTOTIC_SIGNALING_PATHWAY	GOBP_REGULATION_OF_EXTRINSIC_APOPTOTIC_SIGNALING_PATHWAY		162	0.03705365	0.54054123	0.97410357	0.9856378	1.0	8292	tags=49%, list=45%, signal=88%	
GOBP_NON_PROTEINOGENIC_AMINO_ACID_BIOSYNTHETIC_PROCESS	GOBP_NON_PROTEINOGENIC_AMINO_ACID_BIOSYNTHETIC_PROCESS		17	0.10642917	0.54007065	0.9830867	0.98527104	1.0	13189	tags=82%, list=72%, signal=291%	
GOBP_ALPHA_BETA_T_CELL_PROLIFERATION	GOBP_ALPHA_BETA_T_CELL_PROLIFERATION		47	0.06878357	0.53666145	0.9681275	0.98604065	1.0	4998	tags=34%, list=27%, signal=47%	
GOBP_CELLULAR_RESPONSE_TO_LIPOPROTEIN_PARTICLE_STIMULUS	GOBP_CELLULAR_RESPONSE_TO_LIPOPROTEIN_PARTICLE_STIMULUS		39	0.07325269	0.53441983	0.98767966	0.98637253	1.0	4785	tags=33%, list=26%, signal=45%	
GOBP_RAC_PROTEIN_SIGNAL_TRANSDUCTION	GOBP_RAC_PROTEIN_SIGNAL_TRANSDUCTION		54	0.06156953	0.5332425	0.98128897	0.98627627	1.0	17261	tags=100%, list=94%, signal=1623%	
GOBP_HEART_TRABECULA_MORPHOGENESIS	GOBP_HEART_TRABECULA_MORPHOGENESIS		34	0.07717203	0.5321078	0.96579474	0.9861389	1.0	746	tags=12%, list=4%, signal=12%	
GOBP_REGULATION_OF_MITOCHONDRIAL_DEPOLARIZATION	GOBP_REGULATION_OF_MITOCHONDRIAL_DEPOLARIZATION		22	0.091634154	0.5237147	0.98085105	0.98859274	1.0	12527	tags=77%, list=68%, signal=242%	
GOBP_REGULATION_OF_PROTEIN_POLYMERIZATION	GOBP_REGULATION_OF_PROTEIN_POLYMERIZATION		200	0.033096857	0.52186805	0.97821784	0.9886655	1.0	3351	tags=22%, list=18%, signal=26%	
GOBP_NEGATIVE_REGULATION_OF_CARBOHYDRATE_METABOLIC_PROCESS	GOBP_NEGATIVE_REGULATION_OF_CARBOHYDRATE_METABOLIC_PROCESS		58	0.058201995	0.5126808	0.9824903	0.9909308	1.0	10030	tags=60%, list=55%, signal=132%	
GOBP_POSITIVE_REGULATION_OF_ERBB_SIGNALING_PATHWAY	GOBP_POSITIVE_REGULATION_OF_ERBB_SIGNALING_PATHWAY		31	0.07716104	0.507329	0.9847619	0.9918371	1.0	11634	tags=71%, list=63%, signal=193%	
GOBP_REGULATION_OF_SYNAPTIC_TRANSMISSION_GABAERGIC	GOBP_REGULATION_OF_SYNAPTIC_TRANSMISSION_GABAERGIC		33	0.0737256	0.5023553	0.99382716	0.9925161	1.0	8677	tags=55%, list=47%, signal=103%	
GOBP_INTRACELLULAR_POTASSIUM_ION_HOMEOSTASIS	GOBP_INTRACELLULAR_POTASSIUM_ION_HOMEOSTASIS		17	0.10317008	0.5020608	0.99040306	0.99202263	1.0	267	tags=12%, list=1%, signal=12%	
GOBP_RESPONSE_TO_INSULIN	GOBP_RESPONSE_TO_INSULIN		272	0.02603477	0.49858195	0.98214287	0.9922937	1.0	12712	tags=72%, list=69%, signal=229%	
GOBP_TETRAPYRROLE_METABOLIC_PROCESS	GOBP_TETRAPYRROLE_METABOLIC_PROCESS		62	0.052889906	0.4952242	0.9897959	0.99249023	1.0	11488	tags=68%, list=62%, signal=180%	
GOBP_NEGATIVE_REGULATION_OF_BIOMINERAL_TISSUE_DEVELOPMENT	GOBP_NEGATIVE_REGULATION_OF_BIOMINERAL_TISSUE_DEVELOPMENT		28	0.07679459	0.4914398	0.9980159	0.99277645	1.0	16323	tags=96%, list=89%, signal=856%	
GOBP_REGULATION_OF_CALCIUM_ION_TRANSPORT_INTO_CYTOSOL	GOBP_REGULATION_OF_CALCIUM_ION_TRANSPORT_INTO_CYTOSOL		20	0.08957053	0.48436078	0.99622643	0.9936373	1.0	7549	tags=50%, list=41%, signal=85%	
GOBP_DENDRITE_SELF_AVOIDANCE	GOBP_DENDRITE_SELF_AVOIDANCE		16	0.09789455	0.4751172	0.993865	0.9946222	1.0	10844	tags=69%, list=59%, signal=167%	
GOBP_REGULATION_OF_GLYCOGEN_METABOLIC_PROCESS	GOBP_REGULATION_OF_GLYCOGEN_METABOLIC_PROCESS		38	0.05203939	0.37774026	1.0	0.999823	1.0	15983	tags=92%, list=87%, signal=702%	
