NAME,GS<br> follow link to MSigDB,GS DETAILS,SIZE,ES,NES,NOM p-val,FDR q-val,FWER p-val,RANK AT MAX,LEADING EDGE,Unnamed: 11
GOBP_TRANSLATION_AT_SYNAPSE,GOBP_TRANSLATION_AT_SYNAPSE,Details ...,48,-0.77504027,-6.3563643,0.0,0.0,0.0,1756,"tags=90%, list=12%, signal=102%",
GOBP_CYTOPLASMIC_TRANSLATION,GOBP_CYTOPLASMIC_TRANSLATION,Details ...,157,-0.40988553,-5.961105,0.0,0.0,0.0,1211,"tags=49%, list=9%, signal=53%",
GOBP_AEROBIC_RESPIRATION,GOBP_AEROBIC_RESPIRATION,Details ...,149,-0.32122433,-4.4860315,0.0,0.0,0.0,6743,"tags=79%, list=47%, signal=149%",
GOBP_OXIDATIVE_PHOSPHORYLATION,GOBP_OXIDATIVE_PHOSPHORYLATION,Details ...,108,-0.355995,-4.3922944,0.0,0.0,0.0,6696,"tags=82%, list=47%, signal=155%",
GOBP_CELLULAR_RESPIRATION,GOBP_CELLULAR_RESPIRATION,Details ...,196,-0.2694216,-4.3584747,0.0,0.0,0.0,6743,"tags=74%, list=47%, signal=139%",
GOBP_ENERGY_DERIVATION_BY_OXIDATION_OF_ORGANIC_COMPOUNDS,GOBP_ENERGY_DERIVATION_BY_OXIDATION_OF_ORGANIC_COMPOUNDS,Details ...,291,-0.21591905,-4.301011,0.0,0.0,0.0,6816,"tags=69%, list=48%, signal=130%",
GOBP_GENERATION_OF_PRECURSOR_METABOLITES_AND_ENERGY,GOBP_GENERATION_OF_PRECURSOR_METABOLITES_AND_ENERGY,Details ...,402,-0.17497918,-4.0954027,0.0,0.0,0.0,6816,"tags=65%, list=48%, signal=121%",
GOBP_SMALL_MOLECULE_CATABOLIC_PROCESS,GOBP_SMALL_MOLECULE_CATABOLIC_PROCESS,Details ...,339,-0.18313776,-3.9709983,0.0,0.0,0.0,6394,"tags=63%, list=45%, signal=111%",
GOBP_MITOCHONDRIAL_TRANSLATION,GOBP_MITOCHONDRIAL_TRANSLATION,Details ...,118,-0.30425188,-3.9055455,0.0,0.0,0.0,8967,"tags=93%, list=63%, signal=250%",
GOBP_ELECTRON_TRANSPORT_CHAIN,GOBP_ELECTRON_TRANSPORT_CHAIN,Details ...,85,-0.3511893,-3.8023045,0.0,0.0,0.0,6748,"tags=82%, list=47%, signal=156%",
GOBP_ORGANIC_ACID_CATABOLIC_PROCESS,GOBP_ORGANIC_ACID_CATABOLIC_PROCESS,Details ...,229,-0.21771486,-3.7946365,0.0,0.0,0.0,6394,"tags=66%, list=45%, signal=119%",
GOBP_MITOCHONDRIAL_GENE_EXPRESSION,GOBP_MITOCHONDRIAL_GENE_EXPRESSION,Details ...,150,-0.25218394,-3.6479921,0.0,0.0,0.0,8967,"tags=88%, list=63%, signal=236%",
GOBP_AEROBIC_ELECTRON_TRANSPORT_CHAIN,GOBP_AEROBIC_ELECTRON_TRANSPORT_CHAIN,Details ...,52,-0.4273862,-3.642394,0.0,0.0,0.0,6252,"tags=87%, list=44%, signal=154%",
GOBP_ATP_SYNTHESIS_COUPLED_ELECTRON_TRANSPORT,GOBP_ATP_SYNTHESIS_COUPLED_ELECTRON_TRANSPORT,Details ...,62,-0.40193743,-3.6192842,0.0,0.0,0.0,6696,"tags=87%, list=47%, signal=164%",
GOBP_NUCLEOTIDE_METABOLIC_PROCESS,GOBP_NUCLEOTIDE_METABOLIC_PROCESS,Details ...,421,-0.15152308,-3.569799,0.0,0.0,0.0,6929,"tags=63%, list=49%, signal=120%",
GOBP_AMINO_ACID_CATABOLIC_PROCESS,GOBP_AMINO_ACID_CATABOLIC_PROCESS,Details ...,99,-0.3021412,-3.5428283,0.0,0.0,0.0,6364,"tags=75%, list=45%, signal=134%",
GOBP_HUMORAL_IMMUNE_RESPONSE,GOBP_HUMORAL_IMMUNE_RESPONSE,Details ...,185,-0.22139439,-3.492263,0.0,0.0,0.0,3120,"tags=44%, list=22%, signal=55%",
GOBP_PROTON_MOTIVE_FORCE_DRIVEN_ATP_SYNTHESIS,GOBP_PROTON_MOTIVE_FORCE_DRIVEN_ATP_SYNTHESIS,Details ...,43,-0.44130605,-3.4776232,0.0,0.0,0.0,6973,"tags=93%, list=49%, signal=182%",
GOBP_RIBONUCLEOPROTEIN_COMPLEX_BIOGENESIS,GOBP_RIBONUCLEOPROTEIN_COMPLEX_BIOGENESIS,Details ...,395,-0.14978239,-3.4548013,0.0,0.0,0.0,10603,"tags=89%, list=75%, signal=341%",
GOBP_FATTY_ACID_METABOLIC_PROCESS,GOBP_FATTY_ACID_METABOLIC_PROCESS,Details ...,428,-0.1449049,-3.4117472,0.0,0.0,0.0,5578,"tags=53%, list=39%, signal=85%",
GOBP_ALPHA_AMINO_ACID_METABOLIC_PROCESS,GOBP_ALPHA_AMINO_ACID_METABOLIC_PROCESS,,190,-0.20979144,-3.3791645,0.0,0.0,0.0,4617,"tags=53%, list=32%, signal=78%",
GOBP_GLYCERALDEHYDE_3_PHOSPHATE_METABOLIC_PROCESS,GOBP_GLYCERALDEHYDE_3_PHOSPHATE_METABOLIC_PROCESS,,18,-0.6392859,-3.2672186,0.0,0.0,0.0,1982,"tags=78%, list=14%, signal=90%",
GOBP_MITOCHONDRIAL_RESPIRATORY_CHAIN_COMPLEX_ASSEMBLY,GOBP_MITOCHONDRIAL_RESPIRATORY_CHAIN_COMPLEX_ASSEMBLY,,76,-0.31235236,-3.224114,0.0,0.0,0.0,6997,"tags=80%, list=49%, signal=157%",
GOBP_DICARBOXYLIC_ACID_METABOLIC_PROCESS,GOBP_DICARBOXYLIC_ACID_METABOLIC_PROCESS,,97,-0.27984536,-3.2238243,0.0,0.0,0.0,5578,"tags=67%, list=39%, signal=110%",
GOBP_AROMATIC_AMINO_ACID_FAMILY_CATABOLIC_PROCESS,GOBP_AROMATIC_AMINO_ACID_FAMILY_CATABOLIC_PROCESS,,21,-0.5826224,-3.2179823,0.0,0.0,0.0,3240,"tags=81%, list=23%, signal=105%",
GOBP_ANTIMICROBIAL_HUMORAL_RESPONSE,GOBP_ANTIMICROBIAL_HUMORAL_RESPONSE,,108,-0.26416412,-3.2165666,0.0,0.0,0.0,3120,"tags=48%, list=22%, signal=61%",
GOBP_ORGANOPHOSPHATE_BIOSYNTHETIC_PROCESS,GOBP_ORGANOPHOSPHATE_BIOSYNTHETIC_PROCESS,,499,-0.12823911,-3.2058105,0.0,3.0082161e-05,0.001,6848,"tags=61%, list=48%, signal=113%",
GOBP_AROMATIC_AMINO_ACID_METABOLIC_PROCESS,GOBP_AROMATIC_AMINO_ACID_METABOLIC_PROCESS,,40,-0.4234292,-3.1894424,0.0,2.9007797e-05,0.001,3240,"tags=65%, list=23%, signal=84%",
GOBP_ERYTHROSE_4_PHOSPHATE_PHOSPHOENOLPYRUVATE_FAMILY_AMINO_ACID_METABOLIC_PROCESS,GOBP_ERYTHROSE_4_PHOSPHATE_PHOSPHOENOLPYRUVATE_FAMILY_AMINO_ACID_METABOLIC_PROCESS,,29,-0.49739042,-3.1857204,0.0,2.8007527e-05,0.001,3240,"tags=72%, list=23%, signal=94%",
GOBP_ERYTHROSE_4_PHOSPHATE_PHOSPHOENOLPYRUVATE_FAMILY_AMINO_ACID_CATABOLIC_PROCESS,GOBP_ERYTHROSE_4_PHOSPHATE_PHOSPHOENOLPYRUVATE_FAMILY_AMINO_ACID_CATABOLIC_PROCESS,,16,-0.6479673,-3.1722116,0.0,2.7073944e-05,0.001,3240,"tags=88%, list=23%, signal=113%",
GOBP_PURINE_CONTAINING_COMPOUND_BIOSYNTHETIC_PROCESS,GOBP_PURINE_CONTAINING_COMPOUND_BIOSYNTHETIC_PROCESS,,203,-0.19000798,-3.1518464,0.0,2.620059e-05,0.001,7075,"tags=68%, list=50%, signal=134%",
GOBP_NUCLEOTIDE_BIOSYNTHETIC_PROCESS,GOBP_NUCLEOTIDE_BIOSYNTHETIC_PROCESS,,184,-0.19156551,-3.1212835,0.0,2.5381823e-05,0.001,6973,"tags=68%, list=49%, signal=132%",
GOBP_ATP_BIOSYNTHETIC_PROCESS,GOBP_ATP_BIOSYNTHETIC_PROCESS,,71,-0.31412432,-3.1211057,0.0,2.4612678e-05,0.001,6973,"tags=80%, list=49%, signal=157%",
GOBP_MRNA_PROCESSING,GOBP_MRNA_PROCESSING,,433,-0.13002452,-3.1008034,0.0,2.3888773e-05,0.001,9966,"tags=83%, list=70%, signal=268%",
GOBP_ALDEHYDE_METABOLIC_PROCESS,GOBP_ALDEHYDE_METABOLIC_PROCESS,,72,-0.3096705,-3.0999544,0.0,2.3206238e-05,0.001,3125,"tags=53%, list=22%, signal=67%",
GOBP_ANTIMICROBIAL_HUMORAL_IMMUNE_RESPONSE_MEDIATED_BY_ANTIMICROBIAL_PEPTIDE,GOBP_ANTIMICROBIAL_HUMORAL_IMMUNE_RESPONSE_MEDIATED_BY_ANTIMICROBIAL_PEPTIDE,,86,-0.27956584,-3.0806193,0.0,4.415029e-05,0.002,4152,"tags=57%, list=29%, signal=80%",
GOBP_ACYL_COA_METABOLIC_PROCESS,GOBP_ACYL_COA_METABOLIC_PROCESS,,95,-0.26637185,-3.0632727,0.0,4.295704e-05,0.002,5669,"tags=66%, list=40%, signal=110%",
GOBP_AMINO_ACID_METABOLIC_PROCESS,GOBP_AMINO_ACID_METABOLIC_PROCESS,,242,-0.16732037,-2.9747744,0.0,0.00012542195,0.006,4655,"tags=49%, list=33%, signal=72%",
GOBP_NUCLEOSIDE_TRIPHOSPHATE_BIOSYNTHETIC_PROCESS,GOBP_NUCLEOSIDE_TRIPHOSPHATE_BIOSYNTHETIC_PROCESS,,92,-0.26162964,-2.9671695,0.0,0.00012220601,0.006,5579,"tags=65%, list=39%, signal=107%",
GOBP_KILLING_OF_CELLS_OF_ANOTHER_ORGANISM,GOBP_KILLING_OF_CELLS_OF_ANOTHER_ORGANISM,,84,-0.27532613,-2.9270627,0.0,0.00019963889,0.01,4235,"tags=57%, list=30%, signal=81%",
GOBP_TRICARBOXYLIC_ACID_CYCLE,GOBP_TRICARBOXYLIC_ACID_CYCLE,,30,-0.4460456,-2.9209797,0.0,0.00019476964,0.01,5522,"tags=83%, list=39%, signal=136%",
GOBP_L_AMINO_ACID_METABOLIC_PROCESS,GOBP_L_AMINO_ACID_METABOLIC_PROCESS,,157,-0.20309475,-2.8965669,0.0,0.00020932664,0.011,5478,"tags=59%, list=39%, signal=94%",
GOBP_REGULATION_OF_MONOATOMIC_ION_TRANSMEMBRANE_TRANSPORT,GOBP_REGULATION_OF_MONOATOMIC_ION_TRANSMEMBRANE_TRANSPORT,,303,-0.1454296,-2.894705,0.0,0.00020445857,0.011,4313,"tags=45%, list=30%, signal=63%",
GOBP_DISRUPTION_OF_ANATOMICAL_STRUCTURE_IN_ANOTHER_ORGANISM,GOBP_DISRUPTION_OF_ANATOMICAL_STRUCTURE_IN_ANOTHER_ORGANISM,,87,-0.2671239,-2.8921432,0.0,0.0001998118,0.011,4235,"tags=56%, list=30%, signal=80%",
GOBP_ADAPTIVE_IMMUNE_RESPONSE,GOBP_ADAPTIVE_IMMUNE_RESPONSE,,415,-0.12355879,-2.8895614,0.0,0.00021273398,0.012,3401,"tags=36%, list=24%, signal=46%",
GOBP_RNA_SPLICING,GOBP_RNA_SPLICING,,389,-0.12612812,-2.8640575,0.0,0.00024264523,0.014,9699,"tags=80%, list=68%, signal=246%",
GOBP_NADP_METABOLIC_PROCESS,GOBP_NADP_METABOLIC_PROCESS,,41,-0.37109983,-2.8577743,0.0,0.00025444943,0.015,3757,"tags=63%, list=26%, signal=86%",
GOBP_ORGANIC_ANION_TRANSPORT,GOBP_ORGANIC_ANION_TRANSPORT,,406,-0.12472809,-2.8561065,0.0,0.00026569676,0.016,3602,"tags=37%, list=25%, signal=49%",
GOBP_RNA_SPLICING_VIA_TRANSESTERIFICATION_REACTIONS,GOBP_RNA_SPLICING_VIA_TRANSESTERIFICATION_REACTIONS,,258,-0.1550321,-2.856008,0.0,0.00026027436,0.016,9632,"tags=83%, list=68%, signal=252%",
GOBP_RIBOSOME_BIOGENESIS,GOBP_RIBOSOME_BIOGENESIS,,279,-0.14989673,-2.847569,0.0,0.00025506888,0.016,10603,"tags=89%, list=75%, signal=344%",
GOBP_NUCLEOSIDE_PHOSPHATE_BIOSYNTHETIC_PROCESS,GOBP_NUCLEOSIDE_PHOSPHATE_BIOSYNTHETIC_PROCESS,,259,-0.15393023,-2.844843,0.0,0.0002500675,0.016,6637,"tags=62%, list=47%, signal=114%",
GOBP_DEFENSE_RESPONSE_TO_BACTERIUM,GOBP_DEFENSE_RESPONSE_TO_BACTERIUM,,274,-0.15213068,-2.8278332,0.0,0.00030625248,0.02,3796,"tags=42%, list=27%, signal=56%",
GOBP_PRIMARY_ALCOHOL_METABOLIC_PROCESS,GOBP_PRIMARY_ALCOHOL_METABOLIC_PROCESS,,97,-0.24193957,-2.8106704,0.0,0.00034505082,0.023,2888,"tags=44%, list=20%, signal=55%",
GOBP_MEDIUM_CHAIN_FATTY_ACID_METABOLIC_PROCESS,GOBP_MEDIUM_CHAIN_FATTY_ACID_METABOLIC_PROCESS,,21,-0.510778,-2.8025527,0.0,0.00038318508,0.026,3583,"tags=76%, list=25%, signal=102%",
GOBP_SODIUM_ION_TRANSPORT,GOBP_SODIUM_ION_TRANSPORT,,211,-0.16556995,-2.7975736,0.0,0.0004049548,0.028,3545,"tags=41%, list=25%, signal=54%",
GOBP_OLEFINIC_COMPOUND_METABOLIC_PROCESS,GOBP_OLEFINIC_COMPOUND_METABOLIC_PROCESS,,181,-0.17481501,-2.7909613,0.0,0.00041189385,0.029,3125,"tags=39%, list=22%, signal=50%",
GOBP_L_AMINO_ACID_CATABOLIC_PROCESS,GOBP_L_AMINO_ACID_CATABOLIC_PROCESS,,70,-0.28277862,-2.7885728,0.0,0.00040466766,0.029,4532,"tags=60%, list=32%, signal=88%",
GOBP_NADH_DEHYDROGENASE_COMPLEX_ASSEMBLY,GOBP_NADH_DEHYDROGENASE_COMPLEX_ASSEMBLY,,45,-0.34966925,-2.7747085,0.0,0.0004929631,0.036,8001,"tags=91%, list=56%, signal=208%",
GOBP_MITOCHONDRION_ORGANIZATION,GOBP_MITOCHONDRION_ORGANIZATION,,384,-0.11964033,-2.7535083,0.0,0.0005915467,0.043,7604,"tags=65%, list=53%, signal=136%",
GOBP_MYOFIBRIL_ASSEMBLY,GOBP_MYOFIBRIL_ASSEMBLY,,75,-0.2668863,-2.7528977,0.0,0.0005816876,0.043,4379,"tags=57%, list=31%, signal=82%",
GOBP_PURINE_NUCLEOTIDE_BIOSYNTHETIC_PROCESS,GOBP_PURINE_NUCLEOTIDE_BIOSYNTHETIC_PROCESS,,151,-0.19352387,-2.727806,0.0,0.0006640763,0.049,6696,"tags=66%, list=47%, signal=124%",
GOBP_NUCLEOSIDE_TRIPHOSPHATE_METABOLIC_PROCESS,GOBP_NUCLEOSIDE_TRIPHOSPHATE_METABOLIC_PROCESS,,244,-0.15146199,-2.7167144,0.0,0.0006921686,0.051,6743,"tags=62%, list=47%, signal=116%",
GOBP_ORGANIC_ACID_BIOSYNTHETIC_PROCESS,GOBP_ORGANIC_ACID_BIOSYNTHETIC_PROCESS,,314,-0.133496,-2.7147162,0.0,0.0006811818,0.051,5572,"tags=52%, list=39%, signal=84%",
GOBP_REGULATION_OF_MONOATOMIC_ION_TRANSPORT,GOBP_REGULATION_OF_MONOATOMIC_ION_TRANSPORT,,426,-0.11764841,-2.6984353,0.0,0.00078278524,0.06,4220,"tags=41%, list=30%, signal=57%",
GOBP_RENAL_ABSORPTION,GOBP_RENAL_ABSORPTION,,39,-0.366624,-2.694572,0.0,0.00079523696,0.062,2459,"tags=54%, list=17%, signal=65%",
GOBP_SODIUM_ION_TRANSMEMBRANE_TRANSPORT,GOBP_SODIUM_ION_TRANSMEMBRANE_TRANSPORT,,143,-0.19329421,-2.6799881,0.0,0.00090383727,0.072,3545,"tags=44%, list=25%, signal=58%",
GOBP_ACETYL_COA_METABOLIC_PROCESS,GOBP_ACETYL_COA_METABOLIC_PROCESS,,40,-0.34955746,-2.657601,0.0,0.0010685062,0.086,3221,"tags=58%, list=23%, signal=74%",
GOBP_PORPHYRIN_CONTAINING_COMPOUND_METABOLIC_PROCESS,GOBP_PORPHYRIN_CONTAINING_COMPOUND_METABOLIC_PROCESS,,43,-0.33365154,-2.6300826,0.0,0.0014267513,0.112,6515,"tags=79%, list=46%, signal=145%",
GOBP_RIBOSE_PHOSPHATE_METABOLIC_PROCESS,GOBP_RIBOSE_PHOSPHATE_METABOLIC_PROCESS,,323,-0.12832703,-2.6223009,0.0,0.0014867143,0.119,6891,"tags=61%, list=48%, signal=116%",
GOBP_XENOBIOTIC_METABOLIC_PROCESS,GOBP_XENOBIOTIC_METABOLIC_PROCESS,,114,-0.20839351,-2.6042066,0.0,0.0016569466,0.135,2550,"tags=39%, list=18%, signal=47%",
GOBP_RIBOSE_PHOSPHATE_BIOSYNTHETIC_PROCESS,GOBP_RIBOSE_PHOSPHATE_BIOSYNTHETIC_PROCESS,,140,-0.18821308,-2.5961456,0.0,0.0017234739,0.142,6696,"tags=66%, list=47%, signal=123%",
GOBP_MUSCLE_SYSTEM_PROCESS,GOBP_MUSCLE_SYSTEM_PROCESS,,405,-0.11150535,-2.5934656,0.0,0.0017661285,0.146,4816,"tags=45%, list=34%, signal=66%",
GOBP_PROTEIN_RNA_COMPLEX_ORGANIZATION,GOBP_PROTEIN_RNA_COMPLEX_ORGANIZATION,,170,-0.17113625,-2.5867116,0.0,0.0018398035,0.153,9977,"tags=87%, list=70%, signal=288%",
GOBP_BENZENE_CONTAINING_COMPOUND_METABOLIC_PROCESS,GOBP_BENZENE_CONTAINING_COMPOUND_METABOLIC_PROCESS,,29,-0.40217894,-2.5847425,0.0,0.0018364096,0.155,5572,"tags=79%, list=39%, signal=130%",
GOBP_ATP_METABOLIC_PROCESS,GOBP_ATP_METABOLIC_PROCESS,,201,-0.16001485,-2.584207,0.0,0.001822609,0.156,6743,"tags=63%, list=47%, signal=118%",
GOBP_MITOCHONDRIAL_ELECTRON_TRANSPORT_NADH_TO_UBIQUINONE,GOBP_MITOCHONDRIAL_ELECTRON_TRANSPORT_NADH_TO_UBIQUINONE,,24,-0.45213193,-2.5787609,0.0,0.0018401863,0.159,6618,"tags=92%, list=47%, signal=171%",
GOBP_TYROSINE_METABOLIC_PROCESS,GOBP_TYROSINE_METABOLIC_PROCESS,,15,-0.5634145,-2.5765095,0.0,0.0018572024,0.163,4322,"tags=87%, list=30%, signal=124%",
GOBP_PROTEIN_TARGETING_TO_MITOCHONDRION,GOBP_PROTEIN_TARGETING_TO_MITOCHONDRION,,70,-0.25691774,-2.5654476,0.0,0.0020987825,0.186,7539,"tags=79%, list=53%, signal=166%",
GOBP_RENAL_SODIUM_ION_TRANSPORT,GOBP_RENAL_SODIUM_ION_TRANSPORT,,15,-0.54384065,-2.5566835,0.0,0.002211972,0.198,3652,"tags=80%, list=26%, signal=108%",
GOBP_PROTON_TRANSMEMBRANE_TRANSPORT,GOBP_PROTON_TRANSMEMBRANE_TRANSPORT,,109,-0.21215144,-2.5483565,0.0,0.0024318346,0.218,5618,"tags=61%, list=40%, signal=99%",
GOBP_MONOCARBOXYLIC_ACID_CATABOLIC_PROCESS,GOBP_MONOCARBOXYLIC_ACID_CATABOLIC_PROCESS,,123,-0.19441147,-2.543368,0.001992032,0.0024798692,0.224,6394,"tags=64%, list=45%, signal=116%",
GOBP_SARCOMERE_ORGANIZATION,GOBP_SARCOMERE_ORGANIZATION,,53,-0.29702598,-2.5370677,0.0,0.0025665688,0.234,4379,"tags=60%, list=31%, signal=87%",
GOBP_IMPORT_INTO_THE_MITOCHONDRION,GOBP_IMPORT_INTO_THE_MITOCHONDRION,,45,-0.31932688,-2.534537,0.0,0.00257451,0.237,6535,"tags=78%, list=46%, signal=143%",
GOBP_DEFENSE_RESPONSE_TO_GRAM_POSITIVE_BACTERIUM,GOBP_DEFENSE_RESPONSE_TO_GRAM_POSITIVE_BACTERIUM,,105,-0.21357591,-2.5232484,0.004149378,0.0028459271,0.262,2810,"tags=41%, list=20%, signal=51%",
GOBP_TETRAPYRROLE_METABOLIC_PROCESS,GOBP_TETRAPYRROLE_METABOLIC_PROCESS,,53,-0.29777175,-2.5097396,0.0,0.003111912,0.287,6515,"tags=75%, list=46%, signal=139%",
GOBP_METALLO_SULFUR_CLUSTER_ASSEMBLY,GOBP_METALLO_SULFUR_CLUSTER_ASSEMBLY,,21,-0.44946682,-2.492908,0.0,0.003474016,0.317,5808,"tags=86%, list=41%, signal=145%",
GOBP_NADPH_REGENERATION,GOBP_NADPH_REGENERATION,,23,-0.4322348,-2.480863,0.0,0.0037344815,0.335,3757,"tags=70%, list=26%, signal=94%",
GOBP_INNATE_IMMUNE_RESPONSE_IN_MUCOSA,GOBP_INNATE_IMMUNE_RESPONSE_IN_MUCOSA,,17,-0.5073136,-2.480706,0.0,0.0036920444,0.335,3670,"tags=76%, list=26%, signal=103%",
GOBP_TETRAPYRROLE_BIOSYNTHETIC_PROCESS,GOBP_TETRAPYRROLE_BIOSYNTHETIC_PROCESS,,27,-0.39027706,-2.4753585,0.0,0.003821486,0.349,7629,"tags=93%, list=54%, signal=199%",
GOBP_INTERMEDIATE_FILAMENT_ORGANIZATION,GOBP_INTERMEDIATE_FILAMENT_ORGANIZATION,,60,-0.2676011,-2.4687731,0.0,0.0040084803,0.364,3322,"tags=50%, list=23%, signal=65%",
GOBP_RESPONSE_TO_METAL_ION,GOBP_RESPONSE_TO_METAL_ION,,347,-0.116570756,-2.4644973,0.0,0.0040869946,0.373,4777,"tags=45%, list=34%, signal=66%",
GOBP_MITOCHONDRIAL_TRANSPORT,GOBP_MITOCHONDRIAL_TRANSPORT,,154,-0.16849141,-2.4642875,0.0,0.0040425705,0.373,7604,"tags=70%, list=53%, signal=149%",
GOBP_REGULATION_OF_LYMPHOCYTE_ACTIVATION,GOBP_REGULATION_OF_LYMPHOCYTE_ACTIVATION,,481,-0.09602886,-2.424929,0.0,0.0053003267,0.465,3619,"tags=35%, list=25%, signal=45%",
GOBP_TYPE_II_INTERFERON_PRODUCTION,GOBP_TYPE_II_INTERFERON_PRODUCTION,,134,-0.17844284,-2.4202528,0.0,0.005479405,0.479,3112,"tags=40%, list=22%, signal=50%",
GOBP_ZYMOGEN_ACTIVATION,GOBP_ZYMOGEN_ACTIVATION,,46,-0.30283722,-2.4089308,0.0,0.0058960696,0.508,5292,"tags=67%, list=37%, signal=107%",
GOBP_RENAL_SYSTEM_PROCESS,GOBP_RENAL_SYSTEM_PROCESS,,119,-0.18736239,-2.4041567,0.0,0.0060737426,0.523,2617,"tags=37%, list=18%, signal=45%",
GOBP_HEME_BIOSYNTHETIC_PROCESS,GOBP_HEME_BIOSYNTHETIC_PROCESS,,24,-0.41120777,-2.403436,0.00407332,0.006027533,0.525,7199,"tags=92%, list=51%, signal=185%",
GOBP_CELL_KILLING,GOBP_CELL_KILLING,,218,-0.14293239,-2.4031644,0.0,0.005981986,0.527,3153,"tags=36%, list=22%, signal=46%",
GOBP_NEGATIVE_REGULATION_OF_TYPE_II_INTERFERON_PRODUCTION,GOBP_NEGATIVE_REGULATION_OF_TYPE_II_INTERFERON_PRODUCTION,,37,-0.32318297,-2.4025314,0.0,0.005986404,0.532,3104,"tags=54%, list=22%, signal=69%",
GOBP_CELLULAR_RESPONSE_TO_XENOBIOTIC_STIMULUS,GOBP_CELLULAR_RESPONSE_TO_XENOBIOTIC_STIMULUS,,188,-0.15320839,-2.4024112,0.0,0.0059265406,0.532,2314,"tags=31%, list=16%, signal=37%",
GOBP_SOMATIC_DIVERSIFICATION_OF_IMMUNE_RECEPTORS,GOBP_SOMATIC_DIVERSIFICATION_OF_IMMUNE_RECEPTORS,,70,-0.24785124,-2.400071,0.0,0.0060018958,0.538,3401,"tags=49%, list=24%, signal=64%",
GOBP_RRNA_PROCESSING,GOBP_RRNA_PROCESSING,,194,-0.1482579,-2.399187,0.0,0.005974019,0.54,10603,"tags=89%, list=75%, signal=346%",
GOBP_B_CELL_ACTIVATION,GOBP_B_CELL_ACTIVATION,,258,-0.12476246,-2.3871784,0.0,0.0064581046,0.572,4708,"tags=45%, list=33%, signal=67%",
GOBP_B_CELL_PROLIFERATION,GOBP_B_CELL_PROLIFERATION,,91,-0.21468775,-2.3852687,0.0,0.0064807255,0.578,3531,"tags=46%, list=25%, signal=61%",
GOBP_BRANCHED_CHAIN_AMINO_ACID_METABOLIC_PROCESS,GOBP_BRANCHED_CHAIN_AMINO_ACID_METABOLIC_PROCESS,,24,-0.3973639,-2.378845,0.0,0.006721441,0.602,6803,"tags=88%, list=48%, signal=167%",
GOBP_ORGAN_OR_TISSUE_SPECIFIC_IMMUNE_RESPONSE,GOBP_ORGAN_OR_TISSUE_SPECIFIC_IMMUNE_RESPONSE,,32,-0.354522,-2.3661008,0.002057613,0.0073175887,0.628,2970,"tags=56%, list=21%, signal=71%",
GOBP_GLUTAMINE_FAMILY_AMINO_ACID_METABOLIC_PROCESS,GOBP_GLUTAMINE_FAMILY_AMINO_ACID_METABOLIC_PROCESS,,60,-0.25991333,-2.360412,0.0,0.0076257754,0.639,5327,"tags=63%, list=37%, signal=101%",
GOBP_POSITIVE_REGULATION_OF_HEART_RATE,GOBP_POSITIVE_REGULATION_OF_HEART_RATE,,29,-0.3716591,-2.3593621,0.0019607844,0.007606148,0.643,4534,"tags=69%, list=32%, signal=101%",
GOBP_PYRIDINE_NUCLEOTIDE_BIOSYNTHETIC_PROCESS,GOBP_PYRIDINE_NUCLEOTIDE_BIOSYNTHETIC_PROCESS,,16,-0.47992787,-2.34834,0.0020120724,0.008163573,0.676,5627,"tags=88%, list=40%, signal=145%",
GOBP_REGULATION_OF_CALCIUM_ION_TRANSPORT,GOBP_REGULATION_OF_CALCIUM_ION_TRANSPORT,,237,-0.13168092,-2.341252,0.001968504,0.008392483,0.692,4220,"tags=43%, list=30%, signal=60%",
GOBP_STEROID_METABOLIC_PROCESS,GOBP_STEROID_METABOLIC_PROCESS,,312,-0.11186105,-2.3311427,0.0,0.008924274,0.713,3778,"tags=38%, list=27%, signal=50%",
GOBP_RRNA_METABOLIC_PROCESS,GOBP_RRNA_METABOLIC_PROCESS,,222,-0.13496812,-2.3286572,0.0020408162,0.009021254,0.719,10603,"tags=88%, list=75%, signal=340%",
GOBP_RETINOL_METABOLIC_PROCESS,GOBP_RETINOL_METABOLIC_PROCESS,,43,-0.29283822,-2.311818,0.0,0.009996011,0.752,3125,"tags=51%, list=22%, signal=65%",
GOBP_FATTY_ACID_CATABOLIC_PROCESS,GOBP_FATTY_ACID_CATABOLIC_PROCESS,,100,-0.1944034,-2.3101091,0.0,0.010027526,0.755,8206,"tags=77%, list=58%, signal=181%",
GOBP_ANTIBACTERIAL_HUMORAL_RESPONSE,GOBP_ANTIBACTERIAL_HUMORAL_RESPONSE,,42,-0.30344167,-2.3073816,0.0,0.010120329,0.76,2809,"tags=50%, list=20%, signal=62%",
GOBP_RESPONSE_TO_XENOBIOTIC_STIMULUS,GOBP_RESPONSE_TO_XENOBIOTIC_STIMULUS,,434,-0.09842135,-2.305615,0.0,0.010170111,0.762,2314,"tags=26%, list=16%, signal=30%",
GOBP_INORGANIC_ION_IMPORT_ACROSS_PLASMA_MEMBRANE,GOBP_INORGANIC_ION_IMPORT_ACROSS_PLASMA_MEMBRANE,,107,-0.18958645,-2.3009663,0.0,0.010408842,0.773,1844,"tags=32%, list=13%, signal=36%",
GOBP_HEME_METABOLIC_PROCESS,GOBP_HEME_METABOLIC_PROCESS,,36,-0.3280108,-2.2938008,0.0,0.010860034,0.791,7199,"tags=83%, list=51%, signal=168%",
GOBP_LEUKOCYTE_MIGRATION,GOBP_LEUKOCYTE_MIGRATION,,361,-0.10405258,-2.2910554,0.0,0.011002536,0.798,3483,"tags=35%, list=24%, signal=45%",
GOBP_LEUKOCYTE_PROLIFERATION,GOBP_LEUKOCYTE_PROLIFERATION,,349,-0.1074653,-2.2902076,0.0,0.010936895,0.799,3074,"tags=32%, list=22%, signal=40%",
GOBP_MUSCLE_CONTRACTION,GOBP_MUSCLE_CONTRACTION,,287,-0.11783451,-2.2785916,0.0,0.011781111,0.828,3661,"tags=37%, list=26%, signal=49%",
GOBP_PROTEIN_LIPID_COMPLEX_ORGANIZATION,GOBP_PROTEIN_LIPID_COMPLEX_ORGANIZATION,,48,-0.27757296,-2.272491,0.0,0.012285869,0.848,3770,"tags=54%, list=27%, signal=73%",
GOBP_DEOXYRIBONUCLEOTIDE_CATABOLIC_PROCESS,GOBP_DEOXYRIBONUCLEOTIDE_CATABOLIC_PROCESS,,22,-0.4089244,-2.2627583,0.0019569471,0.013104029,0.867,2598,"tags=59%, list=18%, signal=72%",
GOBP_REGULATION_OF_TRANSMEMBRANE_TRANSPORT,GOBP_REGULATION_OF_TRANSMEMBRANE_TRANSPORT,,419,-0.09652327,-2.2610526,0.0,0.013139105,0.871,4235,"tags=39%, list=30%, signal=54%",
GOBP_BIOLOGICAL_PROCESS_INVOLVED_IN_INTERACTION_WITH_SYMBIONT,GOBP_BIOLOGICAL_PROCESS_INVOLVED_IN_INTERACTION_WITH_SYMBIONT,,31,-0.35183567,-2.2608612,0.0020833334,0.013046679,0.871,6477,"tags=81%, list=46%, signal=148%",
GOBP_MUSCLE_CELL_DEVELOPMENT,GOBP_MUSCLE_CELL_DEVELOPMENT,,221,-0.13203843,-2.2551382,0.0,0.013498471,0.88,4716,"tags=46%, list=33%, signal=68%",
GOBP_REGULATION_OF_INTERLEUKIN_4_PRODUCTION,GOBP_REGULATION_OF_INTERLEUKIN_4_PRODUCTION,,31,-0.33599988,-2.2364345,0.0,0.0151976505,0.913,4408,"tags=65%, list=31%, signal=93%",
GOBP_MONOCARBOXYLIC_ACID_BIOSYNTHETIC_PROCESS,GOBP_MONOCARBOXYLIC_ACID_BIOSYNTHETIC_PROCESS,,213,-0.1313495,-2.2329714,0.0019607844,0.015419946,0.92,5572,"tags=52%, list=39%, signal=84%",
GOBP_LEUKOCYTE_MEDIATED_IMMUNITY,GOBP_LEUKOCYTE_MEDIATED_IMMUNITY,,393,-0.09720992,-2.229425,0.0019762847,0.015737535,0.922,3180,"tags=32%, list=22%, signal=40%",
GOBP_PYRIDINE_CONTAINING_COMPOUND_METABOLIC_PROCESS,GOBP_PYRIDINE_CONTAINING_COMPOUND_METABOLIC_PROCESS,,185,-0.14024861,-2.2238395,0.002004008,0.016106011,0.93,3644,"tags=39%, list=26%, signal=52%",
GOBP_LEUKOCYTE_CELL_CELL_ADHESION,GOBP_LEUKOCYTE_CELL_CELL_ADHESION,,393,-0.09943316,-2.2237954,0.0,0.015983066,0.93,3294,"tags=33%, list=23%, signal=42%",
GOBP_PENTOSE_PHOSPHATE_SHUNT,GOBP_PENTOSE_PHOSPHATE_SHUNT,,19,-0.42065614,-2.210221,0.003968254,0.017378075,0.949,3757,"tags=68%, list=26%, signal=93%",
GOBP_NEUTROPHIL_MEDIATED_IMMUNITY,GOBP_NEUTROPHIL_MEDIATED_IMMUNITY,,39,-0.2999848,-2.2089355,0.007858546,0.017403314,0.95,4498,"tags=62%, list=32%, signal=90%",
GOBP_POSITIVE_REGULATION_OF_T_CELL_PROLIFERATION,GOBP_POSITIVE_REGULATION_OF_T_CELL_PROLIFERATION,,105,-0.18149345,-2.1998544,0.0020876827,0.018388519,0.957,2992,"tags=39%, list=21%, signal=49%",
GOBP_INDOLALKYLAMINE_METABOLIC_PROCESS,GOBP_INDOLALKYLAMINE_METABOLIC_PROCESS,,15,-0.46259797,-2.190854,0.002105263,0.01921707,0.967,2910,"tags=67%, list=20%, signal=84%",
GOBP_POSITIVE_REGULATION_OF_LEUKOCYTE_PROLIFERATION,GOBP_POSITIVE_REGULATION_OF_LEUKOCYTE_PROLIFERATION,,163,-0.14856157,-2.1865766,0.0,0.01957898,0.969,3060,"tags=36%, list=22%, signal=46%",
GOBP_KERATINIZATION,GOBP_KERATINIZATION,,46,-0.26733688,-2.1800923,0.0,0.02024366,0.975,3322,"tags=50%, list=23%, signal=65%",
GOBP_PIGMENT_METABOLIC_PROCESS,GOBP_PIGMENT_METABOLIC_PROCESS,,64,-0.23407151,-2.1796758,0.0019723866,0.020154588,0.976,7353,"tags=75%, list=52%, signal=155%",
GOBP_PROTEIN_IMPORT_INTO_MITOCHONDRIAL_MATRIX,GOBP_PROTEIN_IMPORT_INTO_MITOCHONDRIAL_MATRIX,,17,-0.4433921,-2.1790683,0.0,0.020106664,0.976,6251,"tags=88%, list=44%, signal=157%",
GOBP_SERINE_FAMILY_AMINO_ACID_BIOSYNTHETIC_PROCESS,GOBP_SERINE_FAMILY_AMINO_ACID_BIOSYNTHETIC_PROCESS,,15,-0.47916377,-2.1716883,0.004,0.020903831,0.98,7415,"tags=100%, list=52%, signal=209%",
GOBP_ACETYL_COA_BIOSYNTHETIC_PROCESS,GOBP_ACETYL_COA_BIOSYNTHETIC_PROCESS,,20,-0.40840787,-2.1683636,0.002,0.021239696,0.981,5578,"tags=80%, list=39%, signal=131%",
GOBP_DEOXYRIBONUCLEOTIDE_METABOLIC_PROCESS,GOBP_DEOXYRIBONUCLEOTIDE_METABOLIC_PROCESS,,44,-0.27648336,-2.1681924,0.0020408162,0.021134607,0.981,3515,"tags=52%, list=25%, signal=69%",
GOBP_RIBOSOMAL_SMALL_SUBUNIT_BIOGENESIS,GOBP_RIBOSOMAL_SMALL_SUBUNIT_BIOGENESIS,,95,-0.18730226,-2.1639302,0.0056710774,0.02157134,0.982,10678,"tags=94%, list=75%, signal=374%",
GOBP_ORGANIC_ACID_TRANSPORT,GOBP_ORGANIC_ACID_TRANSPORT,,326,-0.105018556,-2.163516,0.001953125,0.021482611,0.982,3602,"tags=36%, list=25%, signal=47%",
GOBP_PROTEIN_LOCALIZATION_TO_MITOCHONDRION,GOBP_PROTEIN_LOCALIZATION_TO_MITOCHONDRION,,95,-0.18787605,-2.1634972,0.0,0.021334454,0.982,7676,"tags=73%, list=54%, signal=157%",
GOBP_NAD_METABOLIC_PROCESS,GOBP_NAD_METABOLIC_PROCESS,,36,-0.2995907,-2.1605706,0.008163265,0.021558054,0.984,5627,"tags=69%, list=40%, signal=115%",
GOBP_REGULATION_OF_B_CELL_MEDIATED_IMMUNITY,GOBP_REGULATION_OF_B_CELL_MEDIATED_IMMUNITY,,56,-0.24402073,-2.1573536,0.0,0.021837687,0.984,3401,"tags=48%, list=24%, signal=63%",
GOBP_ACID_SECRETION,GOBP_ACID_SECRETION,,42,-0.28275043,-2.1500354,0.0041237115,0.022630405,0.987,1748,"tags=40%, list=12%, signal=46%",
GOBP_REGULATION_OF_HEART_RATE,GOBP_REGULATION_OF_HEART_RATE,,100,-0.1825296,-2.1471367,0.0,0.02290639,0.988,4534,"tags=50%, list=32%, signal=73%",
GOBP_SULFUR_COMPOUND_METABOLIC_PROCESS,GOBP_SULFUR_COMPOUND_METABOLIC_PROCESS,,323,-0.10472829,-2.1437886,0.0,0.02324029,0.988,5678,"tags=50%, list=40%, signal=82%",
GOBP_RESPONSE_TO_INTERLEUKIN_4,GOBP_RESPONSE_TO_INTERLEUKIN_4,,38,-0.2908059,-2.1385565,0.006060606,0.023807403,0.988,2987,"tags=50%, list=21%, signal=63%",
GOBP_REGULATION_OF_LYMPHOCYTE_MEDIATED_IMMUNITY,GOBP_REGULATION_OF_LYMPHOCYTE_MEDIATED_IMMUNITY,,184,-0.13692458,-2.1384544,0.0020449897,0.023656111,0.988,3180,"tags=36%, list=22%, signal=46%",
GOBP_CELL_ACTIVATION_INVOLVED_IN_IMMUNE_RESPONSE,GOBP_CELL_ACTIVATION_INVOLVED_IN_IMMUNE_RESPONSE,,286,-0.10562277,-2.1315985,0.0,0.024644755,0.989,4496,"tags=42%, list=32%, signal=60%",
GOBP_TRICARBOXYLIC_ACID_METABOLIC_PROCESS,GOBP_TRICARBOXYLIC_ACID_METABOLIC_PROCESS,,16,-0.44334742,-2.131583,0.006134969,0.024489947,0.989,4369,"tags=75%, list=31%, signal=108%",
GOBP_GRANULOCYTE_MIGRATION,GOBP_GRANULOCYTE_MIGRATION,,147,-0.15255132,-2.1301107,0.0038834952,0.024593199,0.989,3465,"tags=39%, list=24%, signal=52%",
GOBP_DIGESTION,GOBP_DIGESTION,,115,-0.1735931,-2.1238363,0.001934236,0.025386637,0.991,3859,"tags=44%, list=27%, signal=60%",
GOBP_DEOXYRIBONUCLEOSIDE_MONOPHOSPHATE_METABOLIC_PROCESS,GOBP_DEOXYRIBONUCLEOSIDE_MONOPHOSPHATE_METABOLIC_PROCESS,,30,-0.32024285,-2.1170123,0.0041753654,0.026446516,0.994,3515,"tags=57%, list=25%, signal=75%",
GOBP_POTASSIUM_ION_IMPORT_ACROSS_PLASMA_MEMBRANE,GOBP_POTASSIUM_ION_IMPORT_ACROSS_PLASMA_MEMBRANE,,40,-0.2793826,-2.1165287,0.0020618557,0.02636439,0.994,2083,"tags=43%, list=15%, signal=50%",
GOBP_NEGATIVE_REGULATION_OF_POTASSIUM_ION_TRANSMEMBRANE_TRANSPORT,GOBP_NEGATIVE_REGULATION_OF_POTASSIUM_ION_TRANSMEMBRANE_TRANSPORT,,23,-0.36063254,-2.1117074,0.002020202,0.026968436,0.995,3537,"tags=61%, list=25%, signal=81%",
GOBP_TERPENOID_METABOLIC_PROCESS,GOBP_TERPENOID_METABOLIC_PROCESS,,82,-0.19895932,-2.1099083,0.0019569471,0.027133433,0.996,2911,"tags=40%, list=20%, signal=50%",
GOBP_REGULATION_OF_IMMUNE_EFFECTOR_PROCESS,GOBP_REGULATION_OF_IMMUNE_EFFECTOR_PROCESS,,394,-0.09232987,-2.108148,0.0,0.0272364,0.996,3200,"tags=31%, list=23%, signal=39%",
GOBP_MITOCHONDRIAL_TRANSMEMBRANE_TRANSPORT,GOBP_MITOCHONDRIAL_TRANSMEMBRANE_TRANSPORT,,82,-0.19920857,-2.1066644,0.0040650405,0.0273581,0.997,7590,"tags=73%, list=53%, signal=156%",
GOBP_PYRIMIDINE_DEOXYRIBONUCLEOTIDE_METABOLIC_PROCESS,GOBP_PYRIMIDINE_DEOXYRIBONUCLEOTIDE_METABOLIC_PROCESS,,23,-0.36218205,-2.1052089,0.001934236,0.027536122,0.997,3515,"tags=61%, list=25%, signal=81%",
GOBP_PIGMENT_BIOSYNTHETIC_PROCESS,GOBP_PIGMENT_BIOSYNTHETIC_PROCESS,,45,-0.2616237,-2.105144,0.0,0.027368216,0.997,7353,"tags=78%, list=52%, signal=161%",
GOBP_ALCOHOL_METABOLIC_PROCESS,GOBP_ALCOHOL_METABOLIC_PROCESS,,329,-0.10182965,-2.1039948,0.0,0.027418464,0.997,3125,"tags=32%, list=22%, signal=40%",
GOBP_REGULATION_OF_B_CELL_ACTIVATION,GOBP_REGULATION_OF_B_CELL_ACTIVATION,,128,-0.16138387,-2.1036992,0.0020120724,0.027306508,0.997,3615,"tags=41%, list=25%, signal=55%",
GOBP_POSITIVE_REGULATION_OF_CELL_CELL_ADHESION,GOBP_POSITIVE_REGULATION_OF_CELL_CELL_ADHESION,,308,-0.1010986,-2.101092,0.001968504,0.027533496,0.998,3581,"tags=35%, list=25%, signal=46%",
GOBP_CELL_CHEMOTAXIS,GOBP_CELL_CHEMOTAXIS,,292,-0.106655836,-2.1010013,0.006147541,0.027384054,0.998,3483,"tags=35%, list=24%, signal=45%",
GOBP_NEGATIVE_REGULATION_OF_LYMPHOCYTE_APOPTOTIC_PROCESS,GOBP_NEGATIVE_REGULATION_OF_LYMPHOCYTE_APOPTOTIC_PROCESS,,44,-0.26251706,-2.100308,0.0075329565,0.027292326,0.998,3713,"tags=52%, list=26%, signal=71%",
GOBP_IMMUNE_SYSTEM_DEVELOPMENT,GOBP_IMMUNE_SYSTEM_DEVELOPMENT,,201,-0.1265403,-2.0979483,0.0019762847,0.02749934,0.998,3604,"tags=38%, list=25%, signal=50%",
GOBP_PYRIMIDINE_DEOXYRIBONUCLEOSIDE_MONOPHOSPHATE_METABOLIC_PROCESS,GOBP_PYRIMIDINE_DEOXYRIBONUCLEOSIDE_MONOPHOSPHATE_METABOLIC_PROCESS,,18,-0.42009902,-2.0947368,0.008080808,0.027938463,0.998,3515,"tags=67%, list=25%, signal=88%",
GOBP_STEROL_HOMEOSTASIS,GOBP_STEROL_HOMEOSTASIS,,97,-0.17949268,-2.089851,0.003937008,0.02859747,0.999,3770,"tags=44%, list=27%, signal=60%",
GOBP_CARDIAC_MUSCLE_CELL_CONTRACTION,GOBP_CARDIAC_MUSCLE_CELL_CONTRACTION,,70,-0.2085345,-2.085523,0.004237288,0.02919378,0.999,4770,"tags=54%, list=34%, signal=81%",
GOBP_POTASSIUM_ION_HOMEOSTASIS,GOBP_POTASSIUM_ION_HOMEOSTASIS,,33,-0.2994934,-2.0824792,0.0019762847,0.029486313,0.999,1354,"tags=39%, list=10%, signal=43%",
GOBP_T_CELL_SELECTION,GOBP_T_CELL_SELECTION,,63,-0.2238075,-2.0768294,0.006263048,0.030312462,0.999,6313,"tags=67%, list=44%, signal=119%",
GOBP_ATTACHMENT_OF_SPINDLE_MICROTUBULES_TO_KINETOCHORE,GOBP_ATTACHMENT_OF_SPINDLE_MICROTUBULES_TO_KINETOCHORE,,40,-0.27202946,-2.0706198,0.008474576,0.03136934,0.999,5387,"tags=65%, list=38%, signal=104%",
GOBP_REGULATION_OF_T_CELL_ACTIVATION,GOBP_REGULATION_OF_T_CELL_ACTIVATION,,365,-0.09414504,-2.0656939,0.0,0.032131784,0.999,3294,"tags=32%, list=23%, signal=41%",
GOBP_IMMUNE_RESPONSE_TO_TUMOR_CELL,GOBP_IMMUNE_RESPONSE_TO_TUMOR_CELL,,33,-0.30320758,-2.0645394,0.003816794,0.032178186,0.999,3456,"tags=55%, list=24%, signal=72%",
GOBP_POSITIVE_T_CELL_SELECTION,GOBP_POSITIVE_T_CELL_SELECTION,,48,-0.25095838,-2.063343,0.0,0.03222446,0.999,8295,"tags=83%, list=58%, signal=199%",
GOBP_INTERLEUKIN_4_PRODUCTION,GOBP_INTERLEUKIN_4_PRODUCTION,,39,-0.28061935,-2.0525036,0.010183299,0.034359466,0.999,4408,"tags=59%, list=31%, signal=85%",
GOBP_REGULATION_OF_IMMUNOGLOBULIN_PRODUCTION,GOBP_REGULATION_OF_IMMUNOGLOBULIN_PRODUCTION,,73,-0.20488203,-2.0520937,0.004056795,0.03423136,0.999,3531,"tags=45%, list=25%, signal=60%",
GOBP_MODIFIED_AMINO_ACID_METABOLIC_PROCESS,GOBP_MODIFIED_AMINO_ACID_METABOLIC_PROCESS,,184,-0.12430537,-2.051683,0.001980198,0.034117322,0.999,3589,"tags=38%, list=25%, signal=50%",
GOBP_POSITIVE_REGULATION_OF_MONOATOMIC_ION_TRANSPORT,GOBP_POSITIVE_REGULATION_OF_MONOATOMIC_ION_TRANSPORT,,213,-0.119170696,-2.049772,0.005859375,0.0343392,0.999,4207,"tags=41%, list=30%, signal=58%",
GOBP_LIPID_CATABOLIC_PROCESS,GOBP_LIPID_CATABOLIC_PROCESS,,309,-0.10108942,-2.0483751,0.0061601643,0.034398668,0.999,3381,"tags=34%, list=24%, signal=43%",
GOBP_TELOMERE_MAINTENANCE_VIA_TELOMERE_LENGTHENING,GOBP_TELOMERE_MAINTENANCE_VIA_TELOMERE_LENGTHENING,,73,-0.20366496,-2.0480206,0.004016064,0.034251645,0.999,7834,"tags=75%, list=55%, signal=167%",
GOBP_POSITIVE_REGULATION_OF_INTERLEUKIN_4_PRODUCTION,GOBP_POSITIVE_REGULATION_OF_INTERLEUKIN_4_PRODUCTION,,25,-0.34360105,-2.0464098,0.003937008,0.03434967,0.999,3087,"tags=56%, list=22%, signal=71%",
GOBP_AMIDE_CATABOLIC_PROCESS,GOBP_AMIDE_CATABOLIC_PROCESS,,19,-0.3978795,-2.0415561,0.006012024,0.035203073,0.999,3332,"tags=63%, list=23%, signal=82%",
GOBP_POSITIVE_REGULATION_OF_CYTOSOLIC_CALCIUM_ION_CONCENTRATION,GOBP_POSITIVE_REGULATION_OF_CYTOSOLIC_CALCIUM_ION_CONCENTRATION,,158,-0.14245972,-2.0393014,0.004,0.035471886,1.0,3848,"tags=41%, list=27%, signal=56%",
GOBP_T_CELL_PROLIFERATION,GOBP_T_CELL_PROLIFERATION,,228,-0.114697374,-2.037916,0.005859375,0.035574418,1.0,3074,"tags=33%, list=22%, signal=41%",
GOBP_REGULATION_OF_B_CELL_DIFFERENTIATION,GOBP_REGULATION_OF_B_CELL_DIFFERENTIATION,,37,-0.28529865,-2.0377023,0.005976096,0.03542893,1.0,3257,"tags=51%, list=23%, signal=66%",
GOBP_ISOTYPE_SWITCHING_TO_IGG_ISOTYPES,GOBP_ISOTYPE_SWITCHING_TO_IGG_ISOTYPES,,17,-0.40846407,-2.0360386,0.009596929,0.035593797,1.0,3401,"tags=65%, list=24%, signal=85%",
GOBP_LEUKOCYTE_CHEMOTAXIS,GOBP_LEUKOCYTE_CHEMOTAXIS,,213,-0.118426986,-2.0342267,0.0038022813,0.035735007,1.0,3483,"tags=36%, list=24%, signal=47%",
GOBP_DTMP_METABOLIC_PROCESS,GOBP_DTMP_METABOLIC_PROCESS,,15,-0.43347412,-2.0322134,0.0021008404,0.035994615,1.0,7116,"tags=93%, list=50%, signal=187%",
GOBP_KILLING_BY_HOST_OF_SYMBIONT_CELLS,GOBP_KILLING_BY_HOST_OF_SYMBIONT_CELLS,,25,-0.34522402,-2.0290852,0.0060975607,0.036459975,1.0,6477,"tags=80%, list=46%, signal=147%",
GOBP_NEGATIVE_REGULATION_OF_MONOATOMIC_ION_TRANSPORT,GOBP_NEGATIVE_REGULATION_OF_MONOATOMIC_ION_TRANSPORT,,110,-0.16868918,-2.025111,0.0,0.0370876,1.0,4214,"tags=46%, list=30%, signal=65%",
GOBP_REGULATION_OF_CALCIUM_ION_TRANSMEMBRANE_TRANSPORT,GOBP_REGULATION_OF_CALCIUM_ION_TRANSMEMBRANE_TRANSPORT,,162,-0.13698533,-2.0222995,0.003976143,0.03753795,1.0,4220,"tags=43%, list=30%, signal=61%",
GOBP_CELLULAR_OXIDANT_DETOXIFICATION,GOBP_CELLULAR_OXIDANT_DETOXIFICATION,,68,-0.20654005,-2.021893,0.005952381,0.03744031,1.0,5234,"tags=57%, list=37%, signal=90%",
GOBP_NEUTROPHIL_MIGRATION,GOBP_NEUTROPHIL_MIGRATION,,110,-0.16679768,-2.0196307,0.00390625,0.037672833,1.0,3465,"tags=41%, list=24%, signal=54%",
GOBP_SOMATIC_DIVERSIFICATION_OF_IMMUNOGLOBULINS_INVOLVED_IN_IMMUNE_RESPONSE,GOBP_SOMATIC_DIVERSIFICATION_OF_IMMUNOGLOBULINS_INVOLVED_IN_IMMUNE_RESPONSE,,47,-0.2511086,-2.018084,0.0,0.03786658,1.0,3401,"tags=49%, list=24%, signal=64%",
GOBP_RESPIRATORY_BURST,GOBP_RESPIRATORY_BURST,,28,-0.3244431,-2.0174797,0.001996008,0.037780453,1.0,983,"tags=39%, list=7%, signal=42%",
GOBP_FIBRINOLYSIS,GOBP_FIBRINOLYSIS,,22,-0.3612866,-2.0122972,0.00390625,0.038744144,1.0,2628,"tags=55%, list=18%, signal=67%",
GOBP_POSITIVE_REGULATION_OF_LYASE_ACTIVITY,GOBP_POSITIVE_REGULATION_OF_LYASE_ACTIVITY,,19,-0.3811139,-2.0117095,0.008048289,0.038741052,1.0,6564,"tags=84%, list=46%, signal=156%",
GOBP_POSITIVE_REGULATION_OF_BLOOD_PRESSURE,GOBP_POSITIVE_REGULATION_OF_BLOOD_PRESSURE,,47,-0.24512221,-2.011526,0.0116054155,0.038624343,1.0,4091,"tags=53%, list=29%, signal=74%",
GOBP_SUPEROXIDE_ANION_GENERATION,GOBP_SUPEROXIDE_ANION_GENERATION,,44,-0.25824317,-2.011382,0.001992032,0.038481697,1.0,4420,"tags=57%, list=31%, signal=82%",
GOBP_STRIATED_MUSCLE_CONTRACTION,GOBP_STRIATED_MUSCLE_CONTRACTION,,162,-0.13303855,-2.010312,0.0040241447,0.03853046,1.0,3661,"tags=39%, list=26%, signal=52%",
GOBP_LYMPHOCYTE_ACTIVATION_INVOLVED_IN_IMMUNE_RESPONSE,GOBP_LYMPHOCYTE_ACTIVATION_INVOLVED_IN_IMMUNE_RESPONSE,,197,-0.1214054,-2.0072842,0.0020242915,0.03904608,1.0,4290,"tags=42%, list=30%, signal=59%",
GOBP_CARDIAC_CELL_DEVELOPMENT,GOBP_CARDIAC_CELL_DEVELOPMENT,,113,-0.16016267,-2.007011,0.0038834952,0.038922768,1.0,4789,"tags=50%, list=34%, signal=74%",
GOBP_INTERLEUKIN_12_PRODUCTION,GOBP_INTERLEUKIN_12_PRODUCTION,,64,-0.21026702,-2.003967,0.0035714286,0.03949907,1.0,7690,"tags=75%, list=54%, signal=163%",
GOBP_LEUKOCYTE_APOPTOTIC_PROCESS,GOBP_LEUKOCYTE_APOPTOTIC_PROCESS,,130,-0.14914592,-2.0009968,0.014056225,0.04002431,1.0,3369,"tags=38%, list=24%, signal=50%",
GOBP_REGULATION_OF_ISOTYPE_SWITCHING,GOBP_REGULATION_OF_ISOTYPE_SWITCHING,,29,-0.3132799,-1.9996905,0.004201681,0.040106457,1.0,3401,"tags=55%, list=24%, signal=72%",
GOBP_RIBOSOME_ASSEMBLY,GOBP_RIBOSOME_ASSEMBLY,,53,-0.23857643,-1.9991665,0.014256619,0.04002555,1.0,7622,"tags=77%, list=54%, signal=166%",
GOBP_IMMUNOGLOBULIN_PRODUCTION,GOBP_IMMUNOGLOBULIN_PRODUCTION,,119,-0.16226433,-1.9980792,0.001980198,0.04010611,1.0,4883,"tags=50%, list=34%, signal=76%",
GOBP_SOMATIC_DIVERSIFICATION_OF_IMMUNOGLOBULINS,GOBP_SOMATIC_DIVERSIFICATION_OF_IMMUNOGLOBULINS,,60,-0.21181054,-1.9968264,0.0020120724,0.040148765,1.0,3401,"tags=45%, list=24%, signal=59%",
GOBP_ICOSANOID_METABOLIC_PROCESS,GOBP_ICOSANOID_METABOLIC_PROCESS,,136,-0.1460518,-1.99679,0.009823183,0.03996484,1.0,3695,"tags=40%, list=26%, signal=54%",
GOBP_THIOESTER_BIOSYNTHETIC_PROCESS,GOBP_THIOESTER_BIOSYNTHETIC_PROCESS,,35,-0.2878572,-1.9957048,0.006355932,0.040078405,1.0,5669,"tags=69%, list=40%, signal=114%",
GOBP_ALDEHYDE_BIOSYNTHETIC_PROCESS,GOBP_ALDEHYDE_BIOSYNTHETIC_PROCESS,,25,-0.341299,-1.9946722,0.0041237115,0.040091753,1.0,1982,"tags=48%, list=14%, signal=56%",
GOBP_BILE_ACID_BIOSYNTHETIC_PROCESS,GOBP_BILE_ACID_BIOSYNTHETIC_PROCESS,,27,-0.3241902,-1.9886318,0.0041753654,0.041309223,1.0,3300,"tags=56%, list=23%, signal=72%",
GOBP_ONE_CARBON_COMPOUND_TRANSPORT,GOBP_ONE_CARBON_COMPOUND_TRANSPORT,,23,-0.34003872,-1.9861647,0.010893246,0.04172773,1.0,5066,"tags=70%, list=36%, signal=108%",
GOBP_MUSCLE_ADAPTATION,GOBP_MUSCLE_ADAPTATION,,135,-0.14868294,-1.9831777,0.005769231,0.04226031,1.0,7598,"tags=68%, list=53%, signal=145%",
GOBP_REGULATION_OF_ATTACHMENT_OF_SPINDLE_MICROTUBULES_TO_KINETOCHORE,GOBP_REGULATION_OF_ATTACHMENT_OF_SPINDLE_MICROTUBULES_TO_KINETOCHORE,,20,-0.3717872,-1.9825145,0.0,0.04221998,1.0,5387,"tags=75%, list=38%, signal=121%",
GOBP_CELLULAR_COMPONENT_ASSEMBLY_INVOLVED_IN_MORPHOGENESIS,GOBP_CELLULAR_COMPONENT_ASSEMBLY_INVOLVED_IN_MORPHOGENESIS,,130,-0.14733844,-1.9772624,0.0020618557,0.043345876,1.0,4379,"tags=45%, list=31%, signal=65%",
GOBP_SUPEROXIDE_METABOLIC_PROCESS,GOBP_SUPEROXIDE_METABOLIC_PROCESS,,70,-0.20102164,-1.9765873,0.005976096,0.0433475,1.0,4470,"tags=51%, list=31%, signal=75%",
GOBP_NEGATIVE_REGULATION_OF_POTASSIUM_ION_TRANSPORT,GOBP_NEGATIVE_REGULATION_OF_POTASSIUM_ION_TRANSPORT,,29,-0.30369705,-1.9754462,0.0060362173,0.04344597,1.0,3537,"tags=55%, list=25%, signal=73%",
GOBP_POSITIVE_REGULATION_OF_IMMUNE_EFFECTOR_PROCESS,GOBP_POSITIVE_REGULATION_OF_IMMUNE_EFFECTOR_PROCESS,,254,-0.10782615,-1.9749938,0.0,0.043351922,1.0,3198,"tags=33%, list=22%, signal=42%",
GOBP_REGULATION_OF_LEUKOCYTE_MEDIATED_IMMUNITY,GOBP_REGULATION_OF_LEUKOCYTE_MEDIATED_IMMUNITY,,247,-0.10623779,-1.9737985,0.01002004,0.0434164,1.0,3180,"tags=33%, list=22%, signal=42%",
GOBP_T_CELL_DIFFERENTIATION_INVOLVED_IN_IMMUNE_RESPONSE,GOBP_T_CELL_DIFFERENTIATION_INVOLVED_IN_IMMUNE_RESPONSE,,90,-0.17780057,-1.9660938,0.001984127,0.045205213,1.0,4599,"tags=50%, list=32%, signal=73%",
GOBP_NEGATIVE_REGULATION_OF_LYMPHOCYTE_ACTIVATION,GOBP_NEGATIVE_REGULATION_OF_LYMPHOCYTE_ACTIVATION,,170,-0.12707742,-1.9587337,0.009861933,0.04713242,1.0,2900,"tags=33%, list=20%, signal=41%",
GOBP_POSITIVE_REGULATION_OF_IMMUNOGLOBULIN_PRODUCTION,GOBP_POSITIVE_REGULATION_OF_IMMUNOGLOBULIN_PRODUCTION,,51,-0.2323384,-1.9584583,0.004166667,0.047005523,1.0,3401,"tags=47%, list=24%, signal=62%",
GOBP_POSITIVE_REGULATION_OF_ADENYLATE_CYCLASE_ACTIVITY,GOBP_POSITIVE_REGULATION_OF_ADENYLATE_CYCLASE_ACTIVITY,,15,-0.41932517,-1.957555,0.003992016,0.047028836,1.0,7317,"tags=93%, list=51%, signal=192%",
GOBP_REGULATION_OF_LYMPHOCYTE_APOPTOTIC_PROCESS,GOBP_REGULATION_OF_LYMPHOCYTE_APOPTOTIC_PROCESS,,72,-0.1946398,-1.9574907,0.006048387,0.046838485,1.0,3765,"tags=46%, list=26%, signal=62%",
GOBP_REGULATION_OF_SODIUM_ION_TRANSMEMBRANE_TRANSPORT,GOBP_REGULATION_OF_SODIUM_ION_TRANSMEMBRANE_TRANSPORT,,48,-0.2416405,-1.9561708,0.007984032,0.046975464,1.0,3983,"tags=52%, list=28%, signal=72%",
GOBP_CALCIUM_MEDIATED_SIGNALING,GOBP_CALCIUM_MEDIATED_SIGNALING,,205,-0.120499186,-1.9549011,0.0038387715,0.047135703,1.0,3723,"tags=38%, list=26%, signal=51%",
GOBP_NEUTRAL_LIPID_CATABOLIC_PROCESS,GOBP_NEUTRAL_LIPID_CATABOLIC_PROCESS,,41,-0.2564932,-1.9545577,0.013972056,0.04702207,1.0,3301,"tags=49%, list=23%, signal=63%",
GOBP_NON_PROTEINOGENIC_AMINO_ACID_CATABOLIC_PROCESS,GOBP_NON_PROTEINOGENIC_AMINO_ACID_CATABOLIC_PROCESS,,16,-0.39792767,-1.9520664,0.011111111,0.047440868,1.0,5903,"tags=81%, list=42%, signal=139%",
GOBP_ARGININE_METABOLIC_PROCESS,GOBP_ARGININE_METABOLIC_PROCESS,,19,-0.36291778,-1.9486561,0.008130081,0.048183322,1.0,4577,"tags=68%, list=32%, signal=101%",
GOBP_REGULATION_OF_SYSTEMIC_ARTERIAL_BLOOD_PRESSURE_MEDIATED_BY_A_CHEMICAL_SIGNAL,GOBP_REGULATION_OF_SYSTEMIC_ARTERIAL_BLOOD_PRESSURE_MEDIATED_BY_A_CHEMICAL_SIGNAL,,50,-0.23123002,-1.9480785,0.0063157897,0.048181262,1.0,4688,"tags=56%, list=33%, signal=83%",
GOBP_PROTEIN_CONTAINING_COMPLEX_REMODELING,GOBP_PROTEIN_CONTAINING_COMPLEX_REMODELING,,31,-0.29102275,-1.940483,0.005859375,0.050171904,1.0,3670,"tags=55%, list=26%, signal=74%",
GOBP_INTERLEUKIN_5_PRODUCTION,GOBP_INTERLEUKIN_5_PRODUCTION,,17,-0.38734326,-1.940339,0.0078125,0.04999802,1.0,3701,"tags=65%, list=26%, signal=87%",
GOBP_B_CELL_ACTIVATION_INVOLVED_IN_IMMUNE_RESPONSE,GOBP_B_CELL_ACTIVATION_INVOLVED_IN_IMMUNE_RESPONSE,,83,-0.18040672,-1.9400488,0.0018867925,0.04987197,1.0,8416,"tags=77%, list=59%, signal=188%",
GOBP_PEPTIDE_CROSS_LINKING,GOBP_PEPTIDE_CROSS_LINKING,,20,-0.36769944,-1.9399145,0.0019607844,0.0497137,1.0,4734,"tags=70%, list=33%, signal=105%",
GOBP_LEUKOCYTE_MIGRATION_INVOLVED_IN_INFLAMMATORY_RESPONSE,GOBP_LEUKOCYTE_MIGRATION_INVOLVED_IN_INFLAMMATORY_RESPONSE,,26,-0.30935323,-1.9395661,0.010080645,0.049619175,1.0,6002,"tags=73%, list=42%, signal=126%",
GOBP_POSITIVE_REGULATION_OF_CELL_ACTIVATION,GOBP_POSITIVE_REGULATION_OF_CELL_ACTIVATION,,357,-0.08796208,-1.9375372,0.012121212,0.049959067,1.0,3721,"tags=35%, list=26%, signal=46%",
GOBP_V_D_J_RECOMBINATION,GOBP_V_D_J_RECOMBINATION,,18,-0.378492,-1.9374561,0.0057034222,0.04976984,1.0,4896,"tags=72%, list=34%, signal=110%",
GOBP_INORGANIC_ANION_TRANSPORT,GOBP_INORGANIC_ANION_TRANSPORT,,140,-0.14142866,-1.9368577,0.008064516,0.04974477,1.0,2479,"tags=31%, list=17%, signal=38%",
GOBP_VENTRICULAR_CARDIAC_MUSCLE_CELL_ACTION_POTENTIAL,GOBP_VENTRICULAR_CARDIAC_MUSCLE_CELL_ACTION_POTENTIAL,,30,-0.29445186,-1.9349397,0.0060975607,0.05012504,1.0,3881,"tags=57%, list=27%, signal=78%",
GOBP_SERINE_FAMILY_AMINO_ACID_METABOLIC_PROCESS,GOBP_SERINE_FAMILY_AMINO_ACID_METABOLIC_PROCESS,,33,-0.27864993,-1.9338255,0.007889546,0.05021266,1.0,6821,"tags=76%, list=48%, signal=145%",
GOBP_LYMPHOCYTE_APOPTOTIC_PROCESS,GOBP_LYMPHOCYTE_APOPTOTIC_PROCESS,,95,-0.1680224,-1.931499,0.01724138,0.05063274,1.0,3765,"tags=43%, list=26%, signal=58%",
GOBP_BEHAVIORAL_RESPONSE_TO_COCAINE,GOBP_BEHAVIORAL_RESPONSE_TO_COCAINE,,15,-0.42071897,-1.9301178,0.0058479533,0.0508457,1.0,4453,"tags=73%, list=31%, signal=107%",
GOBP_POST_TRANSCRIPTIONAL_REGULATION_OF_GENE_EXPRESSION,GOBP_POST_TRANSCRIPTIONAL_REGULATION_OF_GENE_EXPRESSION,,431,-0.07985629,-1.9300493,0.005882353,0.05065747,1.0,11570,"tags=89%, list=81%, signal=463%",
GOBP_PYRUVATE_METABOLIC_PROCESS,GOBP_PYRUVATE_METABOLIC_PROCESS,,131,-0.14264348,-1.9269862,0.013972056,0.05140743,1.0,2442,"tags=31%, list=17%, signal=37%",
GOBP_CALCIUM_ION_TRANSPORT,GOBP_CALCIUM_ION_TRANSPORT,,367,-0.08704379,-1.9262773,0.013592233,0.05139877,1.0,4220,"tags=38%, list=30%, signal=53%",
GOBP_POSITIVE_REGULATION_OF_MONOATOMIC_ION_TRANSMEMBRANE_TRANSPORT,GOBP_POSITIVE_REGULATION_OF_MONOATOMIC_ION_TRANSMEMBRANE_TRANSPORT,,148,-0.13214734,-1.9211583,0.002057613,0.05269239,1.0,4387,"tags=44%, list=31%, signal=63%",
GOBP_TAXIS,GOBP_TAXIS,,406,-0.08263313,-1.9162732,0.006,0.053865746,1.0,3483,"tags=33%, list=24%, signal=42%",
GOBP_POSITIVE_REGULATION_OF_INTERLEUKIN_12_PRODUCTION,GOBP_POSITIVE_REGULATION_OF_INTERLEUKIN_12_PRODUCTION,,43,-0.24368083,-1.9138486,0.009416196,0.05436062,1.0,6137,"tags=67%, list=43%, signal=118%",
GOBP_REGULATION_OF_PHOSPHOLIPID_BIOSYNTHETIC_PROCESS,GOBP_REGULATION_OF_PHOSPHOLIPID_BIOSYNTHETIC_PROCESS,,17,-0.38885483,-1.9124638,0.011857707,0.05453041,1.0,2843,"tags=59%, list=20%, signal=73%",
GOBP_REGULATION_OF_BLOOD_PRESSURE,GOBP_REGULATION_OF_BLOOD_PRESSURE,,193,-0.11993888,-1.910711,0.008196721,0.054891925,1.0,4729,"tags=45%, list=33%, signal=67%",
GOBP_T_CELL_RECEPTOR_SIGNALING_PATHWAY,GOBP_T_CELL_RECEPTOR_SIGNALING_PATHWAY,,133,-0.14144066,-1.908604,0.006012024,0.05531501,1.0,2820,"tags=34%, list=20%, signal=42%",
GOBP_GLYCINE_METABOLIC_PROCESS,GOBP_GLYCINE_METABOLIC_PROCESS,,16,-0.39587295,-1.9053168,0.008032128,0.056208946,1.0,6821,"tags=88%, list=48%, signal=168%",
GOBP_REGULATION_OF_LEUKOCYTE_PROLIFERATION,GOBP_REGULATION_OF_LEUKOCYTE_PROLIFERATION,,266,-0.10160102,-1.9051865,0.007905139,0.05604692,1.0,3074,"tags=32%, list=22%, signal=40%",
GOBP_MUSCLE_HYPERTROPHY,GOBP_MUSCLE_HYPERTROPHY,,117,-0.15079129,-1.9049104,0.007782101,0.055920232,1.0,7598,"tags=68%, list=53%, signal=146%",
GOBP_PROTEIN_LIPID_COMPLEX_ASSEMBLY,GOBP_PROTEIN_LIPID_COMPLEX_ASSEMBLY,,25,-0.32575658,-1.9025459,0.010121457,0.056466945,1.0,4478,"tags=64%, list=31%, signal=93%",
GOBP_REGULATION_OF_DIGESTIVE_SYSTEM_PROCESS,GOBP_REGULATION_OF_DIGESTIVE_SYSTEM_PROCESS,,43,-0.24247852,-1.9021434,0.002016129,0.05638827,1.0,3839,"tags=51%, list=27%, signal=70%",
GOBP_GLUTAMATE_METABOLIC_PROCESS,GOBP_GLUTAMATE_METABOLIC_PROCESS,,32,-0.2823688,-1.9013529,0.01026694,0.056427985,1.0,5327,"tags=66%, list=37%, signal=105%",
GOBP_NEGATIVE_REGULATION_OF_LYMPHOCYTE_DIFFERENTIATION,GOBP_NEGATIVE_REGULATION_OF_LYMPHOCYTE_DIFFERENTIATION,,62,-0.2064343,-1.9009918,0.005988024,0.05634355,1.0,2583,"tags=39%, list=18%, signal=47%",
GOBP_VITAMIN_TRANSPORT,GOBP_VITAMIN_TRANSPORT,,46,-0.24128366,-1.8995398,0.006048387,0.056541227,1.0,3073,"tags=46%, list=22%, signal=58%",
GOBP_UNSATURATED_FATTY_ACID_METABOLIC_PROCESS,GOBP_UNSATURATED_FATTY_ACID_METABOLIC_PROCESS,,147,-0.13344434,-1.8986872,0.008016032,0.056564525,1.0,5572,"tags=52%, list=39%, signal=85%",
GOBP_MEMBRANE_REPOLARIZATION,GOBP_MEMBRANE_REPOLARIZATION,,48,-0.23091587,-1.8985485,0.011583012,0.0564095,1.0,4135,"tags=52%, list=29%, signal=73%",
GOBP_DEFENSE_RESPONSE_TO_GRAM_NEGATIVE_BACTERIUM,GOBP_DEFENSE_RESPONSE_TO_GRAM_NEGATIVE_BACTERIUM,,73,-0.18945703,-1.898345,0.0042462847,0.05626425,1.0,2970,"tags=40%, list=21%, signal=50%",
GOBP_POSITIVE_THYMIC_T_CELL_SELECTION,GOBP_POSITIVE_THYMIC_T_CELL_SELECTION,,18,-0.35969707,-1.898314,0.007858546,0.05607282,1.0,5953,"tags=78%, list=42%, signal=134%",
GOBP_RIBOSOMAL_SMALL_SUBUNIT_ASSEMBLY,GOBP_RIBOSOMAL_SMALL_SUBUNIT_ASSEMBLY,,20,-0.34706357,-1.8957723,0.008830022,0.0566366,1.0,4316,"tags=65%, list=30%, signal=93%",
GOBP_REGULATION_OF_TRANSPORTER_ACTIVITY,GOBP_REGULATION_OF_TRANSPORTER_ACTIVITY,,170,-0.12495992,-1.8942878,0.0042643924,0.05686994,1.0,1424,"tags=22%, list=10%, signal=25%",
GOBP_FORELIMB_MORPHOGENESIS,GOBP_FORELIMB_MORPHOGENESIS,,40,-0.2586947,-1.8939427,0.01039501,0.05678091,1.0,4154,"tags=55%, list=29%, signal=77%",
GOBP_NEGATIVE_REGULATION_OF_DIGESTIVE_SYSTEM_PROCESS,GOBP_NEGATIVE_REGULATION_OF_DIGESTIVE_SYSTEM_PROCESS,,17,-0.37762767,-1.8930681,0.012024048,0.056834646,1.0,3839,"tags=65%, list=27%, signal=89%",
GOBP_GRANULOCYTE_CHEMOTAXIS,GOBP_GRANULOCYTE_CHEMOTAXIS,,120,-0.14934337,-1.8912098,0.006185567,0.05724354,1.0,3465,"tags=39%, list=24%, signal=51%",
GOBP_REGULATION_OF_SYSTEMIC_ARTERIAL_BLOOD_PRESSURE,GOBP_REGULATION_OF_SYSTEMIC_ARTERIAL_BLOOD_PRESSURE,,111,-0.15523203,-1.8906723,0.008016032,0.057220347,1.0,4729,"tags=49%, list=33%, signal=72%",
GOBP_RIBOSOMAL_LARGE_SUBUNIT_BIOGENESIS,GOBP_RIBOSOMAL_LARGE_SUBUNIT_BIOGENESIS,,54,-0.22183792,-1.8850732,0.008333334,0.058712684,1.0,7919,"tags=78%, list=56%, signal=175%",
GOBP_LIPID_OXIDATION,GOBP_LIPID_OXIDATION,,119,-0.1490783,-1.8833219,0.015904572,0.059126135,1.0,6503,"tags=61%, list=46%, signal=111%",
GOBP_LYMPHOCYTE_MEDIATED_IMMUNITY,GOBP_LYMPHOCYTE_MEDIATED_IMMUNITY,,293,-0.09583811,-1.8814573,0.003944773,0.059476867,1.0,3180,"tags=32%, list=22%, signal=40%",
GOBP_LONG_CHAIN_FATTY_ACID_METABOLIC_PROCESS,GOBP_LONG_CHAIN_FATTY_ACID_METABOLIC_PROCESS,,132,-0.14289409,-1.8797386,0.0078125,0.059875168,1.0,5206,"tags=51%, list=37%, signal=79%",
GOBP_POTASSIUM_ION_TRANSMEMBRANE_TRANSPORT,GOBP_POTASSIUM_ION_TRANSMEMBRANE_TRANSPORT,,178,-0.120199025,-1.8789321,0.0116054155,0.059882406,1.0,3586,"tags=37%, list=25%, signal=49%",
GOBP_ALPHA_BETA_T_CELL_ACTIVATION,GOBP_ALPHA_BETA_T_CELL_ACTIVATION,,199,-0.11569111,-1.8787242,0.020449897,0.059728798,1.0,4596,"tags=44%, list=32%, signal=64%",
GOBP_RESPONSE_TO_LEAD_ION,GOBP_RESPONSE_TO_LEAD_ION,,26,-0.3087165,-1.8781248,0.0040983604,0.05972543,1.0,6558,"tags=77%, list=46%, signal=142%",
GOBP_REGULATION_OF_SYSTEMIC_ARTERIAL_BLOOD_PRESSURE_BY_HORMONE,GOBP_REGULATION_OF_SYSTEMIC_ARTERIAL_BLOOD_PRESSURE_BY_HORMONE,,40,-0.2461092,-1.876448,0.017013233,0.060061228,1.0,4688,"tags=58%, list=33%, signal=86%",
GOBP_REGULATION_OF_RELAXATION_OF_MUSCLE,GOBP_REGULATION_OF_RELAXATION_OF_MUSCLE,,15,-0.40508237,-1.8699999,0.010121457,0.061911993,1.0,2779,"tags=60%, list=20%, signal=74%",
GOBP_SECONDARY_ALCOHOL_METABOLIC_PROCESS,GOBP_SECONDARY_ALCOHOL_METABOLIC_PROCESS,,156,-0.12921284,-1.8697507,0.013435701,0.061750323,1.0,4656,"tags=46%, list=33%, signal=67%",
GOBP_SARCOPLASMIC_RETICULUM_CALCIUM_ION_TRANSPORT,GOBP_SARCOPLASMIC_RETICULUM_CALCIUM_ION_TRANSPORT,,32,-0.2740217,-1.865188,0.012931035,0.063133836,1.0,2779,"tags=47%, list=20%, signal=58%",
GOBP_LYMPHOCYTE_COSTIMULATION,GOBP_LYMPHOCYTE_COSTIMULATION,,32,-0.27747506,-1.8610462,0.006060606,0.064452544,1.0,2730,"tags=47%, list=19%, signal=58%",
GOBP_HORMONE_METABOLIC_PROCESS,GOBP_HORMONE_METABOLIC_PROCESS,,230,-0.10713753,-1.8606426,0.013833992,0.06435532,1.0,2892,"tags=31%, list=20%, signal=38%",
GOBP_AMINO_ACID_TRANSMEMBRANE_TRANSPORT,GOBP_AMINO_ACID_TRANSMEMBRANE_TRANSPORT,,97,-0.16376235,-1.8594502,0.014056225,0.06449303,1.0,4432,"tags=47%, list=31%, signal=68%",
GOBP_IRON_ION_TRANSMEMBRANE_TRANSPORT,GOBP_IRON_ION_TRANSMEMBRANE_TRANSPORT,,29,-0.29100657,-1.8591708,0.010162601,0.0643611,1.0,6169,"tags=72%, list=43%, signal=128%",
GOBP_POTASSIUM_ION_TRANSPORT,GOBP_POTASSIUM_ION_TRANSPORT,,207,-0.11185504,-1.856092,0.0057803467,0.06525578,1.0,3586,"tags=36%, list=25%, signal=48%",
GOBP_REGULATION_OF_TRANSLATION,GOBP_REGULATION_OF_TRANSLATION,,303,-0.09034173,-1.853766,0.014613778,0.065911114,1.0,11275,"tags=88%, list=79%, signal=416%",
GOBP_REGULATION_OF_ATP_DEPENDENT_ACTIVITY,GOBP_REGULATION_OF_ATP_DEPENDENT_ACTIVITY,,53,-0.21194452,-1.8496187,0.006060606,0.06718789,1.0,7731,"tags=75%, list=54%, signal=165%",
GOBP_ARACHIDONATE_METABOLIC_PROCESS,GOBP_ARACHIDONATE_METABOLIC_PROCESS,,72,-0.18439172,-1.8481034,0.016666668,0.06749696,1.0,3910,"tags=46%, list=27%, signal=63%",
GOBP_HETEROTYPIC_CELL_CELL_ADHESION,GOBP_HETEROTYPIC_CELL_CELL_ADHESION,,57,-0.21175382,-1.8466952,0.00407332,0.06770986,1.0,3239,"tags=44%, list=23%, signal=57%",
GOBP_MONOATOMIC_ANION_HOMEOSTASIS,GOBP_MONOATOMIC_ANION_HOMEOSTASIS,,28,-0.2931777,-1.8418567,0.010183299,0.06943598,1.0,4982,"tags=64%, list=35%, signal=99%",
GOBP_REGULATION_OF_LYMPHOCYTE_DIFFERENTIATION,GOBP_REGULATION_OF_LYMPHOCYTE_DIFFERENTIATION,,219,-0.104739465,-1.8404391,0.00754717,0.06969987,1.0,7106,"tags=60%, list=50%, signal=119%",
GOBP_REGULATION_OF_MUSCLE_SYSTEM_PROCESS,GOBP_REGULATION_OF_MUSCLE_SYSTEM_PROCESS,,245,-0.10316286,-1.8388858,0.015779093,0.07002016,1.0,4770,"tags=44%, list=34%, signal=65%",
GOBP_ESTABLISHMENT_OF_PROTEIN_LOCALIZATION_TO_CHROMOSOME,GOBP_ESTABLISHMENT_OF_PROTEIN_LOCALIZATION_TO_CHROMOSOME,,21,-0.3329041,-1.8379542,0.01,0.07011541,1.0,6786,"tags=81%, list=48%, signal=155%",
GOBP_NEGATIVE_REGULATION_OF_MONOATOMIC_ION_TRANSMEMBRANE_TRANSPORT,GOBP_NEGATIVE_REGULATION_OF_MONOATOMIC_ION_TRANSMEMBRANE_TRANSPORT,,78,-0.17908925,-1.8377397,0.008230452,0.069961436,1.0,4214,"tags=47%, list=30%, signal=67%",
GOBP_DNA_TEMPLATED_TRANSCRIPTION_INITIATION,GOBP_DNA_TEMPLATED_TRANSCRIPTION_INITIATION,,175,-0.11975347,-1.835113,0.0121951215,0.07078701,1.0,11321,"tags=91%, list=80%, signal=443%",
GOBP_BASIC_AMINO_ACID_TRANSMEMBRANE_TRANSPORT,GOBP_BASIC_AMINO_ACID_TRANSMEMBRANE_TRANSPORT,,16,-0.388028,-1.8339192,0.012072435,0.07103519,1.0,4266,"tags=69%, list=30%, signal=98%",
GOBP_IMPORT_ACROSS_PLASMA_MEMBRANE,GOBP_IMPORT_ACROSS_PLASMA_MEMBRANE,,186,-0.117181726,-1.8283193,0.01010101,0.07306469,1.0,4320,"tags=42%, list=30%, signal=59%",
GOBP_GLUTATHIONE_METABOLIC_PROCESS,GOBP_GLUTATHIONE_METABOLIC_PROCESS,,61,-0.19602555,-1.8272115,0.0137795275,0.07327121,1.0,5618,"tags=59%, list=40%, signal=97%",
GOBP_RESPONSE_TO_ALCOHOL,GOBP_RESPONSE_TO_ALCOHOL,,271,-0.09628167,-1.823453,0.010330578,0.074615434,1.0,2751,"tags=29%, list=19%, signal=35%",
GOBP_INTERLEUKIN_10_PRODUCTION,GOBP_INTERLEUKIN_10_PRODUCTION,,62,-0.19365887,-1.8234024,0.017374517,0.07438456,1.0,3452,"tags=44%, list=24%, signal=57%",
GOBP_IMMUNOGLOBULIN_PRODUCTION_INVOLVED_IN_IMMUNOGLOBULIN_MEDIATED_IMMUNE_RESPONSE,GOBP_IMMUNOGLOBULIN_PRODUCTION_INVOLVED_IN_IMMUNOGLOBULIN_MEDIATED_IMMUNE_RESPONSE,,59,-0.20243478,-1.8229849,0.013888889,0.07427867,1.0,3401,"tags=44%, list=24%, signal=58%",
GOBP_RESPONSE_TO_TOXIC_SUBSTANCE,GOBP_RESPONSE_TO_TOXIC_SUBSTANCE,,217,-0.10698457,-1.8221216,0.011320755,0.074367695,1.0,2697,"tags=29%, list=19%, signal=36%",
GOBP_INORGANIC_ANION_TRANSMEMBRANE_TRANSPORT,GOBP_INORGANIC_ANION_TRANSMEMBRANE_TRANSPORT,,102,-0.15035845,-1.8162466,0.011952192,0.076689914,1.0,2479,"tags=32%, list=17%, signal=39%",
GOBP_PRIMARY_ALCOHOL_CATABOLIC_PROCESS,GOBP_PRIMARY_ALCOHOL_CATABOLIC_PROCESS,,18,-0.3539745,-1.8140906,0.016064256,0.07745056,1.0,2084,"tags=50%, list=15%, signal=59%",
GOBP_MONOCARBOXYLIC_ACID_TRANSPORT,GOBP_MONOCARBOXYLIC_ACID_TRANSPORT,,163,-0.12109298,-1.8127533,0.010080645,0.077703774,1.0,1614,"tags=23%, list=11%, signal=26%",
GOBP_POSITIVE_REGULATION_OF_NATURAL_KILLER_CELL_MEDIATED_IMMUNITY,GOBP_POSITIVE_REGULATION_OF_NATURAL_KILLER_CELL_MEDIATED_IMMUNITY,,36,-0.25875333,-1.8123649,0.018072288,0.077635944,1.0,2256,"tags=42%, list=16%, signal=49%",
GOBP_SODIUM_ION_HOMEOSTASIS,GOBP_SODIUM_ION_HOMEOSTASIS,,38,-0.2488747,-1.8101692,0.010162601,0.07836102,1.0,2459,"tags=42%, list=17%, signal=51%",
GOBP_NUCLEOTIDE_CATABOLIC_PROCESS,GOBP_NUCLEOTIDE_CATABOLIC_PROCESS,,166,-0.12209781,-1.8087968,0.021868788,0.07870029,1.0,1883,"tags=25%, list=13%, signal=29%",
GOBP_POSITIVE_REGULATION_OF_LYMPHOCYTE_ACTIVATION,GOBP_POSITIVE_REGULATION_OF_LYMPHOCYTE_ACTIVATION,,305,-0.08875595,-1.8073975,0.0060728746,0.0791323,1.0,3615,"tags=34%, list=25%, signal=45%",
GOBP_CD4_POSITIVE_ALPHA_BETA_T_CELL_ACTIVATION,GOBP_CD4_POSITIVE_ALPHA_BETA_T_CELL_ACTIVATION,,132,-0.1336095,-1.806737,0.0123203285,0.07914601,1.0,9323,"tags=79%, list=66%, signal=227%",
GOBP_INTERMEDIATE_FILAMENT_BASED_PROCESS,GOBP_INTERMEDIATE_FILAMENT_BASED_PROCESS,,79,-0.17249364,-1.8057956,0.014084507,0.079269804,1.0,3322,"tags=41%, list=23%, signal=53%",
GOBP_DETOXIFICATION,GOBP_DETOXIFICATION,,111,-0.14488538,-1.805061,0.009560229,0.079338,1.0,2697,"tags=33%, list=19%, signal=41%",
GOBP_TRIGLYCERIDE_CATABOLIC_PROCESS,GOBP_TRIGLYCERIDE_CATABOLIC_PROCESS,,30,-0.27591664,-1.8029244,0.022132797,0.08005766,1.0,3670,"tags=53%, list=26%, signal=72%",
GOBP_POSITIVE_REGULATION_OF_LEUKOCYTE_MEDIATED_IMMUNITY,GOBP_POSITIVE_REGULATION_OF_LEUKOCYTE_MEDIATED_IMMUNITY,,146,-0.12770142,-1.8027714,0.024489796,0.07988195,1.0,2879,"tags=33%, list=20%, signal=41%",
GOBP_POSITIVE_REGULATION_OF_HEMOPOIESIS,GOBP_POSITIVE_REGULATION_OF_HEMOPOIESIS,,201,-0.10889102,-1.8020555,0.014492754,0.07992231,1.0,7106,"tags=61%, list=50%, signal=120%",
GOBP_AMINO_ACID_BIOSYNTHETIC_PROCESS,GOBP_AMINO_ACID_BIOSYNTHETIC_PROCESS,,67,-0.18755417,-1.8018013,0.017681729,0.07977989,1.0,5412,"tags=57%, list=38%, signal=91%",
GOBP_PROTEIN_HOMOTETRAMERIZATION,GOBP_PROTEIN_HOMOTETRAMERIZATION,,56,-0.20011725,-1.8011214,0.016460905,0.0798696,1.0,3515,"tags=45%, list=25%, signal=59%",
GOBP_DNA_TEMPLATED_TRANSCRIPTION_ELONGATION,GOBP_DNA_TEMPLATED_TRANSCRIPTION_ELONGATION,,100,-0.14944197,-1.8007227,0.013384321,0.07979444,1.0,10263,"tags=87%, list=72%, signal=310%",
GOBP_MONOATOMIC_ANION_TRANSPORT,GOBP_MONOATOMIC_ANION_TRANSPORT,,133,-0.13150312,-1.7995355,0.015936255,0.08007251,1.0,2960,"tags=34%, list=21%, signal=42%",
GOBP_REGULATION_OF_PROTEIN_LOCALIZATION_TO_CHROMOSOME_TELOMERIC_REGION,GOBP_REGULATION_OF_PROTEIN_LOCALIZATION_TO_CHROMOSOME_TELOMERIC_REGION,,15,-0.37961894,-1.7978843,0.011494253,0.08059706,1.0,6933,"tags=87%, list=49%, signal=169%",
GOBP_LYMPHOCYTE_HOMEOSTASIS,GOBP_LYMPHOCYTE_HOMEOSTASIS,,92,-0.15818068,-1.7955071,0.011904762,0.08139818,1.0,9823,"tags=85%, list=69%, signal=272%",
GOBP_NEGATIVE_REGULATION_OF_LEUKOCYTE_APOPTOTIC_PROCESS,GOBP_NEGATIVE_REGULATION_OF_LEUKOCYTE_APOPTOTIC_PROCESS,,62,-0.19142503,-1.7953583,0.0256917,0.08121992,1.0,3713,"tags=45%, list=26%, signal=61%",
GOBP_SODIUM_ION_EXPORT_ACROSS_PLASMA_MEMBRANE,GOBP_SODIUM_ION_EXPORT_ACROSS_PLASMA_MEMBRANE,,20,-0.32890993,-1.7897961,0.018484289,0.083463535,1.0,7418,"tags=85%, list=52%, signal=177%",
GOBP_HETEROCHROMATIN_FORMATION,GOBP_HETEROCHROMATIN_FORMATION,,111,-0.14522508,-1.7887145,0.016064256,0.08370049,1.0,10123,"tags=86%, list=71%, signal=295%",
GOBP_REGULATION_OF_PHOSPHOLIPID_METABOLIC_PROCESS,GOBP_REGULATION_OF_PHOSPHOLIPID_METABOLIC_PROCESS,,33,-0.25529256,-1.7871368,0.021696253,0.084119715,1.0,2843,"tags=45%, list=20%, signal=57%",
GOBP_POSITIVE_REGULATION_OF_LEUKOCYTE_CELL_CELL_ADHESION,GOBP_POSITIVE_REGULATION_OF_LEUKOCYTE_CELL_CELL_ADHESION,,259,-0.09448621,-1.7870008,0.014869888,0.083918706,1.0,3294,"tags=32%, list=23%, signal=41%",
GOBP_STRIATED_MUSCLE_ADAPTATION,GOBP_STRIATED_MUSCLE_ADAPTATION,,53,-0.20567606,-1.7858927,0.019493178,0.08419427,1.0,3795,"tags=47%, list=27%, signal=64%",
GOBP_REGULATION_OF_T_CELL_PROLIFERATION,GOBP_REGULATION_OF_T_CELL_PROLIFERATION,,184,-0.111439906,-1.7856647,0.027083334,0.084037565,1.0,3074,"tags=33%, list=22%, signal=41%",
GOBP_NUCLEOSIDE_PHOSPHATE_CATABOLIC_PROCESS,GOBP_NUCLEOSIDE_PHOSPHATE_CATABOLIC_PROCESS,,186,-0.11222906,-1.7822955,0.01898734,0.08528202,1.0,2631,"tags=30%, list=19%, signal=36%",
GOBP_REGULATION_OF_TOLERANCE_INDUCTION,GOBP_REGULATION_OF_TOLERANCE_INDUCTION,,18,-0.35214782,-1.7790105,0.02096436,0.086567685,1.0,2900,"tags=56%, list=20%, signal=70%",
GOBP_TRANSCRIPTION_INITIATION_AT_RNA_POLYMERASE_II_PROMOTER,GOBP_TRANSCRIPTION_INITIATION_AT_RNA_POLYMERASE_II_PROMOTER,,141,-0.12724149,-1.7758777,0.015625,0.08773092,1.0,11321,"tags=92%, list=80%, signal=448%",
GOBP_MITOCHONDRIAL_MEMBRANE_ORGANIZATION,GOBP_MITOCHONDRIAL_MEMBRANE_ORGANIZATION,,101,-0.14959893,-1.7758158,0.016494846,0.08749725,1.0,7604,"tags=68%, list=53%, signal=146%",
GOBP_POSITIVE_REGULATION_OF_B_CELL_PROLIFERATION,GOBP_POSITIVE_REGULATION_OF_B_CELL_PROLIFERATION,,46,-0.21814433,-1.7680264,0.016359918,0.09076471,1.0,3401,"tags=46%, list=24%, signal=60%",
GOBP_ACUTE_PHASE_RESPONSE,GOBP_ACUTE_PHASE_RESPONSE,,47,-0.21370718,-1.7677752,0.019417476,0.09061013,1.0,5444,"tags=60%, list=38%, signal=96%",
GOBP_RNA_TEMPLATED_DNA_BIOSYNTHETIC_PROCESS,GOBP_RNA_TEMPLATED_DNA_BIOSYNTHETIC_PROCESS,,60,-0.19057502,-1.7672685,0.020366598,0.090560615,1.0,7731,"tags=73%, list=54%, signal=160%",
GOBP_RESPONSE_TO_FUNGUS,GOBP_RESPONSE_TO_FUNGUS,,61,-0.19400531,-1.7668133,0.021825397,0.0905093,1.0,6346,"tags=64%, list=45%, signal=115%",
GOBP_CARDIAC_MUSCLE_CELL_ACTION_POTENTIAL_INVOLVED_IN_CONTRACTION,GOBP_CARDIAC_MUSCLE_CELL_ACTION_POTENTIAL_INVOLVED_IN_CONTRACTION,,41,-0.24005128,-1.7651175,0.025390625,0.09105824,1.0,3881,"tags=51%, list=27%, signal=70%",
GOBP_PYRIDINE_CONTAINING_COMPOUND_BIOSYNTHETIC_PROCESS,GOBP_PYRIDINE_CONTAINING_COMPOUND_BIOSYNTHETIC_PROCESS,,27,-0.27815613,-1.7615783,0.022312373,0.092488326,1.0,2900,"tags=48%, list=20%, signal=60%",
GOBP_RENAL_TUBULAR_SECRETION,GOBP_RENAL_TUBULAR_SECRETION,,16,-0.36465594,-1.760179,0.022727273,0.0929756,1.0,4598,"tags=69%, list=32%, signal=101%",
GOBP_VITAMIN_TRANSMEMBRANE_TRANSPORT,GOBP_VITAMIN_TRANSMEMBRANE_TRANSPORT,,20,-0.334656,-1.7589555,0.032323234,0.0933828,1.0,1648,"tags=45%, list=12%, signal=51%",
GOBP_MYELOID_DENDRITIC_CELL_ACTIVATION,GOBP_MYELOID_DENDRITIC_CELL_ACTIVATION,,35,-0.24761029,-1.7565359,0.009861933,0.094281875,1.0,5021,"tags=60%, list=35%, signal=93%",
GOBP_OLIGOPEPTIDE_TRANSPORT,GOBP_OLIGOPEPTIDE_TRANSPORT,,23,-0.3085554,-1.7550515,0.016842104,0.094760746,1.0,5513,"tags=70%, list=39%, signal=113%",
GOBP_CARDIAC_MUSCLE_CELL_MEMBRANE_REPOLARIZATION,GOBP_CARDIAC_MUSCLE_CELL_MEMBRANE_REPOLARIZATION,,32,-0.25660062,-1.7518946,0.0251938,0.09607425,1.0,3915,"tags=53%, list=28%, signal=73%",
GOBP_ACTIVATED_T_CELL_PROLIFERATION,GOBP_ACTIVATED_T_CELL_PROLIFERATION,,48,-0.21353394,-1.7507625,0.018556701,0.0963587,1.0,2900,"tags=42%, list=20%, signal=52%",
GOBP_PROTEIN_DNA_COMPLEX_ORGANIZATION,GOBP_PROTEIN_DNA_COMPLEX_ORGANIZATION,,164,-0.12001226,-1.7503599,0.013157895,0.09629944,1.0,11321,"tags=91%, list=80%, signal=443%",
GOBP_REGULATION_OF_REACTIVE_OXYGEN_SPECIES_BIOSYNTHETIC_PROCESS,GOBP_REGULATION_OF_REACTIVE_OXYGEN_SPECIES_BIOSYNTHETIC_PROCESS,,49,-0.21497549,-1.7482533,0.015936255,0.09714005,1.0,6822,"tags=69%, list=48%, signal=133%",
GOBP_INDOLE_CONTAINING_COMPOUND_METABOLIC_PROCESS,GOBP_INDOLE_CONTAINING_COMPOUND_METABOLIC_PROCESS,,27,-0.2774516,-1.7457023,0.017475728,0.098079026,1.0,2910,"tags=48%, list=20%, signal=60%",
GOBP_CD4_POSITIVE_ALPHA_BETA_T_CELL_PROLIFERATION,GOBP_CD4_POSITIVE_ALPHA_BETA_T_CELL_PROLIFERATION,,25,-0.29126236,-1.7447599,0.014675053,0.09828652,1.0,3830,"tags=56%, list=27%, signal=77%",
GOBP_ISOPRENOID_METABOLIC_PROCESS,GOBP_ISOPRENOID_METABOLIC_PROCESS,,103,-0.14594465,-1.7408029,0.016393442,0.10003194,1.0,2911,"tags=35%, list=20%, signal=44%",
GOBP_CYCLIC_NUCLEOTIDE_BIOSYNTHETIC_PROCESS,GOBP_CYCLIC_NUCLEOTIDE_BIOSYNTHETIC_PROCESS,,16,-0.35205474,-1.7378031,0.024896266,0.10133988,1.0,4777,"tags=69%, list=34%, signal=103%",
GOBP_ALPHA_BETA_T_CELL_DIFFERENTIATION,GOBP_ALPHA_BETA_T_CELL_DIFFERENTIATION,,141,-0.1249335,-1.7321088,0.0116959065,0.10400461,1.0,4596,"tags=45%, list=32%, signal=65%",
GOBP_ORGANOPHOSPHATE_CATABOLIC_PROCESS,GOBP_ORGANOPHOSPHATE_CATABOLIC_PROCESS,,243,-0.09368573,-1.7314359,0.015904572,0.10410344,1.0,2671,"tags=28%, list=19%, signal=34%",
GOBP_STRIATED_MUSCLE_CELL_DIFFERENTIATION,GOBP_STRIATED_MUSCLE_CELL_DIFFERENTIATION,,325,-0.08509081,-1.7312245,0.019379845,0.10394623,1.0,3063,"tags=30%, list=22%, signal=37%",
GOBP_PYRIMIDINE_CONTAINING_COMPOUND_CATABOLIC_PROCESS,GOBP_PYRIMIDINE_CONTAINING_COMPOUND_CATABOLIC_PROCESS,,23,-0.29612252,-1.7276528,0.022540983,0.105510436,1.0,2598,"tags=48%, list=18%, signal=58%",
GOBP_CALCIUM_ION_TRANSMEMBRANE_TRANSPORT,GOBP_CALCIUM_ION_TRANSMEMBRANE_TRANSPORT,,275,-0.0905313,-1.7273655,0.019762846,0.10538817,1.0,4220,"tags=39%, list=30%, signal=54%",
GOBP_T_CELL_ACTIVATION_INVOLVED_IN_IMMUNE_RESPONSE,GOBP_T_CELL_ACTIVATION_INVOLVED_IN_IMMUNE_RESPONSE,,118,-0.13542616,-1.7262582,0.021696253,0.1056925,1.0,4599,"tags=46%, list=32%, signal=67%",
GOBP_POSITIVE_REGULATION_OF_LYMPHOCYTE_DIFFERENTIATION,GOBP_POSITIVE_REGULATION_OF_LYMPHOCYTE_DIFFERENTIATION,,136,-0.12659743,-1.7232574,0.023715414,0.10699653,1.0,7106,"tags=63%, list=50%, signal=124%",
GOBP_POSITIVE_REGULATION_OF_BONE_RESORPTION,GOBP_POSITIVE_REGULATION_OF_BONE_RESORPTION,,25,-0.29282337,-1.7221906,0.017374517,0.10733186,1.0,3239,"tags=52%, list=23%, signal=67%",
GOBP_FATTY_ACID_BETA_OXIDATION,GOBP_FATTY_ACID_BETA_OXIDATION,,71,-0.17116706,-1.7203054,0.021276595,0.108080424,1.0,6392,"tags=62%, list=45%, signal=112%",
GOBP_GAS_TRANSPORT,GOBP_GAS_TRANSPORT,,17,-0.3501375,-1.720297,0.030425964,0.10779169,1.0,5066,"tags=71%, list=36%, signal=110%",
GOBP_CARBOHYDRATE_CATABOLIC_PROCESS,GOBP_CARBOHYDRATE_CATABOLIC_PROCESS,,171,-0.113026574,-1.7192862,0.02053388,0.108060956,1.0,2488,"tags=29%, list=17%, signal=34%",
GOBP_NON_PROTEINOGENIC_AMINO_ACID_METABOLIC_PROCESS,GOBP_NON_PROTEINOGENIC_AMINO_ACID_METABOLIC_PROCESS,,67,-0.1843717,-1.7190036,0.03557312,0.10796154,1.0,2910,"tags=39%, list=20%, signal=49%",
GOBP_REGULATION_OF_DNA_METABOLIC_PROCESS,GOBP_REGULATION_OF_DNA_METABOLIC_PROCESS,,429,-0.07113494,-1.7167257,0.045360826,0.10889031,1.0,11484,"tags=88%, list=81%, signal=442%",
GOBP_AMINO_ACID_BETAINE_METABOLIC_PROCESS,GOBP_AMINO_ACID_BETAINE_METABOLIC_PROCESS,,16,-0.36039248,-1.7160813,0.024340771,0.10896983,1.0,7325,"tags=88%, list=52%, signal=180%",
GOBP_REGULATION_OF_NATURAL_KILLER_CELL_MEDIATED_IMMUNITY,GOBP_REGULATION_OF_NATURAL_KILLER_CELL_MEDIATED_IMMUNITY,,58,-0.19293596,-1.7145182,0.026,0.10956653,1.0,3153,"tags=41%, list=22%, signal=53%",
GOBP_CYTOCHROME_COMPLEX_ASSEMBLY,GOBP_CYTOCHROME_COMPLEX_ASSEMBLY,,20,-0.3337758,-1.7123201,0.023529412,0.11051773,1.0,8771,"tags=95%, list=62%, signal=248%",
GOBP_PROTEIN_TETRAMERIZATION,GOBP_PROTEIN_TETRAMERIZATION,,89,-0.15372635,-1.7117952,0.021459227,0.1105287,1.0,4220,"tags=45%, list=30%, signal=64%",
GOBP_REGULATION_OF_CELL_CELL_ADHESION,GOBP_REGULATION_OF_CELL_CELL_ADHESION,,473,-0.06733463,-1.7108794,0.021153847,0.11074676,1.0,3074,"tags=28%, list=22%, signal=35%",
GOBP_REGULATION_OF_RESPIRATORY_BURST,GOBP_REGULATION_OF_RESPIRATORY_BURST,,17,-0.34312207,-1.7096673,0.025948104,0.111137286,1.0,983,"tags=41%, list=7%, signal=44%",
GOBP_POSITIVE_REGULATION_OF_TELOMERE_MAINTENANCE_VIA_TELOMERE_LENGTHENING,GOBP_POSITIVE_REGULATION_OF_TELOMERE_MAINTENANCE_VIA_TELOMERE_LENGTHENING,,41,-0.22754654,-1.7080419,0.025590552,0.111781545,1.0,7180,"tags=73%, list=50%, signal=147%",
GOBP_NEUTROPHIL_CHEMOTAXIS,GOBP_NEUTROPHIL_CHEMOTAXIS,,85,-0.15735711,-1.7077441,0.027484143,0.11164953,1.0,3465,"tags=40%, list=24%, signal=53%",
GOBP_MODIFIED_AMINO_ACID_TRANSPORT,GOBP_MODIFIED_AMINO_ACID_TRANSPORT,,40,-0.22847292,-1.7066774,0.023952097,0.11192335,1.0,3516,"tags=48%, list=25%, signal=63%",
GOBP_HYDROGEN_PEROXIDE_CATABOLIC_PROCESS,GOBP_HYDROGEN_PEROXIDE_CATABOLIC_PROCESS,,20,-0.31424546,-1.706488,0.026,0.111709565,1.0,4071,"tags=60%, list=29%, signal=84%",
GOBP_ACTIN_MEDIATED_CELL_CONTRACTION,GOBP_ACTIN_MEDIATED_CELL_CONTRACTION,,97,-0.14890936,-1.7057123,0.010504202,0.111837886,1.0,4935,"tags=49%, list=35%, signal=75%",
GOBP_CD8_POSITIVE_ALPHA_BETA_T_CELL_ACTIVATION,GOBP_CD8_POSITIVE_ALPHA_BETA_T_CELL_ACTIVATION,,33,-0.25470737,-1.7033648,0.01984127,0.112854995,1.0,5006,"tags=61%, list=35%, signal=93%",
GOBP_T_CELL_DIFFERENTIATION,GOBP_T_CELL_DIFFERENTIATION,,330,-0.07994345,-1.7029989,0.023346303,0.11281954,1.0,4622,"tags=40%, list=33%, signal=58%",
GOBP_ADAPTIVE_IMMUNE_RESPONSE_BASED_ON_SOMATIC_RECOMBINATION_OF_IMMUNE_RECEPTORS_BUILT_FROM_IMMUNOGLOBULIN_SUPERFAMILY_DOMAINS,GOBP_ADAPTIVE_IMMUNE_RESPONSE_BASED_ON_SOMATIC_RECOMBINATION_OF_IMMUNE_RECEPTORS_BUILT_FROM_IMMUNOGLOBULIN_SUPERFAMILY_DOMAINS,,311,-0.08430401,-1.7019886,0.022900764,0.11310199,1.0,3401,"tags=32%, list=24%, signal=41%",
GOBP_POSITIVE_REGULATION_OF_SYSTEMIC_ARTERIAL_BLOOD_PRESSURE,GOBP_POSITIVE_REGULATION_OF_SYSTEMIC_ARTERIAL_BLOOD_PRESSURE,,23,-0.30667517,-1.7017409,0.017821781,0.11292304,1.0,6158,"tags=74%, list=43%, signal=130%",
GOBP_RESPONSE_TO_MAGNESIUM_ION,GOBP_RESPONSE_TO_MAGNESIUM_ION,,21,-0.30731392,-1.6995641,0.021696253,0.11395691,1.0,5795,"tags=71%, list=41%, signal=120%",
GOBP_MYELOID_LEUKOCYTE_MIGRATION,GOBP_MYELOID_LEUKOCYTE_MIGRATION,,220,-0.09885498,-1.6990023,0.031620555,0.11397489,1.0,3465,"tags=34%, list=24%, signal=44%",
GOBP_REGULATION_OF_RELEASE_OF_SEQUESTERED_CALCIUM_ION_INTO_CYTOSOL,GOBP_REGULATION_OF_RELEASE_OF_SEQUESTERED_CALCIUM_ION_INTO_CYTOSOL,,76,-0.16515695,-1.6977108,0.024439918,0.11442299,1.0,4214,"tags=46%, list=30%, signal=65%",
GOBP_PROTEIN_TRANSMEMBRANE_IMPORT_INTO_INTRACELLULAR_ORGANELLE,GOBP_PROTEIN_TRANSMEMBRANE_IMPORT_INTO_INTRACELLULAR_ORGANELLE,,36,-0.2384091,-1.6974547,0.02811245,0.11429167,1.0,8470,"tags=83%, list=60%, signal=206%",
GOBP_PROTEIN_LOCALIZATION_TO_CHROMOSOME,GOBP_PROTEIN_LOCALIZATION_TO_CHROMOSOME,,96,-0.14912166,-1.6969938,0.025291828,0.11426769,1.0,8116,"tags=72%, list=57%, signal=166%",
GOBP_ANTIGEN_RECEPTOR_MEDIATED_SIGNALING_PATHWAY,GOBP_ANTIGEN_RECEPTOR_MEDIATED_SIGNALING_PATHWAY,,171,-0.11065493,-1.6954317,0.021194605,0.11482117,1.0,6929,"tags=60%, list=49%, signal=115%",
GOBP_MAINTENANCE_OF_GASTROINTESTINAL_EPITHELIUM,GOBP_MAINTENANCE_OF_GASTROINTESTINAL_EPITHELIUM,,19,-0.32303458,-1.6941903,0.034552846,0.11524266,1.0,2898,"tags=53%, list=20%, signal=66%",
GOBP_CD4_POSITIVE_ALPHA_BETA_T_CELL_DIFFERENTIATION,GOBP_CD4_POSITIVE_ALPHA_BETA_T_CELL_DIFFERENTIATION,,104,-0.14361773,-1.6936775,0.031067962,0.115221865,1.0,9323,"tags=80%, list=66%, signal=230%",
GOBP_BINDING_OF_SPERM_TO_ZONA_PELLUCIDA,GOBP_BINDING_OF_SPERM_TO_ZONA_PELLUCIDA,,31,-0.2495169,-1.6920506,0.022540983,0.11592285,1.0,2424,"tags=42%, list=17%, signal=50%",
GOBP_REGULATION_OF_T_HELPER_1_TYPE_IMMUNE_RESPONSE,GOBP_REGULATION_OF_T_HELPER_1_TYPE_IMMUNE_RESPONSE,,32,-0.24435082,-1.6919942,0.022,0.1156711,1.0,3200,"tags=47%, list=23%, signal=60%",
GOBP_DEFENSE_RESPONSE_TO_FUNGUS,GOBP_DEFENSE_RESPONSE_TO_FUNGUS,,50,-0.20054482,-1.6889262,0.036,0.11722679,1.0,4554,"tags=52%, list=32%, signal=76%",
GOBP_TRANSFORMING_GROWTH_FACTOR_BETA_PRODUCTION,GOBP_TRANSFORMING_GROWTH_FACTOR_BETA_PRODUCTION,,35,-0.23919958,-1.6881586,0.036968578,0.117397726,1.0,4734,"tags=57%, list=33%, signal=85%",
GOBP_EPOXYGENASE_P450_PATHWAY,GOBP_EPOXYGENASE_P450_PATHWAY,,20,-0.31938946,-1.6877449,0.032882012,0.11738266,1.0,4709,"tags=65%, list=33%, signal=97%",
GOBP_REGULATION_OF_CD4_POSITIVE_ALPHA_BETA_T_CELL_ACTIVATION,GOBP_REGULATION_OF_CD4_POSITIVE_ALPHA_BETA_T_CELL_ACTIVATION,,84,-0.15492947,-1.6875273,0.019723866,0.11721928,1.0,9323,"tags=81%, list=66%, signal=234%",
GOBP_REACTIVE_OXYGEN_SPECIES_METABOLIC_PROCESS,GOBP_REACTIVE_OXYGEN_SPECIES_METABOLIC_PROCESS,,228,-0.09527695,-1.686908,0.037328094,0.117295355,1.0,6901,"tags=58%, list=49%, signal=111%",
GOBP_THYMIC_T_CELL_SELECTION,GOBP_THYMIC_T_CELL_SELECTION,,28,-0.27096856,-1.6865014,0.037623763,0.11723508,1.0,6313,"tags=71%, list=44%, signal=128%",
GOBP_ICOSANOID_TRANSPORT,GOBP_ICOSANOID_TRANSPORT,,58,-0.18626851,-1.6850773,0.020242915,0.11777868,1.0,3983,"tags=47%, list=28%, signal=64%",
GOBP_CALCIUM_ION_TRANSMEMBRANE_IMPORT_INTO_CYTOSOL,GOBP_CALCIUM_ION_TRANSMEMBRANE_IMPORT_INTO_CYTOSOL,,162,-0.11200945,-1.6845527,0.02366864,0.1177858,1.0,4220,"tags=41%, list=30%, signal=57%",
GOBP_BILE_ACID_METABOLIC_PROCESS,GOBP_BILE_ACID_METABOLIC_PROCESS,,41,-0.23210296,-1.6829872,0.029350106,0.11848509,1.0,3300,"tags=46%, list=23%, signal=60%",
GOBP_L_ALPHA_AMINO_ACID_TRANSMEMBRANE_TRANSPORT,GOBP_L_ALPHA_AMINO_ACID_TRANSMEMBRANE_TRANSPORT,,60,-0.18915209,-1.6810249,0.035639413,0.119435646,1.0,5618,"tags=58%, list=40%, signal=96%",
GOBP_SPERM_EGG_RECOGNITION,GOBP_SPERM_EGG_RECOGNITION,,37,-0.23563668,-1.6805725,0.029354207,0.119405106,1.0,2424,"tags=41%, list=17%, signal=49%",
GOBP_LYMPHOCYTE_DIFFERENTIATION,GOBP_LYMPHOCYTE_DIFFERENTIATION,,434,-0.06979743,-1.6773317,0.027027028,0.12109874,1.0,9557,"tags=74%, list=67%, signal=219%",
GOBP_T_CELL_LINEAGE_COMMITMENT,GOBP_T_CELL_LINEAGE_COMMITMENT,,37,-0.22924004,-1.6769222,0.042424243,0.12107611,1.0,8280,"tags=81%, list=58%, signal=194%",
GOBP_KERATINOCYTE_DIFFERENTIATION,GOBP_KERATINOCYTE_DIFFERENTIATION,,136,-0.12418978,-1.6767644,0.022514071,0.120876886,1.0,2539,"tags=30%, list=18%, signal=36%",
GOBP_DEOXYRIBONUCLEOSIDE_MONOPHOSPHATE_CATABOLIC_PROCESS,GOBP_DEOXYRIBONUCLEOSIDE_MONOPHOSPHATE_CATABOLIC_PROCESS,,15,-0.3510864,-1.6741282,0.032388665,0.12212983,1.0,2598,"tags=53%, list=18%, signal=65%",
GOBP_APOPTOTIC_MITOCHONDRIAL_CHANGES,GOBP_APOPTOTIC_MITOCHONDRIAL_CHANGES,,112,-0.13821281,-1.6735053,0.03550296,0.12219609,1.0,7320,"tags=65%, list=51%, signal=133%",
GOBP_POSITIVE_REGULATION_OF_INTERLEUKIN_10_PRODUCTION,GOBP_POSITIVE_REGULATION_OF_INTERLEUKIN_10_PRODUCTION,,44,-0.21253374,-1.6732643,0.045627378,0.12204133,1.0,3452,"tags=45%, list=24%, signal=60%",
GOBP_NEGATIVE_REGULATION_OF_POTASSIUM_ION_TRANSMEMBRANE_TRANSPORTER_ACTIVITY,GOBP_NEGATIVE_REGULATION_OF_POTASSIUM_ION_TRANSMEMBRANE_TRANSPORTER_ACTIVITY,,17,-0.33999535,-1.6730757,0.035123967,0.1218652,1.0,3537,"tags=59%, list=25%, signal=78%",
GOBP_REGULATION_OF_HEART_CONTRACTION,GOBP_REGULATION_OF_HEART_CONTRACTION,,181,-0.10429235,-1.6727623,0.027290449,0.12178945,1.0,3958,"tags=38%, list=28%, signal=52%",
GOBP_METANEPHROS_DEVELOPMENT,GOBP_METANEPHROS_DEVELOPMENT,,96,-0.14677134,-1.6701812,0.036511157,0.123119116,1.0,3557,"tags=40%, list=25%, signal=52%",
GOBP_REGULATION_OF_LEUKOCYTE_APOPTOTIC_PROCESS,GOBP_REGULATION_OF_LEUKOCYTE_APOPTOTIC_PROCESS,,101,-0.14227206,-1.6701757,0.032323234,0.12282429,1.0,3765,"tags=41%, list=26%, signal=55%",
GOBP_MYELOID_LEUKOCYTE_MEDIATED_IMMUNITY,GOBP_MYELOID_LEUKOCYTE_MEDIATED_IMMUNITY,,111,-0.13528387,-1.6656729,0.031746034,0.12530968,1.0,4498,"tags=45%, list=32%, signal=65%",
GOBP_POSITIVE_REGULATION_OF_ACTIVATED_T_CELL_PROLIFERATION,GOBP_POSITIVE_REGULATION_OF_ACTIVATED_T_CELL_PROLIFERATION,,26,-0.28225,-1.6650988,0.034068137,0.12538134,1.0,2558,"tags=46%, list=18%, signal=56%",
GOBP_KETONE_METABOLIC_PROCESS,GOBP_KETONE_METABOLIC_PROCESS,,216,-0.097981185,-1.6625534,0.022312373,0.1267795,1.0,4225,"tags=39%, list=30%, signal=55%",
GOBP_INFLAMMATORY_RESPONSE_TO_ANTIGENIC_STIMULUS,GOBP_INFLAMMATORY_RESPONSE_TO_ANTIGENIC_STIMULUS,,61,-0.17719974,-1.6595259,0.03168317,0.12830162,1.0,3087,"tags=39%, list=22%, signal=50%",
GOBP_POSITIVE_REGULATION_OF_RESPONSE_TO_TUMOR_CELL,GOBP_POSITIVE_REGULATION_OF_RESPONSE_TO_TUMOR_CELL,,19,-0.32423162,-1.6586297,0.037190083,0.128543,1.0,2881,"tags=53%, list=20%, signal=66%",
GOBP_CD4_POSITIVE_OR_CD8_POSITIVE_ALPHA_BETA_T_CELL_LINEAGE_COMMITMENT,GOBP_CD4_POSITIVE_OR_CD8_POSITIVE_ALPHA_BETA_T_CELL_LINEAGE_COMMITMENT,,30,-0.2516971,-1.655926,0.043841336,0.12998499,1.0,8280,"tags=83%, list=58%, signal=199%",
GOBP_REGULATION_OF_B_CELL_PROLIFERATION,GOBP_REGULATION_OF_B_CELL_PROLIFERATION,,69,-0.173357,-1.6541733,0.042,0.13079694,1.0,4349,"tags=48%, list=31%, signal=69%",
GOBP_CELL_CELL_RECOGNITION,GOBP_CELL_CELL_RECOGNITION,,55,-0.18740907,-1.6483032,0.032786883,0.13424827,1.0,2776,"tags=38%, list=20%, signal=47%",
GOBP_PYRIMIDINE_CONTAINING_COMPOUND_METABOLIC_PROCESS,GOBP_PYRIMIDINE_CONTAINING_COMPOUND_METABOLIC_PROCESS,,62,-0.17723253,-1.6479526,0.025590552,0.13412815,1.0,8272,"tags=76%, list=58%, signal=180%",
GOBP_BLOOD_COAGULATION_FIBRIN_CLOT_FORMATION,GOBP_BLOOD_COAGULATION_FIBRIN_CLOT_FORMATION,,15,-0.3608147,-1.6451448,0.04,0.13567902,1.0,5304,"tags=73%, list=37%, signal=117%",
GOBP_RESPONSE_TO_POTASSIUM_ION,GOBP_RESPONSE_TO_POTASSIUM_ION,,16,-0.35181716,-1.6430792,0.036363635,0.13677481,1.0,6558,"tags=81%, list=46%, signal=151%",
GOBP_POSITIVE_REGULATION_OF_BLOOD_CIRCULATION,GOBP_POSITIVE_REGULATION_OF_BLOOD_CIRCULATION,,43,-0.21022579,-1.6428292,0.037549406,0.13659424,1.0,4627,"tags=53%, list=33%, signal=79%",
GOBP_RESPONSE_TO_CHEMOKINE,GOBP_RESPONSE_TO_CHEMOKINE,,73,-0.1609889,-1.6404887,0.040084388,0.13789156,1.0,4152,"tags=45%, list=29%, signal=64%",
GOBP_CARDIAC_MUSCLE_ADAPTATION,GOBP_CARDIAC_MUSCLE_ADAPTATION,,29,-0.25677893,-1.6383307,0.030425964,0.13901705,1.0,5674,"tags=66%, list=40%, signal=109%",
GOBP_REGULATION_OF_MITOCHONDRIAL_MEMBRANE_POTENTIAL,GOBP_REGULATION_OF_MITOCHONDRIAL_MEMBRANE_POTENTIAL,,81,-0.1527843,-1.6379786,0.0295858,0.13892096,1.0,7848,"tags=70%, list=55%, signal=156%",
GOBP_GLUCOSE_METABOLIC_PROCESS,GOBP_GLUCOSE_METABOLIC_PROCESS,,207,-0.099447496,-1.637553,0.035928145,0.13890819,1.0,6714,"tags=57%, list=47%, signal=106%",
GOBP_WATER_SOLUBLE_VITAMIN_METABOLIC_PROCESS,GOBP_WATER_SOLUBLE_VITAMIN_METABOLIC_PROCESS,,51,-0.19467252,-1.6343888,0.033797216,0.1406308,1.0,7002,"tags=69%, list=49%, signal=135%",
GOBP_HYDROGEN_PEROXIDE_METABOLIC_PROCESS,GOBP_HYDROGEN_PEROXIDE_METABOLIC_PROCESS,,47,-0.20383894,-1.6329417,0.032388665,0.1412794,1.0,4071,"tags=49%, list=29%, signal=68%",
GOBP_RESPONSE_TO_KETONE,GOBP_RESPONSE_TO_KETONE,,220,-0.0944488,-1.6326051,0.043222003,0.1412082,1.0,2751,"tags=29%, list=19%, signal=35%",
GOBP_REGULATION_OF_SODIUM_ION_TRANSMEMBRANE_TRANSPORTER_ACTIVITY,GOBP_REGULATION_OF_SODIUM_ION_TRANSMEMBRANE_TRANSPORTER_ACTIVITY,,33,-0.23618765,-1.6319678,0.04527559,0.14130685,1.0,3545,"tags=48%, list=25%, signal=64%",
GOBP_AXONEME_ASSEMBLY,GOBP_AXONEME_ASSEMBLY,,46,-0.20505023,-1.6305118,0.043392505,0.14199719,1.0,2350,"tags=37%, list=17%, signal=44%",
GOBP_RESPONSE_TO_TUMOR_CELL,GOBP_RESPONSE_TO_TUMOR_CELL,,48,-0.19857591,-1.6295497,0.04191617,0.14230765,1.0,3112,"tags=42%, list=22%, signal=53%",
GOBP_POSITIVE_REGULATION_OF_TYPE_II_INTERFERON_PRODUCTION,GOBP_POSITIVE_REGULATION_OF_TYPE_II_INTERFERON_PRODUCTION,,78,-0.1565167,-1.6284128,0.028901733,0.14273606,1.0,3257,"tags=38%, list=23%, signal=50%",
GOBP_LIPID_MODIFICATION,GOBP_LIPID_MODIFICATION,,179,-0.10424593,-1.6274234,0.019880716,0.14304511,1.0,7038,"tags=60%, list=49%, signal=117%",
GOBP_REGULATION_OF_BODY_FLUID_LEVELS,GOBP_REGULATION_OF_BODY_FLUID_LEVELS,,325,-0.07920334,-1.6269091,0.030549899,0.1430647,1.0,2751,"tags=27%, list=19%, signal=33%",
GOBP_PYRIMIDINE_NUCLEOSIDE_MONOPHOSPHATE_METABOLIC_PROCESS,GOBP_PYRIMIDINE_NUCLEOSIDE_MONOPHOSPHATE_METABOLIC_PROCESS,,26,-0.26940688,-1.6255649,0.048,0.14373557,1.0,7116,"tags=77%, list=50%, signal=154%",
GOBP_ACTIN_FILAMENT_DEPOLYMERIZATION,GOBP_ACTIN_FILAMENT_DEPOLYMERIZATION,,52,-0.19369482,-1.6250944,0.0483559,0.1437336,1.0,4914,"tags=54%, list=35%, signal=82%",
GOBP_POSITIVE_REGULATION_OF_LYMPHOCYTE_MIGRATION,GOBP_POSITIVE_REGULATION_OF_LYMPHOCYTE_MIGRATION,,43,-0.20607261,-1.6240971,0.053061225,0.14407328,1.0,3363,"tags=44%, list=24%, signal=58%",
GOBP_RESPONSE_TO_SALT_STRESS,GOBP_RESPONSE_TO_SALT_STRESS,,25,-0.27352214,-1.6223706,0.047034767,0.14505261,1.0,3513,"tags=52%, list=25%, signal=69%",
GOBP_DETECTION_OF_OTHER_ORGANISM,GOBP_DETECTION_OF_OTHER_ORGANISM,,18,-0.31588787,-1.6207043,0.028747434,0.1459556,1.0,3415,"tags=56%, list=24%, signal=73%",
GOBP_MATURE_B_CELL_DIFFERENTIATION,GOBP_MATURE_B_CELL_DIFFERENTIATION,,42,-0.21014309,-1.6194873,0.04024145,0.14650545,1.0,9888,"tags=90%, list=70%, signal=296%",
GOBP_REGULATION_OF_ACTIN_FILAMENT_BASED_MOVEMENT,GOBP_REGULATION_OF_ACTIN_FILAMENT_BASED_MOVEMENT,,46,-0.20359942,-1.6179091,0.040462427,0.14731869,1.0,7317,"tags=72%, list=51%, signal=147%",
GOBP_POSITIVE_REGULATION_OF_ALPHA_BETA_T_CELL_PROLIFERATION,GOBP_POSITIVE_REGULATION_OF_ALPHA_BETA_T_CELL_PROLIFERATION,,26,-0.26617172,-1.6164545,0.04536489,0.14798513,1.0,6068,"tags=69%, list=43%, signal=121%",
GOBP_REGULATION_OF_ADENYLATE_CYCLASE_ACTIVITY,GOBP_REGULATION_OF_ADENYLATE_CYCLASE_ACTIVITY,,18,-0.319287,-1.6155031,0.032818533,0.14832562,1.0,7317,"tags=83%, list=51%, signal=171%",
GOBP_INTEGRIN_MEDIATED_SIGNALING_PATHWAY,GOBP_INTEGRIN_MEDIATED_SIGNALING_PATHWAY,,96,-0.1404476,-1.6110469,0.037401576,0.15111355,1.0,4387,"tags=45%, list=31%, signal=64%",
GOBP_POSITIVE_REGULATION_OF_MUSCLE_CELL_APOPTOTIC_PROCESS,GOBP_POSITIVE_REGULATION_OF_MUSCLE_CELL_APOPTOTIC_PROCESS,,42,-0.20976692,-1.6103425,0.05263158,0.15129267,1.0,5153,"tags=57%, list=36%, signal=89%",
GOBP_NEGATIVE_REGULATION_OF_TRANSPORTER_ACTIVITY,GOBP_NEGATIVE_REGULATION_OF_TRANSPORTER_ACTIVITY,,49,-0.194707,-1.609526,0.031067962,0.15151872,1.0,4207,"tags=49%, list=30%, signal=69%",
GOBP_NEGATIVE_REGULATION_OF_B_CELL_APOPTOTIC_PROCESS,GOBP_NEGATIVE_REGULATION_OF_B_CELL_APOPTOTIC_PROCESS,,16,-0.32842752,-1.6086146,0.038,0.15180515,1.0,3335,"tags=56%, list=23%, signal=73%",
GOBP_CAMP_MEDIATED_SIGNALING,GOBP_CAMP_MEDIATED_SIGNALING,,52,-0.19306505,-1.6074988,0.04,0.15226811,1.0,3829,"tags=46%, list=27%, signal=63%",
GOBP_CARDIAC_MUSCLE_CONTRACTION,GOBP_CARDIAC_MUSCLE_CONTRACTION,,124,-0.12542193,-1.6068563,0.04950495,0.15238447,1.0,4770,"tags=46%, list=34%, signal=69%",
GOBP_NEGATIVE_REGULATION_OF_B_CELL_ACTIVATION,GOBP_NEGATIVE_REGULATION_OF_B_CELL_ACTIVATION,,35,-0.22684534,-1.6060317,0.047244094,0.1526296,1.0,3284,"tags=46%, list=23%, signal=59%",
GOBP_REGULATION_OF_MITOCHONDRIAL_DEPOLARIZATION,GOBP_REGULATION_OF_MITOCHONDRIAL_DEPOLARIZATION,,23,-0.27810714,-1.6056457,0.053061225,0.15256709,1.0,5327,"tags=65%, list=37%, signal=104%",
GOBP_LEUKOTRIENE_METABOLIC_PROCESS,GOBP_LEUKOTRIENE_METABOLIC_PROCESS,,28,-0.26135364,-1.6034489,0.0331384,0.15380822,1.0,3910,"tags=54%, list=27%, signal=74%",
GOBP_CHLORIDE_TRANSPORT,GOBP_CHLORIDE_TRANSPORT,,96,-0.13919021,-1.6005176,0.036809817,0.15557024,1.0,2479,"tags=31%, list=17%, signal=38%",
GOBP_SECONDARY_METABOLIC_PROCESS,GOBP_SECONDARY_METABOLIC_PROCESS,,57,-0.17814624,-1.6005,0.059961315,0.15525444,1.0,4214,"tags=47%, list=30%, signal=67%",
GOBP_NEGATIVE_REGULATION_OF_ADAPTIVE_IMMUNE_RESPONSE,GOBP_NEGATIVE_REGULATION_OF_ADAPTIVE_IMMUNE_RESPONSE,,59,-0.1766568,-1.5975479,0.042424243,0.15711142,1.0,3284,"tags=41%, list=23%, signal=53%",
GOBP_IMMUNE_RESPONSE_REGULATING_CELL_SURFACE_RECEPTOR_SIGNALING_PATHWAY,GOBP_IMMUNE_RESPONSE_REGULATING_CELL_SURFACE_RECEPTOR_SIGNALING_PATHWAY,,286,-0.08109531,-1.5974389,0.031620555,0.15684032,1.0,4440,"tags=39%, list=31%, signal=56%",
GOBP_CD8_POSITIVE_ALPHA_BETA_T_CELL_DIFFERENTIATION,GOBP_CD8_POSITIVE_ALPHA_BETA_T_CELL_DIFFERENTIATION,,20,-0.29847544,-1.5966171,0.04338843,0.15710767,1.0,5006,"tags=65%, list=35%, signal=100%",
GOBP_CARDIAC_MUSCLE_CELL_DIFFERENTIATION,GOBP_CARDIAC_MUSCLE_CELL_DIFFERENTIATION,,150,-0.111153916,-1.5963441,0.043650795,0.15696481,1.0,4789,"tags=45%, list=34%, signal=67%",
GOBP_REGULATION_OF_RELEASE_OF_SEQUESTERED_CALCIUM_ION_INTO_CYTOSOL_BY_SARCOPLASMIC_RETICULUM,GOBP_REGULATION_OF_RELEASE_OF_SEQUESTERED_CALCIUM_ION_INTO_CYTOSOL_BY_SARCOPLASMIC_RETICULUM,,23,-0.28337425,-1.5956331,0.06311637,0.15712059,1.0,2779,"tags=48%, list=20%, signal=59%",
GOBP_REVERSE_CHOLESTEROL_TRANSPORT,GOBP_REVERSE_CHOLESTEROL_TRANSPORT,,18,-0.3126452,-1.5952034,0.036511157,0.15707,1.0,2671,"tags=50%, list=19%, signal=61%",
GOBP_HEART_PROCESS,GOBP_HEART_PROCESS,,230,-0.09008526,-1.5943116,0.039923955,0.15736082,1.0,4800,"tags=43%, list=34%, signal=63%",
GOBP_NATURAL_KILLER_CELL_MEDIATED_IMMUNITY,GOBP_NATURAL_KILLER_CELL_MEDIATED_IMMUNITY,,82,-0.14818728,-1.593184,0.028,0.1578916,1.0,4496,"tags=46%, list=32%, signal=67%",
GOBP_REGULATION_OF_TRIGLYCERIDE_CATABOLIC_PROCESS,GOBP_REGULATION_OF_TRIGLYCERIDE_CATABOLIC_PROCESS,,15,-0.3423624,-1.5914313,0.044,0.15889615,1.0,3670,"tags=60%, list=26%, signal=81%",
GOBP_POSITIVE_REGULATION_OF_B_CELL_MEDIATED_IMMUNITY,GOBP_POSITIVE_REGULATION_OF_B_CELL_MEDIATED_IMMUNITY,,40,-0.21151184,-1.5897658,0.040567953,0.1597855,1.0,3401,"tags=45%, list=24%, signal=59%",
GOBP_OLIGOPEPTIDE_TRANSMEMBRANE_TRANSPORT,GOBP_OLIGOPEPTIDE_TRANSMEMBRANE_TRANSPORT,,19,-0.29701155,-1.5892421,0.050916497,0.15983254,1.0,5513,"tags=68%, list=39%, signal=112%",
GOBP_TRANSLATIONAL_INITIATION,GOBP_TRANSLATIONAL_INITIATION,,107,-0.13241908,-1.586704,0.051896207,0.1614282,1.0,9562,"tags=80%, list=67%, signal=243%",
GOBP_PLASMINOGEN_ACTIVATION,GOBP_PLASMINOGEN_ACTIVATION,,23,-0.28057227,-1.5851773,0.048076924,0.16222107,1.0,5292,"tags=65%, list=37%, signal=104%",
GOBP_REGULATION_OF_LEUKOCYTE_DIFFERENTIATION,GOBP_REGULATION_OF_LEUKOCYTE_DIFFERENTIATION,,339,-0.07443245,-1.58383,0.04761905,0.16289166,1.0,7106,"tags=57%, list=50%, signal=112%",
GOBP_REGULATION_OF_CATION_CHANNEL_ACTIVITY,GOBP_REGULATION_OF_CATION_CHANNEL_ACTIVITY,,80,-0.151051,-1.5825294,0.040733196,0.16357332,1.0,1598,"tags=26%, list=11%, signal=29%",
GOBP_POSITIVE_REGULATION_OF_STRIATED_MUSCLE_CELL_DIFFERENTIATION,GOBP_POSITIVE_REGULATION_OF_STRIATED_MUSCLE_CELL_DIFFERENTIATION,,55,-0.17822832,-1.582287,0.044715445,0.16343309,1.0,4716,"tags=51%, list=33%, signal=76%",
GOBP_DNA_RECOMBINATION,GOBP_DNA_RECOMBINATION,,263,-0.08582129,-1.5807234,0.049701788,0.16427483,1.0,10699,"tags=84%, list=75%, signal=332%",
GOBP_POSITIVE_REGULATION_OF_CD4_POSITIVE_ALPHA_BETA_T_CELL_ACTIVATION,GOBP_POSITIVE_REGULATION_OF_CD4_POSITIVE_ALPHA_BETA_T_CELL_ACTIVATION,,46,-0.19414157,-1.5804207,0.06538462,0.1641608,1.0,5287,"tags=57%, list=37%, signal=90%",
GOBP_CARDIAC_MUSCLE_CELL_ACTION_POTENTIAL,GOBP_CARDIAC_MUSCLE_CELL_ACTION_POTENTIAL,,59,-0.17235188,-1.580151,0.052419353,0.16403884,1.0,3586,"tags=42%, list=25%, signal=56%",
GOBP_PHYSIOLOGICAL_CARDIAC_MUSCLE_HYPERTROPHY,GOBP_PHYSIOLOGICAL_CARDIAC_MUSCLE_HYPERTROPHY,,45,-0.19727239,-1.5759199,0.056751467,0.16694514,1.0,4789,"tags=53%, list=34%, signal=80%",
GOBP_REGULATION_OF_TELOMERE_MAINTENANCE_VIA_TELOMERE_LENGTHENING,GOBP_REGULATION_OF_TELOMERE_MAINTENANCE_VIA_TELOMERE_LENGTHENING,,60,-0.17383774,-1.5756613,0.041501977,0.16682139,1.0,7731,"tags=72%, list=54%, signal=156%",
GOBP_RESPONSE_TO_OXYGEN_RADICAL,GOBP_RESPONSE_TO_OXYGEN_RADICAL,,26,-0.25737664,-1.5749342,0.06642067,0.16708918,1.0,4005,"tags=54%, list=28%, signal=75%",
GOBP_REGULATION_OF_CALCIUM_ION_TRANSMEMBRANE_TRANSPORTER_ACTIVITY,GOBP_REGULATION_OF_CALCIUM_ION_TRANSMEMBRANE_TRANSPORTER_ACTIVITY,,50,-0.18678151,-1.5735478,0.051485147,0.16779378,1.0,1336,"tags=28%, list=9%, signal=31%",
GOBP_INORGANIC_ION_HOMEOSTASIS,GOBP_INORGANIC_ION_HOMEOSTASIS,,493,-0.062636115,-1.5723082,0.045643155,0.16844028,1.0,4218,"tags=36%, list=30%, signal=49%",
GOBP_NEGATIVE_REGULATION_OF_T_CELL_APOPTOTIC_PROCESS,GOBP_NEGATIVE_REGULATION_OF_T_CELL_APOPTOTIC_PROCESS,,30,-0.23948276,-1.5713433,0.049309663,0.16880928,1.0,3713,"tags=50%, list=26%, signal=68%",
GOBP_EXPORT_ACROSS_PLASMA_MEMBRANE,GOBP_EXPORT_ACROSS_PLASMA_MEMBRANE,,70,-0.15599303,-1.5712458,0.041257367,0.1685618,1.0,2263,"tags=31%, list=16%, signal=37%",
GOBP_B_CELL_MEDIATED_IMMUNITY,GOBP_B_CELL_MEDIATED_IMMUNITY,,126,-0.11911513,-1.5704136,0.053465348,0.16888398,1.0,3401,"tags=36%, list=24%, signal=47%",
GOBP_BARBED_END_ACTIN_FILAMENT_CAPPING,GOBP_BARBED_END_ACTIN_FILAMENT_CAPPING,,23,-0.27012685,-1.5679525,0.062378168,0.17052521,1.0,4822,"tags=61%, list=34%, signal=92%",
GOBP_REGULATION_OF_T_CELL_APOPTOTIC_PROCESS,GOBP_REGULATION_OF_T_CELL_APOPTOTIC_PROCESS,,51,-0.1869719,-1.5676496,0.047709923,0.17043214,1.0,3765,"tags=45%, list=26%, signal=61%",
GOBP_MONONUCLEAR_CELL_MIGRATION,GOBP_MONONUCLEAR_CELL_MIGRATION,,195,-0.09671156,-1.5671468,0.048262548,0.17049612,1.0,3239,"tags=32%, list=23%, signal=41%",
GOBP_CELLULAR_RESPONSE_TO_METAL_ION,GOBP_CELLULAR_RESPONSE_TO_METAL_ION,,181,-0.101642475,-1.5643806,0.055028465,0.17236203,1.0,6038,"tags=52%, list=42%, signal=90%",
GOBP_POSITIVE_REGULATION_OF_CYCLASE_ACTIVITY,GOBP_POSITIVE_REGULATION_OF_CYCLASE_ACTIVITY,,20,-0.29496866,-1.5642372,0.055984557,0.17210394,1.0,7900,"tags=85%, list=56%, signal=191%",
GOBP_PROTEINOGENIC_AMINO_ACID_BIOSYNTHETIC_PROCESS,GOBP_PROTEINOGENIC_AMINO_ACID_BIOSYNTHETIC_PROCESS,,49,-0.18951857,-1.5637399,0.052738335,0.17215697,1.0,7473,"tags=71%, list=53%, signal=150%",
GOBP_RESPONSE_TO_STIMULUS_INVOLVED_IN_REGULATION_OF_MUSCLE_ADAPTATION,GOBP_RESPONSE_TO_STIMULUS_INVOLVED_IN_REGULATION_OF_MUSCLE_ADAPTATION,,17,-0.31577682,-1.5636901,0.04509804,0.17186794,1.0,3881,"tags=59%, list=27%, signal=81%",
GOBP_RENAL_SYSTEM_DEVELOPMENT,GOBP_RENAL_SYSTEM_DEVELOPMENT,,361,-0.072604746,-1.5620157,0.05179283,0.17285414,1.0,3131,"tags=29%, list=22%, signal=36%",
GOBP_POSITIVE_REGULATION_OF_LYMPHOCYTE_CHEMOTAXIS,GOBP_POSITIVE_REGULATION_OF_LYMPHOCYTE_CHEMOTAXIS,,19,-0.29814187,-1.5613135,0.06496063,0.17303127,1.0,4000,"tags=58%, list=28%, signal=80%",
GOBP_COLLECTING_DUCT_DEVELOPMENT,GOBP_COLLECTING_DUCT_DEVELOPMENT,,15,-0.33067718,-1.5606915,0.044,0.17314121,1.0,3836,"tags=60%, list=27%, signal=82%",
GOBP_REGULATION_OF_CHROMOSOME_ORGANIZATION,GOBP_REGULATION_OF_CHROMOSOME_ORGANIZATION,,218,-0.0915718,-1.5584781,0.040462427,0.1746387,1.0,10787,"tags=85%, list=76%, signal=346%",
GOBP_SPLICEOSOMAL_COMPLEX_ASSEMBLY,GOBP_SPLICEOSOMAL_COMPLEX_ASSEMBLY,,46,-0.19345602,-1.5584382,0.057581574,0.17433344,1.0,9934,"tags=89%, list=70%, signal=295%",
GOBP_B_CELL_DIFFERENTIATION,GOBP_B_CELL_DIFFERENTIATION,,142,-0.110832855,-1.5562987,0.046277665,0.17567623,1.0,9557,"tags=78%, list=67%, signal=236%",
GOBP_VASCULAR_ASSOCIATED_SMOOTH_MUSCLE_CONTRACTION,GOBP_VASCULAR_ASSOCIATED_SMOOTH_MUSCLE_CONTRACTION,,29,-0.24072082,-1.5559928,0.05068226,0.17558429,1.0,3450,"tags=48%, list=24%, signal=64%",
GOBP_REGULATION_OF_LYMPHOCYTE_CHEMOTAXIS,GOBP_REGULATION_OF_LYMPHOCYTE_CHEMOTAXIS,,24,-0.26403466,-1.5539618,0.049484536,0.17685775,1.0,3363,"tags=50%, list=24%, signal=65%",
GOBP_CYCLIC_NUCLEOTIDE_METABOLIC_PROCESS,GOBP_CYCLIC_NUCLEOTIDE_METABOLIC_PROCESS,,34,-0.2248517,-1.5533774,0.059063137,0.1769912,1.0,3085,"tags=44%, list=22%, signal=56%",
GOBP_REGULATORY_T_CELL_DIFFERENTIATION,GOBP_REGULATORY_T_CELL_DIFFERENTIATION,,40,-0.20907372,-1.5520328,0.06349207,0.17771232,1.0,2369,"tags=38%, list=17%, signal=45%",
GOBP_CARBOHYDRATE_DERIVATIVE_CATABOLIC_PROCESS,GOBP_CARBOHYDRATE_DERIVATIVE_CATABOLIC_PROCESS,,241,-0.08765842,-1.551176,0.057086613,0.17806086,1.0,2080,"tags=23%, list=15%, signal=27%",
GOBP_B_CELL_APOPTOTIC_PROCESS,GOBP_B_CELL_APOPTOTIC_PROCESS,,30,-0.23450074,-1.5507363,0.06138614,0.17808065,1.0,8050,"tags=80%, list=57%, signal=184%",
GOBP_REGULATION_OF_TYPE_2_IMMUNE_RESPONSE,GOBP_REGULATION_OF_TYPE_2_IMMUNE_RESPONSE,,32,-0.23165172,-1.5505286,0.047325104,0.17791127,1.0,4269,"tags=53%, list=30%, signal=76%",
GOBP_CAMP_METABOLIC_PROCESS,GOBP_CAMP_METABOLIC_PROCESS,,19,-0.29613328,-1.5466073,0.054166667,0.18067233,1.0,4777,"tags=63%, list=34%, signal=95%",
GOBP_RESPONSE_TO_MUSCLE_STRETCH,GOBP_RESPONSE_TO_MUSCLE_STRETCH,,24,-0.26838124,-1.5431252,0.044401545,0.18318659,1.0,6264,"tags=71%, list=44%, signal=126%",
GOBP_NEUTROPHIL_ACTIVATION_INVOLVED_IN_IMMUNE_RESPONSE,GOBP_NEUTROPHIL_ACTIVATION_INVOLVED_IN_IMMUNE_RESPONSE,,19,-0.2949733,-1.5421132,0.03797468,0.18367063,1.0,4045,"tags=58%, list=28%, signal=81%",
GOBP_REGULATION_OF_GAMMA_DELTA_T_CELL_ACTIVATION,GOBP_REGULATION_OF_GAMMA_DELTA_T_CELL_ACTIVATION,,15,-0.3323854,-1.5410194,0.05204461,0.18420093,1.0,7604,"tags=87%, list=53%, signal=186%",
GOBP_RESPONSE_TO_MOLECULE_OF_BACTERIAL_ORIGIN,GOBP_RESPONSE_TO_MOLECULE_OF_BACTERIAL_ORIGIN,,347,-0.07206066,-1.5406598,0.062,0.18412502,1.0,4288,"tags=37%, list=30%, signal=52%",
GOBP_GAMMA_DELTA_T_CELL_DIFFERENTIATION,GOBP_GAMMA_DELTA_T_CELL_DIFFERENTIATION,,18,-0.29907998,-1.5394979,0.06477733,0.18475553,1.0,7604,"tags=83%, list=53%, signal=179%",
GOBP_AMINO_ACID_TRANSPORT,GOBP_AMINO_ACID_TRANSPORT,,159,-0.10468331,-1.5388459,0.056112226,0.18495092,1.0,4432,"tags=42%, list=31%, signal=60%",
GOBP_POSITIVE_REGULATION_OF_T_CELL_MIGRATION,GOBP_POSITIVE_REGULATION_OF_T_CELL_MIGRATION,,36,-0.21730305,-1.5387636,0.06355932,0.18468907,1.0,3239,"tags=44%, list=23%, signal=57%",
GOBP_RIBONUCLEOTIDE_CATABOLIC_PROCESS,GOBP_RIBONUCLEOTIDE_CATABOLIC_PROCESS,,145,-0.11016304,-1.5328557,0.055984557,0.18927611,1.0,1883,"tags=24%, list=13%, signal=28%",
GOBP_TOLERANCE_INDUCTION,GOBP_TOLERANCE_INDUCTION,,26,-0.25484055,-1.5328023,0.06285714,0.18893623,1.0,4041,"tags=54%, list=28%, signal=75%",
GOBP_POSITIVE_REGULATION_OF_CELL_KILLING,GOBP_POSITIVE_REGULATION_OF_CELL_KILLING,,76,-0.15446042,-1.5322872,0.06746032,0.18902722,1.0,2307,"tags=32%, list=16%, signal=37%",
GOBP_ORGANIC_ACID_TRANSMEMBRANE_TRANSPORT,GOBP_ORGANIC_ACID_TRANSMEMBRANE_TRANSPORT,,141,-0.109654054,-1.5319536,0.058455113,0.18892962,1.0,5618,"tags=50%, list=40%, signal=82%",
GOBP_T_CELL_HOMEOSTASIS,GOBP_T_CELL_HOMEOSTASIS,,54,-0.17574227,-1.5299416,0.051124744,0.19031134,1.0,3305,"tags=41%, list=23%, signal=53%",
GOBP_REGULATION_OF_MITOCHONDRIAL_MEMBRANE_PERMEABILITY,GOBP_REGULATION_OF_MITOCHONDRIAL_MEMBRANE_PERMEABILITY,,55,-0.17513639,-1.5286748,0.055670105,0.19102868,1.0,7604,"tags=71%, list=53%, signal=152%",
GOBP_ALTERNATIVE_MRNA_SPLICING_VIA_SPLICEOSOME,GOBP_ALTERNATIVE_MRNA_SPLICING_VIA_SPLICEOSOME,,78,-0.15071696,-1.5277063,0.07436399,0.19153722,1.0,8444,"tags=74%, list=59%, signal=182%",
GOBP_T_HELPER_17_CELL_DIFFERENTIATION,GOBP_T_HELPER_17_CELL_DIFFERENTIATION,,38,-0.2078619,-1.526317,0.06477733,0.19239435,1.0,8280,"tags=79%, list=58%, signal=188%",
GOBP_NUCLEOSIDE_METABOLIC_PROCESS,GOBP_NUCLEOSIDE_METABOLIC_PROCESS,,41,-0.20039563,-1.5260986,0.055666003,0.19222139,1.0,7565,"tags=73%, list=53%, signal=156%",
GOBP_CALCIUM_ION_TRANSPORT_INTO_CYTOSOL,GOBP_CALCIUM_ION_TRANSPORT_INTO_CYTOSOL,,26,-0.24921289,-1.5256761,0.07269155,0.19220196,1.0,2480,"tags=42%, list=17%, signal=51%",
GOBP_ASPARTATE_FAMILY_AMINO_ACID_METABOLIC_PROCESS,GOBP_ASPARTATE_FAMILY_AMINO_ACID_METABOLIC_PROCESS,,38,-0.21198842,-1.5238101,0.06666667,0.1934335,1.0,7473,"tags=74%, list=53%, signal=155%",
GOBP_REGULATION_OF_ADAPTIVE_IMMUNE_RESPONSE,GOBP_REGULATION_OF_ADAPTIVE_IMMUNE_RESPONSE,,209,-0.09219546,-1.5228441,0.072916664,0.19395241,1.0,3200,"tags=32%, list=23%, signal=40%",
GOBP_MONOSACCHARIDE_METABOLIC_PROCESS,GOBP_MONOSACCHARIDE_METABOLIC_PROCESS,,259,-0.081560604,-1.5204619,0.06418219,0.19556706,1.0,6714,"tags=55%, list=47%, signal=103%",
GOBP_WATER_TRANSPORT,GOBP_WATER_TRANSPORT,,24,-0.25628066,-1.518712,0.061728396,0.19686167,1.0,2288,"tags=42%, list=16%, signal=50%",
GOBP_PHOSPHATIDIC_ACID_BIOSYNTHETIC_PROCESS,GOBP_PHOSPHATIDIC_ACID_BIOSYNTHETIC_PROCESS,,23,-0.26056945,-1.5174235,0.06782946,0.19770221,1.0,5576,"tags=65%, list=39%, signal=107%",
GOBP_MITOCHONDRIAL_FUSION,GOBP_MITOCHONDRIAL_FUSION,,35,-0.21585062,-1.5173707,0.065126054,0.19737782,1.0,9941,"tags=91%, list=70%, signal=303%",
GOBP_ESTABLISHMENT_OF_PROTEIN_LOCALIZATION_TO_TELOMERE,GOBP_ESTABLISHMENT_OF_PROTEIN_LOCALIZATION_TO_TELOMERE,,17,-0.30056572,-1.5164284,0.083333336,0.19786681,1.0,2424,"tags=47%, list=17%, signal=57%",
GOBP_HIGH_DENSITY_LIPOPROTEIN_PARTICLE_REMODELING,GOBP_HIGH_DENSITY_LIPOPROTEIN_PARTICLE_REMODELING,,18,-0.2979339,-1.5160927,0.07113821,0.19780593,1.0,3670,"tags=56%, list=26%, signal=75%",
GOBP_PRODUCTION_OF_MOLECULAR_MEDIATOR_OF_IMMUNE_RESPONSE,GOBP_PRODUCTION_OF_MOLECULAR_MEDIATOR_OF_IMMUNE_RESPONSE,,251,-0.08266689,-1.5153977,0.05691057,0.19809014,1.0,5815,"tags=49%, list=41%, signal=81%",
GOBP_REGULATION_OF_CELL_GROWTH_INVOLVED_IN_CARDIAC_MUSCLE_CELL_DEVELOPMENT,GOBP_REGULATION_OF_CELL_GROWTH_INVOLVED_IN_CARDIAC_MUSCLE_CELL_DEVELOPMENT,,32,-0.22632408,-1.5151404,0.061143983,0.19796482,1.0,4789,"tags=56%, list=34%, signal=85%",
GOBP_REGULATION_OF_FIBROBLAST_APOPTOTIC_PROCESS,GOBP_REGULATION_OF_FIBROBLAST_APOPTOTIC_PROCESS,,23,-0.26542318,-1.5135959,0.076771654,0.19901976,1.0,7362,"tags=78%, list=52%, signal=162%",
GOBP_POSITIVE_REGULATION_OF_TRANSLATION,GOBP_POSITIVE_REGULATION_OF_TRANSLATION,,124,-0.11669379,-1.5111492,0.059880238,0.2007826,1.0,10742,"tags=87%, list=76%, signal=353%",
GOBP_POSITIVE_REGULATION_OF_DNA_BIOSYNTHETIC_PROCESS,GOBP_POSITIVE_REGULATION_OF_DNA_BIOSYNTHETIC_PROCESS,,69,-0.15610947,-1.510399,0.070726916,0.20107272,1.0,6448,"tags=61%, list=45%, signal=111%",
GOBP_POSITIVE_REGULATION_OF_STRIATED_MUSCLE_CELL_APOPTOTIC_PROCESS,GOBP_POSITIVE_REGULATION_OF_STRIATED_MUSCLE_CELL_APOPTOTIC_PROCESS,,25,-0.25198087,-1.5042216,0.07269155,0.20636941,1.0,6663,"tags=72%, list=47%, signal=135%",
GOBP_B_CELL_HOMEOSTASIS,GOBP_B_CELL_HOMEOSTASIS,,43,-0.18942547,-1.50378,0.07645875,0.20641828,1.0,9552,"tags=86%, list=67%, signal=261%",
GOBP_REGULATION_OF_CHROMATIN_ORGANIZATION,GOBP_REGULATION_OF_CHROMATIN_ORGANIZATION,,25,-0.24728657,-1.4984134,0.06846473,0.21100241,1.0,9005,"tags=88%, list=63%, signal=240%",
GOBP_CELLULAR_RESPONSE_TO_TOXIC_SUBSTANCE,GOBP_CELLULAR_RESPONSE_TO_TOXIC_SUBSTANCE,,106,-0.12503693,-1.4981492,0.084033616,0.21086241,1.0,4005,"tags=41%, list=28%, signal=56%",
GOBP_CHRONIC_INFLAMMATORY_RESPONSE,GOBP_CHRONIC_INFLAMMATORY_RESPONSE,,21,-0.2727398,-1.495652,0.051526718,0.2128884,1.0,2900,"tags=48%, list=20%, signal=60%",
GOBP_REGULATION_OF_HUMORAL_IMMUNE_RESPONSE_MEDIATED_BY_CIRCULATING_IMMUNOGLOBULIN,GOBP_REGULATION_OF_HUMORAL_IMMUNE_RESPONSE_MEDIATED_BY_CIRCULATING_IMMUNOGLOBULIN,,18,-0.2870833,-1.4954327,0.078947365,0.21269612,1.0,2244,"tags=44%, list=16%, signal=53%",
GOBP_ESTABLISHMENT_OF_PROTEIN_LOCALIZATION_TO_MITOCHONDRIAL_MEMBRANE,GOBP_ESTABLISHMENT_OF_PROTEIN_LOCALIZATION_TO_MITOCHONDRIAL_MEMBRANE,,22,-0.26526836,-1.4948115,0.07952286,0.21297108,1.0,6577,"tags=73%, list=46%, signal=135%",
GOBP_POSITIVE_REGULATION_OF_ATP_DEPENDENT_ACTIVITY,GOBP_POSITIVE_REGULATION_OF_ATP_DEPENDENT_ACTIVITY,,36,-0.20696156,-1.4940951,0.076612905,0.21326299,1.0,7731,"tags=75%, list=54%, signal=164%",
GOBP_PHOSPHATIDYLINOSITOL_BIOSYNTHETIC_PROCESS,GOBP_PHOSPHATIDYLINOSITOL_BIOSYNTHETIC_PROCESS,,87,-0.13571581,-1.4915211,0.06962025,0.21536374,1.0,7400,"tags=66%, list=52%, signal=136%",
GOBP_POSITIVE_REGULATION_OF_REGULATORY_T_CELL_DIFFERENTIATION,GOBP_POSITIVE_REGULATION_OF_REGULATORY_T_CELL_DIFFERENTIATION,,19,-0.2878505,-1.4909205,0.071428575,0.21555921,1.0,8637,"tags=89%, list=61%, signal=228%",
GOBP_LEUKOCYTE_HOMEOSTASIS,GOBP_LEUKOCYTE_HOMEOSTASIS,,135,-0.10996679,-1.4902339,0.07258064,0.21585147,1.0,3087,"tags=33%, list=22%, signal=41%",
GOBP_PYRIDINE_CONTAINING_COMPOUND_CATABOLIC_PROCESS,GOBP_PYRIDINE_CONTAINING_COMPOUND_CATABOLIC_PROCESS,,117,-0.11867999,-1.489203,0.076771654,0.21647957,1.0,1852,"tags=25%, list=13%, signal=28%",
GOBP_RESPONSE_TO_CALCIUM_ION,GOBP_RESPONSE_TO_CALCIUM_ION,,135,-0.10798532,-1.4891756,0.05544148,0.21610096,1.0,4379,"tags=41%, list=31%, signal=59%",
GOBP_NUCLEOBASE_CONTAINING_COMPOUND_CATABOLIC_PROCESS,GOBP_NUCLEOBASE_CONTAINING_COMPOUND_CATABOLIC_PROCESS,,470,-0.06078103,-1.4886885,0.07619048,0.21615419,1.0,10542,"tags=80%, list=74%, signal=299%",
GOBP_VENTRICULAR_CARDIAC_MUSCLE_CELL_MEMBRANE_REPOLARIZATION,GOBP_VENTRICULAR_CARDIAC_MUSCLE_CELL_MEMBRANE_REPOLARIZATION,,25,-0.24520431,-1.4885578,0.07862903,0.21588674,1.0,3915,"tags=52%, list=28%, signal=72%",
GOBP_REGULATION_OF_B_CELL_APOPTOTIC_PROCESS,GOBP_REGULATION_OF_B_CELL_APOPTOTIC_PROCESS,,23,-0.26051435,-1.4883066,0.07874016,0.21572828,1.0,8050,"tags=83%, list=57%, signal=190%",
GOBP_GAMMA_AMINOBUTYRIC_ACID_SIGNALING_PATHWAY,GOBP_GAMMA_AMINOBUTYRIC_ACID_SIGNALING_PATHWAY,,22,-0.2731242,-1.4878819,0.086105675,0.21576722,1.0,2587,"tags=45%, list=18%, signal=55%",
GOBP_PROTEIN_LOCALIZATION_TO_CHROMOSOME_TELOMERIC_REGION,GOBP_PROTEIN_LOCALIZATION_TO_CHROMOSOME_TELOMERIC_REGION,,30,-0.2298499,-1.4875102,0.073619634,0.21577393,1.0,8116,"tags=80%, list=57%, signal=186%",
GOBP_GLUCOSE_6_PHOSPHATE_METABOLIC_PROCESS,GOBP_GLUCOSE_6_PHOSPHATE_METABOLIC_PROCESS,,28,-0.23634887,-1.4869717,0.06349207,0.21583372,1.0,3757,"tags=50%, list=26%, signal=68%",
GOBP_LEUKOCYTE_MEDIATED_CYTOTOXICITY,GOBP_LEUKOCYTE_MEDIATED_CYTOTOXICITY,,143,-0.108114436,-1.486686,0.077220075,0.21570317,1.0,3153,"tags=33%, list=22%, signal=42%",
GOBP_MYELOID_CELL_ACTIVATION_INVOLVED_IN_IMMUNE_RESPONSE,GOBP_MYELOID_CELL_ACTIVATION_INVOLVED_IN_IMMUNE_RESPONSE,,97,-0.12809081,-1.4862227,0.07707911,0.21576661,1.0,4496,"tags=44%, list=32%, signal=64%",
GOBP_ALCOHOL_CATABOLIC_PROCESS,GOBP_ALCOHOL_CATABOLIC_PROCESS,,36,-0.21518227,-1.4856677,0.071278825,0.21587756,1.0,2084,"tags=36%, list=15%, signal=42%",
GOBP_CELLULAR_RESPONSE_TO_ETHANOL,GOBP_CELLULAR_RESPONSE_TO_ETHANOL,,16,-0.30712777,-1.4846992,0.0867052,0.21637602,1.0,6304,"tags=75%, list=44%, signal=135%",
GOBP_BASIC_AMINO_ACID_TRANSPORT,GOBP_BASIC_AMINO_ACID_TRANSPORT,,19,-0.2862792,-1.4845335,0.07505071,0.2161226,1.0,3420,"tags=53%, list=24%, signal=69%",
GOBP_REGULATION_OF_CD4_POSITIVE_ALPHA_BETA_T_CELL_DIFFERENTIATION,GOBP_REGULATION_OF_CD4_POSITIVE_ALPHA_BETA_T_CELL_DIFFERENTIATION,,61,-0.16486989,-1.4822137,0.051975053,0.2179905,1.0,9323,"tags=82%, list=66%, signal=237%",
GOBP_TRANSEPITHELIAL_TRANSPORT,GOBP_TRANSEPITHELIAL_TRANSPORT,,37,-0.20607159,-1.4817027,0.07198443,0.21806896,1.0,2459,"tags=38%, list=17%, signal=46%",
GOBP_MITOCHONDRIAL_DEPOLARIZATION,GOBP_MITOCHONDRIAL_DEPOLARIZATION,,27,-0.23595,-1.4815121,0.071428575,0.21787718,1.0,7186,"tags=74%, list=51%, signal=149%",
GOBP_SEQUESTERING_OF_CALCIUM_ION,GOBP_SEQUESTERING_OF_CALCIUM_ION,,120,-0.113035075,-1.4789121,0.06921676,0.21996547,1.0,4214,"tags=41%, list=30%, signal=58%",
GOBP_ENDOPLASMIC_RETICULUM_TO_CYTOSOL_TRANSPORT,GOBP_ENDOPLASMIC_RETICULUM_TO_CYTOSOL_TRANSPORT,,25,-0.24626656,-1.4782652,0.07231405,0.22011791,1.0,10726,"tags=100%, list=75%, signal=406%",
GOBP_EMBRYONIC_FORELIMB_MORPHOGENESIS,GOBP_EMBRYONIC_FORELIMB_MORPHOGENESIS,,30,-0.22293471,-1.4767207,0.07645875,0.22126527,1.0,6318,"tags=67%, list=44%, signal=120%",
GOBP_LINOLEIC_ACID_METABOLIC_PROCESS,GOBP_LINOLEIC_ACID_METABOLIC_PROCESS,,31,-0.2247789,-1.4752334,0.071428575,0.22235729,1.0,4610,"tags=55%, list=32%, signal=81%",
GOBP_REGULATION_OF_MITOCHONDRIAL_TRANSLATION,GOBP_REGULATION_OF_MITOCHONDRIAL_TRANSLATION,,20,-0.26990354,-1.4749153,0.08880309,0.22228228,1.0,8967,"tags=90%, list=63%, signal=243%",
GOBP_ARACHIDONATE_SECRETION,GOBP_ARACHIDONATE_SECRETION,,24,-0.24458219,-1.4727391,0.088477366,0.2239332,1.0,1269,"tags=33%, list=9%, signal=37%",
GOBP_CELL_COMMUNICATION_INVOLVED_IN_CARDIAC_CONDUCTION,GOBP_CELL_COMMUNICATION_INVOLVED_IN_CARDIAC_CONDUCTION,,37,-0.20214443,-1.4715275,0.07722772,0.22474454,1.0,1746,"tags=32%, list=12%, signal=37%",
GOBP_LYMPHOCYTE_CHEMOTAXIS,GOBP_LYMPHOCYTE_CHEMOTAXIS,,39,-0.20003507,-1.4712545,0.091254756,0.22461684,1.0,3363,"tags=44%, list=24%, signal=57%",
GOBP_PYRUVATE_FAMILY_AMINO_ACID_METABOLIC_PROCESS,GOBP_PYRUVATE_FAMILY_AMINO_ACID_METABOLIC_PROCESS,,15,-0.3186494,-1.4712532,0.08384458,0.22422971,1.0,5903,"tags=73%, list=42%, signal=125%",
GOBP_POSITIVE_REGULATION_OF_ISOTYPE_SWITCHING,GOBP_POSITIVE_REGULATION_OF_ISOTYPE_SWITCHING,,22,-0.2613212,-1.4682785,0.076,0.22664557,1.0,3401,"tags=50%, list=24%, signal=66%",
GOBP_RESPONSE_TO_STILBENOID,GOBP_RESPONSE_TO_STILBENOID,,24,-0.24850614,-1.468,0.07485604,0.22656204,1.0,4176,"tags=54%, list=29%, signal=77%",
GOBP_GPI_ANCHOR_METABOLIC_PROCESS,GOBP_GPI_ANCHOR_METABOLIC_PROCESS,,31,-0.22213279,-1.4656168,0.09780439,0.22857444,1.0,7400,"tags=74%, list=52%, signal=154%",
GOBP_POSITIVE_REGULATION_OF_LEUKOCYTE_DEGRANULATION,GOBP_POSITIVE_REGULATION_OF_LEUKOCYTE_DEGRANULATION,,32,-0.22029169,-1.4651195,0.07471264,0.22870953,1.0,5319,"tags=59%, list=37%, signal=95%",
GOBP_NITROGEN_CYCLE_METABOLIC_PROCESS,GOBP_NITROGEN_CYCLE_METABOLIC_PROCESS,,16,-0.3035639,-1.4649367,0.07755102,0.22850777,1.0,4577,"tags=63%, list=32%, signal=92%",
GOBP_CELLULAR_DEFENSE_RESPONSE,GOBP_CELLULAR_DEFENSE_RESPONSE,,15,-0.3239852,-1.4649202,0.09465021,0.22812057,1.0,2983,"tags=53%, list=21%, signal=67%",
GOBP_REGULATION_OF_MITOTIC_SISTER_CHROMATID_SEGREGATION,GOBP_REGULATION_OF_MITOTIC_SISTER_CHROMATID_SEGREGATION,,53,-0.172275,-1.4636506,0.075925924,0.22903264,1.0,9098,"tags=81%, list=64%, signal=224%",
GOBP_SINGLE_FERTILIZATION,GOBP_SINGLE_FERTILIZATION,,114,-0.11580106,-1.4626077,0.083333336,0.22966608,1.0,2484,"tags=29%, list=17%, signal=35%",
GOBP_PYRIMIDINE_NUCLEOSIDE_MONOPHOSPHATE_BIOSYNTHETIC_PROCESS,GOBP_PYRIMIDINE_NUCLEOSIDE_MONOPHOSPHATE_BIOSYNTHETIC_PROCESS,,20,-0.2708084,-1.4625409,0.092929296,0.22933358,1.0,6821,"tags=75%, list=48%, signal=144%",
GOBP_POSITIVE_REGULATION_OF_GENE_EXPRESSION_EPIGENETIC,GOBP_POSITIVE_REGULATION_OF_GENE_EXPRESSION_EPIGENETIC,,51,-0.17138804,-1.462054,0.09090909,0.2294718,1.0,9005,"tags=80%, list=63%, signal=218%",
GOBP_POSITIVE_REGULATION_OF_CELL_ADHESION,GOBP_POSITIVE_REGULATION_OF_CELL_ADHESION,,480,-0.05844897,-1.4620451,0.06545454,0.22908911,1.0,3079,"tags=27%, list=22%, signal=34%",
GOBP_DICARBOXYLIC_ACID_TRANSPORT,GOBP_DICARBOXYLIC_ACID_TRANSPORT,,94,-0.1278456,-1.46038,0.08074534,0.23028849,1.0,5608,"tags=52%, list=39%, signal=85%",
GOBP_RESPONSE_TO_ESTROGEN,GOBP_RESPONSE_TO_ESTROGEN,,73,-0.1429758,-1.456924,0.08299595,0.23333423,1.0,3238,"tags=37%, list=23%, signal=48%",
GOBP_RESPONSE_TO_IRON_ION,GOBP_RESPONSE_TO_IRON_ION,,29,-0.22422537,-1.4566425,0.08588957,0.23317935,1.0,6136,"tags=66%, list=43%, signal=115%",
GOBP_MODIFIED_AMINO_ACID_BIOSYNTHETIC_PROCESS,GOBP_MODIFIED_AMINO_ACID_BIOSYNTHETIC_PROCESS,,42,-0.19082542,-1.4565793,0.07495069,0.23285353,1.0,3390,"tags=43%, list=24%, signal=56%",
GOBP_BILE_ACID_AND_BILE_SALT_TRANSPORT,GOBP_BILE_ACID_AND_BILE_SALT_TRANSPORT,,28,-0.23249637,-1.4562699,0.07869482,0.23281425,1.0,2288,"tags=39%, list=16%, signal=47%",
GOBP_CARDIAC_CONDUCTION,GOBP_CARDIAC_CONDUCTION,,62,-0.15753458,-1.4559696,0.07786885,0.23271759,1.0,3046,"tags=37%, list=21%, signal=47%",
GOBP_REGULATION_OF_CARDIAC_MUSCLE_CELL_CONTRACTION,GOBP_REGULATION_OF_CARDIAC_MUSCLE_CELL_CONTRACTION,,38,-0.19660121,-1.4558108,0.09823183,0.23250975,1.0,7317,"tags=71%, list=51%, signal=146%",
GOBP_T_HELPER_17_TYPE_IMMUNE_RESPONSE,GOBP_T_HELPER_17_TYPE_IMMUNE_RESPONSE,,52,-0.17081441,-1.4501202,0.09320388,0.23782885,1.0,7973,"tags=73%, list=56%, signal=166%",
GOBP_INTERLEUKIN_2_PRODUCTION,GOBP_INTERLEUKIN_2_PRODUCTION,,72,-0.14484143,-1.4495938,0.09922179,0.23800008,1.0,3087,"tags=36%, list=22%, signal=46%",
GOBP_L_AMINO_ACID_TRANSPORT,GOBP_L_AMINO_ACID_TRANSPORT,,81,-0.13848461,-1.449152,0.09445585,0.23807071,1.0,3661,"tags=40%, list=26%, signal=53%",
GOBP_PHOSPHATE_ION_HOMEOSTASIS,GOBP_PHOSPHATE_ION_HOMEOSTASIS,,20,-0.2711499,-1.4458332,0.08097166,0.24104622,1.0,4683,"tags=60%, list=33%, signal=89%",
GOBP_REACTIVE_OXYGEN_SPECIES_BIOSYNTHETIC_PROCESS,GOBP_REACTIVE_OXYGEN_SPECIES_BIOSYNTHETIC_PROCESS,,66,-0.14728276,-1.445324,0.08793456,0.24120535,1.0,6535,"tags=61%, list=46%, signal=112%",
GOBP_T_HELPER_1_TYPE_IMMUNE_RESPONSE,GOBP_T_HELPER_1_TYPE_IMMUNE_RESPONSE,,50,-0.17566867,-1.4446075,0.099403575,0.24149954,1.0,3200,"tags=40%, list=23%, signal=51%",
GOBP_VIRAL_RNA_GENOME_REPLICATION,GOBP_VIRAL_RNA_GENOME_REPLICATION,,23,-0.251499,-1.4442694,0.07581967,0.24145612,1.0,8178,"tags=83%, list=58%, signal=194%",
GOBP_PHOSPHOLIPID_HOMEOSTASIS,GOBP_PHOSPHOLIPID_HOMEOSTASIS,,17,-0.28881675,-1.4422394,0.09375,0.24316329,1.0,5937,"tags=71%, list=42%, signal=121%",
GOBP_INTERLEUKIN_13_PRODUCTION,GOBP_INTERLEUKIN_13_PRODUCTION,,21,-0.26402083,-1.4418557,0.094262294,0.2431501,1.0,3701,"tags=52%, list=26%, signal=71%",
GOBP_REGULATION_OF_ALPHA_BETA_T_CELL_ACTIVATION,GOBP_REGULATION_OF_ALPHA_BETA_T_CELL_ACTIVATION,,120,-0.11308059,-1.4402498,0.07495069,0.24444179,1.0,6228,"tags=55%, list=44%, signal=97%",
GOBP_NEGATIVE_REGULATION_OF_REACTIVE_OXYGEN_SPECIES_BIOSYNTHETIC_PROCESS,GOBP_NEGATIVE_REGULATION_OF_REACTIVE_OXYGEN_SPECIES_BIOSYNTHETIC_PROCESS,,21,-0.26527166,-1.439327,0.1,0.24495184,1.0,6392,"tags=71%, list=45%, signal=130%",
GOBP_REGULATION_OF_HETEROTYPIC_CELL_CELL_ADHESION,GOBP_REGULATION_OF_HETEROTYPIC_CELL_CELL_ADHESION,,24,-0.24504884,-1.4384891,0.08782435,0.24543345,1.0,3040,"tags=46%, list=21%, signal=58%",
GOBP_NEGATIVE_REGULATION_OF_TUMOR_NECROSIS_FACTOR_SUPERFAMILY_CYTOKINE_PRODUCTION,GOBP_NEGATIVE_REGULATION_OF_TUMOR_NECROSIS_FACTOR_SUPERFAMILY_CYTOKINE_PRODUCTION,,61,-0.15138006,-1.4382066,0.08639706,0.24532862,1.0,4152,"tags=44%, list=29%, signal=62%",
GOBP_POSITIVE_REGULATION_OF_TRANSMEMBRANE_TRANSPORT,GOBP_POSITIVE_REGULATION_OF_TRANSMEMBRANE_TRANSPORT,,209,-0.08681456,-1.4371264,0.07739308,0.24603312,1.0,4228,"tags=38%, list=30%, signal=54%",
GOBP_LYMPHOCYTE_MIGRATION,GOBP_LYMPHOCYTE_MIGRATION,,94,-0.12612489,-1.4369661,0.093877554,0.24579035,1.0,3363,"tags=36%, list=24%, signal=47%",
GOBP_NEGATIVE_REGULATION_OF_TRANSMEMBRANE_TRANSPORT,GOBP_NEGATIVE_REGULATION_OF_TRANSMEMBRANE_TRANSPORT,,109,-0.1174926,-1.4365083,0.091649696,0.24586184,1.0,4214,"tags=41%, list=30%, signal=58%",
GOBP_REGULATION_OF_PLASMA_LIPOPROTEIN_PARTICLE_LEVELS,GOBP_REGULATION_OF_PLASMA_LIPOPROTEIN_PARTICLE_LEVELS,,70,-0.14480855,-1.4358737,0.0875,0.24608079,1.0,4656,"tags=47%, list=33%, signal=70%",
GOBP_REGULATION_OF_POTASSIUM_ION_TRANSMEMBRANE_TRANSPORT,GOBP_REGULATION_OF_POTASSIUM_ION_TRANSMEMBRANE_TRANSPORT,,74,-0.14053117,-1.4323246,0.10229645,0.24934934,1.0,3586,"tags=39%, list=25%, signal=52%",
GOBP_DENDRITIC_CELL_MIGRATION,GOBP_DENDRITIC_CELL_MIGRATION,,24,-0.24427402,-1.4299672,0.09962406,0.25143078,1.0,3051,"tags=46%, list=21%, signal=58%",
GOBP_POSITIVE_REGULATION_OF_REACTIVE_OXYGEN_SPECIES_METABOLIC_PROCESS,GOBP_POSITIVE_REGULATION_OF_REACTIVE_OXYGEN_SPECIES_METABOLIC_PROCESS,,76,-0.14168203,-1.4298518,0.10566038,0.25115907,1.0,6043,"tags=57%, list=42%, signal=98%",
GOBP_NUCLEOSOME_ORGANIZATION,GOBP_NUCLEOSOME_ORGANIZATION,,59,-0.1583014,-1.4288042,0.09393346,0.25189728,1.0,11016,"tags=93%, list=77%, signal=412%",
GOBP_INTRACELLULAR_SODIUM_ION_HOMEOSTASIS,GOBP_INTRACELLULAR_SODIUM_ION_HOMEOSTASIS,,25,-0.23386309,-1.4283986,0.08946322,0.25191164,1.0,4076,"tags=52%, list=29%, signal=73%",
GOBP_FATTY_ACID_DERIVATIVE_CATABOLIC_PROCESS,GOBP_FATTY_ACID_DERIVATIVE_CATABOLIC_PROCESS,,18,-0.28103608,-1.4265635,0.10058027,0.2535065,1.0,3910,"tags=56%, list=27%, signal=77%",
GOBP_NEGATIVE_REGULATION_OF_LEUKOCYTE_CELL_CELL_ADHESION,GOBP_NEGATIVE_REGULATION_OF_LEUKOCYTE_CELL_CELL_ADHESION,,144,-0.10247757,-1.4262345,0.08571429,0.25341624,1.0,3200,"tags=33%, list=23%, signal=42%",
GOBP_NEUTRAL_LIPID_METABOLIC_PROCESS,GOBP_NEUTRAL_LIPID_METABOLIC_PROCESS,,140,-0.10478709,-1.4260222,0.08982036,0.25323087,1.0,3706,"tags=36%, list=26%, signal=49%",
GOBP_NEUTRAL_AMINO_ACID_TRANSPORT,GOBP_NEUTRAL_AMINO_ACID_TRANSPORT,,52,-0.1627904,-1.4221305,0.1,0.2570254,1.0,3711,"tags=42%, list=26%, signal=57%",
GOBP_ANDROGEN_METABOLIC_PROCESS,GOBP_ANDROGEN_METABOLIC_PROCESS,,27,-0.23278485,-1.421442,0.10816327,0.25740394,1.0,3544,"tags=48%, list=25%, signal=64%",
GOBP_REGULATION_OF_CALCIUM_ION_IMPORT,GOBP_REGULATION_OF_CALCIUM_ION_IMPORT,,43,-0.1852887,-1.4185674,0.12765957,0.26016656,1.0,5642,"tags=58%, list=40%, signal=96%",
GOBP_DNA_TEMPLATED_DNA_REPLICATION,GOBP_DNA_TEMPLATED_DNA_REPLICATION,,134,-0.1074628,-1.4181134,0.10141988,0.26022124,1.0,10055,"tags=81%, list=71%, signal=275%",
GOBP_NATURAL_KILLER_CELL_ACTIVATION,GOBP_NATURAL_KILLER_CELL_ACTIVATION,,79,-0.13968268,-1.4177706,0.11462451,0.26015583,1.0,3606,"tags=39%, list=25%, signal=52%",
GOBP_ACUTE_INFLAMMATORY_RESPONSE,GOBP_ACUTE_INFLAMMATORY_RESPONSE,,106,-0.11876299,-1.4163826,0.08649789,0.26128817,1.0,5301,"tags=49%, list=37%, signal=78%",
GOBP_RELEASE_OF_SEQUESTERED_CALCIUM_ION_INTO_CYTOSOL_BY_ENDOPLASMIC_RETICULUM,GOBP_RELEASE_OF_SEQUESTERED_CALCIUM_ION_INTO_CYTOSOL_BY_ENDOPLASMIC_RETICULUM,,29,-0.21889453,-1.4149446,0.114107884,0.26243573,1.0,2779,"tags=41%, list=20%, signal=51%",
GOBP_REGULATION_OF_CALCIUM_ION_IMPORT_ACROSS_PLASMA_MEMBRANE,GOBP_REGULATION_OF_CALCIUM_ION_IMPORT_ACROSS_PLASMA_MEMBRANE,,16,-0.2911607,-1.4141619,0.10909091,0.26287508,1.0,5642,"tags=69%, list=40%, signal=114%",
GOBP_PLASMA_LIPOPROTEIN_PARTICLE_ASSEMBLY,GOBP_PLASMA_LIPOPROTEIN_PARTICLE_ASSEMBLY,,21,-0.25699198,-1.4136693,0.09486166,0.26301566,1.0,4478,"tags=57%, list=31%, signal=83%",
GOBP_REGULATION_OF_MUSCLE_ADAPTATION,GOBP_REGULATION_OF_MUSCLE_ADAPTATION,,107,-0.11566632,-1.4133712,0.099378884,0.2629044,1.0,4748,"tags=45%, list=33%, signal=67%",
GOBP_RESPONSE_TO_CORTICOSTEROID,GOBP_RESPONSE_TO_CORTICOSTEROID,,153,-0.09817164,-1.4132395,0.11287129,0.26264155,1.0,5591,"tags=49%, list=39%, signal=80%",
GOBP_REGULATION_OF_HYDROGEN_PEROXIDE_METABOLIC_PROCESS,GOBP_REGULATION_OF_HYDROGEN_PEROXIDE_METABOLIC_PROCESS,,17,-0.2854043,-1.411984,0.10515873,0.26355815,1.0,6822,"tags=76%, list=48%, signal=147%",
GOBP_DEOXYRIBONUCLEOTIDE_BIOSYNTHETIC_PROCESS,GOBP_DEOXYRIBONUCLEOTIDE_BIOSYNTHETIC_PROCESS,,20,-0.26656926,-1.4104513,0.10351967,0.26481265,1.0,4037,"tags=55%, list=28%, signal=77%",
GOBP_INNER_MITOCHONDRIAL_MEMBRANE_ORGANIZATION,GOBP_INNER_MITOCHONDRIAL_MEMBRANE_ORGANIZATION,,33,-0.20446858,-1.4087054,0.10887097,0.2662847,1.0,11321,"tags=100%, list=80%, signal=489%",
GOBP_FIBROBLAST_ACTIVATION,GOBP_FIBROBLAST_ACTIVATION,,22,-0.25401273,-1.4063886,0.10580913,0.2684565,1.0,5444,"tags=64%, list=38%, signal=103%",
GOBP_POSITIVE_REGULATION_OF_DNA_METABOLIC_PROCESS,GOBP_POSITIVE_REGULATION_OF_DNA_METABOLIC_PROCESS,,276,-0.07272046,-1.4054552,0.10240964,0.2690794,1.0,11353,"tags=87%, list=80%, signal=423%",
GOBP_T_CELL_APOPTOTIC_PROCESS,GOBP_T_CELL_APOPTOTIC_PROCESS,,69,-0.14180617,-1.405387,0.0985325,0.26874033,1.0,3765,"tags=41%, list=26%, signal=55%",
GOBP_RESPONSE_TO_MUSCLE_ACTIVITY,GOBP_RESPONSE_TO_MUSCLE_ACTIVITY,,27,-0.22817937,-1.4044772,0.11344538,0.26932046,1.0,7823,"tags=78%, list=55%, signal=173%",
GOBP_T_HELPER_CELL_LINEAGE_COMMITMENT,GOBP_T_HELPER_CELL_LINEAGE_COMMITMENT,,23,-0.24431488,-1.403174,0.10784314,0.27029863,1.0,8280,"tags=83%, list=58%, signal=197%",
GOBP_GLYCEROPHOSPHOLIPID_BIOSYNTHETIC_PROCESS,GOBP_GLYCEROPHOSPHOLIPID_BIOSYNTHETIC_PROCESS,,151,-0.09897344,-1.4018433,0.12038835,0.27139702,1.0,6802,"tags=58%, list=48%, signal=109%",
GOBP_NEGATIVE_REGULATION_OF_SYSTEMIC_ARTERIAL_BLOOD_PRESSURE,GOBP_NEGATIVE_REGULATION_OF_SYSTEMIC_ARTERIAL_BLOOD_PRESSURE,,28,-0.21838981,-1.3989618,0.11646587,0.27421966,1.0,3504,"tags=46%, list=25%, signal=61%",
GOBP_REGULATION_OF_BLOOD_CIRCULATION,GOBP_REGULATION_OF_BLOOD_CIRCULATION,,245,-0.07819878,-1.3982095,0.10663984,0.27463338,1.0,3958,"tags=36%, list=28%, signal=48%",
GOBP_INTESTINAL_LIPID_ABSORPTION,GOBP_INTESTINAL_LIPID_ABSORPTION,,21,-0.25289404,-1.3974422,0.119544595,0.27500448,1.0,3859,"tags=52%, list=27%, signal=72%",
GOBP_POSITIVE_REGULATION_OF_MYELOID_LEUKOCYTE_MEDIATED_IMMUNITY,GOBP_POSITIVE_REGULATION_OF_MYELOID_LEUKOCYTE_MEDIATED_IMMUNITY,,23,-0.2437361,-1.397413,0.091603056,0.27461135,1.0,5815,"tags=65%, list=41%, signal=110%",
GOBP_PHOSPHOLIPID_BIOSYNTHETIC_PROCESS,GOBP_PHOSPHOLIPID_BIOSYNTHETIC_PROCESS,,196,-0.08719889,-1.3969747,0.10978044,0.2746574,1.0,8428,"tags=68%, list=59%, signal=164%",
GOBP_MONOATOMIC_ANION_TRANSMEMBRANE_TRANSPORT,GOBP_MONOATOMIC_ANION_TRANSMEMBRANE_TRANSPORT,,109,-0.113901414,-1.3968751,0.114164904,0.27435237,1.0,2960,"tags=32%, list=21%, signal=40%",
GOBP_GAMMA_DELTA_T_CELL_ACTIVATION,GOBP_GAMMA_DELTA_T_CELL_ACTIVATION,,22,-0.24501082,-1.3950291,0.10456274,0.27603862,1.0,4279,"tags=55%, list=30%, signal=78%",
GOBP_REGULATION_OF_NATURAL_KILLER_CELL_ACTIVATION,GOBP_REGULATION_OF_NATURAL_KILLER_CELL_ACTIVATION,,42,-0.18446289,-1.3931255,0.0995935,0.27787873,1.0,4496,"tags=50%, list=32%, signal=73%",
GOBP_T_HELPER_1_CELL_DIFFERENTIATION,GOBP_T_HELPER_1_CELL_DIFFERENTIATION,,27,-0.21991296,-1.3919653,0.13097712,0.2787646,1.0,3200,"tags=44%, list=23%, signal=57%",
GOBP_PRODUCTION_OF_MOLECULAR_MEDIATOR_INVOLVED_IN_INFLAMMATORY_RESPONSE,GOBP_PRODUCTION_OF_MOLECULAR_MEDIATOR_INVOLVED_IN_INFLAMMATORY_RESPONSE,,97,-0.12336171,-1.3909858,0.11222445,0.27949482,1.0,8228,"tags=70%, list=58%, signal=165%",
GOBP_TELOMERE_MAINTENANCE,GOBP_TELOMERE_MAINTENANCE,,140,-0.100195296,-1.3904798,0.10547667,0.27963614,1.0,10678,"tags=85%, list=75%, signal=338%",
GOBP_CILIUM_MOVEMENT,GOBP_CILIUM_MOVEMENT,,140,-0.09672506,-1.3866022,0.115234375,0.2837466,1.0,2499,"tags=27%, list=18%, signal=33%",
GOBP_NEGATIVE_REGULATION_OF_CELL_DEVELOPMENT,GOBP_NEGATIVE_REGULATION_OF_CELL_DEVELOPMENT,,277,-0.07255841,-1.385744,0.11064718,0.2842623,1.0,2583,"tags=25%, list=18%, signal=30%",
GOBP_MITOTIC_SISTER_CHROMATID_SEPARATION,GOBP_MITOTIC_SISTER_CHROMATID_SEPARATION,,58,-0.15033223,-1.3855324,0.097510375,0.28405732,1.0,8415,"tags=74%, list=59%, signal=181%",
GOBP_PROGRAMMED_CELL_DEATH_IN_RESPONSE_TO_REACTIVE_OXYGEN_SPECIES,GOBP_PROGRAMMED_CELL_DEATH_IN_RESPONSE_TO_REACTIVE_OXYGEN_SPECIES,,16,-0.28502288,-1.3853257,0.11752577,0.28389335,1.0,6618,"tags=75%, list=47%, signal=140%",
GOBP_POSITIVE_REGULATION_OF_CHOLESTEROL_METABOLIC_PROCESS,GOBP_POSITIVE_REGULATION_OF_CHOLESTEROL_METABOLIC_PROCESS,,26,-0.22835776,-1.3848943,0.11825726,0.28396273,1.0,3323,"tags=46%, list=23%, signal=60%",
GOBP_DEPHOSPHORYLATION,GOBP_DEPHOSPHORYLATION,,150,-0.09569848,-1.3831444,0.115830116,0.2854872,1.0,9652,"tags=77%, list=68%, signal=238%",
GOBP_AMIDE_METABOLIC_PROCESS,GOBP_AMIDE_METABOLIC_PROCESS,,429,-0.058861997,-1.3830369,0.13104838,0.28518277,1.0,4261,"tags=36%, list=30%, signal=49%",
GOBP_PYRIMIDINE_CONTAINING_COMPOUND_BIOSYNTHETIC_PROCESS,GOBP_PYRIMIDINE_CONTAINING_COMPOUND_BIOSYNTHETIC_PROCESS,,38,-0.1924246,-1.3803718,0.12446352,0.28785482,1.0,7002,"tags=68%, list=49%, signal=134%",
GOBP_REGULATION_OF_SODIUM_ION_TRANSPORT,GOBP_REGULATION_OF_SODIUM_ION_TRANSPORT,,77,-0.13631408,-1.3784834,0.12948208,0.28970328,1.0,3983,"tags=42%, list=28%, signal=57%",
GOBP_REGULATION_OF_INFLAMMATORY_RESPONSE_TO_ANTIGENIC_STIMULUS,GOBP_REGULATION_OF_INFLAMMATORY_RESPONSE_TO_ANTIGENIC_STIMULUS,,31,-0.20726998,-1.3777832,0.13814433,0.29003426,1.0,2106,"tags=35%, list=15%, signal=42%",
GOBP_NEGATIVE_REGULATION_OF_ACTIN_FILAMENT_DEPOLYMERIZATION,GOBP_NEGATIVE_REGULATION_OF_ACTIN_FILAMENT_DEPOLYMERIZATION,,38,-0.18351103,-1.3773994,0.11923077,0.2900655,1.0,4883,"tags=53%, list=34%, signal=80%",
GOBP_RESPONSE_TO_FORSKOLIN,GOBP_RESPONSE_TO_FORSKOLIN,,17,-0.27962297,-1.376824,0.1434263,0.29024923,1.0,3558,"tags=53%, list=25%, signal=71%",
GOBP_ALPHA_BETA_T_CELL_PROLIFERATION,GOBP_ALPHA_BETA_T_CELL_PROLIFERATION,,51,-0.16281012,-1.3767695,0.12966602,0.28988323,1.0,2992,"tags=37%, list=21%, signal=47%",
GOBP_HUMORAL_IMMUNE_RESPONSE_MEDIATED_BY_CIRCULATING_IMMUNOGLOBULIN,GOBP_HUMORAL_IMMUNE_RESPONSE_MEDIATED_BY_CIRCULATING_IMMUNOGLOBULIN,,42,-0.17612897,-1.3759843,0.12394958,0.2903224,1.0,2244,"tags=33%, list=16%, signal=39%",
GOBP_NEGATIVE_REGULATION_OF_CALCIUM_ION_TRANSPORT,GOBP_NEGATIVE_REGULATION_OF_CALCIUM_ION_TRANSPORT,,59,-0.15034983,-1.3741647,0.11422846,0.29206517,1.0,6790,"tags=63%, list=48%, signal=120%",
GOBP_NEUTROPHIL_ACTIVATION,GOBP_NEUTROPHIL_ACTIVATION,,41,-0.17956416,-1.3741577,0.12765957,0.2916384,1.0,4045,"tags=46%, list=28%, signal=65%",
GOBP_VASCULAR_ASSOCIATED_SMOOTH_MUSCLE_CELL_APOPTOTIC_PROCESS,GOBP_VASCULAR_ASSOCIATED_SMOOTH_MUSCLE_CELL_APOPTOTIC_PROCESS,,16,-0.28245777,-1.3738647,0.114119925,0.29152226,1.0,3988,"tags=56%, list=28%, signal=78%",
GOBP_DETECTION_OF_STIMULUS,GOBP_DETECTION_OF_STIMULUS,,162,-0.09390805,-1.3729582,0.11046512,0.29218188,1.0,3860,"tags=36%, list=27%, signal=49%",
GOBP_SMOOTH_MUSCLE_CELL_APOPTOTIC_PROCESS,GOBP_SMOOTH_MUSCLE_CELL_APOPTOTIC_PROCESS,,38,-0.18601589,-1.3718858,0.12180746,0.29301804,1.0,4099,"tags=47%, list=29%, signal=66%",
GOBP_POSITIVE_REGULATION_OF_B_CELL_ACTIVATION,GOBP_POSITIVE_REGULATION_OF_B_CELL_ACTIVATION,,81,-0.13203935,-1.3717879,0.11776859,0.29268992,1.0,3401,"tags=37%, list=24%, signal=48%",
GOBP_REGULATION_OF_BILE_ACID_METABOLIC_PROCESS,GOBP_REGULATION_OF_BILE_ACID_METABOLIC_PROCESS,,16,-0.2853705,-1.3700066,0.12573674,0.29438904,1.0,2169,"tags=44%, list=15%, signal=52%",
GOBP_ALDEHYDE_CATABOLIC_PROCESS,GOBP_ALDEHYDE_CATABOLIC_PROCESS,,15,-0.28861046,-1.3696537,0.11354582,0.29439524,1.0,10122,"tags=100%, list=71%, signal=347%",
GOBP_REGULATION_OF_URINE_VOLUME,GOBP_REGULATION_OF_URINE_VOLUME,,24,-0.22649151,-1.3690028,0.11787819,0.29471087,1.0,3896,"tags=50%, list=27%, signal=69%",
GOBP_NADH_METABOLIC_PROCESS,GOBP_NADH_METABOLIC_PROCESS,,39,-0.18739174,-1.3678008,0.111561865,0.29574803,1.0,7918,"tags=74%, list=56%, signal=167%",
GOBP_SEX_CHROMOSOME_DOSAGE_COMPENSATION,GOBP_SEX_CHROMOSOME_DOSAGE_COMPENSATION,,24,-0.23060624,-1.3670659,0.120792076,0.29619402,1.0,9763,"tags=92%, list=69%, signal=292%",
GOBP_TRANSLATIONAL_ELONGATION,GOBP_TRANSLATIONAL_ELONGATION,,54,-0.15608391,-1.3653034,0.11812627,0.2978701,1.0,10694,"tags=91%, list=75%, signal=364%",
GOBP_VASCULOGENESIS_INVOLVED_IN_CORONARY_VASCULAR_MORPHOGENESIS,GOBP_VASCULOGENESIS_INVOLVED_IN_CORONARY_VASCULAR_MORPHOGENESIS,,15,-0.28701958,-1.3651719,0.1124498,0.29760063,1.0,1612,"tags=40%, list=11%, signal=45%",
GOBP_MATURATION_OF_LSU_RRNA,GOBP_MATURATION_OF_LSU_RRNA,,27,-0.21763238,-1.3643923,0.10805501,0.2981208,1.0,7446,"tags=74%, list=52%, signal=155%",
GOBP_STORE_OPERATED_CALCIUM_ENTRY,GOBP_STORE_OPERATED_CALCIUM_ENTRY,,19,-0.25990784,-1.362638,0.112676054,0.29970098,1.0,4543,"tags=58%, list=32%, signal=85%",
GOBP_NEGATIVE_REGULATION_OF_T_HELPER_17_TYPE_IMMUNE_RESPONSE,GOBP_NEGATIVE_REGULATION_OF_T_HELPER_17_TYPE_IMMUNE_RESPONSE,,16,-0.2823082,-1.3624336,0.14285715,0.29950264,1.0,9323,"tags=94%, list=66%, signal=272%",
GOBP_LEUKOCYTE_AGGREGATION,GOBP_LEUKOCYTE_AGGREGATION,,17,-0.2661388,-1.361903,0.11111111,0.29964983,1.0,2913,"tags=47%, list=20%, signal=59%",
GOBP_REGULATION_OF_SYSTEMIC_ARTERIAL_BLOOD_PRESSURE_BY_CIRCULATORY_RENIN_ANGIOTENSIN,GOBP_REGULATION_OF_SYSTEMIC_ARTERIAL_BLOOD_PRESSURE_BY_CIRCULATORY_RENIN_ANGIOTENSIN,,20,-0.25368282,-1.3602898,0.13,0.3011574,1.0,4220,"tags=55%, list=30%, signal=78%",
GOBP_G_PROTEIN_COUPLED_RECEPTOR_SIGNALING_PATHWAY_COUPLED_TO_CYCLIC_NUCLEOTIDE_SECOND_MESSENGER,GOBP_G_PROTEIN_COUPLED_RECEPTOR_SIGNALING_PATHWAY_COUPLED_TO_CYCLIC_NUCLEOTIDE_SECOND_MESSENGER,,21,-0.24416167,-1.3598375,0.12184874,0.3012407,1.0,3983,"tags=52%, list=28%, signal=73%",
GOBP_PROTEIN_ACTIVATION_CASCADE,GOBP_PROTEIN_ACTIVATION_CASCADE,,19,-0.2590258,-1.3583534,0.13157895,0.30261186,1.0,5304,"tags=63%, list=37%, signal=101%",
GOBP_NEUTROPHIL_MEDIATED_CYTOTOXICITY,GOBP_NEUTROPHIL_MEDIATED_CYTOTOXICITY,,19,-0.2583217,-1.3575847,0.13137256,0.3030795,1.0,5314,"tags=63%, list=37%, signal=101%",
GOBP_METANEPHRIC_NEPHRON_EPITHELIUM_DEVELOPMENT,GOBP_METANEPHRIC_NEPHRON_EPITHELIUM_DEVELOPMENT,,27,-0.21903883,-1.3571846,0.14,0.30311045,1.0,2159,"tags=37%, list=15%, signal=44%",
GOBP_QUINONE_METABOLIC_PROCESS,GOBP_QUINONE_METABOLIC_PROCESS,,19,-0.26116413,-1.3566531,0.13294798,0.3033716,1.0,9016,"tags=89%, list=63%, signal=244%",
GOBP_REGULATION_OF_LYMPHOCYTE_MIGRATION,GOBP_REGULATION_OF_LYMPHOCYTE_MIGRATION,,63,-0.14518459,-1.356201,0.12981744,0.303502,1.0,3363,"tags=38%, list=24%, signal=50%",
GOBP_NEGATIVE_REGULATION_OF_INTERLEUKIN_6_PRODUCTION,GOBP_NEGATIVE_REGULATION_OF_INTERLEUKIN_6_PRODUCTION,,43,-0.17375757,-1.3538654,0.1388889,0.30606338,1.0,2829,"tags=37%, list=20%, signal=46%",
GOBP_MONOSACCHARIDE_CATABOLIC_PROCESS,GOBP_MONOSACCHARIDE_CATABOLIC_PROCESS,,45,-0.1703176,-1.3537784,0.1468254,0.3057362,1.0,3591,"tags=42%, list=25%, signal=56%",
GOBP_ALPHA_BETA_T_CELL_LINEAGE_COMMITMENT,GOBP_ALPHA_BETA_T_CELL_LINEAGE_COMMITMENT,,29,-0.21136723,-1.3534975,0.12396694,0.30562425,1.0,8280,"tags=79%, list=58%, signal=189%",
GOBP_CELL_CYCLE_DNA_REPLICATION,GOBP_CELL_CYCLE_DNA_REPLICATION,,38,-0.18825726,-1.3534063,0.15891473,0.30530226,1.0,10055,"tags=89%, list=71%, signal=305%",
GOBP_POSITIVE_REGULATION_OF_CALCIUM_ION_TRANSPORT,GOBP_POSITIVE_REGULATION_OF_CALCIUM_ION_TRANSPORT,,121,-0.104909524,-1.3525704,0.13709678,0.3059136,1.0,1460,"tags=21%, list=10%, signal=23%",
GOBP_CARDIAC_MYOFIBRIL_ASSEMBLY,GOBP_CARDIAC_MYOFIBRIL_ASSEMBLY,,19,-0.25393018,-1.3517059,0.11468813,0.30656147,1.0,1634,"tags=37%, list=11%, signal=42%",
GOBP_REGULATION_OF_ACTIVATED_T_CELL_PROLIFERATION,GOBP_REGULATION_OF_ACTIVATED_T_CELL_PROLIFERATION,,39,-0.18130963,-1.3513888,0.13598326,0.3065345,1.0,2170,"tags=33%, list=15%, signal=39%",
GOBP_PHOSPHOLIPASE_C_ACTIVATING_G_PROTEIN_COUPLED_RECEPTOR_SIGNALING_PATHWAY,GOBP_PHOSPHOLIPASE_C_ACTIVATING_G_PROTEIN_COUPLED_RECEPTOR_SIGNALING_PATHWAY,,97,-0.117655255,-1.3497542,0.115686275,0.30806026,1.0,4790,"tags=45%, list=34%, signal=68%",
GOBP_NUCLEOSIDE_CATABOLIC_PROCESS,GOBP_NUCLEOSIDE_CATABOLIC_PROCESS,,19,-0.26396212,-1.3491209,0.15127702,0.30835202,1.0,2240,"tags=42%, list=16%, signal=50%",
GOBP_NUCLEOSIDE_MONOPHOSPHATE_METABOLIC_PROCESS,GOBP_NUCLEOSIDE_MONOPHOSPHATE_METABOLIC_PROCESS,,70,-0.13930061,-1.3484845,0.125,0.3087052,1.0,3515,"tags=39%, list=25%, signal=51%",
GOBP_TRANSITION_METAL_ION_TRANSPORT,GOBP_TRANSITION_METAL_ION_TRANSPORT,,98,-0.117438324,-1.348394,0.1299435,0.30838403,1.0,1680,"tags=23%, list=12%, signal=26%",
GOBP_RNA_3_END_PROCESSING,GOBP_RNA_3_END_PROCESSING,,79,-0.13081065,-1.3462675,0.13953489,0.31050226,1.0,11292,"tags=92%, list=79%, signal=446%",
GOBP_ALDITOL_METABOLIC_PROCESS,GOBP_ALDITOL_METABOLIC_PROCESS,,19,-0.25486034,-1.3433926,0.15353535,0.31352097,1.0,9854,"tags=95%, list=69%, signal=308%",
GOBP_POSITIVE_REGULATION_OF_TRANSFORMING_GROWTH_FACTOR_BETA_PRODUCTION,GOBP_POSITIVE_REGULATION_OF_TRANSFORMING_GROWTH_FACTOR_BETA_PRODUCTION,,18,-0.26437294,-1.3407931,0.14509805,0.31630284,1.0,8887,"tags=89%, list=62%, signal=237%",
GOBP_PHOSPHATIDYLINOSITOL_3_PHOSPHATE_BIOSYNTHETIC_PROCESS,GOBP_PHOSPHATIDYLINOSITOL_3_PHOSPHATE_BIOSYNTHETIC_PROCESS,,18,-0.26112244,-1.3399042,0.1431579,0.3169473,1.0,6563,"tags=72%, list=46%, signal=134%",
GOBP_REGULATION_OF_REACTIVE_OXYGEN_SPECIES_METABOLIC_PROCESS,GOBP_REGULATION_OF_REACTIVE_OXYGEN_SPECIES_METABOLIC_PROCESS,,151,-0.093313,-1.3389673,0.14777328,0.31767985,1.0,7070,"tags=59%, list=50%, signal=116%",
GOBP_POSITIVE_REGULATION_OF_CELL_CYCLE_G2_M_PHASE_TRANSITION,GOBP_POSITIVE_REGULATION_OF_CELL_CYCLE_G2_M_PHASE_TRANSITION,,30,-0.20601083,-1.338555,0.12883435,0.31765705,1.0,4188,"tags=50%, list=29%, signal=71%",
GOBP_REGULATION_OF_DNA_REPLICATION,GOBP_REGULATION_OF_DNA_REPLICATION,,100,-0.11622196,-1.3380135,0.14168377,0.31786186,1.0,9310,"tags=77%, list=65%, signal=221%",
GOBP_L_GLUTAMATE_TRANSMEMBRANE_TRANSPORT,GOBP_L_GLUTAMATE_TRANSMEMBRANE_TRANSPORT,,27,-0.21137518,-1.3379692,0.15257733,0.3174672,1.0,5428,"tags=59%, list=38%, signal=96%",
GOBP_REGULATION_OF_MUSCLE_HYPERTROPHY,GOBP_REGULATION_OF_MUSCLE_HYPERTROPHY,,80,-0.12942594,-1.3378401,0.15748031,0.31719437,1.0,4748,"tags=46%, list=33%, signal=69%",
GOBP_PHOSPHATIDIC_ACID_METABOLIC_PROCESS,GOBP_PHOSPHATIDIC_ACID_METABOLIC_PROCESS,,28,-0.21554133,-1.3377929,0.15187377,0.31680214,1.0,5576,"tags=61%, list=39%, signal=100%",
GOBP_COENZYME_A_METABOLIC_PROCESS,GOBP_COENZYME_A_METABOLIC_PROCESS,,21,-0.24493295,-1.3372419,0.12676056,0.31702632,1.0,7358,"tags=76%, list=52%, signal=158%",
GOBP_N_TERMINAL_PROTEIN_AMINO_ACID_MODIFICATION,GOBP_N_TERMINAL_PROTEIN_AMINO_ACID_MODIFICATION,,17,-0.2675634,-1.3368123,0.16475096,0.31715325,1.0,9585,"tags=94%, list=67%, signal=288%",
GOBP_LIGAND_GATED_ION_CHANNEL_SIGNALING_PATHWAY,GOBP_LIGAND_GATED_ION_CHANNEL_SIGNALING_PATHWAY,,37,-0.18271828,-1.3363552,0.13980582,0.31724915,1.0,4712,"tags=51%, list=33%, signal=77%",
GOBP_RELEASE_OF_CYTOCHROME_C_FROM_MITOCHONDRIA,GOBP_RELEASE_OF_CYTOCHROME_C_FROM_MITOCHONDRIA,,63,-0.1427394,-1.3337687,0.1330724,0.31992114,1.0,4752,"tags=48%, list=33%, signal=71%",
GOBP_BONE_REMODELING,GOBP_BONE_REMODELING,,101,-0.11252561,-1.3334036,0.14884695,0.3199297,1.0,2777,"tags=31%, list=20%, signal=38%",
GOBP_NEUROTRANSMITTER_REUPTAKE,GOBP_NEUROTRANSMITTER_REUPTAKE,,23,-0.22744477,-1.3331047,0.14503817,0.31985527,1.0,5428,"tags=61%, list=38%, signal=98%",
GOBP_NEGATIVE_REGULATION_OF_IMMUNE_RESPONSE,GOBP_NEGATIVE_REGULATION_OF_IMMUNE_RESPONSE,,179,-0.085284464,-1.332876,0.13193117,0.31965885,1.0,6192,"tags=52%, list=44%, signal=91%",
GOBP_POSITIVE_REGULATION_OF_REACTIVE_OXYGEN_SPECIES_BIOSYNTHETIC_PROCESS,GOBP_POSITIVE_REGULATION_OF_REACTIVE_OXYGEN_SPECIES_BIOSYNTHETIC_PROCESS,,23,-0.22767751,-1.3315691,0.16527197,0.32080373,1.0,6043,"tags=65%, list=42%, signal=113%",
GOBP_PROTEIN_DEPHOSPHORYLATION,GOBP_PROTEIN_DEPHOSPHORYLATION,,88,-0.12015561,-1.3309628,0.15192308,0.32110754,1.0,9615,"tags=80%, list=68%, signal=244%",
GOBP_NEGATIVE_REGULATION_OF_INTERFERON_BETA_PRODUCTION,GOBP_NEGATIVE_REGULATION_OF_INTERFERON_BETA_PRODUCTION,,15,-0.28614202,-1.3304747,0.1414914,0.32125446,1.0,9209,"tags=93%, list=65%, signal=265%",
GOBP_METANEPHRIC_EPITHELIUM_DEVELOPMENT,GOBP_METANEPHRIC_EPITHELIUM_DEVELOPMENT,,32,-0.1924356,-1.3298784,0.13121273,0.32148013,1.0,2159,"tags=34%, list=15%, signal=40%",
GOBP_CHOLESTEROL_EFFLUX,GOBP_CHOLESTEROL_EFFLUX,,61,-0.14542933,-1.3289644,0.13948919,0.32220423,1.0,3770,"tags=41%, list=27%, signal=56%",
GOBP_REGULATION_OF_CELL_KILLING,GOBP_REGULATION_OF_CELL_KILLING,,116,-0.10595104,-1.3276683,0.1436464,0.323381,1.0,2307,"tags=27%, list=16%, signal=32%",
GOBP_MATURATION_OF_5_8S_RRNA,GOBP_MATURATION_OF_5_8S_RRNA,,31,-0.19846779,-1.327597,0.13238288,0.32304946,1.0,10947,"tags=97%, list=77%, signal=419%",
GOBP_FATTY_ACID_TRANSPORT,GOBP_FATTY_ACID_TRANSPORT,,109,-0.10758433,-1.3272853,0.14512922,0.32301614,1.0,1614,"tags=22%, list=11%, signal=25%",
GOBP_SKELETAL_MUSCLE_CONTRACTION,GOBP_SKELETAL_MUSCLE_CONTRACTION,,41,-0.17639242,-1.3249975,0.15612648,0.32551995,1.0,1662,"tags=29%, list=12%, signal=33%",
GOBP_SIGNAL_PEPTIDE_PROCESSING,GOBP_SIGNAL_PEPTIDE_PROCESSING,,15,-0.28604814,-1.3230362,0.16633266,0.32756236,1.0,4470,"tags=60%, list=31%, signal=87%",
GOBP_POSITIVE_REGULATION_OF_INTERLEUKIN_2_PRODUCTION,GOBP_POSITIVE_REGULATION_OF_INTERLEUKIN_2_PRODUCTION,,39,-0.17540652,-1.3228384,0.14563107,0.32736596,1.0,2983,"tags=38%, list=21%, signal=49%",
GOBP_GLUTAMINE_FAMILY_AMINO_ACID_CATABOLIC_PROCESS,GOBP_GLUTAMINE_FAMILY_AMINO_ACID_CATABOLIC_PROCESS,,22,-0.23867235,-1.3223861,0.15090543,0.32747695,1.0,4369,"tags=55%, list=31%, signal=79%",
GOBP_NEGATIVE_REGULATION_OF_CHROMOSOME_ORGANIZATION,GOBP_NEGATIVE_REGULATION_OF_CHROMOSOME_ORGANIZATION,,85,-0.12422518,-1.321962,0.15338646,0.3275821,1.0,8116,"tags=69%, list=57%, signal=161%",
GOBP_TERPENOID_BIOSYNTHETIC_PROCESS,GOBP_TERPENOID_BIOSYNTHETIC_PROCESS,,18,-0.262734,-1.3212914,0.12704918,0.32801998,1.0,4960,"tags=61%, list=35%, signal=94%",
GOBP_RESPONSE_TO_CAFFEINE,GOBP_RESPONSE_TO_CAFFEINE,,18,-0.26089165,-1.3193729,0.15384616,0.33004,1.0,2616,"tags=44%, list=18%, signal=54%",
GOBP_GERMINAL_CENTER_FORMATION,GOBP_GERMINAL_CENTER_FORMATION,,16,-0.27063096,-1.3189535,0.14851485,0.33011967,1.0,4156,"tags=56%, list=29%, signal=79%",
GOBP_TISSUE_REGENERATION,GOBP_TISSUE_REGENERATION,,72,-0.13257809,-1.3181839,0.14971209,0.33064094,1.0,3063,"tags=35%, list=22%, signal=44%",
GOBP_LYMPH_NODE_DEVELOPMENT,GOBP_LYMPH_NODE_DEVELOPMENT,,32,-0.19601892,-1.317455,0.15057915,0.3310646,1.0,5219,"tags=56%, list=37%, signal=89%",
GOBP_REGULATION_OF_PRODUCTION_OF_MOLECULAR_MEDIATOR_OF_IMMUNE_RESPONSE,GOBP_REGULATION_OF_PRODUCTION_OF_MOLECULAR_MEDIATOR_OF_IMMUNE_RESPONSE,,180,-0.083848864,-1.3159206,0.14145383,0.33260244,1.0,3406,"tags=32%, list=24%, signal=42%",
GOBP_CATECHOLAMINE_UPTAKE,GOBP_CATECHOLAMINE_UPTAKE,,15,-0.28675207,-1.3149087,0.14549181,0.33345518,1.0,4460,"tags=60%, list=31%, signal=87%",
GOBP_CARDIOCYTE_DIFFERENTIATION,GOBP_CARDIOCYTE_DIFFERENTIATION,,186,-0.08298151,-1.3113838,0.14951456,0.33758107,1.0,4800,"tags=42%, list=34%, signal=62%",
GOBP_REGULATION_OF_SUPEROXIDE_ANION_GENERATION,GOBP_REGULATION_OF_SUPEROXIDE_ANION_GENERATION,,29,-0.20692568,-1.3102977,0.1627451,0.33851424,1.0,4420,"tags=52%, list=31%, signal=75%",
GOBP_POSITIVE_REGULATION_OF_LIPID_METABOLIC_PROCESS,GOBP_POSITIVE_REGULATION_OF_LIPID_METABOLIC_PROCESS,,156,-0.08968164,-1.3102906,0.14734773,0.33806244,1.0,2933,"tags=29%, list=21%, signal=37%",
GOBP_HEPATIC_STELLATE_CELL_ACTIVATION,GOBP_HEPATIC_STELLATE_CELL_ACTIVATION,,17,-0.26463133,-1.3071473,0.14675052,0.34175894,1.0,5444,"tags=65%, list=38%, signal=105%",
GOBP_REGULATION_OF_INTESTINAL_ABSORPTION,GOBP_REGULATION_OF_INTESTINAL_ABSORPTION,,17,-0.26512003,-1.3057086,0.17857143,0.34325156,1.0,3764,"tags=53%, list=26%, signal=72%",
GOBP_RENAL_SYSTEM_PROCESS_INVOLVED_IN_REGULATION_OF_SYSTEMIC_ARTERIAL_BLOOD_PRESSURE,GOBP_RENAL_SYSTEM_PROCESS_INVOLVED_IN_REGULATION_OF_SYSTEMIC_ARTERIAL_BLOOD_PRESSURE,,25,-0.22078335,-1.3054075,0.15728155,0.34317246,1.0,3124,"tags=44%, list=22%, signal=56%",
GOBP_REGULATION_OF_GLYCOGEN_CATABOLIC_PROCESS,GOBP_REGULATION_OF_GLYCOGEN_CATABOLIC_PROCESS,,15,-0.29209253,-1.3036768,0.16161616,0.3450478,1.0,2488,"tags=47%, list=17%, signal=57%",
GOBP_NUCLEOTIDE_EXCISION_REPAIR,GOBP_NUCLEOTIDE_EXCISION_REPAIR,,73,-0.13010503,-1.3036455,0.16875,0.34462783,1.0,10628,"tags=88%, list=75%, signal=345%",
GOBP_PHOSPHOLIPID_EFFLUX,GOBP_PHOSPHOLIPID_EFFLUX,,15,-0.27921066,-1.3029256,0.16061185,0.3450809,1.0,2671,"tags=47%, list=19%, signal=57%",
GOBP_PROTEIN_LOCALIZATION_TO_CHROMATIN,GOBP_PROTEIN_LOCALIZATION_TO_CHROMATIN,,36,-0.17940114,-1.3027253,0.15051547,0.3448971,1.0,8912,"tags=81%, list=63%, signal=215%",
GOBP_REGULATION_OF_FATTY_ACID_OXIDATION,GOBP_REGULATION_OF_FATTY_ACID_OXIDATION,,40,-0.17352441,-1.302298,0.16666667,0.34499624,1.0,8206,"tags=75%, list=58%, signal=177%",
GOBP_RESPONSE_TO_ALKALOID,GOBP_RESPONSE_TO_ALKALOID,,99,-0.11196368,-1.3019911,0.1552063,0.3449022,1.0,4453,"tags=42%, list=31%, signal=61%",
GOBP_REGULATION_OF_SYSTEMIC_ARTERIAL_BLOOD_PRESSURE_BY_RENIN_ANGIOTENSIN,GOBP_REGULATION_OF_SYSTEMIC_ARTERIAL_BLOOD_PRESSURE_BY_RENIN_ANGIOTENSIN,,28,-0.2065379,-1.300804,0.15830116,0.34602323,1.0,4688,"tags=54%, list=33%, signal=80%",
GOBP_CELLULAR_RESPONSE_TO_GONADOTROPIN_STIMULUS,GOBP_CELLULAR_RESPONSE_TO_GONADOTROPIN_STIMULUS,,20,-0.2514365,-1.3005309,0.17276423,0.34592572,1.0,5674,"tags=65%, list=40%, signal=108%",
GOBP_REGULATION_OF_ACTIN_FILAMENT_BASED_PROCESS,GOBP_REGULATION_OF_ACTIN_FILAMENT_BASED_PROCESS,,364,-0.059489083,-1.3005013,0.15109344,0.34550416,1.0,4490,"tags=37%, list=32%, signal=53%",
GOBP_CELL_CELL_SIGNALING_INVOLVED_IN_CARDIAC_CONDUCTION,GOBP_CELL_CELL_SIGNALING_INVOLVED_IN_CARDIAC_CONDUCTION,,23,-0.22548491,-1.2990583,0.15992293,0.34694144,1.0,1746,"tags=35%, list=12%, signal=40%",
GOBP_POSITIVE_REGULATION_OF_CHONDROCYTE_DIFFERENTIATION,GOBP_POSITIVE_REGULATION_OF_CHONDROCYTE_DIFFERENTIATION,,22,-0.23056039,-1.2946894,0.14442013,0.352308,1.0,5777,"tags=64%, list=41%, signal=107%",
GOBP_MITOTIC_SISTER_CHROMATID_COHESION,GOBP_MITOTIC_SISTER_CHROMATID_COHESION,,23,-0.22186224,-1.2927186,0.15592515,0.3544774,1.0,11072,"tags=100%, list=78%, signal=451%",
GOBP_REGULATION_OF_DNA_STRAND_ELONGATION,GOBP_REGULATION_OF_DNA_STRAND_ELONGATION,,18,-0.25586143,-1.2914436,0.19094488,0.3557532,1.0,10588,"tags=100%, list=74%, signal=391%",
GOBP_NEGATIVE_REGULATION_OF_CYTOSOLIC_CALCIUM_ION_CONCENTRATION,GOBP_NEGATIVE_REGULATION_OF_CYTOSOLIC_CALCIUM_ION_CONCENTRATION,,18,-0.2529395,-1.2912656,0.1822034,0.35549957,1.0,3519,"tags=50%, list=25%, signal=66%",
GOBP_PURINE_NUCLEOSIDE_DIPHOSPHATE_METABOLIC_PROCESS,GOBP_PURINE_NUCLEOSIDE_DIPHOSPHATE_METABOLIC_PROCESS,,117,-0.10144417,-1.2910782,0.15581854,0.3552802,1.0,1852,"tags=23%, list=13%, signal=26%",
GOBP_REGULATION_OF_ACTIN_FILAMENT_LENGTH,GOBP_REGULATION_OF_ACTIN_FILAMENT_LENGTH,,140,-0.092527404,-1.290817,0.17612524,0.3551438,1.0,3066,"tags=31%, list=22%, signal=39%",
GOBP_CELLULAR_RESPONSE_TO_OXYGEN_RADICAL,GOBP_CELLULAR_RESPONSE_TO_OXYGEN_RADICAL,,22,-0.22882852,-1.2905433,0.16179337,0.35503888,1.0,6448,"tags=68%, list=45%, signal=125%",
GOBP_INTEGRIN_ACTIVATION,GOBP_INTEGRIN_ACTIVATION,,27,-0.2082257,-1.2897817,0.15368852,0.3556227,1.0,4946,"tags=56%, list=35%, signal=85%",
GOBP_B_CELL_RECEPTOR_SIGNALING_PATHWAY,GOBP_B_CELL_RECEPTOR_SIGNALING_PATHWAY,,52,-0.15353128,-1.2893898,0.16460906,0.3556604,1.0,6577,"tags=62%, list=46%, signal=114%",
GOBP_NEGATIVE_REGULATION_OF_LYMPHOCYTE_MEDIATED_IMMUNITY,GOBP_NEGATIVE_REGULATION_OF_LYMPHOCYTE_MEDIATED_IMMUNITY,,56,-0.14471409,-1.2882658,0.17105263,0.35669422,1.0,3284,"tags=38%, list=23%, signal=49%",
GOBP_POSITIVE_REGULATION_OF_LONG_TERM_SYNAPTIC_POTENTIATION,GOBP_POSITIVE_REGULATION_OF_LONG_TERM_SYNAPTIC_POTENTIATION,,26,-0.2092015,-1.2868625,0.15587045,0.3582505,1.0,2501,"tags=38%, list=18%, signal=47%",
GOBP_HEPATOCYTE_DIFFERENTIATION,GOBP_HEPATOCYTE_DIFFERENTIATION,,17,-0.2588169,-1.2851166,0.17364016,0.36009142,1.0,3017,"tags=47%, list=21%, signal=60%",
GOBP_EXCRETION,GOBP_EXCRETION,,31,-0.19329605,-1.2843266,0.1743487,0.3607436,1.0,4598,"tags=52%, list=32%, signal=76%",
GOBP_FIBROBLAST_APOPTOTIC_PROCESS,GOBP_FIBROBLAST_APOPTOTIC_PROCESS,,30,-0.20201771,-1.2837167,0.17221135,0.3610897,1.0,8985,"tags=83%, list=63%, signal=226%",
GOBP_PHENOL_CONTAINING_COMPOUND_METABOLIC_PROCESS,GOBP_PHENOL_CONTAINING_COMPOUND_METABOLIC_PROCESS,,109,-0.10419336,-1.2832677,0.17193677,0.36122304,1.0,3097,"tags=32%, list=22%, signal=41%",
GOBP_POSITIVE_REGULATION_OF_SMALL_MOLECULE_METABOLIC_PROCESS,GOBP_POSITIVE_REGULATION_OF_SMALL_MOLECULE_METABOLIC_PROCESS,,181,-0.08355955,-1.2831064,0.15768462,0.36097416,1.0,2442,"tags=25%, list=17%, signal=30%",
GOBP_REGULATION_OF_MUSCLE_CONTRACTION,GOBP_REGULATION_OF_MUSCLE_CONTRACTION,,151,-0.08944163,-1.2818655,0.16283526,0.362241,1.0,4770,"tags=42%, list=34%, signal=63%",
GOBP_STEROID_CATABOLIC_PROCESS,GOBP_STEROID_CATABOLIC_PROCESS,,21,-0.22561371,-1.2778945,0.18554688,0.36719877,1.0,2892,"tags=43%, list=20%, signal=54%",
GOBP_REGULATION_OF_MITOCHONDRIAL_GENE_EXPRESSION,GOBP_REGULATION_OF_MITOCHONDRIAL_GENE_EXPRESSION,,25,-0.20989294,-1.2777452,0.16532259,0.36690915,1.0,8967,"tags=84%, list=63%, signal=227%",
GOBP_MATURE_B_CELL_DIFFERENTIATION_INVOLVED_IN_IMMUNE_RESPONSE,GOBP_MATURE_B_CELL_DIFFERENTIATION_INVOLVED_IN_IMMUNE_RESPONSE,,33,-0.18848622,-1.2766095,0.16535433,0.36794117,1.0,9824,"tags=88%, list=69%, signal=284%",
GOBP_NEGATIVE_REGULATION_OF_CALCIUM_ION_TRANSMEMBRANE_TRANSPORT,GOBP_NEGATIVE_REGULATION_OF_CALCIUM_ION_TRANSMEMBRANE_TRANSPORT,,43,-0.16793296,-1.2750558,0.17681728,0.36963162,1.0,9526,"tags=84%, list=67%, signal=253%",
GOBP_POSITIVE_REGULATION_OF_DNA_REPLICATION,GOBP_POSITIVE_REGULATION_OF_DNA_REPLICATION,,43,-0.16598594,-1.2749107,0.17058824,0.36934626,1.0,7900,"tags=72%, list=56%, signal=162%",
GOBP_XENOBIOTIC_CATABOLIC_PROCESS,GOBP_XENOBIOTIC_CATABOLIC_PROCESS,,27,-0.20123005,-1.2740661,0.1849711,0.3700776,1.0,5572,"tags=59%, list=39%, signal=97%",
GOBP_POSITIVE_REGULATION_OF_LIPID_CATABOLIC_PROCESS,GOBP_POSITIVE_REGULATION_OF_LIPID_CATABOLIC_PROCESS,,29,-0.19535531,-1.2733228,0.16901408,0.37064657,1.0,9488,"tags=86%, list=67%, signal=258%",
GOBP_FATTY_ACID_BIOSYNTHETIC_PROCESS,GOBP_FATTY_ACID_BIOSYNTHETIC_PROCESS,,159,-0.08721798,-1.2704396,0.17575757,0.37418383,1.0,5572,"tags=48%, list=39%, signal=78%",
GOBP_INTERLEUKIN_17_PRODUCTION,GOBP_INTERLEUKIN_17_PRODUCTION,,44,-0.16155007,-1.268559,0.16269842,0.37641686,1.0,4498,"tags=48%, list=32%, signal=70%",
GOBP_PROTEIN_DEUBIQUITINATION,GOBP_PROTEIN_DEUBIQUITINATION,,82,-0.117306575,-1.2684275,0.19348268,0.37613878,1.0,9962,"tags=82%, list=70%, signal=271%",
GOBP_CELLULAR_RESPONSE_TO_CHEMICAL_STRESS,GOBP_CELLULAR_RESPONSE_TO_CHEMICAL_STRESS,,304,-0.06235083,-1.2657281,0.17097415,0.3794415,1.0,6618,"tags=53%, list=47%, signal=96%",
GOBP_CELLULAR_RESPONSE_TO_CALCIUM_ION,GOBP_CELLULAR_RESPONSE_TO_CALCIUM_ION,,75,-0.12280127,-1.2652224,0.18975332,0.37967223,1.0,6038,"tags=55%, list=42%, signal=95%",
GOBP_NEGATIVE_REGULATION_OF_ACTIN_FILAMENT_POLYMERIZATION,GOBP_NEGATIVE_REGULATION_OF_ACTIN_FILAMENT_POLYMERIZATION,,55,-0.14478076,-1.2646943,0.17695473,0.37994856,1.0,3897,"tags=42%, list=27%, signal=57%",
GOBP_CELLULAR_RESPONSE_TO_FOLLICLE_STIMULATING_HORMONE_STIMULUS,GOBP_CELLULAR_RESPONSE_TO_FOLLICLE_STIMULATING_HORMONE_STIMULUS,,15,-0.26803228,-1.2645642,0.18363273,0.37966546,1.0,5674,"tags=67%, list=40%, signal=111%",
GOBP_REGULATION_OF_MORPHOGENESIS_OF_AN_EPITHELIUM,GOBP_REGULATION_OF_MORPHOGENESIS_OF_AN_EPITHELIUM,,72,-0.1255831,-1.2639357,0.17898832,0.38010857,1.0,3557,"tags=38%, list=25%, signal=50%",
GOBP_LIPOPROTEIN_LOCALIZATION,GOBP_LIPOPROTEIN_LOCALIZATION,,23,-0.21877238,-1.2638187,0.192,0.37978643,1.0,1223,"tags=30%, list=9%, signal=33%",
GOBP_CELLULAR_RESPONSE_TO_LIPOPROTEIN_PARTICLE_STIMULUS,GOBP_CELLULAR_RESPONSE_TO_LIPOPROTEIN_PARTICLE_STIMULUS,,43,-0.16224119,-1.2632,0.17588933,0.38016587,1.0,3323,"tags=40%, list=23%, signal=51%",
GOBP_FATTY_ACID_DERIVATIVE_METABOLIC_PROCESS,GOBP_FATTY_ACID_DERIVATIVE_METABOLIC_PROCESS,,61,-0.13536404,-1.2620071,0.16463415,0.38132983,1.0,2980,"tags=34%, list=21%, signal=43%",
GOBP_REGULATION_OF_MEMBRANE_REPOLARIZATION,GOBP_REGULATION_OF_MEMBRANE_REPOLARIZATION,,34,-0.18032253,-1.2613527,0.17439704,0.38177174,1.0,4135,"tags=47%, list=29%, signal=66%",
GOBP_ACTIN_FILAMENT_BASED_MOVEMENT,GOBP_ACTIN_FILAMENT_BASED_MOVEMENT,,120,-0.09555583,-1.2608212,0.1673913,0.38202152,1.0,4816,"tags=43%, list=34%, signal=65%",
GOBP_REGULATION_OF_LIPID_METABOLIC_PROCESS,GOBP_REGULATION_OF_LIPID_METABOLIC_PROCESS,,339,-0.05974905,-1.2607642,0.17834395,0.38161227,1.0,2989,"tags=27%, list=21%, signal=33%",
GOBP_CYTOPLASMIC_TRANSLATIONAL_INITIATION,GOBP_CYTOPLASMIC_TRANSLATIONAL_INITIATION,,45,-0.1568692,-1.2606682,0.18924303,0.38125637,1.0,8838,"tags=78%, list=62%, signal=205%",
GOBP_PHASIC_SMOOTH_MUSCLE_CONTRACTION,GOBP_PHASIC_SMOOTH_MUSCLE_CONTRACTION,,22,-0.22243242,-1.2593404,0.18039216,0.38270602,1.0,5246,"tags=59%, list=37%, signal=93%",
GOBP_MONOSACCHARIDE_BIOSYNTHETIC_PROCESS,GOBP_MONOSACCHARIDE_BIOSYNTHETIC_PROCESS,,100,-0.10659235,-1.2592367,0.1848249,0.38236272,1.0,4042,"tags=39%, list=28%, signal=54%",
GOBP_ACYLGLYCEROL_HOMEOSTASIS,GOBP_ACYLGLYCEROL_HOMEOSTASIS,,38,-0.171536,-1.2588607,0.18473895,0.38241926,1.0,562,"tags=21%, list=4%, signal=22%",
GOBP_REGULATION_OF_OXIDATIVE_PHOSPHORYLATION,GOBP_REGULATION_OF_OXIDATIVE_PHOSPHORYLATION,,20,-0.23503274,-1.2588314,0.19805825,0.3819751,1.0,6618,"tags=70%, list=47%, signal=131%",
GOBP_MYELOID_LEUKOCYTE_ACTIVATION,GOBP_MYELOID_LEUKOCYTE_ACTIVATION,,246,-0.07143072,-1.258743,0.19057816,0.38161924,1.0,3165,"tags=29%, list=22%, signal=37%",
GOBP_POSITIVE_REGULATION_OF_INTERLEUKIN_13_PRODUCTION,GOBP_POSITIVE_REGULATION_OF_INTERLEUKIN_13_PRODUCTION,,16,-0.2595345,-1.2576848,0.17948718,0.38266104,1.0,2536,"tags=44%, list=18%, signal=53%",
GOBP_PROGESTERONE_METABOLIC_PROCESS,GOBP_PROGESTERONE_METABOLIC_PROCESS,,21,-0.22772638,-1.2561343,0.20408164,0.38439015,1.0,2862,"tags=43%, list=20%, signal=54%",
GOBP_MYELOID_DENDRITIC_CELL_DIFFERENTIATION,GOBP_MYELOID_DENDRITIC_CELL_DIFFERENTIATION,,22,-0.22527511,-1.2538749,0.18036072,0.38715917,1.0,2620,"tags=41%, list=18%, signal=50%",
GOBP_T_CELL_CHEMOTAXIS,GOBP_T_CELL_CHEMOTAXIS,,23,-0.22024535,-1.2534051,0.19685039,0.38737535,1.0,3057,"tags=43%, list=21%, signal=55%",
GOBP_PROTEIN_ACETYLATION,GOBP_PROTEIN_ACETYLATION,,48,-0.14980508,-1.2532055,0.1659836,0.38716778,1.0,11210,"tags=94%, list=79%, signal=441%",
GOBP_PTERIDINE_CONTAINING_COMPOUND_BIOSYNTHETIC_PROCESS,GOBP_PTERIDINE_CONTAINING_COMPOUND_BIOSYNTHETIC_PROCESS,,15,-0.26657283,-1.2531677,0.21030928,0.38672554,1.0,9487,"tags=93%, list=67%, signal=280%",
GOBP_PYRIMIDINE_CONTAINING_COMPOUND_TRANSMEMBRANE_TRANSPORT,GOBP_PYRIMIDINE_CONTAINING_COMPOUND_TRANSMEMBRANE_TRANSPORT,,16,-0.25799015,-1.2530131,0.19421488,0.38644707,1.0,7002,"tags=75%, list=49%, signal=148%",
GOBP_CELL_VOLUME_HOMEOSTASIS,GOBP_CELL_VOLUME_HOMEOSTASIS,,38,-0.17324671,-1.2526466,0.19507186,0.38645405,1.0,7274,"tags=68%, list=51%, signal=140%",
GOBP_TYPE_2_IMMUNE_RESPONSE,GOBP_TYPE_2_IMMUNE_RESPONSE,,44,-0.15810819,-1.2522831,0.18253969,0.38648003,1.0,4870,"tags=50%, list=34%, signal=76%",
GOBP_MITOCHONDRIAL_GENOME_MAINTENANCE,GOBP_MITOCHONDRIAL_GENOME_MAINTENANCE,,32,-0.18410829,-1.2522036,0.19329388,0.3861255,1.0,5388,"tags=56%, list=38%, signal=90%",
GOBP_URETER_DEVELOPMENT,GOBP_URETER_DEVELOPMENT,,19,-0.24022935,-1.251118,0.1754386,0.38717768,1.0,4074,"tags=53%, list=29%, signal=74%",
GOBP_NEGATIVE_REGULATION_OF_CELL_ACTIVATION,GOBP_NEGATIVE_REGULATION_OF_CELL_ACTIVATION,,210,-0.07550223,-1.249956,0.1888668,0.38840064,1.0,3074,"tags=29%, list=22%, signal=37%",
GOBP_BONE_RESORPTION,GOBP_BONE_RESORPTION,,76,-0.123551205,-1.2472903,0.21899225,0.39170614,1.0,8732,"tags=74%, list=61%, signal=190%",
GOBP_PHOSPHATIDYLINOSITOL_PHOSPHATE_BIOSYNTHETIC_PROCESS,GOBP_PHOSPHATIDYLINOSITOL_PHOSPHATE_BIOSYNTHETIC_PROCESS,,43,-0.16182785,-1.2467386,0.19729207,0.39206156,1.0,10274,"tags=88%, list=72%, signal=317%",
GOBP_POSITIVE_REGULATION_OF_MITOTIC_SISTER_CHROMATID_SEPARATION,GOBP_POSITIVE_REGULATION_OF_MITOTIC_SISTER_CHROMATID_SEPARATION,,19,-0.23909533,-1.2467022,0.20440882,0.3916282,1.0,7084,"tags=74%, list=50%, signal=147%",
GOBP_RELAXATION_OF_MUSCLE,GOBP_RELAXATION_OF_MUSCLE,,30,-0.19219221,-1.2465208,0.18882467,0.39142597,1.0,2962,"tags=40%, list=21%, signal=50%",
GOBP_CRISTAE_FORMATION,GOBP_CRISTAE_FORMATION,,17,-0.25696987,-1.2461897,0.20491803,0.39139885,1.0,10572,"tags=100%, list=74%, signal=389%",
GOBP_REGULATION_OF_POTASSIUM_ION_TRANSMEMBRANE_TRANSPORTER_ACTIVITY,GOBP_REGULATION_OF_POTASSIUM_ION_TRANSMEMBRANE_TRANSPORTER_ACTIVITY,,41,-0.16646774,-1.2459093,0.21042085,0.39131442,1.0,3537,"tags=41%, list=25%, signal=55%",
GOBP_CELLULAR_RESPONSE_TO_OSMOTIC_STRESS,GOBP_CELLULAR_RESPONSE_TO_OSMOTIC_STRESS,,55,-0.14464469,-1.244315,0.20292887,0.39310405,1.0,6226,"tags=58%, list=44%, signal=103%",
GOBP_TRIGLYCERIDE_METABOLIC_PROCESS,GOBP_TRIGLYCERIDE_METABOLIC_PROCESS,,111,-0.101015784,-1.2423422,0.21588595,0.3955015,1.0,3316,"tags=33%, list=23%, signal=43%",
GOBP_SYNAPTIC_VESICLE_LUMEN_ACIDIFICATION,GOBP_SYNAPTIC_VESICLE_LUMEN_ACIDIFICATION,,21,-0.2330986,-1.2420729,0.19880715,0.39537445,1.0,10912,"tags=100%, list=77%, signal=429%",
GOBP_FATTY_ACYL_COA_METABOLIC_PROCESS,GOBP_FATTY_ACYL_COA_METABOLIC_PROCESS,,26,-0.20240876,-1.2420214,0.19315895,0.39497557,1.0,8614,"tags=81%, list=61%, signal=204%",
GOBP_POSITIVE_REGULATION_OF_ERYTHROCYTE_DIFFERENTIATION,GOBP_POSITIVE_REGULATION_OF_ERYTHROCYTE_DIFFERENTIATION,,28,-0.19771063,-1.2411706,0.21104537,0.39573827,1.0,10908,"tags=96%, list=77%, signal=413%",
GOBP_THYROID_HORMONE_METABOLIC_PROCESS,GOBP_THYROID_HORMONE_METABOLIC_PROCESS,,32,-0.18561473,-1.2411449,0.22529644,0.39529434,1.0,3589,"tags=44%, list=25%, signal=58%",
GOBP_KERATINOCYTE_MIGRATION,GOBP_KERATINOCYTE_MIGRATION,,20,-0.23356806,-1.241094,0.21845575,0.39489505,1.0,9483,"tags=90%, list=67%, signal=270%",
GOBP_REGULATION_OF_POTASSIUM_ION_TRANSPORT,GOBP_REGULATION_OF_POTASSIUM_ION_TRANSPORT,,91,-0.11125728,-1.2405673,0.19726562,0.39519373,1.0,3586,"tags=36%, list=25%, signal=48%",
GOBP_FLUID_TRANSPORT,GOBP_FLUID_TRANSPORT,,34,-0.18052985,-1.239867,0.2004008,0.39572605,1.0,2459,"tags=35%, list=17%, signal=43%",
GOBP_NERVOUS_SYSTEM_PROCESS_INVOLVED_IN_REGULATION_OF_SYSTEMIC_ARTERIAL_BLOOD_PRESSURE,GOBP_NERVOUS_SYSTEM_PROCESS_INVOLVED_IN_REGULATION_OF_SYSTEMIC_ARTERIAL_BLOOD_PRESSURE,,17,-0.2524517,-1.2398058,0.19038077,0.3953411,1.0,5617,"tags=65%, list=39%, signal=107%",
GOBP_POSITIVE_REGULATION_OF_AUTOPHAGOSOME_ASSEMBLY,GOBP_POSITIVE_REGULATION_OF_AUTOPHAGOSOME_ASSEMBLY,,18,-0.24471746,-1.2392079,0.19029126,0.3957094,1.0,6796,"tags=72%, list=48%, signal=138%",
GOBP_REGULATION_OF_PROTON_TRANSPORT,GOBP_REGULATION_OF_PROTON_TRANSPORT,,15,-0.2590971,-1.2385966,0.214,0.39610496,1.0,6749,"tags=73%, list=47%, signal=139%",
GOBP_POSITIVE_REGULATION_OF_CHROMOSOME_ORGANIZATION,GOBP_POSITIVE_REGULATION_OF_CHROMOSOME_ORGANIZATION,,100,-0.10545359,-1.2384106,0.1934236,0.3959207,1.0,11453,"tags=91%, list=81%, signal=464%",
GOBP_STEROL_BIOSYNTHETIC_PROCESS,GOBP_STEROL_BIOSYNTHETIC_PROCESS,,63,-0.1320662,-1.2352374,0.19253439,0.39999658,1.0,3323,"tags=37%, list=23%, signal=47%",
GOBP_REGULATION_OF_T_CELL_CYTOKINE_PRODUCTION,GOBP_REGULATION_OF_T_CELL_CYTOKINE_PRODUCTION,,33,-0.18501765,-1.2347772,0.217119,0.40016976,1.0,4271,"tags=48%, list=30%, signal=69%",
GOBP_SPINDLE_CHECKPOINT_SIGNALING,GOBP_SPINDLE_CHECKPOINT_SIGNALING,,49,-0.14929841,-1.234312,0.19318181,0.4003275,1.0,8043,"tags=71%, list=57%, signal=164%",
GOBP_INTRACELLULAR_MONOATOMIC_ANION_HOMEOSTASIS,GOBP_INTRACELLULAR_MONOATOMIC_ANION_HOMEOSTASIS,,17,-0.2449103,-1.2331196,0.23481782,0.40156284,1.0,2378,"tags=41%, list=17%, signal=49%",
GOBP_INTERFERON_BETA_PRODUCTION,GOBP_INTERFERON_BETA_PRODUCTION,,66,-0.13110796,-1.2316256,0.2,0.40326774,1.0,9996,"tags=83%, list=70%, signal=279%",
GOBP_SPERM_CAPACITATION,GOBP_SPERM_CAPACITATION,,19,-0.23565625,-1.2302253,0.21764706,0.4048301,1.0,2642,"tags=42%, list=19%, signal=52%",
GOBP_NUCLEOSOME_ASSEMBLY,GOBP_NUCLEOSOME_ASSEMBLY,,44,-0.1577475,-1.2294357,0.21653543,0.40550497,1.0,11016,"tags=93%, list=77%, signal=412%",
GOBP_POSITIVE_REGULATION_OF_PRODUCTION_OF_MOLECULAR_MEDIATOR_OF_IMMUNE_RESPONSE,GOBP_POSITIVE_REGULATION_OF_PRODUCTION_OF_MOLECULAR_MEDIATOR_OF_IMMUNE_RESPONSE,,126,-0.09473803,-1.2288342,0.2,0.40596202,1.0,3406,"tags=33%, list=24%, signal=43%",
GOBP_REGULATION_OF_VIRAL_ENTRY_INTO_HOST_CELL,GOBP_REGULATION_OF_VIRAL_ENTRY_INTO_HOST_CELL,,20,-0.22580452,-1.2283825,0.22309197,0.4060992,1.0,6038,"tags=65%, list=42%, signal=113%",
GOBP_ACROSOME_ASSEMBLY,GOBP_ACROSOME_ASSEMBLY,,26,-0.20325142,-1.2282426,0.22267206,0.40581194,1.0,9149,"tags=85%, list=64%, signal=237%",
GOBP_POSITIVE_REGULATION_OF_ACTIN_FILAMENT_POLYMERIZATION,GOBP_POSITIVE_REGULATION_OF_ACTIN_FILAMENT_POLYMERIZATION,,47,-0.15048985,-1.2268667,0.22340426,0.4073543,1.0,2104,"tags=30%, list=15%, signal=35%",
GOBP_POSITIVE_REGULATION_OF_TELOMERE_MAINTENANCE,GOBP_POSITIVE_REGULATION_OF_TELOMERE_MAINTENANCE,,74,-0.11922019,-1.226323,0.2193676,0.40760767,1.0,7731,"tags=66%, list=54%, signal=144%",
GOBP_T_HELPER_2_CELL_DIFFERENTIATION,GOBP_T_HELPER_2_CELL_DIFFERENTIATION,,20,-0.22889584,-1.2246975,0.20080322,0.40953955,1.0,4572,"tags=55%, list=32%, signal=81%",
GOBP_NEGATIVE_REGULATION_OF_STEM_CELL_POPULATION_MAINTENANCE,GOBP_NEGATIVE_REGULATION_OF_STEM_CELL_POPULATION_MAINTENANCE,,24,-0.21143551,-1.2238237,0.2306163,0.41033256,1.0,7665,"tags=75%, list=54%, signal=162%",
GOBP_CONSTITUTIVE_HETEROCHROMATIN_FORMATION,GOBP_CONSTITUTIVE_HETEROCHROMATIN_FORMATION,,43,-0.15614595,-1.2237054,0.22132796,0.41004857,1.0,11016,"tags=93%, list=77%, signal=412%",
GOBP_PEPTIDE_BIOSYNTHETIC_PROCESS,GOBP_PEPTIDE_BIOSYNTHETIC_PROCESS,,24,-0.211098,-1.223433,0.20523138,0.40997994,1.0,3522,"tags=46%, list=25%, signal=61%",
GOBP_NEUROTRANSMITTER_UPTAKE,GOBP_NEUROTRANSMITTER_UPTAKE,,34,-0.1776295,-1.2233242,0.21357286,0.40964487,1.0,5428,"tags=56%, list=38%, signal=90%",
GOBP_POLYSACCHARIDE_CATABOLIC_PROCESS,GOBP_POLYSACCHARIDE_CATABOLIC_PROCESS,,36,-0.1698527,-1.2220975,0.21357286,0.41088533,1.0,2727,"tags=36%, list=19%, signal=45%",
GOBP_EPITHELIAL_STRUCTURE_MAINTENANCE,GOBP_EPITHELIAL_STRUCTURE_MAINTENANCE,,31,-0.18378457,-1.2195663,0.22370937,0.41417882,1.0,2898,"tags=39%, list=20%, signal=49%",
GOBP_POSITIVE_REGULATION_OF_VACUOLE_ORGANIZATION,GOBP_POSITIVE_REGULATION_OF_VACUOLE_ORGANIZATION,,25,-0.20254159,-1.219456,0.2112676,0.41386187,1.0,6796,"tags=68%, list=48%, signal=130%",
GOBP_REGULATION_OF_FATTY_ACID_BETA_OXIDATION,GOBP_REGULATION_OF_FATTY_ACID_BETA_OXIDATION,,20,-0.23102951,-1.2181839,0.22954091,0.41523322,1.0,8808,"tags=85%, list=62%, signal=223%",
GOBP_POSITIVE_REGULATION_OF_KERATINOCYTE_PROLIFERATION,GOBP_POSITIVE_REGULATION_OF_KERATINOCYTE_PROLIFERATION,,16,-0.24989443,-1.2173618,0.22680412,0.41594976,1.0,7117,"tags=75%, list=50%, signal=150%",
GOBP_VASOCONSTRICTION,GOBP_VASOCONSTRICTION,,101,-0.105131425,-1.2165548,0.21314742,0.41673175,1.0,2459,"tags=28%, list=17%, signal=33%",
GOBP_REGULATION_OF_RYANODINE_SENSITIVE_CALCIUM_RELEASE_CHANNEL_ACTIVITY,GOBP_REGULATION_OF_RYANODINE_SENSITIVE_CALCIUM_RELEASE_CHANNEL_ACTIVITY,,15,-0.26181427,-1.2158486,0.20491803,0.4173238,1.0,1022,"tags=33%, list=7%, signal=36%",
GOBP_NEGATIVE_REGULATION_OF_MEMBRANE_POTENTIAL,GOBP_NEGATIVE_REGULATION_OF_MEMBRANE_POTENTIAL,,16,-0.2509504,-1.2153838,0.2185567,0.41752037,1.0,7102,"tags=75%, list=50%, signal=150%",
GOBP_POSITIVE_REGULATION_OF_ALPHA_BETA_T_CELL_ACTIVATION,GOBP_POSITIVE_REGULATION_OF_ALPHA_BETA_T_CELL_ACTIVATION,,74,-0.12292931,-1.2150636,0.22529644,0.4175159,1.0,7102,"tags=62%, list=50%, signal=124%",
GOBP_MEMBRANE_REPOLARIZATION_DURING_ACTION_POTENTIAL,GOBP_MEMBRANE_REPOLARIZATION_DURING_ACTION_POTENTIAL,,21,-0.22442994,-1.2138047,0.23359074,0.41886848,1.0,3586,"tags=48%, list=25%, signal=64%",
GOBP_PROTEIN_TARGETING,GOBP_PROTEIN_TARGETING,,259,-0.06473695,-1.2137377,0.21020408,0.41847724,1.0,9255,"tags=71%, list=65%, signal=201%",
GOBP_REGULATION_OF_BONE_REMODELING,GOBP_REGULATION_OF_BONE_REMODELING,,58,-0.13574834,-1.2135292,0.2104247,0.41827923,1.0,2737,"tags=33%, list=19%, signal=40%",
GOBP_DNA_STRAND_ELONGATION,GOBP_DNA_STRAND_ELONGATION,,35,-0.17348088,-1.2126079,0.22088353,0.41911986,1.0,11761,"tags=100%, list=83%, signal=577%",
GOBP_MATURATION_OF_SSU_RRNA_FROM_TRICISTRONIC_RRNA_TRANSCRIPT_SSU_RRNA_5_8S_RRNA_LSU_RRNA,GOBP_MATURATION_OF_SSU_RRNA_FROM_TRICISTRONIC_RRNA_TRANSCRIPT_SSU_RRNA_5_8S_RRNA_LSU_RRNA,,29,-0.18589637,-1.2124404,0.2128514,0.41886523,1.0,10603,"tags=93%, list=75%, signal=365%",
GOBP_PIGMENT_CELL_DIFFERENTIATION,GOBP_PIGMENT_CELL_DIFFERENTIATION,,32,-0.18054259,-1.2124355,0.23217922,0.4183801,1.0,5883,"tags=59%, list=41%, signal=101%",
GOBP_PYRIMIDINE_RIBONUCLEOSIDE_MONOPHOSPHATE_METABOLIC_PROCESS,GOBP_PYRIMIDINE_RIBONUCLEOSIDE_MONOPHOSPHATE_METABOLIC_PROCESS,,16,-0.24996482,-1.2118757,0.21104537,0.41867158,1.0,7116,"tags=75%, list=50%, signal=150%",
GOBP_REGULATION_OF_CARDIAC_MUSCLE_CELL_MEMBRANE_REPOLARIZATION,GOBP_REGULATION_OF_CARDIAC_MUSCLE_CELL_MEMBRANE_REPOLARIZATION,,25,-0.20513387,-1.2115871,0.23168316,0.41857746,1.0,3915,"tags=48%, list=28%, signal=66%",
GOBP_POSITIVE_REGULATION_OF_SODIUM_ION_TRANSPORT,GOBP_POSITIVE_REGULATION_OF_SODIUM_ION_TRANSPORT,,42,-0.15568794,-1.2108045,0.22440945,0.4192453,1.0,4904,"tags=50%, list=34%, signal=76%",
GOBP_NEGATIVE_REGULATION_OF_INTERLEUKIN_17_PRODUCTION,GOBP_NEGATIVE_REGULATION_OF_INTERLEUKIN_17_PRODUCTION,,17,-0.24758975,-1.2088237,0.21361059,0.4217701,1.0,4013,"tags=53%, list=28%, signal=74%",
GOBP_PEPTIDE_CATABOLIC_PROCESS,GOBP_PEPTIDE_CATABOLIC_PROCESS,,16,-0.24671333,-1.2082769,0.23984526,0.42209703,1.0,8051,"tags=81%, list=57%, signal=187%",
GOBP_POSITIVE_REGULATION_OF_ADAPTIVE_IMMUNE_RESPONSE,GOBP_POSITIVE_REGULATION_OF_ADAPTIVE_IMMUNE_RESPONSE,,132,-0.08787911,-1.2080138,0.23373984,0.4219866,1.0,3180,"tags=31%, list=22%, signal=40%",
GOBP_VIRAL_TRANSLATION,GOBP_VIRAL_TRANSLATION,,20,-0.22708611,-1.2077835,0.23518164,0.42182037,1.0,8864,"tags=85%, list=62%, signal=225%",
GOBP_POSITIVE_REGULATION_OF_T_CELL_APOPTOTIC_PROCESS,GOBP_POSITIVE_REGULATION_OF_T_CELL_APOPTOTIC_PROCESS,,18,-0.23561922,-1.2074813,0.23780487,0.42176998,1.0,3765,"tags=50%, list=26%, signal=68%",
GOBP_POSITIVE_REGULATION_OF_LYMPHOCYTE_APOPTOTIC_PROCESS,GOBP_POSITIVE_REGULATION_OF_LYMPHOCYTE_APOPTOTIC_PROCESS,,23,-0.21392787,-1.2072011,0.2389937,0.42169756,1.0,3765,"tags=48%, list=26%, signal=65%",
GOBP_REGULATION_OF_SULFUR_METABOLIC_PROCESS,GOBP_REGULATION_OF_SULFUR_METABOLIC_PROCESS,,17,-0.24350639,-1.2061266,0.22264151,0.4228715,1.0,4071,"tags=53%, list=29%, signal=74%",
GOBP_MAST_CELL_ACTIVATION,GOBP_MAST_CELL_ACTIVATION,,74,-0.11858019,-1.2031409,0.23404256,0.4268883,1.0,6587,"tags=58%, list=46%, signal=108%",
GOBP_GLYCINE_TRANSPORT,GOBP_GLYCINE_TRANSPORT,,16,-0.25120118,-1.2014611,0.22420634,0.42890662,1.0,4432,"tags=56%, list=31%, signal=82%",
GOBP_POSITIVE_REGULATION_OF_T_HELPER_1_TYPE_IMMUNE_RESPONSE,GOBP_POSITIVE_REGULATION_OF_T_HELPER_1_TYPE_IMMUNE_RESPONSE,,18,-0.23505205,-1.2011441,0.23353294,0.42887196,1.0,2983,"tags=44%, list=21%, signal=56%",
GOBP_NUCLEOSIDE_DIPHOSPHATE_METABOLIC_PROCESS,GOBP_NUCLEOSIDE_DIPHOSPHATE_METABOLIC_PROCESS,,133,-0.08871514,-1.2008344,0.23493975,0.42884964,1.0,1852,"tags=22%, list=13%, signal=25%",
GOBP_REGULATION_OF_STRIATED_MUSCLE_CONTRACTION,GOBP_REGULATION_OF_STRIATED_MUSCLE_CONTRACTION,,81,-0.11328247,-1.199996,0.23586744,0.42959908,1.0,506,"tags=15%, list=4%, signal=15%",
GOBP_MITOCHONDRIAL_DNA_METABOLIC_PROCESS,GOBP_MITOCHONDRIAL_DNA_METABOLIC_PROCESS,,22,-0.21651651,-1.1999062,0.22851562,0.42925084,1.0,5330,"tags=59%, list=37%, signal=94%",
GOBP_REGULATION_OF_T_CELL_MIGRATION,GOBP_REGULATION_OF_T_CELL_MIGRATION,,48,-0.14780743,-1.1999052,0.23809524,0.42876333,1.0,3239,"tags=38%, list=23%, signal=48%",
GOBP_REGULATION_OF_HUMORAL_IMMUNE_RESPONSE,GOBP_REGULATION_OF_HUMORAL_IMMUNE_RESPONSE,,39,-0.16196406,-1.1989195,0.24105461,0.42977297,1.0,2809,"tags=36%, list=20%, signal=45%",
GOBP_POSITIVE_REGULATION_OF_HUMORAL_IMMUNE_RESPONSE,GOBP_POSITIVE_REGULATION_OF_HUMORAL_IMMUNE_RESPONSE,,16,-0.25129798,-1.197428,0.24901186,0.4315215,1.0,2653,"tags=44%, list=19%, signal=54%",
GOBP_IMMUNE_RESPONSE_REGULATING_SIGNALING_PATHWAY,GOBP_IMMUNE_RESPONSE_REGULATING_SIGNALING_PATHWAY,,467,-0.048086446,-1.1970674,0.20987654,0.4315738,1.0,3207,"tags=27%, list=23%, signal=34%",
GOBP_REGULATION_OF_UBIQUITIN_PROTEIN_LIGASE_ACTIVITY,GOBP_REGULATION_OF_UBIQUITIN_PROTEIN_LIGASE_ACTIVITY,,19,-0.22752544,-1.1969916,0.22637795,0.43120152,1.0,2009,"tags=37%, list=14%, signal=43%",
GOBP_HISTONE_MRNA_METABOLIC_PROCESS,GOBP_HISTONE_MRNA_METABOLIC_PROCESS,,20,-0.2199141,-1.1968364,0.23170732,0.43096545,1.0,11099,"tags=100%, list=78%, signal=455%",
GOBP_REGULATION_OF_MEMBRANE_DEPOLARIZATION,GOBP_REGULATION_OF_MEMBRANE_DEPOLARIZATION,,53,-0.140741,-1.1966041,0.226,0.4308493,1.0,4715,"tags=47%, list=33%, signal=70%",
GOBP_T_CELL_MIGRATION,GOBP_T_CELL_MIGRATION,,65,-0.12673394,-1.1958805,0.2200393,0.43146485,1.0,3239,"tags=35%, list=23%, signal=46%",
GOBP_CORONARY_VASCULATURE_MORPHOGENESIS,GOBP_CORONARY_VASCULATURE_MORPHOGENESIS,,31,-0.18399598,-1.195692,0.2244489,0.43123153,1.0,2895,"tags=39%, list=20%, signal=48%",
GOBP_NEGATIVE_REGULATION_OF_CYTOKINE_PRODUCTION,GOBP_NEGATIVE_REGULATION_OF_CYTOKINE_PRODUCTION,,282,-0.06155651,-1.1941539,0.25,0.4330849,1.0,2673,"tags=25%, list=19%, signal=30%",
GOBP_MAST_CELL_ACTIVATION_INVOLVED_IN_IMMUNE_RESPONSE,GOBP_MAST_CELL_ACTIVATION_INVOLVED_IN_IMMUNE_RESPONSE,,53,-0.14123508,-1.1928161,0.25296444,0.4347061,1.0,4708,"tags=47%, list=33%, signal=70%",
GOBP_REGULATION_OF_T_CELL_CHEMOTAXIS,GOBP_REGULATION_OF_T_CELL_CHEMOTAXIS,,15,-0.2572481,-1.1923493,0.25941423,0.43491474,1.0,2983,"tags=47%, list=21%, signal=59%",
GOBP_PHOSPHATIDYLINOSITOL_MEDIATED_SIGNALING,GOBP_PHOSPHATIDYLINOSITOL_MEDIATED_SIGNALING,,22,-0.2103477,-1.1920303,0.22690763,0.43491316,1.0,6064,"tags=64%, list=43%, signal=111%",
GOBP_CATECHOL_CONTAINING_COMPOUND_BIOSYNTHETIC_PROCESS,GOBP_CATECHOL_CONTAINING_COMPOUND_BIOSYNTHETIC_PROCESS,,22,-0.21413477,-1.191166,0.22560975,0.43579626,1.0,4071,"tags=50%, list=29%, signal=70%",
GOBP_DNA_METHYLATION_DEPENDENT_CONSTITUTIVE_HETEROCHROMATIN_FORMATION,GOBP_DNA_METHYLATION_DEPENDENT_CONSTITUTIVE_HETEROCHROMATIN_FORMATION,,28,-0.18611537,-1.1909844,0.25604838,0.43556973,1.0,9041,"tags=82%, list=64%, signal=225%",
GOBP_NEGATIVE_REGULATION_OF_TRANSLATIONAL_INITIATION,GOBP_NEGATIVE_REGULATION_OF_TRANSLATIONAL_INITIATION,,18,-0.23036604,-1.1893659,0.23076923,0.43753973,1.0,9370,"tags=89%, list=66%, signal=260%",
GOBP_RESPONSE_TO_ESTRADIOL,GOBP_RESPONSE_TO_ESTRADIOL,,108,-0.09837267,-1.1873105,0.24703558,0.440192,1.0,3353,"tags=33%, list=24%, signal=43%",
GOBP_POSITIVE_REGULATION_OF_CALCIUM_ION_IMPORT,GOBP_POSITIVE_REGULATION_OF_CALCIUM_ION_IMPORT,,26,-0.1915138,-1.1845374,0.24646464,0.44400254,1.0,3846,"tags=46%, list=27%, signal=63%",
GOBP_REGULATION_OF_MYOTUBE_DIFFERENTIATION,GOBP_REGULATION_OF_MYOTUBE_DIFFERENTIATION,,41,-0.15613027,-1.1843841,0.24131274,0.44373095,1.0,5071,"tags=51%, list=36%, signal=79%",
GOBP_POSITIVE_REGULATION_OF_CELL_ADHESION_MEDIATED_BY_INTEGRIN,GOBP_POSITIVE_REGULATION_OF_CELL_ADHESION_MEDIATED_BY_INTEGRIN,,20,-0.22262163,-1.1841958,0.24615385,0.4435312,1.0,3239,"tags=45%, list=23%, signal=58%",
GOBP_REGULATION_OF_ALPHA_BETA_T_CELL_DIFFERENTIATION,GOBP_REGULATION_OF_ALPHA_BETA_T_CELL_DIFFERENTIATION,,78,-0.11434851,-1.1826133,0.23552895,0.44542268,1.0,9323,"tags=77%, list=66%, signal=222%",
GOBP_MEMBRANE_REPOLARIZATION_DURING_CARDIAC_MUSCLE_CELL_ACTION_POTENTIAL,GOBP_MEMBRANE_REPOLARIZATION_DURING_CARDIAC_MUSCLE_CELL_ACTION_POTENTIAL,,16,-0.24818727,-1.1815917,0.2413793,0.44653934,1.0,3586,"tags=50%, list=25%, signal=67%",
GOBP_REGULATION_OF_CELL_MATURATION,GOBP_REGULATION_OF_CELL_MATURATION,,26,-0.1910857,-1.1812971,0.23941068,0.44648683,1.0,4946,"tags=54%, list=35%, signal=82%",
GOBP_POSITIVE_REGULATION_OF_FATTY_ACID_OXIDATION,GOBP_POSITIVE_REGULATION_OF_FATTY_ACID_OXIDATION,,20,-0.22335047,-1.1805315,0.24852072,0.44716644,1.0,8206,"tags=80%, list=58%, signal=189%",
GOBP_NEGATIVE_REGULATION_OF_MRNA_METABOLIC_PROCESS,GOBP_NEGATIVE_REGULATION_OF_MRNA_METABOLIC_PROCESS,,87,-0.10858387,-1.1803124,0.24067163,0.44700295,1.0,9745,"tags=79%, list=69%, signal=250%",
GOBP_RESPONSE_TO_ACTIVITY,GOBP_RESPONSE_TO_ACTIVITY,,77,-0.1116439,-1.1800137,0.25447315,0.4469649,1.0,4886,"tags=45%, list=34%, signal=69%",
GOBP_DENDRITIC_CELL_DIFFERENTIATION,GOBP_DENDRITIC_CELL_DIFFERENTIATION,,46,-0.14578024,-1.1798536,0.2632653,0.44671142,1.0,2881,"tags=35%, list=20%, signal=43%",
GOBP_POSITIVE_REGULATION_OF_CYTOKINE_PRODUCTION,GOBP_POSITIVE_REGULATION_OF_CYTOKINE_PRODUCTION,,468,-0.04776826,-1.1791905,0.25103736,0.44725522,1.0,3112,"tags=26%, list=22%, signal=33%",
GOBP_GLYCEROL_METABOLIC_PROCESS,GOBP_GLYCEROL_METABOLIC_PROCESS,,16,-0.24492697,-1.1791587,0.24371374,0.44680166,1.0,9854,"tags=94%, list=69%, signal=305%",
GOBP_VENTRICULAR_CARDIAC_MUSCLE_CELL_DIFFERENTIATION,GOBP_VENTRICULAR_CARDIAC_MUSCLE_CELL_DIFFERENTIATION,,17,-0.23752217,-1.1784763,0.23837209,0.44735906,1.0,4156,"tags=53%, list=29%, signal=75%",
GOBP_NONRIBOSOMAL_PEPTIDE_BIOSYNTHETIC_PROCESS,GOBP_NONRIBOSOMAL_PEPTIDE_BIOSYNTHETIC_PROCESS,,16,-0.24365543,-1.1770426,0.2781065,0.44916147,1.0,5428,"tags=63%, list=38%, signal=101%",
GOBP_AUTOPHAGY_OF_MITOCHONDRION,GOBP_AUTOPHAGY_OF_MITOCHONDRION,,90,-0.10753976,-1.1765757,0.2515213,0.44935358,1.0,7646,"tags=64%, list=54%, signal=139%",
GOBP_POSITIVE_REGULATION_OF_MUSCLE_CONTRACTION,GOBP_POSITIVE_REGULATION_OF_MUSCLE_CONTRACTION,,50,-0.14174445,-1.1753078,0.27967808,0.45085534,1.0,4534,"tags=46%, list=32%, signal=67%",
GOBP_ACTIN_NUCLEATION,GOBP_ACTIN_NUCLEATION,,46,-0.14845029,-1.1752149,0.27148438,0.45050064,1.0,2534,"tags=33%, list=18%, signal=40%",
GOBP_ATTACHMENT_OF_MITOTIC_SPINDLE_MICROTUBULES_TO_KINETOCHORE,GOBP_ATTACHMENT_OF_MITOTIC_SPINDLE_MICROTUBULES_TO_KINETOCHORE,,21,-0.21166332,-1.1750497,0.25101215,0.45029426,1.0,9862,"tags=90%, list=69%, signal=295%",
GOBP_MYELOID_CELL_DEVELOPMENT,GOBP_MYELOID_CELL_DEVELOPMENT,,89,-0.10650306,-1.1727304,0.25384617,0.45345542,1.0,4408,"tags=42%, list=31%, signal=60%",
GOBP_REGULATION_OF_T_HELPER_17_TYPE_IMMUNE_RESPONSE,GOBP_REGULATION_OF_T_HELPER_17_TYPE_IMMUNE_RESPONSE,,38,-0.16070946,-1.1725175,0.23391813,0.45330453,1.0,9323,"tags=82%, list=66%, signal=236%",
GOBP_POSITIVE_REGULATION_OF_CALCIUM_ION_TRANSMEMBRANE_TRANSPORT,GOBP_POSITIVE_REGULATION_OF_CALCIUM_ION_TRANSMEMBRANE_TRANSPORT,,85,-0.10982639,-1.1723721,0.24539877,0.4530278,1.0,1460,"tags=21%, list=10%, signal=23%",
GOBP_DETECTION_OF_EXTERNAL_BIOTIC_STIMULUS,GOBP_DETECTION_OF_EXTERNAL_BIOTIC_STIMULUS,,27,-0.19060479,-1.1719123,0.26907632,0.45322132,1.0,3616,"tags=44%, list=25%, signal=59%",
GOBP_SNRNA_PROCESSING,GOBP_SNRNA_PROCESSING,,29,-0.18380922,-1.1706774,0.26574802,0.454579,1.0,11123,"tags=97%, list=78%, signal=442%",
GOBP_REGULATION_OF_LIPID_BIOSYNTHETIC_PROCESS,GOBP_REGULATION_OF_LIPID_BIOSYNTHETIC_PROCESS,,205,-0.07076647,-1.1705875,0.23874755,0.45424077,1.0,1229,"tags=16%, list=9%, signal=17%",
GOBP_LIPID_HOMEOSTASIS,GOBP_LIPID_HOMEOSTASIS,,164,-0.0773246,-1.1705014,0.25887266,0.45388424,1.0,3770,"tags=34%, list=27%, signal=46%",
GOBP_POSITIVE_REGULATION_OF_NITRIC_OXIDE_METABOLIC_PROCESS,GOBP_POSITIVE_REGULATION_OF_NITRIC_OXIDE_METABOLIC_PROCESS,,51,-0.13625304,-1.1687603,0.25148514,0.4561162,1.0,3926,"tags=41%, list=28%, signal=57%",
GOBP_REGULATION_OF_GLUCOSE_METABOLIC_PROCESS,GOBP_REGULATION_OF_GLUCOSE_METABOLIC_PROCESS,,110,-0.095358245,-1.1684858,0.24557957,0.45604202,1.0,7188,"tags=60%, list=51%, signal=120%",
GOBP_REGULATION_OF_TRANSLATIONAL_INITIATION,GOBP_REGULATION_OF_TRANSLATIONAL_INITIATION,,66,-0.12030333,-1.1666675,0.25396827,0.45836017,1.0,9718,"tags=80%, list=68%, signal=252%",
GOBP_VERY_LONG_CHAIN_FATTY_ACID_METABOLIC_PROCESS,GOBP_VERY_LONG_CHAIN_FATTY_ACID_METABOLIC_PROCESS,,29,-0.17952316,-1.1657991,0.27005872,0.4592567,1.0,2357,"tags=34%, list=17%, signal=41%",
GOBP_MRNA_CIS_SPLICING_VIA_SPLICEOSOME,GOBP_MRNA_CIS_SPLICING_VIA_SPLICEOSOME,,26,-0.19218306,-1.165793,0.2656904,0.45876947,1.0,10947,"tags=96%, list=77%, signal=417%",
GOBP_REGULATION_OF_TRIGLYCERIDE_METABOLIC_PROCESS,GOBP_REGULATION_OF_TRIGLYCERIDE_METABOLIC_PROCESS,,51,-0.13910912,-1.1652784,0.2407767,0.45910254,1.0,3049,"tags=35%, list=21%, signal=45%",
GOBP_XENOBIOTIC_TRANSPORT,GOBP_XENOBIOTIC_TRANSPORT,,45,-0.14562014,-1.1649915,0.25651303,0.4590946,1.0,2361,"tags=31%, list=17%, signal=37%",
GOBP_CELLULAR_RESPONSE_TO_RETINOIC_ACID,GOBP_CELLULAR_RESPONSE_TO_RETINOIC_ACID,,51,-0.13969998,-1.1649777,0.2578125,0.4586137,1.0,4156,"tags=43%, list=29%, signal=61%",
GOBP_REGULATION_OF_T_HELPER_17_CELL_DIFFERENTIATION,GOBP_REGULATION_OF_T_HELPER_17_CELL_DIFFERENTIATION,,26,-0.19099358,-1.1644356,0.26120856,0.458975,1.0,9323,"tags=85%, list=66%, signal=245%",
GOBP_NEGATIVE_REGULATION_OF_MUSCLE_HYPERTROPHY,GOBP_NEGATIVE_REGULATION_OF_MUSCLE_HYPERTROPHY,,36,-0.16627891,-1.1641302,0.25714287,0.4589594,1.0,7123,"tags=67%, list=50%, signal=133%",
GOBP_PROXIMAL_DISTAL_PATTERN_FORMATION,GOBP_PROXIMAL_DISTAL_PATTERN_FORMATION,,31,-0.17848097,-1.1638023,0.26180258,0.45896378,1.0,3432,"tags=42%, list=24%, signal=55%",
GOBP_ERYTHROCYTE_DEVELOPMENT,GOBP_ERYTHROCYTE_DEVELOPMENT,,42,-0.15108526,-1.1636449,0.2644628,0.4586992,1.0,9371,"tags=81%, list=66%, signal=237%",
GOBP_RETINOIC_ACID_METABOLIC_PROCESS,GOBP_RETINOIC_ACID_METABOLIC_PROCESS,,28,-0.18737352,-1.1632181,0.26061776,0.45891207,1.0,4960,"tags=54%, list=35%, signal=82%",
GOBP_SULFUR_COMPOUND_TRANSPORT,GOBP_SULFUR_COMPOUND_TRANSPORT,,62,-0.12483682,-1.1631403,0.2664016,0.45853433,1.0,1674,"tags=24%, list=12%, signal=27%",
GOBP_REGULATION_OF_DEFENSE_RESPONSE_TO_VIRUS,GOBP_REGULATION_OF_DEFENSE_RESPONSE_TO_VIRUS,,61,-0.12945496,-1.1627176,0.26336634,0.45869583,1.0,10757,"tags=89%, list=76%, signal=362%",
GOBP_REGULATION_OF_DOUBLE_STRAND_BREAK_REPAIR_VIA_NONHOMOLOGOUS_END_JOINING,GOBP_REGULATION_OF_DOUBLE_STRAND_BREAK_REPAIR_VIA_NONHOMOLOGOUS_END_JOINING,,22,-0.20407006,-1.1617669,0.2857143,0.45974877,1.0,10678,"tags=95%, list=75%, signal=383%",
GOBP_CHEMOSENSORY_BEHAVIOR,GOBP_CHEMOSENSORY_BEHAVIOR,,18,-0.23124221,-1.1609825,0.2836439,0.46049166,1.0,1457,"tags=33%, list=10%, signal=37%",
GOBP_MRNA_MODIFICATION,GOBP_MRNA_MODIFICATION,,22,-0.20656063,-1.1603954,0.26974952,0.46088383,1.0,8057,"tags=77%, list=57%, signal=178%",
GOBP_NUCLEOLAR_LARGE_RRNA_TRANSCRIPTION_BY_RNA_POLYMERASE_I,GOBP_NUCLEOLAR_LARGE_RRNA_TRANSCRIPTION_BY_RNA_POLYMERASE_I,,21,-0.20569418,-1.1602789,0.24950884,0.4605834,1.0,7238,"tags=71%, list=51%, signal=145%",
GOBP_POSITIVE_REGULATION_OF_MYELOID_LEUKOCYTE_DIFFERENTIATION,GOBP_POSITIVE_REGULATION_OF_MYELOID_LEUKOCYTE_DIFFERENTIATION,,68,-0.12030287,-1.1583062,0.26396918,0.46320373,1.0,2481,"tags=29%, list=17%, signal=35%",
GOBP_G1_TO_G0_TRANSITION,GOBP_G1_TO_G0_TRANSITION,,17,-0.23633774,-1.1582018,0.27087575,0.46287876,1.0,9192,"tags=88%, list=65%, signal=249%",
GOBP_REGULATION_OF_DNA_RECOMBINATION,GOBP_REGULATION_OF_DNA_RECOMBINATION,,108,-0.09399595,-1.1572694,0.26819128,0.46386552,1.0,11447,"tags=90%, list=80%, signal=457%",
GOBP_CARDIAC_NEURAL_CREST_CELL_DEVELOPMENT_INVOLVED_IN_OUTFLOW_TRACT_MORPHOGENESIS,GOBP_CARDIAC_NEURAL_CREST_CELL_DEVELOPMENT_INVOLVED_IN_OUTFLOW_TRACT_MORPHOGENESIS,,15,-0.24507485,-1.1572431,0.27405858,0.46343055,1.0,4104,"tags=53%, list=29%, signal=75%",
GOBP_REGULATION_OF_GENERATION_OF_PRECURSOR_METABOLITES_AND_ENERGY,GOBP_REGULATION_OF_GENERATION_OF_PRECURSOR_METABOLITES_AND_ENERGY,,143,-0.08215368,-1.1568215,0.2745491,0.46359566,1.0,2524,"tags=26%, list=18%, signal=31%",
GOBP_ACTIN_FILAMENT_SEVERING,GOBP_ACTIN_FILAMENT_SEVERING,,18,-0.22400586,-1.1567677,0.28286853,0.46317512,1.0,4720,"tags=56%, list=33%, signal=83%",
GOBP_REGULATION_OF_T_HELPER_CELL_DIFFERENTIATION,GOBP_REGULATION_OF_T_HELPER_CELL_DIFFERENTIATION,,46,-0.14508551,-1.1562564,0.25306123,0.46346906,1.0,3200,"tags=37%, list=23%, signal=48%",
GOBP_ICOSANOID_SECRETION,GOBP_ICOSANOID_SECRETION,,42,-0.15172835,-1.1552385,0.26774848,0.46460682,1.0,897,"tags=21%, list=6%, signal=23%",
GOBP_MEMBRANELESS_ORGANELLE_ASSEMBLY,GOBP_MEMBRANELESS_ORGANELLE_ASSEMBLY,,383,-0.050967973,-1.1549809,0.26768643,0.4645261,1.0,10472,"tags=79%, list=74%, signal=290%",
GOBP_PURINE_DEOXYRIBONUCLEOTIDE_METABOLIC_PROCESS,GOBP_PURINE_DEOXYRIBONUCLEOTIDE_METABOLIC_PROCESS,,17,-0.23309508,-1.1544061,0.27186313,0.4649409,1.0,7565,"tags=76%, list=53%, signal=163%",
GOBP_NUCLEOSIDE_MONOPHOSPHATE_CATABOLIC_PROCESS,GOBP_NUCLEOSIDE_MONOPHOSPHATE_CATABOLIC_PROCESS,,20,-0.21768889,-1.1543415,0.27705628,0.46456182,1.0,2598,"tags=40%, list=18%, signal=49%",
GOBP_FERTILIZATION,GOBP_FERTILIZATION,,143,-0.082295746,-1.1541493,0.27079305,0.46439055,1.0,2522,"tags=26%, list=18%, signal=31%",
GOBP_TOLL_LIKE_RECEPTOR_9_SIGNALING_PATHWAY,GOBP_TOLL_LIKE_RECEPTOR_9_SIGNALING_PATHWAY,,16,-0.23405053,-1.1541218,0.26838967,0.46395794,1.0,2898,"tags=44%, list=20%, signal=55%",
GOBP_AMINE_METABOLIC_PROCESS,GOBP_AMINE_METABOLIC_PROCESS,,99,-0.09747665,-1.1537033,0.27272728,0.46413067,1.0,4083,"tags=38%, list=29%, signal=53%",
GOBP_NEGATIVE_REGULATION_OF_CALCIUM_ION_TRANSMEMBRANE_TRANSPORTER_ACTIVITY,GOBP_NEGATIVE_REGULATION_OF_CALCIUM_ION_TRANSMEMBRANE_TRANSPORTER_ACTIVITY,,18,-0.22436573,-1.1535622,0.27342257,0.46386966,1.0,6295,"tags=67%, list=44%, signal=119%",
GOBP_CYTOKINE_PRODUCTION_INVOLVED_IN_INFLAMMATORY_RESPONSE,GOBP_CYTOKINE_PRODUCTION_INVOLVED_IN_INFLAMMATORY_RESPONSE,,64,-0.12673171,-1.1531973,0.2798354,0.46394962,1.0,8206,"tags=70%, list=58%, signal=165%",
GOBP_NEGATIVE_REGULATION_OF_UBIQUITIN_DEPENDENT_PROTEIN_CATABOLIC_PROCESS,GOBP_NEGATIVE_REGULATION_OF_UBIQUITIN_DEPENDENT_PROTEIN_CATABOLIC_PROCESS,,53,-0.13794173,-1.1531957,0.266,0.46346265,1.0,11731,"tags=96%, list=82%, signal=548%",
GOBP_MICROTUBULE_BUNDLE_FORMATION,GOBP_MICROTUBULE_BUNDLE_FORMATION,,74,-0.11427787,-1.1530529,0.29254302,0.46322206,1.0,2420,"tags=28%, list=17%, signal=34%",
GOBP_POSITIVE_REGULATION_OF_LIPID_BIOSYNTHETIC_PROCESS,GOBP_POSITIVE_REGULATION_OF_LIPID_BIOSYNTHETIC_PROCESS,,111,-0.095921956,-1.152639,0.26482213,0.46338335,1.0,1338,"tags=19%, list=9%, signal=21%",
GOBP_ENERGY_RESERVE_METABOLIC_PROCESS,GOBP_ENERGY_RESERVE_METABOLIC_PROCESS,,97,-0.09877243,-1.1515214,0.2891089,0.46460286,1.0,6816,"tags=58%, list=48%, signal=110%",
GOBP_DETECTION_OF_LIGHT_STIMULUS_INVOLVED_IN_SENSORY_PERCEPTION,GOBP_DETECTION_OF_LIGHT_STIMULUS_INVOLVED_IN_SENSORY_PERCEPTION,,19,-0.22054717,-1.1515034,0.26612905,0.46414387,1.0,5102,"tags=58%, list=36%, signal=90%",
GOBP_NEGATIVE_REGULATION_OF_CATION_CHANNEL_ACTIVITY,GOBP_NEGATIVE_REGULATION_OF_CATION_CHANNEL_ACTIVITY,,27,-0.18740052,-1.1511167,0.28598484,0.46427336,1.0,6295,"tags=63%, list=44%, signal=113%",
GOBP_REGULATION_OF_INTEGRIN_ACTIVATION,GOBP_REGULATION_OF_INTEGRIN_ACTIVATION,,18,-0.2238494,-1.1508971,0.26626018,0.46412086,1.0,1562,"tags=33%, list=11%, signal=37%",
GOBP_NEGATIVE_REGULATION_OF_ENDOPEPTIDASE_ACTIVITY,GOBP_NEGATIVE_REGULATION_OF_ENDOPEPTIDASE_ACTIVITY,,27,-0.18975154,-1.1503655,0.27888447,0.46443826,1.0,2048,"tags=33%, list=14%, signal=39%",
GOBP_POSITIVE_REGULATION_OF_MYELINATION,GOBP_POSITIVE_REGULATION_OF_MYELINATION,,21,-0.21002014,-1.150272,0.28515625,0.4640948,1.0,5145,"tags=57%, list=36%, signal=89%",
GOBP_RANDOM_INACTIVATION_OF_X_CHROMOSOME,GOBP_RANDOM_INACTIVATION_OF_X_CHROMOSOME,,20,-0.21385114,-1.1495274,0.29545453,0.4648264,1.0,9763,"tags=90%, list=69%, signal=287%",
GOBP_REGULATION_OF_TISSUE_REMODELING,GOBP_REGULATION_OF_TISSUE_REMODELING,,80,-0.110429764,-1.148304,0.29124236,0.46628064,1.0,3239,"tags=34%, list=23%, signal=43%",
GOBP_VITAMIN_BIOSYNTHETIC_PROCESS,GOBP_VITAMIN_BIOSYNTHETIC_PROCESS,,26,-0.19088249,-1.1471928,0.28654972,0.467524,1.0,3308,"tags=42%, list=23%, signal=55%",
GOBP_POSITIVE_REGULATION_OF_TRIGLYCERIDE_METABOLIC_PROCESS,GOBP_POSITIVE_REGULATION_OF_TRIGLYCERIDE_METABOLIC_PROCESS,,27,-0.18249495,-1.146754,0.25813007,0.46769938,1.0,2151,"tags=33%, list=15%, signal=39%",
GOBP_DICARBOXYLIC_ACID_CATABOLIC_PROCESS,GOBP_DICARBOXYLIC_ACID_CATABOLIC_PROCESS,,15,-0.24972548,-1.1458862,0.2784314,0.4685759,1.0,4986,"tags=60%, list=35%, signal=92%",
GOBP_RRNA_TRANSCRIPTION,GOBP_RRNA_TRANSCRIPTION,,31,-0.16957875,-1.1432937,0.28076923,0.4721521,1.0,7687,"tags=71%, list=54%, signal=154%",
GOBP_NEGATIVE_REGULATION_OF_BLOOD_PRESSURE,GOBP_NEGATIVE_REGULATION_OF_BLOOD_PRESSURE,,54,-0.1326727,-1.1398624,0.2882353,0.4769767,1.0,1545,"tags=24%, list=11%, signal=27%",
GOBP_IONOTROPIC_GLUTAMATE_RECEPTOR_SIGNALING_PATHWAY,GOBP_IONOTROPIC_GLUTAMATE_RECEPTOR_SIGNALING_PATHWAY,,25,-0.18906173,-1.1391187,0.31086957,0.47760043,1.0,4712,"tags=52%, list=33%, signal=78%",
GOBP_NEGATIVE_REGULATION_OF_HEMOPOIESIS,GOBP_NEGATIVE_REGULATION_OF_HEMOPOIESIS,,122,-0.08969889,-1.1390998,0.2808765,0.47713098,1.0,2583,"tags=27%, list=18%, signal=33%",
GOBP_CALCIUM_ION_IMPORT,GOBP_CALCIUM_ION_IMPORT,,71,-0.114942506,-1.138958,0.296875,0.47686735,1.0,1379,"tags=21%, list=10%, signal=23%",
GOBP_MEIOTIC_SPINDLE_ORGANIZATION,GOBP_MEIOTIC_SPINDLE_ORGANIZATION,,18,-0.22572696,-1.1388137,0.27969348,0.4766216,1.0,11016,"tags=100%, list=77%, signal=443%",
GOBP_GRANULOCYTE_ACTIVATION,GOBP_GRANULOCYTE_ACTIVATION,,48,-0.13762817,-1.1379361,0.28349516,0.4776017,1.0,3087,"tags=35%, list=22%, signal=45%",
GOBP_BONE_CELL_DEVELOPMENT,GOBP_BONE_CELL_DEVELOPMENT,,18,-0.22223786,-1.137851,0.31380752,0.47722808,1.0,3165,"tags=44%, list=22%, signal=57%",
GOBP_MUSCLE_ORGAN_MORPHOGENESIS,GOBP_MUSCLE_ORGAN_MORPHOGENESIS,,85,-0.104896136,-1.1375209,0.2674897,0.47725144,1.0,1697,"tags=22%, list=12%, signal=25%",
GOBP_MESENCHYMAL_CELL_APOPTOTIC_PROCESS,GOBP_MESENCHYMAL_CELL_APOPTOTIC_PROCESS,,15,-0.24155521,-1.1367087,0.29263565,0.4780448,1.0,4154,"tags=53%, list=29%, signal=75%",
GOBP_NUCLEOPHAGY,GOBP_NUCLEOPHAGY,,22,-0.20148985,-1.1355553,0.2765531,0.47934547,1.0,8129,"tags=77%, list=57%, signal=180%",
GOBP_REGULATION_OF_LIPOPOLYSACCHARIDE_MEDIATED_SIGNALING_PATHWAY,GOBP_REGULATION_OF_LIPOPOLYSACCHARIDE_MEDIATED_SIGNALING_PATHWAY,,25,-0.18843903,-1.1335727,0.28600407,0.4819754,1.0,4152,"tags=48%, list=29%, signal=68%",
GOBP_DETECTION_OF_LIGHT_STIMULUS,GOBP_DETECTION_OF_LIGHT_STIMULUS,,35,-0.1585164,-1.1333077,0.28483605,0.48187056,1.0,3847,"tags=43%, list=27%, signal=59%",
GOBP_NEGATIVE_REGULATION_OF_IMMUNE_SYSTEM_PROCESS,GOBP_NEGATIVE_REGULATION_OF_IMMUNE_SYSTEM_PROCESS,,495,-0.045120742,-1.133296,0.26946107,0.48139247,1.0,2743,"tags=24%, list=19%, signal=28%",
GOBP_CILIUM_OR_FLAGELLUM_DEPENDENT_CELL_MOTILITY,GOBP_CILIUM_OR_FLAGELLUM_DEPENDENT_CELL_MOTILITY,,117,-0.09004231,-1.132707,0.3153527,0.4819122,1.0,2499,"tags=26%, list=18%, signal=32%",
GOBP_REGULATION_OF_COLLATERAL_SPROUTING,GOBP_REGULATION_OF_COLLATERAL_SPROUTING,,20,-0.21184424,-1.1317145,0.27198365,0.4829828,1.0,2681,"tags=40%, list=19%, signal=49%",
GOBP_GLUCAN_METABOLIC_PROCESS,GOBP_GLUCAN_METABOLIC_PROCESS,,90,-0.0991846,-1.1268579,0.29460582,0.4904731,1.0,6816,"tags=58%, list=48%, signal=110%",
GOBP_FEAR_RESPONSE,GOBP_FEAR_RESPONSE,,44,-0.14020307,-1.12685,0.3102767,0.48999625,1.0,2215,"tags=30%, list=16%, signal=35%",
GOBP_POSITIVE_REGULATION_OF_SMOOTH_MUSCLE_CELL_APOPTOTIC_PROCESS,GOBP_POSITIVE_REGULATION_OF_SMOOTH_MUSCLE_CELL_APOPTOTIC_PROCESS,,18,-0.21991831,-1.1240468,0.2987013,0.49393585,1.0,3988,"tags=50%, list=28%, signal=69%",
GOBP_SPLICEOSOMAL_SNRNP_ASSEMBLY,GOBP_SPLICEOSOMAL_SNRNP_ASSEMBLY,,32,-0.16780384,-1.1239867,0.3003876,0.49354297,1.0,9619,"tags=84%, list=68%, signal=260%",
GOBP_SNRNA_3_END_PROCESSING,GOBP_SNRNA_3_END_PROCESSING,,18,-0.21819334,-1.1218914,0.31019524,0.49649435,1.0,11123,"tags=100%, list=78%, signal=458%",
GOBP_POSITIVE_REGULATION_OF_ENDOTHELIAL_CELL_APOPTOTIC_PROCESS,GOBP_POSITIVE_REGULATION_OF_ENDOTHELIAL_CELL_APOPTOTIC_PROCESS,,23,-0.19315335,-1.1208789,0.31578946,0.4976373,1.0,10243,"tags=91%, list=72%, signal=326%",
GOBP_HEMOGLOBIN_METABOLIC_PROCESS,GOBP_HEMOGLOBIN_METABOLIC_PROCESS,,20,-0.20961905,-1.1181283,0.28479657,0.50160825,1.0,8401,"tags=80%, list=59%, signal=195%",
GOBP_LIVER_REGENERATION,GOBP_LIVER_REGENERATION,,35,-0.15898368,-1.1169747,0.32938856,0.50299776,1.0,4653,"tags=49%, list=33%, signal=72%",
GOBP_REGULATION_OF_MRNA_SPLICING_VIA_SPLICEOSOME,GOBP_REGULATION_OF_MRNA_SPLICING_VIA_SPLICEOSOME,,104,-0.094574995,-1.1165485,0.30578512,0.5031802,1.0,11246,"tags=88%, list=79%, signal=420%",
GOBP_REGULATION_OF_LEUKOCYTE_TETHERING_OR_ROLLING,GOBP_REGULATION_OF_LEUKOCYTE_TETHERING_OR_ROLLING,,18,-0.21590507,-1.1159277,0.32485324,0.50365597,1.0,4045,"tags=50%, list=28%, signal=70%",
GOBP_REGULATION_OF_POSITIVE_CHEMOTAXIS,GOBP_REGULATION_OF_POSITIVE_CHEMOTAXIS,,27,-0.18229926,-1.1157391,0.3197556,0.50348085,1.0,5314,"tags=56%, list=37%, signal=89%",
GOBP_ASPARTATE_TRANSMEMBRANE_TRANSPORT,GOBP_ASPARTATE_TRANSMEMBRANE_TRANSPORT,,20,-0.20601365,-1.1138474,0.29545453,0.5061072,1.0,5608,"tags=60%, list=39%, signal=99%",
GOBP_NUCLEOBASE_CONTAINING_SMALL_MOLECULE_CATABOLIC_PROCESS,GOBP_NUCLEOBASE_CONTAINING_SMALL_MOLECULE_CATABOLIC_PROCESS,,23,-0.19069128,-1.1136179,0.32405567,0.5059756,1.0,2240,"tags=35%, list=16%, signal=41%",
GOBP_MEIOTIC_CHROMOSOME_SEGREGATION,GOBP_MEIOTIC_CHROMOSOME_SEGREGATION,,66,-0.11655051,-1.1131325,0.30912864,0.5062887,1.0,10633,"tags=86%, list=75%, signal=341%",
GOBP_REGULATION_OF_NEUROTRANSMITTER_UPTAKE,GOBP_REGULATION_OF_NEUROTRANSMITTER_UPTAKE,,17,-0.22995594,-1.1123809,0.3265306,0.5069753,1.0,5100,"tags=59%, list=36%, signal=92%",
GOBP_DENDRITIC_CELL_CHEMOTAXIS,GOBP_DENDRITIC_CELL_CHEMOTAXIS,,17,-0.22554956,-1.1120253,0.30923694,0.50711393,1.0,2653,"tags=41%, list=19%, signal=51%",
GOBP_SECRETORY_GRANULE_ORGANIZATION,GOBP_SECRETORY_GRANULE_ORGANIZATION,,63,-0.1191586,-1.1106502,0.28252032,0.5088857,1.0,9149,"tags=76%, list=64%, signal=213%",
GOBP_CELL_ADHESION_MEDIATED_BY_INTEGRIN,GOBP_CELL_ADHESION_MEDIATED_BY_INTEGRIN,,82,-0.10656999,-1.1101716,0.30737704,0.509171,1.0,4911,"tags=45%, list=35%, signal=69%",
GOBP_PROSTAGLANDIN_TRANSPORT,GOBP_PROSTAGLANDIN_TRANSPORT,,29,-0.17551653,-1.1088513,0.33958334,0.51086664,1.0,3885,"tags=45%, list=27%, signal=62%",
GOBP_POSITIVE_REGULATION_OF_SMOOTH_MUSCLE_CONTRACTION,GOBP_POSITIVE_REGULATION_OF_SMOOTH_MUSCLE_CONTRACTION,,31,-0.16761006,-1.1086904,0.31187123,0.51063734,1.0,4045,"tags=45%, list=28%, signal=63%",
GOBP_CELL_COMMUNICATION_BY_ELECTRICAL_COUPLING,GOBP_CELL_COMMUNICATION_BY_ELECTRICAL_COUPLING,,19,-0.2123756,-1.1056379,0.30451867,0.5151624,1.0,6715,"tags=68%, list=47%, signal=129%",
GOBP_NEGATIVE_REGULATION_OF_RNA_SPLICING,GOBP_NEGATIVE_REGULATION_OF_RNA_SPLICING,,28,-0.17254731,-1.1044483,0.32692307,0.5166514,1.0,7202,"tags=68%, list=51%, signal=137%",
GOBP_C4_DICARBOXYLATE_TRANSPORT,GOBP_C4_DICARBOXYLATE_TRANSPORT,,26,-0.18298155,-1.1034266,0.3359375,0.51782084,1.0,5608,"tags=58%, list=39%, signal=95%",
GOBP_CORTICOSTEROID_HORMONE_SECRETION,GOBP_CORTICOSTEROID_HORMONE_SECRETION,,17,-0.22442313,-1.1033589,0.31589147,0.51741266,1.0,2669,"tags=41%, list=19%, signal=51%",
GOBP_NEGATIVE_REGULATION_OF_PROTEIN_POLYMERIZATION,GOBP_NEGATIVE_REGULATION_OF_PROTEIN_POLYMERIZATION,,70,-0.11436648,-1.1031829,0.3360825,0.5172097,1.0,4071,"tags=40%, list=29%, signal=56%",
GOBP_NEGATIVE_REGULATION_OF_PEPTIDASE_ACTIVITY,GOBP_NEGATIVE_REGULATION_OF_PEPTIDASE_ACTIVITY,,39,-0.14950334,-1.1031705,0.32108316,0.51671547,1.0,3715,"tags=41%, list=26%, signal=55%",
GOBP_PEPTIDYL_LYSINE_ACETYLATION,GOBP_PEPTIDYL_LYSINE_ACETYLATION,,26,-0.18154551,-1.1029747,0.32649255,0.51653284,1.0,11098,"tags=96%, list=78%, signal=437%",
GOBP_POSITIVE_REGULATION_OF_MYOBLAST_DIFFERENTIATION,GOBP_POSITIVE_REGULATION_OF_MYOBLAST_DIFFERENTIATION,,49,-0.1334998,-1.1010271,0.30273438,0.51929647,1.0,7106,"tags=63%, list=50%, signal=126%",
GOBP_PTERIDINE_CONTAINING_COMPOUND_METABOLIC_PROCESS,GOBP_PTERIDINE_CONTAINING_COMPOUND_METABOLIC_PROCESS,,32,-0.16527547,-1.1001734,0.34046692,0.52022815,1.0,4322,"tags=47%, list=30%, signal=67%",
GOBP_POSITIVE_REGULATION_OF_MUSCLE_HYPERTROPHY,GOBP_POSITIVE_REGULATION_OF_MUSCLE_HYPERTROPHY,,42,-0.14306365,-1.0998467,0.31299213,0.52024174,1.0,5083,"tags=50%, list=36%, signal=78%",
GOBP_MITOCHONDRIAL_CALCIUM_ION_HOMEOSTASIS,GOBP_MITOCHONDRIAL_CALCIUM_ION_HOMEOSTASIS,,18,-0.2184554,-1.0988394,0.34313726,0.5214315,1.0,7169,"tags=72%, list=50%, signal=145%",
GOBP_MATURATION_OF_SSU_RRNA,GOBP_MATURATION_OF_SSU_RRNA,,44,-0.14128357,-1.0984434,0.31428573,0.5215756,1.0,10603,"tags=89%, list=75%, signal=347%",
GOBP_POSITIVE_REGULATION_OF_MUSCLE_CELL_DIFFERENTIATION,GOBP_POSITIVE_REGULATION_OF_MUSCLE_CELL_DIFFERENTIATION,,80,-0.10672246,-1.0982184,0.32438016,0.52142715,1.0,4358,"tags=41%, list=31%, signal=59%",
GOBP_REGULATION_OF_VENTRICULAR_CARDIAC_MUSCLE_CELL_MEMBRANE_REPOLARIZATION,GOBP_REGULATION_OF_VENTRICULAR_CARDIAC_MUSCLE_CELL_MEMBRANE_REPOLARIZATION,,21,-0.20126092,-1.0966457,0.3395445,0.52351266,1.0,3915,"tags=48%, list=28%, signal=66%",
GOBP_RESPONSE_TO_STEROL_DEPLETION,GOBP_RESPONSE_TO_STEROL_DEPLETION,,15,-0.23235723,-1.0966319,0.31048387,0.5230182,1.0,9025,"tags=87%, list=63%, signal=237%",
GOBP_RESPONSE_TO_LITHIUM_ION,GOBP_RESPONSE_TO_LITHIUM_ION,,19,-0.21002606,-1.0954782,0.34509805,0.52441293,1.0,3006,"tags=42%, list=21%, signal=53%",
GOBP_POSITIVE_REGULATION_OF_CELL_GROWTH_INVOLVED_IN_CARDIAC_MUSCLE_CELL_DEVELOPMENT,GOBP_POSITIVE_REGULATION_OF_CELL_GROWTH_INVOLVED_IN_CARDIAC_MUSCLE_CELL_DEVELOPMENT,,16,-0.23120822,-1.0949033,0.3392157,0.52484506,1.0,4716,"tags=56%, list=33%, signal=84%",
GOBP_MICROAUTOPHAGY,GOBP_MICROAUTOPHAGY,,23,-0.19563992,-1.0948898,0.30769232,0.5243498,1.0,10826,"tags=96%, list=76%, signal=400%",
GOBP_T_HELPER_17_CELL_LINEAGE_COMMITMENT,GOBP_T_HELPER_17_CELL_LINEAGE_COMMITMENT,,19,-0.20758383,-1.0936186,0.3326923,0.52591836,1.0,8280,"tags=79%, list=58%, signal=189%",
GOBP_RENAL_VESICLE_DEVELOPMENT,GOBP_RENAL_VESICLE_DEVELOPMENT,,20,-0.2040314,-1.0927013,0.3493976,0.5269719,1.0,3503,"tags=45%, list=25%, signal=60%",
GOBP_RESPONSE_TO_MINERALOCORTICOID,GOBP_RESPONSE_TO_MINERALOCORTICOID,,35,-0.15435335,-1.0924735,0.3269962,0.5268489,1.0,5125,"tags=51%, list=36%, signal=80%",
GOBP_PROTEIN_K11_LINKED_UBIQUITINATION,GOBP_PROTEIN_K11_LINKED_UBIQUITINATION,,31,-0.16494122,-1.0912611,0.32608697,0.5283286,1.0,10964,"tags=94%, list=77%, signal=408%",
GOBP_PYROPTOTIC_INFLAMMATORY_RESPONSE,GOBP_PYROPTOTIC_INFLAMMATORY_RESPONSE,,42,-0.14501153,-1.0907536,0.30290458,0.52866936,1.0,3701,"tags=40%, list=26%, signal=55%",
GOBP_DIACYLGLYCEROL_METABOLIC_PROCESS,GOBP_DIACYLGLYCEROL_METABOLIC_PROCESS,,25,-0.18278109,-1.0905191,0.33808553,0.52858996,1.0,5370,"tags=56%, list=38%, signal=90%",
GOBP_GTP_METABOLIC_PROCESS,GOBP_GTP_METABOLIC_PROCESS,,25,-0.1820203,-1.0900216,0.3266129,0.5289094,1.0,8225,"tags=76%, list=58%, signal=180%",
GOBP_COPPER_ION_TRANSPORT,GOBP_COPPER_ION_TRANSPORT,,15,-0.23475058,-1.0892462,0.3394683,0.52967983,1.0,8991,"tags=87%, list=63%, signal=235%",
GOBP_SNO_S_RNA_METABOLIC_PROCESS,GOBP_SNO_S_RNA_METABOLIC_PROCESS,,16,-0.23055263,-1.0891545,0.3493724,0.52931756,1.0,10947,"tags=100%, list=77%, signal=434%",
GOBP_REGULATION_OF_ENDOPEPTIDASE_ACTIVITY,GOBP_REGULATION_OF_ENDOPEPTIDASE_ACTIVITY,,46,-0.13389005,-1.0891514,0.3277311,0.5288081,1.0,3977,"tags=41%, list=28%, signal=57%",
GOBP_POSITIVE_REGULATION_OF_RELEASE_OF_SEQUESTERED_CALCIUM_ION_INTO_CYTOSOL,GOBP_POSITIVE_REGULATION_OF_RELEASE_OF_SEQUESTERED_CALCIUM_ION_INTO_CYTOSOL,,39,-0.1471204,-1.088589,0.35437882,0.5292266,1.0,5572,"tags=54%, list=39%, signal=88%",
GOBP_MATURATION_OF_5_8S_RRNA_FROM_TRICISTRONIC_RRNA_TRANSCRIPT_SSU_RRNA_5_8S_RRNA_LSU_RRNA,GOBP_MATURATION_OF_5_8S_RRNA_FROM_TRICISTRONIC_RRNA_TRANSCRIPT_SSU_RRNA_5_8S_RRNA_LSU_RRNA,,21,-0.19786051,-1.0882552,0.3245283,0.52927434,1.0,10058,"tags=90%, list=71%, signal=309%",
GOBP_REGULATION_OF_HEAT_GENERATION,GOBP_REGULATION_OF_HEAT_GENERATION,,16,-0.22713836,-1.0876144,0.3196881,0.52980083,1.0,3885,"tags=50%, list=27%, signal=69%",
GOBP_NEGATIVE_REGULATION_OF_COAGULATION,GOBP_NEGATIVE_REGULATION_OF_COAGULATION,,47,-0.13265078,-1.08594,0.31630647,0.53206855,1.0,2962,"tags=34%, list=21%, signal=43%",
GOBP_REGULATION_OF_AMINO_ACID_METABOLIC_PROCESS,GOBP_REGULATION_OF_AMINO_ACID_METABOLIC_PROCESS,,15,-0.23367122,-1.0854825,0.35523614,0.53230983,1.0,4266,"tags=53%, list=30%, signal=76%",
GOBP_RESPONSE_TO_ZINC_ION,GOBP_RESPONSE_TO_ZINC_ION,,40,-0.14719339,-1.0847195,0.32790223,0.53308254,1.0,2891,"tags=35%, list=20%, signal=44%",
GOBP_ESTROGEN_METABOLIC_PROCESS,GOBP_ESTROGEN_METABOLIC_PROCESS,,28,-0.17213713,-1.0840477,0.32857144,0.5336892,1.0,1621,"tags=29%, list=11%, signal=32%",
GOBP_SEROTONIN_TRANSPORT,GOBP_SEROTONIN_TRANSPORT,,24,-0.18342197,-1.0830544,0.34879032,0.534858,1.0,5100,"tags=54%, list=36%, signal=84%",
GOBP_NEGATIVE_REGULATION_OF_MRNA_PROCESSING,GOBP_NEGATIVE_REGULATION_OF_MRNA_PROCESSING,,23,-0.18959498,-1.0829623,0.35470942,0.534492,1.0,7202,"tags=70%, list=51%, signal=141%",
GOBP_PROTEIN_ACYLATION,GOBP_PROTEIN_ACYLATION,,76,-0.107786834,-1.080843,0.35049504,0.5376028,1.0,12136,"tags=96%, list=85%, signal=652%",
GOBP_HEPATICOBILIARY_SYSTEM_DEVELOPMENT,GOBP_HEPATICOBILIARY_SYSTEM_DEVELOPMENT,,181,-0.067914076,-1.078612,0.348659,0.54083586,1.0,10440,"tags=80%, list=73%, signal=297%",
GOBP_RESPONSE_TO_TESTOSTERONE,GOBP_RESPONSE_TO_TESTOSTERONE,,40,-0.14673325,-1.077744,0.35852712,0.5417918,1.0,2542,"tags=33%, list=18%, signal=39%",
GOBP_POSITIVE_REGULATION_OF_MORPHOGENESIS_OF_AN_EPITHELIUM,GOBP_POSITIVE_REGULATION_OF_MORPHOGENESIS_OF_AN_EPITHELIUM,,41,-0.14059654,-1.0763838,0.37551868,0.54360235,1.0,3557,"tags=39%, list=25%, signal=52%",
GOBP_TUMOR_NECROSIS_FACTOR_SUPERFAMILY_CYTOKINE_PRODUCTION,GOBP_TUMOR_NECROSIS_FACTOR_SUPERFAMILY_CYTOKINE_PRODUCTION,,190,-0.06908382,-1.076176,0.36291912,0.5434532,1.0,4271,"tags=37%, list=30%, signal=52%",
GOBP_POSITIVE_REGULATION_OF_CELLULAR_RESPIRATION,GOBP_POSITIVE_REGULATION_OF_CELLULAR_RESPIRATION,,21,-0.19612008,-1.0747522,0.34615386,0.5453421,1.0,3988,"tags=48%, list=28%, signal=66%",
GOBP_VIRAL_GENE_EXPRESSION,GOBP_VIRAL_GENE_EXPRESSION,,76,-0.10552363,-1.0742997,0.36237624,0.54555964,1.0,8987,"tags=74%, list=63%, signal=199%",
GOBP_PURINE_NUCLEOSIDE_METABOLIC_PROCESS,GOBP_PURINE_NUCLEOSIDE_METABOLIC_PROCESS,,27,-0.17214108,-1.0734262,0.33471075,0.5465298,1.0,7565,"tags=70%, list=53%, signal=150%",
GOBP_CHEMOKINE_C_X_C_MOTIF_LIGAND_2_PRODUCTION,GOBP_CHEMOKINE_C_X_C_MOTIF_LIGAND_2_PRODUCTION,,26,-0.18169723,-1.0716318,0.3567134,0.549095,1.0,8908,"tags=81%, list=63%, signal=216%",
GOBP_GLYCOSYL_COMPOUND_METABOLIC_PROCESS,GOBP_GLYCOSYL_COMPOUND_METABOLIC_PROCESS,,63,-0.114206545,-1.0711688,0.35135135,0.5493628,1.0,7639,"tags=65%, list=54%, signal=140%",
GOBP_REGULATION_OF_LONG_TERM_SYNAPTIC_DEPRESSION,GOBP_REGULATION_OF_LONG_TERM_SYNAPTIC_DEPRESSION,,15,-0.22743443,-1.0697744,0.36078432,0.55115974,1.0,10043,"tags=93%, list=71%, signal=317%",
GOBP_POSITIVE_REGULATION_OF_POTASSIUM_ION_TRANSMEMBRANE_TRANSPORT,GOBP_POSITIVE_REGULATION_OF_POTASSIUM_ION_TRANSMEMBRANE_TRANSPORT,,32,-0.157719,-1.0697421,0.35019454,0.55069184,1.0,3096,"tags=38%, list=22%, signal=48%",
GOBP_RESPONSE_TO_INTERLEUKIN_7,GOBP_RESPONSE_TO_INTERLEUKIN_7,,21,-0.19082497,-1.0694596,0.35227272,0.5506363,1.0,3386,"tags=43%, list=24%, signal=56%",
GOBP_EMBRYONIC_DIGESTIVE_TRACT_MORPHOGENESIS,GOBP_EMBRYONIC_DIGESTIVE_TRACT_MORPHOGENESIS,,20,-0.19965847,-1.068433,0.36935166,0.55191356,1.0,2143,"tags=35%, list=15%, signal=41%",
GOBP_REGULATION_OF_ORGANIC_ACID_TRANSPORT,GOBP_REGULATION_OF_ORGANIC_ACID_TRANSPORT,,85,-0.09738424,-1.0673214,0.35463917,0.5533105,1.0,4982,"tags=45%, list=35%, signal=68%",
GOBP_PIECEMEAL_MICROAUTOPHAGY_OF_THE_NUCLEUS,GOBP_PIECEMEAL_MICROAUTOPHAGY_OF_THE_NUCLEUS,,18,-0.20649001,-1.0668987,0.35658914,0.55350274,1.0,8129,"tags=78%, list=57%, signal=181%",
GOBP_POSITIVE_REGULATION_OF_WOUND_HEALING,GOBP_POSITIVE_REGULATION_OF_WOUND_HEALING,,59,-0.11629593,-1.0667664,0.3643264,0.5531989,1.0,5344,"tags=49%, list=38%, signal=78%",
GOBP_POSITIVE_REGULATION_OF_STEROID_METABOLIC_PROCESS,GOBP_POSITIVE_REGULATION_OF_STEROID_METABOLIC_PROCESS,,42,-0.13887736,-1.0662644,0.35177866,0.5535225,1.0,2095,"tags=29%, list=15%, signal=33%",
GOBP_REGULATION_OF_BRANCHING_INVOLVED_IN_URETERIC_BUD_MORPHOGENESIS,GOBP_REGULATION_OF_BRANCHING_INVOLVED_IN_URETERIC_BUD_MORPHOGENESIS,,23,-0.18502912,-1.066048,0.36511156,0.5533626,1.0,3557,"tags=43%, list=25%, signal=58%",
GOBP_ANIMAL_ORGAN_REGENERATION,GOBP_ANIMAL_ORGAN_REGENERATION,,73,-0.10711905,-1.0654283,0.34291187,0.55393314,1.0,6083,"tags=53%, list=43%, signal=93%",
GOBP_C21_STEROID_HORMONE_METABOLIC_PROCESS,GOBP_C21_STEROID_HORMONE_METABOLIC_PROCESS,,41,-0.13857205,-1.0645763,0.35477582,0.5548648,1.0,2892,"tags=34%, list=20%, signal=43%",
GOBP_POSITIVE_REGULATION_OF_TELOMERE_CAPPING,GOBP_POSITIVE_REGULATION_OF_TELOMERE_CAPPING,,16,-0.21877861,-1.0631518,0.3655706,0.55678254,1.0,7559,"tags=75%, list=53%, signal=160%",
GOBP_GLUTAMINE_METABOLIC_PROCESS,GOBP_GLUTAMINE_METABOLIC_PROCESS,,17,-0.21548611,-1.0631204,0.3685259,0.5563248,1.0,4469,"tags=53%, list=31%, signal=77%",
GOBP_POSITIVE_CHEMOTAXIS,GOBP_POSITIVE_CHEMOTAXIS,,59,-0.11678064,-1.0628948,0.37281552,0.55619466,1.0,4373,"tags=42%, list=31%, signal=61%",
GOBP_LEUKOCYTE_DEGRANULATION,GOBP_LEUKOCYTE_DEGRANULATION,,80,-0.10349338,-1.0617763,0.3604651,0.5575536,1.0,5648,"tags=50%, list=40%, signal=82%",
GOBP_POSITIVE_REGULATION_OF_ALCOHOL_BIOSYNTHETIC_PROCESS,GOBP_POSITIVE_REGULATION_OF_ALCOHOL_BIOSYNTHETIC_PROCESS,,28,-0.16862434,-1.061099,0.364,0.5582213,1.0,5734,"tags=57%, list=40%, signal=96%",
GOBP_METABOLIC_COMPOUND_SALVAGE,GOBP_METABOLIC_COMPOUND_SALVAGE,,40,-0.14351419,-1.0596004,0.3683206,0.56031954,1.0,7565,"tags=68%, list=53%, signal=144%",
GOBP_NEGATIVE_REGULATION_OF_CD4_POSITIVE_ALPHA_BETA_T_CELL_DIFFERENTIATION,GOBP_NEGATIVE_REGULATION_OF_CD4_POSITIVE_ALPHA_BETA_T_CELL_DIFFERENTIATION,,28,-0.16823934,-1.0595955,0.3764479,0.5598002,1.0,3200,"tags=39%, list=23%, signal=51%",
GOBP_REGULATION_OF_GLYCOGEN_METABOLIC_PROCESS,GOBP_REGULATION_OF_GLYCOGEN_METABOLIC_PROCESS,,44,-0.13417858,-1.0594202,0.36619717,0.55954266,1.0,1654,"tags=25%, list=12%, signal=28%",
GOBP_FIBROBLAST_PROLIFERATION,GOBP_FIBROBLAST_PROLIFERATION,,139,-0.07791516,-1.0580441,0.40118578,0.5614175,1.0,6577,"tags=54%, list=46%, signal=99%",
GOBP_NEGATIVE_REGULATION_OF_SMOOTH_MUSCLE_CELL_DIFFERENTIATION,GOBP_NEGATIVE_REGULATION_OF_SMOOTH_MUSCLE_CELL_DIFFERENTIATION,,18,-0.2104876,-1.0563279,0.37747034,0.56387174,1.0,4912,"tags=56%, list=35%, signal=85%",
GOBP_ALCOHOL_BIOSYNTHETIC_PROCESS,GOBP_ALCOHOL_BIOSYNTHETIC_PROCESS,,130,-0.07933104,-1.0558733,0.37804878,0.56409824,1.0,6650,"tags=55%, list=47%, signal=102%",
GOBP_MAINTENANCE_OF_PROTEIN_LOCATION_IN_NUCLEUS,GOBP_MAINTENANCE_OF_PROTEIN_LOCATION_IN_NUCLEUS,,23,-0.18401857,-1.0558308,0.38253638,0.5636384,1.0,10991,"tags=96%, list=77%, signal=420%",
GOBP_CHROMOSOME_CONDENSATION,GOBP_CHROMOSOME_CONDENSATION,,31,-0.15593898,-1.0550691,0.35852712,0.5644055,1.0,10633,"tags=90%, list=75%, signal=357%",
GOBP_NEGATIVE_REGULATION_OF_PROTEASOMAL_UBIQUITIN_DEPENDENT_PROTEIN_CATABOLIC_PROCESS,GOBP_NEGATIVE_REGULATION_OF_PROTEASOMAL_UBIQUITIN_DEPENDENT_PROTEIN_CATABOLIC_PROCESS,,35,-0.15205534,-1.0547663,0.36489153,0.5643842,1.0,10846,"tags=91%, list=76%, signal=384%",
GOBP_REGULATION_OF_RESPONSE_TO_FOOD,GOBP_REGULATION_OF_RESPONSE_TO_FOOD,,16,-0.21485393,-1.0541309,0.36099586,0.56493324,1.0,11170,"tags=100%, list=79%, signal=466%",
GOBP_ONE_CARBON_METABOLIC_PROCESS,GOBP_ONE_CARBON_METABOLIC_PROCESS,,25,-0.17962246,-1.053518,0.35756385,0.56547827,1.0,4846,"tags=52%, list=34%, signal=79%",
GOBP_MITOTIC_DNA_REPLICATION,GOBP_MITOTIC_DNA_REPLICATION,,15,-0.22658971,-1.0534334,0.3787234,0.5650857,1.0,10055,"tags=93%, list=71%, signal=318%",
GOBP_DNA_TEMPLATED_TRANSCRIPTION_TERMINATION,GOBP_DNA_TEMPLATED_TRANSCRIPTION_TERMINATION,,20,-0.19651785,-1.053079,0.3736952,0.56516796,1.0,7876,"tags=75%, list=55%, signal=168%",
GOBP_POSITIVE_REGULATION_OF_CD4_POSITIVE_ALPHA_BETA_T_CELL_DIFFERENTIATION,GOBP_POSITIVE_REGULATION_OF_CD4_POSITIVE_ALPHA_BETA_T_CELL_DIFFERENTIATION,,35,-0.15094759,-1.0510088,0.36270493,0.56818205,1.0,4767,"tags=49%, list=34%, signal=73%",
GOBP_DNA_CONFORMATION_CHANGE,GOBP_DNA_CONFORMATION_CHANGE,,16,-0.21386836,-1.0504299,0.39637828,0.5686686,1.0,11184,"tags=100%, list=79%, signal=468%",
GOBP_ACTIN_POLYMERIZATION_OR_DEPOLYMERIZATION,GOBP_ACTIN_POLYMERIZATION_OR_DEPOLYMERIZATION,,161,-0.070991695,-1.0498685,0.36438924,0.56909144,1.0,3066,"tags=29%, list=22%, signal=36%",
GOBP_PROTEIN_LOCALIZATION_TO_CHROMOSOME_CENTROMERIC_REGION,GOBP_PROTEIN_LOCALIZATION_TO_CHROMOSOME_CENTROMERIC_REGION,,17,-0.2106656,-1.048863,0.3565737,0.5702526,1.0,5374,"tags=59%, list=38%, signal=94%",
GOBP_IRON_ION_TRANSPORT,GOBP_IRON_ION_TRANSPORT,,55,-0.12066412,-1.0482284,0.3764706,0.5708166,1.0,1653,"tags=24%, list=12%, signal=27%",
GOBP_DETECTION_OF_BIOTIC_STIMULUS,GOBP_DETECTION_OF_BIOTIC_STIMULUS,,37,-0.14560565,-1.0471731,0.3473054,0.57205606,1.0,3701,"tags=41%, list=26%, signal=55%",
GOBP_REGULATION_OF_CARBOHYDRATE_CATABOLIC_PROCESS,GOBP_REGULATION_OF_CARBOHYDRATE_CATABOLIC_PROCESS,,79,-0.101623856,-1.045974,0.3972332,0.57363915,1.0,904,"tags=16%, list=6%, signal=17%",
GOBP_TORC2_SIGNALING,GOBP_TORC2_SIGNALING,,21,-0.19238096,-1.0444177,0.37356323,0.5758065,1.0,10813,"tags=95%, list=76%, signal=397%",
GOBP_XENOBIOTIC_TRANSMEMBRANE_TRANSPORT,GOBP_XENOBIOTIC_TRANSMEMBRANE_TRANSPORT,,15,-0.22494252,-1.0431601,0.41,0.5774399,1.0,4390,"tags=53%, list=31%, signal=77%",
GOBP_PHENOL_CONTAINING_COMPOUND_BIOSYNTHETIC_PROCESS,GOBP_PHENOL_CONTAINING_COMPOUND_BIOSYNTHETIC_PROCESS,,43,-0.13280974,-1.0425841,0.39009902,0.57787514,1.0,4071,"tags=42%, list=29%, signal=58%",
GOBP_CD40_SIGNALING_PATHWAY,GOBP_CD40_SIGNALING_PATHWAY,,17,-0.20949775,-1.0411952,0.37448558,0.5797781,1.0,2881,"tags=41%, list=20%, signal=52%",
GOBP_POSITIVE_REGULATION_OF_CYTOKINESIS,GOBP_POSITIVE_REGULATION_OF_CYTOKINESIS,,36,-0.14787526,-1.0411365,0.4015748,0.5793334,1.0,6594,"tags=61%, list=46%, signal=114%",
GOBP_NEGATIVE_REGULATION_OF_CD4_POSITIVE_ALPHA_BETA_T_CELL_ACTIVATION,GOBP_NEGATIVE_REGULATION_OF_CD4_POSITIVE_ALPHA_BETA_T_CELL_ACTIVATION,,39,-0.14139447,-1.04051,0.39807692,0.57989925,1.0,3830,"tags=41%, list=27%, signal=56%",
GOBP_LIPID_DIGESTION,GOBP_LIPID_DIGESTION,,17,-0.20812696,-1.0392439,0.37995824,0.58158296,1.0,3737,"tags=47%, list=26%, signal=64%",
GOBP_REGULATION_OF_HEMOPOIESIS,GOBP_REGULATION_OF_HEMOPOIESIS,,413,-0.04403855,-1.039238,0.3833017,0.5810594,1.0,7106,"tags=54%, list=50%, signal=105%",
GOBP_SKELETAL_MUSCLE_ADAPTATION,GOBP_SKELETAL_MUSCLE_ADAPTATION,,25,-0.17351651,-1.0386686,0.3829365,0.58154446,1.0,3795,"tags=44%, list=27%, signal=60%",
GOBP_PROTEIN_K63_LINKED_DEUBIQUITINATION,GOBP_PROTEIN_K63_LINKED_DEUBIQUITINATION,,24,-0.18090971,-1.0382869,0.3715499,0.5816679,1.0,9876,"tags=88%, list=69%, signal=286%",
GOBP_REGULATION_OF_NATURAL_KILLER_CELL_DIFFERENTIATION,GOBP_REGULATION_OF_NATURAL_KILLER_CELL_DIFFERENTIATION,,18,-0.2017414,-1.0381742,0.3799622,0.58132404,1.0,1876,"tags=33%, list=13%, signal=38%",
GOBP_TOLL_LIKE_RECEPTOR_SIGNALING_PATHWAY,GOBP_TOLL_LIKE_RECEPTOR_SIGNALING_PATHWAY,,71,-0.1045369,-1.0379553,0.40039062,0.5811784,1.0,8136,"tags=68%, list=57%, signal=157%",
GOBP_REGULATION_OF_CARDIAC_MUSCLE_CONTRACTION_BY_CALCIUM_ION_SIGNALING,GOBP_REGULATION_OF_CARDIAC_MUSCLE_CONTRACTION_BY_CALCIUM_ION_SIGNALING,,15,-0.21911399,-1.0377799,0.3996139,0.5809586,1.0,7317,"tags=73%, list=51%, signal=151%",
GOBP_REGULATION_OF_NITRIC_OXIDE_METABOLIC_PROCESS,GOBP_REGULATION_OF_NITRIC_OXIDE_METABOLIC_PROCESS,,75,-0.0978491,-1.0367867,0.3970588,0.5822016,1.0,3926,"tags=37%, list=28%, signal=51%",
GOBP_CARDIAC_MUSCLE_TISSUE_DEVELOPMENT,GOBP_CARDIAC_MUSCLE_TISSUE_DEVELOPMENT,,260,-0.054818913,-1.0363885,0.37603307,0.58234566,1.0,1697,"tags=17%, list=12%, signal=19%",
GOBP_NEGATIVE_REGULATION_OF_DEFENSE_RESPONSE_TO_VIRUS,GOBP_NEGATIVE_REGULATION_OF_DEFENSE_RESPONSE_TO_VIRUS,,17,-0.21042955,-1.0362802,0.39235413,0.582006,1.0,9560,"tags=88%, list=67%, signal=269%",
GOBP_GLYCOSYL_COMPOUND_BIOSYNTHETIC_PROCESS,GOBP_GLYCOSYL_COMPOUND_BIOSYNTHETIC_PROCESS,,16,-0.21314679,-1.0354002,0.402,0.58296055,1.0,7639,"tags=75%, list=54%, signal=162%",
GOBP_HOMEOSTASIS_OF_NUMBER_OF_CELLS,GOBP_HOMEOSTASIS_OF_NUMBER_OF_CELLS,,370,-0.04712237,-1.0342149,0.40761906,0.5844881,1.0,8419,"tags=64%, list=59%, signal=152%",
GOBP_POSITIVE_REGULATION_OF_DNA_RECOMBINATION,GOBP_POSITIVE_REGULATION_OF_DNA_RECOMBINATION,,65,-0.109938696,-1.0329918,0.41967872,0.5861224,1.0,11353,"tags=91%, list=80%, signal=448%",
GOBP_MELANOSOME_ASSEMBLY,GOBP_MELANOSOME_ASSEMBLY,,19,-0.1931863,-1.032713,0.38115633,0.5860729,1.0,7736,"tags=74%, list=54%, signal=161%",
GOBP_CELL_REDOX_HOMEOSTASIS,GOBP_CELL_REDOX_HOMEOSTASIS,,28,-0.1619611,-1.0313673,0.41960785,0.5879057,1.0,3797,"tags=43%, list=27%, signal=58%",
GOBP_NEGATIVE_REGULATION_OF_NUCLEOTIDE_METABOLIC_PROCESS,GOBP_NEGATIVE_REGULATION_OF_NUCLEOTIDE_METABOLIC_PROCESS,,32,-0.15143113,-1.0306404,0.40243903,0.5886243,1.0,1852,"tags=28%, list=13%, signal=32%",
GOBP_POSITIVE_REGULATION_OF_G_PROTEIN_COUPLED_RECEPTOR_SIGNALING_PATHWAY,GOBP_POSITIVE_REGULATION_OF_G_PROTEIN_COUPLED_RECEPTOR_SIGNALING_PATHWAY,,31,-0.15659596,-1.0302778,0.39655173,0.5887383,1.0,6495,"tags=61%, list=46%, signal=113%",
GOBP_NUCLEOSIDE_MONOPHOSPHATE_BIOSYNTHETIC_PROCESS,GOBP_NUCLEOSIDE_MONOPHOSPHATE_BIOSYNTHETIC_PROCESS,,46,-0.12954222,-1.0301125,0.40289256,0.58850986,1.0,6821,"tags=61%, list=48%, signal=117%",
GOBP_STEROID_BIOSYNTHETIC_PROCESS,GOBP_STEROID_BIOSYNTHETIC_PROCESS,,151,-0.07283027,-1.0295752,0.40082645,0.5888832,1.0,1990,"tags=21%, list=14%, signal=24%",
GOBP_T_CELL_MEDIATED_IMMUNITY,GOBP_T_CELL_MEDIATED_IMMUNITY,,134,-0.074595116,-1.0281547,0.39458415,0.59078497,1.0,2983,"tags=28%, list=21%, signal=36%",
GOBP_DNA_MODIFICATION,GOBP_DNA_MODIFICATION,,15,-0.22262894,-1.0268908,0.4082474,0.59246665,1.0,6319,"tags=67%, list=44%, signal=120%",
GOBP_PROTEIN_INSERTION_INTO_MEMBRANE,GOBP_PROTEIN_INSERTION_INTO_MEMBRANE,,27,-0.168381,-1.0259243,0.3699187,0.5937056,1.0,11832,"tags=100%, list=83%, signal=594%",
GOBP_METANEPHRIC_RENAL_VESICLE_MORPHOGENESIS,GOBP_METANEPHRIC_RENAL_VESICLE_MORPHOGENESIS,,15,-0.22064386,-1.0240331,0.39334637,0.59651554,1.0,3503,"tags=47%, list=25%, signal=62%",
GOBP_POSITIVE_REGULATION_OF_TYPE_2_IMMUNE_RESPONSE,GOBP_POSITIVE_REGULATION_OF_TYPE_2_IMMUNE_RESPONSE,,17,-0.21066146,-1.0239508,0.4,0.5961203,1.0,3701,"tags=47%, list=26%, signal=64%",
GOBP_BASE_EXCISION_REPAIR,GOBP_BASE_EXCISION_REPAIR,,40,-0.13743562,-1.0231427,0.41532257,0.59701544,1.0,4807,"tags=48%, list=34%, signal=72%",
GOBP_REGULATION_OF_PROTEIN_POLYMERIZATION,GOBP_REGULATION_OF_PROTEIN_POLYMERIZATION,,178,-0.06720369,-1.0224655,0.402834,0.5976642,1.0,4490,"tags=38%, list=32%, signal=55%",
GOBP_ANGIOTENSIN_ACTIVATED_SIGNALING_PATHWAY,GOBP_ANGIOTENSIN_ACTIVATED_SIGNALING_PATHWAY,,19,-0.19429068,-1.0202972,0.41841003,0.60083234,1.0,2481,"tags=37%, list=17%, signal=45%",
GOBP_REGULATION_OF_DNA_TEMPLATED_DNA_REPLICATION,GOBP_REGULATION_OF_DNA_TEMPLATED_DNA_REPLICATION,,29,-0.15847683,-1.0202883,0.42481202,0.6003089,1.0,9521,"tags=83%, list=67%, signal=250%",
GOBP_SKIN_DEVELOPMENT,GOBP_SKIN_DEVELOPMENT,,303,-0.049958564,-1.0201166,0.40699816,0.60005176,1.0,3342,"tags=28%, list=24%, signal=36%",
GOBP_NEURAL_CREST_CELL_DIFFERENTIATION,GOBP_NEURAL_CREST_CELL_DIFFERENTIATION,,93,-0.09205542,-1.0189786,0.42827004,0.6014836,1.0,4817,"tags=43%, list=34%, signal=65%",
GOBP_RESPONSE_TO_REACTIVE_OXYGEN_SPECIES,GOBP_RESPONSE_TO_REACTIVE_OXYGEN_SPECIES,,206,-0.061479542,-1.0175658,0.4028056,0.6033493,1.0,6526,"tags=52%, list=46%, signal=95%",
GOBP_RESPONSE_TO_L_LEUCINE,GOBP_RESPONSE_TO_L_LEUCINE,,15,-0.22243653,-1.017438,0.424,0.60305196,1.0,10114,"tags=93%, list=71%, signal=323%",
GOBP_REGULATION_OF_STRIATED_MUSCLE_CELL_DIFFERENTIATION,GOBP_REGULATION_OF_STRIATED_MUSCLE_CELL_DIFFERENTIATION,,99,-0.08854582,-1.0165523,0.41751528,0.60406715,1.0,5071,"tags=44%, list=36%, signal=69%",
GOBP_CELL_CELL_ADHESION_MEDIATED_BY_INTEGRIN,GOBP_CELL_CELL_ADHESION_MEDIATED_BY_INTEGRIN,,18,-0.19723922,-1.0158044,0.42675158,0.6048683,1.0,2730,"tags=39%, list=19%, signal=48%",
GOBP_EXTRACELLULAR_TRANSPORT,GOBP_EXTRACELLULAR_TRANSPORT,,34,-0.14742373,-1.0146164,0.4265306,0.6064045,1.0,5020,"tags=50%, list=35%, signal=77%",
GOBP_RRNA_METHYLATION,GOBP_RRNA_METHYLATION,,18,-0.19087516,-1.0143595,0.43579766,0.60628736,1.0,11511,"tags=100%, list=81%, signal=524%",
GOBP_REGULATION_OF_NUCLEOTIDE_METABOLIC_PROCESS,GOBP_REGULATION_OF_NUCLEOTIDE_METABOLIC_PROCESS,,92,-0.09081308,-1.0137985,0.41358024,0.6067352,1.0,1964,"tags=23%, list=14%, signal=26%",
GOBP_POSITIVE_REGULATION_OF_NON_CANONICAL_WNT_SIGNALING_PATHWAY,GOBP_POSITIVE_REGULATION_OF_NON_CANONICAL_WNT_SIGNALING_PATHWAY,,16,-0.20963572,-1.0122813,0.42774567,0.6087936,1.0,2356,"tags=38%, list=17%, signal=45%",
GOBP_REGULATION_OF_MEGAKARYOCYTE_DIFFERENTIATION,GOBP_REGULATION_OF_MEGAKARYOCYTE_DIFFERENTIATION,,18,-0.18974082,-1.0103453,0.451417,0.61163384,1.0,9947,"tags=89%, list=70%, signal=295%",
GOBP_CD4_POSITIVE_ALPHA_BETA_T_CELL_CYTOKINE_PRODUCTION,GOBP_CD4_POSITIVE_ALPHA_BETA_T_CELL_CYTOKINE_PRODUCTION,,24,-0.17291506,-1.0081514,0.422,0.6151033,1.0,2879,"tags=38%, list=20%, signal=47%",
GOBP_KINETOCHORE_ORGANIZATION,GOBP_KINETOCHORE_ORGANIZATION,,18,-0.19572547,-1.0062232,0.45714286,0.6179443,1.0,9862,"tags=89%, list=69%, signal=290%",
GOBP_SKELETAL_MUSCLE_TISSUE_REGENERATION,GOBP_SKELETAL_MUSCLE_TISSUE_REGENERATION,,40,-0.13506448,-1.0049726,0.41894737,0.619638,1.0,3063,"tags=35%, list=22%, signal=44%",
GOBP_DETECTION_OF_CHEMICAL_STIMULUS,GOBP_DETECTION_OF_CHEMICAL_STIMULUS,,42,-0.12847804,-1.0043976,0.42209074,0.6201305,1.0,5967,"tags=55%, list=42%, signal=94%",
GOBP_REGULATION_OF_SMALL_MOLECULE_METABOLIC_PROCESS,GOBP_REGULATION_OF_SMALL_MOLECULE_METABOLIC_PROCESS,,356,-0.046081346,-1.0036207,0.4367589,0.6209448,1.0,920,"tags=11%, list=6%, signal=11%",
GOBP_POSITIVE_REGULATION_OF_NUCLEOTIDE_BIOSYNTHETIC_PROCESS,GOBP_POSITIVE_REGULATION_OF_NUCLEOTIDE_BIOSYNTHETIC_PROCESS,,17,-0.20312423,-1.0034,0.4204322,0.6208018,1.0,2135,"tags=35%, list=15%, signal=41%",
GOBP_HEAT_GENERATION,GOBP_HEAT_GENERATION,,25,-0.16686958,-1.0032309,0.4385965,0.62058717,1.0,1614,"tags=28%, list=11%, signal=32%",
GOBP_REGULATION_OF_CHOLESTEROL_STORAGE,GOBP_REGULATION_OF_CHOLESTEROL_STORAGE,,20,-0.18563832,-1.0027989,0.46307385,0.6208065,1.0,920,"tags=25%, list=6%, signal=27%",
GOBP_ISOPRENOID_BIOSYNTHETIC_PROCESS,GOBP_ISOPRENOID_BIOSYNTHETIC_PROCESS,,32,-0.15163155,-1.0024666,0.45093945,0.62084925,1.0,4960,"tags=50%, list=35%, signal=77%",
GOBP_TERTIARY_ALCOHOL_METABOLIC_PROCESS,GOBP_TERTIARY_ALCOHOL_METABOLIC_PROCESS,,21,-0.17942993,-0.99915975,0.44088176,0.6262354,1.0,4225,"tags=48%, list=30%, signal=68%",
GOBP_SULFUR_COMPOUND_CATABOLIC_PROCESS,GOBP_SULFUR_COMPOUND_CATABOLIC_PROCESS,,42,-0.12972231,-0.997614,0.41715398,0.62844354,1.0,2902,"tags=33%, list=20%, signal=42%",
GOBP_REGULATION_OF_DEFENSE_RESPONSE_TO_VIRUS_BY_HOST,GOBP_REGULATION_OF_DEFENSE_RESPONSE_TO_VIRUS_BY_HOST,,38,-0.13876139,-0.9972122,0.4251497,0.6286309,1.0,10757,"tags=89%, list=76%, signal=366%",
GOBP_RESPONSE_TO_COCAINE,GOBP_RESPONSE_TO_COCAINE,,51,-0.11874021,-0.9958063,0.46168584,0.63067955,1.0,4453,"tags=43%, list=31%, signal=63%",
GOBP_POSITIVE_REGULATION_OF_RESPONSE_TO_WOUNDING,GOBP_POSITIVE_REGULATION_OF_RESPONSE_TO_WOUNDING,,75,-0.09759838,-0.99202,0.46638656,0.63687766,1.0,4688,"tags=43%, list=33%, signal=63%",
GOBP_VITAMIN_METABOLIC_PROCESS,GOBP_VITAMIN_METABOLIC_PROCESS,,93,-0.0884273,-0.9916116,0.45708582,0.63704383,1.0,5327,"tags=46%, list=37%, signal=73%",
GOBP_POSITIVE_REGULATION_OF_PROTEIN_POLYMERIZATION,GOBP_POSITIVE_REGULATION_OF_PROTEIN_POLYMERIZATION,,81,-0.09433353,-0.9909302,0.44689378,0.6376717,1.0,4812,"tags=43%, list=34%, signal=65%",
GOBP_REGULATION_OF_ALTERNATIVE_MRNA_SPLICING_VIA_SPLICEOSOME,GOBP_REGULATION_OF_ALTERNATIVE_MRNA_SPLICING_VIA_SPLICEOSOME,,57,-0.10848978,-0.990361,0.436214,0.63812923,1.0,8444,"tags=70%, list=59%, signal=172%",
GOBP_RESPONSE_TO_NUTRIENT,GOBP_RESPONSE_TO_NUTRIENT,,171,-0.0648948,-0.9903179,0.44280443,0.6376482,1.0,5576,"tags=46%, list=39%, signal=74%",
GOBP_POSITIVE_REGULATION_OF_CHROMOSOME_SEGREGATION,GOBP_POSITIVE_REGULATION_OF_CHROMOSOME_SEGREGATION,,29,-0.15458196,-0.98980904,0.44208494,0.63799626,1.0,6634,"tags=62%, list=47%, signal=116%",
GOBP_POSITIVE_REGULATION_OF_CHEMOKINE_PRODUCTION,GOBP_POSITIVE_REGULATION_OF_CHEMOKINE_PRODUCTION,,73,-0.09736986,-0.98860294,0.43713734,0.63960904,1.0,3104,"tags=32%, list=22%, signal=40%",
GOBP_RESPONSE_TO_SALT,GOBP_RESPONSE_TO_SALT,,27,-0.1562032,-0.98857576,0.45824847,0.6391056,1.0,4631,"tags=48%, list=33%, signal=71%",
GOBP_NEGATIVE_REGULATION_OF_LIPID_LOCALIZATION,GOBP_NEGATIVE_REGULATION_OF_LIPID_LOCALIZATION,,58,-0.11083763,-0.98857313,0.44333997,0.63855606,1.0,3335,"tags=34%, list=23%, signal=45%",
GOBP_RESPONSE_TO_ALDOSTERONE,GOBP_RESPONSE_TO_ALDOSTERONE,,16,-0.20572424,-0.9862138,0.44660193,0.6422371,1.0,5078,"tags=56%, list=36%, signal=87%",
GOBP_GLYCOSYL_COMPOUND_CATABOLIC_PROCESS,GOBP_GLYCOSYL_COMPOUND_CATABOLIC_PROCESS,,25,-0.1628431,-0.98427486,0.4547244,0.6451109,1.0,2240,"tags=32%, list=16%, signal=38%",
GOBP_PURINE_NUCLEOTIDE_TRANSPORT,GOBP_PURINE_NUCLEOTIDE_TRANSPORT,,32,-0.14778614,-0.98361945,0.45360824,0.64579517,1.0,7681,"tags=69%, list=54%, signal=149%",
GOBP_RIBONUCLEOSIDE_MONOPHOSPHATE_METABOLIC_PROCESS,GOBP_RIBONUCLEOSIDE_MONOPHOSPHATE_METABOLIC_PROCESS,,50,-0.11842357,-0.98209846,0.4703633,0.64796376,1.0,6571,"tags=58%, list=46%, signal=107%",
GOBP_MITOCHONDRIAL_TRANSCRIPTION,GOBP_MITOCHONDRIAL_TRANSCRIPTION,,17,-0.19550832,-0.98182297,0.4725051,0.6479056,1.0,11445,"tags=100%, list=80%, signal=512%",
GOBP_ENDOCRINE_PROCESS,GOBP_ENDOCRINE_PROCESS,,93,-0.08559451,-0.9815229,0.45322245,0.6478769,1.0,1850,"tags=22%, list=13%, signal=25%",
GOBP_MODULATION_BY_SYMBIONT_OF_ENTRY_INTO_HOST,GOBP_MODULATION_BY_SYMBIONT_OF_ENTRY_INTO_HOST,,25,-0.16259795,-0.97963285,0.4329897,0.6508173,1.0,3950,"tags=44%, list=28%, signal=61%",
GOBP_NUCLEOTIDE_SALVAGE,GOBP_NUCLEOTIDE_SALVAGE,,26,-0.16071206,-0.97943276,0.44970414,0.650627,1.0,7565,"tags=69%, list=53%, signal=148%",
GOBP_POSITIVE_REGULATION_OF_NON_CANONICAL_NF_KAPPAB_SIGNAL_TRANSDUCTION,GOBP_POSITIVE_REGULATION_OF_NON_CANONICAL_NF_KAPPAB_SIGNAL_TRANSDUCTION,,60,-0.10693918,-0.97831744,0.46680498,0.65207624,1.0,3701,"tags=37%, list=26%, signal=49%",
GOBP_POLYSACCHARIDE_METABOLIC_PROCESS,GOBP_POLYSACCHARIDE_METABOLIC_PROCESS,,107,-0.082144886,-0.9774221,0.44513458,0.65311605,1.0,6816,"tags=56%, list=48%, signal=107%",
GOBP_REGULATION_OF_LIPID_TRANSPORT,GOBP_REGULATION_OF_LIPID_TRANSPORT,,137,-0.071153894,-0.97602373,0.4534413,0.6550367,1.0,3670,"tags=33%, list=26%, signal=44%",
GOBP_IMMUNOLOGICAL_SYNAPSE_FORMATION,GOBP_IMMUNOLOGICAL_SYNAPSE_FORMATION,,17,-0.19752929,-0.97528577,0.48785424,0.6558325,1.0,3051,"tags=41%, list=21%, signal=52%",
GOBP_RESPONSE_TO_PLATELET_DERIVED_GROWTH_FACTOR,GOBP_RESPONSE_TO_PLATELET_DERIVED_GROWTH_FACTOR,,28,-0.15864205,-0.9744667,0.46456692,0.6567089,1.0,4352,"tags=46%, list=31%, signal=67%",
GOBP_NEGATIVE_REGULATION_OF_IMMUNE_EFFECTOR_PROCESS,GOBP_NEGATIVE_REGULATION_OF_IMMUNE_EFFECTOR_PROCESS,,129,-0.07212404,-0.9740453,0.47619048,0.65691215,1.0,3284,"tags=30%, list=23%, signal=39%",
GOBP_MULTICELLULAR_ORGANISMAL_MOVEMENT,GOBP_MULTICELLULAR_ORGANISMAL_MOVEMENT,,56,-0.108245924,-0.97164994,0.4692623,0.6606475,1.0,1769,"tags=23%, list=12%, signal=26%",
GOBP_NEGATIVE_REGULATION_OF_NATURAL_KILLER_CELL_MEDIATED_IMMUNITY,GOBP_NEGATIVE_REGULATION_OF_NATURAL_KILLER_CELL_MEDIATED_IMMUNITY,,24,-0.16362906,-0.9675909,0.48665297,0.6673255,1.0,5381,"tags=54%, list=38%, signal=87%",
GOBP_PURINE_NUCLEOSIDE_MONOPHOSPHATE_METABOLIC_PROCESS,GOBP_PURINE_NUCLEOSIDE_MONOPHOSPHATE_METABOLIC_PROCESS,,35,-0.13834764,-0.9672348,0.4586614,0.66737956,1.0,6571,"tags=60%, list=46%, signal=111%",
GOBP_RESPONSE_TO_ETHER,GOBP_RESPONSE_TO_ETHER,,23,-0.16908994,-0.9672284,0.47609562,0.6668204,1.0,3165,"tags=39%, list=22%, signal=50%",
GOBP_POSITIVE_REGULATION_OF_T_CELL_CYTOKINE_PRODUCTION,GOBP_POSITIVE_REGULATION_OF_T_CELL_CYTOKINE_PRODUCTION,,25,-0.16220345,-0.96615624,0.46603775,0.6682027,1.0,9644,"tags=84%, list=68%, signal=261%",
GOBP_DEFINITIVE_HEMOPOIESIS,GOBP_DEFINITIVE_HEMOPOIESIS,,24,-0.16369069,-0.9653525,0.47928995,0.66904503,1.0,10713,"tags=92%, list=75%, signal=371%",
GOBP_DE_NOVO_PROTEIN_FOLDING,GOBP_DE_NOVO_PROTEIN_FOLDING,,43,-0.12230871,-0.96411884,0.49803922,0.67075443,1.0,2897,"tags=33%, list=20%, signal=41%",
GOBP_REGULATION_OF_CALCIUM_ION_TRANSPORT_INTO_CYTOSOL,GOBP_REGULATION_OF_CALCIUM_ION_TRANSPORT_INTO_CYTOSOL,,17,-0.19545034,-0.9636557,0.48172042,0.6710302,1.0,2244,"tags=35%, list=16%, signal=42%",
GOBP_NEGATIVE_REGULATION_OF_UBIQUITIN_PROTEIN_TRANSFERASE_ACTIVITY,GOBP_NEGATIVE_REGULATION_OF_UBIQUITIN_PROTEIN_TRANSFERASE_ACTIVITY,,18,-0.1890602,-0.9636309,0.46695095,0.6705049,1.0,476,"tags=22%, list=3%, signal=23%",
GOBP_RESPONSE_TO_OXIDATIVE_STRESS,GOBP_RESPONSE_TO_OXIDATIVE_STRESS,,392,-0.042338558,-0.9635761,0.5206612,0.67003053,1.0,6526,"tags=50%, list=46%, signal=90%",
GOBP_CGAS_STING_SIGNALING_PATHWAY,GOBP_CGAS_STING_SIGNALING_PATHWAY,,21,-0.17721665,-0.9635589,0.46365422,0.6695003,1.0,6288,"tags=62%, list=44%, signal=111%",
GOBP_REGULATION_OF_LEUKOCYTE_MIGRATION,GOBP_REGULATION_OF_LEUKOCYTE_MIGRATION,,224,-0.055126242,-0.9615661,0.49804688,0.67253345,1.0,3483,"tags=30%, list=24%, signal=39%",
GOBP_POSITIVE_REGULATION_OF_PROTEIN_IMPORT_INTO_NUCLEUS,GOBP_POSITIVE_REGULATION_OF_PROTEIN_IMPORT_INTO_NUCLEUS,,49,-0.11604947,-0.96027535,0.49904397,0.67431223,1.0,10836,"tags=88%, list=76%, signal=367%",
GOBP_REGULATION_OF_CELLULAR_RESPIRATION,GOBP_REGULATION_OF_CELLULAR_RESPIRATION,,48,-0.1146649,-0.96001464,0.4859287,0.6742515,1.0,4005,"tags=40%, list=28%, signal=55%",
GOBP_DNA_REPLICATION_INITIATION,GOBP_DNA_REPLICATION_INITIATION,,29,-0.15048787,-0.95989037,0.5068226,0.6739002,1.0,9144,"tags=79%, list=64%, signal=222%",
GOBP_MONOCYTE_CHEMOTACTIC_PROTEIN_1_PRODUCTION,GOBP_MONOCYTE_CHEMOTACTIC_PROTEIN_1_PRODUCTION,,27,-0.16035205,-0.9592074,0.49159664,0.67456204,1.0,2992,"tags=37%, list=21%, signal=47%",
GOBP_REGULATION_OF_BIOLOGICAL_PROCESS_INVOLVED_IN_SYMBIOTIC_INTERACTION,GOBP_REGULATION_OF_BIOLOGICAL_PROCESS_INVOLVED_IN_SYMBIOTIC_INTERACTION,,37,-0.13505512,-0.9589192,0.48686868,0.6744896,1.0,4235,"tags=43%, list=30%, signal=61%",
GOBP_BRANCH_ELONGATION_OF_AN_EPITHELIUM,GOBP_BRANCH_ELONGATION_OF_AN_EPITHELIUM,,21,-0.17688131,-0.95847106,0.5021552,0.67471886,1.0,3584,"tags=43%, list=25%, signal=57%",
GOBP_CELLULAR_RESPONSE_TO_GROWTH_HORMONE_STIMULUS,GOBP_CELLULAR_RESPONSE_TO_GROWTH_HORMONE_STIMULUS,,22,-0.17434967,-0.95773876,0.51111114,0.6754361,1.0,11100,"tags=95%, list=78%, signal=434%",
GOBP_SYNAPTIC_TRANSMISSION_DOPAMINERGIC,GOBP_SYNAPTIC_TRANSMISSION_DOPAMINERGIC,,23,-0.1649773,-0.9559456,0.49136275,0.67813873,1.0,4460,"tags=48%, list=31%, signal=70%",
GOBP_RESPONSE_TO_OSMOTIC_STRESS,GOBP_RESPONSE_TO_OSMOTIC_STRESS,,88,-0.08699338,-0.95581925,0.49902913,0.6777987,1.0,4266,"tags=39%, list=30%, signal=55%",
GOBP_TETRAHYDROFOLATE_METABOLIC_PROCESS,GOBP_TETRAHYDROFOLATE_METABOLIC_PROCESS,,22,-0.16776466,-0.9552749,0.47834274,0.678221,1.0,4083,"tags=45%, list=29%, signal=64%",
GOBP_T_CELL_CYTOKINE_PRODUCTION,GOBP_T_CELL_CYTOKINE_PRODUCTION,,43,-0.11870339,-0.9547696,0.5040816,0.6785996,1.0,4271,"tags=42%, list=30%, signal=60%",
GOBP_NEGATIVE_REGULATION_OF_INTERLEUKIN_10_PRODUCTION,GOBP_NEGATIVE_REGULATION_OF_INTERLEUKIN_10_PRODUCTION,,17,-0.19155334,-0.95463616,0.5106796,0.67827415,1.0,6482,"tags=65%, list=46%, signal=119%",
GOBP_DETERMINATION_OF_ADULT_LIFESPAN,GOBP_DETERMINATION_OF_ADULT_LIFESPAN,,42,-0.12486271,-0.95426416,0.46895075,0.67840415,1.0,10420,"tags=86%, list=73%, signal=320%",
GOBP_MACROPHAGE_CHEMOTAXIS,GOBP_MACROPHAGE_CHEMOTAXIS,,45,-0.122059196,-0.9542296,0.47976878,0.6778968,1.0,2695,"tags=31%, list=19%, signal=38%",
GOBP_COTRANSLATIONAL_PROTEIN_TARGETING_TO_MEMBRANE,GOBP_COTRANSLATIONAL_PROTEIN_TARGETING_TO_MEMBRANE,,17,-0.18969801,-0.95359963,0.48910892,0.6785032,1.0,10691,"tags=94%, list=75%, signal=379%",
GOBP_SHORT_TERM_MEMORY,GOBP_SHORT_TERM_MEMORY,,17,-0.1908079,-0.9535182,0.4898374,0.67806846,1.0,3983,"tags=47%, list=28%, signal=65%",
GOBP_PYRIMIDINE_NUCLEOSIDE_TRIPHOSPHATE_METABOLIC_PROCESS,GOBP_PYRIMIDINE_NUCLEOSIDE_TRIPHOSPHATE_METABOLIC_PROCESS,,20,-0.18039574,-0.95337576,0.49612403,0.6777544,1.0,8816,"tags=80%, list=62%, signal=210%",
GOBP_EOSINOPHIL_CHEMOTAXIS,GOBP_EOSINOPHIL_CHEMOTAXIS,,19,-0.18203518,-0.9526654,0.50614756,0.67849755,1.0,4152,"tags=47%, list=29%, signal=67%",
GOBP_ENDOLYSOSOMAL_TOLL_LIKE_RECEPTOR_SIGNALING_PATHWAY,GOBP_ENDOLYSOSOMAL_TOLL_LIKE_RECEPTOR_SIGNALING_PATHWAY,,47,-0.122120544,-0.95264757,0.4969072,0.67796314,1.0,6137,"tags=55%, list=43%, signal=97%",
GOBP_NUCLEOTIDE_TRANSPORT,GOBP_NUCLEOTIDE_TRANSPORT,,37,-0.13598308,-0.9510846,0.51476794,0.6802562,1.0,7681,"tags=68%, list=54%, signal=147%",
GOBP_NEGATIVE_REGULATION_OF_T_CELL_MEDIATED_IMMUNITY,GOBP_NEGATIVE_REGULATION_OF_T_CELL_MEDIATED_IMMUNITY,,24,-0.16259304,-0.949301,0.5073375,0.6828291,1.0,2433,"tags=33%, list=17%, signal=40%",
GOBP_PROTEIN_LOCALIZATION_TO_NUCLEOLUS,GOBP_PROTEIN_LOCALIZATION_TO_NUCLEOLUS,,15,-0.20357597,-0.94894904,0.53093815,0.682894,1.0,11330,"tags=100%, list=80%, signal=491%",
GOBP_NEGATIVE_REGULATION_OF_LEUKOCYTE_MEDIATED_IMMUNITY,GOBP_NEGATIVE_REGULATION_OF_LEUKOCYTE_MEDIATED_IMMUNITY,,67,-0.09796397,-0.94894737,0.5180266,0.68232656,1.0,3284,"tags=33%, list=23%, signal=42%",
GOBP_EXTRACELLULAR_MATRIX_DISASSEMBLY,GOBP_EXTRACELLULAR_MATRIX_DISASSEMBLY,,33,-0.14175873,-0.9489212,0.53125,0.6818069,1.0,3161,"tags=36%, list=22%, signal=47%",
GOBP_SLEEP,GOBP_SLEEP,,28,-0.15011172,-0.94864,0.5009597,0.68173105,1.0,9552,"tags=82%, list=67%, signal=250%",
GOBP_STEROID_HORMONE_SECRETION,GOBP_STEROID_HORMONE_SECRETION,,26,-0.15883437,-0.9484928,0.53174603,0.6814183,1.0,2669,"tags=35%, list=19%, signal=43%",
GOBP_NEGATIVE_REGULATION_OF_RESPONSE_TO_BIOTIC_STIMULUS,GOBP_NEGATIVE_REGULATION_OF_RESPONSE_TO_BIOTIC_STIMULUS,,119,-0.07280864,-0.94833475,0.51111114,0.68113804,1.0,6025,"tags=50%, list=42%, signal=85%",
GOBP_POSITIVE_REGULATION_OF_MONOCYTE_CHEMOTACTIC_PROTEIN_1_PRODUCTION,GOBP_POSITIVE_REGULATION_OF_MONOCYTE_CHEMOTACTIC_PROTEIN_1_PRODUCTION,,18,-0.17879242,-0.94795203,0.5175781,0.6812659,1.0,2992,"tags=39%, list=21%, signal=49%",
GOBP_VASODILATION,GOBP_VASODILATION,,55,-0.10913587,-0.94783634,0.503937,0.68088084,1.0,2592,"tags=29%, list=18%, signal=35%",
GOBP_PYRIMIDINE_NUCLEOSIDE_TRIPHOSPHATE_BIOSYNTHETIC_PROCESS,GOBP_PYRIMIDINE_NUCLEOSIDE_TRIPHOSPHATE_BIOSYNTHETIC_PROCESS,,15,-0.20798254,-0.94699514,0.5123457,0.6818119,1.0,5579,"tags=60%, list=39%, signal=99%",
GOBP_NEGATIVE_REGULATION_OF_PROTEASOMAL_PROTEIN_CATABOLIC_PROCESS,GOBP_NEGATIVE_REGULATION_OF_PROTEASOMAL_PROTEIN_CATABOLIC_PROCESS,,49,-0.11534385,-0.9469407,0.5080972,0.68134904,1.0,10846,"tags=88%, list=76%, signal=368%",
GOBP_REGULATION_OF_PH,GOBP_REGULATION_OF_PH,,96,-0.0827942,-0.9460724,0.50803214,0.6822945,1.0,3720,"tags=34%, list=26%, signal=46%",
GOBP_POSITIVE_REGULATION_OF_B_CELL_DIFFERENTIATION,GOBP_POSITIVE_REGULATION_OF_B_CELL_DIFFERENTIATION,,19,-0.17920013,-0.9436134,0.49800798,0.6861733,1.0,11677,"tags=100%, list=82%, signal=558%",
GOBP_POSITIVE_REGULATION_OF_MONONUCLEAR_CELL_MIGRATION,GOBP_POSITIVE_REGULATION_OF_MONONUCLEAR_CELL_MIGRATION,,94,-0.08328856,-0.9431522,0.52030945,0.68642414,1.0,3363,"tags=32%, list=24%, signal=42%",
GOBP_MAGNESIUM_ION_HOMEOSTASIS,GOBP_MAGNESIUM_ION_HOMEOSTASIS,,16,-0.19865806,-0.9416843,0.5338809,0.68854034,1.0,6956,"tags=69%, list=49%, signal=134%",
GOBP_REGULATION_OF_T_CELL_DIFFERENTIATION_IN_THYMUS,GOBP_REGULATION_OF_T_CELL_DIFFERENTIATION_IN_THYMUS,,31,-0.14611378,-0.9416596,0.5273109,0.6880135,1.0,6185,"tags=58%, list=43%, signal=103%",
GOBP_REGULATION_OF_CARDIAC_MUSCLE_CONTRACTION,GOBP_REGULATION_OF_CARDIAC_MUSCLE_CONTRACTION,,67,-0.09928525,-0.9414244,0.51209676,0.6878835,1.0,506,"tags=13%, list=4%, signal=14%",
GOBP_NEGATIVE_REGULATION_OF_ALPHA_BETA_T_CELL_DIFFERENTIATION,GOBP_NEGATIVE_REGULATION_OF_ALPHA_BETA_T_CELL_DIFFERENTIATION,,33,-0.13900992,-0.9412052,0.52138495,0.6877114,1.0,3200,"tags=36%, list=23%, signal=47%",
GOBP_MULTICELLULAR_ORGANISMAL_RESPONSE_TO_STRESS,GOBP_MULTICELLULAR_ORGANISMAL_RESPONSE_TO_STRESS,,93,-0.08280968,-0.93888927,0.52653927,0.69127595,1.0,2501,"tags=26%, list=18%, signal=31%",
GOBP_RRNA_MODIFICATION,GOBP_RRNA_MODIFICATION,,27,-0.1538887,-0.9388256,0.51039696,0.6908179,1.0,11511,"tags=96%, list=81%, signal=504%",
GOBP_REACTIVE_NITROGEN_SPECIES_METABOLIC_PROCESS,GOBP_REACTIVE_NITROGEN_SPECIES_METABOLIC_PROCESS,,92,-0.08323385,-0.9380175,0.51669943,0.6917202,1.0,3926,"tags=36%, list=28%, signal=49%",
GOBP_POSITIVE_REGULATION_OF_DEFENSE_RESPONSE,GOBP_POSITIVE_REGULATION_OF_DEFENSE_RESPONSE,,475,-0.03852409,-0.93799216,0.5194274,0.69120073,1.0,3124,"tags=26%, list=22%, signal=32%",
GOBP_POSITIVE_REGULATION_OF_MITOCHONDRIAL_MEMBRANE_PERMEABILITY,GOBP_POSITIVE_REGULATION_OF_MITOCHONDRIAL_MEMBRANE_PERMEABILITY,,36,-0.13335681,-0.9370738,0.53996104,0.6922978,1.0,7590,"tags=67%, list=53%, signal=143%",
GOBP_REGULATION_OF_EPITHELIAL_CELL_DIFFERENTIATION_INVOLVED_IN_KIDNEY_DEVELOPMENT,GOBP_REGULATION_OF_EPITHELIAL_CELL_DIFFERENTIATION_INVOLVED_IN_KIDNEY_DEVELOPMENT,,19,-0.18169053,-0.9357297,0.498,0.6942025,1.0,1163,"tags=26%, list=8%, signal=29%",
GOBP_POSITIVE_REGULATION_OF_T_CELL_RECEPTOR_SIGNALING_PATHWAY,GOBP_POSITIVE_REGULATION_OF_T_CELL_RECEPTOR_SIGNALING_PATHWAY,,18,-0.1822072,-0.93564457,0.55263156,0.6937965,1.0,10054,"tags=89%, list=71%, signal=303%",
GOBP_REGULATION_OF_KIDNEY_DEVELOPMENT,GOBP_REGULATION_OF_KIDNEY_DEVELOPMENT,,37,-0.12866041,-0.935447,0.52250487,0.69357586,1.0,3557,"tags=38%, list=25%, signal=50%",
GOBP_INTERLEUKIN_6_PRODUCTION,GOBP_INTERLEUKIN_6_PRODUCTION,,152,-0.06673731,-0.93496925,0.5414938,0.6938909,1.0,2898,"tags=27%, list=20%, signal=34%",
GOBP_CELLULAR_RESPONSE_TO_ESTRADIOL_STIMULUS,GOBP_CELLULAR_RESPONSE_TO_ESTRADIOL_STIMULUS,,32,-0.13831577,-0.93337756,0.5235174,0.6961769,1.0,9593,"tags=81%, list=67%, signal=249%",
GOBP_ATP_TRANSPORT,GOBP_ATP_TRANSPORT,,18,-0.18240668,-0.9327216,0.51132077,0.6967478,1.0,7681,"tags=72%, list=54%, signal=157%",
GOBP_POSITIVE_REGULATION_OF_LEUKOCYTE_MIGRATION,GOBP_POSITIVE_REGULATION_OF_LEUKOCYTE_MIGRATION,,157,-0.06440708,-0.9318433,0.5417515,0.6977769,1.0,3443,"tags=31%, list=24%, signal=40%",
GOBP_REGULATION_OF_POLYSACCHARIDE_METABOLIC_PROCESS,GOBP_REGULATION_OF_POLYSACCHARIDE_METABOLIC_PROCESS,,53,-0.110590674,-0.93092513,0.5383065,0.6988727,1.0,1654,"tags=23%, list=12%, signal=26%",
GOBP_POSITIVE_REGULATION_OF_PROTEIN_DEPOLYMERIZATION,GOBP_POSITIVE_REGULATION_OF_PROTEIN_DEPOLYMERIZATION,,16,-0.19184707,-0.930734,0.51033056,0.698657,1.0,10608,"tags=94%, list=75%, signal=369%",
GOBP_POSITIVE_REGULATION_OF_SODIUM_ION_TRANSMEMBRANE_TRANSPORT,GOBP_POSITIVE_REGULATION_OF_SODIUM_ION_TRANSMEMBRANE_TRANSPORT,,22,-0.16490595,-0.9280511,0.54435486,0.7029826,1.0,4770,"tags=50%, list=34%, signal=75%",
GOBP_POSITIVE_REGULATION_OF_INTERFERON_ALPHA_PRODUCTION,GOBP_POSITIVE_REGULATION_OF_INTERFERON_ALPHA_PRODUCTION,,25,-0.1531502,-0.9270303,0.5204918,0.7042846,1.0,8066,"tags=72%, list=57%, signal=166%",
GOBP_EOSINOPHIL_MIGRATION,GOBP_EOSINOPHIL_MIGRATION,,22,-0.16290517,-0.92693657,0.5201613,0.7038639,1.0,4152,"tags=45%, list=29%, signal=64%",
GOBP_REGULATION_OF_DNA_BIOSYNTHETIC_PROCESS,GOBP_REGULATION_OF_DNA_BIOSYNTHETIC_PROCESS,,101,-0.080316536,-0.9242935,0.5171026,0.7080915,1.0,3795,"tags=35%, list=27%, signal=47%",
GOBP_AXIS_ELONGATION,GOBP_AXIS_ELONGATION,,34,-0.13071415,-0.9236497,0.5406977,0.7087307,1.0,3584,"tags=38%, list=25%, signal=51%",
GOBP_CELLULAR_COMPONENT_DISASSEMBLY_INVOLVED_IN_EXECUTION_PHASE_OF_APOPTOSIS,GOBP_CELLULAR_COMPONENT_DISASSEMBLY_INVOLVED_IN_EXECUTION_PHASE_OF_APOPTOSIS,,33,-0.13587026,-0.92361253,0.5644531,0.7082286,1.0,7123,"tags=64%, list=50%, signal=127%",
GOBP_RESPONSE_TO_ANGIOTENSIN,GOBP_RESPONSE_TO_ANGIOTENSIN,,45,-0.11586876,-0.9222477,0.5589942,0.7100889,1.0,6259,"tags=56%, list=44%, signal=99%",
GOBP_SODIUM_ION_IMPORT_ACROSS_PLASMA_MEMBRANE,GOBP_SODIUM_ION_IMPORT_ACROSS_PLASMA_MEMBRANE,,22,-0.16825765,-0.920213,0.52986515,0.7132221,1.0,4076,"tags=45%, list=29%, signal=64%",
GOBP_POSITIVE_REGULATION_OF_LEUKOCYTE_APOPTOTIC_PROCESS,GOBP_POSITIVE_REGULATION_OF_LEUKOCYTE_APOPTOTIC_PROCESS,,35,-0.12970534,-0.91834193,0.5261044,0.7160923,1.0,12382,"tags=100%, list=87%, signal=771%",
GOBP_REGULATION_OF_PHOSPHATASE_ACTIVITY,GOBP_REGULATION_OF_PHOSPHATASE_ACTIVITY,,18,-0.1806856,-0.91682744,0.53556484,0.7181541,1.0,1385,"tags=28%, list=10%, signal=31%",
GOBP_NEGATIVE_REGULATION_OF_OSSIFICATION,GOBP_NEGATIVE_REGULATION_OF_OSSIFICATION,,44,-0.11728022,-0.91672295,0.53692615,0.7177639,1.0,4156,"tags=41%, list=29%, signal=58%",
GOBP_REGULATION_OF_CILIUM_DEPENDENT_CELL_MOTILITY,GOBP_REGULATION_OF_CILIUM_DEPENDENT_CELL_MOTILITY,,17,-0.1849272,-0.9146909,0.5502958,0.72079587,1.0,3230,"tags=41%, list=23%, signal=53%",
GOBP_CELLULAR_RESPONSE_TO_ALDEHYDE,GOBP_CELLULAR_RESPONSE_TO_ALDEHYDE,,18,-0.18322027,-0.9143096,0.5311871,0.7209096,1.0,1349,"tags=28%, list=9%, signal=31%",
GOBP_T_HELPER_2_CELL_CYTOKINE_PRODUCTION,GOBP_T_HELPER_2_CELL_CYTOKINE_PRODUCTION,,15,-0.19115397,-0.9140338,0.5489022,0.720796,1.0,4870,"tags=53%, list=34%, signal=81%",
GOBP_NEGATIVE_REGULATION_OF_LEUKOCYTE_PROLIFERATION,GOBP_NEGATIVE_REGULATION_OF_LEUKOCYTE_PROLIFERATION,,98,-0.08038341,-0.91326445,0.5282258,0.7216037,1.0,3074,"tags=30%, list=22%, signal=37%",
GOBP_POSITIVE_REGULATION_OF_CHOLESTEROL_BIOSYNTHETIC_PROCESS,GOBP_POSITIVE_REGULATION_OF_CHOLESTEROL_BIOSYNTHETIC_PROCESS,,17,-0.18532063,-0.91302764,0.56,0.72142774,1.0,5734,"tags=59%, list=40%, signal=98%",
GOBP_DENDRITE_EXTENSION,GOBP_DENDRITE_EXTENSION,,38,-0.12484554,-0.9128137,0.5473251,0.7212236,1.0,7212,"tags=63%, list=51%, signal=128%",
GOBP_PROTEIN_DNA_COMPLEX_DISASSEMBLY,GOBP_PROTEIN_DNA_COMPLEX_DISASSEMBLY,,18,-0.18155788,-0.91216934,0.54885656,0.7217587,1.0,6903,"tags=67%, list=49%, signal=129%",
GOBP_POSITIVE_REGULATION_OF_DENDRITE_DEVELOPMENT,GOBP_POSITIVE_REGULATION_OF_DENDRITE_DEVELOPMENT,,20,-0.17291035,-0.9121297,0.5535714,0.7212501,1.0,4656,"tags=50%, list=33%, signal=74%",
GOBP_MYELOID_CELL_HOMEOSTASIS,GOBP_MYELOID_CELL_HOMEOSTASIS,,200,-0.05685225,-0.91208756,0.5526839,0.7207437,1.0,8092,"tags=63%, list=57%, signal=143%",
GOBP_PROTEIN_NEDDYLATION,GOBP_PROTEIN_NEDDYLATION,,18,-0.17993459,-0.9120538,0.5598377,0.7202263,1.0,6136,"tags=61%, list=43%, signal=107%",
GOBP_POSITIVE_REGULATION_OF_ALPHA_BETA_T_CELL_DIFFERENTIATION,GOBP_POSITIVE_REGULATION_OF_ALPHA_BETA_T_CELL_DIFFERENTIATION,,52,-0.10545232,-0.90831023,0.55772996,0.7263937,1.0,10540,"tags=85%, list=74%, signal=326%",
GOBP_PLATELET_DENSE_GRANULE_ORGANIZATION,GOBP_PLATELET_DENSE_GRANULE_ORGANIZATION,,21,-0.1680483,-0.908182,0.5569106,0.7260502,1.0,5741,"tags=57%, list=40%, signal=96%",
GOBP_ARP2_3_COMPLEX_MEDIATED_ACTIN_NUCLEATION,GOBP_ARP2_3_COMPLEX_MEDIATED_ACTIN_NUCLEATION,,32,-0.1346862,-0.9076385,0.5803213,0.72646683,1.0,2534,"tags=31%, list=18%, signal=38%",
GOBP_REGULATION_OF_MYELOID_LEUKOCYTE_DIFFERENTIATION,GOBP_REGULATION_OF_MYELOID_LEUKOCYTE_DIFFERENTIATION,,131,-0.068222255,-0.90733784,0.5873016,0.726435,1.0,8050,"tags=63%, list=57%, signal=145%",
GOBP_NEGATIVE_REGULATION_OF_LIPID_STORAGE,GOBP_NEGATIVE_REGULATION_OF_LIPID_STORAGE,,29,-0.14212716,-0.90534437,0.55888224,0.7294159,1.0,5830,"tags=55%, list=41%, signal=93%",
GOBP_NEGATIVE_REGULATION_OF_CALCINEURIN_MEDIATED_SIGNALING,GOBP_NEGATIVE_REGULATION_OF_CALCINEURIN_MEDIATED_SIGNALING,,15,-0.1938899,-0.90373546,0.5494737,0.73167545,1.0,2935,"tags=40%, list=21%, signal=50%",
GOBP_CELLULAR_RESPONSE_TO_STEROID_HORMONE_STIMULUS,GOBP_CELLULAR_RESPONSE_TO_STEROID_HORMONE_STIMULUS,,174,-0.058505557,-0.9032784,0.554371,0.7318951,1.0,8006,"tags=62%, list=56%, signal=140%",
GOBP_MAMMARY_GLAND_ALVEOLUS_DEVELOPMENT,GOBP_MAMMARY_GLAND_ALVEOLUS_DEVELOPMENT,,20,-0.16486867,-0.9023058,0.54990214,0.73304707,1.0,1926,"tags=30%, list=14%, signal=35%",
GOBP_PYRIMIDINE_NUCLEOTIDE_METABOLIC_PROCESS,GOBP_PYRIMIDINE_NUCLEOTIDE_METABOLIC_PROCESS,,42,-0.118587494,-0.90097076,0.57894737,0.7348526,1.0,8816,"tags=74%, list=62%, signal=194%",
GOBP_CHAPERONE_MEDIATED_PROTEIN_COMPLEX_ASSEMBLY,GOBP_CHAPERONE_MEDIATED_PROTEIN_COMPLEX_ASSEMBLY,,17,-0.17857026,-0.9000022,0.5813953,0.73603094,1.0,9176,"tags=82%, list=65%, signal=232%",
GOBP_INTERMEMBRANE_LIPID_TRANSFER,GOBP_INTERMEMBRANE_LIPID_TRANSFER,,26,-0.14663343,-0.89991367,0.5738758,0.7356198,1.0,5577,"tags=54%, list=39%, signal=88%",
GOBP_POSITIVE_REGULATION_OF_LIPASE_ACTIVITY,GOBP_POSITIVE_REGULATION_OF_LIPASE_ACTIVITY,,20,-0.16887894,-0.8998849,0.546875,0.73508,1.0,1158,"tags=25%, list=8%, signal=27%",
GOBP_NEGATIVE_REGULATION_OF_NITRIC_OXIDE_METABOLIC_PROCESS,GOBP_NEGATIVE_REGULATION_OF_NITRIC_OXIDE_METABOLIC_PROCESS,,18,-0.17583138,-0.89936066,0.58350515,0.73544985,1.0,2244,"tags=33%, list=16%, signal=40%",
GOBP_ICOSANOID_BIOSYNTHETIC_PROCESS,GOBP_ICOSANOID_BIOSYNTHETIC_PROCESS,,48,-0.10884103,-0.89870936,0.5864811,0.7360173,1.0,3495,"tags=35%, list=25%, signal=47%",
GOBP_LIPOPROTEIN_CATABOLIC_PROCESS,GOBP_LIPOPROTEIN_CATABOLIC_PROCESS,,15,-0.19289503,-0.8985405,0.56435645,0.73571146,1.0,1053,"tags=27%, list=7%, signal=29%",
GOBP_REGULATION_OF_STEROL_TRANSPORT,GOBP_REGULATION_OF_STEROL_TRANSPORT,,59,-0.098341465,-0.8984716,0.58019805,0.7352456,1.0,3670,"tags=36%, list=26%, signal=48%",
GOBP_INHIBITORY_POSTSYNAPTIC_POTENTIAL,GOBP_INHIBITORY_POSTSYNAPTIC_POTENTIAL,,17,-0.17890984,-0.8975287,0.5933852,0.7363871,1.0,4152,"tags=47%, list=29%, signal=66%",
GOBP_CELLULAR_RESPONSE_TO_OXIDATIVE_STRESS,GOBP_CELLULAR_RESPONSE_TO_OXIDATIVE_STRESS,,241,-0.05007361,-0.8967607,0.57864076,0.7371904,1.0,6618,"tags=51%, list=47%, signal=95%",
GOBP_MATURATION_OF_LSU_RRNA_FROM_TRICISTRONIC_RRNA_TRANSCRIPT_SSU_RRNA_5_8S_RRNA_LSU_RRNA,GOBP_MATURATION_OF_LSU_RRNA_FROM_TRICISTRONIC_RRNA_TRANSCRIPT_SSU_RRNA_5_8S_RRNA_LSU_RRNA,,18,-0.17662543,-0.8966778,0.59063137,0.7367833,1.0,6183,"tags=61%, list=43%, signal=108%",
GOBP_NEGATIVE_REGULATION_OF_MRNA_CATABOLIC_PROCESS,GOBP_NEGATIVE_REGULATION_OF_MRNA_CATABOLIC_PROCESS,,65,-0.092460915,-0.89650136,0.5971944,0.7365071,1.0,8975,"tags=72%, list=63%, signal=195%",
GOBP_POSITIVE_REGULATION_OF_SMOOTH_MUSCLE_CELL_MIGRATION,GOBP_POSITIVE_REGULATION_OF_SMOOTH_MUSCLE_CELL_MIGRATION,,68,-0.09220033,-0.8955064,0.572314,0.7376513,1.0,3297,"tags=32%, list=23%, signal=42%",
GOBP_REGULATION_OF_TRANSCRIPTION_REGULATORY_REGION_DNA_BINDING,GOBP_REGULATION_OF_TRANSCRIPTION_REGULATORY_REGION_DNA_BINDING,,35,-0.12625724,-0.8954239,0.56969696,0.73721725,1.0,3492,"tags=37%, list=25%, signal=49%",
GOBP_PHOSPHOLIPID_METABOLIC_PROCESS,GOBP_PHOSPHOLIPID_METABOLIC_PROCESS,,321,-0.04298302,-0.8949999,0.5796813,0.7374248,1.0,6802,"tags=52%, list=48%, signal=97%",
GOBP_REGULATION_OF_LAMELLIPODIUM_ASSEMBLY,GOBP_REGULATION_OF_LAMELLIPODIUM_ASSEMBLY,,36,-0.12686324,-0.89494026,0.5772994,0.73695564,1.0,6102,"tags=56%, list=43%, signal=97%",
GOBP_PYRIMIDINE_RIBONUCLEOTIDE_METABOLIC_PROCESS,GOBP_PYRIMIDINE_RIBONUCLEOTIDE_METABOLIC_PROCESS,,29,-0.14331773,-0.89436495,0.5653061,0.73745644,1.0,8265,"tags=72%, list=58%, signal=173%",
GOBP_MITOTIC_CHROMOSOME_CONDENSATION,GOBP_MITOTIC_CHROMOSOME_CONDENSATION,,16,-0.19008712,-0.8943153,0.55925155,0.7369796,1.0,10633,"tags=94%, list=75%, signal=371%",
GOBP_NEGATIVE_REGULATION_OF_SMOOTH_MUSCLE_CELL_APOPTOTIC_PROCESS,GOBP_NEGATIVE_REGULATION_OF_SMOOTH_MUSCLE_CELL_APOPTOTIC_PROCESS,,18,-0.1774664,-0.8930688,0.5693277,0.7387113,1.0,5381,"tags=56%, list=38%, signal=89%",
GOBP_POSITIVE_REGULATION_OF_OSTEOCLAST_DIFFERENTIATION,GOBP_POSITIVE_REGULATION_OF_OSTEOCLAST_DIFFERENTIATION,,34,-0.13298425,-0.8929285,0.57057655,0.73838305,1.0,2297,"tags=29%, list=16%, signal=35%",
GOBP_DICARBOXYLIC_ACID_BIOSYNTHETIC_PROCESS,GOBP_DICARBOXYLIC_ACID_BIOSYNTHETIC_PROCESS,,20,-0.16405886,-0.8921494,0.5781893,0.7391769,1.0,9048,"tags=80%, list=64%, signal=220%",
GOBP_EMBRYONIC_SKELETAL_JOINT_DEVELOPMENT,GOBP_EMBRYONIC_SKELETAL_JOINT_DEVELOPMENT,,15,-0.18882632,-0.89208543,0.57945734,0.7387052,1.0,3955,"tags=47%, list=28%, signal=65%",
GOBP_REGULATION_OF_LEUKOCYTE_DEGRANULATION,GOBP_REGULATION_OF_LEUKOCYTE_DEGRANULATION,,50,-0.1064202,-0.8914409,0.59157896,0.739224,1.0,5319,"tags=48%, list=37%, signal=76%",
GOBP_REGULATION_OF_ADENYLATE_CYCLASE_ACTIVATING_G_PROTEIN_COUPLED_RECEPTOR_SIGNALING_PATHWAY,GOBP_REGULATION_OF_ADENYLATE_CYCLASE_ACTIVATING_G_PROTEIN_COUPLED_RECEPTOR_SIGNALING_PATHWAY,,17,-0.17657827,-0.8907538,0.59655833,0.73989725,1.0,839,"tags=24%, list=6%, signal=25%",
GOBP_GLYCOLYTIC_PROCESS_THROUGH_GLUCOSE_6_PHOSPHATE,GOBP_GLYCOLYTIC_PROCESS_THROUGH_GLUCOSE_6_PHOSPHATE,,21,-0.16192491,-0.8890473,0.58565736,0.74238497,1.0,2442,"tags=33%, list=17%, signal=40%",
GOBP_MELANIN_METABOLIC_PROCESS,GOBP_MELANIN_METABOLIC_PROCESS,,22,-0.1665802,-0.8884286,0.5793651,0.742969,1.0,2807,"tags=36%, list=20%, signal=45%",
GOBP_OOGENESIS,GOBP_OOGENESIS,,89,-0.078339234,-0.8873961,0.59026366,0.7442662,1.0,2569,"tags=26%, list=18%, signal=31%",
GOBP_CHOLESTEROL_STORAGE,GOBP_CHOLESTEROL_STORAGE,,26,-0.14665239,-0.88711566,0.58984375,0.74419063,1.0,1748,"tags=27%, list=12%, signal=31%",
GOBP_SECRETION_BY_TISSUE,GOBP_SECRETION_BY_TISSUE,,53,-0.10348191,-0.8864762,0.5874263,0.74473137,1.0,2828,"tags=30%, list=20%, signal=38%",
GOBP_REGULATION_OF_MYELOID_LEUKOCYTE_MEDIATED_IMMUNITY,GOBP_REGULATION_OF_MYELOID_LEUKOCYTE_MEDIATED_IMMUNITY,,63,-0.09736935,-0.88623995,0.5748503,0.74458975,1.0,6523,"tags=56%, list=46%, signal=102%",
GOBP_AMIDE_BIOSYNTHETIC_PROCESS,GOBP_AMIDE_BIOSYNTHETIC_PROCESS,,143,-0.063612625,-0.8857915,0.601227,0.7448348,1.0,5669,"tags=46%, list=40%, signal=76%",
GOBP_GRANULOCYTE_DIFFERENTIATION,GOBP_GRANULOCYTE_DIFFERENTIATION,,46,-0.10933825,-0.88479984,0.5903614,0.7460821,1.0,8344,"tags=70%, list=59%, signal=168%",
GOBP_REGULATION_OF_LIPOPROTEIN_METABOLIC_PROCESS,GOBP_REGULATION_OF_LIPOPROTEIN_METABOLIC_PROCESS,,16,-0.18356654,-0.8838907,0.5910931,0.74715084,1.0,8948,"tags=81%, list=63%, signal=219%",
GOBP_MODIFIED_AMINO_ACID_CATABOLIC_PROCESS,GOBP_MODIFIED_AMINO_ACID_CATABOLIC_PROCESS,,24,-0.1521683,-0.8832777,0.58316636,0.7477082,1.0,2581,"tags=33%, list=18%, signal=41%",
GOBP_FEMALE_GAMETE_GENERATION,GOBP_FEMALE_GAMETE_GENERATION,,138,-0.06530846,-0.8820951,0.602,0.7491135,1.0,4646,"tags=39%, list=33%, signal=58%",
GOBP_REGULATION_OF_LIPID_STORAGE,GOBP_REGULATION_OF_LIPID_STORAGE,,57,-0.0992831,-0.88165903,0.60588235,0.7492999,1.0,5830,"tags=51%, list=41%, signal=86%",
GOBP_REGULATION_OF_FATTY_ACID_METABOLIC_PROCESS,GOBP_REGULATION_OF_FATTY_ACID_METABOLIC_PROCESS,,104,-0.073210225,-0.8791923,0.61220473,0.7530778,1.0,2386,"tags=24%, list=17%, signal=29%",
GOBP_SULFUR_COMPOUND_BIOSYNTHETIC_PROCESS,GOBP_SULFUR_COMPOUND_BIOSYNTHETIC_PROCESS,,145,-0.06351823,-0.8770222,0.58217824,0.75640744,1.0,5678,"tags=46%, list=40%, signal=76%",
GOBP_POSITIVE_REGULATION_OF_GRANULOCYTE_CHEMOTAXIS,GOBP_POSITIVE_REGULATION_OF_GRANULOCYTE_CHEMOTAXIS,,29,-0.13755439,-0.8765859,0.59143966,0.7566099,1.0,3443,"tags=38%, list=24%, signal=50%",
GOBP_POSITIVE_REGULATION_OF_NF_KAPPAB_TRANSCRIPTION_FACTOR_ACTIVITY,GOBP_POSITIVE_REGULATION_OF_NF_KAPPAB_TRANSCRIPTION_FACTOR_ACTIVITY,,115,-0.068964176,-0.876583,0.6045198,0.75602895,1.0,3109,"tags=29%, list=22%, signal=36%",
GOBP_REGULATION_OF_ATP_BIOSYNTHETIC_PROCESS,GOBP_REGULATION_OF_ATP_BIOSYNTHETIC_PROCESS,,19,-0.16595146,-0.8763309,0.60692465,0.75590134,1.0,2135,"tags=32%, list=15%, signal=37%",
GOBP_GLYCEROLIPID_METABOLIC_PROCESS,GOBP_GLYCEROLIPID_METABOLIC_PROCESS,,354,-0.040755223,-0.87560797,0.62218046,0.7565758,1.0,7631,"tags=58%, list=54%, signal=121%",
GOBP_ASPARTATE_FAMILY_AMINO_ACID_BIOSYNTHETIC_PROCESS,GOBP_ASPARTATE_FAMILY_AMINO_ACID_BIOSYNTHETIC_PROCESS,,21,-0.15695843,-0.8752958,0.624,0.75655687,1.0,11316,"tags=95%, list=80%, signal=466%",
GOBP_NEGATIVE_REGULATION_OF_INTERLEUKIN_1_BETA_PRODUCTION,GOBP_NEGATIVE_REGULATION_OF_INTERLEUKIN_1_BETA_PRODUCTION,,23,-0.1509398,-0.8751825,0.63178295,0.756182,1.0,4041,"tags=43%, list=28%, signal=61%",
GOBP_LIPOPROTEIN_METABOLIC_PROCESS,GOBP_LIPOPROTEIN_METABOLIC_PROCESS,,83,-0.08202281,-0.87372184,0.59375,0.7582394,1.0,11863,"tags=92%, list=83%, signal=549%",
GOBP_HOST_MEDIATED_SUPPRESSION_OF_SYMBIONT_INVASION,GOBP_HOST_MEDIATED_SUPPRESSION_OF_SYMBIONT_INVASION,,32,-0.12570918,-0.87232155,0.6189474,0.7601171,1.0,4439,"tags=44%, list=31%, signal=63%",
GOBP_AMINO_ACID_IMPORT_ACROSS_PLASMA_MEMBRANE,GOBP_AMINO_ACID_IMPORT_ACROSS_PLASMA_MEMBRANE,,51,-0.10250873,-0.87066185,0.6322957,0.7624719,1.0,4683,"tags=43%, list=33%, signal=64%",
GOBP_RIBONUCLEOSIDE_METABOLIC_PROCESS,GOBP_RIBONUCLEOSIDE_METABOLIC_PROCESS,,28,-0.13979724,-0.87038285,0.6257928,0.76240206,1.0,2080,"tags=29%, list=15%, signal=33%",
GOBP_POSITIVE_REGULATION_OF_DNA_BINDING,GOBP_POSITIVE_REGULATION_OF_DNA_BINDING,,41,-0.11389972,-0.86904335,0.6152263,0.7641974,1.0,2895,"tags=32%, list=20%, signal=40%",
GOBP_INTRACELLULAR_IRON_ION_HOMEOSTASIS,GOBP_INTRACELLULAR_IRON_ION_HOMEOSTASIS,,67,-0.09129216,-0.8687477,0.6392405,0.764139,1.0,7199,"tags=60%, list=51%, signal=120%",
GOBP_PEPTIDE_METABOLIC_PROCESS,GOBP_PEPTIDE_METABOLIC_PROCESS,,52,-0.10393222,-0.86652476,0.6264151,0.767435,1.0,3998,"tags=38%, list=28%, signal=53%",
GOBP_REGULATION_OF_SKELETAL_MUSCLE_TISSUE_DEVELOPMENT,GOBP_REGULATION_OF_SKELETAL_MUSCLE_TISSUE_DEVELOPMENT,,28,-0.13666694,-0.86619014,0.61270493,0.76742744,1.0,4156,"tags=43%, list=29%, signal=60%",
GOBP_NEGATIVE_REGULATION_OF_B_CELL_PROLIFERATION,GOBP_NEGATIVE_REGULATION_OF_B_CELL_PROLIFERATION,,20,-0.1657876,-0.8657343,0.5777778,0.7676361,1.0,2624,"tags=35%, list=18%, signal=43%",
GOBP_POTASSIUM_ION_EXPORT_ACROSS_PLASMA_MEMBRANE,GOBP_POTASSIUM_ION_EXPORT_ACROSS_PLASMA_MEMBRANE,,18,-0.17083634,-0.8651263,0.6131078,0.7681342,1.0,3105,"tags=39%, list=22%, signal=50%",
GOBP_NEGATIVE_REGULATION_OF_TOLL_LIKE_RECEPTOR_SIGNALING_PATHWAY,GOBP_NEGATIVE_REGULATION_OF_TOLL_LIKE_RECEPTOR_SIGNALING_PATHWAY,,20,-0.16273502,-0.8631033,0.626,0.77115226,1.0,11911,"tags=100%, list=84%, signal=615%",
GOBP_DETOXIFICATION_OF_INORGANIC_COMPOUND,GOBP_DETOXIFICATION_OF_INORGANIC_COMPOUND,,15,-0.18530668,-0.86227065,0.6263048,0.77202386,1.0,4005,"tags=47%, list=28%, signal=65%",
GOBP_COMPLEMENT_ACTIVATION_CLASSICAL_PATHWAY,GOBP_COMPLEMENT_ACTIVATION_CLASSICAL_PATHWAY,,28,-0.13669713,-0.8616456,0.6156863,0.77252275,1.0,2124,"tags=29%, list=15%, signal=34%",
GOBP_PYRIMIDINE_NUCLEOBASE_METABOLIC_PROCESS,GOBP_PYRIMIDINE_NUCLEOBASE_METABOLIC_PROCESS,,19,-0.1644246,-0.8614672,0.63113004,0.7722608,1.0,7396,"tags=68%, list=52%, signal=142%",
GOBP_POSITIVE_REGULATION_OF_RECEPTOR_RECYCLING,GOBP_POSITIVE_REGULATION_OF_RECEPTOR_RECYCLING,,15,-0.18686001,-0.85954344,0.6349515,0.7751066,1.0,4931,"tags=53%, list=35%, signal=82%",
GOBP_T_CELL_DIFFERENTIATION_IN_THYMUS,GOBP_T_CELL_DIFFERENTIATION_IN_THYMUS,,105,-0.07177467,-0.8593938,0.62839246,0.7747772,1.0,9552,"tags=74%, list=67%, signal=225%",
GOBP_REGULATION_OF_RESPONSE_TO_NUTRIENT_LEVELS,GOBP_REGULATION_OF_RESPONSE_TO_NUTRIENT_LEVELS,,34,-0.12527004,-0.8586531,0.6215686,0.77548486,1.0,11190,"tags=91%, list=79%, signal=427%",
GOBP_REGULATION_OF_PLASMINOGEN_ACTIVATION,GOBP_REGULATION_OF_PLASMINOGEN_ACTIVATION,,15,-0.18526445,-0.85830843,0.6389452,0.77548087,1.0,9694,"tags=87%, list=68%, signal=272%",
GOBP_REGULATION_OF_VOLTAGE_GATED_CALCIUM_CHANNEL_ACTIVITY,GOBP_REGULATION_OF_VOLTAGE_GATED_CALCIUM_CHANNEL_ACTIVITY,,20,-0.15634461,-0.8576143,0.64503044,0.7761109,1.0,1336,"tags=25%, list=9%, signal=28%",
GOBP_ANTIFUNGAL_INNATE_IMMUNE_RESPONSE,GOBP_ANTIFUNGAL_INNATE_IMMUNE_RESPONSE,,21,-0.15811872,-0.85755,0.6217822,0.77564245,1.0,5882,"tags=57%, list=41%, signal=97%",
GOBP_POSITIVE_REGULATION_OF_INTERFERON_BETA_PRODUCTION,GOBP_POSITIVE_REGULATION_OF_INTERFERON_BETA_PRODUCTION,,47,-0.10602723,-0.8574983,0.62343097,0.775134,1.0,9996,"tags=81%, list=70%, signal=271%",
GOBP_REGULATION_OF_ESTABLISHMENT_OF_PROTEIN_LOCALIZATION_TO_MITOCHONDRION,GOBP_REGULATION_OF_ESTABLISHMENT_OF_PROTEIN_LOCALIZATION_TO_MITOCHONDRION,,24,-0.14233054,-0.8567655,0.63147795,0.7758143,1.0,7461,"tags=67%, list=52%, signal=140%",
GOBP_DENDRITIC_TRANSPORT,GOBP_DENDRITIC_TRANSPORT,,20,-0.15552777,-0.856537,0.6365462,0.77563006,1.0,7036,"tags=65%, list=49%, signal=128%",
GOBP_CALCIUM_ION_TRANSMEMBRANE_TRANSPORT_VIA_HIGH_VOLTAGE_GATED_CALCIUM_CHANNEL,GOBP_CALCIUM_ION_TRANSMEMBRANE_TRANSPORT_VIA_HIGH_VOLTAGE_GATED_CALCIUM_CHANNEL,,16,-0.1790831,-0.85181415,0.6255144,0.78325856,1.0,2790,"tags=38%, list=20%, signal=47%",
GOBP_CYTOKINE_PRODUCTION_INVOLVED_IN_IMMUNE_RESPONSE,GOBP_CYTOKINE_PRODUCTION_INVOLVED_IN_IMMUNE_RESPONSE,,140,-0.06151145,-0.85116583,0.6666667,0.78377086,1.0,3198,"tags=29%, list=22%, signal=36%",
GOBP_PIGMENT_GRANULE_ORGANIZATION,GOBP_PIGMENT_GRANULE_ORGANIZATION,,33,-0.12576142,-0.8510456,0.66729677,0.7833699,1.0,10283,"tags=85%, list=72%, signal=306%",
GOBP_GLUCOSE_CATABOLIC_PROCESS,GOBP_GLUCOSE_CATABOLIC_PROCESS,,27,-0.13702452,-0.8510142,0.6152344,0.7828334,1.0,1743,"tags=26%, list=12%, signal=29%",
GOBP_NATURAL_KILLER_CELL_DIFFERENTIATION,GOBP_NATURAL_KILLER_CELL_DIFFERENTIATION,,34,-0.12361566,-0.8498999,0.63671875,0.7841605,1.0,12050,"tags=97%, list=85%, signal=634%",
GOBP_POSITIVE_REGULATION_OF_DEFENSE_RESPONSE_TO_VIRUS_BY_HOST,GOBP_POSITIVE_REGULATION_OF_DEFENSE_RESPONSE_TO_VIRUS_BY_HOST,,28,-0.1367802,-0.84858125,0.66129035,0.78595,1.0,10757,"tags=89%, list=76%, signal=366%",
GOBP_PYRIMIDINE_NUCLEOTIDE_BIOSYNTHETIC_PROCESS,GOBP_PYRIMIDINE_NUCLEOTIDE_BIOSYNTHETIC_PROCESS,,30,-0.13138843,-0.84794796,0.6388309,0.78645,1.0,5721,"tags=53%, list=40%, signal=89%",
GOBP_SYNAPTONEMAL_COMPLEX_ORGANIZATION,GOBP_SYNAPTONEMAL_COMPLEX_ORGANIZATION,,16,-0.17489003,-0.84707344,0.648,0.7874352,1.0,5516,"tags=56%, list=39%, signal=92%",
GOBP_HYDROGEN_PEROXIDE_BIOSYNTHETIC_PROCESS,GOBP_HYDROGEN_PEROXIDE_BIOSYNTHETIC_PROCESS,,19,-0.15929933,-0.8463085,0.6347656,0.7881546,1.0,1481,"tags=26%, list=10%, signal=29%",
GOBP_NEGATIVE_REGULATION_OF_INTERLEUKIN_1_PRODUCTION,GOBP_NEGATIVE_REGULATION_OF_INTERLEUKIN_1_PRODUCTION,,31,-0.12774101,-0.8430975,0.6302521,0.79322207,1.0,4152,"tags=42%, list=29%, signal=59%",
GOBP_NEGATIVE_REGULATION_OF_RNA_CATABOLIC_PROCESS,GOBP_NEGATIVE_REGULATION_OF_RNA_CATABOLIC_PROCESS,,76,-0.08276313,-0.84304065,0.6621094,0.7927212,1.0,7812,"tags=63%, list=55%, signal=139%",
GOBP_REGENERATION,GOBP_REGENERATION,,206,-0.05122631,-0.8423421,0.6566866,0.7932989,1.0,3218,"tags=28%, list=23%, signal=35%",
GOBP_REGULATION_OF_PROTEIN_TARGETING_TO_MITOCHONDRION,GOBP_REGULATION_OF_PROTEIN_TARGETING_TO_MITOCHONDRION,,19,-0.15984778,-0.8419046,0.6407186,0.7934616,1.0,7461,"tags=68%, list=52%, signal=144%",
GOBP_REGULATION_OF_KETONE_METABOLIC_PROCESS,GOBP_REGULATION_OF_KETONE_METABOLIC_PROCESS,,143,-0.060223415,-0.84120023,0.6614173,0.79413104,1.0,4225,"tags=36%, list=30%, signal=50%",
GOBP_RESPONSE_TO_DEXAMETHASONE,GOBP_RESPONSE_TO_DEXAMETHASONE,,47,-0.10274884,-0.8406884,0.658,0.7944169,1.0,6109,"tags=53%, list=43%, signal=93%",
GOBP_REGULATION_OF_SUPEROXIDE_METABOLIC_PROCESS,GOBP_REGULATION_OF_SUPEROXIDE_METABOLIC_PROCESS,,35,-0.11948196,-0.84053963,0.6653772,0.79408187,1.0,6026,"tags=54%, list=42%, signal=94%",
GOBP_DETECTION_OF_MECHANICAL_STIMULUS,GOBP_DETECTION_OF_MECHANICAL_STIMULUS,,48,-0.10469876,-0.84016407,0.6347305,0.7941618,1.0,591,"tags=15%, list=4%, signal=15%",
GOBP_POSITIVE_REGULATION_OF_TRANSCRIPTION_REGULATORY_REGION_DNA_BINDING,GOBP_POSITIVE_REGULATION_OF_TRANSCRIPTION_REGULATORY_REGION_DNA_BINDING,,16,-0.17169133,-0.839439,0.6600398,0.794759,1.0,2895,"tags=38%, list=20%, signal=47%",
GOBP_EMBRYONIC_DIGESTIVE_TRACT_DEVELOPMENT,GOBP_EMBRYONIC_DIGESTIVE_TRACT_DEVELOPMENT,,35,-0.122261345,-0.838871,0.65407556,0.7951784,1.0,3955,"tags=40%, list=28%, signal=55%",
GOBP_POSITIVE_REGULATION_OF_ORGAN_GROWTH,GOBP_POSITIVE_REGULATION_OF_ORGAN_GROWTH,,59,-0.09299414,-0.8377865,0.64016736,0.7964961,1.0,5674,"tags=49%, list=40%, signal=81%",
GOBP_NEGATIVE_REGULATION_OF_PROTEOLYSIS_INVOLVED_IN_PROTEIN_CATABOLIC_PROCESS,GOBP_NEGATIVE_REGULATION_OF_PROTEOLYSIS_INVOLVED_IN_PROTEIN_CATABOLIC_PROCESS,,67,-0.0860165,-0.837513,0.6639344,0.7963838,1.0,11731,"tags=91%, list=82%, signal=518%",
GOBP_RENAL_SYSTEM_PROCESS_INVOLVED_IN_REGULATION_OF_BLOOD_VOLUME,GOBP_RENAL_SYSTEM_PROCESS_INVOLVED_IN_REGULATION_OF_BLOOD_VOLUME,,15,-0.18021962,-0.8370415,0.64176244,0.7966219,1.0,285,"tags=20%, list=2%, signal=20%",
GOBP_PYRIMIDINE_RIBONUCLEOTIDE_BIOSYNTHETIC_PROCESS,GOBP_PYRIMIDINE_RIBONUCLEOTIDE_BIOSYNTHETIC_PROCESS,,20,-0.15559468,-0.8365146,0.66935486,0.79693186,1.0,6324,"tags=60%, list=44%, signal=108%",
GOBP_TROPHOBLAST_CELL_MIGRATION,GOBP_TROPHOBLAST_CELL_MIGRATION,,19,-0.16237892,-0.8364954,0.66795367,0.79638076,1.0,8922,"tags=79%, list=63%, signal=212%",
GOBP_REGULATION_OF_ENDOTHELIAL_CELL_CHEMOTAXIS,GOBP_REGULATION_OF_ENDOTHELIAL_CELL_CHEMOTAXIS,,22,-0.14697254,-0.8360183,0.6614173,0.7966583,1.0,2439,"tags=32%, list=17%, signal=38%",
GOBP_REGULATION_OF_SPINDLE_CHECKPOINT,GOBP_REGULATION_OF_SPINDLE_CHECKPOINT,,24,-0.13913444,-0.83562076,0.6459627,0.7967881,1.0,9284,"tags=79%, list=65%, signal=228%",
GOBP_LIPOPOLYSACCHARIDE_MEDIATED_SIGNALING_PATHWAY,GOBP_LIPOPOLYSACCHARIDE_MEDIATED_SIGNALING_PATHWAY,,56,-0.0950948,-0.83561003,0.67196816,0.7962129,1.0,8050,"tags=66%, list=57%, signal=152%",
GOBP_FOREBRAIN_REGIONALIZATION,GOBP_FOREBRAIN_REGIONALIZATION,,20,-0.15529539,-0.8347213,0.6749482,0.79712474,1.0,2773,"tags=35%, list=19%, signal=43%",
GOBP_NEGATIVE_REGULATION_OF_REACTIVE_OXYGEN_SPECIES_METABOLIC_PROCESS,GOBP_NEGATIVE_REGULATION_OF_REACTIVE_OXYGEN_SPECIES_METABOLIC_PROCESS,,47,-0.10607528,-0.83413976,0.67628866,0.79751647,1.0,6667,"tags=57%, list=47%, signal=108%",
GOBP_ADULT_HEART_DEVELOPMENT,GOBP_ADULT_HEART_DEVELOPMENT,,16,-0.17169133,-0.8329346,0.6812749,0.7990385,1.0,2895,"tags=38%, list=20%, signal=47%",
GOBP_MISMATCH_REPAIR,GOBP_MISMATCH_REPAIR,,23,-0.14735694,-0.8301283,0.6608315,0.8032071,1.0,8420,"tags=74%, list=59%, signal=181%",
GOBP_POSITIVE_REGULATION_OF_CELL_DIVISION,GOBP_POSITIVE_REGULATION_OF_CELL_DIVISION,,74,-0.08066746,-0.8301253,0.69135803,0.8026213,1.0,6739,"tags=55%, list=47%, signal=105%",
GOBP_REGULATION_OF_T_CELL_RECEPTOR_SIGNALING_PATHWAY,GOBP_REGULATION_OF_T_CELL_RECEPTOR_SIGNALING_PATHWAY,,49,-0.099008106,-0.82993394,0.6528302,0.80235326,1.0,2661,"tags=29%, list=19%, signal=35%",
GOBP_TRANS_SYNAPTIC_SIGNALING_MODULATING_SYNAPTIC_TRANSMISSION,GOBP_TRANS_SYNAPTIC_SIGNALING_MODULATING_SYNAPTIC_TRANSMISSION,,18,-0.16174984,-0.8296423,0.6863158,0.80225277,1.0,2444,"tags=33%, list=17%, signal=40%",
GOBP_CIRCADIAN_REGULATION_OF_GENE_EXPRESSION,GOBP_CIRCADIAN_REGULATION_OF_GENE_EXPRESSION,,59,-0.089951865,-0.82869446,0.6401591,0.80324405,1.0,12225,"tags=95%, list=86%, signal=673%",
GOBP_TRANSPOSITION,GOBP_TRANSPOSITION,,25,-0.13822769,-0.8286817,0.6771037,0.8026757,1.0,7709,"tags=68%, list=54%, signal=148%",
GOBP_VITAMIN_D_METABOLIC_PROCESS,GOBP_VITAMIN_D_METABOLIC_PROCESS,,15,-0.17417523,-0.82843566,0.6872428,0.80250365,1.0,2267,"tags=33%, list=16%, signal=40%",
GOBP_ERYTHROCYTE_HOMEOSTASIS,GOBP_ERYTHROCYTE_HOMEOSTASIS,,155,-0.057485692,-0.827931,0.70178926,0.80281365,1.0,8092,"tags=63%, list=57%, signal=144%",
GOBP_SUBPALLIUM_DEVELOPMENT,GOBP_SUBPALLIUM_DEVELOPMENT,,20,-0.15146117,-0.8268027,0.6585366,0.80416894,1.0,10649,"tags=90%, list=75%, signal=358%",
GOBP_REGULATION_OF_NEUTROPHIL_CHEMOTAXIS,GOBP_REGULATION_OF_NEUTROPHIL_CHEMOTAXIS,,33,-0.12033217,-0.825972,0.6792453,0.80499977,1.0,3465,"tags=36%, list=24%, signal=48%",
GOBP_RESPONSE_TO_THYROID_HORMONE,GOBP_RESPONSE_TO_THYROID_HORMONE,,21,-0.14951377,-0.8235691,0.6594488,0.8084406,1.0,5327,"tags=52%, list=37%, signal=84%",
GOBP_NEGATIVE_REGULATION_OF_LIPID_CATABOLIC_PROCESS,GOBP_NEGATIVE_REGULATION_OF_LIPID_CATABOLIC_PROCESS,,27,-0.1329461,-0.8230565,0.6851852,0.80868626,1.0,3381,"tags=37%, list=24%, signal=48%",
GOBP_MUSCLE_CELL_MIGRATION,GOBP_MUSCLE_CELL_MIGRATION,,128,-0.06327055,-0.8225368,0.68921775,0.8089685,1.0,4220,"tags=36%, list=30%, signal=51%",
GOBP_NEUROTRANSMITTER_RECEPTOR_LOCALIZATION_TO_POSTSYNAPTIC_SPECIALIZATION_MEMBRANE,GOBP_NEUROTRANSMITTER_RECEPTOR_LOCALIZATION_TO_POSTSYNAPTIC_SPECIALIZATION_MEMBRANE,,43,-0.10701479,-0.82142603,0.6942149,0.81027114,1.0,4106,"tags=40%, list=29%, signal=55%",
GOBP_MELANOCYTE_DIFFERENTIATION,GOBP_MELANOCYTE_DIFFERENTIATION,,22,-0.14404662,-0.8213003,0.69057375,0.8098768,1.0,6359,"tags=59%, list=45%, signal=107%",
GOBP_NEGATIVE_REGULATION_OF_VASCULAR_ASSOCIATED_SMOOTH_MUSCLE_CELL_PROLIFERATION,GOBP_NEGATIVE_REGULATION_OF_VASCULAR_ASSOCIATED_SMOOTH_MUSCLE_CELL_PROLIFERATION,,32,-0.119551234,-0.820468,0.72256726,0.8106471,1.0,6304,"tags=56%, list=44%, signal=101%",
GOBP_MITOCHONDRIAL_CALCIUM_ION_TRANSMEMBRANE_TRANSPORT,GOBP_MITOCHONDRIAL_CALCIUM_ION_TRANSMEMBRANE_TRANSPORT,,15,-0.1749214,-0.8197738,0.67196816,0.8111884,1.0,10789,"tags=93%, list=76%, signal=386%",
GOBP_REGULATION_OF_GRANULOCYTE_CHEMOTAXIS,GOBP_REGULATION_OF_GRANULOCYTE_CHEMOTAXIS,,56,-0.09608062,-0.81791306,0.6752988,0.813738,1.0,3465,"tags=34%, list=24%, signal=45%",
GOBP_NEGATIVE_REGULATION_OF_MUSCLE_CONTRACTION,GOBP_NEGATIVE_REGULATION_OF_MUSCLE_CONTRACTION,,27,-0.13586336,-0.8174676,0.68367344,0.8138953,1.0,4393,"tags=44%, list=31%, signal=64%",
GOBP_REGULATION_OF_LIPID_CATABOLIC_PROCESS,GOBP_REGULATION_OF_LIPID_CATABOLIC_PROCESS,,63,-0.0891649,-0.81724507,0.696,0.8136938,1.0,8445,"tags=68%, list=59%, signal=167%",
GOBP_RIG_I_SIGNALING_PATHWAY,GOBP_RIG_I_SIGNALING_PATHWAY,,22,-0.14711982,-0.8169432,0.6779324,0.81361574,1.0,8901,"tags=77%, list=63%, signal=206%",
GOBP_CALCIUM_ION_IMPORT_ACROSS_PLASMA_MEMBRANE,GOBP_CALCIUM_ION_IMPORT_ACROSS_PLASMA_MEMBRANE,,31,-0.12210552,-0.8155647,0.6600398,0.8153775,1.0,2397,"tags=29%, list=17%, signal=35%",
GOBP_LACTATE_METABOLIC_PROCESS,GOBP_LACTATE_METABOLIC_PROCESS,,19,-0.15551926,-0.8152031,0.68463075,0.81539494,1.0,6774,"tags=63%, list=48%, signal=120%",
GOBP_REGULATION_OF_METAPHASE_PLATE_CONGRESSION,GOBP_REGULATION_OF_METAPHASE_PLATE_CONGRESSION,,15,-0.1761603,-0.81386644,0.7157258,0.8170742,1.0,5083,"tags=53%, list=36%, signal=83%",
GOBP_FEMALE_GENITALIA_DEVELOPMENT,GOBP_FEMALE_GENITALIA_DEVELOPMENT,,17,-0.16558301,-0.81176573,0.6843177,0.8199673,1.0,10197,"tags=88%, list=72%, signal=311%",
GOBP_NEGATIVE_REGULATION_OF_ALPHA_BETA_T_CELL_ACTIVATION,GOBP_NEGATIVE_REGULATION_OF_ALPHA_BETA_T_CELL_ACTIVATION,,50,-0.09613437,-0.8116488,0.7049505,0.8195693,1.0,11722,"tags=92%, list=82%, signal=522%",
GOBP_REGULATION_OF_CARDIAC_MUSCLE_CELL_ACTION_POTENTIAL,GOBP_REGULATION_OF_CARDIAC_MUSCLE_CELL_ACTION_POTENTIAL,,28,-0.12555733,-0.81153995,0.6915114,0.8191519,1.0,2790,"tags=32%, list=20%, signal=40%",
GOBP_REGULATION_OF_MORPHOGENESIS_OF_A_BRANCHING_STRUCTURE,GOBP_REGULATION_OF_MORPHOGENESIS_OF_A_BRANCHING_STRUCTURE,,63,-0.08822313,-0.8112032,0.68565816,0.8191281,1.0,3718,"tags=35%, list=26%, signal=47%",
GOBP_CELLULAR_PIGMENTATION,GOBP_CELLULAR_PIGMENTATION,,51,-0.09600647,-0.8096987,0.694,0.82099533,1.0,10352,"tags=82%, list=73%, signal=302%",
GOBP_CELLULAR_RESPONSE_TO_ESTROGEN_STIMULUS,GOBP_CELLULAR_RESPONSE_TO_ESTROGEN_STIMULUS,,18,-0.16147213,-0.80868244,0.6983806,0.82208073,1.0,3238,"tags=39%, list=23%, signal=50%",
GOBP_POSITIVE_REGULATION_OF_MAST_CELL_DEGRANULATION,GOBP_POSITIVE_REGULATION_OF_MAST_CELL_DEGRANULATION,,22,-0.14332633,-0.8071824,0.7251586,0.82403076,1.0,4430,"tags=45%, list=31%, signal=66%",
GOBP_REGULATION_OF_MAST_CELL_ACTIVATION,GOBP_REGULATION_OF_MAST_CELL_ACTIVATION,,21,-0.14613685,-0.80417955,0.7048832,0.8283573,1.0,1989,"tags=29%, list=14%, signal=33%",
GOBP_ANAPHASE_PROMOTING_COMPLEX_DEPENDENT_CATABOLIC_PROCESS,GOBP_ANAPHASE_PROMOTING_COMPLEX_DEPENDENT_CATABOLIC_PROCESS,,20,-0.15237659,-0.8040867,0.6744639,0.8279106,1.0,10636,"tags=90%, list=75%, signal=357%",
GOBP_NEGATIVE_REGULATION_OF_MIRNA_METABOLIC_PROCESS,GOBP_NEGATIVE_REGULATION_OF_MIRNA_METABOLIC_PROCESS,,27,-0.12923302,-0.80293727,0.6888412,0.8292055,1.0,2907,"tags=33%, list=20%, signal=42%",
GOBP_MAINTENANCE_OF_LOCATION,GOBP_MAINTENANCE_OF_LOCATION,,204,-0.048517406,-0.7998129,0.6825726,0.8338159,1.0,3643,"tags=30%, list=26%, signal=40%",
GOBP_POSITIVE_REGULATION_OF_MEMBRANE_POTENTIAL,GOBP_POSITIVE_REGULATION_OF_MEMBRANE_POTENTIAL,,20,-0.14841913,-0.799291,0.6886228,0.8340784,1.0,7848,"tags=70%, list=55%, signal=156%",
GOBP_POSITIVE_REGULATION_OF_MYELOID_CELL_DIFFERENTIATION,GOBP_POSITIVE_REGULATION_OF_MYELOID_CELL_DIFFERENTIATION,,103,-0.0669654,-0.79899573,0.73956263,0.83393764,1.0,8030,"tags=63%, list=56%, signal=144%",
GOBP_REGULATION_OF_CHOLESTEROL_METABOLIC_PROCESS,GOBP_REGULATION_OF_CHOLESTEROL_METABOLIC_PROCESS,,50,-0.09571385,-0.79820216,0.6909449,0.83464175,1.0,920,"tags=16%, list=6%, signal=17%",
GOBP_CELLULAR_RESPONSE_TO_LITHIUM_ION,GOBP_CELLULAR_RESPONSE_TO_LITHIUM_ION,,16,-0.16434357,-0.7973189,0.687885,0.83550954,1.0,4777,"tags=50%, list=34%, signal=75%",
GOBP_NEGATIVE_REGULATION_OF_BIOMINERAL_TISSUE_DEVELOPMENT,GOBP_NEGATIVE_REGULATION_OF_BIOMINERAL_TISSUE_DEVELOPMENT,,21,-0.14814892,-0.7972489,0.70408165,0.8350255,1.0,3992,"tags=43%, list=28%, signal=59%",
GOBP_FEMALE_MEIOTIC_NUCLEAR_DIVISION,GOBP_FEMALE_MEIOTIC_NUCLEAR_DIVISION,,33,-0.115189105,-0.79705435,0.7410359,0.8347394,1.0,10433,"tags=85%, list=73%, signal=318%",
GOBP_POSITIVE_REGULATION_OF_CHROMOSOME_SEPARATION,GOBP_POSITIVE_REGULATION_OF_CHROMOSOME_SEPARATION,,29,-0.12410583,-0.79667133,0.7248996,0.83475053,1.0,5105,"tags=48%, list=36%, signal=75%",
GOBP_NEGATIVE_REGULATION_OF_T_CELL_PROLIFERATION,GOBP_NEGATIVE_REGULATION_OF_T_CELL_PROLIFERATION,,74,-0.07894328,-0.79631984,0.6918367,0.8346969,1.0,1959,"tags=22%, list=14%, signal=25%",
GOBP_POSITIVE_REGULATION_OF_GLUCOSE_METABOLIC_PROCESS,GOBP_POSITIVE_REGULATION_OF_GLUCOSE_METABOLIC_PROCESS,,62,-0.08566875,-0.79319614,0.71292776,0.83924437,1.0,6816,"tags=56%, list=48%, signal=108%",
GOBP_MYOTUBE_CELL_DEVELOPMENT,GOBP_MYOTUBE_CELL_DEVELOPMENT,,44,-0.10208917,-0.7930822,0.71984434,0.8388249,1.0,6957,"tags=59%, list=49%, signal=115%",
GOBP_NEGATIVE_REGULATION_OF_INTRINSIC_APOPTOTIC_SIGNALING_PATHWAY_BY_P53_CLASS_MEDIATOR,GOBP_NEGATIVE_REGULATION_OF_INTRINSIC_APOPTOTIC_SIGNALING_PATHWAY_BY_P53_CLASS_MEDIATOR,,19,-0.1511759,-0.7926013,0.7372549,0.838991,1.0,12075,"tags=100%, list=85%, signal=662%",
GOBP_NEGATIVE_REGULATION_OF_JNK_CASCADE,GOBP_NEGATIVE_REGULATION_OF_JNK_CASCADE,,37,-0.109089434,-0.7915737,0.7285429,0.8400749,1.0,5372,"tags=49%, list=38%, signal=78%",
GOBP_REGULATION_OF_CAMP_MEDIATED_SIGNALING,GOBP_REGULATION_OF_CAMP_MEDIATED_SIGNALING,,27,-0.12633924,-0.78978956,0.74451095,0.84227306,1.0,6635,"tags=59%, list=47%, signal=111%",
GOBP_NEUROPEPTIDE_SIGNALING_PATHWAY,GOBP_NEUROPEPTIDE_SIGNALING_PATHWAY,,54,-0.09049852,-0.78833824,0.726,0.84399575,1.0,4776,"tags=43%, list=34%, signal=64%",
GOBP_NEGATIVE_REGULATION_OF_INTERLEUKIN_12_PRODUCTION,GOBP_NEGATIVE_REGULATION_OF_INTERLEUKIN_12_PRODUCTION,,19,-0.14924882,-0.7882553,0.71283096,0.8435264,1.0,8360,"tags=74%, list=59%, signal=179%",
GOBP_REGULATION_OF_TYPE_B_PANCREATIC_CELL_PROLIFERATION,GOBP_REGULATION_OF_TYPE_B_PANCREATIC_CELL_PROLIFERATION,,18,-0.15464258,-0.7866875,0.736,0.84545386,1.0,3335,"tags=39%, list=23%, signal=51%",
GOBP_RESPONSE_TO_MANGANESE_ION,GOBP_RESPONSE_TO_MANGANESE_ION,,16,-0.162852,-0.78646725,0.73843056,0.84519863,1.0,5687,"tags=56%, list=40%, signal=94%",
GOBP_SUPPRESSION_OF_VIRAL_RELEASE_BY_HOST,GOBP_SUPPRESSION_OF_VIRAL_RELEASE_BY_HOST,,21,-0.14351444,-0.7861454,0.7240704,0.845139,1.0,4735,"tags=48%, list=33%, signal=71%",
GOBP_NEUROBLAST_DIVISION,GOBP_NEUROBLAST_DIVISION,,16,-0.16242081,-0.7845783,0.7326531,0.84705347,1.0,11026,"tags=94%, list=78%, signal=417%",
GOBP_POSITIVE_REGULATION_OF_CYCLIN_DEPENDENT_PROTEIN_KINASE_ACTIVITY,GOBP_POSITIVE_REGULATION_OF_CYCLIN_DEPENDENT_PROTEIN_KINASE_ACTIVITY,,16,-0.16400477,-0.7824022,0.72623575,0.8499186,1.0,3893,"tags=44%, list=27%, signal=60%",
GOBP_NON_CANONICAL_NF_KAPPAB_SIGNAL_TRANSDUCTION,GOBP_NON_CANONICAL_NF_KAPPAB_SIGNAL_TRANSDUCTION,,108,-0.06365356,-0.7823695,0.7429719,0.84937793,1.0,8715,"tags=68%, list=61%, signal=173%",
GOBP_POSITIVE_REGULATION_OF_DIGESTIVE_SYSTEM_PROCESS,GOBP_POSITIVE_REGULATION_OF_DIGESTIVE_SYSTEM_PROCESS,,16,-0.15877333,-0.7808474,0.73939395,0.85119474,1.0,10189,"tags=88%, list=72%, signal=308%",
GOBP_COLLATERAL_SPROUTING,GOBP_COLLATERAL_SPROUTING,,31,-0.11461728,-0.7807878,0.7435388,0.8506865,1.0,2962,"tags=32%, list=21%, signal=41%",
GOBP_AMELOGENESIS,GOBP_AMELOGENESIS,,22,-0.14061806,-0.7803838,0.7341513,0.8507307,1.0,590,"tags=18%, list=4%, signal=19%",
GOBP_UTERUS_DEVELOPMENT,GOBP_UTERUS_DEVELOPMENT,,26,-0.12920855,-0.77980536,0.7198364,0.8510567,1.0,10747,"tags=88%, list=76%, signal=361%",
GOBP_MODULATION_OF_PROCESS_OF_ANOTHER_ORGANISM,GOBP_MODULATION_OF_PROCESS_OF_ANOTHER_ORGANISM,,122,-0.061353076,-0.7792406,0.7536842,0.8513496,1.0,4498,"tags=38%, list=32%, signal=55%",
GOBP_FAT_CELL_PROLIFERATION,GOBP_FAT_CELL_PROLIFERATION,,18,-0.15397763,-0.7789282,0.762,0.8512481,1.0,11245,"tags=94%, list=79%, signal=451%",
GOBP_SKELETAL_MUSCLE_CELL_DIFFERENTIATION,GOBP_SKELETAL_MUSCLE_CELL_DIFFERENTIATION,,79,-0.0744698,-0.77874875,0.71899223,0.8509516,1.0,1108,"tags=15%, list=8%, signal=16%",
GOBP_ANIMAL_ORGAN_MATURATION,GOBP_ANIMAL_ORGAN_MATURATION,,30,-0.119610995,-0.7779142,0.7329193,0.8516931,1.0,3992,"tags=40%, list=28%, signal=55%",
GOBP_REGULATION_OF_AEROBIC_RESPIRATION,GOBP_REGULATION_OF_AEROBIC_RESPIRATION,,27,-0.12753694,-0.7778072,0.7637795,0.8512683,1.0,6618,"tags=59%, list=47%, signal=111%",
GOBP_RENAL_WATER_HOMEOSTASIS,GOBP_RENAL_WATER_HOMEOSTASIS,,18,-0.15033598,-0.7776054,0.7350097,0.8509732,1.0,1026,"tags=22%, list=7%, signal=24%",
GOBP_THYROID_HORMONE_GENERATION,GOBP_THYROID_HORMONE_GENERATION,,16,-0.15982051,-0.7773057,0.76254827,0.85082346,1.0,1286,"tags=25%, list=9%, signal=27%",
GOBP_AMP_METABOLIC_PROCESS,GOBP_AMP_METABOLIC_PROCESS,,24,-0.13500504,-0.77706283,0.77178425,0.85058576,1.0,7565,"tags=67%, list=53%, signal=142%",
GOBP_CELLULAR_RESPONSE_TO_REACTIVE_OXYGEN_SPECIES,GOBP_CELLULAR_RESPONSE_TO_REACTIVE_OXYGEN_SPECIES,,150,-0.05528534,-0.7763035,0.7475149,0.8512118,1.0,6618,"tags=52%, list=47%, signal=96%",
GOBP_CELLULAR_HYPEROSMOTIC_RESPONSE,GOBP_CELLULAR_HYPEROSMOTIC_RESPONSE,,16,-0.15901974,-0.7749619,0.746,0.85272145,1.0,3075,"tags=38%, list=22%, signal=48%",
GOBP_POSITIVE_REGULATION_OF_CATION_CHANNEL_ACTIVITY,GOBP_POSITIVE_REGULATION_OF_CATION_CHANNEL_ACTIVITY,,40,-0.10577706,-0.77475584,0.7240704,0.85243404,1.0,5967,"tags=52%, list=42%, signal=90%",
GOBP_RESPONSE_TO_STEROID_HORMONE,GOBP_RESPONSE_TO_STEROID_HORMONE,,303,-0.038403854,-0.7727242,0.77955914,0.855011,1.0,6929,"tags=52%, list=49%, signal=100%",
GOBP_NEGATIVE_REGULATION_OF_TRIGLYCERIDE_METABOLIC_PROCESS,GOBP_NEGATIVE_REGULATION_OF_TRIGLYCERIDE_METABOLIC_PROCESS,,16,-0.16085008,-0.7726426,0.75303644,0.8545378,1.0,3049,"tags=38%, list=21%, signal=48%",
GOBP_CELLULAR_RESPONSE_TO_ALKALOID,GOBP_CELLULAR_RESPONSE_TO_ALKALOID,,33,-0.11494563,-0.7718726,0.75452715,0.8551628,1.0,6558,"tags=58%, list=46%, signal=107%",
GOBP_POSITIVE_REGULATION_BY_HOST_OF_VIRAL_PROCESS,GOBP_POSITIVE_REGULATION_BY_HOST_OF_VIRAL_PROCESS,,22,-0.13918391,-0.77019167,0.7343096,0.85717714,1.0,3196,"tags=36%, list=22%, signal=47%",
GOBP_NEGATIVE_REGULATION_OF_PLASMA_MEMBRANE_BOUNDED_CELL_PROJECTION_ASSEMBLY,GOBP_NEGATIVE_REGULATION_OF_PLASMA_MEMBRANE_BOUNDED_CELL_PROJECTION_ASSEMBLY,,39,-0.10266715,-0.7677802,0.7624751,0.8603661,1.0,7661,"tags=64%, list=54%, signal=139%",
GOBP_NEGATIVE_REGULATION_OF_INTRINSIC_APOPTOTIC_SIGNALING_PATHWAY_IN_RESPONSE_TO_DNA_DAMAGE,GOBP_NEGATIVE_REGULATION_OF_INTRINSIC_APOPTOTIC_SIGNALING_PATHWAY_IN_RESPONSE_TO_DNA_DAMAGE,,22,-0.13675418,-0.7676107,0.75595236,0.86002296,1.0,10341,"tags=86%, list=73%, signal=316%",
GOBP_REGULATION_OF_HEART_GROWTH,GOBP_REGULATION_OF_HEART_GROWTH,,84,-0.072909825,-0.7664394,0.74168295,0.8612417,1.0,11329,"tags=87%, list=80%, signal=425%",
GOBP_MUSCLE_CELL_APOPTOTIC_PROCESS,GOBP_MUSCLE_CELL_APOPTOTIC_PROCESS,,122,-0.0595985,-0.76643115,0.76091474,0.86065793,1.0,4989,"tags=41%, list=35%, signal=63%",
GOBP_CELLULAR_RESPONSE_TO_STEROL,GOBP_CELLULAR_RESPONSE_TO_STEROL,,27,-0.12129278,-0.76617223,0.76617956,0.8604383,1.0,2493,"tags=30%, list=18%, signal=36%",
GOBP_FOLIC_ACID_CONTAINING_COMPOUND_METABOLIC_PROCESS,GOBP_FOLIC_ACID_CONTAINING_COMPOUND_METABOLIC_PROCESS,,27,-0.1235055,-0.76595205,0.75609756,0.86016345,1.0,3515,"tags=37%, list=25%, signal=49%",
GOBP_REGULATION_OF_ORGAN_GROWTH,GOBP_REGULATION_OF_ORGAN_GROWTH,,111,-0.06293025,-0.7649304,0.78294575,0.86110806,1.0,12181,"tags=92%, list=86%, signal=636%",
GOBP_POSITIVE_REGULATION_OF_ORGANIC_ACID_TRANSPORT,GOBP_POSITIVE_REGULATION_OF_ORGANIC_ACID_TRANSPORT,,53,-0.08826691,-0.7617019,0.77290076,0.8654658,1.0,897,"tags=15%, list=6%, signal=16%",
GOBP_CALCINEURIN_MEDIATED_SIGNALING,GOBP_CALCINEURIN_MEDIATED_SIGNALING,,50,-0.08950254,-0.7612525,0.7534517,0.8655789,1.0,6412,"tags=54%, list=45%, signal=98%",
GOBP_REGULATION_OF_PROTEIN_DEPOLYMERIZATION,GOBP_REGULATION_OF_PROTEIN_DEPOLYMERIZATION,,80,-0.072380826,-0.7608574,0.77800405,0.8655436,1.0,3066,"tags=29%, list=22%, signal=36%",
GOBP_REGULATION_OF_HAIR_FOLLICLE_DEVELOPMENT,GOBP_REGULATION_OF_HAIR_FOLLICLE_DEVELOPMENT,,20,-0.14621152,-0.7602965,0.73493975,0.8658169,1.0,2902,"tags=35%, list=20%, signal=44%",
GOBP_MEMBRANE_HYPERPOLARIZATION,GOBP_MEMBRANE_HYPERPOLARIZATION,,15,-0.1626449,-0.7592504,0.780303,0.86678046,1.0,5275,"tags=53%, list=37%, signal=85%",
GOBP_NEGATIVE_REGULATION_OF_ORGANIC_ACID_TRANSPORT,GOBP_NEGATIVE_REGULATION_OF_ORGANIC_ACID_TRANSPORT,,21,-0.13598259,-0.75879866,0.76556015,0.8668456,1.0,1456,"tags=24%, list=10%, signal=26%",
GOBP_CELL_FATE_COMMITMENT_INVOLVED_IN_FORMATION_OF_PRIMARY_GERM_LAYER,GOBP_CELL_FATE_COMMITMENT_INVOLVED_IN_FORMATION_OF_PRIMARY_GERM_LAYER,,29,-0.117181085,-0.75528973,0.77178425,0.8714877,1.0,2261,"tags=28%, list=16%, signal=33%",
GOBP_FC_RECEPTOR_MEDIATED_STIMULATORY_SIGNALING_PATHWAY,GOBP_FC_RECEPTOR_MEDIATED_STIMULATORY_SIGNALING_PATHWAY,,19,-0.14535391,-0.7551632,0.7737374,0.8710669,1.0,3176,"tags=37%, list=22%, signal=47%",
GOBP_DENTATE_GYRUS_DEVELOPMENT,GOBP_DENTATE_GYRUS_DEVELOPMENT,,22,-0.12943609,-0.75412977,0.7494647,0.87202567,1.0,2688,"tags=32%, list=19%, signal=39%",
GOBP_NEGATIVE_REGULATION_OF_RELEASE_OF_CYTOCHROME_C_FROM_MITOCHONDRIA,GOBP_NEGATIVE_REGULATION_OF_RELEASE_OF_CYTOCHROME_C_FROM_MITOCHONDRIA,,21,-0.13750839,-0.7537514,0.7755102,0.87199116,1.0,10915,"tags=90%, list=77%, signal=389%",
GOBP_DEMETHYLATION,GOBP_DEMETHYLATION,,15,-0.1627669,-0.7522955,0.7966102,0.8735902,1.0,1481,"tags=27%, list=10%, signal=30%",
GOBP_FATTY_ACID_DERIVATIVE_BIOSYNTHETIC_PROCESS,GOBP_FATTY_ACID_DERIVATIVE_BIOSYNTHETIC_PROCESS,,38,-0.10170628,-0.7492507,0.7806841,0.8776596,1.0,5669,"tags=50%, list=40%, signal=83%",
GOBP_POSITIVE_REGULATION_OF_INTRINSIC_APOPTOTIC_SIGNALING_PATHWAY,GOBP_POSITIVE_REGULATION_OF_INTRINSIC_APOPTOTIC_SIGNALING_PATHWAY,,62,-0.082277544,-0.74924016,0.772541,0.8770661,1.0,671,"tags=13%, list=5%, signal=13%",
GOBP_NEGATIVE_REGULATION_OF_CYTOKINE_PRODUCTION_INVOLVED_IN_INFLAMMATORY_RESPONSE,GOBP_NEGATIVE_REGULATION_OF_CYTOKINE_PRODUCTION_INVOLVED_IN_INFLAMMATORY_RESPONSE,,27,-0.1221382,-0.748719,0.78881985,0.8772479,1.0,2481,"tags=30%, list=17%, signal=36%",
GOBP_REGULATION_OF_SKELETAL_MUSCLE_CELL_DIFFERENTIATION,GOBP_REGULATION_OF_SKELETAL_MUSCLE_CELL_DIFFERENTIATION,,20,-0.13700795,-0.74782234,0.79916316,0.87795335,1.0,7299,"tags=65%, list=51%, signal=133%",
GOBP_REGULATION_OF_UBIQUITIN_PROTEIN_TRANSFERASE_ACTIVITY,GOBP_REGULATION_OF_UBIQUITIN_PROTEIN_TRANSFERASE_ACTIVITY,,40,-0.103337206,-0.74727345,0.77663934,0.87818485,1.0,11690,"tags=93%, list=82%, signal=518%",
GOBP_ATRIAL_CARDIAC_MUSCLE_TISSUE_DEVELOPMENT,GOBP_ATRIAL_CARDIAC_MUSCLE_TISSUE_DEVELOPMENT,,18,-0.14543092,-0.7469587,0.79640716,0.87807924,1.0,5836,"tags=56%, list=41%, signal=94%",
GOBP_POSITIVE_REGULATION_OF_EPITHELIAL_CELL_APOPTOTIC_PROCESS,GOBP_POSITIVE_REGULATION_OF_EPITHELIAL_CELL_APOPTOTIC_PROCESS,,25,-0.12139196,-0.7459567,0.7830375,0.8790133,1.0,7948,"tags=68%, list=56%, signal=154%",
GOBP_REGULATION_OF_RELEASE_OF_CYTOCHROME_C_FROM_MITOCHONDRIA,GOBP_REGULATION_OF_RELEASE_OF_CYTOCHROME_C_FROM_MITOCHONDRIA,,45,-0.09388168,-0.7443105,0.7664671,0.8808023,1.0,10995,"tags=87%, list=77%, signal=381%",
GOBP_REGULATION_OF_AMINO_ACID_TRANSMEMBRANE_TRANSPORT,GOBP_REGULATION_OF_AMINO_ACID_TRANSMEMBRANE_TRANSPORT,,19,-0.14464608,-0.7416426,0.7729941,0.884108,1.0,4683,"tags=47%, list=33%, signal=71%",
GOBP_REGULATION_OF_PROTEIN_ACETYLATION,GOBP_REGULATION_OF_PROTEIN_ACETYLATION,,21,-0.13506374,-0.74060357,0.80278885,0.8850253,1.0,4855,"tags=48%, list=34%, signal=72%",
GOBP_POSITIVE_REGULATION_OF_CARTILAGE_DEVELOPMENT,GOBP_POSITIVE_REGULATION_OF_CARTILAGE_DEVELOPMENT,,31,-0.11020936,-0.74015015,0.789899,0.885094,1.0,5777,"tags=52%, list=41%, signal=87%",
GOBP_POSITIVE_REGULATION_OF_PROTEIN_MATURATION,GOBP_POSITIVE_REGULATION_OF_PROTEIN_MATURATION,,25,-0.12413075,-0.7398364,0.81349206,0.8849357,1.0,11891,"tags=96%, list=84%, signal=585%",
GOBP_PROTEIN_TARGETING_TO_MEMBRANE,GOBP_PROTEIN_TARGETING_TO_MEMBRANE,,96,-0.063598074,-0.7371482,0.7871486,0.8881656,1.0,12583,"tags=95%, list=88%, signal=817%",
GOBP_CELLULAR_RESPONSE_TO_CORTICOSTEROID_STIMULUS,GOBP_CELLULAR_RESPONSE_TO_CORTICOSTEROID_STIMULUS,,63,-0.078779824,-0.73522574,0.79417473,0.8903208,1.0,6109,"tags=51%, list=43%, signal=89%",
GOBP_POSITIVE_REGULATION_OF_TRANSPORTER_ACTIVITY,GOBP_POSITIVE_REGULATION_OF_TRANSPORTER_ACTIVITY,,70,-0.07701829,-0.73474216,0.8020202,0.8903986,1.0,1349,"tags=17%, list=9%, signal=19%",
GOBP_PEPTIDYL_CYSTEINE_MODIFICATION,GOBP_PEPTIDYL_CYSTEINE_MODIFICATION,,32,-0.107186906,-0.7343778,0.8254902,0.8903372,1.0,3813,"tags=38%, list=27%, signal=51%",
GOBP_OOCYTE_MATURATION,GOBP_OOCYTE_MATURATION,,27,-0.11803892,-0.7331362,0.80210525,0.89148766,1.0,4646,"tags=44%, list=33%, signal=66%",
GOBP_STEROL_TRANSPORT,GOBP_STEROL_TRANSPORT,,108,-0.05949533,-0.73211163,0.8333333,0.89235294,1.0,3770,"tags=32%, list=27%, signal=44%",
GOBP_POSITIVE_REGULATION_OF_FIBROBLAST_PROLIFERATION,GOBP_POSITIVE_REGULATION_OF_FIBROBLAST_PROLIFERATION,,71,-0.07457522,-0.731444,0.8033126,0.892673,1.0,6557,"tags=54%, list=46%, signal=99%",
GOBP_NEGATIVE_REGULATION_OF_INNATE_IMMUNE_RESPONSE,GOBP_NEGATIVE_REGULATION_OF_INNATE_IMMUNE_RESPONSE,,92,-0.06595824,-0.73088926,0.8340517,0.89288795,1.0,6025,"tags=49%, list=42%, signal=84%",
GOBP_INTERFERON_ALPHA_PRODUCTION,GOBP_INTERFERON_ALPHA_PRODUCTION,,33,-0.107594125,-0.72817665,0.8060606,0.8961352,1.0,8817,"tags=73%, list=62%, signal=191%",
GOBP_POSITIVE_REGULATION_OF_NEUTROPHIL_MIGRATION,GOBP_POSITIVE_REGULATION_OF_NEUTROPHIL_MIGRATION,,38,-0.10033697,-0.72562104,0.8228106,0.89914817,1.0,3443,"tags=34%, list=24%, signal=45%",
GOBP_NEGATIVE_REGULATION_OF_PROTEIN_LOCALIZATION_TO_MEMBRANE,GOBP_NEGATIVE_REGULATION_OF_PROTEIN_LOCALIZATION_TO_MEMBRANE,,36,-0.103258505,-0.7253193,0.8043912,0.8989608,1.0,8807,"tags=72%, list=62%, signal=189%",
GOBP_LONG_CHAIN_FATTY_ACYL_COA_METABOLIC_PROCESS,GOBP_LONG_CHAIN_FATTY_ACYL_COA_METABOLIC_PROCESS,,18,-0.14276718,-0.72522414,0.8247012,0.89847875,1.0,8244,"tags=72%, list=58%, signal=172%",
GOBP_CELLULAR_RESPONSE_TO_CHOLESTEROL,GOBP_CELLULAR_RESPONSE_TO_CHOLESTEROL,,23,-0.12932317,-0.72370034,0.84585744,0.900033,1.0,2493,"tags=30%, list=18%, signal=37%",
GOBP_POSITIVE_REGULATION_OF_MUSCLE_ORGAN_DEVELOPMENT,GOBP_POSITIVE_REGULATION_OF_MUSCLE_ORGAN_DEVELOPMENT,,24,-0.12470357,-0.72313714,0.806,0.9002691,1.0,4156,"tags=42%, list=29%, signal=59%",
GOBP_NEGATIVE_REGULATION_OF_PROTEIN_LOCALIZATION_TO_CELL_PERIPHERY,GOBP_NEGATIVE_REGULATION_OF_PROTEIN_LOCALIZATION_TO_CELL_PERIPHERY,,29,-0.110460445,-0.72248256,0.81153846,0.90055925,1.0,1866,"tags=24%, list=13%, signal=28%",
GOBP_RESPONSE_TO_ATP,GOBP_RESPONSE_TO_ATP,,33,-0.10797644,-0.7211842,0.8336842,0.90172726,1.0,5795,"tags=52%, list=41%, signal=87%",
GOBP_CHEMOKINE_PRODUCTION,GOBP_CHEMOKINE_PRODUCTION,,110,-0.05979283,-0.72068924,0.79761904,0.9017919,1.0,3165,"tags=28%, list=22%, signal=36%",
GOBP_POSITIVE_REGULATION_OF_HEART_GROWTH,GOBP_POSITIVE_REGULATION_OF_HEART_GROWTH,,48,-0.08877355,-0.72061193,0.8333333,0.901285,1.0,12075,"tags=94%, list=85%, signal=619%",
GOBP_GLYCOLYTIC_PROCESS_THROUGH_FRUCTOSE_6_PHOSPHATE,GOBP_GLYCOLYTIC_PROCESS_THROUGH_FRUCTOSE_6_PHOSPHATE,,28,-0.11429171,-0.71660393,0.831094,0.9061572,1.0,2442,"tags=29%, list=17%, signal=34%",
GOBP_DIOL_METABOLIC_PROCESS,GOBP_DIOL_METABOLIC_PROCESS,,25,-0.11839395,-0.7161939,0.8191057,0.90607756,1.0,2871,"tags=32%, list=20%, signal=40%",
GOBP_NEGATIVE_REGULATION_OF_VIRAL_PROCESS,GOBP_NEGATIVE_REGULATION_OF_VIRAL_PROCESS,,75,-0.070151284,-0.7118877,0.8181818,0.9112785,1.0,1284,"tags=16%, list=9%, signal=17%",
GOBP_STRIATUM_DEVELOPMENT,GOBP_STRIATUM_DEVELOPMENT,,18,-0.14031464,-0.71175724,0.83567137,0.9108359,1.0,10649,"tags=89%, list=75%, signal=353%",
GOBP_REGULATION_OF_ANTIGEN_RECEPTOR_MEDIATED_SIGNALING_PATHWAY,GOBP_REGULATION_OF_ANTIGEN_RECEPTOR_MEDIATED_SIGNALING_PATHWAY,,62,-0.07746241,-0.7114182,0.8455446,0.9106726,1.0,3721,"tags=34%, list=26%, signal=46%",
GOBP_3_UTR_MEDIATED_MRNA_DESTABILIZATION,GOBP_3_UTR_MEDIATED_MRNA_DESTABILIZATION,,16,-0.14770769,-0.7096601,0.8579767,0.91233194,1.0,11235,"tags=94%, list=79%, signal=446%",
GOBP_LONG_TERM_MEMORY,GOBP_LONG_TERM_MEMORY,,44,-0.09054357,-0.70847887,0.82306165,0.9133246,1.0,1303,"tags=18%, list=9%, signal=20%",
GOBP_MYELOID_CELL_APOPTOTIC_PROCESS,GOBP_MYELOID_CELL_APOPTOTIC_PROCESS,,41,-0.09335895,-0.7078155,0.8574468,0.91358274,1.0,1452,"tags=20%, list=10%, signal=22%",
GOBP_CHAPERONE_MEDIATED_PROTEIN_FOLDING,GOBP_CHAPERONE_MEDIATED_PROTEIN_FOLDING,,64,-0.07714273,-0.7070702,0.8164948,0.91398513,1.0,6686,"tags=55%, list=47%, signal=103%",
GOBP_PURINE_NUCLEOSIDE_MONOPHOSPHATE_BIOSYNTHETIC_PROCESS,GOBP_PURINE_NUCLEOSIDE_MONOPHOSPHATE_BIOSYNTHETIC_PROCESS,,22,-0.12273911,-0.7038078,0.868472,0.9177177,1.0,10540,"tags=86%, list=74%, signal=333%",
GOBP_NUCLEOBASE_METABOLIC_PROCESS,GOBP_NUCLEOBASE_METABOLIC_PROCESS,,36,-0.09777542,-0.7031821,0.8330059,0.9179218,1.0,12045,"tags=94%, list=85%, signal=616%",
GOBP_REGULATION_OF_LIPOPROTEIN_PARTICLE_CLEARANCE,GOBP_REGULATION_OF_LIPOPROTEIN_PARTICLE_CLEARANCE,,21,-0.12677065,-0.70316875,0.85252523,0.91732085,1.0,2264,"tags=29%, list=16%, signal=34%",
GOBP_NEPHRON_TUBULE_EPITHELIAL_CELL_DIFFERENTIATION,GOBP_NEPHRON_TUBULE_EPITHELIAL_CELL_DIFFERENTIATION,,15,-0.1517387,-0.7029858,0.8457031,0.91696113,1.0,6378,"tags=60%, list=45%, signal=109%",
GOBP_AMINOGLYCAN_METABOLIC_PROCESS,GOBP_AMINOGLYCAN_METABOLIC_PROCESS,,94,-0.061142944,-0.70266736,0.846,0.9167677,1.0,4281,"tags=36%, list=30%, signal=51%",
GOBP_REGULATION_OF_NEUROTRANSMITTER_RECEPTOR_LOCALIZATION_TO_POSTSYNAPTIC_SPECIALIZATION_MEMBRANE,GOBP_REGULATION_OF_NEUROTRANSMITTER_RECEPTOR_LOCALIZATION_TO_POSTSYNAPTIC_SPECIALIZATION_MEMBRANE,,23,-0.119833164,-0.70222723,0.85404336,0.9167356,1.0,11284,"tags=91%, list=79%, signal=441%",
GOBP_SULFUR_AMINO_ACID_METABOLIC_PROCESS,GOBP_SULFUR_AMINO_ACID_METABOLIC_PROCESS,,30,-0.108141296,-0.6992477,0.82703775,0.9199387,1.0,7473,"tags=63%, list=53%, signal=133%",
GOBP_ANTIGEN_PROCESSING_AND_PRESENTATION_OF_PEPTIDE_OR_POLYSACCHARIDE_ANTIGEN_VIA_MHC_CLASS_II,GOBP_ANTIGEN_PROCESSING_AND_PRESENTATION_OF_PEPTIDE_OR_POLYSACCHARIDE_ANTIGEN_VIA_MHC_CLASS_II,,24,-0.12074441,-0.6985406,0.8356998,0.9202343,1.0,8360,"tags=71%, list=59%, signal=172%",
GOBP_POSITIVE_REGULATION_OF_CELL_CYCLE_PHASE_TRANSITION,GOBP_POSITIVE_REGULATION_OF_CELL_CYCLE_PHASE_TRANSITION,,110,-0.055147834,-0.6982476,0.85714287,0.9199826,1.0,7109,"tags=55%, list=50%, signal=110%",
GOBP_NEGATIVE_REGULATION_OF_TUMOR_NECROSIS_FACTOR_MEDIATED_SIGNALING_PATHWAY,GOBP_NEGATIVE_REGULATION_OF_TUMOR_NECROSIS_FACTOR_MEDIATED_SIGNALING_PATHWAY,,24,-0.12116116,-0.6982054,0.8603696,0.9194275,1.0,7169,"tags=63%, list=50%, signal=126%",
GOBP_PROTEIN_HOMOTRIMERIZATION,GOBP_PROTEIN_HOMOTRIMERIZATION,,15,-0.14829415,-0.6981575,0.83789474,0.91887444,1.0,7375,"tags=67%, list=52%, signal=138%",
GOBP_INTRINSIC_APOPTOTIC_SIGNALING_PATHWAY_BY_P53_CLASS_MEDIATOR,GOBP_INTRINSIC_APOPTOTIC_SIGNALING_PATHWAY_BY_P53_CLASS_MEDIATOR,,83,-0.06492457,-0.69732636,0.85294116,0.91928583,1.0,9192,"tags=71%, list=65%, signal=200%",
GOBP_REGULATION_OF_ANTIGEN_PROCESSING_AND_PRESENTATION,GOBP_REGULATION_OF_ANTIGEN_PROCESSING_AND_PRESENTATION,,20,-0.13164918,-0.69601315,0.8442623,0.92030126,1.0,5953,"tags=55%, list=42%, signal=94%",
GOBP_REGULATION_OF_DNA_BINDING_TRANSCRIPTION_FACTOR_ACTIVITY,GOBP_REGULATION_OF_DNA_BINDING_TRANSCRIPTION_FACTOR_ACTIVITY,,319,-0.03338192,-0.693214,0.8684211,0.92319095,1.0,2925,"tags=24%, list=21%, signal=29%",
GOBP_REGULATION_OF_CYTOKINE_PRODUCTION_INVOLVED_IN_IMMUNE_RESPONSE,GOBP_REGULATION_OF_CYTOKINE_PRODUCTION_INVOLVED_IN_IMMUNE_RESPONSE,,118,-0.055311583,-0.690297,0.87384045,0.92625076,1.0,3198,"tags=28%, list=22%, signal=36%",
GOBP_POSITIVE_REGULATION_OF_CYTOKINE_PRODUCTION_INVOLVED_IN_IMMUNE_RESPONSE,GOBP_POSITIVE_REGULATION_OF_CYTOKINE_PRODUCTION_INVOLVED_IN_IMMUNE_RESPONSE,,81,-0.06462707,-0.6901854,0.85539716,0.9257667,1.0,7690,"tags=60%, list=54%, signal=131%",
GOBP_REGULATION_OF_NUCLEAR_TRANSCRIBED_MRNA_CATABOLIC_PROCESS_DEADENYLATION_DEPENDENT_DECAY,GOBP_REGULATION_OF_NUCLEAR_TRANSCRIBED_MRNA_CATABOLIC_PROCESS_DEADENYLATION_DEPENDENT_DECAY,,21,-0.125,-0.68993694,0.83536583,0.92544734,1.0,12447,"tags=100%, list=88%, signal=800%",
GOBP_POSITIVE_REGULATION_OF_VIRAL_LIFE_CYCLE,GOBP_POSITIVE_REGULATION_OF_VIRAL_LIFE_CYCLE,,24,-0.117351666,-0.68755966,0.84302324,0.92775685,1.0,6038,"tags=54%, list=42%, signal=94%",
GOBP_KIDNEY_MESENCHYME_DEVELOPMENT,GOBP_KIDNEY_MESENCHYME_DEVELOPMENT,,15,-0.15010558,-0.68609834,0.85258967,0.9288993,1.0,3557,"tags=40%, list=25%, signal=53%",
GOBP_POSITIVE_REGULATION_OF_RELEASE_OF_CYTOCHROME_C_FROM_MITOCHONDRIA,GOBP_POSITIVE_REGULATION_OF_RELEASE_OF_CYTOCHROME_C_FROM_MITOCHONDRIA,,24,-0.118235074,-0.6835835,0.8844538,0.93136334,1.0,6618,"tags=58%, list=47%, signal=109%",
GOBP_POSITIVE_REGULATION_OF_CANONICAL_NF_KAPPAB_SIGNAL_TRANSDUCTION,GOBP_POSITIVE_REGULATION_OF_CANONICAL_NF_KAPPAB_SIGNAL_TRANSDUCTION,,162,-0.046055917,-0.6827186,0.8858921,0.93178123,1.0,6464,"tags=50%, list=45%, signal=91%",
GOBP_GROOMING_BEHAVIOR,GOBP_GROOMING_BEHAVIOR,,17,-0.13817981,-0.68239534,0.8757764,0.93153733,1.0,3894,"tags=41%, list=27%, signal=57%",
GOBP_PROTEIN_HETEROOLIGOMERIZATION,GOBP_PROTEIN_HETEROOLIGOMERIZATION,,29,-0.105251126,-0.68212795,0.86875,0.93124074,1.0,9786,"tags=79%, list=69%, signal=254%",
GOBP_L_GLUTAMATE_IMPORT,GOBP_L_GLUTAMATE_IMPORT,,38,-0.09231216,-0.68092936,0.888,0.9321229,1.0,5428,"tags=47%, list=38%, signal=76%",
GOBP_POSITIVE_REGULATION_OF_RESPONSE_TO_BIOTIC_STIMULUS,GOBP_POSITIVE_REGULATION_OF_RESPONSE_TO_BIOTIC_STIMULUS,,382,-0.030578852,-0.678706,0.8891051,0.9341987,1.0,3040,"tags=24%, list=21%, signal=30%",
GOBP_POLYOL_BIOSYNTHETIC_PROCESS,GOBP_POLYOL_BIOSYNTHETIC_PROCESS,,54,-0.07871841,-0.67717445,0.8470825,0.9353312,1.0,6523,"tags=54%, list=46%, signal=99%",
GOBP_RESPONSE_TO_PAIN,GOBP_RESPONSE_TO_PAIN,,39,-0.09026248,-0.6738473,0.88,0.9384903,1.0,6743,"tags=56%, list=47%, signal=107%",
GOBP_ENAMEL_MINERALIZATION,GOBP_ENAMEL_MINERALIZATION,,17,-0.13521461,-0.6720697,0.87795275,0.9399629,1.0,590,"tags=18%, list=4%, signal=18%",
GOBP_POSITIVE_REGULATION_OF_FATTY_ACID_BIOSYNTHETIC_PROCESS,GOBP_POSITIVE_REGULATION_OF_FATTY_ACID_BIOSYNTHETIC_PROCESS,,27,-0.10890622,-0.6717204,0.8827038,0.9397329,1.0,562,"tags=15%, list=4%, signal=15%",
GOBP_POSITIVE_REGULATION_OF_STEROID_BIOSYNTHETIC_PROCESS,GOBP_POSITIVE_REGULATION_OF_STEROID_BIOSYNTHETIC_PROCESS,,34,-0.09709596,-0.6703846,0.8820116,0.9406262,1.0,5734,"tags=50%, list=40%, signal=84%",
GOBP_ACIDIC_AMINO_ACID_TRANSPORT,GOBP_ACIDIC_AMINO_ACID_TRANSPORT,,68,-0.06893151,-0.66972756,0.8848485,0.94077796,1.0,1535,"tags=18%, list=11%, signal=20%",
GOBP_LONG_CHAIN_FATTY_ACID_BIOSYNTHETIC_PROCESS,GOBP_LONG_CHAIN_FATTY_ACID_BIOSYNTHETIC_PROCESS,,38,-0.092224956,-0.66891223,0.8721174,0.94102216,1.0,5055,"tags=45%, list=36%, signal=69%",
GOBP_NEGATIVE_REGULATION_OF_TISSUE_REMODELING,GOBP_NEGATIVE_REGULATION_OF_TISSUE_REMODELING,,25,-0.11248806,-0.6688573,0.8742515,0.94045997,1.0,2386,"tags=28%, list=17%, signal=34%",
GOBP_CELLULAR_RESPONSE_TO_HEAT,GOBP_CELLULAR_RESPONSE_TO_HEAT,,49,-0.0811056,-0.6677125,0.87291664,0.94116324,1.0,11041,"tags=86%, list=78%, signal=382%",
GOBP_REGULATION_OF_MACROPHAGE_CHEMOTAXIS,GOBP_REGULATION_OF_MACROPHAGE_CHEMOTAXIS,,32,-0.099932164,-0.66736144,0.8810916,0.94095325,1.0,8360,"tags=69%, list=59%, signal=166%",
GOBP_CELL_PROLIFERATION_IN_HINDBRAIN,GOBP_CELL_PROLIFERATION_IN_HINDBRAIN,,16,-0.13980994,-0.66669273,0.86503065,0.94107825,1.0,12236,"tags=100%, list=86%, signal=716%",
GOBP_REGULATION_OF_FATTY_ACID_TRANSPORT,GOBP_REGULATION_OF_FATTY_ACID_TRANSPORT,,34,-0.09458332,-0.66622907,0.8970874,0.9409743,1.0,1587,"tags=21%, list=11%, signal=23%",
GOBP_CELLULAR_RESPONSE_TO_VIRUS,GOBP_CELLULAR_RESPONSE_TO_VIRUS,,51,-0.076870486,-0.6585013,0.8969072,0.9489336,1.0,10902,"tags=84%, list=77%, signal=360%",
GOBP_INOSITOL_PHOSPHATE_BIOSYNTHETIC_PROCESS,GOBP_INOSITOL_PHOSPHATE_BIOSYNTHETIC_PROCESS,,23,-0.115576595,-0.6581915,0.8891051,0.94864607,1.0,6398,"tags=57%, list=45%, signal=103%",
GOBP_POSITIVE_REGULATION_OF_POTASSIUM_ION_TRANSMEMBRANE_TRANSPORTER_ACTIVITY,GOBP_POSITIVE_REGULATION_OF_POTASSIUM_ION_TRANSMEMBRANE_TRANSPORTER_ACTIVITY,,15,-0.14526726,-0.655665,0.8953975,0.95076156,1.0,7418,"tags=67%, list=52%, signal=139%",
GOBP_POSITIVE_REGULATION_OF_OXIDOREDUCTASE_ACTIVITY,GOBP_POSITIVE_REGULATION_OF_OXIDOREDUCTASE_ACTIVITY,,33,-0.09571683,-0.6549453,0.90020365,0.95090383,1.0,5538,"tags=48%, list=39%, signal=79%",
GOBP_CANONICAL_NF_KAPPAB_SIGNAL_TRANSDUCTION,GOBP_CANONICAL_NF_KAPPAB_SIGNAL_TRANSDUCTION,,265,-0.03505599,-0.6548706,0.91451293,0.9503695,1.0,8581,"tags=64%, list=60%, signal=158%",
GOBP_POSITIVE_REGULATION_OF_LEUKOCYTE_CHEMOTAXIS,GOBP_POSITIVE_REGULATION_OF_LEUKOCYTE_CHEMOTAXIS,,95,-0.05584924,-0.65419954,0.898167,0.9504388,1.0,4152,"tags=35%, list=29%, signal=49%",
GOBP_IMMUNOLOGICAL_MEMORY_PROCESS,GOBP_IMMUNOLOGICAL_MEMORY_PROCESS,,16,-0.13667725,-0.6520612,0.90786946,0.9520746,1.0,5170,"tags=50%, list=36%, signal=78%",
GOBP_MUCUS_SECRETION,GOBP_MUCUS_SECRETION,,22,-0.116243765,-0.6513142,0.890873,0.9522237,1.0,8693,"tags=73%, list=61%, signal=187%",
GOBP_POSITIVE_REGULATION_OF_INTERLEUKIN_17_PRODUCTION,GOBP_POSITIVE_REGULATION_OF_INTERLEUKIN_17_PRODUCTION,,26,-0.10705015,-0.6498773,0.90224034,0.95310444,1.0,4498,"tags=42%, list=32%, signal=62%",
GOBP_NEGATIVE_REGULATION_OF_PEPTIDYL_THREONINE_PHOSPHORYLATION,GOBP_NEGATIVE_REGULATION_OF_PEPTIDYL_THREONINE_PHOSPHORYLATION,,17,-0.12825303,-0.6486747,0.8987854,0.95369375,1.0,4035,"tags=41%, list=28%, signal=57%",
GOBP_POSITIVE_REGULATION_OF_FATTY_ACID_METABOLIC_PROCESS,GOBP_POSITIVE_REGULATION_OF_FATTY_ACID_METABOLIC_PROCESS,,46,-0.08154897,-0.6484784,0.88454014,0.95326155,1.0,6883,"tags=57%, list=48%, signal=109%",
GOBP_REGULATION_OF_CYCLIN_DEPENDENT_PROTEIN_SERINE_THREONINE_KINASE_ACTIVITY,GOBP_REGULATION_OF_CYCLIN_DEPENDENT_PROTEIN_SERINE_THREONINE_KINASE_ACTIVITY,,42,-0.084563345,-0.64816904,0.91013384,0.95295227,1.0,11330,"tags=88%, list=80%, signal=432%",
GOBP_POSITIVE_REGULATION_OF_UBIQUITIN_PROTEIN_TRANSFERASE_ACTIVITY,GOBP_POSITIVE_REGULATION_OF_UBIQUITIN_PROTEIN_TRANSFERASE_ACTIVITY,,19,-0.124489516,-0.64666206,0.90118575,0.9538408,1.0,12454,"tags=100%, list=88%, signal=804%",
GOBP_THYMUS_DEVELOPMENT,GOBP_THYMUS_DEVELOPMENT,,53,-0.075223975,-0.64663625,0.8963532,0.95324665,1.0,3765,"tags=34%, list=26%, signal=46%",
GOBP_GMP_METABOLIC_PROCESS,GOBP_GMP_METABOLIC_PROCESS,,21,-0.11622737,-0.64662313,0.89873415,0.95264125,1.0,10540,"tags=86%, list=74%, signal=331%",
GOBP_NEGATIVE_REGULATION_OF_BLOOD_CIRCULATION,GOBP_NEGATIVE_REGULATION_OF_BLOOD_CIRCULATION,,21,-0.11706239,-0.6460931,0.90060854,0.95256895,1.0,6465,"tags=57%, list=45%, signal=105%",
GOBP_REGULATION_OF_INTEGRIN_MEDIATED_SIGNALING_PATHWAY,GOBP_REGULATION_OF_INTEGRIN_MEDIATED_SIGNALING_PATHWAY,,20,-0.12014998,-0.64407825,0.88932806,0.9539672,1.0,1850,"tags=25%, list=13%, signal=29%",
GOBP_NEURON_INTRINSIC_APOPTOTIC_SIGNALING_PATHWAY_IN_RESPONSE_TO_OXIDATIVE_STRESS,GOBP_NEURON_INTRINSIC_APOPTOTIC_SIGNALING_PATHWAY_IN_RESPONSE_TO_OXIDATIVE_STRESS,,21,-0.11878941,-0.64342356,0.9136546,0.9540145,1.0,11858,"tags=95%, list=83%, signal=572%",
GOBP_POSITIVE_REGULATION_OF_PROTEIN_TARGETING_TO_MEMBRANE,GOBP_POSITIVE_REGULATION_OF_PROTEIN_TARGETING_TO_MEMBRANE,,22,-0.11327939,-0.64214414,0.90781564,0.9547038,1.0,2271,"tags=27%, list=16%, signal=32%",
GOBP_TUMOR_NECROSIS_FACTOR_MEDIATED_SIGNALING_PATHWAY,GOBP_TUMOR_NECROSIS_FACTOR_MEDIATED_SIGNALING_PATHWAY,,93,-0.055483494,-0.64049333,0.9305263,0.955645,1.0,6557,"tags=52%, list=46%, signal=95%",
GOBP_POSITIVE_REGULATION_OF_DNA_BINDING_TRANSCRIPTION_FACTOR_ACTIVITY,GOBP_POSITIVE_REGULATION_OF_DNA_BINDING_TRANSCRIPTION_FACTOR_ACTIVITY,,193,-0.040035404,-0.63954115,0.9085366,0.9559533,1.0,3492,"tags=28%, list=25%, signal=37%",
GOBP_NEGATIVE_REGULATION_OF_LEUKOCYTE_CHEMOTAXIS,GOBP_NEGATIVE_REGULATION_OF_LEUKOCYTE_CHEMOTAXIS,,16,-0.13264698,-0.63948315,0.907197,0.95539445,1.0,1672,"tags=25%, list=12%, signal=28%",
GOBP_SKELETAL_MUSCLE_ORGAN_DEVELOPMENT,GOBP_SKELETAL_MUSCLE_ORGAN_DEVELOPMENT,,192,-0.040134493,-0.6386939,0.9163265,0.9555035,1.0,2771,"tags=23%, list=19%, signal=29%",
GOBP_PURINE_RIBONUCLEOSIDE_METABOLIC_PROCESS,GOBP_PURINE_RIBONUCLEOSIDE_METABOLIC_PROCESS,,22,-0.11402211,-0.63819706,0.8972332,0.95535153,1.0,12603,"tags=100%, list=89%, signal=878%",
GOBP_POSITIVE_REGULATION_OF_PROTEIN_LOCALIZATION_TO_CELL_SURFACE,GOBP_POSITIVE_REGULATION_OF_PROTEIN_LOCALIZATION_TO_CELL_SURFACE,,22,-0.114604704,-0.637096,0.9019608,0.9557896,1.0,3545,"tags=36%, list=25%, signal=48%",
GOBP_EXIT_FROM_MITOSIS,GOBP_EXIT_FROM_MITOSIS,,26,-0.10419433,-0.6361612,0.9239766,0.9560402,1.0,12196,"tags=96%, list=86%, signal=674%",
GOBP_NEGATIVE_REGULATION_OF_GLIAL_CELL_PROLIFERATION,GOBP_NEGATIVE_REGULATION_OF_GLIAL_CELL_PROLIFERATION,,20,-0.11980846,-0.6348506,0.91650856,0.9566916,1.0,3988,"tags=40%, list=28%, signal=56%",
GOBP_NEGATIVE_REGULATION_OF_OXIDATIVE_STRESS_INDUCED_INTRINSIC_APOPTOTIC_SIGNALING_PATHWAY,GOBP_NEGATIVE_REGULATION_OF_OXIDATIVE_STRESS_INDUCED_INTRINSIC_APOPTOTIC_SIGNALING_PATHWAY,,25,-0.10688083,-0.6335603,0.8964844,0.95723313,1.0,8154,"tags=68%, list=57%, signal=159%",
GOBP_LIVER_MORPHOGENESIS,GOBP_LIVER_MORPHOGENESIS,,36,-0.089515515,-0.63171,0.91816366,0.95839345,1.0,9792,"tags=78%, list=69%, signal=249%",
GOBP_HEMATOPOIETIC_OR_LYMPHOID_ORGAN_DEVELOPMENT,GOBP_HEMATOPOIETIC_OR_LYMPHOID_ORGAN_DEVELOPMENT,,116,-0.048764184,-0.6306671,0.9065041,0.9587252,1.0,3604,"tags=30%, list=25%, signal=40%",
GOBP_REGULATION_OF_DNA_BINDING,GOBP_REGULATION_OF_DNA_BINDING,,94,-0.05430074,-0.62681156,0.92992425,0.9616658,1.0,9824,"tags=74%, list=69%, signal=239%",
GOBP_POSITIVE_REGULATION_OF_AMINO_ACID_TRANSPORT,GOBP_POSITIVE_REGULATION_OF_AMINO_ACID_TRANSPORT,,28,-0.09959633,-0.62624234,0.9122807,0.9615655,1.0,619,"tags=14%, list=4%, signal=15%",
GOBP_STRIATED_MUSCLE_CELL_APOPTOTIC_PROCESS,GOBP_STRIATED_MUSCLE_CELL_APOPTOTIC_PROCESS,,74,-0.06385653,-0.6262182,0.9285714,0.96096903,1.0,7169,"tags=57%, list=50%, signal=114%",
GOBP_NEGATIVE_REGULATION_OF_DEFENSE_RESPONSE,GOBP_NEGATIVE_REGULATION_OF_DEFENSE_RESPONSE,,240,-0.035024244,-0.6257391,0.920078,0.9607771,1.0,2000,"tags=18%, list=14%, signal=20%",
GOBP_RESPONSE_TO_RETINOIC_ACID,GOBP_RESPONSE_TO_RETINOIC_ACID,,96,-0.054548636,-0.6257357,0.9119497,0.9601635,1.0,6341,"tags=50%, list=45%, signal=90%",
GOBP_REGULATION_OF_SYNAPTIC_VESICLE_ENDOCYTOSIS,GOBP_REGULATION_OF_SYNAPTIC_VESICLE_ENDOCYTOSIS,,32,-0.09290868,-0.6250252,0.9189723,0.96018463,1.0,4460,"tags=41%, list=31%, signal=59%",
GOBP_REGULATION_OF_INTRINSIC_APOPTOTIC_SIGNALING_PATHWAY_IN_RESPONSE_TO_DNA_DAMAGE_BY_P53_CLASS_MEDIATOR,GOBP_REGULATION_OF_INTRINSIC_APOPTOTIC_SIGNALING_PATHWAY_IN_RESPONSE_TO_DNA_DAMAGE_BY_P53_CLASS_MEDIATOR,,15,-0.13325356,-0.6241286,0.92565054,0.9604063,1.0,12329,"tags=100%, list=87%, signal=751%",
GOBP_CHROMOSOME_ORGANIZATION_INVOLVED_IN_MEIOTIC_CELL_CYCLE,GOBP_CHROMOSOME_ORGANIZATION_INVOLVED_IN_MEIOTIC_CELL_CYCLE,,43,-0.08023567,-0.618196,0.9318182,0.96488184,1.0,6470,"tags=53%, list=45%, signal=98%",
GOBP_REGULATION_OF_PROTEIN_TARGETING,GOBP_REGULATION_OF_PROTEIN_TARGETING,,47,-0.07605027,-0.61689854,0.935167,0.96532977,1.0,6790,"tags=55%, list=48%, signal=106%",
GOBP_INTRINSIC_APOPTOTIC_SIGNALING_PATHWAY_IN_RESPONSE_TO_OXIDATIVE_STRESS,GOBP_INTRINSIC_APOPTOTIC_SIGNALING_PATHWAY_IN_RESPONSE_TO_OXIDATIVE_STRESS,,56,-0.069825016,-0.6150493,0.9171375,0.96627206,1.0,8154,"tags=64%, list=57%, signal=150%",
GOBP_SIGNAL_TRANSDUCTION_BY_P53_CLASS_MEDIATOR,GOBP_SIGNAL_TRANSDUCTION_BY_P53_CLASS_MEDIATOR,,151,-0.04271735,-0.61197084,0.9268775,0.9681876,1.0,12585,"tags=93%, list=88%, signal=797%",
GOBP_POSITIVE_REGULATION_OF_MITOTIC_CELL_CYCLE_PHASE_TRANSITION,GOBP_POSITIVE_REGULATION_OF_MITOTIC_CELL_CYCLE_PHASE_TRANSITION,,90,-0.056086294,-0.6107609,0.938247,0.9685646,1.0,7109,"tags=56%, list=50%, signal=110%",
GOBP_REGULATION_OF_LEUKOCYTE_CHEMOTAXIS,GOBP_REGULATION_OF_LEUKOCYTE_CHEMOTAXIS,,120,-0.04757163,-0.6102468,0.93491125,0.9683439,1.0,3715,"tags=31%, list=26%, signal=41%",
GOBP_POSITIVE_REGULATION_OF_CARDIAC_MUSCLE_CELL_PROLIFERATION,GOBP_POSITIVE_REGULATION_OF_CARDIAC_MUSCLE_CELL_PROLIFERATION,,29,-0.095352404,-0.6087624,0.93603414,0.96890515,1.0,11888,"tags=93%, list=84%, signal=566%",
GOBP_POSITIVE_REGULATION_OF_NATURAL_KILLER_CELL_ACTIVATION,GOBP_POSITIVE_REGULATION_OF_NATURAL_KILLER_CELL_ACTIVATION,,25,-0.101217285,-0.6079309,0.9564356,0.9689213,1.0,2546,"tags=28%, list=18%, signal=34%",
GOBP_PROTEIN_PROCESSING,GOBP_PROTEIN_PROCESSING,,226,-0.034075975,-0.60691154,0.9539347,0.9691298,1.0,1286,"tags=12%, list=9%, signal=13%",
GOBP_RESPONSE_TO_GROWTH_HORMONE,GOBP_RESPONSE_TO_GROWTH_HORMONE,,33,-0.0882201,-0.6047543,0.927686,0.9701547,1.0,8230,"tags=67%, list=58%, signal=158%",
GOBP_RESPONSE_TO_VIRUS,GOBP_RESPONSE_TO_VIRUS,,354,-0.027938342,-0.60277003,0.9375,0.97106767,1.0,10902,"tags=79%, list=77%, signal=332%",
GOBP_POSITIVE_REGULATION_OF_METAPHASE_ANAPHASE_TRANSITION_OF_CELL_CYCLE,GOBP_POSITIVE_REGULATION_OF_METAPHASE_ANAPHASE_TRANSITION_OF_CELL_CYCLE,,16,-0.12707675,-0.60240966,0.9347409,0.9707157,1.0,7084,"tags=63%, list=50%, signal=124%",
GOBP_TROPHOBLAST_GIANT_CELL_DIFFERENTIATION,GOBP_TROPHOBLAST_GIANT_CELL_DIFFERENTIATION,,16,-0.12454682,-0.5949818,0.9382716,0.9755809,1.0,11564,"tags=94%, list=81%, signal=501%",
GOBP_SPONGIOTROPHOBLAST_LAYER_DEVELOPMENT,GOBP_SPONGIOTROPHOBLAST_LAYER_DEVELOPMENT,,15,-0.12466564,-0.59377986,0.9596603,0.9758172,1.0,12451,"tags=100%, list=88%, signal=803%",
GOBP_NEGATIVE_REGULATION_OF_CELL_KILLING,GOBP_NEGATIVE_REGULATION_OF_CELL_KILLING,,34,-0.08438963,-0.5915067,0.9458414,0.97680396,1.0,5496,"tags=47%, list=39%, signal=77%",
GOBP_HYALURONAN_METABOLIC_PROCESS,GOBP_HYALURONAN_METABOLIC_PROCESS,,34,-0.08510902,-0.5903005,0.9466951,0.9770153,1.0,4231,"tags=38%, list=30%, signal=54%",
GOBP_POSITIVE_REGULATION_OF_MACROPHAGE_CHEMOTAXIS,GOBP_POSITIVE_REGULATION_OF_MACROPHAGE_CHEMOTAXIS,,24,-0.10240132,-0.58895147,0.9505929,0.9773163,1.0,2695,"tags=29%, list=19%, signal=36%",
GOBP_TRANSPOSABLE_ELEMENT_SILENCING_BY_HETEROCHROMATIN_FORMATION,GOBP_TRANSPOSABLE_ELEMENT_SILENCING_BY_HETEROCHROMATIN_FORMATION,,15,-0.12478296,-0.5881003,0.94693875,0.9772581,1.0,7709,"tags=67%, list=54%, signal=145%",
GOBP_REGULATION_OF_CYTOPLASMIC_TRANSLATION,GOBP_REGULATION_OF_CYTOPLASMIC_TRANSLATION,,34,-0.08301097,-0.585195,0.959144,0.97857815,1.0,10953,"tags=85%, list=77%, signal=370%",
GOBP_REGULATION_OF_NUCLEOTIDE_BIOSYNTHETIC_PROCESS,GOBP_REGULATION_OF_NUCLEOTIDE_BIOSYNTHETIC_PROCESS,,24,-0.100109175,-0.58487254,0.9392713,0.9781796,1.0,2135,"tags=25%, list=15%, signal=29%",
GOBP_GMP_BIOSYNTHETIC_PROCESS,GOBP_GMP_BIOSYNTHETIC_PROCESS,,15,-0.12571214,-0.58442104,0.95696723,0.9778654,1.0,10540,"tags=87%, list=74%, signal=334%",
GOBP_NEGATIVE_REGULATION_OF_CGAS_STING_SIGNALING_PATHWAY,GOBP_NEGATIVE_REGULATION_OF_CGAS_STING_SIGNALING_PATHWAY,,16,-0.12054296,-0.5828641,0.95247525,0.9782593,1.0,6288,"tags=56%, list=44%, signal=101%",
GOBP_PHOSPHATE_ION_TRANSPORT,GOBP_PHOSPHATE_ION_TRANSPORT,,25,-0.09721048,-0.57808614,0.96761906,0.9806589,1.0,12842,"tags=100%, list=90%, signal=1029%",
GOBP_REGULATION_OF_DEFENSE_RESPONSE_TO_BACTERIUM,GOBP_REGULATION_OF_DEFENSE_RESPONSE_TO_BACTERIUM,,19,-0.11098513,-0.57793164,0.9392713,0.9801275,1.0,6658,"tags=58%, list=47%, signal=109%",
GOBP_DEVELOPMENTAL_PIGMENTATION,GOBP_DEVELOPMENTAL_PIGMENTATION,,43,-0.07498515,-0.5771339,0.94280076,0.9800104,1.0,5883,"tags=49%, list=41%, signal=83%",
GOBP_REGULATION_OF_NON_CANONICAL_NF_KAPPAB_SIGNAL_TRANSDUCTION,GOBP_REGULATION_OF_NON_CANONICAL_NF_KAPPAB_SIGNAL_TRANSDUCTION,,85,-0.05288292,-0.5752915,0.9578544,0.9805502,1.0,12136,"tags=91%, list=85%, signal=614%",
GOBP_ALPHA_LINOLENIC_ACID_METABOLIC_PROCESS,GOBP_ALPHA_LINOLENIC_ACID_METABOLIC_PROCESS,,15,-0.122619554,-0.570183,0.9525692,0.9830439,1.0,11532,"tags=93%, list=81%, signal=493%",
GOBP_INTRACELLULAR_PH_REDUCTION,GOBP_INTRACELLULAR_PH_REDUCTION,,48,-0.068792775,-0.56974334,0.96303904,0.98268986,1.0,13247,"tags=100%, list=93%, signal=1455%",
GOBP_REGULATION_OF_MAST_CELL_DEGRANULATION,GOBP_REGULATION_OF_MAST_CELL_DEGRANULATION,,33,-0.082690455,-0.568616,0.97081715,0.9827124,1.0,4430,"tags=39%, list=31%, signal=57%",
GOBP_VACUOLAR_LOCALIZATION,GOBP_VACUOLAR_LOCALIZATION,,76,-0.0549962,-0.56775373,0.972973,0.9826052,1.0,8579,"tags=66%, list=60%, signal=165%",
GOBP_REGULATION_OF_MYOBLAST_DIFFERENTIATION,GOBP_REGULATION_OF_MYOBLAST_DIFFERENTIATION,,82,-0.05278777,-0.56611496,0.9577735,0.9828818,1.0,5498,"tags=44%, list=39%, signal=71%",
GOBP_POLYOL_METABOLIC_PROCESS,GOBP_POLYOL_METABOLIC_PROCESS,,88,-0.050994456,-0.5607297,0.96781117,0.9851374,1.0,6714,"tags=52%, list=47%, signal=98%",
GOBP_NEGATIVE_REGULATION_OF_CYTOKINE_PRODUCTION_INVOLVED_IN_IMMUNE_RESPONSE,GOBP_NEGATIVE_REGULATION_OF_CYTOKINE_PRODUCTION_INVOLVED_IN_IMMUNE_RESPONSE,,30,-0.08507502,-0.56047326,0.9767892,0.98464614,1.0,3060,"tags=30%, list=22%, signal=38%",
GOBP_REGULATION_OF_CHOLESTEROL_BIOSYNTHETIC_PROCESS,GOBP_REGULATION_OF_CHOLESTEROL_BIOSYNTHETIC_PROCESS,,28,-0.088003606,-0.5578687,0.96443516,0.98535424,1.0,3323,"tags=32%, list=23%, signal=42%",
GOBP_COPULATION,GOBP_COPULATION,,19,-0.10623784,-0.55596143,0.9790356,0.98572236,1.0,4480,"tags=42%, list=32%, signal=61%",
GOBP_NATURAL_KILLER_CELL_PROLIFERATION,GOBP_NATURAL_KILLER_CELL_PROLIFERATION,,15,-0.11909522,-0.5543172,0.9666012,0.98593765,1.0,10634,"tags=87%, list=75%, signal=343%",
GOBP_RESPONSE_TO_CADMIUM_ION,GOBP_RESPONSE_TO_CADMIUM_ION,,53,-0.06470998,-0.5534205,0.98,0.9857545,1.0,3109,"tags=28%, list=22%, signal=36%",
GOBP_POSITIVE_REGULATION_OF_MACROPHAGE_DIFFERENTIATION,GOBP_POSITIVE_REGULATION_OF_MACROPHAGE_DIFFERENTIATION,,15,-0.117907934,-0.55233604,0.98350513,0.9856804,1.0,12547,"tags=100%, list=88%, signal=849%",
GOBP_REGULATION_OF_AMINE_METABOLIC_PROCESS,GOBP_REGULATION_OF_AMINE_METABOLIC_PROCESS,,22,-0.09768293,-0.5490388,0.9663366,0.9865791,1.0,12835,"tags=100%, list=90%, signal=1024%",
GOBP_SULFATION,GOBP_SULFATION,,26,-0.09187688,-0.5485779,0.96718144,0.9861788,1.0,10183,"tags=81%, list=72%, signal=284%",
GOBP_REGULATION_OF_OXIDATIVE_STRESS_INDUCED_INTRINSIC_APOPTOTIC_SIGNALING_PATHWAY,GOBP_REGULATION_OF_OXIDATIVE_STRESS_INDUCED_INTRINSIC_APOPTOTIC_SIGNALING_PATHWAY,,37,-0.07553811,-0.5434732,0.97633135,0.9878454,1.0,8154,"tags=65%, list=57%, signal=152%",
GOBP_HISTAMINE_TRANSPORT,GOBP_HISTAMINE_TRANSPORT,,18,-0.1056506,-0.5407597,0.964684,0.98837095,1.0,6401,"tags=56%, list=45%, signal=101%",
GOBP_AMMONIUM_ION_METABOLIC_PROCESS,GOBP_AMMONIUM_ION_METABOLIC_PROCESS,,24,-0.0881084,-0.5303921,0.9678068,0.99189806,1.0,4083,"tags=38%, list=29%, signal=53%",
GOBP_REGULATION_OF_MICROGLIAL_CELL_ACTIVATION,GOBP_REGULATION_OF_MICROGLIAL_CELL_ACTIVATION,,18,-0.10335453,-0.5288332,0.9821782,0.9918603,1.0,11964,"tags=94%, list=84%, signal=594%",
GOBP_REGULATION_OF_EPITHELIAL_CELL_APOPTOTIC_PROCESS,GOBP_REGULATION_OF_EPITHELIAL_CELL_APOPTOTIC_PROCESS,,70,-0.0530856,-0.528813,0.9748428,0.9912481,1.0,12455,"tags=93%, list=88%, signal=744%",
GOBP_RESPONSE_TO_VITAMIN_D,GOBP_RESPONSE_TO_VITAMIN_D,,35,-0.07219993,-0.5269863,0.98571426,0.9912674,1.0,8322,"tags=66%, list=59%, signal=158%",
GOBP_REGULATION_OF_PROTEIN_TARGETING_TO_MEMBRANE,GOBP_REGULATION_OF_PROTEIN_TARGETING_TO_MEMBRANE,,27,-0.08497592,-0.5267441,0.97987926,0.990739,1.0,5642,"tags=48%, list=40%, signal=80%",
GOBP_NEGATIVE_REGULATION_OF_ALPHA_BETA_T_CELL_PROLIFERATION,GOBP_NEGATIVE_REGULATION_OF_ALPHA_BETA_T_CELL_PROLIFERATION,,16,-0.105869435,-0.52591074,0.97095436,0.9904282,1.0,3830,"tags=38%, list=27%, signal=51%",
GOBP_HOMEOSTASIS_OF_NUMBER_OF_CELLS_WITHIN_A_TISSUE,GOBP_HOMEOSTASIS_OF_NUMBER_OF_CELLS_WITHIN_A_TISSUE,,46,-0.0657419,-0.52521664,0.96303904,0.990047,1.0,4943,"tags=41%, list=35%, signal=63%",
GOBP_RESPONSE_TO_VITAMIN,GOBP_RESPONSE_TO_VITAMIN,,89,-0.04783153,-0.52508414,0.98367345,0.9894751,1.0,4598,"tags=37%, list=32%, signal=54%",
GOBP_REGULATION_OF_CATECHOLAMINE_METABOLIC_PROCESS,GOBP_REGULATION_OF_CATECHOLAMINE_METABOLIC_PROCESS,,19,-0.09766231,-0.52100086,0.97736627,0.99022377,1.0,12835,"tags=100%, list=90%, signal=1025%",
GOBP_OOCYTE_DIFFERENTIATION,GOBP_OOCYTE_DIFFERENTIATION,,53,-0.0600303,-0.52062637,0.9866412,0.9897257,1.0,9615,"tags=74%, list=68%, signal=226%",
GOBP_REGULATION_OF_SIGNAL_TRANSDUCTION_BY_P53_CLASS_MEDIATOR,GOBP_REGULATION_OF_SIGNAL_TRANSDUCTION_BY_P53_CLASS_MEDIATOR,,82,-0.048528634,-0.51902777,0.99358976,0.9895862,1.0,13189,"tags=98%, list=93%, signal=1337%",
GOBP_POSITIVE_REGULATION_OF_DENDRITIC_SPINE_MORPHOGENESIS,GOBP_POSITIVE_REGULATION_OF_DENDRITIC_SPINE_MORPHOGENESIS,,31,-0.075475685,-0.50746506,0.9868914,0.99233973,1.0,13151,"tags=100%, list=92%, signal=1326%",
GOBP_NEGATIVE_REGULATION_OF_CARDIAC_MUSCLE_TISSUE_GROWTH,GOBP_NEGATIVE_REGULATION_OF_CARDIAC_MUSCLE_TISSUE_GROWTH,,30,-0.07799309,-0.50609463,0.9900398,0.99207747,1.0,10271,"tags=80%, list=72%, signal=287%",
GOBP_REGULATION_OF_INNATE_IMMUNE_RESPONSE,GOBP_REGULATION_OF_INNATE_IMMUNE_RESPONSE,,428,-0.020957086,-0.50444865,0.98039216,0.99188507,1.0,6025,"tags=44%, list=42%, signal=75%",
GOBP_NEGATIVE_REGULATION_OF_ANTIGEN_RECEPTOR_MEDIATED_SIGNALING_PATHWAY,GOBP_NEGATIVE_REGULATION_OF_ANTIGEN_RECEPTOR_MEDIATED_SIGNALING_PATHWAY,,31,-0.076387264,-0.49591678,0.9940711,0.9932678,1.0,2587,"tags=26%, list=18%, signal=31%",
GOBP_CARBOHYDRATE_PHOSPHORYLATION,GOBP_CARBOHYDRATE_PHOSPHORYLATION,,19,-0.094871774,-0.48541096,0.99404764,0.9948199,1.0,2396,"tags=26%, list=17%, signal=32%",
GOBP_IMP_METABOLIC_PROCESS,GOBP_IMP_METABOLIC_PROCESS,,18,-0.09236311,-0.4673098,0.9939638,0.99706036,1.0,10540,"tags=83%, list=74%, signal=322%",
GOBP_NEGATIVE_REGULATION_OF_CHEMOKINE_PRODUCTION,GOBP_NEGATIVE_REGULATION_OF_CHEMOKINE_PRODUCTION,,28,-0.07275211,-0.45878392,0.9959184,0.9974501,1.0,1000,"tags=14%, list=7%, signal=15%",
GOBP_TOOTH_MINERALIZATION,GOBP_TOOTH_MINERALIZATION,,27,-0.07136557,-0.4476031,0.9958506,0.9979231,1.0,7942,"tags=63%, list=56%, signal=142%",
GOBP_NEGATIVE_REGULATION_OF_TYPE_I_INTERFERON_MEDIATED_SIGNALING_PATHWAY,GOBP_NEGATIVE_REGULATION_OF_TYPE_I_INTERFERON_MEDIATED_SIGNALING_PATHWAY,,26,-0.07187525,-0.43536714,0.99785864,0.99819154,1.0,9373,"tags=73%, list=66%, signal=214%",
