NAME,GS<br> follow link to MSigDB,GS DETAILS,SIZE,ES,NES,NOM p-val,FDR q-val,FWER p-val,RANK AT MAX,LEADING EDGE,Unnamed: 11
GOBP_AEROBIC_RESPIRATION,GOBP_AEROBIC_RESPIRATION,Details ...,190,-0.3168779,-5.074414,0.0,0.0,0.0,7204,"tags=71%, list=39%, signal=115%",
GOBP_OXIDATIVE_PHOSPHORYLATION,GOBP_OXIDATIVE_PHOSPHORYLATION,Details ...,144,-0.356229,-4.8553734,0.0,0.0,0.0,7805,"tags=78%, list=42%, signal=134%",
GOBP_PROTON_MOTIVE_FORCE_DRIVEN_ATP_SYNTHESIS,GOBP_PROTON_MOTIVE_FORCE_DRIVEN_ATP_SYNTHESIS,Details ...,75,-0.45692798,-4.6065392,0.0,0.0,0.0,4383,"tags=69%, list=24%, signal=91%",
GOBP_CELLULAR_RESPIRATION,GOBP_CELLULAR_RESPIRATION,Details ...,231,-0.2509769,-4.445191,0.0,0.0,0.0,8102,"tags=69%, list=44%, signal=121%",
GOBP_ATP_SYNTHESIS_COUPLED_ELECTRON_TRANSPORT,GOBP_ATP_SYNTHESIS_COUPLED_ELECTRON_TRANSPORT,Details ...,96,-0.38409856,-4.431515,0.0,0.0,0.0,3702,"tags=58%, list=20%, signal=73%",
GOBP_RNA_SPLICING,GOBP_RNA_SPLICING,Details ...,445,-0.17431834,-4.25847,0.0,0.0,0.0,10139,"tags=72%, list=55%, signal=157%",
GOBP_MRNA_PROCESSING,GOBP_MRNA_PROCESSING,Details ...,481,-0.15967931,-4.1034403,0.0,0.0,0.0,12091,"tags=81%, list=66%, signal=231%",
GOBP_PROTON_TRANSMEMBRANE_TRANSPORT,GOBP_PROTON_TRANSMEMBRANE_TRANSPORT,Details ...,180,-0.26427647,-4.0533504,0.0,0.0,0.0,5712,"tags=57%, list=31%, signal=82%",
GOBP_MITOCHONDRIAL_TRANSLATION,GOBP_MITOCHONDRIAL_TRANSLATION,Details ...,131,-0.3014749,-4.002438,0.0,0.0,0.0,8535,"tags=76%, list=46%, signal=141%",
GOBP_MITOCHONDRIAL_GENE_EXPRESSION,GOBP_MITOCHONDRIAL_GENE_EXPRESSION,Details ...,169,-0.258772,-3.95689,0.0,0.0,0.0,8562,"tags=72%, list=47%, signal=134%",
GOBP_ENERGY_DERIVATION_BY_OXIDATION_OF_ORGANIC_COMPOUNDS,GOBP_ENERGY_DERIVATION_BY_OXIDATION_OF_ORGANIC_COMPOUNDS,Details ...,335,-0.18763877,-3.9550524,0.0,0.0,0.0,7428,"tags=59%, list=40%, signal=97%",
GOBP_GOLGI_VESICLE_TRANSPORT,GOBP_GOLGI_VESICLE_TRANSPORT,Details ...,313,-0.1836808,-3.8132927,0.0,0.0,0.0,9607,"tags=70%, list=52%, signal=145%",
GOBP_NUCLEOSIDE_TRIPHOSPHATE_BIOSYNTHETIC_PROCESS,GOBP_NUCLEOSIDE_TRIPHOSPHATE_BIOSYNTHETIC_PROCESS,Details ...,126,-0.28860775,-3.785065,0.0,0.0,0.0,4217,"tags=52%, list=23%, signal=66%",
GOBP_ATP_BIOSYNTHETIC_PROCESS,GOBP_ATP_BIOSYNTHETIC_PROCESS,Details ...,102,-0.32566613,-3.7799459,0.0,0.0,0.0,3601,"tags=52%, list=20%, signal=64%",
GOBP_ELECTRON_TRANSPORT_CHAIN,GOBP_ELECTRON_TRANSPORT_CHAIN,Details ...,122,-0.29565182,-3.7705112,0.0,0.0,0.0,3343,"tags=48%, list=18%, signal=58%",
GOBP_GENERATION_OF_PRECURSOR_METABOLITES_AND_ENERGY,GOBP_GENERATION_OF_PRECURSOR_METABOLITES_AND_ENERGY,Details ...,467,-0.14003082,-3.5058005,0.0,0.0,0.0,8124,"tags=58%, list=44%, signal=101%",
GOBP_MITOCHONDRION_ORGANIZATION,GOBP_MITOCHONDRION_ORGANIZATION,Details ...,420,-0.14842524,-3.4631839,0.0,0.0,0.0,12966,"tags=85%, list=71%, signal=282%",
GOBP_RNA_SPLICING_VIA_TRANSESTERIFICATION_REACTIONS,GOBP_RNA_SPLICING_VIA_TRANSESTERIFICATION_REACTIONS,Details ...,305,-0.1729315,-3.3891807,0.0,0.0,0.0,10139,"tags=72%, list=55%, signal=158%",
GOBP_PHOSPHOLIPID_METABOLIC_PROCESS,GOBP_PHOSPHOLIPID_METABOLIC_PROCESS,Details ...,375,-0.15140513,-3.3440282,0.0,0.0,0.0,11888,"tags=79%, list=65%, signal=220%",
GOBP_REGULATION_OF_DNA_REPAIR,GOBP_REGULATION_OF_DNA_REPAIR,Details ...,228,-0.19395441,-3.3074217,0.0,0.0,0.0,12530,"tags=87%, list=68%, signal=270%",
GOBP_REGULATION_OF_DNA_METABOLIC_PROCESS,GOBP_REGULATION_OF_DNA_METABOLIC_PROCESS,,490,-0.1267999,-3.285704,0.0,0.0,0.0,13645,"tags=87%, list=74%, signal=326%",
GOBP_ESTABLISHMENT_OF_PROTEIN_LOCALIZATION_TO_MEMBRANE,GOBP_ESTABLISHMENT_OF_PROTEIN_LOCALIZATION_TO_MEMBRANE,,267,-0.1700677,-3.2772875,0.0,0.0,0.0,9386,"tags=68%, list=51%, signal=136%",
GOBP_MACROAUTOPHAGY,GOBP_MACROAUTOPHAGY,,377,-0.14648776,-3.2393203,0.0,0.0,0.0,13997,"tags=90%, list=76%, signal=371%",
GOBP_ENDOPLASMIC_RETICULUM_TO_GOLGI_VESICLE_MEDIATED_TRANSPORT,GOBP_ENDOPLASMIC_RETICULUM_TO_GOLGI_VESICLE_MEDIATED_TRANSPORT,,139,-0.23092611,-3.2182596,0.0,0.0,0.0,9414,"tags=74%, list=51%, signal=151%",
GOBP_NUCLEOSIDE_PHOSPHATE_BIOSYNTHETIC_PROCESS,GOBP_NUCLEOSIDE_PHOSPHATE_BIOSYNTHETIC_PROCESS,,312,-0.1573867,-3.2157469,0.0,0.0,0.0,9711,"tags=68%, list=53%, signal=142%",
GOBP_MITOCHONDRIAL_ELECTRON_TRANSPORT_NADH_TO_UBIQUINONE,GOBP_MITOCHONDRIAL_ELECTRON_TRANSPORT_NADH_TO_UBIQUINONE,,50,-0.38561693,-3.1761956,0.0,0.0,0.0,3963,"tags=60%, list=22%, signal=76%",
GOBP_PURINE_CONTAINING_COMPOUND_BIOSYNTHETIC_PROCESS,GOBP_PURINE_CONTAINING_COMPOUND_BIOSYNTHETIC_PROCESS,,253,-0.16944094,-3.1321118,0.0,0.0,0.0,4633,"tags=42%, list=25%, signal=55%",
GOBP_DNA_TEMPLATED_TRANSCRIPTION_ELONGATION,GOBP_DNA_TEMPLATED_TRANSCRIPTION_ELONGATION,,136,-0.2321298,-3.1172287,0.0,0.0,0.0,10909,"tags=82%, list=59%, signal=201%",
GOBP_PURINE_NUCLEOTIDE_BIOSYNTHETIC_PROCESS,GOBP_PURINE_NUCLEOTIDE_BIOSYNTHETIC_PROCESS,,187,-0.19731103,-3.0404572,0.0,0.00023631915,0.006,4572,"tags=44%, list=25%, signal=58%",
GOBP_LATE_ENDOSOME_TO_VACUOLE_TRANSPORT,GOBP_LATE_ENDOSOME_TO_VACUOLE_TRANSPORT,,36,-0.41948757,-3.030768,0.0,0.00022844186,0.006,8138,"tags=86%, list=44%, signal=154%",
GOBP_GLYCEROPHOSPHOLIPID_METABOLIC_PROCESS,GOBP_GLYCEROPHOSPHOLIPID_METABOLIC_PROCESS,,294,-0.14923659,-3.011736,0.0,0.00029439921,0.008,11938,"tags=80%, list=65%, signal=223%",
GOBP_RIBOSE_PHOSPHATE_BIOSYNTHETIC_PROCESS,GOBP_RIBOSE_PHOSPHATE_BIOSYNTHETIC_PROCESS,,177,-0.19175385,-3.0096729,0.0,0.00028519923,0.008,4509,"tags=44%, list=25%, signal=57%",
GOBP_GLYCEROLIPID_METABOLIC_PROCESS,GOBP_GLYCEROLIPID_METABOLIC_PROCESS,,383,-0.13185407,-2.9929075,0.0,0.00034613095,0.01,11888,"tags=78%, list=65%, signal=215%",
GOBP_U2_TYPE_PRESPLICEOSOME_ASSEMBLY,GOBP_U2_TYPE_PRESPLICEOSOME_ASSEMBLY,,25,-0.4994642,-2.9822764,0.0,0.00033595064,0.01,4805,"tags=76%, list=26%, signal=103%",
GOBP_DOUBLE_STRAND_BREAK_REPAIR,GOBP_DOUBLE_STRAND_BREAK_REPAIR,,320,-0.14501359,-2.9729817,0.0,0.00035856976,0.011,13645,"tags=88%, list=74%, signal=337%",
GOBP_VACUOLE_ORGANIZATION,GOBP_VACUOLE_ORGANIZATION,,242,-0.16420345,-2.9711626,0.0,0.00034860946,0.011,13056,"tags=87%, list=71%, signal=297%",
GOBP_LEUKOCYTE_MIGRATION,GOBP_LEUKOCYTE_MIGRATION,,388,-0.1301185,-2.921343,0.0,0.00043260312,0.014,4721,"tags=38%, list=26%, signal=51%",
GOBP_VESICLE_LOCALIZATION,GOBP_VESICLE_LOCALIZATION,,221,-0.16583025,-2.9207191,0.0,0.00042121884,0.014,13132,"tags=88%, list=71%, signal=303%",
GOBP_TYPE_II_INTERFERON_PRODUCTION,GOBP_TYPE_II_INTERFERON_PRODUCTION,,121,-0.22717413,-2.919453,0.0,0.00041041835,0.014,5578,"tags=53%, list=30%, signal=75%",
GOBP_DNA_RECOMBINATION,GOBP_DNA_RECOMBINATION,,342,-0.13786124,-2.908497,0.0,0.00042933485,0.015,13215,"tags=85%, list=72%, signal=298%",
GOBP_NUCLEOSIDE_TRIPHOSPHATE_METABOLIC_PROCESS,GOBP_NUCLEOSIDE_TRIPHOSPHATE_METABOLIC_PROCESS,,279,-0.1523535,-2.9060826,0.0,0.00041886323,0.015,4097,"tags=37%, list=22%, signal=47%",
GOBP_ATP_METABOLIC_PROCESS,GOBP_ATP_METABOLIC_PROCESS,,233,-0.1649652,-2.9059346,0.0,0.0004088903,0.015,3399,"tags=35%, list=18%, signal=42%",
GOBP_REGULATION_OF_INNATE_IMMUNE_RESPONSE,GOBP_REGULATION_OF_INNATE_IMMUNE_RESPONSE,,477,-0.116128944,-2.8651145,0.0,0.00055953005,0.021,7521,"tags=52%, list=41%, signal=86%",
GOBP_POSITIVE_REGULATION_OF_DNA_TEMPLATED_TRANSCRIPTION_ELONGATION,GOBP_POSITIVE_REGULATION_OF_DNA_TEMPLATED_TRANSCRIPTION_ELONGATION,,62,-0.30720222,-2.8606513,0.0,0.00057265034,0.022,9795,"tags=84%, list=53%, signal=179%",
GOBP_VACUOLAR_TRANSPORT,GOBP_VACUOLAR_TRANSPORT,,164,-0.19082186,-2.8508415,0.0,0.00055992475,0.022,10204,"tags=74%, list=55%, signal=166%",
GOBP_FATTY_ACID_CATABOLIC_PROCESS,GOBP_FATTY_ACID_CATABOLIC_PROCESS,,102,-0.23869002,-2.843607,0.0,0.000622254,0.025,9519,"tags=75%, list=52%, signal=156%",
GOBP_REGULATION_OF_DNA_TEMPLATED_TRANSCRIPTION_ELONGATION,GOBP_REGULATION_OF_DNA_TEMPLATED_TRANSCRIPTION_ELONGATION,,102,-0.23594649,-2.8432107,0.0,0.00060901453,0.025,10651,"tags=81%, list=58%, signal=192%",
GOBP_MONOCARBOXYLIC_ACID_CATABOLIC_PROCESS,GOBP_MONOCARBOXYLIC_ACID_CATABOLIC_PROCESS,,123,-0.2181054,-2.8374288,0.0,0.00064423605,0.027,9623,"tags=74%, list=52%, signal=154%",
GOBP_NUCLEOTIDE_BIOSYNTHETIC_PROCESS,GOBP_NUCLEOTIDE_BIOSYNTHETIC_PROCESS,,222,-0.16789562,-2.8279483,0.0,0.00067829585,0.029,4572,"tags=41%, list=25%, signal=54%",
GOBP_DIGESTION,GOBP_DIGESTION,,142,-0.20695402,-2.8138986,0.0,0.0007340841,0.032,2700,"tags=35%, list=15%, signal=41%",
GOBP_PROTEIN_DNA_COMPLEX_ORGANIZATION,GOBP_PROTEIN_DNA_COMPLEX_ORGANIZATION,,233,-0.15685754,-2.8020258,0.0,0.00083216425,0.037,9545,"tags=67%, list=52%, signal=138%",
GOBP_TRNA_METABOLIC_PROCESS,GOBP_TRNA_METABOLIC_PROCESS,,195,-0.1750348,-2.7988026,0.0,0.0008597209,0.039,13981,"tags=93%, list=76%, signal=385%",
GOBP_UBIQUITIN_DEPENDENT_PROTEIN_CATABOLIC_PROCESS_VIA_THE_MULTIVESICULAR_BODY_SORTING_PATHWAY,GOBP_UBIQUITIN_DEPENDENT_PROTEIN_CATABOLIC_PROCESS_VIA_THE_MULTIVESICULAR_BODY_SORTING_PATHWAY,,36,-0.39165533,-2.7980008,0.0,0.0008434998,0.039,8138,"tags=83%, list=44%, signal=149%",
GOBP_TRANSCRIPTION_INITIATION_AT_RNA_POLYMERASE_II_PROMOTER,GOBP_TRANSCRIPTION_INITIATION_AT_RNA_POLYMERASE_II_PROMOTER,,177,-0.17895342,-2.7878118,0.001992032,0.00093324675,0.044,11392,"tags=80%, list=62%, signal=207%",
GOBP_REGULATION_OF_DNA_RECOMBINATION,GOBP_REGULATION_OF_DNA_RECOMBINATION,,139,-0.20604149,-2.7752516,0.0,0.00095718564,0.044,12779,"tags=90%, list=69%, signal=292%",
GOBP_VESICLE_ORGANIZATION,GOBP_VESICLE_ORGANIZATION,,392,-0.124458164,-2.7712913,0.0,0.0010217378,0.048,9396,"tags=63%, list=51%, signal=127%",
GOBP_MAINTENANCE_OF_GASTROINTESTINAL_EPITHELIUM,GOBP_MAINTENANCE_OF_GASTROINTESTINAL_EPITHELIUM,,25,-0.45962757,-2.7653427,0.0,0.0011237303,0.054,4801,"tags=72%, list=26%, signal=97%",
GOBP_REGULATION_OF_MACROAUTOPHAGY,GOBP_REGULATION_OF_MACROAUTOPHAGY,,193,-0.17210542,-2.7562556,0.0,0.0011238251,0.055,11639,"tags=80%, list=63%, signal=216%",
GOBP_MITOCHONDRIAL_RESPIRATORY_CHAIN_COMPLEX_ASSEMBLY,GOBP_MITOCHONDRIAL_RESPIRATORY_CHAIN_COMPLEX_ASSEMBLY,,100,-0.23308457,-2.7554922,0.0,0.0011047772,0.055,11370,"tags=85%, list=62%, signal=221%",
GOBP_LIPID_CATABOLIC_PROCESS,GOBP_LIPID_CATABOLIC_PROCESS,,342,-0.12934463,-2.7511024,0.0,0.0010863643,0.055,10196,"tags=68%, list=55%, signal=150%",
GOBP_VESICLE_TARGETING,GOBP_VESICLE_TARGETING,,65,-0.28891948,-2.7447307,0.0,0.0010870582,0.056,9702,"tags=82%, list=53%, signal=172%",
GOBP_DEFENSE_RESPONSE_TO_BACTERIUM,GOBP_DEFENSE_RESPONSE_TO_BACTERIUM,,300,-0.14015514,-2.7393026,0.0,0.0011066322,0.058,3841,"tags=35%, list=21%, signal=43%",
GOBP_ENDOSOMAL_TRANSPORT,GOBP_ENDOSOMAL_TRANSPORT,,294,-0.1391419,-2.7211025,0.0,0.0011995846,0.063,13059,"tags=85%, list=71%, signal=287%",
GOBP_VESICLE_COATING,GOBP_VESICLE_COATING,,38,-0.37324458,-2.7142007,0.0,0.0012170707,0.065,8638,"tags=84%, list=47%, signal=158%",
GOBP_ENDOSOME_ORGANIZATION,GOBP_ENDOSOME_ORGANIZATION,,100,-0.22882454,-2.6975377,0.0,0.0013217378,0.072,9241,"tags=73%, list=50%, signal=146%",
GOBP_MITOCHONDRIAL_MEMBRANE_ORGANIZATION,GOBP_MITOCHONDRIAL_MEMBRANE_ORGANIZATION,,113,-0.2168558,-2.6930594,0.0,0.0013712924,0.075,10034,"tags=76%, list=55%, signal=166%",
GOBP_DIGESTIVE_SYSTEM_PROCESS,GOBP_DIGESTIVE_SYSTEM_PROCESS,,111,-0.21814321,-2.686935,0.0,0.001401391,0.078,5126,"tags=50%, list=28%, signal=68%",
GOBP_POSITIVE_REGULATION_OF_T_CELL_CYTOKINE_PRODUCTION,GOBP_POSITIVE_REGULATION_OF_T_CELL_CYTOKINE_PRODUCTION,,28,-0.41892472,-2.6783895,0.0,0.0014314069,0.08,8072,"tags=86%, list=44%, signal=153%",
GOBP_RECOMBINATIONAL_REPAIR,GOBP_RECOMBINATIONAL_REPAIR,,190,-0.1742397,-2.6755102,0.0,0.0014605146,0.083,12704,"tags=86%, list=69%, signal=276%",
GOBP_DNA_TEMPLATED_TRANSCRIPTION_INITIATION,GOBP_DNA_TEMPLATED_TRANSCRIPTION_INITIATION,,216,-0.15929186,-2.6676207,0.0,0.0015879769,0.091,13794,"tags=91%, list=75%, signal=359%",
GOBP_REGULATION_OF_IMMUNE_EFFECTOR_PROCESS,GOBP_REGULATION_OF_IMMUNE_EFFECTOR_PROCESS,,411,-0.11539097,-2.6666038,0.0,0.0016140384,0.094,5578,"tags=42%, list=30%, signal=58%",
GOBP_LEUKOCYTE_MEDIATED_IMMUNITY,GOBP_LEUKOCYTE_MEDIATED_IMMUNITY,,410,-0.11348617,-2.6580102,0.0,0.0017193956,0.102,3074,"tags=28%, list=17%, signal=33%",
GOBP_ACETYL_COA_BIOSYNTHETIC_PROCESS,GOBP_ACETYL_COA_BIOSYNTHETIC_PROCESS,,20,-0.5005906,-2.6510231,0.0,0.0018208395,0.109,6437,"tags=85%, list=35%, signal=131%",
GOBP_PROTEASOME_MEDIATED_UBIQUITIN_DEPENDENT_PROTEIN_CATABOLIC_PROCESS,GOBP_PROTEASOME_MEDIATED_UBIQUITIN_DEPENDENT_PROTEIN_CATABOLIC_PROCESS,,451,-0.110062234,-2.6461875,0.0,0.0019043237,0.115,13196,"tags=82%, list=72%, signal=285%",
GOBP_PROTEIN_TARGETING,GOBP_PROTEIN_TARGETING,,326,-0.1296034,-2.6452615,0.0,0.0018789326,0.115,11594,"tags=76%, list=63%, signal=201%",
GOBP_RESPONSE_TO_ENDOPLASMIC_RETICULUM_STRESS,GOBP_RESPONSE_TO_ENDOPLASMIC_RETICULUM_STRESS,,279,-0.1359296,-2.6433487,0.0,0.001884073,0.117,12766,"tags=83%, list=69%, signal=267%",
GOBP_POSITIVE_REGULATION_OF_HUMORAL_IMMUNE_RESPONSE,GOBP_POSITIVE_REGULATION_OF_HUMORAL_IMMUNE_RESPONSE,,21,-0.4806154,-2.6354895,0.0,0.0019781839,0.125,2557,"tags=62%, list=14%, signal=72%",
GOBP_IRE1_MEDIATED_UNFOLDED_PROTEIN_RESPONSE,GOBP_IRE1_MEDIATED_UNFOLDED_PROTEIN_RESPONSE,,22,-0.45610687,-2.6352928,0.0,0.0019528226,0.125,5834,"tags=77%, list=32%, signal=113%",
GOBP_PRODUCTION_OF_MOLECULAR_MEDIATOR_OF_IMMUNE_RESPONSE,GOBP_PRODUCTION_OF_MOLECULAR_MEDIATOR_OF_IMMUNE_RESPONSE,,234,-0.15217082,-2.6327457,0.0,0.0020006842,0.13,5569,"tags=45%, list=30%, signal=64%",
GOBP_POSITIVE_REGULATION_OF_CHROMOSOME_ORGANIZATION,GOBP_POSITIVE_REGULATION_OF_CHROMOSOME_ORGANIZATION,,105,-0.21904242,-2.631713,0.0,0.0019756758,0.13,11409,"tags=84%, list=62%, signal=219%",
GOBP_MITOCHONDRIAL_ELECTRON_TRANSPORT_CYTOCHROME_C_TO_OXYGEN,GOBP_MITOCHONDRIAL_ELECTRON_TRANSPORT_CYTOCHROME_C_TO_OXYGEN,,20,-0.4949186,-2.6181972,0.0,0.0021355336,0.14,2863,"tags=65%, list=16%, signal=77%",
GOBP_MONONUCLEAR_CELL_MIGRATION,GOBP_MONONUCLEAR_CELL_MIGRATION,,229,-0.1481403,-2.6075208,0.0,0.0023755177,0.155,4699,"tags=40%, list=26%, signal=53%",
GOBP_NADH_DEHYDROGENASE_COMPLEX_ASSEMBLY,GOBP_NADH_DEHYDROGENASE_COMPLEX_ASSEMBLY,,42,-0.3449273,-2.6058009,0.0019305019,0.00236072,0.156,8122,"tags=79%, list=44%, signal=140%",
GOBP_POSITIVE_REGULATION_OF_PRODUCTION_OF_MOLECULAR_MEDIATOR_OF_IMMUNE_RESPONSE,GOBP_POSITIVE_REGULATION_OF_PRODUCTION_OF_MOLECULAR_MEDIATOR_OF_IMMUNE_RESPONSE,,146,-0.1855104,-2.6027565,0.0,0.0023877183,0.16,5308,"tags=47%, list=29%, signal=66%",
GOBP_PHOSPHOLIPID_BIOSYNTHETIC_PROCESS,GOBP_PHOSPHOLIPID_BIOSYNTHETIC_PROCESS,,243,-0.1437887,-2.6025949,0.0,0.00237297,0.161,11847,"tags=79%, list=64%, signal=218%",
GOBP_REGULATION_OF_DNA_TEMPLATED_DNA_REPLICATION_INITIATION,GOBP_REGULATION_OF_DNA_TEMPLATED_DNA_REPLICATION_INITIATION,,16,-0.5322517,-2.5845988,0.0,0.0027577407,0.182,6313,"tags=88%, list=34%, signal=133%",
GOBP_POSITIVE_REGULATION_OF_CYTOKINE_PRODUCTION,GOBP_POSITIVE_REGULATION_OF_CYTOKINE_PRODUCTION,,499,-0.10096361,-2.5831053,0.0,0.0027782149,0.186,5234,"tags=38%, list=28%, signal=52%",
GOBP_AUTOPHAGOSOME_ORGANIZATION,GOBP_AUTOPHAGOSOME_ORGANIZATION,,130,-0.19505504,-2.5758271,0.0,0.0029415009,0.193,12991,"tags=90%, list=71%, signal=304%",
GOBP_RESPONSE_TO_FUNGUS,GOBP_RESPONSE_TO_FUNGUS,,74,-0.25725177,-2.5706947,0.0,0.0030248433,0.201,5230,"tags=54%, list=28%, signal=75%",
GOBP_EPITHELIAL_STRUCTURE_MAINTENANCE,GOBP_EPITHELIAL_STRUCTURE_MAINTENANCE,,37,-0.36462927,-2.570096,0.0,0.003003963,0.201,6232,"tags=70%, list=34%, signal=106%",
GOBP_POSITIVE_REGULATION_OF_DNA_METABOLIC_PROCESS,GOBP_POSITIVE_REGULATION_OF_DNA_METABOLIC_PROCESS,,280,-0.13477622,-2.5615723,0.0,0.0031845905,0.214,11419,"tags=75%, list=62%, signal=196%",
GOBP_MICROTUBULE_ORGANIZING_CENTER_ORGANIZATION,GOBP_MICROTUBULE_ORGANIZING_CENTER_ORGANIZATION,,159,-0.17154819,-2.5555186,0.0,0.0032365934,0.22,13298,"tags=89%, list=72%, signal=320%",
GOBP_LATE_ENDOSOME_TO_VACUOLE_TRANSPORT_VIA_MULTIVESICULAR_BODY_SORTING_PATHWAY,GOBP_LATE_ENDOSOME_TO_VACUOLE_TRANSPORT_VIA_MULTIVESICULAR_BODY_SORTING_PATHWAY,,27,-0.4100091,-2.5549927,0.0,0.003201791,0.22,8138,"tags=85%, list=44%, signal=153%",
GOBP_LIPID_MODIFICATION,GOBP_LIPID_MODIFICATION,,193,-0.15769428,-2.5467196,0.0,0.0033853718,0.235,9519,"tags=67%, list=52%, signal=138%",
GOBP_ORGANELLE_DISASSEMBLY,GOBP_ORGANELLE_DISASSEMBLY,,73,-0.25005722,-2.5421166,0.0019569471,0.0034341686,0.241,11796,"tags=89%, list=64%, signal=247%",
GOBP_POST_GOLGI_VESICLE_MEDIATED_TRANSPORT,GOBP_POST_GOLGI_VESICLE_MEDIATED_TRANSPORT,,112,-0.2077623,-2.539234,0.0,0.003481775,0.247,11146,"tags=81%, list=61%, signal=205%",
GOBP_POSITIVE_REGULATION_OF_DNA_TEMPLATED_TRANSCRIPTION_INITIATION,GOBP_POSITIVE_REGULATION_OF_DNA_TEMPLATED_TRANSCRIPTION_INITIATION,,72,-0.24661176,-2.5365243,0.0,0.003504771,0.25,9532,"tags=76%, list=52%, signal=158%",
GOBP_POSITIVE_REGULATION_OF_RESPONSE_TO_BIOTIC_STIMULUS,GOBP_POSITIVE_REGULATION_OF_RESPONSE_TO_BIOTIC_STIMULUS,,423,-0.106557585,-2.5320506,0.0020449897,0.003599172,0.258,7521,"tags=51%, list=41%, signal=85%",
GOBP_PHOSPHATIDYLINOSITOL_METABOLIC_PROCESS,GOBP_PHOSPHATIDYLINOSITOL_METABOLIC_PROCESS,,149,-0.17609924,-2.531914,0.0,0.003562817,0.258,11847,"tags=82%, list=64%, signal=228%",
GOBP_CELLULAR_RESPONSE_TO_ALDEHYDE,GOBP_CELLULAR_RESPONSE_TO_ALDEHYDE,,17,-0.5212737,-2.5271795,0.0,0.003630514,0.264,3405,"tags=71%, list=19%, signal=87%",
GOBP_REGULATION_OF_DOUBLE_STRAND_BREAK_REPAIR,GOBP_REGULATION_OF_DOUBLE_STRAND_BREAK_REPAIR,,145,-0.17801955,-2.5269086,0.0,0.0036172708,0.265,12734,"tags=87%, list=69%, signal=280%",
GOBP_LEUKOCYTE_CHEMOTAXIS,GOBP_LEUKOCYTE_CHEMOTAXIS,,232,-0.14074549,-2.5239406,0.0,0.0036950137,0.271,4976,"tags=41%, list=27%, signal=55%",
GOBP_MITOCHONDRIAL_TRANSPORT,GOBP_MITOCHONDRIAL_TRANSPORT,,176,-0.16020511,-2.5014112,0.0,0.0042728917,0.309,12966,"tags=86%, list=71%, signal=290%",
GOBP_PROTEIN_LOCALIZATION_TO_VACUOLE,GOBP_PROTEIN_LOCALIZATION_TO_VACUOLE,,80,-0.23301771,-2.4989522,0.0,0.004298429,0.314,12516,"tags=91%, list=68%, signal=284%",
GOBP_COTRANSLATIONAL_PROTEIN_TARGETING_TO_MEMBRANE,GOBP_COTRANSLATIONAL_PROTEIN_TARGETING_TO_MEMBRANE,,22,-0.44004473,-2.4955192,0.0,0.0043229926,0.318,6965,"tags=82%, list=38%, signal=132%",
GOBP_REGULATION_OF_CHROMOSOME_ORGANIZATION,GOBP_REGULATION_OF_CHROMOSOME_ORGANIZATION,,243,-0.1376009,-2.4953456,0.0,0.00428221,0.318,10597,"tags=71%, list=58%, signal=166%",
GOBP_CHROMOSOME_SEGREGATION,GOBP_CHROMOSOME_SEGREGATION,,429,-0.10538461,-2.4901955,0.002008032,0.004349002,0.326,14227,"tags=88%, list=77%, signal=378%",
GOBP_ESTABLISHMENT_OF_PROTEIN_LOCALIZATION_TO_MITOCHONDRIAL_MEMBRANE,GOBP_ESTABLISHMENT_OF_PROTEIN_LOCALIZATION_TO_MITOCHONDRIAL_MEMBRANE,,32,-0.37103567,-2.4873266,0.0020120724,0.004372484,0.33,9856,"tags=91%, list=54%, signal=195%",
GOBP_MEMBRANE_FISSION,GOBP_MEMBRANE_FISSION,,45,-0.31387886,-2.4709673,0.0,0.004774655,0.359,8138,"tags=76%, list=44%, signal=135%",
GOBP_NEGATIVE_REGULATION_OF_RESPONSE_TO_EXTERNAL_STIMULUS,GOBP_NEGATIVE_REGULATION_OF_RESPONSE_TO_EXTERNAL_STIMULUS,,391,-0.107447155,-2.4685643,0.0,0.0048559243,0.368,4699,"tags=36%, list=26%, signal=47%",
GOBP_POSITIVE_REGULATION_OF_IMMUNE_EFFECTOR_PROCESS,GOBP_POSITIVE_REGULATION_OF_IMMUNE_EFFECTOR_PROCESS,,269,-0.13346139,-2.4605327,0.0,0.0051225903,0.387,5308,"tags=42%, list=29%, signal=58%",
GOBP_MITOTIC_SISTER_CHROMATID_SEGREGATION,GOBP_MITOTIC_SISTER_CHROMATID_SEGREGATION,,195,-0.15114903,-2.4504,0.0,0.0055159805,0.413,14227,"tags=92%, list=77%, signal=403%",
GOBP_VIRAL_PROCESS,GOBP_VIRAL_PROCESS,,404,-0.106192484,-2.4485633,0.0,0.0055684727,0.42,12567,"tags=79%, list=68%, signal=243%",
GOBP_RESPONSE_TO_MOLECULE_OF_BACTERIAL_ORIGIN,GOBP_RESPONSE_TO_MOLECULE_OF_BACTERIAL_ORIGIN,,354,-0.11158952,-2.445983,0.0,0.0056004347,0.423,6924,"tags=49%, list=38%, signal=76%",
GOBP_NUCLEAR_MEMBRANE_ORGANIZATION,GOBP_NUCLEAR_MEMBRANE_ORGANIZATION,,46,-0.29901168,-2.445276,0.0020703934,0.0055614123,0.424,10108,"tags=85%, list=55%, signal=188%",
GOBP_CELL_CHEMOTAXIS,GOBP_CELL_CHEMOTAXIS,,312,-0.1203952,-2.4430666,0.0,0.005602422,0.43,4721,"tags=38%, list=26%, signal=50%",
GOBP_TRNA_PROCESSING,GOBP_TRNA_PROCESSING,,131,-0.18235956,-2.4398746,0.0,0.005672658,0.436,13939,"tags=94%, list=76%, signal=385%",
GOBP_DEPHOSPHORYLATION,GOBP_DEPHOSPHORYLATION,,152,-0.16987023,-2.4291024,0.0,0.006129723,0.464,10454,"tags=74%, list=57%, signal=169%",
GOBP_POSITIVE_REGULATION_OF_DNA_REPAIR,GOBP_POSITIVE_REGULATION_OF_DNA_REPAIR,,139,-0.18034172,-2.425301,0.0,0.006213037,0.47,13645,"tags=92%, list=74%, signal=354%",
GOBP_VESICLE_MEDIATED_TRANSPORT_TO_THE_PLASMA_MEMBRANE,GOBP_VESICLE_MEDIATED_TRANSPORT_TO_THE_PLASMA_MEMBRANE,,154,-0.16838075,-2.421089,0.0,0.006314061,0.479,11858,"tags=81%, list=64%, signal=227%",
GOBP_COPII_COATED_VESICLE_BUDDING,GOBP_COPII_COATED_VESICLE_BUDDING,,43,-0.31562656,-2.4130392,0.0020533882,0.006659183,0.498,9607,"tags=84%, list=52%, signal=175%",
GOBP_NEGATIVE_REGULATION_OF_INTERLEUKIN_6_PRODUCTION,GOBP_NEGATIVE_REGULATION_OF_INTERLEUKIN_6_PRODUCTION,,47,-0.2995066,-2.4105651,0.0,0.0067545893,0.507,3898,"tags=51%, list=21%, signal=65%",
GOBP_REGULATION_OF_BODY_FLUID_LEVELS,GOBP_REGULATION_OF_BODY_FLUID_LEVELS,,381,-0.10697267,-2.4098926,0.0,0.0067461226,0.509,4784,"tags=36%, list=26%, signal=48%",
GOBP_ANTIFUNGAL_INNATE_IMMUNE_RESPONSE,GOBP_ANTIFUNGAL_INNATE_IMMUNE_RESPONSE,,19,-0.45298624,-2.4029515,0.0,0.006978576,0.522,5230,"tags=74%, list=28%, signal=103%",
GOBP_REGULATION_OF_INFLAMMATORY_RESPONSE,GOBP_REGULATION_OF_INFLAMMATORY_RESPONSE,,397,-0.10519966,-2.4016762,0.0,0.006959121,0.523,7512,"tags=51%, list=41%, signal=85%",
GOBP_POSITIVE_REGULATION_OF_TYPE_II_INTERFERON_PRODUCTION,GOBP_POSITIVE_REGULATION_OF_TYPE_II_INTERFERON_PRODUCTION,,78,-0.23187256,-2.3956742,0.0,0.0071333647,0.533,5186,"tags=51%, list=28%, signal=71%",
GOBP_ACID_SECRETION,GOBP_ACID_SECRETION,,41,-0.30322057,-2.3861094,0.0,0.007446362,0.553,2511,"tags=44%, list=14%, signal=51%",
GOBP_T_HELPER_1_TYPE_IMMUNE_RESPONSE,GOBP_T_HELPER_1_TYPE_IMMUNE_RESPONSE,,50,-0.28232157,-2.3814847,0.0,0.0076570525,0.566,6961,"tags=66%, list=38%, signal=106%",
GOBP_NUCLEAR_ENVELOPE_ORGANIZATION,GOBP_NUCLEAR_ENVELOPE_ORGANIZATION,,57,-0.26669076,-2.375897,0.0,0.008024177,0.583,10276,"tags=82%, list=56%, signal=186%",
GOBP_ESTABLISHMENT_OF_ORGANELLE_LOCALIZATION,GOBP_ESTABLISHMENT_OF_ORGANELLE_LOCALIZATION,,485,-0.0949529,-2.374725,0.0,0.0080511635,0.586,14227,"tags=87%, list=77%, signal=372%",
GOBP_PROTEIN_EXIT_FROM_ENDOPLASMIC_RETICULUM,GOBP_PROTEIN_EXIT_FROM_ENDOPLASMIC_RETICULUM,,50,-0.28405648,-2.3729954,0.0,0.008077416,0.59,7297,"tags=68%, list=40%, signal=112%",
GOBP_ADAPTIVE_IMMUNE_RESPONSE,GOBP_ADAPTIVE_IMMUNE_RESPONSE,,469,-0.09772231,-2.3713567,0.0020920502,0.00806784,0.594,5308,"tags=38%, list=29%, signal=53%",
GOBP_REGULATION_OF_DOUBLE_STRAND_BREAK_REPAIR_VIA_HOMOLOGOUS_RECOMBINATION,GOBP_REGULATION_OF_DOUBLE_STRAND_BREAK_REPAIR_VIA_HOMOLOGOUS_RECOMBINATION,,81,-0.22384785,-2.36857,0.0,0.008205835,0.603,12704,"tags=91%, list=69%, signal=294%",
GOBP_NUCLEIC_ACID_CATABOLIC_PROCESS,GOBP_NUCLEIC_ACID_CATABOLIC_PROCESS,,356,-0.1059259,-2.3650072,0.0,0.008306895,0.607,13537,"tags=84%, list=74%, signal=312%",
GOBP_TELOMERE_ORGANIZATION,GOBP_TELOMERE_ORGANIZATION,,190,-0.14966384,-2.3638535,0.0,0.008295732,0.608,11409,"tags=77%, list=62%, signal=200%",
GOBP_DNA_STRAND_ELONGATION,GOBP_DNA_STRAND_ELONGATION,,37,-0.32820594,-2.3580704,0.001992032,0.008530461,0.623,11374,"tags=95%, list=62%, signal=247%",
GOBP_NEGATIVE_REGULATION_OF_CYTOKINE_PRODUCTION,GOBP_NEGATIVE_REGULATION_OF_CYTOKINE_PRODUCTION,,301,-0.11860449,-2.3575895,0.0,0.008493159,0.623,6165,"tags=45%, list=34%, signal=67%",
GOBP_POSITIVE_REGULATION_OF_DNA_RECOMBINATION,GOBP_POSITIVE_REGULATION_OF_DNA_RECOMBINATION,,75,-0.22612578,-2.3552732,0.0,0.008580309,0.628,12779,"tags=92%, list=69%, signal=300%",
GOBP_GLYCEROLIPID_BIOSYNTHETIC_PROCESS,GOBP_GLYCEROLIPID_BIOSYNTHETIC_PROCESS,,235,-0.13203584,-2.3495734,0.0,0.008930299,0.645,11847,"tags=77%, list=64%, signal=215%",
GOBP_VESICLE_BUDDING_FROM_MEMBRANE,GOBP_VESICLE_BUDDING_FROM_MEMBRANE,,87,-0.21432537,-2.340516,0.002096436,0.009463597,0.673,9607,"tags=74%, list=52%, signal=153%",
GOBP_SISTER_CHROMATID_SEGREGATION,GOBP_SISTER_CHROMATID_SEGREGATION,,235,-0.134572,-2.338523,0.0,0.009616288,0.683,14227,"tags=91%, list=77%, signal=395%",
GOBP_CYTOKINE_PRODUCTION_INVOLVED_IN_IMMUNE_RESPONSE,GOBP_CYTOKINE_PRODUCTION_INVOLVED_IN_IMMUNE_RESPONSE,,127,-0.17393626,-2.334864,0.0,0.009757376,0.693,6961,"tags=55%, list=38%, signal=88%",
GOBP_REGULATION_OF_CELL_CYCLE_PHASE_TRANSITION,GOBP_REGULATION_OF_CELL_CYCLE_PHASE_TRANSITION,,429,-0.096656136,-2.3347113,0.0,0.009704852,0.694,13655,"tags=84%, list=74%, signal=317%",
GOBP_MICROTUBULE_NUCLEATION,GOBP_MICROTUBULE_NUCLEATION,,47,-0.28800303,-2.333494,0.0,0.009717285,0.701,8022,"tags=72%, list=44%, signal=128%",
GOBP_LYSOSOMAL_TRANSPORT,GOBP_LYSOSOMAL_TRANSPORT,,127,-0.17873551,-2.327333,0.0021551724,0.010037681,0.723,10204,"tags=73%, list=55%, signal=163%",
GOBP_RESPONSE_TO_VIRUS,GOBP_RESPONSE_TO_VIRUS,,411,-0.1005992,-2.3252256,0.0020408162,0.010102448,0.726,12556,"tags=78%, list=68%, signal=241%",
GOBP_DNA_REPLICATION,GOBP_DNA_REPLICATION,,275,-0.1200275,-2.3245707,0.0020618557,0.010049173,0.727,12205,"tags=78%, list=66%, signal=229%",
GOBP_ESTABLISHMENT_OF_PROTEIN_LOCALIZATION_TO_ORGANELLE,GOBP_ESTABLISHMENT_OF_PROTEIN_LOCALIZATION_TO_ORGANELLE,,450,-0.094933875,-2.3190472,0.0,0.010338058,0.735,11948,"tags=74%, list=65%, signal=207%",
GOBP_ANTIMICROBIAL_HUMORAL_RESPONSE,GOBP_ANTIMICROBIAL_HUMORAL_RESPONSE,,159,-0.15688534,-2.3190446,0.002008032,0.010268674,0.735,4659,"tags=41%, list=25%, signal=54%",
GOBP_VESICLE_TARGETING_TO_FROM_OR_WITHIN_GOLGI,GOBP_VESICLE_TARGETING_TO_FROM_OR_WITHIN_GOLGI,,32,-0.34102994,-2.3178682,0.002074689,0.010292137,0.738,8108,"tags=78%, list=44%, signal=139%",
GOBP_REGULATION_OF_SYSTEMIC_ARTERIAL_BLOOD_PRESSURE,GOBP_REGULATION_OF_SYSTEMIC_ARTERIAL_BLOOD_PRESSURE,,108,-0.18912528,-2.316167,0.001996008,0.010360334,0.741,4717,"tags=44%, list=26%, signal=59%",
GOBP_CELL_CYCLE_CHECKPOINT_SIGNALING,GOBP_CELL_CYCLE_CHECKPOINT_SIGNALING,,185,-0.14499822,-2.3152478,0.0019723866,0.0103677185,0.744,14261,"tags=92%, list=78%, signal=405%",
GOBP_CD4_POSITIVE_ALPHA_BETA_T_CELL_CYTOKINE_PRODUCTION,GOBP_CD4_POSITIVE_ALPHA_BETA_T_CELL_CYTOKINE_PRODUCTION,,17,-0.4685553,-2.3116908,0.002057613,0.010608729,0.751,2210,"tags=59%, list=12%, signal=67%",
GOBP_TELOMERE_MAINTENANCE_IN_RESPONSE_TO_DNA_DAMAGE,GOBP_TELOMERE_MAINTENANCE_IN_RESPONSE_TO_DNA_DAMAGE,,33,-0.34435654,-2.3084614,0.0019455253,0.01079292,0.759,11513,"tags=97%, list=63%, signal=259%",
GOBP_SPLICEOSOMAL_COMPLEX_ASSEMBLY,GOBP_SPLICEOSOMAL_COMPLEX_ASSEMBLY,,76,-0.2218077,-2.3042412,0.002016129,0.011102171,0.767,6828,"tags=59%, list=37%, signal=94%",
GOBP_INNER_MITOCHONDRIAL_MEMBRANE_ORGANIZATION,GOBP_INNER_MITOCHONDRIAL_MEMBRANE_ORGANIZATION,,45,-0.29592282,-2.302377,0.0,0.0111634005,0.772,12963,"tags=100%, list=70%, signal=338%",
GOBP_REGULATION_OF_AUTOPHAGOSOME_ASSEMBLY,GOBP_REGULATION_OF_AUTOPHAGOSOME_ASSEMBLY,,49,-0.2747614,-2.302347,0.0,0.011092296,0.772,12977,"tags=98%, list=71%, signal=332%",
GOBP_HUMORAL_IMMUNE_RESPONSE,GOBP_HUMORAL_IMMUNE_RESPONSE,,267,-0.121177055,-2.298596,0.0,0.011210777,0.777,4004,"tags=34%, list=22%, signal=42%",
GOBP_GLYCEROPHOSPHOLIPID_BIOSYNTHETIC_PROCESS,GOBP_GLYCEROPHOSPHOLIPID_BIOSYNTHETIC_PROCESS,,196,-0.13811879,-2.2957666,0.0,0.011377922,0.781,11938,"tags=79%, list=65%, signal=222%",
GOBP_CELLULAR_COMPONENT_DISASSEMBLY,GOBP_CELLULAR_COMPONENT_DISASSEMBLY,,456,-0.094825,-2.2918081,0.0019723866,0.011536119,0.786,10198,"tags=65%, list=55%, signal=142%",
GOBP_MITOTIC_NUCLEAR_DIVISION,GOBP_MITOTIC_NUCLEAR_DIVISION,,283,-0.11875624,-2.291774,0.0037950664,0.011464465,0.786,14227,"tags=89%, list=77%, signal=387%",
GOBP_REGULATION_OF_DNA_TEMPLATED_TRANSCRIPTION_INITIATION,GOBP_REGULATION_OF_DNA_TEMPLATED_TRANSCRIPTION_INITIATION,,83,-0.21947612,-2.2882872,0.0,0.011654959,0.794,10607,"tags=80%, list=58%, signal=187%",
GOBP_VIRAL_BUDDING,GOBP_VIRAL_BUDDING,,25,-0.37442663,-2.2838874,0.0,0.011963701,0.801,10044,"tags=92%, list=55%, signal=202%",
GOBP_CANONICAL_NF_KAPPAB_SIGNAL_TRANSDUCTION,GOBP_CANONICAL_NF_KAPPAB_SIGNAL_TRANSDUCTION,,329,-0.10929695,-2.283541,0.0019723866,0.011925405,0.801,12449,"tags=78%, list=68%, signal=238%",
GOBP_NEGATIVE_REGULATION_OF_DEFENSE_RESPONSE,GOBP_NEGATIVE_REGULATION_OF_DEFENSE_RESPONSE,,263,-0.1206763,-2.281796,0.0042643924,0.011992026,0.803,5925,"tags=44%, list=32%, signal=64%",
GOBP_COENZYME_A_METABOLIC_PROCESS,GOBP_COENZYME_A_METABOLIC_PROCESS,,18,-0.44521853,-2.275195,0.0,0.01255564,0.817,10212,"tags=100%, list=56%, signal=225%",
GOBP_MULTIVESICULAR_BODY_ORGANIZATION,GOBP_MULTIVESICULAR_BODY_ORGANIZATION,,33,-0.33330363,-2.2745745,0.0,0.012528753,0.818,10044,"tags=88%, list=55%, signal=193%",
GOBP_DENDRITIC_CELL_CHEMOTAXIS,GOBP_DENDRITIC_CELL_CHEMOTAXIS,,26,-0.37563506,-2.272012,0.0,0.012632303,0.822,4420,"tags=62%, list=24%, signal=81%",
GOBP_REGULATION_OF_AUTOPHAGY,GOBP_REGULATION_OF_AUTOPHAGY,,364,-0.10515424,-2.271595,0.0,0.01260512,0.822,13667,"tags=85%, list=74%, signal=323%",
GOBP_TRANSCRIPTION_PREINITIATION_COMPLEX_ASSEMBLY,GOBP_TRANSCRIPTION_PREINITIATION_COMPLEX_ASSEMBLY,,68,-0.23442893,-2.267209,0.0,0.01300881,0.831,11392,"tags=85%, list=62%, signal=223%",
GOBP_CELL_KILLING,GOBP_CELL_KILLING,,250,-0.122772925,-2.266919,0.0,0.012972655,0.832,2629,"tags=26%, list=14%, signal=30%",
GOBP_ORGANOPHOSPHATE_CATABOLIC_PROCESS,GOBP_ORGANOPHOSPHATE_CATABOLIC_PROCESS,,246,-0.124236576,-2.2653759,0.0,0.013017426,0.834,12624,"tags=81%, list=69%, signal=255%",
GOBP_REGULATION_OF_ORGANELLE_ASSEMBLY,GOBP_REGULATION_OF_ORGANELLE_ASSEMBLY,,255,-0.1257594,-2.262214,0.0,0.013260447,0.841,13010,"tags=83%, list=71%, signal=280%",
GOBP_LEUKOTRIENE_METABOLIC_PROCESS,GOBP_LEUKOTRIENE_METABOLIC_PROCESS,,32,-0.33571237,-2.2585752,0.002096436,0.013526343,0.848,1309,"tags=41%, list=7%, signal=44%",
GOBP_DOUBLE_STRAND_BREAK_REPAIR_VIA_NONHOMOLOGOUS_END_JOINING,GOBP_DOUBLE_STRAND_BREAK_REPAIR_VIA_NONHOMOLOGOUS_END_JOINING,,76,-0.22014958,-2.258385,0.0,0.013468849,0.848,13634,"tags=96%, list=74%, signal=370%",
GOBP_PROTEIN_RNA_COMPLEX_ORGANIZATION,GOBP_PROTEIN_RNA_COMPLEX_ORGANIZATION,,207,-0.13777867,-2.2569785,0.0,0.013561996,0.854,8779,"tags=61%, list=48%, signal=116%",
GOBP_REGULATION_OF_LYMPHOCYTE_MEDIATED_IMMUNITY,GOBP_REGULATION_OF_LYMPHOCYTE_MEDIATED_IMMUNITY,,198,-0.13638446,-2.2535284,0.002057613,0.013815019,0.862,5322,"tags=42%, list=29%, signal=59%",
GOBP_POSITIVE_REGULATION_OF_MACROAUTOPHAGY,GOBP_POSITIVE_REGULATION_OF_MACROAUTOPHAGY,,95,-0.19667514,-2.2513676,0.0,0.01394398,0.864,8018,"tags=63%, list=44%, signal=111%",
GOBP_SRP_DEPENDENT_COTRANSLATIONAL_PROTEIN_TARGETING_TO_MEMBRANE,GOBP_SRP_DEPENDENT_COTRANSLATIONAL_PROTEIN_TARGETING_TO_MEMBRANE,,17,-0.44995806,-2.244478,0.004008016,0.014545303,0.878,6879,"tags=82%, list=37%, signal=131%",
GOBP_POSITIVE_REGULATION_OF_TELOMERE_MAINTENANCE,GOBP_POSITIVE_REGULATION_OF_TELOMERE_MAINTENANCE,,74,-0.21841325,-2.2419205,0.0,0.014693192,0.879,11409,"tags=84%, list=62%, signal=220%",
GOBP_T_CELL_CYTOKINE_PRODUCTION,GOBP_T_CELL_CYTOKINE_PRODUCTION,,38,-0.30639765,-2.2414649,0.003921569,0.014681664,0.88,6961,"tags=68%, list=38%, signal=110%",
GOBP_MEMBRANELESS_ORGANELLE_ASSEMBLY,GOBP_MEMBRANELESS_ORGANELLE_ASSEMBLY,,430,-0.09401197,-2.2407222,0.0,0.014676371,0.883,11400,"tags=71%, list=62%, signal=183%",
GOBP_REGULATION_OF_VACUOLE_ORGANIZATION,GOBP_REGULATION_OF_VACUOLE_ORGANIZATION,,61,-0.24176349,-2.2385538,0.0,0.014829363,0.887,13056,"tags=95%, list=71%, signal=327%",
GOBP_PROTEIN_CONTAINING_COMPLEX_DISASSEMBLY,GOBP_PROTEIN_CONTAINING_COMPLEX_DISASSEMBLY,,260,-0.12248084,-2.2368777,0.0,0.014941788,0.891,10654,"tags=70%, list=58%, signal=164%",
GOBP_CENTROSOME_DUPLICATION,GOBP_CENTROSOME_DUPLICATION,,79,-0.21461406,-2.2334948,0.0,0.015277011,0.896,13298,"tags=94%, list=72%, signal=337%",
GOBP_RIBOSE_PHOSPHATE_METABOLIC_PROCESS,GOBP_RIBOSE_PHOSPHATE_METABOLIC_PROCESS,,378,-0.099799655,-2.2324462,0.0019193857,0.015354845,0.896,3020,"tags=26%, list=16%, signal=31%",
GOBP_PROGRAMMED_NECROTIC_CELL_DEATH,GOBP_PROGRAMMED_NECROTIC_CELL_DEATH,,52,-0.2612759,-2.2322268,0.0020618557,0.015279015,0.897,6527,"tags=62%, list=35%, signal=95%",
GOBP_NUCLEAR_CHROMOSOME_SEGREGATION,GOBP_NUCLEAR_CHROMOSOME_SEGREGATION,,322,-0.10722888,-2.2280767,0.0,0.015691843,0.902,14227,"tags=88%, list=77%, signal=381%",
GOBP_NUCLEOTIDE_EXCISION_REPAIR,GOBP_NUCLEOTIDE_EXCISION_REPAIR,,87,-0.20269045,-2.227199,0.0,0.015712375,0.903,13625,"tags=94%, list=74%, signal=362%",
GOBP_ERAD_PATHWAY,GOBP_ERAD_PATHWAY,,111,-0.18087606,-2.2210388,0.0,0.016251812,0.909,12766,"tags=87%, list=69%, signal=284%",
GOBP_REGULATION_OF_MONONUCLEAR_CELL_MIGRATION,GOBP_REGULATION_OF_MONONUCLEAR_CELL_MIGRATION,,145,-0.15632108,-2.214285,0.0,0.016936798,0.924,4632,"tags=41%, list=25%, signal=54%",
GOBP_TYPE_2_IMMUNE_RESPONSE,GOBP_TYPE_2_IMMUNE_RESPONSE,,42,-0.2854405,-2.2044418,0.005791506,0.018003002,0.934,7462,"tags=69%, list=41%, signal=116%",
GOBP_OLIGOSACCHARIDE_METABOLIC_PROCESS,GOBP_OLIGOSACCHARIDE_METABOLIC_PROCESS,,57,-0.24529059,-2.2020617,0.0,0.018110951,0.937,10991,"tags=84%, list=60%, signal=209%",
GOBP_NUCLEOTIDE_METABOLIC_PROCESS,GOBP_NUCLEOTIDE_METABOLIC_PROCESS,,492,-0.08648249,-2.201481,0.0,0.018076774,0.939,2677,"tags=23%, list=15%, signal=26%",
GOBP_TAXIS,GOBP_TAXIS,,454,-0.09075858,-2.196039,0.0,0.018536204,0.945,4976,"tags=36%, list=27%, signal=48%",
GOBP_MESENCHYMAL_CELL_APOPTOTIC_PROCESS,GOBP_MESENCHYMAL_CELL_APOPTOTIC_PROCESS,,15,-0.4707553,-2.19542,0.001984127,0.01850581,0.946,2385,"tags=60%, list=13%, signal=69%",
GOBP_CARBOHYDRATE_CATABOLIC_PROCESS,GOBP_CARBOHYDRATE_CATABOLIC_PROCESS,,175,-0.14021583,-2.1902485,0.004048583,0.019114923,0.951,13736,"tags=89%, list=75%, signal=347%",
GOBP_LYMPHOCYTE_MEDIATED_IMMUNITY,GOBP_LYMPHOCYTE_MEDIATED_IMMUNITY,,308,-0.10879309,-2.1880174,0.0,0.019291047,0.954,2930,"tags=27%, list=16%, signal=31%",
GOBP_POSITIVE_REGULATION_OF_CYTOSOLIC_CALCIUM_ION_CONCENTRATION,GOBP_POSITIVE_REGULATION_OF_CYTOSOLIC_CALCIUM_ION_CONCENTRATION,,162,-0.14992896,-2.1866784,0.0020283975,0.019361367,0.954,4420,"tags=39%, list=24%, signal=51%",
GOBP_VIRAL_GENE_EXPRESSION,GOBP_VIRAL_GENE_EXPRESSION,,109,-0.18119092,-2.181082,0.0,0.020015324,0.957,9849,"tags=72%, list=54%, signal=153%",
GOBP_NEGATIVE_REGULATION_OF_INFLAMMATORY_RESPONSE,GOBP_NEGATIVE_REGULATION_OF_INFLAMMATORY_RESPONSE,,168,-0.14255922,-2.175802,0.0,0.020693168,0.966,5285,"tags=43%, list=29%, signal=60%",
GOBP_VESICLE_TARGETING_ROUGH_ER_TO_CIS_GOLGI,GOBP_VESICLE_TARGETING_ROUGH_ER_TO_CIS_GOLGI,,25,-0.35967547,-2.1757498,0.0,0.020602306,0.966,8108,"tags=80%, list=44%, signal=143%",
GOBP_CELL_ACTIVATION_INVOLVED_IN_IMMUNE_RESPONSE,GOBP_CELL_ACTIVATION_INVOLVED_IN_IMMUNE_RESPONSE,,311,-0.10664109,-2.168977,0.001908397,0.021387706,0.973,5110,"tags=38%, list=28%, signal=52%",
GOBP_SPINDLE_ORGANIZATION,GOBP_SPINDLE_ORGANIZATION,,207,-0.1289906,-2.165966,0.0,0.021792458,0.974,12848,"tags=83%, list=70%, signal=271%",
GOBP_INTERLEUKIN_1_PRODUCTION,GOBP_INTERLEUKIN_1_PRODUCTION,,112,-0.17353292,-2.1652894,0.0,0.021787291,0.974,3233,"tags=35%, list=18%, signal=42%",
GOBP_REGULATION_OF_ISOTYPE_SWITCHING,GOBP_REGULATION_OF_ISOTYPE_SWITCHING,,38,-0.2911255,-2.154629,0.0,0.02324441,0.981,12565,"tags=97%, list=68%, signal=307%",
GOBP_REGULATION_OF_IRE1_MEDIATED_UNFOLDED_PROTEIN_RESPONSE,GOBP_REGULATION_OF_IRE1_MEDIATED_UNFOLDED_PROTEIN_RESPONSE,,16,-0.438,-2.1517093,0.0020449897,0.023532186,0.982,5746,"tags=75%, list=31%, signal=109%",
GOBP_REGULATION_OF_T_HELPER_1_TYPE_IMMUNE_RESPONSE,GOBP_REGULATION_OF_T_HELPER_1_TYPE_IMMUNE_RESPONSE,,32,-0.32301426,-2.1489027,0.0,0.02381694,0.983,3841,"tags=53%, list=21%, signal=67%",
GOBP_NEGATIVE_REGULATION_OF_IMMUNE_RESPONSE,GOBP_NEGATIVE_REGULATION_OF_IMMUNE_RESPONSE,,205,-0.12862907,-2.1453795,0.0,0.024224121,0.986,5377,"tags=42%, list=29%, signal=59%",
GOBP_LYMPHOCYTE_ACTIVATION_INVOLVED_IN_IMMUNE_RESPONSE,GOBP_LYMPHOCYTE_ACTIVATION_INVOLVED_IN_IMMUNE_RESPONSE,,220,-0.12555175,-2.1410346,0.0,0.02477499,0.987,5076,"tags=40%, list=28%, signal=55%",
GOBP_ENDOPLASMIC_RETICULUM_TO_CYTOSOL_TRANSPORT,GOBP_ENDOPLASMIC_RETICULUM_TO_CYTOSOL_TRANSPORT,,29,-0.33563694,-2.1407597,0.0043010754,0.024695504,0.987,8424,"tags=79%, list=46%, signal=146%",
GOBP_RESPONSE_TO_MURAMYL_DIPEPTIDE,GOBP_RESPONSE_TO_MURAMYL_DIPEPTIDE,,21,-0.38659048,-2.1398003,0.0019569471,0.024763621,0.987,5160,"tags=67%, list=28%, signal=93%",
GOBP_ORGANIC_ACID_CATABOLIC_PROCESS,GOBP_ORGANIC_ACID_CATABOLIC_PROCESS,,242,-0.12118513,-2.1390595,0.0,0.024782665,0.987,9049,"tags=61%, list=49%, signal=119%",
GOBP_CENTRIOLE_ASSEMBLY,GOBP_CENTRIOLE_ASSEMBLY,,50,-0.25580502,-2.137997,0.0019569471,0.024773926,0.987,12229,"tags=92%, list=66%, signal=274%",
GOBP_SMALL_MOLECULE_CATABOLIC_PROCESS,GOBP_SMALL_MOLECULE_CATABOLIC_PROCESS,,367,-0.100236796,-2.1366014,0.004008016,0.024860738,0.987,7465,"tags=50%, list=41%, signal=83%",
GOBP_ESTABLISHMENT_OF_PROTEIN_LOCALIZATION_TO_ENDOPLASMIC_RETICULUM,GOBP_ESTABLISHMENT_OF_PROTEIN_LOCALIZATION_TO_ENDOPLASMIC_RETICULUM,,41,-0.28518507,-2.13645,0.0,0.02478265,0.987,6879,"tags=66%, list=37%, signal=105%",
GOBP_LEUKOCYTE_MEDIATED_CYTOTOXICITY,GOBP_LEUKOCYTE_MEDIATED_CYTOTOXICITY,,150,-0.15167445,-2.131803,0.0019417476,0.025370827,0.989,2629,"tags=29%, list=14%, signal=34%",
GOBP_SENSORY_PERCEPTION_OF_TASTE,GOBP_SENSORY_PERCEPTION_OF_TASTE,,60,-0.22687703,-2.131504,0.0,0.025328543,0.99,2892,"tags=38%, list=16%, signal=45%",
GOBP_MITOTIC_CELL_CYCLE_PHASE_TRANSITION,GOBP_MITOTIC_CELL_CYCLE_PHASE_TRANSITION,,425,-0.0885956,-2.1300383,0.002074689,0.025505412,0.992,12949,"tags=79%, list=70%, signal=261%",
GOBP_CYTOPLASMIC_PATTERN_RECOGNITION_RECEPTOR_SIGNALING_PATHWAY,GOBP_CYTOPLASMIC_PATTERN_RECOGNITION_RECEPTOR_SIGNALING_PATHWAY,,193,-0.1341644,-2.1291595,0.004056795,0.02553069,0.992,11853,"tags=78%, list=64%, signal=216%",
GOBP_MODULATION_OF_PROCESS_OF_ANOTHER_ORGANISM,GOBP_MODULATION_OF_PROCESS_OF_ANOTHER_ORGANISM,,115,-0.1728311,-2.1281278,0.0020920502,0.025565604,0.992,9796,"tags=70%, list=53%, signal=150%",
GOBP_POSITIVE_REGULATION_OF_CANONICAL_NF_KAPPAB_SIGNAL_TRANSDUCTION,GOBP_POSITIVE_REGULATION_OF_CANONICAL_NF_KAPPAB_SIGNAL_TRANSDUCTION,,227,-0.12250548,-2.1253068,0.0020325202,0.025931032,0.993,12440,"tags=80%, list=68%, signal=243%",
GOBP_FLUID_TRANSPORT,GOBP_FLUID_TRANSPORT,,39,-0.28786215,-2.1247673,0.002020202,0.025881933,0.993,4621,"tags=54%, list=25%, signal=72%",
GOBP_POSITIVE_REGULATION_OF_ORGANELLE_ASSEMBLY,GOBP_POSITIVE_REGULATION_OF_ORGANELLE_ASSEMBLY,,88,-0.19112366,-2.122165,0.001992032,0.026149541,0.995,12386,"tags=86%, list=67%, signal=263%",
GOBP_HEAT_GENERATION,GOBP_HEAT_GENERATION,,19,-0.40176988,-2.1217985,0.002,0.026089575,0.995,5203,"tags=68%, list=28%, signal=95%",
GOBP_REGULATION_OF_INTRACELLULAR_TRANSPORT,GOBP_REGULATION_OF_INTRACELLULAR_TRANSPORT,,267,-0.115642786,-2.1211116,0.0,0.026095685,0.995,11750,"tags=75%, list=64%, signal=205%",
GOBP_SOMATIC_DIVERSIFICATION_OF_IMMUNE_RECEPTORS,GOBP_SOMATIC_DIVERSIFICATION_OF_IMMUNE_RECEPTORS,,81,-0.19609267,-2.1184595,0.0,0.026304884,0.996,12304,"tags=86%, list=67%, signal=260%",
GOBP_REGULATION_OF_MITOTIC_CELL_CYCLE_PHASE_TRANSITION,GOBP_REGULATION_OF_MITOTIC_CELL_CYCLE_PHASE_TRANSITION,,325,-0.103032134,-2.1175616,0.0041067763,0.02641093,0.996,13871,"tags=86%, list=75%, signal=342%",
GOBP_SNRNA_PROCESSING,GOBP_SNRNA_PROCESSING,,35,-0.30851883,-2.1130593,0.008032128,0.026881926,0.996,10627,"tags=89%, list=58%, signal=209%",
GOBP_SOMATIC_DIVERSIFICATION_OF_IMMUNOGLOBULINS,GOBP_SOMATIC_DIVERSIFICATION_OF_IMMUNOGLOBULINS,,69,-0.21620163,-2.1124551,0.0020533882,0.026899403,0.996,12565,"tags=90%, list=68%, signal=283%",
GOBP_ACTIVATION_OF_INNATE_IMMUNE_RESPONSE,GOBP_ACTIVATION_OF_INNATE_IMMUNE_RESPONSE,,326,-0.101463884,-2.1098962,0.003984064,0.027224706,0.997,6743,"tags=47%, list=37%, signal=72%",
GOBP_SENSORY_PERCEPTION_OF_BITTER_TASTE,GOBP_SENSORY_PERCEPTION_OF_BITTER_TASTE,,38,-0.29077277,-2.1078591,0.0020449897,0.027479881,0.997,2892,"tags=45%, list=16%, signal=53%",
GOBP_ERK1_AND_ERK2_CASCADE,GOBP_ERK1_AND_ERK2_CASCADE,,308,-0.10355408,-2.1010756,0.0019880715,0.028542897,0.997,6070,"tags=43%, list=33%, signal=63%",
GOBP_REGULATION_OF_DNA_REPLICATION,GOBP_REGULATION_OF_DNA_REPLICATION,,118,-0.16476564,-2.100283,0.0040983604,0.028518813,0.997,9147,"tags=66%, list=50%, signal=131%",
GOBP_INTESTINAL_ABSORPTION,GOBP_INTESTINAL_ABSORPTION,,44,-0.26373026,-2.0945778,0.0019493178,0.029416872,0.997,1432,"tags=34%, list=8%, signal=37%",
GOBP_PROTEIN_TRANSPORT_TO_VACUOLE_INVOLVED_IN_UBIQUITIN_DEPENDENT_PROTEIN_CATABOLIC_PROCESS_VIA_THE_MULTIVESICULAR_BODY_SORTING_PATHWAY,GOBP_PROTEIN_TRANSPORT_TO_VACUOLE_INVOLVED_IN_UBIQUITIN_DEPENDENT_PROTEIN_CATABOLIC_PROCESS_VIA_THE_MULTIVESICULAR_BODY_SORTING_PATHWAY,,16,-0.432932,-2.0944612,0.004132231,0.029306661,0.997,8138,"tags=88%, list=44%, signal=157%",
GOBP_REGULATION_OF_PROTEIN_STABILITY,GOBP_REGULATION_OF_PROTEIN_STABILITY,,366,-0.09388828,-2.091892,0.0038535646,0.029627156,0.997,13534,"tags=83%, list=74%, signal=307%",
GOBP_POSITIVE_REGULATION_OF_MONONUCLEAR_CELL_MIGRATION,GOBP_POSITIVE_REGULATION_OF_MONONUCLEAR_CELL_MIGRATION,,97,-0.18214244,-2.0892017,0.010183299,0.030023577,0.997,4632,"tags=43%, list=25%, signal=58%",
GOBP_DEFENSE_RESPONSE_TO_VIRUS,GOBP_DEFENSE_RESPONSE_TO_VIRUS,,309,-0.10221807,-2.0852582,0.0019305019,0.030580131,0.997,12556,"tags=78%, list=68%, signal=243%",
GOBP_GRANULOCYTE_MIGRATION,GOBP_GRANULOCYTE_MIGRATION,,145,-0.1520647,-2.0849557,0.0,0.030529048,0.997,5217,"tags=43%, list=28%, signal=60%",
GOBP_POSITIVE_REGULATION_OF_CYTOKINE_PRODUCTION_INVOLVED_IN_IMMUNE_RESPONSE,GOBP_POSITIVE_REGULATION_OF_CYTOKINE_PRODUCTION_INVOLVED_IN_IMMUNE_RESPONSE,,88,-0.19064808,-2.0835786,0.00407332,0.03070558,0.998,6961,"tags=57%, list=38%, signal=91%",
GOBP_NUCLEOSOME_ORGANIZATION,GOBP_NUCLEOSOME_ORGANIZATION,,123,-0.16508143,-2.0819438,0.0,0.030924289,0.998,9545,"tags=68%, list=52%, signal=141%",
GOBP_REGULATION_OF_LEUKOCYTE_MEDIATED_IMMUNITY,GOBP_REGULATION_OF_LEUKOCYTE_MEDIATED_IMMUNITY,,258,-0.111462176,-2.0804598,0.0038095238,0.031047083,0.998,5322,"tags=40%, list=29%, signal=55%",
GOBP_AUTOPHAGOSOME_MATURATION,GOBP_AUTOPHAGOSOME_MATURATION,,67,-0.21589825,-2.0804489,0.0021598272,0.03091984,0.998,10044,"tags=76%, list=55%, signal=167%",
GOBP_POSITIVE_REGULATION_OF_INFLAMMATORY_RESPONSE,GOBP_POSITIVE_REGULATION_OF_INFLAMMATORY_RESPONSE,,153,-0.14516732,-2.0795681,0.0,0.030929852,0.998,4806,"tags=41%, list=26%, signal=54%",
GOBP_PROTEIN_POLYUBIQUITINATION,GOBP_PROTEIN_POLYUBIQUITINATION,,264,-0.110360645,-2.07834,0.0019569471,0.031009478,0.998,13187,"tags=83%, list=72%, signal=288%",
GOBP_POSITIVE_REGULATION_OF_RELEASE_OF_CYTOCHROME_C_FROM_MITOCHONDRIA,GOBP_POSITIVE_REGULATION_OF_RELEASE_OF_CYTOCHROME_C_FROM_MITOCHONDRIA,,21,-0.3787931,-2.0769532,0.004,0.031135255,0.998,6179,"tags=71%, list=34%, signal=107%",
GOBP_CELLULAR_RESPONSE_TO_MOLECULE_OF_BACTERIAL_ORIGIN,GOBP_CELLULAR_RESPONSE_TO_MOLECULE_OF_BACTERIAL_ORIGIN,,229,-0.11743003,-2.0757947,0.0062370063,0.031254355,0.998,5578,"tags=42%, list=30%, signal=59%",
GOBP_RESPONSE_TO_PROTOZOAN,GOBP_RESPONSE_TO_PROTOZOAN,,31,-0.32100466,-2.0747337,0.001953125,0.031336054,0.998,4786,"tags=58%, list=26%, signal=78%",
GOBP_RNA_POLYMERASE_II_PREINITIATION_COMPLEX_ASSEMBLY,GOBP_RNA_POLYMERASE_II_PREINITIATION_COMPLEX_ASSEMBLY,,56,-0.23246521,-2.0737002,0.0,0.031416077,0.998,9532,"tags=75%, list=52%, signal=155%",
GOBP_DENDRITIC_CELL_MIGRATION,GOBP_DENDRITIC_CELL_MIGRATION,,33,-0.30572256,-2.0734112,0.006122449,0.031359114,0.998,4420,"tags=55%, list=24%, signal=72%",
GOBP_REGULATION_OF_LEUKOCYTE_MIGRATION,GOBP_REGULATION_OF_LEUKOCYTE_MIGRATION,,227,-0.11891485,-2.0732708,0.0059288535,0.031270847,0.998,2297,"tags=24%, list=12%, signal=27%",
GOBP_RNA_MODIFICATION,GOBP_RNA_MODIFICATION,,167,-0.13689981,-2.0717127,0.007858546,0.031432796,0.998,14025,"tags=90%, list=76%, signal=375%",
GOBP_PHOSPHATIDYLINOSITOL_BIOSYNTHETIC_PROCESS,GOBP_PHOSPHATIDYLINOSITOL_BIOSYNTHETIC_PROCESS,,117,-0.16708434,-2.071265,0.006060606,0.03139501,0.999,11409,"tags=79%, list=62%, signal=206%",
GOBP_LEUKOCYTE_TETHERING_OR_ROLLING,GOBP_LEUKOCYTE_TETHERING_OR_ROLLING,,32,-0.3031245,-2.0685852,0.002020202,0.031825583,0.999,2482,"tags=44%, list=13%, signal=50%",
GOBP_REGULATION_OF_RELEASE_OF_CYTOCHROME_C_FROM_MITOCHONDRIA,GOBP_REGULATION_OF_RELEASE_OF_CYTOCHROME_C_FROM_MITOCHONDRIA,,41,-0.27444273,-2.06632,0.003976143,0.032158464,0.999,6179,"tags=61%, list=34%, signal=92%",
GOBP_RIBONUCLEOPROTEIN_COMPLEX_BIOGENESIS,GOBP_RIBONUCLEOPROTEIN_COMPLEX_BIOGENESIS,,458,-0.08532755,-2.0656018,0.0019379845,0.03218923,0.999,15095,"tags=90%, list=82%, signal=492%",
GOBP_NEGATIVE_REGULATION_OF_MYELOID_CELL_APOPTOTIC_PROCESS,GOBP_NEGATIVE_REGULATION_OF_MYELOID_CELL_APOPTOTIC_PROCESS,,20,-0.38340864,-2.0634978,0.0,0.032490645,0.999,3992,"tags=60%, list=22%, signal=77%",
GOBP_FATTY_ACID_METABOLIC_PROCESS,GOBP_FATTY_ACID_METABOLIC_PROCESS,,402,-0.08959651,-2.061938,0.005791506,0.03267548,0.999,7539,"tags=50%, list=41%, signal=82%",
GOBP_TRICARBOXYLIC_ACID_CYCLE,GOBP_TRICARBOXYLIC_ACID_CYCLE,,32,-0.30946165,-2.0616972,0.01026694,0.032624748,0.999,9837,"tags=84%, list=53%, signal=181%",
GOBP_T_HELPER_2_CELL_DIFFERENTIATION,GOBP_T_HELPER_2_CELL_DIFFERENTIATION,,18,-0.4013105,-2.0597072,0.0076481835,0.032851007,0.999,9997,"tags=94%, list=54%, signal=207%",
GOBP_VIRAL_GENOME_REPLICATION,GOBP_VIRAL_GENOME_REPLICATION,,121,-0.16185817,-2.0559216,0.0019305019,0.033588666,0.999,12699,"tags=85%, list=69%, signal=273%",
GOBP_RESPONSE_TO_YEAST,GOBP_RESPONSE_TO_YEAST,,16,-0.42831972,-2.0556815,0.0019880715,0.033500273,0.999,3625,"tags=63%, list=20%, signal=78%",
GOBP_REGULATION_OF_PROTEOLYSIS_INVOLVED_IN_PROTEIN_CATABOLIC_PROCESS,GOBP_REGULATION_OF_PROTEOLYSIS_INVOLVED_IN_PROTEIN_CATABOLIC_PROCESS,,238,-0.115272515,-2.0529706,0.004032258,0.033921532,0.999,15604,"tags=96%, list=85%, signal=627%",
GOBP_NEUTROPHIL_MEDIATED_CYTOTOXICITY,GOBP_NEUTROPHIL_MEDIATED_CYTOTOXICITY,,18,-0.40434936,-2.0500822,0.004201681,0.034390908,0.999,6876,"tags=78%, list=37%, signal=124%",
GOBP_FATTY_ACID_BETA_OXIDATION,GOBP_FATTY_ACID_BETA_OXIDATION,,72,-0.20549098,-2.0477438,0.010752688,0.034719013,0.999,9519,"tags=72%, list=52%, signal=149%",
GOBP_POSITIVE_REGULATION_OF_AUTOPHAGY,GOBP_POSITIVE_REGULATION_OF_AUTOPHAGY,,159,-0.13900468,-2.0437644,0.005976096,0.035421617,0.999,13660,"tags=88%, list=74%, signal=339%",
GOBP_PROTEIN_DEPHOSPHORYLATION,GOBP_PROTEIN_DEPHOSPHORYLATION,,84,-0.19411127,-2.0418117,0.0,0.035751887,0.999,12649,"tags=88%, list=69%, signal=281%",
GOBP_PHOSPHOLIPID_CATABOLIC_PROCESS,GOBP_PHOSPHOLIPID_CATABOLIC_PROCESS,,55,-0.23127778,-2.0400379,0.0,0.036011968,1.0,12145,"tags=89%, list=66%, signal=262%",
GOBP_ACETYL_COA_METABOLIC_PROCESS,GOBP_ACETYL_COA_METABOLIC_PROCESS,,36,-0.2869412,-2.0398316,0.0,0.03592532,1.0,6484,"tags=64%, list=35%, signal=98%",
GOBP_ENDOSOME_TO_LYSOSOME_TRANSPORT,GOBP_ENDOSOME_TO_LYSOSOME_TRANSPORT,,66,-0.21225516,-2.0396156,0.0020533882,0.03586004,1.0,10044,"tags=76%, list=55%, signal=166%",
GOBP_REGULATION_OF_ACUTE_INFLAMMATORY_RESPONSE,GOBP_REGULATION_OF_ACUTE_INFLAMMATORY_RESPONSE,,47,-0.24699365,-2.0386496,0.0019379845,0.035934657,1.0,4470,"tags=49%, list=24%, signal=64%",
GOBP_POSITIVE_REGULATION_OF_DOUBLE_STRAND_BREAK_REPAIR,GOBP_POSITIVE_REGULATION_OF_DOUBLE_STRAND_BREAK_REPAIR,,97,-0.17766571,-2.0367799,0.0,0.03619393,1.0,13625,"tags=92%, list=74%, signal=352%",
GOBP_PROTEIN_LOCALIZATION_TO_PHAGOPHORE_ASSEMBLY_SITE,GOBP_PROTEIN_LOCALIZATION_TO_PHAGOPHORE_ASSEMBLY_SITE,,17,-0.4135287,-2.033353,0.0,0.036832128,1.0,9712,"tags=94%, list=53%, signal=199%",
GOBP_REGULATION_OF_RESPONSE_TO_ENDOPLASMIC_RETICULUM_STRESS,GOBP_REGULATION_OF_RESPONSE_TO_ENDOPLASMIC_RETICULUM_STRESS,,92,-0.18644816,-2.0331264,0.0076923077,0.036727365,1.0,7184,"tags=58%, list=39%, signal=94%",
GOBP_ESTABLISHMENT_OF_PROTEIN_LOCALIZATION_TO_VACUOLE,GOBP_ESTABLISHMENT_OF_PROTEIN_LOCALIZATION_TO_VACUOLE,,57,-0.23250541,-2.0330622,0.002074689,0.036615297,1.0,12516,"tags=91%, list=68%, signal=285%",
GOBP_POSITIVE_REGULATION_OF_PROTEIN_CONTAINING_COMPLEX_DISASSEMBLY,GOBP_POSITIVE_REGULATION_OF_PROTEIN_CONTAINING_COMPLEX_DISASSEMBLY,,40,-0.26630974,-2.0267642,0.004132231,0.037773274,1.0,5229,"tags=55%, list=28%, signal=77%",
GOBP_MYELOID_LEUKOCYTE_ACTIVATION,GOBP_MYELOID_LEUKOCYTE_ACTIVATION,,249,-0.11013833,-2.0236835,0.001953125,0.03823542,1.0,2139,"tags=22%, list=12%, signal=25%",
GOBP_MODIFIED_AMINO_ACID_TRANSPORT,GOBP_MODIFIED_AMINO_ACID_TRANSPORT,,42,-0.2588139,-2.0230289,0.0,0.038258184,1.0,2696,"tags=40%, list=15%, signal=47%",
GOBP_RNA_SURVEILLANCE,GOBP_RNA_SURVEILLANCE,,37,-0.2744184,-2.0228949,0.007843138,0.038166754,1.0,10373,"tags=84%, list=56%, signal=192%",
GOBP_NEGATIVE_REGULATION_OF_CYTOPLASMIC_PATTERN_RECOGNITION_RECEPTOR_SIGNALING_PATHWAY,GOBP_NEGATIVE_REGULATION_OF_CYTOPLASMIC_PATTERN_RECOGNITION_RECEPTOR_SIGNALING_PATHWAY,,62,-0.2206771,-2.022011,0.004237288,0.038194206,1.0,8118,"tags=66%, list=44%, signal=118%",
GOBP_NEGATIVE_REGULATION_OF_FATTY_ACID_METABOLIC_PROCESS,GOBP_NEGATIVE_REGULATION_OF_FATTY_ACID_METABOLIC_PROCESS,,42,-0.26524475,-2.0186138,0.003937008,0.03876918,1.0,2578,"tags=40%, list=14%, signal=47%",
GOBP_TRANSCRIPTION_BY_RNA_POLYMERASE_III,GOBP_TRANSCRIPTION_BY_RNA_POLYMERASE_III,,59,-0.21819861,-2.0170755,0.003960396,0.038940057,1.0,12210,"tags=88%, list=66%, signal=261%",
GOBP_RIBOSOME_DISASSEMBLY,GOBP_RIBOSOME_DISASSEMBLY,,42,-0.26401854,-2.0145462,0.006198347,0.039348155,1.0,11796,"tags=90%, list=64%, signal=252%",
GOBP_NON_CANONICAL_NF_KAPPAB_SIGNAL_TRANSDUCTION,GOBP_NON_CANONICAL_NF_KAPPAB_SIGNAL_TRANSDUCTION,,126,-0.15308574,-2.0142672,0.004016064,0.039298702,1.0,11509,"tags=78%, list=63%, signal=206%",
GOBP_ANTIMICROBIAL_HUMORAL_IMMUNE_RESPONSE_MEDIATED_BY_ANTIMICROBIAL_PEPTIDE,GOBP_ANTIMICROBIAL_HUMORAL_IMMUNE_RESPONSE_MEDIATED_BY_ANTIMICROBIAL_PEPTIDE,,123,-0.15294372,-2.0140007,0.007751938,0.039213024,1.0,4384,"tags=39%, list=24%, signal=51%",
GOBP_VESICLE_TETHERING,GOBP_VESICLE_TETHERING,,32,-0.29319066,-2.011883,0.0060728746,0.039555214,1.0,9561,"tags=81%, list=52%, signal=169%",
GOBP_PROTEIN_LOCALIZATION_TO_LYSOSOME,GOBP_PROTEIN_LOCALIZATION_TO_LYSOSOME,,51,-0.2417431,-2.011387,0.0059405942,0.039532997,1.0,12516,"tags=92%, list=68%, signal=288%",
GOBP_ALCOHOL_METABOLIC_PROCESS,GOBP_ALCOHOL_METABOLIC_PROCESS,,353,-0.09320519,-2.0088322,0.0057581575,0.040043794,1.0,8427,"tags=55%, list=46%, signal=99%",
GOBP_PLATELET_ACTIVATION,GOBP_PLATELET_ACTIVATION,,141,-0.14597495,-2.0026398,0.0058027077,0.041451313,1.0,7902,"tags=57%, list=43%, signal=100%",
GOBP_MITOTIC_CYTOKINESIS,GOBP_MITOTIC_CYTOKINESIS,,97,-0.174923,-2.0016317,0.0,0.04154587,1.0,11400,"tags=79%, list=62%, signal=208%",
GOBP_NEGATIVE_REGULATION_OF_DNA_BINDING_TRANSCRIPTION_FACTOR_ACTIVITY,GOBP_NEGATIVE_REGULATION_OF_DNA_BINDING_TRANSCRIPTION_FACTOR_ACTIVITY,,73,-0.19741419,-2.000146,0.012269938,0.04180707,1.0,10241,"tags=75%, list=56%, signal=169%",
GOBP_DEFENSE_RESPONSE_TO_GRAM_POSITIVE_BACTERIUM,GOBP_DEFENSE_RESPONSE_TO_GRAM_POSITIVE_BACTERIUM,,117,-0.15973979,-1.99977,0.002008032,0.041758575,1.0,3841,"tags=37%, list=21%, signal=46%",
GOBP_LYTIC_VACUOLE_ORGANIZATION,GOBP_LYTIC_VACUOLE_ORGANIZATION,,111,-0.16501173,-1.9987369,0.00407332,0.041909177,1.0,13056,"tags=87%, list=71%, signal=299%",
GOBP_CELLULAR_RESPONSE_TO_EXTERNAL_STIMULUS,GOBP_CELLULAR_RESPONSE_TO_EXTERNAL_STIMULUS,,77,-0.19286217,-1.9944955,0.0040899795,0.042824354,1.0,5545,"tags=49%, list=30%, signal=70%",
GOBP_CELL_CYCLE_G2_M_PHASE_TRANSITION,GOBP_CELL_CYCLE_G2_M_PHASE_TRANSITION,,157,-0.13873082,-1.9940116,0.003984064,0.042815514,1.0,13871,"tags=89%, list=75%, signal=360%",
GOBP_NEGATIVE_REGULATION_OF_ADAPTIVE_IMMUNE_RESPONSE,GOBP_NEGATIVE_REGULATION_OF_ADAPTIVE_IMMUNE_RESPONSE,,67,-0.2063292,-1.988411,0.0019762847,0.04405835,1.0,4455,"tags=45%, list=24%, signal=59%",
GOBP_OLIGOSACCHARIDE_BIOSYNTHETIC_PROCESS,GOBP_OLIGOSACCHARIDE_BIOSYNTHETIC_PROCESS,,24,-0.33996436,-1.9876062,0.00203666,0.044163994,1.0,9849,"tags=88%, list=54%, signal=188%",
GOBP_POSITIVE_REGULATION_OF_INTERLEUKIN_1_PRODUCTION,GOBP_POSITIVE_REGULATION_OF_INTERLEUKIN_1_PRODUCTION,,71,-0.20223571,-1.9836328,0.0,0.04498473,1.0,5103,"tags=48%, list=28%, signal=66%",
GOBP_DNA_TEMPLATED_DNA_REPLICATION,GOBP_DNA_TEMPLATED_DNA_REPLICATION,,160,-0.1354602,-1.982669,0.0037105752,0.04507886,1.0,12704,"tags=83%, list=69%, signal=264%",
GOBP_NUCLEOTIDE_BINDING_DOMAIN_LEUCINE_RICH_REPEAT_CONTAINING_RECEPTOR_SIGNALING_PATHWAY,GOBP_NUCLEOTIDE_BINDING_DOMAIN_LEUCINE_RICH_REPEAT_CONTAINING_RECEPTOR_SIGNALING_PATHWAY,,29,-0.30490255,-1.9810896,0.008097166,0.045341164,1.0,7720,"tags=72%, list=42%, signal=125%",
GOBP_POSITIVE_REGULATION_OF_SYSTEMIC_ARTERIAL_BLOOD_PRESSURE,GOBP_POSITIVE_REGULATION_OF_SYSTEMIC_ARTERIAL_BLOOD_PRESSURE,,16,-0.41354764,-1.980759,0.004016064,0.045282226,1.0,2747,"tags=56%, list=15%, signal=66%",
GOBP_MODIFIED_AMINO_ACID_METABOLIC_PROCESS,GOBP_MODIFIED_AMINO_ACID_METABOLIC_PROCESS,,184,-0.12359018,-1.9781984,0.003976143,0.04575084,1.0,7546,"tags=53%, list=41%, signal=89%",
GOBP_QUATERNARY_AMMONIUM_GROUP_TRANSPORT,GOBP_QUATERNARY_AMMONIUM_GROUP_TRANSPORT,,18,-0.39444956,-1.9771583,0.0041237115,0.045865174,1.0,2971,"tags=56%, list=16%, signal=66%",
GOBP_PHOSPHOLIPASE_C_ACTIVATING_G_PROTEIN_COUPLED_RECEPTOR_SIGNALING_PATHWAY,GOBP_PHOSPHOLIPASE_C_ACTIVATING_G_PROTEIN_COUPLED_RECEPTOR_SIGNALING_PATHWAY,,143,-0.14207095,-1.9766953,0.005976096,0.045846812,1.0,2167,"tags=26%, list=12%, signal=29%",
GOBP_RESPONSE_TO_TYPE_I_INTERFERON,GOBP_RESPONSE_TO_TYPE_I_INTERFERON,,78,-0.18885632,-1.9684998,0.0056074765,0.04790529,1.0,13283,"tags=91%, list=72%, signal=326%",
GOBP_NEGATIVE_REGULATION_OF_TUMOR_NECROSIS_FACTOR_SUPERFAMILY_CYTOKINE_PRODUCTION,GOBP_NEGATIVE_REGULATION_OF_TUMOR_NECROSIS_FACTOR_SUPERFAMILY_CYTOKINE_PRODUCTION,,67,-0.20984632,-1.9684738,0.015037594,0.04775297,1.0,6312,"tags=55%, list=34%, signal=84%",
GOBP_BASE_EXCISION_REPAIR,GOBP_BASE_EXCISION_REPAIR,,48,-0.23850265,-1.9680089,0.006302521,0.04772453,1.0,13634,"tags=98%, list=74%, signal=378%",
GOBP_IMMUNOGLOBULIN_PRODUCTION_INVOLVED_IN_IMMUNOGLOBULIN_MEDIATED_IMMUNE_RESPONSE,GOBP_IMMUNOGLOBULIN_PRODUCTION_INVOLVED_IN_IMMUNOGLOBULIN_MEDIATED_IMMUNE_RESPONSE,,59,-0.21583727,-1.9663672,0.007827789,0.04798849,1.0,12565,"tags=90%, list=68%, signal=283%",
GOBP_ANTIBACTERIAL_HUMORAL_RESPONSE,GOBP_ANTIBACTERIAL_HUMORAL_RESPONSE,,68,-0.20666729,-1.9651066,0.00203666,0.048155017,1.0,3787,"tags=41%, list=21%, signal=52%",
GOBP_TERPENOID_METABOLIC_PROCESS,GOBP_TERPENOID_METABOLIC_PROCESS,,100,-0.16859382,-1.9622048,0.007797271,0.048842028,1.0,1515,"tags=25%, list=8%, signal=27%",
GOBP_DEFENSE_RESPONSE_TO_GRAM_NEGATIVE_BACTERIUM,GOBP_DEFENSE_RESPONSE_TO_GRAM_NEGATIVE_BACTERIUM,,92,-0.17260918,-1.9616334,0.0,0.048835948,1.0,3839,"tags=38%, list=21%, signal=48%",
GOBP_NUCLEAR_MEMBRANE_REASSEMBLY,GOBP_NUCLEAR_MEMBRANE_REASSEMBLY,,25,-0.3308875,-1.959962,0.004040404,0.049127128,1.0,10108,"tags=88%, list=55%, signal=195%",
GOBP_PROTEIN_TARGETING_TO_MEMBRANE,GOBP_PROTEIN_TARGETING_TO_MEMBRANE,,117,-0.15425117,-1.9571017,0.01,0.04986038,1.0,7871,"tags=58%, list=43%, signal=101%",
GOBP_NEGATIVE_REGULATION_OF_T_HELPER_17_TYPE_IMMUNE_RESPONSE,GOBP_NEGATIVE_REGULATION_OF_T_HELPER_17_TYPE_IMMUNE_RESPONSE,,16,-0.41079593,-1.9559999,0.0042283298,0.05001914,1.0,3947,"tags=63%, list=21%, signal=80%",
GOBP_REGULATION_OF_TELOMERE_MAINTENANCE_IN_RESPONSE_TO_DNA_DAMAGE,GOBP_REGULATION_OF_TELOMERE_MAINTENANCE_IN_RESPONSE_TO_DNA_DAMAGE,,19,-0.37442848,-1.9558387,0.006134969,0.04990414,1.0,11513,"tags=100%, list=63%, signal=267%",
GOBP_LIPOSACCHARIDE_METABOLIC_PROCESS,GOBP_LIPOSACCHARIDE_METABOLIC_PROCESS,,107,-0.16167653,-1.9549013,0.0056710774,0.05004757,1.0,13889,"tags=92%, list=76%, signal=372%",
GOBP_NEGATIVE_REGULATION_OF_ORGANELLE_ASSEMBLY,GOBP_NEGATIVE_REGULATION_OF_ORGANELLE_ASSEMBLY,,49,-0.23736535,-1.9540516,0.001934236,0.050127726,1.0,9159,"tags=73%, list=50%, signal=146%",
GOBP_REGULATION_OF_DNA_STRAND_ELONGATION,GOBP_REGULATION_OF_DNA_STRAND_ELONGATION,,17,-0.39555895,-1.9530246,0.007782101,0.05023364,1.0,11124,"tags=100%, list=60%, signal=253%",
GOBP_METHYLATION,GOBP_METHYLATION,,212,-0.11610925,-1.9492177,0.005964215,0.051185522,1.0,13939,"tags=87%, list=76%, signal=356%",
GOBP_NEGATIVE_REGULATION_OF_NON_CANONICAL_NF_KAPPAB_SIGNAL_TRANSDUCTION,GOBP_NEGATIVE_REGULATION_OF_NON_CANONICAL_NF_KAPPAB_SIGNAL_TRANSDUCTION,,30,-0.29490402,-1.9479511,0.015384615,0.051490843,1.0,8073,"tags=73%, list=44%, signal=130%",
GOBP_NEUTROPHIL_MIGRATION,GOBP_NEUTROPHIL_MIGRATION,,104,-0.16454837,-1.94744,0.011811024,0.051501468,1.0,2297,"tags=29%, list=12%, signal=33%",
GOBP_POSITIVE_REGULATION_OF_PROTEOLYSIS_INVOLVED_IN_PROTEIN_CATABOLIC_PROCESS,GOBP_POSITIVE_REGULATION_OF_PROTEOLYSIS_INVOLVED_IN_PROTEIN_CATABOLIC_PROCESS,,138,-0.14142445,-1.9460491,0.00591716,0.05179361,1.0,11546,"tags=77%, list=63%, signal=205%",
GOBP_ICOSANOID_METABOLIC_PROCESS,GOBP_ICOSANOID_METABOLIC_PROCESS,,119,-0.14986879,-1.9416326,0.011516315,0.052970324,1.0,5299,"tags=44%, list=29%, signal=61%",
GOBP_COMPLEMENT_RECEPTOR_MEDIATED_SIGNALING_PATHWAY,GOBP_COMPLEMENT_RECEPTOR_MEDIATED_SIGNALING_PATHWAY,,15,-0.41346684,-1.9405851,0.008230452,0.053138856,1.0,8342,"tags=87%, list=45%, signal=158%",
GOBP_NEGATIVE_REGULATION_OF_CELL_CYCLE_PROCESS,GOBP_NEGATIVE_REGULATION_OF_CELL_CYCLE_PROCESS,,292,-0.096676804,-1.9389784,0.014522822,0.053485364,1.0,13871,"tags=85%, list=75%, signal=340%",
GOBP_POSITIVE_REGULATION_OF_FATTY_ACID_TRANSPORT,GOBP_POSITIVE_REGULATION_OF_FATTY_ACID_TRANSPORT,,21,-0.36481583,-1.9386692,0.0059288535,0.053444233,1.0,5560,"tags=67%, list=30%, signal=95%",
GOBP_NEGATIVE_REGULATION_OF_INTERLEUKIN_12_PRODUCTION,GOBP_NEGATIVE_REGULATION_OF_INTERLEUKIN_12_PRODUCTION,,17,-0.3868734,-1.9374951,0.004008016,0.053636946,1.0,2629,"tags=53%, list=14%, signal=62%",
GOBP_CD4_POSITIVE_ALPHA_BETA_T_CELL_ACTIVATION,GOBP_CD4_POSITIVE_ALPHA_BETA_T_CELL_ACTIVATION,,133,-0.14422765,-1.9364866,0.00996016,0.053829923,1.0,7462,"tags=55%, list=41%, signal=92%",
GOBP_VIRION_ASSEMBLY,GOBP_VIRION_ASSEMBLY,,34,-0.2788774,-1.9336939,0.003992016,0.054469183,1.0,11109,"tags=88%, list=60%, signal=222%",
GOBP_REGULATION_OF_RESPONSE_TO_CYTOKINE_STIMULUS,GOBP_REGULATION_OF_RESPONSE_TO_CYTOKINE_STIMULUS,,184,-0.12152815,-1.9319001,0.00814664,0.054897662,1.0,12781,"tags=82%, list=69%, signal=265%",
GOBP_CHROMOSOME_SEPARATION,GOBP_CHROMOSOME_SEPARATION,,82,-0.1784848,-1.9312574,0.003937008,0.05495647,1.0,14227,"tags=95%, list=77%, signal=418%",
GOBP_PYRIDINE_CONTAINING_COMPOUND_METABOLIC_PROCESS,GOBP_PYRIDINE_CONTAINING_COMPOUND_METABOLIC_PROCESS,,176,-0.12479225,-1.930041,0.0019305019,0.05516081,1.0,14447,"tags=91%, list=79%, signal=420%",
GOBP_ENDOCYTIC_RECYCLING,GOBP_ENDOCYTIC_RECYCLING,,89,-0.17237815,-1.9279718,0.006060606,0.05566684,1.0,8418,"tags=63%, list=46%, signal=115%",
GOBP_SNRNA_METABOLIC_PROCESS,GOBP_SNRNA_METABOLIC_PROCESS,,58,-0.21600205,-1.9257976,0.004048583,0.056171056,1.0,10627,"tags=79%, list=58%, signal=187%",
GOBP_CELLULAR_RESPONSE_TO_BIOTIC_STIMULUS,GOBP_CELLULAR_RESPONSE_TO_BIOTIC_STIMULUS,,256,-0.10384228,-1.925566,0.0063829785,0.056075424,1.0,7457,"tags=51%, list=41%, signal=84%",
GOBP_ISOPRENOID_METABOLIC_PROCESS,GOBP_ISOPRENOID_METABOLIC_PROCESS,,119,-0.15210807,-1.9222934,0.006342495,0.056960415,1.0,6649,"tags=51%, list=36%, signal=80%",
GOBP_REGULATION_OF_TELOMERE_MAINTENANCE,GOBP_REGULATION_OF_TELOMERE_MAINTENANCE,,111,-0.1587838,-1.9212052,0.010504202,0.057182737,1.0,11513,"tags=78%, list=63%, signal=208%",
GOBP_REGULATION_OF_MITOCHONDRION_ORGANIZATION,GOBP_REGULATION_OF_MITOCHONDRION_ORGANIZATION,,117,-0.14894077,-1.9166075,0.006147541,0.05864209,1.0,13784,"tags=90%, list=75%, signal=356%",
GOBP_INTERLEUKIN_6_PRODUCTION,GOBP_INTERLEUKIN_6_PRODUCTION,,153,-0.13255414,-1.9158098,0.0100603625,0.05872997,1.0,3233,"tags=31%, list=18%, signal=37%",
GOBP_NEGATIVE_REGULATION_OF_IMMUNE_EFFECTOR_PROCESS,GOBP_NEGATIVE_REGULATION_OF_IMMUNE_EFFECTOR_PROCESS,,132,-0.14447708,-1.9152669,0.007858546,0.058725554,1.0,3354,"tags=33%, list=18%, signal=40%",
GOBP_PHOSPHOLIPID_TRANSPORT,GOBP_PHOSPHOLIPID_TRANSPORT,,107,-0.15590468,-1.9142795,0.008421052,0.058967277,1.0,6260,"tags=50%, list=34%, signal=75%",
GOBP_FATTY_ACID_DERIVATIVE_CATABOLIC_PROCESS,GOBP_FATTY_ACID_DERIVATIVE_CATABOLIC_PROCESS,,18,-0.3743839,-1.914218,0.009881423,0.058832414,1.0,9470,"tags=89%, list=51%, signal=183%",
GOBP_PROTEIN_LOCALIZATION_TO_MITOCHONDRION,GOBP_PROTEIN_LOCALIZATION_TO_MITOCHONDRION,,136,-0.13643764,-1.9139196,0.008048289,0.058761414,1.0,13332,"tags=86%, list=72%, signal=310%",
GOBP_POSITIVE_REGULATION_OF_LEUKOCYTE_MEDIATED_IMMUNITY,GOBP_POSITIVE_REGULATION_OF_LEUKOCYTE_MEDIATED_IMMUNITY,,155,-0.13411331,-1.9127557,0.0040241447,0.05900056,1.0,7878,"tags=56%, list=43%, signal=97%",
GOBP_GLYCOSYLATION,GOBP_GLYCOSYLATION,,242,-0.10542417,-1.9127518,0.0060362173,0.05883339,1.0,10171,"tags=66%, list=55%, signal=145%",
GOBP_NEGATIVE_REGULATION_OF_CATABOLIC_PROCESS,GOBP_NEGATIVE_REGULATION_OF_CATABOLIC_PROCESS,,364,-0.08698567,-1.9119107,0.0102459015,0.05892539,1.0,13944,"tags=84%, list=76%, signal=342%",
GOBP_TOR_SIGNALING,GOBP_TOR_SIGNALING,,179,-0.12535506,-1.9110477,0.016161617,0.059062738,1.0,12924,"tags=83%, list=70%, signal=275%",
GOBP_RETINOIC_ACID_METABOLIC_PROCESS,GOBP_RETINOIC_ACID_METABOLIC_PROCESS,,33,-0.2797773,-1.9108309,0.01002004,0.05897566,1.0,4339,"tags=52%, list=24%, signal=67%",
GOBP_VIRAL_LIFE_CYCLE,GOBP_VIRAL_LIFE_CYCLE,,293,-0.09798813,-1.9102867,0.0056497175,0.05898802,1.0,12727,"tags=79%, list=69%, signal=252%",
GOBP_REGULATION_OF_ADAPTIVE_IMMUNE_RESPONSE,GOBP_REGULATION_OF_ADAPTIVE_IMMUNE_RESPONSE,,217,-0.11369818,-1.9074624,0.016129032,0.059801403,1.0,5308,"tags=40%, list=29%, signal=56%",
GOBP_REGULATION_OF_BLOOD_PRESSURE,GOBP_REGULATION_OF_BLOOD_PRESSURE,,194,-0.118488185,-1.9038393,0.009689922,0.06088837,1.0,4386,"tags=36%, list=24%, signal=46%",
GOBP_RETICULOPHAGY,GOBP_RETICULOPHAGY,,22,-0.3400962,-1.9037232,0.013461539,0.060741805,1.0,7965,"tags=77%, list=43%, signal=136%",
GOBP_REGULATION_OF_VIRAL_PROCESS,GOBP_REGULATION_OF_VIRAL_PROCESS,,139,-0.13802686,-1.903422,0.01,0.060673926,1.0,12565,"tags=82%, list=68%, signal=257%",
GOBP_ANTIGEN_PROCESSING_AND_PRESENTATION_OF_PEPTIDE_ANTIGEN_VIA_MHC_CLASS_I,GOBP_ANTIGEN_PROCESSING_AND_PRESENTATION_OF_PEPTIDE_ANTIGEN_VIA_MHC_CLASS_I,,36,-0.25879112,-1.9005126,0.026156941,0.061557624,1.0,9555,"tags=78%, list=52%, signal=162%",
GOBP_CARBOHYDRATE_DERIVATIVE_CATABOLIC_PROCESS,GOBP_CARBOHYDRATE_DERIVATIVE_CATABOLIC_PROCESS,,260,-0.101711266,-1.8991978,0.012,0.06190313,1.0,12516,"tags=78%, list=68%, signal=241%",
GOBP_REGULATION_OF_DNA_BINDING_TRANSCRIPTION_FACTOR_ACTIVITY,GOBP_REGULATION_OF_DNA_BINDING_TRANSCRIPTION_FACTOR_ACTIVITY,,206,-0.114537485,-1.8989661,0.0058708414,0.06181629,1.0,9167,"tags=61%, list=50%, signal=121%",
GOBP_NUCLEAR_TRANSCRIBED_MRNA_CATABOLIC_PROCESS,GOBP_NUCLEAR_TRANSCRIBED_MRNA_CATABOLIC_PROCESS,,129,-0.1451661,-1.8988041,0.0061099795,0.06170128,1.0,11464,"tags=77%, list=62%, signal=202%",
GOBP_EXECUTION_PHASE_OF_APOPTOSIS,GOBP_EXECUTION_PHASE_OF_APOPTOSIS,,77,-0.18160047,-1.8980824,0.01010101,0.06183877,1.0,7662,"tags=60%, list=42%, signal=102%",
GOBP_CELLULAR_RESPONSE_TO_XENOBIOTIC_STIMULUS,GOBP_CELLULAR_RESPONSE_TO_XENOBIOTIC_STIMULUS,,198,-0.116131365,-1.8966749,0.00589391,0.062100276,1.0,6062,"tags=44%, list=33%, signal=66%",
GOBP_NEGATIVE_REGULATION_OF_NF_KAPPAB_TRANSCRIPTION_FACTOR_ACTIVITY,GOBP_NEGATIVE_REGULATION_OF_NF_KAPPAB_TRANSCRIPTION_FACTOR_ACTIVITY,,48,-0.23319635,-1.8966596,0.018480493,0.06193786,1.0,7601,"tags=65%, list=41%, signal=110%",
GOBP_NEUTROPHIL_CHEMOTAXIS,GOBP_NEUTROPHIL_CHEMOTAXIS,,81,-0.18461138,-1.8961389,0.003921569,0.06191221,1.0,2297,"tags=31%, list=12%, signal=35%",
GOBP_REGULATION_OF_MITOTIC_CELL_CYCLE,GOBP_REGULATION_OF_MITOTIC_CELL_CYCLE,,493,-0.07448769,-1.8925192,0.009940358,0.063114844,1.0,14261,"tags=85%, list=78%, signal=367%",
GOBP_NEGATIVE_REGULATION_OF_RESPONSE_TO_ENDOPLASMIC_RETICULUM_STRESS,GOBP_NEGATIVE_REGULATION_OF_RESPONSE_TO_ENDOPLASMIC_RETICULUM_STRESS,,49,-0.22312014,-1.8900336,0.007984032,0.06392421,1.0,6793,"tags=59%, list=37%, signal=94%",
GOBP_DETOXIFICATION,GOBP_DETOXIFICATION,,150,-0.13180126,-1.8894962,0.007936508,0.06395639,1.0,4708,"tags=39%, list=26%, signal=52%",
GOBP_MULTIVESICULAR_BODY_SORTING_PATHWAY,GOBP_MULTIVESICULAR_BODY_SORTING_PATHWAY,,49,-0.23164189,-1.8848114,0.009689922,0.065411374,1.0,8138,"tags=67%, list=44%, signal=120%",
GOBP_SPLICEOSOMAL_SNRNP_ASSEMBLY,GOBP_SPLICEOSOMAL_SNRNP_ASSEMBLY,,40,-0.24941556,-1.8845868,0.0059288535,0.0653393,1.0,9677,"tags=78%, list=53%, signal=163%",
GOBP_REGULATION_OF_ENDOPLASMIC_RETICULUM_UNFOLDED_PROTEIN_RESPONSE,GOBP_REGULATION_OF_ENDOPLASMIC_RETICULUM_UNFOLDED_PROTEIN_RESPONSE,,36,-0.2549139,-1.8824543,0.01002004,0.065943085,1.0,6561,"tags=61%, list=36%, signal=95%",
GOBP_MACROMOLECULE_METHYLATION,GOBP_MACROMOLECULE_METHYLATION,,119,-0.15066722,-1.8807833,0.012048192,0.06638596,1.0,13939,"tags=91%, list=76%, signal=372%",
GOBP_MYELOID_LEUKOCYTE_MIGRATION,GOBP_MYELOID_LEUKOCYTE_MIGRATION,,230,-0.106753625,-1.8807163,0.005859375,0.06624069,1.0,4699,"tags=36%, list=26%, signal=48%",
GOBP_ENDOTHELIAL_CELL_DEVELOPMENT,GOBP_ENDOTHELIAL_CELL_DEVELOPMENT,,72,-0.18544878,-1.8786411,0.006521739,0.066886924,1.0,8609,"tags=65%, list=47%, signal=122%",
GOBP_POSITIVE_REGULATION_OF_JUN_KINASE_ACTIVITY,GOBP_POSITIVE_REGULATION_OF_JUN_KINASE_ACTIVITY,,15,-0.4085111,-1.8767338,0.004008016,0.06738442,1.0,7207,"tags=80%, list=39%, signal=131%",
GOBP_REGULATION_OF_NATURAL_KILLER_CELL_MEDIATED_IMMUNITY,GOBP_REGULATION_OF_NATURAL_KILLER_CELL_MEDIATED_IMMUNITY,,59,-0.20588894,-1.8737752,0.008281574,0.068417855,1.0,5578,"tags=51%, list=30%, signal=73%",
GOBP_MIDBODY_ABSCISSION,GOBP_MIDBODY_ABSCISSION,,23,-0.32388794,-1.8735687,0.010121457,0.06831164,1.0,10044,"tags=87%, list=55%, signal=191%",
GOBP_PEPTIDYL_LYSINE_MODIFICATION,GOBP_PEPTIDYL_LYSINE_MODIFICATION,,126,-0.14333598,-1.8724366,0.006198347,0.068453394,1.0,11979,"tags=79%, list=65%, signal=226%",
GOBP_MRNA_CATABOLIC_PROCESS,GOBP_MRNA_CATABOLIC_PROCESS,,259,-0.100727454,-1.8682674,0.014056225,0.069860734,1.0,10956,"tags=69%, list=60%, signal=169%",
GOBP_NEGATIVE_REGULATION_OF_LEUKOCYTE_MEDIATED_IMMUNITY,GOBP_NEGATIVE_REGULATION_OF_LEUKOCYTE_MEDIATED_IMMUNITY,,74,-0.18754324,-1.867993,0.012448133,0.069788046,1.0,3276,"tags=36%, list=18%, signal=44%",
GOBP_INTERLEUKIN_1_BETA_PRODUCTION,GOBP_INTERLEUKIN_1_BETA_PRODUCTION,,95,-0.16554208,-1.8674717,0.0059288535,0.06981884,1.0,5103,"tags=44%, list=28%, signal=61%",
GOBP_NEGATIVE_REGULATION_OF_ALPHA_BETA_T_CELL_DIFFERENTIATION,GOBP_NEGATIVE_REGULATION_OF_ALPHA_BETA_T_CELL_DIFFERENTIATION,,30,-0.28590488,-1.8664049,0.00990099,0.07003696,1.0,3947,"tags=50%, list=21%, signal=64%",
GOBP_GLYCEROLIPID_CATABOLIC_PROCESS,GOBP_GLYCEROLIPID_CATABOLIC_PROCESS,,68,-0.19671194,-1.8640413,0.014675053,0.07074905,1.0,12624,"tags=88%, list=69%, signal=280%",
GOBP_ICOSANOID_BIOSYNTHETIC_PROCESS,GOBP_ICOSANOID_BIOSYNTHETIC_PROCESS,,57,-0.20848331,-1.8638601,0.008016032,0.070635214,1.0,2309,"tags=33%, list=13%, signal=38%",
GOBP_NEGATIVE_REGULATION_OF_VIRAL_PROCESS,GOBP_NEGATIVE_REGULATION_OF_VIRAL_PROCESS,,74,-0.18293005,-1.8638487,0.011560693,0.0704503,1.0,12556,"tags=86%, list=68%, signal=271%",
GOBP_NEGATIVE_REGULATION_OF_TOR_SIGNALING,GOBP_NEGATIVE_REGULATION_OF_TOR_SIGNALING,,73,-0.18557763,-1.8607002,0.015414258,0.071385324,1.0,13481,"tags=92%, list=73%, signal=342%",
GOBP_TELOMERE_CAPPING,GOBP_TELOMERE_CAPPING,,27,-0.3004086,-1.8602753,0.011976048,0.07137504,1.0,11513,"tags=93%, list=63%, signal=247%",
GOBP_TRNA_MODIFICATION,GOBP_TRNA_MODIFICATION,,90,-0.16658227,-1.8593628,0.021072797,0.07150497,1.0,14526,"tags=96%, list=79%, signal=452%",
GOBP_CELLULAR_SENESCENCE,GOBP_CELLULAR_SENESCENCE,,99,-0.16026822,-1.8590426,0.011857707,0.07146549,1.0,14160,"tags=93%, list=77%, signal=402%",
GOBP_POSITIVE_REGULATION_OF_POST_TRANSLATIONAL_PROTEIN_MODIFICATION,GOBP_POSITIVE_REGULATION_OF_POST_TRANSLATIONAL_PROTEIN_MODIFICATION,,130,-0.13783936,-1.8586162,0.003868472,0.07143815,1.0,13187,"tags=85%, list=72%, signal=300%",
GOBP_SPINDLE_ASSEMBLY,GOBP_SPINDLE_ASSEMBLY,,137,-0.13583305,-1.8557363,0.008368201,0.07240817,1.0,12288,"tags=80%, list=67%, signal=240%",
GOBP_MYOFIBRIL_ASSEMBLY,GOBP_MYOFIBRIL_ASSEMBLY,,74,-0.17909886,-1.8551856,0.008528785,0.072449245,1.0,6413,"tags=53%, list=35%, signal=81%",
GOBP_CELLULAR_COMPONENT_ASSEMBLY_INVOLVED_IN_MORPHOGENESIS,GOBP_CELLULAR_COMPONENT_ASSEMBLY_INVOLVED_IN_MORPHOGENESIS,,131,-0.13806553,-1.8545539,0.014,0.072528414,1.0,4359,"tags=37%, list=24%, signal=49%",
GOBP_CYTOKINETIC_PROCESS,GOBP_CYTOKINETIC_PROCESS,,51,-0.21131566,-1.8534701,0.012396694,0.07276277,1.0,11271,"tags=82%, list=61%, signal=212%",
GOBP_PHOSPHATIDYLINOSITOL_DEPHOSPHORYLATION,GOBP_PHOSPHATIDYLINOSITOL_DEPHOSPHORYLATION,,29,-0.27951655,-1.8529297,0.0058365758,0.0727884,1.0,11357,"tags=90%, list=62%, signal=234%",
GOBP_REGULATION_OF_PROTEASOMAL_PROTEIN_CATABOLIC_PROCESS,GOBP_REGULATION_OF_PROTEASOMAL_PROTEIN_CATABOLIC_PROCESS,,199,-0.11314018,-1.8525276,0.01875,0.072760426,1.0,15502,"tags=95%, list=84%, signal=601%",
GOBP_SYNAPTIC_VESICLE_CYTOSKELETAL_TRANSPORT,GOBP_SYNAPTIC_VESICLE_CYTOSKELETAL_TRANSPORT,,19,-0.35352713,-1.8511057,0.018480493,0.07310362,1.0,11897,"tags=100%, list=65%, signal=283%",
GOBP_EPIGENETIC_REGULATION_OF_GENE_EXPRESSION,GOBP_EPIGENETIC_REGULATION_OF_GENE_EXPRESSION,,293,-0.09350665,-1.8508805,0.01,0.07301723,1.0,14189,"tags=86%, list=77%, signal=372%",
GOBP_REGULATION_OF_T_CELL_ACTIVATION,GOBP_REGULATION_OF_T_CELL_ACTIVATION,,392,-0.080331,-1.8483156,0.017928287,0.073863104,1.0,5311,"tags=37%, list=29%, signal=51%",
GOBP_PROTEIN_INSERTION_INTO_MEMBRANE,GOBP_PROTEIN_INSERTION_INTO_MEMBRANE,,46,-0.23196107,-1.8476207,0.0139442235,0.07394608,1.0,7340,"tags=63%, list=40%, signal=105%",
GOBP_POSITIVE_REGULATION_OF_NF_KAPPAB_TRANSCRIPTION_FACTOR_ACTIVITY,GOBP_POSITIVE_REGULATION_OF_NF_KAPPAB_TRANSCRIPTION_FACTOR_ACTIVITY,,94,-0.16490495,-1.8446809,0.014,0.07488421,1.0,12440,"tags=84%, list=68%, signal=258%",
GOBP_REGULATION_OF_SISTER_CHROMATID_SEGREGATION,GOBP_REGULATION_OF_SISTER_CHROMATID_SEGREGATION,,106,-0.15023243,-1.8423194,0.015503876,0.07562478,1.0,8705,"tags=62%, list=47%, signal=118%",
GOBP_NUCLEOTIDE_BINDING_OLIGOMERIZATION_DOMAIN_CONTAINING_2_SIGNALING_PATHWAY,GOBP_NUCLEOTIDE_BINDING_OLIGOMERIZATION_DOMAIN_CONTAINING_2_SIGNALING_PATHWAY,,19,-0.35207754,-1.8417487,0.0140280565,0.07566538,1.0,5148,"tags=63%, list=28%, signal=88%",
GOBP_SUBSTANTIA_NIGRA_DEVELOPMENT,GOBP_SUBSTANTIA_NIGRA_DEVELOPMENT,,46,-0.2297285,-1.8417165,0.012371134,0.07549095,1.0,11379,"tags=85%, list=62%, signal=222%",
GOBP_NEGATIVE_REGULATION_OF_RESPONSE_TO_BIOTIC_STIMULUS,GOBP_NEGATIVE_REGULATION_OF_RESPONSE_TO_BIOTIC_STIMULUS,,128,-0.14184375,-1.8416901,0.012605042,0.075320385,1.0,10198,"tags=70%, list=55%, signal=155%",
GOBP_POSITIVE_REGULATION_OF_ISOTYPE_SWITCHING,GOBP_POSITIVE_REGULATION_OF_ISOTYPE_SWITCHING,,29,-0.28280294,-1.8409013,0.021653544,0.075465925,1.0,12565,"tags=97%, list=68%, signal=304%",
GOBP_REGULATION_OF_CELL_CELL_ADHESION_MEDIATED_BY_CADHERIN,GOBP_REGULATION_OF_CELL_CELL_ADHESION_MEDIATED_BY_CADHERIN,,23,-0.311494,-1.8398361,0.012145749,0.075745374,1.0,5474,"tags=61%, list=30%, signal=87%",
GOBP_ADAPTIVE_THERMOGENESIS,GOBP_ADAPTIVE_THERMOGENESIS,,167,-0.11847967,-1.8386084,0.011904762,0.07606602,1.0,5000,"tags=39%, list=27%, signal=53%",
GOBP_ACTIVATED_T_CELL_PROLIFERATION,GOBP_ACTIVATED_T_CELL_PROLIFERATION,,48,-0.22326522,-1.8374679,0.023529412,0.07631348,1.0,4718,"tags=48%, list=26%, signal=64%",
GOBP_ESTABLISHMENT_OF_ENDOTHELIAL_BARRIER,GOBP_ESTABLISHMENT_OF_ENDOTHELIAL_BARRIER,,54,-0.2123464,-1.8362473,0.016985139,0.07665387,1.0,6665,"tags=57%, list=36%, signal=90%",
GOBP_LIPID_OXIDATION,GOBP_LIPID_OXIDATION,,113,-0.1470848,-1.8337761,0.011583012,0.07752759,1.0,9519,"tags=66%, list=52%, signal=137%",
GOBP_INTERFERON_MEDIATED_SIGNALING_PATHWAY,GOBP_INTERFERON_MEDIATED_SIGNALING_PATHWAY,,96,-0.1570682,-1.8337548,0.01,0.0773466,1.0,14369,"tags=94%, list=78%, signal=426%",
GOBP_NEGATIVE_REGULATION_OF_MACROAUTOPHAGY,GOBP_NEGATIVE_REGULATION_OF_MACROAUTOPHAGY,,40,-0.24163397,-1.8331577,0.012295082,0.07740925,1.0,13498,"tags=98%, list=73%, signal=366%",
GOBP_CELLULAR_RESPONSE_TO_UV,GOBP_CELLULAR_RESPONSE_TO_UV,,89,-0.16701311,-1.831956,0.020366598,0.0776451,1.0,12649,"tags=85%, list=69%, signal=272%",
GOBP_PROTEIN_SUMOYLATION,GOBP_PROTEIN_SUMOYLATION,,65,-0.19554815,-1.8316013,0.009784736,0.077618174,1.0,11979,"tags=85%, list=65%, signal=242%",
GOBP_REGULATION_OF_CHROMOSOME_SEGREGATION,GOBP_REGULATION_OF_CHROMOSOME_SEGREGATION,,130,-0.13511688,-1.8313661,0.014056225,0.07756058,1.0,14227,"tags=91%, list=77%, signal=398%",
GOBP_NATURAL_KILLER_CELL_ACTIVATION,GOBP_NATURAL_KILLER_CELL_ACTIVATION,,92,-0.16099593,-1.8285953,0.007677543,0.07859419,1.0,3052,"tags=33%, list=17%, signal=39%",
GOBP_RESPONSE_TO_TOXIC_SUBSTANCE,GOBP_RESPONSE_TO_TOXIC_SUBSTANCE,,254,-0.09976824,-1.8282951,0.008080808,0.078548685,1.0,4708,"tags=35%, list=26%, signal=47%",
GOBP_POSITIVE_REGULATION_OF_MAP_KINASE_ACTIVITY,GOBP_POSITIVE_REGULATION_OF_MAP_KINASE_ACTIVITY,,40,-0.23974714,-1.8278099,0.010330578,0.07857718,1.0,6636,"tags=60%, list=36%, signal=94%",
GOBP_PROTEIN_LOCALIZATION_TO_ENDOPLASMIC_RETICULUM,GOBP_PROTEIN_LOCALIZATION_TO_ENDOPLASMIC_RETICULUM,,74,-0.18079422,-1.825964,0.013157895,0.07920632,1.0,6879,"tags=55%, list=37%, signal=88%",
GOBP_NATURAL_KILLER_CELL_MEDIATED_IMMUNITY,GOBP_NATURAL_KILLER_CELL_MEDIATED_IMMUNITY,,89,-0.16226935,-1.8209641,0.016129032,0.0812872,1.0,3437,"tags=35%, list=19%, signal=43%",
GOBP_RNA_CAPPING,GOBP_RNA_CAPPING,,16,-0.37665987,-1.8201811,0.016701462,0.081421286,1.0,9172,"tags=88%, list=50%, signal=174%",
GOBP_ALDITOL_METABOLIC_PROCESS,GOBP_ALDITOL_METABOLIC_PROCESS,,21,-0.33223683,-1.8201352,0.01532567,0.08123284,1.0,7910,"tags=76%, list=43%, signal=134%",
GOBP_REGULATION_OF_TYPE_2_IMMUNE_RESPONSE,GOBP_REGULATION_OF_TYPE_2_IMMUNE_RESPONSE,,32,-0.26900634,-1.819664,0.007827789,0.081244096,1.0,10005,"tags=81%, list=54%, signal=178%",
GOBP_AMINO_ACID_METABOLIC_PROCESS,GOBP_AMINO_ACID_METABOLIC_PROCESS,,279,-0.09278488,-1.8196044,0.012219959,0.08107852,1.0,5901,"tags=41%, list=32%, signal=60%",
GOBP_CELLULAR_RESPONSE_TO_OXIDATIVE_STRESS,GOBP_CELLULAR_RESPONSE_TO_OXIDATIVE_STRESS,,248,-0.10048641,-1.8187667,0.019646365,0.08126341,1.0,14270,"tags=88%, list=78%, signal=385%",
GOBP_POSITIVE_REGULATION_OF_PROTEIN_DEPOLYMERIZATION,GOBP_POSITIVE_REGULATION_OF_PROTEIN_DEPOLYMERIZATION,,21,-0.33516085,-1.8171839,0.009615385,0.08175616,1.0,5229,"tags=62%, list=28%, signal=86%",
GOBP_POSITIVE_REGULATION_OF_AUTOPHAGY_OF_MITOCHONDRION,GOBP_POSITIVE_REGULATION_OF_AUTOPHAGY_OF_MITOCHONDRION,,27,-0.2876481,-1.8170549,0.008196721,0.08162065,1.0,5617,"tags=59%, list=31%, signal=85%",
GOBP_RESPONSE_TO_UV,GOBP_RESPONSE_TO_UV,,155,-0.12512365,-1.8166944,0.01002004,0.08157205,1.0,12788,"tags=82%, list=70%, signal=267%",
GOBP_REGULATION_OF_NON_CANONICAL_NF_KAPPAB_SIGNAL_TRANSDUCTION,GOBP_REGULATION_OF_NON_CANONICAL_NF_KAPPAB_SIGNAL_TRANSDUCTION,,98,-0.1533234,-1.816181,0.026266417,0.08160671,1.0,11271,"tags=77%, list=61%, signal=197%",
GOBP_PYRIMIDINE_NUCLEOTIDE_BIOSYNTHETIC_PROCESS,GOBP_PYRIMIDINE_NUCLEOTIDE_BIOSYNTHETIC_PROCESS,,33,-0.262881,-1.8140689,0.020992367,0.08241105,1.0,7993,"tags=70%, list=43%, signal=123%",
GOBP_POSITIVE_REGULATION_OF_DOUBLE_STRAND_BREAK_REPAIR_VIA_HOMOLOGOUS_RECOMBINATION,GOBP_POSITIVE_REGULATION_OF_DOUBLE_STRAND_BREAK_REPAIR_VIA_HOMOLOGOUS_RECOMBINATION,,42,-0.23839758,-1.8132364,0.006451613,0.08257477,1.0,12704,"tags=93%, list=69%, signal=300%",
GOBP_REGULATION_OF_LIPID_CATABOLIC_PROCESS,GOBP_REGULATION_OF_LIPID_CATABOLIC_PROCESS,,62,-0.19364432,-1.811624,0.010121457,0.083120726,1.0,9800,"tags=73%, list=53%, signal=155%",
GOBP_DNA_MODIFICATION,GOBP_DNA_MODIFICATION,,29,-0.28629592,-1.8114555,0.011764706,0.08300517,1.0,9330,"tags=79%, list=51%, signal=161%",
GOBP_NEGATIVE_REGULATION_OF_LEUKOCYTE_APOPTOTIC_PROCESS,GOBP_NEGATIVE_REGULATION_OF_LEUKOCYTE_APOPTOTIC_PROCESS,,57,-0.20468153,-1.8108394,0.023715414,0.083139546,1.0,3024,"tags=37%, list=16%, signal=44%",
GOBP_NEUTROPHIL_MEDIATED_IMMUNITY,GOBP_NEUTROPHIL_MEDIATED_IMMUNITY,,41,-0.23645909,-1.8100327,0.009746589,0.08334803,1.0,6876,"tags=61%, list=37%, signal=97%",
GOBP_ORGANELLE_FUSION,GOBP_ORGANELLE_FUSION,,182,-0.11603397,-1.8071548,0.016129032,0.08445685,1.0,13955,"tags=87%, list=76%, signal=359%",
GOBP_TRANSLATIONAL_ELONGATION,GOBP_TRANSLATIONAL_ELONGATION,,72,-0.17879812,-1.8062357,0.019762846,0.084634244,1.0,11796,"tags=82%, list=64%, signal=228%",
GOBP_POSITIVE_REGULATION_OF_LYMPHOCYTE_APOPTOTIC_PROCESS,GOBP_POSITIVE_REGULATION_OF_LYMPHOCYTE_APOPTOTIC_PROCESS,,19,-0.34026897,-1.8045737,0.011857707,0.08523452,1.0,4397,"tags=58%, list=24%, signal=76%",
GOBP_GRANULOCYTE_CHEMOTAXIS,GOBP_GRANULOCYTE_CHEMOTAXIS,,118,-0.14101662,-1.8028275,0.021868788,0.08587651,1.0,5217,"tags=42%, list=28%, signal=59%",
GOBP_PYRIDINE_CONTAINING_COMPOUND_CATABOLIC_PROCESS,GOBP_PYRIDINE_CONTAINING_COMPOUND_CATABOLIC_PROCESS,,105,-0.1493633,-1.8006922,0.013671875,0.086686164,1.0,12508,"tags=83%, list=68%, signal=258%",
GOBP_REGULATION_OF_LEUKOCYTE_APOPTOTIC_PROCESS,GOBP_REGULATION_OF_LEUKOCYTE_APOPTOTIC_PROCESS,,94,-0.15557021,-1.7996763,0.018292682,0.08689662,1.0,3024,"tags=32%, list=16%, signal=38%",
GOBP_IMMUNOGLOBULIN_PRODUCTION,GOBP_IMMUNOGLOBULIN_PRODUCTION,,112,-0.14436305,-1.7963171,0.013565891,0.08834338,1.0,10006,"tags=69%, list=54%, signal=150%",
GOBP_POSITIVE_REGULATION_OF_CHROMOSOME_SEPARATION,GOBP_POSITIVE_REGULATION_OF_CHROMOSOME_SEPARATION,,32,-0.27098256,-1.7956434,0.016913319,0.08848872,1.0,9394,"tags=78%, list=51%, signal=159%",
GOBP_PYRIMIDINE_NUCLEOSIDE_TRIPHOSPHATE_BIOSYNTHETIC_PROCESS,GOBP_PYRIMIDINE_NUCLEOSIDE_TRIPHOSPHATE_BIOSYNTHETIC_PROCESS,,18,-0.3505748,-1.7952458,0.019569471,0.08848008,1.0,7864,"tags=78%, list=43%, signal=136%",
GOBP_REGULATION_OF_CENTROSOME_DUPLICATION,GOBP_REGULATION_OF_CENTROSOME_DUPLICATION,,49,-0.2163352,-1.7951488,0.024096385,0.088314004,1.0,13298,"tags=94%, list=72%, signal=338%",
GOBP_MUSCLE_CONTRACTION,GOBP_MUSCLE_CONTRACTION,,356,-0.081017405,-1.7951131,0.008333334,0.08813599,1.0,2621,"tags=22%, list=14%, signal=25%",
GOBP_SYNAPTIC_VESICLE_TRANSPORT,GOBP_SYNAPTIC_VESICLE_TRANSPORT,,47,-0.22432983,-1.7950003,0.019880716,0.08799747,1.0,13103,"tags=94%, list=71%, signal=325%",
GOBP_CYTOSOLIC_TRANSPORT,GOBP_CYTOSOLIC_TRANSPORT,,144,-0.12848154,-1.7944906,0.023715414,0.08804373,1.0,12727,"tags=82%, list=69%, signal=264%",
GOBP_GOLGI_TO_PLASMA_MEMBRANE_TRANSPORT,GOBP_GOLGI_TO_PLASMA_MEMBRANE_TRANSPORT,,68,-0.18979521,-1.794243,0.008016032,0.087926134,1.0,11128,"tags=79%, list=61%, signal=200%",
GOBP_VIRAL_PROTEIN_PROCESSING,GOBP_VIRAL_PROTEIN_PROCESSING,,31,-0.27142984,-1.7936095,0.014522822,0.08803683,1.0,9849,"tags=81%, list=54%, signal=173%",
GOBP_LYMPHOCYTE_MIGRATION,GOBP_LYMPHOCYTE_MIGRATION,,114,-0.14382039,-1.7922096,0.01010101,0.08852298,1.0,4632,"tags=39%, list=25%, signal=52%",
GOBP_MACROPHAGE_ACTIVATION,GOBP_MACROPHAGE_ACTIVATION,,110,-0.14316007,-1.7906432,0.01814516,0.08909996,1.0,2734,"tags=29%, list=15%, signal=34%",
GOBP_REGULATION_OF_FATTY_ACID_METABOLIC_PROCESS,GOBP_REGULATION_OF_FATTY_ACID_METABOLIC_PROCESS,,101,-0.15533511,-1.7891333,0.018480493,0.08965,1.0,7539,"tags=56%, list=41%, signal=95%",
GOBP_GLYCOSIDE_METABOLIC_PROCESS,GOBP_GLYCOSIDE_METABOLIC_PROCESS,,18,-0.34956184,-1.7883593,0.014373717,0.08981225,1.0,2774,"tags=50%, list=15%, signal=59%",
GOBP_TAIL_ANCHORED_MEMBRANE_PROTEIN_INSERTION_INTO_ER_MEMBRANE,GOBP_TAIL_ANCHORED_MEMBRANE_PROTEIN_INSERTION_INTO_ER_MEMBRANE,,17,-0.3659903,-1.7852838,0.018072288,0.09112732,1.0,7340,"tags=76%, list=40%, signal=127%",
GOBP_GOLGI_ORGANIZATION,GOBP_GOLGI_ORGANIZATION,,153,-0.12283409,-1.7845461,0.0125,0.09129526,1.0,9180,"tags=62%, list=50%, signal=123%",
GOBP_CELLULAR_RESPONSE_TO_UNFOLDED_PROTEIN,GOBP_CELLULAR_RESPONSE_TO_UNFOLDED_PROTEIN,,101,-0.1534372,-1.7838126,0.02834008,0.09143792,1.0,6117,"tags=49%, list=33%, signal=72%",
GOBP_DISRUPTION_OF_ANATOMICAL_STRUCTURE_IN_ANOTHER_ORGANISM,GOBP_DISRUPTION_OF_ANATOMICAL_STRUCTURE_IN_ANOTHER_ORGANISM,,112,-0.14125544,-1.7836837,0.013861386,0.09129284,1.0,3823,"tags=35%, list=21%, signal=44%",
GOBP_REGULATION_OF_UBIQUITIN_DEPENDENT_PROTEIN_CATABOLIC_PROCESS,GOBP_REGULATION_OF_UBIQUITIN_DEPENDENT_PROTEIN_CATABOLIC_PROCESS,,174,-0.118231736,-1.7817926,0.014112903,0.09190871,1.0,15604,"tags=97%, list=85%, signal=631%",
GOBP_INTERLEUKIN_2_PRODUCTION,GOBP_INTERLEUKIN_2_PRODUCTION,,66,-0.18281616,-1.7809854,0.021568628,0.09215139,1.0,6961,"tags=56%, list=38%, signal=90%",
GOBP_AUTOPHAGY_OF_MITOCHONDRION,GOBP_AUTOPHAGY_OF_MITOCHONDRION,,114,-0.14510472,-1.7805357,0.006147541,0.09214048,1.0,14288,"tags=92%, list=78%, signal=410%",
GOBP_ALDEHYDE_METABOLIC_PROCESS,GOBP_ALDEHYDE_METABOLIC_PROCESS,,74,-0.17867318,-1.777851,0.01980198,0.0932544,1.0,3687,"tags=38%, list=20%, signal=47%",
GOBP_METAPHASE_CHROMOSOME_ALIGNMENT,GOBP_METAPHASE_CHROMOSOME_ALIGNMENT,,105,-0.14940861,-1.7773415,0.014227643,0.0932936,1.0,14609,"tags=94%, list=79%, signal=456%",
GOBP_MITOTIC_CELL_CYCLE_CHECKPOINT_SIGNALING,GOBP_MITOTIC_CELL_CYCLE_CHECKPOINT_SIGNALING,,136,-0.1299938,-1.7767152,0.022312373,0.09338249,1.0,14261,"tags=90%, list=78%, signal=400%",
GOBP_POSITIVE_REGULATION_OF_RESPONSE_TO_ENDOPLASMIC_RETICULUM_STRESS,GOBP_POSITIVE_REGULATION_OF_RESPONSE_TO_ENDOPLASMIC_RETICULUM_STRESS,,40,-0.2349395,-1.7761025,0.0114722755,0.0934531,1.0,7184,"tags=63%, list=39%, signal=102%",
GOBP_PROTEIN_TRANSMEMBRANE_TRANSPORT,GOBP_PROTEIN_TRANSMEMBRANE_TRANSPORT,,77,-0.17217329,-1.7760392,0.010224949,0.09327903,1.0,11895,"tags=82%, list=65%, signal=231%",
GOBP_INTERMEMBRANE_LIPID_TRANSFER,GOBP_INTERMEMBRANE_LIPID_TRANSFER,,36,-0.2471458,-1.7741812,0.021526419,0.0939867,1.0,5171,"tags=53%, list=28%, signal=73%",
GOBP_REGULATION_OF_CENTRIOLE_REPLICATION,GOBP_REGULATION_OF_CENTRIOLE_REPLICATION,,24,-0.30270097,-1.7729923,0.0100603625,0.09435502,1.0,12066,"tags=96%, list=66%, signal=278%",
GOBP_TOLL_LIKE_RECEPTOR_SIGNALING_PATHWAY,GOBP_TOLL_LIKE_RECEPTOR_SIGNALING_PATHWAY,,81,-0.16587777,-1.7718941,0.015904572,0.09468531,1.0,7181,"tags=56%, list=39%, signal=91%",
GOBP_T_HELPER_1_CELL_DIFFERENTIATION,GOBP_T_HELPER_1_CELL_DIFFERENTIATION,,24,-0.30035752,-1.7711719,0.017441861,0.09479919,1.0,6745,"tags=67%, list=37%, signal=105%",
GOBP_REGULATION_OF_TRANSLATIONAL_INITIATION,GOBP_REGULATION_OF_TRANSLATIONAL_INITIATION,,82,-0.16562094,-1.7689428,0.020449897,0.095714934,1.0,12444,"tags=84%, list=68%, signal=259%",
GOBP_POSITIVE_REGULATION_OF_TYPE_2_IMMUNE_RESPONSE,GOBP_POSITIVE_REGULATION_OF_TYPE_2_IMMUNE_RESPONSE,,18,-0.34411302,-1.7666398,0.020325202,0.09669332,1.0,6961,"tags=72%, list=38%, signal=116%",
GOBP_CHROMOSOME_LOCALIZATION,GOBP_CHROMOSOME_LOCALIZATION,,125,-0.13461338,-1.7652335,0.009633912,0.0972669,1.0,14609,"tags=93%, list=79%, signal=448%",
GOBP_RESPONSE_TO_TOPOLOGICALLY_INCORRECT_PROTEIN,GOBP_RESPONSE_TO_TOPOLOGICALLY_INCORRECT_PROTEIN,,164,-0.119733274,-1.7649891,0.02471483,0.097192094,1.0,6117,"tags=45%, list=33%, signal=67%",
GOBP_TUMOR_NECROSIS_FACTOR_SUPERFAMILY_CYTOKINE_PRODUCTION,GOBP_TUMOR_NECROSIS_FACTOR_SUPERFAMILY_CYTOKINE_PRODUCTION,,179,-0.11027785,-1.7634948,0.0137795275,0.097726636,1.0,3438,"tags=30%, list=19%, signal=36%",
GOBP_REGULATION_OF_B_CELL_MEDIATED_IMMUNITY,GOBP_REGULATION_OF_B_CELL_MEDIATED_IMMUNITY,,62,-0.18844278,-1.7629368,0.024742268,0.097829096,1.0,12565,"tags=87%, list=68%, signal=274%",
GOBP_NEGATIVE_REGULATION_OF_DNA_RECOMBINATION,GOBP_NEGATIVE_REGULATION_OF_DNA_RECOMBINATION,,50,-0.20479146,-1.7614824,0.019693654,0.09843476,1.0,12429,"tags=88%, list=68%, signal=271%",
GOBP_TORC1_SIGNALING,GOBP_TORC1_SIGNALING,,112,-0.14407584,-1.7607489,0.022088353,0.09864248,1.0,14609,"tags=94%, list=79%, signal=453%",
GOBP_NECROPTOTIC_PROCESS,GOBP_NECROPTOTIC_PROCESS,,40,-0.23506485,-1.7578679,0.014,0.09990934,1.0,12699,"tags=93%, list=69%, signal=298%",
GOBP_PROTEASOME_ASSEMBLY,GOBP_PROTEASOME_ASSEMBLY,,15,-0.37944782,-1.7575939,0.02834008,0.09984419,1.0,6515,"tags=73%, list=35%, signal=113%",
GOBP_PROTEIN_MODIFICATION_BY_SMALL_PROTEIN_REMOVAL,GOBP_PROTEIN_MODIFICATION_BY_SMALL_PROTEIN_REMOVAL,,119,-0.13694048,-1.7572364,0.016427105,0.09983705,1.0,14808,"tags=94%, list=81%, signal=480%",
GOBP_CGAS_STING_SIGNALING_PATHWAY,GOBP_CGAS_STING_SIGNALING_PATHWAY,,26,-0.29110974,-1.7560747,0.028846154,0.10024347,1.0,7387,"tags=69%, list=40%, signal=116%",
GOBP_RNA_5_END_PROCESSING,GOBP_RNA_5_END_PROCESSING,,38,-0.23348112,-1.755201,0.02008032,0.10049583,1.0,12655,"tags=92%, list=69%, signal=295%",
GOBP_PYRIMIDINE_NUCLEOSIDE_TRIPHOSPHATE_METABOLIC_PROCESS,GOBP_PYRIMIDINE_NUCLEOSIDE_TRIPHOSPHATE_METABOLIC_PROCESS,,23,-0.31197453,-1.7538987,0.025948104,0.10101541,1.0,7864,"tags=74%, list=43%, signal=129%",
GOBP_NEGATIVE_REGULATION_OF_CELL_CELL_ADHESION,GOBP_NEGATIVE_REGULATION_OF_CELL_CELL_ADHESION,,201,-0.10608806,-1.7534254,0.02357564,0.10106568,1.0,7587,"tags=52%, list=41%, signal=87%",
GOBP_REGULATION_OF_DEFENSE_RESPONSE_TO_BACTERIUM,GOBP_REGULATION_OF_DEFENSE_RESPONSE_TO_BACTERIUM,,18,-0.33281323,-1.7529209,0.015486726,0.10108188,1.0,2060,"tags=44%, list=11%, signal=50%",
GOBP_ADAPTIVE_IMMUNE_RESPONSE_BASED_ON_SOMATIC_RECOMBINATION_OF_IMMUNE_RECEPTORS_BUILT_FROM_IMMUNOGLOBULIN_SUPERFAMILY_DOMAINS,GOBP_ADAPTIVE_IMMUNE_RESPONSE_BASED_ON_SOMATIC_RECOMBINATION_OF_IMMUNE_RECEPTORS_BUILT_FROM_IMMUNOGLOBULIN_SUPERFAMILY_DOMAINS,,321,-0.08267954,-1.7516886,0.023904383,0.10152132,1.0,5554,"tags=38%, list=30%, signal=54%",
GOBP_T_CELL_DIFFERENTIATION_INVOLVED_IN_IMMUNE_RESPONSE,GOBP_T_CELL_DIFFERENTIATION_INVOLVED_IN_IMMUNE_RESPONSE,,97,-0.15318076,-1.7509425,0.018518519,0.101697184,1.0,7437,"tags=56%, list=40%, signal=93%",
GOBP_CELLULAR_RESPONSE_TO_TOPOLOGICALLY_INCORRECT_PROTEIN,GOBP_CELLULAR_RESPONSE_TO_TOPOLOGICALLY_INCORRECT_PROTEIN,,116,-0.14248268,-1.7505263,0.017374517,0.101749554,1.0,6117,"tags=47%, list=33%, signal=71%",
GOBP_AMIDE_METABOLIC_PROCESS,GOBP_AMIDE_METABOLIC_PROCESS,,464,-0.07177515,-1.7493241,0.018867925,0.102170974,1.0,11913,"tags=72%, list=65%, signal=199%",
GOBP_DNA_REPLICATION_INITIATION,GOBP_DNA_REPLICATION_INITIATION,,38,-0.23506984,-1.7485574,0.025751073,0.10235342,1.0,9722,"tags=76%, list=53%, signal=162%",
GOBP_GLYCOLIPID_BIOSYNTHETIC_PROCESS,GOBP_GLYCOLIPID_BIOSYNTHETIC_PROCESS,,76,-0.17134,-1.7481592,0.014373717,0.10234814,1.0,13560,"tags=91%, list=74%, signal=344%",
GOBP_REGULATION_OF_GENERATION_OF_PRECURSOR_METABOLITES_AND_ENERGY,GOBP_REGULATION_OF_GENERATION_OF_PRECURSOR_METABOLITES_AND_ENERGY,,135,-0.12883963,-1.7466841,0.014056225,0.102908865,1.0,13724,"tags=87%, list=75%, signal=342%",
GOBP_MITOTIC_METAPHASE_CHROMOSOME_ALIGNMENT,GOBP_MITOTIC_METAPHASE_CHROMOSOME_ALIGNMENT,,65,-0.18439963,-1.7463673,0.01443299,0.10287187,1.0,13598,"tags=92%, list=74%, signal=353%",
GOBP_WATER_TRANSPORT,GOBP_WATER_TRANSPORT,,29,-0.26645172,-1.7449487,0.022403259,0.10349598,1.0,4621,"tags=52%, list=25%, signal=69%",
GOBP_SYNAPTIC_VESICLE_LUMEN_ACIDIFICATION,GOBP_SYNAPTIC_VESICLE_LUMEN_ACIDIFICATION,,18,-0.33431605,-1.7443861,0.014112903,0.10366717,1.0,7141,"tags=72%, list=39%, signal=118%",
GOBP_DICARBOXYLIC_ACID_METABOLIC_PROCESS,GOBP_DICARBOXYLIC_ACID_METABOLIC_PROCESS,,101,-0.14851648,-1.7435049,0.018518519,0.10393664,1.0,6207,"tags=49%, list=34%, signal=73%",
GOBP_LYMPHOCYTE_CHEMOTAXIS,GOBP_LYMPHOCYTE_CHEMOTAXIS,,48,-0.21412118,-1.7422335,0.013916501,0.10440247,1.0,2970,"tags=38%, list=16%, signal=45%",
GOBP_REGULATION_OF_IMMUNOGLOBULIN_PRODUCTION,GOBP_REGULATION_OF_IMMUNOGLOBULIN_PRODUCTION,,81,-0.16929963,-1.7406461,0.02385686,0.10500821,1.0,5529,"tags=47%, list=30%, signal=67%",
GOBP_POLYOL_METABOLIC_PROCESS,GOBP_POLYOL_METABOLIC_PROCESS,,107,-0.14435941,-1.7386149,0.019646365,0.1059178,1.0,8018,"tags=58%, list=44%, signal=102%",
GOBP_INTRINSIC_APOPTOTIC_SIGNALING_PATHWAY_IN_RESPONSE_TO_ENDOPLASMIC_RETICULUM_STRESS,GOBP_INTRINSIC_APOPTOTIC_SIGNALING_PATHWAY_IN_RESPONSE_TO_ENDOPLASMIC_RETICULUM_STRESS,,66,-0.18437885,-1.7382576,0.026369167,0.10589429,1.0,13620,"tags=92%, list=74%, signal=355%",
GOBP_MRNA_CIS_SPLICING_VIA_SPLICEOSOME,GOBP_MRNA_CIS_SPLICING_VIA_SPLICEOSOME,,30,-0.2627798,-1.7377862,0.022869023,0.1059145,1.0,11728,"tags=90%, list=64%, signal=248%",
GOBP_MICROTUBULE_POLYMERIZATION,GOBP_MICROTUBULE_POLYMERIZATION,,103,-0.1472115,-1.7371892,0.017578125,0.106027596,1.0,8022,"tags=58%, list=44%, signal=103%",
GOBP_T_CELL_ACTIVATION_INVOLVED_IN_IMMUNE_RESPONSE,GOBP_T_CELL_ACTIVATION_INVOLVED_IN_IMMUNE_RESPONSE,,125,-0.13257286,-1.7367504,0.030828517,0.10606757,1.0,7437,"tags=54%, list=40%, signal=89%",
GOBP_REGULATION_OF_CELLULAR_RESPIRATION,GOBP_REGULATION_OF_CELLULAR_RESPIRATION,,44,-0.22156706,-1.7360243,0.026156941,0.106199235,1.0,12655,"tags=91%, list=69%, signal=291%",
GOBP_REGULATION_OF_VIRAL_LIFE_CYCLE,GOBP_REGULATION_OF_VIRAL_LIFE_CYCLE,,113,-0.1407132,-1.7352711,0.022857143,0.1064233,1.0,12565,"tags=82%, list=68%, signal=258%",
GOBP_REGULATION_OF_MONOATOMIC_ION_TRANSPORT,GOBP_REGULATION_OF_MONOATOMIC_ION_TRANSPORT,,427,-0.07229803,-1.7348976,0.029411765,0.10641036,1.0,2234,"tags=19%, list=12%, signal=21%",
GOBP_NEGATIVE_REGULATION_OF_MYELOID_CELL_DIFFERENTIATION,GOBP_NEGATIVE_REGULATION_OF_MYELOID_CELL_DIFFERENTIATION,,100,-0.147367,-1.7332953,0.03168317,0.10706792,1.0,4478,"tags=39%, list=24%, signal=51%",
GOBP_REGULATION_OF_CENTROSOME_CYCLE,GOBP_REGULATION_OF_CENTROSOME_CYCLE,,58,-0.19137996,-1.7323222,0.019011406,0.107421644,1.0,13298,"tags=91%, list=72%, signal=329%",
GOBP_REGULATION_OF_PROTEASOMAL_UBIQUITIN_DEPENDENT_PROTEIN_CATABOLIC_PROCESS,GOBP_REGULATION_OF_PROTEASOMAL_UBIQUITIN_DEPENDENT_PROTEIN_CATABOLIC_PROCESS,,133,-0.12879553,-1.7311895,0.014736842,0.1078493,1.0,13828,"tags=88%, list=75%, signal=352%",
GOBP_GLYCOPROTEIN_METABOLIC_PROCESS,GOBP_GLYCOPROTEIN_METABOLIC_PROCESS,,381,-0.07816641,-1.7296526,0.02303263,0.10842398,1.0,12302,"tags=75%, list=67%, signal=220%",
GOBP_COPII_COATED_VESICLE_CARGO_LOADING,GOBP_COPII_COATED_VESICLE_CARGO_LOADING,,18,-0.33774498,-1.7285649,0.034764826,0.10881307,1.0,7078,"tags=72%, list=38%, signal=117%",
GOBP_ALPHA_AMINO_ACID_METABOLIC_PROCESS,GOBP_ALPHA_AMINO_ACID_METABOLIC_PROCESS,,198,-0.105640315,-1.7279105,0.015503876,0.108981036,1.0,3745,"tags=31%, list=20%, signal=38%",
GOBP_MICROTUBULE_CYTOSKELETON_ORGANIZATION_INVOLVED_IN_MITOSIS,GOBP_MICROTUBULE_CYTOSKELETON_ORGANIZATION_INVOLVED_IN_MITOSIS,,170,-0.114272796,-1.7271214,0.026748972,0.10924513,1.0,12848,"tags=81%, list=70%, signal=267%",
GOBP_NEGATIVE_REGULATION_OF_INNATE_IMMUNE_RESPONSE,GOBP_NEGATIVE_REGULATION_OF_INNATE_IMMUNE_RESPONSE,,95,-0.15363668,-1.7263293,0.03307393,0.10948981,1.0,5708,"tags=46%, list=31%, signal=67%",
GOBP_REGULATION_OF_PROTEIN_SERINE_THREONINE_KINASE_ACTIVITY,GOBP_REGULATION_OF_PROTEIN_SERINE_THREONINE_KINASE_ACTIVITY,,132,-0.13041222,-1.7261636,0.026768642,0.10937059,1.0,6258,"tags=47%, list=34%, signal=71%",
GOBP_CERAMIDE_METABOLIC_PROCESS,GOBP_CERAMIDE_METABOLIC_PROCESS,,107,-0.14300999,-1.7259184,0.021141648,0.10926294,1.0,11824,"tags=79%, list=64%, signal=219%",
GOBP_PHOSPHOLIPID_DEPHOSPHORYLATION,GOBP_PHOSPHOLIPID_DEPHOSPHORYLATION,,43,-0.22691402,-1.7245039,0.032128513,0.10984459,1.0,10807,"tags=81%, list=59%, signal=197%",
GOBP_ACUTE_INFLAMMATORY_RESPONSE,GOBP_ACUTE_INFLAMMATORY_RESPONSE,,105,-0.1428764,-1.723213,0.024096385,0.110429354,1.0,3869,"tags=35%, list=21%, signal=44%",
GOBP_REGULATION_OF_AEROBIC_RESPIRATION,GOBP_REGULATION_OF_AEROBIC_RESPIRATION,,29,-0.27232778,-1.7225921,0.017964073,0.110546425,1.0,11489,"tags=90%, list=62%, signal=239%",
GOBP_REGULATION_OF_PROTEIN_CATABOLIC_PROCESS,GOBP_REGULATION_OF_PROTEIN_CATABOLIC_PROCESS,,372,-0.07688091,-1.72241,0.021194605,0.11043745,1.0,12755,"tags=77%, list=69%, signal=246%",
GOBP_MONOCARBOXYLIC_ACID_TRANSPORT,GOBP_MONOCARBOXYLIC_ACID_TRANSPORT,,176,-0.111982465,-1.7219808,0.025,0.110438526,1.0,2350,"tags=24%, list=13%, signal=27%",
GOBP_INTRACELLULAR_RECEPTOR_SIGNALING_PATHWAY,GOBP_INTRACELLULAR_RECEPTOR_SIGNALING_PATHWAY,,415,-0.07450321,-1.7199796,0.030181086,0.111409254,1.0,14704,"tags=87%, list=80%, signal=425%",
GOBP_TOLL_LIKE_RECEPTOR_3_SIGNALING_PATHWAY,GOBP_TOLL_LIKE_RECEPTOR_3_SIGNALING_PATHWAY,,28,-0.26802343,-1.7198278,0.028901733,0.111299194,1.0,10843,"tags=86%, list=59%, signal=209%",
GOBP_B_CELL_ACTIVATION_INVOLVED_IN_IMMUNE_RESPONSE,GOBP_B_CELL_ACTIVATION_INVOLVED_IN_IMMUNE_RESPONSE,,96,-0.15475596,-1.7183224,0.025540275,0.11189218,1.0,12304,"tags=82%, list=67%, signal=247%",
GOBP_MEMBRANE_LIPID_METABOLIC_PROCESS,GOBP_MEMBRANE_LIPID_METABOLIC_PROCESS,,214,-0.102550775,-1.7170717,0.018556701,0.11245381,1.0,13606,"tags=84%, list=74%, signal=320%",
GOBP_PROTEIN_IMPORT_INTO_MITOCHONDRIAL_MATRIX,GOBP_PROTEIN_IMPORT_INTO_MITOCHONDRIAL_MATRIX,,24,-0.2899131,-1.7169583,0.0256917,0.112298824,1.0,10002,"tags=83%, list=54%, signal=182%",
GOBP_SULFUR_COMPOUND_METABOLIC_PROCESS,GOBP_SULFUR_COMPOUND_METABOLIC_PROCESS,,317,-0.08427445,-1.7159508,0.03522505,0.11271596,1.0,6484,"tags=44%, list=35%, signal=66%",
GOBP_DNA_INTEGRITY_CHECKPOINT_SIGNALING,GOBP_DNA_INTEGRITY_CHECKPOINT_SIGNALING,,124,-0.13382585,-1.7155643,0.031809144,0.11273908,1.0,13871,"tags=89%, list=75%, signal=359%",
GOBP_NEGATIVE_REGULATION_OF_MEGAKARYOCYTE_DIFFERENTIATION,GOBP_NEGATIVE_REGULATION_OF_MEGAKARYOCYTE_DIFFERENTIATION,,19,-0.3235616,-1.7155172,0.02834008,0.11255812,1.0,3736,"tags=53%, list=20%, signal=66%",
GOBP_MITOTIC_SISTER_CHROMATID_SEPARATION,GOBP_MITOTIC_SISTER_CHROMATID_SEPARATION,,64,-0.18022163,-1.7150006,0.034816246,0.11262237,1.0,14227,"tags=95%, list=77%, signal=419%",
GOBP_KINETOCHORE_ORGANIZATION,GOBP_KINETOCHORE_ORGANIZATION,,21,-0.30817586,-1.7145741,0.0327553,0.11264541,1.0,8352,"tags=76%, list=45%, signal=139%",
GOBP_LATE_ENDOSOME_TO_LYSOSOME_TRANSPORT,GOBP_LATE_ENDOSOME_TO_LYSOSOME_TRANSPORT,,21,-0.31141615,-1.7138292,0.020449897,0.11287648,1.0,10044,"tags=86%, list=55%, signal=189%",
GOBP_REGULATION_OF_TYPE_I_INTERFERON_MEDIATED_SIGNALING_PATHWAY,GOBP_REGULATION_OF_TYPE_I_INTERFERON_MEDIATED_SIGNALING_PATHWAY,,44,-0.22036795,-1.7133497,0.036585364,0.11295101,1.0,12677,"tags=91%, list=69%, signal=292%",
GOBP_PHOSPHATIDYLGLYCEROL_METABOLIC_PROCESS,GOBP_PHOSPHATIDYLGLYCEROL_METABOLIC_PROCESS,,35,-0.24612115,-1.7125031,0.01953125,0.11324627,1.0,10196,"tags=80%, list=55%, signal=179%",
GOBP_NEGATIVE_REGULATION_OF_MITOTIC_CELL_CYCLE_PHASE_TRANSITION,GOBP_NEGATIVE_REGULATION_OF_MITOTIC_CELL_CYCLE_PHASE_TRANSITION,,174,-0.10988377,-1.7121724,0.030303031,0.113184564,1.0,10577,"tags=68%, list=58%, signal=159%",
GOBP_TEMPERATURE_HOMEOSTASIS,GOBP_TEMPERATURE_HOMEOSTASIS,,181,-0.110485084,-1.7113826,0.031746034,0.11344268,1.0,5000,"tags=38%, list=27%, signal=52%",
GOBP_RESPONSE_TO_CHEMOKINE,GOBP_RESPONSE_TO_CHEMOKINE,,90,-0.15522344,-1.7112702,0.018255578,0.11329118,1.0,4721,"tags=41%, list=26%, signal=55%",
GOBP_MACROMOLECULE_DEACYLATION,GOBP_MACROMOLECULE_DEACYLATION,,41,-0.2310188,-1.711085,0.0256917,0.11316982,1.0,11910,"tags=88%, list=65%, signal=249%",
GOBP_MITOTIC_SPINDLE_ORGANIZATION,GOBP_MITOTIC_SPINDLE_ORGANIZATION,,137,-0.12164438,-1.7079266,0.01002004,0.11473237,1.0,12547,"tags=80%, list=68%, signal=251%",
GOBP_POSITIVE_REGULATION_OF_CHROMOSOME_SEGREGATION,GOBP_POSITIVE_REGULATION_OF_CHROMOSOME_SEGREGATION,,30,-0.2633208,-1.7075145,0.018656716,0.11476615,1.0,10492,"tags=83%, list=57%, signal=194%",
GOBP_NEGATIVE_REGULATION_OF_T_HELPER_CELL_DIFFERENTIATION,GOBP_NEGATIVE_REGULATION_OF_T_HELPER_CELL_DIFFERENTIATION,,21,-0.3096016,-1.7071226,0.028513238,0.11477211,1.0,3947,"tags=52%, list=21%, signal=67%",
GOBP_MEMBRANE_LIPID_BIOSYNTHETIC_PROCESS,GOBP_MEMBRANE_LIPID_BIOSYNTHETIC_PROCESS,,150,-0.117025025,-1.7069201,0.024539877,0.11469143,1.0,13560,"tags=85%, list=74%, signal=322%",
GOBP_POSITIVE_REGULATION_OF_PROTEASOMAL_PROTEIN_CATABOLIC_PROCESS,GOBP_POSITIVE_REGULATION_OF_PROTEASOMAL_PROTEIN_CATABOLIC_PROCESS,,115,-0.14079194,-1.7063246,0.02414487,0.11485865,1.0,11501,"tags=77%, list=63%, signal=203%",
GOBP_POSITIVE_REGULATION_OF_INTERLEUKIN_13_PRODUCTION,GOBP_POSITIVE_REGULATION_OF_INTERLEUKIN_13_PRODUCTION,,15,-0.37134668,-1.7050366,0.022177419,0.11535014,1.0,9116,"tags=87%, list=50%, signal=172%",
GOBP_POSITIVE_REGULATION_OF_INTRACELLULAR_TRANSPORT,GOBP_POSITIVE_REGULATION_OF_INTRACELLULAR_TRANSPORT,,136,-0.1245948,-1.7043543,0.028957529,0.11551963,1.0,11655,"tags=76%, list=63%, signal=205%",
GOBP_MITOPHAGY,GOBP_MITOPHAGY,,95,-0.15024452,-1.7040741,0.030737706,0.11542941,1.0,14288,"tags=93%, list=78%, signal=413%",
GOBP_LEUKOCYTE_APOPTOTIC_PROCESS,GOBP_LEUKOCYTE_APOPTOTIC_PROCESS,,122,-0.13166267,-1.7019696,0.03258656,0.1164553,1.0,3324,"tags=31%, list=18%, signal=38%",
GOBP_POSITIVE_REGULATION_OF_TRANSLATIONAL_INITIATION,GOBP_POSITIVE_REGULATION_OF_TRANSLATIONAL_INITIATION,,26,-0.27838695,-1.700863,0.027833002,0.116832696,1.0,8328,"tags=73%, list=45%, signal=133%",
GOBP_NEGATIVE_REGULATION_OF_LYMPHOCYTE_DIFFERENTIATION,GOBP_NEGATIVE_REGULATION_OF_LYMPHOCYTE_DIFFERENTIATION,,60,-0.18468349,-1.7006905,0.030991735,0.11673045,1.0,4585,"tags=43%, list=25%, signal=58%",
GOBP_NEUTRAL_LIPID_METABOLIC_PROCESS,GOBP_NEUTRAL_LIPID_METABOLIC_PROCESS,,133,-0.12615626,-1.699311,0.021276595,0.117420666,1.0,6824,"tags=50%, list=37%, signal=78%",
GOBP_LEUKOCYTE_MIGRATION_INVOLVED_IN_INFLAMMATORY_RESPONSE,GOBP_LEUKOCYTE_MIGRATION_INVOLVED_IN_INFLAMMATORY_RESPONSE,,21,-0.31278485,-1.6990919,0.018867925,0.11733473,1.0,2137,"tags=43%, list=12%, signal=48%",
GOBP_REGULATION_OF_CELL_CYCLE_CHECKPOINT,GOBP_REGULATION_OF_CELL_CYCLE_CHECKPOINT,,48,-0.20617424,-1.699071,0.04233871,0.11713833,1.0,14227,"tags=98%, list=77%, signal=431%",
GOBP_CHRONIC_INFLAMMATORY_RESPONSE,GOBP_CHRONIC_INFLAMMATORY_RESPONSE,,21,-0.30715194,-1.6982657,0.018255578,0.1174336,1.0,3992,"tags=52%, list=22%, signal=67%",
GOBP_POSITIVE_REGULATION_OF_T_HELPER_1_TYPE_IMMUNE_RESPONSE,GOBP_POSITIVE_REGULATION_OF_T_HELPER_1_TYPE_IMMUNE_RESPONSE,,18,-0.3316793,-1.6981313,0.023166023,0.117293656,1.0,5146,"tags=61%, list=28%, signal=85%",
GOBP_POSITIVE_REGULATION_OF_MONOATOMIC_ION_TRANSPORT,GOBP_POSITIVE_REGULATION_OF_MONOATOMIC_ION_TRANSPORT,,189,-0.10429083,-1.6981124,0.02330097,0.11710055,1.0,8028,"tags=54%, list=44%, signal=95%",
GOBP_NEGATIVE_REGULATION_OF_ENDOPLASMIC_RETICULUM_UNFOLDED_PROTEIN_RESPONSE,GOBP_NEGATIVE_REGULATION_OF_ENDOPLASMIC_RETICULUM_UNFOLDED_PROTEIN_RESPONSE,,21,-0.31032482,-1.6969445,0.02745098,0.11756565,1.0,6561,"tags=67%, list=36%, signal=104%",
GOBP_DETECTION_OF_TEMPERATURE_STIMULUS_INVOLVED_IN_SENSORY_PERCEPTION_OF_PAIN,GOBP_DETECTION_OF_TEMPERATURE_STIMULUS_INVOLVED_IN_SENSORY_PERCEPTION_OF_PAIN,,20,-0.3102553,-1.6955575,0.022900764,0.11821429,1.0,7175,"tags=70%, list=39%, signal=115%",
GOBP_CALCIUM_INDEPENDENT_CELL_CELL_ADHESION_VIA_PLASMA_MEMBRANE_CELL_ADHESION_MOLECULES,GOBP_CALCIUM_INDEPENDENT_CELL_CELL_ADHESION_VIA_PLASMA_MEMBRANE_CELL_ADHESION_MOLECULES,,23,-0.29408187,-1.6955514,0.024291499,0.118004106,1.0,3395,"tags=48%, list=18%, signal=59%",
GOBP_RESCUE_OF_STALLED_RIBOSOME,GOBP_RESCUE_OF_STALLED_RIBOSOME,,35,-0.24483392,-1.6951022,0.029126214,0.118027225,1.0,11796,"tags=89%, list=64%, signal=247%",
GOBP_MATURE_B_CELL_DIFFERENTIATION,GOBP_MATURE_B_CELL_DIFFERENTIATION,,42,-0.22580314,-1.6949043,0.029411765,0.117927045,1.0,5929,"tags=55%, list=32%, signal=81%",
GOBP_POSITIVE_REGULATION_OF_MITOTIC_SISTER_CHROMATID_SEPARATION,GOBP_POSITIVE_REGULATION_OF_MITOTIC_SISTER_CHROMATID_SEPARATION,,21,-0.30991784,-1.6947436,0.030487806,0.11780474,1.0,8320,"tags=76%, list=45%, signal=139%",
GOBP_AMINO_ACID_ACTIVATION,GOBP_AMINO_ACID_ACTIVATION,,45,-0.21059388,-1.6945639,0.02,0.1177113,1.0,12485,"tags=89%, list=68%, signal=276%",
GOBP_NEGATIVE_REGULATION_OF_HEMOPOIESIS,GOBP_NEGATIVE_REGULATION_OF_HEMOPOIESIS,,119,-0.13299721,-1.6936402,0.024948025,0.118110806,1.0,4680,"tags=39%, list=25%, signal=52%",
GOBP_NEGATIVE_REGULATION_OF_PRODUCTION_OF_MOLECULAR_MEDIATOR_OF_IMMUNE_RESPONSE,GOBP_NEGATIVE_REGULATION_OF_PRODUCTION_OF_MOLECULAR_MEDIATOR_OF_IMMUNE_RESPONSE,,43,-0.2182723,-1.6934812,0.026694044,0.11800101,1.0,3267,"tags=40%, list=18%, signal=48%",
GOBP_INFLAMMATORY_RESPONSE_TO_ANTIGENIC_STIMULUS,GOBP_INFLAMMATORY_RESPONSE_TO_ANTIGENIC_STIMULUS,,70,-0.16823398,-1.6927091,0.025742574,0.11825161,1.0,3487,"tags=36%, list=19%, signal=44%",
GOBP_NEGATIVE_REGULATION_OF_TOLL_LIKE_RECEPTOR_SIGNALING_PATHWAY,GOBP_NEGATIVE_REGULATION_OF_TOLL_LIKE_RECEPTOR_SIGNALING_PATHWAY,,20,-0.3175249,-1.6921391,0.03420523,0.118450426,1.0,7961,"tags=75%, list=43%, signal=132%",
GOBP_NEGATIVE_REGULATION_OF_DNA_TEMPLATED_TRANSCRIPTION_ELONGATION,GOBP_NEGATIVE_REGULATION_OF_DNA_TEMPLATED_TRANSCRIPTION_ELONGATION,,24,-0.28513774,-1.6912271,0.030425964,0.11873575,1.0,10856,"tags=88%, list=59%, signal=213%",
GOBP_HISTONE_MRNA_CATABOLIC_PROCESS,GOBP_HISTONE_MRNA_CATABOLIC_PROCESS,,15,-0.35900086,-1.6908762,0.024856597,0.11873235,1.0,11795,"tags=100%, list=64%, signal=279%",
GOBP_ENDOSOME_TO_LYSOSOME_TRANSPORT_VIA_MULTIVESICULAR_BODY_SORTING_PATHWAY,GOBP_ENDOSOME_TO_LYSOSOME_TRANSPORT_VIA_MULTIVESICULAR_BODY_SORTING_PATHWAY,,18,-0.3285618,-1.6892562,0.022494888,0.11951878,1.0,6225,"tags=67%, list=34%, signal=101%",
GOBP_ORGAN_OR_TISSUE_SPECIFIC_IMMUNE_RESPONSE,GOBP_ORGAN_OR_TISSUE_SPECIFIC_IMMUNE_RESPONSE,,42,-0.21728835,-1.6882901,0.025104603,0.11988757,1.0,6961,"tags=60%, list=38%, signal=96%",
GOBP_POSITIVE_REGULATION_OF_LIPID_TRANSPORT,GOBP_POSITIVE_REGULATION_OF_LIPID_TRANSPORT,,85,-0.15491928,-1.6881298,0.028455285,0.119773686,1.0,6036,"tags=48%, list=33%, signal=71%",
GOBP_O_GLYCAN_PROCESSING,GOBP_O_GLYCAN_PROCESSING,,39,-0.2275655,-1.6874876,0.018255578,0.11998452,1.0,5256,"tags=51%, list=29%, signal=72%",
GOBP_NEGATIVE_REGULATION_OF_VIRAL_GENOME_REPLICATION,GOBP_NEGATIVE_REGULATION_OF_VIRAL_GENOME_REPLICATION,,48,-0.20008086,-1.6871244,0.026584867,0.12001551,1.0,7059,"tags=58%, list=38%, signal=94%",
GOBP_NEGATIVE_REGULATION_OF_ORGANELLE_ORGANIZATION,GOBP_NEGATIVE_REGULATION_OF_ORGANELLE_ORGANIZATION,,358,-0.074851446,-1.6865091,0.02414487,0.120193556,1.0,14525,"tags=86%, list=79%, signal=403%",
GOBP_LIPID_LOCALIZATION,GOBP_LIPID_LOCALIZATION,,454,-0.06865196,-1.6834234,0.016949153,0.121905886,1.0,5251,"tags=35%, list=29%, signal=48%",
GOBP_POSITIVE_REGULATION_OF_PROTEIN_TRANSPORT,GOBP_POSITIVE_REGULATION_OF_PROTEIN_TRANSPORT,,256,-0.09034563,-1.6832423,0.042168673,0.12179172,1.0,8492,"tags=55%, list=46%, signal=101%",
GOBP_INTRINSIC_APOPTOTIC_SIGNALING_PATHWAY,GOBP_INTRINSIC_APOPTOTIC_SIGNALING_PATHWAY,,320,-0.08154795,-1.6831534,0.02892562,0.12165202,1.0,14562,"tags=87%, list=79%, signal=411%",
GOBP_MYELOID_LEUKOCYTE_MEDIATED_IMMUNITY,GOBP_MYELOID_LEUKOCYTE_MEDIATED_IMMUNITY,,117,-0.13289815,-1.6815776,0.030364372,0.12239981,1.0,3074,"tags=30%, list=17%, signal=36%",
GOBP_VESICLE_CYTOSKELETAL_TRAFFICKING,GOBP_VESICLE_CYTOSKELETAL_TRAFFICKING,,59,-0.1870509,-1.6801631,0.019267824,0.1229996,1.0,12781,"tags=88%, list=69%, signal=288%",
GOBP_NUCLEUS_ORGANIZATION,GOBP_NUCLEUS_ORGANIZATION,,150,-0.116519935,-1.6796446,0.038383838,0.123103686,1.0,13324,"tags=84%, list=72%, signal=302%",
GOBP_POSITIVE_REGULATION_OF_DNA_REPLICATION,GOBP_POSITIVE_REGULATION_OF_DNA_REPLICATION,,42,-0.22074383,-1.6774844,0.028806584,0.1242523,1.0,9087,"tags=71%, list=49%, signal=141%",
GOBP_ADENYLATE_CYCLASE_MODULATING_G_PROTEIN_COUPLED_RECEPTOR_SIGNALING_PATHWAY,GOBP_ADENYLATE_CYCLASE_MODULATING_G_PROTEIN_COUPLED_RECEPTOR_SIGNALING_PATHWAY,,267,-0.08897629,-1.6771871,0.025242718,0.12423805,1.0,1488,"tags=17%, list=8%, signal=18%",
GOBP_CYTOPLASMIC_TRANSLATIONAL_INITIATION,GOBP_CYTOPLASMIC_TRANSLATIONAL_INITIATION,,48,-0.20392883,-1.6753078,0.027139874,0.12523729,1.0,8521,"tags=67%, list=46%, signal=124%",
GOBP_REGULATION_OF_MITOCHONDRIAL_GENE_EXPRESSION,GOBP_REGULATION_OF_MITOCHONDRIAL_GENE_EXPRESSION,,34,-0.24163565,-1.6749052,0.034274194,0.12526245,1.0,9629,"tags=76%, list=52%, signal=160%",
GOBP_CELL_CELL_ADHESION_MEDIATED_BY_CADHERIN,GOBP_CELL_CELL_ADHESION_MEDIATED_BY_CADHERIN,,53,-0.19331443,-1.674169,0.025210084,0.12550735,1.0,4784,"tags=45%, list=26%, signal=61%",
GOBP_PROTEIN_LOCALIZATION_TO_EXTRACELLULAR_REGION,GOBP_PROTEIN_LOCALIZATION_TO_EXTRACELLULAR_REGION,,377,-0.0740478,-1.6736612,0.04283054,0.12559259,1.0,5643,"tags=38%, list=31%, signal=54%",
GOBP_BLASTOCYST_DEVELOPMENT,GOBP_BLASTOCYST_DEVELOPMENT,,126,-0.12448694,-1.6714556,0.031914894,0.12671693,1.0,13345,"tags=85%, list=73%, signal=307%",
GOBP_REGULATION_OF_RNA_SPLICING,GOBP_REGULATION_OF_RNA_SPLICING,,180,-0.10533865,-1.6712396,0.026209677,0.12663591,1.0,10139,"tags=66%, list=55%, signal=145%",
GOBP_PROSTANOID_METABOLIC_PROCESS,GOBP_PROSTANOID_METABOLIC_PROCESS,,48,-0.2039822,-1.6704255,0.02357564,0.12691052,1.0,5838,"tags=52%, list=32%, signal=76%",
GOBP_REGULATION_OF_CELL_CYCLE_G2_M_PHASE_TRANSITION,GOBP_REGULATION_OF_CELL_CYCLE_G2_M_PHASE_TRANSITION,,118,-0.12800398,-1.6698984,0.037698414,0.12701644,1.0,13871,"tags=88%, list=75%, signal=356%",
GOBP_REGULATION_OF_AUTOPHAGOSOME_MATURATION,GOBP_REGULATION_OF_AUTOPHAGOSOME_MATURATION,,17,-0.3382689,-1.6691427,0.023255814,0.12729272,1.0,10013,"tags=88%, list=54%, signal=194%",
GOBP_REGULATION_OF_T_HELPER_CELL_DIFFERENTIATION,GOBP_REGULATION_OF_T_HELPER_CELL_DIFFERENTIATION,,49,-0.19838935,-1.6670464,0.029126214,0.12838851,1.0,4244,"tags=43%, list=23%, signal=56%",
GOBP_REGULATION_OF_VIRAL_GENOME_REPLICATION,GOBP_REGULATION_OF_VIRAL_GENOME_REPLICATION,,78,-0.16368784,-1.6665285,0.026156941,0.12850653,1.0,12565,"tags=85%, list=68%, signal=266%",
GOBP_REGULATION_OF_T_CELL_MEDIATED_IMMUNITY,GOBP_REGULATION_OF_T_CELL_MEDIATED_IMMUNITY,,103,-0.13722672,-1.6650577,0.038306452,0.12919524,1.0,2848,"tags=29%, list=15%, signal=34%",
GOBP_POSITIVE_REGULATION_OF_RUFFLE_ASSEMBLY,GOBP_POSITIVE_REGULATION_OF_RUFFLE_ASSEMBLY,,15,-0.35135683,-1.6630499,0.033333335,0.13031965,1.0,3353,"tags=53%, list=18%, signal=65%",
GOBP_SUPPRESSION_OF_VIRAL_RELEASE_BY_HOST,GOBP_SUPPRESSION_OF_VIRAL_RELEASE_BY_HOST,,17,-0.3307679,-1.6629477,0.036538463,0.13016436,1.0,9069,"tags=82%, list=49%, signal=162%",
GOBP_ORGANOPHOSPHATE_ESTER_TRANSPORT,GOBP_ORGANOPHOSPHATE_ESTER_TRANSPORT,,175,-0.10639721,-1.6598514,0.034068137,0.13190575,1.0,6260,"tags=45%, list=34%, signal=67%",
GOBP_GLYCOLIPID_CATABOLIC_PROCESS,GOBP_GLYCOLIPID_CATABOLIC_PROCESS,,22,-0.2974651,-1.658881,0.031914894,0.132307,1.0,10420,"tags=86%, list=57%, signal=199%",
GOBP_POSITIVE_REGULATION_OF_ERK1_AND_ERK2_CASCADE,GOBP_POSITIVE_REGULATION_OF_ERK1_AND_ERK2_CASCADE,,189,-0.104942545,-1.6584408,0.04225352,0.13232745,1.0,6070,"tags=43%, list=33%, signal=64%",
GOBP_MYD88_DEPENDENT_TOLL_LIKE_RECEPTOR_SIGNALING_PATHWAY,GOBP_MYD88_DEPENDENT_TOLL_LIKE_RECEPTOR_SIGNALING_PATHWAY,,21,-0.29919383,-1.6570462,0.032,0.1330312,1.0,8517,"tags=76%, list=46%, signal=142%",
GOBP_XENOBIOTIC_METABOLIC_PROCESS,GOBP_XENOBIOTIC_METABOLIC_PROCESS,,130,-0.12859182,-1.6557188,0.019607844,0.1336598,1.0,5858,"tags=45%, list=32%, signal=65%",
GOBP_PHOSPHATIDYLCHOLINE_METABOLIC_PROCESS,GOBP_PHOSPHATIDYLCHOLINE_METABOLIC_PROCESS,,73,-0.16535424,-1.6541564,0.04191617,0.1344666,1.0,11836,"tags=81%, list=64%, signal=226%",
GOBP_ICOSANOID_TRANSPORT,GOBP_ICOSANOID_TRANSPORT,,59,-0.18479402,-1.6526446,0.027559055,0.13519019,1.0,5653,"tags=49%, list=31%, signal=71%",
GOBP_GLYCOSPHINGOLIPID_METABOLIC_PROCESS,GOBP_GLYCOSPHINGOLIPID_METABOLIC_PROCESS,,65,-0.17363897,-1.6522878,0.026530612,0.13520887,1.0,10117,"tags=72%, list=55%, signal=160%",
GOBP_HISTONE_MRNA_METABOLIC_PROCESS,GOBP_HISTONE_MRNA_METABOLIC_PROCESS,,24,-0.2778738,-1.6516534,0.031434186,0.13544658,1.0,12522,"tags=96%, list=68%, signal=300%",
GOBP_PROTEIN_LOCALIZATION_TO_ENDOSOME,GOBP_PROTEIN_LOCALIZATION_TO_ENDOSOME,,27,-0.26465425,-1.6512241,0.04133858,0.13546206,1.0,9445,"tags=78%, list=51%, signal=160%",
GOBP_DETECTION_OF_CHEMICAL_STIMULUS_INVOLVED_IN_SENSORY_PERCEPTION_OF_TASTE,GOBP_DETECTION_OF_CHEMICAL_STIMULUS_INVOLVED_IN_SENSORY_PERCEPTION_OF_TASTE,,39,-0.22790222,-1.6511209,0.03877551,0.1353122,1.0,2892,"tags=38%, list=16%, signal=46%",
GOBP_ORGANIC_ACID_BIOSYNTHETIC_PROCESS,GOBP_ORGANIC_ACID_BIOSYNTHETIC_PROCESS,,319,-0.08014269,-1.6509799,0.022222223,0.1351835,1.0,2473,"tags=21%, list=13%, signal=24%",
GOBP_RNA_METHYLATION,GOBP_RNA_METHYLATION,,80,-0.15530486,-1.650413,0.032818533,0.13531208,1.0,13939,"tags=91%, list=76%, signal=375%",
GOBP_NEGATIVE_REGULATION_OF_INTERLEUKIN_2_PRODUCTION,GOBP_NEGATIVE_REGULATION_OF_INTERLEUKIN_2_PRODUCTION,,28,-0.26481435,-1.6485785,0.042226486,0.13634217,1.0,6961,"tags=64%, list=38%, signal=103%",
GOBP_NEGATIVE_REGULATION_OF_PHAGOCYTOSIS,GOBP_NEGATIVE_REGULATION_OF_PHAGOCYTOSIS,,21,-0.30018407,-1.6483608,0.042592593,0.13623223,1.0,4120,"tags=52%, list=22%, signal=67%",
GOBP_SODIUM_ION_IMPORT_ACROSS_PLASMA_MEMBRANE,GOBP_SODIUM_ION_IMPORT_ACROSS_PLASMA_MEMBRANE,,30,-0.250226,-1.6476806,0.0373444,0.13642955,1.0,2763,"tags=40%, list=15%, signal=47%",
GOBP_T_CELL_HOMEOSTASIS,GOBP_T_CELL_HOMEOSTASIS,,50,-0.20073606,-1.6465284,0.025917927,0.13694513,1.0,9193,"tags=70%, list=50%, signal=140%",
GOBP_EPITHELIAL_CELL_MATURATION,GOBP_EPITHELIAL_CELL_MATURATION,,25,-0.2826244,-1.6455258,0.042424243,0.13740513,1.0,3638,"tags=48%, list=20%, signal=60%",
GOBP_NEGATIVE_REGULATION_OF_GENE_EXPRESSION_VIA_CHROMOSOMAL_CPG_ISLAND_METHYLATION,GOBP_NEGATIVE_REGULATION_OF_GENE_EXPRESSION_VIA_CHROMOSOMAL_CPG_ISLAND_METHYLATION,,16,-0.33840138,-1.6439539,0.034883723,0.13824295,1.0,9875,"tags=88%, list=54%, signal=189%",
GOBP_ACTIN_FILAMENT_SEVERING,GOBP_ACTIN_FILAMENT_SEVERING,,17,-0.32871896,-1.6437409,0.047034767,0.13814881,1.0,6943,"tags=71%, list=38%, signal=113%",
GOBP_AMIDE_BIOSYNTHETIC_PROCESS,GOBP_AMIDE_BIOSYNTHETIC_PROCESS,,171,-0.10767905,-1.6436232,0.035639413,0.1380065,1.0,11913,"tags=75%, list=65%, signal=212%",
GOBP_NEGATIVE_REGULATION_OF_CGAS_STING_SIGNALING_PATHWAY,GOBP_NEGATIVE_REGULATION_OF_CGAS_STING_SIGNALING_PATHWAY,,15,-0.350497,-1.6415187,0.032193158,0.13920376,1.0,7047,"tags=73%, list=38%, signal=119%",
GOBP_POSITIVE_REGULATION_OF_CELL_ADHESION,GOBP_POSITIVE_REGULATION_OF_CELL_ADHESION,,497,-0.065145016,-1.6403676,0.041749503,0.13971098,1.0,5311,"tags=35%, list=29%, signal=48%",
GOBP_VESICLE_TRANSPORT_ALONG_MICROTUBULE,GOBP_VESICLE_TRANSPORT_ALONG_MICROTUBULE,,48,-0.201454,-1.6399217,0.031189084,0.13977835,1.0,12781,"tags=90%, list=69%, signal=293%",
GOBP_NEGATIVE_REGULATION_OF_CELL_KILLING,GOBP_NEGATIVE_REGULATION_OF_CELL_KILLING,,34,-0.23990045,-1.6355454,0.03883495,0.14254361,1.0,2629,"tags=38%, list=14%, signal=45%",
GOBP_ADENYLATE_CYCLASE_ACTIVATING_G_PROTEIN_COUPLED_RECEPTOR_SIGNALING_PATHWAY,GOBP_ADENYLATE_CYCLASE_ACTIVATING_G_PROTEIN_COUPLED_RECEPTOR_SIGNALING_PATHWAY,,180,-0.10464461,-1.6351405,0.032520324,0.14260589,1.0,1467,"tags=18%, list=8%, signal=20%",
GOBP_NEGATIVE_REGULATION_OF_CELL_CYCLE,GOBP_NEGATIVE_REGULATION_OF_CELL_CYCLE,,370,-0.074773714,-1.6339843,0.03168317,0.14319015,1.0,14261,"tags=85%, list=78%, signal=370%",
GOBP_TISSUE_HOMEOSTASIS,GOBP_TISSUE_HOMEOSTASIS,,268,-0.08617976,-1.6319351,0.038229376,0.14432032,1.0,4478,"tags=33%, list=24%, signal=43%",
GOBP_RENAL_SYSTEM_PROCESS,GOBP_RENAL_SYSTEM_PROCESS,,130,-0.12201622,-1.6301455,0.031128405,0.14530686,1.0,1734,"tags=22%, list=9%, signal=24%",
GOBP_SPLICEOSOMAL_TRI_SNRNP_COMPLEX_ASSEMBLY,GOBP_SPLICEOSOMAL_TRI_SNRNP_COMPLEX_ASSEMBLY,,15,-0.34973517,-1.6288408,0.037924152,0.14595938,1.0,7061,"tags=73%, list=38%, signal=119%",
GOBP_POSITIVE_REGULATION_OF_NATURAL_KILLER_CELL_MEDIATED_IMMUNITY,GOBP_POSITIVE_REGULATION_OF_NATURAL_KILLER_CELL_MEDIATED_IMMUNITY,,36,-0.22497201,-1.6285769,0.03773585,0.14595008,1.0,5578,"tags=53%, list=30%, signal=76%",
GOBP_RELEASE_OF_CYTOCHROME_C_FROM_MITOCHONDRIA,GOBP_RELEASE_OF_CYTOCHROME_C_FROM_MITOCHONDRIA,,55,-0.18477711,-1.6277,0.029940119,0.14629722,1.0,6310,"tags=53%, list=34%, signal=80%",
GOBP_PYRIMIDINE_NUCLEOTIDE_METABOLIC_PROCESS,GOBP_PYRIMIDINE_NUCLEOTIDE_METABOLIC_PROCESS,,53,-0.189988,-1.6232344,0.032,0.14916816,1.0,13173,"tags=91%, list=72%, signal=318%",
GOBP_T_CELL_MEDIATED_IMMUNITY,GOBP_T_CELL_MEDIATED_IMMUNITY,,135,-0.12032209,-1.6232307,0.046747968,0.14893287,1.0,8839,"tags=60%, list=48%, signal=115%",
GOBP_INTRACELLULAR_LIPID_TRANSPORT,GOBP_INTRACELLULAR_LIPID_TRANSPORT,,47,-0.20054561,-1.6230663,0.041152265,0.14882556,1.0,13148,"tags=91%, list=71%, signal=320%",
GOBP_NEGATIVE_REGULATION_OF_INTERLEUKIN_1_PRODUCTION,GOBP_NEGATIVE_REGULATION_OF_INTERLEUKIN_1_PRODUCTION,,38,-0.21916825,-1.6225607,0.039014373,0.14894396,1.0,7110,"tags=61%, list=39%, signal=98%",
GOBP_MITOCHONDRIAL_TRANSMEMBRANE_TRANSPORT,GOBP_MITOCHONDRIAL_TRANSMEMBRANE_TRANSPORT,,102,-0.13492842,-1.6213726,0.03952569,0.14956316,1.0,11597,"tags=76%, list=63%, signal=206%",
GOBP_LYSOSOMAL_LUMEN_ACIDIFICATION,GOBP_LYSOSOMAL_LUMEN_ACIDIFICATION,,22,-0.2904894,-1.6207305,0.036259543,0.1498154,1.0,13056,"tags=100%, list=71%, signal=344%",
GOBP_CRISTAE_FORMATION,GOBP_CRISTAE_FORMATION,,20,-0.29552013,-1.6205771,0.035564855,0.14968783,1.0,12963,"tags=100%, list=70%, signal=338%",
GOBP_POSITIVE_REGULATION_OF_MACROPHAGE_CHEMOTAXIS,GOBP_POSITIVE_REGULATION_OF_MACROPHAGE_CHEMOTAXIS,,21,-0.28814062,-1.6198292,0.04192872,0.14998776,1.0,5217,"tags=57%, list=28%, signal=80%",
GOBP_HEMOSTASIS,GOBP_HEMOSTASIS,,249,-0.088920385,-1.6193829,0.04233871,0.15007758,1.0,4592,"tags=34%, list=25%, signal=44%",
GOBP_POSITIVE_REGULATION_OF_LEUKOCYTE_MIGRATION,GOBP_POSITIVE_REGULATION_OF_LEUKOCYTE_MIGRATION,,151,-0.11450711,-1.6149553,0.040935673,0.15317157,1.0,2297,"tags=24%, list=12%, signal=27%",
GOBP_CELLULAR_RESPONSE_TO_REACTIVE_NITROGEN_SPECIES,GOBP_CELLULAR_RESPONSE_TO_REACTIVE_NITROGEN_SPECIES,,18,-0.3093821,-1.6145282,0.036697246,0.15327083,1.0,11686,"tags=94%, list=64%, signal=259%",
GOBP_POSITIVE_REGULATION_OF_ESTABLISHMENT_OF_PROTEIN_LOCALIZATION,GOBP_POSITIVE_REGULATION_OF_ESTABLISHMENT_OF_PROTEIN_LOCALIZATION,,326,-0.07781682,-1.6141158,0.046092186,0.15336911,1.0,11232,"tags=69%, list=61%, signal=173%",
GOBP_REGULATION_OF_ERAD_PATHWAY,GOBP_REGULATION_OF_ERAD_PATHWAY,,25,-0.2668714,-1.6139475,0.041501977,0.15326226,1.0,12755,"tags=96%, list=69%, signal=313%",
GOBP_REGULATION_OF_DIGESTIVE_SYSTEM_PROCESS,GOBP_REGULATION_OF_DIGESTIVE_SYSTEM_PROCESS,,42,-0.21028782,-1.6133171,0.04291045,0.1534759,1.0,1397,"tags=29%, list=8%, signal=31%",
GOBP_NEGATIVE_REGULATION_OF_TYPE_I_INTERFERON_PRODUCTION,GOBP_NEGATIVE_REGULATION_OF_TYPE_I_INTERFERON_PRODUCTION,,46,-0.19880667,-1.6126055,0.035856575,0.15370905,1.0,6349,"tags=54%, list=35%, signal=83%",
GOBP_PROTEIN_TARGETING_TO_MITOCHONDRION,GOBP_PROTEIN_TARGETING_TO_MITOCHONDRION,,108,-0.13290781,-1.6110418,0.048523206,0.15459038,1.0,10002,"tags=68%, list=54%, signal=147%",
GOBP_REGULATION_OF_DNA_TEMPLATED_DNA_REPLICATION,GOBP_REGULATION_OF_DNA_TEMPLATED_DNA_REPLICATION,,42,-0.21160749,-1.6103102,0.034412954,0.15487906,1.0,7941,"tags=64%, list=43%, signal=113%",
GOBP_LIPOPOLYSACCHARIDE_MEDIATED_SIGNALING_PATHWAY,GOBP_LIPOPOLYSACCHARIDE_MEDIATED_SIGNALING_PATHWAY,,60,-0.17683521,-1.6093457,0.052525252,0.15542668,1.0,7181,"tags=57%, list=39%, signal=93%",
GOBP_PROTEIN_TARGETING_TO_VACUOLE,GOBP_PROTEIN_TARGETING_TO_VACUOLE,,45,-0.20890413,-1.6089886,0.030042918,0.1554388,1.0,12516,"tags=89%, list=68%, signal=278%",
GOBP_APOPTOTIC_MITOCHONDRIAL_CHANGES,GOBP_APOPTOTIC_MITOCHONDRIAL_CHANGES,,107,-0.13605891,-1.6089631,0.056112226,0.15520738,1.0,13498,"tags=87%, list=73%, signal=325%",
GOBP_REGULATION_OF_CD4_POSITIVE_ALPHA_BETA_T_CELL_DIFFERENTIATION,GOBP_REGULATION_OF_CD4_POSITIVE_ALPHA_BETA_T_CELL_DIFFERENTIATION,,63,-0.16746251,-1.608017,0.029106028,0.15567824,1.0,3354,"tags=35%, list=18%, signal=43%",
GOBP_PYRIMIDINE_RIBONUCLEOTIDE_BIOSYNTHETIC_PROCESS,GOBP_PYRIMIDINE_RIBONUCLEOTIDE_BIOSYNTHETIC_PROCESS,,24,-0.2741307,-1.6078553,0.037109375,0.1555572,1.0,7993,"tags=71%, list=43%, signal=125%",
GOBP_POSITIVE_REGULATION_OF_PHOSPHOLIPID_TRANSPORT,GOBP_POSITIVE_REGULATION_OF_PHOSPHOLIPID_TRANSPORT,,15,-0.33879334,-1.6066685,0.033333335,0.15624252,1.0,6036,"tags=67%, list=33%, signal=99%",
GOBP_REGULATION_OF_PROTEIN_TRANSPORT,GOBP_REGULATION_OF_PROTEIN_TRANSPORT,,440,-0.067186944,-1.6063854,0.0392562,0.15621896,1.0,8492,"tags=53%, list=46%, signal=96%",
GOBP_LEUKOCYTE_ADHESION_TO_VASCULAR_ENDOTHELIAL_CELL,GOBP_LEUKOCYTE_ADHESION_TO_VASCULAR_ENDOTHELIAL_CELL,,46,-0.19249171,-1.6052526,0.037656903,0.15687992,1.0,2067,"tags=30%, list=11%, signal=34%",
GOBP_INTRACELLULAR_STEROL_TRANSPORT,GOBP_INTRACELLULAR_STEROL_TRANSPORT,,33,-0.23114686,-1.6045684,0.039848197,0.1571492,1.0,13034,"tags=94%, list=71%, signal=322%",
GOBP_REGULATION_OF_TRANSPORTER_ACTIVITY,GOBP_REGULATION_OF_TRANSPORTER_ACTIVITY,,101,-0.13495933,-1.6043315,0.044265594,0.15707897,1.0,2449,"tags=27%, list=13%, signal=31%",
GOBP_POSITIVE_REGULATION_OF_B_CELL_DIFFERENTIATION,GOBP_POSITIVE_REGULATION_OF_B_CELL_DIFFERENTIATION,,18,-0.31347626,-1.6038073,0.043032788,0.15728633,1.0,3437,"tags=50%, list=19%, signal=61%",
GOBP_MITOCHONDRIAL_RIBOSOME_ASSEMBLY,GOBP_MITOCHONDRIAL_RIBOSOME_ASSEMBLY,,16,-0.3367211,-1.6034505,0.035940804,0.15734248,1.0,7607,"tags=75%, list=41%, signal=128%",
GOBP_REGULATION_OF_APPETITE,GOBP_REGULATION_OF_APPETITE,,24,-0.2678536,-1.6033564,0.035564855,0.15718699,1.0,7342,"tags=67%, list=40%, signal=111%",
GOBP_PROTEIN_ACYLATION,GOBP_PROTEIN_ACYLATION,,72,-0.15885071,-1.603347,0.064579256,0.15695159,1.0,13694,"tags=90%, list=74%, signal=352%",
GOBP_RESPONSE_TO_SALT,GOBP_RESPONSE_TO_SALT,,24,-0.27382672,-1.601458,0.044088177,0.15817222,1.0,6466,"tags=63%, list=35%, signal=96%",
GOBP_REGULATION_OF_MITOTIC_SISTER_CHROMATID_SEGREGATION,GOBP_REGULATION_OF_MITOTIC_SISTER_CHROMATID_SEGREGATION,,57,-0.17930734,-1.5988055,0.037656903,0.15995948,1.0,7361,"tags=58%, list=40%, signal=96%",
GOBP_RNA_3_END_PROCESSING,GOBP_RNA_3_END_PROCESSING,,92,-0.14202723,-1.5974594,0.042718448,0.1606513,1.0,11795,"tags=78%, list=64%, signal=217%",
GOBP_REGULATION_OF_MUSCLE_CONTRACTION,GOBP_REGULATION_OF_MUSCLE_CONTRACTION,,170,-0.10257136,-1.5971187,0.038,0.16069107,1.0,7003,"tags=48%, list=38%, signal=77%",
GOBP_LACTATION,GOBP_LACTATION,,40,-0.21773064,-1.5965973,0.052529182,0.16086112,1.0,11178,"tags=83%, list=61%, signal=210%",
GOBP_PROTEIN_DEACYLATION,GOBP_PROTEIN_DEACYLATION,,33,-0.23165856,-1.5965049,0.03469388,0.16067764,1.0,11910,"tags=88%, list=65%, signal=249%",
GOBP_PROTEIN_LOCALIZATION_TO_CHROMOSOME,GOBP_PROTEIN_LOCALIZATION_TO_CHROMOSOME,,127,-0.12341649,-1.5964667,0.046242774,0.1604636,1.0,14545,"tags=91%, list=79%, signal=434%",
GOBP_CELLULAR_RESPONSE_TO_PROSTAGLANDIN_E_STIMULUS,GOBP_CELLULAR_RESPONSE_TO_PROSTAGLANDIN_E_STIMULUS,,19,-0.30174065,-1.5961848,0.050583657,0.16042793,1.0,2201,"tags=42%, list=12%, signal=48%",
GOBP_CYTOKINESIS,GOBP_CYTOKINESIS,,188,-0.09943329,-1.5955005,0.031434186,0.16066086,1.0,14919,"tags=91%, list=81%, signal=477%",
GOBP_NEGATIVE_REGULATION_OF_CD4_POSITIVE_ALPHA_BETA_T_CELL_DIFFERENTIATION,GOBP_NEGATIVE_REGULATION_OF_CD4_POSITIVE_ALPHA_BETA_T_CELL_DIFFERENTIATION,,25,-0.26579982,-1.59499,0.056640625,0.16080706,1.0,3947,"tags=48%, list=21%, signal=61%",
GOBP_PYRIMIDINE_CONTAINING_COMPOUND_BIOSYNTHETIC_PROCESS,GOBP_PYRIMIDINE_CONTAINING_COMPOUND_BIOSYNTHETIC_PROCESS,,43,-0.20413858,-1.5942724,0.050200805,0.16114482,1.0,8231,"tags=65%, list=45%, signal=118%",
GOBP_POSITIVE_REGULATION_OF_TRANSPORTER_ACTIVITY,GOBP_POSITIVE_REGULATION_OF_TRANSPORTER_ACTIVITY,,43,-0.20290151,-1.5930291,0.03937008,0.16189104,1.0,7826,"tags=63%, list=43%, signal=109%",
GOBP_POSITIVE_REGULATION_OF_CELL_CELL_ADHESION,GOBP_POSITIVE_REGULATION_OF_CELL_CELL_ADHESION,,335,-0.0741474,-1.592775,0.051923078,0.16183487,1.0,5799,"tags=39%, list=32%, signal=56%",
GOBP_TRANSEPITHELIAL_TRANSPORT,GOBP_TRANSEPITHELIAL_TRANSPORT,,37,-0.22107412,-1.5916265,0.04684318,0.1623719,1.0,1411,"tags=30%, list=8%, signal=32%",
GOBP_KETONE_METABOLIC_PROCESS,GOBP_KETONE_METABOLIC_PROCESS,,219,-0.092562266,-1.588911,0.032119915,0.16426603,1.0,1846,"tags=19%, list=10%, signal=21%",
GOBP_ENDOTHELIAL_CELL_DIFFERENTIATION,GOBP_ENDOTHELIAL_CELL_DIFFERENTIATION,,117,-0.12567851,-1.5886787,0.056862745,0.16421618,1.0,4935,"tags=39%, list=27%, signal=53%",
GOBP_NEGATIVE_REGULATION_OF_RESPONSE_TO_WOUNDING,GOBP_NEGATIVE_REGULATION_OF_RESPONSE_TO_WOUNDING,,94,-0.13912232,-1.5884831,0.046464648,0.1641273,1.0,2738,"tags=29%, list=15%, signal=34%",
GOBP_REGULATION_OF_ALPHA_BETA_T_CELL_DIFFERENTIATION,GOBP_REGULATION_OF_ALPHA_BETA_T_CELL_DIFFERENTIATION,,81,-0.15168396,-1.5869393,0.052313883,0.16510507,1.0,3354,"tags=33%, list=18%, signal=41%",
GOBP_REGULATION_OF_INFLAMMATORY_RESPONSE_TO_ANTIGENIC_STIMULUS,GOBP_REGULATION_OF_INFLAMMATORY_RESPONSE_TO_ANTIGENIC_STIMULUS,,44,-0.20208281,-1.586652,0.047709923,0.16506776,1.0,3399,"tags=39%, list=18%, signal=47%",
GOBP_CELLULAR_DEFENSE_RESPONSE,GOBP_CELLULAR_DEFENSE_RESPONSE,,51,-0.19315752,-1.5850072,0.038,0.16612945,1.0,1507,"tags=27%, list=8%, signal=30%",
GOBP_ASPARTATE_FAMILY_AMINO_ACID_METABOLIC_PROCESS,GOBP_ASPARTATE_FAMILY_AMINO_ACID_METABOLIC_PROCESS,,37,-0.22377035,-1.5846851,0.06004141,0.16610798,1.0,5835,"tags=54%, list=32%, signal=79%",
GOBP_POSITIVE_REGULATION_OF_BLOOD_PRESSURE,GOBP_POSITIVE_REGULATION_OF_BLOOD_PRESSURE,,34,-0.22546454,-1.5818968,0.04483431,0.1679548,1.0,2894,"tags=38%, list=16%, signal=45%",
GOBP_NEGATIVE_REGULATION_OF_LEUKOCYTE_CELL_CELL_ADHESION,GOBP_NEGATIVE_REGULATION_OF_LEUKOCYTE_CELL_CELL_ADHESION,,145,-0.11254087,-1.5813434,0.06358381,0.16814604,1.0,7587,"tags=52%, list=41%, signal=89%",
GOBP_MODULATION_BY_HOST_OF_VIRAL_GENOME_REPLICATION,GOBP_MODULATION_BY_HOST_OF_VIRAL_GENOME_REPLICATION,,25,-0.26789066,-1.5805087,0.057471264,0.16856788,1.0,11265,"tags=88%, list=61%, signal=227%",
GOBP_ANAPHASE_PROMOTING_COMPLEX_DEPENDENT_CATABOLIC_PROCESS,GOBP_ANAPHASE_PROMOTING_COMPLEX_DEPENDENT_CATABOLIC_PROCESS,,24,-0.27198464,-1.5802615,0.058232933,0.1685147,1.0,9565,"tags=79%, list=52%, signal=165%",
GOBP_NEGATIVE_REGULATION_OF_DNA_REPAIR,GOBP_NEGATIVE_REGULATION_OF_DNA_REPAIR,,40,-0.21272954,-1.5789278,0.046747968,0.1693341,1.0,10810,"tags=80%, list=59%, signal=194%",
GOBP_AMIDE_TRANSPORT,GOBP_AMIDE_TRANSPORT,,332,-0.07537927,-1.5782771,0.034836065,0.16959903,1.0,4013,"tags=29%, list=22%, signal=37%",
GOBP_PHOSPHATIDYLSERINE_METABOLIC_PROCESS,GOBP_PHOSPHATIDYLSERINE_METABOLIC_PROCESS,,22,-0.2845159,-1.5776043,0.050583657,0.1698811,1.0,8150,"tags=73%, list=44%, signal=130%",
GOBP_MICROTUBULE_POLYMERIZATION_OR_DEPOLYMERIZATION,GOBP_MICROTUBULE_POLYMERIZATION_OR_DEPOLYMERIZATION,,145,-0.11479814,-1.5773686,0.048169557,0.16982892,1.0,9702,"tags=64%, list=53%, signal=135%",
GOBP_REGULATION_OF_HEPATOCYTE_PROLIFERATION,GOBP_REGULATION_OF_HEPATOCYTE_PROLIFERATION,,15,-0.33959875,-1.5758188,0.044,0.17075051,1.0,2343,"tags=47%, list=13%, signal=53%",
GOBP_REGULATION_OF_MEMBRANE_PERMEABILITY,GOBP_REGULATION_OF_MEMBRANE_PERMEABILITY,,68,-0.16093884,-1.5746418,0.048387095,0.17144096,1.0,10034,"tags=71%, list=55%, signal=155%",
GOBP_PROTEIN_TRANSMEMBRANE_IMPORT_INTO_INTRACELLULAR_ORGANELLE,GOBP_PROTEIN_TRANSMEMBRANE_IMPORT_INTO_INTRACELLULAR_ORGANELLE,,43,-0.20085706,-1.5731844,0.059183672,0.1723755,1.0,10002,"tags=74%, list=54%, signal=163%",
GOBP_PURINE_CONTAINING_COMPOUND_CATABOLIC_PROCESS,GOBP_PURINE_CONTAINING_COMPOUND_CATABOLIC_PROCESS,,159,-0.10552874,-1.5716945,0.035928145,0.17333692,1.0,11610,"tags=74%, list=63%, signal=198%",
GOBP_NEGATIVE_REGULATION_OF_MOLECULAR_FUNCTION,GOBP_NEGATIVE_REGULATION_OF_MOLECULAR_FUNCTION,,348,-0.0729235,-1.5685843,0.048,0.17554027,1.0,8832,"tags=55%, list=48%, signal=104%",
GOBP_TERTIARY_ALCOHOL_METABOLIC_PROCESS,GOBP_TERTIARY_ALCOHOL_METABOLIC_PROCESS,,21,-0.2814423,-1.5677443,0.048780486,0.17596634,1.0,1837,"tags=38%, list=10%, signal=42%",
GOBP_CD4_POSITIVE_ALPHA_BETA_T_CELL_DIFFERENTIATION,GOBP_CD4_POSITIVE_ALPHA_BETA_T_CELL_DIFFERENTIATION,,107,-0.1291334,-1.567648,0.048582997,0.17579566,1.0,7437,"tags=53%, list=40%, signal=89%",
GOBP_POSITIVE_REGULATION_OF_PROTEIN_SERINE_THREONINE_KINASE_ACTIVITY,GOBP_POSITIVE_REGULATION_OF_PROTEIN_SERINE_THREONINE_KINASE_ACTIVITY,,65,-0.16806555,-1.5673243,0.052419353,0.1758286,1.0,6258,"tags=51%, list=34%, signal=77%",
GOBP_PROTEIN_K6_LINKED_UBIQUITINATION,GOBP_PROTEIN_K6_LINKED_UBIQUITINATION,,16,-0.32232314,-1.5669639,0.048681542,0.1758704,1.0,9021,"tags=81%, list=49%, signal=159%",
GOBP_GLUTAMINE_FAMILY_AMINO_ACID_CATABOLIC_PROCESS,GOBP_GLUTAMINE_FAMILY_AMINO_ACID_CATABOLIC_PROCESS,,25,-0.26493955,-1.5660688,0.06,0.17638892,1.0,7641,"tags=68%, list=42%, signal=116%",
GOBP_NEGATIVE_REGULATION_OF_GENE_EXPRESSION_EPIGENETIC,GOBP_NEGATIVE_REGULATION_OF_GENE_EXPRESSION_EPIGENETIC,,192,-0.095749885,-1.5659057,0.048076924,0.17625467,1.0,14159,"tags=86%, list=77%, signal=372%",
GOBP_PROTEIN_AUTOUBIQUITINATION,GOBP_PROTEIN_AUTOUBIQUITINATION,,75,-0.15550847,-1.5659014,0.024489796,0.17600581,1.0,13582,"tags=89%, list=74%, signal=340%",
GOBP_CALCIUM_MEDIATED_SIGNALING,GOBP_CALCIUM_MEDIATED_SIGNALING,,236,-0.087843835,-1.5654289,0.047984645,0.17617357,1.0,5108,"tags=36%, list=28%, signal=50%",
GOBP_GLYCOPROTEIN_BIOSYNTHETIC_PROCESS,GOBP_GLYCOPROTEIN_BIOSYNTHETIC_PROCESS,,309,-0.076766595,-1.5653293,0.06404959,0.17599615,1.0,12302,"tags=74%, list=67%, signal=221%",
GOBP_PEPTIDE_TRANSPORT,GOBP_PEPTIDE_TRANSPORT,,286,-0.08030141,-1.5652031,0.059386972,0.1758398,1.0,4013,"tags=30%, list=22%, signal=37%",
GOBP_REGULATION_OF_VASCULOGENESIS,GOBP_REGULATION_OF_VASCULOGENESIS,,16,-0.33265647,-1.5648986,0.06431536,0.17583962,1.0,11130,"tags=94%, list=61%, signal=237%",
GOBP_POSITIVE_REGULATION_OF_PROTEIN_UBIQUITINATION,GOBP_POSITIVE_REGULATION_OF_PROTEIN_UBIQUITINATION,,106,-0.13284113,-1.5640527,0.05697446,0.17629994,1.0,13187,"tags=85%, list=72%, signal=298%",
GOBP_PROTEIN_LOCALIZATION_TO_CHROMOSOME_TELOMERIC_REGION,GOBP_PROTEIN_LOCALIZATION_TO_CHROMOSOME_TELOMERIC_REGION,,26,-0.25946093,-1.563741,0.06036217,0.17629272,1.0,13627,"tags=100%, list=74%, signal=385%",
GOBP_TRANSCRIPTION_BY_RNA_POLYMERASE_I,GOBP_TRANSCRIPTION_BY_RNA_POLYMERASE_I,,69,-0.16071595,-1.5635346,0.049603175,0.17624424,1.0,12782,"tags=86%, list=70%, signal=279%",
GOBP_NUCLEAR_EXPORT,GOBP_NUCLEAR_EXPORT,,167,-0.10433862,-1.5627422,0.04527559,0.17659448,1.0,11645,"tags=74%, list=63%, signal=199%",
GOBP_MICROTUBULE_ANCHORING,GOBP_MICROTUBULE_ANCHORING,,25,-0.26633126,-1.5623326,0.046092186,0.17670089,1.0,10558,"tags=84%, list=57%, signal=197%",
GOBP_CERAMIDE_CATABOLIC_PROCESS,GOBP_CERAMIDE_CATABOLIC_PROCESS,,22,-0.27497908,-1.560702,0.062240664,0.17776832,1.0,11669,"tags=91%, list=63%, signal=248%",
GOBP_REGULATION_OF_MITOCHONDRIAL_MEMBRANE_PERMEABILITY,GOBP_REGULATION_OF_MITOCHONDRIAL_MEMBRANE_PERMEABILITY,,54,-0.17720394,-1.5606514,0.04527559,0.17757612,1.0,10034,"tags=72%, list=55%, signal=158%",
GOBP_T_CELL_APOPTOTIC_PROCESS,GOBP_T_CELL_APOPTOTIC_PROCESS,,60,-0.16981705,-1.5599488,0.053608246,0.17791513,1.0,4551,"tags=42%, list=25%, signal=55%",
GOBP_REGULATION_OF_CELL_KILLING,GOBP_REGULATION_OF_CELL_KILLING,,112,-0.12722635,-1.5591347,0.049689442,0.178305,1.0,2930,"tags=29%, list=16%, signal=34%",
GOBP_RESPONSE_TO_MINERALOCORTICOID,GOBP_RESPONSE_TO_MINERALOCORTICOID,,36,-0.22269893,-1.5585647,0.06614786,0.17848389,1.0,4598,"tags=47%, list=25%, signal=63%",
GOBP_MITOCHONDRIAL_FUSION,GOBP_MITOCHONDRIAL_FUSION,,36,-0.22207996,-1.5582212,0.05882353,0.17848751,1.0,13294,"tags=94%, list=72%, signal=340%",
GOBP_REGULATION_OF_PROTEIN_TARGETING_TO_MEMBRANE,GOBP_REGULATION_OF_PROTEIN_TARGETING_TO_MEMBRANE,,32,-0.22915702,-1.5577561,0.0662768,0.17858249,1.0,7863,"tags=66%, list=43%, signal=114%",
GOBP_TUMOR_NECROSIS_FACTOR_MEDIATED_SIGNALING_PATHWAY,GOBP_TUMOR_NECROSIS_FACTOR_MEDIATED_SIGNALING_PATHWAY,,121,-0.12305229,-1.557601,0.05625,0.17844826,1.0,13104,"tags=83%, list=71%, signal=288%",
GOBP_PRIMARY_ALCOHOL_METABOLIC_PROCESS,GOBP_PRIMARY_ALCOHOL_METABOLIC_PROCESS,,101,-0.13478068,-1.5574288,0.049115915,0.17834511,1.0,1906,"tags=24%, list=10%, signal=26%",
GOBP_REGULATION_OF_MACROPHAGE_MIGRATION,GOBP_REGULATION_OF_MACROPHAGE_MIGRATION,,46,-0.19652669,-1.5562779,0.063872255,0.1789575,1.0,3992,"tags=41%, list=22%, signal=53%",
GOBP_REGULATION_OF_ALPHA_BETA_T_CELL_ACTIVATION,GOBP_REGULATION_OF_ALPHA_BETA_T_CELL_ACTIVATION,,122,-0.121769086,-1.5554777,0.04990403,0.17942403,1.0,3354,"tags=30%, list=18%, signal=37%",
GOBP_ORGANIC_ANION_TRANSPORT,GOBP_ORGANIC_ANION_TRANSPORT,,450,-0.06510335,-1.5553381,0.05816135,0.17929426,1.0,2879,"tags=22%, list=16%, signal=25%",
GOBP_POST_TRANSLATIONAL_PROTEIN_TARGETING_TO_ENDOPLASMIC_RETICULUM_MEMBRANE,GOBP_POST_TRANSLATIONAL_PROTEIN_TARGETING_TO_ENDOPLASMIC_RETICULUM_MEMBRANE,,16,-0.31846598,-1.555107,0.05490196,0.17924765,1.0,6793,"tags=69%, list=37%, signal=109%",
GOBP_OLEFINIC_COMPOUND_METABOLIC_PROCESS,GOBP_OLEFINIC_COMPOUND_METABOLIC_PROCESS,,163,-0.10594471,-1.5547938,0.04789272,0.17926677,1.0,1906,"tags=21%, list=10%, signal=23%",
GOBP_VIRAL_RELEASE_FROM_HOST_CELL,GOBP_VIRAL_RELEASE_FROM_HOST_CELL,,28,-0.23999736,-1.554782,0.035714287,0.17903149,1.0,10044,"tags=79%, list=55%, signal=173%",
GOBP_PEPTIDYL_AMINO_ACID_MODIFICATION,GOBP_PEPTIDYL_AMINO_ACID_MODIFICATION,,432,-0.06557606,-1.5544068,0.044088177,0.17911072,1.0,12872,"tags=76%, list=70%, signal=249%",
GOBP_MUSCLE_SYSTEM_PROCESS,GOBP_MUSCLE_SYSTEM_PROCESS,,449,-0.06400128,-1.554401,0.05498982,0.17887005,1.0,2621,"tags=20%, list=14%, signal=23%",
GOBP_NEGATIVE_REGULATION_OF_LIPID_METABOLIC_PROCESS,GOBP_NEGATIVE_REGULATION_OF_LIPID_METABOLIC_PROCESS,,103,-0.13119219,-1.5543866,0.05905512,0.1786348,1.0,5101,"tags=41%, list=28%, signal=56%",
GOBP_RENAL_SODIUM_ION_ABSORPTION,GOBP_RENAL_SODIUM_ION_ABSORPTION,,16,-0.32352042,-1.5537044,0.04496788,0.17893124,1.0,8999,"tags=81%, list=49%, signal=159%",
GOBP_POSITIVE_REGULATION_OF_AUTOPHAGOSOME_ASSEMBLY,GOBP_POSITIVE_REGULATION_OF_AUTOPHAGOSOME_ASSEMBLY,,20,-0.29475805,-1.553244,0.040899795,0.17904118,1.0,12977,"tags=100%, list=71%, signal=339%",
GOBP_ALPHA_BETA_T_CELL_ACTIVATION,GOBP_ALPHA_BETA_T_CELL_ACTIVATION,,198,-0.09533887,-1.5528904,0.048879836,0.17906788,1.0,7462,"tags=50%, list=41%, signal=83%",
GOBP_NEGATIVE_REGULATION_OF_CHROMOSOME_ORGANIZATION,GOBP_NEGATIVE_REGULATION_OF_CHROMOSOME_ORGANIZATION,,97,-0.13439481,-1.5521548,0.059642147,0.17948347,1.0,14227,"tags=91%, list=77%, signal=399%",
GOBP_POSITIVE_REGULATION_OF_GRANULOCYTE_CHEMOTAXIS,GOBP_POSITIVE_REGULATION_OF_GRANULOCYTE_CHEMOTAXIS,,27,-0.24588765,-1.5515908,0.03468208,0.17971547,1.0,2297,"tags=37%, list=12%, signal=42%",
GOBP_REGULATION_OF_LYMPHOCYTE_CHEMOTAXIS,GOBP_REGULATION_OF_LYMPHOCYTE_CHEMOTAXIS,,25,-0.26191005,-1.5512027,0.060784314,0.17978673,1.0,6961,"tags=64%, list=38%, signal=103%",
GOBP_MACROPHAGE_ACTIVATION_INVOLVED_IN_IMMUNE_RESPONSE,GOBP_MACROPHAGE_ACTIVATION_INVOLVED_IN_IMMUNE_RESPONSE,,20,-0.28727886,-1.5508536,0.048780486,0.1798467,1.0,5758,"tags=60%, list=31%, signal=87%",
GOBP_POSITIVE_REGULATION_OF_MONOATOMIC_ION_TRANSMEMBRANE_TRANSPORT,GOBP_POSITIVE_REGULATION_OF_MONOATOMIC_ION_TRANSMEMBRANE_TRANSPORT,,127,-0.11695916,-1.5502659,0.0499002,0.18007334,1.0,2354,"tags=24%, list=13%, signal=28%",
GOBP_REGULATION_OF_LYMPHOCYTE_APOPTOTIC_PROCESS,GOBP_REGULATION_OF_LYMPHOCYTE_APOPTOTIC_PROCESS,,62,-0.16594364,-1.5498575,0.050290134,0.18017936,1.0,2892,"tags=32%, list=16%, signal=38%",
GOBP_RESPONSE_TO_KETONE,GOBP_RESPONSE_TO_KETONE,,223,-0.09056725,-1.5496821,0.052738335,0.18007767,1.0,2809,"tags=24%, list=15%, signal=28%",
GOBP_RNA_POLYMERASE_II_TRANSCRIPTION_INITIATION_SURVEILLANCE,GOBP_RNA_POLYMERASE_II_TRANSCRIPTION_INITIATION_SURVEILLANCE,,19,-0.28837648,-1.5493842,0.0562249,0.18003863,1.0,12126,"tags=95%, list=66%, signal=278%",
GOBP_MHC_CLASS_II_BIOSYNTHETIC_PROCESS,GOBP_MHC_CLASS_II_BIOSYNTHETIC_PROCESS,,20,-0.28424147,-1.5464759,0.050980393,0.18216127,1.0,9492,"tags=80%, list=52%, signal=165%",
GOBP_UNSATURATED_FATTY_ACID_METABOLIC_PROCESS,GOBP_UNSATURATED_FATTY_ACID_METABOLIC_PROCESS,,115,-0.124598704,-1.5460908,0.05436893,0.18225305,1.0,5560,"tags=43%, list=30%, signal=61%",
GOBP_PROTEIN_LOCALIZATION_TO_SITE_OF_DOUBLE_STRAND_BREAK,GOBP_PROTEIN_LOCALIZATION_TO_SITE_OF_DOUBLE_STRAND_BREAK,,16,-0.31692857,-1.5455537,0.06521739,0.18246755,1.0,11419,"tags=94%, list=62%, signal=247%",
GOBP_FUCOSE_METABOLIC_PROCESS,GOBP_FUCOSE_METABOLIC_PROCESS,,15,-0.32504353,-1.5452121,0.05421687,0.18250386,1.0,12419,"tags=100%, list=68%, signal=308%",
GOBP_NEGATIVE_REGULATION_OF_CYTOKINE_PRODUCTION_INVOLVED_IN_IMMUNE_RESPONSE,GOBP_NEGATIVE_REGULATION_OF_CYTOKINE_PRODUCTION_INVOLVED_IN_IMMUNE_RESPONSE,,32,-0.22919618,-1.542786,0.057086613,0.18424855,1.0,8437,"tags=69%, list=46%, signal=127%",
GOBP_NEGATIVE_REGULATION_OF_LYMPHOCYTE_ACTIVATION,GOBP_NEGATIVE_REGULATION_OF_LYMPHOCYTE_ACTIVATION,,170,-0.102335684,-1.5424023,0.06483301,0.18435533,1.0,2680,"tags=25%, list=15%, signal=29%",
GOBP_RELAXATION_OF_MUSCLE,GOBP_RELAXATION_OF_MUSCLE,,31,-0.22985806,-1.54199,0.064453125,0.18443327,1.0,10019,"tags=77%, list=54%, signal=170%",
GOBP_KINETOCHORE_ASSEMBLY,GOBP_KINETOCHORE_ASSEMBLY,,17,-0.3109125,-1.538288,0.05427975,0.18725918,1.0,8352,"tags=76%, list=45%, signal=140%",
GOBP_PLATELET_MORPHOGENESIS,GOBP_PLATELET_MORPHOGENESIS,,27,-0.25112537,-1.5381606,0.06693712,0.18709429,1.0,7650,"tags=67%, list=42%, signal=114%",
GOBP_REGULATION_OF_POST_TRANSLATIONAL_PROTEIN_MODIFICATION,GOBP_REGULATION_OF_POST_TRANSLATIONAL_PROTEIN_MODIFICATION,,241,-0.08558164,-1.5378444,0.05544933,0.1871043,1.0,13481,"tags=82%, list=73%, signal=302%",
GOBP_HETEROCHROMATIN_FORMATION,GOBP_HETEROCHROMATIN_FORMATION,,145,-0.11382296,-1.5373003,0.052529182,0.18731043,1.0,14159,"tags=88%, list=77%, signal=381%",
GOBP_REGULATION_OF_LEUKOCYTE_CHEMOTAXIS,GOBP_REGULATION_OF_LEUKOCYTE_CHEMOTAXIS,,123,-0.11710825,-1.537198,0.042857144,0.1871369,1.0,3992,"tags=33%, list=22%, signal=42%",
GOBP_ENDOTHELIUM_DEVELOPMENT,GOBP_ENDOTHELIUM_DEVELOPMENT,,140,-0.111364156,-1.5370938,0.059793815,0.18697028,1.0,8609,"tags=58%, list=47%, signal=108%",
GOBP_POSITIVE_REGULATION_OF_LIPID_CATABOLIC_PROCESS,GOBP_POSITIVE_REGULATION_OF_LIPID_CATABOLIC_PROCESS,,27,-0.24995159,-1.5359716,0.074,0.18762797,1.0,9715,"tags=78%, list=53%, signal=165%",
GOBP_T_CELL_PROLIFERATION,GOBP_T_CELL_PROLIFERATION,,221,-0.08930783,-1.5344685,0.06105263,0.18868174,1.0,4786,"tags=35%, list=26%, signal=47%",
GOBP_NUCLEOSIDE_PHOSPHATE_CATABOLIC_PROCESS,GOBP_NUCLEOSIDE_PHOSPHATE_CATABOLIC_PROCESS,,185,-0.09949792,-1.5341443,0.05462185,0.18866524,1.0,11610,"tags=73%, list=63%, signal=196%",
GOBP_NEUTRAL_LIPID_CATABOLIC_PROCESS,GOBP_NEUTRAL_LIPID_CATABOLIC_PROCESS,,42,-0.20021722,-1.5341223,0.051502146,0.18842869,1.0,8150,"tags=64%, list=44%, signal=115%",
GOBP_BIOLOGICAL_PROCESS_INVOLVED_IN_INTERACTION_WITH_SYMBIONT,GOBP_BIOLOGICAL_PROCESS_INVOLVED_IN_INTERACTION_WITH_SYMBIONT,,38,-0.20828232,-1.532572,0.054580897,0.18949006,1.0,3438,"tags=39%, list=19%, signal=48%",
GOBP_GLYCEROPHOSPHOLIPID_CATABOLIC_PROCESS,GOBP_GLYCEROPHOSPHOLIPID_CATABOLIC_PROCESS,,33,-0.22312294,-1.5315055,0.05691057,0.19012833,1.0,12624,"tags=91%, list=69%, signal=289%",
GOBP_REGULATION_OF_SPHINGOLIPID_BIOSYNTHETIC_PROCESS,GOBP_REGULATION_OF_SPHINGOLIPID_BIOSYNTHETIC_PROCESS,,15,-0.325312,-1.5314808,0.070866145,0.18989679,1.0,11188,"tags=93%, list=61%, signal=238%",
GOBP_LYSOSOMAL_MEMBRANE_ORGANIZATION,GOBP_LYSOSOMAL_MEMBRANE_ORGANIZATION,,15,-0.3285082,-1.5312543,0.06029106,0.18985339,1.0,6225,"tags=67%, list=34%, signal=101%",
GOBP_REGULATION_OF_LYMPHOCYTE_MIGRATION,GOBP_REGULATION_OF_LYMPHOCYTE_MIGRATION,,72,-0.15156321,-1.5301605,0.052313883,0.19049057,1.0,4632,"tags=40%, list=25%, signal=54%",
GOBP_NEGATIVE_REGULATION_OF_CELL_ACTIVATION,GOBP_NEGATIVE_REGULATION_OF_CELL_ACTIVATION,,219,-0.08825864,-1.5297716,0.05487805,0.19061172,1.0,2680,"tags=23%, list=15%, signal=27%",
GOBP_POSTREPLICATION_REPAIR,GOBP_POSTREPLICATION_REPAIR,,37,-0.2094278,-1.5294123,0.057142857,0.19065782,1.0,13057,"tags=92%, list=71%, signal=316%",
GOBP_REGULATION_OF_PHAGOCYTOSIS,GOBP_REGULATION_OF_PHAGOCYTOSIS,,101,-0.12866686,-1.5288038,0.06896552,0.19089127,1.0,2382,"tags=26%, list=13%, signal=29%",
GOBP_NEGATIVE_REGULATION_OF_TORC1_SIGNALING,GOBP_NEGATIVE_REGULATION_OF_TORC1_SIGNALING,,49,-0.18578528,-1.5280252,0.07453416,0.19123046,1.0,14609,"tags=98%, list=79%, signal=475%",
GOBP_MACROPHAGE_MIGRATION,GOBP_MACROPHAGE_MIGRATION,,60,-0.1668694,-1.5278432,0.058708414,0.19116746,1.0,3992,"tags=38%, list=22%, signal=49%",
GOBP_NEGATIVE_REGULATION_OF_TYPE_I_INTERFERON_MEDIATED_SIGNALING_PATHWAY,GOBP_NEGATIVE_REGULATION_OF_TYPE_I_INTERFERON_MEDIATED_SIGNALING_PATHWAY,,22,-0.2722002,-1.5278168,0.056640625,0.19093412,1.0,12556,"tags=95%, list=68%, signal=300%",
GOBP_REGULATION_OF_PROGRAMMED_NECROTIC_CELL_DEATH,GOBP_REGULATION_OF_PROGRAMMED_NECROTIC_CELL_DEATH,,32,-0.23526779,-1.5276957,0.05893186,0.19079997,1.0,13498,"tags=97%, list=73%, signal=363%",
GOBP_POSITIVE_REGULATION_OF_UBIQUITIN_DEPENDENT_PROTEIN_CATABOLIC_PROCESS,GOBP_POSITIVE_REGULATION_OF_UBIQUITIN_DEPENDENT_PROTEIN_CATABOLIC_PROCESS,,108,-0.12504128,-1.5274631,0.057654075,0.19078006,1.0,14403,"tags=91%, list=78%, signal=416%",
GOBP_DIACYLGLYCEROL_METABOLIC_PROCESS,GOBP_DIACYLGLYCEROL_METABOLIC_PROCESS,,26,-0.24832769,-1.5267128,0.063872255,0.19120562,1.0,6758,"tags=62%, list=37%, signal=97%",
GOBP_REGULATION_OF_PROTEIN_CONTAINING_COMPLEX_DISASSEMBLY,GOBP_REGULATION_OF_PROTEIN_CONTAINING_COMPLEX_DISASSEMBLY,,133,-0.11470387,-1.5259237,0.06732673,0.19160478,1.0,11458,"tags=74%, list=62%, signal=194%",
GOBP_POSITIVE_REGULATION_OF_T_CELL_APOPTOTIC_PROCESS,GOBP_POSITIVE_REGULATION_OF_T_CELL_APOPTOTIC_PROCESS,,15,-0.31658322,-1.523119,0.06680162,0.19374333,1.0,3992,"tags=53%, list=22%, signal=68%",
GOBP_INTRACILIARY_TRANSPORT,GOBP_INTRACILIARY_TRANSPORT,,50,-0.18537158,-1.5227091,0.062,0.19384292,1.0,13153,"tags=90%, list=72%, signal=315%",
GOBP_REGULATION_OF_PROTEOLYSIS,GOBP_REGULATION_OF_PROTEOLYSIS,,384,-0.06737121,-1.522548,0.056112226,0.19373447,1.0,13970,"tags=83%, list=76%, signal=336%",
GOBP_NEGATIVE_REGULATION_OF_DOUBLE_STRAND_BREAK_REPAIR_VIA_HOMOLOGOUS_RECOMBINATION,GOBP_NEGATIVE_REGULATION_OF_DOUBLE_STRAND_BREAK_REPAIR_VIA_HOMOLOGOUS_RECOMBINATION,,26,-0.24766172,-1.5219768,0.07414449,0.19397232,1.0,12429,"tags=92%, list=68%, signal=284%",
GOBP_CELL_CYCLE_DNA_REPLICATION,GOBP_CELL_CYCLE_DNA_REPLICATION,,47,-0.18432255,-1.521182,0.065298505,0.19439442,1.0,12663,"tags=87%, list=69%, signal=279%",
GOBP_LYMPHOCYTE_APOPTOTIC_PROCESS,GOBP_LYMPHOCYTE_APOPTOTIC_PROCESS,,84,-0.14138812,-1.5207704,0.062248997,0.1945307,1.0,3324,"tags=32%, list=18%, signal=39%",
GOBP_PLATELET_AGGREGATION,GOBP_PLATELET_AGGREGATION,,78,-0.14681809,-1.5204155,0.057082452,0.19456062,1.0,4150,"tags=37%, list=23%, signal=48%",
GOBP_MAMMARY_GLAND_ALVEOLUS_DEVELOPMENT,GOBP_MAMMARY_GLAND_ALVEOLUS_DEVELOPMENT,,20,-0.29024276,-1.519298,0.060606062,0.19527556,1.0,4784,"tags=55%, list=26%, signal=74%",
GOBP_CELLULAR_RESPONSE_TO_TOXIC_SUBSTANCE,GOBP_CELLULAR_RESPONSE_TO_TOXIC_SUBSTANCE,,134,-0.11053663,-1.5186362,0.037848607,0.19560084,1.0,4708,"tags=37%, list=26%, signal=49%",
GOBP_REGULATION_OF_PROTEIN_CONTAINING_COMPLEX_ASSEMBLY,GOBP_REGULATION_OF_PROTEIN_CONTAINING_COMPLEX_ASSEMBLY,,432,-0.06420526,-1.5179104,0.06185567,0.19604395,1.0,6894,"tags=44%, list=37%, signal=68%",
GOBP_MICROVILLUS_ORGANIZATION,GOBP_MICROVILLUS_ORGANIZATION,,31,-0.22764955,-1.5164222,0.072,0.19710122,1.0,6500,"tags=58%, list=35%, signal=90%",
GOBP_NEGATIVE_REGULATION_OF_DNA_METABOLIC_PROCESS,GOBP_NEGATIVE_REGULATION_OF_DNA_METABOLIC_PROCESS,,133,-0.11445184,-1.5161947,0.058380414,0.19703832,1.0,14643,"tags=91%, list=80%, signal=443%",
GOBP_MONOSACCHARIDE_CATABOLIC_PROCESS,GOBP_MONOSACCHARIDE_CATABOLIC_PROCESS,,53,-0.17820919,-1.516049,0.06614786,0.19690219,1.0,13736,"tags=92%, list=75%, signal=364%",
GOBP_REGULATION_OF_VASCULATURE_DEVELOPMENT,GOBP_REGULATION_OF_VASCULATURE_DEVELOPMENT,,301,-0.07287927,-1.5151995,0.07042254,0.19739744,1.0,1371,"tags=15%, list=7%, signal=16%",
GOBP_RESPONSE_TO_L_LEUCINE,GOBP_RESPONSE_TO_L_LEUCINE,,15,-0.32748875,-1.5151317,0.07157895,0.19720986,1.0,11148,"tags=93%, list=61%, signal=237%",
GOBP_REGULATION_OF_RESPONSE_TO_TYPE_II_INTERFERON,GOBP_REGULATION_OF_RESPONSE_TO_TYPE_II_INTERFERON,,15,-0.31943113,-1.514517,0.07113821,0.19753014,1.0,10070,"tags=87%, list=55%, signal=191%",
GOBP_RESPONSE_TO_X_RAY,GOBP_RESPONSE_TO_X_RAY,,30,-0.23315541,-1.514013,0.060215052,0.1977254,1.0,13498,"tags=97%, list=73%, signal=363%",
GOBP_REGULATION_OF_FATTY_ACID_TRANSPORT,GOBP_REGULATION_OF_FATTY_ACID_TRANSPORT,,31,-0.22555347,-1.5139322,0.058601134,0.19753993,1.0,7725,"tags=65%, list=42%, signal=111%",
GOBP_POSITIVE_REGULATION_OF_VACUOLE_ORGANIZATION,GOBP_POSITIVE_REGULATION_OF_VACUOLE_ORGANIZATION,,25,-0.2504824,-1.5136358,0.06543967,0.19755559,1.0,13056,"tags=96%, list=71%, signal=330%",
GOBP_PHOSPHATIDYLINOSITOL_MEDIATED_SIGNALING,GOBP_PHOSPHATIDYLINOSITOL_MEDIATED_SIGNALING,,24,-0.25667864,-1.5132334,0.06720977,0.19767465,1.0,12145,"tags=92%, list=66%, signal=270%",
GOBP_NEGATIVE_REGULATION_OF_SYSTEMIC_ARTERIAL_BLOOD_PRESSURE,GOBP_NEGATIVE_REGULATION_OF_SYSTEMIC_ARTERIAL_BLOOD_PRESSURE,,23,-0.26446512,-1.5123359,0.056962024,0.19824755,1.0,3939,"tags=48%, list=21%, signal=61%",
GOBP_INTERLEUKIN_1_MEDIATED_SIGNALING_PATHWAY,GOBP_INTERLEUKIN_1_MEDIATED_SIGNALING_PATHWAY,,32,-0.2257646,-1.512053,0.050880626,0.19821732,1.0,8500,"tags=69%, list=46%, signal=128%",
GOBP_NEGATIVE_REGULATION_OF_NEURON_PROJECTION_REGENERATION,GOBP_NEGATIVE_REGULATION_OF_NEURON_PROJECTION_REGENERATION,,16,-0.3169966,-1.5116944,0.06693712,0.19830392,1.0,6820,"tags=69%, list=37%, signal=109%",
GOBP_GPI_ANCHOR_METABOLIC_PROCESS,GOBP_GPI_ANCHOR_METABOLIC_PROCESS,,31,-0.23086831,-1.5113945,0.06930693,0.19830422,1.0,13560,"tags=97%, list=74%, signal=368%",
GOBP_INTESTINAL_LIPID_ABSORPTION,GOBP_INTESTINAL_LIPID_ABSORPTION,,24,-0.25776303,-1.5100727,0.0703125,0.199219,1.0,1397,"tags=33%, list=8%, signal=36%",
GOBP_GLYCOSAMINOGLYCAN_CATABOLIC_PROCESS,GOBP_GLYCOSAMINOGLYCAN_CATABOLIC_PROCESS,,26,-0.2491968,-1.5098172,0.07663552,0.19919065,1.0,4620,"tags=50%, list=25%, signal=67%",
GOBP_REGULATION_OF_HUMORAL_IMMUNE_RESPONSE,GOBP_REGULATION_OF_HUMORAL_IMMUNE_RESPONSE,,46,-0.19323353,-1.5097582,0.057377048,0.19899799,1.0,2853,"tags=35%, list=16%, signal=41%",
GOBP_POSITIVE_REGULATION_OF_LEUKOCYTE_CHEMOTAXIS,GOBP_POSITIVE_REGULATION_OF_LEUKOCYTE_CHEMOTAXIS,,96,-0.12740673,-1.5083462,0.06666667,0.2000387,1.0,3992,"tags=34%, list=22%, signal=44%",
GOBP_VESICLE_MEDIATED_TRANSPORT_BETWEEN_ENDOSOMAL_COMPARTMENTS,GOBP_VESICLE_MEDIATED_TRANSPORT_BETWEEN_ENDOSOMAL_COMPARTMENTS,,47,-0.18641031,-1.5074116,0.07170542,0.20065197,1.0,13016,"tags=89%, list=71%, signal=305%",
GOBP_SYNAPTIC_VESICLE_LOCALIZATION,GOBP_SYNAPTIC_VESICLE_LOCALIZATION,,62,-0.15909038,-1.5073284,0.06029106,0.20048277,1.0,13103,"tags=87%, list=71%, signal=302%",
GOBP_POSITIVE_REGULATION_OF_CHEMOTAXIS,GOBP_POSITIVE_REGULATION_OF_CHEMOTAXIS,,144,-0.10704991,-1.5038358,0.07017544,0.2034491,1.0,5072,"tags=38%, list=28%, signal=52%",
GOBP_SISTER_CHROMATID_COHESION,GOBP_SISTER_CHROMATID_COHESION,,61,-0.16372068,-1.5035108,0.06990291,0.20349552,1.0,15391,"tags=100%, list=84%, signal=611%",
GOBP_SYNAPTIC_VESICLE_RECYCLING,GOBP_SYNAPTIC_VESICLE_RECYCLING,,87,-0.13710275,-1.5033354,0.058490567,0.20338528,1.0,12923,"tags=84%, list=70%, signal=281%",
GOBP_POSITIVE_REGULATION_OF_TRANSCRIPTION_BY_RNA_POLYMERASE_III,GOBP_POSITIVE_REGULATION_OF_TRANSCRIPTION_BY_RNA_POLYMERASE_III,,18,-0.30061018,-1.5028799,0.07514451,0.20359035,1.0,8782,"tags=78%, list=48%, signal=149%",
GOBP_MITOCHONDRIAL_RNA_METABOLIC_PROCESS,GOBP_MITOCHONDRIAL_RNA_METABOLIC_PROCESS,,55,-0.17436935,-1.5024918,0.07968128,0.20371255,1.0,14526,"tags=96%, list=79%, signal=457%",
GOBP_PHOSPHATE_ION_TRANSMEMBRANE_TRANSPORT,GOBP_PHOSPHATE_ION_TRANSMEMBRANE_TRANSPORT,,15,-0.31670293,-1.5013705,0.07429719,0.20442522,1.0,7668,"tags=73%, list=42%, signal=126%",
GOBP_RESPONSE_TO_MISFOLDED_PROTEIN,GOBP_RESPONSE_TO_MISFOLDED_PROTEIN,,20,-0.27826738,-1.5003722,0.072407044,0.20505747,1.0,5004,"tags=55%, list=27%, signal=75%",
GOBP_REGULATION_OF_ENDOPLASMIC_RETICULUM_STRESS_INDUCED_INTRINSIC_APOPTOTIC_SIGNALING_PATHWAY,GOBP_REGULATION_OF_ENDOPLASMIC_RETICULUM_STRESS_INDUCED_INTRINSIC_APOPTOTIC_SIGNALING_PATHWAY,,35,-0.21048625,-1.5000594,0.057654075,0.20508455,1.0,6121,"tags=54%, list=33%, signal=81%",
GOBP_ORGANIC_ACID_TRANSPORT,GOBP_ORGANIC_ACID_TRANSPORT,,348,-0.0689531,-1.4999161,0.08782435,0.20497428,1.0,2879,"tags=22%, list=16%, signal=26%",
GOBP_PYRIMIDINE_CONTAINING_COMPOUND_METABOLIC_PROCESS,GOBP_PYRIMIDINE_CONTAINING_COMPOUND_METABOLIC_PROCESS,,80,-0.14320694,-1.4968034,0.067961164,0.20749393,1.0,9103,"tags=64%, list=49%, signal=126%",
GOBP_REGULATION_OF_THE_FORCE_OF_HEART_CONTRACTION,GOBP_REGULATION_OF_THE_FORCE_OF_HEART_CONTRACTION,,26,-0.2391275,-1.4958439,0.07933194,0.20809245,1.0,9049,"tags=73%, list=49%, signal=144%",
GOBP_SNRNA_3_END_PROCESSING,GOBP_SNRNA_3_END_PROCESSING,,23,-0.2631514,-1.4939945,0.091649696,0.20963007,1.0,10360,"tags=83%, list=56%, signal=189%",
GOBP_POSITIVE_REGULATION_OF_ACTIVATED_T_CELL_PROLIFERATION,GOBP_POSITIVE_REGULATION_OF_ACTIVATED_T_CELL_PROLIFERATION,,26,-0.24386056,-1.4932537,0.07258064,0.21012324,1.0,4718,"tags=50%, list=26%, signal=67%",
GOBP_PHOSPHATIDYLINOSITOL_PHOSPHATE_BIOSYNTHETIC_PROCESS,GOBP_PHOSPHATIDYLINOSITOL_PHOSPHATE_BIOSYNTHETIC_PROCESS,,54,-0.17119807,-1.4932226,0.08086785,0.20989296,1.0,11847,"tags=81%, list=64%, signal=228%",
GOBP_PROTEIN_AUTOPROCESSING,GOBP_PROTEIN_AUTOPROCESSING,,25,-0.24799737,-1.4931135,0.079457365,0.2097341,1.0,12366,"tags=92%, list=67%, signal=280%",
GOBP_ENDOLYSOSOMAL_TOLL_LIKE_RECEPTOR_SIGNALING_PATHWAY,GOBP_ENDOLYSOSOMAL_TOLL_LIKE_RECEPTOR_SIGNALING_PATHWAY,,52,-0.17675342,-1.4928232,0.08232932,0.2097428,1.0,4894,"tags=44%, list=27%, signal=60%",
GOBP_CELLULAR_EXTRAVASATION,GOBP_CELLULAR_EXTRAVASATION,,73,-0.14852598,-1.4927869,0.065891474,0.20951809,1.0,2067,"tags=26%, list=11%, signal=29%",
GOBP_TRANSLATIONAL_INITIATION,GOBP_TRANSLATIONAL_INITIATION,,123,-0.11581495,-1.4918708,0.06837607,0.21010992,1.0,10445,"tags=68%, list=57%, signal=157%",
GOBP_PROTEIN_N_LINKED_GLYCOSYLATION_VIA_ASPARAGINE,GOBP_PROTEIN_N_LINKED_GLYCOSYLATION_VIA_ASPARAGINE,,43,-0.18852317,-1.4913971,0.07378641,0.21030766,1.0,10656,"tags=77%, list=58%, signal=182%",
GOBP_HOMEOSTASIS_OF_NUMBER_OF_CELLS,GOBP_HOMEOSTASIS_OF_NUMBER_OF_CELLS,,356,-0.067751065,-1.4909415,0.0781893,0.21054165,1.0,12779,"tags=76%, list=69%, signal=245%",
GOBP_CELLULAR_RESPONSE_TO_OXYGEN_RADICAL,GOBP_CELLULAR_RESPONSE_TO_OXYGEN_RADICAL,,22,-0.2657392,-1.4905576,0.054158606,0.21067898,1.0,6823,"tags=64%, list=37%, signal=101%",
GOBP_REGULATION_OF_T_HELPER_17_TYPE_IMMUNE_RESPONSE,GOBP_REGULATION_OF_T_HELPER_17_TYPE_IMMUNE_RESPONSE,,38,-0.2069187,-1.4903426,0.07660455,0.2106097,1.0,3947,"tags=42%, list=21%, signal=54%",
GOBP_REGULATION_OF_SPINDLE_CHECKPOINT,GOBP_REGULATION_OF_SPINDLE_CHECKPOINT,,24,-0.2510231,-1.4889163,0.07878788,0.21169047,1.0,9950,"tags=79%, list=54%, signal=172%",
GOBP_RESPONSE_TO_EPIDERMAL_GROWTH_FACTOR,GOBP_RESPONSE_TO_EPIDERMAL_GROWTH_FACTOR,,52,-0.17566913,-1.4880418,0.06012024,0.21218823,1.0,11280,"tags=79%, list=61%, signal=203%",
GOBP_GOLGI_TO_VACUOLE_TRANSPORT,GOBP_GOLGI_TO_VACUOLE_TRANSPORT,,19,-0.28903252,-1.4876264,0.057259712,0.21234222,1.0,11146,"tags=89%, list=61%, signal=227%",
GOBP_PROSTAGLANDIN_TRANSPORT,GOBP_PROSTAGLANDIN_TRANSPORT,,28,-0.23380283,-1.4876124,0.082105264,0.21210004,1.0,5560,"tags=54%, list=30%, signal=77%",
GOBP_THIOESTER_BIOSYNTHETIC_PROCESS,GOBP_THIOESTER_BIOSYNTHETIC_PROCESS,,50,-0.1776479,-1.485624,0.073469386,0.21364789,1.0,8513,"tags=64%, list=46%, signal=119%",
GOBP_MEMBRANE_LIPID_CATABOLIC_PROCESS,GOBP_MEMBRANE_LIPID_CATABOLIC_PROCESS,,50,-0.17603293,-1.4854323,0.08453608,0.21356314,1.0,11853,"tags=82%, list=64%, signal=230%",
GOBP_REGULATION_OF_TISSUE_REMODELING,GOBP_REGULATION_OF_TISSUE_REMODELING,,70,-0.1541619,-1.4853121,0.06122449,0.2133985,1.0,4533,"tags=40%, list=25%, signal=53%",
GOBP_POSITIVE_REGULATION_OF_CALCIUM_ION_TRANSPORT,GOBP_POSITIVE_REGULATION_OF_CALCIUM_ION_TRANSPORT,,107,-0.12190427,-1.4844264,0.069815196,0.2139659,1.0,4991,"tags=39%, list=27%, signal=54%",
GOBP_POSITIVE_REGULATION_OF_SODIUM_ION_TRANSMEMBRANE_TRANSPORT,GOBP_POSITIVE_REGULATION_OF_SODIUM_ION_TRANSMEMBRANE_TRANSPORT,,19,-0.2800257,-1.4837532,0.07984032,0.21437304,1.0,1632,"tags=37%, list=9%, signal=40%",
GOBP_NEGATIVE_REGULATION_OF_CHROMOSOME_SEGREGATION,GOBP_NEGATIVE_REGULATION_OF_CHROMOSOME_SEGREGATION,,52,-0.1722915,-1.4827869,0.06090373,0.21501873,1.0,14525,"tags=96%, list=79%, signal=456%",
GOBP_CELLULAR_RESPONSE_TO_HYDROGEN_PEROXIDE,GOBP_CELLULAR_RESPONSE_TO_HYDROGEN_PEROXIDE,,69,-0.1532212,-1.4824809,0.07692308,0.21503264,1.0,14252,"tags=93%, list=77%, signal=411%",
GOBP_CHROMOSOME_CONDENSATION,GOBP_CHROMOSOME_CONDENSATION,,42,-0.19293253,-1.4824712,0.073446326,0.21478274,1.0,14414,"tags=98%, list=78%, signal=450%",
GOBP_RENAL_ABSORPTION,GOBP_RENAL_ABSORPTION,,40,-0.19698925,-1.4817536,0.06404959,0.21520174,1.0,4662,"tags=45%, list=25%, signal=60%",
GOBP_ALCOHOL_BIOSYNTHETIC_PROCESS,GOBP_ALCOHOL_BIOSYNTHETIC_PROCESS,,138,-0.106812306,-1.4809475,0.09,0.21565963,1.0,8313,"tags=56%, list=45%, signal=101%",
GOBP_NEGATIVE_REGULATION_OF_SMALL_MOLECULE_METABOLIC_PROCESS,GOBP_NEGATIVE_REGULATION_OF_SMALL_MOLECULE_METABOLIC_PROCESS,,117,-0.11703188,-1.480167,0.07884616,0.21617046,1.0,2578,"tags=26%, list=14%, signal=30%",
GOBP_POSITIVE_REGULATION_OF_ANTIGEN_RECEPTOR_MEDIATED_SIGNALING_PATHWAY,GOBP_POSITIVE_REGULATION_OF_ANTIGEN_RECEPTOR_MEDIATED_SIGNALING_PATHWAY,,26,-0.24310035,-1.4800745,0.08387097,0.21598892,1.0,6854,"tags=62%, list=37%, signal=98%",
GOBP_IMMUNE_SYSTEM_DEVELOPMENT,GOBP_IMMUNE_SYSTEM_DEVELOPMENT,,210,-0.08676246,-1.4800172,0.07114624,0.21578196,1.0,11560,"tags=71%, list=63%, signal=190%",
GOBP_POSITIVE_REGULATION_OF_MHC_CLASS_II_BIOSYNTHETIC_PROCESS,GOBP_POSITIVE_REGULATION_OF_MHC_CLASS_II_BIOSYNTHETIC_PROCESS,,15,-0.31358293,-1.4799298,0.07936508,0.21561493,1.0,1595,"tags=40%, list=9%, signal=44%",
GOBP_POSITIVE_REGULATION_OF_LIPID_LOCALIZATION,GOBP_POSITIVE_REGULATION_OF_LIPID_LOCALIZATION,,101,-0.12799886,-1.4798462,0.07905138,0.21543732,1.0,6036,"tags=46%, list=33%, signal=67%",
GOBP_NATURAL_KILLER_CELL_ACTIVATION_INVOLVED_IN_IMMUNE_RESPONSE,GOBP_NATURAL_KILLER_CELL_ACTIVATION_INVOLVED_IN_IMMUNE_RESPONSE,,17,-0.29110506,-1.4792377,0.06743738,0.21577704,1.0,2225,"tags=41%, list=12%, signal=47%",
GOBP_VACUOLAR_ACIDIFICATION,GOBP_VACUOLAR_ACIDIFICATION,,34,-0.21140195,-1.478426,0.068359375,0.21629584,1.0,10184,"tags=76%, list=55%, signal=171%",
GOBP_2_OXOGLUTARATE_METABOLIC_PROCESS,GOBP_2_OXOGLUTARATE_METABOLIC_PROCESS,,18,-0.28710303,-1.4771565,0.077380955,0.21722649,1.0,5965,"tags=61%, list=32%, signal=90%",
GOBP_PHOSPHATIDYLCHOLINE_CATABOLIC_PROCESS,GOBP_PHOSPHATIDYLCHOLINE_CATABOLIC_PROCESS,,16,-0.31385714,-1.4769703,0.06910569,0.21715651,1.0,10326,"tags=88%, list=56%, signal=199%",
GOBP_SULFUR_COMPOUND_CATABOLIC_PROCESS,GOBP_SULFUR_COMPOUND_CATABOLIC_PROCESS,,45,-0.18455124,-1.4765041,0.084812626,0.21736915,1.0,4789,"tags=44%, list=26%, signal=60%",
GOBP_RESPONSE_TO_INTERLEUKIN_4,GOBP_RESPONSE_TO_INTERLEUKIN_4,,39,-0.19820517,-1.4764218,0.08221798,0.21719362,1.0,3437,"tags=38%, list=19%, signal=47%",
GOBP_VIRAL_TRANSCRIPTION,GOBP_VIRAL_TRANSCRIPTION,,53,-0.17297415,-1.4753723,0.09885932,0.21798842,1.0,13832,"tags=92%, list=75%, signal=372%",
GOBP_MITOCHONDRIAL_DNA_METABOLIC_PROCESS,GOBP_MITOCHONDRIAL_DNA_METABOLIC_PROCESS,,23,-0.25083557,-1.475074,0.07368421,0.2180209,1.0,8987,"tags=74%, list=49%, signal=144%",
GOBP_RESPONSE_TO_OXYGEN_RADICAL,GOBP_RESPONSE_TO_OXYGEN_RADICAL,,26,-0.24250138,-1.475032,0.072407044,0.2178129,1.0,6865,"tags=62%, list=37%, signal=98%",
GOBP_REGULATION_OF_CD4_POSITIVE_ALPHA_BETA_T_CELL_ACTIVATION,GOBP_REGULATION_OF_CD4_POSITIVE_ALPHA_BETA_T_CELL_ACTIVATION,,84,-0.13974941,-1.4737499,0.072186835,0.21878956,1.0,3354,"tags=32%, list=18%, signal=39%",
GOBP_TRNA_WOBBLE_URIDINE_MODIFICATION,GOBP_TRNA_WOBBLE_URIDINE_MODIFICATION,,17,-0.294902,-1.4730831,0.07514451,0.21914016,1.0,9728,"tags=82%, list=53%, signal=175%",
GOBP_NAD_METABOLIC_PROCESS,GOBP_NAD_METABOLIC_PROCESS,,37,-0.20446092,-1.4728332,0.08722109,0.21913983,1.0,11657,"tags=84%, list=63%, signal=228%",
GOBP_POSITIVE_REGULATION_OF_MITOCHONDRIAL_MEMBRANE_PERMEABILITY,GOBP_POSITIVE_REGULATION_OF_MITOCHONDRIAL_MEMBRANE_PERMEABILITY,,41,-0.19396956,-1.4725667,0.08979592,0.21916796,1.0,6310,"tags=54%, list=34%, signal=82%",
GOBP_NEGATIVE_REGULATION_OF_TYPE_II_INTERFERON_PRODUCTION,GOBP_NEGATIVE_REGULATION_OF_TYPE_II_INTERFERON_PRODUCTION,,42,-0.18809381,-1.472123,0.083333336,0.21934041,1.0,2680,"tags=33%, list=15%, signal=39%",
GOBP_REGULATION_OF_B_CELL_DIFFERENTIATION,GOBP_REGULATION_OF_B_CELL_DIFFERENTIATION,,36,-0.20455673,-1.4712236,0.08183633,0.21991673,1.0,4931,"tags=47%, list=27%, signal=64%",
GOBP_KERATINOCYTE_MIGRATION,GOBP_KERATINOCYTE_MIGRATION,,20,-0.27126178,-1.4709868,0.08588957,0.21988495,1.0,10650,"tags=85%, list=58%, signal=202%",
GOBP_REGULATION_OF_MAP_KINASE_ACTIVITY,GOBP_REGULATION_OF_MAP_KINASE_ACTIVITY,,69,-0.1531073,-1.4709538,0.078095235,0.21966049,1.0,6258,"tags=49%, list=34%, signal=74%",
GOBP_POSITIVE_REGULATION_OF_PHAGOCYTOSIS,GOBP_POSITIVE_REGULATION_OF_PHAGOCYTOSIS,,73,-0.14976288,-1.4706589,0.078,0.21968259,1.0,3304,"tags=33%, list=18%, signal=40%",
GOBP_TERPENOID_BIOSYNTHETIC_PROCESS,GOBP_TERPENOID_BIOSYNTHETIC_PROCESS,,16,-0.2977211,-1.4702216,0.09126984,0.2198874,1.0,1427,"tags=38%, list=8%, signal=41%",
GOBP_WATER_SOLUBLE_VITAMIN_METABOLIC_PROCESS,GOBP_WATER_SOLUBLE_VITAMIN_METABOLIC_PROCESS,,65,-0.15447578,-1.4695412,0.07,0.220359,1.0,11317,"tags=77%, list=62%, signal=199%",
GOBP_RESPONSE_TO_TUMOR_CELL,GOBP_RESPONSE_TO_TUMOR_CELL,,48,-0.1829149,-1.4688544,0.091836736,0.22076088,1.0,5075,"tags=46%, list=28%, signal=63%",
GOBP_ACUTE_INFLAMMATORY_RESPONSE_TO_ANTIGENIC_STIMULUS,GOBP_ACUTE_INFLAMMATORY_RESPONSE_TO_ANTIGENIC_STIMULUS,,28,-0.22883165,-1.468258,0.096837945,0.2210905,1.0,3024,"tags=39%, list=16%, signal=47%",
GOBP_REGULATION_OF_LEUKOCYTE_TETHERING_OR_ROLLING,GOBP_REGULATION_OF_LEUKOCYTE_TETHERING_OR_ROLLING,,16,-0.30286056,-1.4668614,0.09016393,0.22224002,1.0,2482,"tags=44%, list=13%, signal=51%",
GOBP_CELLULAR_RESPONSE_TO_CHEMICAL_STRESS,GOBP_CELLULAR_RESPONSE_TO_CHEMICAL_STRESS,,319,-0.07177126,-1.466026,0.079918034,0.22276674,1.0,14270,"tags=85%, list=78%, signal=371%",
GOBP_REGULATION_OF_JUN_KINASE_ACTIVITY,GOBP_REGULATION_OF_JUN_KINASE_ACTIVITY,,23,-0.26067784,-1.4656434,0.07003891,0.22288232,1.0,7207,"tags=65%, list=39%, signal=107%",
GOBP_TELOMERASE_RNA_LOCALIZATION,GOBP_TELOMERASE_RNA_LOCALIZATION,,19,-0.28021476,-1.4649915,0.082474224,0.22326879,1.0,11308,"tags=89%, list=61%, signal=232%",
GOBP_RETROGRADE_VESICLE_MEDIATED_TRANSPORT_GOLGI_TO_ENDOPLASMIC_RETICULUM,GOBP_RETROGRADE_VESICLE_MEDIATED_TRANSPORT_GOLGI_TO_ENDOPLASMIC_RETICULUM,,52,-0.17346807,-1.4644554,0.076767676,0.2235367,1.0,9552,"tags=69%, list=52%, signal=144%",
GOBP_BASIC_AMINO_ACID_TRANSPORT,GOBP_BASIC_AMINO_ACID_TRANSPORT,,23,-0.24963547,-1.4634253,0.053784862,0.22429016,1.0,5011,"tags=52%, list=27%, signal=72%",
GOBP_POSITIVE_REGULATION_OF_RNA_SPLICING,GOBP_POSITIVE_REGULATION_OF_RNA_SPLICING,,41,-0.189259,-1.4634048,0.06952965,0.2240493,1.0,6845,"tags=56%, list=37%, signal=89%",
GOBP_LEUKOCYTE_CELL_CELL_ADHESION,GOBP_LEUKOCYTE_CELL_CELL_ADHESION,,418,-0.061962463,-1.4630765,0.08471075,0.22407813,1.0,5311,"tags=35%, list=29%, signal=48%",
GOBP_CELLULAR_RESPONSE_TO_REACTIVE_OXYGEN_SPECIES,GOBP_CELLULAR_RESPONSE_TO_REACTIVE_OXYGEN_SPECIES,,143,-0.10433676,-1.4594052,0.08582834,0.22733775,1.0,6328,"tags=45%, list=34%, signal=68%",
GOBP_POSITIVE_REGULATION_OF_ACUTE_INFLAMMATORY_RESPONSE,GOBP_POSITIVE_REGULATION_OF_ACUTE_INFLAMMATORY_RESPONSE,,27,-0.23883279,-1.458632,0.086065575,0.22783318,1.0,4470,"tags=48%, list=24%, signal=64%",
GOBP_REGULATION_OF_MITOCHONDRIAL_MEMBRANE_PERMEABILITY_INVOLVED_IN_APOPTOTIC_PROCESS,GOBP_REGULATION_OF_MITOCHONDRIAL_MEMBRANE_PERMEABILITY_INVOLVED_IN_APOPTOTIC_PROCESS,,44,-0.18593948,-1.4580353,0.09423077,0.22810705,1.0,7039,"tags=57%, list=38%, signal=92%",
GOBP_POSITIVE_REGULATION_OF_RHO_PROTEIN_SIGNAL_TRANSDUCTION,GOBP_POSITIVE_REGULATION_OF_RHO_PROTEIN_SIGNAL_TRANSDUCTION,,29,-0.2269774,-1.4579508,0.09780439,0.22795351,1.0,5980,"tags=55%, list=33%, signal=82%",
GOBP_TRANSLESION_SYNTHESIS,GOBP_TRANSLESION_SYNTHESIS,,26,-0.23742485,-1.4577353,0.07952286,0.22788283,1.0,12617,"tags=92%, list=69%, signal=294%",
GOBP_RESPONSE_TO_TESTOSTERONE,GOBP_RESPONSE_TO_TESTOSTERONE,,45,-0.18316431,-1.4574369,0.07915058,0.22789231,1.0,2771,"tags=33%, list=15%, signal=39%",
GOBP_IMMUNE_RESPONSE_REGULATING_CELL_SURFACE_RECEPTOR_SIGNALING_PATHWAY,GOBP_IMMUNE_RESPONSE_REGULATING_CELL_SURFACE_RECEPTOR_SIGNALING_PATHWAY,,342,-0.0678086,-1.4566894,0.064257026,0.2283492,1.0,7166,"tags=46%, list=39%, signal=73%",
GOBP_NADH_METABOLIC_PROCESS,GOBP_NADH_METABOLIC_PROCESS,,39,-0.19399409,-1.4565654,0.086,0.22821173,1.0,12474,"tags=87%, list=68%, signal=270%",
GOBP_NEGATIVE_REGULATION_OF_CALCINEURIN_MEDIATED_SIGNALING,GOBP_NEGATIVE_REGULATION_OF_CALCINEURIN_MEDIATED_SIGNALING,,15,-0.30827165,-1.4560765,0.09338521,0.22838736,1.0,9049,"tags=80%, list=49%, signal=157%",
GOBP_STRESS_ACTIVATED_PROTEIN_KINASE_SIGNALING_CASCADE,GOBP_STRESS_ACTIVATED_PROTEIN_KINASE_SIGNALING_CASCADE,,56,-0.16392046,-1.4555802,0.08686869,0.22860436,1.0,11774,"tags=80%, list=64%, signal=223%",
GOBP_REGULATION_OF_ANTIGEN_RECEPTOR_MEDIATED_SIGNALING_PATHWAY,GOBP_REGULATION_OF_ANTIGEN_RECEPTOR_MEDIATED_SIGNALING_PATHWAY,,71,-0.14907439,-1.455217,0.09619238,0.22868861,1.0,6854,"tags=52%, list=37%, signal=83%",
GOBP_POSITIVE_REGULATION_OF_DOUBLE_STRAND_BREAK_REPAIR_VIA_NONHOMOLOGOUS_END_JOINING,GOBP_POSITIVE_REGULATION_OF_DOUBLE_STRAND_BREAK_REPAIR_VIA_NONHOMOLOGOUS_END_JOINING,,17,-0.28372574,-1.4538581,0.078350514,0.2297307,1.0,12097,"tags=94%, list=66%, signal=275%",
GOBP_REGULATION_OF_MEMBRANE_LIPID_METABOLIC_PROCESS,GOBP_REGULATION_OF_MEMBRANE_LIPID_METABOLIC_PROCESS,,19,-0.28674644,-1.4530008,0.103174604,0.23033741,1.0,11188,"tags=89%, list=61%, signal=228%",
GOBP_NEGATIVE_REGULATION_OF_ALPHA_BETA_T_CELL_ACTIVATION,GOBP_NEGATIVE_REGULATION_OF_ALPHA_BETA_T_CELL_ACTIVATION,,50,-0.17480618,-1.4529345,0.09589041,0.23014855,1.0,2680,"tags=32%, list=15%, signal=37%",
GOBP_G0_TO_G1_TRANSITION,GOBP_G0_TO_G1_TRANSITION,,39,-0.19380267,-1.451302,0.076612905,0.23155023,1.0,8705,"tags=67%, list=47%, signal=126%",
GOBP_REGULATION_OF_TUMOR_NECROSIS_FACTOR_MEDIATED_SIGNALING_PATHWAY,GOBP_REGULATION_OF_TUMOR_NECROSIS_FACTOR_MEDIATED_SIGNALING_PATHWAY,,68,-0.14617918,-1.4509054,0.075,0.23168062,1.0,13009,"tags=85%, list=71%, signal=290%",
GOBP_NEGATIVE_REGULATION_OF_LIPID_CATABOLIC_PROCESS,GOBP_NEGATIVE_REGULATION_OF_LIPID_CATABOLIC_PROCESS,,27,-0.2338815,-1.449645,0.09756097,0.2326112,1.0,14097,"tags=100%, list=77%, signal=428%",
GOBP_INFLAMMATORY_RESPONSE_TO_WOUNDING,GOBP_INFLAMMATORY_RESPONSE_TO_WOUNDING,,27,-0.23665462,-1.4485462,0.10625,0.23347391,1.0,4510,"tags=48%, list=25%, signal=64%",
GOBP_ACYL_COA_METABOLIC_PROCESS,GOBP_ACYL_COA_METABOLIC_PROCESS,,98,-0.12776326,-1.4476511,0.084745765,0.23420075,1.0,6484,"tags=48%, list=35%, signal=74%",
GOBP_NEGATIVE_REGULATION_OF_MYOTUBE_DIFFERENTIATION,GOBP_NEGATIVE_REGULATION_OF_MYOTUBE_DIFFERENTIATION,,17,-0.29037833,-1.4471656,0.08835341,0.23444924,1.0,4402,"tags=53%, list=24%, signal=70%",
GOBP_POSITIVE_REGULATION_OF_PROTEIN_TARGETING_TO_MEMBRANE,GOBP_POSITIVE_REGULATION_OF_PROTEIN_TARGETING_TO_MEMBRANE,,27,-0.23952658,-1.4469827,0.08553971,0.23439345,1.0,7863,"tags=67%, list=43%, signal=116%",
GOBP_HEPATOCYTE_APOPTOTIC_PROCESS,GOBP_HEPATOCYTE_APOPTOTIC_PROCESS,,19,-0.2689648,-1.4468347,0.079457365,0.23427981,1.0,5707,"tags=58%, list=31%, signal=84%",
GOBP_MITOTIC_G2_M_TRANSITION_CHECKPOINT,GOBP_MITOTIC_G2_M_TRANSITION_CHECKPOINT,,54,-0.16276947,-1.4460878,0.077568136,0.23476765,1.0,14045,"tags=93%, list=76%, signal=391%",
GOBP_PROTEIN_K63_LINKED_UBIQUITINATION,GOBP_PROTEIN_K63_LINKED_UBIQUITINATION,,69,-0.14797369,-1.4441918,0.10159363,0.23642643,1.0,13282,"tags=87%, list=72%, signal=312%",
GOBP_EMBRYONIC_DIGESTIVE_TRACT_DEVELOPMENT,GOBP_EMBRYONIC_DIGESTIVE_TRACT_DEVELOPMENT,,35,-0.20453724,-1.4427267,0.07942974,0.23763089,1.0,2552,"tags=34%, list=14%, signal=40%",
GOBP_PYRIMIDINE_RIBONUCLEOSIDE_TRIPHOSPHATE_METABOLIC_PROCESS,GOBP_PYRIMIDINE_RIBONUCLEOSIDE_TRIPHOSPHATE_METABOLIC_PROCESS,,17,-0.29257134,-1.4414216,0.099616855,0.23869747,1.0,8689,"tags=76%, list=47%, signal=145%",
GOBP_POSITIVE_REGULATION_OF_MAPK_CASCADE,GOBP_POSITIVE_REGULATION_OF_MAPK_CASCADE,,451,-0.060066678,-1.4411417,0.10805501,0.23873974,1.0,2308,"tags=18%, list=13%, signal=21%",
GOBP_INNER_CELL_MASS_CELL_PROLIFERATION,GOBP_INNER_CELL_MASS_CELL_PROLIFERATION,,15,-0.30659556,-1.4410576,0.08267716,0.2385608,1.0,12758,"tags=100%, list=69%, signal=326%",
GOBP_ISOPRENOID_BIOSYNTHETIC_PROCESS,GOBP_ISOPRENOID_BIOSYNTHETIC_PROCESS,,29,-0.22433512,-1.440765,0.08421053,0.23859371,1.0,4126,"tags=45%, list=22%, signal=58%",
GOBP_RESPONSE_TO_ALDOSTERONE,GOBP_RESPONSE_TO_ALDOSTERONE,,17,-0.2845549,-1.4404874,0.09803922,0.23860912,1.0,4509,"tags=53%, list=25%, signal=70%",
GOBP_POSITIVE_REGULATION_OF_PHOSPHATIDYLINOSITOL_3_KINASE_PROTEIN_KINASE_B_SIGNAL_TRANSDUCTION,GOBP_POSITIVE_REGULATION_OF_PHOSPHATIDYLINOSITOL_3_KINASE_PROTEIN_KINASE_B_SIGNAL_TRANSDUCTION,,201,-0.08817324,-1.4389267,0.10311284,0.23996428,1.0,3155,"tags=26%, list=17%, signal=31%",
GOBP_PROSTANOID_BIOSYNTHETIC_PROCESS,GOBP_PROSTANOID_BIOSYNTHETIC_PROCESS,,30,-0.21624091,-1.4380642,0.099585064,0.24058871,1.0,3387,"tags=40%, list=18%, signal=49%",
GOBP_REGULATION_OF_ATP_DEPENDENT_ACTIVITY,GOBP_REGULATION_OF_ATP_DEPENDENT_ACTIVITY,,41,-0.18845883,-1.4380132,0.10037879,0.24036536,1.0,5514,"tags=49%, list=30%, signal=70%",
GOBP_ER_NUCLEUS_SIGNALING_PATHWAY,GOBP_ER_NUCLEUS_SIGNALING_PATHWAY,,53,-0.16703022,-1.4377601,0.08782435,0.24036856,1.0,14288,"tags=94%, list=78%, signal=422%",
GOBP_TRICARBOXYLIC_ACID_METABOLIC_PROCESS,GOBP_TRICARBOXYLIC_ACID_METABOLIC_PROCESS,,15,-0.3080431,-1.4377316,0.08032128,0.24012814,1.0,5375,"tags=60%, list=29%, signal=85%",
GOBP_POSITIVE_REGULATION_OF_IMMUNOGLOBULIN_PRODUCTION,GOBP_POSITIVE_REGULATION_OF_IMMUNOGLOBULIN_PRODUCTION,,59,-0.15819795,-1.4363276,0.08943089,0.2412807,1.0,4582,"tags=41%, list=25%, signal=54%",
GOBP_REGULATION_OF_HETEROTYPIC_CELL_CELL_ADHESION,GOBP_REGULATION_OF_HETEROTYPIC_CELL_CELL_ADHESION,,24,-0.24411309,-1.4361906,0.11046512,0.24116902,1.0,2414,"tags=38%, list=13%, signal=43%",
GOBP_REGULATION_OF_MYELOID_CELL_APOPTOTIC_PROCESS,GOBP_REGULATION_OF_MYELOID_CELL_APOPTOTIC_PROCESS,,33,-0.20760663,-1.4359305,0.0785124,0.24121682,1.0,3992,"tags=42%, list=22%, signal=54%",
GOBP_HOMOTYPIC_CELL_CELL_ADHESION,GOBP_HOMOTYPIC_CELL_CELL_ADHESION,,105,-0.11793096,-1.4353142,0.09108911,0.24157026,1.0,4150,"tags=34%, list=23%, signal=44%",
GOBP_OLIGOPEPTIDE_TRANSPORT,GOBP_OLIGOPEPTIDE_TRANSPORT,,19,-0.2743563,-1.4346915,0.08070866,0.2419299,1.0,4640,"tags=53%, list=25%, signal=70%",
GOBP_PROTEIN_INSERTION_INTO_ER_MEMBRANE,GOBP_PROTEIN_INSERTION_INTO_ER_MEMBRANE,,31,-0.21682657,-1.4341998,0.09881423,0.2421845,1.0,9665,"tags=74%, list=53%, signal=156%",
GOBP_POSITIVE_REGULATION_OF_B_CELL_MEDIATED_IMMUNITY,GOBP_POSITIVE_REGULATION_OF_B_CELL_MEDIATED_IMMUNITY,,43,-0.18477269,-1.4334663,0.075664625,0.24265377,1.0,13291,"tags=91%, list=72%, signal=326%",
GOBP_MODULATION_BY_HOST_OF_VIRAL_PROCESS,GOBP_MODULATION_BY_HOST_OF_VIRAL_PROCESS,,48,-0.17790164,-1.4318027,0.108778626,0.24410951,1.0,10531,"tags=75%, list=57%, signal=175%",
GOBP_REGULATION_OF_BONE_REMODELING,GOBP_REGULATION_OF_BONE_REMODELING,,45,-0.17622851,-1.4308325,0.08030593,0.24481806,1.0,4533,"tags=42%, list=25%, signal=56%",
GOBP_CELL_REDOX_HOMEOSTASIS,GOBP_CELL_REDOX_HOMEOSTASIS,,43,-0.18607692,-1.4300673,0.09791667,0.24534194,1.0,7707,"tags=60%, list=42%, signal=104%",
GOBP_RENAL_SYSTEM_PROCESS_INVOLVED_IN_REGULATION_OF_BLOOD_VOLUME,GOBP_RENAL_SYSTEM_PROCESS_INVOLVED_IN_REGULATION_OF_BLOOD_VOLUME,,15,-0.2972609,-1.4294221,0.086,0.2457586,1.0,3121,"tags=47%, list=17%, signal=56%",
GOBP_PHOSPHATIDYLINOSITOL_3_PHOSPHATE_BIOSYNTHETIC_PROCESS,GOBP_PHOSPHATIDYLINOSITOL_3_PHOSPHATE_BIOSYNTHETIC_PROCESS,,23,-0.24957393,-1.4288851,0.086519115,0.24604677,1.0,11409,"tags=87%, list=62%, signal=229%",
GOBP_NUCLEOSIDE_DIPHOSPHATE_CATABOLIC_PROCESS,GOBP_NUCLEOSIDE_DIPHOSPHATE_CATABOLIC_PROCESS,,108,-0.1171023,-1.4282887,0.08097166,0.24642612,1.0,13867,"tags=87%, list=75%, signal=352%",
GOBP_EXOCYTOSIS,GOBP_EXOCYTOSIS,,361,-0.06554114,-1.4281842,0.09202454,0.24626397,1.0,11963,"tags=71%, list=65%, signal=200%",
GOBP_LIPOPROTEIN_LOCALIZATION,GOBP_LIPOPROTEIN_LOCALIZATION,,23,-0.24976566,-1.4276502,0.119284295,0.24655916,1.0,4209,"tags=48%, list=23%, signal=62%",
GOBP_REGULATION_OF_ICOSANOID_SECRETION,GOBP_REGULATION_OF_ICOSANOID_SECRETION,,19,-0.2769661,-1.4276432,0.104417674,0.24629901,1.0,5560,"tags=58%, list=30%, signal=83%",
GOBP_CELLULAR_RESPONSE_TO_NUTRIENT_LEVELS,GOBP_CELLULAR_RESPONSE_TO_NUTRIENT_LEVELS,,252,-0.07727626,-1.4273267,0.08203125,0.24637125,1.0,14363,"tags=86%, list=78%, signal=386%",
GOBP_CYTOSKELETON_DEPENDENT_CYTOKINESIS,GOBP_CYTOSKELETON_DEPENDENT_CYTOKINESIS,,125,-0.11039308,-1.4272707,0.09143969,0.2461627,1.0,13433,"tags=84%, list=73%, signal=309%",
GOBP_POSITIVE_REGULATION_OF_ENDOCYTOSIS,GOBP_POSITIVE_REGULATION_OF_ENDOCYTOSIS,,159,-0.094540745,-1.4269156,0.0877193,0.2462191,1.0,3598,"tags=29%, list=20%, signal=36%",
GOBP_SULFATE_TRANSMEMBRANE_TRANSPORT,GOBP_SULFATE_TRANSMEMBRANE_TRANSPORT,,15,-0.299873,-1.4261272,0.091078065,0.24677958,1.0,3073,"tags=47%, list=17%, signal=56%",
GOBP_MITOTIC_CYTOKINETIC_PROCESS,GOBP_MITOTIC_CYTOKINETIC_PROCESS,,37,-0.19841024,-1.4257846,0.10778443,0.24685101,1.0,11271,"tags=81%, list=61%, signal=209%",
GOBP_POSITIVE_REGULATION_OF_PROTEASOMAL_UBIQUITIN_DEPENDENT_PROTEIN_CATABOLIC_PROCESS,GOBP_POSITIVE_REGULATION_OF_PROTEASOMAL_UBIQUITIN_DEPENDENT_PROTEIN_CATABOLIC_PROCESS,,82,-0.13137749,-1.4256597,0.09631147,0.24671088,1.0,11501,"tags=76%, list=63%, signal=201%",
GOBP_REGULATION_OF_ODONTOGENESIS,GOBP_REGULATION_OF_ODONTOGENESIS,,18,-0.28464472,-1.4249812,0.0945674,0.24712896,1.0,2945,"tags=44%, list=16%, signal=53%",
GOBP_CELLULAR_RESPONSE_TO_KETONE,GOBP_CELLULAR_RESPONSE_TO_KETONE,,114,-0.11384455,-1.4248855,0.10444874,0.24697165,1.0,2760,"tags=26%, list=15%, signal=31%",
GOBP_REGULATION_OF_CYTOPLASMIC_PATTERN_RECOGNITION_RECEPTOR_SIGNALING_PATHWAY,GOBP_REGULATION_OF_CYTOPLASMIC_PATTERN_RECOGNITION_RECEPTOR_SIGNALING_PATHWAY,,132,-0.10631742,-1.4246868,0.09448819,0.24690227,1.0,11853,"tags=75%, list=64%, signal=209%",
GOBP_NEGATIVE_REGULATION_OF_STRIATED_MUSCLE_CELL_APOPTOTIC_PROCESS,GOBP_NEGATIVE_REGULATION_OF_STRIATED_MUSCLE_CELL_APOPTOTIC_PROCESS,,28,-0.2215013,-1.4244981,0.07915058,0.24680859,1.0,9070,"tags=71%, list=49%, signal=141%",
GOBP_AUDITORY_RECEPTOR_CELL_STEREOCILIUM_ORGANIZATION,GOBP_AUDITORY_RECEPTOR_CELL_STEREOCILIUM_ORGANIZATION,,20,-0.26713297,-1.4242889,0.09730849,0.2467418,1.0,4289,"tags=50%, list=23%, signal=65%",
GOBP_POSITIVE_REGULATION_OF_SMOOTH_MUSCLE_CELL_PROLIFERATION,GOBP_POSITIVE_REGULATION_OF_SMOOTH_MUSCLE_CELL_PROLIFERATION,,82,-0.1359714,-1.4233063,0.119284295,0.24743886,1.0,6707,"tags=50%, list=36%, signal=78%",
GOBP_RRNA_CATABOLIC_PROCESS,GOBP_RRNA_CATABOLIC_PROCESS,,17,-0.28951395,-1.4228743,0.113502935,0.24763677,1.0,9827,"tags=82%, list=53%, signal=177%",
GOBP_INTERSTRAND_CROSS_LINK_REPAIR,GOBP_INTERSTRAND_CROSS_LINK_REPAIR,,42,-0.19028156,-1.4227525,0.117529884,0.2474974,1.0,13149,"tags=90%, list=71%, signal=317%",
GOBP_POSITIVE_REGULATION_OF_DNA_BINDING_TRANSCRIPTION_FACTOR_ACTIVITY,GOBP_POSITIVE_REGULATION_OF_DNA_BINDING_TRANSCRIPTION_FACTOR_ACTIVITY,,130,-0.11007442,-1.4217677,0.08617234,0.24822982,1.0,9167,"tags=61%, list=50%, signal=120%",
GOBP_FATTY_ACID_BIOSYNTHETIC_PROCESS,GOBP_FATTY_ACID_BIOSYNTHETIC_PROCESS,,169,-0.09406698,-1.4216987,0.0875,0.24803111,1.0,7428,"tags=50%, list=40%, signal=83%",
GOBP_REGULATION_OF_MITOTIC_NUCLEAR_DIVISION,GOBP_REGULATION_OF_MITOTIC_NUCLEAR_DIVISION,,120,-0.11283682,-1.4203632,0.08982036,0.24910784,1.0,14338,"tags=89%, list=78%, signal=402%",
GOBP_RIG_I_SIGNALING_PATHWAY,GOBP_RIG_I_SIGNALING_PATHWAY,,29,-0.21882899,-1.4202857,0.096408315,0.24891457,1.0,11203,"tags=83%, list=61%, signal=211%",
GOBP_SECONDARY_ALCOHOL_METABOLIC_PROCESS,GOBP_SECONDARY_ALCOHOL_METABOLIC_PROCESS,,156,-0.09966288,-1.4188851,0.08299595,0.25009012,1.0,5375,"tags=39%, list=29%, signal=55%",
GOBP_PRESYNAPTIC_ENDOCYTOSIS,GOBP_PRESYNAPTIC_ENDOCYTOSIS,,80,-0.13546297,-1.417494,0.09213052,0.251277,1.0,12923,"tags=84%, list=70%, signal=280%",
GOBP_MEDIUM_CHAIN_FATTY_ACID_METABOLIC_PROCESS,GOBP_MEDIUM_CHAIN_FATTY_ACID_METABOLIC_PROCESS,,15,-0.30582282,-1.4168609,0.11340206,0.25172776,1.0,9094,"tags=80%, list=49%, signal=158%",
GOBP_T_CELL_CHEMOTAXIS,GOBP_T_CELL_CHEMOTAXIS,,29,-0.22236703,-1.4166366,0.092843324,0.25168958,1.0,7333,"tags=62%, list=40%, signal=103%",
GOBP_PROTEIN_TARGETING_TO_LYSOSOME,GOBP_PROTEIN_TARGETING_TO_LYSOSOME,,30,-0.21986274,-1.4164357,0.101167314,0.25162804,1.0,12516,"tags=90%, list=68%, signal=281%",
GOBP_INNATE_IMMUNE_RESPONSE_IN_MUCOSA,GOBP_INNATE_IMMUNE_RESPONSE_IN_MUCOSA,,27,-0.23030767,-1.4158865,0.10159363,0.2519415,1.0,6670,"tags=59%, list=36%, signal=93%",
GOBP_NEGATIVE_REGULATION_OF_CELL_CYCLE_G2_M_PHASE_TRANSITION,GOBP_NEGATIVE_REGULATION_OF_CELL_CYCLE_G2_M_PHASE_TRANSITION,,73,-0.14103502,-1.4157357,0.08146639,0.25185487,1.0,14045,"tags=90%, list=76%, signal=381%",
GOBP_NEURAL_NUCLEUS_DEVELOPMENT,GOBP_NEURAL_NUCLEUS_DEVELOPMENT,,68,-0.14731726,-1.4153997,0.084645666,0.25196323,1.0,1629,"tags=24%, list=9%, signal=26%",
GOBP_INTERLEUKIN_8_PRODUCTION,GOBP_INTERLEUKIN_8_PRODUCTION,,84,-0.1321918,-1.415006,0.091451295,0.25210965,1.0,4806,"tags=39%, list=26%, signal=53%",
GOBP_REGULATION_OF_MONOATOMIC_ANION_TRANSPORT,GOBP_REGULATION_OF_MONOATOMIC_ANION_TRANSPORT,,15,-0.2987919,-1.4147848,0.08793456,0.25208828,1.0,5545,"tags=60%, list=30%, signal=86%",
GOBP_RETINOL_METABOLIC_PROCESS,GOBP_RETINOL_METABOLIC_PROCESS,,52,-0.16611719,-1.4146705,0.106796116,0.2519617,1.0,1906,"tags=27%, list=10%, signal=30%",
GOBP_CELL_DIFFERENTIATION_INVOLVED_IN_EMBRYONIC_PLACENTA_DEVELOPMENT,GOBP_CELL_DIFFERENTIATION_INVOLVED_IN_EMBRYONIC_PLACENTA_DEVELOPMENT,,26,-0.2356363,-1.4142725,0.09375,0.2521368,1.0,2747,"tags=38%, list=15%, signal=45%",
GOBP_POSITIVE_REGULATION_OF_PROTEOLYSIS,GOBP_POSITIVE_REGULATION_OF_PROTEOLYSIS,,206,-0.08681192,-1.4123551,0.096,0.2537963,1.0,11546,"tags=71%, list=63%, signal=190%",
GOBP_POSITIVE_REGULATION_OF_PROTEIN_CATABOLIC_PROCESS,GOBP_POSITIVE_REGULATION_OF_PROTEIN_CATABOLIC_PROCESS,,214,-0.08344401,-1.4120841,0.10059172,0.2538198,1.0,14383,"tags=86%, list=78%, signal=392%",
GOBP_CELLULAR_RESPONSE_TO_EXOGENOUS_DSRNA,GOBP_CELLULAR_RESPONSE_TO_EXOGENOUS_DSRNA,,18,-0.2678689,-1.4108629,0.093361,0.25488424,1.0,11427,"tags=89%, list=62%, signal=235%",
GOBP_INSULIN_SECRETION,GOBP_INSULIN_SECRETION,,209,-0.08424262,-1.4107496,0.09638554,0.25474948,1.0,4013,"tags=30%, list=22%, signal=38%",
GOBP_PLATELET_DENSE_GRANULE_ORGANIZATION,GOBP_PLATELET_DENSE_GRANULE_ORGANIZATION,,25,-0.23347925,-1.4099138,0.10121457,0.2553447,1.0,11897,"tags=88%, list=65%, signal=249%",
GOBP_SCF_DEPENDENT_PROTEASOMAL_UBIQUITIN_DEPENDENT_PROTEIN_CATABOLIC_PROCESS,GOBP_SCF_DEPENDENT_PROTEASOMAL_UBIQUITIN_DEPENDENT_PROTEIN_CATABOLIC_PROCESS,,45,-0.17623338,-1.4085089,0.10080645,0.25656003,1.0,12298,"tags=84%, list=67%, signal=254%",
GOBP_POSITIVE_REGULATION_OF_INSULIN_SECRETION_INVOLVED_IN_CELLULAR_RESPONSE_TO_GLUCOSE_STIMULUS,GOBP_POSITIVE_REGULATION_OF_INSULIN_SECRETION_INVOLVED_IN_CELLULAR_RESPONSE_TO_GLUCOSE_STIMULUS,,40,-0.18623643,-1.4082829,0.08928572,0.25656855,1.0,3480,"tags=38%, list=19%, signal=46%",
GOBP_DETECTION_OF_OTHER_ORGANISM,GOBP_DETECTION_OF_OTHER_ORGANISM,,19,-0.2733221,-1.4076462,0.12175649,0.2569882,1.0,4659,"tags=53%, list=25%, signal=70%",
GOBP_REGULATION_OF_LIPID_TRANSPORT,GOBP_REGULATION_OF_LIPID_TRANSPORT,,134,-0.101675175,-1.4064925,0.08884297,0.25792676,1.0,6105,"tags=43%, list=33%, signal=64%",
GOBP_GTP_METABOLIC_PROCESS,GOBP_GTP_METABOLIC_PROCESS,,24,-0.23592357,-1.4063554,0.11787819,0.2578017,1.0,4097,"tags=46%, list=22%, signal=59%",
GOBP_POSITIVE_REGULATION_OF_VASCULATURE_DEVELOPMENT,GOBP_POSITIVE_REGULATION_OF_VASCULATURE_DEVELOPMENT,,167,-0.09402551,-1.4060205,0.105860114,0.25787342,1.0,1371,"tags=17%, list=7%, signal=18%",
GOBP_RUFFLE_ORGANIZATION,GOBP_RUFFLE_ORGANIZATION,,56,-0.15997796,-1.4053835,0.115384616,0.25826067,1.0,9219,"tags=66%, list=50%, signal=132%",
GOBP_ORGANISM_EMERGENCE_FROM_PROTECTIVE_STRUCTURE,GOBP_ORGANISM_EMERGENCE_FROM_PROTECTIVE_STRUCTURE,,30,-0.21478312,-1.404959,0.10246679,0.2584187,1.0,7705,"tags=63%, list=42%, signal=109%",
GOBP_PYRUVATE_METABOLIC_PROCESS,GOBP_PYRUVATE_METABOLIC_PROCESS,,126,-0.10638222,-1.4047912,0.10330579,0.25835046,1.0,12508,"tags=79%, list=68%, signal=244%",
GOBP_CALCIUM_ION_TRANSPORT,GOBP_CALCIUM_ION_TRANSPORT,,428,-0.059397694,-1.4044188,0.09018036,0.2584665,1.0,4649,"tags=31%, list=25%, signal=41%",
GOBP_SPHINGOMYELIN_METABOLIC_PROCESS,GOBP_SPHINGOMYELIN_METABOLIC_PROCESS,,20,-0.26382884,-1.403932,0.11623246,0.25874352,1.0,9867,"tags=80%, list=54%, signal=172%",
GOBP_LYMPHOCYTE_HOMEOSTASIS,GOBP_LYMPHOCYTE_HOMEOSTASIS,,82,-0.13089393,-1.4037524,0.10483871,0.25867626,1.0,5230,"tags=41%, list=28%, signal=58%",
GOBP_MONOACYLGLYCEROL_METABOLIC_PROCESS,GOBP_MONOACYLGLYCEROL_METABOLIC_PROCESS,,15,-0.3072268,-1.4032874,0.11580882,0.25887626,1.0,5390,"tags=60%, list=29%, signal=85%",
GOBP_POSITIVE_REGULATION_OF_LYMPHOCYTE_MIGRATION,GOBP_POSITIVE_REGULATION_OF_LYMPHOCYTE_MIGRATION,,44,-0.18044193,-1.4004847,0.09784736,0.26164258,1.0,4632,"tags=43%, list=25%, signal=58%",
GOBP_POSITIVE_REGULATION_OF_NEUTROPHIL_MIGRATION,GOBP_POSITIVE_REGULATION_OF_NEUTROPHIL_MIGRATION,,34,-0.19905372,-1.3999244,0.09533469,0.26198772,1.0,2297,"tags=32%, list=12%, signal=37%",
GOBP_NEGATIVE_REGULATION_OF_PROGRAMMED_NECROTIC_CELL_DEATH,GOBP_NEGATIVE_REGULATION_OF_PROGRAMMED_NECROTIC_CELL_DEATH,,18,-0.27683437,-1.3992627,0.11627907,0.26242062,1.0,12284,"tags=94%, list=67%, signal=284%",
GOBP_AMINE_BIOSYNTHETIC_PROCESS,GOBP_AMINE_BIOSYNTHETIC_PROCESS,,40,-0.18319573,-1.3987736,0.12401575,0.26272288,1.0,7214,"tags=58%, list=39%, signal=94%",
GOBP_PROTEIN_EXPORT_FROM_NUCLEUS,GOBP_PROTEIN_EXPORT_FROM_NUCLEUS,,63,-0.14781268,-1.3976517,0.1015625,0.26371858,1.0,11596,"tags=78%, list=63%, signal=210%",
GOBP_REGULATION_OF_PATTERN_RECOGNITION_RECEPTOR_SIGNALING_PATHWAY,GOBP_REGULATION_OF_PATTERN_RECOGNITION_RECEPTOR_SIGNALING_PATHWAY,,186,-0.08627283,-1.3970308,0.114173226,0.26411262,1.0,14745,"tags=89%, list=80%, signal=443%",
GOBP_REGULATION_OF_INTRACELLULAR_ESTROGEN_RECEPTOR_SIGNALING_PATHWAY,GOBP_REGULATION_OF_INTRACELLULAR_ESTROGEN_RECEPTOR_SIGNALING_PATHWAY,,38,-0.19289404,-1.396381,0.11706349,0.2645667,1.0,11464,"tags=82%, list=62%, signal=216%",
GOBP_POSITIVE_REGULATION_OF_ENDOTHELIAL_CELL_APOPTOTIC_PROCESS,GOBP_POSITIVE_REGULATION_OF_ENDOTHELIAL_CELL_APOPTOTIC_PROCESS,,23,-0.24678315,-1.3948988,0.105367795,0.26593602,1.0,5863,"tags=57%, list=32%, signal=83%",
GOBP_BONE_RESORPTION,GOBP_BONE_RESORPTION,,61,-0.15050758,-1.3945061,0.12269939,0.266077,1.0,4478,"tags=39%, list=24%, signal=52%",
GOBP_NEGATIVE_REGULATION_OF_RESPONSE_TO_CYTOKINE_STIMULUS,GOBP_NEGATIVE_REGULATION_OF_RESPONSE_TO_CYTOKINE_STIMULUS,,88,-0.12474421,-1.394473,0.10192308,0.26584733,1.0,12556,"tags=81%, list=68%, signal=253%",
GOBP_POLYSACCHARIDE_CATABOLIC_PROCESS,GOBP_POLYSACCHARIDE_CATABOLIC_PROCESS,,30,-0.21107416,-1.394392,0.113168724,0.26568627,1.0,5934,"tags=53%, list=32%, signal=79%",
GOBP_PROTEINOGENIC_AMINO_ACID_BIOSYNTHETIC_PROCESS,GOBP_PROTEINOGENIC_AMINO_ACID_BIOSYNTHETIC_PROCESS,,43,-0.1770689,-1.3943542,0.12256809,0.2654598,1.0,4023,"tags=40%, list=22%, signal=50%",
GOBP_ENDOSOMAL_VESICLE_FUSION,GOBP_ENDOSOMAL_VESICLE_FUSION,,15,-0.29303437,-1.3938053,0.11297071,0.26576087,1.0,9329,"tags=80%, list=51%, signal=162%",
GOBP_CELLULAR_RESPONSE_TO_INTERLEUKIN_1,GOBP_CELLULAR_RESPONSE_TO_INTERLEUKIN_1,,86,-0.12902054,-1.3932903,0.10392157,0.26602706,1.0,12181,"tags=79%, list=66%, signal=233%",
GOBP_MITOCHONDRIAL_CALCIUM_ION_HOMEOSTASIS,GOBP_MITOCHONDRIAL_CALCIUM_ION_HOMEOSTASIS,,25,-0.22897963,-1.392882,0.12090164,0.26621366,1.0,11244,"tags=84%, list=61%, signal=216%",
GOBP_P_BODY_ASSEMBLY,GOBP_P_BODY_ASSEMBLY,,23,-0.24209401,-1.3925645,0.108606555,0.26628077,1.0,12346,"tags=91%, list=67%, signal=277%",
GOBP_AUDITORY_RECEPTOR_CELL_MORPHOGENESIS,GOBP_AUDITORY_RECEPTOR_CELL_MORPHOGENESIS,,24,-0.2361686,-1.3921298,0.11576846,0.26647818,1.0,13288,"tags=96%, list=72%, signal=345%",
GOBP_REGULATION_OF_LIPID_LOCALIZATION,GOBP_REGULATION_OF_LIPID_LOCALIZATION,,158,-0.092947654,-1.3917773,0.12603305,0.26658124,1.0,6105,"tags=42%, list=33%, signal=63%",
GOBP_RESPIRATORY_CHAIN_COMPLEX_IV_ASSEMBLY,GOBP_RESPIRATORY_CHAIN_COMPLEX_IV_ASSEMBLY,,31,-0.21014129,-1.3917161,0.12809917,0.26638228,1.0,10381,"tags=77%, list=56%, signal=177%",
GOBP_PURINE_NUCLEOTIDE_CATABOLIC_PROCESS,GOBP_PURINE_NUCLEOTIDE_CATABOLIC_PROCESS,,141,-0.100030705,-1.3891915,0.09832636,0.2688669,1.0,11610,"tags=73%, list=63%, signal=197%",
GOBP_SARCOMERE_ORGANIZATION,GOBP_SARCOMERE_ORGANIZATION,,49,-0.16882077,-1.3880833,0.1121673,0.26982898,1.0,5537,"tags=47%, list=30%, signal=67%",
GOBP_REGULATION_OF_POSITIVE_CHEMOTAXIS,GOBP_REGULATION_OF_POSITIVE_CHEMOTAXIS,,26,-0.23115243,-1.3877429,0.105882354,0.2699248,1.0,2122,"tags=35%, list=12%, signal=39%",
GOBP_NEGATIVE_REGULATION_OF_MYOBLAST_DIFFERENTIATION,GOBP_NEGATIVE_REGULATION_OF_MYOBLAST_DIFFERENTIATION,,27,-0.22792578,-1.3872395,0.13372093,0.2701814,1.0,3308,"tags=41%, list=18%, signal=50%",
GOBP_T_CELL_DIFFERENTIATION,GOBP_T_CELL_DIFFERENTIATION,,322,-0.066834904,-1.3869684,0.12244898,0.270213,1.0,5076,"tags=34%, list=28%, signal=46%",
GOBP_REGULATION_OF_GTPASE_ACTIVITY,GOBP_REGULATION_OF_GTPASE_ACTIVITY,,145,-0.102131404,-1.386955,0.098393574,0.26995748,1.0,15387,"tags=94%, list=84%, signal=570%",
GOBP_REGULATION_OF_CYTOKINESIS,GOBP_REGULATION_OF_CYTOKINESIS,,90,-0.12277653,-1.3859847,0.10261569,0.2707935,1.0,14919,"tags=93%, list=81%, signal=492%",
GOBP_CELLULAR_RESPONSE_TO_PROSTAGLANDIN_STIMULUS,GOBP_CELLULAR_RESPONSE_TO_PROSTAGLANDIN_STIMULUS,,26,-0.22685078,-1.3854684,0.13294798,0.27108747,1.0,2201,"tags=35%, list=12%, signal=39%",
GOBP_NEGATIVE_REGULATION_OF_COLD_INDUCED_THERMOGENESIS,GOBP_NEGATIVE_REGULATION_OF_COLD_INDUCED_THERMOGENESIS,,48,-0.16687451,-1.3843488,0.11344538,0.27203846,1.0,12649,"tags=85%, list=69%, signal=273%",
GOBP_LYMPHOCYTE_DIFFERENTIATION,GOBP_LYMPHOCYTE_DIFFERENTIATION,,432,-0.058842994,-1.384333,0.1021611,0.27178302,1.0,5032,"tags=33%, list=27%, signal=45%",
GOBP_CYTOCHROME_COMPLEX_ASSEMBLY,GOBP_CYTOCHROME_COMPLEX_ASSEMBLY,,43,-0.17827556,-1.3840301,0.110687025,0.27183142,1.0,15121,"tags=100%, list=82%, signal=561%",
GOBP_PROTEIN_FOLDING,GOBP_PROTEIN_FOLDING,,217,-0.08352263,-1.38296,0.11720227,0.27279013,1.0,12467,"tags=76%, list=68%, signal=233%",
GOBP_NEGATIVE_REGULATION_OF_ACTIVATED_T_CELL_PROLIFERATION,GOBP_NEGATIVE_REGULATION_OF_ACTIVATED_T_CELL_PROLIFERATION,,15,-0.3008199,-1.3829521,0.10748561,0.2725314,1.0,10412,"tags=87%, list=57%, signal=200%",
GOBP_ALPHA_BETA_T_CELL_DIFFERENTIATION,GOBP_ALPHA_BETA_T_CELL_DIFFERENTIATION,,138,-0.099566326,-1.3826926,0.124497995,0.27255479,1.0,2848,"tags=25%, list=15%, signal=30%",
GOBP_REGULATION_OF_ADIPOSE_TISSUE_DEVELOPMENT,GOBP_REGULATION_OF_ADIPOSE_TISSUE_DEVELOPMENT,,16,-0.28532994,-1.38259,0.12224449,0.27240884,1.0,5103,"tags=56%, list=28%, signal=78%",
GOBP_VITAMIN_METABOLIC_PROCESS,GOBP_VITAMIN_METABOLIC_PROCESS,,118,-0.10981285,-1.3819772,0.11087866,0.27285498,1.0,11398,"tags=73%, list=62%, signal=190%",
GOBP_REGULATION_OF_GRANULOCYTE_CHEMOTAXIS,GOBP_REGULATION_OF_GRANULOCYTE_CHEMOTAXIS,,52,-0.1640818,-1.38162,0.122047246,0.27298224,1.0,2297,"tags=29%, list=12%, signal=33%",
GOBP_MEMBRANE_DOCKING,GOBP_MEMBRANE_DOCKING,,88,-0.12648945,-1.3809109,0.12055336,0.27351514,1.0,13569,"tags=86%, list=74%, signal=328%",
GOBP_TRIGLYCERIDE_METABOLIC_PROCESS,GOBP_TRIGLYCERIDE_METABOLIC_PROCESS,,106,-0.116242826,-1.3808554,0.11464968,0.2733037,1.0,5336,"tags=41%, list=29%, signal=57%",
GOBP_DNA_BIOSYNTHETIC_PROCESS,GOBP_DNA_BIOSYNTHETIC_PROCESS,,162,-0.09391526,-1.3807111,0.11344538,0.2731934,1.0,14296,"tags=87%, list=78%, signal=387%",
GOBP_CENTROMERE_COMPLEX_ASSEMBLY,GOBP_CENTROMERE_COMPLEX_ASSEMBLY,,30,-0.2098996,-1.380051,0.118473895,0.27370748,1.0,13925,"tags=97%, list=76%, signal=397%",
GOBP_POSITIVE_REGULATION_OF_LEUKOCYTE_CELL_CELL_ADHESION,GOBP_POSITIVE_REGULATION_OF_LEUKOCYTE_CELL_CELL_ADHESION,,281,-0.07179947,-1.3798914,0.1045082,0.27362064,1.0,5311,"tags=36%, list=29%, signal=50%",
GOBP_OLIGOSACCHARIDE_CATABOLIC_PROCESS,GOBP_OLIGOSACCHARIDE_CATABOLIC_PROCESS,,15,-0.30038455,-1.3798885,0.11776859,0.27335343,1.0,10420,"tags=87%, list=57%, signal=200%",
GOBP_CARDIAC_MUSCLE_TISSUE_MORPHOGENESIS,GOBP_CARDIAC_MUSCLE_TISSUE_MORPHOGENESIS,,61,-0.14977333,-1.3792071,0.12033195,0.27384043,1.0,2984,"tags=31%, list=16%, signal=37%",
GOBP_CELLULAR_RESPONSE_TO_ARSENIC_CONTAINING_SUBSTANCE,GOBP_CELLULAR_RESPONSE_TO_ARSENIC_CONTAINING_SUBSTANCE,,17,-0.27703467,-1.3790823,0.12164948,0.27370378,1.0,5729,"tags=59%, list=31%, signal=85%",
GOBP_MYELOID_CELL_APOPTOTIC_PROCESS,GOBP_MYELOID_CELL_APOPTOTIC_PROCESS,,40,-0.18339053,-1.378588,0.111328125,0.27397674,1.0,3992,"tags=40%, list=22%, signal=51%",
GOBP_REGULATION_OF_MITOCHONDRIAL_FISSION,GOBP_REGULATION_OF_MITOCHONDRIAL_FISSION,,31,-0.20739336,-1.3784357,0.10728745,0.27386937,1.0,13991,"tags=97%, list=76%, signal=404%",
GOBP_POSITIVE_REGULATION_OF_CELL_CYCLE,GOBP_POSITIVE_REGULATION_OF_CELL_CYCLE,,322,-0.06715201,-1.3782912,0.13772455,0.27375662,1.0,14380,"tags=85%, list=78%, signal=382%",
GOBP_POSITIVE_REGULATION_OF_PROTEIN_SECRETION,GOBP_POSITIVE_REGULATION_OF_PROTEIN_SECRETION,,153,-0.094582364,-1.3779107,0.09034908,0.27393642,1.0,7171,"tags=48%, list=39%, signal=79%",
GOBP_PROTEINOGENIC_AMINO_ACID_METABOLIC_PROCESS,GOBP_PROTEINOGENIC_AMINO_ACID_METABOLIC_PROCESS,,160,-0.093760945,-1.3770083,0.11020408,0.2747395,1.0,3694,"tags=29%, list=20%, signal=36%",
GOBP_DETECTION_OF_STIMULUS_INVOLVED_IN_SENSORY_PERCEPTION_OF_PAIN,GOBP_DETECTION_OF_STIMULUS_INVOLVED_IN_SENSORY_PERCEPTION_OF_PAIN,,29,-0.21779989,-1.3769202,0.13226452,0.2745635,1.0,4246,"tags=45%, list=23%, signal=58%",
GOBP_TRNA_5_END_PROCESSING,GOBP_TRNA_5_END_PROCESSING,,16,-0.2847347,-1.3764328,0.12240664,0.27482983,1.0,13160,"tags=100%, list=72%, signal=351%",
GOBP_VASCULAR_WOUND_HEALING,GOBP_VASCULAR_WOUND_HEALING,,20,-0.25145066,-1.3759195,0.119760476,0.27511737,1.0,2738,"tags=40%, list=15%, signal=47%",
GOBP_RESPONSE_TO_AMINO_ACID_STARVATION,GOBP_RESPONSE_TO_AMINO_ACID_STARVATION,,56,-0.15259165,-1.3756264,0.12704918,0.2751512,1.0,14609,"tags=95%, list=79%, signal=459%",
GOBP_PROTEIN_DESTABILIZATION,GOBP_PROTEIN_DESTABILIZATION,,56,-0.15980753,-1.3749948,0.11683168,0.2756055,1.0,11521,"tags=79%, list=63%, signal=210%",
GOBP_LYMPHOCYTE_COSTIMULATION,GOBP_LYMPHOCYTE_COSTIMULATION,,50,-0.16345239,-1.3728838,0.12269939,0.27770725,1.0,9509,"tags=68%, list=52%, signal=140%",
GOBP_AMINOGLYCAN_CATABOLIC_PROCESS,GOBP_AMINOGLYCAN_CATABOLIC_PROCESS,,32,-0.2004024,-1.3706301,0.10176125,0.27985784,1.0,2069,"tags=31%, list=11%, signal=35%",
GOBP_REGULATION_OF_CYCLIN_DEPENDENT_PROTEIN_SERINE_THREONINE_KINASE_ACTIVITY,GOBP_REGULATION_OF_CYCLIN_DEPENDENT_PROTEIN_SERINE_THREONINE_KINASE_ACTIVITY,,33,-0.2028527,-1.370167,0.12244898,0.2801424,1.0,9095,"tags=70%, list=49%, signal=138%",
GOBP_PHOSPHOLIPID_TRANSLOCATION,GOBP_PHOSPHOLIPID_TRANSLOCATION,,56,-0.15577541,-1.3698423,0.11683168,0.28022677,1.0,7654,"tags=57%, list=42%, signal=98%",
GOBP_REGULATION_OF_EXOSOMAL_SECRETION,GOBP_REGULATION_OF_EXOSOMAL_SECRETION,,19,-0.25718772,-1.3693453,0.129771,0.2805265,1.0,12699,"tags=95%, list=69%, signal=306%",
GOBP_POSITIVE_REGULATION_OF_INTERLEUKIN_8_PRODUCTION,GOBP_POSITIVE_REGULATION_OF_INTERLEUKIN_8_PRODUCTION,,64,-0.1454872,-1.3691639,0.11867704,0.28047714,1.0,4806,"tags=41%, list=26%, signal=55%",
GOBP_NEGATIVE_REGULATION_OF_CD4_POSITIVE_ALPHA_BETA_T_CELL_ACTIVATION,GOBP_NEGATIVE_REGULATION_OF_CD4_POSITIVE_ALPHA_BETA_T_CELL_ACTIVATION,,37,-0.18928784,-1.3680594,0.12180746,0.2814313,1.0,7462,"tags=59%, list=41%, signal=100%",
GOBP_REGULATION_OF_KINASE_ACTIVITY,GOBP_REGULATION_OF_KINASE_ACTIVITY,,270,-0.07187241,-1.3651489,0.12731007,0.28435105,1.0,6055,"tags=40%, list=33%, signal=59%",
GOBP_RESPONSE_TO_TUMOR_NECROSIS_FACTOR,GOBP_RESPONSE_TO_TUMOR_NECROSIS_FACTOR,,228,-0.07527522,-1.3648303,0.12024048,0.28448275,1.0,12911,"tags=78%, list=70%, signal=257%",
GOBP_TYPE_I_INTERFERON_PRODUCTION,GOBP_TYPE_I_INTERFERON_PRODUCTION,,129,-0.10211147,-1.3637735,0.13131313,0.28548267,1.0,11680,"tags=74%, list=64%, signal=200%",
GOBP_NEGATIVE_REGULATION_OF_T_CELL_MEDIATED_IMMUNITY,GOBP_NEGATIVE_REGULATION_OF_T_CELL_MEDIATED_IMMUNITY,,31,-0.20978288,-1.3634143,0.13929313,0.28565732,1.0,4455,"tags=45%, list=24%, signal=59%",
GOBP_POSITIVE_REGULATION_OF_MACROPHAGE_MIGRATION,GOBP_POSITIVE_REGULATION_OF_MACROPHAGE_MIGRATION,,28,-0.21944554,-1.3619025,0.11934157,0.28714395,1.0,4510,"tags=46%, list=25%, signal=61%",
GOBP_ANTIVIRAL_INNATE_IMMUNE_RESPONSE,GOBP_ANTIVIRAL_INNATE_IMMUNE_RESPONSE,,66,-0.14101699,-1.3613458,0.13043478,0.28752118,1.0,13300,"tags=86%, list=72%, signal=311%",
GOBP_AMELOGENESIS,GOBP_AMELOGENESIS,,27,-0.22121176,-1.3581406,0.13709678,0.29092735,1.0,2069,"tags=33%, list=11%, signal=38%",
GOBP_NEGATIVE_REGULATION_OF_MRNA_PROCESSING,GOBP_NEGATIVE_REGULATION_OF_MRNA_PROCESSING,,23,-0.23526265,-1.3575684,0.113131315,0.29129204,1.0,5275,"tags=52%, list=29%, signal=73%",
GOBP_REGULATION_OF_HEMOPOIESIS,GOBP_REGULATION_OF_HEMOPOIESIS,,432,-0.05697364,-1.35637,0.12601626,0.2924151,1.0,5023,"tags=33%, list=27%, signal=44%",
GOBP_PEROXISOME_ORGANIZATION,GOBP_PEROXISOME_ORGANIZATION,,39,-0.18316735,-1.3561803,0.13706563,0.29236534,1.0,11258,"tags=79%, list=61%, signal=205%",
GOBP_POSITIVE_REGULATION_OF_CELL_CYCLE_PROCESS,GOBP_POSITIVE_REGULATION_OF_CELL_CYCLE_PROCESS,,254,-0.07371954,-1.3560476,0.09979633,0.29221994,1.0,15100,"tags=89%, list=82%, signal=493%",
GOBP_POSITIVE_REGULATION_OF_T_CELL_RECEPTOR_SIGNALING_PATHWAY,GOBP_POSITIVE_REGULATION_OF_T_CELL_RECEPTOR_SIGNALING_PATHWAY,,19,-0.25921884,-1.3560317,0.12884615,0.2919516,1.0,6854,"tags=63%, list=37%, signal=101%",
GOBP_REGULATION_OF_URINE_VOLUME,GOBP_REGULATION_OF_URINE_VOLUME,,20,-0.249061,-1.3558398,0.1307847,0.29190254,1.0,4621,"tags=50%, list=25%, signal=67%",
GOBP_RESPONSE_TO_OXIDATIVE_STRESS,GOBP_RESPONSE_TO_OXIDATIVE_STRESS,,400,-0.057890475,-1.3556907,0.12295082,0.29180726,1.0,14270,"tags=83%, list=78%, signal=363%",
GOBP_REGULATION_OF_RESPONSE_TO_WOUNDING,GOBP_REGULATION_OF_RESPONSE_TO_WOUNDING,,166,-0.08846946,-1.3556336,0.11614173,0.29159498,1.0,2931,"tags=25%, list=16%, signal=29%",
GOBP_RENAL_TUBULAR_SECRETION,GOBP_RENAL_TUBULAR_SECRETION,,18,-0.2694443,-1.3520411,0.1425819,0.29552498,1.0,4246,"tags=50%, list=23%, signal=65%",
GOBP_ERBB2_SIGNALING_PATHWAY,GOBP_ERBB2_SIGNALING_PATHWAY,,23,-0.23176649,-1.3511646,0.12653062,0.29624745,1.0,3740,"tags=43%, list=20%, signal=55%",
GOBP_RESPONSE_TO_PLATELET_DERIVED_GROWTH_FACTOR,GOBP_RESPONSE_TO_PLATELET_DERIVED_GROWTH_FACTOR,,25,-0.22775562,-1.3502762,0.14341846,0.29706582,1.0,6117,"tags=56%, list=33%, signal=84%",
GOBP_NADP_METABOLIC_PROCESS,GOBP_NADP_METABOLIC_PROCESS,,41,-0.18258522,-1.349929,0.14864865,0.29718432,1.0,14593,"tags=98%, list=79%, signal=471%",
GOBP_SNO_S_RNA_METABOLIC_PROCESS,GOBP_SNO_S_RNA_METABOLIC_PROCESS,,17,-0.27013874,-1.3494381,0.12601626,0.29750794,1.0,10183,"tags=82%, list=55%, signal=184%",
GOBP_PROTEIN_DEACETYLATION,GOBP_PROTEIN_DEACETYLATION,,25,-0.22086027,-1.3485206,0.13121273,0.29831064,1.0,5508,"tags=52%, list=30%, signal=74%",
GOBP_REGULATION_OF_SISTER_CHROMATID_COHESION,GOBP_REGULATION_OF_SISTER_CHROMATID_COHESION,,18,-0.2680624,-1.3484949,0.13855422,0.29805446,1.0,9380,"tags=78%, list=51%, signal=159%",
GOBP_CARBOHYDRATE_BIOSYNTHETIC_PROCESS,GOBP_CARBOHYDRATE_BIOSYNTHETIC_PROCESS,,189,-0.08327796,-1.348463,0.13453816,0.29780942,1.0,10162,"tags=63%, list=55%, signal=140%",
GOBP_BLASTOCYST_GROWTH,GOBP_BLASTOCYST_GROWTH,,23,-0.23521294,-1.3473125,0.12452107,0.2989222,1.0,13272,"tags=96%, list=72%, signal=343%",
GOBP_SERINE_FAMILY_AMINO_ACID_METABOLIC_PROCESS,GOBP_SERINE_FAMILY_AMINO_ACID_METABOLIC_PROCESS,,31,-0.20099977,-1.3469661,0.12896407,0.2990406,1.0,4023,"tags=42%, list=22%, signal=54%",
GOBP_NON_PROTEINOGENIC_AMINO_ACID_CATABOLIC_PROCESS,GOBP_NON_PROTEINOGENIC_AMINO_ACID_CATABOLIC_PROCESS,,18,-0.2624624,-1.3463701,0.14150943,0.29949147,1.0,5396,"tags=56%, list=29%, signal=79%",
GOBP_GLUTAMINE_FAMILY_AMINO_ACID_BIOSYNTHETIC_PROCESS,GOBP_GLUTAMINE_FAMILY_AMINO_ACID_BIOSYNTHETIC_PROCESS,,18,-0.27354148,-1.3463674,0.15611814,0.2992145,1.0,3149,"tags=44%, list=17%, signal=54%",
GOBP_REGULATION_OF_B_CELL_ACTIVATION,GOBP_REGULATION_OF_B_CELL_ACTIVATION,,133,-0.09869729,-1.3456327,0.14016737,0.29978493,1.0,3177,"tags=27%, list=17%, signal=32%",
GOBP_REGULATION_OF_T_HELPER_17_CELL_DIFFERENTIATION,GOBP_REGULATION_OF_T_HELPER_17_CELL_DIFFERENTIATION,,28,-0.21433628,-1.3453547,0.14007781,0.299849,1.0,3947,"tags=43%, list=21%, signal=54%",
GOBP_ENDOTHELIAL_CELL_APOPTOTIC_PROCESS,GOBP_ENDOTHELIAL_CELL_APOPTOTIC_PROCESS,,63,-0.14662531,-1.345075,0.14375,0.29987013,1.0,10742,"tags=73%, list=58%, signal=175%",
GOBP_SULFUR_COMPOUND_TRANSPORT,GOBP_SULFUR_COMPOUND_TRANSPORT,,65,-0.14115296,-1.3431292,0.1380597,0.30192205,1.0,3073,"tags=31%, list=17%, signal=37%",
GOBP_POSITIVE_REGULATION_OF_NEUROINFLAMMATORY_RESPONSE,GOBP_POSITIVE_REGULATION_OF_NEUROINFLAMMATORY_RESPONSE,,15,-0.28839064,-1.3420012,0.14373717,0.302939,1.0,3284,"tags=47%, list=18%, signal=57%",
GOBP_DEOXYRIBONUCLEOTIDE_BIOSYNTHETIC_PROCESS,GOBP_DEOXYRIBONUCLEOTIDE_BIOSYNTHETIC_PROCESS,,15,-0.2917247,-1.341516,0.13995942,0.3032194,1.0,8127,"tags=73%, list=44%, signal=131%",
GOBP_NEGATIVE_REGULATION_OF_MITOTIC_CELL_CYCLE,GOBP_NEGATIVE_REGULATION_OF_MITOTIC_CELL_CYCLE,,224,-0.07853328,-1.3411652,0.1341719,0.30339932,1.0,14338,"tags=86%, list=78%, signal=384%",
GOBP_T_CELL_MIGRATION,GOBP_T_CELL_MIGRATION,,79,-0.12849084,-1.3408514,0.15447155,0.3034826,1.0,4632,"tags=38%, list=25%, signal=51%",
GOBP_ENDOCRINE_PROCESS,GOBP_ENDOCRINE_PROCESS,,100,-0.11417636,-1.3403163,0.13253012,0.30384734,1.0,5269,"tags=40%, list=29%, signal=56%",
GOBP_ATTACHMENT_OF_SPINDLE_MICROTUBULES_TO_KINETOCHORE,GOBP_ATTACHMENT_OF_SPINDLE_MICROTUBULES_TO_KINETOCHORE,,55,-0.15160638,-1.3399422,0.13480885,0.30401227,1.0,14609,"tags=95%, list=79%, signal=458%",
GOBP_AXONAL_TRANSPORT,GOBP_AXONAL_TRANSPORT,,69,-0.13628979,-1.3398317,0.12601626,0.30387896,1.0,12963,"tags=84%, list=70%, signal=284%",
GOBP_TYPE_2_MITOPHAGY,GOBP_TYPE_2_MITOPHAGY,,16,-0.27738777,-1.3396289,0.144,0.30382505,1.0,13295,"tags=100%, list=72%, signal=361%",
GOBP_SIGNAL_TRANSDUCTION_IN_RESPONSE_TO_DNA_DAMAGE,GOBP_SIGNAL_TRANSDUCTION_IN_RESPONSE_TO_DNA_DAMAGE,,195,-0.081899375,-1.3392634,0.123203285,0.30400047,1.0,14261,"tags=86%, list=78%, signal=377%",
GOBP_FEMALE_MEIOTIC_NUCLEAR_DIVISION,GOBP_FEMALE_MEIOTIC_NUCLEAR_DIVISION,,42,-0.17249545,-1.3386956,0.12948208,0.304406,1.0,14789,"tags=98%, list=80%, signal=497%",
GOBP_INFLAMMATORY_CELL_APOPTOTIC_PROCESS,GOBP_INFLAMMATORY_CELL_APOPTOTIC_PROCESS,,22,-0.23782161,-1.3372346,0.14035088,0.30588028,1.0,3992,"tags=45%, list=22%, signal=58%",
GOBP_REGULATION_OF_CARBOHYDRATE_CATABOLIC_PROCESS,GOBP_REGULATION_OF_CARBOHYDRATE_CATABOLIC_PROCESS,,67,-0.14208427,-1.336946,0.14367816,0.30595252,1.0,13867,"tags=90%, list=75%, signal=363%",
GOBP_MRNA_3_END_PROCESSING,GOBP_MRNA_3_END_PROCESSING,,41,-0.17659466,-1.3367875,0.13549618,0.30585772,1.0,11563,"tags=80%, list=63%, signal=216%",
GOBP_PROTEIN_N_LINKED_GLYCOSYLATION,GOBP_PROTEIN_N_LINKED_GLYCOSYLATION,,73,-0.1334992,-1.3359452,0.12877263,0.30659,1.0,10656,"tags=71%, list=58%, signal=169%",
GOBP_REGULATION_OF_B_CELL_RECEPTOR_SIGNALING_PATHWAY,GOBP_REGULATION_OF_B_CELL_RECEPTOR_SIGNALING_PATHWAY,,22,-0.24041492,-1.3350912,0.13939394,0.3073145,1.0,10632,"tags=82%, list=58%, signal=194%",
GOBP_POSITIVE_REGULATION_OF_NON_CANONICAL_NF_KAPPAB_SIGNAL_TRANSDUCTION,GOBP_POSITIVE_REGULATION_OF_NON_CANONICAL_NF_KAPPAB_SIGNAL_TRANSDUCTION,,64,-0.14067276,-1.3346617,0.12903225,0.30751413,1.0,2308,"tags=27%, list=13%, signal=30%",
GOBP_IMPORT_INTO_THE_MITOCHONDRION,GOBP_IMPORT_INTO_THE_MITOCHONDRION,,54,-0.15655857,-1.3342533,0.15833333,0.30773628,1.0,10072,"tags=70%, list=55%, signal=155%",
GOBP_ORGANELLE_MEMBRANE_FUSION,GOBP_ORGANELLE_MEMBRANE_FUSION,,136,-0.094902284,-1.3326968,0.12474849,0.3092852,1.0,13955,"tags=85%, list=76%, signal=351%",
GOBP_PROTEIN_NEDDYLATION,GOBP_PROTEIN_NEDDYLATION,,28,-0.20808536,-1.3320478,0.1321499,0.30978698,1.0,10630,"tags=79%, list=58%, signal=186%",
GOBP_WOUND_HEALING,GOBP_WOUND_HEALING,,436,-0.056758516,-1.3306463,0.13426854,0.3111289,1.0,4592,"tags=31%, list=25%, signal=40%",
GOBP_SPINAL_CORD_MOTOR_NEURON_DIFFERENTIATION,GOBP_SPINAL_CORD_MOTOR_NEURON_DIFFERENTIATION,,28,-0.21151422,-1.3306144,0.16023166,0.31087965,1.0,3342,"tags=39%, list=18%, signal=48%",
GOBP_B_CELL_ACTIVATION,GOBP_B_CELL_ACTIVATION,,272,-0.06898958,-1.3301058,0.14688128,0.3112255,1.0,12409,"tags=74%, list=67%, signal=225%",
GOBP_NEGATIVE_REGULATION_OF_CALCIUM_MEDIATED_SIGNALING,GOBP_NEGATIVE_REGULATION_OF_CALCIUM_MEDIATED_SIGNALING,,22,-0.23557474,-1.3283602,0.13552362,0.3130513,1.0,9049,"tags=73%, list=49%, signal=143%",
GOBP_MITOTIC_SISTER_CHROMATID_COHESION,GOBP_MITOTIC_SISTER_CHROMATID_COHESION,,31,-0.1961329,-1.3273754,0.12670565,0.31394735,1.0,14791,"tags=100%, list=80%, signal=510%",
GOBP_POSITIVE_REGULATION_OF_ORGANIC_ACID_TRANSPORT,GOBP_POSITIVE_REGULATION_OF_ORGANIC_ACID_TRANSPORT,,42,-0.17432116,-1.3266828,0.1553398,0.31453738,1.0,5560,"tags=48%, list=30%, signal=68%",
GOBP_NEGATIVE_REGULATION_OF_MUSCLE_CELL_APOPTOTIC_PROCESS,GOBP_NEGATIVE_REGULATION_OF_MUSCLE_CELL_APOPTOTIC_PROCESS,,44,-0.17079334,-1.3261447,0.13402061,0.314883,1.0,5227,"tags=45%, list=28%, signal=63%",
GOBP_POSITIVE_REGULATION_OF_CELL_ACTIVATION,GOBP_POSITIVE_REGULATION_OF_CELL_ACTIVATION,,388,-0.05820853,-1.3240968,0.15261044,0.31710276,1.0,5589,"tags=36%, list=30%, signal=51%",
GOBP_NEGATIVE_REGULATION_OF_INTERLEUKIN_8_PRODUCTION,GOBP_NEGATIVE_REGULATION_OF_INTERLEUKIN_8_PRODUCTION,,17,-0.2636206,-1.3234849,0.16161616,0.31759602,1.0,2730,"tags=41%, list=15%, signal=48%",
GOBP_POSITIVE_REGULATION_OF_MEMBRANE_PERMEABILITY,GOBP_POSITIVE_REGULATION_OF_MEMBRANE_PERMEABILITY,,45,-0.16286078,-1.3234593,0.13833992,0.31734046,1.0,6413,"tags=51%, list=35%, signal=78%",
GOBP_PYRIMIDINE_RIBONUCLEOTIDE_METABOLIC_PROCESS,GOBP_PYRIMIDINE_RIBONUCLEOTIDE_METABOLIC_PROCESS,,32,-0.19890448,-1.3231987,0.14884695,0.31738916,1.0,11292,"tags=81%, list=61%, signal=210%",
GOBP_SPHINGOLIPID_METABOLIC_PROCESS,GOBP_SPHINGOLIPID_METABOLIC_PROCESS,,168,-0.088505685,-1.3229867,0.1484375,0.31738868,1.0,11853,"tags=73%, list=64%, signal=204%",
GOBP_NEUROTRANSMITTER_RECEPTOR_TRANSPORT_TO_PLASMA_MEMBRANE,GOBP_NEUROTRANSMITTER_RECEPTOR_TRANSPORT_TO_PLASMA_MEMBRANE,,16,-0.27705783,-1.3227471,0.16699801,0.31742662,1.0,5255,"tags=56%, list=29%, signal=79%",
GOBP_REGULATION_OF_MITOTIC_SPINDLE_ASSEMBLY,GOBP_REGULATION_OF_MITOTIC_SPINDLE_ASSEMBLY,,24,-0.22791329,-1.3225721,0.14777328,0.31732306,1.0,6543,"tags=58%, list=36%, signal=90%",
GOBP_POSITIVE_REGULATION_OF_MITOTIC_NUCLEAR_DIVISION,GOBP_POSITIVE_REGULATION_OF_MITOTIC_NUCLEAR_DIVISION,,46,-0.16753882,-1.3224065,0.1515748,0.31725836,1.0,6123,"tags=50%, list=33%, signal=75%",
GOBP_SMOOTH_MUSCLE_CELL_PROLIFERATION,GOBP_SMOOTH_MUSCLE_CELL_PROLIFERATION,,140,-0.09405943,-1.3212031,0.14663951,0.31845695,1.0,6823,"tags=46%, list=37%, signal=73%",
GOBP_REGULATION_OF_T_CELL_RECEPTOR_SIGNALING_PATHWAY,GOBP_REGULATION_OF_T_CELL_RECEPTOR_SIGNALING_PATHWAY,,53,-0.15612389,-1.3208901,0.16465864,0.31855306,1.0,6854,"tags=53%, list=37%, signal=84%",
GOBP_NEGATIVE_REGULATION_OF_MAPK_CASCADE,GOBP_NEGATIVE_REGULATION_OF_MAPK_CASCADE,,165,-0.08829382,-1.3199177,0.14423077,0.3194619,1.0,6194,"tags=42%, list=34%, signal=63%",
GOBP_MYELOID_DENDRITIC_CELL_ACTIVATION,GOBP_MYELOID_DENDRITIC_CELL_ACTIVATION,,32,-0.19669849,-1.3194716,0.14484127,0.3197114,1.0,2137,"tags=31%, list=12%, signal=35%",
GOBP_EXTRACELLULAR_VESICLE_BIOGENESIS,GOBP_EXTRACELLULAR_VESICLE_BIOGENESIS,,25,-0.21783294,-1.3186386,0.12774451,0.32040983,1.0,12920,"tags=92%, list=70%, signal=309%",
GOBP_INTESTINAL_CHOLESTEROL_ABSORPTION,GOBP_INTESTINAL_CHOLESTEROL_ABSORPTION,,18,-0.2576788,-1.3183762,0.15966387,0.32043952,1.0,1397,"tags=33%, list=8%, signal=36%",
GOBP_NUCLEOBASE_CONTAINING_COMPOUND_TRANSPORT,GOBP_NUCLEOBASE_CONTAINING_COMPOUND_TRANSPORT,,228,-0.07296645,-1.3175251,0.14145383,0.3211628,1.0,11743,"tags=71%, list=64%, signal=194%",
GOBP_NEGATIVE_REGULATION_OF_INTERLEUKIN_1_BETA_PRODUCTION,GOBP_NEGATIVE_REGULATION_OF_INTERLEUKIN_1_BETA_PRODUCTION,,31,-0.19442515,-1.3173234,0.13457558,0.3211381,1.0,7110,"tags=58%, list=39%, signal=95%",
GOBP_REGULATION_OF_INTEGRIN_ACTIVATION,GOBP_REGULATION_OF_INTEGRIN_ACTIVATION,,17,-0.26301232,-1.3172319,0.16318786,0.32096684,1.0,3823,"tags=47%, list=21%, signal=59%",
GOBP_ACTIN_MYOSIN_FILAMENT_SLIDING,GOBP_ACTIN_MYOSIN_FILAMENT_SLIDING,,19,-0.2548644,-1.3170574,0.16367266,0.3209008,1.0,6934,"tags=63%, list=38%, signal=101%",
GOBP_REGULATION_OF_TRANSCRIPTION_OF_NUCLEOLAR_LARGE_RRNA_BY_RNA_POLYMERASE_I,GOBP_REGULATION_OF_TRANSCRIPTION_OF_NUCLEOLAR_LARGE_RRNA_BY_RNA_POLYMERASE_I,,15,-0.28209257,-1.3166606,0.1492248,0.32108468,1.0,8304,"tags=73%, list=45%, signal=134%",
GOBP_LIPID_EXPORT_FROM_CELL,GOBP_LIPID_EXPORT_FROM_CELL,,51,-0.15586628,-1.3161753,0.13894737,0.32137486,1.0,5797,"tags=47%, list=32%, signal=69%",
GOBP_POSITIVE_REGULATION_OF_G_PROTEIN_COUPLED_RECEPTOR_SIGNALING_PATHWAY,GOBP_POSITIVE_REGULATION_OF_G_PROTEIN_COUPLED_RECEPTOR_SIGNALING_PATHWAY,,41,-0.17566957,-1.3154839,0.172,0.32202002,1.0,4403,"tags=41%, list=24%, signal=54%",
GOBP_POSITIVE_REGULATION_OF_LYMPHOCYTE_CHEMOTAXIS,GOBP_POSITIVE_REGULATION_OF_LYMPHOCYTE_CHEMOTAXIS,,19,-0.25339475,-1.3148435,0.17330678,0.3225194,1.0,6961,"tags=63%, list=38%, signal=102%",
GOBP_MIRNA_MEDIATED_GENE_SILENCING_BY_INHIBITION_OF_TRANSLATION,GOBP_MIRNA_MEDIATED_GENE_SILENCING_BY_INHIBITION_OF_TRANSLATION,,18,-0.25724038,-1.3129252,0.14340344,0.32465488,1.0,12644,"tags=94%, list=69%, signal=302%",
GOBP_NUCLEOSIDE_DIPHOSPHATE_METABOLIC_PROCESS,GOBP_NUCLEOSIDE_DIPHOSPHATE_METABOLIC_PROCESS,,134,-0.097500935,-1.3124495,0.15369262,0.32496026,1.0,13867,"tags=85%, list=75%, signal=343%",
GOBP_CELL_DIFFERENTIATION_IN_SPINAL_CORD,GOBP_CELL_DIFFERENTIATION_IN_SPINAL_CORD,,47,-0.15916738,-1.3117967,0.14522822,0.32552955,1.0,3342,"tags=34%, list=18%, signal=41%",
GOBP_RESPONSE_TO_MACROPHAGE_COLONY_STIMULATING_FACTOR,GOBP_RESPONSE_TO_MACROPHAGE_COLONY_STIMULATING_FACTOR,,17,-0.26791054,-1.311497,0.17567568,0.32561716,1.0,3733,"tags=47%, list=20%, signal=59%",
GOBP_POSITIVE_REGULATION_OF_CYTOKINESIS,GOBP_POSITIVE_REGULATION_OF_CYTOKINESIS,,45,-0.16702883,-1.3114278,0.13195877,0.32541975,1.0,14919,"tags=98%, list=81%, signal=517%",
GOBP_VESICLE_DOCKING,GOBP_VESICLE_DOCKING,,59,-0.14406595,-1.309731,0.14373717,0.3272198,1.0,13569,"tags=88%, list=74%, signal=335%",
GOBP_POSITIVE_REGULATION_OF_TRANSMEMBRANE_TRANSPORT,GOBP_POSITIVE_REGULATION_OF_TRANSMEMBRANE_TRANSPORT,,183,-0.082651205,-1.3093323,0.15959597,0.3274331,1.0,1712,"tags=17%, list=9%, signal=19%",
GOBP_REGULATION_OF_ACUTE_INFLAMMATORY_RESPONSE_TO_ANTIGENIC_STIMULUS,GOBP_REGULATION_OF_ACUTE_INFLAMMATORY_RESPONSE_TO_ANTIGENIC_STIMULUS,,16,-0.27336395,-1.3088799,0.1446541,0.32770404,1.0,3024,"tags=44%, list=16%, signal=52%",
GOBP_FATTY_ACID_DERIVATIVE_METABOLIC_PROCESS,GOBP_FATTY_ACID_DERIVATIVE_METABOLIC_PROCESS,,84,-0.12322372,-1.308115,0.15113872,0.32831663,1.0,5627,"tags=43%, list=31%, signal=61%",
GOBP_REGULATION_OF_ENDOTHELIAL_CELL_DEVELOPMENT,GOBP_REGULATION_OF_ENDOTHELIAL_CELL_DEVELOPMENT,,18,-0.2544162,-1.3047183,0.15717092,0.3324049,1.0,8609,"tags=72%, list=47%, signal=136%",
GOBP_PEPTIDYL_TYROSINE_MODIFICATION,GOBP_PEPTIDYL_TYROSINE_MODIFICATION,,129,-0.09719807,-1.3045957,0.15113872,0.3322616,1.0,4784,"tags=36%, list=26%, signal=48%",
GOBP_LIPOPROTEIN_BIOSYNTHETIC_PROCESS,GOBP_LIPOPROTEIN_BIOSYNTHETIC_PROCESS,,49,-0.1592353,-1.3044091,0.14285715,0.33221602,1.0,13970,"tags=92%, list=76%, signal=381%",
GOBP_RNA_LOCALIZATION,GOBP_RNA_LOCALIZATION,,198,-0.08026703,-1.3042151,0.14081633,0.33215454,1.0,13495,"tags=81%, list=73%, signal=302%",
GOBP_TOLL_LIKE_RECEPTOR_2_SIGNALING_PATHWAY,GOBP_TOLL_LIKE_RECEPTOR_2_SIGNALING_PATHWAY,,18,-0.25460064,-1.3038912,0.16007905,0.3322718,1.0,3497,"tags=44%, list=19%, signal=55%",
GOBP_LEUKOCYTE_HOMEOSTASIS,GOBP_LEUKOCYTE_HOMEOSTASIS,,117,-0.10093363,-1.3035667,0.17255718,0.33236572,1.0,5230,"tags=38%, list=28%, signal=53%",
GOBP_NUCLEOLAR_LARGE_RRNA_TRANSCRIPTION_BY_RNA_POLYMERASE_I,GOBP_NUCLEOLAR_LARGE_RRNA_TRANSCRIPTION_BY_RNA_POLYMERASE_I,,24,-0.22199689,-1.3032972,0.16064256,0.33238223,1.0,12782,"tags=92%, list=70%, signal=300%",
GOBP_INNATE_IMMUNE_RESPONSE_ACTIVATING_CELL_SURFACE_RECEPTOR_SIGNALING_PATHWAY,GOBP_INNATE_IMMUNE_RESPONSE_ACTIVATING_CELL_SURFACE_RECEPTOR_SIGNALING_PATHWAY,,95,-0.113720566,-1.3032728,0.17330678,0.33211562,1.0,4696,"tags=37%, list=26%, signal=49%",
GOBP_NEGATIVE_REGULATION_OF_WOUND_HEALING,GOBP_NEGATIVE_REGULATION_OF_WOUND_HEALING,,71,-0.13338232,-1.3023072,0.1707819,0.33303913,1.0,2738,"tags=28%, list=15%, signal=33%",
GOBP_RESPONSE_TO_COLD,GOBP_RESPONSE_TO_COLD,,44,-0.16632766,-1.3018384,0.14087301,0.33332375,1.0,4055,"tags=39%, list=22%, signal=49%",
GOBP_REGULATION_OF_SENSORY_PERCEPTION,GOBP_REGULATION_OF_SENSORY_PERCEPTION,,21,-0.23467092,-1.3010256,0.15576923,0.3340631,1.0,7075,"tags=62%, list=38%, signal=100%",
GOBP_MITOTIC_DNA_REPLICATION,GOBP_MITOTIC_DNA_REPLICATION,,17,-0.2529213,-1.3009292,0.15019763,0.33388728,1.0,12663,"tags=94%, list=69%, signal=302%",
GOBP_REGULATION_OF_PERK_MEDIATED_UNFOLDED_PROTEIN_RESPONSE,GOBP_REGULATION_OF_PERK_MEDIATED_UNFOLDED_PROTEIN_RESPONSE,,16,-0.26853743,-1.3009202,0.17718941,0.3336073,1.0,6561,"tags=63%, list=36%, signal=97%",
GOBP_BRANCHED_CHAIN_AMINO_ACID_METABOLIC_PROCESS,GOBP_BRANCHED_CHAIN_AMINO_ACID_METABOLIC_PROCESS,,26,-0.21508093,-1.3007017,0.13670412,0.33357787,1.0,12320,"tags=88%, list=67%, signal=268%",
GOBP_REGULATION_OF_MRNA_PROCESSING,GOBP_REGULATION_OF_MRNA_PROCESSING,,127,-0.099428855,-1.3003861,0.15187377,0.33367744,1.0,13535,"tags=83%, list=74%, signal=314%",
GOBP_GAMMA_AMINOBUTYRIC_ACID_TRANSPORT,GOBP_GAMMA_AMINOBUTYRIC_ACID_TRANSPORT,,19,-0.25145245,-1.300088,0.14669421,0.33376196,1.0,1189,"tags=32%, list=6%, signal=34%",
GOBP_SENSORY_PERCEPTION_OF_PAIN,GOBP_SENSORY_PERCEPTION_OF_PAIN,,82,-0.12265994,-1.3000404,0.16149068,0.33353853,1.0,7175,"tags=51%, list=39%, signal=84%",
GOBP_REGULATION_OF_OXIDATIVE_PHOSPHORYLATION,GOBP_REGULATION_OF_OXIDATIVE_PHOSPHORYLATION,,22,-0.23926921,-1.2980099,0.15459883,0.33581716,1.0,11489,"tags=86%, list=62%, signal=230%",
GOBP_REGULATION_OF_MICROTUBULE_NUCLEATION,GOBP_REGULATION_OF_MICROTUBULE_NUCLEATION,,19,-0.2494729,-1.2972583,0.1380753,0.336471,1.0,8001,"tags=68%, list=44%, signal=121%",
GOBP_SODIUM_ION_HOMEOSTASIS,GOBP_SODIUM_ION_HOMEOSTASIS,,44,-0.16976517,-1.2971684,0.15270019,0.33628193,1.0,2738,"tags=32%, list=15%, signal=37%",
GOBP_NEGATIVE_REGULATION_OF_BLOOD_CIRCULATION,GOBP_NEGATIVE_REGULATION_OF_BLOOD_CIRCULATION,,23,-0.22408064,-1.2968858,0.15891473,0.33632588,1.0,6280,"tags=57%, list=34%, signal=86%",
GOBP_PROTEIN_K11_LINKED_UBIQUITINATION,GOBP_PROTEIN_K11_LINKED_UBIQUITINATION,,39,-0.1726368,-1.2968786,0.16,0.33603787,1.0,9565,"tags=69%, list=52%, signal=144%",
GOBP_PERK_MEDIATED_UNFOLDED_PROTEIN_RESPONSE,GOBP_PERK_MEDIATED_UNFOLDED_PROTEIN_RESPONSE,,24,-0.22346692,-1.2940716,0.16085272,0.3393957,1.0,12755,"tags=92%, list=69%, signal=299%",
GOBP_NEGATIVE_REGULATION_OF_ENDOTHELIAL_CELL_PROLIFERATION,GOBP_NEGATIVE_REGULATION_OF_ENDOTHELIAL_CELL_PROLIFERATION,,41,-0.17133382,-1.2939206,0.16969697,0.33928928,1.0,4034,"tags=39%, list=22%, signal=50%",
GOBP_POSITIVE_REGULATION_OF_ALPHA_BETA_T_CELL_DIFFERENTIATION,GOBP_POSITIVE_REGULATION_OF_ALPHA_BETA_T_CELL_DIFFERENTIATION,,56,-0.14613536,-1.2933555,0.17315175,0.33972907,1.0,3233,"tags=32%, list=18%, signal=39%",
GOBP_BICARBONATE_TRANSPORT,GOBP_BICARBONATE_TRANSPORT,,36,-0.18451527,-1.2933277,0.1756487,0.3394662,1.0,4788,"tags=44%, list=26%, signal=60%",
GOBP_EXIT_FROM_MITOSIS,GOBP_EXIT_FROM_MITOSIS,,31,-0.19612941,-1.2932289,0.16565657,0.33929694,1.0,10045,"tags=74%, list=55%, signal=163%",
GOBP_POSITIVE_REGULATION_OF_GTPASE_ACTIVITY,GOBP_POSITIVE_REGULATION_OF_GTPASE_ACTIVITY,,92,-0.11283581,-1.2923782,0.13786408,0.3400632,1.0,14728,"tags=91%, list=80%, signal=456%",
GOBP_NEGATIVE_REGULATION_OF_MUSCLE_CONTRACTION,GOBP_NEGATIVE_REGULATION_OF_MUSCLE_CONTRACTION,,22,-0.22827737,-1.2920979,0.15311909,0.3400784,1.0,10019,"tags=77%, list=54%, signal=170%",
GOBP_POSITIVE_REGULATION_OF_NUCLEOTIDE_CATABOLIC_PROCESS,GOBP_POSITIVE_REGULATION_OF_NUCLEOTIDE_CATABOLIC_PROCESS,,24,-0.22399549,-1.2903911,0.171875,0.34191003,1.0,11979,"tags=88%, list=65%, signal=251%",
GOBP_REGULATION_OF_WOUND_HEALING,GOBP_REGULATION_OF_WOUND_HEALING,,129,-0.09717854,-1.2896198,0.1468254,0.34262082,1.0,2931,"tags=26%, list=16%, signal=30%",
GOBP_NEGATIVE_REGULATION_OF_NEURAL_PRECURSOR_CELL_PROLIFERATION,GOBP_NEGATIVE_REGULATION_OF_NEURAL_PRECURSOR_CELL_PROLIFERATION,,27,-0.20450233,-1.289585,0.17092338,0.34237272,1.0,3057,"tags=37%, list=17%, signal=44%",
GOBP_REGULATION_OF_MONOATOMIC_ION_TRANSMEMBRANE_TRANSPORT,GOBP_REGULATION_OF_MONOATOMIC_ION_TRANSMEMBRANE_TRANSPORT,,299,-0.0635581,-1.2893826,0.17886178,0.34234533,1.0,1742,"tags=16%, list=9%, signal=17%",
GOBP_POSITIVE_REGULATION_OF_MITOCHONDRIAL_TRANSLATION,GOBP_POSITIVE_REGULATION_OF_MITOCHONDRIAL_TRANSLATION,,16,-0.27173468,-1.2892115,0.17068273,0.34228235,1.0,11100,"tags=88%, list=60%, signal=221%",
GOBP_XENOBIOTIC_CATABOLIC_PROCESS,GOBP_XENOBIOTIC_CATABOLIC_PROCESS,,26,-0.20801058,-1.2890339,0.17125984,0.3421961,1.0,2547,"tags=35%, list=14%, signal=40%",
GOBP_TIGHT_JUNCTION_ORGANIZATION,GOBP_TIGHT_JUNCTION_ORGANIZATION,,84,-0.1180481,-1.2889847,0.17261904,0.34197107,1.0,1124,"tags=18%, list=6%, signal=19%",
GOBP_NEGATIVE_REGULATION_OF_VASCULAR_PERMEABILITY,GOBP_NEGATIVE_REGULATION_OF_VASCULAR_PERMEABILITY,,19,-0.24911194,-1.2884086,0.19587629,0.3424313,1.0,1232,"tags=32%, list=7%, signal=34%",
GOBP_METABOLIC_COMPOUND_SALVAGE,GOBP_METABOLIC_COMPOUND_SALVAGE,,35,-0.18316938,-1.28745,0.16826004,0.34334832,1.0,11877,"tags=83%, list=65%, signal=233%",
GOBP_POSITIVE_REGULATION_OF_INTERLEUKIN_6_PRODUCTION,GOBP_POSITIVE_REGULATION_OF_INTERLEUKIN_6_PRODUCTION,,100,-0.11133343,-1.2873726,0.17283951,0.34313408,1.0,5321,"tags=40%, list=29%, signal=56%",
GOBP_MITOCHONDRIAL_DNA_REPLICATION,GOBP_MITOCHONDRIAL_DNA_REPLICATION,,15,-0.27757582,-1.2872539,0.16666667,0.34297583,1.0,8387,"tags=73%, list=46%, signal=135%",
GOBP_LEUKOTRIENE_BIOSYNTHETIC_PROCESS,GOBP_LEUKOTRIENE_BIOSYNTHETIC_PROCESS,,19,-0.24681439,-1.2863779,0.16867469,0.34382182,1.0,5146,"tags=53%, list=28%, signal=73%",
GOBP_NEGATIVE_REGULATION_OF_PHOSPHATIDYLINOSITOL_3_KINASE_PROTEIN_KINASE_B_SIGNAL_TRANSDUCTION,GOBP_NEGATIVE_REGULATION_OF_PHOSPHATIDYLINOSITOL_3_KINASE_PROTEIN_KINASE_B_SIGNAL_TRANSDUCTION,,62,-0.13890645,-1.2859839,0.15127702,0.34403867,1.0,7837,"tags=56%, list=43%, signal=98%",
GOBP_SYNAPTIC_TRANSMISSION_DOPAMINERGIC,GOBP_SYNAPTIC_TRANSMISSION_DOPAMINERGIC,,28,-0.20504352,-1.2858912,0.16945606,0.343853,1.0,2804,"tags=36%, list=15%, signal=42%",
GOBP_STEROL_TRANSPORT,GOBP_STEROL_TRANSPORT,,115,-0.10195077,-1.2854509,0.15568863,0.34411672,1.0,13970,"tags=86%, list=76%, signal=356%",
GOBP_UNSATURATED_FATTY_ACID_BIOSYNTHETIC_PROCESS,GOBP_UNSATURATED_FATTY_ACID_BIOSYNTHETIC_PROCESS,,56,-0.14460142,-1.28432,0.16973415,0.34525126,1.0,5560,"tags=45%, list=30%, signal=64%",
GOBP_POLYAMINE_METABOLIC_PROCESS,GOBP_POLYAMINE_METABOLIC_PROCESS,,19,-0.23962381,-1.2842056,0.17025441,0.34510535,1.0,7214,"tags=63%, list=39%, signal=104%",
GOBP_RESPONSE_TO_NITRIC_OXIDE,GOBP_RESPONSE_TO_NITRIC_OXIDE,,22,-0.22854462,-1.2841733,0.16194332,0.34484953,1.0,11686,"tags=86%, list=64%, signal=237%",
GOBP_MYD88_INDEPENDENT_TOLL_LIKE_RECEPTOR_SIGNALING_PATHWAY,GOBP_MYD88_INDEPENDENT_TOLL_LIKE_RECEPTOR_SIGNALING_PATHWAY,,16,-0.2644558,-1.2840939,0.15187377,0.34465623,1.0,6636,"tags=63%, list=36%, signal=98%",
GOBP_MONOCARBOXYLIC_ACID_BIOSYNTHETIC_PROCESS,GOBP_MONOCARBOXYLIC_ACID_BIOSYNTHETIC_PROCESS,,224,-0.07446066,-1.2832606,0.1764706,0.34544268,1.0,5627,"tags=38%, list=31%, signal=54%",
GOBP_REGULATION_OF_CELLULAR_EXTRAVASATION,GOBP_REGULATION_OF_CELLULAR_EXTRAVASATION,,39,-0.17052847,-1.2832175,0.176,0.3451972,1.0,8189,"tags=62%, list=45%, signal=111%",
GOBP_AMINO_ACID_BETAINE_METABOLIC_PROCESS,GOBP_AMINO_ACID_BETAINE_METABOLIC_PROCESS,,19,-0.23996186,-1.2820847,0.14629258,0.34642318,1.0,3336,"tags=42%, list=18%, signal=51%",
GOBP_MONOSACCHARIDE_METABOLIC_PROCESS,GOBP_MONOSACCHARIDE_METABOLIC_PROCESS,,260,-0.06977828,-1.2815434,0.17021276,0.3468353,1.0,10690,"tags=65%, list=58%, signal=153%",
GOBP_POSITIVE_REGULATION_OF_CALCIUM_ION_TRANSMEMBRANE_TRANSPORTER_ACTIVITY,GOBP_POSITIVE_REGULATION_OF_CALCIUM_ION_TRANSMEMBRANE_TRANSPORTER_ACTIVITY,,16,-0.26035035,-1.2814204,0.18346775,0.34669372,1.0,5562,"tags=56%, list=30%, signal=81%",
GOBP_CELLULAR_RESPONSE_TO_STARVATION,GOBP_CELLULAR_RESPONSE_TO_STARVATION,,185,-0.081920415,-1.2811669,0.16071428,0.34674454,1.0,13620,"tags=82%, list=74%, signal=314%",
GOBP_DNA_STRAND_ELONGATION_INVOLVED_IN_DNA_REPLICATION,GOBP_DNA_STRAND_ELONGATION_INVOLVED_IN_DNA_REPLICATION,,15,-0.2729067,-1.2810787,0.18218623,0.34654692,1.0,12151,"tags=93%, list=66%, signal=275%",
GOBP_PHOSPHATIDYLCHOLINE_ACYL_CHAIN_REMODELING,GOBP_PHOSPHATIDYLCHOLINE_ACYL_CHAIN_REMODELING,,15,-0.27207226,-1.2804352,0.18181819,0.34712854,1.0,6036,"tags=60%, list=33%, signal=89%",
GOBP_RENAL_SODIUM_ION_TRANSPORT,GOBP_RENAL_SODIUM_ION_TRANSPORT,,19,-0.24783711,-1.2802509,0.18318966,0.34706774,1.0,8999,"tags=74%, list=49%, signal=144%",
GOBP_EXTRINSIC_APOPTOTIC_SIGNALING_PATHWAY_VIA_DEATH_DOMAIN_RECEPTORS,GOBP_EXTRINSIC_APOPTOTIC_SIGNALING_PATHWAY_VIA_DEATH_DOMAIN_RECEPTORS,,83,-0.12305373,-1.2795086,0.1871345,0.3477704,1.0,7276,"tags=52%, list=40%, signal=85%",
GOBP_PROTEIN_STABILIZATION,GOBP_PROTEIN_STABILIZATION,,233,-0.07192919,-1.2791424,0.16767676,0.34799805,1.0,13534,"tags=81%, list=74%, signal=302%",
GOBP_REGULATION_OF_ACTIN_FILAMENT_BASED_MOVEMENT,GOBP_REGULATION_OF_ACTIN_FILAMENT_BASED_MOVEMENT,,42,-0.17014681,-1.2789006,0.18526316,0.34802595,1.0,7826,"tags=60%, list=43%, signal=103%",
GOBP_REGULATION_OF_CELLULAR_RESPONSE_TO_HYPOXIA,GOBP_REGULATION_OF_CELLULAR_RESPONSE_TO_HYPOXIA,,21,-0.23173654,-1.2783191,0.17731959,0.3484945,1.0,14135,"tags=100%, list=77%, signal=432%",
GOBP_PROTEIN_CATABOLIC_PROCESS_IN_THE_VACUOLE,GOBP_PROTEIN_CATABOLIC_PROCESS_IN_THE_VACUOLE,,27,-0.20392957,-1.2775987,0.18217821,0.34913045,1.0,9879,"tags=74%, list=54%, signal=160%",
GOBP_POSITIVE_REGULATION_OF_ERAD_PATHWAY,GOBP_POSITIVE_REGULATION_OF_ERAD_PATHWAY,,18,-0.25119892,-1.2753576,0.1820041,0.35194153,1.0,12755,"tags=94%, list=69%, signal=308%",
GOBP_MRNA_TRANSPORT,GOBP_MRNA_TRANSPORT,,127,-0.09815446,-1.2751894,0.18997912,0.3518439,1.0,9938,"tags=64%, list=54%, signal=138%",
GOBP_REGULATION_OF_EXIT_FROM_MITOSIS,GOBP_REGULATION_OF_EXIT_FROM_MITOSIS,,18,-0.25256565,-1.2749779,0.17054264,0.35184026,1.0,8643,"tags=72%, list=47%, signal=136%",
GOBP_REGULATION_OF_CHEMOTAXIS,GOBP_REGULATION_OF_CHEMOTAXIS,,204,-0.07699068,-1.2747856,0.18473895,0.3517931,1.0,2297,"tags=20%, list=12%, signal=23%",
GOBP_DNA_TEMPLATED_DNA_REPLICATION_MAINTENANCE_OF_FIDELITY,GOBP_DNA_TEMPLATED_DNA_REPLICATION_MAINTENANCE_OF_FIDELITY,,58,-0.14282893,-1.2738608,0.1933472,0.352681,1.0,13871,"tags=90%, list=75%, signal=364%",
GOBP_REGULATION_OF_EARLY_ENDOSOME_TO_LATE_ENDOSOME_TRANSPORT,GOBP_REGULATION_OF_EARLY_ENDOSOME_TO_LATE_ENDOSOME_TRANSPORT,,19,-0.24347119,-1.2735684,0.20121951,0.35277206,1.0,12951,"tags=95%, list=70%, signal=320%",
GOBP_RESPONSE_TO_DSRNA,GOBP_RESPONSE_TO_DSRNA,,44,-0.1586177,-1.2733984,0.16530612,0.35270864,1.0,12556,"tags=84%, list=68%, signal=264%",
GOBP_PYRAMIDAL_NEURON_DIFFERENTIATION,GOBP_PYRAMIDAL_NEURON_DIFFERENTIATION,,15,-0.27795675,-1.2726899,0.19161677,0.35332453,1.0,8380,"tags=73%, list=46%, signal=135%",
GOBP_GLUTAMINE_FAMILY_AMINO_ACID_METABOLIC_PROCESS,GOBP_GLUTAMINE_FAMILY_AMINO_ACID_METABOLIC_PROCESS,,70,-0.12918277,-1.2726152,0.1902834,0.35311794,1.0,3677,"tags=33%, list=20%, signal=41%",
GOBP_PTERIDINE_CONTAINING_COMPOUND_METABOLIC_PROCESS,GOBP_PTERIDINE_CONTAINING_COMPOUND_METABOLIC_PROCESS,,34,-0.17914787,-1.27181,0.15686275,0.35389587,1.0,11317,"tags=79%, list=62%, signal=206%",
GOBP_REGULATION_OF_MEGAKARYOCYTE_DIFFERENTIATION,GOBP_REGULATION_OF_MEGAKARYOCYTE_DIFFERENTIATION,,37,-0.17564328,-1.2717646,0.18789144,0.35365257,1.0,3736,"tags=38%, list=20%, signal=47%",
GOBP_MITOTIC_SPINDLE_ASSEMBLY,GOBP_MITOTIC_SPINDLE_ASSEMBLY,,77,-0.12463107,-1.2711914,0.18128654,0.35411128,1.0,12288,"tags=79%, list=67%, signal=238%",
GOBP_REGULATION_OF_EPITHELIAL_CELL_PROLIFERATION,GOBP_REGULATION_OF_EPITHELIAL_CELL_PROLIFERATION,,363,-0.057918932,-1.2710421,0.200409,0.35398382,1.0,2098,"tags=17%, list=11%, signal=19%",
GOBP_MIDBRAIN_DEVELOPMENT,GOBP_MIDBRAIN_DEVELOPMENT,,92,-0.111325234,-1.2708769,0.1888668,0.35390878,1.0,1762,"tags=21%, list=10%, signal=23%",
GOBP_REGULATION_OF_PROTEIN_UBIQUITINATION,GOBP_REGULATION_OF_PROTEIN_UBIQUITINATION,,193,-0.07777374,-1.2708548,0.1764706,0.3536377,1.0,14785,"tags=88%, list=80%, signal=445%",
GOBP_STRIATED_MUSCLE_CELL_APOPTOTIC_PROCESS,GOBP_STRIATED_MUSCLE_CELL_APOPTOTIC_PROCESS,,46,-0.15796863,-1.2708035,0.17540322,0.3534199,1.0,9497,"tags=67%, list=52%, signal=139%",
GOBP_RESPONSE_TO_LAMINAR_FLUID_SHEAR_STRESS,GOBP_RESPONSE_TO_LAMINAR_FLUID_SHEAR_STRESS,,20,-0.24631213,-1.27071,0.18046708,0.3532451,1.0,13867,"tags=100%, list=75%, signal=406%",
GOBP_POSITIVE_REGULATION_OF_MICROTUBULE_POLYMERIZATION_OR_DEPOLYMERIZATION,GOBP_POSITIVE_REGULATION_OF_MICROTUBULE_POLYMERIZATION_OR_DEPOLYMERIZATION,,38,-0.17062032,-1.2706584,0.16306484,0.35303086,1.0,8001,"tags=61%, list=44%, signal=107%",
GOBP_INTERLEUKIN_17_PRODUCTION,GOBP_INTERLEUKIN_17_PRODUCTION,,40,-0.167811,-1.270537,0.16363636,0.35289815,1.0,6117,"tags=50%, list=33%, signal=75%",
GOBP_REGULATION_OF_DOUBLE_STRAND_BREAK_REPAIR_VIA_NONHOMOLOGOUS_END_JOINING,GOBP_REGULATION_OF_DOUBLE_STRAND_BREAK_REPAIR_VIA_NONHOMOLOGOUS_END_JOINING,,31,-0.19452527,-1.2704488,0.18979591,0.352715,1.0,13634,"tags=94%, list=74%, signal=361%",
GOBP_REGULATION_OF_T_CELL_APOPTOTIC_PROCESS,GOBP_REGULATION_OF_T_CELL_APOPTOTIC_PROCESS,,42,-0.16431932,-1.2702836,0.17634855,0.35264477,1.0,3992,"tags=38%, list=22%, signal=49%",
GOBP_REGULATION_OF_PROTEIN_SECRETION,GOBP_REGULATION_OF_PROTEIN_SECRETION,,267,-0.06815159,-1.2695217,0.16839917,0.35345426,1.0,7858,"tags=49%, list=43%, signal=85%",
GOBP_REGULATION_OF_SYSTEMIC_ARTERIAL_BLOOD_PRESSURE_MEDIATED_BY_A_CHEMICAL_SIGNAL,GOBP_REGULATION_OF_SYSTEMIC_ARTERIAL_BLOOD_PRESSURE_MEDIATED_BY_A_CHEMICAL_SIGNAL,,52,-0.1514511,-1.2692001,0.18404908,0.35358644,1.0,4297,"tags=38%, list=23%, signal=50%",
GOBP_HORMONE_TRANSPORT,GOBP_HORMONE_TRANSPORT,,337,-0.060752966,-1.2691741,0.17938931,0.35332993,1.0,4034,"tags=28%, list=22%, signal=35%",
GOBP_RETROGRADE_TRANSPORT_ENDOSOME_TO_GOLGI,GOBP_RETROGRADE_TRANSPORT_ENDOSOME_TO_GOLGI,,106,-0.10456659,-1.268793,0.1605691,0.35356513,1.0,13010,"tags=81%, list=71%, signal=276%",
GOBP_PROTEOGLYCAN_CATABOLIC_PROCESS,GOBP_PROTEOGLYCAN_CATABOLIC_PROCESS,,17,-0.25685272,-1.2670443,0.17159763,0.3557142,1.0,5018,"tags=53%, list=27%, signal=73%",
GOBP_NEGATIVE_REGULATION_OF_LEUKOCYTE_MIGRATION,GOBP_NEGATIVE_REGULATION_OF_LEUKOCYTE_MIGRATION,,52,-0.14637783,-1.2666578,0.18008475,0.35593858,1.0,2268,"tags=27%, list=12%, signal=31%",
GOBP_POSITIVE_REGULATION_OF_EXOSOMAL_SECRETION,GOBP_POSITIVE_REGULATION_OF_EXOSOMAL_SECRETION,,15,-0.263982,-1.2650473,0.17928287,0.35775325,1.0,12315,"tags=93%, list=67%, signal=282%",
GOBP_POSITIVE_REGULATION_OF_INTERLEUKIN_17_PRODUCTION,GOBP_POSITIVE_REGULATION_OF_INTERLEUKIN_17_PRODUCTION,,27,-0.19984347,-1.2641561,0.17045455,0.3586169,1.0,5186,"tags=48%, list=28%, signal=67%",
GOBP_INORGANIC_ANION_TRANSPORT,GOBP_INORGANIC_ANION_TRANSPORT,,174,-0.08308707,-1.2633283,0.18821293,0.3593856,1.0,3138,"tags=25%, list=17%, signal=30%",
GOBP_RNA_DECAPPING,GOBP_RNA_DECAPPING,,20,-0.23523216,-1.2625306,0.19354838,0.36021364,1.0,13151,"tags=95%, list=72%, signal=333%",
GOBP_POSITIVE_REGULATION_OF_GENE_EXPRESSION_EPIGENETIC,GOBP_POSITIVE_REGULATION_OF_GENE_EXPRESSION_EPIGENETIC,,60,-0.14250085,-1.2619594,0.17948718,0.36070806,1.0,9956,"tags=68%, list=54%, signal=149%",
GOBP_MITOCHONDRIAL_FISSION,GOBP_MITOCHONDRIAL_FISSION,,42,-0.16683406,-1.2615906,0.17485265,0.36090484,1.0,14455,"tags=95%, list=79%, signal=444%",
GOBP_NEGATIVE_REGULATION_OF_LIPID_STORAGE,GOBP_NEGATIVE_REGULATION_OF_LIPID_STORAGE,,21,-0.2281541,-1.2615422,0.17612524,0.3606795,1.0,9822,"tags=76%, list=53%, signal=163%",
GOBP_POSITIVE_REGULATION_OF_MITOCHONDRIAL_FISSION,GOBP_POSITIVE_REGULATION_OF_MITOCHONDRIAL_FISSION,,22,-0.22516443,-1.2610778,0.18346775,0.36100677,1.0,13420,"tags=95%, list=73%, signal=353%",
GOBP_SNARE_COMPLEX_ASSEMBLY,GOBP_SNARE_COMPLEX_ASSEMBLY,,24,-0.21792935,-1.2603974,0.17418033,0.36162874,1.0,13623,"tags=96%, list=74%, signal=369%",
GOBP_FAT_SOLUBLE_VITAMIN_METABOLIC_PROCESS,GOBP_FAT_SOLUBLE_VITAMIN_METABOLIC_PROCESS,,49,-0.15448654,-1.2603916,0.17764471,0.36134282,1.0,1296,"tags=22%, list=7%, signal=24%",
GOBP_REGULATION_OF_GLYCOLYTIC_PROCESS,GOBP_REGULATION_OF_GLYCOLYTIC_PROCESS,,56,-0.13932563,-1.2603815,0.1814433,0.3610565,1.0,13867,"tags=89%, list=75%, signal=362%",
GOBP_MICROAUTOPHAGY,GOBP_MICROAUTOPHAGY,,22,-0.22360794,-1.2598637,0.17898832,0.36145195,1.0,5925,"tags=55%, list=32%, signal=80%",
GOBP_UBIQUINONE_METABOLIC_PROCESS,GOBP_UBIQUINONE_METABOLIC_PROCESS,,21,-0.22883584,-1.2597122,0.21031746,0.36136895,1.0,11561,"tags=86%, list=63%, signal=231%",
GOBP_NEGATIVE_REGULATION_OF_INFLAMMATORY_RESPONSE_TO_ANTIGENIC_STIMULUS,GOBP_NEGATIVE_REGULATION_OF_INFLAMMATORY_RESPONSE_TO_ANTIGENIC_STIMULUS,,29,-0.19485332,-1.2589622,0.19635628,0.36203256,1.0,3399,"tags=38%, list=18%, signal=46%",
GOBP_POSITIVE_REGULATION_OF_VIRAL_PROCESS,GOBP_POSITIVE_REGULATION_OF_VIRAL_PROCESS,,64,-0.12979144,-1.2581885,0.1875,0.36276335,1.0,12565,"tags=81%, list=68%, signal=256%",
GOBP_PROTEIN_DNA_COMPLEX_DISASSEMBLY,GOBP_PROTEIN_DNA_COMPLEX_DISASSEMBLY,,21,-0.22740494,-1.2576948,0.18287937,0.36313602,1.0,8960,"tags=71%, list=49%, signal=139%",
GOBP_RESPONSE_TO_VITAMIN_A,GOBP_RESPONSE_TO_VITAMIN_A,,15,-0.26996446,-1.2576523,0.21174005,0.36289355,1.0,10979,"tags=87%, list=60%, signal=215%",
GOBP_RESPONSE_TO_STARVATION,GOBP_RESPONSE_TO_STARVATION,,220,-0.076010235,-1.2576164,0.19056974,0.36265817,1.0,13667,"tags=82%, list=74%, signal=315%",
GOBP_REGULATION_OF_OLIGODENDROCYTE_DIFFERENTIATION,GOBP_REGULATION_OF_OLIGODENDROCYTE_DIFFERENTIATION,,42,-0.16282839,-1.2573065,0.18623482,0.36278602,1.0,5333,"tags=45%, list=29%, signal=64%",
GOBP_REGULATION_OF_STRIATED_MUSCLE_CONTRACTION,GOBP_REGULATION_OF_STRIATED_MUSCLE_CONTRACTION,,100,-0.10897381,-1.2552058,0.184,0.36532357,1.0,9778,"tags=64%, list=53%, signal=136%",
GOBP_REGULATION_OF_RENAL_SYSTEM_PROCESS,GOBP_REGULATION_OF_RENAL_SYSTEM_PROCESS,,23,-0.22308883,-1.2547393,0.18801653,0.36567774,1.0,4699,"tags=48%, list=26%, signal=64%",
GOBP_PYRIMIDINE_NUCLEOSIDE_MONOPHOSPHATE_BIOSYNTHETIC_PROCESS,GOBP_PYRIMIDINE_NUCLEOSIDE_MONOPHOSPHATE_BIOSYNTHETIC_PROCESS,,16,-0.26128572,-1.2541714,0.19056603,0.3661439,1.0,11292,"tags=88%, list=61%, signal=226%",
GOBP_IMMUNOLOGICAL_SYNAPSE_FORMATION,GOBP_IMMUNOLOGICAL_SYNAPSE_FORMATION,,18,-0.24296822,-1.2539098,0.1891348,0.36616826,1.0,2689,"tags=39%, list=15%, signal=46%",
GOBP_VIRAL_RNA_GENOME_REPLICATION,GOBP_VIRAL_RNA_GENOME_REPLICATION,,26,-0.20747238,-1.2538099,0.18105263,0.3659975,1.0,8923,"tags=69%, list=49%, signal=134%",
GOBP_REGULATION_OF_TRANSCRIPTION_BY_RNA_POLYMERASE_III,GOBP_REGULATION_OF_TRANSCRIPTION_BY_RNA_POLYMERASE_III,,30,-0.18951398,-1.2530903,0.17586912,0.36667994,1.0,8782,"tags=67%, list=48%, signal=127%",
GOBP_REGULATION_OF_FILOPODIUM_ASSEMBLY,GOBP_REGULATION_OF_FILOPODIUM_ASSEMBLY,,48,-0.15134291,-1.2524056,0.1910569,0.36726698,1.0,7953,"tags=58%, list=43%, signal=103%",
GOBP_REGULATION_OF_PHOSPHOLIPID_BIOSYNTHETIC_PROCESS,GOBP_REGULATION_OF_PHOSPHOLIPID_BIOSYNTHETIC_PROCESS,,18,-0.24478853,-1.251026,0.21505377,0.3688228,1.0,4699,"tags=50%, list=26%, signal=67%",
GOBP_POSITIVE_REGULATION_OF_T_CELL_MEDIATED_IMMUNITY,GOBP_POSITIVE_REGULATION_OF_T_CELL_MEDIATED_IMMUNITY,,70,-0.12749696,-1.249894,0.17485265,0.36999267,1.0,8437,"tags=59%, list=46%, signal=108%",
GOBP_POSITIVE_REGULATION_OF_INTRACELLULAR_PROTEIN_TRANSPORT,GOBP_POSITIVE_REGULATION_OF_INTRACELLULAR_PROTEIN_TRANSPORT,,93,-0.110308774,-1.2490549,0.18825911,0.37087128,1.0,11232,"tags=72%, list=61%, signal=184%",
GOBP_GLYCOSYL_COMPOUND_METABOLIC_PROCESS,GOBP_GLYCOSYL_COMPOUND_METABOLIC_PROCESS,,73,-0.1262857,-1.2484529,0.19335938,0.37137485,1.0,11292,"tags=74%, list=61%, signal=191%",
GOBP_NEGATIVE_REGULATION_OF_G_PROTEIN_COUPLED_RECEPTOR_SIGNALING_PATHWAY,GOBP_NEGATIVE_REGULATION_OF_G_PROTEIN_COUPLED_RECEPTOR_SIGNALING_PATHWAY,,63,-0.13265239,-1.248284,0.20084566,0.3713084,1.0,3992,"tags=35%, list=22%, signal=44%",
GOBP_REGULATION_OF_KETONE_METABOLIC_PROCESS,GOBP_REGULATION_OF_KETONE_METABOLIC_PROCESS,,135,-0.09295414,-1.2481539,0.1904762,0.37118042,1.0,1846,"tags=19%, list=10%, signal=21%",
GOBP_EARLY_ENDOSOME_TO_GOLGI_TRANSPORT,GOBP_EARLY_ENDOSOME_TO_GOLGI_TRANSPORT,,17,-0.24943814,-1.2477181,0.17764471,0.37148368,1.0,12727,"tags=94%, list=69%, signal=305%",
GOBP_NUCLEOSIDE_MONOPHOSPHATE_BIOSYNTHETIC_PROCESS,GOBP_NUCLEOSIDE_MONOPHOSPHATE_BIOSYNTHETIC_PROCESS,,42,-0.16366404,-1.2473456,0.17575757,0.3716947,1.0,11448,"tags=79%, list=62%, signal=208%",
GOBP_MUSCLE_ORGAN_MORPHOGENESIS,GOBP_MUSCLE_ORGAN_MORPHOGENESIS,,83,-0.1154305,-1.2469885,0.18309858,0.37187037,1.0,2984,"tags=28%, list=16%, signal=33%",
GOBP_REGULATION_OF_RECEPTOR_RECYCLING,GOBP_REGULATION_OF_RECEPTOR_RECYCLING,,24,-0.20929521,-1.2459589,0.18255578,0.3729666,1.0,12249,"tags=88%, list=67%, signal=262%",
GOBP_PROTEIN_K48_LINKED_UBIQUITINATION,GOBP_PROTEIN_K48_LINKED_UBIQUITINATION,,101,-0.10711853,-1.2454734,0.19393939,0.37334839,1.0,14794,"tags=91%, list=80%, signal=463%",
GOBP_MITOCHONDRIAL_RNA_PROCESSING,GOBP_MITOCHONDRIAL_RNA_PROCESSING,,24,-0.2104862,-1.2454584,0.20750988,0.37307242,1.0,14526,"tags=100%, list=79%, signal=475%",
GOBP_APICAL_JUNCTION_ASSEMBLY,GOBP_APICAL_JUNCTION_ASSEMBLY,,78,-0.1189291,-1.2453495,0.17408907,0.37293288,1.0,1124,"tags=18%, list=6%, signal=19%",
GOBP_CARBOHYDRATE_PHOSPHORYLATION,GOBP_CARBOHYDRATE_PHOSPHORYLATION,,24,-0.21177702,-1.2443376,0.20384616,0.3740354,1.0,13736,"tags=96%, list=75%, signal=378%",
GOBP_ICOSANOID_SECRETION,GOBP_ICOSANOID_SECRETION,,42,-0.16123883,-1.2438148,0.21443298,0.3744806,1.0,2297,"tags=29%, list=12%, signal=33%",
GOBP_REGULATION_OF_NEUTROPHIL_CHEMOTAXIS,GOBP_REGULATION_OF_NEUTROPHIL_CHEMOTAXIS,,32,-0.18798341,-1.2437923,0.18609408,0.3742111,1.0,2297,"tags=31%, list=12%, signal=36%",
GOBP_PROTEIN_QUALITY_CONTROL_FOR_MISFOLDED_OR_INCOMPLETELY_SYNTHESIZED_PROTEINS,GOBP_PROTEIN_QUALITY_CONTROL_FOR_MISFOLDED_OR_INCOMPLETELY_SYNTHESIZED_PROTEINS,,30,-0.1880562,-1.2436409,0.17107943,0.37410742,1.0,13100,"tags=90%, list=71%, signal=312%",
GOBP_PHOSPHATIDYLINOSITOL_3_KINASE_PROTEIN_KINASE_B_SIGNAL_TRANSDUCTION,GOBP_PHOSPHATIDYLINOSITOL_3_KINASE_PROTEIN_KINASE_B_SIGNAL_TRANSDUCTION,,322,-0.059355985,-1.2434704,0.1933472,0.37404558,1.0,3155,"tags=23%, list=17%, signal=27%",
GOBP_SOMATIC_STEM_CELL_POPULATION_MAINTENANCE,GOBP_SOMATIC_STEM_CELL_POPULATION_MAINTENANCE,,76,-0.12193845,-1.2429179,0.19573644,0.37448958,1.0,10593,"tags=70%, list=58%, signal=164%",
GOBP_RESPONSE_TO_ARSENIC_CONTAINING_SUBSTANCE,GOBP_RESPONSE_TO_ARSENIC_CONTAINING_SUBSTANCE,,30,-0.18836117,-1.2414607,0.20171674,0.37621304,1.0,5738,"tags=50%, list=31%, signal=73%",
GOBP_HEART_VALVE_FORMATION,GOBP_HEART_VALVE_FORMATION,,16,-0.25637755,-1.2411128,0.207767,0.37638637,1.0,5635,"tags=56%, list=31%, signal=81%",
GOBP_REGULATION_OF_RESPONSE_TO_TUMOR_CELL,GOBP_REGULATION_OF_RESPONSE_TO_TUMOR_CELL,,29,-0.19223922,-1.2409378,0.19847329,0.3763171,1.0,3447,"tags=38%, list=19%, signal=47%",
GOBP_NEGATIVE_REGULATION_OF_HIPPO_SIGNALING,GOBP_NEGATIVE_REGULATION_OF_HIPPO_SIGNALING,,24,-0.21080153,-1.2403837,0.218107,0.3767791,1.0,6091,"tags=54%, list=33%, signal=81%",
GOBP_T_HELPER_17_TYPE_IMMUNE_RESPONSE,GOBP_T_HELPER_17_TYPE_IMMUNE_RESPONSE,,54,-0.14441857,-1.2389622,0.21311475,0.37837002,1.0,5186,"tags=43%, list=28%, signal=59%",
GOBP_REGULATION_OF_MACROPHAGE_CHEMOTAXIS,GOBP_REGULATION_OF_MACROPHAGE_CHEMOTAXIS,,30,-0.18846646,-1.2389272,0.19624217,0.3781147,1.0,4510,"tags=43%, list=25%, signal=57%",
GOBP_MEIOTIC_SISTER_CHROMATID_COHESION,GOBP_MEIOTIC_SISTER_CHROMATID_COHESION,,17,-0.249134,-1.2384573,0.21010101,0.37844646,1.0,4078,"tags=47%, list=22%, signal=60%",
GOBP_REGULATION_OF_MEMBRANE_LIPID_DISTRIBUTION,GOBP_REGULATION_OF_MEMBRANE_LIPID_DISTRIBUTION,,66,-0.12979288,-1.2381221,0.20824295,0.3786124,1.0,7654,"tags=55%, list=42%, signal=93%",
GOBP_POSITIVE_REGULATION_OF_COLD_INDUCED_THERMOGENESIS,GOBP_POSITIVE_REGULATION_OF_COLD_INDUCED_THERMOGENESIS,,99,-0.104912564,-1.2376847,0.19723865,0.37893552,1.0,9228,"tags=61%, list=50%, signal=121%",
GOBP_REGULATION_OF_MYELINATION,GOBP_REGULATION_OF_MYELINATION,,48,-0.15453555,-1.2373078,0.22535211,0.37917402,1.0,6745,"tags=52%, list=37%, signal=82%",
GOBP_REGULATION_OF_SYSTEMIC_ARTERIAL_BLOOD_PRESSURE_BY_CIRCULATORY_RENIN_ANGIOTENSIN,GOBP_REGULATION_OF_SYSTEMIC_ARTERIAL_BLOOD_PRESSURE_BY_CIRCULATORY_RENIN_ANGIOTENSIN,,23,-0.22210887,-1.2368394,0.208,0.37953624,1.0,4717,"tags=48%, list=26%, signal=64%",
GOBP_RNA_TEMPLATED_DNA_BIOSYNTHETIC_PROCESS,GOBP_RNA_TEMPLATED_DNA_BIOSYNTHETIC_PROCESS,,60,-0.13320968,-1.2360266,0.22661123,0.38037962,1.0,13498,"tags=87%, list=73%, signal=325%",
GOBP_ANGIOGENESIS_INVOLVED_IN_WOUND_HEALING,GOBP_ANGIOGENESIS_INVOLVED_IN_WOUND_HEALING,,29,-0.19431247,-1.2359865,0.2,0.38014042,1.0,11019,"tags=79%, list=60%, signal=198%",
GOBP_DETECTION_OF_BACTERIUM,GOBP_DETECTION_OF_BACTERIUM,,16,-0.26223812,-1.2341906,0.19056603,0.38235247,1.0,2079,"tags=38%, list=11%, signal=42%",
GOBP_REGULATION_OF_TOLL_LIKE_RECEPTOR_SIGNALING_PATHWAY,GOBP_REGULATION_OF_TOLL_LIKE_RECEPTOR_SIGNALING_PATHWAY,,37,-0.17320623,-1.2339467,0.19758065,0.38241455,1.0,6266,"tags=51%, list=34%, signal=78%",
GOBP_SLEEP,GOBP_SLEEP,,27,-0.20134398,-1.2336076,0.20675944,0.3825591,1.0,3115,"tags=37%, list=17%, signal=45%",
GOBP_EXTRINSIC_APOPTOTIC_SIGNALING_PATHWAY,GOBP_EXTRINSIC_APOPTOTIC_SIGNALING_PATHWAY,,234,-0.06885573,-1.2334414,0.19253439,0.38247344,1.0,6453,"tags=42%, list=35%, signal=64%",
GOBP_AMINO_ACID_CATABOLIC_PROCESS,GOBP_AMINO_ACID_CATABOLIC_PROCESS,,110,-0.10084988,-1.2326382,0.21730383,0.3832653,1.0,4845,"tags=36%, list=26%, signal=49%",
GOBP_CENTROSOME_SEPARATION,GOBP_CENTROSOME_SEPARATION,,16,-0.25540817,-1.2324451,0.1977612,0.38323894,1.0,11400,"tags=88%, list=62%, signal=230%",
GOBP_GLYCOLYTIC_PROCESS_THROUGH_GLUCOSE_6_PHOSPHATE,GOBP_GLYCOLYTIC_PROCESS_THROUGH_GLUCOSE_6_PHOSPHATE,,21,-0.22680873,-1.2321625,0.214,0.38330752,1.0,12474,"tags=90%, list=68%, signal=281%",
GOBP_NEGATIVE_REGULATION_OF_PROTEIN_CATABOLIC_PROCESS,GOBP_NEGATIVE_REGULATION_OF_PROTEIN_CATABOLIC_PROCESS,,117,-0.0992929,-1.2313122,0.20233463,0.3841451,1.0,10290,"tags=66%, list=56%, signal=148%",
GOBP_ACYLGLYCEROL_HOMEOSTASIS,GOBP_ACYLGLYCEROL_HOMEOSTASIS,,43,-0.15701856,-1.2306627,0.20987654,0.38479182,1.0,1397,"tags=23%, list=8%, signal=25%",
GOBP_RESPONSE_TO_REACTIVE_OXYGEN_SPECIES,GOBP_RESPONSE_TO_REACTIVE_OXYGEN_SPECIES,,194,-0.075567886,-1.2304544,0.17303823,0.38478413,1.0,7063,"tags=46%, list=38%, signal=74%",
GOBP_ANOIKIS,GOBP_ANOIKIS,,36,-0.17103878,-1.2303003,0.21399178,0.38470763,1.0,13720,"tags=92%, list=75%, signal=360%",
GOBP_REGULATION_OF_INTRACELLULAR_PROTEIN_TRANSPORT,GOBP_REGULATION_OF_INTRACELLULAR_PROTEIN_TRANSPORT,,151,-0.08648412,-1.22996,0.2053942,0.3848854,1.0,10603,"tags=66%, list=58%, signal=155%",
GOBP_SHORT_CHAIN_FATTY_ACID_METABOLIC_PROCESS,GOBP_SHORT_CHAIN_FATTY_ACID_METABOLIC_PROCESS,,17,-0.24906677,-1.2298896,0.22494887,0.38466093,1.0,11652,"tags=88%, list=63%, signal=241%",
GOBP_MYELOID_CELL_DIFFERENTIATION,GOBP_MYELOID_CELL_DIFFERENTIATION,,459,-0.04899569,-1.2296704,0.1940594,0.38467857,1.0,4812,"tags=31%, list=26%, signal=41%",
GOBP_REGULATION_OF_EXECUTION_PHASE_OF_APOPTOSIS,GOBP_REGULATION_OF_EXECUTION_PHASE_OF_APOPTOSIS,,24,-0.20870993,-1.2288315,0.1904762,0.38558486,1.0,7662,"tags=63%, list=42%, signal=107%",
GOBP_RECEPTOR_RECYCLING,GOBP_RECEPTOR_RECYCLING,,47,-0.15207246,-1.2280369,0.19870411,0.38639915,1.0,12472,"tags=83%, list=68%, signal=257%",
GOBP_SMALL_GTPASE_MEDIATED_SIGNAL_TRANSDUCTION,GOBP_SMALL_GTPASE_MEDIATED_SIGNAL_TRANSDUCTION,,496,-0.04749682,-1.2273504,0.19222903,0.38707244,1.0,16578,"tags=95%, list=90%, signal=935%",
GOBP_DNA_REPLICATION_CHECKPOINT_SIGNALING,GOBP_DNA_REPLICATION_CHECKPOINT_SIGNALING,,20,-0.22483534,-1.2257607,0.2334004,0.38898605,1.0,13342,"tags=95%, list=73%, signal=346%",
GOBP_REGULATION_OF_PROTEIN_COMPLEX_STABILITY,GOBP_REGULATION_OF_PROTEIN_COMPLEX_STABILITY,,16,-0.2575238,-1.225678,0.21518987,0.38880092,1.0,13660,"tags=100%, list=74%, signal=388%",
GOBP_GLUCOSE_CATABOLIC_PROCESS,GOBP_GLUCOSE_CATABOLIC_PROCESS,,28,-0.1938253,-1.2251605,0.21193415,0.38924634,1.0,3010,"tags=36%, list=16%, signal=43%",
GOBP_PROTEIN_LOCALIZATION_TO_CYTOSKELETON,GOBP_PROTEIN_LOCALIZATION_TO_CYTOSKELETON,,66,-0.12639464,-1.2245692,0.2019802,0.38979778,1.0,12732,"tags=82%, list=69%, signal=265%",
GOBP_ESTABLISHMENT_OF_PROTEIN_LOCALIZATION_TO_PLASMA_MEMBRANE,GOBP_ESTABLISHMENT_OF_PROTEIN_LOCALIZATION_TO_PLASMA_MEMBRANE,,69,-0.12732299,-1.2232866,0.22016461,0.3912564,1.0,10995,"tags=72%, list=60%, signal=180%",
GOBP_RESPONSE_TO_PROSTAGLANDIN,GOBP_RESPONSE_TO_PROSTAGLANDIN,,38,-0.16497087,-1.2230289,0.19214876,0.39133015,1.0,2297,"tags=29%, list=12%, signal=33%",
GOBP_NEGATIVE_REGULATION_OF_NATURAL_KILLER_CELL_MEDIATED_IMMUNITY,GOBP_NEGATIVE_REGULATION_OF_NATURAL_KILLER_CELL_MEDIATED_IMMUNITY,,26,-0.20354557,-1.2229521,0.21138212,0.3911405,1.0,2629,"tags=35%, list=14%, signal=40%",
GOBP_IMMATURE_T_CELL_PROLIFERATION,GOBP_IMMATURE_T_CELL_PROLIFERATION,,15,-0.26357567,-1.2225637,0.20077972,0.3913791,1.0,3740,"tags=47%, list=20%, signal=59%",
GOBP_PROTEIN_K63_LINKED_DEUBIQUITINATION,GOBP_PROTEIN_K63_LINKED_DEUBIQUITINATION,,27,-0.19516444,-1.2209398,0.21767241,0.39332518,1.0,14808,"tags=100%, list=81%, signal=513%",
GOBP_FATTY_ACID_HOMEOSTASIS,GOBP_FATTY_ACID_HOMEOSTASIS,,17,-0.24958861,-1.2196848,0.22075471,0.39479804,1.0,1906,"tags=35%, list=10%, signal=39%",
GOBP_NEGATIVE_REGULATION_OF_RNA_SPLICING,GOBP_NEGATIVE_REGULATION_OF_RNA_SPLICING,,27,-0.19499703,-1.2191799,0.20486815,0.3952468,1.0,5275,"tags=48%, list=29%, signal=67%",
GOBP_MACROPHAGE_CHEMOTAXIS,GOBP_MACROPHAGE_CHEMOTAXIS,,43,-0.15544814,-1.2187126,0.21649484,0.3956102,1.0,3992,"tags=37%, list=22%, signal=47%",
GOBP_MICROGLIA_DIFFERENTIATION,GOBP_MICROGLIA_DIFFERENTIATION,,16,-0.2515034,-1.218516,0.2090164,0.39558598,1.0,6874,"tags=63%, list=37%, signal=100%",
GOBP_IMMUNE_RESPONSE_TO_TUMOR_CELL,GOBP_IMMUNE_RESPONSE_TO_TUMOR_CELL,,33,-0.17897077,-1.2180563,0.22633745,0.39594302,1.0,5075,"tags=45%, list=28%, signal=63%",
GOBP_PROGESTERONE_METABOLIC_PROCESS,GOBP_PROGESTERONE_METABOLIC_PROCESS,,16,-0.25050682,-1.2171113,0.21730383,0.39698046,1.0,3444,"tags=44%, list=19%, signal=54%",
GOBP_RECEPTOR_METABOLIC_PROCESS,GOBP_RECEPTOR_METABOLIC_PROCESS,,74,-0.11967541,-1.2166206,0.23790322,0.3973747,1.0,12472,"tags=80%, list=68%, signal=247%",
GOBP_ESTABLISHMENT_OF_RNA_LOCALIZATION,GOBP_ESTABLISHMENT_OF_RNA_LOCALIZATION,,159,-0.08461314,-1.216215,0.2358871,0.3976334,1.0,13495,"tags=82%, list=73%, signal=304%",
GOBP_POSITIVE_REGULATION_OF_T_CELL_PROLIFERATION,GOBP_POSITIVE_REGULATION_OF_T_CELL_PROLIFERATION,,105,-0.102307245,-1.216162,0.21230158,0.3974131,1.0,4786,"tags=36%, list=26%, signal=49%",
GOBP_CHEMOKINE_C_X_C_MOTIF_LIGAND_2_PRODUCTION,GOBP_CHEMOKINE_C_X_C_MOTIF_LIGAND_2_PRODUCTION,,19,-0.23372811,-1.2157772,0.2231405,0.39764297,1.0,13130,"tags=95%, list=71%, signal=331%",
GOBP_POSITIVE_REGULATION_OF_MACROPHAGE_DERIVED_FOAM_CELL_DIFFERENTIATION,GOBP_POSITIVE_REGULATION_OF_MACROPHAGE_DERIVED_FOAM_CELL_DIFFERENTIATION,,20,-0.22774208,-1.215752,0.23679061,0.397364,1.0,2254,"tags=35%, list=12%, signal=40%",
GOBP_LONG_CHAIN_FATTY_ACID_TRANSPORT,GOBP_LONG_CHAIN_FATTY_ACID_TRANSPORT,,63,-0.1296351,-1.2136562,0.20229007,0.40001702,1.0,12513,"tags=81%, list=68%, signal=252%",
GOBP_PROTEIN_LOCALIZATION_TO_CENP_A_CONTAINING_CHROMATIN,GOBP_PROTEIN_LOCALIZATION_TO_CENP_A_CONTAINING_CHROMATIN,,18,-0.2415924,-1.2136502,0.21414913,0.3997156,1.0,3736,"tags=44%, list=20%, signal=56%",
GOBP_NEGATIVE_REGULATION_OF_INTRACELLULAR_TRANSPORT,GOBP_NEGATIVE_REGULATION_OF_INTRACELLULAR_TRANSPORT,,56,-0.13645738,-1.2132004,0.20825148,0.40008107,1.0,14248,"tags=91%, list=77%, signal=403%",
GOBP_PROSTATE_GLAND_MORPHOGENESIS,GOBP_PROSTATE_GLAND_MORPHOGENESIS,,30,-0.18715571,-1.2131442,0.24074075,0.39985034,1.0,3308,"tags=37%, list=18%, signal=45%",
GOBP_NEGATIVE_REGULATION_OF_B_CELL_ACTIVATION,GOBP_NEGATIVE_REGULATION_OF_B_CELL_ACTIVATION,,33,-0.17612667,-1.2131186,0.21,0.39958662,1.0,2898,"tags=33%, list=16%, signal=39%",
GOBP_NEGATIVE_REGULATION_OF_NERVOUS_SYSTEM_PROCESS,GOBP_NEGATIVE_REGULATION_OF_NERVOUS_SYSTEM_PROCESS,,18,-0.23720796,-1.2126619,0.21084337,0.39995584,1.0,5860,"tags=56%, list=32%, signal=81%",
GOBP_QUINONE_METABOLIC_PROCESS,GOBP_QUINONE_METABOLIC_PROCESS,,24,-0.20503259,-1.2120987,0.22266401,0.40043113,1.0,11561,"tags=83%, list=63%, signal=224%",
GOBP_OLIGODENDROCYTE_DEVELOPMENT,GOBP_OLIGODENDROCYTE_DEVELOPMENT,,47,-0.14668953,-1.2112551,0.21792261,0.40129,1.0,2397,"tags=28%, list=13%, signal=32%",
GOBP_REGULATION_OF_MITOCHONDRIAL_TRANSLATION,GOBP_REGULATION_OF_MITOCHONDRIAL_TRANSLATION,,25,-0.20522486,-1.2107147,0.23173277,0.4017748,1.0,10209,"tags=76%, list=56%, signal=171%",
GOBP_NEGATIVE_REGULATION_OF_UBIQUITIN_DEPENDENT_PROTEIN_CATABOLIC_PROCESS,GOBP_NEGATIVE_REGULATION_OF_UBIQUITIN_DEPENDENT_PROTEIN_CATABOLIC_PROCESS,,56,-0.13781212,-1.2105763,0.24457593,0.40165052,1.0,9297,"tags=64%, list=51%, signal=130%",
GOBP_REGULATION_OF_INTESTINAL_ABSORPTION,GOBP_REGULATION_OF_INTESTINAL_ABSORPTION,,15,-0.25988245,-1.2105368,0.21756487,0.40141138,1.0,6260,"tags=60%, list=34%, signal=91%",
GOBP_ACUTE_PHASE_RESPONSE,GOBP_ACUTE_PHASE_RESPONSE,,45,-0.1515086,-1.2097158,0.19847329,0.4022735,1.0,1717,"tags=24%, list=9%, signal=27%",
GOBP_POSITIVE_REGULATION_OF_CD4_POSITIVE_ALPHA_BETA_T_CELL_DIFFERENTIATION,GOBP_POSITIVE_REGULATION_OF_CD4_POSITIVE_ALPHA_BETA_T_CELL_DIFFERENTIATION,,38,-0.1667116,-1.2092129,0.23320158,0.4027185,1.0,3233,"tags=34%, list=18%, signal=41%",
GOBP_REGULATION_OF_SHORT_TERM_NEURONAL_SYNAPTIC_PLASTICITY,GOBP_REGULATION_OF_SHORT_TERM_NEURONAL_SYNAPTIC_PLASTICITY,,16,-0.25061566,-1.2083104,0.23320158,0.40370026,1.0,3442,"tags=44%, list=19%, signal=54%",
GOBP_FOAM_CELL_DIFFERENTIATION,GOBP_FOAM_CELL_DIFFERENTIATION,,39,-0.16394915,-1.207417,0.2244898,0.4047018,1.0,10196,"tags=72%, list=55%, signal=161%",
GOBP_VESICLE_MEDIATED_TRANSPORT_IN_SYNAPSE,GOBP_VESICLE_MEDIATED_TRANSPORT_IN_SYNAPSE,,258,-0.06537463,-1.2073251,0.21230158,0.40452343,1.0,13286,"tags=79%, list=72%, signal=279%",
GOBP_POSITIVE_REGULATION_OF_TYPE_I_INTERFERON_MEDIATED_SIGNALING_PATHWAY,GOBP_POSITIVE_REGULATION_OF_TYPE_I_INTERFERON_MEDIATED_SIGNALING_PATHWAY,,20,-0.22964454,-1.2065885,0.23018868,0.40523955,1.0,10495,"tags=80%, list=57%, signal=186%",
GOBP_POSITIVE_REGULATION_OF_MACROPHAGE_ACTIVATION,GOBP_POSITIVE_REGULATION_OF_MACROPHAGE_ACTIVATION,,28,-0.19528593,-1.2057979,0.22154471,0.40608615,1.0,3640,"tags=39%, list=20%, signal=49%",
GOBP_COCHLEA_MORPHOGENESIS,GOBP_COCHLEA_MORPHOGENESIS,,26,-0.19595797,-1.2020016,0.22023809,0.41131732,1.0,2061,"tags=31%, list=11%, signal=35%",
GOBP_RESPIRATORY_BURST,GOBP_RESPIRATORY_BURST,,36,-0.16854323,-1.2017367,0.22653061,0.41141212,1.0,2016,"tags=28%, list=11%, signal=31%",
GOBP_MATERNAL_PLACENTA_DEVELOPMENT,GOBP_MATERNAL_PLACENTA_DEVELOPMENT,,36,-0.16842823,-1.2006215,0.22505307,0.41277722,1.0,6105,"tags=50%, list=33%, signal=75%",
GOBP_MULTICELLULAR_ORGANISMAL_LEVEL_WATER_HOMEOSTASIS,GOBP_MULTICELLULAR_ORGANISMAL_LEVEL_WATER_HOMEOSTASIS,,31,-0.18162383,-1.2004104,0.24,0.41279733,1.0,4972,"tags=45%, list=27%, signal=62%",
GOBP_HYALURONAN_CATABOLIC_PROCESS,GOBP_HYALURONAN_CATABOLIC_PROCESS,,16,-0.24906123,-1.1990342,0.23353294,0.41452262,1.0,4620,"tags=50%, list=25%, signal=67%",
GOBP_REGULATION_OF_TRANSCRIPTION_BY_RNA_POLYMERASE_I,GOBP_REGULATION_OF_TRANSCRIPTION_BY_RNA_POLYMERASE_I,,46,-0.1468283,-1.1988121,0.242,0.41454712,1.0,12500,"tags=83%, list=68%, signal=257%",
GOBP_MITOCHONDRIAL_OUTER_MEMBRANE_PERMEABILIZATION,GOBP_MITOCHONDRIAL_OUTER_MEMBRANE_PERMEABILIZATION,,33,-0.17241266,-1.1984336,0.25,0.41478798,1.0,6310,"tags=52%, list=34%, signal=78%",
GOBP_GOLGI_TO_PLASMA_MEMBRANE_PROTEIN_TRANSPORT,GOBP_GOLGI_TO_PLASMA_MEMBRANE_PROTEIN_TRANSPORT,,44,-0.15257262,-1.1973445,0.22396857,0.41602606,1.0,10995,"tags=75%, list=60%, signal=186%",
GOBP_CDC42_PROTEIN_SIGNAL_TRANSDUCTION,GOBP_CDC42_PROTEIN_SIGNAL_TRANSDUCTION,,15,-0.25878316,-1.1969752,0.22505307,0.4162388,1.0,2602,"tags=40%, list=14%, signal=47%",
GOBP_NEGATIVE_REGULATION_OF_PROTEASOMAL_UBIQUITIN_DEPENDENT_PROTEIN_CATABOLIC_PROCESS,GOBP_NEGATIVE_REGULATION_OF_PROTEASOMAL_UBIQUITIN_DEPENDENT_PROTEIN_CATABOLIC_PROCESS,,41,-0.1541769,-1.1967362,0.23232323,0.41625974,1.0,9283,"tags=66%, list=50%, signal=133%",
GOBP_NEGATIVE_REGULATION_OF_CELL_FATE_COMMITMENT,GOBP_NEGATIVE_REGULATION_OF_CELL_FATE_COMMITMENT,,15,-0.25802132,-1.1966755,0.23828125,0.41602618,1.0,2616,"tags=40%, list=14%, signal=47%",
GOBP_TRNA_METHYLATION,GOBP_TRNA_METHYLATION,,39,-0.16555731,-1.1966624,0.21676892,0.4157337,1.0,13939,"tags=92%, list=76%, signal=381%",
GOBP_REGULATION_OF_CAMP_PKA_SIGNAL_TRANSDUCTION,GOBP_REGULATION_OF_CAMP_PKA_SIGNAL_TRANSDUCTION,,26,-0.19000393,-1.1962206,0.21971253,0.41607204,1.0,1463,"tags=27%, list=8%, signal=29%",
GOBP_VENTRICULAR_TRABECULA_MYOCARDIUM_MORPHOGENESIS,GOBP_VENTRICULAR_TRABECULA_MYOCARDIUM_MORPHOGENESIS,,15,-0.25793788,-1.1961459,0.24843423,0.41585892,1.0,11200,"tags=87%, list=61%, signal=221%",
GOBP_SECRETION_BY_TISSUE,GOBP_SECRETION_BY_TISSUE,,44,-0.15423377,-1.1954538,0.2138229,0.41654158,1.0,2187,"tags=27%, list=12%, signal=31%",
GOBP_NEGATIVE_REGULATION_OF_B_CELL_APOPTOTIC_PROCESS,GOBP_NEGATIVE_REGULATION_OF_B_CELL_APOPTOTIC_PROCESS,,15,-0.24781236,-1.1953478,0.24509804,0.41638708,1.0,10160,"tags=80%, list=55%, signal=179%",
GOBP_TRIGLYCERIDE_CATABOLIC_PROCESS,GOBP_TRIGLYCERIDE_CATABOLIC_PROCESS,,32,-0.17618231,-1.1947597,0.22348484,0.41694322,1.0,9985,"tags=72%, list=54%, signal=157%",
GOBP_CHOLESTEROL_STORAGE,GOBP_CHOLESTEROL_STORAGE,,23,-0.20537607,-1.1946332,0.24593496,0.41681868,1.0,9822,"tags=74%, list=53%, signal=158%",
GOBP_POSITIVE_REGULATION_OF_LEUKOCYTE_APOPTOTIC_PROCESS,GOBP_POSITIVE_REGULATION_OF_LEUKOCYTE_APOPTOTIC_PROCESS,,31,-0.18062939,-1.1942759,0.20532319,0.41698822,1.0,4397,"tags=42%, list=24%, signal=55%",
GOBP_B_CELL_MEDIATED_IMMUNITY,GOBP_B_CELL_MEDIATED_IMMUNITY,,134,-0.089397326,-1.1935793,0.2392638,0.41766384,1.0,2898,"tags=25%, list=16%, signal=29%",
GOBP_PIGMENT_GRANULE_ORGANIZATION,GOBP_PIGMENT_GRANULE_ORGANIZATION,,40,-0.15997356,-1.1930982,0.23274162,0.41803575,1.0,14077,"tags=93%, list=77%, signal=393%",
GOBP_AXIS_ELONGATION,GOBP_AXIS_ELONGATION,,31,-0.18554366,-1.1930591,0.22925764,0.4177809,1.0,2527,"tags=32%, list=14%, signal=37%",
GOBP_VASCULAR_ASSOCIATED_SMOOTH_MUSCLE_CONTRACTION,GOBP_VASCULAR_ASSOCIATED_SMOOTH_MUSCLE_CONTRACTION,,26,-0.19581558,-1.191465,0.21255061,0.4197926,1.0,4893,"tags=46%, list=27%, signal=63%",
GOBP_ACTOMYOSIN_STRUCTURE_ORGANIZATION,GOBP_ACTOMYOSIN_STRUCTURE_ORGANIZATION,,210,-0.071211934,-1.1908365,0.216,0.4203777,1.0,6413,"tags=42%, list=35%, signal=64%",
GOBP_REGULATION_OF_LYMPHOCYTE_DIFFERENTIATION,GOBP_REGULATION_OF_LYMPHOCYTE_DIFFERENTIATION,,223,-0.06857026,-1.1891739,0.2546973,0.42254186,1.0,5023,"tags=34%, list=27%, signal=46%",
GOBP_ALPHA_AMINO_ACID_BIOSYNTHETIC_PROCESS,GOBP_ALPHA_AMINO_ACID_BIOSYNTHETIC_PROCESS,,53,-0.14020067,-1.1879613,0.23762377,0.42406368,1.0,4023,"tags=36%, list=22%, signal=46%",
GOBP_MYELOID_CELL_ACTIVATION_INVOLVED_IN_IMMUNE_RESPONSE,GOBP_MYELOID_CELL_ACTIVATION_INVOLVED_IN_IMMUNE_RESPONSE,,99,-0.10173626,-1.187688,0.24855492,0.42415807,1.0,2970,"tags=26%, list=16%, signal=31%",
GOBP_POSITIVE_REGULATION_OF_GLIAL_CELL_PROLIFERATION,GOBP_POSITIVE_REGULATION_OF_GLIAL_CELL_PROLIFERATION,,21,-0.21414834,-1.1874039,0.23952095,0.42422286,1.0,7452,"tags=62%, list=41%, signal=104%",
GOBP_PYRIMIDINE_DEOXYRIBONUCLEOTIDE_METABOLIC_PROCESS,GOBP_PYRIMIDINE_DEOXYRIBONUCLEOTIDE_METABOLIC_PROCESS,,24,-0.20375764,-1.1873618,0.2382892,0.42397052,1.0,13117,"tags=92%, list=71%, signal=319%",
GOBP_REGULATION_OF_APOPTOTIC_SIGNALING_PATHWAY,GOBP_REGULATION_OF_APOPTOTIC_SIGNALING_PATHWAY,,381,-0.052077517,-1.1870297,0.23658052,0.42415288,1.0,15475,"tags=89%, list=84%, signal=551%",
GOBP_ARGININE_METABOLIC_PROCESS,GOBP_ARGININE_METABOLIC_PROCESS,,22,-0.21407855,-1.1862068,0.2639405,0.42502528,1.0,6936,"tags=59%, list=38%, signal=95%",
GOBP_ANTEROGRADE_AXONAL_TRANSPORT,GOBP_ANTEROGRADE_AXONAL_TRANSPORT,,47,-0.14718245,-1.1859144,0.2485437,0.4251767,1.0,12953,"tags=85%, list=70%, signal=287%",
GOBP_COPPER_ION_TRANSPORT,GOBP_COPPER_ION_TRANSPORT,,16,-0.24758504,-1.1850208,0.26171875,0.42617753,1.0,6946,"tags=63%, list=38%, signal=100%",
GOBP_PYROPTOTIC_INFLAMMATORY_RESPONSE,GOBP_PYROPTOTIC_INFLAMMATORY_RESPONSE,,39,-0.1658521,-1.1829787,0.24848485,0.42888778,1.0,5917,"tags=49%, list=32%, signal=72%",
GOBP_PIECEMEAL_MICROAUTOPHAGY_OF_THE_NUCLEUS,GOBP_PIECEMEAL_MICROAUTOPHAGY_OF_THE_NUCLEUS,,18,-0.23367016,-1.1822366,0.24081632,0.42967904,1.0,5925,"tags=56%, list=32%, signal=82%",
GOBP_PROTEIN_METHYLATION,GOBP_PROTEIN_METHYLATION,,41,-0.15442148,-1.1817651,0.23762377,0.43008298,1.0,12867,"tags=85%, list=70%, signal=284%",
GOBP_ESTROGEN_RECEPTOR_SIGNALING_PATHWAY,GOBP_ESTROGEN_RECEPTOR_SIGNALING_PATHWAY,,57,-0.13149951,-1.1807582,0.24089068,0.4312751,1.0,11464,"tags=75%, list=62%, signal=200%",
GOBP_REGULATION_OF_OXIDOREDUCTASE_ACTIVITY,GOBP_REGULATION_OF_OXIDOREDUCTASE_ACTIVITY,,28,-0.18785056,-1.1800282,0.2345679,0.43203643,1.0,5747,"tags=50%, list=31%, signal=73%",
GOBP_NEGATIVE_REGULATION_OF_ENDOTHELIAL_CELL_APOPTOTIC_PROCESS,GOBP_NEGATIVE_REGULATION_OF_ENDOTHELIAL_CELL_APOPTOTIC_PROCESS,,34,-0.16849959,-1.1800159,0.25,0.43173373,1.0,8267,"tags=62%, list=45%, signal=112%",
GOBP_BODY_FLUID_SECRETION,GOBP_BODY_FLUID_SECRETION,,90,-0.107117996,-1.1788757,0.2413793,0.43310326,1.0,4784,"tags=37%, list=26%, signal=49%",
GOBP_REGULATION_OF_PHOSPHOLIPID_METABOLIC_PROCESS,GOBP_REGULATION_OF_PHOSPHOLIPID_METABOLIC_PROCESS,,36,-0.16633524,-1.1759738,0.25675675,0.43712527,1.0,7676,"tags=58%, list=42%, signal=100%",
GOBP_PROTEIN_BRANCHED_POLYUBIQUITINATION,GOBP_PROTEIN_BRANCHED_POLYUBIQUITINATION,,19,-0.22029807,-1.1748055,0.26104417,0.43855813,1.0,8537,"tags=68%, list=46%, signal=128%",
GOBP_REGULATION_OF_TRANSFERASE_ACTIVITY,GOBP_REGULATION_OF_TRANSFERASE_ACTIVITY,,317,-0.056651764,-1.1746777,0.2576336,0.43844825,1.0,6055,"tags=38%, list=33%, signal=56%",
GOBP_POSITIVE_REGULATION_OF_POTASSIUM_ION_TRANSMEMBRANE_TRANSPORT,GOBP_POSITIVE_REGULATION_OF_POTASSIUM_ION_TRANSMEMBRANE_TRANSPORT,,30,-0.18143342,-1.1743118,0.24746451,0.43868777,1.0,2187,"tags=30%, list=12%, signal=34%",
GOBP_REGULATION_OF_TRANSLATION_IN_RESPONSE_TO_STRESS,GOBP_REGULATION_OF_TRANSLATION_IN_RESPONSE_TO_STRESS,,21,-0.21413538,-1.1742994,0.2514507,0.43838573,1.0,8328,"tags=67%, list=45%, signal=122%",
GOBP_MAINTENANCE_OF_PROTEIN_LOCALIZATION_IN_ORGANELLE,GOBP_MAINTENANCE_OF_PROTEIN_LOCALIZATION_IN_ORGANELLE,,45,-0.14609662,-1.1736592,0.26506025,0.43903255,1.0,8764,"tags=62%, list=48%, signal=119%",
GOBP_REGULATION_OF_NEUROINFLAMMATORY_RESPONSE,GOBP_REGULATION_OF_NEUROINFLAMMATORY_RESPONSE,,35,-0.16465928,-1.1724004,0.24273859,0.44059587,1.0,3284,"tags=34%, list=18%, signal=42%",
GOBP_REGULATION_OF_G_PROTEIN_COUPLED_RECEPTOR_SIGNALING_PATHWAY,GOBP_REGULATION_OF_G_PROTEIN_COUPLED_RECEPTOR_SIGNALING_PATHWAY,,158,-0.08115723,-1.1696,0.24457593,0.44441706,1.0,3992,"tags=30%, list=22%, signal=38%",
GOBP_POLYOL_BIOSYNTHETIC_PROCESS,GOBP_POLYOL_BIOSYNTHETIC_PROCESS,,61,-0.124616124,-1.1688793,0.24696356,0.44514626,1.0,8269,"tags=57%, list=45%, signal=104%",
GOBP_ANTIGEN_PROCESSING_AND_PRESENTATION,GOBP_ANTIGEN_PROCESSING_AND_PRESENTATION,,116,-0.09439691,-1.1674833,0.27946767,0.4469807,1.0,9691,"tags=62%, list=53%, signal=130%",
GOBP_NEGATIVE_REGULATION_OF_PROTEIN_LOCALIZATION_TO_MEMBRANE,GOBP_NEGATIVE_REGULATION_OF_PROTEIN_LOCALIZATION_TO_MEMBRANE,,38,-0.15727675,-1.1674503,0.24640657,0.44670406,1.0,6310,"tags=50%, list=34%, signal=76%",
GOBP_REGULATION_OF_CILIUM_ASSEMBLY,GOBP_REGULATION_OF_CILIUM_ASSEMBLY,,98,-0.10106241,-1.16682,0.2644135,0.4473482,1.0,12790,"tags=80%, list=70%, signal=260%",
GOBP_REGULATION_OF_VESICLE_SIZE,GOBP_REGULATION_OF_VESICLE_SIZE,,18,-0.2338758,-1.1668001,0.2489712,0.44704995,1.0,14095,"tags=100%, list=77%, signal=428%",
GOBP_TYPE_II_INTERFERON_MEDIATED_SIGNALING_PATHWAY,GOBP_TYPE_II_INTERFERON_MEDIATED_SIGNALING_PATHWAY,,28,-0.18331312,-1.1666223,0.2601626,0.44700158,1.0,14369,"tags=96%, list=78%, signal=440%",
GOBP_NEUROTRANSMITTER_RECEPTOR_TRANSPORT,GOBP_NEUROTRANSMITTER_RECEPTOR_TRANSPORT,,20,-0.2145501,-1.1654662,0.24217118,0.448455,1.0,5255,"tags=50%, list=29%, signal=70%",
GOBP_NEGATIVE_REGULATION_OF_LYMPHOCYTE_APOPTOTIC_PROCESS,GOBP_NEGATIVE_REGULATION_OF_LYMPHOCYTE_APOPTOTIC_PROCESS,,38,-0.16527629,-1.1651459,0.27125505,0.44860807,1.0,9551,"tags=68%, list=52%, signal=142%",
GOBP_RESPONSE_TO_ETHER,GOBP_RESPONSE_TO_ETHER,,22,-0.20727113,-1.1644758,0.25760648,0.44934317,1.0,7897,"tags=64%, list=43%, signal=111%",
GOBP_REGULATION_OF_LYSOSOMAL_LUMEN_PH,GOBP_REGULATION_OF_LYSOSOMAL_LUMEN_PH,,30,-0.18097597,-1.163547,0.28456914,0.4504384,1.0,13230,"tags=90%, list=72%, signal=320%",
GOBP_POSITIVE_REGULATION_OF_CELL_DIVISION,GOBP_POSITIVE_REGULATION_OF_CELL_DIVISION,,91,-0.10258512,-1.1634846,0.268,0.45021397,1.0,15100,"tags=92%, list=82%, signal=513%",
GOBP_REGULATION_OF_LIPID_METABOLIC_PROCESS,GOBP_REGULATION_OF_LIPID_METABOLIC_PROCESS,,329,-0.054980982,-1.1628815,0.25301206,0.45079723,1.0,5101,"tags=33%, list=28%, signal=45%",
GOBP_LYMPH_VESSEL_DEVELOPMENT,GOBP_LYMPH_VESSEL_DEVELOPMENT,,31,-0.17356108,-1.1622239,0.2504931,0.45147386,1.0,2747,"tags=32%, list=15%, signal=38%",
GOBP_REGULATION_OF_MYOBLAST_DIFFERENTIATION,GOBP_REGULATION_OF_MYOBLAST_DIFFERENTIATION,,76,-0.11571548,-1.1620996,0.28513238,0.45133418,1.0,10223,"tags=67%, list=56%, signal=150%",
GOBP_REGULATION_OF_PROTEIN_TYROSINE_KINASE_ACTIVITY,GOBP_REGULATION_OF_PROTEIN_TYROSINE_KINASE_ACTIVITY,,25,-0.19400413,-1.1613599,0.2626459,0.4521587,1.0,12622,"tags=88%, list=69%, signal=280%",
GOBP_POSITIVE_REGULATION_OF_LYMPHOCYTE_DIFFERENTIATION,GOBP_POSITIVE_REGULATION_OF_LYMPHOCYTE_DIFFERENTIATION,,140,-0.08202917,-1.1608582,0.26120856,0.4525941,1.0,3233,"tags=26%, list=18%, signal=31%",
GOBP_REGULATION_OF_MACROPHAGE_ACTIVATION,GOBP_REGULATION_OF_MACROPHAGE_ACTIVATION,,58,-0.1306237,-1.1606038,0.2783726,0.45266655,1.0,3948,"tags=34%, list=21%, signal=44%",
GOBP_REGULATION_OF_LEUKOCYTE_DIFFERENTIATION,GOBP_REGULATION_OF_LEUKOCYTE_DIFFERENTIATION,,333,-0.055259515,-1.1601452,0.26337448,0.45305717,1.0,5023,"tags=33%, list=27%, signal=44%",
GOBP_NUCLEOTIDE_SUGAR_METABOLIC_PROCESS,GOBP_NUCLEOTIDE_SUGAR_METABOLIC_PROCESS,,45,-0.14639337,-1.1592245,0.2526096,0.45415208,1.0,10802,"tags=73%, list=59%, signal=177%",
GOBP_POSITIVE_REGULATION_OF_GLIOGENESIS,GOBP_POSITIVE_REGULATION_OF_GLIOGENESIS,,64,-0.1252089,-1.1591688,0.27888447,0.45390576,1.0,5465,"tags=42%, list=30%, signal=60%",
GOBP_GLOMERULAR_MESANGIUM_DEVELOPMENT,GOBP_GLOMERULAR_MESANGIUM_DEVELOPMENT,,17,-0.24089666,-1.15904,0.27564102,0.4537627,1.0,6393,"tags=59%, list=35%, signal=90%",
GOBP_POSITIVE_REGULATION_OF_CELL_CYCLE_G2_M_PHASE_TRANSITION,GOBP_POSITIVE_REGULATION_OF_CELL_CYCLE_G2_M_PHASE_TRANSITION,,29,-0.17522508,-1.1587187,0.26968503,0.45392817,1.0,13272,"tags=90%, list=72%, signal=322%",
GOBP_MITOTIC_CHROMOSOME_CONDENSATION,GOBP_MITOTIC_CHROMOSOME_CONDENSATION,,18,-0.22749868,-1.1585382,0.27419356,0.45389056,1.0,11147,"tags=83%, list=61%, signal=211%",
GOBP_SEQUESTERING_OF_CALCIUM_ION,GOBP_SEQUESTERING_OF_CALCIUM_ION,,132,-0.08479088,-1.1585319,0.2642998,0.45357192,1.0,7091,"tags=47%, list=39%, signal=76%",
GOBP_POSITIVE_REGULATION_OF_SECRETION,GOBP_POSITIVE_REGULATION_OF_SECRETION,,319,-0.056071956,-1.1583223,0.26078433,0.45357984,1.0,5560,"tags=36%, list=30%, signal=50%",
GOBP_CELL_CYCLE_G1_S_PHASE_TRANSITION,GOBP_CELL_CYCLE_G1_S_PHASE_TRANSITION,,240,-0.06432014,-1.1578302,0.26796117,0.45398733,1.0,12167,"tags=73%, list=66%, signal=211%",
GOBP_PYRIDINE_CONTAINING_COMPOUND_BIOSYNTHETIC_PROCESS,GOBP_PYRIDINE_CONTAINING_COMPOUND_BIOSYNTHETIC_PROCESS,,23,-0.20364101,-1.1565206,0.27310926,0.4556184,1.0,3457,"tags=39%, list=19%, signal=48%",
GOBP_MEIOTIC_SPINDLE_ORGANIZATION,GOBP_MEIOTIC_SPINDLE_ORGANIZATION,,21,-0.20942791,-1.1557665,0.27131784,0.4564087,1.0,10166,"tags=76%, list=55%, signal=170%",
GOBP_ORGANELLE_TRANSPORT_ALONG_MICROTUBULE,GOBP_ORGANELLE_TRANSPORT_ALONG_MICROTUBULE,,92,-0.10004703,-1.154497,0.27659574,0.45808634,1.0,12963,"tags=80%, list=70%, signal=271%",
GOBP_GLYCOLYTIC_PROCESS_THROUGH_FRUCTOSE_6_PHOSPHATE,GOBP_GLYCOLYTIC_PROCESS_THROUGH_FRUCTOSE_6_PHOSPHATE,,25,-0.19043231,-1.1544969,0.2701031,0.45775953,1.0,1653,"tags=28%, list=9%, signal=31%",
GOBP_T_CELL_RECEPTOR_SIGNALING_PATHWAY,GOBP_T_CELL_RECEPTOR_SIGNALING_PATHWAY,,143,-0.08396897,-1.1541018,0.2751004,0.45808533,1.0,14802,"tags=89%, list=80%, signal=452%",
GOBP_VESICLE_CARGO_LOADING,GOBP_VESICLE_CARGO_LOADING,,36,-0.16383667,-1.1531461,0.2695473,0.45920166,1.0,7211,"tags=56%, list=39%, signal=91%",
GOBP_POSITIVE_REGULATION_OF_SODIUM_ION_TRANSPORT,GOBP_POSITIVE_REGULATION_OF_SODIUM_ION_TRANSPORT,,34,-0.16305688,-1.15307,0.25963488,0.45898706,1.0,7826,"tags=59%, list=43%, signal=102%",
GOBP_CELLULAR_RESPONSE_TO_LAMINAR_FLUID_SHEAR_STRESS,GOBP_CELLULAR_RESPONSE_TO_LAMINAR_FLUID_SHEAR_STRESS,,16,-0.24625851,-1.1506493,0.28917912,0.46242785,1.0,13867,"tags=100%, list=75%, signal=406%",
GOBP_VENTRICULAR_CARDIAC_MUSCLE_TISSUE_MORPHOGENESIS,GOBP_VENTRICULAR_CARDIAC_MUSCLE_TISSUE_MORPHOGENESIS,,48,-0.14142996,-1.1476365,0.28455284,0.46679068,1.0,11200,"tags=75%, list=61%, signal=191%",
GOBP_REGULATION_OF_NEUTROPHIL_MIGRATION,GOBP_REGULATION_OF_NEUTROPHIL_MIGRATION,,44,-0.14823824,-1.1475307,0.2729045,0.46663222,1.0,2297,"tags=27%, list=12%, signal=31%",
GOBP_RESPONSE_TO_TYPE_II_INTERFERON,GOBP_RESPONSE_TO_TYPE_II_INTERFERON,,128,-0.0863332,-1.1460259,0.28942117,0.46863243,1.0,6183,"tags=42%, list=34%, signal=63%",
GOBP_DETECTION_OF_BIOTIC_STIMULUS,GOBP_DETECTION_OF_BIOTIC_STIMULUS,,37,-0.15759727,-1.1459599,0.29919678,0.46840507,1.0,2079,"tags=27%, list=11%, signal=30%",
GOBP_REGULATION_OF_PHOSPHORYLATION,GOBP_REGULATION_OF_PHOSPHORYLATION,,457,-0.04674154,-1.145876,0.26452905,0.46820283,1.0,6165,"tags=38%, list=34%, signal=56%",
GOBP_POSITIVE_REGULATION_OF_EXTRINSIC_APOPTOTIC_SIGNALING_PATHWAY,GOBP_POSITIVE_REGULATION_OF_EXTRINSIC_APOPTOTIC_SIGNALING_PATHWAY,,59,-0.122327544,-1.1458725,0.26974952,0.46787602,1.0,5863,"tags=44%, list=32%, signal=64%",
GOBP_RENAL_SYSTEM_PROCESS_INVOLVED_IN_REGULATION_OF_SYSTEMIC_ARTERIAL_BLOOD_PRESSURE,GOBP_RENAL_SYSTEM_PROCESS_INVOLVED_IN_REGULATION_OF_SYSTEMIC_ARTERIAL_BLOOD_PRESSURE,,27,-0.18829107,-1.14585,0.31732777,0.46758783,1.0,4717,"tags=44%, list=26%, signal=60%",
GOBP_NUCLEOPHAGY,GOBP_NUCLEOPHAGY,,23,-0.19938503,-1.1455983,0.28373015,0.46766135,1.0,5934,"tags=52%, list=32%, signal=77%",
GOBP_PHOSPHOLIPID_HOMEOSTASIS,GOBP_PHOSPHOLIPID_HOMEOSTASIS,,17,-0.23620012,-1.145373,0.27198365,0.46767563,1.0,2152,"tags=35%, list=12%, signal=40%",
GOBP_HEPATICOBILIARY_SYSTEM_DEVELOPMENT,GOBP_HEPATICOBILIARY_SYSTEM_DEVELOPMENT,,145,-0.082449436,-1.1450353,0.28884462,0.46787435,1.0,2809,"tags=23%, list=15%, signal=27%",
GOBP_POSITIVE_REGULATION_OF_GLIAL_CELL_DIFFERENTIATION,GOBP_POSITIVE_REGULATION_OF_GLIAL_CELL_DIFFERENTIATION,,40,-0.15323141,-1.1446346,0.3019608,0.46817252,1.0,5465,"tags=45%, list=30%, signal=64%",
GOBP_MODIFIED_AMINO_ACID_CATABOLIC_PROCESS,GOBP_MODIFIED_AMINO_ACID_CATABOLIC_PROCESS,,32,-0.17069285,-1.1444663,0.2751004,0.46809852,1.0,1465,"tags=25%, list=8%, signal=27%",
GOBP_EMBRYONIC_HEMOPOIESIS,GOBP_EMBRYONIC_HEMOPOIESIS,,23,-0.1996383,-1.144403,0.2837838,0.46787477,1.0,10727,"tags=78%, list=58%, signal=188%",
GOBP_NEGATIVE_REGULATION_OF_PROTEIN_CONTAINING_COMPLEX_ASSEMBLY,GOBP_NEGATIVE_REGULATION_OF_PROTEIN_CONTAINING_COMPLEX_ASSEMBLY,,147,-0.08418126,-1.1441613,0.29045644,0.46792603,1.0,15480,"tags=93%, list=84%, signal=580%",
GOBP_SPHINGOLIPID_BIOSYNTHETIC_PROCESS,GOBP_SPHINGOLIPID_BIOSYNTHETIC_PROCESS,,113,-0.09221105,-1.1434312,0.27326733,0.46871418,1.0,11824,"tags=73%, list=64%, signal=204%",
GOBP_HIGH_DENSITY_LIPOPROTEIN_PARTICLE_REMODELING,GOBP_HIGH_DENSITY_LIPOPROTEIN_PARTICLE_REMODELING,,21,-0.21460716,-1.1434159,0.27642277,0.4684022,1.0,2189,"tags=33%, list=12%, signal=38%",
GOBP_PLASMA_MEMBRANE_TUBULATION,GOBP_PLASMA_MEMBRANE_TUBULATION,,19,-0.22104576,-1.1433338,0.265625,0.46819824,1.0,13363,"tags=95%, list=73%, signal=346%",
GOBP_POSITIVE_REGULATION_OF_INSULIN_SECRETION,GOBP_POSITIVE_REGULATION_OF_INSULIN_SECRETION,,93,-0.09885325,-1.1424499,0.26938775,0.46926734,1.0,3136,"tags=27%, list=17%, signal=32%",
GOBP_CELL_VOLUME_HOMEOSTASIS,GOBP_CELL_VOLUME_HOMEOSTASIS,,37,-0.16019042,-1.1409253,0.28901735,0.4712899,1.0,7499,"tags=57%, list=41%, signal=96%",
GOBP_INNER_EAR_MORPHOGENESIS,GOBP_INNER_EAR_MORPHOGENESIS,,111,-0.09375284,-1.1407402,0.27755904,0.4712489,1.0,2595,"tags=23%, list=14%, signal=27%",
GOBP_VASOCONSTRICTION,GOBP_VASOCONSTRICTION,,86,-0.103947975,-1.1399521,0.28100777,0.47216684,1.0,4086,"tags=33%, list=22%, signal=42%",
GOBP_TIGHT_JUNCTION_ASSEMBLY,GOBP_TIGHT_JUNCTION_ASSEMBLY,,76,-0.11044658,-1.1395187,0.28542095,0.4725575,1.0,1124,"tags=17%, list=6%, signal=18%",
GOBP_REGULATION_OF_CALCIUM_MEDIATED_SIGNALING,GOBP_REGULATION_OF_CALCIUM_MEDIATED_SIGNALING,,98,-0.09564046,-1.1390065,0.27892563,0.47304663,1.0,4632,"tags=35%, list=25%, signal=46%",
GOBP_APICAL_PROTEIN_LOCALIZATION,GOBP_APICAL_PROTEIN_LOCALIZATION,,16,-0.2327143,-1.1389471,0.29568788,0.4728018,1.0,11817,"tags=88%, list=64%, signal=245%",
GOBP_INTERLEUKIN_13_PRODUCTION,GOBP_INTERLEUKIN_13_PRODUCTION,,21,-0.20677347,-1.1387149,0.30576923,0.47284123,1.0,9339,"tags=71%, list=51%, signal=145%",
GOBP_MAINTENANCE_OF_LOCATION,GOBP_MAINTENANCE_OF_LOCATION,,214,-0.06634501,-1.1386957,0.28625953,0.47253516,1.0,8764,"tags=54%, list=48%, signal=102%",
GOBP_REGULATION_OF_METAPHASE_PLATE_CONGRESSION,GOBP_REGULATION_OF_METAPHASE_PLATE_CONGRESSION,,15,-0.2407887,-1.1384494,0.2987805,0.47260624,1.0,9063,"tags=73%, list=49%, signal=144%",
GOBP_REGULATION_OF_CALCIUM_ION_IMPORT,GOBP_REGULATION_OF_CALCIUM_ION_IMPORT,,46,-0.14236313,-1.1379707,0.28627452,0.47304365,1.0,2187,"tags=26%, list=12%, signal=30%",
GOBP_CELL_CELL_JUNCTION_MAINTENANCE,GOBP_CELL_CELL_JUNCTION_MAINTENANCE,,21,-0.20931645,-1.137798,0.28761905,0.47297916,1.0,6665,"tags=57%, list=36%, signal=90%",
GOBP_REGULATION_OF_PROTEIN_EXIT_FROM_ENDOPLASMIC_RETICULUM,GOBP_REGULATION_OF_PROTEIN_EXIT_FROM_ENDOPLASMIC_RETICULUM,,24,-0.19706766,-1.1370233,0.26706827,0.4738669,1.0,10941,"tags=79%, list=59%, signal=195%",
GOBP_POSITIVE_REGULATION_OF_EXECUTION_PHASE_OF_APOPTOSIS,GOBP_POSITIVE_REGULATION_OF_EXECUTION_PHASE_OF_APOPTOSIS,,19,-0.21523888,-1.1369979,0.26868686,0.47357297,1.0,7662,"tags=63%, list=42%, signal=108%",
GOBP_SMOOTH_MUSCLE_CONTRACTION,GOBP_SMOOTH_MUSCLE_CONTRACTION,,104,-0.09550289,-1.1367613,0.31384015,0.47363243,1.0,5328,"tags=38%, list=29%, signal=54%",
GOBP_SPHINGOSINE_1_PHOSPHATE_RECEPTOR_SIGNALING_PATHWAY,GOBP_SPHINGOSINE_1_PHOSPHATE_RECEPTOR_SIGNALING_PATHWAY,,15,-0.24150704,-1.1367484,0.27961165,0.47331685,1.0,12728,"tags=93%, list=69%, signal=303%",
GOBP_CELLULAR_RESPONSE_TO_ABIOTIC_STIMULUS,GOBP_CELLULAR_RESPONSE_TO_ABIOTIC_STIMULUS,,343,-0.05211288,-1.1352228,0.28942117,0.47538766,1.0,14288,"tags=83%, list=78%, signal=364%",
GOBP_REGULATION_OF_NUCLEOCYTOPLASMIC_TRANSPORT,GOBP_REGULATION_OF_NUCLEOCYTOPLASMIC_TRANSPORT,,119,-0.09013651,-1.1350029,0.26666668,0.4753763,1.0,11645,"tags=72%, list=63%, signal=196%",
GOBP_HOMEOSTASIS_OF_NUMBER_OF_CELLS_WITHIN_A_TISSUE,GOBP_HOMEOSTASIS_OF_NUMBER_OF_CELLS_WITHIN_A_TISSUE,,43,-0.14721584,-1.1347113,0.30390143,0.47552982,1.0,12697,"tags=84%, list=69%, signal=270%",
GOBP_TOLL_LIKE_RECEPTOR_9_SIGNALING_PATHWAY,GOBP_TOLL_LIKE_RECEPTOR_9_SIGNALING_PATHWAY,,20,-0.21052201,-1.1344335,0.31062123,0.47565383,1.0,5329,"tags=50%, list=29%, signal=70%",
GOBP_REGULATION_OF_MICROTUBULE_POLYMERIZATION,GOBP_REGULATION_OF_MICROTUBULE_POLYMERIZATION,,67,-0.117672116,-1.1342925,0.3006135,0.4755419,1.0,8001,"tags=55%, list=44%, signal=97%",
GOBP_ORGANELLE_INHERITANCE,GOBP_ORGANELLE_INHERITANCE,,16,-0.23602381,-1.1341026,0.2635659,0.47547546,1.0,6009,"tags=56%, list=33%, signal=83%",
GOBP_REGULATION_OF_CELL_CYCLE_G1_S_PHASE_TRANSITION,GOBP_REGULATION_OF_CELL_CYCLE_G1_S_PHASE_TRANSITION,,174,-0.07309074,-1.1326479,0.3001988,0.4774663,1.0,10296,"tags=63%, list=56%, signal=142%",
GOBP_GLYCOSYLCERAMIDE_METABOLIC_PROCESS,GOBP_GLYCOSYLCERAMIDE_METABOLIC_PROCESS,,18,-0.22173539,-1.1326008,0.30120483,0.47721148,1.0,7166,"tags=61%, list=39%, signal=100%",
GOBP_LACTATE_METABOLIC_PROCESS,GOBP_LACTATE_METABOLIC_PROCESS,,19,-0.21387237,-1.1321218,0.3072165,0.4776407,1.0,9623,"tags=74%, list=52%, signal=154%",
GOBP_ARACHIDONATE_METABOLIC_PROCESS,GOBP_ARACHIDONATE_METABOLIC_PROCESS,,52,-0.13519947,-1.1317892,0.29707113,0.47786075,1.0,2473,"tags=27%, list=13%, signal=31%",
GOBP_ANTIGEN_RECEPTOR_MEDIATED_SIGNALING_PATHWAY,GOBP_ANTIGEN_RECEPTOR_MEDIATED_SIGNALING_PATHWAY,,188,-0.0703225,-1.1299664,0.2989899,0.4804389,1.0,7036,"tags=45%, list=38%, signal=72%",
GOBP_REGULATION_OF_ENDOTHELIAL_CELL_DIFFERENTIATION,GOBP_REGULATION_OF_ENDOTHELIAL_CELL_DIFFERENTIATION,,35,-0.16210036,-1.1291972,0.29514563,0.48133123,1.0,9111,"tags=66%, list=50%, signal=130%",
GOBP_POSITIVE_REGULATION_OF_MITOTIC_CELL_CYCLE_PHASE_TRANSITION,GOBP_POSITIVE_REGULATION_OF_MITOTIC_CELL_CYCLE_PHASE_TRANSITION,,88,-0.10310158,-1.1286894,0.2949495,0.48175663,1.0,15251,"tags=93%, list=83%, signal=543%",
GOBP_PROSTAGLANDIN_SECRETION,GOBP_PROSTAGLANDIN_SECRETION,,17,-0.22735451,-1.1283717,0.31330472,0.48194134,1.0,5560,"tags=53%, list=30%, signal=76%",
GOBP_POSITIVE_REGULATION_OF_SMOOTH_MUSCLE_CELL_DIFFERENTIATION,GOBP_POSITIVE_REGULATION_OF_SMOOTH_MUSCLE_CELL_DIFFERENTIATION,,16,-0.2317313,-1.1282057,0.3049505,0.4818551,1.0,3789,"tags=44%, list=21%, signal=55%",
GOBP_REGULATION_OF_LEUKOCYTE_ADHESION_TO_VASCULAR_ENDOTHELIAL_CELL,GOBP_REGULATION_OF_LEUKOCYTE_ADHESION_TO_VASCULAR_ENDOTHELIAL_CELL,,29,-0.17571898,-1.1281042,0.2813102,0.48169595,1.0,2482,"tags=31%, list=13%, signal=36%",
GOBP_LIVER_REGENERATION,GOBP_LIVER_REGENERATION,,27,-0.18091552,-1.1276956,0.3001912,0.48201096,1.0,2809,"tags=33%, list=15%, signal=39%",
GOBP_POSITIVE_REGULATION_OF_APOPTOTIC_SIGNALING_PATHWAY,GOBP_POSITIVE_REGULATION_OF_APOPTOTIC_SIGNALING_PATHWAY,,146,-0.081083216,-1.1276736,0.28600407,0.48172104,1.0,8221,"tags=53%, list=45%, signal=95%",
GOBP_VENTRAL_SPINAL_CORD_DEVELOPMENT,GOBP_VENTRAL_SPINAL_CORD_DEVELOPMENT,,43,-0.14425372,-1.1273763,0.27698573,0.48186517,1.0,3342,"tags=33%, list=18%, signal=40%",
GOBP_KETONE_CATABOLIC_PROCESS,GOBP_KETONE_CATABOLIC_PROCESS,,17,-0.22499503,-1.1272732,0.30273438,0.48168224,1.0,7767,"tags=65%, list=42%, signal=112%",
GOBP_NEGATIVE_REGULATION_OF_NUCLEOTIDE_CATABOLIC_PROCESS,GOBP_NEGATIVE_REGULATION_OF_NUCLEOTIDE_CATABOLIC_PROCESS,,20,-0.204684,-1.1269135,0.28015563,0.4819063,1.0,10034,"tags=75%, list=55%, signal=165%",
GOBP_TRANSITION_METAL_ION_TRANSPORT,GOBP_TRANSITION_METAL_ION_TRANSPORT,,98,-0.09938506,-1.1266224,0.29208925,0.4820402,1.0,13759,"tags=85%, list=75%, signal=334%",
GOBP_POSITIVE_REGULATION_OF_MRNA_PROCESSING,GOBP_POSITIVE_REGULATION_OF_MRNA_PROCESSING,,30,-0.17166094,-1.1264094,0.28105906,0.48204866,1.0,12788,"tags=87%, list=70%, signal=284%",
GOBP_NON_PROTEINOGENIC_AMINO_ACID_METABOLIC_PROCESS,GOBP_NON_PROTEINOGENIC_AMINO_ACID_METABOLIC_PROCESS,,65,-0.11992293,-1.1261891,0.30309278,0.48204818,1.0,3745,"tags=32%, list=20%, signal=40%",
GOBP_CALCIUM_ION_TRANSMEMBRANE_TRANSPORT_VIA_HIGH_VOLTAGE_GATED_CALCIUM_CHANNEL,GOBP_CALCIUM_ION_TRANSMEMBRANE_TRANSPORT_VIA_HIGH_VOLTAGE_GATED_CALCIUM_CHANNEL,,19,-0.21234833,-1.126161,0.3064833,0.48176765,1.0,9651,"tags=74%, list=52%, signal=155%",
GOBP_DNA_SYNTHESIS_INVOLVED_IN_DNA_REPAIR,GOBP_DNA_SYNTHESIS_INVOLVED_IN_DNA_REPAIR,,42,-0.14772442,-1.1259693,0.30081302,0.48172796,1.0,13492,"tags=88%, list=73%, signal=330%",
GOBP_3_UTR_MEDIATED_MRNA_DESTABILIZATION,GOBP_3_UTR_MEDIATED_MRNA_DESTABILIZATION,,19,-0.21767966,-1.1259005,0.28336754,0.48150674,1.0,10521,"tags=79%, list=57%, signal=184%",
GOBP_INDUCTION_OF_POSITIVE_CHEMOTAXIS,GOBP_INDUCTION_OF_POSITIVE_CHEMOTAXIS,,15,-0.2404114,-1.1256742,0.33531746,0.48152825,1.0,10296,"tags=80%, list=56%, signal=182%",
GOBP_STEROL_BIOSYNTHETIC_PROCESS,GOBP_STEROL_BIOSYNTHETIC_PROCESS,,67,-0.1174522,-1.1248246,0.2946768,0.4825795,1.0,9103,"tags=61%, list=49%, signal=121%",
GOBP_CELL_SURFACE_TOLL_LIKE_RECEPTOR_SIGNALING_PATHWAY,GOBP_CELL_SURFACE_TOLL_LIKE_RECEPTOR_SIGNALING_PATHWAY,,68,-0.11351612,-1.1247388,0.31120333,0.4823826,1.0,7387,"tags=51%, list=40%, signal=86%",
GOBP_REACTIVE_OXYGEN_SPECIES_METABOLIC_PROCESS,GOBP_REACTIVE_OXYGEN_SPECIES_METABOLIC_PROCESS,,232,-0.06495282,-1.1236802,0.30769232,0.48374486,1.0,3340,"tags=25%, list=18%, signal=30%",
GOBP_STORE_OPERATED_CALCIUM_ENTRY,GOBP_STORE_OPERATED_CALCIUM_ENTRY,,22,-0.20003809,-1.1229764,0.30897704,0.48453796,1.0,5522,"tags=50%, list=30%, signal=71%",
GOBP_REACTIVE_NITROGEN_SPECIES_METABOLIC_PROCESS,GOBP_REACTIVE_NITROGEN_SPECIES_METABOLIC_PROCESS,,86,-0.101997815,-1.1228741,0.3064833,0.48436505,1.0,3694,"tags=30%, list=20%, signal=38%",
GOBP_LONG_CHAIN_FATTY_ACID_IMPORT_INTO_CELL,GOBP_LONG_CHAIN_FATTY_ACID_IMPORT_INTO_CELL,,18,-0.22777082,-1.1224357,0.2848723,0.48474193,1.0,11142,"tags=83%, list=61%, signal=211%",
GOBP_GLYCOSPHINGOLIPID_BIOSYNTHETIC_PROCESS,GOBP_GLYCOSPHINGOLIPID_BIOSYNTHETIC_PROCESS,,39,-0.15498206,-1.1224208,0.306163,0.4844356,1.0,9889,"tags=69%, list=54%, signal=149%",
GOBP_NEPHRON_TUBULE_FORMATION,GOBP_NEPHRON_TUBULE_FORMATION,,20,-0.20732403,-1.1216253,0.3102041,0.48537204,1.0,790,"tags=25%, list=4%, signal=26%",
GOBP_NEGATIVE_REGULATION_OF_AMIDE_METABOLIC_PROCESS,GOBP_NEGATIVE_REGULATION_OF_AMIDE_METABOLIC_PROCESS,,24,-0.19220386,-1.1213502,0.3106796,0.48548722,1.0,4900,"tags=46%, list=27%, signal=62%",
GOBP_GOLGI_TO_ENDOSOME_TRANSPORT,GOBP_GOLGI_TO_ENDOSOME_TRANSPORT,,17,-0.2292914,-1.120612,0.3125,0.48635477,1.0,14179,"tags=100%, list=77%, signal=436%",
GOBP_FILOPODIUM_ASSEMBLY,GOBP_FILOPODIUM_ASSEMBLY,,68,-0.11514779,-1.1193908,0.31406552,0.48797098,1.0,4923,"tags=38%, list=27%, signal=52%",
GOBP_NEGATIVE_REGULATION_OF_CILIUM_ASSEMBLY,GOBP_NEGATIVE_REGULATION_OF_CILIUM_ASSEMBLY,,23,-0.19126363,-1.1190238,0.3019608,0.48821878,1.0,8482,"tags=65%, list=46%, signal=121%",
GOBP_REGULATION_OF_MRNA_SPLICING_VIA_SPLICEOSOME,GOBP_REGULATION_OF_MRNA_SPLICING_VIA_SPLICEOSOME,,105,-0.09507351,-1.1187786,0.31189084,0.48830208,1.0,10348,"tags=66%, list=56%, signal=149%",
GOBP_REGULATION_OF_GLYCOPROTEIN_METABOLIC_PROCESS,GOBP_REGULATION_OF_GLYCOPROTEIN_METABOLIC_PROCESS,,43,-0.14327775,-1.1187176,0.2934363,0.48808002,1.0,4643,"tags=40%, list=25%, signal=53%",
GOBP_POSITIVE_REGULATION_OF_ACTIN_FILAMENT_BUNDLE_ASSEMBLY,GOBP_POSITIVE_REGULATION_OF_ACTIN_FILAMENT_BUNDLE_ASSEMBLY,,61,-0.1225153,-1.1176913,0.30705395,0.489368,1.0,8609,"tags=59%, list=47%, signal=111%",
GOBP_JNK_CASCADE,GOBP_JNK_CASCADE,,184,-0.07160945,-1.1174196,0.30831644,0.48948327,1.0,7293,"tags=47%, list=40%, signal=77%",
GOBP_POSITIVE_REGULATION_OF_TRIGLYCERIDE_METABOLIC_PROCESS,GOBP_POSITIVE_REGULATION_OF_TRIGLYCERIDE_METABOLIC_PROCESS,,22,-0.19686823,-1.1171895,0.29614604,0.48951143,1.0,9760,"tags=73%, list=53%, signal=155%",
GOBP_INTRACELLULAR_PH_REDUCTION,GOBP_INTRACELLULAR_PH_REDUCTION,,55,-0.12688503,-1.1169808,0.3123772,0.4895586,1.0,13056,"tags=84%, list=71%, signal=287%",
GOBP_AMINO_ACID_BIOSYNTHETIC_PROCESS,GOBP_AMINO_ACID_BIOSYNTHETIC_PROCESS,,66,-0.11872752,-1.1161789,0.3288201,0.4904619,1.0,3677,"tags=32%, list=20%, signal=40%",
GOBP_POSITIVE_REGULATION_OF_ADAPTIVE_IMMUNE_RESPONSE,GOBP_POSITIVE_REGULATION_OF_ADAPTIVE_IMMUNE_RESPONSE,,133,-0.0821113,-1.1155914,0.294,0.49107796,1.0,5554,"tags=38%, list=30%, signal=55%",
GOBP_POSITIVE_REGULATION_OF_PEPTIDYL_SERINE_PHOSPHORYLATION,GOBP_POSITIVE_REGULATION_OF_PEPTIDYL_SERINE_PHOSPHORYLATION,,22,-0.20008758,-1.1152871,0.31673306,0.49125203,1.0,7193,"tags=59%, list=39%, signal=97%",
GOBP_REGULATION_OF_MICROTUBULE_POLYMERIZATION_OR_DEPOLYMERIZATION,GOBP_REGULATION_OF_MICROTUBULE_POLYMERIZATION_OR_DEPOLYMERIZATION,,103,-0.09440166,-1.1152407,0.31176472,0.49098837,1.0,9702,"tags=62%, list=53%, signal=131%",
GOBP_POSITIVE_REGULATION_OF_INTRINSIC_APOPTOTIC_SIGNALING_PATHWAY,GOBP_POSITIVE_REGULATION_OF_INTRINSIC_APOPTOTIC_SIGNALING_PATHWAY,,64,-0.118415624,-1.1149682,0.30769232,0.49110115,1.0,14785,"tags=92%, list=80%, signal=469%",
GOBP_NUCLEAR_RECEPTOR_MEDIATED_SIGNALING_PATHWAY,GOBP_NUCLEAR_RECEPTOR_MEDIATED_SIGNALING_PATHWAY,,205,-0.06543065,-1.1149652,0.32264528,0.4907763,1.0,14421,"tags=85%, list=78%, signal=389%",
GOBP_NEGATIVE_REGULATION_OF_MEMBRANE_PERMEABILITY,GOBP_NEGATIVE_REGULATION_OF_MEMBRANE_PERMEABILITY,,20,-0.204684,-1.1128691,0.3072407,0.49380332,1.0,10034,"tags=75%, list=55%, signal=165%",
GOBP_POSITIVE_REGULATION_OF_PROTEIN_MODIFICATION_PROCESS,GOBP_POSITIVE_REGULATION_OF_PROTEIN_MODIFICATION_PROCESS,,391,-0.04847372,-1.1123792,0.30278885,0.4943234,1.0,12957,"tags=75%, list=70%, signal=249%",
GOBP_MEGAKARYOCYTE_DIFFERENTIATION,GOBP_MEGAKARYOCYTE_DIFFERENTIATION,,65,-0.12041403,-1.1118944,0.31853282,0.49471027,1.0,3736,"tags=32%, list=20%, signal=40%",
GOBP_RIBOSOME_ASSEMBLY,GOBP_RIBOSOME_ASSEMBLY,,60,-0.12178732,-1.1118014,0.30800822,0.4945321,1.0,15853,"tags=98%, list=86%, signal=710%",
GOBP_CERAMIDE_BIOSYNTHETIC_PROCESS,GOBP_CERAMIDE_BIOSYNTHETIC_PROCESS,,70,-0.11471068,-1.1114478,0.2972441,0.4947341,1.0,11824,"tags=76%, list=64%, signal=211%",
GOBP_AMYLOID_PRECURSOR_PROTEIN_METABOLIC_PROCESS,GOBP_AMYLOID_PRECURSOR_PROTEIN_METABOLIC_PROCESS,,76,-0.10945372,-1.1108029,0.30125523,0.49545324,1.0,4530,"tags=36%, list=25%, signal=47%",
GOBP_NEGATIVE_REGULATION_OF_CELL_DIVISION,GOBP_NEGATIVE_REGULATION_OF_CELL_DIVISION,,15,-0.23283629,-1.1107945,0.31120333,0.49513924,1.0,6757,"tags=60%, list=37%, signal=95%",
GOBP_POSITIVE_REGULATION_OF_CELL_CYCLE_CHECKPOINT,GOBP_POSITIVE_REGULATION_OF_CELL_CYCLE_CHECKPOINT,,18,-0.21788009,-1.1106079,0.30831644,0.49509564,1.0,10302,"tags=78%, list=56%, signal=177%",
GOBP_REGULATION_OF_MICROTUBULE_CYTOSKELETON_ORGANIZATION,GOBP_REGULATION_OF_MICROTUBULE_CYTOSKELETON_ORGANIZATION,,168,-0.073637955,-1.110145,0.3148515,0.49553025,1.0,10044,"tags=62%, list=55%, signal=135%",
GOBP_LIPID_DIGESTION,GOBP_LIPID_DIGESTION,,22,-0.20130503,-1.1098006,0.31526104,0.49578172,1.0,483,"tags=23%, list=3%, signal=23%",
GOBP_PHAGOCYTOSIS,GOBP_PHAGOCYTOSIS,,237,-0.0636312,-1.109145,0.33966243,0.49651968,1.0,2493,"tags=20%, list=14%, signal=23%",
GOBP_REGULATION_OF_DEFENSE_RESPONSE_TO_VIRUS,GOBP_REGULATION_OF_DEFENSE_RESPONSE_TO_VIRUS,,65,-0.11777214,-1.1091413,0.31150794,0.49619764,1.0,10292,"tags=68%, list=56%, signal=153%",
GOBP_REGULATION_OF_CALCIUM_ION_TRANSPORT,GOBP_REGULATION_OF_CALCIUM_ION_TRANSPORT,,235,-0.061370723,-1.1085033,0.34387353,0.4968755,1.0,4991,"tags=33%, list=27%, signal=45%",
GOBP_REGULATION_OF_INSULIN_SECRETION,GOBP_REGULATION_OF_INSULIN_SECRETION,,176,-0.07231455,-1.1082294,0.31732777,0.49701512,1.0,4013,"tags=29%, list=22%, signal=37%",
GOBP_SUPEROXIDE_METABOLIC_PROCESS,GOBP_SUPEROXIDE_METABOLIC_PROCESS,,72,-0.110841215,-1.1077976,0.33194155,0.49739584,1.0,7166,"tags=50%, list=39%, signal=82%",
GOBP_REGULATION_OF_AUTOPHAGY_OF_MITOCHONDRION,GOBP_REGULATION_OF_AUTOPHAGY_OF_MITOCHONDRION,,53,-0.13305704,-1.1064225,0.3326923,0.49925765,1.0,13870,"tags=89%, list=75%, signal=360%",
GOBP_NEGATIVE_REGULATION_OF_REACTIVE_OXYGEN_SPECIES_METABOLIC_PROCESS,GOBP_NEGATIVE_REGULATION_OF_REACTIVE_OXYGEN_SPECIES_METABOLIC_PROCESS,,39,-0.15157713,-1.1059018,0.3205645,0.4998025,1.0,13724,"tags=90%, list=75%, signal=353%",
GOBP_POSITIVE_REGULATION_OF_ALPHA_BETA_T_CELL_ACTIVATION,GOBP_POSITIVE_REGULATION_OF_ALPHA_BETA_T_CELL_ACTIVATION,,74,-0.10848214,-1.105583,0.30816326,0.50000066,1.0,3233,"tags=28%, list=18%, signal=34%",
GOBP_REGULATION_OF_CELL_DIVISION,GOBP_REGULATION_OF_CELL_DIVISION,,181,-0.07058625,-1.1055536,0.29924244,0.49971893,1.0,14160,"tags=84%, list=77%, signal=361%",
GOBP_EXCRETION,GOBP_EXCRETION,,29,-0.16888516,-1.1040045,0.3108911,0.50190544,1.0,4510,"tags=41%, list=25%, signal=55%",
GOBP_NEGATIVE_REGULATION_OF_NUCLEAR_DIVISION,GOBP_NEGATIVE_REGULATION_OF_NUCLEAR_DIVISION,,65,-0.11837658,-1.103361,0.31182796,0.50258565,1.0,14525,"tags=91%, list=79%, signal=430%",
GOBP_REGULATION_OF_PROTEIN_EXPORT_FROM_NUCLEUS,GOBP_REGULATION_OF_PROTEIN_EXPORT_FROM_NUCLEUS,,37,-0.15362142,-1.1030846,0.30161944,0.50268584,1.0,11596,"tags=78%, list=63%, signal=212%",
GOBP_STEROID_HORMONE_RECEPTOR_SIGNALING_PATHWAY,GOBP_STEROID_HORMONE_RECEPTOR_SIGNALING_PATHWAY,,145,-0.080135085,-1.102599,0.33679834,0.50311315,1.0,14520,"tags=87%, list=79%, signal=410%",
GOBP_NEGATIVE_REGULATION_OF_ERK1_AND_ERK2_CASCADE,GOBP_NEGATIVE_REGULATION_OF_ERK1_AND_ERK2_CASCADE,,74,-0.10964632,-1.102446,0.3340122,0.50301677,1.0,6194,"tags=45%, list=34%, signal=67%",
GOBP_INORGANIC_ANION_TRANSMEMBRANE_TRANSPORT,GOBP_INORGANIC_ANION_TRANSMEMBRANE_TRANSPORT,,134,-0.08376914,-1.1023562,0.3056093,0.5028339,1.0,3138,"tags=25%, list=17%, signal=30%",
GOBP_POSITIVE_REGULATION_OF_PROTEIN_LOCALIZATION_TO_MEMBRANE,GOBP_POSITIVE_REGULATION_OF_PROTEIN_LOCALIZATION_TO_MEMBRANE,,110,-0.09033523,-1.1019585,0.32251522,0.50317407,1.0,12728,"tags=78%, list=69%, signal=252%",
GOBP_REGULATION_OF_NUCLEAR_DIVISION,GOBP_REGULATION_OF_NUCLEAR_DIVISION,,147,-0.07589972,-1.101103,0.31506848,0.5042218,1.0,14380,"tags=86%, list=78%, signal=390%",
GOBP_STEROL_HOMEOSTASIS,GOBP_STEROL_HOMEOSTASIS,,99,-0.09686688,-1.1010576,0.32738096,0.50395346,1.0,2316,"tags=22%, list=13%, signal=25%",
GOBP_REGULATION_OF_SODIUM_ION_TRANSPORT,GOBP_REGULATION_OF_SODIUM_ION_TRANSPORT,,73,-0.111910306,-1.1007735,0.33267716,0.5040552,1.0,1730,"tags=21%, list=9%, signal=23%",
GOBP_BRANCHING_INVOLVED_IN_BLOOD_VESSEL_MORPHOGENESIS,GOBP_BRANCHING_INVOLVED_IN_BLOOD_VESSEL_MORPHOGENESIS,,35,-0.15638328,-1.1005679,0.33009708,0.5040479,1.0,2385,"tags=29%, list=13%, signal=33%",
GOBP_PROTEIN_LOCALIZATION_TO_PLASMA_MEMBRANE,GOBP_PROTEIN_LOCALIZATION_TO_PLASMA_MEMBRANE,,296,-0.0552271,-1.1004925,0.31798247,0.5038276,1.0,14721,"tags=85%, list=80%, signal=421%",
GOBP_PHOSPHATIDYLETHANOLAMINE_METABOLIC_PROCESS,GOBP_PHOSPHATIDYLETHANOLAMINE_METABOLIC_PROCESS,,28,-0.17262392,-1.0998644,0.32365146,0.5045027,1.0,11938,"tags=82%, list=65%, signal=234%",
GOBP_PROTEIN_LOCALIZATION_TO_MICROTUBULE_ORGANIZING_CENTER,GOBP_PROTEIN_LOCALIZATION_TO_MICROTUBULE_ORGANIZING_CENTER,,38,-0.1501748,-1.099736,0.30923694,0.5043745,1.0,12732,"tags=84%, list=69%, signal=273%",
GOBP_RESPONSE_TO_FLUID_SHEAR_STRESS,GOBP_RESPONSE_TO_FLUID_SHEAR_STRESS,,41,-0.14550142,-1.099465,0.3266533,0.5044785,1.0,11685,"tags=78%, list=64%, signal=214%",
GOBP_GLYCOPROTEIN_CATABOLIC_PROCESS,GOBP_GLYCOPROTEIN_CATABOLIC_PROCESS,,37,-0.14975305,-1.0991576,0.3339806,0.5046115,1.0,11667,"tags=78%, list=63%, signal=214%",
GOBP_GLIAL_CELL_PROLIFERATION,GOBP_GLIAL_CELL_PROLIFERATION,,58,-0.12212855,-1.0984533,0.3189824,0.50536597,1.0,5055,"tags=40%, list=27%, signal=55%",
GOBP_NEGATIVE_REGULATION_OF_CALCIUM_ION_TRANSMEMBRANE_TRANSPORT,GOBP_NEGATIVE_REGULATION_OF_CALCIUM_ION_TRANSMEMBRANE_TRANSPORT,,35,-0.1542026,-1.0981959,0.31954888,0.5054434,1.0,15036,"tags=97%, list=82%, signal=531%",
GOBP_POSITIVE_REGULATION_OF_HORMONE_SECRETION,GOBP_POSITIVE_REGULATION_OF_HORMONE_SECRETION,,152,-0.07740029,-1.0972373,0.3243243,0.5066574,1.0,4034,"tags=30%, list=22%, signal=38%",
GOBP_REGULATION_OF_TELOMERE_MAINTENANCE_VIA_TELOMERASE,GOBP_REGULATION_OF_TELOMERE_MAINTENANCE_VIA_TELOMERASE,,45,-0.13310075,-1.0971226,0.3192771,0.50651574,1.0,13498,"tags=87%, list=73%, signal=325%",
GOBP_CELLULAR_OXIDANT_DETOXIFICATION,GOBP_CELLULAR_OXIDANT_DETOXIFICATION,,94,-0.098729126,-1.09686,0.30801687,0.5065777,1.0,7977,"tags=53%, list=43%, signal=93%",
GOBP_GRANULOCYTE_MACROPHAGE_COLONY_STIMULATING_FACTOR_PRODUCTION,GOBP_GRANULOCYTE_MACROPHAGE_COLONY_STIMULATING_FACTOR_PRODUCTION,,16,-0.23276532,-1.0966369,0.33194155,0.50658584,1.0,3770,"tags=44%, list=20%, signal=55%",
GOBP_REGULATION_OF_RAC_PROTEIN_SIGNAL_TRANSDUCTION,GOBP_REGULATION_OF_RAC_PROTEIN_SIGNAL_TRANSDUCTION,,30,-0.16330625,-1.0964494,0.3249476,0.50659215,1.0,5585,"tags=47%, list=30%, signal=67%",
GOBP_CYTOPLASMIC_MICROTUBULE_ORGANIZATION,GOBP_CYTOPLASMIC_MICROTUBULE_ORGANIZATION,,64,-0.11632684,-1.0946525,0.331384,0.50917953,1.0,15398,"tags=95%, list=84%, signal=584%",
GOBP_CELLULAR_RESPONSE_TO_GONADOTROPIN_STIMULUS,GOBP_CELLULAR_RESPONSE_TO_GONADOTROPIN_STIMULUS,,20,-0.20717162,-1.0943502,0.3081511,0.5093398,1.0,4471,"tags=45%, list=24%, signal=59%",
GOBP_INTRA_GOLGI_VESICLE_MEDIATED_TRANSPORT,GOBP_INTRA_GOLGI_VESICLE_MEDIATED_TRANSPORT,,35,-0.1551972,-1.0941619,0.3149284,0.50934047,1.0,11865,"tags=80%, list=65%, signal=225%",
GOBP_CELLULAR_RESPONSE_TO_DSRNA,GOBP_CELLULAR_RESPONSE_TO_DSRNA,,24,-0.19258045,-1.0928377,0.32329318,0.5111702,1.0,12556,"tags=88%, list=68%, signal=275%",
GOBP_REGULATION_OF_RIG_I_SIGNALING_PATHWAY,GOBP_REGULATION_OF_RIG_I_SIGNALING_PATHWAY,,21,-0.20065066,-1.0923615,0.31451613,0.5115711,1.0,11203,"tags=81%, list=61%, signal=207%",
GOBP_NEGATIVE_REGULATION_OF_T_CELL_DIFFERENTIATION,GOBP_NEGATIVE_REGULATION_OF_T_CELL_DIFFERENTIATION,,50,-0.1311041,-1.0919522,0.3392857,0.5119191,1.0,4585,"tags=38%, list=25%, signal=50%",
GOBP_REGULATION_OF_SKELETAL_MUSCLE_CELL_DIFFERENTIATION,GOBP_REGULATION_OF_SKELETAL_MUSCLE_CELL_DIFFERENTIATION,,22,-0.1968806,-1.0917673,0.324,0.5118833,1.0,5580,"tags=50%, list=30%, signal=72%",
GOBP_LEUKOCYTE_PROLIFERATION,GOBP_LEUKOCYTE_PROLIFERATION,,346,-0.050830573,-1.0916431,0.31954888,0.51175964,1.0,4718,"tags=31%, list=26%, signal=40%",
GOBP_BIOLOGICAL_PROCESS_INVOLVED_IN_SYMBIOTIC_INTERACTION,GOBP_BIOLOGICAL_PROCESS_INVOLVED_IN_SYMBIOTIC_INTERACTION,,216,-0.06372585,-1.0915667,0.32608697,0.5115634,1.0,8464,"tags=52%, list=46%, signal=96%",
GOBP_POSITIVE_REGULATION_OF_METAPHASE_ANAPHASE_TRANSITION_OF_CELL_CYCLE,GOBP_POSITIVE_REGULATION_OF_METAPHASE_ANAPHASE_TRANSITION_OF_CELL_CYCLE,,18,-0.2145358,-1.0905211,0.3449692,0.512961,1.0,8320,"tags=67%, list=45%, signal=122%",
GOBP_APOPTOTIC_PROCESS_INVOLVED_IN_MORPHOGENESIS,GOBP_APOPTOTIC_PROCESS_INVOLVED_IN_MORPHOGENESIS,,28,-0.17261223,-1.090383,0.34063745,0.51285064,1.0,5370,"tags=46%, list=29%, signal=65%",
GOBP_NEGATIVE_REGULATION_OF_NOTCH_SIGNALING_PATHWAY,GOBP_NEGATIVE_REGULATION_OF_NOTCH_SIGNALING_PATHWAY,,39,-0.14534712,-1.0901895,0.33536586,0.5128428,1.0,7708,"tags=56%, list=42%, signal=97%",
GOBP_POSITIVE_REGULATION_OF_SUBSTRATE_ADHESION_DEPENDENT_CELL_SPREADING,GOBP_POSITIVE_REGULATION_OF_SUBSTRATE_ADHESION_DEPENDENT_CELL_SPREADING,,43,-0.13855764,-1.0901192,0.33539096,0.5126131,1.0,5585,"tags=44%, list=30%, signal=63%",
GOBP_LABYRINTHINE_LAYER_BLOOD_VESSEL_DEVELOPMENT,GOBP_LABYRINTHINE_LAYER_BLOOD_VESSEL_DEVELOPMENT,,21,-0.20081396,-1.089468,0.34824902,0.51329845,1.0,11200,"tags=81%, list=61%, signal=207%",
GOBP_PROTEIN_PALMITOYLATION,GOBP_PROTEIN_PALMITOYLATION,,26,-0.17878069,-1.0891516,0.32608697,0.5134864,1.0,13694,"tags=92%, list=74%, signal=361%",
GOBP_INTRACELLULAR_PROTEIN_TRANSMEMBRANE_TRANSPORT,GOBP_INTRACELLULAR_PROTEIN_TRANSMEMBRANE_TRANSPORT,,31,-0.16445641,-1.0889853,0.31781375,0.51343334,1.0,9440,"tags=68%, list=51%, signal=139%",
GOBP_REGULATION_OF_B_CELL_APOPTOTIC_PROCESS,GOBP_REGULATION_OF_B_CELL_APOPTOTIC_PROCESS,,21,-0.20127021,-1.0884367,0.33530572,0.5140056,1.0,2434,"tags=33%, list=13%, signal=38%",
GOBP_MEMBRANE_FUSION,GOBP_MEMBRANE_FUSION,,197,-0.06630428,-1.0874883,0.32317072,0.5151829,1.0,14385,"tags=85%, list=78%, signal=385%",
GOBP_MEMBRANE_BIOGENESIS,GOBP_MEMBRANE_BIOGENESIS,,68,-0.11274162,-1.0843422,0.36178863,0.5200375,1.0,5508,"tags=41%, list=30%, signal=59%",
GOBP_CONVERGENT_EXTENSION,GOBP_CONVERGENT_EXTENSION,,16,-0.22265987,-1.0843076,0.3313492,0.5197642,1.0,7404,"tags=63%, list=40%, signal=105%",
GOBP_POSITIVE_REGULATION_OF_DNA_TEMPLATED_DNA_REPLICATION,GOBP_POSITIVE_REGULATION_OF_DNA_TEMPLATED_DNA_REPLICATION,,15,-0.23512551,-1.08345,0.34705883,0.52084345,1.0,7941,"tags=67%, list=43%, signal=117%",
GOBP_REGULATION_OF_NUCLEAR_TRANSCRIBED_MRNA_POLY_A_TAIL_SHORTENING,GOBP_REGULATION_OF_NUCLEAR_TRANSCRIBED_MRNA_POLY_A_TAIL_SHORTENING,,15,-0.23389204,-1.0830384,0.33950618,0.52119493,1.0,14094,"tags=100%, list=77%, signal=428%",
GOBP_RESPONSE_TO_NUTRIENT,GOBP_RESPONSE_TO_NUTRIENT,,160,-0.074867666,-1.0819834,0.34661356,0.5225996,1.0,13119,"tags=79%, list=71%, signal=272%",
GOBP_MUSCLE_CELL_DEVELOPMENT,GOBP_MUSCLE_CELL_DEVELOPMENT,,194,-0.06760239,-1.0818671,0.35882354,0.52245015,1.0,2468,"tags=20%, list=13%, signal=23%",
GOBP_MODIFIED_AMINO_ACID_BIOSYNTHETIC_PROCESS,GOBP_MODIFIED_AMINO_ACID_BIOSYNTHETIC_PROCESS,,45,-0.13332242,-1.0815042,0.32475248,0.52270305,1.0,14720,"tags=93%, list=80%, signal=466%",
GOBP_CATECHOL_CONTAINING_COMPOUND_BIOSYNTHETIC_PROCESS,GOBP_CATECHOL_CONTAINING_COMPOUND_BIOSYNTHETIC_PROCESS,,23,-0.18961853,-1.080493,0.34095633,0.5240326,1.0,6913,"tags=57%, list=38%, signal=90%",
GOBP_REGULATION_OF_GLIAL_CELL_DIFFERENTIATION,GOBP_REGULATION_OF_GLIAL_CELL_DIFFERENTIATION,,72,-0.10609129,-1.0792259,0.3489279,0.5257848,1.0,5465,"tags=40%, list=30%, signal=57%",
GOBP_PROTEIN_LOCALIZATION_TO_CONDENSED_CHROMOSOME,GOBP_PROTEIN_LOCALIZATION_TO_CONDENSED_CHROMOSOME,,15,-0.22061385,-1.0791177,0.35555556,0.52561694,1.0,14338,"tags=100%, list=78%, signal=453%",
GOBP_MAINTENANCE_OF_PROTEIN_LOCATION_IN_NUCLEUS,GOBP_MAINTENANCE_OF_PROTEIN_LOCATION_IN_NUCLEUS,,26,-0.17761417,-1.0783004,0.32719836,0.52659774,1.0,8764,"tags=65%, list=48%, signal=125%",
GOBP_AMINE_METABOLIC_PROCESS,GOBP_AMINE_METABOLIC_PROCESS,,110,-0.08832868,-1.0782412,0.34653464,0.52636814,1.0,6913,"tags=46%, list=38%, signal=74%",
GOBP_N_GLYCAN_PROCESSING,GOBP_N_GLYCAN_PROCESSING,,22,-0.18853651,-1.078165,0.34615386,0.52615774,1.0,10749,"tags=77%, list=58%, signal=186%",
GOBP_CELL_SURFACE_PATTERN_RECOGNITION_RECEPTOR_SIGNALING_PATHWAY,GOBP_CELL_SURFACE_PATTERN_RECOGNITION_RECEPTOR_SIGNALING_PATHWAY,,77,-0.10725312,-1.0781243,0.3653061,0.52588385,1.0,6874,"tags=48%, list=37%, signal=76%",
GOBP_NEGATIVE_REGULATION_OF_PROTEOLYSIS_INVOLVED_IN_PROTEIN_CATABOLIC_PROCESS,GOBP_NEGATIVE_REGULATION_OF_PROTEOLYSIS_INVOLVED_IN_PROTEIN_CATABOLIC_PROCESS,,73,-0.105379544,-1.077617,0.34888437,0.5263819,1.0,15202,"tags=93%, list=83%, signal=535%",
GOBP_MEMBRANE_PROTEIN_ECTODOMAIN_PROTEOLYSIS,GOBP_MEMBRANE_PROTEIN_ECTODOMAIN_PROTEOLYSIS,,51,-0.12885153,-1.0768924,0.37190083,0.52722985,1.0,13144,"tags=84%, list=71%, signal=295%",
GOBP_ARACHIDONATE_SECRETION,GOBP_ARACHIDONATE_SECRETION,,27,-0.1740462,-1.0766093,0.35140562,0.5273437,1.0,2254,"tags=30%, list=12%, signal=34%",
GOBP_REGULATION_OF_STRESS_ACTIVATED_PROTEIN_KINASE_SIGNALING_CASCADE,GOBP_REGULATION_OF_STRESS_ACTIVATED_PROTEIN_KINASE_SIGNALING_CASCADE,,40,-0.14604244,-1.0764226,0.35192308,0.52731013,1.0,11574,"tags=78%, list=63%, signal=209%",
GOBP_NEGATIVE_REGULATION_OF_INFLAMMASOME_MEDIATED_SIGNALING_PATHWAY,GOBP_NEGATIVE_REGULATION_OF_INFLAMMASOME_MEDIATED_SIGNALING_PATHWAY,,22,-0.19523999,-1.0764071,0.36105478,0.52700263,1.0,8118,"tags=64%, list=44%, signal=114%",
GOBP_POSITIVE_REGULATION_OF_NATURAL_KILLER_CELL_MEDIATED_CYTOTOXICITY,GOBP_POSITIVE_REGULATION_OF_NATURAL_KILLER_CELL_MEDIATED_CYTOTOXICITY,,30,-0.1636875,-1.0753907,0.36514524,0.52833027,1.0,5578,"tags=47%, list=30%, signal=67%",
GOBP_NEGATIVE_REGULATION_OF_ANTIGEN_RECEPTOR_MEDIATED_SIGNALING_PATHWAY,GOBP_NEGATIVE_REGULATION_OF_ANTIGEN_RECEPTOR_MEDIATED_SIGNALING_PATHWAY,,38,-0.14480495,-1.0752853,0.3177388,0.5281522,1.0,4603,"tags=39%, list=25%, signal=53%",
GOBP_ENDOTHELIAL_CELL_MORPHOGENESIS,GOBP_ENDOTHELIAL_CELL_MORPHOGENESIS,,15,-0.23010084,-1.0749128,0.36270493,0.5284348,1.0,1903,"tags=33%, list=10%, signal=37%",
GOBP_NEGATIVE_REGULATION_OF_ION_TRANSMEMBRANE_TRANSPORTER_ACTIVITY,GOBP_NEGATIVE_REGULATION_OF_ION_TRANSMEMBRANE_TRANSPORTER_ACTIVITY,,26,-0.17483084,-1.0748367,0.3392505,0.5282263,1.0,2449,"tags=31%, list=13%, signal=35%",
GOBP_REGULATION_OF_CELL_GROWTH_INVOLVED_IN_CARDIAC_MUSCLE_CELL_DEVELOPMENT,GOBP_REGULATION_OF_CELL_GROWTH_INVOLVED_IN_CARDIAC_MUSCLE_CELL_DEVELOPMENT,,17,-0.22278923,-1.0747017,0.3246493,0.52810466,1.0,11053,"tags=82%, list=60%, signal=206%",
GOBP_SENSORY_PERCEPTION_OF_MECHANICAL_STIMULUS,GOBP_SENSORY_PERCEPTION_OF_MECHANICAL_STIMULUS,,188,-0.06872089,-1.0743201,0.34927234,0.5283746,1.0,3250,"tags=24%, list=18%, signal=29%",
GOBP_MEGAKARYOCYTE_DEVELOPMENT,GOBP_MEGAKARYOCYTE_DEVELOPMENT,,22,-0.18700477,-1.0740283,0.35387674,0.52852947,1.0,13285,"tags=91%, list=72%, signal=327%",
GOBP_LIPOPROTEIN_METABOLIC_PROCESS,GOBP_LIPOPROTEIN_METABOLIC_PROCESS,,89,-0.09621653,-1.073583,0.3464567,0.5288789,1.0,14358,"tags=88%, list=78%, signal=398%",
GOBP_POSITIVE_REGULATION_OF_EPITHELIAL_CELL_PROLIFERATION,GOBP_POSITIVE_REGULATION_OF_EPITHELIAL_CELL_PROLIFERATION,,197,-0.0653752,-1.0733553,0.334,0.5289202,1.0,2079,"tags=18%, list=11%, signal=20%",
GOBP_REGULATION_OF_REACTIVE_OXYGEN_SPECIES_METABOLIC_PROCESS,GOBP_REGULATION_OF_REACTIVE_OXYGEN_SPECIES_METABOLIC_PROCESS,,142,-0.077222444,-1.0730499,0.33867735,0.52911985,1.0,14522,"tags=87%, list=79%, signal=409%",
GOBP_POSITIVE_REGULATION_OF_MUSCLE_CONTRACTION,GOBP_POSITIVE_REGULATION_OF_MUSCLE_CONTRACTION,,48,-0.12867759,-1.0723467,0.35378322,0.52993476,1.0,3771,"tags=33%, list=21%, signal=42%",
GOBP_MITOTIC_G1_S_TRANSITION_CHECKPOINT_SIGNALING,GOBP_MITOTIC_G1_S_TRANSITION_CHECKPOINT_SIGNALING,,17,-0.2165592,-1.0716608,0.35852712,0.5307739,1.0,7922,"tags=65%, list=43%, signal=114%",
GOBP_REGULATION_OF_BINDING,GOBP_REGULATION_OF_BINDING,,147,-0.07485232,-1.0712712,0.3537285,0.53110033,1.0,14274,"tags=85%, list=78%, signal=377%",
GOBP_PERIPHERAL_NERVOUS_SYSTEM_NEURON_DIFFERENTIATION,GOBP_PERIPHERAL_NERVOUS_SYSTEM_NEURON_DIFFERENTIATION,,16,-0.2239558,-1.0710297,0.35329342,0.5311886,1.0,1633,"tags=31%, list=9%, signal=34%",
GOBP_MYELIN_MAINTENANCE,GOBP_MYELIN_MAINTENANCE,,17,-0.21828158,-1.0709994,0.35564855,0.53089386,1.0,10054,"tags=76%, list=55%, signal=169%",
GOBP_REGULATION_OF_VASCULAR_PERMEABILITY,GOBP_REGULATION_OF_VASCULAR_PERMEABILITY,,48,-0.1352264,-1.0704842,0.38297874,0.5314119,1.0,1352,"tags=21%, list=7%, signal=22%",
GOBP_DENDRITIC_CELL_CYTOKINE_PRODUCTION,GOBP_DENDRITIC_CELL_CYTOKINE_PRODUCTION,,17,-0.21409409,-1.0690835,0.36713997,0.5333751,1.0,3640,"tags=41%, list=20%, signal=51%",
GOBP_MAINTENANCE_OF_PROTEIN_LOCATION,GOBP_MAINTENANCE_OF_PROTEIN_LOCATION,,66,-0.11483815,-1.0686812,0.37259102,0.5336782,1.0,8764,"tags=59%, list=48%, signal=112%",
GOBP_EOSINOPHIL_MIGRATION,GOBP_EOSINOPHIL_MIGRATION,,24,-0.17938422,-1.0686244,0.3654224,0.5334306,1.0,1304,"tags=25%, list=7%, signal=27%",
GOBP_REGULATION_OF_ENDOCYTIC_RECYCLING,GOBP_REGULATION_OF_ENDOCYTIC_RECYCLING,,21,-0.19648238,-1.0682247,0.36914062,0.53377247,1.0,6025,"tags=52%, list=33%, signal=78%",
GOBP_TRNA_THREONYLCARBAMOYLADENOSINE_METABOLIC_PROCESS,GOBP_TRNA_THREONYLCARBAMOYLADENOSINE_METABOLIC_PROCESS,,17,-0.210406,-1.0680838,0.36094674,0.5336611,1.0,14526,"tags=100%, list=79%, signal=475%",
GOBP_REGULATION_OF_HYDROLASE_ACTIVITY,GOBP_REGULATION_OF_HYDROLASE_ACTIVITY,,216,-0.06227469,-1.0680783,0.35445544,0.5333375,1.0,15387,"tags=90%, list=84%, signal=543%",
GOBP_AMINOGLYCAN_BIOSYNTHETIC_PROCESS,GOBP_AMINOGLYCAN_BIOSYNTHETIC_PROCESS,,54,-0.12071927,-1.0672576,0.35603112,0.53433925,1.0,5280,"tags=41%, list=29%, signal=57%",
GOBP_THYROID_GLAND_DEVELOPMENT,GOBP_THYROID_GLAND_DEVELOPMENT,,31,-0.16197383,-1.0666329,0.3857143,0.53500104,1.0,3553,"tags=35%, list=19%, signal=44%",
GOBP_PYRIMIDINE_NUCLEOTIDE_CATABOLIC_PROCESS,GOBP_PYRIMIDINE_NUCLEOTIDE_CATABOLIC_PROCESS,,21,-0.191806,-1.0664726,0.35339805,0.5349302,1.0,13117,"tags=90%, list=71%, signal=315%",
GOBP_PTERIDINE_CONTAINING_COMPOUND_BIOSYNTHETIC_PROCESS,GOBP_PTERIDINE_CONTAINING_COMPOUND_BIOSYNTHETIC_PROCESS,,15,-0.22718763,-1.0664142,0.35271317,0.5346929,1.0,10539,"tags=80%, list=57%, signal=187%",
GOBP_DNA_REPAIR_DEPENDENT_CHROMATIN_REMODELING,GOBP_DNA_REPAIR_DEPENDENT_CHROMATIN_REMODELING,,23,-0.18324165,-1.0658714,0.35685483,0.53530616,1.0,13427,"tags=91%, list=73%, signal=338%",
GOBP_MATURATION_OF_5_8S_RRNA,GOBP_MATURATION_OF_5_8S_RRNA,,34,-0.15543197,-1.0656264,0.352459,0.53540087,1.0,13916,"tags=91%, list=76%, signal=374%",
GOBP_REGULATION_OF_RHO_PROTEIN_SIGNAL_TRANSDUCTION,GOBP_REGULATION_OF_RHO_PROTEIN_SIGNAL_TRANSDUCTION,,92,-0.09615277,-1.0649154,0.36078432,0.5363075,1.0,7437,"tags=50%, list=40%, signal=84%",
GOBP_BIOLOGICAL_PROCESS_INVOLVED_IN_INTRASPECIES_INTERACTION_BETWEEN_ORGANISMS,GOBP_BIOLOGICAL_PROCESS_INVOLVED_IN_INTRASPECIES_INTERACTION_BETWEEN_ORGANISMS,,61,-0.117279775,-1.0642043,0.37,0.537147,1.0,7499,"tags=52%, list=41%, signal=88%",
GOBP_REGULATION_OF_INTRINSIC_APOPTOTIC_SIGNALING_PATHWAY,GOBP_REGULATION_OF_INTRINSIC_APOPTOTIC_SIGNALING_PATHWAY,,181,-0.06798583,-1.0633101,0.35912699,0.5382746,1.0,14817,"tags=87%, list=81%, signal=445%",
GOBP_SYNAPTIC_VESICLE_MATURATION,GOBP_SYNAPTIC_VESICLE_MATURATION,,27,-0.16801791,-1.0630541,0.36575875,0.5383703,1.0,3727,"tags=37%, list=20%, signal=46%",
GOBP_REGULATION_OF_THYMOCYTE_APOPTOTIC_PROCESS,GOBP_REGULATION_OF_THYMOCYTE_APOPTOTIC_PROCESS,,15,-0.22308081,-1.0617243,0.36770427,0.5402645,1.0,2032,"tags=33%, list=11%, signal=37%",
GOBP_ODONTOGENESIS,GOBP_ODONTOGENESIS,,130,-0.078619406,-1.0615436,0.35059762,0.5402388,1.0,2385,"tags=21%, list=13%, signal=24%",
GOBP_REGULATION_OF_PEPTIDE_TRANSPORT,GOBP_REGULATION_OF_PEPTIDE_TRANSPORT,,214,-0.06295622,-1.0599614,0.3507014,0.54252714,1.0,4013,"tags=28%, list=22%, signal=35%",
GOBP_PROTEIN_CONTAINING_COMPLEX_REMODELING,GOBP_PROTEIN_CONTAINING_COMPLEX_REMODELING,,43,-0.13362078,-1.0595733,0.36711282,0.54283196,1.0,2254,"tags=26%, list=12%, signal=29%",
GOBP_PLASMA_MEMBRANE_ORGANIZATION,GOBP_PLASMA_MEMBRANE_ORGANIZATION,,173,-0.067729495,-1.0591626,0.36062378,0.543162,1.0,7059,"tags=45%, list=38%, signal=72%",
GOBP_REGULATION_OF_TROPHOBLAST_CELL_MIGRATION,GOBP_REGULATION_OF_TROPHOBLAST_CELL_MIGRATION,,16,-0.22313605,-1.0587486,0.3600823,0.5434656,1.0,11993,"tags=88%, list=65%, signal=251%",
GOBP_AXO_DENDRITIC_TRANSPORT,GOBP_AXO_DENDRITIC_TRANSPORT,,86,-0.09798251,-1.0586623,0.37598425,0.543266,1.0,12963,"tags=80%, list=70%, signal=271%",
GOBP_PROTEIN_LOCALIZATION_TO_MICROTUBULE,GOBP_PROTEIN_LOCALIZATION_TO_MICROTUBULE,,19,-0.20553875,-1.0583255,0.37037036,0.5434817,1.0,11712,"tags=84%, list=64%, signal=232%",
GOBP_NEGATIVE_REGULATION_OF_CELL_DEVELOPMENT,GOBP_NEGATIVE_REGULATION_OF_CELL_DEVELOPMENT,,272,-0.054858338,-1.0576488,0.3764479,0.54428667,1.0,3740,"tags=26%, list=20%, signal=32%",
GOBP_SPHINGOLIPID_MEDIATED_SIGNALING_PATHWAY,GOBP_SPHINGOLIPID_MEDIATED_SIGNALING_PATHWAY,,19,-0.20292322,-1.0561773,0.37029704,0.5463981,1.0,12728,"tags=89%, list=69%, signal=290%",
GOBP_NEGATIVE_REGULATION_BY_HOST_OF_VIRAL_PROCESS,GOBP_NEGATIVE_REGULATION_BY_HOST_OF_VIRAL_PROCESS,,15,-0.22974531,-1.055994,0.3829365,0.5463724,1.0,10492,"tags=80%, list=57%, signal=186%",
GOBP_RESPONSE_TO_INTERLEUKIN_1,GOBP_RESPONSE_TO_INTERLEUKIN_1,,111,-0.085986264,-1.0555176,0.376,0.546814,1.0,12181,"tags=75%, list=66%, signal=220%",
GOBP_POSITIVE_REGULATION_OF_POTASSIUM_ION_TRANSPORT,GOBP_POSITIVE_REGULATION_OF_POTASSIUM_ION_TRANSPORT,,38,-0.14791931,-1.0547912,0.3653061,0.547655,1.0,1642,"tags=24%, list=9%, signal=26%",
GOBP_MICROVILLUS_ASSEMBLY,GOBP_MICROVILLUS_ASSEMBLY,,23,-0.18403225,-1.054657,0.37096775,0.5475495,1.0,6216,"tags=52%, list=34%, signal=79%",
GOBP_REGULATION_OF_HUMORAL_IMMUNE_RESPONSE_MEDIATED_BY_CIRCULATING_IMMUNOGLOBULIN,GOBP_REGULATION_OF_HUMORAL_IMMUNE_RESPONSE_MEDIATED_BY_CIRCULATING_IMMUNOGLOBULIN,,16,-0.22011565,-1.0545944,0.3699187,0.5473149,1.0,2853,"tags=38%, list=16%, signal=44%",
GOBP_REGULATION_OF_GLIOGENESIS,GOBP_REGULATION_OF_GLIOGENESIS,,100,-0.091055155,-1.0532534,0.37371662,0.5491908,1.0,5508,"tags=39%, list=30%, signal=55%",
GOBP_RESPONSE_TO_PROSTAGLANDIN_E,GOBP_RESPONSE_TO_PROSTAGLANDIN_E,,28,-0.16634381,-1.0531907,0.37714285,0.5489525,1.0,2201,"tags=29%, list=12%, signal=32%",
GOBP_PLACENTA_DEVELOPMENT,GOBP_PLACENTA_DEVELOPMENT,,159,-0.07123008,-1.0530742,0.37747034,0.5487947,1.0,6105,"tags=40%, list=33%, signal=60%",
GOBP_NEGATIVE_REGULATION_OF_TUMOR_NECROSIS_FACTOR_MEDIATED_SIGNALING_PATHWAY,GOBP_NEGATIVE_REGULATION_OF_TUMOR_NECROSIS_FACTOR_MEDIATED_SIGNALING_PATHWAY,,30,-0.15962456,-1.0518056,0.36489153,0.5505387,1.0,13009,"tags=87%, list=71%, signal=296%",
GOBP_CELL_FATE_SPECIFICATION,GOBP_CELL_FATE_SPECIFICATION,,104,-0.08834407,-1.0517259,0.34577602,0.5503339,1.0,1038,"tags=14%, list=6%, signal=15%",
GOBP_POSITIVE_REGULATION_OF_VASOCONSTRICTION,GOBP_POSITIVE_REGULATION_OF_VASOCONSTRICTION,,28,-0.17099796,-1.051703,0.37972167,0.550038,1.0,4086,"tags=39%, list=22%, signal=50%",
GOBP_POSITIVE_CHEMOTAXIS,GOBP_POSITIVE_CHEMOTAXIS,,66,-0.111005,-1.0501164,0.39078155,0.55240875,1.0,1032,"tags=17%, list=6%, signal=18%",
GOBP_INTESTINAL_EPITHELIAL_CELL_DIFFERENTIATION,GOBP_INTESTINAL_EPITHELIAL_CELL_DIFFERENTIATION,,25,-0.17547423,-1.0489599,0.3926499,0.554038,1.0,3399,"tags=36%, list=18%, signal=44%",
GOBP_NEGATIVE_REGULATION_OF_PHOSPHORUS_METABOLIC_PROCESS,GOBP_NEGATIVE_REGULATION_OF_PHOSPHORUS_METABOLIC_PROCESS,,175,-0.067216896,-1.0487041,0.3852459,0.5541516,1.0,10757,"tags=65%, list=58%, signal=155%",
GOBP_CAMP_MEDIATED_SIGNALING,GOBP_CAMP_MEDIATED_SIGNALING,,28,-0.16060829,-1.0478287,0.385214,0.5552582,1.0,10845,"tags=75%, list=59%, signal=183%",
GOBP_POSITIVE_REGULATION_OF_MITOTIC_CELL_CYCLE,GOBP_POSITIVE_REGULATION_OF_MITOTIC_CELL_CYCLE,,121,-0.08298933,-1.046557,0.37548637,0.5570041,1.0,12924,"tags=79%, list=70%, signal=262%",
GOBP_OLIGODENDROCYTE_DIFFERENTIATION,GOBP_OLIGODENDROCYTE_DIFFERENTIATION,,106,-0.08720263,-1.0460567,0.36831683,0.5575184,1.0,2397,"tags=22%, list=13%, signal=25%",
GOBP_REGULATION_OF_PROTEIN_TARGETING,GOBP_REGULATION_OF_PROTEIN_TARGETING,,78,-0.100601785,-1.0457609,0.36916837,0.55769145,1.0,9712,"tags=63%, list=53%, signal=133%",
GOBP_RESPONSE_TO_HYDROGEN_PEROXIDE,GOBP_RESPONSE_TO_HYDROGEN_PEROXIDE,,100,-0.09058826,-1.0457226,0.37423313,0.55741185,1.0,6620,"tags=45%, list=36%, signal=70%",
GOBP_GAMMA_DELTA_T_CELL_ACTIVATION,GOBP_GAMMA_DELTA_T_CELL_ACTIVATION,,26,-0.16693749,-1.0456345,0.39919356,0.5572152,1.0,4716,"tags=42%, list=26%, signal=57%",
GOBP_POSITIVE_REGULATION_OF_CD4_POSITIVE_ALPHA_BETA_T_CELL_ACTIVATION,GOBP_POSITIVE_REGULATION_OF_CD4_POSITIVE_ALPHA_BETA_T_CELL_ACTIVATION,,47,-0.12856543,-1.045259,0.40471512,0.5574744,1.0,15251,"tags=96%, list=83%, signal=559%",
GOBP_NEGATIVE_REGULATION_OF_BINDING,GOBP_NEGATIVE_REGULATION_OF_BINDING,,69,-0.10821077,-1.0450109,0.35805085,0.5575707,1.0,13744,"tags=86%, list=75%, signal=337%",
GOBP_MITOCHONDRIAL_CALCIUM_ION_TRANSMEMBRANE_TRANSPORT,GOBP_MITOCHONDRIAL_CALCIUM_ION_TRANSMEMBRANE_TRANSPORT,,24,-0.17845638,-1.0448554,0.38170975,0.55746025,1.0,14348,"tags=96%, list=78%, signal=435%",
GOBP_INSULIN_METABOLIC_PROCESS,GOBP_INSULIN_METABOLIC_PROCESS,,18,-0.20547058,-1.0447242,0.38854805,0.5573423,1.0,10530,"tags=78%, list=57%, signal=182%",
GOBP_METALLO_SULFUR_CLUSTER_ASSEMBLY,GOBP_METALLO_SULFUR_CLUSTER_ASSEMBLY,,26,-0.17377117,-1.0446688,0.3972056,0.55709696,1.0,13786,"tags=92%, list=75%, signal=368%",
GOBP_AMYLOID_PRECURSOR_PROTEIN_CATABOLIC_PROCESS,GOBP_AMYLOID_PRECURSOR_PROTEIN_CATABOLIC_PROCESS,,58,-0.11617359,-1.0433673,0.398374,0.55893844,1.0,4530,"tags=36%, list=25%, signal=48%",
GOBP_RESPONSE_TO_MECHANICAL_STIMULUS,GOBP_RESPONSE_TO_MECHANICAL_STIMULUS,,225,-0.059668455,-1.0433254,0.3904762,0.5586661,1.0,2677,"tags=20%, list=15%, signal=24%",
GOBP_DETECTION_OF_LIGHT_STIMULUS_INVOLVED_IN_SENSORY_PERCEPTION,GOBP_DETECTION_OF_LIGHT_STIMULUS_INVOLVED_IN_SENSORY_PERCEPTION,,24,-0.18241955,-1.042987,0.41393444,0.55889153,1.0,5846,"tags=50%, list=32%, signal=73%",
GOBP_VITAMIN_BIOSYNTHETIC_PROCESS,GOBP_VITAMIN_BIOSYNTHETIC_PROCESS,,23,-0.18169595,-1.0428189,0.38779527,0.5588461,1.0,14255,"tags=96%, list=78%, signal=425%",
GOBP_POSITIVE_REGULATION_OF_SMOOTHENED_SIGNALING_PATHWAY,GOBP_POSITIVE_REGULATION_OF_SMOOTHENED_SIGNALING_PATHWAY,,38,-0.14513761,-1.0423638,0.4054581,0.5592816,1.0,2661,"tags=29%, list=14%, signal=34%",
GOBP_CELLULAR_RESPONSE_TO_OXYGEN_LEVELS,GOBP_CELLULAR_RESPONSE_TO_OXYGEN_LEVELS,,167,-0.06972151,-1.0420822,0.35867447,0.5594013,1.0,14148,"tags=84%, list=77%, signal=360%",
GOBP_REGULATION_OF_JNK_CASCADE,GOBP_REGULATION_OF_JNK_CASCADE,,146,-0.07361185,-1.041229,0.37072244,0.5604728,1.0,5838,"tags=39%, list=32%, signal=57%",
GOBP_G_PROTEIN_COUPLED_ACETYLCHOLINE_RECEPTOR_SIGNALING_PATHWAY,GOBP_G_PROTEIN_COUPLED_ACETYLCHOLINE_RECEPTOR_SIGNALING_PATHWAY,,21,-0.19417012,-1.0402974,0.37575758,0.5616737,1.0,7819,"tags=62%, list=43%, signal=108%",
GOBP_POSITIVE_REGULATION_OF_TORC1_SIGNALING,GOBP_POSITIVE_REGULATION_OF_TORC1_SIGNALING,,55,-0.12013526,-1.040113,0.40461215,0.5616793,1.0,12511,"tags=80%, list=68%, signal=249%",
GOBP_NEGATIVE_REGULATION_OF_OSTEOCLAST_DIFFERENTIATION,GOBP_NEGATIVE_REGULATION_OF_OSTEOCLAST_DIFFERENTIATION,,33,-0.15389211,-1.0399532,0.39442232,0.5616123,1.0,6650,"tags=52%, list=36%, signal=81%",
GOBP_RESPONSE_TO_STEROL,GOBP_RESPONSE_TO_STEROL,,33,-0.15115696,-1.0392438,0.38181818,0.56247586,1.0,4471,"tags=39%, list=24%, signal=52%",
GOBP_REGULATION_OF_CELL_PROJECTION_ASSEMBLY,GOBP_REGULATION_OF_CELL_PROJECTION_ASSEMBLY,,228,-0.059025437,-1.0375642,0.38809034,0.5650123,1.0,15868,"tags=92%, list=86%, signal=663%",
GOBP_REGULATION_OF_GLIAL_CELL_PROLIFERATION,GOBP_REGULATION_OF_GLIAL_CELL_PROLIFERATION,,39,-0.13573591,-1.0367177,0.3908046,0.5661234,1.0,5055,"tags=41%, list=27%, signal=56%",
GOBP_ANDROGEN_RECEPTOR_SIGNALING_PATHWAY,GOBP_ANDROGEN_RECEPTOR_SIGNALING_PATHWAY,,51,-0.12262599,-1.0365655,0.41164657,0.5660258,1.0,14340,"tags=90%, list=78%, signal=408%",
GOBP_CALCIUM_ION_HOMEOSTASIS,GOBP_CALCIUM_ION_HOMEOSTASIS,,322,-0.05105292,-1.0360628,0.39759037,0.56656003,1.0,11244,"tags=66%, list=61%, signal=167%",
GOBP_CARBOHYDRATE_DERIVATIVE_TRANSPORT,GOBP_CARBOHYDRATE_DERIVATIVE_TRANSPORT,,89,-0.09196759,-1.0356072,0.4055118,0.56700516,1.0,12576,"tags=78%, list=68%, signal=244%",
GOBP_NEGATIVE_REGULATION_OF_EPITHELIAL_CELL_PROLIFERATION,GOBP_NEGATIVE_REGULATION_OF_EPITHELIAL_CELL_PROLIFERATION,,135,-0.076921664,-1.0346379,0.39087301,0.5683572,1.0,1730,"tags=17%, list=9%, signal=19%",
GOBP_POSITIVE_REGULATION_OF_INTERLEUKIN_4_PRODUCTION,GOBP_POSITIVE_REGULATION_OF_INTERLEUKIN_4_PRODUCTION,,26,-0.16889773,-1.0338244,0.37549406,0.569394,1.0,4680,"tags=42%, list=25%, signal=57%",
GOBP_CHEMOKINE_PRODUCTION,GOBP_CHEMOKINE_PRODUCTION,,94,-0.09156018,-1.0336322,0.42184153,0.5693586,1.0,2630,"tags=23%, list=14%, signal=27%",
GOBP_REGULATION_OF_MUSCLE_SYSTEM_PROCESS,GOBP_REGULATION_OF_MUSCLE_SYSTEM_PROCESS,,237,-0.057038967,-1.0328597,0.3842795,0.5703607,1.0,9519,"tags=57%, list=52%, signal=117%",
GOBP_DEOXYRIBONUCLEOTIDE_METABOLIC_PROCESS,GOBP_DEOXYRIBONUCLEOTIDE_METABOLIC_PROCESS,,44,-0.1280405,-1.0324851,0.39915073,0.57061744,1.0,13117,"tags=84%, list=71%, signal=293%",
GOBP_REGULATION_OF_SYNAPTIC_VESICLE_RECYCLING,GOBP_REGULATION_OF_SYNAPTIC_VESICLE_RECYCLING,,29,-0.1596945,-1.0323179,0.3849287,0.5705546,1.0,12923,"tags=86%, list=70%, signal=289%",
GOBP_COLLECTING_DUCT_DEVELOPMENT,GOBP_COLLECTING_DUCT_DEVELOPMENT,,15,-0.2203635,-1.0303292,0.39314517,0.5736886,1.0,3308,"tags=40%, list=18%, signal=49%",
GOBP_NUCLEAR_TRANSCRIBED_MRNA_CATABOLIC_PROCESS_NONSENSE_MEDIATED_DECAY,GOBP_NUCLEAR_TRANSCRIBED_MRNA_CATABOLIC_PROCESS_NONSENSE_MEDIATED_DECAY,,45,-0.13012342,-1.0297046,0.38429752,0.5743778,1.0,14370,"tags=91%, list=78%, signal=416%",
GOBP_POSITIVE_REGULATION_OF_VIRAL_GENOME_REPLICATION,GOBP_POSITIVE_REGULATION_OF_VIRAL_GENOME_REPLICATION,,31,-0.15581208,-1.0289265,0.38476562,0.5753828,1.0,12565,"tags=84%, list=68%, signal=264%",
GOBP_IRON_ION_TRANSMEMBRANE_TRANSPORT,GOBP_IRON_ION_TRANSMEMBRANE_TRANSPORT,,22,-0.18119211,-1.0283926,0.42105263,0.57591987,1.0,9212,"tags=68%, list=50%, signal=136%",
GOBP_RESPONSE_TO_CAMP,GOBP_RESPONSE_TO_CAMP,,89,-0.09313341,-1.0283015,0.4092742,0.5757283,1.0,2016,"tags=20%, list=11%, signal=23%",
GOBP_MEMBRANE_DEPOLARIZATION,GOBP_MEMBRANE_DEPOLARIZATION,,96,-0.08786439,-1.0277559,0.39453125,0.5762828,1.0,4907,"tags=35%, list=27%, signal=48%",
GOBP_NEGATIVE_REGULATION_OF_LIPID_LOCALIZATION,GOBP_NEGATIVE_REGULATION_OF_LIPID_LOCALIZATION,,47,-0.125885,-1.0271581,0.40748033,0.57694733,1.0,9822,"tags=66%, list=53%, signal=141%",
GOBP_POSITIVE_REGULATION_OF_HEMOPOIESIS,GOBP_POSITIVE_REGULATION_OF_HEMOPOIESIS,,196,-0.06500469,-1.0270735,0.42105263,0.5767502,1.0,2853,"tags=22%, list=16%, signal=26%",
GOBP_LIGAND_GATED_ION_CHANNEL_SIGNALING_PATHWAY,GOBP_LIGAND_GATED_ION_CHANNEL_SIGNALING_PATHWAY,,44,-0.13117823,-1.0262935,0.39544514,0.5777138,1.0,2610,"tags=27%, list=14%, signal=32%",
GOBP_POSITIVE_REGULATION_OF_T_HELPER_CELL_DIFFERENTIATION,GOBP_POSITIVE_REGULATION_OF_T_HELPER_CELL_DIFFERENTIATION,,26,-0.17065693,-1.0262057,0.39530334,0.57751584,1.0,3233,"tags=35%, list=18%, signal=42%",
GOBP_REGULATION_OF_MITOCHONDRIAL_FUSION,GOBP_REGULATION_OF_MITOCHONDRIAL_FUSION,,15,-0.2165288,-1.0232767,0.402,0.5821568,1.0,13187,"tags=93%, list=72%, signal=330%",
GOBP_PROSTATE_GLAND_DEVELOPMENT,GOBP_PROSTATE_GLAND_DEVELOPMENT,,51,-0.12005042,-1.0229445,0.39130434,0.58237195,1.0,3569,"tags=31%, list=19%, signal=39%",
GOBP_VASCULOGENESIS,GOBP_VASCULOGENESIS,,80,-0.09763869,-1.0220224,0.41825902,0.5836176,1.0,2581,"tags=24%, list=14%, signal=28%",
GOBP_REGULATION_OF_T_CELL_CHEMOTAXIS,GOBP_REGULATION_OF_T_CELL_CHEMOTAXIS,,15,-0.22173485,-1.0213119,0.4085603,0.5844915,1.0,6961,"tags=60%, list=38%, signal=96%",
GOBP_ESTABLISHMENT_OF_PROTEIN_LOCALIZATION_TO_CHROMOSOME,GOBP_ESTABLISHMENT_OF_PROTEIN_LOCALIZATION_TO_CHROMOSOME,,22,-0.18335485,-1.021205,0.4071856,0.5843177,1.0,14188,"tags=95%, list=77%, signal=417%",
GOBP_NEGATIVE_REGULATION_OF_KINASE_ACTIVITY,GOBP_NEGATIVE_REGULATION_OF_KINASE_ACTIVITY,,85,-0.09322559,-1.0211706,0.41338584,0.5840341,1.0,6949,"tags=47%, list=38%, signal=75%",
GOBP_INTRINSIC_APOPTOTIC_SIGNALING_PATHWAY_IN_RESPONSE_TO_OXIDATIVE_STRESS,GOBP_INTRINSIC_APOPTOTIC_SIGNALING_PATHWAY_IN_RESPONSE_TO_OXIDATIVE_STRESS,,61,-0.1114307,-1.0210216,0.41338584,0.5839239,1.0,15445,"tags=95%, list=84%, signal=592%",
GOBP_DICARBOXYLIC_ACID_CATABOLIC_PROCESS,GOBP_DICARBOXYLIC_ACID_CATABOLIC_PROCESS,,18,-0.20434876,-1.0207185,0.4090909,0.5840777,1.0,5442,"tags=50%, list=30%, signal=71%",
GOBP_DOPAMINE_METABOLIC_PROCESS,GOBP_DOPAMINE_METABOLIC_PROCESS,,42,-0.13245954,-1.0203512,0.41491395,0.58436185,1.0,6766,"tags=50%, list=37%, signal=79%",
GOBP_T_CELL_MEDIATED_IMMUNE_RESPONSE_TO_TUMOR_CELL,GOBP_T_CELL_MEDIATED_IMMUNE_RESPONSE_TO_TUMOR_CELL,,17,-0.20439687,-1.0200862,0.39121756,0.5844838,1.0,4900,"tags=47%, list=27%, signal=64%",
GOBP_VASCULAR_ASSOCIATED_SMOOTH_MUSCLE_CELL_PROLIFERATION,GOBP_VASCULAR_ASSOCIATED_SMOOTH_MUSCLE_CELL_PROLIFERATION,,63,-0.11155708,-1.0194474,0.3952569,0.5851952,1.0,6714,"tags=48%, list=37%, signal=75%",
GOBP_POSITIVE_REGULATION_OF_CELL_SUBSTRATE_ADHESION,GOBP_POSITIVE_REGULATION_OF_CELL_SUBSTRATE_ADHESION,,128,-0.07639636,-1.0185603,0.39795917,0.5863241,1.0,4784,"tags=34%, list=26%, signal=45%",
GOBP_POSITIVE_REGULATION_OF_INTERFERON_BETA_PRODUCTION,GOBP_POSITIVE_REGULATION_OF_INTERFERON_BETA_PRODUCTION,,42,-0.13200927,-1.0184664,0.41796875,0.5861555,1.0,15094,"tags=95%, list=82%, signal=530%",
GOBP_REGULATION_OF_NITRIC_OXIDE_METABOLIC_PROCESS,GOBP_REGULATION_OF_NITRIC_OXIDE_METABOLIC_PROCESS,,64,-0.108172044,-1.0181412,0.41210938,0.58639747,1.0,3191,"tags=28%, list=17%, signal=34%",
GOBP_POSITIVE_REGULATION_OF_CATION_CHANNEL_ACTIVITY,GOBP_POSITIVE_REGULATION_OF_CATION_CHANNEL_ACTIVITY,,28,-0.16215643,-1.01721,0.40862423,0.5876683,1.0,5562,"tags=46%, list=30%, signal=66%",
GOBP_POSITIVE_REGULATION_OF_JNK_CASCADE,GOBP_POSITIVE_REGULATION_OF_JNK_CASCADE,,98,-0.08962723,-1.0170951,0.41221374,0.5875194,1.0,4742,"tags=35%, list=26%, signal=46%",
GOBP_GRANULOCYTE_ACTIVATION,GOBP_GRANULOCYTE_ACTIVATION,,54,-0.116667554,-1.0163782,0.44219068,0.5883938,1.0,3992,"tags=33%, list=22%, signal=42%",
GOBP_INSULIN_SECRETION_INVOLVED_IN_CELLULAR_RESPONSE_TO_GLUCOSE_STIMULUS,GOBP_INSULIN_SECRETION_INVOLVED_IN_CELLULAR_RESPONSE_TO_GLUCOSE_STIMULUS,,74,-0.100160964,-1.016091,0.4086444,0.5885389,1.0,4131,"tags=32%, list=22%, signal=42%",
GOBP_RENAL_FILTRATION,GOBP_RENAL_FILTRATION,,31,-0.15319072,-1.0151219,0.42613637,0.58981395,1.0,3121,"tags=32%, list=17%, signal=39%",
GOBP_POSITIVE_REGULATION_OF_CHEMOKINE_PRODUCTION,GOBP_POSITIVE_REGULATION_OF_CHEMOKINE_PRODUCTION,,71,-0.103262074,-1.0146681,0.42857143,0.5902392,1.0,5103,"tags=38%, list=28%, signal=52%",
GOBP_DIOL_BIOSYNTHETIC_PROCESS,GOBP_DIOL_BIOSYNTHETIC_PROCESS,,22,-0.18396111,-1.0146042,0.42911878,0.58999425,1.0,11669,"tags=82%, list=63%, signal=224%",
GOBP_REGULATION_OF_SYNAPTIC_VESICLE_ENDOCYTOSIS,GOBP_REGULATION_OF_SYNAPTIC_VESICLE_ENDOCYTOSIS,,24,-0.17259896,-1.0142806,0.41568628,0.59021324,1.0,12923,"tags=88%, list=70%, signal=294%",
GOBP_CD4_POSITIVE_ALPHA_BETA_T_CELL_PROLIFERATION,GOBP_CD4_POSITIVE_ALPHA_BETA_T_CELL_PROLIFERATION,,22,-0.18544334,-1.014263,0.43495935,0.589892,1.0,7462,"tags=59%, list=41%, signal=99%",
GOBP_POSITIVE_REGULATION_OF_VASCULAR_ENDOTHELIAL_GROWTH_FACTOR_PRODUCTION,GOBP_POSITIVE_REGULATION_OF_VASCULAR_ENDOTHELIAL_GROWTH_FACTOR_PRODUCTION,,31,-0.15524638,-1.0138209,0.4125,0.5903089,1.0,2490,"tags=29%, list=14%, signal=34%",
GOBP_NEGATIVE_REGULATION_OF_PEPTIDYL_TYROSINE_PHOSPHORYLATION,GOBP_NEGATIVE_REGULATION_OF_PEPTIDYL_TYROSINE_PHOSPHORYLATION,,22,-0.18167217,-1.013698,0.41360295,0.59018105,1.0,12547,"tags=86%, list=68%, signal=271%",
GOBP_COLUMNAR_CUBOIDAL_EPITHELIAL_CELL_DEVELOPMENT,GOBP_COLUMNAR_CUBOIDAL_EPITHELIAL_CELL_DEVELOPMENT,,26,-0.1732769,-1.0131148,0.42471042,0.59080553,1.0,9551,"tags=69%, list=52%, signal=144%",
GOBP_POSITIVE_REGULATION_OF_STRESS_ACTIVATED_PROTEIN_KINASE_SIGNALING_CASCADE,GOBP_POSITIVE_REGULATION_OF_STRESS_ACTIVATED_PROTEIN_KINASE_SIGNALING_CASCADE,,21,-0.18045469,-1.013081,0.44147843,0.5905032,1.0,11574,"tags=81%, list=63%, signal=218%",
GOBP_GAMMA_DELTA_T_CELL_DIFFERENTIATION,GOBP_GAMMA_DELTA_T_CELL_DIFFERENTIATION,,15,-0.2104629,-1.0123295,0.42054263,0.5914334,1.0,4716,"tags=47%, list=26%, signal=63%",
GOBP_FIBROBLAST_ACTIVATION,GOBP_FIBROBLAST_ACTIVATION,,16,-0.2119762,-1.011163,0.43653846,0.5931253,1.0,4152,"tags=44%, list=23%, signal=56%",
GOBP_MITOCHONDRIAL_TRANSCRIPTION,GOBP_MITOCHONDRIAL_TRANSCRIPTION,,21,-0.18335538,-1.0111401,0.41532257,0.5928199,1.0,14148,"tags=95%, list=77%, signal=412%",
GOBP_RESPONSE_TO_AUDITORY_STIMULUS,GOBP_RESPONSE_TO_AUDITORY_STIMULUS,,34,-0.14540693,-1.0103581,0.44969198,0.5937781,1.0,8150,"tags=59%, list=44%, signal=105%",
GOBP_PLASMA_MEMBRANE_PHOSPHOLIPID_SCRAMBLING,GOBP_PLASMA_MEMBRANE_PHOSPHOLIPID_SCRAMBLING,,30,-0.15345386,-1.0085561,0.44869214,0.5964936,1.0,7605,"tags=57%, list=41%, signal=96%",
GOBP_ATTACHMENT_OF_MITOTIC_SPINDLE_MICROTUBULES_TO_KINETOCHORE,GOBP_ATTACHMENT_OF_MITOTIC_SPINDLE_MICROTUBULES_TO_KINETOCHORE,,26,-0.16747366,-1.0083593,0.4121212,0.5964823,1.0,14609,"tags=96%, list=79%, signal=467%",
GOBP_POSITIVE_REGULATION_OF_PROTEIN_CONTAINING_COMPLEX_ASSEMBLY,GOBP_POSITIVE_REGULATION_OF_PROTEIN_CONTAINING_COMPLEX_ASSEMBLY,,206,-0.05940857,-1.0083588,0.4559387,0.5961312,1.0,2581,"tags=20%, list=14%, signal=23%",
GOBP_SULFUR_AMINO_ACID_METABOLIC_PROCESS,GOBP_SULFUR_AMINO_ACID_METABOLIC_PROCESS,,31,-0.1555064,-1.008357,0.392,0.59578335,1.0,4265,"tags=39%, list=23%, signal=50%",
GOBP_EMBRYONIC_DIGESTIVE_TRACT_MORPHOGENESIS,GOBP_EMBRYONIC_DIGESTIVE_TRACT_MORPHOGENESIS,,18,-0.19481483,-1.0083338,0.42716536,0.59547496,1.0,2552,"tags=33%, list=14%, signal=39%",
GOBP_COPPER_ION_HOMEOSTASIS,GOBP_COPPER_ION_HOMEOSTASIS,,22,-0.17716359,-1.0061644,0.43055555,0.5988845,1.0,9286,"tags=68%, list=50%, signal=138%",
GOBP_XENOBIOTIC_TRANSPORT,GOBP_XENOBIOTIC_TRANSPORT,,48,-0.12240931,-1.005586,0.45742574,0.59951377,1.0,6568,"tags=48%, list=36%, signal=74%",
GOBP_REGULATION_OF_NEURON_PROJECTION_REGENERATION,GOBP_REGULATION_OF_NEURON_PROJECTION_REGENERATION,,30,-0.15276583,-1.0055026,0.43359375,0.5992894,1.0,14361,"tags=93%, list=78%, signal=425%",
GOBP_NEGATIVE_REGULATION_OF_TRANSLATION,GOBP_NEGATIVE_REGULATION_OF_TRANSLATION,,133,-0.07407362,-1.0049487,0.4385246,0.59987503,1.0,14274,"tags=85%, list=78%, signal=377%",
GOBP_PROTEIN_DEGLYCOSYLATION,GOBP_PROTEIN_DEGLYCOSYLATION,,20,-0.18802187,-1.0047411,0.4497992,0.59988827,1.0,8501,"tags=65%, list=46%, signal=121%",
GOBP_LIPID_HOMEOSTASIS,GOBP_LIPID_HOMEOSTASIS,,175,-0.06492943,-1.0038344,0.4291262,0.60110277,1.0,4283,"tags=30%, list=23%, signal=38%",
GOBP_MAMMARY_GLAND_DUCT_MORPHOGENESIS,GOBP_MAMMARY_GLAND_DUCT_MORPHOGENESIS,,34,-0.14404024,-1.0037916,0.42971888,0.60082865,1.0,8716,"tags=62%, list=47%, signal=117%",
GOBP_NEGATIVE_REGULATION_OF_OLIGODENDROCYTE_DIFFERENTIATION,GOBP_NEGATIVE_REGULATION_OF_OLIGODENDROCYTE_DIFFERENTIATION,,15,-0.21487808,-1.0017982,0.44444445,0.60389787,1.0,7087,"tags=60%, list=39%, signal=98%",
GOBP_PROTEIN_DEPOLYMERIZATION,GOBP_PROTEIN_DEPOLYMERIZATION,,120,-0.07762118,-1.0009575,0.44758064,0.6050885,1.0,11763,"tags=72%, list=64%, signal=198%",
GOBP_REGULATION_OF_FATTY_ACID_BIOSYNTHETIC_PROCESS,GOBP_REGULATION_OF_FATTY_ACID_BIOSYNTHETIC_PROCESS,,46,-0.124039225,-1.0008264,0.40828404,0.60497946,1.0,6921,"tags=50%, list=38%, signal=80%",
GOBP_CELLULAR_RESPONSE_TO_CORTICOSTEROID_STIMULUS,GOBP_CELLULAR_RESPONSE_TO_CORTICOSTEROID_STIMULUS,,65,-0.106301256,-0.99906576,0.4493927,0.6076934,1.0,2297,"tags=23%, list=12%, signal=26%",
GOBP_NEGATIVE_REGULATION_OF_VASCULATURE_DEVELOPMENT,GOBP_NEGATIVE_REGULATION_OF_VASCULATURE_DEVELOPMENT,,111,-0.07948381,-0.99756277,0.44071147,0.6099369,1.0,4347,"tags=32%, list=24%, signal=41%",
GOBP_FERROPTOSIS,GOBP_FERROPTOSIS,,18,-0.20194185,-0.9967143,0.45009786,0.6110181,1.0,13660,"tags=94%, list=74%, signal=367%",
GOBP_INTEGRIN_ACTIVATION,GOBP_INTEGRIN_ACTIVATION,,27,-0.16360107,-0.9959065,0.44204322,0.6120633,1.0,7895,"tags=59%, list=43%, signal=104%",
GOBP_RESPONSE_TO_STEROL_DEPLETION,GOBP_RESPONSE_TO_STEROL_DEPLETION,,18,-0.20025156,-0.99583864,0.45924452,0.6118364,1.0,6539,"tags=56%, list=36%, signal=86%",
GOBP_CELLULAR_RESPONSE_TO_GLUCOSE_STARVATION,GOBP_CELLULAR_RESPONSE_TO_GLUCOSE_STARVATION,,50,-0.11939916,-0.99568206,0.42168674,0.6117481,1.0,14363,"tags=90%, list=78%, signal=410%",
GOBP_POLYAMINE_TRANSPORT,GOBP_POLYAMINE_TRANSPORT,,16,-0.20497279,-0.9956249,0.44129553,0.6115005,1.0,7729,"tags=63%, list=42%, signal=108%",
GOBP_CELLULAR_RESPONSE_TO_TYPE_II_INTERFERON,GOBP_CELLULAR_RESPONSE_TO_TYPE_II_INTERFERON,,102,-0.0844073,-0.9954891,0.45328033,0.61139643,1.0,4227,"tags=31%, list=23%, signal=41%",
GOBP_MYELOID_LEUKOCYTE_DIFFERENTIATION,GOBP_MYELOID_LEUKOCYTE_DIFFERENTIATION,,247,-0.055442616,-0.9947865,0.4507874,0.61227417,1.0,6962,"tags=43%, list=38%, signal=69%",
GOBP_PEPTIDYL_LYSINE_ACETYLATION,GOBP_PEPTIDYL_LYSINE_ACETYLATION,,15,-0.21201204,-0.99468744,0.4526316,0.6120937,1.0,13270,"tags=93%, list=72%, signal=335%",
GOBP_DEFINITIVE_HEMOPOIESIS,GOBP_DEFINITIVE_HEMOPOIESIS,,21,-0.18214999,-0.9933729,0.4527163,0.6140664,1.0,3661,"tags=38%, list=20%, signal=48%",
GOBP_ENDOPLASMIC_RETICULUM_CALCIUM_ION_HOMEOSTASIS,GOBP_ENDOPLASMIC_RETICULUM_CALCIUM_ION_HOMEOSTASIS,,25,-0.16680387,-0.99291813,0.42205322,0.6145399,1.0,10179,"tags=72%, list=55%, signal=161%",
GOBP_MOTOR_NEURON_APOPTOTIC_PROCESS,GOBP_MOTOR_NEURON_APOPTOTIC_PROCESS,,21,-0.17820983,-0.9922931,0.44376278,0.6152605,1.0,12491,"tags=86%, list=68%, signal=267%",
GOBP_PHOSPHATIDIC_ACID_METABOLIC_PROCESS,GOBP_PHOSPHATIDIC_ACID_METABOLIC_PROCESS,,39,-0.13523573,-0.9918215,0.4244186,0.61569476,1.0,7422,"tags=54%, list=40%, signal=90%",
GOBP_REGULATION_OF_SYSTEMIC_ARTERIAL_BLOOD_PRESSURE_BY_RENIN_ANGIOTENSIN,GOBP_REGULATION_OF_SYSTEMIC_ARTERIAL_BLOOD_PRESSURE_BY_RENIN_ANGIOTENSIN,,32,-0.15008137,-0.9915793,0.44827586,0.6157754,1.0,4717,"tags=41%, list=26%, signal=55%",
GOBP_LONG_CHAIN_FATTY_ACID_METABOLIC_PROCESS,GOBP_LONG_CHAIN_FATTY_ACID_METABOLIC_PROCESS,,109,-0.081910975,-0.9910123,0.45983934,0.6163747,1.0,1878,"tags=18%, list=10%, signal=20%",
GOBP_REGULATION_OF_PLASMA_LIPOPROTEIN_PARTICLE_LEVELS,GOBP_REGULATION_OF_PLASMA_LIPOPROTEIN_PARTICLE_LEVELS,,84,-0.09301084,-0.99091566,0.45510203,0.6161643,1.0,2896,"tags=25%, list=16%, signal=30%",
GOBP_POSITIVE_REGULATION_OF_FILOPODIUM_ASSEMBLY,GOBP_POSITIVE_REGULATION_OF_FILOPODIUM_ASSEMBLY,,30,-0.1498139,-0.9906436,0.45490196,0.6162987,1.0,10737,"tags=73%, list=58%, signal=176%",
GOBP_RESPONSE_TO_CARBOHYDRATE,GOBP_RESPONSE_TO_CARBOHYDRATE,,230,-0.055649847,-0.9892737,0.45491803,0.6183052,1.0,7866,"tags=48%, list=43%, signal=83%",
GOBP_SULFUR_COMPOUND_BIOSYNTHETIC_PROCESS,GOBP_SULFUR_COMPOUND_BIOSYNTHETIC_PROCESS,,157,-0.06678921,-0.98856,0.4586614,0.61921644,1.0,12020,"tags=72%, list=65%, signal=206%",
GOBP_RUFFLE_ASSEMBLY,GOBP_RUFFLE_ASSEMBLY,,43,-0.12698044,-0.987281,0.4587738,0.6210681,1.0,9219,"tags=63%, list=50%, signal=126%",
GOBP_ETHER_METABOLIC_PROCESS,GOBP_ETHER_METABOLIC_PROCESS,,27,-0.16015029,-0.98724234,0.45383105,0.6207648,1.0,15451,"tags=100%, list=84%, signal=625%",
GOBP_NUCLEAR_TRANSCRIBED_MRNA_POLY_A_TAIL_SHORTENING,GOBP_NUCLEAR_TRANSCRIBED_MRNA_POLY_A_TAIL_SHORTENING,,32,-0.14391443,-0.98692787,0.4946695,0.6209956,1.0,13451,"tags=88%, list=73%, signal=325%",
GOBP_CELL_FATE_COMMITMENT_INVOLVED_IN_FORMATION_OF_PRIMARY_GERM_LAYER,GOBP_CELL_FATE_COMMITMENT_INVOLVED_IN_FORMATION_OF_PRIMARY_GERM_LAYER,,34,-0.14142863,-0.9860168,0.47261664,0.62224895,1.0,2273,"tags=26%, list=12%, signal=30%",
GOBP_RRNA_MODIFICATION,GOBP_RRNA_MODIFICATION,,35,-0.14230613,-0.98584646,0.4561753,0.6221985,1.0,13678,"tags=89%, list=74%, signal=345%",
GOBP_PYRIMIDINE_CONTAINING_COMPOUND_CATABOLIC_PROCESS,GOBP_PYRIMIDINE_CONTAINING_COMPOUND_CATABOLIC_PROCESS,,34,-0.14002511,-0.98521525,0.44705883,0.62294054,1.0,13117,"tags=85%, list=71%, signal=297%",
GOBP_NEGATIVE_REGULATION_OF_CELL_CYCLE_G1_S_PHASE_TRANSITION,GOBP_NEGATIVE_REGULATION_OF_CELL_CYCLE_G1_S_PHASE_TRANSITION,,62,-0.106688865,-0.9851461,0.46356276,0.622708,1.0,7241,"tags=50%, list=39%, signal=82%",
GOBP_REGULATION_OF_FIBROBLAST_APOPTOTIC_PROCESS,GOBP_REGULATION_OF_FIBROBLAST_APOPTOTIC_PROCESS,,19,-0.18790609,-0.9841135,0.47046843,0.6240871,1.0,11068,"tags=79%, list=60%, signal=198%",
GOBP_CELLULAR_RESPONSE_TO_STEROL_DEPLETION,GOBP_CELLULAR_RESPONSE_TO_STEROL_DEPLETION,,16,-0.20718028,-0.98403394,0.45070422,0.6238602,1.0,6539,"tags=56%, list=36%, signal=87%",
GOBP_GLUCOSE_METABOLIC_PROCESS,GOBP_GLUCOSE_METABOLIC_PROCESS,,195,-0.060623348,-0.9838481,0.47095436,0.6238032,1.0,10687,"tags=64%, list=58%, signal=151%",
GOBP_NEGATIVE_REGULATION_OF_T_CELL_RECEPTOR_SIGNALING_PATHWAY,GOBP_NEGATIVE_REGULATION_OF_T_CELL_RECEPTOR_SIGNALING_PATHWAY,,30,-0.15001358,-0.9833783,0.4901099,0.6242616,1.0,4603,"tags=40%, list=25%, signal=53%",
GOBP_POSITIVE_REGULATION_OF_PEPTIDE_SECRETION,GOBP_POSITIVE_REGULATION_OF_PEPTIDE_SECRETION,,122,-0.07594166,-0.9829353,0.47058824,0.62467235,1.0,3136,"tags=25%, list=17%, signal=29%",
GOBP_TRABECULA_FORMATION,GOBP_TRABECULA_FORMATION,,26,-0.16062112,-0.9826029,0.45585215,0.6248777,1.0,4832,"tags=42%, list=26%, signal=57%",
GOBP_ENDOCRINE_HORMONE_SECRETION,GOBP_ENDOCRINE_HORMONE_SECRETION,,58,-0.11045562,-0.9825989,0.45857418,0.6245274,1.0,5269,"tags=40%, list=29%, signal=55%",
GOBP_ESTABLISHMENT_OF_BLOOD_BRAIN_BARRIER,GOBP_ESTABLISHMENT_OF_BLOOD_BRAIN_BARRIER,,17,-0.19801958,-0.9823916,0.46506986,0.6245443,1.0,6099,"tags=53%, list=33%, signal=79%",
GOBP_REGULATION_OF_SMALL_GTPASE_MEDIATED_SIGNAL_TRANSDUCTION,GOBP_REGULATION_OF_SMALL_GTPASE_MEDIATED_SIGNAL_TRANSDUCTION,,307,-0.048515003,-0.98085403,0.4271255,0.6268227,1.0,14759,"tags=85%, list=80%, signal=423%",
GOBP_RESPIRATORY_BURST_INVOLVED_IN_DEFENSE_RESPONSE,GOBP_RESPIRATORY_BURST_INVOLVED_IN_DEFENSE_RESPONSE,,17,-0.19987962,-0.9798398,0.47084233,0.6282154,1.0,4983,"tags=47%, list=27%, signal=64%",
GOBP_REGULATION_OF_VASCULAR_ENDOTHELIAL_GROWTH_FACTOR_RECEPTOR_SIGNALING_PATHWAY,GOBP_REGULATION_OF_VASCULAR_ENDOTHELIAL_GROWTH_FACTOR_RECEPTOR_SIGNALING_PATHWAY,,32,-0.14666852,-0.9796502,0.4897541,0.62819177,1.0,12251,"tags=81%, list=67%, signal=243%",
GOBP_REGULATION_OF_VENTRICULAR_CARDIAC_MUSCLE_CELL_MEMBRANE_REPOLARIZATION,GOBP_REGULATION_OF_VENTRICULAR_CARDIAC_MUSCLE_CELL_MEMBRANE_REPOLARIZATION,,23,-0.17610732,-0.97902596,0.45867768,0.628942,1.0,9560,"tags=70%, list=52%, signal=145%",
GOBP_INTRINSIC_APOPTOTIC_SIGNALING_PATHWAY_IN_RESPONSE_TO_DNA_DAMAGE,GOBP_INTRINSIC_APOPTOTIC_SIGNALING_PATHWAY_IN_RESPONSE_TO_DNA_DAMAGE,,111,-0.08094999,-0.97894883,0.48425198,0.62873936,1.0,8628,"tags=55%, list=47%, signal=103%",
GOBP_REGULATION_OF_CELL_MIGRATION_INVOLVED_IN_SPROUTING_ANGIOGENESIS,GOBP_REGULATION_OF_CELL_MIGRATION_INVOLVED_IN_SPROUTING_ANGIOGENESIS,,40,-0.13202275,-0.97848934,0.4322709,0.6291721,1.0,2176,"tags=25%, list=12%, signal=28%",
GOBP_VASCULAR_ENDOTHELIAL_GROWTH_FACTOR_PRODUCTION,GOBP_VASCULAR_ENDOTHELIAL_GROWTH_FACTOR_PRODUCTION,,37,-0.13520433,-0.97841954,0.48214287,0.6289348,1.0,2490,"tags=27%, list=14%, signal=31%",
GOBP_REGULATION_OF_T_CELL_MIGRATION,GOBP_REGULATION_OF_T_CELL_MIGRATION,,52,-0.11389871,-0.9783736,0.47254902,0.628657,1.0,4632,"tags=37%, list=25%, signal=49%",
GOBP_T_CELL_DIFFERENTIATION_IN_THYMUS,GOBP_T_CELL_DIFFERENTIATION_IN_THYMUS,,88,-0.087581895,-0.9776754,0.46583852,0.6295093,1.0,16580,"tags=99%, list=90%, signal=999%",
GOBP_ENDOPLASMIC_RETICULUM_ORGANIZATION,GOBP_ENDOPLASMIC_RETICULUM_ORGANIZATION,,104,-0.081391886,-0.9771344,0.482684,0.6300861,1.0,12129,"tags=74%, list=66%, signal=216%",
GOBP_REGULATION_OF_CELL_GROWTH,GOBP_REGULATION_OF_CELL_GROWTH,,403,-0.04219217,-0.9769313,0.4845996,0.6300717,1.0,8506,"tags=50%, list=46%, signal=92%",
GOBP_FIBROBLAST_APOPTOTIC_PROCESS,GOBP_FIBROBLAST_APOPTOTIC_PROCESS,,25,-0.16221495,-0.9764408,0.4845996,0.63057476,1.0,8792,"tags=64%, list=48%, signal=122%",
GOBP_CELLULAR_RESPONSE_TO_ACIDIC_PH,GOBP_CELLULAR_RESPONSE_TO_ACIDIC_PH,,18,-0.19505674,-0.9761978,0.4695652,0.6306612,1.0,4591,"tags=44%, list=25%, signal=59%",
GOBP_CEREBELLAR_PURKINJE_CELL_LAYER_FORMATION,GOBP_CEREBELLAR_PURKINJE_CELL_LAYER_FORMATION,,16,-0.19844218,-0.97560745,0.44488978,0.631343,1.0,7849,"tags=63%, list=43%, signal=109%",
GOBP_RESPONSE_TO_COPPER_ION,GOBP_RESPONSE_TO_COPPER_ION,,38,-0.13493563,-0.97467,0.46707818,0.6325759,1.0,7204,"tags=53%, list=39%, signal=86%",
GOBP_POSITIVE_REGULATION_OF_CATALYTIC_ACTIVITY,GOBP_POSITIVE_REGULATION_OF_CATALYTIC_ACTIVITY,,336,-0.046903152,-0.97349316,0.48856547,0.63432217,1.0,4354,"tags=28%, list=24%, signal=36%",
GOBP_REGULATION_OF_CALCIUM_ION_TRANSMEMBRANE_TRANSPORTER_ACTIVITY,GOBP_REGULATION_OF_CALCIUM_ION_TRANSMEMBRANE_TRANSPORTER_ACTIVITY,,34,-0.14088869,-0.97344553,0.4904051,0.6340431,1.0,1742,"tags=24%, list=9%, signal=26%",
GOBP_REGULATION_OF_SNARE_COMPLEX_ASSEMBLY,GOBP_REGULATION_OF_SNARE_COMPLEX_ASSEMBLY,,15,-0.2141888,-0.9726826,0.48118812,0.6349996,1.0,13230,"tags=93%, list=72%, signal=332%",
GOBP_ENERGY_HOMEOSTASIS,GOBP_ENERGY_HOMEOSTASIS,,87,-0.09146986,-0.9716807,0.4764706,0.6363266,1.0,15238,"tags=92%, list=83%, signal=534%",
GOBP_REGULATION_OF_HEART_RATE,GOBP_REGULATION_OF_HEART_RATE,,106,-0.08069456,-0.97060585,0.4827586,0.63783777,1.0,4598,"tags=33%, list=25%, signal=44%",
GOBP_MYELOID_DENDRITIC_CELL_DIFFERENTIATION,GOBP_MYELOID_DENDRITIC_CELL_DIFFERENTIATION,,21,-0.17327942,-0.97004724,0.47035572,0.63843256,1.0,7327,"tags=57%, list=40%, signal=95%",
GOBP_POSITIVE_REGULATION_OF_INTERLEUKIN_10_PRODUCTION,GOBP_POSITIVE_REGULATION_OF_INTERLEUKIN_10_PRODUCTION,,42,-0.12672158,-0.9694253,0.49224806,0.6391239,1.0,4244,"tags=36%, list=23%, signal=46%",
GOBP_RELAXATION_OF_CARDIAC_MUSCLE,GOBP_RELAXATION_OF_CARDIAC_MUSCLE,,17,-0.19184077,-0.96824795,0.4717742,0.64080584,1.0,9458,"tags=71%, list=51%, signal=145%",
GOBP_REGULATION_OF_RETINOIC_ACID_RECEPTOR_SIGNALING_PATHWAY,GOBP_REGULATION_OF_RETINOIC_ACID_RECEPTOR_SIGNALING_PATHWAY,,17,-0.2007184,-0.9681541,0.43849206,0.6406044,1.0,14704,"tags=100%, list=80%, signal=498%",
GOBP_NEGATIVE_REGULATION_OF_PROTEIN_SECRETION,GOBP_NEGATIVE_REGULATION_OF_PROTEIN_SECRETION,,69,-0.097377986,-0.9681427,0.47454175,0.6402596,1.0,6746,"tags=46%, list=37%, signal=73%",
GOBP_REGULATION_OF_HORMONE_SECRETION,GOBP_REGULATION_OF_HORMONE_SECRETION,,267,-0.051112905,-0.96807694,0.48547718,0.64000666,1.0,4034,"tags=27%, list=22%, signal=34%",
GOBP_VIRAL_TRANSLATION,GOBP_VIRAL_TRANSLATION,,26,-0.1592829,-0.96652764,0.48879838,0.64232874,1.0,9808,"tags=69%, list=53%, signal=148%",
GOBP_PSEUDOURIDINE_SYNTHESIS,GOBP_PSEUDOURIDINE_SYNTHESIS,,18,-0.18680188,-0.96612537,0.48765433,0.6426382,1.0,10873,"tags=78%, list=59%, signal=190%",
GOBP_REGULATION_OF_RESPIRATORY_BURST,GOBP_REGULATION_OF_RESPIRATORY_BURST,,17,-0.19647968,-0.9656285,0.4793713,0.6431636,1.0,1800,"tags=29%, list=10%, signal=33%",
GOBP_POSITIVE_REGULATION_OF_NERVOUS_SYSTEM_PROCESS,GOBP_POSITIVE_REGULATION_OF_NERVOUS_SYSTEM_PROCESS,,37,-0.13479203,-0.9653244,0.47368422,0.6433591,1.0,6474,"tags=49%, list=35%, signal=75%",
GOBP_NEGATIVE_REGULATION_OF_PROTEIN_LOCALIZATION,GOBP_NEGATIVE_REGULATION_OF_PROTEIN_LOCALIZATION,,217,-0.057098843,-0.9643846,0.5185185,0.6446476,1.0,14727,"tags=86%, list=80%, signal=425%",
GOBP_CAMP_PKA_SIGNAL_TRANSDUCTION,GOBP_CAMP_PKA_SIGNAL_TRANSDUCTION,,34,-0.14012124,-0.96421516,0.4757085,0.6445783,1.0,2297,"tags=26%, list=12%, signal=30%",
GOBP_MUSCLE_CELL_APOPTOTIC_PROCESS,GOBP_MUSCLE_CELL_APOPTOTIC_PROCESS,,80,-0.090348005,-0.962766,0.48008385,0.64675814,1.0,11910,"tags=74%, list=65%, signal=208%",
GOBP_INNER_EAR_RECEPTOR_CELL_STEREOCILIUM_ORGANIZATION,GOBP_INNER_EAR_RECEPTOR_CELL_STEREOCILIUM_ORGANIZATION,,40,-0.12780502,-0.96275413,0.47637796,0.6464154,1.0,13288,"tags=85%, list=72%, signal=306%",
GOBP_DENDRITIC_CELL_ANTIGEN_PROCESSING_AND_PRESENTATION,GOBP_DENDRITIC_CELL_ANTIGEN_PROCESSING_AND_PRESENTATION,,15,-0.20425916,-0.96273535,0.48814228,0.646086,1.0,4830,"tags=47%, list=26%, signal=63%",
GOBP_MITOTIC_DNA_INTEGRITY_CHECKPOINT_SIGNALING,GOBP_MITOTIC_DNA_INTEGRITY_CHECKPOINT_SIGNALING,,75,-0.0916612,-0.962635,0.4846154,0.6459024,1.0,14261,"tags=87%, list=78%, signal=384%",
GOBP_REGULATION_OF_AMINO_ACID_TRANSMEMBRANE_TRANSPORT,GOBP_REGULATION_OF_AMINO_ACID_TRANSMEMBRANE_TRANSPORT,,16,-0.19963266,-0.9626034,0.50666666,0.6455959,1.0,10126,"tags=75%, list=55%, signal=167%",
GOBP_POSITIVE_REGULATION_OF_TUMOR_NECROSIS_FACTOR_SUPERFAMILY_CYTOKINE_PRODUCTION,GOBP_POSITIVE_REGULATION_OF_TUMOR_NECROSIS_FACTOR_SUPERFAMILY_CYTOKINE_PRODUCTION,,111,-0.07855925,-0.962558,0.46327683,0.6453169,1.0,2210,"tags=20%, list=12%, signal=22%",
GOBP_NEGATIVE_REGULATION_OF_AMYLOID_PRECURSOR_PROTEIN_CATABOLIC_PROCESS,GOBP_NEGATIVE_REGULATION_OF_AMYLOID_PRECURSOR_PROTEIN_CATABOLIC_PROCESS,,19,-0.18324511,-0.9625496,0.47094187,0.6449695,1.0,4378,"tags=42%, list=24%, signal=55%",
GOBP_REGULATION_OF_MYOTUBE_DIFFERENTIATION,GOBP_REGULATION_OF_MYOTUBE_DIFFERENTIATION,,44,-0.12043088,-0.9610566,0.49604744,0.64718664,1.0,6151,"tags=45%, list=33%, signal=68%",
GOBP_REGULATION_OF_CARDIAC_MUSCLE_CONTRACTION,GOBP_REGULATION_OF_CARDIAC_MUSCLE_CONTRACTION,,81,-0.08948493,-0.9604442,0.48979592,0.6478577,1.0,9715,"tags=62%, list=53%, signal=130%",
GOBP_CENTRIOLE_CENTRIOLE_COHESION,GOBP_CENTRIOLE_CENTRIOLE_COHESION,,15,-0.20770207,-0.95986885,0.4980916,0.64851964,1.0,9671,"tags=73%, list=53%, signal=155%",
GOBP_PROTEIN_K48_LINKED_DEUBIQUITINATION,GOBP_PROTEIN_K48_LINKED_DEUBIQUITINATION,,26,-0.15919705,-0.9598425,0.49224806,0.6481994,1.0,14761,"tags=96%, list=80%, signal=486%",
GOBP_NEGATIVE_REGULATION_OF_PROTEIN_BINDING,GOBP_NEGATIVE_REGULATION_OF_PROTEIN_BINDING,,42,-0.12522934,-0.95923424,0.4923077,0.6489259,1.0,13029,"tags=83%, list=71%, signal=285%",
GOBP_T_HELPER_17_CELL_DIFFERENTIATION,GOBP_T_HELPER_17_CELL_DIFFERENTIATION,,40,-0.12771645,-0.95874274,0.49328214,0.64947546,1.0,6393,"tags=48%, list=35%, signal=73%",
GOBP_REGULATION_OF_VIRAL_TRANSCRIPTION,GOBP_REGULATION_OF_VIRAL_TRANSCRIPTION,,20,-0.17676501,-0.95791537,0.476,0.6505944,1.0,12386,"tags=85%, list=67%, signal=260%",
GOBP_AUDITORY_RECEPTOR_CELL_DEVELOPMENT,GOBP_AUDITORY_RECEPTOR_CELL_DEVELOPMENT,,30,-0.14442931,-0.95755523,0.49019608,0.65082943,1.0,13288,"tags=87%, list=72%, signal=312%",
GOBP_LYMPH_NODE_DEVELOPMENT,GOBP_LYMPH_NODE_DEVELOPMENT,,21,-0.17375639,-0.95723957,0.50396824,0.6510617,1.0,8194,"tags=62%, list=45%, signal=112%",
GOBP_INTERLEUKIN_10_PRODUCTION,GOBP_INTERLEUKIN_10_PRODUCTION,,62,-0.10333705,-0.9562259,0.5113402,0.65250516,1.0,2853,"tags=26%, list=16%, signal=30%",
GOBP_NEGATIVE_REGULATION_OF_ERBB_SIGNALING_PATHWAY,GOBP_NEGATIVE_REGULATION_OF_ERBB_SIGNALING_PATHWAY,,32,-0.14160289,-0.955752,0.4762846,0.65299904,1.0,12344,"tags=81%, list=67%, signal=247%",
GOBP_MEMBRANE_INVAGINATION,GOBP_MEMBRANE_INVAGINATION,,63,-0.10210238,-0.95555615,0.5169811,0.6529452,1.0,4260,"tags=33%, list=23%, signal=43%",
GOBP_GLIAL_CELL_DEVELOPMENT,GOBP_GLIAL_CELL_DEVELOPMENT,,131,-0.07270388,-0.9553035,0.51214576,0.6530264,1.0,4289,"tags=31%, list=23%, signal=40%",
GOBP_RIBONUCLEOSIDE_MONOPHOSPHATE_BIOSYNTHETIC_PROCESS,GOBP_RIBONUCLEOSIDE_MONOPHOSPHATE_BIOSYNTHETIC_PROCESS,,34,-0.14254539,-0.9550727,0.49309665,0.6530823,1.0,11448,"tags=76%, list=62%, signal=202%",
GOBP_PYRIMIDINE_CONTAINING_COMPOUND_TRANSMEMBRANE_TRANSPORT,GOBP_PYRIMIDINE_CONTAINING_COMPOUND_TRANSMEMBRANE_TRANSPORT,,16,-0.20035714,-0.95470905,0.49295774,0.6533471,1.0,13561,"tags=94%, list=74%, signal=357%",
GOBP_NEGATIVE_REGULATION_OF_LYMPHOCYTE_MIGRATION,GOBP_NEGATIVE_REGULATION_OF_LYMPHOCYTE_MIGRATION,,16,-0.19591497,-0.9539933,0.49615383,0.6542234,1.0,6746,"tags=56%, list=37%, signal=89%",
GOBP_INTEGRATED_STRESS_RESPONSE_SIGNALING,GOBP_INTEGRATED_STRESS_RESPONSE_SIGNALING,,51,-0.11448562,-0.9538441,0.48007968,0.6541185,1.0,10162,"tags=67%, list=55%, signal=149%",
GOBP_ACTIVATION_OF_GTPASE_ACTIVITY,GOBP_ACTIVATION_OF_GTPASE_ACTIVITY,,24,-0.1577671,-0.9528182,0.49301398,0.65552366,1.0,14728,"tags=96%, list=80%, signal=481%",
GOBP_POSITIVE_REGULATION_OF_CELL_ADHESION_MEDIATED_BY_INTEGRIN,GOBP_POSITIVE_REGULATION_OF_CELL_ADHESION_MEDIATED_BY_INTEGRIN,,22,-0.17124204,-0.95238143,0.48466256,0.65593886,1.0,5215,"tags=45%, list=28%, signal=63%",
GOBP_RESPONSE_TO_HEPATOCYTE_GROWTH_FACTOR,GOBP_RESPONSE_TO_HEPATOCYTE_GROWTH_FACTOR,,17,-0.1919112,-0.95163924,0.51746726,0.65686387,1.0,13784,"tags=94%, list=75%, signal=375%",
GOBP_POSITIVE_REGULATION_OF_CALCIUM_ION_TRANSMEMBRANE_TRANSPORT,GOBP_POSITIVE_REGULATION_OF_CALCIUM_ION_TRANSMEMBRANE_TRANSPORT,,70,-0.09590791,-0.9506657,0.4952741,0.6581755,1.0,5863,"tags=41%, list=32%, signal=61%",
GOBP_AMYLOID_BETA_FORMATION,GOBP_AMYLOID_BETA_FORMATION,,45,-0.117847025,-0.950149,0.5278311,0.6587108,1.0,4378,"tags=36%, list=24%, signal=47%",
GOBP_REGULATION_OF_INTRACELLULAR_STEROID_HORMONE_RECEPTOR_SIGNALING_PATHWAY,GOBP_REGULATION_OF_INTRACELLULAR_STEROID_HORMONE_RECEPTOR_SIGNALING_PATHWAY,,83,-0.08819307,-0.94975686,0.501938,0.6589994,1.0,14340,"tags=87%, list=78%, signal=392%",
GOBP_POSITIVE_REGULATION_OF_REGULATORY_T_CELL_DIFFERENTIATION,GOBP_POSITIVE_REGULATION_OF_REGULATORY_T_CELL_DIFFERENTIATION,,24,-0.16085008,-0.94928116,0.5009634,0.6594746,1.0,3177,"tags=33%, list=17%, signal=40%",
GOBP_POSITIVE_REGULATION_OF_MYELINATION,GOBP_POSITIVE_REGULATION_OF_MYELINATION,,21,-0.17204034,-0.9490312,0.50317127,0.65954113,1.0,6474,"tags=52%, list=35%, signal=81%",
GOBP_ISOTYPE_SWITCHING_TO_IGG_ISOTYPES,GOBP_ISOTYPE_SWITCHING_TO_IGG_ISOTYPES,,16,-0.19200681,-0.94903076,0.50901806,0.65917754,1.0,12565,"tags=88%, list=68%, signal=276%",
GOBP_INTRACELLULAR_SODIUM_ION_HOMEOSTASIS,GOBP_INTRACELLULAR_SODIUM_ION_HOMEOSTASIS,,22,-0.16956183,-0.9487185,0.5101626,0.65934795,1.0,2738,"tags=32%, list=15%, signal=37%",
GOBP_POSITIVE_REGULATION_OF_CALCIUM_ION_IMPORT,GOBP_POSITIVE_REGULATION_OF_CALCIUM_ION_IMPORT,,27,-0.15217976,-0.948261,0.51717174,0.65976006,1.0,4699,"tags=41%, list=26%, signal=55%",
GOBP_PEPTIDYL_THREONINE_PHOSPHORYLATION,GOBP_PEPTIDYL_THREONINE_PHOSPHORYLATION,,40,-0.12868917,-0.94767,0.48303393,0.6604105,1.0,12812,"tags=83%, list=70%, signal=271%",
GOBP_NEGATIVE_REGULATION_OF_ENDOPLASMIC_RETICULUM_STRESS_INDUCED_INTRINSIC_APOPTOTIC_SIGNALING_PATHWAY,GOBP_NEGATIVE_REGULATION_OF_ENDOPLASMIC_RETICULUM_STRESS_INDUCED_INTRINSIC_APOPTOTIC_SIGNALING_PATHWAY,,20,-0.1754613,-0.94757396,0.4871795,0.6602184,1.0,4134,"tags=40%, list=22%, signal=52%",
GOBP_REGULATION_OF_AMIDE_METABOLIC_PROCESS,GOBP_REGULATION_OF_AMIDE_METABOLIC_PROCESS,,71,-0.095610134,-0.947342,0.50300604,0.66024786,1.0,12755,"tags=79%, list=69%, signal=256%",
GOBP_NEGATIVE_REGULATION_OF_CELL_ADHESION,GOBP_NEGATIVE_REGULATION_OF_CELL_ADHESION,,293,-0.049587645,-0.946862,0.52593917,0.66076314,1.0,7640,"tags=46%, list=42%, signal=78%",
GOBP_PROXIMAL_DISTAL_PATTERN_FORMATION,GOBP_PROXIMAL_DISTAL_PATTERN_FORMATION,,34,-0.13761538,-0.94669545,0.47859922,0.6606905,1.0,2343,"tags=26%, list=13%, signal=30%",
GOBP_DETECTION_OF_EXTERNAL_BIOTIC_STIMULUS,GOBP_DETECTION_OF_EXTERNAL_BIOTIC_STIMULUS,,26,-0.15646186,-0.9458364,0.53424656,0.6618401,1.0,2079,"tags=27%, list=11%, signal=30%",
GOBP_RESPONSE_TO_SALT_STRESS,GOBP_RESPONSE_TO_SALT_STRESS,,22,-0.17020027,-0.94562566,0.51209676,0.66186094,1.0,7742,"tags=59%, list=42%, signal=102%",
GOBP_BONE_REMODELING,GOBP_BONE_REMODELING,,86,-0.08569334,-0.9448253,0.5125523,0.66294336,1.0,4634,"tags=34%, list=25%, signal=45%",
GOBP_MRNA_SPLICE_SITE_RECOGNITION,GOBP_MRNA_SPLICE_SITE_RECOGNITION,,31,-0.13995892,-0.94416326,0.504931,0.6637459,1.0,8110,"tags=58%, list=44%, signal=104%",
GOBP_SUPEROXIDE_ANION_GENERATION,GOBP_SUPEROXIDE_ANION_GENERATION,,43,-0.12232116,-0.9437954,0.5142276,0.6640343,1.0,7166,"tags=51%, list=39%, signal=84%",
GOBP_RAB_PROTEIN_SIGNAL_TRANSDUCTION,GOBP_RAB_PROTEIN_SIGNAL_TRANSDUCTION,,23,-0.1639974,-0.9436284,0.5147929,0.6639827,1.0,6584,"tags=52%, list=36%, signal=81%",
GOBP_REGULATION_OF_RUFFLE_ASSEMBLY,GOBP_REGULATION_OF_RUFFLE_ASSEMBLY,,31,-0.14055455,-0.9431876,0.5155925,0.66441584,1.0,3353,"tags=32%, list=18%, signal=39%",
GOBP_POSITIVE_REGULATION_OF_STRESS_FIBER_ASSEMBLY,GOBP_POSITIVE_REGULATION_OF_STRESS_FIBER_ASSEMBLY,,52,-0.10917675,-0.9427354,0.48333332,0.6648493,1.0,8609,"tags=58%, list=47%, signal=108%",
GOBP_RECEPTOR_MEDIATED_ENDOCYTOSIS,GOBP_RECEPTOR_MEDIATED_ENDOCYTOSIS,,274,-0.04970549,-0.94250166,0.47975707,0.6648826,1.0,4403,"tags=29%, list=24%, signal=37%",
GOBP_SERTOLI_CELL_DEVELOPMENT,GOBP_SERTOLI_CELL_DEVELOPMENT,,18,-0.18215133,-0.9420665,0.5263158,0.6652926,1.0,8915,"tags=67%, list=48%, signal=129%",
GOBP_NEGATIVE_REGULATION_OF_PEPTIDE_SECRETION,GOBP_NEGATIVE_REGULATION_OF_PEPTIDE_SECRETION,,47,-0.116156034,-0.9410412,0.5126051,0.66673815,1.0,4131,"tags=34%, list=22%, signal=44%",
GOBP_REGULATION_OF_SMOOTH_MUSCLE_CELL_DIFFERENTIATION,GOBP_REGULATION_OF_SMOOTH_MUSCLE_CELL_DIFFERENTIATION,,36,-0.13361482,-0.940743,0.5242105,0.6668921,1.0,6744,"tags=50%, list=37%, signal=79%",
GOBP_ALCOHOL_CATABOLIC_PROCESS,GOBP_ALCOHOL_CATABOLIC_PROCESS,,36,-0.13243742,-0.94054836,0.5416667,0.66687816,1.0,1657,"tags=22%, list=9%, signal=24%",
GOBP_NEUTRAL_LIPID_BIOSYNTHETIC_PROCESS,GOBP_NEUTRAL_LIPID_BIOSYNTHETIC_PROCESS,,48,-0.11244298,-0.9403891,0.5273834,0.6667765,1.0,12498,"tags=79%, list=68%, signal=246%",
GOBP_LIPID_IMPORT_INTO_CELL,GOBP_LIPID_IMPORT_INTO_CELL,,22,-0.16714177,-0.939554,0.5107632,0.6678219,1.0,11142,"tags=77%, list=61%, signal=196%",
GOBP_EXPLORATION_BEHAVIOR,GOBP_EXPLORATION_BEHAVIOR,,39,-0.1261359,-0.939132,0.5072464,0.66819215,1.0,7589,"tags=54%, list=41%, signal=91%",
GOBP_REGULATORY_T_CELL_DIFFERENTIATION,GOBP_REGULATORY_T_CELL_DIFFERENTIATION,,41,-0.12025786,-0.9383684,0.5020576,0.66918147,1.0,3177,"tags=29%, list=17%, signal=35%",
GOBP_APOPTOTIC_PROCESS_INVOLVED_IN_DEVELOPMENT,GOBP_APOPTOTIC_PROCESS_INVOLVED_IN_DEVELOPMENT,,41,-0.12297202,-0.93823725,0.5127701,0.66902894,1.0,5370,"tags=41%, list=29%, signal=58%",
GOBP_REGULATION_OF_NUCLEOTIDE_METABOLIC_PROCESS,GOBP_REGULATION_OF_NUCLEOTIDE_METABOLIC_PROCESS,,89,-0.0858198,-0.9364971,0.52620965,0.6717349,1.0,14135,"tags=85%, list=77%, signal=367%",
GOBP_PEPTIDYL_TYROSINE_DEPHOSPHORYLATION,GOBP_PEPTIDYL_TYROSINE_DEPHOSPHORYLATION,,21,-0.17243955,-0.9363058,0.52040815,0.6716937,1.0,12597,"tags=86%, list=68%, signal=272%",
GOBP_NEGATIVE_REGULATION_OF_STEM_CELL_POPULATION_MAINTENANCE,GOBP_NEGATIVE_REGULATION_OF_STEM_CELL_POPULATION_MAINTENANCE,,25,-0.15922682,-0.9362985,0.5226824,0.67134154,1.0,14732,"tags=96%, list=80%, signal=482%",
GOBP_REGULATION_OF_CARDIAC_MUSCLE_CELL_MEMBRANE_REPOLARIZATION,GOBP_REGULATION_OF_CARDIAC_MUSCLE_CELL_MEMBRANE_REPOLARIZATION,,27,-0.14711753,-0.93517435,0.5051975,0.67296934,1.0,9560,"tags=67%, list=52%, signal=139%",
GOBP_POSITIVE_REGULATION_OF_GLYCOPROTEIN_METABOLIC_PROCESS,GOBP_POSITIVE_REGULATION_OF_GLYCOPROTEIN_METABOLIC_PROCESS,,21,-0.16775541,-0.9350835,0.5231054,0.6727906,1.0,9180,"tags=67%, list=50%, signal=133%",
GOBP_B_CELL_APOPTOTIC_PROCESS,GOBP_B_CELL_APOPTOTIC_PROCESS,,27,-0.15144968,-0.93492496,0.53162056,0.67267853,1.0,7437,"tags=56%, list=40%, signal=93%",
GOBP_EAR_MORPHOGENESIS,GOBP_EAR_MORPHOGENESIS,,133,-0.06998519,-0.9344772,0.5176471,0.6730973,1.0,2595,"tags=21%, list=14%, signal=24%",
GOBP_EMBRYONIC_PATTERN_SPECIFICATION,GOBP_EMBRYONIC_PATTERN_SPECIFICATION,,72,-0.09234115,-0.9340646,0.5387597,0.67343587,1.0,1630,"tags=18%, list=9%, signal=20%",
GOBP_LIVER_MORPHOGENESIS,GOBP_LIVER_MORPHOGENESIS,,24,-0.16453649,-0.9338624,0.5214844,0.6734356,1.0,2343,"tags=29%, list=13%, signal=33%",
GOBP_RESPONSE_TO_ALCOHOL,GOBP_RESPONSE_TO_ALCOHOL,,266,-0.04891387,-0.93357396,0.5151515,0.673562,1.0,1880,"tags=15%, list=10%, signal=17%",
GOBP_POSITIVE_REGULATION_OF_AMIDE_METABOLIC_PROCESS,GOBP_POSITIVE_REGULATION_OF_AMIDE_METABOLIC_PROCESS,,30,-0.14029191,-0.93345314,0.5412475,0.67341226,1.0,13977,"tags=90%, list=76%, signal=374%",
GOBP_SKELETAL_MUSCLE_CONTRACTION,GOBP_SKELETAL_MUSCLE_CONTRACTION,,51,-0.111679144,-0.93090886,0.52509654,0.67762,1.0,6968,"tags=49%, list=38%, signal=79%",
GOBP_REGULATION_OF_OSTEOBLAST_PROLIFERATION,GOBP_REGULATION_OF_OSTEOBLAST_PROLIFERATION,,27,-0.14930981,-0.9298697,0.5290581,0.67909235,1.0,6114,"tags=48%, list=33%, signal=72%",
GOBP_RESPONSE_TO_GROWTH_HORMONE,GOBP_RESPONSE_TO_GROWTH_HORMONE,,36,-0.13019007,-0.9295992,0.51497006,0.679194,1.0,6296,"tags=47%, list=34%, signal=72%",
GOBP_RESPONSE_TO_HYPEROXIA,GOBP_RESPONSE_TO_HYPEROXIA,,19,-0.17726634,-0.9292295,0.55600816,0.6794646,1.0,1584,"tags=26%, list=9%, signal=29%",
GOBP_NEGATIVE_REGULATION_OF_DEFENSE_RESPONSE_TO_VIRUS,GOBP_NEGATIVE_REGULATION_OF_DEFENSE_RESPONSE_TO_VIRUS,,17,-0.1890459,-0.9289364,0.53144014,0.67959785,1.0,11673,"tags=82%, list=63%, signal=225%",
GOBP_POSITIVE_REGULATION_OF_CELLULAR_EXTRAVASATION,GOBP_POSITIVE_REGULATION_OF_CELLULAR_EXTRAVASATION,,18,-0.18495739,-0.9281927,0.52929294,0.6805297,1.0,6820,"tags=56%, list=37%, signal=88%",
GOBP_PLASMA_MEMBRANE_REPAIR,GOBP_PLASMA_MEMBRANE_REPAIR,,29,-0.14609446,-0.9259154,0.5335968,0.6841902,1.0,6831,"tags=52%, list=37%, signal=82%",
GOBP_POSITIVE_REGULATION_OF_HYDROLASE_ACTIVITY,GOBP_POSITIVE_REGULATION_OF_HYDROLASE_ACTIVITY,,125,-0.0723933,-0.925285,0.5147929,0.6849541,1.0,15157,"tags=90%, list=82%, signal=506%",
GOBP_CELLULAR_RESPONSE_TO_CAMP,GOBP_CELLULAR_RESPONSE_TO_CAMP,,57,-0.10127573,-0.92517066,0.5324165,0.6847874,1.0,2016,"tags=21%, list=11%, signal=24%",
GOBP_NEGATIVE_REGULATION_OF_RELEASE_OF_CYTOCHROME_C_FROM_MITOCHONDRIA,GOBP_NEGATIVE_REGULATION_OF_RELEASE_OF_CYTOCHROME_C_FROM_MITOCHONDRIA,,20,-0.16828153,-0.9244121,0.5273834,0.6857285,1.0,6105,"tags=50%, list=33%, signal=75%",
GOBP_ONE_CARBON_METABOLIC_PROCESS,GOBP_ONE_CARBON_METABOLIC_PROCESS,,23,-0.16003257,-0.9243097,0.5392562,0.68554157,1.0,4258,"tags=39%, list=23%, signal=51%",
GOBP_VERY_LONG_CHAIN_FATTY_ACID_METABOLIC_PROCESS,GOBP_VERY_LONG_CHAIN_FATTY_ACID_METABOLIC_PROCESS,,35,-0.1310136,-0.9242338,0.5546039,0.6853105,1.0,11258,"tags=74%, list=61%, signal=191%",
GOBP_NEGATIVE_REGULATION_OF_SMAD_PROTEIN_SIGNAL_TRANSDUCTION,GOBP_NEGATIVE_REGULATION_OF_SMAD_PROTEIN_SIGNAL_TRANSDUCTION,,25,-0.15831862,-0.9241117,0.5534351,0.68516546,1.0,5921,"tags=48%, list=32%, signal=71%",
GOBP_NEGATIVE_REGULATION_OF_CATALYTIC_ACTIVITY,GOBP_NEGATIVE_REGULATION_OF_CATALYTIC_ACTIVITY,,173,-0.061175287,-0.92392635,0.5346154,0.6851093,1.0,8773,"tags=54%, list=48%, signal=102%",
GOBP_RESPONSE_TO_NERVE_GROWTH_FACTOR,GOBP_RESPONSE_TO_NERVE_GROWTH_FACTOR,,52,-0.10863775,-0.9236085,0.53100777,0.685271,1.0,14985,"tags=92%, list=81%, signal=497%",
GOBP_SERTOLI_CELL_DIFFERENTIATION,GOBP_SERTOLI_CELL_DIFFERENTIATION,,25,-0.1555178,-0.923484,0.5346939,0.685116,1.0,8915,"tags=64%, list=48%, signal=124%",
GOBP_EPITHELIAL_CELL_DEVELOPMENT,GOBP_EPITHELIAL_CELL_DEVELOPMENT,,225,-0.054061644,-0.9232878,0.5410156,0.6850995,1.0,1798,"tags=15%, list=10%, signal=17%",
GOBP_TRIGLYCERIDE_RICH_LIPOPROTEIN_PARTICLE_REMODELING,GOBP_TRIGLYCERIDE_RICH_LIPOPROTEIN_PARTICLE_REMODELING,,16,-0.19193198,-0.9229044,0.53281856,0.6854434,1.0,1072,"tags=25%, list=6%, signal=27%",
GOBP_NOTCH_SIGNALING_PATHWAY,GOBP_NOTCH_SIGNALING_PATHWAY,,181,-0.059279542,-0.922714,0.5267327,0.6854092,1.0,7863,"tags=49%, list=43%, signal=84%",
GOBP_NEUROMUSCULAR_SYNAPTIC_TRANSMISSION,GOBP_NEUROMUSCULAR_SYNAPTIC_TRANSMISSION,,36,-0.13103,-0.9224694,0.5378641,0.6854673,1.0,4748,"tags=39%, list=26%, signal=52%",
GOBP_RETINOIC_ACID_RECEPTOR_SIGNALING_PATHWAY,GOBP_RETINOIC_ACID_RECEPTOR_SIGNALING_PATHWAY,,38,-0.12614316,-0.92233837,0.50499004,0.68534464,1.0,14141,"tags=89%, list=77%, signal=386%",
GOBP_XENOBIOTIC_TRANSMEMBRANE_TRANSPORT,GOBP_XENOBIOTIC_TRANSMEMBRANE_TRANSPORT,,17,-0.18523617,-0.9221151,0.54274356,0.6853769,1.0,11743,"tags=82%, list=64%, signal=228%",
GOBP_POSITIVE_REGULATION_OF_NITRIC_OXIDE_METABOLIC_PROCESS,GOBP_POSITIVE_REGULATION_OF_NITRIC_OXIDE_METABOLIC_PROCESS,,42,-0.118838705,-0.9220204,0.54291415,0.6851712,1.0,3075,"tags=29%, list=17%, signal=34%",
GOBP_VACUOLAR_LOCALIZATION,GOBP_VACUOLAR_LOCALIZATION,,88,-0.0820854,-0.9208489,0.5447619,0.68686014,1.0,9366,"tags=59%, list=51%, signal=120%",
GOBP_BLOOD_VESSEL_ENDOTHELIAL_CELL_MIGRATION,GOBP_BLOOD_VESSEL_ENDOTHELIAL_CELL_MIGRATION,,122,-0.07081204,-0.9201388,0.5074627,0.68773,1.0,1873,"tags=17%, list=10%, signal=19%",
GOBP_TRABECULA_MORPHOGENESIS,GOBP_TRABECULA_MORPHOGENESIS,,48,-0.11261106,-0.91976506,0.56201553,0.68800837,1.0,4832,"tags=38%, list=26%, signal=51%",
GOBP_INHIBITORY_POSTSYNAPTIC_POTENTIAL,GOBP_INHIBITORY_POSTSYNAPTIC_POTENTIAL,,17,-0.18741636,-0.9195248,0.56925994,0.6880685,1.0,5212,"tags=47%, list=28%, signal=66%",
GOBP_SEROTONIN_RECEPTOR_SIGNALING_PATHWAY,GOBP_SEROTONIN_RECEPTOR_SIGNALING_PATHWAY,,16,-0.18919048,-0.91874075,0.56143665,0.6890819,1.0,8019,"tags=63%, list=44%, signal=111%",
GOBP_POSITIVE_REGULATION_OF_INTERLEUKIN_2_PRODUCTION,GOBP_POSITIVE_REGULATION_OF_INTERLEUKIN_2_PRODUCTION,,37,-0.12596561,-0.9184518,0.54064274,0.68920165,1.0,6636,"tags=49%, list=36%, signal=76%",
GOBP_LEUKOCYTE_DEGRANULATION,GOBP_LEUKOCYTE_DEGRANULATION,,81,-0.08585404,-0.9154564,0.5458248,0.69397897,1.0,2970,"tags=25%, list=16%, signal=29%",
GOBP_AZOLE_TRANSMEMBRANE_TRANSPORT,GOBP_AZOLE_TRANSMEMBRANE_TRANSPORT,,15,-0.19440936,-0.9152397,0.5498008,0.6939983,1.0,5011,"tags=47%, list=27%, signal=64%",
GOBP_INTERFERON_BETA_PRODUCTION,GOBP_INTERFERON_BETA_PRODUCTION,,62,-0.09901549,-0.9151558,0.55705994,0.6937804,1.0,15094,"tags=92%, list=82%, signal=511%",
GOBP_RESPONSE_TO_INTERLEUKIN_7,GOBP_RESPONSE_TO_INTERLEUKIN_7,,22,-0.16680524,-0.91481566,0.5768501,0.6939942,1.0,14492,"tags=95%, list=79%, signal=450%",
GOBP_SODIUM_ION_EXPORT_ACROSS_PLASMA_MEMBRANE,GOBP_SODIUM_ION_EXPORT_ACROSS_PLASMA_MEMBRANE,,21,-0.16632192,-0.9138571,0.56808513,0.6952714,1.0,3076,"tags=33%, list=17%, signal=40%",
GOBP_CELLULAR_RESPONSE_TO_ALCOHOL,GOBP_CELLULAR_RESPONSE_TO_ALCOHOL,,108,-0.074192055,-0.91365606,0.55060726,0.6952348,1.0,1880,"tags=18%, list=10%, signal=19%",
GOBP_EPITHELIAL_CELL_MORPHOGENESIS,GOBP_EPITHELIAL_CELL_MORPHOGENESIS,,40,-0.121844836,-0.91333145,0.55533594,0.6954164,1.0,1903,"tags=23%, list=10%, signal=25%",
GOBP_NEGATIVE_REGULATION_OF_NUCLEOTIDE_METABOLIC_PROCESS,GOBP_NEGATIVE_REGULATION_OF_NUCLEOTIDE_METABOLIC_PROCESS,,29,-0.1428212,-0.9125828,0.5609756,0.6963098,1.0,13867,"tags=90%, list=75%, signal=364%",
GOBP_MONOSACCHARIDE_BIOSYNTHETIC_PROCESS,GOBP_MONOSACCHARIDE_BIOSYNTHETIC_PROCESS,,93,-0.0823264,-0.9125429,0.55688626,0.69600165,1.0,10162,"tags=63%, list=55%, signal=141%",
GOBP_POSITIVE_REGULATION_OF_WNT_SIGNALING_PATHWAY,GOBP_POSITIVE_REGULATION_OF_WNT_SIGNALING_PATHWAY,,147,-0.06467992,-0.9118425,0.55510205,0.6968482,1.0,16086,"tags=94%, list=87%, signal=743%",
GOBP_B_CELL_HOMEOSTASIS,GOBP_B_CELL_HOMEOSTASIS,,36,-0.12897636,-0.9117934,0.54709417,0.69656575,1.0,7340,"tags=53%, list=40%, signal=88%",
GOBP_REGULATION_OF_ERYTHROCYTE_DIFFERENTIATION,GOBP_REGULATION_OF_ERYTHROCYTE_DIFFERENTIATION,,50,-0.10899951,-0.91143376,0.56804734,0.6968353,1.0,11979,"tags=76%, list=65%, signal=217%",
GOBP_HEPARIN_PROTEOGLYCAN_METABOLIC_PROCESS,GOBP_HEPARIN_PROTEOGLYCAN_METABOLIC_PROCESS,,17,-0.18619661,-0.91132253,0.55122954,0.6966696,1.0,13889,"tags=94%, list=76%, signal=384%",
GOBP_PROTEIN_LOCALIZATION_TO_GOLGI_APPARATUS,GOBP_PROTEIN_LOCALIZATION_TO_GOLGI_APPARATUS,,34,-0.12987351,-0.91063684,0.5530146,0.6975239,1.0,15467,"tags=97%, list=84%, signal=609%",
GOBP_NEGATIVE_REGULATION_OF_PROTEASOMAL_PROTEIN_CATABOLIC_PROCESS,GOBP_NEGATIVE_REGULATION_OF_PROTEASOMAL_PROTEIN_CATABOLIC_PROCESS,,57,-0.103600055,-0.91055834,0.5589431,0.6972864,1.0,15202,"tags=93%, list=83%, signal=535%",
GOBP_POSITIVE_REGULATION_OF_PROTEIN_LOCALIZATION_TO_NUCLEUS,GOBP_POSITIVE_REGULATION_OF_PROTEIN_LOCALIZATION_TO_NUCLEUS,,95,-0.07825639,-0.9102734,0.5744681,0.69740903,1.0,9991,"tags=62%, list=54%, signal=135%",
GOBP_L_AMINO_ACID_CATABOLIC_PROCESS,GOBP_L_AMINO_ACID_CATABOLIC_PROCESS,,76,-0.08800452,-0.9084078,0.56041664,0.7003149,1.0,2019,"tags=20%, list=11%, signal=22%",
GOBP_POSITIVE_REGULATION_OF_B_CELL_ACTIVATION,GOBP_POSITIVE_REGULATION_OF_B_CELL_ACTIVATION,,87,-0.0805615,-0.9077032,0.553816,0.7011375,1.0,3177,"tags=25%, list=17%, signal=30%",
GOBP_FATTY_ACID_TRANSPORT,GOBP_FATTY_ACID_TRANSPORT,,115,-0.07286585,-0.9074629,0.5691383,0.70117676,1.0,7465,"tags=48%, list=41%, signal=80%",
GOBP_MEMBRANE_PROTEIN_PROTEOLYSIS,GOBP_MEMBRANE_PROTEIN_PROTEOLYSIS,,63,-0.09731747,-0.9071717,0.5747573,0.70133495,1.0,14273,"tags=87%, list=78%, signal=389%",
GOBP_PYRIMIDINE_NUCLEOSIDE_MONOPHOSPHATE_METABOLIC_PROCESS,GOBP_PYRIMIDINE_NUCLEOSIDE_MONOPHOSPHATE_METABOLIC_PROCESS,,22,-0.15897584,-0.9069162,0.5557851,0.70143646,1.0,11292,"tags=77%, list=61%, signal=200%",
GOBP_GANGLIOSIDE_METABOLIC_PROCESS,GOBP_GANGLIOSIDE_METABOLIC_PROCESS,,27,-0.14857368,-0.9069029,0.5281385,0.70109093,1.0,12939,"tags=85%, list=70%, signal=287%",
GOBP_REGULATION_OF_PROTEIN_NEDDYLATION,GOBP_REGULATION_OF_PROTEIN_NEDDYLATION,,20,-0.17224157,-0.90680283,0.5614035,0.7009015,1.0,10630,"tags=75%, list=58%, signal=178%",
GOBP_REGULATION_OF_ESTABLISHMENT_OF_PROTEIN_LOCALIZATION_TO_MITOCHONDRION,GOBP_REGULATION_OF_ESTABLISHMENT_OF_PROTEIN_LOCALIZATION_TO_MITOCHONDRION,,52,-0.10663697,-0.90672797,0.5702306,0.70066994,1.0,13607,"tags=85%, list=74%, signal=324%",
GOBP_REGULATION_OF_AMYLOID_PRECURSOR_PROTEIN_CATABOLIC_PROCESS,GOBP_REGULATION_OF_AMYLOID_PRECURSOR_PROTEIN_CATABOLIC_PROCESS,,44,-0.11765608,-0.90616965,0.54043394,0.70123523,1.0,4530,"tags=36%, list=25%, signal=48%",
GOBP_FORMATION_OF_CYTOPLASMIC_TRANSLATION_INITIATION_COMPLEX,GOBP_FORMATION_OF_CYTOPLASMIC_TRANSLATION_INITIATION_COMPLEX,,15,-0.19615076,-0.90515584,0.5627451,0.70262575,1.0,4979,"tags=47%, list=27%, signal=64%",
GOBP_GLYCEROL_ETHER_METABOLIC_PROCESS,GOBP_GLYCEROL_ETHER_METABOLIC_PROCESS,,22,-0.1601067,-0.90436524,0.55040324,0.70362693,1.0,15451,"tags=100%, list=84%, signal=625%",
GOBP_ENDOTHELIAL_CELL_PROLIFERATION,GOBP_ENDOTHELIAL_CELL_PROLIFERATION,,160,-0.060253456,-0.9039524,0.58506227,0.703988,1.0,2006,"tags=17%, list=11%, signal=19%",
GOBP_REGULATION_OF_PROTEIN_LOCALIZATION_TO_CELL_SURFACE,GOBP_REGULATION_OF_PROTEIN_LOCALIZATION_TO_CELL_SURFACE,,41,-0.114712566,-0.90281326,0.56808513,0.7055636,1.0,5073,"tags=39%, list=28%, signal=54%",
GOBP_NEGATIVE_REGULATION_OF_PROTEOLYSIS,GOBP_NEGATIVE_REGULATION_OF_PROTEOLYSIS,,135,-0.06710286,-0.9026251,0.5606936,0.70550036,1.0,13625,"tags=81%, list=74%, signal=309%",
GOBP_MITOTIC_G2_DNA_DAMAGE_CHECKPOINT_SIGNALING,GOBP_MITOTIC_G2_DNA_DAMAGE_CHECKPOINT_SIGNALING,,36,-0.12550017,-0.9025678,0.564,0.70522505,1.0,14045,"tags=89%, list=76%, signal=375%",
GOBP_BARBED_END_ACTIN_FILAMENT_CAPPING,GOBP_BARBED_END_ACTIN_FILAMENT_CAPPING,,27,-0.14425363,-0.9015991,0.5996094,0.70653856,1.0,6888,"tags=52%, list=37%, signal=83%",
GOBP_MACROPHAGE_DIFFERENTIATION,GOBP_MACROPHAGE_DIFFERENTIATION,,70,-0.09138227,-0.90140957,0.5952849,0.706496,1.0,4895,"tags=36%, list=27%, signal=48%",
GOBP_NEGATIVE_REGULATION_OF_PHOSPHORYLATION,GOBP_NEGATIVE_REGULATION_OF_PHOSPHORYLATION,,129,-0.0669599,-0.89975953,0.5739645,0.708922,1.0,7047,"tags=45%, list=38%, signal=72%",
GOBP_REGULATION_OF_TRIGLYCERIDE_METABOLIC_PROCESS,GOBP_REGULATION_OF_TRIGLYCERIDE_METABOLIC_PROCESS,,43,-0.11306599,-0.8977296,0.5905512,0.71214056,1.0,9902,"tags=65%, list=54%, signal=141%",
GOBP_POSITIVE_REGULATION_OF_OLIGODENDROCYTE_DIFFERENTIATION,GOBP_POSITIVE_REGULATION_OF_OLIGODENDROCYTE_DIFFERENTIATION,,23,-0.15523216,-0.8975993,0.582505,0.7119952,1.0,6745,"tags=52%, list=37%, signal=82%",
GOBP_POSITIVE_REGULATION_OF_LIPID_METABOLIC_PROCESS,GOBP_POSITIVE_REGULATION_OF_LIPID_METABOLIC_PROCESS,,133,-0.067226894,-0.8973218,0.57459676,0.712115,1.0,11910,"tags=71%, list=65%, signal=201%",
GOBP_PROTEIN_LIPID_COMPLEX_ORGANIZATION,GOBP_PROTEIN_LIPID_COMPLEX_ORGANIZATION,,59,-0.09814829,-0.8959332,0.590535,0.7141406,1.0,2254,"tags=22%, list=12%, signal=25%",
GOBP_NEGATIVE_REGULATION_OF_PEPTIDASE_ACTIVITY,GOBP_NEGATIVE_REGULATION_OF_PEPTIDASE_ACTIVITY,,18,-0.1795902,-0.8955004,0.5750988,0.71452314,1.0,1810,"tags=28%, list=10%, signal=31%",
GOBP_KERATAN_SULFATE_PROTEOGLYCAN_METABOLIC_PROCESS,GOBP_KERATAN_SULFATE_PROTEOGLYCAN_METABOLIC_PROCESS,,18,-0.17209129,-0.89497834,0.575985,0.715057,1.0,12165,"tags=83%, list=66%, signal=246%",
GOBP_MITOCHONDRIAL_GENOME_MAINTENANCE,GOBP_MITOCHONDRIAL_GENOME_MAINTENANCE,,31,-0.13730763,-0.89426714,0.5910931,0.71588326,1.0,13498,"tags=87%, list=73%, signal=327%",
GOBP_NEURON_PROJECTION_REGENERATION,GOBP_NEURON_PROJECTION_REGENERATION,,56,-0.10125637,-0.8941169,0.582,0.7157658,1.0,14565,"tags=89%, list=79%, signal=428%",
GOBP_EPITHELIAL_CELL_APOPTOTIC_PROCESS,GOBP_EPITHELIAL_CELL_APOPTOTIC_PROCESS,,76,-0.084922485,-0.89394367,0.5661157,0.7157035,1.0,10303,"tags=64%, list=56%, signal=146%",
GOBP_INTERLEUKIN_5_PRODUCTION,GOBP_INTERLEUKIN_5_PRODUCTION,,19,-0.17029636,-0.8937296,0.567619,0.7157258,1.0,2680,"tags=32%, list=15%, signal=37%",
GOBP_POSITIVE_REGULATION_OF_LIPID_BIOSYNTHETIC_PROCESS,GOBP_POSITIVE_REGULATION_OF_LIPID_BIOSYNTHETIC_PROCESS,,95,-0.0791798,-0.8934086,0.58882236,0.7158975,1.0,11910,"tags=73%, list=65%, signal=205%",
GOBP_NEGATIVE_REGULATION_OF_CELL_MIGRATION_INVOLVED_IN_SPROUTING_ANGIOGENESIS,GOBP_NEGATIVE_REGULATION_OF_CELL_MIGRATION_INVOLVED_IN_SPROUTING_ANGIOGENESIS,,16,-0.19176531,-0.8919427,0.58316636,0.7181049,1.0,11420,"tags=81%, list=62%, signal=214%",
GOBP_INOSITOL_PHOSPHATE_METABOLIC_PROCESS,GOBP_INOSITOL_PHOSPHATE_METABOLIC_PROCESS,,42,-0.11449047,-0.89079505,0.5924453,0.7197077,1.0,9723,"tags=64%, list=53%, signal=136%",
GOBP_POSITIVE_REGULATION_OF_TYPE_I_INTERFERON_PRODUCTION,GOBP_POSITIVE_REGULATION_OF_TYPE_I_INTERFERON_PRODUCTION,,77,-0.08677273,-0.89054537,0.5612648,0.7197617,1.0,16564,"tags=99%, list=90%, signal=989%",
GOBP_CARDIAC_LEFT_VENTRICLE_MORPHOGENESIS,GOBP_CARDIAC_LEFT_VENTRICLE_MORPHOGENESIS,,17,-0.17793685,-0.89024395,0.59619045,0.7199075,1.0,6468,"tags=53%, list=35%, signal=82%",
GOBP_REGULATION_OF_TOLL_LIKE_RECEPTOR_4_SIGNALING_PATHWAY,GOBP_REGULATION_OF_TOLL_LIKE_RECEPTOR_4_SIGNALING_PATHWAY,,31,-0.13592492,-0.8900938,0.57377046,0.71980184,1.0,3438,"tags=32%, list=19%, signal=40%",
GOBP_POSITIVE_REGULATION_OF_T_CELL_MIGRATION,GOBP_POSITIVE_REGULATION_OF_T_CELL_MIGRATION,,37,-0.12682557,-0.88792753,0.6046025,0.7231817,1.0,4632,"tags=38%, list=25%, signal=50%",
GOBP_REGULATION_OF_BIOLOGICAL_PROCESS_INVOLVED_IN_SYMBIOTIC_INTERACTION,GOBP_REGULATION_OF_BIOLOGICAL_PROCESS_INVOLVED_IN_SYMBIOTIC_INTERACTION,,39,-0.12132821,-0.8871666,0.58502024,0.7241455,1.0,13336,"tags=85%, list=73%, signal=307%",
GOBP_BONE_MATURATION,GOBP_BONE_MATURATION,,27,-0.14043376,-0.8866806,0.5700197,0.7246327,1.0,6277,"tags=48%, list=34%, signal=73%",
GOBP_BRANCHING_INVOLVED_IN_MAMMARY_GLAND_DUCT_MORPHOGENESIS,GOBP_BRANCHING_INVOLVED_IN_MAMMARY_GLAND_DUCT_MORPHOGENESIS,,25,-0.14826526,-0.8862316,0.5879917,0.7250681,1.0,5370,"tags=44%, list=29%, signal=62%",
GOBP_L_AMINO_ACID_TRANSPORT,GOBP_L_AMINO_ACID_TRANSPORT,,92,-0.076887056,-0.88528126,0.5838384,0.7263213,1.0,12987,"tags=78%, list=71%, signal=265%",
GOBP_REGULATION_OF_ACTIN_FILAMENT_BASED_PROCESS,GOBP_REGULATION_OF_ACTIN_FILAMENT_BASED_PROCESS,,389,-0.038426884,-0.8844092,0.5920792,0.7275129,1.0,4888,"tags=30%, list=27%, signal=40%",
GOBP_DETECTION_OF_TEMPERATURE_STIMULUS,GOBP_DETECTION_OF_TEMPERATURE_STIMULUS,,27,-0.1397561,-0.8841486,0.59879035,0.7275868,1.0,4246,"tags=37%, list=23%, signal=48%",
GOBP_HEMATOPOIETIC_PROGENITOR_CELL_DIFFERENTIATION,GOBP_HEMATOPOIETIC_PROGENITOR_CELL_DIFFERENTIATION,,135,-0.06659729,-0.8837575,0.5778252,0.7279195,1.0,13498,"tags=80%, list=73%, signal=298%",
GOBP_POSITIVE_REGULATION_OF_VASCULAR_PERMEABILITY,GOBP_POSITIVE_REGULATION_OF_VASCULAR_PERMEABILITY,,18,-0.17057638,-0.88353515,0.58739835,0.7279198,1.0,15258,"tags=100%, list=83%, signal=586%",
GOBP_INTERLEUKIN_4_PRODUCTION,GOBP_INTERLEUKIN_4_PRODUCTION,,33,-0.12723212,-0.8822485,0.59016395,0.7296789,1.0,2681,"tags=27%, list=15%, signal=32%",
GOBP_NEGATIVE_REGULATION_OF_TRANSPORTER_ACTIVITY,GOBP_NEGATIVE_REGULATION_OF_TRANSPORTER_ACTIVITY,,31,-0.13118811,-0.88063276,0.5703276,0.73209757,1.0,5898,"tags=45%, list=32%, signal=66%",
GOBP_POSITIVE_REGULATION_OF_ATP_DEPENDENT_ACTIVITY,GOBP_POSITIVE_REGULATION_OF_ATP_DEPENDENT_ACTIVITY,,23,-0.15288876,-0.8804079,0.60940695,0.7321001,1.0,2790,"tags=30%, list=15%, signal=36%",
GOBP_UROGENITAL_SYSTEM_DEVELOPMENT,GOBP_UROGENITAL_SYSTEM_DEVELOPMENT,,68,-0.090994604,-0.8796703,0.6102941,0.7329778,1.0,2661,"tags=24%, list=14%, signal=27%",
GOBP_REGULATION_OF_RECEPTOR_SIGNALING_PATHWAY_VIA_STAT,GOBP_REGULATION_OF_RECEPTOR_SIGNALING_PATHWAY_VIA_STAT,,77,-0.08440565,-0.87945557,0.5968992,0.7329712,1.0,12547,"tags=77%, list=68%, signal=240%",
GOBP_RESPONSE_TO_IMMOBILIZATION_STRESS,GOBP_RESPONSE_TO_IMMOBILIZATION_STRESS,,25,-0.14903189,-0.87916994,0.6205534,0.733104,1.0,3149,"tags=32%, list=17%, signal=39%",
GOBP_ENDOSOME_TO_PLASMA_MEMBRANE_PROTEIN_TRANSPORT,GOBP_ENDOSOME_TO_PLASMA_MEMBRANE_PROTEIN_TRANSPORT,,19,-0.16595908,-0.87888396,0.6380597,0.7332195,1.0,15343,"tags=100%, list=83%, signal=603%",
GOBP_POSITIVE_REGULATION_OF_RESPONSE_TO_CYTOKINE_STIMULUS,GOBP_POSITIVE_REGULATION_OF_RESPONSE_TO_CYTOKINE_STIMULUS,,71,-0.088404894,-0.8788244,0.5905512,0.7329436,1.0,12887,"tags=79%, list=70%, signal=263%",
GOBP_POSITIVE_REGULATION_OF_CELL_CYCLE_PHASE_TRANSITION,GOBP_POSITIVE_REGULATION_OF_CELL_CYCLE_PHASE_TRANSITION,,109,-0.07028923,-0.8788216,0.5869565,0.7325729,1.0,15251,"tags=90%, list=83%, signal=523%",
GOBP_NEGATIVE_REGULATION_OF_INTRINSIC_APOPTOTIC_SIGNALING_PATHWAY,GOBP_NEGATIVE_REGULATION_OF_INTRINSIC_APOPTOTIC_SIGNALING_PATHWAY,,105,-0.07350458,-0.87821233,0.5968689,0.7332413,1.0,13720,"tags=82%, list=75%, signal=321%",
GOBP_POSITIVE_REGULATION_OF_CANONICAL_WNT_SIGNALING_PATHWAY,GOBP_POSITIVE_REGULATION_OF_CANONICAL_WNT_SIGNALING_PATHWAY,,108,-0.07155706,-0.8761833,0.6030369,0.73635054,1.0,16062,"tags=94%, list=87%, signal=741%",
GOBP_NUTRIENT_STORAGE,GOBP_NUTRIENT_STORAGE,,94,-0.07812582,-0.8757256,0.6360153,0.7367349,1.0,4441,"tags=32%, list=24%, signal=42%",
GOBP_NEGATIVE_REGULATION_OF_BONE_REMODELING,GOBP_NEGATIVE_REGULATION_OF_BONE_REMODELING,,16,-0.18450001,-0.874982,0.6252427,0.7376425,1.0,2358,"tags=31%, list=13%, signal=36%",
GOBP_NEGATIVE_REGULATION_OF_MONONUCLEAR_CELL_MIGRATION,GOBP_NEGATIVE_REGULATION_OF_MONONUCLEAR_CELL_MIGRATION,,33,-0.13212967,-0.87425965,0.62033194,0.73850936,1.0,4263,"tags=36%, list=23%, signal=47%",
GOBP_REGULATION_OF_MICROTUBULE_DEPOLYMERIZATION,GOBP_REGULATION_OF_MICROTUBULE_DEPOLYMERIZATION,,37,-0.12140663,-0.87289494,0.60288066,0.74043113,1.0,9702,"tags=65%, list=53%, signal=137%",
GOBP_HYALURONAN_METABOLIC_PROCESS,GOBP_HYALURONAN_METABOLIC_PROCESS,,34,-0.12713693,-0.8726846,0.57505286,0.7404066,1.0,4699,"tags=38%, list=26%, signal=51%",
GOBP_INTERLEUKIN_12_PRODUCTION,GOBP_INTERLEUKIN_12_PRODUCTION,,63,-0.09552643,-0.8725426,0.5925197,0.7402916,1.0,2629,"tags=24%, list=14%, signal=28%",
GOBP_RESPONSE_TO_ATP,GOBP_RESPONSE_TO_ATP,,33,-0.12766294,-0.8719815,0.60728747,0.7408882,1.0,4345,"tags=36%, list=24%, signal=48%",
GOBP_VESICLE_DOCKING_INVOLVED_IN_EXOCYTOSIS,GOBP_VESICLE_DOCKING_INVOLVED_IN_EXOCYTOSIS,,39,-0.11876719,-0.87195027,0.619802,0.74056166,1.0,13383,"tags=85%, list=73%, signal=310%",
GOBP_POSITIVE_REGULATION_OF_INTRACELLULAR_STEROID_HORMONE_RECEPTOR_SIGNALING_PATHWAY,GOBP_POSITIVE_REGULATION_OF_INTRACELLULAR_STEROID_HORMONE_RECEPTOR_SIGNALING_PATHWAY,,17,-0.17464256,-0.87153465,0.60649085,0.7409219,1.0,9774,"tags=71%, list=53%, signal=151%",
GOBP_LONG_CHAIN_FATTY_ACYL_COA_METABOLIC_PROCESS,GOBP_LONG_CHAIN_FATTY_ACYL_COA_METABOLIC_PROCESS,,25,-0.1434934,-0.8714363,0.63817096,0.7406944,1.0,4722,"tags=40%, list=26%, signal=54%",
GOBP_NEGATIVE_REGULATION_OF_NLRP3_INFLAMMASOME_COMPLEX_ASSEMBLY,GOBP_NEGATIVE_REGULATION_OF_NLRP3_INFLAMMASOME_COMPLEX_ASSEMBLY,,18,-0.16992022,-0.87043935,0.6138996,0.74204284,1.0,8118,"tags=61%, list=44%, signal=109%",
GOBP_POSITIVE_REGULATION_OF_TOR_SIGNALING,GOBP_POSITIVE_REGULATION_OF_TOR_SIGNALING,,77,-0.08663445,-0.8703722,0.60946745,0.7417777,1.0,15850,"tags=95%, list=86%, signal=683%",
GOBP_NEGATIVE_REGULATION_OF_ENDOCYTOSIS,GOBP_NEGATIVE_REGULATION_OF_ENDOCYTOSIS,,67,-0.091713175,-0.8702593,0.610998,0.74159336,1.0,14790,"tags=90%, list=80%, signal=456%",
GOBP_CELLULAR_RESPONSE_TO_ATP,GOBP_CELLULAR_RESPONSE_TO_ATP,,19,-0.1657786,-0.8702372,0.6264591,0.74124783,1.0,2763,"tags=32%, list=15%, signal=37%",
GOBP_RESPONSE_TO_INCREASED_OXYGEN_LEVELS,GOBP_RESPONSE_TO_INCREASED_OXYGEN_LEVELS,,25,-0.14658171,-0.8668991,0.6182573,0.7466611,1.0,3194,"tags=32%, list=17%, signal=39%",
GOBP_PROTEIN_LIPID_COMPLEX_ASSEMBLY,GOBP_PROTEIN_LIPID_COMPLEX_ASSEMBLY,,28,-0.13592939,-0.86560297,0.6284585,0.7485088,1.0,11955,"tags=79%, list=65%, signal=224%",
GOBP_ESTABLISHMENT_OF_MITOTIC_SPINDLE_LOCALIZATION,GOBP_ESTABLISHMENT_OF_MITOTIC_SPINDLE_LOCALIZATION,,42,-0.114881046,-0.8655875,0.6204239,0.7481538,1.0,12781,"tags=81%, list=69%, signal=265%",
GOBP_EXPORT_ACROSS_PLASMA_MEMBRANE,GOBP_EXPORT_ACROSS_PLASMA_MEMBRANE,,83,-0.08035268,-0.86460125,0.6089613,0.7494833,1.0,1632,"tags=17%, list=9%, signal=18%",
GOBP_SMOOTH_MUSCLE_CELL_DIFFERENTIATION,GOBP_SMOOTH_MUSCLE_CELL_DIFFERENTIATION,,66,-0.08933317,-0.8628913,0.651357,0.75203586,1.0,3937,"tags=30%, list=21%, signal=38%",
GOBP_RESPONSE_TO_LEUKEMIA_INHIBITORY_FACTOR,GOBP_RESPONSE_TO_LEUKEMIA_INHIBITORY_FACTOR,,104,-0.07254996,-0.86250836,0.6264591,0.75232226,1.0,10876,"tags=66%, list=59%, signal=161%",
GOBP_POSITIVE_REGULATION_OF_PROTEIN_LOCALIZATION_TO_PLASMA_MEMBRANE,GOBP_POSITIVE_REGULATION_OF_PROTEIN_LOCALIZATION_TO_PLASMA_MEMBRANE,,65,-0.09190138,-0.8609393,0.6074219,0.75461614,1.0,15859,"tags=95%, list=86%, signal=690%",
GOBP_TRIGLYCERIDE_BIOSYNTHETIC_PROCESS,GOBP_TRIGLYCERIDE_BIOSYNTHETIC_PROCESS,,39,-0.1164297,-0.8605818,0.61220473,0.75485015,1.0,6824,"tags=49%, list=37%, signal=77%",
GOBP_NEGATIVE_REGULATION_OF_PROTEIN_POLYMERIZATION,GOBP_NEGATIVE_REGULATION_OF_PROTEIN_POLYMERIZATION,,74,-0.08532613,-0.86031735,0.61752987,0.754909,1.0,6888,"tags=46%, list=37%, signal=73%",
GOBP_REGULATION_OF_NEURON_MIGRATION,GOBP_REGULATION_OF_NEURON_MIGRATION,,51,-0.10149143,-0.85948443,0.62749004,0.7559525,1.0,14367,"tags=88%, list=78%, signal=402%",
GOBP_INOSITOL_PHOSPHATE_BIOSYNTHETIC_PROCESS,GOBP_INOSITOL_PHOSPHATE_BIOSYNTHETIC_PROCESS,,26,-0.14102072,-0.85907614,0.625,0.75625455,1.0,7314,"tags=54%, list=40%, signal=89%",
GOBP_CELLULAR_RESPONSE_TO_ESTROGEN_STIMULUS,GOBP_CELLULAR_RESPONSE_TO_ESTROGEN_STIMULUS,,18,-0.16726235,-0.8578851,0.6359918,0.7579174,1.0,11232,"tags=78%, list=61%, signal=200%",
GOBP_REGULATION_OF_CHOLESTEROL_STORAGE,GOBP_REGULATION_OF_CHOLESTEROL_STORAGE,,17,-0.17203017,-0.85759544,0.6208252,0.75803435,1.0,9822,"tags=71%, list=53%, signal=151%",
GOBP_NEGATIVE_REGULATION_OF_FATTY_ACID_BIOSYNTHETIC_PROCESS,GOBP_NEGATIVE_REGULATION_OF_FATTY_ACID_BIOSYNTHETIC_PROCESS,,19,-0.1632977,-0.8573077,0.6297071,0.7581465,1.0,13456,"tags=89%, list=73%, signal=333%",
GOBP_NEGATIVE_REGULATION_OF_LIPID_TRANSPORT,GOBP_NEGATIVE_REGULATION_OF_LIPID_TRANSPORT,,31,-0.12877049,-0.85723144,0.6198347,0.75788814,1.0,14248,"tags=90%, list=77%, signal=400%",
GOBP_REGULATION_OF_PROTEIN_LOCALIZATION_TO_MEMBRANE,GOBP_REGULATION_OF_PROTEIN_LOCALIZATION_TO_MEMBRANE,,201,-0.051241327,-0.85715216,0.6433121,0.75763136,1.0,14532,"tags=84%, list=79%, signal=396%",
GOBP_VENTRICULAR_CARDIAC_MUSCLE_TISSUE_DEVELOPMENT,GOBP_VENTRICULAR_CARDIAC_MUSCLE_TISSUE_DEVELOPMENT,,62,-0.09360543,-0.8568093,0.6254682,0.75783294,1.0,3328,"tags=27%, list=18%, signal=33%",
GOBP_AMINOGLYCAN_METABOLIC_PROCESS,GOBP_AMINOGLYCAN_METABOLIC_PROCESS,,97,-0.0741734,-0.8564916,0.64271843,0.758015,1.0,5280,"tags=36%, list=29%, signal=50%",
GOBP_CERAMIDE_TRANSPORT,GOBP_CERAMIDE_TRANSPORT,,17,-0.16929293,-0.85583794,0.6214149,0.7587112,1.0,5545,"tags=47%, list=30%, signal=67%",
GOBP_GLUTAMATE_METABOLIC_PROCESS,GOBP_GLUTAMATE_METABOLIC_PROCESS,,34,-0.12387803,-0.855688,0.62781185,0.75857174,1.0,3677,"tags=32%, list=20%, signal=40%",
GOBP_NEGATIVE_REGULATION_OF_TISSUE_REMODELING,GOBP_NEGATIVE_REGULATION_OF_TISSUE_REMODELING,,21,-0.1577339,-0.85407794,0.6147541,0.7609771,1.0,2358,"tags=29%, list=13%, signal=33%",
GOBP_REGULATION_OF_ACTIN_FILAMENT_ORGANIZATION,GOBP_REGULATION_OF_ACTIN_FILAMENT_ORGANIZATION,,263,-0.04480916,-0.85290796,0.6180698,0.76258856,1.0,16321,"tags=93%, list=89%, signal=816%",
GOBP_SENSORY_PERCEPTION_OF_TEMPERATURE_STIMULUS,GOBP_SENSORY_PERCEPTION_OF_TEMPERATURE_STIMULUS,,29,-0.13317798,-0.85196745,0.65904367,0.7638397,1.0,6434,"tags=48%, list=35%, signal=74%",
GOBP_RESPONSE_TO_CALCIUM_ION,GOBP_RESPONSE_TO_CALCIUM_ION,,140,-0.062379364,-0.84884614,0.6455939,0.76872796,1.0,5168,"tags=34%, list=28%, signal=47%",
GOBP_POLYSACCHARIDE_METABOLIC_PROCESS,GOBP_POLYSACCHARIDE_METABOLIC_PROCESS,,104,-0.06887932,-0.8486864,0.6728395,0.7686091,1.0,13242,"tags=79%, list=72%, signal=280%",
GOBP_G1_TO_G0_TRANSITION,GOBP_G1_TO_G0_TRANSITION,,20,-0.16321374,-0.84768283,0.65313655,0.7699328,1.0,4359,"tags=40%, list=24%, signal=52%",
GOBP_NEGATIVE_REGULATION_OF_APOPTOTIC_SIGNALING_PATHWAY,GOBP_NEGATIVE_REGULATION_OF_APOPTOTIC_SIGNALING_PATHWAY,,227,-0.048238665,-0.84733206,0.63126254,0.7701337,1.0,13870,"tags=80%, list=75%, signal=322%",
GOBP_POSITIVE_REGULATION_OF_MUSCLE_ORGAN_DEVELOPMENT,GOBP_POSITIVE_REGULATION_OF_MUSCLE_ORGAN_DEVELOPMENT,,22,-0.15475428,-0.8470082,0.6619718,0.7702875,1.0,3010,"tags=32%, list=16%, signal=38%",
GOBP_ANTIGEN_PROCESSING_AND_PRESENTATION_OF_EXOGENOUS_ANTIGEN,GOBP_ANTIGEN_PROCESSING_AND_PRESENTATION_OF_EXOGENOUS_ANTIGEN,,48,-0.103612415,-0.8469784,0.6738703,0.76996326,1.0,15342,"tags=94%, list=83%, signal=564%",
GOBP_THYMOCYTE_APOPTOTIC_PROCESS,GOBP_THYMOCYTE_APOPTOTIC_PROCESS,,21,-0.15279572,-0.8467842,0.6482214,0.7698837,1.0,5076,"tags=43%, list=28%, signal=59%",
GOBP_C4_DICARBOXYLATE_TRANSPORT,GOBP_C4_DICARBOXYLATE_TRANSPORT,,28,-0.13312483,-0.84629357,0.6484375,0.7703464,1.0,2811,"tags=29%, list=15%, signal=34%",
GOBP_RESPONSE_TO_TEMPERATURE_STIMULUS,GOBP_RESPONSE_TO_TEMPERATURE_STIMULUS,,168,-0.056865904,-0.84336984,0.6524272,0.77497166,1.0,7175,"tags=45%, list=39%, signal=73%",
GOBP_REGULATION_OF_PROTEIN_SUMOYLATION,GOBP_REGULATION_OF_PROTEIN_SUMOYLATION,,22,-0.15140378,-0.8423117,0.6347656,0.7763303,1.0,13103,"tags=86%, list=71%, signal=300%",
GOBP_NEGATIVE_REGULATION_OF_TELOMERE_MAINTENANCE,GOBP_NEGATIVE_REGULATION_OF_TELOMERE_MAINTENANCE,,39,-0.11250084,-0.84218985,0.6541502,0.7761715,1.0,13498,"tags=85%, list=73%, signal=317%",
GOBP_RESPONSE_TO_ESTRADIOL,GOBP_RESPONSE_TO_ESTRADIOL,,110,-0.069276124,-0.8420942,0.6509804,0.77593976,1.0,1744,"tags=16%, list=9%, signal=18%",
GOBP_NEURON_CELLULAR_HOMEOSTASIS,GOBP_NEURON_CELLULAR_HOMEOSTASIS,,63,-0.090724215,-0.8405825,0.6716981,0.7780885,1.0,13810,"tags=84%, list=75%, signal=337%",
GOBP_NEGATIVE_REGULATION_OF_VASCULAR_ASSOCIATED_SMOOTH_MUSCLE_CELL_PROLIFERATION,GOBP_NEGATIVE_REGULATION_OF_VASCULAR_ASSOCIATED_SMOOTH_MUSCLE_CELL_PROLIFERATION,,24,-0.14159226,-0.8398474,0.68537074,0.77887905,1.0,4297,"tags=38%, list=23%, signal=49%",
GOBP_CARDIAC_VENTRICLE_MORPHOGENESIS,GOBP_CARDIAC_VENTRICLE_MORPHOGENESIS,,73,-0.08409799,-0.8379554,0.6628131,0.78167236,1.0,11309,"tags=70%, list=61%, signal=181%",
GOBP_NEGATIVE_REGULATION_OF_CANONICAL_NF_KAPPAB_SIGNAL_TRANSDUCTION,GOBP_NEGATIVE_REGULATION_OF_CANONICAL_NF_KAPPAB_SIGNAL_TRANSDUCTION,,79,-0.08164184,-0.83788174,0.6308594,0.7814133,1.0,14569,"tags=87%, list=79%, signal=418%",
GOBP_NUCLEOTIDE_SALVAGE,GOBP_NUCLEOTIDE_SALVAGE,,18,-0.16399668,-0.8378006,0.6519115,0.7811626,1.0,11292,"tags=78%, list=61%, signal=201%",
GOBP_POSITIVE_REGULATION_OF_TRANSLATION,GOBP_POSITIVE_REGULATION_OF_TRANSLATION,,127,-0.06480457,-0.8377471,0.65904367,0.7808646,1.0,14457,"tags=85%, list=79%, signal=395%",
GOBP_REGULATION_OF_SUPRAMOLECULAR_FIBER_ORGANIZATION,GOBP_REGULATION_OF_SUPRAMOLECULAR_FIBER_ORGANIZATION,,389,-0.03722137,-0.83716744,0.6921529,0.7814469,1.0,16540,"tags=94%, list=90%, signal=910%",
GOBP_AXONAL_TRANSPORT_OF_MITOCHONDRION,GOBP_AXONAL_TRANSPORT_OF_MITOCHONDRION,,16,-0.17189457,-0.83697677,0.646729,0.78136194,1.0,14084,"tags=94%, list=77%, signal=400%",
GOBP_MAGNESIUM_ION_TRANSPORT,GOBP_MAGNESIUM_ION_TRANSPORT,,21,-0.15171216,-0.83672863,0.64837396,0.7813786,1.0,12102,"tags=81%, list=66%, signal=236%",
GOBP_SERINE_FAMILY_AMINO_ACID_BIOSYNTHETIC_PROCESS,GOBP_SERINE_FAMILY_AMINO_ACID_BIOSYNTHETIC_PROCESS,,15,-0.18145405,-0.83529466,0.6708861,0.78343517,1.0,4023,"tags=40%, list=22%, signal=51%",
GOBP_TROPHOBLAST_CELL_MIGRATION,GOBP_TROPHOBLAST_CELL_MIGRATION,,23,-0.14370455,-0.83351326,0.6712329,0.7861095,1.0,12554,"tags=83%, list=68%, signal=260%",
GOBP_PROTEIN_LOCALIZATION_TO_CELL_PERIPHERY,GOBP_PROTEIN_LOCALIZATION_TO_CELL_PERIPHERY,,367,-0.038101945,-0.83304846,0.66302365,0.7864749,1.0,15350,"tags=87%, list=83%, signal=517%",
GOBP_REGULATED_EXOCYTOSIS,GOBP_REGULATED_EXOCYTOSIS,,227,-0.048013598,-0.83277625,0.6753507,0.7865312,1.0,13469,"tags=78%, list=73%, signal=288%",
GOBP_REGULATION_OF_AMYLOID_FIBRIL_FORMATION,GOBP_REGULATION_OF_AMYLOID_FIBRIL_FORMATION,,17,-0.16892795,-0.83171606,0.6519115,0.78789145,1.0,9879,"tags=71%, list=54%, signal=152%",
GOBP_REGULATION_OF_POLYSACCHARIDE_BIOSYNTHETIC_PROCESS,GOBP_REGULATION_OF_POLYSACCHARIDE_BIOSYNTHETIC_PROCESS,,37,-0.1131707,-0.83139056,0.6855984,0.7880548,1.0,8362,"tags=57%, list=45%, signal=104%",
GOBP_ENDODERMAL_CELL_FATE_COMMITMENT,GOBP_ENDODERMAL_CELL_FATE_COMMITMENT,,15,-0.17805834,-0.83134496,0.66283524,0.78772616,1.0,15120,"tags=100%, list=82%, signal=562%",
GOBP_POSITIVE_REGULATION_OF_PLASMA_MEMBRANE_BOUNDED_CELL_PROJECTION_ASSEMBLY,GOBP_POSITIVE_REGULATION_OF_PLASMA_MEMBRANE_BOUNDED_CELL_PROJECTION_ASSEMBLY,,110,-0.06882755,-0.83127093,0.6787879,0.78746307,1.0,16465,"tags=96%, list=90%, signal=915%",
GOBP_NEGATIVE_REGULATION_OF_JNK_CASCADE,GOBP_NEGATIVE_REGULATION_OF_JNK_CASCADE,,37,-0.11528085,-0.8311463,0.67578125,0.7872899,1.0,5838,"tags=43%, list=32%, signal=63%",
GOBP_REGULATION_OF_OXIDATIVE_STRESS_INDUCED_INTRINSIC_APOPTOTIC_SIGNALING_PATHWAY,GOBP_REGULATION_OF_OXIDATIVE_STRESS_INDUCED_INTRINSIC_APOPTOTIC_SIGNALING_PATHWAY,,43,-0.109509416,-0.8310832,0.672165,0.7870082,1.0,1841,"tags=21%, list=10%, signal=23%",
GOBP_ACTIN_FILAMENT_ORGANIZATION,GOBP_ACTIN_FILAMENT_ORGANIZATION,,455,-0.034638908,-0.8308276,0.686,0.7870487,1.0,17124,"tags=96%, list=93%, signal=1366%",
GOBP_REGULATION_OF_SMALL_MOLECULE_METABOLIC_PROCESS,GOBP_REGULATION_OF_SMALL_MOLECULE_METABOLIC_PROCESS,,338,-0.040588222,-0.82911605,0.6566265,0.7895062,1.0,1880,"tags=14%, list=10%, signal=16%",
GOBP_REGULATION_OF_INFLAMMASOME_MEDIATED_SIGNALING_PATHWAY,GOBP_REGULATION_OF_INFLAMMASOME_MEDIATED_SIGNALING_PATHWAY,,52,-0.100386105,-0.8288214,0.6845361,0.78964555,1.0,15490,"tags=94%, list=84%, signal=596%",
GOBP_TOXIN_METABOLIC_PROCESS,GOBP_TOXIN_METABOLIC_PROCESS,,18,-0.1599418,-0.8254284,0.66735965,0.79498494,1.0,2171,"tags=28%, list=12%, signal=31%",
GOBP_NAD_BIOSYNTHETIC_PROCESS,GOBP_NAD_BIOSYNTHETIC_PROCESS,,17,-0.16517586,-0.8241042,0.6898608,0.7967805,1.0,3457,"tags=35%, list=19%, signal=43%",
GOBP_REGULATION_OF_CARBOHYDRATE_METABOLIC_PROCESS,GOBP_REGULATION_OF_CARBOHYDRATE_METABOLIC_PROCESS,,180,-0.053046998,-0.823589,0.6923077,0.79726166,1.0,15076,"tags=87%, list=82%, signal=479%",
GOBP_NEGATIVE_REGULATION_OF_FIBROBLAST_PROLIFERATION,GOBP_NEGATIVE_REGULATION_OF_FIBROBLAST_PROLIFERATION,,34,-0.119270094,-0.82238287,0.6912621,0.79887295,1.0,13498,"tags=85%, list=73%, signal=320%",
GOBP_MYELOID_CELL_HOMEOSTASIS,GOBP_MYELOID_CELL_HOMEOSTASIS,,190,-0.052358598,-0.82232267,0.7125506,0.798576,1.0,14148,"tags=82%, list=77%, signal=352%",
GOBP_REGULATION_OF_PROTEIN_POLYUBIQUITINATION,GOBP_REGULATION_OF_PROTEIN_POLYUBIQUITINATION,,28,-0.13118188,-0.8213878,0.6680672,0.7997489,1.0,12699,"tags=82%, list=69%, signal=265%",
GOBP_PURINE_NUCLEOSIDE_BISPHOSPHATE_METABOLIC_PROCESS,GOBP_PURINE_NUCLEOSIDE_BISPHOSPHATE_METABOLIC_PROCESS,,16,-0.1697381,-0.8209136,0.6935484,0.8001237,1.0,7227,"tags=56%, list=39%, signal=93%",
GOBP_GLUCAN_METABOLIC_PROCESS,GOBP_GLUCAN_METABOLIC_PROCESS,,85,-0.07613831,-0.8206675,0.6698113,0.8001543,1.0,10940,"tags=67%, list=59%, signal=165%",
GOBP_RESPONSE_TO_OSMOTIC_STRESS,GOBP_RESPONSE_TO_OSMOTIC_STRESS,,87,-0.073641956,-0.82022226,0.69057375,0.80051273,1.0,4572,"tags=32%, list=25%, signal=43%",
GOBP_NEGATIVE_REGULATION_OF_BLOOD_VESSEL_ENDOTHELIAL_CELL_MIGRATION,GOBP_NEGATIVE_REGULATION_OF_BLOOD_VESSEL_ENDOTHELIAL_CELL_MIGRATION,,36,-0.11426496,-0.8199858,0.6707819,0.8005174,1.0,4034,"tags=33%, list=22%, signal=43%",
GOBP_PHOSPHATIDYLCHOLINE_BIOSYNTHETIC_PROCESS,GOBP_PHOSPHATIDYLCHOLINE_BIOSYNTHETIC_PROCESS,,27,-0.13226965,-0.8179756,0.6897275,0.80350286,1.0,15963,"tags=100%, list=87%, signal=756%",
GOBP_REGULATION_OF_GLIAL_CELL_MIGRATION,GOBP_REGULATION_OF_GLIAL_CELL_MIGRATION,,19,-0.15451145,-0.8167928,0.6886228,0.80507594,1.0,2970,"tags=32%, list=16%, signal=38%",
GOBP_POSITIVE_REGULATION_OF_FATTY_ACID_BIOSYNTHETIC_PROCESS,GOBP_POSITIVE_REGULATION_OF_FATTY_ACID_BIOSYNTHETIC_PROCESS,,22,-0.14772168,-0.8160016,0.7093496,0.80603194,1.0,6483,"tags=50%, list=35%, signal=77%",
GOBP_REGULATION_OF_PROTEIN_DEPOLYMERIZATION,GOBP_REGULATION_OF_PROTEIN_DEPOLYMERIZATION,,95,-0.07232814,-0.81509274,0.6766467,0.80716413,1.0,11261,"tags=68%, list=61%, signal=176%",
GOBP_AMYLOID_BETA_CLEARANCE,GOBP_AMYLOID_BETA_CLEARANCE,,40,-0.1089845,-0.8147207,0.69375,0.8074156,1.0,2139,"tags=23%, list=12%, signal=25%",
GOBP_GLYCOSAMINOGLYCAN_BIOSYNTHETIC_PROCESS,GOBP_GLYCOSAMINOGLYCAN_BIOSYNTHETIC_PROCESS,,45,-0.10142809,-0.8141057,0.70875764,0.80805,1.0,12853,"tags=80%, list=70%, signal=265%",
GOBP_REGULATION_OF_T_CELL_MEDIATED_CYTOTOXICITY,GOBP_REGULATION_OF_T_CELL_MEDIATED_CYTOTOXICITY,,47,-0.10077272,-0.81403476,0.71206224,0.8077662,1.0,2848,"tags=26%, list=15%, signal=30%",
GOBP_MAMMARY_GLAND_MORPHOGENESIS,GOBP_MAMMARY_GLAND_MORPHOGENESIS,,49,-0.09781611,-0.8137225,0.68937874,0.8078711,1.0,8716,"tags=57%, list=47%, signal=108%",
GOBP_INFLAMMASOME_MEDIATED_SIGNALING_PATHWAY,GOBP_INFLAMMASOME_MEDIATED_SIGNALING_PATHWAY,,59,-0.09028762,-0.8134968,0.71398306,0.8078696,1.0,15490,"tags=93%, list=84%, signal=589%",
GOBP_NEGATIVE_REGULATION_OF_EPITHELIAL_CELL_APOPTOTIC_PROCESS,GOBP_NEGATIVE_REGULATION_OF_EPITHELIAL_CELL_APOPTOTIC_PROCESS,,26,-0.13298286,-0.8134339,0.7091932,0.8075638,1.0,10291,"tags=69%, list=56%, signal=157%",
GOBP_GLIAL_CELL_DIFFERENTIATION,GOBP_GLIAL_CELL_DIFFERENTIATION,,256,-0.044523496,-0.8120157,0.6952381,0.80947375,1.0,2139,"tags=16%, list=12%, signal=18%",
GOBP_FATTY_ACYL_COA_METABOLIC_PROCESS,GOBP_FATTY_ACYL_COA_METABOLIC_PROCESS,,41,-0.10697814,-0.8107606,0.7125,0.8111443,1.0,2075,"tags=22%, list=11%, signal=25%",
GOBP_POSITIVE_REGULATION_OF_SMALL_GTPASE_MEDIATED_SIGNAL_TRANSDUCTION,GOBP_POSITIVE_REGULATION_OF_SMALL_GTPASE_MEDIATED_SIGNAL_TRANSDUCTION,,71,-0.083669074,-0.8105498,0.6768293,0.81108516,1.0,5980,"tags=41%, list=33%, signal=60%",
GOBP_POSITIVE_REGULATION_OF_BLOOD_CIRCULATION,GOBP_POSITIVE_REGULATION_OF_BLOOD_CIRCULATION,,39,-0.109960765,-0.81052935,0.7104723,0.8107222,1.0,16374,"tags=100%, list=89%, signal=910%",
GOBP_DENDRITIC_TRANSPORT,GOBP_DENDRITIC_TRANSPORT,,17,-0.16537115,-0.8088141,0.71769387,0.81310403,1.0,12108,"tags=82%, list=66%, signal=241%",
GOBP_PRODUCTION_OF_MOLECULAR_MEDIATOR_INVOLVED_IN_INFLAMMATORY_RESPONSE,GOBP_PRODUCTION_OF_MOLECULAR_MEDIATOR_INVOLVED_IN_INFLAMMATORY_RESPONSE,,100,-0.06986222,-0.80676013,0.6894531,0.81606215,1.0,5160,"tags=35%, list=28%, signal=48%",
GOBP_POSITIVE_REGULATION_OF_T_HELPER_17_TYPE_IMMUNE_RESPONSE,GOBP_POSITIVE_REGULATION_OF_T_HELPER_17_TYPE_IMMUNE_RESPONSE,,19,-0.15573184,-0.8065096,0.68421054,0.8160662,1.0,13595,"tags=89%, list=74%, signal=343%",
GOBP_L_GLUTAMATE_IMPORT_ACROSS_PLASMA_MEMBRANE,GOBP_L_GLUTAMATE_IMPORT_ACROSS_PLASMA_MEMBRANE,,18,-0.15472884,-0.80644923,0.6946721,0.81577206,1.0,12484,"tags=83%, list=68%, signal=259%",
GOBP_BENZENE_CONTAINING_COMPOUND_METABOLIC_PROCESS,GOBP_BENZENE_CONTAINING_COMPOUND_METABOLIC_PROCESS,,23,-0.1416097,-0.8061001,0.7090164,0.815949,1.0,5396,"tags=43%, list=29%, signal=61%",
GOBP_NEGATIVE_REGULATION_OF_SMOOTH_MUSCLE_CELL_DIFFERENTIATION,GOBP_NEGATIVE_REGULATION_OF_SMOOTH_MUSCLE_CELL_DIFFERENTIATION,,17,-0.16291563,-0.80490386,0.70647776,0.8174715,1.0,6744,"tags=53%, list=37%, signal=84%",
GOBP_TRANSLATIONAL_TERMINATION,GOBP_TRANSLATIONAL_TERMINATION,,18,-0.15656428,-0.8046078,0.7153996,0.8175649,1.0,13472,"tags=89%, list=73%, signal=332%",
GOBP_RESPONSE_TO_UV_B,GOBP_RESPONSE_TO_UV_B,,21,-0.14822304,-0.8042088,0.6869919,0.8178053,1.0,5160,"tags=43%, list=28%, signal=60%",
GOBP_DIOL_METABOLIC_PROCESS,GOBP_DIOL_METABOLIC_PROCESS,,32,-0.11576066,-0.8040053,0.7252066,0.8177382,1.0,11669,"tags=75%, list=63%, signal=205%",
GOBP_POSITIVE_REGULATION_OF_NEURON_APOPTOTIC_PROCESS,GOBP_POSITIVE_REGULATION_OF_NEURON_APOPTOTIC_PROCESS,,67,-0.08497949,-0.8039527,0.7354839,0.81743073,1.0,10796,"tags=67%, list=59%, signal=162%",
GOBP_POSITIVE_REGULATION_OF_DEFENSE_RESPONSE_TO_VIRUS_BY_HOST,GOBP_POSITIVE_REGULATION_OF_DEFENSE_RESPONSE_TO_VIRUS_BY_HOST,,33,-0.11505347,-0.8025617,0.72079206,0.8192795,1.0,7363,"tags=52%, list=40%, signal=86%",
GOBP_ACTIN_FILAMENT_BUNDLE_ORGANIZATION,GOBP_ACTIN_FILAMENT_BUNDLE_ORGANIZATION,,168,-0.05332971,-0.8024045,0.70155036,0.81912744,1.0,16216,"tags=93%, list=88%, signal=783%",
GOBP_CHOLESTEROL_EFFLUX,GOBP_CHOLESTEROL_EFFLUX,,59,-0.09002319,-0.8023578,0.7031872,0.81880414,1.0,14248,"tags=86%, list=77%, signal=382%",
GOBP_CORTICAL_ACTIN_CYTOSKELETON_ORGANIZATION,GOBP_CORTICAL_ACTIN_CYTOSKELETON_ORGANIZATION,,41,-0.104795635,-0.80177265,0.70658684,0.8193532,1.0,16469,"tags=100%, list=90%, signal=955%",
GOBP_CELLULAR_RESPONSE_TO_CARBOHYDRATE_STIMULUS,GOBP_CELLULAR_RESPONSE_TO_CARBOHYDRATE_STIMULUS,,152,-0.054965716,-0.80145013,0.7364017,0.81950366,1.0,7831,"tags=48%, list=43%, signal=83%",
GOBP_REGULATION_OF_SKELETAL_MUSCLE_CONTRACTION,GOBP_REGULATION_OF_SKELETAL_MUSCLE_CONTRACTION,,19,-0.15274961,-0.8013455,0.729249,0.81926924,1.0,9778,"tags=68%, list=53%, signal=146%",
GOBP_NEGATIVE_REGULATION_OF_TRANSFERASE_ACTIVITY,GOBP_NEGATIVE_REGULATION_OF_TRANSFERASE_ACTIVITY,,101,-0.067955226,-0.8011089,0.6991525,0.81926006,1.0,8773,"tags=54%, list=48%, signal=104%",
GOBP_POSITIVE_REGULATION_BY_HOST_OF_VIRAL_PROCESS,GOBP_POSITIVE_REGULATION_BY_HOST_OF_VIRAL_PROCESS,,21,-0.1453716,-0.8010004,0.71785027,0.81903297,1.0,13970,"tags=90%, list=76%, signal=376%",
GOBP_REGULATION_OF_MITOCHONDRIAL_OUTER_MEMBRANE_PERMEABILIZATION_INVOLVED_IN_APOPTOTIC_SIGNALING_PATHWAY,GOBP_REGULATION_OF_MITOCHONDRIAL_OUTER_MEMBRANE_PERMEABILIZATION_INVOLVED_IN_APOPTOTIC_SIGNALING_PATHWAY,,24,-0.13479112,-0.8005676,0.7153996,0.81934315,1.0,15150,"tags=96%, list=82%, signal=543%",
GOBP_PHASIC_SMOOTH_MUSCLE_CONTRACTION,GOBP_PHASIC_SMOOTH_MUSCLE_CONTRACTION,,21,-0.14417918,-0.79976016,0.70974153,0.8202504,1.0,2607,"tags=29%, list=14%, signal=33%",
GOBP_NEGATIVE_REGULATION_OF_PROTEIN_MODIFICATION_PROCESS,GOBP_NEGATIVE_REGULATION_OF_PROTEIN_MODIFICATION_PROCESS,,216,-0.046498794,-0.79890054,0.7160494,0.8212846,1.0,14056,"tags=81%, list=76%, signal=340%",
GOBP_REGULATION_OF_MAST_CELL_ACTIVATION,GOBP_REGULATION_OF_MAST_CELL_ACTIVATION,,18,-0.15710856,-0.797642,0.7364017,0.8229362,1.0,13462,"tags=89%, list=73%, signal=331%",
GOBP_RHO_PROTEIN_SIGNAL_TRANSDUCTION,GOBP_RHO_PROTEIN_SIGNAL_TRANSDUCTION,,145,-0.057847727,-0.79740345,0.7231405,0.82291514,1.0,16195,"tags=94%, list=88%, signal=779%",
GOBP_BIOLOGICAL_PROCESS_INVOLVED_IN_INTERACTION_WITH_HOST,GOBP_BIOLOGICAL_PROCESS_INVOLVED_IN_INTERACTION_WITH_HOST,,175,-0.052051574,-0.7963071,0.7308448,0.82427126,1.0,15342,"tags=89%, list=83%, signal=529%",
GOBP_FOLIC_ACID_CONTAINING_COMPOUND_METABOLIC_PROCESS,GOBP_FOLIC_ACID_CONTAINING_COMPOUND_METABOLIC_PROCESS,,27,-0.12577344,-0.7962772,0.7053942,0.8239278,1.0,14720,"tags=93%, list=80%, signal=463%",
GOBP_RIBOSOMAL_LARGE_SUBUNIT_ASSEMBLY,GOBP_RIBOSOMAL_LARGE_SUBUNIT_ASSEMBLY,,19,-0.15060963,-0.79151434,0.707457,0.83128554,1.0,15625,"tags=100%, list=85%, signal=664%",
GOBP_PRIMARY_ALCOHOL_CATABOLIC_PROCESS,GOBP_PRIMARY_ALCOHOL_CATABOLIC_PROCESS,,16,-0.1627075,-0.79141223,0.73962265,0.8310512,1.0,1609,"tags=25%, list=9%, signal=27%",
GOBP_RIBOSOMAL_SMALL_SUBUNIT_ASSEMBLY,GOBP_RIBOSOMAL_SMALL_SUBUNIT_ASSEMBLY,,21,-0.14191099,-0.79100716,0.7345309,0.8313203,1.0,8779,"tags=62%, list=48%, signal=118%",
GOBP_TOLERANCE_INDUCTION,GOBP_TOLERANCE_INDUCTION,,31,-0.11818298,-0.7899526,0.75,0.8325879,1.0,4357,"tags=35%, list=24%, signal=46%",
GOBP_NEGATIVE_REGULATION_OF_GTPASE_ACTIVITY,GOBP_NEGATIVE_REGULATION_OF_GTPASE_ACTIVITY,,16,-0.16237076,-0.78878206,0.7082495,0.8340391,1.0,14259,"tags=94%, list=78%, signal=417%",
GOBP_RESPONSE_TO_LECTIN,GOBP_RESPONSE_TO_LECTIN,,23,-0.13777505,-0.78862464,0.73307544,0.8339067,1.0,2268,"tags=26%, list=12%, signal=30%",
GOBP_PHAGOLYSOSOME_ASSEMBLY,GOBP_PHAGOLYSOSOME_ASSEMBLY,,19,-0.15029164,-0.7880931,0.69491524,0.834378,1.0,12727,"tags=84%, list=69%, signal=273%",
GOBP_REACTIVE_OXYGEN_SPECIES_BIOSYNTHETIC_PROCESS,GOBP_REACTIVE_OXYGEN_SPECIES_BIOSYNTHETIC_PROCESS,,59,-0.08666979,-0.7873499,0.749499,0.83512306,1.0,1841,"tags=19%, list=10%, signal=21%",
GOBP_CELLULAR_COMPONENT_MAINTENANCE,GOBP_CELLULAR_COMPONENT_MAINTENANCE,,82,-0.07249402,-0.7871597,0.73922414,0.83501303,1.0,4505,"tags=32%, list=24%, signal=42%",
GOBP_CELLULAR_RESPONSE_TO_CHOLESTEROL,GOBP_CELLULAR_RESPONSE_TO_CHOLESTEROL,,18,-0.15602,-0.78632975,0.7281746,0.8359476,1.0,13482,"tags=89%, list=73%, signal=333%",
GOBP_RESPONSE_TO_FOOD,GOBP_RESPONSE_TO_FOOD,,45,-0.10110345,-0.78620905,0.74747473,0.83574975,1.0,7546,"tags=51%, list=41%, signal=86%",
GOBP_CYTOKINE_PRODUCTION_INVOLVED_IN_INFLAMMATORY_RESPONSE,GOBP_CYTOKINE_PRODUCTION_INVOLVED_IN_INFLAMMATORY_RESPONSE,,69,-0.08023617,-0.78620416,0.7227926,0.83535576,1.0,6527,"tags=43%, list=35%, signal=67%",
GOBP_EXOCYTIC_PROCESS,GOBP_EXOCYTIC_PROCESS,,94,-0.068999216,-0.78574085,0.73,0.83570725,1.0,11847,"tags=71%, list=64%, signal=199%",
GOBP_CORTICAL_CYTOSKELETON_ORGANIZATION,GOBP_CORTICAL_CYTOSKELETON_ORGANIZATION,,57,-0.08728869,-0.7856442,0.7289157,0.8354581,1.0,16469,"tags=98%, list=90%, signal=937%",
GOBP_POSITIVE_REGULATION_OF_ERYTHROCYTE_DIFFERENTIATION,GOBP_POSITIVE_REGULATION_OF_ERYTHROCYTE_DIFFERENTIATION,,34,-0.1136191,-0.7849231,0.7175258,0.8362042,1.0,11979,"tags=76%, list=65%, signal=219%",
GOBP_NEGATIVE_REGULATION_OF_HUMORAL_IMMUNE_RESPONSE,GOBP_NEGATIVE_REGULATION_OF_HUMORAL_IMMUNE_RESPONSE,,17,-0.15890421,-0.78486717,0.73619634,0.8358998,1.0,11145,"tags=76%, list=61%, signal=194%",
GOBP_NEGATIVE_REGULATION_OF_T_CELL_PROLIFERATION,GOBP_NEGATIVE_REGULATION_OF_T_CELL_PROLIFERATION,,78,-0.0752527,-0.78352,0.7281746,0.83761424,1.0,10412,"tags=64%, list=57%, signal=147%",
GOBP_CELLULAR_RESPONSE_TO_ACID_CHEMICAL,GOBP_CELLULAR_RESPONSE_TO_ACID_CHEMICAL,,92,-0.07055264,-0.7833505,0.73619634,0.83751595,1.0,2708,"tags=22%, list=15%, signal=25%",
GOBP_B_CELL_DIFFERENTIATION,GOBP_B_CELL_DIFFERENTIATION,,146,-0.054815933,-0.7830107,0.73619634,0.8376812,1.0,5929,"tags=38%, list=32%, signal=55%",
GOBP_POSITIVE_REGULATION_OF_SUPRAMOLECULAR_FIBER_ORGANIZATION,GOBP_POSITIVE_REGULATION_OF_SUPRAMOLECULAR_FIBER_ORGANIZATION,,176,-0.049825292,-0.7818874,0.7191235,0.83903456,1.0,7035,"tags=43%, list=38%, signal=69%",
GOBP_NEGATIVE_REGULATION_OF_PROTEIN_LOCALIZATION_TO_CELL_PERIPHERY,GOBP_NEGATIVE_REGULATION_OF_PROTEIN_LOCALIZATION_TO_CELL_PERIPHERY,,32,-0.11609939,-0.7815029,0.7367387,0.83922446,1.0,3042,"tags=28%, list=17%, signal=34%",
GOBP_VASCULAR_ENDOTHELIAL_GROWTH_FACTOR_RECEPTOR_SIGNALING_PATHWAY,GOBP_VASCULAR_ENDOTHELIAL_GROWTH_FACTOR_RECEPTOR_SIGNALING_PATHWAY,,58,-0.085952975,-0.7810928,0.73,0.8394439,1.0,1279,"tags=16%, list=7%, signal=17%",
GOBP_POSITIVE_REGULATION_OF_PHOSPHORUS_METABOLIC_PROCESS,GOBP_POSITIVE_REGULATION_OF_PHOSPHORUS_METABOLIC_PROCESS,,334,-0.035617366,-0.7809641,0.746,0.8392318,1.0,2111,"tags=15%, list=11%, signal=17%",
GOBP_RESPONSE_TO_CADMIUM_ION,GOBP_RESPONSE_TO_CADMIUM_ION,,46,-0.098570846,-0.78002506,0.74,0.8402471,1.0,5789,"tags=41%, list=31%, signal=60%",
GOBP_CELLULAR_RESPONSE_TO_GROWTH_HORMONE_STIMULUS,GOBP_CELLULAR_RESPONSE_TO_GROWTH_HORMONE_STIMULUS,,23,-0.13614415,-0.779894,0.77225673,0.84006125,1.0,6296,"tags=48%, list=34%, signal=73%",
GOBP_REGULATION_OF_DEFENSE_RESPONSE_TO_VIRUS_BY_HOST,GOBP_REGULATION_OF_DEFENSE_RESPONSE_TO_VIRUS_BY_HOST,,44,-0.0997624,-0.77841765,0.7280164,0.8419069,1.0,10292,"tags=66%, list=56%, signal=149%",
GOBP_RENAL_WATER_HOMEOSTASIS,GOBP_RENAL_WATER_HOMEOSTASIS,,22,-0.13896187,-0.7776183,0.7583497,0.8427455,1.0,4972,"tags=41%, list=27%, signal=56%",
GOBP_REGULATION_OF_DNA_BINDING,GOBP_REGULATION_OF_DNA_BINDING,,57,-0.085895434,-0.7767298,0.72088355,0.8437218,1.0,14236,"tags=86%, list=77%, signal=379%",
GOBP_NEGATIVE_REGULATION_OF_OSSIFICATION,GOBP_NEGATIVE_REGULATION_OF_OSSIFICATION,,42,-0.0999211,-0.7766661,0.70955163,0.8434116,1.0,3860,"tags=31%, list=21%, signal=39%",
GOBP_MESODERMAL_CELL_FATE_COMMITMENT,GOBP_MESODERMAL_CELL_FATE_COMMITMENT,,18,-0.15439017,-0.7740578,0.761079,0.84708905,1.0,2273,"tags=28%, list=12%, signal=32%",
GOBP_TETRAHYDROFOLATE_METABOLIC_PROCESS,GOBP_TETRAHYDROFOLATE_METABOLIC_PROCESS,,19,-0.14718336,-0.77391154,0.7538168,0.84693384,1.0,14720,"tags=95%, list=80%, signal=474%",
GOBP_CELLULAR_RESPONSE_TO_OSMOTIC_STRESS,GOBP_CELLULAR_RESPONSE_TO_OSMOTIC_STRESS,,60,-0.08476257,-0.7727959,0.738,0.84827214,1.0,3658,"tags=28%, list=20%, signal=35%",
GOBP_IRON_ION_TRANSPORT,GOBP_IRON_ION_TRANSPORT,,51,-0.09211302,-0.77274287,0.7426326,0.84793246,1.0,14539,"tags=88%, list=79%, signal=420%",
GOBP_PHAGOSOME_MATURATION,GOBP_PHAGOSOME_MATURATION,,31,-0.1157162,-0.7726983,0.7304015,0.84759545,1.0,1436,"tags=19%, list=8%, signal=21%",
GOBP_ENTRAINMENT_OF_CIRCADIAN_CLOCK_BY_PHOTOPERIOD,GOBP_ENTRAINMENT_OF_CIRCADIAN_CLOCK_BY_PHOTOPERIOD,,23,-0.13584353,-0.77230227,0.7348928,0.84780174,1.0,13498,"tags=87%, list=73%, signal=326%",
GOBP_STRESS_FIBER_ASSEMBLY,GOBP_STRESS_FIBER_ASSEMBLY,,112,-0.062793076,-0.7720636,0.7676191,0.847784,1.0,17080,"tags=99%, list=93%, signal=1382%",
GOBP_REGULATION_OF_PROTEIN_LOCALIZATION_TO_PLASMA_MEMBRANE,GOBP_REGULATION_OF_PROTEIN_LOCALIZATION_TO_PLASMA_MEMBRANE,,118,-0.061856106,-0.7719294,0.7524558,0.847607,1.0,15859,"tags=92%, list=86%, signal=667%",
GOBP_PEPTIDE_ANTIGEN_ASSEMBLY_WITH_MHC_PROTEIN_COMPLEX,GOBP_PEPTIDE_ANTIGEN_ASSEMBLY_WITH_MHC_PROTEIN_COMPLEX,,19,-0.14577103,-0.7709398,0.77272725,0.84876454,1.0,13778,"tags=89%, list=75%, signal=356%",
GOBP_REGULATION_OF_RECEPTOR_SIGNALING_PATHWAY_VIA_JAK_STAT,GOBP_REGULATION_OF_RECEPTOR_SIGNALING_PATHWAY_VIA_JAK_STAT,,67,-0.07930143,-0.7703589,0.7701613,0.8492738,1.0,12547,"tags=76%, list=68%, signal=239%",
GOBP_POSITIVE_REGULATION_OF_DNA_BIOSYNTHETIC_PROCESS,GOBP_POSITIVE_REGULATION_OF_DNA_BIOSYNTHETIC_PROCESS,,46,-0.09733133,-0.7701241,0.75,0.8492365,1.0,11409,"tags=72%, list=62%, signal=188%",
GOBP_NEURAL_CREST_FORMATION,GOBP_NEURAL_CREST_FORMATION,,15,-0.16556013,-0.770118,0.75951904,0.84884185,1.0,3089,"tags=33%, list=17%, signal=40%",
GOBP_NEGATIVE_REGULATION_OF_CELL_GROWTH,GOBP_NEGATIVE_REGULATION_OF_CELL_GROWTH,,170,-0.050902795,-0.7690612,0.7551789,0.8500561,1.0,8269,"tags=50%, list=45%, signal=90%",
GOBP_REGULATION_OF_MYELOID_CELL_DIFFERENTIATION,GOBP_REGULATION_OF_MYELOID_CELL_DIFFERENTIATION,,219,-0.04537416,-0.76898086,0.7777778,0.84977436,1.0,4551,"tags=29%, list=25%, signal=38%",
GOBP_CEREBELLAR_PURKINJE_CELL_LAYER_DEVELOPMENT,GOBP_CEREBELLAR_PURKINJE_CELL_LAYER_DEVELOPMENT,,30,-0.12123341,-0.7686468,0.73939395,0.84988487,1.0,15553,"tags=97%, list=85%, signal=625%",
GOBP_CELLULAR_COMPONENT_DISASSEMBLY_INVOLVED_IN_EXECUTION_PHASE_OF_APOPTOSIS,GOBP_CELLULAR_COMPONENT_DISASSEMBLY_INVOLVED_IN_EXECUTION_PHASE_OF_APOPTOSIS,,30,-0.120883,-0.76829404,0.73161036,0.8500195,1.0,7590,"tags=53%, list=41%, signal=91%",
GOBP_NEGATIVE_REGULATION_OF_HYDROLASE_ACTIVITY,GOBP_NEGATIVE_REGULATION_OF_HYDROLASE_ACTIVITY,,46,-0.09453114,-0.76798207,0.7682672,0.8501057,1.0,14259,"tags=87%, list=78%, signal=386%",
GOBP_NUCLEOTIDE_SUGAR_BIOSYNTHETIC_PROCESS,GOBP_NUCLEOTIDE_SUGAR_BIOSYNTHETIC_PROCESS,,30,-0.11794744,-0.7675914,0.7919075,0.8503075,1.0,9483,"tags=63%, list=52%, signal=131%",
GOBP_PYRIMIDINE_RIBONUCLEOSIDE_MONOPHOSPHATE_METABOLIC_PROCESS,GOBP_PYRIMIDINE_RIBONUCLEOSIDE_MONOPHOSPHATE_METABOLIC_PROCESS,,16,-0.15891837,-0.76663435,0.77091634,0.8513849,1.0,13173,"tags=88%, list=72%, signal=308%",
GOBP_EMBRYONIC_PLACENTA_DEVELOPMENT,GOBP_EMBRYONIC_PLACENTA_DEVELOPMENT,,92,-0.06842137,-0.76649505,0.7444668,0.85118717,1.0,2747,"tags=22%, list=15%, signal=25%",
GOBP_POST_EMBRYONIC_DEVELOPMENT,GOBP_POST_EMBRYONIC_DEVELOPMENT,,97,-0.06612106,-0.7664258,0.762,0.85089684,1.0,15476,"tags=91%, list=84%, signal=569%",
GOBP_ENERGY_RESERVE_METABOLIC_PROCESS,GOBP_ENERGY_RESERVE_METABOLIC_PROCESS,,98,-0.06641159,-0.76642394,0.757085,0.8504993,1.0,6105,"tags=40%, list=33%, signal=59%",
GOBP_ERBB_SIGNALING_PATHWAY,GOBP_ERBB_SIGNALING_PATHWAY,,137,-0.05570943,-0.7661018,0.76796716,0.85059065,1.0,11200,"tags=66%, list=61%, signal=169%",
GOBP_NEGATIVE_REGULATION_OF_INTRACELLULAR_ESTROGEN_RECEPTOR_SIGNALING_PATHWAY,GOBP_NEGATIVE_REGULATION_OF_INTRACELLULAR_ESTROGEN_RECEPTOR_SIGNALING_PATHWAY,,15,-0.1635793,-0.7657678,0.75,0.85069007,1.0,14160,"tags=93%, list=77%, signal=405%",
GOBP_POSITIVE_REGULATION_OF_INFLAMMASOME_MEDIATED_SIGNALING_PATHWAY,GOBP_POSITIVE_REGULATION_OF_INFLAMMASOME_MEDIATED_SIGNALING_PATHWAY,,28,-0.12226644,-0.7657014,0.7746479,0.8503849,1.0,15490,"tags=96%, list=84%, signal=610%",
GOBP_SPHINGOID_BIOSYNTHETIC_PROCESS,GOBP_SPHINGOID_BIOSYNTHETIC_PROCESS,,15,-0.16129735,-0.76377887,0.7743786,0.85298693,1.0,15428,"tags=100%, list=84%, signal=620%",
GOBP_REGULATION_OF_RESPONSE_TO_FOOD,GOBP_REGULATION_OF_RESPONSE_TO_FOOD,,17,-0.1529559,-0.7636181,0.76540756,0.8528167,1.0,6927,"tags=53%, list=38%, signal=85%",
GOBP_RESPONSE_TO_INTERFERON_BETA,GOBP_RESPONSE_TO_INTERFERON_BETA,,36,-0.10448863,-0.7610234,0.75308645,0.8564341,1.0,2170,"tags=22%, list=12%, signal=25%",
GOBP_CD40_SIGNALING_PATHWAY,GOBP_CD40_SIGNALING_PATHWAY,,16,-0.15676191,-0.7608212,0.78333336,0.85633355,1.0,6316,"tags=50%, list=34%, signal=76%",
GOBP_BLOOD_COAGULATION_FIBRIN_CLOT_FORMATION,GOBP_BLOOD_COAGULATION_FIBRIN_CLOT_FORMATION,,15,-0.16258161,-0.76056296,0.74945056,0.85631555,1.0,8048,"tags=60%, list=44%, signal=107%",
GOBP_REGULATION_OF_ADENYLATE_CYCLASE_ACTIVATING_G_PROTEIN_COUPLED_RECEPTOR_SIGNALING_PATHWAY,GOBP_REGULATION_OF_ADENYLATE_CYCLASE_ACTIVATING_G_PROTEIN_COUPLED_RECEPTOR_SIGNALING_PATHWAY,,20,-0.14213978,-0.760548,0.75697213,0.8559273,1.0,11183,"tags=75%, list=61%, signal=191%",
GOBP_SECRETORY_GRANULE_ORGANIZATION,GOBP_SECRETORY_GRANULE_ORGANIZATION,,72,-0.07813003,-0.7605106,0.7868526,0.85557836,1.0,14151,"tags=85%, list=77%, signal=366%",
GOBP_REGULATION_OF_T_CELL_DIFFERENTIATION_IN_THYMUS,GOBP_REGULATION_OF_T_CELL_DIFFERENTIATION_IN_THYMUS,,28,-0.118720874,-0.760368,0.77559054,0.85538137,1.0,12271,"tags=79%, list=67%, signal=236%",
GOBP_CELLULAR_RESPONSE_TO_COLD,GOBP_CELLULAR_RESPONSE_TO_COLD,,15,-0.16492163,-0.76024973,0.79296064,0.85515624,1.0,8005,"tags=60%, list=44%, signal=106%",
GOBP_NEUROMUSCULAR_PROCESS_CONTROLLING_BALANCE,GOBP_NEUROMUSCULAR_PROCESS_CONTROLLING_BALANCE,,56,-0.085375346,-0.76013273,0.7594697,0.85493815,1.0,15513,"tags=93%, list=84%, signal=592%",
GOBP_REGULATION_OF_ACTIN_FILAMENT_BUNDLE_ASSEMBLY,GOBP_REGULATION_OF_ACTIN_FILAMENT_BUNDLE_ASSEMBLY,,104,-0.06207489,-0.75966144,0.7723577,0.8553054,1.0,17080,"tags=99%, list=93%, signal=1381%",
GOBP_CHONDROITIN_SULFATE_PROTEOGLYCAN_METABOLIC_PROCESS,GOBP_CHONDROITIN_SULFATE_PROTEOGLYCAN_METABOLIC_PROCESS,,28,-0.11917987,-0.75922227,0.76785713,0.8555672,1.0,7008,"tags=50%, list=38%, signal=81%",
GOBP_REGULATION_OF_STEROL_TRANSPORT,GOBP_REGULATION_OF_STEROL_TRANSPORT,,59,-0.082006276,-0.75904524,0.752,0.855434,1.0,10031,"tags=63%, list=55%, signal=138%",
GOBP_REGULATION_OF_ORGANIC_ACID_TRANSPORT,GOBP_REGULATION_OF_ORGANIC_ACID_TRANSPORT,,71,-0.075942576,-0.75837433,0.7634195,0.85606265,1.0,10266,"tags=63%, list=56%, signal=143%",
GOBP_SEGMENT_SPECIFICATION,GOBP_SEGMENT_SPECIFICATION,,16,-0.15511565,-0.758239,0.7832031,0.8558649,1.0,10944,"tags=75%, list=60%, signal=185%",
GOBP_ANTIGEN_PROCESSING_AND_PRESENTATION_OF_ENDOGENOUS_PEPTIDE_ANTIGEN,GOBP_ANTIGEN_PROCESSING_AND_PRESENTATION_OF_ENDOGENOUS_PEPTIDE_ANTIGEN,,23,-0.13350013,-0.75743794,0.7651822,0.85662484,1.0,9543,"tags=65%, list=52%, signal=135%",
GOBP_CONNECTIVE_TISSUE_REPLACEMENT,GOBP_CONNECTIVE_TISSUE_REPLACEMENT,,16,-0.15584354,-0.75739926,0.7368421,0.85628045,1.0,4034,"tags=38%, list=22%, signal=48%",
GOBP_NEGATIVE_REGULATION_OF_INTERLEUKIN_17_PRODUCTION,GOBP_NEGATIVE_REGULATION_OF_INTERLEUKIN_17_PRODUCTION,,15,-0.16127557,-0.7568587,0.76982594,0.85669625,1.0,8072,"tags=60%, list=44%, signal=107%",
GOBP_CALCIUM_IMPORT_INTO_THE_MITOCHONDRION,GOBP_CALCIUM_IMPORT_INTO_THE_MITOCHONDRION,,16,-0.15752721,-0.75685614,0.77575755,0.85630107,1.0,14348,"tags=94%, list=78%, signal=426%",
GOBP_POSITIVE_REGULATION_OF_LEUKOCYTE_DEGRANULATION,GOBP_POSITIVE_REGULATION_OF_LEUKOCYTE_DEGRANULATION,,24,-0.12739334,-0.75593907,0.7878788,0.85729885,1.0,12987,"tags=83%, list=71%, signal=283%",
GOBP_ANTIGEN_PROCESSING_AND_PRESENTATION_OF_ENDOGENOUS_ANTIGEN,GOBP_ANTIGEN_PROCESSING_AND_PRESENTATION_OF_ENDOGENOUS_ANTIGEN,,30,-0.11467964,-0.7555873,0.7771203,0.85740626,1.0,9543,"tags=63%, list=52%, signal=131%",
GOBP_MYELIN_ASSEMBLY,GOBP_MYELIN_ASSEMBLY,,22,-0.13384701,-0.75547,0.77615064,0.85719615,1.0,4230,"tags=36%, list=23%, signal=47%",
GOBP_REGULATION_OF_MODIFICATION_OF_SYNAPTIC_STRUCTURE,GOBP_REGULATION_OF_MODIFICATION_OF_SYNAPTIC_STRUCTURE,,20,-0.13931468,-0.7542171,0.77642274,0.8586599,1.0,13074,"tags=85%, list=71%, signal=294%",
GOBP_CHONDROCYTE_DIFFERENTIATION_INVOLVED_IN_ENDOCHONDRAL_BONE_MORPHOGENESIS,GOBP_CHONDROCYTE_DIFFERENTIATION_INVOLVED_IN_ENDOCHONDRAL_BONE_MORPHOGENESIS,,15,-0.15815555,-0.7542018,0.7784679,0.85827976,1.0,1999,"tags=27%, list=11%, signal=30%",
GOBP_POSITIVE_REGULATION_OF_MYOBLAST_FUSION,GOBP_POSITIVE_REGULATION_OF_MYOBLAST_FUSION,,16,-0.1564728,-0.75401,0.766,0.85817015,1.0,2873,"tags=31%, list=16%, signal=37%",
GOBP_REGULATION_OF_SMOOTH_MUSCLE_CONTRACTION,GOBP_REGULATION_OF_SMOOTH_MUSCLE_CONTRACTION,,59,-0.08412908,-0.7532987,0.7910156,0.85882956,1.0,2511,"tags=22%, list=14%, signal=25%",
GOBP_REGULATION_OF_GLUCOSE_METABOLIC_PROCESS,GOBP_REGULATION_OF_GLUCOSE_METABOLIC_PROCESS,,102,-0.06300798,-0.75132793,0.774,0.86132,1.0,15076,"tags=88%, list=82%, signal=487%",
GOBP_XENOBIOTIC_EXPORT_FROM_CELL,GOBP_XENOBIOTIC_EXPORT_FROM_CELL,,15,-0.16193222,-0.7510096,0.77380955,0.86139214,1.0,9286,"tags=67%, list=50%, signal=135%",
GOBP_PROTEIN_LOCALIZATION_TO_CHROMOSOME_CENTROMERIC_REGION,GOBP_PROTEIN_LOCALIZATION_TO_CHROMOSOME_CENTROMERIC_REGION,,41,-0.09957998,-0.75085574,0.76516634,0.8612193,1.0,4005,"tags=32%, list=22%, signal=40%",
GOBP_POSITIVE_REGULATION_OF_AMYLOID_BETA_FORMATION,GOBP_POSITIVE_REGULATION_OF_AMYLOID_BETA_FORMATION,,20,-0.14021556,-0.7490355,0.7992565,0.86348194,1.0,13977,"tags=90%, list=76%, signal=375%",
GOBP_POSITIVE_REGULATION_OF_CYTOSKELETON_ORGANIZATION,GOBP_POSITIVE_REGULATION_OF_CYTOSKELETON_ORGANIZATION,,186,-0.04634259,-0.74851644,0.80798477,0.8638493,1.0,11418,"tags=67%, list=62%, signal=174%",
GOBP_REGULATION_OF_MODIFICATION_OF_POSTSYNAPTIC_STRUCTURE,GOBP_REGULATION_OF_MODIFICATION_OF_POSTSYNAPTIC_STRUCTURE,,15,-0.15595704,-0.7477079,0.77620965,0.8646498,1.0,13074,"tags=87%, list=71%, signal=300%",
GOBP_ACTIN_FILAMENT_DEPOLYMERIZATION,GOBP_ACTIN_FILAMENT_DEPOLYMERIZATION,,60,-0.08230226,-0.74667114,0.7623967,0.8657478,1.0,1864,"tags=18%, list=10%, signal=20%",
GOBP_REGULATION_OF_RESPONSE_TO_OSMOTIC_STRESS,GOBP_REGULATION_OF_RESPONSE_TO_OSMOTIC_STRESS,,15,-0.16360468,-0.74633247,0.76540756,0.8658342,1.0,4351,"tags=40%, list=24%, signal=52%",
GOBP_NEGATIVE_REGULATION_OF_TELOMERE_MAINTENANCE_VIA_TELOMERASE,GOBP_NEGATIVE_REGULATION_OF_TELOMERE_MAINTENANCE_VIA_TELOMERASE,,22,-0.12990017,-0.74582314,0.799591,0.8661441,1.0,13498,"tags=86%, list=73%, signal=324%",
GOBP_POSITIVE_REGULATION_OF_PROTEIN_POLYUBIQUITINATION,GOBP_POSITIVE_REGULATION_OF_PROTEIN_POLYUBIQUITINATION,,18,-0.1430269,-0.74539214,0.8102041,0.8663732,1.0,12699,"tags=83%, list=69%, signal=269%",
GOBP_ANIMAL_ORGAN_REGENERATION,GOBP_ANIMAL_ORGAN_REGENERATION,,53,-0.08975897,-0.7453108,0.7858586,0.8660835,1.0,4254,"tags=32%, list=23%, signal=42%",
GOBP_REGULATION_OF_AMYLOID_BETA_CLEARANCE,GOBP_REGULATION_OF_AMYLOID_BETA_CLEARANCE,,19,-0.14705732,-0.7446262,0.79358715,0.8666622,1.0,2139,"tags=26%, list=12%, signal=30%",
GOBP_ENDOTHELIAL_CELL_MIGRATION,GOBP_ENDOTHELIAL_CELL_MIGRATION,,233,-0.04305603,-0.7437957,0.780083,0.86745334,1.0,4034,"tags=26%, list=22%, signal=33%",
GOBP_NEGATIVE_REGULATION_OF_T_CELL_APOPTOTIC_PROCESS,GOBP_NEGATIVE_REGULATION_OF_T_CELL_APOPTOTIC_PROCESS,,25,-0.12421866,-0.74329704,0.7977528,0.86776614,1.0,5076,"tags=40%, list=28%, signal=55%",
GOBP_RESPONSE_TO_AMPHETAMINE,GOBP_RESPONSE_TO_AMPHETAMINE,,31,-0.111624174,-0.74179006,0.75,0.869502,1.0,10410,"tags=68%, list=57%, signal=156%",
GOBP_NEGATIVE_REGULATION_OF_REACTIVE_OXYGEN_SPECIES_BIOSYNTHETIC_PROCESS,GOBP_NEGATIVE_REGULATION_OF_REACTIVE_OXYGEN_SPECIES_BIOSYNTHETIC_PROCESS,,17,-0.1520467,-0.74094296,0.7883065,0.8703346,1.0,11271,"tags=76%, list=61%, signal=197%",
GOBP_MEMBRANE_RAFT_ORGANIZATION,GOBP_MEMBRANE_RAFT_ORGANIZATION,,29,-0.11435536,-0.74070954,0.80907375,0.870259,1.0,11853,"tags=76%, list=64%, signal=213%",
GOBP_POSITIVE_REGULATION_OF_EPITHELIAL_CELL_APOPTOTIC_PROCESS,GOBP_POSITIVE_REGULATION_OF_EPITHELIAL_CELL_APOPTOTIC_PROCESS,,18,-0.14547311,-0.739889,0.79607844,0.87101257,1.0,5502,"tags=44%, list=30%, signal=63%",
GOBP_REGULATION_OF_RESPIRATORY_GASEOUS_EXCHANGE,GOBP_REGULATION_OF_RESPIRATORY_GASEOUS_EXCHANGE,,21,-0.13332038,-0.73912543,0.7690678,0.8717358,1.0,4558,"tags=38%, list=25%, signal=51%",
GOBP_POSITIVE_REGULATION_OF_COLLAGEN_METABOLIC_PROCESS,GOBP_POSITIVE_REGULATION_OF_COLLAGEN_METABOLIC_PROCESS,,25,-0.12754,-0.7389458,0.7941176,0.8715967,1.0,5015,"tags=40%, list=27%, signal=55%",
GOBP_POSITIVE_REGULATION_OF_CELL_KILLING,GOBP_POSITIVE_REGULATION_OF_CELL_KILLING,,71,-0.072990365,-0.73869216,0.81338745,0.87155145,1.0,9543,"tags=59%, list=52%, signal=122%",
GOBP_DETOXIFICATION_OF_INORGANIC_COMPOUND,GOBP_DETOXIFICATION_OF_INORGANIC_COMPOUND,,21,-0.13495348,-0.7384618,0.8020202,0.8714818,1.0,4528,"tags=38%, list=25%, signal=50%",
GOBP_RESPONSE_TO_POTASSIUM_ION,GOBP_RESPONSE_TO_POTASSIUM_ION,,20,-0.13755646,-0.7376775,0.7991453,0.87216324,1.0,7589,"tags=55%, list=41%, signal=94%",
GOBP_NEGATIVE_REGULATION_OF_LEUKOCYTE_PROLIFERATION,GOBP_NEGATIVE_REGULATION_OF_LEUKOCYTE_PROLIFERATION,,103,-0.061744034,-0.73720866,0.78701824,0.87243164,1.0,2800,"tags=21%, list=15%, signal=25%",
GOBP_L_ALPHA_AMINO_ACID_TRANSMEMBRANE_TRANSPORT,GOBP_L_ALPHA_AMINO_ACID_TRANSMEMBRANE_TRANSPORT,,72,-0.07304499,-0.7370875,0.81912684,0.87220085,1.0,12967,"tags=78%, list=71%, signal=263%",
GOBP_PROTEIN_ACTIVATION_CASCADE,GOBP_PROTEIN_ACTIVATION_CASCADE,,19,-0.14154263,-0.73694795,0.78625953,0.87197006,1.0,8048,"tags=58%, list=44%, signal=103%",
GOBP_PROTEIN_HOMOTETRAMERIZATION,GOBP_PROTEIN_HOMOTETRAMERIZATION,,66,-0.07736822,-0.7359512,0.79513186,0.87299025,1.0,2763,"tags=23%, list=15%, signal=27%",
GOBP_POLYSACCHARIDE_BIOSYNTHETIC_PROCESS,GOBP_POLYSACCHARIDE_BIOSYNTHETIC_PROCESS,,56,-0.083210275,-0.7359315,0.7895833,0.8726214,1.0,12597,"tags=77%, list=68%, signal=243%",
GOBP_NEGATIVE_REGULATION_OF_MONOATOMIC_ION_TRANSMEMBRANE_TRANSPORT,GOBP_NEGATIVE_REGULATION_OF_MONOATOMIC_ION_TRANSMEMBRANE_TRANSPORT,,72,-0.073324,-0.7340672,0.78488374,0.87481797,1.0,8875,"tags=56%, list=48%, signal=107%",
GOBP_RESPONSE_TO_MUSCLE_STRETCH,GOBP_RESPONSE_TO_MUSCLE_STRETCH,,26,-0.122232884,-0.73401105,0.80194175,0.87449384,1.0,5537,"tags=42%, list=30%, signal=60%",
GOBP_VITAMIN_CATABOLIC_PROCESS,GOBP_VITAMIN_CATABOLIC_PROCESS,,17,-0.14399503,-0.7338515,0.7861507,0.87433183,1.0,4928,"tags=41%, list=27%, signal=56%",
GOBP_REGULATION_OF_DEPHOSPHORYLATION,GOBP_REGULATION_OF_DEPHOSPHORYLATION,,24,-0.12723,-0.73339856,0.7941176,0.87454253,1.0,12990,"tags=83%, list=71%, signal=283%",
GOBP_REGULATION_OF_PROTEIN_LOCALIZATION_TO_CELL_PERIPHERY,GOBP_REGULATION_OF_PROTEIN_LOCALIZATION_TO_CELL_PERIPHERY,,155,-0.049007986,-0.7313751,0.8187251,0.8770026,1.0,14532,"tags=84%, list=79%, signal=396%",
GOBP_VISUAL_BEHAVIOR,GOBP_VISUAL_BEHAVIOR,,61,-0.079754636,-0.73018396,0.78979594,0.8782558,1.0,2157,"tags=20%, list=12%, signal=22%",
GOBP_CARDIAC_MYOFIBRIL_ASSEMBLY,GOBP_CARDIAC_MYOFIBRIL_ASSEMBLY,,20,-0.13666919,-0.7296742,0.8108108,0.8785473,1.0,2088,"tags=25%, list=11%, signal=28%",
GOBP_SYNAPTIC_VESICLE_PRIMING,GOBP_SYNAPTIC_VESICLE_PRIMING,,27,-0.11819622,-0.7289356,0.8105906,0.87920886,1.0,14178,"tags=89%, list=77%, signal=387%",
GOBP_NEGATIVE_REGULATION_OF_STRIATED_MUSCLE_CELL_DIFFERENTIATION,GOBP_NEGATIVE_REGULATION_OF_STRIATED_MUSCLE_CELL_DIFFERENTIATION,,39,-0.09758874,-0.72818476,0.7837838,0.8798613,1.0,1511,"tags=18%, list=8%, signal=20%",
GOBP_NATURAL_KILLER_CELL_DIFFERENTIATION,GOBP_NATURAL_KILLER_CELL_DIFFERENTIATION,,27,-0.11724224,-0.72761464,0.8320158,0.88026303,1.0,2616,"tags=26%, list=14%, signal=30%",
GOBP_REGULATION_OF_RRNA_PROCESSING,GOBP_REGULATION_OF_RRNA_PROCESSING,,15,-0.1538855,-0.7275424,0.8110236,0.8799435,1.0,11886,"tags=80%, list=65%, signal=226%",
GOBP_REGULATION_OF_CALCINEURIN_MEDIATED_SIGNALING,GOBP_REGULATION_OF_CALCINEURIN_MEDIATED_SIGNALING,,39,-0.09797157,-0.72727597,0.8128898,0.87989926,1.0,9049,"tags=59%, list=49%, signal=116%",
GOBP_NEUROMUSCULAR_PROCESS,GOBP_NEUROMUSCULAR_PROCESS,,182,-0.04628221,-0.7267041,0.81906617,0.8802965,1.0,17044,"tags=97%, list=93%, signal=1315%",
GOBP_CELLULAR_RESPONSE_TO_AMYLOID_BETA,GOBP_CELLULAR_RESPONSE_TO_AMYLOID_BETA,,43,-0.09359488,-0.72609556,0.8397566,0.88072616,1.0,2133,"tags=21%, list=12%, signal=24%",
GOBP_CELL_MIGRATION_INVOLVED_IN_HEART_DEVELOPMENT,GOBP_CELL_MIGRATION_INVOLVED_IN_HEART_DEVELOPMENT,,19,-0.13845728,-0.7240142,0.81504065,0.88323617,1.0,2297,"tags=26%, list=12%, signal=30%",
GOBP_ESTABLISHMENT_OF_SPINDLE_ORIENTATION,GOBP_ESTABLISHMENT_OF_SPINDLE_ORIENTATION,,46,-0.08909192,-0.7238313,0.819802,0.88308036,1.0,15958,"tags=96%, list=87%, signal=721%",
GOBP_REGULATION_OF_VIRAL_ENTRY_INTO_HOST_CELL,GOBP_REGULATION_OF_VIRAL_ENTRY_INTO_HOST_CELL,,21,-0.13221091,-0.7232929,0.8295688,0.8834226,1.0,13336,"tags=86%, list=73%, signal=311%",
GOBP_PROTEIN_POLYMERIZATION,GOBP_PROTEIN_POLYMERIZATION,,282,-0.03788545,-0.72325456,0.81692916,0.8830703,1.0,8380,"tags=49%, list=46%, signal=89%",
GOBP_PROTEIN_HETEROTETRAMERIZATION,GOBP_PROTEIN_HETEROTETRAMERIZATION,,16,-0.1494966,-0.7228146,0.8285124,0.88329506,1.0,15645,"tags=100%, list=85%, signal=669%",
GOBP_POSITIVE_REGULATION_OF_CYTOKINE_PRODUCTION_INVOLVED_IN_INFLAMMATORY_RESPONSE,GOBP_POSITIVE_REGULATION_OF_CYTOKINE_PRODUCTION_INVOLVED_IN_INFLAMMATORY_RESPONSE,,26,-0.118729144,-0.722148,0.8308977,0.883835,1.0,4894,"tags=38%, list=27%, signal=52%",
GOBP_REGULATION_OF_VOLTAGE_GATED_CALCIUM_CHANNEL_ACTIVITY,GOBP_REGULATION_OF_VOLTAGE_GATED_CALCIUM_CHANNEL_ACTIVITY,,15,-0.15136771,-0.72210073,0.80961925,0.88349396,1.0,7028,"tags=53%, list=38%, signal=86%",
GOBP_REGULATION_OF_CHOLESTEROL_EFFLUX,GOBP_REGULATION_OF_CHOLESTEROL_EFFLUX,,38,-0.10114796,-0.7201532,0.82258064,0.88576293,1.0,9760,"tags=63%, list=53%, signal=134%",
GOBP_LAYER_FORMATION_IN_CEREBRAL_CORTEX,GOBP_LAYER_FORMATION_IN_CEREBRAL_CORTEX,,16,-0.14732653,-0.7194394,0.8286853,0.8863316,1.0,13386,"tags=88%, list=73%, signal=321%",
GOBP_NUCLEOBASE_CONTAINING_SMALL_MOLECULE_CATABOLIC_PROCESS,GOBP_NUCLEOBASE_CONTAINING_SMALL_MOLECULE_CATABOLIC_PROCESS,,24,-0.120315425,-0.7184157,0.84188914,0.8873264,1.0,13117,"tags=83%, list=71%, signal=290%",
GOBP_ANIMAL_ORGAN_MATURATION,GOBP_ANIMAL_ORGAN_MATURATION,,31,-0.110545404,-0.7180609,0.8307087,0.88739157,1.0,6277,"tags=45%, list=34%, signal=68%",
GOBP_CARDIAC_MUSCLE_CELL_MEMBRANE_REPOLARIZATION,GOBP_CARDIAC_MUSCLE_CELL_MEMBRANE_REPOLARIZATION,,39,-0.095822714,-0.7175298,0.8246628,0.88770485,1.0,9560,"tags=62%, list=52%, signal=128%",
GOBP_ALPHA_LINOLENIC_ACID_METABOLIC_PROCESS,GOBP_ALPHA_LINOLENIC_ACID_METABOLIC_PROCESS,,16,-0.14707823,-0.71630746,0.8098859,0.8889067,1.0,14540,"tags=94%, list=79%, signal=447%",
GOBP_DNA_CATABOLIC_PROCESS,GOBP_DNA_CATABOLIC_PROCESS,,29,-0.11100699,-0.71519744,0.8493976,0.8899814,1.0,13817,"tags=86%, list=75%, signal=346%",
GOBP_NK_T_CELL_ACTIVATION,GOBP_NK_T_CELL_ACTIVATION,,20,-0.13360731,-0.7141753,0.8352941,0.8909531,1.0,6742,"tags=50%, list=37%, signal=79%",
GOBP_FATTY_ACID_DERIVATIVE_BIOSYNTHETIC_PROCESS,GOBP_FATTY_ACID_DERIVATIVE_BIOSYNTHETIC_PROCESS,,60,-0.07767622,-0.71200883,0.8577075,0.8933313,1.0,5627,"tags=38%, list=31%, signal=55%",
GOBP_CALCINEURIN_MEDIATED_SIGNALING,GOBP_CALCINEURIN_MEDIATED_SIGNALING,,52,-0.085184164,-0.7119554,0.82907665,0.8929904,1.0,9049,"tags=58%, list=49%, signal=113%",
GOBP_NEGATIVE_REGULATION_OF_PROTEIN_SERINE_THREONINE_KINASE_ACTIVITY,GOBP_NEGATIVE_REGULATION_OF_PROTEIN_SERINE_THREONINE_KINASE_ACTIVITY,,37,-0.09828183,-0.7085306,0.8295019,0.897058,1.0,6150,"tags=43%, list=33%, signal=65%",
GOBP_CELLULAR_RESPONSE_TO_FLUID_SHEAR_STRESS,GOBP_CELLULAR_RESPONSE_TO_FLUID_SHEAR_STRESS,,31,-0.10680478,-0.7061176,0.82669324,0.8997286,1.0,11685,"tags=74%, list=64%, signal=203%",
GOBP_BROWN_FAT_CELL_DIFFERENTIATION,GOBP_BROWN_FAT_CELL_DIFFERENTIATION,,52,-0.0813745,-0.70399594,0.8316222,0.9019868,1.0,16546,"tags=98%, list=90%, signal=975%",
GOBP_POSITIVE_REGULATION_OF_AMYLOID_PRECURSOR_PROTEIN_CATABOLIC_PROCESS,GOBP_POSITIVE_REGULATION_OF_AMYLOID_PRECURSOR_PROTEIN_CATABOLIC_PROCESS,,26,-0.11539506,-0.7037512,0.86912066,0.90188074,1.0,10614,"tags=69%, list=58%, signal=163%",
GOBP_NUCLEAR_MIGRATION,GOBP_NUCLEAR_MIGRATION,,28,-0.11155779,-0.7035721,0.8469388,0.9016988,1.0,14373,"tags=89%, list=78%, signal=408%",
GOBP_GLYCOSYL_COMPOUND_CATABOLIC_PROCESS,GOBP_GLYCOSYL_COMPOUND_CATABOLIC_PROCESS,,27,-0.11225262,-0.702398,0.82626265,0.9027935,1.0,13606,"tags=85%, list=74%, signal=327%",
GOBP_REGULATION_OF_SODIUM_ION_TRANSMEMBRANE_TRANSPORT,GOBP_REGULATION_OF_SODIUM_ION_TRANSMEMBRANE_TRANSPORT,,40,-0.09463653,-0.70228314,0.86652976,0.9025454,1.0,15276,"tags=93%, list=83%, signal=545%",
GOBP_INTESTINAL_EPITHELIAL_CELL_DEVELOPMENT,GOBP_INTESTINAL_EPITHELIAL_CELL_DEVELOPMENT,,15,-0.1486903,-0.7000077,0.8560158,0.90504515,1.0,3399,"tags=33%, list=18%, signal=41%",
GOBP_HISTAMINE_TRANSPORT,GOBP_HISTAMINE_TRANSPORT,,16,-0.1487551,-0.69946736,0.8180039,0.9053478,1.0,8762,"tags=63%, list=48%, signal=119%",
GOBP_POSITIVE_REGULATION_OF_HEART_RATE,GOBP_POSITIVE_REGULATION_OF_HEART_RATE,,27,-0.11277499,-0.69907755,0.84836066,0.9054248,1.0,16321,"tags=100%, list=89%, signal=887%",
GOBP_PHAGOCYTOSIS_ENGULFMENT,GOBP_PHAGOCYTOSIS_ENGULFMENT,,47,-0.08779265,-0.69804686,0.8464567,0.9063315,1.0,4260,"tags=32%, list=23%, signal=41%",
GOBP_SKELETAL_MUSCLE_ACETYLCHOLINE_GATED_CHANNEL_CLUSTERING,GOBP_SKELETAL_MUSCLE_ACETYLCHOLINE_GATED_CHANNEL_CLUSTERING,,16,-0.14477551,-0.6972305,0.85655737,0.90692097,1.0,11134,"tags=75%, list=61%, signal=190%",
GOBP_PURINE_NUCLEOSIDE_MONOPHOSPHATE_BIOSYNTHETIC_PROCESS,GOBP_PURINE_NUCLEOSIDE_MONOPHOSPHATE_BIOSYNTHETIC_PROCESS,,21,-0.12542188,-0.696861,0.85119045,0.906987,1.0,16088,"tags=100%, list=87%, signal=798%",
GOBP_NEGATIVE_REGULATION_OF_ACTIN_FILAMENT_POLYMERIZATION,GOBP_NEGATIVE_REGULATION_OF_ACTIN_FILAMENT_POLYMERIZATION,,60,-0.077326186,-0.6961444,0.8229376,0.9074997,1.0,7166,"tags=47%, list=39%, signal=76%",
GOBP_SINGLE_STRANDED_VIRAL_RNA_REPLICATION_VIA_DOUBLE_STRANDED_DNA_INTERMEDIATE,GOBP_SINGLE_STRANDED_VIRAL_RNA_REPLICATION_VIA_DOUBLE_STRANDED_DNA_INTERMEDIATE,,15,-0.14572267,-0.6957381,0.84117645,0.9076216,1.0,12036,"tags=80%, list=65%, signal=231%",
GOBP_HEMATOPOIETIC_OR_LYMPHOID_ORGAN_DEVELOPMENT,GOBP_HEMATOPOIETIC_OR_LYMPHOID_ORGAN_DEVELOPMENT,,106,-0.056549083,-0.69476986,0.8507752,0.9084254,1.0,16317,"tags=94%, list=89%, signal=832%",
GOBP_REGULATION_OF_CARBOHYDRATE_BIOSYNTHETIC_PROCESS,GOBP_REGULATION_OF_CARBOHYDRATE_BIOSYNTHETIC_PROCESS,,99,-0.06003453,-0.69473183,0.8480493,0.90805984,1.0,8377,"tags=52%, list=46%, signal=94%",
GOBP_NEGATIVE_REGULATION_OF_CYTOKINE_PRODUCTION_INVOLVED_IN_INFLAMMATORY_RESPONSE,GOBP_NEGATIVE_REGULATION_OF_CYTOKINE_PRODUCTION_INVOLVED_IN_INFLAMMATORY_RESPONSE,,36,-0.09650716,-0.69430983,0.8574468,0.9081664,1.0,11512,"tags=72%, list=63%, signal=193%",
GOBP_POSITIVE_REGULATION_OF_PHOSPHORYLATION,GOBP_POSITIVE_REGULATION_OF_PHOSPHORYLATION,,271,-0.036031596,-0.69395703,0.88866395,0.90818024,1.0,5863,"tags=35%, list=32%, signal=51%",
GOBP_POSITIVE_REGULATION_OF_EPITHELIAL_CELL_MIGRATION,GOBP_POSITIVE_REGULATION_OF_EPITHELIAL_CELL_MIGRATION,,48,-0.08603418,-0.6937261,0.8541267,0.9080599,1.0,14515,"tags=88%, list=79%, signal=414%",
GOBP_TRANSCYTOSIS,GOBP_TRANSCYTOSIS,,21,-0.13011122,-0.6930188,0.84156376,0.9084894,1.0,8120,"tags=57%, list=44%, signal=102%",
GOBP_ATRIAL_CARDIAC_MUSCLE_CELL_TO_AV_NODE_CELL_COMMUNICATION,GOBP_ATRIAL_CARDIAC_MUSCLE_CELL_TO_AV_NODE_CELL_COMMUNICATION,,18,-0.13365626,-0.6869153,0.84823287,0.91564834,1.0,9806,"tags=67%, list=53%, signal=143%",
GOBP_POSITIVE_REGULATION_OF_NUCLEAR_DIVISION,GOBP_POSITIVE_REGULATION_OF_NUCLEAR_DIVISION,,62,-0.07529581,-0.6857998,0.86424476,0.9165914,1.0,5740,"tags=39%, list=31%, signal=56%",
GOBP_NEGATIVE_REGULATION_OF_PROTEIN_CONTAINING_COMPLEX_DISASSEMBLY,GOBP_NEGATIVE_REGULATION_OF_PROTEIN_CONTAINING_COMPLEX_DISASSEMBLY,,87,-0.06383065,-0.6847796,0.844898,0.9173835,1.0,13630,"tags=80%, list=74%, signal=309%",
GOBP_MESODERMAL_CELL_DIFFERENTIATION,GOBP_MESODERMAL_CELL_DIFFERENTIATION,,32,-0.100871846,-0.68412066,0.8523622,0.917749,1.0,4471,"tags=34%, list=24%, signal=45%",
GOBP_ANTIGEN_PROCESSING_AND_PRESENTATION_OF_PEPTIDE_ANTIGEN_VIA_MHC_CLASS_IB,GOBP_ANTIGEN_PROCESSING_AND_PRESENTATION_OF_PEPTIDE_ANTIGEN_VIA_MHC_CLASS_IB,,15,-0.14794658,-0.6832607,0.8503119,0.9183597,1.0,9543,"tags=67%, list=52%, signal=138%",
GOBP_MODIFICATION_OF_POSTSYNAPTIC_ACTIN_CYTOSKELETON,GOBP_MODIFICATION_OF_POSTSYNAPTIC_ACTIN_CYTOSKELETON,,19,-0.13275924,-0.68300813,0.85473686,0.91824156,1.0,14985,"tags=95%, list=81%, signal=511%",
GOBP_RESPONSE_TO_ACID_CHEMICAL,GOBP_RESPONSE_TO_ACID_CHEMICAL,,133,-0.050024424,-0.68269694,0.9032922,0.91821253,1.0,3236,"tags=23%, list=18%, signal=27%",
GOBP_OSTEOBLAST_PROLIFERATION,GOBP_OSTEOBLAST_PROLIFERATION,,33,-0.10064145,-0.6821178,0.8528827,0.91850734,1.0,12086,"tags=76%, list=66%, signal=221%",
GOBP_POSITIVE_REGULATION_OF_VASCULAR_ASSOCIATED_SMOOTH_MUSCLE_CELL_PROLIFERATION,GOBP_POSITIVE_REGULATION_OF_VASCULAR_ASSOCIATED_SMOOTH_MUSCLE_CELL_PROLIFERATION,,37,-0.09460932,-0.67920107,0.8869732,0.9216015,1.0,11685,"tags=73%, list=64%, signal=200%",
GOBP_FORMATION_OF_EXTRACHROMOSOMAL_CIRCULAR_DNA,GOBP_FORMATION_OF_EXTRACHROMOSOMAL_CIRCULAR_DNA,,15,-0.14669858,-0.6780998,0.8535565,0.92247677,1.0,10792,"tags=73%, list=59%, signal=177%",
GOBP_FOLIC_ACID_METABOLIC_PROCESS,GOBP_FOLIC_ACID_METABOLIC_PROCESS,,15,-0.14595124,-0.67807895,0.8614458,0.9220885,1.0,15710,"tags=100%, list=85%, signal=685%",
GOBP_POSITIVE_REGULATION_OF_RECEPTOR_SIGNALING_PATHWAY_VIA_STAT,GOBP_POSITIVE_REGULATION_OF_RECEPTOR_SIGNALING_PATHWAY_VIA_STAT,,40,-0.09183013,-0.678046,0.87318087,0.92171985,1.0,6132,"tags=43%, list=33%, signal=64%",
GOBP_RESPONSE_TO_ANTIBIOTIC,GOBP_RESPONSE_TO_ANTIBIOTIC,,37,-0.09087643,-0.676639,0.86742425,0.9229394,1.0,16227,"tags=97%, list=88%, signal=825%",
GOBP_MUSCLE_CELL_FATE_COMMITMENT,GOBP_MUSCLE_CELL_FATE_COMMITMENT,,16,-0.13810885,-0.67213184,0.88605106,0.9276648,1.0,2061,"tags=25%, list=11%, signal=28%",
GOBP_ECTODERMAL_PLACODE_DEVELOPMENT,GOBP_ECTODERMAL_PLACODE_DEVELOPMENT,,15,-0.14420985,-0.6719239,0.872428,0.92749983,1.0,15742,"tags=100%, list=86%, signal=694%",
GOBP_PHOTOPERIODISM,GOBP_PHOTOPERIODISM,,28,-0.10528352,-0.6710815,0.8721174,0.9280695,1.0,7920,"tags=54%, list=43%, signal=94%",
GOBP_LABYRINTHINE_LAYER_DEVELOPMENT,GOBP_LABYRINTHINE_LAYER_DEVELOPMENT,,48,-0.081371844,-0.6699718,0.8852459,0.92892516,1.0,2723,"tags=23%, list=15%, signal=27%",
GOBP_NEUTROPHIL_HOMEOSTASIS,GOBP_NEUTROPHIL_HOMEOSTASIS,,23,-0.11639098,-0.6676465,0.8685259,0.9311114,1.0,4260,"tags=35%, list=23%, signal=45%",
GOBP_IMP_METABOLIC_PROCESS,GOBP_IMP_METABOLIC_PROCESS,,18,-0.1275392,-0.66680664,0.8886719,0.9316403,1.0,15027,"tags=94%, list=82%, signal=516%",
GOBP_GLUCOCORTICOID_METABOLIC_PROCESS,GOBP_GLUCOCORTICOID_METABOLIC_PROCESS,,25,-0.11188281,-0.6660117,0.8879837,0.9321374,1.0,2360,"tags=24%, list=13%, signal=27%",
GOBP_AMYLOID_BETA_METABOLIC_PROCESS,GOBP_AMYLOID_BETA_METABOLIC_PROCESS,,58,-0.07355306,-0.6646368,0.88565487,0.9332354,1.0,11336,"tags=69%, list=62%, signal=179%",
GOBP_POSITIVE_REGULATION_OF_LAMELLIPODIUM_ORGANIZATION,GOBP_POSITIVE_REGULATION_OF_LAMELLIPODIUM_ORGANIZATION,,36,-0.093301855,-0.6634669,0.8845361,0.93406814,1.0,14636,"tags=89%, list=80%, signal=435%",
GOBP_POSITIVE_REGULATION_OF_VASCULAR_ENDOTHELIAL_GROWTH_FACTOR_RECEPTOR_SIGNALING_PATHWAY,GOBP_POSITIVE_REGULATION_OF_VASCULAR_ENDOTHELIAL_GROWTH_FACTOR_RECEPTOR_SIGNALING_PATHWAY,,15,-0.14338267,-0.66252184,0.88178295,0.9346892,1.0,12079,"tags=80%, list=66%, signal=233%",
GOBP_REGULATION_OF_MEMBRANE_DEPOLARIZATION,GOBP_REGULATION_OF_MEMBRANE_DEPOLARIZATION,,50,-0.07875799,-0.6620835,0.8944223,0.9347674,1.0,7752,"tags=50%, list=42%, signal=86%",
GOBP_REGULATION_OF_LEUKOCYTE_DEGRANULATION,GOBP_REGULATION_OF_LEUKOCYTE_DEGRANULATION,,45,-0.0842799,-0.661874,0.88726515,0.9345958,1.0,2133,"tags=20%, list=12%, signal=23%",
GOBP_LYMPHOID_PROGENITOR_CELL_DIFFERENTIATION,GOBP_LYMPHOID_PROGENITOR_CELL_DIFFERENTIATION,,24,-0.111996606,-0.6611389,0.89366055,0.93495345,1.0,3308,"tags=29%, list=18%, signal=36%",
GOBP_SPLEEN_DEVELOPMENT,GOBP_SPLEEN_DEVELOPMENT,,42,-0.084470674,-0.6588194,0.90786946,0.9369966,1.0,13339,"tags=81%, list=73%, signal=294%",
GOBP_REGULATION_OF_EPITHELIAL_CELL_APOPTOTIC_PROCESS,GOBP_REGULATION_OF_EPITHELIAL_CELL_APOPTOTIC_PROCESS,,49,-0.07967774,-0.6583009,0.89917696,0.93715453,1.0,10550,"tags=65%, list=57%, signal=153%",
GOBP_REGULATION_OF_MITOTIC_CYTOKINESIS,GOBP_REGULATION_OF_MITOTIC_CYTOKINESIS,,16,-0.13814966,-0.65547705,0.9,0.9396819,1.0,6658,"tags=50%, list=36%, signal=78%",
GOBP_REGULATION_OF_PLATELET_AGGREGATION,GOBP_REGULATION_OF_PLATELET_AGGREGATION,,31,-0.098287,-0.6546659,0.9092664,0.94012266,1.0,1756,"tags=19%, list=10%, signal=21%",
GOBP_PHARYNGEAL_SYSTEM_DEVELOPMENT,GOBP_PHARYNGEAL_SYSTEM_DEVELOPMENT,,31,-0.101133294,-0.6531078,0.8792373,0.94137216,1.0,2297,"tags=23%, list=12%, signal=26%",
GOBP_ANTIGEN_PROCESSING_AND_PRESENTATION_VIA_MHC_CLASS_IB,GOBP_ANTIGEN_PROCESSING_AND_PRESENTATION_VIA_MHC_CLASS_IB,,22,-0.11766364,-0.6526039,0.88,0.94148785,1.0,9543,"tags=64%, list=52%, signal=132%",
GOBP_DEOXYRIBONUCLEOSIDE_MONOPHOSPHATE_METABOLIC_PROCESS,GOBP_DEOXYRIBONUCLEOSIDE_MONOPHOSPHATE_METABOLIC_PROCESS,,25,-0.10899705,-0.65235466,0.91015625,0.94131225,1.0,2413,"tags=24%, list=13%, signal=28%",
GOBP_NUCLEUS_LOCALIZATION,GOBP_NUCLEUS_LOCALIZATION,,33,-0.09749362,-0.65221006,0.8769841,0.94105244,1.0,14373,"tags=88%, list=78%, signal=402%",
GOBP_RESPONSE_TO_LIPOPROTEIN_PARTICLE,GOBP_RESPONSE_TO_LIPOPROTEIN_PARTICLE,,32,-0.09628963,-0.6505571,0.891129,0.9422863,1.0,6854,"tags=47%, list=37%, signal=75%",
GOBP_HEART_TRABECULA_FORMATION,GOBP_HEART_TRABECULA_FORMATION,,15,-0.13742924,-0.6499449,0.8916828,0.9424736,1.0,4832,"tags=40%, list=26%, signal=54%",
GOBP_POSITIVE_REGULATION_OF_PROTEIN_LOCALIZATION_TO_CELL_SURFACE,GOBP_POSITIVE_REGULATION_OF_PROTEIN_LOCALIZATION_TO_CELL_SURFACE,,21,-0.11571662,-0.6487725,0.8974855,0.9432445,1.0,13639,"tags=86%, list=74%, signal=331%",
GOBP_RESPONSE_TO_INTERFERON_ALPHA,GOBP_RESPONSE_TO_INTERFERON_ALPHA,,21,-0.11869509,-0.64615935,0.9134021,0.9453754,1.0,10957,"tags=71%, list=60%, signal=177%",
GOBP_CLATHRIN_COAT_ASSEMBLY,GOBP_CLATHRIN_COAT_ASSEMBLY,,21,-0.11652021,-0.64500034,0.9111111,0.94614697,1.0,14500,"tags=90%, list=79%, signal=427%",
GOBP_MAST_CELL_ACTIVATION,GOBP_MAST_CELL_ACTIVATION,,71,-0.06458271,-0.64452654,0.9003831,0.9461953,1.0,9438,"tags=58%, list=51%, signal=118%",
GOBP_REVERSE_CHOLESTEROL_TRANSPORT,GOBP_REVERSE_CHOLESTEROL_TRANSPORT,,18,-0.12791112,-0.642211,0.8986083,0.94804686,1.0,11955,"tags=78%, list=65%, signal=222%",
GOBP_VENTRICULAR_CARDIAC_MUSCLE_CELL_MEMBRANE_REPOLARIZATION,GOBP_VENTRICULAR_CARDIAC_MUSCLE_CELL_MEMBRANE_REPOLARIZATION,,29,-0.10108396,-0.64089495,0.8938224,0.9488946,1.0,9560,"tags=62%, list=52%, signal=129%",
GOBP_MAMMARY_GLAND_EPITHELIAL_CELL_DIFFERENTIATION,GOBP_MAMMARY_GLAND_EPITHELIAL_CELL_DIFFERENTIATION,,18,-0.12460615,-0.6400632,0.9072165,0.949262,1.0,10994,"tags=72%, list=60%, signal=179%",
GOBP_SARCOPLASMIC_RETICULUM_CALCIUM_ION_TRANSPORT,GOBP_SARCOPLASMIC_RETICULUM_CALCIUM_ION_TRANSPORT,,46,-0.079445854,-0.6385252,0.9199179,0.9503298,1.0,1742,"tags=17%, list=9%, signal=19%",
GOBP_NEGATIVE_REGULATION_OF_MUSCLE_CELL_DIFFERENTIATION,GOBP_NEGATIVE_REGULATION_OF_MUSCLE_CELL_DIFFERENTIATION,,65,-0.06863304,-0.63849264,0.9154639,0.9499426,1.0,4402,"tags=31%, list=24%, signal=40%",
GOBP_RESPONSE_TO_AMYLOID_BETA,GOBP_RESPONSE_TO_AMYLOID_BETA,,53,-0.07525357,-0.6353944,0.9130435,0.9525059,1.0,4520,"tags=32%, list=25%, signal=42%",
GOBP_NEGATIVE_REGULATION_OF_MYELOID_LEUKOCYTE_DIFFERENTIATION,GOBP_NEGATIVE_REGULATION_OF_MYELOID_LEUKOCYTE_DIFFERENTIATION,,55,-0.073073365,-0.6333413,0.91568625,0.9539563,1.0,4680,"tags=33%, list=25%, signal=44%",
GOBP_POSITIVE_REGULATION_OF_PROTEIN_LOCALIZATION_TO_CELL_PERIPHERY,GOBP_POSITIVE_REGULATION_OF_PROTEIN_LOCALIZATION_TO_CELL_PERIPHERY,,77,-0.060343433,-0.6326306,0.9318637,0.9541877,1.0,1762,"tags=16%, list=10%, signal=17%",
GOBP_NEGATIVE_REGULATION_OF_EXOCYTOSIS,GOBP_NEGATIVE_REGULATION_OF_EXOCYTOSIS,,37,-0.08509818,-0.6316564,0.93436295,0.95464367,1.0,15836,"tags=95%, list=86%, signal=680%",
GOBP_DENDRITIC_SPINE_MAINTENANCE,GOBP_DENDRITIC_SPINE_MAINTENANCE,,23,-0.11055616,-0.6314333,0.89484125,0.9544348,1.0,6766,"tags=48%, list=37%, signal=76%",
GOBP_PHYSIOLOGICAL_CARDIAC_MUSCLE_HYPERTROPHY,GOBP_PHYSIOLOGICAL_CARDIAC_MUSCLE_HYPERTROPHY,,24,-0.107604675,-0.62953025,0.911368,0.95574826,1.0,9519,"tags=63%, list=52%, signal=129%",
GOBP_LONG_CHAIN_FATTY_ACYL_COA_BIOSYNTHETIC_PROCESS,GOBP_LONG_CHAIN_FATTY_ACYL_COA_BIOSYNTHETIC_PROCESS,,19,-0.11748429,-0.6293207,0.9173077,0.9555105,1.0,8490,"tags=58%, list=46%, signal=107%",
GOBP_SPINDLE_LOCALIZATION,GOBP_SPINDLE_LOCALIZATION,,65,-0.0650442,-0.6273299,0.92105263,0.9568935,1.0,17200,"tags=100%, list=94%, signal=1539%",
GOBP_POSITIVE_REGULATION_OF_NON_CANONICAL_WNT_SIGNALING_PATHWAY,GOBP_POSITIVE_REGULATION_OF_NON_CANONICAL_WNT_SIGNALING_PATHWAY,,15,-0.13569146,-0.6271765,0.9203187,0.9566038,1.0,6090,"tags=47%, list=33%, signal=70%",
GOBP_PURINE_NUCLEOBASE_METABOLIC_PROCESS,GOBP_PURINE_NUCLEOBASE_METABOLIC_PROCESS,,21,-0.11512301,-0.6271295,0.91549295,0.9562227,1.0,2265,"tags=24%, list=12%, signal=27%",
GOBP_NEGATIVE_REGULATION_OF_ESTABLISHMENT_OF_PROTEIN_LOCALIZATION,GOBP_NEGATIVE_REGULATION_OF_ESTABLISHMENT_OF_PROTEIN_LOCALIZATION,,133,-0.046541348,-0.62686366,0.92899406,0.95604086,1.0,8969,"tags=53%, list=49%, signal=103%",
GOBP_CELL_SURFACE_RECEPTOR_SIGNALING_PATHWAY_VIA_STAT,GOBP_CELL_SURFACE_RECEPTOR_SIGNALING_PATHWAY_VIA_STAT,,135,-0.04641033,-0.62627804,0.9263804,0.9561426,1.0,4058,"tags=27%, list=22%, signal=34%",
GOBP_NUCLEOSIDE_MONOPHOSPHATE_METABOLIC_PROCESS,GOBP_NUCLEOSIDE_MONOPHOSPHATE_METABOLIC_PROCESS,,76,-0.061591737,-0.6254722,0.95473254,0.9564388,1.0,16296,"tags=95%, list=89%, signal=828%",
GOBP_T_CELL_MEDIATED_CYTOTOXICITY,GOBP_T_CELL_MEDIATED_CYTOTOXICITY,,59,-0.06874891,-0.62407666,0.9239766,0.9572276,1.0,14638,"tags=86%, list=80%, signal=422%",
GOBP_REGULATION_OF_GLYCOGEN_BIOSYNTHETIC_PROCESS,GOBP_REGULATION_OF_GLYCOGEN_BIOSYNTHETIC_PROCESS,,29,-0.09725296,-0.6239709,0.932,0.9569099,1.0,8362,"tags=55%, list=45%, signal=101%",
GOBP_MODULATION_BY_SYMBIONT_OF_ENTRY_INTO_HOST,GOBP_MODULATION_BY_SYMBIONT_OF_ENTRY_INTO_HOST,,28,-0.09649256,-0.62320906,0.9356725,0.9571606,1.0,13336,"tags=82%, list=73%, signal=298%",
GOBP_LOW_DENSITY_LIPOPROTEIN_PARTICLE_CLEARANCE,GOBP_LOW_DENSITY_LIPOPROTEIN_PARTICLE_CLEARANCE,,29,-0.099504605,-0.62258387,0.9242144,0.957263,1.0,9589,"tags=62%, list=52%, signal=129%",
GOBP_PLATELET_DERIVED_GROWTH_FACTOR_RECEPTOR_BETA_SIGNALING_PATHWAY,GOBP_PLATELET_DERIVED_GROWTH_FACTOR_RECEPTOR_BETA_SIGNALING_PATHWAY,,15,-0.13281816,-0.62200665,0.9287212,0.95734674,1.0,9821,"tags=67%, list=53%, signal=143%",
GOBP_POSITIVE_REGULATION_OF_TRANSFERASE_ACTIVITY,GOBP_POSITIVE_REGULATION_OF_TRANSFERASE_ACTIVITY,,172,-0.03987308,-0.62158155,0.93700784,0.95729357,1.0,4300,"tags=27%, list=23%, signal=35%",
GOBP_SOMATIC_DIVERSIFICATION_OF_IMMUNE_RECEPTORS_VIA_SOMATIC_MUTATION,GOBP_SOMATIC_DIVERSIFICATION_OF_IMMUNE_RECEPTORS_VIA_SOMATIC_MUTATION,,15,-0.13647148,-0.62143713,0.902439,0.95699346,1.0,12206,"tags=80%, list=66%, signal=238%",
GOBP_REGULATION_OF_ACTOMYOSIN_STRUCTURE_ORGANIZATION,GOBP_REGULATION_OF_ACTOMYOSIN_STRUCTURE_ORGANIZATION,,102,-0.052019913,-0.6188503,0.9306931,0.9588496,1.0,17080,"tags=98%, list=93%, signal=1368%",
GOBP_NEGATIVE_REGULATION_OF_POST_TRANSCRIPTIONAL_GENE_SILENCING,GOBP_NEGATIVE_REGULATION_OF_POST_TRANSCRIPTIONAL_GENE_SILENCING,,16,-0.1269728,-0.61881375,0.9460581,0.9584634,1.0,13760,"tags=88%, list=75%, signal=347%",
GOBP_INTERFERON_ALPHA_PRODUCTION,GOBP_INTERFERON_ALPHA_PRODUCTION,,32,-0.09262657,-0.61812925,0.91816366,0.9586158,1.0,11519,"tags=72%, list=63%, signal=192%",
GOBP_NOREPINEPHRINE_METABOLIC_PROCESS,GOBP_NOREPINEPHRINE_METABOLIC_PROCESS,,16,-0.12906803,-0.617986,0.9101796,0.958332,1.0,4526,"tags=38%, list=25%, signal=50%",
GOBP_CELL_COMMUNICATION_BY_ELECTRICAL_COUPLING_INVOLVED_IN_CARDIAC_CONDUCTION,GOBP_CELL_COMMUNICATION_BY_ELECTRICAL_COUPLING_INVOLVED_IN_CARDIAC_CONDUCTION,,26,-0.102925695,-0.61575687,0.92259413,0.9597371,1.0,10843,"tags=69%, list=59%, signal=168%",
GOBP_REGULATION_OF_MYELOID_LEUKOCYTE_MEDIATED_IMMUNITY,GOBP_REGULATION_OF_MYELOID_LEUKOCYTE_MEDIATED_IMMUNITY,,57,-0.06778604,-0.6156731,0.926078,0.959391,1.0,2630,"tags=21%, list=14%, signal=24%",
GOBP_REGULATION_OF_ERBB_SIGNALING_PATHWAY,GOBP_REGULATION_OF_ERBB_SIGNALING_PATHWAY,,71,-0.06207948,-0.6151945,0.9281768,0.9593747,1.0,10779,"tags=65%, list=59%, signal=156%",
GOBP_PYRIMIDINE_NUCLEOSIDE_METABOLIC_PROCESS,GOBP_PYRIMIDINE_NUCLEOSIDE_METABOLIC_PROCESS,,18,-0.121174164,-0.6137338,0.93700784,0.96018374,1.0,3905,"tags=33%, list=21%, signal=42%",
GOBP_LYMPHANGIOGENESIS,GOBP_LYMPHANGIOGENESIS,,19,-0.11526982,-0.61271274,0.9604167,0.9606017,1.0,2723,"tags=26%, list=15%, signal=31%",
GOBP_NEGATIVE_REGULATION_OF_CHEMOKINE_PRODUCTION,GOBP_NEGATIVE_REGULATION_OF_CHEMOKINE_PRODUCTION,,23,-0.105185285,-0.61170286,0.93787575,0.9609792,1.0,2067,"tags=22%, list=11%, signal=24%",
GOBP_CELLULAR_RESPONSE_TO_STEROID_HORMONE_STIMULUS,GOBP_CELLULAR_RESPONSE_TO_STEROID_HORMONE_STIMULUS,,219,-0.035972357,-0.610401,0.9423868,0.9616089,1.0,11524,"tags=66%, list=63%, signal=175%",
GOBP_REGULATION_OF_LIPOPOLYSACCHARIDE_MEDIATED_SIGNALING_PATHWAY,GOBP_REGULATION_OF_LIPOPOLYSACCHARIDE_MEDIATED_SIGNALING_PATHWAY,,28,-0.09503777,-0.610221,0.9230769,0.9613347,1.0,15990,"tags=96%, list=87%, signal=737%",
GOBP_PLASMA_LIPOPROTEIN_PARTICLE_CLEARANCE,GOBP_PLASMA_LIPOPROTEIN_PARTICLE_CLEARANCE,,45,-0.07622489,-0.6099124,0.94129556,0.9611522,1.0,12498,"tags=76%, list=68%, signal=235%",
GOBP_POSITIVE_REGULATION_OF_PHOSPHOLIPID_METABOLIC_PROCESS,GOBP_POSITIVE_REGULATION_OF_PHOSPHOLIPID_METABOLIC_PROCESS,,16,-0.12738095,-0.60637605,0.93737376,0.96347374,1.0,4557,"tags=38%, list=25%, signal=50%",
GOBP_GROWTH_HORMONE_SECRETION,GOBP_GROWTH_HORMONE_SECRETION,,15,-0.12884921,-0.6063111,0.94331986,0.9631014,1.0,11120,"tags=73%, list=60%, signal=185%",
GOBP_SPERMATID_NUCLEUS_DIFFERENTIATION,GOBP_SPERMATID_NUCLEUS_DIFFERENTIATION,,25,-0.10263312,-0.6056874,0.9299611,0.96315575,1.0,8415,"tags=56%, list=46%, signal=103%",
GOBP_PURINE_CONTAINING_COMPOUND_SALVAGE,GOBP_PURINE_CONTAINING_COMPOUND_SALVAGE,,16,-0.12538776,-0.60495454,0.93233085,0.96328616,1.0,16088,"tags=100%, list=87%, signal=798%",
GOBP_NEGATIVE_REGULATION_OF_NEURON_DIFFERENTIATION,GOBP_NEGATIVE_REGULATION_OF_NEURON_DIFFERENTIATION,,69,-0.0618232,-0.604705,0.94747084,0.9630631,1.0,4199,"tags=29%, list=23%, signal=37%",
GOBP_PLACENTA_BLOOD_VESSEL_DEVELOPMENT,GOBP_PLACENTA_BLOOD_VESSEL_DEVELOPMENT,,33,-0.08818878,-0.5966723,0.95219123,0.968646,1.0,11200,"tags=70%, list=61%, signal=178%",
GOBP_MEIOTIC_CELL_CYCLE_PHASE_TRANSITION,GOBP_MEIOTIC_CELL_CYCLE_PHASE_TRANSITION,,15,-0.12449934,-0.5934662,0.96638656,0.9705309,1.0,12426,"tags=80%, list=68%, signal=246%",
GOBP_SYMBIONT_ENTRY_INTO_HOST,GOBP_SYMBIONT_ENTRY_INTO_HOST,,138,-0.042976063,-0.59329057,0.94951457,0.9702376,1.0,15342,"tags=88%, list=83%, signal=525%",
GOBP_CELLULAR_RESPONSE_TO_ALKALOID,GOBP_CELLULAR_RESPONSE_TO_ALKALOID,,37,-0.08068791,-0.59001255,0.94489795,0.97209287,1.0,16414,"tags=97%, list=89%, signal=903%",
GOBP_REGULATION_OF_UBIQUITIN_PROTEIN_LIGASE_ACTIVITY,GOBP_REGULATION_OF_UBIQUITIN_PROTEIN_LIGASE_ACTIVITY,,17,-0.120560385,-0.58992267,0.95542634,0.9717364,1.0,15095,"tags=94%, list=82%, signal=525%",
GOBP_NEGATIVE_REGULATION_OF_LIPID_BIOSYNTHETIC_PROCESS,GOBP_NEGATIVE_REGULATION_OF_LIPID_BIOSYNTHETIC_PROCESS,,57,-0.06546077,-0.58905524,0.9623894,0.97191113,1.0,14288,"tags=84%, list=78%, signal=376%",
GOBP_REGULATION_OF_LOW_DENSITY_LIPOPROTEIN_PARTICLE_CLEARANCE,GOBP_REGULATION_OF_LOW_DENSITY_LIPOPROTEIN_PARTICLE_CLEARANCE,,16,-0.120976195,-0.58642673,0.966,0.97328025,1.0,8123,"tags=56%, list=44%, signal=101%",
GOBP_INTRACELLULAR_GLUCOSE_HOMEOSTASIS,GOBP_INTRACELLULAR_GLUCOSE_HOMEOSTASIS,,158,-0.04000812,-0.58334947,0.96822035,0.97487587,1.0,11377,"tags=66%, list=62%, signal=171%",
GOBP_ENSHEATHMENT_OF_NEURONS,GOBP_ENSHEATHMENT_OF_NEURONS,,158,-0.04035452,-0.580482,0.94541913,0.97628826,1.0,662,"tags=8%, list=4%, signal=8%",
GOBP_NEGATIVE_REGULATION_OF_INTERFERON_BETA_PRODUCTION,GOBP_NEGATIVE_REGULATION_OF_INTERFERON_BETA_PRODUCTION,,16,-0.11981633,-0.580393,0.9609856,0.9759247,1.0,4696,"tags=38%, list=26%, signal=50%",
GOBP_HEMATOPOIETIC_STEM_CELL_HOMEOSTASIS,GOBP_HEMATOPOIETIC_STEM_CELL_HOMEOSTASIS,,29,-0.08988955,-0.57941717,0.9466403,0.9761002,1.0,4058,"tags=31%, list=22%, signal=40%",
GOBP_VASODILATION,GOBP_VASODILATION,,55,-0.06615703,-0.5794141,0.9534413,0.97568154,1.0,1463,"tags=15%, list=8%, signal=16%",
GOBP_LIPID_DROPLET_ORGANIZATION,GOBP_LIPID_DROPLET_ORGANIZATION,,39,-0.07882603,-0.5790779,0.97440946,0.9754686,1.0,14116,"tags=85%, list=77%, signal=363%",
GOBP_REGULATION_OF_PROTEIN_LOCALIZATION_TO_NUCLEUS,GOBP_REGULATION_OF_PROTEIN_LOCALIZATION_TO_NUCLEUS,,148,-0.040955726,-0.5789263,0.959144,0.9751432,1.0,16775,"tags=95%, list=91%, signal=1076%",
GOBP_REGULATION_OF_HIPPO_SIGNALING,GOBP_REGULATION_OF_HIPPO_SIGNALING,,42,-0.077317044,-0.5779843,0.95247525,0.97530323,1.0,3399,"tags=26%, list=18%, signal=32%",
GOBP_POSITIVE_REGULATION_OF_CYCLASE_ACTIVITY,GOBP_POSITIVE_REGULATION_OF_CYCLASE_ACTIVITY,,23,-0.0991043,-0.57760495,0.9559633,0.9751243,1.0,11774,"tags=74%, list=64%, signal=205%",
GOBP_EPIBOLY,GOBP_EPIBOLY,,42,-0.07423656,-0.57569265,0.95922333,0.9758364,1.0,1704,"tags=17%, list=9%, signal=18%",
GOBP_POTASSIUM_ION_HOMEOSTASIS,GOBP_POTASSIUM_ION_HOMEOSTASIS,,35,-0.08120972,-0.5725288,0.9627329,0.97726625,1.0,8494,"tags=54%, list=46%, signal=101%",
GOBP_NEURON_PROJECTION_ARBORIZATION,GOBP_NEURON_PROJECTION_ARBORIZATION,,36,-0.082616,-0.57218754,0.95126706,0.97703516,1.0,15343,"tags=92%, list=83%, signal=552%",
GOBP_LONG_CHAIN_FATTY_ACID_BIOSYNTHETIC_PROCESS,GOBP_LONG_CHAIN_FATTY_ACID_BIOSYNTHETIC_PROCESS,,40,-0.075253375,-0.5715386,0.9451477,0.97698045,1.0,2758,"tags=23%, list=15%, signal=26%",
GOBP_ALANINE_TRANSPORT,GOBP_ALANINE_TRANSPORT,,18,-0.11148,-0.5690712,0.9594595,0.97798383,1.0,8170,"tags=56%, list=44%, signal=100%",
GOBP_POSITIVE_REGULATION_OF_VIRAL_LIFE_CYCLE,GOBP_POSITIVE_REGULATION_OF_VIRAL_LIFE_CYCLE,,25,-0.09579875,-0.5639591,0.94877046,0.980362,1.0,13690,"tags=84%, list=74%, signal=328%",
GOBP_POSITIVE_REGULATION_OF_MYELOID_LEUKOCYTE_MEDIATED_IMMUNITY,GOBP_POSITIVE_REGULATION_OF_MYELOID_LEUKOCYTE_MEDIATED_IMMUNITY,,22,-0.10182915,-0.5631732,0.95652175,0.9803813,1.0,7326,"tags=50%, list=40%, signal=83%",
GOBP_NUCLEAR_BODY_ORGANIZATION,GOBP_NUCLEAR_BODY_ORGANIZATION,,16,-0.117170066,-0.5604053,0.9617706,0.9814142,1.0,16239,"tags=100%, list=88%, signal=854%",
GOBP_REGULATION_OF_GLUCONEOGENESIS,GOBP_REGULATION_OF_GLUCONEOGENESIS,,54,-0.06412958,-0.56035703,0.96844184,0.98101926,1.0,10064,"tags=61%, list=55%, signal=135%",
GOBP_GLUTATHIONE_METABOLIC_PROCESS,GOBP_GLUTATHIONE_METABOLIC_PROCESS,,55,-0.06403897,-0.55992717,0.9612403,0.9808292,1.0,9527,"tags=58%, list=52%, signal=120%",
GOBP_POSITIVE_REGULATION_OF_RAC_PROTEIN_SIGNAL_TRANSDUCTION,GOBP_POSITIVE_REGULATION_OF_RAC_PROTEIN_SIGNAL_TRANSDUCTION,,17,-0.10826359,-0.5596916,0.9762931,0.98053825,1.0,8830,"tags=59%, list=48%, signal=113%",
GOBP_NUCLEOSIDE_METABOLIC_PROCESS,GOBP_NUCLEOSIDE_METABOLIC_PROCESS,,50,-0.06700726,-0.55483437,0.9802371,0.98260486,1.0,13117,"tags=78%, list=71%, signal=271%",
GOBP_COLLAGEN_CATABOLIC_PROCESS,GOBP_COLLAGEN_CATABOLIC_PROCESS,,45,-0.06854047,-0.55143046,0.9663366,0.9838344,1.0,787,"tags=11%, list=4%, signal=12%",
GOBP_NEGATIVE_REGULATION_OF_RECEPTOR_SIGNALING_PATHWAY_VIA_STAT,GOBP_NEGATIVE_REGULATION_OF_RECEPTOR_SIGNALING_PATHWAY_VIA_STAT,,26,-0.088554725,-0.54815936,0.96463656,0.9849556,1.0,15351,"tags=92%, list=83%, signal=558%",
GOBP_REGULATION_OF_MAST_CELL_DEGRANULATION,GOBP_REGULATION_OF_MAST_CELL_DEGRANULATION,,28,-0.08996352,-0.54620343,0.9561753,0.9853816,1.0,16740,"tags=100%, list=91%, signal=1112%",
GOBP_EPIGENETIC_PROGRAMMING_IN_THE_ZYGOTIC_PRONUCLEI,GOBP_EPIGENETIC_PROGRAMMING_IN_THE_ZYGOTIC_PRONUCLEI,,16,-0.113414966,-0.5447831,0.9677419,0.98556685,1.0,16308,"tags=100%, list=89%, signal=882%",
GOBP_CELLULAR_RESPONSE_TO_STEROL,GOBP_CELLULAR_RESPONSE_TO_STEROL,,23,-0.0931819,-0.5424454,0.96900827,0.9861471,1.0,13482,"tags=83%, list=73%, signal=309%",
GOBP_AMP_METABOLIC_PROCESS,GOBP_AMP_METABOLIC_PROCESS,,23,-0.09440567,-0.5401391,0.98196393,0.98671424,1.0,2265,"tags=22%, list=12%, signal=25%",
GOBP_PERIPHERAL_NERVOUS_SYSTEM_DEVELOPMENT,GOBP_PERIPHERAL_NERVOUS_SYSTEM_DEVELOPMENT,,89,-0.047973495,-0.5392817,0.98224854,0.9866335,1.0,4289,"tags=28%, list=23%, signal=36%",
GOBP_SYNAPTIC_TRANSMISSION_CHOLINERGIC,GOBP_SYNAPTIC_TRANSMISSION_CHOLINERGIC,,32,-0.07805606,-0.5341599,0.9903661,0.9882835,1.0,2591,"tags=22%, list=14%, signal=25%",
GOBP_SUBSTRATE_ADHESION_DEPENDENT_CELL_SPREADING,GOBP_SUBSTRATE_ADHESION_DEPENDENT_CELL_SPREADING,,99,-0.045579903,-0.5324515,0.9755102,0.9884956,1.0,1768,"tags=14%, list=10%, signal=16%",
GOBP_REGULATION_OF_MEMBRANE_PROTEIN_ECTODOMAIN_PROTEOLYSIS,GOBP_REGULATION_OF_MEMBRANE_PROTEIN_ECTODOMAIN_PROTEOLYSIS,,28,-0.084795885,-0.53189987,0.9731405,0.98828703,1.0,1728,"tags=18%, list=9%, signal=20%",
GOBP_REGULATION_OF_POLYSACCHARIDE_METABOLIC_PROCESS,GOBP_REGULATION_OF_POLYSACCHARIDE_METABOLIC_PROCESS,,46,-0.067282856,-0.5295155,0.97384304,0.9887227,1.0,8362,"tags=52%, list=45%, signal=95%",
GOBP_POSITIVE_REGULATION_OF_ENDOTHELIAL_CELL_PROLIFERATION,GOBP_POSITIVE_REGULATION_OF_ENDOTHELIAL_CELL_PROLIFERATION,,91,-0.047692306,-0.5250005,0.979716,0.9899506,1.0,4787,"tags=31%, list=26%, signal=41%",
GOBP_FIBROBLAST_PROLIFERATION,GOBP_FIBROBLAST_PROLIFERATION,,112,-0.043275617,-0.52430326,0.97727275,0.98977107,1.0,6435,"tags=39%, list=35%, signal=60%",
GOBP_FATTY_ACYL_COA_BIOSYNTHETIC_PROCESS,GOBP_FATTY_ACYL_COA_BIOSYNTHETIC_PROCESS,,28,-0.08278292,-0.5234936,0.98245615,0.98961526,1.0,8990,"tags=57%, list=49%, signal=112%",
GOBP_POSITIVE_REGULATION_OF_DNA_BINDING,GOBP_POSITIVE_REGULATION_OF_DNA_BINDING,,28,-0.08348503,-0.5231007,0.97154474,0.98932666,1.0,5693,"tags=39%, list=31%, signal=57%",
GOBP_REGULATION_OF_LIPOPROTEIN_PARTICLE_CLEARANCE,GOBP_REGULATION_OF_LIPOPROTEIN_PARTICLE_CLEARANCE,,22,-0.09332174,-0.52102506,0.9916667,0.9896082,1.0,12498,"tags=77%, list=68%, signal=241%",
GOBP_RESPONSE_TO_CORTICOSTERONE,GOBP_RESPONSE_TO_CORTICOSTERONE,,16,-0.10721088,-0.51983804,0.9800399,0.98956954,1.0,16422,"tags=100%, list=89%, signal=933%",
GOBP_LINOLEIC_ACID_METABOLIC_PROCESS,GOBP_LINOLEIC_ACID_METABOLIC_PROCESS,,22,-0.093418255,-0.51722336,0.9668616,0.9899829,1.0,16676,"tags=100%, list=91%, signal=1071%",
GOBP_RESPONSE_TO_AMINE,GOBP_RESPONSE_TO_AMINE,,47,-0.06470781,-0.5140642,0.9843444,0.9905198,1.0,17205,"tags=100%, list=94%, signal=1547%",
GOBP_POSITIVE_REGULATION_OF_ALPHA_BETA_T_CELL_PROLIFERATION,GOBP_POSITIVE_REGULATION_OF_ALPHA_BETA_T_CELL_PROLIFERATION,,24,-0.08782508,-0.5097339,0.9800363,0.99134713,1.0,9116,"tags=58%, list=50%, signal=116%",
GOBP_CELL_SURFACE_RECEPTOR_SIGNALING_PATHWAY_VIA_JAK_STAT,GOBP_CELL_SURFACE_RECEPTOR_SIGNALING_PATHWAY_VIA_JAK_STAT,,115,-0.039697126,-0.50471735,0.9942639,0.99226356,1.0,12549,"tags=72%, list=68%, signal=226%",
GOBP_REGULATION_OF_PH,GOBP_REGULATION_OF_PH,,103,-0.04129877,-0.49734634,0.9904215,0.9936314,1.0,13530,"tags=78%, list=74%, signal=292%",
GOBP_MULTICELLULAR_ORGANISMAL_MOVEMENT,GOBP_MULTICELLULAR_ORGANISMAL_MOVEMENT,,65,-0.05212686,-0.4950019,0.996063,0.99376345,1.0,6968,"tags=43%, list=38%, signal=69%",
GOBP_POSITIVE_REGULATION_OF_CARBOHYDRATE_METABOLIC_PROCESS,GOBP_POSITIVE_REGULATION_OF_CARBOHYDRATE_METABOLIC_PROCESS,,80,-0.04774998,-0.48864493,0.98802394,0.9946141,1.0,14759,"tags=85%, list=80%, signal=429%",
GOBP_NEGATIVE_REGULATION_OF_PLATELET_ACTIVATION,GOBP_NEGATIVE_REGULATION_OF_PLATELET_ACTIVATION,,18,-0.0951668,-0.48665178,0.99248123,0.99458873,1.0,7448,"tags=50%, list=40%, signal=84%",
GOBP_REGULATION_OF_MITOCHONDRIAL_MEMBRANE_POTENTIAL,GOBP_REGULATION_OF_MITOCHONDRIAL_MEMBRANE_POTENTIAL,,77,-0.04674941,-0.47563785,0.9827957,0.9960312,1.0,6549,"tags=40%, list=36%, signal=62%",
GOBP_POSITIVE_REGULATION_BY_SYMBIONT_OF_ENTRY_INTO_HOST,GOBP_POSITIVE_REGULATION_BY_SYMBIONT_OF_ENTRY_INTO_HOST,,15,-0.09925628,-0.47159547,0.9921722,0.9962041,1.0,15342,"tags=93%, list=83%, signal=563%",
GOBP_NUCLEOSIDE_CATABOLIC_PROCESS,GOBP_NUCLEOSIDE_CATABOLIC_PROCESS,,20,-0.0869196,-0.46061745,0.9979592,0.99722135,1.0,13117,"tags=80%, list=71%, signal=279%",
GOBP_MODIFICATION_OF_SYNAPTIC_STRUCTURE,GOBP_MODIFICATION_OF_SYNAPTIC_STRUCTURE,,42,-0.055531766,-0.42488205,0.99593496,0.9995793,1.0,13870,"tags=81%, list=75%, signal=329%",
GOBP_REGULATION_OF_ATP_BIOSYNTHETIC_PROCESS,GOBP_REGULATION_OF_ATP_BIOSYNTHETIC_PROCESS,,20,-0.0771678,-0.41316754,0.9959514,0.999594,1.0,1342,"tags=15%, list=7%, signal=16%",
GOBP_POSITIVE_REGULATION_OF_CALCINEURIN_MEDIATED_SIGNALING,GOBP_POSITIVE_REGULATION_OF_CALCINEURIN_MEDIATED_SIGNALING,,20,-0.07159108,-0.3868181,1.0,0.9997167,1.0,2364,"tags=20%, list=13%, signal=23%",
