__mclCluster,EnrichmentMap::-log10(pvalue) (mouse_r_protein_coding_classic.GseaPreranked),EnrichmentMap::-log10(pvalue)*sign(NES) (mouse_r_protein_coding_classic.GseaPreranked),EnrichmentMap::-log10(pvalue)_max,EnrichmentMap::Colouring (mouse_r_protein_coding_classic.GseaPreranked),EnrichmentMap::ES (mouse_r_protein_coding_classic.GseaPreranked),EnrichmentMap::fdr_qvalue (mouse_r_protein_coding_classic.GseaPreranked),EnrichmentMap::fwer_qvalue (mouse_r_protein_coding_classic.GseaPreranked),EnrichmentMap::Genes,EnrichmentMap::GS_DESCR,EnrichmentMap::gs_size,EnrichmentMap::GS_Type,EnrichmentMap::Name,EnrichmentMap::NES (mouse_r_protein_coding_classic.GseaPreranked),EnrichmentMap::pvalue (mouse_r_protein_coding_classic.GseaPreranked),name,selected,shared name
78,2.74472749489669,2.74472749489669,2.74472749489669,1,0.21099999999999999,6.4999999999999997E-3,0.51,BCL2|GSK3B|CSF2|ZMYND11|BMP4|IGF1|LGALS3|NRP1|RPS6KB1|SERPINE1|EYA1|FGF10|EYA3|EYA4|PARK7|SNAI2|UNC5B|GPX1|CTNNA1|GCLC|GCLM|ACVR1|AR|GSTP1|HSPA1B|SRC|DAB2|GSTP2|HTT|RAF1|RIPK1|PHIP|MAP2K5|TNF|TGFBR1|IL7|PEA15A|FGG|RB1CC1|PSME3|BRCA1|FYN|GAS1|TCF7L2|CTTN|ITGA6|RNF34|IL4|AGAP2|PRDX2|ICAM1|CFLAR|RFFL|GDNF|SGK3|EYA2|NOL3|CX3CL1|MAPK7|STRADB|ITGAV|SIAH2|NRG1|SH3RF1|HGF|HMGB2|TNFAIP3|BIRC6|DDX3X|RELA|TMBIM1|COL2A1|KLF4|SFRP2|LMNA|TNFSF4|FGA|FGB|GRINA|HMOX1|SCG2|FAIM|GATA1|MCL1|YAP1|BCL2L1|VEGFA|FAIM2|ITPRIP|IL1B|TNFRSF22|TNFRSF4|TNFRSF23|PELI3,https://www.gsea-msigdb.org/gsea/msigdb/mouse/geneset/GOBP_NEGATIVE_REGULATION_OF_EXTRINSIC_APOPTOTIC_SIGNALING_PATHWAY,94,ENR,GOBP_NEGATIVE_REGULATION_OF_EXTRINSIC_APOPTOTIC_SIGNALING_PATHWAY,2.4117999999999999,0,GOBP_NEGATIVE_REGULATION_OF_EXTRINSIC_APOPTOTIC_SIGNALING_PATHWAY,FALSE,GOBP_NEGATIVE_REGULATION_OF_EXTRINSIC_APOPTOTIC_SIGNALING_PATHWAY
53,2.74472749489669,2.74472749489669,2.74472749489669,1,0.13980000000000001,8.0000000000000004E-4,2.4E-2,MAD2L2|ADAMTS14|DPT|LOXL1|LOXL4|ITGA8|MMP11|LAMB2|P4HA3|SEMA5A|SMOC2|MMP12|B4GALT1|VWA1|NFKB2|GPM6B|IMPG2|BMP2|APBB1|APBB2|ELF3|IHH|MKX|TGFBR1|EXT1|GREM1|COL14A1|IER3IP1|COMP|MMP14|COL24A1|DAG1|MIA3|MMP28|TEX14|PTX3|PLG|SMARCA4|COL2A1|TNFRSF1B|ABL1|MMP23|MMP27|FLRT2|GAS2|CRISPLD2|MMP19|ANTXR2|ELN|FSCN1|NPNT|ABI3BP|CCDC80|COL16A1|AEBP1|COL8A1|ANGPTL7|TGFB1|WNT3A|DDR1|ECM2|EGFL6|EGFLAM|PTK2|AGT|ADAMTS16|BCL3|MATN2|SMPD3|COL1A2|CTSS|FOXF2|SMOC1|SPOCK2|SULF1|POSTN|SULF2|ADAMTS15|VIT|WT1|ANXA2|ATP7A|CPB2|FKTN|COL6A1|HPN|CAV2|2300002M23RIK|ADAMTS10|ADAMTS17|CAV1|ADAMTS8|ADAMTSL1|COL15A1|COL11A2|COL22A1|SERAC1|COL23A1|MMP25|TCF15|COL28A1|NPHS1|COL6A5|COL6A6|COL7A1|SERPINF2|COL4A5|COL9A2|MFAP4|COL9A3|EFEMP2|GFOD2|OLFML2A|ADAMTSL2|COL18A1|LAMA1|OLFML2B|LAMA2|PAPLN|NEPN|SCARA3|LAMB1|LAMC1|MYF5|CYP1B1|MYO1E|ITGB1|NID1|GFAP|ITGB3|FKBP10|RAMP2|CTSG|RECK|TMEM38B|LAMB3|QSOX1|FBLN5|NF1|CYP2J6|ANTXR1|SERPINB5|PBXIP1|PXDN|MPV17|LTBP4|CST3|ETS1|NTN4|KLK5|MMP9|CHADL|VTN|LEMD3|LGALS3|SCX|KIF9|ADAMTS7|NOXO1|RB1|MMP7|SH3PXD2B|NOTCH1|TGFBR3|MEGF9|THSD4|COLQ|ADAMTS19|COL17A1|VHL|DNAJB6|POMGNT1|SMAD3|HMCN1|POMT2|HSD17B12|TNF|MARCO|COL13A1|CLASP1|CLASP2|MATN3|OPTC|TGFBI|PHLDB1|PHLDB2|TGFB2|ITIH1|PDPN|CFLAR|CSGALNACT1|SLC2A10|APLP2|MATN4|HSPG2|PPARG|MYH11|ACAN|ADAMTS18|PDGFRA|COL27A1|SERPINH1|IDUA|SMAD4|COL3A1|SOX9|SPINT2|ERCC2|FN1|DDR2|TNR|VPS33B|TNFRSF1A|TNXB|MMP8|ADAMTS2|FGFR4|ADAMTS1|ADAMTS6|COL5A1|COL5A2|COL19A1|PMP22|LOXL2|PLOD1|LCP1|CRTAP|COL4A1|MPZL3|ATXN1L|COL4A3|COL4A4|DPP4|ADAMTS20|ADAMTS9|COL4A6|ADAMTSL4|COL11A1|FAP|TIE1|MMP13|MMP24|ADAMTS4|ADAMTS5|APLP1|P4HA1|AXIN2|MMP17|ADAMTS3|PLOD2|NPHP3|PLOD3|PRDX4|COL8A2|MMP16|FBLN1|FERMT1|SLC39A8|TFAP2A|COL1A1|HAS1|POMT1|HAS3|TNFRSF11B|EMILIN1|APP|MMP3|KAZALD1|SPINT1|ENG|ABL2|LOX|GAS6|MMP2|HAS2|PRICKLE1|FOXC1|MMP15|FKRP|FLOT1|IL6|PRDM5|COL4A2|TFIP11|SFRP2|CREB3L1|COL5A3|CMA1|EXOC8|WDR72|ADAMTS12|FOXC2|LOXL3,https://www.gsea-msigdb.org/gsea/msigdb/mouse/geneset/GOBP_EXTRACELLULAR_STRUCTURE_ORGANIZATION,293,ENR,GOBP_EXTRACELLULAR_STRUCTURE_ORGANIZATION,2.8546,0,GOBP_EXTRACELLULAR_STRUCTURE_ORGANIZATION,FALSE,GOBP_EXTRACELLULAR_STRUCTURE_ORGANIZATION
,1.9281179926938701,1.9281179926938701,1.9281179926938701,0.98819999999999997,0.23710000000000001,7.17E-2,1,GSK3B|CD36|FOXO3|IGF1|CACNA2D1|CACNB1|LRP1|VCAM1|ICAM1|APP|TREM2|CALCR|FPR2|NGFR|LGMN|GJA1|BACE1|TLR6|PRNP|PSEN1|MMP2|TLR4|AGER|RAMP3|PARP1|EPHB2|SYK|EPHA4|ABCC1|FCGR2B|ADRB2|TNF|SIRT1|BCL2L2|SNX6|CDK5|ATP1A3|FYN|MMP9|ITGA4|CACNA1A|IGF1R,https://www.gsea-msigdb.org/gsea/msigdb/mouse/geneset/GOBP_RESPONSE_TO_AMYLOID_BETA,42,ENR,GOBP_RESPONSE_TO_AMYLOID_BETA,1.8305,1.18E-2,GOBP_RESPONSE_TO_AMYLOID_BETA,FALSE,GOBP_RESPONSE_TO_AMYLOID_BETA
49,1.59687947882418,1.59687947882418,1.59687947882418,0.97470000000000001,0.36359999999999998,9.6699999999999994E-2,1,DMBT1|GINS4|GINS1|SBDS|BRD4|BRCA2|NDEL1|NCAPG2|INTS1|PELO|PALB2|TAF8|CHEK1|SALL4|SETDB1|COPS2,https://www.gsea-msigdb.org/gsea/msigdb/mouse/geneset/GOBP_INNER_CELL_MASS_CELL_PROLIFERATION,16,ENR,GOBP_INNER_CELL_MASS_CELL_PROLIFERATION,1.7410000000000001,2.53E-2,GOBP_INNER_CELL_MASS_CELL_PROLIFERATION,FALSE,GOBP_INNER_CELL_MASS_CELL_PROLIFERATION
83,2.4089353929735,2.4089353929735,2.4089353929735,0.99609999999999999,0.4466,2.23E-2,0.98699999999999999,CEACAM1|GP5|SERPINE2|ALOX12|PRKCD|TMX1|APOE|C1QTNF1|ADAMTS18|PDGFRA|UBASH3B|PDGFA|PDGFB|CD9|PRKG1|SH2B3,https://www.gsea-msigdb.org/gsea/msigdb/mouse/geneset/GOBP_NEGATIVE_REGULATION_OF_PLATELET_ACTIVATION,16,ENR,GOBP_NEGATIVE_REGULATION_OF_PLATELET_ACTIVATION,2.1454,3.8999999999999998E-3,GOBP_NEGATIVE_REGULATION_OF_PLATELET_ACTIVATION,FALSE,GOBP_NEGATIVE_REGULATION_OF_PLATELET_ACTIVATION
5,2.3979400086720402,2.3979400086720402,2.3979400086720402,0.996,0.1348,9.1000000000000004E-3,0.71099999999999997,ATG4B|HES5|ABR|ITGA8|ADAM10|SIX2|FGF10|GLI3|IFI204|GJB6|SLITRK6|FGF3|RBPJ|ALDH1A3|RPL38|USH2A|BMP2|BMP5|MAFB|HOXA2|ATP8A2|TBX1|KCNMA1|MAPK1|RDH10|ALMS1|USH1C|DLX5|DVL3|CEBPD|GJB2|JAG2|ECE1|BCL2L11|KCNK3|MCOLN3|CDH23|SCRIB|HEY2|PAFAH1B1|SDC4|H2-T10|ANP32B|COL2A1|ROR2|USH1G|SPARC|CELSR1|CECR2|NTN1|ROR1|ATG5|BCL2|GRHL3|BMP4|PI4KB|SLC4A7|MYO3B|NFIX|TGFB1|WNT3A|DDR1|ZEB1|FZD6|PRRX1|SOD1|C1QB|TRIOBP|PRRX2|EDNRA|TBX2|TSHZ1|TBX3|BDNF|LRP10|TIFAB|PTPN11|HPN|IFT20|IFT88|SHROOM2|CEBPA|ATP8B1|GSC|STRA6|TCF15|ANKRD24|TPRN|WDR19|BCR|HPCA|CTHRC1|CHRNA9|MSX1|NAGLU|NIPBL|OSR2|WNT1|FZD2|RPGRIP1L|SIX1|CXCL14|KCNK2|TBX18|MYC|MYO6|GATA3|GATA2|SOBP|TRIP11|DVL1|H2-DMA|KCNQ1|CCNA2|H2-T23|MPV17|PSAP|EDN1|OSR1|FGFR3|MYO7A|EYA1|NOTCH1|EYA4|GLI2|DLL1|ATOH1|SLC17A8|FOXI1|LRIG3|STOX1|TMIE|TTC39C|FRZB|INSIG1|INSIG2|ESRP1|CCM2|HMX2|TGFB2|TSHR|ELMOD3|LIN7A|SHH|NR4A3|CYTL1|CHD7|MKS1|CDH1|DVL2|CDKN1B|BLVRA|DICER1|FGFR1|GFI1|PROX1|ENPP1|SIX4|SLC44A4|ESRRB|TCAP|SOX9|PAX8|IGFBP7|GABRB3|IGF1|HESX1|VANGL2|MCM2|BMPER|MAPK3|CEP290|CLIC5|LRIG1|COL11A1|CUX1|GABRB2|CYS1|EPHB2|DCHS1|TSKU|EPHA4|FGFR2|FREM2|LHFPL5|PCDH15|HOXA1|HES1|HEY1|NEUROD1|REST|IFT27|PDZD7|PLS1|KIF3A|LGR5|OTX1|MAF|GAS1|H2-K1|NOG|WHRN|SOX2|OCM|MAPKAPK2|PTK7|TFAP2A|WNT5A|MYCN|PAX2|TTC8|FZD3|SEC24B|WDPCP|FGF9|JAG1|ZIC1|SPRY2|ATP2B2|PRKRA|ATP6V1B1|RAC1|CALB1|FAT4|FGF2,https://www.gsea-msigdb.org/gsea/msigdb/mouse/geneset/GOBP_EAR_DEVELOPMENT,225,ENR,GOBP_EAR_DEVELOPMENT,2.3348,4.0000000000000001E-3,GOBP_EAR_DEVELOPMENT,FALSE,GOBP_EAR_DEVELOPMENT
,1.9355420107730801,1.9355420107730801,1.9355420107730801,0.98839999999999995,0.27460000000000001,3.44E-2,1,NME7|TUBG2|PCNT|DCTN1|PDE4DIP|TPPP|TPX2|CCDC57|NDE1|NEDD1|SLAIN1|SLAIN2|TUBGCP2|TUBGCP3|TUBGCP4|TUBGCP5|TUBGCP6|HSPA1A|SSNA1|NDEL1|CSNK1D|ARHGEF7|CCDC66|EML2|HAUS2|CEP192|HSPA1B|GOLGA2|MECP2|GIT1|CLASP1|MZT1|AKAP9|CLASP2|CKAP5|NIN|PAK1|TUBG1,https://www.gsea-msigdb.org/gsea/msigdb/mouse/geneset/GOBP_MICROTUBULE_NUCLEATION,38,ENR,GOBP_MICROTUBULE_NUCLEATION,2.0345,1.1599999999999999E-2,GOBP_MICROTUBULE_NUCLEATION,FALSE,GOBP_MICROTUBULE_NUCLEATION
2,2.74472749489669,2.74472749489669,2.74472749489669,1,0.29320000000000002,0,0,AMIGO2|L1CAM|PCDHGC3|PLXNB3|CADM4|CDH4|CDH17|FAT3|DSC1|PLXNB2|PCDH12|CHL1|PIK3CB|CDHR2|DCHS1|CADM3|HMCN1|PCDH15|CDH10|NEXN|CDH6|IGSF21|CDH9|PVR|CDHR5|NRCAM|CDH2|IGSF11|SDK1|KIRREL3|DSCAML1|PRTG|CEACAM1|CEACAM2|DSC2|DSG2|MYOT|CDH3|CDH8|FAT2|EMB|CDH16|PCDH1|CDH23|DSG3|PCDH18|CDH15|CDH22|CDH24|CELSR3|CDH7|CDH5|BSG|CLSTN1|PECAM1|NPTN|CADM1|PTPRM|CDH1|CDHR1|RET|SDK2|IGSF9|MYPN|DSCAM|PALLD|CLSTN2|PTPRF|PTPN23|CELSR1|PTPRT|CELSR2|AMIGO1|CLSTN3|ESAM|DSC3|DSG1A|CADM2|DSG1B|PCDH8|CDHR3|PCDH10|PCDH19|CDH13|PCDH20|FAT4|PCDHB14|ROBO1|PCDHB18|ROBO2|CDH11|PCDHGA4,https://www.gsea-msigdb.org/gsea/msigdb/mouse/geneset/GOBP_HOMOPHILIC_CELL_ADHESION_VIA_PLASMA_MEMBRANE_ADHESION_MOLECULES,92,ENR,GOBP_HOMOPHILIC_CELL_ADHESION_VIA_PLASMA_MEMBRANE_ADHESION_MOLECULES,3.3340000000000001,0,GOBP_HOMOPHILIC_CELL_ADHESION_VIA_PLASMA_MEMBRANE_ADHESION_MOLECULES,FALSE,GOBP_HOMOPHILIC_CELL_ADHESION_VIA_PLASMA_MEMBRANE_ADHESION_MOLECULES
6,1.56383735295924,1.56383735295924,1.56383735295924,0.97270000000000001,0.25700000000000001,9.9000000000000005E-2,1,HMGB1|ROBO4|PDCD10|ITGB1BP1|MEF2C|TGFB1|DLL4|GADD45A|NOTCH1|PIK3R2|SPRED1|ACVRL1|CSNK2B|RHOA|PPARG|JUP|VASH1|STARD13|ANGPT2|HDAC5|KLF4|MEOX2|THBS1|MECP2|MAP2K5|TBXA2R|TNF|MMRN1|APOE|CARD10|MMRN2|ATP2B4|HRG|FGF2,https://www.gsea-msigdb.org/gsea/msigdb/mouse/geneset/GOBP_NEGATIVE_REGULATION_OF_BLOOD_VESSEL_ENDOTHELIAL_CELL_MIGRATION,34,ENR,GOBP_NEGATIVE_REGULATION_OF_BLOOD_VESSEL_ENDOTHELIAL_CELL_MIGRATION,1.7336,2.7300000000000001E-2,GOBP_NEGATIVE_REGULATION_OF_BLOOD_VESSEL_ENDOTHELIAL_CELL_MIGRATION,FALSE,GOBP_NEGATIVE_REGULATION_OF_BLOOD_VESSEL_ENDOTHELIAL_CELL_MIGRATION
2,2.74472749489669,2.74472749489669,2.74472749489669,1,0.25140000000000001,1.4E-3,5.6000000000000001E-2,MPDZ|NEDD4L|PAK2|MYO1C|SVEP1|NPHP4|RAB13|PARD3|PKP2|ILDR1|EPHA2|RPS6|ROCK1|ROCK2|CLDN17|ACVRL1|CLDN13|CLDN18|PRKCH|SNAI1|CLDN3|SNAI2|CLDN5|CLDN7|CLDN10|CLDN16|DLG1|CLDN15|EPHB2|ALOX12B|ARL2|ALOXE3|TNF|OCLN|TGFBR1|ABCC8|EXT1|F11R|OCEL1|FZD5|MICALL2|ACTN4|SLC39A9|CLDN2|ACTG1|WNT11|TGFB3|CLDN6|CLDN12|CLDN9|CLDN14|CLDN22|DSG3|IKBKB|CLDN23|CLDN8|ITGB1|GJA1|PLEC|RAMP2|CDH5|CLDN19|CLDN4|PECAM1|PRKACA|MARVELD2|PDCD6IP|CDH1|TBCD|GRHL2|MYLK3|CLDN1|MPP7|MARVELD3|TJP1|CGN|ESAM|SRF|POF1B|RAC1|ECT2|IL1B|CLDN11|NPHP1|LSR,https://www.gsea-msigdb.org/gsea/msigdb/mouse/geneset/GOBP_TIGHT_JUNCTION_ORGANIZATION,85,ENR,GOBP_TIGHT_JUNCTION_ORGANIZATION,2.7366000000000001,0,GOBP_TIGHT_JUNCTION_ORGANIZATION,FALSE,GOBP_TIGHT_JUNCTION_ORGANIZATION
36,1.79317412396815,1.79317412396815,1.79317412396815,0.9839,0.14349999999999999,4.2900000000000001E-2,1,OPHN1|DOCK8|PAX6|HES5|NEK3|NDE1|RAP1B|FGF10|FLOT2|SPRY1|CDC42|RHOA|ARHGEF2|HDAC3|BRSK2|PRKCZ|KAT5|CLASP1|CLASP2|GBF1|LLGL1|SLC9A6|TRAF3IP2|RHOU|PLK1|CORO7|PHLDB2|RUFY3|STK11|TCIRG1|BCCIP|SIPA1L3|KIF20B|INPPL1|MAPRE1|MARK2|SHH|NDC80|MSN|EXOC4|ARFGEF1|MYO9B|SKA1|SPAG5|SCRIB|SDCCAG8|CDH5|PAFAH1B1|FBXW11|DOCK7|FAT1|GPSM2|AMOT|NSFL1C|MYH9|ABL1|UBXN2B|CENPA|PARD3B|RHOQ|PKHD1|CYTH1|FSCN1|RHOJ|IGF1R|GSK3B|TSC2|KANK1|DCTN1|DOCK2|VANGL2|CYTH3|PARD3|CYP26B1|CRTAM|RICTOR|UST|CCDC66|BRSK1|WEE1|HTT|FBF1|FRMD4B|HES1|HEY1|RHOV|FGF13|KRIT1|PRKCI|CCL19|CRB2|CFL1|ZW10|IFT20|SH3BP1|ALPK2|TCF15|CCR7|FERMT1|PTK7|MYO18A|FRMD4A|AMOTL1|DYNLT1B|LAMA1|AMOTL2|CRB3|MYO9A|WNT5A|NDEL1|TTC8|FEZ1|ITGB1|WDPCP|ABL2|GJA1|PARD6A|GSN|GOLPH3|PRICKLE1|LLGL2|PKD1|CDK5RAP2|CRK|KIF26B|NUMA1|ARF6|LMNA|MAD2L1|RAB10|MCPH1|FOXJ1|SPRY2|GATA3|JAM3|KCNJ8|PAK1|RAB11FIP2|CAMSAP3|FAM89B|GPSM1|PLEKHG3|EPHB1|CRKL,https://www.gsea-msigdb.org/gsea/msigdb/mouse/geneset/GOBP_ESTABLISHMENT_OF_CELL_POLARITY,144,ENR,GOBP_ESTABLISHMENT_OF_CELL_POLARITY,1.9663999999999999,1.61E-2,GOBP_ESTABLISHMENT_OF_CELL_POLARITY,FALSE,GOBP_ESTABLISHMENT_OF_CELL_POLARITY
,1.6307841425898599,1.6307841425898599,1.6307841425898599,0.97660000000000002,0.2082,8.0500000000000002E-2,1,FOXA2|BMP4|FOXA1|IGF1|ERRFI1|FGFR4|FGFR3|LTA4H|FGF10|CREB1|PPP3R1|FOXP4|WNT7B|RBPJ|CDC42|NFIB|THRB|FNDC3B|CTNNB1|MAP2K2|AIMP2|HMGA2|THRA|FGFR2|KLF2|MAP2K1|NCOR2|FGF7|FOSL2|FOXP2|RCN3|COL6A1|RBBP9|KRAS|STRA6|SRSF6|ADAMTSL2|SHH|FOXP1|HOXA5|TMEM38B|PKD1|GRHL2|DHCR7|FOXJ1|SAV1|TRP73|GATA6|NKX2-1|AGR2|YAP1|SOX9|PTHLH|WNT2|SPDEF,https://www.gsea-msigdb.org/gsea/msigdb/mouse/geneset/GOBP_LUNG_EPITHELIUM_DEVELOPMENT,55,ENR,GOBP_LUNG_EPITHELIUM_DEVELOPMENT,1.7985,2.3400000000000001E-2,GOBP_LUNG_EPITHELIUM_DEVELOPMENT,FALSE,GOBP_LUNG_EPITHELIUM_DEVELOPMENT
20,2.67778070526608,2.67778070526608,2.67778070526608,0.99790000000000001,0.31,4.07E-2,1,NRP1|PHOX2A|TFAP2A|SEMA3F|HOXB3|PAX2|GLI3|SIX1|HOXA3|PLXNA1|KCNA2|DMD|MAFB|CITED2|EPHB2|ADARB1|HOXA1|TBX1|TIFAB|SEMA3A|CHRNB2|NRP2|HOXB1|HOXB2|EGR2|PLXNA3|ATP8B1|EPHB1|PLXNA4|HOXD3,https://www.gsea-msigdb.org/gsea/msigdb/mouse/geneset/GOBP_CRANIAL_NERVE_MORPHOGENESIS,30,ENR,GOBP_CRANIAL_NERVE_MORPHOGENESIS,1.9901,2.0999999999999999E-3,GOBP_CRANIAL_NERVE_MORPHOGENESIS,FALSE,GOBP_CRANIAL_NERVE_MORPHOGENESIS
90,2.10237290870956,2.10237290870956,2.10237290870956,0.99209999999999998,0.25719999999999998,2.8899999999999999E-2,1,CCL8|GSK3B|NEO1|DOCK2|DOCK5|NPHS1|IL4|NTN3|PLEKHO1|PTGFRN|CAPN2|INS2|CD81|SCGB3A1|CFLAR|FLT3L|SYNA|CAV3|ITGB1|TANC1|WNT1|CD9|CXCL10|GDF15|CXCL12|CXCL9|NFATC2|IL4RA|TMEM182|ADAMTS15|FLOT1|MYOD1|MYH9|MYOG|CACNA1S|CD53|ADAMTS5|CDON|DOCK1|DYRK1B|EHD1|EHD2|CASP1|MAPK14|TNFSF14,https://www.gsea-msigdb.org/gsea/msigdb/mouse/geneset/GOBP_MYOBLAST_FUSION,45,ENR,GOBP_MYOBLAST_FUSION,2.0781000000000001,7.9000000000000008E-3,GOBP_MYOBLAST_FUSION,FALSE,GOBP_MYOBLAST_FUSION
,2.0809219076239298,2.0809219076239298,2.0809219076239298,0.99170000000000003,0.1082,5.7200000000000001E-2,1,OGT|MAD2L2|UBXN2A|FBXO2|GNL3|CAML|GABARAP|PABPN1L|RPL23|NDFIP1|PIAS4|PSEN1|PAXIP1|RPL5|HDAC3|SASH1|HSPA1B|UBB|LRRK2|DTX3L|TGFBR1|ITCH|CRY1|DCUN1D1|TRIM44|DCUN1D2|LAPTM5|SIRT7|DCUN1D3|DCUN1D4|DCUN1D5|RIPK2|BIRC5|PELI1|UBE3A|RASSF5|SMAD7|U2AF2|USP4|SIAH2|SPSB4|DERL1|TNFAIP3|PPIA|ABL1|SOX4|MYCBP2|RPL11|TICAM1|ATG5|ZC3H12A|LIMK1|PIAS1|RPS2|CAPN3|RPS3|TSPO|RPS7|EGR1|BEX1|TSPYL5|COMMD1|BMI1|BAG5|FOXF2|RNF180|STUB1|AIMP2|ARRB2|DYSF|FANCI|FBXO33|AKT1|HSPBP1|ATG7|RASSF1|RNF111|BTRC|RNF40|UBE2D1|UBE2V1|FBXO4|MAPK15|PINX1|CDK5|UBE2N|FYN|CAV1|CUL3|OTUD4|TRIM21|NDFIP2|TANK|DNAJA3|UBXN1|KDM1A|FBXW7|EPAS1|PTTG1IP|ARRB1|MTA1|SH3RF2|HUWE1|FAM107A|UBE2L3|RASD2|RBX1|SAE1|NXN|UBA2|HAMP|HAMP2|SQSTM1|CEP78|ARRDC3|MUL1|HMG20B|NGF|TNIP1|FGFR3|NOD2|PIAS3|FBXO5|NLRC3|PARK7|PSMD10|TBC1D7|PRKCE|CEP63|PINK1|PSEN2|DNAJB2|PTEN|PTPN22|FANCM|DNAJA1|GPS2|PARP10|TOPORS|VCP|ARRDC4|MAPK9|PLK1|SENP2|CDC14B|SKP2|CDK5RAP3|CDKN2A|IVNS1ABP|UBQLN1|WNK1|PLAA|UBE2V2|BEX2|WDR48|DDX3X|TOLLIP|RWDD3|HERPUD1|DAXX|SPHK1|GSK3A|GSK3B|PHF23|TRIB3|HSPA5|SPOPL|VPS28|PRMT3|MTOR|NHLRC1|USP44|GNL3L|MAPK8|PER2|BIRC2|CRTAP|NMI|GTPBP4|GCLC|HSP90AA1|HSP90AB1|CTNNB1|HDAC8|MTBP|PDCD6|PEF1|SUMO2|HMG20A|TRIB2|SUMF2|ANGPT1|BIRC3|TTC36|ARNT|BAG2|RCHY1|FZR1|WFS1|MASTL|GBP4|TCF25|UBE2S|N4BP1|PRICKLE1|TRIB1|NPM1|CDC20|FLCN|RELA|CHFR|ISG15|AXIN1|CBLB|MAD2L1|BCL10|SPRY2|TRAF7|HDAC4|HIF1A|UBE2B|XIAP|ABCA2|AHRR|PELI3|BEX4,https://www.gsea-msigdb.org/gsea/msigdb/mouse/geneset/GOBP_REGULATION_OF_POST_TRANSLATIONAL_PROTEIN_MODIFICATION,226,ENR,GOBP_REGULATION_OF_POST_TRANSLATIONAL_PROTEIN_MODIFICATION,1.8855,8.3000000000000001E-3,GOBP_REGULATION_OF_POST_TRANSLATIONAL_PROTEIN_MODIFICATION,FALSE,GOBP_REGULATION_OF_POST_TRANSLATIONAL_PROTEIN_MODIFICATION
1,2.3872161432802601,2.3872161432802601,2.3872161432802601,0.99590000000000001,0.1653,3.73E-2,1,FBXO45|PREPL|NGF|P2RX7|DNM1L|P2RX1|RAP1A|RAP1B|SNAPIN|MEF2C|SLC10A4|GIT2|NPY|PNKD|GPM6B|RAB3A|RAB3B|RHOT1|UNC13B|PFN2|SLC17A8|SNCA|PRKCB|ATP2A2|LRRK2|RIMS2|SLC30A1|SYT2|ICA1|HTR2C|VPS18|GDNF|BRAF|HTR1D|NCS1|FMR1|PPP1R9A|SNAP29|SNCG|SYN1|P2RY1|SPHK1|SLC4A8|SV2B|SYT8|NPY1R|P2RX2|CACNA1D|CSPG5|BGLAP|PRKCA|BGLAP2|KCNH1|PTGER4|PPFIA2|GGCX|SLC38A2|PER2|UNC13A|CASK|FEV|RIMS3|NLGN1|STXBP1|STXBP5L|DRD4|SV2C|SYT4|EDN3|GRM8|NAT8L|ADORA2A|CAMK2A|ARL6IP5|SNCAIP|GPR158|CACNA1A|SYNGR3|SYT1|FBXL20|DTNBP1|APP|ITGB1|TOR1A|GFAP|ITGB3|BAIAP3|FLOT1|KCNC3|SYT13|KCNC4|SYT5|KMO|MCTP1|STX1A|GIT1|STXBP5|MCTP2|NF1|NTRK2|DVL1|P2RY2|BCL2L1|CACNB4|RAB5A|CACNA1E|SLC18A1|RAB3GAP1|SLC18A2,https://www.gsea-msigdb.org/gsea/msigdb/mouse/geneset/GOBP_REGULATION_OF_NEUROTRANSMITTER_TRANSPORT,109,ENR,GOBP_REGULATION_OF_NEUROTRANSMITTER_TRANSPORT,2.0129999999999999,4.1000000000000003E-3,GOBP_REGULATION_OF_NEUROTRANSMITTER_TRANSPORT,FALSE,GOBP_REGULATION_OF_NEUROTRANSMITTER_TRANSPORT
29,2.74472749489669,2.74472749489669,2.74472749489669,1,0.1459,4.3E-3,0.28999999999999998,OPHN1|SCYL3|GDF11|HES5|NANOS1|NRP1|LHX1|HERC1|MIB1|EPHA2|EFNA1|WNT9B|LYPD6|GLI3|PSEN1|EPHB3|LMO4|APBB1|SAMD4B|BRSK2|RORB|SECISBP2|HOXC10|UBB|ERBB4|MAP2K1|LMX1A|SZT2|CHRNB2|DLX5|DVL3|SIN3A|PAX7|ATXN2|NKX2-2|DCX|GRCC10|RUNX1|CSNK1D|PAFAH1B1|SFRP1|ZHX2|ZC4H2|SMARCC2|RAC3|TTLL1|ULK4|MTPN|SLIT2|MYCBP2|NRP2|NTF3|RORA|PLXNA3|LHX8|PLXNA4|ROBO1|ROBO2|TOX|RYK|SEMA3E|NFIX|WNT3A|PRKCA|PTK2|TGIF2|ZFP335|SHANK3|WNT3|ZMIZ1|INHBA|B2M|NFIB|TAOK1|AGTPBP1|BHLHE22|SOX5|TTC21B|ATG7|TBX20|ATP7A|CDON|DCLK2|FOXP2|SCYL2|ZSWIM6|SPOCK1|CDK5|CACNA1A|TULP3|BMPR1A|D16ERTD472E|CLN8|EN1|HOXD10|ITGB1|WNT1|SALL1|SALL3|SMO|CRK|ADARB1|NTRK2|GATA2|NIN|FAIM2|PSAP|WNT2|ZDHHC16|CRKL|CDH11|FBXO45|L1CAM|PRDM8|PAX6|TCTN1|PHOX2A|FAT3|PEX5|NOTCH1|SUFU|TAL1|BCL11B|NPY|OGDH|GLI2|PTGER3|PTEN|RAPGEF2|ATF5|ZEB2|ATOH1|CASZ1|SLC25A46|D130043K22RIK|DAB1|SCN1B|DLX2|IKZF1|TGIF1|SEMA3A|ELAVL4|ID4|UQCRQ|LINGO1|NKX6-2|GDPD5|NFE2L1|ABT1|ULK1|ISL2|SHH|BMPR1B|DISC1|PTF1A|NOVA2|BCL6|CNTN2|DICER1|FGFR1|NKX2-1|GBA2|PROX1|SLC4A10|B4GALT5|B4GALT6|CEND1|DLL4|PLXNA1|LHX6|ARX|BRSK1|GABRB1|EOMES|CTNNB1|EPHB2|TSKU|DYNC2H1|EPHA4|FGFR2|NRXN1|HOXA1|GNAQ|HES1|NEUROD1|CHD5|ISL1|BTG2|LONRF2|IFT172|WDR47|NR4A2|SOX2|SPG11|TFAP2A|AGBL4|TUBA1A|TTC36|APP|EMX1|WNT5A|DCLK1|NDEL1|NKX6-1|POU4F1|PTCH1|GIGYF2|SFRP2|TFAP2C|ATP2B2|LDB1|RAC1|CSF1R|EPHB1|IGHMBP2|SCYL1,https://www.gsea-msigdb.org/gsea/msigdb/mouse/geneset/GOBP_CENTRAL_NERVOUS_SYSTEM_NEURON_DIFFERENTIATION,216,ENR,GOBP_CENTRAL_NERVOUS_SYSTEM_NEURON_DIFFERENTIATION,2.5103,0,GOBP_CENTRAL_NERVOUS_SYSTEM_NEURON_DIFFERENTIATION,FALSE,GOBP_CENTRAL_NERVOUS_SYSTEM_NEURON_DIFFERENTIATION
42,2.6989700043360201,2.6989700043360201,2.6989700043360201,0.998,0.1434,3.7999999999999999E-2,1,BBS1|GGA2|RAB11A|PREPL|RAB14|RAB26|RAB31|RAB34|SYS1|STEAP2|RAB13|ACAP2|GOLGA4|MYO5B|RAB35|ANKRD50|ARL4C|ATP9A|WIPF3|CCDC93|CMTM6|DENND1C|SNX31|NSF|STX16|STX6|VPS26A|VPS39|SNAP47|EXOC6B|SLC1A1|STX12|BBS2|CCDC22|EHD1|MAPK10|LLGL1|RABEP1|GRIPAP1|LYPLA1|SNX30|SNX7|RAB8A|SNX27|MICALL2|VPS35|VPS13B|ATP2C1|RAB17|RAB11FIP3|EXOC4|PLA2G3|VAMP2|EHD4|GRIP2|SCRIB|ARHGAP44|CLSTN1|INPP5F|RAB12|EXOC5|GOLGA7|EXOC6|GOLPH3L|HGS|ACTN2|MICALL1|ARHGAP8|EXOC1|AKAP5|MTMR4|ANK3|DENND1A|VPS29|ZDHHC2|SACM1L|GGA3|DNM2|ACSL3|EPS15|PLA2G4E|VPS52|NSG1|VPS53|VAMP3|STX3|ARL3|CSK|VAMP5|KIF13A|CLN3|COMMD1|DENND1B|SEC16A|RAB7|ANKRD27|SORL1|PKDCC|STXBP5L|GRIP1|CHIC2|EHD3|VAMP4|RAB11FIP4|EHD2|NDRG4|CAMK2A|LYPLAL1|MYLK|RAB8B|EXOC2|RAB11B|SNX12|SNX17|KRT18|MACF1|VTI1A|AMN|GOLPH3|LLGL2|ATP6AP1|SCARB2|ARHGAP1|SNF8|FCGR2B|ARF6|DEF6|LMTK2|ARFGEF2|STXBP5|RAB10|PTPN23|SNX3|SNAP23|SNX4|STX4A|EXOC8|ARFRP1|OPTN|BLZF1|CNST|GGA1,https://www.gsea-msigdb.org/gsea/msigdb/mouse/geneset/GOBP_VESICLE_MEDIATED_TRANSPORT_TO_THE_PLASMA_MEMBRANE,142,ENR,GOBP_VESICLE_MEDIATED_TRANSPORT_TO_THE_PLASMA_MEMBRANE,2.0070999999999999,2E-3,GOBP_VESICLE_MEDIATED_TRANSPORT_TO_THE_PLASMA_MEMBRANE,FALSE,GOBP_VESICLE_MEDIATED_TRANSPORT_TO_THE_PLASMA_MEMBRANE
73,1.7423214251308199,1.7423214251308199,1.7423214251308199,0.9819,0.10879999999999999,5.28E-2,1,MOV10|UPF1|UPF3A|UPF3B|ATF7IP|BAHD1|BAZ1A|N6AMT1|BAZ2A|CBX1|CBX3|GLMN|CBX5|CBX8|CDYL|CENPV|DDX4|DNMT3B|DNMT3L|IFI203|EED|MNDAL|EZH1|H1F0|H3F3A|SIRT6|H3F3B|RRP8|HAT1|HDAC1|ZNFX1|HDAC3|HMGA2|KDM5A|L3MBTL1|LMNB1|LMNB2|MBD1|LETMD1|MBD2|MBD3|TET2|MORC2A|MPHOSPH8|NCOR2|PCGF3|PCGF5|PHF8|POLE3|SDR16C5|SIRT7|PPM1D|RIF1|RLF|RLIM|TPR|SCMH1|SETDB1|RNF168|SIN3A|SMARCA1|RNF8|SMARCAD1|SMCHD1|SPEN|SPTY2D1|SUZ12|TDRD1|TDRD12|TDRD5|ZDBF2|TEX15|TRIM28|ZFP57|PCID2|TRIP12|UBR5|DOT1L|UHRF1|SUV39H1|WDHD1|EZH2|TRMT112|MTA2|MTF2|PHF19|PADI2|AICDA|JARID2|SMARCA2|HNRNPU|SMARCA4|SMARCB1|SMARCD1|UHRF2|METTL3|PHF1|TRIM27|YTHDC1|PIWIL2|MYOCD|BAP1|ALKBH4|HELLS|SPHK2|ZFP335|EGR1|ZNHIT1|SMYD5|BMI1|WT1|ATF2|APOBEC3|ASZ1|ZFP869|EPC1|UTY|BRCA1|UBR2|DDB1|CTCF|ATRX|KDM1A|RSL1|MTA1|HDAC6|SAMD1|ZFP445|ZMPSTE24|MYC|LMNA|NR3C1|APOBEC1|APOBEC2|CHEK1|BMYC|EHMT2|ING2|RB1|PPHLN1|CDK2|HDAC10|GPX1|HDAC5|HDAC9|DYRK1A|EIF1|WBP2|ASH2L|ATAD2|LHX2|ATAD2B|HDAC7|DPY30|FAM47E|GLYR1|HNRNPK|ARID4A|ARID4B|ALKBH1|KDM1B|KDM2A|L3MBTL3|LCOR|HDAC2|PIK3CA|DCAF13|USP7|CREBZF|NDN|BCL6|RNF2|MORC1|HDAC11|MSL2|DICER1|SIRT1|PABPC1L|SIRT2|PHF2|DNMT3A|RBBP5|SETD1A|SMARCA5|GNAS|GSK3A|GSK3B|TDG|CGGBP1|EXOSC10|LBR|DPPA3|TET1|TET3|USP21|VPS72|WDR5|SUV39H2|RBM14|RBM15|CDKN1C|RBM15B|MEN1|DPPA2|TRIM37|OGG1|HDAC8|MECP2|KLF2|APEX1|SPIN1|EHMT1|TRP53|METTL4|DNMT1|APP|MYCN|EP300|BRD7|AXIN1|CTR9|HDAC4|TFAP2C|PRMT5|PRMT7|BEND3,https://www.gsea-msigdb.org/gsea/msigdb/mouse/geneset/GOBP_EPIGENETIC_REGULATION_OF_GENE_EXPRESSION,226,ENR,GOBP_EPIGENETIC_REGULATION_OF_GENE_EXPRESSION,1.9073,1.8100000000000002E-2,GOBP_EPIGENETIC_REGULATION_OF_GENE_EXPRESSION,FALSE,GOBP_EPIGENETIC_REGULATION_OF_GENE_EXPRESSION
9,2.6989700043360201,2.6989700043360201,2.6989700043360201,0.998,0.158,8.8999999999999999E-3,0.68600000000000005,SLC39A12|TCTN1|HES5|MAP3K7|IRX1|IRX2|OSR1|WDR83|FGF10|MIB1|SOX8|SUFU|WNT9B|PLXNB2|GLMN|CASP8|GLI2|RALA|ALDH1A2|ALDH1A3|BRPF1|ZFP568|LMO4|ZEB2|PFN1|BMP5|AR|RARG|HHEX|TEAD2|TGIF1|LIAS|RDH10|TMED2|MTHFD1|WNT4|LHX2|GREM1|KDM2B|STIL|SALL4|SMARCA1|GRSF1|RGMA|ENAH|JAG2|TWIST1|TGFB2|GATAD2A|KIF20B|CC2D2A|SHH|RARA|HNF1B|TSC1|GDNF|IPMK|KDM2A|CLUAP1|NUP50|MKS1|MED12|SCRIB|SDC4|SFRP1|OPA1|PRKACA|CASP3|ALDH1A1|DVL2|ABL1|HS2ST1|BRD2|STK3|STK4|TRAF6|CELSR1|SOX11|DLC1|SIX4|RAB23|CECR2|SOX9|PCDH8|PAX8|SPECC1L|SPINT2|GRHL3|TSC2|BMP4|VANGL2|NCKAP1|LUZP1|TGFB1|SEMA4C|KAT2A|FZD6|RPS7|ROCK2|FUZ|SHANK3|ADM|WNT7B|BBS4|SULF1|CTNNB1|HTT|FGFR2|MTHFR|PDX1|CDK20|CFL1|TGFB1I1|COQ7|KDM6A|IRX3|NOG|IFT172|SETD2|IFT52|TULP3|PRKACB|PTK7|DEAF1|SHROOM3|TFAP2A|LAMA5|CTHRC1|WNT5A|SPINT1|IFT122|PAX2|FZD3|PHACTR4|SEC24B|WNT2B|ABL2|WNT6|HECTD1|SALL1|SIX1|SKI|TRP63|LRP6|PRICKLE1|ARID1A|LLGL2|PTCH1|LRP2|TBX18|GRHL2|CITED2|RET|VASP|OVOL2|SFRP2|APAF1|BCL10|GATA3|ST14|HIF1A|DVL1|FOLR1|IFT57|MTHFD1L|VEGFC|BMP7|WNT2|COBL,https://www.gsea-msigdb.org/gsea/msigdb/mouse/geneset/GOBP_MORPHOGENESIS_OF_EMBRYONIC_EPITHELIUM,169,ENR,GOBP_MORPHOGENESIS_OF_EMBRYONIC_EPITHELIUM,2.3443999999999998,2E-3,GOBP_MORPHOGENESIS_OF_EMBRYONIC_EPITHELIUM,FALSE,GOBP_MORPHOGENESIS_OF_EMBRYONIC_EPITHELIUM
28,2.3872161432802601,2.3872161432802601,2.3872161432802601,0.99590000000000001,0.21490000000000001,4.6600000000000003E-2,1,CSNK1E|GGA3|IFNGR1|IGF1|LRRTM3|ADAM10|PIN1|PSENEN|RTN1|RTN3|SLC2A13|SPON1|FLOT2|EFNA1|ROCK1|ROCK2|ABCA7|CLN3|PRNP|PSEN1|TMED10|UNC13A|PSEN2|NCSTN|SORL1|EPHA4|TNF|DYRK1A|SP1|DHCR24|RTN2|IFNG|HAP1|APP|ABCG1|ADAM9|RANBP9|BACE1|CASP3|ADAM17|AGER|ADAM19|RELA|RTN4|APOE|BIN1|NTRK2|APH1B|PICALM|ABCA2|EFNA3|APH1A|APH1C|LYN|CLU|GSK3A,https://www.gsea-msigdb.org/gsea/msigdb/mouse/geneset/GOBP_AMYLOID_PRECURSOR_PROTEIN_CATABOLIC_PROCESS,56,ENR,GOBP_AMYLOID_PRECURSOR_PROTEIN_CATABOLIC_PROCESS,1.9399,4.1000000000000003E-3,GOBP_AMYLOID_PRECURSOR_PROTEIN_CATABOLIC_PROCESS,FALSE,GOBP_AMYLOID_PRECURSOR_PROTEIN_CATABOLIC_PROCESS
10,1.6497519816658399,1.6497519816658399,1.6497519816658399,0.97760000000000002,0.2288,8.5000000000000006E-2,1,GSK3B|SUMO1|CD36|UFM1|FERMT1|MDFIC|POLR1A|CDKN2A|EI24|APOD|APP|DCLK1|YWHAB|GBP4|MTOR|DCLK3|TRIM29|CLDN18|OTUD7B|CABP1|CTNNA1|SIRT6|TMEM98|AKAP1|YWHAZ|LATS1|LATS2|HNF4A|NF1|PKIA|PKIG|NFKBIA|SIRT1|FBXO4|MFHAS1|DCLK2|RAB23|LZTS2|MAGED1|SIN3A|TRIM40|MARK3|ANGPT1,https://www.gsea-msigdb.org/gsea/msigdb/mouse/geneset/GOBP_NEGATIVE_REGULATION_OF_PROTEIN_LOCALIZATION_TO_NUCLEUS,43,ENR,GOBP_NEGATIVE_REGULATION_OF_PROTEIN_LOCALIZATION_TO_NUCLEUS,1.7816000000000001,2.24E-2,GOBP_NEGATIVE_REGULATION_OF_PROTEIN_LOCALIZATION_TO_NUCLEUS,FALSE,GOBP_NEGATIVE_REGULATION_OF_PROTEIN_LOCALIZATION_TO_NUCLEUS
5,2.74472749489669,2.74472749489669,2.74472749489669,1,0.2954,1E-4,2E-3,GABRB3|BMP4|HES5|SLC4A7|MYO3B|VANGL2|FGFR3|MYO7A|NOTCH1|SLITRK6|CLIC5|RBPJ|USH2A|DLL1|SOD1|ATOH1|CUX1|GABRB2|TRIOBP|TSKU|LHFPL5|PCDH15|KCNMA1|BDNF|HES1|HEY1|REST|ALMS1|IFT27|PDZD7|PLS1|USH1C|ESRP1|KIF3A|NTRK1|IFT20|NTF5|IFT88|ATP8B1|JAG2|WHRN|ANKRD24|TSHR|TPRN|ELMOD3|TMEM132E|CTHRC1|MCOLN3|MYCN|CDH23|TTC8|NAGLU|MKS1|SEC24B|WDPCP|FZD2|SCRIB|HEY2|PAFAH1B1|SDC4|MYO6|USH1G|JAG1|DICER1|FGFR1|NTRK2|TRIP11|GFI1|ATP2B2|KCNQ1|SLC44A4|CECR2|RAC1|NTF3|NTRK3|FAT4|FGF2,https://www.gsea-msigdb.org/gsea/msigdb/mouse/geneset/GOBP_MECHANORECEPTOR_DIFFERENTIATION,77,ENR,GOBP_MECHANORECEPTOR_DIFFERENTIATION,3.1046,0,GOBP_MECHANORECEPTOR_DIFFERENTIATION,FALSE,GOBP_MECHANORECEPTOR_DIFFERENTIATION
6,2.74472749489669,2.74472749489669,2.74472749489669,1,0.1694,3.5000000000000003E-2,1,GAB1|ATOH8|NRP1|P2RX4|SEMA5A|PDPK1|SMOC2|TGFBR3|PRKD1|PTK2B|HSPB1|SASH1|HDAC9|PRKD2|SP1|AKT3|HDAC7|SHH|CIB1|BSG|CALR|TMEM201|ADAM17|PLG|AMOT|PTGS2|ABL1|MAP2K3|NUS1|MET|SPARC|FGF1|DICER1|FGFR1|SIRT1|MAP3K3|PROX1|STAT5A|PLK2|PDGFB|VEGFA|RHOJ|ZFP580|SRPX2|CD40|ZC3H12A|BMP4|HMGB1|IGF1|GPLD1|IGF2|TGFB1|PRKCA|TMSB4X|FUT1|LGMN|ROCK2|AGT|PIK3C2A|RIN2|SNAI2|RRAS|PIK3CB|PIK3CD|PIK3CG|SEC1|NFE2L2|ALOX12|EGF|BCAS3|THBS1|AKT1|PLCG1|PDCD6|ANXA1|ANXA3|ANGPT1|ITGB1BP1|AMOTL1|COL18A1|TEK|WNT5A|FOXP1|ITGB3|GRN|ADORA2B|KDR|CCBE1|HMOX1|GPI1|GATA3|RHOB|FLT4|GATA2|HIF1A|BCAR1|FGFBP1|RAC1|LCN2|VEGFC|NOS3|ETS1|FGF16|FGF18|FOXC2|FGF2,https://www.gsea-msigdb.org/gsea/msigdb/mouse/geneset/GOBP_POSITIVE_REGULATION_OF_ENDOTHELIAL_CELL_MIGRATION,106,ENR,GOBP_POSITIVE_REGULATION_OF_ENDOTHELIAL_CELL_MIGRATION,2.0291999999999999,0,GOBP_POSITIVE_REGULATION_OF_ENDOTHELIAL_CELL_MIGRATION,FALSE,GOBP_POSITIVE_REGULATION_OF_ENDOTHELIAL_CELL_MIGRATION
74,1.6736641390712499,1.6736641390712499,1.6736641390712499,0.9788,0.2379,8.0600000000000005E-2,1,NEDD4|GGA3|KPTN|RRAGC|ATG14|BECN1|CD81|GPR137B|RRAGA|VPS4A|SORT1|VPS53|ROCK2|AP4M1|PIK3C3|AP3D1|ZFYVE16|RAB7|GCC2|PIK3R4|AP3B1|GNPTAB|SORL1|SH3BP4|VPS54|MFSD1|HSPA8|SCARB2|HGS|AKT1|LAMP2|M6PR|ATP13A2|NDP|RTN4|LAPTM5|NCOA4|SZT2|LMBRD1|SNX16|CLU,https://www.gsea-msigdb.org/gsea/msigdb/mouse/geneset/GOBP_PROTEIN_LOCALIZATION_TO_LYSOSOME,41,ENR,GOBP_PROTEIN_LOCALIZATION_TO_LYSOSOME,1.7972999999999999,2.12E-2,GOBP_PROTEIN_LOCALIZATION_TO_LYSOSOME,FALSE,GOBP_PROTEIN_LOCALIZATION_TO_LYSOSOME
75,2.67778070526608,2.67778070526608,2.67778070526608,0.99790000000000001,0.2114,4.2900000000000001E-2,1,GSK3B|SAR1B|TSC2|RPS6KB1|RPS6KA1|DEPDC5|NPRL2|TMEM127|TNFAIP8L1|PRKAA1|PRKAA2|TBC1D7|MAPK3|TBK1|OTUD7B|SAR1A|PTEN|VHL|FNIP1|SH3BP4|NPC1|SESN2|PDCD6|UBE2D1|ITFG2|UBR1|SZT2|MAPKAPK5|ALG13|UBE2N|UBR2|STK11|DEPTOR|KPTN|SESN3|AKT1S1|ATM|PELI1|PRKACB|UBE3A|ATXN3|ENDOG|TSC1|DDIT4|NPRL3|PRKACA|USP7|FLCN|YWHAZ|PREX1|PREX2|NLK|RNF167|SIRT1|HIF1A|RNF152|SESN1|UBE2W|MTM1|YWHAG|GSK3A,https://www.gsea-msigdb.org/gsea/msigdb/mouse/geneset/GOBP_NEGATIVE_REGULATION_OF_TOR_SIGNALING,61,ENR,GOBP_NEGATIVE_REGULATION_OF_TOR_SIGNALING,1.9659,2.0999999999999999E-3,GOBP_NEGATIVE_REGULATION_OF_TOR_SIGNALING,FALSE,GOBP_NEGATIVE_REGULATION_OF_TOR_SIGNALING
56,2.0705810742857098,2.0705810742857098,2.0705810742857098,0.99150000000000005,0.17610000000000001,2.8500000000000001E-2,1,PGK1|SERPINE1|EPHA2|SHC1|STAT1|PML|THBS2|SLC12A2|PF4|STAB1|FASL|PTPN6|STARD13|HHEX|TNF|FOXO4|HHIP|WNT4|OPTC|SEMA4A|TGFB2|FLT1|HOXA5|E2F2|SH2B3|PPARG|PLG|AMOT|ANGPT2|PTN|HGS|KLF4|ADRB2|ECSCR|SPARC|ATP2B4|CD160|PLK2|THBS4|TNMD|SYNJ2BP|ANGPTL7|SEMA3E|ADAMTS1|PDE3B|PTGER4|ROCK1|ROCK2|TCF4|AGT|ALOX5|CLDN5|COL4A3|PIK3CB|CXCR3|ADAMTS9|CRHR2|SULF1|CTNNB1|THBS1|ATF2|NGP|MECP2|SEMA6A|TIE1|GPR4|GTF2I|APOH|KLF2|ABCC8|KRIT1|CCL2|FYN|SERPINF1|FOXJ2|H2-M3|CCR2|DCN|CD36|CD59A|TEK|EMILIN1|GADD45A|EPN1|NGFR|SPRED1|CXCL10|LIF|FOXC1|PTPRM|VASH1|RELA|EPN2|COL4A2|ZFP354C|DAB2IP|FBLN5|NF1|SPRY2|CREB3L1|EFNA3|ISM1|HRG,https://www.gsea-msigdb.org/gsea/msigdb/mouse/geneset/GOBP_NEGATIVE_REGULATION_OF_VASCULATURE_DEVELOPMENT,103,ENR,GOBP_NEGATIVE_REGULATION_OF_VASCULATURE_DEVELOPMENT,2.0831,8.5000000000000006E-3,GOBP_NEGATIVE_REGULATION_OF_VASCULATURE_DEVELOPMENT,FALSE,GOBP_NEGATIVE_REGULATION_OF_VASCULATURE_DEVELOPMENT
1,2.74472749489669,2.74472749489669,2.74472749489669,1,0.13439999999999999,1.6500000000000001E-2,0.93799999999999994,RAB11A|BECN1|PPP2R1A|RIOK2|SEH1L|AURKB|CHMP5|KATNB1|RRS1|HSPA1B|DUSP1|KAT5|TPR|LCMT1|MAD1L1|DRG1|BIRC5|BCCIP|BUB3|CDCA8|PBRM1|CDT1|PCID2|CENPC1|CCDC61|CENPE|PHF10|UHRF1|EML4|INCENP|KIF2C|HSPA1A|MAPRE1|MIS12|CEP97|NDC80|NEK2|CHMP1A|NSL1|CHMP1B|NUF2|CHMP2A|CHMP2B|RACGAP1|CHMP3|CHMP4C|SKA1|CHMP6|SPAG5|SPC24|SPC25|TEX14|ZFP207|ARHGEF10|EML3|OFD1|SMARCA2|HNRNPU|SMARCA4|SMARCB1|SMARCC1|KIF11|SMARCC2|KIF15|SMARCD1|KIF23|SMARCD2|KIF2A|SMARCD3|KIF3B|SMARCE1|KIF4|CENPI|KIFC1|CENPK|KIFC5B|KPNB1|MYBL2|MZT1|NUP62|RAN|PRC1|RCC1|KNTC1|SMC1A|SPICE1|STAG1|STAG2|TPX2|CDCA5|KIF14|PSRC1|CCNB1|CDK1|FLNA|MAPK15|PINX1|ESPL1|TUBG1|TUBG2|CUL3|KIF22|DCTN2|NIPBL|NUDC|AKAP8L|BCL7A|BCL7B|BCL7C|CHEK2|DPF1|DPF2|DPF3|RB1|POLDIP2|FBXO5|VPS4B|RHOA|RANGRF|INO80|GEN1|AAAS|CLASP1|ATF6B|CLASP2|NSMCE2|NUSAP1|PHF13|PLK1|TOP2B|KIF18B|ATM|TOP2A|TRIP13|IK|SMC3|XRCC3|PIBF1|CHMP4B|SIRT1|SMARCA5|APC|VPS4A|NCAPH2|USP44|AKAP8|CCDC66|BUB1B|CHMP7|PRAP1|TTK|ZW10|ZWILCH|RAD21|DIS3L2|ACTB|ANAPC1|ACTL6A|ANAPC11|ACTL6B|ANAPC2|ANAPC4|ANAPC5|ANAPC7|BAZ1B|BUB1|PRICKLE1|ARID1A|CDC16|KIF18A|ARID2|CDC20|CDC23|CDC27|CDC6|CDK5RAP2|CEP192|BRD7|CHFR|GOLGA2|LATS1|CIT|CLTC|DYNC1LI1|NUMA1|HECW2|MAD2L1|MAD2L1BP|NCAPD2|NCAPD3|NCAPG|NCAPG2|KLHL22|NCAPH|NEK6|PSMG2|SMC2|SMC4|TACC3|UBE2C|UBE2U|LSM14A|ZWINT|KAT2B|PRPF4B,https://www.gsea-msigdb.org/gsea/msigdb/mouse/geneset/GOBP_SISTER_CHROMATID_SEGREGATION,205,ENR,GOBP_SISTER_CHROMATID_SEGREGATION,2.2138,0,GOBP_SISTER_CHROMATID_SEGREGATION,FALSE,GOBP_SISTER_CHROMATID_SEGREGATION
19,2.6989700043360201,2.6989700043360201,2.6989700043360201,0.998,0.28220000000000001,2.7300000000000001E-2,1,TWIST1|BMP4|TGFB2|BMPR1A|TGFB1|TGFB3|GATA5|NOTCH1|ENG|MSX1|MSX2|ACVRL1|MDM2|RBPJ|SNAI1|SNAI2|BMP2|BMP5|ACVR1|DCHS1|TMEM100|TBX2|TBX20|TBX3|MDM4|HEY1|TGFBR1|HEYL|ADAMTS5|ISL1|SMAD2|SMAD4|APLNR|SOX9|TGFBR2|BMP7|NOG|NOS3|ROBO1|ROBO2,https://www.gsea-msigdb.org/gsea/msigdb/mouse/geneset/GOBP_ENDOCARDIAL_CUSHION_MORPHOGENESIS,40,ENR,GOBP_ENDOCARDIAL_CUSHION_MORPHOGENESIS,2.0922999999999998,2E-3,GOBP_ENDOCARDIAL_CUSHION_MORPHOGENESIS,FALSE,GOBP_ENDOCARDIAL_CUSHION_MORPHOGENESIS
5,2.74472749489669,2.74472749489669,2.74472749489669,1,0.32279999999999998,1.4E-3,5.8999999999999997E-2,GABRB3|HES5|SLC4A7|MYO3B|VANGL2|MYO7A|SLITRK6|CLIC5|SOD1|GABRB2|TRIOBP|TSKU|LHFPL5|PCDH15|HES1|HEY1|REST|ALMS1|IFT27|PDZD7|PLS1|USH1C|KIF3A|IFT20|IFT88|ATP8B1|WHRN|ANKRD24|TSHR|TPRN|ELMOD3|CTHRC1|CDH23|TTC8|NAGLU|MKS1|SEC24B|WDPCP|FZD2|SCRIB|PAFAH1B1|SDC4|USH1G|DICER1|FGFR1|TRIP11|ATP2B2|KCNQ1|CECR2|RAC1|FAT4,https://www.gsea-msigdb.org/gsea/msigdb/mouse/geneset/GOBP_INNER_EAR_RECEPTOR_CELL_DEVELOPMENT,51,ENR,GOBP_INNER_EAR_RECEPTOR_CELL_DEVELOPMENT,2.7341000000000002,0,GOBP_INNER_EAR_RECEPTOR_CELL_DEVELOPMENT,FALSE,GOBP_INNER_EAR_RECEPTOR_CELL_DEVELOPMENT
1,2.3872161432802601,2.3872161432802601,2.3872161432802601,0.99590000000000001,0.1512,1.8200000000000001E-2,0.95499999999999996,FBXO45|PREPL|NGF|P2RX7|DNM1L|P2RX1|RAP1A|RAP1B|SNAPIN|GRIK5|MEF2C|GIT2|NPY|PNKD|SYT7|SYT11|NRXN2|PSEN1|RAB3A|RHOT1|SNAP47|PRRT2|DGKI|UNC13B|PFN2|SYN3|SNCA|PRKCB|ATP2A2|LRRK2|RIMS2|NAPA|VAMP1|UNC13C|SLC30A1|SYT2|NAPB|ICA1|HTR2C|VPS18|LIN7A|LIN7B|LIN7C|VAMP2|STX11|SCRIB|BRAF|HTR1D|NCS1|PRKACA|OTOF|CADPS2|FMR1|PPP1R9A|CTBP2|ERC1|ERC2|SNAP29|SNCG|SYN1|P2RY1|SPHK1|RIMBP2|PDZD11|SLC4A8|STX2|SYT12|SV2B|SYT8|NPY1R|NR4A1|P2RX2|SYNJ1|CACNA1D|CSPG5|PTPRN2|SLC6A9|XBP1|BGLAP|PRKCA|BGLAP2|KCNH1|PTGER4|PPFIA2|GGCX|SLC38A2|SYP|UNC13A|CASK|PCLO|PPT1|BRSK1|RIMS3|NLGN1|STXBP1|STXBP5L|DRD4|SV2A|SV2C|SYT4|EDN3|NRXN1|GRM8|SNAP91|NRXN3|ABCC8|ADORA2A|CAMK2A|EFR3A|SNCAIP|BEST1|GPR158|CACNA1A|SYNGR3|SYT1|FBXL20|DTNBP1|PPFIA3|SYDE1|STX19|BAIAP3|CADPS|DOC2A|DOC2B|DOC2G|SYN2|KCNC3|SYT13|KCNC4|RPH3A|SYT5|KMO|MCTP1|OSBPL2|STX1A|GIT1|STXBP5|MCTP2|NF1|SYT9|CPLX2|KCNJ8|NTRK2|DVL1|P2RY2|PAK1|SNAP23|STXBP2|BCL2L1|STX4A|CACNB4|RAB5A|SNAP25|CACNA1E|TRIM9|RAB3GAP1,https://www.gsea-msigdb.org/gsea/msigdb/mouse/geneset/GOBP_NEUROTRANSMITTER_SECRETION,156,ENR,GOBP_NEUROTRANSMITTER_SECRETION,2.1913999999999998,4.1000000000000003E-3,GOBP_NEUROTRANSMITTER_SECRETION,FALSE,GOBP_NEUROTRANSMITTER_SECRETION
4,2.3979400086720402,2.3979400086720402,2.3979400086720402,0.996,9.8500000000000004E-2,3.27E-2,1,CYB5R4|OXCT1|PFKFB2|PFKL|ADORA3|AIMP1|FAM3A|SYT7|PSMD9|ORAI1|ADRA2A|HCFC1|RPTOR|ACVR1C|TMF1|SIRT6|BMP6|HNF1A|HMGA2|BRSK2|DAB2|PRKCB|RAF1|ZBED6|SERP1|RIMS2|UCP2|C1QTNF3|RBP4|VGF|CRY1|CD38|G6PC2|ABAT|CHRM3|NADK|BIRC5|HTR2C|NPPA|JAGN1|SLC16A2|FOXO1|C2CD2L|F2RL1|GHRL|RUNX1|SIDT2|ADIPOQ|SFRP1|RAPGEF4|KLF7|PIM3|DIO2|TBC1D1|ABCB1A|MYH9|PDE4C|EFNA5|PDE8B|AGTR1A|OSBP|P2RY1|SOX11|ENSA|SOX4|TRPM4|BAD|RBM4|AACS|NMU|NPY1R|CNR1|CPT1A|SLC25A22|CACNA1C|CACNA1D|ENY2|PDE3B|TRPM2|TRPM5|ACSL4|BGLAP2|CYP27B1|F2RL2|ILDR1|CREB1|ILDR2|PTGER4|TSPO|MAP4K4|UBE2Q1|CFTR|KALRN|AGT|ALOX5|INHBA|SMPD3|PCLO|GNA11|PTPRV|TACR1|EDN3|ATG7|ABCC2|TBX3|NLGN2|TIAM1|ABCC8|ANXA1|IL11|ADORA1|FKBP1B|PTPN11|CAPN10|STXBP4|GAL|OSM|CCL5|PTPMT1|CASR|GLUD1|GPR39|GRP|INHA|C1QTNF1|HADH|GABBR1|GJA1|BAIAP3|GALR1|ARRB1|IL1RN|SNX19|KISS1|ARHGEF7|KISS1R|MFN2|MLXIPL|LRRC8A|GPR119|YWHAZ|MUP1|MUP2|SPP1|F2|MUP3|KCNJ11|MUP5|CYP2J5|FGA|FGB|NMB|GATA3|KCNJ6|NR0B2|LRP5|KCNQ1|RAB11FIP2|RAB44|RFX6|SNAP23|SYBU|LTBP4|SNX4|STX4A|SNAP25|NOS2|VAMP8|IL1B|LYN|EDN1|SLC18A2|EDN2|CPE|CAMK2N1|DYNLL1|ABCA12|MYT1|PCK2|RFX3|MYRIP|SCG5|PPP3CA|PPP3CB|PARK7|SLC16A10|MIDN|PRKCE|PRKD1|PLA2G6|PPARD|RAB3A|PTGER3|IGFBP3|FBN1|SLC17A4|CLOCK|SIRT3|SCT|HNF4A|ITSN1|SLC16A1|ACVR2A|HMGA1|TNF|TRPV4|NPFF|TAC1|MYB|SRI|NNAT|STIM1|TM7SF3|MYO5A|TCIRG1|IFNG|NUCB2|FFAR2|FFAR3|TRPC1|APLN|RAB11FIP3|HNF1B|ACVR2B|ABCG1|PLA2G3|SLC2A2|VAMP2|CHD7|ANXA5|ANXA7|WNK4|PPARG|PRKACA|NRG1|HMGN3|BTK|CRHBP|NCOA6|FGFR1|SIRT1|SLC3A2|CELA2A|PRKAR1A|SIRT4|RASL10B|GNAI1|SMAD4|PLCB1|HMGCR|SREBF1|EGFR|GCK|PAX8|GNAS|FOXA2|GIPR|GPLD1|FGFR4|LRP1|CDK16|INHBB|PTPRN2|ANO1|IRS1|IRS2|PTBP1|KCNB1|LEPR|SLC7A5|NR1D1|SLC7A8|GLUL|PASK|PER2|PFKM|CASK|CCKAR|CRY2|PEX5L|SLCO1C1|GNAZ|CRHR2|EPHA5|POMC|STXBP5L|HTT|GCG|GLP1R|TNFSF11|MADD|GNAO1|GNAQ|PDE1C|NEUROD1|PDX1|PTPRN|REST|FGG|AQP1|NR1H4|ISL1|SMAD2|ITPR1|BLK|UCN2|UCN3|CHGA|KIF5B|TCF7L2|FZD4|GDF9|KDM5B|RAB11FIP1|RAB11FIP5|SLC30A8|RAB8B|RETN|RAB11B|HFE|TFR2|TRPV6|VDR|CRYM|EXOC3L|DGAT1|GPR68|NKX6-1|LIF|ADCY5|NDUFAF2|DOC2B|FTO|IL6|PICK1|TARDBP|SERPINA7|STX1A|SYT9|SYTL4|VSNL1|JAK2|FAM3B|HIF1A|TFAP2B|RAC1|CACNA1E|FOXD1,https://www.gsea-msigdb.org/gsea/msigdb/mouse/geneset/GOBP_HORMONE_TRANSPORT,348,ENR,GOBP_HORMONE_TRANSPORT,2.0459999999999998,4.0000000000000001E-3,GOBP_HORMONE_TRANSPORT,FALSE,GOBP_HORMONE_TRANSPORT
49,2.6989700043360201,2.6989700043360201,2.6989700043360201,0.998,9.4799999999999995E-2,6.3E-3,0.47799999999999998,RPL13|MAFG|NLRP5|ADAM10|CAPN2|MTSS1|SOX17|SOX8|NBN|WNT9B|PNLDC1|NMT1|OTUD7B|ZFP568|ACVR1C|RBM46|BCOR|RXRA|HNF1A|AR|ELF3|PRDM1|MAP2K1|MAPK1|ETNK2|TMED2|MYH6|SOX18|ITGA4|KDM4C|DBN1|NCOA1|EIF2S2|BTF3|GATA4|PITPNB|HAND2|HEY2|PLG|AMOT|KLF4|MYH9|CMTM3|TTLL1|RTN4|TRAF6|CDK2AP1|SLIT2|INPP5B|PDGFB|VEGFA|RNASEH2B|XRCC4|BAP1|RRM2|OCRL|CSF2|CDK11B|NCKAP1|KAT2A|HEG1|PRMT1|ADM|WNT7B|ACVRL1|MAPK8IP3|TAF10|BMI1|UNK|YBX1|SOX5|AKT1|C6|PLCD1|TBX3|PLCG1|CCNB1|APBA1|COQ7|LY6E|TSHZ3|UTY|PTH1R|USP9X|CUL3|BMPR1A|TTPA|EPN1|MDFI|MYO18B|MECOM|MSX1|CR1L|PITX2|GJA1|RPGRIP1L|SMO|LLGL2|MFN2|SPEG|MSH2|DMBT1|LMAN1|PCGF2|GATA3|GATA6|GATA1|NDUFA2|GATA2|HC|BMP7|COPS2|WNT2|ANKRD11|MAFF|CHD8|CIR1|NOTCH1|NOTCH2|CITED1|DNAJB6|ELF5|NFE2|GINS4|BRCA2|TFEB|HINFP|NPAT|PALB2|STIL|RBBP8|SLC25A20|CHST11|KIDINS220|BYSL|HSF1|XRCC2|HNF1B|IWS1|SAP130|CELF4|KDM2A|SUDS3|ADD1|CHD7|CUL4A|MED21|SCO2|CDH1|VPS54|NSUN2|HS3ST6|HS6ST1|NCOA6|DICER1|ESRRB|POU5F1|NRBP1|EGFR|EMG1|ERCC2|FOXA2|IGF1|IGF2|TXNRD3|INPP5K|TET1|ANKS6|JUNB|KEAP1|RBBP6|TANC2|PCDH12|CDKN1C|SOCS3|PHLDA2|PPP1CC|FGFR2|TIE1|IFITM5|KLF2|HEY1|COPS3|KIF3A|SMAD2|MBNL1|CEBPB|SERPINA1B|ADAMTS3|ANGPT1|NOG|TCF7L2|SETD2|TRP53|PCNT|SOX2|TAB1|NLE1|AGBL4|TGFB3|ARNT|NDEL1|ACTL6A|GRN|ENO1|LIF|NOP2|CCDC62|GGNBP2|FKRP|VASH1|FLCN|VASH2|CITED2|ERF|GJB5|IL10|BIRC6|SYF2|FBXW8|NRK|ZFAT|AXIN1|CCNK|THOC2|APBA3|CTR9|THOC5|GPI1|GDF3|ELL|HIF1A|NCAPG2|CDKN1A|NLRP9B|G2E3|RTF1|GAB1|NCOR1|HBEGF|DUSP3|UPF3A|SKIL|SLC39A3|UBE2A|MIB1|RPL7L1|ZFP36L1|GLI3|CCNB2|ZFP830|HBA-A2|KLF1|9130008F23RIK|RBPJ|ARHGDIG|RRN3|CCDC24|HCFC1|LPAR6|NECAB1|PHF6|RRP7A|BMP2|PPP4R4|BMP5|GJB3|MAFB|PRSS28|SLC25A34|HDAC3|SLC35E2|IHH|STMN3|DAB2|ZBED6|ZFP14|ZFP420|SBDS|MBD3|TGFBR1|NCOR2|RDH10|SF3B1|CDX2|SALL4|SETDB1|SIN3A|JAG2|NR5A2|SRSF1|C2CD3|PBRM1|TRIM28|SUV39H1|GATAD2A|BCL2L11|HCN4|N4BP2L2|NEK2|ADA|RUNX1|H13|SMARCA4|SMARCB1|ASF1B|WDR74|XAB2|1700067K01RIK|DHX35|EGFL8|PRKCSH|YTHDC1|MYBPHL|SLC34A2|TEAD4|PRRC2B|RCN1|RESP18|DAD1|PLK4|RUNDC1|SSR2|DSC3|TGFBR2|SLC5A7|CPT2|CHRD|NASP|CUBN|VCAM1|WNT3A|PLCD3|ZFP335|ZMIZ1|SMPD4|ACVR1|TBL1XR1|ATP11A|ZFAND5|ATF2|EDNRA|BNIP2|FURIN|HOPX|CEBPA|TTLL4|CNTNAP2|RPA1|CTCF|TERF2|WDR19|GINS1|RXRB|ENDOG|EPAS1|SOX6|MYO1E|SYDE1|SYNA|ITGB1|FKBP10|GNA13|ITGAV|PKD1|GRB2|MAN2A1|SPECC1|NXN|MGAT1|CAMSAP3|CHEK1|NOS3|ATF7|EDN1|TCTN1|NR2F2|E2F7|E2F8|SH3PXD2A|ACVR1B|PKD2|SOX10|POLG2|TGFBR3|POLB|GLI2|DLL1|USPL1|HBA-A1|SMAD3|4933434E20RIK|HHEX|DLL3|SP2|SLC30A1|NPM2|SP1|MFNG|SLC8A1|MYB|OOEP|CCM2|SP3|TWIST1|SYVN1|UPB1|SENP2|B9D1|ALKBH1|TMEM231|GABPA|EGLN1|UBR3|APOB|KRT19|KRT8|ARMC5|SEC24C|SEC24D|MYH10|ETV2|ASCL2|TMEM100|BRD4|STK3|STK4|PDGFRA|PTPRR|FGFR1|PDGFRB|MXI1|OOSP1|PSMC3|PSMC4|SMAD4|TAF8|PTPN18|SRF|SPIC|COL3A1|TM4SF1|BPTF|APBA2|GSE1|SPINT2|HSD17B2|TPM1|TTN|SOX15|WDTC1|MED1|NSDHL|ST8SIA6|SNAI1|EOMES|CTNNB1|ICMT|HES1|PELO|FZD5|RSPO3|KDM6A|MAF|PEMT|PLOD3|CNOT1|PSPH|ARNT2|CNOT2|PDZK1|CNOT3|EMX1|SPINT1|FOSL1|GNA12|HECTD1|EIF4E2|ZFPM2|FOXC1|PTCH1|ADCY9|GRHL2|LATS1|LATS2|EPN2|NCOA3|OVOL2|SLC39A1|ST14|TFAP2C|ATP1B1|INTS1|TJP1|YAP1|UBE2B|BCL2L1|LEF1|MATR3|LIG4,https://www.gsea-msigdb.org/gsea/msigdb/mouse/geneset/GOBP_IN_UTERO_EMBRYONIC_DEVELOPMENT,500,ENR,GOBP_IN_UTERO_EMBRYONIC_DEVELOPMENT,2.4230999999999998,2E-3,GOBP_IN_UTERO_EMBRYONIC_DEVELOPMENT,FALSE,GOBP_IN_UTERO_EMBRYONIC_DEVELOPMENT
36,2.0177287669604298,2.0177287669604298,2.0177287669604298,0.99039999999999995,0.2913,4.4900000000000002E-2,1,OPHN1|TCF15|HES5|SIPA1L3|FERMT1|PTK7|MYO18A|VANGL2|CYTH3|FRMD4A|PARD3|LAMA1|SHH|CRB3|MYO9A|WNT5A|MSN|TTC8|GJA1|CDC42|RHOA|GOLPH3|FAT1|ARF6|FBF1|FRMD4B|HES1|HEY1|CAMSAP3|IFT20|SH3BP1|CYTH1,https://www.gsea-msigdb.org/gsea/msigdb/mouse/geneset/GOBP_ESTABLISHMENT_OF_EPITHELIAL_CELL_POLARITY,32,ENR,GOBP_ESTABLISHMENT_OF_EPITHELIAL_CELL_POLARITY,1.9527000000000001,9.5999999999999992E-3,GOBP_ESTABLISHMENT_OF_EPITHELIAL_CELL_POLARITY,FALSE,GOBP_ESTABLISHMENT_OF_EPITHELIAL_CELL_POLARITY
43,1.8569851997459099,1.8569851997459099,1.8569851997459099,0.98609999999999998,0.34649999999999997,6.5000000000000002E-2,1,CEACAM1|FERMT2|AMOT|APOE|ABCC8|NR3C1|AKAP12|TJP1|ADORA2A|SLIT2|PDE2A|RAMP2|ADM|VEGFA|PTPRJ|SH3GL2|ANGPT1|CLDN5|DDAH1|PDE3A,https://www.gsea-msigdb.org/gsea/msigdb/mouse/geneset/GOBP_NEGATIVE_REGULATION_OF_VASCULAR_PERMEABILITY,20,ENR,GOBP_NEGATIVE_REGULATION_OF_VASCULAR_PERMEABILITY,1.8547,1.3899999999999999E-2,GOBP_NEGATIVE_REGULATION_OF_VASCULAR_PERMEABILITY,FALSE,GOBP_NEGATIVE_REGULATION_OF_VASCULAR_PERMEABILITY
6,2.6989700043360201,2.6989700043360201,2.6989700043360201,0.998,0.27879999999999999,4.4000000000000003E-3,0.30399999999999999,NR4A1|NRP1|GPLD1|EFNB2|EGR3|EPHB4|DLL4|NOTCH1|TGFBR3|PIK3R2|PIK3C2A|RHOA|CTNND1|PACSIN2|STARD13|CLEC14A|HDAC5|MEOX2|THBS1|AKT1|HDAC9|MAP2K5|TBXA2R|ANXA1|GREM1|AKT3|HDAC7|PIK3R3|PDCD10|ITGB1BP1|MIA3|FBXW7|CIB1|ITGB1|EHD4|SPRED1|CDH5|KDR|KLF4|PTGS2|ABL1|MICALL1|MMRN1|HMOX1|CARD10|MMRN2|GATA2|MAP3K3|PLK2|SLIT2|SRF|FGFBP1|VEGFA|RHOJ|SRPX2|ROBO1|FOXC2|FGF2,https://www.gsea-msigdb.org/gsea/msigdb/mouse/geneset/GOBP_CELL_MIGRATION_INVOLVED_IN_SPROUTING_ANGIOGENESIS,58,ENR,GOBP_CELL_MIGRATION_INVOLVED_IN_SPROUTING_ANGIOGENESIS,2.5045999999999999,2E-3,GOBP_CELL_MIGRATION_INVOLVED_IN_SPROUTING_ANGIOGENESIS,FALSE,GOBP_CELL_MIGRATION_INVOLVED_IN_SPROUTING_ANGIOGENESIS
44,2.74472749489669,2.74472749489669,2.74472749489669,1,0.23669999999999999,5.9999999999999995E-4,1.7000000000000001E-2,SAR1B|SURF4|USE1|STX17|YIPF5|GOLT1A|GOLT1B|YIPF6|YIF1B|RANGRF|RNF139|INSIG1|LRRK2|TMED2|CREB3L2|VCP|MIA2|SEC24A|COPB1|COPB2|IER3IP1|COPE|COPG2|GOSR1|TBC1D20|BCAP29|MIA3|SEC23A|SEC23B|SEC24C|SEC24D|RAB1B|SEC31B|MPPE1|SCAP|ARCN1|COG3|ARF1|NRBP1|PGAP1|ERGIC1|ERGIC2|TRAPPC9|LMF1|VAPB|SEC22B|SEC16B|CIDEB|TMED10|PREB|SAR1A|SEC16A|TRAPPC1|TRAPPC2|TRAPPC2L|TRAPPC3|RINT1|TRAPPC4|WHAMM|SORL1|TRAPPC5|COPA|TRAPPC6A|HTT|KLHL12|PDCD6|BET1|PEF1|YIPF4|SPAST|YIPF7|ERGIC3|MAPK15|ZW10|P4HB|SEC31A|GAS1|SEC13|CUL3|BCAP31|SCFD1|STX5A|VTI1A|CNIH4|TRAPPC10|LMAN2L|SEC24B|TRAPPC6B|RABGGTA|YKT6|RABGGTB|SEC22A|SEC22C|TEX261|TFG|TMED1|TMED11|TMED3|TMED4|TMED5|TMED6|TMED7|VAPA|YIF1A|LMAN1|STX18|ANK1|GOLGA2|TMED9|USO1|TRIP11|ERP29|HYOU1|LMAN2,https://www.gsea-msigdb.org/gsea/msigdb/mouse/geneset/GOBP_ENDOPLASMIC_RETICULUM_TO_GOLGI_VESICLE_MEDIATED_TRANSPORT,114,ENR,GOBP_ENDOPLASMIC_RETICULUM_TO_GOLGI_VESICLE_MEDIATED_TRANSPORT,2.9028999999999998,0,GOBP_ENDOPLASMIC_RETICULUM_TO_GOLGI_VESICLE_MEDIATED_TRANSPORT,FALSE,GOBP_ENDOPLASMIC_RETICULUM_TO_GOLGI_VESICLE_MEDIATED_TRANSPORT
14,2.74472749489669,2.74472749489669,2.74472749489669,1,0.1522,0,0,CTNS|GDF11|HES5|TRPM1|LAMB2|LHX1|CRYBA2|CRYBA4|RPL24|CRYBB1|SOX8|CRYBB3|EPHA2|CRYBG3|CRYGA|CRYGN|DRAM2|IMPG2|PPP2R3A|RAX|RXRA|PRDM1|ATP8A2|CACNA1S|TDRD7|KDM2B|HMGN1|BBS10|CC2D2A|FLT1|ABI2|DCX|GRCC10|GPM6A|EFEMP1|LPCAT1|ARHGEF15|FAT1|PTN|BMPR2|KLF4|HSF4|DSCAM|SPRED3|TTLL5|MEIS1|SCAPER|RD3|PDGFB|VEGFA|NTRK3|RRM1|BCAR3|GRHL3|HIPK1|SLC4A7|ANGPTL7|NFIX|TGFB1|PPP1R13L|ACVRL1|STAU2|BBS4|NFIB|AHI1|C1QA|FOXF2|FBN2|BHLHE22|WT1|C3|NHS|TBX2|PDS5B|BDNF|VAX2|PRKCI|FOXP2|SHROOM2|YY1|STRA6|CLN8|RPGR|UCHL3|DTNBP1|LAMA1|CFD|MYF5|IFT122|NAGLU|PHACTR4|PITX2|NIPBL|GJA1|OSR2|GNAT2|RPGRIP1L|SKI|USP45|MFN2|PDE6A|NDP|NF1|GATA3|RING1|NTRK2|BMP7|RAB3GAP1|BBS1|TUB|FGFR3|NOTCH1|LIMK2|NOTCH2|BFSP1|BFSP2|VHL|ZEB2|SLC17A8|FKBP8|KRT12|SLC1A1|IRX5|TMEM135|ARSG|BAX|UNC45B|MFSD8|CHRDL1|TMEM132E|SHH|CRYAB|VIM|JMJD6|ACVR2B|CELF4|CHD7|BSG|ARL6|CASP6|SCO2|SLC25A25|CDKN1B|CLIC4|PBX3|MITF|SLC44A4|EGFR|RHOJ|SLC4A5|LAMC3|FOS|HMGB1|HESX1|INHBB|SPRED2|CDKN1C|CEP290|COL4A1|AQP5|ADAMTS9|FGFR2|FREM2|BBS7|NEUROD1|CASP2|AQP1|NFIA|GAS1|SERPINF1|IFT172|KDM5B|COL8A2|PCNT|MEIS3|SOX2|PROM1|SLC39A5|PYGO2|TFAP2A|TWIST2|FZR1|NES|TRAF3IP1|TTC8|WDPCP|ACTL6A|GRN|MAB21L2|LIF|POU4F1|ARID1A|FKRP|CITED2|BLOC1S3|GDF3|ACHE|HIF1A|EPHB1|FGF2|NRP1|XRN2|SKIL|FGF10|GLI3|PSEN1|SLITRK6|ALDH1A2|ALDH1A3|HPS1|BMP6|HDAC1|CLCN2|IHH|RARG|STAT3|RORB|PBX2|TGFBR1|RBP4|RDH10|ALMS1|RDH13|USH1C|MERTK|POU2F1|SIPA1L3|RARA|SCRIB|PER1|ZHX2|NINJ1|ZFP513|ALDH1A1|SMARCA4|DIO3|SMARCD3|SOS1|SOX11|MDM1|SOX12|ATP2B4|SOX4|RCN1|POC5|TGFBR2|NPHP1|BAK1|BCL2|BMP4|CACNA1C|TWSG1|CACNA1F|SIX5|COL8A1|CYP1A1|TGIF2|ZEB1|MFAP2|INHBA|AHR|HIPK2|SMOC1|AGTPBP1|DLG1|CDON|CDK20|CRB2|FRS2|IFT88|IFT140|TULP3|WDR19|GRM6|GPD2|RARB|HPCA|CYP1B1|GNB1|LRP6|PFDN5|JUN|KDR|ATF6|ITGAM|MAN2A1|MAP3K1|LRP5|MFSD2A|PXDN|SALL2|PBX4|ZDHHC16|RAB18|PAX6|KERA|MAB21L1|NPHP4|FAT3|SH3PXD2B|SPRY1|BCL11B|FASL|DLL1|FBN1|CASZ1|SMAD3|DLX2|IKZF1|TGIF1|SP1|LHX2|PDS5A|SP3|TWIST1|TCIRG1|TBC1D20|TGFB2|THY1|ULK1|ULK2|B9D1|TMEM231|HDAC2|MEIS2|MAX|BMPR1B|MYH10|PTF1A|FJX1|MYOM1|MEGF11|SDK2|TSPAN12|ADAMTS18|PDGFRA|PDGFRB|PROX1|SRF|NF2|SOX9|TMOD1|TH|APC|COL5A1|MED1|COL5A2|DLL4|PBX1|PKNOX1|TMEM215|ATF4|FSCN2|NR2E3|OLFM3|RPGRIP1|SAMD11|CABP4|THRB|CTNNB1|EPHB2|GNAT1|TSKU|GABRR2|GNGT1|HES1|SDK1|FZD5|ISL1|ROM1|MAF|FZD4|TULP1|CFH|P2RY12|SLC7A11|PAX2|MFAP5|FGF9|SPRED1|CLDN19|PRICKLE1|FOXC1|PTPRM|GRHL2|RET|JAG1|SPRY2|TFAP2B|CALB1|FOXC2,https://www.gsea-msigdb.org/gsea/msigdb/mouse/geneset/GOBP_SENSORY_SYSTEM_DEVELOPMENT,391,ENR,GOBP_SENSORY_SYSTEM_DEVELOPMENT,3.5487000000000002,0,GOBP_SENSORY_SYSTEM_DEVELOPMENT,FALSE,GOBP_SENSORY_SYSTEM_DEVELOPMENT
1,2.2146701649892302,2.2146701649892302,2.2146701649892302,0.99390000000000001,0.1704,4.1599999999999998E-2,1,P2RX1|SNAPIN|ADORA3|GRIK5|SYT7|SYT11|PSEN1|RAB3A|SNAP47|PRRT2|UNC13B|EXOC3|EXOC6B|SNCA|RIMS2|NAPA|VAMP1|UNC13C|SYT2|NAPB|RALB|RAB8A|NPPA|VPS11|VPS18|EXOC7|EXOC4|PLA2G3|VAMP2|STX11|SCRIB|OTOF|CADPS2|CTBP2|SYK|ERC1|EXOC5|ERC2|EXOC6|SNAP29|BTK|EXOC1|UNC13D|RIMBP2|STX2|SYT8|SYNJ1|KCNB1|CFTR|SYP|UNC13A|CD300A|PCLO|NCAM1|BRSK1|RIMS3|NLGN1|STXBP1|SV2A|SYT4|SYTL2|GNAO1|FCER1G|PLEK|CAMK2A|EFR3A|EXOC2|SYNGR3|SYT1|PPFIA3|SYDE1|STX19|YKT6|CADPS|DOC2A|DOC2B|DOC2G|YWHAZ|SYT13|RPH3A|SYT5|OSBPL2|STX1A|STXBP5|SYT9|CPLX2|RAB44|SNAP23|STXBP2|SNX4|STX4A|SNAP25|EXOC8|VAMP8|LYN|RAB3GAP1|SLC18A2,https://www.gsea-msigdb.org/gsea/msigdb/mouse/geneset/GOBP_EXOCYTIC_PROCESS,97,ENR,GOBP_EXOCYTIC_PROCESS,1.9841,6.1000000000000004E-3,GOBP_EXOCYTIC_PROCESS,FALSE,GOBP_EXOCYTIC_PROCESS
2,2.74472749489669,2.74472749489669,2.74472749489669,1,0.14860000000000001,0,0,OPHN1|NEURL1A|ADD2|APOD|EPHA2|PLXNB2|GPM6B|CD9|PRKCH|CDC42|ZDHHC8|ERBB4|F11R|GAP43|CHRNB2|GREM1|NAE1|CPEB3|NEDD8|UBE2M|CTTN|GJB2|SEMA4A|DOCK4|SLC39A9|EPHA3|ABI2|GHRL|SMAD7|GJA5|DCX|GPM6A|NRG2|ARHGAP6|PECAM1|DOCK7|ARHGEF15|ITGA2|JUP|PODXL|MYH9|RAC3|DSCAM|RTN4|EFNA5|EPHA7|ABI3|FLRT2|FLRT3|CYFIP2|DLC1|PKP1|SLIT2|ESAM|MYCBP2|PDGFB|VEGFA|NTN1|FSCN1|MYOC|NTRK3|PLXNA3|PLXNA4|ROBO1|RTN4R|OXTR|HIPK1|PAK2|MYO1C|PDLIM5|PKP2|SEMA4C|PRKCA|ILDR1|RHOC|SLIT1|PTK2|RPS6|ROCK1|ROCK2|SHANK3|ACVRL1|STAU2|PIK3R1|WHAMM|ACTN3|PIP5K1A|CBLN2|ARL2|NLGN2|NRXN3|BDNF|OCLN|ACE|IGSF11|ACE2|CAPZA1|PTPN11|CFL1|S1PR2|C1QL3|SH3BP1|SLITRK1|GPC4|STON1|LHFPL4|MUSK|USP9X|ACTN1|CACNA1A|ACTN4|FERMT2|CLDN2|ITGB1BP1|FMN1|CLDN12|CLDN14|LAMC1|CLDN22|LIMS1|CLDN23|CLDN8|PTPRA|GJA1|PXN|RAMP2|TLN1|SIX1|LAMA3|TBX5|IL1RAP|ARF6|NUMB|MYO6|NUMBL|NTRK2|OXT|DVL1|RAPGEF1|SNAP25|HRG|IL1B|LSR|ITGA5|L1CAM|SEMA4D|PLXNB1|MEF2C|CRIPT|HAPLN4|COLQ|CHD4|RHOA|RAPGEF2|PLXNA2|SNCA|TNF|TRPV4|IQSEC1|HDAC7|SIGMAR1|PLEC|CDH5|CLSTN1|PRKACA|PUM2|FARP1|CDH1|CLDN1|DLG4|ECT2|EEF2K|PDZD11|SRPX2|FN1|AMIGO2|GSK3B|GABRB3|IQGAP1|SRCIN1|ZDHHC12|CLDN18|CLDN3|CLDN5|PLXNA1|CLDN7|CTNNA1|CLDN15|NLGN1|HTR4|NRXN1|FBF1|NEGR1|NPAS4|KIRREL3|LRP4|SORBS1|ARHGAP33|CRTAC1|PLXND1|PKP3|DST|TEK|CRB3|MYO9A|APP|MACF1|WNT5A|DCLK1|WDPCP|ACTB|FKRP|FLCN|FLOT1|ACHE|BHLHB9|IL1RAPL1|XLR3B|CGN|LDB1|POF1B|SETD5|ENPP2|EPHB1|DLG5|OGT|DUSP3|NRP1|EFNB1|EFNB2|EFNB3|PLXNB3|RAB13|CDH4|RHOG|TPBG|GJB6|NRXN2|EPHB3|SLITRK6|TLR2|SRC|WNT4|MMP14|SRGAP2|THSD1|LRRC4|TSC1|DSG3|CDH15|CDH19|CDH22|RCC2|CDH24|CDH7|SDC4|MARVELD2|SLK|ABL1|ACTN2|AGRN|AKAP5|AMIGO1|CLSTN3|APLNR|NPHP1|BCL2|ABI3BP|COL16A1|ELMO1|NCKIPSD|WNT3A|PSD|SRGAP3|TRIM47|UBE3B|MAP4K4|AGT|RHOD|DNM3|MDGA1|PCLO|DLG1|ALOX12B|ALOXE3|CASKIN1|LRFN1|LRFN4|LRRTM1|CDH2|FGF13|LRRTM2|OCEL1|PRICKLE2|DOCK1|SIPA1L1|HOPX|CDK5|IRX3|CAV1|CNTNAP1|CNTNAP2|NPHS1|GRIA1|GRIN1|S100A10|GRM6|BCR|CORO2B|IKBKB|ITGB1|ITGB3|PTPRO|TESK2|CRMP1|GNA13|ITGAV|NPTN|CADM1|TBCD|CRK|FAM107A|KDR|CLSTN2|MAPT|KCNJ8|CAMSAP3|CDH13|CRKL|CDH11|FBXO45|NEDD4L|NPTX1|NLGN3|PPM1F|PPP1R9B|AMIGO3|NPHP4|RAP1A|LINGO4|RAP1B|LRRC24|RAP2A|LRRN1|LRRN3|MARK1|PDPK1|LRTM1|POLDIP2|LRTM2|SLITRK2|THBS2|IQSEC2|CLDN13|COL17A1|TNS1|CC2D1A|PLXNC1|PTK2B|ACTR3|PTEN|BSN|DOCK10|RELN|SLC25A46|SMAD3|ICAM5|CLASP1|CLASP2|NTRK1|ITGB4|NFASC|PTPRS|PTPRJ|PHLDB2|MICALL2|VPS35|THY1|UGT8A|ACTG1|PKN2|RAB17|LIN7A|PKP4|LIN7B|LIN7C|PTPN1|VMP1|UBE2V2|NRG1|PDCD6IP|PPP1R9A|SDK2|PTPN13|ARHGEF9|NTNG2|PTPRK|FGFR1|LRFN3|SIX4|MAGI2|MDGA2|SRF|CLDN11|TAOK2|WDR1|ZDHHC2|ZFP703|MPDZ|LRRTM3|LRP1|FLRT1|LIMCH1|PARD3|CDH17|VCL|PMP22|ST8SIA2|CLDN17|DBNL|SNAI1|SNAI2|GABRA2|GABRA3|CLDN10|DUSP22|GABRA4|CLDN16|GABRB2|CTNNB1|EPHB2|GABRE|CORO1C|MECP2|CDH10|CDH6|CDH9|VLDLR|ELFN1|PCDH17|SDK1|NR1H4|FZD5|LGI2|CAPRIN1|CDH3|WNT11|DAPK3|CDH8|CLDN6|CLDN9|PTPRD|FZD1|GNPAT|CLDN19|CLDN4|EIF4G1|ELAVL2|PRICKLE1|RHPN1|GRHL2|LATS1|SDCBP|MPP7|SHANK2|SLC12A5|SLITRK5|JAM3|MARVELD3|TJP1|GJC1|ADNP|RAC1|CUX2,https://www.gsea-msigdb.org/gsea/msigdb/mouse/geneset/GOBP_CELL_JUNCTION_ASSEMBLY,474,ENR,GOBP_CELL_JUNCTION_ASSEMBLY,3.6766999999999999,0,GOBP_CELL_JUNCTION_ASSEMBLY,FALSE,GOBP_CELL_JUNCTION_ASSEMBLY
30,2.74472749489669,2.74472749489669,2.74472749489669,1,0.1207,4.8999999999999998E-3,0.35399999999999998,EDEM2|EDEM3|HBEGF|OGT|FBXO17|FBXO2|FBXO27|FBXO44|FBXO6|MAN1A|MAN1B1|MMP12|ENTPD5|NCCRP1|NGLY1|STT3B|B4GALT1|PSEN1|CWH43|FOXL1|ASGR2|NECAB1|BMP2|ST6GALNAC6|DHDDS|IHH|DOLK|IL15|DPM1|DPM2|EDNRB|DPM3|TET2|MGAT4A|EXT1|MAN1C1|FUT4|MAN2A2|FUT9|POFUT1|GANC|GCNT1|POFUT2|MUSTN1|GMPPA|GMPPB|HEXB|ACOT8|CANT1|ARFGEF1|DOLPP1|KRTCAP2|MGAT4B|MGAT4C|MLEC|MOGS|RPN2|ENGASE|GANAB|PTX3|RAMP1|TMEM165|DERL3|MGAT5|COL2A1|BMPR2|GCNT4|NUS1|PRKCSH|GALNT1|ABO|COG3|GALNT11|B3GALT1|COG7|GALNT13|DAD1|GALNT4|DDOST|GALNT6|GGTA1|ST3GAL4|HEXA|PGM3|BCL2|PORCN|ST3GAL2|NEU2|C1GALT1C1|AGA|DPY19L1|DPY19L3|GAL3ST4|NAGPA|POGLUT1|OSTC|PHLDA1|ST3GAL5|ST6GAL1|FUT1|ABCA7|ITM2C|SEC1|SULF1|SULF2|B4GALNT2|EDNRA|ATP7A|CTSL|PMM1|PMM2|CCL19|FKTN|VEGFB|GLB1|CCR7|FUT8|CES2A|NAGLU|ERP44|B4GALT2|GOLPH3|UGDH|MANBA|TMTC3|MAN2A1|GATA1|TRIP11|NDST2|MGAT1|ACER2|CST3|EDN1|TNIP1|ADAMTS7|APCS|ITM2B|NECAB3|PCSK6|SLC10A7|PARK7|PPARD|B4GALT7|TMEM106A|POMGNT1|MAGT1|POMT2|TUSC3|GORASP1|ITM2A|LIPC|SRD5A3|ARSB|TMEM59|B3GALT6|B3GAT1|B3GAT2|B3GAT3|B4GALNT3|B4GALNT4|CHPF|AATF|CHPF2|ST3GAL1|TRAK2|B3GNT2|CHST1|B3GNT3|CHST11|B3GNT4|CHST12|B3GNT6|CHST13|B3GNT7|CHST3|B3GNT8|CHST5|CHST7|CHST8|MFSD8|CHST9|CHSY1|CHSY3|CSGALNACT1|CSGALNACT2|CYTL1|DSE|SLC2A10|DSEL|EXT2|EXTL1|GAL3ST2|GALNS|GALNT3|BMPR1B|GLCE|GNS|SLC35B2|CHST10|GPC1|RAB1B|SLC35C2|SLC35D1|SLC35D2|GNPTAB|GUSB|TREX1|HGSNAT|HPSE|HS2ST1|HS3ST1|HS3ST3A1|HS3ST3B1|BTK|HS3ST5|HS3ST6|ACAN|HS6ST1|CHST14|HS6ST2|FUT2|HYAL1|IDS|MGAT2|NECAB2|IDUA|6430550D23RIK|B3GALT2|NDST1|SLC4A10|B3GALT4|NDST3|PLCB1|B4GALT3|NDST4|B4GALT4|ST8SIA1|B4GALT5|GFPT1|B4GALT6|BACE2|SGSH|TM9SF2|IGF1|TMTC2|LMF1|MGAT3|TMTC4|VANGL2|XYLT1|XYLT2|INSR|TET1|TET3|ST3GAL3|AQP11|ST6GALNAC3|ST6GALNAC4|ST6GALNAC5|ST8SIA2|RFT1|ST8SIA3|FAM20B|ST8SIA4|ST8SIA6|UST|C1GALT1|SOAT1|NCSTN|COL11A1|CTNNB1|GFPT2|NPC1|CCDC134|FUT7|ALG1|ALG11|GCNT3|SERPINA1A|ALG12|SERPINA1B|ALG13|ALG14|ALG2|ANGPT1|A4GNT|ALG3|TCF7L2|ALG5|B3GALNT1|PLOD3|ALG6|B3GALNT2|ALG8|B3GALT5|ALG9|B3GNT5|GALNT2|GALNT10|OST4|PAWR|GALNT12|RPN1|GALNT14|STT3A|GALNT7|UGGT1|GALNT9|UGGT2|GXYLT1|GXYLT2|SLC39A8|MGAT5B|MAN1A2|POMT1|TMTC1|UBE2J1|DPAGT1|EP300|FKRP|IL33|GCNT2|GOLGA2|ST3GAL6|ST8SIA5|JAK3|EXTL3|HIF1A|ABCA2|ADAMTS12|CELA1|EDEM1,https://www.gsea-msigdb.org/gsea/msigdb/mouse/geneset/GOBP_GLYCOPROTEIN_METABOLIC_PROCESS,332,ENR,GOBP_GLYCOPROTEIN_METABOLIC_PROCESS,2.4790000000000001,0,GOBP_GLYCOPROTEIN_METABOLIC_PROCESS,FALSE,GOBP_GLYCOPROTEIN_METABOLIC_PROCESS
57,2.74472749489669,2.74472749489669,2.74472749489669,1,0.3095,1.6999999999999999E-3,7.6999999999999999E-2,TRIB3|JDP2|MMP11|WNT10B|TGFB1|WNT3A|SLC7A10|WWTR1|ZFP36L2|ASXL1|RUNX1T1|FBN1|BMP2|SMAD3|GPS2|MKX|TNF|INSIG1|TRPV4|ANKRD26|NCOR2|ID4|TGFB1I1|TRIB2|TCF7L2|LRP3|DDIT3|FERMT2|NUCB2|CCDC85B|BBS12|FOXO1|SORT1|WNT5A|MSX2|DLK1|WNT1|ADIPOQ|ZFPM2|LRP6|SOD2|FLCN|AXIN1|JAG1|E2F1|SIRT1|SIRT2|GATA2|ENPP1|YAP1|TRIO|VEGFA|RORA,https://www.gsea-msigdb.org/gsea/msigdb/mouse/geneset/GOBP_NEGATIVE_REGULATION_OF_FAT_CELL_DIFFERENTIATION,53,ENR,GOBP_NEGATIVE_REGULATION_OF_FAT_CELL_DIFFERENTIATION,2.6871999999999998,0,GOBP_NEGATIVE_REGULATION_OF_FAT_CELL_DIFFERENTIATION,FALSE,GOBP_NEGATIVE_REGULATION_OF_FAT_CELL_DIFFERENTIATION
2,2.6989700043360201,2.6989700043360201,2.6989700043360201,0.998,0.25219999999999998,2.7699999999999999E-2,1,ZDHHC2|FNTA|ZMYND8|NLGN3|CRIPT|COLQ|SHANK3|NRXN2|SORBS2|RELN|EPHB2|NLGN1|GLRB|NRXN1|NLGN2|CDH2|SLC30A1|CHRNB1|LRP4|SHISA7|SORBS1|LHFPL4|SNX27|GPHN|MUSK|DBN1|RAPSN|DNAJA3|SLC7A11|CHRDL1|LRRC4|GDNF|RER1|GRIP2|FZD9|FARP1|CRK|ETV5|PTN|CIT|AGRN|APOE|LRP5|SSH1|DVL1|MAGI2|DLG4|RAC1|CRKL,https://www.gsea-msigdb.org/gsea/msigdb/mouse/geneset/GOBP_POSTSYNAPTIC_MEMBRANE_ORGANIZATION,49,ENR,GOBP_POSTSYNAPTIC_MEMBRANE_ORGANIZATION,2.0880000000000001,2E-3,GOBP_POSTSYNAPTIC_MEMBRANE_ORGANIZATION,FALSE,GOBP_POSTSYNAPTIC_MEMBRANE_ORGANIZATION
6,2.74472749489669,2.74472749489669,2.74472749489669,1,0.11940000000000001,6.0000000000000001E-3,0.45300000000000001,DLG5|OGT|ZMYND8|DUSP3|NRP1|ABR|PLXNB3|ADORA3|SEMA5A|SERPINE1|APOD|SLAMF8|GNRH1|CD200|CD200R1|ACVR1C|AIF1|CNN2|SLURP1|HDAC1|STARD13|STAT3|DUSP1|TGFBR1|WNT4|GPR18|GREM1|HOXA7|SIN3A|ABHD2|SRGAP2|NEDD9|DAG1|DBN1|LRCH1|PTPN2|MIA3|MMP28|AP1AR|GHRL|ADA|DSG3|RNF41|NBL1|ADIPOQ|IL24|PADI2|SFRP1|ADAM15|IGFBP5|JUP|ANGPT2|PTN|KLF4|MYH9|RABGEF1|RIN3|CCDC125|APOE|SCAI|ATP2B4|ABHD6|DLC1|SLIT2|PDGFB|TNFAIP6|WAS|WASL|ATP1B2|MYOCD|PLXNA3|ROBO1|FIGNL2|IFITM1|ROBO2|PODN|BCL2|KANK1|RYK|CHRD|SEMA3F|PIN1|PKP2|TGFB1|WNT3A|RBBP4|SRGAP3|PTGER4|SLIT1|EPHA1|PTK2|FRMD5|ST6GAL1|ADIPOR1|CD63|WNT3|ADIPOR2|PIK3R2|ACVRL1|RRAS|TMEFF2|ARHGDIB|DNAJA4|DPEP1|NISCH|SULF1|RAP2B|DRD4|AKT1|TBXA2R|APOH|NAV3|ABCC8|OSBPL8|KRIT1|CCL12|ADORA1|CFL1|EGFL7|MAPK15|NDRG4|S1PR2|CCL25|PRKG1|CCL28|CAV1|CD74|DCN|ROBO4|BMPR1A|ARHGDIA|ITGB1BP1|BCR|MCC|PTPRG|CYGB|CYP1B1|GJA1|RECK|TIMP1|CX3CL1|DPYSL3|IDH2|GNA13|CXCL12|IL1RN|CXCL13|HDAC6|KISS1|KISS1R|TBX5|CRK|ADARB1|BST2|DAB2IP|NF1|CARD10|GATA3|RHOB|SP100|STK24|STAP1|TRP53INP1|HC|HRG|ARRDC3|DACH1|CDH11|ING2|NR2F2|RAP2A|MEF2C|NOTCH1|TGFBR3|PARK7|PPARD|GDF15|RHOA|IGFBP3|PTEN|ARHGAP4|ZEB2|EPPK1|PFN2|GSTP1|GSTP2|HDAC5|MEOX2|HNF4A|KRT16|MAP2K5|TNF|SEMA3A|CLASP1|CLASP2|ILK|PTPRJ|PHLDB2|MIF|IL4|THY1|ARID4A|PDCD10|ARID4B|BRMS1|BRMS1L|ING1|SHH|RBBP7|SAP130|PTPN1|SAP30|SAP30L|SUDS3|HDAC2|BRAF|PPARGC1A|CALR|CSNK2B|PPARG|SIN3B|NRG1|AGER|CDH1|PTGR1|CLIC4|RGN|GM266|MITF|RAP2C|PTPRK|ACAN|PTPRR|NKX2-1|PTPRT|MAGI2|SRF|COL3A1|PLCB1|SPINT2|TPM1|GSK3B|CD69|SYNJ2BP|HMGB1|LRP1|LIMCH1|TET1|DLL4|PATZ1|FUZ|CX3CR1|CLDN3|CLDN5|CD300A|DPP4|DUSP10|GTPBP4|SEMA6D|CTNNA1|DUSP22|ADAMTS9|MIIP|NFE2L2|CORO1C|EPHA4|THBS1|FAS|MECP2|TIE1|APEX1|NOG|RNF20|SERPINF1|FBLN1|FOXO3|HAS1|STC1|WNT11|EMILIN1|EMILIN2|GADD45A|TACSTD2|WNT5A|ENG|NGFR|SRGAP1|GNA12|SPRED1|CLDN19|HYAL2|TRIB1|IL27RA|ARID2|PTPRM|VASH1|IL33|CITED2|EVL|MCTP1|SFRP2|GPR173|MMRN1|JAG1|PTPN23|PTPRU|MMRN2|MARVELD3|KLRK1|RAC1|CORO1B|FGF2,https://www.gsea-msigdb.org/gsea/msigdb/mouse/geneset/GOBP_NEGATIVE_REGULATION_OF_LOCOMOTION,312,ENR,GOBP_NEGATIVE_REGULATION_OF_LOCOMOTION,2.4354,0,GOBP_NEGATIVE_REGULATION_OF_LOCOMOTION,FALSE,GOBP_NEGATIVE_REGULATION_OF_LOCOMOTION
2,2.2146701649892302,2.2146701649892302,2.2146701649892302,0.99390000000000001,0.13009999999999999,0.04,1,NEDD4|NEDD4L|NLGN3|NRP1|SEMA4D|DNM1L|KIF1A|ADAM10|CUL7|CDK5R1|CDKL5|RAP2A|TMEM106B|NEUROG3|TPBG|MYO5B|OBSL1|PARP6|EFNA1|RAB21|PPP3CA|SDC2|ABI1|SS18L1|EPHB3|CC2D1A|CDC42|ACTR3|PTEN|RAPGEF2|DOCK10|PHACTR1|RELN|CDKL3|DIP2A|LRRK2|GORASP1|SEMA3A|SLC30A1|ELAVL4|ID1|MFN1|ILK|PAK3|CHRNB2|DHX36|DBN1|PIAS2|STK11|TRAK2|KIDINS220|UBE3A|NFATC4|TRPC6|ABI2|DCX|ITPKA|PAFAH1B1|ARHGAP44|YWHAH|CAMK2B|OPA1|PPP1R9A|FARP1|KLF7|SGK1|IGF2BP1|BAIAP2|PTN|ZFP365|PREX2|DSCAM|PTPRF|MET|ABI3|AKAP5|CTNNA2|PTPRZ1|CELSR2|DLG4|PICALM|EEF2K|WASL|RERE|ROBO1|TAOK2|SARM1|GSK3B|ABI3BP|PQBP1|TRAK1|CACNA1F|PDLIM5|NGEF|TET1|PRMT3|PPFIA2|SRCIN1|ROCK2|TANC2|ZDHHC15|ARC|SHANK3|KALRN|MAPK8|STAU2|CASK|DBNL|DNM3|SULT4A1|CUX1|ANKRD27|EPHA5|EPHB2|NLGN1|EPHA4|GRIP1|MAPK8IP2|MINK1|ATP7A|VLDLR|TIAM1|ATG16L1|SIPA1L1|CFL1|LRP4|CAMK2A|SHANK1|CDK5|ARHGAP33|FYN|CAPRIN1|CAPRIN2|FZD4|CACNA1A|CNTNAP2|TNIK|GRIN1|SH3GLB1|FBXO31|DTNBP1|WNT5A|DCLK1|PTPRD|RBFOX2|CTNND2|ITGB1|ABL2|LRP8|ANAPC2|DPYSL5|DACT1|DCDC2A|HDAC6|BTBD3|MFN2|FBXW8|CIT|ACTR2|HECW2|NUMB|NUMBL|SLITRK5|ACHE|MARCKS|BHLHB9|IL1RAPL1|MEF2A|DVL1|SLC11A2|XLR3B|TBC1D24|RAC1|WLS|CUX2|EPHB1,https://www.gsea-msigdb.org/gsea/msigdb/mouse/geneset/GOBP_DENDRITE_MORPHOGENESIS,176,ENR,GOBP_DENDRITE_MORPHOGENESIS,1.9957,6.1000000000000004E-3,GOBP_DENDRITE_MORPHOGENESIS,FALSE,GOBP_DENDRITE_MORPHOGENESIS
12,1.85387196432176,1.85387196432176,1.85387196432176,0.98599999999999999,0.126,4.3900000000000002E-2,1,RAB11A|ZMYND8|LPAR1|P2RX7|NRP1|DYNLL1|NEURL1A|FNBP1L|PLXNB3|ESPN|RHOG|CDKL5|ARHGAP24|AKIRIN1|ARAP1|EVI5L|GDI2|KIF24|SYNE2|EPHA2|LIMK2|MAK|MPHOSPH9|ODF2L|TBC1D30|TBC1D7|TCHP|WDR44|RALA|CDC42|ACTR3|DOCK11|PFN1|TTBK2|PFN2|SRC|DAAM2|PRKCD|HNF4A|PRKCQ|AUTS2|EPS8|TGFBR1|SYNE1|GAP43|CTTN|DBN1|CEP120|CEP135|RAB17|RAC2|RAB11FIP3|ABI2|CEP97|F2RL1|CROCC|CDKL1|DYNC2LI1|RCC2|GPM6A|ODF2|IFT46|RABEP2|CNTROB|SDCCAG8|TESK1|ARHGAP44|MNS1|FMR1|PPP1R9A|PODXL|KIT|CCDC88A|CDC42EP1|CDC42EP2|CDC42EP3|CDC42EP4|AGRN|CDC42EP5|ZMYND10|CDK10|ABI3|ATG3|MSTN|KCTD17|RAB3IP|SLIT2|SRF|PPP1R35|RHOQ|FRMD7|ATG5|FSCN1|RDX|WAS|WASL|GM14137|GSK3B|PLEK2|KANK1|PQBP1|LIMA1|MYO3B|NCKAP1|LUZP1|APC|DNM2|TRPM2|MTOR|PLCE1|FUZ|ARPC2|CLN3|ADAMTS16|STAU2|BBS4|DNM3|PIK3R1|WASF2|HSP90AA1|EPHB2|CORO1C|NLGN1|HTT|NRXN1|AKT1|ATP7A|TAPT1|PLD1|ATMIN|AVIL|AQP1|CAPZB|CCL19|CFL1|MAPK15|IFT20|IFT88|MARK4|TWF1|KLF5|ATP8B1|TWF2|CAV1|P2RY12|IFT140|FAM110C|PALM|BIN3|CCR7|CYFIP1|SH3YL1|ANLN|ARF4|HAP1|ICAM1|TGFB3|TACSTD2|NDEL1|TMEM67|EPS8L1|EPS8L2|WDPCP|TRIM32|WNT1|DPYSL3|DEF8|DCDC2A|PLEKHM1|INTU|EVL|ACTR2|FAM98A|ARF6|MYO10|RAP1GAP|HDAC4|YAP1|STAP1|RAC1|PPP1R16B|RAB5A|HRG|CYLD|EPS8L3|DZIP1|COBL,https://www.gsea-msigdb.org/gsea/msigdb/mouse/geneset/GOBP_REGULATION_OF_CELL_PROJECTION_ASSEMBLY,187,ENR,GOBP_REGULATION_OF_CELL_PROJECTION_ASSEMBLY,1.9571000000000001,1.4E-2,GOBP_REGULATION_OF_CELL_PROJECTION_ASSEMBLY,FALSE,GOBP_REGULATION_OF_CELL_PROJECTION_ASSEMBLY
2,2.74472749489669,2.74472749489669,2.74472749489669,1,0.2949,2.0000000000000001E-4,5.0000000000000001E-3,WDR1|DLG5|NEDD4L|PAK2|MYO1C|NPHP4|RAB13|PARD3|PKP2|VCL|EPHA2|RHOC|RPS6|ROCK1|ROCK2|CLDN17|ACVRL1|CLDN13|CLDN18|PRKCH|SNAI1|CLDN3|RHOA|SNAI2|CLDN5|CLDN7|CLDN10|CTNNA1|CLDN16|DLG1|CLDN15|ALOX12B|ARL2|FBF1|ALOXE3|TNF|OCLN|F11R|OCEL1|FZD5|MICALL2|ACTN4|SLC39A9|CLDN2|WNT11|PKN2|ABI2|CLDN6|CLDN9|CLDN14|CLDN22|DSG3|IKBKB|CLDN23|CLDN8|ITGB1|GJA1|RAMP2|CDH5|CLDN19|CLDN4|PECAM1|PRKACA|MARVELD2|PDCD6IP|CDH1|TBCD|GRHL2|CLDN1|MPP7|MARVELD3|TJP1|CGN|ESAM|SRF|POF1B|RAC1|ECT2|CLDN11|NPHP1,https://www.gsea-msigdb.org/gsea/msigdb/mouse/geneset/GOBP_APICAL_JUNCTION_ASSEMBLY,80,ENR,GOBP_APICAL_JUNCTION_ASSEMBLY,3.0186000000000002,0,GOBP_APICAL_JUNCTION_ASSEMBLY,FALSE,GOBP_APICAL_JUNCTION_ASSEMBLY
68,2.09151498112135,2.09151498112135,2.09151498112135,0.9919,0.2329,4.1599999999999998E-2,1,DLG5|FRMD6|PPP2R1A|PPP2CA|WWTR1|MAP4K4|WWC1|WWC2|DCHS1|SRC|TEAD2|TEAD1|TIAL1|SLMAP|VCP|MAPK14|CORO7|WTIP|NUAK2|MOB1A|AMOTL1|AMOTL2|YWHAE|VGLL4|MOB3B|STRN3|AMOT|MOB4|LATS1|NEK8|CIT|LATS2|SIKE1|STRN4|MAP2K3|SHANK2|STK3|STK4|TEAD3|SAV1|SOX11|SIRT1|TEAD4|MOB1B|YAP1|NF2|LIMD1|MARK3|PRPF4B|ARRDC3|FAT4,https://www.gsea-msigdb.org/gsea/msigdb/mouse/geneset/GOBP_HIPPO_SIGNALING,51,ENR,GOBP_HIPPO_SIGNALING,1.9819,8.0999999999999996E-3,GOBP_HIPPO_SIGNALING,FALSE,GOBP_HIPPO_SIGNALING
9,2.0809219076239298,2.0809219076239298,2.0809219076239298,0.99170000000000003,0.24790000000000001,5.5100000000000003E-2,1,NRARP|PLXND1|NRP1|VANGL2|SEMA3E|FLT1|NFATC3|NFATC4|SEMA5A|SHH|TEK|DLL4|ENG|PITX2|PPP3R1|RBM15|AHR|GNA13|COL4A1|CXCL12|SIRT6|ACVR1|CTNNB1|CXCR4|IHH|KDR|EDNRA|ABL1|TBX20|SFRP2|TBX1|STK4|SRF|NOTCH4|TGFBR2|VEGFA|MDK|FKBPL|ANGPT1|LEF1|EDN1|FOXC2,https://www.gsea-msigdb.org/gsea/msigdb/mouse/geneset/GOBP_BRANCHING_INVOLVED_IN_BLOOD_VESSEL_MORPHOGENESIS,42,ENR,GOBP_BRANCHING_INVOLVED_IN_BLOOD_VESSEL_MORPHOGENESIS,1.8948,8.3000000000000001E-3,GOBP_BRANCHING_INVOLVED_IN_BLOOD_VESSEL_MORPHOGENESIS,FALSE,GOBP_BRANCHING_INVOLVED_IN_BLOOD_VESSEL_MORPHOGENESIS
80,2.74472749489669,2.74472749489669,2.74472749489669,1,0.14530000000000001,2.29E-2,0.99,APOA1|LPAR1|PPM1E|NRP1|PPM1F|HSP90B1|ESPN|ADD2|MTSS1|PDXP|ARAP1|SH3PXD2B|ARHGEF5|FMN2|CDC42|RHOA|PTK2B|FAM171A1|AIF1|RAPGEF3|ZEB2|PFN1|PHACTR1|PFN2|SMAD3|SRC|SPIRE1|KCTD13|PRKCQ|EPS8|TGFBR1|CALD1|F11R|ALMS1|TAC1|ID1|CLASP1|USH1C|CLASP2|WNT4|FHDC1|PHLDB2|GAS7|DBN1|ACTG1|TSC1|SPIRE2|ADD1|TNFAIP1|ARHGAP28|BRAF|SDC4|SWAP70|TESK1|ARHGAP6|ARHGEF10|ARHGEF10L|ARHGEF15|ARHGEF18|PPP1R9A|MYH10|MYL9|ASAP3|BAIAP2|BAIAP2L1|BAIAP2L2|MYH9|CCDC88A|PLS3|ABL1|MET|MKKS|S1PR1|CGNL1|DLC1|ELN|SRF|NF2|FHOD1|FRMD7|FSCN1|MYOC|RDX|WAS|SYNPO|TPM1|GPR65|KANK3|KANK4|LIMA1|LIMK1|PAK2|INPP5K|LIMCH1|LUZP1|DNM2|PDLIM4|PPFIA1|PTGER4|RHOC|EPHA1|MTOR|PDLIM1|ROCK2|SHANK3|PIK3R2|SORBS3|FSCN2|LCP1|DBNL|RHOD|STMN1|SYNPO2|BBS4|TMEFF2|TMSB15B2|TMSB15L|PIK3R1|WASF2|TACR1|PLEK|PLS1|KANK2|NOX4|FLNA|CFL1|SHANK1|SORBS1|SHROOM2|VIL1|ACTN1|ACTN4|PAWR|CUL3|FERMT2|CD47|S100A10|BAG4|SERPINF2|ITGB1BP1|ITGB5|WNT11|TGFB3|TACSTD2|CORO2B|AIF1L|TTC8|ITGB1|ABL2|PXN|RHPN2|CX3CL1|DPYSL3|ZYX|ARRB1|KISS1R|RHPN1|FAM107A|EVL|MYO1B|MAP3K1|MARCKS|TJP1|PAK1|RAC1|CORO1B|ESPNL|LIMD2|EZR|SHROOM1,https://www.gsea-msigdb.org/gsea/msigdb/mouse/geneset/GOBP_ACTIN_FILAMENT_BUNDLE_ORGANIZATION,170,ENR,GOBP_ACTIN_FILAMENT_BUNDLE_ORGANIZATION,2.1395,0,GOBP_ACTIN_FILAMENT_BUNDLE_ORGANIZATION,FALSE,GOBP_ACTIN_FILAMENT_BUNDLE_ORGANIZATION
27,1.80410034759077,1.80410034759077,1.80410034759077,0.98429999999999995,0.12180000000000001,7.7899999999999997E-2,1,OGT|DHX33|P2RX7|MAP3K7|ZDHHC3|LTF|PDPK1|NOD2|RIOK3|AURKB|PPP2CA|SLC15A2|MEFV|NLRC3|PRKD1|TLR6|BANF1|TIRAP|IFI203|MNDAL|PTPN22|PUM1|TLR4|NFKBIL1|ATAT1|ZDHHC18|HSPA1B|SLC19A1|SRC|GPS2|HSPA8|S100A9|ZC3HAV1|ITCH|RNF125|PTPRS|RSAD2|TRIM11|NR1H3|PELI1|TLR9|AARS2|TARBP2|C1QBP|SLC15A4|F2RL1|UBQLN1|GBP2|GBP5|GM12250|YWHAE|IGTP|IRGM2|MYD88|PUM2|NINJ1|CD14|NLRP6|PARP1|TNFAIP3|TREX1|NPLOC4|DDX3X|PPP6C|LAMP2|ESR1|RTN4|BTK|S100A8|TREML4|SIRT2|GFI1|LGR4|SLC46A2|SARM1|GDI1|HMGB1|SMPDL3A|TYRO3|CD300LF|TREM2|ZDHHC1|SLC15A3|ZDHHC12|NR1D1|IFI35|MAPK8|ZDHHC9|CD300A|PPT1|APPL1|CYBA|PIK3R1|NEK7|SMPDL3B|TICAM2|ARRB2|AKT1|CCDC134|PLCG2|GPATCH3|GPR108|GRAMD4|ANKRD17|FBXL2|HCFC2|PCBP2|APPL2|CASP4|LRRC14|LYPLAL1|MARK4|OASL1|CAV1|DDX60|RNF115|DHX58|TLR1|RNF170|OTUD4|SEC14L1|IRAK3|SPSB3|CD36|TAB1|NLRX1|TRIM15|CSNK1A1|TRIM3|TRIM31|TSPAN6|ZCCHC3|APP|ZDHHC5|TRIM30A|TRIM32|EIF2AK2|FLOT1|LATS1|IRGM1|LATS2|IRF1|ARF6|IRF4|LBP|DAB2IP|IRF7|KCNK13|MAVS|BRCC3|MFHAS1|PIK3AP1|PJA2|PRKDC|SQSTM1|TAX1BP1|NAGK|LYN|WDFY1|PELI3|ZNRF1|USP15,https://www.gsea-msigdb.org/gsea/msigdb/mouse/geneset/GOBP_REGULATION_OF_PATTERN_RECOGNITION_RECEPTOR_SIGNALING_PATHWAY,162,ENR,GOBP_REGULATION_OF_PATTERN_RECOGNITION_RECEPTOR_SIGNALING_PATHWAY,1.8091999999999999,1.5699999999999999E-2,GOBP_REGULATION_OF_PATTERN_RECOGNITION_RECEPTOR_SIGNALING_PATHWAY,FALSE,GOBP_REGULATION_OF_PATTERN_RECOGNITION_RECEPTOR_SIGNALING_PATHWAY
19,2.74472749489669,2.74472749489669,2.74472749489669,1,0.12330000000000001,6.0000000000000001E-3,0.43099999999999999,DLG5|MAD2L2|NRP1|SLC39A6|EFNB1|NOLC1|BAMBI|SEMA5A|SIX2|FGF10|SOX8|STAT1|EFNA1|PPP2CA|WWTR1|ZFP36L1|ZFP64|OTUD5|RBPJ|ACTA2|ALDH1A2|CDC42|GLIPR2|BMP2|BMP5|RXRA|HNF1A|PAX1|HMGA2|DAB2|EDNRB|TEAD2|TBX1|TCF21|ERBB4|TGFBR1|EXT1|MAPK1|RDH10|KITL|POFUT2|WNT4|GREM1|MDK|ITGA4|DAG1|SEMA4A|HTR2B|TRIM28|DSG2|DACT3|EZH2|HNRNPAB|MEOX1|EPHA3|GATA4|GATA5|GDNF|SMAD7|HAND2|NKX2-5|HEY2|SFRP1|ADAM15|TRIM62|SLC39A10|BMPR2|AMH|SPRED3|RTN4|SOX4|RBM24|APLNR|NRP2|TGFBR2|VEGFA|MYOCD|NFATC1|ROBO1|ROBO2|BCL2|TSC2|BMP4|CHRD|SEMA3B|SEMA3C|SEMA3D|NCKAP1|SEMA3E|SEMA3F|SEMA3G|CYP26A1|SEMA4B|TGFB1|WNT3A|SEMA4C|SEMA4F|SEMA4G|POGLUT1|PTK2|ROCK1|RPS7|ROCK2|ADIPOR1|WNT7B|ACVRL1|AGT|TAF10|ACVR1|WT1|ERBB3|EDN3|EDNRA|TBX2|TBX20|TBX3|FBXO11|TEAD1|TIAM1|CDH2|CRB2|FLNA|CFL1|TGFB1I1|HPN|TRIP10|TIMP3|MESP1|GSC|TCF15|FERMT2|BMPR1A|ACTG2|KDM1A|DAND5|IL17RD|LAMA5|MSX1|MSX2|PHACTR4|PITX2|GJA1|SIX1|SMO|LRP6|BNC2|TBX5|RANBP3L|MYC|DAB2IP|GATA3|BCL9L|BMP7|IL1B|NOS3|WNT2|ANKRD11|EDN1|NEDD4|LRG1|PAX6|FOXA1|SCX|SEMA4D|OSR1|CUL7|PLAUR|MEF2C|MARK1|NOTCH1|PDCD4|PKD2|SOX10|SPRY1|TGFBR3|PPP3R1|PTEN|SDHAF2|ZEB2|DDX5|SMAD3|DLL3|MDM4|FRZB|SEMA3A|CLASP1|CLASP2|PHLDB1|PHLDB2|TWIST1|TGFB2|ACTA1|OLFM1|SP6|ACTC1|PDPN|FAM83D|SHH|EXOC4|HOXA5|HDAC2|DDX17|AGER|APLF|TMEM100|AKNA|DICER1|FGFR1|NKX2-1|SIX4|SMAD4|NOTCH4|SOX9|FN1|FOXA2|GSK3B|ZFP703|VANGL2|SPRED2|MTOR|LOXL2|FUZ|MAPK3|VASN|MDM2|SNAI1|SNAI2|ZFP750|DPPA2|SEMA6D|NCAM1|EMP2|EOMES|CTNNB1|WNT10A|CORO1C|DCHS1|FBXL17|EPHA4|HTT|KLHL12|FGFR2|NRTN|THBS1|RADIL|SEMA6A|SEMA6B|TAPT1|PDCD6|HES1|HEY1|HEYL|PEF1|ADAMTS5|ISL1|SMAD2|AXIN2|SEMA5B|TCOF1|NOG|TCF7L2|NUP133|PAWR|SPSB3|PTK7|TFAP2A|COL1A1|POLR1B|WNT11|SEMA7A|TGFB3|WNT5A|ENG|PAX2|FGF9|SPRED1|ADAM8|HAS2|PRICKLE1|FOXC1|CITED2|IL6|GCNT2|RET|SDCBP|OVOL2|SFRP2|JAG1|SPRY2|HIF1A|ELL3|FOLR1|WNT16|KBTBD8|YAP1|LEF1|FOXC2|FOXD1|LOXL3,https://www.gsea-msigdb.org/gsea/msigdb/mouse/geneset/GOBP_MESENCHYME_DEVELOPMENT,299,ENR,GOBP_MESENCHYME_DEVELOPMENT,2.4422999999999999,0,GOBP_MESENCHYME_DEVELOPMENT,FALSE,GOBP_MESENCHYME_DEVELOPMENT
3,2.74472749489669,2.74472749489669,2.74472749489669,1,0.2394,3.8800000000000001E-2,1,TYRO3|FGFR4|EPHB4|FGFR3|ERBB2|INSR|DDR1|EPHA2|EPHA1|FLT3|EPHB3|EPHA5|EPHB2|EPHA4|FGFR2|TIE1|ERBB4|NTRK1|PHF14|IFT20|MERTK|MUSK|INSRR|FLT1|TEK|EPHA3|ADIPOQ|MST1R|LTK|AXL|KIT|RET|KDR|CBL|CBLB|ROR2|MET|EPHA7|PDGFRA|FGFR1|PDGFRB|FLT4|NTRK2|PDGFA|CSF1R|EGFR|NTRK3|EPHB1|DDR2|IGF1R,https://www.gsea-msigdb.org/gsea/msigdb/mouse/geneset/GOBP_PLATELET_DERIVED_GROWTH_FACTOR_RECEPTOR_ALPHA_SIGNALING_PATHWAY,50,ENR,GOBP_PLATELET_DERIVED_GROWTH_FACTOR_RECEPTOR_ALPHA_SIGNALING_PATHWAY,2.0032000000000001,0,GOBP_PLATELET_DERIVED_GROWTH_FACTOR_RECEPTOR_ALPHA_SIGNALING_PATHWAY,FALSE,GOBP_PLATELET_DERIVED_GROWTH_FACTOR_RECEPTOR_ALPHA_SIGNALING_PATHWAY
30,2.74472749489669,2.74472749489669,2.74472749489669,1,0.14369999999999999,1.6999999999999999E-3,0.08,EDEM3|HBEGF|OGT|MAN1A|MAN1B1|ENTPD5|STT3B|B4GALT1|PSEN1|CWH43|FOXL1|NECAB1|ST6GALNAC6|DHDDS|DOLK|IL15|DPM1|DPM2|DPM3|TET2|MGAT4A|EXT1|MAN1C1|FUT4|MAN2A2|FUT9|POFUT1|GCNT1|POFUT2|MUSTN1|GMPPA|GMPPB|ACOT8|CANT1|ARFGEF1|DOLPP1|KRTCAP2|MGAT4B|MGAT4C|MLEC|MOGS|RPN2|RAMP1|TMEM165|DERL3|MGAT5|BMPR2|GCNT4|NUS1|GALNT1|ABO|COG3|GALNT11|B3GALT1|COG7|GALNT13|DAD1|GALNT4|DDOST|GALNT6|GGTA1|ST3GAL4|PGM3|BCL2|ST3GAL2|C1GALT1C1|DPY19L1|DPY19L3|GAL3ST4|NAGPA|POGLUT1|OSTC|PHLDA1|ST3GAL5|ST6GAL1|FUT1|ABCA7|ITM2C|SEC1|B4GALNT2|ATP7A|PMM1|PMM2|CCL19|FKTN|VEGFB|CCR7|FUT8|CES2A|B4GALT2|GOLPH3|UGDH|TMTC3|MAN2A1|GATA1|TRIP11|NDST2|MGAT1|ACER2|TNIP1|ITM2B|NECAB3|SLC10A7|B4GALT7|TMEM106A|POMGNT1|MAGT1|POMT2|TUSC3|GORASP1|ITM2A|LIPC|SRD5A3|TMEM59|B3GALT6|B3GAT1|B3GAT2|B3GAT3|B4GALNT3|B4GALNT4|CHPF|AATF|CHPF2|ST3GAL1|TRAK2|B3GNT2|CHST1|B3GNT3|CHST11|B3GNT4|CHST12|B3GNT6|CHST13|B3GNT7|CHST3|B3GNT8|CHST5|CHST7|CHST8|CHST9|CHSY1|CHSY3|CSGALNACT1|CSGALNACT2|CYTL1|DSE|SLC2A10|EXT2|EXTL1|GAL3ST2|GALNT3|BMPR1B|GLCE|SLC35B2|CHST10|SLC35C2|SLC35D1|SLC35D2|TREX1|HS2ST1|HS3ST1|HS3ST3A1|HS3ST3B1|HS3ST5|HS3ST6|ACAN|HS6ST1|CHST14|HS6ST2|FUT2|MGAT2|NECAB2|6430550D23RIK|B3GALT2|NDST1|SLC4A10|B3GALT4|NDST3|PLCB1|B4GALT3|NDST4|B4GALT4|ST8SIA1|B4GALT5|GFPT1|B4GALT6|BACE2|TM9SF2|IGF1|TMTC2|LMF1|MGAT3|TMTC4|VANGL2|XYLT1|XYLT2|INSR|TET1|TET3|ST3GAL3|AQP11|ST6GALNAC3|ST6GALNAC4|ST6GALNAC5|ST8SIA2|RFT1|ST8SIA3|FAM20B|ST8SIA4|ST8SIA6|UST|C1GALT1|SOAT1|NCSTN|CTNNB1|GFPT2|NPC1|CCDC134|FUT7|ALG1|ALG11|GCNT3|SERPINA1A|ALG12|SERPINA1B|ALG13|ALG14|ALG2|ANGPT1|A4GNT|ALG3|TCF7L2|ALG5|B3GALNT1|PLOD3|ALG6|B3GALNT2|ALG8|B3GALT5|ALG9|B3GNT5|GALNT2|GALNT10|OST4|PAWR|GALNT12|RPN1|GALNT14|STT3A|GALNT7|UGGT1|GALNT9|UGGT2|GXYLT1|GXYLT2|SLC39A8|MGAT5B|MAN1A2|POMT1|TMTC1|UBE2J1|DPAGT1|EP300|FKRP|IL33|GCNT2|GOLGA2|ST3GAL6|ST8SIA5|JAK3|EXTL3|ABCA2,https://www.gsea-msigdb.org/gsea/msigdb/mouse/geneset/GOBP_GLYCOPROTEIN_BIOSYNTHETIC_PROCESS,272,ENR,GOBP_GLYCOPROTEIN_BIOSYNTHETIC_PROCESS,2.6827000000000001,0,GOBP_GLYCOPROTEIN_BIOSYNTHETIC_PROCESS,FALSE,GOBP_GLYCOPROTEIN_BIOSYNTHETIC_PROCESS
11,2.74472749489669,2.74472749489669,2.74472749489669,1,0.32340000000000002,1.1299999999999999E-2,0.80100000000000005,FBXO45|CDK5R1|SUN2|LAMB1|SUN1|SYNE2|NDEL1|DCX|GLI3|ZMIZ1|LRP8|PAFAH1B1|MDGA1|MBOAT7|CDK5R2|LHX6|RNF7|CUL5|RELN|DISC1|CTNNB1|POU3F3|DAB1|CCDC141|DAB2IP|RTN4|ULK4|DIXDC1|RAC1|SOCS7|COL3A1|CDK5|SRGAP2|P2RY12|WDR47,https://www.gsea-msigdb.org/gsea/msigdb/mouse/geneset/GOBP_CEREBRAL_CORTEX_RADIALLY_ORIENTED_CELL_MIGRATION,35,ENR,GOBP_CEREBRAL_CORTEX_RADIALLY_ORIENTED_CELL_MIGRATION,2.2923,0,GOBP_CEREBRAL_CORTEX_RADIALLY_ORIENTED_CELL_MIGRATION,FALSE,GOBP_CEREBRAL_CORTEX_RADIALLY_ORIENTED_CELL_MIGRATION
39,1.6497519816658399,1.6497519816658399,1.6497519816658399,0.97760000000000002,0.21659999999999999,9.5399999999999999E-2,1,CNR1|L1CAM|PLXND1|NRP1|MYOT|EFNB3|CDK5R1|SEMA5A|EMB|EPHA3|APP|WNT5A|CELSR3|NCAM2|BSG|EPHB3|CASP3|CASP6|NCAM1|NPTN|YWHAZ|EPHB2|EPHA4|NDN|MYPN|NEXN|DSCAM|RTN4|BDNF|EXT1|NRCAM|SEMA3A|CNTN2|PTPRZ1|GAP43|TNFRSF21|AMIGO1|DSCAML1|MEGF8|PRTG|CRTAC1|ROBO1|ROBO2|CNTNAP2|ROBO3,https://www.gsea-msigdb.org/gsea/msigdb/mouse/geneset/GOBP_NEURON_RECOGNITION,45,ENR,GOBP_NEURON_RECOGNITION,1.7477,2.24E-2,GOBP_NEURON_RECOGNITION,FALSE,GOBP_NEURON_RECOGNITION
17,2.3979400086720402,2.3979400086720402,2.3979400086720402,0.996,0.23019999999999999,1.46E-2,0.89800000000000002,RAB11A|ZDHHC2|LGALS3|LRP1|PPP1R9B|PIAS1|RHOG|WNT3A|ACSL3|PDPK1|MYO5B|TREM2|EPHA2|STX3|CLN3|PRNP|COMMD1|ACTR3|RANGRF|CLIP3|DLG1|DPP10|EPHB2|DPP6|SNCA|NRXN1|AKT1|GRIP1|TNF|NKD2|PLS1|PRKCI|KIF5B|SORBS1|STAC|STAC2|VIL1|STAC3|MYO5A|RAB38|VPS35|ATP2C1|EPHA3|CIB1|ZDHHC5|ITGA3|ITGB1|RER1|EIF4G1|GPSM2|RAMP3|KCNJ11|NUMA1|ARF6|PTPN9|EFCAB7|AKAP5|PGRMC1|AGR2|ATP2B4|ARHGEF16|CNPY4|PKP1|GNAI1|RAB11FIP2|SQSTM1|STX4A|EGFR|EZR|CNST,https://www.gsea-msigdb.org/gsea/msigdb/mouse/geneset/GOBP_POSITIVE_REGULATION_OF_PROTEIN_LOCALIZATION_TO_CELL_PERIPHERY,70,ENR,GOBP_POSITIVE_REGULATION_OF_PROTEIN_LOCALIZATION_TO_CELL_PERIPHERY,2.2397,4.0000000000000001E-3,GOBP_POSITIVE_REGULATION_OF_PROTEIN_LOCALIZATION_TO_CELL_PERIPHERY,FALSE,GOBP_POSITIVE_REGULATION_OF_PROTEIN_LOCALIZATION_TO_CELL_PERIPHERY
17,2.74472749489669,2.74472749489669,2.74472749489669,1,0.25440000000000002,8.9999999999999993E-3,0.69399999999999995,RAB11A|ZDHHC2|LGALS3|LRP1|PPP1R9B|RHOG|WNT3A|ACSL3|PDPK1|MYO5B|TREM2|EPHA2|STX3|CLN3|PRNP|COMMD1|ACTR3|RANGRF|CLIP3|DLG1|DPP10|EPHB2|DPP6|NRXN1|AKT1|GRIP1|TNF|NKD2|PLS1|PRKCI|KIF5B|SORBS1|STAC|STAC2|VIL1|STAC3|MYO5A|ATP2C1|EPHA3|CIB1|ZDHHC5|ITGA3|ITGB1|RER1|RAMP3|KCNJ11|ARF6|PTPN9|AKAP5|PGRMC1|AGR2|ATP2B4|ARHGEF16|CNPY4|PKP1|RAB11FIP2|SQSTM1|STX4A|EGFR|EZR|CNST,https://www.gsea-msigdb.org/gsea/msigdb/mouse/geneset/GOBP_POSITIVE_REGULATION_OF_PROTEIN_LOCALIZATION_TO_PLASMA_MEMBRANE,61,ENR,GOBP_POSITIVE_REGULATION_OF_PROTEIN_LOCALIZATION_TO_PLASMA_MEMBRANE,2.3416000000000001,0,GOBP_POSITIVE_REGULATION_OF_PROTEIN_LOCALIZATION_TO_PLASMA_MEMBRANE,FALSE,GOBP_POSITIVE_REGULATION_OF_PROTEIN_LOCALIZATION_TO_PLASMA_MEMBRANE
9,2.74472749489669,2.74472749489669,2.74472749489669,1,0.19889999999999999,1E-4,1E-3,PAX6|SLC39A12|TCTN1|HES5|FOXA1|MAP3K7|WDR83|SOX17|MIB1|NOTCH1|PKD2|EPHA2|SUFU|ZFP36L1|GLI3|PLXNB2|GLMN|CASP8|GLI2|PSEN1|RALA|PSEN2|ALDH1A2|BRPF1|LMO4|ZEB2|PFN1|PLXNA2|TTBK2|BMP5|FKBP8|RARG|TEAD2|TGIF1|LIAS|KAT5|TMED2|MTHFD1|LHX2|ARL13B|KDM2B|STIL|SALL4|SMARCA1|RGMA|ENAH|PAX7|TWIST1|C2CD3|TGFB2|SSBP3|GATAD2A|KIF20B|CC2D2A|SHH|RARA|TSC1|IPMK|KDM2A|CLUAP1|NUP50|MKS1|MED12|SCRIB|SDC4|SFRP1|OPA1|PRKACA|CASP3|DVL2|RNF220|ABL1|BRD2|STK3|STK4|TRAF6|CELSR1|DLC1|RAB23|TCF7|CECR2|SPECC1L|SPINT2|FOXA2|GRHL3|TSC2|BMP4|DZIP1L|SEMA3C|VANGL2|NCKAP1|LUZP1|TGFB1|WNT3A|SEMA4C|KAT2A|FZD6|RPS7|ROCK2|FUZ|TMEM107|ADM|GORAB|BBS4|BMI1|DCHS1|HES1|MTHFR|CDK20|KIF3A|CFL1|COQ7|KDM6A|GAS1|NOG|PHGDH|TCF7L2|IFT172|PLOD3|SETD2|IFT52|NUP133|IFT140|GSC|TULP3|PRKACB|WDR19|PTK7|DEAF1|SHROOM3|TFAP2A|EN1|CTHRC1|WNT5A|SPINT1|IFT122|TRAF3IP1|PAX2|FZD3|PHACTR4|SEC24B|WDPCP|ABL2|WNT1|HECTD1|RPGRIP1L|ITPK1|SALL1|SKI|AMBRA1|DACT1|SMO|LRP6|PRICKLE1|ARID1A|PTCH1|LRP2|PKD1|CBY1|GRHL2|CITED2|ATP6AP2|INTU|VASP|OVOL2|SFRP2|APAF1|BCL10|NF1|MARCKS|ST14|HIF1A|DVL1|FOLR1|SALL2|IFT57|MTHFD1L|BMP7|COBL,https://www.gsea-msigdb.org/gsea/msigdb/mouse/geneset/GOBP_NEURAL_TUBE_DEVELOPMENT,179,ENR,GOBP_NEURAL_TUBE_DEVELOPMENT,3.1116999999999999,0,GOBP_NEURAL_TUBE_DEVELOPMENT,FALSE,GOBP_NEURAL_TUBE_DEVELOPMENT
34,2.3979400086720402,2.3979400086720402,2.3979400086720402,0.996,9.6000000000000002E-2,1.7299999999999999E-2,0.94699999999999995,HES5|NEURL1A|DNM1L|SOX8|PLXNB2|PRKCH|RPL4|MAP2K1|MFN1|IL34|DHX36|DAG1|DBN1|PIAS2|EIF2B2|NKX2-2|EZH2|FLT1|CYSLTR1|DCX|ITPKA|HEY2|PAFAH1B1|DOCK7|OPA1|FMR1|TMEM98|KDM4A|BAIAP2|KIT|LIN28A|PTN|BMPR2|TNFRSF1B|DSCAM|RTN4|EFNA5|MET|EPHA7|DIXDC1|SLIT2|MEGF8|NTF3|VEGFA|NTN1|NTRK3|PLXNA3|XRCC4|HLTF|ROBO1|ROBO2|RTN4R|RYK|SYNJ1|LIMK1|SEMA3F|SEMA3G|TGFB1|SEMA4F|TREM2|SLIT1|TSPO|PTK2|SHANK3|WNT3|BEX1|KALRN|WNT7B|STAU2|B2M|YTHDF2|GPR37L1|DMRTA2|BDNF|BHLHE40|TIAM1|ABCC8|ACE|CCL11|PRKCI|SLITRK1|TWF2|TNIK|BMPR1A|SH3GLB1|CRABP2|FBXO31|KDM1A|TLE6|GFAP|FXN|PTPRA|CX3CL1|IDH2|SHOX2|CXCL12|SKI|SMO|MFN2|LRP2|ETV5|ZCCHC24|F2|MYC|NUMB|HES2|NUMBL|HES6|NF1|NTRK2|GATA2|NIN|PAK1|TBC1D24|BMP7|IL1B|WNT2|L1CAM|SEMA4D|LTA|FGFR3|PLXNB1|NOTCH1|DNAJB11|RAPGEF2|ZEB2|BAG1|HES7|TNF|MBP|SEMA3A|TRF|IFNG|NEFL|XRCC2|NFATC4|SHH|VIM|CHD7|BRAF|CAMK2B|CDH1|DISC1|ATXN1|ADCY10|DICER1|FAIM|DLG4|PICALM|SMURF1|EEF2K|EGFR|FN1|METRN|GSK3B|GDI1|TRAK1|IGF1|IL6ST|ID2|MT3|MTOR|SLC7A5|NR1D1|MAPK8|PER2|SEMA6D|CTNNA1|CUX1|ANKRD27|EPHA4|PPP1CC|SYT4|GRIP1|SNAP91|HEY1|HEYL|REST|LRP4|NOG|SERPINF1|TRP53|PLXND1|SOX2|SEMA7A|MACF1|WNT5A|NDEL1|SNW1|ANAPC2|RHEB|SRRT|LIF|POU4F1|EP300|HMGB2|FBXW8|GOLGA2|MAP3K13|CIT|KIFAP3|ACHE|BHLHB9|HIF1A|IL1RAPL1|ELL3|XLR3B|PRMT5|WLS|PRPF19|CSF1R|ENPP2|FGF2|NRP1|EFNB3|PLXNB3|ARHGAP32|CDH4|CDKL5|GOLGA4|SEMA5A|SKIL|ISLR2|MYO5B|TNFRSF12A|ZFYVE27|GLI3|CDKN2B|PSEN1|TLR2|BMP2|HDAC1|MAP2K2|CLCN2|HMGA2|MBD1|HELT|MUP20|RNF112|MDK|SPEN|ASPM|STK11|SERPINE2|SGK1|SMARCD3|APOE|XRCC5|SOX11|AKAP5|AMIGO1|NAP1L1|TSC2|BMP4|WDR62|WNT3A|XRCC6|ZFP335|STAR|SORL1|ARRB2|BHLHE41|ANXA2|FGF13|CDON|APPL2|CDK5|EGR2|KRAS|GJC2|S100A10|HAP1|DYNLT1B|ITGB1|TRIM32|DPYSL5|HDAC6|NPTN|CCR5|KDR|ACTR2|MAN2A1|PLAG1|MAPT|MARCKS|LYN|PAX6|NGF|CUL7|RB1|OBSL1|SOX10|PARP6|RAB21|PPP3CA|SS18L1|BCL11A|CHODL|PLXNC1|RASSF10|ACTR3|PTEN|TIAM2|ARHGAP4|DLL1|ARHGEF2|ATF5|ATOH1|RELN|CASZ1|CDKL3|CTDSP1|CYSLTR2|D130043K22RIK|DAAM2|DAB1|DIP2B|DLL3|DLX2|FSTL4|GORASP1|SLC30A1|HOOK3|ID1|ID4|IFRD1|MYB|KCTD11|ILK|LHX2|LINGO1|PAK3|MAG|NKX6-2|PCM1|PRTG|PTPRS|RGMA|RNF10|RNF6|RUFY3|TRAK2|TRIM11|TRIM46|THY1|TTC3|ULK1|ULK2|STK25|TRPC6|HDAC2|YWHAH|PPARG|NRG1|ASCL2|ZFP365|PTPRF|TRP73|MME|PTPRZ1|SIRT2|PROX1|GH|SRF|NF2|CD24A|TGM2|TNR|LDLR|LRP1|DLL4|ASPA|CX3CR1|CASK|DBNL|DCT|DUSP10|CTNNB1|EPHB2|CXCR4|FAS|MECP2|HES1|BTG2|LPAR3|CAPRIN1|CAPRIN2|FZD4|CYFIP1|TRPV2|MYCN|PTPRD|SPINT1|HOXB3|FZD3|LRP8|NKX6-1|EIF4G2|IL33|FXR1|IL6|FXR2|RELA|RGS14|BIN1|E2F1|YAP1|ADNP|CUX2|VEGFC|LEF1|LIG4,https://www.gsea-msigdb.org/gsea/msigdb/mouse/geneset/GOBP_REGULATION_OF_NEUROGENESIS,412,ENR,GOBP_REGULATION_OF_NEUROGENESIS,2.2025000000000001,4.0000000000000001E-3,GOBP_REGULATION_OF_NEUROGENESIS,FALSE,GOBP_REGULATION_OF_NEUROGENESIS
1,2.74472749489669,2.74472749489669,2.74472749489669,1,0.124,2.0000000000000001E-4,3.0000000000000001E-3,RAB11A|LYST|UBXN2A|SNAPIN|MTSS1|STX17|GRIK5|TMEM9|SYT7|CD9|ZBED3|BANF1|CDC42|PRRT2|RAB6B|AR|STX12|ATP2A2|CACNA1S|LRRK2|RIMS2|MAP2K1|MAPK1|RAB27A|SYT2|PACSIN1|TMED2|AKT2|GBF1|COG1|COG2|COG4|COG5|COG6|COG8|RAB8A|GOLGA5|JAGN1|VPS11|VPS18|MIA3|ESYT1|ARFGEF1|PARP11|STX11|STX7|PAFAH1B1|LPCAT3|OTOF|SEC61A1|TMCO1|BAIAP2|BAIAP2L1|BAIAP2L2|MYH9|TMEM170|RTN4|OSBP|WASL|XRCC4|CLU|PI4K2A|PI4K2B|NUP155|SYNJ1|ANXA8|TBPL1|USP6NL|HPS4|PRX|SEC16B|ABCA7|HPS5|HPS6|NBEAL2|SH3GL2|PIK3C3|SNX9|SEC16A|TMEFF2|SOD1|ZFP385A|ABCD1|UMOD|WHAMM|AKT1|PLSCR1|PLSCR3|CDK1|AKTIP|COL6A1|RTN2|DNAJC13|TRIM72|HOOK2|RILP|ARL6IP1|ATP8B1|RAB5B|RAB38|BIN3|SERINC5|SH3GLB1|ARHGAP21|DTNBP1|FOLR2|MYOF|NAGLU|TLE6|STX19|TMEM38B|SYPL2|USP8|VAPA|YWHAZ|LMAN1|STX18|SYT13|REEP5|SYT5|TMCC1|TMED9|ZMPSTE24|ARL1|RAB10|CPLX2|AKAP8L|USO1|TRIP11|PLSCR2|SNAP23|SQSTM1|STX4A|SNAP25|BAG6|RNASEK|PSAP|RAB3GAP1|LEMD3|SURF4|FNBP1L|RAB30|SUN2|RAB33B|YIPF5|TMEM127|MMGT1|REEP2|VPS4B|AGFG1|SNAP47|AGFG2|NDRG1|PTPRC|DES|RAB5C|TOR1AIP1|TOR1AIP2|SNX10|S100A9|IZUMO1|SERINC3|RAB3GAP2|SNX18|ALS2CL|ATR|PLEKHF2|PLEC|CCDC47|AP1S3|TMEM201|HACE1|RAB1B|CHMP4B|GCC2|GET4|SLC35D3|ERC1|SH3TC2|ERC2|GOLPH3L|MICALL1|DYM|SGTA|RIMBP2|SYNGR1|SYNGR2|TRAM1|TPST2|TRAM1L1|TRAM2|VAPB|IQGAP1|PTBP1|VPS4A|AP1B1|SEC22B|AQP11|MAPK3|SNX33|AP1M1|STXBP1|DYNC2H1|SYT4|XKR6|CDAN1|XKR9|TMEM43|TIE1|VAMP4|BET1|YIPF4|YIPF7|AQP1|CASP1|CASP7|SEC31A|UGCG|COLEC12|ATG9A|SMPD1|SYT1|MYO18A|STX5A|CSNK1A1|NDEL1|BHLHA15|TOR1A|ZPBP2|SRGN|AP3D1|GSDMD|DNM1|FLOT1|BLOC1S3|FBXW8|GOLGA2|CIT|OSBPL2|TARDBP|A4GALT|ARFGEF2|LYZL4|SYTL4|PRMT5|KIFC3|POLR2M|RAB2B|OPTN|P2RX7|ATG9B|CAML|ZFYVE27|CHMP5|SYT11|STX6|TMF1|HPS1|MAFB|PLSCR4|MAP2K2|SLC4A1|HDAC3|LMNB1|LMNB2|VAMP1|XKR8|RNF26|RAB22A|ABCD2|GORASP2|RNF112|IER3IP1|DMPK|DMKN|CHMP1A|CHMP1B|CHMP2A|CHMP2B|CHMP3|CHMP4C|CHMP6|FER1L4|GZMB|CSNK1D|ATL2|ATL3|RAB43|SERPINE2|PRF1|NPLOC4|NSFL1C|UBXN2B|AGRN|SERINC2|AKAP9|COG3|COG7|ANK2|ANK3|ANO6|HOOK1|STX2|SYT8|TMEM95|WDR54|SLC9A8|DNM2|CREB1|CASQ1|CAV3|RAB2A|BAG5|SMPD4|AP3B1|ATP8B2|ATP8B4|DYSF|ATP8B5|CLPTM1L|EHD3|ESYT2|ANXA2|ESYT3|SPAST|EHD2|TMEM41B|MAPK15|TLCD1|TLCD2|CAV2|CAV1|CTDNEP1|S100A10|ALS2|SUN1|ITGA3|AP1S1|AP1S2|FSIP1|AP3M1|AP3S1|AP3S2|BAIAP3|HPS3|MTA1|SNX19|TMED1|GOLPH3|TMED11|AP1G1|KCNE1|TMED3|ARHGEF7|ARL8B|TMED4|TMED5|TMED6|TMED7|HUWE1|FAM174B|LYSMD3|TJAP1|TRAPPC8|LMNA|PLEKHM2|CAMSAP3|ABCA1|DEGS1|EIF2AK3|RAB18|REEP3|REEP4|USE1|TMEM33|CUL7|FA2H|PEX5|OBSL1|PLN|PRKD1|RAB3A|CC2D1A|FASL|PTK2B|PTEN|EMD|PACSIN2|AU040320|ACRBP|CCDC136|GORASP1|CCDC38|CCDC42|HOOK3|CHN2|SYNE1|CLASP1|CLASP2|DCAF17|ILK|PLK1|CORO7|PFN4|FHDC1|VDAC2|MICALL2|MYO5A|POC1B|RFX2|SEC23IP|SPACA1|SPINK2|TBC1D20|TGFB2|VPS13B|PDCD10|ZPBP|BNIP1|STK25|TMEM38A|TRDN|ANKLE2|ABCG1|BROX|CSRP3|PLA2G3|ATL1|VMP1|WNK1|ARV1|SEC31B|MYH10|SNAP29|NCLN|NOMO1|REEP1|TMEM147|VPS33B|VTI1B|CAMSAP2|DCTN1|PDE4DIP|UBR4|TOM1|COL5A1|RTN1|RTN3|ANO3|PLEKHF1|ANO4|ANO9|CLN3|TMED10|EMP2|CHMP7|CORO1C|CXCR4|LEMD2|HTT|PLK3|VCPIP1|VRK1|ZW10|ADAM1A|ASAP1|ATP10A|PACSIN3|LAPTM4B|VTI1A|DCST1|GSN|DOC2A|GAK|DOC2B|TOR1B|DOC2G|RPH3A|CLTC|SNF8|STX1A|SYT9|BIN1|PLEKHA3|PLEKHJ1|FOLR1|SNX3|NUP93|EXOC8|BLZF1|FAT4,https://www.gsea-msigdb.org/gsea/msigdb/mouse/geneset/GOBP_ENDOMEMBRANE_SYSTEM_ORGANIZATION,491,ENR,GOBP_ENDOMEMBRANE_SYSTEM_ORGANIZATION,3.1000999999999999,0,GOBP_ENDOMEMBRANE_SYSTEM_ORGANIZATION,FALSE,GOBP_ENDOMEMBRANE_SYSTEM_ORGANIZATION
3,1.97881070093006,1.97881070093006,1.97881070093006,0.98950000000000005,0.21179999999999999,8.3900000000000002E-2,1,TYRO3|FGFR4|EPHB4|FGFR3|ERBB2|INSR|DDR1|EPHA2|EPHA1|FLT3|EPHB3|RAPGEF2|EPHA5|EPHB2|EPHA4|FGFR2|TIE1|ERBB4|FSTL4|TIAM1|SLC9A6|NTRK1|MERTK|ATP1A3|VPS13A|MUSK|INSRR|FLT1|NFATC4|TEK|EPHA3|SLC2A4|MST1R|LTK|AXL|KIT|RET|KDR|ROR2|MET|EPHA7|PDGFRA|FGFR1|PDGFRB|FLT4|NTRK2|CSF1R|EGFR|NTRK3|EPHB1|DDR2|IGF1R,https://www.gsea-msigdb.org/gsea/msigdb/mouse/geneset/GOBP_BRAIN_DERIVED_NEUROTROPHIC_FACTOR_RECEPTOR_SIGNALING_PATHWAY,52,ENR,GOBP_BRAIN_DERIVED_NEUROTROPHIC_FACTOR_RECEPTOR_SIGNALING_PATHWAY,1.7858000000000001,1.0500000000000001E-2,GOBP_BRAIN_DERIVED_NEUROTROPHIC_FACTOR_RECEPTOR_SIGNALING_PATHWAY,FALSE,GOBP_BRAIN_DERIVED_NEUROTROPHIC_FACTOR_RECEPTOR_SIGNALING_PATHWAY
23,1.8507808873446201,1.8507808873446201,1.8507808873446201,0.9859,0.10589999999999999,8.1799999999999998E-2,1,MOV10|NANOS1|UPF1|NANOS3|RBM10|UPF3A|UPF3B|MLH1|PABPC4|PABPN1L|XRN2|ZC3H14|RNASEL|PATL1|PIAS4|PLEKHN1|ZFP36L1|PNLDC1|POLR2G|TIRAP|PUM1|RBM33|RBM46|SAMD4|HSPA1B|SAMD4B|SECISBP2|SENP1|SSB|RC3H1|RC3H2|TNRC6A|TNRC6B|TNRC6C|TOB1|TRAF5|CPEB3|CSDE1|DHX36|DHX9|YBX2|YTHDF1|YTHDF3|DHX34|SRSF1|PCID2|EDC3|ZFP36|EDC4|GSPT2|GTPBP2|HNRNPAB|HSPA1A|SLC11A1|NBAS|PNRC1|EIF3E|GDNF|PNRC2|NUDT12|PRR5L|NUDT16|SCGB1A1|SMG7|SND1|TESK1|TTC5|UPF2|ZCCHC7|ETF1|MYD88|ZHX2|FMR1|GTPBP1|HNRNPD|HNRNPU|IGF2BP1|METTL3|NCBP1|NCBP2|TRAF2|PABPC1|PAIP1|PIWIL2|PKP1|RBM24|VEGFA|ZC3H12A|FUS|ZC3H12D|ROCK1|ROCK2|ZFP36L2|SYNCRIP|TAF15|YBX1|YTHDF2|DCP2|PARN|CALCR|SMG1|A1CF|ALKBH5|APOBEC1|CASC3|CIRBP|ELAVL1|CNOT6L|CSDC2|DCPS|DDX5|ZC3HAV1|TNF|ELAVL4|NUDT16L1|TRAF3IP2|HNRNPC|ATM|CELF1|SMG5|SMG6|VIM|KHSRP|FASTKD2|FASTKD3|LSM1|PNPT1|LSM5|LSM7|MAGOH|MAGOHB|PUM2|METTL14|ARID5A|PAN2|PAN3|DICER1|DIS3|PCBP4|PDE12|EIF4A3|ERI1|EXOSC10|EXOSC2|EXOSC3|EXOSC4|EXOSC5|EXOSC6|EXOSC7|EXOSC8|EXOSC9|PTBP1|MTOR|RBM38|RBM47|RBM8A|DIS3L|LSM2|LSM4|LSM6|PELO|APEX1|RNPS1|AXIN2|BRF1|BTG2|METTL16|CAPRIN1|XRN1|ANGEL2|CARHSP1|CNOT1|CNOT10|FASTK|CNOT2|FASTKD1|MRTO4|CNOT3|FASTKD5|CNOT6|CNOT7|CNOT8|MAPKAPK2|CTIF|MTPAP|PKP3|DCP1A|DCP1B|DIS3L2|SUPV3L1|TBRG4|DND1|EIF4ENIF1|NPM1|FAM76B|FTO|FXR1|FXR2|GIGYF2|TARDBP|GSPT1|GTSF1|HBS1L|HNRNPA0|E2F1|HNRNPR|THRAP3|IGF2BP2|IGF2BP3|IKBKE|LARP1|LARP4B|LSM14B|TUT1|MEX3D,https://www.gsea-msigdb.org/gsea/msigdb/mouse/geneset/GOBP_MRNA_CATABOLIC_PROCESS,215,ENR,GOBP_MRNA_CATABOLIC_PROCESS,1.7932999999999999,1.41E-2,GOBP_MRNA_CATABOLIC_PROCESS,FALSE,GOBP_MRNA_CATABOLIC_PROCESS
7,2.23657200643706,2.23657200643706,2.23657200643706,0.99419999999999997,0.19500000000000001,3.2399999999999998E-2,1,CHRD|VANGL2|NCKAP1|MED1|MEF2C|WNT3A|SOX17|MIB1|NOTCH1|PKD2|NOTCH2|SUFU|PSEN1|GREB1L|RBPJ|ALDH1A2|CDC42|DLL1|ACVR1|CTNNB1|IHH|SETDB2|SMAD3|ASB2|RNF207|EDNRA|RYR2|TBX2|HHEX|TBX20|TEAD2|TBX3|TEAD1|HES1|INVS|TMED2|SLC8A1|KIF3A|ARL13B|STIL|SOX18|IFT172|NPHP3|IFT52|MESP1|PCNT|C2CD3|ECE1|CCDC103|SHH|CCDC39|GATA4|CCDC40|WNT5A|KDM2A|CLUAP1|ENG|GJA5|IFT122|TRAF3IP1|PITX2|GJA1|HAND2|NKX2-5|SMO|LRP6|FOXC1|DVL2|CITED2|OVOL2|HIF1A|DVL1|FOLR1|IFT57|YAP1|MEGF8|MICAL2|SRF|APLNR|TGFBR2|PLXNA4|EDN1|FOXC2,https://www.gsea-msigdb.org/gsea/msigdb/mouse/geneset/GOBP_EMBRYONIC_HEART_TUBE_DEVELOPMENT,83,ENR,GOBP_EMBRYONIC_HEART_TUBE_DEVELOPMENT,2.0501,5.7999999999999996E-3,GOBP_EMBRYONIC_HEART_TUBE_DEVELOPMENT,FALSE,GOBP_EMBRYONIC_HEART_TUBE_DEVELOPMENT
22,2.74472749489669,2.74472749489669,2.74472749489669,1,0.18940000000000001,1.18E-2,0.82299999999999995,NRP1|EFNB2|EPHB4|EYA1|NOTCH1|PKD2|SUFU|GLI3|PDE2A|RBPJ|PRDM1|HPGD|TBX1|TGFBR1|KIF7|AKT3|MDK|COMP|DDIT3|TGFB2|NFATC3|SHH|ACVR2B|SMAD7|GJA5|SLC2A10|CHD7|APOB|HAND2|HEY2|NPRL3|MYH10|SMARCA4|BMPR2|RTN4|APOE|PDGFRB|COMT|SOX4|PROX1|ENPP1|MEGF8|SRF|GAA|APLNR|COL3A1|NDST1|NOTCH4|TGFBR2|VEGFA|GLA|MYOCD|ROBO1|ROBO2|BMP4|LDLR|CHRD|LRP1|LUZP1|DNM2|ADAMTS6|DLL4|AP2B1|PTGER4|DCTN5|FUZ|ZMIZ1|ACVRL1|PRRX1|ADAMTS9|CTNNB1|CXCR4|PRRX2|EDNRA|TBX2|HOXA1|ANGPTL3|HES1|HEY1|EGR2|NOG|NOTCH3|MYLK|STRA6|PLXND1|BMPR1A|TAB1|EFEMP2|WNT11|SNX17|LTBP1|ENG|NGFR|NAGLU|SEC24B|FKBP10|HECTD1|LOX|SIX1|SMAD6|PRICKLE1|FOXC1|ARID2|LRP2|CITED2|NF1|JAG1|TFAP2B|FOLR1|EDN1|FOXC2,https://www.gsea-msigdb.org/gsea/msigdb/mouse/geneset/GOBP_ARTERY_DEVELOPMENT,111,ENR,GOBP_ARTERY_DEVELOPMENT,2.2835000000000001,0,GOBP_ARTERY_DEVELOPMENT,FALSE,GOBP_ARTERY_DEVELOPMENT
88,2.7212463990471698,2.7212463990471698,2.7212463990471698,0.99809999999999999,0.1149,3.5000000000000003E-2,1,HOXB9|P2RX7|ATG9B|HOXC11|LHX1|SIX2|SLC39A3|POR|WNT9B|GLI3|PSEN1|HOXA3|HOXB4|ALPL|BMP6|HOXA2|PAX1|IHH|RARG|DHRS3|TBX1|HOXC9|TGFBR1|EXT1|RDH10|CSRNP1|GREM1|HOXA7|DLX5|COMP|MMP14|NPPC|NPR2|HOXD4|INPPL1|RARA|SFRP1|SPEF2|COL2A1|BMPR2|POC1A|ROR2|SOX11|RAB23|MEGF8|TGFBR2|VEGFA|CBS|BMP4|RYK|WNT10B|NFIX|TGFB1|CYP26B1|CYP27B1|ZEB1|FOXN3|FREM1|CDX1|TMEM107|BMI1|SMPD3|PRRX1|FBN2|DLG1|SULF1|ACTN3|SOX5|THRA|MEF2D|ZFAND5|PRRX2|ATF2|BARX2|TIFAB|DSCAML1|HOXA4|HOXB1|HOXB2|HOXB5|HOXC4|HOXD3|IFT140|COL11A2|GSC|SATB2|TBX15|TCF15|TULP3|WDR19|ALX4|RARB|FMN1|HOXA11|HOXA9|LAMA5|HOXD10|HOXD9|MYF5|SOX6|MDFI|MSX1|MSX2|TMEM119|NIPBL|OSR2|RUNX2|SHOX2|SIX1|SKI|LTBP3|WNT9A|LRP6|PKD1|ZMPSTE24|MYC|HOXC8|PCGF2|HOXD8|LRP5|TRIP11|BMP7|ANKRD11|PAX5|SCX|OSR1|IFT80|LTF|PHOSPHO1|FGFR3|THBS3|MEF2C|SH3PXD2B|PEX7|EYA1|RAB33B|SMAD3|IRX5|DLX2|INSIG1|TRPV4|INSIG2|COL13A1|HHIP|PAPPA2|SP5|MAPK14|PDS5A|RECQL4|TWIST1|CHST11|TGFB2|SIK3|CHSY1|CSGALNACT1|TBX4|ACVR2B|HOXA5|HOXB8|EXT2|MED12|GALNT3|HSPG2|WWOX|BMPR1B|WDR48|NAB1|NAB2|HOXB6|ACAN|PDGFRA|SGPL1|COL27A1|PDGFRB|HYAL1|SERPINH1|IDUA|ENPP1|SIX4|COL3A1|NDST1|SOX9|PTHLH|EIF4A3|GNAS|ARID5B|PLEKHA1|FUZ|MEN1|CHAD|CARM1|COL11A1|TIPARP|CTNNB1|FGFR2|THBS1|SFRP4|HOXA1|MMP13|IFITM5|SCUBE2|ACP5|HOXB7|FOSL2|SMAD2|AXIN2|GAS1|NOG|ATG9A|GLG1|SETD2|MMP16|TFAP2A|COL1A1|STC1|NLE1|TGFB3|FGR|PPARGC1B|MYCN|TWIST2|VDR|HOXB3|ASXL2|MMP2|HAS2|HYAL2|FOXC1|GRHL2|CITED2|AXIN1|SLC39A1|PRKRA|MTHFD1L|FGF18|FOXC2,https://www.gsea-msigdb.org/gsea/msigdb/mouse/geneset/GOBP_SKELETAL_SYSTEM_MORPHOGENESIS,236,ENR,GOBP_SKELETAL_SYSTEM_MORPHOGENESIS,2.0301999999999998,1.9E-3,GOBP_SKELETAL_SYSTEM_MORPHOGENESIS,FALSE,GOBP_SKELETAL_SYSTEM_MORPHOGENESIS
4,2.74472749489669,2.74472749489669,2.74472749489669,1,0.1139,2.5000000000000001E-2,0.997,OGT|OXCT1|RAB34|APOA2|PFKFB2|PFKL|FAM3A|PPARA|PRKAA1|ZFP36L1|PRKAA2|GJB6|ZBED3|ADRA2A|HCFC1|RPTOR|ACVR1C|UNC13B|HNF1A|BRSK2|PRKCB|RAF1|ZBED6|CALCRL|UCP2|ZBTB20|KAT5|NADK|SIN3A|NCF2|USF1|BIRC5|EIF2B1|EIF2B2|NKX2-2|EIF2B3|CDT1|EIF2B4|EIF2B5|JAGN1|GUCA2B|C2CD2L|GHRL|SIDT2|ADIPOQ|ITGA2|KLF7|PIM3|SMARCA4|SMARCB1|TBC1D1|ANGPT2|LIN28A|MYH9|PDE4C|MAP2K3|MAP2K4|EFNA5|PDE8B|OSBP|SOX4|TRPM4|BAD|RBM4|AACS|SARM1|P2RX2|SLC29A1|CACNA1D|P2RX3|VCAM1|ENY2|PDE3B|TGFB1|TRPM5|XBP1|PRKCA|TREM2|ILDR2|EGR1|MAP4K4|CYP7A1|ADIPOR2|CFTR|AGT|STAR|APOC3|ATG7|TIAM1|ABCC8|CPB2|USF2|CTSL|CAT|ACE|FKBP1B|CCL2|STXBP4|PTPMT1|GPR82|CASR|GPR39|GRIA1|ENDOG|NAGLU|GJA1|BAIAP3|SGCB|ARRB1|IL1A|MLXIPL|MUP1|MAP2K6|MAPK13|MUP2|MUP3|KCNJ11|MUP5|NR0B2|LRP5|OXT|RAB11FIP2|RFX6|SYBU|STX4A|IL1B|LYN|CAMK2N1|NPTX1|PAX6|RPS6KB1|DYNLL1|ABCA12|MYT1|PCK1|ELAVL1|PCK2|PPP3CA|PPP3CB|PRKCE|PLA2G6|PPARD|GCKR|GPAM|GPX1|PTK2B|REG3G|GSTP1|SMAD3|SESN2|HNF4A|HMGA1|TNF|ERN1|SRI|NNAT|RMI1|HNF1B|SLC26A6|ACVR2B|ABCG1|SLC2A2|VAMP2|APOB|PIK3CA|SLC2A5|PRKACA|CASP3|CASP6|AGER|SOD2|CDKN1B|HMGN3|PTGS2|SLC39A14|NCOA6|SIRT1|RPS6KA2|SMAD4|SRF|PLCB1|HMGCR|SREBF1|GCK|TH|IGF1R|FOXA2|GYS2|GIPR|IGF1|GPLD1|LRP1|CDK16|INS1|PTPRN2|ANO1|IRS2|KHK|KCNB1|KEAP1|LEPR|NR1D1|GLUL|COL4A3|GCLC|CRHR2|GCLM|EPHA5|ERCC1|NQO1|GCG|THBS1|GLP1R|PCSK1|PDE1C|NEUROD1|PDX1|PTPRN|NOX4|NR1H4|SMAD2|UCN3|KIF5B|SERPINF1|TCF7L2|COL6A2|RAB11FIP5|SLC30A8|FOXO3|RAB11B|COL1A1|ICAM1|TXNIP|PAX2|AQP4|GPR68|GAS6|ADCY5|EP300|NDUFAF2|RASAL2|FBP1|FTO|PIH1D1|VSNL1|EXTL3|HIF1A|TJP1|TRA2B|TXN2|ADNP|NFKB1|RAC1|HMGCS2|CACNA1E|SLC12A6|SLC12A7,https://www.gsea-msigdb.org/gsea/msigdb/mouse/geneset/GOBP_RESPONSE_TO_CARBOHYDRATE,257,ENR,GOBP_RESPONSE_TO_CARBOHYDRATE,2.1164999999999998,0,GOBP_RESPONSE_TO_CARBOHYDRATE,FALSE,GOBP_RESPONSE_TO_CARBOHYDRATE
49,1.99567862621736,1.99567862621736,1.99567862621736,0.9899,0.21870000000000001,5.4699999999999999E-2,1,GAB1|VCAM1|JUNB|NSDHL|PLCD3|ZFP36L1|ADM|PCDH12|WNT7B|CITED1|RBPJ|DNAJB6|SOCS3|BMP5|NFE2|FGFR2|AKT1|PLCD1|HES1|HEY1|MAP2K1|MAPK1|TMED2|FZD5|RSPO3|CDX2|ITGA4|NCOA1|SENP2|EGLN1|SPINT1|SYDE1|SYNA|HEY2|PLG|LLGL2|GGNBP2|VASH1|GRHL2|VASH2|ERF|GJB5|IL10|BIRC6|FBXW8|GRB2|NCOA3|OVOL2|HS6ST1|NCOA6|ST14|BMP7|LEF1|SPINT2|WNT2,https://www.gsea-msigdb.org/gsea/msigdb/mouse/geneset/GOBP_LABYRINTHINE_LAYER_DEVELOPMENT,55,ENR,GOBP_LABYRINTHINE_LAYER_DEVELOPMENT,1.899,1.01E-2,GOBP_LABYRINTHINE_LAYER_DEVELOPMENT,FALSE,GOBP_LABYRINTHINE_LAYER_DEVELOPMENT
24,2.6989700043360201,2.6989700043360201,2.6989700043360201,0.998,0.121,2.5399999999999999E-2,0.998,MAD2L2|BAMBI|CSNK1G1|CSNK1G2|SEMA5A|CSNK1G3|TMEM9|SOX17|TPBG|DKK2|FGF10|FAM53B|JRK|LRRK1|LYPD6|WWTR1|PRDM15|GLI3|RSPO4|SPIN4|TMEM198|PSEN1|TMEM198B|ZBED3|OTUD5|RBPJ|PPP2R3A|SFRP5|RBMS3|BMP2|HDAC1|KREMEN1|RUVBL1|SRC|DAB2|RUVBL2|RPS12|SOST|DKK3|LRRK2|LMX1A|KPNA1|GREM1|DLX5|MDK|ASPM|STK11|DDIT3|FRAT1|NRARP|PEG12|NPPA|UBR5|DACT3|FOXO1|MLLT3|NKX2-5|CSNK1D|SFRP1|NOTUM|SIAH2|RNF220|ROR2|UBAC2|APOE|CDK14|SOX13|SOX4|TRPM4|LGR4|TMEM88|KANK1|LMBR1L|PIN1|WNT10B|TGFB1|WNT3A|FZD6|DKKL1|EGR1|SULF2|TBL1XR1|THRA|TTC21B|GPC3|TBL1X|BTRC|CDH2|SCYL2|FZD7|IFT20|CAV1|CTDNEP1|MESP1|TNKS|TNKS2|MCC|CTHRC1|CTNND2|TLE6|FZD9|PTPRO|RECK|USP34|DACT1|PFDN5|TBX18|USP8|ATP6AP2|AMFR|DAB2IP|CCNY|MAP3K1|RNF146|RAPGEF1|CCNYL1|WNT5B|CHD8|NPHP4|FGFR3|NOTCH1|SOX10|GLI1|SHISA3|TLE2|TMEM170B|APC2|SDHAF2|EMD|ZEB2|TMEM64|SMAD3|DAAM2|HHEX|FRZB|NKD2|ILK|VCP|MAPK14|CTNNBIP1|VPS35|ZNRF3|SHH|TLE3|MKS1|WNK1|HDAC2|WNK2|ANKRD6|PPM1A|PPM1B|ASB15|ASB3|CDH1|DDX3X|SOX7|STK3|STK4|SMAD4|SOX9|EGFR|GSK3A|CSNK1E|GSK3B|ZFP703|PPM1N|CCDC88C|SBNO1|TLE1|APC|EDA|BICC1|FUZ|SNAI2|SOSTDC1|CTNND1|CTNNB1|EGF|FGFR2|SFRP4|GNAQ|INVS|NKD1|PLEKHA4|RSPO1|ISL1|LGR5|RSPO3|AXIN2|LRP4|LZTS2|NOG|TCF7L2|CAPRIN2|NPHP3|GPRC5B|FOXO3|SOX2|FERMT1|PTK7|CDH3|COL1A1|WNT11|CSNK1A1|DAPK3|NLE1|APP|WNT5A|RNF14|FZD1|FGF9|PRICKLE1|CBY1|LATS1|LATS2|TLE4|AXIN1|SFRP2|PTPRU|SCEL|FRMD8|FOLR1|G3BP1|YAP1|UBE2B|ADNP|NFKB1|USP47|WLS|XIAP|LIMD1|CYLD|FGF2,https://www.gsea-msigdb.org/gsea/msigdb/mouse/geneset/GOBP_REGULATION_OF_CANONICAL_WNT_SIGNALING_PATHWAY,233,ENR,GOBP_REGULATION_OF_CANONICAL_WNT_SIGNALING_PATHWAY,2.1124000000000001,2E-3,GOBP_REGULATION_OF_CANONICAL_WNT_SIGNALING_PATHWAY,FALSE,GOBP_REGULATION_OF_CANONICAL_WNT_SIGNALING_PATHWAY
21,2.74472749489669,2.74472749489669,2.74472749489669,1,0.31819999999999998,2.7699999999999999E-2,1,TRIM46|P2RX7|KIF1A|RASGRP1|PPFIA2|KIF5A|TANC2|BAIAP3|MAPK8|RAB3A|UNC13A|CADPS|CADPS2|PIK3CG|KIF1C|UNC13B|STXBP1|SYT4|MECP2|KIF1B|UNC13C|USO1|UNC13D|STXBP2|SYBU|KIF5B|MYO5C|SNAP25|TCF7L2|MYO5A,https://www.gsea-msigdb.org/gsea/msigdb/mouse/geneset/GOBP_SECRETORY_GRANULE_LOCALIZATION,30,ENR,GOBP_SECRETORY_GRANULE_LOCALIZATION,2.089,0,GOBP_SECRETORY_GRANULE_LOCALIZATION,FALSE,GOBP_SECRETORY_GRANULE_LOCALIZATION
35,2.6989700043360201,2.6989700043360201,2.6989700043360201,0.998,0.1168,2.5999999999999999E-3,0.13600000000000001,OPHN1|APOA1|RAB39|GIT2|TNS3|CDC42|ADRA1A|ARHGAP5|AIF1|DGKI|CSF1|DGKZ|STARD13|ARHGAP42|AUTS2|LRRK2|EPS8|MAP2K1|F11R|GBF1|DOCK4|DOCK5|ABI2|ARFGEF1|MYO9B|ITPKB|ARHGAP17|ARHGAP18|ARHGAP28|ARHGAP40|ARHGAP44|PECAM1|DOCK7|ARHGEF18|RAPGEF4|SYDE2|AMOT|BAIAP2|RRAS2|RABGEF1|CCDC88A|RAC3|CDC42EP1|CDC42EP2|CDC42EP3|CDC42EP4|RTN4|CDC42EP5|MET|CELSR1|CGNL1|DLC1|SLIT2|RHEBL1|RHOQ|FRMD7|NTN1|MYOC|WAS|GM14137|ROBO1|BCAR3|DENND1A|RTN4R|DOCK9|KANK1|DOCK2|RALGAPA2|RALGAPB|RAPGEF6|NCKAP1|NFIX|SGSM3|RHOBTB1|TAX1BP3|RHOBTB2|RHOC|RHOF|HEG1|RND1|ROCK1|RND3|ROCK2|STMN1|ARHGEF12|COL1A2|PIK3CB|ARHGDIB|PIK3CG|WASF2|NISCH|RAP2B|RASA3|ERBB3|APOC3|RASSF1|FARP2|TIAM1|KIF14|RASIP1|ARFGAP1|CYTH4|FBXO8|IQSEC3|RASGRF1|PSD3|RASGRF2|PSD4|SH2B2|ARHGEF11|SH3BP1|MUSK|CUL3|FERMT2|ARHGDIA|STAMBP|PHACTR4|ARRB1|CDC42SE1|MFN2|USP8|MAPKAP1|ARF6|NET1|CBL|DAB2IP|NF1|RHOB|USO1|RAPGEF1|VAV2|RAB3GAP1|SEMA4D|MMD2|DENND3|RABIF|DENND4A|PLXNB1|SHOC2|DENND4B|ARHGAP24|DENND4C|GPR55|RAB30|GDI2|RAB33A|NOTCH1|RAB33B|NOTCH2|RAB35|RAB39B|RAB4A|RAB4B|CDK2|RGL2|RHOA|RAPGEF2|RUFY1|ITSN1|IQSEC1|MAPRE2|RALB|RHOU|CDC42BPA|RAP1GAP2|ARL6|CHM|FARP1|ADRA1B|ADRB1|RALGAPA1|ARHGAP8|NUCB1|PICALM|RHOJ|GDI1|NKIRAS1|SYNJ2BP|NKIRAS2|IGF1|VANGL2|CADM4|ARL3|BRAP|CNKSR1|DOK3|RALGDS|RALGPS1|KSR1|RALGPS2|RAPGEF5|RAPGEFL1|RASGEF1B|RASGEF1C|RFXANK|RGL1|RGL3|RIT1|MADD|GPR4|RHOV|KANK2|RASA4|RASAL1|RASGRP2|LRP4|ARHGAP33|TRP53|ARHGAP27|ARHGAP19|GARNL3|SIPA1L2|CSNK1A1|CTNNAL1|NRADD|EPS8L1|SRGAP1|EPS8L2|ABL2|RHEB|TAGAP|ARHGAP15|FBP1|FLCN|FLOT1|ARFGEF2|GIT1|RAP1GAP|CDKN1A|EPS8L3|LIPA|FNTA|OGT|DOCK8|LPAR1|NRP1|RASGRP4|PLEKHG5|ARHGAP32|GABARAP|RHOG|ERBB2|FGF10|ARHGDIG|RTKN|SRC|STMN3|CHN1|RASGRP3|KITL|SIPA1L3|RAC2|RASAL3|DOK1|F2RL1|RASGRP1|DOK2|RHOH|RACGAP1|G3BP2|RAB12|ABL1|CCDC125|KCTD10|AGRN|APOE|SCAI|SOS1|AGTR1A|SOS2|NUP62|PLK2|TSC2|RASGEF1A|VAV1|VAV3|CYTH3|DNM2|ELMO1|PSD|CAMK2D|PLCD4|PLCE1|MAP4K4|RHOD|ARHGAP20|CDC42SE2|DOCK6|RSU1|STARD8|ARHGAP30|ARHGAP31|ARHGAP9|NRAS|CHML|DOCK3|SH2D3C|EDNRA|F2R|BNIP2|CDH2|CDON|DOCK1|SIPA1L1|DHCR24|IQGAP3|MAPKAPK5|KRAS|KLK1B4|ALS2|DNAJA3|BCR|DYNLT1A|DYNLT1B|DYNLT1F|ITGA3|SYDE1|ITGB1|GNA13|ITGAV|ARHGEF7|CRK|TIMP2|GRB2|CCNA2|ABCA1|CDH13|CRKL|NGF|RAP1A|RAP1B|CYTH2|RAP2A|RB1|SPRY1|PPP2CB|RAB21|IQSEC2|FOXM1|RALA|RALBP1|TIAM2|ARHGEF2|DOCK10|RAPGEF3|DOCK11|RELN|KCTD13|DAB1|NTRK1|RABL3|MICALL2|WASF1|NUCB2|TGFB2|ULK1|ARHGAP12|ARHGAP22|PDPN|AKAP13|ARHGAP25|ARHGAP29|GMIP|LZTR1|RASA2|STK19|SPRY4|TNK1|WNK1|TNFAIP1|KSR2|YWHAQ|NRG1|RIT2|BCL6|ARHGEF9|GM266|RAP2C|PDGFRB|ABRA|ARHGEF3|LPAR2|MCF2L|COL3A1|CYTH1|RDX|TGM2|CCDC88C|KBTBD7|DBNL|SSX2IP|EPHB2|SIPA1|ICMT|CYFIP1|NGFR|GNA12|CD2AP|MRAS|RAB15|FXR1|RAB9|ARHGAP1|SDCBP|HMOX1|SPRY2|RAC1|LAT|ADCYAP1R1,https://www.gsea-msigdb.org/gsea/msigdb/mouse/geneset/GOBP_SMALL_GTPASE_MEDIATED_SIGNAL_TRANSDUCTION,409,ENR,GOBP_SMALL_GTPASE_MEDIATED_SIGNAL_TRANSDUCTION,2.6215000000000002,2E-3,GOBP_SMALL_GTPASE_MEDIATED_SIGNAL_TRANSDUCTION,FALSE,GOBP_SMALL_GTPASE_MEDIATED_SIGNAL_TRANSDUCTION
1,2.74472749489669,2.74472749489669,2.74472749489669,1,0.1704,8.0000000000000004E-4,2.3E-2,ATG4A|ATG4B|LYST|ATG4C|RAB14|UBXN2A|ATG4D|CREG1|P2RX7|RAB34|ATG9B|ATG14|EFNB1|MCOLN1|BECN1|RAB20|GABARAP|RAB39|GABARAPL2|SNAPIN|LRBA|STX17|TMEM106B|TMEM9|VPS33A|CHMP5|SYT7|PSEN1|SMCR8|HPS1|TBC1D12|HSPA8|STX12|ATP2A2|CLN5|LRRK2|EXT1|DNAJC16|FIG4|LAPTM5|HEXB|VPS11|VPS18|SPNS1|NPR2|MTMR3|CHMP1A|CHMP1B|CHMP2A|CHMP2B|ARFIP2|CHMP3|CHMP4C|GM12250|CHMP6|IGTP|CTSD|IRGM2|PIKFYVE|RAB43|TMEM165|NSFL1C|UBXN2B|TRAF6|B4GALNT1|RAB23|ARF1|ATG5|HOOK1|RNF5|HEXA|PI4KB|ACP2|TPCN2|CLVS2|HPS4|HSD17B1|MAP1LC3B|PIK3C2A|PIK3C2B|CORO1A|SYNPO2|PIK3C3|PPT1|RAB7|AP3B1|ATP10B|PIP4K2A|PIP4K2B|PIP4K2C|ATF2|ATG7|ATP13A2|ANXA2|ATG16L1|ATG16L2|TMEM41B|AKTIP|HOOK2|IFT20|IFT88|TBC1D14|CLN8|SH3GLB1|FEZ1|NAGLU|FSIP1|TRIM32|TGTP2|ARL8B|MFN2|ATP6AP2|ATP6V0C|ULK3|MAN2A1|LAMP1|TRP53INP1|ABCA1|SNX4|MTM1|CHEK2|RAB3GAP1|EHMT2|TMEM39A|TMEM175|ELAVL1|MYO7A|RAB33A|RAB33B|NUPR1|PPP3CB|PINK1|VPS4B|FNIP1|RNF186|HOOK3|LRSAM1|TFE3|RAB3GAP2|TFEB|RALB|SNX18|SNX30|ARSG|SNX7|VPS35|TCIRG1|TRP53INP2|ULK1|ULK2|MFSD8|ZFYVE26|UBQLN1|VMP1|PLA2G5|CCDC115|AP4M1|CLN6|RAB1B|CHMP4B|GNPTAB|TREX1|VPS54|LAMP2|ATG12|ATG2A|ATG2B|ATG3|IDUA|PACS2|GAA|GABARAPL1|SMURF1|PHF23|TMEM199|TOM1|MBTPS1|9930111J21RIK1|F830016B08RIK|IRGQ|GM12185|VPS4A|GM4841|FEZ2|GM5431|SEC22B|IFI47|MTOR|RUFY4|MAP1LC3A|CLN3|CHMP7|EPHB2|ZKSCAN3|TPP1|RB1CC1|SRPX|STBD1|ATG9A|WDR45|WIPI1|WIPI2|LAPTM4B|SCFD1|SPG11|VPS16|GRN|AMBRA1|TGTP1|FLCN|IIGP1|IRGM1|RAB19|UBQLN2|LIPA|ATG10|ATG13,https://www.gsea-msigdb.org/gsea/msigdb/mouse/geneset/GOBP_VACUOLE_ORGANIZATION,217,ENR,GOBP_VACUOLE_ORGANIZATION,2.8635000000000002,0,GOBP_VACUOLE_ORGANIZATION,FALSE,GOBP_VACUOLE_ORGANIZATION
11,2.74472749489669,2.74472749489669,2.74472749489669,1,0.38040000000000002,1.23E-2,0.83099999999999996,CDK5R1|SUN2|LAMB1|SUN1|SYNE2|DCX|GLI3|ZMIZ1|LRP8|PAFAH1B1|MBOAT7|CDK5R2|RELN|DISC1|CTNNB1|DAB1|DAB2IP|RTN4|ULK4|SOCS7|COL3A1|CDK5|SRGAP2|P2RY12|WDR47,https://www.gsea-msigdb.org/gsea/msigdb/mouse/geneset/GOBP_TELENCEPHALON_GLIAL_CELL_MIGRATION,25,ENR,GOBP_TELENCEPHALON_GLIAL_CELL_MIGRATION,2.2766999999999999,0,GOBP_TELENCEPHALON_GLIAL_CELL_MIGRATION,FALSE,GOBP_TELENCEPHALON_GLIAL_CELL_MIGRATION
4,2.74472749489669,2.74472749489669,2.74472749489669,1,0.121,1.8E-3,8.7999999999999995E-2,LYST|CYB5R4|OXCT1|P2RX7|RAB34|PFKFB2|DNM1L|PFKL|FAM3A|SYT7|TMEM132A|CD200|PSMD9|ORAI1|CWH43|TLR2|ADRA2A|HCFC1|RPTOR|TLR4|ACVR1C|HPS1|SIRT6|UNC13B|APBB1|HNF1A|BRSK2|PRKCB|RAF1|ZBED6|PRKCQ|EDNRB|SERP1|RIMS2|UCP2|C1QTNF3|RAB27A|RBP4|VGF|TMED2|CD38|G6PC2|ABAT|CHRM3|LRRC32|MIA2|NADK|SEC24A|IER3IP1|COMP|COPG2|RSAD2|BIRC5|JAGN1|FOXO1|MIA3|C2CD2L|F2RL1|GHRL|GJA5|RHBDD3|ARFIP1|NBL1|SIDT2|GZMB|PAFAH1B1|ARFGAP3|SFRP1|RAPGEF4|KLF7|PPIA|PRF1|PIM3|TBC1D1|MYH9|PDE4C|SEL1L|APOE|EFNA5|PDE8B|AGTR1A|OSBP|AKAP5|ENSA|SOX4|TRPM4|BAD|CLSTN3|RBM4|AACS|ARF1|NMU|PORCN|CNR1|CPT1A|SLC25A22|CACNA1C|CACNA1D|ENY2|PDE3B|TRPM2|TGFB1|TRPM5|ACSL4|BGLAP2|F2RL2|TREM2|ILDR2|NAGPA|PTGER4|MAP4K4|UBE2Q1|HPS6|CFTR|AGT|ALOX5|ANG|AHI1|PCLO|GNA11|PTPRV|FBN2|DRD4|ATG7|ATP13A2|F2R|NLGN2|AP1M2|TIAM1|ABCC8|PLEK|ANXA1|FKBP1B|PTPN11|ADORA2A|RCN3|CAPN10|STXBP4|CCL5|PTPMT1|ZFP384|AFM|NEO1|CASR|GLUD1|GPR39|DAND5|HADH|LTBP1|IL13|AP1S1|GJA1|BAIAP3|IDH2|ARRB1|IL1A|IL1RN|SNX19|GOLPH3|AP1G1|MLXIPL|LRRC8A|GPR119|MUP1|MUP2|A1CF|F2|MUP3|KCNJ11|MUP5|ARF6|MTTP|OLFM2|FGA|FGB|KCNJ6|NR0B2|KCNJ8|LRP5|KCNN4|KCNQ1|RAB11FIP2|RFX6|SYBU|ABCA1|DPH3|STX4A|SNAP25|ANKRD1|NOS2|VAMP8|IL1B|RHBDF2|PSAP|SLC18A2|CAMK2N1|DYNLL1|ABCA12|MYT1|PCK2|RFX3|MYRIP|PPP3CA|SLC12A2|PPP3CB|PARK7|STEAP3|MIDN|PRKCE|PLA2G6|PPARD|RAB3A|PTGER3|RAP1GDS1|FBN1|CLOCK|SIRT3|FILIP1L|HNF4A|SLC16A1|HMGA1|TNF|KRT20|NPFF|APBB3|SRI|NNAT|STIM1|TM7SF3|VPS13A|MYO5A|PPID|VPS35|NR1H2|TCIRG1|IFNG|NR1H3|TGFB2|FFAR2|FFAR3|TRPC1|RAB11FIP3|HNF1B|ACVR2B|ABCG1|ADAM9|SLC2A2|ANXA5|ANXA7|BSG|PPARG|PRKACA|MYH10|GNPTAB|HMGN3|MYOM1|CYP51|GOLPH3L|M6PR|SNCG|SCO1|NCOA6|SIRT1|CELA2A|COMT|PRKAR1A|SIRT4|IDUA|MON1A|GNAI1|PLCB1|HMGCR|SREBF1|EGFR|GCK|GNAS|SLC4A8|TTN|FOXA2|GIPR|IGF1|GPLD1|LMF1|LRP1|CDK16|INS1|INHBB|INS2|PTPRN2|ANO1|IRS1|IRS2|PTBP1|AP1B1|KCNB1|LEPR|SRCIN1|NR1D1|GLUL|PER2|TMED10|PFKM|CASK|CCKAR|GNAZ|CRHR2|EPHA5|STXBP5L|HTT|SYT4|GCG|GLP1R|MADD|GNAO1|MMP13|GNAQ|PCSK1|NEGR1|PDE1C|NEUROD1|PDX1|PTPRN|REST|FGG|NR1H4|CASP1|ISL1|SMAD2|ITPR1|BLK|UCN3|CHGA|KIF5B|TCF7L2|RAB11FIP1|RAB11FIP5|SLC30A8|SUCNR1|RAB11B|MYO18A|FRMD4A|RHBDF1|SERGEF|TGFB3|IL12A|IL12B|DNAJC1|DGAT1|CD2AP|PARD6A|GPR68|NKX6-1|TMEM167|EXPH5|ADCY5|EP300|GSDMD|NDUFAF2|DOC2B|FTO|IL6|BLOC1S3|PICK1|TARDBP|STX1A|SYT9|SYTL4|VSNL1|JAK2|PTPN23|FAM3B|HIF1A|TFAP2B|RAC1|WLS|VEGFC|ERP29|CACNA1E,https://www.gsea-msigdb.org/gsea/msigdb/mouse/geneset/GOBP_PROTEIN_LOCALIZATION_TO_EXTRACELLULAR_REGION,378,ENR,GOBP_PROTEIN_LOCALIZATION_TO_EXTRACELLULAR_REGION,2.6753,0,GOBP_PROTEIN_LOCALIZATION_TO_EXTRACELLULAR_REGION,FALSE,GOBP_PROTEIN_LOCALIZATION_TO_EXTRACELLULAR_REGION
23,1.59176003468815,1.59176003468815,1.59176003468815,0.97440000000000004,0.16300000000000001,9.5899999999999999E-2,1,ZC3H12A|MOV10|NANOS1|UPF1|NANOS3|ELAVL1|MLH1|CNOT6L|PABPN1L|ZC3H12D|PATL1|PLEKHN1|ROCK1|ZFP36L1|ROCK2|ZFP36L2|PNLDC1|POLR2G|SYNCRIP|PUM1|YBX1|YTHDF2|DCPS|SAMD4|SAMD4B|ZC3HAV1|DCP2|RC3H1|RC3H2|TNRC6A|TNRC6B|TNRC6C|TOB1|CPEB3|PARN|BTG2|CSDE1|METTL16|CAPRIN1|DHX36|DHX9|YTHDF1|CNOT1|YTHDF3|CNOT2|CNOT3|CNOT6|CNOT7|ZFP36|CNOT8|DCP1A|CELF1|DCP1B|DIS3L2|PRR5L|KHSRP|DND1|LSM1|PNPT1|TTC5|EIF4ENIF1|GTPBP1|METTL14|HNRNPD|FTO|HNRNPU|FXR1|IGF2BP1|FXR2|GIGYF2|TARDBP|METTL3|GTSF1|PAN2|PAN3|ALKBH5|HNRNPR|PABPC1|PAIP1|PIWIL2|RBM24|PDE12|MEX3D,https://www.gsea-msigdb.org/gsea/msigdb/mouse/geneset/GOBP_POSITIVE_REGULATION_OF_MRNA_CATABOLIC_PROCESS,83,ENR,GOBP_POSITIVE_REGULATION_OF_MRNA_CATABOLIC_PROCESS,1.7444,2.5600000000000001E-2,GOBP_POSITIVE_REGULATION_OF_MRNA_CATABOLIC_PROCESS,FALSE,GOBP_POSITIVE_REGULATION_OF_MRNA_CATABOLIC_PROCESS
,1.8507808873446201,1.8507808873446201,1.8507808873446201,0.9859,0.29809999999999998,9.4100000000000003E-2,1,SRPK2|NR5A2|PPIA|TOP2B|ADAR|TMEM39A|DDX3X|CNOT7|RAD23A|TOP2A|VAPB|ADARB1|TARBP2|PKN2|NOTCH1|GBP7|STAU1|LARP1|PDE12|PPIE|PPIH|DDB1|PPID|SRPK1,https://www.gsea-msigdb.org/gsea/msigdb/mouse/geneset/GOBP_POSITIVE_REGULATION_OF_VIRAL_GENOME_REPLICATION,24,ENR,GOBP_POSITIVE_REGULATION_OF_VIRAL_GENOME_REPLICATION,1.7535000000000001,1.41E-2,GOBP_POSITIVE_REGULATION_OF_VIRAL_GENOME_REPLICATION,FALSE,GOBP_POSITIVE_REGULATION_OF_VIRAL_GENOME_REPLICATION
37,1.60032627851896,1.60032627851896,1.60032627851896,0.97489999999999999,0.31009999999999999,8.6199999999999999E-2,1,H2-Q2|AP3B1|H2-Q4|H2-Q6|H2-Q7|H2-T24|AZGP1|H2-T3|H60C|ABCC1|RAET1E|CD1D1|CD1D2|H2-T23|ULBP1|B2M|H2-D1|TAP2|H2-K1|H2-M2|AP3D1|H2-M3|H2-Q1|H2-Q10,https://www.gsea-msigdb.org/gsea/msigdb/mouse/geneset/GOBP_ANTIGEN_PROCESSING_AND_PRESENTATION_VIA_MHC_CLASS_IB,24,ENR,GOBP_ANTIGEN_PROCESSING_AND_PRESENTATION_VIA_MHC_CLASS_IB,1.7763,2.5100000000000001E-2,GOBP_ANTIGEN_PROCESSING_AND_PRESENTATION_VIA_MHC_CLASS_IB,FALSE,GOBP_ANTIGEN_PROCESSING_AND_PRESENTATION_VIA_MHC_CLASS_IB
7,1.86012091359876,1.86012091359876,1.86012091359876,0.98619999999999997,0.24049999999999999,9.6100000000000005E-2,1,BMP4|HOXC11|FGFR4|CD34|TGFB1|HOXA11|GATA5|FGF10|GDNF|SOX8|SPRY1|NGFR|MSX1|WNT2B|FGF3|RBPJ|SIX1|BMP2|CSF1|CTNNB1|AR|PRKCB|EDNRA|STOX1|FGF1|GATA3|FGFR1|SIX4|WNT4|FRS2|SOX9|ROBO1|WNT2|EDN1|MESP1|ROBO2|FGF2,https://www.gsea-msigdb.org/gsea/msigdb/mouse/geneset/GOBP_POSITIVE_REGULATION_OF_ANIMAL_ORGAN_MORPHOGENESIS,37,ENR,GOBP_POSITIVE_REGULATION_OF_ANIMAL_ORGAN_MORPHOGENESIS,1.7425999999999999,1.38E-2,GOBP_POSITIVE_REGULATION_OF_ANIMAL_ORGAN_MORPHOGENESIS,FALSE,GOBP_POSITIVE_REGULATION_OF_ANIMAL_ORGAN_MORPHOGENESIS
6,2.74472749489669,2.74472749489669,2.74472749489669,1,0.22850000000000001,3.3E-3,0.191,GAB1|HMGB1|IGF1|NRP1|IGF2|P2RX4|MEF2C|TGFB1|DLL4|PDPK1|PRKCA|TMSB4X|NOTCH1|EPHA2|EFNA1|TGFBR3|PIK3R2|PRKD1|ACVRL1|PIK3C2A|RHOA|HSPB1|NFE2L2|STARD13|ALOX12|HDAC5|MEOX2|THBS1|AKT1|HDAC9|MECP2|PRKD2|MAP2K5|PLCG1|TBXA2R|TNF|ANXA1|SP1|AKT3|SH3BP1|ANGPT1|HDAC7|ROBO4|PDCD10|ITGB1BP1|AMOTL1|COL18A1|FBXW7|GADD45A|CIB1|SPRED1|CSNK2B|PPARG|ADAM17|PLG|JUP|VASH1|AMOT|ANGPT2|KDR|KLF4|PTGS2|ABL1|MAP2K3|NUS1|MMRN1|NF1|APOE|HMOX1|CARD10|FGFR1|MMRN2|SIRT1|ATP2B4|PRCP|GATA2|HIF1A|MAP3K3|STAT5A|PLK2|FGFBP1|PDGFB|VEGFC|VEGFA|HRG|NOS3|RHOJ|ETS1|SRPX2|CD40|FGF18|FOXC2|FGF2,https://www.gsea-msigdb.org/gsea/msigdb/mouse/geneset/GOBP_REGULATION_OF_BLOOD_VESSEL_ENDOTHELIAL_CELL_MIGRATION,93,ENR,GOBP_REGULATION_OF_BLOOD_VESSEL_ENDOTHELIAL_CELL_MIGRATION,2.5769000000000002,0,GOBP_REGULATION_OF_BLOOD_VESSEL_ENDOTHELIAL_CELL_MIGRATION,FALSE,GOBP_REGULATION_OF_BLOOD_VESSEL_ENDOTHELIAL_CELL_MIGRATION
7,2.74472749489669,2.74472749489669,2.74472749489669,1,0.2036,5.5899999999999998E-2,1,BMP4|HOXC11|OSR1|NOTCH1|FZD6|GLI3|FUZ|TMEM107|GLI2|TTBK2|CTNNB1|HDAC1|IHH|FREM2|TBX2|TBX3|GNAQ|LRP4|BAX|IFT88|GAS1|NOG|IFT52|IFT140|TWIST1|CHST11|C2CD3|TULP3|BMPR1A|ALX4|ECE1|B9D1|TMEM231|BCL2L11|SHH|HOXA11|WNT5A|MYCN|IFT122|TRAF3IP1|MSX1|MKS1|MSX2|WDPCP|GNA12|HDAC2|GJA1|OSR2|HAND2|SALL1|LRP6|PRICKLE1|ZBTB16|GRHL2|FBXW4|INTU|SFRP2|ROR2|LRP5|RAB23|SMAD4|MEGF8,https://www.gsea-msigdb.org/gsea/msigdb/mouse/geneset/GOBP_EMBRYONIC_DIGIT_MORPHOGENESIS,62,ENR,GOBP_EMBRYONIC_DIGIT_MORPHOGENESIS,1.8915999999999999,0,GOBP_EMBRYONIC_DIGIT_MORPHOGENESIS,FALSE,GOBP_EMBRYONIC_DIGIT_MORPHOGENESIS
27,2.6989700043360201,2.6989700043360201,2.6989700043360201,0.998,0.32069999999999999,4.3200000000000002E-2,1,DHX33|P2RX7|CD36|ZDHHC5|GBP2|PPP2CA|ZDHHC1|GBP5|GM12250|PRKD1|TLR6|MAPK8|MYD88|PTPN22|TLR4|ATAT1|NEK7|DDX3X|LATS1|LATS2|PLCG2|BTK|MAVS|BRCC3|CASP4|MARK4,https://www.gsea-msigdb.org/gsea/msigdb/mouse/geneset/GOBP_POSITIVE_REGULATION_OF_INFLAMMASOME_MEDIATED_SIGNALING_PATHWAY,26,ENR,GOBP_POSITIVE_REGULATION_OF_INFLAMMASOME_MEDIATED_SIGNALING_PATHWAY,1.9631000000000001,2E-3,GOBP_POSITIVE_REGULATION_OF_INFLAMMASOME_MEDIATED_SIGNALING_PATHWAY,FALSE,GOBP_POSITIVE_REGULATION_OF_INFLAMMASOME_MEDIATED_SIGNALING_PATHWAY
15,2.3979400086720402,2.3979400086720402,2.3979400086720402,0.996,0.1028,3.6999999999999998E-2,1,MAD2L2|APOA1|APOA2|DUSP3|NOLC1|PLXNB3|BSCL2|RPL23|SERPINE1|PARP9|WWTR1|FEM1A|PSEN1|BANF1|PRKCH|SFRP5|RPL5|RRP1B|DGKH|BMP2|HSPB1|PKN1|SLC4A1|PTK6|PRKCD|DUSP1|ECM1|LRRK2|PKIA|UCHL1|DTX3L|PYCARD|IL7|TMED2|MAPK8IP1|GADD45B|SERPINB9|SERPINB9B|NPPA|ZFP36|LRCH1|PTPN2|SMAD7|SOCS5|ARFGEF1|RCC2|CHMP6|GZMA|ADIPOQ|EIF4A2|SFRP1|PTX3|CBLC|SHB|GPRC5A|SOCS4|SERPINE2|TNFAIP3|VPS25|PPIA|ZFYVE28|HNRNPU|ZGPAT|AMOT|ABL1|APOE|ORMDL3|MKKS|MSTN|AKAP5|TRIM27|ATP2B4|NUP62|CAST|RD3|RPL11|GLA|MYOCD|TSC2|LIMK1|ANGPTL4|HIPK3|PRKCA|CYP27B1|EPHA1|CAV3|HEG1|RPS7|AGT|BBS4|BAG5|AKT1|APOC3|ARL2|ANGPTL3|PHPT1|RASIP1|APOC1|CRB2|SERPINB13|SERPINB8|SPINK6|CAMK2A|HPN|SPOCK1|SPOCK3|TIMP3|PKIB|PNKP|CAV1|CEACAM1|PALM|TERF2|BAG4|TINF2|CLN8|DNAJA3|ITGB1BP1|UBXN1|DTNBP1|FBXO7|SORT1|PTPRO|RECK|TIMP1|AIDA|LRP6|SMYD3|CSTB|SPINK5|TIMP2|ADARB1|DAB2IP|NF1|MAPT|SERPINB6A|PRDX5|SERPINB6B|SERPINB6C|MTRR|GPSM1|PLA2R1|CST3|IL1B|NOS3|LYN|VTN|PPM1E|RGS2|PPM1F|NR2F2|PPP1R12A|APCS|TFAP4|RB1|NOTCH1|PDCD4|FABP4|SPRY1|PLIN5|OXA1L|PRDX3|FBXO5|PARK7|MIDN|DFFA|GCKR|PSEN2|CST7|RAP1GDS1|PTPN6|PTEN|PTPN22|PTPRC|DNAJA1|GSTP1|SNCA|GSTP2|INCA1|HHEX|TNF|SLC27A4|SLC8A1|PLK1|CAND1|CHORDC1|PTPRJ|DEPTOR|IFNG|SPINK2|ADAR|AKT1S1|THY1|TMBIM6|CDK5RAP3|CDKN2A|CDK5RAP1|GMIP|PTPN1|UBASH3B|SPRY4|DUSP19|WNK1|PLEC|WNK4|DUSP7|NOSIP|PPARG|CASP3|CDKN1B|TMBIM1|PTPRB|PTPRH|PKIG|BLVRA|PTPRT|SIRT1|PRKAR1A|GFI1|TMEM132C|NF2|DBNDD2|HMGCR|MLLT1|STFA1|RDX|SH3BP5|STFA2|STFA2L1|NEIL1|STFA3|GSK3A|TRIB3|ERRFI1|PRKRIP1|INPP5K|TAF7|INS1|INS2|APC|CDKN2C|HEXIM2|IRS2|NPRL2|PAQR3|LEPR|MT3|SRCIN1|USP44|CLN3|TMED10|CDKN1C|STK38|MEN1|CD300A|DUSP10|DUSP22|CORO1C|SH3BP4|NQO1|GNAQ|PRKAG2|SETD7|GADD45G|FETUB|SMPD1|IRAK3|GADD45A|BAG2|ENG|NES|TTC8|DNAJC3|SPRED1|GRN|SERPINB1A|SERPINB1B|SERPINB1C|HYAL2|MVP|TRIB1|NPM1|GGNBP2|LATS1|LATS2|GAPDH|RGS14|SFRP2|MAD2L1|APBA3|BIN1|SPRY2|TERF1|TSG101|CDKN1A|NFKB1|XRCC1|KAT2B|COX11,https://www.gsea-msigdb.org/gsea/msigdb/mouse/geneset/GOBP_NEGATIVE_REGULATION_OF_CATALYTIC_ACTIVITY,299,ENR,GOBP_NEGATIVE_REGULATION_OF_CATALYTIC_ACTIVITY,2.0146999999999999,4.0000000000000001E-3,GOBP_NEGATIVE_REGULATION_OF_CATALYTIC_ACTIVITY,FALSE,GOBP_NEGATIVE_REGULATION_OF_CATALYTIC_ACTIVITY
47,2.74472749489669,2.74472749489669,2.74472749489669,1,0.10440000000000001,1.14E-2,0.80700000000000005,DLG5|DTX1|HES5|LPAR1|PFKFB3|LAMB2|CDK5R1|ERBB2|FGF10|SOX8|GLI3|CDKN2B|GPM6B|PSEN1|CD9|PRKCH|TSPAN2|TLR2|EED|TLR4|BMP2|CSF1|HDAC1|MAP2K2|CLCN2|HMGA2|RAF1|STAT3|MBD1|MAP2K1|MAPK1|AKT2|GAP43|CKAP5|RNF112|MDK|IL34|MMP14|SRGAP2|SUZ12|DAG1|HEXB|CNTN1|EIF2B1|EIF2B2|MXRA8|NKX2-2|EIF2B3|EIF2B4|EIF2B5|EZH2|FLT1|CCDC39|CYSLTR1|DCX|GCM2|EFEMP1|SCRIB|PAFAH1B1|ARHGEF10|MYD88|MBOAT7|TMEM98|SERPINE2|SMARCA4|KDM4A|RRAS2|KLF15|LIN28A|PTN|TNFRSF1B|ABL1|METTL3|ROR2|RTN4|ULK4|S100A8|SOS1|P2RY1|SOX11|SOX13|SOX4|PDGFB|NTF3|NTN1|ROR1|MYOC|NTRK3|ATP1B2|CLU|PI4KA|BMP4|SYNJ1|CSPG5|NFIX|TGFB1|TREM2|CREB1|TSPO|PTK2|PRX|SHANK3|ZMIZ1|AGT|DBI|MATN2|NFIB|RRAS|C1QA|SOD1|GPR37L1|WASF3|DMD|ERBB3|SOX5|TTC21B|ARRB2|ABCC1|AKT1|TIAM1|ABCC8|CDH2|PRKCI|CCL12|PTPN11|ADORA2A|BNIP3|CCL2|COL6A1|BOK|ADAM22|CDK5|CSPG4|CCL3|EGR2|KRAS|CNTNAP1|GJC2|CNTNAP2|CCR2|GRIN1|OMG|DNER|LAMA2|LAMB1|SUN1|SOX6|NAGLU|GFAP|PTPRA|CX3CL1|IDH2|SKI|SMO|ARHGEF7|LRP6|MFN2|LRP2|AREG|ETV5|ZCCHC24|F2|GRB2|KCNJ10|MYC|ITGAM|DAB2IP|NDP|NF1|PLAG1|NR3C1|NTRK2|GPR183|STAP1|IL1B|LYN|CRKL|VTN|PRDM8|PAX6|NLGN3|LTA|NDUFS2|FGFR3|P2RX4|RB1|FA2H|SUN2|NOTCH1|SOX10|SYNE2|TAL1|PPP3R1|RHOA|PTK2B|ACTR3|NDRG1|PTEN|DLL1|ATF5|ZEB2|ATOH1|RELN|BAG1|CASZ1|SLC25A46|CYSLTR2|GSTP1|DAAM2|DAB1|S100A9|DLL3|DLX2|TNF|ID4|MYB|TNFRSF21|ORC3|ILK|TRF|ARSG|ITGB4|LINGO1|MAG|NKX6-2|SOCS7|MIOS|PTPRJ|RNF10|VPS13A|NFE2L1|IFNG|TGFB2|TPPP|MFSD8|SHH|OLIG1|VIM|DUSP15|EXOC4|ANXA7|HDAC2|MED12|PLEC|PLP1|CUL4B|PPARG|NRG1|GPC1|AGER|LGI4|METTL14|DISC1|NAB1|NAB2|ASCL2|SH3TC2|VPS54|ATXN1|ZFP365|NDN|DHH|PTPRB|TRP73|HDAC11|CNTN2|DICER1|NKX2-1|PTPRZ1|SIRT2|ENPP1|MAL|NF2|SLC45A3|COL3A1|SOX9|EGFR|B4GALT5|B4GALT6|ERCC2|FN1|LAMC3|METRN|WDR1|LDLR|IFNGR1|IGF1|IL6ST|LRP1|ID2|APCDD1|FUBP1|ANO1|CDKN2C|PARD3|CDK6|ASPA|LEPR|MTOR|PMP22|SLC7A5|CSK|NR1D1|MAPK3|CX3CR1|DUSP10|NCSTN|EOMES|CTNNB1|CXCR4|EPHA4|PPP1CC|FAS|MECP2|TRPC4|MMP24|HES1|PENK|C5AR1|NFIA|NOG|PHGDH|TCF7L2|TRP53|P2RY12|WDR47|TUBA1A|APP|EMX1|MYCN|SPINT1|PAX2|VCAN|ABL2|GRN|LRP8|NKX6-1|RHEB|LIF|CDK5R2|FKRP|IL33|NSUN5|GPR157|IL6|PICK1|RELA|BIN1|POU3F1|E2F1|PRMT5|PRPF19|VEGFC|ABCA2|CSF1R|ENPP2|LEF1|CNP|FGF2,https://www.gsea-msigdb.org/gsea/msigdb/mouse/geneset/GOBP_GLIOGENESIS,359,ENR,GOBP_GLIOGENESIS,2.2904,0,GOBP_GLIOGENESIS,FALSE,GOBP_GLIOGENESIS
8,2.2218487496163601,2.2218487496163601,2.2218487496163601,0.99399999999999999,0.1303,5.4600000000000003E-2,1,EIF2AK3|FBXL15|ATG4B|P2RX7|OSR1|IFT80|LTF|PHOSPHO1|FGFR3|MTSS1|NBR1|MEF2C|HERC1|NOTCH1|TXLNG|PPARA|FBXO5|FAM20C|GPNMB|GPM6B|HOXA3|PTK2B|ALPL|ASGR2|BMP2|BCOR|BMP6|RXRA|NFE2|SMAD3|SNX10|SBDS|ACVR2A|TBX1|ECM1|SLC8A1|WNT4|MGP|GREM1|COMP|STIM1|CNNM4|TWIST1|TCIRG1|SUV39H1|FOXO1|MIA3|AHSG|ACVR2B|GCM2|HEY2|NOTUM|BMPR1B|FAM20A|PTN|BMPR2|PTGS2|SLC20A1|BMP2K|SLC20A2|ADRB2|NELL1|SLC24A3|S1PR1|DICER1|FGFR1|TRPM4|ENPP1|LGR4|ANO6|SOX9|PTHLH|SLC4A2|GLA|ERCC2|DDR2|TUFT1|BMP4|IGF1|WNT10B|NFIX|TGFB1|BGLAP|BGLAP2|CYP27B1|KL|ATF4|ATP2B1|CFTR|ITGB6|ALOX5|MINPP1|CCR1|SMPD3|COL1A2|SBNO2|FBN2|ACVR1|PKDCC|ACTN3|FGFR2|GPC3|ICMT|ALOX15|MMP13|IFITM5|CLEC3B|HEY1|FOSL2|ANK|AXIN2|COL6A1|CEBPB|PHEX|TCF7L2|PTH1R|BMPR1A|SGMS2|ITGB1BP1|TFAP2A|COL1A1|WNT11|RXRB|FAM83H|FGR|VDR|ASXL2|MSX2|TMEM119|ASPN|DLK1|FZD9|GJA1|OSR2|WNT6|LOX|RUNX2|TMEM38B|GAS6|KLF10|LTBP3|SRGN|PRICKLE1|FKRP|SPP1|ROGDI|ISG15|ZMPSTE24|TFIP11|CD276|GATA1|HIF1A|ATP2B2|AMTN|WLS|CSF1R|BMP7|NOS3|WDR72,https://www.gsea-msigdb.org/gsea/msigdb/mouse/geneset/GOBP_BIOMINERAL_TISSUE_DEVELOPMENT,159,ENR,GOBP_BIOMINERAL_TISSUE_DEVELOPMENT,1.8988,6.0000000000000001E-3,GOBP_BIOMINERAL_TISSUE_DEVELOPMENT,FALSE,GOBP_BIOMINERAL_TISSUE_DEVELOPMENT
3,2.74472749489669,2.74472749489669,2.74472749489669,1,0.25740000000000002,1.49E-2,0.91,TYRO3|FGFR4|LRP1|EPHB4|FGFR3|ERBB2|INSR|DDR1|EPHA2|EPHA1|FLT3|EPHB3|EPHA5|EPHB2|SRC|EPHA4|FGFR2|TIE1|ERBB4|CLASP2|HIP1|NTRK1|MERTK|MUSK|INSRR|FLT1|PTPN2|TEK|EPHA3|PTPN1|LOX|MST1R|LTK|HIP1R|AXL|KIT|RET|KDR|ABL1|ROR2|MET|EPHA7|PDGFRA|FGFR1|PDGFRB|FLT4|NTRK2|PDGFA|PDGFB|CSF1R|EGFR|NTRK3|MYOCD|EPHB1|DDR2|IGF1R,https://www.gsea-msigdb.org/gsea/msigdb/mouse/geneset/GOBP_PLATELET_DERIVED_GROWTH_FACTOR_RECEPTOR_BETA_SIGNALING_PATHWAY,56,ENR,GOBP_PLATELET_DERIVED_GROWTH_FACTOR_RECEPTOR_BETA_SIGNALING_PATHWAY,2.2355,0,GOBP_PLATELET_DERIVED_GROWTH_FACTOR_RECEPTOR_BETA_SIGNALING_PATHWAY,FALSE,GOBP_PLATELET_DERIVED_GROWTH_FACTOR_RECEPTOR_BETA_SIGNALING_PATHWAY
4,1.7166987712964501,1.7166987712964501,1.7166987712964501,0.98080000000000001,8.3599999999999994E-2,9.9599999999999994E-2,1,EDEM2|OXCT1|P2RX7|RAB34|PFKFB2|DNM1L|CDK5R1|ERBB2|TM9SF4|ARHGEF5|PRKAA1|FIS1|GLI3|TMEM132A|PSMD9|ORAI1|PSEN1|CDC42|TLR2|HCFC1|TLR4|SIRT6|TMEM30A|UNC13B|APBB1|HDAC3|HNF1A|SRC|PRKCB|PRKCD|PRKCQ|PRKCZ|SERP1|C1QTNF3|MAPK1|RBP4|AKT2|CD38|ABAT|CHRM3|NADK|TPR|SEC24A|TMEM97|IER3IP1|TRIM28|UBR5|XPO4|CEP120|CEP135|ATP2C1|C2CD2L|EIF3E|F2RL1|GHRL|PRR5L|RAPGEF4|JUP|PPIA|ANP32B|MYH9|APOE|OSBP|AKAP5|SOX4|TRPM4|BAD|ANK3|RAN|AACS|ARF1|ASPH|NMU|ZC3H12A|CACNA1C|CACNA1D|MYO1C|CACNB3|TRPM2|TGFB1|TRPM5|ACSL3|XBP1|ACSL4|BGLAP2|F2RL2|TREM2|PTGER4|SEC16B|TMEM30B|CFTR|PIK3R2|AGT|ANG|COMMD1|GNA11|PIK3R1|SORL1|CCT2|CCT3|ATG7|CCT4|ATP13A2|CCT5|CCT6A|NLGN2|BBC3|CCT7|OAZ2|CCT8|ABCC8|CDK1|ADORA2A|FLNA|CCL2|CAPN10|CDK5|BRCA1|FYN|ZFP384|CASR|TCP1|GLUD1|GPR39|ZFAND1|BAG3|BCAP31|SH3GLB1|ITGB1BP1|WRAP53|CD81|FBXW7|HPCA|CORO2B|HSPA1L|IL13|GJA1|PTPN5|BAIAP3|ARRB1|IL1A|GOLPH3|SMO|LRP2|MLXIPL|LRRC8A|TOMM7|A1CF|F2|CAMK1|ARF6|ITGAM|FGA|FGB|NR0B2|KCNN4|MFF|PAK1|RFX6|SYBU|STX4A|SNAP25|ANKRD1|VAMP8|CAMK2N1|DYNLL1|OAZ1|PDCD5|PCK2|MYRIP|PMAIP1|WIPF1|PPP3CB|PRKCE|PRKD1|PLA2G6|PPARD|PRNP|ACTR3|HCLS1|PTPN22|EMD|RAPGEF3|SFN|SIRT3|TNF|TOMM70A|MAPK14|PCM1|APBB3|B3GAT3|NNAT|STIM1|TM7SF3|RUFY3|PPID|STOM|VPS35|NR1H2|IFNG|TGFB2|FFAR2|HNRNPM|PDCD10|KIF20B|TRPC1|SHH|CTDSPL2|CIB1|ABCG1|ADAM9|SLC2A2|VAMP2|ANXA7|YWHAE|BSG|PPM1A|PPARG|PRKACA|MYH10|CDH1|SLC35D3|MYOM1|GOLPH3L|ADCY10|PTGS2|NCOA6|CAMK4|SIRT1|PRKAR1A|DKC1|ECT2|PLCB1|EGFR|GCK|GNAS|GSK3A|TTN|GSK3B|TNFRSF1A|ZDHHC2|DCTN1|GIPR|IGF1|GPLD1|LRP1|INS1|INS2|ANO1|IRS2|PTBP1|VPS28|KCNB1|LEPR|GLUL|ARPC2|CLN3|TMED10|MDM2|PFKM|CASK|CEP290|RBM22|CHRM1|DMAP1|HSP90AA1|HSP90AB1|GCG|GLP1R|MMP13|GNAQ|PCSK1|PLK3|PDX1|FGG|ERGIC3|IPO5|KIF3A|NR1H4|ISL1|ITPR1|BLK|UCN3|KIF5B|TCF7L2|SLC30A8|PCNT|PDZK1|PTP4A3|MYO18A|FRMD4A|TEK|TGFB3|APP|CD2AP|NUTF2|PARD6A|GPR68|GAS6|NKX6-1|EXPH5|HYAL2|EP300|DOC2B|FTO|IL6|TARDBP|EFCAB7|UACA|SYTL4|VSNL1|ZIC1|JAK2|PTPN23|MAVS|PGRMC1|HIF1A|TSG101|RAC1|WLS|VEGFC|PRPF4B|CNST|EDEM1,https://www.gsea-msigdb.org/gsea/msigdb/mouse/geneset/GOBP_POSITIVE_REGULATION_OF_ESTABLISHMENT_OF_PROTEIN_LOCALIZATION,324,ENR,GOBP_POSITIVE_REGULATION_OF_ESTABLISHMENT_OF_PROTEIN_LOCALIZATION,1.7311000000000001,1.9199999999999998E-2,GOBP_POSITIVE_REGULATION_OF_ESTABLISHMENT_OF_PROTEIN_LOCALIZATION,FALSE,GOBP_POSITIVE_REGULATION_OF_ESTABLISHMENT_OF_PROTEIN_LOCALIZATION
1,2.74472749489669,2.74472749489669,2.74472749489669,1,0.24929999999999999,0,0,CEP68|HEPACAM2|UXT|NDE1|PPP1R12A|CCNF|CHD3|CHMP5|CDK2|CEP63|VPS4B|CC2D1A|NUBP1|ATF5|GEN1|E2F4|SLC16A1|BRCA2|ALMS1|CCDC42|CCDC78|CLASP1|CLASP2|CKAP5|STIL|PCM1|PLK1|CHORDC1|CETN2|4933427D14RIK|POC1B|C2CD3|CCDC15|CCDC57|CCDC61|CEP120|CEP135|CEP152|XRCC2|CEP72|XRCC3|CEP76|NDC80|CETN4|NEK2|CHMP1A|CHMP1B|CHMP2A|CROCC|CHMP2B|CHMP3|CHMP4C|CNTROB|SDCCAG8|PAFAH1B1|D7ERTD443E|FBXW11|ARHGEF10|OFD1|HAUS1|HAUS2|PDCD6IP|CHMP4B|HAUS3|GCC2|HAUS4|HAUS5|HAUS6|HAUS7|HAUS8|KIF11|NSFL1C|KIF15|POC1A|RANBP1|UBXN2B|KIFC1|ULK4|XPO1|MDM1|SIRT1|NUP62|PLK2|PLK4|POC5|PPP1R35|CNTLN|PKHD1|RTTN|SAC3D1|SASS6|SPICE1|PARD6B|CCNL1|DCTN1|PARD6G|CCNL2|PDE4DIP|CDK11B|DNM2|WDR62|WDR90|KAT2A|ROCK2|AZIN1|RBM14|MAPK8|SSX2IP|BBS4|TRIM37|BRSK1|CEP250|CTNNB1|ARL2|AURKA|BNIP2|KIF3A|ITGB1BP2|MARK4|BRCA1|NAT10|TUBA1A|GADD45A|NDEL1|TMEM67|FBXW5|PARD6A|USP33|NPM1|UVRAG|CDK5RAP2|CEP192|GOLGA2|DYNC1LI1|MCPH1|FOXJ1|FES|NIN|CHEK1|KAT2B|DZIP1,https://www.gsea-msigdb.org/gsea/msigdb/mouse/geneset/GOBP_MICROTUBULE_ORGANIZING_CENTER_ORGANIZATION,141,ENR,GOBP_MICROTUBULE_ORGANIZING_CENTER_ORGANIZATION,3.4531999999999998,0,GOBP_MICROTUBULE_ORGANIZING_CENTER_ORGANIZATION,FALSE,GOBP_MICROTUBULE_ORGANIZING_CENTER_ORGANIZATION
8,2.0315170514460599,2.0315170514460599,2.0315170514460599,0.99070000000000003,8.2299999999999998E-2,5.2999999999999999E-2,1,MAP3K7|BAMBI|MTSS1|SIX2|HERC1|SOX8|EPHA2|WWTR1|FIGNL1|IFI204|GPM6B|RPL38|BCOR|CSF1|GDF10|RXRA|KREMEN1|KREMEN2|MKX|SOST|TMEM53|CALCA|ECM1|EXT1|MAPK1|IGSF10|TOB1|GREM1|COMP|DHX36|RSAD2|BMP8A|NPPC|NPR2|INPPL1|MIA3|SMAD7|GCM2|HAND2|IGFBP5|NOTUM|TMCO1|TNFRSF11A|COL2A1|PTN|BMPR2|TRAF6|S1PR1|TRPM4|LGR4|TNFAIP6|VEGFA|MYOC|NFATC1|IFITM1|NPNT|NFIX|TGFB1|PTGER4|PTK2|RYR1|IPO7|WNT3|WNT7B|ALOX5|MINPP1|SMAD1|SMAD5|SMPD3|COL1A2|FBN2|PKDCC|ACTN3|TACR1|MEF2D|GPC3|AKT1|PTPN11|ANK|COL6A1|CCL3|PTH1R|CASR|FERMT2|BMPR1A|SGMS2|FHL2|GDF5|MYF5|GABBR1|MSX2|PAM16|NIPBL|ASPN|GJA1|OSR2|RUNX2|SHOX2|TMEM38B|SKI|SMAD6|TRP63|SMO|ZBTB16|TPH1|MAP2K6|SPP1|ATP6V0A4|ZMPSTE24|MYOG|NF1|GATA1|OXT|P2RY2|BMP7|ANKRD11|SCX|SEMA4D|ADAMTS7|IFT80|LTF|ESRRA|PHOSPHO1|FGFR3|PLXNB1|THBS3|MEF2C|NOTCH1|RASSF2|TXLNG|TOB2|CITED1|RHOA|DDX5|NFE2|TMEM64|SNX10|ACVR2A|TNF|BMP1|TAC1|A430033K04RIK|ERH|GDPD2|HDAC7|CTNNBIP1|HEMGN|LRP3|NR1I3|PDLIM7|TRP53INP2|ZHX3|ADAR|CHRDL1|CHSY1|SHH|CSGALNACT1|ACVR2B|EXT2|GALNT3|WWOX|PRKACA|NAB1|NAB2|ADCY10|ZFP932|ENPP1|PTHLH|SMURF1|GNAS|ERCC2|CLEC11A|GSK3B|IGF1|GPLD1|IGF2|IL6ST|CHRDL2|CRIM1|ID2|XYLT1|JUNB|JUND|KL|MAPK3|MAPK8|MEN1|SBNO2|DCHS1|FGFR2|TNFSF11|HDAC8|MMP13|CCDC134|IFITM5|SCUBE2|HEY1|REST|PENK|SMAD2|LRP4|CEBPB|NOG|TCF7L2|SETD2|MMP16|SOX2|TFAP2A|FGR|WNT5A|TWIST2|ASXL2|DLK1|KLF10|SRGN|FKRP|FSTL3|ISG15|CBFB|GIT1|CLEC5A|ACHE|CD276|HDAC4|HIF1A|CREB3L1|CSF1R|ADAMTS12|GLIS1|FGF18|FGF2|FBXL15|P2RX7|NBR1|GLI3|FAM20C|GPNMB|RBPJ|HOXA3|ALPL|ASGR2|LRRC17|H3F3A|BMP2|H3F3B|BMP5|BMP6|HOXA2|IGFBP2|IHH|DHRS3|RORB|SBDS|SIRT7|WNT4|DLX5|MDK|MMP14|CEBPD|SUV39H1|AHSG|RUNX1|RUNX3|SFRP1|CTSK|ASF1A|BMP2K|SLC20A2|ADRB2|NELL1|SLC24A3|SOX11|ANO6|GLA|HIRA|CBS|BCL2|BMP4|TWSG1|CHRD|CYP24A1|WNT10B|WNT3A|BGLAP|BGLAP2|CYP27B1|AHR|SMOC1|ACVR1|THRA|ALOX15|CLEC3B|CEBPA|EGR2|COL11A2|SATB2|UCMA|GRP|RXRB|CTHRC1|SORT1|SUN1|CALCR|TMEM119|FZD9|LTBP3|LRP6|AREG|RANBP3L|LMNA|LRP5|EIF2AK3|OSR1|SH3PXD2B|ACVR1B|PEX7|TGFBR3|MAPK11|PPP3CA|FBXO5|GLI1|PRKD1|GLI2|ID3|PTK2B|IGFBP3|FNDC3B|SMAD3|HDAC5|COL13A1|SP1|ID1|BMP3|ID4|SLC8A1|ILK|MGP|MAPK14|SP3|TWIST1|TCIRG1|SIK3|HSPG2|BMPR1B|PPARG|PTGS2|DHH|EBP|FGFR1|SMAD4|SOX9|DDR2|APC|CDK6|COL5A2|PBX1|PRMT3|ATF4|ATP2B1|CLIC1|SNAI1|SNAI2|CCR1|COL11A1|THRB|CTNNB1|ICMT|TAPT1|SLC26A2|FOSL2|AXIN2|MN1|PHEX|COL1A1|STC1|WNT11|PPARGC1B|KAZALD1|VDR|FZD1|FGF9|LOX|MMP2|PRICKLE1|FOXC1|PTCH1|FTO|IL6|INTU|ROGDI|SFRP2|JAG1|SCUBE3|YAP1|ATP6V1B1|VEGFC|LIMD1|LEF1|FAT4|FOXC2,https://www.gsea-msigdb.org/gsea/msigdb/mouse/geneset/GOBP_OSSIFICATION,400,ENR,GOBP_OSSIFICATION,1.9056999999999999,9.2999999999999992E-3,GOBP_OSSIFICATION,FALSE,GOBP_OSSIFICATION
7,2.74472749489669,2.74472749489669,2.74472749489669,1,0.17299999999999999,4.7699999999999999E-2,1,SCYL3|GDF11|PAX6|TCTN1|DCTN1|CHRD|PHOX2A|IFT80|LHX1|NFIX|WNT3A|DLL4|NEUROG3|NOTCH1|PKD2|SLIT1|SUFU|TAL1|MTOR|GLI3|FUZ|GLI2|DLL1|LMO4|PLXDC1|RELN|VIT|DYNC2H1|DAAM2|AKT1|DAB1|MECP2|TBX20|HOXC10|MPST|VLDLR|ISL1|NKX6-2|GDPD5|IFT88|PTPRS|NOG|PHGDH|LONRF2|IFT172|PAX7|SUZ12|CACNA1A|NFE2L1|ABT1|NKX2-2|TULP3|GRIA1|BAG3|CLN8|NEFL|ISL2|SHH|GDNF|HOXD10|FOXP1|SOX6|IFT122|HOXB8|MED12|WNT1|ACTL6A|LRP8|NKX6-1|SMO|PTCH1|PKD1|ZC4H2|INTU|GIGYF2|PBX3|ADARB1|NF1|ZIC1|SOX11|DICER1|SOX12|SOX13|GATA2|SOX4|ENPP1|RAB23|ERCC2|IGHMBP2|LOXL3|SCYL1,https://www.gsea-msigdb.org/gsea/msigdb/mouse/geneset/GOBP_SPINAL_CORD_DEVELOPMENT,91,ENR,GOBP_SPINAL_CORD_DEVELOPMENT,1.9333,0,GOBP_SPINAL_CORD_DEVELOPMENT,FALSE,GOBP_SPINAL_CORD_DEVELOPMENT
4,2.74472749489669,2.74472749489669,2.74472749489669,1,0.14050000000000001,1.1000000000000001E-3,0.04,OXCT1|P2RX7|RAB34|PFKFB2|DNM1L|PFKL|SYT7|TMEM132A|CD200|PSMD9|ORAI1|TLR2|ADRA2A|HCFC1|RPTOR|TLR4|ACVR1C|SIRT6|UNC13B|APBB1|HNF1A|BRSK2|PRKCB|ZBED6|PRKCQ|SERP1|UCP2|C1QTNF3|RBP4|CD38|G6PC2|ABAT|CHRM3|NADK|SEC24A|IER3IP1|RSAD2|BIRC5|JAGN1|FOXO1|C2CD2L|F2RL1|GHRL|GJA5|RHBDD3|ARFIP1|SIDT2|SFRP1|RAPGEF4|KLF7|PPIA|PIM3|TBC1D1|MYH9|PDE4C|APOE|EFNA5|PDE8B|OSBP|ENSA|SOX4|TRPM4|BAD|AACS|ARF1|NMU|CNR1|CPT1A|SLC25A22|CACNA1C|CACNA1D|ENY2|PDE3B|TRPM2|TGFB1|TRPM5|ACSL4|BGLAP2|F2RL2|TREM2|PTGER4|MAP4K4|CFTR|AGT|ALOX5|ANG|AHI1|GNA11|PTPRV|DRD4|ATG7|ATP13A2|F2R|NLGN2|TIAM1|ABCC8|ANXA1|FKBP1B|PTPN11|ADORA2A|CAPN10|STXBP4|CCL5|PTPMT1|ZFP384|NEO1|CASR|GLUD1|GPR39|HADH|IL13|GJA1|BAIAP3|IDH2|ARRB1|IL1A|GOLPH3|MLXIPL|LRRC8A|MUP1|MUP2|A1CF|F2|MUP3|KCNJ11|MUP5|ARF6|FGA|FGB|KCNJ6|NR0B2|LRP5|KCNN4|KCNQ1|RFX6|SYBU|DPH3|STX4A|SNAP25|ANKRD1|NOS2|VAMP8|IL1B|RHBDF2|CAMK2N1|DYNLL1|ABCA12|MYT1|PCK2|RFX3|MYRIP|PPP3CA|SLC12A2|PPP3CB|MIDN|PRKCE|PLA2G6|PPARD|PTGER3|RAP1GDS1|FBN1|CLOCK|SIRT3|HNF4A|SLC16A1|TNF|KRT20|NPFF|APBB3|SRI|NNAT|STIM1|TM7SF3|PPID|VPS35|NR1H2|TCIRG1|IFNG|NR1H3|TGFB2|FFAR2|FFAR3|TRPC1|RAB11FIP3|ABCG1|ADAM9|SLC2A2|ANXA5|ANXA7|BSG|PPARG|PRKACA|MYH10|HMGN3|MYOM1|CYP51|GOLPH3L|NCOA6|SIRT1|CELA2A|PRKAR1A|SIRT4|IDUA|GNAI1|PLCB1|HMGCR|SREBF1|EGFR|GCK|GNAS|TTN|FOXA2|GIPR|IGF1|GPLD1|LRP1|CDK16|INS1|INHBB|INS2|ANO1|IRS1|IRS2|PTBP1|KCNB1|LEPR|SRCIN1|NR1D1|GLUL|PER2|TMED10|PFKM|CASK|GNAZ|CRHR2|EPHA5|STXBP5L|SYT4|GCG|GLP1R|MADD|GNAO1|MMP13|GNAQ|PCSK1|PDE1C|PDX1|REST|FGG|NR1H4|ISL1|ITPR1|BLK|UCN3|CHGA|KIF5B|TCF7L2|RAB11FIP1|RAB11FIP5|SLC30A8|MYO18A|FRMD4A|RHBDF1|SERGEF|TGFB3|IL12A|IL12B|DNAJC1|CD2AP|PARD6A|GPR68|NKX6-1|EXPH5|ADCY5|EP300|NDUFAF2|DOC2B|FTO|IL6|PICK1|TARDBP|SYT9|SYTL4|VSNL1|JAK2|PTPN23|HIF1A|TFAP2B|RAC1|WLS|VEGFC|ERP29|CACNA1E,https://www.gsea-msigdb.org/gsea/msigdb/mouse/geneset/GOBP_REGULATION_OF_PROTEIN_SECRETION,293,ENR,GOBP_REGULATION_OF_PROTEIN_SECRETION,2.7837999999999998,0,GOBP_REGULATION_OF_PROTEIN_SECRETION,FALSE,GOBP_REGULATION_OF_PROTEIN_SECRETION
13,2.74472749489669,2.74472749489669,2.74472749489669,1,0.30530000000000002,1.17E-2,0.82,CEACAM1|TNFRSF1A|BMP4|ATOH8|BMPR1A|DSG2|AKAP11|XDH|CUL7|NOTCH1|VCL|IKBKB|ZEB1|ADD1|ROCK1|ROCK2|ACVRL1|CDH5|APOLD1|CLDN5|PROC|VEZF1|VHL|BMP6|CTNNB1|ETV2|TMEM100|TNF|JAG1|TGFBR1|F11R|DICER1|ID1|S1PR2|NOTCH4|BTG1|PLCB1|VEGFA|IL1B|FOXJ2|ZDHHC21|S1PR3,https://www.gsea-msigdb.org/gsea/msigdb/mouse/geneset/GOBP_REGULATION_OF_ENDOTHELIAL_CELL_DIFFERENTIATION,42,ENR,GOBP_REGULATION_OF_ENDOTHELIAL_CELL_DIFFERENTIATION,2.2858000000000001,0,GOBP_REGULATION_OF_ENDOTHELIAL_CELL_DIFFERENTIATION,FALSE,GOBP_REGULATION_OF_ENDOTHELIAL_CELL_DIFFERENTIATION
38,1.8446639625349399,1.8446639625349399,1.8446639625349399,0.98570000000000002,0.21540000000000001,8.9700000000000002E-2,1,ATM|ATR|DONSON|ETAA1|CDC14B|MBTPS1|CDK5RAP3|MBTPS2|ORC1|NBN|FZR1|FOXN3|ZFP830|D7ERTD443E|CLSPN|UIMC1|TAOK1|TAOK3|BRSK1|RINT1|CDC6|BLM|SYF2|CHFR|TRIM39|HUS1|HUS1B|INTS3|CCNG1|BARD1|FOXO4|MRE11A|TOPBP1|BRCC3|CDK1|CDKN1A|CHEK1|NAE1|CREB3L1|PLK1|RBBP8|IER3|BRCA1|MBD4|RAD17|TAOK2|DTL|RAD50,https://www.gsea-msigdb.org/gsea/msigdb/mouse/geneset/GOBP_MITOTIC_G2_M_TRANSITION_CHECKPOINT,48,ENR,GOBP_MITOTIC_G2_M_TRANSITION_CHECKPOINT,1.7659,1.43E-2,GOBP_MITOTIC_G2_M_TRANSITION_CHECKPOINT,FALSE,GOBP_MITOTIC_G2_M_TRANSITION_CHECKPOINT
56,2.74472749489669,2.74472749489669,2.74472749489669,1,0.1653,6.1999999999999998E-3,0.47799999999999998,GAB1|ITGA5|LRG1|SLC39A12|LGALS3|NRP1|SEMA5A|PDPK1|SMOC2|SERPINE1|CCR3|PRKD1|HSPB6|PTK2B|MTDH|DLL1|RAPGEF3|SIRT6|HSPB1|SASH1|CYSLTR2|HMGA2|PRKCB|STAT3|CXCR2|PRKD2|ECM1|TGFBR1|SP1|NTRK1|GREM1|BTG1|AKT3|MDK|STIM1|ITGB2|ITGB2L|DSG2|JMJD8|PAK4|PIK3R6|FLT1|ADM2|SHH|GATA4|GHRL|ADD1|CYSLTR1|RUNX1|WNK1|CDH5|NINJ1|JUP|PTGIS|ANGPT2|KLF4|ABL1|RTN4|ADAM12|AGTR1A|C3AR1|FGF1|SIRT1|HYAL1|CYBB|APLNR|NOTCH4|TGFBR2|SPHK1|VEGFA|TGM2|CD40|TNFRSF1A|ZC3H12A|HMGB1|IGF2|ITGAX|TGFB1|XBP1|JAK1|PRKCA|F3|EPHA1|FUT1|ADM|BMPER|ACVRL1|CTSH|ITGB8|CLIC3|CX3CR1|PGF|SMAD1|DDAH1|RRAS|CXCR3|PIK3CD|SEC1|HIPK2|EMP2|NRAS|PDCL3|NFE2L2|CXCR4|TLR3|C3|ERAP1|THBS1|TIE1|PLCG1|TBXA2R|PDCD6|ANGPTL3|CAMP|CCL11|ANXA3|AQP1|C5AR1|ISL1|CCL24|BRCA1|VEGFB|WARS2|CCL5|CD34|TEK|EMILIN1|EMILIN2|WNT5A|CYP1B1|ENG|ITGB1|ITGB3|PXN|RAMP2|GRN|IL1A|CXCL12|UTS2R|HGF|VASH2|IL10|KDR|SFRP2|CCBE1|HMOX1|GATA6|RHOB|GATA2|HIF1A|TJP1|HK2|HC|S100A1|VEGFC|CMA1|AGGF1|IL1B|NOS3|ETS1|CELA1|MMP9|CHI3L1|FGF18|FOXC2|FGF2,https://www.gsea-msigdb.org/gsea/msigdb/mouse/geneset/GOBP_POSITIVE_REGULATION_OF_VASCULATURE_DEVELOPMENT,166,ENR,GOBP_POSITIVE_REGULATION_OF_VASCULATURE_DEVELOPMENT,2.4228999999999998,0,GOBP_POSITIVE_REGULATION_OF_VASCULATURE_DEVELOPMENT,FALSE,GOBP_POSITIVE_REGULATION_OF_VASCULATURE_DEVELOPMENT
58,2.74472749489669,2.74472749489669,2.74472749489669,1,0.29599999999999999,4.4000000000000003E-3,0.29699999999999999,BBS1|TUB|LCA5|NPHP4|ARAP1|MAK|DRAM2|NXNL2|ABCA4|CEP290|SPATA7|AIPL1|BBS4|USH2A|CCDC66|SOD1|VHL|SLC28A2|PCDH15|BBS2|ERCC6|USH1C|CRB2|NPHP3|POC1B|TULP1|WHRN|PROM1|CLN8|BBS10|CDH3|BBS12|SLC2A1|CDH23|CROCC|CIB2|GNAT2|BSG|CNGB1|USP45|CDHR1|WDR36|PDE6A|NDP|USH1G|MKKS|IQCB1|SLC28A3|ESRRB|CLCN3|ATP1B2,https://www.gsea-msigdb.org/gsea/msigdb/mouse/geneset/GOBP_RETINA_HOMEOSTASIS,51,ENR,GOBP_RETINA_HOMEOSTASIS,2.5059,0,GOBP_RETINA_HOMEOSTASIS,FALSE,GOBP_RETINA_HOMEOSTASIS
,1.7351821769904601,1.7351821769904601,1.7351821769904601,0.98160000000000003,0.1757,8.0799999999999997E-2,1,FOXA2|GSK3B|SLC6A4|GDF11|PAX6|DTX1|HES5|ID2|FGFR3|SHOC2|MED1|WNT3A|PTBP1|CNTN4|MIB1|NOTCH1|SOX8|NBN|PBX1|GLI3|BEX1|B2M|PTGER3|RHOA|SOX21|DLL1|GPR37L1|CASZ1|DMD|APBB1|HOXA2|CTDSP1|DLX2|HES1|HEY1|REST|ID4|ISL1|LMX1A|MAG|HMG20A|IRX3|NOTCH3|CAV1|ASPM|EIF2AK4|NKX2-2|FOXO3|SOX2|TTC3|ISL2|SHH|APP|DDX6|SPAG9|ITGB1|LSM1|EIF4E|CALR|EIF4ENIF1|ZHX2|FMR1|CDK5RAP2|ZFP536|CIT|MEIS1|RTN4|JAG1|TRP73|CNTN2|RAP1GAP|DIXDC1|CD24A|SOX9|BMP7|IL1B,https://www.gsea-msigdb.org/gsea/msigdb/mouse/geneset/GOBP_NEGATIVE_REGULATION_OF_NEURON_DIFFERENTIATION,76,ENR,GOBP_NEGATIVE_REGULATION_OF_NEURON_DIFFERENTIATION,1.7959000000000001,1.84E-2,GOBP_NEGATIVE_REGULATION_OF_NEURON_DIFFERENTIATION,FALSE,GOBP_NEGATIVE_REGULATION_OF_NEURON_DIFFERENTIATION
19,2.6989700043360201,2.6989700043360201,2.6989700043360201,0.998,0.23250000000000001,3.9300000000000002E-2,1,NEDD4|BMP4|TGFB1|NOTCH1|ACVRL1|MDM2|RBPJ|SNAI1|SNAI2|BMP2|BMP5|ACVR1|DCHS1|ERBB3|THBS1|TBX2|TBX20|TBX3|MDM4|HEY1|TGFBR1|HEYL|ADAMTS5|ISL1|SMAD2|NOG|TWIST1|TGFB2|BMPR1A|EPHA3|GATA4|TGFB3|GATA5|ENG|MSX1|MSX2|TBX5|CITED2|BMPR2|TMEM100|JAG1|RBM24|SMAD4|APLNR|SOX9|TGFBR2|BMP7|NOS3|NFATC1|ROBO1|ROBO2,https://www.gsea-msigdb.org/gsea/msigdb/mouse/geneset/GOBP_ENDOCARDIAL_CUSHION_DEVELOPMENT,51,ENR,GOBP_ENDOCARDIAL_CUSHION_DEVELOPMENT,1.9995000000000001,2E-3,GOBP_ENDOCARDIAL_CUSHION_DEVELOPMENT,FALSE,GOBP_ENDOCARDIAL_CUSHION_DEVELOPMENT
,1.66354026615147,1.66354026615147,1.66354026615147,0.97829999999999995,0.20799999999999999,5.62E-2,1,SCX|NCKAP1|GREM2|TGFB1|ARID5B|PLEKHA1|FUZ|WNT3|RRAS|TIPARP|IHH|GPC3|TBX1|CDON|CREBBP|CLASP1|CLASP2|CSRNP1|PTPN11|DLX5|NOG|PHLDB1|PHLDB2|TCF7L2|DAG1|STRA6|TGFB2|SSBP3|PAX9|VPS13B|GATAD2A|TFAP2A|COL1A1|TGFB3|TWIST2|IFT122|MSX1|NIPBL|ZFP281|BRAF|MAB21L2|MMP2|SKI|OFD1|EP300|LRP6|PRICKLE1|CRISPLD1|ATP6AP2|PDGFRA|SGPL1|CDK2AP1|CRISPLD2|ASPH|LEF1|SPECC1L|GNAS|ANKRD11|RAB3GAP1,https://www.gsea-msigdb.org/gsea/msigdb/mouse/geneset/GOBP_BODY_MORPHOGENESIS,59,ENR,GOBP_BODY_MORPHOGENESIS,1.89,2.1700000000000001E-2,GOBP_BODY_MORPHOGENESIS,FALSE,GOBP_BODY_MORPHOGENESIS
1,2.74472749489669,2.74472749489669,2.74472749489669,1,0.3473,8.3000000000000001E-3,0.65400000000000003,RAB11A|IQGAP2|EXOC7|KIF20B|IQGAP1|MITD1|RAB11FIP3|VPS4A|AURKB|CHMP1A|CHMP1B|CHMP2A|CHMP2B|CHMP3|CHMP4C|CHMP5|CHMP6|CNTROB|VPS4B|RHOA|CEP55|PDCD6IP|CHMP4B|CHMP7|KLHDC8B|ARF6|KIF20A|ZFYVE19|MTMR4|IQGAP3|NUP62|ARF1|ECT2|STX2,https://www.gsea-msigdb.org/gsea/msigdb/mouse/geneset/GOBP_MITOTIC_CYTOKINETIC_PROCESS,34,ENR,GOBP_MITOTIC_CYTOKINETIC_PROCESS,2.3544,0,GOBP_MITOTIC_CYTOKINETIC_PROCESS,FALSE,GOBP_MITOTIC_CYTOKINETIC_PROCESS
10,1.92081875395238,1.92081875395238,1.92081875395238,0.98799999999999999,0.1578,6.2600000000000003E-2,1,SEH1L|ZC3H3|MCM3AP|ZFP36L1|POLDIP3|RBM33|BICD2|SARNP|HHEX|AAAS|CPEB1|TPR|RANBP2|CETN2|DDX19B|DHX9|GLE1|HNRNPA1|HNRNPA2B1|NXF1|HNRNPA3|NXF2|NXF7|NXT2|SRSF1|ZC3H11A|PCID2|ZFP36|SENP2|HSF1|CETN3|IWS1|NUP210|NUP37|NUP43|NUP50|KHSRP|PARP11|WNK1|NUP85|LRPPRC|G3BP2|MAGOH|MAGOHB|FMR1|DDX39B|IGF2BP1|NSUN2|NUP98|NCBP1|PABPN1|NCBP2|XPO1|YTHDC1|NUP54|NUP62|DDX19A|EIF4A3|NUP155|ENY2|FYTTD1|KIF5C|ARC|RBM15B|SLBP|AHCTF1|HTT|PEG10|RBM8A|SETD2|NUP107|NUP133|SEC13|NUP160|TNKS|DDX25|NUP188|POM121|EIF4E|NUP214|NUTF2|NXT1|RANBP17|SRSF3|SRSF7|NUP35|FXR1|NUP88|FXR2|THOC1|THOC2|THOC3|THOC5|AKAP8L|THOC6|ALKBH5|MAPT|THOC7|ALYREF|ALYREF2|IGF2BP2|IGF2BP3|NUP93|CASC3,https://www.gsea-msigdb.org/gsea/msigdb/mouse/geneset/GOBP_MRNA_TRANSPORT,104,ENR,GOBP_MRNA_TRANSPORT,1.8668,1.2E-2,GOBP_MRNA_TRANSPORT,FALSE,GOBP_MRNA_TRANSPORT
4,2.74472749489669,2.74472749489669,2.74472749489669,1,0.1915,3.3700000000000001E-2,1,PFKL|INS1|INHBB|INS2|ENY2|PDE3B|IRS1|KCNB1|PPP3CA|SRCIN1|MAP4K4|MIDN|CD200|PSMD9|PTGER3|ADRA2A|RPTOR|ACVR1C|PTPRV|GNAZ|FBN1|CRHR2|STXBP5L|DRD4|SYT4|MADD|F2R|GNAO1|NPFF|PDE1C|UCP2|ABCC8|REST|ANXA1|FKBP1B|PTPN11|CHGA|RSAD2|PTPMT1|RAB11FIP1|NEO1|RAB11FIP5|NR1H3|JAGN1|FFAR2|FFAR3|FRMD4A|RHBDF1|FOXO1|SERGEF|RAB11FIP3|F2RL1|IL12A|GHRL|HADH|IL12B|ANXA5|IDH2|SFRP1|NDUFAF2|KLF7|PIM3|TBC1D1|MUP1|CYP51|MUP2|MUP3|PDE4C|KCNJ11|MUP5|APOE|PDE8B|SYTL4|VSNL1|KCNJ6|SIRT4|IDUA|KCNQ1|GNAI1|DPH3|ERP29|HMGCR|SREBF1|IL1B|RHBDF2,https://www.gsea-msigdb.org/gsea/msigdb/mouse/geneset/GOBP_NEGATIVE_REGULATION_OF_PROTEIN_SECRETION,85,ENR,GOBP_NEGATIVE_REGULATION_OF_PROTEIN_SECRETION,2.0392000000000001,0,GOBP_NEGATIVE_REGULATION_OF_PROTEIN_SECRETION,FALSE,GOBP_NEGATIVE_REGULATION_OF_PROTEIN_SECRETION
,2.6989700043360201,2.6989700043360201,2.6989700043360201,0.998,0.18820000000000001,2.1000000000000001E-2,0.97799999999999998,FRAS1|GABRB3|GDF11|OSR1|MEF2C|WNT3A|TGFBR3|WNT9B|ARID5B|MSC|PLEKHA1|GLI3|FUZ|TMEM107|ITGB6|INHBA|ITGB8|EPHB3|MEN1|SNAI1|SNAI2|PRRX1|FOXF2|DLG1|BCOR|TIPARP|EPHB2|PKDCC|DHRS3|MEOX2|TBX2|TSHZ1|TBX1|TBX3|TCF21|INSIG1|BBS7|INSIG2|TGFBR1|CDK20|CSRNP1|SMAD2|LRRC32|PDS5A|DLX5|IFT88|GAS1|IFT172|JAG2|SUMO1|TWIST1|COL11A2|SATB2|MMP25|TGFB2|BMPR1A|ALX4|PYGO2|TFAP2A|WNT11|SHH|TGFB3|WNT5A|ACVR2B|CHD7|FZD1|MSX1|WDPCP|OSR2|FZD2|HAND2|PRDM16|NPRL3|SKI|LRP6|BNC2|INTU|IRF6|WFIKKN1|ANP32B|COL2A1|WFIKKN2|PAK1IP1|SOS1|PDGFRA|SGPL1|SOX11|SMAD4|TGFBR2|ASPH|LEF1|ANKRD11|LOXL3,https://www.gsea-msigdb.org/gsea/msigdb/mouse/geneset/GOBP_ROOF_OF_MOUTH_DEVELOPMENT,93,ENR,GOBP_ROOF_OF_MOUTH_DEVELOPMENT,2.1629999999999998,2E-3,GOBP_ROOF_OF_MOUTH_DEVELOPMENT,FALSE,GOBP_ROOF_OF_MOUTH_DEVELOPMENT
89,1.58335949266172,1.58335949266172,1.58335949266172,0.97389999999999999,0.26719999999999999,9.1200000000000003E-2,1,IFITM6|IFNAR1|TRAF3IP3|ADAR|IFITM3|IFITM7|IFNAR2|OAS1A|OAS1B|OAS1C|OAS1E|OAS1F|OAS1G|IFIT1|IFI204|IFIT2|EIF2AK2|GAS6|STAR|TGTP1|AXL|MYC|BST2|GATA3|PLSCR1|PDE12|TPR|LAMP3|IFITM1|IFITM2,https://www.gsea-msigdb.org/gsea/msigdb/mouse/geneset/GOBP_RESPONSE_TO_INTERFERON_ALPHA,30,ENR,GOBP_RESPONSE_TO_INTERFERON_ALPHA,1.7617,2.6100000000000002E-2,GOBP_RESPONSE_TO_INTERFERON_ALPHA,FALSE,GOBP_RESPONSE_TO_INTERFERON_ALPHA
1,2.74472749489669,2.74472749489669,2.74472749489669,1,0.13150000000000001,1.12E-2,0.78900000000000003,RAB11A|LPAR1|EFNB1|BECN1|CDKL5|ARHGEF5|PRKAA1|PRKAA2|CHMP5|SMCR8|TBC1D12|HSPA1B|SRC|LRRK2|IL5|ALMS1|GAP43|TPR|DRG1|CCDC15|VPS11|CEP120|CEP135|MTMR3|HSPA1A|CEP76|CEP97|CHMP1A|MSN|CHMP1B|CHMP2A|CHMP2B|CHMP3|CHMP4C|CHMP6|IFT46|SPAG5|CNTROB|SDC4|TESK1|D7ERTD443E|EML3|G3BP2|MNS1|PIKFYVE|GPSM2|HNRNPU|CCDC88A|ABL1|ZMYND10|CDK10|ABI3|MDM1|NUP62|PLK2|PLK4|PPP1R35|ATG5|FSCN1|RCC1|RNF5|SASS6|SPICE1|CSF2|ABI3BP|STYXL1|DNM2|RNF4|SENP6|KAT2A|CAV3|ADAMTS16|BBS4|PIP4K2A|PIP4K2B|PIP4K2C|AKT1|CASKIN1|LRFN1|LRFN4|LRRTM1|LRRTM2|PRICKLE2|SIPA1L1|MAPK15|IFT20|IFT88|TBC1D14|IFT140|SH3GLB1|HAP1|FEZ1|TRIM32|DCDC2A|MFN2|STX18|IL1RAP|SNX4|MTM1|DYNC1H1|CHEK2|DZIP1|EZR|RAB3GAP1|EHMT2|TMEM39A|DYNLL1|KIF9|CNOT6L|EVI5L|GDI2|KIF24|SYNE2|LIMK2|MAK|NUPR1|CRIPT|MPHOSPH9|ODF2L|TBC1D30|TBC1D7|TCHP|WDR44|PINK1|VPS4B|RHOA|PTK2B|ARHGEF2|TTBK2|RNF186|TNF|LRSAM1|SYNE1|RAB3GAP2|RALB|SNX18|SNX30|SNX7|STIL|MAPK9|PLK1|PTPRS|POC1B|ULK1|HSF1|RAB11FIP3|CROCC|CDKL1|DYNC2LI1|ODF2|RABEP2|SDCCAG8|PDCD6IP|RAB1B|CHMP4B|ARHGEF9|ATG2A|PAN2|PAN3|ATG3|FGFR1|KCTD17|RAB3IP|SMAD4|NF2|RDX|GSK3B|PHF23|PQBP1|LIMA1|LUZP1|FEZ2|SEC22B|MTOR|FUZ|ARPC2|RBM14|MAPK8|LCP1|TRIM37|CHMP7|EPHB2|NLGN1|HTT|NRXN1|TAPT1|ATMIN|SDC1|MARK4|CAPRIN1|WDR45|CNOT1|WIPI1|CNOT2|UBAP2L|CNOT6|SCFD1|ARF4|WNT5A|PTPRD|TMEM67|WDPCP|USP10|GSN|PRICKLE1|HCK|NPM1|CDK5RAP2|INTU|CEP192|LATS1|SDCBP|NUMA1|STAM|HIF1A|G3BP1|TSG101|YAP1|UBQLN2|KAT2B|CYLD,https://www.gsea-msigdb.org/gsea/msigdb/mouse/geneset/GOBP_REGULATION_OF_ORGANELLE_ASSEMBLY,221,ENR,GOBP_REGULATION_OF_ORGANELLE_ASSEMBLY,2.2970000000000002,0,GOBP_REGULATION_OF_ORGANELLE_ASSEMBLY,FALSE,GOBP_REGULATION_OF_ORGANELLE_ASSEMBLY
51,2.74472749489669,2.74472749489669,2.74472749489669,1,0.18060000000000001,3.5000000000000003E-2,1,CYP4F39|ELOVL1|GAL3ST1|ST3GAL2|NEU1|P2RX7|TM9SF2|NEU2|NEU3|ABCA12|ORMDL2|P2RX1|SPHK2|PAQR4|FA2H|ST3GAL3|ST6GALNAC3|ST6GALNAC4|LCT|ST6GALNAC5|ST8SIA2|ST8SIA3|ST8SIA4|ST8SIA6|ITGB8|PLA2G6|PNPLA1|ZFP750|SMPD3|AGK|SMPD2|CEL|SMPD4|ST6GALNAC6|SIRT3|ALOX12B|PRKCD|ALOXE3|FUT7|CASP1|ASAH1|CASP7|ASAH2|MECR|UGCG|GLB1|HEXB|SAMD8|ST3GAL1|SMPD1|SGMS1|UGT8A|SGMS2|CLN8|PLA2G15|ACER1|NAGLU|ACER3|SPTLC1|SPTLC2|DEGS2|GZMB|GSDMD|CLN6|HTRA2|SPTLC3|PRF1|ORMDL1|ORMDL3|SGPL1|GBA2|B3GALT1|6430550D23RIK|B4GALNT1|B3GALT2|ABCA2|ACER2|B3GALT4|SPHK1|B4GALT3|GALC|B4GALT4|GLA|B4GALT5|DEGS1|GM2A|B4GALT6|HEXA|PSAP|CERK,https://www.gsea-msigdb.org/gsea/msigdb/mouse/geneset/GOBP_CERAMIDE_METABOLIC_PROCESS,90,ENR,GOBP_CERAMIDE_METABOLIC_PROCESS,2.0280999999999998,0,GOBP_CERAMIDE_METABOLIC_PROCESS,FALSE,GOBP_CERAMIDE_METABOLIC_PROCESS
90,2.0861861476162802,2.0861861476162802,2.0861861476162802,0.99180000000000001,0.184,9.5799999999999996E-2,1,CD44|GSK3B|DOCK2|TYROBP|CAPN2|INS2|DCSTAMP|SH3PXD2A|OCSTAMP|TREM2|STAT1|TCTA|FLT3L|CAV3|CD9|GDF15|SBNO2|RAPGEF3|NFATC2|ADAMTS15|NFE2|ERCC1|IZUMO1|CACNA1S|CCNG1|CD53|ADAMTS5|CDON|DOCK1|DYRK1B|EHD1|EHD2|CASP1|MAPK14|CCL8|NEO1|DOCK5|NPHS1|IL4|NTN3|PLEKHO1|PTGFRN|CD81|SCGB3A1|CFLAR|ADAM9|SYNA|ITGB1|TANC1|WNT1|CXCL10|ADAM8|CD109|CXCL12|CXCL9|VASH2|IL4RA|TMEM182|FLOT1|MYOD1|MYH9|CAMK1|MYOG|TNFSF14,https://www.gsea-msigdb.org/gsea/msigdb/mouse/geneset/GOBP_SYNCYTIUM_FORMATION,64,ENR,GOBP_SYNCYTIUM_FORMATION,1.744,8.2000000000000007E-3,GOBP_SYNCYTIUM_FORMATION,FALSE,GOBP_SYNCYTIUM_FORMATION
54,1.84163750790475,1.84163750790475,1.84163750790475,0.98560000000000003,0.121,6.1100000000000002E-2,1,NLGN3|ZDHHC3|DNM1L|EFNB3|PAIP2|IQSEC2|PRKCE|PRNP|PSEN1|RAB3A|PINK1|CC2D1A|ADRA1A|PTK2B|SNAP47|PTEN|RELN|2510002D24RIK|SNCA|SLC1A1|KCTD13|PRKCZ|TNF|ERBB4|MAPK1|TAC1|CKAP5|NTRK1|CHRNB2|CPEB3|YTHDF1|EIF2AK4|HTR2C|IFNG|HNRNPK|NFATC4|VAMP2|NALCN|GRIA3|GRIK2|BRAF|CLSTN1|CAMK2B|NCS1|MPP2|AGER|FMR1|PPP1R9A|SERPINE2|PTN|PTGS2|ABL1|ADRB1|GRIA2|ROR2|SLC24A1|SLC24A2|APOE|PDE9A|MME|AKAP5|ENPP1|PLK2|CLSTN3|DLG4|SPHK1|HMGCR|EGFR|SLC4A8|SYT12|NMU|TNR|GSK3B|SLC1A3|ZDHHC2|SLC8A2|OXTR|CACNA1D|CHRD|TYROBP|ITPR3|SLC7A10|BGLAP|BGLAP2|NSG1|CREB1|PTGER4|CYP46A1|PTK2|STX3|ZDHHC12|LGMN|ARC|GLUL|SHANK3|CAR2|DBI|CAR7|CX3CR1|UNC13A|NCSTN|CRHR2|EPHB2|NLGN1|STXBP1|TACR1|ARRB2|EPHA4|NRXN1|MECP2|NLGN2|LRRTM1|LRRTM2|IGSF11|NRGN|PRRT1|ADORA1|HTR7|PRKAR1B|ADORA2A|STAU1|CCL2|RASGRF2|S100B|SHISA7|TSHZ3|KIF5B|NOG|LGI1|GPR158|MUSK|GRIA4|RAPSN|CCR2|RETN|GRIA1|GRIN1|GRIN2C|SYT1|HAP1|DTNBP1|LAMA2|APP|NGFR|SYDE1|GFAP|PTPN5|BAIAP3|GRIK1|ADCY1|HDAC6|KISS1|KISS1R|NPTN|CRTC1|FAM107A|FLOT1|FXR1|KMO|RGS14|STX1A|SHANK2|CLSTN2|NF1|NTRK2|OXT|PAK1|SQSTM1|BCL2L1|STX4A|SNAP25|RAB3GAP1,https://www.gsea-msigdb.org/gsea/msigdb/mouse/geneset/GOBP_POSITIVE_REGULATION_OF_SYNAPTIC_TRANSMISSION,172,ENR,GOBP_POSITIVE_REGULATION_OF_SYNAPTIC_TRANSMISSION,1.8722000000000001,1.44E-2,GOBP_POSITIVE_REGULATION_OF_SYNAPTIC_TRANSMISSION,FALSE,GOBP_POSITIVE_REGULATION_OF_SYNAPTIC_TRANSMISSION
23,2.0043648054024499,2.0043648054024499,2.0043648054024499,0.99009999999999998,0.15260000000000001,5.74E-2,1,UPF1|UPF3A|UPF3B|MLH1|CNOT6L|PABPN1L|XRN2|PATL1|ZFP36L1|PNLDC1|POLR2G|DCPS|DDX5|SAMD4|SAMD4B|SECISBP2|SSB|RC3H1|RC3H2|TNRC6A|TNRC6B|TNRC6C|TOB1|CPEB3|CSDE1|DHX36|DHX9|DHX34|ATM|EDC3|ZFP36|EDC4|GSPT2|GTPBP2|HNRNPAB|NBAS|SMG5|PNRC1|SMG6|EIF3E|PNRC2|LSM1|SMG7|TESK1|LSM7|UPF2|MAGOH|ZCCHC7|ETF1|MAGOHB|HNRNPD|HNRNPU|IGF2BP1|NCBP1|NCBP2|PAN2|PAN3|PABPC1|PAIP1|DIS3|PDE12|EIF4A3|ERI1|ZC3H12A|EXOSC10|EXOSC2|EXOSC3|EXOSC4|EXOSC5|EXOSC6|EXOSC7|EXOSC8|EXOSC9|PTBP1|ZFP36L2|SYNCRIP|YBX1|RBM8A|DCP2|LSM4|PELO|RNPS1|PARN|BTG2|CAPRIN1|XRN1|CNOT1|CNOT2|MRTO4|CNOT3|CNOT6|CNOT7|CNOT8|CTIF|MTPAP|DCP1A|DCP1B|DIS3L2|SMG1|EIF4ENIF1|A1CF|GSPT1|HBS1L|THRAP3|APOBEC1|CASC3|TUT1,https://www.gsea-msigdb.org/gsea/msigdb/mouse/geneset/GOBP_NUCLEAR_TRANSCRIBED_MRNA_CATABOLIC_PROCESS,107,ENR,GOBP_NUCLEAR_TRANSCRIBED_MRNA_CATABOLIC_PROCESS,1.8845000000000001,9.9000000000000008E-3,GOBP_NUCLEAR_TRANSCRIBED_MRNA_CATABOLIC_PROCESS,FALSE,GOBP_NUCLEAR_TRANSCRIBED_MRNA_CATABOLIC_PROCESS
8,1.8664610916297799,1.8664610916297799,1.8664610916297799,0.98640000000000005,0.1731,4.58E-2,1,BMP4|P2RX7|OSR1|LTF|PHOSPHO1|FGFR3|NBR1|WNT10B|MEF2C|TGFB1|BGLAP|BGLAP2|CYP27B1|KL|NOTCH1|TXLNG|ATF4|FBXO5|ATP2B1|FAM20C|CFTR|ALOX5|GPM6B|CCR1|PTK2B|FBN2|BMP2|BCOR|ACVR1|BMP6|RXRA|NFE2|PKDCC|ACTN3|SMAD3|ACVR2A|IFITM5|ECM1|HEY1|SLC8A1|WNT4|ANK|MGP|GREM1|CEBPB|COMP|TWIST1|BMPR1A|SGMS2|SUV39H1|TFAP2A|MIA3|RXRB|AHSG|ACVR2B|VDR|ASXL2|TMEM119|ASPN|FZD9|GJA1|OSR2|WNT6|HEY2|GAS6|NOTUM|BMPR1B|LTBP3|SRGN|PTN|BMPR2|BMP2K|ISG15|SLC20A2|ZMPSTE24|ADRB2|NELL1|S1PR1|DICER1|CD276|GATA1|HIF1A|TRPM4|ENPP1|AMTN|ANO6|SOX9|SLC4A2|CSF1R|BMP7|NOS3|DDR2,https://www.gsea-msigdb.org/gsea/msigdb/mouse/geneset/GOBP_REGULATION_OF_BIOMINERAL_TISSUE_DEVELOPMENT,92,ENR,GOBP_REGULATION_OF_BIOMINERAL_TISSUE_DEVELOPMENT,1.9486000000000001,1.3599999999999999E-2,GOBP_REGULATION_OF_BIOMINERAL_TISSUE_DEVELOPMENT,FALSE,GOBP_REGULATION_OF_BIOMINERAL_TISSUE_DEVELOPMENT
71,2.67778070526608,2.67778070526608,2.67778070526608,0.99790000000000001,0.22070000000000001,5.9900000000000002E-2,1,HAVCR1|RAB31|BECN1|TIMD2|ELMO1|TREM2|NCKAP1L|ABCA7|CDC42|CD300A|AIF1|SIGLECE|C3|CLCN2|XKR6|THBS1|ALOX15|FCER1G|GULP1|MARCO|PLCG2|FCGR1|TIMD4|FCGR3|XKR8|APPL2|MSR1|SH3BP1|ITGB2|CD36|ARHGAP12|ARHGAP25|CLEC7A|F2RL1|MEGF10|GSN|PPARG|ITGA2|AGER|SIRPA|MYH9|FCGR2B|ITGAM|LBP|TREML4|GATA2|STAP1|ANO6|CLCN3|RAC1|ABCA1,https://www.gsea-msigdb.org/gsea/msigdb/mouse/geneset/GOBP_PHAGOCYTOSIS_ENGULFMENT,51,ENR,GOBP_PHAGOCYTOSIS_ENGULFMENT,1.8763000000000001,2.0999999999999999E-3,GOBP_PHAGOCYTOSIS_ENGULFMENT,FALSE,GOBP_PHAGOCYTOSIS_ENGULFMENT
1,2.74472749489669,2.74472749489669,2.74472749489669,1,0.2797,1E-3,3.4000000000000002E-2,SPICE1|NDE1|CCNF|WDR62|WDR90|KAT2A|ROCK2|AZIN1|CHMP5|CDK2|RBM14|CEP63|VPS4B|NUBP1|TRIM37|BRSK1|GEN1|BRCA2|ALMS1|CKAP5|ITGB1BP2|STIL|CHORDC1|BRCA1|CETN2|4933427D14RIK|POC1B|C2CD3|CCDC15|CCDC57|NAT10|CEP120|CEP135|CEP152|CEP72|XRCC3|CEP76|NDC80|CETN4|CHMP1A|TMEM67|CHMP1B|CHMP2A|CHMP2B|CHMP3|CHMP4C|FBXW5|CNTROB|USP33|D7ERTD443E|ARHGEF10|OFD1|NPM1|PDCD6IP|CHMP4B|CDK5RAP2|CEP192|POC1A|KIFC1|XPO1|MDM1|SIRT1|NUP62|PLK2|PLK4|POC5|PPP1R35|PKHD1|KAT2B|RTTN|SAC3D1|SASS6,https://www.gsea-msigdb.org/gsea/msigdb/mouse/geneset/GOBP_CENTROSOME_DUPLICATION,72,ENR,GOBP_CENTROSOME_DUPLICATION,2.8098999999999998,0,GOBP_CENTROSOME_DUPLICATION,FALSE,GOBP_CENTROSOME_DUPLICATION
55,2.0043648054024499,2.0043648054024499,2.0043648054024499,0.99009999999999998,0.19739999999999999,6.2899999999999998E-2,1,CNR1|OXTR|ADORA3|ENTPD1|KCNB1|PARK7|SYT7|SYT11|AGT|RAB3A|PINK1|RAB3B|CHRNA4|PTGER3|SMPD3|SDHD|SLC29A4|CRHR2|NISCH|GNAT1|SNCA|PRKCB|SYT4|SLC29A3|MECP2|PLCD1|SLC22A1|KPNA4|SLC22A2|NAT8L|ABAT|ADORA2A|MAPK15|SLC22A3|CHRNB2|LY6E|CHGA|MYO5A|P2RY12|SYT1|FFAR3|XLR4A|DTNBP1|XLR4B|GDNF|GABBR1|TOR1A|ACTB|CXCL12|CADPS|PCP4|KCNA2|ADORA2B|PTGS1|STX1A|SNCG|RTN4|P2RY1|COMT|OXT|GCK|SLC18A1|TGM2|SLC18A2|SLC6A2,https://www.gsea-msigdb.org/gsea/msigdb/mouse/geneset/GOBP_CATECHOLAMINE_TRANSPORT,65,ENR,GOBP_CATECHOLAMINE_TRANSPORT,1.8638999999999999,9.9000000000000008E-3,GOBP_CATECHOLAMINE_TRANSPORT,FALSE,GOBP_CATECHOLAMINE_TRANSPORT
4,2.4089353929735,2.4089353929735,2.4089353929735,0.99609999999999999,0.11020000000000001,4.1500000000000002E-2,1,OXCT1|PFKFB2|PFKL|AIMP1|SYT7|PSMD9|ORAI1|ADRA2A|HCFC1|RPTOR|ACVR1C|SIRT6|HNF1A|HMGA2|BRSK2|PRKCB|ZBED6|SERP1|UCP2|RBP4|CD38|G6PC2|ABAT|CHRM3|NADK|BIRC5|HTR2C|JAGN1|FOXO1|C2CD2L|F2RL1|GHRL|SIDT2|SFRP1|RAPGEF4|KLF7|PIM3|TBC1D1|MYH9|PDE4C|EFNA5|PDE8B|S100A8|OSBP|ENSA|SOX4|TRPM4|BAD|AACS|NMU|CNR1|CPT1A|SLC25A22|CACNA1C|CACNA1D|ENY2|PDE3B|TRPM2|TRPM5|ACSL4|BGLAP2|F2RL2|ILDR1|PTGER4|MAP4K4|CFTR|KALRN|AGT|ALOX5|GNA11|PTPRV|ATG7|NLGN2|TIAM1|ABCC8|ADORA1|FKBP1B|PTPN11|CAPN10|STXBP4|CCL5|PTPMT1|CD74|CASR|GLUD1|GPR39|GRP|HADH|GABBR1|GJA1|BAIAP3|ARRB1|KISS1|ARHGEF7|MLXIPL|LRRC8A|MUP1|MUP2|F2|MUP3|KCNJ11|MUP5|FGA|FGB|KCNJ6|NR0B2|LRP5|KCNQ1|RFX6|SYBU|STX4A|SNAP25|NOS2|IL1B|CAMK2N1|DYNLL1|ABCA12|MYT1|PCK2|RFX3|MYRIP|PPP3CA|PPP3CB|MIDN|PRKCE|PRKD1|PLA2G6|PPARD|PTGER3|FBN1|CLOCK|SIRT3|SCT|HNF4A|ITSN1|S100A9|SLC16A1|TNF|NPFF|SRI|NNAT|STIM1|TM7SF3|TCIRG1|IFNG|NUCB2|FFAR2|FFAR3|TRPC1|APLN|SLC26A6|ABCG1|SLC2A2|CHD7|ANXA5|ANXA7|PPARG|PRKACA|HMGN3|CRHBP|NCOA6|SIRT1|CELA2A|PRKAR1A|SIRT4|RASL10B|GNAI1|PLCB1|HMGCR|SREBF1|EGFR|GCK|PAX8|GNAS|FOXA2|GIPR|GPLD1|LRP1|CDK16|INHBB|ANO1|IRS1|IRS2|PTBP1|KCNB1|LEPR|NR1D1|GLUL|PASK|CAR2|PER2|PFKM|CASK|CCKAR|PEX5L|GNAZ|CRHR2|EPHA5|STXBP5L|GCG|GLP1R|TNFSF11|MADD|GNAO1|GNAQ|PDE1C|PDX1|REST|FGG|NR1H4|ISL1|ITPR1|BLK|UCN3|CHGA|KIF5B|TCF7L2|SLC30A8|RAB8B|HFE|TFR2|GPR68|NKX6-1|LIF|ADCY5|NDUFAF2|DOC2B|FTO|IL6|PICK1|TARDBP|SYT9|SYTL4|VSNL1|JAK2|HIF1A|TFAP2B|RAC1|CACNA1E,https://www.gsea-msigdb.org/gsea/msigdb/mouse/geneset/GOBP_REGULATION_OF_PEPTIDE_TRANSPORT,239,ENR,GOBP_REGULATION_OF_PEPTIDE_TRANSPORT,1.9837,3.8999999999999998E-3,GOBP_REGULATION_OF_PEPTIDE_TRANSPORT,FALSE,GOBP_REGULATION_OF_PEPTIDE_TRANSPORT
1,2.74472749489669,2.74472749489669,2.74472749489669,1,0.12939999999999999,3.5000000000000001E-3,0.222,ATG4A|ATG4B|OGT|ATG4C|UBXN2A|ATG4D|ATG9B|MAP3K7|ATG14|EFNB1|MCOLN1|BECN1|CLEC16A|DNM1L|FBXL4|GABARAP|GABARAPL2|SNAPIN|LRBA|NBR1|RNF31|STX17|NIPSNAP1|NIPSNAP3B|UBE2A|VPS33A|PRKAA2|CHMP5|PSEN1|PPTC7|TBK1|VPS39|GNAI3|TLR2|SMCR8|TBC1D12|STX12|ATP2A2|LRRK2|DNAJC16|KAT5|LGALS8|TBC1D5|RIPK2|CTTN|UFM1|MTMR3|ABI2|TSC1|CHMP1A|CHMP1B|CHMP2A|CHMP2B|RNF41|ARFIP2|CHMP3|CHMP4C|GM12250|CHMP6|USP36|IGTP|CTSD|IRGM2|PIKFYVE|RAB12|RAB43|AUP1|NSFL1C|UBXN2B|ADRB2|TRAF6|YOD1|RAB23|ATG5|ACBD5|RNF5|TSC2|PAFAH1B2|CALM1|CALM2|CALM3|ZFYVE1|TSPO|RAB2A|MAP1LC3B|PIK3C2A|PIK3C2B|SYNPO2|LIX1|PIK3C3|RAB7|PIK3R4|STUB1|PIP4K2A|PIP4K2B|PIP4K2C|UBA5|WAC|UFC1|ATG7|ATP13A2|BCL2L13|ATG16L1|ATG16L2|TMEM41B|BNIP3|BNIP3L|IFT20|IFT88|TBC1D14|DCN|BAG3|SH3GLB1|FBXO7|FBXW7|FEZ1|SPTLC1|FUNDC1|SPTLC2|TRIM32|TIMM23|HDAC6|PLEKHM1|TGTP2|ARL8B|MFN2|UVRAG|HTRA2|TOMM7|HUWE1|VDAC1|QSOX1|ATP6V0A1|KDR|ZNRF2|ULK3|PLEKHM2|SESN1|ARMC3|SQSTM1|TRP53INP1|SNX4|GPSM1|MTM1|CSNK2A1|VAMP8|CHEK2|MUL1|ZNRF1|RAB3GAP1|EHMT2|TMEM39A|PARL|ELAVL1|PIM2|TRIM13|PEX5|NOD2|PHB2|POLDIP2|RAB33A|RAB33B|NUPR1|HDAC10|LIX1L|PINK1|VPS4B|FKBP8|RNF186|SESN2|LRSAM1|RAB3GAP2|RALB|SNX18|LYPLA1|SNX30|VCP|SNX7|UBXN6|USP30|MYO5A|VPS13C|VPS13D|TCIRG1|TRP53INP2|SESN3|WDR81|ATM|IL4|ULK1|ULK2|SCOC|SLC25A4|MFSD8|CDK5RAP3|SLC25A5|ZFYVE26|UBQLN1|VMP1|PLAA|UBQLN4|AP4M1|PDCD6IP|RAB1B|CHMP4B|ADCY10|LAMP2|SNAP29|ATG12|ATG2A|ATG2B|ATG3|SIRT1|PACS2|GAA|GABARAPL1|SNX14|SMURF1|SREBF1|EIF2S1|GSK3A|VTI1B|FYCO1|NRBP2|PHF23|TBC1D25|TECPR1|TOM1|9930111J21RIK1|F830016B08RIK|IRGQ|VPS41|GM12185|VPS4A|GM4841|FEZ2|GM5431|SEC22B|IFI47|MTOR|RUFY4|MAP1LC3A|MAPK3|CLN3|CHMP7|EPHB2|TEX264|NPC1|HTT|HSPB8|WDFY3|RB1CC1|STBD1|ATG9A|TRP53|CDC37|WDR45|WIPI1|WIPI2|SCFD1|SPG11|EI24|VTI1A|VPS16|WDR24|AMBRA1|TGTP1|IIGP1|IKBKG|IRGM1|SNF8|EIF2AK1|HMOX1|HIF1A|RAB19|HK2|LARP1|UBQLN2|RAB2B|NOD1|OPTN|ATG10|ATG13|DDRGK1,https://www.gsea-msigdb.org/gsea/msigdb/mouse/geneset/GOBP_MACROAUTOPHAGY,284,ENR,GOBP_MACROAUTOPHAGY,2.5554999999999999,0,GOBP_MACROAUTOPHAGY,FALSE,GOBP_MACROAUTOPHAGY
44,2.74472749489669,2.74472749489669,2.74472749489669,1,0.1963,0,0,GGA2|PREPL|RAB14|RAB26|RAB31|RAB34|SYS1|STEAP2|RAB13|GABARAPL2|STX17|GOLGA4|BET1L|GOLT1A|GOLT1B|ATP9A|CCDC93|SNX8|STX6|YIPF6|RNF139|BICD2|RAB6B|BBS2|LRRK2|CCDC22|TMED2|GBF1|LAPTM5|COG1|LLGL1|RABEP1|COG2|COG4|MIA2|COG5|COG6|SEC24A|COG8|COPB1|SNX1|COPB2|IER3IP1|COPE|COPG2|RAB8A|COPZ1|COPZ2|GOLGA5|GOSR1|GOSR2|BCAP29|ATP2C1|MIA3|NBAS|AP1AR|PITPNB|ARFGAP3|KIF16B|MPPE1|ARCN1|EXOC1|COG3|COG7|ANK3|ARF1|ARF3|ARF5|PGAP1|ERGIC1|ERGIC2|TRAPPC9|TMEM115|CYTH3|DNM2|SGSM2|ACSL3|EPS15|VAMP3|SEC16B|KIF13A|CIDEB|COMMD1|PREB|SAR1A|SEC16A|TRAPPC1|TRAPPC2|TRAPPC2L|TRAPPC3|TRAPPC4|WHAMM|SORL1|TRAPPC5|PKDCC|TRAPPC6A|ATP9B|EHD3|PRKCI|SPAST|MAPK15|TBC1D14|SEC13|CUL3|BCAP31|KDELR2|KDELR3|SORT1|ARFGAP2|CNIH4|RER1|TRAPPC10|LMAN2L|TRAPPC6B|RABGGTA|YKT6|AP3S1|RABGGTB|AP3S2|SEC22A|SEC22C|TEX261|TFG|TMED1|GOLPH3|TMED11|AP1G1|TMED3|ARL8B|TMED4|LLGL2|TMED5|UVRAG|TMED6|TMED7|VAPA|YIF1A|LMAN1|SNX2|STX18|TMED9|ARL1|RAB10|USO1|TRIP11|LAMP1|LMAN2|BBS1|SAR1B|SURF4|USE1|KLHL20|MON2|RABIF|SORCS1|RAB33B|YIPF5|SLC10A7|RAB4B|PRKD1|NSF|YIF1B|RANGRF|KIF1C|RUFY1|EXOC6B|SPIRE1|INSIG1|NKD2|RAB6A|CREB3L2|LYPLA1|VCP|CORO7|MYO5A|TBC1D20|BNIP1|RAB11FIP3|SPIRE2|EXOC4|VAMP2|AP4M1|SEC23A|SEC23B|SEC24C|SEC24D|RAB1B|SEC31B|GCC2|EXOC5|GOLGA7|VPS54|EXOC6|GOLPH3L|SCAP|NBEA|NRBP1|ANKFY1|AP1G2|CCDC91|VPS29|VTI1B|GGA3|LMF1|VAPB|VPS41|VPS52|SEC22B|ARL3|CSK|VAMP5|CLN3|TMED10|CUX1|RINT1|COPA|STXBP5L|HTT|KLHL12|CHIC2|PDCD6|VAMP4|BET1|PEF1|YIPF4|YIPF7|ERGIC3|ZW10|P4HB|SEC31A|LYPLAL1|GAS1|WIPI1|EXOC2|MYO18A|SCFD1|SLC30A6|SNX12|STX5A|ARF4|KRT18|MACF1|VTI1A|AMN|SEC24B|PLCB3|AP3D1|GAK|ANK1|GOLGA2|ARFGEF2|STXBP5|MYO1B|KDELR1|SNX3|ERP29|EXOC8|HYOU1|ARFRP1|OPTN|BLZF1|CNST|GGA1|SCYL1,https://www.gsea-msigdb.org/gsea/msigdb/mouse/geneset/GOBP_GOLGI_VESICLE_TRANSPORT,264,ENR,GOBP_GOLGI_VESICLE_TRANSPORT,3.6484000000000001,0,GOBP_GOLGI_VESICLE_TRANSPORT,FALSE,GOBP_GOLGI_VESICLE_TRANSPORT
2,2.74472749489669,2.74472749489669,2.74472749489669,1,0.24299999999999999,0,0,DLG5|NEDD4L|NPHP4|RAB13|CDH4|EPHA2|CLDN13|GJB6|CD9|PRKCH|RHOA|TNF|TRPV4|F11R|NFASC|HDAC7|GJB2|MICALL2|SLC39A9|UGT8A|ACTG1|PKN2|PKP4|ABI2|SMAD7|DSG3|GJA5|CDH15|CDH19|CDH22|CDH24|CDH7|CDH5|PECAM1|PRKACA|MARVELD2|JUP|PDCD6IP|CDH1|CLDN1|PKP1|ESAM|SRF|APLNR|ECT2|FSCN1|CLDN11|NPHP1|WDR1|ZFP703|MPDZ|HIPK1|PAK2|MYO1C|PARD3|CDH17|PKP2|PRKCA|ILDR1|VCL|RHOC|RPS6|PMP22|ROCK1|ROCK2|CLDN17|ACVRL1|AGT|CLDN18|SNAI1|CLDN3|SNAI2|CLDN5|CLDN7|CLDN10|CTNNA1|CLDN16|DLG1|CLDN15|CTNNB1|EPHB2|ALOX12B|ARL2|CDH10|FBF1|ALOXE3|CDH6|CDH9|OCLN|CDH2|OCEL1|ACE|ACE2|NR1H4|FZD5|HOPX|IRX3|CAV1|CNTNAP1|CNTNAP2|ACTN4|NPHS1|CLDN2|CDH3|PKP3|WNT11|CDH8|CLDN6|CLDN12|CLDN9|CLDN14|CLDN22|IKBKB|CLDN23|CLDN8|ITGB1|GJA1|GNPAT|PTPRO|RAMP2|ACTB|CLDN19|CLDN4|FKRP|TBCD|FLCN|GRHL2|TBX5|MPP7|JAM3|MARVELD3|TJP1|CGN|GJC1|POF1B|RAC1|IL1B|CDH13|CDH11|LSR,https://www.gsea-msigdb.org/gsea/msigdb/mouse/geneset/GOBP_CELL_CELL_JUNCTION_ASSEMBLY,140,ENR,GOBP_CELL_CELL_JUNCTION_ASSEMBLY,3.44,0,GOBP_CELL_CELL_JUNCTION_ASSEMBLY,FALSE,GOBP_CELL_CELL_JUNCTION_ASSEMBLY
,2.3979400086720402,2.3979400086720402,2.3979400086720402,0.996,0.31640000000000001,6.2899999999999998E-2,1,CHST11|TCF15|DCHS1|HES7|VANGL2|AXIN1|NPR2|FGFR3|SFRP2|WNT3A|WNT5A|EPHA2|SP5|TMED2|TRAF3IP1|FZD3|PALB2|MED12|SCRIB|FGF3|SFRP5|TRP63|LRP6|PRICKLE1,https://www.gsea-msigdb.org/gsea/msigdb/mouse/geneset/GOBP_POST_ANAL_TAIL_MORPHOGENESIS,24,ENR,GOBP_POST_ANAL_TAIL_MORPHOGENESIS,1.8644000000000001,4.0000000000000001E-3,GOBP_POST_ANAL_TAIL_MORPHOGENESIS,FALSE,GOBP_POST_ANAL_TAIL_MORPHOGENESIS
4,2.6989700043360201,2.6989700043360201,2.6989700043360201,0.998,0.1095,2.1000000000000001E-2,0.97799999999999998,CYB5R4|OXCT1|PFKFB2|PFKL|AIMP1|FAM3A|SLC15A2|SYT7|PSMD9|ORAI1|CWH43|ADRA2A|HCFC1|RPTOR|ACVR1C|SIRT6|HNF1A|HMGA2|BRSK2|PRKCB|RAF1|ZBED6|SERP1|RIMS2|UCP2|RBP4|VGF|CD38|G6PC2|ABAT|CHRM3|NADK|BIRC5|HTR2C|JAGN1|SLC16A2|FOXO1|C2CD2L|SLC15A4|F2RL1|GHRL|SIDT2|SFRP1|TAP1|TAP2|RAPGEF4|KLF7|PIM3|ABCB9|DIO2|TBC1D1|MFSD1|MYH9|PDE4C|EFNA5|PDE8B|S100A8|OSBP|ENSA|SOX4|TRPM4|BAD|RBM4|AACS|NMU|CNR1|CPT1A|SLC25A22|CACNA1C|CACNA1D|ENY2|PDE3B|TRPM2|TRPM5|ACSL4|BGLAP2|F2RL2|ILDR1|ILDR2|PTGER4|MAP4K4|UBE2Q1|CFTR|KALRN|AGT|ALOX5|SMPD3|PCLO|GNA11|PTPRV|EDN3|ABCC1|ATG7|ABCC2|NLGN2|ABCC4|ABCC5|TIAM1|ABCC8|ANXA1|ADORA1|FKBP1B|PTPN11|CAPN10|STXBP4|CCL5|PTPMT1|CD74|CASR|GLUD1|GPR39|GRP|HADH|GABBR1|GJA1|BAIAP3|ARRB1|IL1RN|SNX19|KISS1|ARHGEF7|MLXIPL|LRRC8A|GPR119|MUP1|MUP2|F2|MUP3|KCNJ11|MUP5|MGST1|FGA|FGB|KCNJ6|NR0B2|LRP5|KCNQ1|RAB11FIP2|RFX6|SYBU|ABCA1|STX4A|SNAP25|NOS2|IL1B|SLC15A1|EDN1|SLC18A2|CPE|CAMK2N1|DISP1|DYNLL1|ABCA12|MYT1|PCK2|RFX3|MMP7|MYRIP|PPP3CA|PPP3CB|SLC13A3|PARK7|SLC16A10|MIDN|PRKCE|PRKD1|PLA2G6|PPARD|RAB3A|PTGER3|FBN1|CLOCK|SIRT3|SCT|HNF4A|ITSN1|S100A9|SLC16A1|HMGA1|TNF|TRPV4|NPFF|SRI|SLC22A8|NNAT|STIM1|TM7SF3|MYO5A|TCIRG1|IFNG|NUCB2|FFAR2|SLC25A39|FFAR3|SLC25A40|TRPC1|APLN|HNF1B|SLC26A6|ACVR2B|ABCG1|SLC2A2|CHD7|ANXA5|ANXA7|PPARG|PRKACA|HMGN3|CRHBP|NCOA6|SIRT1|CELA2A|PRKAR1A|SIRT4|RASL10B|GNAI1|PLCB1|HMGCR|SREBF1|EGFR|GCK|PAX8|GNAS|FOXA2|GIPR|GPLD1|LRP1|CDK16|INHBB|PTPRN2|ANO1|CDH17|IRS1|IRS2|PTBP1|KCNB1|LEPR|SLC15A3|NR1D1|GLUL|PASK|CAR2|PER2|PFKM|CASK|CCKAR|SLCO1B2|PEX5L|GNAZ|SLCO3A1|CRHR2|EPHA5|STXBP5L|HTT|GCG|GLP1R|TNFSF11|MADD|GNAO1|GNAQ|PDE1C|NEUROD1|PDX1|PTPRN|REST|FGG|AQP1|NR1H4|ISL1|SMAD2|ITPR1|BLK|UCN3|CHGA|KIF5B|TCF7L2|RAB11FIP5|SLC30A8|RAB8B|RAB11B|HFE|SLC7A11|TFR2|EXOC3L|DGAT1|GPR68|NKX6-1|LIF|ADCY5|NDUFAF2|ABCB10|DOC2B|FTO|IL6|PICK1|TARDBP|STX1A|SYT9|SYTL4|VSNL1|JAK2|FAM3B|HIF1A|TFAP2B|RAC1|CACNA1E,https://www.gsea-msigdb.org/gsea/msigdb/mouse/geneset/GOBP_PEPTIDE_TRANSPORT,306,ENR,GOBP_PEPTIDE_TRANSPORT,2.1617999999999999,2E-3,GOBP_PEPTIDE_TRANSPORT,FALSE,GOBP_PEPTIDE_TRANSPORT
76,2.74472749489669,2.74472749489669,2.74472749489669,1,0.17630000000000001,1E-3,3.6999999999999998E-2,BBS1|FBXO45|PAX6|NRP1|NDE1|NR2F2|ARHGAP32|GFRA3|LHX1|CDK5R1|CDKL5|FAT3|MEF2C|PEX13|MARK1|PEX5|PEX7|ABI1|PLXNB2|GNRH1|PSEN1|RHOA|PTK2B|RAPGEF2|ARHGEF2|RNF7|ATOH1|PHACTR1|RELN|APBB1|APBB2|FBXO41|D130043K22RIK|STAT3|DAB1|AUTS2|AU040320|SEMA3A|IGSF10|PCM1|BAX|MDK|SRGAP2|ASPM|TWIST1|TOP2B|TRIM46|ULK1|LRP12|KIF20B|ALKBH1|MARK2|ABI2|DCX|CELSR3|GPM6A|PLAA|SDCCAG8|PAFAH1B1|YWHAE|CAMK2B|NRG1|SH3RF1|ADAM17|CUL5|MYH10|CDH1|DISC1|FILIP1|NDN|ELP3|TUBB2A|ULK4|MET|NTNG2|ABI3|CELSR1|FLRT2|CNTN2|NKX2-1|CTNNA2|PTPRZ1|CELSR2|MDGA2|SRF|COL3A1|NRP2|VEGFA|NTN1|NTRK3|PLXNA3|ROBO3|GSK3B|BARHL1|TYRO3|TUBGCP2|SEMA3E|WDR62|PTK2|TUBB2B|UNC5C|NTNG1|ZFP609|ZMIZ1|CHL1|MAPK8|LRIG2|MAPK8IP3|CCKAR|MATN2|BBS4|PLXNA1|UNK|MDGA1|LHX6|ARX|WASF2|HSP90AA1|EOMES|CTNNB1|CXCR4|NR2F1|SEMA6A|TBX20|KATNA1|NAV1|FGF13|ACAP3|FLNA|KIRREL3|VRK1|ZSWIM6|FKTN|CAMK2A|SPOCK1|PRKG1|CDK5|FYN|USP9X|NEO1|SATB2|PCNT|CCK|NR4A2|FBXO31|ESR2|TUBA1A|DCLK1|EMX2|ITGA3|NDEL1|KIF26A|DDIT4|FZD3|PITX2|NIPBL|GJA1|IL1R1|GAS6|CXCL12|NKX6-1|DCDC2A|POU4F1|CDK5R2|FKRP|AXL|CRK|ASTN2|DAB2IP|GPR173|GATA3|MAPT|NTRK2|GATA2|SCRT1|CCR4|ASTN1|TBC1D24|RAC1|CRKL,https://www.gsea-msigdb.org/gsea/msigdb/mouse/geneset/GOBP_NEURON_MIGRATION,180,ENR,GOBP_NEURON_MIGRATION,2.7917000000000001,0,GOBP_NEURON_MIGRATION,FALSE,GOBP_NEURON_MIGRATION
89,2.10237290870956,2.10237290870956,2.10237290870956,0.99209999999999998,0.2072,5.0299999999999997E-2,1,IFITM6|IFITM3|IFITM7|IFNAR2|CAPN2|9930111J21RIK1|CALM1|F830016B08RIK|CALM2|GM12185|CALM3|GM4841|GM5431|IFI202B|STAT1|IFI47|IFI204|IFI205|UBE2K|IFI203|MNDAL|DDX41|TLR3|PLSCR1|CAMK2A|IFNAR1|TRAF3IP3|OAS1A|OAS1B|TRIM6|OAS1C|GBP2|OAS1E|GBP3|OAS1F|OAS1G|GBP6|GBP7|IFIT1|GM12250|PNPT1|IGTP|IRGM2|TGTP2|XAF1|TGTP1|HTRA2|CDC34|IIGP1|TREX1|IRGM1|IRF1|BST2|UBE2G2|IFIT3|MAVS|NDUFA13|IKBKE|GPR146|AIM2|IFITM1|IFITM2,https://www.gsea-msigdb.org/gsea/msigdb/mouse/geneset/GOBP_RESPONSE_TO_INTERFERON_BETA,62,ENR,GOBP_RESPONSE_TO_INTERFERON_BETA,1.9207000000000001,7.9000000000000008E-3,GOBP_RESPONSE_TO_INTERFERON_BETA,FALSE,GOBP_RESPONSE_TO_INTERFERON_BETA
31,1.97469413473523,1.97469413473523,1.97469413473523,0.98939999999999995,0.33169999999999999,4.2099999999999999E-2,1,FARS2|FARSA|FARSB|HARS2|LRRC47|MARS2|NARS2|PARS2|AARS2|TARS2|VARS2|DARS2|EARS2|GATC|IARS2|LARS2|QRSL1|RARS2|AARSD1|SARS2|AASDH|CARS2|WARS2|DALRD3|YARS2,https://www.gsea-msigdb.org/gsea/msigdb/mouse/geneset/GOBP_AMINO_ACID_ACTIVATION,25,ENR,GOBP_AMINO_ACID_ACTIVATION,1.9765999999999999,1.06E-2,GOBP_AMINO_ACID_ACTIVATION,FALSE,GOBP_AMINO_ACID_ACTIVATION
1,2.74472749489669,2.74472749489669,2.74472749489669,1,0.29970000000000002,5.1999999999999998E-3,0.38200000000000001,RAB11A|ALKBH4|IQGAP2|EXOC7|KIF20B|LUZP1|ANLN|IQGAP1|MITD1|RAB11FIP3|VPS4A|SPIRE2|AURKB|CHMP1A|CHMP1B|CHMP2A|ANXA11|CHMP2B|RACGAP1|CHMP3|CHMP4C|CHMP5|CHMP6|PLEC|CNTROB|SNX33|VPS4B|RHOA|CEP55|SNX9|PDCD6IP|CHMP4B|RTKN|CHMP7|KLHDC8B|SPIRE1|MYH9|ARF6|KIF20A|ZFYVE19|MTMR4|SPAST|IQGAP3|NUP62|SNX18|ARF1|ECT2|STX2,https://www.gsea-msigdb.org/gsea/msigdb/mouse/geneset/GOBP_CYTOKINETIC_PROCESS,48,ENR,GOBP_CYTOKINETIC_PROCESS,2.4668999999999999,0,GOBP_CYTOKINETIC_PROCESS,FALSE,GOBP_CYTOKINETIC_PROCESS
1,2.3979400086720402,2.3979400086720402,2.3979400086720402,0.996,0.1318,0.02,0.97199999999999998,PREPL|P2RX7|DNM1L|SNAPIN|GRIK5|GIT2|SYT7|SYT11|GPM6B|NRXN2|PSEN1|RAB3B|PRRT2|DGKI|UNC13B|PRKCB|ATP2A2|LRRK2|RIMS2|NAPA|VAMP1|UNC13C|SYT2|NAPB|DDC|HTR2C|VPS18|GDNF|STX11|SCRIB|HTR1D|OTOF|FMR1|SLC22A4|P2RY1|STX2|SLC6A18|SYT8|NPY1R|SLC6A2|NR4A1|SLC6A4|P2RX2|SLC29A1|SYNJ1|CACNA1D|CSPG5|XBP1|BGLAP|PRKCA|BGLAP2|PTGER4|STX3|GGCX|SLC38A2|SYP|FEV|PCLO|PPT1|DRD4|EDN3|NRXN3|ABCC8|ADORA2A|CAMK2A|ARL6IP5|EFR3A|SNCAIP|BEST1|GPR158|CACNA1A|SYNGR3|CLN8|FBXL20|DTNBP1|SYDE1|ITGB1|GFAP|ITGB3|STX19|BAIAP3|SYN2|KCNC3|SYT13|KCNC4|SYT5|KCNJ10|KMO|NF1|CPLX2|KCNJ8|NTRK2|DVL1|P2RY2|PAK1|SNAP23|STXBP2|STX4A|RAB5A|SNAP25|TRIM9|SLC18A1|RAB3GAP1|SLC18A2|FBXO45|NGF|P2RX1|RAP1A|RAP1B|MEF2C|SLC10A4|NPY|PNKD|PARK7|RAB3A|RHOT1|SNAP47|SLC17A5|SLC29A4|PFN2|SLC17A7|SLC17A8|SYN3|SLC28A2|SNCA|SLC29A2|SLC1A2|SLC29A3|SLC1A6|SLC22A1|SLC22A2|SLC30A1|SLC22A3|ICA1|LIN7A|LIN7B|LIN7C|VAMP2|BRAF|SLC32A1|NCS1|PRKACA|CADPS2|PPP1R9A|CTBP2|ERC1|ERC2|SNAP29|SNCG|SYN1|SPHK1|RIMBP2|PDZD11|SLC4A8|SYT12|SV2B|TH|SLC6A12|SLC6A13|SLC6A15|SLC6A17|SLC6A6|SLC6A7|PTPRN2|SLC6A8|SLC6A9|KCNH1|PPFIA2|PER2|UNC13A|CASK|BRSK1|RIMS3|NLGN1|STXBP1|STXBP5L|SV2A|SV2C|SYT4|NRXN1|GRM8|SNAP91|NAT8L|SYT1|APP|PPFIA3|TOR1A|CADPS|DOC2A|DOC2B|DOC2G|FLOT1|RPH3A|MCTP1|OSBPL2|STX1A|GIT1|STXBP5|MCTP2|SYT9|ATP1A2|BCL2L1|CACNB4|CACNA1E,https://www.gsea-msigdb.org/gsea/msigdb/mouse/geneset/GOBP_NEUROTRANSMITTER_TRANSPORT,204,ENR,GOBP_NEUROTRANSMITTER_TRANSPORT,2.1726999999999999,4.0000000000000001E-3,GOBP_NEUROTRANSMITTER_TRANSPORT,FALSE,GOBP_NEUROTRANSMITTER_TRANSPORT
25,1.86327943284359,1.86327943284359,1.86327943284359,0.98629999999999995,0.26819999999999999,8.4900000000000003E-2,1,APLN|SMOC2|WNT5A|SPRY1|FGFRL1|NGFR|SPRY4|DSTYK|ITGB1|FAM20C|FUZ|RUNX2|OFD1|GPC1|NPTN|SULF1|CTNNB1|SULF2|FGFBP3|NRXN1|THBS1|PRKD2|SPRY2|GATA3|HHIP|WNT4|FGFBP1|CREB3L1|PDGFB|NOG|SHISA2|TCF7L2,https://www.gsea-msigdb.org/gsea/msigdb/mouse/geneset/GOBP_REGULATION_OF_FIBROBLAST_GROWTH_FACTOR_RECEPTOR_SIGNALING_PATHWAY,32,ENR,GOBP_REGULATION_OF_FIBROBLAST_GROWTH_FACTOR_RECEPTOR_SIGNALING_PATHWAY,1.7827999999999999,1.37E-2,GOBP_REGULATION_OF_FIBROBLAST_GROWTH_FACTOR_RECEPTOR_SIGNALING_PATHWAY,FALSE,GOBP_REGULATION_OF_FIBROBLAST_GROWTH_FACTOR_RECEPTOR_SIGNALING_PATHWAY
88,1.5783960731301701,1.5783960731301701,1.5783960731301701,0.97360000000000002,0.10979999999999999,6.8199999999999997E-2,1,ATG9B|MAP3K7|RPL13|POR|LRRK1|GLI3|SIGLEC15|ASXL1|FAM20C|VKORC1|HOXB4|ALPL|LRRC17|BMP2|BMP6|PAX1|IHH|SRC|RARG|DHRS3|SBDS|ECM1|EXT1|GREM1|SETDB1|DLX5|COMP|MMP14|NPPC|NPR2|INPPL1|RARA|GHRL|PAFAH1B1|NOTUM|NINJ1|PAPSS2|PPIB|COL2A1|BMPR2|POC1A|SPARC|PRPSAP2|RAB23|MEGF8|ANO6|PDGFA|TGFBR2|MYOC|CBS|BMP4|TYROBP|NFIX|TGFB1|CYP26B1|BGLAP|BGLAP2|PTGER4|KAT2A|FOXN3|FREM1|GGCX|RYR1|CDX1|HSD17B1|TMEM107|SMAD1|SMAD5|SMPD3|DMD|SULF1|SULF2|ACTN3|MEF2D|ATF2|ANXA2|TIFAB|COL6A1|TIMP3|TULP3|RARB|FBXW7|HOXA11|MSX1|MSX2|PITX2|TMEM119|CR2|GJA1|OSR2|WNT1|RUNX2|SHOX2|TMEM38B|SKI|LTBP3|LRP6|ZBTB16|BNC2|CADM1|EVC|ATP6AP1|MAP2K6|KDR|RANBP3L|ZMPSTE24|FBLN5|LRP5|TRIP11|ANKRD11|FANCB|OPA3|SCX|SEMA4D|ADAMTS7|IFT80|LTF|PHOSPHO1|FGFR3|PLXNB1|THBS3|MEF2C|SH3PXD2B|PEX7|NOTCH2|SLC38A10|SLC10A7|MAPK11|RHOA|PTPRC|FBN1|SNX10|PDGFC|INSIG1|TRPV4|INSIG2|SPNS2|COL13A1|PAPPA2|SP5|BGN|EPYC|MAPK14|OPTC|TWIST1|SIK3|CHSY1|AKAP13|CSGALNACT1|EXT2|GALNT3|HSPG2|BMPR1B|NAB1|NAB2|PLS3|RGN|EBP|BBX|DYM|TTC9|COL27A1|SERPINH1|IDUA|ENPP1|COL3A1|SOX9|PTHLH|GNAS|TGM2|DDR2|IGF1|XYLT1|MBTPS2|LEPR|ITGB6|CLDN18|CHAD|CARM1|TRIM45|DCHS1|FGFR2|THBS1|TNFSF11|SFRP4|MMP13|IFITM5|TAPT1|SCUBE2|ACP5|FOSL2|AXIN2|TJP2|PHEX|ATG9A|GLG1|IFT172|TRP53|CFH|MMP16|TFAP2A|COL1A1|STC1|SMAD9|FOXP1|ENG|ASXL2|LOX|OGN|GPR68|HAS2|FOXC1|CITED2|MCPH1|ADAMTS12|LIPA|FAT4|FGF18,https://www.gsea-msigdb.org/gsea/msigdb/mouse/geneset/GOBP_BONE_DEVELOPMENT,218,ENR,GOBP_BONE_DEVELOPMENT,1.8415999999999999,2.64E-2,GOBP_BONE_DEVELOPMENT,FALSE,GOBP_BONE_DEVELOPMENT
23,2.6989700043360201,2.6989700043360201,2.6989700043360201,0.998,0.16159999999999999,3.1699999999999999E-2,1,MOV10|CDC73|NANOS1|UPF1|NANOS3|UPF3A|UPF3B|RBMX|CIRBP|ELAVL1|MLH1|CNOT6L|PABPN1L|PATL1|PLEKHN1|ZFP36L1|PNLDC1|ZFP64|POLR2G|PUM1|DAZAP1|DCPS|SAMD4|SAMD4B|HSPA8|ZC3HAV1|EIF1|RC3H1|RC3H2|TNRC6A|TNRC6B|TNRC6C|TOB1|CPEB3|CSDE1|DHX36|DHX9|HMX2|YTHDF1|YTHDF3|ZFP36|CELF1|CELF3|CELF4|PRR5L|KHSRP|CLNS1A|LSM1|PNPT1|TTC5|GTPBP1|METTL14|HNRNPD|HNRNPU|IGF2BP1|METTL3|NUP98|NCBP1|WDR77|PAN2|PAN3|PABPC1|PAIP1|PIWIL2|RBM24|PDE12|EIF4A3|ZC3H12A|EXOSC10|PRDX6|PRDX6B|ZC3H12D|ROCK1|ROCK2|ZFP36L2|SYNCRIP|YBX1|YTHDF2|RBM3|RBMXL1|DCP2|CCNB1|PARN|BTG2|METTL16|CAPRIN1|CNOT1|CNOT2|CNOT3|CNOT6|CNOT7|SLC39A5|CNOT8|NCL|DCP1A|DCP1B|SNRNP70|DIS3L2|DND1|SNW1|EIF4ENIF1|FTO|FXR1|FXR2|GIGYF2|TARDBP|ADARB1|GTSF1|ALKBH5|HNRNPR|THRAP3|APOBEC1|TRA2A|TRA2B|PRMT5|PRPF19|MEX3D,https://www.gsea-msigdb.org/gsea/msigdb/mouse/geneset/GOBP_POSITIVE_REGULATION_OF_MRNA_METABOLIC_PROCESS,117,ENR,GOBP_POSITIVE_REGULATION_OF_MRNA_METABOLIC_PROCESS,2.0571999999999999,2E-3,GOBP_POSITIVE_REGULATION_OF_MRNA_METABOLIC_PROCESS,FALSE,GOBP_POSITIVE_REGULATION_OF_MRNA_METABOLIC_PROCESS
1,2.4089353929735,2.4089353929735,2.4089353929735,0.99609999999999999,9.5600000000000004E-2,4.0099999999999997E-2,1,RAB11A|PREPL|RAB26|P2RX7|RAB31|STEAP2|NLRP5|ABR|DNM1L|RAB13|SNAPIN|ADORA3|HYAL3|STX17|GRIK5|GIT2|MYO1G|MYO5B|NCKAP1L|ATP9A|RAB3D|WIPF3|CD177|SYT7|SYT11|ORAI1|PSEN1|RAB3B|ADRA2A|RAB25|SMCR8|PRRT2|UNC13B|WDR41|CACNA1H|BRSK2|PRKCB|ATP2A2|LRRK2|RIMS2|NAPA|VAMP1|RAB27A|SYT17|UNC13C|SYT2|NAPB|LLGL1|RAB8A|ITGB2|ITGB2L|NPPA|VPS11|NPPC|VPS18|MIA3|RAC2|F2RL1|RASGRP1|CHMP2A|ARHGAP17|STX11|SCRIB|SDC4|HTR1D|PIKFYVE|RAB12|OTOF|RAPGEF4|FMR1|NKG7|SYK|KIT|MYH9|RABGEF1|EXOC1|P2RY1|UNC13D|ARF1|STX2|SYT8|NPY1R|PI4K2A|SACM1L|CACNA1C|P2RX2|SYNJ1|CACNA1D|CSPG5|SPHK2|TPCN2|PRKCA|VAMP3|STX3|CFTR|PIK3C2A|SYP|CORO1A|SMPD3|PCLO|RAB7|KCTD9|PIP5K1C|SYTL2|ATP13A2|ANXA2|PLD2|PLEK|ANXA1|MICAL3|TRIM72|CAMK2A|CDK5|EFR3A|PTAFR|CCL3|CCL5|CACNA1A|CCL8|CEACAM1|CCR2|PRSS12|S100A10|SYNGR3|GRP|BCR|FBXL20|HAP1|DTNBP1|CACNA1I|IL13|SYDE1|STX19|YKT6|BAIAP3|SNX19|AP1G1|ARL8B|LLGL2|YWHAZ|SYN2|SYT13|TPH1|SYT5|ITGAM|CBL|FGA|RAB10|CPLX2|FGB|D6WSU163E|FES|GAB2|GATA1|GATA2|DVL1|LAMP1|P2RY2|PAK1|PRAM1|PTGDR|RAB11FIP2|RAB44|SNAP23|STXBP2|SNX4|STX4A|RAB5A|SNAP25|TAC4|VAMP8|LYN|TRIM9|RAB3GAP1|SLC18A2|MS4A2|FBXO45|ABCA12|P2RX1|RAP1A|RAP1B|PDPK1|NOTCH1|RAB33B|NPY|RAB21|PPP3CB|STEAP3|NSF|PLA2G6|RAB3A|RALA|TMEM79|VPS4B|SNAP47|PFN2|EXOC3|EXOC6B|SNCA|ITSN1|NKD2|CLASP1|CLASP2|RALB|MYO5A|IL4|TCP11|TXLNA|EXOC7|LIN7A|LIN7B|NR4A3|LIN7C|EXOC4|PLA2G3|VAMP2|BRAF|NCS1|PRKACA|CADPS2|COPS5|PDCD6IP|MYH10|PTGDS|CTBP2|ERC1|EXOC5|ERC2|EXOC6|HGS|SCRN1|SNAP29|SYN1|BTK|CRHBP|CD160|MICAL1|POU5F1|GCGR|RIMBP2|SLC4A8|SYT12|SV2B|SYNGR1|SYNGR2|CD84|CDK16|VPS41|VPS4A|KCNB1|KCNH1|PPFIA2|RUFY4|SRCIN1|CACNA1G|TMED10|UNC13A|CASK|CCR1|PEX5L|CD300A|NCAM1|BRSK1|LGI3|RAB37|RAB3C|RIMS3|NLGN1|STXBP1|STXBP5L|SV2A|SV2C|SYT15|SYT4|GNAI2|GNAO1|FCER1A|FCER1G|REST|FCGR4|FGG|ANXA3|SDF4|SDC1|CHGA|RAB11FIP1|RAB11FIP5|RAB8B|EXOC2|RAB11B|RAB40B|SYT1|SYT3|TSPAN18|FGR|PPFIA3|IL13RA2|EXOC3L|RAB40C|SCAMP1|SYCN|TMEM63B|SYTL1|SYTL3|SYTL5|TMEM167|TMEM167B|EXPH5|TNFAIP2|CADPS|CDK5R2|HCK|DOC2A|DOC2B|DOC2G|ADORA2B|IL4RA|RAB15|RAB27B|RAB9|RPH3A|OSBPL2|SDCBP|SNF8|STAM|STX1A|ARFGEF2|GIT1|STXBP5|SYT9|HMOX1|SYTL4|VSNL1|IL1RAPL1|MYO1F|TSG101|BCL2L1|RAB2B|CLNK|LAT|CACNB4|LAT2|SCAMP5|CACNA1E|EXOC8|LGALS9,https://www.gsea-msigdb.org/gsea/msigdb/mouse/geneset/GOBP_EXOCYTOSIS,346,ENR,GOBP_EXOCYTOSIS,1.9932000000000001,3.8999999999999998E-3,GOBP_EXOCYTOSIS,FALSE,GOBP_EXOCYTOSIS
41,1.5767541260631901,1.5767541260631901,1.5767541260631901,0.97350000000000003,0.19850000000000001,9.7100000000000006E-2,1,EIF2AK3|SAR1B|BECN1|DEPDC5|NPRL2|RRAGA|SEH1L|MTOR|ATF4|MAP1LC3A|MAPK3|PRKD1|SLC38A2|MAPK8|PRKCH|SAR1A|RRAGB|GPR155|SESN2|ATF2|FAS|ATF3|UCP2|ITFG2|MAPK1|RRAGD|TFEB|SZT2|MIOS|EIF2AK4|EIF2B1|KPTN|SESN3|RRAGC|ULK1|SH3GLB1|ATXN3|DAP|WDR24|TRIM32|WDR59|EIF2AK2|EIF4EBP1|NPRL3|MAP3K5|FLCN|IMPACT|RNF167|RNF152|SESN1|CDKN1A|LARP1|EIF2A|EIF2S1,https://www.gsea-msigdb.org/gsea/msigdb/mouse/geneset/GOBP_RESPONSE_TO_AMINO_ACID_STARVATION,54,ENR,GOBP_RESPONSE_TO_AMINO_ACID_STARVATION,1.7396,2.6499999999999999E-2,GOBP_RESPONSE_TO_AMINO_ACID_STARVATION,FALSE,GOBP_RESPONSE_TO_AMINO_ACID_STARVATION
86,2.2146701649892302,2.2146701649892302,2.2146701649892302,0.99390000000000001,0.34079999999999999,4.5699999999999998E-2,1,CAP2|GSK3B|AMOT|BAIAP2|DIP2A|CTTNBP2|ITSN1|STRN4|CYFIP1|PDXP|NF1|TIAM1|MYO5B|EGLN1|MARCKS|RHOB|PTK2|CHMP2B|KALRN|CAMKV|CDC42|RHOA|RAPGEF2|MYH10,https://www.gsea-msigdb.org/gsea/msigdb/mouse/geneset/GOBP_REGULATION_OF_MODIFICATION_OF_POSTSYNAPTIC_STRUCTURE,24,ENR,GOBP_REGULATION_OF_MODIFICATION_OF_POSTSYNAPTIC_STRUCTURE,1.9483999999999999,6.1000000000000004E-3,GOBP_REGULATION_OF_MODIFICATION_OF_POSTSYNAPTIC_STRUCTURE,FALSE,GOBP_REGULATION_OF_MODIFICATION_OF_POSTSYNAPTIC_STRUCTURE
85,1.5654310959658,1.5654310959658,1.5654310959658,0.9728,0.25309999999999999,9.5600000000000004E-2,1,EXOC2|VPS11|VPS18|EXOC7|KCNB1|PPFIA3|EXOC4|SYDE1|VAMP2|YKT6|CFTR|UNC13A|NCAM1|CTBP2|UNC13B|EXOC3|RIMS3|EXOC5|EXOC6B|STXBP1|EXOC6|SYTL2|GNAO1|RIMS2|EXOC1|UNC13C|PLEK|RALB|STXBP2|CAMK2A|STX4A|EXOC8|RAB8A,https://www.gsea-msigdb.org/gsea/msigdb/mouse/geneset/GOBP_VESICLE_DOCKING_INVOLVED_IN_EXOCYTOSIS,33,ENR,GOBP_VESICLE_DOCKING_INVOLVED_IN_EXOCYTOSIS,1.7458,2.7199999999999998E-2,GOBP_VESICLE_DOCKING_INVOLVED_IN_EXOCYTOSIS,FALSE,GOBP_VESICLE_DOCKING_INVOLVED_IN_EXOCYTOSIS
28,2.2218487496163601,2.2218487496163601,2.2218487496163601,0.99399999999999999,0.21609999999999999,5.04E-2,1,CSNK1E|LDLR|GGA3|IFNGR1|IGF1|LRRTM3|BECN1|MGAT3|LRP1|ADAM10|PIN1|PSENEN|RTN1|RTN3|SLC2A13|SPON1|TREM2|EFNA1|ROCK1|ROCK2|ABCA7|PRNP|PSEN1|TMED10|UNC13A|PSEN2|NCSTN|SORL1|EPHA4|ABCC1|TNF|DYRK1A|SP1|ACE|LRP4|RTN2|IFNG|CD36|HAP1|ABCG1|IDE|BACE1|CASP3|RELA|RTN4|APOE|BIN1|MME|NTRK2|APEH|APH1B|PICALM|ABCA2|APH1A|APH1C|BACE2|CLU|GSK3A,https://www.gsea-msigdb.org/gsea/msigdb/mouse/geneset/GOBP_AMYLOID_BETA_METABOLIC_PROCESS,58,ENR,GOBP_AMYLOID_BETA_METABOLIC_PROCESS,1.9179999999999999,6.0000000000000001E-3,GOBP_AMYLOID_BETA_METABOLIC_PROCESS,FALSE,GOBP_AMYLOID_BETA_METABOLIC_PROCESS
40,1.6307841425898599,1.6307841425898599,1.6307841425898599,0.97660000000000002,0.36759999999999998,9.9500000000000005E-2,1,DLG1|OPHN1|RAPSN|DGKZ|HSPA8|ARF6|PRICKLE2|ITGB1|ITGB3|DLG2|SHANK3|SHANK1|MPP2|PRICKLE1|CADM1,https://www.gsea-msigdb.org/gsea/msigdb/mouse/geneset/GOBP_MAINTENANCE_OF_POSTSYNAPTIC_SPECIALIZATION_STRUCTURE,15,ENR,GOBP_MAINTENANCE_OF_POSTSYNAPTIC_SPECIALIZATION_STRUCTURE,1.7309000000000001,2.3400000000000001E-2,GOBP_MAINTENANCE_OF_POSTSYNAPTIC_SPECIALIZATION_STRUCTURE,FALSE,GOBP_MAINTENANCE_OF_POSTSYNAPTIC_SPECIALIZATION_STRUCTURE
25,2.2441251443275099,2.2441251443275099,2.2441251443275099,0.99429999999999996,9.4500000000000001E-2,5.4399999999999997E-2,1,FBXL15|OGT|HES5|NRP1|ITGA8|BAMBI|SKIL|SMOC2|FGF10|NGLY1|PPARA|FAM20C|CDKN2B|RBPJ|BMP2|HDAC1|PRKCB|SOST|TMEM53|PRKD2|HTRA1|TMEM108|ZBTB7A|WNT4|TOB1|LRRC32|GREM1|SIN3A|SNX1|STK11|KCP|GATA4|SMAD7|NBL1|SFRP1|OFD1|ABL1|SPRED3|SOX11|MTMR4|ATP2B4|CYFIP2|CIDEA|SLIT2|PDGFB|TNFAIP6|VEGFA|MYOCD|ROBO1|NPNT|BMP4|TSPAN32|TWSG1|CHRD|DNM2|PIN1|RBBP4|XBP1|ZEB1|CAV3|PRMT1|TCF4|RYR1|CD63|ACVRL1|AGT|PIK3CB|FBN2|HIPK2|SMURF2|STUB1|DMD|SULF1|SORL1|SULF2|VWC2|GPC3|DOK5|TBX20|RNF111|FKBP1A|CRB2|TGFB1I1|FURIN|CAV2|VEGFB|CAV1|NEO1|DCN|CD59A|GOT1|SH3GLB1|ADAMTSL2|GDF5|DAND5|IL17RD|NEPN|RASL11B|ITGA3|LTBP1|ZFYVE9|MYOF|ITGB1|MSX1|ITGB3|MSX2|GIPC1|ASPN|WNT1|RUNX2|SKI|CXCL13|SMAD6|NPTN|LRP2|WFIKKN1|WFIKKN2|HIF1AN|KDR|DAB2IP|GATA3|GATA6|UBE2O|FGFBP1|SNX6|BCL9L|HRG|SHISA2|TMPRSS6|VTN|ITGA5|LEMD3|NEDD4|ING2|LRG1|ONECUT2|NGF|ZDHHC17|PDPK1|NOTCH1|NOTCH2|SPRY1|TGFBR3|GDF15|DLL1|FBN1|ZEB2|FKBP8|SMAD3|HHEX|FSTL4|HHIP|STRAP|SLC9A6|ILK|ONECUT1|RGMA|SNX25|WASF1|CHST11|TSC22D1|IL4|ULK1|ARID4A|XDH|ARID4B|BRMS1|CHRDL1|BRMS1L|ING1|APLN|CTDSPL2|RBBP7|CFLAR|SAP130|PTPN1|SAP30|SAP30L|SLC2A10|SPRY4|SUDS3|HDAC2|CDH5|PRDM16|PPM1A|PPARG|ADAM17|GPC1|PPP2R5D|FGFBP3|HGS|FSTL1|PPP2R5B|PTPRF|FGF1|NKX2-1|SIRT1|SMAD4|SMURF1|GRB10|ZFP423|ZFP703|CHRDL2|LRP1|CADM4|CRIM1|GREM2|SPRED2|HTRA3|TET1|TRIM33|HSPA5|FGFRL1|MT3|ZFP451|FST|FUZ|BMPER|VASN|CDKN1C|CASK|MEN1|SOSTDC1|HSP90AB1|CTNNB1|GPR155|LEMD2|NRXN1|THBS1|PEG10|SEMA6A|SFRP4|PDCD6|HES1|RBPMS2|PBLD1|CREBBP|PBLD2|PELO|SMAD2|ADAMTS3|ANGPT1|NOG|GLG1|TCF7L2|TRP53|FZD4|FERMT1|PTP4A3|CDH3|CYFIP1|TEK|EMILIN1|TGFB3|IL12A|WNT5A|IL12B|ENG|NGFR|TMEM204|DSTYK|FZD1|SNW1|FGF9|LOX|SPRED1|CD109|EP300|FLCN|CITED2|FSTL3|LATS1|LATS2|SDCBP|EPN2|AXIN1|NUMA1|OVOL2|SFRP2|MMRN1|CCBE1|SPRY2|GDF3|MMRN2|HIF1A|TFAP2B|FOLR1|SCUBE3|CILP|CREB3L1|EID2|VEGFC|FAM89B|INTS9|PMEPA1|VEPH1|ADAMTS12|FGF16|FGF18|USP15|FGF2|FOXD1,https://www.gsea-msigdb.org/gsea/msigdb/mouse/geneset/GOBP_REGULATION_OF_CELLULAR_RESPONSE_TO_GROWTH_FACTOR_STIMULUS,302,ENR,GOBP_REGULATION_OF_CELLULAR_RESPONSE_TO_GROWTH_FACTOR_STIMULUS,1.8987000000000001,5.7000000000000002E-3,GOBP_REGULATION_OF_CELLULAR_RESPONSE_TO_GROWTH_FACTOR_STIMULUS,FALSE,GOBP_REGULATION_OF_CELLULAR_RESPONSE_TO_GROWTH_FACTOR_STIMULUS
18,2.74472749489669,2.74472749489669,2.74472749489669,1,0.1134,6.8999999999999999E-3,0.55200000000000005,OPHN1|ATG4B|OGT|PSMF1|MAD2L2|UBXN2A|FBXO2|CLEC16A|CAML|GABARAP|GABARAPL2|PABPN1L|TMEM9|SOX17|FHIT|NDFIP1|PPP2CA|GLMN|TMEM132A|PSEN1|RNF185|UBE2K|PPP2R3A|ADRA2A|TMF1|SIRT6|USP38|HSPA1B|DAB2|SAMD9L|SENP1|UBB|LRRK2|ITCH|MYLIP|TRIM40|PSMD1|SNX1|PSMD2|SH3RF3|TLK2|RAD23A|VPS11|RAD23B|AGAP2|TAF9|FOXO1|HSPA1A|MSN|RHBDD3|SOCS5|EIF3H|NUDT15|RNF41|CHMP6|CSNK1D|LPCAT1|SH3RF1|FMR1|SOCS4|SERPINE2|TNFAIP3|SMARCC1|RHBDD1|RNFT1|TNFRSF1B|SVIP|PSMD3|CTSA|ECSCR|APOE|NELL1|XPO1|PLK2|MYCBP2|RPL11|CLU|RGP1|PIAS1|PIN1|WNT10B|SGSM3|XBP1|TREM2|USP14|LRIG2|COMMD1|TNFSF12|SNX9|BAG5|FOXF2|CSNK2A2|RAB7|RNF180|PBK|STUB1|PHF20L1|SORL1|RYBP|STYX|DYSF|TRIM39|GPC3|WAC|AKT1|C4BP|HSPBP1|ATG7|ATP13A2|ANXA2|AURKA|BTRC|RNF40|FBXO11|OAZ2|ARAF|CBFA2T3|FLNA|MAPK15|FURIN|RILP|TIMP3|WDR91|FYN|CAV1|DDB1|USP9X|ZFP418|GRIN2C|BCAP31|UBXN1|FBXL20|FBXO22|CD81|FBXW7|USP13|USP19|USP25|GFAP|GIPC1|TRIM32|GJA1|TIMP1|PTTG1IP|DACT1|KCNE2|SH3RF2|USP5|PKD1|USP8|TMTC3|TIMP2|DAB2IP|ASB11|RBX1|NDUFA13|SH3D19|DVL1|TIMP4|TSPAN15|TSPAN17|HAMP|TSPAN5|MTM1|BAG6|CSNK2A1|NOS2|CST3|IL1B|CHEK2|EZR|EIF2AK3|NEDD4|NEDD4L|OAZ1|PCSK9|DLGAP1|NUPR1|FAF1|FMN2|PARK7|PSMD10|NSF|PSEN2|GPX1|DNAJB2|PTPN3|SMAD3|SNCA|MDM4|TNF|NKD2|ERN1|PSME1|TRF|VCP|PSME2|PSME3|MAPK9|PLK1|RGMA|NFE2L1|SUMO1|VPS35|IFNG|MFSD8|CDK5RAP3|FAM83D|SHH|UBQLN1|ADAM9|UBR3|UBE2V2|UBQLN4|CUL4A|UCHL5|CUL4B|CSNK2B|PRKACA|USP7|NRG1|VGLL4|CDH1|CDKN1B|CYP51|FBXL5|SCO1|HERPUD1|SIRT1|SIRT2|SMAD4|RNF19A|SGTA|SOX9|EIF2A|HMGCR|EGFR|RDX|GSK3A|CSNK1E|GSK3B|ZDHHC2|LDLR|GGA3|TRIB3|GPLD1|MGAT3|LRP1|INS1|INS2|APC|VPS28|PAQR3|SEC22B|AQP11|AZIN1|MAPK8|SNX33|MDM2|ZFAND2A|EGLN2|GCLC|HSP90AA1|HSP90AB1|TIPARP|NQO1|BBS7|PLK3|DDA1|DEDD|DET1|NUB1|OSBPL7|SUMO2|NKD1|PSMD14|ZER1|ZYG11B|ODC1|AXIN2|TRIB2|PACSIN3|SF3B3|IRAK3|LAPTM4B|SNX12|STX5A|HFE|RNFT2|ATXN3|CSNK1A1|RHBDF1|TMX1|TTC36|APP|WNT5A|BAG2|RCHY1|TMEM67|FZR1|WFS1|ASB5|ASB9|TRIM30A|GNA12|N4BP1|SERPINB1A|ADAM8|SERPINB1B|PRICKLE1|TRIB1|CDC20|IL33|ALAD|IL10|RELA|CHFR|FBXW8|SNF8|AXIN1|CBLB|MAD2L1|SNX3|UBQLN2|LAMP3|ABCA2|IER3|DTL|DDRGK1|F8A|GGA1,https://www.gsea-msigdb.org/gsea/msigdb/mouse/geneset/GOBP_REGULATION_OF_PROTEIN_CATABOLIC_PROCESS,331,ENR,GOBP_REGULATION_OF_PROTEIN_CATABOLIC_PROCESS,2.3959999999999999,0,GOBP_REGULATION_OF_PROTEIN_CATABOLIC_PROCESS,FALSE,GOBP_REGULATION_OF_PROTEIN_CATABOLIC_PROCESS
,2.6989700043360201,2.6989700043360201,2.6989700043360201,0.998,0.2389,2.23E-2,0.98699999999999999,IGF1|SEMA3C|ABR|LRP1|MEF2C|DLL4|FGF10|TGFBR3|ACVRL1|AHR|MDM2|RBPJ|HOXA3|EDNRA|TBX1|ATP7A|EXT1|FLNA|RSPO3|BAX|ITGA4|CEACAM1|CCR2|PBRM1|TGFB2|NPPC|NPR2|BCR|NFATC3|EPAS1|ACVR2B|CHD7|NOL3|IL18|NPR3|GJA1|LIF|FOXC1|AXL|TMBIM1|ANGPT2|BMPR2|ADRA1B|NDP|JAG1|FLT4|ELN|VEGFA|ATG5|HRG|NOS2|CBS|CST3|NOS3|TGM2|FOXC2|BAK1,https://www.gsea-msigdb.org/gsea/msigdb/mouse/geneset/GOBP_BLOOD_VESSEL_REMODELING,57,ENR,GOBP_BLOOD_VESSEL_REMODELING,2.1459000000000001,2E-3,GOBP_BLOOD_VESSEL_REMODELING,FALSE,GOBP_BLOOD_VESSEL_REMODELING
,1.78251605578609,1.78251605578609,1.78251605578609,0.98350000000000004,9.74E-2,9.4399999999999998E-2,1,UPF1|NBN|BAZ1A|FHIT|ZFP830|CDC42|ADRA2A|RUVBL1|RUVBL2|STRA8|E4F1|POLE3|SIN3A|DHX9|CDT1|POLK|WDHD1|INPPL1|RNASEH2A|AICDA|PARP1|WDR18|ASF1A|CDC45|MAP2K4|MET|CHAF1A|CHAF1B|CHRAC1|PDGFB|GMNN|RRM1|NFIC|RRM2B|SAMHD1|TBRG1|NASP|NFIX|RBBP4|TK2|PURA|SSRP1|TSPYL2|NFIB|ATG7|CACYBP|CDK1|MAPK15|MCRS1|BRCA1|YY1|RAD50|RPA1|RTEL1|SLX4|BOD1L|CCNE1|CCNE2|DONSON|ETAA1|DNA2|FAM111A|ATRX|DNAJA3|GINS1|GINS3|MCM10|MCMBP|NOC3L|ENDOG|ORC1|ORC2|ORC4|ORC6|POLA1|POLA2|POLD1|POLD2|POLD3|POLD4|TK1|POLE|POLE2|POLE4|PRIM1|PRIM2|RFC1|SMARCAL1|TRAIP|EXO1|JUN|ZMPSTE24|ACTR5|ACTR8|LIG3|BARD1|LPIN1|BRPF3|CCNA2|CDC7|CHTF18|CHTF8|CIZ1|CST3|DACH1|DBF4|EHMT2|DNAJC2|MCM7|DSCC1|CDK9|DYNLL1|E2F7|E2F8|EREG|ESCO1|RECQL5|ESCO2|POLG|POLG2|FAF1|FBXO5|POLB|CDK2|GLI1|POLQ|GLI2|HELB|ID3|EME1|EME2|ILKAP|RNASEH1|EXD2|ING5|DTD1|FANCM|INO80|GEN1|INO80B|POLH|RBMS1|SETMAR|GINS2|INO80C|POLI|GINS4|INO80D|INO80E|KCTD13|SSBP1|LIG1|MCM3|MEAF6|MCM4|MCM5|MCM6|MRE11A|BRCA2|NFRKB|LRWD1|NPM2|NUCKS1|MUS81|OOEP|ORC3|ORC5|PDS5A|POLL|POLN|RBBP8|TOP1MT|RECQL|RAD17|RECQL4|REV3L|RFWD3|RFC2|RMI1|RFC3|RFC4|RPA3|RFC5|RPAIN|ATR|RPA2|SENP2|SMC3|RBBP7|TFPT|KIN|TIMELESS|CINP|TIPIN|ATF1|TNFAIP1|UCHL5|USP37|AGER|WIZ|WRN|WRNIP1|TREX1|ZBTB38|ATAD5|ZFP365|ZRANB3|FGFR1|EGFR|SMARCA5|TTF1|MCM2|RBBP6|MAPK8|GRWD1|GTPBP4|CARM1|MCM8|MCM9|MMS22L|PCNA|DDX11|TONSL|TOPBP1|ANKRD17|NFIA|TOP1|TRP53|METTL4|POLRMT|ACTL6A|NPM1|RAD51|CDC6|BLM|IL6|FEN1|TERF1|RAC1|DTL,https://www.gsea-msigdb.org/gsea/msigdb/mouse/geneset/GOBP_DNA_REPLICATION,240,ENR,GOBP_DNA_REPLICATION,1.7519,1.6500000000000001E-2,GOBP_DNA_REPLICATION,FALSE,GOBP_DNA_REPLICATION
4,2.2146701649892302,2.2146701649892302,2.2146701649892302,0.99390000000000001,0.1196,3.0700000000000002E-2,1,OGT|PFKL|APOD|NDFIP1|PIAS4|CD200|PSMD9|GPM6B|OTUD7B|ADRA2A|RPTOR|ACVR1C|SIRT6|AKAP1|HDAC3|DAB2|LRRK2|PKIA|UCP2|TMED2|SIN3A|TRIM40|RSAD2|UFM1|JAGN1|BTF3|INPP5E|FOXO1|F2RL1|GHRL|ADIPOQ|SFRP1|DERL2|TMEM98|DERL3|ERLEC1|KLF7|PIM3|TBC1D1|OS9|NSFL1C|PDE4C|SVIP|UBXN2B|ACTN2|UBAC2|UBE2G2|APOE|PDE8B|YOD1|ABI3|PID1|PLK2|RAB23|RHOQ|LRRC15|ENY2|PDE3B|TGFB1|PPFIA1|RNF4|TAX1BP3|ROCK2|MAP4K4|COMMD1|4930550C14RIK|PTPRV|PKDCC|DRD4|AKT1|F2R|ABCC8|ANXA1|FBXO4|DCLK2|FKBP1B|PTPN11|CDK5|PTPMT1|GOPC|NEO1|CD36|BAG3|NDFIP2|BAG4|ITGB1BP1|LYPD1|CORO2B|HADH|FZD9|IDH2|CABP1|KCNE1|YWHAZ|ASTN2|MUP1|MUP2|MUP3|KCNJ11|MUP5|ARF6|NUMB|NF1|BARD1|KCNJ6|MAPT|MFHAS1|KCNQ1|SP100|DPH3|TXN1|MARK3|IL1B|RHBDF2|NEDD4L|PPM1F|CDK9|LZTFL1|MDFIC|GDI2|PPP3CA|PARK7|MIDN|PTGER3|FBN1|SFN|TTBK2|DNAJA1|HNF4A|INSIG1|NPFF|RANGAP1|AP2M1|GRIPAP1|LYPLA1|VCP|TMEM59|SUMO1|VPS35|TRP53INP2|NR1H3|FFAR2|FFAR3|CDKN2A|RAB11FIP3|ANXA5|WNK1|WNK4|WWP2|CDH1|PPP2R5A|TMBIM1|CYP51|NACA|PKIG|NFKBIA|SIRT1|MRAP|SIRT4|IDUA|GNAI1|PICALM|HMGCR|SREBF1|GSK3B|GDI1|INPP5K|INS1|INHBB|INS2|IRS1|KCNB1|YWHAB|MTOR|SRCIN1|CSK|SNX33|CLDN18|CTNNA1|GNAZ|CRHR2|STXBP5L|SYT4|MADD|GNAO1|PDE1C|REST|LZTS2|MAGED1|LYPLAL1|CHGA|ANGPT1|RAB11FIP1|RAB11FIP5|FERMT1|NGDN|SNX12|POLR1A|FRMD4A|RHBDF1|SERGEF|EI24|APP|IL12A|DCLK1|IL12B|UBE2J1|GBP4|NOL3|HECTD1|DCLK3|TRIM29|NDUFAF2|FAM76B|LATS1|LATS2|CLTC|SYTL4|VSNL1|LEPROT|TERF1|ANKRD13A|SNX3|BCL2L1|ERP29,https://www.gsea-msigdb.org/gsea/msigdb/mouse/geneset/GOBP_NEGATIVE_REGULATION_OF_PROTEIN_LOCALIZATION,225,ENR,GOBP_NEGATIVE_REGULATION_OF_PROTEIN_LOCALIZATION,2.0661,6.1000000000000004E-3,GOBP_NEGATIVE_REGULATION_OF_PROTEIN_LOCALIZATION,FALSE,GOBP_NEGATIVE_REGULATION_OF_PROTEIN_LOCALIZATION
46,1.99567862621736,1.99567862621736,1.99567862621736,0.9899,0.22209999999999999,9.2100000000000001E-2,1,ZC3H12A|BMP4|CCR2|GDF6|DSC2|XDH|GADD45A|TREM2|DSG3|CAV3|HAND2|PER1|RELL2|GSN|PTPN22|DUSP10|HGF|AGER|MAP3K5|BMP2|DLG1|SASH1|PHLPP1|MINK1|DAB2IP|DUSP1|TRPV4|ULK4|MET|RELL1|MFHAS1|MAP3K3|KCNN4|PJA2|MAP3K4|GADD45G|SPHK1|VEGFA|GADD45B|IL1B|CYLD|EZR|STK39,https://www.gsea-msigdb.org/gsea/msigdb/mouse/geneset/GOBP_REGULATION_OF_P38MAPK_CASCADE,43,ENR,GOBP_REGULATION_OF_P38MAPK_CASCADE,1.7589999999999999,1.01E-2,GOBP_REGULATION_OF_P38MAPK_CASCADE,FALSE,GOBP_REGULATION_OF_P38MAPK_CASCADE
3,2.7212463990471698,2.7212463990471698,2.7212463990471698,0.99809999999999999,0.16,4.0300000000000002E-2,1,RAB14|IFT80|EPHB4|FGFR3|ERBB2|SMOC2|FGF10|EPHA2|SPRY1|FLT3|FAM20C|EPHB3|FGF3|PRKD2|ERBB4|EXT1|HHIP|FGF7|WNT4|NTRK1|MERTK|FLT1|APLN|EPHA3|SPRY4|KIF16B|OFD1|GPC1|CHURC1|KIT|FGFBP3|ROR2|MET|SOS1|EPHA7|FGF1|FLRT2|PDGFRA|FGFR1|FLRT3|PDGFRB|ENPP1|NDST1|PDGFB|CEP57|EGFR|NTRK3|DDR2|IGF1R|TYRO3|CHRD|FGFR4|FLRT1|INSR|IQGAP1|DDR1|KL|EPHA1|FGFRL1|SHCBP1|FUZ|RHOD|SULF1|CTNNB1|EPHA5|EPHB2|SULF2|EPHA4|FGF21|FGFR2|NRXN1|THBS1|TBX2|TIE1|FRS3|FGF12|KLB|FGF14|PTPN11|FRS2|NOG|TCF7L2|MUSK|INSRR|TEK|WNT5A|NGFR|DSTYK|ITGB1|FGF9|MST1R|RUNX2|LTK|NPTN|AXL|RET|GRB2|KDR|SPRY2|GATA3|FLT4|NTRK2|FGFBP1|CREB3L1|CSF1R|EPHB1|SHISA2|FAT4|FGF16|ZDHHC16|CRKL|FGF18|FGF2,https://www.gsea-msigdb.org/gsea/msigdb/mouse/geneset/GOBP_FIBROBLAST_GROWTH_FACTOR_RECEPTOR_SIGNALING_PATHWAY,113,ENR,GOBP_FIBROBLAST_GROWTH_FACTOR_RECEPTOR_SIGNALING_PATHWAY,1.9941,1.9E-3,GOBP_FIBROBLAST_GROWTH_FACTOR_RECEPTOR_SIGNALING_PATHWAY,FALSE,GOBP_FIBROBLAST_GROWTH_FACTOR_RECEPTOR_SIGNALING_PATHWAY
1,2.74472749489669,2.74472749489669,2.74472749489669,1,0.33700000000000002,2.3099999999999999E-2,0.99,NEDD4|UBAP1|RNF126|VPS37A|VPS37B|VPS37C|VPS37D|VPS4A|VPS28|VPS36|CHMP1A|CHMP1B|CHMP2A|CHMP2B|CHMP3|CHMP4C|CHMP5|PLAA|CHMP6|VPS4B|HDAC6|CHMP4B|VPS25|CHMP7|SNF8|STAM|PTPN23|TSG101|RNF115,https://www.gsea-msigdb.org/gsea/msigdb/mouse/geneset/GOBP_UBIQUITIN_DEPENDENT_PROTEIN_CATABOLIC_PROCESS_VIA_THE_MULTIVESICULAR_BODY_SORTING_PATHWAY,29,ENR,GOBP_UBIQUITIN_DEPENDENT_PROTEIN_CATABOLIC_PROCESS_VIA_THE_MULTIVESICULAR_BODY_SORTING_PATHWAY,2.1362999999999999,0,GOBP_UBIQUITIN_DEPENDENT_PROTEIN_CATABOLIC_PROCESS_VIA_THE_MULTIVESICULAR_BODY_SORTING_PATHWAY,FALSE,GOBP_UBIQUITIN_DEPENDENT_PROTEIN_CATABOLIC_PROCESS_VIA_THE_MULTIVESICULAR_BODY_SORTING_PATHWAY
31,2.74472749489669,2.74472749489669,2.74472749489669,1,0.2041,6.1999999999999998E-3,0.46400000000000002,ANKRD16|CDKAL1|DTWD1|DTWD2|MTFMT|DUS1L|DUS4L|OSGEP|OSGEPL1|QTRT1|THUMPD1|TPRKB|LCMT2|TRMT12|TYW1|RPP25|TYW3|RPP30|RPP38|RPP40|DDX1|SEPSECS|THG1L|DUS3L|SSB|PUS3|TRDMT1|WDR6|GRSF1|DALRD3|FARS2|ALKBH1|TRMT112|TRMT2B|CDK5RAP1|TRMT11|POP1|CLP1|METTL8|FTSJ1|MOCS3|ADAT2|CTU1|CTU2|ELP3|NSUN2|ELP4|KTI12|TRMU|URM1|ADAT1|ADAT3|LAGE3|THADA|PUS1|PUS7|TRPT1|PUS10|PUSL1|ZBTB8OS|AKT1|NSUN3|NSUN4|LSM6|PTCD1|B3GNTL1|RPUSD4|BCDIN3D|TRUB2|ELAC2|NAT10|MTO1|ELAC1|YRDC|TRIT1|TRMT5|TRNT1|HSD17B10|RPP14|RPP21|GTDC1|ALKBH8|GTPBP3|METTL2|POP4|METTL6|POP5|NSUN6|POP7|THUMPD2|THUMPD3|TRMT1|WDR4|ELP2|TRMT2A|TRMT6|TRMT61A|DPH3|TRUB1|TSEN15|TSEN2|TSEN34|TSEN54|METTL1,https://www.gsea-msigdb.org/gsea/msigdb/mouse/geneset/GOBP_TRNA_PROCESSING,104,ENR,GOBP_TRNA_PROCESSING,2.4298000000000002,0,GOBP_TRNA_PROCESSING,FALSE,GOBP_TRNA_PROCESSING
84,2.74472749489669,2.74472749489669,2.74472749489669,1,0.17960000000000001,1.1999999999999999E-3,4.7E-2,MAFF|PAX6|HES5|ATOH8|ABCA12|MAFG|OSR1|CUL7|FGFR3|LHX1|RFX3|SIX2|SERPINE1|FGF10|NOTCH1|SPRY1|STAT1|WNT9B|WWTR1|FOXN1|ZFP36L1|FOXP4|CDKN2B|CITED1|PRKCH|RPTOR|DLL1|VHL|SFN|ZEB2|ATOH1|BMP2|REG3A|EPPK1|BMP6|REG3G|TNF|FRZB|TGFBR1|F11R|ID1|ESRP1|HOXA7|KRT36|BTG1|NME2|S1PR3|NFE2L1|IFNG|NKX2-2|TGFB2|KRT84|DSG2|SRSF6|TLR9|ZFP36|XDH|EZH2|PRLR|GDNF|ADD1|CDH5|HEY2|APOLD1|SKINT1|KLF7|CDKN1B|ETV2|TMEM100|SPRED3|TRP73|DICER1|BAD|STAT5A|PKP1|CD24A|NOTCH4|SOX9|PLCB1|VEGFA|PAX8|TNFRSF1A|BMP4|ERRFI1|SPRED2|SULT2B1|APC|WNT10B|MED1|CYP27B1|KEAP1|VCL|AJAP1|ZEB1|ROCK1|ROCK2|FST|IPO7|ACVRL1|CDKN1C|CLDN5|PROC|STAT5B|AHI1|COMMD5|CTNNB1|SFRP4|ALOX8|TBX3|HES1|HEY1|FOXA3|S1PR2|CEBPB|KRAS|CAV1|FOXJ2|ZDHHC21|MESP1|CEACAM1|BMPR1A|PRKX|SOX2|CCND1|PROM1|AKAP11|FOXP1|MYCN|VDR|IKBKB|PAX2|MSX1|MSX2|SPRED1|CD109|IL1A|SALL1|ETV4|LIF|TRP63|SMO|WNT9A|VEZF1|FOXC1|PTCH1|SGPP1|GRHL1|DMBT1|NCOA3|NUMA1|OVOL2|JAG1|FOXJ1|SPRY2|GATA3|GDF3|EXTL3|YAP1|CSF1R|BMP7|IL1B|LEF1|FAT4|MMP9|FGF2,https://www.gsea-msigdb.org/gsea/msigdb/mouse/geneset/GOBP_REGULATION_OF_EPITHELIAL_CELL_DIFFERENTIATION,165,ENR,GOBP_REGULATION_OF_EPITHELIAL_CELL_DIFFERENTIATION,2.7612999999999999,0,GOBP_REGULATION_OF_EPITHELIAL_CELL_DIFFERENTIATION,FALSE,GOBP_REGULATION_OF_EPITHELIAL_CELL_DIFFERENTIATION
45,1.98296666070122,1.98296666070122,1.98296666070122,0.98960000000000004,0.24959999999999999,3.1199999999999999E-2,1,BBS1|GNAL|P2RX2|IGF1|P2RX3|DMXL2|WNT10B|ITPR3|ANO9|PLCB2|NXNL2|REEP2|B2M|BBS4|NAV2|GM7609|GNAT1|GNAT3|PDE1C|TMC4|SCNN1B|GJB4|RTP3|RTP4|TAS1R3|BEST2|CNGA4|B3GNT2|CD36|PIGR|UBR3|TTC8|FZD2|GNAT2|GNB1|CNGB1|PKD1L3|ADCY3|TAS1R1|SCNN1A|SCNN1G|GNG13|AZGP1|PDE4A|RIC8B|LPO|MKKS|OMP|LEF1|GNAS,https://www.gsea-msigdb.org/gsea/msigdb/mouse/geneset/GOBP_SENSORY_PERCEPTION_OF_CHEMICAL_STIMULUS,50,ENR,GOBP_SENSORY_PERCEPTION_OF_CHEMICAL_STIMULUS,2.0621,1.04E-2,GOBP_SENSORY_PERCEPTION_OF_CHEMICAL_STIMULUS,FALSE,GOBP_SENSORY_PERCEPTION_OF_CHEMICAL_STIMULUS
1,2.74472749489669,2.74472749489669,2.74472749489669,1,0.18729999999999999,9.7000000000000003E-3,0.73199999999999998,IGF2R|LYST|NEDD4|RAB34|ATG14|BECN1|DENND3|SLC30A2|SNAPIN|PCSK9|TMEM106B|VPS33A|CHMP5|UEVLD|PINK1|VPS4B|VPS39|SLC17A9|HSPA8|DTX3L|HOOK3|LAPTM5|VCP|CDX2|UBXN6|GPRASP1|SNX27|TRAK2|VPS35|VPS11|PLEKHF2|VPS18|HSPA1A|CHMP1A|CHMP1B|CHMP2A|CHMP2B|CHMP3|CHMP4C|CHMP6|STX7|AP4M1|RAB12|STX8|CHMP4B|GCC2|GNPTAB|HGSNAT|VPS54|MFSD1|HGS|LAMP2|M6PR|NCOA4|ARF1|SNX16|HOOK1|ANKFY1|CCDC91|CLU|GGA3|TRAK1|LRP1|TPCN2|VPS41|VPS4A|PLEKHF1|VPS52|VPS53|RUFY4|KIF13A|CLN3|PIK3C3|ZFYVE16|RAB7|PIK3R4|AP3B1|CHMP7|SORL1|NPC1|EHD3|ATP13A2|TGFBRAP1|SCYL2|AKTIP|HOOK2|RILP|SLC30A3|SLC30A4|ALS2|SORT1|VPS16|GRN|AP1G1|PLEKHM1|AP3D1|ARL8B|GAK|MGRN1|SCARB2|NDP|BIN1|RHOB|LAMP1|TSG101|PLEKHM2|SLC48A1|MTM1|LIPA|PSAP,https://www.gsea-msigdb.org/gsea/msigdb/mouse/geneset/GOBP_LYSOSOMAL_TRANSPORT,110,ENR,GOBP_LYSOSOMAL_TRANSPORT,2.3246000000000002,0,GOBP_LYSOSOMAL_TRANSPORT,FALSE,GOBP_LYSOSOMAL_TRANSPORT
12,2.74472749489669,2.74472749489669,2.74472749489669,1,0.13150000000000001,1E-4,1E-3,RAB11A|NEURL1A|ESPN|AKIRIN1|ARAP1|EPHA2|NCKAP1L|WWTR1|CDC42|AIF1|PRKCD|PRKCQ|AUTS2|BBS2|EPS8|GAP43|RAB8A|CTTN|NME5|ITGA6|DBN1|BBS10|ARMC2|CC2D2A|INPP5E|CCDC103|INPPL1|CCDC39|ABI2|CCDC40|CCDC63|CCDC65|CLUAP1|DCX|DNAJB13|GAS8|GPM6A|HYDIN|IFT46|NUP85|IQCG|LRRC23|ARHGAP44|LRRC46|LRRC61|MEIG1|MNS1|OFD1|RSPH1|FMR1|RSPH4A|ARHGEF26|PODXL|RSPH9|SPAG1|SPAG17|SPAG6|SPEF1|KIT|SPEF2|STK36|TEKT2|CCDC88A|RAC3|TTC12|CDC42EP1|TTLL1|CDC42EP2|TTLL3|CDC42EP3|TTLL5|CDC42EP4|ULK4|CDC42EP5|NCK1|ZMYND10|CDK10|MKKS|S1PR1|ZMYND12|ABI3|MSTN|CYFIP2|SLIT2|RAB23|PDGFA|PDGFB|RHOQ|FRMD7|NTN1|FSCN1|WAS|WASL|GM14137|OCRL|KANK1|RAPGEF6|MYO3B|NCKAP1|ROCK1|ADAMTS16|STAU2|BBS4|AHI1|PIK3R1|WASF2|WASF3|WHAMM|PIP5K1A|TTC21B|AKT1|CEP70|ATP7A|ABCC4|PLD1|AVIL|CAPG|CAPZB|CCL19|CFL1|S1PR2|RILP|SCIN|SH3BP1|TWF1|CSPG4|STON1|ATP8B1|TWF2|CCL5|USP9X|ABLIM1|ABLIM2|ABLIM3|PALM|ARHGEF6|TNIK|BIN3|CCR7|BAG4|RPGR|SH3YL1|ANLN|DTNBP1|LAMA5|IFT122|PXN|RPGRIP1L|ARF6|ATP6V0D1|FOXJ1|ATP6V1D|BC048507|IFT57|SPATA6|ARID1B|RAB5A|CCDC13|HRG|VAV2|EZR|BBS1|UNC119B|FNBP1L|IFT80|MYO1A|ARHGAP24|EVI5L|GDI2|KIF24|NOTCH1|SYNE2|LIMK2|MAK|MPHOSPH9|ODF2L|TBC1D30|TBC1D7|TCHP|CEP350|WDR44|RILPL1|RILPL2|RAPGEF2|PFN1|TTBK2|PFN2|FAM161A|SNX10|E2F4|TTC39C|UBXN10|FBXO24|STIL|ELMOD3|CROCC|MKS1|ARL6|DISC1|MICALL1|ATG3|KCTD17|RAB3IP|ZFP423|GSK3B|PLEK2|PQBP1|PRDX6|BBS9|DZIP1L|FAM149B|INPP5K|VANGL2|TCTN2|ARL3|MTOR|ARPC2|CEP290|HSP90AA1|NLGN1|DYNC2H1|NRXN1|PCDH15|ALPK1|FBF1|TTYH1|BBS7|IFT27|PLS1|AQP1|KIF3A|MARK4|NEK1|VIL1|IFT172|NPHP3|IFT52|FAM110C|PCNT|TGFB3|TACSTD2|AIF1L|NDEL1|TMEM67|EPS8L1|TRAF3IP1|EPS8L2|TTC8|WDPCP|ABL2|CBY1|DNMBP|EVL|FBXW8|FAM98A|MYO10|PTPN23|IQCB1|RAP1GAP|HDAC4|CYLD|EPS8L3|ZMYND8|LPAR1|P2RX7|RAB34|NRP1|VDAC3|PARVA|BBIP1|PLXNB3|RHOG|CDKL5|SRC|FGD1|TGFBR1|ALMS1|EHD1|NCK2|SRGAP2|4933427D14RIK|C2CD3|CCDC15|CCDC57|CEP120|CEP135|MAPRE1|RAC2|CEP97|F2RL1|RCC2|CELSR3|CNTROB|CSNK1D|TESK1|POC1A|ABL1|ACTN2|KIF3B|AGRN|GALNT11|CCDC146|PLK4|CCDC159|ANO6|PPP1R35|ATG5|RABL2|STX2|VAV3|DNM2|TRPM2|WDR90|PLCE1|TMEM107|RHOD|DNM3|EHD3|TMEM17|TMEM216|TMEM80|2700049A03RIK|EHD2|FLNA|PTPDC1|MAPK15|TCTN3|IFT20|IFT88|KLF5|CAV1|IFT140|WDR19|HAP1|ITGB1|FSIP1|TRIM32|PTPRO|WNT1|DPYSL3|DEF8|NUDCD3|GOLPH3|DCDC2A|PLEKHM1|ARHGEF7|1700012B09RIK|KCNJ10|ACTR2|B9D2|BBS5|CCDC113|CCDC28B|CCDC96|CEP164|ELMOD1|HYLS1|TMEM138|KCNQ1|EMP1|STAP1|EMP3|PPP1R16B|TSGA10|DNALI1|CDH13|DZIP1|COBL|IFT81|ONECUT2|TCTN1|KIF27|DYNLL1|KLC3|PPP1R9B|QRICH2|RAP2A|RFX3|TEKT1|TEKT3|ARHGEF4|TEKT4|FGD3|FMNL3|SPATA13|RALA|YIF1B|ACTR3|DOCK11|DAAM2|HNF4A|CCDC38|CCDC42|SYNE1|ARL13B|ITGB4|ONECUT1|PCM1|PFN4|FHDC1|POC1B|RFX2|WDR35|CDC14A|B9D1|SH2B1|CDC14B|RAB17|TMEM231|PIBF1|RAB11FIP3|PLA2G3|CDKL1|DUSP23|DYNC2LI1|EHD4|ODF2|RABEP2|SDCCAG8|PPP1R9A|MYH10|SCLT1|EXOC5|SNAP29|FGFR1|PDGFRB|CELSR2|SRF|PKHD1|PARVB|RDX|PARVG|DCTN1|LIMA1|WDR11|LUZP1|APC|VCL|PMP22|FUZ|GORAB|CLN3|SSX2IP|RPGRIP1|CCDC66|CEP250|EMP2|EPHB2|CORO1C|HTT|ATXN10|TAPT1|ATMIN|FGD2|FGD4|KCNF1|ASAP1|LPAR3|MYLK|P2RY12|CCNO|CYFIP1|ARF4|ICAM1|CD2AP|GSN|PRICKLE1|IFT74|INTU|AK7|ARMC9|YAP1|UBE2B|RAC1|TXNDC15,https://www.gsea-msigdb.org/gsea/msigdb/mouse/geneset/GOBP_CELL_PROJECTION_ASSEMBLY,475,ENR,GOBP_CELL_PROJECTION_ASSEMBLY,3.2726999999999999,0,GOBP_CELL_PROJECTION_ASSEMBLY,FALSE,GOBP_CELL_PROJECTION_ASSEMBLY
14,2.4089353929735,2.4089353929735,2.4089353929735,0.99609999999999999,0.2152,3.1699999999999999E-2,1,BBS1|PAX6|SLC4A7|TRPM1|NPHP4|NOTCH1|SOX8|ARL3|FSCN2|NR2E3|CEP290|OLFM3|PPP2R3A|RPGRIP1|BBS4|SAMD11|AHI1|CABP4|AGTPBP1|THRB|CASZ1|GNAT1|GABRR2|IHH|PRDM1|GNGT1|STAT3|RORB|DLX2|ALMS1|PRKCI|RDH13|USH1C|CRB2|ROM1|IFT20|TUG1|TULP1|CFH|IFT140|THY1|PROM1|BBS10|RPGR|SHH|TMEM67|TTC8|NAGLU|GNAT2|RPGRIP1L|CNGB1|CDHR1|FAM151B|DIO3|PTN|SDK2|DSCAM|NDP|NTRK2|MFSD2A|POC5|PDGFB|SOX9|VEGFA|RABL2|TH|NPHP1,https://www.gsea-msigdb.org/gsea/msigdb/mouse/geneset/GOBP_PHOTORECEPTOR_CELL_DIFFERENTIATION,67,ENR,GOBP_PHOTORECEPTOR_CELL_DIFFERENTIATION,2.0567000000000002,3.8999999999999998E-3,GOBP_PHOTORECEPTOR_CELL_DIFFERENTIATION,FALSE,GOBP_PHOTORECEPTOR_CELL_DIFFERENTIATION
7,1.66554624884907,1.66554624884907,1.66554624884907,0.97840000000000005,0.19350000000000001,7.3800000000000004E-2,1,VANGL2|MEF2C|WNT3A|SOX17|MIB1|NOTCH1|PKD2|NOTCH2|SUFU|PSEN1|RBPJ|ALDH1A2|DLL1|ACVR1|IHH|SETDB2|SMAD3|ASB2|RNF207|RYR2|TBX2|TBX20|TEAD2|TBX3|TEAD1|HES1|TMED2|KIF3A|ARL13B|STIL|IFT172|NPHP3|IFT52|MESP1|C2CD3|CCDC103|SHH|CCDC39|GATA4|CCDC40|WNT5A|KDM2A|CLUAP1|ENG|GJA1|HAND2|NKX2-5|SMO|LRP6|DVL2|CITED2|OVOL2|HIF1A|DVL1|FOLR1|IFT57|YAP1|MEGF8|MICAL2|SRF|APLNR|TGFBR2,https://www.gsea-msigdb.org/gsea/msigdb/mouse/geneset/GOBP_EMBRYONIC_HEART_TUBE_MORPHOGENESIS,62,ENR,GOBP_EMBRYONIC_HEART_TUBE_MORPHOGENESIS,1.8237000000000001,2.1600000000000001E-2,GOBP_EMBRYONIC_HEART_TUBE_MORPHOGENESIS,FALSE,GOBP_EMBRYONIC_HEART_TUBE_MORPHOGENESIS
57,2.6989700043360201,2.6989700043360201,2.6989700043360201,0.998,0.14940000000000001,1.6999999999999999E-3,7.5999999999999998E-2,GDF6|FBXO9|MMP11|BSCL2|CDS1|FGF10|RNASEL|SOX8|WWTR1|ZFP36L1|ASXL1|CMKLR1|SIRT6|BMP2|GDF10|DHRS7B|HMGA2|MKX|ARXES1|ARXES2|BBS2|NAPEPLD|NCOR2|ALMS1|ZBTB7A|FITM1|FITM2|CCDC3|RORC|CEBPD|ITGA6|DDIT3|HTR2C|CCDC85B|ZFP36|NPR2|BBS12|FOXO1|ADIPOQ|SFRP1|CTBP1|ZBTB7C|HNRNPU|DIO2|GRK5|KLF4|ALDH6A1|ADRB2|SOCS1|MKKS|SOX13|TRPM4|OSBPL11|CIDEA|VSTM2A|VEGFA|RORA|ZBTB7B|NR4A1|ZC3H12A|JDP2|CREB5|PIAS1|WNT10B|TGFB1|WNT3A|XBP1|CREB1|DKKL1|ZFP36L2|ALOX5|FAM120B|BBS4|RREB1|CLIP3|ZFP385A|CREBL2|TBL1XR1|DYSF|AKT1|ATF2|TBL1X|ALOXE3|WDFY2|BCL2L13|WIF1|OSBPL8|ANKRD26|PIM1|BNIP3|TGFB1I1|SH2B2|IFT88|CEBPA|EGR2|KLF5|CNTNAP2|FERMT2|UCHL3|NOC3L|SORT1|MECOM|AP1S2|MSX2|NIPBL|TRIM32|WNT1|SIX1|DACT1|SMAD6|HDAC6|LRP6|ZBTB16|LAMB3|LRRC8C|TPH1|ADIG|ARL4A|EBF2|FNDC5|LAMA4|LPIN1|METRNL|PEX11A|SELENBP1|KCNJ8|LRP5|MB|GATA2|PSMB8|BMP7|WNT5B|BBS1|EIF2AK3|LRG1|NUDT7|RGS2|OPA3|UCP1|SH3PXD2B|FABP3|FABP4|STEAP4|PPARD|GPX1|RARRES2|ATF5|FBN1|ATAT1|FNDC3B|TMEM64|SMAD3|GPS2|TNF|FRZB|INSIG1|TRPV4|TFE3|ID4|IFRD1|LPL|SULT1E1|MAPK14|SOCS7|LRP3|NUCB2|SYAP1|FFAR2|SENP2|NR4A3|SLC2A4|PRDM16|ARL6|METTL8|PPARG|CTBP2|SOD2|PTGS2|ADRB1|ADRB3|SCD1|STK3|STK4|PDGFRA|CNTN2|SIRT1|MEX3C|MRAP|SIRT2|ENPP1|TAF8|TMEM120B|GNB3|PLCB1|TRIO|SREBF1|SLC39A13|ZFP423|GSK3B|TRIB3|IGF1|BBS9|ID2|INHBB|MED1|SLC7A10|ARID5B|MTOR|NR1D1|PER2|RUNX1T1|SNAI2|DUSP10|CARM1|BBS7|HES1|NEGR1|DLK2|FOSL2|SDF4|AXIN2|CEBPB|TRIB2|TCF7L2|TMEM120A|NR4A2|RETN|CCND1|ZFP516|WNT5A|TTC8|ASXL2|DLK1|ZFPM2|EP300|CBY1|FLCN|FTO|AXIN1|SFRP2|JAG1|SAV1|E2F1|GDF3|GPR180|IFRD2|TFAP2B|YAP1|GLIS1|PLAC8,https://www.gsea-msigdb.org/gsea/msigdb/mouse/geneset/GOBP_FAT_CELL_DIFFERENTIATION,250,ENR,GOBP_FAT_CELL_DIFFERENTIATION,2.6879,2E-3,GOBP_FAT_CELL_DIFFERENTIATION,FALSE,GOBP_FAT_CELL_DIFFERENTIATION
41,2.74472749489669,2.74472749489669,2.74472749489669,1,0.14319999999999999,1.5100000000000001E-2,0.91400000000000003,EIF2AK3|SAR1B|ATG4B|SLC39A4|ATG14|BECN1|CLEC16A|GABARAP|PCK1|GABARAPL2|PCSK9|PMAIP1|SEH1L|CHKA|PPARA|WNT9B|FADS1|JMY|PRKAA1|PRKAA2|PRKAG1|TBC1D7|PRKD1|PRKCH|IFI203|MNDAL|RPTOR|RRP8|FNIP1|RNASE4|ALB|SESN2|LRRK2|ATF3|KRT20|UCP2|ITFG2|MAPK1|KAT5|TFEB|TNRC6A|RALB|PPM1D|WNT4|SZT2|PAK3|MIOS|CPEB4|EIF2AK4|SESN3|DSC2|UPP1|YME1L1|ULK1|PAK4|SUV39H1|MYBBP1A|PDK4|MTMR3|FOXO1|TSC1|MAX|SFRP1|TTC5|NPRL3|CADPS2|WRN|TNFRSF11A|CTSK|MYOD1|IMPACT|BMPR2|LAMP2|SLC38A3|SIRT1|SLC34A1|COMT|PLIN3|GABARAPL1|GCGR|SREBF1|ATG5|GCK|EIF2S1|YWHAG|FOS|BCL2|ZC3H12A|TSC2|PAK2|ANGPTL4|INHBB|DEPDC5|PAK6|VPS41|HSPA5|NPRL2|RRAGA|XBP1|ASNS|ZFYVE1|MTOR|SLC7A5|ATF4|GLUL|MAP1LC3A|MAPK3|SLC38A2|TBL2|MAP1LC3B|MAPK8|PIK3C2A|PIK3C2B|PIK3C3|SAR1A|SLCO2B1|SREBF2|PIK3R4|NFE2L2|RRAGB|GPR155|ATF2|FAS|ATG7|GAS2L1|CTSL|RRAGD|XPR1|PRKAG2|PRKAG3|BMF|FOXA3|TCF7L2|TRP53|WDR45|WIPI1|WIPI2|KPTN|FOXO3|NUAK2|RRAGC|SLC39A5|SH3GLB1|HFE|ATXN3|DAP|FBXO22|SLC2A1|BHLHA15|DNAJC15|WDR24|TRIM32|WDR59|WNT2B|EIF2AK2|USP33|GAS6|HIGD1A|KLF10|AMBRA1|MAP3K5|FLCN|YWHAZ|MUP1|PICK1|JUN|RNF167|HMOX2|RNF152|MFSD2A|MICU1|PAK1|SESN1|STK24|CDKN1A|PLIN2|EHMT2,https://www.gsea-msigdb.org/gsea/msigdb/mouse/geneset/GOBP_CELLULAR_RESPONSE_TO_STARVATION,177,ENR,GOBP_CELLULAR_RESPONSE_TO_STARVATION,2.2330999999999999,0,GOBP_CELLULAR_RESPONSE_TO_STARVATION,FALSE,GOBP_CELLULAR_RESPONSE_TO_STARVATION
,1.48678239993206,1.48678239993206,1.48678239993206,0.96740000000000004,0.37459999999999999,9.5699999999999993E-2,1,HOXB13|CTNNB1|RXRA|AR|FOXA1|FGFR2|PLAUR|WDR77|ESR2|FEM1B|NOTCH1|STAT5A|PSAPL1|TRP63|PSAP,https://www.gsea-msigdb.org/gsea/msigdb/mouse/geneset/GOBP_EPITHELIAL_CELL_DIFFERENTIATION_INVOLVED_IN_PROSTATE_GLAND_DEVELOPMENT,15,ENR,GOBP_EPITHELIAL_CELL_DIFFERENTIATION_INVOLVED_IN_PROSTATE_GLAND_DEVELOPMENT,1.7459,3.2599999999999997E-2,GOBP_EPITHELIAL_CELL_DIFFERENTIATION_INVOLVED_IN_PROSTATE_GLAND_DEVELOPMENT,FALSE,GOBP_EPITHELIAL_CELL_DIFFERENTIATION_INVOLVED_IN_PROSTATE_GLAND_DEVELOPMENT
,2.0043648054024499,2.0043648054024499,2.0043648054024499,0.99009999999999998,0.2084,4.2099999999999999E-2,1,NCOR1|TSC2|USP49|INPP5K|PPP2R1A|TREM2|PPARA|PLEKHA1|PPP2CA|NLRC3|SFRP5|SMPD3|PIK3CB|PTEN|DLG1|LEMD2|PHLPP1|PDCD6|PLK3|SIRT7|LINGO1|WDR91|PTPRJ|H2-M3|CNTNAP2|DAG1|TWIST1|DDIT3|OTUD3|OBSCN|PIK3IP1|STAMBP|XDH|INPP5E|CDKN2A|CIB1|MMP3|PTPN1|PHLDA3|LOX|SH2B3|HYAL2|SERPINE2|FLCN|BANK1|KLF4|DAB2IP|EPHA7|SCO1|MSTN|SIRT1|MAGI2|RAPGEF1|AIM2|MTM1|PKHD1|MUL1|THEM4|IGF1R,https://www.gsea-msigdb.org/gsea/msigdb/mouse/geneset/GOBP_NEGATIVE_REGULATION_OF_PHOSPHATIDYLINOSITOL_3_KINASE_PROTEIN_KINASE_B_SIGNAL_TRANSDUCTION,59,ENR,GOBP_NEGATIVE_REGULATION_OF_PHOSPHATIDYLINOSITOL_3_KINASE_PROTEIN_KINASE_B_SIGNAL_TRANSDUCTION,1.9769000000000001,9.9000000000000008E-3,GOBP_NEGATIVE_REGULATION_OF_PHOSPHATIDYLINOSITOL_3_KINASE_PROTEIN_KINASE_B_SIGNAL_TRANSDUCTION,FALSE,GOBP_NEGATIVE_REGULATION_OF_PHOSPHATIDYLINOSITOL_3_KINASE_PROTEIN_KINASE_B_SIGNAL_TRANSDUCTION
24,1.74472749489669,1.74472749489669,1.74472749489669,0.98199999999999998,0.1353,9.8100000000000007E-2,1,MAD2L2|CHD8|NPHP4|SOX17|TPBG|DKK2|NOTCH1|SOX10|WWTR1|GLI3|GLI1|SHISA3|OTUD5|TLE2|PPP2R3A|TMEM170B|SFRP5|APC2|SDHAF2|EMD|RBMS3|BMP2|HDAC1|KREMEN1|TMEM64|DAB2|RUVBL2|SOST|DKK3|FRZB|NKD2|GREM1|MAPK14|MDK|CTNNBIP1|STK11|ZNRF3|DDIT3|NPPA|DACT3|FOXO1|SHH|MLLT3|TLE3|HDAC2|NKX2-5|ANKRD6|SFRP1|NOTUM|SIAH2|ASB15|ASB3|CDH1|ROR2|UBAC2|STK3|APOE|STK4|SOX13|SMAD4|SOX9|GSK3A|GSK3B|TMEM88|CCDC88C|TLE1|APC|LMBR1L|FZD6|DKKL1|EGR1|BICC1|FUZ|SNAI2|SOSTDC1|CTNND1|CTNNB1|GPC3|SFRP4|CDH2|INVS|NKD1|SCYL2|ISL1|AXIN2|LRP4|LZTS2|NOG|TCF7L2|CAV1|NPHP3|MESP1|FOXO3|SOX2|FERMT1|WNT11|CSNK1A1|MCC|APP|CTHRC1|WNT5A|FZD1|TLE6|PTPRO|DACT1|PRICKLE1|CBY1|PFDN5|TBX18|LATS1|LATS2|TLE4|AXIN1|SFRP2|AMFR|DAB2IP|PTPRU|FRMD8|G3BP1|RAPGEF1|LIMD1|CYLD|WNT5B,https://www.gsea-msigdb.org/gsea/msigdb/mouse/geneset/GOBP_NEGATIVE_REGULATION_OF_CANONICAL_WNT_SIGNALING_PATHWAY,123,ENR,GOBP_NEGATIVE_REGULATION_OF_CANONICAL_WNT_SIGNALING_PATHWAY,1.7357,1.7999999999999999E-2,GOBP_NEGATIVE_REGULATION_OF_CANONICAL_WNT_SIGNALING_PATHWAY,FALSE,GOBP_NEGATIVE_REGULATION_OF_CANONICAL_WNT_SIGNALING_PATHWAY
2,2.74472749489669,2.74472749489669,2.74472749489669,1,0.1474,1E-3,3.5000000000000003E-2,DLG5|OGT|DUSP3|NRP1|NEURL1A|EFNB3|RHOG|TPBG|APOD|EPHA2|GPM6B|NRXN2|EPHB3|SLITRK6|PRKCH|TLR2|SRC|ZDHHC8|F11R|WNT4|CHRNB2|GREM1|NAE1|CPEB3|NEDD8|MMP14|UBE2M|SRGAP2|SEMA4A|DOCK4|EPHA3|TSC1|GHRL|DSG3|DCX|RCC2|NRG2|SDC4|ARHGAP6|ARHGEF15|SLK|PODXL|MYH9|RAC3|ABL1|RTN4|AGRN|EFNA5|EPHA7|ABI3|FLRT2|FLRT3|CYFIP2|AMIGO1|DLC1|SLIT2|CLSTN3|MYCBP2|APLNR|VEGFA|NTN1|MYOC|NTRK3|ROBO1|NPHP1|RTN4R|ABI3BP|OXTR|COL16A1|MYO1C|PDLIM5|ELMO1|NCKIPSD|PKP2|WNT3A|PSD|SEMA4C|PRKCA|SRGAP3|TRIM47|SLIT1|UBE3B|PTK2|RPS6|ROCK1|ROCK2|MAP4K4|ACVRL1|AGT|STAU2|RHOD|MDGA1|PIK3R1|CBLN2|CASKIN1|NLGN2|LRFN1|BDNF|LRFN4|LRRTM1|LRRTM2|PRICKLE2|ACE|DOCK1|IGSF11|SIPA1L1|ACE2|PTPN11|CFL1|S1PR2|HOPX|SLITRK1|GPC4|IRX3|CAV1|LHFPL4|MUSK|USP9X|CNTNAP2|FERMT2|GRIN1|S100A10|ITGB1BP1|FMN1|IKBKB|LIMS1|PTPRA|GJA1|CRMP1|GNA13|SIX1|TBX5|FAM107A|KDR|IL1RAP|ARF6|NUMB|NUMBL|CLSTN2|NTRK2|OXT|RAPGEF1|CAMSAP3|SNAP25|HRG|IL1B|L1CAM|NEDD4L|NLGN3|PPM1F|SEMA4D|PPP1R9B|AMIGO3|NPHP4|RAP1A|LINGO4|RAP1B|LRRC24|RAP2A|LRRN1|MEF2C|LRRN3|MARK1|LRTM1|POLDIP2|LRTM2|SLITRK2|THBS2|CRIPT|IQSEC2|COLQ|CC2D1A|CHD4|RHOA|PTK2B|ACTR3|PTEN|RAPGEF2|DOCK10|SMAD3|SNCA|ICAM5|TNF|IQSEC1|CLASP1|CLASP2|NTRK1|PTPRS|PTPRJ|PHLDB2|VPS35|THY1|ACTG1|RAB17|LIN7A|LIN7B|LIN7C|PTPN1|SIGMAR1|UBE2V2|CLSTN1|PRKACA|NRG1|PUM2|PPP1R9A|FARP1|CLDN1|PTPN13|NTNG2|FGFR1|LRFN3|SIX4|MDGA2|DLG4|EEF2K|PDZD11|SRPX2|AMIGO2|GSK3B|LRRTM3|LRP1|FLRT1|LIMCH1|IQGAP1|VCL|SRCIN1|ST8SIA2|SNAI1|CLDN3|SNAI2|CLDN5|DUSP22|CTNNB1|EPHB2|CORO1C|NLGN1|HTR4|NRXN1|VLDLR|NEGR1|FZD5|LRP4|ARHGAP33|CRTAC1|DAPK3|TEK|CRB3|APP|MACF1|WNT5A|DCLK1|PTPRD|FZD1|WDPCP|CLDN19|EIF4G1|ELAVL2|PRICKLE1|FLOT1|LATS1|SLC12A5|SLITRK5|BHLHB9|IL1RAPL1|TJP1|XLR3B|ADNP|LDB1|RAC1|CUX2|SETD5|ENPP2|EPHB1,https://www.gsea-msigdb.org/gsea/msigdb/mouse/geneset/GOBP_REGULATION_OF_CELL_JUNCTION_ASSEMBLY,273,ENR,GOBP_REGULATION_OF_CELL_JUNCTION_ASSEMBLY,2.8048000000000002,0,GOBP_REGULATION_OF_CELL_JUNCTION_ASSEMBLY,FALSE,GOBP_REGULATION_OF_CELL_JUNCTION_ASSEMBLY
35,2.2441251443275099,2.2441251443275099,2.2441251443275099,0.99429999999999996,0.15379999999999999,4.1500000000000002E-2,1,OPHN1|DOCK8|APOA1|LPAR1|NRP1|SEMA4D|PLEKHG5|ARHGAP32|PLXNB1|RHOG|ERBB2|GPR55|TNS3|RALBP1|ARHGDIG|CDC42|RHOA|ADRA1A|ARHGAP5|ARHGEF2|DOCK10|DOCK11|RTKN|STARD13|ARHGAP42|KCTD13|LRRK2|EPS8|F11R|PDPN|AKAP13|F2RL1|MYO9B|RACGAP1|TNFAIP1|PECAM1|DOCK7|ARHGEF18|RIT2|BAIAP2|ABL1|ADRA1B|BCL6|CDC42EP1|ADRB1|CDC42EP2|CCDC125|CDC42EP3|CDC42EP4|KCTD10|APOE|CDC42EP5|MET|SCAI|AGTR1A|CELSR1|PDGFRB|ABRA|ARHGEF3|DLC1|LPAR2|MCF2L|COL3A1|NTN1|MYOC|WAS|RHOJ|GM14137|ROBO1|RTN4R|DOCK9|KANK1|SYNJ2BP|VANGL2|NFIX|TAX1BP3|HEG1|ROCK1|CNKSR1|ROCK2|STMN1|ARHGAP20|ARHGEF12|CDC42SE2|COL1A2|DOCK6|STARD8|ARHGDIB|EDNRA|APOC3|F2R|GPR4|CDH2|RASIP1|KANK2|ARHGEF11|CUL3|ARHGAP27|FERMT2|ARHGDIA|BCR|CSNK1A1|CTNNAL1|ITGA3|NRADD|EPS8L1|NGFR|SRGAP1|EPS8L2|ITGB1|PHACTR4|GNA12|ABL2|GNA13|ARRB1|CDC42SE1|ARHGEF7|TAGAP|FLCN|FLOT1|FXR1|NET1|ABCA1|CDH13|EPS8L3,https://www.gsea-msigdb.org/gsea/msigdb/mouse/geneset/GOBP_RHO_PROTEIN_SIGNAL_TRANSDUCTION,125,ENR,GOBP_RHO_PROTEIN_SIGNAL_TRANSDUCTION,1.9833000000000001,5.7000000000000002E-3,GOBP_RHO_PROTEIN_SIGNAL_TRANSDUCTION,FALSE,GOBP_RHO_PROTEIN_SIGNAL_TRANSDUCTION
52,2.0757207139381202,2.0757207139381202,2.0757207139381202,0.99160000000000004,0.31990000000000002,2.5600000000000001E-2,0.998,ASB17|DUSP3|CD47|VANGL2|NGEF|TGFB3|TREM2|ITGB1|MAP4K4|CX3CR1|PLXNC1|SNAI2|C1QA|PRICKLE1|C1QB|C1QC|C1QL1|PIK3R1|MYLK3|C3|EPHA4|ARF6|ITGAM|KCNK13|TGFBR1|ABCC8|IQSEC1|MAPRE2|CDK5|IL1B|STON1|SARM1,https://www.gsea-msigdb.org/gsea/msigdb/mouse/geneset/GOBP_CELL_JUNCTION_DISASSEMBLY,32,ENR,GOBP_CELL_JUNCTION_DISASSEMBLY,2.1107,8.3999999999999995E-3,GOBP_CELL_JUNCTION_DISASSEMBLY,FALSE,GOBP_CELL_JUNCTION_DISASSEMBLY
3,2.74472749489669,2.74472749489669,2.74472749489669,1,0.21709999999999999,6.3E-3,0.47699999999999998,SLC31A1|NEDD4|BMP4|NRP1|TYRO3|FGFR4|CADM4|EPHB4|FGFR3|ERBB2|INSR|DDR1|XBP1|FGF10|EPHA2|EPHA1|FLT3|MT3|PRKD1|EPHB3|PGF|PTK2B|DLL1|HSPB1|SULF1|EPHA5|EPHB2|EPHA4|PRKCB|CLEC14A|FGFR2|HHEX|TIE1|PRKD2|PDCD6|ERBB4|CCL2|NTRK1|MAPK14|MERTK|ANGPT1|VEGFB|FZD4|MUSK|INSRR|MAPKAPK2|CD59A|FLT1|TEK|EMILIN1|EPHA3|PTPN1|MYOF|TMEM204|FGF9|MST1R|LTK|FOXC1|AXL|KIT|RET|HGS|HIF1AN|KDR|EPN2|DAB2IP|ROR2|MMRN1|MET|EPHA7|PDGFRA|FGFR1|MMRN2|PDGFRB|FLT4|NTRK2|HIF1A|BCAR1|VEGFC|VEGFA|CSF1R|EGFR|NTRK3|EPHB1|ROBO1|DDR2|FGF18|FOXC2|GRB10|IGF1R,https://www.gsea-msigdb.org/gsea/msigdb/mouse/geneset/GOBP_VASCULAR_ENDOTHELIAL_GROWTH_FACTOR_RECEPTOR_SIGNALING_PATHWAY,90,ENR,GOBP_VASCULAR_ENDOTHELIAL_GROWTH_FACTOR_RECEPTOR_SIGNALING_PATHWAY,2.4238,0,GOBP_VASCULAR_ENDOTHELIAL_GROWTH_FACTOR_RECEPTOR_SIGNALING_PATHWAY,FALSE,GOBP_VASCULAR_ENDOTHELIAL_GROWTH_FACTOR_RECEPTOR_SIGNALING_PATHWAY
3,1.6675615400843899,1.6675615400843899,1.6675615400843899,0.97850000000000004,0.27439999999999998,9.4100000000000003E-2,1,OTUD4|IRAK3|ST18|IKBKB|EGR1|MAPK3|IL1R1|SIGIRR|IL1RN|TIRAP|MYD88|ZBP1|IL6|RELA|IL1RAP|IL1RL2|RPS6KA4|TOLLIP|IRAK2|TRAF6|NFKBIA|IL1R2|VRK2|PLCB1|RPS6KA5|IL1B|IRAK4|IRAK1|TNIP2,https://www.gsea-msigdb.org/gsea/msigdb/mouse/geneset/GOBP_INTERLEUKIN_1_MEDIATED_SIGNALING_PATHWAY,29,ENR,GOBP_INTERLEUKIN_1_MEDIATED_SIGNALING_PATHWAY,1.7539,2.1499999999999998E-2,GOBP_INTERLEUKIN_1_MEDIATED_SIGNALING_PATHWAY,FALSE,GOBP_INTERLEUKIN_1_MEDIATED_SIGNALING_PATHWAY
87,2.0132282657337601,2.0132282657337601,2.0132282657337601,0.99029999999999996,0.22209999999999999,4.9599999999999998E-2,1,WDR1|IQGAP2|NCKAP1|RAB13|RHOG|IQGAP1|RHOBTB1|RHOBTB2|NCKAP1L|FMNL2|ROCK1|ROCK2|FMNL3|PPP2R3C|PTK2B|DLG1|RTKN|CORO1C|NLGN1|TNF|TRPV4|PLEK|PLS1|IQGAP3|EHD2|LLGL1|CDK5|VIL1|FMNL1|ACTN1|AKAP11|PPFIBP1|ANLN|RAC2|IKBKB|FHOD3|RACGAP1|PLEC|PAFAH1B1|TLN1|CALR|LLGL2|PDCD6IP|KCNC3|RAC3|ARF6|KIF21A|RAC1|ECT2|FHOD1|RHOQ|EZR|SYNPO,https://www.gsea-msigdb.org/gsea/msigdb/mouse/geneset/GOBP_CORTICAL_CYTOSKELETON_ORGANIZATION,53,ENR,GOBP_CORTICAL_CYTOSKELETON_ORGANIZATION,1.9238999999999999,9.7000000000000003E-3,GOBP_CORTICAL_CYTOSKELETON_ORGANIZATION,FALSE,GOBP_CORTICAL_CYTOSKELETON_ORGANIZATION
1,2.6989700043360201,2.6989700043360201,2.6989700043360201,0.998,0.19420000000000001,1.9099999999999999E-2,0.96499999999999997,FBXO45|PREPL|NGF|P2RX2|P2RX7|CACNA1D|DNM1L|CSPG5|P2RX1|RAP1A|RAP1B|SNAPIN|MEF2C|BGLAP|PRKCA|BGLAP2|GIT2|KCNH1|PTGER4|NPY|PPFIA2|PNKD|GGCX|SLC38A2|RAB3A|UNC13A|CASK|RHOT1|UNC13B|PFN2|RIMS3|NLGN1|STXBP1|STXBP5L|DRD4|SNCA|SV2C|PRKCB|SYT4|EDN3|ATP2A2|GRM8|LRRK2|RIMS2|SLC30A1|SYT2|ADORA2A|CAMK2A|ICA1|SNCAIP|GPR158|CACNA1A|HTR2C|SYT1|VPS18|FBXL20|DTNBP1|BAIAP3|BRAF|HTR1D|NCS1|FMR1|PPP1R9A|KCNC3|SYT13|KCNC4|SYT5|KMO|MCTP1|SNAP29|STX1A|GIT1|SNCG|STXBP5|SYN1|MCTP2|NF1|P2RY1|NTRK2|DVL1|P2RY2|BCL2L1|SPHK1|CACNB4|RAB5A|CACNA1E|SLC4A8|SV2B|SYT8|RAB3GAP1|NPY1R,https://www.gsea-msigdb.org/gsea/msigdb/mouse/geneset/GOBP_REGULATION_OF_NEUROTRANSMITTER_SECRETION,91,ENR,GOBP_REGULATION_OF_NEUROTRANSMITTER_SECRETION,2.1806999999999999,2E-3,GOBP_REGULATION_OF_NEUROTRANSMITTER_SECRETION,FALSE,GOBP_REGULATION_OF_NEUROTRANSMITTER_SECRETION
65,2.2076083105017501,2.2076083105017501,2.2076083105017501,0.99380000000000002,9.9400000000000002E-2,6.3E-2,1,HBEGF|HES5|NEURL1A|AATK|SRMS|ERBB2|FGF10|PARP9|EFNA1|LRRK1|ABI1|PSEN1|TLR4|DGKQ|BMP6|PTK6|SRC|IL15|PRKCZ|IL21|TSPAN9|ERBB4|IL5|IL7|FGF7|KITL|RIPK2|GREM1|IL34|SAMSN1|NEDD9|SUZ12|CNTN1|ITGB2|ITGB2L|SH2D1B1|PRLR|FLT1|PTPN2|CLEC7A|EPHA3|ABI2|GDNF|SOCS5|CHMP6|EFEMP1|ADIPOQ|IL24|PDGFD|SFRP1|PECAM1|INPP5F|CBLC|GPRC5A|SOCS4|VPS25|PARP14|ZFYVE28|SYK|ZGPAT|KIT|TNFRSF14|LCK|ABL1|TNFSF18|SOCS1|AGRN|EFNA5|EPHA7|OSBP|ABI3|STAT5A|PDGFA|PDGFB|THBS4|NTF3|VEGFA|TNFRSF18|ZAP70|CSF2|CASS4|PAK2|CLK1|CLK2|CLK3|CLK4|TNK2|TGFB1|WNT3A|DDR1|PRKCA|TREM2|PTGER4|EPHA1|PTK2|RICTOR|CD4|AGT|IL12RB2|PDCL3|ACVR1|RAP2B|PKDCC|ARRB2|IL11|PTPN11|CAV2|CSPG4|FYN|VEGFB|OSM|YES1|CAV1|CCL5|MUSK|CD74|DYRK3|CCK|FBXW7|IL13|ITGB1|ITGB3|PXN|LTK|ZZEF1|AREG|KDR|LONP1|FES|GATA1|HPX|HRG|LYN|VTN|ZFP592|ITGA5|UNC119|TGFA|FGFR3|NOD2|PRKCE|PRNP|PSEN2|PTK2B|PTPN6|HCLS1|PTPN22|PTPRC|ARHGEF2|RELN|HNF4A|PDGFC|TNF|DYRK1A|ARL2BP|TMEM102|NTRK1|MIF|IFNAR1|IFNG|IL4|HSF1|PIBF1|PTPN1|APLP2|EHD4|HDAC2|NRG1|SLC35B2|ADAM17|SLC35B3|DVL2|PPP2R5B|BTK|RAP2C|PDGFRA|FGFR1|PDGFRB|PTPRZ1|DYRK2|NF2|CD24A|EGFR|PTPN4|CD3E|CD40|DDR2|IGF1R|CD44|TNFRSF1A|IGF1|TPST1|TPST2|CD80|ERRFI1|IL6ST|FGFR4|CADM4|INS2|TTBK1|INSR|IQGAP1|JAK1|MTOR|SRCIN1|MAPK3|CSF3|CRLF1|DUSP22|IL22RA2|CTNND1|SOCS3|EPHB2|WEE1|EGF|EPHA4|FGFR2|GFRA1|FCER1A|HES1|NOX4|TTK|ISL1|LRP4|BLK|LILRA5|ANGPT1|GPRC5B|CNOT7|NCL|ICAM1|TEK|APP|FGR|IL12A|IL12B|IL12RB1|TRAF3IP1|IL18|ABL2|HAX1|IL2|IL23A|LIF|HYAL2|MVP|HCK|GGNBP2|IL31RA|BANK1|IL6|RASA1|IL6RA|BST1|IL9R|IRF1|SFRP2|JAK2|JAK3|FLT4|TSG101|CTF1|ADNP|CSF1R|ENPP2|MLST8,https://www.gsea-msigdb.org/gsea/msigdb/mouse/geneset/GOBP_PEPTIDYL_TYROSINE_MODIFICATION,266,ENR,GOBP_PEPTIDYL_TYROSINE_MODIFICATION,1.8645,6.1999999999999998E-3,GOBP_PEPTIDYL_TYROSINE_MODIFICATION,FALSE,GOBP_PEPTIDYL_TYROSINE_MODIFICATION
5,1.82390874094432,1.82390874094432,1.82390874094432,0.98499999999999999,0.1474,8.5500000000000007E-2,1,ABR|ITGA8|MYO7A|EYA1|FGF10|GLI2|SLITRK6|FGF3|ALDH1A3|DLL1|ATOH1|MAFB|FOXI1|ATP8A2|LRIG3|STOX1|TBX1|TMIE|TTC39C|FRZB|INSIG1|INSIG2|USH1C|DLX5|DVL3|HMX2|TSHR|NR4A3|CDH23|CHD7|SCRIB|DVL2|COL2A1|ROR2|USH1G|SPARC|CELSR1|FGFR1|GFI1|SIX4|SLC44A4|TCAP|SOX9|NTN1|PAX8|GRHL3|HESX1|MYO3B|VANGL2|WNT3A|ZEB1|FZD6|CEP290|CLIC5|LRIG1|PRRX1|SOD1|COL11A1|TRIOBP|EPHB2|FGFR2|PRRX2|TBX2|LHFPL5|PCDH15|HOXA1|TBX3|REST|TIFAB|PDZD7|PLS1|OTX1|HPN|WHRN|ANKRD24|SOX2|TPRN|PTK7|TFAP2A|BCR|CTHRC1|WNT5A|CHRNA9|PAX2|FZD3|SEC24B|WDPCP|FGF9|WNT1|FZD2|SIX1|TBX18|MYO6|ZIC1|SPRY2|GATA3|GATA2|SOBP|DVL1|ATP2B2|KCNQ1|ATP6V1B1|RAC1,https://www.gsea-msigdb.org/gsea/msigdb/mouse/geneset/GOBP_INNER_EAR_MORPHOGENESIS,103,ENR,GOBP_INNER_EAR_MORPHOGENESIS,1.7790999999999999,1.4999999999999999E-2,GOBP_INNER_EAR_MORPHOGENESIS,FALSE,GOBP_INNER_EAR_MORPHOGENESIS
1,2.74472749489669,2.74472749489669,2.74472749489669,1,0.27229999999999999,6.8999999999999999E-3,0.55600000000000005,LYST|TRAK1|ATG14|DENND3|SNAPIN|TPCN2|VPS41|VPS4A|PLEKHF1|VPS33A|RUFY4|CHMP5|KIF13A|UEVLD|VPS4B|VPS39|RAB7|CHMP7|DTX3L|TGFBRAP1|HOOK3|SCYL2|VCP|AKTIP|CDX2|UBXN6|HOOK2|RILP|GPRASP1|SNX27|TRAK2|VPS11|PLEKHF2|VPS18|SORT1|CHMP1A|CHMP1B|CHMP2A|CHMP2B|CHMP3|VPS16|CHMP4C|CHMP6|STX7|RAB12|AP3D1|ARL8B|STX8|CHMP4B|MGRN1|HGS|BIN1|RHOB|TSG101|MTM1|SNX16|HOOK1|LIPA,https://www.gsea-msigdb.org/gsea/msigdb/mouse/geneset/GOBP_ENDOSOME_TO_LYSOSOME_TRANSPORT,58,ENR,GOBP_ENDOSOME_TO_LYSOSOME_TRANSPORT,2.3938000000000001,0,GOBP_ENDOSOME_TO_LYSOSOME_TRANSPORT,FALSE,GOBP_ENDOSOME_TO_LYSOSOME_TRANSPORT
13,2.74472749489669,2.74472749489669,2.74472749489669,1,0.2797,1.0699999999999999E-2,0.76800000000000002,TNFRSF1A|RAP1A|RAP1B|VCL|ROCK1|ROCK2|FASN|PDE2A|CLDN3|CLDN5|PROC|RAPGEF2|RAPGEF3|EDNRA|EDNRB|TNF|MYADM|F11R|FOXP3|S1PR2|TJP2|PTPRS|SOX18|TJP3|ZDHHC21|S1PR3|ROBO4|AKAP11|ICAM1|F2RL1|MSN|IKBKB|ADD1|CDH5|PECAM1|MARVELD2|MYD88|CLDN1|ABCB1B|HPSE|PDE4D|RAP2C|DICER1|TJP1|RAPGEF1|PPP1R16B|PLCB1|VEGFA|RDX|IL1B|EZR|EDN1,https://www.gsea-msigdb.org/gsea/msigdb/mouse/geneset/GOBP_ESTABLISHMENT_OF_ENDOTHELIAL_BARRIER,52,ENR,GOBP_ESTABLISHMENT_OF_ENDOTHELIAL_BARRIER,2.3083999999999998,0,GOBP_ESTABLISHMENT_OF_ENDOTHELIAL_BARRIER,FALSE,GOBP_ESTABLISHMENT_OF_ENDOTHELIAL_BARRIER
60,2.3979400086720402,2.3979400086720402,2.3979400086720402,0.996,0.1321,9.1000000000000004E-3,0.70099999999999996,OPHN1|RAB11A|OGT|LPAR1|RBM10|EFNB2|ADAM10|GABARAP|SNAPIN|ERBB2|RIOK2|SEH1L|MYO5B|NCDN|DNMT3B|LMNB1|LMNB2|PRKCZ|TSPAN9|SDAD1|ERBB4|MAP2K1|SYT17|TMEM108|PACSIN1|MAPK10|MKLN1|RABEP1|AP2S1|TSPAN7|SH3GLB2|RAB8A|SNX27|GPHN|DAG1|DBN1|NME7|BIRC5|AP2A2|BBS12|KIF2C|CEP72|TSC1|SMAD7|CLUAP1|GRIP2|RCC2|IFT46|SCRIB|STX7|ARHGAP44|GPSM2|RAPGEF4|RNF220|SPAG17|KIF3B|AGRN|TRAF6|XPO1|AKAP5|AKAP6|MZT1|AKAP9|ANKS1B|RAN|WASL|SACM1L|RALGAPA2|SYNJ1|RALGAPB|RPS15|TYROBP|EPS15|NSG1|KIF17|STX3|KIF5A|KIF5C|KIFC2|KALRN|SGCD|DNM3|RAB7|CNIH2|DLG1|DRD4|TTC21B|VWC2|PIP5K1C|GSG1L|NRXN3|CAMK2A|ADAM22|IFT20|C1QL3|IFT88|GPC4|GPC6|LGI1|LHFPL4|USP46|MUSK|NETO2|IFT140|NPTX2|RAPSN|TNIK|VPS26B|CACNA2D2|WDR19|RPGR|HAP1|HPCA|IFT122|ITGB1|ITGB3|AP3M1|NPTN|VAC14|FCER2A|FCGR2B|NUMB|OLFM2|LMNA|MYO6|BC048507|IFT57|SNAP23|STX4A|DZIP1|EZR|BBS1|TUB|IFT81|NEDD4|NEDD4L|NPTX1|LCA5|DYNLL1|LCA5L|ZDHHC3|KLC3|IFT80|RAP1A|MAK|PML|RAB4A|IQSEC2|PPP3R1|TTC21A|RALA|SNAP47|RELN|EXOC3|SLC1A1|NACC2|IQSEC1|CCDC38|SUSD4|HIP1|RALB|AP2M1|GRIPAP1|MIOS|PCM1|RNF216|VPS35|WDR35|ATM|CALY|VAMP2|DYNC2LI1|CLSTN1|NRG1|AKIRIN2|ZFP365|NBEA|SIRT2|MAGI2|DLG2|DLG4|RDX|GSK3B|ZDHHC2|LRP1|SSNA1|AP2B1|ARL3|ARC|FUZ|MDM2|SSX2IP|NLGN1|DYNC2H1|IPO9|NRXN1|GRIP1|KLHL21|LSG1|FCGR4|IFT27|ATAD1|LTV1|KIF3A|DLG3|KIF5B|MDN1|IFT172|IFT52|MYLK|RAB11FIP5|AP2A1|NMD3|TRAF3IP1|EXOC3L|WDPCP|EIF6|TNFAIP2|AP3D1|NPM1|IFT74|FXR1|INTU|NUP88|PICK1|KIFAP3|FKBP4|CBLB|GIT1|SLC12A5|TACC3,https://www.gsea-msigdb.org/gsea/msigdb/mouse/geneset/GOBP_PROTEIN_CONTAINING_COMPLEX_LOCALIZATION,231,ENR,GOBP_PROTEIN_CONTAINING_COMPLEX_LOCALIZATION,2.3391000000000002,4.0000000000000001E-3,GOBP_PROTEIN_CONTAINING_COMPLEX_LOCALIZATION,FALSE,GOBP_PROTEIN_CONTAINING_COMPLEX_LOCALIZATION
6,2.74472749489669,2.74472749489669,2.74472749489669,1,0.21790000000000001,8.0000000000000004E-4,2.1999999999999999E-2,ITGA5|SLC39A12|NRP1|PARVA|E2F7|EFNB2|E2F8|EGR3|EPHB4|SEMA5A|PDPK1|NOTCH1|EPHA2|TGFBR3|CDC42|RHOA|PTK2B|DLL1|PACSIN2|STARD13|HDAC5|MEOX2|HDAC9|MAP2K5|GREM1|AKT3|HDAC7|NRARP|DSG2|JMJD8|PDCD10|FLT1|MIA3|SHH|CIB1|JMJD6|GHRL|E2F2|EHD4|CDH5|SH2B3|KLF4|PTGS2|ABL1|MICALL1|RTN4|AGTR1A|FGF1|MAP3K3|PLK2|SLIT2|SRF|APLNR|VEGFA|RHOJ|SRPX2|ROBO1|TGM2|NR4A1|BMP4|ESM1|SYNJ2BP|HMGB1|GPLD1|SEMA3E|TGFB1|DLL4|JAK1|TMEM215|FUT1|LOXL2|GLUL|BMPER|PIK3R2|ALOX5|CLIC3|PIK3C2A|PGF|SMAD1|PIK3CB|SEC1|ADAMTS9|CTNND1|CLEC14A|THBS1|AKT1|SEMA6A|TBXA2R|KLF2|ANXA1|RSPO3|ANGPT1|VEGFB|CEACAM1|PIK3R3|ITGB1BP1|TEK|FBXW7|TSPAN18|IL12A|EPN1|IL12B|ENG|NGFR|ITGB1|RAMP2|RECK|SPRED1|IL10|KDR|EPN2|ZFP354C|MMRN1|CCBE1|HMOX1|CARD10|MMRN2|FLT4|GATA2|HIF1A|TJP1|FGFBP1|CREB3L1|PPP1R16B|S100A1|VEGFC|LEF1|CDH13|FOXC2|FGF2,https://www.gsea-msigdb.org/gsea/msigdb/mouse/geneset/GOBP_SPROUTING_ANGIOGENESIS,130,ENR,GOBP_SPROUTING_ANGIOGENESIS,2.8769999999999998,0,GOBP_SPROUTING_ANGIOGENESIS,FALSE,GOBP_SPROUTING_ANGIOGENESIS
31,2.74472749489669,2.74472749489669,2.74472749489669,1,0.16450000000000001,2.2800000000000001E-2,0.98899999999999999,ANKRD16|CDKAL1|DTWD1|DTWD2|MTFMT|DUS1L|DUS4L|OSGEP|OSGEPL1|QTRT1|WTAP|THUMPD1|TPRKB|LCMT2|TRMT12|TYW1|TYW3|RPUSD1|RPUSD2|DNAJB11|MEPCE|SEPSECS|THG1L|DUS3L|PUS3|TRDMT1|WDR6|DALRD3|HNRNPC|ADAR|ALKBH1|HNRNPAB|TRMT112|TRMT2B|CDK5RAP1|JMJD6|LARP7|AICDA|METTL8|FTSJ1|METTL14|MOCS3|ADAT2|CTU1|CTU2|ELP3|NSUN2|ELP4|METTL3|KTI12|TRMU|URM1|DIMT1|ZCCHC4|DKC1|EMG1|THADA|FBL|FDXACB1|FTSJ3|PUS1|GAR1|PUS7|PUS7L|RBM15|RBM15B|SYNCRIP|PUS10|PUSL1|RBM47|AKT1|APOBEC3|NSUN3|NSUN4|RNMT|RPUSD3|B3GNTL1|RPUSD4|BCDIN3D|TRUB2|METTL15|METTL16|METTL5|MRM1|NAF1|METTL4|NAT10|BAG4|MTO1|NHP2|YRDC|TFB1M|TFB2M|TRIT1|TRMT5|NOP10|NOP2|HSD17B10|TGS1|NSUN5|A1CF|GTDC1|ADARB1|ALKBH8|GTPBP3|METTL2|METTL6|NSUN6|THUMPD2|APOBEC1|THUMPD3|APOBEC2|TRMT1|WDR4|ELP2|TRMT6|TRMT61A|DPH3|TRUB1|METTL1,https://www.gsea-msigdb.org/gsea/msigdb/mouse/geneset/GOBP_RNA_MODIFICATION,120,ENR,GOBP_RNA_MODIFICATION,2.1415000000000002,0,GOBP_RNA_MODIFICATION,FALSE,GOBP_RNA_MODIFICATION
87,2.74472749489669,2.74472749489669,2.74472749489669,1,0.30230000000000001,2.1600000000000001E-2,0.98299999999999998,IQGAP2|AKAP11|NCKAP1|RAB13|ANLN|IQGAP1|IKBKB|NCKAP1L|FHOD3|FMNL2|RACGAP1|ROCK1|ROCK2|FMNL3|PLEC|TLN1|CALR|LLGL2|PDCD6IP|DLG1|RTKN|CORO1C|KCNC3|ARF6|TNF|PLEK|PLS1|IQGAP3|EHD2|LLGL1|ECT2|FHOD1|RHOQ|CDK5|VIL1|FMNL1|EZR,https://www.gsea-msigdb.org/gsea/msigdb/mouse/geneset/GOBP_CORTICAL_ACTIN_CYTOSKELETON_ORGANIZATION,37,ENR,GOBP_CORTICAL_ACTIN_CYTOSKELETON_ORGANIZATION,2.1549999999999998,0,GOBP_CORTICAL_ACTIN_CYTOSKELETON_ORGANIZATION,FALSE,GOBP_CORTICAL_ACTIN_CYTOSKELETON_ORGANIZATION
36,2.6989700043360201,2.6989700043360201,2.6989700043360201,0.998,0.28370000000000001,2.3599999999999999E-2,0.99399999999999999,OPHN1|WDR1|DLG5|TCF15|PTK7|VANGL2|WNT11|ARF4|PARD3|LAMA1|MARK2|CRB3|MYO9A|WNT5A|MSN|TTC8|PARD6A|SCRIB|CDC42|RHOA|FAT1|PDCD6IP|DLG1|PARD3B|FOXJ1|PRICKLE2|PRKCI|OOEP|CRB2|LLGL1|ILK|LHX2|DLG2|CAMSAP3|CDX2|DLG3|IFT20|SH3BP1|FSCN1|EZR,https://www.gsea-msigdb.org/gsea/msigdb/mouse/geneset/GOBP_ESTABLISHMENT_OR_MAINTENANCE_OF_BIPOLAR_CELL_POLARITY,40,ENR,GOBP_ESTABLISHMENT_OR_MAINTENANCE_OF_BIPOLAR_CELL_POLARITY,2.1280000000000001,2E-3,GOBP_ESTABLISHMENT_OR_MAINTENANCE_OF_BIPOLAR_CELL_POLARITY,FALSE,GOBP_ESTABLISHMENT_OR_MAINTENANCE_OF_BIPOLAR_CELL_POLARITY
48,2.6989700043360201,2.6989700043360201,2.6989700043360201,0.998,0.496,1.1599999999999999E-2,0.82,C3|EDNRA|GNAQ|FARP2|APP|RND1|ABL2|SCARF1|BCL11A|PDGFB|CSPG4|ANKS1|NTN4|C1QA|C1QL1,https://www.gsea-msigdb.org/gsea/msigdb/mouse/geneset/GOBP_NEURON_REMODELING,15,ENR,GOBP_NEURON_REMODELING,2.2856999999999998,2E-3,GOBP_NEURON_REMODELING,FALSE,GOBP_NEURON_REMODELING
31,2.74472749489669,2.74472749489669,2.74472749489669,1,0.18140000000000001,3.3999999999999998E-3,0.214,ANKRD16|CDKAL1|DTWD1|DTWD2|MTFMT|DUS1L|DUS4L|OSGEP|OSGEPL1|QTRT1|THUMPD1|TPRKB|LCMT2|TRMT12|TYW1|RPP25|TYW3|RPP30|RPP38|RPP40|DDX1|DTD1|SEPSECS|THG1L|DUS3L|SSB|PUS3|AARSD1|TRDMT1|POLR3A|WDR6|GRSF1|POLR3D|CARS2|DALRD3|FARS2|FARSA|FARSB|HARS2|LRRC47|MARS2|NARS2|PARS2|AARS2|TARS2|ALKBH1|VARS2|TRMT112|TRMT2B|CDK5RAP1|SLFN2|TRMT11|POP1|DARS2|EARS2|CLP1|GATC|IARS2|LARS2|METTL8|ZCCHC7|FTSJ1|MOCS3|ADAT2|CTU1|CTU2|ELP3|NSUN2|ELP4|KTI12|TRMU|URM1|ADAT1|ADAT3|LAGE3|THADA|EXOSC10|EXOSC2|EXOSC3|EXOSC7|EXOSC8|EXOSC9|PUS1|PUS7|ANG|PRORSD1|TRPT1|PUS10|PUSL1|ZBTB8OS|AKT1|NSUN3|NSUN4|LSM6|PTCD1|QRSL1|RARS2|POLR2E|B3GNTL1|RPUSD4|SLFN8|BCDIN3D|SARS2|SLFN9|TRUB2|WARS2|YARS2|ELAC2|NAT10|MTO1|ELAC1|YRDC|TRIT1|TRMT5|POLR2F|TRNT1|POLR2L|HSD17B10|RPP14|RPP21|GTDC1|ALKBH8|GTPBP3|METTL2|POP4|METTL6|POP5|NSUN6|POP7|THUMPD2|THUMPD3|TRMT1|WDR4|ELP2|TRMT2A|TRMT6|TRMT61A|DPH3|TRUB1|TSEN15|TSEN2|TSEN34|TSEN54|METTL1,https://www.gsea-msigdb.org/gsea/msigdb/mouse/geneset/GOBP_TRNA_METABOLIC_PROCESS,144,ENR,GOBP_TRNA_METABOLIC_PROCESS,2.5606,0,GOBP_TRNA_METABOLIC_PROCESS,FALSE,GOBP_TRNA_METABOLIC_PROCESS
22,2.3979400086720402,2.3979400086720402,2.3979400086720402,0.996,0.2878,4.2099999999999999E-2,1,TGFB2|UBE4B|BMPR1A|ADAMTS1|FHL2|MED1|TEK|DLL4|NOTCH1|EGLN1|ENG|TGFBR3|CAV3|CHD7|HEG1|NKX2-5|HEY2|RBPJ|NRG1|BMP5|SMARCA4|OVOL2|HEY1|SOS1|TGFBR1|RBP4|S1PR1|FKBP1A|SRF|BMP7|NOG|NFATC1,https://www.gsea-msigdb.org/gsea/msigdb/mouse/geneset/GOBP_HEART_TRABECULA_MORPHOGENESIS,32,ENR,GOBP_HEART_TRABECULA_MORPHOGENESIS,1.9759,4.0000000000000001E-3,GOBP_HEART_TRABECULA_MORPHOGENESIS,FALSE,GOBP_HEART_TRABECULA_MORPHOGENESIS
14,2.4089353929735,2.4089353929735,2.4089353929735,0.99609999999999999,0.13120000000000001,4.2999999999999997E-2,1,GDF11|PAX6|TRPM1|FGFR3|LHX1|FAT3|NOTCH1|SOX8|EPHA2|NOTCH2|GLI3|IMPG2|FASL|PPP2R3A|ALDH1A3|DLL1|VHL|FBN1|CASZ1|IHH|PRDM1|RARG|SLC1A1|STAT3|RORB|ATP8A2|IRX5|IKZF1|RBP4|TDRD7|ALMS1|SP1|RDH13|USH1C|KDM2B|BAX|POU2F1|SP3|TWIST1|HMGN1|TBC1D20|THY1|BBS10|FLT1|ABI2|GRCC10|EFEMP1|SCRIB|ARL6|FAT1|ZHX2|CASP6|ALDH1A1|PTF1A|DIO3|FJX1|MEGF11|PTN|SDK2|TSPAN12|DSCAM|MEIS1|SOX11|SOX12|SOX4|PROX1|POC5|PDGFB|SOX9|VEGFA|TH|BAK1|BCAR3|BCL2|BMP4|HIPK1|SLC4A7|COL8A1|COL5A1|COL5A2|ZEB1|MFAP2|TMEM215|ATF4|FSCN2|NR2E3|STAU2|CEP290|OLFM3|RPGRIP1|BBS4|SAMD11|AHI1|CABP4|FOXF2|AQP5|ADAMTS9|FBN2|HIPK2|AGTPBP1|THRB|BHLHE22|CTNNB1|EPHB2|GNAT1|TSKU|GABRR2|GNGT1|TBX2|BDNF|CDON|VAX2|PRKCI|SDK1|AQP1|CRB2|FZD5|FRS2|ROM1|SHROOM2|GAS1|YY1|IFT172|TULP1|CFH|COL8A2|STRA6|SOX2|PROM1|RPGR|TFAP2A|RARB|IFT122|PAX2|TTC8|MFAP5|NAGLU|PHACTR4|PITX2|NIPBL|GNAT2|RPGRIP1L|SKI|LRP6|ARID1A|MFN2|PTPRM|CITED2|KDR|NDP|NF1|JAG1|MAN2A1|RING1|LRP5|NTRK2|HIF1A|TFAP2B|MFSD2A|BMP7|CALB1|EPHB1|FGF2,https://www.gsea-msigdb.org/gsea/msigdb/mouse/geneset/GOBP_EYE_MORPHOGENESIS,163,ENR,GOBP_EYE_MORPHOGENESIS,1.9688000000000001,3.8999999999999998E-3,GOBP_EYE_MORPHOGENESIS,FALSE,GOBP_EYE_MORPHOGENESIS
2,2.74472749489669,2.74472749489669,2.74472749489669,1,0.25259999999999999,1.38E-2,0.88300000000000001,NLGN3|EFNB1|LRRTM3|EFNB2|EFNB3|SNAPIN|WNT3A|SLITRK2|CHD4|MDGA1|PCLO|PTEN|BSN|PFN2|NLGN1|SNCA|NRXN1|NLGN2|SNAP91|LRFN4|LRRTM1|IGSF11|PCDH17|CLASP2|C5AR1|FZD5|LRP4|PTPRS|SLITRK1|GPC4|VPS35|DAAM1|CACNA2D3|APP|PTPRD|FZD1|TLN2|EIF4G1|NRG1|ARHGEF7|CADM1|FARP1|CAP2|SDCBP|PLS3|IL1RAP|ARF6|NTNG2|IL1RAPL1|DVL1|LRFN3|CLSTN3|MDGA2|PICALM|NTRK3,https://www.gsea-msigdb.org/gsea/msigdb/mouse/geneset/GOBP_PRESYNAPSE_ORGANIZATION,55,ENR,GOBP_PRESYNAPSE_ORGANIZATION,2.2513999999999998,0,GOBP_PRESYNAPSE_ORGANIZATION,FALSE,GOBP_PRESYNAPSE_ORGANIZATION
2,2.74472749489669,2.74472749489669,2.74472749489669,1,0.43080000000000002,1E-4,1E-3,MAD2L2|PPM1F|CDH3|CDH4|CDH17|CDH8|TGFB1|WNT3A|NOTCH1|WNT5A|SMAD7|BHLHA15|CDH15|CDH19|CDH22|CDH24|CD2AP|CDH7|CDH5|CDHR2|CTNND1|CDH1|ADAM19|BMP6|CTNNB1|FLOT1|CDH10|CDH6|CDH9|MMP24|CDH2|PTPRU|EPCAM|TJP1|NOTCH4|VEGFA|CDH13|PLEKHA7|CDH11,https://www.gsea-msigdb.org/gsea/msigdb/mouse/geneset/GOBP_CELL_CELL_ADHESION_MEDIATED_BY_CADHERIN,39,ENR,GOBP_CELL_CELL_ADHESION_MEDIATED_BY_CADHERIN,3.2521,0,GOBP_CELL_CELL_ADHESION_MEDIATED_BY_CADHERIN,FALSE,GOBP_CELL_CELL_ADHESION_MEDIATED_BY_CADHERIN
1,1.9430951486635299,1.9430951486635299,1.9430951486635299,0.98860000000000003,0.13320000000000001,4.2999999999999997E-2,1,RAB14|RAB34|TMEM175|PARL|DNM1L|RAB20|RAB39|SNAPIN|STX17|GRIK5|PLD6|YIPF5|RAB4B|FIS1|CHMP5|SYT7|SYT11|RAB3A|STX16|STX6|VPS39|GNAI3|SNAP47|PRRT2|RUFY1|SNCA|STOML2|STX12|SAMD9L|THG1L|AU040320|RIMS2|STXBP6|VAMP1|SYT2|NKD2|PNPLA2|MFN1|TRABD|BAX|USP30|VAT1|NME3|RAB8A|GOSR1|GOSR2|YME1L1|VPS11|ZDHHC6|VPS18|BNIP1|SLAMF1|CHMP1A|CHMP1B|CHMP2A|PLA2G4A|VAMP2|CHMP2B|CHMP3|PLA2G5|CHMP4C|CHMP6|STX11|STX7|OPA1|PIKFYVE|TFRC|STX8|CHMP4B|ERC1|ERC2|SNAP29|AFG3L2|CIDEA|CIDEC|CLSTN3|SPHK1|RIMBP2|STX2|ANKFY1|SYT8|BAK1|VTI1B|TOM1|VAV3|VPS41|VPS4A|SEC22B|VAMP3|VPS8|TBC1D4|STX3|RUFY4|CIDEB|CLN3|CORO1A|ADCK1|AFG3L1|RAB7|ANKRD27|PIP4K2A|CHMP7|PIP4K2B|STXBP1|DYSF|SYT4|ATP13A2|ANXA2|VAMP4|BCL2A1A|BCL2A1B|BET1|BCL2A1C|TGFBRAP1|ANXA1|BCL2A1D|YIPF4|YIPF7|VCPIP1|BNIP3|CAV2|KIF5B|CHCHD3|SYT1|STX5A|SYT3|SPG11|VTI1A|STX19|VPS16|FUNDC1|GDAP1|PLEKHM1|ARL8B|MFN2|UVRAG|DOC2A|DOC2B|DOC2G|HUWE1|OMA1|SNPH|MTCH2|SYT13|RPH3A|SYT5|ZNRF2|STX1A|SYT9|CPLX2|MCL1|USO1|MFF|PLEKHM2|SNAP23|EEA1|STX4A|SNAP25|VAMP8|TRIM9|MUL1|ZNRF1,https://www.gsea-msigdb.org/gsea/msigdb/mouse/geneset/GOBP_ORGANELLE_FUSION,162,ENR,GOBP_ORGANELLE_FUSION,1.9679,1.14E-2,GOBP_ORGANELLE_FUSION,FALSE,GOBP_ORGANELLE_FUSION
3,2.2006594505464201,2.2006594505464201,2.2006594505464201,0.99370000000000003,0.1656,4.6100000000000002E-2,1,GAB1|NRP1|EPHB4|FGFR3|ERBB2|APOD|EPHA2|FLT3|EPHB3|PTEN|SNCA|SRC|PDGFC|ERBB4|F7|CLASP2|CSRNP1|HIP1|NTRK1|PHF14|MERTK|PTPRJ|NPR2|FLT1|PTPN2|INPPL1|EPHA3|NR4A3|PTPN1|ADIPOQ|PDGFD|KIT|HGS|ABL1|ROR2|MET|EPHA7|PDGFRA|SGPL1|FGFR1|PDGFRB|PDGFA|PDGFB|VEGFA|EGFR|NTRK3|MYOCD|DDR2|IGF1R|TYRO3|FGFR4|LRP1|INSR|IQGAP1|DDR1|F3|EPHA1|ARID5B|PLEKHA1|LRIG2|SMPD3|TIPARP|EPHA5|EPHB2|EPHA4|ZFAND5|FGFR2|PDAP1|TIE1|PTPN11|NDRG4|IFT20|CSPG4|STON1|MUSK|PLAT|INSRR|BCR|TEK|TXNIP|MYO1E|ITGB3|ABL2|LOX|MST1R|LTK|HIP1R|AXL|PTGIR|RET|KDR|RGS14|CBL|CBLB|JAK2|FLT4|NTRK2|BCAR1|RAPGEF1|CSF1R|EPHB1,https://www.gsea-msigdb.org/gsea/msigdb/mouse/geneset/GOBP_PLATELET_DERIVED_GROWTH_FACTOR_RECEPTOR_SIGNALING_PATHWAY,101,ENR,GOBP_PLATELET_DERIVED_GROWTH_FACTOR_RECEPTOR_SIGNALING_PATHWAY,1.9454,6.3E-3,GOBP_PLATELET_DERIVED_GROWTH_FACTOR_RECEPTOR_SIGNALING_PATHWAY,FALSE,GOBP_PLATELET_DERIVED_GROWTH_FACTOR_RECEPTOR_SIGNALING_PATHWAY
10,1.8068754016455399,1.8068754016455399,1.8068754016455399,0.98440000000000005,0.38629999999999998,8.2600000000000007E-2,1,NUP35|FXR1|AHCTF1|NUP153|NUP205|TMEM170|NUP98|RTN4|SEH1L|NUP54|POM121|TPR|NUP93|NUP107|NUP133,https://www.gsea-msigdb.org/gsea/msigdb/mouse/geneset/GOBP_NUCLEAR_PORE_ORGANIZATION,15,ENR,GOBP_NUCLEAR_PORE_ORGANIZATION,1.7901,1.5599999999999999E-2,GOBP_NUCLEAR_PORE_ORGANIZATION,FALSE,GOBP_NUCLEAR_PORE_ORGANIZATION
5,2.74472749489669,2.74472749489669,2.74472749489669,1,0.34129999999999999,2.0000000000000001E-4,5.0000000000000001E-3,BMP4|HES5|SLC4A7|MYO3B|FGFR3|MYO7A|DLX3|NOTCH1|TGM3|SLITRK6|CLIC5|RBPJ|USH2A|DLL1|SOD1|ATOH1|CUX1|TRIOBP|LHFPL5|PCDH15|KCNMA1|HES1|HEY1|REST|ERCC3|PDZD7|PLS1|USH1C|ESRP1|JAG2|WHRN|ANKRD24|TPRN|ELMOD3|TMEM132E|LAMC1|MCOLN3|MYCN|CDH23|SEC24B|WDPCP|SCRIB|HEY2|PAFAH1B1|MYO6|JAG1|FGFR1|GFI1|ATP2B2|KCNQ1|SLC44A4|RAC1|ERCC2|FGF2,https://www.gsea-msigdb.org/gsea/msigdb/mouse/geneset/GOBP_HAIR_CELL_DIFFERENTIATION,54,ENR,GOBP_HAIR_CELL_DIFFERENTIATION,2.9973000000000001,0,GOBP_HAIR_CELL_DIFFERENTIATION,FALSE,GOBP_HAIR_CELL_DIFFERENTIATION
51,1.5816987086802501,1.5816987086802501,1.5816987086802501,0.9738,0.1336,9.1899999999999996E-2,1,ELOVL1|ELOVL2|ELOVL3|P2RX7|ELOVL4|ELOVL5|ABCA12|ELOVL6|ELOVL7|P2RX1|FA2H|FADS3|PSAPL1|KDSR|PLA2G6|ST6GALNAC6|SIRT3|PRKCD|SPNS2|FUT4|FUT9|BAX|MECR|HEXB|NAAA|ST3GAL1|UGT8A|A3GALT2|PLA2G15|ACER1|GZMB|ARV1|CLN6|PRF1|VPS54|KIT|ORMDL1|ORMDL3|OSBP|SGPL1|GBA2|B3GALT1|6430550D23RIK|B4GALNT1|B3GALT2|B3GALT4|SPHK1|B4GALT3|GALC|B4GALT4|GLA|ST8SIA1|B4GALT5|GM2A|SFTPB|TECR|B4GALT6|HEXA|TH|CERK|CYP4F39|GAL3ST1|ST3GAL2|NEU1|SMPDL3A|TM9SF2|NEU2|NEU3|ORMDL2|SPHK2|PAQR4|ST3GAL3|ST6GALNAC3|ST6GALNAC4|LCT|ST6GALNAC5|ST8SIA2|ST8SIA3|ST8SIA4|ST8SIA6|ITGB8|PNPLA1|ZFP750|SMPD3|AGK|SMPD2|CEL|SMPD4|SMPDL3B|ALOX12B|ATG7|ALOXE3|CREM|FUT7|CASP1|ASAH1|CASP7|ASAH2|UGCG|PEMT|GLB1|B3GNT5|SAMD8|SERINC1|SMPD1|SGMS1|SGMS2|CERKL|CLN8|NAGLU|ZPBP2|ACER3|SPTLC1|SPTLC2|DEGS2|GSDMD|SGPP1|SGPP2|HTRA2|SPTLC3|VAPA|A4GALT|ST8SIA5|ABCA2|ACER2|ABCA8A|ABCA8B|DEGS1|ENPP2|PSAP,https://www.gsea-msigdb.org/gsea/msigdb/mouse/geneset/GOBP_SPHINGOLIPID_METABOLIC_PROCESS,130,ENR,GOBP_SPHINGOLIPID_METABOLIC_PROCESS,1.7599,2.6200000000000001E-2,GOBP_SPHINGOLIPID_METABOLIC_PROCESS,FALSE,GOBP_SPHINGOLIPID_METABOLIC_PROCESS
16,2.74472749489669,2.74472749489669,2.74472749489669,1,0.16270000000000001,7.4999999999999997E-3,0.59799999999999998,FANCB|MCM7|MAD2L2|ZMYND8|EP400|EPC2|RECQL5|NBN|PIAS4|FIGNL1|POLQ|ASTE1|CHD4|HELB|HELQ|ERCC5|ING3|EXD2|SIRT6|FAN1|FANCM|INO80|GEN1|GINS2|GINS4|RUVBL1|RUVBL2|HUS1|HUS1B|KDM4D|INTS3|KLHL15|MBTD1|MCM3|MEAF6|MCM4|MCM5|MORF4L1|MCM6|MRE11A|BRCA2|KAT5|NUCKS1|MUS81|NSMCE1|OOEP|NSMCE2|PALB2|RIF1|POLL|TOP3A|POLN|PLK1|RBBP8|PPP4C|REC8|RNF8|RECQL|SMCHD1|RECQL4|REV3L|RAD51AP1|RFWD3|RMI1|RNF138|RPA3|TEX15|RNF126|SFR1|ATM|RNF169|SMC6|PELI1|RPA2|SWI5|SENP3|SKP2|SLX1B|XRCC2|XRCC3|C1QBP|ZFYVE26|ZSWIM7|TIMELESS|UBQLN4|USP51|WDR48|WRN|PARP1|YEATS4|ZFP365|ABL1|CDC45|XRCC5|TRP53BP1|DMC1|WAS|SAMHD1|PPP4R2|POGZ|RAD51C|FUS|RAD52|XRCC6|VPS72|MCM2|PRMT1|DMAP1|TRRAP|HTATSF1|MCM8|MCM9|MMS22L|SMC5|TONSL|CREBBP|ERCC4|TOPBP1|ERCC6|PSMD14|EPC1|RAD21|UBE2N|BRCA1|YY1|SETD2|RAD50|MORF4L2|RPA1|RTEL1|SLX4|SFPQ|TERF2IP|WRAP53|KDM1A|NIPBL|ACTB|ACTL6A|ANKLE1|ARID2|RAD51|RAD54B|RAD54L|BLM|ACTR2|BRD8|CDC7|CHEK1|XRCC1|CSNK2A1,https://www.gsea-msigdb.org/gsea/msigdb/mouse/geneset/GOBP_RECOMBINATIONAL_REPAIR,150,ENR,GOBP_RECOMBINATIONAL_REPAIR,2.3763000000000001,0,GOBP_RECOMBINATIONAL_REPAIR,FALSE,GOBP_RECOMBINATIONAL_REPAIR
2,2.74472749489669,2.74472749489669,2.74472749489669,1,0.15890000000000001,2.0000000000000001E-4,5.0000000000000001E-3,OPHN1|DLG5|FNTA|ZMYND8|NRP1|NEURL1A|DNM1L|RBMX|ADAM10|RHOG|CDK5R1|CDKL5|MYO5B|EFNA1|NRXN2|PSEN1|EPHB3|CDC42|DGKB|DGKZ|DIP2A|HSPA8|ZDHHC8|LRRK2|TMEM108|MFN1|GAP43|CKAP5|CHRNB1|NAE1|CPEB3|NEDD8|UBE2M|DHX36|SNX27|CTTN|GPHN|NEDD9|DBN1|DOCK4|UBE3A|KIF2C|XLR4A|MARK2|XLR4B|ABI2|LRRC4|GDNF|GHRL|DCX|CHMP2B|ITPKA|GRIP2|PAFAH1B1|ARHGAP44|DOCK7|OPA1|ARHGEF15|RAPGEF4|BAIAP2|PTN|RAC3|ABL1|ACTN2|ROR2|RTN4|AGRN|APOE|EPHA7|ABI3|FLRT2|CYFIP2|NRP2|ARF1|NTRK3|RPS6KA5|WASL|LRFN2|RTN4R|NCAN|TSC2|ABI3BP|PDLIM5|NGEF|SEMA3F|ELMO1|NCKIPSD|PSD|SEMA4C|SRGAP3|TREM2|TRIM47|UBE3B|ROCK2|SHANK3|KALRN|STAU2|SH3GL2|DNM3|SORBS2|WASF2|DLG1|AKT1|CASKIN1|NLGN2|LRFN1|NRXN3|LRFN4|TIAM1|LRRTM1|CDH2|LRRTM2|PRICKLE2|DOCK1|SIPA1L1|IQSEC3|CFL1|S1PR2|SHANK1|SHISA7|C1QL3|CDK5|FYN|LHFPL4|STK38L|CNTNAP1|MUSK|USP9X|ACTN1|CNTNAP2|RAPSN|GRIN1|DNAJA3|DTNBP1|HOMER1|LAMA5|ITGA3|CTNND2|ITGB1|RER1|TANC1|ITGB3|FZD9|CRMP1|GNA13|DACT1|HDAC6|ARHGEF7|HIP1R|MFN2|CADM1|CRK|FAM107A|ETV5|ACTR2|FCGR2B|IL1RAP|ARF6|NUMB|NUMBL|NF1|LRP5|MARCKS|ARHGAP39|DVL1|EZR|CRKL|NPTX1|NLGN3|KIF1A|PPP1R9B|MARK1|CRIPT|COLQ|PRNP|CC2D1A|PSEN2|PTK2B|ACTR3|PTEN|VHL|DOCK10|RELN|INA|ITSN1|NOS1AP|NRCAM|SLC30A1|PAK3|MTMR2|PTPRS|VPS35|HNRNPK|HNRNPM|NEFH|NEFL|CHRDL1|ARHGAP22|PTPN1|SIGMAR1|CAMK2B|PUM2|MPP2|PPP1R9A|FARP1|MYH10|DISC1|ZFP365|ARHGEF9|PTPRF|NTNG2|FGFR1|SSH1|MAGI2|DLG2|DLG4|EEF2K|TAOK2|IGF1R|ZDHHC2|INS1|INS2|INSR|IQGAP1|PRMT3|PPFIA2|SRCIN1|ZDHHC12|LGMN|TANC2|ZDHHC15|ARC|STK38|CASK|DBNL|EPHA5|EPHB2|NLGN1|EPHA4|GLRB|HTR4|NRXN1|LRP4|SORBS1|ASAP1|ARHGAP33|CAPRIN1|CAPRIN2|SLC7A11|ARF4|MYO9A|APP|WNT5A|DCLK1|PTPRD|ABL2|ACTB|LRP8|RHEB|PRICKLE1|GRID1|PICK1|LATS1|RPH3A|CIT|SHANK2|FRMPD4|SLC12A5|BHLHB9|IL1RAPL1|XLR3B|RAC1|CUX2|EPHB1,https://www.gsea-msigdb.org/gsea/msigdb/mouse/geneset/GOBP_POSTSYNAPSE_ORGANIZATION,274,ENR,GOBP_POSTSYNAPSE_ORGANIZATION,3.0318999999999998,0,GOBP_POSTSYNAPSE_ORGANIZATION,FALSE,GOBP_POSTSYNAPSE_ORGANIZATION
2,1.6401645176601101,1.6401645176601101,1.6401645176601101,0.97709999999999997,0.24279999999999999,8.7900000000000006E-2,1,AMIGO2|ITGA5|L1CAM|CD164|CXADR|AMIGO3|VCAM1|CDH4|PTPRD|MCAM|COLEC10|CRTAM|CADM1|ALCAM|UMOD|DCHS1|NLGN1|CADM3|HMCN1|NRXN1|SCARF2|IGSF21|PVR|CDH2|ITGAL|SELE|SELL|IL1RAPL1|SELP|AMIGO1|CD6|CRB2|SCARF1|CD24A|LGALS1|FAT4|LGALS9|ITGA4,https://www.gsea-msigdb.org/gsea/msigdb/mouse/geneset/GOBP_HETEROPHILIC_CELL_CELL_ADHESION_VIA_PLASMA_MEMBRANE_CELL_ADHESION_MOLECULES,38,ENR,GOBP_HETEROPHILIC_CELL_CELL_ADHESION_VIA_PLASMA_MEMBRANE_CELL_ADHESION_MOLECULES,1.7706999999999999,2.29E-2,GOBP_HETEROPHILIC_CELL_CELL_ADHESION_VIA_PLASMA_MEMBRANE_CELL_ADHESION_MOLECULES,FALSE,GOBP_HETEROPHILIC_CELL_CELL_ADHESION_VIA_PLASMA_MEMBRANE_CELL_ADHESION_MOLECULES
24,2.7212463990471698,2.7212463990471698,2.7212463990471698,0.99809999999999999,8.72E-2,4.1599999999999998E-2,1,MAD2L2|2210016L21RIK|BAMBI|CSNK1G1|CSNK1G2|CSNK1G3|TMEM9|DEPDC1B|SOX17|DKK2|FAM53B|JRK|LRRK1|WNT9B|LYPD6|PIAS4|WWTR1|PRDM15|RSPO4|SPIN4|TMEM132A|TMEM198|TMEM198B|ZBED3|OTUD5|PPP2R3A|SFRP5|RBMS3|HNF1A|KREMEN1|KREMEN2|RPS12|SOST|LRRK2|EXT1|KPNA1|GREM1|LGR6|DVL3|CALCOCO1|DDIT3|NPPA|DACT3|FOXO1|MARK2|SMAD7|NOTUM|SIAH2|JUP|TMEM98|RNF220|TNFAIP3|FBXW4|SPEF1|KLF15|GRK5|KLF4|RAC3|ROR2|TRPM4|DIXDC1|LECT2|LGR4|ROR1|MYOC|FZD10|PORCN|KANK1|RYK|CPZ|LMBR1L|PIN1|TGFB1|TAX1BP3|FZD6|WNT3|WNT7B|BBS4|SULF1|SULF2|TTC21B|GPC3|BTRC|WIF1|TIAM1|VAX2|SCYL2|TGFB1I1|COL6A1|GPC4|DDB1|ALPK2|CUL3|TNIK|FERMT2|AMOTL1|AMOTL2|MCC|MDFI|TLE6|PITX2|RECK|USP34|AIDA|SALL1|DACT1|WNT9A|TBX18|USP8|ZRANB1|ATP6AP2|ATP6V0C|MYC|DAB2IP|NDP|NLK|CCNY|ATP6V1C2|GATA3|LRRFIP2|RNF146|DVL1|RAPGEF1|STRN|RAB5A|BCL9L|LBX2|WNT2|WNT5B|CPE|CDC73|KRT6A|CHD8|IFT80|FGFR3|NOTCH1|SHISA3|VPS4B|TLE2|TMEM170B|APC2|SDHAF2|ZEB2|TMEM64|SIAH1A|SIAH1B|NKD2|VCP|CTNNBIP1|RNF138|NFATC4|SHH|HNF1B|WNT8B|TLE3|MKS1|LEO1|MED12|ANKRD6|WWOX|ARL6|ASB15|ASB3|CDH1|DVL2|DISC1|DDX3X|SOX7|PAF1|MITF|ENPP1|EGFR|GRB10|GSK3A|GSK3B|PPM1N|SBNO1|TLE1|HESX1|VANGL2|BICC1|CTNND1|DACT2|FGFR2|CCDC134|INVS|HIC1|LGR5|LRP4|SDC1|LZTS2|NOG|TCF7L2|NPHP3|GPRC5B|SOX2|PTK7|PYGO1|PYGO2|CSNK1A1|CXXC4|NLE1|DAAM1|MAMDC4|ZBTB33|APP|MACF1|WNT5A|NDEL1|TMEM67|WNT2B|ABL2|NDRG2|WNT6|CBY1|BRD7|AXIN1|CTR9|PTPRU|FRMD8|G3BP1|LDB1|NFKB1|WLS|RTF1|CYLD|CELA1|FGF2|BBIP1|SEMA5A|TPBG|FGF10|PRKAA1|GLI3|PRKAA2|PSEN1|RBPJ|FOXL1|TLR2|BMP2|HDAC1|HMGA2|RUVBL1|SRC|DAB2|RUVBL2|DKK3|EDNRB|MBD2|WNT4|LMX1A|DLX5|MDK|ASPM|STK11|FRAT1|FRAT2|NRARP|PEG12|UBR5|MLLT3|CELSR3|NKX2-5|CSNK1D|SFRP1|SMARCA4|ABL1|UBAC2|APOE|CDK14|SOX13|SOX4|TCF7|TMEM88|TSC2|WNT10B|WNT3A|DKKL1|EGR1|CRBN|CSNK2A2|TBL1XR1|THRA|EDNRA|BCL9|TBL1X|CDH2|FZD7|IFT20|CAV1|CTDNEP1|MESP1|GSC|CCNE1|TNKS|TNKS2|CTHRC1|ITGA3|CTNND2|FZD9|PTPRO|WNT1|FZD2|DCDC2A|LRP6|PKD1|PFDN5|AMFR|MAP3K1|BCL7B|LRP5|NXN|PBXIP1|CCNYL1|GRK6|CSNK2A1|SHISA2|EDN1|MDFIC|NPHP4|MARK1|PKD2|SOX10|GLI1|PTEN|EMD|SMAD3|DAAM2|HHEX|FRZB|IFRD1|ILK|MAPK14|RNF43|VPS35|ZNRF3|SENP2|WNK1|HDAC2|WNK2|FBXW11|CSNK2B|PPM1A|PPM1B|VGLL4|ETV2|STK3|STK4|CELSR2|SMAD4|SOX9|CMAH|CD44|CSNK1E|ZFP703|CCDC88C|LRP1|APCDD1|APC|DLX3|FZD8|EDA|FUZ|SNAI1|SNAI2|SOSTDC1|TCF7L1|CTNNB1|WNT10A|TSKU|EGF|KLHL12|SFRP4|GNAQ|HBP1|NKD1|PLEKHA4|RSPO1|FZD5|ISL1|RSPO3|AXIN2|SPIN1|CAPRIN2|FZD4|FOXO3|CCND1|FERMT1|CDH3|COL1A1|WNT11|DAPK3|RNF14|FZD1|FZD3|FGF9|PRICKLE1|LATS1|LATS2|TLE4|SFRP2|SCEL|IFRD2|FOLR1|WNT16|SNX3|YAP1|UBE2B|ADNP|RAC1|USP47|XIAP|LIMD1|LEF1|FOXD1,https://www.gsea-msigdb.org/gsea/msigdb/mouse/geneset/GOBP_WNT_SIGNALING_PATHWAY,415,ENR,GOBP_WNT_SIGNALING_PATHWAY,1.9824999999999999,1.9E-3,GOBP_WNT_SIGNALING_PATHWAY,FALSE,GOBP_WNT_SIGNALING_PATHWAY
1,2.74472749489669,2.74472749489669,2.74472749489669,1,0.1018,5.0000000000000001E-3,0.34699999999999998,UBXN2A|CREG1|MAP3K7|ATG14|MCOLN1|BECN1|DNM1L|RAB39|SNAPIN|STX17|VPS33A|HERC1|DRAM2|FIS1|RNF185|PPTC7|ADRA1A|GNAI3|SMCR8|WDR41|TBC1D12|HSPA8|STX12|ATP2A2|LRRK2|MAP2K1|PYCARD|TBC1D5|RIPK2|NAMPT|RAB8A|CTTN|DDIT3|UFM1|VPS11|VPS18|FOXO1|GATA4|ABI2|ARFIP2|CTSD|PIKFYVE|TNFAIP3|KDM4A|ORMDL3|S100A8|TRAF6|TRIM27|RAB23|CLU|ZC3H12A|TREM2|TSPO|FUNDC2|PTK2|ROCK1|MAP1LC3B|PIK3C2A|PIK3C2B|SYNPO2|LIX1|PIK3C3|PIK3CB|PIK3R4|STUB1|PIP4K2A|TRAPPC4|UMOD|PIP4K2B|DAPK1|PIP4K2C|AKT1|BCL2L13|BID|RASIP1|COL6A1|ZFP418|TRIM21|RRAGC|BAG3|SH3GLB1|FBXO7|FBXW7|USP13|USP20|NAGLU|GFAP|SPTLC1|SPTLC2|USP33|TIMM23|SMO|TGTP2|MFN2|UVRAG|TOMM7|VDAC1|ATP6V0A1|ZMPSTE24|ZNRF2|CCNY|SQSTM1|SNX4|GPSM1|VAMP8|ZNRF1|RAB3GAP1|WDFY4|ITGA5|FNBP1L|GPR137|GPR137B|NOD2|RAB33A|RAB33B|NUPR1|RAB39B|PARK7|PINK1|VPS4B|FKBP8|RNF186|SNCA|S100A9|ACVR2A|LRSAM1|RAB3GAP2|TFEB|RALB|SNX18|ARSB|SNX30|VCP|SNX7|TMEM59|UBXN6|CISD1|TRP53INP2|IFNG|TRIM65|ATM|IL4|SLC25A4|MFSD8|SLC25A5|CDKN2A|ZFYVE26|1600014C10RIK|ANXA7|AP4M1|RAB1B|CHMP4B|SLC35D3|CHUK|ADCY10|LAMP2|ATG12|ATG2A|ATG2B|ATG3|PACS2|GAA|GABARAPL1|SMURF1|EIF2S1|FN1|GSK3A|GSK3B|NRBP2|HMGB1|9930111J21RIK1|F830016B08RIK|VPS41|GM12185|RRAGA|VPS4A|GM4841|FEZ2|GM5431|KEAP1|SEC22B|IFI47|LEPR|XPA|MTOR|RUFY4|SLC7A5|NHLRC1|MAP1LC3A|MAPK3|ARSA|MAPK8|TEX264|NPC1|GRAMD1A|IL10RA|HSPB8|WDFY3|ZKSCAN3|DCAF12|TGFBRAP1|CASP1|RB1CC1|RNF166|STBD1|ATG9A|SETD2|TRP53|WDR45|WIPI1|WIPI2|SCFD1|TMEM208|WDR24|GIMAP6|AMBRA1|EP300|TGTP1|FLCN|IIGP1|FOXK1|IKBKG|FOXK2|IL10|GOLGA2|IRF8|IRGM1|NRBF2|HIF1A|RAB19|HK2|RAB2B|NOD1|OPTN|DAPL1|MLST8|ATG10|ATG13|DDRGK1|ATG4A|ATG4B|OGT|ATG4C|ATG4D|ATG9B|CISD2|EFNB1|CLEC16A|FBXL4|GABARAP|GABARAPL2|LRBA|NBR1|RNF31|NIPSNAP1|NIPSNAP3B|UBE2A|PRKAA1|PRKAA2|CHMP5|TBC1D17|SYT11|PSEN1|TBK1|VPS39|TLR2|MTDH|RPTOR|TRIM12A|STAT3|TRIM12C|TRIM30B|TRIM30D|DNAJC16|KAT5|LGALS8|WDR6|STK11|MTMR3|BCL2L11|MTMR9|TSC1|CHMP1A|CHMP1B|CHMP2A|CHMP2B|RNF41|CHMP3|CHMP4C|GM12250|CHMP6|USP36|IGTP|IRGM2|RAB12|RAB43|AUP1|NLRP6|NSFL1C|ABL1|SVIP|UBXN2B|ADRB2|CTSA|YOD1|PLK2|TICAM1|ATG5|ACBD5|RNF5|BCL2|TSC2|PAFAH1B2|TPCN1|TPCN2|DNM2|CALM1|CALM2|XBP1|CALM3|ZFYVE1|RAB24|RAB2A|SBF2|PIK3R2|TM9SF1|INHBA|TMEM150B|RAB7|BCAS3|UBA5|WAC|UFC1|ATG7|ATP13A2|ATG16L1|ATG16L2|ERCC4|FBXL2|TMEM41B|BMF|BNIP3|MAPK15|BNIP3L|BOK|IFT20|IFT88|STK38L|TBC1D14|GOPC|DCN|HAP1|ENDOG|IKBKB|FEZ1|ITGB1|FUNDC1|TRIM32|HDAC6|PLEKHM1|ARL8B|HTRA2|HUWE1|QSOX1|KDR|ATF6|ULK3|MAPT|MCL1|RNF152|PLEKHM2|SESN1|ARMC3|TRP53INP1|ACER2|MTM1|CSNK2A1|LYN|CHEK2|MUL1|EHMT2|TMEM39A|PARL|MID2|ELAVL1|PIM2|TRIM13|PEX5|TRIM8|PHB2|POLDIP2|MEFV|PRKD1|HDAC10|LIX1L|BC004004|PTPN22|SLC25A46|SESN2|HMGA1|LYPLA1|ITGB4|USP30|VPS13A|MYO5A|VPS13C|VPS13D|DEPTOR|TCIRG1|SESN3|WDR81|TLR9|ULK1|TMBIM6|ULK2|SCOC|CDK5RAP3|UBQLN1|VMP1|WNK1|PLAA|UBQLN4|LRPPRC|NPRL3|AGER|PDCD6IP|SNAP29|TOLLIP|SIRT1|SIRT2|SNX14|SREBF1|VTI1B|FYCO1|PHF23|TRIB3|TBC1D25|UBR4|TECPR1|TOM1|CD84|CDK16|DEPDC5|IRGQ|NPRL2|PLEKHF1|TRIM23|DRAM1|PMP22|CLN3|CHMP7|EPHB2|RRAGB|SH3BP4|HTT|PLK3|RRAGD|SRPX|CDC37|WDR47|FOXO3|SPG11|DAP|EI24|VTI1A|TRIM30A|VPS16|USP10|EIF4G1|EIF4G2|CLTC|SNF8|EIF2AK1|HMOX1|KLHL22|LARP1|UBQLN2|LAMP3,https://www.gsea-msigdb.org/gsea/msigdb/mouse/geneset/GOBP_PROCESS_UTILIZING_AUTOPHAGIC_MECHANISM,478,ENR,GOBP_PROCESS_UTILIZING_AUTOPHAGIC_MECHANISM,2.4857,0,GOBP_PROCESS_UTILIZING_AUTOPHAGIC_MECHANISM,FALSE,GOBP_PROCESS_UTILIZING_AUTOPHAGIC_MECHANISM
10,1.84771165561694,1.84771165561694,1.84771165561694,0.98580000000000001,0.1018,4.3200000000000002E-2,1,EDEM2|RAB11A|RBM10|NOLC1|TM9SF4|RIOK2|APOD|ATP9A|GLI3|PSEN1|CWH43|CDC42|SIRT6|AKAP1|RNF139|TMEM30A|MAP2K2|HDAC3|SRC|DAB2|PRKCD|PRKCQ|TMEM53|LRRK2|PKIA|MAP2K1|MAPK1|EHD1|SIRT7|TPR|TMEM97|UHMK1|DHX9|DBN1|STK11|FRAT1|FRAT2|PEG12|TRIM28|PTPN14|UFM1|UBR5|VPS11|XPO4|INPP4B|EIF3E|MSN|PRR5L|ARFIP1|CHMP3|SPAG5|ADIPOQ|ARHGAP44|INPP5F|JUP|DERL2|DERL3|ERLEC1|OS9|ANP32B|NUP153|SVIP|ACTN2|NUS1|UBAC2|NCBP2|UBE2G2|XPO1|YOD1|AKAP5|MTMR4|NUP62|RAB23|RAN|RBM4|ARF1|MYLK2|ASPH|PGAP1|ATP2A1|ZC3H12A|BMP4|TGFB1|XBP1|PLA2G4E|SEC16B|TMEM30B|PIK3R2|COMMD1|SAR1A|PIK3R1|CNIH2|SORL1|TTC21B|ATP13A2|ANXA2|OAZ2|TNNC1|CDK1|EHD2|PTPN11|FLNA|NDRG4|DNAJC13|CAPN10|CDK5|BRCA1|ZFAND1|CD36|BAG3|BCAP31|SH3GLB1|CD81|HAP1|HRC|FEZ1|PTPN5|CABP1|SMO|STX18|CAMK1|NF1|BARD1|AKAP8L|ALKBH5|MAPT|LAMP1|SP100|TXN1|DYNC1H1|EZR|NEDD4|USE1|OAZ1|PPP1R12A|ABCA12|PDCD5|MDFIC|PCSK9|YIPF5|CPSF6|PLN|WIPF1|RAB21|PARK7|PRKD1|REEP2|RHOT1|HCLS1|PTPN22|EMD|RAPGEF3|SFN|SCP2|HNF4A|INSIG1|RANGAP1|GRIPAP1|MAPK14|PCM1|MTMR2|B3GAT3|CHCHD4|RUFY3|SUMO1|VPS35|IFNG|TRIM46|TBC1D20|NEFH|PDCD10|CALY|KIF20B|CDKN2A|SHH|CRYAB|CTDSPL2|RAB11FIP3|IWS1|PTPN1|KHDRBS1|PLA2G3|VAMP2|WNK1|YWHAE|ARV1|PPM1A|PRKACA|USP7|CDH1|GCC2|SLC35D3|SH3TC2|PTGS2|NSUN2|ARHGAP8|PKIG|CAMK4|NFKBIA|NUP54|NF2|ECT2|REEP1|RDX|TNNT2|GSK3B|TNFRSF1A|ZDHHC2|DCTN1|LDLRAP1|YWHAB|MAPK3|MAPK8|LCP1|MDM2|CEP290|RBM22|CHRM1|DMAP1|HSP90AA1|HSP90AB1|RINT1|PPP1CC|MECP2|PLK3|MLC1|ERGIC3|IPO5|KIF3A|REEP6|KIF5B|ANGPT1|GAS1|SETD2|PCNT|ACACB|FERMT1|RAB11B|SCFD1|SNX12|TEK|EI24|NDEL1|UBE2J1|GBP4|SEC24B|NUP214|NUTF2|GAS6|HYAL2|EP300|FAM76B|IL6|ARHGAP1|TARDBP|TRIM58|NUMA1|EFCAB7|THOC2|UACA|THOC5|ZIC1|JAK2|PTPN23|MAVS|SNX3|ABCA2|IER3|PRPF4B|EDEM1,https://www.gsea-msigdb.org/gsea/msigdb/mouse/geneset/GOBP_REGULATION_OF_INTRACELLULAR_TRANSPORT,270,ENR,GOBP_REGULATION_OF_INTRACELLULAR_TRANSPORT,1.9621999999999999,1.4200000000000001E-2,GOBP_REGULATION_OF_INTRACELLULAR_TRANSPORT,FALSE,GOBP_REGULATION_OF_INTRACELLULAR_TRANSPORT
36,2.74472749489669,2.74472749489669,2.74472749489669,1,0.151,5.1999999999999998E-3,0.38800000000000001,OPHN1|DLG5|DOCK8|HES5|NEK3|NDE1|PARVA|RHOG|FGF10|FLOT2|NCKAP1L|CDC42|HDAC3|BRSK2|PRKCZ|KAT5|GBF1|CKAP5|LLGL1|CDX2|STK11|BCCIP|SIPA1L3|KIF2C|INPPL1|MAPRE1|MARK2|RAC2|NDC80|MSN|ARFGEF1|MYO9B|SKA1|SPAG5|SCRIB|PAFAH1B1|DOCK7|FAT1|GPSM2|ARPC5|AMOT|NSFL1C|MYH9|RAC3|ABL1|UBXN2B|CENPA|PARD3B|ANK3|RHOQ|FSCN1|TSC2|KANK1|PARD6B|DOCK2|PARD6G|NCKAP1|CYTH3|CYP26B1|RHOBTB1|RHOBTB2|RICTOR|WNT7B|DLG1|FGF13|KRIT1|PRICKLE2|PRKCI|CCL19|CRB2|CFL1|IFT20|SH3BP1|ALPK2|TCF15|CCR7|AMOTL1|DYNLT1B|LAMA1|AMOTL2|LIMS1|FEZ1|ITGB1|GJA1|RPGRIP1L|GOLPH3|ATN1|LLGL2|PKD1|CRK|ACTR2|ARF6|LMNA|RAB10|FOXJ1|GATA3|KCNJ8|PAK1|RAB11FIP2|CAMSAP3|GPSM1|PLEKHG3|EZR|CRKL|PAX6|IFT80|RAP1B|SPRY1|RHOA|ACTR3|ARHGEF2|CLASP1|CLASP2|OOEP|SLC9A6|TRAF3IP2|ILK|LHX2|RHOU|PLK1|CORO7|PHLDB2|RUFY3|TCIRG1|STK25|KIF20B|SHH|EXOC4|SDCCAG8|CDH5|FBXW11|PDCD6IP|EHBP1L1|DLG2|PKHD1|CYTH1|PARVB|PARVG|RHOJ|SPINT2|CD3G|IGF1R|GSK3B|WDR1|DCTN1|IGF1|VANGL2|APC|PARD3|CRTAM|PDLIM1|UST|FSCN2|CEP290|CCDC66|CTNNA1|BRSK1|WEE1|HTT|FBF1|FRMD4B|SNAP91|HES1|HEY1|RHOV|AQP1|KIF3A|ZW10|DLG3|NPHP3|FERMT1|PTK7|MYO18A|FRMD4A|WNT11|ARF4|DST|TEK|CRB3|MYO9A|MACF1|WNT5A|NDEL1|TTC8|WDPCP|ABL2|ACTB|PARD6A|GSN|PRICKLE1|CDK5RAP2|KIF26B|NUMA1|MAD2L1|MCPH1|SPRY2|JAM3|RAC1|FAM89B|EPHB1,https://www.gsea-msigdb.org/gsea/msigdb/mouse/geneset/GOBP_ESTABLISHMENT_OR_MAINTENANCE_OF_CELL_POLARITY,200,ENR,GOBP_ESTABLISHMENT_OR_MAINTENANCE_OF_CELL_POLARITY,2.4620000000000002,0,GOBP_ESTABLISHMENT_OR_MAINTENANCE_OF_CELL_POLARITY,FALSE,GOBP_ESTABLISHMENT_OR_MAINTENANCE_OF_CELL_POLARITY
72,2.74472749489669,2.74472749489669,2.74472749489669,1,0.39710000000000001,5.0000000000000001E-4,1.4E-2,HES5|TGFB2|SOX2|IL6ST|PDCD10|ITGB1BP1|DLL4|GATA5|NOD2|FGF10|NOTCH1|POGLUT1|WNT1|AAK1|RECK|ZMIZ1|ACVRL1|ENHO|TRP63|DLL1|SLC35C2|TSPAN14|KIT|SRC|STAT3|BMP2K|EPN2|HES1|JAG1|LFNG|MFNG|YAP1|TSPAN5|RFNG|ROBO1|MESP1|ROBO2|JAG2,https://www.gsea-msigdb.org/gsea/msigdb/mouse/geneset/GOBP_POSITIVE_REGULATION_OF_NOTCH_SIGNALING_PATHWAY,38,ENR,GOBP_POSITIVE_REGULATION_OF_NOTCH_SIGNALING_PATHWAY,2.9216000000000002,0,GOBP_POSITIVE_REGULATION_OF_NOTCH_SIGNALING_PATHWAY,FALSE,GOBP_POSITIVE_REGULATION_OF_NOTCH_SIGNALING_PATHWAY
,1.86012091359876,1.86012091359876,1.86012091359876,0.98619999999999997,0.2424,5.04E-2,1,FUT8|TGDS|UGGT1|GNPDA2|CSGALNACT1|ENTPD5|SLC2A1|SLC35A1|SLC35C1|CMAS|DPAGT1|UAP1|UAP1L1|UGDH|PARG|UXS1|GUK1|GFPT2|B4GALNT2|DPM1|GALT|NANP|NANS|AMDHD2|GNPDA1|PMM1|HK1|PMM2|MGAT1|FPGT|GMDS|GMPPA|GMPPB|GNE|GFPT1|GNPNAT1|EXTL2|PGM3|B3GALNT2|UGP2|CMAH|MPI,https://www.gsea-msigdb.org/gsea/msigdb/mouse/geneset/GOBP_NUCLEOTIDE_SUGAR_METABOLIC_PROCESS,42,ENR,GOBP_NUCLEOTIDE_SUGAR_METABOLIC_PROCESS,1.9173,1.38E-2,GOBP_NUCLEOTIDE_SUGAR_METABOLIC_PROCESS,FALSE,GOBP_NUCLEOTIDE_SUGAR_METABOLIC_PROCESS
19,2.74472749489669,2.74472749489669,2.74472749489669,1,0.15260000000000001,1.4500000000000001E-2,0.89600000000000002,DLG5|LRG1|MAD2L2|FOXA1|SLC39A6|NOLC1|BAMBI|CUL7|MARK1|NOTCH1|PDCD4|SPRY1|EFNA1|TGFBR3|PPP2CA|WWTR1|PPP3R1|RBPJ|PTEN|SDHAF2|GLIPR2|BMP2|DDX5|HMGA2|SMAD3|DAB2|TGFBR1|CLASP1|CLASP2|POFUT2|WNT4|GREM1|MDK|PHLDB1|PHLDB2|DAG1|TWIST1|TGFB2|TRIM28|DSG2|OLFM1|SP6|DACT3|EZH2|HNRNPAB|PDPN|FAM83D|EPHA3|SMAD7|HDAC2|HEY2|SFRP1|ADAM15|DDX17|TRIM62|AGER|SLC39A10|APLF|TMEM100|SPRED3|RTN4|AKNA|FGFR1|NKX2-1|SMAD4|NOTCH4|SOX9|TGFBR2|VEGFA|MYOCD|NFATC1|FOXA2|GSK3B|TSC2|ZFP703|BMP4|CHRD|VANGL2|SPRED2|TGFB1|PTK2|MTOR|ROCK1|ROCK2|LOXL2|ADIPOR1|FUZ|ACVRL1|AGT|VASN|SNAI1|SNAI2|ZFP750|NCAM1|EMP2|EOMES|ACVR1|CTNNB1|EPHA4|KLHL12|FGFR2|EDNRA|TBX20|TBX3|FBXO11|PDCD6|HEY1|TIAM1|HEYL|PEF1|CRB2|FLNA|ISL1|SMAD2|TGFB1I1|AXIN2|HPN|TRIP10|TCOF1|NOG|TCF7L2|GSC|PAWR|FERMT2|SPSB3|BMPR1A|COL1A1|POLR1B|WNT11|KDM1A|IL17RD|TGFB3|WNT5A|ENG|MSX1|MSX2|GJA1|SPRED1|ADAM8|HAS2|LRP6|FOXC1|IL6|GCNT2|SDCBP|OVOL2|SFRP2|DAB2IP|JAG1|SPRY2|GATA3|HIF1A|ELL3|WNT16|KBTBD8|BCL9L|BMP7|IL1B|LEF1|WNT2|EDN1|LOXL3,https://www.gsea-msigdb.org/gsea/msigdb/mouse/geneset/GOBP_EPITHELIAL_TO_MESENCHYMAL_TRANSITION,162,ENR,GOBP_EPITHELIAL_TO_MESENCHYMAL_TRANSITION,2.2416999999999998,0,GOBP_EPITHELIAL_TO_MESENCHYMAL_TRANSITION,FALSE,GOBP_EPITHELIAL_TO_MESENCHYMAL_TRANSITION
33,2.74472749489669,2.74472749489669,2.74472749489669,1,0.17749999999999999,6.7999999999999996E-3,0.56000000000000005,EDEM2|EIF2AK3|EDEM3|MANF|FBXO6|TMEM33|PACRG|PARP6|STT3B|PPP1R15A|RPAP2|PARP8|SERP2|DNAJC10|DNAJB9|HSPB1|HSPH1|KLHL15|SERP1|ATF3|JKAMP|ERN1|TMED2|AKT2|ERN2|ATF6B|CREB3L2|UBE2J2|VCP|GORASP2|UBXN4|BAX|AKT3|COMP|TM7SF3|CHAC1|NCK2|EIF2AK4|DDIT3|SYVN1|IFNG|RNF126|UBR5|TMBIM6|CREB3L3|HSF1|CDK5RAP3|PTPN2|HSPA1A|PTPN1|IGTP|UPF2|COPS5|DERL1|AKIRIN2|BFAR|DERL2|DERL3|ERLEC1|OS9|RHBDD1|TMBIM4|TMEM129|NCK1|YOD1|HERPUD1|PARP16|DAXX|THBS4|EIF2A|EIF2S1|BAK1|CLU|CREB3L4|TRAM1|UBR4|HERPUD2|TMTC4|VAPB|HSPA5|XBP1|PMP22|ATF4|ABCA7|TBL2|PDIA6|PIK3R1|CREB3|HSP90AA1|STUB1|UMOD|NFE2L2|ATAD3A|THBS1|AKT1|HSPB8|F12|BOK|CAV1|FAF2|CUL3|BAG3|CCND1|FICD|ATXN3|QRICH1|HSPD1|STC2|BHLHA15|WFS1|DNAJC3|ERP27|DNAJB12|ERP44|DNAJB14|EIF2AK2|HSPA4L|DNAJC18|CASP12|HDAC6|SDF2L1|MFN2|ABCB10|ERMP1|ATF6|AMFR|DAB2IP|ASB11|AGR2|UBE2W|CREB3L1|OPTN|DDRGK1|EDEM1,https://www.gsea-msigdb.org/gsea/msigdb/mouse/geneset/GOBP_RESPONSE_TO_TOPOLOGICALLY_INCORRECT_PROTEIN,134,ENR,GOBP_RESPONSE_TO_TOPOLOGICALLY_INCORRECT_PROTEIN,2.3927999999999998,0,GOBP_RESPONSE_TO_TOPOLOGICALLY_INCORRECT_PROTEIN,FALSE,GOBP_RESPONSE_TO_TOPOLOGICALLY_INCORRECT_PROTEIN
9,2.74472749489669,2.74472749489669,2.74472749489669,1,0.16919999999999999,1.6999999999999999E-3,7.6999999999999999E-2,DLG5|FOXA1|NRP1|LHX1|SEMA5A|SIX2|PHB2|EYA1|FGF10|NOTCH1|PKD2|SOX8|EPHA2|SPRY1|PML|WNT9B|SLC12A2|GLI3|PPP3R1|GLI2|CITED1|SIRT6|BMP2|CSF1|AR|HMGA2|IHH|SRC|HHEX|TBX1|TCF21|TNF|EXT1|HHIP|RDH10|ESRP1|ESRP2|WNT4|ILK|MGP|GREM1|MDK|MMP14|CTNNBIP1|DAG1|NRARP|PGR|FLT1|NFATC3|NFATC4|SHH|HNF1B|GDNF|HOXA5|TIMELESS|MKS1|CTSD|CLIC4|ABL1|HS3ST3A1|ESR1|HS3ST3B1|MET|STK4|AGTR1A|CELSR1|FGF1|PDGFRA|DICER1|NKX2-1|LGR4|SIX4|SLIT2|SMAD4|SRF|NOTCH4|SOX9|TGFBR2|VEGFA|PKHD1|PAX8|NFATC1|NPNT|BCL2|CD44|FOXA2|BMP4|IGF1|VANGL2|SEMA3E|MED1|TGFB1|DDR1|DLL4|PBX1|CAV3|AGT|CTSH|RBM15|ADAMTS16|AHR|GREB1L|PGF|COL4A1|CSMD1|DLG1|ACVR1|CTNNB1|CXCR4|DCHS1|PPP1CA|WT1|EGF|FGFR2|GPC3|EDNRA|TBX2|TBX20|TIE1|TBX3|BTRC|GZF1|CTSL|HOXB7|CTSZ|RASIP1|CCL11|TNC|MAGED1|ANGPT1|NOG|KRAS|KDM5B|CASR|PLXND1|SOX2|LAMA1|TEK|HOXA11|LAMA5|TACSTD2|TMEM59L|WNT5A|MYCN|TMEM67|VDR|ENG|PAX2|MSX2|PITX2|WNT2B|PXN|WNT1|WNT6|GNA13|SALL1|SIX1|CXCL12|ETV4|SMO|LRP6|PTCH1|PKD1|AREG|CITED2|TMTC3|ETV5|KDR|NCOA3|MYC|SFRP2|SPRY2|LRP5|TFAP2C|PAK1|YAP1|FKBPL|BMP7|LEF1|FAT4|WNT2|EDN1|FOXC2|FGF2|FOXD1,https://www.gsea-msigdb.org/gsea/msigdb/mouse/geneset/GOBP_BRANCHING_MORPHOGENESIS_OF_AN_EPITHELIAL_TUBE,185,ENR,GOBP_BRANCHING_MORPHOGENESIS_OF_AN_EPITHELIAL_TUBE,2.6875,0,GOBP_BRANCHING_MORPHOGENESIS_OF_AN_EPITHELIAL_TUBE,FALSE,GOBP_BRANCHING_MORPHOGENESIS_OF_AN_EPITHELIAL_TUBE
52,2.74472749489669,2.74472749489669,2.74472749489669,1,0.49440000000000001,6.0000000000000001E-3,0.44500000000000001,C3|CD47|EPHA4|VANGL2|ITGAM|NGEF|KCNK13|TREM2|ITGB1|CX3CR1|CDK5|PLXNC1|C1QA|C1QB|C1QC|C1QL1|SARM1,https://www.gsea-msigdb.org/gsea/msigdb/mouse/geneset/GOBP_SYNAPSE_PRUNING,17,ENR,GOBP_SYNAPSE_PRUNING,2.4378000000000002,0,GOBP_SYNAPSE_PRUNING,FALSE,GOBP_SYNAPSE_PRUNING
86,2.4089353929735,2.4089353929735,2.4089353929735,0.99609999999999999,0.3145,2.6200000000000001E-2,0.999,GSK3B|ZDHHC17|CYFIP1|PDXP|MYO5B|EGLN1|PTK2|CHMP2B|KALRN|CLN3|CDC42|RHOA|RAPGEF2|MYH10|CAP2|AMOT|BAIAP2|DIP2A|EPHA4|CTTNBP2|ITSN1|STRN4|ABL1|NF1|TIAM1|MARCKS|RHOB|GRIPAP1|CAMKV|KIF5B,https://www.gsea-msigdb.org/gsea/msigdb/mouse/geneset/GOBP_REGULATION_OF_MODIFICATION_OF_SYNAPTIC_STRUCTURE,30,ENR,GOBP_REGULATION_OF_MODIFICATION_OF_SYNAPTIC_STRUCTURE,2.1038999999999999,3.8999999999999998E-3,GOBP_REGULATION_OF_MODIFICATION_OF_SYNAPTIC_STRUCTURE,FALSE,GOBP_REGULATION_OF_MODIFICATION_OF_SYNAPTIC_STRUCTURE
,2.74472749489669,2.74472749489669,2.74472749489669,1,0.18590000000000001,4.2099999999999999E-2,1,FOXA2|TDG|RAB14|MBIP|SCX|TADA2A|NLRP5|OSR1|YEATS2|HESX1|ZZZ3|LHX1|INSR|WNT3A|HSPA5|SOX17|NOTCH1|POGLUT1|WDR5|KAT2A|TGIF2|RBM19|ZBED3|TADA3|DLL1|NR2C2|INO80|PHLDA2|CTNNB1|INO80B|NFE2L2|INO80C|INO80D|RUVBL1|RUVBL2|HNF4A|TGIF1|HES1|NFRKB|CLASP1|CLASP2|CRB2|WNT4|CFL1|MCRS1|RPS6KA6|PHLDB1|DHX36|PHLDB2|YY1|EHMT1|DAG1|DR1|TRIP12|LAMA1|LAMA2|LAMA5|TFPT|MSX1|RACGAP1|TLE6|WDPCP|NIPBL|WNT2B|OSR2|WNT1|ACTL6A|PAFAH1B1|UCHL5|LAMA3|AMOT|ACTR5|ACTR8|SFRP2|LAMA4|JAG1|PLCB1|BAG6|B4GALT5|KAT2B|WNT2,https://www.gsea-msigdb.org/gsea/msigdb/mouse/geneset/GOBP_REGULATION_OF_EMBRYONIC_DEVELOPMENT,81,ENR,GOBP_REGULATION_OF_EMBRYONIC_DEVELOPMENT,1.9774,0,GOBP_REGULATION_OF_EMBRYONIC_DEVELOPMENT,FALSE,GOBP_REGULATION_OF_EMBRYONIC_DEVELOPMENT
6,2.74472749489669,2.74472749489669,2.74472749489669,1,0.2172,8.9999999999999998E-4,0.03,GAB1|LEMD3|APOA1|NRP1|EFNB2|EGR3|EPHB4|P2RX4|MEF2C|PDPK1|NOTCH1|EPHA2|EFNA1|TGFBR3|PRKD1|RHOA|GPX1|PTK2B|VHL|HSPB1|PACSIN2|SCARB1|STARD13|HDAC5|MEOX2|HDAC9|PRKD2|MAP2K5|TNF|SP1|GREM1|AKT3|SOX18|HDAC7|PDCD10|MIA3|CIB1|EHD4|CDH5|CSNK2B|PPARG|ADAM17|PLG|JUP|AMOT|ANGPT2|KLF4|MYH9|PTGS2|ABL1|MAP2K3|MICALL1|NUS1|APOE|FGFR1|SIRT1|ATP2B4|PRCP|MAP3K3|STAT5A|PLK2|SLIT2|SRF|PDGFB|VEGFA|RHOJ|SRPX2|ROBO1|CD40|NR4A1|HMGB1|IGF1|GPLD1|IGF2|TGFB1|DLL4|PRKCA|TMSB4X|PIK3R2|ACVRL1|CLN3|PIK3C2A|CTNND1|EMP2|NFE2L2|CXCR4|ALOX12|CLEC14A|THBS1|AKT1|MECP2|PLCG1|TBXA2R|ANXA1|SH3BP1|ANGPT1|ROBO4|PIK3R3|ITGB1BP1|AMOTL1|COL18A1|FBXW7|GADD45A|CYP1B1|ITGB1|SPRED1|ADAM8|CXCL12|VASH1|KDR|MMRN1|NF1|HMOX1|CARD10|MMRN2|GATA2|HIF1A|FGFBP1|VEGFC|HRG|NOS3|ETS1|FGF18|FOXC2|FGF2,https://www.gsea-msigdb.org/gsea/msigdb/mouse/geneset/GOBP_BLOOD_VESSEL_ENDOTHELIAL_CELL_MIGRATION,125,ENR,GOBP_BLOOD_VESSEL_ENDOTHELIAL_CELL_MIGRATION,2.8207,0,GOBP_BLOOD_VESSEL_ENDOTHELIAL_CELL_MIGRATION,FALSE,GOBP_BLOOD_VESSEL_ENDOTHELIAL_CELL_MIGRATION
19,2.74472749489669,2.74472749489669,2.74472749489669,1,0.32179999999999997,9.7999999999999997E-3,0.73499999999999999,FOXA2|GSK3B|PAWR|TSC2|MAD2L2|SPSB3|TGFB2|FOXA1|DSG2|DACT3|SPRED2|IL17RD|MARK1|SPRY1|EFNA1|TGFBR3|PPP2CA|ADIPOR1|FUZ|SPRED1|VASN|SFRP1|ZFP750|PTEN|SDHAF2|TRIM62|EPHA4|OVOL2|SFRP2|DAB2IP|SPRED3|FBXO11|SPRY2|GATA3|NKX2-1|HPN|VEGFA|NOG,https://www.gsea-msigdb.org/gsea/msigdb/mouse/geneset/GOBP_NEGATIVE_REGULATION_OF_EPITHELIAL_TO_MESENCHYMAL_TRANSITION,38,ENR,GOBP_NEGATIVE_REGULATION_OF_EPITHELIAL_TO_MESENCHYMAL_TRANSITION,2.3229000000000002,0,GOBP_NEGATIVE_REGULATION_OF_EPITHELIAL_TO_MESENCHYMAL_TRANSITION,FALSE,GOBP_NEGATIVE_REGULATION_OF_EPITHELIAL_TO_MESENCHYMAL_TRANSITION
1,2.6989700043360201,2.6989700043360201,2.6989700043360201,0.998,0.11609999999999999,5.1999999999999998E-3,0.38400000000000001,BEX6|NCOR1|RAB11A|NDE1|BECN1|MLH1|PPP2R1A|FANCD2|RIOK2|SEH1L|AURKB|CHMP5|CCNB2|KATNB1|CDC42|PUM1|RRS1|HDAC3|HSPA1B|DUSP1|KAT5|SIRT7|CPEB1|TPR|LCMT1|MAD1L1|SMARCAD1|MKI67|DRG1|ASPM|SRPK1|TLK1|TLK2|BIRC5|BCCIP|BUB3|TEX15|CDCA8|PBRM1|CDT1|PCID2|CENPC1|CCDC61|CENPE|PHF10|UHRF1|CCDC69|DSN1|EML4|INCENP|KIF2C|HSPA1A|MAPRE1|MIS12|CEP97|NDC80|NEK2|NUP37|CHMP1A|NSL1|NUP43|CHMP1B|NUF2|CHMP2A|PMF1|CHMP2B|RACGAP1|CHMP3|RCC2|CHMP4C|SKA1|CHMP6|SPAG5|SPC24|CSNK1D|SPC25|TEX14|ZFP207|ARHGEF10|EML3|GPSM2|OFD1|HAUS1|HAUS2|HAUS3|HAUS4|HAUS5|SMARCA2|HAUS6|HNRNPU|SMARCA4|HAUS7|SMARCB1|HAUS8|SMARCC1|KIF11|SMARCC2|KIF15|SMARCD1|KIF23|SMARCD2|KIF2A|SMARCD3|KIF3B|SMARCE1|CENPH|KIF4|CENPI|KIFC1|CENPK|KIFC5B|CENPN|KPNB1|CENPO|MAPRE3|CENPP|CENPT|MYBL2|CENPW|MZT1|NUP62|RAN|DLGAP5|PPP2R1B|DMC1|PRC1|HJURP|RCC1|ITGB3BP|SAC3D1|KNTC1|SASS6|SMC1A|SPICE1|STAG1|STAG2|TPX2|CENPL|TUBB5|CENPM|OIP5|TUBGCP2|MMS19|TUBGCP3|PPP1R7|TUBGCP4|TUBGCP5|TUBGCP6|RNF4|SENP6|RPS3|CSNK2A2|SETDB2|CDCA5|MAU2|PTTG1|AURKA|KIF14|PLSCR1|PSRC1|CCNB1|CDK1|FLNA|MAPK15|PINX1|BRCA1|DDB1|ESPL1|USP9X|TUBG1|TUBG2|CENPF|CTCF|CUL3|GEM|CCNE1|KIF22|CCNE2|TTL|DCTN2|MLH3|SUN1|SYCE1|SYCE2|SYDE1|CDCA2|NIPBL|NUDC|ARL8B|UVRAG|ACTR2|AKAP8L|BCL7A|BCL7B|BCL7C|CHTF18|BC005624|BCAS2|BAG6|CSNK2A1|DYNC1H1|CHEK2|EHMT2|DPF1|DPF2|DPF3|RB1|RECQL5|ESCO2|POLDIP2|CIAO1|FBXO5|FMN2|4930447C04RIK|CEP63|VPS4B|RHOA|ACTR3|PTEN|ARL8A|RANGRF|INO80|GEN1|KLHDC8B|MRE11A|BRCA2|MEI4|MAPRE2|MND1|AAAS|MSH5|SPDYA|CLASP1|ATF6B|CLASP2|FBXO30|NSMCE2|NUSAP1|STIL|TOP3A|PHF13|PLK1|PSMC3IP|REC8|PRDM9|RAD18|TOP2B|KIF18B|ATM|SMC6|GTF2B|SYCP3|TOP2A|TOP3B|TRIP13|IK|SLC25A5|FAM83D|SMC3|XRCC3|PIBF1|DCAF13|PUM2|CHMP4B|PPP2R2A|DDX3X|ZCWPW1|BRD4|DICER1|SIRT1|SIRT2|UBE2I|ECT2|SMARCA5|ERCC2|APC|VPS4A|NCAPH2|USP44|AKAP8|PPP2R2D|CCDC66|BUB1B|CENPQ|CHMP7|SMC5|SPO11|STAG3|PRAP1|TTK|ZW10|ZWILCH|LZTS2|RAD21|TOP1|BRIP1|NDEL1|DIS3L2|ACTB|ANAPC1|ACTL6A|ANAPC11|ACTL6B|ANAPC2|ANAPC4|ANAPC5|ANAPC7|BAZ1B|BUB1|PRICKLE1|ARID1A|CDC16|KIF18A|ARID2|CDC20|CDC23|CDC27|CDC6|CDK5RAP2|CEP192|BRD7|CHFR|GOLGA2|LATS1|CIT|CLTC|DYNC1LI1|NUMA1|HECW2|RGS14|MAD2L1|MAD2L1BP|NCAPD2|NCAPD3|NCAPG|TERF1|NCAPG2|KLHL22|NCAPH|NEK6|PSMG2|SMC2|UBE2B|SMC4|TACC3|UBE2C|UBE2U|LSM14A|ZWINT|KAT2B|PRPF4B|BEX4,https://www.gsea-msigdb.org/gsea/msigdb/mouse/geneset/GOBP_CHROMOSOME_SEGREGATION,352,ENR,GOBP_CHROMOSOME_SEGREGATION,2.4655999999999998,2E-3,GOBP_CHROMOSOME_SEGREGATION,FALSE,GOBP_CHROMOSOME_SEGREGATION
47,2.6989700043360201,2.6989700043360201,2.6989700043360201,0.998,0.44280000000000003,2.4500000000000001E-2,0.997,NFE2L1|CTNNB1|NKX2-2|PAX6|SMARCA4|HES5|NFIX|SOX8|SOX6|TAL1|SOX9|NTF3|NFIA|NFIB|NRG1,https://www.gsea-msigdb.org/gsea/msigdb/mouse/geneset/GOBP_GLIAL_CELL_FATE_COMMITMENT,15,ENR,GOBP_GLIAL_CELL_FATE_COMMITMENT,2.1208999999999998,2E-3,GOBP_GLIAL_CELL_FATE_COMMITMENT,FALSE,GOBP_GLIAL_CELL_FATE_COMMITMENT
63,2.74472749489669,2.74472749489669,2.74472749489669,1,0.39029999999999998,1.2200000000000001E-2,0.83599999999999997,CRHR2|TGFB2|PDCD10|MAPK8IP2|STK25|CLEC7A|KLHDC10|SEMA4C|NOD2|IGFBP6|CARD9|EIF2AK2|RIPK2|HMGCR|IL1A|NOD1|ARL6IP5|IL1B|TAOK1|TLR4|TAOK2|MID1|TAOK3,https://www.gsea-msigdb.org/gsea/msigdb/mouse/geneset/GOBP_POSITIVE_REGULATION_OF_STRESS_ACTIVATED_PROTEIN_KINASE_SIGNALING_CASCADE,23,ENR,GOBP_POSITIVE_REGULATION_OF_STRESS_ACTIVATED_PROTEIN_KINASE_SIGNALING_CASCADE,2.2751000000000001,0,GOBP_POSITIVE_REGULATION_OF_STRESS_ACTIVATED_PROTEIN_KINASE_SIGNALING_CASCADE,FALSE,GOBP_POSITIVE_REGULATION_OF_STRESS_ACTIVATED_PROTEIN_KINASE_SIGNALING_CASCADE
45,2.74472749489669,2.74472749489669,2.74472749489669,1,0.1588,8.2000000000000007E-3,0.64900000000000002,TUB|MYO1A|ESPN|NDUFS4|P2RX4|MYO7A|CABP2|MYO7B|EYA4|SLC12A2|GJB6|RAB3A|SLITRK6|GPX1|RPL38|USH2A|TLR4|SLC17A8|POMGNT1|D130043K22RIK|TBX1|TMIE|KCNMA1|TNF|MBP|SPNS2|ALMS1|USH1C|EPYC|NTRK1|CHRNB2|BSND|GJB2|HEXB|JAG2|DDIT3|IFNG|CDC14A|ELMOD3|NPR2|MCOLN3|CDH23|CHD7|BACE1|CASP3|ITGA2|MARVELD2|SCN8A|OTOF|SCN9A|CCDC50|KCNA1|CDH1|CEACAM16|SERPINE2|SOD2|CLRN3|CDKN1B|FAM107B|GRAP|KIT|LHFPL3|COL2A1|OTOS|PKHD1L1|TMC7|USH1G|MKKS|FGFR1|ENPP1|ROR1|PGAP1|HEXA|GJC3|SLC1A3|WDR1|BARHL1|P2RX2|CACNA1D|IGF1|SLC4A7|TMTC4|MYO3B|SLC52A3|CACNB3|ANO1|LRIG2|CLIC5|LRIG1|SNAI2|SOD1|COL11A1|NAV2|THRB|TRIOBP|CXCR4|GRM8|LHFPL5|PCDH15|HOXA1|TBL1X|FBXO11|HOMER2|REST|PDZD7|HTR7|COL6A1|CDKN2D|HPN|PPIP5K2|TSHZ3|FYN|ATP8B1|TMEM120A|LHFPL4|TMEM87A|FZD4|WHRN|COL11A2|PAWR|ANKRD24|SOX2|TPRN|TFAP2A|TMPRSS3|COL1A1|WFS1|CHRNA9|EPS8L2|CRYM|AQP4|IL18|NIPBL|TMEM63B|SIX1|SRRM4|CXCL12|DCDC2A|KCNK2|USP53|LRP2|TBX18|COCH|SCARB2|ATP6V0A4|AXIN1|MYC|MYO6|SPRY2|KCNK4|SERPINB6A|SOBP|SERPINB6B|TJP1|ATP2B2|KCNQ1|SERPINB6C|ATP6V1B1|MPV17|STX4A|ESPNL|OTOA|PSAP|MYH14,https://www.gsea-msigdb.org/gsea/msigdb/mouse/geneset/GOBP_SENSORY_PERCEPTION_OF_MECHANICAL_STIMULUS,164,ENR,GOBP_SENSORY_PERCEPTION_OF_MECHANICAL_STIMULUS,2.3576000000000001,0,GOBP_SENSORY_PERCEPTION_OF_MECHANICAL_STIMULUS,FALSE,GOBP_SENSORY_PERCEPTION_OF_MECHANICAL_STIMULUS
1,2.74472749489669,2.74472749489669,2.74472749489669,1,0.54510000000000003,3.7000000000000002E-3,0.23799999999999999,CHMP7|VPS37B|VPS4A|CHMP1A|CHMP1B|CHMP2A|CHMP2B|TSG101|CHMP3|CHMP4C|CHMP5|CHMP6|VPS4B|PDCD6IP|CHMP4B,https://www.gsea-msigdb.org/gsea/msigdb/mouse/geneset/GOBP_VIRAL_BUDDING_VIA_HOST_ESCRT_COMPLEX,15,ENR,GOBP_VIRAL_BUDDING_VIA_HOST_ESCRT_COMPLEX,2.5427,0,GOBP_VIRAL_BUDDING_VIA_HOST_ESCRT_COMPLEX,FALSE,GOBP_VIRAL_BUDDING_VIA_HOST_ESCRT_COMPLEX
37,2.2218487496163601,2.2218487496163601,2.2218487496163601,0.99399999999999999,0.28839999999999999,3.1699999999999999E-2,1,H2-Q2|H2-Q4|H2-Q6|H2-Q7|H2-T24|H2-T3|TAPBPL|H60C|MFSD6|HFE|MPEG1|MR1|CLEC4A2|TAPBP|LGMN|IDE|TAP1|B2M|CALR|TAP2|PDIA3|IFI30|AZGP1|FCER1G|FCGR1|FCGR3|RAET1E|H2-T23|ULBP1|H2-D1|BAG6|CLEC4A3|H2-K1|CLEC4A4|H2-M2|H2-M3|H2-Q1|H2-Q10,https://www.gsea-msigdb.org/gsea/msigdb/mouse/geneset/GOBP_ANTIGEN_PROCESSING_AND_PRESENTATION_OF_PEPTIDE_ANTIGEN_VIA_MHC_CLASS_I,38,ENR,GOBP_ANTIGEN_PROCESSING_AND_PRESENTATION_OF_PEPTIDE_ANTIGEN_VIA_MHC_CLASS_I,2.0573999999999999,6.0000000000000001E-3,GOBP_ANTIGEN_PROCESSING_AND_PRESENTATION_OF_PEPTIDE_ANTIGEN_VIA_MHC_CLASS_I,FALSE,GOBP_ANTIGEN_PROCESSING_AND_PRESENTATION_OF_PEPTIDE_ANTIGEN_VIA_MHC_CLASS_I
58,2.74472749489669,2.74472749489669,2.74472749489669,1,0.33939999999999998,4.0000000000000001E-3,0.26,BBS1|TUB|LCA5|PROM1|CLN8|BBS10|NPHP4|BBS12|ARAP1|SLC2A1|CDH23|MAK|CROCC|CIB2|DRAM2|BSG|NXNL2|ABCA4|CEP290|CNGB1|SPATA7|BBS4|USH2A|USP45|CDHR1|PDE6A|PCDH15|BBS2|USH1G|MKKS|IQCB1|ERCC6|USH1C|CRB2|ESRRB|CLCN3|ATP1B2|NPHP3|TULP1,https://www.gsea-msigdb.org/gsea/msigdb/mouse/geneset/GOBP_PHOTORECEPTOR_CELL_MAINTENANCE,39,ENR,GOBP_PHOTORECEPTOR_CELL_MAINTENANCE,2.5293999999999999,0,GOBP_PHOTORECEPTOR_CELL_MAINTENANCE,FALSE,GOBP_PHOTORECEPTOR_CELL_MAINTENANCE
16,2.74472749489669,2.74472749489669,2.74472749489669,1,0.1963,3.8E-3,0.24099999999999999,FANCB|DPF1|DPF2|MAD2L2|DPF3|EP400|EPC2|ERCC8|EYA1|FGF10|EYA3|NBN|EYA4|PIAS4|FAM168A|PNP|FMN2|FOXM1|CBX8|HDAC10|HELQ|PARP3|ING3|SIRT6|INO80|APBB1|INO80B|SETMAR|INO80C|INO80D|RUVBL1|RUVBL2|SPIRE1|KDM4D|MBTD1|MEAF6|MGMT|MORF4L1|MRE11A|NFRKB|KAT5|OOEP|RIF1|RNF168|RNF8|SMCHD1|DHX9|RAD51AP1|TOP2B|PBRM1|RNF126|TRIM28|ATM|PELI1|PHF10|SKP2|SPIRE2|STK19|TFPT|TIMELESS|TMEM161A|UBE2V2|UCHL5|UIMC1|WDR48|AGER|PARG|PARP1|SMARCA2|YEATS4|SMARCA4|SMARCB1|SMARCC1|ZCWPW1|SMARCC2|SMARCD1|SMARCD2|SMARCD3|SMARCE1|SIRT1|EGFR|WAS|HMGB1|FUS|VPS72|RPS3|PRMT1|CEBPG|DMAP1|TRRAP|PCNA|DDX11|CREBBP|ERCC6|EPC1|MCRS1|UBE2N|BRCA1|PNKP|YY1|MORF4L2|WRAP53|EYA2|FH1|ACTB|ACTL6A|ACTL6B|NPAS2|ARID1A|ARID2|BLM|BRD7|ACTR2|ACTR5|ACTR8|BCL7A|BCL7B|BCL7C|BRCC3|BRD8|PRKDC|CCDC117|XRCC1,https://www.gsea-msigdb.org/gsea/msigdb/mouse/geneset/GOBP_POSITIVE_REGULATION_OF_DNA_REPAIR,123,ENR,GOBP_POSITIVE_REGULATION_OF_DNA_REPAIR,2.5413000000000001,0,GOBP_POSITIVE_REGULATION_OF_DNA_REPAIR,FALSE,GOBP_POSITIVE_REGULATION_OF_DNA_REPAIR
38,1.7077439286435201,1.7077439286435201,1.7077439286435201,0.98040000000000005,0.18940000000000001,8.7999999999999995E-2,1,MBTPS1|MBTPS2|VPS4A|AURKB|NBN|PDIK1L|FOXN3|PKMYT1|STK35|ZFP830|CLSPN|TAOK1|AVEN|ATF5|BRSK1|MIIP|RINT1|WEE1|TRIM39|HUS1|HUS1B|INTS3|CCNG1|FOXO4|MRE11A|ZFYVE19|TOPBP1|FHL1|GPR132|CDK1|NAE1|PLK1|RAD21|PINX1|RBBP8|BRCA1|MBD4|RAD17|RAD50|ATM|ATR|DONSON|ETAA1|CDC14B|CDK5RAP3|ORC1|FZR1|CHMP4C|D7ERTD443E|UIMC1|TAOK3|CDC6|BLM|SYF2|CHFR|BARD1|BRCC3|CDKN1A|CHEK1|USP47|CREB3L1|IER3|TAOK2|DTL,https://www.gsea-msigdb.org/gsea/msigdb/mouse/geneset/GOBP_NEGATIVE_REGULATION_OF_CELL_CYCLE_G2_M_PHASE_TRANSITION,64,ENR,GOBP_NEGATIVE_REGULATION_OF_CELL_CYCLE_G2_M_PHASE_TRANSITION,1.7708999999999999,1.9599999999999999E-2,GOBP_NEGATIVE_REGULATION_OF_CELL_CYCLE_G2_M_PHASE_TRANSITION,FALSE,GOBP_NEGATIVE_REGULATION_OF_CELL_CYCLE_G2_M_PHASE_TRANSITION
1,2.74472749489669,2.74472749489669,2.74472749489669,1,0.26950000000000002,6.7000000000000002E-3,0.53200000000000003,FYCO1|PHF23|TMEM39A|TBC1D25|ATG14|MCOLN1|TECPR1|BECN1|CLEC16A|TOM1|GABARAP|GABARAPL2|SNAPIN|STX17|CALM1|CALM2|VPS4A|CALM3|VPS33A|CHMP5|MAP1LC3A|CLN3|MAP1LC3B|LIX1L|VPS4B|LIX1|PIK3C3|SMCR8|PIK3R4|CHMP7|ATP2A2|VCP|MFSD8|CHMP1A|UBQLN1|CHMP1B|CHMP2A|CHMP2B|VMP1|CHMP3|VPS16|CHMP4C|CHMP6|UBQLN4|IGTP|IRGM2|UVRAG|CHMP4B|IRGM1|LAMP2|SNAP29|ADRB2|ATG12|GABARAPL1|SNX14|ATG5|VAMP8,https://www.gsea-msigdb.org/gsea/msigdb/mouse/geneset/GOBP_AUTOPHAGOSOME_MATURATION,57,ENR,GOBP_AUTOPHAGOSOME_MATURATION,2.403,0,GOBP_AUTOPHAGOSOME_MATURATION,FALSE,GOBP_AUTOPHAGOSOME_MATURATION
1,2.6989700043360201,2.6989700043360201,2.6989700043360201,0.998,0.30430000000000001,2.6200000000000001E-2,0.999,LYST|LAPTM4B|VPS4A|VPS28|VPS36|SORT1|CHMP1A|CHMP1B|CHMP2A|CHMP2B|RUFY4|CHMP3|CHMP4C|CHMP5|CHMP6|VPS4B|EXPH5|CHMP4B|VPS25|CHMP7|RAB27B|SNF8|STAM|SYTL4|PTPN23|RAB27A|LEPROT|LEPROTL1|TMEM50A|TMEM50B|VCP|VTA1|UBXN6|RILP,https://www.gsea-msigdb.org/gsea/msigdb/mouse/geneset/GOBP_MULTIVESICULAR_BODY_SORTING_PATHWAY,34,ENR,GOBP_MULTIVESICULAR_BODY_SORTING_PATHWAY,2.1027999999999998,2E-3,GOBP_MULTIVESICULAR_BODY_SORTING_PATHWAY,FALSE,GOBP_MULTIVESICULAR_BODY_SORTING_PATHWAY
53,1.84163750790475,1.84163750790475,1.84163750790475,0.98560000000000003,0.25879999999999997,5.0299999999999997E-2,1,FERMT1|MMP11|LAMB2|TFAP2A|LAMA1|LAMA2|LAMB1|LAMC1|MEGF9|ITGB1|NID1|PMP22|RAMP2|COL4A1|CTSS|PRICKLE1|FKRP|LAMB3|POMGNT1|HMCN1|POMT2|EXT1|FLRT2|GAS2|CLASP1|CLASP2|PXDN|FKTN|COL6A1|COL3A1|HPN|CAV2|CMA1|PHLDB1|NTN4|PHLDB2|SPINT2|CAV1|PLOD3|DAG1,https://www.gsea-msigdb.org/gsea/msigdb/mouse/geneset/GOBP_BASEMENT_MEMBRANE_ORGANIZATION,40,ENR,GOBP_BASEMENT_MEMBRANE_ORGANIZATION,1.9193,1.44E-2,GOBP_BASEMENT_MEMBRANE_ORGANIZATION,FALSE,GOBP_BASEMENT_MEMBRANE_ORGANIZATION
33,1.65955588515988,1.65955588515988,1.65955588515988,0.97809999999999997,0.15210000000000001,8.5000000000000006E-2,1,EDEM2|EIF2AK3|EDEM3|FBXO17|UBXN2A|FBXO2|FBXO27|FBXO44|HSP90B1|FBXO6|ERLIN1|TRIM13|ERLIN2|MAN1A|MAN1B1|NCCRP1|STT3B|FAF1|RNF185|DNAJB2|DNAJC10|DNAJB9|RNF139|BRSK2|FOXRED2|JKAMP|RNF103|RNF121|MAN1C1|RNF145|ERN1|TMUB1|TMUB2|UBE2J2|UBE4A|UBXN10|VCP|UBXN4|UBXN6|UBXN8|SYVN1|UBQLN1|CCDC47|CALR|AUP1|DERL1|DERL2|DERL3|ERLEC1|GET4|H13|NPLOC4|OS9|RHBDD1|RNFT1|SEC61B|SEL1L|SVIP|TMEM129|UBAC2|UBE2G2|YOD1|HERPUD1|PSMC6|SGTA|EIF2A|RNF5|HSPA5|XBP1|AQP11|USP14|STUB1|UMOD|TRIM25|RCN3|CLGN|CAV1|FAF2|UBE4B|ANKZF1|BCAP31|RNFT2|UBXN1|ATXN3|MAN1A2|CALR3|CALR4|TMX1|CANX|USP13|USP19|TMEM67|UBE2J1|USP25|WFS1|TOR1A|DNAJB12|SDF2L1|AMFR|UBQLN2|BAG6|EDEM1,https://www.gsea-msigdb.org/gsea/msigdb/mouse/geneset/GOBP_ERAD_PATHWAY,102,ENR,GOBP_ERAD_PATHWAY,1.7810999999999999,2.1899999999999999E-2,GOBP_ERAD_PATHWAY,FALSE,GOBP_ERAD_PATHWAY
77,2.6989700043360201,2.6989700043360201,2.6989700043360201,0.998,0.1588,1.6199999999999999E-2,0.93700000000000006,PRDM8|LCMT2|TRMT12|N6AMT1|PRDM15|RAB3D|TYW3|PRMT6|COQ5|TPMT|RAB3B|DNMT3B|DNMT3L|EZH1|MEPCE|RRP8|SETMAR|PRDM1|MGMT|METTL13|PRDM6|RAB6A|ASH1L|LCMT1|SNRPB|SETDB1|TRDMT1|BTG1|WDR6|SNRPD3|PRDM11|PRDM9|DALRD3|PRMT2|SLC25A26|NNMT|SUV39H1|EZH2|COMTD1|DPH5|ILF3|METTL9|TRMT112|PRDM10|TRMT2B|SMYD4|TRMT11|PRDM4|LARP7|PRDM16|METTL8|ETF1|FTSJ1|NSD1|METTL14|HNMT|NSUN2|METTL3|SETD6|DIMT1|ZCCHC4|COMT|PCIF1|DNMT3A|SETD1A|EMG1|GNMT|THADA|FAM98B|METTL21A|METTL22|FBL|FDXACB1|FTSJ3|PRMT3|WDR5|TYMS|PRMT1|BHMT|SUV39H2|BHMT2|SETD3|RBM15|RBM15B|SMYD5|HEMK1|GAMT|CARM1|SETDB2|ICMT|AKT1|MTAP|MTR|NSUN3|NSUN4|RNMT|SETD7|BCDIN3D|SMYD2|BTG2|PCMT1|METTL15|PEMT|METTL16|EHMT1|METTL5|SETD2|INMT|MRM1|METTL4|MTO1|DNMT1|SMYD1|MECOM|TFB1M|TFB2M|COQ3|TRMT5|NOP2|HSD17B10|SMYD3|TGS1|NSUN5|PRDM5|GSPT1|FAM98A|ALKBH8|GTPBP3|METTL2|METTL6|NSUN6|THUMPD2|THUMPD3|TRMT1|WDR4|PRMT5|TRMT2A|PRMT7|TRMT6|TRMT61A|SETD4|SETD5|METTL1|AS3MT|EHMT2,https://www.gsea-msigdb.org/gsea/msigdb/mouse/geneset/GOBP_METHYLATION,145,ENR,GOBP_METHYLATION,2.2183000000000002,2E-3,GOBP_METHYLATION,FALSE,GOBP_METHYLATION
1,2.74472749489669,2.74472749489669,2.74472749489669,1,0.55559999999999998,1.4E-3,5.3999999999999999E-2,ATP10B|CHMP7|HSPA8|LAPTM4B|CHMP1A|CHMP1B|CHMP2A|CHMP2B|LAPTM5|RUFY4|CHMP3|CHMP4C|CHMP5|CHMP6|ARF1|CHMP4B,https://www.gsea-msigdb.org/gsea/msigdb/mouse/geneset/GOBP_LYSOSOMAL_MEMBRANE_ORGANIZATION,16,ENR,GOBP_LYSOSOMAL_MEMBRANE_ORGANIZATION,2.7471999999999999,0,GOBP_LYSOSOMAL_MEMBRANE_ORGANIZATION,FALSE,GOBP_LYSOSOMAL_MEMBRANE_ORGANIZATION
,2.3979400086720402,2.3979400086720402,2.3979400086720402,0.996,0.3906,4.1500000000000002E-2,1,TNFAIP3|IRF5|RELA|TRIM41|JAG1|NOD2|VIM|NOTCH1|NFKBIA|CARD9|CHMP5|RIPK2|MAPK14|NLRP1A|NAGK|NOD1|PTPN22|ARHGEF2,https://www.gsea-msigdb.org/gsea/msigdb/mouse/geneset/GOBP_RESPONSE_TO_MURAMYL_DIPEPTIDE,18,ENR,GOBP_RESPONSE_TO_MURAMYL_DIPEPTIDE,1.9863,4.0000000000000001E-3,GOBP_RESPONSE_TO_MURAMYL_DIPEPTIDE,FALSE,GOBP_RESPONSE_TO_MURAMYL_DIPEPTIDE
70,2.74472749489669,2.74472749489669,2.74472749489669,1,0.25530000000000003,6.7999999999999996E-3,0.55200000000000005,SLC1A3|ABR|MYO7A|HERC1|NBN|RBFOX1|SHANK3|CLN3|CWH43|CLIC5|ALDH1A3|GPR88|NRXN1|PCDH15|KCNMA1|NLGN2|REST|TIFAB|TPP1|USH1C|JPH4|NKX6-2|SHANK1|ZFP212|ATP1A3|VPS13A|CNTNAP1|MYO5A|CACNA1A|HEXB|SOX2|IGDCC3|GRIN2C|CLN8|NEFL|BCR|CAMTA1|NR4A3|EI24|APP|RBFOX2|CDH23|AP1S2|APLP2|IGLON5|ABL2|JPH3|PAFAH1B1|CAMK2B|POU4F1|ADCY5|MYH10|FOXS1|GIGYF2|RAC3|ABL1|USH1G|PDE8B|ATP2B2|DLG4|GAA|GM2A|HEXA|PSAP|TNR,https://www.gsea-msigdb.org/gsea/msigdb/mouse/geneset/GOBP_NEUROMUSCULAR_PROCESS_CONTROLLING_BALANCE,65,ENR,GOBP_NEUROMUSCULAR_PROCESS_CONTROLLING_BALANCE,2.3957999999999999,0,GOBP_NEUROMUSCULAR_PROCESS_CONTROLLING_BALANCE,FALSE,GOBP_NEUROMUSCULAR_PROCESS_CONTROLLING_BALANCE
,2.3872161432802601,2.3872161432802601,2.3872161432802601,0.99590000000000001,0.1222,3.73E-2,1,NDE1|ERBB2|NBN|GLI3|PLXNB2|HDAC3|HMGA2|LRRK2|NCOR2|MUP20|KDM2B|MDK|SMARCA1|ZFP503|EML1|ASPM|DBN1|CEP120|SLC16A2|TARBP2|PSMG1|FOXO1|PRDM4|RACGAP1|PAFAH1B1|DOCK7|KCNA1|IGF2BP1|PTN|SMARCD3|PDE9A|DBX2|DIXDC1|VEGFA|NTRK3|RORA|RRM1|NAP1L1|SLC6A4|TOX|RYK|NFIX|TGFB1|WDR62|WNT3A|ACSL6|FZD6|ZFP335|SHANK3|BEX1|WNT7B|NFIB|RSU1|GPR37L1|DMRTA2|SOX5|BDNF|KIF14|CDH2|FGF13|CDON|FLNA|APPL2|FRS2|INSM1|IFT20|IFT88|GJC2|CNTNAP2|RARB|KDM1A|FABP7|LIMS1|LIMS2|ITGB1|FZD9|WNT1|CX3CL1|SALL1|SMO|LRP6|ZZEF1|LRP2|CCR5|NUMB|NUMBL|NF1|RAB10|TEAD3|GATA2|RAPGEF1|DAGLA|DAGLB|IL1B|LYN|WNT2|ANKRD11|BBS1|PAX6|NGF|NDUFS2|KIF1A|FGFR3|SHOC2|NOTCH1|SOX10|GLI1|GLI2|RHOA|RASSF10|ARHGEF2|ATF5|ZEB2|POU3F3|HDAC5|KCTD13|HHEX|HHIP|HOOK3|ID4|KCTD11|ORC3|ILK|LHX2|TRF|MIOS|PCM1|SHH|TACC1|TACC2|NRG1|GNG5|DISC1|AKNA|FGFR1|PTPRZ1|SIRT2|PROX1|GH|NF2|CD24A|SETD1A|CEND1|SPINT2|RERE|ZFP423|IGF1|SBNO1|ID2|DLL4|SHCBP1|MAPK8|CX3CR1|RPGRIP1|DCT|CTNNA1|ARX|CTNNB1|CXCR4|EGF|TRNP1|FGFR2|GNAI2|MELK|KIF3A|C5AR1|BTG2|NFIA|NOG|TRP53|WDR47|PCNT|FOXO3|SOX2|TRIM3|EMX1|WNT5A|EMX2|SPINT1|NES|NGFR|FZD3|GRN|GAK|KIFAP3|LNX2|HIF1A|ELL3|TACC3|VEGFC|LEF1|EPHB1|OPTN|FGF2|PTBP2,https://www.gsea-msigdb.org/gsea/msigdb/mouse/geneset/GOBP_NEURAL_PRECURSOR_CELL_PROLIFERATION,195,ENR,GOBP_NEURAL_PRECURSOR_CELL_PROLIFERATION,2.012,4.1000000000000003E-3,GOBP_NEURAL_PRECURSOR_CELL_PROLIFERATION,FALSE,GOBP_NEURAL_PRECURSOR_CELL_PROLIFERATION
17,2.1079053973095201,2.1079053973095201,2.1079053973095201,0.99219999999999997,0.1537,4.6199999999999998E-2,1,RAB11A|LGALS3|PPP1R9B|RHOG|PDPK1|MYO5B|EPHA2|PRNP|ACTR3|RANGRF|SFN|SIRT6|AR|DAB2|TNF|CAMK2G|NKD2|TMED2|AP2M1|GRIPAP1|LYPLA1|TMEM59|STAC|STAC2|MMP14|STAC3|MYO5A|ATP2C1|EPHA3|CIB1|CSRP3|WNK1|WNK4|STX7|ARHGAP44|CAMK2B|STX8|RAMP3|CDH1|PPP2R5A|TMBIM1|PTPN9|ABI3|AKAP5|PID1|ATP2B4|MRAP|CNPY4|PKP1|PICALM|RHOQ|EGFR|ZDHHC2|LRRC15|VTI1B|LDLRAP1|LRP1|INS1|INS2|TGFB1|WNT3A|ACSL3|PPFIA1|VPS4A|CAMK2D|TREM2|STX3|NHLRC1|CSK|PIK3R2|CLN3|ZDHHC7|COMMD1|APPL1|CLIP3|PIK3R1|DLG1|DPP10|EPHB2|DPP6|PKDCC|NRXN1|AKT1|GRIP1|VAMP4|PLS1|PRKCI|CAMK2A|LYPLAL1|KIF5B|SORBS1|CDK5|VIL1|NGDN|LYPD1|ZDHHC5|ITGA3|ITGB1|RER1|ACTB|HECTD1|CLTC|KCNJ11|ARF6|NUMB|PGRMC1|AGR2|ARHGEF16|RAB11FIP2|SQSTM1|BCL2L1|STX4A|CSNK2A1|VAMP8|EZR|CNST,https://www.gsea-msigdb.org/gsea/msigdb/mouse/geneset/GOBP_REGULATION_OF_PROTEIN_LOCALIZATION_TO_PLASMA_MEMBRANE,116,ENR,GOBP_REGULATION_OF_PROTEIN_LOCALIZATION_TO_PLASMA_MEMBRANE,1.9457,7.7999999999999996E-3,GOBP_REGULATION_OF_PROTEIN_LOCALIZATION_TO_PLASMA_MEMBRANE,FALSE,GOBP_REGULATION_OF_PROTEIN_LOCALIZATION_TO_PLASMA_MEMBRANE
1,2.6989700043360201,2.6989700043360201,2.6989700043360201,0.998,0.2331,1.8200000000000001E-2,0.95399999999999996,REEP3|UBXN2A|REEP4|NLGN3|IQGAP1|VPS4A|CAV3|CHMP5|NRXN2|PEX3|VPS4B|BANF1|PEX16|ZFP750|PTEN|CLIP3|EMP2|PACSIN2|MAFB|CHMP7|EPHB2|HDAC3|NLGN1|NRXN1|ANXA2|NLGN2|CDH2|SPAST|RFTN1|ILK|COL6A1|LRP4|TLCD1|TLCD2|CAV2|UGCG|CAV1|JOSD1|SERINC1|S100A10|DMKN|ANKLE2|CHMP1A|PTPRD|BROX|CHMP1B|EXOC4|CHMP2A|CHMP2B|CHMP3|CHMP4C|CHMP6|CHMP4B|FLOT1|NSFL1C|UBXN2B|PEX11A|IL1RAPL1|PEX19|MAGI2|ANK3|CLEC2I|STX4A|STX2|PSAP,https://www.gsea-msigdb.org/gsea/msigdb/mouse/geneset/GOBP_MEMBRANE_BIOGENESIS,65,ENR,GOBP_MEMBRANE_BIOGENESIS,2.1924000000000001,2E-3,GOBP_MEMBRANE_BIOGENESIS,FALSE,GOBP_MEMBRANE_BIOGENESIS
25,2.1938200260161098,2.1938200260161098,2.1938200260161098,0.99360000000000004,9.7199999999999995E-2,3.2500000000000001E-2,1,FBXL15|GDF11|OGT|GDF6|HES5|MAP3K7|BECN1|ITGA8|BAMBI|ARAP1|SKIL|FGF10|ZC3H3|NGLY1|PPARA|WWTR1|CDKN2B|RBPJ|ACVR1C|BMP2|BMP5|BMP6|HDAC1|SRC|DAB2|STAT3|SOST|TMEM53|TGFBR1|EXT1|HTRA1|ZBTB7A|TNRC6C|TOB1|LRRC32|GREM1|DLX5|SIN3A|SNX1|COMP|BMP8A|STK11|KCP|GATA4|GDNF|SMAD7|NBL1|SFRP1|MYD88|PARP1|BMPR2|AMH|ABL1|ROR2|SPRED3|MSTN|SOX11|MTMR4|AKAP7|CIDEA|MEGF8|LY6G6E|TGFBR2|TNFAIP6|MYOCD|NPNT|BMP4|TWSG1|CHRD|DNM2|PIN1|TGFB1|WNT3A|RBBP4|XBP1|CREB1|PTK2|TGIF2|ZEB1|CAV3|PRMT1|EGR1|RYR1|ZMIZ1|ACVRL1|INHBA|SMAD1|SMAD5|SMPD3|COL1A2|APPL1|FBN2|HIPK2|SMURF2|STUB1|SULF1|ACVR1|SORL1|VWC2|ARRB2|GPC3|ATF2|TBX20|RNF111|FKBP1A|CRB2|CCL2|TGFB1I1|APPL2|FURIN|CAV2|CAV1|USP9X|NEO1|FERMT2|BMPR1A|FUT8|UCMA|GOT1|ITGB5|ADAMTSL2|GDF5|DAND5|IL17RD|NEPN|RASL11B|ITGA3|LTBP1|ZFYVE9|ITGB1|MSX1|MSX2|TMEM119|GIPC1|ASPN|PXN|WNT1|RUNX2|ZYX|SKI|DACT1|LTBP3|SMAD6|LRP2|WFIKKN1|JUN|WFIKKN2|KDR|NDP|NLK|ECSIT|MAP3K1|GATA6|UBE2O|SNX6|LTBP4|BCL9L|BMP7|TMPRSS6|LEMD3|ING2|LRG1|ONECUT2|ATOH8|SCX|PDPK1|ACVR1B|NOTCH1|PDCD4|NOTCH2|SPRY1|PML|TGFBR3|GDF15|CITED1|FBN1|ZEB2|DDX5|FKBP8|SMAD3|D130043K22RIK|HPGD|ACVR2A|TGIF1|FSTL4|ID1|STRAP|ILK|ONECUT1|MAPK14|RGMA|SNX25|CHST11|TGFB2|TSC22D1|ARID4A|ARID4B|SH2B1|BRMS1|CHRDL1|BRMS1L|ING1|CTDSPL2|RBBP7|SAP130|SAP30|ACVR2B|SAP30L|ADAM9|SLC2A10|SUDS3|HDAC2|CDH5|PRDM16|CSNK2B|PPM1A|BMPR1B|GLCE|PPARG|ADAM17|ETV2|TMEM100|FSTL1|PTPRK|NKX2-1|SIRT1|FAM83G|HIVEP1|MAGI2|SMAD4|RGMB|ZCCHC12|COL3A1|ZFP128|SMURF1|FOS|ZFP423|ZFP703|SYNJ2BP|CHRDL2|LRP1|CRIM1|GREM2|INHBB|SPRED2|HTRA3|TET1|TRIM33|HSPA5|DLX3|ZFP451|FST|MAP1LC3A|BMPER|ITGB6|MAPK3|ITGB8|MAPK8|VASN|CDKN1C|MEN1|SOSTDC1|CLDN5|DUSP22|HSP90AB1|TRPS1|DACT2|GPR155|LEFTY1|LEMD2|THBS1|PEG10|SFRP4|RBPMS|HES1|RBPMS2|PBLD1|CREBBP|PBLD2|IGSF1|PELO|SMAD2|LPXN|NFIA|NOG|GLG1|TCF7L2|TRP53|TAB1|FERMT1|SLC39A5|CDH3|HFE|DCP1A|SMAD9|EMILIN1|TGFB3|WNT5A|ENG|FZD1|SNW1|FGF9|LOX|SPRED1|CD109|EP300|FLCN|CITED2|FSTL3|GCNT2|LATS1|LATS2|SDCBP|AXIN1|NUMA1|OVOL2|SFRP2|JAK2|SPRY2|GDF3|PPM1L|TFAP2B|FOLR1|SCUBE3|CILP|EID2|AMHR2|FAM89B|INTS9|NUP93|PMEPA1|LEF1|VEPH1|LGALS9|USP15|FOXD1,https://www.gsea-msigdb.org/gsea/msigdb/mouse/geneset/GOBP_CELL_SURFACE_RECEPTOR_PROTEIN_SERINE_THREONINE_KINASE_SIGNALING_PATHWAY,336,ENR,GOBP_CELL_SURFACE_RECEPTOR_PROTEIN_SERINE_THREONINE_KINASE_SIGNALING_PATHWAY,2.0476000000000001,6.4000000000000003E-3,GOBP_CELL_SURFACE_RECEPTOR_PROTEIN_SERINE_THREONINE_KINASE_SIGNALING_PATHWAY,FALSE,GOBP_CELL_SURFACE_RECEPTOR_PROTEIN_SERINE_THREONINE_KINASE_SIGNALING_PATHWAY
3,2.11918640771921,2.11918640771921,2.11918640771921,0.99239999999999995,0.2029,0.05,1,WDR54|DUSP3|NEU3|ERRFI1|PLAUR|TGFB1|LGMN|AGT|PSEN1|RALA|FAM83B|PSEN2|RBPJ|FASL|ADRA2A|DGKD|RAB7|EGF|SNX5|HIP1|RALB|PTPRJ|ITGA1|RNF115|CEACAM1|CEACAM2|RNF126|NPPA|TFAP2A|HAP1|PTPN2|RHBDF1|ESR2|SOCS5|CHMP6|MVP|ADAM17|CBLC|GPRC5A|HIP1R|CADM1|SHKBP1|SOCS4|VPS25|ZFYVE28|ZGPAT|SH3TC2|GRB2|PTPN12|CCDC88A|AFAP1L2|CBL|CBLB|DAB2IP|ESR1|PTPRF|RTN4|SOS1|SPRY2|AGR2|NUP62|PDE6G|TSG101|PDE6H|EGFR|RHBDF2|CDH13|MMP9,https://www.gsea-msigdb.org/gsea/msigdb/mouse/geneset/GOBP_REGULATION_OF_ERBB_SIGNALING_PATHWAY,68,ENR,GOBP_REGULATION_OF_ERBB_SIGNALING_PATHWAY,1.9217,7.6E-3,GOBP_REGULATION_OF_ERBB_SIGNALING_PATHWAY,FALSE,GOBP_REGULATION_OF_ERBB_SIGNALING_PATHWAY
35,2.74472749489669,2.74472749489669,2.74472749489669,1,0.34039999999999998,5.0200000000000002E-2,1,DGKI|CSF1|NGF|IGF1|SRC|MMD2|RASGEF1A|SHOC2|ERBB2|MAP2K1|SOS1|FGF10|NOTCH1|RASGRP1|NOTCH2|STK19|KITL|ITPKB|RASGRF1|NTRK1|PICALM|NRG1,https://www.gsea-msigdb.org/gsea/msigdb/mouse/geneset/GOBP_POSITIVE_REGULATION_OF_RAS_PROTEIN_SIGNAL_TRANSDUCTION,22,ENR,GOBP_POSITIVE_REGULATION_OF_RAS_PROTEIN_SIGNAL_TRANSDUCTION,1.9206000000000001,0,GOBP_POSITIVE_REGULATION_OF_RAS_PROTEIN_SIGNAL_TRANSDUCTION,FALSE,GOBP_POSITIVE_REGULATION_OF_RAS_PROTEIN_SIGNAL_TRANSDUCTION
16,2.74472749489669,2.74472749489669,2.74472749489669,1,0.1196,2.9999999999999997E-4,8.9999999999999993E-3,MAD2L2|UBXN2A|DHFR|RPL26|NBN|PIAS4|FIGNL1|IFI204|IFI205|RNF185|OTUB1|PARP3|APBB1|KREMEN1|LRRK2|MAP2K1|MAPK1|CRY1|TMED2|AKT2|RIF1|RIPK2|GREM1|RNF168|RNF8|DHX9|FOXO1|LPCAT3|INPP5F|OPA1|PARG|PARP1|PPIA|PTN|KLF4|RTN4|MET|NCK1|TRP53BP1|RNASEH2B|NTRK3|WAS|XRCC4|CLU|ZBTB7B|RTN4R|ATXN7|RTN4RL1|ATXN7L3|ENY2|FUS|SEMA4C|RPS3|KAT2A|PRMT1|ROCK2|ABCA7|USP14|SLC38A2|ALOX5|SUPT7L|LRIG2|TADA1|TADA3|PDIA6|TAF10|TAF12|TAOK1|PIK3CB|PRRX1|TAF5L|TAF6L|PIK3R1|ZFP385A|STUB1|TRRAP|ABCD1|USP22|AKT1|MAPK8IP2|BID|TIFAB|PLSCR1|CHCHD2|ARL6IP5|UBE2N|YY1|EFHD1|DYRK3|CD36|FUT8|BCAP31|UBXN1|KDM1A|USP13|USP19|USP25|FH1|BCL2L12|PTTG1IP|IL1A|CXCL12|TTI1|WDR76|KCNK2|TAOK3|MTCH2|MAPKAP1|ZMPSTE24|FCGR2B|NCOA7|OXR1|RNF146|STK24|TBC1D24|BAG6|PLA2R1|IL1B|SLC25A14|CDK9|NOD2|NUPR1|PARK7|STEAP3|TPT1|PINK1|MID1|VHL|REG3B|DNAJA1|SETMAR|SLC25A23|DDX5|NACC2|RNF183|SERINC3|DYRK1A|SPOP|FEM1B|BRCA2|ERN1|AIFM2|BAX|CHORDC1|RFWD3|ATM|HNRNPK|ATR|HSF1|CDKN2A|BRAF|CUL4A|PUM2|COPS5|SNCG|GRINA|CRHBP|HERPUD1|PCBP4|DAXX|SGTA|DNMT3A|EIF2A|IER5|EGFR|PPP4R2|TAF2|HMGB1|TAF5|TAF6|TAF7|XYLT1|SPRED2|HSPA5|VPS72|AQP11|MAPK3|MDM2|DMAP1|NFE2L2|EPHA4|OGG1|PCNA|PDX1|COPS3|EEF1E1|HIC1|SETD7|SMYD2|NEK1|SETD2|TRP53|SF3B3|SF3B5|ATXN3|APP|NDEL1|TMEM67|NOL3|ACTB|ACTL6A|GRN|ACTL6B|ENO1|EP300|ARID1A|NPM1|ARID2|IKBKG|BLM|BRD7|AGR2|ELL3|PRKDC|CREB3L1|ERP29|NOD1|HYOU1|IER3|KAT2B|TXNDC12|USP15|DDRGK1|OGT|NBR1|SKIL|FGF10|CBX8|TLR4|SIRT6|HSPB1|MAP2K2|HMGA2|RUVBL1|RUVBL2|STAT3|KAT5|SIRT7|AKT3|MMP14|SMCHD1|NCK2|TEX15|PBRM1|TRIM28|PELI1|PHF10|SUV39H1|TAF9|PTPN2|CLEC7A|TSC1|IGTP|BFAR|SMARCA2|SMARCA4|SMARCB1|SMARCC1|RNFT1|SMARCC2|SMARCD1|SMARCD2|ABL1|SMARCD3|SVIP|SMARCE1|SOX4|BAD|BAK1|TRPM2|RAD52|XBP1|MAP4K4|ZNHIT1|COMMD1|DDAH1|CEBPG|PBK|ATAD3A|ERCC4|FBXO4|FKBP1B|EPC1|FLNA|BOK|MCRS1|BRCA1|PNKP|POT1A|CAV1|POT1B|CD74|MORF4L2|RTEL1|NEO1|TERF2IP|ETAA1|OMG|WRAP53|CORO2B|EYA2|TRIM32|MUC1|HDAC6|HGF|ACTR2|LETM1|ACTR5|ACTR8|ATF6|AMFR|FBLN5|ATRIP|BARD1|BCL7A|BCL7B|MAPT|BCL7C|BRCC3|BRD8|CCDC117|MICU1|PRDX1|CHEK1|ANKRD1|CSNK2A1|CHEK2|DEK|EIF2AK3|FANCB|DPF1|DPF2|DPF3|MANF|EP400|TMEM33|EPC2|ERCC8|PMAIP1|RECQL5|EYA1|EYA3|EYA4|PML|FADS2|FAM168A|PNP|FMN2|PSMD10|FOXM1|POLQ|HDAC10|HELB|HELQ|PTEN|DNAJB9|ING3|ING4|INO80|INO80B|SCLY|INO80C|GSTP1|INO80D|D130043K22RIK|SPIRE1|KDM4D|KLHL15|MBTD1|MEAF6|INSIG1|MGMT|INSIG2|MORF4L1|MRE11A|NFRKB|NUDT16L1|ATF6B|OOEP|PHF13|PLK1|TRIAP1|PPP1R10|PTPRS|PPP4C|RGMA|MIF|RAD51AP1|NFE2L1|TWIST1|NR1H2|SYVN1|NR1H3|TOP2B|RNF126|TGFB2|RNF169|THY1|RPA2|TMBIM6|PDCD10|SENP3|STK25|SKP2|C1QBP|GCH1|IGFBP6|PTPN1|SPIRE2|STK19|UBQLN1|TFPT|TIMELESS|TMEM161A|UBE2V2|UBQLN4|UCHL5|UIMC1|PNPLA8|USP1|NRG1|USP51|ADAM17|WDR48|AGER|YEATS4|ATAD5|ZCWPW1|ZFP365|PTGS2|BRD4|PTPRF|TRP73|SIRT1|CARD9|HMGCR|TAOK2|TNR|IGF1R|CD44|LRP1|MBTPS2|PAQR3|CLN3|SNAI1|SNAI2|DUSP10|CREB3|CRHR2|ERCC1|FAS|DDX11|CREBBP|ERCC6|AXIN2|SCARF1|CDKN2D|KDM6A|FICD|RNFT2|SLC7A11|TMX1|KLHDC10|WFS1|EIF2AK2|SPRED1|NPAS2|RAD51|EIF2AK1|FECH|UBQLN2|USP47|BCL2L1|XRCC1,https://www.gsea-msigdb.org/gsea/msigdb/mouse/geneset/GOBP_REGULATION_OF_CELLULAR_RESPONSE_TO_STRESS,474,ENR,GOBP_REGULATION_OF_CELLULAR_RESPONSE_TO_STRESS,2.9382999999999999,0,GOBP_REGULATION_OF_CELLULAR_RESPONSE_TO_STRESS,FALSE,GOBP_REGULATION_OF_CELLULAR_RESPONSE_TO_STRESS
20,2.74472749489669,2.74472749489669,2.74472749489669,1,0.22789999999999999,4.5999999999999999E-3,0.318,FBXO45|SLC1A3|GABRB3|NPTX1|LPAR1|NGF|NRP1|PHOX2A|VCAM1|FGFR3|SEMA3F|RPL24|GLI3|LRIG2|SLITRK6|UNC13A|LRIG1|HOXA3|PLXNA1|GABRB2|NAV2|UNC13B|DMD|MAFB|SULF1|CTNNB1|EPHB2|SLC25A46|SULF2|ERBB3|EPHA4|NRTN|EDNRA|HOXA1|TBX1|BDNF|HES1|EXT1|TIFAB|CTSL|SEMA3A|ILK|ISL1|NTRK1|CHRNB2|NTF5|HOXB1|HOXB2|EGR2|ATP8B1|ITGA4|DAG1|HOXD3|TCIRG1|NKX2-2|ECE1|NPR2|TFAP2A|NGFR|HOXB3|PAX2|CHD7|NAGLU|SALL1|SIX1|KCNC1|COL25A1|KCNC2|POU4F1|SCN8A|KCNA1|KCNA2|KCNA3|SERPINE2|CITED2|RET|TMEM126A|ADARB1|NDP|AFG3L2|DICER1|SIX4|B4GALNT1|NRP2|NTF3|PLXNA3|EPHB1|PLXNA4|EDN1,https://www.gsea-msigdb.org/gsea/msigdb/mouse/geneset/GOBP_NERVE_DEVELOPMENT,89,ENR,GOBP_NERVE_DEVELOPMENT,2.4980000000000002,0,GOBP_NERVE_DEVELOPMENT,FALSE,GOBP_NERVE_DEVELOPMENT
13,2.74472749489669,2.74472749489669,2.74472749489669,1,0.2586,1E-4,1E-3,ATOH8|NR2F2|RAP1A|CUL7|RAP1B|SOX17|NOTCH1|FASN|PDE2A|RBPJ|GPX1|DLL1|RAPGEF2|VHL|RAPGEF3|BMP6|EDNRB|TNF|MYADM|TGFBR1|F11R|ID1|CCM2|BTG1|PTPRS|SOX18|TJP3|S1PR3|PBRM1|DSG2|XDH|PDPN|F2RL1|ACVR2B|MSN|ADD1|CDH5|HEY2|PECAM1|APOLD1|MARVELD2|MYD88|NRG1|ARHGEF26|ETV2|CLDN1|CLIC4|BMPR2|TMEM100|ABCB1B|FSTL1|HPSE|PDE4D|MET|RAP2C|S1PR1|DICER1|PROX1|SMAD4|NOTCH4|PLCB1|VEGFA|RDX|TNMD|TNFRSF1A|BMP4|PROK2|VCL|ZEB1|HEG1|ROCK1|ROCK2|ACVRL1|AGT|CLDN3|CLDN5|PROC|DMD|ACVR1|CTNNB1|CXCR4|EDNRA|TIE1|HEY1|FOXP3|S1PR2|TJP2|IFT88|HOXB5|FOXJ2|PLOD3|ZDHHC21|FZD4|MESP1|CEACAM1|KDM6B|ROBO4|BMPR1A|AKAP11|STC1|COL18A1|ICAM1|AMOTL2|IKBKB|FZD1|FZD2|VEZF1|KDR|MAGI1|NDP|JAG1|TJP1|RAPGEF1|PPP1R16B|UBIAD1|IL1B|LIPA|EZR|EDN1,https://www.gsea-msigdb.org/gsea/msigdb/mouse/geneset/GOBP_ENDOTHELIAL_CELL_DIFFERENTIATION,119,ENR,GOBP_ENDOTHELIAL_CELL_DIFFERENTIATION,3.2934999999999999,0,GOBP_ENDOTHELIAL_CELL_DIFFERENTIATION,FALSE,GOBP_ENDOTHELIAL_CELL_DIFFERENTIATION
4,1.7423214251308199,1.7423214251308199,1.7423214251308199,0.9819,9.4100000000000003E-2,6.83E-2,1,OXCT1|PFKFB2|PFKL|AIMP1|SYT7|PSMD9|ORAI1|ADRA2A|HCFC1|RPTOR|ACVR1C|TMF1|SIRT6|BMP6|HNF1A|HMGA2|BRSK2|DAB2|PRKCB|ZBED6|SERP1|UCP2|C1QTNF3|RBP4|CRY1|CD38|G6PC2|ABAT|CHRM3|NADK|BIRC5|HTR2C|NPPA|JAGN1|FOXO1|C2CD2L|F2RL1|GHRL|RUNX1|SIDT2|ADIPOQ|SFRP1|RAPGEF4|KLF7|PIM3|TBC1D1|MYH9|PDE4C|EFNA5|PDE8B|AGTR1A|OSBP|P2RY1|SOX11|ENSA|SOX4|TRPM4|BAD|AACS|NMU|NPY1R|CNR1|CPT1A|SLC25A22|CACNA1C|CACNA1D|ENY2|PDE3B|TRPM2|TRPM5|ACSL4|BGLAP2|CYP27B1|F2RL2|ILDR1|CREB1|PTGER4|TSPO|MAP4K4|CFTR|KALRN|AGT|ALOX5|INHBA|GNA11|PTPRV|TACR1|EDN3|ATG7|NLGN2|TIAM1|ABCC8|ANXA1|IL11|ADORA1|FKBP1B|PTPN11|CAPN10|STXBP4|GAL|OSM|CCL5|PTPMT1|CASR|GLUD1|GPR39|GRP|INHA|C1QTNF1|HADH|GABBR1|GJA1|BAIAP3|GALR1|ARRB1|KISS1|ARHGEF7|KISS1R|MFN2|MLXIPL|LRRC8A|MUP1|MUP2|SPP1|F2|MUP3|KCNJ11|MUP5|CYP2J5|FGA|FGB|NMB|KCNJ6|NR0B2|LRP5|KCNQ1|RFX6|SYBU|SNX4|STX4A|SNAP25|NOS2|VAMP8|IL1B|EDN1|EDN2|CAMK2N1|DYNLL1|ABCA12|MYT1|PCK2|RFX3|MYRIP|SCG5|PPP3CA|PPP3CB|MIDN|PRKCE|PRKD1|PLA2G6|PPARD|PTGER3|IGFBP3|FBN1|CLOCK|SIRT3|SCT|HNF4A|ITSN1|SLC16A1|ACVR2A|TNF|NPFF|TAC1|MYB|SRI|NNAT|STIM1|TM7SF3|TCIRG1|IFNG|NUCB2|FFAR2|FFAR3|TRPC1|APLN|RAB11FIP3|ABCG1|PLA2G3|SLC2A2|CHD7|ANXA5|ANXA7|PPARG|PRKACA|NRG1|HMGN3|CRHBP|NCOA6|FGFR1|SIRT1|CELA2A|PRKAR1A|SIRT4|RASL10B|GNAI1|SMAD4|PLCB1|HMGCR|SREBF1|EGFR|GCK|PAX8|GNAS|FOXA2|GIPR|GPLD1|FGFR4|LRP1|CDK16|INHBB|ANO1|IRS1|IRS2|PTBP1|KCNB1|LEPR|NR1D1|GLUL|PASK|PER2|PFKM|CASK|CCKAR|CRY2|PEX5L|GNAZ|CRHR2|EPHA5|POMC|STXBP5L|GCG|GLP1R|TNFSF11|MADD|GNAO1|GNAQ|PDE1C|PDX1|REST|FGG|NR1H4|ISL1|ITPR1|BLK|UCN2|UCN3|CHGA|KIF5B|TCF7L2|GDF9|KDM5B|RAB11FIP1|RAB11FIP5|SLC30A8|RAB8B|RETN|HFE|TFR2|VDR|GPR68|NKX6-1|LIF|ADCY5|NDUFAF2|DOC2B|FTO|IL6|PICK1|TARDBP|SYT9|SYTL4|VSNL1|JAK2|HIF1A|TFAP2B|RAC1|CACNA1E,https://www.gsea-msigdb.org/gsea/msigdb/mouse/geneset/GOBP_REGULATION_OF_HORMONE_SECRETION,288,ENR,GOBP_REGULATION_OF_HORMONE_SECRETION,1.8411,1.8100000000000002E-2,GOBP_REGULATION_OF_HORMONE_SECRETION,FALSE,GOBP_REGULATION_OF_HORMONE_SECRETION
13,2.74472749489669,2.74472749489669,2.74472749489669,1,0.47689999999999999,1.66E-2,0.93799999999999994,CLIC4|MAGI1|STC1|COL18A1|AMOTL2|MET|ID1|HEG1|CDH5|NOTCH4|IFT88|PECAM1|PLOD3|TNMD|ARHGEF26,https://www.gsea-msigdb.org/gsea/msigdb/mouse/geneset/GOBP_ENDOTHELIAL_CELL_MORPHOGENESIS,15,ENR,GOBP_ENDOTHELIAL_CELL_MORPHOGENESIS,2.2120000000000002,0,GOBP_ENDOTHELIAL_CELL_MORPHOGENESIS,FALSE,GOBP_ENDOTHELIAL_CELL_MORPHOGENESIS
1,1.98716277529483,1.98716277529483,1.98716277529483,0.98970000000000002,0.28920000000000001,8.5699999999999998E-2,1,SYT1|SYT3|PLA2G4A|SYT7|SYT11|DOC2A|PRRT2|DOC2B|DOC2G|ERC1|ERC2|SNCA|SYT13|RPH3A|SYT4|SYT5|ZNRF2|ANXA2|RIMS2|SYT9|SYT2|ANXA1|KIF5B|RIMBP2|SYT8|ZNRF1,https://www.gsea-msigdb.org/gsea/msigdb/mouse/geneset/GOBP_POSITIVE_REGULATION_OF_VESICLE_FUSION,26,ENR,GOBP_POSITIVE_REGULATION_OF_VESICLE_FUSION,1.7783,1.03E-2,GOBP_POSITIVE_REGULATION_OF_VESICLE_FUSION,FALSE,GOBP_POSITIVE_REGULATION_OF_VESICLE_FUSION
85,2.3979400086720402,2.3979400086720402,2.3979400086720402,0.996,0.2104,2.3699999999999999E-2,0.99399999999999999,ATG14|VAPB|STX17|CALM1|CALM2|CALM3|KCNB1|STX3|ROCK1|CFTR|CLN3|STX16|STX6|UNC13A|CEP290|PEX16|PSEN2|PEX26|NCAM1|RAB7|UNC13B|EXOC3|RIMS3|EXOC6B|STXBP1|STX12|ATP2A2|SYTL2|ESYT2|GNAO1|ESYT3|RIMS2|UNC13C|PLEK|RALB|NDRG4|CAMK2A|CAV2|RAB8A|EXOC2|VPS11|SYT1|VPS18|STX5A|EXOC7|ICAM1|ESYT1|PPFIA3|MSN|EXOC4|SYDE1|VAMP2|VMP1|STX19|YKT6|STX11|STX7|STX8|CTBP2|VAPA|EXOC5|EXOC6|SNAP29|STX1A|AHCYL1|EXOC1|USO1|PACS2|SNX3|PDZD8|STXBP2|STX4A|EXOC8|STX2|EZR,https://www.gsea-msigdb.org/gsea/msigdb/mouse/geneset/GOBP_MEMBRANE_DOCKING,75,ENR,GOBP_MEMBRANE_DOCKING,2.1282000000000001,4.0000000000000001E-3,GOBP_MEMBRANE_DOCKING,FALSE,GOBP_MEMBRANE_DOCKING
25,2.1079053973095201,2.1079053973095201,2.1079053973095201,0.99219999999999997,0.27510000000000001,4.2999999999999997E-2,1,FBXL15|KCP|NEO1|BMP4|HES5|TWSG1|GDF5|GATA4|NOTCH1|NGLY1|NOTCH2|ENG|TGFBR3|MSX1|MSX2|ACVRL1|CDH5|RBPJ|SULF1|FKBP8|GPC3|KDR|NUMA1|TBX20|HES1|SOX11|GATA6|PELO|CRB2|SCUBE3|ILK|SMAD2|UBE2O|ZFP423|FOXD1,https://www.gsea-msigdb.org/gsea/msigdb/mouse/geneset/GOBP_POSITIVE_REGULATION_OF_BMP_SIGNALING_PATHWAY,35,ENR,GOBP_POSITIVE_REGULATION_OF_BMP_SIGNALING_PATHWAY,1.9646999999999999,7.7999999999999996E-3,GOBP_POSITIVE_REGULATION_OF_BMP_SIGNALING_PATHWAY,FALSE,GOBP_POSITIVE_REGULATION_OF_BMP_SIGNALING_PATHWAY
84,2.74472749489669,2.74472749489669,2.74472749489669,1,0.23910000000000001,2.2100000000000002E-2,0.98599999999999999,HES5|OSR1|FGFR3|SPRED2|SIX2|FGF10|NOTCH1|SPRY1|STAT1|ZEB1|FST|FOXP4|ACVRL1|CITED1|DLL1|VHL|REG3A|CTNNB1|REG3G|TBX3|FRZB|HES1|TGFBR1|ID1|HOXA7|KRAS|CAV1|FOXJ2|S1PR3|IFNG|TGFB2|CCND1|DSG2|SRSF6|XDH|EZH2|FOXP1|MSX1|MSX2|SPRED1|IL1A|SALL1|TRP63|SMO|OVOL2|SPRED3|JAG1|SPRY2|GDF3|EXTL3|YAP1|NOTCH4|SOX9|VEGFA|CSF1R|MMP9,https://www.gsea-msigdb.org/gsea/msigdb/mouse/geneset/GOBP_NEGATIVE_REGULATION_OF_EPITHELIAL_CELL_DIFFERENTIATION,56,ENR,GOBP_NEGATIVE_REGULATION_OF_EPITHELIAL_CELL_DIFFERENTIATION,2.149,0,GOBP_NEGATIVE_REGULATION_OF_EPITHELIAL_CELL_DIFFERENTIATION,FALSE,GOBP_NEGATIVE_REGULATION_OF_EPITHELIAL_CELL_DIFFERENTIATION
10,2.3979400086720402,2.3979400086720402,2.3979400086720402,0.996,0.1072,1.55E-2,0.92400000000000004,MALT1|RBM10|NOLC1|ADAM10|RIOK2|SEH1L|SIX2|MMP12|APOD|FAM53B|PHAX|GLI3|PRKAG1|POLDIP3|PSEN1|CWH43|RBM33|SIRT6|AKAP1|BMP2|HDAC3|HSPA8|SARNP|STAT3|PRKCD|PRKCQ|TMEM53|SDAD1|LRRK2|PKIA|MAPK1|SSB|SIRT7|KPNA1|TPR|HSPA12A|STRADA|RANBP2|UHMK1|DHX9|XPO5|FRAT1|FRAT2|PEG12|TRIM28|PCID2|PTPN14|UFM1|UBR5|XPO4|INPP4B|NUP210|TSC1|NUP37|ANP32A|NUP43|MLXIP|NUP50|NUP85|FMR1|JUP|SYK|ANP32B|NUP153|BMPR2|RANBP1|NCBP1|NCBP2|XPO1|KPNB1|NEMF|AKAP5|YTHDC1|HTATIP2|NUP62|RAB23|RAN|RBM4|FCHSD1|NR4A1|ZC3H12A|NUP155|TSC2|BMP4|RPS15|ENY2|TGFB1|XBP1|IPO7|PIK3R2|AGT|BCL3|APPL1|PIK3R1|AKT1|ATF2|CDK1|PTPN11|FLNA|CFL1|APPL2|CDK5|BRCA1|EGR2|ZFP384|SEC13|BMPR1A|CD36|BAG3|TNPO2|FBXO22|POLA2|PTPN5|PTTG1IP|E2F3|CABP1|SMO|PKD1|AGAP3|RANBP3L|CAMK1|LMNA|AHCYL1|NF1|BARD1|AKAP8L|ALKBH5|ALYREF|ALYREF2|KPNA6|SP100|SQSTM1|TXN1|NOS3|CASC3|NEDD4|RAB18|PPP1R12A|HSPA9|MDFIC|ELAVL1|PHB2|NOTCH1|CPSF6|WIPF1|PML|MCM3AP|PPP3CA|PARK7|PPP3R1|PRKD1|GCKR|CITED1|HCLS1|PTPN22|RANGRF|EMD|RAPGEF3|SFN|DDX5|HNF4A|HHEX|PHIP|ANKRD54|DYRK1A|RANGAP1|AAAS|TRAF3IP2|MAPK14|CHCHD4|DDX19B|GLE1|HNRNPA1|HNRNPA2B1|NXF1|NXF2|SUMO1|NXF7|IFNG|NXT2|RPAIN|ADAR|ZC3H11A|NFATC3|AKAP13|CDKN2A|FAM53A|ING1|SHH|CTDSPL2|FAM53C|IPO11|IWS1|IPO13|IPO8|KHDRBS1|KPNA3|RANBP6|SPRN|WNK1|TMCO6|TNPO1|TNPO3|YWHAE|CALR|PPM1A|MAGOH|PRKACA|MAGOHB|AKIRIN2|CDH1|CDKN1B|DDX39B|ATXN1|BACH2|PTGS2|NSUN2|NUP98|PABPN1|SNUPN|STK3|STK4|PKIG|CAMK4|NFKBIA|NUP54|ABRA|UBE2I|DDX19A|ECT2|SMURF1|EIF4A3|GSK3B|TNFRSF1A|MED1|FYTTD1|YWHAB|MDM2|RBM15B|CRY2|RBM22|DMAP1|HEATR3|HSP90AA1|HSP90AB1|AHCTF1|IPO4|PPP1CC|CDAN1|IPO9|RBM8A|KPNA4|LSG1|NEUROD1|LTV1|IPO5|LZTS2|RSRC1|MDN1|ANGPT1|SETD2|TRP53|NUP107|NUP133|NUP160|FERMT1|SPG11|NMD3|TEK|DDX25|EI24|TXNIP|GBP4|NUP188|NOL6|POM121|CCHCR1|RAE1|CSE1L|FGF9|XPOT|EIF4E|NUP214|NUTF2|EIF6|NXT1|RANBP17|GAS6|RANBP3|STRADB|EIF4ENIF1|XPO6|ANKLE1|HYAL2|SRSF3|XPO7|EP300|PRICKLE1|NPM1|FAM76B|IL33|NUP35|IL6|NUP88|TARDBP|AXIN1|RGS14|THOC1|EFCAB7|THOC2|THOC3|UACA|THOC5|ZIC1|JAK2|THOC6|MAVS|THOC7|KPNA2|CDKN1A|NUP93|IER3|PRPF4B|MLX,https://www.gsea-msigdb.org/gsea/msigdb/mouse/geneset/GOBP_NUCLEAR_TRANSPORT,324,ENR,GOBP_NUCLEAR_TRANSPORT,2.2259000000000002,4.0000000000000001E-3,GOBP_NUCLEAR_TRANSPORT,FALSE,GOBP_NUCLEAR_TRANSPORT
1,2.2218487496163601,2.2218487496163601,2.2218487496163601,0.99399999999999999,0.17330000000000001,3.9199999999999999E-2,1,RAB11A|ALKBH4|IQGAP2|UNC119|CUL7|LUZP1|APC|IQGAP1|VPS4A|POLDIP2|AURKB|RAB35|RHOC|ARL3|ROCK1|ROCK2|CHMP5|FMN2|SNX33|VPS4B|STMN1|RHOA|BBS4|CEP55|SNX9|ACTR3|CKAP2|DCTN3|RTKN|CHMP7|EXOC3|EXOC6B|KLHDC8B|SPIRE1|KIF20A|ZFYVE19|SPAST|IQGAP3|SNX18|CFL1|NUSAP1|LZTS2|PLK1|BIRC5|CDCA8|EXOC2|STAMBP|EXOC7|INCENP|KIF20B|ANLN|MITD1|RAB11FIP3|ZFYVE26|SPIRE2|CHMP1A|ORC4|CHMP1B|EXOC4|CHMP2A|CHMP2B|RACGAP1|CHMP3|WNK1|CHMP4C|SON|CHMP6|PLEC|CNTROB|PDCD6IP|CHMP4B|MYH10|USP8|EFHC1|EXOC5|EXOC6|JTB|ZFP365|CIT|ACTR2|KIF23|ARF6|CENPA|KIF4|EXOC1|MTMR4|RHOB|NUP62|DAXX|ANK3|ARF1|ECT2|EXOC8|STX2|MYH14|TRIM36,https://www.gsea-msigdb.org/gsea/msigdb/mouse/geneset/GOBP_CYTOSKELETON_DEPENDENT_CYTOKINESIS,96,ENR,GOBP_CYTOSKELETON_DEPENDENT_CYTOKINESIS,2.0005000000000002,6.0000000000000001E-3,GOBP_CYTOSKELETON_DEPENDENT_CYTOKINESIS,FALSE,GOBP_CYTOSKELETON_DEPENDENT_CYTOKINESIS
48,2.6989700043360201,2.6989700043360201,2.6989700043360201,0.998,0.2278,2.9000000000000001E-2,1,BCL2|GSK3B|NGF|RB1|KCNB1|MTOR|PMP22|RND1|BCL11A|CDKN1C|FEV|ANKS1|C1QA|LHX6|FBXO41|C3|NRXN1|EDNRA|EDNRB|GLDN|IRX5|MECP2|GNAQ|KCNMA1|FARP2|LRRK2|NRCAM|SCARF1|NFASC|CSPG4|CNTNAP2|TBX6|NR4A2|KDM1A|CCDC39|APP|GRIP2|ABL2|ACTL6B|SRRM4|OPA1|C1QL1|LGI4|SCLT1|KCNIP2|MAP3K13|RET|RAC3|AKAP5|CNTN2|GATA2|SPG21|ANK3|DLG2|RAC1|PDGFB|MYOC|B4GALT5|B4GALT6|NTN4,https://www.gsea-msigdb.org/gsea/msigdb/mouse/geneset/GOBP_NEURON_MATURATION,60,ENR,GOBP_NEURON_MATURATION,2.0790999999999999,2E-3,GOBP_NEURON_MATURATION,FALSE,GOBP_NEURON_MATURATION
,2.10237290870956,2.10237290870956,2.10237290870956,0.99209999999999998,0.2437,5.0599999999999999E-2,1,PIAS2|SUMO1|TRIM28|GNL3|PIAS1|CDKN2A|PIAS3|EYA1|SENP6|ARNT|CAPN3|PIAS4|ZFP451|EGR1|PARK7|ZMIZ1|BCL11A|GNL3L|SUMO3|CTNNB1|CBX4|RELA|RASD2|SENP1|STX1A|TOLLIP|ZMIZ2|RWDD3|RANGAP1|TRAF7|HDAC4|SAE1|SUMO2|TOPORS|TRPM4|UBA2|UBE2I|NSMCE2|IFIH1|HMG20A|RANBP2|AHRR|EGR2|MUL1|HMG20B,https://www.gsea-msigdb.org/gsea/msigdb/mouse/geneset/GOBP_PROTEIN_SUMOYLATION,45,ENR,GOBP_PROTEIN_SUMOYLATION,1.9162999999999999,7.9000000000000008E-3,GOBP_PROTEIN_SUMOYLATION,FALSE,GOBP_PROTEIN_SUMOYLATION
15,1.68402965454308,1.68402965454308,1.68402965454308,0.97929999999999995,0.11940000000000001,6.2899999999999998E-2,1,MAD2L2|PPM1E|RGS2|DUSP3|PPM1F|NR2F2|NOLC1|TFAP4|RB1|RPL23|PDCD4|FABP4|SPRY1|WWTR1|PRDX3|FBXO5|FEM1A|PARK7|MIDN|PSEN1|GCKR|BANF1|PRKCH|PSEN2|PTPN6|SFRP5|PTEN|PTPN22|PTPRC|RPL5|BMP2|HSPB1|PKN1|DNAJA1|GSTP1|PTK6|GSTP2|INCA1|PRKCD|HHEX|DUSP1|PKIA|UCHL1|DTX3L|PYCARD|SLC8A1|MAPK8IP1|PLK1|CHORDC1|GADD45B|PTPRJ|DEPTOR|IFNG|ADAR|AKT1S1|NPPA|THY1|ZFP36|CDK5RAP3|PTPN2|CDKN2A|CDK5RAP1|PTPN1|UBASH3B|SMAD7|SOCS5|SPRY4|DUSP19|CHMP6|PLEC|WNK4|ADIPOQ|DUSP7|EIF4A2|SFRP1|PPARG|CASP3|CBLC|SHB|GPRC5A|SOCS4|TNFAIP3|VPS25|PPIA|ZFYVE28|CDKN1B|HNRNPU|ZGPAT|ABL1|PTPRB|APOE|ORMDL3|PTPRH|PKIG|MSTN|BLVRA|PTPRT|SIRT1|TRIM27|PRKAR1A|NUP62|NF2|RPL11|DBNDD2|HMGCR|MLLT1|SH3BP5|MYOCD|GSK3A|TSC2|TRIB3|LIMK1|ERRFI1|HIPK3|PRKRIP1|INPP5K|TAF7|APC|CDKN2C|HEXIM2|IRS2|NPRL2|PRKCA|PAQR3|EPHA1|CAV3|HEG1|RPS7|SRCIN1|USP44|AGT|CDKN1C|STK38|MEN1|CD300A|BAG5|DUSP10|DUSP22|CORO1C|AKT1|GNAQ|PHPT1|PRKAG2|RASIP1|SETD7|GADD45G|PKIB|PNKP|CAV1|CEACAM1|SMPD1|IRAK3|TINF2|CLN8|DNAJA3|ITGB1BP1|DTNBP1|FBXO7|GADD45A|BAG2|DNAJC3|PTPRO|SPRED1|AIDA|HYAL2|MVP|LRP6|SMYD3|TRIB1|NPM1|GGNBP2|LATS1|LATS2|ADARB1|RGS14|SFRP2|DAB2IP|MAD2L1|NF1|SPRY2|MAPT|TSG101|CDKN1A|XRCC1|IL1B|KAT2B|LYN|COX11,https://www.gsea-msigdb.org/gsea/msigdb/mouse/geneset/GOBP_NEGATIVE_REGULATION_OF_TRANSFERASE_ACTIVITY,188,ENR,GOBP_NEGATIVE_REGULATION_OF_TRANSFERASE_ACTIVITY,1.8634999999999999,2.07E-2,GOBP_NEGATIVE_REGULATION_OF_TRANSFERASE_ACTIVITY,FALSE,GOBP_NEGATIVE_REGULATION_OF_TRANSFERASE_ACTIVITY
41,2.74472749489669,2.74472749489669,2.74472749489669,1,0.13719999999999999,4.1999999999999997E-3,0.27300000000000002,ATG4B|OGT|SLC39A4|ATG14|BECN1|CLEC16A|GABARAP|GABARAPL2|SEH1L|CHKA|PPARA|WNT9B|JMY|PRKAA1|PRKAA2|PRKAG1|CDKN2B|PRKCH|CD68|IFI203|MNDAL|RPTOR|SIK2|PDIA3|RRP8|RXRA|ALB|LRRK2|ATF3|UCP2|MAPK1|KAT5|TNRC6A|PPM1D|WNT4|SZT2|CPEB4|USF1|EIF2AK4|NCOA1|DSC2|PAK4|SUV39H1|GPRIN3|MTMR3|FOXO1|TSC1|SFRP1|TTC5|TNFRSF11A|CTSK|IMPACT|BMPR2|SLC34A1|PLIN3|ATG5|YWHAG|BCL2|ZC3H12A|TSC2|PAK2|ANGPTL4|CYP24A1|XBP1|ZFYVE1|CYP27B1|RICTOR|PRMT1|SLC38A2|INHBA|MAP1LC3B|PIK3C2A|PIK3C2B|PIK3C3|SAR1A|PIK3R4|POSTN|ATF2|ATG7|GAS2L1|PLD1|ABCC8|USF2|CTSL|PIM1|BMF|FOXA3|SEC13|OTUD3|CASR|KPTN|NUAK2|RRAGC|SH3GLB1|TNKS|FBXO22|RXRB|SLC2A1|FOLR2|DNAJC15|TRIM32|USP33|GDAP1|MAP3K5|MLXIPL|YWHAZ|FAM107A|MUP1|JUN|MAPKAP1|KCNJ11|FES|RNF152|MFSD2A|MICU1|PAK1|SESN1|STK24|PLIN2|EHMT2|EIF2AK3|SAR1B|RPS6KB1|PCK1|PCSK9|PMAIP1|FADS1|TBC1D7|PRKD1|PPARD|FNIP1|RNASE4|SESN2|ACVR2A|KRT20|ITFG2|TFEB|LPL|RALB|PAK3|MIOS|PRR5|SESN3|UPP1|YME1L1|ULK1|PDK2|MYBBP1A|PDK4|MAX|NPRL3|PRKAB1|PRKAB2|CADPS2|WRN|MYOD1|LAMP2|SLC38A3|SCD4|SIRT1|COMT|SRF|GABARAPL1|GCGR|SREBF1|GCK|EIF2S1|FOS|TRIM24|INHBB|DEPDC5|MED1|PAK6|VPS41|HSPA5|NPRL2|RRAGA|ASNS|KCNB1|DRAM1|MTOR|SLC7A5|ATF4|GLUL|MAP1LC3A|MAPK3|TBL2|MAPK8|MDM2|SNAI2|SLCO2B1|SREBF2|NFE2L2|RRAGB|GPR155|FAS|RRAGD|XPR1|CREBBP|PENK|PRKAG2|PRKAG3|KANK2|TNC|UCN2|KDM6A|UCN3|MN1|PHEX|BRIP1|TCF7L2|TRP53|WDR45|WIPI1|WIPI2|FOXO3|SLC39A5|HFE|ATXN3|COL1A1|DAP|CSNK1A1|VDR|BHLHA15|SNW1|WDR24|WDR59|WNT2B|EIF2AK2|MAT2A|GAS6|HIGD1A|KLF10|RHEB|AMBRA1|EIF4G1|EP300|FLCN|PICK1|RNF167|HMOX2|FOLR1|TXN2|CDKN1A|KAT2B|MLST8|MLX,https://www.gsea-msigdb.org/gsea/msigdb/mouse/geneset/GOBP_CELLULAR_RESPONSE_TO_NUTRIENT_LEVELS,247,ENR,GOBP_CELLULAR_RESPONSE_TO_NUTRIENT_LEVELS,2.5194999999999999,0,GOBP_CELLULAR_RESPONSE_TO_NUTRIENT_LEVELS,FALSE,GOBP_CELLULAR_RESPONSE_TO_NUTRIENT_LEVELS
,1.5702477199975899,1.5702477199975899,1.5702477199975899,0.97309999999999997,0.3196,9.5200000000000007E-2,1,BCL2|ITGA5|SIK1|SRC|TLE1|BRMS1|MYBBP1A|PDK4|ANKRD13C|NOTCH1|MCL1|NTRK2|PTK2|ITGB1|PIK3CA|BCL2L1|SNAI2|CAV1|CHEK2|PTRH2,https://www.gsea-msigdb.org/gsea/msigdb/mouse/geneset/GOBP_REGULATION_OF_ANOIKIS,20,ENR,GOBP_REGULATION_OF_ANOIKIS,1.7487999999999999,2.69E-2,GOBP_REGULATION_OF_ANOIKIS,FALSE,GOBP_REGULATION_OF_ANOIKIS
48,1.77728352885242,1.77728352885242,1.77728352885242,0.98329999999999995,8.3799999999999999E-2,9.5799999999999996E-2,1,GDF11|HES5|NEURL1A|SNAPIN|CDK5R1|PPP2R1A|SOX8|FAM20C|KLF1|PSEN1|MAEA|RBPJ|ALDH1A2|H3F3A|BMP2|POU2F2|IHH|IL15|EDNRB|IL21|KCNMA1|CALCA|LRRK2|ERBB4|EXT1|TDRD7|ZBTB7A|FGF7|GREM1|ABHD2|SOX18|IER3IP1|CATSPER3|CATSPER4|SNX27|DAG1|TDRD1|HOXB13|DDIT3|TDRD5|NPPC|NPR2|PGR|RAC2|CCDC39|CLEC7A|CATSPER2|GRIP2|RUNX1|NRG2|RUNX3|OPA1|ARHGEF15|SHB|TUSC2|RAC3|WDR77|ARCN1|S1PR1|AKAP5|ANK3|ANO6|PDGFB|DMC1|VEGFA|MYOC|BAP1|ROBO2|BCL2|WNT10B|NFIX|TGFB1|XBP1|TYMS|RND1|ROCK1|TDRKH|ROCK2|RYR1|CD63|CFTR|FEV|ANKS1|C1QA|YTHDF2|KCTD9|ACTN3|C3|AKT1|BARX2|EDNRA|AURKA|IGSF21|FARP2|KIF14|CTSL|CCNB1|CCL19|SHANK1|DLGAP4|CSPG4|CEBPA|GAL|PTH1R|CNTNAP1|CACNA1A|CNTNAP2|RAB38|PALM|GRIN1|KDM1A|EPAS1|DLD|MSX2|GJA1|WNT1|RECK|BAIAP3|RUNX2|SNX19|AP1G1|HDAC6|KCNE1|ZBTB16|DEFB1|DEFB37|YWHAZ|ATP6AP1|KCNIP2|ATP6AP2|ATP6V0A1|ATP6V0A4|KDR|ATP6V0C|ATP6V0D1|IGSF9|DAB2IP|NF1|ATP6V0E2|ATP6V1C1|FOXJ1|GATA3|ATP6V1D|ATP6V1E1|ATP6V1F|GATA2|ATP6V1G1|ATP6V1G2|ATP6V1G3|SPG21|ATP6V1H|CLCN3|SYBU|TMIGD1|NTN4|EDN1|EFCAB9|NGF|FOXA1|SEMA4D|ADAMTS7|IFT80|LTF|PHOSPHO1|FGFR3|PLXNB1|PCSK4|THBS3|EREG|PLD6|RB1|RFX3|NOTCH1|ROPN1L|SOX10|TAL1|SEZ6|FBXO5|RAB32|BCL11A|PPARD|RAB3A|TMEM79|PSEN2|RHOA|PTK2B|PTEN|BFSP1|LNX1|BFSP2|VEZT|PFN1|RELN|SLC17A7|FBXO41|SNX10|DAB1|GLDN|IRX5|BRD1|FEM1B|NRCAM|BRCA2|GRB14|LYL1|SLC9A6|NFASC|REC8|MYO5A|TBX6|VPS35|TGFB2|HNRNPK|TCP11|NEFL|CABYR|CHRDL1|TRIP13|NFATC4|PLA2G10|SLC26A3|SLC26A6|HOXA5|L3MBTL3|PLA2G3|CDH5|GALNT3|CLSTN1|CAMK2B|PPARG|PRKACA|SEZ6L|SEZ6L2|C1QL1|LGI4|SCLT1|DISC1|PTGS2|NSUN2|EBP|BTK|CNTN2|FGFR1|PABPC1L|SIRT2|CCR6|ENPP1|RPS6KA2|DLG2|DLG4|PICALM|PLCB1|B4GALT5|NRN1|B4GALT6|CEND1|ERCC2|RERE|GSK3B|ZDHHC2|IGF1|ID2|XYLT1|MBTPS2|KCNB1|MTOR|PMP22|ZDHHC15|ZDHHC20|CDKN1C|CX3CR1|UNC13A|LHX6|HEATR3|TRPC4AP|ANKRD27|AP1M1|CTNNB1|DCHS1|MREG|NLGN1|STXBP1|SYT4|NRXN1|MECP2|GNAQ|KLF2|HES1|ANKRD17|FZD5|SCARF1|NFIA|NR4A2|FOXO3|FERMT1|CDH3|SEMA7A|ESR2|APP|WNT5A|BHLHA15|PAX2|ASXL2|ABL2|NOM1|ACTL6B|ANAPC2|MMP2|SRRM4|ANKLE1|PDE3A|AP3D1|CDK5R2|CDC20|AXL|BLOC1S3|BNC1|G6PDX|MAP3K13|RET|TRIM58|CBFB|HIF1A|ATP6V1A|ATP6V1B1|CDKN1A|TFCP2L1|ATP6V1B2|PEBP1|RAC1|LSM14B|ADAMTS12|CDC25B|FAT4,https://www.gsea-msigdb.org/gsea/msigdb/mouse/geneset/GOBP_DEVELOPMENTAL_MATURATION,334,ENR,GOBP_DEVELOPMENTAL_MATURATION,1.7452000000000001,1.67E-2,GOBP_DEVELOPMENTAL_MATURATION,FALSE,GOBP_DEVELOPMENTAL_MATURATION
79,1.6108339156354701,1.6108339156354701,1.6108339156354701,0.97550000000000003,8.4599999999999995E-2,9.5200000000000007E-2,1,OPHN1|APOA1|LPAR1|RAB31|APOA2|EFNB2|ABR|DNM1L|ARAP1|SERPINE1|MIB1|SGIP1|NCKAP1L|NCDN|CAMK1D|CD177|SYT7|SYT11|CDC42|TLR2|DGKD|CNN2|DGKQ|SRC|DAB2|HSPA8|IL15|IL15RA|LETMD1|IL2RG|LRRK2|PYCARD|RAB27A|SYT17|ALMS1|PACSIN1|MKLN1|NAPB|CKAP5|RABEP1|TBC1D5|TSPAN7|GREM1|MERTK|ATXN2|STON2|SLC11A1|CLEC7A|EPHA3|AHSG|F2RL1|DCX|AAK1|ADIPOQ|SCRIB|AMPH|CD209B|SFTPD|ITGA2|PTX3|FMR1|SIRPA|ARPC3|RNF220|SYK|PRTN3|MYH9|RABGEF1|BMP2K|CCDC32|RIN3|USH1G|APOE|AKAP5|SELE|PLK2|ANK3|ANO6|APLNR|ARF1|NTF3|VEGFA|ATG5|WASL|CD151|CLU|WDR54|TSC2|DOCK2|SYNJ1|NEU3|TNK2|DNM2|TGFB1|WNT3A|PRKCA|TREM2|PTK2|CAV3|ROCK1|ABCA7|CD63|B2M|BTBD9|SH3GL2|SNX9|AHI1|PPT1|APPL1|SOD1|CYBA|CLIP3|C2|C3|DRD4|ARRB2|DYSF|GPC3|PIP5K1C|ALOX15|GSG1L|APOC3|ATG7|ANXA2|PLCG2|LRRTM1|PLD2|LRRTM2|PLSCR1|ARFGAP1|APOC1|CCL19|APOC2|CCL2|APPL2|LRPAP1|STON1|RAB5B|CAV1|POT1B|USP46|ACTN4|CXADR|CCR7|CD36|CD47|BCR|HAP1|ARHGAP21|DTNBP1|HPCA|CFP|COLEC10|COLEC11|ITGB1|ITGB3|PTPN5|ARRB1|ITGAV|HIP1R|LRP2|VAC14|SNPH|KCNC3|FCGR2B|NUMB|CBL|FCNB|GATA2|MFF|HAMP|RAPGEF1|STAP1|HAMP2|VAMP8|CDH13|LMAN2|PROS1|CBLL1|SFTPA1|SIRPB1A|VTN|TUB|NEDD4|NEDD4L|UNC119|LGALS3|SH3GL3|RAP1A|MBL1|MBL2|PCSK9|NOD2|RAB21|PPP3CA|RAB4A|PPP3CB|RAB4B|PPP3CC|PARK7|PPP3R1|NSF|RALA|PTEN|PTPRC|DLL1|RAB5C|PACSIN2|RUFY1|SCARB1|SLC17A7|SNCA|ITSN1|SMAP1|IQSEC1|SUSD4|LRSAM1|HIP1|AP2M1|TRF|MTMR2|PTPRJ|PLLP|RNF216|NR1H2|DNAJC6|IFNG|NR1H3|HNRNPK|IL4|CALY|ACTG1|APLN|PTPN1|ADD1|EHD4|PLA2G5|CALR|PPARG|NRG1|AGER|CD14|RIT2|BTK|ATG3|SIRT2|NECAB2|MAGI2|DLG4|PICALM|SPHK1|EEF2K|ANKFY1|TGM2|SYNJ2BP|HMGB1|LDLRAP1|LRP1|CD300LF|INSR|PARD3|VPS28|AP2B1|CSK|ARC|CLN3|SNX33|MDM2|CD300A|SIGLECE|NLGN1|EGF|SYT4|SFRP4|SH3GL1|SNAP91|FCER1G|VAMP4|FCGR1|FCGR3|ATAD1|KIF3A|RSPO1|LYAR|ANGPT1|TULP1|PACSIN3|SMPD1|MYO18A|SNX12|AP2A1|HFE|TFR2|ABCA13|APP|FGR|WNT5A|FPR2|TOR1A|CD2AP|ACTB|GAS6|PROM2|HCK|BICD1|IL2RB|AXL|DNM1|FLOT1|PICK1|MCTP1|SDCBP|EPN2|LBP|MEX3B|CBLB|BIN1|CD22|RAP1GAP|ANKRD13A|TSG101|ANKRD13B|ANKRD13D|SNX3|UBQLN2|RAC1|BCL2L1|ABCA2|SCAMP5,https://www.gsea-msigdb.org/gsea/msigdb/mouse/geneset/GOBP_REGULATION_OF_ENDOCYTOSIS,329,ENR,GOBP_REGULATION_OF_ENDOCYTOSIS,1.7476,2.4500000000000001E-2,GOBP_REGULATION_OF_ENDOCYTOSIS,FALSE,GOBP_REGULATION_OF_ENDOCYTOSIS
,2.2291479883578602,2.2291479883578602,2.2291479883578602,0.99409999999999998,8.5900000000000004E-2,8.4000000000000005E-2,1,APOA1|DUSP3|NRP1|PARVA|ITGA8|LAMB2|SMOC2|MMP12|MUC4|SERPINE1|APOD|MYO1G|EFNA1|TNFRSF12A|RPL29|GPM6B|EPHB3|CDC42|CSF1|SRC|DAB2|PRKCZ|ITGAL|MKLN1|WNT4|GREM1|HOXA7|MDK|MERTK|MMP14|ITGA1|ITGA2B|CTTN|ITGA4|NEDD9|DAG1|ITGA6|DBN1|ITGA7|ITGA9|ITGB2|DOCK5|ITGB2L|ITGB7|SKAP1|THSD1|BCL2L11|RAC2|EPHA3|TSC1|AP1AR|RCC2|SDC4|TESK1|SFRP1|ARHGAP6|PECAM1|ADAM15|ITGA2|NINJ1|PLG|SLK|JUP|SIRPA|PREX1|TREM1|TRPM7|ANGPT2|PTN|MYH9|RAC3|ABL1|ACTN2|EFNA5|DLC1|UNC13D|PDGFB|VEGFA|MYOC|ATP1B2|NPNT|BCL2|ABI3BP|KANK1|CASS4|CCDC80|TYRO3|COL16A1|COL8A1|CSPG5|ITGAD|SEMA3E|VCAM1|ITGAX|DNM2|PKP2|DDR1|ECM2|EDIL3|EGFL6|EGFLAM|VAMP3|AJAP1|EPHA1|PTK2|FBLN2|ROCK1|ST6GAL1|FUT1|FREM1|MAP4K4|CD63|OLFM4|SORBS3|ACVRL1|AGT|PLEKHA2|RELL2|RHOD|CORO1A|RIN2|CD96|RRAS|PIK3CB|RREB1|RSU1|SEC1|PIK3R1|SMOC1|SPOCK2|DMD|TRIOBP|WHAMM|POSTN|UTRN|VIT|ACTN3|PIP5K1A|VWC2|ALOX15|ARL2|MINK1|ANXA2|ANGPTL3|TIAM1|KIF14|VWF|DOCK1|PTPN11|FLNA|CFL1|FZD7|SPOCK1|CCL25|CCL28|CDK5|STON1|ACTN1|HOXD3|ACTN4|FERMT2|PLAU|CD36|ITGA10|S100A10|ITGA11|ITGAE|EFEMP2|ITGB1BP1|BCR|ITGB5|FMN1|ITGBL1|CD34|FAT2|LAMA5|CORO2B|LAMB1|ITGA3|LAMC1|MYF5|LIMS1|LIMS2|ITGB1|NID1|ITGB3|PTPRA|PXN|TESK2|WNT1|ZYX|ITGAV|SMAD6|TBCD|LAMB3|CRK|FAM107A|SPP1|KDR|ITGAM|FGA|NF1|FGB|ANTXR1|MARCKS|CAMSAP3|ACER2|HRG|CDH13|NTN4|CRKL|FERMT3|VWA2|CDH11|VTN|ITGA5|L1CAM|ONECUT2|PPM1F|PCSK5|PDPK1|POLDIP2|NOTCH1|NPY|MEGF9|PRKCE|PPARD|RHOA|PTK2B|PTEN|FNDC3B|SMAD3|HSD17B12|MYADM|COL13A1|CLASP1|CLASP2|ILK|ITGB4|ONECUT1|PTPRJ|PHLDB2|MICALL2|THY1|ACTG1|PDPN|CDKN2A|C1QBP|CIB1|PTPN1|ADAM9|SPRY4|BRAF|CALR|DISC1|HPSE|BCL6|STK4|PTPRK|CNTN2|DICER1|PTPRZ1|SRF|COL3A1|PKHD1|PARVB|PARVG|CD3E|FN1|TAOK2|GP5|GSK3B|TNXB|EPDR1|LRP1|SVEP1|LIMCH1|IQGAP1|CDK6|VCL|EDA|SRCIN1|ARPC2|ITGB6|ITGB8|CASK|MEN1|DUSP22|ADAMTS9|EMP2|CTNNB1|CORO1C|THBS1|RADIL|TTYH1|FGG|P4HB|LPXN|SORBS1|ANGPT1|FZD4|LYPD3|FBLN1|PRKX|FERMT1|ATXN3|COL1A1|DAPK3|TEK|EMILIN1|TACSTD2|MACF1|WDPCP|ADAM8|GAS6|HAS2|RHPN1|AXL|RASA1|GCNT2|BST1|JAG1|JAK2|JAM3|AGR2|BCAR1|LDB1|RAC1|BCAM|COL5A3|MSLN|NID2|ENPP2|OTOA|ADAMTS12|EPHB1|LGALS1|SNED1|TMEM8B,https://www.gsea-msigdb.org/gsea/msigdb/mouse/geneset/GOBP_CELL_SUBSTRATE_ADHESION,339,ENR,GOBP_CELL_SUBSTRATE_ADHESION,1.7859,5.8999999999999999E-3,GOBP_CELL_SUBSTRATE_ADHESION,FALSE,GOBP_CELL_SUBSTRATE_ADHESION
18,1.86327943284359,1.86327943284359,1.86327943284359,0.98629999999999995,0.15129999999999999,5.5199999999999999E-2,1,EIF2AK3|OAZ1|GABARAP|NUPR1|PSMD10|PSEN1|RNF185|PSEN2|PTK2B|DNAJB2|PTEN|SIRT6|RNF139|HSPA1B|DAB2|LRRK2|NKD2|CCDC22|ERN1|LAPTM5|TRF|VCP|MAPK9|PLK1|SH3RF3|SUMO1|RAD23A|CDK5RAP3|HSPA1A|UBQLN1|L3MBTL3|SOCS5|UBE2V2|CSNK1D|SH3RF1|FMR1|SOCS4|DISC1|RNFT1|RGN|ECSCR|HERPUD1|SIRT1|SIRT2|PLK2|SGTA|EIF2A|SMURF1|CLU|GSK3A|CSNK1E|GSK3B|TRIB3|PIAS1|XBP1|PAQR3|TREM2|PTK2|MTOR|CTSC|MAPK8|MDM2|SUMO3|ZFAND2A|RNF180|AGTPBP1|GCLC|STUB1|EGF|AKT1|HSPBP1|ATG7|AURKA|RNF40|BBS7|PLK3|DDA1|DET1|NUB1|CBFA2T3|OSBPL7|SUMO2|ZER1|ZYG11B|TGFB1I1|AXIN2|TRIB2|CAV1|BCAP31|RNFT2|ATXN3|FBXO22|CSNK1A1|TMX1|AGBL4|FBXW7|USP13|BAG2|RCHY1|TMEM67|FZR1|WFS1|KCNE2|PRICKLE1|SH3RF2|TRIB1|USP5|CDC20|IL33|TMTC3|CHFR|FBXW8|AXIN1|DAB2IP|RBX1|TRAF7|DVL1|HAMP|UBQLN2|BAG6|DDRGK1,https://www.gsea-msigdb.org/gsea/msigdb/mouse/geneset/GOBP_POSITIVE_REGULATION_OF_PROTEOLYSIS_INVOLVED_IN_PROTEIN_CATABOLIC_PROCESS,121,ENR,GOBP_POSITIVE_REGULATION_OF_PROTEOLYSIS_INVOLVED_IN_PROTEIN_CATABOLIC_PROCESS,1.8949,1.37E-2,GOBP_POSITIVE_REGULATION_OF_PROTEOLYSIS_INVOLVED_IN_PROTEIN_CATABOLIC_PROCESS,FALSE,GOBP_POSITIVE_REGULATION_OF_PROTEOLYSIS_INVOLVED_IN_PROTEIN_CATABOLIC_PROCESS
83,2.4089353929735,2.4089353929735,2.4089353929735,0.99609999999999999,8.9200000000000002E-2,4.6600000000000003E-2,1,HBEGF|LYST|NRP1|ERBB2|SMOC2|ENTPD1|MMP12|SERPINE1|FGF10|PPARA|TNFRSF12A|B4GALT1|CHMP5|SYT7|SYT11|CD9|VKORC1|ADRA2A|TLR4|ADRA2B|ADRA2C|CNN2|HPS1|LRRC25|PDIA3|F13B|PDIA4|SLC4A1|STARD13|PRKCD|PRKCQ|TSPAN9|EXT1|RAB27A|F11R|F7|SCNN1B|WNT4|TMEM97|MERTK|COMP|F5|DAG1|SRSF6|DSP|NPR2|PRDX2|DCBLD2|MIA3|SLC11A1|CLEC7A|GATA4|ENTPD2|F2RL1|CHMP1A|FGL2|CHMP1B|F8|ARFGEF1|CHMP2A|CHMP2B|CHMP3|CHMP4C|CHMP6|GZMB|SCRIB|SDC4|PECAM1|SH2B3|TEC|PLG|ARHGEF19|PAPSS2|NLRP6|SCNN1G|SERPINE2|PPIA|PRF1|SYK|ANGPT2|MYH9|APOE|CELSR1|P2RY1|SELP|ST3GAL4|ANO6|PDGFA|PDGFB|VEGFA|GLA|NFATC1|CD151|GRHL3|SLC6A4|KANK1|TSPAN32|ANGPTL1|TYRO3|ANGPTL2|ANGPTL4|ANGPTL6|ANGPTL7|ANXA8|C1GALT1C1|WNT3A|DDR1|XBP1|F10|PRKCA|F2RL2|F3|PTGER4|RHOC|AJAP1|FUNDC2|PTK2|FZD6|CAV3|HPS4|HPS5|HPS6|ADIPOR2|ACVRL1|ALOX5|NBEAL2|PDIA2|PDIA6|PROC|PIK3CB|PROCR|RREB1|TMEFF2|PROZ|PRRG1|PRRG2|PRRG3|AP3B1|PRRG4|RAP2B|RASA3|ALOX12|SERPINA10|DYSF|SERPINC1|PIP5K1C|SERPIND1|ALOX15|F2R|TFPI|ANXA2|F2RL3|TBXA2R|TFPI2|APOH|THBD|ENPP4|TSPAN8|CPB2|PLEK|VWF|ANXA1|F11|F12|FLNA|CCL2|F9|FZD7|HGFAC|TRIM72|PRKG1|UBASH3A|VEGFB|CAV1|CEACAM1|KLKB1|CCR2|CXADR|PLAT|FERMT2|PLAU|CD36|S100A10|SERPINF2|ITGB5|CD34|DTNBP1|C1QTNF1|MCAM|MYOF|ITGB1|ITGB3|MSX2|FKBP10|CTSG|TIMP1|CX3CL1|GNA13|IL1A|ITGAV|ARL8B|CRK|EVPL|F2|KDR|FGA|NF1|FGB|MAP3K1|GATA1|GATA2|PAK1|HRG|LYN|PROS1|FERMT3|TMPRSS6|KNG1|VTN|ITGA5|KNG2|KRT6A|LRG1|DUOX1|P2RX1|PLAUR|ARHGAP24|NOTCH2|SLC12A2|PF4|PRKCE|CLDN13|PPARD|RAB3A|VPS4B|PPL|BC004004|RHOA|GPX1|PTPN6|PTEN|REG3A|EPPK1|FNTB|REG3G|SMAD3|HNF4A|S100A9|SERPING1|TNF|CLASP1|CLASP2|PTPRJ|PHLDB2|TGFB2|PDCD10|ACTG1|PDPN|SHH|CFLAR|UBASH3B|PLA2G4A|ANXA5|PLEC|PPARG|NRG1|CHMP4B|MYH10|CLDN1|HPSE|MYOZ1|TREML1|ADAMTS18|FGF1|PDGFRA|CELA2A|PRCP|SRF|COL3A1|F13A1|CLEC10A|GNAS|FN1|DDR2|TPM1|CD40LG|GP1BB|VPS33B|CD44|FOXA2|GP5|GP9|HMGB1|IGF1|PEAR1|SVEP1|VANGL2|CADM4|INS1|INS2|PARD3|COL5A1|ITPR3|VPS4A|MTOR|ITGB6|CASK|CLDN3|SNAI2|ELK3|CHMP7|EPHB2|FGFR1OP2|NFE2L2|WFDC1|CXCR4|STXBP1|TSKU|THBS1|GNAQ|GPR4|FCER1G|FGG|FGL1|AQP1|CASP1|CASP7|VIL1|ANGPT1|NOG|MYLK|CFH|P2RY12|SMPD1|FBLN1|FERMT1|PTK7|SLC7A11|DST|TMX1|EMILIN1|EMILIN2|MACF1|WNT5A|ENG|TOR1A|CLDN19|CLDN4|CD109|GAS6|GSDMD|AXL|IL6|BLOC1S3|BNC1|EVL|IL6RA|MFSD2B|MMRN1|POU2F3|HMOX1|SYTL4|JAK2|HIF1A|YAP1|CDKN1A|CORO1B|FOXC2|FGF2,https://www.gsea-msigdb.org/gsea/msigdb/mouse/geneset/GOBP_WOUND_HEALING,369,ENR,GOBP_WOUND_HEALING,1.9382999999999999,3.8999999999999998E-3,GOBP_WOUND_HEALING,FALSE,GOBP_WOUND_HEALING
34,1.8569851997459099,1.8569851997459099,1.8569851997459099,0.98609999999999998,0.1668,7.7600000000000002E-2,1,SYNJ1|IGF1|IL6ST|LTA|ID2|TGFB1|NOTCH1|SOX10|SOX8|ASPA|TSPO|PTK2|MTOR|SLC7A5|PRKCH|TLR2|ACTR3|BMP2|BAG1|HDAC1|CXCR4|CLCN2|ARRB2|PPP1CC|MECP2|TNF|HES1|PRKCI|MYB|TRF|MAG|NKX6-2|RNF112|MDK|IL34|EGR2|NOG|KRAS|GJC2|DAG1|NKX2-2|FLT1|SHH|VIM|SPINT1|CYSLTR1|GFAP|HDAC2|PTPRA|NKX6-1|RHEB|LIF|PPARG|NRG1|LRP2|SERPINE2|IL33|IL6|ETV5|RELA|ATXN1|PTN|ZFP365|TNFRSF1B|MYC|RTN4|BIN1|PLAG1|TRP73|E2F1|DICER1|PTPRZ1|PRMT5|PRPF19|VEGFC|NTF3|NTN1|CSF1R|EGFR|ENPP2|IL1B|LYN,https://www.gsea-msigdb.org/gsea/msigdb/mouse/geneset/GOBP_POSITIVE_REGULATION_OF_GLIOGENESIS,82,ENR,GOBP_POSITIVE_REGULATION_OF_GLIOGENESIS,1.8103,1.3899999999999999E-2,GOBP_POSITIVE_REGULATION_OF_GLIOGENESIS,FALSE,GOBP_POSITIVE_REGULATION_OF_GLIOGENESIS
4,2.2291479883578602,2.2291479883578602,2.2291479883578602,0.99409999999999998,0.17380000000000001,5.6800000000000003E-2,1,PFKL|INHBB|ENY2|PDE3B|IRS1|KCNB1|TSPO|PPP3CA|MAP4K4|MIDN|KALRN|PSMD9|PTGER3|CRY2|ADRA2A|IGFBP3|RPTOR|ACVR1C|PTPRV|GNAZ|FBN1|CRHR2|STXBP5L|EDN3|MADD|GNAO1|NPFF|PDE1C|UCP2|ABCC8|REST|CRY1|IL11|ADORA1|FKBP1B|PTPN11|UCN2|CHGA|OSM|PTPMT1|RAB11FIP1|RAB11FIP5|NUCB2|JAGN1|FFAR2|FFAR3|FOXO1|INHA|RAB11FIP3|F2RL1|GHRL|HADH|ANXA5|GJA1|ADIPOQ|SFRP1|LIF|PPARG|NRG1|NDUFAF2|KLF7|PIM3|IL6|TBC1D1|MUP1|MUP2|MUP3|PDE4C|KCNJ11|MUP5|PDE8B|SYTL4|VSNL1|NMB|CRHBP|KCNJ6|SIRT1|SIRT4|KCNQ1|GNAI1|HMGCR|SREBF1|IL1B|EDN1|EDN2|NPY1R,https://www.gsea-msigdb.org/gsea/msigdb/mouse/geneset/GOBP_NEGATIVE_REGULATION_OF_HORMONE_SECRETION,86,ENR,GOBP_NEGATIVE_REGULATION_OF_HORMONE_SECRETION,1.8875,5.8999999999999999E-3,GOBP_NEGATIVE_REGULATION_OF_HORMONE_SECRETION,FALSE,GOBP_NEGATIVE_REGULATION_OF_HORMONE_SECRETION
1,2.6989700043360201,2.6989700043360201,2.6989700043360201,0.998,0.11550000000000001,2.3300000000000001E-2,0.99099999999999999,RAB11A|BECN1|MLH1|PPP2R1A|FANCD2|RIOK2|SEH1L|AURKB|CHMP5|CCNB2|KATNB1|CDC42|RRS1|HSPA1B|DUSP1|KAT5|SIRT7|CPEB1|TPR|LCMT1|MAD1L1|DRG1|ASPM|BIRC5|BCCIP|BUB3|TEX15|CDCA8|PBRM1|CDT1|PCID2|CENPC1|CCDC61|CENPE|PHF10|UHRF1|DSN1|EML4|INCENP|KIF2C|HSPA1A|MAPRE1|MIS12|CEP97|NDC80|NEK2|CHMP1A|NSL1|CHMP1B|NUF2|CHMP2A|PMF1|CHMP2B|RACGAP1|CHMP3|RCC2|CHMP4C|SKA1|CHMP6|SPAG5|SPC24|SPC25|TEX14|ZFP207|ARHGEF10|EML3|OFD1|SMARCA2|HNRNPU|SMARCA4|SMARCB1|SMARCC1|KIF11|SMARCC2|KIF15|SMARCD1|KIF23|SMARCD2|KIF2A|SMARCD3|KIF3B|SMARCE1|KIF4|CENPI|KIFC1|CENPK|KIFC5B|KPNB1|MYBL2|MZT1|NUP62|RAN|DMC1|PRC1|RCC1|KNTC1|SMC1A|SPICE1|STAG1|STAG2|TPX2|CDCA5|PTTG1|AURKA|KIF14|PSRC1|CCNB1|CDK1|FLNA|MAPK15|PINX1|DDB1|ESPL1|TUBG1|TUBG2|CENPF|CUL3|GEM|CCNE1|KIF22|CCNE2|TTL|DCTN2|MLH3|SUN1|SYCE1|SYCE2|SYDE1|NIPBL|NUDC|ACTR2|AKAP8L|BCL7A|BCL7B|BCL7C|BC005624|BAG6|DYNC1H1|CHEK2|EHMT2|DPF1|DPF2|DPF3|RB1|POLDIP2|FBXO5|FMN2|4930447C04RIK|CEP63|VPS4B|RHOA|ACTR3|PTEN|RANGRF|INO80|GEN1|KLHDC8B|MRE11A|BRCA2|MEI4|MND1|AAAS|MSH5|SPDYA|CLASP1|ATF6B|CLASP2|NSMCE2|NUSAP1|PHF13|PLK1|PSMC3IP|REC8|PRDM9|TOP2B|KIF18B|ATM|SYCP3|TOP2A|TRIP13|IK|FAM83D|SMC3|XRCC3|PIBF1|DCAF13|CHMP4B|ZCWPW1|SIRT1|SIRT2|ECT2|SMARCA5|APC|VPS4A|NCAPH2|USP44|AKAP8|CCDC66|BUB1B|CENPQ|CHMP7|SPO11|STAG3|PRAP1|TTK|ZW10|ZWILCH|RAD21|BRIP1|DIS3L2|ACTB|ANAPC1|ACTL6A|ANAPC11|ACTL6B|ANAPC2|ANAPC4|ANAPC5|ANAPC7|BAZ1B|BUB1|PRICKLE1|ARID1A|CDC16|KIF18A|ARID2|CDC20|CDC23|CDC27|CDC6|CDK5RAP2|CEP192|BRD7|CHFR|GOLGA2|LATS1|CIT|CLTC|DYNC1LI1|NUMA1|HECW2|MAD2L1|MAD2L1BP|NCAPD2|NCAPD3|NCAPG|TERF1|NCAPG2|KLHL22|NCAPH|NEK6|PSMG2|SMC2|UBE2B|SMC4|TACC3|UBE2C|UBE2U|LSM14A|ZWINT|KAT2B|PRPF4B,https://www.gsea-msigdb.org/gsea/msigdb/mouse/geneset/GOBP_NUCLEAR_CHROMOSOME_SEGREGATION,262,ENR,GOBP_NUCLEAR_CHROMOSOME_SEGREGATION,2.1347999999999998,2E-3,GOBP_NUCLEAR_CHROMOSOME_SEGREGATION,FALSE,GOBP_NUCLEAR_CHROMOSOME_SEGREGATION
,2.3979400086720402,2.3979400086720402,2.3979400086720402,0.996,0.18029999999999999,1.6199999999999999E-2,0.93500000000000005,DLG5|FOXA1|IFT80|FGFR3|SERPINE1|NOTCH1|FAM20C|CEP63|YIPF6|RPTOR|DLL1|BMP2|RXRA|CLCN2|PRDM1|PTK6|SRC|RARG|E2F4|TBX1|KCNMA1|EXT1|CCDC78|WNT4|ONECUT1|CDX2|NTF5|NFE2L1|NR5A2|BCCIP|NKX2-2|TLR9|B9D1|PGR|CEP152|TMEM231|GATA4|RARA|GATA5|KDM2A|HOXA5|GCM2|CDH1|ABL1|WDR77|TRP73|SOX11|DICER1|SOX4|PROX1|PKP1|PLK4|ZFP800|SOX9|BMP4|SLC9A4|TUBB5|IL6ST|TGFB1|XBP1|DLX3|TYMS|FST|IPO7|C1GALT1|NFIB|CTNNB1|FGFR2|HES1|CDH2|FZD5|SMAD2|INSM1|CEBPB|KLF5|CAV1|CCNO|SHROOM3|RARB|WNT11|EMX1|BHLHA15|TTC8|MSX1|ABL2|GJA1|GSDMC2|TRP63|GAK|IL31RA|DMBT1|JAG1|FOXJ1|SAV1|GATA6|GATA2|HIF1A|CBFA2T2|TJP1|YAP1|CDKN1A|RFX6|TMIGD1|BMP7|LEF1|WDR72|SPDEF|FGF2,https://www.gsea-msigdb.org/gsea/msigdb/mouse/geneset/GOBP_COLUMNAR_CUBOIDAL_EPITHELIAL_CELL_DIFFERENTIATION,108,ENR,GOBP_COLUMNAR_CUBOIDAL_EPITHELIAL_CELL_DIFFERENTIATION,2.2189000000000001,4.0000000000000001E-3,GOBP_COLUMNAR_CUBOIDAL_EPITHELIAL_CELL_DIFFERENTIATION,FALSE,GOBP_COLUMNAR_CUBOIDAL_EPITHELIAL_CELL_DIFFERENTIATION
1,2.3979400086720402,2.3979400086720402,2.3979400086720402,0.996,9.0200000000000002E-2,1.7000000000000001E-2,0.94199999999999995,RAB11A|MAD2L2|BECN1|NAA50|MLH1|NBN|BANF1|KATNB1|PARP3|HSPA1B|PRKCQ|ITPA|DUSP1|MAPK1|RIF1|CPEB1|TPR|LCMT1|DHX36|DRG1|NPPC|NPR2|NUDT16|ARHGEF10|OFD1|PARP1|HNRNPD|HNRNPU|KDM4A|KLF4|RAN|XRCC4|NUP155|CDK11B|CDCA5|MAU2|PDS5B|PTTG1|KIF14|CCNB1|CDK1|YY1|CUL3|GEM|KIF22|DCTN2|ATRX|FBXW7|SMG1|NIPBL|MSH2|ACIN1|ZMPSTE24|MYC|AKAP8L|BAG6|TAL1|4930447C04RIK|CDK2|CEP63|VPS4B|RHOA|GEN1|SETMAR|HUS1|HUS1B|BRCA2|MEI4|MND1|AAAS|MSH5|SPDYA|ERN2|ZFP827|NSMCE2|PSMC3IP|REC8|RECQL|RECQL4|HNRNPA2B1|HNRNPC|ATM|SMC6|ATR|GTF2B|SYCP3|TOP2A|TOP3B|TRIP13|IK|XRCC3|PPP2R5C|PUM2|CHMP4B|NUP98|DKC1|POU5F1|SMARCA5|EXOSC10|HMGB1|VPS4A|GAR1|XPA|AKAP8|MAPK3|GNL3L|HSP90AA1|NEK7|HSP90AB1|PPP1CA|HDAC8|PCNA|PRAP1|PTGES3|RAD21|BRIP1|TCF7L2|TRP53|NUP107|NUP133|NAF1|SFPQ|NAT10|NHP2|ACTB|ANAPC1|ACTL6A|ANAPC11|ACTL6B|ANAPC2|NOP10|ANAPC4|ANAPC5|ANAPC7|BAZ1B|BUB1|ARID1A|CDC16|KIF18A|ARID2|CDC20|HMGB2|CDC23|CDC27|CDC6|BLM|CDK5RAP2|BNC1|CEP192|NVL|BRD7|CHFR|GOLGA2|SMC1B|CIT|DYNC1LI1|FEN1|HECW2|MAD2L1|MAD2L1BP|MCPH1|NAA10|NCAPD2|NCAPD3|NCAPG|NCAPG2|NCAPH|PRKDC|NEK6|PSMG2|SMC2|LDB1|SMC4|TACC3|UBE2C|UBE2U|ZWINT|KAT2B|PRPF4B|UPF1|GNL3|PPP2R1A|FANCD2|RIOK2|SEH1L|AURKB|CHMP5|ZFP830|CENPV|H1F0|HMGB3|H3F3A|SIRT6|H3F3B|RRS1|HMGA2|RUVBL1|SRC|RUVBL2|KAT5|SIRT7|MAD1L1|SMCHD1|BIRC5|BCCIP|BUB3|TEX15|CDCA8|PBRM1|CDT1|PCID2|CENPC1|CCDC61|CENPE|PHF10|UHRF1|SUV39H1|WDHD1|EML4|INCENP|KIF2C|HSPA1A|MAPRE1|MIS12|MTA2|CEP97|NDC80|NEK2|CHMP1A|NSL1|CHMP1B|NUF2|CHMP2A|CHMP2B|RACGAP1|CHMP3|CHMP4C|SKA1|CHMP6|SPAG5|SPC24|SPC25|TEX14|ZFP207|EML3|SMARCA2|SMARCA4|SMARCB1|SMARCC1|KIF11|SMARCC2|KIF15|SMARCD1|KIF23|SMARCD2|ABL1|KIF2A|SMARCD3|CENPA|KIF3B|SMARCE1|CENPH|KIF4|CENPI|KIFC1|CENPK|KIFC5B|CENPN|KPNB1|XRCC5|CENPO|CENPP|CENPT|MYBL2|CENPW|MZT1|NUP62|DLGAP5|PPP2R1B|DMC1|PRC1|HJURP|RCC1|ITGB3BP|KNTC1|SMC1A|SPICE1|STAG1|STAG2|TPX2|NASP|OIP5|POGZ|RAD51C|WNT3A|RNF4|XRCC6|SENP6|SUGT1|ACD|CCT2|CCT3|CCT4|CCT5|CCT6A|CCT7|CCT8|DCLRE1B|DCP2|ERCC4|PSRC1|FBXO4|HMBOX1|MAP2K7|FLNA|MAP3K4|MAPK15|MAPKAPK5|MCRS1|PARN|PARP4|PINX1|PKIB|PNKP|POT1A|POT1B|ESPL1|RAD50|RPA1|TUBG1|RTEL1|TUBG2|SLX4|TCP1|CCNE1|TEP1|CCNE2|TERF2|TERF2IP|TINF2|DNA2|TNKS|TNKS2|WRAP53|ZBTB48|MCMBP|MLH3|SUN1|HSPA2|SYCE1|SYCE2|SYDE1|NUDC|ACTR5|ACTR8|LMNA|BCL7A|BCL7B|BCL7C|SP100|CHTF8|BMYC|CHEK2|DFFB|EHMT2|DPF1|DPF2|DPF3|DSCC1|PIF1|RB1|ESCO1|ESCO2|PHB2|POLDIP2|PML|MSH3|FBXO5|NHEJ1|RANGRF|INO80|INO80B|INO80C|INO80D|INO80E|HHEX|MRE11A|NFRKB|CLASP1|ATF6B|CLASP2|FBXO30|NUSAP1|PDS5A|TOP3A|PHF13|PLK1|TDRD3|PPP1R10|TOP1MT|PRDM9|TOP2B|KIF18B|RPA2|SLX1B|SMC3|PIBF1|SMG5|GCH1|SMG6|TFPT|UCHL5|WRN|YLPM1|PPP2R5D|ZCWPW1|ZFP365|SIRT1|APC|NCAPH2|USP44|DCLRE1C|CCDC66|BUB1B|CHMP7|CTNNB1|ERCC1|SMC5|DDX11|SPO11|STAG3|ERCC3|TOPBP1|TTK|PELO|APEX1|ZW10|AXIN2|ZWILCH|TOP1|XRN1|DIS3L2|RAE1|PRICKLE1|RAD51|RAD54L|LATS1|CLTC|NUMA1|TERF1|KLHL22|UBE2B|XRCC1|LSM14A|LIG4,https://www.gsea-msigdb.org/gsea/msigdb/mouse/geneset/GOBP_CHROMOSOME_ORGANIZATION,455,ENR,GOBP_CHROMOSOME_ORGANIZATION,2.2071000000000001,4.0000000000000001E-3,GOBP_CHROMOSOME_ORGANIZATION,FALSE,GOBP_CHROMOSOME_ORGANIZATION
81,2.6989700043360201,2.6989700043360201,2.6989700043360201,0.998,0.46239999999999998,1.46E-2,0.9,CEACAM1|EMP2|KDR|TMEM100|XDH|RAP1A|CD34|RTN4|HEY1|RAMP2|ADM|HEY2|RIN2|RRAS|RAPGEF2|ASB4,https://www.gsea-msigdb.org/gsea/msigdb/mouse/geneset/GOBP_REGULATION_OF_VASCULOGENESIS,16,ENR,GOBP_REGULATION_OF_VASCULOGENESIS,2.2389999999999999,2E-3,GOBP_REGULATION_OF_VASCULOGENESIS,FALSE,GOBP_REGULATION_OF_VASCULOGENESIS
4,2.67778070526608,2.67778070526608,2.67778070526608,0.99790000000000001,0.1336,2.07E-2,0.97799999999999998,OXCT1|PFKFB2|PFKL|SYT7|PSMD9|ORAI1|ADRA2A|HCFC1|RPTOR|ACVR1C|SIRT6|HNF1A|BRSK2|PRKCB|ZBED6|SERP1|UCP2|RBP4|CD38|G6PC2|ABAT|CHRM3|NADK|BIRC5|JAGN1|FOXO1|C2CD2L|F2RL1|GHRL|SIDT2|SFRP1|RAPGEF4|KLF7|PIM3|TBC1D1|MYH9|PDE4C|EFNA5|PDE8B|OSBP|ENSA|SOX4|TRPM4|BAD|AACS|CNR1|CPT1A|SLC25A22|CACNA1C|CACNA1D|ENY2|PDE3B|TRPM2|TRPM5|ACSL4|BGLAP2|F2RL2|MAP4K4|CFTR|AGT|ALOX5|GNA11|PTPRV|ATG7|NLGN2|TIAM1|ABCC8|FKBP1B|PTPN11|CAPN10|STXBP4|CCL5|PTPMT1|CASR|GLUD1|GPR39|HADH|GJA1|BAIAP3|ARRB1|MLXIPL|LRRC8A|MUP1|MUP2|F2|MUP3|KCNJ11|MUP5|KCNJ6|NR0B2|LRP5|KCNQ1|RFX6|SYBU|STX4A|SNAP25|NOS2|IL1B|CAMK2N1|DYNLL1|ABCA12|MYT1|PCK2|RFX3|MYRIP|PPP3CA|PPP3CB|MIDN|PRKCE|PLA2G6|PPARD|PTGER3|FBN1|CLOCK|SIRT3|HNF4A|SLC16A1|TNF|NPFF|SRI|NNAT|STIM1|TM7SF3|TCIRG1|IFNG|FFAR2|FFAR3|TRPC1|ABCG1|SLC2A2|ANXA7|PRKACA|HMGN3|NCOA6|SIRT1|CELA2A|PRKAR1A|SIRT4|GNAI1|PLCB1|HMGCR|SREBF1|GCK|GNAS|FOXA2|GIPR|GPLD1|LRP1|CDK16|INHBB|ANO1|IRS1|IRS2|PTBP1|KCNB1|LEPR|NR1D1|GLUL|PER2|PFKM|CASK|GNAZ|CRHR2|EPHA5|STXBP5L|GCG|GLP1R|GNAO1|GNAQ|PDE1C|PDX1|REST|NR1H4|ISL1|ITPR1|BLK|UCN3|CHGA|KIF5B|TCF7L2|SLC30A8|GPR68|NKX6-1|ADCY5|NDUFAF2|DOC2B|FTO|IL6|PICK1|TARDBP|SYT9|SYTL4|VSNL1|JAK2|HIF1A|TFAP2B|RAC1|CACNA1E,https://www.gsea-msigdb.org/gsea/msigdb/mouse/geneset/GOBP_REGULATION_OF_INSULIN_SECRETION,198,ENR,GOBP_REGULATION_OF_INSULIN_SECRETION,2.1659000000000002,2.0999999999999999E-3,GOBP_REGULATION_OF_INSULIN_SECRETION,FALSE,GOBP_REGULATION_OF_INSULIN_SECRETION
14,2.74472749489669,2.74472749489669,2.74472749489669,1,0.1527,1.04E-2,0.75600000000000001,BBS1|TUB|GDF11|PAX6|NRP1|TRPM1|LAMB2|NPHP4|LHX1|FAT3|XRN2|RPL24|NOTCH1|SOX8|DRAM2|IMPG2|PSEN1|DLL1|HPS1|CASZ1|SLC17A8|CLCN2|IHH|PRDM1|SLC1A1|STAT3|RORB|ATP8A2|IRX5|TMEM135|DLX2|IKZF1|TGIF1|RBP4|ALMS1|RDH13|USH1C|LHX2|ARSG|BAX|MERTK|TCIRG1|TGFB2|THY1|BBS10|MFSD8|JMJD6|ACVR2B|CELF4|DCX|CHD7|GPM6A|LPCAT1|PER1|BSG|MAX|ARL6|BMPR1B|ARHGEF15|ZHX2|ZFP513|MYH10|PTF1A|DIO3|FJX1|CLIC4|MEGF11|PTN|BMPR2|SDK2|TSPAN12|SMARCD3|DSCAM|TTLL5|PDGFRA|MDM1|PDGFRB|ATP2B4|SCAPER|PROX1|RD3|PDGFB|SOX9|RHOJ|RRM1|SLC4A5|LAMC3|FOS|NPHP1|CACNA1F|HIPK1|SLC4A7|APC|MED1|NFIX|TGFB1|DLL4|TGIF2|ACVRL1|NR2E3|CEP290|COL4A1|RPGRIP1|BBS4|NFIB|SAMD11|AHI1|CABP4|HIPK2|AGTPBP1|THRB|BHLHE22|GNAT1|C3|HES1|NEUROD1|CASP2|CDON|VAX2|SDK1|CRB2|ROM1|NFIA|SERPINF1|FZD4|TULP1|CFH|SOX2|PROM1|CLN8|GRM6|RPGR|UCHL3|DTNBP1|LAMA1|CFD|HPCA|CYP1B1|PAX2|TTC8|NAGLU|GNAT2|ACTL6A|CLDN19|GRN|RPGRIP1L|GNB1|SKI|LIF|USP45|LRP6|PTPRM|PFDN5|RET|PDE6A|NDP|MAN2A1|ACHE|LRP5|NTRK2|HIF1A|TFAP2B|MFSD2A|CALB1,https://www.gsea-msigdb.org/gsea/msigdb/mouse/geneset/GOBP_RETINA_DEVELOPMENT_IN_CAMERA_TYPE_EYE,164,ENR,GOBP_RETINA_DEVELOPMENT_IN_CAMERA_TYPE_EYE,2.3123999999999998,0,GOBP_RETINA_DEVELOPMENT_IN_CAMERA_TYPE_EYE,FALSE,GOBP_RETINA_DEVELOPMENT_IN_CAMERA_TYPE_EYE
46,2.74472749489669,2.74472749489669,2.74472749489669,1,0.13,2.7000000000000001E-3,0.14199999999999999,DUSP3|NRP1|ERBB2|TPBG|FGF10|EPHA2|SHC1|AKAP12|ZFP36L1|CCR3|GPNMB|ACTA2|TIRAP|ADRA1A|TLR2|TLR4|GLIPR2|BMP2|MAP2K2|CXCL17|PHLPP1|SRC|THPO|DAB2|PRKCZ|PRKD2|DUSP1|ATF3|ERBB4|MAP2K1|PYCARD|C1QTNF3|EXT1|MAPK1|RIPK2|NAMPT|HTR2B|HTR2C|ECE1|SLAMF1|EIF3A|PTPN2|INPPL1|F2RL1|RASGRP1|DUSP9|RANBP9|NLRP12|ADIPOQ|HAND2|TNFAIP8L3|PDGFD|SIRPA|NLRP6|TNFRSF11A|SYK|KLF4|MYH9|ABL1|SPRED3|PDE8A|APOE|PDE8B|EPHA7|FAM3C|P2RY1|P2RY6|TBC1D10C|MAP3K12|PDGFA|PDGFB|VEGFA|PSCA|NPNT|BMP4|OXTR|PIN1|DUSP26|TGFB1|XBP1|PRKCA|CAMK2D|TREM2|PTGER4|ZFP36L2|ABCA7|CD4|AGT|INHBA|CNKSR3|RRAS|DLG1|DMD|C3|STYX|ARRB2|FGF21|ALOX15|EDNRA|F2R|TIAM1|ANKRD26|CCL11|ACE2|IQGAP3|MAP2K7|PTPN11|ADORA2A|CCL19|FRS2|NDRG4|AVP|ATP1A3|CCL3|VEGFB|CAV1|CD74|CNTNAP2|CEACAM1|CEACAM2|CASR|FERMT2|CD36|SERPINF2|ITGB1BP1|DYNLT1B|FBXW7|CALCR|CHRNA9|ITGB3|EPOR|ARRB1|IL1A|CXCL12|ITGAV|NPTN|YWHAZ|JUN|KDR|ATP6V0C|MYC|DAB2IP|FGA|NF1|FGB|MFHAS1|GPR183|RAPGEF1|BMYC|IL1B|LYN|EZR|NQO2|CRKL|EDN1|L1CAM|NGF|ZDHHC17|TNIP1|RAP1A|FGFR3|RAP1B|GPR55|NOD2|PHB2|NOTCH1|NOTCH2|SPRY1|NPY|TGFBR3|PTK2B|PTPN6|PTEN|PTPN22|PTPRC|RAPGEF2|SIRT3|CYSLTR2|GSTP1|GSTP2|TFF2|PDGFC|MARCO|TRPV4|NTRK1|TRF|MIF|DNAJC27|TLR9|FAM83D|CFLAR|CIB1|PTPN1|DUSP15|SPRY4|PLA2G5|WNK2|DUSP4|WNK4|DUSP7|IAPP|BRAF|NRG1|ADAM17|AGER|RAMP3|E130311K13RIK|RIT2|FBXO21|FGFBP3|ESR1|ARHGAP8|FGF1|PDGFRA|PTPRR|PDGFRB|CARD9|NECAB2|SMAD4|SOX9|DBNDD2|HMGCR|PKHD1|EGFR|FN1|DDR2|GRB10|CD44|SYNJ2BP|HMGB1|IGF1|ERRFI1|FGFR4|HESX1|LRP1|INS2|SPRED2|APIP|MT3|CSK|BMPER|MAPK3|VRK3|CTSH|CCR1|DUSP10|CRHR2|EPHB2|CXCR4|EGF|EPHA4|FGFR2|GCG|NRXN1|TNFSF11|GNAI2|SEMA6A|FGG|NOX4|C5AR1|RPS6KA6|ANGPT1|SLC30A10|FBLN1|HAVCR2|SEMA7A|ICAM1|TEK|DUSP6|EMILIN1|ESR2|APP|FPR2|DSTYK|ABL2|CD2AP|NDRG2|SPRED1|GAS6|LIF|FLCN|IL6|GCNT2|RGS14|SPRY2|TRAF7|FLT4|PRMT5|NOD1|CSF1R|EPHB1|CHI3L1|FGF18|FGF2,https://www.gsea-msigdb.org/gsea/msigdb/mouse/geneset/GOBP_ERK1_AND_ERK2_CASCADE,294,ENR,GOBP_ERK1_AND_ERK2_CASCADE,2.6141000000000001,0,GOBP_ERK1_AND_ERK2_CASCADE,FALSE,GOBP_ERK1_AND_ERK2_CASCADE
13,2.4202164033831899,2.4202164033831899,2.4202164033831899,0.99619999999999997,0.26290000000000002,3.2199999999999999E-2,1,SIPA1L3|CCDC88C|FRMD6|RNASE10|LUZP1|STC1|PARD3|COL18A1|AMOTL2|BCL11B|HEG1|ROCK1|SCRIB|CDH5|HRH2|PECAM1|RILPL1|CLDN3|JMJD1C|RILPL2|FAT1|FLNB|RAB25|ARHGEF26|CDH1|GRHL2|DACT2|AR|IHH|CLIC4|MAGI1|PALLD|MET|MAP3K1|ID1|ST14|CGN|POF1B|RAC1|NOTCH4|IFT88|PKHD1|SPINT2|PLOD3|TNMD,https://www.gsea-msigdb.org/gsea/msigdb/mouse/geneset/GOBP_EPITHELIAL_CELL_MORPHOGENESIS,45,ENR,GOBP_EPITHELIAL_CELL_MORPHOGENESIS,2.0527000000000002,3.8E-3,GOBP_EPITHELIAL_CELL_MORPHOGENESIS,FALSE,GOBP_EPITHELIAL_CELL_MORPHOGENESIS
8,2.6989700043360201,2.6989700043360201,2.6989700043360201,0.998,0.24440000000000001,2.5399999999999999E-2,0.998,BMP4|P2RX7|OSR1|LTF|FGFR3|WNT10B|MEF2C|KL|ATF4|FBXO5|ATP2B1|FAM20C|CFTR|ALOX5|GPM6B|FBN2|BMP2|ACVR1|BMP6|RXRA|PKDCC|ACTN3|SMAD3|ACVR2A|SLC8A1|WNT4|CEBPB|BMPR1A|TFAP2A|MIA3|RXRB|ACVR2B|VDR|ASXL2|TMEM119|FZD9|OSR2|WNT6|BMPR1B|PTN|BMPR2|ISG15|SLC20A2|ADRB2|NELL1|CD276|AMTN|ANO6|SLC4A2|CSF1R|BMP7,https://www.gsea-msigdb.org/gsea/msigdb/mouse/geneset/GOBP_POSITIVE_REGULATION_OF_BIOMINERAL_TISSUE_DEVELOPMENT,51,ENR,GOBP_POSITIVE_REGULATION_OF_BIOMINERAL_TISSUE_DEVELOPMENT,2.1135000000000002,2E-3,GOBP_POSITIVE_REGULATION_OF_BIOMINERAL_TISSUE_DEVELOPMENT,FALSE,GOBP_POSITIVE_REGULATION_OF_BIOMINERAL_TISSUE_DEVELOPMENT
2,2.74472749489669,2.74472749489669,2.74472749489669,1,0.16020000000000001,6.1000000000000004E-3,0.44,ZMYND8|NLGN3|NEURL1A|DNM1L|KIF1A|PPP1R9B|RBMX|ADAM10|RHOG|CDK5R1|CDKL5|MARK1|EFNA1|CRIPT|NRXN2|PRNP|PSEN1|CC2D1A|PSEN2|CDC42|DGKB|PTK2B|ACTR3|PTEN|VHL|DOCK10|RELN|HSPA8|ITSN1|ZDHHC8|LRRK2|NRCAM|SLC30A1|MFN1|PAK3|NAE1|CPEB3|NEDD8|PTPRS|UBE2M|DHX36|NEDD9|DBN1|VPS35|DOCK4|HNRNPK|HNRNPM|UBE3A|ARHGAP22|MARK2|ABI2|PTPN1|GHRL|SIGMAR1|DCX|CHMP2B|ITPKA|PAFAH1B1|ARHGAP44|CAMK2B|OPA1|ARHGEF15|PUM2|RAPGEF4|PPP1R9A|DISC1|BAIAP2|RAC3|ROR2|PTPRF|RTN4|APOE|EPHA7|ABI3|FLRT2|FGFR1|CYFIP2|NRP2|EEF2K|RPS6KA5|WASL|TAOK2|LRFN2|RTN4R|NCAN|TSC2|ABI3BP|INS1|PDLIM5|INS2|NGEF|SEMA3F|ELMO1|IQGAP1|NCKIPSD|PSD|SEMA4C|SRGAP3|TRIM47|UBE3B|PPFIA2|SRCIN1|TANC2|ZDHHC15|ARC|SHANK3|KALRN|STAU2|CASK|DBNL|DNM3|EPHB2|NLGN1|EPHA4|HTR4|NRXN1|AKT1|CASKIN1|LRFN1|LRFN4|TIAM1|LRRTM1|CDH2|LRRTM2|PRICKLE2|DOCK1|SIPA1L1|CFL1|LRP4|S1PR2|ASAP1|CDK5|ARHGAP33|FYN|CAPRIN1|CAPRIN2|USP9X|GRIN1|ARF4|DTNBP1|HOMER1|APP|WNT5A|DCLK1|PTPRD|TANC1|CRMP1|LRP8|GNA13|RHEB|DACT1|PRICKLE1|MFN2|FAM107A|GRID1|LATS1|ACTR2|FCGR2B|IL1RAP|NUMB|NUMBL|SHANK2|NF1|SLC12A5|MARCKS|BHLHB9|IL1RAPL1|DVL1|XLR3B|RAC1|CUX2,https://www.gsea-msigdb.org/gsea/msigdb/mouse/geneset/GOBP_REGULATION_OF_POSTSYNAPSE_ORGANIZATION,171,ENR,GOBP_REGULATION_OF_POSTSYNAPSE_ORGANIZATION,2.4394,0,GOBP_REGULATION_OF_POSTSYNAPSE_ORGANIZATION,FALSE,GOBP_REGULATION_OF_POSTSYNAPSE_ORGANIZATION
15,2.6989700043360201,2.6989700043360201,2.6989700043360201,0.998,0.1084,2.58E-2,0.999,OGT|DUSP3|ATG14|NOLC1|LRRK1|WWTR1|FEM1A|CDKN2B|PPP1R15A|PSEN1|PPP1R15B|ZBED3|PRKCH|SFRP5|GPD1L|BMP2|HSPB1|DGKQ|PKN1|HNF1A|PTK6|PRKCD|PRKCZ|DUSP1|CTDSPL|PKIA|UCHL1|PYCARD|TMED2|MAPK8IP1|GADD45B|SAMSN1|SUZ12|SH2D1B1|NPPA|PTPN2|SLFN1|SMAD7|PRR5L|SOCS5|NLRP12|CHMP6|IBTK|ADIPOQ|TESK1|SFRP1|PECAM1|INPP5F|CBLC|SHB|GPRC5A|SOCS4|TNFAIP3|VPS25|PARP14|PPIA|ZFYVE28|HNRNPU|ZGPAT|IMPACT|RABGEF1|ABL1|SOCS1|APOE|MET|NCK1|MSTN|PID1|TRIM27|GFRA2|NUP62|SLIT2|INPP5J|NTF3|NTRK3|MYOCD|BAK1|ZC3H12A|ATXN7|BDKRB1|TSC2|HIPK3|TGFB1|PRKCA|EPHA1|CAV3|HEG1|AGT|CNKSR3|SH3GL2|PBK|AKT1|OCLN|RASIP1|CCNB1|INSM1|PKIB|CAV1|ZFP418|CEACAM1|TERF2IP|DNAJA3|ITGB1BP1|DTNBP1|FBXO7|SPAG9|PTPRO|AIDA|ARRB1|KLHL31|SMO|HGF|LRP6|SMYD3|CADM1|HSPA4|MLXIPL|JUN|ADARB1|DAB2IP|NF1|MAPT|DVL1|STAP1|IL1B|LYN|CRKL|PAX6|PPM1E|RGS2|PPM1F|DYNLL1|NR2F2|TFAP4|RB1|PDCD4|RASSF2|FABP4|SPRY1|PRDX3|PARK7|MIDN|GCKR|PSEN2|PTPN6|IGFBP3|PTEN|PTPN22|PTPRC|DNAJC10|BAG1|DNAJA1|CTDSP1|FKBP8|GSTP1|SNCA|GSTP2|INCA1|HNF4A|HHEX|MYADM|SLC8A1|BAX|PLK1|CHORDC1|PPP4C|PTPRJ|DEPTOR|IFNG|ADAR|AKT1S1|THY1|XDH|CDK5RAP3|CDKN2A|CTDSP2|PIBF1|CDK5RAP1|CIB1|PTPN1|UBASH3B|ANKLE2|SPRY4|DUSP19|PLEC|WNK4|DUSP7|PPARGC1A|PPARG|CASP3|AGER|CDKN1B|PTGIS|PPP2R5D|ATXN1|PTPN13|RGN|PTPRB|PTPRH|PKIG|BLVRA|PTPRT|SIRT1|SIRT2|PRKAR1A|ENPP1|NF2|DBNDD2|HMGCR|MLLT1|SH3BP5|GRB10|TRIB3|IGF1|ERRFI1|PRKRIP1|INPP5K|TAF7|CADM4|SPRED2|APC|CDKN2C|INSR|PARD3|HEXIM2|IRS2|NPRL2|PAQR3|MTOR|SRCIN1|CDKN1C|STK38|MEN1|CD300A|DUSP10|DUSP22|SOCS3|CORO1C|GNAQ|PRKAG2|PPP5C|PPEF2|GADD45G|CDKN2D|ANGPT1|SMPD1|IRAK3|FBLN1|BIRC3|DUSP6|GADD45A|TTC36|TRAF3IP1|DNAJC3|GBP4|IL18|PARD6A|SPRED1|CD109|IL2|EIF4G1|HYAL2|MVP|TRIB1|NPM1|GGNBP2|LATS1|LATS2|TARDBP|IRF1|RGS14|SFRP2|SPRY2|PRKDC|TSG101|CDKN1A|PEBP1|KAT2B|COX11,https://www.gsea-msigdb.org/gsea/msigdb/mouse/geneset/GOBP_NEGATIVE_REGULATION_OF_PHOSPHORYLATION,279,ENR,GOBP_NEGATIVE_REGULATION_OF_PHOSPHORYLATION,2.1080000000000001,2E-3,GOBP_NEGATIVE_REGULATION_OF_PHOSPHORYLATION,FALSE,GOBP_NEGATIVE_REGULATION_OF_PHOSPHORYLATION
1,2.74472749489669,2.74472749489669,2.74472749489669,1,0.34460000000000002,2.9000000000000001E-2,1,HTR2C|CACNA1D|SYT1|DNM1L|DTNBP1|BGLAP|BGLAP2|PTGER4|ITGB1|BAIAP3|RAB3B|UNC13A|SLC17A8|NLGN1|STXBP1|SNCA|KMO|STX1A|NAT8L|ADORA2A|BCL2L1|SPHK1|SLC4A8|GPR158|RAB3GAP1,https://www.gsea-msigdb.org/gsea/msigdb/mouse/geneset/GOBP_POSITIVE_REGULATION_OF_NEUROTRANSMITTER_TRANSPORT,25,ENR,GOBP_POSITIVE_REGULATION_OF_NEUROTRANSMITTER_TRANSPORT,2.0785,0,GOBP_POSITIVE_REGULATION_OF_NEUROTRANSMITTER_TRANSPORT,FALSE,GOBP_POSITIVE_REGULATION_OF_NEUROTRANSMITTER_TRANSPORT
66,2.1079053973095201,2.1079053973095201,2.1079053973095201,0.99219999999999997,0.39539999999999997,4.8899999999999999E-2,1,WT1|RET|OSR1|LAMB2|LHX1|TCF21|CD34|NPHS2|PDGFRA|PDGFRB|PAX2|AQP1|EGR1|LGR4|ADIPOQ|PDGFB,https://www.gsea-msigdb.org/gsea/msigdb/mouse/geneset/GOBP_METANEPHRIC_GLOMERULUS_DEVELOPMENT,16,ENR,GOBP_METANEPHRIC_GLOMERULUS_DEVELOPMENT,1.927,7.7999999999999996E-3,GOBP_METANEPHRIC_GLOMERULUS_DEVELOPMENT,FALSE,GOBP_METANEPHRIC_GLOMERULUS_DEVELOPMENT
1,2.4202164033831899,2.4202164033831899,2.4202164033831899,0.99619999999999997,0.1278,4.3499999999999997E-2,1,RAB11A|BECN1|PPP2R1A|RB1|SEH1L|POLDIP2|AURKB|FBXO5|CHMP5|VPS4B|KATNB1|RHOA|RANGRF|INO80|GEN1|RRS1|HSPA1B|DUSP1|AAAS|KAT5|CLASP1|ATF6B|CLASP2|NSMCE2|NUSAP1|TPR|LCMT1|MAD1L1|PHF13|PLK1|DRG1|BIRC5|BCCIP|BUB3|CDCA8|KIF18B|ATM|CDT1|PCID2|CENPC1|CCDC61|CENPE|UHRF1|EML4|INCENP|TRIP13|IK|KIF2C|HSPA1A|MAPRE1|SMC3|XRCC3|MIS12|PIBF1|CEP97|NDC80|NEK2|CHMP1A|NSL1|CHMP1B|NUF2|CHMP2A|CHMP2B|RACGAP1|CHMP3|CHMP4C|SKA1|CHMP6|SPAG5|SPC24|SPC25|TEX14|ZFP207|ARHGEF10|EML3|OFD1|CHMP4B|HNRNPU|KIF11|KIF15|KIF23|KIF2A|KIF3B|KIF4|CENPI|KIFC1|CENPK|KIFC5B|KPNB1|SIRT1|MYBL2|MZT1|NUP62|RAN|PRC1|RCC1|SMARCA5|KNTC1|SMC1A|SPICE1|STAG1|STAG2|TPX2|APC|VPS4A|NCAPH2|USP44|AKAP8|CCDC66|BUB1B|CHMP7|CDCA5|KIF14|PSRC1|CCNB1|PRAP1|TTK|CDK1|FLNA|ZW10|ZWILCH|RAD21|PINX1|ESPL1|TUBG1|TUBG2|CUL3|KIF22|DCTN2|DIS3L2|NIPBL|ANAPC11|NUDC|ANAPC5|ANAPC7|BAZ1B|BUB1|PRICKLE1|CDC16|KIF18A|CDC20|CDC23|CDK5RAP2|CEP192|GOLGA2|CIT|CLTC|DYNC1LI1|NUMA1|MAD2L1|MAD2L1BP|AKAP8L|NCAPD2|NCAPD3|NCAPG|NCAPG2|KLHL22|NCAPH|PSMG2|SMC2|SMC4|UBE2C|LSM14A|ZWINT|KAT2B|PRPF4B|CHEK2,https://www.gsea-msigdb.org/gsea/msigdb/mouse/geneset/GOBP_MITOTIC_SISTER_CHROMATID_SEGREGATION,167,ENR,GOBP_MITOTIC_SISTER_CHROMATID_SEGREGATION,1.9596,3.8E-3,GOBP_MITOTIC_SISTER_CHROMATID_SEGREGATION,FALSE,GOBP_MITOTIC_SISTER_CHROMATID_SEGREGATION
30,1.70553377383841,1.70553377383841,1.70553377383841,0.98029999999999995,0.374,8.5500000000000007E-2,1,ST6GALNAC6|ST3GAL2|LALBA|FUT2|B4GALT1|FUT9|MGAT2|ABO|MPDU1|ST6GALNAC5|B3GALT1|FUT1|ST3GAL4|B3GALT2|B3GALNT1|SEC1,https://www.gsea-msigdb.org/gsea/msigdb/mouse/geneset/GOBP_OLIGOSACCHARIDE_BIOSYNTHETIC_PROCESS,16,ENR,GOBP_OLIGOSACCHARIDE_BIOSYNTHETIC_PROCESS,1.7798,1.9699999999999999E-2,GOBP_OLIGOSACCHARIDE_BIOSYNTHETIC_PROCESS,FALSE,GOBP_OLIGOSACCHARIDE_BIOSYNTHETIC_PROCESS
,2.2441251443275099,2.2441251443275099,2.2441251443275099,0.99429999999999996,0.40339999999999998,3.7499999999999999E-2,1,DMD|CTNNB1|MXRA8|TTPA|ABCB1A|ABCB1B|NDP|LRP5|BPGM|FOXP3|MFSD2A|RECK|VPS4B|CLDN3|LRP6|FZD4|LSR,https://www.gsea-msigdb.org/gsea/msigdb/mouse/geneset/GOBP_ESTABLISHMENT_OF_BLOOD_BRAIN_BARRIER,17,ENR,GOBP_ESTABLISHMENT_OF_BLOOD_BRAIN_BARRIER,2.0108999999999999,5.7000000000000002E-3,GOBP_ESTABLISHMENT_OF_BLOOD_BRAIN_BARRIER,FALSE,GOBP_ESTABLISHMENT_OF_BLOOD_BRAIN_BARRIER
5,1.82681373158773,1.82681373158773,1.82681373158773,0.98509999999999998,8.5300000000000001E-2,7.8799999999999995E-2,1,GAB1|NCOR1|HES5|MAFG|FGF10|SHARPIN|EPHA2|PPARA|PIAS4|FOXN1|ZFP36L1|NFKBIZ|PSEN1|SLITRK6|PRKCH|RBPJ|USH2A|MAFB|HDAC1|HDAC3|KCNMA1|MAP2K1|EXT1|NCOR2|FGF7|USH1C|HOXA7|SOX18|NME2|JAG2|SRSF6|ZFP36|DSP|EZH2|ATP2C1|MCOLN3|CDH23|STARD7|RUNX1|RUNX3|SCRIB|HEY2|PAFAH1B1|IGFBP5|KLF7|SMARCA4|KLF4|MET|SOS1|CELSR1|FAM3C|LGR4|PKP1|PDGFA|NTF3|BCL2|GRHL3|BMP4|SLC4A7|MYO3B|SULT2B1|WNT10B|CYP26B1|CYP27B1|KLK14|SATB1|FZD6|ROCK1|ROCK2|DBI|INHBA|UBN1|PNPLA1|STMN1|YBX1|SOD1|AP3B1|TRIOBP|ALDH3A2|ALOX12|ALOX12B|AKT1|BARX2|ALOX8|ALOXE3|ATP7A|CTSL|ANXA1|COL6A1|ASAH1|IFT88|GAL|ZDHHC21|ANKRD24|TPRN|ALX4|BCR|LAMA5|LAMC1|NAGLU|MSX2|IL1A|TRP63|SMO|SPINK5|EVPL|MFSD12|ZMPSTE24|MYO6|NF1|GATA6|KCNQ1|IVL|PSAP|LSR|ELOVL1|KRT1|MAFF|KRT6A|PAX6|ABCA12|CDSN|CNFN|FGFR3|HRNR|KAZN|MYO7A|LCE1A2|FA2H|PPHLN1|ACVR1B|SPRR1A|NOTCH1|SPRR1B|SPRR2B|BCL11B|SPRR2F|PPP3CA|SPRR2G|SPRR2H|SPRR2I|SPRR2K|SPRR3|GLI1|TGM1|CLDN13|GLI2|PPARD|TGM3|PRSS8|TMEM79|PPL|PSEN2|DLL1|SFN|ATOH1|REG3A|REG3G|KRT10|KRT14|KRT16|KRT17|TNF|KRT2|KRT25|KRT27|ESRP1|LHX2|KRT36|KRT4|NTF5|KRT5|KRT6B|KRT7|KRT75|SLC39A7|KRT76|MYO5A|KRT77|KRT78|TRADD|KRT79|KRT80|KRT81|TGFB2|KRT84|KRT85|KRT86|CST6|ELMOD3|KRTDAP|TMEM132E|CDKN2A|SHH|PLA2G10|ACER1|TFDP1|LDB2|OPN3|HDAC2|MYSM1|PLEC|CASP3|PUM2|CDH1|NAB1|NAB2|CLDN1|CLIC4|PTGS1|PTGS2|HPSE|NSUN2|STK4|DICER1|FGFR1|GFI1|SLC44A4|SMAD4|SRF|SOX9|STFA1|EGFR|STFA2|STFA2L1|GNAS|STFA3|ERCC2|IGF1R|ERRFI1|SVEP1|VANGL2|APCDD1|APC|INSR|MED1|DLX3|NSDHL|DSC1|KEAP1|EDA|EDAR|EDARADD|FLG2|FOXQ1|FST|PLOD1|FUZ|GORAB|HOXC13|KPRP|CLIC5|SNAI1|SOSTDC1|ZFP750|SOX21|TMPRSS11F|TMPRSS13|TNFRSF19|CUX1|TRPC4AP|TRPS1|CTNNB1|WNT10A|MREG|FGFR2|LHFPL5|PCDH15|SFRP4|HES1|HEY1|REST|ERCC3|PDZD7|PLS1|FOSL2|KIF3A|LGR5|LRP4|UGCG|IFT172|PLOD3|WHRN|OVOL1|FERMT1|CDH3|TFAP2A|PKP3|TXNIP|WNT5A|MYCN|SPINT1|VDR|NGFR|FZD3|IL18|SEC24B|WDPCP|NOM1|CLDN4|CD109|DNASE1L2|ETV4|EXPH5|FLNB|FOXC1|PTCH1|SGPP1|GAK|GRHL1|GRHL2|IFT74|INTU|IRF6|RELA|LATS1|LATS2|NCOA3|NUMA1|OVOL2|PALLD|POU2F3|JAG1|POU3F1|SAV1|GDF3|SCEL|EXTL3|SLC39A2|ST14|TFAP2C|TSG101|ATP2B2|WNT16|YAP1|CDKN1A|LDB1|RAC1|AGPAT2|FGF2,https://www.gsea-msigdb.org/gsea/msigdb/mouse/geneset/GOBP_EPIDERMIS_DEVELOPMENT,340,ENR,GOBP_EPIDERMIS_DEVELOPMENT,1.8063,1.49E-2,GOBP_EPIDERMIS_DEVELOPMENT,FALSE,GOBP_EPIDERMIS_DEVELOPMENT
4,2.74472749489669,2.74472749489669,2.74472749489669,1,0.1042,1.3100000000000001E-2,0.86199999999999999,CYB5R4|OXCT1|PFKFB2|PFKL|AIMP1|FAM3A|SLC15A2|SYT7|PSMD9|ORAI1|CWH43|ADRA2A|HCFC1|RPTOR|ACVR1C|SIRT6|HNF1A|HMGA2|BRSK2|PRKCB|RAF1|ZBED6|SERP1|RIMS2|UCP2|RBP4|VGF|CD38|G6PC2|ABAT|CHRM3|NADK|UPK3A|BIRC5|HTR2C|JAGN1|SLC16A2|FOXO1|C2CD2L|SLC15A4|F2RL1|GLTP|GHRL|GLTPD2|SIDT2|PLEKHA8|SFRP1|TAP1|TAP2|RAPGEF4|KLF7|PIM3|ABCB9|DIO2|SLC12A1|TBC1D1|MFSD1|ABCB1A|MYH9|PDE4C|ABCB1B|EFNA5|PDE8B|S100A8|OSBP|ENSA|SOX4|TRPM4|BAD|RBM4|AACS|NMU|CNR1|CPT1A|SLC25A22|CACNA1C|CACNA1D|ENY2|PDE3B|TRPM2|TRPM5|ACSL4|BGLAP2|F2RL2|ILDR1|ILDR2|PTGER4|MAP4K4|UBE2Q1|CFTR|KALRN|AGT|ALOX5|PLTP|SMPD3|PCLO|GNA11|PTPRV|ABCD1|UMOD|EDN3|ABCC1|ATG7|ABCC2|NLGN2|ABCC4|ABCC5|TIAM1|ABCC8|ABCG2|ANXA1|ADORA1|FKBP1B|PTPN11|AQP8|AQP9|CAPN10|STXBP4|CCL5|PTPMT1|CD74|CASR|GLUD1|GPR39|GRP|SLC19A3|SLC25A16|SLC25A42|HADH|FOLR2|GABBR1|GJA1|BAIAP3|ARRB1|IL1RN|SNX19|KISS1|ARHGEF7|LRP2|MLXIPL|LRRC8A|GPR119|VAPA|MUP1|MUP2|F2|MUP3|KCNJ11|MUP5|MGST1|MTTP|FGA|FGB|KCNJ6|NR0B2|LRP5|KCNQ1|RAB11FIP2|RFX6|SYBU|ABCA1|STX4A|SNAP25|NOS2|IL1B|SLC15A1|PSAP|EDN1|SLC18A2|CPE|CAMK2N1|DISP1|DYNLL1|ABCA12|MYT1|PCK2|RFX3|MMP7|MYRIP|PPP3CA|PPP3CB|SLC13A3|PARK7|SLC16A10|MIDN|PRKCE|PRKD1|PLA2G6|PPARD|RAB3A|PTGER3|FBN1|CLOCK|SIRT3|SLC19A1|POU3F3|SCT|HNF4A|ITSN1|S100A9|SLC16A1|HMGA1|SLC14A1|SLC14A2|SLC25A17|TNF|TRPV4|NPFF|SRI|SLC22A8|NNAT|STIM1|TM7SF3|MYO5A|TCIRG1|IFNG|NUCB2|SLC25A32|FFAR2|SLC25A39|FFAR3|SLC25A40|SLC25A47|PDPN|TRPC1|APLN|HNF1B|SLC26A6|ACVR2B|ABCG1|SLC2A2|CHD7|ANXA5|ANXA7|SLC33A1|PPARG|PRKACA|HMGN3|SLC38A3|SLC38A5|CRHBP|NCOA6|SIRT1|CELA2A|PRKAR1A|SIRT4|RASL10B|SLC27A1|GNAI1|SLC46A1|PLCB1|HMGCR|SREBF1|EGFR|GCK|PAX8|GNAS|SLC5A6|FOXA2|GIPR|GPLD1|LRP1|CDK16|INHBB|PTPRN2|ANO1|CDH17|IRS1|IRS2|PTBP1|KCNB1|LEPR|SLC15A3|NR1D1|GLUL|PASK|CAR2|PER2|PFKM|CASK|CCKAR|SLCO1B2|PEX5L|GNAZ|SLCO3A1|CRHR2|EPHA5|STXBP5L|HTT|GCG|GLP1R|TNFSF11|MADD|GNAO1|GNAQ|PDE1C|NEUROD1|PDX1|PTPRN|REST|FGG|AQP1|NR1H4|ISL1|SMAD2|ITPR1|BLK|UCN3|CHGA|KIF5B|TCF7L2|RAB11FIP5|SLC30A8|RAB8B|RAB11B|HFE|SLC7A11|TFR2|ABCA13|AQP3|EXOC3L|AQP7|DGAT1|GPR68|NKX6-1|LIF|ADCY5|NDUFAF2|SGPP1|ABCB10|DOC2B|FTO|IL6|PICK1|TARDBP|STX1A|SYT9|SYTL4|VSNL1|JAK2|FAM3B|HIF1A|TFAP2B|FOLR1|RAC1|ABCA2|CACNA1E,https://www.gsea-msigdb.org/gsea/msigdb/mouse/geneset/GOBP_AMIDE_TRANSPORT,347,ENR,GOBP_AMIDE_TRANSPORT,2.2621000000000002,0,GOBP_AMIDE_TRANSPORT,FALSE,GOBP_AMIDE_TRANSPORT
15,2.74472749489669,2.74472749489669,2.74472749489669,1,0.1069,7.4999999999999997E-3,0.60599999999999998,BEX6|OGT|FRY|HHATL|MAD2L2|DUSP3|ATG14|CAML|NOLC1|PABPN1L|RPL23|LRRK1|WWTR1|PRKAA1|FEM1A|PRKAA2|CDYL|PPP1R15A|PSEN1|PPP1R15B|ZBED3|PRKCH|SFRP5|GPD1L|RPL5|BMP2|HSPB1|DGKQ|PKN1|HNF1A|HSPA1B|PTK6|PRKCD|PRKCZ|DUSP1|CTDSPL|PKIA|UCHL1|DTX3L|PYCARD|CRY1|TMED2|TRIM44|SIRT7|DCUN1D3|MAPK8IP1|GADD45B|SAMSN1|SUZ12|SH2D1B1|NPPA|PTPN2|SLFN1|SMAD7|PRR5L|SOCS5|U2AF2|NLRP12|CHMP6|IBTK|ADIPOQ|TESK1|USP4|SFRP1|PECAM1|INPP5F|CBLC|SHB|GPRC5A|SOCS4|TNFAIP3|VPS25|PARP14|PPIA|ZFYVE28|ZGPAT|IMPACT|KLF15|RABGEF1|ABL1|SOCS1|APOE|MET|NCK1|PID1|TRIM27|GFRA2|SOX4|NUP62|SLIT2|RPL11|INPP5J|NTF3|ATG5|NTRK3|MYOCD|BAK1|ZC3H12A|BDKRB1|TSC2|LIMK1|HIPK3|TGFB1|PRKCA|CAPN3|RPS3|TSPO|EPHA1|CAV3|HEG1|RPS7|BEX1|AGT|DBI|CNKSR3|SH3GL2|BAG5|PBK|ARRB2|DYSF|AKT1|OCLN|RASIP1|CCNB1|FXYD1|INSM1|PINX1|CDK5|PKIB|FYN|CAV1|ZFP418|CEACAM1|TRIM21|TERF2IP|DNAJA3|ITGB1BP1|UBXN1|DTNBP1|FBXO7|SPAG9|PTPRO|AIDA|ARRB1|KLHL31|SMO|HGF|LRP6|SH3RF2|SMYD3|CADM1|HSPA4|MLXIPL|JUN|RASD2|NCOA7|ADARB1|DAB2IP|NF1|OXR1|MAPT|NXN|DVL1|TBC1D24|SQSTM1|CEP78|IL1B|LYN|CRKL|HMG20B|PAX6|PPM1E|RGS2|PPM1F|NR2F2|TFAP4|RB1|PIAS3|PDCD4|RASSF2|FABP4|SPRY1|FBXO5|PARK7|PRKCE|CEP63|PSEN2|PTPN6|DNAJB2|IGFBP3|PTEN|PTPN22|PTPRC|DNAJC10|BAG1|SIRT3|DNAJA1|CTDSP1|FKBP8|GSTP1|SNCA|GPS2|GSTP2|INCA1|HNF4A|PARP10|HHEX|MYADM|SLC8A1|SNTA1|BAX|PLK1|CHORDC1|PPP4C|PTPRJ|DEPTOR|IFNG|ADAR|AKT1S1|THY1|TPPP|SENP2|XDH|CDK5RAP3|CDKN2A|CTDSP2|IVNS1ABP|PIBF1|CDK5RAP1|CIB1|PTPN1|UBASH3B|SPRY4|DUSP19|WNK1|HDAC2|PLAA|PLEC|WNK4|DUSP7|PPARGC1A|BEX2|PPARG|CASP3|AGER|CDKN1B|PTGIS|PPP2R5D|PTPN13|RGN|PTPRB|PTPRH|PKIG|BLVRA|PTPRT|SIRT1|SIRT2|PRKAR1A|ENPP1|NF2|DBNDD2|HINT2|HMGCR|MLLT1|SH3BP5|GSK3B|TRIB3|IGF1|ERRFI1|PRKRIP1|INPP5K|TAF7|CADM4|SPRED2|APC|CDKN2C|INSR|PARD3|HEXIM2|SPOPL|VPS28|PAQR3|PRMT3|MTOR|SRCIN1|USP44|GNL3L|PER2|CDKN1C|STK38|CRTAP|MEN1|CD300A|DUSP10|GTPBP4|DUSP22|GCLC|SOCS3|CTNNB1|CORO1C|HDAC8|GNAQ|PRKAG2|PPP5C|PPEF2|GADD45G|HMG20A|SUMF2|ANGPT1|SMPD1|IRAK3|FBLN1|DUSP6|GADD45A|TTC36|BAG2|TRAF3IP1|DNAJC3|GBP4|IL18|N4BP1|PARD6A|SPRED1|CD109|IL2|EIF4G1|HYAL2|MVP|TRIB1|NPM1|GGNBP2|FLCN|G6PDX|RELA|LATS1|LATS2|TARDBP|ISG15|IRF1|RGS14|SFRP2|MAD2L1|SPRY2|PRKDC|TSG101|CDKN1A|UBE2B|PEBP1|KAT2B|PELI3|BEX4,https://www.gsea-msigdb.org/gsea/msigdb/mouse/geneset/GOBP_NEGATIVE_REGULATION_OF_PROTEIN_MODIFICATION_PROCESS,351,ENR,GOBP_NEGATIVE_REGULATION_OF_PROTEIN_MODIFICATION_PROCESS,2.3736999999999999,0,GOBP_NEGATIVE_REGULATION_OF_PROTEIN_MODIFICATION_PROCESS,FALSE,GOBP_NEGATIVE_REGULATION_OF_PROTEIN_MODIFICATION_PROCESS
82,1.68193666503724,1.68193666503724,1.68193666503724,0.97919999999999996,0.16439999999999999,7.5399999999999995E-2,1,FBXO45|NEDD4L|UBR4|ARIH2|FBXO9|GABARAP|RNF4|UBE2A|BIRC2|KBTBD7|UBE2K|DTX4|NMI|TRIM45|FBXO38|BTRC|TRIM25|UBE2D1|DTX3L|ITCH|TOPORS|TRIM44|KBTBD2|RNF8|RNF6|RNF115|RNF216|RNF170|RNF34|SYVN1|CUL3|TRIM21|RNF126|SPSB3|TRIM65|TTC3|PELI1|UBR5|UBE3A|SKP2|NT5C2|FBXO7|TRIM31|KLHL3|RFFL|TRIM6|TCF25|ANAPC1|ANAPC11|ANAPC2|ANAPC4|ANAPC5|HACE1|ANAPC7|UBE2Q2|UBE3C|CDC16|BFAR|CDC23|TNFAIP3|CDC27|CDC34|HUWE1|PPIA|RNF187|KCMF1|ZNRF2|AMFR|ANAPC10|UBE2G2|ANAPC13|ANAPC16|CUL1|RBX1|CDC26|UBE2E1|RNF146|UBE2R2|UBE2D3|RNF152|UBE2E2|UBE2E3|UBE2G1|UBE2H|UBE2B|UBE2T|MYCBP2|UBE2C|RNF5|ZNRF1,https://www.gsea-msigdb.org/gsea/msigdb/mouse/geneset/GOBP_PROTEIN_K48_LINKED_UBIQUITINATION,90,ENR,GOBP_PROTEIN_K48_LINKED_UBIQUITINATION,1.8176000000000001,2.0799999999999999E-2,GOBP_PROTEIN_K48_LINKED_UBIQUITINATION,FALSE,GOBP_PROTEIN_K48_LINKED_UBIQUITINATION
1,2.74472749489669,2.74472749489669,2.74472749489669,1,0.31990000000000002,1.7000000000000001E-2,0.94099999999999995,SMPD1|S100A10|VPS4A|CHMP1A|CHMP1B|CHMP2A|MYOF|CAV3|CHMP2B|CHMP3|CHMP4C|CHMP5|CHMP6|SYT7|GZMB|SYT11|RAB3A|VPS4B|ARL8B|GSDMD|CHMP4B|MYH10|PRF1|CHMP7|DYSF|MYH9|ANXA2|SYTL4|CASP1|CASP7|TRIM72,https://www.gsea-msigdb.org/gsea/msigdb/mouse/geneset/GOBP_PLASMA_MEMBRANE_REPAIR,31,ENR,GOBP_PLASMA_MEMBRANE_REPAIR,2.2081,0,GOBP_PLASMA_MEMBRANE_REPAIR,FALSE,GOBP_PLASMA_MEMBRANE_REPAIR
43,1.79317412396815,1.79317412396815,1.79317412396815,0.9839,0.21759999999999999,8.5599999999999996E-2,1,ADD3|CASR|HTR2C|OXTR|WDR35|ICAM1|ADRA1D|RBFOX2|SHC1|GJA5|CYSLTR1|GJA1|ALOX5|AVPR2|HRH2|PTGER3|RHOA|UTS2R|ADRA1A|SMAD6|ADRA2C|TACR1|PTGS1|PTGS2|AKT1|ABL1|PDE5A|F2R|TBXA2R|FGA|FGB|FGG|ACE|FAAH|CD38|TRPM4|CHRM3|PDGFB|AVP|AVPR1A|CHGA|HMGCR|EGFR|HRH1|MGLL|TBXAS1|CAV1|NPY1R,https://www.gsea-msigdb.org/gsea/msigdb/mouse/geneset/GOBP_POSITIVE_REGULATION_OF_VASOCONSTRICTION,48,ENR,GOBP_POSITIVE_REGULATION_OF_VASOCONSTRICTION,1.7781,1.61E-2,GOBP_POSITIVE_REGULATION_OF_VASOCONSTRICTION,FALSE,GOBP_POSITIVE_REGULATION_OF_VASOCONSTRICTION
82,2.2441251443275099,2.2441251443275099,2.2441251443275099,0.99429999999999996,0.1087,4.3099999999999999E-2,1,FBXL7|RBCK1|FBXO9|GABARAP|RNF31|UBE2A|SHARPIN|RNF185|UBE2K|DTX4|MKRN2|SASH1|TRIM12A|TRIM12C|TRIM30B|TRIM30D|DTX3L|ITCH|RNF26|RC3H1|RC3H2|TRIM44|KBTBD2|RIPK2|RNF125|RNF168|RNF8|DDB2|TRIP12|PELI1|UBR5|UBE3A|ZFP598|NT5C2|KLHL3|RNF41|D7ERTD443E|SPSB4|TRIM62|BFAR|TNFAIP3|PPIA|RNF187|TMEM129|WDR77|TRAF2|UBE2G2|TRAF6|TRIM27|MYCBP2|RNF5|BCL2|ASB17|RNF4|UBE3B|SHPRH|RNF114|UBE2Q1|FOXF2|RNF180|STUB1|DYSF|RNF111|BTRC|RNF40|TRIM25|UBE2D1|UBE2V1|FBXO4|AKTIP|UBE2N|BRCA1|PNKP|UBR2|CUL3|TRIM21|UBE4B|TNKS|TNKS2|FBXO22|FBXO7|FBXW7|TRIM32|HDAC6|CDC34|HUWE1|MGRN1|UBE2L3|ZNRF2|AMFR|CBL|ANAPC10|ANAPC13|BARD1|ANAPC16|MAP3K1|ASB11|RBX1|CDC26|TRIM2|RNF146|TRIM26|UBE2D3|ZFP91|RNF152|UBE2E2|UBE2E3|UBE2G1|UBE2H|UBE2O|HAMP|UBE2T|HAMP2|UBE2W|MUL1|ZNRF1|FBXO45|NEDD4|NEDD4L|KLHL20|ERCC8|TRIM8|NOD2|CEP63|PTPN22|RNF186|GPS2|PARP10|RNF183|TNF|SPOP|LRSAM1|TOPORS|UBE2J2|TRAF3IP2|UBE4A|ARRDC4|RNF6|RNF135|RNF216|NFE2L1|TRADD|SYVN1|TRIM56|RNF126|TRIM65|TTC3|SKP2|CDKN2A|RFFL|PLAA|UBE2V2|WWP2|FBXW11|CUL4B|HACE1|UBE2Q2|UBE3C|DDX3X|CUL1|UBE2E1|UBE2R2|SMURF1|PPIL2|TNFRSF1A|UBR4|ARIH2|NHLRC1|PEX10|PEX12|BIRC2|KBTBD7|NMI|TRIM45|CTNNB1|FBXL17|NQO1|FBXO38|DDA1|DZIP3|FBXO28|HECTD2|IRF2BP1|MKRN3|NHLRC3|PELI2|RMND5A|RNF123|RNF166|RNF20|RUSC1|UBE2L6|RNF115|UBE2QL1|RNF144A|UBOX5|RNF170|WSB1|RNF34|WSB2|SPSB3|TRIM3|BIRC3|TRIM31|TTC36|TRIM6|RNF14|UBE2J1|RNF25|TCF25|UBE2S|TRIM30A|WDR24|ANAPC1|HECTD1|ANAPC11|ANAPC2|ANAPC4|ANAPC5|AMBRA1|ANAPC7|CDC16|MKRN1|CDC23|CDC27|CHFR|KCMF1|TRIM58|AXIN1|CBFB|RNF167|TRAF7|UBE2B|PRPF19|XIAP|UBE2C|G2E3|UBE2U|PELI3|DCAF15|DTL,https://www.gsea-msigdb.org/gsea/msigdb/mouse/geneset/GOBP_PROTEIN_POLYUBIQUITINATION,241,ENR,GOBP_PROTEIN_POLYUBIQUITINATION,1.9679,5.7000000000000002E-3,GOBP_PROTEIN_POLYUBIQUITINATION,FALSE,GOBP_PROTEIN_POLYUBIQUITINATION
26,2.3872161432802601,2.3872161432802601,2.3872161432802601,0.99590000000000001,0.2097,4.5999999999999999E-2,1,TRAK1|AP3B2|AP3M2|KIF1A|SNAPIN|RAB21|KIF5A|KIF5C|MAPK8IP3|ACTR10|SOD1|ARL8A|BSN|AGTPBP1|CNIH2|HSPB1|KIF1C|AP3B1|ARMCX3|MADD|MECP2|UCHL1|ATG16L1|BLOC1S1|TMEM108|SPAST|BLOC1S2|KIF3A|SPG7|KIF5B|TRIM46|TERF2|CALY|NEFL|HAP1|DST|DTNBP1|AGBL4|NDEL1|FEZ1|AP3M1|AP3S1|AP3S2|PAFAH1B1|FBXW11|HSBP1|HDAC6|AP3D1|ARL8B|RAB27B|BLOC1S3|KIF1B|HIF1A|KIF21A|ANK3|DLG2|SYBU|ATG5|DYNC1H1,https://www.gsea-msigdb.org/gsea/msigdb/mouse/geneset/GOBP_AXONAL_TRANSPORT,59,ENR,GOBP_AXONAL_TRANSPORT,1.9450000000000001,4.1000000000000003E-3,GOBP_AXONAL_TRANSPORT,FALSE,GOBP_AXONAL_TRANSPORT
3,2.0087739243075098,2.0087739243075098,2.0087739243075098,0.99019999999999997,8.7800000000000003E-2,6.7100000000000007E-2,1,OGT|RAB31|MAP3K7|RAB13|EPHB4|ERBB2|GPR21|PKLR|EPHA2|SHC1|FLT3|PRKAA1|ZFP36L1|EPHB3|SIK2|SIRT6|RPS6KB2|SRC|CYP11A1|PRKCB|RAF1|STAT3|PRKCD|PRKCQ|PRKCZ|ERBB4|MAP2K1|UCP2|MAPK1|AKT2|SCNN1B|IGFBP1|CPEB1|KBTBD2|CPEB2|NCOA2|AKT3|MERTK|USF1|RAB8A|GJB2|NCOA1|FLT1|PTPN2|FOXO1|INPPL1|EPHA3|AHSG|STAT6|ADIPOQ|CTSD|EIF4EBP1|OPA1|AKR1C18|SCNN1A|SCNN1G|PARP1|SGK1|KIT|SMARCC1|ACTN2|ROR2|SOCS1|MET|NCK1|SOS1|AGTR1A|EPHA7|SOS2|MSTN|PID1|STAT5A|TYK2|RBM4|RHOQ|NTRK3|YWHAG|BCAR3|ZBTB7B|NR4A1|TSC2|KANK1|TYRO3|MYO1C|PDE3B|TGFB1|DDR1|XBP1|BGLAP|PRKCA|BGLAP2|EPHA1|PTK2|ROCK1|ROCK2|GGCX|ADIPOR1|PIK3R2|AGT|INHBA|AGTRAP|STAR|STAT5B|APPL1|PTPRV|PIK3R1|PIP4K2A|PIP4K2B|SORL1|PIP4K2C|SNX5|AKT1|EDNRA|SOCS2|OSBPL8|ANKRD26|ACE|PRKCI|PTPN11|CCL2|CFL1|APPL2|COL6A1|SH2B2|TRIM72|CAMK2A|CAPN10|CAV2|STXBP4|C1QTNF9|CAV1|MUSK|CEACAM1|CEACAM2|CUL3|GRIA1|INSRR|GOT1|UCHL3|GPT|CYP1B1|ITGB3|PTPRA|IDE|PXN|WNT1|SGCB|LTK|MFN2|CRK|MUP1|MUP2|GRB2|KDR|MAPKAP1|MUP3|MUP5|FAM114A1|AHCYL1|LONP1|RAB10|LPIN1|LPIN2|LPIN3|RBX1|MARCKS|NTRK2|USO1|PAK1|CCNA2|IL1B|ECHDC3|NCOA5|EDN1|VWA2|ZFP592|PAX6|RPS6KB1|NR3C2|ESRRA|PCK1|CUL7|FGFR3|PCK2|SHOC2|DENND4C|PCSK9|RB1|PDPK1|PPP3CA|CDK2|PRKD1|GDF15|GPAM|RAP1GDS1|PTEN|PTPRE|RARRES2|REG1|FBN1|SLC25A33|GSTP1|HDAC9|HMGA1|PHIP|TNF|INSIG1|FOXO4|INSIG2|SLC27A4|GRB14|RANGAP1|SP1|NUCKS1|LPL|SLC9A1|NTRK1|SOCS7|PTPRJ|MYO5A|NUCB2|SESN3|HNRNPK|TSHR|SYAP1|FFAR3|PDK2|HSF1|PDK4|NR4A3|PTPN1|SLC26A6|CSRP3|VAMP2|ANXA5|SLC2A4|PIK3CA|SLC2A8|MAX|GHR|PPARG|PRKACA|NONO|PTPRF|SCO1|SLC39A14|CRHBP|PDGFRA|BLVRA|FGFR1|PDGFRB|SIRT1|PRKAR1A|ENPP1|GH|SLC27A1|PLCB1|EEF2K|GCGR|SREBF1|EGFR|GCK|GNAS|DDR2|FOS|GRB10|GSK3A|IGF1R|GSK3B|TRIB3|IGF1|GPLD1|IGF2|WDTC1|FGFR4|INPP5K|INS1|INHBB|INS2|APC|INSR|IRS1|IRS2|JAK1|TBC1D4|ASS1|MTOR|ATP2B1|CSK|MAPK3|CAR2|SERPINA12|CPS1|MDM2|ZDHHC7|GCLC|SOCS3|CRHR2|CTNNB1|EPHA5|EPHB2|NFE2L2|EPHA4|FGFR2|GCG|GLP1R|A1BG|GNAI2|TIE1|NR1H4|FUT7|KDM6A|SORBS1|BRIP1|SLC30A10|IRS3|NR4A2|NCL|PIK3R3|CYFIP1|TEK|NDEL1|IL18|MST1R|EIF4EBP2|ADRM1|GKAP1|NKX6-1|SRSF3|ADCY6|FBP1|AXL|RELA|FBXW8|RET|BLVRB|GRB7|IRF1|GPR173|JAK2|JAK3|LEPROT|LEPROTL1|FLT4|MBD5|ZFP106|BCAR1|PRKDC|NFKB1|RAC1|HMGCS2|CSF1R|KAT2B|EPHB1|FOXC2,https://www.gsea-msigdb.org/gsea/msigdb/mouse/geneset/GOBP_CELLULAR_RESPONSE_TO_PEPTIDE_HORMONE_STIMULUS,355,ENR,GOBP_CELLULAR_RESPONSE_TO_PEPTIDE_HORMONE_STIMULUS,1.8479000000000001,9.7999999999999997E-3,GOBP_CELLULAR_RESPONSE_TO_PEPTIDE_HORMONE_STIMULUS,FALSE,GOBP_CELLULAR_RESPONSE_TO_PEPTIDE_HORMONE_STIMULUS
9,2.74472749489669,2.74472749489669,2.74472749489669,1,0.18110000000000001,7.4999999999999997E-3,0.60799999999999998,SLC39A12|TCTN1|MAP3K7|WDR83|MIB1|SUFU|PLXNB2|GLMN|CASP8|RALA|BRPF1|LMO4|ZEB2|PFN1|BMP5|RARG|TEAD2|TGIF1|LIAS|TMED2|MTHFD1|LHX2|KDM2B|STIL|SALL4|SMARCA1|RGMA|ENAH|TWIST1|TGFB2|GATAD2A|KIF20B|CC2D2A|SHH|RARA|TSC1|IPMK|KDM2A|CLUAP1|NUP50|MKS1|MED12|SCRIB|SDC4|SFRP1|OPA1|PRKACA|CASP3|DVL2|ABL1|BRD2|STK3|STK4|TRAF6|CELSR1|DLC1|RAB23|CECR2|SPECC1L|SPINT2|GRHL3|TSC2|BMP4|VANGL2|NCKAP1|LUZP1|TGFB1|SEMA4C|KAT2A|FZD6|RPS7|ROCK2|FUZ|ADM|BBS4|MTHFR|CDK20|CFL1|COQ7|KDM6A|NOG|IFT172|SETD2|IFT52|TULP3|PRKACB|PTK7|DEAF1|SHROOM3|TFAP2A|CTHRC1|WNT5A|SPINT1|IFT122|PAX2|FZD3|PHACTR4|SEC24B|ABL2|HECTD1|SALL1|SKI|LRP6|PRICKLE1|ARID1A|PTCH1|LRP2|GRHL2|CITED2|VASP|OVOL2|SFRP2|APAF1|BCL10|ST14|HIF1A|FOLR1|IFT57|MTHFD1L|BMP7|COBL,https://www.gsea-msigdb.org/gsea/msigdb/mouse/geneset/GOBP_NEURAL_TUBE_FORMATION,121,ENR,GOBP_NEURAL_TUBE_FORMATION,2.3725000000000001,0,GOBP_NEURAL_TUBE_FORMATION,FALSE,GOBP_NEURAL_TUBE_FORMATION
18,1.79860287567955,1.79860287567955,1.79860287567955,0.98409999999999997,0.14510000000000001,9.9699999999999997E-2,1,EIF2AK3|OAZ1|GABARAP|NUPR1|PSMD10|PSEN1|RNF185|PSEN2|DNAJB2|SIRT6|HSPA1B|DAB2|LRRK2|NKD2|ERN1|TRF|VCP|MAPK9|PLK1|SH3RF3|SUMO1|RAD23A|HSPA1A|UBQLN1|SOCS5|UBE2V2|CSNK1D|SH3RF1|FMR1|SOCS4|RNFT1|ECSCR|HERPUD1|SIRT1|SIRT2|PLK2|SGTA|EIF2A|CLU|GSK3A|CSNK1E|GSK3B|TRIB3|PIAS1|XBP1|PAQR3|TREM2|MAPK8|MDM2|ZFAND2A|RNF180|GCLC|STUB1|AKT1|HSPBP1|ATG7|AURKA|RNF40|BBS7|PLK3|DDA1|DET1|NUB1|CBFA2T3|OSBPL7|SUMO2|ZER1|ZYG11B|AXIN2|TRIB2|CAV1|BCAP31|RNFT2|ATXN3|FBXO22|CSNK1A1|TMX1|FBXW7|USP13|BAG2|RCHY1|TMEM67|FZR1|WFS1|KCNE2|PRICKLE1|SH3RF2|TRIB1|USP5|CDC20|IL33|TMTC3|CHFR|FBXW8|AXIN1|DAB2IP|RBX1|DVL1|HAMP|UBQLN2|BAG6|DDRGK1,https://www.gsea-msigdb.org/gsea/msigdb/mouse/geneset/GOBP_POSITIVE_REGULATION_OF_PROTEASOMAL_PROTEIN_CATABOLIC_PROCESS,102,ENR,GOBP_POSITIVE_REGULATION_OF_PROTEASOMAL_PROTEIN_CATABOLIC_PROCESS,1.7316,1.5900000000000001E-2,GOBP_POSITIVE_REGULATION_OF_PROTEASOMAL_PROTEIN_CATABOLIC_PROCESS,FALSE,GOBP_POSITIVE_REGULATION_OF_PROTEASOMAL_PROTEIN_CATABOLIC_PROCESS
5,2.74472749489669,2.74472749489669,2.74472749489669,1,0.1507,4.4000000000000003E-3,0.30399999999999999,HES5|MAFG|SHARPIN|EPHA2|FOXN1|ZFP36L1|NFKBIZ|SLITRK6|PRKCH|RBPJ|USH2A|MAFB|HDAC1|KCNMA1|MAP2K1|USH1C|HOXA7|NME2|JAG2|SRSF6|ZFP36|DSP|EZH2|MCOLN3|CDH23|SCRIB|HEY2|PAFAH1B1|KLF7|SMARCA4|KLF4|FAM3C|PKP1|BMP4|SLC4A7|MYO3B|SULT2B1|CYP26B1|CYP27B1|ROCK1|ROCK2|UBN1|PNPLA1|SOD1|TRIOBP|ALOX8|ANXA1|ASAH1|ANKRD24|TPRN|BCR|LAMC1|MSX2|IL1A|TRP63|SPINK5|EVPL|MYO6|GATA6|KCNQ1|IVL|PSAP|KRT1|MAFF|KRT6A|PAX6|ABCA12|CDSN|CNFN|FGFR3|HRNR|KAZN|MYO7A|LCE1A2|FA2H|PPHLN1|SPRR1A|NOTCH1|SPRR1B|SPRR2B|BCL11B|SPRR2F|PPP3CA|SPRR2G|SPRR2H|SPRR2I|SPRR2K|SPRR3|GLI1|TGM1|GLI2|TGM3|TMEM79|PPL|DLL1|SFN|ATOH1|REG3A|REG3G|KRT10|KRT14|KRT16|KRT17|KRT2|ESRP1|KRT36|KRT4|KRT5|KRT6B|KRT7|KRT75|KRT76|KRT77|KRT78|KRT79|KRT80|KRT81|TGFB2|KRT84|KRT85|KRT86|ELMOD3|TMEM132E|CDKN2A|ACER1|OPN3|HDAC2|PLEC|CASP3|CLIC4|PTGS1|PTGS2|STK4|FGFR1|GFI1|SLC44A4|STFA1|STFA2|STFA2L1|STFA3|ERCC2|ERRFI1|MED1|DLX3|KEAP1|CLIC5|CUX1|LHFPL5|PCDH15|SFRP4|HES1|HEY1|REST|ERCC3|PDZD7|PLS1|FOSL2|UGCG|WHRN|OVOL1|CDH3|TFAP2A|TXNIP|WNT5A|MYCN|VDR|SEC24B|WDPCP|CD109|DNASE1L2|ETV4|EXPH5|FLNB|FOXC1|PTCH1|SGPP1|GAK|GRHL1|GRHL2|IFT74|INTU|IRF6|LATS1|LATS2|NCOA3|NUMA1|OVOL2|PALLD|POU2F3|JAG1|POU3F1|SAV1|GDF3|SCEL|EXTL3|SLC39A2|ST14|TFAP2C|TSG101|ATP2B2|WNT16|YAP1|CDKN1A|RAC1|FGF2,https://www.gsea-msigdb.org/gsea/msigdb/mouse/geneset/GOBP_EPIDERMAL_CELL_DIFFERENTIATION,205,ENR,GOBP_EPIDERMAL_CELL_DIFFERENTIATION,2.5045999999999999,0,GOBP_EPIDERMAL_CELL_DIFFERENTIATION,FALSE,GOBP_EPIDERMAL_CELL_DIFFERENTIATION
12,2.74472749489669,2.74472749489669,2.74472749489669,1,0.14799999999999999,2.0000000000000001E-4,5.0000000000000001E-3,RAB11A|LPAR1|RAB34|VDAC3|NEURL1A|PARVA|BBIP1|CDKL5|WWTR1|CWH43|RRP7A|BBS2|ALMS1|EHD1|RAB8A|4933427D14RIK|NEDD9|NME5|NME7|C2CD3|CCDC15|CCDC57|BBS10|CEP120|ARMC2|BBS12|CEP135|CC2D2A|INPP5E|CCDC103|MAPRE1|CCDC39|CCDC40|CEP97|CCDC63|CCDC65|CLUAP1|DCX|DNAJB13|GAS8|CELSR3|HYDIN|IFT46|CNTROB|IQCG|CSNK1D|LRRC23|TESK1|LRRC46|LRRC61|MEIG1|MNS1|OFD1|RSPH1|RSPH4A|RSPH9|SPAG1|SPAG17|SPAG6|SPEF1|SPEF2|STK36|POC1A|TEKT2|CCDC88A|TTC12|CCDC32|TTLL1|KIF3B|TTLL3|TTLL5|ULK4|ZMYND10|CDK10|MKKS|ZMYND12|GALNT11|CCDC146|PLK4|RAB23|CCDC159|PPP1R35|ATG5|RABL2|RTTN|OCRL|DNM2|WDR90|KIF17|TMEM107|ADAMTS16|BBS4|AHI1|TTC21B|AKT1|CEP70|EHD3|TMEM17|TMEM216|AURKA|TMEM80|ABCC4|AVIL|2700049A03RIK|EHD2|FLNA|PTPDC1|MAPK15|TCTN3|IFT20|RILP|IFT88|USP9X|ABLIM1|IFT140|ABLIM3|WDR19|RPGR|HAP1|DTNBP1|LAMA5|IFT122|FSIP1|TRIM32|RPGRIP1L|NUDCD3|DCDC2A|HDAC6|1700012B09RIK|KCNJ10|ACTR2|B9D2|BBS5|ATP6V0D1|CCDC113|CCDC28B|CCDC96|CEP164|ELMOD1|FOXJ1|FAM161B|ATP6V1D|HYLS1|TMEM138|BC048507|KCNQ1|IFT57|SPATA6|CEP78|CCDC13|DNALI1|DZIP1|BBS1|TUB|IFT81|ONECUT2|TCTN1|UNC119B|KIF27|LCA5|DYNLL1|LCA5L|FNBP1L|KLC3|IFT80|RFX3|EVI5L|GDI2|KIF24|NOTCH1|PKD2|SYNE2|LIMK2|MAK|MPHOSPH9|TEKT1|ODF2L|TEKT3|TBC1D30|TEKT4|TBC1D7|TCHP|CEP350|TTC21A|WDR44|RILPL1|RILPL2|YIF1B|ACTR3|TTBK2|FAM161A|SNX10|E2F4|TTC39C|CCDC38|CCDC42|SYNE1|UBXN10|ARL13B|FBXO24|ONECUT1|STIL|PCM1|PFN4|FHDC1|POC1B|RFX2|TTC17|WDR35|KIF19A|CDC14A|B9D1|ELMOD3|CDC14B|RAB17|TMEM231|PIBF1|RAB11FIP3|PLA2G3|CROCC|CDKL1|DUSP23|DYNC2LI1|EHD4|MKS1|ODF2|RABEP2|SDCCAG8|ARL6|SCLT1|DISC1|EXOC5|MICALL1|SNAP29|ATG3|KCTD17|CELSR2|RAB3IP|PKHD1|ZFP423|GSK3B|DCTN1|PQBP1|LIMA1|WDR11|BBS9|CCDC88C|DZIP1L|FAM149B|VANGL2|TCTN2|LUZP1|SSNA1|ARL3|FUZ|GORAB|CEP290|SSX2IP|RPGRIP1|CCDC66|CEP250|DYNC2H1|HTT|ATXN10|PCDH15|ALPK1|FBF1|TAPT1|BBS7|ATMIN|IFT27|KIF3A|KCNF1|MARK4|NEK1|ASAP1|IFT172|NPHP3|IFT52|PCNT|CCNO|ARF4|TMEM67|TRAF3IP1|TTC8|WDPCP|GSN|ENO4|PRICKLE1|CBY1|DNMBP|IFT74|INTU|FBXW8|AK7|KIFAP3|PTPN23|IQCB1|ARMC9|YAP1|UBE2B|TXNDC15|CYLD,https://www.gsea-msigdb.org/gsea/msigdb/mouse/geneset/GOBP_CILIUM_ORGANIZATION,303,ENR,GOBP_CILIUM_ORGANIZATION,2.9969999999999999,0,GOBP_CILIUM_ORGANIZATION,FALSE,GOBP_CILIUM_ORGANIZATION
1,1.99139982823808,1.99139982823808,1.99139982823808,0.98980000000000001,0.31469999999999998,5.4899999999999997E-2,1,BECN1|VPS4A|VPS28|VPS36|CHMP1A|CHMP1B|CHMP2A|CHMP2B|CHMP3|CHMP4C|CHMP5|CHMP6|VPS4B|CHMP4B|PIK3R4|VPS25|CHMP7|SNF8|STAM|PTPN23|LEPROT|LEPROTL1|TMEM50A|TMEM50B|VTA1,https://www.gsea-msigdb.org/gsea/msigdb/mouse/geneset/GOBP_LATE_ENDOSOME_TO_VACUOLE_TRANSPORT,25,ENR,GOBP_LATE_ENDOSOME_TO_VACUOLE_TRANSPORT,1.8968,1.0200000000000001E-2,GOBP_LATE_ENDOSOME_TO_VACUOLE_TRANSPORT,FALSE,GOBP_LATE_ENDOSOME_TO_VACUOLE_TRANSPORT
12,2.74472749489669,2.74472749489669,2.74472749489669,1,0.1152,1.6999999999999999E-3,7.4999999999999997E-2,NEURL1A|DNM1L|ESPN|TMEM106B|AKIRIN1|ARAP1|CAMK1D|PLXNB2|KATNB1|CDC42|RPL4|APBB1|PRKCQ|ATP8A2|AUTS2|EPS8|MAP2K1|MFN1|PACSIN1|FUT9|FIG4|CPEB1|DVL3|NME1|NME2|DHX36|ITGA6|DBN1|PIAS2|EIF2B2|EZH2|MARK2|EPHA3|ABI2|DCX|ITPKA|GPM6A|EFEMP1|PAFAH1B1|MNS1|OPA1|ITGA2|FMR1|BAIAP2|KIT|PTN|BMPR2|CCDC88A|CDC42EP1|CDC42EP2|CDC42EP3|DSCAM|CDC42EP4|CDC42EP5|EFNA5|MET|NCK1|ZMYND10|MSTN|PLK5|DIXDC1|MEGF8|RHOQ|VEGFA|FRMD7|NTN1|FSCN1|NTRK3|WASL|GM14137|ROBO1|ROBO2|ROBO3|RYK|LIMK1|MYO3B|NCKAP1|DDR1|KAT2A|TUBB2B|WNT3|KALRN|STAU2|BBS4|AHI1|GPC2|PIK3R1|WASF2|KIF3C|MOB2|SERPINI1|ATP7A|BDNF|TIAM1|AVIL|PRKCI|CCL19|CFL1|NDRG4|SLITRK1|TWF1|TWF2|PALM|TNIK|CCR7|SH3GLB1|CRABP2|FBXO31|ANLN|KDM1A|FXN|CRP|PTPN5|CX3CL1|SHOX2|CXCL12|LTK|CXCL5|MFN2|ARF6|NUMB|DAB2IP|NUMBL|NF1|FES|NTRK2|CBFA2T2|DVL1|P2RY2|NIN|PAK1|STK24|RAPGEF1|TBC1D24|BMP7|L1CAM|RGS2|SEMA4D|FNBP1L|PLXNB1|SHOC2|RAPGEF2|ZEB2|PFN1|TTBK2|S100A9|ELAVL4|ARSB|HNRNPK|KIDINS220|NEFL|CROCC|ATF1|BRAF|CAMK2B|PUM2|DVL2|DISC1|ADCY10|PPP2R5B|DDX56|KCTD17|RAB3IP|DLG4|PICALM|SMURF1|EEF2K|FN1|METRN|GSK3B|PLEK2|GDI1|PQBP1|TRAK1|INS1|INS2|ADAMTS1|IQGAP1|HSPA5|PTBP1|MTOR|ZDHHC15|ARPC2|CUX1|HSP90AA1|ANKRD27|NFE2L2|NLGN1|EPHA4|NRXN1|GRIP1|SNAP91|NEGR1|AQP1|MARK4|VIL1|SERPINF1|GPRC5B|PLXND1|PTK7|SEMA7A|TGFB3|MACF1|WNT5A|NDEL1|TMEM67|EPS8L1|EPS8L2|ABL2|GRN|ANAPC2|LIF|PROM2|EP300|CRTC1|FBXW8|GOLGA2|MAP3K13|FAM98A|ACHE|BHLHB9|HDAC4|IL1RAPL1|XLR3B|WLS|CORO1B|ENPP2|KAT2B|EPS8L3|ZMYND8|P2RX7|NRP1|PLXNB3|ARHGAP32|CDH4|CDKL5|GOLGA4|SEMA5A|SKIL|ISLR2|MYO5B|TNFRSF12A|ZFYVE27|RRN3|HSPB1|TMEM30A|BMP5|MAP2K2|PTK6|SRC|SETX|TGFBR1|SF3A2|EHD1|MDK|NEDD9|STK11|CNTN1|CEP120|CEP135|RAC2|F2RL1|SERPINE2|SGK1|RANBP1|ABL1|AGRN|APOE|AKAP5|AMIGO1|PPP1R35|ATP1B2|TOX|CNR1|TSC2|BMP4|NEU1|STYXL1|DNM2|NCKIPSD|WNT3A|ACSL6|PLCE1|AGT|DNM3|RREB1|DMD|CLIP1|FKBP1B|FLNA|IFT20|IFT88|FYN|GRIN1|DYNLT1A|HAP1|DYNLT1B|DYNLT1F|ITGA3|IKBKB|FEZ1|ITGB1|EPOR|WNT1|DPYSL3|DEF8|HDAC6|PLEKHM1|HGF|LRP6|NPTN|STMN2|SCARB2|ACTR2|CAMK1|MAPT|MARCKS|LCN2|ANKRD1|LYN|DZIP1|COBL|NGF|DYNLL1|RAP1A|CUL7|OBSL1|PARP6|RAB21|SS18L1|PRKD1|BCL11A|RALA|CHODL|PLXNC1|PTK2B|ACTR3|TIAM2|DOCK11|RELN|CDKL3|SCN1B|SLC30A1|CREB3L2|ILK|NTRK1|PAK3|RGMA|RUFY3|STK25|RAB11FIP3|CFLAR|PLA2G3|UBE2V2|NRG1|ADAM17|PCP4|PPP1R9A|RIT2|PPP2R5D|PTPRF|FGFR1|SIRT1|PTPRZ1|MAGI2|SRF|CD24A|SPHK1|DDR2|IGF1R|LRP1|APC|FUZ|CASK|DBNL|EPHB2|CORO1C|HTT|FBXO38|TAPT1|VLDLR|ATMIN|HTR7|ITPR1|SCARF1|LPAR3|CAPRIN1|CAPRIN2|FZD4|P2RY12|RAB8B|AP2A1|CYFIP1|TRPV2|PTPRD|NGFR|FZD1|LRP8|EIF4G2|ENC1|IL6|RET|SNX3|ADNP|RAC1|CUX2,https://www.gsea-msigdb.org/gsea/msigdb/mouse/geneset/GOBP_POSITIVE_REGULATION_OF_CELL_PROJECTION_ORGANIZATION,406,ENR,GOBP_POSITIVE_REGULATION_OF_CELL_PROJECTION_ORGANIZATION,2.6884000000000001,0,GOBP_POSITIVE_REGULATION_OF_CELL_PROJECTION_ORGANIZATION,FALSE,GOBP_POSITIVE_REGULATION_OF_CELL_PROJECTION_ORGANIZATION
23,2.74472749489669,2.74472749489669,2.74472749489669,1,0.1016,3.7999999999999999E-2,1,ZC3H4|MOV10|NANOS1|UPF1|NANOS3|RBM10|UPF3A|UPF3B|NLRP5|MLH1|PABPC4|REXO4|PABPN1L|XRN2|ZC3H14|RNASEL|PATL1|PHAX|PIAS4|PLEKHN1|ZFP36L1|PNLDC1|POLR2G|TIRAP|PUM1|RBM33|RBM46|SAMD4|HSPA1B|SAMD4B|SECISBP2|SENP1|SSB|RC3H1|RC3H2|TNRC6A|TNRC6B|TNRC6C|TOB1|TRAF5|CPEB3|TRDMT1|CSDE1|DHX36|DHX9|YBX2|YTHDF1|YTHDF3|DHX34|NMNAT1|ZC3H18|DNASE1L1|SRSF1|DNASE2A|DNASE2B|PCID2|ZCCHC17|EDC3|ZFP36|EDC4|EXOG|GSPT2|GTPBP2|HNRNPAB|HSPA1A|SLC11A1|NBAS|GATA5|PNRC1|EIF3E|GDNF|PNRC2|SLFN2|POP1|NUDT12|PRR5L|RNASEH2A|RNASEH2C|NUDT16|RNASET2B|SIDT2|SCGB1A1|SMG7|SND1|TESK1|TREX2|TTC5|UPF2|ZCCHC7|ETF1|MYD88|ZHX2|FMR1|GTPBP1|HNRNPD|HNRNPU|IGF2BP1|LIN28A|TNFRSF1B|METTL3|NCBP1|NCBP2|TRAF2|PABPC1|PAIP1|PIWIL2|CIDEA|PKP1|RBM24|VEGFA|RNASEH2B|ZC3H12A|FUS|ZC3H12D|ROCK1|ROCK2|ZFP36L2|ANG|SYNCRIP|TAF15|YBX1|YTHDF2|DCP2|PARN|DNA2|ENDOG|CALCR|SMG1|DNASE1|DNASE1L3|A1CF|APAF1|ALKBH5|APOBEC1|CASC3|DFFB|CIRBP|ELAVL1|CNOT6L|CSDC2|DFFA|IGFBP3|RNASEH1|DBR1|DCPS|SETMAR|DDX5|ZC3HAV1|TNF|ELAVL4|ERN2|MUS81|NUDT16L1|TRAF3IP2|AIFM1|BAX|GRSF1|HNRNPC|ATM|HSF1|CDKN2A|CELF1|SMG5|SMG6|VIM|KHSRP|FASTKD2|FASTKD3|LSM1|PNPT1|LSM5|LRPPRC|LSM7|MAGOH|MAGOHB|PUM2|METTL14|ARID5A|TREX1|VPS54|NSUN2|RGN|DDX49|PAN2|PAN3|BLVRA|DICER1|DIS3|DKC1|PCBP4|PDE12|EIF4A3|ERI1|EXOSC1|EXOSC10|EXOSC2|EXOSC3|EXOSC4|EXOSC5|EXOSC6|EXOSC7|EXOSC8|EXOSC9|PTBP1|MTOR|RBM38|RBM47|ISG20|RBM7|RBM8A|DIS3L|LSM2|LSM4|NSUN4|LSM6|PELO|APEX1|RNPS1|AXIN2|SLFN8|SLFN9|BRF1|BTG2|METTL16|CAPRIN1|XRN1|ANGEL2|CARHSP1|CNOT1|CNOT10|FASTK|CNOT2|FASTKD1|MRTO4|CNOT3|FASTKD5|CNOT6|NAF1|CNOT7|CNOT8|MAPKAPK2|CTIF|MTPAP|PKP3|DCP1A|DCP1B|DIS3L2|SUPV3L1|TBRG4|DND1|TRNT1|DNASE1L2|EIF4ENIF1|NPM1|FAM76B|FTO|FXR1|IL6|FXR2|GIGYF2|TARDBP|GSPT1|FEN1|GTSF1|HBS1L|HNRNPA0|E2F1|HNRNPR|THRAP3|IGF2BP2|IGF2BP3|IKBKE|LARP1|LARP4B|OAS2|LSM14B|METTL1|TUT1|MEX3D|WDR82,https://www.gsea-msigdb.org/gsea/msigdb/mouse/geneset/GOBP_NUCLEIC_ACID_CATABOLIC_PROCESS,280,ENR,GOBP_NUCLEIC_ACID_CATABOLIC_PROCESS,2.0074999999999998,0,GOBP_NUCLEIC_ACID_CATABOLIC_PROCESS,FALSE,GOBP_NUCLEIC_ACID_CATABOLIC_PROCESS
4,2.3872161432802601,2.3872161432802601,2.3872161432802601,0.99590000000000001,0.13350000000000001,3.8800000000000001E-2,1,CAMK2N1|OXCT1|P2RX7|RAB34|DYNLL1|PFKFB2|DNM1L|PCK2|MYRIP|PPP3CB|PRKCE|TMEM132A|PSMD9|ORAI1|PLA2G6|PPARD|TLR2|HCFC1|TLR4|SIRT6|UNC13B|SIRT3|APBB1|HNF1A|PRKCB|PRKCQ|SERP1|C1QTNF3|RBP4|CD38|ABAT|CHRM3|NADK|SEC24A|APBB3|IER3IP1|NNAT|STIM1|TM7SF3|PPID|VPS35|NR1H2|TGFB2|FFAR2|TRPC1|C2CD2L|F2RL1|GHRL|ABCG1|ADAM9|SLC2A2|ANXA7|BSG|PPARG|PRKACA|RAPGEF4|MYH10|PPIA|MYOM1|GOLPH3L|MYH9|OSBP|NCOA6|SIRT1|PRKAR1A|SOX4|TRPM4|BAD|AACS|ARF1|PLCB1|EGFR|GCK|GNAS|NMU|TTN|CACNA1C|CACNA1D|GIPR|IGF1|GPLD1|LRP1|INS1|INS2|ANO1|TRPM2|TGFB1|TRPM5|IRS2|PTBP1|ACSL4|BGLAP2|F2RL2|TREM2|PTGER4|LEPR|GLUL|CFTR|AGT|TMED10|ANG|PFKM|CASK|GNA11|GCG|GLP1R|ATG7|ATP13A2|MMP13|GNAQ|NLGN2|PCSK1|ABCC8|PDX1|FGG|NR1H4|ADORA2A|ISL1|ITPR1|BLK|CAPN10|UCN3|KIF5B|TCF7L2|ZFP384|SLC30A8|CASR|GLUD1|GPR39|MYO18A|FRMD4A|TGFB3|IL13|CD2AP|GJA1|PARD6A|BAIAP3|GPR68|ARRB1|IL1A|NKX6-1|GOLPH3|EXPH5|EP300|MLXIPL|DOC2B|LRRC8A|FTO|A1CF|F2|TARDBP|ARF6|FGA|FGB|SYTL4|VSNL1|JAK2|PTPN23|NR0B2|HIF1A|KCNN4|RFX6|RAC1|SYBU|WLS|VEGFC|STX4A|SNAP25|ANKRD1|VAMP8,https://www.gsea-msigdb.org/gsea/msigdb/mouse/geneset/GOBP_POSITIVE_REGULATION_OF_PROTEIN_SECRETION,170,ENR,GOBP_POSITIVE_REGULATION_OF_PROTEIN_SECRETION,2.0032999999999999,4.1000000000000003E-3,GOBP_POSITIVE_REGULATION_OF_PROTEIN_SECRETION,FALSE,GOBP_POSITIVE_REGULATION_OF_PROTEIN_SECRETION
3,2.74472749489669,2.74472749489669,2.74472749489669,1,0.24490000000000001,8.0000000000000004E-4,2.4E-2,GAB1|ITGA5|NRP1|EGR3|EPHB4|FGFR3|ERBB2|SMOC2|NOTCH1|EPHA2|FLT3|PRKD1|EPHB3|DLL1|HSPB1|PRKD2|ERBB4|ERN1|NTRK1|MAPK14|MERTK|XDH|FLT1|EPHA3|PIK3CA|KIT|MAP2K3|NUS1|ROR2|MET|EPHA7|PDGFRA|FGFR1|PDGFRB|ATP2B4|NRP2|SPHK1|VEGFA|EGFR|NTRK3|ROBO1|DDR2|IGF1R|NR4A1|TSPAN32|TYRO3|MYO1C|FGFR4|CADM4|INSR|DDR1|DLL4|XBP1|EPHA1|TCF4|CD63|PGF|PIK3CB|PIK3CD|EPHA5|EPHB2|EPHA4|FGFR2|AKT1|SEMA6A|TIE1|ANXA1|ADAMTS3|VEGFB|MUSK|DCN|PTP4A3|INSRR|MAPKAPK2|ITGB1BP1|TEK|EMILIN1|IL12A|IL12B|ITGB1|ITGB3|RAMP2|MST1R|LTK|FOXC1|AXL|RELA|RET|KDR|DAB2IP|CCBE1|SPRY2|FLT4|NTRK2|VEGFC|CSF1R|HRG|ADAMTS12|EPHB1|VTN,https://www.gsea-msigdb.org/gsea/msigdb/mouse/geneset/GOBP_CELLULAR_RESPONSE_TO_VASCULAR_ENDOTHELIAL_GROWTH_FACTOR_STIMULUS,100,ENR,GOBP_CELLULAR_RESPONSE_TO_VASCULAR_ENDOTHELIAL_GROWTH_FACTOR_STIMULUS,2.8563000000000001,0,GOBP_CELLULAR_RESPONSE_TO_VASCULAR_ENDOTHELIAL_GROWTH_FACTOR_STIMULUS,FALSE,GOBP_CELLULAR_RESPONSE_TO_VASCULAR_ENDOTHELIAL_GROWTH_FACTOR_STIMULUS
50,2.3979400086720402,2.3979400086720402,2.3979400086720402,0.996,0.19980000000000001,2.9600000000000001E-2,1,P2RX2|P2RX7|P2RX3|P2RX1|P2RX4|KCNMB2|KCNMB4|MTOR|PMP22|PRX|GJD2|AGT|CHRNA4|SLCO1B2|SOD1|DPP6|GPR88|GSG1L|SCN1B|EFR3B|KCNMA1|SCN4B|SCN5A|FGF12|NRCAM|PENK|FKBP1B|CHRNA1|COL6A1|CHRNB2|MAG|CHRNB4|AVP|AVPR1A|NFASC|ATP1A3|CNTNAP1|CACNA1A|CNTNAP2|PAWR|GPR35|IFNG|GRIA1|FFAR3|BBS10|GPRIN3|NPR2|CACNA1I|GHRL|GRIK2|PLEC|CLDN19|PAFAH1B1|SCN3A|SCN4A|DCDC2A|ITGA2|KCNK2|SCN8A|RAPGEF4|SCN9A|FMR1|KCNA1|KCNA2|KCND2|IL6|KCNC4|S1PR1|KCNK4|JAM3|KCNJ8|NTRK2|ATP1A2|PAK1|ANK3|CACNB4|CACNA1E|NTRK3|OTOA|MYH14|TNR,https://www.gsea-msigdb.org/gsea/msigdb/mouse/geneset/GOBP_TRANSMISSION_OF_NERVE_IMPULSE,81,ENR,GOBP_TRANSMISSION_OF_NERVE_IMPULSE,2.0735999999999999,4.0000000000000001E-3,GOBP_TRANSMISSION_OF_NERVE_IMPULSE,FALSE,GOBP_TRANSMISSION_OF_NERVE_IMPULSE
24,2.74472749489669,2.74472749489669,2.74472749489669,1,0.1087,2.3599999999999999E-2,0.99199999999999999,MAD2L2|BAMBI|CSNK1G1|CSNK1G2|SEMA5A|CSNK1G3|TMEM9|SOX17|TPBG|DKK2|FGF10|FAM53B|JRK|LRRK1|WNT9B|LYPD6|WWTR1|PRDM15|GLI3|RSPO4|SPIN4|TMEM198|PSEN1|TMEM198B|ZBED3|OTUD5|RBPJ|PPP2R3A|SFRP5|RBMS3|BMP2|HDAC1|KREMEN1|RUVBL1|SRC|DAB2|RUVBL2|RPS12|SOST|DKK3|EDNRB|LRRK2|EXT1|WNT4|LMX1A|KPNA1|GREM1|DLX5|DVL3|MDK|ASPM|STK11|DDIT3|FRAT1|FRAT2|NRARP|PEG12|NPPA|UBR5|DACT3|FOXO1|SMAD7|MLLT3|NKX2-5|CSNK1D|SFRP1|NOTUM|SIAH2|JUP|TMEM98|RNF220|KLF4|ROR2|UBAC2|APOE|CDK14|SOX13|SOX4|TRPM4|DIXDC1|LGR4|TCF7|FZD10|TMEM88|KANK1|LMBR1L|PIN1|WNT10B|TGFB1|WNT3A|FZD6|DKKL1|EGR1|WNT3|WNT7B|SULF2|TBL1XR1|THRA|TTC21B|GPC3|EDNRA|BCL9|TBL1X|BTRC|CDH2|SCYL2|COL6A1|FZD7|IFT20|CAV1|CTDNEP1|MESP1|TNKS|TNKS2|MCC|CTHRC1|CTNND2|TLE6|FZD9|PTPRO|WNT1|FZD2|RECK|USP34|DACT1|WNT9A|LRP6|PFDN5|TBX18|USP8|ATP6AP2|AMFR|DAB2IP|NDP|CCNY|MAP3K1|GATA3|LRP5|RNF146|DVL1|RAPGEF1|CCNYL1|RAB5A|BCL9L|WNT2|EDN1|WNT5B|CHD8|NPHP4|FGFR3|NOTCH1|SOX10|GLI1|SHISA3|VPS4B|TLE2|TMEM170B|APC2|PTEN|SDHAF2|EMD|ZEB2|TMEM64|SMAD3|DAAM2|HHEX|SIAH1A|FRZB|SIAH1B|NKD2|ILK|VCP|MAPK14|CTNNBIP1|VPS35|ZNRF3|SHH|WNT8B|TLE3|MKS1|WNK1|HDAC2|WNK2|ANKRD6|PPM1A|PPM1B|ASB15|ASB3|CDH1|DVL2|DISC1|DDX3X|SOX7|STK3|STK4|SMAD4|SOX9|EGFR|GSK3A|CSNK1E|GSK3B|ZFP703|PPM1N|CCDC88C|SBNO1|TLE1|HESX1|APC|FZD8|EDA|BICC1|FUZ|SNAI1|SNAI2|SOSTDC1|TCF7L1|CTNND1|CTNNB1|WNT10A|EGF|FGFR2|SFRP4|GNAQ|INVS|NKD1|PLEKHA4|RSPO1|FZD5|ISL1|LGR5|RSPO3|AXIN2|LRP4|SDC1|LZTS2|NOG|TCF7L2|CAPRIN2|NPHP3|FZD4|GPRC5B|FOXO3|SOX2|FERMT1|PTK7|PYGO1|CDH3|PYGO2|COL1A1|WNT11|CSNK1A1|DAPK3|NLE1|APP|WNT5A|NDEL1|RNF14|FZD1|FZD3|WNT2B|FGF9|WNT6|PRICKLE1|CBY1|LATS1|LATS2|TLE4|AXIN1|SFRP2|PTPRU|SCEL|FRMD8|FOLR1|G3BP1|WNT16|YAP1|UBE2B|ADNP|NFKB1|USP47|WLS|XIAP|LIMD1|LEF1|CYLD|FGF2|FOXD1,https://www.gsea-msigdb.org/gsea/msigdb/mouse/geneset/GOBP_CANONICAL_WNT_SIGNALING_PATHWAY,287,ENR,GOBP_CANONICAL_WNT_SIGNALING_PATHWAY,2.1307999999999998,0,GOBP_CANONICAL_WNT_SIGNALING_PATHWAY,FALSE,GOBP_CANONICAL_WNT_SIGNALING_PATHWAY
36,2.2291479883578602,2.2291479883578602,2.2291479883578602,0.99409999999999998,0.2271,3.3700000000000001E-2,1,GRHL3|OPHN1|WDR1|DLG5|VANGL2|AJAP1|WNT9B|FZD6|FUZ|ZDHHC7|CDC42|RHOA|SFRP5|AHI1|FOXF2|BRSK1|CTNND1|DCHS1|BRSK2|ERBB4|ALMS1|DLG3|IFT20|SH3BP1|TCF15|PTK7|ACTG1|LAMA1|CRB3|LAMA5|MYO9A|CTHRC1|WNT5A|MSN|TRAF3IP1|TTC8|FZD3|SEC24B|WDPCP|ACTB|SCRIB|PAFAH1B1|RPGRIP1L|SFRP1|TRP63|FAT1|EXOC5|INTU|ASTN2|SFRP2|RAB10|CELSR1|CAMSAP3|PKHD1|FAT4|NPHP1,https://www.gsea-msigdb.org/gsea/msigdb/mouse/geneset/GOBP_MORPHOGENESIS_OF_A_POLARIZED_EPITHELIUM,56,ENR,GOBP_MORPHOGENESIS_OF_A_POLARIZED_EPITHELIUM,2.0388000000000002,5.8999999999999999E-3,GOBP_MORPHOGENESIS_OF_A_POLARIZED_EPITHELIUM,FALSE,GOBP_MORPHOGENESIS_OF_A_POLARIZED_EPITHELIUM
21,2.74472749489669,2.74472749489669,2.74472749489669,1,0.18049999999999999,2.0000000000000001E-4,6.0000000000000001E-3,RAB11A|P2RX7|NDE1|SNAPIN|VPS33A|MYO5B|ATP9A|SYT11|PSEN1|UNC13B|PRKCZ|LRRK2|MAP2K1|RAB27A|UNC13C|GBF1|ITGA4|STK11|AP1AR|RASGRP1|CHMP2A|SCRIB|PAFAH1B1|SDC4|TESK1|ARFGAP3|BTBD8|KIF16B|CTBP1|KIFC1|EXOC1|UNC13D|ARF1|MYLK2|WASL|TRAPPC9|SYNJ1|MYO1C|DNM2|KIF5A|KIF5C|KIFC2|KIF13A|PREB|STARD3|DNM3|SAR1A|SMPD3|AHI1|PCLO|SEC16A|TRAPPC1|PIK3CG|RAB7|TRAPPC2|TRAPPC2L|CNIH2|TRAPPC3|AP3B1|TRAPPC4|TRAPPC5|TRAPPC6A|ATP13A2|NLGN2|BLOC1S1|CDH2|BLOC1S2|MAPK15|CDK5|SHROOM2|ACTN4|CUL3|DCTN2|DPYSL2|HAP1|DTNBP1|ARFGAP2|NAGLU|TRAPPC10|AP1S2|TRAPPC6B|AP3M1|YKT6|AP3S1|AP3S2|BAIAP3|SYN2|TMED9|USO1|TRIP11|STXBP2|SYBU|SNAP25|RAB3GAP1|SAR1B|NLGN3|AP3B2|AP3M2|FNBP1L|KIF1A|MYO1A|MYO7A|MYRIP|LIMK2|STEAP3|RAB3A|VPS4B|PTEN|BSN|KIF1C|EXOC3|EXOC6B|SYN3|SNCA|CLASP1|STARD3NL|CLASP2|MX2|MYO5A|TRAK2|TCIRG1|TRIM46|EXOC7|RAB17|LIN7A|LIN7B|LIN7C|EXOC4|SLC2A4|FBXW11|CADPS2|COPS5|PDCD6IP|EXOC5|DYNC1I1|EXOC6|HGS|MLPH|SYN1|MAGI2|PICALM|PDZD11|VPS33B|FYCO1|5730455P16RIK|DCTN1|TRAK1|WDR11|VPS4A|PPFIA2|TANC2|CLN3|MAPK8|TMED10|UNC13A|CTNNB1|MREG|NLGN1|STXBP1|HTT|KLHL12|SYT4|FGFR2|NRXN1|MADD|MECP2|SNAP91|PDCD6|PEF1|PCDH17|SDC1|MAP4K2|KIF5B|TCF7L2|WIPI1|EXOC2|RAB11B|CDH3|SPG11|NDEL1|TOR1A|AP3D1|CADPS|IKBKG|DNM1|BLOC1S3|SDCBP|SNF8|STAM|KIF1B|TSG101|BCL2L1|MYO5C|EXOC8|TBC1D23|F8A,https://www.gsea-msigdb.org/gsea/msigdb/mouse/geneset/GOBP_VESICLE_LOCALIZATION,196,ENR,GOBP_VESICLE_LOCALIZATION,2.9641000000000002,0,GOBP_VESICLE_LOCALIZATION,FALSE,GOBP_VESICLE_LOCALIZATION
12,2.6989700043360201,2.6989700043360201,2.6989700043360201,0.998,7.8600000000000003E-2,4.1500000000000002E-2,1,PSMC5|MAD2L2|APOA1|NEURL1A|BECN1|ESPN|MTSS1|AKIRIN1|ARAP1|ARHGEF5|EPHA2|NCKAP1L|CDC42|HSPA1B|PRKCQ|AUTS2|EPS8|PYCARD|CKAP5|TPR|CTTN|DRG1|DAG1|SEMA4A|SKAP1|ABI2|GHRL|MSN|GPM6A|SWAP70|ARHGEF10|ARHGEF10L|MNS1|ARHGEF15|TFRC|FMR1|BAIAP2|KIT|BAIAP2L1|BAIAP2L2|MYH9|CCDC88A|CDC42EP1|CDC42EP2|CDC42EP3|CDC42EP4|CDC42EP5|EFNA5|MET|NCK1|ZMYND10|FLRT2|MSTN|FLRT3|SLIT2|FCHSD1|FCHSD2|FHOD1|RHOQ|VEGFA|FRMD7|FSCN1|MYOC|NTRK3|WASL|GM14137|CLU|GPR65|CSF2|OXTR|LIMK1|MYO1C|MYO3B|NCKAP1|PDLIM4|TGFB1|PRKCA|RHOC|RPS3|RICTOR|ROCK1|ROCK2|SORBS3|ACVRL1|STAU2|SYNPO2|BBS4|SMPD3|SNX9|PIK3R1|WASF2|STUB1|PIP4K2A|PIP4K2B|PIP4K2C|TACR1|CBLN2|ARL2|ATP7A|NLGN2|PLCG2|BDNF|BID|PLEK|AVIL|RASIP1|CCL11|ACE2|PTPN11|CCL19|CFL1|CCL24|SLITRK1|TWF2|MUSK|PALM|CCK|CCR7|FERMT2|CD36|CD47|BAG4|SH3GLB1|ITGB1BP1|ANLN|FMN1|EPN1|LIMS1|PXN|CX3CL1|CXCL13|KISS1R|CDC34|TBX5|STX18|IL1RAP|ARF6|DAB2IP|FES|NTRK2|OXT|PAK1|SNX4|HRG|BMP7|RAB3GAP1|DHX33|LGALS3|SEMA4D|FNBP1L|CNOT6L|PCSK5|TAL1|PARK7|CDK2|VPS4B|RHOA|ATAT1|PFN1|TTBK2|PFN2|SNCA|TNF|IQSEC1|TAC1|LRSAM1|RAB3GAP2|RALB|SNX18|SNX30|VCP|SNX7|STIL|BAX|CAND1|IFNG|TRIM65|ATM|ATR|HSF1|CROCC|LDB2|BRAF|CDH5|CLSTN1|MED25|CDKN1B|CLDN1|DDX3X|HGS|PPP2R5B|ATG2A|PAN2|PAN3|HYAL1|KCTD17|RAB3IP|DLG4|PSMC6|EEF2K|SRPX2|SYNPO|AMIGO2|GSK3B|PLEK2|PQBP1|IQGAP1|VPS4A|ZDHHC1|MTOR|ARPC2|GNL3L|MAPK8|LCP1|CLDN3|CLDN5|CSF3|HSP90AA1|NEK7|NLGN1|NRXN1|SNAP91|AQP1|CASP4|SDC1|CHGA|MARK4|VIL1|TRP53|WDR45|WIPI1|TEK|CRB3|EMILIN1|TGFB3|ZDHHC5|NDEL1|TMEM67|EPS8L1|EPS8L2|AMBRA1|CDK5RAP2|FLOT1|EVL|ISG15|VASP|FAM98A|GIT1|MAVS|BHLHB9|HDAC4|HIF1A|IL1RAPL1|G3BP1|XLR3B|ENPP2|EPHB1|EPS8L3|MLST8|DLG5|ZMYND8|LPAR1|P2RX7|NRP1|TPBG|MYO5B|PPP2CA|EPHB3|SLITRK6|TIRAP|TLR4|UNC13B|SRC|IL5|TGFBR1|WNT4|NCK2|CCDC15|ABCA3|CEP120|CEP135|BCL2L11|HSPA1A|MAPRE1|RAC2|CLEC7A|TSC1|F2RL1|DSG3|GBP2|CHMP2A|GBP5|GM12250|USP16|SPAG5|SDC4|TESK1|G3BP2|GPSM2|MYD88|SYK|ABL1|AGRN|APOE|AKAP9|NUP62|AMIGO1|PLK4|CLSTN3|PPP1R35|ATG5|NPHP1|SASS6|BAK1|COL16A1|DNM2|WNT10B|CREB1|EPHA1|CAV3|PLCE1|MAP4K4|AGT|AHR|CRBN|DNM3|RAB7|DLG1|ALOX15|CLIP1|ATP13A2|BBC3|NAV3|LRRTM1|LRRTM2|PSRC1|BIK|TPPP3|BMF|FLNA|MAPK15|HOPX|IFT20|IFT88|GDA|IRX3|CAV1|CNTNAP2|SLX4|NPHS1|S100A10|SERPINF2|HAP1|TRIM32|WNT1|DPYSL3|DEF8|HDAC6|PLEKHM1|HIP1R|GRB2|KDR|ACTR2|CLSTN2|MAP3K1|MAPT|BRCC3|ABCA1|DYNC1H1|DZIP1|COBL|PPM1E|NLGN3|PPM1F|DYNLL1|AMIGO3|NPHP4|LINGO4|RAP1B|LRRC24|LRRN1|LRRN3|SH3PXD2B|LRTM1|POLDIP2|LRTM2|SLITRK2|THBS2|FAF1|IQSEC2|PRKCE|PRKD1|TLR6|RALA|PTK2B|ACTR3|PTPN22|RAPGEF3|DOCK11|FNIP1|SMAD3|IKZF1|ID1|CLASP1|CLASP2|NTRK1|MAPK9|PTPRJ|FNIP2|PHLDB1|PHLDB2|POC1B|SUMO1|NR1H2|THY1|TPPP|ULK1|CALY|SLX1B|RAB11FIP3|UBE2V2|LMOD1|LMOD2|NRG1|PDCD6IP|BTK|SMAD4|SRF|NF2|CD24A|SOX9|TPM1|DCTN1|PDE4DIP|LRRTM3|SLAIN1|SLAIN2|FLRT1|LIMCH1|TTBK1|APC|CDH17|ST8SIA2|FUZ|EPHB2|ERCC1|HTT|FAS|MECP2|TAPT1|ATMIN|NOX4|CAPRIN1|P2RY12|CNOT1|CNOT2|UBAP2L|CNOT6|FERMT1|CYFIP1|WNT11|HAS3|ICAM1|MMP3|PTPRD|CLDN19|EIF4G1|LATS1|LATS2|SDCBP|SNF8|NUMA1|STAM|MPP7|BIN1|SLITRK5|TERF1|TSG101|ADNP|RAC1|CUX2|FOXC2,https://www.gsea-msigdb.org/gsea/msigdb/mouse/geneset/GOBP_POSITIVE_REGULATION_OF_CELLULAR_COMPONENT_BIOGENESIS,482,ENR,GOBP_POSITIVE_REGULATION_OF_CELLULAR_COMPONENT_BIOGENESIS,1.9858,2E-3,GOBP_POSITIVE_REGULATION_OF_CELLULAR_COMPONENT_BIOGENESIS,FALSE,GOBP_POSITIVE_REGULATION_OF_CELLULAR_COMPONENT_BIOGENESIS
69,2.0969100130080598,2.0969100130080598,2.0969100130080598,0.99199999999999999,0.1187,6.7400000000000002E-2,1,ITGA5|CDC73|APOA1|ATOH8|SCX|OSR1|ITGA8|LHX1|SIX2|SOX17|EYA1|EPHA2|TAL1|ZFP568|ELF5|ETS2|DUSP5|HNF1A|HMGA2|SMAD3|DAB2|HNF4A|HHEX|ACVR2A|DUSP1|MAP2K5|MBP|TGIF1|MAP2K1|MYADM|EXT1|CLASP1|CLASP2|POFUT2|TNRC6C|ITGB4|LMBRD1|ZBTB17|MMP14|PHLDB1|PHLDB2|DAG1|TBX6|APLN|GATA4|NR4A3|HNF1B|ACVR2B|EXOC4|DUSP2|EXT2|WNK1|LEO1|DUSP4|ADIPOQ|ARMC5|HSBP1|SFRP1|MAPK7|KIF16B|PRKACA|ITGA2|NSD1|DVL2|TNFAIP3|ETV2|AMOT|SOX7|BMPR2|KLF4|MYH9|RNF2|PAF1|FGFR1|PRKAR1A|SMAD4|TCF3|MEGF8|POU5F1|SRF|NAT8|NF2|APLNR|TGFBR2|HIRA|FN1|FOXA2|BMP4|MMP8|TWSG1|CHRD|COL8A1|VANGL2|AHDC1|NCKAP1|COL5A1|WNT3A|COL5A2|POGLUT1|TGIF2|RPS6|WNT3|MESP2|RBM14|INHBA|SMAD1|SNAI1|TAF10|BRD3|COL11A1|EOMES|ACVR1|CTNNB1|LEFTY1|HTT|GPC3|CRB2|SMAD2|COL6A1|FRS2|FZD7|KDM6A|NOG|NPHP3|SETD2|TRP53|MESP1|KDM6B|CUL3|BMPR1A|SOX2|WNT11|HOXA11|MACF1|TXNRD1|WNT5A|DLD|ITGA3|PAX2|ITGB1|ITGB3|GJA1|OSR2|MMP2|IL1RN|DACT1|ITGAV|LRP6|PRICKLE1|UGDH|ARID1A|FOXC1|COL12A1|MMP15|LAMA3|LAMB3|IL10|SYF2|GRB2|AXIN1|COL4A2|SFRP2|ECSIT|CTR9|GPI1|GDF3|GATA6|LRP5|DVL1|LDB1|WLS|RTF1|BMP7|LBX2|LEF1|ARFRP1|MMP9|FOXC2|WNT5B|VTN,https://www.gsea-msigdb.org/gsea/msigdb/mouse/geneset/GOBP_GASTRULATION,180,ENR,GOBP_GASTRULATION,1.8468,8.0000000000000002E-3,GOBP_GASTRULATION,FALSE,GOBP_GASTRULATION
33,2.6989700043360201,2.6989700043360201,2.6989700043360201,0.998,0.1749,2.8299999999999999E-2,1,EDEM2|EIF2AK3|EDEM3|MANF|TMEM33|PACRG|PARP6|PPP1R15A|RPAP2|PARP8|SERP2|DNAJC10|DNAJB9|KLHL15|SERP1|ATF3|ERN1|TMED2|AKT2|ERN2|ATF6B|VCP|BAX|AKT3|TM7SF3|NCK2|EIF2AK4|DDIT3|IFNG|RNF126|UBR5|TMBIM6|HSF1|CDK5RAP3|PTPN2|PTPN1|IGTP|COPS5|DERL1|AKIRIN2|BFAR|DERL2|DERL3|ERLEC1|OS9|RHBDD1|TMBIM4|NCK1|YOD1|HERPUD1|PARP16|DAXX|EIF2A|EIF2S1|BAK1|UBR4|HERPUD2|TMTC4|VAPB|HSPA5|XBP1|PMP22|ATF4|ABCA7|TBL2|PDIA6|PIK3R1|CREB3|STUB1|UMOD|NFE2L2|ATAD3A|AKT1|HSPB8|BOK|CAV1|CUL3|BAG3|CCND1|FICD|ATXN3|QRICH1|HSPD1|STC2|BHLHA15|WFS1|DNAJC3|DNAJB12|DNAJB14|EIF2AK2|DNAJC18|CASP12|HDAC6|SDF2L1|ABCB10|ERMP1|ATF6|AMFR|ASB11|AGR2|UBE2W|CREB3L1|OPTN|DDRGK1,https://www.gsea-msigdb.org/gsea/msigdb/mouse/geneset/GOBP_CELLULAR_RESPONSE_TO_TOPOLOGICALLY_INCORRECT_PROTEIN,104,ENR,GOBP_CELLULAR_RESPONSE_TO_TOPOLOGICALLY_INCORRECT_PROTEIN,2.0848,2E-3,GOBP_CELLULAR_RESPONSE_TO_TOPOLOGICALLY_INCORRECT_PROTEIN,FALSE,GOBP_CELLULAR_RESPONSE_TO_TOPOLOGICALLY_INCORRECT_PROTEIN
39,2.74472749489669,2.74472749489669,2.74472749489669,1,0.1198,2.0000000000000001E-4,4.0000000000000001E-3,APOA1|DHFR|LAMB2|GFRA3|LHX1|CDK5R1|EFNA2|RPL24|APOD|ARTN|PLXNB2|GPM6B|RPL4|APBB1|APBB2|KREMEN1|BRSK2|ATP8A2|AUTS2|MAP2K1|EXT1|GAP43|CHRNB2|RAB8A|CTTN|ITGA4|DAG1|SEMA4A|YTHDF1|DBN1|EIF2B2|ECE1|NPR2|MARK2|EPHA3|GDNF|DCX|PITPNA|GRCC10|PAFAH1B1|DOCK7|INPP5F|KCNA1|PTN|BMPR2|KLF4|RAC3|DSCAM|RTN4|EFNA5|EPHA7|FLRT2|FLRT3|CTNNA2|IGFALS|CYFIP2|KIF21A|DIXDC1|LGR4|SLIT2|MEGF8|MYCBP2|NRP2|NTF3|VEGFA|NTN1|NTRK3|PLXNA3|PLXNA4|ROBO1|ROBO2|ROBO3|RTN4R|RTN4RL1|RYK|LIMK1|PAK2|SEMA3B|SEMA3C|SEMA3D|SEMA3E|SEMA3F|SEMA3G|NFIX|SEMA4B|DDR1|SEMA4C|PRKCA|SEMA4F|SEMA4G|SLIT1|TSPO|PTK2|SLIT3|KIF5A|TUBB2B|KIF5C|UNC5C|KIFC2|WNT3|BEX1|KALRN|WNT7B|CHL1|LRIG2|MAPK8IP3|STMN1|MATN2|NFIB|KIF13B|BHLHE22|PIP5K1C|TBCE|NEXN|BDNF|TIAM1|VAX2|PTPN11|PRKG1|SLITRK1|LGI1|TWF2|USP9X|ABLIM1|CACNA1A|CCK|MYOT|TTL|CRABP2|LAMA1|EMB|LAMA2|LAMA5|LAMB1|LAMC1|FXN|USP33|SHOX2|CXCL12|SMO|LRP2|LAMA3|LAMB3|XK|ADARB1|NUMB|NDP|NUMBL|RAB10|GATA3|NTRK2|DVL1|NIN|PAK1|SPG21|STK24|TBC1D24|SNAP25|BMP7|NTN4|L1CAM|SEMA4D|ZDHHC17|FGFR3|PLXNB1|MEF2C|NOTCH1|ZEB2|MBP|NRCAM|SEMA3A|TNFRSF21|B3GNT2|NEFH|NEFL|NEFM|ISL2|SHH|NR4A3|OLIG1|VIM|BRAF|BSG|CASP3|PUM2|CASP6|CDH1|DISC1|ADCY10|NDN|NOVA2|ENPP1|PICALM|SMURF1|FN1|LAMC3|METRN|GSK3B|GDI1|TRAK1|VANGL2|XYLT1|MT3|SEMA6D|CTNNA1|NCAM1|ARX|BRSK1|EPHA5|STXBP1|EPHA4|FGFR2|HOXA1|SNAP91|NEUROD1|LRP4|TNC|CRTAC1|GAS1|NOG|NOTCH3|NR4A2|PLXND1|SEMA7A|DST|APP|MACF1|WNT5A|DCLK1|FOXP1|NDEL1|BHLHA15|TTC8|ACTB|GRN|ANAPC2|EP300|VASH2|FLOT1|EVL|GOLGA2|MAP3K13|VASP|ACHE|CSF1R|EPHB1|NRP1|EFNB1|EFNB2|EFNB3|PLXNB3|ARHGAP32|CDH4|CDKL5|ERBB2|GOLGA4|SEMA5A|SKIL|ISLR2|MYO5B|EFNA1|TNFRSF12A|ZFYVE27|GLI3|PSEN1|EPHB3|SLITRK6|TSPAN2|LMO4|ETV1|HOXA2|MAP2K2|CHN1|UCHL1|LLGL1|LMX1A|SMN1|SZT2|DLX5|SIN3A|STK11|CNTN1|CELSR3|RUNX3|NCAM2|COL25A1|KLF7|WDR36|ABL1|AFG3L2|AGRN|APOE|AMIGO1|ANK3|GLA|BCL2|CNR1|TSC2|CACNA1F|CSPG5|DNM2|WNT3A|CREB1|UNC5B|PTPRV|EFNA4|EDN3|EDNRA|ATG7|CDH2|FGF13|SIPA1L1|SPAST|APOA4|FKBP1B|FLNA|DSCAML1|ARHGEF25|LAMC2|PCDHAC2|TUBB3|CDK5|UNC5A|EGR2|CNTNAP1|CNTNAP2|NEO1|NTN3|GRIN1|OMG|ALS2|DYNLT1A|NTN5|DYNLT1B|DYNLT1F|ITGB1|TRIM32|PTPRO|DPYSL5|HDAC6|NPTN|CCR5|BOC|JUN|MAPT|FAM168B|KEL|EFNA3|EDN1|CDH11|COBL|EDN2|FBXO45|PRDM8|NPTX1|PAX6|TCTN1|NGF|NLGN3|TFAP4|NEUROG3|SLITRK2|BCL11B|RAB21|MEGF9|BCL11A|GLI2|RAB3A|CHODL|PLXNC1|ACTR3|PTEN|TIAM2|ARHGAP4|ATOH1|RELN|CDKL3|SLC25A46|D130043K22RIK|DAB1|DIP2B|SCN1B|FSTL4|CLASP2|IFRD1|SLC9A6|ILK|LHX2|NTRK1|PAK3|MAG|PRTG|NFASC|PTPRS|MGLL|PTPRJ|RGMA|ENAH|RNF6|RUFY3|TRAK2|TOP2B|TRIM46|TGFB2|THY1|TTC3|ULK1|ULK2|OLFM1|STK25|ACTG1|PLA2G10|ATL1|APLP2|PLP1|BMPR1B|NRG1|ADAM17|MYH10|ALCAM|MYPN|PTPRF|NTNG2|PTPRH|CNTN2|NKX2-1|PTPRZ1|SMAD4|SRF|TRIO|B4GALT5|NRN1|B4GALT6|TAOK2|TNR|IGF1R|CAMSAP2|LRP1|APC|RAPH1|SSNA1|VCL|PMP22|NTNG1|UST|DBNL|CCKAR|EPHB2|CXCR4|EPHB6|TSKU|SEMA6A|SEMA6B|LRRC4C|MTR|APLP1|ISL1|SCARF1|KIF5B|SEMA5B|LPAR3|WDR47|CYFIP1|SPG11|TRPV2|NGFR|FZD3|CD2AP|ADCY1|MMP2|NKX6-1|ETV4|EIF4G2|PRICKLE1|CDK5R2|PTCH1|PTPRM|RET|LMTK2|STXBP5|SLITRK5|JAK2|FOLR1|ADNP|RAC1|CNP|FOXD1,https://www.gsea-msigdb.org/gsea/msigdb/mouse/geneset/GOBP_AXON_DEVELOPMENT,487,ENR,GOBP_AXON_DEVELOPMENT,3.0423,0,GOBP_AXON_DEVELOPMENT,FALSE,GOBP_AXON_DEVELOPMENT
1,2.74472749489669,2.74472749489669,2.74472749489669,1,0.17649999999999999,1.11E-2,0.79,RAB14|RAB34|TMEM175|RAB20|RAB39|SNAPIN|STX17|GRIK5|YIPF5|RAB4B|CHMP5|SYT7|SYT11|RAB3A|STX16|STX6|VPS39|GNAI3|SNAP47|PRRT2|RUFY1|SNCA|STX12|SAMD9L|AU040320|RIMS2|STXBP6|VAMP1|SYT2|NKD2|RAB8A|GOSR1|GOSR2|VPS11|BNIP1|SLAMF1|CHMP1A|CHMP1B|CHMP2A|PLA2G4A|VAMP2|CHMP2B|CHMP3|PLA2G5|CHMP4C|CHMP6|STX11|STX7|PIKFYVE|STX8|CHMP4B|ERC1|ERC2|SNAP29|SPHK1|RIMBP2|STX2|ANKFY1|SYT8|VTI1B|TOM1|VAV3|VPS41|VPS4A|SEC22B|VAMP3|VPS8|TBC1D4|STX3|RUFY4|CLN3|CORO1A|RAB7|ANKRD27|PIP4K2A|CHMP7|PIP4K2B|STXBP1|DYSF|SYT4|ATP13A2|ANXA2|VAMP4|BET1|TGFBRAP1|ANXA1|YIPF4|YIPF7|VCPIP1|CAV2|KIF5B|SYT1|STX5A|SYT3|SPG11|VTI1A|STX19|PLEKHM1|ARL8B|UVRAG|DOC2A|DOC2B|DOC2G|SNPH|SYT13|RPH3A|SYT5|ZNRF2|STX1A|SYT9|CPLX2|USO1|PLEKHM2|SNAP23|EEA1|STX4A|SNAP25|VAMP8|TRIM9|ZNRF1,https://www.gsea-msigdb.org/gsea/msigdb/mouse/geneset/GOBP_ORGANELLE_MEMBRANE_FUSION,120,ENR,GOBP_ORGANELLE_MEMBRANE_FUSION,2.2970000000000002,0,GOBP_ORGANELLE_MEMBRANE_FUSION,FALSE,GOBP_ORGANELLE_MEMBRANE_FUSION
14,2.74472749489669,2.74472749489669,2.74472749489669,1,0.1346,2.8E-3,0.14699999999999999,GDF11|TRPM1|ABR|ITGA8|LHX1|SIX2|FGF10|SOX8|EPHA2|GLI3|GJB6|IMPG2|SLITRK6|FGF3|PPP2R3A|ALDH1A3|RPL38|MAFB|HDAC1|HOXA2|IHH|PRDM1|RARG|STAT3|RORB|ATP8A2|TBX1|MAPK1|RBP4|TDRD7|ALMS1|RDH13|USH1C|KDM2B|DLX5|DVL3|POU2F1|HMGN1|BBS10|FLT1|ABI2|CDH23|GRCC10|EFEMP1|SCRIB|FAT1|ZHX2|ALDH1A1|DIO3|COL2A1|PTN|DSCAM|ROR2|USH1G|MEIS1|SPARC|CELSR1|SOX11|SOX12|SOX4|POC5|PDGFB|VEGFA|NTN1|BAK1|BCAR3|BCL2|GRHL3|BMP4|HIPK1|SLC4A7|COL8A1|MYO3B|WNT3A|CYP26B1|ZEB1|FZD6|MFAP2|STAU2|BBS4|AHI1|PRRX1|FOXF2|SOD1|FBN2|HIPK2|AGTPBP1|BHLHE22|TRIOBP|PRRX2|EDNRA|TBX2|TSHZ1|TBX3|BDNF|TIFAB|CDON|VAX2|PRKCI|CRB2|FRS2|HPN|SHROOM2|YY1|GSC|STRA6|ANKRD24|TPRN|WDR19|RPGR|BCR|RARB|CTHRC1|IFT122|CHRNA9|MSX1|NAGLU|PHACTR4|PITX2|NIPBL|OSR2|WNT1|FZD2|GNAT2|RPGRIP1L|SIX1|SKI|LRP6|MFN2|TBX18|KDR|MYC|MYO6|NDP|NF1|MAN2A1|GATA3|RING1|LRP5|NTRK2|GATA2|SOBP|DVL1|KCNQ1|MFSD2A|BMP7|EDN1|PAX6|OSR1|FGFR3|MYO7A|FAT3|EYA1|NOTCH1|NOTCH2|EYA4|GLI2|FASL|DLL1|VHL|FBN1|ATOH1|CASZ1|SLC1A1|KRT13|FOXI1|IRX5|LRIG3|STOX1|TMIE|TTC39C|FRZB|IKZF1|INSIG1|INSIG2|SP1|BAX|HMX2|SP3|TWIST1|TBC1D20|THY1|TSHR|SHH|NR4A3|CHD7|HDAC2|ARL6|CASP6|DVL2|PTF1A|FJX1|MEGF11|SDK2|TSPAN12|FGFR1|GFI1|PROX1|ENPP1|SIX4|SLC44A4|TCAP|SOX9|PAX8|TH|HESX1|VANGL2|COL5A1|COL5A2|TMEM215|ATF4|FUZ|MAPK3|FSCN2|HOXC13|NR2E3|CEP290|CLIC5|LRIG1|OLFM3|RPGRIP1|SAMD11|CABP4|AQP5|ADAMTS9|COL11A1|THRB|CTNNB1|EPHB2|GNAT1|TSKU|GABRR2|GNGT1|FGFR2|LHFPL5|PCDH15|HOXA1|REST|PDZD7|PLS1|SDK1|AQP1|FZD5|OTX1|ROM1|GAS1|NOG|IFT172|TULP1|CFH|WHRN|COL8A2|SOX2|PROM1|PTK7|TFAP2A|WNT5A|PAX2|TTC8|MFAP5|FZD3|SEC24B|WDPCP|FGF9|ARID1A|PTPRM|CITED2|INTU|JAG1|ZIC1|SPRY2|HIF1A|TFAP2B|ATP2B2|PRKRA|ATP6V1B1|RAC1|CALB1|EPHB1|FGF2,https://www.gsea-msigdb.org/gsea/msigdb/mouse/geneset/GOBP_SENSORY_ORGAN_MORPHOGENESIS,280,ENR,GOBP_SENSORY_ORGAN_MORPHOGENESIS,2.6109,0,GOBP_SENSORY_ORGAN_MORPHOGENESIS,FALSE,GOBP_SENSORY_ORGAN_MORPHOGENESIS
3,2.0809219076239298,2.0809219076239298,2.0809219076239298,0.99170000000000003,0.3911,5.4600000000000003E-2,1,GAB1|IL6|IL6RA|SRC|RIPK1|STAT3|IL6ST|PTPN2|C1QTNF4|CTR9|JAK1|ST18|GFI1|SMAD4|YAP1|CEBPA,https://www.gsea-msigdb.org/gsea/msigdb/mouse/geneset/GOBP_INTERLEUKIN_6_MEDIATED_SIGNALING_PATHWAY,16,ENR,GOBP_INTERLEUKIN_6_MEDIATED_SIGNALING_PATHWAY,1.8998999999999999,8.3000000000000001E-3,GOBP_INTERLEUKIN_6_MEDIATED_SIGNALING_PATHWAY,FALSE,GOBP_INTERLEUKIN_6_MEDIATED_SIGNALING_PATHWAY
20,2.74472749489669,2.74472749489669,2.74472749489669,1,0.28239999999999998,4.8999999999999998E-3,0.34699999999999998,SLC1A3|LPAR1|NRP1|PHOX2A|SEMA3F|RPL24|GLI3|SLITRK6|HOXA3|PLXNA1|NAV2|DMD|MAFB|CTNNB1|EPHB2|SLC25A46|ERBB3|HOXA1|TBX1|HES1|EXT1|TIFAB|SEMA3A|ISL1|NTRK1|CHRNB2|HOXB1|HOXB2|EGR2|ATP8B1|HOXD3|TCIRG1|NKX2-2|NPR2|TFAP2A|HOXB3|PAX2|CHD7|SALL1|SIX1|KCNC1|KCNC2|POU4F1|KCNA1|KCNA2|KCNA3|CITED2|TMEM126A|ADARB1|NDP|SIX4|NRP2|PLXNA3|EPHB1|PLXNA4,https://www.gsea-msigdb.org/gsea/msigdb/mouse/geneset/GOBP_CRANIAL_NERVE_DEVELOPMENT,55,ENR,GOBP_CRANIAL_NERVE_DEVELOPMENT,2.4855,0,GOBP_CRANIAL_NERVE_DEVELOPMENT,FALSE,GOBP_CRANIAL_NERVE_DEVELOPMENT
16,2.74472749489669,2.74472749489669,2.74472749489669,1,0.2082,1.5599999999999999E-2,0.92400000000000004,FANCB|DPF1|DPF2|MAD2L2|DPF3|EP400|EPC2|FUS|VPS72|NBN|PIAS4|PRMT1|FMN2|FOXM1|HELQ|PARP3|ING3|DMAP1|SIRT6|TRRAP|SETMAR|RUVBL1|RUVBL2|SPIRE1|KDM4D|MBTD1|MEAF6|MGMT|DDX11|MORF4L1|MRE11A|CREBBP|ERCC6|KAT5|OOEP|EPC1|RIF1|RNF8|UBE2N|PNKP|SMCHD1|RAD51AP1|MORF4L2|TOP2B|PBRM1|RNF126|ATM|PELI1|PHF10|SKP2|WRAP53|SPIRE2|TIMELESS|FH1|ACTB|UBE2V2|ACTL6A|ACTL6B|WDR48|AGER|ARID1A|ARID2|PARP1|SMARCA2|YEATS4|SMARCA4|BLM|SMARCB1|SMARCC1|ZCWPW1|BRD7|SMARCC2|SMARCD1|ACTR2|SMARCD2|SMARCD3|SMARCE1|BCL7A|BCL7B|BCL7C|SIRT1|BRD8|PRKDC|WAS,https://www.gsea-msigdb.org/gsea/msigdb/mouse/geneset/GOBP_POSITIVE_REGULATION_OF_DOUBLE_STRAND_BREAK_REPAIR,84,ENR,GOBP_POSITIVE_REGULATION_OF_DOUBLE_STRAND_BREAK_REPAIR,2.2263999999999999,0,GOBP_POSITIVE_REGULATION_OF_DOUBLE_STRAND_BREAK_REPAIR,FALSE,GOBP_POSITIVE_REGULATION_OF_DOUBLE_STRAND_BREAK_REPAIR
19,2.67778070526608,2.67778070526608,2.67778070526608,0.99790000000000001,0.30709999999999998,4.2099999999999999E-2,1,BMP4|TGFB2|BMPR1A|TGFB1|TGFB3|NOTCH1|ENG|MSX1|MSX2|RBPJ|SNAI1|SNAI2|BMP2|BMP5|ACVR1|DCHS1|TMEM100|TBX2|TBX20|TBX3|HEY1|TGFBR1|HEYL|SMAD4|APLNR|TGFBR2|BMP7|NOG|ROBO1|ROBO2,https://www.gsea-msigdb.org/gsea/msigdb/mouse/geneset/GOBP_ENDOCARDIAL_CUSHION_FORMATION,30,ENR,GOBP_ENDOCARDIAL_CUSHION_FORMATION,1.9753000000000001,2.0999999999999999E-3,GOBP_ENDOCARDIAL_CUSHION_FORMATION,FALSE,GOBP_ENDOCARDIAL_CUSHION_FORMATION
81,2.74472749489669,2.74472749489669,2.74472749489669,1,0.23080000000000001,4.0000000000000001E-3,0.25800000000000001,NRP1|RAP1A|CUL7|TGFB1|JUNB|SOX17|NOTCH1|PROK2|EPHA2|PTK2|TGFBR3|HEG1|ZFP36L1|GLMN|FOXM1|ADM|WNT7B|ZMIZ1|ITGB8|CITED1|RIN2|BRPF1|RRAS|PAXIP1|RAPGEF2|EMP2|TIPARP|CTNNB1|WT1|FGFR2|HHEX|TEAD2|TIE1|HEY1|RASIP1|TNNI3|CCM2|EGFL7|SOX18|PTPRJ|ANGPT1|HDAC7|WARS2|CAV1|SETD2|FZD4|CEACAM1|PBRM1|XDH|NPR2|CD34|SHH|TEK|FBXW7|GATA4|ENG|MYO18B|MYO1E|PITX2|EPOR|FGF9|RAMP2|NKX2-5|SPRED1|HEY2|ZFPM2|HAS2|ITGAV|SMO|ASB4|CITED2|SMARCA4|AMOT|KDR|TMEM100|RTN4|FGF1|SGPL1|EGFL8|FGFR1|PDGFRB|NTRK2|ENPP1|YAP1|GJC1|APLNR|TGFBR2|MYOCD,https://www.gsea-msigdb.org/gsea/msigdb/mouse/geneset/GOBP_VASCULOGENESIS,88,ENR,GOBP_VASCULOGENESIS,2.5320999999999998,0,GOBP_VASCULOGENESIS,FALSE,GOBP_VASCULOGENESIS
20,2.74472749489669,2.74472749489669,2.74472749489669,1,0.44629999999999997,6.1999999999999998E-3,0.46899999999999997,DMD|BMPR1A|NRP1|DAB1|TFAP2A|HOXA1|SEMA3F|HSPA5|KIF14|SEMA3A|PAX2|RAC1|NRP2|HOXB1|HOXB2|EGR2|PLXNA3|PLXNA4|DLL1|USP9X|KCNA2,https://www.gsea-msigdb.org/gsea/msigdb/mouse/geneset/GOBP_ANATOMICAL_STRUCTURE_ARRANGEMENT,21,ENR,GOBP_ANATOMICAL_STRUCTURE_ARRANGEMENT,2.4256000000000002,0,GOBP_ANATOMICAL_STRUCTURE_ARRANGEMENT,FALSE,GOBP_ANATOMICAL_STRUCTURE_ARRANGEMENT
1,1.8507808873446201,1.8507808873446201,1.8507808873446201,0.9859,7.5700000000000003E-2,8.0500000000000002E-2,1,RAB11A|NDE1|BECN1|DHODH|DNM1L|MLH1|RPL24|FIGNL1|FIS1|BANF1|KATNB1|CDC42|RBM46|HSPA1B|DUSP1|UBB|EPS8|MFN1|CPEB1|TPR|LCMT1|CTDP1|DRG1|NME6|NPR2|ARHGEF10|OPA1|OFD1|HNRNPU|MET|ZSCAN21|PIWIL2|RAN|PDGFB|CDK11B|NFIX|TGFB1|SEC16B|NFIB|SMPD3|CDCA5|PTTG1|KIF14|TOM1L1|TOM1L2|ASZ1|CCNB1|CDK1|COX10|UBR2|OSM|DDB1|FOXJ2|FOXJ3|MYBL1|PSMD13|CUL3|KIF22|DCTN2|MSX1|CDCA2|MSX2|CUL9|NIPBL|FBXW5|GJA1|IL1A|MFN2|MTCH2|GPR3|MTFR1|TMCC1|PEX11A|AKAP8L|BC005624|BAG6|BRDT|BMP7|IL1B|HSF5|FGFR3|4930447C04RIK|CEP63|PINK1|VPS4B|CNTD1|RHOA|EME1|EME2|FANCM|GEN1|HSF2BP|TMEM135|SIAH1A|TNF|BRCA2|MEI4|MND1|AAAS|MSH5|SPDYA|MUS81|NSMCE2|PSMC3IP|REC8|RMI1|SLC25A31|ATM|SYCP3|TOP2A|HSF1|TRIP13|IK|XRCC3|PPARGC1A|CALR|CAMK2B|DCAF13|CHMP4B|CDKN1B|PEX19|PLCB1|SMARCA5|GSK3B|IGF1|IGF2|INS1|INS2|INSR|VPS4A|AKAP8|CDKN1C|PPP2R2D|FGFR2|PRAP1|RAD21|NFIA|BRIP1|ACOX1|WNT5A|NDEL1|FZR1|MASTL|UBE2S|ANAPC11|ANAPC5|ANAPC7|LIF|ANKLE1|BAZ1B|BUB1|CDC16|KIF18A|CDC20|CDC23|CDK5RAP2|CEP192|CHFR|GOLGA2|CIT|IRGM1|DYNC1LI1|MAD2L1|MAD2L1BP|NCAPD2|NCAPD3|NCAPG|NCAPG2|NCAPH|PSMG2|SMC2|SMC4|UBE2C|ZWINT|KAT2B|PRPF4B|FANCA|PPP2R1A|FANCD2|SEH1L|AURKB|CHMP5|RAD1|CCNB2|DDX4|DNMT3L|RRS1|L3MBTL1|STRA8|UCP2|PEX11B|KAT5|SIRT7|WNT4|MAD1L1|MKI67|ASPM|TDRD12|BIRC5|BCCIP|BUB3|TEX15|CDCA8|CDT1|PCID2|CENPC1|CCDC61|CENPE|UHRF1|EML4|INCENP|ACOT8|KIF2C|BCL2L11|HSPA1A|MAPRE1|MIS12|CEP97|NDC80|NEK2|CHMP1A|NSL1|CHMP1B|NUF2|CHMP2A|CHMP2B|RACGAP1|CHMP3|CHMP4C|SKA1|USP16|CHMP6|SPAG5|SPC24|SPC25|IGTP|TEX14|IRGM2|ZFP207|EML3|EPGN|KIF11|NSFL1C|KIF15|KIF23|RANBP1|KIF2A|UBXN2B|KIF3B|KIF4|CENPI|KIFC1|CENPK|KIFC5B|KPNB1|MYBL2|MZT1|NUP62|DMC1|PRC1|RCC1|KNTC1|SMC1A|SPICE1|STAG1|BMP4|STAG2|TPX2|RAD51C|CYP26B1|SYCP2|TDRKH|4930550C14RIK|PSMA8|AP3B1|EDN3|AURKA|ERCC4|PSRC1|SPAST|FLNA|BNIP3|MAPK15|CAV2|PINX1|ESPL1|TUBG1|TUBG2|SLX4|CCNE1|DCN|CCNE2|DDHD1|DDHD2|BTC|MLH3|SUN1|HSPA2|ORC4|SYCE1|SYCE2|SYDE1|GDAP1|NUDC|GGNBP1|INF2|KDR|ACTR2|LPIN1|MAPT|LRP5|MFF|CHEK1|CHTF18|MTFP1|CHEK2|MUL1|EDN1|EHMT2|MYO19|ING2|REEP3|REEP4|TGFA|PGAM5|CUL7|PDXP|EREG|RB1|PHB2|POLDIP2|OBSL1|PPP2R2B|FBXO5|FMN2|RALA|RALBP1|ACTR3|PTEN|CKS2|RANGRF|INO80|SLC25A46|KLHDC8B|SPIRE1|STAT2|PHIP|MRE11A|NPM2|CLASP1|ATF6B|CLASP2|OOEP|NUSAP1|PHF13|PLK1|PRDM9|RAD51AP1|NFE2L1|VPS35|TOP2B|KIF18B|CDC14A|SH2B1|CDC14B|SMC3|PIBF1|SPIRE2|ANKLE2|BROX|YWHAH|PPARG|ZCWPW1|ESR1|PDGFRB|SIRT1|SIRT2|RPS6KA2|SPHK1|CD28|IGF1R|APC|NCAPH2|USP44|SUV39H2|CCDC66|BUB1B|CHMP7|CORO1C|EGF|MTBP|SPO11|STAG3|TOPBP1|TTK|RSPO1|ZW10|ZWILCH|SPIN1|DIS3L2|PDE3A|PRICKLE1|EIF4G3|RAD51|RAD54B|RAD54L|CLTC|NUMA1|TERF1|KLHL22|UBE2B|PEBP1|LSM14A|CDC25B,https://www.gsea-msigdb.org/gsea/msigdb/mouse/geneset/GOBP_ORGANELLE_FISSION,414,ENR,GOBP_ORGANELLE_FISSION,1.7981,1.41E-2,GOBP_ORGANELLE_FISSION,FALSE,GOBP_ORGANELLE_FISSION
,2.74472749489669,2.74472749489669,2.74472749489669,1,0.37380000000000002,1.32E-2,0.86599999999999999,PSMC5|SACS|MFSD8|HSF1|HAP1|DLGAP1|HSPA2|PMP22|DNAJB1|DNAJB2|HDAC6|BAG5|TRIM37|DNAJA4|DNAJB6|HSP90AA1|CDC34|SORL1|UBD|HSPA1B|APOE|VCP|PSMC6|SNCAIP|PSAP|CLU,https://www.gsea-msigdb.org/gsea/msigdb/mouse/geneset/GOBP_INCLUSION_BODY_ASSEMBLY,26,ENR,GOBP_INCLUSION_BODY_ASSEMBLY,2.2602000000000002,0,GOBP_INCLUSION_BODY_ASSEMBLY,FALSE,GOBP_INCLUSION_BODY_ASSEMBLY
13,2.74472749489669,2.74472749489669,2.74472749489669,1,0.1817,1E-4,1E-3,GDF11|LAMB2|RAB13|RNASE10|NPHS2|SOX8|EPHA2|B4GALT1|ASXL1|ACTA2|YIPF6|RAB25|BMP5|BMP6|AR|IHH|PRDM1|SRC|RARG|EDNRB|KCNMA1|F11R|SOX18|HOXB13|NR5A2|NKX2-2|SIPA1L3|PGR|RARA|ABI2|F2RL1|MSN|HYDIN|SIDT2|ADIPOQ|SCRIB|PECAM1|FAT1|MARVELD2|MYD88|ARHGEF26|PODXL|SMARCA4|ABCB1A|ABCB1B|PDE4D|MET|AKAP9|BAD|PDGFB|VEGFA|NUP210L|BMP4|SLC9A4|TGFB1|XBP1|FNDC3A|TYMS|HEG1|ROCK1|ROCK2|CFTR|AGT|PROC|DMD|WT1|EDNRA|CDH2|FLNA|FRS2|S1PR2|INSM1|IFT88|CEBPA|KLF5|ZDHHC21|NPHS1|ROBO4|AKAP11|ATRX|SHROOM3|RARB|COL18A1|AMOTL2|EPAS1|IKBKB|MYO1E|GJA1|HRH2|IL1A|TRP63|KCNE1|SMO|HSD17B4|KDR|FOXJ1|MAP3K1|GATA1|GATA2|RAPGEF1|TMIGD1|PPP1R16B|UBIAD1|IL1B|EZR|PSAP|EDN1|ONECUT2|PAX6|FOXA1|ABCA12|CDSN|RAP1A|FGFR3|RAP1B|RFX3|PDPK1|NOTCH1|NOTCH2|BCL11B|FASN|PDE2A|TMEM79|RILPL1|RILPL2|GPX1|BFSP1|DLL1|RAPGEF2|BFSP2|RAPGEF3|SFN|CLOCK|KRT10|E2F4|TNF|FRZB|KRT2|MYADM|FEM1B|ID1|CCM2|NTRK1|ONECUT1|PTPRS|TJP3|S1PR3|TBC1D20|TLR9|ARID4A|ARID4B|VIM|HOXA5|ADD1|PLEC|CDH5|CDH1|CLDN1|CLIC4|HPSE|ESR1|RAP2C|DICER1|PROX1|MAGI2|NOTCH4|SOX9|TMOD1|PLCB1|PKHD1|RDX|SLC4A5|SPINT2|TNMD|TNFRSF1A|CCDC88C|IL6ST|FRMD6|LUZP1|IQGAP1|PARD3|CDK6|VCL|ATF4|C1GALT1|CLDN3|CLDN5|ADAMTSL4|CTNNB1|DACT2|CXCR4|FGFR2|GPR4|FOSL2|FOXP3|FZD5|SDC1|TJP2|PLOD3|TFAP2A|STC1|ICAM1|ESR2|WNT5A|BHLHA15|ADRM1|DNASE1L2|GSDMC2|JMJD1C|NKX6-1|RHEB|EXPH5|FLNB|VEZF1|GAK|GRHL2|IFT74|MAGI1|AMPD2|PALLD|JAG1|ST14|HIF1A|TFAP2C|TJP1|YAP1|CDKN1A|CGN|TFCP2L1|POF1B|RAC1|FOXC2|SPDEF,https://www.gsea-msigdb.org/gsea/msigdb/mouse/geneset/GOBP_EPITHELIAL_CELL_DEVELOPMENT,233,ENR,GOBP_EPITHELIAL_CELL_DEVELOPMENT,3.1903000000000001,0,GOBP_EPITHELIAL_CELL_DEVELOPMENT,FALSE,GOBP_EPITHELIAL_CELL_DEVELOPMENT
1,2.67778070526608,2.67778070526608,2.67778070526608,0.99790000000000001,0.1137,7.6E-3,0.61199999999999999,RAB11A|LYST|RAB14|P2RX7|RAB34|RAB20|RAB39|SNAPIN|STX17|GRIK5|TMEM9|CHMP5|SYT7|SYT11|STX16|STX6|VPS39|GNAI3|TMF1|HPS1|PRRT2|STX12|SAMD9L|RIMS2|STXBP6|VAMP1|RAB27A|SYT2|RNF26|RAB22A|GBF1|SEC24A|RAB8A|GOSR1|GOSR2|VPS11|VPS18|SLAMF1|MIA3|CHMP1A|CHMP1B|CHMP2A|CHMP2B|CHMP3|CHMP4C|CHMP6|STX11|STX7|PAFAH1B1|SDC4|ARFGAP3|BTBD8|PIKFYVE|STX8|SERPINE2|SNX11|APOE|OSBP|ARF1|WASL|HOOK1|STX2|TRAPPC9|SYT8|PI4K2A|BCL2|PI4K2B|SYNJ1|SLC9A8|VAV3|ANXA8|DNM2|TBPL1|CREB1|VAMP3|STX3|HPS4|HPS5|HPS6|KIF13A|CIDEB|NBEAL2|CORO1A|PREB|DNM3|PIK3C3|SAR1A|SEC16A|TRAPPC1|RAB7|TRAPPC2|TRAPPC2L|ZFP385A|TRAPPC3|AP3B1|PIP4K2A|TRAPPC4|PIP4K2B|TRAPPC5|TRAPPC6A|DYSF|ATP13A2|ANXA2|BLOC1S1|ANXA1|PRKCI|BLOC1S2|MAPK15|AKTIP|DNAJC13|TRIM72|HOOK2|RILP|CAV2|SHROOM2|RAB5B|RAB38|SEC13|CUL3|S100A10|ALS2|CD34|DTNBP1|SORT1|ARFGAP2|AP1S1|TRAPPC10|AP1S2|FSIP1|STX19|TRAPPC6B|AP3M1|AP3S1|AP3S2|BAIAP3|HPS3|MTA1|SNX19|GOLPH3|AP1G1|KCNE1|PLEKHM1|ARL8B|UVRAG|USP8|SNPH|VAPA|ATP6AP1|ATP6AP2|ATP6V0A1|SYT13|SYT5|ATP6V0A4|TMCC1|TMED9|ZNRF2|ATP6V0C|ATP6V0D1|ATP6V0E2|CPLX2|ATP6V1C1|ATP6V1D|ATP6V1E1|USO1|ATP6V1F|ATP6V1G1|ATP6V1G2|PLEKHM2|ATP6V1G3|ATP6V1H|CLCN3|SNAP23|SQSTM1|ABCA1|EEA1|STX4A|SNAP25|VAMP8|RNASEK|TRIM9|ZNRF1|SAR1B|SURF4|TMEM175|AP3B2|AP3M2|FNBP1L|MYO7A|YIPF5|PLN|TMEM127|RAB4B|FBXO5|RAB32|RAB3A|VPS4B|CC2D1A|FASL|AGFG1|SNAP47|AGFG2|PMEL|RAB5C|ZEB2|RUFY1|SLC17A7|SNCA|SNX10|AU040320|INSIG1|ACRBP|CCDC136|CCDC38|CCDC42|HOOK3|NKD2|CHN2|AP2M1|DCAF17|SLC9A6|MX2|PFN4|MICALL2|POC1B|RFX2|SEC23IP|SPACA1|SPINK2|TBC1D20|ALS2CL|PLEKHF2|VPS13B|ZPBP|ABCG1|PLA2G3|PLA2G4A|VAMP2|PLA2G5|SLC2A4|AP1S3|SEC23A|SEC23B|SEC24C|SEC24D|PDCD6IP|SEC31B|CHMP4B|SLC35D3|ERC1|ERC2|GOLPH3L|SCAP|SNAP29|DLG4|PICALM|SPHK1|RIMBP2|ANKFY1|BACE2|VPS33B|ZDHHC2|VTI1B|UBR4|TOM1|VAPB|VPS41|PTBP1|VPS4A|PLEKHF1|AP1B1|SEC22B|VPS8|AQP11|TBC1D4|RUFY4|ZDHHC15|ZDHHC20|CLN3|SNX33|TMED10|UNC13A|ANKRD27|AP1M1|CHMP7|CORO1C|STXBP1|KLHL12|SYT4|SNAP91|PDCD6|VAMP4|BET1|PEF1|TGFBRAP1|YIPF4|YIPF7|AQP1|SDC1|SEC31A|KIF5B|SRPX|LAPTM4B|SYT1|MYO18A|STX5A|SYT3|SPG11|VTI1A|ZPBP2|SEC24B|CD2AP|SRGN|AP3D1|CADPS|DOC2A|ABCB6|DOC2B|DOC2G|DNM1|BLOC1S3|RPH3A|SDCBP|SNF8|STAM|STX1A|ARFGEF2|SYT9|PLEKHA3|PLEKHJ1|TSG101|ATP6V1A|SNX3|ATP6V1B1|ATP6V1B2|EXOC8|WDR72,https://www.gsea-msigdb.org/gsea/msigdb/mouse/geneset/GOBP_VESICLE_ORGANIZATION,336,ENR,GOBP_VESICLE_ORGANIZATION,2.3698999999999999,2.0999999999999999E-3,GOBP_VESICLE_ORGANIZATION,FALSE,GOBP_VESICLE_ORGANIZATION
5,2.74472749489669,2.74472749489669,2.74472749489669,1,0.41470000000000001,1.4200000000000001E-2,0.88800000000000001,WHRN|TRIOBP|ANKRD24|TPRN|MYO3B|LHFPL5|PCDH15|MYO7A|REST|PDZD7|CDH23|PLS1|USH1C|ATP2B2|SEC24B|WDPCP|RAC1|SCRIB|SLITRK6|CLIC5|SOD1,https://www.gsea-msigdb.org/gsea/msigdb/mouse/geneset/GOBP_AUDITORY_RECEPTOR_CELL_MORPHOGENESIS,21,ENR,GOBP_AUDITORY_RECEPTOR_CELL_MORPHOGENESIS,2.2467000000000001,0,GOBP_AUDITORY_RECEPTOR_CELL_MORPHOGENESIS,FALSE,GOBP_AUDITORY_RECEPTOR_CELL_MORPHOGENESIS
15,2.0315170514460599,2.0315170514460599,2.0315170514460599,0.99070000000000003,0.13569999999999999,4.2599999999999999E-2,1,PPM1E|RGS2|DUSP3|PPM1F|NR2F2|NOLC1|TFAP4|RB1|PDCD4|FABP4|SPRY1|WWTR1|PRDX3|FEM1A|PARK7|MIDN|PSEN1|GCKR|PRKCH|PSEN2|PTPN6|SFRP5|PTEN|PTPN22|PTPRC|BMP2|HSPB1|PKN1|DNAJA1|GSTP1|PTK6|GSTP2|INCA1|PRKCD|HHEX|DUSP1|PKIA|UCHL1|PYCARD|SLC8A1|MAPK8IP1|PLK1|CHORDC1|GADD45B|PTPRJ|DEPTOR|IFNG|ADAR|AKT1S1|NPPA|THY1|CDK5RAP3|PTPN2|CDKN2A|CDK5RAP1|PTPN1|UBASH3B|SOCS5|SPRY4|DUSP19|CHMP6|PLEC|WNK4|ADIPOQ|DUSP7|SFRP1|PPARG|CASP3|CBLC|SHB|GPRC5A|SOCS4|TNFAIP3|VPS25|PPIA|ZFYVE28|CDKN1B|HNRNPU|ZGPAT|ABL1|PTPRB|APOE|PTPRH|PKIG|MSTN|BLVRA|PTPRT|SIRT1|TRIM27|PRKAR1A|NUP62|NF2|DBNDD2|HMGCR|MLLT1|SH3BP5|MYOCD|TSC2|TRIB3|ERRFI1|HIPK3|PRKRIP1|INPP5K|TAF7|APC|CDKN2C|HEXIM2|IRS2|NPRL2|PRKCA|PAQR3|EPHA1|CAV3|HEG1|SRCIN1|AGT|CDKN1C|STK38|MEN1|CD300A|DUSP10|DUSP22|CORO1C|AKT1|GNAQ|PRKAG2|RASIP1|GADD45G|PKIB|CAV1|CEACAM1|SMPD1|IRAK3|DNAJA3|ITGB1BP1|DTNBP1|FBXO7|GADD45A|DNAJC3|PTPRO|SPRED1|AIDA|HYAL2|MVP|LRP6|SMYD3|TRIB1|NPM1|GGNBP2|LATS1|LATS2|ADARB1|RGS14|SFRP2|DAB2IP|NF1|SPRY2|MAPT|TSG101|CDKN1A|IL1B|KAT2B|LYN|COX11,https://www.gsea-msigdb.org/gsea/msigdb/mouse/geneset/GOBP_NEGATIVE_REGULATION_OF_KINASE_ACTIVITY,164,ENR,GOBP_NEGATIVE_REGULATION_OF_KINASE_ACTIVITY,1.9722,9.2999999999999992E-3,GOBP_NEGATIVE_REGULATION_OF_KINASE_ACTIVITY,FALSE,GOBP_NEGATIVE_REGULATION_OF_KINASE_ACTIVITY
1,2.2146701649892302,2.2146701649892302,2.2146701649892302,0.99390000000000001,0.1547,2.0400000000000001E-2,0.97399999999999998,IGF2R|LYST|NEDD4|RAB34|ATG14|BECN1|CLEC16A|DENND3|SLC30A2|SNAPIN|PCSK9|TMEM106B|VPS33A|NDFIP1|CHMP5|UEVLD|PINK1|VPS4B|VPS39|SLC17A9|HSPA8|DTX3L|HOOK3|LAPTM5|VCP|CDX2|UBXN6|GPRASP1|SNX27|VPS13A|VPS13C|VPS13D|TRAK2|VPS35|VPS11|PLEKHF2|VPS18|HSPA1A|CHMP1A|CHMP1B|CHMP2A|CHMP2B|CHMP3|CHMP4C|CHMP6|STX7|IGTP|IRGM2|AP4M1|RAB12|STX8|CHMP4B|GCC2|VPS25|GNPTAB|HGSNAT|VPS54|MFSD1|HGS|LAMP2|M6PR|MON1B|MON1A|NCOA4|ARF1|SMURF1|SNX16|HOOK1|ANKFY1|AP1G2|CCDC91|CLU|VPS29|VTI1B|GGA3|TRAK1|LRP1|VPS37A|VPS37B|TPCN2|VPS37C|VPS37D|VPS41|VPS4A|PLEKHF1|VPS28|VPS52|VPS53|VPS8|RUFY4|KIF13A|CLN3|PIK3C3|ZFYVE16|RAB7|PIK3R4|AP3B1|CHMP7|SORL1|NPC1|EHD3|ATP13A2|TGFBRAP1|SCYL2|AKTIP|HOOK2|RILP|SLC30A3|SLC30A4|ALS2|VPS36|SORT1|VTI1A|VPS16|AP3S1|AP3S2|GRN|AP1G1|PLEKHM1|AP3D1|ARL8B|GAK|MGRN1|SCARB2|IRGM1|SNF8|STAM|ATP6V0D1|ATP6V0D2|NDP|BIN1|PTPN23|LEPROT|LEPROTL1|RHOB|LAMP1|TMEM50A|TSG101|PLEKHM2|SLC48A1|TMEM50B|VTA1|SQSTM1|MTM1|LIPA|PSAP,https://www.gsea-msigdb.org/gsea/msigdb/mouse/geneset/GOBP_VACUOLAR_TRANSPORT,146,ENR,GOBP_VACUOLAR_TRANSPORT,2.1695000000000002,6.1000000000000004E-3,GOBP_VACUOLAR_TRANSPORT,FALSE,GOBP_VACUOLAR_TRANSPORT
1,2.74472749489669,2.74472749489669,2.74472749489669,1,0.43180000000000002,9.1000000000000004E-3,0.71099999999999997,VPS35|CHMP7|SNAPIN|VPS41|VPS4A|CHMP1A|CHMP1B|CHMP2A|CHMP2B|CHMP3|PLEKHM2|CHMP4C|CHMP5|CHMP6|ARF1|VPS4B|VPS39|PLEKHM1|ARL8B|CHMP4B,https://www.gsea-msigdb.org/gsea/msigdb/mouse/geneset/GOBP_LATE_ENDOSOME_TO_LYSOSOME_TRANSPORT,20,ENR,GOBP_LATE_ENDOSOME_TO_LYSOSOME_TRANSPORT,2.3342999999999998,0,GOBP_LATE_ENDOSOME_TO_LYSOSOME_TRANSPORT,FALSE,GOBP_LATE_ENDOSOME_TO_LYSOSOME_TRANSPORT
1,2.74472749489669,2.74472749489669,2.74472749489669,1,0.38469999999999999,2.3999999999999998E-3,0.121,EXOC2|DNM1L|SH3GLB1|EXOC7|DNM2|VPS4A|CHMP1A|EPN1|CHMP1B|EXOC4|CHMP2A|CHMP2B|CHMP3|CHMP4C|CHMP5|CHMP6|VPS4B|SH3GL2|CHMP4B|CHMP7|EXOC3|SLC25A46|CORO1C|DNM1|EXOC5|EXOC6B|EXOC6|TMCC1|EXOC1|SPAST|EXOC8,https://www.gsea-msigdb.org/gsea/msigdb/mouse/geneset/GOBP_MEMBRANE_FISSION,31,ENR,GOBP_MEMBRANE_FISSION,2.6345999999999998,0,GOBP_MEMBRANE_FISSION,FALSE,GOBP_MEMBRANE_FISSION
24,2.74472749489669,2.74472749489669,2.74472749489669,1,0.14779999999999999,2.8500000000000001E-2,1,MAD2L2|2210016L21RIK|CHD8|IFT80|NPHP4|SOX17|TPBG|DKK2|NOTCH1|SOX10|WWTR1|GLI3|GLI1|SHISA3|OTUD5|TLE2|PPP2R3A|TMEM170B|SFRP5|APC2|SDHAF2|EMD|RBMS3|BMP2|HDAC1|KREMEN1|TMEM64|HMGA2|DAB2|RUVBL2|SOST|DKK3|FRZB|NKD2|GREM1|MAPK14|MDK|CTNNBIP1|RNF43|STK11|ZNRF3|DDIT3|NPPA|DACT3|FOXO1|NFATC4|SHH|MLLT3|TLE3|HDAC2|NKX2-5|ANKRD6|SFRP1|WWOX|NOTUM|SIAH2|ASB15|VGLL4|ASB3|CDH1|ROR2|UBAC2|STK3|APOE|STK4|SOX13|LECT2|SMAD4|SOX9|GRB10|GSK3A|CSNK1E|GSK3B|TMEM88|TSC2|CCDC88C|TLE1|LRP1|APCDD1|APC|LMBR1L|TAX1BP3|FZD6|DKKL1|EGR1|BICC1|FUZ|SNAI2|SOSTDC1|CTNND1|CTNNB1|TSKU|GPC3|SFRP4|WIF1|CDH2|INVS|NKD1|HIC1|SCYL2|ISL1|AXIN2|LRP4|LZTS2|NOG|TCF7L2|CAV1|NPHP3|MESP1|ALPK2|GSC|FOXO3|SOX2|FERMT1|WNT11|CSNK1A1|CXXC4|MCC|APP|CTHRC1|WNT5A|MDFI|FZD1|TLE6|FGF9|PTPRO|AIDA|DACT1|LRP6|PRICKLE1|CBY1|PFDN5|TBX18|LATS1|LATS2|TLE4|AXIN1|SFRP2|AMFR|DAB2IP|NLK|PTPRU|FRMD8|NXN|G3BP1|RAPGEF1|LIMD1|CYLD|SHISA2|WNT5B,https://www.gsea-msigdb.org/gsea/msigdb/mouse/geneset/GOBP_NEGATIVE_REGULATION_OF_WNT_SIGNALING_PATHWAY,150,ENR,GOBP_NEGATIVE_REGULATION_OF_WNT_SIGNALING_PATHWAY,2.0823999999999998,0,GOBP_NEGATIVE_REGULATION_OF_WNT_SIGNALING_PATHWAY,FALSE,GOBP_NEGATIVE_REGULATION_OF_WNT_SIGNALING_PATHWAY
2,2.74472749489669,2.74472749489669,2.74472749489669,1,0.1628,0,0,DLG5|OGT|ZMYND8|NEURL1A|DNM1L|EFNB3|RBMX|ADAM10|RHOG|CDK5R1|CDKL5|TPBG|MYO5B|EFNA1|NRXN2|PSEN1|EPHB3|SLITRK6|CDC42|DGKB|TLR2|DIP2A|HSPA8|ZDHHC8|LRRK2|MFN1|FGF7|KLK8|CHRNB2|NAE1|CPEB3|NEDD8|UBE2M|DHX36|SNX27|SRGAP2|NEDD9|DAG1|SEMA4A|DBN1|DOCK4|DMPK|UBE3A|MARK2|ABI2|CACNA2D3|GHRL|DCX|CHMP2B|ITPKA|GPM6A|NRG2|PAFAH1B1|ARHGAP44|OPA1|ARHGEF15|RAPGEF4|PODXL|AMOT|BAIAP2|PTN|RAC3|STRN4|ABL1|ROR2|RTN4|AGRN|APOE|EFNA5|SPARC|EPHA7|ABI3|FLRT2|FLRT3|CTNNA2|CYFIP2|AMIGO1|SLIT2|CLSTN3|MYCBP2|NRP2|NTN1|NTRK3|RPS6KA5|WASL|ROBO1|SARM1|LRFN2|RTN4R|NCAN|TSC2|ABI3BP|OXTR|TUBB5|PDLIM5|NGEF|SEMA3F|ELMO1|NCKIPSD|WNT3A|PSD|SEMA4C|PRKCA|SRGAP3|TREM2|TRIM47|SLIT1|UBE3B|PTK2|ROCK1|ROCK2|SHANK3|KALRN|STAU2|DNM3|MDGA1|PIK3R1|AKT1|CBLN2|CASKIN1|NLGN2|LRFN1|BDNF|LRFN4|TIAM1|LRRTM1|CDH2|LRRTM2|PRICKLE2|DOCK1|IGSF11|SIPA1L1|CFL1|S1PR2|CAMKV|C1QL3|DLGAP4|SLITRK1|CDK5|GPC4|FYN|GPR158|LHFPL4|CNTNAP1|MUSK|USP9X|CD47|GRIN1|DTNBP1|HOMER1|ITGB1|TANC1|PTPRO|CRMP1|GNA13|SIX1|DACT1|MFN2|CAP2|YWHAZ|FAM107A|ETV5|ACTR2|CAMK1|FCGR2B|IL1RAP|ARF6|IGSF9|NUMB|DAB2IP|NUMBL|CLSTN2|NF1|KCNK13|MARCKS|RHOB|NTRK2|OXT|DVL1|SYBU|SNAP25|L1CAM|NEDD4|NEDD4L|NLGN3|SEMA4D|ZDHHC17|KIF1A|PPP1R9B|AMIGO3|LINGO4|LRRC24|PDXP|RAP2A|LRRN1|MEF2C|LRRN3|MARK1|LRTM1|LRTM2|SLITRK2|THBS2|CRIPT|IQSEC2|COLQ|PRNP|CC2D1A|CHD4|PSEN2|PLXNC1|RHOA|PTK2B|ACTR3|PTEN|RAPGEF2|VHL|DOCK10|RELN|SLC17A7|SLC17A8|SNCA|CTTNBP2|DAB1|ITSN1|ICAM5|TNF|IQSEC1|NRCAM|SLC30A1|GRIPAP1|NTRK1|VCP|PAK3|MAPK14|PTPRS|VPS35|HNRNPK|HNRNPM|NEFL|ARHGAP22|RAB17|LIN7A|NFATC4|LIN7B|LIN7C|PTPN1|EGLN1|SIGMAR1|UBE2V2|CLSTN1|CAMK2B|NRG1|PUM2|PPP1R9A|C1QL1|FARP1|MYH10|DISC1|PTPN13|PTPRF|NTNG2|FGFR1|PTPRT|LRFN3|SIX4|MAGI2|MDGA2|DLG4|PICALM|PCDH8|EEF2K|NRN1|PDZD11|SRPX2|TAOK2|AMIGO2|GSK3B|DCTN1|LRRTM3|VANGL2|FLRT1|INS1|INS2|IQGAP1|PPFIA2|SRCIN1|ST8SIA2|TANC2|ZDHHC15|ARC|CLN3|CASK|DBNL|CTNNB1|EPHB2|RIMS3|NLGN1|EPHA4|HTR4|IL10RA|NRXN1|MECP2|SNAP91|VLDLR|NEGR1|SPARCL1|LRP4|KIF5B|ASAP1|ARHGAP33|CRTAC1|CAPRIN1|CAPRIN2|CYFIP1|SLC7A11|ARF4|SEMA7A|CDH8|TUBA1A|APP|WNT5A|DCLK1|PTPRD|FZD1|LRP8|ANAPC2|RHEB|EIF4G1|ELAVL2|PRICKLE1|CDC20|GRID1|IL10|PICK1|LATS1|SHANK2|FRMPD4|SLC12A5|SLITRK5|PGRMC1|BHLHB9|IL1RAPL1|XLR3B|ADNP|RAC1|CUX2|SETD5|EPHB1,https://www.gsea-msigdb.org/gsea/msigdb/mouse/geneset/GOBP_REGULATION_OF_SYNAPSE_STRUCTURE_OR_ACTIVITY,348,ENR,GOBP_REGULATION_OF_SYNAPSE_STRUCTURE_OR_ACTIVITY,3.4990000000000001,0,GOBP_REGULATION_OF_SYNAPSE_STRUCTURE_OR_ACTIVITY,FALSE,GOBP_REGULATION_OF_SYNAPSE_STRUCTURE_OR_ACTIVITY
25,2.3767507096021001,2.3767507096021001,2.3767507096021001,0.99580000000000002,0.30890000000000001,2.7699999999999999E-2,1,NEDD4|BMP4|NRP1|CD59A|CADM4|TEK|EMILIN1|FGF10|PTPN1|MT3|MYOF|TMEM204|FGF9|DLL1|PRKCB|HGS|HIF1AN|KDR|EPN2|HHEX|PRKD2|DAB2IP|MMRN1|PDCD6|MMRN2|HIF1A|VEGFC|ANGPT1|VEGFB|ROBO1|FGF18|FZD4|GRB10,https://www.gsea-msigdb.org/gsea/msigdb/mouse/geneset/GOBP_REGULATION_OF_VASCULAR_ENDOTHELIAL_GROWTH_FACTOR_RECEPTOR_SIGNALING_PATHWAY,33,ENR,GOBP_REGULATION_OF_VASCULAR_ENDOTHELIAL_GROWTH_FACTOR_RECEPTOR_SIGNALING_PATHWAY,2.0884,4.1999999999999997E-3,GOBP_REGULATION_OF_VASCULAR_ENDOTHELIAL_GROWTH_FACTOR_RECEPTOR_SIGNALING_PATHWAY,FALSE,GOBP_REGULATION_OF_VASCULAR_ENDOTHELIAL_GROWTH_FACTOR_RECEPTOR_SIGNALING_PATHWAY
7,2.3979400086720402,2.3979400086720402,2.3979400086720402,0.996,0.20430000000000001,1.7399999999999999E-2,0.94599999999999995,FBXL15|FOXA2|BMP4|DISP1|PAX6|TCTN1|FOXA1|CHRD|GREM2|LHX1|APC|WNT3A|DLL4|SUFU|GLI3|FUZ|WNT3|GLI1|GORAB|ACVRL1|GLI2|MAPK8|PSEN1|PSEN2|SOSTDC1|ACVR1|CTNNB1|HOXA2|FKBP8|DYNC2H1|TTC21B|TBX20|TGIF1|BMP1|HHIP|VAX2|TMED2|CDK20|KIF3A|MAP3K4|LHX2|SMAD2|ARL13B|AXIN2|LRP4|GREM1|IFT88|HOXB2|GAS1|NOG|IFT172|IFT52|PAX7|DDIT3|GSC|NKX2-2|TULP3|BMPR1A|PRKACB|WDR19|SENP2|TLL1|EN1|SHH|HOXA11|IFT122|MDFI|TRAF3IP1|MKS1|NBL1|SFRP1|AIDA|BMPR1B|PRKACA|SMAD6|SMO|LRP6|PTCH1|RNF220|INTU|AXIN1|OVOL2|NKX2-1|RAB23|EDN1,https://www.gsea-msigdb.org/gsea/msigdb/mouse/geneset/GOBP_DORSAL_VENTRAL_PATTERN_FORMATION,85,ENR,GOBP_DORSAL_VENTRAL_PATTERN_FORMATION,2.2029999999999998,4.0000000000000001E-3,GOBP_DORSAL_VENTRAL_PATTERN_FORMATION,FALSE,GOBP_DORSAL_VENTRAL_PATTERN_FORMATION
80,2.6989700043360201,2.6989700043360201,2.6989700043360201,0.998,9.01E-2,2.4400000000000002E-2,0.997,MAD2L2|APOA1|NLRP5|ESPN|ADD2|MTSS1|ARAP1|MYO1G|ARHGEF5|NCKAP1L|CAPN1|ZBED3|CDC42|AIF1|CNN2|PRKCD|PRKCQ|EPS8|PYCARD|CALD1|F11R|PACSIN1|CTTN|DBN1|INPPL1|ABI2|AP1AR|GHRL|ARFGEF1|ARFIP1|ARFIP2|ARHGAP17|ARHGAP18|ARHGAP28|ARHGAP40|SWAP70|ARHGAP6|PECAM1|ARHGEF10|ARHGEF10L|ARHGEF15|FAT1|ARHGEF18|ARPC3|ARPC5|ARPC5L|ASAP3|PREX1|BAIAP2|BAIAP2L1|BAIAP2L2|MYH9|CCDC88A|RAC3|CDC42EP1|CDC42EP2|CDC42EP3|CDC42EP4|CDC42EP5|MET|NCK1|MKKS|S1PR1|CGNL1|GAS2|TRIM27|CTNNA2|MTPN|CYFIP2|DLC1|SLIT2|ELN|ESAM|FCHSD1|FCHSD2|FHOD1|RHOQ|FRMD7|FSCN1|MYOC|WAS|WASL|GM14137|GMFB|GMFG|GPR65|IQGAP2|KANK1|KANK3|KANK4|LIMK1|PAK2|MYO1C|NCKAP1|PDLIM4|PLEKHG2|PPFIA1|RHOBTB1|TMSB4X|RHOBTB2|PTGER4|RHOC|RHOF|RICTOR|RND1|RND3|ROCK2|RNH1|SHANK3|SORBS3|SSH3|ANG|STMN1|SYNPO2|BBS4|SNX9|TMEFF2|TMSB15B2|TMSB15L|PIK3R1|WASF2|WASF3|WHAMM|XIRP2|TACR1|PLEK|AVIL|CAPG|CCL11|PRKCI|CAPZA1|CAPZA2|CAPZB|TPM2|CFL1|TPM3|DSTN|TPM4|MICAL3|CCL24|PLEKHH2|SHANK1|SCIN|SH3BP1|TWF1|SHROOM2|SVIL|TWF2|VILL|ACTN1|ACTN4|CUL3|FERMT2|CNN1|CD47|BAG4|ITGB1BP1|SHROOM3|ITGB5|FMN1|TLE6|GJA1|PXN|CX3CL1|ZYX|ARRB1|KISS1R|CAP1|CAP2|ARF6|MYO6|RHOB|PAK1|EZR|HSP90B1|MYO1A|MYO1D|MYO1H|MYO7A|MYO7B|RHOA|ZEB2|PFN1|PFN2|TRPV4|MYADM|TAC1|TRF|RHOU|GDPD2|ADD1|PIK3CA|PLEC|BRAF|MARCKSL1|MICAL1|MICAL2|RHOJ|SYNPO|INPP5K|IQGAP1|MTOR|PDLIM3|ARPC2|LCP1|CSF3|PCDH15|RHOV|PLS1|KANK2|CASP4|SORBS1|VIL1|TGFB3|TACSTD2|AIF1L|TTC8|ABL2|HAX1|EVL|CIT|VASP|MYO1F|BCAR1|POF1B|CLEC2I|CORO1B|MYO5C|ELMO2|ESPNL|GAS2L3|LIMD2|MLST8|SHROOM1|TAGLN2|TAGLN3|TMSB10|LPAR1|NRP1|RHOG|SEMA5A|ARPC1A|MYO5B|ARPC1B|ARPC4|JMY|WIPF3|TLR2|CNN3|FAM171A1|PHACTR1|SRC|TGFBR1|ALMS1|USH1C|WNT4|NCK2|RAC2|TSC1|F2RL1|DSG3|RHOH|SDC4|TESK1|COTL1|SH3KBP1|SIRPA|ABL1|ACTN2|ARF1|BCL2|DNM2|ELMO1|EPHA1|CAV3|PIK3R2|RHOD|CORO1A|DLG1|ALOX15|GAS2L1|IQGAP3|FLNA|KPTN|NPHS1|S100A10|SERPINF2|CORO2B|MYO1E|ITGB1|RHPN2|DPYSL3|HDAC6|HIP1R|FAM107A|INF2|GRB2|ACTR2|MAP3K1|MARCKS|COBL|MYO19|PPM1E|PPM1F|PPP1R9B|PDXP|SH3PXD2B|FMN2|PRKCE|PTK2B|ACTR3|HCLS1|ARHGEF2|RAPGEF3|RGS4|SMAD3|SPIRE1|DAAM2|KCTD13|ELMO3|ID1|CLASP1|CLASP2|HIP1|OOEP|PAK3|CORO7|ENAH|FHDC1|PHLDB2|GAS7|RUFY3|MICALL2|MYO5A|MSRB2|SHROOM4|TTC17|WASF1|ACTA1|ACTC1|ACTG1|ARHGAP12|ARHGAP25|CFL2|SPIRE2|FHOD3|FLII|TNFAIP1|LMOD1|LMOD2|LMOD3|PPP1R9A|MYH10|MYL9|SAMD14|PLS3|NEB|NEBL|NRAP|GBA2|SSH1|PROX1|SSH2|SRF|NF2|TCAP|TMOD1|TMOD2|TMOD3|RDX|TMOD4|SPECC1L|TNNT2|TPM1|TTN|WDR1|XIRP1|LIMA1|LIMCH1|LUZP1|AQP2|PDLIM1|FSCN2|DBNL|EMP2|CRHR2|CORO1C|NOX4|ADD3|PAWR|CYFIP1|WNT11|ICAM1|PPARGC1B|CD2AP|GSN|RHPN1|RASA1|PICK1|LATS1|MYO1B|BIN1|TJP1|RAC1,https://www.gsea-msigdb.org/gsea/msigdb/mouse/geneset/GOBP_ACTIN_FILAMENT_ORGANIZATION,404,ENR,GOBP_ACTIN_FILAMENT_ORGANIZATION,2.1217000000000001,2E-3,GOBP_ACTIN_FILAMENT_ORGANIZATION,FALSE,GOBP_ACTIN_FILAMENT_ORGANIZATION
11,2.74472749489669,2.74472749489669,2.74472749489669,1,0.15590000000000001,6.8999999999999999E-3,0.56000000000000005,BBS1|FBXO45|PAX5|PAX6|NDE1|PPP1R9B|CDK5R1|PEX13|XRN2|PEX5|SUN2|SYNE2|NPY|LYPD6|OGDH|GLI3|GART|PSEN1|RHOA|PTEN|RNF7|ZEB2|ATAT1|ATOH1|PHACTR1|RELN|HDAC1|FBXO41|POMGNT1|POMT2|POU3F3|SCT|DAB1|BBS2|DLX2|TMEM108|ID4|UQCRQ|LHX2|LMX1A|SOCS7|BAX|MDK|PTPRS|SRGAP2|ASPM|NCOA1|HNRNPK|EIF2B5|VPS13B|CEP120|EZH2|NEFL|CCDC39|CELF1|NR4A3|RARA|TSC1|DCX|HDAC2|PAFAH1B1|SLC32A1|TACC1|YWHAE|TACC2|CASP3|MBOAT7|AKIRIN2|CUL5|KCNA1|DISC1|EFHC1|FILIP1|IGF2BP1|CCDC141|TUBB2A|RTN4|ULK4|MKKS|TRP73|MME|DICER1|FGFR1|NKX2-1|ATP2B4|DIXDC1|PROX1|SLIT2|SRF|NF2|COL3A1|PLCB1|EGFR|PLXNA3|TRAPPC9|ROBO1|TH|FOS|GSK3B|NFIX|WDR62|WNT3A|TUBB2B|SLC38A2|ZMIZ1|BBS4|MDGA1|LHX6|ARX|BHLHE22|DMD|EOMES|CTNNB1|DMRTA2|EPHA5|NR2F1|TSKU|ABCC1|ATG7|MECP2|SEMA6B|KIF14|NEUROD1|ATG16L1|CDH2|FGF13|CDON|ANXA3|DCLK2|KIF3A|FLNA|KIRREL3|UBA6|BNIP3|FKTN|BTG2|CDK5|ATP1A3|USP9X|P2RY12|WDR47|KDM6B|GRIA1|SOX2|GRIN1|KDM1A|TUBA1A|EMX1|LAMB1|SLC2A1|SUN1|EMX2|NDEL1|KIF26A|FEZ1|LRP8|SMO|BTBD3|LRP6|CDK5R2|KCNA2|NSUN5|CRK|FXR1|FXR2|DAB2IP|NF1|MCPH1|ZIC1|ATIC|NTRK2|HIF1A|TFAP2C|MFSD2A|TRA2B|RAC1|TACC3|XRCC1|CSF1R|CSNK2A1|LEF1|FAT4|CRKL,https://www.gsea-msigdb.org/gsea/msigdb/mouse/geneset/GOBP_PALLIUM_DEVELOPMENT,183,ENR,GOBP_PALLIUM_DEVELOPMENT,2.3929,0,GOBP_PALLIUM_DEVELOPMENT,FALSE,GOBP_PALLIUM_DEVELOPMENT
25,1.8297382846050401,1.8297382846050401,1.8297382846050401,0.98519999999999996,0.12889999999999999,6.3700000000000007E-2,1,FBXL15|LEMD3|GDF6|HES5|SCX|ADAMTS7|BAMBI|SKIL|ACVR1B|NOTCH1|PDCD4|NGLY1|NOTCH2|TGFBR3|RBPJ|ACVR1C|FBN1|BMP2|BMP5|BMP6|DDX5|FKBP8|SOST|TMEM53|ACVR2A|FSTL4|TGFBR1|EXT1|HTRA1|ID1|ALPI|ILK|TOB1|GREM1|DLX5|RGMA|COMP|KCP|CHRDL1|CTDSPL2|GATA4|GATA5|ACVR2B|SMAD7|NBL1|CDH5|SFRP1|PPM1A|BMPR1B|PPARG|KCND3|ETV2|COL2A1|BMPR2|TMEM100|FSTL1|ABL1|ROR2|SOX11|MTMR4|FAM83G|HIVEP1|SMAD4|VSTM2A|MEGF8|RGMB|ZCCHC12|SOX9|TGFBR2|ZFP128|SMURF1|TNFAIP6|ZFP423|BMP4|TWSG1|CHRD|CHRDL2|CRIM1|GREM2|HTRA3|NFIX|TRIM33|WNT3A|BGLAP|DLX3|PRMT1|EGR1|FST|BMPER|MAPK3|ACVRL1|SMAD1|SMAD5|SOSTDC1|SMPD3|HIPK2|SMURF2|SULF1|ACVR1|SORL1|GPR155|LEMD2|VWC2|GPC3|ATF2|SFRP4|TBX20|HES1|RBPMS2|HEYL|PELO|CRB2|SMAD2|NFIA|NOG|TCF7L2|CAV1|USP9X|NEO1|BMPR1A|SLC39A5|HFE|GDF5|SMAD9|DAND5|WNT5A|ITGA3|SPINT1|ENG|FZD1|MSX1|MSX2|TMEM119|WNT1|RUNX2|SKI|SMAD6|LRP2|FSTL3|KDR|NUMA1|SFRP2|ECSIT|GATA3|GDF3|GATA6|TFAP2B|SCUBE3|UBE2O|AMHR2|BMP7|LEF1|ADAMTS12|TMPRSS6|USP15|FOXD1,https://www.gsea-msigdb.org/gsea/msigdb/mouse/geneset/GOBP_RESPONSE_TO_BMP,156,ENR,GOBP_RESPONSE_TO_BMP,1.8595999999999999,1.4800000000000001E-2,GOBP_RESPONSE_TO_BMP,FALSE,GOBP_RESPONSE_TO_BMP
26,2.2076083105017501,2.2076083105017501,2.2076083105017501,0.99380000000000002,0.20180000000000001,3.7499999999999999E-2,1,FYCO1|TRAK1|AP3B2|NDE1|AP3M2|KIF1A|SNAPIN|SUN2|SYNE2|KIF5A|KIF13A|CLN3|PEX14|CDC42|RHOT1|RHOT2|ACTR10|AGTPBP1|CNIH2|KIF1C|AP3B1|BICD2|MREG|ARMCX3|HTT|MADD|MECP2|PRKCZ|UBB|UCHL1|MAP2K1|BLOC1S1|SPAST|BLOC1S2|KIF5B|COPG2|STK11|TRAK2|WASF1|TRIM46|NEFH|NEFL|SPG11|HAP1|ARHGAP21|DTNBP1|AGBL4|TUBA1A|RASGRP1|SUN1|NDEL1|FEZ1|AP3M1|AP3S1|AP3S2|PAFAH1B1|FBXW11|HSBP1|TMEM201|KIF16B|HDAC6|AP3D1|BICD1|BLOC1S3|DYNC1I1|TRIM58|KIF1B|KIFC1|MAPT|HIF1A|LAMP1|SYBU,https://www.gsea-msigdb.org/gsea/msigdb/mouse/geneset/GOBP_ORGANELLE_TRANSPORT_ALONG_MICROTUBULE,72,ENR,GOBP_ORGANELLE_TRANSPORT_ALONG_MICROTUBULE,2.0102000000000002,6.1999999999999998E-3,GOBP_ORGANELLE_TRANSPORT_ALONG_MICROTUBULE,FALSE,GOBP_ORGANELLE_TRANSPORT_ALONG_MICROTUBULE
11,2.74472749489669,2.74472749489669,2.74472749489669,1,0.1118,4.3E-3,0.28399999999999997,OPHN1|HES5|DMXL2|NDE1|LHX1|CDK5R1|EFNA2|HERC1|LYPD6|GART|RAX|HSPA8|SECISBP2|BBS2|UBB|LRRK2|ERBB4|EXT1|TMEM108|CHRNB2|KDM2B|WDR89|GMPPA|NCOA1|EIF2B5|EZH2|CCDC39|DCX|GRCC10|PAFAH1B1|DOCK7|MBOAT7|KCNA1|IGF2BP1|RAC3|CCDC141|METTL3|RTN4|ULK4|MKKS|DIXDC1|DLC1|SLIT2|NRP2|PGAP1|PLXNA3|RRM1|LHX8|PLXNA4|TRAPPC9|ROBO1|ROBO2|RTN4R|RTN4RL1|OXTR|RYK|SEMA3E|NFIX|SLIT1|KAT2A|KIF21B|TUBB2B|SHANK3|SLC38A2|WNT7B|B2M|MAPK8IP3|BBS4|NFIB|BHLHE22|DMRTA2|NR2F1|TTC21B|ABCC1|TBX3|ATP7A|KIF14|VAX2|DCLK2|FOXP2|SCYL2|ZSWIM6|PRKG1|ATP1A3|USP9X|BMPR1A|ATRX|KDM1A|LAMB1|SLC2A1|FABP7|MECOM|MSX1|PITX2|RPGRIP1L|SALL1|CXCL12|SALL3|SKI|SMO|KCNA2|LRP2|KCNA3|NUMB|DAB2IP|NUMBL|NF1|NTRK2|GATA2|NIN|PAK1|RAB3GAP1|BBS1|PAX5|FGFR3|SUN2|NOTCH1|SYNE2|NPY|OGDH|RHOA|RAPGEF2|ZEB2|ATAT1|TTBK2|FBXO41|POMGNT1|POMT2|SCT|SLC1A2|SEMA3A|ELAVL4|UQCRQ|STIL|BAX|HNRNPK|NEFL|SHH|CELF1|NR4A3|CHD7|SLC32A1|TACC1|TACC2|CASP3|CUL5|METTL14|DISC1|EFHC1|DICER1|NDST1|SLC4A10|PLCB1|EGFR|FOS|GSK3B|HESX1|ID2|INHBB|PITX1|PLXNA1|NCAM1|ARX|EPHA5|DYNC2H1|FGFR2|PCSK1|NEUROD1|CHD5|ANXA3|AQP1|KIF3A|KIRREL3|OTX1|CRTAC1|NOG|NOTCH3|TCF7L2|SETD2|KDM6B|PCNT|NR4A2|SOX2|TFAP2A|SEMA7A|TUBA1A|APP|WNT5A|DCLK1|NDEL1|TTC8|WNT2B|POU4F1|BTBD3|ARID1A|AXL|NSUN5|SSTR1|MCPH1|HIF1A|TRA2B|TACC3|CSF1R|FGF2|NCOR1|LPAR1|NRP1|SEMA5A|XRN2|FGF10|WDR37|GLI3|PSEN1|EPHB3|RBPJ|ALDH1A2|ALDH1A3|BMP2|PHACTR1|HDAC1|HMGA2|SRC|NCOR2|WNT4|LMX1A|SZT2|TAL2|DLX5|SIN3A|MDK|SRGAP2|ASPM|CEP120|RARA|TSC1|SMARCA4|SMARCC2|TUBB2A|ATP2B4|ATP1B2|TOX|BMP4|TWSG1|TYRO3|CHRD|TYROBP|WDR62|WNT3A|CREB1|ZEB1|ZFP335|FUT1|ZMIZ1|DBI|INHBA|AVPR2|MDGA1|SEC1|AGTPBP1|DMD|ATG7|ATG16L1|CDH2|FGF13|CDON|FLNA|BNIP3|FKTN|FRS2|AVPR1A|IFT88|CDK5|FYN|KRAS|CNTNAP2|GSC|GRIA1|D16ERTD472E|GRIN1|RARB|HAP1|SUN1|FEZ1|WNT1|KCNC1|KCNC2|LRP6|HTRA2|CRK|SSTR3|ITGAM|APAF1|MFSD2A|CSNK2A1|DPCD|ZDHHC16|CRKL|FBXO45|PRDM8|PAX6|TCTN1|NGF|NR2F2|KIF1A|PPP1R9B|PEX13|PEX5|NEUROG3|BCL11B|GLI1|GLI2|PSEN2|PTGER3|PTEN|RNF7|ATF5|ATOH1|RELN|D130043K22RIK|POU3F3|DAB1|HHEX|DLX2|IKZF1|HOOK3|ID4|LHX2|ARL13B|PFDN1|SOCS7|PCM1|GDPD5|PTPRS|TOP2B|VPS13B|APLP2|HDAC2|YWHAE|UCHL5|NRG1|AKIRIN2|MYH10|FILIP1|TRP73|MME|AKNA|CNTN2|FGFR1|NKX2-1|PROX1|SRF|NF2|COL3A1|TH|TNR|CCKAR|DCT|LHX6|EOMES|CTNNB1|EPHB2|CORO1C|CXCR4|TSKU|HTT|MECP2|SEMA6B|GNAQ|HES1|UBA6|APLP1|ISL1|BTG2|P2RY12|WDR47|SLC7A11|EMX1|EMX2|KIF26A|LRP8|CDK5R2|GAK|FXR1|FXR2|POU3F1|SLITRK5|ZIC1|E2F1|ATIC|ATP1A2|TFAP2C|RAC1|PTCHD1|XRCC1|LEF1|FAT4|CNP,https://www.gsea-msigdb.org/gsea/msigdb/mouse/geneset/GOBP_FOREBRAIN_DEVELOPMENT,397,ENR,GOBP_FOREBRAIN_DEVELOPMENT,2.5139999999999998,0,GOBP_FOREBRAIN_DEVELOPMENT,FALSE,GOBP_FOREBRAIN_DEVELOPMENT
60,1.97881070093006,1.97881070093006,1.97881070093006,0.98950000000000005,0.31040000000000001,5.1499999999999997E-2,1,ACTN4|DLG5|DSG2|PAK2|DSP|ACTG1|JAK1|ILDR1|VCL|DSG3|ACTB|SCRIB|CDH5|MAPK8|ZDHHC7|PECAM1|ARHGEF18|CTNND1|ABCB1A|MPP7|F11R|CGNL1|TJP1|FLNA|TJP2|MAPK9|TJP3|LSR,https://www.gsea-msigdb.org/gsea/msigdb/mouse/geneset/GOBP_PROTEIN_LOCALIZATION_TO_CELL_CELL_JUNCTION,28,ENR,GOBP_PROTEIN_LOCALIZATION_TO_CELL_CELL_JUNCTION,1.9128000000000001,1.0500000000000001E-2,GOBP_PROTEIN_LOCALIZATION_TO_CELL_CELL_JUNCTION,FALSE,GOBP_PROTEIN_LOCALIZATION_TO_CELL_CELL_JUNCTION
6,2.3872161432802601,2.3872161432802601,2.3872161432802601,0.99590000000000001,0.43340000000000001,2.0899999999999998E-2,0.97799999999999998,STARD13|HDAC5|KLF4|MEOX2|THBS1|PDCD10|ITGB1BP1|MAP2K5|TBXA2R|MMRN1|DLL4|CARD10|NOTCH1|MMRN2|PIK3R2|SPRED1|RHOA,https://www.gsea-msigdb.org/gsea/msigdb/mouse/geneset/GOBP_NEGATIVE_REGULATION_OF_CELL_MIGRATION_INVOLVED_IN_SPROUTING_ANGIOGENESIS,17,ENR,GOBP_NEGATIVE_REGULATION_OF_CELL_MIGRATION_INVOLVED_IN_SPROUTING_ANGIOGENESIS,2.1629,4.1000000000000003E-3,GOBP_NEGATIVE_REGULATION_OF_CELL_MIGRATION_INVOLVED_IN_SPROUTING_ANGIOGENESIS,FALSE,GOBP_NEGATIVE_REGULATION_OF_CELL_MIGRATION_INVOLVED_IN_SPROUTING_ANGIOGENESIS
61,1.6736641390712499,1.6736641390712499,1.6736641390712499,0.9788,0.1114,7.5800000000000006E-2,1,LPAR1|NRP1|EFNB2|EFNB3|PLXNB3|SNAPIN|SEMA5A|EFNA1|PSEN1|KREMEN1|DAB2|PRKCD|IL15RA|LRRK2|CD38|MYLIP|UBE3A|INPPL1|EPHA3|CEP97|TSC1|EFEMP1|PAFAH1B1|TESK1|ARHGAP44|INPP5F|RTN4|APOE|CDK10|EPHA7|ABI3|PRKCSH|SLIT2|INPP5J|NTN1|PLXNA3|RTN4R|RTN4RL1|TSC2|KANK1|RYK|NGEF|SEMA3F|DNM2|SEMA3G|WNT3A|SEMA4F|SLIT1|PTK2|MAP4K4|WNT3|ITM2C|LRIG2|B2M|DNM3|BAG5|NR2F1|AKT1|KATNA1|FGF13|CAPZB|FLNA|CFL1|SPOCK1|CDK5|CSPG4|FYN|NEO1|DTNBP1|DGUOK|PTPRG|ITGA3|ITGB1|GFAP|TRIM32|CRMP1|DPYSL3|DPYSL5|HDAC6|STMN2|CCR5|ARF6|CBFA2T2|STAP1|HRG|DYNC1I2|NLGN3|AMIGO3|CYTH2|ARHGAP24|FAT3|EVI5L|GDI2|KIF24|LIMK2|MAK|MPHOSPH9|PPP3CA|ODF2L|TBC1D30|TBC1D7|ZFP296|TCHP|WDR44|BCL11A|PRNP|RHOA|ACTR3|PTEN|ARHGAP4|RAPGEF2|PFN2|CDKL3|D130043K22RIK|DAB1|DIP2B|MBP|TRPV4|FSTL4|GORASP1|SEMA3A|ID1|IFRD1|MAG|PTPRS|RGMA|RNF6|RUFY3|TBX6|TRAK2|TRIM46|THY1|TTC3|ULK1|ULK2|NFATC4|TRPC6|VIM|CIB1|PTPN1|HDAC2|DENND5A|NTM|YWHAH|RAP1GAP2|GLCE|ADAM17|CDH1|RIT2|ZFP365|PTPN9|PTPRF|PTPRZ1|GFI1|RAB3IP|TNR|GSK3A|GSK3B|GDI1|LIMA1|LRP1|XYLT1|LUZP1|PAQR3|MT3|PMP22|MDM2|RUNX1T1|SEMA6D|CARM1|EPHB2|NLGN1|TSKU|EPHA4|NRXN1|HES1|LRP4|H2-D1|H2-K1|TACSTD2|WNT5A|NGFR|ADCY6|GAK|EVL|CIT|FKBP4|THOC2|SPRY2|RAP1GAP|YAP1|CORO1B|LGALS1,https://www.gsea-msigdb.org/gsea/msigdb/mouse/geneset/GOBP_NEGATIVE_REGULATION_OF_CELL_PROJECTION_ORGANIZATION,193,ENR,GOBP_NEGATIVE_REGULATION_OF_CELL_PROJECTION_ORGANIZATION,1.8162,2.12E-2,GOBP_NEGATIVE_REGULATION_OF_CELL_PROJECTION_ORGANIZATION,FALSE,GOBP_NEGATIVE_REGULATION_OF_CELL_PROJECTION_ORGANIZATION
32,2.74472749489669,2.74472749489669,2.74472749489669,1,0.17080000000000001,4.8999999999999998E-3,0.35399999999999998,CDC73|PAX6|ATOH8|NR2F2|EFNB2|IFT80|FGFR3|MTSS1|AIMP1|MEF2C|RB1|PHB2|NOTCH1|STAT1|NUPR1|TGFBR3|B4GALT1|NLRC3|CDKN2B|PPARD|PTEN|SFN|SLURP1|EPPK1|AR|DAB2|TNF|TGFBR1|BRCA2|KRT4|SUZ12|STK11|TGFB2|NPPB|PDCD10|XDH|HSF1|FLT1|CDKN2A|CELF1|GHRL|RUNX3|SFRP1|GKN3|PPARG|AGER|CDH1|CDKN1B|PTN|RGN|WDR77|STK3|APOE|SPARC|STK4|PTPRK|SOX9|NFATC1|ROBO1|TNMD|TSC2|BMP4|SYNJ2BP|TRIM24|APC|WNT10B|CDK6|MED1|TGFB1|DLL4|DSC1|AQP11|ZEB1|ACVRL1|ALOX5|CDKN1C|B2M|CASK|MEN1|SNAI2|COL4A3|NFIB|CXCR3|DUSP10|DLG1|SULF1|WFDC1|FGFR2|GPC3|THBS1|ATF2|APOH|CPB2|PDX1|CTSL|KRIT1|CCL12|ISL1|HPN|MAGED1|CAV2|IFT88|GAS1|A4GNT|SERPINF1|CAV1|IFT172|IFT52|CEACAM1|CEACAM2|OVOL1|SOX2|TINF2|GDF5|ESR2|MCC|TGFB3|IL12A|WNT5A|IL12B|VDR|ENG|IFT122|LIMS1|NGFR|LIMS2|DLK1|GJA1|CD109|ETV4|SMO|LRP6|NPM1|PTCH1|PTPRM|VASH1|FLCN|IFT74|INTU|IRF6|KLF9|WDR13|SFRP2|DAB2IP|NF1|SAV1|EAF2|GATA3|GATA6|MMRN2|RAP1GAP|MARVELD3|IFT57|TMIGD1,https://www.gsea-msigdb.org/gsea/msigdb/mouse/geneset/GOBP_NEGATIVE_REGULATION_OF_EPITHELIAL_CELL_PROLIFERATION,154,ENR,GOBP_NEGATIVE_REGULATION_OF_EPITHELIAL_CELL_PROLIFERATION,2.4788000000000001,0,GOBP_NEGATIVE_REGULATION_OF_EPITHELIAL_CELL_PROLIFERATION,FALSE,GOBP_NEGATIVE_REGULATION_OF_EPITHELIAL_CELL_PROLIFERATION
12,1.99567862621736,1.99567862621736,1.99567862621736,0.9899,0.20449999999999999,5.0200000000000002E-2,1,BBS1|GSK3B|RAB11A|TUB|TCTN1|BBS9|ZDHHC3|BBIP1|DZIP1L|FAM149B|IFT80|LZTFL1|NPHP4|TCTN2|TULP2|GDI2|ARL3|TMEM107|TTC21A|SPATA7|BBS4|CCDC66|DYNC2H1|TTC21B|SNX10|INVS|EHD1|CDK20|RABEP1|MAPK15|ARL13B|ROM1|IFT20|ASAP1|RAB8A|TULP1|IFT140|WDR35|TULP3|WDR19|IQCE|ARF4|CC2D2A|INPP5E|CCDC39|RAB11FIP3|CCDC40|IFT122|CROCC|GAS8|CSNK1D|ARL6|CCDC88A|MICALL1|EFCAB7|ZMYND10|ATP6V1D|RAB3IP|CEP78|DZIP1|ZFP423|GGA1,https://www.gsea-msigdb.org/gsea/msigdb/mouse/geneset/GOBP_PROTEIN_LOCALIZATION_TO_CILIUM,62,ENR,GOBP_PROTEIN_LOCALIZATION_TO_CILIUM,1.9204000000000001,1.01E-2,GOBP_PROTEIN_LOCALIZATION_TO_CILIUM,FALSE,GOBP_PROTEIN_LOCALIZATION_TO_CILIUM
11,2.0861861476162802,2.0861861476162802,2.0861861476162802,0.99180000000000001,0.2094,3.49E-2,1,PI4KA|LRP1|APCDD1|FUBP1|P2RX4|CDK5R1|SUN2|SYNE2|TREM2|TSPO|PMP22|GLI3|ZMIZ1|CD9|CX3CR1|MATN2|RRAS|RELN|CSF1|CTNNB1|EPHA4|DAB1|FAS|TIAM1|CCL12|CCL2|SOCS7|CDK5|CSPG4|CCL3|MMP14|SRGAP2|HEXB|P2RY12|WDR47|CCR2|TGFB2|GRIN1|VIM|LAMB1|SUN1|DCX|VCAN|EFEMP1|SCRIB|CX3CL1|IDH2|LRP8|PAFAH1B1|ARHGEF7|MBOAT7|CDK5R2|DISC1|RRAS2|NDN|DAB2IP|PTPRB|NF1|RTN4|ULK4|P2RY1|PTPRZ1|GPR183|ENPP1|STAP1|COL3A1|NTN1|ATP1B2|FN1|CRKL,https://www.gsea-msigdb.org/gsea/msigdb/mouse/geneset/GOBP_GLIAL_CELL_MIGRATION,70,ENR,GOBP_GLIAL_CELL_MIGRATION,2.0299999999999998,8.2000000000000007E-3,GOBP_GLIAL_CELL_MIGRATION,FALSE,GOBP_GLIAL_CELL_MIGRATION
59,2.3767507096021001,2.3767507096021001,2.3767507096021001,0.99580000000000002,0.1207,1.5599999999999999E-2,0.92400000000000004,HBEGF|HES5|MAP3K7|RBM10|AKIRIN1|APOD|SHC1|STAT1|RBPJ|GNAI3|TLR4|AIF1|BMP2|RXRA|SRC|STAT3|IL15|TBX1|CALCRL|ERBB4|TGFBR1|MAPK1|RBP4|KPNA1|NAMPT|IRAK4|DDIT3|NPPB|NPPC|DSN1|NPR1|FLT1|GATA4|NDC80|ADIPOQ|NKX2-5|HEY2|PDGFD|IGFBP5|ITGA2|MYD88|JARID2|TNFAIP3|NAA35|PDE1A|BMPR2|KLF4|PDE4D|ABL1|APOE|TRAF6|AGTR1A|S1PR1|XRCC5|MSTN|P2RY6|PDGFB|TGFBR2|VEGFA|MYOCD|BMP4|SIX5|TGFB1|XBP1|PRKCA|XRCC6|CAMK2D|PTK2|SUGT1|EGR1|AGT|ANG|SMAD1|SMPD3|STAT5B|CYBA|PIK3R1|SULF1|ALOX12|DRD4|TACR1|MEF2D|AKT1|EDNRA|TBX2|TBX20|ABCC4|CCND2|PIM1|ACE2|CCNB1|CDK1|FRS2|NDRG4|S1PR2|CAV2|PRKG1|TIMP3|PTAFR|CAV1|CCL5|FOXJ2|CXADR|BMPR1A|CNN1|RGS5|SERPINF2|EFEMP2|RXRB|ORC1|MEGF10|IL13|ITGB3|NPR3|GJA1|CX3CL1|GNA13|SIX1|SKI|KCNK2|HGF|MAP3K5|MFN2|TBX5|ELANE|PTGIR|JUN|MYC|MYOG|ZFP143|NF1|FES|GATA6|KCNN4|PAK1|NOS3|CDH13|MMP9|NQO2|WNT2|EDN1|IRAK1|RPS6KB1|EREG|MEF2C|POLDIP2|NOTCH1|PDCD4|TGFBR3|MAPK11|PARK7|GLI1|PPARD|RHOA|IGFBP3|PTEN|GSTP1|GSTP2|HPGD|TNF|DYRK1A|SPON2|ERN1|MYB|ILK|MAPK14|CTNNBIP1|IFNG|TGFB2|SKP2|SHH|APLN|NR4A3|CFLAR|HDAC2|PIK3CA|PPARGC1A|PPARG|NRG1|VGLL4|AGER|MYH10|SOD2|CDKN1B|PTGIS|DDX39B|PTGS2|ESR1|TRP73|C3AR1|FGF1|FGFR1|PDGFRB|SIRT1|COMT|PRKAR1A|ENPP1|HMGCR|EGFR|TGM2|DDR2|FOS|TPM1|IGF1R|GSK3B|LDLRAP1|IGF1|ID2|ADAMTS1|APC|MTOR|MDM2|MNAT1|NCAM1|CTNNB1|FGFR2|THBS1|GNAI2|GNAQ|RBPMS2|ANGPT1|NOG|NOTCH3|TCF7L2|TRP53|SF1|RETN|DNMT1|ESR2|TGFB3|IL12A|FOXP1|IL12B|NOL3|IL18|GNA12|FGF9|NDRG2|OGN|ZFPM2|VIPR2|MMP2|TRIB1|FOXC1|ARID2|CITED2|IL10|IL6|IL6RA|HMOX1|JAK2|SAV1|HDAC4|HIF1A|PRKDC|YAP1|CDKN1A|EPHB1|FOXC2|FGF2,https://www.gsea-msigdb.org/gsea/msigdb/mouse/geneset/GOBP_MUSCLE_CELL_PROLIFERATION,260,ENR,GOBP_MUSCLE_CELL_PROLIFERATION,2.226,4.1999999999999997E-3,GOBP_MUSCLE_CELL_PROLIFERATION,FALSE,GOBP_MUSCLE_CELL_PROLIFERATION
10,1.7281583934635001,1.7281583934635001,1.7281583934635001,0.98129999999999995,0.17879999999999999,8.5400000000000004E-2,1,NUP155|ENY2|CPSF6|FYTTD1|PHAX|MCM3AP|POLDIP3|RBM15B|RBM33|SARNP|HHEX|RBM8A|SSB|TPR|DDX19B|DHX9|SETD2|XPO5|GLE1|NUP107|HNRNPA2B1|NUP133|NXF1|NUP160|NXF2|NXF7|NXT2|ZC3H11A|PCID2|DDX25|IWS1|KHDRBS1|NUP188|NOL6|POM121|WNK1|RAE1|NUP85|XPOT|EIF4E|NUP214|NXT1|MAGOH|MAGOHB|SRSF3|FMR1|DDX39B|NUP88|NUP153|NSUN2|NUP98|THOC1|NCBP1|PABPN1|THOC2|NCBP2|THOC3|THOC5|XPO1|AKAP8L|THOC6|ALKBH5|THOC7|ALYREF|YTHDC1|ALYREF2|NUP62|DDX19A|EIF4A3|NUP93|CASC3,https://www.gsea-msigdb.org/gsea/msigdb/mouse/geneset/GOBP_RNA_EXPORT_FROM_NUCLEUS,71,ENR,GOBP_RNA_EXPORT_FROM_NUCLEUS,1.7796000000000001,1.8700000000000001E-2,GOBP_RNA_EXPORT_FROM_NUCLEUS,FALSE,GOBP_RNA_EXPORT_FROM_NUCLEUS
42,2.74472749489669,2.74472749489669,2.74472749489669,1,0.2135,3.0000000000000001E-3,0.16200000000000001,PREPL|RAB14|SYS1|KLHL20|KIF1A|MON2|BET1L|DENND2A|GOLT1A|GOLT1B|HEATR5A|ATP9A|HEATR5B|RAB4B|WIPF3|SNX32|SNX8|SYT7|TBC1D17|TMEM87B|STX16|STX6|VPS26A|KIF1C|RUFY1|RAB6B|TBC1D10B|CLN5|LRRK2|RAB6A|GBF1|LAPTM5|TBC1D5|SNX1|CORO7|GOSR1|VPS35|TRIM46|RNF126|SRSF10|AP1AR|ARFIP1|DENND5A|AP4M1|KIF16B|PIKFYVE|USP7|GCC2|ERC1|VPS54|TRIM27|TBC1D10C|ANKFY1|CCDC91|VPS29|VTI1B|EVI5|DCTN1|RGP1|TPCN2|SGSM2|EPS15|VPS52|VPS53|VAMP3|PPFIA2|RCSD1|KIF5A|TANC2|CLN3|MAPK8|RAB7|PIP4K2A|SNX5|SYT4|EHD3|MECP2|KIF5B|TMEM87A|TBC1D14|WIPI1|VPS26B|SLC30A6|SNX12|STX5A|SORT1|SPAG9|VTI1A|AP1S1|TRAPPC10|YKT6|BAIAP3|AP1G1|ARL8B|GAK|SNX2|RAB9|ACTR2|CLTC|TBC1D10A|ARL1|KIF1B|PLEKHA3|PLEKHJ1|LAMP1|SNX3|UBE2O|SNX6|SYBU|RHOBTB3|TBC1D23|ARFRP1|GGA1,https://www.gsea-msigdb.org/gsea/msigdb/mouse/geneset/GOBP_CYTOSOLIC_TRANSPORT,113,ENR,GOBP_CYTOSOLIC_TRANSPORT,2.5971000000000002,0,GOBP_CYTOSOLIC_TRANSPORT,FALSE,GOBP_CYTOSOLIC_TRANSPORT
5,1.92081875395238,1.92081875395238,1.92081875395238,0.98799999999999999,0.3029,7.3200000000000001E-2,1,WHRN|ANKRD24|SLC4A7|TPRN|MYO3B|ELMOD3|MYO7A|CDH23|SEC24B|WDPCP|SCRIB|PAFAH1B1|SLITRK6|CLIC5|SOD1|TRIOBP|LHFPL5|PCDH15|REST|FGFR1|PDZD7|PLS1|USH1C|ATP2B2|KCNQ1|RAC1,https://www.gsea-msigdb.org/gsea/msigdb/mouse/geneset/GOBP_AUDITORY_RECEPTOR_CELL_DEVELOPMENT,26,ENR,GOBP_AUDITORY_RECEPTOR_CELL_DEVELOPMENT,1.8260000000000001,1.2E-2,GOBP_AUDITORY_RECEPTOR_CELL_DEVELOPMENT,FALSE,GOBP_AUDITORY_RECEPTOR_CELL_DEVELOPMENT
40,2.74472749489669,2.74472749489669,2.74472749489669,1,0.36990000000000001,2.8999999999999998E-3,0.16600000000000001,OPHN1|L1CAM|RAPSN|SORT1|ITGB1|ITGB3|SHANK3|GRN|RAB3A|PCLO|APPL1|CBLN3|MPP2|PRICKLE1|BSN|C1QL1|CADM1|CTBP2|DLG1|DGKZ|ERC1|NLGN1|ERC2|HSPA8|NRXN1|CBLN2|ARF6|RIMS2|SEMA3A|PRICKLE2|SDF4|DLG2|SHANK1|RIMBP2|PLXNA4|CNTNAP2,https://www.gsea-msigdb.org/gsea/msigdb/mouse/geneset/GOBP_MAINTENANCE_OF_SYNAPSE_STRUCTURE,36,ENR,GOBP_MAINTENANCE_OF_SYNAPSE_STRUCTURE,2.5914000000000001,0,GOBP_MAINTENANCE_OF_SYNAPSE_STRUCTURE,FALSE,GOBP_MAINTENANCE_OF_SYNAPSE_STRUCTURE
59,1.7851561519523,1.7851561519523,1.7851561519523,0.98360000000000003,0.1787,5.4600000000000003E-2,1,SIX5|APC|MEF2C|AKIRIN1|NOTCH1|TGFBR3|MAPK11|SUGT1|GLI1|PPARD|RBPJ|SMAD1|PTEN|NCAM1|CTNNB1|RXRA|SRC|STAT3|FGFR2|TBX2|TBX20|TBX1|DYRK1A|CCND2|ERBB4|TGFBR1|MAPK1|RBP4|PIM1|CCNB1|CDK1|KPNA1|MAPK14|CAV2|ANGPT1|NOG|CXADR|TGFB2|BMPR1A|DSN1|RXRB|SHH|GATA4|CFLAR|NDC80|MEGF10|FOXP1|HDAC2|FGF9|GJA1|NKX2-5|HEY2|ZFPM2|SIX1|SKI|KCNK2|NRG1|VGLL4|HGF|JARID2|FOXC1|ARID2|MYH10|TBX5|CITED2|ABL1|MYOG|JAK2|SAV1|TRP73|FES|FGF1|MSTN|FGFR1|GATA6|SIRT1|PRKAR1A|YAP1|TGFBR2|EPHB1|WNT2|FOS|FOXC2|FGF2,https://www.gsea-msigdb.org/gsea/msigdb/mouse/geneset/GOBP_STRIATED_MUSCLE_CELL_PROLIFERATION,84,ENR,GOBP_STRIATED_MUSCLE_CELL_PROLIFERATION,1.899,1.6400000000000001E-2,GOBP_STRIATED_MUSCLE_CELL_PROLIFERATION,FALSE,GOBP_STRIATED_MUSCLE_CELL_PROLIFERATION
2,1.7520267336381901,1.7520267336381901,1.7520267336381901,0.98229999999999995,0.35920000000000002,6.3500000000000001E-2,1,FNTA|RAPSN|CRK|ETV5|PTN|DNAJA3|AGRN|LRP5|DVL1|RER1|COLQ|FZD9|LRP4|RAC1|SORBS1|CRKL|MUSK|SORBS2|FARP1,https://www.gsea-msigdb.org/gsea/msigdb/mouse/geneset/GOBP_SKELETAL_MUSCLE_ACETYLCHOLINE_GATED_CHANNEL_CLUSTERING,19,ENR,GOBP_SKELETAL_MUSCLE_ACETYLCHOLINE_GATED_CHANNEL_CLUSTERING,1.8606,1.77E-2,GOBP_SKELETAL_MUSCLE_ACETYLCHOLINE_GATED_CHANNEL_CLUSTERING,FALSE,GOBP_SKELETAL_MUSCLE_ACETYLCHOLINE_GATED_CHANNEL_CLUSTERING
79,2.2076083105017501,2.2076083105017501,2.2076083105017501,0.99380000000000002,0.1032,4.2599999999999999E-2,1,OPHN1|LPAR1|RAB31|EFNB2|HMMR|ARAP1|FCHO1|SERPINE1|SGIP1|NCDN|PLXNB2|STAB2|SYT11|CD9|DGKD|CXCL16|DAB2|CXCR1|CXCR2|ITSN2|CALCRL|SYT17|ITCH|TMEM108|PACSIN1|MKLN1|NAPB|RABEP1|AP2S1|TBC1D5|GRK4|TSPAN7|GREM1|LMBRD1|SAG|SH3GLB2|SNX1|CTTN|ITGA4|ATXN2|ITGB2|STON2|AP2A2|LYVE1|AAK1|ADIPOQ|SCRIB|CLTB|INPP5F|PIKFYVE|RAMP1|TFRC|FMR1|RNF220|SYK|RABGEF1|BMP2K|CCDC32|GPR107|RIN3|ADRB2|USH1G|APOE|AKAP5|SELE|PLK2|APLNR|FCHSD2|TGFBR2|ARF1|NTF3|VEGFA|WASL|CLU|WDR54|SLC9A3|SYNJ1|NEU3|CUBN|TNK2|TPCN2|DNM2|LMBR1L|WNT3A|EPS15|PRKCA|CAV3|CD63|ADM|B2M|SH3GL2|DNM3|SNX9|AHI1|PPT1|SORL1|C3|DRD4|ARRB2|PIP5K1C|GSG1L|APOC3|ANXA2|PLCG2|LRRTM1|PLD2|LRRTM2|APOC1|CCL19|SCYL2|APOC2|DNAJC13|LRPAP1|CAV2|MSR1|STON1|CAV1|USP46|CEACAM1|CEACAM2|CCR7|CD36|GRIA1|CD81|HAP1|DTNBP1|CANX|HPCA|ITGB1|ITGB3|AP3M1|RAMP2|PTPN5|ARRB1|ITGAV|LRP6|HIP1R|CAP1|LRP2|VAC14|DMBT1|SCARB2|GRB2|FCER2A|FCGR2B|ITGAM|NUMB|CBL|MYO6|HAMP|HAMP2|RAB5A|PLA2R1|RNASEK|EZR|VTN|NEDD4|NEDD4L|UNC119|NLGN3|IFITM3|FNBP1L|SH3GL3|PCSK9|RAB21|PPP3R1|NSF|RALA|RALBP1|PTGER3|CLTA|DLL1|FCHO2|SIGLEC1|SNCA|ITSN1|AU040320|MARCO|SMAP1|IQSEC1|SUSD4|HIP1|RALB|AP2M1|TRF|MX2|MTMR2|GAS7|RNF216|WASF1|DNAJC6|HNRNPK|IL4|ULK1|CALY|APLN|HSPG2|GHR|NRG1|CD14|RAMP3|HGS|HPSE|GRIA2|MICALL1|CNTN2|SIRT2|NECAB2|MAGI2|DLG4|PICALM|CD44|LDLR|SYNJ2BP|LDLRAP1|LRP1|INS1|INS2|INSR|PARD3|AP2B1|MRC1|ARC|CLN3|MDM2|CD300A|EGF|SFRP4|SNAP91|FCER1G|VLDLR|FCGR1|FCGR4|ATAD1|KIF3A|RSPO1|SDC1|ANGPT1|LDLRAD3|RAB11FIP5|ARHGAP27|SIGLECH|AP2A1|HFE|TFR2|SNX17|APP|AMN|CD2AP|BICD1|GAK|DNM1|FLOT1|PICK1|SDCBP|CLTC|CBLB|ACHE|CLEC9A|ANKRD13A|ANKRD13B|ANKRD13D|UBQLN2|ABCA2,https://www.gsea-msigdb.org/gsea/msigdb/mouse/geneset/GOBP_RECEPTOR_MEDIATED_ENDOCYTOSIS,264,ENR,GOBP_RECEPTOR_MEDIATED_ENDOCYTOSIS,1.9716,6.1999999999999998E-3,GOBP_RECEPTOR_MEDIATED_ENDOCYTOSIS,FALSE,GOBP_RECEPTOR_MEDIATED_ENDOCYTOSIS
46,2.74472749489669,2.74472749489669,2.74472749489669,1,8.5699999999999998E-2,3.2199999999999999E-2,1,GDF6|MAP3K7|ARHGEF5|ACTA2|CDC42|ADRA1A|ADRA2A|ADRA2B|GLIPR2|ADRA2C|AR|CXCL17|THPO|PRKCD|PRKCZ|PRKD2|LRRK2|ERBB4|MAP2K1|PYCARD|C1QTNF3|FGF7|IGFBP4|RIPK2|NAMPT|DVL3|GADD45B|IL34|RNF13|SH3RF3|ITGA1|HTR2B|NMNAT1|HTR2C|DSC2|EZH2|SLAMF1|FLT1|GHRL|HAND2|TNFAIP8L3|PDGFD|PPIA|TNFRSF11A|KIT|PIK3R5|MYH9|PDE5A|MAP2K3|MAP2K4|PDE8A|TRAF2|MET|PDE8B|TRAF6|CDK10|P2RY1|P2RY6|DIXDC1|PDGFA|PDGFB|NTF3|VEGFA|MYOC|NTRK3|FZD10|ROBO1|NPNT|BCAR3|ZC3H12A|RYK|TGFB1|SEMA4C|PRKCA|TREM2|RPS3|ROCK1|ROCK2|ABCA7|SORBS3|WNT7B|MAPK8IP3|TAOK1|SOD1|GPR37L1|PIK3CG|C3|ERBB3|FGF21|MAPK8IP2|MINK1|PLCG2|KLB|IL11|ADORA1|PTPN11|ADORA2A|CCL19|NDRG4|GPR37|ARL6IP5|CSPG4|CCL3|VEGFB|OSM|CASR|CCR2|TNIK|CCR7|FERMT2|CD36|CD81|FBXW7|CX3CL1|ARRB1|IL1A|CXCL12|KISS1R|SH3RF2|MAP3K5|TAOK3|MAP2K6|ATP6V0C|FCGR2B|DAB2IP|FGA|FGB|MFHAS1|NTRK2|GPR183|PJA2|PAK1|RAPGEF1|IL1B|PSAP|IRAK1|DHX33|FGFR3|MEF2C|GPR55|NOD2|NOTCH1|RASSF2|NOTCH2|NPY|WWC1|PTPRC|RAPGEF2|MID1|TMEM106A|ZEB2|TFF2|TNF|TRPV4|ERN1|ERN2|DNAJC27|ADAM9|EDA2R|ANKRD6|BRAF|ASB15|ASB3|DVL2|MAP3K10|FGFBP3|ADRA1B|ADRB1|ARHGAP8|C1QTNF2|MAP3K3|UNC5CL|NDST1|PLCB1|EGFR|HMGB1|MUC20|IGF1|IGF2|TRAF4|VANGL2|INS1|INS2|INSR|IQGAP1|KL|LEPR|MT3|BMPER|MAPK3|KSR1|EPHA4|FGFR2|NRXN1|THBS1|TNFSF11|MADD|MAP4K1|C5AR1|RB1CC1|MAGED1|PELI2|ANGPT1|SLC30A10|SOX2|TAB1|SEMA7A|TEK|TGFB3|APP|WNT5A|FPR2|DSTYK|ABL2|MST1R|ADAM8|LIF|BANK1|GCNT2|MAP3K13|NRK|AXIN1|MAPKBP1|FLT4|NAIP1|AVPI1|NAIP2|DOK4|NAIP5|NAIP6|ERP29|NOD1|CSF1R|FGF16|CHI3L1|FGF18|FGF2|GAB1|LPAR1|MBIP|P2RX7|NRP1|ERBB2|TPBG|FGF10|SHC1|EFNA1|AKAP12|GPNMB|PSEN1|FGF3|TIRAP|TLR2|TLR4|BMP2|LTBR|SASH1|SRC|TRIM12A|DAB2|RAF1|TRIM12C|TRIM30B|LMNB1|TRIM30D|TBX1|KITL|LAPTM5|WNT4|MAPK8IP1|PIK3R6|PRDX2|CLEC7A|F2RL1|RASGRP1|MYD88|SH3RF1|SYK|EPGN|ABL1|ADRB2|APOE|RELL1|ZFP622|MAP3K12|BMP4|CAMK2D|CD4|MAP4K4|AGT|INHBA|RELL2|HIPK2|TLR3|DRD4|ALOX12B|ARRB2|EDN3|ALOX15|EDNRA|DOK5|F2R|BNIP2|CDH2|CDON|IQGAP3|MAP2K7|MAP3K4|FRS2|FZD7|CAV2|CD74|CEACAM1|GPR39|SERPINF2|ADRA1D|C1QTNF1|CALCR|SPAG9|ITGB3|EPOR|KISS1|HGF|NPTN|CRK|TIMP2|JUN|KDR|MAP3K1|KCNN4|LYN|NQO2|CRKL|EDN1|NGF|TGFA|RAP1A|RAP1B|PHB2|PRKCE|TLR6|GDF15|PTK2B|IGFBP3|PTEN|PTPN22|CYSLTR2|RIPK1|PDGFC|MARCO|ILK|NTRK1|NENF|PTPRJ|MIF|STK39|TGFB2|TLR9|PDCD10|XDH|STK25|CFLAR|CIB1|IGFBP6|PTPN1|DUSP15|DUSP19|PLA2G5|IAPP|KSR2|NRG1|ADAM17|AGER|RAMP3|RIT2|ADRB3|ESR1|STK3|TRP73|FGF1|PDGFRA|FGFR1|PDGFRB|CARD9|NECAB2|PDE6G|PDE6H|LPAR2|CD24A|CD27|SPHK1|HMGCR|TAOK2|CD40|DDR2|IGF1R|CD44|CCDC88C|CD84|FGFR4|LRP1|FZD8|EDAR|CCR1|DUSP22|TNFRSF19|LAMTOR2|CRHR2|LAMTOR3|CTNNB1|CXCR4|EGF|GCG|GNAI2|FCER1A|FGG|NKD1|NOX4|FGD2|FZD5|FGD4|GADD45G|MAGI3|MAP3K11|MAP4K2|LILRA5|LPAR3|FZD4|HAVCR2|ICAM1|ESR2|KLHDC10|GADD45A|NGFR|TRIM30A|EIF2AK2|FGF9|GAS6|GSN|IL6|IL6RA|RET|BCL10|JAK2|SPRY2|TPD52L1|TRAF7|WNT16|XIAP|LAT,https://www.gsea-msigdb.org/gsea/msigdb/mouse/geneset/GOBP_POSITIVE_REGULATION_OF_MAPK_CASCADE,450,ENR,GOBP_POSITIVE_REGULATION_OF_MAPK_CASCADE,2.0516000000000001,0,GOBP_POSITIVE_REGULATION_OF_MAPK_CASCADE,FALSE,GOBP_POSITIVE_REGULATION_OF_MAPK_CASCADE
3,2.2291479883578602,2.2291479883578602,2.2291479883578602,0.99409999999999998,0.22070000000000001,5.2499999999999998E-2,1,ESM1|MUC20|NRP1|TYRO3|FGFR4|EPHB4|FGFR3|ERBB2|INSR|DDR1|EPHA2|EPHA1|FLT3|EPHB3|STMN1|EPHA5|EPHB2|EPHA4|FGFR2|TIE1|ERBB4|NTRK1|MERTK|MUSK|INSRR|FLT1|PTPN2|TEK|EPHA3|PTPN1|MST1R|HGF|LTK|AXL|KIT|RET|KDR|ROR2|MET|EPHA7|PDGFRA|FGFR1|PDGFRB|FLT4|NTRK2|BCAR1|PAK1|RAC1|CSF1R|EGFR|NTRK3|ADAMTS12|EPHB1|DDR2|IGF1R,https://www.gsea-msigdb.org/gsea/msigdb/mouse/geneset/GOBP_HEPATOCYTE_GROWTH_FACTOR_RECEPTOR_SIGNALING_PATHWAY,55,ENR,GOBP_HEPATOCYTE_GROWTH_FACTOR_RECEPTOR_SIGNALING_PATHWAY,1.9087000000000001,5.8999999999999999E-3,GOBP_HEPATOCYTE_GROWTH_FACTOR_RECEPTOR_SIGNALING_PATHWAY,FALSE,GOBP_HEPATOCYTE_GROWTH_FACTOR_RECEPTOR_SIGNALING_PATHWAY
,2.74472749489669,2.74472749489669,2.74472749489669,1,0.16769999999999999,4.8999999999999998E-3,0.34899999999999998,GNAL|LPAR1|RGS2|PLN|S1PR5|AKAP12|PF4|PSAPL1|PDE2A|PTGER3|ADRA1A|GNAI3|MC1R|ADRA2A|RAPGEF2|CNR2|DGKQ|S1PR4|SCT|CALCA|MARCO|RIMS2|CALCRL|PRKAR2A|CHRM2|CHRM3|NME2|S1PR3|TCP11|TSHR|FFAR3|ADM2|GPR171|GNA15|GPR62|CALCB|GRIK3|IAPP|HTR1D|GPR176|PRKACA|RAMP1|RAPGEF4|PRKAR2B|RAMP3|RIT2|PDE10A|PDE4A|GRK5|PDE4D|ADRA1B|ADRB1|ADRB3|ADRB2|GPR12|S1PR1|P2RY1|AKAP5|ATP2B4|MRAP|PRKAR1A|GNAI1|LPAR2|CRTC3|GPR146|APLNR|PTHLH|GCGR|GNAS|GPR65|GSK3A|CNR1|CACNA1D|GIPR|PTGER4|OXGR1|ADM|AGT|CHRM1|CXCR3|GNA11|GNAZ|GPR37L1|CRHR2|POMC|GNAT1|DRD4|GNAT3|HTR4|GCG|GPR88|EDNRA|GLP1R|GRM8|GNAI2|GNAO1|GNAQ|GPR4|TBXA2R|ADORA1|HTR7|PRKAR1B|ADORA2A|FLNA|APLP1|GPR37|S1PR2|UCN2|UCN3|CHGA|LPAR3|GALR2|PTH1R|P2RY12|PALM|CASR|PRKACB|GRM6|ADRA1D|APP|CALCR|FPR2|GABBR1|ITGB3|NPR3|GNA12|RAMP2|GNAT2|GALR1|CHRM4|CXCL10|GNA13|VIPR2|ADCY1|CXCL11|GALR3|ADCY2|ADCY3|VIPR1|ADCY4|PDE3A|ADCY5|ADCY6|SCTR|ADCY7|CXCL9|ADCY9|GNA14|GPHA2|PTGER1|GPR119|PTGER2|ADORA2B|GPR157|PTGFR|TMEM116|GPR3|NPB|PTGIR|MGRN1|RLN1|PRMT5|ABCA1|ARRDC3|CORT|ADCYAP1R1|PSAP|EDN1,https://www.gsea-msigdb.org/gsea/msigdb/mouse/geneset/GOBP_ADENYLATE_CYCLASE_MODULATING_G_PROTEIN_COUPLED_RECEPTOR_SIGNALING_PATHWAY,168,ENR,GOBP_ADENYLATE_CYCLASE_MODULATING_G_PROTEIN_COUPLED_RECEPTOR_SIGNALING_PATHWAY,2.4836,0,GOBP_ADENYLATE_CYCLASE_MODULATING_G_PROTEIN_COUPLED_RECEPTOR_SIGNALING_PATHWAY,FALSE,GOBP_ADENYLATE_CYCLASE_MODULATING_G_PROTEIN_COUPLED_RECEPTOR_SIGNALING_PATHWAY
4,1.5654310959658,1.5654310959658,1.5654310959658,0.9728,0.1084,9.69E-2,1,OGT|CAMK2N1|NPTX1|OXCT1|PAX6|RAB34|DYNLL1|ABCA12|MYT1|PCK1|PCK2|PPARA|PPP3CA|PPP3CB|PRKAA1|ZFP36L1|PRKAA2|PRKCE|GJB6|PLA2G6|PPARD|GPX1|ADRA2A|HCFC1|RPTOR|UNC13B|HNF1A|SMAD3|BRSK2|PRKCB|RAF1|ZBED6|CALCRL|UCP2|ZBTB20|ERN1|KAT5|NADK|SIN3A|SRI|USF1|BIRC5|JAGN1|C2CD2L|SLC26A6|GHRL|ABCG1|SLC2A2|PIK3CA|SIDT2|SLC2A5|PRKACA|AGER|KLF7|PIM3|SMARCA4|SMARCB1|TBC1D1|HMGN3|LIN28A|MYH9|PDE4C|MAP2K3|MAP2K4|EFNA5|PDE8B|OSBP|SLC39A14|NCOA6|SIRT1|SOX4|TRPM4|BAD|RPS6KA2|SMAD4|RBM4|SRF|AACS|PLCB1|HMGCR|GCK|TH|IGF1R|FOXA2|SLC29A1|CACNA1D|IGF1|GPLD1|LRP1|CDK16|INS1|VCAM1|PTPRN2|ANO1|ENY2|PDE3B|TGFB1|TRPM5|IRS2|XBP1|PRKCA|KCNB1|KEAP1|TREM2|LEPR|MAP4K4|NR1D1|CYP7A1|CFTR|AGT|STAR|GCLC|CRHR2|GCLM|EPHA5|GCG|APOC3|ATG7|PDE1C|TIAM1|ABCC8|CPB2|NEUROD1|PDX1|PTPRN|USF2|ACE|NOX4|FKBP1B|NR1H4|CCL2|SMAD2|KIF5B|STXBP4|SERPINF1|TCF7L2|PTPMT1|RAB11FIP5|CASR|GPR39|FOXO3|RAB11B|COL1A1|ICAM1|ENDOG|PAX2|AQP4|BAIAP3|GPR68|ARRB1|GAS6|ADCY5|NDUFAF2|FBP1|MLXIPL|FTO|MUP1|MAP2K6|MAPK13|MUP2|MUP3|KCNJ11|MUP5|PIH1D1|VSNL1|LRP5|HIF1A|TJP1|TRA2B|RAB11FIP2|RFX6|NFKB1|RAC1|SYBU|STX4A|CACNA1E|SLC12A6|SLC12A7,https://www.gsea-msigdb.org/gsea/msigdb/mouse/geneset/GOBP_CELLULAR_RESPONSE_TO_CARBOHYDRATE_STIMULUS,178,ENR,GOBP_CELLULAR_RESPONSE_TO_CARBOHYDRATE_STIMULUS,1.7392000000000001,2.7199999999999998E-2,GOBP_CELLULAR_RESPONSE_TO_CARBOHYDRATE_STIMULUS,FALSE,GOBP_CELLULAR_RESPONSE_TO_CARBOHYDRATE_STIMULUS
1,2.74472749489669,2.74472749489669,2.74472749489669,1,0.1323,1.34E-2,0.87,SLC39A12|CCNF|RNASE10|CDK5R1|ERBB2|AURKB|PRKAA1|PRKAA2|CHMP5|KATNB1|PARP3|BICD2|HSPH1|HSPA1B|STMN3|BBS2|CDK2AP2|ALMS1|CKAP5|TPR|DRG1|NME7|STK11|CCDC15|CEP120|EML4|HSPA1A|MAPRE1|MARK2|CCDC39|CEP76|EPHA3|CCDC40|CEP97|CCDC65|CHMP1A|CHMP1B|CHMP2A|CHMP2B|CHMP3|CHMP4C|SKA1|CHMP6|SPAG5|PAFAH1B1|D7ERTD443E|MEMO1|EML3|GPSM2|RSPH4A|SGK1|HNRNPU|SPEF1|POC1A|ABL1|KIFC1|AGRN|EFNA5|MET|XPO1|MKKS|MAPRE3|MDM1|KIF21A|AKAP9|DIXDC1|NUP62|PLK2|PLK4|PPP1R35|INPP5J|RCC1|SASS6|TRIM36|SPICE1|ATXN7|CCNL1|CCNL2|TPX2|CDK11B|WDR62|WNT3A|RNF4|SENP6|RPS3|KAT2A|CAV3|ROCK1|ROCK2|STMN1|BBS4|TAOK1|CLIP3|CNIH2|TACR1|TTC21B|TACR3|CEP70|CLIP1|ARL2|GAS2L1|NAV3|FGF13|PSRC1|SPAST|MAPK15|GDA|CAV1|HAP1|FEZ1|FBXW5|HDAC6|ARHGEF7|EML2|PKD1|STMN2|DEFB1|TBCD|DEFB37|TUBB4A|FAM107A|FES|MAPT|LAMP1|PAK1|CAMSAP3|CYB5D1|TAC4|DYNC1H1|BBS1|KIF9|TAC2|TTLL6|VPS4B|NUBP1|RHOA|RHOT1|APC2|CKAP2|ARHGEF2|MID1|ATF5|TRIM54|ATAT1|TTBK2|GEN1|SNCA|DYRK1A|TRPV4|MAPRE2|TAC1|CLASP1|CLASP2|STIL|PLK1|CHORDC1|PHLDB1|MID1IP1|PHLDB2|POC1B|TRIM46|TPPP|STMN4|NEFH|CALY|XRCC3|CIB1|ANXA5|CDH5|TACC1|TACC2|PDCD6IP|CHMP4B|CDKN1B|RGN|SIRT1|GBA2|CCR6|GNAI1|PKHD1|SPECC1L|GSK3A|GSK3B|CAMSAP1|CAMSAP2|DCTN1|PDE4DIP|CCDC88C|SLAIN1|SLAIN2|APC|AZIN1|RBM14|MAPK8|TRIM37|CHMP7|FSD1|MECP2|KIF3A|MARK4|WDR47|NAT10|MACF1|TMEM67|TRAF3IP1|RAE1|KIF18A|NPM1|BICD1|CDK5RAP2|CEP192|TRIM58|CLTC|DYNC1LI1|FKBP4|NUMA1|GIT1|MCPH1|RAC1|TACC3|KAT2B|CYLD,https://www.gsea-msigdb.org/gsea/msigdb/mouse/geneset/GOBP_REGULATION_OF_MICROTUBULE_BASED_PROCESS,222,ENR,GOBP_REGULATION_OF_MICROTUBULE_BASED_PROCESS,2.2570999999999999,0,GOBP_REGULATION_OF_MICROTUBULE_BASED_PROCESS,FALSE,GOBP_REGULATION_OF_MICROTUBULE_BASED_PROCESS
4,2.74472749489669,2.74472749489669,2.74472749489669,1,0.15409999999999999,6.8999999999999999E-3,0.56399999999999995,ABR|PFKL|RAP1A|RAP1B|ENTPD1|NOTCH1|RAB33B|NCKAP1L|PPP3CA|ATP9A|PNKD|MIDN|CD200|PSMD9|SYT11|VPS4B|PTGER3|ADRA2A|IGFBP3|RPTOR|ACVR1C|SMCR8|FBN1|WDR41|SNCA|SCT|TFF2|TNF|NPFF|UCP2|SLC30A1|CRY1|ABAT|RSAD2|MYO5A|STK39|NR1H3|NUCB2|TCP11|JAGN1|FFAR2|FFAR3|FOXO1|RAB11FIP3|F2RL1|GHRL|ADA|ANXA5|WNK1|WNK4|ADIPOQ|BRAF|SFRP1|PPARG|NRG1|FMR1|PPP1R9A|KLF7|PIM3|TBC1D1|CYP51|PTGS1|PDE4C|RABGEF1|TNFRSF1B|APOE|PDE8B|CRHBP|P2RY1|SIRT1|SIRT4|IDUA|GNAI1|POU5F1|HMGCR|SREBF1|GCK|NMU|NPY1R|TNFRSF1A|CNR1|CD84|INS1|INHBB|INS2|ENY2|PDE3B|IRS1|ACSL4|KCNB1|PTGER4|TSPO|VAMP3|SRCIN1|GGCX|MAP4K4|KALRN|CRY2|CD300A|PTPRV|GNAZ|RAB7|CRHR2|STXBP5L|DRD4|ERBB3|EGF|SYT4|EDN3|GNAI2|MADD|F2R|GNAO1|PDE1C|ABCC8|REST|TIFAB|ANXA1|IL11|ADORA1|FKBP1B|HTR7|PTPN11|UCN2|CHGA|PRKG1|MAOB|OSM|PTPMT1|CD74|P2RY12|CEACAM1|RAB11FIP1|NEO1|RAB11FIP5|CCR2|GPR39|BCR|FRMD4A|RHBDF1|SERGEF|INHA|IL12A|HADH|IL12B|IL13RA2|GABBR1|GJA1|IDH2|HRH2|IL1RN|LIF|NDUFAF2|IL6|MUP1|MUP2|MUP3|KCNJ11|MUP5|NF1|HMOX1|SYTL4|VSNL1|NMB|KCNJ6|IL1RAPL1|KCNQ1|DPH3|ERP29|PLA2R1|VAMP8|IL1B|RHBDF2|TRIM9|LGALS9|EDN1|EDN2,https://www.gsea-msigdb.org/gsea/msigdb/mouse/geneset/GOBP_NEGATIVE_REGULATION_OF_SECRETION,177,ENR,GOBP_NEGATIVE_REGULATION_OF_SECRETION,2.3900999999999999,0,GOBP_NEGATIVE_REGULATION_OF_SECRETION,FALSE,GOBP_NEGATIVE_REGULATION_OF_SECRETION
22,2.0969100130080598,2.0969100130080598,2.0969100130080598,0.99199999999999999,0.15310000000000001,4.6300000000000001E-2,1,NRP1|PARVA|PCSK5|NOTCH1|NOTCH2|SUFU|TGFBR3|PDE2A|ADAMTS19|RBPJ|LMO4|BMP5|PRDM1|DHRS3|TBX1|MDM4|TGFBR1|KIF7|SALL4|DVL3|TGFB2|GATA4|EGLN1|SMAD7|GJA5|CHD7|MKS1|NKX2-5|HEY2|NPRL3|MYH10|SMARCA4|BMPR2|SOX11|SOX4|PROX1|SLIT2|ANK2|SMAD4|APLNR|NDST1|NRP2|TGFBR2|PAX8|NFATC1|ROBO1|ROBO2|BMP4|SEMA3C|LRP1|VANGL2|ID2|LUZP1|DNM2|ADAMTS6|AP2B1|FGFRL1|SLIT3|HEG1|DCTN5|FUZ|RBM15|MDM2|ACVR1|XIRP2|CXCR4|FGFR2|TBX2|TBX20|TBX3|ZFPM1|HES1|HEY1|HEYL|ISL1|FRS2|IFT88|NOG|NPHP3|TRP53|STRA6|PLXND1|BMPR1A|TAB1|PTK7|WNT11|DAND5|SNX17|MAML1|WNT5A|LTBP1|ENG|FZD1|MSX2|PITX2|FZD2|HECTD1|ZFPM2|SALL1|SMAD6|SMO|LRP6|LRP2|TBX5|CITED2|JAG1|SAV1|GATA3|GATA6|KCNJ8|TRIP11|BMP7|NOS3|MATR3,https://www.gsea-msigdb.org/gsea/msigdb/mouse/geneset/GOBP_CARDIAC_SEPTUM_DEVELOPMENT,114,ENR,GOBP_CARDIAC_SEPTUM_DEVELOPMENT,1.9423999999999999,8.0000000000000002E-3,GOBP_CARDIAC_SEPTUM_DEVELOPMENT,FALSE,GOBP_CARDIAC_SEPTUM_DEVELOPMENT
31,2.74472749489669,2.74472749489669,2.74472749489669,1,0.24579999999999999,6.4000000000000003E-3,0.499,ANKRD16|CDKAL1|DTWD1|DTWD2|MTFMT|DUS1L|DUS4L|OSGEP|OSGEPL1|QTRT1|THUMPD1|TPRKB|PUS1|LCMT2|PUS7|TRMT12|TYW1|TYW3|PUS10|PUSL1|AKT1|SEPSECS|THG1L|DUS3L|NSUN3|NSUN4|B3GNTL1|PUS3|RPUSD4|BCDIN3D|TRDMT1|WDR6|DALRD3|NAT10|MTO1|ALKBH1|TRMT112|YRDC|CDK5RAP1|TRIT1|TRMT5|METTL8|HSD17B10|FTSJ1|MOCS3|ADAT2|CTU1|CTU2|ELP3|NSUN2|ELP4|GTDC1|KTI12|TRMU|URM1|ALKBH8|GTPBP3|METTL2|METTL6|NSUN6|THUMPD2|THUMPD3|TRMT1|WDR4|ELP2|TRMT6|TRMT61A|DPH3|TRUB1|METTL1|THADA,https://www.gsea-msigdb.org/gsea/msigdb/mouse/geneset/GOBP_TRNA_MODIFICATION,71,ENR,GOBP_TRNA_MODIFICATION,2.4165000000000001,0,GOBP_TRNA_MODIFICATION,FALSE,GOBP_TRNA_MODIFICATION
1,1.72584215073632,1.72584215073632,1.72584215073632,0.98119999999999996,0.1007,8.8700000000000001E-2,1,OPHN1|PREPL|LPAR1|P2RX7|DNM1L|CAPN2|SNAPIN|CDK5R1|GRIK5|GIT2|MYO5B|SGIP1|SYT7|SYT11|PSEN1|RAB3B|PRRT2|UNC13B|DGKQ|PRKCB|ATP2A2|ITSN2|LRRK2|RIMS2|NAPA|VAMP1|UNC13C|SYT2|PACSIN1|NAPB|AP2S1|DDC|STON2|VPS18|AP2A2|STX11|SCRIB|AMPH|BTBD8|HTR1D|CLTB|CTBP1|EPS15L1|OTOF|RAPGEF4|FMR1|ARPC3|P2RY1|STX2|SYT8|NPY1R|DENND1A|P2RX2|SYNJ1|CACNA1D|CSPG5|DNM2|PRKCA|ROCK1|SYP|BTBD9|SH3GL2|DNM3|PIK3C3|SNX9|PCLO|RAB7|PIP5K1C|ATG7|NLGN2|PLD1|CDH2|FGF14|PRKAR1B|CAMK2A|CDK5|EFR3A|SNCB|STON1|CACNA1A|CXADR|ARHGDIA|SYNGR3|FBXL20|DTNBP1|CANX|SYDE1|AP1S2|STX19|AP3S1|AP3S2|ATP6AP1|ATP6AP2|SYN2|ATP6V0A1|KCNC3|SYT13|SYT5|ATP6V0A4|ATP6V0C|ARF6|ATP6V0D1|ATP6V0E2|CPLX2|ATP6V1C1|ATP6V1D|ATP6V1E1|ATP6V1F|ATP6V1G1|DVL1|MFF|P2RY2|ATP6V1G2|ATP6V1G3|ATP6V1H|TBC1D24|CLCN3|SNAP23|STXBP2|STX4A|RAB5A|SNAP25|TRIM9|SLC18A1|RAB3GAP1|SLC18A2|FBXO45|NLGN3|AP3B2|AP3M2|P2RX1|RAP1A|RAP1B|SLC10A4|NPY|PPP3CB|PPP3CC|PARK7|PPP3R1|RAB3A|SNAP47|PTEN|FCHO2|BSN|SLC17A5|PFN2|SLC17A7|SLC17A8|SYN3|SNCA|ITSN1|AP2M1|SLC9A6|GRIPAP1|MX2|SYNJ2|DNAJC5|DNAJC6|ACTG1|VAMP2|SLC2A4|PLAA|BRAF|SLC32A1|NCS1|PRKACA|CASP3|CADPS2|CTBP2|ERC1|ERC2|PLS3|SCRN1|SNAP29|SNCG|SYN1|MAGI2|PICALM|CD24A|RIMBP2|SLC4A8|SYT12|SV2B|TH|AP2B1|KCNH1|PPFIA2|UNC13A|CASK|BRSK1|CTNNB1|RIMS3|NLGN1|STXBP1|STXBP5L|SV2A|SV2C|SYT4|NRXN1|SH3GL1|SNAP91|VAMP4|PCDH17|SYT1|AP2A1|CYFIP1|ABCA13|ATP8A1|PPFIA3|TOR1A|ACTB|GRN|AP3D1|CADPS|DOC2A|DOC2B|DOC2G|DNM1|RAB27B|RPH3A|OSBPL2|CLTC|STX1A|GIT1|STXBP5|SYT9|BIN1|ATP6V1A|ATP6V1B1|ATP6V1B2|RAC1|BCL2L1|CACNB4|SCAMP5|CACNA1E,https://www.gsea-msigdb.org/gsea/msigdb/mouse/geneset/GOBP_SYNAPTIC_VESICLE_CYCLE,235,ENR,GOBP_SYNAPTIC_VESICLE_CYCLE,1.7688999999999999,1.8800000000000001E-2,GOBP_SYNAPTIC_VESICLE_CYCLE,FALSE,GOBP_SYNAPTIC_VESICLE_CYCLE
8,1.85387196432176,1.85387196432176,1.85387196432176,0.98599999999999999,0.1963,0.09,1,BMP4|P2RX7|OSR1|LTF|FGFR3|WNT10B|MEF2C|KL|PTGER4|ATP2B1|FAM20C|TOB2|ALOX5|GPM6B|FBN2|BMP2|THRB|ACVR1|BMP6|RXRA|PKDCC|ACTN3|SMAD3|TACR1|ACVR2A|SCUBE2|TAC1|SLC8A1|PTPN11|WNT4|SETD2|BMPR1A|TFAP2A|MIA3|RXRB|WNT5A|ACVR2B|VDR|ASXL2|TMEM119|NIPBL|FZD9|OSR2|RUNX2|BMPR1B|LRP6|ZBTB16|PTN|ADCY10|BMPR2|ISG15|SLC20A2|ADRB2|NELL1|SOX11|CD276|OXT|ANO6|CSF1R|BMP7,https://www.gsea-msigdb.org/gsea/msigdb/mouse/geneset/GOBP_POSITIVE_REGULATION_OF_OSSIFICATION,60,ENR,GOBP_POSITIVE_REGULATION_OF_OSSIFICATION,1.7649999999999999,1.4E-2,GOBP_POSITIVE_REGULATION_OF_OSSIFICATION,FALSE,GOBP_POSITIVE_REGULATION_OF_OSSIFICATION
78,1.7077439286435201,1.7077439286435201,1.7077439286435201,0.98040000000000005,0.26290000000000002,9.69E-2,1,BCL2|CSF2|AGAP2|PRDX2|EYA1|FGF10|GDNF|SGK3|EYA2|EYA3|EYA4|CX3CL1|MAPK7|SNAI2|STRADB|UNC5B|NRG1|CTNNA1|HSPA1B|COL2A1|RIPK1|KLF4|MAP2K5|TNF|IL7|GATA1|MCL1|FYN|GAS1|IL1B,https://www.gsea-msigdb.org/gsea/msigdb/mouse/geneset/GOBP_NEGATIVE_REGULATION_OF_SIGNAL_TRANSDUCTION_IN_ABSENCE_OF_LIGAND,30,ENR,GOBP_NEGATIVE_REGULATION_OF_SIGNAL_TRANSDUCTION_IN_ABSENCE_OF_LIGAND,1.7395,1.9599999999999999E-2,GOBP_NEGATIVE_REGULATION_OF_SIGNAL_TRANSDUCTION_IN_ABSENCE_OF_LIGAND,FALSE,GOBP_NEGATIVE_REGULATION_OF_SIGNAL_TRANSDUCTION_IN_ABSENCE_OF_LIGAND
7,2.2146701649892302,2.2146701649892302,2.2146701649892302,0.99390000000000001,8.8300000000000003E-2,4.02E-2,1,GDF11|HES5|HOXC11|IRX1|IRX2|LHX1|SIX2|SOX17|PPP2R3A|RAX|ACVR1C|BCOR|AR|ASB2|ERBB4|EXT1|TDRD7|TMED2|GREM1|KDM2B|HOXA7|HOXA10|NME7|DDIT3|NKX2-2|CC2D2A|CCDC103|CCDC39|GATA4|CCDC40|GATA5|GDNF|CLUAP1|GAS8|NBL1|HAND2|HEY2|MNS1|OFD1|RNF220|NEK8|BMPR2|ROR2|MEIS1|CELSR1|RAB23|MEGF8|NRP2|PGAP1|ROBO1|IFITM1|ROBO2|GRHL3|HIPK1|SEMA3C|NCKAP1|SEMA3F|KAT2A|WNT3|WNT7B|ACVRL1|SMAD1|SMAD5|TAF10|BMI1|C1QA|BHLHE22|DMRTA2|IRX4|NR2F1|WT1|C3|SETDB2|TTC21B|GPC3|TBX2|TBX20|RNF111|TBX3|BHLHE40|TIFAB|VAX2|PSKH1|YY1|BMPR1A|ALX4|SHROOM3|EN1|DAND5|HOXA11|HOXA9|LAMA5|HOXD10|HOXD9|MYF5|IFT122|MDFI|MSX1|MSX2|PITX2|GJA1|OSR2|RPGRIP1L|AIDA|SIX1|SKI|SMAD6|TRP63|SMO|ZBTB16|LRP2|TBX18|TBX5|ATP6AP2|HES2|HES6|HOXC8|PCGF2|FOXJ1|HOXD8|RING1|SIM2|DVL1|IFT57|RFNG|BMP7|WNT2|DISP1|FOXA1|MEF2C|PCSK5|PCSK6|NOTCH1|NOTCH2|CITED1|APC2|ZEB2|PLXNA2|ETS2|FKBP8|HES7|ACVR2A|BMP1|SEMA3A|PALB2|STIL|NTF5|GRSF1|CTNNBIP1|RIPPLY3|ATM|CHRDL1|CHSY1|XRCC2|SHH|HNF1B|ACVR2B|KDM2A|MKS1|MED12|PRKACA|DVL2|RNF2|MICAL2|PAX8|FOXA2|DZIP1L|VANGL2|GREM2|ANKS6|AP1B1|ARC|BICC1|MAPK8|CEP290|DCHS1|DYNC2H1|LEFTY1|FGFR2|HOXA1|HEY1|HEYL|NEUROD1|HOXB7|INVS|KIF3A|OTX1|SMAD2|LRP4|GAS1|NOG|IFT172|NPHP3|TRP53|IFT52|MEIS3|PRKACB|TFAP2A|TLL1|NLE1|WNT5A|TMEM67|TRAF3IP1|TTC8|WNT2B|WNT6|EP300|CITED2|AXIN1|GDF3|HIF1A|PRKDC|TRA2B|LDB1|WLS|FGF2|FBXL15|HOXB9|NRP1|EFNB1|FGF10|MIB1|ABI1|GLI3|PSEN1|FGF3|RBPJ|ALDH1A2|HOXA3|EED|HOXB4|BMP2|BMP5|MAFB|HOXA2|PAX1|IHH|RARG|HOXC10|TBX1|HOXC9|PBX2|TGFBR1|SF3B1|POFUT1|HELT|CDX2|SCMH1|PAX7|TDRD1|FRAT1|TDRD5|NRARP|C2CD3|PEG12|SSBP3|HOXD4|MEOX1|MTF2|MLLT3|NKX2-5|SFRP1|SMARCD3|WDR77|GALNT11|APLNR|TGFBR2|ASPH|RTTN|BMP4|CHRD|CYP26A1|WNT3A|CYP26B1|POGLUT1|ZEB1|TDRKH|CDX1|TMEM107|MESP2|HIPK2|ACVR1|ACD|EDNRA|TSHZ1|BHLHE41|AURKA|CDON|CDK20|CRB2|MAP3K4|DMRT2|FRS2|HOXA4|HOXA6|HOXB1|IFT88|HOXB2|IRX3|EGR2|HOXB5|HOXC4|HOXC5|HOXC6|MESP1|HOXD3|IFT140|GSC|SATB2|TCF15|TULP3|WDR19|WNT1|LRP6|ITGAM|LRP5|DPCD|CRKL|EDN1|COBL|ENKUR|PAX6|TCTN1|NR2F2|OSR1|PLD6|RFX3|EYA1|PKD2|SPRY1|SUFU|GLI1|GLI2|PSEN2|DLL1|RELN|SMAD3|DAAM2|MEOX2|RNF207|HHEX|DLL3|DLX2|TGIF1|HHIP|LFNG|MFNG|OOEP|LHX2|ARL13B|PDS5A|TBX6|SENP2|HOXA5|HOXB8|DYNC2LI1|MEIS2|BMPR1B|HOXB6|FGF1|FGFR1|NKX2-1|CELSR2|SMAD4|MDGA2|SRF|TCAP|BPTF|PCDH8|TTN|FGFR4|APC|DLL4|PBX1|FST|FUZ|GORAB|HOXC13|SNAI1|SOSTDC1|TCF7L1|EOMES|CTNNB1|HTT|HES1|FZD5|ISL1|AXIN2|KDM6A|BTG2|ALG5|STC1|WNT11|EMX1|EMX2|ENG|HOXB3|PAX2|PRICKLE1|FOXC1|PTCH1|IFT74|INTU|OVOL2|SFRP2|ZIC1|FOLR1|LEF1|FOXC2|FOXD1,https://www.gsea-msigdb.org/gsea/msigdb/mouse/geneset/GOBP_PATTERN_SPECIFICATION_PROCESS,410,ENR,GOBP_PATTERN_SPECIFICATION_PROCESS,1.9936,6.1000000000000004E-3,GOBP_PATTERN_SPECIFICATION_PROCESS,FALSE,GOBP_PATTERN_SPECIFICATION_PROCESS
3,1.8386319977650301,1.8386319977650301,1.8386319977650301,0.98550000000000004,9.2799999999999994E-2,4.5999999999999999E-2,1,OGT|RAB31|PFKFB1|RAB13|EPHB4|ERBB2|GPR21|PKLR|EPHA2|SHC1|FLT3|PPARA|PRKAA1|ZFP36L1|EPHB3|ZBED3|ACVR1C|ALPL|SIK2|RPS6KB2|SRC|PRKCB|RAF1|PRKCD|PRKCQ|PRKCZ|HSD11B2|ERBB4|MAP2K1|UCP2|MAPK1|RBP4|VGF|CRY1|AKT2|GCNT1|IGFBP1|CPEB1|KBTBD2|CPEB2|NCOA2|AKT3|MERTK|USF1|RAB8A|NCOA1|SRSF6|FLT1|PTPN2|FOXO1|INPPL1|EPHA3|TSC1|AHSG|ADIPOQ|CTSD|EIF4EBP1|OPA1|PARP1|SGK1|TNFRSF11A|CTSK|KIT|SMARCC1|KLF15|ROR2|SOCS1|MET|NCK1|SOS1|EPHA7|SOS2|MSTN|PID1|RBM4|RHOQ|NTRK3|YWHAG|BCAR3|ZBTB7B|TSC2|KANK1|TYRO3|MYO1C|PDE3B|DDR1|XBP1|BGLAP|PRKCA|BGLAP2|CYP27B1|EPHA1|RPS6|EGR1|GGCX|ADIPOR1|UPRT|ADM|PIK3R2|AGT|STAR|APPL1|PTPRV|PIK3R1|PIP4K2A|PIP4K2B|SORL1|PIP4K2C|SNX5|AKT1|ABCC2|OSBPL8|ANKRD26|CAT|PRKCI|PTPN11|CCL2|APPL2|COL6A1|SH2B2|TRIM72|CAPN10|CAV2|STXBP4|EGR2|C1QTNF9|MUSK|GPR82|CEACAM1|CEACAM2|CUL3|INSRR|GOT1|UCHL3|GPT|CP|SLC2A1|SORT1|HADH|HADHA|PTPRA|IDE|SGCB|LTK|MFN2|AGRP|MUP1|MUP2|GRB2|KDR|MAPKAP1|MUP3|MUP5|LONP1|RAB10|LPIN1|LPIN2|LPIN3|RBX1|KCNJ8|MARCKS|NTRK2|USO1|KCNQ1|PAK1|IL1B|LYN|ECHDC3|NCOA5|VWA2|ZFP592|PAX6|RPS6KB1|OTC|ESRRA|PCK1|CUL7|FGFR3|PCK2|DENND4C|PCSK9|RB1|PDPK1|CDK2|CITED1|GPAM|PTEN|PTPRE|RARRES2|SCLY|SLC25A33|GSTP1|SESN2|HDAC9|HMGA1|PHIP|TNF|INSIG1|TRPV4|FOXO4|INSIG2|SLC27A4|GRB14|SP1|NUCKS1|LPL|SLC9A1|TNFSF10|NTRK1|MAPK14|SOCS7|PTPRJ|MYO5A|VPS13C|NUCB2|SESN3|HNRNPK|SYAP1|FFAR3|PDK2|PDK4|PTPN1|CSRP3|VAMP2|SLC2A4|PIK3CA|SLC2A8|MAX|PPARG|SCAP|PTPRF|SCO1|SLC39A14|PDGFRA|BLVRA|FGFR1|PDGFRB|SIRT1|CELA2A|ENPP1|GH|SLC27A1|EPM2AIP1|PLCB1|EEF2K|SREBF1|EGFR|GCK|DDR2|FOS|GRB10|GSK3A|IGF1R|GSK3B|GGH|TRIB3|GPLD1|IGF2|UCP3|ERRFI1|WDTC1|FGFR4|INPP5K|INS1|INHBB|INS2|APC|INSR|IRS1|IRS2|KHK|TBC1D4|MTOR|ATP2B1|MAPK3|SERPINA12|ZDHHC7|CRY2|GCLC|SOCS3|EPHA5|EPHB2|EPHA4|FGFR2|GNAI2|TIE1|NR1H4|FUT7|SORBS1|IRS3|RETN|NCL|PIK3R3|CYFIP1|COL1A1|TEK|NDEL1|CD2AP|MST1R|EIF6|EIF4EBP2|GKAP1|SRSF3|FBP1|SRSF5|AXL|IL10|RELA|FBXW8|RET|BLVRB|GRB7|ACHE|FLT4|ZFP106|BCAR1|PRKDC|HMGCS2|CAD|CSF1R|KAT2B|EPHB1|FOXC2,https://www.gsea-msigdb.org/gsea/msigdb/mouse/geneset/GOBP_RESPONSE_TO_INSULIN,323,ENR,GOBP_RESPONSE_TO_INSULIN,1.9453,1.4500000000000001E-2,GOBP_RESPONSE_TO_INSULIN,FALSE,GOBP_RESPONSE_TO_INSULIN
28,1.9281179926938701,1.9281179926938701,1.9281179926938701,0.98819999999999997,0.25209999999999999,4.2299999999999997E-2,1,CSNK1E|IFNG|GGA3|IFNGR1|IGF1|LRRTM3|ADAM10|HAP1|PIN1|PSENEN|RTN1|RTN3|SLC2A13|SPON1|ABCG1|EFNA1|ROCK1|ROCK2|ABCA7|BACE1|PRNP|PSEN1|TMED10|PSEN2|CASP3|NCSTN|SORL1|RELA|EPHA4|TNF|DYRK1A|RTN4|APOE|BIN1|SP1|NTRK2|RTN2|APH1B|PICALM|ABCA2|APH1A|APH1C|CLU|GSK3A,https://www.gsea-msigdb.org/gsea/msigdb/mouse/geneset/GOBP_AMYLOID_BETA_FORMATION,44,ENR,GOBP_AMYLOID_BETA_FORMATION,1.9742,1.18E-2,GOBP_AMYLOID_BETA_FORMATION,FALSE,GOBP_AMYLOID_BETA_FORMATION
77,2.67778070526608,2.67778070526608,2.67778070526608,0.99790000000000001,0.19370000000000001,2.69E-2,0.999,FAM98B|METTL21A|METTL22|FBL|FDXACB1|FTSJ3|LCMT2|WDR5|TRMT12|N6AMT1|PRMT1|RAB3D|TYW3|SETD3|RBM15|RAB3B|RBM15B|MEPCE|CARM1|PRDM1|ICMT|AKT1|NSUN3|NSUN4|RAB6A|RNMT|SETD7|LCMT1|SNRPB|BCDIN3D|TRDMT1|BTG1|SMYD2|BTG2|PCMT1|WDR6|METTL15|SNRPD3|METTL16|DALRD3|EHMT1|METTL5|SETD2|MRM1|SLC25A26|MTO1|ILF3|TRMT112|TRMT2B|LARP7|TFB1M|TFB2M|TRMT5|METTL8|NOP2|ETF1|HSD17B10|TGS1|FTSJ1|METTL14|NSUN5|GSPT1|NSUN2|FAM98A|METTL3|ALKBH8|SETD6|GTPBP3|METTL2|METTL6|DIMT1|NSUN6|THUMPD2|ZCCHC4|COMT|THUMPD3|TRMT1|WDR4|PRMT5|PRMT7|TRMT6|TRMT61A|EMG1|METTL1|EHMT2|THADA,https://www.gsea-msigdb.org/gsea/msigdb/mouse/geneset/GOBP_MACROMOLECULE_METHYLATION,86,ENR,GOBP_MACROMOLECULE_METHYLATION,2.0973999999999999,2.0999999999999999E-3,GOBP_MACROMOLECULE_METHYLATION,FALSE,GOBP_MACROMOLECULE_METHYLATION
26,1.73282827159699,1.73282827159699,1.73282827159699,0.98150000000000004,0.23039999999999999,9.5899999999999999E-2,1,BBS1|IFT140|NME7|TUB|IFT81|WDR35|LCA5|DYNLL1|LCA5L|WDR19|KLC3|IFT80|RPGR|BBS12|SSNA1|CLUAP1|IFT122|KIF17|MAK|TRAF3IP1|ARL3|DYNC2LI1|WDPCP|FUZ|IFT46|TTC21A|SSX2IP|IFT74|INTU|DYNC2H1|TTC21B|KIF3B|CCDC38|IFT27|BC048507|IFT57|PCM1|IFT20|IFT88|IFT172|IFT52,https://www.gsea-msigdb.org/gsea/msigdb/mouse/geneset/GOBP_INTRACILIARY_TRANSPORT,41,ENR,GOBP_INTRACILIARY_TRANSPORT,1.746,1.8499999999999999E-2,GOBP_INTRACILIARY_TRANSPORT,FALSE,GOBP_INTRACILIARY_TRANSPORT
60,2.74472749489669,2.74472749489669,2.74472749489669,1,0.17019999999999999,1.4200000000000001E-2,0.88900000000000001,RAB11A|DLG5|OGT|NPTX1|NLGN3|ADAM10|GABARAP|RAP1A|ERBB2|DLGAP1|IQSEC2|MPP4|NRXN2|SNAP47|BSN|HSPB1|RELN|PRKCZ|ERBB4|MAP2K1|F11R|TMEM108|MAPK10|GRIPAP1|MAPK9|TJP3|RAB8A|GPHN|DAG1|VPS35|DSG2|DSP|ACTG1|KIF2C|DSG3|VAMP2|GRIP2|SCRIB|CDH5|ARHGAP44|CLSTN1|PECAM1|GPSM2|ARHGEF18|RAPGEF4|BAIAP2|ABCB1A|AGRN|TRAF6|NBEA|CGNL1|MAGI2|CLSTN3|DLG2|DLG4|GSK3B|ZDHHC2|SACM1L|PAK2|JAK1|ILDR1|NSG1|VCL|STX3|HEG1|KIF5A|ZDHHC12|KIF5C|ZDHHC15|KALRN|MAPK8|STAU2|ZDHHC7|MAPK8IP3|PCLO|CTNND1|DLG1|LAMTOR2|LAMTOR3|NLGN1|VWC2|NRXN1|GRIP1|NLGN2|NRXN3|LRRTM1|KIF3A|FLNA|STAU1|TJP2|CAMK2A|SHANK1|ADAM22|DLG3|C1QL3|KIF5B|CDK5|GPC4|GPC6|LGI1|LHFPL4|MUSK|MYLK|NETO2|ACTN4|NPTX2|KLC1|RAPSN|TNIK|FERMT2|NPHS1|VPS26B|CACNA2D2|GRIN1|GRIN2C|HOMER1|ACTB|RAB27B|MPP7|OLFM2|GIT1|MAPT|JAM3|MARVELD3|TJP1|SNAP23|STX4A|LSR,https://www.gsea-msigdb.org/gsea/msigdb/mouse/geneset/GOBP_PROTEIN_LOCALIZATION_TO_CELL_JUNCTION,128,ENR,GOBP_PROTEIN_LOCALIZATION_TO_CELL_JUNCTION,2.2461000000000002,0,GOBP_PROTEIN_LOCALIZATION_TO_CELL_JUNCTION,FALSE,GOBP_PROTEIN_LOCALIZATION_TO_CELL_JUNCTION
1,2.2146701649892302,2.2146701649892302,2.2146701649892302,0.99390000000000001,0.42720000000000002,3.2500000000000001E-2,1,LYST|CHMP7|VPS4A|CHMP1A|CHMP1B|CHMP2A|CHMP2B|RUFY4|CHMP3|CHMP4C|CHMP5|VCP|CHMP6|UBXN6|VPS4B|CHMP4B,https://www.gsea-msigdb.org/gsea/msigdb/mouse/geneset/GOBP_ENDOSOME_TO_LYSOSOME_TRANSPORT_VIA_MULTIVESICULAR_BODY_SORTING_PATHWAY,16,ENR,GOBP_ENDOSOME_TO_LYSOSOME_TRANSPORT_VIA_MULTIVESICULAR_BODY_SORTING_PATHWAY,2.0476999999999999,6.1000000000000004E-3,GOBP_ENDOSOME_TO_LYSOSOME_TRANSPORT_VIA_MULTIVESICULAR_BODY_SORTING_PATHWAY,FALSE,GOBP_ENDOSOME_TO_LYSOSOME_TRANSPORT_VIA_MULTIVESICULAR_BODY_SORTING_PATHWAY
2,2.67778070526608,2.67778070526608,2.67778070526608,0.99790000000000001,0.1623,3.6499999999999998E-2,1,ZMYND8|NLGN3|DNM1L|KIF1A|ADAM10|CDK5R1|MYO5B|EFNA1|PRNP|PSEN1|EPHB3|CDC42|ACTR3|PTEN|DOCK10|RELN|DIP2A|LRRK2|SLC30A1|MFN1|CKAP5|ABCD2|PAK3|MTMR2|DHX36|CTTN|NEDD9|DBN1|VPS35|UBE3A|XLR4A|XLR4B|ABI2|ITPKA|PAFAH1B1|ARHGAP44|CAMK2B|OPA1|PPP1R9A|BAIAP2|ZFP365|ADCY10|APOE|ABI3|DLG4|ARF1|EEF2K|WASL|IGF1R|GSK3B|ABI3BP|DCTN1|INS1|PDLIM5|INS2|NGEF|INSR|TREM2|PRMT3|PPFIA2|SRCIN1|LGMN|TANC2|ZDHHC15|ARC|SHANK3|KALRN|STAU2|CASK|DBNL|DNM3|ABCD1|EPHA5|EPHB2|NLGN1|EPHA4|TIAM1|PLS1|SIPA1L1|CFL1|SHANK1|CDK5|ARHGAP33|ATP1A3|FYN|CAPRIN1|CAPRIN2|CNTNAP2|GRIN1|DTNBP1|HOMER1|APP|ITGA3|PTPRD|CTNND2|TANC1|ABL2|LRP8|HDAC6|MFN2|PICK1|RPH3A|ACTR2|FCGR2B|MARCKS|BHLHB9|IL1RAPL1|DVL1|XLR3B|CUX2|EPHB1,https://www.gsea-msigdb.org/gsea/msigdb/mouse/geneset/GOBP_NEURON_PROJECTION_ORGANIZATION,111,ENR,GOBP_NEURON_PROJECTION_ORGANIZATION,2.0184000000000002,2.0999999999999999E-3,GOBP_NEURON_PROJECTION_ORGANIZATION,FALSE,GOBP_NEURON_PROJECTION_ORGANIZATION
11,2.74472749489669,2.74472749489669,2.74472749489669,1,0.19040000000000001,3.8999999999999998E-3,0.247,BBS1|FBXO45|PAX5|PAX6|NDE1|PPP1R9B|CDK5R1|PEX13|PEX5|SUN2|SYNE2|NPY|GLI3|GART|PSEN1|RHOA|RNF7|ATOH1|PHACTR1|RELN|POU3F3|DAB1|BBS2|LHX2|SOCS7|BAX|MDK|PTPRS|SRGAP2|ASPM|NCOA1|HNRNPK|CEP120|NEFL|CCDC39|CELF1|TSC1|DCX|PAFAH1B1|TACC1|YWHAE|TACC2|MBOAT7|AKIRIN2|CUL5|KCNA1|DISC1|EFHC1|FILIP1|CCDC141|TUBB2A|RTN4|ULK4|MKKS|DICER1|FGFR1|NKX2-1|DIXDC1|SLIT2|COL3A1|PLCB1|EGFR|TRAPPC9|ROBO1|TH|FOS|GSK3B|NFIX|WDR62|TUBB2B|SLC38A2|ZMIZ1|BBS4|MDGA1|LHX6|ARX|BHLHE22|DMD|EOMES|CTNNB1|DMRTA2|NR2F1|ATG7|MECP2|KIF14|CDH2|FGF13|CDON|FLNA|BNIP3|FKTN|CDK5|ATP1A3|P2RY12|WDR47|GRIA1|SOX2|GRIN1|KDM1A|TUBA1A|EMX1|LAMB1|SLC2A1|SUN1|EMX2|NDEL1|KIF26A|LRP8|SMO|BTBD3|LRP6|CDK5R2|KCNA2|NSUN5|CRK|DAB2IP|NF1|MCPH1|ATIC|NTRK2|HIF1A|TFAP2C|TRA2B|RAC1|TACC3|CSNK2A1|FAT4|CRKL,https://www.gsea-msigdb.org/gsea/msigdb/mouse/geneset/GOBP_CEREBRAL_CORTEX_DEVELOPMENT,128,ENR,GOBP_CEREBRAL_CORTEX_DEVELOPMENT,2.5385,0,GOBP_CEREBRAL_CORTEX_DEVELOPMENT,FALSE,GOBP_CEREBRAL_CORTEX_DEVELOPMENT
11,2.74472749489669,2.74472749489669,2.74472749489669,1,0.25390000000000001,2.5999999999999999E-2,0.999,FBXO45|CDK5R1|PEX13|PEX5|SUN2|LAMB1|SUN1|SYNE2|NDEL1|DCX|GLI3|ZMIZ1|LRP8|PAFAH1B1|PSEN1|RHOA|MDGA1|LRP6|MBOAT7|CDK5R2|LHX6|RNF7|ARX|CUL5|RELN|DISC1|CTNNB1|EFHC1|POU3F3|DAB1|CCDC141|DAB2IP|RTN4|ULK4|FGF13|FGFR1|NKX2-1|DIXDC1|SLIT2|RAC1|SOCS7|COL3A1|CDK5|EGFR|ROBO1|SRGAP2|P2RY12|WDR47,https://www.gsea-msigdb.org/gsea/msigdb/mouse/geneset/GOBP_CEREBRAL_CORTEX_CELL_MIGRATION,48,ENR,GOBP_CEREBRAL_CORTEX_CELL_MIGRATION,2.1059000000000001,0,GOBP_CEREBRAL_CORTEX_CELL_MIGRATION,FALSE,GOBP_CEREBRAL_CORTEX_CELL_MIGRATION
49,2.0969100130080598,2.0969100130080598,2.0969100130080598,0.99199999999999999,0.29049999999999998,5.0299999999999997E-2,1,NCOA1|TRIM28|IGF2|VCAM1|SPINT1|ZFP36L1|ADM|WNT7B|CDKN1C|ZFP568|LLGL2|DNAJB6|SOCS3|BMP5|GRHL2|ERF|GJB5|IL10|FGFR2|GRB2|NCOA3|ST14|TMED2|FZD5|RSPO3|BMP7|LEF1|SPINT2|SETD2|ITGA4,https://www.gsea-msigdb.org/gsea/msigdb/mouse/geneset/GOBP_EMBRYONIC_PLACENTA_MORPHOGENESIS,30,ENR,GOBP_EMBRYONIC_PLACENTA_MORPHOGENESIS,1.9185000000000001,8.0000000000000002E-3,GOBP_EMBRYONIC_PLACENTA_MORPHOGENESIS,FALSE,GOBP_EMBRYONIC_PLACENTA_MORPHOGENESIS
1,2.74472749489669,2.74472749489669,2.74472749489669,1,0.2233,4.8999999999999998E-3,0.35899999999999999,LYST|PI4KB|RAB14|CREG1|P2RX7|RAB34|TMEM199|TMEM175|MCOLN1|BECN1|RAB20|RAB39|ACP2|MBTPS1|SNAPIN|TPCN2|CLVS2|MYO7A|TMEM106B|TMEM9|VPS33A|MTOR|PPP3CB|RUFY4|HPS4|CHMP5|HSD17B1|SYT7|CLN3|CORO1A|PPT1|RAB7|HPS1|AP3B1|ATP10B|CHMP7|FNIP1|HSPA8|ZKSCAN3|CLN5|LRRK2|HOOK3|TFE3|TPP1|TFEB|LAPTM5|AKTIP|ARSG|HOOK2|SRPX|HEXB|VPS35|LAPTM4B|VPS18|CLN8|SPNS1|MFSD8|SPG11|ZFYVE26|CHMP1A|CHMP1B|CHMP2A|CHMP2B|NAGLU|CHMP3|PLA2G5|CHMP4C|CCDC115|CHMP6|GRN|IGTP|IRGM2|PIKFYVE|ARL8B|CLN6|CHMP4B|TMEM165|FLCN|GNPTAB|TREX1|ATP6AP2|IRGM1|LAMP2|ATP6V0C|IDUA|LAMP1|GAA|ABCA1|ARF1|HOOK1|LIPA|HEXA,https://www.gsea-msigdb.org/gsea/msigdb/mouse/geneset/GOBP_LYTIC_VACUOLE_ORGANIZATION,92,ENR,GOBP_LYTIC_VACUOLE_ORGANIZATION,2.4750000000000001,0,GOBP_LYTIC_VACUOLE_ORGANIZATION,FALSE,GOBP_LYTIC_VACUOLE_ORGANIZATION
40,2.74472749489669,2.74472749489669,2.74472749489669,1,0.28599999999999998,2.0000000000000001E-4,4.0000000000000001E-3,OPHN1|L1CAM|ZMYND8|INS1|INS2|INSR|MTSS1|PKP2|DSC1|TREM2|CD177|SHANK3|PRNP|RAB3A|CLDN3|PCLO|APPL1|CBLN3|BSN|DLG1|DGKZ|NLGN1|HSPA8|NRXN1|CBLN2|F2R|RIMS2|SEMA3A|PRICKLE2|SDF4|CKAP5|CFL1|SHANK1|MTMR2|SHROOM2|FYN|CNTNAP1|CTTN|NEDD9|CNTNAP2|VPS35|WHRN|RAPSN|FERMT2|GRIN1|TPRN|ELMOD3|HOMER1|APP|F2RL1|SORT1|ITGA3|ITGB1|ITPKA|TANC1|ITGB3|ABL2|PARD6A|GRN|MPP2|PRICKLE1|C1QL1|CADM1|CTBP2|MPZ|ERC1|CLDN1|ERC2|PICK1|PRTN3|FCGR2B|ARF6|APOE|TJP1|PKP1|DLG2|CAMSAP3|KIFC3|CSF1R|RIMBP2|MYOCD|PLXNA4|PLEKHA7|IGF1R,https://www.gsea-msigdb.org/gsea/msigdb/mouse/geneset/GOBP_CELLULAR_COMPONENT_MAINTENANCE,84,ENR,GOBP_CELLULAR_COMPONENT_MAINTENANCE,3.0693999999999999,0,GOBP_CELLULAR_COMPONENT_MAINTENANCE,FALSE,GOBP_CELLULAR_COMPONENT_MAINTENANCE
2,2.74472749489669,2.74472749489669,2.74472749489669,1,0.12620000000000001,1.11E-2,0.78600000000000003,DLG5|OGT|EFNB1|NEURL1A|EFNB2|EFNB3|PLXNB3|ADD2|RHOG|TPBG|PLXNB2|NRXN2|EPHB3|SLITRK6|TLR2|ZDHHC8|ERBB4|GAP43|CHRNB2|NAE1|CPEB3|NEDD8|UBE2M|SRGAP2|SEMA4A|DOCK4|LRRC4|GHRL|DCX|GPM6A|NRG2|DOCK7|ARHGEF15|PODXL|RAC3|ABL1|DSCAM|RTN4|AGRN|EFNA5|EPHA7|ABI3|FLRT2|AKAP5|FLRT3|CYFIP2|AMIGO1|SLIT2|CLSTN3|MYCBP2|PDGFB|NTN1|NTRK3|PLXNA3|PLXNA4|ROBO1|RTN4R|ABI3BP|OXTR|PDLIM5|ELMO1|NCKIPSD|WNT3A|PSD|SEMA4C|PRKCA|SRGAP3|TRIM47|SLIT1|UBE3B|PTK2|SHANK3|STAU2|DNM3|MDGA1|PCLO|PIK3R1|CBLN2|CASKIN1|NLGN2|LRFN1|NRXN3|BDNF|LRFN4|LRRTM1|CDH2|FGF13|LRRTM2|PRICKLE2|DOCK1|IGSF11|SIPA1L1|S1PR2|C1QL3|SLITRK1|CDK5|GPC4|LHFPL4|MUSK|USP9X|CACNA1A|CNTNAP2|GRIA1|GRIN1|GRM6|CRMP1|GNA13|SIX1|NPTN|CADM1|CRK|FAM107A|IL1RAP|ARF6|NUMB|MYO6|NUMBL|CLSTN2|MAPT|KCNJ8|NTRK2|OXT|DVL1|SNAP25|CRKL|FBXO45|L1CAM|NPTX1|NLGN3|SEMA4D|PPP1R9B|AMIGO3|LINGO4|PLXNB1|LRRC24|RAP2A|LRRN1|MEF2C|LRRN3|MARK1|LRTM1|LRTM2|SLITRK2|THBS2|CRIPT|HAPLN4|IQSEC2|COLQ|CC2D1A|CHD4|PLXNC1|RHOA|PTK2B|ACTR3|PTEN|BSN|DOCK10|PLXNA2|RELN|SLC25A46|SNCA|ICAM5|IQSEC1|NTRK1|PTPRS|VPS35|RAB17|LIN7A|LIN7B|LIN7C|PTPN1|SIGMAR1|UBE2V2|CLSTN1|NRG1|PUM2|PPP1R9A|FARP1|CDH1|SDK2|PTPN13|ARHGEF9|NTNG2|FGFR1|LRFN3|SIX4|MAGI2|MDGA2|DLG4|EEF2K|PDZD11|SRPX2|AMIGO2|GSK3B|ZDHHC2|GABRB3|LRRTM3|FLRT1|IQGAP1|SRCIN1|ZDHHC12|ST8SIA2|DBNL|PLXNA1|GABRA2|GABRA3|GABRA4|GABRB2|CTNNB1|EPHB2|GABRE|NLGN1|HTR4|NRXN1|MECP2|CDH9|VLDLR|ELFN1|NEGR1|NPAS4|PCDH17|SDK1|KIRREL3|FZD5|LGI2|LRP4|ARHGAP33|CRTAC1|CAPRIN1|PLXND1|APP|WNT5A|DCLK1|PTPRD|FZD1|GNPAT|EIF4G1|ELAVL2|PRICKLE1|LATS1|SDCBP|SHANK2|SLC12A5|SLITRK5|ACHE|BHLHB9|IL1RAPL1|XLR3B|ADNP|RAC1|CUX2|SETD5|EPHB1,https://www.gsea-msigdb.org/gsea/msigdb/mouse/geneset/GOBP_SYNAPSE_ASSEMBLY,253,ENR,GOBP_SYNAPSE_ASSEMBLY,2.2987000000000002,0,GOBP_SYNAPSE_ASSEMBLY,FALSE,GOBP_SYNAPSE_ASSEMBLY
1,1.98296666070122,1.98296666070122,1.98296666070122,0.98960000000000004,0.26029999999999998,6.3100000000000003E-2,1,SYT1|SYT3|SLAMF1|GRIK5|TBC1D4|PLA2G4A|SYT7|SYT11|RAB3A|CORO1A|DOC2A|PRRT2|DOC2B|ANKRD27|DOC2G|ERC1|STXBP1|ERC2|SNCA|SYT13|RPH3A|SYT4|SYT5|ZNRF2|ANXA2|RIMS2|SYT9|CPLX2|VAMP1|SYT2|ANXA1|SPHK1|KIF5B|RIMBP2|TRIM9|SYT8|ZNRF1,https://www.gsea-msigdb.org/gsea/msigdb/mouse/geneset/GOBP_REGULATION_OF_VESICLE_FUSION,37,ENR,GOBP_REGULATION_OF_VESICLE_FUSION,1.8626,1.04E-2,GOBP_REGULATION_OF_VESICLE_FUSION,FALSE,GOBP_REGULATION_OF_VESICLE_FUSION
12,2.0705810742857098,2.0705810742857098,2.0705810742857098,0.99150000000000005,0.1648,5.2900000000000003E-2,1,ZMYND8|P2RX7|NRP1|DYNLL1|NEURL1A|FNBP1L|ESPN|AKIRIN1|ARAP1|RALA|CDC42|ACTR3|DOCK11|PFN1|TTBK2|PRKCQ|AUTS2|EPS8|TGFBR1|CEP120|CEP135|RAC2|RAB11FIP3|ABI2|F2RL1|CROCC|GPM6A|MNS1|FMR1|KIT|CCDC88A|CDC42EP1|CDC42EP2|CDC42EP3|CDC42EP4|AGRN|CDC42EP5|ZMYND10|MSTN|KCTD17|RAB3IP|SRF|PPP1R35|RHOQ|FRMD7|FSCN1|WASL|GM14137|GSK3B|PLEK2|PQBP1|MYO3B|NCKAP1|APC|DNM2|MTOR|PLCE1|FUZ|ARPC2|BBS4|DNM3|PIK3R1|WASF2|HSP90AA1|NLGN1|HTT|ATP7A|TAPT1|ATMIN|AVIL|AQP1|CCL19|CFL1|IFT20|IFT88|MARK4|TWF2|P2RY12|PALM|CCR7|CYFIP1|ANLN|HAP1|TGFB3|NDEL1|TMEM67|EPS8L1|EPS8L2|WNT1|DPYSL3|DEF8|PLEKHM1|ACTR2|FAM98A|HDAC4|RAC1|EPS8L3|DZIP1|COBL,https://www.gsea-msigdb.org/gsea/msigdb/mouse/geneset/GOBP_POSITIVE_REGULATION_OF_PLASMA_MEMBRANE_BOUNDED_CELL_PROJECTION_ASSEMBLY,99,ENR,GOBP_POSITIVE_REGULATION_OF_PLASMA_MEMBRANE_BOUNDED_CELL_PROJECTION_ASSEMBLY,1.9064000000000001,8.5000000000000006E-3,GOBP_POSITIVE_REGULATION_OF_PLASMA_MEMBRANE_BOUNDED_CELL_PROJECTION_ASSEMBLY,FALSE,GOBP_POSITIVE_REGULATION_OF_PLASMA_MEMBRANE_BOUNDED_CELL_PROJECTION_ASSEMBLY
47,2.23657200643706,2.23657200643706,2.23657200643706,0.99419999999999997,0.115,2.3199999999999998E-2,0.99099999999999999,DLG5|DTX1|HES5|LPAR1|PFKFB3|LAMB2|ERBB2|FGF10|SOX8|GLI3|GPM6B|PSEN1|TSPAN2|TLR2|EED|TLR4|BMP2|HDAC1|MAP2K2|CLCN2|HMGA2|RAF1|STAT3|MBD1|MAP2K1|MAPK1|AKT2|GAP43|CKAP5|RNF112|MDK|IL34|SUZ12|DAG1|CNTN1|EIF2B1|EIF2B2|MXRA8|NKX2-2|EIF2B3|EIF2B4|EIF2B5|CCDC39|ARHGEF10|MYD88|TMEM98|SERPINE2|SMARCA4|KDM4A|KLF15|LIN28A|PTN|TNFRSF1B|ABL1|METTL3|ROR2|RTN4|ULK4|S100A8|SOS1|SOX11|SOX13|SOX4|PDGFB|NTF3|ROR1|MYOC|NTRK3|CLU|PI4KA|BMP4|CSPG5|NFIX|TGFB1|TREM2|PRX|AGT|NFIB|C1QA|SOD1|GPR37L1|WASF3|DMD|ERBB3|SOX5|TTC21B|ABCC1|AKT1|CDH2|PTPN11|ADORA2A|BNIP3|COL6A1|BOK|ADAM22|CDK5|EGR2|KRAS|CNTNAP1|CNTNAP2|OMG|DNER|LAMA2|SOX6|NAGLU|GFAP|PTPRA|SKI|SMO|LRP6|F2|GRB2|KCNJ10|ITGAM|NDP|NF1|NR3C1|NTRK2|IL1B|LYN|VTN|PRDM8|PAX6|NLGN3|FGFR3|FA2H|NOTCH1|SOX10|TAL1|PPP3R1|RHOA|ACTR3|NDRG1|PTEN|DLL1|ATF5|ZEB2|RELN|BAG1|CASZ1|SLC25A46|GSTP1|DAAM2|DAB1|S100A9|DLL3|DLX2|ID4|TNFRSF21|ILK|ARSG|ITGB4|LINGO1|MAG|NKX6-2|MIOS|PTPRJ|VPS13A|NFE2L1|IFNG|TPPP|MFSD8|SHH|OLIG1|VIM|DUSP15|EXOC4|HDAC2|MED12|PLEC|PLP1|CUL4B|PPARG|NRG1|GPC1|AGER|LGI4|METTL14|NAB1|NAB2|SH3TC2|VPS54|ZFP365|DHH|TRP73|HDAC11|CNTN2|DICER1|NKX2-1|PTPRZ1|SIRT2|ENPP1|MAL|SLC45A3|SOX9|EGFR|B4GALT5|B4GALT6|ERCC2|LAMC3|METRN|WDR1|LDLR|IFNGR1|IGF1|IL6ST|LRP1|ID2|ANO1|CDKN2C|PARD3|ASPA|MTOR|PMP22|CSK|NR1D1|MAPK3|DUSP10|NCSTN|EOMES|CTNNB1|CXCR4|EPHA4|MECP2|TRPC4|MMP24|HES1|C5AR1|NFIA|NOG|PHGDH|TCF7L2|TUBA1A|APP|EMX1|MYCN|SPINT1|PAX2|ABL2|GRN|NKX6-1|RHEB|LIF|FKRP|IL33|NSUN5|GPR157|PICK1|RELA|BIN1|POU3F1|PRMT5|PRPF19|ABCA2|CSF1R|ENPP2|LEF1|CNP|FGF2,https://www.gsea-msigdb.org/gsea/msigdb/mouse/geneset/GOBP_GLIAL_CELL_DIFFERENTIATION,259,ENR,GOBP_GLIAL_CELL_DIFFERENTIATION,2.1345999999999998,5.7999999999999996E-3,GOBP_GLIAL_CELL_DIFFERENTIATION,FALSE,GOBP_GLIAL_CELL_DIFFERENTIATION
5,2.74472749489669,2.74472749489669,2.74472749489669,1,0.3362,6.4000000000000003E-3,0.49299999999999999,WHRN|HES5|ANKRD24|TSHR|TPRN|MYO3B|VANGL2|ELMOD3|MYO7A|CTHRC1|CDH23|TTC8|MKS1|SEC24B|SCRIB|SDC4|CLIC5|SOD1|TRIOBP|TSKU|LHFPL5|PCDH15|USH1G|HES1|HEY1|REST|ALMS1|IFT27|PDZD7|PLS1|TRIP11|USH1C|KIF3A|ATP2B2|CECR2|IFT20|IFT88|FAT4,https://www.gsea-msigdb.org/gsea/msigdb/mouse/geneset/GOBP_INNER_EAR_RECEPTOR_CELL_STEREOCILIUM_ORGANIZATION,38,ENR,GOBP_INNER_EAR_RECEPTOR_CELL_STEREOCILIUM_ORGANIZATION,2.4178000000000002,0,GOBP_INNER_EAR_RECEPTOR_CELL_STEREOCILIUM_ORGANIZATION,FALSE,GOBP_INNER_EAR_RECEPTOR_CELL_STEREOCILIUM_ORGANIZATION
59,1.76447155309245,1.76447155309245,1.76447155309245,0.98280000000000001,0.31730000000000003,8.2600000000000007E-2,1,SRC|SIX5|STAT3|DSN1|MYOG|SHH|AKIRIN1|CFLAR|JAK2|NDC80|MEGF10|MSTN|SIRT1|SUGT1|KPNA1|PPARD|CAV2|SIX1|ANGPT1|EPHB1|HGF|FOS|FGF2,https://www.gsea-msigdb.org/gsea/msigdb/mouse/geneset/GOBP_SKELETAL_MUSCLE_CELL_PROLIFERATION,23,ENR,GOBP_SKELETAL_MUSCLE_CELL_PROLIFERATION,1.7897000000000001,1.72E-2,GOBP_SKELETAL_MUSCLE_CELL_PROLIFERATION,FALSE,GOBP_SKELETAL_MUSCLE_CELL_PROLIFERATION
10,2.1079053973095201,2.1079053973095201,2.1079053973095201,0.99219999999999997,0.13389999999999999,8.7900000000000006E-2,1,TST|SEH1L|ZC3H3|CPSF6|PHAX|MCM3AP|ZFP36L1|POLDIP3|RBM33|BICD2|SARNP|HHEX|SSB|AAAS|CKAP5|RFTN1|CPEB1|TPR|RANBP2|CETN2|DDX19B|DHX9|XPO5|GLE1|HNRNPA1|HNRNPA2B1|NXF1|HNRNPA3|NXF2|NXF7|NXT2|SRSF1|ZC3H11A|ATM|PCID2|ATR|ZFP36|SENP2|HSF1|CETN3|IWS1|NUP210|NUP37|KHDRBS1|NUP43|NUP50|KHSRP|PARP11|SIDT1|WNK1|SIDT2|NUP85|PNPT1|LRPPRC|G3BP2|MAGOH|MAGOHB|FMR1|DDX39B|IGF2BP1|NUP153|MRPL18|NSUN2|NUP98|NCBP1|PABPN1|SNUPN|NCBP2|XPO1|KPNB1|YTHDC1|NUP54|NUP62|DDX19A|RAN|TGFBR2|EIF4A3|NUP155|ENY2|FYTTD1|KIF5C|ARC|RBM15B|SLBP|YBX1|AHCTF1|HTT|PEG10|RBM8A|RFTN2|SETD2|NUP107|NUP133|SEC13|NUP160|TNKS|DDX25|NUP188|NOL6|POM121|RAE1|XPOT|EIF4E|NUP214|NUTF2|NXT1|RANBP17|SRSF3|TOMM20|SRSF7|NUP35|FLOT1|FXR1|NUP88|FXR2|THOC1|THOC2|THOC3|THOC5|AKAP8L|THOC6|ALKBH5|MAPT|THOC7|ALYREF|ALYREF2|IGF2BP2|TERF1|IGF2BP3|NUP93|CASC3,https://www.gsea-msigdb.org/gsea/msigdb/mouse/geneset/GOBP_ESTABLISHMENT_OF_RNA_LOCALIZATION,131,ENR,GOBP_ESTABLISHMENT_OF_RNA_LOCALIZATION,1.7715000000000001,7.7999999999999996E-3,GOBP_ESTABLISHMENT_OF_RNA_LOCALIZATION,FALSE,GOBP_ESTABLISHMENT_OF_RNA_LOCALIZATION
18,1.9665762445130499,1.9665762445130499,1.9665762445130499,0.98919999999999997,0.122,4.0599999999999997E-2,1,EIF2AK3|ATG4B|NEDD4|NEDD4L|UBXN2A|OAZ1|GABARAP|PCSK9|SOX17|NUPR1|FAF1|NDFIP1|PSMD10|NSF|PSEN1|RNF185|PSEN2|PPP2R3A|ADRA2A|DNAJB2|SIRT6|HSPA1B|DAB2|TNF|LRRK2|ITCH|NKD2|ERN1|TRF|VCP|MYLIP|MAPK9|PLK1|SNX1|RGMA|SH3RF3|SUMO1|VPS35|IFNG|RAD23A|VPS11|FOXO1|HSPA1A|MSN|UBQLN1|ADAM9|RHBDD3|SOCS5|UBR3|RNF41|UBE2V2|CSNK1D|LPCAT1|CUL4A|CUL4B|SH3RF1|VGLL4|FMR1|SOCS4|TNFAIP3|CDKN1B|RHBDD1|RNFT1|FBXL5|TNFRSF1B|ECSCR|APOE|HERPUD1|SIRT1|SIRT2|PLK2|SGTA|SOX9|EIF2A|RDX|CLU|GSK3A|CSNK1E|GSK3B|LDLR|GGA3|TRIB3|GPLD1|LRP1|PIAS1|APC|SGSM3|XBP1|VPS28|PAQR3|TREM2|SEC22B|MAPK8|SNX33|MDM2|TNFSF12|ZFAND2A|SNX9|EGLN2|RAB7|RNF180|GCLC|HSP90AA1|STUB1|TIPARP|SORL1|GPC3|AKT1|C4BP|HSPBP1|ATG7|AURKA|RNF40|FBXO11|OAZ2|BBS7|PLK3|DDA1|DET1|NUB1|CBFA2T3|OSBPL7|SUMO2|NKD1|ZER1|ZYG11B|MAPK15|AXIN2|RILP|TRIB2|CAV1|DDB1|PACSIN3|BCAP31|STX5A|RNFT2|ATXN3|FBXO22|CD81|CSNK1A1|TMX1|FBXW7|USP13|APP|WNT5A|BAG2|RCHY1|TMEM67|FZR1|WFS1|ASB5|ASB9|TRIM30A|TRIM32|GJA1|PTTG1IP|ADAM8|DACT1|KCNE2|PRICKLE1|SH3RF2|TRIB1|USP5|CDC20|IL33|TMTC3|CHFR|FBXW8|SNF8|AXIN1|CBLB|DAB2IP|ASB11|RBX1|NDUFA13|SH3D19|DVL1|HAMP|UBQLN2|ABCA2|BAG6|CSNK2A1|IER3|IL1B|EZR|DTL|DDRGK1|GGA1,https://www.gsea-msigdb.org/gsea/msigdb/mouse/geneset/GOBP_POSITIVE_REGULATION_OF_PROTEIN_CATABOLIC_PROCESS,188,ENR,GOBP_POSITIVE_REGULATION_OF_PROTEIN_CATABOLIC_PROCESS,1.9901,1.0800000000000001E-2,GOBP_POSITIVE_REGULATION_OF_PROTEIN_CATABOLIC_PROCESS,FALSE,GOBP_POSITIVE_REGULATION_OF_PROTEIN_CATABOLIC_PROCESS
76,2.3979400086720402,2.3979400086720402,2.3979400086720402,0.996,0.2447,3.2399999999999998E-2,1,GSK3B|PAX6|ARHGAP32|WDR62|PLXNB2|UNC5C|NTNG1|GNRH1|ZFP609|MAPK8|LRIG2|MAPK8IP3|RAPGEF2|ARHGEF2|RNF7|PHACTR1|RELN|CXCR4|STAT3|SEMA6A|SEMA3A|FLNA|VRK1|ZSWIM6|IGSF10|CAMK2A|MDK|SRGAP2|FBXO31|KIF20B|KIF26A|NIPBL|PLAA|IL1R1|CAMK2B|NKX6-1|NRG1|ADAM17|CUL5|CDH1|DAB2IP|GPR173|ULK4|NTNG2|FLRT2|CTNNA2|PTPRZ1|SCRT1|TBC1D24|RAC1|COL3A1,https://www.gsea-msigdb.org/gsea/msigdb/mouse/geneset/GOBP_REGULATION_OF_NEURON_MIGRATION,51,ENR,GOBP_REGULATION_OF_NEURON_MIGRATION,2.0497000000000001,4.0000000000000001E-3,GOBP_REGULATION_OF_NEURON_MIGRATION,FALSE,GOBP_REGULATION_OF_NEURON_MIGRATION
19,2.67778070526608,2.67778070526608,2.67778070526608,0.99790000000000001,0.10879999999999999,4.2000000000000003E-2,1,DLG5|MAD2L2|NRP1|SLC39A6|EFNB1|NOLC1|BAMBI|SEMA5A|SIX2|FGF10|SOX8|STAT1|EFNA1|PPP2CA|WWTR1|ZFP64|OTUD5|RBPJ|ALDH1A2|CDC42|GLIPR2|BMP2|HMGA2|DAB2|EDNRB|TBX1|TCF21|ERBB4|TGFBR1|EXT1|MAPK1|RDH10|KITL|POFUT2|WNT4|GREM1|MDK|DAG1|SEMA4A|HTR2B|TRIM28|DSG2|DACT3|EZH2|HNRNPAB|EPHA3|GATA5|GDNF|SMAD7|HAND2|HEY2|SFRP1|ADAM15|TRIM62|SLC39A10|SPRED3|RTN4|NRP2|TGFBR2|VEGFA|MYOCD|NFATC1|BCL2|TSC2|BMP4|CHRD|SEMA3B|SEMA3C|SEMA3D|SEMA3E|SEMA3F|SEMA3G|CYP26A1|SEMA4B|TGFB1|SEMA4C|SEMA4F|SEMA4G|PTK2|ROCK1|RPS7|ROCK2|ADIPOR1|ACVRL1|AGT|ACVR1|EDN3|EDNRA|TBX20|TBX3|FBXO11|TIAM1|CDH2|CRB2|FLNA|CFL1|TGFB1I1|HPN|TRIP10|TIMP3|GSC|FERMT2|BMPR1A|KDM1A|IL17RD|LAMA5|MSX1|MSX2|PHACTR4|PITX2|GJA1|SIX1|SMO|LRP6|RANBP3L|DAB2IP|GATA3|BCL9L|BMP7|IL1B|WNT2|ANKRD11|EDN1|LRG1|PAX6|FOXA1|SEMA4D|OSR1|CUL7|PLAUR|MEF2C|MARK1|NOTCH1|PDCD4|SOX10|SPRY1|TGFBR3|PPP3R1|PTEN|SDHAF2|ZEB2|DDX5|SMAD3|FRZB|SEMA3A|CLASP1|CLASP2|PHLDB1|PHLDB2|TWIST1|TGFB2|OLFM1|SP6|PDPN|FAM83D|SHH|HDAC2|DDX17|AGER|APLF|TMEM100|AKNA|DICER1|FGFR1|NKX2-1|SMAD4|NOTCH4|SOX9|FN1|FOXA2|GSK3B|ZFP703|VANGL2|SPRED2|MTOR|LOXL2|FUZ|MAPK3|VASN|SNAI1|SNAI2|ZFP750|SEMA6D|NCAM1|EMP2|EOMES|CTNNB1|WNT10A|CORO1C|FBXL17|EPHA4|KLHL12|FGFR2|NRTN|RADIL|SEMA6A|SEMA6B|TAPT1|PDCD6|HES1|HEY1|HEYL|PEF1|ISL1|SMAD2|AXIN2|SEMA5B|TCOF1|NOG|TCF7L2|PAWR|SPSB3|TFAP2A|COL1A1|POLR1B|WNT11|SEMA7A|TGFB3|WNT5A|ENG|PAX2|SPRED1|ADAM8|HAS2|FOXC1|CITED2|IL6|GCNT2|RET|SDCBP|OVOL2|SFRP2|JAG1|SPRY2|HIF1A|ELL3|FOLR1|WNT16|KBTBD8|LEF1|FOXC2|LOXL3,https://www.gsea-msigdb.org/gsea/msigdb/mouse/geneset/GOBP_MESENCHYMAL_CELL_DIFFERENTIATION,242,ENR,GOBP_MESENCHYMAL_CELL_DIFFERENTIATION,1.98,2.0999999999999999E-3,GOBP_MESENCHYMAL_CELL_DIFFERENTIATION,FALSE,GOBP_MESENCHYMAL_CELL_DIFFERENTIATION
31,1.85387196432176,1.85387196432176,1.85387196432176,0.98599999999999999,0.38279999999999997,6.8900000000000003E-2,1,MOCS3|ADAT2|CTU1|NAT10|CTU2|MTO1|ELP3|ELP4|KTI12|ALKBH1|TRMU|URM1|ALKBH8|GTPBP3|NSUN3|ELP2|DPH3,https://www.gsea-msigdb.org/gsea/msigdb/mouse/geneset/GOBP_TRNA_WOBBLE_BASE_MODIFICATION,17,ENR,GOBP_TRNA_WOBBLE_BASE_MODIFICATION,1.8392999999999999,1.4E-2,GOBP_TRNA_WOBBLE_BASE_MODIFICATION,FALSE,GOBP_TRNA_WOBBLE_BASE_MODIFICATION
19,2.4202164033831899,2.4202164033831899,2.4202164033831899,0.99619999999999997,0.16980000000000001,3.4500000000000003E-2,1,LRG1|MAD2L2|FOXA1|BAMBI|MARK1|NOTCH1|SPRY1|EFNA1|TGFBR3|PPP2CA|WWTR1|PTEN|SDHAF2|GLIPR2|BMP2|SMAD3|DAB2|TGFBR1|CLASP1|CLASP2|POFUT2|GREM1|MDK|PHLDB1|PHLDB2|DAG1|TWIST1|TGFB2|DSG2|OLFM1|DACT3|EZH2|PDPN|EPHA3|SMAD7|HDAC2|SFRP1|TRIM62|AGER|APLF|SPRED3|NKX2-1|SMAD4|TGFBR2|VEGFA|MYOCD|FOXA2|GSK3B|TSC2|ZFP703|BMP4|SPRED2|TGFB1|PTK2|MTOR|LOXL2|ADIPOR1|FUZ|AGT|VASN|SNAI1|ZFP750|EMP2|ACVR1|CTNNB1|EPHA4|TBX20|FBXO11|TIAM1|CRB2|ISL1|SMAD2|TGFB1I1|AXIN2|HPN|NOG|TCF7L2|PAWR|FERMT2|SPSB3|BMPR1A|COL1A1|KDM1A|IL17RD|TGFB3|ENG|SPRED1|ADAM8|FOXC1|IL6|GCNT2|SDCBP|OVOL2|SFRP2|DAB2IP|JAG1|SPRY2|GATA3|ELL3|BCL9L|BMP7|IL1B|LEF1,https://www.gsea-msigdb.org/gsea/msigdb/mouse/geneset/GOBP_REGULATION_OF_EPITHELIAL_TO_MESENCHYMAL_TRANSITION,103,ENR,GOBP_REGULATION_OF_EPITHELIAL_TO_MESENCHYMAL_TRANSITION,2.0333999999999999,3.8E-3,GOBP_REGULATION_OF_EPITHELIAL_TO_MESENCHYMAL_TRANSITION,FALSE,GOBP_REGULATION_OF_EPITHELIAL_TO_MESENCHYMAL_TRANSITION
6,2.74472749489669,2.74472749489669,2.74472749489669,1,0.158,1.6000000000000001E-3,6.9000000000000006E-2,GAB1|APOA1|NRP1|EFNB2|PLEKHG5|EGR3|RAB13|EPHB4|SEMA5A|SMOC2|EPHA2|EFNA1|TNS3|PAXIP1|HSPB1|STARD13|SASH1|PRKD2|TGFBR1|LGALS8|GREM1|AKT3|SOX18|SEMA4A|ITGB2|ITGB2L|MIA3|PECAM1|PLG|JUP|AMOT|ANGPT2|PTN|KLF4|MYH9|ABL1|MAP2K3|NUS1|APOE|MET|S100A8|SPARC|ATP2B4|STAT5A|PLK2|SLIT2|PDGFB|VEGFA|ZFP580|ROBO1|NR4A1|ZC3H12A|BMP4|S100A7A|TGFB1|PRKCA|TMSB4X|PTK2|FUT1|ROCK2|PIK3R2|ACVRL1|AGT|PIK3C2A|RIN2|RRAS|PIK3CB|PIK3CD|PIK3CG|SEC1|DNAJA4|ALOX12|BCAS3|AKT1|PLCG1|TBXA2R|APOH|HSPA12B|S100A2|KRIT1|ANXA1|SH3BP1|CEACAM1|DCN|ROBO4|ITGB1BP1|AMOTL1|COL18A1|FBXW7|CYP1B1|ITGB1|ITGB3|GIPC1|PXN|CXCL12|CXCL13|ITGAV|KDR|DAB2IP|NF1|CARD10|GATA3|RHOB|GATA2|SP100|FGFBP1|LCN2|HRG|NOS3|CDH13|ETS1|EDN2|LEMD3|ATOH8|NR2F2|P2RX4|MEF2C|PDPK1|NOTCH1|TGFBR3|PRKD1|RHOA|GPX1|PTK2B|PTEN|VHL|ZEB2|PACSIN2|SCARB1|HDAC5|MEOX2|HDAC9|S100A9|MAP2K5|TNF|SP1|HDAC7|PDCD10|SHH|CIB1|EHD4|CDH5|BSG|CALR|TMEM201|CSNK2B|PPARG|ADAM17|AGER|PTGS2|FSTL1|MICALL1|FGF1|DICER1|FGFR1|SIRT1|PRCP|MAP3K3|PROX1|SRF|RHOJ|SRPX2|CD40|SYNJ2BP|HMGB1|IGF1|GPLD1|IGF2|DLL4|PATZ1|LGMN|LOXL2|GLUL|BMPER|CLN3|SNAI2|DPP4|ADAMTS9|CTNND1|EMP2|FAP|NFE2L2|CXCR4|EGF|CLEC14A|THBS1|MECP2|PDCD6|ANXA3|LPXN|ANGPT1|SERPINF1|PLXND1|PRKX|PTP4A3|PIK3R3|STC1|TEK|GADD45A|WNT5A|FOXP1|SPRED1|GRN|ADAM8|PTPRM|VASH1|ADORA2B|MMRN1|CCBE1|HMOX1|GPI1|MMRN2|FLT4|HIF1A|BCAR1|RAC1|VEGFC|CORO1B|FGF16|FGF18|FOXC2|FGF2,https://www.gsea-msigdb.org/gsea/msigdb/mouse/geneset/GOBP_ENDOTHELIAL_CELL_MIGRATION,222,ENR,GOBP_ENDOTHELIAL_CELL_MIGRATION,2.7115999999999998,0,GOBP_ENDOTHELIAL_CELL_MIGRATION,FALSE,GOBP_ENDOTHELIAL_CELL_MIGRATION
7,2.0177287669604298,2.0177287669604298,2.0177287669604298,0.99039999999999995,0.24829999999999999,4.6100000000000002E-2,1,FOXA2|IFT140|GSC|BMP4|PAX6|TCTN1|TULP3|FOXA1|PRKACB|SSBP3|WDR19|DZIP1L|EN1|SHH|WNT3A|SOX17|SUFU|IFT122|TRAF3IP1|GLI3|MKS1|TMEM107|WNT1|GORAB|GLI2|PSEN1|RPGRIP1L|PSEN2|BMI1|PRKACA|SMO|LRP6|PTCH1|RNF220|ATP6AP2|FKBP8|HES1|TMED2|CDK20|KIF3A|RAB23|ARL13B|KDM2B|GAS1|PAX7,https://www.gsea-msigdb.org/gsea/msigdb/mouse/geneset/GOBP_NEURAL_TUBE_PATTERNING,45,ENR,GOBP_NEURAL_TUBE_PATTERNING,1.9437,9.5999999999999992E-3,GOBP_NEURAL_TUBE_PATTERNING,FALSE,GOBP_NEURAL_TUBE_PATTERNING
48,2.74472749489669,2.74472749489669,2.74472749489669,1,0.26869999999999999,2.29E-2,0.99,VPS35|PALM|HNRNPK|NEURL1A|NEFL|CHRDL1|SEMA7A|NFATC4|CCDC39|ROCK1|SEZ6|ROCK2|NRG2|ABL2|ANAPC2|CX3CR1|CLSTN1|CAMK2B|SEZ6L|ARHGEF15|PTEN|SEZ6L2|LNX1|VEZT|CDC20|PFN1|RELN|DISC1|YWHAZ|NLGN1|NRXN1|DAB1|IGSF9|DAB2IP|IGSF21|ERBB4|FGF7|SYBU|SHANK1|DLGAP4|NFIA|NRN1|SNX27|CNTNAP1|ROBO2,https://www.gsea-msigdb.org/gsea/msigdb/mouse/geneset/GOBP_SYNAPSE_MATURATION,45,ENR,GOBP_SYNAPSE_MATURATION,2.1387,0,GOBP_SYNAPSE_MATURATION,FALSE,GOBP_SYNAPSE_MATURATION
75,1.74714696902011,1.74714696902011,1.74714696902011,0.98209999999999997,0.13250000000000001,8.2000000000000003E-2,1,CTNS|SAR1B|OGT|RPS6KB1|CLEC16A|FBXO9|SRMS|GPR137|GPR137B|SEH1L|TBCK|NCKAP1L|TMEM127|TNFAIP8L1|PRKAA1|PRKAA2|TBC1D7|OTUB1|OTUD5|TBK1|OTUD7B|PTEN|RPTOR|SMCR8|VHL|RELN|DGKQ|FNIP1|HDAC3|SRC|SESN2|ITFG2|F7|SHQ1|SZT2|MIOS|AKT3|FNIP2|STK11|DEPTOR|SESN3|AKT1S1|ATM|SIK3|PELI1|UBE3A|FAM83D|TSC1|USP4|NPRL3|PRKACA|USP7|SYK|PREX1|LIN28A|PREX2|SLC38A9|SIRT1|PKHD1|YWHAG|GSK3A|GSK3B|TSC2|RPS6KA1|DEPDC5|SLC7A1|NPRL2|RRAGA|XBP1|F10|TREM2|F3|SLC7A3|RICTOR|PRMT1|MAPK3|SAR1A|LAMTOR2|LAMTOR3|RRAGB|SH3BP4|GPR155|NPC1|WAC|AKT1|PDCD6|UBE2D1|RRAGD|PIM1|UBR1|ARAF|MAPKAPK5|ALG13|UBE2N|UBR2|CCL5|USP9X|DYRK3|SEC13|CUL3|KPTN|RRAGC|PRKACB|STAMBPL1|ATXN3|CSNK1A1|ENDOG|FOXP1|DDIT4|WDR24|GNA12|WDR59|USP32|MAT2A|GAS6|GPR137C|RHEB|TTI1|GOLPH3|EP300|FLCN|YWHAZ|KDR|ZMPSTE24|NLK|PIH1D1|RNF167|RBX1|HIF1A|KLHL22|RNF152|SESN1|UBE2W|MTM1|MLST8,https://www.gsea-msigdb.org/gsea/msigdb/mouse/geneset/GOBP_REGULATION_OF_TOR_SIGNALING,135,ENR,GOBP_REGULATION_OF_TOR_SIGNALING,1.7921,1.7899999999999999E-2,GOBP_REGULATION_OF_TOR_SIGNALING,FALSE,GOBP_REGULATION_OF_TOR_SIGNALING
30,2.7212463990471698,2.7212463990471698,2.7212463990471698,0.99809999999999999,0.27029999999999998,2.6800000000000001E-2,0.999,NAGA|ST3GAL2|NEU1|NEU2|NEU3|ST6GALNAC3|B4GALT1|ST6GALNAC4|LCT|ST6GALNAC5|FUT1|ST8SIA2|ST8SIA3|ST8SIA4|ST8SIA6|MOGS|SEC1|CTBS|MAN2B1|ST6GALNAC6|MAN2B2|MAN2C1|MANBA|MGAM|NPC1|TREH|LALBA|ST8SIA5|FUT2|FUT4|FUT9|MGAT2|ABO|MPDU1|B3GALT1|ST3GAL4|B3GALT2|GLA|ST8SIA1|GM2A|B3GALNT1|HEXB,https://www.gsea-msigdb.org/gsea/msigdb/mouse/geneset/GOBP_OLIGOSACCHARIDE_METABOLIC_PROCESS,42,ENR,GOBP_OLIGOSACCHARIDE_METABOLIC_PROCESS,2.0992999999999999,1.9E-3,GOBP_OLIGOSACCHARIDE_METABOLIC_PROCESS,FALSE,GOBP_OLIGOSACCHARIDE_METABOLIC_PROCESS
20,2.6989700043360201,2.6989700043360201,2.6989700043360201,0.998,0.46679999999999999,7.1999999999999998E-3,0.58199999999999996,NAV2|NRP1|PHOX2A|TFAP2A|ADARB1|HOXA1|SEMA3F|TBX1|HES1|GDNF|SEMA3A|NRP2|HOXB1|SIX1|HOXB2|EGR2|PLXNA3|PLXNA4,https://www.gsea-msigdb.org/gsea/msigdb/mouse/geneset/GOBP_PARASYMPATHETIC_NERVOUS_SYSTEM_DEVELOPMENT,18,ENR,GOBP_PARASYMPATHETIC_NERVOUS_SYSTEM_DEVELOPMENT,2.3832,2E-3,GOBP_PARASYMPATHETIC_NERVOUS_SYSTEM_DEVELOPMENT,FALSE,GOBP_PARASYMPATHETIC_NERVOUS_SYSTEM_DEVELOPMENT
2,2.74472749489669,2.74472749489669,2.74472749489669,1,0.36380000000000001,1.84E-2,0.95899999999999996,NEDD4L|MYO1C|NPHP4|PKP2|EPHA2|DSG3|IKBKB|RPS6|ROCK1|ROCK2|GJA1|ACVRL1|PRKCH|SNAI1|CLDN3|SNAI2|CLDN5|PRKACA|CLDN1|TNF|F11R|TJP1|FZD5|RAC1|NPHP1,https://www.gsea-msigdb.org/gsea/msigdb/mouse/geneset/GOBP_REGULATION_OF_BICELLULAR_TIGHT_JUNCTION_ASSEMBLY,25,ENR,GOBP_REGULATION_OF_BICELLULAR_TIGHT_JUNCTION_ASSEMBLY,2.1873999999999998,0,GOBP_REGULATION_OF_BICELLULAR_TIGHT_JUNCTION_ASSEMBLY,FALSE,GOBP_REGULATION_OF_BICELLULAR_TIGHT_JUNCTION_ASSEMBLY
24,2.10237290870956,2.10237290870956,2.10237290870956,0.99209999999999998,0.218,4.7E-2,1,CSNK1E|RYK|CCDC88C|IFT80|VANGL2|WNT3A|FZD8|WNT9B|FZD6|WNT7B|SFRP5|DAB2|DAAM2|GPC3|SFRP4|FRZB|TIAM1|NKD1|PLEKHA4|RSPO1|WNT4|FZD5|RSPO3|FZD7|DVL3|NPHP3|FZD4|ZNRF3|WNT11|CTHRC1|WNT5A|TMEM67|MLLT3|FZD1|FZD3|MKS1|CELSR3|ABL2|FZD9|MED12|FZD2|ANKRD6|CSNK1D|SFRP1|DACT1|LRP6|PRICKLE1|DVL2|SPEF1|ABL1|SFRP2|ROR2|DVL1|RAC1|MYOC|FZD10|LBX2|WNT5B,https://www.gsea-msigdb.org/gsea/msigdb/mouse/geneset/GOBP_NON_CANONICAL_WNT_SIGNALING_PATHWAY,58,ENR,GOBP_NON_CANONICAL_WNT_SIGNALING_PATHWAY,1.9360999999999999,7.9000000000000008E-3,GOBP_NON_CANONICAL_WNT_SIGNALING_PATHWAY,FALSE,GOBP_NON_CANONICAL_WNT_SIGNALING_PATHWAY
29,2.74472749489669,2.74472749489669,2.74472749489669,1,0.14499999999999999,1.9400000000000001E-2,0.97,OPHN1|L1CAM|PAX6|LPAR1|NANOS1|PHOX2A|ARHGAP32|LHX1|CDK5R1|NEUROG3|HERC1|OGDH|SEZ6|GART|GLI1|GLI2|PSEN1|ALDH1A2|GPX4|DLL1|RNF7|ATF5|NR2C2|PLXNA2|TTBK2|BMP5|MAFB|GDF10|HOXA2|SLC25A46|SAMD4B|HSPA8|DAB1|MAP2K1|ABAT|UQCRQ|LMX1A|ARL13B|KDM2B|PFDN1|SOCS7|MDK|PTPRS|ATXN2|CNTN1|NCOA1|ULK1|EZH2|PSMG1|SHH|HNF1B|CLP1|SCRIB|SEZ6L|SEZ6L2|CUL5|MYH10|SERPINE2|HNRNPD|PTF1A|SMARCA4|ZFP365|ABL1|TTLL1|ARCN1|CTNNA2|MTPN|COMT|DIXDC1|PROX1|DLC1|RORA|ATP1B2|CBS|CD3E|CEND1|RERE|ZFP423|IGF1R|BCL2|FOXA2|SLC6A4|GABRB3|IGF1|SLC4A7|NFIX|HSPA5|SEMA4C|KAT2A|CEP290|SMAD1|NFIB|GPR37L1|NCSTN|AGTPBP1|PDSS2|CTNNB1|EPHB2|TTC21B|EGF|TRNP1|NRXN1|ATF2|ATG7|MECP2|HOXA1|ATP7A|HES1|KIF14|NEUROD1|FOXP2|PTPN11|SDF4|C5AR1|FLNA|FKTN|OTX1|HOXB1|PRKG1|CDK5|HOXB2|EGR2|GAS1|NOG|TRP53|FZD4|USP9X|CACNA1A|CNTNAP2|WHRN|PCNT|GLUD1|GRIN1|EN1|HAP1|SMAD9|TUBA1A|RBFOX2|HOXB3|ITGB1|NAGLU|SEC24B|ABL2|GNPAT|WNT1|RPGRIP1L|KCNC1|B4GALT2|KCNE1|POU4F1|SMO|LRP6|CDK5R2|FOXC1|ATRN|SSTR1|CRK|SSTR3|FCGR2B|ATIC|GATA2|ATP2B2|LDB1|WLS|FAIM2|BMP7|LEF1|EPHB1|PSAP|CRKL|FGF2,https://www.gsea-msigdb.org/gsea/msigdb/mouse/geneset/GOBP_HINDBRAIN_DEVELOPMENT,171,ENR,GOBP_HINDBRAIN_DEVELOPMENT,2.1774,0,GOBP_HINDBRAIN_DEVELOPMENT,FALSE,GOBP_HINDBRAIN_DEVELOPMENT
,2.4202164033831899,2.4202164033831899,2.4202164033831899,0.99619999999999997,0.34749999999999998,2.69E-2,0.999,RAPSN|P2RX2|P2RX3|EGR3|RAB3A|CHRNA4|CHRM1|NLGN1|STXBP1|VPS54|ETV5|NRXN1|ADARB1|KIF1B|CHRNA1|CHRNB1|CHRNB2|FCHSD1|CD24A|CHRNB4|FCHSD2|MYLK2|NTF3|RIMBP2|SLC5A7|STAC3|CACNA1A,https://www.gsea-msigdb.org/gsea/msigdb/mouse/geneset/GOBP_NEUROMUSCULAR_SYNAPTIC_TRANSMISSION,27,ENR,GOBP_NEUROMUSCULAR_SYNAPTIC_TRANSMISSION,2.0966,3.8E-3,GOBP_NEUROMUSCULAR_SYNAPTIC_TRANSMISSION,FALSE,GOBP_NEUROMUSCULAR_SYNAPTIC_TRANSMISSION
62,2.74472749489669,2.74472749489669,2.74472749489669,1,0.1741,1.2800000000000001E-2,0.85599999999999998,LPAR1|SEMA4D|PARVA|PLXNB3|BAMBI|PLXNB1|RHOG|ARAP1|SPRR1B|PLXNB2|FMNL3|PLXNC1|PTK2B|FAM171A1|PALM3|FGD1|PHIP|EPS8|F11R|MKLN1|LST1|RHOU|CFDP1|FMNL1|GAS7|HEXB|SEMA4A|ITGA7|PDPN|MARK2|RAC2|MSN|ANXA7|ARHGAP18|SH3KBP1|ARHGEF18|MYH10|BAIAP2|KIT|PTN|MYH9|RAC3|CDC42EP1|CDC42EP2|CDC42EP3|CDC42EP4|CDC42EP5|P2RY1|GAS2|DLC1|NF2|RHOQ|VEGFA|PARVB|RDX|PARVG|RHOJ|GM14137|FN1|TAOK2|TPM1|WDR1|SEMA3E|PRPF40A|RHOBTB1|RHOBTB2|PTK2|FMNL2|CORO1A|CDC42SE2|DLG1|WASF3|FBLIM1|ANXA1|CCL11|CCL12|KIF3A|CFL1|FGD4|S100B|CCL24|HPN|VIL1|CCL3|FYN|YPEL4|CCL7|PALM|FERMT2|PLXND1|ARHGDIA|PLEKHO1|CYFIP1|SHROOM3|ALDOA|DAPK3|ICAM1|FGR|TBCCD1|WDPCP|GNA12|PXN|GNA13|CDC42SE1|ARHGAP15|HCK|BRWD1|BRWD3|COCH|DNMBP|CRK|IL6|MYL12A|MYL12B|PALMD|F2|KDR|ZMPSTE24|MYO10|FES|RAC1|S100A13|LIMD1|CSF1R|EZR|MYH14,https://www.gsea-msigdb.org/gsea/msigdb/mouse/geneset/GOBP_REGULATION_OF_CELL_SHAPE,126,ENR,GOBP_REGULATION_OF_CELL_SHAPE,2.2658,0,GOBP_REGULATION_OF_CELL_SHAPE,FALSE,GOBP_REGULATION_OF_CELL_SHAPE
8,1.99139982823808,1.99139982823808,1.99139982823808,0.98980000000000001,0.1474,4.19E-2,1,EIF2AK3|FBXL15|P2RX7|OSR1|IFT80|LTF|PHOSPHO1|FGFR3|MTSS1|NBR1|MEF2C|HERC1|TXLNG|FAM20C|GPNMB|GPM6B|HOXA3|PTK2B|ALPL|ASGR2|BMP2|BCOR|BMP6|RXRA|NFE2|SMAD3|SNX10|SBDS|ACVR2A|ECM1|SLC8A1|WNT4|MGP|GREM1|COMP|TWIST1|SUV39H1|MIA3|AHSG|ACVR2B|GCM2|NOTUM|BMPR1B|PTN|BMPR2|PTGS2|BMP2K|SLC20A2|ADRB2|NELL1|SLC24A3|S1PR1|TRPM4|ENPP1|LGR4|ANO6|SOX9|PTHLH|GLA|ERCC2|DDR2|BMP4|IGF1|WNT10B|NFIX|BGLAP|BGLAP2|CYP27B1|KL|ATF4|ATP2B1|ALOX5|MINPP1|CCR1|SMPD3|COL1A2|SBNO2|FBN2|ACVR1|PKDCC|ACTN3|FGFR2|GPC3|ICMT|ALOX15|MMP13|IFITM5|CLEC3B|FOSL2|ANK|AXIN2|COL6A1|PHEX|TCF7L2|PTH1R|BMPR1A|SGMS2|TFAP2A|WNT11|RXRB|FGR|VDR|ASXL2|TMEM119|ASPN|DLK1|FZD9|GJA1|OSR2|LOX|RUNX2|TMEM38B|KLF10|LTBP3|SRGN|PRICKLE1|FKRP|SPP1|ROGDI|ISG15|ZMPSTE24|CD276|GATA1|HIF1A|CSF1R|BMP7,https://www.gsea-msigdb.org/gsea/msigdb/mouse/geneset/GOBP_BONE_MINERALIZATION,126,ENR,GOBP_BONE_MINERALIZATION,1.9786999999999999,1.0200000000000001E-2,GOBP_BONE_MINERALIZATION,FALSE,GOBP_BONE_MINERALIZATION
30,1.9136401693252501,1.9136401693252501,1.9136401693252501,0.98780000000000001,0.35,9.4299999999999995E-2,1,ALG9|DHDDS|DPM1|NUS1|SRD5A3|RFT1|ALG1|ALG11|DPAGT1|ALG12|ALG13|ALG14|ALG2|ALG3|ALG5|ALG6|ALG8,https://www.gsea-msigdb.org/gsea/msigdb/mouse/geneset/GOBP_DOLICHOL_LINKED_OLIGOSACCHARIDE_BIOSYNTHETIC_PROCESS,17,ENR,GOBP_DOLICHOL_LINKED_OLIGOSACCHARIDE_BIOSYNTHETIC_PROCESS,1.7516,1.2200000000000001E-2,GOBP_DOLICHOL_LINKED_OLIGOSACCHARIDE_BIOSYNTHETIC_PROCESS,FALSE,GOBP_DOLICHOL_LINKED_OLIGOSACCHARIDE_BIOSYNTHETIC_PROCESS
,2.74472749489669,2.74472749489669,2.74472749489669,1,0.42749999999999999,4.8999999999999998E-3,0.35099999999999998,CEACAM1|CEACAM2|CPE|SLC30A8|PAX6|NUCB2|HSP90B1|JAGN1|INS2|PCSK2|NLGN2|PCSK1|YIPF5|BLVRA|SLC30A5|CELA2A|ERN1|FOSL2|IDE|P4HB|CTSD|IER3IP1|TCF7L2,https://www.gsea-msigdb.org/gsea/msigdb/mouse/geneset/GOBP_INSULIN_METABOLIC_PROCESS,23,ENR,GOBP_INSULIN_METABOLIC_PROCESS,2.4805000000000001,0,GOBP_INSULIN_METABOLIC_PROCESS,FALSE,GOBP_INSULIN_METABOLIC_PROCESS
1,2.74472749489669,2.74472749489669,2.74472749489669,1,0.43480000000000002,3.3999999999999998E-3,0.20300000000000001,VAPA|CHMP7|PCX|VAPB|VPS37B|TRIM25|TRIM31|VPS4A|CHMP1A|CHMP1B|CHMP2A|CHMP2B|TSG101|CHMP3|CHMP4C|CHMP5|CHMP6|VPS4B|CAV2|ARL8B|DDB1|TRIM62|RAB7|CHMP4B,https://www.gsea-msigdb.org/gsea/msigdb/mouse/geneset/GOBP_VIRAL_RELEASE_FROM_HOST_CELL,24,ENR,GOBP_VIRAL_RELEASE_FROM_HOST_CELL,2.5676000000000001,0,GOBP_VIRAL_RELEASE_FROM_HOST_CELL,FALSE,GOBP_VIRAL_RELEASE_FROM_HOST_CELL
9,2.7212463990471698,2.7212463990471698,2.7212463990471698,0.99809999999999999,0.16109999999999999,6.3E-3,0.48699999999999999,SLC39A12|TCTN1|HES5|ATOH8|MAP3K7|IRX1|IRX2|OSR1|WDR83|FGF10|MIB1|NOTCH1|SOX8|SUFU|WNT9B|PLXNB2|GLMN|CASP8|RALA|FGF3|BRPF1|LMO4|ZEB2|PFN1|BMP5|RARG|TEAD2|TGIF1|LIAS|TMED2|MTHFD1|WNT4|LHX2|GREM1|KDM2B|STIL|SALL4|SMARCA1|RGMA|ENAH|TWIST1|TGFB2|GATAD2A|KIF20B|CC2D2A|BCL2L11|SHH|RARA|HNF1B|TSC1|GDNF|IPMK|KDM2A|CLUAP1|NUP50|MKS1|MED12|SCRIB|SDCCAG8|SDC4|SFRP1|OPA1|PRKACA|CASP3|PODXL|CDH1|DVL2|ABL1|HS2ST1|BRD2|STK3|STK4|TRAF6|CELSR1|DLC1|SIX4|RAB23|CECR2|TCAP|SOX9|VEGFA|PAX8|SPECC1L|SPINT2|TGM2|GRHL3|TSC2|BMP4|HESX1|VANGL2|NCKAP1|LUZP1|TGFB1|SEMA4C|EDA|EDAR|KAT2A|FZD6|RPS7|ROCK2|FUZ|SHANK3|ADM|CEP290|BBS4|NFIB|PIK3CD|CTNNB1|EGF|FGFR2|HOXA1|MTHFR|CDK20|CFL1|COQ7|KDM6A|IRX3|NOG|IFT172|SETD2|IFT52|TULP3|PRKACB|PTK7|DEAF1|ITGB1BP1|SHROOM3|TFAP2A|CTHRC1|WNT5A|SPINT1|IFT122|PAX2|FZD3|PHACTR4|SEC24B|ABL2|WNT6|HECTD1|SALL1|SIX1|SKI|LRP6|PRICKLE1|ARID1A|PTCH1|LRP2|GRHL2|YWHAZ|CITED2|RET|VASP|OVOL2|SFRP2|APAF1|DAB2IP|BCL10|GATA3|MMRN2|ST14|HIF1A|FOLR1|IFT57|MTHFD1L|BMP7|COBL|FGF2,https://www.gsea-msigdb.org/gsea/msigdb/mouse/geneset/GOBP_TUBE_FORMATION,167,ENR,GOBP_TUBE_FORMATION,2.42,1.9E-3,GOBP_TUBE_FORMATION,FALSE,GOBP_TUBE_FORMATION
,2.10237290870956,2.10237290870956,2.10237290870956,0.99209999999999998,0.13109999999999999,5.5300000000000002E-2,1,HES5|FGFR3|CDK5R1|NOTCH1|PARP9|PKD2|STAT1|PIAS4|PTK2B|PTPRC|HMGA2|PTK6|THPO|STAT3|IL15|DAB1|HNF4A|IL15RA|STAT2|IL21|TBX1|TNF|ERBB4|IL5|ARL2BP|TSLP|SUZ12|IFNAR1|PRMT2|IFNG|IL10RB|IL4|DOT1L|AGAP2|HSF1|PRLR|PTPN2|PIBF1|MST1|SOCS5|GBP7|STAT4|HDAC2|STAT6|IL24|PECAM1|GHR|SH2B3|USP1|INPP5F|PPARG|WDR48|AGER|CRLF3|MGAT5|PARP14|KIT|HGS|LCK|TNFSF18|SOCS1|OSBP|FAM3C|PTPRT|STAT5A|GH|TYK2|NF2|TNFRSF18|SAC3D1|CD40|TNFRSF1A|CSF2|CSF2RA|IGF1|IL6ST|IFNAR2|PIAS1|CALM1|TGFB1|CALM2|CALM3|JAK1|PTGER4|CRLF2|CSF2RB|PIGU|CSF2RB2|ADIPOR1|BCL3|STAT5B|CRLF1|IL22RA2|SOCS3|EPHB2|EGF|IL10RA|NRTN|SOCS2|F2R|HES1|NEUROD1|CISH|ERCC6|ISL1|CAMK2A|CDK5|FYN|OSM|CAV1|CCL5|STRA6|CNOT7|GADD45A|IL12A|IL12B|PTPRD|CYP1B1|TRAF3IP1|IL13|NAGLU|IL18|IL2|IL23A|LIF|IL23R|EP300|CXCL5|GGNBP2|PKD1|IL31RA|CLEC12B|IL10|IL6|IL6RA|IL7R|RET|IRF1|NLK|C1QTNF4|CTR9|JAK2|JAK3|LEPROT|CTF1|ELP2|HAMP|RAC1|HPX|CSF1R,https://www.gsea-msigdb.org/gsea/msigdb/mouse/geneset/GOBP_CELL_SURFACE_RECEPTOR_SIGNALING_PATHWAY_VIA_STAT,150,ENR,GOBP_CELL_SURFACE_RECEPTOR_SIGNALING_PATHWAY_VIA_STAT,1.8952,7.9000000000000008E-3,GOBP_CELL_SURFACE_RECEPTOR_SIGNALING_PATHWAY_VIA_STAT,FALSE,GOBP_CELL_SURFACE_RECEPTOR_SIGNALING_PATHWAY_VIA_STAT
45,2.74472749489669,2.74472749489669,2.74472749489669,1,0.14430000000000001,1E-4,1E-3,P2RX7|DMXL2|TRPM1|ESPN|LAMB2|CABP2|NIPSNAP1|SEMA5A|CRYBA2|CRYBA4|CRYBB1|CRYBB3|CRYBG3|CRYGA|LYPD6|CRYGN|DRAM2|GJD2|GPR179|GPRC5C|GJB6|IMPG2|NXNL2|SLITRK6|ABCA4|NYX|SPATA7|RPL38|USH2A|ADRA2A|TLR4|GUCA1A|GUCA1B|TMEM150C|RORB|ATP8A2|BBS2|TBX1|CLN5|KCNMA1|CALCA|LRAT|MAPK1|RBP4|RDH10|ALMS1|RDH11|RDH12|SCNN1B|USH1C|GJB4|RDH5|CHRNB2|CPEB3|BSND|CNGA1|GJB2|CNGA4|HEXB|JAG2|CNNM4|DDIT3|BBS10|NPR2|CACNA2D4|MCOLN3|CDH23|PKD1L3|OPA1|ITGA2|MARVELD2|SCN8A|OTOF|SCN9A|SCNN1A|CCDC50|KCNA1|SCNN1G|CEACAM16|KCND2|SERPINE2|CLRN3|FAM107B|GRAP|KIT|LHFPL3|COL2A1|OTOS|PDE4A|ABCB1A|PKHD1L1|TMC7|SLC24A1|USH1G|ULK4|MKKS|RD3|ROR1|PGAP1|HEXA|NMU|NPY1R|SLC1A3|P2RX2|CACNA1D|P2RX3|CACNA1F|SLC4A7|MYO3B|SLC52A3|CACNB2|CACNB3|WNT10B|PLCB2|PRX|LRIG2|B2M|BTBD9|BBS4|PPT1|SOD1|NAV2|TRIOBP|ARRB2|F2R|TBL1X|ALOXE3|NLGN2|FBXO11|ADORA1|CCL2|COL6A1|HPN|SHANK1|PPIP5K2|TSHZ3|CDK5|CCL3|FYN|ATP8B1|BEST1|LHFPL4|BEST2|COL11A2|CCR2|ANKRD24|CD36|GRIN1|TPRN|CLN8|GRM6|DNAJC19|RPGR|EPAS1|CHRNA9|FXN|NIPBL|FZD2|GNAT2|GNB1|SIX1|CXCL12|PDCL|CABP1|DCDC2A|KCNK2|USP53|KCNA2|LRP2|TBX18|KCNIP3|RIC8B|SCARB2|ATP6V0A4|KCNJ10|PDE6A|MYC|ATF6|OLFM2|MYO6|NMB|KCNK4|SERPINB6A|SOBP|SERPINB6B|KCNQ1|SERPINB6C|MPV17|STX4A|TAC4|PSAP|MYH14|BBS1|TUB|GNAL|PAX6|UNC119|NGF|OPA3|MYO1A|NDUFS4|P2RX4|MYO7A|MYO7B|EYA4|FABP5|SLC12A2|RAB3A|REEP2|CHRNA4|GPX1|MC1R|BFSP2|SLC17A8|POMGNT1|RGS9|D130043K22RIK|IRX5|TMIE|TNF|MBP|SPNS2|TAC1|EPYC|NTRK1|MGLL|MYO5A|B3GNT2|IFNG|CDC14A|ELMOD3|PIGR|GPR171|UBR3|HOXB8|CHD7|GRIK2|BACE1|IAPP|CNGB1|CASP3|NRG1|TAS1R1|CLN6|CDH1|PTGES|SOD2|DISC1|CDKN1B|AZGP1|NDN|TMEM100|ZFHX2|MME|BLVRA|FGFR1|COMT|PDE6G|ENPP1|PDE6H|DLG2|SLC4A10|GNAS|LAMC3|TH|GJC3|WDR1|BARHL1|IGF1|TMTC4|ANO1|ITPR3|DLL4|ANO9|MAPK3|CLIC5|LRIG1|RPGRIP1|SNAI2|CABP4|CCDC66|CEP250|COL11A1|THRB|GM7609|CXCR4|GNAT1|GABRR2|GNAT3|GLRB|GRM8|LHFPL5|MECP2|PCDH15|HOXA1|LRIT1|LXN|MMP24|ELFN1|NR2F6|PDE1C|HOMER2|OPN1SW|REST|TMC4|PDE6D|PDZD7|PENK|AQP1|HTR7|PPEF2|REEP6|RGS9BP|ROM1|RTP3|CDKN2D|RTP4|SCRN3|SEMA5B|TAS1R3|TMEM120A|TMEM87A|FZD4|TULP1|CFH|WDR47|RNF170|WHRN|PAWR|SOX2|TFAP2A|TMPRSS3|COL1A1|NOB1|WFS1|EPS8L2|TTC8|CRYM|AQP4|IL18|TMEM63B|CLDN19|SRRM4|ADCY3|POU4F1|COCH|GNG13|FTO|AXIN1|LPO|SPRY2|TJP1|ATP2B2|ATP6V1B1|GJC1|OMP|CACNB4|CACNA1E|ESPNL|LEF1|OTOA|EPHB1,https://www.gsea-msigdb.org/gsea/msigdb/mouse/geneset/GOBP_SENSORY_PERCEPTION,362,ENR,GOBP_SENSORY_PERCEPTION,3.1440999999999999,0,GOBP_SENSORY_PERCEPTION,FALSE,GOBP_SENSORY_PERCEPTION
27,1.87614835903291,1.87614835903291,1.87614835903291,0.98670000000000002,0.2132,7.8600000000000003E-2,1,OGT|DHX33|P2RX7|TREM2|PPP2CA|ZDHHC1|ZDHHC12|MEFV|NLRC3|NLRP3|PRKD1|TLR6|MAPK8|IFI203|MNDAL|PTPN22|TLR4|ATAT1|NEK7|HSPA8|PLCG2|PYCARD|FBXL2|CASP4|MARK4|NLRP1B|TRIM11|CD36|CSNK1A1|TRIM31|ZDHHC5|GBP2|GBP5|TRIM30A|GM12250|EIF2AK2|IGTP|IRGM2|MYD88|NLRP6|DDX3X|LATS1|IRGM1|LATS2|LAMP2|BTK|KCNK13|MAVS|KCNJ8|BRCC3|SIRT2|NLRP1A,https://www.gsea-msigdb.org/gsea/msigdb/mouse/geneset/GOBP_INFLAMMASOME_MEDIATED_SIGNALING_PATHWAY,52,ENR,GOBP_INFLAMMASOME_MEDIATED_SIGNALING_PATHWAY,1.8056000000000001,1.3299999999999999E-2,GOBP_INFLAMMASOME_MEDIATED_SIGNALING_PATHWAY,FALSE,GOBP_INFLAMMASOME_MEDIATED_SIGNALING_PATHWAY
9,2.74472749489669,2.74472749489669,2.74472749489669,1,0.1452,1E-4,1E-3,CTNS|DLG5|SLC39A12|HES5|MAP3K7|NRP1|IRX1|EFNB2|IRX2|LHX1|WDR83|MTSS1|SEMA5A|SIX2|SOX17|FGF10|MIB1|SOX8|EPHA2|WNT9B|GLI3|PLXNB2|GLMN|PSEN1|FGF3|RBPJ|ALDH1A2|LMO4|SIRT6|BMP2|BMP5|CSF1|STARD13|AR|HMGA2|IHH|SRC|RARG|ASB2|CXCR2|TEAD2|TBX1|TCF21|EXT1|RDH10|TMED2|MTHFD1|WNT4|GREM1|KDM2B|SALL4|MDK|SMARCA1|MMP14|DAG1|NRARP|C2CD3|GATAD2A|PGR|CC2D2A|FLT1|CCDC103|CCDC39|GATA4|RARA|CCDC40|KLHL3|TSC1|GDNF|IPMK|CLUAP1|MST1|NUP50|HAND2|NKX2-5|SCRIB|SDC4|SFRP1|CTSD|PERP|OPA1|PODXL|ABL1|MET|TRAF6|AGTR1A|EPHA7|CELSR1|DLC1|LGR4|SLIT2|RAB23|MEGF8|CECR2|APLNR|TGFBR2|VEGFA|NTN1|NFATC1|ROBO1|NPNT|BCL2|GRHL3|TSC2|BMP4|NCKAP1|SEMA3E|ITGAX|TGFB1|WNT3A|DDR1|SEMA4C|KAT2A|FZD6|CAV3|RPS7|ROCK2|SHANK3|ADM|ACVRL1|AGT|ADAMTS16|AHR|BBS4|PIK3CD|CSMD1|DLG1|ACVR1|WT1|ALOX12|SETDB2|GPC3|EDNRA|TBX2|TBX20|TBX3|BTRC|TEAD1|CTSL|CTSZ|RASIP1|CCL11|CDK20|CFL1|COQ7|IRX3|KRAS|MESP1|CASR|TULP3|DEAF1|SHROOM3|FMN1|LAMA1|HOXA11|LAMA5|CTHRC1|IFT122|MSX2|PHACTR4|PITX2|GJA1|PXN|WNT1|CXCL10|GNA13|SALL1|SIX1|CXCL12|SKI|SMO|LRP6|LRP2|PKD1|AREG|TMTC3|ETV5|KDR|MYC|APAF1|GATA3|LRP5|NR3C1|RHOB|DVL1|PAK1|IFT57|LCN2|FKBPL|BMP7|WNT2|EDN1|COBL|TCTN1|FOXA1|OSR1|MEF2C|PHB2|EYA1|NOTCH1|PKD2|NOTCH2|SPRY1|SUFU|PML|SLC12A2|PPP3R1|CASP8|GLI2|RALA|CITED1|RHOA|BRPF1|DLL1|ZEB2|PFN1|SMAD3|HDAC5|RNF207|RYR2|HHEX|STOX1|TNF|TGIF1|HHIP|LIAS|ESRP1|ESRP2|CCM2|ILK|LHX2|ARL13B|MGP|STIL|RGMA|ENAH|CTNNBIP1|TWIST1|TGFB2|KIF20B|NFATC3|NFATC4|SHH|HNF1B|KDM2A|HOXA5|TIMELESS|MKS1|MED12|WNK4|BSG|CSNK2B|PRKACA|CASP3|DVL2|CLIC4|HS2ST1|BRD2|HS3ST3A1|ESR1|HS3ST3B1|STK3|STK4|FGF1|PDGFRA|DICER1|NKX2-1|SIX4|SMAD4|MICAL2|SRF|TCAP|NOTCH4|SOX9|PTHLH|PKHD1|PAX8|SPECC1L|SPINT2|CD44|FOXA2|IGF1|HESX1|VANGL2|LUZP1|MED1|DLL4|PBX1|BC028528|FUZ|CTSH|RBM15|GREB1L|CEP290|PGF|COL4A1|SOSTDC1|COMMD5|CTNNB1|CXCR4|DCHS1|PPP1CA|EGF|EPHA4|FGFR2|TIE1|GZF1|HES1|HEY1|MTHFR|HOXB7|KIF3A|LGR5|TNC|LZTS2|MAGED1|KDM6A|ANGPT1|NOG|IFT172|NPHP3|SETD2|IFT52|KDM5B|PLXND1|PRKX|SOX2|PRKACB|PTK7|TFAP2A|WNT11|TEK|TACSTD2|TMEM59L|WNT5A|FOXP1|MYCN|SPINT1|TMEM67|VDR|ENG|PAX2|FZD3|SEC24B|WNT2B|ABL2|WNT6|HECTD1|ETV4|PRICKLE1|ARID1A|PTCH1|GRHL2|CITED2|RET|KIF26B|NCOA3|VASP|OVOL2|SFRP2|BCL10|SPRY2|MMRN2|ST14|HIF1A|TFAP2C|FOLR1|YAP1|MTHFD1L|LEF1|ADAMTS12|FAT4|FOXC2|FGF2|FOXD1,https://www.gsea-msigdb.org/gsea/msigdb/mouse/geneset/GOBP_EPITHELIAL_TUBE_MORPHOGENESIS,375,ENR,GOBP_EPITHELIAL_TUBE_MORPHOGENESIS,3.2050000000000001,0,GOBP_EPITHELIAL_TUBE_MORPHOGENESIS,FALSE,GOBP_EPITHELIAL_TUBE_MORPHOGENESIS
27,2.3979400086720402,2.3979400086720402,2.3979400086720402,0.996,9.1399999999999995E-2,4.7E-2,1,NCOR1|OGT|P2RX7|MAP3K7|BECN1|RIOK3|AURKB|PPARA|PPP2CA|SLC15A2|NR1I2|ASXL1|NLRP3|BANF1|TBK1|ALDH1A2|TIRAP|ALDH1A3|IFI203|MNDAL|PUM1|TLR4|TMF1|BMP2|HDAC1|RXRA|ZDHHC18|AR|HMGA2|HSPA1B|SRC|DAB2|HSPA8|RARG|STAT3|DHRS3|RORB|TBX1|TCF21|KDM3A|PYCARD|MAPK1|ITCH|NCOR2|CRY1|ZBTB7A|SHQ1|RFTN1|RIPK2|NCOA2|RNF125|ABHD2|RORC|CALCOCO1|RSAD2|ESRRG|KDM4C|LBH|PIAS2|NCOA1|NR5A2|PRMT2|RXRG|TRIM68|UFM1|PELI1|TRERF1|UBR5|VPS11|UBE3A|VPS18|EZH2|GPRIN3|PGR|TARBP2|FLT1|RARA|SLC15A4|F2RL1|GBP2|GBP5|GM12250|PADI2|PER1|IGTP|SFRP1|IRGM2|MYD88|AKR1C18|NLRP6|PARP1|TNFAIP3|SMARCA4|NPLOC4|RTN4|TRAF6|TREML4|UNC93B1|TICAM1|RORA|TNIP2|NR4A1|CYP26A1|CYP26B1|CYP27B1|TREM2|RWDD1|ZMIZ1|FAM120B|AHR|PPT1|STUB1|TLR3|THRA|TLR7|TLR8|UBA5|AKT1|ALOX15|UFSP2|ALOX8|ALOXE3|TRIM25|PLCG2|ZFP366|BDNF|PIM1|FBXL2|PCBP2|BRCA1|CAV1|ACTN4|CD36|RARB|RXRB|TRP63|HUWE1|KLF9|CYP2J6|KCNK13|IRF3|KCNJ8|NR3C1|BRCC3|NTRK2|PIK3AP1|PAK1|TAX1BP1|NAGK|WDFY1|CRKL|NEDD4|DHX33|FOXA1|NR2F2|NR3C2|ZDHHC3|ESRRA|NOD2|PHB2|FABP5|PLIN5|PML|MEFV|NR1D2|NLRC3|PARK7|PRKD1|TLR6|PPARD|RHOA|PTEN|PTPN22|ATAT1|CLOCK|DNAJA1|DDX5|SLC19A1|GPS2|HNF4A|ZC3HAV1|HMGA1|TNF|TGIF1|SP1|STRAP|WBP2|IFIH1|PTPRS|RNF6|RNF135|NR1I3|TWIST1|NR1H2|TRAF3IP3|TRIM11|NR1H3|TLR9|PDK3|AARS2|SKP2|AKAP13|C1QBP|NR4A3|OAS1A|OAS1B|OAS1C|UBQLN1|OAS1E|OAS1F|OAS1G|YWHAE|YWHAH|CALR|PPARG|DDX17|PUM2|CTBP2|NR2C1|PTF1A|PTGIS|TREX1|ZFP536|DDX3X|PPP6C|LAMP2|ESR1|BTK|NFKBIA|SIRT1|PRCP|SIRT2|DAXX|GH|ESRRB|POU5F1|SLC46A2|SREBF1|HMGB1|SMPDL3A|CYP7B1|IGF1|ERRFI1|TAF7|TRIM24|CD86|MED1|JUND|PAQR3|ZDHHC1|SLC15A3|ZDHHC12|NR1D1|MAPK8|GREB1L|ZDHHC7|ZDHHC9|SNAI2|CRY2|CARM1|NEK7|THRB|STARD10|ALPK1|KLF2|CLPB|GPATCH3|HEYL|GRAMD4|ANKRD17|HCFC2|PPP5C|KANK2|PTGES3|IPO5|NR1H4|IRF2|ISL1|CASP4|LYPLAL1|SAFB|MARK4|SAFB2|MN1|COLEC12|NLRP1B|OASL1|DDX60|DHX58|CNOT1|RNF170|RNF34|CNOT2|SEC14L1|CNOT3|NR4A2|SPSB3|TAB1|TIFA|HAVCR2|NLRX1|TLR13|TRIM15|CSNK1A1|TRIM3|TRIM31|ESR2|TSPAN6|ZCCHC3|PPARGC1B|ZDHHC5|ARNT|FOXP1|RBFOX2|VDR|RNF14|ASXL2|SNW1|TRIM30A|TRIP4|EIF2AK2|PDE3A|EP300|ARID1A|CITED2|FLOT1|STRN3|RELA|LATS1|IRGM1|LATS2|NCOA3|FKBP4|IRF1|IRF7|JAK2|MAVS|KDM5D|PRKDC|XIAP|NLRP1A|NOD1|LSM14A|OAS3|PELI3|USP15|DDRGK1,https://www.gsea-msigdb.org/gsea/msigdb/mouse/geneset/GOBP_INTRACELLULAR_RECEPTOR_SIGNALING_PATHWAY,347,ENR,GOBP_INTRACELLULAR_RECEPTOR_SIGNALING_PATHWAY,1.9366000000000001,4.0000000000000001E-3,GOBP_INTRACELLULAR_RECEPTOR_SIGNALING_PATHWAY,FALSE,GOBP_INTRACELLULAR_RECEPTOR_SIGNALING_PATHWAY
22,2.2291479883578602,2.2291479883578602,2.2291479883578602,0.99409999999999998,0.1202,4.82E-2,1,CPE|NRP1|PARVA|MEF2C|PCSK5|NOTCH1|NOTCH2|SUFU|TGFBR3|PDE2A|ADAMTS19|RBPJ|LMO4|BMP2|BMP5|RXRA|PRDM1|DHRS3|RYR2|TBX1|MDM4|SCN5A|TGFBR1|RBP4|RNLS|KIF7|MYH6|MYH7|SALL4|DVL3|TGFB2|DSP|ADPRHL1|GATA4|EGLN1|SMAD7|GJA5|CHD7|MKS1|HAND2|NKX2-5|HEY2|NPRL3|NRG1|MYBPC3|MYH10|MYL2|SMARCA4|BMPR2|SMARCD3|SOS1|SOX11|SOX4|PROX1|SLIT2|ANK2|MYL3|SMAD4|SRF|APLNR|NDST1|NRP2|TGFBR2|MYOCD|PAX8|NFATC1|TNNT2|ROBO1|ROBO2|TPM1|GSK3A|BMP4|SEMA3C|LRP1|VANGL2|ID2|LUZP1|ADAMTS1|DNM2|ADAMTS6|MED1|PKP2|TGFB1|DLL4|PPP1R13L|PTCD2|AP2B1|FGFRL1|SLIT3|CAV3|HEG1|DCTN5|FUZ|RBM15|AHR|GREB1L|MDM2|COL11A1|ACVR1|CTNNB1|XIRP2|CXCR4|FGFR2|EDNRA|TBX2|TBX20|TBX3|ZFPM1|HES1|HEY1|HEYL|TNNC1|TNNI1|FKBP1A|TNNI3|ISL1|FRS2|LY6E|IFT88|NOG|NPHP3|TRP53|MESP1|STRA6|PLXND1|UBE4B|BMPR1A|TAB1|PTK7|WNT11|FHL2|TEK|DAND5|SNX17|MAML1|WNT5A|LTBP1|ENG|FZD1|NAGLU|MSX2|PITX2|EPOR|FGF9|FZD2|HECTD1|ZFPM2|SHOX2|SALL1|SMAD6|KCNK2|POU4F1|SMO|LRP6|ARID1A|FOXC1|LRP2|GRHL2|TBX5|CITED2|ZMPSTE24|OVOL2|SFRP2|JAG1|SAV1|GATA3|GATA6|KCNJ8|HIF1A|TRIP11|TMEM65|BMP7|NOS3|MATR3|WNT2|FOXC2,https://www.gsea-msigdb.org/gsea/msigdb/mouse/geneset/GOBP_CARDIAC_CHAMBER_DEVELOPMENT,176,ENR,GOBP_CARDIAC_CHAMBER_DEVELOPMENT,1.9308000000000001,5.8999999999999999E-3,GOBP_CARDIAC_CHAMBER_DEVELOPMENT,FALSE,GOBP_CARDIAC_CHAMBER_DEVELOPMENT
1,2.6989700043360201,2.6989700043360201,2.6989700043360201,0.998,0.14130000000000001,4.2900000000000001E-2,1,SLC39A12|CDK5R1|AURKB|PRKAA1|PRKAA2|CHMP5|VPS4B|KATNB1|RHOA|APC2|PARP3|CKAP2|ARHGEF2|MID1|TRIM54|ATAT1|TTBK2|BICD2|HSPH1|HSPA1B|SNCA|STMN3|CDK2AP2|DYRK1A|TRPV4|MAPRE2|CLASP1|CLASP2|CKAP5|TPR|STIL|PLK1|PHLDB1|MID1IP1|PHLDB2|DRG1|NME7|TPPP|STMN4|EML4|HSPA1A|MAPRE1|MARK2|EPHA3|CEP97|CIB1|CHMP1A|CHMP1B|CHMP2A|CHMP2B|CHMP3|CHMP4C|SKA1|CHMP6|SPAG5|CDH5|PAFAH1B1|EML3|GPSM2|CHMP4B|SGK1|CDKN1B|HNRNPU|SPEF1|ABL1|AGRN|EFNA5|MET|MAPRE3|GBA2|KIF21A|AKAP9|DIXDC1|NUP62|GNAI1|INPP5J|RCC1|SPECC1L|SASS6|GSK3A|TRIM36|GSK3B|ATXN7|CAMSAP1|CAMSAP2|DCTN1|PDE4DIP|TPX2|CCDC88C|SLAIN1|SLAIN2|APC|WNT3A|RNF4|SENP6|RPS3|CAV3|ROCK1|MAPK8|STMN1|TAOK1|CLIP3|CHMP7|CEP70|CLIP1|FSD1|MECP2|ARL2|GAS2L1|NAV3|FGF13|PSRC1|SPAST|MAPK15|GDA|CAV1|WDR47|TRAF3IP1|RAE1|HDAC6|ARHGEF7|EML2|KIF18A|BICD1|PKD1|STMN2|TBCD|TUBB4A|CDK5RAP2|FAM107A|CLTC|FKBP4|NUMA1|GIT1|FES|MAPT|PAK1|CAMSAP3|RAC1|TACC3|CYLD|DYNC1H1,https://www.gsea-msigdb.org/gsea/msigdb/mouse/geneset/GOBP_REGULATION_OF_MICROTUBULE_CYTOSKELETON_ORGANIZATION,142,ENR,GOBP_REGULATION_OF_MICROTUBULE_CYTOSKELETON_ORGANIZATION,1.9668000000000001,2E-3,GOBP_REGULATION_OF_MICROTUBULE_CYTOSKELETON_ORGANIZATION,FALSE,GOBP_REGULATION_OF_MICROTUBULE_CYTOSKELETON_ORGANIZATION
,1.97469413473523,1.97469413473523,1.97469413473523,0.98939999999999995,0.29289999999999999,6.7299999999999999E-2,1,NR4A1|GNAL|OXTR|NR4A2|RGS2|GRIN1|PPP1R9B|PPP3CA|HDAC6|PDE1B|DRD4|RGS9|CXCL2|SLC1A1|EDNRA|ADRA1B|RGS10|PPP1R1B|COMT|OXT|ADORA2A|TRDMT1|RANBP2|TH|EDN1|SLC18A2|FOSB,https://www.gsea-msigdb.org/gsea/msigdb/mouse/geneset/GOBP_RESPONSE_TO_AMPHETAMINE,27,ENR,GOBP_RESPONSE_TO_AMPHETAMINE,1.8467,1.06E-2,GOBP_RESPONSE_TO_AMPHETAMINE,FALSE,GOBP_RESPONSE_TO_AMPHETAMINE
6,2.3665315444204098,2.3665315444204098,2.3665315444204098,0.99570000000000003,0.27979999999999999,2.7199999999999998E-2,1,NRP1|PDCD10|ITGB1BP1|DLL4|FBXW7|CIB1|NOTCH1|TGFBR3|PIK3R2|SPRED1|PIK3C2A|RHOA|STARD13|HDAC5|KDR|KLF4|MEOX2|PTGS2|THBS1|HDAC9|ABL1|MAP2K5|TBXA2R|MMRN1|HMOX1|CARD10|ANXA1|MMRN2|GATA2|MAP3K3|PLK2|FGFBP1|VEGFA|AKT3|RHOJ|HDAC7|SRPX2|FOXC2|FGF2,https://www.gsea-msigdb.org/gsea/msigdb/mouse/geneset/GOBP_REGULATION_OF_CELL_MIGRATION_INVOLVED_IN_SPROUTING_ANGIOGENESIS,39,ENR,GOBP_REGULATION_OF_CELL_MIGRATION_INVOLVED_IN_SPROUTING_ANGIOGENESIS,2.0939000000000001,4.3E-3,GOBP_REGULATION_OF_CELL_MIGRATION_INVOLVED_IN_SPROUTING_ANGIOGENESIS,FALSE,GOBP_REGULATION_OF_CELL_MIGRATION_INVOLVED_IN_SPROUTING_ANGIOGENESIS
29,2.6989700043360201,2.6989700043360201,2.6989700043360201,0.998,0.26860000000000001,1.3599999999999999E-2,0.878,OPHN1|LHX1|NFIX|HSPA5|HERC1|GLI1|GLI2|DLL1|AGTPBP1|SLC25A46|TTC21B|TRNP1|NRXN1|DAB1|ATP7A|HES1|MAP2K1|KIF14|FOXP2|PTPN11|CDK5|GAS1|USP9X|CACNA1A|CNTNAP2|ATXN2|WHRN|PCNT|ULK1|TUBA1A|ABL2|GNPAT|WNT1|SMO|LRP6|SERPINE2|ZFP365|ABL1|TTLL1|MTPN|COMT|PROX1|ATP2B2|DLC1|LDB1|FAIM2|RORA|CBS|CEND1|PSAP,https://www.gsea-msigdb.org/gsea/msigdb/mouse/geneset/GOBP_HINDBRAIN_MORPHOGENESIS,50,ENR,GOBP_HINDBRAIN_MORPHOGENESIS,2.2538999999999998,2E-3,GOBP_HINDBRAIN_MORPHOGENESIS,FALSE,GOBP_HINDBRAIN_MORPHOGENESIS
,2.6989700043360201,2.6989700043360201,2.6989700043360201,0.998,0.38729999999999998,2.4799999999999999E-2,0.997,GLRB|SLC1A1|AUTS2|PCDH15|KCNMA1|AFG3L2|NR4A3|NMB|CDH23|SATB1|FOXP2|PMP22|GJA1|HPN|SHANK1|SLITRK6|ADRA1A|ALDH1A3|USP46|NPNT|CACNA1A,https://www.gsea-msigdb.org/gsea/msigdb/mouse/geneset/GOBP_REFLEX,21,ENR,GOBP_REFLEX,2.1181999999999999,2E-3,GOBP_REFLEX,FALSE,GOBP_REFLEX
1,1.86012091359876,1.86012091359876,1.86012091359876,0.98619999999999997,0.23130000000000001,4.6399999999999997E-2,1,LEMD3|NUP155|REEP3|UBXN2A|DCTN1|REEP4|VPS4A|SUN2|CHMP5|VPS4B|BANF1|DES|EMD|CHMP7|LEMD2|TOR1AIP1|CDAN1|LMNB1|TMEM43|LMNB2|SPAST|CDK1|PLK1|CTDNEP1|ATR|DMPK|SUN1|ANKLE2|CHMP1A|NDEL1|BROX|CHMP1B|CHMP2A|PARP11|CHMP2B|TOR1A|CHMP3|CHMP4C|CHMP6|PAFAH1B1|TMEM201|CHMP4B|TOR1B|NSFL1C|TARDBP|TMEM170|ZMPSTE24|UBXN2B|LMNA|AKAP8L|NUP93,https://www.gsea-msigdb.org/gsea/msigdb/mouse/geneset/GOBP_NUCLEAR_ENVELOPE_ORGANIZATION,51,ENR,GOBP_NUCLEAR_ENVELOPE_ORGANIZATION,1.9418,1.38E-2,GOBP_NUCLEAR_ENVELOPE_ORGANIZATION,FALSE,GOBP_NUCLEAR_ENVELOPE_ORGANIZATION
1,2.74472749489669,2.74472749489669,2.74472749489669,1,0.2331,2.0000000000000001E-4,5.0000000000000001E-3,SURF4|UBXN2A|CUL7|STX17|RAB30|OBSL1|RAB33B|YIPF5|PRKD1|CDC42|PTK2B|MAP2K2|RAB6B|LRRK2|MAP2K1|GORASP1|MAPK1|SYNE1|TMED2|CLASP1|CLASP2|GBF1|COG1|COG2|COG4|GORASP2|COG5|COG6|COG8|CORO7|FHDC1|RAB8A|GOLGA5|TBC1D20|VPS13B|PDCD10|STK25|ARFGEF1|VMP1|CSNK1D|ATL2|ATL3|HACE1|RAB43|RAB1B|GCC2|NPLOC4|GOLPH3L|NSFL1C|UBXN2B|DYM|AKAP9|COG3|COG7|HOOK1|PI4K2A|PI4K2B|VTI1B|CAMSAP2|PDE4DIP|DNM2|SEC22B|USP6NL|SEC16B|RAB2A|MAPK3|TMED10|SEC16A|BAG5|ATP8B2|DYNC2H1|ATP8B4|HTT|ATP8B5|EHD3|VAMP4|PLK3|BET1|YIPF4|YIPF7|CDK1|VCPIP1|VRK1|ZW10|ATP8B1|MYO18A|STX5A|CSNK1A1|ARHGAP21|BHLHA15|VTI1A|NAGLU|TMED1|GOLPH3|TMED11|TMED3|ARHGEF7|TMED4|TMED5|GAK|TMED6|TMED7|HUWE1|YWHAZ|FAM174B|LMAN1|LYSMD3|STX18|TJAP1|FBXW8|GOLGA2|TRAPPC8|CIT|TMED9|CLTC|ARL1|USO1|TRIP11|PLEKHM2|PRMT5|CAMSAP3|KIFC3|RAB2B|OPTN|BLZF1,https://www.gsea-msigdb.org/gsea/msigdb/mouse/geneset/GOBP_GOLGI_ORGANIZATION,125,ENR,GOBP_GOLGI_ORGANIZATION,2.9771999999999998,0,GOBP_GOLGI_ORGANIZATION,FALSE,GOBP_GOLGI_ORGANIZATION
22,2.74472749489669,2.74472749489669,2.74472749489669,1,0.24829999999999999,2.35E-2,0.99199999999999999,SEMA4D|FGFR3|ADAMTS1|THBS3|WNT10B|MED1|DLL4|CYP27B1|NOTCH1|TGFBR3|CAV3|HEG1|RBPJ|RHOA|SBNO2|CHAD|FBN2|BMP5|SLC40A1|HEY1|TGFBR1|EXT1|RBP4|FKBP1A|GREM1|NOG|TGFB2|UBE4B|BMPR1A|COL1A1|FHL2|TEK|PPARGC1B|EGLN1|VDR|ENG|CHD7|MSX2|NKX2-5|HEY2|SFRP1|MMP2|NRG1|SMARCA4|OVOL2|SOS1|S1PR1|ENPP1|SRF|VEGFA|BMP7|NFATC1,https://www.gsea-msigdb.org/gsea/msigdb/mouse/geneset/GOBP_TRABECULA_MORPHOGENESIS,52,ENR,GOBP_TRABECULA_MORPHOGENESIS,2.1307999999999998,0,GOBP_TRABECULA_MORPHOGENESIS,FALSE,GOBP_TRABECULA_MORPHOGENESIS
47,1.5590909179347801,1.5590909179347801,1.5590909179347801,0.97240000000000004,0.375,8.0500000000000002E-2,1,BMP4|CTNNB1|HES5|DAAM2|ID2|DLX2|NF1|HES1|NOTCH1|SIRT2|ID4|LINGO1|NKX6-2|NKX6-1|DUSP10|TMEM98,https://www.gsea-msigdb.org/gsea/msigdb/mouse/geneset/GOBP_NEGATIVE_REGULATION_OF_OLIGODENDROCYTE_DIFFERENTIATION,16,ENR,GOBP_NEGATIVE_REGULATION_OF_OLIGODENDROCYTE_DIFFERENTIATION,1.7989999999999999,2.76E-2,GOBP_NEGATIVE_REGULATION_OF_OLIGODENDROCYTE_DIFFERENTIATION,FALSE,GOBP_NEGATIVE_REGULATION_OF_OLIGODENDROCYTE_DIFFERENTIATION
74,1.9136401693252501,1.9136401693252501,1.9136401693252501,0.98780000000000001,0.19400000000000001,5.6800000000000003E-2,1,NEDD4|GGA3|ATG14|BECN1|VPS37A|VPS37B|VPS37C|VPS37D|GPR137B|VPS41|RRAGA|VPS4A|VPS28|VPS53|VPS8|ROCK2|PIK3C3|ZFYVE16|RAB7|PIK3R4|AP3B1|UMOD|SORL1|SH3BP4|HSPA8|AKT1|ATP13A2|LAPTM5|SZT2|LMBRD1|VPS13A|VPS13C|VPS13D|KPTN|RRAGC|SH3GLB1|CD81|VPS36|SORT1|IGTP|IRGM2|AP4M1|AP3D1|GCC2|TNFAIP3|VPS25|GNPTAB|VPS54|MFSD1|SCARB2|HGS|IRGM1|LAMP2|SNF8|M6PR|STAM|NDP|MON1B|RTN4|PTPN23|MON1A|NCOA4|SQSTM1|SMURF1|SNX16|CLU,https://www.gsea-msigdb.org/gsea/msigdb/mouse/geneset/GOBP_PROTEIN_LOCALIZATION_TO_VACUOLE,66,ENR,GOBP_PROTEIN_LOCALIZATION_TO_VACUOLE,1.8876999999999999,1.2200000000000001E-2,GOBP_PROTEIN_LOCALIZATION_TO_VACUOLE,FALSE,GOBP_PROTEIN_LOCALIZATION_TO_VACUOLE
1,2.74472749489669,2.74472749489669,2.74472749489669,1,0.3473,6.4000000000000003E-3,0.51600000000000001,REEP3|UBXN2A|DCTN1|REEP4|ATR|VPS4A|ANKLE2|CHMP1A|NDEL1|BROX|CHMP1B|CHMP2A|CHMP2B|TOR1A|CHMP3|CHMP4C|CHMP5|CHMP6|PAFAH1B1|VPS4B|BANF1|CHMP4B|EMD|TOR1B|CHMP7|TOR1AIP1|NSFL1C|TARDBP|TMEM43|UBXN2B|AKAP8L|SPAST|CDK1|PLK1,https://www.gsea-msigdb.org/gsea/msigdb/mouse/geneset/GOBP_NUCLEAR_MEMBRANE_ORGANIZATION,34,ENR,GOBP_NUCLEAR_MEMBRANE_ORGANIZATION,2.4102999999999999,0,GOBP_NUCLEAR_MEMBRANE_ORGANIZATION,FALSE,GOBP_NUCLEAR_MEMBRANE_ORGANIZATION
46,1.99567862621736,1.99567862621736,1.99567862621736,0.9899,0.1179,8.0399999999999999E-2,1,NGF|NRP1|RAP1A|FGFR3|RAP1B|GPR55|NOD2|PHB2|TPBG|FGF10|NOTCH1|NOTCH2|SHC1|NPY|AKAP12|GPNMB|ACTA2|TIRAP|ADRA1A|PTK2B|TLR2|PTEN|PTPN22|PTPRC|TLR4|GLIPR2|RAPGEF2|BMP2|CXCL17|CYSLTR2|SRC|THPO|TFF2|PDGFC|PRKCZ|PRKD2|MARCO|TRPV4|ERBB4|MAP2K1|PYCARD|C1QTNF3|NTRK1|RIPK2|NAMPT|MIF|HTR2B|HTR2C|DNAJC27|SLAMF1|CFLAR|CIB1|F2RL1|RASGRP1|DUSP15|PLA2G5|HAND2|IAPP|BRAF|TNFAIP8L3|PDGFD|NRG1|ADAM17|AGER|RAMP3|TNFRSF11A|FGFBP3|MYH9|ABL1|ESR1|PDE8A|APOE|ARHGAP8|PDE8B|FGF1|P2RY1|PDGFRA|P2RY6|PDGFRB|CARD9|NECAB2|MAP3K12|PDGFA|PDGFB|VEGFA|HMGCR|EGFR|DDR2|NPNT|CD44|BMP4|HMGB1|IGF1|FGFR4|LRP1|INS2|TGFB1|PRKCA|CAMK2D|TREM2|MT3|ABCA7|CD4|BMPER|MAPK3|INHBA|CCR1|CXCR4|C3|ARRB2|EGF|FGF21|FGFR2|GCG|NRXN1|ALOX15|EDNRA|TNFSF11|GNAI2|F2R|FGG|NOX4|MAP2K7|PTPN11|ADORA2A|C5AR1|CCL19|NDRG4|ANGPT1|CCL3|VEGFB|SLC30A10|CD74|CASR|FERMT2|CD36|SERPINF2|HAVCR2|SEMA7A|ICAM1|TEK|ESR2|FBXW7|APP|CALCR|FPR2|DSTYK|ITGB3|EPOR|ABL2|ARRB1|GAS6|IL1A|CXCL12|NPTN|IL6|GCNT2|JUN|KDR|ATP6V0C|FGA|FGB|SPRY2|FLT4|MFHAS1|GPR183|RAPGEF1|NOD1|CSF1R|IL1B|NQO2|CHI3L1|CRKL|FGF18|FGF2,https://www.gsea-msigdb.org/gsea/msigdb/mouse/geneset/GOBP_POSITIVE_REGULATION_OF_ERK1_AND_ERK2_CASCADE,175,ENR,GOBP_POSITIVE_REGULATION_OF_ERK1_AND_ERK2_CASCADE,1.8008,1.01E-2,GOBP_POSITIVE_REGULATION_OF_ERK1_AND_ERK2_CASCADE,FALSE,GOBP_POSITIVE_REGULATION_OF_ERK1_AND_ERK2_CASCADE
4,2.3979400086720402,2.3979400086720402,2.3979400086720402,0.996,8.1699999999999995E-2,2.6200000000000001E-2,0.999,RAB11A|DNM1L|CDK5R1|TM9SF4|PARP9|ARHGEF5|EPHA2|WWTR1|FIS1|TMEM132A|ORAI1|CDC42|GPD1L|APBB1|HNF1A|PRKCB|PRKCD|PRKCQ|PRKCZ|SERP1|ERBB4|C1QTNF3|MAPK1|AKT2|CD38|CHRM3|NADK|TPR|SNX27|DSG2|AGAP2|ATP2C1|C2CD2L|EPHA3|EIF3E|GHRL|MSN|GAS8|GRIP2|PECAM1|RAPGEF4|TFRC|JUP|PARP1|PPIA|PTN|MYH9|CCDC88A|RTN4|ORMDL3|OSBP|TRPM4|PKP1|TYK2|RAN|TNFAIP6|VEGFA|NMU|ZC3H12A|MYO1C|TGFB1|F2RL2|TREM2|PTGER4|STX3|ROCK2|SEC16B|ABCA7|TMEM30B|IPO7|ANG|LRIG2|GNA11|CLIP3|PIK3R1|XIRP2|AKT1|NLGN2|OAZ2|ABCC8|PRKCI|CDK1|ADORA2A|CCL2|CFL1|ADAM22|MUSK|ZFP384|RAB38|CASR|FERMT2|ZFAND1|BAG3|BCAP31|SH3GLB1|ITGB1BP1|CD81|AMOTL2|FBXW7|HSPA1L|RER1|GJA1|PTPN5|ARRB1|IL1A|SMO|LRP2|MLXIPL|LRRC8A|TOMM7|A1CF|F2|ARF6|FGA|FGB|CARD10|NR0B2|PAK1|RAB11FIP2|SQSTM1|STX4A|SNAP25|VAMP8|EZR|LGALS3|CDK9|ABCA12|GPR137B|MYRIP|LIMK2|WIPF1|PARK7|PLA2G6|SIRT3|SNCA|TNF|NKD2|B3GAT3|PPID|IFNG|HNRNPK|HNRNPM|CDKN2A|SHH|ADAM9|CROCC|SLC2A2|LARP7|ANXA7|PIK3CA|BSG|PRKACA|FARP1|CDH1|SLC35D3|GOLPH3L|ADCY10|NCOA6|CNPY4|DKC1|DLG4|ECT2|PLCB1|EGFR|GCK|GNAS|GSK3A|GSK3B|SYNJ2BP|GIPR|IGF1|GPLD1|INS1|INS2|IQGAP1|IRS2|PTBP1|JAK1|VPS28|KCNB1|AP2B1|LEPR|ZDHHC1|GLUL|ARPC2|GNL3L|SNX33|MDM2|PFKM|CEP290|RBM22|CTNND1|DMAP1|HSP90AA1|HSP90AB1|NLGN1|NRXN1|GRIP1|GLIS2|MMP13|PCSK1|PDX1|PLS1|IPO5|KIF3A|LRP4|UCN3|MARK4|SORBS1|VIL1|TCF7L2|SLC30A8|PCNT|MYO18A|PKP3|NMD3|TEK|TGFB3|APP|ZDHHC5|NUTF2|GPR68|EP300|NPM1|TARDBP|SYTL4|PTPN23|MAVS|AGR2|ARHGEF16|HIF1A|WLS|PRPF4B|CYLD|DDRGK1|EDEM1|EDEM2|FNTA|OGT|OXCT1|P2RX7|RAB34|GNL3|PFKFB2|RHOG|ERBB2|MYO5B|PRKAA1|GLI3|PRKAA2|PSMD9|SYT11|PSEN1|TLR2|HCFC1|TLR4|MEPCE|SIRT6|TMEM30A|UNC13B|HDAC3|SRC|DTX3L|RBP4|ABAT|SEC24A|TMEM97|IER3IP1|NEDD9|STK11|TRIM28|UBR5|XPO4|CEP120|CEP135|F2RL1|DSG3|PRR5L|TESK1|GPSM2|ANP32B|AGRN|APOE|AKAP5|ATP2B4|SOX4|BAD|NUP62|ANK3|CLSTN3|AACS|ARF1|ASPH|SLC5A3|BMP4|CACNA1C|CACNA1D|TYROBP|PIAS1|CACNB3|TRPM2|TRPM5|WNT3A|ACSL3|XBP1|ACSL4|BGLAP2|CFTR|PIK3R2|AGT|COMMD1|DLG1|DPP10|SORL1|DPP6|CCT2|CCT3|ATG7|CCT4|ATP13A2|CCT5|CCT6A|BBC3|CCT7|CCT8|FLNA|MCRS1|CAPN10|CAV2|PINX1|CDK5|BRCA1|FYN|TCP1|GLUD1|GPR39|WRAP53|HPCA|CORO2B|ITGA3|IL13|ITGB1|BAIAP3|GOLPH3|NPTN|CRK|RIC3|KCNJ11|CAMK1|ITGAM|MAPT|LRP5|KCNN4|MFF|RFX6|SYBU|ANKRD1|DZIP1|CRKL|EDN1|EIF2AK3|CAMK2N1|NLGN3|DYNLL1|OAZ1|PDCD5|PPP1R9B|PCK2|PDPK1|PMAIP1|TRIM8|PML|PPP3CB|PRKCE|PRKD1|PPARD|PRNP|ACTR3|HCLS1|PTPN22|RANGRF|EMD|RAPGEF3|SFN|SESN2|CLASP2|TOMM70A|MAPK14|PCM1|APBB3|STAC|STAC2|NNAT|STAC3|STIM1|TM7SF3|RUFY3|MYO5A|STOM|VPS35|NR1H2|TGFB2|FFAR2|PDCD10|KIF20B|CDK5RAP3|TRPC1|CTDSPL2|CIB1|ABCG1|VAMP2|YWHAE|PPM1A|PPARG|MYH10|RAMP3|MYOM1|PTGS2|PTPN9|CAMK4|SIRT1|NECAB2|PRKAR1A|SSH1|GNAI1|CD247|NF2|RDX|TTN|TNFRSF1A|ZDHHC2|DCTN1|MGAT3|LRP1|ANO1|APC|CLN3|TMED10|CASK|CHRM1|CEP250|CENPQ|EPHB2|EGF|GCG|GLP1R|GNAQ|FCER1G|PLK3|CREBBP|FGG|ERGIC3|NR1H4|VRK1|ISL1|ITPR1|BLK|KIF5B|PDZK1|PRKG2|PTP4A3|FRMD4A|NGFR|CD2AP|PARD6A|GAS6|NKX6-1|EIF4G1|EXPH5|HYAL2|BICD1|DOC2B|FTO|IL6|NUMA1|EFCAB7|UACA|VSNL1|ZIC1|JAK2|PGRMC1|TSG101|YAP1|RAC1|VEGFC|CACNB4|CNST,https://www.gsea-msigdb.org/gsea/msigdb/mouse/geneset/GOBP_POSITIVE_REGULATION_OF_PROTEIN_LOCALIZATION,487,ENR,GOBP_POSITIVE_REGULATION_OF_PROTEIN_LOCALIZATION,2.1040999999999999,4.0000000000000001E-3,GOBP_POSITIVE_REGULATION_OF_PROTEIN_LOCALIZATION,FALSE,GOBP_POSITIVE_REGULATION_OF_PROTEIN_LOCALIZATION
27,1.7011469235902901,1.7011469235902901,1.7011469235902901,0.98009999999999997,7.9799999999999996E-2,8.48E-2,1,SLC39A12|MAP3K7|RPL13A|ADD2|DUT|ARHGEF5|NCKAP1L|CAPN1|CDC42|IFI203|MNDAL|PRRT2|HSPA1B|HSPA8|PRKCD|SOST|PRKCZ|EPS8|NAPA|PYCARD|NAPB|CKAP5|LCMT1|CTTN|DRG1|DBN1|NME7|SKAP1|BBS10|MSN|ARFGEF1|ARHGAP18|LCAT|ARHGAP28|ARHGAP40|EIF4EBP1|PECAM1|TFRC|ARPC3|ARPC5|ARPC5L|PREX1|BAIAP2|BAIAP2L1|BAIAP2L2|MYH9|CDC42EP1|CDC42EP2|TNFSF18|CDC42EP3|CDC42EP4|TRAF2|ULK4|CDC42EP5|MET|NCK1|MKKS|MTPN|CYFIP2|KIF21A|SELP|SLIT2|ELN|ESAM|FCHSD1|FCHSD2|INPP5J|VEGFA|FSCN1|GM14137|CLU|CSF2|KANK1|KANK3|KANK4|MYO1C|NCKAP1|PLEKHG2|TGFB1|TMSB4X|TREM2|PTGER4|RHOC|RPS3|RICTOR|SSH3|STMN1|PREB|BBS4|SAR1A|SNX9|SEC16A|TMSB15B2|TMSB15L|CLIP3|STUB1|ARL2|FARP2|PLCG2|FBLIM1|BID|KIF14|PLEK|AVIL|RASIP1|CAPG|CCL11|CAPZA1|CAPZA2|PTPN11|CAPZB|CFL1|CCL24|INSM1|SCIN|TWF1|SVIL|TWF2|VILL|CCK|FERMT2|CD36|BAG4|SYNGR3|SH3GLB1|FMN1|EPN1|DNAJC15|AIDA|CXCL13|DACT1|ARF6|DAB2IP|KCNK13|FES|PAK1|HRG|TRIM9|RAB3GAP1|SAR1B|DHX33|LGALS3|PCSK5|TAL1|PARK7|PINK1|RHOA|ATAT1|PFN1|PFN2|SNCA|UBLCP1|TNF|DYRK1A|MYADM|RALB|ZFP827|VCP|ANKRA2|BAX|CAND1|ICA1|CTNNBIP1|IFNG|TRIM65|ATM|ATR|HSF1|CRYAB|JMJD6|ADD1|CDH5|MED25|CDKN1B|DDX3X|LAMP2|PPP2R5B|PSMC6|GSK3B|TMC8|HMGB1|HSPA5|ZDHHC1|MTOR|ZDHHC12|ARPC2|GNL3L|MAPK8|BIRC2|LCP1|CLDN7|CSF3|NCAM1|BRSK1|HSP90AA1|NEK7|ANKRD27|STXBP1|LEFTY1|SNAP91|KANK2|CASP4|MARK4|VIL1|TRP53|CSNK1A1|TRIM31|ZDHHC5|TRAF3IP1|NOL3|HAX1|AMBRA1|XAF1|EP300|HCK|CDK5RAP2|EVL|IRGM1|OSBPL2|ISG15|VASP|TFIP11|GIT1|MAVS|CLEC2I|MLST8|OGT|P2RX7|RIOK3|PPP2CA|SYT11|TIRAP|TLR2|HCFC1|TLR4|LMO4|H3F3B|UNC13B|SRC|RAF1|STXBP6|IL5|NCK2|ABCA3|BCL2L11|HSPA1A|MAPRE1|CLEC7A|GBP2|GBP5|GM12250|IGTP|IRGM2|COTL1|MYD88|SGK1|SYK|ABL1|SVIP|APOE|MAPRE3|AKAP9|TICAM1|HJURP|BAK1|WNT10B|RNF4|SENP6|CREB1|CAV3|PIK3R2|AHR|SYP|CORO1A|CRBN|DLG1|SORL1|THRA|ALOX15|CLIP1|BBC3|NAV3|PSRC1|FBXL2|BIK|TPPP3|BMF|MAPK15|GDA|CAV1|NPHS1|HDAC6|ARHGEF7|EML2|HIP1R|STMN2|TBCD|TUBB4A|GRB2|MAP3K1|MAPT|BRCC3|CAMSAP3|ABCA1|KIF9|RAP1B|PEX5|FAF1|MEFV|NLRC3|PRKCE|PRKD1|TLR6|RAB3A|PTK2B|ACTR3|HCLS1|PTPN22|ARHGEF2|FNIP1|DAAM2|IKZF1|CLASP2|PAK3|MAPK9|FNIP2|VDAC2|SUMO1|VPS35|NR1H2|TRIM11|DNAJC6|TPPP|ULK1|CALY|FHOD3|FLII|LMOD1|LMOD2|LMOD3|NRG1|PPP1R9A|BTK|GBA2|SIRT2|SSH1|SSH2|NCLN|CD24A|SOX9|TMOD1|TMOD2|TMOD3|RDX|TMOD4|TPM1|CAMSAP1|CAMSAP2|DCTN1|PDE4DIP|SLAIN1|SLAIN2|TTBK1|APC|CDH17|UNC13A|DBNL|FAS|MECP2|HES1|ISL1|P2RY12|ADD3|FERMT1|CYFIP1|ICAM1|MMP3|TRIM30A|EIF2AK2|GSN|EIF4G1|GAK|RASA1|LATS1|LATS2|FKBP4|NUMA1|MPP7|STX1A|STXBP5|BIN1|JAM3|TERF1|IKBKE|RAC1|FOXC2,https://www.gsea-msigdb.org/gsea/msigdb/mouse/geneset/GOBP_REGULATION_OF_PROTEIN_CONTAINING_COMPLEX_ASSEMBLY,396,ENR,GOBP_REGULATION_OF_PROTEIN_CONTAINING_COMPLEX_ASSEMBLY,1.7826,1.9900000000000001E-2,GOBP_REGULATION_OF_PROTEIN_CONTAINING_COMPLEX_ASSEMBLY,FALSE,GOBP_REGULATION_OF_PROTEIN_CONTAINING_COMPLEX_ASSEMBLY
8,1.75696195131371,1.75696195131371,1.75696195131371,0.98250000000000004,0.17860000000000001,8.0299999999999996E-2,1,BMP4|P2RX7|OSR1|LTF|PHOSPHO1|FGFR3|NBR1|WNT10B|MEF2C|BGLAP|BGLAP2|CYP27B1|KL|TXLNG|ATP2B1|FAM20C|ALOX5|GPM6B|CCR1|PTK2B|FBN2|BMP2|BCOR|ACVR1|BMP6|RXRA|NFE2|PKDCC|ACTN3|SMAD3|ACVR2A|IFITM5|ECM1|SLC8A1|WNT4|ANK|MGP|GREM1|COMP|TWIST1|BMPR1A|SGMS2|SUV39H1|TFAP2A|MIA3|RXRB|AHSG|ACVR2B|VDR|ASXL2|TMEM119|FZD9|GJA1|OSR2|NOTUM|BMPR1B|LTBP3|SRGN|PTN|BMPR2|BMP2K|ISG15|SLC20A2|ZMPSTE24|ADRB2|NELL1|S1PR1|CD276|GATA1|HIF1A|TRPM4|ENPP1|ANO6|SOX9|CSF1R|BMP7|DDR2,https://www.gsea-msigdb.org/gsea/msigdb/mouse/geneset/GOBP_REGULATION_OF_BONE_MINERALIZATION,77,ENR,GOBP_REGULATION_OF_BONE_MINERALIZATION,1.8006,1.7500000000000002E-2,GOBP_REGULATION_OF_BONE_MINERALIZATION,FALSE,GOBP_REGULATION_OF_BONE_MINERALIZATION
26,2.74472749489669,2.74472749489669,2.74472749489669,1,0.32350000000000001,3.1300000000000001E-2,1,TRAK2|WASF1|TRAK1|DYNLL1|DNM1L|NEFL|AGBL4|MARK1|FEZ1|HSBP1|RHOT1|HDAC6|RHOT2|ACTR10|PKD1|AGTPBP1|ARMCX3|TSPAN4|KIF1B|TSPAN9|UBB|UCHL1|MAPT|SPAST|HIF1A|SYBU|KIF5B|MYO19,https://www.gsea-msigdb.org/gsea/msigdb/mouse/geneset/GOBP_ESTABLISHMENT_OF_MITOCHONDRION_LOCALIZATION,28,ENR,GOBP_ESTABLISHMENT_OF_MITOCHONDRION_LOCALIZATION,2.0605000000000002,0,GOBP_ESTABLISHMENT_OF_MITOCHONDRION_LOCALIZATION,FALSE,GOBP_ESTABLISHMENT_OF_MITOCHONDRION_LOCALIZATION
7,2.23657200643706,2.23657200643706,2.23657200643706,0.99419999999999997,0.1865,5.28E-2,1,FOXA2|BMP4|DISP1|NRP1|CHRD|EFNB1|NCKAP1|LHX1|SEMA3F|PLD6|PCSK6|FGF10|TDRKH|CDX1|MESP2|CITED1|SMAD1|SMAD5|TCF7L1|DLL1|CTNNB1|WT1|IHH|SMAD3|FGFR2|MEOX2|EDNRA|TBX3|ERBB4|TIFAB|SEMA3A|TDRD7|TMED2|OOEP|FZD5|SMAD2|FRS2|CDX2|STIL|KDM6A|NOG|MESP1|TBX6|TDRD1|FRAT1|SATB2|TDRD5|NRARP|C2CD3|MEIS3|PEG12|RIPPLY3|TFAP2A|CHRDL1|MEOX1|SHH|LAMA5|WNT5A|MEIS2|WNT1|SIX1|SMAD6|LRP6|ZBTB16|PTCH1|MEIS1|GDF3|SIM2|SMAD4|NRP2|PGAP1|BMP7|COBL,https://www.gsea-msigdb.org/gsea/msigdb/mouse/geneset/GOBP_EMBRYONIC_PATTERN_SPECIFICATION,73,ENR,GOBP_EMBRYONIC_PATTERN_SPECIFICATION,1.907,5.7999999999999996E-3,GOBP_EMBRYONIC_PATTERN_SPECIFICATION,FALSE,GOBP_EMBRYONIC_PATTERN_SPECIFICATION
58,2.6989700043360201,2.6989700043360201,2.6989700043360201,0.998,0.109,3.4700000000000002E-2,1,NANOS1|P2RX7|ARAP1|MUC4|IL20RA|FLT3|LRRK1|FLT3L|NCDN|WWTR1|RAB3D|DRAM2|SIGLEC15|NFKBIZ|EPSTI1|ZFP830|TNS3|NXNL2|ABCA4|SPATA7|USH2A|TLR4|ALPL|CSF1|APBB2|HNF1A|IHH|SRC|BBS2|EXT1|IL7|RBP4|ASCL3|CD38|USH1C|AKT3|COL14A1|COMP|SASH3|STK11|TEX15|BBS10|BBS12|RAC2|NT5E|AHSG|ADA|CDH23|SCRIB|PERP|TFRC|ALDH1A1|TNFRSF11A|CTSK|SYK|WDR36|COL2A1|ABCB1A|ABCB1B|RAC3|SLC22A5|ADRB2|USH1G|TRAF6|MKKS|S1PR1|SLC28A3|VEGFA|ACACA|ATP1B2|BAP1|BCL2|NFIX|PRKCA|ILDR1|CREB1|ILDR2|KLHL10|PTGER4|CORO1A|SH3GL2|BBS4|NFIB|CTSS|SOD1|RAB7|DLG1|ABCC1|F2R|OCLN|ABCC8|ABCG2|ADORA1|PTPN11|ADORA2A|CRB2|ANK|KRAS|PTH1R|RPA1|CEACAM1|COL11A2|CCR2|CXADR|CLN8|CD34|SLC2A1|CALCR|CIB2|ITGB1|NAGLU|FH1|FSIP1|ITGB3|TMEM119|TRIM32|GNAT2|DEF8|ITGAV|LTBP3|USP45|PLEKHM1|SMO|LRP6|KCNJ1|SPP1|PDE6A|CBL|NDP|NF1|GATA1|GATA2|PRDX5|MFSD2A|HAMP|CLCN3|NOS3|ANKRD11|LSR|BBS1|TUB|LCA5|SCX|IFT80|NPHP4|GPR137|GPR137B|RB1|GPR55|NOD2|NOTCH1|MAK|SLC12A2|PTK2B|VHL|ZEB2|TMEM64|SLC28A2|SLC1A1|SNX10|TFF2|MBP|STRAP|TRF|BAX|TJP3|POC1B|STK39|TCIRG1|TRP53INP2|TLR9|VPS13B|PDK4|UBASH3B|CYTL1|ADD1|CROCC|LDB2|MKS1|PRRC1|ATF1|IAPP|BSG|CNGB1|CHMP4B|CDHR1|EXOC5|VPS54|PTGS1|PTGS2|TSPAN12|PDGFRB|IDUA|ENPP1|ESRRB|SRF|COL3A1|SOX9|SLC4A2|EGFR|GNAS|CD7|ERRFI1|DCSTAMP|RUFY4|CSK|CAR2|CEP290|CLDN18|AIPL1|CLDN5|CCDC66|MTF1|CTNNB1|HTR4|IL10RA|TNFSF11|PCDH15|MUC13|ACP5|NEUROD1|FCGR4|PBLD1|PBLD2|ERCC6|TPP1|FOSL2|NOX4|SLC22A21|TFF1|TFF3|TJP2|ANGPT1|NPHP3|TULP1|WHRN|PROM1|SLC39A8|CDH3|PKP3|TNFRSF11B|TUBA1A|PPARGC1B|CD2AP|DLK1|ABCC6|ADAM8|IL20RB|PRICKLE1|FOXC1|IL6|GCNT2|GIGYF2|INPP5D|IQCB1|TJP1|YAP1|LDB1|RAC1|XIAP|CSF1R|LIPA,https://www.gsea-msigdb.org/gsea/msigdb/mouse/geneset/GOBP_TISSUE_HOMEOSTASIS,262,ENR,GOBP_TISSUE_HOMEOSTASIS,2.0318000000000001,2E-3,GOBP_TISSUE_HOMEOSTASIS,FALSE,GOBP_TISSUE_HOMEOSTASIS
29,2.6575773191777898,2.6575773191777898,2.6575773191777898,0.99780000000000002,0.15859999999999999,3.0800000000000001E-2,1,OPHN1|L1CAM|PAX6|LPAR1|NANOS1|PHOX2A|ARHGAP32|LHX1|CDK5R1|HERC1|OGDH|SEZ6|GART|GLI1|GLI2|PSEN1|GPX4|DLL1|NR2C2|TTBK2|GDF10|SLC25A46|SAMD4B|HSPA8|DAB1|MAP2K1|ABAT|UQCRQ|LMX1A|PFDN1|MDK|PTPRS|ATXN2|CNTN1|NCOA1|ULK1|EZH2|CLP1|SCRIB|SEZ6L|SEZ6L2|MYH10|SERPINE2|HNRNPD|PTF1A|ZFP365|ABL1|TTLL1|ARCN1|MTPN|COMT|DIXDC1|PROX1|RORA|CBS|CD3E|CEND1|RERE|IGF1R|BCL2|GABRB3|SLC4A7|NFIX|HSPA5|SEMA4C|KAT2A|NCSTN|AGTPBP1|PDSS2|TTC21B|TRNP1|NRXN1|ATF2|ATG7|MECP2|HOXA1|ATP7A|KIF14|NEUROD1|FOXP2|PTPN11|SDF4|FKTN|OTX1|HOXB1|PRKG1|CDK5|GAS1|TRP53|FZD4|USP9X|CACNA1A|CNTNAP2|WHRN|PCNT|GLUD1|GRIN1|EN1|HAP1|TUBA1A|NAGLU|SEC24B|ABL2|GNPAT|WNT1|RPGRIP1L|KCNC1|B4GALT2|KCNE1|SMO|LRP6|CDK5R2|FOXC1|ATRN|SSTR1|CRK|SSTR3|FCGR2B|ATIC|ATP2B2|LDB1|FAIM2|PSAP|CRKL,https://www.gsea-msigdb.org/gsea/msigdb/mouse/geneset/GOBP_METENCEPHALON_DEVELOPMENT,124,ENR,GOBP_METENCEPHALON_DEVELOPMENT,2.0646,2.2000000000000001E-3,GOBP_METENCEPHALON_DEVELOPMENT,FALSE,GOBP_METENCEPHALON_DEVELOPMENT
12,2.74472749489669,2.74472749489669,2.74472749489669,1,0.28970000000000001,2.2000000000000001E-3,0.107,BBS1|DCTN1|PQBP1|DYNLL1|IFT80|VANGL2|DNM2|MAK|FUZ|TMEM107|CEP350|GORAB|CEP290|RPGRIP1|BBS4|AHI1|TTBK2|DYNC2H1|HTT|PCDH15|TMEM17|BBS2|TMEM216|TMEM80|BBS7|ATMIN|KIF3A|ARL13B|STIL|PCM1|KCNF1|IFT88|IFT172|NPHP3|IFT52|IFT140|C2CD3|BBS10|CEP135|CC2D2A|HAP1|MAPRE1|PIBF1|TMEM67|IFT122|TTC8|MKS1|CSNK1D|RPGRIP1L|DISC1|IFT74|EXOC5|INTU|KCNJ10|POC1A|MKKS|KCNQ1|IFT57|CCDC13,https://www.gsea-msigdb.org/gsea/msigdb/mouse/geneset/GOBP_NON_MOTILE_CILIUM_ASSEMBLY,59,ENR,GOBP_NON_MOTILE_CILIUM_ASSEMBLY,2.6488999999999998,0,GOBP_NON_MOTILE_CILIUM_ASSEMBLY,FALSE,GOBP_NON_MOTILE_CILIUM_ASSEMBLY
1,2.4202164033831899,2.4202164033831899,2.4202164033831899,0.99619999999999997,0.376,3.1600000000000003E-2,1,HTR2C|NLGN1|STXBP1|CACNA1D|SNCA|KMO|SYT1|DNM1L|STX1A|DTNBP1|BGLAP|BGLAP2|PTGER4|ADORA2A|BAIAP3|BCL2L1|SPHK1|UNC13A|SLC4A8|GPR158|RAB3GAP1,https://www.gsea-msigdb.org/gsea/msigdb/mouse/geneset/GOBP_POSITIVE_REGULATION_OF_NEUROTRANSMITTER_SECRETION,21,ENR,GOBP_POSITIVE_REGULATION_OF_NEUROTRANSMITTER_SECRETION,2.0565000000000002,3.8E-3,GOBP_POSITIVE_REGULATION_OF_NEUROTRANSMITTER_SECRETION,FALSE,GOBP_POSITIVE_REGULATION_OF_NEUROTRANSMITTER_SECRETION
3,1.7798919119599499,1.7798919119599499,1.7798919119599499,0.98340000000000005,7.4399999999999994E-2,7.3099999999999998E-2,1,APOA1|MAP3K7|PARP9|EPHA2|IL20RA|STAT1|PIAS4|CCR3|NFKBIZ|RNF185|UBE2K|NLRC5|TTLL12|CSF1|CSF3R|CXCL17|HSPA1B|THPO|CXCR1|CXCR2|BBS2|ECM1|ERBB4|PYCARD|EXT1|RIPK2|TRAF5|IL17RC|CCDC3|IL34|IRAK4|YTHDF3|PRMT2|JAGN1|FLT1|EPHA3|SOCS5|STAT4|STAT6|NUP85|PADI2|PAFAH1B1|OASL2|PLVAP|SOCS4|PARP14|TNFRSF11A|TNFRSF13C|KIT|TNFRSF17|RABGEF1|TNFRSF1B|METTL3|TNFSF13B|TNFSF18|ROR2|TRAF2|MET|TRAF6|EPHA7|MKKS|TXK|SLIT2|TYK2|CARD14|PDGFB|TNFRSF18|NTRK3|RPS6KA5|TRAF1|ROBO1|IFITM1|SAMHD1|IFITM2|IFITM6|CSF2|CSF2RA|EBI3|HIPK1|IFNAR2|DDR1|TMSB4X|TREM2|F3|SLIT3|BBS4|APPL1|YTHDF2|ZC3H15|PIK3R1|UMOD|AKT1|SOCS2|CCL1|CCL11|CCL12|IL11|CCL19|CCL2|CCL22|SH2B2|CCL24|CCL25|CCL3|CCL4|OSM|CCL5|CCL6|MUSK|CCL7|ACTN4|CCL8|CCL9|CCR2|OTUD4|CCR7|SPATA2|INSRR|TANK|LIMS1|USP25|USP27X|USP29|CX3CL1|CXCL10|CXCL11|IL1A|CXCL12|IL1RN|CXCL13|LTK|CXCL9|IL1RAP|NUMBL|IRAK2|IRF3|NTRK2|VRK2|HPX|TRAF3|IL1B|IRAK1|FGFR3|PIAS3|NOTCH1|PF4|IFNGR2|PTPN6|PTPRC|SLC1A1|TFF2|TNF|TRAF3IP2|TSLP|IFIH1|XCL1|TRADD|IFNAR1|IFNG|TRIM56|ADAR|IL10RB|TRIM65|IL4|OAS1A|RFFL|OAS1B|OAS1C|OAS1E|OAS1F|EDA2R|OAS1G|GHR|COMMD7|IL17RE|IL21R|IL3RA|OSMR|TREX1|CHUK|CPNE1|DICER1|NFKBIA|PLCB1|EGFR|TMC8|NKIRAS1|NKIRAS2|IL6ST|GREM2|CD300LF|INSR|IRS1|RRAGA|JAK1|ST18|CNTFR|LEPR|MT3|MAPK3|RBM15|BIRC2|CLDN18|CSF3|CRLF1|IL22RA2|SOCS3|EPHA5|RBM47|EPHA4|FGFR2|IL10RA|TNFSF11|TIE1|GPR108|RNF113A1|RNF113A2|CASP1|CASP4|LILRA6|TJP2|UGCG|ANGPT1|OASL1|PIRA2|TRP53|IL13RA1|IRAK3|IRF5|TIFA|TNFRSF11B|TEK|KRT18|TRIM6|WNT5A|NOL3|MST1R|HAX1|AXL|IIGP1|IKBKG|IL10|IL22RA1|IRGM1|ISG15|C1QTNF4|CTR9|MAVS|FLT4|HDAC4|HIF1A|NAIP1|CCR10|NAIP2|CCR4|NAIP5|CCR8|NAIP6|CCR9|CCRL2|CXCR6|CSF1R|OAS2|OAS3|CYLD|EPHB1|PELI3|GAB1|RBCK1|EPHB4|ERBB2|RNF31|MMP12|SHARPIN|XCR1|FLT3|EPHB3|TBK1|TIRAP|EED|PALM3|SRC|STAT3|IL15|IL15RA|IL1RL2|TRIM41|IL2RA|IL2RG|IL5|IL7|TRIM44|LAPTM5|SIN3A|MERTK|MPL|SRSF1|PRLR|PTPN2|DOK1|F2RL1|ADIPOQ|SIGIRR|IGTP|IRGM2|SH2B3|MYD88|ZBP1|NLRP6|SYK|SOCS1|ARG1|USP18|BAD|STAT5A|TNFRSF4|ACBD7|TNIP2|TYRO3|ACSL1|EPHA1|EGR1|CD4|ADIPOR1|ADIPOR2|INHBA|STAT5B|CXCR3|IL12RB2|TICAM2|FKBP1A|APPL2|CEBPA|KLF6|KRAS|CAV1|CD74|CEACAM1|GPR35|DNAJA3|IL17RD|IKBKB|IL13|EPOR|TRIM32|TRAIP|CCR5|KDR|IL1R2|STAP1|TXNDC17|AIM2|LYN|MUL1|EDN1|EDN2|IFITM3|IFITM7|OXSR1|DUOX1|EREG|PPP2CB|LIFR|PTK2B|CXCR5|HCLS1|GPS2|RIPK1|STAT2|ILK|NTRK1|STK39|CIB1|WNK1|KRT8|CSNK2B|PPARG|ADAM17|FBXO21|RPS6KA4|TOLLIP|PTPRF|PDGFRA|FGFR1|PDGFRB|SIRT1|CCR6|GFI1|SLC27A1|SMAD4|IL17RB|IL5RA|CD24A|SPHK1|CD40|DDR2|IGF1R|CD44|TNFRSF1A|CD70|MMP8|IFNGR1|FGFR4|NSMAF|MED1|EDA|CRLF2|EDAR|CSF2RB|CSF2RB2|CX3CR1|CCR1|CTNNB1|EPHB2|CXCR4|FADD|FCER1G|CISH|NR1H4|IL16|LILRA5|FZD4|CDC37|FOXO3|CNOT7|IL12A|IL12B|IL12RB1|FOSL1|IL13RA2|IL17RA|IL18|DCST1|IL18R1|IL18RAP|EIF4E2|IL11RA1|IL1R1|IL1RL1|GAS6|IL2|IL20RB|IL23R|FOXC1|IL27RA|IL2RB|IL31RA|IL33|IL4RA|IL6|IL6RA|RELA|GIGYF2|IL7R|RET|IL9R|IRF1|IRF7|JAK2|JAK3|IKBKE|YAP1|XIAP|LSM14A,https://www.gsea-msigdb.org/gsea/msigdb/mouse/geneset/GOBP_CYTOKINE_MEDIATED_SIGNALING_PATHWAY,464,ENR,GOBP_CYTOKINE_MEDIATED_SIGNALING_PATHWAY,1.8257000000000001,1.66E-2,GOBP_CYTOKINE_MEDIATED_SIGNALING_PATHWAY,FALSE,GOBP_CYTOKINE_MEDIATED_SIGNALING_PATHWAY
22,1.7099653886374799,1.7099653886374799,1.7099653886374799,0.98050000000000004,0.18429999999999999,8.0600000000000005E-2,1,CHRD|EFNB2|LRP1|EPHB4|DNM2|ADAMTS6|DLL4|EYA1|NOTCH1|PKD2|AP2B1|SUFU|DCTN5|FUZ|PDE2A|ACVRL1|RBPJ|ADAMTS9|CXCR4|PRDM1|EDNRA|TBX2|TBX1|HES1|HEY1|KIF7|EGR2|MYLK|PLXND1|TGFB2|BMPR1A|TAB1|EFEMP2|SNX17|LTBP1|ENG|NGFR|CHD7|NAGLU|SEC24B|FKBP10|HECTD1|LOX|HEY2|SIX1|NPRL3|SMAD6|PRICKLE1|LRP2|MYH10|SMARCA4|JAG1|PDGFRB|SOX4|TFAP2B|PROX1|ENPP1|MEGF8|SRF|GAA|APLNR|COL3A1|NDST1|NOTCH4|TGFBR2|GLA|ROBO1|ROBO2,https://www.gsea-msigdb.org/gsea/msigdb/mouse/geneset/GOBP_AORTA_DEVELOPMENT,68,ENR,GOBP_AORTA_DEVELOPMENT,1.7992999999999999,1.95E-2,GOBP_AORTA_DEVELOPMENT,FALSE,GOBP_AORTA_DEVELOPMENT
67,1.61618463401957,1.61618463401957,1.61618463401957,0.9758,0.26200000000000001,8.4900000000000003E-2,1,GDF11|BMP4|NKX2-2|PAX6|CDK6|RFX3|PDPK1|WNT5A|BHLHA15|SIDT2|CFTR|MEN1|NKX6-1|RHEB|SMO|DLL1|REG1|VHL|BMP5|CLOCK|BMP6|HES1|NEUROD1|PDX1|CDH2|GATA6|BAD|ONECUT1|RBM4|RFX6|NKX6-2|INSM1|IER3IP1,https://www.gsea-msigdb.org/gsea/msigdb/mouse/geneset/GOBP_ENTEROENDOCRINE_CELL_DIFFERENTIATION,33,ENR,GOBP_ENTEROENDOCRINE_CELL_DIFFERENTIATION,1.7831999999999999,2.4199999999999999E-2,GOBP_ENTEROENDOCRINE_CELL_DIFFERENTIATION,FALSE,GOBP_ENTEROENDOCRINE_CELL_DIFFERENTIATION
5,2.4089353929735,2.4089353929735,2.4089353929735,0.99609999999999999,0.14749999999999999,5.11E-2,1,OSR1|ABR|ITGA8|MYO7A|SIX2|EYA1|FGF10|EYA4|GJB6|GLI2|SLITRK6|FGF3|ALDH1A3|RPL38|DLL1|ATOH1|MAFB|HOXA2|FOXI1|ATP8A2|LRIG3|STOX1|TBX1|TMIE|TTC39C|FRZB|INSIG1|INSIG2|MAPK1|USH1C|DLX5|DVL3|HMX2|TSHR|NR4A3|CDH23|CHD7|SCRIB|DVL2|COL2A1|ROR2|USH1G|SPARC|CELSR1|FGFR1|GFI1|ENPP1|SIX4|SLC44A4|TCAP|SOX9|NTN1|PAX8|GRHL3|HESX1|MYO3B|VANGL2|WNT3A|ZEB1|FZD6|MAPK3|CEP290|CLIC5|LRIG1|PRRX1|SOD1|COL11A1|TRIOBP|EPHB2|FGFR2|PRRX2|EDNRA|TBX2|TSHZ1|LHFPL5|PCDH15|HOXA1|TBX3|REST|TIFAB|PDZD7|PLS1|OTX1|HPN|GAS1|NOG|WHRN|GSC|ANKRD24|SOX2|TPRN|WDR19|PTK7|TFAP2A|BCR|CTHRC1|WNT5A|CHRNA9|PAX2|MSX1|NAGLU|FZD3|SEC24B|WDPCP|NIPBL|FGF9|OSR2|WNT1|FZD2|SIX1|TBX18|MYC|MYO6|ZIC1|SPRY2|GATA3|GATA2|SOBP|DVL1|ATP2B2|KCNQ1|PRKRA|ATP6V1B1|RAC1|EDN1,https://www.gsea-msigdb.org/gsea/msigdb/mouse/geneset/GOBP_EAR_MORPHOGENESIS,125,ENR,GOBP_EAR_MORPHOGENESIS,1.9141999999999999,3.8999999999999998E-3,GOBP_EAR_MORPHOGENESIS,FALSE,GOBP_EAR_MORPHOGENESIS
35,2.74472749489669,2.74472749489669,2.74472749489669,0.99819999999999998,0.11210000000000001,4.19E-2,1,OPHN1|FNTA|OGT|DOCK8|APOA1|LPAR1|NRP1|GABARAP|ERBB2|FGF10|GIT2|TNS3|ADRA1A|DGKI|CSF1|DGKZ|STARD13|SRC|STMN3|ARHGAP42|CHN1|AUTS2|EPS8|MAP2K1|F11R|KITL|GBF1|SIPA1L3|RASAL3|F2RL1|RASGRP1|ARFGEF1|MYO9B|ITPKB|ARHGAP17|ARHGAP18|ARHGAP28|ARHGAP40|ARHGAP44|DOCK7|ARHGEF18|SYDE2|AMOT|RABGEF1|ABL1|CCDC125|KCTD10|RTN4|AGRN|APOE|MET|SCAI|SOS1|SOS2|CGNL1|NUP62|DLC1|SLIT2|FRMD7|MYOC|ROBO1|DENND1A|RTN4R|DOCK9|TSC2|KANK1|DOCK2|RALGAPA2|RALGAPB|RASGEF1A|CYTH3|DNM2|SGSM3|PSD|CAMK2D|HEG1|MAP4K4|STMN1|ARHGAP20|CDC42SE2|DOCK6|PIK3CB|STARD8|ARHGDIB|PIK3CG|RASA3|APOC3|F2R|BNIP2|KIF14|CDH2|CDON|RASIP1|ARFGAP1|SIPA1L1|CYTH4|FBXO8|IQSEC3|RASGRF1|PSD3|PSD4|SH2B2|SH3BP1|KRAS|MUSK|CUL3|FERMT2|ARHGDIA|STAMBP|BCR|DYNLT1A|DYNLT1B|DYNLT1F|ITGA3|SYDE1|ITGB1|ARRB1|CDC42SE1|ITGAV|MFN2|CRK|TIMP2|MAPKAP1|ARF6|NET1|CBL|DAB2IP|NF1|RAPGEF1|ABCA1|CRKL|RAB3GAP1|NGF|SEMA4D|MMD2|DENND3|DENND4A|PLXNB1|SHOC2|CYTH2|DENND4B|ARHGAP24|DENND4C|GPR55|NOTCH1|NOTCH2|SPRY1|PPP2CB|IQSEC2|FOXM1|RALBP1|RGL2|ARHGEF2|DOCK10|DOCK11|RELN|KCTD13|IQSEC1|MAPRE2|NTRK1|RABL3|TGFB2|ARHGAP12|ARHGAP22|AKAP13|ARHGAP25|ARHGAP29|GMIP|LZTR1|RASA2|STK19|SPRY4|TNK1|WNK1|CDC42BPA|TNFAIP1|RAP1GAP2|NRG1|RIT2|ADRA1B|BCL6|RALGAPA1|PDGFRB|ABRA|ARHGEF3|LPAR2|MCF2L|PICALM|COL3A1|CYTH1|RDX|TGM2|IGF1|CADM4|RALGPS1|KBTBD7|SSX2IP|EPHB2|SIPA1|ICMT|MADD|GPR4|KANK2|RASA4|RASAL1|LRP4|ARHGAP19|GARNL3|SIPA1L2|CSNK1A1|EPS8L1|NGFR|EPS8L2|ABL2|CD2AP|TAGAP|FBP1|FLCN|FLOT1|FXR1|ARFGEF2|GIT1|SPRY2|RAP1GAP|EPS8L3|ADCYAP1R1,https://www.gsea-msigdb.org/gsea/msigdb/mouse/geneset/GOBP_REGULATION_OF_SMALL_GTPASE_MEDIATED_SIGNAL_TRANSDUCTION,226,ENR,GOBP_REGULATION_OF_SMALL_GTPASE_MEDIATED_SIGNAL_TRANSDUCTION,1.98,1.8E-3,GOBP_REGULATION_OF_SMALL_GTPASE_MEDIATED_SIGNAL_TRANSDUCTION,FALSE,GOBP_REGULATION_OF_SMALL_GTPASE_MEDIATED_SIGNAL_TRANSDUCTION
8,2.6989700043360201,2.6989700043360201,2.6989700043360201,0.998,0.2676,3.0200000000000001E-2,1,BMP4|P2RX7|BMPR1A|OSR1|LTF|TFAP2A|FGFR3|WNT10B|MEF2C|MIA3|RXRB|KL|ACVR2B|VDR|ASXL2|TMEM119|ATP2B1|FAM20C|FZD9|OSR2|ALOX5|GPM6B|BMPR1B|FBN2|BMP2|ACVR1|BMP6|RXRA|PKDCC|ACTN3|SMAD3|PTN|BMPR2|ISG15|SLC20A2|ACVR2A|ADRB2|NELL1|CD276|SLC8A1|WNT4|ANO6|CSF1R|BMP7,https://www.gsea-msigdb.org/gsea/msigdb/mouse/geneset/GOBP_POSITIVE_REGULATION_OF_BONE_MINERALIZATION,44,ENR,GOBP_POSITIVE_REGULATION_OF_BONE_MINERALIZATION,2.0688,2E-3,GOBP_POSITIVE_REGULATION_OF_BONE_MINERALIZATION,FALSE,GOBP_POSITIVE_REGULATION_OF_BONE_MINERALIZATION
64,2.0861861476162802,2.0861861476162802,2.0861861476162802,0.99180000000000001,0.26979999999999998,4.6600000000000003E-2,1,GSK3B|RAB11A|C2CD3|DCTN2|APC|CEP72|MAPRE1|PIBF1|RAB11FIP3|SPAG5|CEP350|PARD6A|CSNK1D|CEP63|NUDCD3|BBS4|BICD1|CEP250|DISC1|CCDC14|CEP192|TRIM69|HTT|NSFL1C|SNX10|NUMA1|UBXN2B|AURKA|STK3|MCPH1|HOOK3|NUP62|STIL|PCM1|CEP78|MARK4|4933427D14RIK,https://www.gsea-msigdb.org/gsea/msigdb/mouse/geneset/GOBP_PROTEIN_LOCALIZATION_TO_MICROTUBULE_ORGANIZING_CENTER,37,ENR,GOBP_PROTEIN_LOCALIZATION_TO_MICROTUBULE_ORGANIZING_CENTER,1.9388000000000001,8.2000000000000007E-3,GOBP_PROTEIN_LOCALIZATION_TO_MICROTUBULE_ORGANIZING_CENTER,FALSE,GOBP_PROTEIN_LOCALIZATION_TO_MICROTUBULE_ORGANIZING_CENTER
3,2.74472749489669,2.74472749489669,2.74472749489669,1,0.24479999999999999,3.3999999999999998E-3,0.20699999999999999,GAB1|ITGA5|TSPAN32|NRP1|TYRO3|MYO1C|FGFR4|CADM4|EPHB4|FGFR3|ERBB2|INSR|DDR1|SMOC2|EPHA2|EPHA1|FLT3|TCF4|CD63|EPHB3|PGF|PIK3CB|DLL1|PIK3CD|EPHA5|EPHB2|EPHA4|FGFR2|SEMA6A|TIE1|ERBB4|NTRK1|ADAMTS3|MERTK|VEGFB|MUSK|DCN|PTP4A3|INSRR|XDH|FLT1|TEK|EMILIN1|EPHA3|IL12A|IL12B|ITGB1|ITGB3|PIK3CA|MST1R|LTK|FOXC1|AXL|KIT|RELA|RET|KDR|DAB2IP|NUS1|ROR2|CCBE1|MET|EPHA7|SPRY2|PDGFRA|FGFR1|PDGFRB|FLT4|NTRK2|NRP2|VEGFC|VEGFA|CSF1R|EGFR|HRG|NTRK3|EPHB1|ROBO1|DDR2|IGF1R|VTN,https://www.gsea-msigdb.org/gsea/msigdb/mouse/geneset/GOBP_VASCULAR_ENDOTHELIAL_GROWTH_FACTOR_SIGNALING_PATHWAY,81,ENR,GOBP_VASCULAR_ENDOTHELIAL_GROWTH_FACTOR_SIGNALING_PATHWAY,2.5655999999999999,0,GOBP_VASCULAR_ENDOTHELIAL_GROWTH_FACTOR_SIGNALING_PATHWAY,FALSE,GOBP_VASCULAR_ENDOTHELIAL_GROWTH_FACTOR_SIGNALING_PATHWAY
5,2.74472749489669,2.74472749489669,2.74472749489669,1,0.1211,1E-4,1E-3,RPL10|HOXC11|ABR|ITGA8|LHX1|SIX2|SOX17|EPHA2|WNT9B|CDC42|RPL38|ZFP568|PRDM1|ASB2|ATP8A2|MAP2K1|EXT1|MAPK1|TMED2|TNRC6C|KDM2B|HOXA7|DVL3|SOX18|ITGA4|NCOA1|RAD23B|ECE1|CC2D2A|CCDC103|CCDC39|GATA4|CCDC40|GDNF|CDH23|CLUAP1|GJA5|EFEMP1|HAND2|HEY2|PLG|KIT|COL2A1|ROR2|SPARC|CELSR1|MEGF8|PDGFA|PDGFB|VEGFA|NTN1|PLXNA4|T2|GRHL3|CSF2|HIPK1|MYO3B|NCKAP1|TGFB1|PPP1R13L|FZD6|TUBB2B|ADM|WNT7B|TAF10|BMI1|PRRX1|FOXF2|SOD1|FBN2|PKDCC|SETDB2|AKT1|TBX2|TBX20|PLCD1|TBX3|TEAD1|TIFAB|VAX2|UTY|STRA6|ANKRD24|BMPR1A|TTPA|TPRN|ALX4|EN1|KDM1A|HOXA11|HOXA9|HOXD10|EPN1|HOXD9|MYF5|IFT122|MDFI|MSX1|NAGLU|PHACTR4|PITX2|NIPBL|GJA1|OSR2|RUNX2|SHOX2|SALL1|SIX1|SMO|WNT9A|LLGL2|TBX18|MYC|MYO6|PCGF2|TEAD3|GATA3|GATA1|GATA2|SOBP|DVL1|IFT57|BMP7|WNT2|CDC40|PAX5|MYO7A|MEF2C|PCSK5|NOTCH1|NOTCH2|TAL1|HSCB|CITED1|RARRES2|DNAJB6|TTBK2|ELF5|NFE2|FOXI1|IRX5|LRIG3|TMIE|TNF|TTC39C|TFEB|PALB2|STIL|HMX2|CHST11|HSF1|SHH|NR4A3|HNF1B|SAP130|TBX4|KDM2A|CHD7|MKS1|MED12|DVL2|PBX3|HS6ST1|NCOA6|HYAL1|ENPP1|SLC44A4|ESRRB|MICAL2|NDST1|EIF4A3|EGFR|PAX8|GNAS|ERCC2|PPIL1|IGF2|HESX1|VANGL2|ID2|JUNB|VPS52|RBBP6|MAPK3|PCDH12|CDKN1C|GREB1L|CEP290|LRIG1|MEN1|SOCS3|PHLDA2|FGFR2|PCDH15|HOXA1|CCDC134|HEY1|RBPMS2|NEUROD1|REST|HOXB7|INVS|PLS1|KIF3A|OTX1|SMAD2|CEBPB|GAS1|NOG|TCF7L2|IFT172|NPHP3|SETD2|TRP53|IFT52|MMP16|PCNT|SOX2|PTK7|TFAP2A|TGFB3|WNT5A|ARNT|TWIST2|NES|TRAF3IP1|ASXL2|SEC24B|WDPCP|LIF|ARID1A|ARID2|GGNBP2|VASH1|VASH2|CITED2|ERF|GJB5|IL10|BIRC6|SYF2|FBXW8|NRK|ZFAT|AXIN1|THOC5|GDF3|HIF1A|PRKRA|TRA2B|LDB1|TBC1D23|GAB1|HOXB9|SLC39A3|FGF10|MIB1|EFNA1|FLT3L|ZFP36L1|GLI3|GJB6|KLF1|PSEN1|SLITRK6|FGF3|RBPJ|ALDH1A2|ALDH1A3|HOXA3|HOXB4|BMP5|MAFB|HOXA2|IHH|RARG|TEAD2|TBX1|HOXC9|MBD2|TCF21|MBD3|PBX2|TGFBR1|RBP4|RDH10|KITL|USH1C|CDX2|RNF112|DLX5|MMP14|C2CD3|TRIM28|HOXD4|RARA|ADA|RUNX1|NKX2-5|SCRIB|SH2B3|ALDH1A1|SMARCA4|USH1G|SOX11|TEAD4|PLK4|TCF7|PPP1R35|APLNR|TGFBR2|BMP4|CHRD|VCAM1|WNT3A|ZEB1|PLCD3|MFAP2|HIPK2|DLG1|TRIOBP|ACVR1|PRRX2|EDNRA|TSHZ1|ZFPM1|PRICKLE2|CDK20|CRB2|DSCAML1|FRS2|HOXA4|HPN|HOXB1|HOXB2|CEBPA|HOXB5|HOXC4|MESP1|CNTNAP2|HOXD3|IFT140|GSC|SATB2|TBX15|TULP3|WDR19|BCR|RARB|CTHRC1|EPAS1|CHRNA9|SYDE1|SYNA|WNT1|FZD2|POLE|ITGAV|LRP6|PKD1|GRB2|KDR|KCNQ1|MFSD2A|PBX4|EDN1|COBL|PAX6|NR2F2|E2F7|OSR1|E2F8|EYA1|PKD2|SUFU|EYA4|GLI1|GLI2|ID3|DLL1|FBN1|ATOH1|SMAD3|RNF207|RYR2|HHEX|STOX1|DLX2|SP2|FRZB|INSIG1|INSIG2|SP1|SLC8A1|MYB|ARL13B|PDS5A|SP3|TWIST1|TGFB2|TSHR|SENP2|EGLN1|HOXA5|HOXB8|LMO2|KRT19|KRT8|HSPG2|WDR48|ASCL2|HOXB6|STK3|STK4|PDGFRA|FGFR1|PDGFRB|GFI1|PROX1|SIX4|SRF|TCAP|SOX9|BPTF|SPINT2|TH|HSD17B7|SOX15|MED1|NSDHL|PBX1|ATF4|FUZ|CLIC5|SNAI1|COL11A1|EOMES|CTNNB1|EPHB2|ERCC1|LHFPL5|HES1|ERCC3|PDZD7|FZD5|RSPO3|KDM6A|WHRN|HLX|WNT11|MYCN|SPINT1|ENG|HOXB3|PAX2|MFAP5|FZD3|FGF9|HECTD1|ZFPM2|PRICKLE1|FOXC1|PTCH1|GRHL2|EPN2|NCOA3|OVOL2|ZIC1|SPRY2|SLC39A1|ST14|FOLR1|ATP2B2|YAP1|ATP6V1B1|MTHFD1L|RAC1|LEF1|FOXC2,https://www.gsea-msigdb.org/gsea/msigdb/mouse/geneset/GOBP_EMBRYONIC_ORGAN_DEVELOPMENT,479,ENR,GOBP_EMBRYONIC_ORGAN_DEVELOPMENT,3.1181000000000001,0,GOBP_EMBRYONIC_ORGAN_DEVELOPMENT,FALSE,GOBP_EMBRYONIC_ORGAN_DEVELOPMENT
73,1.7144426909922299,1.7144426909922299,1.7144426909922299,0.98070000000000002,0.125,9.7199999999999995E-2,1,MOV10|ING2|UPF1|UPF3A|UPF3B|RB1|PPHLN1|ATF7IP|BAHD1|BAZ1A|N6AMT1|BAZ2A|CBX1|CBX3|CBX5|CBX8|CDK2|CDYL|CENPV|DDX4|DNMT3B|DNMT3L|IFI203|EED|MNDAL|EZH1|H1F0|H3F3A|SIRT6|H3F3B|RRP8|HAT1|HDAC1|ZNFX1|HDAC3|HMGA2|KDM5A|L3MBTL1|HDAC9|LMNB1|LMNB2|MBD1|MBD2|DYRK1A|MBD3|MORC2A|MPHOSPH8|EIF1|NCOR2|PCGF3|PCGF5|PHF8|POLE3|SDR16C5|SIRT7|PPM1D|LHX2|RIF1|RLF|RLIM|TPR|SCMH1|SETDB1|SIN3A|SMARCA1|SMARCAD1|SMCHD1|SPEN|SPTY2D1|SUZ12|TDRD1|TDRD12|TDRD5|TEX15|TRIM28|ZFP57|HNRNPK|PCID2|TRIP12|UBR5|DOT1L|UHRF1|SUV39H1|WDHD1|EZH2|MTF2|PHF19|HDAC2|USP7|JARID2|CREBZF|SMARCA2|HNRNPU|SMARCA4|UHRF2|BCL6|METTL3|PHF1|MORC1|DICER1|SIRT1|TRIM27|YTHDC1|SIRT2|PHF2|PIWIL2|DNMT3A|SMARCA5|BAP1|EXOSC10|LBR|HELLS|SUV39H2|RBM15|RBM15B|SMYD5|BMI1|TRIM37|WT1|HDAC8|MECP2|APOBEC3|ASZ1|ZFP869|EPC1|SPIN1|UTY|BRCA1|UBR2|EHMT1|CTCF|METTL4|ATRX|DNMT1|RSL1|MTA1|HDAC6|ZFP445|MYC|LMNA|CTR9|HDAC4|TFAP2C|PRMT5|CHEK1|BEND3|BMYC|EHMT2,https://www.gsea-msigdb.org/gsea/msigdb/mouse/geneset/GOBP_NEGATIVE_REGULATION_OF_GENE_EXPRESSION_EPIGENETIC,148,ENR,GOBP_NEGATIVE_REGULATION_OF_GENE_EXPRESSION_EPIGENETIC,1.738,1.9300000000000001E-2,GOBP_NEGATIVE_REGULATION_OF_GENE_EXPRESSION_EPIGENETIC,FALSE,GOBP_NEGATIVE_REGULATION_OF_GENE_EXPRESSION_EPIGENETIC
1,1.80134291304558,1.80134291304558,1.80134291304558,0.98419999999999996,9.0300000000000005E-2,8.6900000000000005E-2,1,OPHN1|RAB11A|PREPL|LPAR1|P2RX7|EFNB2|DNM1L|CAPN2|SNAPIN|CDK5R1|GRIK5|GIT2|MYO5B|SGIP1|NCDN|SYT7|SYT11|PSEN1|RAB3B|PRRT2|UNC13B|DGKQ|PRKCB|ATP2A2|ITSN2|LRRK2|RIMS2|NAPA|VAMP1|SYT17|UNC13C|SYT2|PACSIN1|MAPK10|MKLN1|NAPB|RABEP1|AP2S1|TSPAN7|SH3GLB2|RAB8A|DDC|STON2|VPS18|AP2A2|GRIP2|STX11|AAK1|SCRIB|AMPH|ARFGAP3|BTBD8|HTR1D|CLTB|CTBP1|EPS15L1|NECAP1|OTOF|RAPGEF4|FMR1|ARPC3|RNF220|P2RY1|AKAP5|STX2|SYT8|NPY1R|DENND1A|SACM1L|P2RX2|SYNJ1|CACNA1D|CSPG5|DNM2|CALM1|CALM2|CALM3|EPS15|PRKCA|NSG1|STX3|ROCK1|SYP|BTBD9|SH3GL2|DNM3|PIK3C3|SNX9|PCLO|RAB7|DRD4|PIP5K1C|GSG1L|ATG7|NLGN2|PLD1|CDH2|FGF14|PRKAR1B|CAMK2A|CDK5|EFR3A|SNCB|STON1|USP46|CACNA1A|CXADR|ARHGDIA|SYNGR3|FBXL20|HAP1|DTNBP1|CANX|HPCA|SYDE1|AP1S2|ITGB3|STX19|AP3M1|AP3S1|AP3S2|VAC14|ATP6AP1|ATP6AP2|SYN2|ATP6V0A1|KCNC3|SYT13|SYT5|ATP6V0A4|ATP6V0C|ARF6|ATP6V0D1|NUMB|MYO6|ATP6V0E2|CPLX2|ATP6V1C1|ATP6V1D|ATP6V1E1|ATP6V1F|ATP6V1G1|DVL1|MFF|P2RY2|ATP6V1G2|ATP6V1G3|ATP6V1H|TBC1D24|CLCN3|SNAP23|STXBP2|STX4A|RAB5A|SNAP25|TRIM9|SLC18A1|RAB3GAP1|SLC18A2|FBXO45|NEDD4|NEDD4L|NLGN3|AP3B2|AP3M2|P2RX1|RAP1A|RAP1B|SLC10A4|NPY|RAB4A|PPP3CB|PPP3CC|PARK7|PPP3R1|RAB3A|RALA|SNAP47|PTEN|FCHO2|BSN|SLC17A5|PFN2|SLC17A7|SLC17A8|SYN3|SNCA|ITSN1|IQSEC1|SUSD4|HIP1|AP2M1|SLC9A6|GRIPAP1|MX2|SYNJ2|DNAJC5|RNF216|VPS35|DNAJC6|CALY|ACTG1|VAMP2|SLC2A4|PLAA|BRAF|SLC32A1|CLSTN1|NCS1|PRKACA|CASP3|NRG1|CADPS2|CTBP2|ERC1|ERC2|PLS3|SCRN1|SNAP29|SNCG|SYN1|SIRT2|MAGI2|PICALM|CD24A|RIMBP2|SLC4A8|SYT12|SV2B|TH|LRP1|AP2B1|KCNH1|PPFIA2|ARC|MDM2|UNC13A|CASK|BRSK1|CTNNB1|RIMS3|NLGN1|STXBP1|STXBP5L|SV2A|SV2C|SYT4|NRXN1|GRIP1|SH3GL1|SNAP91|VAMP4|ATAD1|PCDH17|RAB11FIP5|SYT1|AP2A1|CYFIP1|ABCA13|ATP8A1|PPFIA3|TOR1A|ACTB|GRN|AP3D1|CADPS|DOC2A|DOC2B|DOC2G|DNM1|RAB27B|PICK1|RPH3A|OSBPL2|CLTC|STX1A|CBLB|GIT1|STXBP5|SYT9|BIN1|ATP6V1A|ATP6V1B1|ATP6V1B2|RAC1|BCL2L1|CACNB4|SCAMP5|CACNA1E,https://www.gsea-msigdb.org/gsea/msigdb/mouse/geneset/GOBP_VESICLE_MEDIATED_TRANSPORT_IN_SYNAPSE,289,ENR,GOBP_VESICLE_MEDIATED_TRANSPORT_IN_SYNAPSE,1.7744,1.5800000000000002E-2,GOBP_VESICLE_MEDIATED_TRANSPORT_IN_SYNAPSE,FALSE,GOBP_VESICLE_MEDIATED_TRANSPORT_IN_SYNAPSE
1,2.74472749489669,2.74472749489669,2.74472749489669,1,0.20380000000000001,1.6999999999999999E-3,7.1999999999999995E-2,LEMD3|REEP3|UBXN2A|REEP4|NOLC1|SEH1L|SUN2|PML|GOLM1|BAZ2A|CHMP5|TSSK6|VPS4B|BANF1|RRN3|AGFG1|AGFG2|TMF1|DES|EMD|USPL1|H3F3B|RRP8|TOR1AIP1|LMNB1|LMNB2|SERBP1|KDM3A|KAT5|SYNE1|PHF8|TPR|PLK1|RNF8|HABP4|NFE2L1|SRPK2|SUMO1|ATR|DMPK|SYCP3|SUV39H1|ARMC2|CDKN2A|CELF3|ANKLE2|CHMP1A|BROX|CHMP1B|CHMP2A|PARP11|CHMP2B|CHMP3|CHMP4C|CHMP6|PLEC|USP36|PAFAH1B1|TMEM201|CHMP4B|NSFL1C|NUP153|NUP205|TMEM170|UBXN2B|NUP98|RTN4|SIRT1|NUP54|SIRT2|PHF2|DAXX|CCDC146|EMG1|SMARCA5|NUP155|PSME4|DCTN1|RPS19|TBPL1|VPS4A|ACTR6|ZFP354A|CHMP7|LEMD2|AHCTF1|CDAN1|TMEM43|DDX11|CHD5|SPAST|CDK1|EPC1|VRK1|IFT88|CTDNEP1|NUP107|DYRK3|NUP133|SF1|GOPC|TNP2|PYGO1|PYGO2|POLR1B|WRAP53|SUN1|NDEL1|TOR1A|POM121|HMGB2|TOR1B|AGAP3|NUP35|FXR1|TARDBP|ZMPSTE24|PES1|AFF2|LMNA|BIN1|AKAP8L|CHEK1|BEND3|NUP93|BRDT|ETS1|WDR73,https://www.gsea-msigdb.org/gsea/msigdb/mouse/geneset/GOBP_NUCLEUS_ORGANIZATION,128,ENR,GOBP_NUCLEUS_ORGANIZATION,2.7037,0,GOBP_NUCLEUS_ORGANIZATION,FALSE,GOBP_NUCLEUS_ORGANIZATION
30,2.74472749489669,2.74472749489669,2.74472749489669,1,0.15440000000000001,4.0000000000000001E-3,0.25800000000000001,EDEM3|OGT|DTWD2|MAN1A|CDS2|MAN1B1|ENTPD5|STT3B|B4GALT1|PSEN1|CWH43|ST6GALNAC6|DHDDS|DOLK|IL15|DPM1|DPM2|DPM3|CLN5|TET2|MGAT4A|EXT1|FUT4|MAN2A2|FUT9|POFUT1|COG1|GCNT1|POFUT2|COG2|COG4|COG5|COG6|COG8|GMPPA|GMPPB|ARFGEF1|DOLPP1|KRTCAP2|MGAT4B|MGAT4C|MLEC|MOGS|RPN2|RAMP1|TMEM165|DERL3|MGAT5|NANP|NANS|GCNT4|NUS1|GALNT1|ABO|COG3|GALNT11|B3GALT1|COG7|GALNT13|B4GALNT1|DAD1|GALNT4|DDOST|GALNT6|GGTA1|ST3GAL4|PGM3|ST3GAL2|PIGB|C1GALT1C1|DPY19L1|DPY19L3|NAGPA|POGLUT1|OSTC|ST3GAL5|ST6GAL1|FUT1|SEC1|B4GALNT2|PMM1|PMM2|FKTN|VEGFB|FUT8|CES2A|SLC35C1|B4GALT2|TMTC3|MAN2A1|TRIP11|MGAT1|ACER2|B4GALT7|POMGNT1|MAGT1|POMT2|TUSC3|GORASP1|SRD5A3|TMEM59|B3GALT6|B3GAT1|B3GAT2|B3GAT3|ST3GAL1|TRAK2|B3GNT2|B3GNT3|B3GNT4|B3GNT6|B3GNT7|B3GNT8|A3GALT2|EXT2|EXTL1|GALNT3|SLC35C2|FUT2|GBA2|MGAT2|6430550D23RIK|B3GALT2|SLC4A10|B3GALT4|B4GALT3|B4GALT4|ST8SIA1|B4GALT5|GFPT1|B4GALT6|TMTC2|LMF1|MGAT3|TMTC4|TET1|TET3|ST3GAL3|AQP11|ST6GALNAC3|ST6GALNAC4|ST6GALNAC5|ST8SIA2|RFT1|ST8SIA3|ST8SIA4|ST8SIA6|C1GALT1|GFPT2|NPC1|CCDC134|FUT7|ALG1|ALG11|GCNT3|SERPINA1A|ALG12|SERPINA1B|ALG13|ALG14|ALG2|A4GNT|ALG3|ALG5|B3GALNT1|PLOD3|ALG6|B3GALNT2|ALG8|B3GALT5|ALG9|B3GNT5|GALNT2|GALNT10|OST4|GALNT12|RPN1|GALNT14|STT3A|GALNT7|UGGT1|GALNT9|UGGT2|GXYLT1|GXYLT2|SLC39A8|MGAT5B|MAN1A2|POMT1|TMTC1|UBE2J1|DPAGT1|FKRP|GCNT2|GOLGA2|ST3GAL6|ST8SIA5|EXTL3|ABCA2,https://www.gsea-msigdb.org/gsea/msigdb/mouse/geneset/GOBP_GLYCOSYLATION,199,ENR,GOBP_GLYCOSYLATION,2.5316999999999998,0,GOBP_GLYCOSYLATION,FALSE,GOBP_GLYCOSYLATION
72,2.74472749489669,2.74472749489669,2.74472749489669,1,0.2132,1.1599999999999999E-2,0.81699999999999995,BEND6|SYNJ2BP|DTX1|HES5|NEURL1A|IL6ST|ADAM10|DLL4|NOD2|FGF10|NOTCH1|POGLUT1|ZMIZ1|ACVRL1|CC2D1A|DLL1|YTHDF2|SREBF2|POSTN|SRC|STAT3|DLL3|DLX2|LRRK2|HES1|HEY1|LFNG|ARRDC1|DLK2|ZBTB7A|HERC2|MFNG|POFUT1|LLGL1|EGFL7|GDPD5|MMP14|CCNC|CHAC1|MESP1|JAG2|NRARP|TGFB2|SOX2|CD46|PDCD10|ITGB1BP1|NLE1|GATA5|SLC35C1|CC2D1B|DLK1|WNT1|AAK1|RECK|HEY2|ENHO|ARRB1|TRP63|LLGL2|SLC35C2|TSPAN14|KIT|HIF1AN|BMP2K|EPN2|BCL6|METTL3|OVOL2|KCTD10|JAG1|DICER1|GAS2|NFKBIA|GATA2|CBFA2T2|GALNT11|TSPAN15|YAP1|TSPAN5|NOTCH4|RFNG|BMP7|ROBO1|ROBO2,https://www.gsea-msigdb.org/gsea/msigdb/mouse/geneset/GOBP_REGULATION_OF_NOTCH_SIGNALING_PATHWAY,85,ENR,GOBP_REGULATION_OF_NOTCH_SIGNALING_PATHWAY,2.2873999999999999,0,GOBP_REGULATION_OF_NOTCH_SIGNALING_PATHWAY,FALSE,GOBP_REGULATION_OF_NOTCH_SIGNALING_PATHWAY
,1.8507808873446201,1.8507808873446201,1.8507808873446201,0.9859,0.1431,6.7799999999999999E-2,1,TUB|RGS2|ZDHHC3|PPP1R9B|GIT2|PPP3CA|PDE2A|FRMPD1|PTGER3|DGKQ|RGS4|RGS7|RGS9|SNCA|LRRK2|CRY1|GRK4|SAG|MGLL|GPRASP1|VPS35|ECE1|APLN|ADA|KCTD12|PADI2|CAMK2B|SH2B3|KCTD8|RAMP1|RAMP3|PDE10A|PDE4A|GRK5|MYH9|PDE4D|PDE5A|RGS10|ADRB1|ADRB2|ULK4|MET|SLC39A14|CNTN2|KCTD12B|ATP2B4|MRAP|RGS11|ABHD6|NECAB2|RGS18|PDE6G|PDE6H|SLIT2|CRTC3|INPP5A|APLNR|LY6G6E|PLCB1|TMOD2|ROBO1|GSK3A|GIPR|RGS6|DNM2|PRKCA|TREM2|KLK14|SLIT3|YWHAB|ROCK1|ROCK2|ADM|SYP|ZDHHC7|STMN1|AIPL1|POMC|C3|ARRB2|GNAI2|HOMER2|PLD2|PLEK|RNF113A1|RNF113A2|APLP1|CAMK2A|CAV2|CHGA|CCL5|GPR158|PALM|TULP3|GRP|DTNBP1|DYNLT1B|APP|USP20|CALCR|ITGB1|ITGB3|RAMP2|USP33|RPGRIP1L|ARRB1|PDCL|PDE3A|BICD1|DNM1|MGRN1|F2|RGS14|GIT1|HIF1A|PRMT5|UBQLN2|GPSM1|GRK6|RGS12|RGS13|ARRDC3|KLK5|EDN1,https://www.gsea-msigdb.org/gsea/msigdb/mouse/geneset/GOBP_REGULATION_OF_G_PROTEIN_COUPLED_RECEPTOR_SIGNALING_PATHWAY,124,ENR,GOBP_REGULATION_OF_G_PROTEIN_COUPLED_RECEPTOR_SIGNALING_PATHWAY,1.8433999999999999,1.41E-2,GOBP_REGULATION_OF_G_PROTEIN_COUPLED_RECEPTOR_SIGNALING_PATHWAY,FALSE,GOBP_REGULATION_OF_G_PROTEIN_COUPLED_RECEPTOR_SIGNALING_PATHWAY
44,2.74472749489669,2.74472749489669,2.74472749489669,1,0.30969999999999998,6.0000000000000001E-3,0.45500000000000002,USE1|SCFD1|STX5A|BNIP1|ARF4|NBAS|BET1L|KDELR2|KDELR3|RAB33B|SEC22B|ATP9A|PITPNB|RER1|TMED10|GOLPH3|UVRAG|KIF1C|BICD2|RINT1|RAB6B|COPA|STX18|GOLPH3L|HTT|ATP9B|ARCN1|KDELR1|RAB6A|COG3|ERGIC3|GBF1|COG7|COG4|ARF3|ARF5|COPB2|COPE|ERGIC1|ERGIC2|COPZ1|LMAN2|TMEM115|COPZ2|SCYL1,https://www.gsea-msigdb.org/gsea/msigdb/mouse/geneset/GOBP_RETROGRADE_VESICLE_MEDIATED_TRANSPORT_GOLGI_TO_ENDOPLASMIC_RETICULUM,45,ENR,GOBP_RETROGRADE_VESICLE_MEDIATED_TRANSPORT_GOLGI_TO_ENDOPLASMIC_RETICULUM,2.4342000000000001,0,GOBP_RETROGRADE_VESICLE_MEDIATED_TRANSPORT_GOLGI_TO_ENDOPLASMIC_RETICULUM,FALSE,GOBP_RETROGRADE_VESICLE_MEDIATED_TRANSPORT_GOLGI_TO_ENDOPLASMIC_RETICULUM
71,2.7212463990471698,2.7212463990471698,2.7212463990471698,0.99809999999999999,0.20180000000000001,3.61E-2,1,ALKBH4|HAVCR1|RAB31|BECN1|FNBP1L|TIMD2|ELMO1|TREM2|AURKB|NCKAP1L|ABCA7|SYT11|SNX33|CDC42|RHOA|SNX9|CD300A|FCHO2|AIF1|SIGLECE|C3|CLCN2|SPIRE1|XKR6|THBS1|ALOX15|FCER1G|GULP1|MARCO|PLCG2|FCGR1|TIMD4|FCGR3|XKR8|SNX18|APPL2|MSR1|SH3BP1|ITGB2|CD36|ARHGAP12|ARHGAP25|CLEC7A|F2RL1|MEGF10|SPIRE2|CHMP2A|GSN|PPARG|ITGA2|AGER|SIRPA|HGS|MYH9|FCGR2B|ITGAM|LBP|TREML4|GATA2|SNX3|STAP1|ANO6|CLCN3|RAC1|ABCA1|ARF1|SMURF1|WASL,https://www.gsea-msigdb.org/gsea/msigdb/mouse/geneset/GOBP_MEMBRANE_INVAGINATION,68,ENR,GOBP_MEMBRANE_INVAGINATION,2.0219999999999998,1.9E-3,GOBP_MEMBRANE_INVAGINATION,FALSE,GOBP_MEMBRANE_INVAGINATION
70,2.3872161432802601,2.3872161432802601,2.3872161432802601,0.99590000000000001,0.13930000000000001,1.8499999999999999E-2,0.95799999999999996,NLGN3|OPA3|RPS6KB1|CHD8|ABR|MYO7A|PEX5|HERC1|NBN|PNKD|PRKD1|CWH43|SLITRK6|ALDH1A3|PTEN|PRRT2|SLURP1|REM1|TMEM150C|ATP8A2|HOXC10|KCNMA1|TNF|UCHL1|CCDC78|USH1C|CHRNA1|MYH7|CHRNB1|NKX6-2|CHRNE|GMPPA|STAC|STAC2|COMP|STAC3|VPS13A|MYO5A|HEXB|ATXN2|DBN1|VPS35|DDIT3|DMPK|IGDCC3|MFSD8|NEFL|NPR2|CAMTA1|NR4A3|GCH1|CDH23|GRCC10|APLP2|BACE1|PAFAH1B1|CAMK2B|SCN4A|OTOF|KCNA1|MYH10|FOXS1|VPS54|RAC3|ABL1|ADRB2|USH1G|PDE8B|CTNNA2|COMT|MDGA2|APH1B|DLG4|GAA|MYCBP2|TCAP|MYLK2|GM2A|TNNT1|ATP2A1|HEXA|TNNT3|TNR|NR4A1|SLC1A3|DCTN1|KCNH1|CASQ1|RCSD1|CAV3|MTOR|PMP22|RBFOX1|SHANK3|CLN3|CLIC5|MDGA1|CSMD1|HIPK2|AGTPBP1|HSP90AA1|DMD|SYNM|ACTN3|DRD4|GLRB|GPR88|ICMT|NRXN1|UBA5|EDNRA|MECP2|PCDH15|HOXA1|NLGN2|ABCC8|FGF12|REST|TIFAB|TNNC1|FGF14|PENK|TNNC2|TNNI1|TPP1|TNNI2|TNNI3|ADORA2A|ITPR1|JPH4|NPAS3|SHANK1|ZFP212|TSHZ3|ATP1A3|LONRF2|CNTNAP1|CACNA1A|CFH|CNTNAP2|RNF170|STRA6|TCF15|SOX2|GRIN1|GRIN2C|CLN8|BCR|SPR|HOMER1|TUBA1A|EI24|APP|HOXD10|FABP7|RBFOX2|VTI1A|AP1S2|FXN|IGLON5|ABL2|JPH3|JSRP1|KCNAB2|POU4F1|ADCY5|FKRP|GIGYF2|ROGDI|ZMPSTE24|ADARB1|KCNJ2|KCNJ8|DVL1|ATP2B2|SPG21|XRCC1|APH1C|PSAP|IGHMBP2|MYH14,https://www.gsea-msigdb.org/gsea/msigdb/mouse/geneset/GOBP_NEUROMUSCULAR_PROCESS,181,ENR,GOBP_NEUROMUSCULAR_PROCESS,2.1877,4.1000000000000003E-3,GOBP_NEUROMUSCULAR_PROCESS,FALSE,GOBP_NEUROMUSCULAR_PROCESS
2,2.74472749489669,2.74472749489669,2.74472749489669,1,0.22289999999999999,0,0,ITGA5|L1CAM|APOA1|PLXNB3|AMIGO3|CDH4|FAT3|SLITRK2|PLXNB2|CD177|BMP2|CADM3|HMCN1|SCARF2|DAB1|MAP2K5|MBP|PVR|MYADM|CDHR5|NRCAM|ITGAL|MAG|MAPK14|PRTG|PTPRS|ITGA4|CD164|TGFB2|DSC2|DSG2|ATP2C1|EPHA3|GATA5|LRRC4|CDH23|DSG3|CDH15|CDH19|CDH22|WNK1|CDH24|CELSR3|CDH7|ADIPOQ|CDH5|BSG|CLSTN1|MAPK7|PECAM1|NRG1|ALCAM|CDH1|TNFAIP3|MPZ|CDHR1|CLDN1|KLF4|SDK2|MYPN|DSCAM|PTPRF|EFNA5|NTNG2|CELSR1|FLRT3|PTPRT|SELE|SELL|CELSR2|SELP|EPCAM|AMIGO1|LRFN3|MAGI2|CLSTN3|ESAM|MDGA2|DSC3|CD24A|DSG1A|TGFBR2|DSG1B|PCDH8|CLDN11|ROBO1|TAOK2|ROBO2|AMIGO2|PCDHGC3|CADM4|VCAM1|CDH17|DSC1|FGFRL1|CRTAM|NTNG1|CLDN17|PCDH12|CHL1|CLDN18|CLDN3|CLDN5|CLDN7|MDGA1|PIK3CB|CDHR2|CLDN10|CLDN16|CLDN15|UMOD|ACVR1|DCHS1|NLGN1|NRXN1|PCDH15|CDH10|NEXN|CDH6|IGSF21|CDH9|MMP24|ELFN1|LRFN4|LRRC4C|CDH2|SPARCL1|IGSF11|PCDH17|SDK1|CRB2|KIRREL3|DSCAML1|SCARF1|SLITRK1|GPC4|CEACAM1|CEACAM2|CXADR|CLDN2|MYOT|CDH3|CDH8|FAT2|EMB|CLDN6|CDH16|CLDN12|CLDN9|CLDN14|ITGA3|PCDH1|PTPRD|CLDN22|MCAM|PCDH18|CLDN23|COLEC10|PCDHGA12|CLDN8|CLDN19|CX3CL1|CLDN4|IL1RN|NPTN|CADM1|PTPRM|IL10|RET|KIFAP3|IL1RAP|IGSF9|PALLD|CLSTN2|SLITRK5|PTPN23|IL1RAPL1|CD6|ARVCF|CADM2|CDHR3|PCDH10|PCDH19|CDH13|LGALS1|PCDH20|FAT4|LGALS9|PCDHB14|PCDHB18|CDH11|PCDHGA4,https://www.gsea-msigdb.org/gsea/msigdb/mouse/geneset/GOBP_CELL_CELL_ADHESION_VIA_PLASMA_MEMBRANE_ADHESION_MOLECULES,192,ENR,GOBP_CELL_CELL_ADHESION_VIA_PLASMA_MEMBRANE_ADHESION_MOLECULES,3.5569000000000002,0,GOBP_CELL_CELL_ADHESION_VIA_PLASMA_MEMBRANE_ADHESION_MOLECULES,FALSE,GOBP_CELL_CELL_ADHESION_VIA_PLASMA_MEMBRANE_ADHESION_MOLECULES
28,1.7721132953863299,1.7721132953863299,1.7721132953863299,0.98309999999999997,0.24149999999999999,7.5499999999999998E-2,1,CSNK1E|IFNG|GGA3|IFNGR1|IGF1|LRRTM3|HAP1|PIN1|RTN1|RTN3|SLC2A13|APP|SPON1|FLOT2|ABCG1|EFNA1|ROCK1|RANBP9|ROCK2|ABCA7|PRNP|TMED10|UNC13A|CASP3|AGER|SORL1|RELA|EPHA4|TNF|RTN4|APOE|BIN1|SP1|NTRK2|RTN2|PICALM|ABCA2|EFNA3|LYN|CLU|GSK3A,https://www.gsea-msigdb.org/gsea/msigdb/mouse/geneset/GOBP_REGULATION_OF_AMYLOID_PRECURSOR_PROTEIN_CATABOLIC_PROCESS,41,ENR,GOBP_REGULATION_OF_AMYLOID_PRECURSOR_PROTEIN_CATABOLIC_PROCESS,1.8177000000000001,1.6899999999999998E-2,GOBP_REGULATION_OF_AMYLOID_PRECURSOR_PROTEIN_CATABOLIC_PROCESS,FALSE,GOBP_REGULATION_OF_AMYLOID_PRECURSOR_PROTEIN_CATABOLIC_PROCESS
8,1.80410034759077,1.80410034759077,1.80410034759077,0.98429999999999995,0.1072,8.3400000000000002E-2,1,MAP3K7|BAMBI|NBR1|SOX8|EPHA2|WWTR1|FIGNL1|GLI3|FAM20C|IFI204|GPNMB|LRRC17|H3F3A|BMP2|H3F3B|BMP6|GDF10|HOXA2|IGFBP2|IHH|RORB|TMEM53|SIRT7|WNT4|TOB1|GREM1|DLX5|CEBPD|BMP8A|NPPC|HAND2|SFRP1|IGFBP5|ASF1A|BMPR2|NELL1|SOX11|TRPM4|LGR4|TNFAIP6|VEGFA|HIRA|MYOC|NFATC1|IFITM1|NPNT|BMP4|TWSG1|CHRD|CYP24A1|WNT10B|WNT3A|BGLAP|BGLAP2|PTGER4|PTK2|IPO7|WNT3|WNT7B|AHR|SMAD1|SMAD5|FBN2|SMOC1|ACVR1|ACTN3|MEF2D|AKT1|CCL3|CEBPA|PTH1R|COL11A2|SATB2|FERMT2|BMPR1A|UCMA|FHL2|CTHRC1|GABBR1|MSX2|TMEM119|GJA1|RUNX2|SHOX2|SKI|SMAD6|TRP63|SMO|AREG|MAP2K6|SPP1|RANBP3L|LMNA|NF1|LRP5|BMP7|SEMA4D|IFT80|LTF|ESRRA|MEF2C|SH3PXD2B|NOTCH1|RASSF2|TGFBR3|MAPK11|PPP3CA|FBXO5|GLI1|PRKD1|GLI2|CITED1|ID3|IGFBP3|FNDC3B|DDX5|TMEM64|SMAD3|HDAC5|ACVR2A|TNF|ID1|BMP3|ID4|ILK|MAPK14|A430033K04RIK|ERH|GDPD2|HDAC7|CTNNBIP1|HEMGN|LRP3|NR1I3|PDLIM7|TWIST1|TCIRG1|TRP53INP2|ZHX3|ADAR|SHH|ACVR2B|WWOX|BMPR1B|PPARG|PRKACA|DHH|ZFP932|FGFR1|ENPP1|SMAD4|SOX9|PTHLH|GNAS|DDR2|GSK3B|IGF1|IGF2|IL6ST|CRIM1|ID2|APC|CDK6|JUNB|JUND|PRMT3|ATF4|CLIC1|MEN1|SNAI1|SNAI2|CTNNB1|HDAC8|SCUBE2|HEY1|REST|PENK|FOSL2|AXIN2|CEBPB|NOG|SOX2|COL1A1|WNT11|TWIST2|FZD1|DLK1|FGF9|LOX|PTCH1|FTO|IL6|CBFB|SFRP2|JAG1|CLEC5A|ACHE|CD276|HDAC4|SCUBE3|YAP1|CREB3L1|VEGFC|LIMD1|LEF1|GLIS1|FGF2,https://www.gsea-msigdb.org/gsea/msigdb/mouse/geneset/GOBP_OSTEOBLAST_DIFFERENTIATION,207,ENR,GOBP_OSTEOBLAST_DIFFERENTIATION,1.7876000000000001,1.5699999999999999E-2,GOBP_OSTEOBLAST_DIFFERENTIATION,FALSE,GOBP_OSTEOBLAST_DIFFERENTIATION
16,2.74472749489669,2.74472749489669,2.74472749489669,1,0.16489999999999999,2.3999999999999998E-3,0.124,FANCB|DPF1|DPF2|MAD2L2|DPF3|CDK9|EP400|EPC2|ERCC8|RECQL5|EYA1|FGF10|EYA3|NBN|EYA4|PML|PIAS4|FAM168A|FIGNL1|PNP|FMN2|FOXM1|CBX8|POLQ|HDAC10|OTUB1|HELB|HELQ|PARP3|ING3|SIRT6|INO80|APBB1|INO80B|SETMAR|INO80C|HMGA2|INO80D|RUVBL1|RUVBL2|SPIRE1|KDM4D|KLHL15|MBTD1|MEAF6|MGMT|MORF4L1|MRE11A|NFRKB|KAT5|NUDT16L1|OOEP|SIRT7|RIF1|PHF13|PLK1|RNF168|PPP4C|RNF8|SMCHD1|DHX9|RAD51AP1|TWIST1|TEX15|TOP2B|PBRM1|RNF126|TRIM28|ATM|RNF169|ATR|PELI1|RPA2|PHF10|SENP3|SUV39H1|TAF9|HSF1|SKP2|C1QBP|SPIRE2|STK19|TFPT|TIMELESS|TMEM161A|UBE2V2|UBQLN4|CUL4A|UCHL5|UIMC1|USP1|USP51|WDR48|AGER|PARG|PARP1|SMARCA2|YEATS4|SMARCA4|SMARCB1|SMARCC1|ZCWPW1|SMARCC2|ZFP365|SMARCD1|SMARCD2|ABL1|SMARCD3|SMARCE1|SIRT1|TRP53BP1|EGFR|WAS|ATXN7|PPP4R2|ATXN7L3|TAF2|HMGB1|TAF5|TAF6|TAF7|ENY2|FUS|RAD52|VPS72|RPS3|KAT2A|PRMT1|SUPT7L|TADA1|TADA3|TAF10|TAF12|CEBPG|TAF5L|TAF6L|DMAP1|TRRAP|USP22|OGG1|PCNA|DDX11|CREBBP|ERCC6|EPC1|SETD7|AXIN2|MCRS1|UBE2N|BRCA1|PNKP|POT1A|YY1|POT1B|SETD2|MORF4L2|RTEL1|SF3B3|SF3B5|TERF2IP|WRAP53|KDM1A|EYA2|FH1|ACTB|ACTL6A|ACTL6B|NPAS2|ARID1A|ARID2|RAD51|BLM|BRD7|ACTR2|ACTR5|ACTR8|ATRIP|BARD1|BCL7A|BCL7B|BCL7C|BRCC3|BRD8|PRKDC|CCDC117|CHEK1|XRCC1|CSNK2A1|IER3|KAT2B|DEK,https://www.gsea-msigdb.org/gsea/msigdb/mouse/geneset/GOBP_REGULATION_OF_DNA_REPAIR,191,ENR,GOBP_REGULATION_OF_DNA_REPAIR,2.6303999999999998,0,GOBP_REGULATION_OF_DNA_REPAIR,FALSE,GOBP_REGULATION_OF_DNA_REPAIR
35,1.80134291304558,1.80134291304558,1.80134291304558,0.98419999999999996,0.16009999999999999,4.82E-2,1,NGF|MMD2|RASGRP4|SHOC2|ERBB2|RB1|FGF10|NOTCH1|NOTCH2|SPRY1|PPP2CB|FOXM1|CDK2|RALA|RAPGEF2|RAPGEF3|DGKI|CSF1|DGKZ|SRC|RASGRP3|MAP2K1|KITL|RALB|NTRK1|RABL3|TGFB2|ULK1|RASAL3|DOK1|LZTR1|RASGRP1|DOK2|RASA2|STK19|SPRY4|TNK1|ITPKB|KSR2|ARL6|NRG1|RAPGEF4|RIT2|SYDE2|RRAS2|RABGEF1|SOS1|SOS2|NUP62|PLK2|PICALM|NTN1|IGF1|RAPGEF6|RASGEF1A|BRAP|CNKSR1|PLCE1|DOK3|RALGDS|RALGPS1|KSR1|RALGPS2|RAPGEF5|RAPGEFL1|RASGEF1B|RASGEF1C|RFXANK|RGL1|RSU1|RGL3|RIT1|NRAS|EPHB2|RASA3|ERBB3|ICMT|RASSF1|DHCR24|IQGAP3|RASA4|RASAL1|RASGRF1|RASGRP2|RASGRF2|MAPKAPK5|SH2B2|KRAS|TRP53|STAMBP|SYDE1|FBP1|MFN2|MRAS|USP8|FLCN|TIMP2|GRB2|MAPKAP1|SDCBP|DAB2IP|NF1|SPRY2|CCNA2|CDKN1A|RAPGEF1|LAT,https://www.gsea-msigdb.org/gsea/msigdb/mouse/geneset/GOBP_RAS_PROTEIN_SIGNAL_TRANSDUCTION,107,ENR,GOBP_RAS_PROTEIN_SIGNAL_TRANSDUCTION,1.93,1.5800000000000002E-2,GOBP_RAS_PROTEIN_SIGNAL_TRANSDUCTION,FALSE,GOBP_RAS_PROTEIN_SIGNAL_TRANSDUCTION
7,2.74472749489669,2.74472749489669,2.74472749489669,1,0.1948,1E-3,3.5000000000000003E-2,DLG5|HHAT|IFT81|DISP1|PAX6|TCTN1|HES5|RAB34|FOXA1|IFT80|FGFR3|RB1|FGF10|POR|SUFU|GLI3|GLI1|GLI2|TTBK2|FKBP8|IHH|EXT1|HERC4|HHIP|KCTD21|KCTD6|TMED2|KIF7|KCTD11|VCP|ARL13B|STIL|NME7|NKX2-2|C2CD3|UBR5|B9D1|IQCE|CC2D2A|CHSY1|TMEM231|SHH|CLUAP1|GAS8|MKS1|IFT46|SFRP1|UCHL5|HSPG2|ARL6|PRKACA|SERPINE2|MAP3K10|STK36|DHH|ROR2|ULK4|DYRK2|ENPP1|RAB23|MEGF8|NDST1|TGFBR2|RORA|CD3E|ZFP423|FOXA2|WDR11|CHRD|HIPK1|DZIP1L|TCTN2|WNT10B|NSDHL|SSNA1|ARL3|FUZ|GORAB|WNT7B|PRRX1|CTNNA1|GPR37L1|GPC2|HIPK2|DYNC2H1|FBXL17|TTC21B|FGFR2|GPC3|PRRX2|TMEM17|GLIS2|PTTG1|SCUBE2|BBS7|HES1|PDX1|CDON|IFT27|2700049A03RIK|DISP2|CDK20|EVC2|KIF3A|PTPDC1|ISL1|TCTN3|IFT20|IFT88|GAS1|NOG|IFT172|IFT52|IFT140|TULP3|PRKACB|WDR19|TUBA1A|IFT122|TRAF3IP1|WDPCP|FGF9|RPGRIP1L|RUNX2|SHOX2|SALL1|NKX6-1|SALL3|PDCL|SMO|WNT9A|PTCH1|EVC|INTU|MGRN1|BOC|EFCAB7|NDP|ULK3|ZIC1|ARMC9|SCUBE1|SCUBE3|IFT57|TTC23|TUBD1|TXNDC15|PTCHD1|DZIP1,https://www.gsea-msigdb.org/gsea/msigdb/mouse/geneset/GOBP_SMOOTHENED_SIGNALING_PATHWAY,149,ENR,GOBP_SMOOTHENED_SIGNALING_PATHWAY,2.8065000000000002,0,GOBP_SMOOTHENED_SIGNALING_PATHWAY,FALSE,GOBP_SMOOTHENED_SIGNALING_PATHWAY
1,2.09151498112135,2.09151498112135,2.09151498112135,0.9919,0.1047,4.3400000000000001E-2,1,MAP3K7|ATG14|CISD2|BECN1|CLEC16A|DNM1L|FBXL4|RNF31|UBE2A|HERC1|PRKAA1|DRAM2|PRKAA2|PPTC7|TBK1|ADRA1A|GNAI3|TLR2|MTDH|RPTOR|SMCR8|WDR41|STAT3|LRRK2|MAP2K1|PYCARD|KAT5|RIPK2|NAMPT|WDR6|RAB8A|CTTN|STK11|DDIT3|BCL2L11|FOXO1|MTMR9|GATA4|TSC1|RNF41|USP36|IGTP|IRGM2|RAB12|NLRP6|TNFAIP3|KDM4A|SVIP|ADRB2|CTSA|ORMDL3|TRIM27|PLK2|TICAM1|ATG5|RNF5|BCL2|ZC3H12A|TSC2|PAFAH1B2|TPCN1|TPCN2|XBP1|TREM2|TSPO|PTK2|ROCK1|PIK3R2|PIK3C2A|PIK3C3|PIK3R4|STUB1|PIP4K2A|PIP4K2B|DAPK1|PIP4K2C|WAC|AKT1|ATG7|ATP13A2|BID|ATG16L1|ERCC4|RASIP1|FBXL2|BMF|BNIP3|MAPK15|BNIP3L|BOK|STK38L|TBC1D14|TRIM21|DCN|RRAGC|BAG3|SH3GLB1|FBXO7|FBXW7|USP13|ENDOG|USP20|IKBKB|FEZ1|ITGB1|GFAP|SPTLC1|SPTLC2|TRIM32|USP33|HDAC6|SMO|UVRAG|HTRA2|TOMM7|HUWE1|VDAC1|QSOX1|ATP6V0A1|KDR|ZMPSTE24|ATF6|ULK3|CCNY|MAPT|MCL1|RNF152|SESN1|SQSTM1|TRP53INP1|SNX4|ACER2|GPSM1|MTM1|CSNK2A1|MUL1|RAB3GAP1|EHMT2|ITGA5|TMEM39A|PARL|MID2|ELAVL1|PIM2|GPR137|TRIM13|GPR137B|TRIM8|NOD2|POLDIP2|NUPR1|RAB39B|MEFV|PRKD1|PINK1|PTPN22|FKBP8|SNCA|SESN2|LRSAM1|RAB3GAP2|TFEB|RALB|SNX18|LYPLA1|SNX30|SNX7|TMEM59|USP30|CISD1|VPS13C|VPS13D|DEPTOR|IFNG|SESN3|TRIM65|ATM|IL4|TLR9|ULK1|ULK2|SCOC|SLC25A4|MFSD8|CDK5RAP3|SLC25A5|UBQLN1|WNK1|UBQLN4|NPRL3|AGER|CHMP4B|SLC35D3|CHUK|ADCY10|ATG12|ATG2A|SIRT1|SIRT2|SREBF1|FN1|GSK3A|GSK3B|FYCO1|NRBP2|HMGB1|PHF23|TRIB3|TBC1D25|UBR4|TECPR1|TOM1|CDK16|DEPDC5|IRGQ|NPRL2|RRAGA|PLEKHF1|FEZ2|KEAP1|TRIM23|SEC22B|DRAM1|LEPR|XPA|MTOR|RUFY4|SLC7A5|MAPK3|CLN3|MAPK8|RRAGB|SH3BP4|NPC1|HTT|IL10RA|HSPB8|ZKSCAN3|DCAF12|PLK3|RRAGD|CASP1|RB1CC1|SETD2|TRP53|CDC37|WDR45|WIPI1|FOXO3|SCFD1|DAP|WDR24|USP10|AMBRA1|EIF4G1|EIF4G2|EP300|FLCN|IIGP1|FOXK1|IKBKG|FOXK2|IL10|GOLGA2|IRGM1|EIF2AK1|HMOX1|HIF1A|KLHL22|HK2|LARP1|UBQLN2|LAMP3|NOD1|OPTN|DAPL1|MLST8|ATG13|DDRGK1,https://www.gsea-msigdb.org/gsea/msigdb/mouse/geneset/GOBP_REGULATION_OF_AUTOPHAGY,279,ENR,GOBP_REGULATION_OF_AUTOPHAGY,1.9607000000000001,8.0999999999999996E-3,GOBP_REGULATION_OF_AUTOPHAGY,FALSE,GOBP_REGULATION_OF_AUTOPHAGY
57,2.67778070526608,2.67778070526608,2.67778070526608,0.99790000000000001,0.18229999999999999,5.1999999999999998E-3,0.38600000000000001,MMP11|CDS1|SH3PXD2B|WWTR1|ZFP36L1|ASXL1|PPARD|RARRES2|CMKLR1|FBN1|SIRT6|ATAT1|BMP2|FNDC3B|TMEM64|SMAD3|GPS2|MKX|TNF|FRZB|INSIG1|TRPV4|NAPEPLD|NCOR2|ALMS1|TFE3|ID4|LPL|SULT1E1|MAPK14|CCDC3|RORC|LRP3|DDIT3|HTR2C|NUCB2|CCDC85B|SYAP1|ZFP36|BBS12|FOXO1|ADIPOQ|SFRP1|PRDM16|PPARG|SOD2|ZBTB7C|HNRNPU|PTGS2|STK3|STK4|SIRT1|MEX3C|SIRT2|SOX13|TRPM4|ENPP1|TAF8|VSTM2A|GNB3|TRIO|VEGFA|RORA|ZBTB7B|ZC3H12A|TRIB3|IGF1|JDP2|ID2|WNT10B|TGFB1|WNT3A|SLC7A10|XBP1|CREB1|DKKL1|MTOR|ZFP36L2|NR1D1|ALOX5|RUNX1T1|SNAI2|RREB1|DUSP10|ZFP385A|CARM1|CREBL2|AKT1|WDFY2|WIF1|HES1|ANKRD26|PIM1|DLK2|TGFB1I1|AXIN2|CEBPB|IFT88|TRIB2|CEBPA|KLF5|TCF7L2|FERMT2|UCHL3|SORT1|WNT5A|MECOM|ASXL2|MSX2|DLK1|WNT1|ZFPM2|SIX1|DACT1|HDAC6|LRP6|ZBTB16|FLCN|FTO|TPH1|ADIG|AXIN1|SFRP2|FNDC5|JAG1|LPIN1|METRNL|SAV1|E2F1|GDF3|LRP5|GATA2|YAP1|BMP7|WNT5B,https://www.gsea-msigdb.org/gsea/msigdb/mouse/geneset/GOBP_REGULATION_OF_FAT_CELL_DIFFERENTIATION,135,ENR,GOBP_REGULATION_OF_FAT_CELL_DIFFERENTIATION,2.4636,2.0999999999999999E-3,GOBP_REGULATION_OF_FAT_CELL_DIFFERENTIATION,FALSE,GOBP_REGULATION_OF_FAT_CELL_DIFFERENTIATION
21,2.74472749489669,2.74472749489669,2.74472749489669,1,0.39319999999999999,1.1299999999999999E-2,0.79700000000000004,KIF1C|UNC13B|TRIM46|P2RX7|STXBP1|SYT4|KIF1A|MECP2|KIF1B|UNC13C|PPFIA2|KIF5A|TANC2|UNC13D|STXBP2|SYBU|BAIAP3|MAPK8|RAB3A|UNC13A|KIF5B|SNAP25|CADPS|CADPS2,https://www.gsea-msigdb.org/gsea/msigdb/mouse/geneset/GOBP_DENSE_CORE_GRANULE_LOCALIZATION,24,ENR,GOBP_DENSE_CORE_GRANULE_LOCALIZATION,2.2930999999999999,0,GOBP_DENSE_CORE_GRANULE_LOCALIZATION,FALSE,GOBP_DENSE_CORE_GRANULE_LOCALIZATION
5,2.67778070526608,2.67778070526608,2.67778070526608,0.99790000000000001,0.22359999999999999,4.2500000000000003E-2,1,GRHL3|GABRB3|MYO3B|VANGL2|ADAM10|FGFR3|MYO7A|EYA1|MCM2|ZEB1|GLI2|SLITRK6|GABRB2|SLC17A8|DCHS1|EPHA4|TBX2|HOXA1|TBX1|FRZB|HES1|TIFAB|IFT27|HPN|DVL3|IFT20|IFT88|TSHR|OCM|PTK7|KCNK3|CTHRC1|WNT5A|CDH23|PAX2|FZD2|HEY2|PAFAH1B1|RPGRIP1L|SIX1|KCNK2|CDH1|DVL2|TBX18|GATA3|GATA2|SOBP|DVL1|ATP2B2|KCNQ1|CCNA2|CECR2|RAC1|SOX9|CALB1|PSAP,https://www.gsea-msigdb.org/gsea/msigdb/mouse/geneset/GOBP_COCHLEA_DEVELOPMENT,56,ENR,GOBP_COCHLEA_DEVELOPMENT,1.9729000000000001,2.0999999999999999E-3,GOBP_COCHLEA_DEVELOPMENT,FALSE,GOBP_COCHLEA_DEVELOPMENT
28,1.74714696902011,1.74714696902011,1.74714696902011,0.98209999999999997,0.25869999999999999,7.7700000000000005E-2,1,CSNK1E|IFNG|GGA3|IFNGR1|IGF1|LRRTM3|HAP1|PIN1|RTN1|RTN3|SLC2A13|SPON1|ABCG1|EFNA1|ROCK1|ROCK2|ABCA7|PRNP|TMED10|CASP3|SORL1|RELA|EPHA4|TNF|RTN4|APOE|BIN1|SP1|NTRK2|RTN2|PICALM|ABCA2|CLU|GSK3A,https://www.gsea-msigdb.org/gsea/msigdb/mouse/geneset/GOBP_REGULATION_OF_AMYLOID_BETA_FORMATION,34,ENR,GOBP_REGULATION_OF_AMYLOID_BETA_FORMATION,1.8109,1.7899999999999999E-2,GOBP_REGULATION_OF_AMYLOID_BETA_FORMATION,FALSE,GOBP_REGULATION_OF_AMYLOID_BETA_FORMATION
1,2.74472749489669,2.74472749489669,2.74472749489669,1,0.54510000000000003,3.5000000000000001E-3,0.214,RAB11A|CHMP7|SNF8|VPS4A|RAB27A|CHMP1A|CHMP1B|CHMP2A|CHMP2B|CHMP3|CHMP4C|CHMP5|CHMP6|VPS4B|CHMP4B,https://www.gsea-msigdb.org/gsea/msigdb/mouse/geneset/GOBP_MULTIVESICULAR_BODY_ORGANIZATION,15,ENR,GOBP_MULTIVESICULAR_BODY_ORGANIZATION,2.5606,0,GOBP_MULTIVESICULAR_BODY_ORGANIZATION,FALSE,GOBP_MULTIVESICULAR_BODY_ORGANIZATION
8,2.74472749489669,2.74472749489669,2.74472749489669,1,0.1706,9.4000000000000004E-3,0.71799999999999997,SEMA4D|LTF|ESRRA|BAMBI|NBR1|MEF2C|NOTCH1|RASSF2|PPP3CA|WWTR1|FBXO5|GLI3|FAM20C|IFI204|GLI1|PRKD1|CITED1|ID3|BMP2|FNDC3B|BMP6|GDF10|HOXA2|DDX5|TMEM64|SMAD3|HDAC5|RORB|TMEM53|ACVR2A|TNF|ID1|WNT4|ILK|TOB1|GREM1|DLX5|A430033K04RIK|CEBPD|GDPD2|HDAC7|CTNNBIP1|HEMGN|LRP3|PDLIM7|TWIST1|TCIRG1|ZHX3|NPPC|ACVR2B|HAND2|SFRP1|IGFBP5|BMPR1B|PPARG|PRKACA|BMPR2|NELL1|ZFP932|SOX11|FGFR1|TRPM4|SOX9|TNFAIP6|VEGFA|GNAS|NFATC1|DDR2|IFITM1|NPNT|GSK3B|BMP4|TWSG1|IGF1|CHRD|IL6ST|CRIM1|ID2|APC|WNT10B|CDK6|JUND|PRMT3|PTGER4|PTK2|ATF4|IPO7|WNT3|WNT7B|CLIC1|AHR|MEN1|SMAD1|SMAD5|SNAI2|FBN2|SMOC1|ACVR1|CTNNB1|HDAC8|SCUBE2|HEY1|REST|AXIN2|CEBPB|CEBPA|NOG|FERMT2|BMPR1A|SOX2|UCMA|CTHRC1|TWIST2|FZD1|MSX2|TMEM119|DLK1|RUNX2|SKI|SMAD6|TRP63|PTCH1|AREG|IL6|RANBP3L|SFRP2|LMNA|JAG1|LRP5|CD276|HDAC4|SCUBE3|YAP1|VEGFC|LIMD1|BMP7|FGF2,https://www.gsea-msigdb.org/gsea/msigdb/mouse/geneset/GOBP_REGULATION_OF_OSTEOBLAST_DIFFERENTIATION,137,ENR,GOBP_REGULATION_OF_OSTEOBLAST_DIFFERENTIATION,2.3306,0,GOBP_REGULATION_OF_OSTEOBLAST_DIFFERENTIATION,FALSE,GOBP_REGULATION_OF_OSTEOBLAST_DIFFERENTIATION
69,2.6989700043360201,2.6989700043360201,2.6989700043360201,0.998,0.32750000000000001,3.61E-2,1,FOXA2|CHRD|LHX1|GATA4|WNT5A|ACVR2B|DACT1|LRP6|PRICKLE1|UGDH|NSD1|ACVR1|CTNNB1|ETS2|AMOT|HHEX|ACVR2A|RNF2|GDF3|LRP5|CRB2|SMAD4|FRS2|MEGF8|SRF|LDB1|NAT8|ZBTB17,https://www.gsea-msigdb.org/gsea/msigdb/mouse/geneset/GOBP_GASTRULATION_WITH_MOUTH_FORMING_SECOND,28,ENR,GOBP_GASTRULATION_WITH_MOUTH_FORMING_SECOND,2.0215999999999998,2E-3,GOBP_GASTRULATION_WITH_MOUTH_FORMING_SECOND,FALSE,GOBP_GASTRULATION_WITH_MOUTH_FORMING_SECOND
68,1.8569851997459099,1.8569851997459099,1.8569851997459099,0.98609999999999998,0.33839999999999998,6.7799999999999999E-2,1,DLG5|STRN3|MOB4|SRC|CIT|SIKE1|STRN4|MAP2K3|SHANK2|PPP2R1A|SIRT1|PPP2CA|SLMAP|VCP|MAPK14|LIMD1|MARK3|WWC1|WWC2|VGLL4|WTIP,https://www.gsea-msigdb.org/gsea/msigdb/mouse/geneset/GOBP_NEGATIVE_REGULATION_OF_HIPPO_SIGNALING,21,ENR,GOBP_NEGATIVE_REGULATION_OF_HIPPO_SIGNALING,1.8445,1.3899999999999999E-2,GOBP_NEGATIVE_REGULATION_OF_HIPPO_SIGNALING,FALSE,GOBP_NEGATIVE_REGULATION_OF_HIPPO_SIGNALING
2,2.74472749489669,2.74472749489669,2.74472749489669,1,0.4249,8.0000000000000004E-4,2.3E-2,PCDHGC3|CDH3|CDH4|ATP2C1|CDH17|CDH8|CDH16|PCDH1|CDH23|PCDH18|CDH15|PCDHGA12|CDH19|CDH22|CDH24|CDH7|PCDH12|CDH5|CDH1|NLGN1|NRXN1|KIFAP3|CDH10|CDH6|CDH9|CDH2|SELL|SELP|ARVCF|CDH13|CDH11,https://www.gsea-msigdb.org/gsea/msigdb/mouse/geneset/GOBP_CALCIUM_DEPENDENT_CELL_CELL_ADHESION_VIA_PLASMA_MEMBRANE_CELL_ADHESION_MOLECULES,31,ENR,GOBP_CALCIUM_DEPENDENT_CELL_CELL_ADHESION_VIA_PLASMA_MEMBRANE_CELL_ADHESION_MOLECULES,2.8717999999999999,0,GOBP_CALCIUM_DEPENDENT_CELL_CELL_ADHESION_VIA_PLASMA_MEMBRANE_CELL_ADHESION_MOLECULES,FALSE,GOBP_CALCIUM_DEPENDENT_CELL_CELL_ADHESION_VIA_PLASMA_MEMBRANE_CELL_ADHESION_MOLECULES
29,2.1079053973095201,2.1079053973095201,2.1079053973095201,0.99219999999999997,0.2253,4.6600000000000003E-2,1,OPHN1|LHX1|NFIX|HSPA5|HERC1|OGDH|SEZ6|GLI1|GLI2|DLL1|AGTPBP1|TTBK2|SLC25A46|TTC21B|TRNP1|NRXN1|ATG7|ATP7A|MAP2K1|KIF14|FOXP2|PTPN11|UQCRQ|FKTN|MDK|CDK5|USP9X|CACNA1A|CNTNAP2|ATXN2|WHRN|PCNT|ULK1|EZH2|TUBA1A|NAGLU|CLP1|B4GALT2|SEZ6L|SEZ6L2|SMO|MYH10|SERPINE2|ZFP365|TTLL1|ARCN1|MTPN|COMT|DIXDC1|PROX1|ATP2B2|LDB1|FAIM2|RORA|CEND1|PSAP|RERE,https://www.gsea-msigdb.org/gsea/msigdb/mouse/geneset/GOBP_CEREBELLAR_CORTEX_DEVELOPMENT,57,ENR,GOBP_CEREBELLAR_CORTEX_DEVELOPMENT,1.9402999999999999,7.7999999999999996E-3,GOBP_CEREBELLAR_CORTEX_DEVELOPMENT,FALSE,GOBP_CEREBELLAR_CORTEX_DEVELOPMENT
1,2.4089353929735,2.4089353929735,2.4089353929735,0.99609999999999999,0.16070000000000001,3.2399999999999998E-2,1,ATG4A|ATG4B|ATG4C|UBXN2A|ATG4D|TMEM39A|ATG9B|ATG14|EFNB1|BECN1|GABARAP|ELAVL1|GABARAPL2|LRBA|STX17|RAB33A|RAB33B|NUPR1|PSEN1|PINK1|SMCR8|TBC1D12|RNF186|STX12|ATP2A2|LRRK2|DNAJC16|LRSAM1|RAB3GAP2|RALB|SNX18|SNX30|SNX7|TCIRG1|TRP53INP2|ULK1|ULK2|MTMR3|ZFYVE26|UBQLN1|VMP1|ARFIP2|GM12250|IGTP|CTSD|IRGM2|AP4M1|PIKFYVE|RAB43|RAB1B|NSFL1C|UBXN2B|ATG12|ATG2A|TRAF6|ATG2B|ATG3|PACS2|RAB23|GABARAPL1|SMURF1|ATG5|RNF5|PHF23|TOM1|9930111J21RIK1|F830016B08RIK|IRGQ|GM12185|GM4841|FEZ2|GM5431|SEC22B|IFI47|MTOR|RUFY4|MAP1LC3A|CLN3|MAP1LC3B|PIK3C2A|PIK3C2B|SYNPO2|PIK3C3|RAB7|PIP4K2A|EPHB2|PIP4K2B|PIP4K2C|ATG7|ATP13A2|ATG16L1|ATG16L2|TMEM41B|RB1CC1|IFT20|IFT88|STBD1|ATG9A|TBC1D14|WDR45|WIPI1|WIPI2|SCFD1|SH3GLB1|SPG11|FEZ1|TRIM32|AMBRA1|TGTP2|MFN2|TGTP1|IIGP1|IRGM1|ULK3|RAB19|UBQLN2|TRP53INP1|SNX4|MTM1|CHEK2|ATG10|RAB3GAP1|ATG13|EHMT2,https://www.gsea-msigdb.org/gsea/msigdb/mouse/geneset/GOBP_AUTOPHAGOSOME_ORGANIZATION,124,ENR,GOBP_AUTOPHAGOSOME_ORGANIZATION,2.0489999999999999,3.8999999999999998E-3,GOBP_AUTOPHAGOSOME_ORGANIZATION,FALSE,GOBP_AUTOPHAGOSOME_ORGANIZATION
7,1.82681373158773,1.82681373158773,1.82681373158773,0.98509999999999998,0.28499999999999998,8.1900000000000001E-2,1,BMP4|RIPPLY3|TGFB2|BMPR1A|ECE1|EYA1|NKX2-5|SIX1|PTCH1|PLXNA2|BMP5|ACVR1|HOXA2|SMARCA4|BMPR2|EDNRA|TBX2|TBX1|HES1|TGFBR1|GATA3|FOLR1|SIX4|ISL1|MEGF8|BMP7|NOG|EDN1,https://www.gsea-msigdb.org/gsea/msigdb/mouse/geneset/GOBP_PHARYNGEAL_SYSTEM_DEVELOPMENT,28,ENR,GOBP_PHARYNGEAL_SYSTEM_DEVELOPMENT,1.7926,1.49E-2,GOBP_PHARYNGEAL_SYSTEM_DEVELOPMENT,FALSE,GOBP_PHARYNGEAL_SYSTEM_DEVELOPMENT
14,1.73282827159699,1.73282827159699,1.73282827159699,0.98150000000000004,0.20749999999999999,9.6100000000000005E-2,1,PAX6|SLC4A7|TRPM1|NOTCH1|SOX8|FSCN2|NR2E3|CEP290|OLFM3|PPP2R3A|RPGRIP1|BBS4|SAMD11|AHI1|CABP4|AGTPBP1|THRB|CASZ1|GNAT1|GABRR2|IHH|PRDM1|GNGT1|STAT3|RORB|ALMS1|PRKCI|RDH13|USH1C|CRB2|ROM1|TULP1|CFH|THY1|PROM1|BBS10|RPGR|TTC8|NAGLU|GNAT2|RPGRIP1L|DIO3|PTN|SDK2|DSCAM|NDP|NTRK2|POC5|PDGFB|SOX9|VEGFA|TH,https://www.gsea-msigdb.org/gsea/msigdb/mouse/geneset/GOBP_EYE_PHOTORECEPTOR_CELL_DIFFERENTIATION,52,ENR,GOBP_EYE_PHOTORECEPTOR_CELL_DIFFERENTIATION,1.7432000000000001,1.8499999999999999E-2,GOBP_EYE_PHOTORECEPTOR_CELL_DIFFERENTIATION,FALSE,GOBP_EYE_PHOTORECEPTOR_CELL_DIFFERENTIATION
56,2.74472749489669,2.74472749489669,2.74472749489669,1,0.16520000000000001,1E-4,1E-3,GAB1|SLC39A12|NRP1|ADAM10|SEMA5A|PGK1|SMOC2|SERPINE1|EPHA2|SHC1|STAT1|EFNA1|TNFRSF12A|CCR3|STAB1|PPP1R15A|MTDH|SIRT6|HSPB1|STARD13|SASH1|HMGA2|PRKCB|STAT3|CXCR2|PRKD2|ECM1|TGFBR1|WNT4|GREM1|BTG1|AKT3|MDK|SEMA4A|ITGB2|ITGB2L|DSG2|PAK4|PIK3R6|FLT1|GATA4|GHRL|CYSLTR1|RUNX1|SH2B3|NINJ1|PLG|JUP|AMOT|ANGPT2|PTN|KLF4|ABL1|ADRB2|ECSCR|RTN4|ADAM12|SPARC|AGTR1A|ATP2B4|HTATIP2|PLK2|APLNR|TGFBR2|THBS4|VEGFA|ZC3H12A|ANGPTL7|SEMA3E|ITGAX|PDE3B|TGFB1|XBP1|PRKCA|F3|PTGER4|EPHA1|ROCK1|FUT1|ROCK2|TCF4|RNH1|ADM|ACVRL1|AGT|ALOX5|SMAD1|DDAH1|RRAS|PIK3CB|CXCR3|PIK3CD|PIK3CG|SEC1|HIPK2|NRAS|PDCL3|SULF1|TLR3|C3|ATF2|GTF2I|PLCG1|TBXA2R|APOH|ANGPTL3|ABCC8|CAMP|KRIT1|CCL11|CCL2|CCL24|BRCA1|FYN|VEGFB|CCL5|FOXJ2|CEACAM1|CCR2|DCN|CD36|CD59A|CD34|EPN1|CYP1B1|ITGB1|ITGB3|PXN|RAMP2|RECK|CXCL10|IL1A|CXCL12|UTS2R|HGF|KDR|DAB2IP|FBLN5|NF1|GATA6|RHOB|GATA2|SP100|HC|PPP1R16B|EFNA3|FKBPL|HRG|IL1B|NOS3|ETS1|MMP9|ITGA5|LRG1|LGALS3|PDPK1|PML|THBS2|SLC12A2|PF4|PRKD1|HSPB6|FASL|PTK2B|PTPN6|DLL1|RAPGEF3|CYSLTR2|HHEX|TNF|FOXO4|HHIP|SP1|ID1|CCM2|NTRK1|OPTC|STIM1|TGFB2|JMJD8|PDCD10|ADM2|SHH|EGLN1|HOXA5|ADD1|E2F2|WNK1|CDH5|MAPK7|PPARG|PTGIS|HGS|TSPAN12|C3AR1|FGF1|SIRT1|HYAL1|CYBB|CD160|NOTCH4|SPHK1|RHOJ|TGM2|TNMD|CD40|TNFRSF1A|SYNJ2BP|HMGB1|IGF2|ADAMTS1|JAK1|GLUL|BMPER|CTSH|ITGB8|CLIC3|CX3CR1|PGF|CLDN5|COL4A3|ADAMTS9|EMP2|CRHR2|CTNNB1|NFE2L2|CXCR4|ERAP1|THBS1|NGP|MECP2|SEMA6A|TIE1|GPR4|KLF2|PDCD6|ANXA3|AQP1|C5AR1|ISL1|SERPINF1|WARS2|H2-M3|PLXND1|TEK|EMILIN1|EMILIN2|GADD45A|TSPAN18|WNT5A|ENG|NGFR|SPRED1|GRN|LIF|FOXC1|PTPRM|VASH1|VASH2|IL10|RELA|EPN2|COL4A2|ZFP354C|SFRP2|CCBE1|HMOX1|SPRY2|HIF1A|TJP1|HK2|CREB3L1|S100A1|VEGFC|ISM1|CMA1|AGGF1|CELA1|CHI3L1|FGF18|FOXC2|FGF2,https://www.gsea-msigdb.org/gsea/msigdb/mouse/geneset/GOBP_REGULATION_OF_VASCULATURE_DEVELOPMENT,282,ENR,GOBP_REGULATION_OF_VASCULATURE_DEVELOPMENT,3.2694000000000001,0,GOBP_REGULATION_OF_VASCULATURE_DEVELOPMENT,FALSE,GOBP_REGULATION_OF_VASCULATURE_DEVELOPMENT
14,1.6143937264016901,1.6143937264016901,1.6143937264016901,0.97570000000000001,0.2177,6.88E-2,1,BBS1|PAX6|TRPM1|NPHP4|ARL3|FSCN2|NR2E3|CEP290|OLFM3|RPGRIP1|BBS4|SAMD11|AHI1|CABP4|THRB|GNAT1|GABRR2|PRDM1|GNGT1|RORB|ALMS1|PRKCI|RDH13|USH1C|CRB2|ROM1|IFT20|TUG1|TULP1|CFH|IFT140|THY1|RPGR|TMEM67|NAGLU|GNAT2|RPGRIP1L|CNGB1|CDHR1|FAM151B|DIO3|NTRK2|MFSD2A|POC5|PDGFB|VEGFA|RABL2|TH|NPHP1,https://www.gsea-msigdb.org/gsea/msigdb/mouse/geneset/GOBP_PHOTORECEPTOR_CELL_DEVELOPMENT,49,ENR,GOBP_PHOTORECEPTOR_CELL_DEVELOPMENT,1.8389,2.4299999999999999E-2,GOBP_PHOTORECEPTOR_CELL_DEVELOPMENT,FALSE,GOBP_PHOTORECEPTOR_CELL_DEVELOPMENT
21,2.0861861476162802,2.0861861476162802,2.0861861476162802,0.99180000000000001,0.20169999999999999,4.9200000000000001E-2,1,SYNJ1|NLGN3|AP3B2|AP3M2|KIF1A|SNAPIN|DNM2|KIF5A|KIF5C|KIFC2|RAB3A|DNM3|PCLO|PTEN|BSN|CNIH2|AP3B1|CTNNB1|NLGN1|SYN3|SNCA|SYT4|FGFR2|NRXN1|MADD|NLGN2|SNAP91|LRRK2|BLOC1S1|CDH2|PCDH17|BLOC1S2|MX2|KIF5B|CDK5|TRIM46|SPG11|DPYSL2|DTNBP1|LIN7A|LIN7B|LIN7C|TOR1A|AP1S2|SLC2A4|AP3M1|AP3S1|AP3S2|BTBD8|CTBP1|AP3D1|DNM1|SYN2|BLOC1S3|KIF1B|SYN1|MAGI2|PICALM|BCL2L1|ARF1|MYLK2|PDZD11|RAB3GAP1,https://www.gsea-msigdb.org/gsea/msigdb/mouse/geneset/GOBP_SYNAPTIC_VESICLE_LOCALIZATION,63,ENR,GOBP_SYNAPTIC_VESICLE_LOCALIZATION,1.9257,8.2000000000000007E-3,GOBP_SYNAPTIC_VESICLE_LOCALIZATION,FALSE,GOBP_SYNAPTIC_VESICLE_LOCALIZATION
4,2.74472749489669,2.74472749489669,2.74472749489669,1,0.1103,2.3599999999999999E-2,0.995,EDEM2|OXCT1|P2RX7|RAB34|PFKFB2|DNM1L|TM9SF4|ARHGEF5|GLI3|TMEM132A|PSMD9|ORAI1|PSEN1|CDC42|TLR2|HCFC1|TLR4|SIRT6|TMEM30A|UNC13B|APBB1|HDAC3|HNF1A|SRC|PRKCB|PRKCD|PRKCQ|PRKCZ|SERP1|C1QTNF3|MAPK1|RBP4|CD38|ABAT|CHRM3|NADK|TPR|SEC24A|TMEM97|IER3IP1|TRIM28|UBR5|XPO4|ATP2C1|C2CD2L|EIF3E|F2RL1|GHRL|PRR5L|RAPGEF4|JUP|PPIA|ANP32B|MYH9|APOE|OSBP|AKAP5|SOX4|TRPM4|BAD|RAN|AACS|ARF1|ASPH|NMU|ZC3H12A|CACNA1C|CACNA1D|TRPM2|TGFB1|TRPM5|ACSL3|XBP1|ACSL4|BGLAP2|F2RL2|TREM2|PTGER4|SEC16B|TMEM30B|CFTR|PIK3R2|AGT|ANG|COMMD1|GNA11|PIK3R1|SORL1|ATG7|ATP13A2|NLGN2|OAZ2|ABCC8|CDK1|ADORA2A|FLNA|CAPN10|BRCA1|ZFP384|CASR|GLUD1|GPR39|ZFAND1|BAG3|BCAP31|CD81|IL13|GJA1|PTPN5|BAIAP3|ARRB1|IL1A|GOLPH3|SMO|LRP2|MLXIPL|LRRC8A|A1CF|F2|CAMK1|ARF6|FGA|FGB|NR0B2|KCNN4|RFX6|SYBU|STX4A|SNAP25|ANKRD1|VAMP8|CAMK2N1|DYNLL1|OAZ1|PDCD5|PCK2|MYRIP|WIPF1|PPP3CB|PRKCE|PRKD1|PLA2G6|PPARD|HCLS1|PTPN22|EMD|RAPGEF3|SFN|SIRT3|TNF|MAPK14|PCM1|APBB3|B3GAT3|NNAT|STIM1|TM7SF3|RUFY3|PPID|VPS35|NR1H2|IFNG|TGFB2|FFAR2|HNRNPM|PDCD10|KIF20B|TRPC1|SHH|CTDSPL2|ABCG1|ADAM9|SLC2A2|VAMP2|ANXA7|YWHAE|BSG|PPM1A|PPARG|PRKACA|MYH10|CDH1|SLC35D3|MYOM1|GOLPH3L|PTGS2|NCOA6|CAMK4|SIRT1|PRKAR1A|ECT2|PLCB1|EGFR|GCK|GNAS|TTN|GSK3B|TNFRSF1A|ZDHHC2|DCTN1|GIPR|IGF1|GPLD1|LRP1|INS1|INS2|ANO1|IRS2|PTBP1|VPS28|LEPR|GLUL|CLN3|TMED10|MDM2|PFKM|CASK|CEP290|RBM22|CHRM1|DMAP1|HSP90AA1|HSP90AB1|GCG|GLP1R|MMP13|GNAQ|PCSK1|PLK3|PDX1|FGG|ERGIC3|IPO5|KIF3A|NR1H4|ISL1|ITPR1|BLK|UCN3|KIF5B|TCF7L2|SLC30A8|PCNT|MYO18A|FRMD4A|TEK|TGFB3|APP|CD2AP|NUTF2|PARD6A|GPR68|GAS6|NKX6-1|EXPH5|HYAL2|EP300|DOC2B|FTO|IL6|TARDBP|EFCAB7|UACA|SYTL4|VSNL1|ZIC1|JAK2|PTPN23|MAVS|PGRMC1|HIF1A|TSG101|RAC1|WLS|VEGFC|PRPF4B|CNST|EDEM1,https://www.gsea-msigdb.org/gsea/msigdb/mouse/geneset/GOBP_POSITIVE_REGULATION_OF_PROTEIN_TRANSPORT,278,ENR,GOBP_POSITIVE_REGULATION_OF_PROTEIN_TRANSPORT,2.1274999999999999,0,GOBP_POSITIVE_REGULATION_OF_PROTEIN_TRANSPORT,FALSE,GOBP_POSITIVE_REGULATION_OF_PROTEIN_TRANSPORT
1,2.0969100130080598,2.0969100130080598,2.0969100130080598,0.99199999999999999,0.36170000000000002,4.2900000000000001E-2,1,CHMP7|KIF20A|MITD1|VPS4A|ZFYVE19|AURKB|CHMP1A|MTMR4|CHMP1B|CHMP2A|CHMP2B|CHMP3|CHMP4C|CHMP5|CHMP6|VPS4B|CEP55|STX2|PDCD6IP|CHMP4B,https://www.gsea-msigdb.org/gsea/msigdb/mouse/geneset/GOBP_MIDBODY_ABSCISSION,20,ENR,GOBP_MIDBODY_ABSCISSION,1.97,8.0000000000000002E-3,GOBP_MIDBODY_ABSCISSION,FALSE,GOBP_MIDBODY_ABSCISSION
34,2.74472749489669,2.74472749489669,2.74472749489669,1,0.10879999999999999,2.7199999999999998E-2,1,NRP1|NEURL1A|DNM1L|PLXNB3|ARHGAP32|CDH4|CDKL5|GOLGA4|SEMA5A|SKIL|ISLR2|MYO5B|SOX8|TNFRSF12A|ZFYVE27|GLI3|PLXNB2|PRKCH|TLR2|RPL4|BMP2|HDAC1|MAP2K2|CLCN2|MAP2K1|MFN1|MUP20|RNF112|MDK|IL34|DHX36|SPEN|ASPM|DAG1|DBN1|PIAS2|STK11|EIF2B2|NKX2-2|FLT1|CYSLTR1|DCX|ITPKA|PAFAH1B1|OPA1|FMR1|SERPINE2|SGK1|BAIAP2|KIT|PTN|BMPR2|TNFRSF1B|SMARCD3|DSCAM|RTN4|APOE|EFNA5|MET|XRCC5|SOX11|AKAP5|DIXDC1|AMIGO1|MEGF8|NTF3|VEGFA|NTN1|NTRK3|XRCC4|ROBO1|ROBO2|NAP1L1|SYNJ1|LIMK1|TGFB1|WDR62|WNT3A|XRCC6|TSPO|PTK2|ZFP335|SHANK3|WNT3|BEX1|KALRN|STAU2|STAR|DMRTA2|ARRB2|BDNF|TIAM1|CDON|ACE|PRKCI|SLITRK1|EGR2|KRAS|TWF2|GJC2|TNIK|SH3GLB1|CRABP2|FBXO31|HAP1|KDM1A|ITGB1|TLE6|GFAP|FXN|PTPRA|TRIM32|CX3CL1|SHOX2|CXCL12|HDAC6|SMO|MFN2|NPTN|LRP2|ETV5|KDR|ACTR2|MYC|NUMB|NUMBL|MAN2A1|PLAG1|MAPT|MARCKS|NTRK2|NIN|PAK1|TBC1D24|IL1B|LYN|WNT2|L1CAM|PAX6|NGF|SEMA4D|LTA|CUL7|PLXNB1|NOTCH1|OBSL1|SOX10|PARP6|RAB21|SS18L1|BCL11A|CHODL|PLXNC1|RASSF10|ACTR3|TIAM2|ZEB2|RELN|BAG1|CDKL3|DLL3|TNF|SLC30A1|ID4|MYB|ILK|TRF|PAK3|MAG|NKX6-2|RUFY3|IFNG|NEFL|STK25|XRCC2|SHH|VIM|HDAC2|BRAF|CAMK2B|PPARG|NRG1|DISC1|ATXN1|ZFP365|ADCY10|PTPRF|TRP73|MME|DICER1|FAIM|PTPRZ1|GH|SRF|DLG4|PICALM|SMURF1|EEF2K|EGFR|FN1|TGM2|METRN|GSK3B|GDI1|TRAK1|IGF1|IL6ST|LRP1|ID2|ASPA|MTOR|SLC7A5|MAPK8|CX3CR1|CASK|DBNL|DCT|CUX1|ANKRD27|CTNNB1|EPHB2|CXCR4|EPHA4|PPP1CC|GRIP1|MECP2|SNAP91|HES1|LPAR3|NOG|CAPRIN1|SERPINF1|CAPRIN2|FZD4|PLXND1|SOX2|CYFIP1|SEMA7A|TRPV2|MACF1|WNT5A|NDEL1|PTPRD|SPINT1|FZD3|SNW1|LRP8|ANAPC2|NKX6-1|RHEB|SRRT|LIF|EIF4G2|EP300|IL33|FXR1|IL6|FXR2|RELA|FBXW8|GOLGA2|MAP3K13|RGS14|BIN1|E2F1|ACHE|BHLHB9|HIF1A|IL1RAPL1|ELL3|XLR3B|PRMT5|ADNP|WLS|CUX2|PRPF19|VEGFC|CSF1R|ENPP2|LIG4|FGF2,https://www.gsea-msigdb.org/gsea/msigdb/mouse/geneset/GOBP_POSITIVE_REGULATION_OF_NEUROGENESIS,281,ENR,GOBP_POSITIVE_REGULATION_OF_NEUROGENESIS,2.0937999999999999,0,GOBP_POSITIVE_REGULATION_OF_NEUROGENESIS,FALSE,GOBP_POSITIVE_REGULATION_OF_NEUROGENESIS
4,1.68193666503724,1.68193666503724,1.68193666503724,0.97919999999999996,0.182,9.4E-2,1,PFKL|INHBB|ENY2|PDE3B|IRS1|KCNB1|PTGER4|PPP3CA|MAP4K4|MIDN|KALRN|PSMD9|PTGER3|ADRA2A|RPTOR|ACVR1C|PTPRV|GNAZ|FBN1|CRHR2|STXBP5L|MADD|GNAO1|NPFF|PDE1C|UCP2|ABCC8|REST|FKBP1B|PTPN11|CHGA|PTPMT1|CD74|NUCB2|JAGN1|FFAR2|FFAR3|FOXO1|F2RL1|GHRL|HADH|ANXA5|SFRP1|PPARG|NDUFAF2|KLF7|PIM3|TBC1D1|MUP1|MUP2|MUP3|PDE4C|KCNJ11|MUP5|PDE8B|SYTL4|VSNL1|CRHBP|KCNJ6|SIRT1|SIRT4|KCNQ1|GNAI1|HMGCR|SREBF1,https://www.gsea-msigdb.org/gsea/msigdb/mouse/geneset/GOBP_NEGATIVE_REGULATION_OF_PEPTIDE_SECRETION,65,ENR,GOBP_NEGATIVE_REGULATION_OF_PEPTIDE_SECRETION,1.7533000000000001,2.0799999999999999E-2,GOBP_NEGATIVE_REGULATION_OF_PEPTIDE_SECRETION,FALSE,GOBP_NEGATIVE_REGULATION_OF_PEPTIDE_SECRETION
26,1.59176003468815,1.59176003468815,1.59176003468815,0.97440000000000004,0.1099,9.3200000000000005E-2,1,BBS1|TUB|IFT81|KIF27|LCA5|AP3B2|DYNLL1|LCA5L|NDE1|AP3M2|KLC3|IFT80|KIF1A|SNAPIN|RFX3|SUN2|ROPN1L|SYNE2|FLOT2|RSPH3B|MAK|RAB21|TTC21A|CWH43|CDC42|VANGL1|RHOT1|RHOT2|ACTR10|ARL8A|BSN|HSPB1|KIF1C|BICD2|HSPA8|PRKCZ|UBB|UCHL1|MAP2K1|CCDC38|TMEM108|PCM1|SPG7|COPG2|MYO5A|NME5|NME7|STK11|TRAK2|WASF1|TRIM46|WDR35|NEFH|CALY|NEFL|BBS12|NEFM|RAB17|CCDC103|CCDC39|CCDC40|RASGRP1|CLUAP1|DNAJB13|STARD7|DYNC2LI1|GAS8|IFT46|PAFAH1B1|FBXW11|HSBP1|TMEM201|KIF16B|OFD1|RSPH1|RSPH4A|RSPH9|SPAG17|HNRNPU|SPAG6|DYNC1I1|SPEF2|STK36|ADCY10|RABGEF1|KIF2A|TTLL1|KIF3B|KIFC1|ULK4|KIF21A|ANK3|DLG2|MEGF8|ATG5|FYCO1|TRAK1|CCDC88C|SSNA1|PURA|KIF17|KIF21B|ARL3|KIF5A|KIF5C|KIFC2|FUZ|KIF13A|CLN3|PEX14|STAU2|MAPK8IP3|SSX2IP|SOD1|CLIP3|AGTPBP1|CNIH2|AP3B1|MREG|ARMCX3|DYNC2H1|TTC21B|HTT|MADD|MECP2|ATG16L1|BLOC1S1|IFT27|INVS|SPAST|BLOC1S2|KIF3A|STAU1|IFT20|IFT88|KIF5B|IFT172|IFT52|IFT140|KLC1|SFPQ|TERF2|WDR19|RPGR|SPG11|HAP1|ARHGAP21|DST|DTNBP1|AGBL4|TUBA1A|APP|SUN1|NDEL1|IFT122|TRAF3IP1|FEZ1|AQP4|WDPCP|AP3M1|AP3S1|GJA1|AP3S2|HDAC6|AP3D1|ARL8B|BICD1|IFT74|INTU|RAB27B|BLOC1S3|TRIM58|AK7|KIFAP3|KIF1B|KLC2|MAPT|HIF1A|LAMP1|BC048507|IFT57|CAMSAP3|SYBU|DPCD|DYNC1H1|DYNC1I2,https://www.gsea-msigdb.org/gsea/msigdb/mouse/geneset/GOBP_MICROTUBULE_BASED_TRANSPORT,186,ENR,GOBP_MICROTUBULE_BASED_TRANSPORT,1.7563,2.5600000000000001E-2,GOBP_MICROTUBULE_BASED_TRANSPORT,FALSE,GOBP_MICROTUBULE_BASED_TRANSPORT
45,1.6861327796308501,1.6861327796308501,1.6861327796308501,0.97940000000000005,0.29720000000000002,7.4399999999999994E-2,1,P2RX2|CD36|P2RX3|PIGR|WNT10B|ITPR3|PLCB2|GNAT2|REEP2|GNB1|PKD1L3|TAS1R1|SCNN1A|SCNN1G|GNG13|GNAT1|GNAT3|AZGP1|LPO|TMC4|SCNN1B|RTP3|RTP4|LEF1|TAS1R3,https://www.gsea-msigdb.org/gsea/msigdb/mouse/geneset/GOBP_SENSORY_PERCEPTION_OF_TASTE,25,ENR,GOBP_SENSORY_PERCEPTION_OF_TASTE,1.8218000000000001,2.06E-2,GOBP_SENSORY_PERCEPTION_OF_TASTE,FALSE,GOBP_SENSORY_PERCEPTION_OF_TASTE
3,1.7520267336381901,1.7520267336381901,1.7520267336381901,0.98229999999999995,0.2049,7.7600000000000002E-2,1,TYRO3|FGFR4|EPHB4|FGFR3|ERBB2|INSR|DDR1|EPHA2|EPHA1|FLT3|EPHB3|COL4A1|COL4A3|COL4A6|EPHA5|EPHB2|EPHA4|FGFR2|TIE1|TSPAN9|ERBB4|NTRK1|UBASH3A|MERTK|MUSK|INSRR|ITGA11|COL4A5|COL1A1|FLT1|TEK|EPHA3|UBASH3B|MST1R|ITGA2|LTK|AXL|SYK|KIT|RET|KDR|COL4A2|ROR2|MET|EPHA7|JAK2|PDGFRA|FGFR1|PDGFRB|FLT4|NTRK2|ENPP1|CSF1R|EGFR|NTRK3|EPHB1|DDR2|IGF1R,https://www.gsea-msigdb.org/gsea/msigdb/mouse/geneset/GOBP_COLLAGEN_ACTIVATED_SIGNALING_PATHWAY,58,ENR,GOBP_COLLAGEN_ACTIVATED_SIGNALING_PATHWAY,1.8108,1.77E-2,GOBP_COLLAGEN_ACTIVATED_SIGNALING_PATHWAY,FALSE,GOBP_COLLAGEN_ACTIVATED_SIGNALING_PATHWAY
,1.6497519816658399,1.6497519816658399,1.6497519816658399,0.97760000000000002,0.22800000000000001,9.4500000000000001E-2,1,TAF3|PGR|ANKRD13C|GRIK5|HSPA5|KDELR2|SUN2|KDELR3|SUN1|SUFU|TSPO|PML|RER1|PARK7|GJA1|SUPT7L|PINK1|BBS4|FKRP|FAM76B|HNRNPU|HDAC3|MORC3|OS9|AKT1|ARL2|INSIG1|BARD1|INSIG2|ARL2BP|RANGAP1|KDELR1|SYNE1|TMED2|TOPORS|HK1|HK2|SP100|TAF8|TXN1|CIZ1|CDK5,https://www.gsea-msigdb.org/gsea/msigdb/mouse/geneset/GOBP_MAINTENANCE_OF_PROTEIN_LOCALIZATION_IN_ORGANELLE,42,ENR,GOBP_MAINTENANCE_OF_PROTEIN_LOCALIZATION_IN_ORGANELLE,1.7519,2.24E-2,GOBP_MAINTENANCE_OF_PROTEIN_LOCALIZATION_IN_ORGANELLE,FALSE,GOBP_MAINTENANCE_OF_PROTEIN_LOCALIZATION_IN_ORGANELLE
3,2.74472749489669,2.74472749489669,2.74472749489669,1,0.26450000000000001,3.0000000000000001E-3,0.16300000000000001,TYRO3|EFNB1|EFNB2|EFNB3|FGFR4|EPHB4|FGFR3|NGEF|CDK5R1|ERBB2|INSR|DDR1|EFNA2|NOTCH1|EPHA2|EFNA1|EPHA1|FLT3|PTK2|EPHB3|RBPJ|ANKS1|EFNA4|EPHA5|EPHB2|EPHB6|CHN1|EPHA4|FGFR2|TIE1|ERBB4|TIAM1|SIPA1L1|PTPN11|NTRK1|MERTK|NCK2|MUSK|INSRR|FLT1|TEK|EPHA3|MST1R|LTK|AXL|CRK|KIT|RET|KDR|ABL1|GIT1|ROR2|EFNA5|MET|NCK1|EPHA7|PDGFRA|SS18|FGFR1|PDGFRB|FLT4|NTRK2|ANKS1B|EFNA3|CSF1R|EGFR|NTRK3|EPHB1|DDR2|IGF1R,https://www.gsea-msigdb.org/gsea/msigdb/mouse/geneset/GOBP_EPHRIN_RECEPTOR_SIGNALING_PATHWAY,70,ENR,GOBP_EPHRIN_RECEPTOR_SIGNALING_PATHWAY,2.5962999999999998,0,GOBP_EPHRIN_RECEPTOR_SIGNALING_PATHWAY,FALSE,GOBP_EPHRIN_RECEPTOR_SIGNALING_PATHWAY
21,2.74472749489669,2.74472749489669,2.74472749489669,1,0.1242,8.0000000000000004E-4,2.3E-2,RAB11A|NDE1|BECN1|NLRP5|DNM1L|MLH1|SNAPIN|ADORA3|ZBED3|CDC42|BICD2|PRKCZ|TSPAN4|TSPAN9|UBB|LRRK2|MAP2K1|RAB27A|UNC13C|GBF1|COPG2|ITGA4|NPPA|NPPC|INPPL1|AP1AR|PAFAH1B1|HSBP1|DOCK7|HNRNPU|KIT|MYH9|RABGEF1|PARD3B|RAN|UNC13D|FHOD1|MYLK2|NTN1|WASL|TRAPPC9|SYNJ1|RPS15|MYO1C|SPHK2|SLIT1|PTK2|KIF5A|KIF5C|KIFC2|KIF13A|PREB|SAR1A|SMPD3|AHI1|SEC16A|TRAPPC1|TRAPPC2|TRAPPC2L|CNIH2|TRAPPC3|TRAPPC4|TRAPPC5|TRAPPC6A|CDCA5|KIF14|PLD2|BLOC1S1|CCNB1|CDK1|CFL1|SHROOM2|ACTN4|CENPF|CUL3|GEM|KIF22|TTL|DCTN2|DPYSL2|ARHGAP21|DTNBP1|NAGLU|TLE6|YKT6|GJA1|LLGL2|YWHAZ|TMED9|CBL|CPLX2|D6WSU163E|FES|GAB2|GATA1|GATA2|TRIP11|PTGDR|RAB44|SNAP23|SNX4|GPSM1|SNAP25|TAC4|VAMP8|EZR|RAB3GAP1|SLC18A2|SAR1B|FNBP1L|MYO7A|MYRIP|SUN2|SYNE2|LIMK2|STEAP3|CEP63|VPS4B|SNCA|BRCA2|SPDYA|STARD3NL|MX2|ATM|IL4|NEFH|NEFL|FAM83D|NR4A3|CROCC|SLC2A4|CDC42BPA|CLMN|TACC1|TACC2|TMEM201|COPS5|CHMP4B|HGS|PICALM|ECT2|PDZD11|TRAK1|VPS4A|PPFIA2|TANC2|MAPK8|MREG|NLGN1|STXBP1|SYT4|FGFR2|MADD|PDCD6|LSG1|PEF1|LTV1|SDC1|CHGA|MDN1|WIPI1|NMD3|AGBL4|TUBA1A|FGR|NDEL1|TOR1A|EIF6|AP3D1|KIF18A|NPM1|CDC23|IKBKG|CDK5RAP2|DNM1|NUP88|BLOC1S3|TRIM58|KIF1B|MAD2L1|MCPH1|HIF1A|TACC3|CLNK|MYO5C|ZWINT|KAT2B|TBC1D23|P2RX7|RBM10|RIOK2|SEH1L|FGF10|MYO5B|AURKB|ATP9A|CHMP5|SYT11|PSEN1|UNC13B|RRS1|HDAC3|LMNB1|LMNB2|SDAD1|UCHL1|KAT5|LLGL1|MAD1L1|STK11|BIRC5|BCCIP|BUB3|CDCA8|CDT1|CENPC1|CENPE|DSN1|CEP120|EML4|INCENP|KIF2C|MAPRE1|RAC2|MIS12|NDC80|TSC1|NEK2|RASGRP1|CHMP1A|NSL1|CHMP1B|NUF2|CHMP2A|PMF1|CHMP2B|RACGAP1|CHMP3|RCC2|CHMP4C|SKA1|CHMP6|SPAG5|SCRIB|SPC24|SDC4|SPC25|TESK1|ARFGAP3|TEX14|BTBD8|ZFP207|EML3|KIF16B|GPSM2|SYK|NSFL1C|UBXN2B|CENPA|KIFC1|KIFC5B|XPO1|EXOC1|KPNB1|NUP62|ARF1|SPICE1|DNM2|STARD3|DNM3|PCLO|RAB7|AGTPBP1|DLG1|AP3B1|ARMCX3|ATP13A2|PSRC1|SPAST|BLOC1S2|MAPK15|PINX1|CDK5|GRP|HAP1|DYNLT1B|SUN1|ARFGAP2|IL13|FEZ1|ITGB1|TRAPPC10|AP1S2|TRAPPC6B|AP3M1|AP3S1|AP3S2|BAIAP3|NUDC|HDAC6|PKD1|LMNA|MAPT|LAMP1|STXBP2|SYBU|DYNC1H1|LYN|MS4A2|MYO19|PAX6|AP3B2|DYNLL1|AP3M2|KIF1A|RB1|MARK1|PDPK1|SPRY1|FMN2|RAB3A|RHOT1|RHOT2|ACTR10|ARHGEF2|KIF1C|EXOC3|EXOC6B|SPIRE1|HHEX|HOOK3|SYNE1|CLASP1|CLASP2|OOEP|NUSAP1|PCM1|PLK1|MYO5A|TRAK2|TCIRG1|WASF1|TRIM46|PDCD10|EXOC7|STK25|RAB17|LIN7A|LIN7B|PIBF1|LIN7C|SPIRE2|EXOC4|PLA2G3|FBXW11|CADPS2|PDCD6IP|MYH10|PTGDS|EXOC5|DYNC1I1|EXOC6|BTK|SIRT1|SIRT2|PKHD1|FYCO1|5730455P16RIK|DCTN1|WDR11|CD84|APC|PARD3|CLN3|TMED10|PEX14|UNC13A|CD300A|CCDC66|CENPQ|CHMP7|CTNNB1|HTT|KLHL12|MECP2|FCER1A|FCER1G|SPO11|TTK|ZW10|MAP4K2|KIF5B|EXOC2|RAB11B|CDH3|SPG11|IL13RA2|CADPS|BICD1|ADORA2B|IL4RA|SDCBP|SNF8|NUMA1|STAM|HMOX1|SPRY2|TERF1|TSG101|UBE2B|LAT|LAT2|EXOC8|F8A,https://www.gsea-msigdb.org/gsea/msigdb/mouse/geneset/GOBP_ESTABLISHMENT_OF_ORGANELLE_LOCALIZATION,414,ENR,GOBP_ESTABLISHMENT_OF_ORGANELLE_LOCALIZATION,2.8620000000000001,0,GOBP_ESTABLISHMENT_OF_ORGANELLE_LOCALIZATION,FALSE,GOBP_ESTABLISHMENT_OF_ORGANELLE_LOCALIZATION
67,2.3979400086720402,2.3979400086720402,2.3979400086720402,0.996,0.18840000000000001,3.9399999999999998E-2,1,EIF2AK3|FOXA2|GDF11|BMP4|ONECUT2|PAX6|GIPR|IGF1|IGF2|MYT1|INSR|PDE3B|CDK6|RFX3|PDPK1|XBP1|BGLAP2|FGF10|ILDR2|CFTR|MEN1|ALDH1A2|DLL1|PTPRV|REG1|VHL|BMP5|CLOCK|BMP6|CTNNB1|HNF1A|IHH|HHEX|PCSK1|HES1|NEUROD1|PDX1|CDH2|INVS|ISL1|SMAD2|ONECUT1|NKX6-2|INSM1|IFT88|IER3IP1|NPHP3|NR5A2|NKX2-2|SHH|CCDC39|CCDC40|HNF1B|WNT5A|ACVR2B|BHLHA15|WFS1|PAX2|MEIS2|SIDT2|NKX6-1|RHEB|SMO|PTF1A|IL6|IL6RA|MET|GATA6|SOX4|BAD|PROX1|SRP54A|RBM4|RFX6|ZFP800|WLS|SOX9|CELA1|BAK1|CLU|IGF1R,https://www.gsea-msigdb.org/gsea/msigdb/mouse/geneset/GOBP_PANCREAS_DEVELOPMENT,81,ENR,GOBP_PANCREAS_DEVELOPMENT,1.9985999999999999,4.0000000000000001E-3,GOBP_PANCREAS_DEVELOPMENT,FALSE,GOBP_PANCREAS_DEVELOPMENT
43,2.7212463990471698,2.7212463990471698,2.7212463990471698,0.99809999999999999,0.1258,1.8200000000000001E-2,0.95399999999999996,ABR|SHC1|AKAP12|CAPN1|ACTA2|ADRA1A|ADRA2A|ADRA2B|ADRA2C|BMP6|DUSP5|ARHGAP42|CXCR2|EDNRB|BBS2|KCNMA1|CALCA|MAP2K1|EXT1|CD38|SCNN1B|CHRM3|COMP|ITGA1|ITGA4|HTR2B|ITGA9|DOCK4|HTR2C|DOCK5|NPPA|NPPB|NPPC|ECE1|NPR1|SLC16A2|F2RL1|GJA5|CYSLTR1|GRIP2|HTR1D|PLVAP|AMOT|ABCB1A|BMPR2|ABCB1B|ABL1|PDE5A|SLC22A5|ADRB2|APOE|AGTR1A|MKKS|P2RY1|TRPM4|SLIT2|SLC5A1|PDGFB|VEGFA|ATG5|CBS|NPY1R|SLC6A4|OXTR|CACNA1C|TGFB1|PTK2|ROCK1|ROCK2|ADM|CFTR|AGT|ALOX5|AHR|AVPR2|SH3GL2|DDAH1|SMPD3|SOD1|STUB1|SCPEP1|TACR1|EDN3|ABCC1|AKT1|EDNRA|ABCC2|F2R|TBXA2R|OCLN|ABCC8|ABCG2|ABCG3|ACE|FAAH|ADORA1|ADORA2A|AVP|AVPR1A|PRKG1|CCL4|CAV1|ZDHHC21|CEACAM1|CASR|FERMT2|CD36|SERPINF2|ITGB1BP1|BCR|ADRA1D|SLC2A1|ITGB1|NPR3|CRP|GJA1|RAMP2|CX3CL1|HRH2|UTS2R|SMAD6|C2CD4A|C2CD4B|KDR|CYP2J5|FGA|FGB|KCNJ8|NR3C1|KCNMB1|P2RY2|MFSD2A|NOS3|EDN1|EDN2|KNG1|KNG2|RGS2|MANF|P2RX1|P2RX4|FABP5|TGFBR3|NTS|PDE2A|PLA2G6|PPARD|PTGER3|RAP1GDS1|RHOA|GPX1|ZEB2|SLC1A5|SLC22A1|TNF|TRPV4|SLC27A4|SLC22A2|SLC8A1|ABCC9|SNTA1|TJP3|MGLL|PTPRJ|CTNNBIP1|WDR35|APLN|GCH1|EXT2|PLEC|CDH5|AGER|SOD2|MYLK3|PTGS1|FGFBP3|PTGS2|ADRA1B|ADRB1|ADRB3|SIRT1|SLC27A1|HMGCR|EGFR|HRH1|TBXAS1|SLC5A6|LRP1|SVEP1|INS1|INS2|ATP2B1|CACNA1G|PER2|CPS1|CLDN5|GCLC|GCLM|GPR4|KLF2|FGG|HTR7|TJP2|KCNA5|CHGA|ANGPT1|PLOD3|ADD3|SOD3|PTP4A3|ICAM1|ESR2|RBFOX2|IL18|MMP2|PDE3A|ADCY6|FOXC1|PTPRM|ADORA2B|G6PDX|ATP1A2|HIF1A|TJP1|KAT2B|FOXC2|PLEKHA7,https://www.gsea-msigdb.org/gsea/msigdb/mouse/geneset/GOBP_VASCULAR_PROCESS_IN_CIRCULATORY_SYSTEM,227,ENR,GOBP_VASCULAR_PROCESS_IN_CIRCULATORY_SYSTEM,2.1932999999999998,1.9E-3,GOBP_VASCULAR_PROCESS_IN_CIRCULATORY_SYSTEM,FALSE,GOBP_VASCULAR_PROCESS_IN_CIRCULATORY_SYSTEM
16,2.0757207139381202,2.0757207139381202,2.0757207139381202,0.99160000000000004,0.1971,6.7699999999999996E-2,1,FANCB|PPP4R2|MAD2L2|EP400|EPC2|FUS|RECQL5|VPS72|PIAS4|FIGNL1|PRMT1|POLQ|HELB|HELQ|ING3|DMAP1|SIRT6|TRRAP|RUVBL1|RUVBL2|KLHL15|MBTD1|MEAF6|MORF4L1|CREBBP|ERCC6|KAT5|OOEP|EPC1|RIF1|PLK1|PPP4C|RNF8|SMCHD1|SETD2|RAD51AP1|MORF4L2|RTEL1|TEX15|RNF126|PELI1|RPA2|TERF2IP|SENP3|SKP2|WRAP53|KDM1A|C1QBP|TIMELESS|ACTB|ACTL6A|UBQLN4|USP51|WDR48|ARID2|PARP1|RAD51|YEATS4|BLM|ZFP365|ACTR2|ABL1|TRP53BP1|BRD8|CHEK1|CSNK2A1|WAS,https://www.gsea-msigdb.org/gsea/msigdb/mouse/geneset/GOBP_REGULATION_OF_DOUBLE_STRAND_BREAK_REPAIR_VIA_HOMOLOGOUS_RECOMBINATION,67,ENR,GOBP_REGULATION_OF_DOUBLE_STRAND_BREAK_REPAIR_VIA_HOMOLOGOUS_RECOMBINATION,1.8431999999999999,8.3999999999999995E-3,GOBP_REGULATION_OF_DOUBLE_STRAND_BREAK_REPAIR_VIA_HOMOLOGOUS_RECOMBINATION,FALSE,GOBP_REGULATION_OF_DOUBLE_STRAND_BREAK_REPAIR_VIA_HOMOLOGOUS_RECOMBINATION
9,2.74472749489669,2.74472749489669,2.74472749489669,1,0.20130000000000001,6.0000000000000001E-3,0.443,WDR83|SUFU|PLXNB2|GLMN|RALA|LMO4|ZEB2|PFN1|BMP5|RARG|TEAD2|TGIF1|LIAS|TMED2|MTHFD1|LHX2|KDM2B|STIL|SALL4|SMARCA1|RGMA|ENAH|TWIST1|TGFB2|GATAD2A|KIF20B|CC2D2A|RARA|TSC1|KDM2A|CLUAP1|MKS1|MED12|SCRIB|SDC4|SFRP1|OPA1|PRKACA|CASP3|DVL2|ABL1|BRD2|TRAF6|CELSR1|DLC1|RAB23|CECR2|SPECC1L|SPINT2|GRHL3|TSC2|BMP4|VANGL2|NCKAP1|LUZP1|TGFB1|SEMA4C|KAT2A|FZD6|RPS7|ROCK2|FUZ|ADM|BBS4|MTHFR|CDK20|CFL1|KDM6A|NOG|IFT172|SETD2|TULP3|PRKACB|PTK7|DEAF1|SHROOM3|TFAP2A|CTHRC1|WNT5A|SPINT1|IFT122|PAX2|FZD3|PHACTR4|SEC24B|ABL2|HECTD1|SALL1|SKI|LRP6|PRICKLE1|ARID1A|PTCH1|LRP2|GRHL2|CITED2|VASP|OVOL2|SFRP2|APAF1|BCL10|ST14|HIF1A|FOLR1|IFT57|MTHFD1L|BMP7|COBL,https://www.gsea-msigdb.org/gsea/msigdb/mouse/geneset/GOBP_PRIMARY_NEURAL_TUBE_FORMATION,108,ENR,GOBP_PRIMARY_NEURAL_TUBE_FORMATION,2.4388000000000001,0,GOBP_PRIMARY_NEURAL_TUBE_FORMATION,FALSE,GOBP_PRIMARY_NEURAL_TUBE_FORMATION
10,2.74472749489669,2.74472749489669,2.74472749489669,1,0.12839999999999999,3.0000000000000001E-3,0.16400000000000001,OGT|NOLC1|CDKL5|SIX2|MMP12|APOD|PARP9|FAM53B|RPF2|WWTR1|GLI3|PSEN1|CWH43|OTUD7B|MEPCE|RRP7A|SIRT6|AKAP1|BMP2|RRS1|HDAC3|MORC3|SRC|HSPA8|STAT3|PRKCD|LMNB1|PRKCQ|LMNB2|LRRK2|PKIA|DTX3L|MAPK1|ZBTB7A|KPNA1|TPR|SIN3A|TRIM40|RANBP2|STK11|SRSF1|TRIM28|UFM1|UBR5|PGR|RASSF5|NUP50|NUP85|TESK1|PIKFYVE|TFRC|JUP|TMEM98|PARP1|HNRNPU|SYK|NUP153|BMPR2|ORMDL3|XPO1|KPNB1|AKAP5|NUP62|TYK2|RAB23|RAN|RPL11|TBRG1|NR4A1|ZC3H12A|NUP155|TSC2|BMP4|PIN1|TGFB1|XBP1|ABCA7|IPO7|PIK3R2|AGT|SUPT7L|AHR|BCL3|BBS4|APPL1|PIK3R1|AKT1|ATF2|ARL2|ATP13A2|OSBPL8|FBXO4|CDK1|DCLK2|FLNA|CFL1|APPL2|MCRS1|CAV2|PINX1|CDK5|BRCA1|FYN|CTDNEP1|SEC13|FERMT2|BMPR1A|CD36|NUAK2|BAG3|TNPO2|WRAP53|SUN1|MSX1|POLA2|PTPN5|PTTG1IP|SIX1|E2F3|CABP1|SMO|ZBTB16|YWHAZ|AGAP3|F2|LMNA|NF1|BARD1|CARD10|MFHAS1|KPNA6|DVL1|SP100|SQSTM1|TXN1|CIZ1|MARK3|NOS3|EDN1|EIF2AK3|MDFIC|ELAVL1|TRIM8|PHB2|SUN2|NOTCH1|LIMK2|PML|PPP3CA|PPP3CB|PARK7|PPP3R1|HDGF|PRKD1|GCKR|RAP1GDS1|HCLS1|PTPN22|DNAJB6|DDX5|TOR1AIP1|TOR1AIP2|SESN2|HNF4A|HHEX|PHIP|DYRK1A|ARL2BP|RANGAP1|SYNE1|TOPORS|TRAF3IP2|MAPK14|PLK1|SUMO1|IFNG|RPAIN|ADAR|TGFB2|HNRNPM|CDK5RAP3|NFATC3|CDKN2A|FAM53A|ING1|SHH|FAM53C|IPO11|IPO13|IPO8|KPNA3|RANBP6|LARP7|SPRN|TMCO6|TNPO1|TNPO3|YWHAE|CALR|TMEM201|AKIRIN2|WRN|CDH1|PTGS2|NUP98|SNUPN|PAF1|STK3|STK4|PKIG|NFKBIA|SIRT1|NUP54|ABRA|SIX4|TAF8|NF2|SOX9|ECT2|PLRG1|TMEM147|GSK3B|TNFRSF1A|TAF3|INS1|INS2|IRS1|MED1|JAK1|XPA|YWHAB|MTOR|GLUL|MDM2|CLDN18|SUMO3|CRY2|RBM22|CTNNA1|DMAP1|HEATR3|HSP90AA1|HSP90AB1|HTT|IPO4|IPO9|GLIS2|KPNA4|CREBBP|IPO5|LZTS2|MAGED1|ANGPT1|TCF7L2|TRP53|NUP107|NUP133|FERMT1|PYGO1|POLR1A|SPG11|COL1A1|NMD3|TEK|DCP1B|MAMDC4|EI24|TXNIP|APP|DCLK1|NGFR|GBP4|NUP188|TOR1A|POM121|CD2AP|CSE1L|FGF9|NOL8|NUP214|NUTF2|DCLK3|TRIM29|EIF4ENIF1|HYAL2|EP300|PRICKLE1|NPM1|TOR1B|FAM76B|IL33|NUP35|IL6|NUP88|NVL|LATS1|LATS2|TARDBP|EFCAB7|UACA|ZIC1|JAK2|MAVS|KPNA2|YAP1|CDKN1A|CACNB4|NUP93,https://www.gsea-msigdb.org/gsea/msigdb/mouse/geneset/GOBP_PROTEIN_LOCALIZATION_TO_NUCLEUS,308,ENR,GOBP_PROTEIN_LOCALIZATION_TO_NUCLEUS,2.5933000000000002,0,GOBP_PROTEIN_LOCALIZATION_TO_NUCLEUS,FALSE,GOBP_PROTEIN_LOCALIZATION_TO_NUCLEUS
54,2.23657200643706,2.23657200643706,2.23657200643706,0.99419999999999997,0.115,4.2799999999999998E-2,1,RAB11A|NEURL1A|PAIP2|LYPD6|NCDN|SYT7|PSEN1|PRRT2|DGKI|UNC13B|PRKCZ|MAPK1|UNC13C|VGF|CAMK2G|CD38|CKAP5|CPEB1|CPEB3|RAB8A|DAG1|YTHDF1|DBN1|EIF2AK4|UBE3A|RARA|ITPKA|FMR1|SERPINE2|BAIAP2|KIT|PTN|ABL1|SLC24A1|SLC24A2|APOE|PDE9A|AKAP5|ABHD6|PLK2|ARF1|MYLK2|YWHAG|SLC8A2|P2RX3|CHRD|TYROBP|CAMK2D|NSG1|CREB1|CYP46A1|KAT2A|STX3|EGR1|SHANK3|AGT|DBI|STAU2|SYP|STAR|GSG1L|F2R|BDNF|LRRTM1|LRRTM2|FGF14|ACE|IGSF11|SIPA1L1|NRGN|PRRT1|ADORA1|PRKAR1B|ADORA2A|RASGRF1|STAU1|CFL1|RASGRF2|CAMK2A|SHISA7|TSHZ3|SHISA9|CDK5|ATP1A3|EGR2|KRAS|BEST1|MUSK|CALHM2|GRIA1|GRIN1|GRIN2C|CTNND2|GFAP|GIPC1|JPH3|PTPN5|GRIK1|HRH2|NPTN|ZZEF1|FAM107A|KCNJ10|KDR|FCGR2B|MYO6|NF1|CPLX2|RIN1|MAPT|NR3C1|NTRK2|KCNN2|PAK1|SQSTM1|STX4A|RAB5A|SNAP25|MMP9|RAB3GAP1|GNAL|LNPEP|NLGN3|MEF2C|IQSEC2|SORCS3|PRNP|RAB3A|CC2D1A|PSEN2|PTK2B|SNAP47|PTEN|RAPGEF2|RELN|2510002D24RIK|SNCA|SCT|SLC1A1|MGLL|VPS13A|HNRNPK|SYAP1|CHRDL1|NFATC4|VAMP2|GRIA3|GRIK2|BACE1|BRAF|CAMK2B|MPP2|AGER|PPP1R9A|PTGS2|ADRB1|SYN1|GRID2IP|MME|CNTN2|SSH1|ENPP1|SRF|DLG4|SLC4A10|HMGCR|HRH1|SYT12|SYNPO|TNR|GSK3B|SYNGR1|ZDHHC2|ITPR3|KCNB1|ATF4|LGMN|ARC|CLN3|CX3CR1|UNC13A|BRSK1|NCSTN|CRHR2|EPHB2|NLGN1|STXBP1|EPHA4|HTT|SYT4|GRIP1|MECP2|NPAS4|PENK|HTR7|SORCS2|JPH4|S100B|ALG13|NOG|SLC38A1|SPG11|APP|PPFIA3|CD2AP|ANAPC2|ADCY1|EIF4EBP2|SCTR|CDC20|CRTC1|FXR1|GRID1|FXR2|PICK1|RGS14|SHANK2|ATP2B2|RAC1|BCL2L1|CALB1,https://www.gsea-msigdb.org/gsea/msigdb/mouse/geneset/GOBP_REGULATION_OF_SYNAPTIC_PLASTICITY,221,ENR,GOBP_REGULATION_OF_SYNAPTIC_PLASTICITY,1.9698,5.7999999999999996E-3,GOBP_REGULATION_OF_SYNAPTIC_PLASTICITY,FALSE,GOBP_REGULATION_OF_SYNAPTIC_PLASTICITY
2,2.74472749489669,2.74472749489669,2.74472749489669,1,0.25580000000000003,1.4800000000000001E-2,0.90700000000000003,DLG5|ZFP703|HIPK1|PAK2|EFNB2|ADAM10|CDH4|MTSS1|CDH17|PKP2|VCL|CSK|CDC42|BMP6|CTNNB1|SRC|EPHA4|CDH10|CDH6|CDH9|CDH2|FERMT2|DSP|CDH3|CDH8|ABI2|SMAD7|ADD1|CDH15|CDH19|CDH22|CDH24|CDH7|PLEC|RAMP2|ACTB|CDH5|CDH1|TBCD|NUMB|NUMBL|PTPN23|JAM3|TJP1|CAMSAP3|KIFC3|VEGFA|RDX|SPECC1L|CDH13|PLEKHA7|CDH11,https://www.gsea-msigdb.org/gsea/msigdb/mouse/geneset/GOBP_ADHERENS_JUNCTION_ORGANIZATION,52,ENR,GOBP_ADHERENS_JUNCTION_ORGANIZATION,2.2364000000000002,0,GOBP_ADHERENS_JUNCTION_ORGANIZATION,FALSE,GOBP_ADHERENS_JUNCTION_ORGANIZATION
33,1.4461169733561301,1.4461169733561301,1.4461169733561301,0.96419999999999995,0.15989999999999999,9.6199999999999994E-2,1,EDEM2|EIF2AK3|EDEM3|MANF|HERPUD2|TMTC4|TMEM33|VAPB|PACRG|HSPA5|XBP1|PARP6|PMP22|ATF4|ABCA7|TBL2|PPP1R15A|PDIA6|RPAP2|PARP8|SERP2|DNAJC10|DNAJB9|PIK3R1|CREB3|STUB1|UMOD|NFE2L2|ATAD3A|AKT1|HSPB8|SERP1|ATF3|ERN1|TMED2|AKT2|ERN2|ATF6B|BOK|BAX|AKT3|TM7SF3|NCK2|EIF2AK4|DDIT3|IFNG|BAG3|CCND1|FICD|TMBIM6|HSF1|QRICH1|CDK5RAP3|HSPD1|PTPN2|STC2|PTPN1|BHLHA15|WFS1|DNAJC3|EIF2AK2|IGTP|CASP12|COPS5|DERL1|ABCB10|BFAR|DERL2|DERL3|ERLEC1|ERMP1|OS9|RHBDD1|TMBIM4|ATF6|AMFR|NCK1|YOD1|ASB11|HERPUD1|AGR2|PARP16|DAXX|CREB3L1|EIF2A|EIF2S1|OPTN|BAK1|DDRGK1,https://www.gsea-msigdb.org/gsea/msigdb/mouse/geneset/GOBP_CELLULAR_RESPONSE_TO_UNFOLDED_PROTEIN,89,ENR,GOBP_CELLULAR_RESPONSE_TO_UNFOLDED_PROTEIN,1.7422,3.5799999999999998E-2,GOBP_CELLULAR_RESPONSE_TO_UNFOLDED_PROTEIN,FALSE,GOBP_CELLULAR_RESPONSE_TO_UNFOLDED_PROTEIN
3,2.74472749489669,2.74472749489669,2.74472749489669,1,0.22009999999999999,6.4999999999999997E-3,0.51200000000000001,EIF2AK3|ATXN7|IGF1|TYRO3|IGF2|FGFR4|EPHB4|FGFR3|ERBB2|INSR|IRS1|DDR1|IRS2|PDPK1|EPHA2|SHC1|EPHA1|FLT3|MAPK3|EPHB3|ZFAND2B|IGFBP3|PIK3R1|BMP2|BMP5|EPHA5|EPHB2|MAP2K2|IGFBP2|AR|EPHA4|ERCC1|RAF1|FGFR2|AKT1|TIE1|PHIP|MAP2K5|ERBB4|MAP2K1|MAPK1|IGFBP1|IGFBP4|NTRK1|COL6A1|TRIM72|IFT88|MERTK|KRAS|MUSK|INSRR|CDH3|FLT1|INPPL1|TEK|EPHA3|IGFBP6|PIK3CA|WNT1|MST1R|GHR|IGFBP5|LTK|AXL|KIT|ATXN1|GIGYF2|RET|GRB2|KDR|ROR2|GIGYF1|MET|SOS1|EPHA7|PDGFRA|FGFR1|PDGFRB|FLT4|NTRK2|CILP|PLCB1|CSF1R|EGFR|NTRK3|EPHB1|ERCC2|DDR2|GRB10|IGF1R,https://www.gsea-msigdb.org/gsea/msigdb/mouse/geneset/GOBP_INSULIN_LIKE_GROWTH_FACTOR_RECEPTOR_SIGNALING_PATHWAY,90,ENR,GOBP_INSULIN_LIKE_GROWTH_FACTOR_RECEPTOR_SIGNALING_PATHWAY,2.4113000000000002,0,GOBP_INSULIN_LIKE_GROWTH_FACTOR_RECEPTOR_SIGNALING_PATHWAY,FALSE,GOBP_INSULIN_LIKE_GROWTH_FACTOR_RECEPTOR_SIGNALING_PATHWAY
55,2.0969100130080598,2.0969100130080598,2.0969100130080598,0.99199999999999999,0.3931,4.2999999999999997E-2,1,CRHR2|NISCH|ADORA2B|OXTR|PTGS1|FFAR3|PLCD1|STX1A|ADORA3|KCNB1|P2RY1|COMT|OXT|ADORA2A|AGT|PTGER3|P2RY12,https://www.gsea-msigdb.org/gsea/msigdb/mouse/geneset/GOBP_NOREPINEPHRINE_SECRETION,17,ENR,GOBP_NOREPINEPHRINE_SECRETION,1.9672000000000001,8.0000000000000002E-3,GOBP_NOREPINEPHRINE_SECRETION,FALSE,GOBP_NOREPINEPHRINE_SECRETION
66,1.67985371388895,1.67985371388895,1.67985371388895,0.97909999999999997,0.2782,6.3299999999999995E-2,1,BMP4|IFNG|NRP1|OSR1|SERPINB7|CD34|TEK|CFLAR|NOTCH1|PKD2|NOTCH2|EGR1|ITGB3|PDGFD|ACTA2|WT1|IL6RA|ANGPT2|EDNRA|GPR4|TCF21|HES1|C3AR1|PDGFRA|PDGFRB|AQP1|PDGFA|PDGFB|ANGPT1|BMP7|NOTCH3|EDN1|FOXC2,https://www.gsea-msigdb.org/gsea/msigdb/mouse/geneset/GOBP_RENAL_SYSTEM_VASCULATURE_DEVELOPMENT,33,ENR,GOBP_RENAL_SYSTEM_VASCULATURE_DEVELOPMENT,1.8614999999999999,2.0899999999999998E-2,GOBP_RENAL_SYSTEM_VASCULATURE_DEVELOPMENT,FALSE,GOBP_RENAL_SYSTEM_VASCULATURE_DEVELOPMENT
17,2.74472749489669,2.74472749489669,2.74472749489669,1,0.11409999999999999,1.6500000000000001E-2,0.93799999999999994,GGA2|RAB11A|PREPL|RAB26|RAB31|RAB34|SYS1|RAB13|RHOG|PACS1|GOLGA4|TPBG|MYO5B|EPHA2|FLOT2|ZFYVE27|GPR179|SIRT6|SLC4A1|AR|DAB2|PRKCZ|BBS2|EFR3B|CAMK2G|F11R|PACSIN1|TMED2|AKT2|EHD1|GORASP2|MMP14|RAB8A|SNX27|SKAP1|ATP2C1|EPHA3|GRIP2|ADIPOQ|SCRIB|STX7|ARHGAP44|RAMP1|JUP|STX8|CCDC88A|TSPAN33|ACTN2|ABI3|P2RY1|AKAP5|PID1|ATP2B4|PKP1|ANK2|ANK3|RHOQ|PGAP2|ATP1B3|TMEM88|LRRC15|RAPGEF6|CACNB2|CACNB3|PKP2|TGFB1|WNT3A|ACSL3|PPFIA1|CAMK2D|NSG1|TREM2|VAMP3|STX3|CAV3|ROCK1|ROCK2|PIGW|KIF13A|PIK3R2|COMMD1|SEC16A|APPL1|RAB7|CLIP3|PIK3R1|DLG1|DPP10|SORL1|DPP6|PKDCC|PIP5K1A|AKT1|EHD3|SYTL2|ANXA2|CDH2|FGF13|PRKCI|EHD2|FLNA|CAMK2A|IFT20|ARL6IP5|CDK5|EFR3A|GPR158|YPEL4|SEC13|PALM|TNIK|S100A10|BAG4|ITGB1BP1|CD81|LYPD1|LAMA5|ITGA3|IKBKB|ITGB1|RER1|RAMP2|TMEM150A|TTC7|TTC7B|GOLPH3|LRP6|TSPAN14|ATP6AP1|KCNB2|KCNIP3|KCNIP4|SCARB2|KCNJ11|ARF6|NUMB|RAB10|PRAM1|TSPAN15|RAB11FIP2|TSPAN5|SQSTM1|STX4A|CSNK2A1|VAMP8|RHBDF2|EZR|BBS1|LGALS3|ZDHHC3|ABCA12|PPP1R9B|RAP1A|RAP2A|DENND4C|PDPK1|NSF|PRNP|RILPL1|RILPL2|ACTR3|RAPGEF2|FCHO2|RANGRF|SFN|SCP2|SESN2|SCN3B|TNF|GORASP1|NKD2|CLASP2|AP2M1|GRIPAP1|LYPLA1|SLMAP|TMEM59|NFASC|STAC|STAC2|STAC3|MYO5A|VPS35|TESC|RAB11FIP3|CIB1|CSRP3|VAMP2|EHD4|WNK1|WNK4|BSG|CAMK2B|SEC23A|ARL6|RAMP3|CDH1|EXOC5|GOLGA7|PPP2R5A|TMBIM1|GOLPH3L|PTPN9|SCO1|MRAP|CNPY4|PACS2|PICALM|SMURF1|EGFR|RDX|PPIL2|TNFRSF1A|ZDHHC2|VTI1B|GGA3|LDLRAP1|ERRFI1|INPP5K|LRP1|INS1|INS2|VPS4A|PLEKHF1|KCNB1|NHLRC1|CSK|VAMP5|ATP2C2|CLN3|ZDHHC4|ZDHHC7|CASK|EMP2|EPHB2|DCHS1|STXBP1|NRXN1|GRIP1|FCER1G|VAMP4|PLS1|LYPLAL1|KIF5B|SORBS1|VIL1|PDZK1|PRKG2|NGDN|PKP3|CRB3|KRT18|MACF1|ZDHHC5|AMN|TTC8|WDR24|WDR59|ACTB|HECTD1|GAS6|ADCY6|PTCH1|GAK|FLOT1|MYL12A|ANK1|CLTC|PGRMC1|AGR2|ARHGEF16|FRMD8|ATP1B1|RAC1|BCL2L1|WDR72|ARFRP1|OPTN|BLZF1|CNST|GGA1,https://www.gsea-msigdb.org/gsea/msigdb/mouse/geneset/GOBP_PROTEIN_LOCALIZATION_TO_PLASMA_MEMBRANE,281,ENR,GOBP_PROTEIN_LOCALIZATION_TO_PLASMA_MEMBRANE,2.2143000000000002,0,GOBP_PROTEIN_LOCALIZATION_TO_PLASMA_MEMBRANE,FALSE,GOBP_PROTEIN_LOCALIZATION_TO_PLASMA_MEMBRANE
3,2.4089353929735,2.4089353929735,2.4089353929735,0.99609999999999999,0.2369,2.2800000000000001E-2,0.99,TYRO3|FGFR4|EPHB4|FGFR3|ERBB2|INSR|DCSTAMP|DDR1|TREM2|EPHA2|EPHA1|FLT3|PDE2A|EPHB3|TLR2|TLR4|PDE1B|ALPL|CSF1|EPHA5|EPHB2|EPHA4|FGFR2|TIE1|TNF|ERBB4|CCL2|NTRK1|MERTK|MUSK|INSRR|FLT1|PTPN2|TEK|EPHA3|DOK1|MST1R|LTK|AXL|KIT|RET|KDR|ROR2|MET|EPHA7|PDGFRA|FGFR1|PDGFRB|FLT4|NTRK2|STAP1|CSF1R|EGFR|NTRK3|EPHB1|DDR2|IGF1R,https://www.gsea-msigdb.org/gsea/msigdb/mouse/geneset/GOBP_RESPONSE_TO_MACROPHAGE_COLONY_STIMULATING_FACTOR,57,ENR,GOBP_RESPONSE_TO_MACROPHAGE_COLONY_STIMULATING_FACTOR,2.1385999999999998,3.8999999999999998E-3,GOBP_RESPONSE_TO_MACROPHAGE_COLONY_STIMULATING_FACTOR,FALSE,GOBP_RESPONSE_TO_MACROPHAGE_COLONY_STIMULATING_FACTOR
65,2,2,2,0.99,0.1283,7.1800000000000003E-2,1,ITGA5|HBEGF|UNC119|HES5|TGFA|NEURL1A|FGFR3|NOD2|FGF10|PARP9|EFNA1|LRRK1|ABI1|PRNP|HCLS1|TLR4|ARHGEF2|RELN|DGKQ|BMP6|SRC|IL15|IL21|TSPAN9|TNF|ERBB4|IL5|ARL2BP|FGF7|KITL|RIPK2|GREM1|IL34|MIF|NEDD9|CNTN1|IFNG|SH2D1B1|IL4|HSF1|CLEC7A|PIBF1|ABI2|GDNF|PTPN1|EHD4|HDAC2|ADIPOQ|IL24|PECAM1|NRG1|ADAM17|DVL2|PARP14|SYK|KIT|TNFRSF14|LCK|ABL1|TNFSF18|AGRN|EFNA5|OSBP|ABI3|PDGFRA|PTPRZ1|CD24A|THBS4|NTF3|VEGFA|TNFRSF18|CD3E|CD40|CD44|TNFRSF1A|CSF2|CASS4|IGF1|PAK2|CD80|IL6ST|INS2|TNK2|IQGAP1|TGFB1|WNT3A|TREM2|PTGER4|RICTOR|MTOR|SRCIN1|CD4|AGT|CSF3|CRLF1|CTNND1|ACVR1|ARRB2|EGF|GFRA1|FCER1A|HES1|IL11|NOX4|PTPN11|ISL1|LRP4|CAV2|CSPG4|LILRA5|ANGPT1|FYN|VEGFB|OSM|YES1|CCL5|MUSK|CD74|GPRC5B|CCK|ICAM1|FBXW7|IL12A|IL12B|IL13|ITGB1|IL18|ITGB3|HAX1|IL2|IL23A|LIF|IL31RA|AREG|BANK1|IL6|RASA1|IL6RA|JAK2|GATA1|CTF1|ADNP|HPX|CSF1R|ENPP2|MLST8|VTN,https://www.gsea-msigdb.org/gsea/msigdb/mouse/geneset/GOBP_POSITIVE_REGULATION_OF_PEPTIDYL_TYROSINE_PHOSPHORYLATION,147,ENR,GOBP_POSITIVE_REGULATION_OF_PEPTIDYL_TYROSINE_PHOSPHORYLATION,1.8307,0.01,GOBP_POSITIVE_REGULATION_OF_PEPTIDYL_TYROSINE_PHOSPHORYLATION,FALSE,GOBP_POSITIVE_REGULATION_OF_PEPTIDYL_TYROSINE_PHOSPHORYLATION
,1.7544873321858501,1.7544873321858501,1.7544873321858501,0.98240000000000005,0.2162,8.09E-2,1,GRIA4|GRIA1|NLGN3|GRIN1|GRIN2C|TRPM1|GRM6|CDK5R1|GRIK5|MEF2C|HOMER1|APP|KCNB1|GRIA3|GRIK2|GRIK3|PLP1|SHANK3|KALRN|CLN3|CX3CL1|GRIK1|PRNP|UNC13A|PTK2B|GNA11|FMR1|NCSTN|EPHB2|GM527|SSTR1|SLC1A1|NRXN1|GRM8|GRIA2|ADRB2|GNAQ|GRID2IP|TIAM1|HOMER2|HOMER3|NECAB2|DLG4|CAMK2A|CPEB4|PLCB1|ATP1A3|FYN,https://www.gsea-msigdb.org/gsea/msigdb/mouse/geneset/GOBP_GLUTAMATE_RECEPTOR_SIGNALING_PATHWAY,48,ENR,GOBP_GLUTAMATE_RECEPTOR_SIGNALING_PATHWAY,1.7961,1.7600000000000001E-2,GOBP_GLUTAMATE_RECEPTOR_SIGNALING_PATHWAY,FALSE,GOBP_GLUTAMATE_RECEPTOR_SIGNALING_PATHWAY
17,2.74472749489669,2.74472749489669,2.74472749489669,1,0.17760000000000001,2.5899999999999999E-2,0.999,RAB11A|FNTA|LGALS3|PDCD5|PPP1R9B|RHOG|CDK5R1|ERBB2|PDPK1|MYO5B|EPHA2|FIS1|PRNP|ACTR3|RANGRF|TNF|NKD2|AKT2|CLASP2|STAC|STAC2|STAC3|SNX27|MYO5A|STOM|ATP2C1|EPHA3|CIB1|GRIP2|PIK3CA|FARP1|RAMP3|PTN|PTPN9|AGRN|AKAP5|ATP2B4|NECAB2|SSH1|CNPY4|PKP1|ANK3|DLG4|TNFAIP6|SLC5A3|EGFR|ZDHHC2|MYO1C|LRP1|CACNB3|WNT3A|ACSL3|KCNB1|TREM2|AP2B1|STX3|ARPC2|CLN3|COMMD1|CLIP3|DLG1|DPP10|EPHB2|DPP6|NRXN1|AKT1|GRIP1|NLGN2|PLS1|PRKCI|CCL2|LRP4|KIF5B|SORBS1|CDK5|VIL1|FYN|MUSK|PDZK1|ITGB1BP1|CD81|HPCA|ZDHHC5|ITGA3|ITGB1|RER1|CRK|KCNJ11|ARF6|ITGAM|EFCAB7|LRP5|PGRMC1|AGR2|ARHGEF16|MFF|PAK1|RAB11FIP2|RAC1|SQSTM1|STX4A|EZR|CNST|CRKL,https://www.gsea-msigdb.org/gsea/msigdb/mouse/geneset/GOBP_POSITIVE_REGULATION_OF_PROTEIN_LOCALIZATION_TO_MEMBRANE,104,ENR,GOBP_POSITIVE_REGULATION_OF_PROTEIN_LOCALIZATION_TO_MEMBRANE,2.1072000000000002,0,GOBP_POSITIVE_REGULATION_OF_PROTEIN_LOCALIZATION_TO_MEMBRANE,FALSE,GOBP_POSITIVE_REGULATION_OF_PROTEIN_LOCALIZATION_TO_MEMBRANE
2,2.6989700043360201,2.6989700043360201,2.6989700043360201,0.998,0.1391,2.3400000000000001E-2,0.99099999999999999,DLG5|L1CAM|OGT|NLGN3|SEMA4D|NEURL1A|EFNB3|PPP1R9B|AMIGO3|LINGO4|RHOG|LRRC24|RAP2A|LRRN1|MEF2C|LRRN3|MARK1|LRTM1|TPBG|LRTM2|SLITRK2|THBS2|CRIPT|IQSEC2|COLQ|NRXN2|EPHB3|SLITRK6|CC2D1A|CHD4|RHOA|PTK2B|TLR2|ACTR3|DOCK10|SNCA|ZDHHC8|ICAM5|IQSEC1|NTRK1|CHRNB2|NAE1|CPEB3|NEDD8|PTPRS|UBE2M|SRGAP2|SEMA4A|VPS35|DOCK4|RAB17|LIN7A|LIN7B|LIN7C|PTPN1|GHRL|SIGMAR1|DCX|NRG2|UBE2V2|CLSTN1|ARHGEF15|NRG1|PUM2|PPP1R9A|FARP1|PODXL|PTPN13|RAC3|RTN4|AGRN|EFNA5|NTNG2|EPHA7|ABI3|FLRT2|FGFR1|FLRT3|CYFIP2|AMIGO1|LRFN3|SIX4|SLIT2|CLSTN3|MDGA2|DLG4|MYCBP2|EEF2K|NTN1|NTRK3|PDZD11|SRPX2|ROBO1|AMIGO2|GSK3B|RTN4R|ABI3BP|OXTR|LRRTM3|FLRT1|PDLIM5|ELMO1|IQGAP1|NCKIPSD|WNT3A|PSD|SEMA4C|PRKCA|SRGAP3|TRIM47|SLIT1|UBE3B|PTK2|SRCIN1|ST8SIA2|STAU2|MDGA1|PIK3R1|CTNNB1|EPHB2|NLGN1|HTR4|NRXN1|CBLN2|CASKIN1|NLGN2|LRFN1|VLDLR|BDNF|LRFN4|NEGR1|LRRTM1|LRRTM2|PRICKLE2|DOCK1|IGSF11|SIPA1L1|LRP4|S1PR2|SLITRK1|GPC4|ARHGAP33|CRTAC1|LHFPL4|MUSK|USP9X|GRIN1|APP|WNT5A|DCLK1|PTPRD|FZD1|CRMP1|GNA13|SIX1|EIF4G1|ELAVL2|PRICKLE1|FAM107A|LATS1|IL1RAP|ARF6|NUMB|NUMBL|CLSTN2|SLC12A5|SLITRK5|BHLHB9|NTRK2|IL1RAPL1|OXT|XLR3B|ADNP|RAC1|CUX2|SNAP25|SETD5|EPHB1,https://www.gsea-msigdb.org/gsea/msigdb/mouse/geneset/GOBP_REGULATION_OF_SYNAPSE_ASSEMBLY,178,ENR,GOBP_REGULATION_OF_SYNAPSE_ASSEMBLY,2.1328999999999998,2E-3,GOBP_REGULATION_OF_SYNAPSE_ASSEMBLY,FALSE,GOBP_REGULATION_OF_SYNAPSE_ASSEMBLY
,2.2006594505464201,2.2006594505464201,2.2006594505464201,0.99370000000000003,0.10059999999999999,4.9500000000000002E-2,1,GDF6|HES5|BSCL2|HYAL3|SIX2|SOX8|POR|PRKAA1|GLI3|ACTA2|HOXA3|PAXIP1|BMP2|BMP5|CSF1|BMP6|DHRS7B|HMGA2|IHH|MKX|RARG|BBS2|UBB|ECM1|TGFBR1|EXT1|ZBTB7A|GREM1|MUSTN1|NCOA2|MDK|COMP|RORC|PAX7|BMP8A|NCOA1|NMNAT1|NR5A2|NPPC|GUCA2B|NPR2|MIA3|RARA|GHRL|SMAD7|RUNX1|RUNX3|EFEMP1|HAND2|PDGFD|MBOAT2|PARP1|KLF7|CTSK|FBXW4|COL2A1|BMPR2|POC1A|ROR2|MKKS|ABHD15|TRPM4|PDGFA|PDGFB|TGFBR2|CBS|BMP4|TWSG1|CREB5|WNT10B|TGFB1|XBP1|PRKCA|KAT2A|TYMS|ZEB1|EGR1|HSD17B1|WNT7B|SMAD1|SMAD5|BBS4|NFIB|SMPD3|PRRX1|DMD|SULF1|SORL1|SULF2|PKDCC|TBL1XR1|WT1|SOX5|THRA|MEF2D|ZFP219|PRRX2|ATF2|BARX2|ATP7A|DYRK1B|PTPN11|COL6A1|SCIN|HOXC4|PTH1R|GPR82|HOXD3|COL11A2|SATB2|CASR|BMPR1A|RARB|CD34|GDF5|HOXA11|MYF5|SOX6|MSX1|AP1S2|ITGB3|MSX2|CR2|SPTLC2|OSR2|TIMP1|RUNX2|SHOX2|SNX19|LTBP3|WNT9A|LRP6|ZBTB16|PKD1|EVC|ZMPSTE24|EBF2|LMNA|GATA3|LRP5|TRIP11|PBXIP1|BMP7|ARRDC3|DGAT2|CHADL|EDN1|BBS1|EIF2AK3|FOXA1|SCX|ADAMTS7|OSR1|IFT80|ESRRA|FGFR3|THBS3|MEF2C|RB1|SH3PXD2B|NOTCH1|GLI2|PPARD|SMAD3|DLX2|FRZB|TRPV4|BMP1|BGN|BMP3|ID4|CREB3L2|IFRD1|LPL|EPYC|MATN3|MGP|MAPK14|OPTC|TGFBI|CHST11|IFNG|TGFB2|SIK3|VPS13B|CHSY1|CFLAR|CSGALNACT1|CYTL1|HOXA5|EXT2|PIK3CA|GALNT3|PPARGC1A|HSPG2|BMPR1B|PPARG|PUM2|SLC25A25|ARID5A|SLC39A14|ACAN|C3AR1|COL27A1|DICER1|FGFR1|PDGFRB|SIRT1|HYAL1|MEX3C|SERPINH1|IDUA|ENPP1|SRF|COL3A1|SOX9|PTHLH|GNAS|SLC39A13|FOXA2|IGF1|GPLD1|ERRFI1|CHRDL2|ID2|COL5A1|ASNSD1|ARID5B|PITX1|LOXL2|MAPK3|ITGB8|SNAI1|SNAI2|CARM1|COL11A1|THRB|NFATC2|TRPS1|CTNNB1|THBS1|MMP13|GPR4|TAPT1|SCUBE2|SLC26A2|FGL1|FOSL2|NR1H4|AXIN2|MAF|NFIA|NOG|GLG1|CFH|ACAT1|PRKG2|SERPINB7|COL1A1|STC1|SMAD9|ZFP516|WNT5A|MYCN|HOXB3|WNT2B|CD2AP|FGF9|LOX|OGN|ADRM1|HYAL2|EP300|RASAL2|FKRP|FTO|IL6RA|RELA|SFRP2|PGRMC2|IFRD2|HIF1A|HMGCS2|ADAMTS12|LIPA|FGF18|FOXC2|DDRGK1|FGF2|FOXD1,https://www.gsea-msigdb.org/gsea/msigdb/mouse/geneset/GOBP_CONNECTIVE_TISSUE_DEVELOPMENT,290,ENR,GOBP_CONNECTIVE_TISSUE_DEVELOPMENT,1.9238,6.3E-3,GOBP_CONNECTIVE_TISSUE_DEVELOPMENT,FALSE,GOBP_CONNECTIVE_TISSUE_DEVELOPMENT
9,2.74472749489669,2.74472749489669,2.74472749489669,1,0.14940000000000001,1.6999999999999999E-3,7.0999999999999994E-2,DLG5|NRP1|LHX1|SEMA5A|SIX2|FGF10|SOX8|EPHA2|WNT9B|GLI3|SIRT6|BMP2|CSF1|RXRA|AR|HMGA2|IHH|PRDM1|SRC|TBX1|TCF21|LRRK2|EXT1|RDH10|TMED2|FGF7|WNT4|GREM1|MDK|MMP14|DAG1|HOXB13|NRARP|PGR|FLT1|GDNF|SFRP1|CTSD|ABL1|RTN4|MET|AGTR1A|EPHA7|CELSR1|LGR4|SLIT2|PDGFA|PDGFB|TGFBR2|VEGFA|NFATC1|NPNT|BCL2|BMP4|SEMA3C|SEMA3E|TGFB1|DDR1|CAV3|ADM|AGT|ADAMTS16|AHR|CSMD1|DLG1|SULF1|ACVR1|WT1|GPC3|EDNRA|TBX2|TBX20|TBX3|BTRC|CTSL|FGF13|CTSZ|RASIP1|CCL11|FRS2|KRAS|CASR|LAMA1|HOXA11|LAMA5|CTNND2|MSX2|PITX2|PXN|WNT1|GNA13|SHOX2|SALL1|SIX1|CXCL12|TRP63|SMO|HGF|LRP6|LLGL2|PKD1|AREG|TMTC3|ETV5|GRB2|KDR|MYC|LRP5|PAK1|BTBD7|FKBPL|BMP7|IL1B|NTN4|WNT2|EDN1|CPE|FOXA1|PHB2|EYA1|NOTCH1|PKD2|SOX10|SPRY1|PML|SLC12A2|PPP3R1|BCL11A|GLI2|CITED1|HHEX|DLX2|TNF|COL13A1|FEM1B|HHIP|SEMA3A|ESRP1|ESRP2|ILK|MGP|CTNNBIP1|HNRNPK|NFATC3|NFATC4|SHH|HNF1B|HOXA5|TIMELESS|MKS1|CDH1|CLIC4|HS3ST3A1|ESR1|HS3ST3B1|STK4|FGF1|PDGFRA|DICER1|FGFR1|NKX2-1|PROX1|SIX4|SMAD4|SRF|NOTCH4|SOX9|PKHD1|PAX8|SPINT2|RERE|TGM2|CD44|FOXA2|IGF1|VANGL2|MED1|DLL4|PBX1|CTSH|RBM15|GREB1L|PGF|COL4A1|SNAI2|PLXNA1|SOCS3|CTNNB1|CXCR4|DCHS1|PPP1CA|EGF|FGFR2|MECP2|TIE1|GZF1|HOXB7|FZD5|RSPO3|TNC|MAGED1|ANGPT1|NOG|SETD2|KDM5B|PLXND1|SOX2|TEK|TACSTD2|TMEM59L|WNT5A|MYCN|SPINT1|TMEM67|VDR|ENG|PAX2|WNT2B|WNT6|ETV4|PTCH1|GRHL2|CITED2|IL10|IL6|MAP3K13|NCOA3|SFRP2|SPRY2|ST14|TFAP2C|YAP1|LEF1|FAT4|FOXC2|FGF2|FOXD1,https://www.gsea-msigdb.org/gsea/msigdb/mouse/geneset/GOBP_MORPHOGENESIS_OF_A_BRANCHING_STRUCTURE,237,ENR,GOBP_MORPHOGENESIS_OF_A_BRANCHING_STRUCTURE,2.7054,0,GOBP_MORPHOGENESIS_OF_A_BRANCHING_STRUCTURE,FALSE,GOBP_MORPHOGENESIS_OF_A_BRANCHING_STRUCTURE
50,2.6989700043360201,2.6989700043360201,2.6989700043360201,0.998,9.4899999999999998E-2,1.5599999999999999E-2,0.92700000000000005,CTNS|GRIK5|GJD2|ADRA1A|GPD1L|CNR2|DGKI|HNF1A|ALB|PPA2|ATP2A2|RNF122|PRKCZ|TSPAN4|TSPAN9|UBB|GRIK4|LRRK2|RIMS2|TMEM108|MFN1|CKAP5|CHRNA1|CHRNB1|CHRNB2|CHRNB4|CHRNE|CTNNA3|DBN1|DSC2|NPPA|DSG2|DSP|BBS10|GPRIN3|NPR2|GHRL|SMAD7|GJA5|GRIP2|P2RX6|RAPGEF4|FMR1|JUP|KCNA1|KCND2|PARP1|KCND3|KCNE4|BAIAP2|PTN|MET|PID1|TRPM4|MYOC|NTRK3|NUP155|P2RX2|SLC29A1|P2RX3|PKP2|TREM2|TSPO|SHANK3|B2M|GNA11|SOD1|KCNK6|CNIH2|ABCD1|TACR1|AKT1|MAPK8IP2|NLGN2|BDNF|ABCC8|BID|IGSF11|ADORA1|PRKAR1B|ADORA2A|COL6A1|S1PR2|SHANK1|ARL6IP5|ATP1A3|BEST2|CACNA1A|NETO2|CASR|CCK|CD36|DLD|GABBR1|GLRX|POPDC2|GJA1|CX3CL1|GRIK1|IL1RN|KCNK1|KCNK2|MFN2|USP53|KCNA2|KCNA3|TBX18|KCNA6|TBX5|KCNA7|MTCH2|KCNB2|KCNC3|KCNC4|KCNG2|KCNH3|ZMPSTE24|KCNH4|MYC|KCNH8|NDP|KCNK13|KCNK4|GIMAP3|NTRK2|GIMAP5|DVL1|KCNS3|KCNT1|TBC1D24|KCNV1|KCNV2|RAB3GAP1|SLC25A27|NDUFC2|NDUFS1|LTF|NDUFS4|NDUFS6|MEF2C|PIAS3|PANK2|PARK7|PINK1|PPIF|PPP2R3C|SLC17A7|SLC25A33|SNCA|KCNH6|SLC1A6|TMEM135|TNF|NOS1AP|NPFF|NRCAM|TAC1|TMEM161B|VCP|ABCC9|BAX|HNRNPA1|IFNG|CDKN2A|SLC26A3|CELF4|PRELID1|SOD2|ATXN1|ADCY10|ADRB1|DLG4|SLC4A11|EIF4A3|RIMBP2|SLC4A3|SLC4A8|GSK3B|GABRB3|KCNB1|KCNH1|KCNMB2|KCNMB4|MTOR|SLCO1B2|NLGN1|NRXN1|TRPC4|SH3GL1|NPAS4|CASP1|UCN3|APP|FOXP1|CRTC1|LIPA|ZMYND8|P2RX7|HSH2D|PSEN1|BCO2|UNC13B|CACNA1H|SLC4A4|CLCN2|SRC|KCNMA1|UCP2|ABAT|KCTD7|ATP1A1|CNGA1|DMPK|HCN2|HCN3|HCN4|KCNK3|NALCN|SCN3A|SCN4A|SCN8A|SCN9A|TUSC2|ACTN2|ADRB2|AGRN|SLC34A1|AKAP6|AKAP7|AKAP9|BAD|PLK2|ANK2|ANK3|ANO6|ATP1B2|ATP1B3|BAK1|TMEM25|BCL2|SLC6A4|CNR1|SLC8A2|CACNA1C|CACNA1D|CACNA2D1|CACNB2|CACNB3|CALM1|CALM2|CALM3|CAMK2D|CREB1|CASQ2|CAV3|CFTR|AGT|PCLO|DLG1|DMD|DPP6|ALOX12|DRD4|EHD3|FGF12|FGF13|FGF14|FHL1|FKBP1B|FLNA|BNIP3|FXYD1|BNIP3L|BOK|CDK5|CAV1|CNTNAP1|CNTNAP2|CXADR|GPR35|DCN|GPR39|GRIA1|GRIN1|GRIN2C|GOT1|POPDC3|CACNA1I|CHRNA9|FZD9|KCNC1|KCNC2|DCDC2A|KCNE1|KCNE2|KCNE3|KCNG4|KCNH2|KCNIP1|KCNIP2|JUN|KCNJ10|KDR|KCNJ11|KCNJ2|KCNJ5|KCNJ6|MAPT|KCNJ8|KCNN2|KCNN4|KCNQ1|MLLT11|KCNS1|MUL1|EDN1|MYH14|BEGAIN|NEDD4|NEDD4L|NLGN3|DYNLL1|NR3C2|P2RX1|P2RX4|PMAIP1|PPP3CA|PRDX3|SEZ6|PRKCE|CHRNA4|PTK2B|PTEN|PTPN3|RANGRF|RELN|SLC25A36|RGS4|RGS7|SMAD3|RNF207|RYR2|SCN1B|STOX1|SCN2B|SCN3B|SCN4B|SCN5A|SLC8A1|SLC9A1|SLMAP|SNTA1|MTMR2|SUMO1|FFAR3|TRDN|GNA15|GRIA3|GRIK2|GRIK3|KCTD12|WWP2|YWHAE|YWHAH|KCTD8|MPP2|PPP1R9A|GRIA2|SSH1|WDR1|XIRP1|ANO1|RGS7BP|PMP22|CACNA1G|CLIC1|CLN3|PEX5L|GABRA2|CHRM1|GABRA3|GABRB1|GABRB2|GCLC|GABRD|GCLM|RIMS3|GABRR2|GLRB|GPR88|MECP2|GNAQ|KCNA5|KCNF1|KIF5B|GRIA4|PAWR|PYCR1|SLC39A8|RBFOX2|NGFR|CLDN19|GNA14|GRID1|IL6|STX1A|BIN1|ATP1A2|ATP1B1|BCL2L1|CUX2|CACNB4,https://www.gsea-msigdb.org/gsea/msigdb/mouse/geneset/GOBP_REGULATION_OF_MEMBRANE_POTENTIAL,412,ENR,GOBP_REGULATION_OF_MEMBRANE_POTENTIAL,2.2244999999999999,2E-3,GOBP_REGULATION_OF_MEMBRANE_POTENTIAL,FALSE,GOBP_REGULATION_OF_MEMBRANE_POTENTIAL
,1.74472749489669,1.74472749489669,1.74472749489669,0.98199999999999998,0.17910000000000001,8.0399999999999999E-2,1,SLC25A27|TSC2|REPIN1|IGF1|RPS6KB1|INS1|RAP1A|INS2|INSR|IRS1|IRS2|PRKCA|RNASEL|RAB4B|ADIPOR2|ZDHHC7|AHI1|APPL1|ASPSCR1|DHRS7C|SIRT6|CREBL2|NFE2L2|HNF1A|ERBB3|FGF21|GPC3|PRKCD|SESN2|SLC1A2|AKT1|TNF|ERBB4|OCLN|OSBPL8|SLC27A4|PEA15A|ACE|PRKCI|AKT2|PTPN11|APPL2|RTN2|MAPK14|SH2B2|CAPN10|SORBS1|UPK3B|ACACB|TSC1|SLC2A1|SORT1|SLC2A2|SLC2A3|OPN3|SLC2A4|SLC2A5|CD2AP|ADIPOQ|SLC2A9|SGCB|MFN2|RASA1|KLF15|MYC|ESR1|PID1|C1QTNF2|MEF2A|ENPP1|HK2|SLC27A1|RHOQ|GRB10|GSK3A,https://www.gsea-msigdb.org/gsea/msigdb/mouse/geneset/GOBP_D_GLUCOSE_IMPORT,75,ENR,GOBP_D_GLUCOSE_IMPORT,1.7989999999999999,1.7999999999999999E-2,GOBP_D_GLUCOSE_IMPORT,FALSE,GOBP_D_GLUCOSE_IMPORT
23,2.6575773191777898,2.6575773191777898,2.6575773191777898,0.99780000000000002,0.11219999999999999,2.69E-2,0.999,PUF60|MOV10|NANOS1|UPF1|NANOS3|RBM10|UPF3A|UPF3B|RBM5|RBMX|MLH1|PABPC4|WTAP|PABPN1L|ZC3H14|RNASEL|PATL1|PIAS4|PLEKHN1|ZFP36L1|PNLDC1|ZFP64|POLR2G|TIRAP|PUM1|RBM33|RBM46|SAMD4|SAMD4B|HSPA8|SECISBP2|SENP1|RC3H1|SFSWAP|ZBTB7A|RC3H2|TNRC6A|TNRC6B|TNRC6C|TOB1|CPEB1|TRAF5|CPEB3|CSDE1|DHX36|DHX9|YBX2|SRPK1|YTHDF1|SRPK2|YTHDF3|DHX34|SRPK3|SRSF1|SRSF10|PCID2|SRSF12|SRSF6|ZFP36|HNRNPAB|SLC11A1|NBAS|GDNF|PRR5L|U2AF2|SCGB1A1|TTC5|MYD88|FMR1|GTPBP1|HNRNPD|HNRNPU|IGF2BP1|METTL3|NCBP1|WDR77|TRAF2|PABPC1|YTHDC1|PAIP1|PIWIL2|PKP1|RBM24|RBM4|VEGFA|ZC3H12A|FUS|ZC3H12D|ROCK1|ROCK2|ZFP36L2|SYNCRIP|TAF15|YBX1|YTHDF2|AKR1C6|DCP2|CCNB1|PARN|BAG4|CALCR|A1CF|ACIN1|ADAM3|ADARB1|AHCYL1|ALKBH5|APOBEC1|ARGLU1|CASC3|CDC73|CDK9|CIRBP|ELAVL1|CNOT6L|CSDC2|DAZAP1|DCPS|DDX5|ZC3HAV1|TNF|DYRK1A|EIF1|ELAVL4|TRAF3IP2|FIP1L1|HDAC7|HMX2|HNRNPA2B1|HNRNPC|HNRNPK|HNRNPL|C1QBP|CELF1|CELF2|IWS1|VIM|CELF3|JMJD6|CELF4|KHDRBS1|CELF5|KHDRBS3|CELF6|KHSRP|FASTKD2|FASTKD3|LARP7|CLNS1A|LSM1|PNPT1|MAGOH|DDX17|MAGOHB|PUM2|MBNL2|METTL14|ARID5A|MYOD1|NOVA1|NOVA2|NUP98|PABPN1|PAN2|PAN3|DICER1|PCBP4|PDE12|EIF4A3|EXOSC10|PRDX6|PRDX6B|PTBP1|PTCD2|MTOR|RBFOX1|RBFOX3|RBM11|RBM15|RBM15B|RBM20|RBM25|RBM3|RBM38|RBM39|RBM42|RBM47|RBM7|RBM8A|RBMXL1|RBPMS|RBPMS2|REST|APEX1|RNPS1|AXIN2|MBNL1|BRF1|SAFB|BTG2|SAFB2|SAP18|METTL16|CAPRIN1|ANGEL2|CARHSP1|SF1|CNOT1|FASTK|CNOT2|FASTKD1|CNOT3|FASTKD5|CNOT6|CNOT7|SLC39A5|CNOT8|MAPKAPK2|NCL|SLTM|SMU1|PKP3|DCP1A|DCP1B|RBFOX2|SNRNP70|DIS3L2|TBRG4|DND1|SNW1|SON|SRRM1|SRRM4|EIF4ENIF1|SRSF2|SRSF3|SRSF4|NPM1|SRSF7|SRSF9|FAM76B|FTO|FXR1|FXR2|GIGYF2|TARDBP|GTSF1|HNRNPA0|E2F1|HNRNPR|THRAP3|IGF2BP2|THUMPD2|IGF2BP3|TIA1|IKBKE|TRA2A|TRA2B|PRMT5|LARP1|LARP4B|PRPF19|MEX3D,https://www.gsea-msigdb.org/gsea/msigdb/mouse/geneset/GOBP_REGULATION_OF_MRNA_METABOLIC_PROCESS,263,ENR,GOBP_REGULATION_OF_MRNA_METABOLIC_PROCESS,2.0983000000000001,2.2000000000000001E-3,GOBP_REGULATION_OF_MRNA_METABOLIC_PROCESS,FALSE,GOBP_REGULATION_OF_MRNA_METABOLIC_PROCESS
1,2.2076083105017501,2.2076083105017501,2.2076083105017501,0.99380000000000002,0.18049999999999999,4.3099999999999999E-2,1,RAB11A|IQGAP2|UNC119|CUL7|APC|IQGAP1|VPS4A|POLDIP2|AURKB|RAB35|RHOC|ARL3|ROCK1|ROCK2|CHMP5|SNX33|VPS4B|STMN1|RHOA|BBS4|CEP55|SNX9|CKAP2|RTKN|CHMP7|EXOC3|EXOC6B|KLHDC8B|KIF20A|ZFYVE19|SPAST|IQGAP3|SNX18|CFL1|NUSAP1|LZTS2|PLK1|BIRC5|CDCA8|EXOC2|STAMBP|EXOC7|INCENP|KIF20B|ANLN|MITD1|RAB11FIP3|ZFYVE26|CHMP1A|CHMP1B|EXOC4|CHMP2A|CHMP2B|RACGAP1|CHMP3|WNK1|CHMP4C|SON|CHMP6|CNTROB|PDCD6IP|CHMP4B|MYH10|USP8|EFHC1|EXOC5|EXOC6|JTB|ZFP365|CIT|KIF23|ARF6|CENPA|KIF4|EXOC1|MTMR4|RHOB|NUP62|DAXX|ANK3|ARF1|ECT2|EXOC8|STX2|MYH14|TRIM36,https://www.gsea-msigdb.org/gsea/msigdb/mouse/geneset/GOBP_MITOTIC_CYTOKINESIS,86,ENR,GOBP_MITOTIC_CYTOKINESIS,1.9646999999999999,6.1999999999999998E-3,GOBP_MITOTIC_CYTOKINESIS,FALSE,GOBP_MITOTIC_CYTOKINESIS
44,2.74472749489669,2.74472749489669,2.74472749489669,1,0.2447,4.3E-3,0.28799999999999998,SAR1B|SURF4|P2RX7|AP3B2|AP3M2|FNBP1L|VAPB|DNM2|VPS4A|CHMP5|CIDEB|TMED10|PREB|DNM3|SAR1A|SEC16A|TRAPPC1|TRAPPC2|TRAPPC2L|TRAPPC3|TRAPPC4|CHMP7|TRAPPC5|TRAPPC6A|KLHL12|ANXA2|SNAP91|INSIG1|PDCD6|PEF1|PRKCI|GBF1|AP2M1|MAPK15|MX2|SEC31A|TRIM72|SEC24A|RILP|SEC13|CUL3|TBC1D20|S100A10|MYO18A|MIA3|ARFGAP2|TRAPPC10|AP1S2|FSIP1|SEC24B|SLC2A4|TRAPPC6B|CHMP4C|AP3S1|CHMP6|AP3S2|ARFGAP3|BTBD8|SEC23A|GOLPH3|SEC23B|SEC24C|AP3D1|SEC24D|SEC31B|CHMP4B|VAPA|DNM1|GOLPH3L|TMED9|SCAP|SNX3|PICALM|ARF1|WASL|TRAPPC9,https://www.gsea-msigdb.org/gsea/msigdb/mouse/geneset/GOBP_VESICLE_BUDDING_FROM_MEMBRANE,76,ENR,GOBP_VESICLE_BUDDING_FROM_MEMBRANE,2.5123000000000002,0,GOBP_VESICLE_BUDDING_FROM_MEMBRANE,FALSE,GOBP_VESICLE_BUDDING_FROM_MEMBRANE
42,2.7212463990471698,2.7212463990471698,2.7212463990471698,0.99809999999999999,0.13739999999999999,3.7000000000000002E-3,0.23200000000000001,RAB11A|LYST|PREPL|RAB14|ATG14|MCOLN1|BECN1|CLEC16A|DNM1L|RAB13|LRBA|ACAP2|BET1L|DENND2A|MYO5B|GOLT1A|ANKRD50|GOLT1B|ARL4C|HEATR5A|ATP9A|HEATR5B|WIPF3|CCDC93|SNX32|CHMP5|CMTM6|SNX8|DENND1C|TBC1D17|SNX31|TMEM87B|STX16|STX6|VPS26A|CDC42|VPS39|MAP2K2|RAB6B|SRC|DAB2|STX12|ITSN2|TBC1D10B|CLN5|LRRK2|MAP2K1|MAPK1|ALMS1|CCDC22|EHD1|GBF1|TBC1D5|SNX1|RAB8A|SNX27|GOSR1|VPS11|AGAP2|CHMP1A|MSN|CHMP1B|CHMP2A|ARFIP1|CHMP2B|CHMP3|GRIP2|CHMP4C|CHMP6|SCRIB|STX7|ARHGAP44|BTBD8|KIF16B|INPP5F|PIKFYVE|RAB12|EPS15L1|STX8|VPS25|ACTN2|AKAP5|MTMR4|TRIM27|TBC1D10C|WAS|HOOK1|DENND1A|EVI5|RGP1|ANXA8|SGSM2|EPS15|PLA2G4E|NSG1|VAMP3|RCSD1|COMMD1|CORO1A|REPS1|PIK3C3|REPS2|SNX9|RAB7|PIK3R4|SORL1|SNX5|EHD3|BLOC1S1|BLOC1S2|EHD2|FLNA|AKTIP|NDRG4|DNAJC13|HOOK2|RILP|WDR91|TBC1D14|VPS26B|ALS2|SH3GLB1|VPS36|SORT1|ZFYVE9|SPAG9|AP1S1|TRAPPC10|AP1S2|YKT6|BAIAP3|ARL8B|LRP2|ATP6AP1|SNX2|SCARB2|TMCC1|TBC1D10A|ARL1|FCGR2B|ARF6|RAB10|TMEM50A|TMEM50B|UBE2O|VTA1|SNX6|ABCA1|SNX4|RAB5A|SNAP25|EZR|MYO1D|RAB35|RAB21|RAB4B|VPS4B|NSG2|RUFY1|ITSN1|HOOK3|RAB6A|SNX18|GRIPAP1|SNX30|VCP|SNX7|UBXN6|MTMR2|DPY30|MICALL2|VPS35|RNF126|WDR81|ALS2CL|VPS13B|CALY|RAB17|RAB11FIP3|PLA2G3|EHD4|DENND5A|USP7|CHMP4B|GCC2|ERC1|VPS54|HGS|MICALL1|ARHGAP8|NF2|PICALM|SNX16|RDX|ANKFY1|VPS29|ZDHHC2|VTI1B|DCTN1|GGA3|TOM1|VPS4A|VPS28|VPS52|VPS53|RUFY4|MAPK3|SNX33|DENND1B|ZFYVE16|EMP2|ANKRD27|CHMP7|CORO1C|HTT|GRIP1|VAMP4|RAB11FIP4|TMEM87A|RAB8B|LAPTM4B|RAB11B|SNX12|STX5A|SNX17|VTI1A|VPS16|AP3D1|RAB9|ARHGAP1|CLTC|DYNC1LI1|SNF8|STAM|LMTK2|PTPN23|LEPROT|LEPROTL1|PLEKHA3|PLEKHJ1|SNX3|BCL2L1|RHOBTB3|TBC1D23|ARFRP1|GGA1,https://www.gsea-msigdb.org/gsea/msigdb/mouse/geneset/GOBP_ENDOSOMAL_TRANSPORT,246,ENR,GOBP_ENDOSOMAL_TRANSPORT,2.5455000000000001,1.9E-3,GOBP_ENDOSOMAL_TRANSPORT,FALSE,GOBP_ENDOSOMAL_TRANSPORT
32,2.74472749489669,2.74472749489669,2.74472749489669,1,9.4299999999999995E-2,9.1999999999999998E-3,0.71099999999999997,APOA1|HES5|MTSS1|AIMP1|EPHA2|STAT1|B4GALT1|CCR3|NFKBIZ|CDC42|SLURP1|AR|PRDM1|PRKD2|ECM1|ERBB4|MAP2K1|MAPK1|FGF7|THAP1|IGFBP4|NCF1|NME1|NME2|ITGA4|HTR2B|HMGN1|SLC39A9|NPPB|ZFP36|AGAP2|PGR|FLT1|GHRL|MST1|STAT6|IGFBP5|TNFAIP3|KIT|PTN|BMPR2|RTN4|SPARC|FAM3C|SCG2|LGR4|PDGFB|THBS4|VEGFA|ZFP580|NFATC1|ROBO1|NR4A1|TGFB1|PRKCA|PROK2|F3|PURA|RICTOR|ACVRL1|ALOX5|ANG|B2M|NFIB|PIK3CB|PIK3CD|SULF1|SULF2|ERBB3|TACR1|GPC3|AKT1|TBX2|ATP7A|BTRC|PLCG1|BID|KRIT1|CCL11|CCL12|FOXP2|RASGRF1|CCL2|EGFL7|CCL24|STXBP4|VEGFB|CCL5|BMPR1A|ITGB1BP1|GDF5|MCC|LAMA5|FABP7|IFT122|LIMS1|LIMS2|GJA1|OSR2|RUNX2|SIX1|CXCL12|TRP63|SMO|TBX18|WDR13|MYC|DAB2IP|NF1|GATA3|GATA6|GATA2|IFT57|TMIGD1|WNT2|CDC73|LRG1|IFT80|FGFR3|MEF2C|NOD2|NOTCH1|NOTCH2|NUPR1|TGM1|REG1|VHL|ZEB2|REG3A|EPPK1|REG3G|ACVR2A|MAP2K5|TNF|KRT2|BRCA2|ERN1|ESRP1|ESRP2|BAX|KRT4|TCF19|HMX2|POLR3G|IFNG|HSF1|CDKN2A|SHH|CELF1|NR4A3|HNF1B|CRNN|CDH1|CDK4|CDKN1B|CHUK|CLDN1|DICER1|FUT2|HYAL1|NRBP1|EGFR|ST8SIA1|TNMD|SYNJ2BP|HMGB1|IGF1|IGF2|TRIM24|ID2|IRS2|AQP11|MTOR|BC028528|LOXL2|NR1D1|GLUL|BMPER|CDKN1C|CLDN18|MEN1|PGF|COL4A3|ARX|NCSTN|WFDC1|FGFR2|THBS1|TNFSF11|TIE1|PDCD6|HEY1|PDX1|KIF3A|C5AR1|LGR5|MAGED1|CEBPB|GAS1|NOG|SERPINF1|TCF7L2|IFT172|IFT52|KDM5B|OVOL1|COL8A2|PRKX|SOX2|PYGO2|TEK|TGFB3|TACSTD2|WNT5A|FOXP1|TWIST2|DLK1|GRN|SERPINB1A|SERPINB1B|SERPINB1C|NPM1|HMGB2|SGPP2|VASH1|FLCN|VASH2|IL10|BNC1|EAF2|MMRN2|RAP1GAP|FLT4|PRKDC|CDKN1A|AGGF1|LIPA|SAAL1|FGF18|FGF2|EFNB2|PLXNB3|EGR3|ERBB2|SEMA5A|MMP12|FGF10|ZFP36L1|CDKN2B|PSEN1|RBPJ|ALDH1A2|RPTOR|SIRT6|BMP5|BMP6|MAP2K2|HMGA2|IHH|DAB2|RAF1|STAT3|EDNRB|TBX1|TGFBR1|HTRA1|ALMS1|KLK8|SDR16C5|DLX5|AKT3|MDK|MMP14|MKI67|SUZ12|STK11|BIRC5|NRARP|SRSF6|UHRF1|RUNX3|SIDT2|NKX2-5|SFRP1|GKN3|EPGN|WDR77|APOE|AGTR1A|ARG1|SOX11|BAD|STAT5A|APLNR|ITGB3BP|BAK1|TSC2|BMP4|COL8A1|WNT10B|WNT3A|XBP1|BGLAP|BGLAP2|ZEB1|FUT1|GGCX|RREB1|CXCR3|PTPRV|CYBA|DLG1|NRAS|PDCL3|DYSF|ATF2|EDNRA|APOH|CCND2|CPB2|CTSL|BCL2L2|IQGAP3|FRS2|FZD7|HPN|CAV2|IFT88|CAV1|CEACAM1|CEACAM2|CXADR|PLAU|TINF2|DEAF1|CD34|COL18A1|ITGB3|POLD4|HDAC6|HGF|LRP6|AREG|CLEC12B|JUN|KLF9|KDR|SERPINB5|FGFBP1|PPP1R16B|BMYC|CDH13|DACH1|PAX6|ATOH8|TGFA|NR2F2|OSR1|EREG|RB1|FA2H|PDPK1|PHB2|EYA1|BCL11B|TGFBR3|NLRC3|GLI1|PRKD1|GLI2|PPARD|BC004004|GPX1|IGFBP3|PTEN|SFN|SCARB1|SMAD3|PHIP|SCN5A|SP1|ID1|NKX2-3|TWIST1|TGFB2|PDCD10|XDH|APLN|CFLAR|HOXA5|HSPG2|PPARG|ADAM17|WDR48|AGER|RGN|ESR1|STK3|BTK|ENPEP|STK4|PTPRK|FGF1|FGFR1|SIRT1|PROX1|SIX4|SOX9|PKHD1|ZFP703|CYP7B1|RPS6KA1|ERRFI1|APC|CDK6|MED1|DLL4|DSC1|AZIN1|FST|CASK|SNAI2|DUSP10|FAP|CTNNB1|EGF|HES1|PTPRN|FGL1|ISL1|ITPR1|A4GNT|CCND1|FERMT1|CDH3|HLX|ESR2|IL12A|IL12B|MYCN|VDR|ENG|NGFR|PAX2|IL18|FGF9|CD109|NKX6-1|ETV4|HAS2|PTCH1|PTPRM|ADK|ADORA2B|IFT74|IL6|INTU|IRF6|OVOL2|SFRP2|HMOX1|JAG1|SAV1|EXTL3|TFAP2C|MARVELD3|WNT16|YAP1|BCL2L1|VEGFC|CDC25A|MTA3,https://www.gsea-msigdb.org/gsea/msigdb/mouse/geneset/GOBP_EPITHELIAL_CELL_PROLIFERATION,472,ENR,GOBP_EPITHELIAL_CELL_PROLIFERATION,2.3349000000000002,0,GOBP_EPITHELIAL_CELL_PROLIFERATION,FALSE,GOBP_EPITHELIAL_CELL_PROLIFERATION
2,2.2218487496163601,2.2218487496163601,2.2218487496163601,0.99399999999999999,0.10100000000000001,3.56E-2,1,DLG5|ZMYND8|LPAR1|NRP1|NEURL1A|DNM1L|ADAM10|CDK5R1|CDKL5|TMEM106B|TPBG|MYO5B|EFNA1|CAMK1D|ABI1|PSEN1|EPHB3|RTN4IP1|CDC42|DGKG|PHACTR1|BMP5|DIP2A|LLPH|LRRK2|MFN1|PACSIN1|CHRNB2|LST1|CPEB3|DHX36|NCK2|SRGAP2|DBN1|PIAS2|STK11|PBRM1|PAK4|UBE3A|EZH2|ABI2|GHRL|DCX|ITPKA|PAFAH1B1|ARHGAP44|OPA1|RAPGEF4|FMR1|KLF7|SGK1|IGF2BP1|PREX1|BAIAP2|PTN|ABL1|DSCAM|ULK4|APOE|MET|ABI3|AKAP5|CTNNA2|PLK2|ARF1|NTN1|WASL|ROBO1|SARM1|TSC2|ABI3BP|CACNA1F|PAK2|PDLIM5|NGEF|ACSL4|ROCK2|SHANK3|KALRN|STAU2|MATN2|BBS4|DNM3|TRAPPC4|CLIP1|MAPK8IP2|MINK1|ATP7A|NLGN2|BDNF|TIAM1|ATG16L1|SIPA1L1|CFL1|MAPKAPK5|GPR37|CAMK2A|SHANK1|PRKG1|CDK5|FYN|CACNA1A|CNTNAP2|PALM|TNIK|NTN3|D16ERTD472E|GRIN1|FOXO6|SH3GLB1|FBXO31|DYNLT1A|NTN5|DTNBP1|DYNLT1B|DYNLT1F|CTNND2|ITGB1|CRP|DPYSL5|DACT1|DCDC2A|HDAC6|MFN2|CRK|ACTR2|CAMK1|FCGR2B|ARF6|IGSF9|NUMB|DAB2IP|MYO6|NDP|NUMBL|MARCKS|NR3C1|NTRK2|MEF2A|DVL1|MFSD2A|PAK1|TBC1D24|STRN|ARID1B|BMP7|CRKL|COBL|BBS1|NEDD4|NEDD4L|NLGN3|SEMA4D|KIF1A|PPP1R9B|CUL7|CYTH2|RAP2A|FAT3|MEF2C|MARK1|NEUROG3|OBSL1|PARP6|RAB21|PPP3CA|SDC2|SEZ6|SS18L1|ZFP296|BCL11A|CC2D1A|RHOA|ACTR3|GPX4|PTEN|RAPGEF2|DOCK10|RELN|CDKL3|SLC25A46|D130043K22RIK|SPIRE1|DAB1|ITSN1|FSTL4|GORASP1|IQSEC1|SEMA3A|SLC30A1|ELAVL4|ID1|SLC9A6|ILK|PAK3|PTPRS|TRAK2|HNRNPK|KIDINS220|RAB17|NFATC4|TRPC6|HDAC2|YWHAH|CAMK2B|PPP1R9A|FARP1|DISC1|ZFP365|PREX2|PTPRF|PTPRZ1|CELSR2|DLG4|PICALM|MAPK6|EEF2K|CD3E|RERE|TAOK2|GSK3A|GSK3B|CAMSAP2|MPDZ|PQBP1|TRAK1|FLRT1|IQGAP1|TET1|PRMT3|PPFIA2|MTOR|SRCIN1|TANC2|ZDHHC15|ARC|MAPK8|CASK|DBNL|SULT4A1|CARM1|CUX1|ANKRD27|EPHA5|EPHB2|NLGN1|EPHA4|FAS|GRIP1|MECP2|VLDLR|CREBBP|SDK1|UBA6|LRP4|SCARF1|ZFP212|ASAP1|ARHGAP33|CAPRIN1|CAPRIN2|FZD4|TULP1|CYFIP1|ARF4|APP|WNT5A|DCLK1|PTPRD|RBFOX2|NGFR|ABL2|GRN|LRP8|ACTL6B|ANAPC2|IL2|BTBD3|EIF4G2|PRICKLE1|CDC20|CRTC1|FBXW8|CIT|HECW2|GIT1|SLC12A5|SLITRK5|ACHE|BHLHB9|IL1RAPL1|SLC11A2|XLR3B|RAC1|WLS|CUX2|EPHB1,https://www.gsea-msigdb.org/gsea/msigdb/mouse/geneset/GOBP_DENDRITE_DEVELOPMENT,297,ENR,GOBP_DENDRITE_DEVELOPMENT,2.0249999999999999,6.0000000000000001E-3,GOBP_DENDRITE_DEVELOPMENT,FALSE,GOBP_DENDRITE_DEVELOPMENT
55,1.92081875395238,1.92081875395238,1.92081875395238,0.98799999999999999,0.2087,8.77E-2,1,CNR1|OXTR|ADORA3|ENTPD1|KCNB1|SYT7|SYT11|AGT|RAB3A|PINK1|CHRNA4|PTGER3|SDHD|CRHR2|NISCH|GNAT1|SNCA|PRKCB|SYT4|MECP2|PLCD1|KPNA4|ABAT|ADORA2A|CHRNB2|LY6E|CHGA|MYO5A|P2RY12|SYT1|FFAR3|XLR4A|DTNBP1|XLR4B|GABBR1|CXCL12|CADPS|PCP4|KCNA2|ADORA2B|PTGS1|STX1A|SNCG|RTN4|P2RY1|COMT|OXT|GCK|SLC18A1|TGM2|SLC18A2,https://www.gsea-msigdb.org/gsea/msigdb/mouse/geneset/GOBP_CATECHOLAMINE_SECRETION,51,ENR,GOBP_CATECHOLAMINE_SECRETION,1.7724,1.2E-2,GOBP_CATECHOLAMINE_SECRETION,FALSE,GOBP_CATECHOLAMINE_SECRETION
,2.4089353929735,2.4089353929735,2.4089353929735,0.99609999999999999,0.32879999999999998,5.5399999999999998E-2,1,PACSIN2|TMEM30A|VPS35|SORL1|NRP1|EGF|MGAT3|AKAP11|ARF6|MICALL1|TOLLIP|DTX3L|MSN|RAB35|RCSD1|ZDHHC1|ANKRD13A|ROCK2|NF2|VEGFA|EGFR|RDX|ARL8B|EZR,https://www.gsea-msigdb.org/gsea/msigdb/mouse/geneset/GOBP_PROTEIN_LOCALIZATION_TO_ENDOSOME,24,ENR,GOBP_PROTEIN_LOCALIZATION_TO_ENDOSOME,1.8935,3.8999999999999998E-3,GOBP_PROTEIN_LOCALIZATION_TO_ENDOSOME,FALSE,GOBP_PROTEIN_LOCALIZATION_TO_ENDOSOME
54,2.2218487496163601,2.2218487496163601,2.2218487496163601,0.99399999999999999,0.22650000000000001,2.06E-2,0.97799999999999998,GSK3B|RAB11A|SYNGR1|ZDHHC2|SLC8A2|LNPEP|CHRD|NEURL1A|CAMK2D|NCDN|EGR1|ARC|SHANK3|AGT|CLN3|RAB3A|SYP|UNC13A|STAR|UNC13B|EPHB2|SNCA|SYT4|GSG1L|BDNF|VGF|CAMK2G|RASGRF1|CPEB1|S100B|CAMK2A|SHISA9|ATP1A3|EGR2|NOG|KRAS|RAB8A|GRIN1|SYAP1|GRIN2C|APP|PPFIA3|GRIK2|JPH3|GRIK1|CAMK2B|FMR1|NPTN|FXR1|FXR2|KIT|KCNJ10|KDR|FCGR2B|SYN1|NF1|CNTN2|KCNN2|DLG4|RAC1|SLC4A10|MYLK2|RAB5A|RAB3GAP1|SYNPO,https://www.gsea-msigdb.org/gsea/msigdb/mouse/geneset/GOBP_REGULATION_OF_NEURONAL_SYNAPTIC_PLASTICITY,65,ENR,GOBP_REGULATION_OF_NEURONAL_SYNAPTIC_PLASTICITY,2.1669999999999998,6.0000000000000001E-3,GOBP_REGULATION_OF_NEURONAL_SYNAPTIC_PLASTICITY,FALSE,GOBP_REGULATION_OF_NEURONAL_SYNAPTIC_PLASTICITY
18,1.7520267336381901,1.7520267336381901,1.7520267336381901,0.98229999999999995,7.8399999999999997E-2,0.09,1,OPHN1|OGT|PSMF1|UBXN2A|CLEC16A|CAML|GABARAP|GABARAPL2|PABPN1L|RPL23|SERPINE1|EFNA1|FHIT|GLMN|PPP1R15A|PSEN1|RNF185|CWH43|UBE2K|ADRA2A|RPL5|TMF1|SIRT6|RNF139|USP38|HSPA1B|SRC|DAB2|HSPA8|STAT3|SENP1|UBB|ECM1|LRRK2|CCDC22|LAPTM5|NEDD8|MMP14|SH3RF3|TLK2|SERPINB9|SERPINB9B|C2CD3|RAD23A|RAD23B|UBE3A|TAF9|HSPA1A|SOCS5|EIF3H|NUDT15|CSNK1D|PERP|SH3RF1|FMR1|SOCS4|TMEM98|SERPINE2|SMARCC1|RHBDD1|RNFT1|MYH9|TNFRSF1B|SVIP|ECSCR|APOE|XPO1|CYFIP2|BAD|CAST|PLK2|RAB23|RPL11|INPP5B|ASPH|BAK1|CLU|PIAS1|WNT10B|XBP1|TREM2|CAPN3|PTK2|RPS7|USP14|LRIG2|COMMD1|SNX9|ANKS1|BAG5|FOXF2|CSNK2A2|RNF180|HIPK2|PIK3R1|AGTPBP1|PBK|STUB1|PDCL3|PHF20L1|RYBP|STYX|TRIM39|WAC|AKT1|HSPBP1|ATG7|UFSP2|ATP13A2|ANXA2|AURKA|BTRC|RNF40|CLEC3B|CPB2|CTSZ|ARAF|CBFA2T3|CRB2|F12|CFL1|RCN3|SERPINB13|TGFB1I1|FURIN|SERPINB8|SPINK6|HPN|SPOCK1|SPOCK3|IFT88|TIMP3|CDK5|CAV1|USP9X|ZFP418|PLAT|PLAU|CD46|S100A10|SERPINF2|BCAP31|TANK|UBXN1|FBXO22|FBXW7|USP13|USP19|USP25|GIPC1|TRIM32|IDE|WNT1|RECK|TIMP1|TIMM17A|TIMM23|HDAC6|KCNE2|SH3RF2|USP5|PKD1|CSTB|SPINK5|TMTC3|TIMP2|WFIKKN1|F2|TBC1D10A|DAB2IP|ANTXR1|RBX1|IL1R2|SERPINB6A|SH3D19|DVL1|SERPINB6B|TIMP4|SERPINB6C|TSPAN15|TSPAN17|HAMP|TSPAN5|EFNA3|MTM1|PSMA3|BAG6|PSMB8|TRAF3|CST3|IL1B|RHBDF2|LYN|KNG1|VTN|EIF2AK3|KNG2|OAZ1|PARL|MBL2|PLAUR|QRICH2|DLGAP1|SUFU|NUPR1|PML|PRMT6|PARK7|PSMD10|CASP8|CLDN13|PSEN2|CST7|GPX1|PTK2B|DNAJB2|PTEN|PTPN3|TNF|MBP|SPOP|NKD2|ERN1|PSME1|TRF|VCP|PSME2|PSME3|MAPK9|PLK1|RGMA|CHAC1|NFE2L1|SUMO1|NR1H2|IFNG|NR1H3|SPINK2|TMEM168|CDK5RAP3|AURKAIP1|CDKN2A|SHH|PTPN1|UBQLN1|ADAM9|L3MBTL3|HDAC2|UBE2V2|UBQLN4|FBXW11|UCHL5|CSNK2B|PRELID1|PRKACA|USP7|AGER|CLN6|CDH1|DISC1|RGN|SCO1|CNTN2|HERPUD1|SIRT1|SIRT2|SIRT4|RPS6KA2|APH1B|SGTA|NOTCH4|EIF2A|SMURF1|STFA1|STFA2|STFA2L1|STFA3|GSK3A|CSNK1E|GSK3B|TRIB3|GPLD1|FGFR4|INS1|INS2|PSENEN|SPOPL|PAQR3|SPON1|AQP11|MTOR|FUZ|CTSC|CLN3|CTSH|MAPK8|SNX33|TMED10|MDM2|CLDN3|SUMO3|ZFAND2A|CTNND1|NCSTN|GCLC|HSP90AB1|EGF|EPHA4|FADD|THBS1|BBS7|PLK3|DDA1|DET1|NUB1|OSBPL7|SUMO2|PSMD14|ZER1|ZYG11B|AXIN2|TM4SF20|TRIB2|GAS1|FETUB|GLG1|TRP53|IFT52|LDLRAD3|PACSIN3|TNP2|PRKACB|SNX12|HFE|RNFT2|SERPINB7|ATXN3|CSNK1A1|RHBDF1|TMX1|AGBL4|TTC36|APP|BAG2|RCHY1|TMEM67|FZR1|WFS1|GNA12|N4BP1|GRN|CLDN4|ENO1|SERPINB1A|ADAM8|SERPINB1B|GSN|SERPINB1C|EP300|PRICKLE1|TRIB1|CDC20|IL33|ALAD|IL10|CHFR|FBXW8|LATS1|AXIN1|GAPDH|SFRP2|BIN1|CCBE1|TRAF7|PRSS22|UBQLN2|LAMP3|NLRC4|APH1A|RHOBTB3|APH1C|CTLA2A|DDRGK1|F8A,https://www.gsea-msigdb.org/gsea/msigdb/mouse/geneset/GOBP_REGULATION_OF_PROTEOLYSIS,384,ENR,GOBP_REGULATION_OF_PROTEOLYSIS,1.7645999999999999,1.77E-2,GOBP_REGULATION_OF_PROTEOLYSIS,FALSE,GOBP_REGULATION_OF_PROTEOLYSIS
17,1.7619538968712001,1.7619538968712001,1.7619538968712001,0.98270000000000002,0.12770000000000001,6.5699999999999995E-2,1,RAB11A|OGT|LGALS3|LZTFL1|PPP1R9B|ADAM10|GABARAP|RAP1A|RHOG|PDPK1|MYO5B|EPHA2|IQSEC2|PRNP|ACTR3|RANGRF|SFN|SIRT6|AR|SNCA|DAB2|PRKCZ|TNF|MAP2K1|CAMK2G|NKD2|TMEM108|TMED2|AP2M1|GRIPAP1|LYPLA1|TMEM59|PLK1|STAC|STAC2|MMP14|STAC3|MYO5A|DAG1|VPS35|ATP2C1|KIF2C|EPHA3|CIB1|CSRP3|WNK1|WNK4|STX7|ARHGAP44|CAMK2B|GPSM2|RAPGEF4|STX8|RAMP3|CDH1|PPP2R5A|TMBIM1|PTPN9|TRAF6|ABI3|NBEA|AKAP5|PID1|ATP2B4|MRAP|CNPY4|PKP1|GNAI1|MAGI2|PICALM|RHOQ|EGFR|GSK3B|ZDHHC2|LRRC15|VTI1B|LDLRAP1|LRP1|INS1|PIAS1|INS2|TGFB1|WNT3A|ACSL3|PPFIA1|VPS4A|CAMK2D|TREM2|STX3|NHLRC1|CSK|KALRN|PIK3R2|CLN3|ZDHHC7|COMMD1|APPL1|CLIP3|PIK3R1|DLG1|DPP10|EPHB2|DPP6|PKDCC|NRXN1|AKT1|GRIP1|VAMP4|PLS1|PRKCI|CAMK2A|LYPLAL1|KIF5B|SORBS1|CDK5|GPC4|VIL1|GPC6|NETO2|RAB38|TNIK|VPS26B|CACNA2D2|NGDN|LYPD1|ZDHHC5|ITGA3|ITGB1|RER1|ACTB|HECTD1|EIF4G1|CLTC|KCNJ11|NUMA1|ARF6|NUMB|EFCAB7|PGRMC1|AGR2|ARHGEF16|RAB11FIP2|SQSTM1|BCL2L1|ABCA2|STX4A|CSNK2A1|VAMP8|EZR|CNST,https://www.gsea-msigdb.org/gsea/msigdb/mouse/geneset/GOBP_REGULATION_OF_PROTEIN_LOCALIZATION_TO_CELL_PERIPHERY,150,ENR,GOBP_REGULATION_OF_PROTEIN_LOCALIZATION_TO_CELL_PERIPHERY,1.8524,1.7299999999999999E-2,GOBP_REGULATION_OF_PROTEIN_LOCALIZATION_TO_CELL_PERIPHERY,FALSE,GOBP_REGULATION_OF_PROTEIN_LOCALIZATION_TO_CELL_PERIPHERY
16,2.6989700043360201,2.6989700043360201,2.6989700043360201,0.998,0.18279999999999999,7.9000000000000008E-3,0.63200000000000001,FANCB|DPF1|DPF2|MAD2L2|DPF3|EP400|EPC2|RECQL5|NBN|PML|PIAS4|FIGNL1|FMN2|FOXM1|POLQ|OTUB1|HELB|HELQ|PARP3|ING3|SIRT6|SETMAR|HMGA2|RUVBL1|RUVBL2|SPIRE1|KDM4D|KLHL15|MBTD1|MEAF6|MGMT|MORF4L1|MRE11A|KAT5|NUDT16L1|OOEP|RIF1|PLK1|PPP4C|RNF8|SMCHD1|RAD51AP1|TWIST1|TEX15|TOP2B|PBRM1|RNF126|ATM|RNF169|ATR|PELI1|RPA2|PHF10|SENP3|HSF1|SKP2|C1QBP|SPIRE2|TIMELESS|UBE2V2|UBQLN4|USP51|WDR48|AGER|PARP1|SMARCA2|YEATS4|SMARCA4|SMARCB1|SMARCC1|ZCWPW1|SMARCC2|ZFP365|SMARCD1|SMARCD2|ABL1|SMARCD3|SMARCE1|SIRT1|TRP53BP1|WAS|PPP4R2|FUS|VPS72|PRMT1|DMAP1|TRRAP|OGG1|DDX11|CREBBP|ERCC6|EPC1|UBE2N|PNKP|POT1A|POT1B|SETD2|MORF4L2|RTEL1|TERF2IP|WRAP53|KDM1A|FH1|ACTB|ACTL6A|ACTL6B|ARID1A|ARID2|RAD51|BLM|BRD7|ACTR2|ATRIP|BCL7A|BCL7B|BCL7C|BRD8|PRKDC|CHEK1|CSNK2A1|DEK,https://www.gsea-msigdb.org/gsea/msigdb/mouse/geneset/GOBP_REGULATION_OF_DOUBLE_STRAND_BREAK_REPAIR,121,ENR,GOBP_REGULATION_OF_DOUBLE_STRAND_BREAK_REPAIR,2.3637999999999999,2E-3,GOBP_REGULATION_OF_DOUBLE_STRAND_BREAK_REPAIR,FALSE,GOBP_REGULATION_OF_DOUBLE_STRAND_BREAK_REPAIR
,1.8153085691824,1.8153085691824,1.8153085691824,0.98470000000000002,0.1759,7.5600000000000001E-2,1,BMP4|ITGA8|VANGL2|PIAS1|EREG|MEF2C|TGFB1|TMSB4X|FGF10|NOTCH1|PDCD4|PROK2|NOTCH2|ZEB1|ADM|WNT7B|AGT|CTH|NFATC2|ACVR1|CTNNB1|C3|FGFR2|EDNRA|TBX2|EDNRB|MECP2|TBX3|FOXO4|HES1|HEY1|RBPMS2|PRDM6|ANKRD17|EPC1|WNT4|TSHZ3|COMP|MESP1|CFH|PBRM1|EFEMP2|NFATC3|DNMT1|NFATC4|SHH|CFD|ENG|TMEM204|PITX2|FGF9|RAMP2|RCAN1|HEY2|SGCB|SIX1|SMAD6|SOD2|TBX18|SMARCA2|SMARCA4|MED28|KIT|SMARCD3|OLFM2|GATA6|PDGFRB|SIRT1|SRF|APLNR|NOTCH4|PDGFB|SOX9|NTF3|VEGFA|MYOCD|NFATC1|NPNT,https://www.gsea-msigdb.org/gsea/msigdb/mouse/geneset/GOBP_SMOOTH_MUSCLE_CELL_DIFFERENTIATION,78,ENR,GOBP_SMOOTH_MUSCLE_CELL_DIFFERENTIATION,1.8179000000000001,1.5299999999999999E-2,GOBP_SMOOTH_MUSCLE_CELL_DIFFERENTIATION,FALSE,GOBP_SMOOTH_MUSCLE_CELL_DIFFERENTIATION
3,1.65169513695184,1.65169513695184,1.65169513695184,0.97770000000000001,9.6500000000000002E-2,7.8799999999999995E-2,1,OGT|RAB31|RAB13|EPHB4|ERBB2|GPR21|PKLR|EPHA2|SHC1|FLT3|PRKAA1|ZFP36L1|EPHB3|SIK2|RPS6KB2|SRC|PRKCB|RAF1|PRKCD|PRKCQ|PRKCZ|ERBB4|MAP2K1|UCP2|MAPK1|AKT2|IGFBP1|CPEB1|KBTBD2|CPEB2|NCOA2|AKT3|MERTK|USF1|RAB8A|NCOA1|FLT1|PTPN2|FOXO1|INPPL1|EPHA3|AHSG|ADIPOQ|CTSD|EIF4EBP1|OPA1|PARP1|SGK1|KIT|SMARCC1|ROR2|SOCS1|MET|NCK1|SOS1|EPHA7|SOS2|MSTN|PID1|RBM4|RHOQ|NTRK3|YWHAG|BCAR3|ZBTB7B|TSC2|KANK1|TYRO3|MYO1C|PDE3B|DDR1|XBP1|BGLAP|PRKCA|BGLAP2|EPHA1|GGCX|ADIPOR1|PIK3R2|AGT|STAR|APPL1|PTPRV|PIK3R1|PIP4K2A|PIP4K2B|SORL1|PIP4K2C|SNX5|AKT1|OSBPL8|ANKRD26|PRKCI|PTPN11|CCL2|APPL2|COL6A1|SH2B2|TRIM72|CAPN10|CAV2|STXBP4|C1QTNF9|MUSK|CEACAM1|CEACAM2|CUL3|INSRR|GOT1|UCHL3|GPT|PTPRA|IDE|SGCB|LTK|MFN2|MUP1|MUP2|GRB2|KDR|MAPKAP1|MUP3|MUP5|LONP1|RAB10|LPIN1|LPIN2|LPIN3|RBX1|MARCKS|NTRK2|USO1|PAK1|IL1B|ECHDC3|NCOA5|VWA2|ZFP592|PAX6|RPS6KB1|ESRRA|PCK1|CUL7|FGFR3|PCK2|DENND4C|PCSK9|RB1|PDPK1|CDK2|GPAM|PTEN|PTPRE|RARRES2|SLC25A33|GSTP1|HDAC9|HMGA1|PHIP|TNF|INSIG1|FOXO4|INSIG2|SLC27A4|GRB14|SP1|NUCKS1|LPL|SLC9A1|NTRK1|SOCS7|PTPRJ|MYO5A|NUCB2|SESN3|HNRNPK|SYAP1|FFAR3|PDK2|PDK4|PTPN1|CSRP3|VAMP2|SLC2A4|PIK3CA|SLC2A8|PPARG|PTPRF|SCO1|SLC39A14|PDGFRA|BLVRA|FGFR1|PDGFRB|SIRT1|ENPP1|GH|SLC27A1|PLCB1|EEF2K|SREBF1|EGFR|GCK|DDR2|GRB10|GSK3A|IGF1R|GSK3B|TRIB3|GPLD1|IGF2|WDTC1|FGFR4|INPP5K|INS1|INHBB|INS2|APC|INSR|IRS1|IRS2|TBC1D4|MTOR|ATP2B1|MAPK3|SERPINA12|ZDHHC7|GCLC|SOCS3|EPHA5|EPHB2|EPHA4|FGFR2|GNAI2|TIE1|NR1H4|FUT7|SORBS1|IRS3|NCL|PIK3R3|CYFIP1|TEK|NDEL1|MST1R|EIF4EBP2|GKAP1|SRSF3|FBP1|AXL|RELA|FBXW8|RET|BLVRB|GRB7|FLT4|ZFP106|BCAR1|PRKDC|HMGCS2|CSF1R|KAT2B|EPHB1|FOXC2,https://www.gsea-msigdb.org/gsea/msigdb/mouse/geneset/GOBP_CELLULAR_RESPONSE_TO_INSULIN_STIMULUS,264,ENR,GOBP_CELLULAR_RESPONSE_TO_INSULIN_STIMULUS,1.806,2.23E-2,GOBP_CELLULAR_RESPONSE_TO_INSULIN_STIMULUS,FALSE,GOBP_CELLULAR_RESPONSE_TO_INSULIN_STIMULUS
32,2.2006594505464201,2.2006594505464201,2.2006594505464201,0.99370000000000003,0.24929999999999999,5.8299999999999998E-2,1,TSC2|SYNJ2BP|ATOH8|NR2F2|PDCD10|XDH|APC|FLT1|AIMP1|MEF2C|DLL4|IL12A|GHRL|IL12B|STAT1|ENG|NGFR|DLK1|GJA1|ACVRL1|ALOX5|COL4A3|PPARG|CXCR3|AGER|PTPRM|VASH1|SULF1|THBS1|TNF|APOH|NF1|APOE|SPARC|TGFBR1|KRIT1|MMRN2|CCL12|CAV2|CAV1|TNMD,https://www.gsea-msigdb.org/gsea/msigdb/mouse/geneset/GOBP_NEGATIVE_REGULATION_OF_ENDOTHELIAL_CELL_PROLIFERATION,41,ENR,GOBP_NEGATIVE_REGULATION_OF_ENDOTHELIAL_CELL_PROLIFERATION,1.8816999999999999,6.3E-3,GOBP_NEGATIVE_REGULATION_OF_ENDOTHELIAL_CELL_PROLIFERATION,FALSE,GOBP_NEGATIVE_REGULATION_OF_ENDOTHELIAL_CELL_PROLIFERATION
10,2.74472749489669,2.74472749489669,2.74472749489669,1,0.1401,2.24E-2,0.98699999999999999,RAB18|MDFIC|NOLC1|ELAVL1|SIX2|MMP12|PHB2|APOD|NOTCH1|FAM53B|PML|PPP3CA|GLI3|PPP3R1|PRKAG1|PRKD1|PSEN1|CWH43|GCKR|HCLS1|PTPN22|SIRT6|AKAP1|BMP2|DDX5|HDAC3|HSPA8|STAT3|PRKCD|HNF4A|PRKCQ|PHIP|DYRK1A|LRRK2|PKIA|MAPK1|TRAF3IP2|KPNA1|TPR|HSPA12A|MAPK14|RANBP2|HNRNPA1|SUMO1|IFNG|RPAIN|ADAR|TRIM28|UFM1|UBR5|NFATC3|FAM53A|ING1|SHH|FAM53C|IPO11|IPO13|IPO8|KPNA3|NUP50|RANBP6|SPRN|TMCO6|NUP85|TNPO1|TNPO3|JUP|AKIRIN2|CDH1|SYK|NUP153|BACH2|BMPR2|PTGS2|NUP98|SNUPN|STK3|STK4|KPNB1|PKIG|AKAP5|NFKBIA|NUP54|ABRA|HTATIP2|NUP62|RAB23|RAN|FCHSD1|ECT2|NR4A1|TNFRSF1A|ZC3H12A|NUP155|TSC2|BMP4|MED1|TGFB1|XBP1|YWHAB|IPO7|PIK3R2|AGT|BCL3|CRY2|RBM22|APPL1|DMAP1|HEATR3|PIK3R1|HSP90AA1|HSP90AB1|IPO4|CDAN1|IPO9|AKT1|ATF2|KPNA4|CDK1|IPO5|FLNA|CFL1|APPL2|ANGPT1|BRCA1|TRP53|NUP107|NUP133|SEC13|BMPR1A|CD36|BAG3|FERMT1|TNPO2|SPG11|TEK|EI24|TXNIP|GBP4|NUP188|POLA2|POM121|CSE1L|FGF9|NUP214|NUTF2|PTPN5|PTTG1IP|E2F3|EIF4ENIF1|CABP1|HYAL2|SMO|EP300|PRICKLE1|IL33|AGAP3|NUP35|IL6|NUP88|TARDBP|EFCAB7|LMNA|NF1|UACA|ZIC1|JAK2|MAVS|KPNA6|KPNA2|CDKN1A|SQSTM1|NUP93|NOS3,https://www.gsea-msigdb.org/gsea/msigdb/mouse/geneset/GOBP_IMPORT_INTO_NUCLEUS,174,ENR,GOBP_IMPORT_INTO_NUCLEUS,2.1461999999999999,0,GOBP_IMPORT_INTO_NUCLEUS,FALSE,GOBP_IMPORT_INTO_NUCLEUS
64,2.74472749489669,2.74472749489669,2.74472749489669,1,0.29670000000000002,2.0999999999999999E-3,9.8000000000000004E-2,GSK3B|RAB11A|PPP1R9B|MID2|LUZP1|APC|CRIPT|CEP350|CEP63|BBS4|MID1|CEP250|TTBK2|CTTNBP2NL|CCDC14|FILIP1L|TRIM69|HTT|SNX10|GAS2L1|AURKA|KLHL21|HOOK3|MAPRE2|TTK|STIL|PCM1|MARK4|4933427D14RIK|C2CD3|DCTN2|KIF20B|CEP72|FAM83D|MAPRE1|FAM83H|PIBF1|RAB11FIP3|SPAG5|PARD6A|CSNK1D|NUDCD3|BICD1|DISC1|FILIP1|HNRNPU|CEP192|NSFL1C|ABL1|NUMA1|UBXN2B|STK3|MCPH1|MAPRE3|DVL1|NUP62|CEP78,https://www.gsea-msigdb.org/gsea/msigdb/mouse/geneset/GOBP_PROTEIN_LOCALIZATION_TO_CYTOSKELETON,57,ENR,GOBP_PROTEIN_LOCALIZATION_TO_CYTOSKELETON,2.6591999999999998,0,GOBP_PROTEIN_LOCALIZATION_TO_CYTOSKELETON,FALSE,GOBP_PROTEIN_LOCALIZATION_TO_CYTOSKELETON
34,2.74472749489669,2.74472749489669,2.74472749489669,1,0.11559999999999999,6.4999999999999997E-3,0.50600000000000001,DLG5|NRP1|NEURL1A|DNM1L|PLXNB3|ARHGAP32|CDH4|CDKL5|GOLGA4|SEMA5A|SKIL|ISLR2|TPBG|MYO5B|SOX8|TNFRSF12A|ZFYVE27|GLI3|PLXNB2|EPHB3|SLITRK6|PRKCH|TLR2|RPL4|BMP2|HDAC1|MAP2K2|CLCN2|MAP2K1|MFN1|MUP20|RNF112|MDK|IL34|DHX36|SPEN|ASPM|DAG1|SEMA4A|DBN1|PIAS2|STK11|EIF2B2|NKX2-2|FLT1|GHRL|CYSLTR1|DCX|ITPKA|PAFAH1B1|OPA1|FMR1|SERPINE2|SGK1|BAIAP2|KIT|PTN|BMPR2|TNFRSF1B|SMARCD3|DSCAM|RTN4|AGRN|APOE|EFNA5|MET|XRCC5|FLRT2|SOX11|AKAP5|FLRT3|DIXDC1|AMIGO1|SLIT2|CLSTN3|MEGF8|NTF3|VEGFA|NTN1|NTRK3|XRCC4|ROBO1|ROBO2|NAP1L1|OXTR|SYNJ1|LIMK1|TGFB1|WDR62|WNT3A|PRKCA|XRCC6|TSPO|PTK2|ZFP335|SHANK3|WNT3|BEX1|KALRN|STAU2|STAR|PIK3R1|DMRTA2|ARRB2|CBLN2|NLGN2|BDNF|TIAM1|LRRTM1|LRRTM2|CDON|ACE|PRKCI|SLITRK1|EGR2|KRAS|TWF2|GJC2|MUSK|TNIK|SH3GLB1|CRABP2|FBXO31|HAP1|KDM1A|ITGB1|TLE6|GFAP|FXN|PTPRA|TRIM32|CX3CL1|SHOX2|CXCL12|HDAC6|SMO|MFN2|NPTN|LRP2|ETV5|KDR|ACTR2|IL1RAP|MYC|NUMB|NUMBL|CLSTN2|MAN2A1|PLAG1|MAPT|MARCKS|NTRK2|OXT|NIN|PAK1|TBC1D24|IL1B|LYN|WNT2|L1CAM|PAX6|NGF|NLGN3|SEMA4D|LTA|AMIGO3|CUL7|LINGO4|PLXNB1|LRRC24|LRRN1|LRRN3|LRTM1|LRTM2|NOTCH1|OBSL1|SOX10|PARP6|SLITRK2|RAB21|THBS2|IQSEC2|SS18L1|BCL11A|CHODL|PLXNC1|RASSF10|ACTR3|TIAM2|ZEB2|RELN|BAG1|CDKL3|DLL3|TNF|IQSEC1|SLC30A1|ID4|MYB|ILK|NTRK1|TRF|PAK3|MAG|NKX6-2|RUFY3|IFNG|NEFL|STK25|XRCC2|SHH|VIM|HDAC2|UBE2V2|BRAF|CLSTN1|CAMK2B|PPARG|NRG1|DISC1|ATXN1|ZFP365|ADCY10|PTPRF|TRP73|MME|DICER1|FAIM|PTPRZ1|GH|SRF|DLG4|PICALM|SMURF1|EEF2K|EGFR|SRPX2|FN1|TGM2|METRN|AMIGO2|GSK3B|GDI1|TRAK1|IGF1|LRRTM3|IL6ST|LRP1|FLRT1|ID2|ASPA|MTOR|SLC7A5|ST8SIA2|MAPK8|CX3CR1|CASK|DBNL|DCT|CUX1|ANKRD27|CTNNB1|EPHB2|CXCR4|NLGN1|EPHA4|PPP1CC|NRXN1|GRIP1|MECP2|SNAP91|HES1|LPAR3|NOG|CAPRIN1|SERPINF1|CAPRIN2|FZD4|PLXND1|SOX2|CYFIP1|SEMA7A|TRPV2|MACF1|WNT5A|NDEL1|PTPRD|SPINT1|FZD3|SNW1|LRP8|ANAPC2|NKX6-1|RHEB|SRRT|LIF|EIF4G2|EP300|IL33|FXR1|IL6|FXR2|RELA|FBXW8|GOLGA2|MAP3K13|RGS14|BIN1|SLITRK5|E2F1|ACHE|BHLHB9|HIF1A|IL1RAPL1|ELL3|XLR3B|PRMT5|ADNP|WLS|CUX2|PRPF19|VEGFC|CSF1R|ENPP2|EPHB1|LIG4|FGF2,https://www.gsea-msigdb.org/gsea/msigdb/mouse/geneset/GOBP_POSITIVE_REGULATION_OF_NERVOUS_SYSTEM_DEVELOPMENT,327,ENR,GOBP_POSITIVE_REGULATION_OF_NERVOUS_SYSTEM_DEVELOPMENT,2.4138999999999999,0,GOBP_POSITIVE_REGULATION_OF_NERVOUS_SYSTEM_DEVELOPMENT,FALSE,GOBP_POSITIVE_REGULATION_OF_NERVOUS_SYSTEM_DEVELOPMENT
11,2.74472749489669,2.74472749489669,2.74472749489669,1,0.2387,1.8200000000000001E-2,0.95399999999999996,FBXO45|TYRO3|CDK5R1|PEX13|PEX5|SUN2|SYNE2|SLIT1|OGDH|GLI3|ZMIZ1|PSEN1|RHOA|MDGA1|LHX6|RNF7|ARX|RELN|CTNNB1|CXCR4|POU3F3|DAB1|LRRK2|FGF13|ARL13B|SOCS7|CDK5|SRGAP2|P2RY12|WDR47|LAMB1|SUN1|EMX2|NDEL1|DCX|LRP8|PAFAH1B1|CXCL12|NRG1|LRP6|MBOAT7|CDK5R2|CUL5|AXL|DISC1|EFHC1|CCDC141|DAB2IP|RTN4|ULK4|CNTN2|FGFR1|NKX2-1|DIXDC1|SLIT2|SRF|RAC1|COL3A1|EGFR|ROBO1|TNR,https://www.gsea-msigdb.org/gsea/msigdb/mouse/geneset/GOBP_FOREBRAIN_CELL_MIGRATION,61,ENR,GOBP_FOREBRAIN_CELL_MIGRATION,2.1928000000000001,0,GOBP_FOREBRAIN_CELL_MIGRATION,FALSE,GOBP_FOREBRAIN_CELL_MIGRATION
,1.84771165561694,1.84771165561694,1.84771165561694,0.98580000000000001,0.24160000000000001,6.7699999999999996E-2,1,LDLR|APOA1|APOA2|CD36|LIMA1|CYP8B1|CLDN2|HEPH|FABP2|SLC26A6|VDR|DGAT1|PNLIP|SLCO1A5|LPCAT3|CEL|CLDN15|SCARB1|ACO1|NPC1|ABCB1A|ISX|MOGAT2|ABCG2|F11R|IREB2|PLS1|APOA4|FABP1|PRAP1|KCNQ1|HAMP|SLC5A1|HAMP2|TJP2|GCNT3|UGCG|VIL1|ACAT2|EZR|ABCG5|ABCG8,https://www.gsea-msigdb.org/gsea/msigdb/mouse/geneset/GOBP_INTESTINAL_ABSORPTION,42,ENR,GOBP_INTESTINAL_ABSORPTION,1.8452,1.4200000000000001E-2,GOBP_INTESTINAL_ABSORPTION,FALSE,GOBP_INTESTINAL_ABSORPTION
13,2.74472749489669,2.74472749489669,2.74472749489669,1,0.2397,1E-4,1E-3,ATOH8|NR2F2|RAP1A|CUL7|RAP1B|SOX17|NOTCH1|FASN|PDE2A|RBPJ|RHOA|GPX1|DLL1|RAPGEF2|VHL|RAPGEF3|BMP6|STARD13|EDNRB|SLC40A1|TNF|MYADM|TGFBR1|F11R|ID1|CCM2|BTG1|PTPRS|SOX18|TJP3|S1PR3|PBRM1|DSG2|PDCD10|XDH|PDPN|F2RL1|ACVR2B|MSN|ADD1|CYSLTR1|GJA4|CDH5|HEY2|BSG|PECAM1|APOLD1|CSNK2B|MARVELD2|MYD88|NRG1|ARHGEF26|ETV2|CLDN1|CLIC4|BMPR2|TMEM100|ABCB1B|FSTL1|HPSE|PDE4D|MET|RAP2C|S1PR1|FGF1|DICER1|PROX1|SMAD4|NOTCH4|PDGFB|PLCB1|VEGFA|RDX|TNMD|TNFRSF1A|BMP4|ITGAX|DLL4|PROK2|VCL|ZEB1|HEG1|ROCK1|ROCK2|ACVRL1|AGT|CLDN3|CLDN5|PROC|DMD|ACVR1|CTNNB1|CXCR4|ALOX12|ABCC1|EDNRA|TIE1|HEY1|KRIT1|FOXP3|S1PR2|TJP2|IFT88|HOXB5|FOXJ2|PLOD3|ZDHHC21|FZD4|MESP1|CEACAM1|KDM6B|ROBO4|BMPR1A|AKAP11|STC1|CD34|COL18A1|ICAM1|AMOTL2|FOXP1|IKBKB|FZD1|NAGLU|CD2AP|GJA1|FZD2|CXCL10|VEZF1|KDR|MAGI1|NDP|JAG1|RHOB|TJP1|RAPGEF1|LCN2|PPP1R16B|UBIAD1|IL1B|ADAMTS12|LIPA|EZR|EDN1|FOXC2,https://www.gsea-msigdb.org/gsea/msigdb/mouse/geneset/GOBP_ENDOTHELIUM_DEVELOPMENT,144,ENR,GOBP_ENDOTHELIUM_DEVELOPMENT,3.3195000000000001,0,GOBP_ENDOTHELIUM_DEVELOPMENT,FALSE,GOBP_ENDOTHELIUM_DEVELOPMENT
39,2.74472749489669,2.74472749489669,2.74472749489669,1,0.16569999999999999,8.0000000000000004E-4,2.7E-2,NRP1|EFNB1|EFNB2|EFNB3|LAMB2|CDH4|GFRA3|LHX1|CDK5R1|ERBB2|SEMA5A|EFNA2|RPL24|ARTN|EFNA1|GLI3|EPHB3|LMO4|APBB1|ETV1|HOXA2|APBB2|CHN1|EXT1|GAP43|LMX1A|DLX5|DAG1|SEMA4A|YTHDF1|CNTN1|ECE1|EPHA3|GDNF|CELSR3|RUNX3|KLF7|BMPR2|RAC3|DSCAM|AGRN|EFNA5|EPHA7|FLRT2|FLRT3|IGFALS|CYFIP2|KIF21A|LGR4|SLIT2|ANK3|MEGF8|MYCBP2|NRP2|NTF3|VEGFA|NTN1|PLXNA3|PLXNA4|ROBO1|ROBO2|ROBO3|RTN4R|RTN4RL1|RYK|SEMA3B|SEMA3C|SEMA3D|SEMA3E|SEMA3F|SEMA3G|SEMA4B|WNT3A|SEMA4C|SEMA4F|SEMA4G|SLIT1|SLIT3|KIF5A|TUBB2B|KIF5C|UNC5C|KIFC2|WNT3|KALRN|WNT7B|CHL1|MAPK8IP3|MATN2|UNC5B|NFIB|PTPRV|EFNA4|EDN3|EDNRA|NEXN|BDNF|DSCAML1|ARHGEF25|LAMC2|PCDHAC2|TUBB3|CDK5|UNC5A|EGR2|LGI1|ABLIM1|NEO1|NTN3|MYOT|NTN5|LAMA1|EMB|LAMA2|LAMA5|LAMB1|LAMC1|PTPRO|USP33|DPYSL5|CXCL12|HDAC6|SMO|NPTN|LRP2|LAMA3|LAMB3|BOC|NDP|GATA3|DVL1|EFNA3|BMP7|NTN4|EDN1|L1CAM|PAX6|SEMA4D|MEF2C|NOTCH1|BCL11B|MEGF9|GLI2|ATOH1|RELN|SCN1B|NRCAM|SEMA3A|LHX2|NTRK1|PRTG|NFASC|PTPRJ|ENAH|B3GNT2|TGFB2|ULK1|ULK2|ISL2|SHH|NR4A3|PLA2G10|BSG|BMPR1B|ADAM17|MYH10|ALCAM|NOVA2|MYPN|PTPRH|CNTN2|NKX2-1|SMAD4|TRIO|LAMC3|LRP1|VANGL2|PLXNA1|SEMA6D|NCAM1|ARX|EPHA5|EPHB2|CXCR4|EPHB6|EPHA4|SEMA6A|HOXA1|SEMA6B|ISL1|KIF5B|SEMA5B|GAS1|NOG|NOTCH3|CYFIP1|SEMA7A|APP|WNT5A|FOXP1|NGFR|TTC8|FZD3|ETV4|CDK5R2|PTCH1|PTPRM|FLOT1|EVL|VASP|LMTK2|RAC1|CSF1R|EPHB1|FOXD1,https://www.gsea-msigdb.org/gsea/msigdb/mouse/geneset/GOBP_NEURON_PROJECTION_GUIDANCE,215,ENR,GOBP_NEURON_PROJECTION_GUIDANCE,2.8454999999999999,0,GOBP_NEURON_PROJECTION_GUIDANCE,FALSE,GOBP_NEURON_PROJECTION_GUIDANCE
25,1.68402965454308,1.68402965454308,1.68402965454308,0.97929999999999995,0.10920000000000001,8.0500000000000002E-2,1,OGT|MAP3K7|ITGA8|BAMBI|ARAP1|SKIL|PPARA|CDKN2B|ACVR1C|BMP2|HDAC1|SRC|DAB2|STAT3|TGFBR1|HTRA1|ZBTB7A|TNRC6C|LRRC32|SIN3A|SNX1|BMP8A|STK11|GDNF|SMAD7|PARP1|SPRED3|MSTN|SOX11|CIDEA|TGFBR2|MYOCD|NPNT|TWSG1|DNM2|PIN1|TGFB1|RBBP4|XBP1|CREB1|PTK2|ZEB1|CAV3|RYR1|ZMIZ1|ACVRL1|SMAD1|SMAD5|COL1A2|APPL1|FBN2|HIPK2|SMURF2|STUB1|ACVR1|ARRB2|RNF111|FKBP1A|CCL2|TGFB1I1|APPL2|FURIN|CAV2|USP9X|FERMT2|BMPR1A|FUT8|GOT1|ITGB5|ADAMTSL2|DAND5|IL17RD|NEPN|RASL11B|ITGA3|LTBP1|ZFYVE9|ITGB1|GIPC1|ASPN|PXN|WNT1|ZYX|SKI|LTBP3|SMAD6|WFIKKN1|JUN|WFIKKN2|NDP|NLK|MAP3K1|SNX6|LTBP4|BCL9L|LEMD3|ING2|LRG1|ONECUT2|PDPK1|SPRY1|PML|TGFBR3|GDF15|CITED1|FBN1|ZEB2|SMAD3|HPGD|STRAP|ONECUT1|SNX25|CHST11|TGFB2|TSC22D1|ARID4A|ARID4B|BRMS1|BRMS1L|ING1|RBBP7|SAP130|SAP30|SAP30L|ADAM9|SLC2A10|SUDS3|HDAC2|CDH5|PRDM16|PPM1A|BMPR1B|PPARG|ADAM17|PTPRK|NKX2-1|SIRT1|SMAD4|COL3A1|SMURF1|FOS|ZFP703|LRP1|SPRED2|HTRA3|TET1|TRIM33|HSPA5|ZFP451|ITGB6|ITGB8|VASN|CDKN1C|MEN1|CLDN5|DUSP22|HSP90AB1|THBS1|PEG10|PBLD1|CREBBP|PBLD2|SMAD2|LPXN|GLG1|TRP53|TAB1|FERMT1|CDH3|DCP1A|SMAD9|EMILIN1|TGFB3|ENG|SNW1|LOX|SPRED1|CD109|EP300|FLCN|CITED2|GCNT2|LATS1|LATS2|SDCBP|AXIN1|OVOL2|SPRY2|FOLR1|CILP|EID2|AMHR2|FAM89B|INTS9|PMEPA1|VEPH1|LGALS9|USP15,https://www.gsea-msigdb.org/gsea/msigdb/mouse/geneset/GOBP_TRANSFORMING_GROWTH_FACTOR_BETA_RECEPTOR_SIGNALING_PATHWAY,198,ENR,GOBP_TRANSFORMING_GROWTH_FACTOR_BETA_RECEPTOR_SIGNALING_PATHWAY,1.7997000000000001,2.07E-2,GOBP_TRANSFORMING_GROWTH_FACTOR_BETA_RECEPTOR_SIGNALING_PATHWAY,FALSE,GOBP_TRANSFORMING_GROWTH_FACTOR_BETA_RECEPTOR_SIGNALING_PATHWAY
,1.81247927916354,1.81247927916354,1.81247927916354,0.98460000000000003,0.3034,7.2300000000000003E-2,1,MAD2L2|POLK|POLDIP2|POLD1|POLD2|POLD3|POLQ|UBE2V2|POLE2|MSH2|POLH|POLI|REV1|PARP10|PCNA|UBE2V1|VCP|AKTIP|UBE2B|POLN|UBE2N|BRCA1|RAD18|REV3L|DTL|ZBTB1,https://www.gsea-msigdb.org/gsea/msigdb/mouse/geneset/GOBP_POSTREPLICATION_REPAIR,26,ENR,GOBP_POSTREPLICATION_REPAIR,1.8286,1.54E-2,GOBP_POSTREPLICATION_REPAIR,FALSE,GOBP_POSTREPLICATION_REPAIR
,2.74472749489669,2.74472749489669,2.74472749489669,1,0.31330000000000002,3.0099999999999998E-2,1,SLC30A4|SLC30A8|SLC39A11|SLC39A12|SLC39A4|SLC39A6|SLC39A9|SLC39A5|SLC30A6|SLC39A8|SLC30A2|TMEM163|TRPM2|SLC39A3|SLC30A5|MT3|PIK3C2A|AP3D1|SLC39A10|SLC30A9|TRPM7|SLC1A1|SLC39A14|SLC30A1|SLC39A1|SLC39A2|SLC30A7|SLC39A13|SLC39A7|SLC30A10|SLC30A3,https://www.gsea-msigdb.org/gsea/msigdb/mouse/geneset/GOBP_ZINC_ION_TRANSPORT,31,ENR,GOBP_ZINC_ION_TRANSPORT,2.0701000000000001,0,GOBP_ZINC_ION_TRANSPORT,FALSE,GOBP_ZINC_ION_TRANSPORT
63,1.8728952016351901,1.8728952016351901,1.8728952016351901,0.98660000000000003,0.25319999999999998,6.3100000000000003E-2,1,TGFB2|PDCD10|STK25|NBR1|FOXO1|CLEC7A|KLHDC10|SEMA4C|NOD2|IGFBP6|EIF2AK2|FOXM1|MAPK3|IL1A|TAOK1|TLR4|DUSP10|MID1|TAOK3|PBK|CRHR2|PPIA|MAP2K2|GSTP1|FAS|ZMPSTE24|MAPK8IP2|MAP2K1|MAPK1|CARD9|PRDX1|RIPK2|GREM1|HMGCR|NOD1|ARL6IP5|IL1B|TAOK2,https://www.gsea-msigdb.org/gsea/msigdb/mouse/geneset/GOBP_REGULATION_OF_STRESS_ACTIVATED_PROTEIN_KINASE_SIGNALING_CASCADE,38,ENR,GOBP_REGULATION_OF_STRESS_ACTIVATED_PROTEIN_KINASE_SIGNALING_CASCADE,1.8646,1.34E-2,GOBP_REGULATION_OF_STRESS_ACTIVATED_PROTEIN_KINASE_SIGNALING_CASCADE,FALSE,GOBP_REGULATION_OF_STRESS_ACTIVATED_PROTEIN_KINASE_SIGNALING_CASCADE
14,1.61618463401957,1.61618463401957,1.61618463401957,0.9758,0.3226,9.9599999999999994E-2,1,NRP1|CLIC4|SLC4A7|BMPR2|NDP|LAMA1|TGFB1|PDGFRA|ACVR2B|LRP5|PDGFRB|CYP1B1|HIF1A|ROM1|ACVRL1|PDGFB|COL4A1|RHOJ|ARHGEF15|FZD4,https://www.gsea-msigdb.org/gsea/msigdb/mouse/geneset/GOBP_RETINA_VASCULATURE_DEVELOPMENT_IN_CAMERA_TYPE_EYE,20,ENR,GOBP_RETINA_VASCULATURE_DEVELOPMENT_IN_CAMERA_TYPE_EYE,1.7315,2.4199999999999999E-2,GOBP_RETINA_VASCULATURE_DEVELOPMENT_IN_CAMERA_TYPE_EYE,FALSE,GOBP_RETINA_VASCULATURE_DEVELOPMENT_IN_CAMERA_TYPE_EYE
12,2.3979400086720402,2.3979400086720402,2.3979400086720402,0.996,0.378,1.55E-2,0.92300000000000004,TNIK|RAPGEF6|HNF4A|MYO1A|ESPN|GLDN|RAP2A|PLD1|CDHR5|RAP1GAP|PLS1|USH1C|PTPN11|FSCN1|RDX|VIL1|KLF5|ATP8B1|STX2|TWF2|EZR|RAPGEF2|CDHR2|PODXL,https://www.gsea-msigdb.org/gsea/msigdb/mouse/geneset/GOBP_MICROVILLUS_ORGANIZATION,24,ENR,GOBP_MICROVILLUS_ORGANIZATION,2.2284999999999999,4.0000000000000001E-3,GOBP_MICROVILLUS_ORGANIZATION,FALSE,GOBP_MICROVILLUS_ORGANIZATION
12,2.2218487496163601,2.2218487496163601,2.2218487496163601,0.99399999999999999,0.38159999999999999,4.3200000000000002E-2,1,TNIK|RAPGEF6|HNF4A|MYO1A|ESPN|RAP2A|PLD1|RAP1GAP|PLS1|FSCN1|RDX|VIL1|KLF5|ATP8B1|STX2|EZR|RAPGEF2|PODXL,https://www.gsea-msigdb.org/gsea/msigdb/mouse/geneset/GOBP_MICROVILLUS_ASSEMBLY,18,ENR,GOBP_MICROVILLUS_ASSEMBLY,1.9633,6.0000000000000001E-3,GOBP_MICROVILLUS_ASSEMBLY,FALSE,GOBP_MICROVILLUS_ASSEMBLY
20,2.6989700043360201,2.6989700043360201,2.6989700043360201,0.998,0.2777,2.0899999999999998E-2,0.97899999999999998,SLC6A4|NRP1|PHOX2A|TFAP2A|VCAM1|GFRA3|HLX|SEMA3F|ERBB2|GDNF|SOX10|SOX8|KIF26A|FZD3|PHACTR4|HAND2|SIX1|TRP63|NAV2|CTNNB1|RET|EDNRA|EDNRB|ADARB1|HOXA1|TBX1|NF1|HES1|GATA3|SEMA3A|SOX11|SOX4|TFAP2B|NTRK1|PDS5A|INSM1|NRP2|NTF3|HOXB1|HOXB2|EGR2|PLXNA3|PLXNA4|FN1,https://www.gsea-msigdb.org/gsea/msigdb/mouse/geneset/GOBP_AUTONOMIC_NERVOUS_SYSTEM_DEVELOPMENT,44,ENR,GOBP_AUTONOMIC_NERVOUS_SYSTEM_DEVELOPMENT,2.1610999999999998,2E-3,GOBP_AUTONOMIC_NERVOUS_SYSTEM_DEVELOPMENT,FALSE,GOBP_AUTONOMIC_NERVOUS_SYSTEM_DEVELOPMENT
14,1.7878123955960401,1.7878123955960401,1.7878123955960401,0.98370000000000002,0.1515,4.1500000000000002E-2,1,GDF11|PAX6|TRPM1|FGFR3|LHX1|FAT3|NOTCH1|SOX8|EPHA2|NOTCH2|GLI3|IMPG2|ALDH1A3|DLL1|VHL|CASZ1|IHH|PRDM1|SLC1A1|STAT3|RORB|ATP8A2|IRX5|IKZF1|RBP4|TDRD7|ALMS1|SP1|RDH13|USH1C|KDM2B|BAX|POU2F1|SP3|TWIST1|HMGN1|TBC1D20|THY1|BBS10|FLT1|ABI2|GRCC10|SCRIB|ARL6|FAT1|ZHX2|ALDH1A1|PTF1A|DIO3|FJX1|MEGF11|PTN|SDK2|TSPAN12|DSCAM|MEIS1|SOX11|SOX12|SOX4|PROX1|SOX9|VEGFA|TH|BAK1|BCAR3|BMP4|HIPK1|SLC4A7|COL8A1|ZEB1|ATF4|RPGRIP1|BBS4|SAMD11|AHI1|CABP4|FOXF2|AQP5|ADAMTS9|HIPK2|THRB|BHLHE22|CTNNB1|EPHB2|GNAT1|TSKU|TBX2|CDON|SDK1|AQP1|CRB2|FZD5|FRS2|ROM1|SHROOM2|YY1|IFT172|CFH|COL8A2|STRA6|SOX2|PROM1|RPGR|TFAP2A|IFT122|PAX2|TTC8|NAGLU|PHACTR4|PITX2|GNAT2|RPGRIP1L|SKI|LRP6|ARID1A|MFN2|PTPRM|CITED2|KDR|NDP|NF1|JAG1|MAN2A1|RING1|LRP5|NTRK2|HIF1A|TFAP2B|MFSD2A|BMP7|CALB1|EPHB1,https://www.gsea-msigdb.org/gsea/msigdb/mouse/geneset/GOBP_CAMERA_TYPE_EYE_MORPHOGENESIS,132,ENR,GOBP_CAMERA_TYPE_EYE_MORPHOGENESIS,1.9850000000000001,1.6299999999999999E-2,GOBP_CAMERA_TYPE_EYE_MORPHOGENESIS,FALSE,GOBP_CAMERA_TYPE_EYE_MORPHOGENESIS
24,2.74472749489669,2.74472749489669,2.74472749489669,1,0.10150000000000001,3.3500000000000002E-2,1,MAD2L2|2210016L21RIK|BAMBI|CSNK1G1|CSNK1G2|SEMA5A|CSNK1G3|TMEM9|DEPDC1B|SOX17|TPBG|DKK2|FGF10|FAM53B|JRK|LRRK1|LYPD6|WWTR1|PRDM15|GLI3|RSPO4|SPIN4|TMEM132A|TMEM198|PSEN1|TMEM198B|ZBED3|OTUD5|RBPJ|FOXL1|PPP2R3A|SFRP5|TLR2|RBMS3|BMP2|HDAC1|HNF1A|KREMEN1|HMGA2|RUVBL1|SRC|DAB2|RUVBL2|RPS12|SOST|DKK3|MBD2|LRRK2|LMX1A|KPNA1|GREM1|LGR6|DLX5|MDK|ASPM|STK11|DDIT3|FRAT1|NRARP|PEG12|NPPA|UBR5|DACT3|FOXO1|MLLT3|NKX2-5|CSNK1D|SFRP1|NOTUM|SIAH2|RNF220|TNFAIP3|SMARCA4|SPEF1|KLF15|ABL1|ROR2|UBAC2|APOE|CDK14|SOX13|SOX4|TRPM4|DIXDC1|LECT2|LGR4|TMEM88|TSC2|KANK1|LMBR1L|PIN1|WNT10B|TGFB1|WNT3A|TAX1BP3|FZD6|DKKL1|EGR1|WNT3|CRBN|SULF1|SULF2|TBL1XR1|THRA|TTC21B|GPC3|TBL1X|BTRC|WIF1|TIAM1|CDH2|SCYL2|FZD7|IFT20|CAV1|CTDNEP1|MESP1|ALPK2|GSC|TNKS|TNKS2|MCC|CTHRC1|ITGA3|CTNND2|MDFI|TLE6|FZD9|PTPRO|RECK|USP34|AIDA|SALL1|DACT1|DCDC2A|LRP6|PFDN5|TBX18|USP8|ZRANB1|ATP6AP2|ATP6V0C|AMFR|DAB2IP|NLK|CCNY|MAP3K1|ATP6V1C2|RNF146|NXN|PBXIP1|RAPGEF1|CCNYL1|CSNK2A1|LBX2|SHISA2|WNT5B|CDC73|CHD8|IFT80|MDFIC|NPHP4|FGFR3|NOTCH1|SOX10|GLI1|SHISA3|TLE2|TMEM170B|APC2|SDHAF2|EMD|ZEB2|TMEM64|SMAD3|DAAM2|HHEX|FRZB|NKD2|ILK|VCP|MAPK14|CTNNBIP1|RNF43|VPS35|ZNRF3|NFATC4|SHH|HNF1B|TLE3|MKS1|WNK1|HDAC2|WNK2|ANKRD6|WWOX|PPM1A|PPM1B|ASB15|VGLL4|ASB3|CDH1|DISC1|DDX3X|SOX7|STK3|STK4|SMAD4|SOX9|EGFR|GRB10|CMAH|GSK3A|CSNK1E|GSK3B|ZFP703|PPM1N|CCDC88C|SBNO1|TLE1|LRP1|VANGL2|APCDD1|APC|EDA|BICC1|FUZ|SNAI2|SOSTDC1|CTNND1|CTNNB1|DACT2|TSKU|EGF|FGFR2|SFRP4|CCDC134|GNAQ|INVS|NKD1|PLEKHA4|HIC1|RSPO1|ISL1|LGR5|RSPO3|AXIN2|LRP4|LZTS2|SPIN1|NOG|TCF7L2|CAPRIN2|NPHP3|GPRC5B|FOXO3|SOX2|FERMT1|PTK7|CDH3|COL1A1|WNT11|CSNK1A1|CXXC4|DAPK3|NLE1|APP|MACF1|WNT5A|RNF14|FZD1|ABL2|FGF9|PRICKLE1|CBY1|LATS1|LATS2|TLE4|AXIN1|SFRP2|PTPRU|SCEL|FRMD8|FOLR1|G3BP1|SNX3|YAP1|UBE2B|ADNP|NFKB1|USP47|WLS|XIAP|LIMD1|LEF1|CYLD|FGF2,https://www.gsea-msigdb.org/gsea/msigdb/mouse/geneset/GOBP_REGULATION_OF_WNT_SIGNALING_PATHWAY,297,ENR,GOBP_REGULATION_OF_WNT_SIGNALING_PATHWAY,2.0409999999999999,0,GOBP_REGULATION_OF_WNT_SIGNALING_PATHWAY,FALSE,GOBP_REGULATION_OF_WNT_SIGNALING_PATHWAY
5,2.74472749489669,2.74472749489669,2.74472749489669,1,0.11600000000000001,1.11E-2,0.78500000000000003,HOXB9|HOXC11|ABR|ITGA8|LHX1|SIX2|SLC39A3|SOX17|FGF10|MIB1|EPHA2|EFNA1|WNT9B|GLI3|GJB6|PSEN1|SLITRK6|FGF3|RBPJ|ALDH1A2|ALDH1A3|HOXA3|RPL38|HOXB4|MAFB|HOXA2|IHH|RARG|ASB2|ATP8A2|TEAD2|TBX1|HOXC9|TCF21|TGFBR1|EXT1|MAPK1|RBP4|RDH10|TMED2|USH1C|KDM2B|HOXA7|DLX5|DVL3|MMP14|C2CD3|HOXD4|CCDC103|CCDC39|GATA4|CCDC40|CDH23|CLUAP1|EFEMP1|HAND2|NKX2-5|SCRIB|ALDH1A1|SMARCA4|COL2A1|ROR2|USH1G|SPARC|CELSR1|SOX11|MEGF8|TCF7|PPP1R35|APLNR|TGFBR2|NTN1|T2|GRHL3|BMP4|HIPK1|MYO3B|NCKAP1|WNT3A|ZEB1|FZD6|MFAP2|BMI1|PRRX1|FOXF2|SOD1|FBN2|HIPK2|DLG1|TRIOBP|ACVR1|SETDB2|PRRX2|EDNRA|TBX2|TSHZ1|TBX20|TBX3|TEAD1|TIFAB|VAX2|CRB2|DSCAML1|FRS2|HOXA4|HPN|HOXB1|HOXB2|HOXB5|HOXC4|MESP1|HOXD3|IFT140|GSC|SATB2|STRA6|TBX15|TULP3|ANKRD24|TPRN|WDR19|ALX4|BCR|RARB|HOXA11|HOXA9|CTHRC1|HOXD10|HOXD9|MYF5|IFT122|MDFI|CHRNA9|MSX1|NAGLU|PHACTR4|PITX2|NIPBL|GJA1|OSR2|WNT1|FZD2|RUNX2|SHOX2|SIX1|SMO|WNT9A|LRP6|TBX18|MYC|MYO6|PCGF2|GATA3|GATA2|SOBP|DVL1|KCNQ1|IFT57|BMP7|EDN1|PAX5|PAX6|OSR1|MYO7A|MEF2C|EYA1|NOTCH1|PKD2|NOTCH2|SUFU|EYA4|GLI1|GLI2|DLL1|FBN1|ATOH1|SMAD3|RNF207|FOXI1|RYR2|IRX5|LRIG3|STOX1|TMIE|DLX2|TTC39C|FRZB|INSIG1|INSIG2|SP1|ARL13B|PDS5A|STIL|HMX2|SP3|TWIST1|CHST11|TGFB2|TSHR|SHH|NR4A3|HNF1B|KDM2A|HOXA5|HOXB8|CHD7|MED12|HSPG2|DVL2|HOXB6|PDGFRA|FGFR1|HYAL1|GFI1|PROX1|ENPP1|SIX4|SLC44A4|MICAL2|SRF|TCAP|NDST1|SOX9|EIF4A3|PAX8|GNAS|TH|HESX1|VANGL2|ID2|FUZ|MAPK3|CEP290|CLIC5|LRIG1|MEN1|COL11A1|CTNNB1|EPHB2|FGFR2|LHFPL5|PCDH15|HOXA1|HES1|RBPMS2|NEUROD1|REST|HOXB7|PDZD7|PLS1|KIF3A|FZD5|OTX1|SMAD2|KDM6A|GAS1|NOG|TCF7L2|IFT172|NPHP3|SETD2|IFT52|WHRN|MMP16|SOX2|PTK7|TFAP2A|HLX|WNT11|TGFB3|WNT5A|MYCN|TWIST2|ENG|HOXB3|PAX2|MFAP5|ASXL2|FZD3|SEC24B|WDPCP|FGF9|ARID1A|GRHL2|CITED2|AXIN1|OVOL2|ZIC1|SPRY2|SLC39A1|HIF1A|FOLR1|ATP2B2|PRKRA|YAP1|ATP6V1B1|MTHFD1L|RAC1|FOXC2,https://www.gsea-msigdb.org/gsea/msigdb/mouse/geneset/GOBP_EMBRYONIC_ORGAN_MORPHOGENESIS,299,ENR,GOBP_EMBRYONIC_ORGAN_MORPHOGENESIS,2.2995999999999999,0,GOBP_EMBRYONIC_ORGAN_MORPHOGENESIS,FALSE,GOBP_EMBRYONIC_ORGAN_MORPHOGENESIS
29,2.74472749489669,2.74472749489669,2.74472749489669,1,0.27050000000000002,3.6900000000000002E-2,1,ATXN2|OPHN1|WHRN|PCNT|ULK1|LHX1|NFIX|TUBA1A|HERC1|GLI1|GLI2|SMO|DLL1|AGTPBP1|SERPINE2|SLC25A46|TTC21B|TRNP1|ZFP365|NRXN1|TTLL1|ATP7A|MAP2K1|KIF14|MTPN|COMT|FOXP2|PROX1|PTPN11|ATP2B2|LDB1|FAIM2|CDK5|RORA|CEND1|PSAP|USP9X|CACNA1A|CNTNAP2,https://www.gsea-msigdb.org/gsea/msigdb/mouse/geneset/GOBP_CEREBELLAR_CORTEX_MORPHOGENESIS,39,ENR,GOBP_CEREBELLAR_CORTEX_MORPHOGENESIS,2.0158999999999998,0,GOBP_CEREBELLAR_CORTEX_MORPHOGENESIS,FALSE,GOBP_CEREBELLAR_CORTEX_MORPHOGENESIS
1,2.74472749489669,2.74472749489669,2.74472749489669,1,0.28299999999999997,4.3E-3,0.29199999999999998,SPICE1|CCNL1|CCNL2|CDK11B|CCNF|WDR62|KAT2A|ROCK2|AZIN1|CHMP5|RBM14|MAPK8|VPS4B|NUBP1|TRIM37|ATF5|GEN1|ALMS1|STIL|CHORDC1|MARK4|POC1B|CCDC15|NAT10|CEP120|XRCC3|CEP76|CHMP1A|TMEM67|CHMP1B|CHMP2A|CHMP2B|CHMP3|CHMP4C|FBXW5|D7ERTD443E|NPM1|PDCD6IP|CHMP4B|CDK5RAP2|CEP192|POC1A|DYNC1LI1|KIFC1|MCPH1|XPO1|MDM1|SIRT1|NUP62|PLK2|PLK4|PPP1R35|PKHD1|KAT2B|SASS6,https://www.gsea-msigdb.org/gsea/msigdb/mouse/geneset/GOBP_REGULATION_OF_CENTROSOME_CYCLE,55,ENR,GOBP_REGULATION_OF_CENTROSOME_CYCLE,2.5091999999999999,0,GOBP_REGULATION_OF_CENTROSOME_CYCLE,FALSE,GOBP_REGULATION_OF_CENTROSOME_CYCLE
43,2.74472749489669,2.74472749489669,2.74472749489669,1,0.29849999999999999,6.4999999999999997E-3,0.51500000000000001,CEACAM1|FERMT2|PTP4A3|ABR|BCR|TGFB1|AKAP12|CAPN1|IL18|PDE2A|PLEC|RAMP2|ADM|CDH5|SH3GL2|CLDN5|DDAH1|PDE3A|PLVAP|C2CD4A|ZEB2|C2CD4B|BMP6|MYLK3|AMOT|TACR1|FGFBP3|CXCR2|GPR4|TRPV4|APOE|OCLN|ABCC8|NR3C1|TJP1|ADORA2A|SLIT2|TJP2|VEGFA|TJP3|HRH1|PTPRJ|ANGPT1|CCL4|CTNNBIP1,https://www.gsea-msigdb.org/gsea/msigdb/mouse/geneset/GOBP_REGULATION_OF_VASCULAR_PERMEABILITY,45,ENR,GOBP_REGULATION_OF_VASCULAR_PERMEABILITY,2.4108000000000001,0,GOBP_REGULATION_OF_VASCULAR_PERMEABILITY,FALSE,GOBP_REGULATION_OF_VASCULAR_PERMEABILITY
2,1.77728352885242,1.77728352885242,1.77728352885242,0.98329999999999995,0.26929999999999998,8.48E-2,1,VPS35|NLGN3|LRRTM3|EFNB3|WNT3A|CACNA2D3|APP|SLITRK2|FZD1|EIF4G1|MDGA1|NRG1|FARP1|NLGN1|SNCA|NRXN1|IL1RAP|ARF6|NLGN2|SNAP91|LRFN4|NTNG2|LRRTM1|IGSF11|IL1RAPL1|LRFN3|CLSTN3|MDGA2|PICALM|SLITRK1|GPC4|NTRK3,https://www.gsea-msigdb.org/gsea/msigdb/mouse/geneset/GOBP_REGULATION_OF_PRESYNAPSE_ORGANIZATION,32,ENR,GOBP_REGULATION_OF_PRESYNAPSE_ORGANIZATION,1.7822,1.67E-2,GOBP_REGULATION_OF_PRESYNAPSE_ORGANIZATION,FALSE,GOBP_REGULATION_OF_PRESYNAPSE_ORGANIZATION
42,2.67778070526608,2.67778070526608,2.67778070526608,0.99790000000000001,0.2074,2.1899999999999999E-2,0.98299999999999998,VPS29|PREPL|VTI1B|EVI5|RAB14|DCTN1|RGP1|SGSM2|BET1L|VPS52|DENND2A|VPS53|GOLT1A|VAMP3|GOLT1B|HEATR5A|RCSD1|ATP9A|HEATR5B|RAB4B|WIPF3|SNX32|SNX8|TBC1D17|TMEM87B|STX16|STX6|VPS26A|RAB7|RUFY1|RAB6B|SNX5|EHD3|TBC1D10B|CLN5|LRRK2|RAB6A|GBF1|TBC1D5|SNX1|TMEM87A|TBC1D14|GOSR1|VPS35|RNF126|VPS26B|SNX12|STX5A|SPAG9|VTI1A|AP1S1|ARFIP1|TRAPPC10|YKT6|BAIAP3|DENND5A|PIKFYVE|USP7|ARL8B|GCC2|ERC1|SNX2|VPS54|RAB9|CLTC|TBC1D10A|ARL1|TRIM27|PLEKHA3|PLEKHJ1|TBC1D10C|SNX3|UBE2O|SNX6|RHOBTB3|TBC1D23|ARFRP1|ANKFY1|GGA1,https://www.gsea-msigdb.org/gsea/msigdb/mouse/geneset/GOBP_RETROGRADE_TRANSPORT_ENDOSOME_TO_GOLGI,79,ENR,GOBP_RETROGRADE_TRANSPORT_ENDOSOME_TO_GOLGI,2.1524000000000001,2.0999999999999999E-3,GOBP_RETROGRADE_TRANSPORT_ENDOSOME_TO_GOLGI,FALSE,GOBP_RETROGRADE_TRANSPORT_ENDOSOME_TO_GOLGI
1,1.79317412396815,1.79317412396815,1.79317412396815,0.9839,0.1946,7.8600000000000003E-2,1,PI4K2B|RAB11A|SYNJ1|UBR4|TOM1|ANXA8|TMEM9|VPS4A|PLEKHF1|AQP11|TMEM127|CHMP5|SNX33|STX6|VPS4B|CC2D1A|FASL|PIK3C3|RAB5C|CHMP7|CORO1C|SNX10|STX12|VAMP4|RAB27A|HOOK3|RNF26|RAB22A|AKTIP|DNAJC13|HOOK2|RILP|RAB5B|MICALL2|ALS2CL|VPS11|LAPTM4B|PLEKHF2|VPS18|ALS2|CHMP1A|CHMP1B|VTI1A|CHMP2A|CHMP2B|CHMP3|CHMP4C|CHMP6|STX7|CHMP4B|USP8|DNM1|TMCC1|SNF8|ARFGEF2|PLEKHA3|PLEKHJ1|SNX3|SQSTM1|EXOC8|HOOK1|RNASEK|PI4K2A|VPS33B,https://www.gsea-msigdb.org/gsea/msigdb/mouse/geneset/GOBP_ENDOSOME_ORGANIZATION,64,ENR,GOBP_ENDOSOME_ORGANIZATION,1.8059000000000001,1.61E-2,GOBP_ENDOSOME_ORGANIZATION,FALSE,GOBP_ENDOSOME_ORGANIZATION
34,2.74472749489669,2.74472749489669,2.74472749489669,1,0.1026,3.0000000000000001E-3,0.17100000000000001,HES5|NEURL1A|DNM1L|SOX8|PLXNB2|PRKCH|RPL4|RXRA|MAP2K1|MFN1|FIG4|IL34|DHX36|DAG1|SEMA4A|DBN1|PIAS2|EIF2B2|NKX2-2|RXRG|JAM2|EZH2|FLT1|GHRL|CYSLTR1|DCX|ITPKA|HEY2|PAFAH1B1|DOCK7|OPA1|FMR1|TMEM98|KDM4A|BAIAP2|KIT|LIN28A|PTN|BMPR2|TNFRSF1B|DSCAM|RTN4|EFNA5|MET|EPHA7|FLRT2|FLRT3|DIXDC1|SLIT2|MEGF8|NTF3|VEGFA|NTN1|NTRK3|PLXNA3|XRCC4|HLTF|ROBO1|ROBO2|RTN4R|OXTR|RYK|SYNJ1|LIMK1|ITGAX|SEMA3F|SEMA3G|TGFB1|PRKCA|SEMA4F|TREM2|SLIT1|TSPO|PTK2|SHANK3|WNT3|BEX1|KALRN|WNT7B|STAU2|B2M|YTHDF2|GPR37L1|PIK3R1|WASF3|DMRTA2|AKT1|CBLN2|NLGN2|BDNF|BHLHE40|TIAM1|ABCC8|KIF14|ACE|CCL11|PRKCI|SLITRK1|TWF2|MUSK|TNIK|BMPR1A|SH3GLB1|CRABP2|FBXO31|KDM1A|TLE6|GFAP|FXN|PTPRA|CX3CL1|IDH2|SHOX2|CXCL12|SKI|SMO|MFN2|LRP2|ETV5|ZCCHC24|F2|IL1RAP|MYC|NUMB|HES2|NUMBL|HES6|NF1|NTRK2|GATA2|OXT|NIN|PAK1|TBC1D24|BMP7|IL1B|WNT2|L1CAM|SEMA4D|LTA|FGFR3|PLXNB1|NOTCH1|CST7|RHOA|DNAJB11|RAPGEF2|ZEB2|BAG1|HES7|TNF|MBP|IQSEC1|SEMA3A|TNFRSF21|TRF|IFNG|HNRNPK|NEFL|XRCC2|NFATC4|SHH|VIM|CHD7|BRAF|CLSTN1|CAMK2B|CDH1|LGI4|DISC1|ATXN1|ADCY10|DICER1|FAIM|DLG4|PICALM|SMURF1|EEF2K|EGFR|SRPX2|FN1|METRN|AMIGO2|GSK3B|GDI1|TRAK1|IGF1|IL6ST|ID2|MT3|MTOR|SLC7A5|NR1D1|MAPK8|PER2|SEMA6D|CTNNA1|CUX1|ANKRD27|NLGN1|EPHA4|PPP1CC|SYT4|NRXN1|GRIP1|SNAP91|HEY1|HEYL|REST|LRP4|S100B|SLC25A12|NOG|SERPINF1|TCF7L2|TRP53|PLXND1|SOX2|SEMA7A|APP|MACF1|WNT5A|NDEL1|SNW1|ANAPC2|RHEB|SRRT|LIF|POU4F1|EP300|HMGB2|NSUN5|FBXW8|GOLGA2|MAP3K13|CIT|KIFAP3|ACHE|BHLHB9|HIF1A|IL1RAPL1|ELL3|XLR3B|PRMT5|WLS|PRPF19|CSF1R|ENPP2|EPHB1|FGF2|DLG5|NRP1|EFNB3|PLXNB3|ARHGAP32|CDH4|CDKL5|GOLGA4|SEMA5A|SKIL|ISLR2|TPBG|MYO5B|TNFRSF12A|ZFYVE27|GLI3|CDKN2B|PSEN1|EPHB3|SLITRK6|TLR2|BMP2|HDAC1|MAP2K2|CLCN2|HMGA2|RARG|MBD1|HELT|MUP20|RNF112|MDK|SPEN|ASPM|STK11|RARA|SERPINE2|SGK1|SMARCD3|AGRN|APOE|TG|XRCC5|SOX11|AKAP5|AMIGO1|CLSTN3|NAP1L1|TSC2|BMP4|WDR62|WNT3A|XRCC6|ZFP335|STAR|MDGA1|DLG1|SORL1|ARRB2|BHLHE41|ANXA2|LRRTM1|CDH2|FGF13|LRRTM2|CDON|APPL2|CDK18|CDK5|EGR2|KRAS|GJC2|S100A10|RARB|HAP1|DYNLT1B|RXRB|ITGB1|TRIM32|DPYSL5|HDAC6|HGF|NPTN|CCR5|KDR|ACTR2|CLSTN2|LPIN1|MAN2A1|PLAG1|MAPT|MARCKS|LYN|EIF2AK3|PAX6|NGF|NLGN3|AMIGO3|CUL7|LINGO4|LRRC24|LRRN1|RB1|LRRN3|LRTM1|LRTM2|OBSL1|SOX10|PARP6|SLITRK2|RAB21|THBS2|PPP3CA|IQSEC2|SS18L1|BCL11A|CHODL|PLXNC1|RASSF10|ACTR3|PTEN|TIAM2|ARHGAP4|DLL1|ARHGEF2|ATF5|ATOH1|RELN|CASZ1|CDKL3|CTDSP1|CYSLTR2|D130043K22RIK|DAAM2|DAB1|DIP2B|DLL3|DLX2|FSTL4|GORASP1|SLC30A1|HOOK3|ID1|ID4|IFRD1|MYB|KCTD11|ILK|LHX2|NTRK1|LINGO1|PAK3|MAG|NKX6-2|PCM1|MTMR2|PRTG|PTPRS|RGMA|RNF10|RNF6|RUFY3|TRAK2|TRIM11|TRIM46|THY1|TPPP|TTC3|ULK1|ULK2|STK25|TRPC6|HDAC2|UBE2V2|YWHAH|PPARG|NRG1|ASCL2|ZFP365|PTPN13|PTPRF|TRP73|MME|PTPRZ1|SIRT2|PROX1|GH|SRF|NF2|CD24A|TGM2|TNR|LDLR|LRRTM3|LRP1|FLRT1|PARD3|DLL4|ASPA|ST8SIA2|CTSC|CX3CR1|CASK|DBNL|DCT|DUSP10|SREBF2|CTNNB1|EPHB2|CXCR4|FAS|MECP2|HES1|BTG2|LPAR3|CAPRIN1|CAPRIN2|FZD4|CYFIP1|TRPV2|MYCN|PTPRD|SPINT1|NGFR|HOXB3|FZD3|LRP8|NKX6-1|EIF4G2|IL33|FXR1|IL6|FXR2|RELA|RGS14|BIN1|SLITRK5|E2F1|YAP1|ADNP|CUX2|VEGFC|LEF1|LIG4,https://www.gsea-msigdb.org/gsea/msigdb/mouse/geneset/GOBP_REGULATION_OF_NERVOUS_SYSTEM_DEVELOPMENT,494,ENR,GOBP_REGULATION_OF_NERVOUS_SYSTEM_DEVELOPMENT,2.5876999999999999,0,GOBP_REGULATION_OF_NERVOUS_SYSTEM_DEVELOPMENT,FALSE,GOBP_REGULATION_OF_NERVOUS_SYSTEM_DEVELOPMENT
33,2.74472749489669,2.74472749489669,2.74472749489669,1,0.11799999999999999,1.7600000000000001E-2,0.94699999999999995,EDEM2|EDEM3|FBXO17|UBXN2A|FBXO2|FBXO27|FBXO44|FBXO6|DNM1L|MAN1A|MAN1B1|NCCRP1|STT3B|FIS1|PPP1R15A|RNF185|PPP1R15B|UBE2K|PDIA3|RNF139|PDIA4|BRSK2|TMEM117|TNFRSF10B|SERP1|LRRK2|ATF3|MAN1C1|TMED2|AKT2|GORASP2|AKT3|NCK2|EIF2AK4|DDIT3|UFM1|EIF2B5|JAGN1|ANKS4B|BBS10|CREB3L3|ATP2A3|PTPN2|BCL2L11|IGTP|LPCAT3|OPA1|AUP1|DERL1|TMCO1|BFAR|DERL2|DERL3|ERLEC1|H13|NPLOC4|OS9|RHBDD1|RNFT1|SEC61B|SEL1L|ABL1|SVIP|TMEM129|UBAC2|UBE2G2|NCK1|YOD1|PARP16|THBS4|AFF4|RNF5|ATP2A1|BAK1|CLU|BCL2|HERPUD2|XBP1|ABCA7|USP14|CFTR|PIK3R2|ALOX5|PDIA2|PDIA6|SEC16A|PIK3R1|STUB1|UMOD|ATAD3A|UBA5|AKT1|ALOX15|UFC1|TRIM25|BBC3|BID|RASGRF1|RASGRF2|RCN3|BOK|CAV1|FAF2|UBE4B|BCAP31|UBXN1|CALR3|CALR4|CANX|USP13|USP19|USP25|ERP27|ERP44|CASP12|MAP3K5|ERMP1|TMTC3|JUN|FCGR2B|ATF6|AMFR|APAF1|DAB2IP|ASB11|KCNJ8|MARCKS|BAG6|BBS1|EIF2AK3|MANF|HSP90B1|TMEM33|ERLIN1|TRIM13|ERLIN2|PMAIP1|NOD2|PARP6|NUPR1|PML|PPP2CB|FAF1|PARK7|PLA2G6|RPAP2|PARP8|DNAJB2|SERP2|DNAJC10|DNAJB9|RNF186|SESN2|RNF183|SERINC3|FOXRED2|JKAMP|SPOP|RNF103|RNF121|ELAVL4|RNF145|ERN1|TMUB1|ERN2|TMUB2|ATF6B|CREB3L2|UBE2J2|UBE4A|UBXN10|VCP|UBXN4|AIFM1|UBXN6|UBXN8|BAX|CHAC1|NFE2L1|NR1H2|SYVN1|IFNG|NR1H3|TMBIM6|CDK5RAP3|PTPN1|UBQLN1|CCDC47|CALR|CASP3|CASP9|COPS5|GET4|DDX3X|TMBIM4|GRINA|HERPUD1|SIRT1|PSMC6|SGTA|EIF2A|EIF2S1|GSK3B|TRIB3|TMTC4|VAPB|INS2|MBTPS2|HSPA5|AQP11|PMP22|ATF4|NHLRC1|TBL2|CEP290|CREB3|NFE2L2|THBS1|PDX1|ITPR1|P4HB|CEBPB|SRPX|CLGN|TRP53|ANKZF1|CCND1|FICD|RNFT2|ATXN3|MAN1A2|QRICH1|STC2|TMX1|APP|TMEM67|BHLHA15|UBE2J1|WFS1|DNAJC3|TOR1A|DNAJB12|EIF2AK2|EIF4G1|SDF2L1|IKBKG|FLOT1|TARDBP|NRBF2|AGR2|UBQLN2|BCL2L1|CREB3L1|ERP29|NOD1|SCAMP5|HYOU1|TXNDC12|ATG10|DDRGK1|EDEM1,https://www.gsea-msigdb.org/gsea/msigdb/mouse/geneset/GOBP_RESPONSE_TO_ENDOPLASMIC_RETICULUM_STRESS,261,ENR,GOBP_RESPONSE_TO_ENDOPLASMIC_RETICULUM_STRESS,2.1995,0,GOBP_RESPONSE_TO_ENDOPLASMIC_RETICULUM_STRESS,FALSE,GOBP_RESPONSE_TO_ENDOPLASMIC_RETICULUM_STRESS
2,1.7619538968712001,1.7619538968712001,1.7619538968712001,0.98270000000000002,0.1741,9.5699999999999993E-2,1,ZDHHC2|FNTA|GRIK5|SSNA1|COLQ|SHANK3|NRXN2|SORBS2|DLG1|RELN|NLGN1|GLRB|NRXN1|NLGN2|CD53|CDH2|ITGAL|FLNA|GRIPAP1|LRP4|DLG3|SHISA7|SORBS1|CDK5|LHFPL4|SNX27|GPHN|ITGA4|MUSK|CACNA1A|NME7|RAPSN|ITGB2|ITGB2L|ITGB7|THY1|WDR19|DNAJA3|ITGB1BP1|SLC7A11|CHRDL1|PIGR|CD81|IFT122|RER1|GRIP2|GRIK2|FZD9|SCRIB|GSN|FARP1|CRK|ETV5|PICK1|PTN|ARHGEF9|AGRN|APOE|AKAP5|LRP5|SSH1|DVL1|PAK1|MAGI2|DLG2|DLG4|RAC1|CLEC2I|TNFAIP6|LGALS9|CRKL,https://www.gsea-msigdb.org/gsea/msigdb/mouse/geneset/GOBP_RECEPTOR_CLUSTERING,71,ENR,GOBP_RECEPTOR_CLUSTERING,1.7451000000000001,1.7299999999999999E-2,GOBP_RECEPTOR_CLUSTERING,FALSE,GOBP_RECEPTOR_CLUSTERING
18,2.6989700043360201,2.6989700043360201,2.6989700043360201,0.998,9.7699999999999995E-2,6.1000000000000004E-3,0.45100000000000001,MOV10|UBXN2A|NANOS1|APOA2|MAP3K7|NANOS3|BECN1|MLH1|PABPN1L|SOX17|PATL1|NDFIP1|PLEKHN1|PNLDC1|POLR2G|RNF185|PPP2R3A|GNAI3|ADRA2A|PUM1|SMCR8|RNF139|SAMD4|HSPA1B|SAMD4B|PRKCD|LRRK2|MAP2K1|RC3H1|AKT2|RC3H2|TNRC6A|TNRC6B|TNRC6C|TOB1|RIPK2|CPEB3|CSDE1|SH3RF3|DHX36|DHX9|YTHDF1|YTHDF3|DDIT3|ZC3H18|RAD23A|VPS11|ZFP36|FOXO1|GATA5|MSN|SOCS5|LPCAT1|FMR1|SOCS4|GTPBP1|TNFAIP3|HNRNPD|HNRNPU|IGF2BP1|TNFRSF1B|METTL3|ECSCR|ORMDL3|PABPC1|PAIP1|PIWIL2|RBM24|CLU|ZC3H12A|SGSM3|TREM2|PTK2|ROCK1|ROCK2|ANG|PIK3C2A|SYNCRIP|SNX9|YBX1|YTHDF2|STUB1|ABCD1|PIP4K2A|PIP4K2B|DAPK1|PIP4K2C|ACTN3|FGF21|GPC3|AKT1|C4BP|HSPBP1|RNF40|OAZ2|BID|CBFA2T3|ADORA1|TGFB1I1|RILP|DDB1|TRIM21|BAG3|BCAP31|SH3GLB1|FBXO22|CD81|FBXO7|FBXW7|USP13|USP20|SPTLC1|SPTLC2|GJA1|PTTG1IP|DACT1|SMO|SH3RF2|USP5|MLXIPL|TOMM7|VDAC1|TMTC3|MYC|DAB2IP|CCNY|ALKBH5|RBX1|NDUFA13|DVL1|HAMP|HAMP2|SQSTM1|SNX4|GPSM1|BAG6|IL1B|EZR|RAB3GAP1|CNOT6L|NOD2|NUPR1|NSF|PINK1|DNAJB2|DCPS|SNCA|SCT|ZC3HAV1|TNF|NKD2|ERN1|LRSAM1|RAB3GAP2|TFEB|RALB|SNX18|SNX30|TRF|VCP|SNX7|TMEM59|BAX|GRSF1|IFNG|TRIM65|ATM|IL4|SLC25A4|HSF1|SLC25A5|CELF1|ADAM9|L3MBTL3|KHSRP|LSM1|PNPT1|CUL4A|CUL4B|METTL14|DISC1|CDKN1B|SLC35D3|ADCY10|FBXL5|ADRA1B|ATG2A|PAN2|PAN3|HERPUD1|IDUA|ESRRB|PDE12|SGTA|EIF2A|SMURF1|GCK|GSK3A|GSK3B|HMGB1|IGF1|GPLD1|INS1|INS2|INSR|IRS1|IRS2|VPS28|SEC22B|MTOR|RUFY4|MAPK3|MAPK8|SNX33|MDM2|SUMO3|ZFAND2A|PHKA1|PHKB|PHKG1|HSP90AA1|PHKG2|HSPB8|BBS7|DDA1|DET1|NUB1|OSBPL7|SUMO2|ZER1|ZYG11B|RB1CC1|TRIB2|METTL16|SETD2|WDR45|WIPI1|STX5A|ATXN3|CSNK1A1|AGBL4|APP|WNT5A|ARNT|BAG2|TMEM67|FZR1|ASB5|ASB9|WDR24|ADAM8|AMBRA1|TRIB1|CDC20|FLCN|IKBKG|CHFR|FBXW8|IRGM1|TARDBP|AXIN1|GAPDHS|CBLB|GIT1|GPD1|GPI1|HIF1A|HK2|NOD1|IER3|KAT2B|OPTN|MLST8|MLX|ATG13|DDRGK1|ATG4B|P2RX7|UPF1|PFKFB1|CLEC16A|GABARAP|RNF31|UBE2A|PPP2CA|PRKAA1|ZFP36L1|PRKAA2|PSEN1|TBK1|TLR2|MTDH|RPTOR|SIK2|SIRT6|SLC4A4|SRC|DAB2|UCHL1|DTX3L|ITCH|PNPLA2|ZBTB20|CCDC22|KAT5|LAPTM5|ABCD2|MYLIP|SNX1|STK11|BCL2L11|HSPA1A|TSC1|ACSL5|PRR5L|RHBDD3|RNF41|CSNK1D|IGTP|IRGM2|TTC5|RAB12|SH3RF1|RHBDD1|RNFT1|SVIP|ADRB2|APOE|AADAC|PLK2|CLSTN3|TICAM1|ABHD5|ATG5|TSC2|CPT1A|PAFAH1B2|PIAS1|TPCN1|XBP1|ZC3H12D|ZFP36L2|TNFSF12|RAB7|RNF180|AGTPBP1|SORL1|WAC|ATG7|AURKA|APOH|FBXO11|ANGPTL3|ATG16L1|DCP2|APOA4|FABP1|APOA5|APOC2|BNIP3|MAPK15|BNIP3L|PARN|CAV1|DCN|ENDOG|TRIM32|HDAC6|KCNE2|HUWE1|KDR|ATF6|ASB11|SH3D19|RNF152|SESN1|TRP53INP1|DAGLB|CSNK2A1|MUL1|EIF2AK3|NEDD4|NEDD4L|OAZ1|MID2|ELAVL1|PIM2|TRIM13|PCSK9|TRIM8|PLIN5|FAF1|MEFV|PSMD10|PRKCE|PRKD1|PSEN2|PTK2B|IGFBP3|PTEN|SESN2|MAPK9|PLK1|RGMA|VPS13D|SUMO1|TWIST1|VPS35|DEPTOR|SESN3|TLR9|ULK1|SCOC|CDK5RAP3|PTPN1|UBQLN1|UBR3|UBE2V2|NPRL3|VGLL4|AGER|SIRT1|SIRT2|SOX9|RDX|CSNK1E|FYCO1|LDLR|GGA3|TRIB3|UBR4|TOM1|LRP1|CDK16|APC|DEPDC5|IRGQ|NPRL2|PLEKHF1|PAQR3|TRIM23|EGLN2|GCLC|TIPARP|SH3BP4|EGF|HTT|PLK3|NKD1|AXIN2|BTG2|CAPRIN1|CDC37|CNOT1|PACSIN3|CNOT2|CNOT3|CNOT6|FOXO3|CNOT7|CNOT8|RNFT2|DCP1A|TMX1|DCP1B|RCHY1|DIS3L2|SUPV3L1|WFS1|DND1|TRIM30A|EIF4ENIF1|PRICKLE1|SCTR|IL33|FTO|FXR1|IL6|FXR2|GIGYF2|SNF8|EIF2AK1|GTSF1|HMOX1|HNRNPR|TRAF7|LARP1|UBQLN2|ABCA2|DTL|MEX3D|GGA1,https://www.gsea-msigdb.org/gsea/msigdb/mouse/geneset/GOBP_POSITIVE_REGULATION_OF_CATABOLIC_PROCESS,492,ENR,GOBP_POSITIVE_REGULATION_OF_CATABOLIC_PROCESS,2.4358,2E-3,GOBP_POSITIVE_REGULATION_OF_CATABOLIC_PROCESS,FALSE,GOBP_POSITIVE_REGULATION_OF_CATABOLIC_PROCESS
1,2.6989700043360201,2.6989700043360201,2.6989700043360201,0.998,0.16500000000000001,6.8999999999999999E-3,0.54500000000000004,RAB14|UBXN2A|RAB34|TMEM175|DNM1L|RAB20|RAB39|SNAPIN|STX17|GRIK5|BET1L|YIPF5|RAB4B|CHMP5|SYT7|SYT11|RAB3A|STX16|CD9|STX6|VPS39|GNAI3|SNAP47|PRRT2|RUFY1|SNCA|STX12|SAMD9L|IZUMO1|AU040320|RIMS2|STXBP6|VAMP1|SYT2|NKD2|RAB8A|GOSR1|GOSR2|VPS11|BNIP1|SLAMF1|CHMP1A|CHMP1B|CHMP2A|PLA2G4A|VAMP2|CHMP2B|CHMP3|PLA2G5|ANXA7|CHMP4C|CHMP6|STX11|STX7|HACE1|OPA1|PIKFYVE|CH25H|STX8|CHMP4B|ERC1|ERC2|NSFL1C|UBXN2B|SNAP29|SPHK1|RIMBP2|STX2|ANKFY1|SYT8|TMEM95|VPS33B|WDR54|VTI1B|TPST2|TOM1|VAV3|DCSTAMP|VPS41|VPS4A|SEC22B|VAMP3|VPS8|TBC1D4|STX3|RUFY4|CLN3|CORO1A|RAB7|ANKRD27|PIP4K2A|CHMP7|PIP4K2B|STXBP1|DYSF|SYT4|TIE1|ATP13A2|ANXA2|VAMP4|BET1|TGFBRAP1|ANXA1|YIPF4|YIPF7|VCPIP1|ADAM1A|CAV2|KIF5B|SYT1|STX5A|SYT3|SPG11|ITGA3|FOLR2|VTI1A|MYOF|STX19|DCST1|YKT6|ADAM8|GAS6|HYAL2|PLEKHM1|ARL8B|UVRAG|DOC2A|DOC2B|DOC2G|HUWE1|SNPH|STX18|SYT13|RPH3A|SYT5|ZNRF2|STX1A|SYT9|CPLX2|LYZL4|USO1|FOLR1|PLEKHM2|SNAP23|EEA1|STX4A|SNAP25|VAMP8|TRIM9|ZNRF1,https://www.gsea-msigdb.org/gsea/msigdb/mouse/geneset/GOBP_MEMBRANE_FUSION,150,ENR,GOBP_MEMBRANE_FUSION,2.3997000000000002,2E-3,GOBP_MEMBRANE_FUSION,FALSE,GOBP_MEMBRANE_FUSION
41,2.74472749489669,2.74472749489669,2.74472749489669,1,0.13350000000000001,1.0699999999999999E-2,0.76900000000000002,ATG4B|SLC39A4|PFKFB1|ATG14|BECN1|CLEC16A|GABARAP|GABARAPL2|SEH1L|CHKA|LRP11|PPARA|WNT9B|JMY|PRKAA1|PRKAA2|PRKAG1|PRKCH|IFI203|MNDAL|RPTOR|RRP8|ALB|HSPA8|LRRK2|ATF3|UCP2|MAPK1|KAT5|TNRC6A|PPM1D|WNT4|SZT2|TBC1D5|CPEB4|EIF2AK4|DDIT3|EIF2B1|DSC2|ZFP36|PAK4|SUV39H1|MTMR3|FOXO1|TSC1|SFRP1|EIF4EBP1|TTC5|TNFRSF11A|CTSK|IMPACT|BMPR2|SLC34A1|PLIN3|ATG5|YWHAG|BCL2|ZC3H12A|TSC2|PAK2|ANGPTL4|XBP1|ZFYVE1|ADM|SLC38A2|MAP1LC3B|PIK3C2A|PIK3C2B|PIK3C3|SAR1A|PIK3R4|ADSL|BCAS3|ATF2|ATG7|GAS2L1|CTSL|BMF|FOXA3|KPTN|NUAK2|RRAGC|SH3GLB1|FBXO22|GPT|SLC2A1|DNAJC15|TRIM32|USP33|MAP3K5|YWHAZ|MUP1|JUN|SSTR3|CBL|ULK3|RNF152|MFSD2A|MICU1|PAK1|SESN1|STK24|PLIN2|EHMT2|EIF2AK3|SAR1B|PCK1|PCK2|PCSK9|PMAIP1|FADS1|TBC1D7|PRKD1|FNIP1|RNASE4|SESN2|KRT20|ITFG2|TFEB|RALB|PAK3|MIOS|SESN3|UPP1|YME1L1|ULK1|ULK2|MYBBP1A|PDK4|MAX|NPRL3|CADPS2|WRN|MYOD1|ACADM|LAMP2|SLC38A3|SIRT1|COMT|GABARAPL1|EIF2A|GCGR|SREBF1|GCK|EIF2S1|FOS|INHBB|DEPDC5|PAK6|VPS41|HSPA5|NPRL2|RRAGA|ASNS|MTOR|SLC7A5|ATF4|GLUL|MAP1LC3A|MAPK3|TBL2|MAPK8|CPS1|CCKAR|SLCO2B1|SREBF2|NFE2L2|RRAGB|GPR155|MFSD5|FAS|RRAGD|XPR1|PRKAG2|PRKAG3|UCN3|TCF7L2|MFSD11|TRP53|WDR45|WIPI1|WIPI2|ACAT1|FOXO3|SLC39A5|HFE|ATXN3|DAP|BHLHA15|WDR24|WDR59|WNT2B|EIF2AK2|GNPAT|GAS6|HIGD1A|KLF10|AMBRA1|FLCN|FOXK1|SSTR1|FOXK2|PICK1|EIF2AK1|RNF167|HMOX2|CDKN1A|LARP1|UGT1A1|HMGCS2|CAD,https://www.gsea-msigdb.org/gsea/msigdb/mouse/geneset/GOBP_RESPONSE_TO_STARVATION,211,ENR,GOBP_RESPONSE_TO_STARVATION,2.3067000000000002,0,GOBP_RESPONSE_TO_STARVATION,FALSE,GOBP_RESPONSE_TO_STARVATION
23,1.6989700043360201,1.6989700043360201,1.6989700043360201,0.98,0.1215,9.5200000000000007E-2,1,MOV10|NANOS1|UPF1|NANOS3|RBM10|NLRP5|CIRBP|ELAVL1|MLH1|CNOT6L|PABPC4|PABPN1L|ZC3H14|RNASEL|PATL1|PHAX|PIAS4|CSDC2|PLEKHN1|ZFP36L1|PNLDC1|POLR2G|TIRAP|PUM1|RBM33|RBM46|DCPS|SAMD4|SAMD4B|SECISBP2|SENP1|TNF|ELAVL4|RC3H1|RC3H2|TNRC6A|TNRC6B|TNRC6C|TRAF3IP2|TOB1|TRAF5|CPEB3|TRDMT1|CSDE1|DHX36|DHX9|YBX2|YTHDF1|YTHDF3|HNRNPC|ZC3H18|SRSF1|PCID2|ZCCHC17|ZFP36|SLC11A1|CELF1|VIM|GDNF|SLFN2|KHSRP|FASTKD2|FASTKD3|LSM1|SCGB1A1|PNPT1|MYD88|PUM2|FMR1|METTL14|HNRNPD|ARID5A|HNRNPU|IGF2BP1|TNFRSF1B|NSUN2|DDX49|METTL3|TRAF2|PAN2|PAN3|DICER1|PABPC1|PAIP1|DKC1|PCBP4|PIWIL2|RBM24|PDE12|VEGFA|ZC3H12A|FUS|PTBP1|ZC3H12D|MTOR|ROCK1|ROCK2|ZFP36L2|ANG|SYNCRIP|TAF15|YBX1|YTHDF2|RBM38|RBM47|DCP2|APEX1|AXIN2|PARN|BRF1|BTG2|METTL16|CAPRIN1|ANGEL2|CARHSP1|CNOT1|FASTK|CNOT2|FASTKD1|CNOT3|FASTKD5|CNOT6|NAF1|CNOT7|CNOT8|MAPKAPK2|DCP1A|DCP1B|CALCR|DIS3L2|TBRG4|DND1|EIF4ENIF1|NPM1|FAM76B|FTO|FXR1|FXR2|GIGYF2|TARDBP|GTSF1|HNRNPA0|ALKBH5|E2F1|HNRNPR|THRAP3|IGF2BP2|APOBEC1|IGF2BP3|IKBKE|LARP1|LARP4B|METTL1|MEX3D,https://www.gsea-msigdb.org/gsea/msigdb/mouse/geneset/GOBP_REGULATION_OF_RNA_STABILITY,154,ENR,GOBP_REGULATION_OF_RNA_STABILITY,1.7488999999999999,0.02,GOBP_REGULATION_OF_RNA_STABILITY,FALSE,GOBP_REGULATION_OF_RNA_STABILITY
2,2.2218487496163601,2.2218487496163601,2.2218487496163601,0.99399999999999999,0.24579999999999999,5.9700000000000003E-2,1,NLGN3|EFNB1|LRRTM3|EFNB2|EFNB3|WNT3A|APP|PTPRD|SLITRK2|FZD1|EIF4G1|MDGA1|NRG1|PCLO|PTEN|BSN|CADM1|FARP1|NLGN1|SNCA|NRXN1|SDCBP|IL1RAP|ARF6|NLGN2|LRFN4|NTNG2|LRRTM1|IGSF11|IL1RAPL1|PCDH17|DVL1|LRFN3|FZD5|CLSTN3|LRP4|MDGA2|PTPRS|SLITRK1|GPC4|NTRK3,https://www.gsea-msigdb.org/gsea/msigdb/mouse/geneset/GOBP_PRESYNAPSE_ASSEMBLY,41,ENR,GOBP_PRESYNAPSE_ASSEMBLY,1.8773,6.0000000000000001E-3,GOBP_PRESYNAPSE_ASSEMBLY,FALSE,GOBP_PRESYNAPSE_ASSEMBLY
11,2.6989700043360201,2.6989700043360201,2.6989700043360201,0.998,0.1613,4.65E-2,1,BBS1|NRP1|PPP1R9B|CDK5R1|XRN2|LYPD6|OGDH|GLI3|ALDH1A3|PTEN|RAX|ZEB2|ATAT1|RELN|HDAC1|FBXO41|POMGNT1|POMT2|SCT|DAB1|BBS2|DLX2|UBB|SEMA3A|TMEM108|ID4|UQCRQ|LMX1A|BAX|MDK|PTPRS|NCOA1|EIF2B5|VPS13B|EZH2|NEFL|NR4A3|RARA|TSC1|DCX|HDAC2|PAFAH1B1|SLC32A1|YWHAE|CASP3|KCNA1|MKKS|TRP73|MME|FGFR1|NKX2-1|ATP2B4|PROX1|SRF|NF2|NRP2|PLXNA3|GSK3B|SEMA3E|NFIX|WNT3A|BBS4|PLXNA1|CTNNB1|EPHA5|TSKU|FGFR2|ABCC1|MECP2|SEMA6B|TBX3|KIF14|NEUROD1|ATG16L1|FGF13|ANXA3|DCLK2|KIF3A|KIRREL3|UBA6|BTG2|CDK5|USP9X|CNTNAP2|KDM6B|HAP1|TUBA1A|EMX2|FEZ1|PITX2|LRP8|SMO|CDK5R2|CRK|FXR1|FXR2|NF1|ZIC1|ATP1A2|MFSD2A|PAK1|XRCC1|CSF1R|LEF1|CRKL|RAB3GAP1,https://www.gsea-msigdb.org/gsea/msigdb/mouse/geneset/GOBP_LIMBIC_SYSTEM_DEVELOPMENT,106,ENR,GOBP_LIMBIC_SYSTEM_DEVELOPMENT,1.9397,2E-3,GOBP_LIMBIC_SYSTEM_DEVELOPMENT,FALSE,GOBP_LIMBIC_SYSTEM_DEVELOPMENT
11,2.74472749489669,2.74472749489669,2.74472749489669,1,0.1338,3.3E-3,0.19400000000000001,HES5|LPAR1|DMXL2|NDE1|LHX1|CDK5R1|XRN2|EFNA2|HERC1|WDR37|LYPD6|GLI3|GART|PSEN1|EPHB3|ALDH1A3|BMP2|PHACTR1|HDAC1|SECISBP2|BBS2|LRRK2|ERBB4|EXT1|NCOR2|TMEM108|LMX1A|SZT2|KDM2B|WDR89|DLX5|GMPPA|MDK|SRGAP2|ASPM|NCOA1|EIF2B5|CEP120|EZH2|CCDC39|RARA|TSC1|DCX|GRCC10|PAFAH1B1|MBOAT7|KCNA1|IGF2BP1|CCDC141|TUBB2A|RTN4|ULK4|MKKS|ATP2B4|DIXDC1|SLIT2|ATP1B2|PLXNA3|PLXNA4|TRAPPC9|ROBO1|ROBO2|RTN4R|RTN4RL1|BMP4|OXTR|RYK|NFIX|WDR62|WNT3A|SLIT1|KAT2A|KIF21B|TUBB2B|FUT1|SHANK3|SLC38A2|ZMIZ1|DBI|INHBA|AVPR2|BBS4|NFIB|MDGA1|SEC1|AGTPBP1|BHLHE22|DMD|DMRTA2|NR2F1|ABCC1|ATG7|KIF14|ATG16L1|CDH2|FGF13|CDON|DCLK2|FOXP2|FLNA|ZSWIM6|BNIP3|FKTN|AVPR1A|IFT88|CDK5|ATP1A3|USP9X|GRIA1|GRIN1|RARB|KDM1A|LAMB1|SLC2A1|SUN1|FEZ1|RPGRIP1L|SALL1|CXCL12|KCNC1|SALL3|SKI|SMO|LRP6|KCNA2|KCNA3|CRK|NUMB|DAB2IP|NUMBL|NF1|NTRK2|MFSD2A|NIN|CSNK2A1|DPCD|ZDHHC16|CRKL|BBS1|FBXO45|PRDM8|PAX5|PAX6|TCTN1|PPP1R9B|PEX13|PEX5|SUN2|SYNE2|BCL11B|NPY|OGDH|RHOA|PTEN|RNF7|ATF5|ZEB2|ATAT1|ATOH1|RELN|FBXO41|POMGNT1|POMT2|POU3F3|SCT|SLC1A2|DAB1|DLX2|SEMA3A|ID4|UQCRQ|LHX2|ARL13B|PFDN1|SOCS7|BAX|PTPRS|HNRNPK|VPS13B|NEFL|SHH|CELF1|NR4A3|CHD7|HDAC2|SLC32A1|TACC1|YWHAE|TACC2|UCHL5|CASP3|NRG1|AKIRIN2|CUL5|MYH10|DISC1|EFHC1|FILIP1|TRP73|MME|CNTN2|DICER1|FGFR1|NKX2-1|PROX1|SRF|NF2|COL3A1|PLCB1|EGFR|TH|FOS|TNR|GSK3B|ID2|LHX6|ARX|EOMES|CTNNB1|EPHA5|EPHB2|CORO1C|CXCR4|TSKU|HTT|MECP2|SEMA6B|HES1|NEUROD1|ANXA3|AQP1|KIF3A|KIRREL3|UBA6|BTG2|CRTAC1|P2RY12|WDR47|KDM6B|PCNT|SOX2|SLC7A11|SEMA7A|TUBA1A|EMX1|WNT5A|EMX2|NDEL1|KIF26A|TTC8|LRP8|BTBD3|CDK5R2|NSUN5|FXR1|FXR2|MCPH1|SLITRK5|ZIC1|ATIC|ATP1A2|HIF1A|TFAP2C|TRA2B|RAC1|TACC3|XRCC1|CSF1R|LEF1|FAT4,https://www.gsea-msigdb.org/gsea/msigdb/mouse/geneset/GOBP_TELENCEPHALON_DEVELOPMENT,270,ENR,GOBP_TELENCEPHALON_DEVELOPMENT,2.5750000000000002,0,GOBP_TELENCEPHALON_DEVELOPMENT,FALSE,GOBP_TELENCEPHALON_DEVELOPMENT
1,2.3767507096021001,2.3767507096021001,2.3767507096021001,0.99580000000000002,0.1769,2.2100000000000002E-2,0.98499999999999999,FBXO45|PREPL|P2RX7|DNM1L|P2RX1|RAP1A|RAP1B|SNAPIN|GRIK5|GIT2|NPY|SYT7|SYT11|PSEN1|RAB3A|SNAP47|PRRT2|UNC13B|PFN2|SNCA|PRKCB|ATP2A2|LRRK2|RIMS2|NAPA|VAMP1|UNC13C|SYT2|NAPB|VPS18|VAMP2|STX11|SCRIB|BRAF|HTR1D|NCS1|PRKACA|OTOF|CADPS2|FMR1|CTBP2|ERC1|ERC2|SNAP29|SYN1|P2RY1|RIMBP2|SLC4A8|STX2|SYT12|SV2B|SYT8|NPY1R|P2RX2|SYNJ1|CACNA1D|CSPG5|PRKCA|KCNH1|PPFIA2|SYP|UNC13A|CASK|PCLO|BRSK1|RIMS3|NLGN1|STXBP1|STXBP5L|SV2A|SV2C|SYT4|CAMK2A|EFR3A|CACNA1A|SYNGR3|SYT1|FBXL20|DTNBP1|PPFIA3|SYDE1|STX19|CADPS|DOC2A|DOC2B|DOC2G|SYT13|RPH3A|SYT5|OSBPL2|STX1A|GIT1|STXBP5|SYT9|CPLX2|DVL1|P2RY2|SNAP23|STXBP2|BCL2L1|STX4A|CACNB4|RAB5A|SNAP25|CACNA1E|TRIM9|RAB3GAP1,https://www.gsea-msigdb.org/gsea/msigdb/mouse/geneset/GOBP_SYNAPTIC_VESICLE_EXOCYTOSIS,107,ENR,GOBP_SYNAPTIC_VESICLE_EXOCYTOSIS,2.15,4.1999999999999997E-3,GOBP_SYNAPTIC_VESICLE_EXOCYTOSIS,FALSE,GOBP_SYNAPTIC_VESICLE_EXOCYTOSIS
38,1.62160209905186,1.62160209905186,1.62160209905186,0.97609999999999997,0.1449,9.6799999999999997E-2,1,CDC5L|FANCD2|PARP9|NBN|RAD1|ZFP830|RPS27L|CEP63|CLSPN|EME1|EME2|CLOCK|DGKZ|SETMAR|HUS1|HUS1B|CCNG1|DTX3L|FOXO4|FEM1B|MRE11A|BRCA2|CRY1|MUS81|HINFP|MAPK14|NAE1|PLK1|GNB1L|PPP1R10|TIPRL|MBD4|RAD17|NEK11|RFWD3|RAD9B|EIF2AK4|ATM|CDT1|ATR|RPA2|DOT1L|CDC14B|CDK5RAP3|TIMELESS|TIPIN|CUL4A|D7ERTD443E|UIMC1|TREX1|BRD4|TRP53BP1|RNASEH2B|TAOK2|STK33|MBTPS1|MBTPS2|FOXN3|STK38|TAOK1|PTPRV|BRSK1|RINT1|TRIM39|WAC|ATF2|MDC1|TOPBP1|ERCC6|FBXO4|CDK1|PTPN11|NEK1|BRCA1|TRP53|CCND1|DONSON|ETAA1|DNA2|FBXO31|ORC1|FZR1|USP28|TTI1|WDR76|TAOK3|RAD51|MSH2|CDC6|BLM|SYF2|GIGYF2|ATRIP|BARD1|E2F1|BRCC3|PRKDC|CDKN1A|CHEK1|CREB3L1|INTS7|PRPF19|XPC|IER3|LYN|CHEK2|DTL,https://www.gsea-msigdb.org/gsea/msigdb/mouse/geneset/GOBP_DNA_INTEGRITY_CHECKPOINT_SIGNALING,107,ENR,GOBP_DNA_INTEGRITY_CHECKPOINT_SIGNALING,1.7391000000000001,2.3900000000000001E-2,GOBP_DNA_INTEGRITY_CHECKPOINT_SIGNALING,FALSE,GOBP_DNA_INTEGRITY_CHECKPOINT_SIGNALING
22,1.9172146296835499,1.9172146296835499,1.9172146296835499,0.9879,0.3972,6.4600000000000005E-2,1,TGFB2|UBE4B|BMPR1A|MED1|DLL4|HEY1|TGFBR1|NOTCH1|ENG|CHD7|HEG1|NKX2-5|HEY2|RBPJ|NRG1,https://www.gsea-msigdb.org/gsea/msigdb/mouse/geneset/GOBP_VENTRICULAR_TRABECULA_MYOCARDIUM_MORPHOGENESIS,15,ENR,GOBP_VENTRICULAR_TRABECULA_MYOCARDIUM_MORPHOGENESIS,1.8566,1.21E-2,GOBP_VENTRICULAR_TRABECULA_MYOCARDIUM_MORPHOGENESIS,FALSE,GOBP_VENTRICULAR_TRABECULA_MYOCARDIUM_MORPHOGENESIS
10,1.73992861201493,1.73992861201493,1.73992861201493,0.98180000000000001,7.8700000000000006E-2,7.7899999999999997E-2,1,RAB11A|ATG14|BECN1|NOLC1|SIX2|APOD|FAM53B|FIS1|CWH43|CD68|AKAP1|HSPA8|PRKCD|PRKCQ|ARXES1|ARXES2|LRRK2|SRP9|MAPK1|SPCS1|SPCS2|SPCS3|KPNA1|TPR|RANBP2|DDIT3|UFM1|NUP50|NUP85|SEC61A1|JUP|TNFAIP3|VPS25|NUP153|BMPR2|RAB23|SRP54A|RAN|CLU|NR4A1|ZC3H12A|NUP155|TGFB1|EPS15|TSPO|IPO7|BCL3|PIK3C3|APPL1|PIK3R1|PIK3R4|AKT1|BID|CDK1|CFL1|USP9X|BMPR1A|CD36|BAG3|BAG4|BCAP31|SH3GLB1|DNAJC19|DNLZ|DUSP18|FBXO7|FBXW7|GFER|VPS36|GRPEL1|GRPEL2|FOLR2|HSPA1L|IFT122|DNAJC15|IMMP1L|MIPEP|PAM16|NIPBL|PMPCA|PMPCB|PTPN5|TIMM17A|PTTG1IP|TIMM17B|TIMM23|TIMM44|E2F3|TIMM8A1|NEURL1B|SMO|TOMM20|TOMM34|MFN2|TOMM40L|LRP2|TOMM5|TOMM7|YWHAZ|AGAP3|MTCH2|CBL|NDP|NF1|RAB10|NDUFA13|SQSTM1|BAG6|RAB3GAP1|NOTCH1|OXA1L|PEX3|GCKR|PINK1|DNAJA1|DDX5|ROMO1|DYRK1A|BRCA2|LRWD1|LRSAM1|SPDYA|RAB3GAP2|WBP2|ZFP827|TRAF3IP2|AIFM1|BAX|CHCHD4|IFNG|RPAIN|ADAR|IMMP2L|NFATC3|CDKN2A|FAM53A|ING1|SHH|FAM53C|IPO11|IPO13|IPO8|KPNA3|NEURL3|RANBP6|SPRN|TMCO6|TNPO1|ANKRD10|TNPO3|ANKRD6|AP4M1|ASB15|ASB3|CHMP4B|CDH1|GCC2|GET4|GNPTAB|VPS54|GOLPH3L|ADCY10|HGS|LAMP2|M6PR|NUP98|MON1B|PKIG|HERPUD1|NFKBIA|NUP54|PEX19|DKC1|MON1A|NCOA4|SEC61A2|SEC61G|SEC62|SGTA|SGTB|ECT2|SMURF1|SNX16|EGFR|SRP14|SRP19|SRP54B|SRP72|SRPRB|GSK3A|SSR3|TRAM1|TRAM1L1|TRAM2|VPS37A|VPS37B|VPS37C|VPS37D|VPS41|HSPA5|VPS4A|VPS28|VPS53|VPS8|YWHAB|ZDHHC15|ZFAND2A|RBM22|ZFAND2B|ZFAND6|ZFYVE16|DMAP1|HEATR3|HSP90AA1|HSP90AB1|IPO4|IL10RA|IPO9|IPO5|ANGPT1|TRP53|NUP107|NUP133|TEK|TXNIP|MACF1|GBP4|NOL3|NUTF2|AP3D1|EP300|NUP88|IRGM1|TARDBP|PTPN23|MAVS|HK1|HK2|KPNA2|CDKN1A|EDEM1|MAN1A|MMP12|PRKAA1|GLI3|PSEN1|SIRT6|BMP2|HDAC3|RUVBL2|STAT3|PKIA|LAPTM5|NRARP|TRIM28|UBR5|IGTP|IRGM2|SH3KBP1|SYK|SEC61B|KPNB1|AKAP5|SEC63|NUP62|TSC2|BMP4|CUBN|XBP1|PIK3R2|AGT|4930550C14RIK|RAB7|AGK|AP3B1|SORL1|ACD|CCT2|ATF2|CCT3|CCT4|CCT5|CCT6A|BBC3|CCT7|CCT8|FLNA|APPL2|BNIP3L|BRCA1|POT1A|POT1B|SEC13|TCP1|TNPO2|WRAP53|HACL1|SORT1|POLA2|GDAP1|GOLPH3|CABP1|HSPA4|SCARB2|GRB2|LMNA|LONP2|MAPT|KPNA6|LAMP1|MFF|TSPAN17|MTCH1|NOS3|NEDD4|PARL|PDCD5|MDFIC|ELAVL1|PEX13|PEX5|PMAIP1|PEX7|PHB2|PML|PPP2R2B|PPP3CA|PPP3R1|PRKD1|RALA|HCLS1|PTPN22|HNF4A|RYR2|PHIP|TIMM10|TIMM13|TIMM22|TIMM50|TIMM9|TOMM22|TOMM40|TOMM70A|MAPK14|VPS13A|VPS13C|VPS13D|SUMO1|AKIRIN2|PTGS2|SNUPN|STK3|STK4|SIRT4|ABRA|SREBF1|TNFRSF1A|GGA3|MED1|PEX1|PEX10|PEX12|PEX14|PEX16|PEX26|CRY2|PEX5L|PEX6|TRIM37|EGF|GLP1R|KPNA4|RAB8B|FERMT1|SPG11|HSPD1|EI24|BCS1L|NUP188|POM121|CSE1L|FGF9|COX18|NUP214|EIF4ENIF1|HYAL2|PRICKLE1|IL33|NUP35|SAMM50|IL6|TMEM126A|SNF8|STAM|EFCAB7|UACA|ZIC1|JAK2|SPRY2|SRP68|TERF1|FOLR1|TSG101|LAMP3|NUP93|AIP,https://www.gsea-msigdb.org/gsea/msigdb/mouse/geneset/GOBP_ESTABLISHMENT_OF_PROTEIN_LOCALIZATION_TO_ORGANELLE,406,ENR,GOBP_ESTABLISHMENT_OF_PROTEIN_LOCALIZATION_TO_ORGANELLE,1.8088,1.8200000000000001E-2,GOBP_ESTABLISHMENT_OF_PROTEIN_LOCALIZATION_TO_ORGANELLE,FALSE,GOBP_ESTABLISHMENT_OF_PROTEIN_LOCALIZATION_TO_ORGANELLE
18,1.8961962790440401,1.8961962790440401,1.8961962790440401,0.98729999999999996,0.1105,6.4500000000000002E-2,1,OPHN1|OGT|PSMF1|UBXN2A|CLEC16A|CAML|GABARAP|GABARAPL2|PABPN1L|RPL23|EFNA1|FHIT|GLMN|PSEN1|RNF185|UBE2K|RPL5|TMF1|SIRT6|RNF139|USP38|HSPA1B|DAB2|SENP1|UBB|LRRK2|CCDC22|LAPTM5|SH3RF3|TLK2|RAD23A|RAD23B|UBE3A|TAF9|HSPA1A|SOCS5|EIF3H|NUDT15|CSNK1D|SH3RF1|FMR1|SOCS4|SMARCC1|RNFT1|SVIP|ECSCR|APOE|XPO1|PLK2|RPL11|CLU|PIAS1|WNT10B|XBP1|TREM2|PTK2|RPS7|USP14|COMMD1|ANKS1|BAG5|FOXF2|CSNK2A2|RNF180|HIPK2|AGTPBP1|PBK|STUB1|PDCL3|PHF20L1|RYBP|STYX|TRIM39|WAC|AKT1|HSPBP1|ATG7|UFSP2|AURKA|BTRC|RNF40|ARAF|CBFA2T3|TGFB1I1|CAV1|USP9X|ZFP418|BCAP31|UBXN1|FBXO22|FBXW7|USP13|USP19|USP25|GIPC1|WNT1|KCNE2|SH3RF2|USP5|PKD1|TMTC3|DAB2IP|RBX1|DVL1|HAMP|MTM1|BAG6|EIF2AK3|OAZ1|QRICH2|DLGAP1|SUFU|NUPR1|PML|PRMT6|PARK7|PSMD10|PSEN2|GPX1|PTK2B|DNAJB2|PTEN|NKD2|ERN1|PSME1|TRF|VCP|PSME2|PSME3|MAPK9|PLK1|NFE2L1|SUMO1|TMEM168|CDK5RAP3|CDKN2A|SHH|UBQLN1|L3MBTL3|UBE2V2|UBQLN4|UCHL5|CSNK2B|PRKACA|USP7|DISC1|RGN|SCO1|HERPUD1|SIRT1|SIRT2|SGTA|EIF2A|SMURF1|GSK3A|CSNK1E|GSK3B|TRIB3|PAQR3|AQP11|MTOR|CTSC|MAPK8|MDM2|SUMO3|ZFAND2A|GCLC|HSP90AB1|EGF|EPHA4|BBS7|PLK3|DDA1|DET1|NUB1|OSBPL7|SUMO2|PSMD14|ZER1|ZYG11B|AXIN2|TRIB2|HFE|RNFT2|ATXN3|CSNK1A1|RHBDF1|TMX1|AGBL4|TTC36|BAG2|RCHY1|TMEM67|FZR1|WFS1|GNA12|N4BP1|PRICKLE1|TRIB1|CDC20|IL33|ALAD|CHFR|FBXW8|LATS1|AXIN1|TRAF7|UBQLN2|LAMP3|DDRGK1|F8A,https://www.gsea-msigdb.org/gsea/msigdb/mouse/geneset/GOBP_REGULATION_OF_PROTEOLYSIS_INVOLVED_IN_PROTEIN_CATABOLIC_PROCESS,211,ENR,GOBP_REGULATION_OF_PROTEOLYSIS_INVOLVED_IN_PROTEIN_CATABOLIC_PROCESS,1.8565,1.2699999999999999E-2,GOBP_REGULATION_OF_PROTEOLYSIS_INVOLVED_IN_PROTEIN_CATABOLIC_PROCESS,FALSE,GOBP_REGULATION_OF_PROTEOLYSIS_INVOLVED_IN_PROTEIN_CATABOLIC_PROCESS
40,2.74472749489669,2.74472749489669,2.74472749489669,1,0.3337,4.0000000000000002E-4,8.9999999999999993E-3,OPHN1|L1CAM|MTSS1|PKP2|DSC1|CD177|SHANK3|RAB3A|CLDN3|PCLO|APPL1|CBLN3|BSN|DLG1|DGKZ|NLGN1|HSPA8|NRXN1|CBLN2|F2R|RIMS2|SEMA3A|PRICKLE2|SDF4|SHANK1|SHROOM2|CNTNAP1|CNTNAP2|WHRN|RAPSN|FERMT2|F2RL1|SORT1|ITGB1|ITGB3|PARD6A|GRN|MPP2|PRICKLE1|C1QL1|CADM1|CTBP2|MPZ|ERC1|CLDN1|ERC2|PRTN3|ARF6|TJP1|PKP1|DLG2|CAMSAP3|KIFC3|CSF1R|RIMBP2|PLXNA4|PLEKHA7,https://www.gsea-msigdb.org/gsea/msigdb/mouse/geneset/GOBP_CELL_JUNCTION_MAINTENANCE,57,ENR,GOBP_CELL_JUNCTION_MAINTENANCE,2.9384999999999999,0,GOBP_CELL_JUNCTION_MAINTENANCE,FALSE,GOBP_CELL_JUNCTION_MAINTENANCE
1,2.74472749489669,2.74472749489669,2.74472749489669,1,0.16170000000000001,1.43E-2,0.89200000000000002,P2RX7|ATG9B|FNBP1L|MTSS1|FA2H|CHMP5|SYT7|SYT11|RAB3A|CD9|VPS4B|FASL|NDRG1|PTEN|PTPRC|PACSIN2|MAFB|PLSCR4|SLC4A1|HDAC3|AR|ATP2A2|S100A9|IZUMO1|SERINC3|XKR8|PACSIN1|AKT2|SNX18|ILK|ABCD2|VDAC2|TGFB2|DMKN|CHMP1A|CHMP1B|CSRP3|CHMP2A|CHMP2B|VMP1|CHMP3|CHMP4C|CHMP6|PLEC|FER1L4|GZMB|ARV1|OTOF|CHMP4B|MYH10|PRF1|SH3TC2|BAIAP2|BAIAP2L1|BAIAP2L2|MYH9|MICALL1|AGRN|SERINC2|ANK2|ANK3|ANO6|WASL|XRCC4|STX2|TMEM95|CLU|WDR54|TPST2|DNM2|IQGAP1|COL5A1|VPS4A|ANO3|ANO4|ANO9|CAV3|PRX|ABCA7|CLN3|SNX33|SH3GL2|SNX9|TMEFF2|SOD1|EMP2|ABCD1|WHAMM|CHMP7|CXCR4|DYSF|XKR6|XKR9|AKT1|CLPTM1L|TIE1|ANXA2|PLSCR1|PLSCR3|EHD2|TMEM41B|CASP1|COL6A1|TLCD1|CASP7|TLCD2|TRIM72|ADAM1A|CAV2|UGCG|ASAP1|ATP10A|COLEC12|ATG9A|ATP8B1|CAV1|PACSIN3|SMPD1|BIN3|SERINC5|S100A10|SH3GLB1|ITGA3|FOLR2|MYOF|DCST1|GSN|ARL8B|GSDMD|SYPL2|FLOT1|OSBPL2|A4GALT|BIN1|LYZL4|SYTL4|FOLR1|PLSCR2|STX4A|DEGS1|FAT4|PSAP,https://www.gsea-msigdb.org/gsea/msigdb/mouse/geneset/GOBP_PLASMA_MEMBRANE_ORGANIZATION,142,ENR,GOBP_PLASMA_MEMBRANE_ORGANIZATION,2.2446999999999999,0,GOBP_PLASMA_MEMBRANE_ORGANIZATION,FALSE,GOBP_PLASMA_MEMBRANE_ORGANIZATION
32,2.3872161432802601,2.3872161432802601,2.3872161432802601,0.99590000000000001,0.1482,2.5399999999999999E-2,0.998,LRG1|APOA1|ATOH8|NR2F2|PLXNB3|EGR3|FGFR3|AIMP1|MEF2C|SEMA5A|PDPK1|FGF10|EPHA2|STAT1|CCR3|PRKD1|ALDH1A2|RPTOR|SIRT6|ZEB2|SCARB1|BMP6|STAT3|PRKD2|TNF|ECM1|TGFBR1|SP1|ERN1|FGF7|THAP1|AKT3|MDK|MMP14|ITGA4|HTR2B|NRARP|SLC39A9|NPPB|PDCD10|XDH|FLT1|APLN|GHRL|HSPG2|PPARG|ADAM17|AGER|BMPR2|APOE|ENPEP|SPARC|AGTR1A|ARG1|SCG2|DICER1|FGFR1|SIRT1|FUT2|PROX1|STAT5A|APLNR|PDGFB|THBS4|VEGFA|ZFP580|TNMD|NR4A1|TSC2|BMP4|SYNJ2BP|HMGB1|IGF1|IGF2|COL8A1|APC|DLL4|XBP1|PRKCA|PROK2|F3|RICTOR|MTOR|FUT1|LOXL2|BMPER|ACVRL1|ALOX5|ANG|PGF|COL4A3|PIK3CB|CXCR3|PIK3CD|CYBA|DLG1|NRAS|PDCL3|SULF1|DYSF|EGF|THBS1|AKT1|TIE1|PLCG1|APOH|PDCD6|KRIT1|CCL11|CCL12|CCL2|EGFL7|CCL24|CAV2|VEGFB|CAV1|COL8A2|BMPR1A|PRKX|ITGB1BP1|CD34|COL18A1|TEK|IL12A|WNT5A|IL12B|ENG|NGFR|ITGB3|DLK1|GJA1|POLD4|CXCL12|HMGB2|PTPRM|VASH1|VASH2|ADORA2B|IL10|JUN|KDR|NF1|HMOX1|MMRN2|FLT4|GATA2|FGFBP1|PPP1R16B|AGGF1|CDH13|LIPA|WNT2|FGF2,https://www.gsea-msigdb.org/gsea/msigdb/mouse/geneset/GOBP_ENDOTHELIAL_CELL_PROLIFERATION,153,ENR,GOBP_ENDOTHELIAL_CELL_PROLIFERATION,2.1128999999999998,4.1000000000000003E-3,GOBP_ENDOTHELIAL_CELL_PROLIFERATION,FALSE,GOBP_ENDOTHELIAL_CELL_PROLIFERATION
1,2.74472749489669,2.74472749489669,2.74472749489669,1,0.49419999999999997,5.8999999999999999E-3,0.42899999999999999,NEDD4|CHMP7|VPS37B|VPS4A|CHMP1A|CHMP1B|LRSAM1|CHMP2A|CHMP2B|TSG101|CHMP3|CHMP4C|CHMP5|CHMP6|VPS4B|PDCD6IP|CHMP4B,https://www.gsea-msigdb.org/gsea/msigdb/mouse/geneset/GOBP_VIRAL_BUDDING,17,ENR,GOBP_VIRAL_BUDDING,2.4456000000000002,0,GOBP_VIRAL_BUDDING,FALSE,GOBP_VIRAL_BUDDING
15,2.09151498112135,2.09151498112135,2.09151498112135,0.9919,8.3900000000000002E-2,3.6200000000000003E-2,1,MAP3K7|NEURL1A|NOLC1|CDK5R1|ARHGEF5|NBN|WWTR1|FEM1A|CLSPN|PRKCH|SFRP5|ADRA2A|ADRA2B|NLRC5|ADRA2C|CSF1|PKN1|PRKCD|DUSP1|LRRK2|MAP2K1|PYCARD|RBL1|RBL2|GREM1|RIPK3|GADD45B|IL34|HTR2B|NPPA|AGAP2|EZH2|FLT1|SLC11A1|ABI2|IP6K2|MST1|SOCS5|CBLC|GPRC5A|SOCS4|TNFAIP3|VPS25|PPIA|TNFRSF11A|ZFYVE28|HNRNPU|ZGPAT|KIT|PIK3R5|CCDC88A|PDE5A|MAP2K3|MAP2K4|TRAF2|ULK4|TRAF6|ABI3|MSTN|TRIM27|PDGFA|PDGFB|NTF3|NTRK3|MYOCD|CCND3|ROBO1|HIPK3|PRKCA|TREM2|RPS3|PTK2|HEG1|ANG|MAPK8IP3|SYNPO2|SNX9|SOD1|PIK3CG|TRPT1|RAP2B|AKT1|TEAD1|KIF14|TOM1L1|PIM1|RASIP1|CCL19|TLR1|CCR7|ITGB1BP1|DTNBP1|FBXO7|FBXW7|PXN|AIDA|SMYD3|MAP3K5|TAOK3|UVRAG|MAP2K6|F2|ADARB1|DAB2IP|NF1|CCNY|CARD10|COPS8|ZFP91|PAK1|IL1B|IRAK1|UNC119|CDK12|RGS2|MMD|MMD2|LTF|RASSF2|NOTCH2|PARK7|GCKR|PPP2R3C|RHOA|PTPN6|PTPRC|RAPGEF2|ZEB2|DNAJA1|SNCA|SLC1A1|ANKRD54|TNF|ERN1|SPDYA|ERN2|RALB|STIL|CHORDC1|IFNG|ADAR|AKT1S1|IL4|CDKN2A|ADAM9|LDB2|PIK3CA|PLEC|SEZ6L|CASP3|SEZ6L2|DVL2|CDKN1B|DDX3X|MAP3K10|HGS|PKIG|BLVRA|DAXX|DBNDD2|ECT2|MLLT1|EGFR|SH3BP5|IGF1|PRKRIP1|INPP5K|TAF7|TRAF4|VANGL2|INS1|INS2|CDKN2C|INSR|IQGAP1|HEXIM2|IRS2|MT3|MTOR|SRCIN1|NHLRC1|KSR1|CDKN1C|STK38|MEN1|GTPBP4|EPHA4|NRXN1|THBS1|TNFSF11|PRKAG2|MAGED1|TRIB2|ANGPT1|GPRC5B|SMPD1|IRAK3|TAB1|APP|FGR|WNT5A|DSTYK|WDR24|WDR59|MST1R|TRIB1|NPM1|GGNBP2|BLM|MAP3K13|IRGM1|CAB39|AXIN1|PIH1D1|MCPH1|NRBF2|CDKN1A|LDB1|ERP29|CSF1R|KAT2B|CHI3L1|FGF18|FGF2|GAB1|P2RX7|DUSP3|ERBB2|EFNA1|SLAMF8|PPP2CA|ABI1|CDKN2B|PSEN1|TAB2|TIRAP|TLR4|LMO4|BMP2|HSPB1|MAP2K2|SASH1|HMGA2|PTK6|SRC|PKIA|UCHL1|KITL|MAPK8IP1|STRADA|NEDD9|STK11|BCCIP|CENPE|PIK3R6|PRLR|PTPN2|TSC1|RASGRP1|CHMP6|ADIPOQ|IGTP|SFRP1|IRGM2|SHB|SYK|ABL1|ADRB2|AGRN|APOE|XRCC5|MAPRE3|NUP62|ZFP622|MAP3K12|TNFRSF4|SLC8A2|TSC2|CASS4|TPX2|WNT3A|XRCC6|EPHA1|CAV3|CD4|TSPYL2|AGT|DLG1|DRD4|EDN3|CCND2|PSRC1|MAP2K7|MAP3K4|CDK5|PKIB|C1QTNF9|CAV1|RAD50|CD74|CEACAM1|GPR39|ETAA1|ALS2|DNAJA3|ITGB3|PTPRO|LRP6|JTB|CAMK1|MAP3K1|MAPT|CCNYL1|LIME1|LYN|EDN1|PPM1E|PPM1F|NR2F2|RAP1A|TFAP4|EREG|RB1|PDCD4|FABP4|SPRY1|PRDX3|SEZ6|PSMD10|MIDN|TLR6|PSEN2|PTK2B|PTEN|PTPN22|FBN1|SFN|RELN|GSTP1|GSTP2|INCA1|SESN2|DAB1|HHEX|PDGFC|STOX1|MRE11A|SLC8A1|PLK1|PTPRJ|DEPTOR|TGFB2|THY1|SYAP1|PDCD10|CDK5RAP3|PIBF1|CDK5RAP1|CIB1|PTPN1|UBASH3B|SPRY4|DUSP19|APLP2|WNK4|DUSP7|PPARG|NRG1|ADAM17|AGER|PTPRB|PTPRH|RAP2C|FGF1|FGFR1|PDGFRB|PTPRT|SIRT1|PRKAR1A|PROX1|NF2|CD24A|HMGCR|CD40|DDR2|TRIB3|ERRFI1|TTBK1|APC|NPRL2|FZD8|PAQR3|CD300A|DUSP10|DUSP22|EMP2|CORO1C|EGF|HTT|FCER1A|GNAQ|VLDLR|NOX4|FGD2|FZD5|FGD4|GADD45G|MAGI3|CDKN2D|MAP3K11|MAP4K2|LILRA5|FZD4|CDC37|CCND1|EEF1A2|GADD45A|DNAJC3|SPRED1|LRP8|GAS6|HIGD1A|STRADB|HYAL2|MVP|CDK5R2|LATS1|LATS2|RGS14|SFRP2|BCL10|JAK2|SPRY2|TPD52L1|TSG101|VEGFC|CDC25B|COX11,https://www.gsea-msigdb.org/gsea/msigdb/mouse/geneset/GOBP_REGULATION_OF_KINASE_ACTIVITY,438,ENR,GOBP_REGULATION_OF_KINASE_ACTIVITY,2.0207000000000002,8.0999999999999996E-3,GOBP_REGULATION_OF_KINASE_ACTIVITY,FALSE,GOBP_REGULATION_OF_KINASE_ACTIVITY
7,2.3665315444204098,2.3665315444204098,2.3665315444204098,0.99570000000000003,0.39479999999999998,4.82E-2,1,RELN|GDF11|NKX2-2|PAX6|INTU|TULP3|CHRD|SHH|DLL4|SUFU|IFT122|GLI3|RAB23|FUZ|GLI2|IFT88|SMO,https://www.gsea-msigdb.org/gsea/msigdb/mouse/geneset/GOBP_SPINAL_CORD_PATTERNING,17,ENR,GOBP_SPINAL_CORD_PATTERNING,1.9302999999999999,4.3E-3,GOBP_SPINAL_CORD_PATTERNING,FALSE,GOBP_SPINAL_CORD_PATTERNING
,1.7619538968712001,1.7619538968712001,1.7619538968712001,0.98270000000000002,0.32769999999999999,9.9599999999999994E-2,1,GCC2|GSK3B|BICD2|BCCIP|DCTN1|HOOK3|CLASP1|CLASP2|KIF3A|NIN|CCDC120|CCDC68|CAMSAP3|CEP350|NINL|PCM1|PEX14|BBS4|BICD1|DAG1,https://www.gsea-msigdb.org/gsea/msigdb/mouse/geneset/GOBP_MICROTUBULE_ANCHORING,20,ENR,GOBP_MICROTUBULE_ANCHORING,1.7321,1.7299999999999999E-2,GOBP_MICROTUBULE_ANCHORING,FALSE,GOBP_MICROTUBULE_ANCHORING
,2.74472749489669,2.74472749489669,2.74472749489669,1,0.17019999999999999,1.8700000000000001E-2,0.96099999999999997,BEGAIN|EIF2AK3|ZMYND8|NLGN3|NOTCH1|SOX10|FABP5|NRXN2|CST7|PTK2B|PTEN|RELN|UNC13B|RGS4|PRKCZ|TNF|LRRK2|RIMS2|TAC1|TMEM108|FIG4|TNFRSF21|ABAT|TRF|CHRNB2|MAG|CHRNB4|MTMR2|MGLL|RNF10|DAG1|DBN1|HTR2C|IFNG|HNRNPK|TPPP|DMPK|JAM2|FFAR3|CELF4|GHRL|GPR171|GRIP2|GRIK2|ITGA2|RAPGEF4|FMR1|TMEM98|BAIAP2|ABCB1A|FGFBP3|TMEM100|TNFRSF1B|ADRB2|ZFHX2|DICER1|SSH1|PLK2|DLG4|EIF4A3|NMU|TNR|TMEM25|GSK3B|SLC8A2|IGF1|CACNB3|ITGAX|PARD3|ROCK2|SHANK3|CTSC|AGT|PCLO|SREBF2|WASF3|NLGN1|DRD4|NRXN1|F2R|SH3GL1|NLGN2|FGF12|HOMER3|IGSF11|ADORA1|PRKAR1B|S100B|S1PR2|SHANK1|SLC25A12|AVP|SHISA7|AVPR1A|SHISA9|CDK18|CCL3|EGR2|CNTNAP2|NETO2|PAWR|GPR35|GRIA1|GRIN1|GRIN2C|HOMER1|APP|NGFR|GRIK1|LRP8|HGF|IL6|KCNC4|STX1A|LPIN1|DVL1|TBC1D24|CUX2|TAC4|NOS3,https://www.gsea-msigdb.org/gsea/msigdb/mouse/geneset/GOBP_REGULATION_OF_NERVOUS_SYSTEM_PROCESS,120,ENR,GOBP_REGULATION_OF_NERVOUS_SYSTEM_PROCESS,2.1846999999999999,0,GOBP_REGULATION_OF_NERVOUS_SYSTEM_PROCESS,FALSE,GOBP_REGULATION_OF_NERVOUS_SYSTEM_PROCESS
21,2.2076083105017501,2.2076083105017501,2.2076083105017501,0.99380000000000002,0.37590000000000001,4.3099999999999999E-2,1,CTNNB1|NLGN1|SYN2|SYN3|NLGN3|NRXN1|NLGN2|SNAP91|SYN1|CDH2|PCDH17|MAGI2|PICALM|BCL2L1|RAB3A|CTBP1|PCLO|PTEN|BSN,https://www.gsea-msigdb.org/gsea/msigdb/mouse/geneset/GOBP_SYNAPTIC_VESICLE_CLUSTERING,19,ENR,GOBP_SYNAPTIC_VESICLE_CLUSTERING,1.9630000000000001,6.1999999999999998E-3,GOBP_SYNAPTIC_VESICLE_CLUSTERING,FALSE,GOBP_SYNAPTIC_VESICLE_CLUSTERING
62,2.3872161432802601,2.3872161432802601,2.3872161432802601,0.99590000000000001,0.1082,3.8800000000000001E-2,1,MOV10|LPAR1|PARVA|DNM1L|PLXNB3|BAMBI|RHOG|CDKL5|ARAP1|MYO5B|PLXNB2|FAM171A1|PALM3|SRC|FGD1|ITSN2|RIMS2|EPS8|RNF157|SYT17|F11R|SYT2|MFN1|MKLN1|FITM2|LST1|DVL3|CFDP1|DHX36|FMNL1|MPL|WTIP|HEXB|SEMA4A|DBN1|ITGA7|PIAS2|MARK2|RAC2|MSN|ITPKA|ARHGAP18|PAFAH1B1|OPA1|SH3KBP1|ARHGEF18|SGK1|BAIAP2|KIT|PTN|MYH9|RAC3|CDC42EP1|CDC42EP2|CDC42EP3|CDC42EP4|CDC42EP5|EFNA5|MET|SPARC|P2RY1|AKAP5|GAS2|DLC1|RHOQ|VEGFA|GM14137|KANK1|SEMA3E|RHOBTB1|RHOBTB2|PTK2|KALRN|STAU2|CORO1A|CDC42SE2|RREB1|DLG1|WASF3|FBLIM1|TIAM1|ATG16L1|ANXA1|CCL11|CCL12|CAPZB|CFL1|CCL24|HPN|CCL3|FYN|YPEL4|CCL7|PALM|TNIK|FERMT2|ARHGDIA|PLEKHO1|SH3GLB1|SHROOM3|FBXO31|SPAG9|TBCCD1|PXN|GNA13|CDC42SE1|HDAC6|MFN2|ZRANB1|CRK|F2|KDR|ACTR2|ZMPSTE24|NUMB|NUMBL|FES|MARCKS|SH3D19|DVL1|MFSD2A|TBC1D24|BCL9L|EZR|MUL1|MYH14|NEDD4L|SEMA4D|CUL7|PLXNB1|OBSL1|SPRR1B|PARP6|RAB21|SS18L1|FMNL3|BCL11A|CLDN13|PLXNC1|PTK2B|ACTR3|PTEN|REG1|RELN|CDKL3|PHIP|SLC30A1|ILK|PAK3|RHOU|SLC23A2|GAS7|HNRNPK|PDPN|ANXA7|PLAA|CAMK2B|MYH10|DVL2|CPNE5|PTPRF|NTNG2|CNTN2|PDZD8|DLG4|NF2|PICALM|SMURF1|EEF2K|PARVB|RDX|PARVG|RHOJ|FN1|TAOK2|TPM1|CD44|WDR1|CAMSAP1|PRPF40A|FMNL2|NTNG1|ARC|UNC13A|CASK|DBNL|CLDN3|CUX1|ANKRD27|EPHB2|CORO1C|CXCR4|EPHA4|SYT4|GRIP1|MECP2|KIF3A|RASAL1|FGD4|S100B|VIL1|CAPRIN1|CAPRIN2|FZD4|PLXND1|SYT1|SYT3|CYFIP1|ALDOA|DAPK3|ICAM1|MYO9A|FGR|MACF1|WNT5A|PTPRD|WDPCP|GNA12|LRP8|ANAPC2|CLDN4|ARHGAP15|HCK|BRWD1|BRWD3|COCH|DNMBP|IL6|MYL12A|MYL12B|FBXW8|MAP3K13|PALMD|ZMYM3|ZMYM4|ZMYM6|MYO10|ACHE|BHLHB9|IL1RAPL1|PRKDC|XLR3B|LARP4|RAC1|WLS|CUX2|CORO1B|S100A13|LIMD1|CSF1R|ENPP2,https://www.gsea-msigdb.org/gsea/msigdb/mouse/geneset/GOBP_REGULATION_OF_CELL_MORPHOGENESIS,251,ENR,GOBP_REGULATION_OF_CELL_MORPHOGENESIS,2.0024000000000002,4.1000000000000003E-3,GOBP_REGULATION_OF_CELL_MORPHOGENESIS,FALSE,GOBP_REGULATION_OF_CELL_MORPHOGENESIS
53,2.0132282657337601,2.0132282657337601,2.0132282657337601,0.99029999999999996,0.26319999999999999,7.7299999999999994E-2,1,MMP16|MMP25|MMP8|ADAMTS2|MMP11|MMP28|MMP7|MMP12|MMP3|ITGB1|MMP2|ADAM15|CTSS|MMP15|CTSB|FAP|CTSK|PRTN3|MMP13|MMP23|MMP24|MMP27|MRC2|CTSL|PEPD|MMP19|IDUA|PRSS2|MMP17|CST3|MMP14|MMP9,https://www.gsea-msigdb.org/gsea/msigdb/mouse/geneset/GOBP_COLLAGEN_CATABOLIC_PROCESS,32,ENR,GOBP_COLLAGEN_CATABOLIC_PROCESS,1.8122,9.7000000000000003E-3,GOBP_COLLAGEN_CATABOLIC_PROCESS,FALSE,GOBP_COLLAGEN_CATABOLIC_PROCESS
21,2.74472749489669,2.74472749489669,2.74472749489669,1,0.27560000000000001,6.7999999999999996E-3,0.54600000000000004,SAR1B|5730455P16RIK|WDR11|PSEN1|TMED10|PREB|STARD3|SAR1A|AHI1|PCLO|SEC16A|TRAPPC1|TRAPPC2|TRAPPC2L|TRAPPC3|TRAPPC4|EXOC3|TRAPPC5|EXOC6B|NLGN1|TRAPPC6A|KLHL12|PDCD6|PEF1|CLASP1|STARD3NL|CLASP2|GBF1|MAPK15|MAP4K2|WIPI1|CUL3|EXOC2|EXOC7|AP1AR|EXOC4|ARFGAP2|NAGLU|TRAPPC10|TRAPPC6B|YKT6|SCRIB|ARFGAP3|EXOC5|EXOC6|TMED9|EXOC1|TRIP11|EXOC8|TBC1D23|TRAPPC9,https://www.gsea-msigdb.org/gsea/msigdb/mouse/geneset/GOBP_VESICLE_TARGETING,51,ENR,GOBP_VESICLE_TARGETING,2.3988999999999998,0,GOBP_VESICLE_TARGETING,FALSE,GOBP_VESICLE_TARGETING
39,2.10237290870956,2.10237290870956,2.10237290870956,0.99209999999999998,0.2266,5.9900000000000002E-2,1,NRP1|SEMA4D|SEMA3B|TYROBP|SEMA3C|PLXNB3|SEMA3D|SEMA3E|PLXNB1|SEMA3F|ERBB2|SEMA3G|MEF2C|SEMA4B|SEMA5A|SEMA4C|SEMA4F|SEMA4G|TREM2|PLXNB2|PLXNC1|RHOA|PLXNA1|SEMA6D|NCAM1|PLXNA2|EDNRA|SEMA6A|SEMA6B|FARP2|SEMA3A|FLNA|SEMA5B|SH3BP1|SEMA4A|PLXND1|ARHGDIA|ECE1|SEMA7A|GDNF|CRMP1|HAND2|KDR|MET|RAC1|NRP2|PLXNA3|PLXNA4|EDN1,https://www.gsea-msigdb.org/gsea/msigdb/mouse/geneset/GOBP_SEMAPHORIN_PLEXIN_SIGNALING_PATHWAY,49,ENR,GOBP_SEMAPHORIN_PLEXIN_SIGNALING_PATHWAY,1.8758999999999999,7.9000000000000008E-3,GOBP_SEMAPHORIN_PLEXIN_SIGNALING_PATHWAY,FALSE,GOBP_SEMAPHORIN_PLEXIN_SIGNALING_PATHWAY
4,2.74472749489669,2.74472749489669,2.74472749489669,1,0.1394,4.8999999999999998E-3,0.35699999999999998,CYB5R4|OXCT1|PFKFB2|PFKL|FAM3A|SYT7|PSMD9|ORAI1|ADRA2A|HCFC1|RPTOR|ACVR1C|SIRT6|HNF1A|BRSK2|PRKCB|RAF1|ZBED6|SERP1|RIMS2|UCP2|RBP4|VGF|CD38|G6PC2|ABAT|CHRM3|NADK|BIRC5|JAGN1|FOXO1|C2CD2L|F2RL1|GHRL|SIDT2|SFRP1|RAPGEF4|KLF7|PIM3|TBC1D1|MYH9|PDE4C|EFNA5|PDE8B|OSBP|ENSA|SOX4|TRPM4|BAD|RBM4|AACS|CNR1|CPT1A|SLC25A22|CACNA1C|CACNA1D|ENY2|PDE3B|TRPM2|TRPM5|ACSL4|BGLAP2|F2RL2|ILDR2|MAP4K4|CFTR|AGT|ALOX5|PCLO|GNA11|PTPRV|ATG7|NLGN2|TIAM1|ABCC8|ANXA1|FKBP1B|PTPN11|CAPN10|STXBP4|CCL5|PTPMT1|CASR|GLUD1|GPR39|HADH|GJA1|BAIAP3|ARRB1|IL1RN|SNX19|MLXIPL|LRRC8A|GPR119|MUP1|MUP2|F2|MUP3|KCNJ11|MUP5|KCNJ6|NR0B2|LRP5|KCNQ1|RAB11FIP2|RFX6|SYBU|STX4A|SNAP25|NOS2|IL1B|SLC18A2|CAMK2N1|DYNLL1|ABCA12|MYT1|PCK2|RFX3|MYRIP|PPP3CA|PPP3CB|PARK7|MIDN|PRKCE|PLA2G6|PPARD|RAB3A|PTGER3|FBN1|CLOCK|SIRT3|HNF4A|SLC16A1|HMGA1|TNF|NPFF|SRI|NNAT|STIM1|TM7SF3|MYO5A|TCIRG1|IFNG|FFAR2|FFAR3|TRPC1|HNF1B|ACVR2B|ABCG1|SLC2A2|ANXA7|PRKACA|HMGN3|NCOA6|SIRT1|CELA2A|PRKAR1A|SIRT4|GNAI1|PLCB1|HMGCR|SREBF1|GCK|GNAS|FOXA2|GIPR|GPLD1|LRP1|CDK16|INHBB|PTPRN2|ANO1|IRS1|IRS2|PTBP1|KCNB1|LEPR|NR1D1|GLUL|PER2|PFKM|CASK|CCKAR|GNAZ|CRHR2|EPHA5|STXBP5L|HTT|GCG|GLP1R|GNAO1|GNAQ|PDE1C|NEUROD1|PDX1|PTPRN|REST|NR1H4|ISL1|SMAD2|ITPR1|BLK|UCN3|CHGA|KIF5B|TCF7L2|RAB11FIP5|SLC30A8|RAB11B|DGAT1|GPR68|NKX6-1|ADCY5|NDUFAF2|DOC2B|FTO|IL6|PICK1|TARDBP|STX1A|SYT9|SYTL4|VSNL1|JAK2|FAM3B|HIF1A|TFAP2B|RAC1|CACNA1E,https://www.gsea-msigdb.org/gsea/msigdb/mouse/geneset/GOBP_INSULIN_SECRETION,229,ENR,GOBP_INSULIN_SECRETION,2.4763000000000002,0,GOBP_INSULIN_SECRETION,FALSE,GOBP_INSULIN_SECRETION
3,2.74472749489669,2.74472749489669,2.74472749489669,1,0.28289999999999998,1.23E-2,0.83599999999999997,TYRO3|INSRR|FGFR4|EPHB4|FGFR3|ERBB2|FLT1|INSR|TEK|DDR1|EPHA3|EPHA2|EPHA1|FLT3|MST1R|EPHB3|SH2B3|LTK|AXL|EPHA5|EPHB2|KIT|EPHA4|RET|FGFR2|KDR|RABGEF1|TIE1|ROR2|ERBB4|MET|EPHA7|PDGFRA|FGFR1|PDGFRB|FLT4|NTRK2|NTRK1|CSF1R|EGFR|MERTK|NTRK3|EPHB1|DDR2|MUSK|IGF1R,https://www.gsea-msigdb.org/gsea/msigdb/mouse/geneset/GOBP_RESPONSE_TO_STEM_CELL_FACTOR,46,ENR,GOBP_RESPONSE_TO_STEM_CELL_FACTOR,2.2755000000000001,0,GOBP_RESPONSE_TO_STEM_CELL_FACTOR,FALSE,GOBP_RESPONSE_TO_STEM_CELL_FACTOR
2,2.74472749489669,2.74472749489669,2.74472749489669,1,0.21859999999999999,0,0,DLG5|EFNB2|ADAM10|RAB13|CDH4|MTSS1|EPHA2|CD177|GJB6|CD9|PRKCH|CDC42|BMP6|SRC|TGFBR1|EXT1|F11R|GJB2|SLC39A9|DSG2|DSP|ABI2|F2RL1|SMAD7|DSG3|GJA5|CDH15|CDH19|CDH22|CDH24|CDH7|PECAM1|PERP|MARVELD2|JUP|PRTN3|PKP1|ESAM|APLNR|VEGFA|FSCN1|NPHP1|ASB17|HIPK1|PAK2|MYO1C|PKP2|TGFB1|PRKCA|ILDR1|RHOC|RPS6|HEG1|ROCK1|ROCK2|ACVRL1|AGT|DLG1|XIRP2|ALOX12B|ARL2|F2R|ALOXE3|OCLN|ABCC8|CDH2|OCEL1|ACE|PRKCI|ACE2|FLNA|HOPX|IRX3|SHROOM2|CAV1|CNTNAP1|CNTNAP2|ACTN4|CEACAM1|CXADR|FERMT2|NPHS1|CLDN2|CLDN12|CLDN14|CLDN22|IKBKB|LIMS1|CLDN23|LIMS2|CLDN8|ITGB1|GJA1|PTPRO|RAMP2|TBCD|TBX5|NUMB|NUMBL|CAMSAP3|TMIGD1|IL1B|CDH13|CDH11|LSR|NEDD4L|NPHP4|CLDN13|RHOA|SMAD3|HNF4A|TNF|TRPV4|CCM2|NFASC|TJP3|HDAC7|MICALL2|TGFB2|UGT8A|ACTG1|PKN2|PKP4|ADD1|PLEC|CDH5|PRKACA|PDCD6IP|CDH1|MPZ|MYLK3|CLDN1|SRF|NF2|ECT2|PKHD1|RDX|SPECC1L|CLDN11|WDR1|ZFP703|MPDZ|SVEP1|PARD3|CDH17|DSC1|VCL|PMP22|CSK|CLDN17|KPRP|CLDN18|SNAI1|CLDN3|SNAI2|CLDN5|CLDN7|CLDN10|CTNNA1|CLDN16|CLDN15|CTNNB1|EPHB2|EPHA4|CDH10|FBF1|CDH6|CDH9|NR1H4|FZD5|TJP2|WHRN|CDH3|PKP3|WNT11|CDH8|CRB3|TGFB3|CLDN6|CLDN9|BHLHA15|CD2AP|GNPAT|ACTB|PARD6A|CLDN19|CLDN4|FKRP|GRHL1|FLCN|GRHL2|MPP7|PTPN23|JAM3|MARVELD3|TJP1|CGN|GJC1|KIFC3|POF1B|RAC1|CSF1R|PLEKHA7,https://www.gsea-msigdb.org/gsea/msigdb/mouse/geneset/GOBP_CELL_CELL_JUNCTION_ORGANIZATION,203,ENR,GOBP_CELL_CELL_JUNCTION_ORGANIZATION,3.5663,0,GOBP_CELL_CELL_JUNCTION_ORGANIZATION,FALSE,GOBP_CELL_CELL_JUNCTION_ORGANIZATION
1,2.4089353929735,2.4089353929735,2.4089353929735,0.99609999999999999,0.25950000000000001,3.2199999999999999E-2,1,P2RX7|SYT1|SYT3|RAP1B|HYAL3|CACNA1I|KCNB1|NOTCH1|VAMP2|SYT7|CACNA1G|SYT11|BAIAP3|RAB3A|ADRA2A|CADPS|CDK5R2|DOC2A|DOC2B|UNC13B|DOC2G|CACNA1H|STXBP1|SYT13|RPH3A|SYT15|SYT4|SYT5|ATP2A2|GNAI2|STX1A|SYT9|REST|SYT17|SYT2|POU5F1|ARF1|SCAMP5|CDK5|SYT12|TRIM9|SYT8|RAB3GAP1|CACNA1A,https://www.gsea-msigdb.org/gsea/msigdb/mouse/geneset/GOBP_REGULATION_OF_CALCIUM_ION_DEPENDENT_EXOCYTOSIS,44,ENR,GOBP_REGULATION_OF_CALCIUM_ION_DEPENDENT_EXOCYTOSIS,2.0529000000000002,3.8999999999999998E-3,GOBP_REGULATION_OF_CALCIUM_ION_DEPENDENT_EXOCYTOSIS,FALSE,GOBP_REGULATION_OF_CALCIUM_ION_DEPENDENT_EXOCYTOSIS
37,2.3767507096021001,2.3767507096021001,2.3767507096021001,0.99580000000000002,0.22140000000000001,4.5499999999999999E-2,1,MFSD6|MPEG1|MR1|CLEC4A2|TAPBP|TREM2|LGMN|H2-AA|H2-AB1|B2M|H2-DMB2|H2-EB1|H2-EB2|CTSS|H2-OA|H2-OB|PDIA3|IFI30|FCER1G|FCGR1|PYCARD|FCGR3|CTSL|RAET1E|H2-D1|H2-DMB1|H2-K1|H2-M2|H2-M3|H2-Q1|CD74|H2-Q10|H2-Q2|H2-Q4|H2-Q6|H2-Q7|H2-T24|H2-T3|TAPBPL|H60C|HFE|CTSE|SLC11A1|IDE|TAP1|CALR|TAP2|PIKFYVE|AZGP1|FCGR2B|TRAF6|H2-DMA|H2-T23|ULBP1|UNC93B1|BAG6|CLEC4A3|CLEC4A4,https://www.gsea-msigdb.org/gsea/msigdb/mouse/geneset/GOBP_ANTIGEN_PROCESSING_AND_PRESENTATION_OF_PEPTIDE_ANTIGEN,58,ENR,GOBP_ANTIGEN_PROCESSING_AND_PRESENTATION_OF_PEPTIDE_ANTIGEN,1.9502999999999999,4.1999999999999997E-3,GOBP_ANTIGEN_PROCESSING_AND_PRESENTATION_OF_PEPTIDE_ANTIGEN,FALSE,GOBP_ANTIGEN_PROCESSING_AND_PRESENTATION_OF_PEPTIDE_ANTIGEN
9,2.6989700043360201,2.6989700043360201,2.6989700043360201,0.998,0.27050000000000002,4.0399999999999998E-2,1,FOXA2|DLG5|BMP4|FOXA1|SOX2|VANGL2|LAMA1|SHH|FGF10|SPRY1|TMEM67|HOXA5|WNT2B|CTSH|CTSD|CTNNB1|TMTC3|HMGA2|FGFR2|TBX2|HHEX|TNF|EXT1|SPRY2|CELSR1|CTSL|HHIP|PDGFRA|RDH10|CTSZ|NKX2-1|ESRP1|ESRP2|YAP1|TNC|SOX9|KRAS|WNT2|DAG1,https://www.gsea-msigdb.org/gsea/msigdb/mouse/geneset/GOBP_EPITHELIAL_TUBE_BRANCHING_INVOLVED_IN_LUNG_MORPHOGENESIS,39,ENR,GOBP_EPITHELIAL_TUBE_BRANCHING_INVOLVED_IN_LUNG_MORPHOGENESIS,1.9916,2E-3,GOBP_EPITHELIAL_TUBE_BRANCHING_INVOLVED_IN_LUNG_MORPHOGENESIS,FALSE,GOBP_EPITHELIAL_TUBE_BRANCHING_INVOLVED_IN_LUNG_MORPHOGENESIS
38,1.8664610916297799,1.8664610916297799,1.8664610916297799,0.98640000000000005,7.3300000000000004E-2,6.7900000000000002E-2,1,RAB11A|CCNF|RPL17|RPL24|PARP9|NBN|CLSPN|PAXIP1|AIF1|APBB1|DGKZ|APBB2|BRSK2|HSPA8|PRKCQ|CDK2AP2|DUSP1|ARPP19|CTDSPL|EPS8|METTL13|RBL1|CAMK2G|RBL2|SUSD2|CRY1|ZFP655|DCUN1D3|TPR|LCMT1|NAE1|CTDP1|EIF2AK4|PRMT2|EZH2|SLFN1|EIF4EBP1|KLF4|CDK10|TRP53BP1|PLK5|RNASEH2B|RRM1|NFATC1|RRM2|CCND3|RRM2B|NFIX|TGFB1|TMSB4X|RPS6|TAF10|NFIB|TAOK1|APPL1|TRRAP|USP22|CDCA5|AKT1|TBX2|RASSF1|PLCG2|BID|KIF14|CCL12|CCNB1|CDK1|PTPN11|STXBP4|DDB1|DYRK3|CENPF|CUL3|FBXO31|FBXO7|USP28|USP29|TTI1|DACT1|E2F3|TRP63|WDR76|TAOK3|MSH2|MYC|AKAP8L|CCNY|CDC5L|CDC73|RPS6KB1|CIRBP|CPSF3|CDK2|CEP63|VPS4B|PTPN6|EME1|PTPRC|EME2|CLOCK|GEN1|SETMAR|HUS1|E2F4|HUS1B|AY074887|INTS3|CABLES1|CCNG1|CCNG2|CCNI|ECD|CCNJ|FEM1B|BRCA2|CCNJL|E2F5|E2F6|SPDYA|GPR132|MUS81|HINFP|NPAT|NSMCE2|PSME1|PSME2|PSME3|STIL|RHOU|TCF19|RBBP8|TJP3|CCNH|TM4SF5|CDK7|RFWD3|ATM|ATR|HSF1|TRIP13|IK|CDKN2A|FAM83D|XRCC3|KLHL18|LARP7|CRNN|LSM10|LSM11|CUL4A|CUL4B|CAMK2B|MBLAC1|CHMP4B|CDK4|CDKN1B|TREX1|DDX3X|NSUN2|PAF1|HYAL1|PLCB1|PLRG1|EGFR|ERCC2|TAF2|ID2|ADAMTS1|CDKN2C|VPS4A|AKAP8|CDKN1C|MDM2|PPP2R2D|STK38|MEN1|MNAT1|AVEN|BRSK1|MIIP|RINT1|WEE1|ANKRD17|KANK2|PRAP1|MLF1|RAD21|NEK1|NFIA|GAS1|TRP53|OVOL1|SOX2|PKP3|APP|FZR1|NES|MASTL|UBE2S|ACTB|ANAPC1|ACTL6A|ANAPC11|ACTL6B|ANAPC2|ANAPC4|ANAPC5|AMBRA1|ANAPC7|BUB1|ARID1A|CDC16|NPM1|ARID2|CDC20|CDC23|CDC27|CDC6|BLM|CDK5RAP2|CEP192|SYF2|BRD7|CHFR|CIT|DYNC1LI1|HECW2|MAD2L1|MAD2L1BP|PRKDC|NEK6|PSMG2|CDKN1A|CREB3L1|PRPF19|TACC3|UBE2C|UBE2U|CSF1R|IER3|ZWINT|PRPF4B|FBXL15|UPF1|FBXL7|FANCD2|RIOK2|UBE2A|FGF10|AURKB|PPP2CA|PDIK1L|ZFP36L1|PKMYT1|RAD1|CCNB2|STK35|ZFP830|GPNMB|CDKN2B|RPS27L|RPTOR|MEPCE|LMNB1|TBX1|PKIA|DTX3L|KLF11|PHF8|USH1C|PPM1D|MAD1L1|SIN3A|NEK11|RAD9B|BIRC5|BUB3|CDCA8|PBRM1|CDT1|PCID2|CCDC57|CENPE|DOT1L|PHF10|INCENP|NDC80|NUF2|CHMP2A|RCC2|CHMP4C|SKA1|SPC24|SPC25|D7ERTD443E|TEX14|ZFP207|CRLF3|SMARCA2|SMARCA4|UBD|SMARCB1|SMARCC1|ANP32B|SMARCC2|ABCB1A|SMARCD1|ABCB1B|SMARCD2|SMARCD3|SMARCE1|CDK14|DBX2|ATP2B4|ENSA|PLK2|TCF3|RCC1|KNTC1|SASS6|BCL2|NASP|STK33|PIAS1|CYP1A1|RAD51C|WNT10B|CALM1|CALM2|CALM3|CAMK2D|ZC3H12D|FOXN3|ZFP36L2|INHBA|PTPRV|DLG1|ACVR1|TRIM39|WAC|ATF2|AURKA|CCND2|ANXA1|FBXO4|FHL1|SPAST|IQGAP3|MAPK15|APPL2|CAMK2A|PINX1|CDK18|CDK5|BRCA1|GJC2|RAD50|CCNE1|CCNE2|DONSON|ETAA1|DNA2|TPRA1|ORC1|HSPA2|ITGB1|POLE|PKD1|FAM107A|UBE2L3|ATRIP|BARD1|BCL7A|BCL7B|BCL7C|BRCC3|UBE2E2|CCNA2|CDC7|CHEK1|BMYC|LYN|CHEK2|DBF4|DPF1|DPF2|DPF3|E2F7|PIM2|TFAP4|RB1|ACVR1B|PHB2|PKD2|PPP3CA|FBXO5|FOXM1|GLI1|CKS1B|PTEN|CKS2|ATF5|ING4|INO80|CTDSP1|STOX1|FOXO4|MRE11A|NPM2|CLASP1|ID4|CLASP2|MYB|MAPK14|APBB3|PLK1|GNB1L|PPP1R10|TIPRL|MBD4|RAD17|RPA2|CDC14A|SENP2|CDC14B|SKP2|CDK5RAP3|PDPN|CTDSP2|TFDP1|TIMELESS|TIPIN|UIMC1|USP37|ADAM17|PPP2R3D|ATAD5|PPP6C|BRD4|PROX1|TMOD3|RDX|TAOK2|DDR2|CDK16|MBTPS1|APC|MBTPS2|CDK6|PBX1|USP44|CDK15|CDK17|BUB1B|CHMP7|MDC1|MTBP|SMC5|PLK3|ZFYVE19|CREBBP|ERCC3|TOPBP1|ERCC6|TTK|APEX1|ZW10|ZWILCH|CDKN2D|KCNA5|MAP3K11|MN1|CCND1|CCNO|EIF4E|EIF4G1|RAD51|GIGYF2|LATS1|LATS2|E2F1|TPD52L1|KLHL22|USP47|INTS7|XPC|CACNB4|CDC25A|CDC25B|CDC25C|DTL|MTA3,https://www.gsea-msigdb.org/gsea/msigdb/mouse/geneset/GOBP_CELL_CYCLE_PHASE_TRANSITION,492,ENR,GOBP_CELL_CYCLE_PHASE_TRANSITION,1.8440000000000001,1.3599999999999999E-2,GOBP_CELL_CYCLE_PHASE_TRANSITION,FALSE,GOBP_CELL_CYCLE_PHASE_TRANSITION
1,1.99567862621736,1.99567862621736,1.99567862621736,0.9899,0.21240000000000001,3.49E-2,1,CACNA1C|P2RX7|NLRP5|RAP1B|SNAPIN|HYAL3|KCNB1|NOTCH1|VAMP3|PPP3CB|SYT7|CACNA1G|SYT11|ORAI1|RAB3A|UNC13A|ADRA2A|UNC13B|RIMS3|CACNA1H|STXBP1|SYT15|SYT4|ATP2A2|GNAI2|RIMS2|REST|SYT17|UNC13C|SYT2|SDF4|CDK5|CACNA1A|SYT1|SYT3|TSPAN18|CACNA1I|VAMP2|ARHGAP17|BAIAP3|ARL8B|CADPS|RAPGEF4|CADPS2|CDK5R2|DOC2A|DOC2B|DOC2G|SYN2|SYT13|RPH3A|SYT5|MYH9|STX1A|SYT9|POU5F1|UNC13D|STXBP2|ARF1|SCAMP5|SNAP25|VAMP8|SYT12|TRIM9|SYT8|RAB3GAP1,https://www.gsea-msigdb.org/gsea/msigdb/mouse/geneset/GOBP_CALCIUM_ION_REGULATED_EXOCYTOSIS,66,ENR,GOBP_CALCIUM_ION_REGULATED_EXOCYTOSIS,2.0289999999999999,1.01E-2,GOBP_CALCIUM_ION_REGULATED_EXOCYTOSIS,FALSE,GOBP_CALCIUM_ION_REGULATED_EXOCYTOSIS
,2.74472749489669,2.74472749489669,2.74472749489669,1,0.12720000000000001,2.3800000000000002E-2,0.995,NCOR1|GPR21|SGIP1|FLT3|WWTR1|RPL29|ZFP36L1|SLITRK6|H3F3A|H3F3B|CSF1|HDAC3|AR|HMGA2|IHH|RARG|STAT3|ATP8A2|BBS2|EXT1|ETNK2|ALMS1|TMED2|RC3H2|SCNN1B|HELT|TAL2|COMP|ATXN2|NPPC|SUV39H1|GUCA2B|NPR2|TARBP2|RARA|PPIB|DIO3|PDE4D|ADRB2|AFG3L2|SOS1|MKKS|STAT5A|NPY1R|BCL2|NFIX|PPP1R13L|CREB1|KAT2A|HEG1|ZFX|AGT|TAF10|BBS4|SMPD3|STAT5B|SOD1|DLG1|DMD|PKDCC|TBL1XR1|ABCC1|SOCS2|ANKRD26|RAI1|PTPN11|APBA1|COX10|SLITRK1|ATP1A3|CNTNAP2|CACNA2D2|ATRX|TNKS2|EN1|GINS3|GPD2|RARB|GDF5|FXN|NIPBL|SMO|ATN1|LLGL2|HTRA2|ZMPSTE24|ADARB1|PLAG1|MFSD2A|EZR|ANKRD11|IFT80|NDUFS6|PEX5|SH3PXD2B|NOTCH2|SLC12A2|GDF15|GPAM|GPX4|ERCC5|ATF5|FKBP8|SLC1A2|HHEX|HMGA1|SIAH1A|SP2|IKZF1|BRCA2|AAAS|CCM2|PALB2|STIL|VPS13A|RMI1|ATM|SIK3|TSHR|VPS13B|MFSD8|HSF1|XRCC2|CELF1|KDM2A|HOXA5|ADD1|CHD7|PIK3CA|PLEC|GALNT3|GHR|WDR48|SLC25A25|FOXS1|AZGP1|CLIC4|DHCR7|ADRB1|ADRB3|SCO1|MME|SGPL1|DICER1|COMT|DAXX|ENPP1|GH|COL3A1|SLC4A10|APBA2|GNAS|ERCC2|IGF1|WDR11|IGF2|WDTC1|HESX1|XPA|ARID5B|PLEKHA1|MTOR|PMP22|RBBP6|LGMN|CDKN1C|SLCO1A6|GAMT|ERCC1|ICMT|PCDH15|KLF2|ERCC6|PLS1|FOSL2|UNC79|KDM6A|NEK1|VIL1|STK40|TCF7L2|TRP53|H2-Q2|PCNT|SPR|STC2|APP|TTC8|ABL2|DLK1|EP300|PRICKLE1|RASAL2|PTCH1|GRHL2|ATRN|FTO|G6PDX|GIGYF2|NCOA3|SLC12A5|MBD5|OTOA|CELA1|PLAC8,https://www.gsea-msigdb.org/gsea/msigdb/mouse/geneset/GOBP_MULTICELLULAR_ORGANISM_GROWTH,205,ENR,GOBP_MULTICELLULAR_ORGANISM_GROWTH,2.1259000000000001,0,GOBP_MULTICELLULAR_ORGANISM_GROWTH,FALSE,GOBP_MULTICELLULAR_ORGANISM_GROWTH
17,2.74472749489669,2.74472749489669,2.74472749489669,1,0.112,5.0000000000000001E-3,0.37,GGA2|RAB11A|OGT|PREPL|RAB26|RAB31|RAB34|SYS1|BBIP1|ADAM10|GABARAP|RAB13|RHOG|ERBB2|PACS1|GOLGA4|TPBG|MYO5B|EPHA2|FLOT2|ZFYVE27|GPR179|SIRT6|SLC4A1|AR|DAB2|PRKCZ|BBS2|EFR3B|ERBB4|MAP2K1|CAMK2G|F11R|TMEM108|PACSIN1|TMED2|AKT2|EHD1|MAPK10|RABEP1|GORASP2|MMP14|RAB8A|SNX27|GPHN|DAG1|SKAP1|ATP2C1|KIF2C|EPHA3|GRIP2|ADIPOQ|SCRIB|STX7|ARHGAP44|GPSM2|RAMP1|RAPGEF4|JUP|STX8|CCDC88A|TSPAN33|ACTN2|AGRN|TRAF6|ABI3|P2RY1|AKAP5|PID1|ATP2B4|PKP1|ANK2|ANK3|RHOQ|PGAP2|ATP1B3|TMEM88|LRRC15|SACM1L|TSC2|RAPGEF6|CACNB2|PIAS1|CACNB3|PKP2|TGFB1|WNT3A|ACSL3|PPFIA1|CAMK2D|NSG1|TREM2|VAMP3|STX3|CAV3|ROCK1|ROCK2|PIGW|KIF13A|KALRN|PIK3R2|COMMD1|SEC16A|APPL1|RAB7|CLIP3|PIK3R1|DLG1|UMOD|DPP10|SORL1|DPP6|PKDCC|PIP5K1A|VWC2|AKT1|CLIP1|EHD3|SYTL2|ANXA2|NRXN3|CDH2|FGF13|PRKCI|EHD2|FLNA|CAMK2A|ADAM22|IFT20|C1QL3|ARL6IP5|CDK5|EFR3A|GPC4|GPC6|LGI1|GPR158|LHFPL4|YPEL4|MUSK|NETO2|RAB38|SEC13|NPTX2|PALM|RAPSN|TNIK|VPS26B|CACNA2D2|GRIN1|S100A10|WDR19|BAG4|GRIN2C|ITGB1BP1|CD81|LYPD1|LAMA5|ITGA3|IKBKB|ITGB1|RER1|RAMP2|TMEM150A|TTC7|TTC7B|GOLPH3|LRP6|TSPAN14|ATP6AP1|KCNB2|KCNIP3|KCNIP4|SCARB2|KCNJ11|ARF6|NUMB|OLFM2|RAB10|PRAM1|TSPAN15|RAB11FIP2|TSPAN5|SNAP23|SQSTM1|STX4A|CSNK2A1|VAMP8|RHBDF2|EZR|BBS1|TUB|L1CAM|NPTX1|LGALS3|ZDHHC3|ABCA12|IFT80|LZTFL1|PPP1R9B|RAP1A|RAP2A|DENND4C|PDPK1|IQSEC2|NSF|PRNP|NUBP1|RILPL1|RILPL2|SNAP47|ACTR3|RAPGEF2|FCHO2|RANGRF|SFN|SCP2|SNCA|SLC1A1|SESN2|SCN3B|TNF|MYADM|GORASP1|NKD2|CLASP2|AP2M1|GRIPAP1|ILK|LYPLA1|SLMAP|ARL13B|TMEM59|PLK1|NFASC|STAC|STAC2|STAC3|MYO5A|VPS35|TESC|RAB11FIP3|CIB1|CSRP3|VAMP2|EHD4|WNK1|WNK4|BSG|CLSTN1|AP4M1|CAMK2B|SEC23A|ARL6|RAMP3|CDH1|EXOC5|GOLGA7|PPP2R5A|TMBIM1|GOLPH3L|PTPN9|SCO1|NBEA|MRAP|CNPY4|GNAI1|MAGI2|PACS2|DLG2|MAL|DLG4|PICALM|SMURF1|EGFR|RDX|PPIL2|GSK3B|TNFRSF1A|ZDHHC2|VTI1B|GGA3|LDLRAP1|ERRFI1|INPP5K|LRP1|INS1|INS2|VPS4A|PLEKHF1|KCNB1|ARL3|NHLRC1|CSK|VAMP5|ATP2C2|CLN3|ZDHHC4|ZDHHC7|CASK|EMP2|EPHB2|DCHS1|STXBP1|NRXN1|GRIP1|FCER1G|VAMP4|NEGR1|PLS1|LYPLAL1|KIF5B|SORBS1|VIL1|MYLK|PDZK1|PRKG2|NGDN|PKP3|CRB3|KRT18|TSPAN18|MACF1|ZDHHC5|AMN|TTC8|WDR24|WDR59|ACTB|HECTD1|GAS6|EIF4G1|ADCY6|PTCH1|GAK|FLOT1|MYL12A|ANK1|CLTC|NUMA1|KIF1B|MEX3B|EFCAB7|GIT1|PGRMC1|AGR2|ARHGEF16|FRMD8|ATP1B1|RAC1|BCL2L1|ABCA2|WDR72|ARFRP1|OPTN|BLZF1|CNST|GGA1,https://www.gsea-msigdb.org/gsea/msigdb/mouse/geneset/GOBP_PROTEIN_LOCALIZATION_TO_CELL_PERIPHERY,358,ENR,GOBP_PROTEIN_LOCALIZATION_TO_CELL_PERIPHERY,2.4710999999999999,0,GOBP_PROTEIN_LOCALIZATION_TO_CELL_PERIPHERY,FALSE,GOBP_PROTEIN_LOCALIZATION_TO_CELL_PERIPHERY
13,1.8664610916297799,1.8664610916297799,1.8664610916297799,0.98640000000000005,0.26369999999999999,9.6600000000000005E-2,1,NR5A2|SCX|ARID4A|ARID4B|ATRX|RAB13|ICAM1|GATA4|RARA|FNDC3A|SOX8|GJA1|CFTR|INHBA|IL1A|ADRM1|HSD17B4|WT1|ABCB1A|TCF21|CTSL|GATA1|AKAP9|FLNA|WNT4|NTRK1|SDC1|SOX9|SAFB2|NUP210L,https://www.gsea-msigdb.org/gsea/msigdb/mouse/geneset/GOBP_SERTOLI_CELL_DIFFERENTIATION,30,ENR,GOBP_SERTOLI_CELL_DIFFERENTIATION,1.7406999999999999,1.3599999999999999E-2,GOBP_SERTOLI_CELL_DIFFERENTIATION,FALSE,GOBP_SERTOLI_CELL_DIFFERENTIATION
1,1.7099653886374799,1.7099653886374799,1.7099653886374799,0.98050000000000004,0.30880000000000002,8.9700000000000002E-2,1,DOC2B|DOC2G|ERC1|ERC2|SYT13|RPH3A|SYT4|SYT5|SYT1|GRIK5|RIMS2|SYT9|CPLX2|VAMP1|SYT2|SYT7|SYT11|RAB3A|RIMBP2|SYT8|DOC2A|PRRT2,https://www.gsea-msigdb.org/gsea/msigdb/mouse/geneset/GOBP_REGULATION_OF_SYNAPTIC_VESICLE_MEMBRANE_ORGANIZATION,22,ENR,GOBP_REGULATION_OF_SYNAPTIC_VESICLE_MEMBRANE_ORGANIZATION,1.7663,1.95E-2,GOBP_REGULATION_OF_SYNAPTIC_VESICLE_MEMBRANE_ORGANIZATION,FALSE,GOBP_REGULATION_OF_SYNAPTIC_VESICLE_MEMBRANE_ORGANIZATION
52,1.67985371388895,1.67985371388895,1.67985371388895,0.97909999999999997,7.6999999999999999E-2,9.4100000000000003E-2,1,UPF1|DUSP3|ATG14|MCOLN1|BECN1|CLEC16A|GABARAP|OGFOD1|ADD2|GABARAPL2|SNAPIN|STX17|RPL23|SEMA5A|VPS33A|CHKA|SHARPIN|AURKB|PRKAA1|PRKAA2|CHMP5|KATNB1|ACVR1C|BLCAP|SMCR8|DEDD2|RRP7A|HNF1A|STMN3|HSPA8|ATP2A2|SETX|EPS8|NAPA|TGFBR1|PNPLA2|KAT5|GBF1|NAPB|SMN1|DENR|NEDD9|NMNAT1|DNASE2A|DNASE2B|EIF2D|ZFP598|EXOG|EML4|GSPT2|GTPBP2|KIF2C|RAC2|GATA5|F2RL1|CHMP1A|SMAD7|CHMP1B|CHMP2A|CHMP2B|CHMP3|CHMP4C|CHMP6|PAFAH1B1|SWAP70|IGTP|IRGM2|ETF1|PLG|SGK1|SMARCA4|KDM4A|SMARCB1|SPEF1|SMARCC1|SMARCC2|MCTS1|MYH9|SMARCD1|SMARCD2|SMARCD3|ACTN2|SMARCE1|ADRB2|TRAF2|NEMF|AKAP5|MTPN|KIF21A|CIDEA|PLIN3|ASPH|ATG5|FSCN1|SARM1|ASB17|ATXN7|SYNJ1|TPX2|NGEF|CALM1|CALM2|DDR1|CALM3|TREM2|SSRP1|MAP4K4|MAP1LC3B|STMN1|HEMK1|LIX1|PIK3C3|TAOK1|CEBPG|CTSS|C1QA|C1QB|C1QC|PIK3R1|PIK3R4|ADAMTS15|C3|UFSP2|GAS2L1|AURKA|NAV3|ABCC8|KIF14|NCKAP5|FGF13|NCKAP5L|PLEK|AVIL|CAPG|SPAST|CAPZA1|CAPZA2|CDK1|CAPZB|BNIP3|CFL1|COL6A1|DSTN|BOK|MICAL3|HPN|PLEKHH2|SCIN|SH3BP1|TWF1|CDK5|SHROOM2|STON1|SVIL|TWF2|VILL|DYRK3|FAF2|KLC1|TRIM21|ZFAND1|CD47|ENDOG|HSPA2|LAMC1|ITGB1|EIF5A|CTSG|HDAC6|UVRAG|STMN2|DNASE1L3|ACIN1|ZMPSTE24|MYC|ARF6|ITGAM|APAF1|KCNK13|AKAP8L|PBXIP1|CAMSAP3|VAMP8|BMYC|CST3|IL1B|PLIN2|ETS1|KLK5|DFFB|TMEM39A|KIF9|PPP1R9B|PIF1|NOXO1|PDXP|PEX5|SH3PXD2B|KIF24|NSF|DFFA|LIX1L|VPS4B|PLXNC1|RHOA|APC2|IGFBP3|CKAP2|ARHGEF2|MID1|TRIM54|TTBK2|DNAJC17|TNF|TRPV4|IQSEC1|MAPRE2|CLASP1|ERN2|CLASP2|ATAD2|VCP|ATAD2B|AIFM1|BAX|PLK1|MID1IP1|ARHGEF1|DNAJC6|KIF18B|TGFB2|KIF19A|ATR|NEDD1|STMN4|TOP2A|MFSD8|HSF1|CDK5RAP3|PDPN|CDKN2A|CFL2|CIB1|UBQLN1|ADD1|FLII|VMP1|WNK1|PIK3CA|GFM2|UBQLN4|LMOD1|LMOD2|LMOD3|NRG1|C1QL1|CHMP4B|EHBP1L1|MYLK3|VPS54|LAMP2|SNAP29|ATG12|MRRF|BLVRA|DICER1|MICAL1|MICAL2|CD24A|GABARAPL1|SNX14|TMOD1|TMOD2|EEF2K|TMOD3|RDX|TMOD4|SPECC1L|DDR2|TPM1|IGF1R|WDR1|CAMSAP1|CAMSAP2|FYCO1|DCTN1|PHF23|LIMA1|TBC1D25|CCDC88C|TECPR1|TOM1|FGFR4|VANGL2|APC|INSR|VPS4A|AQP2|MAP1LC3A|ARPC2|CLN3|PER2|CX3CR1|LCP1|PEX14|DBNL|GRWD1|SNAI2|DPP4|FAP|CHMP7|EPHA4|HTT|MMP13|MTIF2|MTIF3|MTRF1|MTRF1L|PLK3|ADAMTS5|ABCE1|PELO|VRK1|KIF5B|VIL1|SCAF4|SCAF8|WDR47|ADD3|IRAK3|ANKZF1|ASCC2|ASCC3|STX5A|ELAC1|KLHDC10|TGFB3|LTN1|PTRH1|NDEL1|RCHY1|ENG|NES|RNF14|RNF25|TCF25|DDIT4|TRIP4|VPS16|USP10|EIF4E2|TRNT1|GSN|PRICKLE1|ARID1A|KIF18A|ARID2|EIF5A2|GAK|FLOT1|IL6|EVL|GIGYF2|GOLGA2|IRGM1|TRIM58|CLTC|GSPT1|TFIP11|HBS1L|JMJD4|RAC1|CMA1|EXOC8|WDR72|DDRGK1,https://www.gsea-msigdb.org/gsea/msigdb/mouse/geneset/GOBP_CELLULAR_COMPONENT_DISASSEMBLY,376,ENR,GOBP_CELLULAR_COMPONENT_DISASSEMBLY,1.7541,2.0899999999999998E-2,GOBP_CELLULAR_COMPONENT_DISASSEMBLY,FALSE,GOBP_CELLULAR_COMPONENT_DISASSEMBLY
28,2.0969100130080598,2.0969100130080598,2.0969100130080598,0.99199999999999999,0.18729999999999999,6.1600000000000002E-2,1,CSNK1E|GGA3|LDLRAP1|IFNGR1|IGF1|LRRTM3|ADAM10|PIN1|PSENEN|ITM2B|RTN1|NECAB3|RTN3|SLC2A13|NSG1|SPON1|FLOT2|EFNA1|ROCK1|ROCK2|ABCA7|CLN3|PRNP|PSEN1|TMED10|ITM2C|UNC13A|PSEN2|SOAT1|NECAB1|NCSTN|DLG1|SORL1|EPHA4|TNF|DYRK1A|ITM2A|SP1|DHCR24|RTN2|AATF|PAWR|IFNG|HAP1|APP|ABCG1|ADAM9|NAGLU|RANBP9|BACE1|CASP3|ADAM17|AGER|ADAM19|RELA|RTN4|APOE|BIN1|NTRK2|NECAB2|APH1B|PICALM|ABCA2|EFNA3|APH1A|APH1C|LYN|TMCC2|BACE2|CLU|GSK3A,https://www.gsea-msigdb.org/gsea/msigdb/mouse/geneset/GOBP_AMYLOID_PRECURSOR_PROTEIN_METABOLIC_PROCESS,71,ENR,GOBP_AMYLOID_PRECURSOR_PROTEIN_METABOLIC_PROCESS,1.8702000000000001,8.0000000000000002E-3,GOBP_AMYLOID_PRECURSOR_PROTEIN_METABOLIC_PROCESS,FALSE,GOBP_AMYLOID_PRECURSOR_PROTEIN_METABOLIC_PROCESS
6,2.74472749489669,2.74472749489669,2.74472749489669,1,0.17169999999999999,3.3999999999999998E-3,0.19900000000000001,GAB1|ATOH8|NRP1|NR2F2|P2RX4|MEF2C|SEMA5A|PDPK1|SMOC2|NOTCH1|EPHA2|EFNA1|TGFBR3|PRKD1|RHOA|PTK2B|HSPB1|STARD13|SASH1|HDAC5|MEOX2|HDAC9|PRKD2|MAP2K5|TNF|SP1|AKT3|HDAC7|SEMA4A|PDCD10|SHH|CIB1|BSG|CALR|TMEM201|CSNK2B|PPARG|ADAM17|PLG|AGER|JUP|AMOT|ANGPT2|PTN|KLF4|PTGS2|ABL1|MAP2K3|NUS1|APOE|MET|SPARC|FGF1|DICER1|FGFR1|SIRT1|ATP2B4|PRCP|MAP3K3|PROX1|STAT5A|PLK2|SLIT2|PDGFB|VEGFA|RHOJ|ZFP580|SRPX2|CD40|ZC3H12A|BMP4|SYNJ2BP|HMGB1|IGF1|GPLD1|IGF2|TGFB1|DLL4|PRKCA|TMSB4X|PATZ1|FUT1|LGMN|ROCK2|GLUL|BMPER|PIK3R2|ACVRL1|AGT|PIK3C2A|RIN2|SNAI2|RRAS|PIK3CB|PIK3CD|PIK3CG|SEC1|ADAMTS9|DNAJA4|EMP2|NFE2L2|ALOX12|EGF|BCAS3|THBS1|AKT1|MECP2|PLCG1|TBXA2R|APOH|PDCD6|KRIT1|ANXA1|ANXA3|SH3BP1|ANGPT1|SERPINF1|CEACAM1|DCN|ROBO4|ITGB1BP1|STC1|AMOTL1|COL18A1|TEK|FBXW7|GADD45A|WNT5A|FOXP1|ITGB3|SPRED1|GRN|CXCL13|PTPRM|VASH1|ADORA2B|KDR|DAB2IP|MMRN1|NF1|CCBE1|HMOX1|GPI1|CARD10|GATA3|MMRN2|RHOB|FLT4|GATA2|HIF1A|BCAR1|SP100|FGFBP1|RAC1|LCN2|VEGFC|HRG|NOS3|ETS1|FGF16|FGF18|FOXC2|FGF2,https://www.gsea-msigdb.org/gsea/msigdb/mouse/geneset/GOBP_REGULATION_OF_ENDOTHELIAL_CELL_MIGRATION,163,ENR,GOBP_REGULATION_OF_ENDOTHELIAL_CELL_MIGRATION,2.5724,0,GOBP_REGULATION_OF_ENDOTHELIAL_CELL_MIGRATION,FALSE,GOBP_REGULATION_OF_ENDOTHELIAL_CELL_MIGRATION
6,2.0043648054024499,2.0043648054024499,2.0043648054024499,0.99009999999999998,0.2041,6.7900000000000002E-2,1,GAB1|HMGB1|IGF1|NRP1|IGF2|P2RX4|TGFB1|PDPK1|PRKCA|TMSB4X|TGFBR3|PRKD1|PIK3C2A|HSPB1|NFE2L2|ALOX12|THBS1|AKT1|HDAC9|PRKD2|PLCG1|ANXA1|SP1|AKT3|ANGPT1|HDAC7|AMOTL1|COL18A1|CIB1|ADAM17|PLG|AMOT|KDR|PTGS2|ABL1|MAP2K3|NUS1|HMOX1|FGFR1|SIRT1|GATA2|HIF1A|MAP3K3|STAT5A|PLK2|FGFBP1|PDGFB|VEGFC|VEGFA|NOS3|RHOJ|ETS1|SRPX2|CD40|FGF18|FOXC2|FGF2,https://www.gsea-msigdb.org/gsea/msigdb/mouse/geneset/GOBP_POSITIVE_REGULATION_OF_BLOOD_VESSEL_ENDOTHELIAL_CELL_MIGRATION,57,ENR,GOBP_POSITIVE_REGULATION_OF_BLOOD_VESSEL_ENDOTHELIAL_CELL_MIGRATION,1.8435999999999999,9.9000000000000008E-3,GOBP_POSITIVE_REGULATION_OF_BLOOD_VESSEL_ENDOTHELIAL_CELL_MIGRATION,FALSE,GOBP_POSITIVE_REGULATION_OF_BLOOD_VESSEL_ENDOTHELIAL_CELL_MIGRATION
27,2.67778070526608,2.67778070526608,2.67778070526608,0.99790000000000001,0.23730000000000001,6.13E-2,1,DHX33|P2RX7|CD36|CSNK1A1|TRIM31|TREM2|ZDHHC5|PPP2CA|ZDHHC1|GBP5|ZDHHC12|MEFV|TRIM30A|GM12250|NLRC3|EIF2AK2|NLRP3|PRKD1|TLR6|MAPK8|IGTP|IRGM2|MYD88|PTPN22|TLR4|NLRP6|ATAT1|NEK7|DDX3X|HSPA8|LATS1|IRGM1|LATS2|LAMP2|PLCG2|BTK|KCNK13|PYCARD|MAVS|KCNJ8|BRCC3|FBXL2|SIRT2|CASP4|NLRP1A|MARK4|NLRP1B,https://www.gsea-msigdb.org/gsea/msigdb/mouse/geneset/GOBP_CANONICAL_INFLAMMASOME_COMPLEX_ASSEMBLY,47,ENR,GOBP_CANONICAL_INFLAMMASOME_COMPLEX_ASSEMBLY,1.8713,2.0999999999999999E-3,GOBP_CANONICAL_INFLAMMASOME_COMPLEX_ASSEMBLY,FALSE,GOBP_CANONICAL_INFLAMMASOME_COMPLEX_ASSEMBLY
18,2.74472749489669,2.74472749489669,2.74472749489669,1,9.6500000000000002E-2,1.8499999999999999E-2,0.95799999999999996,PSMC5|PSMF1|UBXN2A|CCNF|PABPN1L|FHIT|WWTR1|FEM1A|UBE2K|OTUD5|DTX4|PSMA1|PSMB4|RNF139|USP38|HSPA1B|ASB2|RNF122|SENP1|LRRK2|KBTBD2|SH3RF3|DDIT3|RAD23A|RAD23B|UBE3A|ZFP598|SOCS5|EIF3H|FBXL3|SIAH2|TBX21|SPSB4|SOCS4|FBXW4|NEMF|RPL11|PSMA6|CLU|PSMB10|USP14|SH3BGRL|FOXF2|SMURF2|STUB1|AKT1|HSPBP1|SOCS2|BTRC|UBE2D1|KIF14|ARAF|CBFA2T3|TRIM72|UBE2N|PSMB9|UBR2|DDB1|USP9X|ZFP418|AMN1|FAF2|CUL3|UBXN1|FBXO22|FBXO31|FBXO7|FBXW7|NAGLU|GIPC1|FBXW5|ARRB1|SH3RF2|USP5|CDC34|AGAP3|ZNRF2|RBX1|DVL1|PJA2|HAMP|BAG6|TRIM9|ZNRF1|PSMB11|KLHL20|PARK7|APC2|DNAJB2|VHL|CLOCK|KLHL24|RNF186|SIAH1A|SIAH1B|SPOP|FEM1B|NKD2|RNF145|TRF|VCP|RNF216|SHH|IVNS1ABP|KLHL18|RFFL|ANKRD9|PPP2R5C|CUL4A|DCAF13|CUL5|FBXL5|CUL1|KCTD17|PSMC6|SMURF1|GSK3A|GSK3B|TRAF4|SPOPL|KEAP1|NHLRC1|MAPK8|BIRC2|MDM2|ZFAND2A|ZFAND2B|HSP90AB1|TRIM45|NFE2L2|DCAF12|BBS7|DDA1|DET1|NUB1|SUMO2|PSMD14|ZER1|ZYG11B|NHLRC3|RMND5A|TRIB2|RNF170|RNF34|SPSB3|ATXN3|CSNK1A1|TRIM3|BAG2|FZR1|ASB9|UBE2S|N4BP1|ANAPC1|ANAPC11|ANAPC2|ANAPC4|PSMA2|ANAPC5|AMBRA1|ANAPC7|TRIB1|CDC16|CDC20|CDC23|CDC27|KLHDC3|CHFR|FBXW8|AXIN1|UBE2C|UBE2U|RHOBTB3|CUL2|FBXL13|DDRGK1|FBXL14|FBXL15|EDEM3|FBXL16|OGT|FBXL18|FBXO17|FBXL22|FBXO2|FBXL6|FBXO27|FBXL7|FBXO44|CLEC16A|FBXO48|FBXO6|RBCK1|CAML|FBXL4|FBXO9|GABARAP|UBE2A|NCCRP1|SHARPIN|GLMN|FBXO3|PSEN1|APPBP2|MAEA|ARMC8|FBXL19|FEM1C|GAN|HECTD3|IPP|KBTBD12|SIRT6|KBTBD3|KLHDC1|KLHDC2|KLHL11|KLHL17|DAB2|KLHL2|KLHL23|KLHL28|KLHL29|KLHL30|KLHL35|TRIM63|KLHL4|KLHL5|KLHL7|ASB1|ITCH|KLHL8|PCNP|KAT5|PSMA4|PSMA5|PSMA7|PSMB2|PSMB3|PSMB6|PSMB7|PSMC1|PSMC2|PSMD1|PSMD2|PSMD4|PSMD6|PSMD7|PSMD8|RMND5B|SPSB1|TLK2|SPSB2|UBXN11|TRIM28|UBXN7|TRIP12|WDR26|PELI1|UBR5|TAF9|HSPA1A|KLHL3|CSNK1D|SH3RF1|DERL1|BFAR|NPLOC4|RNF187|SMARCC1|NSFL1C|UBXN2B|KCTD10|XPO1|PLK2|PIAS1|WNT10B|RNF4|KLHL10|COMMD1|CRBN|BAG5|PSMA8|CSNK2A2|RNF180|PBK|PHF20L1|RYBP|TBL1XR1|STYX|ARRB2|TRIM39|WAC|ATG7|TBL1X|AURKA|FBXO11|FBXL2|FBXO4|PCBP2|UBE4B|FBXL20|MTA1|HUWE1|ANAPC10|ANAPC13|ANAPC16|ASB11|CDC26|TRIM2|TRIM26|UBE2D3|UBE2G1|UBE2H|UBE2W|MTM1|PSMA3|PSMB8|FBXO45|NEDD4L|ERCC8|TRIM13|PML|PPP2CB|PSMD10|PSEN2|RNF7|KCTD13|KLHL15|TOPORS|SOCS7|MAPK9|PLK1|RNF10|SUMO1|SYVN1|RNF126|SKP2|UBR3|PLAA|TNFAIP1|UBE2V2|WWP2|UBQLN4|FBXW11|KCTD2|UCHL5|CSNK2B|KCTD5|USP7|AKIRIN2|SIRT1|SIRT2|PSMC3|PSMC4|CSNK1E|TRIB3|UBR4|ARIH2|APC|PAQR3|PMP22|USP44|WWP1|KBTBD7|GCLC|TRPC4AP|CTNNB1|FBXL17|KLHL12|FBXO38|KLHL21|PLK3|UBR1|HERC2|AXIN2|ASCC2|ASCC3|HFE|KLHDC10|LTN1|TTC36|RCHY1|TRIP4|GNA12|CD2AP|HECTD1|PRICKLE1|IL33|DCAF11|KCMF1|PSMB5|KLHL22|KLHL6|KBTBD8|UBE2B|DTL,https://www.gsea-msigdb.org/gsea/msigdb/mouse/geneset/GOBP_PROTEASOME_MEDIATED_UBIQUITIN_DEPENDENT_PROTEIN_CATABOLIC_PROCESS,397,ENR,GOBP_PROTEASOME_MEDIATED_UBIQUITIN_DEPENDENT_PROTEIN_CATABOLIC_PROCESS,2.1877,0,GOBP_PROTEASOME_MEDIATED_UBIQUITIN_DEPENDENT_PROTEIN_CATABOLIC_PROCESS,FALSE,GOBP_PROTEASOME_MEDIATED_UBIQUITIN_DEPENDENT_PROTEIN_CATABOLIC_PROCESS
17,1.8961962790440401,1.8961962790440401,1.8961962790440401,0.98729999999999996,0.11990000000000001,4.3700000000000003E-2,1,RAB11A|FNTA|OGT|ZMYND8|ADAM10|GABARAP|RHOG|CDK5R1|ERBB2|MYO5B|EPHA2|FIS1|SIRT6|AR|DAB2|PRKCZ|MAP2K1|CAMK2G|TMEM108|TMED2|AKT2|MMP14|SNX27|DAG1|DBN1|ATP2C1|KIF2C|EPHA3|GRIP2|STX7|ARHGAP44|RAPGEF4|STX8|PTN|AGRN|TRAF6|ABI3|AKAP5|PID1|ATP2B4|PKP1|ANK3|RHOQ|TNFAIP6|SLC5A3|LRRC15|MYO1C|CACNB3|TGFB1|WNT3A|ACSL3|PPFIA1|CAMK2D|TREM2|STX3|SHANK3|KALRN|PIK3R2|COMMD1|APPL1|SORBS2|CLIP3|GPC2|PIK3R1|DLG1|DPP10|DPP6|PKDCC|GPC3|AKT1|NLGN2|CDH2|PRKCI|CCL2|CAMK2A|SHISA7|CDK5|GPC4|FYN|GPC6|MUSK|NETO2|TNIK|VPS26B|CACNA2D2|ITGB1BP1|CD81|LYPD1|HPCA|ITGA3|ITGB1|RER1|FZD9|KCNE1|CRK|KCNJ11|ARF6|ITGAM|NUMB|LRP5|MFF|PAK1|RAB11FIP2|SQSTM1|STX4A|CSNK2A1|VAMP8|EZR|CRKL|LGALS3|PDCD5|LZTFL1|PPP1R9B|RAP1A|PDPK1|CRIPT|IQSEC2|PRNP|ACTR3|RANGRF|SFN|SLC1A1|TNF|SLC30A1|NKD2|CLASP2|AP2M1|GRIPAP1|LYPLA1|TMEM59|STAC|STAC2|STAC3|MYO5A|STOM|CIB1|CSRP3|WNK1|PIK3CA|WNK4|CAMK2B|GPC1|FARP1|RAMP3|CDH1|PPP2R5A|TMBIM1|PTPN9|NBEA|MRAP|NECAB2|SSH1|CNPY4|MAGI2|DLG4|PICALM|EGFR|GSK3B|ZDHHC2|VTI1B|GDI1|LDLRAP1|INPP5K|LRP1|INS1|INS2|VPS4A|KCNB1|AP2B1|NHLRC1|CSK|ARPC2|CLN3|ZDHHC7|EPHB2|NRXN1|GRIP1|VAMP4|PLS1|LRP4|LYPLAL1|KIF5B|SORBS1|VIL1|PDZK1|NGDN|SLC7A11|ZDHHC5|ACTB|HECTD1|GSN|CLTC|EFCAB7|PGRMC1|AGR2|ARHGEF16|RAC1|BCL2L1|CNST,https://www.gsea-msigdb.org/gsea/msigdb/mouse/geneset/GOBP_REGULATION_OF_PROTEIN_LOCALIZATION_TO_MEMBRANE,199,ENR,GOBP_REGULATION_OF_PROTEIN_LOCALIZATION_TO_MEMBRANE,1.9585999999999999,1.2699999999999999E-2,GOBP_REGULATION_OF_PROTEIN_LOCALIZATION_TO_MEMBRANE,FALSE,GOBP_REGULATION_OF_PROTEIN_LOCALIZATION_TO_MEMBRANE
3,2.74472749489669,2.74472749489669,2.74472749489669,1,0.17,4.1999999999999997E-3,0.27300000000000002,GAB1|HBEGF|DUSP3|TGFA|MEP1A|CAML|ADAM10|EPHB4|FGFR3|ERBB2|PLAUR|EREG|PDPK1|RASSF2|EPHA2|SHC1|FLT3|PSEN1|EPHB3|RALA|PSEN2|RBPJ|FASL|PTK2B|ADRA2A|DGKD|MAP2K2|SRC|RAF1|ERBB4|MAP2K1|MAPK1|HIP1|KLK8|RALB|NTRK1|MERTK|PTPRJ|ITGA1|RNF126|NPPA|NPR2|PIGR|FLT1|PTPN2|EPHA3|SOCS5|NRG2|CHMP6|EFEMP1|BACE1|BRAF|KIF16B|NRG1|ADAM17|CBLC|GPRC5A|SHKBP1|SOCS4|VPS25|ZFYVE28|ZGPAT|SH3TC2|EPGN|KIT|PTPN12|CCDC88A|ABL1|CPNE3|ROR2|ESR1|PTPRF|RTN4|MET|SOS1|EPHA7|PDGFRA|PTPRR|DBX2|FGFR1|PDGFRB|NUP62|PDE6G|PDE6H|SOX9|EGFR|MYOC|NTRK3|DDR2|BCAR3|IGF1R|WDR54|TYRO3|NEU3|ERRFI1|FGFR4|INSR|IQGAP1|TGFB1|DDR1|EPHA1|PTK2|LGMN|PLCE1|MAPK3|AGT|FAM83A|FAM83B|NRG4|RAB7|EPHA5|EPHB2|ERBB3|EGF|EPHA4|SNX5|FGFR2|AKT1|TIE1|PLCG1|PTPN11|VIL1|MUSK|RNF115|SLC30A10|CEACAM1|CEACAM2|INSRR|TFAP2A|ARF4|BTC|HAP1|RHBDF1|TEK|ESR2|ABL2|MST1R|MVP|LTK|PRICKLE1|HIP1R|CADM1|AREG|AXL|RET|GRB2|KDR|AFAP1L2|CBL|CBLB|DAB2IP|SPRY2|AGR2|FLT4|NTRK2|BCAR1|TSG101|SPG21|CSF1R|RHBDF2|CDH13|EPHB1|MMP9,https://www.gsea-msigdb.org/gsea/msigdb/mouse/geneset/GOBP_ERBB_SIGNALING_PATHWAY,163,ENR,GOBP_ERBB_SIGNALING_PATHWAY,2.5194000000000001,0,GOBP_ERBB_SIGNALING_PATHWAY,FALSE,GOBP_ERBB_SIGNALING_PATHWAY
32,2.3979400086720402,2.3979400086720402,2.3979400086720402,0.996,9.8699999999999996E-2,1.23E-2,0.83799999999999997,HES5|MTSS1|AIMP1|STAT1|B4GALT1|CCR3|CDC42|SLURP1|AR|PRKD2|ECM1|ERBB4|FGF7|NME1|NME2|ITGA4|HTR2B|HMGN1|SLC39A9|NPPB|ZFP36|AGAP2|PGR|FLT1|GHRL|MST1|TNFAIP3|PTN|RTN4|SPARC|SCG2|PDGFB|THBS4|VEGFA|ZFP580|NFATC1|ROBO1|NR4A1|TGFB1|PRKCA|F3|RICTOR|ACVRL1|ALOX5|ANG|B2M|NFIB|PIK3CD|SULF1|SULF2|ERBB3|TACR1|GPC3|AKT1|ATP7A|PLCG1|BID|KRIT1|CCL11|CCL12|FOXP2|CCL2|EGFL7|CCL24|STXBP4|VEGFB|CCL5|BMPR1A|GDF5|MCC|LAMA5|IFT122|LIMS1|LIMS2|GJA1|OSR2|RUNX2|SIX1|CXCL12|TRP63|SMO|TBX18|WDR13|MYC|DAB2IP|NF1|GATA3|GATA6|GATA2|IFT57|TMIGD1|WNT2|CDC73|LRG1|IFT80|FGFR3|MEF2C|NOD2|NOTCH1|NOTCH2|NUPR1|TGM1|REG1|VHL|REG3A|EPPK1|REG3G|MAP2K5|TNF|BRCA2|ESRP1|ESRP2|BAX|KRT4|HMX2|IFNG|HSF1|CDKN2A|SHH|CELF1|NR4A3|CRNN|CDH1|CDK4|CDKN1B|CLDN1|DICER1|FUT2|HYAL1|EGFR|ST8SIA1|TNMD|SYNJ2BP|HMGB1|IGF1|IGF2|TRIM24|IRS2|AQP11|MTOR|NR1D1|GLUL|CDKN1C|MEN1|PGF|COL4A3|ARX|WFDC1|FGFR2|THBS1|TIE1|PDCD6|HEY1|PDX1|KIF3A|C5AR1|MAGED1|GAS1|NOG|SERPINF1|TCF7L2|IFT172|IFT52|KDM5B|OVOL1|SOX2|PYGO2|TEK|TGFB3|TACSTD2|WNT5A|FOXP1|TWIST2|DLK1|GRN|NPM1|HMGB2|SGPP2|VASH1|FLCN|VASH2|IL10|BNC1|EAF2|MMRN2|RAP1GAP|FLT4|PRKDC|AGGF1|SAAL1|FGF18|FGF2|EFNB2|PLXNB3|EGR3|ERBB2|SEMA5A|MMP12|FGF10|ZFP36L1|CDKN2B|RBPJ|ALDH1A2|RPTOR|SIRT6|BMP5|BMP6|HMGA2|IHH|DAB2|STAT3|EDNRB|TBX1|TGFBR1|HTRA1|DLX5|AKT3|MDK|SUZ12|STK11|BIRC5|NRARP|SRSF6|UHRF1|RUNX3|NKX2-5|SFRP1|GKN3|EPGN|WDR77|APOE|AGTR1A|ARG1|SOX11|BAD|STAT5A|APLNR|ITGB3BP|TSC2|BMP4|WNT10B|WNT3A|XBP1|ZEB1|FUT1|RREB1|CXCR3|CYBA|DLG1|NRAS|PDCL3|DYSF|ATF2|EDNRA|APOH|CCND2|CPB2|CTSL|IQGAP3|FRS2|FZD7|HPN|CAV2|IFT88|CAV1|CEACAM1|CEACAM2|CXADR|PLAU|TINF2|DEAF1|COL18A1|ITGB3|POLD4|HDAC6|LRP6|JUN|KLF9|KDR|SERPINB5|FGFBP1|PPP1R16B|BMYC|CDH13|PAX6|ATOH8|TGFA|NR2F2|OSR1|RB1|FA2H|PDPK1|PHB2|EYA1|BCL11B|TGFBR3|NLRC3|GLI1|PRKD1|GLI2|PPARD|GPX1|PTEN|SFN|SMAD3|PHIP|SCN5A|SP1|ID1|NKX2-3|TWIST1|TGFB2|PDCD10|XDH|APLN|CFLAR|HOXA5|HSPG2|PPARG|ADAM17|WDR48|AGER|RGN|ESR1|STK3|BTK|STK4|PTPRK|FGF1|FGFR1|SIRT1|PROX1|SIX4|SOX9|PKHD1|ZFP703|CYP7B1|ERRFI1|APC|CDK6|MED1|DLL4|DSC1|AZIN1|CASK|SNAI2|DUSP10|CTNNB1|EGF|HES1|PTPRN|ISL1|ITPR1|A4GNT|CCND1|CDH3|HLX|ESR2|IL12A|IL12B|MYCN|VDR|ENG|NGFR|PAX2|IL18|FGF9|CD109|ETV4|HAS2|PTCH1|PTPRM|ADORA2B|IFT74|IL6|INTU|IRF6|OVOL2|SFRP2|HMOX1|JAG1|SAV1|EXTL3|MARVELD3|YAP1|VEGFC|CDC25A|MTA3,https://www.gsea-msigdb.org/gsea/msigdb/mouse/geneset/GOBP_REGULATION_OF_EPITHELIAL_CELL_PROLIFERATION,388,ENR,GOBP_REGULATION_OF_EPITHELIAL_CELL_PROLIFERATION,2.2726000000000002,4.0000000000000001E-3,GOBP_REGULATION_OF_EPITHELIAL_CELL_PROLIFERATION,FALSE,GOBP_REGULATION_OF_EPITHELIAL_CELL_PROLIFERATION
37,1.97881070093006,1.97881070093006,1.97881070093006,0.98950000000000005,0.31659999999999999,4.5900000000000003E-2,1,H2-Q2|H2-Q4|H2-Q6|H2-Q7|H2-T24|H2-T3|H60C|HFE|TAPBP|IDE|TAP1|B2M|TAP2|AZGP1|RAET1E|CD1D1|CD1D2|H2-T23|ULBP1|H2-D1|ATG5|H2-K1|H2-M2|H2-M3|H2-Q1|H2-Q10,https://www.gsea-msigdb.org/gsea/msigdb/mouse/geneset/GOBP_ANTIGEN_PROCESSING_AND_PRESENTATION_OF_ENDOGENOUS_ANTIGEN,26,ENR,GOBP_ANTIGEN_PROCESSING_AND_PRESENTATION_OF_ENDOGENOUS_ANTIGEN,1.9471000000000001,1.0500000000000001E-2,GOBP_ANTIGEN_PROCESSING_AND_PRESENTATION_OF_ENDOGENOUS_ANTIGEN,FALSE,GOBP_ANTIGEN_PROCESSING_AND_PRESENTATION_OF_ENDOGENOUS_ANTIGEN
26,2.74472749489669,2.74472749489669,2.74472749489669,1,0.1482,1.1299999999999999E-2,0.79600000000000004,BBS1|TUB|IFT81|LCA5|AP3B2|DYNLL1|LCA5L|NDE1|AP3M2|FNBP1L|KLC3|IFT80|KIF1A|SNAPIN|MYRIP|SUN2|SYNE2|FLOT2|MAK|RAB21|TTC21A|CDC42|RHOT1|RHOT2|ACTR10|ARL8A|BSN|HSPB1|KIF1C|BICD2|HSPA8|PRKCZ|UBB|UCHL1|MAP2K1|CCDC38|HOOK3|TMEM108|PCM1|SPG7|COPG2|MYO5A|NME7|STK11|TRAK2|WASF1|TRIM46|WDR35|NEFH|CALY|NEFL|BBS12|NEFM|RAB17|RASGRP1|CLUAP1|DYNC2LI1|IFT46|PAFAH1B1|FBXW11|HSBP1|TMEM201|KIF16B|SPAG17|HNRNPU|DYNC1I1|RABGEF1|CCDC88A|KIF2A|KIF3B|KIFC1|KIF21A|ANK3|DLG2|ATG5|WASL|HOOK1|FYCO1|TRAK1|CCDC88C|MYO1C|SSNA1|PURA|KIF17|KIF21B|PPFIA2|ARL3|KIF5A|KIF5C|TANC2|KIFC2|FUZ|KIF13A|CLN3|PEX14|STAU2|MAPK8IP3|SSX2IP|SOD1|CLIP3|AGTPBP1|CNIH2|AP3B1|MREG|ARMCX3|DYNC2H1|TTC21B|HTT|SYT4|MADD|MECP2|ATG16L1|BLOC1S1|IFT27|SPAST|BLOC1S2|KIF3A|STAU1|HOOK2|IFT20|IFT88|KIF5B|IFT172|IFT52|ACTN4|IFT140|KLC1|SFPQ|TERF2|WDR19|RPGR|SPG11|HAP1|ARHGAP21|DST|DTNBP1|AGBL4|TUBA1A|APP|SUN1|NDEL1|IFT122|TRAF3IP1|FEZ1|WDPCP|AP3M1|AP3S1|AP3S2|HDAC6|AP3D1|ARL8B|PRICKLE1|BICD1|IFT74|INTU|RAB27B|BLOC1S3|TRIM58|KIFAP3|KIF1B|KLC2|CCDC88B|MYO10|MAPT|HIF1A|LAMP1|BC048507|IFT57|CAMSAP3|SYBU|DYNC1H1|DYNC1I2|F8A|MYO19,https://www.gsea-msigdb.org/gsea/msigdb/mouse/geneset/GOBP_CYTOSKELETON_DEPENDENT_INTRACELLULAR_TRANSPORT,174,ENR,GOBP_CYTOSKELETON_DEPENDENT_INTRACELLULAR_TRANSPORT,2.2936000000000001,0,GOBP_CYTOSKELETON_DEPENDENT_INTRACELLULAR_TRANSPORT,FALSE,GOBP_CYTOSKELETON_DEPENDENT_INTRACELLULAR_TRANSPORT
61,1.99567862621736,1.99567862621736,1.99567862621736,0.9899,0.13009999999999999,7.4700000000000003E-2,1,LPAR1|NLGN3|NRP1|EFNB2|EFNB3|AMIGO3|SNAPIN|CYTH2|FAT3|SEMA5A|EFNA1|ZFP296|BCL11A|PSEN1|RHOA|ACTR3|PTEN|ARHGAP4|CDKL3|KREMEN1|D130043K22RIK|DAB2|DAB1|IL15RA|DIP2B|LRRK2|MBP|TRPV4|FSTL4|SEMA3A|CD38|IFRD1|MAG|MYLIP|PTPRS|RGMA|RNF6|RUFY3|TBX6|TRAK2|TRIM46|THY1|TTC3|ULK1|UBE3A|ULK2|INPPL1|EPHA3|TSC1|VIM|CIB1|PTPN1|HDAC2|EFEMP1|DENND5A|PAFAH1B1|NTM|RAP1GAP2|INPP5F|ADAM17|CDH1|RIT2|ZFP365|PTPN9|RTN4|APOE|EPHA7|PRKCSH|PTPRZ1|GFI1|SLIT2|INPP5J|NTN1|PLXNA3|TNR|GSK3A|GSK3B|RTN4R|RTN4RL1|TSC2|GDI1|KANK1|RYK|LRP1|XYLT1|NGEF|SEMA3F|SEMA3G|WNT3A|SEMA4F|PAQR3|SLIT1|PTK2|MT3|PMP22|MAP4K4|WNT3|ITM2C|LRIG2|MDM2|B2M|RUNX1T1|DNM3|BAG5|SEMA6D|CARM1|EPHB2|NLGN1|NR2F1|TSKU|EPHA4|KATNA1|HES1|FGF13|FLNA|LRP4|SPOCK1|H2-D1|CDK5|CSPG4|H2-K1|NEO1|DTNBP1|DGUOK|PTPRG|WNT5A|NGFR|GFAP|CRMP1|DPYSL3|HDAC6|ADCY6|GAK|STMN2|CCR5|FKBP4|ARF6|THOC2|CBFA2T2|LGALS1|DYNC1I2,https://www.gsea-msigdb.org/gsea/msigdb/mouse/geneset/GOBP_NEGATIVE_REGULATION_OF_NEURON_PROJECTION_DEVELOPMENT,141,ENR,GOBP_NEGATIVE_REGULATION_OF_NEURON_PROJECTION_DEVELOPMENT,1.8205,1.01E-2,GOBP_NEGATIVE_REGULATION_OF_NEURON_PROJECTION_DEVELOPMENT,FALSE,GOBP_NEGATIVE_REGULATION_OF_NEURON_PROJECTION_DEVELOPMENT
,1.8728952016351901,1.8728952016351901,1.8728952016351901,0.98660000000000003,0.18479999999999999,4.6100000000000002E-2,1,TNFRSF1A|ZC3H12A|TMC8|ZMYND11|NKIRAS1|NKIRAS2|TRIM59|SBNO1|TNIP1|RBCK1|TLE1|RNF31|RIOK3|TMSB4X|SHARPIN|TREM2|STAT1|TGFBR3|NFKBID|NLRC3|NR1D1|OLFM4|CASP8|BIRC2|AZI2|OTUD7B|RHOA|NFKBIL1|HDAC1|GSTP1|ARRB2|RIPK1|STAT3|TRIM39|MAP2K5|TNF|PYCARD|CCDC22|NR1H4|TRADD|IRAK3|SLC39A8|TANK|DNAJA3|NLRX1|SNIP1|TSPAN6|USP20|IKBKB|RHOH|NLRP12|USP10|ADIPOQ|PER1|IGTP|IRGM2|PPM1A|PPM1B|SIRPA|NLRP6|TNFAIP3|IKBKG|CHUK|IRGM1|KLF4|DAB2IP|ESR1|TRAF2|UACA|IRAK2|MAPKBP1|NFKBIA|SIRT1|TNIP3|RORA|CYLD|OPTN|TNIP2,https://www.gsea-msigdb.org/gsea/msigdb/mouse/geneset/GOBP_NEGATIVE_REGULATION_OF_CANONICAL_NF_KAPPAB_SIGNAL_TRANSDUCTION,78,ENR,GOBP_NEGATIVE_REGULATION_OF_CANONICAL_NF_KAPPAB_SIGNAL_TRANSDUCTION,1.9438,1.34E-2,GOBP_NEGATIVE_REGULATION_OF_CANONICAL_NF_KAPPAB_SIGNAL_TRANSDUCTION,FALSE,GOBP_NEGATIVE_REGULATION_OF_CANONICAL_NF_KAPPAB_SIGNAL_TRANSDUCTION
13,2.74472749489669,2.74472749489669,2.74472749489669,1,0.25779999999999997,3.5000000000000001E-3,0.214,TNFRSF1A|RAP1A|RAP1B|VCL|HEG1|ROCK1|ROCK2|FASN|PDE2A|AGT|CLDN3|CLDN5|GPX1|PROC|RAPGEF2|RAPGEF3|DMD|EDNRA|EDNRB|TNF|MYADM|F11R|ID1|FOXP3|CCM2|S1PR2|TJP2|IFT88|PTPRS|SOX18|TJP3|PLOD3|ZDHHC21|S1PR3|ROBO4|AKAP11|STC1|COL18A1|ICAM1|AMOTL2|F2RL1|MSN|IKBKB|ADD1|CDH5|PECAM1|MARVELD2|MYD88|VEZF1|ARHGEF26|CLDN1|CLIC4|ABCB1B|HPSE|PDE4D|MAGI1|MET|RAP2C|DICER1|TJP1|RAPGEF1|NOTCH4|PPP1R16B|PLCB1|VEGFA|RDX|UBIAD1|IL1B|EZR|TNMD|EDN1,https://www.gsea-msigdb.org/gsea/msigdb/mouse/geneset/GOBP_ENDOTHELIAL_CELL_DEVELOPMENT,71,ENR,GOBP_ENDOTHELIAL_CELL_DEVELOPMENT,2.5613000000000001,0,GOBP_ENDOTHELIAL_CELL_DEVELOPMENT,FALSE,GOBP_ENDOTHELIAL_CELL_DEVELOPMENT
16,2.74472749489669,2.74472749489669,2.74472749489669,1,0.14030000000000001,2.3999999999999998E-3,0.122,MAD2L2|ZMYND8|MLH1|FANCD2|PARP9|NBN|PIAS4|FIGNL1|OTUB1|PARP3|SIRT6|APBB1|HMGA2|RUVBL1|RUVBL2|SETX|DTX3L|KAT5|ZBTB7A|RIF1|RNF168|RNF8|SMARCAD1|SMCHD1|DCLRE1A|TEX15|PBRM1|PELI1|PHF10|PARP1|SMARCA2|SMARCA4|SMARCB1|SMARCC1|SMARCC2|SMARCD1|SMARCD2|ABL1|CDC45|SMARCD3|SMARCE1|XRCC5|GGN|TRP53BP1|TNKS1BP1|DMC1|WAS|XRCC4|SAMHD1|PARP2|POGZ|RAD51C|FUS|RAD52|XRCC6|PRMT1|CSNK2A2|TRRAP|MPND|CDCA5|TDP1|TDP2|DCLRE1B|ERCC4|EPC1|UBE2N|BRCA1|PNKP|POT1A|YY1|POT1B|RAD50|MORF4L2|RPA1|RTEL1|SLX4|TERF2IP|DNA2|WRAP53|KDM1A|POLA1|FH1|NIPBL|MTA1|SMARCAL1|UVRAG|MSH2|ACTR2|ACTR5|ACTR8|LIG3|ATRIP|BCL7A|BCL7B|BCL7C|BRCC3|BRD8|CDC7|CHEK1|CSNK2A1|CHEK2|DEK|FANCB|DPF1|MCM7|DPF2|DPF3|EP400|EPC2|ERCC8|RECQL5|ESCO2|EYA1|EYA3|PML|NHEJ1|FMN2|POLB|4930447C04RIK|FOXM1|POLM|POLQ|ASTE1|CHD4|HELB|HELQ|EME1|EME2|ERCC5|ING3|EXD2|DDX1|FAN1|FANCM|INO80|GEN1|SETMAR|GINS2|GINS4|HSF2BP|SPIRE1|HUS1|HUS1B|KDM4D|INTS3|KLHL15|LIG1|MBTD1|MCM3|MEAF6|MCM4|MGMT|MCM5|MORF4L1|MCM6|MRE11A|BRCA2|NUCKS1|MUS81|NUDT16L1|NSMCE1|OOEP|NSMCE2|PALB2|VCP|POLL|TOP3A|POLN|PLK1|RBBP8|PPP4C|REC8|PRDM9|RECQL|RECQL4|REV3L|RAD51AP1|RFWD3|RMI1|RNF138|TWIST1|RPA3|TOP2B|RNF126|SFR1|ATM|RNF169|SMC6|ATR|RPA2|SWI5|SENP3|HSF1|SKP2|TRIP13|SLX1B|XRCC2|XRCC3|C1QBP|ZFYVE26|ZSWIM7|SPIRE2|KDM2A|TIMELESS|UBE2V2|UBQLN4|UIMC1|USP51|WDR48|AGER|WRN|APLF|YEATS4|ZCWPW1|ZFP365|SIRT1|DNTT|PPP4R2|HMGB1|VPS72|MCM2|DCLRE1C|DMAP1|HTATSF1|IFFO1|ERCC1|MCM8|MCM9|OGG1|MMS22L|SMC5|DDX11|SPO11|TONSL|CREBBP|TOPBP1|ERCC6|PSMD14|RAD21|BRIP1|SETD2|TRP53|SFPQ|ACTB|ACTL6A|ACTL6B|ANKLE1|ARID1A|ARID2|RAD51|RAD54B|RAD54L|BLM|BRD7|PRKDC|PRPF19|XRCC1|LIG4,https://www.gsea-msigdb.org/gsea/msigdb/mouse/geneset/GOBP_DOUBLE_STRAND_BREAK_REPAIR,258,ENR,GOBP_DOUBLE_STRAND_BREAK_REPAIR,2.6328999999999998,0,GOBP_DOUBLE_STRAND_BREAK_REPAIR,FALSE,GOBP_DOUBLE_STRAND_BREAK_REPAIR
8,2.74472749489669,2.74472749489669,2.74472749489669,1,0.23250000000000001,9.1000000000000004E-3,0.70299999999999996,BMP4|IGF1|IL6ST|LTF|WNT10B|MEF2C|JUND|PRMT3|PTGER4|PPP3CA|WWTR1|FBXO5|GLI3|FAM20C|IFI204|WNT3|PRKD1|WNT7B|CLIC1|MEN1|SMAD1|SMAD5|FBN2|BMP2|ACVR1|BMP6|CTNNB1|GDF10|ACVR2A|SCUBE2|HEY1|WNT4|ILK|CEBPB|DLX5|CEBPA|CEBPD|GDPD2|CTNNBIP1|LRP3|PDLIM7|ZHX3|FERMT2|BMPR1A|NPPC|CTHRC1|ACVR2B|FZD1|MSX2|TMEM119|RUNX2|BMPR1B|TRP63|IL6|BMPR2|SFRP2|LMNA|JAG1|NELL1|SOX11|LRP5|CD276|SCUBE3|YAP1|VEGFA|BMP7|GNAS|DDR2|IFITM1|NPNT|FGF2,https://www.gsea-msigdb.org/gsea/msigdb/mouse/geneset/GOBP_POSITIVE_REGULATION_OF_OSTEOBLAST_DIFFERENTIATION,71,ENR,GOBP_POSITIVE_REGULATION_OF_OSTEOBLAST_DIFFERENTIATION,2.3374000000000001,0,GOBP_POSITIVE_REGULATION_OF_OSTEOBLAST_DIFFERENTIATION,FALSE,GOBP_POSITIVE_REGULATION_OF_OSTEOBLAST_DIFFERENTIATION
15,2.4089353929735,2.4089353929735,2.4089353929735,0.99609999999999999,9.7100000000000006E-2,4.02E-2,1,NCOR1|OGT|DUSP3|PFKFB1|ATG14|NOLC1|PGK1|ENTPD1|LRRK1|PPARA|PPP2CA|WWTR1|FEM1A|FIS1|CDKN2B|PPP1R15A|PSEN1|PPP1R15B|ZBED3|PRKCH|SFRP5|GPD1L|SIK2|SIRT6|BMP2|HSPB1|DGKQ|PKN1|SLC4A1|HNF1A|PTK6|STAT3|PRKCD|PRKCZ|DUSP1|TRIM63|CTDSPL|PKIA|UCHL1|PYCARD|TMED2|GMPPA|MAPK8IP1|GADD45B|SAMSN1|SUZ12|SH2D1B1|NPPA|PTPN2|SLFN1|SMAD7|PRR5L|SOCS5|NLRP12|CHMP6|IBTK|ADIPOQ|LPCAT1|TESK1|SFRP1|PECAM1|INPP5F|CBLC|SHB|GPRC5A|SOCS4|PARP1|TNFAIP3|VPS25|PARP14|PPIA|ZFYVE28|HNRNPU|ZGPAT|IMPACT|RABGEF1|ABL1|SOCS1|AMDHD2|APOE|MET|NCK1|MSTN|PID1|TRIM27|GFRA2|NUP62|SLIT2|PDGFA|RD3|PDGFB|INPP5J|NTF3|NTRK3|MYOCD|CDA|BAK1|ZC3H12A|ATXN7|BDKRB1|TSC2|HIPK3|TGFB1|PRKCA|TSPO|EPHA1|CAV3|HEG1|AGT|CNKSR3|SH3GL2|PBK|ACTN3|AKT1|OCLN|PLEK|RASIP1|CBFA2T3|CCNB1|APOC1|HPN|INSM1|PRKG1|PKIB|CAV1|ZFP418|CEACAM1|TERF2IP|BAG4|DNAJA3|ITGB1BP1|DTNBP1|FBXO7|SPAG9|PTPRO|AIDA|ARRB1|KLHL31|SMO|HGF|LRP6|SMYD3|CADM1|HSPA4|MLXIPL|MTCH2|JUN|ADARB1|MYOG|DAB2IP|NF1|MAPT|DVL1|STAP1|IL1B|LYN|CRKL|PAX6|PPM1E|RGS2|PPM1F|DYNLL1|NR2F2|TFAP4|RB1|PDCD4|RASSF2|FABP4|SPRY1|NUPR1|PRDX3|PARK7|MIDN|GCKR|PSEN2|PTPN6|IGFBP3|PTEN|PTPN22|PTPRC|DNAJC10|BAG1|DNAJA1|CTDSP1|FKBP8|GSTP1|SNCA|GSTP2|INCA1|HNF4A|HHEX|TNF|MYADM|SLC8A1|BAX|PLK1|CHORDC1|PPP4C|PTPRJ|DEPTOR|IFNG|ADAR|AKT1S1|THY1|XDH|CDK5RAP3|CDKN2A|CTDSP2|PIBF1|CDK5RAP1|CIB1|PTPN1|UBASH3B|ANKLE2|SPRY4|DUSP19|PLEC|WNK4|DUSP7|PPARGC1A|PPARG|PRKACA|CASP3|AGER|CDKN1B|PTGIS|PPP2R5D|ATXN1|PTPN13|RGN|PTPRB|PTPRH|PKIG|BLVRA|PTPRT|SIRT1|SIRT2|PRKAR1A|ENPP1|SLC27A1|TMEM132C|NF2|DBNDD2|HMGCR|MLLT1|SH3BP5|GRB10|TRIB3|IGF1|ERRFI1|PRKRIP1|INPP5K|TAF7|CADM4|SPRED2|APC|CDKN2C|INSR|IQGAP1|PARD3|HEXIM2|IRS2|NPRL2|PAQR3|MTOR|SRCIN1|CDKN1C|STK38|MEN1|CD300A|DUSP10|DUSP22|SOCS3|CORO1C|GNAQ|PRKAG2|PPP5C|PPEF2|GADD45G|CDKN2D|ANGPT1|TRP53|SMPD1|IRAK3|FBLN1|BIRC3|ALDOB|DUSP6|GADD45A|TTC36|TRAF3IP1|DNAJC3|GBP4|DDIT4|IL18|PARD6A|SPRED1|CD109|IL2|EIF4G1|HYAL2|MVP|TRIB1|FBP1|NPM1|GGNBP2|FLCN|LATS1|LATS2|TARDBP|IRF1|RGS14|SFRP2|GIT1|GPI1|SPRY2|HDAC4|PRKDC|TSG101|CDKN1A|PEBP1|ABCA2|IER3|KAT2B|COX11,https://www.gsea-msigdb.org/gsea/msigdb/mouse/geneset/GOBP_NEGATIVE_REGULATION_OF_PHOSPHORUS_METABOLIC_PROCESS,325,ENR,GOBP_NEGATIVE_REGULATION_OF_PHOSPHORUS_METABOLIC_PROCESS,1.9938,3.8999999999999998E-3,GOBP_NEGATIVE_REGULATION_OF_PHOSPHORUS_METABOLIC_PROCESS,FALSE,GOBP_NEGATIVE_REGULATION_OF_PHOSPHORUS_METABOLIC_PROCESS
20,2.6989700043360201,2.6989700043360201,2.6989700043360201,0.998,0.3553,1.11E-2,0.78300000000000003,FBXO45|GABRB3|NPTX1|NRP1|ECE1|NPR2|VCAM1|FGFR3|CHD7|LRIG2|SLITRK6|UNC13A|LRIG1|COL25A1|POU4F1|GABRB2|SERPINE2|UNC13B|SULF1|SULF2|EPHA4|RET|EDNRA|ADARB1|SEMA3A|ISL1|NTRK1|NTF5|EDN1|ITGA4,https://www.gsea-msigdb.org/gsea/msigdb/mouse/geneset/GOBP_INNERVATION,30,ENR,GOBP_INNERVATION,2.3006000000000002,2E-3,GOBP_INNERVATION,FALSE,GOBP_INNERVATION
15,1.5185573714977001,1.5185573714977001,1.5185573714977001,0.96970000000000001,0.1623,9.4700000000000006E-2,1,APOA1|RGS2|APOA2|ANGPTL4|APCS|PLXNB3|SERPINE1|SPRY1|LEPR|PLIN5|PARK7|TMED10|DFFA|CST7|RAP1GDS1|BBS4|RRP1B|SH3BP4|AKT1|APOC3|ARL2|TNF|ECM1|LRRK2|ANGPTL3|SLC27A4|TMED2|APOC1|CRB2|SERPINB13|SERPINB8|SPINK6|CAMK2A|HPN|SPOCK1|SPOCK3|TIMP3|FETUB|SERPINB9|SERPINB9B|SPINK2|TERF2|BAG4|TMBIM6|LRCH1|UBXN1|GMIP|SORT1|ARFGEF1|TTC8|RCC2|WNK1|GZMA|RECK|TIMP1|GRN|SERPINB1A|SERPINB1B|SERPINB1C|PTX3|SERPINE2|CSTB|SPINK5|AMOT|TIMP2|GAPDH|DAB2IP|BIN1|MKKS|SPRY2|TERF1|SERPINB6A|SERPINB6B|CAST|SERPINB6C|TMEM132C|GPSM1|STFA1|PLA2R1|RDX|STFA2|CST3|NOS3|STFA2L1|NEIL1|STFA3|VTN,https://www.gsea-msigdb.org/gsea/msigdb/mouse/geneset/GOBP_NEGATIVE_REGULATION_OF_HYDROLASE_ACTIVITY,87,ENR,GOBP_NEGATIVE_REGULATION_OF_HYDROLASE_ACTIVITY,1.7504,3.0300000000000001E-2,GOBP_NEGATIVE_REGULATION_OF_HYDROLASE_ACTIVITY,FALSE,GOBP_NEGATIVE_REGULATION_OF_HYDROLASE_ACTIVITY
1,2.74472749489669,2.74472749489669,2.74472749489669,1,0.46899999999999997,3.0000000000000001E-3,0.16300000000000001,CHMP7|REEP3|UBXN2A|REEP4|NSFL1C|UBXN2B|VPS4A|ANKLE2|CHMP1A|BROX|CHMP1B|SPAST|CHMP2A|CHMP2B|CHMP3|CHMP4C|CHMP5|CHMP6|VPS4B|BANF1|CHMP4B,https://www.gsea-msigdb.org/gsea/msigdb/mouse/geneset/GOBP_NUCLEAR_MEMBRANE_REASSEMBLY,21,ENR,GOBP_NUCLEAR_MEMBRANE_REASSEMBLY,2.5952000000000002,0,GOBP_NUCLEAR_MEMBRANE_REASSEMBLY,FALSE,GOBP_NUCLEAR_MEMBRANE_REASSEMBLY
51,2.3872161432802601,2.3872161432802601,2.3872161432802601,0.99590000000000001,0.2364,4.2000000000000003E-2,1,GAL3ST1|ST3GAL2|NEU1|TM9SF2|NEU2|NEU3|FA2H|ST3GAL3|ST6GALNAC3|ST6GALNAC4|LCT|ST6GALNAC5|ST8SIA2|ST8SIA3|ST8SIA4|ST8SIA6|ITGB8|ST6GALNAC6|PRKCD|CREM|FUT4|FUT9|BAX|UGCG|GLB1|HEXB|ST3GAL1|UGT8A|A3GALT2|NAGLU|CLN6|KIT|A4GALT|ST8SIA5|GBA2|B3GALT1|6430550D23RIK|B4GALNT1|B3GALT2|ABCA2|B3GALT4|B4GALT3|GALC|B4GALT4|GLA|B4GALT5|GM2A|B4GALT6|HEXA|PSAP,https://www.gsea-msigdb.org/gsea/msigdb/mouse/geneset/GOBP_GLYCOSPHINGOLIPID_METABOLIC_PROCESS,50,ENR,GOBP_GLYCOSPHINGOLIPID_METABOLIC_PROCESS,1.9790000000000001,4.1000000000000003E-3,GOBP_GLYCOSPHINGOLIPID_METABOLIC_PROCESS,FALSE,GOBP_GLYCOSPHINGOLIPID_METABOLIC_PROCESS
50,2.74472749489669,2.74472749489669,2.74472749489669,1,0.15640000000000001,1.34E-2,0.872,NEDD4L|P2RX7|P2RX1|P2RX4|GJD2|CHRNA4|ADRA1A|GPD1L|PTPN3|RANGRF|CNR2|CACNA1H|CLCN2|RNF207|ATP2A2|RYR2|SCN1B|KCNH6|SCN2B|KCNMA1|SCN3B|TNF|SCN4B|SCN5A|NRCAM|TAC1|TMEM161B|SLC9A1|CHRNA1|SLMAP|ABCC9|CHRNB2|SNTA1|CHRNB4|CTNNA3|HNRNPA1|SUMO1|IFNG|DSC2|DSG2|DSP|FFAR3|BBS10|GPRIN3|NPR2|HCN4|KCNK3|GJA5|GNA15|GRIK2|YWHAH|SCN3A|SCN4A|SCN8A|RAPGEF4|SCN9A|FMR1|JUP|KCNA1|KCND2|KCND3|KCNE4|TRPM4|AKAP9|ANK2|ANK3|NTRK3|SLC4A3|CNR1|NUP155|SLC8A2|CACNA1C|P2RX2|CACNA1D|P2RX3|CACNA2D1|CACNB2|CACNB3|CALM1|PKP2|CALM2|CALM3|CAMK2D|KCNB1|KCNMB2|KCNMB4|CAV3|MTOR|PMP22|CACNA1G|CLN3|SLCO1B2|GNA11|SOD1|DLG1|DMD|DPP6|TACR1|GPR88|MECP2|TRPC4|GNAQ|ABCC8|FGF12|FGF13|FKBP1B|FLNA|KCNA5|KCNF1|CAV1|CNTNAP1|CNTNAP2|PAWR|CXADR|GPR35|CD36|GRIA1|CACNA1I|FOXP1|CLDN19|KCNC1|KCNC2|DCDC2A|KCNE1|KCNK2|KCNE2|KCNE3|USP53|KCNA2|KCNG4|GNA14|KCNA3|KCNH2|TBX18|KCNA6|KCNIP1|KCNA7|KCNIP2|KCNB2|KCNC3|KCNC4|KCNG2|KCNJ11|NDP|BIN1|KCNJ2|KCNJ5|KCNK4|KCNJ8|NTRK2|ATP1A2|KCNN2|KCNQ1|KCNS3|KCNS1|KCNV1|KCNV2|CACNB4|MYH14,https://www.gsea-msigdb.org/gsea/msigdb/mouse/geneset/GOBP_ACTION_POTENTIAL,159,ENR,GOBP_ACTION_POTENTIAL,2.2565,0,GOBP_ACTION_POTENTIAL,FALSE,GOBP_ACTION_POTENTIAL
,1.73754891026957,1.73754891026957,1.73754891026957,0.98170000000000002,0.1893,9.5500000000000002E-2,1,P2RX7|ATG9B|ABCA12|ANO3|ANO4|ANO9|ATP9A|ABCA7|RFT1|TMEM30B|ABCA4|FASL|TMEM30A|ATP10B|PLSCR4|ATP10D|SLC4A1|ATP11B|ATP8B2|ATP11A|ATP8B4|XKR6|ABCB4|ATP8B5|XKR9|ABCC1|ATP9B|ATP8A2|CLPTM1L|SERINC3|XKR8|PLSCR1|PLSCR3|TMEM41B|TLCD1|TLCD2|TRIAP1|ATP10A|ATG9A|ATP8B1|VDAC2|SERINC5|ABCA3|ATP8A1|ABCG1|VMP1|ARV1|PRELID1|ATP11C|ABCB1A|ABCB1B|SERINC2|GBA2|KCNN4|MFSD2A|PLSCR2|ANO6|ABCA1|ABCA2|XRCC4,https://www.gsea-msigdb.org/gsea/msigdb/mouse/geneset/GOBP_REGULATION_OF_MEMBRANE_LIPID_DISTRIBUTION,60,ENR,GOBP_REGULATION_OF_MEMBRANE_LIPID_DISTRIBUTION,1.7479,1.83E-2,GOBP_REGULATION_OF_MEMBRANE_LIPID_DISTRIBUTION,FALSE,GOBP_REGULATION_OF_MEMBRANE_LIPID_DISTRIBUTION
