__mclCluster,EnrichmentMap::-log10(pvalue) (mouse_r_protein_coding_classic.GseaPreranked),EnrichmentMap::-log10(pvalue)*sign(NES) (mouse_r_protein_coding_classic.GseaPreranked),EnrichmentMap::-log10(pvalue)_max,EnrichmentMap::Colouring (mouse_r_protein_coding_classic.GseaPreranked),EnrichmentMap::ES (mouse_r_protein_coding_classic.GseaPreranked),EnrichmentMap::fdr_qvalue (mouse_r_protein_coding_classic.GseaPreranked),EnrichmentMap::fwer_qvalue (mouse_r_protein_coding_classic.GseaPreranked),EnrichmentMap::Genes,EnrichmentMap::GS_DESCR,EnrichmentMap::gs_size,EnrichmentMap::GS_Type,EnrichmentMap::Name,EnrichmentMap::NES (mouse_r_protein_coding_classic.GseaPreranked),EnrichmentMap::pvalue (mouse_r_protein_coding_classic.GseaPreranked),name,selected,shared name
20,2.0969100130080598,-2.0969100130080598,2.0969100130080598,-0.99199999999999999,-0.1552,5.7200000000000001E-2,1,CAMK2N1|NEDD4L|MANF|NR2F2|NR3C2|RHOA|ADRA1A|RARRES2|AR|ARHGAP42|EDNRB|TNF|CALCA|HSD11B2|RNLS|TAC1|CHRM3|NPPA|NPPB|ECE1|ADM2|APLN|KCNK3|F2RL1|PTPN1|GJA5|WNK1|SLC2A5|NCALD|SOD2|BMPR2|ADRA1B|ADRB1|ADRB3|ADRB2|ANPEP|CPA3|ENPEP|AGTR1A|MCPT4|MME|NKX2-1|PRCP|COMT|PREP|RASL10B|RPS6KA2|PDGFB|SLC4A5|NMU|TPM1|GSK3A|OXTR|P2RX2|KL|ADM|AGT|ADAMTS16|AHR|AVPR2|BBS4|DDAH1|SMTN|CYBA|GPR37L1|KCNK6|EMP2|NAV2|POSTN|TACR1|EDN3|MECP2|F2R|ACE|ACE2|ADORA1|TNNI3|AVP|KLK1|AVPR1A|KLK1B11|KLK1B21|KLK1B22|KLK1B27|KLK1B3|KLK1B4|KLK1B5|KLK1B9|SUCNR1|SERPINF2|ADRA1D|CORIN|CORO2B|ENG|GJA1|PTPRO|GAS6|TTR|UTS2R|PLCB3|ATP6AP2|G6PDX|KDR|CYP2J5|KCNN4|NDST2|TAC4|IER3|NOS3|EDN1|EDN2,https://www.gsea-msigdb.org/gsea/msigdb/mouse/geneset/GOBP_REGULATION_OF_SYSTEMIC_ARTERIAL_BLOOD_PRESSURE,111,ENR,GOBP_REGULATION_OF_SYSTEMIC_ARTERIAL_BLOOD_PRESSURE,-1.8907,8.0000000000000002E-3,GOBP_REGULATION_OF_SYSTEMIC_ARTERIAL_BLOOD_PRESSURE,FALSE,GOBP_REGULATION_OF_SYSTEMIC_ARTERIAL_BLOOD_PRESSURE
34,2.7212463990471698,-2.7212463990471698,2.7212463990471698,-1,-0.155,2.9999999999999997E-4,1.6E-2,PUF60|U2AF1|U2AF1L4|UBL5|UPF1|RBM10|UPF3A|UPF3B|RBM5|USP49|RBMX|WBP4|WDR83|WTAP|ZC3H14|ZCRB1|ZFP64|ZMAT2|HSPA8|SART1|SART3|SCAF11|SETX|SF3A1|SF3A2|SF3A3|SF3B1|SFSWAP|ZBTB7A|SLU7|SMN1|SNRNP200|SNRPB|SNRPC|SNRPD1|SNRPD2|SNRPD3|SNRPE|SNRPF|DHX9|SNRPG|SRPK1|SRPK2|SRPK3|SRSF1|SRSF10|SRSF12|SRSF6|TSSC4|U2AF2|USP39|USP4|FMR1|HNRNPU|METTL3|NCBP1|WDR77|NCBP2|XAB2|YTHDC1|RBM24|RBM4|ZRSR2|AKR1C6|ACIN1|AQR|ARGLU1|BC005624|BCAS2|BUD13|BUD31|CASC3|CDC40|CDC5L|CDK13|CIRBP|CTNNBL1|CWC15|CWC22|CWC25|CWF19L1|CWF19L2|DAZAP1|DBR1|DCPS|DDX23|DDX41|DDX5|DHX16|DHX38|DHX40|DHX8|DNAJC17|DYRK1A|EFTUD2|EIF1|STRAP|ESRP1|ESRP2|FBXO24|GPATCH8|GPKOW|HMX2|HNRNPA1|HNRNPA2B1|HNRNPA3|HNRNPC|HNRNPK|HNRNPL|HNRNPM|HNRNPUL1|HNRNPUL2|IK|ILF3|C1QBP|CELF1|CELF2|CELF3|JMJD6|CELF4|KHDRBS1|CELF5|KHDRBS3|CELF6|LARP7|CLNS1A|COIL|CRNKL1|LSM3|LSM5|LSM7|MAGOH|DDX17|MAGOHB|DDX20|MBNL2|METTL14|MFAP1A|MFAP1B|DDX39B|MYOD1|DDX42|NOVA1|DDX46|NOVA2|NUP98|PCBP4|PHF5A|EIF4A3|PLRG1|PPIE|PPIL1|EXOSC10|PQBP1|PRDX6|PRDX6B|PRPF38A|PRPF4|PRPF40A|PRPF40B|PTBP1|GEMIN4|GEMIN5|GEMIN6|GEMIN7|RBFOX1|GEMIN8|RBFOX3|RBM11|RBM14|RBM15|RBM15B|RBM17|RBM20|RBM22|RBM25|RBM3|RBM39|RBM41|HTATSF1|RBM42|RBM44|RBM47|RBM6|RBM7|RBM8A|ISY1|RBMX2|RBMXL1|RBPMS|RBPMS2|REST|LSM2|RNF113A1|LSM4|RNF113A2|LSM6|LUC7L|RNPC3|LUC7L2|RNPS1|LUC7L3|MBNL1|RSRC1|SAP18|METTL16|SCNM1|SF1|SF3B2|SF3B3|SF3B4|SF3B5|SFPQ|SLC39A5|NCL|SMU1|SNIP1|SNRNP25|SNRNP35|RBFOX2|SNRNP70|SNRPA|SNRPA1|NOL3|SNRPB2|SNW1|SON|SRRM1|SRRM2|SRRM4|SRSF2|SRSF3|SRSF4|NPM1|SRSF5|SRSF7|SRSF9|SYF2|TFIP11|THRAP3|THUMPD2|TIA1|TRA2A|TRA2B|PRMT5|PRMT7|PRPF18|PRPF19|PRPF3|PRPF31|PRPF39|PRPF4B|PRPF6|PRPF8|PSIP1|TXNL4A|PTBP2|TXNL4B,https://www.gsea-msigdb.org/gsea/msigdb/mouse/geneset/GOBP_RNA_SPLICING_VIA_TRANSESTERIFICATION_REACTIONS,258,ENR,GOBP_RNA_SPLICING_VIA_TRANSESTERIFICATION_REACTIONS,-2.8559999999999999,0,GOBP_RNA_SPLICING_VIA_TRANSESTERIFICATION_REACTIONS,FALSE,GOBP_RNA_SPLICING_VIA_TRANSESTERIFICATION_REACTIONS
48,1.83564714421556,-1.83564714421556,1.83564714421556,-0.98540000000000005,-9.0300000000000005E-2,6.59E-2,1,MKNK2|EEF2|OGT|MSI2|RPL10|NANOS1|UPF1|NANOS3|UPF3A|NEURL1A|UPF3B|RPL13A|NOLC1|OGFOD1|OTUD6B|ERBB2|PAIP2|PAIP2B|RPL26|PATL1|ZFP36L1|PLXNB2|POLDIP3|POLR2G|PPP1R15A|RPS27L|PPP1R15B|PRKCH|PRR16|PSTK|RPL38|PUM1|RPL5|RBMS3|RNF139|RPS6KB2|RXRA|SAMD4|SAMD4B|SARNP|SECISBP2|RPS14|SEPSECS|SERBP1|SERP1|SLC35A4|SRP9|MAPK1|SSB|TMED2|AKT2|TNRC6A|ALKBH3|TNRC6B|TNRC6C|CNBP|TOB1|CPEB1|TPR|CPEB2|CPEB3|CPEB4|TRNAU1AP|CSDE1|DHX29|UHMK1|DHX36|WTIP|DHX9|NCK2|YBX2|YTHDF1|EIF2AK4|YTHDF3|EIF2B5|ZFP36|ZFP598|ZFP706|TARBP2|INPP5E|EIF3B|RARA|EIF3D|TSC1|EIF3E|EIF3K|USP16|GZMB|SCRIB|GZMC|EIF4EBP1|IGFBP5|EIF5|ETF1|ITGA2|FMR1|HNRNPD|HNRNPU|IGF2BP1|IMPACT|LIN28A|MVK|MCTS1|METTL3|MIF4GD|NCBP1|NCBP2|NCK1|NMNAT2|PABPC1|AKAP6|PAIP1|ZCCHC4|PARP16|SOX4|PIWIL2|PKP1|RBM24|RBM4|RPLP1|XBP1|PRKCA|PURA|RPS3|RPS4X|TYMS|PRMT1|RPS9|SH3BGRL|ANG|SMYD5|BCL3|SYNCRIP|UNK|YBX1|YTHDF2|ZFP385A|ACO1|DAPK1|WT1|AKT1|PLD1|MAPKAPK5|PTAFR|CYP1B1|EIF5A|GZMN|ALKBH5|CASC3|EIF2AK3|RGS2|RPS6KB1|CIRBP|ELAVL1|CNOT6L|PML|PINK1|PTK2B|SHMT2|KRT13|SESN2|S100A9|SHMT1|DUS3L|KRT17|TNF|KLHL25|EIF1|ELAVL4|ERN1|HABP4|ABCF1|ALKBH1|ILF3|C1QBP|CDK5RAP1|KHDRBS1|FASTKD2|FASTKD3|CALR|LRPPRC|MAGOH|METTL8|MPV17L2|PUM2|METTL14|CDK4|MRPL13|TRAP1|DDX39B|DDX3X|PCBP1|PCIF1|EIF2A|EEF2K|EIF4A3|EIF5B|EIF2S1|IGF1|PTBP1|PRG3|PUS7|GEMIN5|MTOR|MAPK3|MRPS27|RBM3|PPP1CA|RBM4B|THBS1|MTG1|RBM8A|NGRN|NSUN3|NSUN4|PTCD3|ABCE1|PELO|APLP1|RMND1|RPUSD3|B3GNTL1|RPUSD4|TACO1|BTG2|TRUB2|BZW1|TCOF1|TSFM|BZW2|CAPRIN1|CAPRIN2|METTL5|XRN1|CNOT1|CNOT10|CNOT2|CNOT3|CNOT6|FOXO3|CNOT7|NAT10|CNOT8|NCL|CTIF|NGDN|CYFIP1|DAP|DAPK3|DDX25|APP|DDX6|WFS1|DNAJC1|DNAJC3|EEFSEC|EIF2AK2|EIF4E|EIF4E2|EIF6|EIF4E3|EIF4EBP2|EIF4EBP3|EIF4ENIF1|EIF4G1|EIF4G2|EP300|EIF4G3|NPM1|EIF5A2|ENC1|NSUN5|BANK1|FXR1|IL6|FXR2|GIGYF2|PA2G4|GRB7|GSPT1|EIF2AK1|GAPDH|GTDC1|FECH|GUF1|HBS1L|IREB2|IFRD2|IGF2BP2|IGF2BP3|TIA1|PRKDC|JMJD4|KBTBD8|LARP1|LARP4|LARP4B|LARP6|LIMD1|LSM14A|LSM14B|DAPL1|MKNK1,https://www.gsea-msigdb.org/gsea/msigdb/mouse/geneset/GOBP_REGULATION_OF_TRANSLATION,303,ENR,GOBP_REGULATION_OF_TRANSLATION,-1.8537999999999999,1.46E-2,GOBP_REGULATION_OF_TRANSLATION,FALSE,GOBP_REGULATION_OF_TRANSLATION
,2.2218487496163601,-2.2218487496163601,2.2218487496163601,-0.99399999999999999,-0.1414,5.5300000000000002E-2,1,MALT1|DUSP3|LGALS3|SLC39A6|RBCK1|RNF31|FCHO1|NFKBID|NFKBIZ|PRNP|PSEN1|PSEN2|PTPN6|PTPN22|PTPRC|DGKZ|STOML2|PRKD2|SH2D1A|MAPK1|RC3H1|RC3H2|LAPTM5|TNFRSF21|RFTN1|RIPK2|PTPRJ|BTNL1|BTNL6|STK11|EIF2B1|EIF2B2|IFNG|EIF2B3|EIF2B4|THY1|EIF2B5|SKAP1|SLA2|PTPN2|KHDRBS1|ADA|WNK1|ITPRIPL1|BRAF|TEC|SHB|THEMIS|SKINT1|LCK|PDE4D|ABL1|BTK|NCK1|TRAF6|TRAT1|CD160|TXK|CD226|CD247|TESPA1|VTCN1|CD28|CD3E|ZAP70|ZC3H12A|PDE4B|CACNB3|CD8A|CD8B1|RPS3|CTLA4|DENND1B|CD300A|DUSP22|NRAS|BTN1A1|BTNL10|BTNL4|BTNL9|BTRC|PLCG1|ELF1|PLCG2|ERMAP|LCP2|PHPT1|BCL2A1D|SKINT10|SKINT11|FOSL2|SKINT2|FOXP3|SKINT3|SKINT4|SKINT5|SKINT6|SKINT7|SKINT8|SKINT9|UBASH3A|UBE2N|FYN|UBR2|USP12|USP46|USP9X|CEACAM1|PAWR|CCR7|CD81|ICOSL|CD2AP|IKBKG|RELA|SPPL3|BTNL2|CARD11|CBLB|BCL10|ITK|GATA3|CD276|KCNN4|PRAM1|CLEC2I|LAT|LIME1|CACNB4|CYLD|LIPA|EZR|CRKL,https://www.gsea-msigdb.org/gsea/msigdb/mouse/geneset/GOBP_T_CELL_RECEPTOR_SIGNALING_PATHWAY,133,ENR,GOBP_T_CELL_RECEPTOR_SIGNALING_PATHWAY,-1.9086000000000001,6.0000000000000001E-3,GOBP_T_CELL_RECEPTOR_SIGNALING_PATHWAY,FALSE,GOBP_T_CELL_RECEPTOR_SIGNALING_PATHWAY
45,2.7212463990471698,-2.7212463990471698,2.7212463990471698,-1,-0.1166,4.1000000000000003E-3,0.373,P2RX7|MCOLN1|BECN1|CYP2R1|PGAM2|PRKAA1|PRKAA2|GUCA1A|BMP6|HSPA8|KCNMA1|LRRK2|UCP2|MAPK1|ABAT|ATP12A|GPHN|IMPA2|SLC11A1|KCNK3|ITPKA|ITPKB|ITPKC|LCAT|TFRC|AKR1C18|KCNA1|HNRNPD|KIT|ABCB1A|LCK|AKAP5|SLC34A1|SLC41A1|ZFP658|ANK3|ASPH|ATG5|NFATC1|BCL2|CYP1A1|TRPM2|CALM1|FUS|CALM2|CALM3|CYP27B1|CAPN3|CREB1|TSPO|RYR1|HSD17B1|RYR3|B2M|STAR|SMPD3|SOD1|DPEP1|ACO1|AKT1|ALOX15|ALOX5AP|ABCC2|ATP13A2|PLCD1|ATP7A|PLCG2|ABCC8|TNNC1|CAT|PLSCR1|CDK1|BNIP3|ATP1A3|CEBPA|CAV1|CASR|GLUD1|GPR39|GRIA1|CP|HOMER1|ENDOG|HAAO|HPCA|SLC30A5|CYP2A5|FXN|CRP|IL1A|KCNC1|KCNC2|KCNIP3|JUN|KCNJ1|KCNJ10|MTTP|MYOG|AHCYL1|FGA|LONP1|FGB|MAPT|KCNMB1|APOBEC1|MEF2A|MICU1|HAMP|HAMP2|HVCN1|MMP9|EDN1|NUDT1|NPTX1|OTC|P2RX4|SLC30A2|P2RX5|MEF2C|PKD2|FABP4|PLN|PPP2CB|PPP3CA|SLC12A2|SLC13A2|PARK7|PRNP|PPIF|PTK2B|SLC25A23|KRT10|SNCA|SLC1A1|RYR2|SCN5A|SLC30A1|SORD|TRF|ABCC9|MAPK9|TAT|STIM1|CYP1A2|HNRNPA1|STK39|NFE2L1|SLC25A24|SUMO1|TCIRG1|PAM|TLR9|SLC25A39|ACTA1|XDH|HSF1|NFATC3|TRPC1|NFATC4|SHH|TRPC3|A3GALT2|ACER1|ADAM9|ADD1|PLA2G4A|ANXA11|ANXA5|WNK1|ANXA7|ATF1|BACE1|BRAF|BSG|CALR|CAMK2B|CARF|PPARG|CASP3|CASP6|CASP9|SLC25A13|CD14|CDH1|SOD2|CDK4|CDKN1B|CHUK|VPS54|CLDN1|CLIC4|CPA1|PTGS2|CPNE1|CPNE2|CPNE3|CPNE4|CPNE5|CPNE7|CPNE8|CRHBP|CRIP1|CUTA|CYBB|CYBRD1|DAXX|ENPP1|DDX19A|DLG2|DLG4|DNMT3A|ECT2|EEF2K|EGFR|EIF2S1|ENTPD6|TNNT2|FN1|TH|FOS|FOSB|GSK3A|TTN|FOXA2|GSK3B|GABRB3|GDI1|GGH|GIPR|GPLD1|GSS|HESX1|ID2|GATM|INHBB|IQGAP1|ITPR3|LTA4H|JUNB|JUND|KHK|KCNB1|KCNH1|KCNMB2|ASS1|KCNMB4|MT3|LCT|UROS|AQP2|ATF4|LGMN|LOXL2|MAP1LC3A|CACNA1G|MAPK3|MAPK8|CPS1|MDM2|MNAT1|MT1|MT2|MT4|MTF1|NCAM1|NCSTN|GCLC|NEK7|NFATC2|NFE2L2|NLGN1|PPP1CA|NPC1|ERCC1|HTT|NQO1|NRXN1|THBS1|FAS|OGG1|MECP2|PCDH15|PCNA|PCSK1|PDCD6|PDE1C|PDX1|PEF1|FGG|PENK|PPP5C|RASA4|AQP1|RASAL1|RASGRP2|S100A16|SDC1|SEC31A|SERPINA1A|SLC25A12|SERPINA1B|SERPINA1C|SERPINA1D|SERPINA1E|MAOB|SERPINF1|SETD2|MYLK|SLC30A10|SLC30A3|SLC30A4|SLC30A8|SMPD1|SOD3|SOX2|SUCNR1|SYT1|SLC39A8|SYT3|HFE|TFAP2A|TFR2|TNFRSF11B|TRPV6|ALDOB|TUBA1A|TXNIP|APP|WNT5A|ABCC6|ADCY1|GSN|EP300|FBP1|ADCY7|ABCB6|ALAD|FECH|HMOX1|D2HGDH|GPI1|IREB2|ATP1A2|HIF1A|SLC11A2|HMGCS2|LIG4,https://www.gsea-msigdb.org/gsea/msigdb/mouse/geneset/GOBP_RESPONSE_TO_METAL_ION,347,ENR,GOBP_RESPONSE_TO_METAL_ION,-2.4645000000000001,0,GOBP_RESPONSE_TO_METAL_ION,FALSE,GOBP_RESPONSE_TO_METAL_ION
12,2.3872161432802601,-2.3872161432802601,2.3872161432802601,-0.99590000000000001,-0.2828,2.2599999999999999E-2,0.98699999999999999,CES1F|CASR|CES1B|HTR2C|ACACB|CES1C|GPR39|P2RX7|CES1E|SLC9A4|CES1G|CLDN2|SLC26A6|GHRL|GABBR1|GRIK1|AGXT|HRH2|CCKAR|PTGER3|HIP1R|UMOD|STARD10|SV2A|SCT|ABCB4|SNX10|TFF2|MYC|TRPC4|TNF|NF1|ABAT|KCNQ1|PAK1|ABCB11|APBA1|CACNB4|BEST1|NMU|CACNA1A|CES1D,https://www.gsea-msigdb.org/gsea/msigdb/mouse/geneset/GOBP_ACID_SECRETION,42,ENR,GOBP_ACID_SECRETION,-2.15,4.1000000000000003E-3,GOBP_ACID_SECRETION,FALSE,GOBP_ACID_SECRETION
2,1.6903698325740999,-1.6903698325740999,1.6903698325740999,-0.97960000000000003,-0.1157,5.9700000000000003E-2,1,LY9|NCOR1|MALT1|RPL22|NCKAP1L|NDFIP1|PTCRA|GLI3|NFKBID|NFKBIZ|NLRP3|OTUD5|TBK1|TNFSF8|HSPH1|PAX1|IHH|PRDM1|STAT3|IL15|PRKCQ|PRKCZ|IL21|IL2RA|PRR7|IL2RG|ITCH|RC3H1|RC3H2|RELB|GPR18|RIPK2|MAPK8IP1|RORC|RSAD2|SASH3|SEMA4A|NKAP|SLAMF6|RARA|RASAL3|SMAD7|ADA|SOCS5|SPN|ITPKB|RUNX1|STAT4|RUNX3|STAT6|IGTP|TARM1|OPA1|TBX21|SH3RF1|SHB|NKG7|TMEM98|SYK|TNFRSF14|ABL1|TNFSF18|SOCS1|TNFSF4|ARG2|TXK|TYK2|TCF7|TGFBR2|RORA|ZAP70|ZBTB7B|BCL2|TOX|ZC3H12A|DOCK2|TWSG1|ELF4|TGFB1|PTGER4|SATB1|ZFP35|BCL3|KCTD9|PIK3R1|AP3B1|ABCC1|ATF2|ATP7A|CTSL|ENTPD7|ANXA1|ADORA2A|CCL19|CCL20|CCR2|CCR7|CD55|CD81|MYC|GATA3|GIMAP3|GIMAP5|GPR183|H2-T23|PLA2G2D|BAG6|CLEC4A3|CLEC4A4|CLEC4F|PSAP|PSMB11|WDFY4|BCL11B|PF4|PNP|RHOA|PTPN22|PTPRC|GIMAP1|STOML2|KLHL25|MYB|NKX2-3|XCL1|TCIRG1|IFNG|IL4|SHH|BRAF|ARMC5|AGER|ASCL2|BATF|BCL6|BRD2|BRD4|BTLA|CCR6|CD160|CD1D1|CD1D2|CD24A|CD274|SLC4A2|CD28|CD3E|CD44|CD69|HMGB1|CD80|INS1|INS2|CLEC4A2|CLEC4G|CRTAM|MTOR|MEN1|CD300A|EOMES|FOSL2|FOXP3|FUT7|GADD45G|CEBPB|H2-M3|HFE|HLX|IL12A|FOXP1|IL12B|IL18|ABL2|IL18R1|IL2|IL23A|ANKLE1|AP3D1|EP300|IL27|IL4RA|BLM|IL6|IL6RA|IRGM1|CARD11|IRF1|CBFB|IRF4|CBLB|ITK|JAK2|JAK3|CD83|LEF1|LGALS1|DAPL1|LGALS9|LOXL3,https://www.gsea-msigdb.org/gsea/msigdb/mouse/geneset/GOBP_ALPHA_BETA_T_CELL_ACTIVATION,199,ENR,GOBP_ALPHA_BETA_T_CELL_ACTIVATION,-1.8787,2.0400000000000001E-2,GOBP_ALPHA_BETA_T_CELL_ACTIVATION,FALSE,GOBP_ALPHA_BETA_T_CELL_ACTIVATION
30,2.3872161432802601,-2.3872161432802601,2.3872161432802601,-0.99590000000000001,-0.21360000000000001,2.8E-3,0.26200000000000001,PPP1R11|KRT6A|P2RX7|LTA|LTF|RNASE1|RNASE10|MBL1|RNASE12|MBL2|MPEG1|MR1|MMP7|SEH1L|NOD2|EPHA2|NPY|PGLYRP1|PGLYRP3|PGLYRP4|STAB2|NLRP3|PLA2G1B|TBK1|TIRAP|TLR2|RARRES2|TNFAIP8|TNFSF8|REG3B|ZG16|REG3G|RNASE4|RNASE6|ROMO1|TNF|PYCARD|TAC1|RIPK2|NCF1|IFNG|GBP2|GBP3|GBP7|LYZ1|LYZ2|MYD88|ADAM17|FAU|NLRP6|TNFRSF14|SCD1|CARD9|DROSHA|RPL39|ADM|ANG|B2M|ABCC1|PLD1|ACP5|CAMP|C5AR1|CASP4|CHGA|DEFB11|DEFB19|DEFB2|CD36|DEFB4|DEFB40|DEFB42|HAVCR2|EAR1|EAR2|EAR6|APP|FGR|GBP10|GBP4|GBP6|IL18|GBP8|GBP9|CTSG|GSDMD|HCK|IL27RA|HMGB2|DEFB1|DEFB37|DMBT1|IL7R|LALBA|LBP|LYG1|MPO|MYO1F|H2-T23|HAMP|KLRK1|HAMP2|NOD1|IL1B|PGLYRP2,https://www.gsea-msigdb.org/gsea/msigdb/mouse/geneset/GOBP_DEFENSE_RESPONSE_TO_GRAM_POSITIVE_BACTERIUM,105,ENR,GOBP_DEFENSE_RESPONSE_TO_GRAM_POSITIVE_BACTERIUM,-2.5232000000000001,4.1000000000000003E-3,GOBP_DEFENSE_RESPONSE_TO_GRAM_POSITIVE_BACTERIUM,FALSE,GOBP_DEFENSE_RESPONSE_TO_GRAM_POSITIVE_BACTERIUM
6,1.59859945921846,-1.59859945921846,1.59859945921846,-0.9748,-0.25659999999999999,9.6100000000000005E-2,1,WDR1|CACNA1D|NPPA|CACNA2D1|GJA5|CAV3|GJA1|KCNE1|KCNE2|KCNE3|DLG1|KCNH2|KCND3|KCNE4|RNF207|ZMPSTE24|SCN1B|KCNH6|SCN2B|NOS1AP|SCN4B|KCNJ2|SCN5A|KCNJ5|KCNJ8|KCNN2|AKAP9|FLNA|KCNQ1|ANK2|SNTA1|KCNA5,https://www.gsea-msigdb.org/gsea/msigdb/mouse/geneset/GOBP_CARDIAC_MUSCLE_CELL_MEMBRANE_REPOLARIZATION,32,ENR,GOBP_CARDIAC_MUSCLE_CELL_MEMBRANE_REPOLARIZATION,-1.7519,2.52E-2,GOBP_CARDIAC_MUSCLE_CELL_MEMBRANE_REPOLARIZATION,FALSE,GOBP_CARDIAC_MUSCLE_CELL_MEMBRANE_REPOLARIZATION
16,2.7212463990471698,-2.7212463990471698,2.7212463990471698,-1,-0.13200000000000001,1.35E-2,0.88,RBM10|PPARA|ADRA1A|ASB2|ATP2A2|CACNA1S|TRIM63|UCHL1|FDPS|MYH6|CHRNB1|COL14A1|COMP|CTDP1|PBRM1|GATA4|NKX2-5|HEY2|HNRNPU|ACTN2|MAP2K4|AFG3L2|MEIS1|MET|AKAP6|ANK2|VEGFA|ATG5|MYOCD|BCL2|BMP4|P2RX2|PARP2|PDLIM5|PI16|PIN1|WNT10B|CAMK2D|CAPN3|CASQ1|CASQ2|CAV3|RYR1|ADM|AGT|SGCD|SORBS2|DMD|ACTN3|DYSF|EDNRA|ATG7|TBX3|ANKRD23|CDK1|COL6A1|TRIP10|CAV2|PRKG1|YY1|CNTNAP1|ZFP418|ACTN1|CNTNAP2|ACTN4|ALPK2|CTCF|ALPK3|CXADR|BIN3|BMPR1A|CACNA2D2|DCAF8|DNER|EFEMP2|FBXO22|FHL2|KDM1A|HOMER1|LRRC10|MAML1|MEGF10|MYF5|MYO18B|MYOF|ITGB1|NAGLU|PITX2|POPDC2|RAMP2|RCAN1|SGCB|SHOX2|SIX1|SKI|SMAD6|SMO|SMYD3|MFN2|SPEG|SYPL2|TBX18|TBX5|TMEM182|TMTC3|WFIKKN1|WFIKKN2|XK|ZMPSTE24|MYOG|LMNA|NR3C1|MEF2A|PAK1|HAMP|HAMP2|KEL|EDN1|RGS2|MEF2C|NOTCH1|PPP3CA|PPP3CB|PRKD1|GPX1|RGS4|HDAC5|HDAC9|DYRK1A|SLC8A1|TOMM70A|STAC3|ACTA1|SLC25A4|ACTC1|ACTG1|ADPRHL1|NFATC3|AKAP13|NFATC4|CFL2|CFLAR|CSRP1|CSRP2|CSRP3|FHOD3|FLII|FLNC|HDAC2|KRT19|PLEC|KRT8|LDB3|LMOD1|LMOD2|LMOD3|MYBPC1|MYBPC2|MYBPC3|MYBPH|MYH10|MYH11|MYL2|MYL9|DDX39B|MYLK3|MYOD1|MYOM1|MYOM2|MYOM3|MYOZ1|ADRA1B|MYOZ2|ADRB1|MYPN|NEB|NEBL|NEURL2|NRAP|PDGFRA|DICER1|PDGFRB|SIRT1|PGM5|PRKAR1A|PROX1|SIX4|SMAD4|SRF|TCAP|TMOD1|TMOD2|TMOD3|TMOD4|TNNT1|TNNT2|TNNT3|TPM1|GSK3A|TTN|GSK3B|WDR1|XIRP1|IGF1|PTCD2|MTOR|PMP22|NFATC2|HES1|ISL1|SDC1|SPG11|FOXP1|ENG|LOX|EP300|PRICKLE1|G6PDX|BIN1|HDAC4|CACNB4,https://www.gsea-msigdb.org/gsea/msigdb/mouse/geneset/GOBP_MUSCLE_CELL_DEVELOPMENT,221,ENR,GOBP_MUSCLE_CELL_DEVELOPMENT,-2.2551000000000001,0,GOBP_MUSCLE_CELL_DEVELOPMENT,FALSE,GOBP_MUSCLE_CELL_DEVELOPMENT
4,2.7212463990471698,-2.7212463990471698,2.7212463990471698,-1,-0.1056,2.46E-2,0.98899999999999999,LY9|MAD2L2|MALT1|RAG2|ABR|MLH1|ADORA3|ENPP3|MSH6|NBN|NCKAP1L|NDFIP1|NFKBID|NFKBIZ|CD177|NLRP3|PSEN1|H2-DMB2|OTUD5|TBK1|PARP3|TLR4|PAXIP1|PMS2|STAT3|PRKCZ|IL21|PYCARD|RAB27A|ITGAL|RC3H1|RC3H2|SCNN1B|GBF1|RELB|LGALS8|RIF1|RIPK2|RNF168|MDK|RNF8|RORC|SEMA4A|EIF2AK4|ITGB2|ITGB2L|SH2D1B1|NPPA|NPPC|SLAMF1|SLAMF6|RAC2|SLC11A1|CLEC7A|RARA|SLC15A4|TSC1|F2RL1|RASGRP1|SLFN2|FGL2|SMAD7|ADA|SOCS5|SPN|STAT4|STAT6|STX11|SWAP70|AICDA|OPA1|PIKFYVE|TBX21|MYD88|SHB|TFRC|NKG7|TMEM98|TNFAIP3|SYK|KIT|RABGEF1|TNFSF13|ABL1|TNFSF18|TNFSF4|TRP53BP1|PCYT1A|UNC13D|UNG|TICAM1|RORA|XRCC4|PI4K2A|ZBTB7B|ZC3H12A|DOCK2|TYROBP|SPHK2|TGFB1|XBP1|TREM2|PTGER4|RPS6|ZFP35|CD19|BCL3|CORO1A|KCTD9|PIK3R1|DYSF|ATP7A|PLCG2|PLD2|ENTPD7|ANXA1|CCL19|CCL20|PTAFR|CCL3|CD74|CEACAM1|CCR2|CCR7|CD46|GRP|BCR|CD81|IL13|AP1G1|MSH2|YWHAZ|DNASE1|DNASE1L3|EXO1|ITGAM|CBL|CPLX2|D6WSU163E|FES|GATA3|GAB2|GATA1|GATA2|GPR183|LAMP1|PRAM1|PTGDR|RAB44|SNAP23|STXBP2|SNX4|STX4A|TAC4|VAMP8|LYN|SLC18A2|MS4A2|LGALS3|PCK1|PDPK1|NOTCH2|PF4|PGLYRP1|PGLYRP3|PGLYRP4|PRKCE|CD180|PSEN2|PTK2B|PTPN6|PTPRC|DLL1|DOCK10|DOCK11|TNF|ITFG2|ITM2A|LFNG|MFNG|MYB|NKX2-3|PHF14|PLCL2|POU2AF1|ST3GAL1|IFNG|IL4|NR4A3|PLA2G3|VAMP2|6030468B19RIK|PTGDS|APLF|TREX1|ASCL2|ATAD5|BATF|BCL6|BRD2|BRD4|BTK|CCR6|CD160|ENPP1|CD28|CD40|CD40LG|CD69|EXOSC3|HMGB1|EXOSC6|CD84|LRP1|CDH17|CLEC4D|MTOR|APBB1IP|IFI35|ITGB6|ITGB8|CX3CR1|LCP1|MEN1|NMI|PLXNA1|CD300A|SBNO2|SEMA6D|EOMES|STXBP1|ERCC1|FCER1A|FCER1G|FCGR4|ANXA3|FOXP3|GADD45G|GAPT|CHGA|CLEC4E|H2-DMB1|H2-M3|TRP53|SUCNR1|HAVCR2|HLX|HSPD1|ICAM1|ICOSL|APP|FGR|FOXP1|IL12B|IL13RA2|IL18|IL18R1|GRN|IL2|IL23A|EP300|IL27|IL27RA|IL33|ADORA2B|IL4RA|IL10|IL6|IL6RA|IRF8|IRF1|IRF4|LBP|HMOX1|JAK3|MYO1F|CLNK|LAT|LAT2|LEF1|LGALS1|LGALS9|LIG4|PGLYRP2|DDRGK1|LOXL3,https://www.gsea-msigdb.org/gsea/msigdb/mouse/geneset/GOBP_CELL_ACTIVATION_INVOLVED_IN_IMMUNE_RESPONSE,286,ENR,GOBP_CELL_ACTIVATION_INVOLVED_IN_IMMUNE_RESPONSE,-2.1316000000000002,0,GOBP_CELL_ACTIVATION_INVOLVED_IN_IMMUNE_RESPONSE,FALSE,GOBP_CELL_ACTIVATION_INVOLVED_IN_IMMUNE_RESPONSE
34,2.7212463990471698,-2.7212463990471698,2.7212463990471698,-1,-0.12609999999999999,2.0000000000000001E-4,1.4E-2,HSPA8|RPS26|AKT2|DHX9|FMR1|HNRNPU|METTL3|NCBP1|NCBP2|PABPC1|RBM24|RBM4|ATXN7|ATXN7L3|CCNL1|CCNL2|RPS13|CDK11B|CLK1|CLK2|CLK3|CLK4|ENY2|FUS|HNRNPH2|HNRNPH3|ILDR1|ILDR2|KAT2A|PDCD7|PRMT1|PRX|RBM12|RP9|SLC38A2|SUPT7L|TADA1|TADA3|SYNCRIP|TAF10|TAF12|TAF15|YBX1|TAF5L|TAF6L|PIK3R1|TRPT1|TRRAP|UMOD|USP22|WT1|ZBTB8OS|ZC3H10|ACIN1|AFF2|AKAP17B|ALYREF|ALYREF2|AQR|ARGLU1|ARL6IP4|ARMC7|ARVCF|BC005624|BCAS2|BRDT|BUD13|BUD31|CASC3|CD2BP2|CDC40|CDC5L|CDK12|CDK13|LGALS3|CIR1|CIRBP|CLASRP|CRIPT|CTNNBL1|CWC15|CWC22|CWC25|CWF19L1|CWF19L2|DAZAP1|DBR1|DCPS|DDX1|DDX23|DDX41|DDX5|DHX15|DHX16|DHX38|DHX40|DHX8|DNAJC17|DYRK1A|ECD|EFTUD2|EIF1|ELAVL4|ERN1|ESRP1|ESRP2|FAM50A|FBXO24|GPATCH8|GPKOW|GRSF1|HABP4|HMX2|HNRNPA1|HNRNPA2B1|HNRNPA3|HNRNPC|HNRNPF|HNRNPH1|HNRNPK|HNRNPL|HNRNPM|HNRNPUL1|HNRNPUL2|IK|ILF3|CELF1|IVNS1ABP|CELF2|IWS1|CELF3|JMJD6|CELF4|KHDRBS1|CELF5|KHDRBS3|CELF6|KHSRP|LARP7|CLNS1A|CLP1|LSM1|COIL|LSM10|CRNKL1|LSM3|LSM5|LSM7|MAGOH|DDX17|MAGOHB|DDX20|MBNL2|MBNL3|METTL14|MFAP1A|MFAP1B|DDX39B|MYOD1|NONO|DDX42|NOVA1|DDX46|NOVA2|DDX47|NUP98|PCBP4|PHF5A|EIF4A3|PLRG1|PNN|PPIE|PPIH|PPIL1|PPIL2|PPIL3|PPP1R8|EXOSC10|PPP4R2|PPWD1|PQBP1|PRDX6|PRDX6B|PRKRIP1|PRPF38A|PRPF38B|PRPF4|PRPF40A|PRPF40B|PTBP1|FRG1|PUS1|PUS7|GEMIN4|GEMIN5|RALY|GEMIN6|GEMIN7|RBFOX1|GEMIN8|RBFOX3|RBM11|RBM14|RBM15|RBM15B|RBM17|RBM20|RBM22|RBM25|RBM28|RBM3|RBM38|RBM39|RBM41|HTATSF1|RBM42|RBM44|RBM47|RBM4B|RBM6|RBM7|RBM8A|ISY1|RBMX2|RBMXL1|RBPMS|RBPMS2|REST|LSM2|RNF113A1|LSM4|RNF113A2|LSM6|LUC7L|RNPC3|LUC7L2|RNPS1|LUC7L3|MBNL1|RSRC1|SAP18|METTL16|SCAF1|SCNM1|SF1|SF3B2|SF3B3|SF3B4|SF3B5|SFPQ|SLC39A5|NCL|SMNDC1|SMU1|SNIP1|SNRNP25|SNRNP27|SNRNP35|SNRNP40|SNRNP48|SNRNP70|SNRPA|SNRPA1|NOL3|SNRPB2|SNW1|SON|SREK1|SREK1IP1|SRRM1|SRRM2|SRRM4|SRSF2|SRSF3|SRSF4|NPM1|SRSF5|SRSF7|SRSF9|SUGP1|SUGP2|SYF2|TARDBP|TCERG1|TFIP11|THOC1|THOC2|THOC3|THOC5|THOC6|THOC7|THRAP3|THUMPD2|TIA1|TRA2A|TRA2B|PRMT5|PRMT7|PRPF18|PRPF19|PRPF3|TSEN15|PRPF31|TSEN2|PRPF39|TSEN34|KAT2B|PRPF4B|TSEN54|PRPF6|TTF2|PRPF8|PSIP1|TXNL4A|PTBP2|TXNL4B|PUF60|U2AF1|U2AF1L4|UBL5|UPF1|RBM10|UPF3A|UPF3B|RBM5|USP49|RBMX|WBP4|WDR83|WTAP|ZC3H13|ZC3H14|ZCCHC8|ZCRB1|ZFP326|ZFP64|ZFP830|ZMAT2|ZMAT5|ZRANB2|RRP1B|SART1|SART3|SCAF11|SETX|SF3A1|SF3A2|SF3A3|SF3B1|SFSWAP|ZBTB7A|SLU7|SMN1|SNRNP200|SNRPB|SNRPC|SNRPD1|SNRPD2|SNRPD3|SNRPE|SNRPF|SNRPG|SRPK1|SRPK2|SRPK3|SRSF1|SRSF10|SRSF12|SRSF6|TAF9|TSSC4|U2AF2|USP39|USP4|WBP11|WDR77|XAB2|AHNAK|YTHDC1|ZRSR2|AKR1C6|STRAP|TMBIM6|C1QBP|RPUSD4|FASTK|METTL4|POLR2A|RBFOX2,https://www.gsea-msigdb.org/gsea/msigdb/mouse/geneset/GOBP_RNA_SPLICING,389,ENR,GOBP_RNA_SPLICING,-2.8641000000000001,0,GOBP_RNA_SPLICING,FALSE,GOBP_RNA_SPLICING
4,2.7212463990471698,-2.7212463990471698,2.7212463990471698,-0.99809999999999999,-0.1804,4.99E-2,1,MAD2L2|EXOSC3|RAG2|EXOSC6|MLH1|CDH17|TGFB1|MSH6|XBP1|NBN|NOTCH2|NDFIP1|CD19|NFKBIZ|CD180|BCL3|PTK2B|PARP3|PTPRC|TLR4|DLL1|PAXIP1|DOCK10|DOCK11|PMS2|ERCC1|IL21|PLCG2|ITFG2|ITM2A|LFNG|MFNG|FOXP3|LGALS8|NKX2-3|RIF1|GAPT|PHF14|PLCL2|RNF168|POU2AF1|RNF8|ST3GAL1|IFNG|IL4|HSPD1|ICOSL|SLC15A4|ADA|STAT6|SWAP70|IL2|AICDA|TBX21|6030468B19RIK|TFRC|IL27RA|TNFAIP3|APLF|MSH2|IL10|IL6|ATAD5|EXO1|IRF8|BATF|TNFSF13|ABL1|BCL6|TNFSF4|TRP53BP1|CCR6|GPR183|ENPP1|PCYT1A|UNG|CD28|XRCC4|LGALS1|CD40|LIG4|CD40LG|DDRGK1,https://www.gsea-msigdb.org/gsea/msigdb/mouse/geneset/GOBP_B_CELL_ACTIVATION_INVOLVED_IN_IMMUNE_RESPONSE,83,ENR,GOBP_B_CELL_ACTIVATION_INVOLVED_IN_IMMUNE_RESPONSE,-1.94,1.9E-3,GOBP_B_CELL_ACTIVATION_INVOLVED_IN_IMMUNE_RESPONSE,FALSE,GOBP_B_CELL_ACTIVATION_INVOLVED_IN_IMMUNE_RESPONSE
19,2.7212463990471698,-2.7212463990471698,2.7212463990471698,-1,-0.1047,2.3199999999999998E-2,0.98799999999999999,CTNS|GSTA2|GSTA3|PGK1|GSTA4|GSTM5|GSTO2|GSTT1|SULT1A1|COASY|DCAKD|CHST2|CHST4|DIP2A|EXT1|FAR1|AADAT|MTHFD1|MTHFD2L|ACOT10|FITM2|FAR2|MCEE|ACAA2|HEXB|HMGCS1|ACADSB|ACOT4|ACOT7|ACOT8|ACSL5|AGXT|AHCY|PAPSS1|MMAA|PAPSS2|MVD|MVK|PANK1|PANK3|PANK4|STAT5A|BCKDK|PDHX|BLMH|ACACA|CBS|ACLY|CDO1|ACNAT1|CES1D|ACNAT2|ACOT1|ACOT11|ACOT12|ACOT2|ACOT3|ACOT5|ACOT6|CSAD|ACOT9|SULT2B1|VNN1|ACSL1|ACSL3|ACSL4|ACSL6|ACSM1|ACSM2|ACSM3|ACSM5|ACSS1|ACSS2|STAT5B|SOD1|ABCD1|DPEP1|SULF1|DPEP2|SULF2|ABCC1|ABCC2|EHHADH|CTSL|PMVK|PPCDC|PPCS|GCDH|ARL6IP5|BAAT|CACNA1A|GLO1|CS|GSTO1|SLC19A2|CSL|SLC19A3|SLC25A16|GSTZ1|SLC25A19|SLC25A42|DLAT|DLD|DLST|HAGH|NAGLU|THTPA|IDH1|HSD17B4|UGDH|VDAC1|KYNU|MGST1|NDP|AHCYL1|MAT1A|MCCC2|NDST2|MLYCD|MTRR|DGAT2|NUDT19|EIF2AK3|ELOVL1|NUDT7|ELOVL3|NUDT8|ELOVL4|ELOVL5|ELOVL6|ELOVL7|MMACHC|PIPOX|OGDH|PANK2|FASN|FMO1|PDHA1|PDHB|GGT5|GPAM|GPX1|GSTA1|GSTM1|GSTM2|GSTM3|GSTM4|GSTM6|GSTM7|GSTP1|SNCA|GSTP2|SLC1A1|SLC1A2|SUCLA2|HNF4A|SUCLG1|SUCLG2|HPGDS|LIAS|LIPC|SP1|AAAS|AHCYL2|ALPI|SULT1B1|AMD1|SULT1E1|ARSB|SULT2A1|ARSG|SULT2A2|B3GALT6|SULT2A3|B3GAT1|SULT2A5|B3GAT2|SULT2A6|B3GAT3|SULT2A7|B4GALNT3|B4GALNT4|BTD|CHAC1|TDO2|CHAC2|CHPF|CHPF2|NFE2L1|CHST1|CHST11|CHST12|CHST13|OXSM|CHST3|CHST5|PDK1|CHST7|PDK2|CHST8|PDK3|CHST9|PDK4|CHSY1|CHSY3|CRYAB|CSGALNACT1|CSGALNACT2|CYTL1|DSE|DSEL|ETHE1|EXT2|EXTL1|GAL3ST2|GALNS|GALNT3|GGT6|GGT7|GHR|GLCE|GNS|SLC35B2|GPC1|SLC35B3|GSR|GSTK1|GSTT2|SLC35D1|SOD2|GSTT3|SLC35D2|GUSB|HGSNAT|HLCS|HMGN5|HNMT|HPSE|HS2ST1|HS3ST1|HS3ST3A1|HS3ST3B1|HS3ST5|HS3ST6|HS6ST1|HS6ST2|HYAL1|COMT|IDS|IDUA|ENPP1|MAT2B|MICAL1|SLC27A3|MICAL2|NAT8|NDST1|NDST3|HMGCR|NDST4|OPLAH|PAX8|PDZD11|GNMT|PTER|SGSH|SLC5A6|SULT1C2|THEM5|SULT1D1|SULT5A1|SUOX|TPK1|TM9SF2|IGF1|TPST1|TPST2|GSS|TXNRD3|ADI1|VANGL2|FMO3|XYLT1|XYLT2|APIP|MGST2|BHMT|BHMT2|CPS1|CTH|ENOPH1|GAMT|SULT4A1|GCLC|GCLM|CTNNB1|NFE2L2|GGT1|GLYAT|ICMT|MPST|MRI1|MTAP|MTHFR|MTR|NOX4|PCMT1|PEMT|METTL16|PHGDH|TCF7L2|AASS|ACACB|ACAT1|SLC7A11|CROT|DGAT1|MAT2A|G6PDX|LPO|EXTL3|HMGCL|HMGCS2,https://www.gsea-msigdb.org/gsea/msigdb/mouse/geneset/GOBP_SULFUR_COMPOUND_METABOLIC_PROCESS,323,ENR,GOBP_SULFUR_COMPOUND_METABOLIC_PROCESS,-2.1438000000000001,0,GOBP_SULFUR_COMPOUND_METABOLIC_PROCESS,FALSE,GOBP_SULFUR_COMPOUND_METABOLIC_PROCESS
46,2.7212463990471698,-2.7212463990471698,2.7212463990471698,-1,-0.30280000000000001,5.8999999999999999E-3,0.50800000000000001,KLK1B9|KLKB1|PLAT|PLAU|PRSS12|S100A10|SERPINF2|PLAUR|PGK1|SERPINE1|CTSH|ENO1|C1RA|HP|SERPINE2|C1RB|OMA1|C1RL|GGT1|THBS1|ANXA2|APOH|FGA|CLEC3B|FGB|CPB2|CTSL|CTSZ|FGG|CUZD1|DHCR24|F11|F12|F9|FURIN|HGFAC|HPN|KLK1|KLK1B11|KLK1B21|KLK1B22|MMP14|KLK1B27|KLK1B3|KLK1B4|KLK1B5,https://www.gsea-msigdb.org/gsea/msigdb/mouse/geneset/GOBP_ZYMOGEN_ACTIVATION,46,ENR,GOBP_ZYMOGEN_ACTIVATION,-2.4089,0,GOBP_ZYMOGEN_ACTIVATION,FALSE,GOBP_ZYMOGEN_ACTIVATION
,2.6989700043360201,-2.6989700043360201,2.6989700043360201,-0.998,-0.36770000000000003,4.9700000000000001E-2,1,KRT1|EVPL|KRT10|DSP|THBS1|KRT2|SPRR1A|ANXA1|ABCA7|TGM1|COL3A1|TGM3|F13A1|STFA1|STFA2|STFA2L1|IVL|STFA3|FN1|TGM2,https://www.gsea-msigdb.org/gsea/msigdb/mouse/geneset/GOBP_PEPTIDE_CROSS_LINKING,20,ENR,GOBP_PEPTIDE_CROSS_LINKING,-1.9399,2E-3,GOBP_PEPTIDE_CROSS_LINKING,FALSE,GOBP_PEPTIDE_CROSS_LINKING
5,2.3979400086720402,-2.3979400086720402,2.3979400086720402,-0.996,-0.13700000000000001,3.7499999999999999E-2,1,NGF|P2RX7|P2RX1|P2RX4|P2RX5|PDPK1|PKD2|PLN|PML|PPP3CA|PPP3CB|PPP3CC|PPP3R1|PRKCE|PRKD1|PRNP|PSEN2|PTGER3|PTK2B|PTPN6|PTPN22|RAPGEF3|REM1|GSTM7|RGS9|SNCA|RYR2|UCP2|SESTD1|SLC8A1|SLC9A1|SLN|SPG7|BAX|SRI|STAC|STAC2|STAC3|STIM1|STIM2|MYO5A|XCL1|SUMO1|TGFB2|NPPA|THY1|TLR9|TMBIM6|TMEM38A|TRDN|TRPC1|TRPC3|TSPAN13|UBASH3B|UBQLN1|UBR3|CHD7|VMP1|PLP1|YWHAE|FMR1|PDE4D|ABL1|ADRB1|ADRB2|AFG3L2|AGTR1A|AHNAK|AKAP5|P2RY6|AKAP6|ANK2|APLNR|ASPH|ATG5|ATP2A1|BAK1|BCL2|BDKRB1|BMP4|CACNA1C|CACNA1D|CACNA1F|CACNA2D1|CACNB1|CACNB2|CACNB3|CACNG1|CALM1|TGFB1|CALM2|CALM3|CAMK2D|CAPN3|CASQ1|CASQ2|CAV3|CD19|CD4|CLEC4B1|DBI|AHR|CORO1A|CXCR3|CYBA|PIK3CG|DHRS7C|DMD|DRD4|DYSF|HTT|AKT1|EDNRA|EHD3|F2R|F2RL3|PLCG1|FBXO11|PLCG2|FCRL5|FGF14|FKBP1A|FKBP1B|FYN|CAV1|GJC2|GNB5|GPR35|GPR39|GRIN1|GRM6|GSTO1|HAP1|HPCA|HRC|HSPA2|IL13|NOL3|ITGB3|JPH2|JPH3|JSRP1|CX3CL1|CXCL10|TMEM38B|CXCL11|CXCL9|VDAC1|G6PDX|F2|BIN1|GIMAP3|ATP1A2|GIMAP5|ATP1B1|KCNN4|LIME1|CACNB4|LYN|ADCYAP1R1|MS4A1|MS4A2,https://www.gsea-msigdb.org/gsea/msigdb/mouse/geneset/GOBP_REGULATION_OF_CALCIUM_ION_TRANSMEMBRANE_TRANSPORT,162,ENR,GOBP_REGULATION_OF_CALCIUM_ION_TRANSMEMBRANE_TRANSPORT,-2.0223,4.0000000000000001E-3,GOBP_REGULATION_OF_CALCIUM_ION_TRANSMEMBRANE_TRANSPORT,FALSE,GOBP_REGULATION_OF_CALCIUM_ION_TRANSMEMBRANE_TRANSPORT
25,2.1079053973095201,-2.1079053973095201,2.1079053973095201,-0.99219999999999997,-0.38729999999999998,0.05,1,IL33|PDE4D|IL1RAP|PRKCZ|RARA|GATA3|CRLF2|FOXP3|IL17RA|TNFRSF21|IL17RB|SCGB1A1|TSLP|IL5RA|NLRP3|IL1RL1|LEF1,https://www.gsea-msigdb.org/gsea/msigdb/mouse/geneset/GOBP_INTERLEUKIN_5_PRODUCTION,17,ENR,GOBP_INTERLEUKIN_5_PRODUCTION,-1.9402999999999999,7.7999999999999996E-3,GOBP_INTERLEUKIN_5_PRODUCTION,FALSE,GOBP_INTERLEUKIN_5_PRODUCTION
28,1.85387196432176,-1.85387196432176,1.85387196432176,-0.98599999999999999,-0.25650000000000001,4.7E-2,1,LDLR|APOA2|GPLD1|DDHD2|PLIN5|APOB|PNLIP|GPIHBP1|PNLIPRP1|CPS1|PNLIPRP2|PNPLA1|PNPLA3|ABHD12|ABHD12B|DGKD|ABHD16A|PIK3CG|SORL1|FGF21|APOC3|LIPE|APOH|PLB1|AADAC|LIPC|PNPLA2|FAAH|LIPG|ABHD6|APOA4|APOA5|LPL|APOC2|LYPLA2|DAGLA|DAGLB|ABHD2|ABHD5|MGLL|CES1D,https://www.gsea-msigdb.org/gsea/msigdb/mouse/geneset/GOBP_NEUTRAL_LIPID_CATABOLIC_PROCESS,41,ENR,GOBP_NEUTRAL_LIPID_CATABOLIC_PROCESS,-1.9545999999999999,1.4E-2,GOBP_NEUTRAL_LIPID_CATABOLIC_PROCESS,FALSE,GOBP_NEUTRAL_LIPID_CATABOLIC_PROCESS
35,1.8507808873446201,-1.8507808873446201,1.8507808873446201,-0.9859,-0.17249999999999999,7.9299999999999995E-2,1,KRT1|KRT6A|PKP2|PPL|AGFG1|AGFG2|BFSP1|SOD1|BFSP2|DES|DNAJB6|EPPK1|INA|KLHL24|SYNM|KRT10|KRT12|RAF1|KRT13|ATF2|KRT14|ATP8A2|KRT15|KRT16|KRT17|KRT2|KRT20|KRT23|KRT24|KRT25|KRT27|KRT31|KRT32|KRT33A|KRT33B|KRT34|KRT35|KRT36|KRT4|KRT42|KRT5|KRT6B|KRT7|KRT75|KRT76|KRT77|KRT78|KRT79|KRT80|KRT81|KRT84|KRT85|DSP|KRT86|CLN8|NEFH|NEFL|ATXN3|NEFM|CSNK1A1|PRPH|DST|SHH|FAM83H|TCHH|KRT18|VIM|MACF1|NDEL1|NES|SYNC|TOR1A|GFAP|KRT19|PLEC|VPS54|EVPL|PKP1|MTM1,https://www.gsea-msigdb.org/gsea/msigdb/mouse/geneset/GOBP_INTERMEDIATE_FILAMENT_BASED_PROCESS,79,ENR,GOBP_INTERMEDIATE_FILAMENT_BASED_PROCESS,-1.8058000000000001,1.41E-2,GOBP_INTERMEDIATE_FILAMENT_BASED_PROCESS,FALSE,GOBP_INTERMEDIATE_FILAMENT_BASED_PROCESS
4,2.3872161432802601,-2.3872161432802601,2.3872161432802601,-0.99590000000000001,-0.2049,3.4200000000000001E-2,0.999,MAD2L2|EXOSC3|EXOSC6|CD86|MLH1|TGFB1|XBP1|PHB2|NDFIP1|PARP3|PTPRC|PAXIP1|DNAJB9|PKN1|EPHB2|PMS2|IL21|TNF|IL2RG|IL5|RBP4|FOXP3|RIF1|SASH3|XCL1|GALNT2|IFNG|IL13RA1|CD37|IL4|SIGLECG|TLR9|TMBIM6|SLC15A4|FOXP1|IL13|IL13RA2|VPREB3|ZPBP2|STAT6|IL2|TBX21|6030468B19RIK|TFRC|IL27RA|TNFAIP3|APLF|IL33|MSH2|IL4RA|TREX1|IL10|IL6|ATAD5|TNFSF13|BCL6|FCGR2B|TNFSF4|TRAF2|BTK|TRAF6|GPI1|CD22|TRP53BP1|PRKDC|H2-T23|CD27|STX4A|HPX|CD28|TNFRSF4|CD40|CD40LG,https://www.gsea-msigdb.org/gsea/msigdb/mouse/geneset/GOBP_REGULATION_OF_IMMUNOGLOBULIN_PRODUCTION,73,ENR,GOBP_REGULATION_OF_IMMUNOGLOBULIN_PRODUCTION,-2.0520999999999998,4.1000000000000003E-3,GOBP_REGULATION_OF_IMMUNOGLOBULIN_PRODUCTION,FALSE,GOBP_REGULATION_OF_IMMUNOGLOBULIN_PRODUCTION
32,2.3872161432802601,-2.3872161432802601,2.3872161432802601,-0.99590000000000001,-0.34129999999999999,4.0099999999999997E-2,1,PCK1|ALDOA|PGAM1|PGK1|SLC25A10|ENO1|MDH1|MDH2|BMP2|BMP5|BMP6|PCX|CACNA1H|CLCN2|DAB2|DKK3|GAPDH|TKT|TPI1|KDM3A|GPD1|REST|WNT4|PNPO|PDXK,https://www.gsea-msigdb.org/gsea/msigdb/mouse/geneset/GOBP_ALDEHYDE_BIOSYNTHETIC_PROCESS,25,ENR,GOBP_ALDEHYDE_BIOSYNTHETIC_PROCESS,-1.9946999999999999,4.1000000000000003E-3,GOBP_ALDEHYDE_BIOSYNTHETIC_PROCESS,FALSE,GOBP_ALDEHYDE_BIOSYNTHETIC_PROCESS
6,2.23657200643706,-2.23657200643706,2.23657200643706,-0.99419999999999997,-0.1487,4.2299999999999997E-2,1,RGS2|RBM10|RPS6KB1|CDK9|BECN1|NDUFS4|P2RX4|MEF2C|NOTCH1|PPARA|PPP3CA|ADRA1A|AIF1|AKAP1|BMP2|RGS4|AR|SMAD3|ASB2|ATP2A2|CACNA1S|TRIM63|SCN5A|CAMTA2|FDPS|SLC9A1|MYH6|MYH7|TOMM70A|CMYA5|CTDP1|DAG1|NPPA|NPPB|ACTA1|ECE1|SLC25A4|EZH2|FBXO32|NFATC3|FOXO1|TRPC3|GATA4|NR4A3|CFLAR|GATA5|GLRX3|GTF2IRD1|GTF2IRD2|HAND2|HEY2|IGFBP5|INPP5F|PPARG|JARID2|PARP1|DDX39B|KDM4A|MYOD1|KLF15|ADCY10|KLF4|TNFRSF1B|MYOZ1|LMCD1|MYOZ2|PDE5A|ADRB1|PDE9A|MSTN|MTMR4|SIRT1|AKAP6|ATP2B4|MTPN|SMAD4|TCAP|MYOC|TNNT1|NFATC1|GSK3A|GSK3B|TNFRSF1A|BMP4|IGF1|ERRFI1|PARP2|GATM|PI16|PIN1|PRKCA|CAMK2D|CASQ1|PTK2|CAV3|MTOR|ROCK1|ROCK2|AGT|SGCA|SMAD1|CYBA|SRL|STUB1|DMD|ACTN3|TBCE|TEAD1|TNNC1|PRKAG3|TNNI1|TRIP10|TWF1|YY1|ZFP418|ACACB|FOXO3|FOXP1|NOL3|GSN|EP300|ADK|G6PDX|MYOG|LMNA|GATA6|NR3C1|HDAC4|MEF2A|KCNN4|PAK1|HAMP|HAMP2|NOS3|EDN1,https://www.gsea-msigdb.org/gsea/msigdb/mouse/geneset/GOBP_MUSCLE_ADAPTATION,135,ENR,GOBP_MUSCLE_ADAPTATION,-1.9832000000000001,5.7999999999999996E-3,GOBP_MUSCLE_ADAPTATION,FALSE,GOBP_MUSCLE_ADAPTATION
47,2.7212463990471698,-2.7212463990471698,2.7212463990471698,-1,-0.30430000000000001,0,0,SHMT2|AARS2|ALKBH1|AURKAIP1|C1QBP|CDK5RAP1|CHCHD1|DAP3|DARS2|EARS2|FASTKD2|FASTKD3|GADD45GIP1|GATC|GFM1|GFM2|IARS2|LARS2|LRPPRC|METTL8|MPV17L2|MRPL1|MRPL10|MRPL11|MRPL12|MRPL13|MRPL14|MRPL15|MRPL16|MRPL17|MRPL18|MRPL19|MRPL2|MRPL20|MRPL21|MRPL22|MRPL23|MRPL24|MRPL27|MRPL28|MRPL3|MRPL30|MRPL32|MRPL33|MRPL34|MRPL35|MRPL36|MRPL37|MRPL38|MRPL39|MRPL4|MRPL40|MRPL41|MRPL42|MRPL43|MRPL44|MRPL45|MRPL46|MRPL47|MRPL48|MRPL49|MRPL50|MRPL51|MRPL52|MRPL53|MRPL54|MRPL55|MRPL9|MRPS10|MRPS11|MRPS12|MRPS14|MRPS15|MRPS16|MRPS17|MRPS18A|MRPS18B|MRPS18C|MRPS2|MRPS21|MRPS22|MRPS23|MRPS24|MRPS25|MRPS26|MRPS27|MRPS28|MRPS30|MRPS31|MRPS33|MRPS34|MRPS35|MRPS5|MRPS6|MRPS7|MRPS9|MTG1|MTIF2|MTIF3|MTRF1|MTRF1L|NGRN|NSUN3|NSUN4|PTCD1|PTCD3|QRSL1|RARS2|RMND1|RPUSD3|RPUSD4|SARS2|TACO1|TRUB2|TSFM|TUFM|WARS2|YARS2,https://www.gsea-msigdb.org/gsea/msigdb/mouse/geneset/GOBP_MITOCHONDRIAL_TRANSLATION,118,ENR,GOBP_MITOCHONDRIAL_TRANSLATION,-3.9055,0,GOBP_MITOCHONDRIAL_TRANSLATION,FALSE,GOBP_MITOCHONDRIAL_TRANSLATION
5,1.9355420107730801,-1.9355420107730801,1.9355420107730801,-0.98839999999999995,-0.1202,5.9900000000000002E-2,1,NEDD4|NEDD4L|P2RX7|TMCO3|TMEM175|MCOLN1|NR3C2|OXSR1|PKD2|SLC12A2|SLC9A9|PRNP|PTGER3|SLC17A7|RGS4|RGS7|RNF207|KCNH6|KCNMA1|SLC9A1|SLC9A6|ABCC9|ATP12A|ATP1A1|STK39|SUMO1|NPPA|TMEM38A|HCN2|HCN3|HCN4|KCNK3|MCOLN3|VAMP2|NALCN|WNK1|WNK2|WNK4|WWP2|YWHAE|KCNA1|KCND2|KCND3|KCNE4|SLC12A1|SLC12A3|ACTN2|SLC24A1|SLC24A2|AGRN|SLC24A3|SLC24A5|AKAP6|AKAP7|AKAP9|AMIGO1|ANK2|ANK3|ANO6|ATP1B2|ATP1B3|ATP4A|SLC1A3|SLC9A2|SLC9A3|CACNA1D|SLC9A4|SLC9A5|SLC9A7|SLC9A8|TRPM5|KCNB1|KCNH1|KCNMB2|CASQ2|KCNMB4|CAV3|CD63|CRBN|KCNK6|DLG1|DPP10|DPP6|EDN3|FHL1|AQP1|FLNA|FXYD2|FXYD4|HPN|KCNA5|KCNF1|ATP1A3|GAL|CAV1|GALR2|GNB2|P2RY12|GRP|ABCB8|CCDC51|ITGB1|KCNAB1|KCNAB2|TMEM38B|KCNAB3|GHITM|KCNC1|KCNC2|KCNK1|KCNE1|KCNK2|KCNE2|KCNE3|KCNA2|KCNG4|KCNA3|KCNH2|KCNA6|KCNIP1|KCNA7|KCNIP2|KCNB2|KCNIP3|KCNC3|KCNIP4|KCNC4|KCNJ1|KCNG2|KCNJ10|KCNH3|KCNJ11|LETM1|KCNH4|KCNJ12|KCNH8|KCNJ13|KCNJ15|KCNK10|KCNJ16|KCNK12|SLC12A5|BIN1|KCNJ2|KCNK13|KCNJ5|KCNK16|KCNJ6|KCNK4|KCNJ8|KCNK7|KCNMB1|KCNN1|ATP1A2|KCNN2|KCNN3|ATP1B1|KCNN4|KCNQ5|KCNQ1|KCNS3|KCNRG|KCNT1|KCNS1|KCNT2|KCNU1|KEL|KCNV1|KCNV2|LRRC26|SNAP25|LRRC52|KCNK5|LRRC55|SLC12A4|SLC12A6|SLC12A7|SLC12A8,https://www.gsea-msigdb.org/gsea/msigdb/mouse/geneset/GOBP_POTASSIUM_ION_TRANSMEMBRANE_TRANSPORT,178,ENR,GOBP_POTASSIUM_ION_TRANSMEMBRANE_TRANSPORT,-1.8789,1.1599999999999999E-2,GOBP_POTASSIUM_ION_TRANSMEMBRANE_TRANSPORT,FALSE,GOBP_POTASSIUM_ION_TRANSMEMBRANE_TRANSPORT
2,1.7851561519523,-1.7851561519523,1.7851561519523,-0.98360000000000003,-0.21809999999999999,9.0800000000000006E-2,1,BCL2|IL4|PELI1|TLR9|VAV3|PRLR|CD81|MEF2C|WNT3A|IRS2|ADA|NCKAP1L|IL13|IL2|TIRAP|BMI1|PTPRC|TLR4|TFRC|SLC39A10|NFATC2|EPHB2|TNFRSF13C|ATAD5|BST1|TNFSF13|BCL6|CARD11|TNFSF13B|IL21|BTK|IL5|IL7|CD320|CD38|GPR183|TCF3|CDKN1A|CHRNB2|TICAM1|TNFRSF4|MIF|CD40|SASH3|CD40LG|CD74,https://www.gsea-msigdb.org/gsea/msigdb/mouse/geneset/GOBP_POSITIVE_REGULATION_OF_B_CELL_PROLIFERATION,46,ENR,GOBP_POSITIVE_REGULATION_OF_B_CELL_PROLIFERATION,-1.768,1.6400000000000001E-2,GOBP_POSITIVE_REGULATION_OF_B_CELL_PROLIFERATION,FALSE,GOBP_POSITIVE_REGULATION_OF_B_CELL_PROLIFERATION
7,2.7212463990471698,-2.7212463990471698,2.7212463990471698,-1,-0.2671,2.0000000000000001E-4,1.0999999999999999E-2,KNG2|PI4KA|LGALS3|LTF|RPS19|MBL1|MBL2|NTS|PGLYRP1|PGLYRP3|PGLYRP4|DAO|PPBP|POMC|ROMO1|C8A|C8B|SPAG11B|C8G|C9|CAMP|CCL1|TAC1|CCL11|SCNN1B|CCL17|CCL19|CCL20|CCL22|CCL25|NCF1|CCL27A|CCL28|CCL8|IFNG|NPPB|BCL2L11|CLEC7A|CXCL1|F2RL1|FGL2|GBP2|GBP3|GBP5|GBP7|GM12250|GZMA|CTSG|GZMB|GZMC|CXCL10|IGTP|CXCL11|IRGM2|CSNK2B|CXCL12|LYZ1|CXCL13|LYZ2|USP7|CXCL14|MYD88|NINJ1|CXCL5|NKG7|CXCL9|NLRP6|PCYOX1L|PRF1|SYK|ELANE|TREM1|TREM3|TUSC2|F2|FCER2A|GAPDH|ARG1|BAD|HAMP|HAMP2|HC|HMGN2|HRG|NOS2|RPL30|KNG1,https://www.gsea-msigdb.org/gsea/msigdb/mouse/geneset/GOBP_DISRUPTION_OF_ANATOMICAL_STRUCTURE_IN_ANOTHER_ORGANISM,87,ENR,GOBP_DISRUPTION_OF_ANATOMICAL_STRUCTURE_IN_ANOTHER_ORGANISM,-2.8921000000000001,0,GOBP_DISRUPTION_OF_ANATOMICAL_STRUCTURE_IN_ANOTHER_ORGANISM,FALSE,GOBP_DISRUPTION_OF_ANATOMICAL_STRUCTURE_IN_ANOTHER_ORGANISM
7,2.10237290870956,-2.10237290870956,2.10237290870956,-0.99209999999999998,-0.3,1.7399999999999999E-2,0.95,WDR1|LYST|ITGB2|ITGB2L|JAGN1|ABR|BCR|CXCL1|F2RL1|CD177|STX11|CTSG|DAO|PIKFYVE|MYD88|CXCL5|NLRP6|PCYOX1L|POMC|SYK|ELANE|TREM1|DNASE1|TREM3|DNASE1L3|TUSC2|F2|ITGAM|CD300LB|ARG1|ACE|CARD9|ANXA3|MYO1F|SCNN1B|PRAM1|NCF1|PTAFR|IRAK4,https://www.gsea-msigdb.org/gsea/msigdb/mouse/geneset/GOBP_NEUTROPHIL_MEDIATED_IMMUNITY,39,ENR,GOBP_NEUTROPHIL_MEDIATED_IMMUNITY,-2.2088999999999999,7.9000000000000008E-3,GOBP_NEUTROPHIL_MEDIATED_IMMUNITY,FALSE,GOBP_NEUTROPHIL_MEDIATED_IMMUNITY
2,2.2146701649892302,-2.2146701649892302,2.2146701649892302,-0.99390000000000001,-8.8800000000000004E-2,7.9100000000000004E-2,1,DHPS|LYST|DOCK8|MAD2L2|MALT1|EFNB1|EFNB2|EFNB3|EGR3|EPHB4|MLH1|FCHO1|FGF10|FLOT2|NCKAP1L|FLT3L|PRKAA1|GLI3|NFKBID|NFKBIZ|NLRP3|H2-AA|H2-AB1|H2-DMB2|H2-EB1|TIRAP|H2-EB2|H2-OA|TLR4|H2-OB|PAXIP1|AIF1|HPS1|PDCD1LG2|HSPH1|ICOS|PMS2|SLC4A1|IGFBP2|IHH|IL15|SART1|IL15RA|PRKCQ|IL1RL2|PRKCZ|IL21|IL2RA|IL2RG|IL5|PYCARD|IL7|ITGAL|RAG1|KAT5|CD38|KITL|LGALS8|RIF1|RIPK2|CHRNB2|MDK|MMP14|MPL|NCK2|SASH3|NKAP|NR5A2|PBRM1|PCID2|PELI1|PHF10|PIK3R6|SLAMF1|PRLR|CLEC7A|RARA|RASAL3|RASGRP1|ADA|SOCS5|RHOH|SPN|ITPKB|RUNX1|RUNX3|STAT6|OPA1|SH3KBP1|TBX21|MYD88|SHB|TFRC|SIRPA|SKINT1|SLC39A10|SMARCA2|SMARCA4|SYK|SMARCB1|TNFRSF13C|SMARCC1|TNFRSF14|SMARCC2|SMARCD1|LCK|SMARCD2|TNFSF13|ABL1|SMARCD3|TNFSF13B|SMARCE1|SOCS1|TNFSF4|NCK1|TRAF6|SOX12|SOX13|TRP53BP1|SOX4|BAD|STAT5A|TYK2|TCF3|ULBP1|TESPA1|TGFBR2|TICAM1|VTCN1|TNFRSF4|YWHAG|TNFSF14|ZAP70|TNFSF9|ZBTB1|TNIP2|ZBTB7B|BCL2|TOX|TYROBP|VAV1|VAV3|VCAM1|VNN1|WNT10B|TGFB1|WNT3A|XBP1|XRCC6|RPS3|ZFP335|CD4|ZFP609|ZMIZ1|B2M|CORO1A|BMI1|STAT5B|AP3B1|TACR1|ANXA1|CCL19|CCL2|CAV1|CCL5|CD74|CCR2|CCR7|CD46|CD47|CD55|CD59A|CD59B|DNAJA3|CD81|IL13|IL1A|MSH2|IL4I1|GATA3|GIMAP3|GIMAP5|GPR183|H2-DMA|H2-T23|IL1B|PCK1|MEF2C|NOD2|PPP3CA|PNP|GPAM|PPP2R3C|RHOA|PTPN22|PTPRC|KLHL25|TAC1|MIF|XCL1|IFNG|IL4|THY1|TLR9|SHH|AGER|AKIRIN2|ATAD5|BCL6|BRD2|BRD4|BTK|CD160|CD1D1|CD1D2|CD24A|CD27|CD274|CD28|CD3E|CD40|CD40LG|EXOSC3|HMGB1|IGF1|IGF2|CD80|EXOSC6|IL6ST|CD86|SLC7A1|IRS2|DPP4|DUSP10|HSP90AA1|NFATC2|EPHB2|EPHB6|FADD|TNFSF11|FBXO38|HES1|FOXP3|CD209D|H2-DMB1|H2-M3|FOXO3|HAVCR2|HLX|HSPD1|ICOSL|IL12A|IL12B|IL12RB1|IL18|ABL2|ACTB|ACTL6A|ACTL6B|ADAM8|GAS6|IL2|AMBRA1|IL23A|AP3D1|EP300|ARID1A|ARID2|ATP11C|ADK|AXL|IL4RA|BLM|IL10|IL6|BLOC1S3|BRD7|IL7R|BST1|IRGM1|BTNL2|INPP5D|CARD11|IRF1|CBFB|BCL10|CCDC88B|CD209C|JAK2|CD209E|JAK3|CD276|CD320|CD5|KLHL22|PRKDC|CD6|CD83|CDKN1A|CSF1R|LEF1|CYLD|LGALS1|LGALS9|DDRGK1,https://www.gsea-msigdb.org/gsea/msigdb/mouse/geneset/GOBP_POSITIVE_REGULATION_OF_LYMPHOCYTE_ACTIVATION,305,ENR,GOBP_POSITIVE_REGULATION_OF_LYMPHOCYTE_ACTIVATION,-1.8073999999999999,6.1000000000000004E-3,GOBP_POSITIVE_REGULATION_OF_LYMPHOCYTE_ACTIVATION,FALSE,GOBP_POSITIVE_REGULATION_OF_LYMPHOCYTE_ACTIVATION
16,2.7212463990471698,-2.7212463990471698,2.7212463990471698,-1,-0.29699999999999999,2.5999999999999999E-3,0.23400000000000001,WDR1|XIRP1|MEF2C|CAPN3|CASQ1|CASQ2|CAV3|PRKD1|ANKRD23|MYH6|ACTG1|AKAP13|CFL2|CSRP1|CSRP2|CSRP3|FHOD3|FLII|ITGB1|FLNC|HDAC2|KRT19|PLEC|KRT8|LDB3|LMOD2|MYBPC1|MYBPC2|EP300|MYBPC3|MFN2|MYBPH|MYLK3|MYOM1|MYOM2|MYOM3|MYOZ1|MYOZ2|ACTN2|MYPN|NEB|NEURL2|PRKAR1A|PROX1|SIX4|SRF|TCAP|TNNT1|TNNT2|TNNT3|EDN1|TPM1|TTN,https://www.gsea-msigdb.org/gsea/msigdb/mouse/geneset/GOBP_SARCOMERE_ORGANIZATION,53,ENR,GOBP_SARCOMERE_ORGANIZATION,-2.5371000000000001,0,GOBP_SARCOMERE_ORGANIZATION,FALSE,GOBP_SARCOMERE_ORGANIZATION
20,2.0861861476162802,-2.0861861476162802,2.0861861476162802,-0.99180000000000001,-0.11990000000000001,5.4899999999999997E-2,1,AOC3|PPARA|ACTA2|ADRA1A|ADRA2B|AR|ARHGAP42|EDNRB|CALCA|HSD11B2|EXT1|F11R|SCNN1B|ABAT|CHRM3|MYH6|NAMPT|NCF2|ATP1A1|NPPA|NPPB|ECE1|NPR1|GUCA2B|KCNK3|F2RL1|GJA5|GRIP2|ADH5|ADIPOQ|SCNN1A|SCNN1G|BMPR2|ADRB2|AGTR1A|MKKS|PDGFB|NMU|NPY1R|BDKRB1|CNR1|OXTR|CACNA1C|P2RX2|ADM|ACVRL1|AGT|ADAMTS16|AHR|AVPR2|AGTRAP|ARHGEF12|BBS4|DDAH1|COL1A2|SMTN|GNA11|SOD1|CYBA|GPR37L1|KCNK6|PIK3R1|NAV2|NISCH|UMOD|POSTN|RNPEP|SCPEP1|TACR1|SNX5|TACR3|EDN3|EDNRA|F2R|TBXA2R|ACE|ACE2|ADORA1|TNNI3|AVP|KLK1|AVPR1A|KLK1B11|KLK1B21|PTAFR|KLK1B22|KLK1B27|KLK1B3|KLK1B4|KLK1B5|KLK1B9|SERPINF2|ADRA1D|CORIN|CORO2B|NPR3|GJA1|PTPRO|RAMP2|GNA13|TTR|UTS2R|ATP6AP2|KDR|CYP2J5|KCNJ8|LRP5|OXT|KCNN4|NDST2|KCNQ1|TAC4|NOS2|NOS3|EDN1|EDN2|CAMK2N1|NEDD4L|LNPEP|MANF|NR2F2|NR3C2|QRFP|TAC2|P2RX1|EPHX2|P2RX4|NPY|RHOA|DLL1|RARRES2|SMAD3|TNF|NPFF|RNLS|TAC1|ABCC9|STK39|FFAR3|ADM2|APLN|GCH1|PTPN1|EXT2|WNK1|SLC2A5|WNK4|NCALD|PPARG|SOD2|PTGS1|PTGS2|ADRA1B|ADRB1|ADRB3|ANPEP|CPA3|ENPEP|MCPT4|C3AR1|MME|NKX2-1|PRCP|COMT|PREP|RASL10B|RPS6KA2|SLC4A5|GNAS|TPM1|GSK3A|ID2|KL|ATP2B1|PGF|EMP2|CRHR2|POMC|GLP1R|MECP2|GNAQ|SUCNR1|EMILIN1|EMILIN2|ENG|GNA12|GAS6|PLCB3|G6PDX|HMOX1|ATP1A2|VEGFC|IER3,https://www.gsea-msigdb.org/gsea/msigdb/mouse/geneset/GOBP_REGULATION_OF_BLOOD_PRESSURE,193,ENR,GOBP_REGULATION_OF_BLOOD_PRESSURE,-1.9107000000000001,8.2000000000000007E-3,GOBP_REGULATION_OF_BLOOD_PRESSURE,FALSE,GOBP_REGULATION_OF_BLOOD_PRESSURE
1,2.7212463990471698,-2.7212463990471698,2.7212463990471698,-1,-0.2616,1E-4,6.0000000000000001E-3,NDUFB7|CTPS2|NDUFB8|NDUFB9|NDUFC1|NDUFC2|NDUFS1|NDUFS2|NDUFS3|NDUFS4|SPHK2|DTYMK|NDUFS5|NDUFS6|TBPL1|NDUFS7|TGFB1|NDUFS8|ENTPD1|NDUFV1|TMSB4X|NDUFV2|TREM2|NDUFV3|FAM3A|PPARA|TYMS|UCK1|UCK2|PNP|SDHA|SDHB|SDHC|SDHD|HNF1A|STAT3|STOML2|AK4|IMPDH1|IMPDH2|LETMD1|MAP2K1|VCP|SLC25A12|NME1|NME2|NME3|NME4|NME5|NME6|NME7|IL4|ALDOA|DNAJC30|NUDT2|ENO1|SLC25A13|PARP1|ADK|AK1|AK3|ADCY10|LDHC|MYC|LDHD|NDUFA1|NDUFA10|NDUFA11|NDUFA12|NDUFA13|PID1|NDUFA2|NDUFA3|NDUFA5|NDUFA6|ATP6V1A|NDUFA7|NDUFA8|NDUFA9|BCL2L1|NDUFAB1|NDUFB10|CAD|NDUFB11|NDUFB2|LIPA|NDUFB3|CMPK2|NDUFB4|NDUFB5|COX11|NDUFB6,https://www.gsea-msigdb.org/gsea/msigdb/mouse/geneset/GOBP_NUCLEOSIDE_TRIPHOSPHATE_BIOSYNTHETIC_PROCESS,92,ENR,GOBP_NUCLEOSIDE_TRIPHOSPHATE_BIOSYNTHETIC_PROCESS,-2.9672000000000001,0,GOBP_NUCLEOSIDE_TRIPHOSPHATE_BIOSYNTHETIC_PROCESS,FALSE,GOBP_NUCLEOSIDE_TRIPHOSPHATE_BIOSYNTHETIC_PROCESS
3,2.7212463990471698,-2.7212463990471698,2.7212463990471698,-1,-0.1673,1E-4,6.0000000000000001E-3,DPYS|GART|UCP2|AADAT|MTHFD1|AASDHPPT|MTHFD2L|ABAT|NADSYN1|AARSD1|ACCS|ACCSL|ACY1|CARNS1|CARS2|DALRD3|DDC|DIO1|FARS2|ACAD8|FARSA|FARSB|HARS2|LRRC47|ACADSB|MARS2|NARS2|ACMSD|PARS2|SLC16A2|TARS2|VARS2|AFMID|AGXT|AGXT2|AHCY|ALDH1A1|ALDH4A1|ALDH5A1|ALDH6A1|ALDH8A1|AMDHD1|ARG1|ARG2|NMNAT2|PFAS|ASRGL1|ATP2B4|AUH|BCAT1|BCAT2|BCKDHA|BCKDHB|BCKDK|AASDH|BLMH|CBS|CDO1|SLC1A3|CSAD|DAO|DBT|DDAH1|DDO|DPEP1|DPYD|ATP7A|FAH|FTCD|GAD1|GAD2|GCAT|GCDH|GCSH|BAAT|GLDC|GLS|GLS2|GLUD1|GOT1|GOT2|GPT|GPT2|GSTZ1|HAAO|DLD|DLST|FH1|HAL|HAO1|HDC|HGD|HIBADH|HIBCH|HOGA1|HPD|HSD17B10|IDO1|IDO2|CYP2D22|IL4I1|HPDL|ILVBL|IVD|TPH1|KMO|KYNU|NDP|MAT1A|MCCC1|MCCC2|MTRR|NOS2|NOS3|OAT|OAZ1|OTC|PAH|PIPOX|PARK7|PPAT|GGT5|PPM1K|PRODH|PRODH2|QDPR|QPRT|SARDH|SHMT2|SCLY|SDS|SDSL|HNF4A|SHMT1|SLC25A44|TAT|TDH|TDO2|ETFA|THA1|ETFB|THNSL2|UPB1|UROC1|AARS2|DARS2|EARS2|GATC|PM20D1|IARS2|LARS2|ADHFE1|COMT|SIRT4|GNMT|TH|ADI1|AGMAT|INS1|ALDH18A1|INS2|APC|APIP|ASL|ASNS|ASNSD1|ASPA|ASPG|ASS1|ATCAY|ATF4|AZIN1|BHMT|GLUL|BHMT2|CLN3|CPS1|CRTAP|CTH|DCT|EGLN2|ENOPH1|FPGS|GAMT|GCLC|GCLM|GFPT2|GGT1|GLYAT|HTT|ICMT|IYD|MECP2|MPST|MRI1|MTAP|MTHFR|MTR|NAGS|NAT8L|NIT2|NOX4|NR1H4|QRSL1|ODC1|RARS2|P4HA1|P4HA2|P4HB|PCBD1|SARS2|SLC25A12|PCBD2|PCMT1|PEMT|PHGDH|PLOD2|WARS2|PLOD3|YARS2|PRDX4|PSAT1|PSPH|PYCR1|AASS|PYCR2|SEPHS1|ACAT1|SEPHS2|SLC25A2|SLC38A1|SLC39A8|SLC7A11|SLC7A7|SPR|SRR|THAP4|TTC36|TXNRD1|HMGCL|HMGCLL1|CAD,https://www.gsea-msigdb.org/gsea/msigdb/mouse/geneset/GOBP_AMINO_ACID_METABOLIC_PROCESS,242,ENR,GOBP_AMINO_ACID_METABOLIC_PROCESS,-2.9748000000000001,0,GOBP_AMINO_ACID_METABOLIC_PROCESS,FALSE,GOBP_AMINO_ACID_METABOLIC_PROCESS
16,2.4089353929735,-2.4089353929735,2.4089353929735,-0.99609999999999999,-0.16020000000000001,3.8899999999999997E-2,1,RGS2|RBM10|ACVR1B|NOTCH1|PDCD4|SPRY1|PPARA|TGFBR3|ADRA1A|RGS4|ASB2|DYRK1A|FDPS|SLC8A1|MYH6|TOMM70A|COL14A1|CTDP1|PBRM1|SLC25A4|ACTC1|ADPRHL1|AKAP13|GATA4|CSRP3|FHOD3|HDAC2|PLEC|NKX2-5|HEY2|MYH10|MYH11|MYL2|HNRNPU|DDX39B|MYLK3|ADRA1B|ACTN2|ADRB1|MAP2K4|NEB|MEIS1|NEBL|MET|NRAP|PDGFRA|DICER1|PDGFRB|SIRT1|AKAP6|PROX1|SMAD4|SRF|TCAP|VEGFA|ATG5|MYOCD|GSK3A|TTN|GSK3B|XIRP1|BMP4|IGF1|PARP2|PDLIM5|PI16|PIN1|CAMK2D|CAV3|MTOR|AGT|INHBA|SGCD|SORBS2|ATG7|TBX3|CDK1|ISL1|TRIP10|PRKG1|YY1|ZFP418|ALPK2|CTCF|ALPK3|CXADR|BMPR1A|FHL2|LRRC10|MAML1|FOXP1|MYO18B|NAGLU|PITX2|POPDC2|SGCB|SHOX2|SMAD6|EP300|PRICKLE1|SPEG|TBX18|TBX5|G6PDX|ZMPSTE24|LMNA|JAG1|NR3C1|MEF2A|PAK1|HAMP|HAMP2|EDN1,https://www.gsea-msigdb.org/gsea/msigdb/mouse/geneset/GOBP_CARDIAC_CELL_DEVELOPMENT,113,ENR,GOBP_CARDIAC_CELL_DEVELOPMENT,-2.0070000000000001,3.8999999999999998E-3,GOBP_CARDIAC_CELL_DEVELOPMENT,FALSE,GOBP_CARDIAC_CELL_DEVELOPMENT
21,1.6439741428068799,-1.6439741428068799,1.6439741428068799,-0.97729999999999995,-0.36470000000000002,9.2999999999999999E-2,1,UMOD|NR3C2|ATP6V0A4|EDNRB|STC1|CYP2J5|CORIN|ABCG2|ABCG3|COMT|MLLT6|ATP6V1B1|CLN3|SLC22A6|SLC5A2|EDN1,https://www.gsea-msigdb.org/gsea/msigdb/mouse/geneset/GOBP_RENAL_TUBULAR_SECRETION,16,ENR,GOBP_RENAL_TUBULAR_SECRETION,-1.7602,2.2700000000000001E-2,GOBP_RENAL_TUBULAR_SECRETION,FALSE,GOBP_RENAL_TUBULAR_SECRETION
7,2.7212463990471698,-2.7212463990471698,2.7212463990471698,-1,-0.3034,1.01E-2,0.76,LGALS4|LTF|MMP7|NOD2|APP|NPY|ADM|CTSG|PLA2G1B|PLA2G6|ANG|B2M|PPL|BPIFA1|FAU|DEFB1|DEFB37|DMBT1|ELANE|EVPL|RNASE4|RNASE6|SLPI|FGA|FGB|SPON2|CAMP|TAC1|H2-T23|TRF|WFDC10|WFDC12|WFDC13|WFDC15B|WFDC16|IVL|WFDC2|KLK5|WFDC3|KLK7|WFDC5|RPL39,https://www.gsea-msigdb.org/gsea/msigdb/mouse/geneset/GOBP_ANTIBACTERIAL_HUMORAL_RESPONSE,42,ENR,GOBP_ANTIBACTERIAL_HUMORAL_RESPONSE,-2.3073999999999999,0,GOBP_ANTIBACTERIAL_HUMORAL_RESPONSE,FALSE,GOBP_ANTIBACTERIAL_HUMORAL_RESPONSE
26,1.79860287567955,-1.79860287567955,1.79860287567955,-0.98409999999999997,-0.13150000000000001,8.0100000000000005E-2,1,SLC25A27|GPR89|VDAC3|MCOLN1|P2RX5|SLC12A2|SLC17A7|SLC17A8|SLC4A1|SLC4A4|CLCN2|SLC19A1|RIPK1|SLC1A1|SLC1A2|SLC1A4|SLC22A18|UCP2|SLC22A6|BSND|SLC12A9|VDAC2|MFSD8|SLC26A1|SLC26A11|SLC26A3|SLC26A6|MCOLN3|SLC26A9|CLNS1A|WNK4|SLC12A1|SLC12A3|CLIC4|SLC13A1|ABCB1A|ABCB1B|PCYOX1|SLC39A14|TG|P2RY6|ANO6|SLC4A10|SLC4A11|SLC4A2|SLC4A3|SLC5A5|SLC4A5|SLC4A8|SLC4A9|SLC5A6|SLC6A2|SLC1A3|SLC5A8|GABRB3|SLC6A14|SLC4A7|ANO1|ANO10|ANO2|ANO3|ANO4|ANO8|TSPO|ANO9|CLCA1|CLCA2|MTOR|CLCC1|CLCN6|CLCNKA|CFTR|CLDN17|CAR2|CLIC1|SLCO1A4|CAR7|CLIC3|CLIC5|CLIC6|GABRA2|GABRA3|GABRA4|GABRB1|GABRB2|GABRD|GABRE|GABRP|GABRR2|GLRB|OSTM1|ABCC3|SLC26A10|TTYH1|SLC26A2|TTYH2|SLC26A4|TTYH3|TMC4|ATP8B1|BEST1|BEST2|GOPC|CASR|PDZK1|PRKG2|RAB11B|AQP6|STC1|CLCN5|CLCNKB|CLDN4|KCNK1|KCNK2|KCNE2|LRRC8A|LRRC8B|LRRC8C|VDAC1|LRRC8D|LRRC8E|AHCYL1|SLC12A5|KCNN4|KCNQ1|PANX1|CLCN3|CLCN7|SLC12A4|SLC12A6|SLC12A7|SLC12A8|SLC25A14,https://www.gsea-msigdb.org/gsea/msigdb/mouse/geneset/GOBP_MONOATOMIC_ANION_TRANSPORT,133,ENR,GOBP_MONOATOMIC_ANION_TRANSPORT,-1.7995000000000001,1.5900000000000001E-2,GOBP_MONOATOMIC_ANION_TRANSPORT,FALSE,GOBP_MONOATOMIC_ANION_TRANSPORT
25,2.7212463990471698,-2.7212463990471698,2.7212463990471698,-1,-0.33600000000000002,1.52E-2,0.91300000000000003,DDIT3|PRG2|HAVCR2|ICOSL|RARA|NDFIP1|SLC7A5|SCGB1A1|NLRP3|IL20RB|IL33|SYK|PRKCQ|IL1RAP|PRKCZ|IRF4|ZFPM1|TNFSF4|FCER1G|GATA3|FOXP3|CD1D1|CD1D2|CD83|H2-T23|CEBPB|CD28|LEF1|CD3E|SASH3|CD40LG,https://www.gsea-msigdb.org/gsea/msigdb/mouse/geneset/GOBP_REGULATION_OF_INTERLEUKIN_4_PRODUCTION,31,ENR,GOBP_REGULATION_OF_INTERLEUKIN_4_PRODUCTION,-2.2364000000000002,0,GOBP_REGULATION_OF_INTERLEUKIN_4_PRODUCTION,FALSE,GOBP_REGULATION_OF_INTERLEUKIN_4_PRODUCTION
,1.77469071827414,-1.77469071827414,1.77469071827414,-0.98319999999999996,-0.30859999999999999,9.4799999999999995E-2,1,ABCB9|MFSD1|SLC25A39|ABCC1|MGST1|SLC25A40|SLC7A11|ABCC2|ABCC4|CDH17|ABCC5|SLC15A4|SLC26A6|SLC15A2|SLC15A3|SLC13A3|GJA1|CAR2|SLC22A8|SLCO1B2|SLC15A1|SLCO3A1|ABCB10,https://www.gsea-msigdb.org/gsea/msigdb/mouse/geneset/GOBP_OLIGOPEPTIDE_TRANSPORT,23,ENR,GOBP_OLIGOPEPTIDE_TRANSPORT,-1.7551000000000001,1.6799999999999999E-2,GOBP_OLIGOPEPTIDE_TRANSPORT,FALSE,GOBP_OLIGOPEPTIDE_TRANSPORT
33,1.92081875395238,-1.92081875395238,1.92081875395238,-0.98799999999999999,-0.37759999999999999,5.6800000000000003E-2,1,CRHR2|NR1H3|GPR39|SCT|ISX|TFF2|TIFAB|ABCG2|WNK1|HAMP|WNK4|HAMP2|PTGER3|NMU|ABCG5|STK39|ABCG8,https://www.gsea-msigdb.org/gsea/msigdb/mouse/geneset/GOBP_NEGATIVE_REGULATION_OF_DIGESTIVE_SYSTEM_PROCESS,17,ENR,GOBP_NEGATIVE_REGULATION_OF_DIGESTIVE_SYSTEM_PROCESS,-1.8931,1.2E-2,GOBP_NEGATIVE_REGULATION_OF_DIGESTIVE_SYSTEM_PROCESS,FALSE,GOBP_NEGATIVE_REGULATION_OF_DIGESTIVE_SYSTEM_PROCESS
22,1.6903698325740999,-1.6903698325740999,1.6903698325740999,-0.97960000000000003,-0.19059999999999999,9.06E-2,1,EXOSC10|PIF1|WNT3A|AURKB|GAR1|PML|MAPK3|GNL3L|HSP90AA1|NEK7|HSP90AB1|CTNNB1|SRC|ACD|CCT2|CCT3|PRKCQ|CCT4|CCT5|CCT6A|CCT7|CCT8|MAPK1|DCP2|FBXO4|HMBOX1|PTGES3|MAP2K7|MAP3K4|MAPK15|MAPKAPK5|PARN|PARP4|PINX1|PKIB|PNKP|POT1A|POT1B|TRP53|RAD50|RPA1|HNRNPC|TCP1|TEP1|ATM|TERF2|ATR|NAT10|TINF2|TNKS|NHP2|WRAP53|GCH1|NEK2|NOP10|HNRNPD|HNRNPU|XRCC5|TERF1|DKC1,https://www.gsea-msigdb.org/gsea/msigdb/mouse/geneset/GOBP_RNA_TEMPLATED_DNA_BIOSYNTHETIC_PROCESS,60,ENR,GOBP_RNA_TEMPLATED_DNA_BIOSYNTHETIC_PROCESS,-1.7673000000000001,2.0400000000000001E-2,GOBP_RNA_TEMPLATED_DNA_BIOSYNTHETIC_PROCESS,FALSE,GOBP_RNA_TEMPLATED_DNA_BIOSYNTHETIC_PROCESS
27,2.7212463990471698,-2.7212463990471698,2.7212463990471698,-1,-9.8400000000000001E-2,1.0200000000000001E-2,0.76200000000000001,CRYZ|CYP2AB1|LYST|CYP2C65|CYP2C67|CYP2C68|CYP2C69|BECN1|CYP2C70|CYP2R1|CYP3A11|CYP3A44|FMO5|GSTA2|GSTA3|GSTA4|GSTM5|GSTO2|GSTT1|NCKAP1L|N6AMT1|NCEH1|NR1I2|NFKBIZ|SULT1A1|FMO2|TPMT|UGT1A6B|UGT2B1|VKORC1|ADRA1A|GUK1|PMS2|HSPA8|PRKCB|CD38|RORC|HTR2B|HTR2C|NNMT|NPPC|GATA4|NUDT15|ITGA2|TFRC|PDE4A|LCK|PFAS|RORA|SLC1A3|OXTR|PDE4B|TGFB1|TSPO|TYMS|UMPS|ADM|SMAD1|SOD1|UMOD|ABCC1|ABCC2|TBXA2R|BDNF|CAT|ACE|CDK1|ADORA2A|CCL2|COL6A1|ATP1A3|CCL3|CCL4|PTPN5|YWHAZ|MAP2K6|MGST1|MYC|MYO6|GATA3|GATA6|APOBEC1|IL1B|PLIN2|SLC18A2|RPS6KB1|LTA|SLC10A1|MEF2C|MMP7|SLC10A4|RHOA|SLC19A1|SNCA|SLC1A1|SLC1A2|TNF|SLC22A12|UQCRC2|UQCRFS1|TRAF3IP2|ABCC9|CYP1A2|IFNG|CDKN2A|BRAF|CALR|CASP3|SOD2|CDK4|CDKN1B|CRHBP|COMT|CYBB|DNMT3A|EGFR|GNAS|FOS|FOSB|GABRB3|GGH|GPLD1|IGF2|LCT|SLCO1A1|MDM2|SLCO1A6|SLCO1B2|RBM22|NCAM1|HSP90AA1|NFATC2|NFE2L2|NPC1|NQO1|OGG1|PCNA|PCSK1|PDX1|REST|CASP1|TRP53|SMPD1|ACACB|TNFRSF11B|TXNIP|CROT|EP300|FBP1|FKRP|BLM|IL10|BLOC1S3|LPO|HDAC4|CDKN1A|HMGCS2|LIPA|P2RX7|SERPINE1|SLAMF8|PRKAA1|PRKAA2|ALDH3A1|RPTOR|IGFBP2|SRC|HSD11B2|UCHL1|SCNN1B|ABAT|ABCB11|ABCD3|ACAA1A|ATP1A1|ACAA1B|KCNK3|RHBDD3|SCGB1A1|ADIPOQ|SFRP1|ALDH1A1|ALDH2|ABCB1A|ABCB1B|ABL1|XRCC5|AKAP5|TCF3|AACS|TGFBR2|BLMH|ATG5|ATP4A|BAK1|SLC6A2|BCL2|SLC6A4|CPT1A|VAV3|CYP1A1|ACSL1|CYP26A1|CYP26B1|XBP1|CYP27B1|CREB1|CYP46A1|ADIPOR2|CFTR|AHR|SRD5A1|STAR|AKR1C12|AKR1C13|AKR1C20|AKR1C6|DMD|DPEP1|DPYD|TLR3|CPB2|GAD2|CNTNAP2|GPR39|GRIA1|GRIN1|GSTO1|HADH|ITGA3|CYP1B1|HADHA|CYP2A12|CYP2A22|CYP2A4|ITGB3|CYP2A5|CYP2B10|CYP2B13|CYP2B19|CYP2B9|CYP2C29|CYP2C37|KCNC1|CYP2C38|CYP2C40|CYP2C50|KCNE2|CYP2C54|CYP2C55|CYP2D10|KCNH2|CYP2D12|CYP2D22|CYP2D26|CYP2D34|CYP2D9|JUN|CYP2E1|KDR|CYP2F2|KCNJ11|CYP2G1|CYP2J11|CYP2J13|CYP2J5|CYP2J6|CYP2J9|CYP2S1|CYP2U1|KCNJ8|KCNQ1|ABCA1|LCN2|ACER2|AIM2|ANKRD1|NOS2|BMYC|CDH13|LYN|CHEK2|MMP9|CRKL|EDN1|EHMT2|FANCB|MCM7|PAX6|PPM1E|PPM1F|PPP1R12A|OTC|PPP1R14A|OXSR1|PPP1R9B|RAP1A|RAP1B|RAP2A|RB1|RECQL5|RNF149|SOX10|SUFU|PNP|PNP2|FMO1|PON3|FMO4|PRNP|GPX1|PTK2B|GSTA1|GSTM1|GSTM2|GSTM3|GSTM4|GSTM6|GSTM7|GSTP1|GSTP2|HDAC5|HNF4A|SULT1B1|NTRK1|SULT2A1|SULT2A2|SULT2A3|MAPK9|SULT2A5|SULT2A6|SULT2A7|PAM|ACTC1|WNK4|ADAM17|PTGS2|CARD9|SREBF1|TH|CD69|ERRFI1|FMO3|ASS1|UGT1A6A|CPS1|GCLC|GCLM|CTNNB1|FOSL2|NR1H4|PEMT|TOP1|MAOB|ABCG5|MYLK|ABCG8|ADD3|ARNT2|BCHE|C130074G19RIK|CAR9|FOXO3|CCND1|CCNO|CCNT1|CDH3|COL1A1|DGCR2|DNMT1|SRR|DUSP6|EI24|EMX1|EMX2|ENG|FOSL1|FZD1|FZD3|GNA12|GNPAT|LOX|LRP8|MAT2A|ADCY1|GAS6|MMP2|NKX6-1|NPAS2|PDE3A|PRICKLE1|PTCH1|PTPRM|RAD51|RAD54B|ALAD|RAD54L|RASA1|RELA|RET|ROGDI|RPP21|SERPINA7|FECH|SFRP2|SHANK2|HMBS|SLC12A5|AOX1|SLITRK5|SRP68|E2F1|SS18|SST|PPOX|TERF1|TFAP2B|TJP1|TRP53I13|TXN2|UBE2B|USP47|UGT1A1|VEGFC|XPC|XRCC1|AHRR|CAD|AIP|AOX3|AOX4|AS3MT|AGPAT2|CBR1,https://www.gsea-msigdb.org/gsea/msigdb/mouse/geneset/GOBP_RESPONSE_TO_XENOBIOTIC_STIMULUS,434,ENR,GOBP_RESPONSE_TO_XENOBIOTIC_STIMULUS,-2.3056000000000001,0,GOBP_RESPONSE_TO_XENOBIOTIC_STIMULUS,FALSE,GOBP_RESPONSE_TO_XENOBIOTIC_STIMULUS
3,2.3979400086720402,-2.3979400086720402,2.3979400086720402,-0.996,-0.47920000000000001,2.0899999999999998E-2,0.98,PSPH|SHMT2|GGT1|SEPHS1|SEPHS2|SHMT1|MTHFD1|HAO1|AGXT|AGXT2|CTH|CBS|PHGDH|THA1|PSAT1,https://www.gsea-msigdb.org/gsea/msigdb/mouse/geneset/GOBP_SERINE_FAMILY_AMINO_ACID_BIOSYNTHETIC_PROCESS,15,ENR,GOBP_SERINE_FAMILY_AMINO_ACID_BIOSYNTHETIC_PROCESS,-2.1717,4.0000000000000001E-3,GOBP_SERINE_FAMILY_AMINO_ACID_BIOSYNTHETIC_PROCESS,FALSE,GOBP_SERINE_FAMILY_AMINO_ACID_BIOSYNTHETIC_PROCESS
8,2.7212463990471698,-2.7212463990471698,2.7212463990471698,-1,-0.1018,2.7400000000000001E-2,0.997,APOA1|APOA2|DHFR|CYP2R1|FMO5|CHKA|POR|PRKAA1|PRKAA2|ALDH1A2|ALDH1A3|BMP2|BMP5|DGKQ|BMP6|ADH6A|CACNA1H|DHDDS|HNF1A|AWAT2|CLCN2|CYP11A1|DAB2|DHRS3|DHRS4|DOLK|DHRS7|DKK3|DPM1|DPM2|EDNRB|GDE1|DPM3|GDPD1|TPI1|GDPD3|KCNMA1|HSD11B2|LRAT|MAPK1|NAPEPLD|RBP4|PLB1|RDH10|PNPLA2|RDH11|FDPS|RDH1|RDH13|RDH12|SCNN1B|RDH14|SDR16C5|RDH16|WNT4|RDH5|RDH7|RDH9|RETSAT|SDR9C7|HMGCS1|ACADL|IDI1|IDI2|IMPA1|ACADVL|IMPA2|INPPL1|IP6K1|IP6K2|IP6K3|NUDT10|IPMK|NUDT11|IPPK|ISYNA1|ADH1|ITPKA|ADH4|ITPKB|ADH5|ITPKC|ADH7|LCAT|NUDT4|LPCAT3|AKR1A1|AKR1C18|AKR1D1|ALDH1A1|ALDH1A7|ALDH1B1|ALDH2|ALDH3B1|MVD|ALDH3B2|MVK|MYH9|NUS1|TNFSF4|APOE|P2RY1|P2RY6|SLC5A3|CES1D|NPY1R|CES1F|CUBN|SPHK2|CYP1A1|SULT2B1|CYP24A1|CYP27A1|CYP27B1|CYP39A1|CYP46A1|CYP7A1|CFTR|STAR|AKR1C12|AKR1C13|AKR1C14|AKR1C19|SOD1|AKR1C20|AGK|AKR1C21|AKR1C6|AKR1CL|ALDH3A2|ACO2|DYSF|APOC3|PLCD1|PLCG1|PLCG2|ANGPTL3|PLEK|CAT|APOA4|DHCR24|APOA5|APOC1|PMVK|AQP8|ASAH1|ASAH2|PPIP5K1|PPIP5K2|PRKG1|PTAFR|CEBPA|GK5|GALR2|PTH1R|CBR4|CES1B|CES1C|CES1E|CES1G|CES2A|CLN8|GOT1|CES2C|CES2E|GPD2|CYP1B1|MYOF|SPTLC1|SPTLC2|HAO1|THTPA|IDH1|IDH2|IDH3A|IDH3B|IDH3G|HSD17B6|HSD3B7|LRP2|MTTP|LIPE|LRP5|MIOX|ABCA1|ACER2|DGAT2|RBP1|NUDT3|EPHX1|PCK1|EPHX2|PCK2|ERLIN1|ERLIN2|PCSK9|PARK7|PON1|PTEN|QDPR|SCARB1|SCP2|SNCA|INSIG1|INSIG2|SORD|LIPC|SRD5A3|SULT1B1|SULT1E1|SULT2A1|SULT2A2|SULT2A3|SULT2A5|SULT2A6|SULT2A7|SYNJ2|CYP1A2|NAAA|NFE2L1|IL4|PECR|GCH1|ABCA5|ACER1|ABCG1|ABCG4|PLA2G4A|APLP2|APOB|APOBR|APOF|PNLIP|APON|ARV1|PRKACA|CH25H|CLN6|CYB5R3|CYP51|DHCR7|SCAP|EBP|FDFT1|FDXR|FGF1|FGFR1|GBA2|GFI1|ENPP1|GNAI1|GNB3|GPR146|HDLBP|PLCB1|SPHK1|HMGCR|SREBF1|HSD17B7|LBR|LDLR|TPK1|LDLRAP1|CYP7B1|LIMA1|ERRFI1|LMF1|FGFR4|LRP1|LSS|MBTPS1|MBTPS2|NPC2|NSDHL|PAQR3|LEPR|PCTP|STARD4|PMP22|SAA1|SC5D|SEC14L2|SERPINA12|SOAT1|SOAT2|SQLE|SREBF2|THRB|TM7SF2|TSKU|NPC1|TTC39B|MECP2|MOGAT2|VLDLR|REST|FGL1|PCBD1|PCBD2|SMPD1|SPR|APP|ACER3|COQ2|DGAT1|COQ3|DEGS2|DPAGT1|ITPK1|MOGAT1|MOXD1|PGP|PLCB3|PTS|SGPP1|FDX1|SGPP2|FKRP|SPTLC3|G6PDX|GALK1|FECH|H6PD|NFKB1|ABCA2|HMGCS2|ABHD4|LIPA|ADCYAP1R1,https://www.gsea-msigdb.org/gsea/msigdb/mouse/geneset/GOBP_ALCOHOL_METABOLIC_PROCESS,329,ENR,GOBP_ALCOHOL_METABOLIC_PROCESS,-2.1040000000000001,0,GOBP_ALCOHOL_METABOLIC_PROCESS,FALSE,GOBP_ALCOHOL_METABOLIC_PROCESS
2,2.2006594505464201,-2.2006594505464201,2.2006594505464201,-0.99370000000000003,-0.2238,3.0300000000000001E-2,0.999,BCL2|LY9|TOX|CD69|DOCK2|TGFB1|BCL11B|FOXN1|MTOR|GLI3|CD4|OTUD5|RHOA|PTPRC|STAT3|IL15|FAS|MINK1|CTSL|FOXP3|BTNL1|BTNL6|CD74|JAG2|STK11|CCR7|IL4|SLAMF6|NFATC3|PTPN2|SHH|SPN|ITPKB|STAT6|BRAF|IL23A|OPA1|TBX21|EP300|THEMIS|SKINT1|SYK|IL6|IL6RA|BATF|CARD11|IRF4|TNFSF18|BRD2|BRD4|GATA3|CD1D1|H2-DMA|SRF|ATG5|CD28|CD3D|CD3E|CYLD|LGALS1|CD3G|ZAP70|LOXL3,https://www.gsea-msigdb.org/gsea/msigdb/mouse/geneset/GOBP_T_CELL_SELECTION,63,ENR,GOBP_T_CELL_SELECTION,-2.0768,6.3E-3,GOBP_T_CELL_SELECTION,FALSE,GOBP_T_CELL_SELECTION
48,2.2291479883578602,-2.2291479883578602,2.2291479883578602,-0.99409999999999998,-7.9899999999999999E-2,5.0700000000000002E-2,1,MKNK2|EEF2|MOV10|MSI2|RPL10|NANOS1|NANOS3|ATG14|NEURL1A|NLRP5|RPL13A|NOLC1|OGFOD1|MLH1|OTUD6B|PABPC4|PABPN1L|PAIP2|PAIP2B|PARP9|RPL26|PATL1|PHAX|PIAS4|PLEKHN1|PLXNB2|PNLDC1|POLDIP3|POLR2G|PPP1R15A|PPP1R15B|PRKCH|PRR16|PSTK|RPL38|PUM1|RBM33|RPL5|RBM46|RBMS3|RNF139|RPS6KB2|RXRA|HNF1A|SAMD4|SAMD4B|SARNP|SECISBP2|RPS14|SENP1|SEPSECS|SERBP1|SERP1|SLC35A4|SRP9|MAPK1|SSB|TDRD7|TIAL1|RC3H1|TMED2|AKT2|RC3H2|TNRC6A|ALKBH3|TNRC6B|CKAP5|TNRC6C|CNBP|TOB1|CPEB1|TPR|CPEB2|TRAF5|CPEB3|TRDMT1|CPEB4|TRNAU1AP|CSDE1|TSN|TSNAX|DHX29|UHMK1|DHX36|WTIP|DHX9|XPO5|YBX2|YTHDF1|EIF2AK4|YTHDF3|ZC3H18|ZC3H7A|ZC3H7B|ZCCHC17|EIF2B5|ZFP36|ZFP598|ZFP706|INPP5E|EIF3B|SLC11A1|EIF3D|EIF3E|GDNF|SLFN2|EIF3K|EIF4EBP1|IGFBP5|EIF5|ETF1|ITGA2|FMR1|HNRNPD|HNRNPU|IGF2BP1|IMPACT|LIN28A|MVK|MCTS1|TNFRSF1B|METTL3|MIF4GD|NCBP1|NCBP2|TRAF2|NCK1|NMNAT2|PABPC1|PAIP1|PARP16|PIWIL2|PKP1|RBM24|RBM4|VEGFA|ZC3H12A|RPLP1|FUS|TGFB1|PRKCA|PURA|RPS3|RPS4X|TYMS|PRMT1|ROCK1|ROCK2|RPS9|SH3BGRL|ANG|SMYD5|BCL3|SYNCRIP|UNK|TAF15|YBX1|YTHDF2|ZFP385A|ACO1|DAPK1|WT1|ZC3H10|AKT1|PLD1|ACE|PTAFR|A1CF|ZMPSTE24|ALKBH5|APOBEC1|CASC3|RGS2|RPS6KB1|CIRBP|CNOT6L|CSDC2|PINK1|DCPS|SHMT2|KRT13|S100A9|DUS3L|KRT17|TNF|EIF1|ELAVL4|ERN1|TRAF3IP2|HABP4|ABCF1|HNRNPC|ADAR|ILF3|CELF1|CELF2|VIM|KHDRBS1|KHSRP|CLP1|LSM1|PNPT1|CALR|MAGOH|PUM2|METTL14|CDK4|TRAP1|DDX39B|DDX3X|NSUN2|DDX49|NUDT21|PAN2|PAN3|DICER1|PCBP1|DKC1|PCBP4|PCIF1|PDE12|EIF2A|EEF2K|EIF4A3|EIF5B|EIF2S1|IGF1|PTBP1|PUS7|GEMIN5|MTOR|MAPK3|RBM3|RBM38|PPP1CA|RBM47|RBM4B|THBS1|RBM8A|METTL16|METTL5|TRP53|NAF1|NAT10|MAPKAPK2|NCL|NGDN|APP|EIF6|EP300|NPM1|NSUN5|BANK1|GCNT2|PA2G4|TARDBP|GAPDH|THRAP3|TIA1|PRKDC|TRUB1|DAPL1|OGT|UPF1|RBM10|UPF3A|UPF3B|ERBB2|ZC3H14|RNASEL|ZFP36L1|RPS27L|TIRAP|STAT3|NCK2|SRSF1|PCID2|TARBP2|RARA|TSC1|USP16|SCGB1A1|GZMB|SCRIB|GZMC|PER1|MYD88|YTHDC1|AKAP6|ZCCHC4|SOX4|ENDOU|BMP4|XBP1|ZC3H12D|ZFP36L2|DCP2|FBXO4|MAPKAPK5|PARN|CAV1|CALCR|CYP1B1|EIF5A|GZMN|EIF2AK3|ELAVL1|PML|PTK2B|RIPK1|SESN2|SHMT1|KLHL25|ALKBH1|C1QBP|CDK5RAP1|FASTKD2|FASTKD3|LRPPRC|METTL8|MPV17L2|MRPL13|ARID5A|SCO1|PRG3|MRPS27|MECP2|MTG1|NGRN|NSUN3|NSUN4|PTCD3|ABCE1|PELO|APEX1|APLP1|RMND1|AXIN2|RPUSD3|B3GNTL1|RPUSD4|BCDIN3D|BRF1|TACO1|BTG2|TRUB2|BZW1|TCOF1|TSFM|BZW2|CAPRIN1|CAPRIN2|XRN1|ANGEL2|CARHSP1|CDC37|CNOT1|CNOT10|FASTK|CNOT2|FASTKD1|CNOT3|FASTKD5|CNOT6|FOXO3|CNOT7|CNOT8|CTIF|CYFIP1|DAP|DAPK3|DCP1A|DCP1B|DDX25|DDX6|DGCR8|DIS3L2|WFS1|DNAJC1|TBRG4|DNAJC3|DND1|EEFSEC|EIF2AK2|EIF4E|EIF4E2|EIF4E3|EIF4EBP2|EIF4EBP3|EIF4ENIF1|EIF4G1|EIF4G2|EIF4G3|EIF5A2|ENC1|FAM76B|FTO|FXR1|IL6|FXR2|GIGYF2|GRB7|GSPT1|EIF2AK1|GTDC1|FECH|GTSF1|GUF1|HBS1L|HELZ|HNRNPA0|E2F1|HNRNPR|IREB2|IFRD2|IGF2BP2|IGF2BP3|IKBKE|JMJD4|KBTBD8|LARP1|LARP4|LARP4B|LARP6|LIMD1|LSM14A|LSM14B|MATR3|METTL1|MEX3D|MKNK1,https://www.gsea-msigdb.org/gsea/msigdb/mouse/geneset/GOBP_POST_TRANSCRIPTIONAL_REGULATION_OF_GENE_EXPRESSION,431,ENR,GOBP_POST_TRANSCRIPTIONAL_REGULATION_OF_GENE_EXPRESSION,-1.93,5.8999999999999999E-3,GOBP_POST_TRANSCRIPTIONAL_REGULATION_OF_GENE_EXPRESSION,FALSE,GOBP_POST_TRANSCRIPTIONAL_REGULATION_OF_GENE_EXPRESSION
,1.71219827006977,-1.71219827006977,1.71219827006977,-0.98060000000000003,-0.2137,9.06E-2,1,CNR1|SERPINF2|HFE|INS1|INS2|TFR2|SAA3|AHSG|CD163|F8|ASS1|ITIH4|ORM1|ORM2|SAA1|ORM3|CRP|SAA2|SERPINA3N|SIGIRR|IL1A|IL1RN|PTGER3|STAT5B|TFRC|CCR5|HP|PTGES|REG3A|REG3B|TNFRSF11A|IL6|REG3G|STAT3|F2|PTGS2|TNFSF11|EDNRB|LBP|TNF|PLSCR1|SERPINA1A|UGT1A1|SERPINA1B|IL1B|CCL5|FN1,https://www.gsea-msigdb.org/gsea/msigdb/mouse/geneset/GOBP_ACUTE_PHASE_RESPONSE,47,ENR,GOBP_ACUTE_PHASE_RESPONSE,-1.7678,1.9400000000000001E-2,GOBP_ACUTE_PHASE_RESPONSE,FALSE,GOBP_ACUTE_PHASE_RESPONSE
2,2.6989700043360201,-2.6989700043360201,2.6989700043360201,-0.998,-0.1011,2.75E-2,0.998,DHPS|DOCK8|MALT1|EFNB1|EFNB2|EFNB3|EGR3|RNASE10|EPHB4|FCHO1|FLOT2|NCKAP1L|PRKAA1|CAPN1|GLI3|NFKBID|NFKBIZ|NLRP3|H2-AA|H2-AB1|H2-DMB2|H2-EB1|CHST2|H2-EB2|CHST4|H2-OA|H2-OB|AIF1|PDCD1LG2|HSPH1|ICOS|SLC4A1|IGFBP2|IHH|IL15|SART1|PRKCQ|IL1RL2|PRKCZ|IL21|IL2RA|IL2RG|PYCARD|IL7|F11R|ITGAL|RAG1|FUT4|KAT5|KITL|GCNT1|LGALS8|RIPK2|MDK|NCK2|ITGA4|SASH3|ITGA6|NKAP|NR5A2|ITGB2|PBRM1|PHF10|SKAP1|PIK3R6|SLAMF1|RARA|RASAL3|RASGRP1|SMAD7|ADA|SOCS5|RHOH|SPN|ITPKB|RUNX1|RUNX3|OPA1|SHB|TFRC|SIRPA|PODXL|SKINT1|SMARCA2|SMARCA4|SYK|SMARCB1|TNFRSF13C|SMARCC1|TNFRSF14|SMARCC2|SMARCD1|LCK|PDE4D|SMARCD2|ABL1|SMARCD3|TNFSF13B|SMARCE1|SOCS1|TNFSF4|NCK1|TRAF6|SELE|SOX12|SOX13|SELP|SOX4|BAD|STAT5A|PKP1|TYK2|ANK3|ST3GAL4|TESPA1|TGFBR2|VTCN1|YWHAG|TNFSF14|ZAP70|TNFSF9|ZBTB1|ZBTB7B|VAV1|VCAM1|VNN1|WNT10B|TGFB1|WNT3A|XBP1|RPS3|CD4|ZFP609|ZMIZ1|ALOX5|B2M|CORO1A|BMI1|STAT5B|AP3B1|ALOX15|ANXA1|CCL19|CCL2|PTAFR|CAV1|CCL5|CD74|CEACAM1|CEACAM2|CCR2|CCR7|CD46|CD47|CD55|CD59A|CD59B|DNAJA3|CD81|MEGF10|NFAT5|CTSG|CX3CL1|IL1A|CXCL13|CCR5|TBX18|IL4I1|ELANE|FGA|FGB|GATA3|GIMAP3|GIMAP5|H2-DMA|H2-T23|BMP7|IL1B|ETS1|IRAK1|L1CAM|PCK1|PLAUR|PPP3CA|PNP|GPAM|RHOA|PTPN22|PTPRC|TNF|KLHL25|XCL1|IFNG|IL4|THY1|PDPN|SHH|NR4A3|AGER|CDH1|BCL6|BRD2|BRD4|CD160|CD1D1|CD1D2|CD24A|CD27|CD274|CD28|CD3E|CD40LG|CD44|HMGB1|IGF1|IGF2|CD80|IL6ST|CD86|SLC7A1|JAK1|DPP4|DUSP10|HSP90AA1|EPHB6|FADD|TNFSF11|FBXO38|HES1|FGG|FOXP3|FUT7|CD209D|H2-DMB1|H2-M3|PAWR|FOXO3|SOX2|HAVCR2|HLX|PKP3|HSPD1|ICAM1|EMILIN1|ICOSL|EMILIN2|IL12A|WNT5A|IL12B|IL12RB1|IL18|ABL2|ACTB|ACTL6A|ACTL6B|ADAM8|IL2|AMBRA1|HAS2|IL23A|AP3D1|EP300|ARID1A|ARID2|ADAM19|ADK|CITED2|IL4RA|BLM|FLOT1|IL6|FSTL3|IL6RA|RELA|BRD7|GCNT2|IL7R|IRGM1|KIF26B|BTNL2|KIFAP3|CARD11|IRF1|MAGI1|CBFB|MEX3B|MFSD2B|BCL10|CCDC88B|MMRN1|MYO10|CD209C|JAK2|PTPN23|CD209E|JAK3|PTPRU|RAP1GAP|CD276|CD5|KLHL22|TJP1|CD6|CD83|LEF1|CYLD|LGALS1|LGALS9,https://www.gsea-msigdb.org/gsea/msigdb/mouse/geneset/GOBP_POSITIVE_REGULATION_OF_CELL_CELL_ADHESION,308,ENR,GOBP_POSITIVE_REGULATION_OF_CELL_CELL_ADHESION,-2.1011000000000002,2E-3,GOBP_POSITIVE_REGULATION_OF_CELL_CELL_ADHESION,FALSE,GOBP_POSITIVE_REGULATION_OF_CELL_CELL_ADHESION
9,2.7212463990471698,-2.7212463990471698,2.7212463990471698,-1,-0.14829999999999999,6.0000000000000001E-3,0.54,PWP1|PWP2|RBFA|RBM34|RPL14|RCL1|REXO1|REXO4|RIOK1|RIOK2|RIOK3|RNASEL|RPL26|RPF1|RPL27|RPF2|RPL7L1|RPP25|RPP30|RPP38|RPL35|RPP40|RPL35A|RPUSD1|RPUSD2|RRP1|RRP15|RPL5|RRP1B|RRP36|RPL7|RRP7A|RPL7A|RRP8|RRP9|RRS1|SART1|RPS14|SBDS|RPS16|RPS24|RPS27|RPS28|SIRT7|SRFBP1|SUV39H1|TBL3|TRMT112|TRMT2B|TSR1|TSR2|URB1|NUDT16|USP36|UTP14A|UTP14B|UTP15|UTP18|UTP20|UTP23|UTP3|UTP6|WBP11|WDR12|WDR18|WDR3|WDR36|WDR43|WDR46|WDR55|WDR74|WDR75|YBEY|ZCCHC4|ZNHIT3|ZNHIT6|RPL11|RPS15|RPS17|RPS19|RPS21|RPS25|RPS6|RPS7|RPS8|YTHDF2|ABT1|BMS1|BOP1|BRIX1|BYSL|C1D|CDKN2A|CHD7|DCAF13|DDX10|DDX17|DDX18|DDX21|DDX27|DDX47|DDX49|DDX51|DDX52|DDX54|DDX56|DHX37|DICER1|DIMT1|DIS3|DKC1|DROSHA|EBNA1BP2|EIF4A3|EMG1|ERCC2|ERI1|ESF1|EXOSC1|EXOSC10|EXOSC2|EXOSC3|EXOSC4|EXOSC5|EXOSC6|EXOSC7|EXOSC8|EXOSC9|FBL|FCF1|FDXACB1|FRG1|FTSJ3|GAR1|GTF2H5|GTPBP4|HEATR1|IMP3|IMP4|ISG20|KRI1|KRR1|LAS1L|NSUN3|NSUN4|LSM6|LYAR|MAK16|RPUSD4|METTL15|METTL16|METTL5|MPHOSPH10|MPHOSPH6|MRM1|MRTO4|MYG1|NAF1|NAT10|NCL|NGDN|NHP2|NOB1|NOL10|NOL11|NOL6|TFB1M|NOL7|TFB2M|NOL8|NOL9|EIF6|NOP10|NOP14|NOP2|NPM1|NPM3|NSA2|NSUN5|NVL|PA2G4|PAK1IP1|PDCD11|PELP1|PES1|PIH1D1|PIH1D2|PIN4|POP4|POP5|POP7|PPAN|PRKDC|KAT2B,https://www.gsea-msigdb.org/gsea/msigdb/mouse/geneset/GOBP_RRNA_PROCESSING,194,ENR,GOBP_RRNA_PROCESSING,-2.3992,0,GOBP_RRNA_PROCESSING,FALSE,GOBP_RRNA_PROCESSING
8,2.7212463990471698,-2.7212463990471698,2.7212463990471698,-1,-0.2419,2.9999999999999997E-4,2.3E-2,CHKA|PARK7|ALDH1A2|ALDH1A3|BMP2|BMP5|DGKQ|BMP6|ADH6A|CACNA1H|AWAT2|CLCN2|CYP11A1|DAB2|DHRS3|DHRS4|DHRS7|DKK3|EDNRB|GDE1|GDPD1|GDPD3|KCNMA1|HSD11B2|LRAT|NAPEPLD|RBP4|PLB1|RDH10|PNPLA2|RDH11|RDH1|RDH13|RDH12|SCNN1B|RDH14|SDR16C5|SULT1B1|RDH16|SULT1E1|WNT4|RDH5|SULT2A1|RDH7|SULT2A2|RDH9|SULT2A3|RETSAT|SULT2A5|SDR9C7|SULT2A6|SULT2A7|CYP1A2|NAAA|PECR|ADH1|ADH4|ADH5|ADH7|PNLIP|AKR1A1|AKR1C18|ALDH1A1|ALDH1A7|ALDH1B1|ALDH2|ALDH3B1|ALDH3B2|CES1D|CES1F|TPK1|CYP1A1|AKR1C12|AKR1C13|AKR1C14|AKR1C19|AKR1C20|AKR1C21|AKR1C6|AKR1CL|ALDH3A2|REST|CBR4|CES1E|CES2A|CES2C|CES2E|CYP1B1|DGAT1|HAO1|THTPA|HSD17B6|LIPE|H6PD|ABHD4|DGAT2|RBP1,https://www.gsea-msigdb.org/gsea/msigdb/mouse/geneset/GOBP_PRIMARY_ALCOHOL_METABOLIC_PROCESS,97,ENR,GOBP_PRIMARY_ALCOHOL_METABOLIC_PROCESS,-2.8107000000000002,0,GOBP_PRIMARY_ALCOHOL_METABOLIC_PROCESS,FALSE,GOBP_PRIMARY_ALCOHOL_METABOLIC_PROCESS
10,2.7212463990471698,-2.7212463990471698,2.7212463990471698,-1,-0.1041,1.0999999999999999E-2,0.79800000000000004,LYST|DOCK8|MCOLN2|RPL13A|ABR|DNM1L|ADAM10|ADD2|ADORA3|AIMP1|S100A14|AKIRIN1|AOC3|SERPINE1|APOD|MYO1G|ARHGEF5|ARTN|NCKAP1L|SLAMF8|B4GALT1|SLAMF9|CAMK1D|CAPN1|CCR3|CD177|CD200|NLRP3|CD200R1|CD9|CD99L2|CDC42|TIRAP|CHST2|TLR2|CHST4|CKLF|CMKLR1|AIF1|CNN2|CNR2|CSF1|CSF3R|CXCL16|CXCL17|CXCL2|ASB2|CXCL3|CXCR1|CXCR2|EDNRB|SBDS|DAPK2|DUSP1|ECM1|EPS8|PYCARD|EXT1|MAPK1|F11R|F7|ITGAL|FUT4|FUT9|KITL|GBF1|GCNT1|GPR18|GPSM3|GREM1|RIPK3|HOXA7|IL17B|IL17RC|MDK|IL34|IRAK4|MMP14|ITGA1|ITGA2B|ITGA4|NEDD9|ITGA6|ITGA7|ITGA9|ITGB2|ITGB2L|ITGB7|JAGN1|JAM2|LRCH1|LRP12|SLAMF1|LYVE1|FLT1|MED23|MIA3|RAC2|MMP28|CXCL1|MOSPD2|F2RL1|MPP1|MSN|ADA|MST1|MTUS1|SPN|MYO9B|NBL1|NLRP12|NUP85|PADI2|PAFAH1B1|SWAP70|PDGFD|PECAM1|PERP|PIKFYVE|TBX21|ITGA2|MYD88|PLA2G7|NINJ1|PLG|PLVAP|SIRPA|PODXL|PODXL2|PPIA|PPIB|SYK|PREX1|TREM1|KIT|PRTN3|TNFRSF14|TREM3|PTN|RABGEF1|PDE4D|RAC3|ABL1|RETNLG|RIN3|TNFSF18|ROR2|TNFSF4|RTN4|S100A8|S1PR1|MSTN|SCG2|SELE|SELL|SELP|TRPM4|SELPLG|SLIT2|SRP54A|ST3GAL4|ANO6|STK10|PDGFB|THBS4|TNFAIP6|VEGFA|TNFRSF18|WASL|ZFP580|TNFSF14|BDKRB1|VAV1|PDE4B|VAV3|RPS19|VCAM1|TRPM2|TGFB1|PRKCA|TREM2|PTGER4|PTK2|ROCK1|ALOX5|CORO1A|SMPD3|STAT5B|CXCR3|PIK3R1|DPEP1|UMOD|TACR1|DYSF|EDN3|ABCC1|AKT1|EDNRA|ANXA1|CCL1|CCL11|CCL12|ADORA1|CCL19|CCL2|CCL20|CCL22|CCL24|CCL25|CCL27A|CCL28|PTAFR|CCL3|VEGFB|CCL4|CCL5|CCL7|CD74|CCL8|CCR2|CXADR|GPR35|CCR7|CD47|BCR|CD81|CD34|ITGA3|ITGB1|ITGB3|PTPRO|CTSG|CX3CL1|CXCL10|CXCL11|IL1A|CXCL12|CXCL13|GOLPH3|CXCL14|CXCL15|CXCL5|CADM1|CXCL9|HSD3B7|CRK|ELANE|SPP1|ITGAM|NF1|FOXJ1|GATA3|GPR183|KCNN4|STAP1|HC|IL1B|LYN|MMP9|CRKL|EDN1|EDN2|LGALS3|OXSR1|P2RX4|NOD2|SLC12A2|PF4|GDF15|PPBP|GGT5|PTGER3|RHOA|PTK2B|CXCR5|PTPN22|RARRES2|S100A9|TNF|TRPV4|SPNS2|TMEM102|NKX2-3|PTPRJ|MIF|STK39|XCL1|IFNG|TGFB2|IL4|THY1|FFAR2|GP2|C1QBP|WNK1|PLEC|BSG|CALR|CH25H|ADAM17|AGER|ASCL2|C3AR1|CCR6|ENPP1|GNAI1|CD24A|PLCB1|WDR1|CD69|HMGB1|CYP7B1|CRTAM|LGMN|MAPK3|CX3CR1|PGF|CCR1|CD300A|DPP4|CREB3|EMP2|FADD|THBS1|TNFSF11|FCER1G|FCGR3|C5AR1|FUT7|IL16|P4HB|SLC37A4|CHGA|TRP53|P2RY12|DEFB25|PAWR|ICAM1|EMILIN1|APP|IL12A|WNT5A|FPR2|IL17RA|ABL2|IL1R1|ADAM8|GAS6|MMP2|IL23A|IL27RA|IL33|BST1|LBP|JAM3|MYO1F|KLRK1|RAC1|VEGFC|CSF1R|LGALS9,https://www.gsea-msigdb.org/gsea/msigdb/mouse/geneset/GOBP_LEUKOCYTE_MIGRATION,361,ENR,GOBP_LEUKOCYTE_MIGRATION,-2.2911000000000001,0,GOBP_LEUKOCYTE_MIGRATION,FALSE,GOBP_LEUKOCYTE_MIGRATION
2,1.73048705578208,-1.73048705578208,1.73048705578208,-0.98140000000000005,-0.2135,9.64E-2,1,ITGB2|HMGB1|IGF1|IL4|IGF2|CD86|ITGAD|SLAMF1|ITGAX|ICOSL|IL12B|RPS3|IL12RB1|SATB1|CRTAM|PPP3CA|IL18|SCRIB|PRNP|IL2|GPAM|IL23A|STAT5B|CASP3|AGER|PDCD1LG2|IDO1|EPHB6|IGFBP2|FADD|ABL1|ITGAM|IL2RA|TNFSF4|PYCARD|ARG1|JAK3|ITGAL|RC3H1|PRKAR1A|LAPTM5|STAT5A|LRRC32|RIPK3|CD24A|CD274|FYN|TNFSF9,https://www.gsea-msigdb.org/gsea/msigdb/mouse/geneset/GOBP_ACTIVATED_T_CELL_PROLIFERATION,48,ENR,GOBP_ACTIVATED_T_CELL_PROLIFERATION,-1.7507999999999999,1.8599999999999998E-2,GOBP_ACTIVATED_T_CELL_PROLIFERATION,FALSE,GOBP_ACTIVATED_T_CELL_PROLIFERATION
32,2.7212463990471698,-2.7212463990471698,2.7212463990471698,-1,-0.63929999999999998,0,0,PCX|TALDO1|GAPDH|PCK1|TKT|PGAM1|TPI1|ALDOB|GPD1|PGK1|KHK|SLC25A10|ENO1|RPE|RPIA|MDH1|MDH2|SHPK,https://www.gsea-msigdb.org/gsea/msigdb/mouse/geneset/GOBP_GLYCERALDEHYDE_3_PHOSPHATE_METABOLIC_PROCESS,18,ENR,GOBP_GLYCERALDEHYDE_3_PHOSPHATE_METABOLIC_PROCESS,-3.2671999999999999,0,GOBP_GLYCERALDEHYDE_3_PHOSPHATE_METABOLIC_PROCESS,FALSE,GOBP_GLYCERALDEHYDE_3_PHOSPHATE_METABOLIC_PROCESS
4,2.7212463990471698,-2.7212463990471698,2.7212463990471698,-1,-0.24399999999999999,2.18E-2,0.98399999999999999,MAD2L2|EXOSC3|EXOSC6|LTA|MLH1|TGFB1|NOD2|TREM2|NDFIP1|PTPN6|PARP3|PTPRC|PAXIP1|PMS2|C3|C4BP|FCER1A|TNF|FCER1G|FCGR1|FCGR3|SUSD4|FOXP3|RIF1|XCL1|IFNG|IL4|CD46|CD55|SLC15A4|CR1L|CR2|STAT6|IL2|TBX21|6030468B19RIK|TFRC|IL27RA|APLF|MSH2|ATAD5|FCER2A|TNFSF13|BCL6|FCGR2B|TNFSF4|BTK|FOXJ1|GIMAP3|TRP53BP1|GIMAP5|H2-T23|CD226|HPX|CD28|CD40,https://www.gsea-msigdb.org/gsea/msigdb/mouse/geneset/GOBP_REGULATION_OF_B_CELL_MEDIATED_IMMUNITY,56,ENR,GOBP_REGULATION_OF_B_CELL_MEDIATED_IMMUNITY,-2.1574,0,GOBP_REGULATION_OF_B_CELL_MEDIATED_IMMUNITY,FALSE,GOBP_REGULATION_OF_B_CELL_MEDIATED_IMMUNITY
47,2.7212463990471698,-2.7212463990471698,2.7212463990471698,-1,-0.25219999999999998,0,0,PRKAA1|SHMT2|SIRT3|SLC25A33|THAP11|AARS2|ALKBH1|AURKAIP1|C1QBP|CDK5RAP1|CHCHD1|DAP3|DARS2|EARS2|FASTKD2|FASTKD3|GADD45GIP1|GATC|GFM1|GFM2|PNPT1|IARS2|LARS2|LRPPRC|METTL8|MPV17L2|MRPL1|MRPL10|MRPL11|MRPL12|MRPL13|MRPL14|MRPL15|MRPL16|MRPL17|MRPL18|MRPL19|MRPL2|MRPL20|MRPL21|MRPL22|MRPL23|MRPL24|MRPL27|MRPL28|MRPL3|MRPL30|MRPL32|MRPL33|MRPL34|MRPL35|MRPL36|MRPL37|MRPL38|MRPL39|MRPL4|MRPL40|MRPL41|MRPL42|MRPL43|MRPL44|MRPL45|MRPL46|MRPL47|MRPL48|MRPL49|MRPL50|MRPL51|MRPL52|MRPL53|MRPL54|MRPL55|MRPL9|MRPS10|MRPS11|MRPS12|MRPS14|MRPS15|MRPS16|MRPS17|MRPS18A|MRPS18B|MRPS18C|MRPS2|MRPS21|MRPS22|MRPS23|MRPS24|MRPS25|MRPS26|MRPS27|MRPS28|MRPS30|MRPS31|MRPS33|MRPS34|MRPS35|MRPS5|MRPS6|MRPS7|MRPS9|MTG1|MTIF2|MTIF3|MTRF1|MTRF1L|NGRN|NSUN3|NSUN4|PTCD1|PTCD3|QRSL1|RARS2|RMND1|RPUSD3|RPUSD4|SARS2|TACO1|TRUB2|TSFM|TUFM|WARS2|YARS2|ANGEL2|CFH|ELAC2|FASTK|FASTKD1|FASTKD5|FOXO3|METTL4|MTO1|MTPAP|POLR1A|POLR1B|POLR2A|POLR2B|POLR3B|POLRMT|PPARGC1B|RBFOX2|SUPV3L1|TBRG4|TFAM|TFB1M|TFB2M|TRIT1|TRMT5|TRNT1|HSD17B10,https://www.gsea-msigdb.org/gsea/msigdb/mouse/geneset/GOBP_MITOCHONDRIAL_GENE_EXPRESSION,150,ENR,GOBP_MITOCHONDRIAL_GENE_EXPRESSION,-3.6480000000000001,0,GOBP_MITOCHONDRIAL_GENE_EXPRESSION,FALSE,GOBP_MITOCHONDRIAL_GENE_EXPRESSION
11,1.78251605578609,-1.78251605578609,1.78251605578609,-0.98350000000000004,-0.14960000000000001,8.7499999999999994E-2,1,NAIF1|PDCD5|PEX5|PMAIP1|OXA1L|PINK1|PPIF|PPM1K|RHOT1|RHOT2|SIVA1|SLC25A46|SNCA|STAT3|ROMO1|TIMM10|TIMM13|TIMM22|TIMM50|TIMM9|TMEM102|TMEM11|TMEM14A|SLC9A1|TOMM22|TOMM40|TOMM70A|SPG7|BAX|VDAC2|ACAA2|SLC25A31|ZFP13|SLC25A4|SLC25A5|BCL2L11|OPA1|AFG3L2|BAD|THEM4|BAK1|GSK3A|BCL2|GSK3B|ADCK1|AFG3L1|AGK|GCLC|HSP90AA1|AP3B1|APOO|ALKBH7|APOOL|ATF2|BID|BCL2L2|PLSCR3|BLOC1S2|CHCHD10|BNIP3|BNIP3L|BOK|CAMK2A|CHCHD3|CHCHD6|TRP53|CSTAD|MPV17L|CLN8|DNAJC11|DYNLT1A|DYNLT1B|DYNLT1F|EYA2|BCS1L|NOL3|FXN|FZD9|COX18|GHITM|HIP1R|MFN2|HSPA4|OMA1|IMMT|MTCH2|SAMM50|TMEM126A|LETM1|MYC|NDUFA13|GIMAP3|GIMAP5|HK2|MICU1|BCL2L1|MTCH1|MTFP1|IER3|MUL1|CNP,https://www.gsea-msigdb.org/gsea/msigdb/mouse/geneset/GOBP_MITOCHONDRIAL_MEMBRANE_ORGANIZATION,101,ENR,GOBP_MITOCHONDRIAL_MEMBRANE_ORGANIZATION,-1.7758,1.6500000000000001E-2,GOBP_MITOCHONDRIAL_MEMBRANE_ORGANIZATION,FALSE,GOBP_MITOCHONDRIAL_MEMBRANE_ORGANIZATION
1,2.7212463990471698,-2.7212463990471698,2.7212463990471698,-1,-0.44130000000000003,0,0,NDUFB7|NDUFB8|NDUFB9|NDUFC1|NDUFC2|NDUFS1|NDUFS2|NDUFS3|NDUFS4|NDUFS5|NDUFS6|NDUFS7|NDUFS8|NDUFV1|NDUFV2|NDUFV3|DNAJC30|SDHA|SDHB|SDHC|SDHD|STOML2|NDUFA1|NDUFA10|NDUFA11|NDUFA12|NDUFA13|NDUFA2|NDUFA3|NDUFA5|NDUFA6|ATP6V1A|NDUFA7|NDUFA8|NDUFA9|NDUFAB1|NDUFB10|NDUFB11|NDUFB2|NDUFB3|NDUFB4|NDUFB5|NDUFB6,https://www.gsea-msigdb.org/gsea/msigdb/mouse/geneset/GOBP_PROTON_MOTIVE_FORCE_DRIVEN_ATP_SYNTHESIS,43,ENR,GOBP_PROTON_MOTIVE_FORCE_DRIVEN_ATP_SYNTHESIS,-3.4775999999999998,0,GOBP_PROTON_MOTIVE_FORCE_DRIVEN_ATP_SYNTHESIS,FALSE,GOBP_PROTON_MOTIVE_FORCE_DRIVEN_ATP_SYNTHESIS
1,1.72124639904717,-1.72124639904717,1.72124639904717,-0.98099999999999998,-0.11219999999999999,8.5300000000000001E-2,1,NCOR1|NUDT3|NUDT5|OGT|NUDT7|NUDT8|P2RX7|DCTPP1|PFKFB1|PFKFB2|PFKFB3|PFKL|DPYS|PFKP|PGAM1|DUT|PGAM2|ENPP3|ENPP5|PGK1|ENTPD1|ENTPD5|PKLR|NUPR1|PPARA|FHIT|OGDH|PPP2CA|PRKAA1|PNP|PRKAA2|PRKAG1|PDE2A|PSEN1|GMPR2|RPTOR|SIK2|SIRT6|SLC2A6|HINT1|SLC4A1|SLC4A4|SRC|STAT3|ITPA|TPI1|TRIM63|ENTPD8|UCHL1|UCP2|ZBTB20|ZBTB7A|ALPI|FITM2|VCP|NCF1|NCF2|IFNG|UOX|NNMT|UPB1|UPP1|UPP2|JMJD8|XDH|MFSD8|ACOT7|NT5C|NT5C2|NT5C3|CANT1|NT5E|ENTPD2|NT5M|NUDT10|NUDT11|ADA|NUDT12|NUDT13|NUDT15|NUDT16|NUDT17|NUDT18|NUDT4|NUDT9|PPARGC1A|PRKACA|PARP14|TREX1|PDE10A|PDE1A|PDE4A|PDE4C|PDE4D|PDE5A|PDE7A|PDE7B|PDE8A|PDE8B|PDE9A|PANK4|ENPP1|ESRRB|GCK|CDA|SAMHD1|SARM1|ENTPD3|SLC29A1|SMPDL3A|ACOT2|IGF1|INS1|INS2|VNN1|INSR|KHK|MTOR|PFKM|DERA|ABCD1|DPYD|ACTN3|ARL2|BCL2L13|ENTPD4|ENTPD7|PRKAG2|CBFA2T3|PRKAG3|COL6A1|GDA|ACAT1|ADPGK|ALDOA|ALDOART1|ALDOART2|ALDOB|ALDOC|APP|ARNT|BPGM|DDIT4|DHTKD1|EIF6|ENO1|ENO2|ENO3|ENO4|EP300|FBP1|MLXIPL|FKRP|FLCN|FOXK1|MTCH2|FOXK2|GALE|GALK1|GALT|GAPDH|MYC|GAPDHS|MYOG|GIT1|AMPD3|AOX1|GPD1|GPI1|ART2B|HDAC4|HIF1A|HK1|HK2|HK3|MGAT1|HKDC1|MLYCD|IER3|KAT2B|LIPA|MLST8|CNP|MLX|MPI|NUDT19,https://www.gsea-msigdb.org/gsea/msigdb/mouse/geneset/GOBP_NUCLEOSIDE_PHOSPHATE_CATABOLIC_PROCESS,186,ENR,GOBP_NUCLEOSIDE_PHOSPHATE_CATABOLIC_PROCESS,-1.7823,1.9E-2,GOBP_NUCLEOSIDE_PHOSPHATE_CATABOLIC_PROCESS,FALSE,GOBP_NUCLEOSIDE_PHOSPHATE_CATABOLIC_PROCESS
,2.7212463990471698,-2.7212463990471698,2.7212463990471698,-1,-0.4022,1.8E-3,0.155,CYP4B1|EPHX2|HAAO|GSTM5|TXNRD1|CYP1B1|UGT1A6A|PON3|UGT1A6B|AFMID|UGT2B1|STAR|GSTM3|IDO1|GSTM4|IDO2|GSTM6|GSTM7|HAO2|KMO|KYNU|ALDH8A1|AADAT|FAH|UGT1A1|ACAA1A|ACAA1B|TDO2|TH,https://www.gsea-msigdb.org/gsea/msigdb/mouse/geneset/GOBP_BENZENE_CONTAINING_COMPOUND_METABOLIC_PROCESS,29,ENR,GOBP_BENZENE_CONTAINING_COMPOUND_METABOLIC_PROCESS,-2.5847000000000002,0,GOBP_BENZENE_CONTAINING_COMPOUND_METABOLIC_PROCESS,FALSE,GOBP_BENZENE_CONTAINING_COMPOUND_METABOLIC_PROCESS
3,1.75696195131371,-1.75696195131371,1.75696195131371,-0.98250000000000004,-0.27750000000000002,9.8100000000000007E-2,1,ACMSD|SPR|GCH1|HAAO|AFMID|BTBD9|FEV|MAOA|MDGA1|PDE1B|QPRT|RNF180|IDO1|IDO2|CYP2D22|IL4I1|ALDH2|TPH1|KMO|KYNU|ATP7A|NMNAT2|ATP2B2|NADSYN1|GCDH|TDO2|DDC,https://www.gsea-msigdb.org/gsea/msigdb/mouse/geneset/GOBP_INDOLE_CONTAINING_COMPOUND_METABOLIC_PROCESS,27,ENR,GOBP_INDOLE_CONTAINING_COMPOUND_METABOLIC_PROCESS,-1.7457,1.7500000000000002E-2,GOBP_INDOLE_CONTAINING_COMPOUND_METABOLIC_PROCESS,FALSE,GOBP_INDOLE_CONTAINING_COMPOUND_METABOLIC_PROCESS
4,2.7212463990471698,-2.7212463990471698,2.7212463990471698,-1,-0.25109999999999999,3.7900000000000003E-2,1,IFNG|MAD2L2|EXOSC3|IL4|EXOSC6|MLH1|HSPD1|TGFB1|ICOSL|MSH6|SLC15A4|NBN|NDFIP1|NFKBIZ|STAT6|SWAP70|IL2|AICDA|TBX21|PARP3|PTPRC|PAXIP1|TFRC|IL27RA|APLF|MSH2|PMS2|ATAD5|ERCC1|EXO1|BATF|TNFSF13|BCL6|TNFSF4|TRP53BP1|CCR6|FOXP3|PCYT1A|RIF1|UNG|RNF168|CD28|RNF8|XRCC4|CD40|LIG4|CD40LG,https://www.gsea-msigdb.org/gsea/msigdb/mouse/geneset/GOBP_SOMATIC_DIVERSIFICATION_OF_IMMUNOGLOBULINS_INVOLVED_IN_IMMUNE_RESPONSE,47,ENR,GOBP_SOMATIC_DIVERSIFICATION_OF_IMMUNOGLOBULINS_INVOLVED_IN_IMMUNE_RESPONSE,-2.0181,0,GOBP_SOMATIC_DIVERSIFICATION_OF_IMMUNOGLOBULINS_INVOLVED_IN_IMMUNE_RESPONSE,FALSE,GOBP_SOMATIC_DIVERSIFICATION_OF_IMMUNOGLOBULINS_INVOLVED_IN_IMMUNE_RESPONSE
10,2.4089353929735,-2.4089353929735,2.4089353929735,-0.99609999999999999,-0.1668,3.7699999999999997E-2,1,LGALS3|MCOLN2|DNM1L|NOD2|NCKAP1L|SLAMF8|CAMK1D|PF4|CD177|PPBP|CD99L2|PTGER3|TIRAP|TLR2|CKLF|CSF3R|CXCL2|CXCL3|CXCR1|S100A9|CXCR2|DAPK2|FUT4|GBF1|IL17B|MDK|IRAK4|ITGA1|XCL1|ITGA9|IFNG|ITGB2|ITGB2L|TGFB2|JAGN1|GP2|RAC2|C1QBP|CXCL1|MOSPD2|MPP1|BSG|PECAM1|PERP|PIKFYVE|MYD88|PPIA|PPIB|SYK|PREX1|TREM1|PRTN3|TREM3|PDE4D|RAC3|RTN4|S100A8|C3AR1|SELL|SLIT2|SRP54A|THBS4|TNFAIP6|WDR1|VAV1|PDE4B|VAV3|PRKCA|PTGER4|DPP4|EMP2|DPEP1|UMOD|DYSF|EDN3|EDNRA|FCER1G|FCGR3|C5AR1|CCL19|FUT7|CCL2|SLC37A4|CCL27A|CCL28|CCL3|CD74|PAWR|CXADR|CCR7|CX3CL1|IL1R1|CXCL10|ADAM8|IL1A|CXCL13|IL23A|CXCL15|CXCL5|CXCL9|SPP1|BST1|ITGAM|LBP|JAM3|MYO1F|RAC1|IL1B|EDN1|EDN2,https://www.gsea-msigdb.org/gsea/msigdb/mouse/geneset/GOBP_NEUTROPHIL_MIGRATION,110,ENR,GOBP_NEUTROPHIL_MIGRATION,-2.0196000000000001,3.8999999999999998E-3,GOBP_NEUTROPHIL_MIGRATION,FALSE,GOBP_NEUTROPHIL_MIGRATION
2,2.1249387366082999,-2.1249387366082999,2.1249387366082999,-0.99250000000000005,-0.1047,6.9699999999999998E-2,1,DTX1|MALT1|RAG2|EGR3|ERBB2|FANCA|FANCD2|FLT3|NCKAP1L|SLAMF8|FLT3L|NDFIP1|FOXN1|ZFP36L1|GLI3|NFKBID|NFKBIZ|NLRP3|H2-AA|H2-OA|HMGB3|HSPB1|IHH|PRDM1|IKZF3|IL15|SART1|IL15RA|IL1RL2|PRKCZ|IL21|IL2RA|IL2RG|IL7|RAG1|KAT5|RC3H1|RC3H2|RIPK2|MDK|MMP14|RORC|SASH3|NFAM1|NKAP|NRARP|PBRM1|PCID2|PHF10|PIK3R6|PRDX2|PTPN2|RARA|RASGRP1|FGL2|SMAD7|ADA|SOCS5|RHOH|RNF41|ITPKB|RUNX1|RUNX3|SFRP1|SH2B3|OPA1|TBX21|SH3RF1|SHB|SKINT1|SMARCA2|SMARCA4|SYK|SMARCB1|SMARCC1|SMARCC2|SMARCD1|LCK|SMARCD2|ABL1|METTL3|SMARCD3|SMARCE1|TNFSF18|SOCS1|TNFSF4|SOS1|SOS2|SOX12|SOX13|SOX4|BAD|STAT5A|TCF7|TESPA1|TGFBR2|ZAP70|TNFSF9|ZBTB1|ZBTB7B|TOX|ZC3H12A|BMP4|VNN1|WNT10B|TGFB1|CYP26B1|XBP1|XRCC6|ZC3H8|KAT2A|ZEB1|ZFP35|ZFP36L2|ZFP608|ZFP609|ZMIZ1|STAT5B|AP3B1|ANXA1|CCL19|CCL20|CD74|CCR2|CCR7|CD46|FBXO7|IL4I1|FOXJ1|GATA3|GIMAP3|GIMAP5|H2-DMA|PCK1|PF4|PGLYRP1|PNP|PGLYRP3|PGLYRP4|PPP2R3C|RHOA|PTPN6|PTPRC|KLHL25|IFNG|IL4|TLR9|CDKN2A|SHH|BRAF|PRELID1|ASCL2|BCL6|BRD2|BRD4|DICER1|CCR6|CD1D1|DROSHA|SLC46A2|CD24A|CD27|SLC4A2|CD28|CD44|CD69|HMGB1|ID2|CLEC4G|CRTAM|CTLA4|DUSP10|HSP90AA1|FAS|FOXP3|H2-M3|FOXO3|HLX|IL12A|IL18|ACTB|ACTL6A|ACTL6B|ADAM8|GAS6|IL2|ADRM1|AMBRA1|IL23A|ANKLE1|AP3D1|EP300|IL27|ARID1A|ARID2|ATP11C|AXL|IL4RA|IL10|IL6|BRD7|IL7R|INPP5D|CARD11|IRF1|CBFB|JAK3|PRKDC|CD83|LAG3|CLPTM1|CTLA2A|LEF1|CYLD|LGALS1|LGALS9|PGLYRP2|DDRGK1|LOXL3,https://www.gsea-msigdb.org/gsea/msigdb/mouse/geneset/GOBP_REGULATION_OF_LYMPHOCYTE_DIFFERENTIATION,219,ENR,GOBP_REGULATION_OF_LYMPHOCYTE_DIFFERENTIATION,-1.8404,7.4999999999999997E-3,GOBP_REGULATION_OF_LYMPHOCYTE_DIFFERENTIATION,FALSE,GOBP_REGULATION_OF_LYMPHOCYTE_DIFFERENTIATION
2,1.9100948885605999,-1.9100948885605999,1.9100948885605999,-0.98770000000000002,-0.1336,7.9100000000000004E-2,1,LY9|NCOR1|MALT1|NCKAP1L|NDFIP1|PF4|NFKBID|NFKBIZ|NLRP3|OTUD5|TBK1|GIMAP1|PAX1|STAT3|STOML2|PRKCQ|PRKCZ|IL21|IL2RA|IL2RG|KLHL25|ITCH|RC3H1|RC3H2|MYB|RELB|NKX2-3|RIPK2|RORC|RSAD2|SASH3|SEMA4A|XCL1|TCIRG1|IFNG|IL4|SLAMF6|RARA|SMAD7|SOCS5|SPN|RUNX1|STAT4|RUNX3|STAT6|BRAF|ARMC5|TARM1|OPA1|TBX21|SH3RF1|SHB|AGER|NKG7|TMEM98|ASCL2|TNFRSF14|BATF|BCL6|TNFSF18|BRD2|SOCS1|TNFSF4|BRD4|ARG2|CCR6|CD160|CD24A|TGFBR2|CD274|CD28|RORA|CD3E|ZBTB7B|CD44|TOX|ZC3H12A|CD69|HMGB1|TWSG1|TGFB1|PTGER4|SATB1|MTOR|ZFP35|MEN1|BCL3|PIK3R1|ATP7A|CTSL|ENTPD7|ANXA1|FOXP3|CCL19|FUT7|CCL20|GADD45G|CEBPB|CCR2|CCR7|CD55|HLX|CD81|IL12A|FOXP1|IL12B|IL18|IL18R1|IL2|IL23A|EP300|IL27|IL4RA|IL6|IL6RA|IRGM1|CARD11|IRF1|CBFB|IRF4|CBLB|GATA3|JAK3|GIMAP3|GIMAP5|GPR183|CD83|PLA2G2D|LEF1|LGALS1|LGALS9|LOXL3,https://www.gsea-msigdb.org/gsea/msigdb/mouse/geneset/GOBP_CD4_POSITIVE_ALPHA_BETA_T_CELL_ACTIVATION,132,ENR,GOBP_CD4_POSITIVE_ALPHA_BETA_T_CELL_ACTIVATION,-1.8067,1.23E-2,GOBP_CD4_POSITIVE_ALPHA_BETA_T_CELL_ACTIVATION,FALSE,GOBP_CD4_POSITIVE_ALPHA_BETA_T_CELL_ACTIVATION
6,2.1079053973095201,-2.1079053973095201,2.1079053973095201,-0.99219999999999997,-0.15079999999999999,5.5899999999999998E-2,1,RGS2|RBM10|CDK9|BECN1|P2RX4|MEF2C|NOTCH1|PPARA|PPP3CA|RAP1GDS1|ADRA1A|AKAP1|BMP2|RGS4|AR|SMAD3|ATP2A2|RYR2|TRIM63|DYRK1A|CAMTA2|FDPS|SLC9A1|MYH6|MYH7|TOMM70A|COL14A1|CTDP1|HTR2B|NPPA|NPPB|ECE1|SLC25A4|EZH2|FBXO32|NFATC3|AKAP13|FOXO1|TRPC3|GATA4|NR4A3|GATA5|CSRP3|GLRX3|HAND2|HEY2|IGFBP5|INPP5F|PPARG|JARID2|PARP1|DDX39B|KDM4A|KLF15|ADCY10|TNFRSF1B|ADRA1B|LMCD1|PDE5A|ADRB1|MAP2K4|MEIS1|PDE9A|MSTN|SIRT1|AKAP6|ATP2B4|MTPN|SMAD4|TCAP|MYOC|MYOCD|GSK3A|TTN|GSK3B|TNFRSF1A|BMP4|IGF1|PAK2|ERRFI1|PARP2|PDLIM5|PI16|PIN1|PRKCA|CAMK2D|PTK2|CAV3|MTOR|ROCK1|ROCK2|AGT|SMAD1|CYBA|SORBS2|STUB1|TIAM1|TRIP10|PRKG1|TWF1|YY1|ZFP418|ACACB|FOXP1|GSN|EP300|ADK|G6PDX|LMNA|GATA6|NR3C1|MEF2A|KCNN4|PAK1|HAMP|HAMP2|EDN1,https://www.gsea-msigdb.org/gsea/msigdb/mouse/geneset/GOBP_MUSCLE_HYPERTROPHY,117,ENR,GOBP_MUSCLE_HYPERTROPHY,-1.9049,7.7999999999999996E-3,GOBP_MUSCLE_HYPERTROPHY,FALSE,GOBP_MUSCLE_HYPERTROPHY
2,1.9172146296835499,-1.9172146296835499,1.9172146296835499,-0.9879,-8.7999999999999995E-2,0.05,1,DHPS|LYST|DOCK8|MAD2L2|MALT1|EFNB1|EFNB2|EFNB3|EGR3|EPHB4|MLH1|FCHO1|FGF10|FLOT2|NCKAP1L|FLT3L|PRKAA1|GLI3|NFKBID|NFKBIZ|NLRP3|H2-AA|H2-AB1|H2-DMB2|ACTA2|H2-EB1|TIRAP|H2-EB2|H2-OA|TLR4|H2-OB|PAXIP1|AIF1|HPS1|PDCD1LG2|HSPH1|ICOS|PMS2|SLC4A1|IGFBP2|IHH|IL15|SART1|IL15RA|PRKCQ|IL1RL2|PRKCZ|IL21|IL2RA|IL2RG|LRRK2|IL5|PYCARD|IL7|ITGAL|RAG1|KAT5|CD38|KITL|LGALS8|RIF1|RIPK2|CHRNB2|MDK|MMP14|MPL|NCK2|SASH3|NKAP|NR5A2|PBRM1|PCID2|PELI1|PHF10|PIK3R6|SLAMF1|PRLR|CLEC7A|RARA|RASAL3|RASGRP1|ADA|SOCS5|RHOH|SPN|ITPKB|RUNX1|RUNX3|STAT6|OPA1|SH3KBP1|TBX21|MYD88|SHB|TFRC|SIRPA|SKINT1|SLC39A10|SMARCA2|SMARCA4|SYK|SMARCB1|TNFRSF13C|SMARCC1|TNFRSF14|SMARCC2|SMARCD1|LCK|SMARCD2|TNFSF13|ABL1|SMARCD3|TNFSF13B|SMARCE1|SOCS1|TNFSF4|NCK1|TRAF6|SOX12|SOX13|TRP53BP1|SELP|SOX4|BAD|STAT5A|TYK2|TCF3|ULBP1|TESPA1|PDGFB|TGFBR2|TICAM1|VTCN1|TNFRSF4|YWHAG|TNFSF14|ZAP70|TNFSF9|ZBTB1|TNIP2|ZBTB7B|BCL2|TOX|TYROBP|VAV1|VAV3|SPHK2|VCAM1|VNN1|WNT10B|TGFB1|WNT3A|XBP1|XRCC6|TREM2|CAPN3|RPS3|ZFP335|CD4|ZFP609|CFTR|ZMIZ1|B2M|CORO1A|BMI1|STAT5B|AP3B1|TACR1|PLEK|ANXA1|CCL19|FLNA|CCL2|CEBPA|CAV1|CCL5|CD74|CCR2|CCR7|CD46|CD47|CD55|CD59A|CD59B|DNAJA3|CD81|IL13|IL1A|SMO|MSH2|IL4I1|CD300LB|GATA3|GIMAP3|GIMAP5|GPR183|KCNN4|H2-DMA|H2-T23|HAMP|STAP1|IL1B|PCK1|MEF2C|NOD2|PPP3CA|PNP|TLR6|GPAM|PPP2R3C|RHOA|PTPN22|PTPRC|TNF|KLHL25|TAC1|MYB|TSLP|PTPRJ|MIF|XCL1|IFNG|IL4|THY1|TLR9|PDPN|SHH|NR4A3|PLA2G4A|AGER|AKIRIN2|ATAD5|BCL6|BRD2|BRD4|BTK|FGFR1|PDGFRB|CD160|CD1D1|CD1D2|CD226|CD24A|CD27|CD274|CD28|CD3E|CD40|DDR2|CD40LG|GP1BB|GP5|GP9|HAVCR1|EXOSC3|HMGB1|MMP8|IGF1|PEAR1|IGF2|RPS6KA1|CD80|EXOSC6|IL6ST|SOX15|SVEP1|CD86|TIMD2|TTBK1|SLC7A1|IRS2|CLEC4D|JUND|CRLF2|CTSC|DPP4|DUSP10|HSP90AA1|NFATC2|EPHB2|EPHB6|FADD|THBS1|TNFSF11|FBXO38|HES1|FOXP3|IL16|CD209D|H2-DMB1|LILRA5|H2-M3|FOXO3|HAVCR2|HLX|HSPD1|ICOSL|IL12A|WNT5A|IL12B|IL12RB1|IL18|DGAT1|ABL2|ACTB|ACTL6A|ACTL6B|IL1RL1|ADAM8|GAS6|IL2|AMBRA1|IL23A|AP3D1|EP300|ARID1A|ARID2|ATP11C|ADK|AXL|IL33|IL4RA|BLM|IL10|IL6|BLOC1S3|BRD7|IL7R|BST1|IRGM1|BTNL2|INPP5D|CARD11|IRF1|CBFB|LBP|BCL10|CCDC88B|CD209C|JAK2|CD209E|JAK3|CD276|CD320|CD5|KLHL22|PRKDC|CD6|CD83|CDKN1A|KLRK1|CSF1R|LEF1|CYLD|LGALS1|LGALS9|DDRGK1,https://www.gsea-msigdb.org/gsea/msigdb/mouse/geneset/GOBP_POSITIVE_REGULATION_OF_CELL_ACTIVATION,357,ENR,GOBP_POSITIVE_REGULATION_OF_CELL_ACTIVATION,-1.9375,1.21E-2,GOBP_POSITIVE_REGULATION_OF_CELL_ACTIVATION,FALSE,GOBP_POSITIVE_REGULATION_OF_CELL_ACTIVATION
24,2.6989700043360201,-2.6989700043360201,2.6989700043360201,-0.998,-0.1313,1.54E-2,0.92,PKLR|PRKAA1|PRKAA2|PRKAG1|ALDH1A2|ALDH1A3|SLC27A5|HNF1A|LDHB|RDH10|RDH1|RDH16|ABCD2|ABCD3|RDH9|ABHD1|ABHD2|ABHD3|ACAA1A|ACAA1B|ACADL|ACADVL|ACOT7|ACOT8|ACOX2|ACSF3|AGXT|AKR1C18|AKR1D1|ALDH1A1|ALDH8A1|ACACA|ACLY|CES1D|CES1F|ACSBG1|CYP1A1|ACSL1|ACSL3|ACSL4|CYP27A1|ACSM1|CYP39A1|ACSM2|ACSM3|DHRS9|ACSM5|ACSS1|ACSS2|CYP7A1|AGT|ALOX5|STAR|DECR2|ABCD1|ALOX12|ALOX12B|ALOX15|APOC3|ALOX8|ALOXE3|AMACR|EHHADH|ANXA1|APOA4|APOA5|APOC1|APOC2|ASAH2|AVP|AVPR1A|BAAT|BRCA1|CBR4|CD74|CEACAM1|CEACAM2|CES1B|CES1C|CES1E|CES1G|CTHRC1|HOGA1|HSD17B10|HSD17B4|MLXIPL|IDO1|KMO|LDHC|MLYCD|NDUFAB1|DAGLB|DCAF5|DEGS1|IL1B|EDN1|EDN2|RBP1|ELOVL1|ELOVL2|ELOVL3|ELOVL4|ELOVL5|ELOVL6|ELOVL7|ERLIN1|ERLIN2|FA2H|FABP5|FADS1|FADS2|FADS3|FADS6|PARK7|FASN|PLA2G1B|GSTM1|GSTM2|GSTM3|SHMT2|GSTM4|GSTM6|GSTM7|SCP2|GSTP1|SDS|GSTP2|HNF4A|HPGDS|TMEM135|HSD17B12|INSIG1|INSIG2|SLC27A2|KLHL25|LIAS|LIPC|LIPG|LPGAT1|LPL|LTC4S|MAPK9|MECR|MGLL|MID1IP1|MIF|MYO5A|THNSL2|NR1H2|NR1H3|OXSM|PDK4|PECR|PIBF1|PLA2G10|PLA2G3|PLA2G4A|PLA2G4F|PLP1|PNLIP|PNLIPRP1|PNLIPRP2|PNPLA8|PRKAB1|PRKAB2|PTGDS|PTGES|PTGES2|PTGIS|PTGS1|PTGS2|RGN|SCAP|SCD1|SCD2|SCD3|SCD4|SCO1|SIRT1|SIRT2|PROX1|SLC45A3|SPHK1|SREBF1|TBXAS1|TECR|TECRL|TRIB3|CYP7B1|UBR4|CYP8B1|ERRFI1|WDTC1|FGFR4|GATM|MTHFD2|LDHA|PRMT3|STARD4|NR1D1|PER2|GAMT|HTT|PRKAG2|PRKAG3|PTGES3|MCAT|ACACB|ACOX1|SRR|EIF6|MTHFD1L|KAT2B,https://www.gsea-msigdb.org/gsea/msigdb/mouse/geneset/GOBP_MONOCARBOXYLIC_ACID_BIOSYNTHETIC_PROCESS,213,ENR,GOBP_MONOCARBOXYLIC_ACID_BIOSYNTHETIC_PROCESS,-2.2330000000000001,2E-3,GOBP_MONOCARBOXYLIC_ACID_BIOSYNTHETIC_PROCESS,FALSE,GOBP_MONOCARBOXYLIC_ACID_BIOSYNTHETIC_PROCESS
6,2.3767507096021001,-2.3767507096021001,2.3767507096021001,-0.99580000000000002,-0.20849999999999999,2.92E-2,0.999,NUP155|NEDD4L|CACNA1C|CACNA1D|CACNA2D1|CACNB2|PKP2|CAMK2D|PLN|CASQ2|CAV3|SGCD|3425401B19RIK|GPD1L|RANGRF|DLG1|CACNA1H|RNF207|ATP2A2|RYR2|SCN1B|SCN2B|SCN3B|SCN4B|SCN5A|FGF13|ADORA1|SLC9A1|FLNA|FXYD1|ABCC9|SNTA1|KCNA5|SRI|UTY|ATP1A1|CAV1|CTNNA3|SUMO1|DSC2|DSG2|DSP|STC1|HCN4|GATA4|GJA5|PIK3CA|GSN|KCNE1|KCNE2|JUP|KCNE3|KCNH2|KCND3|KCNE4|ADCY10|PDE4D|ADRB1|BIN1|KCNJ2|KCNJ5|KCNJ8|AKAP6|ATP1A2|KCNN2|TRPM4|AKAP9|KCNQ1|ANK2|ATP2A1,https://www.gsea-msigdb.org/gsea/msigdb/mouse/geneset/GOBP_CARDIAC_MUSCLE_CELL_CONTRACTION,70,ENR,GOBP_CARDIAC_MUSCLE_CELL_CONTRACTION,-2.0855000000000001,4.1999999999999997E-3,GOBP_CARDIAC_MUSCLE_CELL_CONTRACTION,FALSE,GOBP_CARDIAC_MUSCLE_CELL_CONTRACTION
12,2.7212463990471698,-2.7212463990471698,2.7212463990471698,-1,-0.12470000000000001,2.9999999999999997E-4,1.6E-2,CTNS|FIS1|HNF1A|PRKCD|AKT2|HTR2C|SLC11A1|SLC15A4|TNFRSF11A|SLC1A3|SLC25A11|SLC25A22|SLC37A2|SLC4A7|SLC52A2|SLC52A3|SLC38A2|ABCD1|UMOD|ABCB4|ABCC1|AKT1|ABCC10|ABCC2|ABCC3|ABCC4|ABCC5|BDNF|ABCC8|ABCG2|ABCG3|ACE|ACE2|ADORA1|ADORA2A|ANK|APBA1|AQP8|AQP9|ARHGEF11|ARL6IP1|PRKG1|ARL6IP5|ATP1A3|ATP8B1|BEST1|BEST2|CACNA1A|CALHM2|CAR4|CASR|CCK|CD36|CD47|CLDN2|CLN8|CRABP1|CRABP2|DPYSL2|SLC19A3|DTNBP1|SLC25A16|EMB|SLC25A19|FABP12|SLC25A42|FABP6|SLC2A1|FABP7|FOLR2|SLC35A1|G6PC3|GABBR1|GFAP|GIPC1|GJA1|GNAT2|GRIK1|HRH2|IL1A|IL1RN|KCNK1|KCNK2|KISS1R|LLGL2|LRP2|LRRC8A|LRRC8B|LRRC8C|LRRC8D|LRRC8E|MAP2K6|MFSD10|MFSD12|MGST1|MYC|MTTP|MYO6|NF1|NFKBIE|NMB|NR0B2|NR3C1|NTRK2|OXT|P2RY2|PAK1|PANX1|PLA2G12A|PLA2G12B|PLA2G2C|PLA2G2D|PLA2G2E|PLA2R1|IL1B|PLIN2|PROCA1|PSAP|RAB3GAP1|RBP1|RBP2|RBP7|REPIN1|RGS2|RPS6KB1|SFXN1|SFXN2|SFXN3|SFXN5|SHOC2|SLC10A1|SLC10A2|SLC10A3|SLC10A4|SLC10A5|SLC10A6|SLC10A7|SLC12A2|SLC13A2|SLC13A3|SLC16A10|SLC16A11|PLA2G1B|SLC16A12|PLA2G6|SLC16A14|SLC16A4|SLC16A6|SLC16A7|SLC16A9|SLC17A1|SLC17A2|SLC17A3|SLC17A4|SLC17A5|SLC17A7|SLC17A8|SLC25A23|SLC17A9|SLC19A1|SNCA|SLC1A1|SLC1A2|SLC1A4|SLC1A5|SLC1A6|TMEM135|SLC22A1|TNF|SLC22A12|SLC22A18|SLC22A19|SLC22A2|SLC22A20|SLC22A22|SLC22A26|SLC22A27|SLC22A28|SLC22A29|SLC22A3|SLC22A30|SLC22A6|SLC22A7|SLC22A8|SLC23A1|SLC23A2|SLC25A1|SLC25A15|SLC25A20|SLC25A21|SLC25A24|SLC25A26|SLC25A29|SLC25A31|SLC25A32|SLC25A38|SLC25A39|SLC25A4|SLC25A40|SLC25A47|SLC25A5|SLC26A1|SLC26A11|SLC26A3|SLC26A6|SLC26A9|SLC2A10|SLC2A2|SLC2A3|SLC2A4|SLC2A5|SLC2A8|SLC2A9|SLC32A1|SLC33A1|SLC35A2|SLC35A3|SLC35B1|SLC35B2|SLC35B3|SLC25A13|SLC35B4|SLC25A25|SLC35C2|SLC35D1|SLC35D2|SLC35D3|SLC36A1|VPS54|SLC36A3|SLC36A4|ADCY10|SLC37A1|SLC38A3|SLC38A4|SLC38A5|SLC38A6|SLC38A7|SLC38A9|SLC39A14|SLC3A1|SLC3A2|SLC43A1|SLC43A2|SLC43A3|SLC44A4|SLC46A1|SLC46A2|SLC47A1|SLC4A10|SLC4A11|SLC4A2|SLC4A3|SLC4A5|SLC4A8|SLC4A9|SLC5A12|SLC5A6|SLC5A8|SLC6A12|SLC6A13|SLC6A14|SLC6A15|SLC6A17|SLC6A20B|SLC6A6|SLC6A7|SLC6A8|SLC6A9|SLC7A1|IRS2|SLC7A10|SLC7A13|SLC7A14|SLC7A2|SLC7A3|SLC7A4|SLC7A5|SLC7A6|SLC7A8|SLC7A9|SLCO1A1|PER2|SLCO1A4|SLCO1A5|SLCO1A6|SLCO1B2|SLCO1C1|SLCO2A1|SLCO2B1|SLCO3A1|SLCO4A1|SLCO4C1|SLCO5A1|STARD10|STXBP1|SV2A|SYT4|THBS1|TNFSF11|TRPC4|TSPO2|TTYH1|TTYH2|TTYH3|SLC25A12|SLC37A4|ACACB|CROT|P2RX7|PSEN1|SLC27A5|SLC4A1|SLC4A4|UCP2|ABAT|ABCB11|ABCD2|ABCD3|ABCD4|ACSL5|AGXT|SYK|ABCB1A|ABCB1B|APOE|ARG1|ARG2|CES1D|CES1F|CPT1B|CPT2|ACSL1|ACSL3|ACSL4|ACSL6|CYP7A1|CFTR|AGT|DRD4|ANXA1|FABP1|AVP|AVPR1A|CEACAM1|CEACAM2|CES1B|CES1C|CES1E|CES1G|GOT2|ITGB1|KCNJ10|KMO|KCNJ8|CYP4A10|MFSD2A|CYP4A31|CYP4A32|NOS2|LYN|EDN1|FABP2|FABP3|FABP4|FABP5|PPARD|PTGER3|RGS4|SLC16A1|SLC16A3|SLC25A17|SLC25A44|SLC27A2|SLC27A4|SLC36A2|LYPLA1|MAPK9|MIF|NFE2L1|PDPN|PLA2G10|PLA2G2F|PLA2G3|PLA2G4A|PLA2G4F|PLA2G5|PNPLA8|PPARG|PTGES|PTGS2|SLC22A13|SLC27A1|SLC27A3|SLC27A6|CLN3|NR1H4|SLC25A2|SLC38A1|SLC39A8|SLC7A11|SLC7A7|SLC25A10|ABCC6|FOLR1|CACNB4,https://www.gsea-msigdb.org/gsea/msigdb/mouse/geneset/GOBP_ORGANIC_ANION_TRANSPORT,406,ENR,GOBP_ORGANIC_ANION_TRANSPORT,-2.8561000000000001,0,GOBP_ORGANIC_ANION_TRANSPORT,FALSE,GOBP_ORGANIC_ANION_TRANSPORT
1,2.7212463990471698,-2.7212463990471698,2.7212463990471698,-1,-0.31409999999999999,0,1E-3,NDUFB7|NDUFB8|NDUFB9|NDUFC1|NDUFC2|NDUFS1|NDUFS2|NDUFS3|NDUFS4|SPHK2|NDUFS5|NDUFS6|NDUFS7|TGFB1|NDUFS8|ENTPD1|NDUFV1|TMSB4X|NDUFV2|TREM2|NDUFV3|FAM3A|PPARA|SDHA|SDHB|SDHC|SDHD|HNF1A|STAT3|STOML2|LETMD1|MAP2K1|VCP|SLC25A12|IL4|ALDOA|DNAJC30|NUDT2|ENO1|SLC25A13|PARP1|AK3|ADCY10|LDHC|MYC|LDHD|NDUFA1|NDUFA10|NDUFA11|NDUFA12|NDUFA13|PID1|NDUFA2|NDUFA3|NDUFA5|NDUFA6|ATP6V1A|NDUFA7|NDUFA8|NDUFA9|BCL2L1|NDUFAB1|NDUFB10|NDUFB11|NDUFB2|LIPA|NDUFB3|NDUFB4|NDUFB5|COX11|NDUFB6,https://www.gsea-msigdb.org/gsea/msigdb/mouse/geneset/GOBP_ATP_BIOSYNTHETIC_PROCESS,71,ENR,GOBP_ATP_BIOSYNTHETIC_PROCESS,-3.1211000000000002,0,GOBP_ATP_BIOSYNTHETIC_PROCESS,FALSE,GOBP_ATP_BIOSYNTHETIC_PROCESS
3,1.79860287567955,-1.79860287567955,1.79860287567955,-0.98409999999999997,-0.14910000000000001,5.91E-2,1,PEX13|PEX5|PEX7|APOD|FABP3|PHYH|POR|PLIN5|PPARA|PRKAA1|FMO2|FMO1|FMO4|PPARD|GDF15|SCP2|HAO2|SESN2|SLC25A17|SLC27A2|KLHL25|AKT2|ABCB11|ABCC9|ABCD2|ABCD3|MAPK14|ABCD4|ACAA1A|ACAA1B|ACAA2|ACAD10|ETFA|ACAD11|ETFB|ACAD12|ETFDH|TWIST1|TYSND1|ACADL|NUCB2|ACADS|ACADVL|PDK4|ACOX2|ACOX3|ACOXL|ACSL5|ADH4|ADH5|ADH7|ADIPOQ|PPARGC1A|PPARG|PLA2G7|ACADM|BLVRA|C1QTNF2|AUH|SIRT4|SOX9|BDH2|CNR1|CPT1A|CPT1B|CPT2|CRAT|IRS1|IRS2|CYP4F13|MTOR|ADIPOR1|ADIPOR2|ALOX5|DBI|DECR1|ABCD1|ALOX12|ECH1|ALOX12B|ECHDC1|ALOX12E|ECHDC2|AKT1|ALOX15|ECHS1|ECI1|ALOX8|ECI2|ALOXE3|ECI3|EHHADH|FABP1|APPL2|GCDH|C1QTNF9|ACACB|ACAT1|ACOX1|ALDH1L2|CP|HACL1|CYGB|HADH|HADHA|CROT|HADHB|DGAT1|HAO1|HSD17B10|HSD17B4|SAMD1|ILVBL|IVD|LONP2|MFSD2A|CYP4V3|MLYCD|DGAT2,https://www.gsea-msigdb.org/gsea/msigdb/mouse/geneset/GOBP_LIPID_OXIDATION,119,ENR,GOBP_LIPID_OXIDATION,-1.8833,1.5900000000000001E-2,GOBP_LIPID_OXIDATION,FALSE,GOBP_LIPID_OXIDATION
4,2.6989700043360201,-2.6989700043360201,2.6989700043360201,-0.998,-0.1265,2.75E-2,0.998,MAD2L2|RAG2|MLH1|MSH6|FGF10|NBN|ARTN|FLT3|NDFIP1|FOXN1|NFKB2|ASXL1|NFKBIZ|CCNB2|CD248|CDKN2B|PSEN1|EPHB3|FGF3|FOXL1|HOXA3|HOXB4|PARP3|LMO4|PAXIP1|LRRC17|PDCD1|LTB|LTBR|MAFB|PKN1|ICOS|MAP2K2|PMS2|PAX1|PHLPP1|RAF1|IL15|RCBTB2|SAMD9L|SBDS|SLC40A1|TBX1|IL2RA|TCF21|TET2|MAP2K1|TGFBR1|MAPK1|TLX1|ITCH|XKR8|RAG1|RC3H1|RC3H2|RIF1|RIPK3|MAD1L1|RNF168|RNF8|RORC|NR5A2|PCID2|EZH2|PRDX2|BCL2L11|SLC15A4|ADA|RUNX1|STAT6|HAND2|NKX2-5|SWAP70|AICDA|TBX21|JARID2|TFRC|TNFAIP3|TNFRSF11A|TNFSF13|ABL1|TNFSF4|TRP53BP1|STAT5A|PCYT1A|TCF3|TCF7|TGFBR2|UNG|XRCC4|SAMHD1|ZBTB1|BCL2|TOX|CACNA1C|TGFB1|XRCC6|AHR|BCL3|STAT5B|YY1|CCR7|PITX2|SIX1|CXCL13|IDO1|MSH2|EXO1|ZMPSTE24|FOXJ1|GATA3|LRP5|H2-T23|LYN|CRKL|FANCB|LTA|BCL11B|MCM3AP|MSH3|NHEJ1|POLB|POLM|POLQ|CTNNBL1|PSEN2|PPP2R3C|CXCR5|PTPRC|SMAD3|IKZF1|SPNS2|MYB|NKX2-3|TRAF3IP2|ONECUT1|IFNG|ADAR|ATM|IL4|NFATC3|PDPN|SHH|BRAF|ADAM17|APLF|ATAD5|BATF|BCL6|SCO1|C3AR1|DICER1|CCR6|SIX4|SLC46A2|SRF|CD28|CD3E|CD40|CD40LG|EXOSC3|HMGB1|EXOSC6|CD86|ID2|APC|CDH17|PBX1|MAPK3|RBM15|DCLRE1C|CTNNB1|ERCC1|FADD|FAS|TNFSF11|HES1|FOXP3|H2-M3|TRP53|IRAK3|HAVCR2|HSPD1|ICOSL|FOXP1|CD2AP|IL2|ADRM1|IL27RA|CITED2|IL7R|RET|CBLB|JAK3|PRKDC|CCR4|NFKB1|CACNB4|LEF1|LIPA|LIG4,https://www.gsea-msigdb.org/gsea/msigdb/mouse/geneset/GOBP_IMMUNE_SYSTEM_DEVELOPMENT,201,ENR,GOBP_IMMUNE_SYSTEM_DEVELOPMENT,-2.0979000000000001,2E-3,GOBP_IMMUNE_SYSTEM_DEVELOPMENT,FALSE,GOBP_IMMUNE_SYSTEM_DEVELOPMENT
15,1.76447155309245,-1.76447155309245,1.76447155309245,-0.98280000000000001,-0.16800000000000001,5.0599999999999999E-2,1,BCL2|CD44|BMP4|DOCK8|P2RX7|LGALS3|LMBR1L|IRS2|AURKB|ZC3H8|BCL11B|EFNA1|HSH2D|PDCD7|RPS6|PTCRA|GLI3|NFKBID|PNP|TSC22D3|NFKBIZ|CASP8|DFFA|EBF4|BCL3|FASL|GPAM|GIMAP8|PTEN|PDCD1|SIGLEC1|VHL|SIVA1|PKN1|FNIP1|RIPK1|FADD|AKT1|FAS|PRKCQ|IL21|PRKD2|IL2RA|BBC3|BCL2A1A|RAG1|TNFRSF21|TRAF3IP2|CASP7|RIPK3|BAX|RORC|CCL5|MIF|TRP53|CD74|ST3GAL1|SERPINB9|TGFB2|CD47|DNAJA3|BCL2L11|NOC2L|WNT5A|FOXP1|ADA|ADAM8|IL2|PERP|PRELID1|IDO1|SLC39A10|BLM|IL10|IL7R|KIFAP3|MYC|TNFSF4|BCL10|ORMDL3|ARG2|JAK3|KDELR1|HIF1A|SLC46A2|CD24A|CD27|CD274|TNFRSF4|LIPA|LYN|CD3G|CHEK2|CRKL|BAK1,https://www.gsea-msigdb.org/gsea/msigdb/mouse/geneset/GOBP_LYMPHOCYTE_APOPTOTIC_PROCESS,95,ENR,GOBP_LYMPHOCYTE_APOPTOTIC_PROCESS,-1.9315,1.72E-2,GOBP_LYMPHOCYTE_APOPTOTIC_PROCESS,FALSE,GOBP_LYMPHOCYTE_APOPTOTIC_PROCESS
17,1.99139982823808,-1.99139982823808,1.99139982823808,-0.98980000000000001,-0.24890000000000001,7.8399999999999997E-2,1,SLC1A3|TESC|NR3C2|TMPRSS3|CORIN|MLLT6|SLC12A2|EXT2|AGT|IL1A|SCN7A|SCNN1A|SCNN1G|SGK1|UMOD|SLC12A1|SLC12A3|SPP1|EDNRA|EDNRB|C7|EXT1|ATP1A2|COMT|SCNN1B|SLC8A1|ATP1B1|SLC9A1|ATP6V1B1|FXYD2|ATP12A|ATP1A1|ATP1A3|ATP1B2|ATP1B3|UPK3A|ATP4A|EDN1,https://www.gsea-msigdb.org/gsea/msigdb/mouse/geneset/GOBP_SODIUM_ION_HOMEOSTASIS,38,ENR,GOBP_SODIUM_ION_HOMEOSTASIS,-1.8102,1.0200000000000001E-2,GOBP_SODIUM_ION_HOMEOSTASIS,FALSE,GOBP_SODIUM_ION_HOMEOSTASIS
3,2.7212463990471698,-2.7212463990471698,2.7212463990471698,-1,-0.2177,0,0,AADAT|AKT2|AASDHPPT|ABAT|ABCB11|ABCD2|ABCD3|ABCD4|ABHD1|ABHD2|ABHD3|ACAA1A|ACAA1B|ACAA2|ACAD10|ACAD11|ACAD12|ACAD8|ACAD9|ACADL|ACADS|ACADSB|ACADVL|ACMSD|ACOT4|ACOT7|ACOT8|ACOX2|ACOX3|ACOXL|ACSF3|ACSL5|ADIPOQ|AFMID|AGXT|AGXT2|AHCY|AIG1|AKR1A1|AKR1D1|ALDH4A1|ALDH5A1|ALDH6A1|ALDH8A1|AMDHD1|AMDHD2|ARG1|ARG2|ASRGL1|ATP2B4|AUH|BCAT1|BCAT2|BCKDHA|BCKDHB|BCKDK|BDH2|BLMH|CBS|CDO1|CES1D|CES1F|CNR1|CPT1A|CPT1B|CPT2|CRAT|CRYL1|CSAD|CYP26A1|CYP26B1|CYP39A1|CYP4F13|CYP4F14|CYP4F15|CYP4F18|DAO|DBI|DBT|DCXR|DDAH1|DDO|DECR1|DECR2|ABCD1|DPEP1|DPEP2|ECH1|ECHDC1|ECHDC2|AKT1|ECHS1|ECI1|ECI2|ECI3|EHHADH|FAAH|FABP1|FAH|FTCD|GAD1|GAD2|GCAT|GCDH|GCSH|GLDC|GLS|GLS2|GLUD1|GNPDA2|GOT1|GOT2|GPT|GPT2|GSTZ1|HAAO|DLAT|HACL1|DLD|HADH|DLST|HADHA|HADHB|HAL|HAO1|HDC|HGD|HIBADH|HIBCH|HOGA1|HPD|HSD17B10|HSD17B4|IDO1|IDO2|IL4I1|ILVBL|IVD|KLF9|KMO|KYNU|LDHC|LDHD|LIPE|LONP2|LPIN1|LPIN2|LPIN3|MAT1A|MCCC1|MCCC2|MFSD2A|MLYCD|MTRR|NAALAD2|NAGK|NOS2|NOS3|NPL|NUDT19|NUDT7|NUDT8|OAT|OAZ1|OTC|PAH|PCK1|PCK2|PEX13|PEX5|PEX7|PHYH|PIPOX|PLIN5|PM20D2|PON1|PON3|PPARD|PPAT|PPM1K|PRODH|PRODH2|QDPR|QPRT|RENBP|SARDH|SCLY|SCP2|SDS|SDSL|SESN2|SHMT1|SLC16A1|SLC16A3|SLC25A17|SLC25A44|SLC27A2|SLC27A4|SORD|SP1|STRAP|TAT|TDH|TDO2|ETFA|THA1|ETFB|THNSL2|ETFDH|TWIST1|TYSND1|UROC1|XYLB|ACADM|ADHFE1|IRS1|IRS2|LDHA|MTOR|AASS|ACACB|ACAT1|ACOX1|ALDH1L1|ALDH1L2|CROT|GNPDA1|HMGCL|HMGCLL1,https://www.gsea-msigdb.org/gsea/msigdb/mouse/geneset/GOBP_ORGANIC_ACID_CATABOLIC_PROCESS,229,ENR,GOBP_ORGANIC_ACID_CATABOLIC_PROCESS,-3.7946,0,GOBP_ORGANIC_ACID_CATABOLIC_PROCESS,FALSE,GOBP_ORGANIC_ACID_CATABOLIC_PROCESS
3,2.7212463990471698,-2.7212463990471698,2.7212463990471698,-1,-0.27979999999999999,0,0,OAT|DHFR|PCK1|PCK2|PHYH|OGDH|PM20D2|PRODH|PRODH2|SDHA|SDHB|QPRT|REG3G|SUCLA2|SHMT1|SUCLG1|SUCLG2|ME1|ME2|AADAT|MTHFD1|AASDHPPT|MTHFD2L|TAT|UROC1|ACMSD|ACOT4|ACOT8|ACSF3|PCX|ALDH4A1|ADHFE1|ALDH5A1|AMDHD1|ACLY|ALDH18A1|APC|ASL|ASPA|ASS1|ATCAY|GLUL|DDO|FPGS|GCLC|GCLM|GGT1|HTT|NAGS|NAT8L|NIT2|NR1H4|FTCD|GAD1|COL6A1|GAD2|SLC25A12|GLS|GLS2|GLUD1|ALDH1L1|GOT1|ALDH1L2|GOT2|SLC7A11|CS|CSL|GPT2|HAAO|DLD|DLST|FH1|HAL|IDH1|IDH2|HOGA1|MDH1|MDH2|IDO1|MRPS36|KMO|KYNU|BCL10|BIN1|D2HGDH|E2F1|EXTL3|ATIC|FAHD1|FAHD2A|FOLR1|GRHPR|ME3|MTHFD1L|RAC1|MTRR|XIAP,https://www.gsea-msigdb.org/gsea/msigdb/mouse/geneset/GOBP_DICARBOXYLIC_ACID_METABOLIC_PROCESS,97,ENR,GOBP_DICARBOXYLIC_ACID_METABOLIC_PROCESS,-3.2238000000000002,0,GOBP_DICARBOXYLIC_ACID_METABOLIC_PROCESS,FALSE,GOBP_DICARBOXYLIC_ACID_METABOLIC_PROCESS
2,2.2291479883578602,-2.2291479883578602,2.2291479883578602,-0.99409999999999998,-0.1147,3.56E-2,1,DHPS|DLG5|DOCK8|MALT1|P2RX7|EFNB1|ERBB2|NCKAP1L|NDFIP1|GLMN|GNRH1|GPNMB|H2-AA|H2-DMB2|AIF1|PDCD1LG2|SLC4A1|IGFBP2|IHH|IL15|PRKCQ|IL21|IL2RA|PYCARD|ITCH|ITGAL|RC3H1|KITL|RC3H2|LAPTM5|WNT4|LMO1|LRRC32|RIPK2|RIPK3|MAD1L1|MAPK8IP1|NCK2|SASH3|NR5A2|ITGB2|PELI1|PRDX2|SLAMF1|RAC2|SLC11A1|RASAL3|SLFN1|RASGRP1|SLFN2|MSN|SPN|SCGB1A1|SCRIB|SDC4|SFTPD|TARM1|SH3RF1|TFRC|SYK|TNFRSF13C|TNFRSF14|TNFRSF1B|ABL1|PDE5A|TNFSF13B|TNFSF18|TNFSF4|NCK1|SOS1|TRAF6|ARG1|SOS2|ARG2|STAT5A|TYK2|TGFBR2|VTCN1|TNFRSF4|TNFRSF9|CCND3|ZAP70|CD151|TNFSF9|ZBTB7B|CRIP3|TSC2|BMP4|TSPAN32|DOCK2|TWSG1|EBI3|ELF4|IFNAR2|ITGAD|VCAM1|ITGAX|LMBR1L|TGFB1|PSMB10|ZC3H12D|RPS3|SATB1|RPS6|SH2D2A|ZBTB32|CD4|ZNHIT1|CORO1A|BMI1|STAT5B|DLG1|BID|ANXA1|FKBP1A|FKBP1B|CCL19|FYN|CCL5|CEACAM1|CCR2|CCR7|CD37|CD46|CD55|CD59A|CD59B|DNAJA3|CD81|GJA1|IL1A|CXCL12|IDO1|IL4I1|MYC|ITGAM|FOXJ1|ALKBH5|H2-T23|PLA2G2D|IL1B|LGALS3|PPP3CA|PNP|PRNP|GPAM|PTPN6|PTEN|PTPN22|PTPRC|TNFRSF21|VSIG4|BAX|XCL1|IFNG|IL4|CDKN2A|SHH|PLA2G2F|PLA2G5|ARMC5|CASP3|AGER|BCL6|BTLA|PRKAR1A|CD1D1|CD1D2|CD24A|CD274|SLC4A2|CD28|CD3E|CD40LG|CD44|CD70|HMGB1|IGF1|IGF2|CD80|IL6ST|CD86|SLC7A1|CLEC4G|CRTAM|CTLA4|NCSTN|CTNNB1|CXCR4|EPHB6|FADD|HES1|FOXP3|CD209D|CEBPB|H2-DMB1|H2-M3|TRP53|PAWR|HAVCR2|ICOSL|IL12A|IL12B|IL12RB1|IL18|IL2|IL20RB|IL23A|IL27|ADK|BLM|IL6|IRGM1|BTNL2|CARD11|IRF1|CBLB|CCDC88B|CD209A|CD209C|JAK2|CD209E|JAK3|CD276|CD6|CLEC2I|LIPA|LGALS9,https://www.gsea-msigdb.org/gsea/msigdb/mouse/geneset/GOBP_T_CELL_PROLIFERATION,228,ENR,GOBP_T_CELL_PROLIFERATION,-2.0379,5.8999999999999999E-3,GOBP_T_CELL_PROLIFERATION,FALSE,GOBP_T_CELL_PROLIFERATION
7,2.7212463990471698,-2.7212463990471698,2.7212463990471698,-1,-0.22140000000000001,0,0,KNG2|KRT1|KRT6A|LEAP2|LGALS3|LGALS4|LTA|LTF|MASP2|MBL1|MBL2|MEF2C|MMP7|NOD2|NOTCH1|NOTCH2|FAM3A|NPY|NTS|PF4|PGLYRP1|PGLYRP3|PGLYRP4|PLA2G1B|PLA2G6|PPBP|PPL|RBPJ|PPP2R3C|PTPN6|PTPRC|RARRES2|REG1|REG2|REG3A|REG3B|REG3D|REG3G|RNASE4|RNASE6|ROMO1|S100A9|SERPING1|SH2D1A|SLPI|TNF|SPAG11B|SPNS2|SPON2|SUSD4|TAC1|TFE3|TFEB|TNFRSF21|TRAF3IP2|TRF|TSLP|VSIG4|WFDC10|WFDC12|WFDC13|WFDC15B|WFDC16|WFDC2|WFDC3|WFDC5|XCL1|IFNG|NPPB|C1QBP|FAU|RPL30|RPL39|RPS19|TREM2|ADM|ALOX5|ANG|B2M|BCL3|BMI1|BPIFA1|C1QA|C1QB|C1QC|C1RA|C1RB|C1RL|POMC|C2|C3|C4A|C4B|C4BP|C6|C7|C8A|C8B|C8G|C9|CAMP|CCL1|CCL11|CCL12|CCL17|CCL19|CCL2|CCL20|CCL22|CCL24|CCL25|CCL27A|CCL28|CCL3|CCL4|CCL5|CCL6|CCL7|CFH|CCL8|CCL9|CCR2|CCR7|CD37|CD46|CD55|CD59A|CD59B|CD5L|CD81|CFB|CFD|CFHR1|APP|CFHR2|CFI|CFP|COLEC10|COLEC11|CR1L|CR2|CRP|CTSG|CX3CL1|CXCL10|CXCL11|CXCL12|CXCL13|CXCL14|CXCL15|CXCL5|CXCL9|DEFB1|DEFB37|DMBT1|ELANE|EVPL|EXO1|F2|FCER2A|FCGR2B|GAPDH|FCNA|FCNB|FGA|FGB|FOXJ1|GATA3|GATA6|GIMAP3|GIMAP5|GPR183|H2-DMA|H2-T23|HAMP|HAMP2|HC|HMGN2|HPX|HRG|IL1B|IVL|KLK5|KLK7|KNG1,https://www.gsea-msigdb.org/gsea/msigdb/mouse/geneset/GOBP_HUMORAL_IMMUNE_RESPONSE,185,ENR,GOBP_HUMORAL_IMMUNE_RESPONSE,-3.4923000000000002,0,GOBP_HUMORAL_IMMUNE_RESPONSE,FALSE,GOBP_HUMORAL_IMMUNE_RESPONSE
31,1.87942606879415,-1.87942606879415,1.87942606879415,-0.98680000000000001,-0.12,9.6299999999999997E-2,1,RPL23|BAZ1A|MCM3AP|NFKBIZ|CENPV|RRN3|H1F0|DNAJC9|H3F3B|SART3|IKZF1|POLE3|ZFP827|ATAD2|ATAD2B|BDP1|BRF2|CAND1|SPTY2D1|DR1|GTF2A1|CDT1|GTF2A2|CENPC1|GTF2B|CENPE|TAF9|GTF2F2|MED23|MIS12|HNF1B|MED10|MED11|MED14|HEY2|MED15|MED16|MED17|MED18|MED19|MED20|MED21|MED22|MED24|MED25|MED26|SMARCA2|MED27|SMARCA4|MED28|SMARCB1|MED29|SMARCC1|ANP32B|MED30|SMARCC2|ASF1A|MED31|SMARCD1|ASF1B|MED4|SMARCD2|CDC45|MED6|SMARCD3|CENPA|MED7|SMARCE1|BRD2|CENPH|MED8|CENPI|ESR1|MED9|CENPK|CENPN|CENPO|CENPP|CENPT|CENPW|CHAF1A|CHAF1B|DAXX|CHD1|TAF8|CHD2|CHRAC1|PSMC6|DLGAP5|SOX9|DMC1|GMNN|RSF1|HIRA|HJURP|SMARCA5|HP1BP3|ITGB3BP|KNTC1|TAF1|LIN54|TAF11|NAP1L1|TAF13|NAP1L2|TAF1C|NAP1L3|TAF2|HMGB1|NAP1L4|TAF3|NAP1L5|TAF4B|NASP|TAF5|OIP5|TAF6|PADI4|TAF7|PIAS1|POGZ|TBP|RAD51C|WNT10B|MED1|RAD52|RBBP4|RNF4|SENP6|CREB1|MCM2|SET|SHPRH|SSRP1|SUGT1|TCF4|TSPYL1|TSPYL2|TSPYL4|TSPYL5|AHR|UBN1|GRWD1|GTF2H5|TAF10|TAF12|CEBPG|TAF6L|THRA|POLR1E|BRF1|TAF1B|SETD2|TRP53|ATRX|EP300|SMYD3|ARID1A|NPM1|ARID2|RAD51|MYC|TERF1|BMYC,https://www.gsea-msigdb.org/gsea/msigdb/mouse/geneset/GOBP_PROTEIN_DNA_COMPLEX_ORGANIZATION,164,ENR,GOBP_PROTEIN_DNA_COMPLEX_ORGANIZATION,-1.7504,1.32E-2,GOBP_PROTEIN_DNA_COMPLEX_ORGANIZATION,FALSE,GOBP_PROTEIN_DNA_COMPLEX_ORGANIZATION
25,1.99139982823808,-1.99139982823808,1.99139982823808,-0.98980000000000001,-0.28060000000000002,3.44E-2,0.999,DDIT3|PRG2|HAVCR2|ICOSL|RARA|NOTCH1|NOTCH2|NDFIP1|SLC7A5|SCGB1A1|NLRP3|RBPJ|IL20RB|IL33|ZG16|SYK|PRKCQ|IL1RAP|PRKCZ|IRF4|ZFPM1|TNFSF4|FCER1G|ITK|GATA3|FOSL2|FOXP3|TXK|CD1D1|CD1D2|CD83|H2-T23|CEBPB|VTCN1|CD28|LEF1|CD3E|SASH3|CD40LG,https://www.gsea-msigdb.org/gsea/msigdb/mouse/geneset/GOBP_INTERLEUKIN_4_PRODUCTION,39,ENR,GOBP_INTERLEUKIN_4_PRODUCTION,-2.0525000000000002,1.0200000000000001E-2,GOBP_INTERLEUKIN_4_PRODUCTION,FALSE,GOBP_INTERLEUKIN_4_PRODUCTION
29,2.2218487496163601,-2.2218487496163601,2.2218487496163601,-0.99399999999999999,-0.20649999999999999,3.7400000000000003E-2,1,PRDX6|DHFR|PRDX6B|TXNRD3|MGST2|GSTO2|GSTT1|MT3|PRDX3|PARK7|APOM|GPX1|GPX4|GSTA1|SOD1|NFE2L2|GSTM7|NQO1|SESN2|S100A9|ATP7A|CAT|APOA4|FABP1|MGST3|GPX2|PRDX4|SOD3|CD36|PRDX2|GSTO1|CP|GCH1|TXNRD1|CYGB|GSR|GSTK1|HP|PTGES|SOD2|PTGS1|PTGS2|AMBP|CCS|FANCC|FBLN5|LPO|GPX3|APOE|GPX6|S100A8|GPX7|GPX8|KDM3B|MB|MPO|NXN|PRDX5|PXDN|PRDX1|SESN1|SRXN1|TRP53INP1|TXN1|TXNDC17|TXNRD2|UBIAD1|NOS3,https://www.gsea-msigdb.org/gsea/msigdb/mouse/geneset/GOBP_CELLULAR_OXIDANT_DETOXIFICATION,68,ENR,GOBP_CELLULAR_OXIDANT_DETOXIFICATION,-2.0219,6.0000000000000001E-3,GOBP_CELLULAR_OXIDANT_DETOXIFICATION,FALSE,GOBP_CELLULAR_OXIDANT_DETOXIFICATION
23,2.4089353929735,-2.4089353929735,2.4089353929735,-0.99609999999999999,-0.17949999999999999,2.86E-2,0.999,NCOR1|APOA1|APOA2|EPHX2|PCSK9|FABP3|FABP4|SCARB1|HDAC9|HNF4A|INSIG1|ALMS1|LIPC|CCDC22|LIPG|EHD1|GRAMD1B|LPL|HSDL2|ABCB11|MED13|MIA2|MYLIP|SEC24A|TMEM97|NFE2L1|NR1H2|NR5A2|NR1H3|COMMD9|PLA2G10|ABCA5|ABCG1|ABCG4|APOB|LCAT|PNLIP|PNLIPRP1|PNLIPRP2|SCD1|NUS1|APOE|SIRT1|CD24A|RORA|CES1D|CES1F|LDLR|LDLRAP1|CYP7B1|LIMA1|ERRFI1|FGFR4|NPC2|XBP1|CYP39A1|TSPO|RALY|CAV3|NR1D1|CYP7A1|GPIHBP1|COMMD1|SLCO1A6|SOAT1|SOAT2|SREBF2|ABCD1|TSKU|NPC1|TTC39B|APOC3|ANGPTL3|NEGR1|PLSCR3|APOA4|APOA5|NR1H4|HPN|SLC37A4|CAV1|ABCG5|ABCG8|CES1B|CES1C|GPR39|CES1E|ACOX1|CES1G|IL18|MTTP|AMPD2|LRP5|PLA2G12B|ABCA1|ABCA2|DGAT2,https://www.gsea-msigdb.org/gsea/msigdb/mouse/geneset/GOBP_STEROL_HOMEOSTASIS,97,ENR,GOBP_STEROL_HOMEOSTASIS,-2.0899000000000001,3.8999999999999998E-3,GOBP_STEROL_HOMEOSTASIS,FALSE,GOBP_STEROL_HOMEOSTASIS
2,1.8386319977650301,-1.8386319977650301,1.8386319977650301,-0.98550000000000004,-0.1089,7.9899999999999999E-2,1,MALT1|EGR3|NCKAP1L|FLT3L|ZFP36L1|GLI3|NFKBID|NFKBIZ|NLRP3|H2-AA|RPTOR|CSF1|IHH|IL15|SART1|IL15RA|IL1RL2|PRKCZ|IL21|IL2RA|IL2RG|IL5|IL7|RAG1|KAT5|KITL|RIPK2|MDK|IL34|MMP14|NEDD9|SASH3|NKAP|PBRM1|PCID2|PHF10|PIK3R6|RARA|RASGRP1|ADA|SOCS5|RHOH|ITPKB|RUNX1|RUNX3|OPA1|NINJ1|SHB|SKINT1|SMARCA2|TNFRSF11A|SMARCA4|SYK|SMARCB1|SMARCC1|SMARCC2|SMARCD1|LCK|SMARCD2|SMARCD3|SMARCE1|ROR2|SOCS1|TNFSF4|TRAF6|SOX12|SOX13|SOX4|BAD|STAT5A|TESPA1|TGFBR2|ZAP70|TNFSF9|ZBTB1|ZBTB7B|TOX|TYROBP|VNN1|WNT10B|TGFB1|OCSTAMP|XBP1|PRKCA|XRCC6|TREM2|CREB1|CD4|ZFP609|ZMIZ1|STAT5B|AP3B1|ANXA1|CCL19|CCL3|CCL5|CD74|CCL9|CCR2|CCR7|CD46|ITGB3|IL4I1|JUN|ACIN1|ITGAM|FES|GATA3|GIMAP3|GIMAP5|H2-DMA|PCK1|RB1|NOTCH2|PPP3CA|PNP|CASP8|PPP2R3C|RHOA|HCLS1|PTPRC|TMEM64|RIPK1|TNF|IKZF1|KLHL25|CTNNBIP1|IFNG|TESC|IL4|HSF1|SHH|PLA2G3|AGER|BCL6|BRD2|BRD4|CD1D1|CD27|GNAS|FOS|CD40LG|GSK3B|HMGB1|ID2|DCSTAMP|CAR2|CCR1|DUSP10|HSP90AA1|FADD|TNFSF11|FOXP3|H2-M3|FOXO3|HLX|IL12A|PPARGC1B|IL12B|ASXL2|IL18|CD101|DLK1|ACTB|EVI2B|ACTL6A|GFI1B|ACTL6B|GPR68|ADAM8|GAS6|HAX1|IL2|KLF10|AMBRA1|IL23A|LIF|POU4F1|AP3D1|EP300|TRIB1|ARID1A|ZBTB46|ARID2|ATP11C|AXL|IL4RA|IL10|IL6|BRD7|IL7R|INPP5D|IRF1|CBFB|PRKDC|CD83|CSF1R|LEF1|CYLD|LGALS9|DDRGK1,https://www.gsea-msigdb.org/gsea/msigdb/mouse/geneset/GOBP_POSITIVE_REGULATION_OF_HEMOPOIESIS,201,ENR,GOBP_POSITIVE_REGULATION_OF_HEMOPOIESIS,-1.8021,1.4500000000000001E-2,GOBP_POSITIVE_REGULATION_OF_HEMOPOIESIS,FALSE,GOBP_POSITIVE_REGULATION_OF_HEMOPOIESIS
41,2.7212463990471698,-2.7212463990471698,2.7212463990471698,-1,-0.1784,5.4999999999999997E-3,0.47899999999999998,LTA|NOD2|FLT3|PGLYRP1|NFKBIZ|PGLYRP3|PGLYRP4|PRNP|PTPN22|TLR4|PDCD1LG2|ZG16|IL21|TNF|PYCARD|LAPTM5|RIPK2|RIPK3|RNF19B|SASH3|XCL1|DDIT3|IFNAR1|TCIRG1|SH2D1B1|TLR9|SLAMF1|SLAMF6|SLC11A1|C1QBP|CLEC7A|RARA|F2RL1|RASGRP1|RUNX1|RUNX3|SCGB1A1|SCRIB|SIRPA|CD14|NLRP6|ARID5A|TNFRSF13C|PDE4D|ABL1|TNFSF18|TNFSF4|TRIM27|CD160|TXK|CD1D1|ENPP1|TYK2|ULBP1|CD226|CD27|CD274|VTCN1|CD3E|TNFSF9|CD40LG|ZC3H12A|HMGB1|PDE4B|CRTAM|SLC7A5|AVPR2|AZI2|BCL3|CD2|CD96|CEBPG|GPR141|IL12RB2|KCTD9|KLRE1|EOMES|NRAS|TICAM2|TLR3|TLR7|TLR8|FADD|UBA5|ABCC1|UFC1|UFSP2|ZFPM1|FOXP3|NR1H4|FZD5|ISL1|GADD45G|H2-M3|CCR2|CCR7|H2-Q7|CD47|HAVCR2|HSPD1|APP|IL12A|WNT5A|IL12B|IL12RB1|IL18|ABL2|IL18R1|IL18RAP|IL1R1|IL1RL1|GAS6|IL2|IL20RB|IL23A|IL23R|IL27|IL27RA|AXL|IL33|IL10|IRF8|IRGM1|ISG15|ITK|JAK2|GATA3|CD276|GIMAP3|GIMAP5|KLRK1|IL1B|LGALS9|PGLYRP2,https://www.gsea-msigdb.org/gsea/msigdb/mouse/geneset/GOBP_TYPE_II_INTERFERON_PRODUCTION,134,ENR,GOBP_TYPE_II_INTERFERON_PRODUCTION,-2.4203000000000001,0,GOBP_TYPE_II_INTERFERON_PRODUCTION,FALSE,GOBP_TYPE_II_INTERFERON_PRODUCTION
5,2.2291479883578602,-2.2291479883578602,2.2291479883578602,-0.99409999999999998,-0.1192,3.4299999999999997E-2,0.999,P2RX7|SERPINE1|ORAI1|GPD1L|AKT2|AKT3|CNTN1|NPPA|CXCL1|MLLT6|NKX2-5|SGK1|ABCB1A|ABCB1B|ABL1|ACTN2|ADRB2|AGTR1A|P2RY1|AKAP5|P2RY6|AKAP6|AKAP7|AKAP9|AMIGO1|ANK2|ANK3|ANO6|APLNR|PDGFB|ARF1|ASPH|ATP1B2|ATP1B3|ATP2A1|BAK1|SLC6A4|BDKRB1|BMP4|CACNA1C|CACNA1D|CACNB2|CACNB3|CALM1|CALM2|CALM3|TREM2|CAPN3|TSPO|CASQ1|CD19|CD4|CFTR|CLEC4B1|DBI|CNKSR3|CTSS|CXCR3|DLG1|DMD|DPP6|DRD4|ARRB2|EDN3|AKT1|EDNRA|EHD3|F2R|ATP7A|F2RL3|PLCG1|PLCG2|ABCC8|FGF12|FGF13|FGF14|FHL1|CCL12|ADORA1|FLNA|FXYD1|FXYD2|FXYD3|CAMK2A|FXYD4|FXYD5|FXYD6|FXYD7|CCL3|GAL|CAV1|CCL5|GALR2|GJC2|CASR|GPR39|GRIN1|GRM6|GSTO1|HAP1|HEPH|HOMER1|HSPA2|IKBKB|IL13|JPH2|CX3CL1|CXCL10|CXCL11|CXCL12|KCNC1|KCNC2|KCNE1|CXCL9|KCNH2|KCNIP2|F2|AHCYL1|KCNJ2|GIMAP3|KCNMB1|GIMAP5|KCNN2|KCNQ1|LCN2|LRRC26|LRRC52|LRRC55|EDN1|MS4A1|NDUFA4|NEDD4L|LGALS3|NLGN3|P2RX1|P2RX4|P2RX5|PDPK1|PKD2|PPP3CA|PPP3CB|PPP3CC|PPP3R1|PRSS8|RAPGEF3|RELN|GSTM7|RGS7|SNCA|RNF207|SCN1B|SCN2B|SCN3B|SCN4B|SCN5A|SLC9A1|BAX|SRI|STAC|STAC2|STAC3|STIM1|STIM2|STK39|XCL1|SUMO1|IFNG|TESC|THY1|TRDN|TRPC1|TRPC3|TRPC6|VMP1|WNK1|WNK2|PLP1|WNK4|ADRB1|PDGFRB|PLCB1|GNAS|AQP2|ATP2B1|ATP2C2|CASK|CCR1|CHRM1|CLDN16|CREB3|CRHR2|CXCR4|HTT|GCG|TRPC4|HBP1|ISL1|ITPR1|KIF5B|LILRA5|LPAR3|MCHR1|MYLK|P2RY12|STC1|TRPV2|WFS1|COX17|G6PDX|JAK3|ATP1B1|ATP2B2|ADCYAP1R1,https://www.gsea-msigdb.org/gsea/msigdb/mouse/geneset/GOBP_POSITIVE_REGULATION_OF_MONOATOMIC_ION_TRANSPORT,213,ENR,GOBP_POSITIVE_REGULATION_OF_MONOATOMIC_ION_TRANSPORT,-2.0497999999999998,5.8999999999999999E-3,GOBP_POSITIVE_REGULATION_OF_MONOATOMIC_ION_TRANSPORT,FALSE,GOBP_POSITIVE_REGULATION_OF_MONOATOMIC_ION_TRANSPORT
33,2.6989700043360201,-2.6989700043360201,2.6989700043360201,-0.998,-0.24249999999999999,5.6399999999999999E-2,1,NR1H2|PAWR|NR1H3|APOA1|GPR39|APOA2|CYP8B1|CLDN2|FGF10|GHRL|PPP3CA|NPR3|WNK1|DGAT1|WNK4|LPCAT3|PTGER3|HIP1R|CLDN15|CRHR2|SCT|ABCB1A|ISX|TFF2|SLC22A5|NEGR1|NEUROD1|TIFAB|ABCG2|APOA4|OXT|PRAP1|AQP1|KCNQ1|SLC22A21|HAMP|HAMP2|TAC4|ACAT2|NMU|ABCG5|STK39|ABCG8,https://www.gsea-msigdb.org/gsea/msigdb/mouse/geneset/GOBP_REGULATION_OF_DIGESTIVE_SYSTEM_PROCESS,43,ENR,GOBP_REGULATION_OF_DIGESTIVE_SYSTEM_PROCESS,-1.9020999999999999,2E-3,GOBP_REGULATION_OF_DIGESTIVE_SYSTEM_PROCESS,FALSE,GOBP_REGULATION_OF_DIGESTIVE_SYSTEM_PROCESS
4,2.6989700043360201,-2.6989700043360201,2.6989700043360201,-0.998,-0.1623,4.0099999999999997E-2,1,MAD2L2|MLH1|MSH6|NOD2|PHB2|NBN|MCM3AP|NDFIP1|MSH3|NHEJ1|NFKBIZ|POLB|POLM|POLQ|CTNNBL1|PARP3|PTPRC|PAXIP1|DNAJB9|FBN1|NIPAL3|PKN1|PMS2|POU2F2|IL21|TNF|IL2RG|IL5|RBP4|ITM2A|TRAF3IP2|RIF1|RNF168|RNF8|SASH3|XCL1|TCIRG1|IFNG|ATM|IL4|SIGLECG|TLR9|TMBIM6|EZH2|SLC15A4|FGL2|STAT6|SWAP70|AICDA|TBX21|6030468B19RIK|TFRC|TNFAIP3|APLF|TREX1|ATAD5|BATF|TNFSF13|BCL6|TNFSF13B|TNFSF4|TRAF2|BTK|TRAF6|TRP53BP1|CCR6|ENPP1|PCYT1A|TCF3|UNG|CD27|CD28|TNFRSF4|XRCC4|CD40|SAMHD1|CD40LG|EXOSC3|EXOSC6|CD86|TGFB1|XBP1|CRLF2|EPHB2|ERCC1|FAS|FOXP3|GAPT|GCNT3|YY1|GALNT2|IL13RA1|CD37|HSPD1|ICOSL|FOXP1|IL13|IL13RA2|VPREB3|ZPBP2|IL2|IL27RA|IL33|MSH2|IL4RA|IL10|IL6|EXO1|IL7R|CARD11|FCGR2B|GPI1|CD22|PRKDC|H2-T23|STX4A|HPX|LAX1|LIG4,https://www.gsea-msigdb.org/gsea/msigdb/mouse/geneset/GOBP_IMMUNOGLOBULIN_PRODUCTION,119,ENR,GOBP_IMMUNOGLOBULIN_PRODUCTION,-1.9981,2E-3,GOBP_IMMUNOGLOBULIN_PRODUCTION,FALSE,GOBP_IMMUNOGLOBULIN_PRODUCTION
6,2.2146701649892302,-2.2146701649892302,2.2146701649892302,-0.99390000000000001,-0.29449999999999998,5.0099999999999999E-2,1,NEDD4L|CACNA1C|DSC2|DSG2|DSP|PKP2|GJA5|CAV3|GPD1L|KCNE1|KCNE2|JUP|KCNE3|DLG1|KCNH2|KCND3|KCNE4|RNF207|RYR2|SCN2B|SCN3B|BIN1|SCN5A|KCNJ8|TRPM4|KCNQ1|ANK2|SNTA1|CAV1|CTNNA3,https://www.gsea-msigdb.org/gsea/msigdb/mouse/geneset/GOBP_VENTRICULAR_CARDIAC_MUSCLE_CELL_ACTION_POTENTIAL,30,ENR,GOBP_VENTRICULAR_CARDIAC_MUSCLE_CELL_ACTION_POTENTIAL,-1.9349000000000001,6.1000000000000004E-3,GOBP_VENTRICULAR_CARDIAC_MUSCLE_CELL_ACTION_POTENTIAL,FALSE,GOBP_VENTRICULAR_CARDIAC_MUSCLE_CELL_ACTION_POTENTIAL
,1.79860287567955,-1.79860287567955,1.79860287567955,-0.98409999999999997,-0.215,9.7100000000000006E-2,1,CTNS|OGT|NDUFC2|UCP1|INS1|SPHK2|INS2|PPARA|PARK7|TLR6|ALOX5|RHOA|TLR4|CYBA|ABCD1|SLC25A33|ALOX12|STAT3|HBP1|PLCG2|RAB27A|NOX4|ABCD2|NCF2|FYN|MPV17L|CD36|FOXO3|IL4|GRIN1|ZFP13|HSPD1|CFLAR|PIKFYVE|MFN2|SOD2|ABCB7|PTGR1|ADCY10|DUOXA1|DUOXA2|ARG2|SIRT1|HDAC4|HIF1A|CLCN3|LCN2|HVCN1|SLC5A3,https://www.gsea-msigdb.org/gsea/msigdb/mouse/geneset/GOBP_REGULATION_OF_REACTIVE_OXYGEN_SPECIES_BIOSYNTHETIC_PROCESS,49,ENR,GOBP_REGULATION_OF_REACTIVE_OXYGEN_SPECIES_BIOSYNTHETIC_PROCESS,-1.7483,1.5900000000000001E-2,GOBP_REGULATION_OF_REACTIVE_OXYGEN_SPECIES_BIOSYNTHETIC_PROCESS,FALSE,GOBP_REGULATION_OF_REACTIVE_OXYGEN_SPECIES_BIOSYNTHETIC_PROCESS
3,2.7212463990471698,-2.7212463990471698,2.7212463990471698,-1,-0.64800000000000002,0,1E-3,IDO1|IDO2|IL4I1|KMO|ACMSD|KYNU|PAH|GSTZ1|HAAO|FAH|AFMID|HGD|HPD|TAT|QDPR|TDO2,https://www.gsea-msigdb.org/gsea/msigdb/mouse/geneset/GOBP_ERYTHROSE_4_PHOSPHATE_PHOSPHOENOLPYRUVATE_FAMILY_AMINO_ACID_CATABOLIC_PROCESS,16,ENR,GOBP_ERYTHROSE_4_PHOSPHATE_PHOSPHOENOLPYRUVATE_FAMILY_AMINO_ACID_CATABOLIC_PROCESS,-3.1722000000000001,0,GOBP_ERYTHROSE_4_PHOSPHATE_PHOSPHOENOLPYRUVATE_FAMILY_AMINO_ACID_CATABOLIC_PROCESS,FALSE,GOBP_ERYTHROSE_4_PHOSPHATE_PHOSPHOENOLPYRUVATE_FAMILY_AMINO_ACID_CATABOLIC_PROCESS
1,2.7212463990471698,-2.7212463990471698,2.7212463990471698,-1,-0.34970000000000001,5.0000000000000001E-4,3.5999999999999997E-2,NDUFB7|NDUFB8|ACAD9|NDUFB9|NDUFC1|NDUFC2|NDUFS1|NDUFS2|NDUFS3|NDUFS4|NDUFS5|NDUFS6|NDUFS7|NDUFS8|BCS1L|OXA1L|FOXRED1|LYRM2|NDUFAF2|NDUFAF3|NDUFAF4|NUBPL|TMEM126A|TMEM126B|TMEM186|NDUFA1|NDUFA10|NDUFA11|NDUFA13|NDUFA2|NDUFA3|NDUFA5|NDUFA6|NDUFA8|AIFM1|NDUFA9|NDUFAB1|NDUFAF1|NDUFB10|NDUFB11|NDUFB2|NDUFB3|NDUFB4|NDUFB5|NDUFB6,https://www.gsea-msigdb.org/gsea/msigdb/mouse/geneset/GOBP_NADH_DEHYDROGENASE_COMPLEX_ASSEMBLY,45,ENR,GOBP_NADH_DEHYDROGENASE_COMPLEX_ASSEMBLY,-2.7747000000000002,0,GOBP_NADH_DEHYDROGENASE_COMPLEX_ASSEMBLY,FALSE,GOBP_NADH_DEHYDROGENASE_COMPLEX_ASSEMBLY
44,2.6989700043360201,-2.6989700043360201,2.6989700043360201,-0.998,-0.12429999999999999,3.4099999999999998E-2,0.999,CTNS|EIF2AK3|DHFR|GSTA2|GSTA3|GSTA4|MMACHC|GSTM5|GSTO2|GSTT1|CKB|PM20D2|CKM|CKMT1|CKMT2|PARK7|SLC16A10|SULT1A1|GART|GGT5|GPX1|ALDH9A1|GSTA1|GSTM1|GSTM2|GSTM3|RELN|SARDH|SHMT2|GSTM4|GSTM6|GSTM7|GSTP1|GSTP2|SLC1A1|SLC1A2|SHMT1|HPGDS|LIPC|AAAS|MTHFD1|AASDHPPT|MTHFD2L|SULT1B1|SULT2A1|SULT2A2|SULT2A3|SULT2A5|SULT2A6|SULT2A7|CHAC1|CHAC2|DIO1|NFE2L1|ACADL|SLC16A2|CRYAB|GCH1|PLA2G10|PLA2G15|PLA2G2F|PLA2G3|ETHE1|GGT6|AGXT2|GGT7|LPCAT3|AHCY|LPCAT4|ABHD12|MBOAT1|ABHD12B|MBOAT2|ABHD16A|ALDH7A1|GSR|BBOX1|GSTK1|CHDH|GSTT2|PCYOX1L|SOD2|CTSB|GSTT3|CTSK|DIO2|DIO3|ACADM|DMGDH|HMGN5|DUOXA1|DUOXA2|FOLH1|SLC22A4|GCNT4|SLC22A5|MTHFS|PCYOX1|SERINC2|TG|VNN3|SLC27A1|SLC46A1|NAT8|OPLAH|SLC5A5|PAX8|GNMT|CPT1A|CPT1B|GGH|CPT2|CRAT|GSS|TXNRD3|GATM|VNN1|MED1|ASL|MGST2|MTHFD2|TYMS|ASS1|BHMT|BHMT2|CRTAP|CTH|SLCO1C1|EGLN2|SOD1|FPGS|GAMT|SLCO4A1|GCLC|DPEP1|GCLM|NFE2L2|GGT1|ICMT|ABCC1|IYD|ABCC2|MTHFR|MTR|CTSL|PLSCR1|FTCD|P4HA1|P4HA2|P4HB|HPN|PCMT1|ARL6IP5|PEMT|PTDSS1|PLOD2|PTDSS2|PLOD3|PRDX4|GLO1|SERINC1|SERINC5|ALDH1L1|ALDH1L2|SLC7A11|GSTO1|GSTZ1|CPT1C|CROT|CRYM|HAGH|IDH1|HOGA1|FKRP|G6PDX|MGST1|NDP|GATA3|KCNJ6|ATIC|FOLR1|MFSD2A|MTHFD1L|MTRR,https://www.gsea-msigdb.org/gsea/msigdb/mouse/geneset/GOBP_MODIFIED_AMINO_ACID_METABOLIC_PROCESS,184,ENR,GOBP_MODIFIED_AMINO_ACID_METABOLIC_PROCESS,-2.0516999999999999,2E-3,GOBP_MODIFIED_AMINO_ACID_METABOLIC_PROCESS,FALSE,GOBP_MODIFIED_AMINO_ACID_METABOLIC_PROCESS
1,2.7212463990471698,-2.7212463990471698,2.7212463990471698,-1,-0.17499999999999999,0,0,AKT2|1700066M21RIK|ABCD1|ACO1|ACO2|ACTN3|ADSL|AK4|AKT1|APOC3|ARL2|ATP7A|BCL2L13|BDNF|BID|BLOC1S1|CAT|CBFA2T3|CCNB1|CDK1|CHCHD10|CHCHD2|COL6A1|COQ7|COQ9|COX10|COX4I1|COX4I2|COX5A|COX5B|COX6A1|COX6A2|COX6B1|COX6B2|COX6C|COX7A1|COX7A2|COX7A2L|COX7B|COX7C|COX8A|COX8B|CS|CSL|CYC1|CYCS|DGUOK|DLAT|DLD|DLST|DNAJC15|DNAJC30|FH1|FXN|IDE|IDH1|IDH2|IDH3A|IDH3B|IDH3G|ISCU|MDH1|MDH2|MFN2|MLXIPL|MRPS36|MSH2|MTCH2|MTFR1|MUP1|MUP2|MUP3|MUP5|MYC|MYOG|NDP|NDUFA1|NDUFA10|NDUFA11|NDUFA12|NDUFA13|NDUFA2|NDUFA3|NDUFA5|NDUFA6|NDUFA7|NDUFA8|NDUFA9|NDUFAB1|NDUFAF1|NDUFB10|NDUFB11|NDUFB2|NDUFB3|NDUFB4|NDUFB5|NDUFB6|NDUFB7|NDUFB8|NDUFB9|NDUFC1|NDUFC2|NDUFS1|NDUFS2|NDUFS3|NDUFS4|NDUFS5|NDUFS6|NDUFS7|NDUFS8|NDUFV1|NDUFV2|NDUFV3|NUPR1|OGDH|OXA1L|PANK2|PARK7|PDE2A|PDHA1|PDHB|PINK1|PPIF|RHOA|SDHA|SDHAF2|SDHB|SDHC|SDHD|SHMT2|SIRT3|SLC25A23|SLC25A33|SNCA|STOML2|SUCLA2|SUCLG1|SUCLG2|TMEM135|TNF|TRPV4|UQCR10|UQCR11|UQCRB|UQCRC1|UQCRC2|UQCRFS1|UQCRH|UQCRQ|VCP|ABCC9|AIFM1|AIFM2|BAX|CHCHD4|CHCHD5|CISD1|COQ10B|CYP1A2|ETFA|ETFB|ETFDH|IFNAR1|IFNG|IL10RB|IL4|IMMP2L|JMJD8|LYRM7|MFSD8|MYBBP1A|NFATC3|NFATC4|NR4A3|OAS1A|OAS1B|OAS1C|OAS1E|OAS1F|OAS1G|OPN3|PIK3CA|PLEC|PM20D1|PNPT1|PPARGC1A|PRDM16|PRELID1|PRKACA|PUM2|SCO2|SLC25A13|SLC25A25|SOD2|TRAP1|TREX1|VPS54|1810024B03RIK|ACADM|ADCY10|ADHFE1|ADRA1B|ADRB1|AGL|ATG12|ATG2A|ATG2B|ATG3|BLVRA|C1QTNF2|COMT|DYRK2|ENPP1|EPM2AIP1|ESRRB|GAA|GABARAPL1|GBE1|GCGR|GCK|GFPT1|GNAS|GNMT|GRB10|GSK3A|GSK3B|GYS1|GYS2|HMGB1|IGF1|IGF2|IL6ST|INPP5K|INS1|INS2|INSR|IRS1|IRS2|KHK|KL|LDHA|LEPR|MT3|MTOR|NHLRC1|NR1D1|PASK|PCDH12|PER2|PFKM|PGF|PGM1|PGM2|PHKA1|PHKA2|PHKB|PHKG1|PHKG2|PHLDA2|POMC|PPP1CA|PPP1CB|PPP1CC|PPP1R1A|PPP1R2|PPP1R3A|PPP1R3B|PPP1R3C|PPP1R3D|PPP1R3E|PPP1R3F|PPP1R3G|PRKAG2|PRKAG3|PTGES3|PYGB|PYGL|PYGM|RB1CC1|S100B|SLC25A12|SLC37A4|SORBS1|STBD1|STK40|TCF7L2|TRP53|UGP2|WDR45|WIPI1|WIPI2|AASS|ACACB|ACAT1|ACOX1|ADPGK|ALDH1L1|ALDH1L2|ALDOA|ALDOART1|ALDOART2|ALDOB|ALDOC|APP|ARNT|BPGM|CROT|CXXC5|DDIT4|DGAT1|DHRS2|DHTKD1|EIF6|ENO1|ENO2|ENO3|ENO4|ENOX2|EP300|FBP1|FDX1|FKRP|FLCN|FOXK1|FOXK2|G6PDX|GALE|GALK1|GALT|GAPDH|GAPDHS|GIT1|GNPDA1|GPD1|GPI1|GPR180|H6PD|HDAC4|HIF1A|HK1|HK2|HK3|HKDC1|HMGCL|HMGCLL1|HMGCS2|HSD11B1|IER3|KAT2B|LIPA|MLST8|MLX|MPI|NCOR1|OGT|OXCT1|P2RX7|PFKFB1|PFKFB2|PFKFB3|PFKL|PFKP|PGAM1|PGAM2|PGD|PGK1|PGLS|PKLR|POR|PPARA|PPP2CA|PRKAA1|PRKAA2|PRKAG1|PRPS1|PRPS2|PSEN1|RBKS|RBPJ|RPE|RPIA|RPTOR|SHPK|SIK2|SIRT6|SLC27A5|SLC2A6|SLC4A1|SLC4A4|SRC|STAT3|TALDO1|THAP11|TKT|TPI1|TRIM63|UCHL1|UCP2|VGF|WDR93|ZBTB20|ZBTB7A,https://www.gsea-msigdb.org/gsea/msigdb/mouse/geneset/GOBP_GENERATION_OF_PRECURSOR_METABOLITES_AND_ENERGY,402,ENR,GOBP_GENERATION_OF_PRECURSOR_METABOLITES_AND_ENERGY,-4.0953999999999997,0,GOBP_GENERATION_OF_PRECURSOR_METABOLITES_AND_ENERGY,FALSE,GOBP_GENERATION_OF_PRECURSOR_METABOLITES_AND_ENERGY
22,2.3979400086720402,-2.3979400086720402,2.3979400086720402,-0.996,-0.20369999999999999,3.4299999999999997E-2,0.999,EXOSC10|PIF1|WNT3A|AURKB|GAR1|PML|MAPK3|GNL3L|HSP90AA1|NEK7|HSP90AB1|CTNNB1|SRC|ACD|CCT2|CCT3|PRKCQ|CCT4|CCT5|CCT6A|CCT7|CCT8|DCLRE1B|MAPK1|DCP2|ERCC4|FBXO4|HMBOX1|PTGES3|MAP2K7|MAP3K4|MAPK15|MAPKAPK5|MCRS1|PARN|PARP4|PINX1|PKIB|PNKP|DHX36|POT1A|POT1B|TRP53|RAD50|HNRNPA2B1|RPA1|RTEL1|HNRNPC|SLX4|TCP1|TEP1|ATM|NAF1|TERF2|ATR|NAT10|TERF2IP|TINF2|TNKS|NHP2|TNKS2|WRAP53|ZBTB48|GCH1|NEK2|NOP10|PARP1|RAD51|HNRNPD|HNRNPU|XRCC5|TERF1|DKC1,https://www.gsea-msigdb.org/gsea/msigdb/mouse/geneset/GOBP_TELOMERE_MAINTENANCE_VIA_TELOMERE_LENGTHENING,73,ENR,GOBP_TELOMERE_MAINTENANCE_VIA_TELOMERE_LENGTHENING,-2.048,4.0000000000000001E-3,GOBP_TELOMERE_MAINTENANCE_VIA_TELOMERE_LENGTHENING,FALSE,GOBP_TELOMERE_MAINTENANCE_VIA_TELOMERE_LENGTHENING
27,2.7212463990471698,-2.7212463990471698,2.7212463990471698,-1,-0.2084,1.6999999999999999E-3,0.13500000000000001,CRYZ|CYP2AB1|CYP2C65|CYP2C67|CYP2C68|CYP2C69|CYP2C70|CYP2R1|CYP3A11|CYP3A44|FMO5|GSTA2|GSTA3|GSTA4|GSTM5|GSTO2|GSTT1|N6AMT1|NCEH1|NR1I2|SULT1A1|FMO2|TPMT|FMO1|PON3|UGT1A6B|FMO4|UGT2B1|VKORC1|GSTA1|GSTM1|GSTM2|GSTM3|GSTM4|GUK1|GSTM6|GSTM7|GSTP1|GSTP2|HNF4A|SULT1B1|ABCB11|SULT2A1|SULT2A2|SULT2A3|SULT2A5|SULT2A6|SULT2A7|ACAA1A|RORC|ACAA1B|CYP1A2|NUDT15|ALDH2|RORA|FMO3|CYP1A1|ACSL1|CYP26A1|CYP26B1|CYP46A1|UGT1A6A|SLCO1A1|AHR|SLCO1A6|STAR|AKR1C12|SLCO1B2|AKR1C13|ABCC2|GRIN1|GSTO1|CYP1B1|CYP2A12|CYP2A22|CYP2A4|CYP2A5|CYP2B10|CYP2B13|CYP2B19|CYP2B9|CYP2C29|CYP2C37|CYP2C38|CYP2C40|CYP2C50|CYP2C54|CYP2C55|CYP2D10|CYP2D12|CYP2D22|CYP2D26|CYP2D34|CYP2D9|CYP2E1|CYP2F2|CYP2G1|CYP2J11|CYP2J13|LPO|CYP2J5|AOX1|CYP2J6|CYP2J9|CYP2S1|CYP2U1|UGT1A1|AHRR|CAD|AIP|AOX3|AOX4|AS3MT|CBR1,https://www.gsea-msigdb.org/gsea/msigdb/mouse/geneset/GOBP_XENOBIOTIC_METABOLIC_PROCESS,114,ENR,GOBP_XENOBIOTIC_METABOLIC_PROCESS,-2.6042000000000001,0,GOBP_XENOBIOTIC_METABOLIC_PROCESS,FALSE,GOBP_XENOBIOTIC_METABOLIC_PROCESS
40,2.67778070526608,-2.67778070526608,2.67778070526608,-0.99790000000000001,-0.35449999999999998,7.3000000000000001E-3,0.628,DEFB2|IL4|CLDN2|DEFB40|FFAR2|FFAR3|LTF|GP2|EAR1|PIGR|EAR2|RAB17|EAR6|NOD2|PLA2G1B|OTUD7B|6030468B19RIK|FAU|DEFB1|DEFB37|UMOD|TREX1|IL6|TNFSF13|CAMP|APOA4|CD160|GCNT3|DEFB11|CFH|RPL39|XCL1,https://www.gsea-msigdb.org/gsea/msigdb/mouse/geneset/GOBP_ORGAN_OR_TISSUE_SPECIFIC_IMMUNE_RESPONSE,32,ENR,GOBP_ORGAN_OR_TISSUE_SPECIFIC_IMMUNE_RESPONSE,-2.3660999999999999,2.0999999999999999E-3,GOBP_ORGAN_OR_TISSUE_SPECIFIC_IMMUNE_RESPONSE,FALSE,GOBP_ORGAN_OR_TISSUE_SPECIFIC_IMMUNE_RESPONSE
20,1.7695510786217299,-1.7695510786217299,1.7695510786217299,-0.98299999999999998,-0.24610000000000001,6.0100000000000001E-2,1,OXTR|NR3C2|SUCNR1|SERPINF2|ECE1|CORIN|F2RL1|GJA5|AGT|AVPR2|RHOA|CYBA|ATP6AP2|G6PDX|TACR1|EDN3|EDNRB|F2R|ANPEP|CPA3|CYP2J5|HSD11B2|ENPEP|AGTR1A|MCPT4|MME|NKX2-1|ACE|PRCP|ACE2|COMT|PREP|KCNN4|NDST2|RASL10B|RPS6KA2|AVPR1A|NOS3|EDN1|EDN2,https://www.gsea-msigdb.org/gsea/msigdb/mouse/geneset/GOBP_REGULATION_OF_SYSTEMIC_ARTERIAL_BLOOD_PRESSURE_BY_HORMONE,40,ENR,GOBP_REGULATION_OF_SYSTEMIC_ARTERIAL_BLOOD_PRESSURE_BY_HORMONE,-1.8764000000000001,1.7000000000000001E-2,GOBP_REGULATION_OF_SYSTEMIC_ARTERIAL_BLOOD_PRESSURE_BY_HORMONE,FALSE,GOBP_REGULATION_OF_SYSTEMIC_ARTERIAL_BLOOD_PRESSURE_BY_HORMONE
1,1.65169513695184,-1.65169513695184,1.65169513695184,-0.97770000000000001,-0.2782,9.2499999999999999E-2,1,NMNAT1|NMNAT3|ACMSD|HAAO|AFMID|IDH2|QPRT|IDO1|IDO2|REG3G|G6PDX|HTT|KMO|KYNU|BCL10|BIN1|E2F1|NMNAT2|ASPDH|EXTL3|PNPO|NADK|NADSYN1|RAC1|NAMPT|XIAP|PDXK,https://www.gsea-msigdb.org/gsea/msigdb/mouse/geneset/GOBP_PYRIDINE_CONTAINING_COMPOUND_BIOSYNTHETIC_PROCESS,27,ENR,GOBP_PYRIDINE_CONTAINING_COMPOUND_BIOSYNTHETIC_PROCESS,-1.7616000000000001,2.23E-2,GOBP_PYRIDINE_CONTAINING_COMPOUND_BIOSYNTHETIC_PROCESS,FALSE,GOBP_PYRIDINE_CONTAINING_COMPOUND_BIOSYNTHETIC_PROCESS
3,2.7212463990471698,-2.7212463990471698,2.7212463990471698,-1,-0.20979999999999999,0,0,OAT|OAZ1|OTC|PAH|PIPOX|PARK7|GART|PPAT|PRODH|PRODH2|QDPR|QPRT|SARDH|SHMT2|SCLY|SDS|SDSL|HNF4A|SHMT1|UCP2|AADAT|MTHFD1|AASDHPPT|MTHFD2L|NADSYN1|TAT|TDH|TDO2|THA1|THNSL2|ACAD8|ACADSB|UROC1|ACMSD|AFMID|AGXT|AGXT2|AHCY|ALDH4A1|ADHFE1|ALDH5A1|ALDH6A1|ALDH8A1|AMDHD1|ARG1|ARG2|NMNAT2|PFAS|ASRGL1|ATP2B4|AUH|COMT|SIRT4|BCAT1|BCAT2|BCKDK|BLMH|CBS|GNMT|TH|CDO1|ADI1|CSAD|AGMAT|ALDH18A1|APC|APIP|ASL|ASNS|ASNSD1|ASPA|ASPG|ASS1|ATCAY|ATF4|AZIN1|BHMT|GLUL|BHMT2|DAO|CLN3|CPS1|CRTAP|CTH|DCT|DDAH1|DDO|EGLN2|ENOPH1|FPGS|GAMT|GCLC|DPEP1|GCLM|GFPT2|GGT1|GLYAT|HTT|ICMT|IYD|MECP2|MPST|ATP7A|MRI1|MTAP|MTHFR|MTR|NAGS|NAT8L|NIT2|NOX4|FAH|NR1H4|FTCD|ODC1|GAD1|P4HA1|GAD2|P4HA2|P4HB|GCAT|PCBD1|SLC25A12|GCDH|PCBD2|GCSH|PCMT1|BAAT|PEMT|PHGDH|PLOD2|PLOD3|PRDX4|GLDC|PSAT1|PSPH|GLS|PYCR1|AASS|GLS2|PYCR2|GLUD1|SEPHS1|ACAT1|SEPHS2|SLC25A2|SLC38A1|GOT1|SLC39A8|GOT2|SLC7A11|SLC7A7|GPT|SPR|GPT2|SRR|GSTZ1|THAP4|HAAO|TTC36|TXNRD1|DLST|FH1|HAL|HAO1|HDC|HGD|HIBADH|HIBCH|HOGA1|HPD|HSD17B10|IDO1|IDO2|CYP2D22|IL4I1|ILVBL|IVD|KMO|KYNU|NDP|MAT1A|MCCC1|MCCC2|HMGCL|HMGCLL1|MTRR|CAD|NOS2|NOS3,https://www.gsea-msigdb.org/gsea/msigdb/mouse/geneset/GOBP_ALPHA_AMINO_ACID_METABOLIC_PROCESS,190,ENR,GOBP_ALPHA_AMINO_ACID_METABOLIC_PROCESS,-3.3792,0,GOBP_ALPHA_AMINO_ACID_METABOLIC_PROCESS,FALSE,GOBP_ALPHA_AMINO_ACID_METABOLIC_PROCESS
11,2.3872161432802601,-2.3872161432802601,2.3872161432802601,-0.99590000000000001,-0.19919999999999999,2.7400000000000001E-2,0.997,SLC25A3|CPT1B|CPT2|SFXN1|UCP1|UCP3|HSPA9|SFXN2|SFXN3|SLC25A28|SFXN5|SLC25A37|SLC30A2|TST|PSEN2|SLC25A36|SLC25A23|SLC25A33|ROMO1|AKT1|UCP2|TIMM50|TOMM40|COL6A1|ITPR1|TOMM70A|AIFM1|SPG7|CHCHD4|SLC25A1|VDAC2|SLC25A15|SLC25A20|SLC25A21|SLC25A24|SLC25A26|SLC25A29|SLC25A31|SLC25A32|SLC25A2|SLC25A38|SLC25A39|SLC25A4|SLC39A8|DNAJC19|SLC25A40|DNLZ|HSPD1|SLC25A5|SLC25A16|GFER|GRPEL1|ABCB8|GRPEL2|BHLHA15|CCDC51|DNAJC15|MRS2|PAM16|FXN|SFXN4|PNPT1|TIMM17A|TIMM17B|TIMM23|GHITM|TIMM44|OPA1|TOMM20|TOMM40L|ABCB10|TOMM7|ABCB7|VDAC1|ADCY10|MRPL18|LETM1|LETM2|AFG3L2|HIF1A|MICU1|SLC41A3,https://www.gsea-msigdb.org/gsea/msigdb/mouse/geneset/GOBP_MITOCHONDRIAL_TRANSMEMBRANE_TRANSPORT,82,ENR,GOBP_MITOCHONDRIAL_TRANSMEMBRANE_TRANSPORT,-2.1067,4.1000000000000003E-3,GOBP_MITOCHONDRIAL_TRANSMEMBRANE_TRANSPORT,FALSE,GOBP_MITOCHONDRIAL_TRANSMEMBRANE_TRANSPORT
46,2.4089353929735,-2.4089353929735,2.4089353929735,-0.99609999999999999,-0.36130000000000001,3.8699999999999998E-2,1,KLKB1|PLAT|PLAU|F2|SERPINF2|THBS1|SERPING1|ANXA2|PLAUR|APOH|FGA|FGB|CPB2|SERPINE1|FGG|F11|F12|HRG|PLG|PROS1|TMPRSS6|VTN,https://www.gsea-msigdb.org/gsea/msigdb/mouse/geneset/GOBP_FIBRINOLYSIS,22,ENR,GOBP_FIBRINOLYSIS,-2.0123000000000002,3.8999999999999998E-3,GOBP_FIBRINOLYSIS,FALSE,GOBP_FIBRINOLYSIS
1,2.7212463990471698,-2.7212463990471698,2.7212463990471698,-1,-0.32119999999999999,0,0,NDUFB7|NDUFB8|NDUFB9|NDUFC1|NDUFC2|NDUFS1|NDUFS2|NDUFS3|NDUFS4|NDUFS5|NDUFS6|NDUFS7|NDUFS8|NDUFV1|NDUFV2|NDUFV3|NUPR1|OGDH|OXA1L|PANK2|PARK7|PDE2A|PDHA1|PDHB|PINK1|PPIF|RHOA|SDHA|SDHAF2|SDHB|SDHC|SDHD|SHMT2|SIRT3|SLC25A23|SLC25A33|SNCA|STOML2|SUCLA2|SUCLG1|SUCLG2|TMEM135|TNF|TRPV4|UQCR10|UQCR11|UQCRB|UQCRC1|UQCRC2|UQCRFS1|UQCRH|UQCRQ|VCP|1700066M21RIK|ABCD1|ACO1|ACO2|ACTN3|ADSL|AK4|AKT1|APOC3|ARL2|ATP7A|BCL2L13|BDNF|BID|BLOC1S1|CAT|CBFA2T3|CCNB1|CDK1|CHCHD10|CHCHD2|COL6A1|COQ7|COQ9|COX10|COX4I1|COX4I2|COX5A|COX5B|COX6A1|COX6A2|COX6B1|COX6B2|COX6C|COX7A1|COX7A2|COX7A2L|COX7B|COX7C|COX8A|COX8B|CS|CSL|CYC1|CYCS|DGUOK|DLAT|DLD|DLST|DNAJC15|DNAJC30|FH1|FXN|IDE|IDH1|IDH2|IDH3A|IDH3B|IDH3G|ISCU|MDH1|MDH2|MFN2|MLXIPL|MRPS36|MSH2|MTCH2|MTFR1|MUP1|MUP2|MUP3|MUP5|MYC|MYOG|NDP|NDUFA1|NDUFA10|NDUFA11|NDUFA12|NDUFA13|NDUFA2|NDUFA3|NDUFA5|NDUFA6|NDUFA7|NDUFA8|NDUFA9|NDUFAB1|NDUFAF1|NDUFB10|NDUFB11|NDUFB2|NDUFB3|NDUFB4|NDUFB5|NDUFB6,https://www.gsea-msigdb.org/gsea/msigdb/mouse/geneset/GOBP_AEROBIC_RESPIRATION,149,ENR,GOBP_AEROBIC_RESPIRATION,-4.4859999999999998,0,GOBP_AEROBIC_RESPIRATION,FALSE,GOBP_AEROBIC_RESPIRATION
12,1.8507808873446201,-1.8507808873446201,1.8507808873446201,-0.9859,-0.1638,6.4500000000000002E-2,1,CTNS|RGS2|SFXN1|SFXN2|SFXN3|SLC38A10|SLC7A12|SLC13A3|PSEN1|SLC17A7|RGS4|SLC17A8|SLC1A1|PRKCD|SLC1A2|SLC1A4|SLC1A5|SLC1A6|TNF|UCP2|SLC22A2|SLC36A2|SLC25A15|SLC25A26|SLC25A29|SLC25A38|SLC16A2|SLC11A1|SLC15A4|SLC25A13|SLC36A1|SLC36A3|SLC36A4|SLC38A3|SLC22A4|SLC38A4|SLC38A5|SLC38A6|SLC38A7|SLC38A9|ARG1|ARG2|SLC3A1|SLC3A2|SLC43A1|SLC43A2|SLC38A11|SLC47A1|SLC6A18|SLC1A3|SLC25A22|SLC6A13|SLC6A14|SLC6A20B|SLC6A6|SLC6A7|SLC6A9|SLC7A1|SLC7A10|SLC7A13|SLC7A14|SLC7A2|SLC7A3|SLC7A4|SLC7A5|SLC7A6|SLC7A8|SLC7A9|SLC38A2|AGT|CLN3|PER2|TSPO2|TTYH1|TTYH2|TTYH3|ACE2|SLC25A12|ARHGEF11|ARL6IP1|ARL6IP5|SLC25A2|SLC38A1|CLN8|SLC7A11|SLC7A7|ITGB1|GFAP|GRIK1|LRRC8A|LRRC8B|LRRC8C|LRRC8D|LRRC8E|KCNJ10|MFSD12|NFKBIE,https://www.gsea-msigdb.org/gsea/msigdb/mouse/geneset/GOBP_AMINO_ACID_TRANSMEMBRANE_TRANSPORT,97,ENR,GOBP_AMINO_ACID_TRANSMEMBRANE_TRANSPORT,-1.8594999999999999,1.41E-2,GOBP_AMINO_ACID_TRANSMEMBRANE_TRANSPORT,FALSE,GOBP_AMINO_ACID_TRANSMEMBRANE_TRANSPORT
,1.7594507517174001,-1.7594507517174001,1.7594507517174001,-0.98260000000000003,-0.19370000000000001,7.4399999999999994E-2,1,PRG2|HMGB1|TYROBP|CD84|NOD2|TREM2|PTGER4|NFKBIZ|BCL3|TLR2|TLR4|DLL1|PDCD1LG2|RBM47|STAT3|PRKCD|PRKCZ|IL21|FCER1G|PLCG2|PYCARD|FOXP3|TNFRSF21|TSLP|RAD21|TRIB2|LILRA5|SASH3|XCL1|IL4|CD46|CD47|TLR9|HSPD1|CLEC7A|PIBF1|F2RL1|IL12B|IL13|IL20RB|IL23A|IL23R|HGF|AGER|IDO1|SYK|IL6|G6PDX|TUSC2|ISG15|FCGR2B|IRF4|TNFSF18|TNFSF4|BTK|JAK3|CD83|CD274|TIGIT|CD28|LGALS9|CD40LG,https://www.gsea-msigdb.org/gsea/msigdb/mouse/geneset/GOBP_INTERLEUKIN_10_PRODUCTION,62,ENR,GOBP_INTERLEUKIN_10_PRODUCTION,-1.8233999999999999,1.7399999999999999E-2,GOBP_INTERLEUKIN_10_PRODUCTION,FALSE,GOBP_INTERLEUKIN_10_PRODUCTION
3,2.7212463990471698,-2.7212463990471698,2.7212463990471698,-1,-0.56340000000000001,1.9E-3,0.16300000000000001,IL4I1|IYD|PAH|ATP7A|GSTZ1|THAP4|TTC36|FAH|HGD|PCBD1|PCBD2|DCT|HPD|TAT|TH,https://www.gsea-msigdb.org/gsea/msigdb/mouse/geneset/GOBP_TYROSINE_METABOLIC_PROCESS,15,ENR,GOBP_TYROSINE_METABOLIC_PROCESS,-2.5764999999999998,0,GOBP_TYROSINE_METABOLIC_PROCESS,FALSE,GOBP_TYROSINE_METABOLIC_PROCESS
8,1.7851561519523,-1.7851561519523,1.7851561519523,-0.98360000000000003,-0.1459,0.1,1,RBP2|CYP3A11|CYP3A44|PEX5|PHYH|ABCA4|ALDH1A2|ALDH1A3|RARRES2|BCO2|ADH6A|DHDDS|AWAT2|DHRS3|DHRS4|DOLK|DHRS7|DPM1|DPM2|DPM3|LRAT|RBP4|PLB1|RDH10|PNPLA2|RDH11|SP1|FDPS|RDH1|RDH13|SRD5A3|RDH12|STRAP|LPL|RDH14|SDR16C5|RDH16|RDH5|RDH7|GGPS1|RDH9|RETSAT|SDR9C7|CYP1A2|HMGCS1|IDI1|IDI2|PECR|ADH1|ADH4|ADH5|ADH7|PNLIP|AKR1C18|ALDH1A1|ALDH1A7|MVD|MVK|ALDH8A1|NUS1|FDFT1|HMGCR|EGFR|TH|CES1D|CES1F|LDLR|LSS|CYP1A1|CYP26A1|CYP26B1|PRMT3|DHRS9|STAR|PDSS1|PDSS2|ALDH3A2|CLPS|ISX|AMACR|PMVK|CES1E|CES2A|CES2C|CES2E|CRABP2|CYP1B1|COQ2|DGAT1|DPAGT1|TTR|HSD17B6|CYP2C55|HTRA2|KLF9|CYP2E1|LIPE|CYP2J6|CYP2S1|HMGCS2|DGAT2|LIPA|RBP1,https://www.gsea-msigdb.org/gsea/msigdb/mouse/geneset/GOBP_ISOPRENOID_METABOLIC_PROCESS,103,ENR,GOBP_ISOPRENOID_METABOLIC_PROCESS,-1.7407999999999999,1.6400000000000001E-2,GOBP_ISOPRENOID_METABOLIC_PROCESS,FALSE,GOBP_ISOPRENOID_METABOLIC_PROCESS
23,1.99567862621736,-1.99567862621736,1.99567862621736,-0.9899,-0.32579999999999998,5.6500000000000002E-2,1,NR1H2|APOA1|APOA2|CES1G|ACSL3|ABCA7|DGAT1|APOM|LCAT|CIDEB|PLAGL2|LPCAT3|SH3GL2|SNX9|SOAT1|SOAT2|FECH|MTTP|APOE|BIN1|APOA4|MFSD2A|ABCA1|ARF1|CES1D,https://www.gsea-msigdb.org/gsea/msigdb/mouse/geneset/GOBP_PROTEIN_LIPID_COMPLEX_ASSEMBLY,25,ENR,GOBP_PROTEIN_LIPID_COMPLEX_ASSEMBLY,-1.9025000000000001,1.01E-2,GOBP_PROTEIN_LIPID_COMPLEX_ASSEMBLY,FALSE,GOBP_PROTEIN_LIPID_COMPLEX_ASSEMBLY
43,2.7212463990471698,-2.7212463990471698,2.7212463990471698,-1,-0.37180000000000002,4.2200000000000001E-2,1,BIRC5|HNRNPU|CDCA8|BECN1|CENPE|INCENP|APC|NEK2|AURKB|SIRT1|KAT5|SIRT2|CCNB1|CDK1|RACGAP1|RCC2|SPAG5|ECT2|CDC42|KAT2B,https://www.gsea-msigdb.org/gsea/msigdb/mouse/geneset/GOBP_REGULATION_OF_ATTACHMENT_OF_SPINDLE_MICROTUBULES_TO_KINETOCHORE,20,ENR,GOBP_REGULATION_OF_ATTACHMENT_OF_SPINDLE_MICROTUBULES_TO_KINETOCHORE,-1.9824999999999999,0,GOBP_REGULATION_OF_ATTACHMENT_OF_SPINDLE_MICROTUBULES_TO_KINETOCHORE,FALSE,GOBP_REGULATION_OF_ATTACHMENT_OF_SPINDLE_MICROTUBULES_TO_KINETOCHORE
6,2.6989700043360201,-2.6989700043360201,2.6989700043360201,-0.998,-0.37169999999999997,7.6E-3,0.64300000000000002,NPPA|ADM2|APLN|GCH1|HRC|PTPN1|ADA|ADM|HEY2|ADRA1A|CRHR2|RGS4|SLC1A1|TACR3|EDN3|PDE4D|RYR2|ADRA1B|ADRB1|SCN3B|SCN5A|SIRT1|TRPM4|KCNQ1|AVPR1A|NMU|EDN1|TPM1|EDN2,https://www.gsea-msigdb.org/gsea/msigdb/mouse/geneset/GOBP_POSITIVE_REGULATION_OF_HEART_RATE,29,ENR,GOBP_POSITIVE_REGULATION_OF_HEART_RATE,-2.3593999999999999,2E-3,GOBP_POSITIVE_REGULATION_OF_HEART_RATE,FALSE,GOBP_POSITIVE_REGULATION_OF_HEART_RATE
11,2.7212463990471698,-2.7212463990471698,2.7212463990471698,-1,-0.44340000000000002,2.01E-2,0.97599999999999998,TOMM7|ROMO1|DNAJC19|DNLZ|TIMM50|GRPEL1|GRPEL2|DNAJC15|PAM16|TOMM40|TOMM70A|TIMM17A|TIMM17B|TIMM23|TIMM44|TOMM20|TOMM40L,https://www.gsea-msigdb.org/gsea/msigdb/mouse/geneset/GOBP_PROTEIN_IMPORT_INTO_MITOCHONDRIAL_MATRIX,17,ENR,GOBP_PROTEIN_IMPORT_INTO_MITOCHONDRIAL_MATRIX,-2.1791,0,GOBP_PROTEIN_IMPORT_INTO_MITOCHONDRIAL_MATRIX,FALSE,GOBP_PROTEIN_IMPORT_INTO_MITOCHONDRIAL_MATRIX
2,1.83268266525182,-1.83268266525182,1.83268266525182,-0.98529999999999995,-0.2913,9.8299999999999998E-2,1,CD44|TWSG1|CD55|CD81|NDFIP1|IL2|TARM1|TNFRSF14|IRGM1|PRKCQ|CARD11|TNFSF18|CBLB|IL2RA|ARG2|ITCH|FOXP3|RIPK2|CD24A|TGFBR2|CD274|CD28|CD3E|LGALS9|XCL1,https://www.gsea-msigdb.org/gsea/msigdb/mouse/geneset/GOBP_CD4_POSITIVE_ALPHA_BETA_T_CELL_PROLIFERATION,25,ENR,GOBP_CD4_POSITIVE_ALPHA_BETA_T_CELL_PROLIFERATION,-1.7447999999999999,1.47E-2,GOBP_CD4_POSITIVE_ALPHA_BETA_T_CELL_PROLIFERATION,FALSE,GOBP_CD4_POSITIVE_ALPHA_BETA_T_CELL_PROLIFERATION
1,2.3767507096021001,-2.3767507096021001,2.3767507096021001,-0.99580000000000002,-0.32019999999999998,2.64E-2,0.99399999999999999,UOX|DCK|UPB1|UPP1|DHFR|UPP2|XDH|DPYS|NT5C|DUT|NT5C2|NT5C3|TK2|DGUOK|NT5M|ADA|TYMS|PNP|TK1|DCTD|SHMT2|ADK|GUK1|DPYD|SHMT1|GDA|NME1|NME2|CDA|NME3,https://www.gsea-msigdb.org/gsea/msigdb/mouse/geneset/GOBP_DEOXYRIBONUCLEOSIDE_MONOPHOSPHATE_METABOLIC_PROCESS,30,ENR,GOBP_DEOXYRIBONUCLEOSIDE_MONOPHOSPHATE_METABOLIC_PROCESS,-2.117,4.1999999999999997E-3,GOBP_DEOXYRIBONUCLEOSIDE_MONOPHOSPHATE_METABOLIC_PROCESS,FALSE,GOBP_DEOXYRIBONUCLEOSIDE_MONOPHOSPHATE_METABOLIC_PROCESS
31,1.9136401693252501,-1.9136401693252501,1.9136401693252501,-0.98780000000000001,-0.1198,7.0800000000000002E-2,1,N6AMT1|ZFP473|NFKBIZ|POLR2G|RRN3|PAXIP1|HNF1A|LETMD1|IKZF1|SETX|TET2|WBP2|SIRT7|ASH2L|ATAD2|MED13|ATAD2B|BCLAF1|BDP1|BRF2|CAND1|CCNH|CDK7|CRCP|DHX36|CTNNBIP1|DPY30|DR1|FAM47E|TWIST1|GLYR1|GTF2A1|GTF2A1L|GTF2A2|GTF2B|GTF2E1|GTF2E2|GTF2F1|TAF9|GTF2F2|GTF2H1|MED23|FOXO1|GTF3C4|TRMT112|GTF3C5|HNF1B|KDM1B|KDM2A|L3MBTL3|LCOR|MAZ|MED10|MED11|MED12|MED14|NKX2-5|PADI2|HEY2|MED15|MED16|MED17|MED18|AICDA|MED19|MED20|MED21|MED22|MED24|MED25|MED26|MED27|SMARCA4|MED28|SMARCB1|MED29|MED30|MED31|SMARCD1|MED4|MED6|MED7|MED8|ESR1|MED9|MITF|MORC1|NCOA6|NFKBIA|PABPC1L|PHF2|POLR2D|POLR2I|POLR3H|TAF8|POU5F1|SRF|PSMC6|PWWP2A|RBBP5|RSF1|SETD1A|MYOCD|SMARCA5|SNAPC5|ERCC2|SUB1|TAF1|TAF11|TAF13|TAF1C|TAF2|HMGB1|TAF3|TAF4B|TAF5|TAF6|TAF7|SPHK2|TAF9B|TBP|TBPL1|TET1|WNT10B|MED1|TET3|TTF1|USP21|VPS72|CREB1|WDR5|XPA|ZFP451|EGR1|RBM14|ZNHIT1|AHR|MEN1|MNAT1|GTF2H5|TAF10|TAF12|TAF6L|THRA|ERCC1|ATF2|OGG1|ERCC3|ERCC6|GTF3C1|APEX1|POLR1E|BRF1|TAF1B|CEBPA|UBTF|TRP53|KDM1A|POLRMT|FOSL1|TFAM|TFB1M|TFB2M|EP300|SAMD1|BRD7|JUN|ZMPSTE24|MYC|LIPE|NR3C1|APOBEC1|APOBEC2|NFKB1|BMYC,https://www.gsea-msigdb.org/gsea/msigdb/mouse/geneset/GOBP_DNA_TEMPLATED_TRANSCRIPTION_INITIATION,175,ENR,GOBP_DNA_TEMPLATED_TRANSCRIPTION_INITIATION,-1.8351,1.2200000000000001E-2,GOBP_DNA_TEMPLATED_TRANSCRIPTION_INITIATION,FALSE,GOBP_DNA_TEMPLATED_TRANSCRIPTION_INITIATION
4,2.6989700043360201,-2.6989700043360201,2.6989700043360201,-0.998,-0.21179999999999999,4.0099999999999997E-2,1,MAD2L2|EXOSC3|EXOSC6|MLH1|TGFB1|MSH6|NBN|MCM3AP|NDFIP1|MSH3|NHEJ1|NFKBIZ|POLB|POLM|POLQ|CTNNBL1|PARP3|PTPRC|PAXIP1|PMS2|ERCC1|FOXP3|RIF1|RNF168|RNF8|YY1|IFNG|IL4|EZH2|HSPD1|ICOSL|SLC15A4|FOXP1|STAT6|SWAP70|IL2|AICDA|TBX21|TFRC|IL27RA|APLF|MSH2|ATAD5|EXO1|BATF|TNFSF13|BCL6|TNFSF4|TRP53BP1|CCR6|PRKDC|PCYT1A|TCF3|UNG|CD28|XRCC4|CD40|LIG4|SAMHD1|CD40LG,https://www.gsea-msigdb.org/gsea/msigdb/mouse/geneset/GOBP_SOMATIC_DIVERSIFICATION_OF_IMMUNOGLOBULINS,60,ENR,GOBP_SOMATIC_DIVERSIFICATION_OF_IMMUNOGLOBULINS,-1.9967999999999999,2E-3,GOBP_SOMATIC_DIVERSIFICATION_OF_IMMUNOGLOBULINS,FALSE,GOBP_SOMATIC_DIVERSIFICATION_OF_IMMUNOGLOBULINS
1,2.7212463990471698,-2.7212463990471698,2.7212463990471698,-1,-0.35599999999999998,0,0,NDUFB7|NDUFB8|NDUFB9|NDUFC1|NDUFC2|NDUFS1|NDUFS2|NDUFS3|NDUFS4|NDUFS5|NDUFS6|NDUFS7|NDUFS8|NDUFV1|NDUFV2|NDUFV3|NUPR1|PARK7|PDE2A|PINK1|PPIF|RHOA|SDHA|SDHAF2|SDHB|SDHC|SDHD|SHMT2|SLC25A23|SLC25A33|SNCA|STOML2|TMEM135|TNF|UQCR10|UQCR11|UQCRB|UQCRC1|UQCRC2|UQCRFS1|UQCRH|UQCRQ|VCP|1700066M21RIK|ABCD1|ACTN3|AK4|APOC3|ATP7A|BCL2L13|BDNF|BID|CCNB1|CDK1|CHCHD10|CHCHD2|COQ7|COQ9|COX4I1|COX4I2|COX5A|COX5B|COX6A1|COX6A2|COX6B1|COX6B2|COX6C|COX7A1|COX7A2|COX7A2L|COX7B|COX7C|COX8A|COX8B|CYC1|CYCS|DGUOK|DLD|DNAJC15|DNAJC30|FXN|ISCU|MLXIPL|MSH2|MTCH2|MYC|MYOG|NDUFA1|NDUFA10|NDUFA11|NDUFA12|NDUFA13|NDUFA2|NDUFA3|NDUFA5|NDUFA6|NDUFA7|NDUFA8|NDUFA9|NDUFAB1|NDUFAF1|NDUFB10|NDUFB11|NDUFB2|NDUFB3|NDUFB4|NDUFB5|NDUFB6,https://www.gsea-msigdb.org/gsea/msigdb/mouse/geneset/GOBP_OXIDATIVE_PHOSPHORYLATION,108,ENR,GOBP_OXIDATIVE_PHOSPHORYLATION,-4.3922999999999996,0,GOBP_OXIDATIVE_PHOSPHORYLATION,FALSE,GOBP_OXIDATIVE_PHOSPHORYLATION
2,2.2218487496163601,-2.2218487496163601,2.2218487496163601,-0.99399999999999999,-0.2064,5.6300000000000003E-2,1,CD44|ZC3H12A|CD69|BMP4|DTX1|HMGB1|RAG2|ID2|ERBB2|CLEC4G|ZC3H8|FLT3|PF4|ZFP35|GLI3|NFKBID|PGLYRP1|PGLYRP3|ZFP608|CTLA4|PGLYRP4|HMGB3|HSPB1|IHH|ANXA1|RC3H1|RC3H2|FOXP3|MDK|CD74|NRARP|IL4|PRDX2|HLX|PTPN2|CDKN2A|FBXO7|SHH|FGL2|SMAD7|SOCS5|RUNX1|RUNX3|SFRP1|IL2|TBX21|IL4RA|ASCL2|BCL6|IRF1|CBFB|TNFSF18|SOCS1|TNFSF4|FOXJ1|JAK3|LAG3|SLC4A2|LGALS1|PGLYRP2|LOXL3|ZBTB7B,https://www.gsea-msigdb.org/gsea/msigdb/mouse/geneset/GOBP_NEGATIVE_REGULATION_OF_LYMPHOCYTE_DIFFERENTIATION,62,ENR,GOBP_NEGATIVE_REGULATION_OF_LYMPHOCYTE_DIFFERENTIATION,-1.901,6.0000000000000001E-3,GOBP_NEGATIVE_REGULATION_OF_LYMPHOCYTE_DIFFERENTIATION,FALSE,GOBP_NEGATIVE_REGULATION_OF_LYMPHOCYTE_DIFFERENTIATION
2,2.7212463990471698,-2.7212463990471698,2.7212463990471698,-1,-0.251,3.2199999999999999E-2,0.999,BCL2|LY9|STK11|TOX|CD69|DOCK2|IL4|SLAMF6|NFATC3|PTPN2|SHH|TGFB1|BCL11B|SPN|FOXN1|MTOR|ITPKB|STAT6|BRAF|OTUD5|IL23A|OPA1|TBX21|PTPRC|EP300|THEMIS|SKINT1|IL6|IL6RA|STAT3|BATF|IRF4|TNFSF18|BRD2|BRD4|CTSL|FOXP3|CD1D1|H2-DMA|SRF|CD3D|CD3E|CYLD|LGALS1|CD3G|ZAP70|CD74|LOXL3,https://www.gsea-msigdb.org/gsea/msigdb/mouse/geneset/GOBP_POSITIVE_T_CELL_SELECTION,48,ENR,GOBP_POSITIVE_T_CELL_SELECTION,-2.0632999999999999,0,GOBP_POSITIVE_T_CELL_SELECTION,FALSE,GOBP_POSITIVE_T_CELL_SELECTION
3,2.10237290870956,-2.10237290870956,2.10237290870956,-0.99209999999999998,-0.27860000000000001,5.0200000000000002E-2,1,PSPH|SEPHS1|SEPHS2|CSAD|SRR|TXNRD1|HAO1|GART|AGXT|AGXT2|CTH|SHMT2|SCLY|GGT1|GLYAT|SDS|SDSL|SHMT1|MPST|NDP|MTHFD1|GCAT|GCSH|BAAT|CBS|PHGDH|TDH|GNMT|CDO1|THA1|GLDC|PSAT1|THNSL2,https://www.gsea-msigdb.org/gsea/msigdb/mouse/geneset/GOBP_SERINE_FAMILY_AMINO_ACID_METABOLIC_PROCESS,33,ENR,GOBP_SERINE_FAMILY_AMINO_ACID_METABOLIC_PROCESS,-1.9338,7.9000000000000008E-3,GOBP_SERINE_FAMILY_AMINO_ACID_METABOLIC_PROCESS,FALSE,GOBP_SERINE_FAMILY_AMINO_ACID_METABOLIC_PROCESS
,1.79317412396815,-1.79317412396815,1.79317412396815,-0.9839,-0.1452,8.3699999999999997E-2,1,UPF1|UPF3A|UPF3B|RB1|PPHLN1|ATF7IP|BAHD1|BAZ1A|BAZ2A|CBX1|CBX3|CBX5|CBX8|CDK2|CDYL|CENPV|DDX4|DNMT3B|DNMT3L|EED|EZH1|H1F0|H3F3A|SIRT6|H3F3B|RRP8|HAT1|HDAC1|ZNFX1|HDAC3|HMGA2|KDM5A|L3MBTL1|LMNB1|LMNB2|MBD1|MBD2|DYRK1A|MBD3|MORC2A|MPHOSPH8|EIF1|NCOR2|PCGF3|PCGF5|PHF8|POLE3|PPM1D|RIF1|RLF|RLIM|TPR|SCMH1|SETDB1|SIN3A|SMARCA1|SMARCAD1|SMCHD1|SPEN|SPTY2D1|SUZ12|TDRD1|TDRD12|TDRD5|TEX15|TRIM28|HNRNPK|TRIP12|UBR5|DOT1L|UHRF1|SUV39H1|WDHD1|EZH2|HDAC2|JARID2|SMARCA2|HNRNPU|SMARCA4|BCL6|METTL3|MORC1|DICER1|SIRT1|YTHDC1|SIRT2|PHF2|PIWIL2|DNMT3A|SMARCA5|BAP1|EXOSC10|LBR|HELLS|RBM15|RBM15B|SMYD5|BMI1|HDAC8|MECP2|SPIN1|UTY|BRCA1|UBR2|EHMT1|CTCF|ATRX|DNMT1|LMNA|BEND3|EHMT2,https://www.gsea-msigdb.org/gsea/msigdb/mouse/geneset/GOBP_HETEROCHROMATIN_FORMATION,111,ENR,GOBP_HETEROCHROMATIN_FORMATION,-1.7887,1.61E-2,GOBP_HETEROCHROMATIN_FORMATION,FALSE,GOBP_HETEROCHROMATIN_FORMATION
3,2.7212463990471698,-2.7212463990471698,2.7212463990471698,-1,-0.30209999999999998,0,0,OAT|OAZ1|OTC|PAH|PIPOX|PPAT|PPM1K|PRODH|PRODH2|QDPR|SARDH|SCLY|SDS|SDSL|SHMT1|SLC25A44|AADAT|ABAT|TAT|TDH|TDO2|ETFA|THA1|ETFB|THNSL2|ACAD8|ACADSB|UROC1|ACMSD|AFMID|AGXT|AGXT2|AHCY|ALDH4A1|ADHFE1|ALDH5A1|ALDH6A1|ALDH8A1|AMDHD1|ARG1|ARG2|ASRGL1|ATP2B4|AUH|BCAT1|BCAT2|BCKDHA|BCKDHB|BCKDK|BLMH|CBS|CDO1|CSAD|DAO|DBT|DDAH1|DDO|FAH|FTCD|GAD1|GAD2|GCAT|GCSH|GLDC|GLS|AASS|GLS2|GLUD1|ACAT1|GOT1|GOT2|GPT|GPT2|GSTZ1|HAAO|DLD|DLST|HAL|HDC|HGD|HIBADH|HIBCH|HOGA1|HPD|HSD17B10|IDO1|IDO2|IL4I1|IVD|KMO|KYNU|MAT1A|MCCC1|MCCC2|HMGCL|HMGCLL1|MTRR|NOS2|NOS3,https://www.gsea-msigdb.org/gsea/msigdb/mouse/geneset/GOBP_AMINO_ACID_CATABOLIC_PROCESS,99,ENR,GOBP_AMINO_ACID_CATABOLIC_PROCESS,-3.5428000000000002,0,GOBP_AMINO_ACID_CATABOLIC_PROCESS,FALSE,GOBP_AMINO_ACID_CATABOLIC_PROCESS
20,2.2006594505464201,-2.2006594505464201,2.2006594505464201,-0.99370000000000003,-0.23119999999999999,4.82E-2,1,OXTR|NR3C2|AGT|AVPR2|RHOA|ADRA1A|CYBA|TACR1|EDN3|EDNRB|F2R|HSD11B2|ACE|ACE2|CHRM3|AVPR1A|SUCNR1|SERPINF2|ECE1|ADRA1D|CORIN|F2RL1|GJA5|SLC2A5|SOD2|ATP6AP2|G6PDX|ADRA1B|ADRB1|ADRB3|ADRB2|ANPEP|CPA3|CYP2J5|ENPEP|AGTR1A|MCPT4|MME|NKX2-1|PRCP|COMT|PREP|KCNN4|NDST2|RASL10B|RPS6KA2|NOS3|EDN1|TPM1|EDN2,https://www.gsea-msigdb.org/gsea/msigdb/mouse/geneset/GOBP_REGULATION_OF_SYSTEMIC_ARTERIAL_BLOOD_PRESSURE_MEDIATED_BY_A_CHEMICAL_SIGNAL,50,ENR,GOBP_REGULATION_OF_SYSTEMIC_ARTERIAL_BLOOD_PRESSURE_MEDIATED_BY_A_CHEMICAL_SIGNAL,-1.9480999999999999,6.3E-3,GOBP_REGULATION_OF_SYSTEMIC_ARTERIAL_BLOOD_PRESSURE_MEDIATED_BY_A_CHEMICAL_SIGNAL,FALSE,GOBP_REGULATION_OF_SYSTEMIC_ARTERIAL_BLOOD_PRESSURE_MEDIATED_BY_A_CHEMICAL_SIGNAL
1,2.3979400086720402,-2.3979400086720402,2.3979400086720402,-0.996,-0.42070000000000002,1.7399999999999999E-2,0.94899999999999995,ACACB|G6PDX|TALDO1|TKT|PGD|ALDOB|PGLS|H6PD|MTOR|PRPS1|PRPS2|RBKS|HSD11B1|RPE|RPIA|RPTOR|MLST8|SHPK|TRP53,https://www.gsea-msigdb.org/gsea/msigdb/mouse/geneset/GOBP_PENTOSE_PHOSPHATE_SHUNT,19,ENR,GOBP_PENTOSE_PHOSPHATE_SHUNT,-2.2101999999999999,4.0000000000000001E-3,GOBP_PENTOSE_PHOSPHATE_SHUNT,FALSE,GOBP_PENTOSE_PHOSPHATE_SHUNT
,1.98716277529483,-1.98716277529483,1.98716277529483,-0.98970000000000002,-9.6299999999999997E-2,7.46E-2,1,RPL27|PPARA|PRKAA1|PRKAA2|GNRH1|NLRP3|ADRA2A|TLR4|HNF1A|HSPA8|PRKCB|EPS8|TGFBR1|F7|SCNN1B|GRAMD1B|ABAT|ABCB11|CHRNB2|DAG1|NPPC|RARA|ADAL|ADH1|ADH7|ADIPOQ|SFRP1|ADAM15|MYD88|AKR1C18|JUP|SCNN1A|SCNN1G|ALDH1A1|HNRNPD|SGK1|TNFRSF11A|CTSK|ALDH2|SLC12A3|ABCB1A|KLF4|TNFSF4|EFNA5|AGTR1A|MSTN|P2RY6|AACS|TGFBR2|ACACA|SLC5A5|CDA|CDO1|BAK1|CES1D|BCL2|CES1F|CNR1|CPT1A|RPLP0|SPHK2|TGFB1|PRKCA|CYP27B1|CREB1|PTGER4|TSPO|SLIT3|TYMS|RPS6|ST6GAL1|CYP7A1|ADIPOR2|CFTR|INHBA|AHR|STAR|SOD1|TACR1|AKT1|TBXA2R|CAT|ACE|CDK1|CCL19|PMVK|CCL2|AVP|AVPR1A|BRCA1|CCL3|FYN|GLB1|USP46|CCL7|CES1B|CCR7|CES1C|CES1E|GRIA1|CES1G|GRIN1|GOT2|CYP1B1|GABBR1|GOLPH3|KCNC2|HDAC6|SMO|LRP6|CCR5|PTGER1|PTGER2|PTGFR|KLF9|CBL|GATA3|NR0B2|NR3C1|KCNMB1|APOBEC1|OXT|PTGDR|TRP53INP1|ABCA1|EHMT2|FANCB|PAX6|RGS2|RPS6KB1|NR3C2|UCP1|PPP1R9B|PCK1|SLC10A1|RECQL5|TGFBR3|PF4|POLB|PRKCE|PRKD1|CASP8|PTGER3|PTK2B|PTEN|VHL|GSTP1|HPGD|TNF|AIFM1|SLC23A2|STK39|NFE2L1|HNRNPK|ACTC1|NEFL|SHH|SLC2A4|ITPR2|GHR|CD14|CDH1|SOD2|CDK4|CLDN1|CRHBP|SIRT1|CARD9|COMT|CYBB|GNAI1|DNMT3A|SREBF1|TBXAS1|GNAS|TH|FOS|FOSB|IGF1R|GGH|IGF1|GPLD1|INHBB|ASNS|LCT|AKAP8|ARC|ARPC2|ARSA|BIRC2|MDM2|CLDN18|CLDN3|CLDN5|CLDN7|CSF3|CTNNA1|NCAM1|DMAP1|EEF1B2|ELK1|CTNNB1|EPHA5|FKBP5|GGT1|GPR155|GRAMD1A|NQO1|GRAMD1C|GRIP1|OGG1|HDAC8|MECP2|HOXA1|IFITM5|KLF2|LANCL2|MAP4K1|MLC1|NPAS4|PENK|OSBPL7|PSMD14|FOXP3|HTR7|SDF4|SETD7|SMAD2|TNC|UNC79|SERPINA1A|ZFP212|SERPINA1B|UCN3|BTG2|SERPINA1C|SERPINA1D|SERPINA1E|TUFM|MAOB|FOXO3|FOSL1|LRP8|ADCY1|IL2|ADCY2|ADCY3|EIF4G1|ADCY5|ADCY6|FBP1|PTCH1|ADCY7|FDX1|FKRP|RAD51|ALAD|BLM|G6PDX|RELA|FECH|IREB2|TJP1|CDKN1A|LARP1|BCL2L1|UGT1A1|HMGCS2|CAD|LIPA|FGF2,https://www.gsea-msigdb.org/gsea/msigdb/mouse/geneset/GOBP_RESPONSE_TO_ALCOHOL,271,ENR,GOBP_RESPONSE_TO_ALCOHOL,-1.8234999999999999,1.03E-2,GOBP_RESPONSE_TO_ALCOHOL,FALSE,GOBP_RESPONSE_TO_ALCOHOL
21,2.7212463990471698,-2.7212463990471698,2.7212463990471698,-1,-0.54379999999999995,2.2000000000000001E-3,0.19800000000000001,UMOD|SLC12A3|KCNJ1|EDNRA|OXSR1|EDNRB|GUCA2B|KLHL3|MAGED2|KCNQ1|ATP6V1B1|WNK4|PON3|EDN1|STK39,https://www.gsea-msigdb.org/gsea/msigdb/mouse/geneset/GOBP_RENAL_SODIUM_ION_TRANSPORT,15,ENR,GOBP_RENAL_SODIUM_ION_TRANSPORT,-2.5567000000000002,0,GOBP_RENAL_SODIUM_ION_TRANSPORT,FALSE,GOBP_RENAL_SODIUM_ION_TRANSPORT
3,2.7212463990471698,-2.7212463990471698,2.7212463990471698,-1,-0.25990000000000002,7.6E-3,0.63900000000000001,OAT|OTC|AGMAT|ALDH18A1|APC|ASL|ASS1|ATCAY|AZIN1|GLUL|DAO|CLN3|CPS1|PPAT|PRODH|DDAH1|PRODH2|FPGS|GCLC|GCLM|GFPT2|GGT1|MECP2|UCP2|NAGS|NIT2|AADAT|FAH|NR1H4|FTCD|ODC1|GAD1|GAD2|SLC25A12|PHGDH|TAT|GLS|PYCR1|GLS2|PYCR2|GLUD1|SLC38A1|UROC1|GOT1|GOT2|SLC7A11|HAL|ALDH4A1|ADHFE1|ALDH5A1|AMDHD1|ARG1|ARG2|PFAS|ASRGL1|ATP2B4|SIRT4|CAD|NOS2|NOS3,https://www.gsea-msigdb.org/gsea/msigdb/mouse/geneset/GOBP_GLUTAMINE_FAMILY_AMINO_ACID_METABOLIC_PROCESS,60,ENR,GOBP_GLUTAMINE_FAMILY_AMINO_ACID_METABOLIC_PROCESS,-2.3603999999999998,0,GOBP_GLUTAMINE_FAMILY_AMINO_ACID_METABOLIC_PROCESS,FALSE,GOBP_GLUTAMINE_FAMILY_AMINO_ACID_METABOLIC_PROCESS
14,2.0969100130080598,-2.0969100130080598,2.0969100130080598,-0.99199999999999999,-0.13339999999999999,5.6599999999999998E-2,1,ELOVL1|ELOVL2|ELOVL3|ELOVL4|ELOVL5|ELOVL6|ELOVL7|EPHX1|EPHX2|FABP5|FADS1|FADS2|FADS3|GPX1|GPX4|GSTA1|GSTM1|GSTM3|GSTM6|GSTM7|SCP2|GSTP1|GSTP2|HPGD|HPGDS|TMEM135|ABCD2|MAPK9|MGLL|ACAA1A|MGST3|ACAA1B|CYP1A2|MIF|ACOT8|PDPN|PIBF1|PLA2G10|PLA2G2F|PLA2G3|PLA2G4A|PLA2G4F|PLAA|PNPLA8|AKR1C18|PTGDS|PTGES|PTGES2|PTGIS|PTGR1|PTGR2|PTGS1|PTGS2|SCD1|SCD2|SCD3|SCD4|SCO1|SIRT1|COMT|SPHK1|TBXAS1|TNFRSF1A|ACSL1|ACSL4|CYP4F13|CYP4F14|CYP4F15|CYP4F18|ALOX5|AHR|AKR1B7|AKR1C12|AKR1C13|AKR1C14|AKR1C19|AKR1C20|DECR2|AKR1C21|AKR1C6|ABCD1|AKR1CL|ALOX12|ALOX12B|ALOX12E|ALOX15|ALOX8|ALOXE3|EHHADH|ANXA1|PTGES3|AVP|AVPR1A|CD74|ACOX1|CES2A|CES2B|CES2C|CES2E|CES2F|CES2G|CTHRC1|CYP1B1|CYP2A12|CYP2A22|CYP2A4|CYP2A5|CYP2B10|CYP2B13|CYP2B19|CYP2B9|CYP2C29|CYP2C37|CYP2C38|CYP2C40|CYP2C50|HSD17B4|CYP2C54|CYP2C55|CYP2D10|CYP2D12|CYP2D22|CYP2D26|CYP2D34|CYP2D9|CYP2E1|CYP2F2|CYP2G1|CYP2J11|CYP2J13|CYP2J5|CYP2J6|CYP2J9|CYP2S1|CYP2U1|CYP4A10|CYP4A12A|CYP4A12B|CYP4A14|CYP4A31|ATP6V1B1|CYP4A32|DAGLA|DAGLB|IL1B|EDN1|EDN2,https://www.gsea-msigdb.org/gsea/msigdb/mouse/geneset/GOBP_UNSATURATED_FATTY_ACID_METABOLIC_PROCESS,147,ENR,GOBP_UNSATURATED_FATTY_ACID_METABOLIC_PROCESS,-1.8987000000000001,8.0000000000000002E-3,GOBP_UNSATURATED_FATTY_ACID_METABOLIC_PROCESS,FALSE,GOBP_UNSATURATED_FATTY_ACID_METABOLIC_PROCESS
6,2.3979400086720402,-2.3979400086720402,2.3979400086720402,-0.996,-0.13300000000000001,3.85E-2,1,NEDD4L|RGS2|RPS6KB1|P2RX4|PGAM2|PLN|PRKD1|3425401B19RIK|PSEN2|ADRA1A|GPD1L|RANGRF|REM1|CACNA1H|RNF207|ATP2A2|RYR2|ATP8A2|SCN1B|SCN2B|CACNA1S|SCN3B|TNF|SCN4B|TRPV4|SCN5A|CCDC78|SLC8A1|SLC9A1|MYH6|CHRNA1|MYH7|ABCC9|CHRNB1|SNTA1|CHRNE|SRI|STAC|STAC2|ATP1A1|STAC3|CTNNA3|SUMO1|DDIT3|SRSF1|DSC2|NPPA|DMPK|DSG2|DSP|ACTC1|TMEM38A|HCN4|GATA4|SMAD7|CSRP3|GJA5|GRCC10|PIK3CA|NKX2-5|LMOD3|SCN4A|MYBPC3|JUP|KCND3|MYL2|KCNE4|VPS54|ADCY10|PDE4D|ADRA1B|PDE5A|ADRB1|MAP2K3|ADRB2|AGRN|MET|ARG2|AKAP6|TRPM4|AKAP9|MYL1|ANK2|MYL3|MYL4|GAA|TCAP|MYLK2|TNNT1|TNNT2|ATP2A1|TNNT3|TPM1|TTN|NR4A1|ZC3H12A|NUP155|CACNA1C|CACNA1D|CACNA2D1|CACNB2|CALM1|PKP2|CALM2|PPP1R13L|CALM3|CAMK2D|CASQ1|CASQ2|RCSD1|CAV3|MTOR|RYR1|RYR3|SGCD|SMAD5|SMTN|DLG1|HSP90AA1|DMD|CXCR4|SYNM|ACTN3|EHD3|FGF13|TNNC1|TNNC2|TNNI1|ACE2|TNNI2|ADORA1|FKBP1B|TNNI3|FLNA|FXYD1|KCNA5|CHGA|UTY|ATP1A3|VEGFB|CAV1|ALDOA|STC1|HOMER1|JSRP1|TMEM38B|GSN|KCNE1|KCNE2|KCNE3|KCNH2|MAP2K6|BIN1|KCNJ2|KCNJ5|KCNJ8|HDAC4|ATP1A2|KCNN2|ATP1B1|KCNQ1|MYH14,https://www.gsea-msigdb.org/gsea/msigdb/mouse/geneset/GOBP_STRIATED_MUSCLE_CONTRACTION,162,ENR,GOBP_STRIATED_MUSCLE_CONTRACTION,-2.0103,4.0000000000000001E-3,GOBP_STRIATED_MUSCLE_CONTRACTION,FALSE,GOBP_STRIATED_MUSCLE_CONTRACTION
1,2.7212463990471698,-2.7212463990471698,2.7212463990471698,-1,-0.12820000000000001,0,1E-3,AGPAT3|AGPAT4|CTPS2|AGPAT5|APOA1|DCK|APOA2|ATG14|DHFR|BECN1|DHODH|BPNT1|BSCL2|CAPN2|DTYMK|CDIPT|DUT|CDS1|CDS2|CEPT1|ENTPD1|CHKA|CHKB|CHPT1|FAM3A|CKB|CKM|CKMT1|CKMT2|FLAD1|CMAS|COASY|GART|CRLS1|CWH43|GMPR|DCAKD|GMPR2|DGKA|GMPS|DGKB|DGKD|DGKE|GUCA1A|DGKG|GUCA1B|DGKH|GUCY2C|DGKI|GUCY2G|DGKQ|GUK1|DGKZ|DHDDS|HNF1A|DHRS7B|DIP2A|DOLK|IMPDH1|DPM1|IMPDH2|DPM2|DPM3|EFR3B|LETMD1|ENTPD8|ERBB4|MAP2K1|ETNK1|MAPK1|ETNK2|FAR1|FDPS|FGF7|MTHFD1|FIG4|MTHFD2L|FITM1|FITM2|FPGT|NADK|GGPS1|NADSYN1|GMDS|NAMPT|GMPPA|GMPPB|GNE|NME1|GNPNAT1|NME2|GPAA1|NME3|GPAT2|NME4|GPHN|NME5|HEXB|NME6|HMGCS1|NME7|HTR2B|NMNAT1|HTR2C|NMNAT3|IDI1|IDI2|NPPA|IMPA1|NPPB|IMPA2|NPPC|INPP1|NPR1|INPP4A|NPR2|INPP4B|INPP5E|INPPL1|IP6K1|IP6K2|IP6K3|IPMK|IPPK|ISYNA1|ITPKA|ITPKB|ITPKC|LCAT|LCLAT1|NUDT2|LPCAT1|LPCAT2|LPCAT3|OASL2|LPCAT4|MBOAT1|MBOAT2|PAICS|MBOAT7|PAPSS1|MMAA|PAPSS2|MOCOS|MOCS1|PARP1|MOCS2|MOCS3|PCX|MPPE1|MVD|MVK|MYH9|NANP|NANS|NFS1|NUS1|ORMDL1|ORMDL3|OSBP|NMNAT2|P2RY1|PFAS|P2RY6|PID1|PANK1|PRPS1L1|PANK3|PRPS1L3|PANK4|PRPSAP1|PCYT1A|PRPSAP2|PCYT1B|PCYT2|PDGFA|RD3|PDGFB|RFK|PDHX|PDXK|PGAP1|PGAP2|RRM1|PGAP3|RRM2|PGM3|RRM2B|PGS1|PI4K2A|PI4K2B|PI4KA|PI4KB|PIGA|PIGB|PIGC|SLC4A7|PIGF|SLC52A2|PIGG|SLC52A3|PIGH|SPHK2|PIGK|PIGL|TBPL1|PIGM|TGFB1|PIGN|TK2|PIGO|TMSB4X|PIGP|TREM2|PIGQ|PIGS|TYMS|PIGT|UCK1|PIGU|UCK2|PIGV|UCKL1|PIGW|UMPS|PIGX|UPRT|PIGYL|PIGZ|PIK3C2A|PIK3C2B|PIK3C2G|PIK3C3|PIK3CB|PIK3CD|PIK3CG|PIK3R1|PIK3R4|PIP4K2A|PIP4K2B|PIP4K2C|PIP5K1A|ADSL|PIP5K1B|AK4|PIP5K1C|PISD|PLA2G4C|PLCD1|PLCG1|PLCG2|PLD1|PLD2|PLEK|PLSCR1|PLSCR3|PMM1|PMM2|PMVK|PNPO|PPCDC|PPCS|PPIP5K1|PPIP5K2|PRKG1|PTAFR|PTDSS1|PTDSS2|PTH1R|PTPMT1|RAB38|SAMD8|SERAC1|SERINC1|SERINC4|SERINC5|SGMS1|SGMS2|SH3GLB1|SH3YL1|SLC19A2|SLC19A3|SLC25A16|SLC25A19|DGUOK|SLC25A42|DLAT|SLC2A1|DLD|SLC30A5|SLC35A1|SLC35C1|DNAJC30|SMG1|SPTLC1|SPTLC2|THTPA|IDH1|TK1|IDH2|TMEM150A|TMEM38B|TTC7|TTC7B|UAP1|MDH1|UAP1L1|MDH2|UGDH|UVRAG|UXS1|VAC14|VAPA|VDAC1|MYC|NDUFA1|NDUFA10|NDUFA11|NDUFA12|NDUFA13|NDUFA2|NDUFA3|NDUFA5|NDUFA6|NDUFA7|NDUFA8|NDUFA9|NDUFAB1|NDUFB10|NDUFB11|NDUFB2|NDUFB3|NDUFB4|NDUFB5|NDUFB6|NDUFB7|NDUFB8|NDUFB9|NDUFC1|NDUFC2|NDUFS1|NDUFS2|NDUFS3|NDUFS4|NDUFS5|NDUFS6|NDUFS7|NDUFS8|NDUFV1|NDUFV2|NDUFV3|PANK2|PDHA1|PDHB|PLA2G6|SDHA|SDHB|SDHC|SDHD|SHMT2|SNCA|STOML2|VCP|ATM|IL4|OAS1A|PIK3CA|SLC25A13|ADCY10|GFPT1|PYGL|SLC25A12|UGP2|ACACB|ACAT1|ALDOA|ENO1|G6PDX|GAPDH|GNPDA1|GPD1|HK1|HMGCS2|LIPA|MPI|PGAM1|PGK1|PPARA|PRPS1|PRPS2|STAT3|TKT|TPI1|ACOT7|ACSL5|ADA|AFMID|AKR1A1|AMDHD2|BCKDK|ABHD5|ACACA|CDA|ACLY|CRYL1|ACSL1|ACSL3|ACSL4|ACSL6|ACSS1|ACSS2|DCTD|DCXR|ALOX15|GCDH|GK5|GNPDA2|HAAO|IDO1|IDO2|KMO|KYNU|LDHC|LDHD|MLYCD|NOS3|ELOVL1|ELOVL3|ELOVL4|ELOVL5|ELOVL6|ELOVL7|PCK1|FABP3|FABP5|PNP|PNP2|PPARD|PPAT|GPAM|QPRT|SCP2|SHMT1|SORD|LPGAT1|UPP1|UPP2|PDK1|PDK2|PDK3|XYLB|PDK4|PLA2G4A|PLA2G5|PNPLA3|SLC27A1|TPK1|CLN3|CPS1|GFPT2|NR1H4|PEMT|SLC25A10|ADCY1|ADCY2|ADCY3|ADCY4|ADCY5|ADCY6|ADCY7|ADCY9|ADK|ADORA2B|AK1|AK2|AK3|AK5|AK7|AK8|AMPD1|AMPD2|AMPD3|APRT|ASPDH|ATIC|ATP6V1A|BCL2L1|ABCA2|ABCA8A|ABCA8B|CAD|ABHD4|ABHD8|CMPK1|ADCYAP1R1|CMPK2|AGPAT1|AGPAT2|COX11,https://www.gsea-msigdb.org/gsea/msigdb/mouse/geneset/GOBP_ORGANOPHOSPHATE_BIOSYNTHETIC_PROCESS,499,ENR,GOBP_ORGANOPHOSPHATE_BIOSYNTHETIC_PROCESS,-3.2058,0,GOBP_ORGANOPHOSPHATE_BIOSYNTHETIC_PROCESS,FALSE,GOBP_ORGANOPHOSPHATE_BIOSYNTHETIC_PROCESS
2,2.7212463990471698,-2.7212463990471698,2.7212463990471698,-1,-9.9400000000000002E-2,1.6E-2,0.93,MALT1|ADD2|NCKAP1L|NDFIP1|CAPN1|NFKBID|NFKBIZ|CD177|NLRP3|CHST2|PAG1|CHST4|PDCD1|AIF1|PDCD1LG2|PRKCQ|PRKCZ|PYCARD|EXT1|F11R|RAG1|FUT4|RC3H1|FUT9|RC3H2|GCNT1|RIPK2|ITGA4|SASH3|ITGB2|ITGB2L|ITGB7|JAM2|SKAP1|SLAMF1|MIA3|NT5E|SLFN1|MSN|SMAD7|SOCS5|SPN|ITPKB|PECAM1|TARM1|OPA1|TBX21|TFRC|PODXL2|TNFRSF13C|TNFRSF14|KLF4|LCK|PDE5A|TNFSF13B|TNFSF18|TNFSF4|NCK1|S100A8|TRAF6|SELE|SELL|SELP|SELPLG|TYK2|ST3GAL4|STK10|VTCN1|YWHAG|ZAP70|ZBTB1|ZBTB7B|ZC3H12A|TGFB1|ILDR2|RPS3|ROCK1|ALOX5|B2M|BMI1|UMOD|AKT1|ADORA2A|CCL19|CCL2|CCL25|CCL28|PTAFR|CCL5|ZDHHC21|CCR2|CCR7|CD37|CD46|CD47|CD55|CD59A|CD59B|CD81|CTSG|IL1A|CXCL12|ELANE|FOXJ1|GATA3|GIMAP3|GIMAP5|H2-DMA|H2-T23|PLA2G2D|BMP7|IL1B|ETS1|EZR|FERMT3|IRAK1|ITGA5|L1CAM|LRG1|OLR1|LGALS3|SEMA4D|TNIP1|PF4|RHOA|PTPN6|PTPRC|S100A9|TNF|TNFRSF21|VSIG4|XCL1|IFNG|IL4|CDKN2A|SHH|NR4A3|CASP3|SLC4A2|HMGB1|IGF1|IGF2|IL6ST|SLC7A1|HSP90AA1|THBS1|TNFSF11|CD209D|CEBPB|ABL2|ACTB|ACTL6A|ACTL6B|ADAM8|AMBRA1|AP3D1|EP300|ARID1A|ARID2|BLM|BRD7|IRGM1|BTNL2|CARD11|CBFB|CBLB|CCDC88B|CD209C|CD209E|CD276|CD5|CD6|CD83|CYLD|DAPL1|DHPS|DLG5|DOCK8|DTX1|DUSP3|RAG2|EFNB1|EFNB2|EFNB3|EGR3|EPHB4|ERBB2|FCHO1|FLOT2|PPARA|PRKAA1|GLI3|GLMN|GNRH1|GPNMB|H2-AA|H2-AB1|H2-DMB2|H2-EB1|H2-EB2|H2-OA|H2-OB|HSPB1|HSPH1|ICOS|SLC4A1|IGFBP2|IHH|IL15|SART1|IL1RL2|IL21|IL2RA|IL2RG|IL7|ITCH|ITGAL|KAT5|KITL|LAPTM5|LGALS8|LRRC32|MAD1L1|MDK|NCK2|NKAP|NR5A2|NRARP|PBRM1|PELI1|PHF10|PIK3R6|PRDX2|PTPN2|RAC2|RARA|RASAL3|RASGRP1|FGL2|ADA|RHOH|RUNX1|RUNX3|SCGB1A1|SCRIB|SDC4|SFTPD|SHB|SIRPA|SKINT1|SMARCA2|SMARCA4|SYK|SMARCB1|SMARCC1|SMARCC2|SMARCD1|SMARCD2|ABL1|SMARCD3|SMARCE1|SOCS1|SOCS6|ARG1|ARG2|SOX12|SOX13|SOX4|BAD|STAT5A|TESPA1|TGFBR2|TIGIT|TNFAIP8L2|TNFSF14|TNFSF9|TSC2|BMP4|TSPAN32|TWSG1|VAV1|VCAM1|VNN1|WNT10B|XBP1|ZC3H12D|ZC3H8|ZFP35|CD4|ZFP608|ZFP609|ZMIZ1|CORO1A|STAT5B|DLG1|AP3B1|ANXA1|APOA4|CAV1|CD74|CEACAM1|DNAJA3|ITGB1|NFAT5|GOLPH3|IDO1|IL4I1|ITGAM|PCK1|PPP3CA|PNP|PRNP|GPAM|PTEN|PTPN22|GSTP1|KLHL25|THY1|PLA2G2F|PLA2G5|WNK1|AGER|ASCL2|BCL6|BRD2|BRD4|BTLA|PRKAR1A|CD160|CD1D1|CD1D2|CD24A|CD27|CD274|CD28|CD3E|CD40LG|CD44|CD69|CD80|CD86|CLEC4G|ASS1|CRTAM|CTLA4|CX3CR1|CD300A|DPP4|DUSP10|DUSP22|EPHB6|FADD|FBXO38|HES1|FGL1|FOXP3|FUT7|H2-DMB1|H2-M3|CFH|PAWR|FOXO3|HAVCR2|SLC39A8|HFE|HLX|HSPD1|ICAM1|ICOSL|IL12A|IL12B|IL12RB1|IL18|IL2|IL20RB|HAS2|IL23A|ADK|IL4RA|IL6|RELA|IL7R|IRF1|BCL10|JAK2|JAK3|KLHL22|LAG3|LAX1|LEF1|LGALS1|LGALS9|LOXL3,https://www.gsea-msigdb.org/gsea/msigdb/mouse/geneset/GOBP_LEUKOCYTE_CELL_CELL_ADHESION,393,ENR,GOBP_LEUKOCYTE_CELL_CELL_ADHESION,-2.2238000000000002,0,GOBP_LEUKOCYTE_CELL_CELL_ADHESION,FALSE,GOBP_LEUKOCYTE_CELL_CELL_ADHESION
7,2.67778070526608,-2.67778070526608,2.67778070526608,-0.99790000000000001,-0.3518,1.2999999999999999E-2,0.871,LTF|MBL1|HSPD1|MBL2|CXCL1|F2RL1|CTSG|DAO|GPX1|MYD88|PLG|CXCL5|NLRP6|PCYOX1L|POMC|ELANE|TREM1|TREM3|TUSC2|F2|ROMO1|GAPDH|SPAG11B|ARG1|CAMP|SCNN1B|NCF1|HRG|DDB1|FN1|GPX2,https://www.gsea-msigdb.org/gsea/msigdb/mouse/geneset/GOBP_BIOLOGICAL_PROCESS_INVOLVED_IN_INTERACTION_WITH_SYMBIONT,31,ENR,GOBP_BIOLOGICAL_PROCESS_INVOLVED_IN_INTERACTION_WITH_SYMBIONT,-2.2608999999999999,2.0999999999999999E-3,GOBP_BIOLOGICAL_PROCESS_INVOLVED_IN_INTERACTION_WITH_SYMBIONT,FALSE,GOBP_BIOLOGICAL_PROCESS_INVOLVED_IN_INTERACTION_WITH_SYMBIONT
19,2.7212463990471698,-2.7212463990471698,2.7212463990471698,-1,-0.26640000000000003,0,2E-3,ACNAT2|ACOT1|ELOVL1|ACOT11|NUDT7|TPK1|ACOT12|ELOVL3|NUDT8|ACOT2|ELOVL4|ACOT3|ELOVL5|ACOT5|ELOVL6|ACOT6|ELOVL7|ACOT9|ACSL1|ACSL3|PGK1|ACSL4|ACSL6|ACSM1|PIPOX|ACSM2|ACSM3|OGDH|ACSM5|ACSS1|ACSS2|FASN|PDHA1|PDHB|GPAM|ABCD1|GLYAT|SNCA|DIP2A|SUCLA2|HNF4A|SUCLG1|SUCLG2|EHHADH|FAR1|AADAT|PMVK|ACOT10|FITM2|FAR2|MCEE|PPCS|GCDH|BAAT|ACAA2|TDO2|HMGCS1|AASS|ACACB|ACAT1|OXSM|ACADSB|PDK1|PDK2|ACOT4|PDK3|ACOT7|CS|PDK4|ACOT8|CSL|DLAT|ACSL5|DLD|DLST|DGAT1|HSD17B4|MMAA|VDAC1|MVD|MVK|KYNU|SLC27A3|HMGCL|MLYCD|BCKDK|HMGCS2|PDHX|ACACA|DGAT2|ACLY|ACNAT1|CES1D|NUDT19|THEM5,https://www.gsea-msigdb.org/gsea/msigdb/mouse/geneset/GOBP_ACYL_COA_METABOLIC_PROCESS,95,ENR,GOBP_ACYL_COA_METABOLIC_PROCESS,-3.0632999999999999,0,GOBP_ACYL_COA_METABOLIC_PROCESS,FALSE,GOBP_ACYL_COA_METABOLIC_PROCESS
10,1.99567862621736,-1.99567862621736,1.99567862621736,-0.9899,-0.30940000000000001,4.9599999999999998E-2,1,ITGB2|ITGB2L|FFAR2|SLAMF1|AOC3|SLAMF8|NLRP3|ALOX5|CX3CL1|PPBP|ADAM8|NINJ1|ELANE|PTN|S100A9|ITGAM|LBP|TNF|RTN4|S100A8|JAM3|CCR6|FUT7|CCL2|CD24A|MDK,https://www.gsea-msigdb.org/gsea/msigdb/mouse/geneset/GOBP_LEUKOCYTE_MIGRATION_INVOLVED_IN_INFLAMMATORY_RESPONSE,26,ENR,GOBP_LEUKOCYTE_MIGRATION_INVOLVED_IN_INFLAMMATORY_RESPONSE,-1.9396,1.01E-2,GOBP_LEUKOCYTE_MIGRATION_INVOLVED_IN_INFLAMMATORY_RESPONSE,FALSE,GOBP_LEUKOCYTE_MIGRATION_INVOLVED_IN_INFLAMMATORY_RESPONSE
,2.2146701649892302,-2.2146701649892302,2.2146701649892302,-0.99390000000000001,-0.21190000000000001,6.7199999999999996E-2,1,NR3C2|LTF|MSH6|FGF10|PLN|MSH3|OXA1L|AHSA1|PPIF|DNAJB1|DNAJB11|DNAJB2|DNAJC10|DNAJC24|DNAJC9|PFN1|PFN2|SETMAR|TMEM64|TOR1AIP1|TOR1AIP2|SSBP1|UBLCP1|ZC3HAV1|TNNC1|PLSCR1|TNNI3|MYH6|TPM2|SLN|POT1A|DHX9|POT1B|SUMO1|CASR|PXK|TLR9|ALDOB|TSC1|HSPA2|VMP1|MSH2|HNRNPU|RGN|AGRN|SIRT1|ATP1B1|MYL4|ATP1B2|ATP1B3|TNNT2|ATP2A1|TNNT3,https://www.gsea-msigdb.org/gsea/msigdb/mouse/geneset/GOBP_REGULATION_OF_ATP_DEPENDENT_ACTIVITY,53,ENR,GOBP_REGULATION_OF_ATP_DEPENDENT_ACTIVITY,-1.8495999999999999,6.1000000000000004E-3,GOBP_REGULATION_OF_ATP_DEPENDENT_ACTIVITY,FALSE,GOBP_REGULATION_OF_ATP_DEPENDENT_ACTIVITY
1,2.0861861476162802,-2.0861861476162802,2.0861861476162802,-0.99180000000000001,-0.29959999999999998,2.1600000000000001E-2,0.98399999999999999,SLC1A3|NMNAT1|SLC25A11|NMNAT3|SLC25A22|NNMT|SLC37A2|GOT1|GOT2|GPD2|HAAO|LDHA|NUDT12|NUDT17|AFMID|GPD1L|MDH1|MDH2|QPRT|SLC25A13|IDO1|IDO2|PARP14|KMO|KYNU|LDHB|AOX1|GPD1|ART2B|NMNAT2|ASPDH|NADK|NADSYN1|NAMPT|SLC25A12|SARM1,https://www.gsea-msigdb.org/gsea/msigdb/mouse/geneset/GOBP_NAD_METABOLIC_PROCESS,36,ENR,GOBP_NAD_METABOLIC_PROCESS,-2.1606000000000001,8.2000000000000007E-3,GOBP_NAD_METABOLIC_PROCESS,FALSE,GOBP_NAD_METABOLIC_PROCESS
6,1.9355420107730801,-1.9355420107730801,1.9355420107730801,-0.98839999999999995,-0.23089999999999999,5.6399999999999999E-2,1,WDR1|NEDD4L|CACNA1D|NPPA|CACNA2D1|CACNB3|GJA5|CASQ2|CAV3|GJA1|YWHAE|KCNE1|KCNE2|KCNE3|KCNA1|DLG1|KCND2|KCNH2|KCND3|KCNIP1|KCNE4|KCNIP2|ADCY10|RNF207|ZMPSTE24|SCN1B|KCNH6|SCN2B|NOS1AP|SCN4B|KCNJ2|SCN5A|KCNJ5|KCNJ8|AKAP6|AKAP7|KCNN2|AKAP9|ATP1B1|FLNA|KCNQ1|ANK2|SNTA1|KCNA5|ATP1A1|ATP1B2|ATP1B3|CAV1,https://www.gsea-msigdb.org/gsea/msigdb/mouse/geneset/GOBP_MEMBRANE_REPOLARIZATION,48,ENR,GOBP_MEMBRANE_REPOLARIZATION,-1.8985000000000001,1.1599999999999999E-2,GOBP_MEMBRANE_REPOLARIZATION,FALSE,GOBP_MEMBRANE_REPOLARIZATION
12,1.9172146296835499,-1.9172146296835499,1.9172146296835499,-0.9879,-0.38800000000000001,7.0999999999999994E-2,1,SLC25A29|SLC25A2|SLC38A4|SLC7A7|SLC11A1|SLC7A1|SLC15A4|SLC38A9|SLC22A2|SLC7A2|SLC7A3|SLC7A6|SLC7A9|SLC47A1|CLN3|SLC25A15,https://www.gsea-msigdb.org/gsea/msigdb/mouse/geneset/GOBP_BASIC_AMINO_ACID_TRANSMEMBRANE_TRANSPORT,16,ENR,GOBP_BASIC_AMINO_ACID_TRANSMEMBRANE_TRANSPORT,-1.8339000000000001,1.21E-2,GOBP_BASIC_AMINO_ACID_TRANSMEMBRANE_TRANSPORT,FALSE,GOBP_BASIC_AMINO_ACID_TRANSMEMBRANE_TRANSPORT
11,2.7212463990471698,-2.7212463990471698,2.7212463990471698,-1,-0.16850000000000001,4.0000000000000001E-3,0.373,NAIF1|SLC25A3|NPTX1|SFXN1|UCP1|HSPA9|PDCD5|SFXN2|SFXN3|SLC25A28|SFXN5|SLC25A37|SLC30A2|TST|PMAIP1|PSEN1|PINK1|PPIF|PPM1K|PSEN2|RHOT1|RHOT2|SIVA1|SLC25A36|SLC25A23|SLC25A46|SLC25A33|STAT3|ROMO1|TIMM10|TIMM13|TIMM22|UCP2|TIMM50|TIMM9|TMEM102|TMEM14A|SLC9A1|TOMM22|TOMM40|TOMM70A|AIFM1|SPG7|BAX|CHCHD4|SLC25A1|VDAC2|ACAA2|SLC25A15|SLC25A20|SLC25A21|SLC25A24|VPS35|SLC25A26|SLC25A29|SLC25A31|SLC25A32|SLC25A38|SLC25A39|ZFP13|SLC25A4|SLC25A40|SLC25A5|BCL2L11|PNPT1|OPA1|ADCY10|MRPL18|AFG3L2|BAD|SLC41A3|THEM4|BAK1|GSK3A|BCL2|GSK3B|CPT1B|CPT2|UCP3|AGK|GCLC|HSP90AA1|ALKBH7|HTT|AKT1|ATF2|BID|BCL2L2|BLOC1S2|CHCHD10|BNIP3|BNIP3L|COL6A1|ITPR1|BOK|CAMK2A|KIF5B|TRP53|MPV17L|SLC25A2|SLC39A8|DNAJC19|DNLZ|DYNLT1A|HSPD1|DYNLT1B|SLC25A16|DYNLT1F|GFER|GRPEL1|ABCB8|EYA2|GRPEL2|SLC25A10|BHLHA15|CCDC51|DNAJC15|CRYM|NOL3|MRS2|PAM16|FXN|SFXN4|FZD9|TIMM17A|TIMM17B|TIMM23|GHITM|TIMM44|TOMM20|HIP1R|TOMM40L|ABCB10|HSPA4|TOMM7|ABCB7|MTCH2|SAMM50|VDAC1|LETM1|LETM2|NDUFA13|GIMAP3|GIMAP5|HIF1A|HK2|MICU1|TMEM14C|BCL2L1|MTCH1|IER3|MTX2|MUL1|CNP,https://www.gsea-msigdb.org/gsea/msigdb/mouse/geneset/GOBP_MITOCHONDRIAL_TRANSPORT,154,ENR,GOBP_MITOCHONDRIAL_TRANSPORT,-2.4643000000000002,0,GOBP_MITOCHONDRIAL_TRANSPORT,FALSE,GOBP_MITOCHONDRIAL_TRANSPORT
10,2.2076083105017501,-2.2076083105017501,2.2076083105017501,-0.99380000000000002,-0.14929999999999999,5.7200000000000001E-2,1,LYST|LGALS3|DNM1L|S100A14|AKIRIN1|NOD2|NCKAP1L|CAMK1D|PF4|CCR3|PPBP|TIRAP|CKLF|RARRES2|CMKLR1|CSF1|CSF3R|CXCL17|CXCL2|CXCL3|CXCR1|S100A9|CXCR2|DAPK2|TRPV4|MAPK1|GBF1|IL17B|IL17RC|MDK|IL34|PTPRJ|ITGA1|XCL1|ITGA9|IFNG|ITGB2|ITGB2L|TGFB2|IL4|SLAMF1|RAC2|C1QBP|CXCL1|MOSPD2|MPP1|BSG|PERP|PIKFYVE|PPIA|PPIB|SYK|PREX1|TREM1|TREM3|PDE4D|TNFSF18|S100A8|C3AR1|MSTN|SCG2|SELL|SLIT2|SRP54A|THBS4|TNFAIP6|VEGFA|VAV1|PDE4B|VAV3|PRKCA|PTK2|MAPK3|DPP4|DPEP1|DYSF|EDN3|THBS1|EDNRA|FCER1G|FCGR3|ANXA1|CCL1|CCL11|CCL12|C5AR1|CCL19|CCL2|CCL22|CCL24|CCL25|SLC37A4|CCL27A|CCL28|CCL3|CCL4|CCL5|CCL7|CD74|CCL8|CXADR|CCR7|IL17RA|CX3CL1|CXCL10|CXCL13|IL23A|CXCL15|CXCL5|CXCL9|SPP1|BST1|ITGAM|LBP|JAM3|RAC1|CSF1R|IL1B|EDN1|EDN2,https://www.gsea-msigdb.org/gsea/msigdb/mouse/geneset/GOBP_GRANULOCYTE_CHEMOTAXIS,120,ENR,GOBP_GRANULOCYTE_CHEMOTAXIS,-1.8912,6.1999999999999998E-3,GOBP_GRANULOCYTE_CHEMOTAXIS,FALSE,GOBP_GRANULOCYTE_CHEMOTAXIS
12,2.6989700043360201,-2.6989700043360201,2.6989700043360201,-0.998,-0.105,2.1499999999999998E-2,0.98199999999999998,CTNS|P2RX7|FIS1|PSEN1|SLC27A5|HNF1A|PRKCD|UCP2|AKT2|ABAT|ABCB11|ABCD2|ABCD3|ABCD4|HTR2C|SLC11A1|SLC15A4|ACSL5|AGXT|TNFRSF11A|SYK|ABCB1A|ABCB1B|APOE|ARG1|ARG2|CES1D|CES1F|SLC1A3|SLC25A11|SLC25A22|CPT1B|CPT2|ACSL1|ACSL3|ACSL4|ACSL6|CYP7A1|SLC38A2|AGT|ABCD1|UMOD|DRD4|ABCB4|ABCC1|AKT1|ABCC10|ABCC2|ABCC3|ABCC4|ABCC5|BDNF|ABCC8|ABCG2|ANXA1|ACE|ACE2|FABP1|ADORA1|ADORA2A|FXYD1|APBA1|AQP8|AQP9|ARHGEF11|AVP|ARL6IP1|AVPR1A|PRKG1|ARL6IP5|ATP1A3|ATP8B1|BEST1|CACNA1A|CEACAM1|CEACAM2|CASR|CES1B|CCK|CES1C|CD36|CES1E|CES1G|CLDN2|CLN8|CRABP1|GOT2|CRABP2|DPYSL2|SLC19A3|DTNBP1|EMB|FABP12|FABP6|SLC2A1|FABP7|FOLR2|GABBR1|ITGB1|GFAP|GIPC1|GJA1|GNAT2|GRIK1|HRH2|IL1A|IL1RN|KCNK1|KCNK2|KISS1R|LLGL2|LRP2|LRRC8A|LRRC8B|LRRC8C|LRRC8D|LRRC8E|MAP2K6|KCNJ10|KMO|MFSD12|MYC|MYO6|NF1|NFKBIE|NMB|NR0B2|KCNJ8|NR3C1|CYP4A10|NTRK2|OXT|P2RY2|MFSD2A|PAK1|CYP4A31|CYP4A32|PLA2G12A|PLA2G12B|PLA2G2C|PLA2G2D|PLA2G2E|NOS2|PLA2R1|IL1B|PLIN2|LYN|PROCA1|PSAP|EDN1|RAB3GAP1|RBP1|RBP2|RBP7|REPIN1|RGS2|RPS6KB1|SFXN1|SFXN2|SFXN3|SFXN5|SLC10A1|SLC10A2|SLC10A3|FABP2|SLC10A4|FABP3|SLC10A5|FABP4|SLC10A6|FABP5|SLC10A7|SLC12A2|SLC13A2|SLC13A3|SLC16A10|SLC16A11|PLA2G1B|SLC16A12|PLA2G6|PPARD|SLC16A14|SLC16A4|SLC16A6|SLC16A7|SLC16A9|SLC17A5|SLC29A4|SLC17A7|RGS4|SLC17A8|SLC19A1|SNCA|SLC1A1|SLC1A2|SLC1A4|SLC16A1|SLC1A5|SLC16A3|SLC1A6|TMEM135|SLC22A1|SLC25A17|TNF|SLC25A44|SLC27A2|SLC27A4|SLC22A2|SLC22A22|SLC36A2|LYPLA1|SLC22A3|MAPK9|SLC22A6|SLC22A7|SLC22A8|SLC23A1|SLC23A2|SLC25A1|MIF|SLC25A15|SLC25A20|SLC25A21|NFE2L1|SLC25A26|SLC25A29|SLC25A32|SLC25A38|PDPN|SLC26A1|SLC26A11|PLA2G10|SLC26A6|PLA2G2F|PLA2G3|PLA2G4A|PLA2G4F|PLA2G5|SLC32A1|PNPLA8|PPARG|SLC25A13|PTGES|SLC35D1|SLC36A1|VPS54|SLC36A3|SLC36A4|PTGS2|SLC38A3|SLC38A4|SLC38A5|SLC38A6|SLC38A7|SLC38A9|SLC3A1|SLC3A2|SLC43A1|SLC43A2|SLC22A13|SLC43A3|SLC27A1|SLC27A3|SLC46A1|SLC27A6|SLC47A1|SLC5A12|SLC5A6|SLC5A8|SLC6A12|SLC6A13|SLC6A14|SLC6A15|SLC6A17|SLC6A20B|SLC6A6|SLC6A7|SLC6A8|SLC6A9|SLC7A1|IRS2|SLC7A10|SLC7A13|SLC7A14|SLC7A2|SLC7A3|SLC7A4|SLC7A5|SLC7A6|SLC7A8|SLC7A9|SLCO1A1|CLN3|PER2|SLCO1A4|SLCO1A5|SLCO1A6|SLCO1B2|SLCO1C1|SLCO2A1|SLCO2B1|SLCO3A1|SLCO4A1|STARD10|STXBP1|SV2A|SYT4|THBS1|TNFSF11|TRPC4|TSPO2|TTYH1|TTYH2|TTYH3|NR1H4|SLC25A12|ACACB|SLC25A2|SLC38A1|SLC7A11|SLC7A7|SLC25A10|CROT|ABCC6|FOLR1|CACNB4,https://www.gsea-msigdb.org/gsea/msigdb/mouse/geneset/GOBP_ORGANIC_ACID_TRANSPORT,326,ENR,GOBP_ORGANIC_ACID_TRANSPORT,-2.1635,2E-3,GOBP_ORGANIC_ACID_TRANSPORT,FALSE,GOBP_ORGANIC_ACID_TRANSPORT
4,1.7423214251308199,-1.7423214251308199,1.7423214251308199,-0.9819,-0.25879999999999997,7.7600000000000002E-2,1,SH2D1B1|RASGRP4|VAV1|SLAMF6|IL12A|RASGRP1|IL12B|CRTAM|IL18RAP|STAT5B|AP1G1|DPP4|CADM1|KLRE1|IL21|SH2D1A|PVR|KLRB1C|KLRC1|RAET1E|KLRC2|GIMAP3|KLRI1|GIMAP5|KLRI2|CD160|LAMP1|STAT5A|H2-T23|KLRD1|ULBP1|CD226|KLRK1|LAG3|CLNK|H2-M3,https://www.gsea-msigdb.org/gsea/msigdb/mouse/geneset/GOBP_POSITIVE_REGULATION_OF_NATURAL_KILLER_CELL_MEDIATED_IMMUNITY,36,ENR,GOBP_POSITIVE_REGULATION_OF_NATURAL_KILLER_CELL_MEDIATED_IMMUNITY,-1.8124,1.8100000000000002E-2,GOBP_POSITIVE_REGULATION_OF_NATURAL_KILLER_CELL_MEDIATED_IMMUNITY,FALSE,GOBP_POSITIVE_REGULATION_OF_NATURAL_KILLER_CELL_MEDIATED_IMMUNITY
9,2.05551732784983,-2.05551732784983,2.05551732784983,-0.99119999999999997,-0.34710000000000002,5.6599999999999998E-2,1,ABT1|PWP2|RPS15|MRPS7|RPS14|RPS19|RPS27|RPS25|XRCC5|RPS28|RPS5|RPS6|PRKDC|RPSA|RPS27L|MCAT|ERAL1|METTL17|FAU|RRP7A,https://www.gsea-msigdb.org/gsea/msigdb/mouse/geneset/GOBP_RIBOSOMAL_SMALL_SUBUNIT_ASSEMBLY,20,ENR,GOBP_RIBOSOMAL_SMALL_SUBUNIT_ASSEMBLY,-1.8957999999999999,8.8000000000000005E-3,GOBP_RIBOSOMAL_SMALL_SUBUNIT_ASSEMBLY,FALSE,GOBP_RIBOSOMAL_SMALL_SUBUNIT_ASSEMBLY
4,2.2441251443275099,-2.2441251443275099,2.2441251443275099,-0.99429999999999996,-0.3785,4.9799999999999997E-2,1,HMGB1|ATM|RAG2|EZH2|XRCC6|FOXP1|RAG1|BCL11B|PRKDC|NHEJ1|POLB|TCF3|TCF7|DCLRE1C|LEF1|XRCC4|YY1|LIG4,https://www.gsea-msigdb.org/gsea/msigdb/mouse/geneset/GOBP_V_D_J_RECOMBINATION,18,ENR,GOBP_V_D_J_RECOMBINATION,-1.9375,5.7000000000000002E-3,GOBP_V_D_J_RECOMBINATION,FALSE,GOBP_V_D_J_RECOMBINATION
9,1.8446639625349399,-1.8446639625349399,1.8446639625349399,-0.98570000000000002,-0.23860000000000001,0.04,1,PWP2|RPS15|RPS19|RPL24|RPS25|RPF2|RPS6|RPSA|MRPS2|RPS27L|RPL38|RPL5|RRP7A|RRS1|MRPS7|RPS14|SBDS|RPS27|NGRN|RPS28|NSUN4|RPS5|MCAT|MDN1|DHX29|METTL17|MPV17L|ABT1|MRTO4|SURF6|BOP1|BRIX1|NIP7|C1QBP|NOA1|FASTKD2|EIF6|EIF5|NOP2|MPV17L2|FAU|DDX28|DDX3X|DHX30|XRCC5|DHX37|PRKDC|EIF1A|RPL11|EIF1AX|EIF2A|EIF5B|ERAL1,https://www.gsea-msigdb.org/gsea/msigdb/mouse/geneset/GOBP_RIBOSOME_ASSEMBLY,53,ENR,GOBP_RIBOSOME_ASSEMBLY,-1.9992000000000001,1.43E-2,GOBP_RIBOSOME_ASSEMBLY,FALSE,GOBP_RIBOSOME_ASSEMBLY
37,1.66354026615147,-1.66354026615147,1.66354026615147,-0.97829999999999995,-0.25530000000000003,8.4099999999999994E-2,1,HTR2B|HTR2C|LDLR|ABCA3|BSCL2|DNAJC19|CAPN2|MTMR1|MTMR3|MTMR9|ACSL3|PHB2|FABP3|IDH1|LPCAT1|SCARB1|PCX|SCP2|PRKCD|ERBB4|MTMR4|NR1H4|APOC1|MFSD2A|SLC27A1|APOC2|GNB3|PDGFA|PDGFB|ABCA2|ARF1|MTMR2|RAB38,https://www.gsea-msigdb.org/gsea/msigdb/mouse/geneset/GOBP_REGULATION_OF_PHOSPHOLIPID_METABOLIC_PROCESS,33,ENR,GOBP_REGULATION_OF_PHOSPHOLIPID_METABOLIC_PROCESS,-1.7870999999999999,2.1700000000000001E-2,GOBP_REGULATION_OF_PHOSPHOLIPID_METABOLIC_PROCESS,FALSE,GOBP_REGULATION_OF_PHOSPHOLIPID_METABOLIC_PROCESS
9,2.7212463990471698,-2.7212463990471698,2.7212463990471698,-1,-0.1711,1.8E-3,0.153,PUF60|PWP2|RBM5|RPL13A|RBMX|RPL24|RPF2|RPS27L|RPL38|RPL5|RRP7A|RRS1|RUVBL1|RUVBL2|RPS14|SART3|DNAJC17|SCAF11|SETX|RPS27|SF3A1|SF3A2|RPS28|SF3A3|RPS5|SF3B1|SFSWAP|SHQ1|STRAP|CKAP5|SLU7|SMN1|VCP|SNRNP200|SNRPB|SNRPC|SNRPD1|SNRPD2|DENR|SNRPD3|DHX29|SNRPE|SNRPF|DHX9|SNRPG|SRPK1|SRPK2|SRPK3|ABT1|SRSF1|ADAR|SRSF10|ATM|SRSF12|ATR|SRSF6|EIF2D|BOP1|EIF2S2|BRIX1|EIF2S3X|TAF9|EIF2S3Y|TARBP2|EIF3A|EIF3B|CELF1|EIF3C|CELF2|EIF3D|CELF3|EIF3E|CELF4|EIF3F|CELF5|EIF3G|TSSC4|CELF6|EIF3H|U2AF2|EIF3I|FASTKD2|EIF3K|CLNS1A|EIF3L|CLP1|EIF3M|COIL|USP39|CRNKL1|USP4|EIF4B|EIF4H|EIF5|FAU|DDX20|DDX28|DDX39B|DDX42|DDX46|MCTS1|MCTS2|NCBP1|WDR77|XAB2|DHX30|XRCC5|DICER1|YTHDC1|DKC1|ZNHIT3|ZNHIT6|RPL11|ZRSR2|ERAL1|RPS15|RPS19|RPS25|GEMIN4|GEMIN5|RPS6|GEMIN6|GEMIN7|GEMIN8|RPSA|HSP90AA1|HSP90AB1|HTATSF1|MRPS7|ISY1|LSM2|LSM4|PTGES3|LUC7L|LUC7L2|LUC7L3|MBNL1|MCAT|KIF5B|MDN1|METTL17|DYRK3|FAF2|KLC1|MRTO4|TRIM21|ZFAND1|NAF1|NOL3|EIF6|NOP2|NUFIP1|NVL|TFIP11|PIH1D1|PIH1D2|PRKDC|PRKRA|PRMT5|PRMT7|PRPF18|PRPF19|PRPF3|PRPF31|PRPF39|PRPF4B|PRPF6|PRPF8|PSIP1|PTBP2,https://www.gsea-msigdb.org/gsea/msigdb/mouse/geneset/GOBP_PROTEIN_RNA_COMPLEX_ORGANIZATION,170,ENR,GOBP_PROTEIN_RNA_COMPLEX_ORGANIZATION,-2.5867,0,GOBP_PROTEIN_RNA_COMPLEX_ORGANIZATION,FALSE,GOBP_PROTEIN_RNA_COMPLEX_ORGANIZATION
5,2.23657200643706,-2.23657200643706,2.23657200643706,-0.99419999999999997,-0.1119,6.5299999999999997E-2,1,P2RX7|MCOLN1|SLC9A9|KCNMA1|ATP12A|ATP1A1|CNGA4|CPOX|NPPA|HCN2|HCN3|HCN4|KCNK3|CXCL1|TSC1|MCOLN3|GJA5|NALCN|SCN4A|KCNA1|KCND2|KCND3|KCNE4|SLC12A1|SLC12A3|ACTN2|ADRB2|SLC24A1|SLC24A2|AGRN|SLC24A3|SLC24A5|AKAP5|AKAP6|AKAP7|AKAP9|AMIGO1|ANK2|ANK3|ANO6|ATP1B2|ATP1B3|ATP4A|SLC1A3|SLC9A2|SLC9A3|CACNA1D|SLC9A4|SLC9A5|SLC9A7|SLC9A8|TRPM5|TREM2|CASQ2|CAV3|CD63|CRBN|KCNK6|DLG1|DPP10|DPP6|EDN3|ABCC8|FHL1|ADORA1|FLNA|FXYD1|FXYD2|FXYD3|FXYD4|HPN|FXYD5|FXYD6|FXYD7|ATP1A3|GAL|CAV1|GALR2|GNB2|GRP|ITGB1|KCNAB1|KCNAB2|TMEM38B|KCNAB3|GHITM|KCNC1|KCNC2|KCNK1|KCNE1|KCNK2|KCNE2|KCNE3|KCNA2|KCNG4|KCNA3|KCNH2|KCNA6|KCNIP1|KCNA7|KCNIP2|KCNB2|KCNIP3|KCNC3|KCNIP4|KCNC4|KCNJ1|KCNG2|KCNJ10|KCNH3|KCNJ11|LETM1|KCNH4|KCNJ12|KCNH8|KCNJ13|KCNJ15|KCNK10|KCNJ16|KCNK12|KCNJ2|KCNK13|KCNJ5|KCNK16|KCNJ6|KCNK4|KCNJ8|KCNK7|KCNMB1|KCNN1|KCNN2|KCNN3|KCNN4|KCNQ5|KCNQ1|KCNS3|KCNRG|KCNT1|KCNS1|KCNT2|KCNU1|KEL|KCNV1|KCNV2|LRRC26|SNAP25|LRRC52|LRRC55|NOS3|NEDD4|NEDD4L|TMCO3|TMEM175|NR3C2|OXSR1|PKD2|SLC12A2|CDK2|NSF|PRNP|VPS4B|PTGER3|PTK2B|SLC17A7|RGS4|RGS7|RNF207|KCNH6|SLC9A1|SLC9A6|ABCC9|STK39|SUMO1|TMEM38A|VAMP2|WNK1|WNK2|WNK4|WWP2|YWHAE|CDKN1B|GCK|KCNB1|KCNH1|KCNMB2|KCNMB4|ATF4|CCKAR|GNAQ|HBP1|AQP1|KCNA5|KCNF1|KIF5B|P2RY12|PLCB4|ABCB8|CCDC51|SLC12A5|BIN1|ATP1A2|ATP1B1|KCNK5|SLC12A4|SLC12A6|SLC12A7|SLC12A8,https://www.gsea-msigdb.org/gsea/msigdb/mouse/geneset/GOBP_POTASSIUM_ION_TRANSPORT,207,ENR,GOBP_POTASSIUM_ION_TRANSPORT,-1.8561000000000001,5.7999999999999996E-3,GOBP_POTASSIUM_ION_TRANSPORT,FALSE,GOBP_POTASSIUM_ION_TRANSPORT
2,2.67778070526608,-2.67778070526608,2.67778070526608,-0.99790000000000001,-0.18149999999999999,1.84E-2,0.95699999999999996,DHPS|EFNB1|NCKAP1L|PPP3CA|PNP|H2-DMB2|GPAM|PTPN22|PTPRC|AIF1|PDCD1LG2|SLC4A1|IGFBP2|IL15|PRKCQ|IL21|IL2RA|PYCARD|ITGAL|KITL|RIPK2|NCK2|SASH3|XCL1|NR5A2|IFNG|IL4|SLAMF1|SHH|RASAL3|SPN|TFRC|AGER|SYK|TNFRSF13C|TNFSF13B|TNFSF4|NCK1|TRAF6|STAT5A|CD1D1|TYK2|CD1D2|CD24A|TGFBR2|CD274|VTCN1|CD28|CD3E|ZAP70|TNFSF9|CD40LG|HMGB1|IGF1|IGF2|CD80|IL6ST|CD86|VCAM1|SLC7A1|RPS3|CD4|CORO1A|BMI1|STAT5B|FADD|HES1|ANXA1|FOXP3|CCL19|CD209D|H2-DMB1|CCL5|CCR2|CCR7|CD46|CD55|CD59A|HAVCR2|CD59B|DNAJA3|CD81|ICOSL|IL12A|IL12B|IL12RB1|IL18|IL1A|IL2|IL23A|ADK|BLM|IL6|IRGM1|BTNL2|CARD11|CCDC88B|CD209C|JAK2|CD209E|JAK3|CD276|CD6|H2-T23|IL1B,https://www.gsea-msigdb.org/gsea/msigdb/mouse/geneset/GOBP_POSITIVE_REGULATION_OF_T_CELL_PROLIFERATION,105,ENR,GOBP_POSITIVE_REGULATION_OF_T_CELL_PROLIFERATION,-2.1999,2.0999999999999999E-3,GOBP_POSITIVE_REGULATION_OF_T_CELL_PROLIFERATION,FALSE,GOBP_POSITIVE_REGULATION_OF_T_CELL_PROLIFERATION
4,2.6989700043360201,-2.6989700043360201,2.6989700043360201,-0.998,-0.12139999999999999,3.9E-2,1,LY9|MAD2L2|MALT1|RAG2|MLH1|MSH6|NBN|NCKAP1L|NDFIP1|NFKBID|NFKBIZ|NLRP3|PSEN1|H2-DMB2|OTUD5|TBK1|PARP3|TLR4|PAXIP1|PMS2|STAT3|PRKCZ|IL21|RAB27A|ITGAL|RC3H1|RC3H2|RELB|LGALS8|RIF1|RIPK2|RNF168|MDK|RNF8|RORC|SEMA4A|EIF2AK4|SLAMF6|SLC11A1|RARA|SLC15A4|TSC1|F2RL1|SLFN2|FGL2|SMAD7|ADA|SOCS5|SPN|STAT4|STAT6|STX11|SWAP70|AICDA|OPA1|TBX21|SHB|TFRC|NKG7|TMEM98|TNFAIP3|TNFSF13|ABL1|TNFSF18|TNFSF4|TRP53BP1|PCYT1A|UNC13D|UNG|RORA|XRCC4|ZBTB7B|ZC3H12A|TYROBP|TGFB1|XBP1|TREM2|PTGER4|RPS6|ZFP35|CD19|BCL3|CORO1A|KCTD9|PIK3R1|ATP7A|PLCG2|ENTPD7|ANXA1|CCL19|CCL20|CD74|CEACAM1|CCR2|CCR7|CD46|CD81|AP1G1|MSH2|EXO1|GATA3|GPR183|LAMP1|LGALS3|PCK1|NOTCH2|PF4|PGLYRP1|PGLYRP3|PGLYRP4|CD180|PSEN2|PTK2B|PTPRC|DLL1|DOCK10|DOCK11|ITFG2|ITM2A|LFNG|MFNG|MYB|NKX2-3|PHF14|PLCL2|POU2AF1|ST3GAL1|IFNG|IL4|6030468B19RIK|APLF|ASCL2|ATAD5|BATF|BCL6|BRD2|BRD4|CCR6|CD160|ENPP1|CD28|CD40|CD40LG|CD69|EXOSC3|HMGB1|EXOSC6|CDH17|CLEC4D|MTOR|APBB1IP|ITGB6|ITGB8|LCP1|MEN1|PLXNA1|SEMA6D|EOMES|ERCC1|FCER1G|FCGR4|FOXP3|GADD45G|GAPT|CLEC4E|H2-DMB1|H2-M3|TRP53|HAVCR2|HLX|HSPD1|ICAM1|ICOSL|FOXP1|IL12B|IL18|IL18R1|IL2|IL23A|EP300|IL27|IL27RA|IL4RA|IL10|IL6|IL6RA|IRF8|IRF1|IRF4|JAK3|LEF1|LGALS1|LGALS9|LIG4|PGLYRP2|DDRGK1|LOXL3,https://www.gsea-msigdb.org/gsea/msigdb/mouse/geneset/GOBP_LYMPHOCYTE_ACTIVATION_INVOLVED_IN_IMMUNE_RESPONSE,197,ENR,GOBP_LYMPHOCYTE_ACTIVATION_INVOLVED_IN_IMMUNE_RESPONSE,-2.0072999999999999,2E-3,GOBP_LYMPHOCYTE_ACTIVATION_INVOLVED_IN_IMMUNE_RESPONSE,FALSE,GOBP_LYMPHOCYTE_ACTIVATION_INVOLVED_IN_IMMUNE_RESPONSE
4,2,-2,2,-0.99,-0.1062,4.3400000000000001E-2,1,MAD2L2|MALT1|P2RX7|MAP3K7|RASGRP4|ABR|MILL1|MLH1|ADORA3|MR1|MUC4|NCKAP1L|NDFIP1|PRKAA1|CD177|NLRP3|TLR2|PARP3|TLR4|PAXIP1|PDCD1|PMS2|HSPA8|PRKCZ|IL21|PVR|RAET1E|RIF1|RIPK3|DHX36|RSAD2|SASH3|SERPINB9|ITGB2|SERPINB9B|ITGB2L|SH2D1B1|NPPA|NPPC|PIK3R6|SLAMF1|SLAMF6|RAC2|CLEC7A|SLC15A4|CXCL1|F2RL1|RASGRP1|SMAD7|SPN|STAT6|STX7|TAP1|TAP2|TBX21|TFRC|SYK|KIT|RABGEF1|TNFRSF1B|TNFSF13|TNFSF4|TRAF2|TRAF6|ARG1|TRP53BP1|TRPM4|STAT5A|ULBP1|UNC13D|TICAM1|WAS|YWHAG|ZBTB1|TYROBP|VAV1|SPHK2|TGFB1|TREM2|AHR|B2M|CD96|STAT5B|KLRE1|TLR3|C3|ARRB2|C4BP|PLCG2|PLD2|CCL2|CCL20|PTAFR|CEACAM1|CCR2|CD46|CD55|BCR|CD81|GFER|IL13|CR1L|CR2|AP1G1|CXCL5|CADM1|CLEC12B|MSH2|CLEC2D|IL4I1|CRK|DNASE1|DNASE1L3|GRB2|FCER2A|FCGR2B|BST2|ITGAM|KLRB1A|KLRB1B|KLRB1C|D6WSU163E|FOXJ1|KLRB1F|FES|GATA3|KLRC1|GAB2|KLRC2|GATA1|GIMAP3|KLRI1|GATA2|GIMAP5|KLRI2|LAMP1|PRAM1|H2-T23|STAP1|STXBP2|SNX4|STX4A|HPX|VAMP8|IL1B|LYN|MS4A2|LTA|PDPK1|NOD2|PPP3CB|PNP|PTPN6|PTPRC|DDX1|SH2D1A|TNF|SUSD4|XCL1|IFNG|IL4|TLR9|PLA2G3|6030468B19RIK|AGER|DDX21|APLF|ARID5A|ATAD5|AZGP1|BCL6|BTK|CD160|SLC22A13|CD1D1|CD1D2|CD226|CD24A|CD274|CD28|CD40|EXOSC3|HMGB1|IGF2|CD80|EXOSC6|CD84|CLEC4G|CRTAM|CX3CR1|DENND1B|CD300A|DPP4|DUSP22|POMC|STXBP1|FADD|FBXO38|FCER1A|FCER1G|FCGR1|FCGR3|FOXP3|FUT7|FZD5|H2-D1|H2-K1|H2-M2|H2-M3|H2-Q1|H2-Q10|H2-Q2|H2-Q4|H2-Q6|H2-Q7|H2-T24|H2-T3|H60C|HAVCR2|HFE|HSPD1|FGR|IL12A|IL12B|IL13RA2|IL18|IL18R1|IL18RAP|IL1R1|IL2|IL20RB|IL23A|IL27RA|ADORA2B|IL4RA|IL6|IL7R|INPP5D|HMOX1|JAK3|MAVS|KLHL22|KLRD1|KLRK1|LAG3|CLNK|LGALS9,https://www.gsea-msigdb.org/gsea/msigdb/mouse/geneset/GOBP_REGULATION_OF_LEUKOCYTE_MEDIATED_IMMUNITY,247,ENR,GOBP_REGULATION_OF_LEUKOCYTE_MEDIATED_IMMUNITY,-1.9738,0.01,GOBP_REGULATION_OF_LEUKOCYTE_MEDIATED_IMMUNITY,FALSE,GOBP_REGULATION_OF_LEUKOCYTE_MEDIATED_IMMUNITY
14,1.77728352885242,-1.77728352885242,1.77728352885242,-0.98329999999999995,-0.18440000000000001,6.7500000000000004E-2,1,EPHX1|CYP4F13|FADS1|CYP4F14|CYP4F15|CYP4F18|ALOX5|AHR|GPX1|GPX4|ALOX12|ALOX12B|ALOX12E|ALOX15|ALOX8|ALOXE3|PTGES3|MGLL|MGST3|CYP1A2|CTHRC1|PLA2G2F|CYP1B1|CYP2A12|PLA2G4A|CYP2A22|CYP2A4|CYP2A5|CYP2B10|CYP2B13|CYP2B19|CYP2B9|CYP2C29|CYP2C37|PNPLA8|CYP2C38|CYP2C40|CYP2C50|CYP2C54|CYP2C55|PTGDS|CYP2D10|PTGES|CYP2D12|PTGES2|CYP2D22|PTGIS|CYP2D26|CYP2D34|CYP2D9|PTGS1|CYP2E1|PTGS2|CYP2F2|CYP2G1|CYP2J11|CYP2J13|CYP2J5|CYP2J6|CYP2J9|SCO1|CYP2S1|CYP2U1|CYP4A10|CYP4A12A|CYP4A12B|CYP4A14|CYP4A31|CYP4A32|DAGLA|DAGLB|SPHK1,https://www.gsea-msigdb.org/gsea/msigdb/mouse/geneset/GOBP_ARACHIDONATE_METABOLIC_PROCESS,72,ENR,GOBP_ARACHIDONATE_METABOLIC_PROCESS,-1.8481000000000001,1.67E-2,GOBP_ARACHIDONATE_METABOLIC_PROCESS,FALSE,GOBP_ARACHIDONATE_METABOLIC_PROCESS
34,2.7212463990471698,-2.7212463990471698,2.7212463990471698,-1,-0.13,0,1E-3,HSPA8|CPEB1|DHX36|DHX9|FMR1|HNRNPU|METTL3|NCBP1|NCBP2|PABPC1|RBM24|RBM4|SLBP|SYNCRIP|YBX1|CCNB1|A1CF|ACIN1|ADAM3|ADARB1|AFF2|AHCYL1|AKAP17B|AKAP8L|ALKBH5|ALYREF|ALYREF2|APOBEC1|APOBEC2|AQR|ARGLU1|ARL6IP4|ARMC7|ARVCF|BC005624|BCAS2|BRDT|BUD13|BUD31|CASC3|CBLL1|CD2BP2|CDC40|CDC5L|CDC73|CDK12|CDK13|LGALS3|CDK9|CHD8|CIR1|CIRBP|CLASRP|CNOT6L|CPSF1|CPSF2|CPSF3|CPSF4|CPSF6|CPSF7|CRIPT|CSDC2|CSTF1|CSTF2|CSTF2T|CSTF3|CTNNBL1|CWC15|CWC22|CWC25|CWF19L1|CWF19L2|DAZAP1|DBR1|DCPS|DDX1|DDX23|DDX41|DDX5|DHX15|DHX16|DHX38|DHX40|DHX8|DNAJC17|DUS3L|DYRK1A|ECD|EFTUD2|EIF1|ELAVL4|ERN1|ERN2|ESRP1|ESRP2|FAM50A|FBXO24|FIP1L1|GPATCH1|GPATCH8|GPKOW|GRSF1|HABP4|HDAC7|HMX2|HNRNPA1|HNRNPA2B1|HNRNPA3|HNRNPC|HNRNPF|ADAR|HNRNPH1|HNRNPK|HNRNPL|HNRNPM|HNRNPUL1|HNRNPUL2|HSF1|IK|ILF3|CELF1|IVNS1ABP|CELF2|IWS1|CELF3|JMJD6|CELF4|KHDRBS1|CELF5|KHDRBS3|CELF6|KHSRP|KIN|LARP7|CLNS1A|LEO1|CLP1|LSM1|COIL|LSM10|CRNKL1|LSM11|PNPT1|LSM3|LSM5|LSM7|MAGOH|PRKACA|DDX17|MAGOHB|MBLAC1|DDX20|MBNL2|MBNL3|METTL14|MFAP1A|MFAP1B|DDX39B|MYOD1|NONO|DDX42|NOVA1|DDX46|NOVA2|DDX47|NSUN2|NUDT21|NUP98|PABPN1|PAF1|PAN2|PAN3|PAPOLA|PAPOLB|PAPOLG|PCBP1|PCBP4|PCF11|PCIF1|PDE12|PHF5A|PHRF1|PLCB1|EIF4A3|PLRG1|PNN|PPIE|PPIH|PPIL1|PPIL2|PPIL3|PPP1R8|EXOSC10|PPP4R2|PPWD1|PQBP1|PRDX6|PRDX6B|PRKRIP1|PRPF38A|PRPF38B|PRPF4|PRPF40A|PRPF40B|PTBP1|FRG1|PTCD2|PUS1|PUS7|GEMIN4|PUS7L|GEMIN5|RALY|GEMIN6|RBBP6|GEMIN7|RBFOX1|GEMIN8|RBFOX3|RBM11|RBM14|RBM15|RBM15B|RBM17|RBM20|RBM22|RBM25|RBM28|RBM3|RBM38|RBM39|RBM41|HTATSF1|RBM42|RBM44|RBM47|RBM4B|RBM6|RBM7|RBM8A|ISY1|RBMX2|RBMXL1|RBPMS|RBPMS2|REST|LSM2|RNF113A1|LSM4|RNF113A2|LSM6|RNGTT|RNMT|LUC7L|RNPC3|LUC7L2|RNPS1|LUC7L3|RPRD1A|RPRD1B|RPRD2|MBNL1|RSRC1|SAFB|SAFB2|SAP18|METTL16|SCAF1|SCAF4|SCAF8|SCNM1|SF1|SF3B2|SF3B3|SF3B4|MYG1|SF3B5|SFPQ|SLC39A5|NCL|SLTM|SMNDC1|SMU1|SNIP1|SNRNP25|SNRNP27|SNRNP35|SNRNP40|SNRNP48|SNRNP70|SNRPA|SNRPA1|NOL3|SNRPB2|SNW1|SON|SREK1|SREK1IP1|SRRM1|SRRM2|SRRM4|SRRT|SRSF2|SRSF3|SRSF4|NPM1|SRSF5|SRSF7|SRSF9|SSU72|SUGP1|SUGP2|SYF2|SYMPK|TARDBP|TCERG1|TFIP11|THOC1|THOC2|THOC3|THOC5|THOC6|THOC7|THRAP3|THUMPD2|TIA1|TRA2A|TRA2B|PRMT5|TRMT2A|PRMT7|TRMT6|PRPF18|TRMT61A|PRPF19|TRUB1|PRPF3|TSEN15|PRPF31|TSEN2|PRPF39|TSEN34|PRPF4B|TSEN54|PRPF6|TTF2|PRPF8|TUT1|PSIP1|TXNL4A|PTBP2|TXNL4B|PUF60|U2AF1|U2AF1L4|UBL5|UPF1|RBM10|UPF3A|UPF3B|RBM5|USP49|RBMX|WBP4|WDR33|WDR83|WTAP|XRN2|ZC3H13|ZC3H14|RNASEL|ZC3H3|ZCCHC8|ZCRB1|ZFP326|ZFP36L1|ZFP473|ZFP64|ZFP830|ZMAT2|ZMAT5|ZRANB2|RPUSD2|RRP1B|SART1|SART3|SCAF11|SETX|SF3A1|SF3A2|SF3A3|SF3B1|SFSWAP|ZBTB7A|SLU7|SMN1|SNRNP200|SNRPB|SNRPC|SNRPD1|SNRPD2|SNRPD3|SNRPE|SNRPF|SNRPG|SRPK1|SRPK2|SRPK3|SRSF1|SRSF10|SRSF12|SRSF6|TSSC4|U2AF2|USP39|USP4|AICDA|WBP11|WDR77|XAB2|YTHDC1|ZRSR2|AKR1C6|STRAP|C1QBP|RPUSD3|RPUSD4|TRUB2|ANGEL2|FASTKD5|MTPAP|RBFOX2|TBRG4,https://www.gsea-msigdb.org/gsea/msigdb/mouse/geneset/GOBP_MRNA_PROCESSING,433,ENR,GOBP_MRNA_PROCESSING,-3.1008,0,GOBP_MRNA_PROCESSING,FALSE,GOBP_MRNA_PROCESSING
,2.3979400086720402,-2.3979400086720402,2.3979400086720402,-0.996,-0.14249999999999999,3.5499999999999997E-2,1,KNG2|P2RX7|P2RX4|PKD2|XCR1|PML|CCR3|PLA2G6|PTGER3|ADRA1A|PTK2B|CXCR5|CMKLR1|CXCL17|CXCL2|CXCL3|CXCR1|RYR2|CXCR2|EDNRB|TRPV4|NPFF|TAC1|CD38|SLC8A1|BAX|TMBIM6|TRPC3|TRPC6|CXCL1|F2RL1|GHRL|SWAP70|ABL1|ADRA1B|ESR1|AGTR1A|C3AR1|P2RY1|AKAP5|CCR6|TRPM4|DLG4|CD24A|ASPH|GCK|NMU|BAK1|BCL2|SLC8A2|BMP4|OXTR|CACNA1C|HMGB1|CACNA1D|GIPR|CACNA2D1|LRP1|CACNB3|ITPR3|PTGER4|CAV3|CD4|ADM|CACNA1G|AGT|CX3CR1|CCKAR|CCR1|CXCR3|PIK3CG|CXCR4|TACR1|EDNRA|GLP1R|F2R|TBXA2R|PLCG2|CCL1|FKBP1B|C5AR1|ITPR1|AVP|AVPR1A|PRKG1|CCL28|CDK5|CCL3|CAV1|GALR2|MCHR1|PTH1R|CACNA1A|CCR2|GPR35|CCR7|CD36|GRIN1|CD55|ADRA1D|C1QTNF1|CACNA1I|CALCR|CD52|FPR2|CHRNA9|CIB2|EIF5A|EPOR|JPH2|ABL2|FPR1|GJA1|FZD2|GNAT2|GALR1|GNA13|GNB1|IL2|GNG3|UTS2R|CXCL13|ITGAV|KISS1|ADCY5|LRP6|NPTN|PKD1|CCR5|PTGER1|PTGER2|PTGFR|PTGIR|RIC3|SPPL3|KDR|TRPC2|JAK2|NMB|JAK3|GATA1|GIMAP3|GATA2|GIMAP5|OXT|P2RY2|CCR10|CCR4|PTGDR|CCR8|CCR9|CCRL2|CXCR6|TAC4|IL1B|ADCYAP1R1|EDN1|KNG1,https://www.gsea-msigdb.org/gsea/msigdb/mouse/geneset/GOBP_POSITIVE_REGULATION_OF_CYTOSOLIC_CALCIUM_ION_CONCENTRATION,158,ENR,GOBP_POSITIVE_REGULATION_OF_CYTOSOLIC_CALCIUM_ION_CONCENTRATION,-2.0392999999999999,4.0000000000000001E-3,GOBP_POSITIVE_REGULATION_OF_CYTOSOLIC_CALCIUM_ION_CONCENTRATION,FALSE,GOBP_POSITIVE_REGULATION_OF_CYTOSOLIC_CALCIUM_ION_CONCENTRATION
1,2.67778070526608,-2.67778070526608,2.67778070526608,-0.99790000000000001,-0.4335,3.5999999999999997E-2,1,SHMT2|DPYD|UPB1|UPP1|DHFR|SHMT1|DPYS|NT5C|DUT|NT5C3|TYMS|DCTD|NME1|NME2|NME3,https://www.gsea-msigdb.org/gsea/msigdb/mouse/geneset/GOBP_DTMP_METABOLIC_PROCESS,15,ENR,GOBP_DTMP_METABOLIC_PROCESS,-2.0322,2.0999999999999999E-3,GOBP_DTMP_METABOLIC_PROCESS,FALSE,GOBP_DTMP_METABOLIC_PROCESS
5,2.6989700043360201,-2.6989700043360201,2.6989700043360201,-0.998,-0.13170000000000001,8.3999999999999995E-3,0.69199999999999995,P2RX7|SERPINE1|ORAI1|UCP2|NPPA|FMR1|PDE4D|ABL1|ADRB2|AFG3L2|AGTR1A|AHNAK|AKAP5|P2RY6|TRIM27|AKAP6|ANK2|APLNR|PDGFB|ASPH|ATG5|ATP2A1|BAK1|BCL2|BDKRB1|BMP4|CACNA1C|CACNA1D|CACNA1F|CACNA2D1|CACNB1|CACNB2|CACNB3|CACNG1|CALM1|TGFB1|CALM2|CALM3|CAMK2D|CAPN3|TSPO|CASQ1|CASQ2|CAV3|CD19|CD4|AGT|CLEC4B1|DBI|AHR|CORO1A|CXCR3|CYBA|PIK3CG|DHRS7C|DMD|DRD4|ARRB2|DYSF|AKT1|EDNRA|EHD3|F2R|F2RL3|PLCG1|FBXO11|PLCG2|FCRL5|FGF14|ACE|CCL12|FKBP1A|FKBP1B|ADORA2A|CAMK2A|CCL3|FYN|BEST1|CAV1|CCL5|GJC2|GNB5|CASR|GPR35|GPR39|GRIN1|GRM6|GSTO1|HAP1|HOMER1|HPCA|HRC|HSPA2|IL13|ITGB3|JPH2|GJA1|JPH3|JSRP1|CX3CL1|CXCL10|TMEM38B|CXCL11|CXCL12|CXCL9|VDAC1|F2|GIMAP3|GIMAP5|KCNN4|LIME1|NOS3|LYN|MS4A1|MS4A2|NGF|LGALS3|P2RX1|P2RX4|P2RX5|PDPK1|PKD2|PLN|PML|PPP3CA|PPP3CB|PPP3CC|PPP3R1|PRKCE|PRKD1|PRNP|PSEN2|PTGER3|RHOA|PTK2B|PTPN6|PTPN22|RAPGEF3|REM1|RGS4|GSTM7|RGS9|SNCA|RYR2|SESTD1|SLC30A1|SLC8A1|SLC9A1|SLN|SPG7|BAX|SRI|STAC|STAC2|STAC3|STIM1|STIM2|MYO5A|XCL1|SUMO1|TGFB2|THY1|TLR9|TMBIM6|TMEM38A|TRDN|NFATC3|TRPC1|TRPC3|TRPC6|TSPAN13|UBASH3B|UBQLN1|UBR3|CHD7|VMP1|PLP1|YWHAE|PTGS2|ADRB1|PDGFRB|IGF1|CD84|INPP5K|AQP2|ATP2B1|ATP2C2|CACNA1G|CASK|CCKAR|CCR1|CLDN16|CREB3|CRHR2|CTNNB1|CXCR4|EFHB|EGF|HTT|GCG|GLP1R|GNAI2|TRPC4|GNAO1|HES1|HOMER2|HOMER3|IL16|ISL1|ITPR1|JPH4|LILRA5|LPAR3|MCHR1|MYLK|P2RY12|PACSIN3|PAWR|SPG11|STC1|STC2|ICAM1|TMX1|TRPV2|TSPAN18|USP2|VDR|WFS1|NOL3|G6PDX|BIN1|JAK3|ATP1A2|ATP1B1|ATP2B2|CACNB4|ADCYAP1R1,https://www.gsea-msigdb.org/gsea/msigdb/mouse/geneset/GOBP_REGULATION_OF_CALCIUM_ION_TRANSPORT,237,ENR,GOBP_REGULATION_OF_CALCIUM_ION_TRANSPORT,-2.3412999999999999,2E-3,GOBP_REGULATION_OF_CALCIUM_ION_TRANSPORT,FALSE,GOBP_REGULATION_OF_CALCIUM_ION_TRANSPORT
20,1.9355420107730801,-1.9355420107730801,1.9355420107730801,-0.98839999999999995,-0.24510000000000001,3.8600000000000002E-2,1,CNR1|CAMK2N1|OXTR|LNPEP|MANF|NR2F2|NR3C2|QRFP|TAC2|ID2|EPHX2|ADRA1D|PTPN1|ENG|GRIP2|WNK1|ADH5|AGT|AVPR2|RHOA|UTS2R|ADRA1A|ADRA2B|RARRES2|CYBA|CRHR2|G6PDX|TACR1|TACR3|GLP1R|ADRA1B|ADRB1|ADRB2|TBXA2R|CYP2J5|HSD11B2|NPFF|AGTR1A|F11R|ACE|OXT|ADORA1|AVP|AVPR1A|NCF2|NMU|TPM1,https://www.gsea-msigdb.org/gsea/msigdb/mouse/geneset/GOBP_POSITIVE_REGULATION_OF_BLOOD_PRESSURE,47,ENR,GOBP_POSITIVE_REGULATION_OF_BLOOD_PRESSURE,-2.0114999999999998,1.1599999999999999E-2,GOBP_POSITIVE_REGULATION_OF_BLOOD_PRESSURE,FALSE,GOBP_POSITIVE_REGULATION_OF_BLOOD_PRESSURE
4,1.6108339156354701,-1.6108339156354701,1.6108339156354701,-0.97550000000000003,-0.12770000000000001,7.9899999999999999E-2,1,MAD2L2|MALT1|P2RX7|MAP3K7|RASGRP4|LTA|MLH1|MR1|NOD2|PRKAA1|PNP|CD177|NLRP3|PTPRC|PAXIP1|DDX1|PMS2|HSPA8|PRKCZ|IL21|SH2D1A|TNF|PVR|RAET1E|RIF1|DHX36|RSAD2|SASH3|XCL1|IFNG|ITGB2|ITGB2L|SH2D1B1|IL4|SLAMF1|SLAMF6|CLEC7A|CXCL1|F2RL1|RASGRP1|STAT6|STX7|TAP2|TBX21|6030468B19RIK|TFRC|DDX21|ARID5A|ATAD5|KIT|AZGP1|TNFSF13|TNFSF4|TRAF2|BTK|TRAF6|ARG1|TRP53BP1|CD160|SLC22A13|STAT5A|CD1D1|CD1D2|ULBP1|CD226|CD24A|TICAM1|CD28|YWHAG|CD40|ZBTB1|EXOSC3|TYROBP|EXOSC6|VAV1|TGFB1|TREM2|CRTAM|B2M|DENND1B|STAT5B|DPP4|KLRE1|POMC|C3|FADD|FBXO38|FCER1A|FCER1G|PLCG2|FCGR1|FCGR3|FOXP3|CCL2|FZD5|H2-D1|PTAFR|H2-K1|H2-M2|H2-M3|H2-Q1|H2-Q10|H2-Q2|H2-Q4|H2-Q6|H2-Q7|H2-T24|H2-T3|CD55|H60C|CD81|HSPD1|IL12A|IL12B|IL18|IL18R1|IL18RAP|IL1R1|IL2|IL23A|AP1G1|CADM1|MSH2|IL6|FCER2A|ITGAM|KLRB1C|GATA3|KLRC1|MAVS|KLRC2|GIMAP3|KLRI1|GIMAP5|KLRI2|KLHL22|LAMP1|H2-T23|KLRD1|KLRK1|STAP1|LAG3|CLNK|STX4A|HPX|IL1B,https://www.gsea-msigdb.org/gsea/msigdb/mouse/geneset/GOBP_POSITIVE_REGULATION_OF_LEUKOCYTE_MEDIATED_IMMUNITY,146,ENR,GOBP_POSITIVE_REGULATION_OF_LEUKOCYTE_MEDIATED_IMMUNITY,-1.8028,2.4500000000000001E-2,GOBP_POSITIVE_REGULATION_OF_LEUKOCYTE_MEDIATED_IMMUNITY,FALSE,GOBP_POSITIVE_REGULATION_OF_LEUKOCYTE_MEDIATED_IMMUNITY
,2.3872161432802601,-2.3872161432802601,2.3872161432802601,-0.99590000000000001,-0.21179999999999999,6.7699999999999996E-2,1,CD44|ITGA5|APOA1|PARVA|ITGAD|RNASE10|VCAM1|ITGAX|PKP2|CD200|CD200R1|CD2|PTPRC|ALOX15|GLDN|IZUMO1|MAP2K5|TNF|MBP|MYADM|NRCAM|FGG|NFASC|CTNNA3|ITGA4|ITGA7|CXADR|ITGB2|ITGB2L|DSC2|ITGB7|THY1|DSG2|DSP|SKAP1|ITGB1|ITGB3|WNK1|ADIPOQ|MAPK7|IL1RN|PERP|ITGAV|NINJ1|AGER|JUP|TNFAIP3|FLOT1|IL10|GCNT2|KLF4|LCK|FGA|FGB|JAM3|BMP7|IL1B,https://www.gsea-msigdb.org/gsea/msigdb/mouse/geneset/GOBP_HETEROTYPIC_CELL_CELL_ADHESION,57,ENR,GOBP_HETEROTYPIC_CELL_CELL_ADHESION,-1.8467,4.1000000000000003E-3,GOBP_HETEROTYPIC_CELL_CELL_ADHESION,FALSE,GOBP_HETEROTYPIC_CELL_CELL_ADHESION
3,2.7212463990471698,-2.7212463990471698,2.7212463990471698,-1,-0.39739999999999998,6.7000000000000002E-3,0.60199999999999998,ACAD8|ILVBL|ACAT1|IVD|ACADSB|ALDH6A1|SLC25A44|DLD|AUH|MCCC1|MCCC2|BCAT1|BCAT2|BCKDHA|BCKDHB|DAO|HMGCL|BCKDK|HMGCLL1|DBT|HIBADH|HIBCH|PPM1K|HSD17B10,https://www.gsea-msigdb.org/gsea/msigdb/mouse/geneset/GOBP_BRANCHED_CHAIN_AMINO_ACID_METABOLIC_PROCESS,24,ENR,GOBP_BRANCHED_CHAIN_AMINO_ACID_METABOLIC_PROCESS,-2.3788,0,GOBP_BRANCHED_CHAIN_AMINO_ACID_METABOLIC_PROCESS,FALSE,GOBP_BRANCHED_CHAIN_AMINO_ACID_METABOLIC_PROCESS
1,2.7212463990471698,-2.7212463990471698,2.7212463990471698,-1,-0.15390000000000001,2.9999999999999997E-4,1.6E-2,CTPS2|DCK|DHFR|DHODH|DTYMK|DUT|PGK1|ENTPD1|FAM3A|PPARA|FLAD1|CMAS|PRPS1|COASY|GART|PRPS2|GMPR|DCAKD|GMPR2|GMPS|GUCA1A|GUCA1B|GUCY2C|GUCY2G|GUK1|HNF1A|DIP2A|STAT3|IMPDH1|IMPDH2|LETMD1|ENTPD8|MAP2K1|MAPK1|MTHFD1|MTHFD2L|FPGT|NADK|NADSYN1|GMDS|NAMPT|GMPPA|GMPPB|GNE|NME1|GNPNAT1|NME2|NME3|NME4|NME5|NME6|NME7|NMNAT1|NMNAT3|NPPA|NPPB|NPPC|NPR1|NPR2|ACOT7|ACSL5|ADA|NUDT2|AFMID|OASL2|PAICS|PAPSS1|MMAA|PAPSS2|PARP1|NANP|NANS|AMDHD2|NMNAT2|PFAS|PID1|PANK1|PRPS1L1|PANK3|PRPS1L3|PANK4|PRPSAP1|PRPSAP2|RD3|BCKDK|RFK|PDHX|ACACA|RRM1|CDA|RRM2|PGM3|RRM2B|ACLY|SLC4A7|SLC52A2|SLC52A3|SPHK2|TBPL1|ACSL1|TGFB1|TK2|ACSL4|TMSB4X|ACSL6|TREM2|TYMS|UCK1|UCK2|ACSS1|UCKL1|ACSS2|UMPS|UPRT|DCTD|ADSL|AK4|PMM1|PMM2|PPCDC|PPCS|GCDH|GNPDA2|SLC25A16|DGUOK|HAAO|SLC25A42|DLAT|SLC2A1|DLD|SLC35A1|SLC35C1|DNAJC30|TK1|IDH2|UAP1|UAP1L1|UGDH|UXS1|IDO1|IDO2|VDAC1|KMO|KYNU|LDHC|MYC|LDHD|NDUFA1|NDUFA10|NDUFA11|NDUFA12|NDUFA13|NDUFA2|NDUFA3|NDUFA5|NDUFA6|NDUFA7|NDUFA8|MLYCD|NDUFA9|NDUFAB1|NDUFB10|NDUFB11|NDUFB2|NOS3|NDUFB3|NDUFB4|NDUFB5|NDUFB6|NDUFB7|ELOVL1|NDUFB8|NDUFB9|ELOVL3|NDUFC1|ELOVL4|NDUFC2|ELOVL5|NDUFS1|ELOVL6|NDUFS2|ELOVL7|NDUFS3|NDUFS4|NDUFS5|NDUFS6|NDUFS7|NDUFS8|NDUFV1|NDUFV2|NDUFV3|PANK2|PNP|PNP2|PDHA1|PDHB|PPAT|SDHA|SDHB|QPRT|SDHC|SDHD|SHMT2|SNCA|STOML2|SHMT1|VCP|IL4|UPP1|UPP2|PDK1|PDK2|PDK3|PDK4|OAS1A|SLC25A13|ADCY10|GFPT1|TPK1|GFPT2|SLC25A12|UGP2|ACACB|ACAT1|ALDOA|ENO1|ADCY1|ADCY2|ADCY3|ADCY4|ADCY5|ADCY6|ADCY7|ADCY9|ADK|ADORA2B|AK1|AK2|G6PDX|AK3|AK5|AK7|AK8|AMPD1|AMPD2|AMPD3|GNPDA1|APRT|ASPDH|ATIC|HK1|ATP6V1A|BCL2L1|CAD|CMPK1|LIPA|CMPK2|COX11|MPI,https://www.gsea-msigdb.org/gsea/msigdb/mouse/geneset/GOBP_NUCLEOSIDE_PHOSPHATE_BIOSYNTHETIC_PROCESS,259,ENR,GOBP_NUCLEOSIDE_PHOSPHATE_BIOSYNTHETIC_PROCESS,-2.8448000000000002,0,GOBP_NUCLEOSIDE_PHOSPHATE_BIOSYNTHETIC_PROCESS,FALSE,GOBP_NUCLEOSIDE_PHOSPHATE_BIOSYNTHETIC_PROCESS
18,1.99139982823808,-1.99139982823808,1.99139982823808,-0.98980000000000001,-0.29320000000000002,6.9400000000000003E-2,1,OTC|STC1|PTK2|CKB|SLC12A2|WNK1|WNK4|CPS1|FASL|KCNE3|CAR12|UMOD|SLC12A1|SLC12A3|SPP1|ABCC2|SLC12A5|KCNQ1|ATP6V1B1|BSND|TBXAS1|SLC12A9|SLC12A4|SLC12A6|SLC12A7|STK39|CACNA1A|SLC12A8,https://www.gsea-msigdb.org/gsea/msigdb/mouse/geneset/GOBP_MONOATOMIC_ANION_HOMEOSTASIS,28,ENR,GOBP_MONOATOMIC_ANION_HOMEOSTASIS,-1.8419000000000001,1.0200000000000001E-2,GOBP_MONOATOMIC_ANION_HOMEOSTASIS,FALSE,GOBP_MONOATOMIC_ANION_HOMEOSTASIS
1,2.7212463990471698,-2.7212463990471698,2.7212463990471698,-1,-0.31240000000000001,0,0,NDUFB7|NDUFB8|NDUFB9|NDUFC1|NDUFC2|NDUFS1|NDUFS2|NDUFS3|NDUFS4|NDUFS5|NDUFS6|NDUFS7|NDUFS8|OXA1L|SDHAF2|SLC25A33|UQCRC1|AIFM1|TACO1|CHCHD4|ACAD9|COX7A1|COX7A2|COX7A2L|IMMP2L|LYRM7|ATPAF1|ATPAF2|BCS1L|TFAM|CHCHD7|FASTKD3|COX16|COX17|COX18|COX19|FOXRED1|HIGD1A|HIGD1B|HIGD2A|LYRM2|NDUFAF2|SCO2|NDUFAF3|NDUFAF4|NUBPL|OMA1|SAMM50|SDHAF1|SURF1|TMEM126A|TMEM126B|TMEM186|TMEM223|TMEM70|TTC19|NDUFA1|NDUFA10|NDUFA11|SCO1|NDUFA13|NDUFA2|NDUFA3|NDUFA5|NDUFA6|NDUFA8|NDUFA9|NDUFAB1|NDUFAF1|NDUFB10|NDUFB11|NDUFB2|NDUFB3|NDUFB4|NDUFB5|NDUFB6,https://www.gsea-msigdb.org/gsea/msigdb/mouse/geneset/GOBP_MITOCHONDRIAL_RESPIRATORY_CHAIN_COMPLEX_ASSEMBLY,76,ENR,GOBP_MITOCHONDRIAL_RESPIRATORY_CHAIN_COMPLEX_ASSEMBLY,-3.2241,0,GOBP_MITOCHONDRIAL_RESPIRATORY_CHAIN_COMPLEX_ASSEMBLY,FALSE,GOBP_MITOCHONDRIAL_RESPIRATORY_CHAIN_COMPLEX_ASSEMBLY
10,2.2146701649892302,-2.2146701649892302,2.2146701649892302,-0.99390000000000001,-0.1067,2.7400000000000001E-2,0.998,GAB1|HBEGF|LYST|HOXB9|LPAR1|NRP1|PARVA|PLEKHG5|RPL13A|DNM1L|PLXNB3|ADAM10|EGR3|RAB13|RHOG|SAA3|S100A14|SEMA5A|AKIRIN1|SMOC2|SERPINE1|TPBG|XCR1|ARHGEF5|EPHA2|NCKAP1L|SLAMF8|SLAMF9|CAMK1D|CCR3|TIRAP|CKLF|CMKLR1|AIF1|CNR2|HSPB1|CSF1|CSF3R|CXCL16|CXCL17|CXCL2|CXCL3|PRKCD|CXCR1|PRKCQ|CXCR2|EDNRB|SBDS|DAPK2|PRKD2|DUSP1|MAPK1|F7|GBF1|GPR18|GPSM3|GREM1|IL17B|IL17RC|MDK|IL34|ITGA1|NEDD9|ITGA9|DOCK4|ITGB2|ITGB2L|SLAMF1|FLT1|RAC2|MMP28|CXCL1|MOSPD2|F2RL1|MPP1|MST1|MTUS1|MYO9B|NBL1|NUP85|PADI2|SWAP70|PDGFD|PERP|PIKFYVE|PLA2G7|NINJ1|PPIA|PPIB|SYK|PREX1|TREM1|KIT|TREM3|PTN|PDE4D|RAC3|RETNLG|RIN3|TNFSF18|MET|S100A8|AGTR1A|S1PR1|MSTN|SCG2|SELL|TRPM4|SLIT2|SRP54A|ANO6|PDGFB|THBS4|TNFAIP6|VEGFA|ZFP580|TNFSF14|NR4A1|VAV1|PDE4B|VAV3|RPS19|VCAM1|TRPM2|PRKCA|TMSB4X|PTK2|ALOX5|CORO1A|CXCR3|DPEP1|PIP5K1A|ARRB2|DYSF|EDN3|ABCC1|EDNRA|TIAM1|ANXA1|CCL1|CCL11|CCL12|CCL17|CCL19|CCL2|CCL20|CCL22|CCL24|CCL25|CCL27A|CCL28|CCL3|VEGFB|CCL4|CCL5|CCL6|CCL7|CD74|CCL8|CCL9|CCR2|CXADR|GPR35|CCR7|PTPRO|CTSG|CX3CL1|CXCL10|CXCL11|CXCL12|CXCL13|CXCL14|CXCL15|HGF|CXCL5|CXCL9|HSD3B7|CCR5|CRK|SPP1|KDR|ITGAM|GPR183|STAP1|HC|HRG|IL1B|LYN|MMP9|CRKL|EDN1|EDN2|LGALS3|OXSR1|P2RX4|NOD2|NOTCH1|SLC12A2|PF4|PRKD1|PPBP|PTK2B|CXCR5|RARRES2|GSTP1|GSTP2|S100A9|TRPV4|TMEM102|PTPRJ|MIF|STK39|XCL1|IFNG|TGFB2|IL4|FFAR2|SHH|C1QBP|WNK1|PLEC|BSG|CALR|CH25H|ADAM17|C3AR1|FGF1|PDGFRA|FGFR1|PDGFRB|CCR6|HMGB1|CYP7B1|LGMN|MAPK3|CX3CR1|PGF|SNAI2|CCR1|DPP4|CREB3|CXCR4|THBS1|TNFSF11|FCER1G|FCGR3|C5AR1|IL16|SLC37A4|CHGA|DEFB14|DEFB25|DEFB3|DEFB4|DEFB6|APP|IL12A|WNT5A|ENG|FPR2|IL17RA|LOX|ADAM8|GAS6|MMP2|IL23A|HMGB2|BST1|LBP|JAM3|AGR2|ARHGEF16|BCAR1|CCR10|CCR4|CCR8|KLRK1|CCR9|RAC1|CCRL2|VEGFC|CORO1B|CXCR6|CSF1R|ELMO2|ENPP2|LEF1|EPHB1|FGF16|LGALS9|FGF18|FGF2,https://www.gsea-msigdb.org/gsea/msigdb/mouse/geneset/GOBP_CELL_CHEMOTAXIS,292,ENR,GOBP_CELL_CHEMOTAXIS,-2.101,6.1000000000000004E-3,GOBP_CELL_CHEMOTAXIS,FALSE,GOBP_CELL_CHEMOTAXIS
4,2.4089353929735,-2.4089353929735,2.4089353929735,-0.99609999999999999,-9.5799999999999996E-2,5.9499999999999997E-2,1,LYST|MAD2L2|MALT1|P2RX7|MAP3K7|RASGRP4|MILL1|MLH1|MR1|MSH6|MUC4|MYO1G|NBN|NCKAP1L|NDFIP1|PRKAA1|NFKBIZ|NLRP3|PARP3|PAXIP1|PDCD1|PMS2|POU2F2|HSPA8|PRKCD|PRKCZ|IL21|PVR|RAB27A|RAET1E|RFTN1|RIF1|RIPK3|RNF168|RNF19B|RNF8|RSAD2|SASH3|SERPINB9|SERPINB9B|SH2D1B1|PIK3R6|SLAMF1|SLAMF6|SLC11A1|SLC15A4|RASGRP1|SLFN2|FGL2|SMAD7|SPN|STARD7|STAT6|STX11|GZMB|STX7|GZMC|SWAP70|TAP1|TAP2|AICDA|TBX21|MYD88|TFRC|NKG7|PRF1|TNFRSF1B|TNFSF13|TNFSF4|TRAF2|TRAF6|ARG1|TREML4|TRP53BP1|TRPM4|STAT5A|PCYT1A|ULBP1|UNC13D|UNC93B1|UNG|WAS|XRCC4|YWHAG|ZBTB1|VAV1|TGFB1|TREM2|CD19|AHR|B2M|BCL3|CD2|CORO1A|CD96|STAT5B|CEBPG|PIK3CB|C1QA|C1QB|C1QC|KCTD9|PIK3R1|C1RA|DLG1|KLRE1|C1RB|C1RL|C2|C3|ARRB2|C4B|C4BP|C8A|C8B|C8G|C9|CCL20|CD74|CEACAM1|CCR2|CD46|CD55|CD81|GFER|CFI|CR1L|CR2|CRP|AP1G1|ARL8B|CADM1|CLEC12B|MSH2|CLEC2D|IL4I1|CRK|EXO1|GRB2|FCER2A|GZMN|FCGR2B|HCST|KLRB1A|KLRB1B|KLRB1C|FOXJ1|KLRB1F|GATA3|KLRC1|KLRC2|GIMAP3|KLRI1|GIMAP5|KLRI2|LAMP1|H2-DMA|PLEKHM2|H2-T23|PRDX1|HC|HPX|IL1B|LTA|MASP2|MBL1|MBL2|NOD2|PPP3CB|PNP|PTPN6|PTPRC|SERPING1|SH2D1A|TNF|SUSD4|TRAF3IP2|XCL1|TCIRG1|IFNG|IL4|C1QBP|6030468B19RIK|AGER|APLF|ARID5A|TREX1|ATAD5|AZGP1|BATF|BCL6|BTK|CARD9|CCR6|CD160|SLC22A13|CD1D1|ENPP1|CD1D2|CD226|CD24A|CD274|CD28|CD40|CD40LG|CD70|EXOSC3|HMGB1|IGF2|CD80|EXOSC6|CD8A|CDH17|CLEC4G|CRLF2|CRTAM|CSF2RB|CSF2RB2|CTSC|CTSH|DENND1B|DPP4|DUSP22|EBAG9|EMP2|EPHB6|ERCC1|FADD|FAS|FBXO38|FCER1A|FCER1G|FCGR1|FCGR3|FCGR4|FOSL2|FOXP3|FUT7|FZD5|GAPT|GCNT3|GZMM|H2-D1|KIF5B|H2-K1|H2-M2|H2-M3|H2-Q1|CFH|H2-Q10|H2-Q2|H2-Q4|H2-Q6|H2-Q7|H2-T24|H2-T3|H60C|HAVCR2|HFE|HSPD1|ICAM1|ICOSL|IGLL1|IL12A|IL12B|IL13RA2|IL18|IL18R1|IL18RAP|IL1R1|IL2|IL20RB|IL23A|IL27RA|IL2RB|IL31RA|IL4RA|IL6|IL7R|IL9R|INPP5D|IRF7|BCL10|JAG1|KDELR1|KDM5D|KLHL22|KLRD1|KLRK1|LAG3|CLNK|LGALS9|LIG4,https://www.gsea-msigdb.org/gsea/msigdb/mouse/geneset/GOBP_LYMPHOCYTE_MEDIATED_IMMUNITY,293,ENR,GOBP_LYMPHOCYTE_MEDIATED_IMMUNITY,-1.8815,3.8999999999999998E-3,GOBP_LYMPHOCYTE_MEDIATED_IMMUNITY,FALSE,GOBP_LYMPHOCYTE_MEDIATED_IMMUNITY
1,2.7212463990471698,-2.7212463990471698,2.7212463990471698,-0.99809999999999999,-0.36220000000000002,2.75E-2,0.997,SHMT2|DPYD|UPB1|DCTPP1|UPP1|DHFR|UPP2|SHMT1|DPYS|DTYMK|NT5C|DUT|TBPL1|NT5C3|NT5M|TYMS|DCTD|NME1|NME2|CDA|CMPK1|NME3|CMPK2,https://www.gsea-msigdb.org/gsea/msigdb/mouse/geneset/GOBP_PYRIMIDINE_DEOXYRIBONUCLEOTIDE_METABOLIC_PROCESS,23,ENR,GOBP_PYRIMIDINE_DEOXYRIBONUCLEOTIDE_METABOLIC_PROCESS,-2.1052,1.9E-3,GOBP_PYRIMIDINE_DEOXYRIBONUCLEOTIDE_METABOLIC_PROCESS,FALSE,GOBP_PYRIMIDINE_DEOXYRIBONUCLEOTIDE_METABOLIC_PROCESS
1,2.6989700043360201,-2.6989700043360201,2.6989700043360201,-0.998,-0.27650000000000002,2.1100000000000001E-2,0.98099999999999998,UOX|DCK|UPB1|DCTPP1|UPP1|DHFR|UPP2|XDH|DPYS|DTYMK|NT5C|DUT|NT5C2|TBPL1|NT5C3|TK2|DGUOK|NT5M|ADA|TYMS|NUDT15|NUDT16|PNP|NUDT18|DCTD|DERA|SHMT2|ADK|GUK1|DPYD|AK2|AK3|SHMT1|GDA|NME1|NME2|RRM1|CDA|CMPK1|NME3|RRM2|CMPK2|RRM2B|SAMHD1,https://www.gsea-msigdb.org/gsea/msigdb/mouse/geneset/GOBP_DEOXYRIBONUCLEOTIDE_METABOLIC_PROCESS,44,ENR,GOBP_DEOXYRIBONUCLEOTIDE_METABOLIC_PROCESS,-2.1682000000000001,2E-3,GOBP_DEOXYRIBONUCLEOTIDE_METABOLIC_PROCESS,FALSE,GOBP_DEOXYRIBONUCLEOTIDE_METABOLIC_PROCESS
,1.6615435063954,-1.6615435063954,1.6615435063954,-0.97819999999999996,-0.19400000000000001,9.0499999999999997E-2,1,LEAP2|MALT1|LTF|TGFB1|CLEC4A2|CLEC4D|CLEC4N|FAM3A|NPY|NLRP10|CLEC4B1|ANG|CX3CR1|TLR2|PIK3CD|RARRES2|POMC|PLCG2|SLC22A19|SPON2|CAMP|TAC1|TSLP|NCF1|IL17RC|CLEC4E|DEFB19|JAGN1|DEFB42|CLEC7A|CXCL1|APP|IL17RA|PLA2G5|GM12250|CTSG|CD209B|CLEC4A1|CLEC4B2|COTL1|MYD88|PTX3|TRIM62|ZBP1|SYK|CRK|ELANE|GAPDH|BCL10|BTK|ARG1|CARD9|MPO|HAMP|HAMP2|ATG5|HRG|CLEC4A3|CLEC4A4|USP15|BAK1,https://www.gsea-msigdb.org/gsea/msigdb/mouse/geneset/GOBP_RESPONSE_TO_FUNGUS,61,ENR,GOBP_RESPONSE_TO_FUNGUS,-1.7667999999999999,2.18E-2,GOBP_RESPONSE_TO_FUNGUS,FALSE,GOBP_RESPONSE_TO_FUNGUS
33,2.7212463990471698,-2.7212463990471698,2.7212463990471698,-0.99809999999999999,-0.1736,2.5399999999999999E-2,0.99099999999999999,APOA1|APOA2|FABP2|MUC4|NOD2|FGF10|PPP3CA|ZFP830|PTGER3|TLR4|SCARB1|SCT|SNX10|TFF2|KCNMA1|RBP4|F11R|STRAP|CHRM3|NKX2-3|MDK|STK39|NR1H2|NR1H3|TLR9|NPPC|NPR2|TRPC1|SLC26A6|GHRL|WNK1|WNK4|PNLIP|LPCAT3|AKR1D1|ABCB1A|SLC22A5|COMT|SLC5A1|SOX9|ACAT2|NMU|SLC4A9|LDLR|CYP7B1|LIMA1|SLC9A4|CYP8B1|CYP39A1|DAO|SLCO1A5|CCKAR|CHRM1|AQP5|ARX|CEL|CLDN15|CRHR2|ACO1|CLPS|COPA|CTRB1|NPC1|HTR4|IL10RA|ISX|MADD|MMP13|MOGAT2|MUC13|NEGR1|NEUROD1|TIFAB|ABCG2|PBLD1|PBLD2|PLS1|APOA4|FABP1|PRAP1|AQP1|PRSS2|SLC22A21|TFF1|TFF3|TJP2|ASAH2|GCNT3|UCN2|UCN3|UGCG|VIL1|ABCG5|ABCG8|PAWR|CCK|GPR39|CD36|CLDN2|HEPH|VDR|NPR3|DGAT1|HRH2|HIP1R|IREB2|OXT|KCNN4|KCNQ1|HAMP|HAMP2|TAC4|VAMP8|LIPA|EZR,https://www.gsea-msigdb.org/gsea/msigdb/mouse/geneset/GOBP_DIGESTION,115,ENR,GOBP_DIGESTION,-2.1238000000000001,1.9E-3,GOBP_DIGESTION,FALSE,GOBP_DIGESTION
32,2.7212463990471698,-2.7212463990471698,2.7212463990471698,-1,-0.30969999999999998,0,1E-3,PCK1|PGAM1|PDXP|PGK1|KHK|PNKD|PARK7|ABCA4|ALDH1A2|RPE|ALDH1A3|RPIA|ALDH3A1|ALDH9A1|SHPK|ALPL|BCO2|BMP2|BMP5|ALDH3A2|BMP6|CACNA1H|CLCN2|DAB2|DHRS4|TALDO1|DKK3|EDNRB|TKT|HYI|TPI1|KCNMA1|KDM3A|MGAT4A|RBP4|REST|RDH10|ESD|RDH11|RDH13|SCNN1B|SDR16C5|WNT4|PNPO|GLO1|ALDOA|ALDOB|SLC25A10|CYP1B1|HAGH|ADH4|HAGHL|ADH5|IDH1|IDH2|AGXT|ENO1|AGXT2|HOGA1|MDH1|AKR1A1|MDH2|AKR1C18|PCX|ALDH2|ALDH3B1|ALDH3B2|GAPDH|ALDH8A1|GPD1|GRHPR|PDXK,https://www.gsea-msigdb.org/gsea/msigdb/mouse/geneset/GOBP_ALDEHYDE_METABOLIC_PROCESS,72,ENR,GOBP_ALDEHYDE_METABOLIC_PROCESS,-3.1,0,GOBP_ALDEHYDE_METABOLIC_PROCESS,FALSE,GOBP_ALDEHYDE_METABOLIC_PROCESS
13,2.7212463990471698,-2.7212463990471698,2.7212463990471698,-1,-0.39029999999999998,3.8E-3,0.34899999999999998,CPOX|SLC25A39|SLC6A9|UROS|FXN|ABCB10|ABCB6|ABCB7|ALAD|ALAS1|HNF1A|ALAS2|ANK1|COX15|FECH|HMBS|IREB2|PGRMC1|PPOX|RSAD1|TMEM14A|SLC11A2|SNX3|SRRD|TMEM14C|COX10|UROD,https://www.gsea-msigdb.org/gsea/msigdb/mouse/geneset/GOBP_TETRAPYRROLE_BIOSYNTHETIC_PROCESS,27,ENR,GOBP_TETRAPYRROLE_BIOSYNTHETIC_PROCESS,-2.4754,0,GOBP_TETRAPYRROLE_BIOSYNTHETIC_PROCESS,FALSE,GOBP_TETRAPYRROLE_BIOSYNTHETIC_PROCESS
29,2.0177287669604298,-2.0177287669604298,2.0177287669604298,-0.99039999999999995,-0.1449,7.9299999999999995E-2,1,DHFR|GSTA3|GSTM5|GSTO2|GSTT1|PRDX3|PARK7|PRKCE|RALBP1|GPX1|GPX4|GSTA1|SLC17A3|GSTM3|SLC29A4|GSTM6|GSTM7|SESN2|S100A9|SLC22A1|SLC22A18|SLC22A2|SLC30A1|RDH11|RDH12|SLC22A3|AIFM2|MGST3|PRDX2|SLC11A1|GCH1|ADH4|ADH5|AKR1A1|GSR|GSTK1|ALDH1A1|PTGES|SOD2|ALDH1A7|ALDH2|PTGS1|ABCB1A|PTGS2|ABCB1B|APOE|S100A8|SLC47A1|PRDX6|PRDX6B|TXNRD3|MGST2|MT3|APOM|MT1|MT2|MT4|SOD1|NFE2L2|NQO1|ABCC1|ABCC2|ATP7A|ABCG2|CAT|ESD|PIM1|APOA4|FABP1|AQP8|AQP9|GPX2|PRDX4|SLC30A10|SLC30A3|LANCL1|SOD3|CD36|OSCP1|RAB40B|SLC39A8|GSTO1|CP|TXNRD1|CYGB|ABCB6|HP|AMBP|CCS|FANCC|FBLN5|LPO|GPX3|GPX6|GPX7|GPX8|KDM3B|MB|MPO|NXN|PRDX5|PXDN|PRDX1|SESN1|SRXN1|TRP53INP1|TXN1|TXNDC17|TXNRD2|UBIAD1|NOS3,https://www.gsea-msigdb.org/gsea/msigdb/mouse/geneset/GOBP_DETOXIFICATION,111,ENR,GOBP_DETOXIFICATION,-1.8050999999999999,9.5999999999999992E-3,GOBP_DETOXIFICATION,FALSE,GOBP_DETOXIFICATION
24,2.3767507096021001,-2.3767507096021001,2.3767507096021001,-0.99580000000000002,-0.32419999999999999,4.1300000000000003E-2,1,CES1F|CES1B|CES1C|CES1E|CYP7B1|CES1G|CYP8B1|ERRFI1|FGFR4|ACOX2|CYP27A1|CYP39A1|STARD4|NR1D1|CYP7A1|STAR|HSD17B10|AKR1D1|SLC27A5|HNF1A|AMACR|SLC27A2|SIRT1|PROX1|ABCD3|BAAT|CES1D,https://www.gsea-msigdb.org/gsea/msigdb/mouse/geneset/GOBP_BILE_ACID_BIOSYNTHETIC_PROCESS,27,ENR,GOBP_BILE_ACID_BIOSYNTHETIC_PROCESS,-1.9885999999999999,4.1999999999999997E-3,GOBP_BILE_ACID_BIOSYNTHETIC_PROCESS,FALSE,GOBP_BILE_ACID_BIOSYNTHETIC_PROCESS
5,2.67778070526608,-2.67778070526608,2.67778070526608,-0.99790000000000001,-0.1321,5.2699999999999997E-2,1,NDUFA4|NEDD4L|P2RX7|NLGN3|P2RX1|P2RX4|P2RX5|PDPK1|PKD2|PPP3CA|PPP3CB|PPP3CC|PPP3R1|PRSS8|RAPGEF3|RELN|GSTM7|RGS7|SNCA|RNF207|SCN1B|SLC9A1|BAX|SRI|STAC|STAC2|STAC3|STIM1|STIM2|XCL1|SUMO1|IFNG|TESC|NPPA|THY1|TRDN|TRPC1|TRPC3|TRPC6|VMP1|WNK1|WNK2|PLP1|WNK4|ABCB1A|ABCB1B|ABL1|ACTN2|ADRB1|ADRB2|AGTR1A|AKAP5|P2RY6|AKAP6|AKAP7|AKAP9|AMIGO1|ANK2|ANK3|ANO6|APLNR|ARF1|PLCB1|ASPH|ATP1B2|ATP1B3|ATP2A1|BAK1|BDKRB1|BMP4|CACNA1C|CACNA1D|CACNB2|CACNB3|CALM1|CALM2|CALM3|CAPN3|CASQ1|CD19|CD4|CFTR|CLEC4B1|DBI|CNKSR3|CTSS|CXCR3|DMD|DPP6|DRD4|HTT|EDN3|EDNRA|EHD3|F2R|ATP7A|F2RL3|PLCG1|PLCG2|FGF13|FGF14|FLNA|FXYD1|FXYD2|FXYD3|FXYD4|FXYD5|FXYD6|FXYD7|GAL|CAV1|GALR2|GJC2|GPR39|GRIN1|GRM6|GSTO1|HAP1|HEPH|HSPA2|IKBKB|IL13|JPH2|COX17|CX3CL1|CXCL10|CXCL11|KCNC1|KCNC2|KCNE1|CXCL9|KCNH2|KCNIP2|G6PDX|F2|KCNJ2|GIMAP3|KCNMB1|GIMAP5|ATP1B1|KCNQ1|LCN2|LRRC26|LRRC52|LRRC55|ADCYAP1R1|EDN1|MS4A1,https://www.gsea-msigdb.org/gsea/msigdb/mouse/geneset/GOBP_POSITIVE_REGULATION_OF_MONOATOMIC_ION_TRANSMEMBRANE_TRANSPORT,148,ENR,GOBP_POSITIVE_REGULATION_OF_MONOATOMIC_ION_TRANSMEMBRANE_TRANSPORT,-1.9212,2.0999999999999999E-3,GOBP_POSITIVE_REGULATION_OF_MONOATOMIC_ION_TRANSMEMBRANE_TRANSPORT,FALSE,GOBP_POSITIVE_REGULATION_OF_MONOATOMIC_ION_TRANSMEMBRANE_TRANSPORT
45,2.3872161432802601,-2.3872161432802601,2.3872161432802601,-0.99590000000000001,-0.30869999999999997,5.9700000000000003E-2,1,BECN1|PPP2CB|LCT|MAP1LC3A|BACE1|STAR|NCAM1|CDK4|ALAD|PPP1CA|CLDN1|PTGS2|MECP2|FECH|UCP2|MAPT|CAT|PLSCR1|SLC34A1|PPP5C|DNMT3A|SERPINA1A|SERPINA1B|SERPINA1C|SERPINA1D|SERPINA1E,https://www.gsea-msigdb.org/gsea/msigdb/mouse/geneset/GOBP_RESPONSE_TO_LEAD_ION,26,ENR,GOBP_RESPONSE_TO_LEAD_ION,-1.8781000000000001,4.1000000000000003E-3,GOBP_RESPONSE_TO_LEAD_ION,FALSE,GOBP_RESPONSE_TO_LEAD_ION
1,2.7212463990471698,-2.7212463990471698,2.7212463990471698,-1,-0.35120000000000001,0,0,NDUFB8|NDUFB9|NDUFC2|NDUFS1|NDUFS2|NDUFS3|NDUFS4|NDUFS6|NDUFS7|NDUFS8|NDUFV1|NDUFV2|NDUFV3|POR|PARK7|PINK1|SDHA|SDHAF2|SDHB|SDHC|SDHD|SNCA|THAP11|BDNF|UQCR10|BID|UQCR11|UQCRB|WDR93|UQCRC1|UQCRC2|CCNB1|UQCRFS1|CDK1|UQCRH|UQCRQ|CHCHD2|AIFM1|COQ7|AIFM2|COQ9|COX4I1|COX4I2|COX5A|COX5B|COX6A1|COX6A2|ETFA|ETFB|ETFDH|COX7A1|COX7A2|COX7A2L|COX7B|IMMP2L|COX7C|COX8A|COX8B|MYBBP1A|CYC1|CYCS|DGUOK|DLD|DNAJC15|DHRS2|PLEC|PM20D1|PPARGC1A|ISCU|ENOX2|PUM2|SCO2|FDX1|SOD2|MTCH2|VPS54|NDUFA10|NDUFA11|NDUFA12|NDUFA5|NDUFA7|NDUFA8|NDUFAF1|NDUFB3|NDUFB6,https://www.gsea-msigdb.org/gsea/msigdb/mouse/geneset/GOBP_ELECTRON_TRANSPORT_CHAIN,85,ENR,GOBP_ELECTRON_TRANSPORT_CHAIN,-3.8022999999999998,0,GOBP_ELECTRON_TRANSPORT_CHAIN,FALSE,GOBP_ELECTRON_TRANSPORT_CHAIN
19,2.7212463990471698,-2.7212463990471698,2.7212463990471698,-1,-0.34960000000000002,1.1000000000000001E-3,8.5999999999999993E-2,HMGCS1|AASS|NUDT7|TPK1|ACACB|ACOT12|NUDT8|ACAT1|PDK1|PDK2|PDK3|CS|PDK4|CSL|PGK1|DLAT|DLD|PIPOX|DLST|ACSS1|ACSS2|FASN|PDHA1|PDHB|VDAC1|MVD|DIP2A|MVK|KYNU|AADAT|PMVK|MLYCD|PPCS|BCKDK|HMGCS2|PDHX|ACACA|ACAA2|TDO2|ACLY,https://www.gsea-msigdb.org/gsea/msigdb/mouse/geneset/GOBP_ACETYL_COA_METABOLIC_PROCESS,40,ENR,GOBP_ACETYL_COA_METABOLIC_PROCESS,-2.6576,0,GOBP_ACETYL_COA_METABOLIC_PROCESS,FALSE,GOBP_ACETYL_COA_METABOLIC_PROCESS
11,2.7212463990471698,-2.7212463990471698,2.7212463990471698,-1,-0.31929999999999997,2.5999999999999999E-3,0.23699999999999999,SLC25A32|SFXN1|SLC25A38|HSPA9|SFXN2|SLC25A39|SFXN3|SLC25A28|DNAJC19|SLC25A37|SLC25A40|DNLZ|SLC30A2|TST|GRPEL1|GRPEL2|DNAJC15|PAM16|FXN|PNPT1|TIMM17A|TIMM17B|PSEN2|TIMM23|TIMM44|OPA1|TOMM20|TOMM40L|TOMM7|SLC25A36|SLC25A23|VDAC1|SLC25A33|MRPL18|ROMO1|AKT1|AFG3L2|UCP2|TIMM50|HIF1A|MICU1|TOMM40|ITPR1|TOMM70A|SPG7,https://www.gsea-msigdb.org/gsea/msigdb/mouse/geneset/GOBP_IMPORT_INTO_THE_MITOCHONDRION,45,ENR,GOBP_IMPORT_INTO_THE_MITOCHONDRION,-2.5345,0,GOBP_IMPORT_INTO_THE_MITOCHONDRION,FALSE,GOBP_IMPORT_INTO_THE_MITOCHONDRION
4,2.7212463990471698,-2.7212463990471698,2.7212463990471698,-1,-9.2299999999999993E-2,2.7199999999999998E-2,0.996,MAD2L2|APOA1|MALT1|APOA2|MAP3K7|ABR|MILL1|MLH1|ADORA3|ENPP3|MR1|MUC4|NCKAP1L|NDFIP1|NFKBID|NFKBIZ|CD177|NLRP3|PARP3|PAXIP1|PDCD1|PKN1|PMS2|HSPA8|PRKCZ|PVR|PYCARD|RAET1E|RC3H1|RC3H2|RIF1|RIPK2|RIPK3|NCF1|DHX36|RSAD2|SASH3|SERPINB9|ITGB2|SERPINB9B|ITGB2L|SH2D1B1|NPPA|SIGLECG|NPPC|SLAMF1|SLAMF6|SLC15A4|SMAD7|SOCS5|SPN|STAT6|STX7|TAP1|TAP2|OPA1|TBX21|TFRC|TNFAIP3|KIT|TNFRSF14|RABGEF1|TNFRSF1B|TNFSF13|TNFSF18|TNFSF4|RTN4|TRAF2|TRAF6|TRP53BP1|TRPM4|ULBP1|UNC13D|WAS|YWHAG|ZBTB1|ZBTB7B|ZC3H12A|RPS19|SPHK2|TGFB1|TREM2|B2M|APPL1|C3|C4BP|PLCG2|PLD2|CCL19|CCL2|CCL20|PTAFR|CCR2|CCR7|CD36|CD37|CD46|CD55|CD59A|CD59B|CD5L|CD81|GFER|CFP|COLEC10|COLEC11|CR1L|CR2|CXCL5|MSH2|EVPL|FCER2A|FCGR2B|BST2|FCNB|D6WSU163E|FOXJ1|FES|GATA3|GAB2|GATA1|GIMAP3|GATA2|GIMAP5|PRAM1|H2-T23|PANX1|SNX4|STX4A|HPX|VAMP8|IL1B|IVL|KLK5|KLK7|LGALS3|LTA|MBL2|NOD2|PF4|PGLYRP1|PGLYRP3|PGLYRP4|PPL|PTPN6|PTPRC|DDX1|S100A9|SERPING1|SH2D1A|TNF|SPON2|SUSD4|VSIG4|XCL1|IFNG|IL4|NR4A3|DDX21|TREX1|EXOSC3|HMGB1|IGF2|EXOSC6|INS1|INS2|POMC|STXBP1|ACP5|ANKRD17|CASP1|CASP4|ANGPT1|ATG9A|CUEDC2|DDX60|DHX58|GALNT2|GPRC5B|IL13RA1|IRAK3|IRF5|LITAF|MAPKAPK2|MYO18A|NLRX1|PKP3|SEMA7A|TEK|TGFB3|TRIL|FGR|TRIM6|WNT5A|FOXP1|TWIST2|UBE2J1|VPREB3|ZPBP2|GRN|EP300|AXL|IL10|LBP|GPI1|MAVS|CD22|HK1|PRKDC|CLNK|NOD1|PGLYRP2|DDRGK1|PRG2|P2RX7|RASGRP4|SLAMF8|PRKAA1|H2-DMB2|TIRAP|TLR2|TLR4|IL21|IL2RG|IL5|RBP4|LAPTM5|PIK3R6|RAC2|CLEC7A|RARA|CXCL1|F2RL1|RASGRP1|FGL2|MYD88|SHB|SYK|ARG1|STAT5A|TICAM1|ATG5|TNFRSF4|TYROBP|VAV1|XBP1|ZFP35|AHR|CD96|STAT5B|KLRE1|TLR3|TLR7|ARRB2|ANXA1|APPL2|CD74|CEACAM1|BCR|IL13|AP1G1|CADM1|CLEC12B|CLEC2D|IL4I1|CRK|DNASE1|DNASE1L3|GRB2|ITGAM|KLRB1A|KLRB1B|KLRB1C|KLRB1F|KLRC1|KLRC2|KLRI1|KLRI2|LAMP1|STAP1|STXBP2|LYN|MS4A2|PCK1|PDPK1|PHB2|PPP3CB|PNP|PTPN22|DNAJB9|MIF|TWIST1|TGFB2|TLR9|FFAR2|TMBIM6|FFAR3|C1QBP|PLA2G3|PLA2G5|6030468B19RIK|AGER|APLF|ARID5A|ASCL2|ATAD5|AZGP1|BCL6|BRD2|BRD4|BTK|SIRT1|CARD9|CCR6|CD160|SLC22A13|CD1D1|CD1D2|CD226|CD24A|CD27|CD274|CD28|CD40|CD40LG|CD69|CD80|CD84|CD86|CLEC4G|CRTAM|CX3CR1|DENND1B|CD300A|DPP4|DUSP10|DUSP22|EPHB2|FADD|FBXO38|FCER1A|FCER1G|FCGR1|FCGR3|FOXP3|FUT7|FZD5|H2-D1|H2-DMB1|H2-K1|H2-M2|H2-M3|H2-Q1|CFH|H2-Q10|H2-Q2|H2-Q4|H2-Q6|H2-Q7|H2-T24|H2-T3|H60C|HAVCR2|HFE|HLX|HSPD1|IL12A|IL12B|IL13RA2|IL18|IL18R1|IL18RAP|IL1R1|IL2|IL20RB|IL23A|IL27|IL27RA|IL33|ADORA2B|IL4RA|IL6|IL7R|INPP5D|IRF1|HMOX1|JAK3|KLHL22|KLRD1|KLRK1|LAG3|LGALS1|LGALS9|LOXL3,https://www.gsea-msigdb.org/gsea/msigdb/mouse/geneset/GOBP_REGULATION_OF_IMMUNE_EFFECTOR_PROCESS,394,ENR,GOBP_REGULATION_OF_IMMUNE_EFFECTOR_PROCESS,-2.1080999999999999,0,GOBP_REGULATION_OF_IMMUNE_EFFECTOR_PROCESS,FALSE,GOBP_REGULATION_OF_IMMUNE_EFFECTOR_PROCESS
3,1.98716277529483,-1.98716277529483,1.98716277529483,-0.98970000000000002,-0.28239999999999998,5.6399999999999999E-2,1,GLS|GLS2|GLUD1|OAT|UROC1|GOT1|GOT2|SLC7A11|ALDH18A1|APC|ASL|ATCAY|HAL|GLUL|PRODH|PRODH2|FPGS|GCLC|GCLM|GGT1|ALDH4A1|ADHFE1|ALDH5A1|AMDHD1|NAGS|AADAT|NR1H4|FTCD|GAD1|GAD2|SLC25A12|TAT,https://www.gsea-msigdb.org/gsea/msigdb/mouse/geneset/GOBP_GLUTAMATE_METABOLIC_PROCESS,32,ENR,GOBP_GLUTAMATE_METABOLIC_PROCESS,-1.9014,1.03E-2,GOBP_GLUTAMATE_METABOLIC_PROCESS,FALSE,GOBP_GLUTAMATE_METABOLIC_PROCESS
19,2.6989700043360201,-2.6989700043360201,2.6989700043360201,-0.998,-0.40839999999999999,2.12E-2,0.98099999999999998,TPK1|VDAC1|ACAT1|DIP2A|PDK1|PDK2|PDK3|PDK4|PGK1|DLAT|DLD|ACSS1|ACSS2|MLYCD|PDHA1|PPCS|BCKDK|PDHB|PDHX|ACLY,https://www.gsea-msigdb.org/gsea/msigdb/mouse/geneset/GOBP_ACETYL_COA_BIOSYNTHETIC_PROCESS,20,ENR,GOBP_ACETYL_COA_BIOSYNTHETIC_PROCESS,-2.1684000000000001,2E-3,GOBP_ACETYL_COA_BIOSYNTHETIC_PROCESS,FALSE,GOBP_ACETYL_COA_BIOSYNTHETIC_PROCESS
19,2.1938200260161098,-2.1938200260161098,2.1938200260161098,-0.99360000000000004,-0.28789999999999999,4.0099999999999997E-2,1,ELOVL1|TPK1|ACACB|ELOVL3|ACAT1|ELOVL4|ELOVL5|ELOVL6|PDK1|ELOVL7|PDK2|PDK3|PDK4|ACSL1|PGK1|ACSL4|ACSL6|DLAT|ACSL5|DLD|ACSS1|ACSS2|PDHA1|PDHB|MMAA|VDAC1|SNCA|DIP2A|MLYCD|PPCS|BCKDK|GCDH|PDHX|ACACA|ACLY,https://www.gsea-msigdb.org/gsea/msigdb/mouse/geneset/GOBP_THIOESTER_BIOSYNTHETIC_PROCESS,35,ENR,GOBP_THIOESTER_BIOSYNTHETIC_PROCESS,-1.9957,6.4000000000000003E-3,GOBP_THIOESTER_BIOSYNTHETIC_PROCESS,FALSE,GOBP_THIOESTER_BIOSYNTHETIC_PROCESS
,2.6989700043360201,-2.6989700043360201,2.6989700043360201,-0.998,-0.32440000000000002,3.78E-2,1,INS1|PRDX2|RPS19|BCR|INS2|INSR|RAC2|SLC11A1|CLEC7A|TREM2|SLAMF8|CAMK1D|GRN|DUSP10|CYBA|S100A9|LBP|APOH|MPO|CYBB|RAC1|CD24A|NCF1|SLC37A4|NCF2|NCF4|LIPA|NOXA1,https://www.gsea-msigdb.org/gsea/msigdb/mouse/geneset/GOBP_RESPIRATORY_BURST,28,ENR,GOBP_RESPIRATORY_BURST,-2.0175000000000001,2E-3,GOBP_RESPIRATORY_BURST,FALSE,GOBP_RESPIRATORY_BURST
17,2.7212463990471698,-2.7212463990471698,2.7212463990471698,-1,-0.1933,8.9999999999999998E-4,7.1999999999999995E-2,NEDD4|NEDD4L|P2RX7|MCOLN1|OSR1|PCSK9|PKD2|SLC12A2|SLC13A2|SLC13A3|SLC9A9|PRSS8|GPD1L|PTPN3|RANGRF|SLC17A7|SLC17A8|SLC4A4|SCN1B|SCN2B|SCN3B|SCN4B|SCN5A|SCNN1B|SLC8A1|SLC9A1|SLC9A6|SLMAP|SNTA1|ATP12A|SLC23A1|ATP1A1|CNGA1|STK39|CNNM4|TESC|NPPA|TMEM168|HCN2|HCN3|HCN4|KCNK3|MCOLN3|NALCN|WNK1|WNK2|WNK4|YWHAH|SCN3A|SCN4A|SCN7A|SCN8A|SCN9A|SCNN1A|SCNN1G|SLC12A1|SLC12A3|SLC13A1|SLC20A1|SLC20A2|SLC38A4|SLC38A5|SLC24A1|SLC24A2|AGRN|SLC24A3|SLC24A5|SLC28A3|SLC34A1|ATP2B4|SLC34A2|SLC34A3|TRPM4|SLC41A1|SLC41A3|ANK3|SLC5A1|ANO6|SLC4A10|ARF1|PLCB1|SLC4A11|SLC5A2|SLC5A3|ATP1B2|SLC4A5|ATP1B3|SLC4A8|SLC4A9|SLC6A18|ATP4A|SLC6A19|SLC5A6|SLC6A2|SLC6A4|SLC6A12|SLC8A2|SLC6A13|SLC9A2|SLC6A14|SLC9A3|SLC6A15|SLC9A4|SLC4A7|SLC6A17|SLC9A5|SLC6A20B|SLC9A7|SLC6A6|SLC9A8|SLC6A7|TPCN1|SLC6A8|TPCN2|SLC6A9|TRPM2|TRPM5|CAMK2D|CAV3|CFTR|SLC38A2|CNKSR3|COMMD1|BPIFA1|DMD|DRD4|FGF12|FGF13|FXYD1|FXYD2|FXYD3|FXYD4|FXYD5|FXYD6|FXYD7|ATP1A3|GRIN1|SLC38A1|GRP|KCNK1|ATP1A2|ATP1B1|KCNQ1,https://www.gsea-msigdb.org/gsea/msigdb/mouse/geneset/GOBP_SODIUM_ION_TRANSMEMBRANE_TRANSPORT,143,ENR,GOBP_SODIUM_ION_TRANSMEMBRANE_TRANSPORT,-2.68,0,GOBP_SODIUM_ION_TRANSMEMBRANE_TRANSPORT,FALSE,GOBP_SODIUM_ION_TRANSMEMBRANE_TRANSPORT
39,2.0268721464002999,-2.0268721464002999,2.0268721464002999,-0.99060000000000004,-0.2437,5.4399999999999997E-2,1,DEFB25|IFNG|CCR7|HMGB1|CD36|TLR9|HSPD1|CLEC7A|NOD2|IL12B|FLT3|MAPK11|REL|TLR6|TIRAP|IL23A|TLR2|IL23R|TLR4|AGER|LTB|IDO1|SYK|TLR3|RELA|IRF8|IRF1|TNFSF18|TNFSF4|PLCG2|TRAF6|LAPTM5|CCL19|IL16|ISL1|MAPK14|UNC93B1|PLCB1|MDK|H2-M3|CD40|TNFSF9|CD40LG,https://www.gsea-msigdb.org/gsea/msigdb/mouse/geneset/GOBP_POSITIVE_REGULATION_OF_INTERLEUKIN_12_PRODUCTION,43,ENR,GOBP_POSITIVE_REGULATION_OF_INTERLEUKIN_12_PRODUCTION,-1.9137999999999999,9.4000000000000004E-3,GOBP_POSITIVE_REGULATION_OF_INTERLEUKIN_12_PRODUCTION,FALSE,GOBP_POSITIVE_REGULATION_OF_INTERLEUKIN_12_PRODUCTION
18,1.99567862621736,-1.99567862621736,1.99567862621736,-0.9899,-0.1172,7.3099999999999998E-2,1,SLC31A1|SLC39A11|SLC39A12|RGS2|SLC39A4|SLC39A6|STEAP2|TRPM1|P2RX1|SHOC2|P2RX5|PPP3CA|SLC12A2|PPP3CB|SLC15A2|PPP3CC|SLC9A9|PPP3R1|PRNP|PSEN1|SLC27A5|RGS4|SLC17A8|SLC19A1|SLC1A1|PRKCD|SLC1A2|SLC1A4|SLC1A5|SLC1A6|CACNA1S|TNF|TRPV4|SCN5A|SLC22A2|SLC30A1|SLC36A2|AKT2|SCNN1B|SLC8A1|SLC9A1|SLC9A6|ABCC9|ATP12A|ATP1A1|IFNG|SLC16A2|HCN2|HCN4|SLC15A4|ACSL5|SLC2A10|WNK1|SLC2A5|WNK2|WNK4|SCNN1A|SCNN1G|SLC39A10|KCND3|SLC12A1|SLC36A1|SLC12A3|SLC38A3|SLC22A4|SLC38A4|ADRB1|SLC38A5|ADRB2|SLC24A2|AGTR1A|ARG1|SLC39A14|ARG2|AKAP5|SLC34A1|SLC3A2|SLC43A1|SLC43A2|TRPM4|SLC27A1|SLC46A1|ANK3|SLC46A2|SLC5A1|SLC47A1|SLC5A2|ATP1B2|ATP1B3|ATP4A|SLC5A6|SLC1A3|SLC8A2|SLC6A13|SLC9A2|CACNA1C|SLC6A14|SLC9A3|CACNA1D|SLC9A4|CACNA1F|SLC9A5|SLC6A20B|SLC9A7|SLC6A6|SLC6A7|SLC6A9|TRPM2|ACSL1|SLC7A1|IRS2|ACSL6|SLC7A2|SLC7A3|SLC15A3|SLC7A5|SLC28A1|SLC7A8|SLC38A2|AGT|PER2|DLG1|THBS1|ABCC1|AKT1|TSPO2|ACE2|FXYD2|AQP8|ARHGEF11|ARL6IP1|ARL6IP5|ATP1A3|FYN|CAV1|CACNA1A|PAWR|SLC30A8|CD36|SLC39A5|SLC38A1|CLN8|GRM6|SLC39A8|SLC7A11|TRPV6|TRPV2|SLC2A1|SLC30A5|ITGB1|GFAP|ISCU|KCNE2|LRP2|KCNH2|LRRC8A|LRRC8B|LRRC8C|LRRC8D|LRRC8E|KCNJ1|KCNJ10|KCNJ11|KCNJ12|KCNJ13|KCNJ15|KCNJ16|SLC12A5|KCNJ2|KCNJ5|KCNJ6|KCNJ8|ATP1A2|ATP1B1|KCNN4|SLC11A2|KCNQ1|LCN2|CACNA1E|KCNK5|SLC12A4|SLC15A1|SLC12A6|MS4A1|SLC12A7|SLC12A8,https://www.gsea-msigdb.org/gsea/msigdb/mouse/geneset/GOBP_IMPORT_ACROSS_PLASMA_MEMBRANE,186,ENR,GOBP_IMPORT_ACROSS_PLASMA_MEMBRANE,-1.8283,1.01E-2,GOBP_IMPORT_ACROSS_PLASMA_MEMBRANE,FALSE,GOBP_IMPORT_ACROSS_PLASMA_MEMBRANE
25,2.4089353929735,-2.4089353929735,2.4089353929735,-0.99609999999999999,-0.34360000000000002,3.4299999999999997E-2,0.999,PRG2|HAVCR2|ICOSL|RARA|SLC7A5|NLRP3|IL20RB|IL33|SYK|PRKCQ|IL1RAP|PRKCZ|IRF4|TNFSF4|FCER1G|GATA3|FOXP3|CD1D1|CD1D2|H2-T23|CEBPB|CD28|CD3E|SASH3|CD40LG,https://www.gsea-msigdb.org/gsea/msigdb/mouse/geneset/GOBP_POSITIVE_REGULATION_OF_INTERLEUKIN_4_PRODUCTION,25,ENR,GOBP_POSITIVE_REGULATION_OF_INTERLEUKIN_4_PRODUCTION,-2.0464000000000002,3.8999999999999998E-3,GOBP_POSITIVE_REGULATION_OF_INTERLEUKIN_4_PRODUCTION,FALSE,GOBP_POSITIVE_REGULATION_OF_INTERLEUKIN_4_PRODUCTION
44,1.86012091359876,-1.86012091359876,1.86012091359876,-0.98619999999999997,-0.19600000000000001,7.3300000000000004E-2,1,CTNS|EIF2AK3|GSS|TXNRD3|GSTA2|GSTA3|MGST2|GSTA4|MMACHC|GSTM5|GSTO2|GSTT1|GGT5|CTH|GPX1|GSTA1|SOD1|GSTM1|GSTM2|GCLC|GSTM3|DPEP1|GCLM|GSTM4|GSTM6|NFE2L2|GGT1|GSTM7|GSTP1|GSTP2|SLC1A1|SLC1A2|ABCC1|ABCC2|HPGDS|AAAS|ARL6IP5|CHAC1|CHAC2|GLO1|NFE2L1|SLC7A11|GSTO1|CRYAB|GSTZ1|ETHE1|HAGH|IDH1|GGT6|GGT7|GSR|GSTK1|GSTT2|SOD2|GSTT3|G6PDX|HMGN5|MGST1|NDP|NAT8|OPLAH,https://www.gsea-msigdb.org/gsea/msigdb/mouse/geneset/GOBP_GLUTATHIONE_METABOLIC_PROCESS,61,ENR,GOBP_GLUTATHIONE_METABOLIC_PROCESS,-1.8271999999999999,1.38E-2,GOBP_GLUTATHIONE_METABOLIC_PROCESS,FALSE,GOBP_GLUTATHIONE_METABOLIC_PROCESS
1,2.6989700043360201,-2.6989700043360201,2.6989700043360201,-0.998,-0.40889999999999999,1.3100000000000001E-2,0.86699999999999999,UOX|DPYD|UPB1|DCTPP1|UPP1|UPP2|XDH|DPYS|NT5C|DUT|NT5C2|NT5C3|NT5M|ADA|NUDT15|NUDT16|PNP|NUDT18|GDA|CDA|SAMHD1|DERA,https://www.gsea-msigdb.org/gsea/msigdb/mouse/geneset/GOBP_DEOXYRIBONUCLEOTIDE_CATABOLIC_PROCESS,22,ENR,GOBP_DEOXYRIBONUCLEOTIDE_CATABOLIC_PROCESS,-2.2627999999999999,2E-3,GOBP_DEOXYRIBONUCLEOTIDE_CATABOLIC_PROCESS,FALSE,GOBP_DEOXYRIBONUCLEOTIDE_CATABOLIC_PROCESS
4,2.6989700043360201,-2.6989700043360201,2.6989700043360201,-0.998,-9.7199999999999995E-2,1.5699999999999999E-2,0.92200000000000004,LYST|MAD2L2|MALT1|MAP3K7|ABR|MILL1|MLH1|ADORA3|MR1|MSH6|MUC4|MYO1G|NBN|NCKAP1L|NDFIP1|NFKBIZ|CD177|NLRP3|PARP3|PAXIP1|PDCD1|PMS2|POU2F2|HSPA8|PRKCD|PRKCZ|PVR|RAB27A|RAET1E|RFTN1|RIF1|RIPK3|NCF1|RNF168|RNF19B|RNF8|IRAK4|DHX36|RSAD2|SASH3|SERPINB9|ITGB2|SERPINB9B|ITGB2L|SH2D1B1|NPPA|JAGN1|NPPC|SLAMF1|SLAMF6|SLC11A1|SLC15A4|SLFN2|SMAD7|SPN|STARD7|STAT6|STX11|STX7|SWAP70|TAP1|TAP2|PIKFYVE|TBX21|TFRC|KIT|RABGEF1|TNFRSF1B|TNFSF13|TNFSF4|TRAF2|TRAF6|TREML4|TRP53BP1|TRPM4|PCYT1A|ULBP1|UNC13D|UNC93B1|UNG|WAS|XRCC4|YWHAG|ZBTB1|PI4K2A|SPHK2|TGFB1|TREM2|B2M|BCL3|PIK3CB|C1QA|C1QB|C1QC|PIK3R1|C1RA|C1RB|C1RL|C2|C3|C4B|C4BP|C8A|C8B|PLCG2|C8G|C9|PLD2|ACE|CCL2|CCL20|PTAFR|CCL3|CCR2|CD46|CD55|CD81|GFER|CFI|CR1L|CR2|CRP|CTSG|CXCL5|MSH2|YWHAZ|ELANE|EXO1|F2|FCER2A|FCGR2B|BST2|CBL|CD300LB|CPLX2|D6WSU163E|FOXJ1|FES|GATA3|GAB2|GATA1|GIMAP3|GATA2|GIMAP5|NDST2|H2-DMA|PRAM1|H2-T23|PTGDR|RAB44|SNAP23|HC|SNX4|STX4A|HPX|TAC4|VAMP8|IL1B|SLC18A2|LTA|MASP2|MBL1|MBL2|NOD2|PTPN6|PTPRC|DDX1|SERPING1|SH2D1A|TNF|SPON2|SUSD4|TRAF3IP2|XCL1|IFNG|IL4|NR4A3|DDX21|TREX1|ENPP1|EXOSC3|HMGB1|IGF2|EXOSC6|POMC|STXBP1|ANXA3|CHGA|FGR|MAVS|MYO1F|CLNK|P2RX7|RASGRP4|SLAMF9|PRKAA1|TLR2|TLR4|IL21|SCNN1B|PIK3R6|RAC2|CLEC7A|CXCL1|F2RL1|RASGRP1|FGL2|GZMB|GZMC|AICDA|MYD88|NKG7|NLRP6|PCYOX1L|PRF1|SYK|TREM1|TREM3|TUSC2|ARG1|STAT5A|TICAM1|TYROBP|VAV1|CD19|DAO|AHR|CD2|CORO1A|CD96|STAT5B|CEBPG|KCTD9|DLG1|KLRE1|TLR3|ARRB2|CD74|CEACAM1|GRP|BCR|IL13|AP1G1|ARL8B|CADM1|CLEC12B|CLEC2D|IL4I1|CRK|DNASE1|DNASE1L3|GRB2|GZMN|HCST|ITGAM|KLRB1A|KLRB1B|KLRB1C|KLRB1F|KLRC1|KLRC2|KLRI1|KLRI2|LAMP1|PLEKHM2|PRDX1|STAP1|STXBP2|LYN|MS4A2|PDPK1|PPP3CB|PNP|TCIRG1|TLR9|C1QBP|PLA2G3|VAMP2|6030468B19RIK|AGER|PTGDS|APLF|ARID5A|ATAD5|AZGP1|BATF|BCL6|BTK|CARD9|CCR6|CD160|SLC22A13|CD1D1|CD1D2|CD226|CD24A|CD274|CD28|CD40|CD40LG|WDR1|CD70|CD80|CD84|CD8A|CDH17|CLEC4G|CRLF2|CRTAM|CSF2RB|CSF2RB2|CTSC|CTSH|CX3CR1|DENND1B|CD300A|DPP4|DUSP22|EBAG9|EMP2|EPHB6|ERCC1|FADD|FAS|FBXO38|FCER1A|FCER1G|FCGR1|FCGR3|FCGR4|FOSL2|FOXP3|FUT7|FZD5|GAPT|GCNT3|GZMM|H2-D1|KIF5B|H2-K1|H2-M2|H2-M3|H2-Q1|CFH|H2-Q10|H2-Q2|H2-Q4|H2-Q6|H2-Q7|H2-T24|H2-T3|H60C|HAVCR2|HFE|HSPD1|ICAM1|ICOSL|IGLL1|IL12A|IL12B|IL13RA2|IL18|IL18R1|IL18RAP|IL1R1|IL2|IL20RB|IL23A|IL23R|IL27RA|IL2RB|IL31RA|ADORA2B|IL4RA|IL6|IL7R|IL9R|INPP5D|IRF7|BCL10|HMOX1|JAG1|JAK3|KDELR1|KDM5D|KLHL22|KLRD1|KLRK1|LAG3|LAT|LAT2|LGALS9|LIG4,https://www.gsea-msigdb.org/gsea/msigdb/mouse/geneset/GOBP_LEUKOCYTE_MEDIATED_IMMUNITY,393,ENR,GOBP_LEUKOCYTE_MEDIATED_IMMUNITY,-2.2294,2E-3,GOBP_LEUKOCYTE_MEDIATED_IMMUNITY,FALSE,GOBP_LEUKOCYTE_MEDIATED_IMMUNITY
43,2.0705810742857098,-2.0705810742857098,2.0705810742857098,-0.99150000000000005,-0.27200000000000002,3.1399999999999997E-2,0.999,BIRC5|BUB3|CDCA8|CDT1|CENPC1|BECN1|CENPE|DSN1|EML4|INCENP|APC|KIF2C|MAPRE1|RB1|MIS12|SEH1L|NDC80|NEK2|AURKB|NSL1|NUF2|PMF1|RACGAP1|RCC2|SKA1|SPAG5|SPC24|SPC25|TEX14|ZFP207|CDC42|HNRNPU|SIRT1|KAT5|SIRT2|CCNB1|CDK1|MAD1L1|ECT2|KAT2B,https://www.gsea-msigdb.org/gsea/msigdb/mouse/geneset/GOBP_ATTACHMENT_OF_SPINDLE_MICROTUBULES_TO_KINETOCHORE,40,ENR,GOBP_ATTACHMENT_OF_SPINDLE_MICROTUBULES_TO_KINETOCHORE,-2.0706000000000002,8.5000000000000006E-3,GOBP_ATTACHMENT_OF_SPINDLE_MICROTUBULES_TO_KINETOCHORE,FALSE,GOBP_ATTACHMENT_OF_SPINDLE_MICROTUBULES_TO_KINETOCHORE
,2.7212463990471698,-2.7212463990471698,2.7212463990471698,-1,-0.26729999999999998,2.0199999999999999E-2,0.97499999999999998,KRT78|KRT1|KRT79|KRT6A|KRT80|KRT81|KRT84|KRT85|ABCA12|KRT86|CDSN|CDH3|CNFN|HRNR|KAZN|LCE1A2|CYP26B1|PPHLN1|SPRR1A|SHARPIN|SPRR1B|SPRR2B|SPRR2F|SPRR2G|SPRR2H|SPRR2I|SPRR2K|SPRR3|TGM1|TGM3|TMEM79|IL1A|PPL|SFN|EVPL|KRT16|KRT17|KRT2|KRT4|KRT5|KRT6B|IVL|KRT7|KRT75|KRT76|KRT77,https://www.gsea-msigdb.org/gsea/msigdb/mouse/geneset/GOBP_KERATINIZATION,46,ENR,GOBP_KERATINIZATION,-2.1800999999999999,0,GOBP_KERATINIZATION,FALSE,GOBP_KERATINIZATION
,1.9244530386074701,-1.9244530386074701,1.9244530386074701,-0.98809999999999998,-0.15820000000000001,8.14E-2,1,BCL2|CD44|P2RX7|BBIP1|CAML|GPR174|LGALS2|PACS1|MEF2C|PPP2R1A|TGFB1|PMAIP1|SKIL|SLC39A3|WDR37|ZC3H8|NCKAP1L|PPP2CA|RPS6|FOXN1|PPP3CB|TSC22D3|CCNB2|AHR|CORO1A|GPAM|PPP2R3C|BBS4|STAT5B|PIK3CD|DOCK10|DOCK11|SIVA1|PKN1|FADD|AKT1|FAS|SLC40A1|IL2RA|BCL2A1A|SPNS2|RAG1|RC3H1|RC3H2|FOXP3|TRAF3IP2|LMO1|GAPT|RIPK3|SH2B2|BAX|MIF|SASH3|CD74|TCIRG1|TGFB2|CD47|CHST3|SIT1|DNAJA3|PRDX2|BCL2L11|ADA|IKBKB|IL2|IL20RB|CASP3|TNFAIP3|IKBKG|TNFRSF13B|TNFRSF13C|IL7R|TNFRSF17|ABL1|TNFSF13B|TNFSF4|BCL10|SOS1|SOS2|JAK3|GIMAP3|GIMAP5|HIF1A|STAT5A|ENPP1|SLC46A2|CD24A|LAT|AIM2|TNFRSF4|LYN|BAK1,https://www.gsea-msigdb.org/gsea/msigdb/mouse/geneset/GOBP_LYMPHOCYTE_HOMEOSTASIS,92,ENR,GOBP_LYMPHOCYTE_HOMEOSTASIS,-1.7955000000000001,1.1900000000000001E-2,GOBP_LYMPHOCYTE_HOMEOSTASIS,FALSE,GOBP_LYMPHOCYTE_HOMEOSTASIS
1,2.7212463990471698,-2.7212463990471698,2.7212463990471698,-1,-0.40189999999999998,0,0,NDUFB8|NDUFB9|NDUFC2|NDUFS1|NDUFS2|NDUFS3|NDUFS6|NDUFS7|NDUFS8|NDUFV1|NDUFV2|NDUFV3|PARK7|PINK1|SDHA|SDHAF2|SDHB|SDHC|SDHD|SNCA|BDNF|UQCR10|BID|UQCR11|UQCRB|UQCRC1|UQCRC2|CCNB1|UQCRFS1|CDK1|UQCRH|UQCRQ|CHCHD2|COQ7|COQ9|COX4I1|COX4I2|COX5A|COX5B|COX6A1|COX6A2|COX7A1|COX7A2|COX7A2L|COX7B|COX7C|COX8A|COX8B|CYC1|CYCS|DGUOK|DLD|DNAJC15|ISCU|MTCH2|NDUFA10|NDUFA11|NDUFA12|NDUFA7|NDUFA8|NDUFAF1|NDUFB6,https://www.gsea-msigdb.org/gsea/msigdb/mouse/geneset/GOBP_ATP_SYNTHESIS_COUPLED_ELECTRON_TRANSPORT,62,ENR,GOBP_ATP_SYNTHESIS_COUPLED_ELECTRON_TRANSPORT,-3.6193,0,GOBP_ATP_SYNTHESIS_COUPLED_ELECTRON_TRANSPORT,FALSE,GOBP_ATP_SYNTHESIS_COUPLED_ELECTRON_TRANSPORT
,1.96257350205938,-1.96257350205938,1.96257350205938,-0.98909999999999998,-0.34,4.1700000000000001E-2,1,CAR12|CAR4|UMOD|CAR14|HBA-A1|SLC12A1|HBB-BH1|POU3F3|RHAG|RHBG|AQP6|RHCG|SLC14A1|SLC14A2|AQP1|AQP3|AQP4|AQP7|AQP8|AQP9|CAR2|UPK3A|AQP5,https://www.gsea-msigdb.org/gsea/msigdb/mouse/geneset/GOBP_ONE_CARBON_COMPOUND_TRANSPORT,23,ENR,GOBP_ONE_CARBON_COMPOUND_TRANSPORT,-1.9862,1.09E-2,GOBP_ONE_CARBON_COMPOUND_TRANSPORT,FALSE,GOBP_ONE_CARBON_COMPOUND_TRANSPORT
14,2.7212463990471698,-2.7212463990471698,2.7212463990471698,-1,-0.1449,0,0,FMO2|HNF1A|AKT2|ALOX5|ABCD1|C3|AKT1|APOC3|DLD|MLXIPL|NDUFAB1|IL1B|NDUFS6|PANK2|PLA2G1B|SNCA|TMEM135|ABCC9|CYP1A2|ETFA|ETFB|ETFDH|PM20D1|PPARGC1A|TREX1|ACADM|BLVRA|C1QTNF2|COMT|ENPP1|INS1|INS2|IRS1|IRS2|MTOR|PER2|PRKAG2|PRKAG3|PTGES3|MCAT|ACACB|ACAT1|ACOX1|ALDH1L2|CROT|DGAT1|EIF6|KAT2B|LIPA|NCOR1|PGK1|POR|PPARA|PRKAA1|PRKAA2|PRKAG1|SLC27A5|ABCB11|ABCD2|ABCD3|ABCD4|ABHD1|ABHD2|ABHD3|ACAA1A|ACAA1B|ACAA2|ACAD10|ACAD11|ACAD12|ACAD9|ACADL|ACADS|ACADSB|ACADVL|ACOT4|ACOT7|ACOT8|ACOX2|ACOX3|ACOXL|ACSF3|ACSL5|ADH4|ADH5|ADH7|ADIPOQ|AIG1|AKR1C18|AUH|AACS|BCKDK|AASDH|BDH2|ABHD5|ACACA|ACAT2|ACBD5|ACBD7|ACLY|ACNAT1|CES1D|ACNAT2|CES1F|ACOT1|CNR1|ACOT11|CPT1A|ACOT12|CPT1B|ACOT2|CPT2|ACOT3|CRAT|ACOT5|CRYL1|ACOT6|ACOT9|ACSBG1|CYP1A1|ACSF2|ACSL1|ACSL3|ACSL4|ACSL6|ACSM1|ACSM2|ACSM3|CYP4F13|ACSM5|CYP4F14|ACSS1|CYP4F15|ACSS2|CYP4F18|ADIPOR1|CYP7A1|ADIPOR2|AGT|DBI|AHR|AKR1B7|AKR1C12|AKR1C13|AKR1C14|AKR1C19|DECR1|AKR1C20|DECR2|AKR1C21|AKR1C6|AKR1CL|ALDH3A2|ALKBH7|ALOX12|ECH1|ALOX12B|ECHDC1|ALOX12E|ECHDC2|ALOX15|ECHS1|ALOX5AP|ECI1|ALOX8|ECI2|ALOXE3|ECI3|AMACR|EHHADH|ANGPTL3|ANKRD23|ANKRD26|ANXA1|AOAH|FAAH|APOA4|FABP1|APOA5|APOC1|APOC2|APPL2|ASAH1|ASAH2|AVP|GCDH|AVPR1A|BAAT|BRCA1|C1QTNF9|CAV1|CBR4|CD74|CEACAM1|CEACAM2|CES1B|CES1C|CES1E|CES1G|CES2A|CES2B|CES2C|CES2E|CES2F|CES2G|CP|CPT1C|CTHRC1|HACL1|CYGB|HADH|CYP1B1|HADHA|CYP2A12|HADHB|CYP2A22|CYP2A4|CYP2A5|CYP2B10|HAO1|CYP2B13|CYP2B19|CYP2B9|CYP2C29|CYP2C37|CYP2C38|CYP2C40|HSD17B10|CYP2C50|HSD17B4|CYP2C54|CYP2C55|CYP2D10|CYP2D12|CYP2D22|CYP2D26|ILVBL|CYP2D34|IVD|CYP2D9|CYP2E1|CYP2F2|CYP2G1|CYP2J11|CYP2J13|LIPE|CYP2J5|LONP2|CYP2J6|LPIN1|CYP2J9|LPIN2|CYP2S1|LPIN3|CYP2U1|CYP4A10|CYP4A12A|CYP4A12B|CYP4A14|MFSD2A|CYP4A31|CYP4A32|CYP4V3|MLYCD|DAGLA|DAGLB|DBIL5|DCAF5|DEGS1|DGAT2|ECHDC3|EDN1|EDN2|NUDT19|EIF2AK3|ELOVL1|ELOVL2|NUDT7|ELOVL3|NUDT8|ELOVL4|ELOVL5|ELOVL6|ELOVL7|EPHX1|PCK1|EPHX2|PCK2|ERLIN1|ERLIN2|PEX13|FA2H|PEX5|FABP2|PEX7|FABP3|PHYH|FABP4|FABP5|PLIN5|FADS1|FADS2|FADS3|FADS6|FASN|FMO1|FMO4|PPARD|GDF15|GGT5|GPAM|GPX1|GPX4|GSTA1|GSTM1|GSTM2|GSTM3|GSTM4|GSTM6|GSTM7|SCP2|GSTP1|GSTP2|HAO2|SESN2|HNF4A|HPGD|HPGDS|HSD17B12|SLC25A17|INSIG1|INSIG2|SLC27A2|KLHL25|SLC27A4|LIAS|LIPC|LIPG|LPGAT1|LPL|LTC4S|LYPLA1|LYPLA2|MAPK14|MAPK9|MBLAC2|MECR|MGLL|MGST3|MID1IP1|MIF|MYO5A|NAAA|THNSL2|NFE2L1|TWIST1|NR1H2|TYSND1|NR1H3|NUCB2|OXSM|PAM|PDK1|PDK2|PDK3|PDK4|PDPN|PECR|PIBF1|PLA2G10|PLA2G15|PLA2G2F|PLA2G3|PLA2G4A|PLA2G4F|PLA2G5|PLAA|PLP1|PNLIP|PNLIPRP1|PNLIPRP2|PNPLA3|PNPLA8|PPARG|PRKAB1|PRKAB2|PRKAR2B|PTGDS|PTGES|PTGES2|PTGIS|PTGR1|PTGR2|PTGS1|PTGS2|RGN|SCAP|SCD1|SCD2|SCD3|SCD4|SCO1|SGPL1|SIRT1|SIRT2|SIRT4|SLC22A13|SLC27A1|SLC27A3|SLC27A6|SLC45A3|SOX9|SPHK1|SREBF1|TBXAS1|TECR|TECRL|TH|THEM4|THEM5|TNFRSF1A|TNXB|TPK1|TRIB3|UBR4|UCP3|WDTC1|ATP6V1B1,https://www.gsea-msigdb.org/gsea/msigdb/mouse/geneset/GOBP_FATTY_ACID_METABOLIC_PROCESS,428,ENR,GOBP_FATTY_ACID_METABOLIC_PROCESS,-3.4117000000000002,0,GOBP_FATTY_ACID_METABOLIC_PROCESS,FALSE,GOBP_FATTY_ACID_METABOLIC_PROCESS
3,2.7212463990471698,-2.7212463990471698,2.7212463990471698,-1,-0.49740000000000001,0,1E-3,ACMSD|PAH|SPR|GSTZ1|THAP4|HAAO|TTC36|AFMID|HGD|DCT|HPD|QDPR|QPRT|IDO1|IDO2|IL4I1|KMO|IYD|KYNU|ATP7A|NMNAT2|FAH|NADSYN1|PCBD1|GCDH|PCBD2|TAT|TDO2|TH,https://www.gsea-msigdb.org/gsea/msigdb/mouse/geneset/GOBP_ERYTHROSE_4_PHOSPHATE_PHOSPHOENOLPYRUVATE_FAMILY_AMINO_ACID_METABOLIC_PROCESS,29,ENR,GOBP_ERYTHROSE_4_PHOSPHATE_PHOSPHOENOLPYRUVATE_FAMILY_AMINO_ACID_METABOLIC_PROCESS,-3.1857000000000002,0,GOBP_ERYTHROSE_4_PHOSPHATE_PHOSPHOENOLPYRUVATE_FAMILY_AMINO_ACID_METABOLIC_PROCESS,FALSE,GOBP_ERYTHROSE_4_PHOSPHATE_PHOSPHOENOLPYRUVATE_FAMILY_AMINO_ACID_METABOLIC_PROCESS
,2.23657200643706,-2.23657200643706,2.23657200643706,-0.99419999999999997,-0.42070000000000002,5.0799999999999998E-2,1,PARP1|SLC6A4|DRD4|SNCA|FADD|ADRA1B|BDNF|HOMER1|HOMER2|CREBBP|PPP1R1B|SDK1|CDK5|EHMT2|FOSB,https://www.gsea-msigdb.org/gsea/msigdb/mouse/geneset/GOBP_BEHAVIORAL_RESPONSE_TO_COCAINE,15,ENR,GOBP_BEHAVIORAL_RESPONSE_TO_COCAINE,-1.9300999999999999,5.7999999999999996E-3,GOBP_BEHAVIORAL_RESPONSE_TO_COCAINE,FALSE,GOBP_BEHAVIORAL_RESPONSE_TO_COCAINE
8,1.8728952016351901,-1.8728952016351901,1.8728952016351901,-0.98660000000000003,-0.12920000000000001,6.1800000000000001E-2,1,APOA1|APOA2|CYP2R1|EPHX2|ERLIN1|FMO5|ERLIN2|PCSK9|POR|PRKAA1|PRKAA2|PON1|DGKQ|SCARB1|HNF1A|SCP2|CYP11A1|INSIG1|INSIG2|MAPK1|LIPC|FDPS|SULT2A1|SULT2A2|SULT2A3|SULT2A5|SULT2A6|SULT2A7|CYP1A2|HMGCS1|NFE2L1|ACADL|IDI1|IDI2|IL4|ACADVL|ABCA5|ABCG1|ABCG4|APLP2|APOB|APOBR|LCAT|APOF|APON|ARV1|LPCAT3|PRKACA|CH25H|CLN6|AKR1D1|CYB5R3|MVD|CYP51|MVK|DHCR7|SCAP|EBP|TNFSF4|APOE|FDFT1|FDXR|FGF1|FGFR1|GBA2|ENPP1|GNAI1|GNB3|GPR146|HDLBP|HMGCR|SREBF1|HSD17B7|CES1D|NPY1R|CES1F|LBR|LDLR|LDLRAP1|CYP7B1|LIMA1|ERRFI1|LMF1|FGFR4|LRP1|CUBN|LSS|MBTPS1|SULT2B1|CYP24A1|MBTPS2|NPC2|CYP27A1|NSDHL|CYP27B1|PAQR3|CYP39A1|CYP46A1|LEPR|PCTP|STARD4|PMP22|SAA1|SC5D|CYP7A1|CFTR|SEC14L2|SERPINA12|STAR|SOAT1|SOAT2|SOD1|SQLE|SREBF2|THRB|TM7SF2|ACO2|TSKU|NPC1|TTC39B|APOC3|VLDLR|ANGPTL3|CAT|FGL1|APOA4|DHCR24|APOA5|APOC1|PMVK|AQP8|CEBPA|CES1B|SMPD1|CES1C|CES1E|CES1G|CLN8|APP|IDH1|IDH2|IDH3A|IDH3B|IDH3G|FDX1|HSD3B7|G6PDX|FECH|MTTP|LIPE|LRP5|ABCA1|ABCA2|HMGCS2|DGAT2|LIPA,https://www.gsea-msigdb.org/gsea/msigdb/mouse/geneset/GOBP_SECONDARY_ALCOHOL_METABOLIC_PROCESS,156,ENR,GOBP_SECONDARY_ALCOHOL_METABOLIC_PROCESS,-1.8697999999999999,1.34E-2,GOBP_SECONDARY_ALCOHOL_METABOLIC_PROCESS,FALSE,GOBP_SECONDARY_ALCOHOL_METABOLIC_PROCESS
6,1.80134291304558,-1.80134291304558,1.80134291304558,-0.98419999999999996,-0.1032,7.0000000000000007E-2,1,RBM10|BECN1|SHC1|PPARA|ADRA1A|ADRA2A|ADRA2B|ADRA2C|AIF1|AKAP1|ANXA6|CACNA1H|ARHGAP42|ATP2A2|CACNA1S|KCNMA1|TRIM63|CALCA|CALCRL|MAP2K1|CALD1|CAMK2G|FDPS|CHRM2|ABAT|CHRM3|MYH7|CHRNB4|CMYA5|ATP1A1|CTDP1|CTNNA3|CTTN|DAG1|DBN1|DOCK4|DOCK5|DSC2|NPPA|DMPK|DSG2|DSP|NPPC|ECE1|FBXO32|FLT1|FOXO1|HCN4|GATA4|GATA5|GHRL|SMAD7|ADA|GJA5|GLRX3|GRCC10|GTF2IRD1|GTF2IRD2|HAND2|NKX2-5|IGFBP5|SCN4A|ITGA2|JARID2|JUP|KCNA1|PARP1|KIT|KLF4|TNFRSF1B|LCK|PDE4D|LMCD1|PDE5A|ADRB2|AGRN|ORMDL3|PDE9A|ARG2|MSTN|MTMR4|AKAP6|ATP2B4|MTPN|TRPM4|AKAP9|ANK2|MYL3|MYLK2|MYOCD|NFATC1|ATP2A1|NMU|NPNT|NR4A1|ZC3H12A|OXTR|CACNA1C|PARP2|CACNB1|CACNB2|PI16|CACNG1|PIN1|CALM1|PKP2|CALM2|CALM3|PRKCA|CAMK2D|PROK2|PTGER4|CASQ1|PTK2|CASQ2|CAV3|ROCK1|ROCK2|RYR1|SETD3|AGT|SGCA|SMTN|SOD1|SRL|DLG1|STUB1|DMD|ACTN3|TACR1|TACR3|EDN3|EHD3|F2R|TBXA2R|TEAD1|ABCC8|TIFAB|FGF13|TNNC1|TNNC2|TNNI1|ACE2|ADORA1|FKBP1B|TNNI3|FXYD1|TRIP10|PRKG1|TWF1|PTAFR|YY1|CAV1|ZDHHC21|ZFP418|HRC|TMEM38B|MYOG|LMNA|KCNJ2|NR3C1|MEF2A|OXT|KCNN4|KCNQ1|PAK1|HAMP|HAMP2|NOS3|EDN1|EDN2|RGS2|RPS6KB1|CDK9|NDUFS4|P2RX1|P2RX4|MEF2C|NOTCH1|PLN|PPP3CA|PRKD1|PTGER3|RHOA|RANGRF|REM1|RGS4|SMAD3|RNF207|RYR2|TRPV4|SCN5A|SLC8A1|SLC9A1|SLN|TOMM70A|SRI|SUMO1|SLC25A4|TMEM38A|NFATC3|TRPC3|NR4A3|PPARG|DDX39B|PTGS1|ADCY10|PTGS2|ADRA1B|ADRB1|SIRT1|SMAD4|SRF|SPHK1|TNNT1|TNNT2|TNNT3|GSK3A|TTN|GSK3B|TNFRSF1A|IGF1|ERRFI1|MTOR|ATP2B1|HSP90AA1|PRKAG3|HTR7|CHGA|PAWR|ACACB|FOXO3|STC1|FOXP1|NOL3|ENO1|GSN|EP300|ADK|ADORA2B|G6PDX|BIN1|HDAC4|ATP1A2|ATP1B1,https://www.gsea-msigdb.org/gsea/msigdb/mouse/geneset/GOBP_REGULATION_OF_MUSCLE_SYSTEM_PROCESS,245,ENR,GOBP_REGULATION_OF_MUSCLE_SYSTEM_PROCESS,-1.8389,1.5800000000000002E-2,GOBP_REGULATION_OF_MUSCLE_SYSTEM_PROCESS,FALSE,GOBP_REGULATION_OF_MUSCLE_SYSTEM_PROCESS
11,2.7212463990471698,-2.7212463990471698,2.7212463990471698,-1,-0.25690000000000002,2.0999999999999999E-3,0.186,PARL|PDCD5|PPP2R2B|PRKAA1|FIS1|PINK1|4930550C14RIK|AGK|HSP90AA1|ROMO1|TIMM10|LRRK2|TIMM13|TIMM22|BID|TIMM50|TIMM9|TOMM22|TOMM40|BNIP3L|TOMM70A|AIFM1|CHCHD4|BAG3|IMMP2L|BAG4|BCAP31|DNAJC19|DNLZ|DUSP18|HSPD1|CDKN2A|FBXO7|FBXW7|GFER|GRPEL1|GRPEL2|HSPA1L|DNAJC15|IMMP1L|MIPEP|NOL3|PAM16|PMPCA|PMPCB|PTPN5|GDAP1|TIMM17A|TIMM17B|TIMM23|TIMM44|TIMM8A1|TOMM20|TOMM34|MFN2|TOMM40L|HSPA4|TOMM5|TOMM7|YWHAZ|MTCH2|SAMM50|ADCY10|NDUFA13|SIRT4|MFF|MTCH1|SREBF1|AIP|GSK3A,https://www.gsea-msigdb.org/gsea/msigdb/mouse/geneset/GOBP_PROTEIN_TARGETING_TO_MITOCHONDRION,70,ENR,GOBP_PROTEIN_TARGETING_TO_MITOCHONDRION,-2.5653999999999999,0,GOBP_PROTEIN_TARGETING_TO_MITOCHONDRION,FALSE,GOBP_PROTEIN_TARGETING_TO_MITOCHONDRION
3,2.6989700043360201,-2.6989700043360201,2.6989700043360201,-0.998,-0.19439999999999999,2.5000000000000001E-3,0.224,NUDT7|NUDT8|PCK1|PCK2|PEX13|PEX5|PEX7|PHYH|PLIN5|PON3|PPARD|SCP2|SESN2|SLC16A1|SLC16A3|SLC25A17|SLC27A2|SLC27A4|SORD|SP1|AKT2|STRAP|ABCB11|ABCD2|ABCD3|ABCD4|ABHD1|ABHD2|ABHD3|ACAA1A|ACAA1B|ACAA2|ACAD10|ETFA|ACAD11|ETFB|ACAD12|ETFDH|TWIST1|TYSND1|ACADL|ACADS|ACADVL|XYLB|ACOT7|ACOT8|ACOX2|ACOX3|ACOXL|ACSL5|ADIPOQ|AGXT|AGXT2|AIG1|AKR1A1|AKR1D1|ACADM|AUH|BDH2|CES1D|CES1F|CNR1|CPT1A|CPT1B|CPT2|CRAT|CRYL1|CYP26A1|IRS1|CYP26B1|IRS2|CYP39A1|LDHA|CYP4F13|CYP4F14|MTOR|CYP4F15|CYP4F18|DBI|DCXR|DECR1|DECR2|ABCD1|ECH1|ECHDC1|ECHDC2|AKT1|ECHS1|ECI1|ECI2|ECI3|EHHADH|FAAH|FABP1|FAH|GCDH|ACACB|ACAT1|ACOX1|ALDH1L2|DLAT|HACL1|HADH|HADHA|CROT|HADHB|HAO1|HOGA1|HSD17B10|HSD17B4|ILVBL|IVD|KLF9|LDHC|LDHD|LIPE|LONP2|LPIN1|LPIN2|LPIN3|MFSD2A|MLYCD|NUDT19,https://www.gsea-msigdb.org/gsea/msigdb/mouse/geneset/GOBP_MONOCARBOXYLIC_ACID_CATABOLIC_PROCESS,123,ENR,GOBP_MONOCARBOXYLIC_ACID_CATABOLIC_PROCESS,-2.5434000000000001,2E-3,GOBP_MONOCARBOXYLIC_ACID_CATABOLIC_PROCESS,FALSE,GOBP_MONOCARBOXYLIC_ACID_CATABOLIC_PROCESS
42,2.7212463990471698,-2.7212463990471698,2.7212463990471698,-1,-0.40989999999999999,0,0,EEF2|RPL10A|RPL12|RPL13|RPL13A|RPL14|RPL15|RPL17|RPL22|RPL23|RPL23A|RPL24|RPL26|RPL27|RPL27A|RPL28|RPL29|RPL32|RPL34|RPL35|RPL35A|RPL36|RPL36A|RPL37|RPL37A|RPL38|RPL4|RPL5|RPL6|RPL7|RPL7A|RPL8|RPL9|RPLP2|RPS10|RPS11|RPS12|RPS14|RPS15A|RPS16|RPS24|RPS26|RPS27A|RPS28|RPS5|UBA52|AKT2|ALKBH3|CKAP5|CNBP|CPEB1|CPEB2|CPEB3|CPEB4|CSDE1|DENR|DHX29|DHX36|DHX9|DRG1|DRG2|EIF2AK4|EIF2B1|EIF2B2|EIF2B3|EIF2B4|EIF2B5|EIF2D|EIF2S2|EIF2S3X|EIF2S3Y|EIF3A|EIF3B|EIF3C|EIF3D|EIF3E|EIF3F|EIF3G|EIF3H|EIF3I|EIF3K|EIF3L|EIF3M|EIF4A1|EIF4A2|EIF4B|EIF4EBP1|EIF4H|EIF5|ETF1|FAU|FMR1|FTSJ1|GTPBP1|HNRNPD|HNRNPU|IGF2BP1|IMPACT|LIN28A|MCTS1|MCTS2|METTL3|MIF4GD|NCBP1|NCBP2|NCK1|NEMF|NMNAT2|PABPC1|PAIP1|PARP16|PIWIL2|PKP1|RBM24|RBM4|RPL11|RPL18|RPL18A|RPL19|RPL21|RPL22L1|RPL3|RPL30|RPL31|RPL39|RPL39L|RPL41|RPLP0|RPLP1|RPS13|RPS15|RPS17|RPS18|RPS19|RPS2|RPS20|RPS21|RPS23|RPS25|RPS29|RPS3|RPS4X|RPS6|RPS7|RPS8|RPS9|RPSA|RWDD1|SH3BGRL|SLBP|SMYD5|SYNCRIP|UNK|YBX1|YTHDF2|ZC3H15|ZFP385A,https://www.gsea-msigdb.org/gsea/msigdb/mouse/geneset/GOBP_CYTOPLASMIC_TRANSLATION,157,ENR,GOBP_CYTOPLASMIC_TRANSLATION,-5.9611000000000001,0,GOBP_CYTOPLASMIC_TRANSLATION,FALSE,GOBP_CYTOPLASMIC_TRANSLATION
1,1.65955588515988,-1.65955588515988,1.65955588515988,-0.97809999999999997,-0.1221,7.8700000000000006E-2,1,NCOR1|NUDT3|OGT|P2RX7|DCTPP1|PFKFB1|PFKFB2|PFKFB3|PFKL|DPYS|PFKP|PGAM1|DUT|PGAM2|ENPP5|PGK1|ENTPD1|ENTPD5|PKLR|NUPR1|PPARA|FHIT|OGDH|PPP2CA|PRKAA1|PNP|PRKAA2|PRKAG1|PDE2A|PSEN1|GMPR2|RPTOR|SIK2|SIRT6|SLC2A6|HINT1|SLC4A1|SLC4A4|SRC|STAT3|ITPA|TPI1|TRIM63|UCHL1|UCP2|ZBTB20|ZBTB7A|VCP|NCF1|NCF2|IFNG|UOX|NNMT|UPB1|UPP1|UPP2|JMJD8|XDH|MFSD8|NT5C|NT5C2|NT5C3|NT5E|NT5M|NUDT10|NUDT11|ADA|NUDT12|NUDT13|NUDT15|NUDT16|NUDT17|NUDT18|NUDT4|NUDT9|PPARGC1A|PRKACA|PARP14|TREX1|PDE10A|PDE1A|PDE4A|PDE4C|PDE4D|PDE5A|PDE7A|PDE7B|PDE8A|PDE8B|PDE9A|ENPP1|ESRRB|GCK|CDA|SAMHD1|SARM1|SLC29A1|IGF1|INS1|INS2|INSR|KHK|MTOR|PFKM|DERA|DPYD|ACTN3|ARL2|BCL2L13|ENTPD4|ENTPD7|PRKAG2|CBFA2T3|PRKAG3|COL6A1|GDA|ADPGK|ALDOA|ALDOART1|ALDOART2|ALDOB|ALDOC|APP|ARNT|BPGM|DDIT4|DHTKD1|EIF6|ENO1|ENO2|ENO3|ENO4|EP300|FBP1|MLXIPL|FKRP|FLCN|FOXK1|MTCH2|FOXK2|GALE|GALK1|GALT|GAPDH|MYC|GAPDHS|MYOG|GIT1|AMPD3|AOX1|GPD1|GPI1|ART2B|HDAC4|HIF1A|HK1|HK2|HK3|HKDC1|IER3|KAT2B|LIPA|MLST8|CNP|MLX|MPI,https://www.gsea-msigdb.org/gsea/msigdb/mouse/geneset/GOBP_NUCLEOTIDE_CATABOLIC_PROCESS,166,ENR,GOBP_NUCLEOTIDE_CATABOLIC_PROCESS,-1.8088,2.1899999999999999E-2,GOBP_NUCLEOTIDE_CATABOLIC_PROCESS,FALSE,GOBP_NUCLEOTIDE_CATABOLIC_PROCESS
38,2.6989700043360201,-2.6989700043360201,2.6989700043360201,-0.998,-0.25819999999999999,3.85E-2,1,ITGB2|ITGB2L|TYROBP|DUOX1|ELAVL1|NOXO1|RAC2|SH3PXD2A|TGFB1|CLEC7A|SH3PXD2B|CXCL1|APP|F2RL1|PRG3|FPR2|IL18|CD177|CRP|PON3|AGT|GNAI3|SOD1|CYBA|SOD2|SYK|GSTP1|PRKCD|ABCC1|AKT1|GNAI2|ITGAM|ACP5|AGTR1A|MAPT|CYBB|NOX4|HVCN1|NCF1|NCF2|EGFR|NCF4|NOXA1|EDN1,https://www.gsea-msigdb.org/gsea/msigdb/mouse/geneset/GOBP_SUPEROXIDE_ANION_GENERATION,44,ENR,GOBP_SUPEROXIDE_ANION_GENERATION,-2.0114000000000001,2E-3,GOBP_SUPEROXIDE_ANION_GENERATION,FALSE,GOBP_SUPEROXIDE_ANION_GENERATION
12,2.2218487496163601,-2.2218487496163601,2.2218487496163601,-0.99399999999999999,-0.24129999999999999,5.6500000000000002E-2,1,AMN1|SLC35F3|STRA6|APOA1|TCN2|SLC25A32|TTPA|SLC52A2|SLC52A3|CUBN|SLC19A2|PDPN|SLC19A3|SLC25A19|SLC2A1|FOLR2|SLC2A10|AMN|SLC2A2|SLC2A3|SLC2A4|SLC2A5|SLC2A8|SLC2A9|LRP2|SCARB1|SLC19A1|ABCC1|SLC22A1|ABCC5|RBP4|ABCG2|SLC22A2|ABCG3|CD320|GC|FOLR1|SLC27A1|SLC44A4|SLC46A1|SLC47A1|ABCD4|SLC23A1|SLC23A2|AFM|SLC5A6,https://www.gsea-msigdb.org/gsea/msigdb/mouse/geneset/GOBP_VITAMIN_TRANSPORT,46,ENR,GOBP_VITAMIN_TRANSPORT,-1.8995,6.0000000000000001E-3,GOBP_VITAMIN_TRANSPORT,FALSE,GOBP_VITAMIN_TRANSPORT
8,2.7212463990471698,-2.7212463990471698,2.7212463990471698,-1,-0.2928,0.01,0.752,CES1F|CES1E|CES2A|CES2C|CES2E|CYP1A1|CYP1B1|ADH1|ADH4|DGAT1|ADH7|PNLIP|ALDH1A2|ALDH1A3|HSD17B6|ALDH1A1|ADH6A|AWAT2|DHRS3|DHRS4|DHRS7|LIPE|LRAT|RBP4|PLB1|RDH10|PNPLA2|RDH11|RDH1|RDH13|RDH12|RDH14|SDR16C5|RDH16|RDH5|RDH7|RDH9|RETSAT|SDR9C7|DGAT2|CYP1A2|CES1D|RBP1,https://www.gsea-msigdb.org/gsea/msigdb/mouse/geneset/GOBP_RETINOL_METABOLIC_PROCESS,43,ENR,GOBP_RETINOL_METABOLIC_PROCESS,-2.3117999999999999,0,GOBP_RETINOL_METABOLIC_PROCESS,FALSE,GOBP_RETINOL_METABOLIC_PROCESS
2,2.2146701649892302,-2.2146701649892302,2.2146701649892302,-0.99390000000000001,-0.27750000000000002,6.4500000000000002E-2,1,CCR7|IL4|EFNB1|CD80|EFNB2|VAV1|EFNB3|CD86|EPHB4|CD81|SPN|DPP4|PDCD1LG2|ICOS|EPHB6|TNFRSF13C|TNFRSF14|CARD11|TNFSF13B|TNFSF4|CD320|CD160|CD5|CCL19|LGALS8|CD24A|CD274|CD28|CD3E|LGALS1|CAV1|TNFSF14,https://www.gsea-msigdb.org/gsea/msigdb/mouse/geneset/GOBP_LYMPHOCYTE_COSTIMULATION,32,ENR,GOBP_LYMPHOCYTE_COSTIMULATION,-1.861,6.1000000000000004E-3,GOBP_LYMPHOCYTE_COSTIMULATION,FALSE,GOBP_LYMPHOCYTE_COSTIMULATION
2,2.6989700043360201,-2.6989700043360201,2.6989700043360201,-0.998,-0.17780000000000001,4.5199999999999997E-2,1,LY9|ZC3H12A|CD69|HMGB1|MALT1|PCK1|TGFB1|CLEC4D|PTGER4|MTOR|PF4|ZFP35|NFKBID|NFKBIZ|ITGB6|NLRP3|ITGB8|MEN1|OTUD5|TBK1|BCL3|PIK3R1|EOMES|STAT3|PRKCZ|IL21|ATP7A|FCER1G|ENTPD7|ANXA1|RC3H1|RC3H2|FOXP3|MYB|RELB|CCL19|CCL20|GADD45G|RIPK2|CLEC4E|RORC|SEMA4A|CCR2|IFNG|CCR7|IL4|CD46|HLX|SLAMF6|RARA|TSC1|FGL2|FOXP1|IL12B|SMAD7|SOCS5|SPN|IL18|STAT4|STAT6|IL18R1|IL2|IL23A|OPA1|TBX21|EP300|IL27|SHB|TMEM98|IL4RA|ASCL2|IL6|IL6RA|BATF|BCL6|IRF1|IRF4|TNFSF18|BRD2|TNFSF4|BRD4|GATA3|JAK3|CCR6|GPR183|RORA|LEF1|LGALS1|LOXL3|ZBTB7B,https://www.gsea-msigdb.org/gsea/msigdb/mouse/geneset/GOBP_T_CELL_DIFFERENTIATION_INVOLVED_IN_IMMUNE_RESPONSE,90,ENR,GOBP_T_CELL_DIFFERENTIATION_INVOLVED_IN_IMMUNE_RESPONSE,-1.9661,2E-3,GOBP_T_CELL_DIFFERENTIATION_INVOLVED_IN_IMMUNE_RESPONSE,FALSE,GOBP_T_CELL_DIFFERENTIATION_INVOLVED_IN_IMMUNE_RESPONSE
23,2.7212463990471698,-2.7212463990471698,2.7212463990471698,-1,-0.27760000000000001,1.23E-2,0.84799999999999998,NR1H2|APOA1|APOA2|CES1G|ACSL3|PLA2G10|ABCA5|ABCG1|PLA2G3|PLA2G5|ABCA7|APOB|DGAT1|APOM|LCAT|CIDEB|PNLIP|GPIHBP1|PNLIPRP1|PLAGL2|PNLIPRP2|LPCAT3|PLTP|SH3GL2|SNX9|SOAT1|PLA2G7|SOAT2|SCARB1|APOC3|FECH|MTTP|APOE|BIN1|LIPC|LIPG|MPO|APOA4|APOA5|LPL|NR1H4|APOC1|MFSD2A|PLA2G12B|ABCA1|ARF1|PLA2G2E|CES1D,https://www.gsea-msigdb.org/gsea/msigdb/mouse/geneset/GOBP_PROTEIN_LIPID_COMPLEX_ORGANIZATION,48,ENR,GOBP_PROTEIN_LIPID_COMPLEX_ORGANIZATION,-2.2725,0,GOBP_PROTEIN_LIPID_COMPLEX_ORGANIZATION,FALSE,GOBP_PROTEIN_LIPID_COMPLEX_ORGANIZATION
28,1.6556077263148901,-1.6556077263148901,1.6556077263148901,-0.97789999999999999,-0.27589999999999998,8.0100000000000005E-2,1,LDLR|GPLD1|DDHD2|PLIN5|APOB|PNLIP|GPIHBP1|PNLIPRP1|CPS1|PNLIPRP2|PNPLA1|PNPLA3|PIK3CG|SORL1|FGF21|APOC3|LIPE|APOH|PLB1|AADAC|LIPC|PNPLA2|LIPG|APOA4|APOA5|LPL|APOC2|DAGLB|ABHD5|MGLL,https://www.gsea-msigdb.org/gsea/msigdb/mouse/geneset/GOBP_TRIGLYCERIDE_CATABOLIC_PROCESS,30,ENR,GOBP_TRIGLYCERIDE_CATABOLIC_PROCESS,-1.8028999999999999,2.2100000000000002E-2,GOBP_TRIGLYCERIDE_CATABOLIC_PROCESS,FALSE,GOBP_TRIGLYCERIDE_CATABOLIC_PROCESS
3,2.7212463990471698,-2.7212463990471698,2.7212463990471698,-1,-0.18310000000000001,0,0,OXCT1|PFKFB2|PFKL|PFKP|PGAM2|PGK1|RBKS|SRC|TPI1|AADAT|AKT2|AASDHPPT|ABAT|ABCB11|ABCD2|ABCD3|ABCD4|ABHD1|ABHD2|ABHD3|ACAA1A|ACAA1B|ACAA2|ACAD10|ACAD11|ACAD12|ACAD8|ACAD9|ACADL|ACADS|ACADSB|ACADVL|ACMSD|ACOT4|ACOT7|ACOT8|ACOX2|ACOX3|ACOXL|ACSF3|ACSL5|ADA|ADAL|ADH1|ADH4|ADH5|ADH7|ADIPOQ|AFMID|AGXT|AGXT2|AHCY|AICDA|AIG1|AKR1A1|AKR1C18|AKR1D1|ALDH1A1|ALDH1A7|ALDH1B1|ALDH2|ALDH3B1|ALDH3B2|ALDH4A1|ALDH5A1|ALDH6A1|ALDH8A1|AMDHD1|AMDHD2|APOE|ARG1|ARG2|ASRGL1|ATP2B4|AUH|BAD|BCAT1|BCAT2|BCKDHA|BCKDHB|BCKDK|BDH2|BLMH|CBR3|CBS|CDA|CDADC1|CDO1|CES1D|CES1F|CNR1|CPT1A|CPT1B|CPT2|CRAT|CRYL1|CSAD|CUBN|CYP1A1|CYP24A1|CYP26A1|CYP26B1|CYP27A1|CYP27B1|CYP39A1|CYP46A1|CYP4F13|CYP4F14|CYP4F15|CYP4F18|CYP7A1|DAO|DBI|DBT|DCTD|DCXR|DDAH1|DDO|DECR1|DECR2|DERA|DHDH|ABCD1|DPEP1|DPEP2|DPYD|ACTN3|ECH1|ECHDC1|ECHDC2|AKT1|ECHS1|ECI1|ECI2|ECI3|BCL2L13|EHHADH|ENPP4|ENTPD4|ENTPD7|ESD|FAAH|FABP1|FAH|FTCD|GAD1|GAD2|GALM|GCAT|GCDH|GCSH|GDA|GK5|GLB1|GLB1L|GLB1L2|GLDC|GLO1|GLS|GLS2|GLUD1|GLYCTK|GM1110|GNPDA2|GOT1|GOT2|GPD2|GPT|GPT2|GSTZ1|HAAO|DLAT|HACL1|DLD|HADH|DLST|HADHA|HADHB|HAGH|HAGHL|HAL|HAO1|HDC|HGD|HIBADH|HIBCH|HOGA1|HPD|HSD17B10|HSD17B4|HSD17B6|HSD3B7|IDO1|IDO2|IL4I1|ILVBL|IVD|KLF9|KMO|KYNU|LDHC|LDHD|LIPE|LONP2|LPIN1|LPIN2|LPIN3|LRP5|MAT1A|MCCC1|MCCC2|MFSD2A|MGAT1|MIOX|MLYCD|MTRR|NAALAD2|NAGK|NOS2|NOS3|NPL|NQO2|NUDT1|NUDT19|NUDT3|NUDT5|NUDT7|NUDT8|OAT|OAZ1|OTC|PAH|PCK1|PCK2|PDXP|PEX13|PEX5|PEX7|PHYH|PIPOX|PLIN5|PM20D2|PNKD|PNP|PARK7|PNP2|PON1|PON3|PPARD|PPAT|PPM1K|PRODH|PRODH2|PTEN|QDPR|QPRT|RENBP|SARDH|SCARB1|SCLY|SCP2|SDS|SDSL|SESN2|SHMT1|SLC16A1|SLC16A3|SLC25A17|SLC25A44|SLC27A2|SLC27A4|SORD|SP1|SRD5A3|STRAP|SULT1B1|SULT1E1|SULT2A1|SULT2A2|SULT2A3|SULT2A5|SULT2A6|SULT2A7|SYNJ2|TAT|TDH|TDO2|ETFA|THA1|ETFB|THNSL2|ETFDH|TWIST1|TYSND1|UOX|UPB1|UPP1|UPP2|UROC1|XDH|XYLB|ACADM|ADCY10|ADHFE1|GCK|IRS1|IRS2|KHK|LDHA|MTOR|PFKM|PGM1|SLC25A12|TRP53|AASS|ACACB|ACAT1|ACOX1|ALDH1L1|ALDH1L2|ALDOA|ALDOB|CROT|ENO1|ENO2|ENO3|FOXK1|FOXK2|GALE|GALK1|GALT|GAPDH|GNPDA1|GPI1|HK1|HK2|HMGCL|HMGCLL1|MPI,https://www.gsea-msigdb.org/gsea/msigdb/mouse/geneset/GOBP_SMALL_MOLECULE_CATABOLIC_PROCESS,339,ENR,GOBP_SMALL_MOLECULE_CATABOLIC_PROCESS,-3.9710000000000001,0,GOBP_SMALL_MOLECULE_CATABOLIC_PROCESS,FALSE,GOBP_SMALL_MOLECULE_CATABOLIC_PROCESS
3,2.0969100130080598,-2.0969100130080598,2.0969100130080598,-0.99199999999999999,-0.39589999999999997,5.62E-2,1,SHMT2|GLYAT|SHMT1|NDP|HAO1|GART|GCAT|AGXT|AGXT2|GCSH|BAAT|PHGDH|TDH|GNMT|THA1|GLDC,https://www.gsea-msigdb.org/gsea/msigdb/mouse/geneset/GOBP_GLYCINE_METABOLIC_PROCESS,16,ENR,GOBP_GLYCINE_METABOLIC_PROCESS,-1.9053,8.0000000000000002E-3,GOBP_GLYCINE_METABOLIC_PROCESS,FALSE,GOBP_GLYCINE_METABOLIC_PROCESS
1,2.7212463990471698,-2.7212463990471698,2.7212463990471698,-1,-0.44600000000000001,2.0000000000000001E-4,0.01,NDUFS4|CS|CSL|DLAT|DLST|OGDH|FH1|IDH1|PDHA1|IDH2|PDHB|IDH3A|IDH3B|IDH3G|SDHA|MDH1|SDHAF2|MDH2|SDHB|SDHC|SDHD|MRPS36|SIRT3|ACO1|ACO2|SUCLA2|SUCLG1|SUCLG2|NDP|COL6A1,https://www.gsea-msigdb.org/gsea/msigdb/mouse/geneset/GOBP_TRICARBOXYLIC_ACID_CYCLE,30,ENR,GOBP_TRICARBOXYLIC_ACID_CYCLE,-2.9209999999999998,0,GOBP_TRICARBOXYLIC_ACID_CYCLE,FALSE,GOBP_TRICARBOXYLIC_ACID_CYCLE
5,2.3665315444204098,-2.3665315444204098,2.3665315444204098,-0.99570000000000003,-0.125,5.6899999999999999E-2,1,NDUFA4|NEDD4|NEDD4L|APOA2|NLGN3|NR3C2|OSR1|OXSR1|PCSK9|PHB2|PKD2|PLN|NDFIP1|PARK7|PPIF|GPD1L|PTPN3|RANGRF|RELN|GSTM7|SNCA|RIPK1|PRKCD|RNF207|SCN1B|SCN2B|SCN3B|SCN4B|SLC9A1|CHRM3|SLMAP|ABCC9|SLN|SRI|STAC|KCTD7|STAC2|STAC3|STIM1|STIM2|MYO5A|STK39|SUMO1|TESC|NPPA|TLR9|TMEM168|TRPC6|UBQLN1|VAMP2|VMP1|WNK2|ADIPOQ|WWP2|YWHAE|YWHAH|FMR1|ABCB1A|ABCB1B|ACTN2|ADRB2|AGRN|SCO1|AHNAK|CRHBP|AKAP6|AKAP7|AKAP9|ANK2|ANK3|SLC5A1|SLC5A11|PLCB1|ASPH|SLC5A3|ATP1B2|ATP1B3|ATP2A1|BCL2|CACNA1D|CACNA1F|CACNB2|INS1|SPHK2|CACNB3|INS2|CALM1|CALM2|CALM3|CAMK2D|CASQ1|CASQ2|CAV3|CFTR|CNKSR3|CRBN|CTSS|CNIH2|DMD|CTTNBP2NL|DAPK1|NLGN1|DRD4|DYSF|HTT|EDNRA|GSG1L|EHD3|MAPK8IP2|MINK1|ATP7A|NLGN2|PLCG2|FGF12|FGF13|FGF14|PIM1|FHL1|ACE2|FKBP1A|PRRT1|FKBP1B|RASGRF1|FXYD1|RASGRF2|FXYD2|SHANK1|SHISA7|TACO1|SHISA9|GAL|CAV1|GALR2|GNB5|GOPC|GPR35|NDFIP2|SYNGR3|GRP|GSTO1|HAP1|HOMER1|HPCA|HRC|HSPA2|IKBKB|ITGB1|JPH2|COX17|JPH3|ACTB|JSRP1|KCNAB1|KCNE1|KCNE2|KCNE3|KCNJ1|AHCYL1|KCNJ8|ATP1B1|KCNQ1|KCNRG|HAMP|HAMP2|CACNB4|LRRC26|LRRC52|LRRC55|MMP9|EDN1,https://www.gsea-msigdb.org/gsea/msigdb/mouse/geneset/GOBP_REGULATION_OF_TRANSPORTER_ACTIVITY,170,ENR,GOBP_REGULATION_OF_TRANSPORTER_ACTIVITY,-1.8943000000000001,4.3E-3,GOBP_REGULATION_OF_TRANSPORTER_ACTIVITY,FALSE,GOBP_REGULATION_OF_TRANSPORTER_ACTIVITY
7,2.7212463990471698,-2.7212463990471698,2.7212463990471698,-1,-0.27529999999999999,2.0000000000000001E-4,0.01,KNG2|LGALS3|LTF|RPS19|MBL1|MBL2|NTS|PGLYRP1|PGLYRP3|PGLYRP4|DAO|PPBP|POMC|ROMO1|C8A|C8B|SPAG11B|C8G|C9|CAMP|CCL1|TAC1|CCL11|SCNN1B|CCL17|CCL19|CCL20|CCL22|CCL25|NCF1|CCL27A|CCL28|CCL8|IFNG|NPPB|BCL2L11|CLEC7A|CXCL1|F2RL1|FGL2|GBP2|GBP3|GBP5|GBP7|GM12250|GZMA|CTSG|GZMB|GZMC|CXCL10|IGTP|CXCL11|IRGM2|CXCL12|LYZ1|CXCL13|LYZ2|CXCL14|MYD88|NINJ1|CXCL5|NKG7|CXCL9|NLRP6|PCYOX1L|PRF1|SYK|ELANE|TREM1|TREM3|TUSC2|F2|FCER2A|GAPDH|ARG1|BAD|HAMP|HAMP2|HC|HMGN2|HRG|NOS2|RPL30|KNG1,https://www.gsea-msigdb.org/gsea/msigdb/mouse/geneset/GOBP_KILLING_OF_CELLS_OF_ANOTHER_ORGANISM,84,ENR,GOBP_KILLING_OF_CELLS_OF_ANOTHER_ORGANISM,-2.9270999999999998,0,GOBP_KILLING_OF_CELLS_OF_ANOTHER_ORGANISM,FALSE,GOBP_KILLING_OF_CELLS_OF_ANOTHER_ORGANISM
31,1.8068754016455399,-1.8068754016455399,1.8068754016455399,-0.98440000000000005,-0.12720000000000001,8.77E-2,1,N6AMT1|ZFP473|POLR2G|PAXIP1|HNF1A|LETMD1|IKZF1|TET2|WBP2|SIRT7|ASH2L|ATAD2|MED13|ATAD2B|CAND1|CCNH|CDK7|DHX36|CTNNBIP1|DPY30|DR1|FAM47E|GLYR1|GTF2A1|GTF2A1L|GTF2A2|GTF2B|GTF2E1|GTF2E2|GTF2F1|TAF9|GTF2F2|GTF2H1|MED23|FOXO1|TRMT112|HNF1B|KDM1B|KDM2A|L3MBTL3|LCOR|MAZ|MED10|MED11|MED12|MED14|NKX2-5|PADI2|HEY2|MED15|MED16|MED17|MED18|AICDA|MED19|MED20|MED21|MED22|MED24|MED25|MED26|MED27|SMARCA4|MED28|SMARCB1|MED29|MED30|MED31|SMARCD1|MED4|MED6|MED7|MED8|ESR1|MED9|NFKBIA|PABPC1L|PHF2|POLR2D|POLR2I|TAF8|POU5F1|SRF|PSMC6|PWWP2A|RBBP5|SETD1A|MYOCD|ERCC2|SUB1|TAF1|TAF11|TAF13|TAF2|HMGB1|TAF3|TAF4B|TAF5|TAF6|TAF7|SPHK2|TBP|TET1|WNT10B|MED1|TET3|USP21|VPS72|CREB1|WDR5|XPA|ZFP451|EGR1|RBM14|ZNHIT1|AHR|MEN1|MNAT1|GTF2H5|TAF10|TAF12|TAF6L|THRA|ERCC1|ATF2|OGG1|ERCC3|ERCC6|APEX1|TRP53|KDM1A|EP300|SAMD1|BRD7|ZMPSTE24|MYC|NR3C1|APOBEC1|APOBEC2|NFKB1|BMYC,https://www.gsea-msigdb.org/gsea/msigdb/mouse/geneset/GOBP_TRANSCRIPTION_INITIATION_AT_RNA_POLYMERASE_II_PROMOTER,141,ENR,GOBP_TRANSCRIPTION_INITIATION_AT_RNA_POLYMERASE_II_PROMOTER,-1.7759,1.5599999999999999E-2,GOBP_TRANSCRIPTION_INITIATION_AT_RNA_POLYMERASE_II_PROMOTER,FALSE,GOBP_TRANSCRIPTION_INITIATION_AT_RNA_POLYMERASE_II_PROMOTER
42,2.7212463990471698,-2.7212463990471698,2.7212463990471698,-1,-0.77500000000000002,0,0,EEF2|RPL10|RPL10A|RPL12|RPL13|RPL13A|RPL14|RPL15|RPL17|RPL22|RPL23|RPL23A|RPL24|RPL26|RPL27|RPL27A|RPL28|RPL29|RPL32|RPL34|RPL35|RPL35A|RPL36|RPL36A|RPL37|RPL37A|RPL38|RPL4|RPL5|RPL6|RPL7|RPL7A|RPL8|RPL9|RPLP2|RPS10|RPS11|RPS12|RPS14|RPS15A|RPS16|RPS24|RPS26|RPS27|RPS27A|RPS28|RPS5|UBA52,https://www.gsea-msigdb.org/gsea/msigdb/mouse/geneset/GOBP_TRANSLATION_AT_SYNAPSE,48,ENR,GOBP_TRANSLATION_AT_SYNAPSE,-6.3563999999999998,0,GOBP_TRANSLATION_AT_SYNAPSE,FALSE,GOBP_TRANSLATION_AT_SYNAPSE
41,2.7212463990471698,-2.7212463990471698,2.7212463990471698,-1,-0.32319999999999999,6.0000000000000001E-3,0.53200000000000003,ZC3H12A|DDIT3|HMGB1|SH2D1B1|HAVCR2|SLAMF1|C1QBP|RARA|NOD2|PGLYRP1|PGLYRP3|PGLYRP4|SCGB1A1|PRNP|IL1RL1|GAS6|IL20RB|CD96|TLR4|NLRP6|PDCD1LG2|AXL|IL33|IL10|IRGM1|TNFSF4|GATA3|CD276|GIMAP3|GIMAP5|FOXP3|LAPTM5|NR1H4|CD274|LGALS9|PGLYRP2|XCL1,https://www.gsea-msigdb.org/gsea/msigdb/mouse/geneset/GOBP_NEGATIVE_REGULATION_OF_TYPE_II_INTERFERON_PRODUCTION,37,ENR,GOBP_NEGATIVE_REGULATION_OF_TYPE_II_INTERFERON_PRODUCTION,-2.4024999999999999,0,GOBP_NEGATIVE_REGULATION_OF_TYPE_II_INTERFERON_PRODUCTION,FALSE,GOBP_NEGATIVE_REGULATION_OF_TYPE_II_INTERFERON_PRODUCTION
13,2.7212463990471698,-2.7212463990471698,2.7212463990471698,-1,-0.3337,1.4E-3,0.112,CYB5R4|CPOX|SLC25A39|CYP1A1|SLC6A9|UROS|CYP2A5|FXN|SLCO1A6|SLCO1B2|ABCB10|ABCB6|ABCB7|ALAD|ALAS1|HNF1A|ALAS2|ANK1|BLVRB|COX15|EIF2AK1|FECH|HEBP1|HMBS|HMOX1|HMOX2|IREB2|BLVRA|PGRMC1|PPOX|RSAD1|TMEM14A|SLC11A2|SLC48A1|SNX3|SRRD|TMEM14C|UGT1A1|BDH2|COX10|UROD|HPX|CYP1A2,https://www.gsea-msigdb.org/gsea/msigdb/mouse/geneset/GOBP_PORPHYRIN_CONTAINING_COMPOUND_METABOLIC_PROCESS,43,ENR,GOBP_PORPHYRIN_CONTAINING_COMPOUND_METABOLIC_PROCESS,-2.6301000000000001,0,GOBP_PORPHYRIN_CONTAINING_COMPOUND_METABOLIC_PROCESS,FALSE,GOBP_PORPHYRIN_CONTAINING_COMPOUND_METABOLIC_PROCESS
6,1.99567862621736,-1.99567862621736,1.99567862621736,-0.9899,-0.40510000000000002,6.1899999999999997E-2,1,PAWR|ACTN3|NPPC|PDE4D|ABCC8|TIFAB|CAMK2D|CAMK2G|HRC|PLN|AKAP6|SLN|SRI|CHGA|TTN,https://www.gsea-msigdb.org/gsea/msigdb/mouse/geneset/GOBP_REGULATION_OF_RELAXATION_OF_MUSCLE,15,ENR,GOBP_REGULATION_OF_RELAXATION_OF_MUSCLE,-1.87,1.01E-2,GOBP_REGULATION_OF_RELAXATION_OF_MUSCLE,FALSE,GOBP_REGULATION_OF_RELAXATION_OF_MUSCLE
40,2.7212463990471698,-2.7212463990471698,2.7212463990471698,-1,-0.50729999999999997,3.7000000000000002E-3,0.33500000000000002,DEFB1|DEFB2|DEFB37|IL4|CLDN2|DEFB40|LTF|EAR1|EAR2|EAR6|NOD2|CAMP|APOA4|PLA2G1B|DEFB11|FAU|RPL39,https://www.gsea-msigdb.org/gsea/msigdb/mouse/geneset/GOBP_INNATE_IMMUNE_RESPONSE_IN_MUCOSA,17,ENR,GOBP_INNATE_IMMUNE_RESPONSE_IN_MUCOSA,-2.4807000000000001,0,GOBP_INNATE_IMMUNE_RESPONSE_IN_MUCOSA,FALSE,GOBP_INNATE_IMMUNE_RESPONSE_IN_MUCOSA
14,2.0087739243075098,-2.0087739243075098,2.0087739243075098,-0.99019999999999997,-0.14610000000000001,0.04,1,EPHX1|FABP5|FADS1|GGT5|GPX1|TLR2|GPX4|TLR4|GSTA1|GSTM1|GSTM3|GSTM6|GSTP1|GSTP2|HPGD|HPGDS|LTC4S|MAPK9|NCF1|MGLL|MGST3|CYP1A2|MIF|PDPN|PIBF1|PLA2G10|PLA2G2F|PLA2G3|PLA2G4A|PLA2G4F|PLA2G5|PLAA|PNPLA8|AKR1C18|PTGDS|PTGES|PTGES2|PTGIS|SYK|PTGR1|PTGR2|PTGS1|PTGS2|SCO1|SIRT1|COMT|SPHK1|TBXAS1|TNFRSF1A|LTA4H|MGST2|PRG3|CYP4F13|CYP4F14|CYP4F15|CYP4F18|ALOX5|AHR|AKR1B7|AKR1C12|AKR1C13|AKR1C14|AKR1C19|AKR1C20|AKR1C21|AKR1C6|AKR1CL|DPEP1|DPEP2|ALOX12|ALOX12B|ALOX12E|ABCC1|ALOX15|ABCC10|ALOX5AP|ALOX8|ALOXE3|FCER1A|ANXA1|PTGES3|AVP|AVPR1A|CD74|ACOX1|CES2A|CES2B|CES2C|CES2E|CES2F|CES2G|CTHRC1|CYP1B1|CYP2A12|CYP2A22|CYP2A4|CYP2A5|CYP2B10|CYP2B13|CYP2B19|CYP2B9|CYP2C29|CYP2C37|CYP2C38|CYP2C40|CYP2C50|CYP2C54|CYP2C55|CYP2D10|CYP2D12|CYP2D22|CYP2D26|CYP2D34|CYP2D9|CYP2E1|CYP2F2|CYP2G1|CYP2J11|CYP2J13|CYP2J5|CYP2J6|CYP2J9|CYP2S1|CYP2U1|CYP4A10|CYP4A12A|CYP4A12B|CYP4A14|CYP4A31|ATP6V1B1|CYP4A32|DAGLA|DAGLB|IL1B|EDN1|EDN2,https://www.gsea-msigdb.org/gsea/msigdb/mouse/geneset/GOBP_ICOSANOID_METABOLIC_PROCESS,136,ENR,GOBP_ICOSANOID_METABOLIC_PROCESS,-1.9967999999999999,9.7999999999999997E-3,GOBP_ICOSANOID_METABOLIC_PROCESS,FALSE,GOBP_ICOSANOID_METABOLIC_PROCESS
9,2.7212463990471698,-2.7212463990471698,2.7212463990471698,-1,-0.14990000000000001,2.9999999999999997E-4,1.6E-2,PWP1|PWP2|RBFA|RBM10|RBM34|RPL14|RCL1|REXO1|REXO4|RIOK1|RIOK2|RIOK3|RPL24|RNASEL|RPL26|RPF1|RPL27|RPF2|RPL7L1|RPP25|RPP30|RPP38|RPL35|RPP40|RPL35A|RPS19BP1|RPS27L|RPUSD1|RPUSD2|RRN3|RPL38|RRP1|RRP15|RPL5|RRP1B|RRP36|RPL7|RRP7A|RPL7A|RRP8|RRP9|RRS1|RSL24D1|RPS11|RPS12|SART1|RPS14|RPS15A|SBDS|RPS16|RPS24|SDAD1|RPS27|RPS27A|RPS28|RPS5|SIRT7|DHX29|SRFBP1|SURF6|SUV39H1|TBL3|TRMT112|TRMT2B|TSC1|TSR1|TSR2|URB1|NUDT16|URB2|USP16|USP36|UTP14A|UTP14B|UTP15|EIF5|UTP18|UTP20|FAU|UTP23|UTP3|UTP6|WBP11|WDR12|WDR18|WDR3|WDR36|WDR43|WDR46|WDR55|WDR74|WDR75|XPO1|XRCC5|YBEY|ZCCHC4|ZFP593|ZFP622|ZFP658|ZNHIT3|RAN|ZNHIT6|RPL11|RPLP0|RPS13|RPS15|RPS17|RPS19|RPS21|RPS23|RPS25|RPS4X|RPS6|RPS7|RPS8|RPS9|RPSA|YTHDF2|PTEN|AATF|ABCF1|ABT1|BMS1|BOP1|BRIX1|BYSL|MYBBP1A|C1D|CDKN2A|C1QBP|CHD7|FASTKD2|CINP|CUL4A|CUL4B|DCAF13|DDX10|DDX17|MPV17L2|DDX18|MRPL10|DDX21|DDX27|DDX28|DDX31|DDX3X|DDX47|DDX49|DDX51|DDX52|DDX54|DDX56|DHX30|DHX37|DICER1|DIMT1|DIS3|DKC1|DNTTIP2|DROSHA|EBNA1BP2|EIF1A|EIF1AX|EIF2A|EIF4A3|EIF5B|EMG1|ERAL1|ERCC2|ERI1|ESF1|EXOSC1|EXOSC10|EXOSC2|EXOSC3|EXOSC4|EXOSC5|EXOSC6|EXOSC7|EXOSC8|EXOSC9|FBL|FCF1|FDXACB1|FRG1|FTSJ3|GAR1|GLUL|GNL2|MRPS2|GNL3L|GREB1L|GRWD1|GTF2H5|GTF3A|GTPBP10|GTPBP4|HEATR1|HEATR3|IMP3|IMP4|IPO4|IPO9|MRPS7|ISG20|ISG20L2|KRI1|KRR1|LAS1L|LSG1|NGRN|NSUN3|NSUN4|LSM6|LTV1|LYAR|MAK16|RPUSD4|MCAT|MDN1|METTL15|METTL16|METTL17|METTL5|MPHOSPH10|MPHOSPH6|MPV17L|MRM1|MRTO4|MYG1|NAF1|NAT10|NCL|NGDN|NHP2|NIP7|NLE1|NMD3|NOA1|NOB1|NOC2L|NOC4L|NOL10|NOL11|NOL6|TFB1M|NOL7|TFB2M|NOL8|NOL9|EIF6|NOM1|NOP10|NOP14|NOP16|NOP2|NOP56|NOP58|NPM1|NPM3|NSA2|NSUN5|NUP88|NVL|PA2G4|PAK1IP1|PDCD11|PELP1|PES1|PIH1D1|PIH1D2|PIN4|PNO1|POP4|POP5|POP7|PPAN|PRKDC|KAT2B,https://www.gsea-msigdb.org/gsea/msigdb/mouse/geneset/GOBP_RIBOSOME_BIOGENESIS,279,ENR,GOBP_RIBOSOME_BIOGENESIS,-2.8475999999999999,0,GOBP_RIBOSOME_BIOGENESIS,FALSE,GOBP_RIBOSOME_BIOGENESIS
18,2.7212463990471698,-2.7212463990471698,2.7212463990471698,-1,-0.18959999999999999,1.04E-2,0.77300000000000002,SLC31A1|SLC39A11|SLC39A12|SLC39A4|SLC39A6|STEAP2|TRPM1|P2RX1|P2RX5|PPP3CA|SLC12A2|PPP3CB|PPP3CC|SLC9A9|PPP3R1|PRNP|CACNA1S|TRPV4|SCN5A|SLC30A1|SCNN1B|SLC8A1|SLC9A1|SLC9A6|ABCC9|ATP12A|ATP1A1|IFNG|HCN2|HCN4|WNK1|WNK2|WNK4|SCNN1A|SCNN1G|SLC39A10|KCND3|SLC12A1|SLC12A3|ADRB1|ADRB2|SLC24A2|AGTR1A|SLC39A14|AKAP5|SLC34A1|TRPM4|ANK3|SLC5A1|SLC5A2|ATP1B2|ATP1B3|ATP4A|SLC5A6|SLC8A2|SLC9A2|CACNA1C|SLC9A3|CACNA1D|SLC9A4|CACNA1F|SLC9A5|SLC9A7|TRPM2|DLG1|FXYD2|AQP8|ATP1A3|FYN|CAV1|CACNA1A|PAWR|SLC30A8|SLC39A5|GRM6|SLC39A8|TRPV6|TRPV2|SLC30A5|ISCU|KCNE2|KCNH2|KCNJ1|KCNJ10|KCNJ11|KCNJ12|KCNJ13|KCNJ15|KCNJ16|SLC12A5|KCNJ2|KCNJ5|KCNJ6|KCNJ8|ATP1A2|ATP1B1|KCNN4|SLC11A2|KCNQ1|LCN2|CACNA1E|KCNK5|SLC12A4|SLC12A6|MS4A1|SLC12A7|SLC12A8,https://www.gsea-msigdb.org/gsea/msigdb/mouse/geneset/GOBP_INORGANIC_ION_IMPORT_ACROSS_PLASMA_MEMBRANE,107,ENR,GOBP_INORGANIC_ION_IMPORT_ACROSS_PLASMA_MEMBRANE,-2.3010000000000002,0,GOBP_INORGANIC_ION_IMPORT_ACROSS_PLASMA_MEMBRANE,FALSE,GOBP_INORGANIC_ION_IMPORT_ACROSS_PLASMA_MEMBRANE
8,1.86012091359876,-1.86012091359876,1.86012091359876,-0.98619999999999997,-0.1071,6.4399999999999999E-2,1,CTNS|ADAM10|CYP3A11|CYP3A44|POR|SULT1A1|UGT2B1|ALDH1A2|ALDH1A3|BCO2|BMP2|BMP5|DGKQ|BMP6|ADH6A|CACNA1H|AWAT2|CLCN2|CYP11A1|DAB2|DHRS3|DHRS4|DHRS7|DKK3|EDNRB|KCNMA1|LRAT|RBP4|PLB1|RDH10|PNPLA2|RDH11|RDH1|RDH13|RDH12|SCNN1B|RDH14|SDR16C5|RDH16|WNT4|RDH5|RDH7|RDH9|RETSAT|SDR9C7|ATP1A1|DIO1|NR5A2|ECE1|SLC16A2|ADH1|ADH4|ADH7|AKR1C18|PAPSS2|AKR1D1|ALDH1A1|ALDH1A7|CTSB|CTSK|DIO2|DIO3|DUOXA1|DUOXA2|ALDH8A1|GCNT4|PDE8B|TG|SLC5A5|CES1D|CES1F|CYP1A1|CYP26A1|AFP|CYP26B1|CYP27A1|CYP27B1|CYP17A1|CYP46A1|DHRS9|EGR1|HSD17B1|ADM|HSD3B4|AGT|INHBA|SRD5A1|STAR|AKR1C12|STARD3|AKR1C13|STAT5B|AKR1C14|DDO|AKR1C19|AKR1C20|AKR1C21|AKR1C6|STUB1|AKR1CL|CTSL|ACE|ACE2|PTPN11|FURIN|HPN|GAL|CACNA1A|CES1E|CES2A|CES2C|CES2E|CRABP2|CORIN|SLC30A5|CYP1B1|NAGLU|IDE|HSD17B10|HSD17B4|HSD17B6|CYP2C55|CYP2D22|IL4I1|ATP6AP2|KLF9|SPP1|ZMPSTE24|LIPE|CYP2S1|GATA3|KCNJ6|NR3C1|DGAT2|RBP1|BBS1|CPE|DISP1|ECE2|FOXA1|HSP90B1|MEP1A|MYT1|PCSK1N|PCSK2|PCSK4|PCSK5|PCSK6|SCG5|YIPF5|SLC16A10|RELN|SCARB1|SCP2|HSD17B12|SP1|STRAP|SULT1B1|SULT1E1|SULT2A1|SULT2A2|SULT2A3|SULT2A5|SULT2A6|SULT2A7|CYP1A2|FFAR3|CHST8|SHH|PNLIP|PPARGC1A|GHR|BMPR1B|CHST10|DHRS11|ANPEP|CPA3|ESR1|ENPEP|CRHBP|MME|PDGFRA|SGPL1|PRCP|COMT|PREP|GFI1|ENPP1|GH|GNB3|HSD17B11|PAX8|HSD17B2|HSD17B7|IGF1R|IGF1|IGF2|INS2|MED1|PRMT3|PLEKHA1|SLCO1C1|SLCO4A1|TIPARP|HTT|UGT1A7C|UGT2B35|IYD|UGT2B36|PCSK1|UGT2B5|REST|HSD3B2|HSD3B3|HSD3B6|P4HB|SAFB|TCF7L2|SLC30A8|HFE|STC2|ARNT|CRYM|DGAT1|FDX1|H6PD|HIF1A|NFKB1|UGT1A1|HSD11B1,https://www.gsea-msigdb.org/gsea/msigdb/mouse/geneset/GOBP_HORMONE_METABOLIC_PROCESS,230,ENR,GOBP_HORMONE_METABOLIC_PROCESS,-1.8606,1.38E-2,GOBP_HORMONE_METABOLIC_PROCESS,FALSE,GOBP_HORMONE_METABOLIC_PROCESS
6,1.5951662833800599,-1.5951662833800599,1.5951662833800599,-0.97460000000000002,-0.24010000000000001,9.11E-2,1,NUP155|NEDD4L|CACNA1C|CACNA1D|DSC2|DSG2|CACNA2D1|DSP|CACNB2|PKP2|GJA5|CAV3|GPD1L|KCNE1|KCNE2|JUP|KCNE3|DLG1|KCNH2|KCND3|KCNE4|RNF207|RYR2|SCN1B|SCN2B|SCN3B|SCN4B|BIN1|KCNJ2|SCN5A|KCNJ5|KCNJ8|KCNN2|TRPM4|FLNA|KCNQ1|ANK2|SNTA1|KCNA5|CAV1|CTNNA3,https://www.gsea-msigdb.org/gsea/msigdb/mouse/geneset/GOBP_CARDIAC_MUSCLE_CELL_ACTION_POTENTIAL_INVOLVED_IN_CONTRACTION,41,ENR,GOBP_CARDIAC_MUSCLE_CELL_ACTION_POTENTIAL_INVOLVED_IN_CONTRACTION,-1.7650999999999999,2.5399999999999999E-2,GOBP_CARDIAC_MUSCLE_CELL_ACTION_POTENTIAL_INVOLVED_IN_CONTRACTION,FALSE,GOBP_CARDIAC_MUSCLE_CELL_ACTION_POTENTIAL_INVOLVED_IN_CONTRACTION
13,2.3872161432802601,-2.3872161432802601,2.3872161432802601,-0.99590000000000001,-0.41120000000000001,6.0000000000000001E-3,0.52500000000000002,ABCB7|ALAD|ALAS1|HNF1A|ALAS2|CPOX|SLC25A39|COX15|FECH|SLC6A9|HMBS|IREB2|PGRMC1|PPOX|TMEM14A|SLC11A2|UROS|FXN|SNX3|SRRD|TMEM14C|COX10|UROD|ABCB10,https://www.gsea-msigdb.org/gsea/msigdb/mouse/geneset/GOBP_HEME_BIOSYNTHETIC_PROCESS,24,ENR,GOBP_HEME_BIOSYNTHETIC_PROCESS,-2.4034,4.1000000000000003E-3,GOBP_HEME_BIOSYNTHETIC_PROCESS,FALSE,GOBP_HEME_BIOSYNTHETIC_PROCESS
18,2.67778070526608,-2.67778070526608,2.67778070526608,-0.99790000000000001,-0.27939999999999998,2.64E-2,0.99399999999999999,HCN2|HCN4|SLC12A2|WNK1|WNK2|WNK4|KCNE2|DLG1|KCNH2|KCND3|SLC12A1|SLC12A3|KCNJ1|KCNJ10|KCNJ11|KCNJ12|KCNJ13|KCNJ15|KCNJ16|SLC12A5|KCNJ2|KCNJ5|KCNJ6|KCNJ8|ATP1A2|ATP1B1|KCNQ1|ABCC9|FXYD2|ATP12A|ATP1A1|ATP1A3|ATP1B2|KCNK5|ATP1B3|SLC12A4|SLC12A6|ATP4A|SLC12A7|SLC12A8,https://www.gsea-msigdb.org/gsea/msigdb/mouse/geneset/GOBP_POTASSIUM_ION_IMPORT_ACROSS_PLASMA_MEMBRANE,40,ENR,GOBP_POTASSIUM_ION_IMPORT_ACROSS_PLASMA_MEMBRANE,-2.1164999999999998,2.0999999999999999E-3,GOBP_POTASSIUM_ION_IMPORT_ACROSS_PLASMA_MEMBRANE,FALSE,GOBP_POTASSIUM_ION_IMPORT_ACROSS_PLASMA_MEMBRANE
2,2.7212463990471698,-2.7212463990471698,2.7212463990471698,-1,-0.1075,1.09E-2,0.79900000000000004,DHPS|DLG5|DOCK8|MALT1|P2RX7|RAG2|EFNB1|ERBB2|ENPP3|FGF10|FLT3|NCKAP1L|FLT3L|NDFIP1|GLMN|NFKBIZ|GNRH1|GPNMB|H2-AA|H2-DMB2|TBK1|TIRAP|TLR4|AIF1|CNN2|PDCD1LG2|CSF1|PKN1|SLC4A1|IGFBP2|IHH|IKZF3|IL15|IMPDH1|PRKCD|IMPDH2|PRKCQ|IL21|IL2RA|IL5|PYCARD|IL7|MAPK1|ITCH|ITGAL|RC3H1|CD38|KITL|RC3H2|LAPTM5|WNT4|LMO1|LRRC32|RIPK2|CHRNB2|GREM1|LST1|RIPK3|MAD1L1|MAPK8IP1|IL34|MPL|NCK2|SASH3|NR5A2|ITGB2|SIGLECG|PELI1|PRDX2|SLAMF1|PRLR|SLAMF6|RAC2|SLC11A1|RASAL3|SLFN1|F2RL1|RASGRP1|SLFN2|MSN|RASSF5|ADA|SPN|STAT4|STAT6|SCGB1A1|SCRIB|SDC4|SFTPD|TARM1|MYD88|SH3RF1|SHB|TFRC|SLC39A10|SYK|TNFRSF13B|TNFRSF13C|KIT|TNFRSF14|TNFRSF1B|TNFSF13|ABL1|PDE5A|TNFSF13B|TNFSF18|TNFSF4|NCK1|SOS1|TRAF6|ARG1|SOS2|ARG2|SOX11|STAT5A|PCYT1A|TYK2|TCF3|TGFBR2|TICAM1|VTCN1|TNFRSF4|BAP1|TNFRSF9|CCND3|ZAP70|CD151|TNFSF9|CLU|ZBTB7B|BCL2|CRIP3|CSF2|TSC2|BMP4|CSF2RA|TSPAN32|DOCK2|TWSG1|EBI3|ELF4|TYROBP|HELLS|IFNAR2|VAV3|ITGAD|VCAM1|ITGAX|LMBR1L|NFIX|TGFB1|WNT3A|OCSTAMP|PHF7|PSMB10|TREM2|ZC3H12D|PURA|RPS3|PTK2|SATB1|RPS6|SH2D2A|ZFP335|ST6GAL1|CD19|ZBTB32|CD4|ZNHIT1|AHR|AZI2|CORO1A|BMI1|STAT5B|KCTD9|DLG1|TACR1|BID|ANXA1|CCL12|FKBP1A|FKBP1B|CCL19|FYN|GAL|CCL5|CD74|CEACAM1|CCR2|CCR7|CD37|CD46|CD55|CD59A|CD59B|DNAJA3|CD81|CFB|IL13|NPR3|CR2|CRP|GJA1|CX3CL1|IL1A|CXCL12|IDO1|IL4I1|FCGR2B|MYC|ITGAM|NDP|NF1|FOXJ1|NMB|ALKBH5|GPR183|H2-T23|PLA2G2D|IL1B|LYN|LGALS3|MEF2C|PPP3CA|PNP|PRNP|CD180|GPAM|PTPN6|PTEN|PTPN22|PTPRC|GSTP1|HHEX|TAC1|TNFRSF21|VSIG4|BAX|PLCL2|MIF|XCL1|TCIRG1|IFNG|ATM|IL4|TLR9|CDKN2A|SHH|PLA2G2F|PLA2G5|ARMC5|CASP3|AGER|ATAD5|BCL6|BTK|BTLA|PRKAR1A|CD1D1|CD1D2|CD24A|CD27|CD274|SLC4A2|CD28|CD3E|CD40|CD40LG|CD44|GSK3B|CD70|HMGB1|CD79A|IGF1|IGF2|CD80|IL6ST|CD86|SLC7A1|IRS2|JUNB|CLEC4G|CRTAM|CSF2RB|CSF2RB2|CTLA4|MAPK3|CD300A|NCSTN|EMP2|NFATC2|CTNNB1|EPHB2|CXCR4|EPHB6|FADD|TNFSF11|HES1|FOSL2|FOXP3|GAPT|CD209D|CEBPB|H2-DMB1|H2-M3|TRP53|PAWR|HAVCR2|HSPD1|ICOSL|IL12A|IL12B|IL12RB1|IL18|IL2|IL20RB|IL23A|IL27|ADK|IL33|BLM|IL10|IL6|IL7R|BST1|IL9R|IRGM1|BTNL2|INPP5D|CARD11|IRF1|CBLB|CCDC88B|CD209A|CD209C|JAK2|CD209E|JAK3|CD22|CD276|CD320|CD6|CDKN1A|BCL2L1|CLEC2I|CSF1R|LEF1|LIPA|LGALS9,https://www.gsea-msigdb.org/gsea/msigdb/mouse/geneset/GOBP_LEUKOCYTE_PROLIFERATION,349,ENR,GOBP_LEUKOCYTE_PROLIFERATION,-2.2902,0,GOBP_LEUKOCYTE_PROLIFERATION,FALSE,GOBP_LEUKOCYTE_PROLIFERATION
30,2.3767507096021001,-2.3767507096021001,2.3767507096021001,-0.99580000000000002,-0.1895,5.6300000000000003E-2,1,LTF|RPS19|MPEG1|MR1|MMP7|SERPINE1|TREM2|NPY|CD4|NFKBIZ|ADM|DAO|PRKD1|B2M|TLR4|RARRES2|REG3B|UMOD|REG3G|RNASE6|ROMO1|PYCARD|CAMP|TAC1|TFEB|AQP1|CASP1|TSLP|CHGA|DEFB11|DEFB19|DEFB2|DEFB4|TLR9|DEFB40|DEFB42|DEFB6|SLC11A1|APP|F2RL1|IL12B|CTSG|IGTP|IRGM2|LYZ1|IL23A|LYZ2|GSDMD|CXCL5|HMGB2|DEFB1|DEFB37|IIGP1|DMBT1|ELANE|TREM1|IL22RA1|TNFRSF14|TREM3|TUSC2|F2|IRGM1|LALBA|LBP|CD160|DROSHA|NAIP5|HAMP|HAMP2|NOD1|OPTN|PELI3|RPL30,https://www.gsea-msigdb.org/gsea/msigdb/mouse/geneset/GOBP_DEFENSE_RESPONSE_TO_GRAM_NEGATIVE_BACTERIUM,73,ENR,GOBP_DEFENSE_RESPONSE_TO_GRAM_NEGATIVE_BACTERIUM,-1.8983000000000001,4.1999999999999997E-3,GOBP_DEFENSE_RESPONSE_TO_GRAM_NEGATIVE_BACTERIUM,FALSE,GOBP_DEFENSE_RESPONSE_TO_GRAM_NEGATIVE_BACTERIUM
36,2.0969100130080598,-2.0969100130080598,2.0969100130080598,-0.99199999999999999,-0.38109999999999999,3.8699999999999998E-2,1,ACR|GNAL|ADORA2B|CACNA1C|CACNA1D|RAF1|CALCA|NF1|CALCR|FXN|ORAI1|ADCY1|ADCY2|ADCY3|ISCU|NOS3|ADCY4|STIM1|ADCY7,https://www.gsea-msigdb.org/gsea/msigdb/mouse/geneset/GOBP_POSITIVE_REGULATION_OF_LYASE_ACTIVITY,19,ENR,GOBP_POSITIVE_REGULATION_OF_LYASE_ACTIVITY,-2.0116999999999998,8.0000000000000002E-3,GOBP_POSITIVE_REGULATION_OF_LYASE_ACTIVITY,FALSE,GOBP_POSITIVE_REGULATION_OF_LYASE_ACTIVITY
3,2.7212463990471698,-2.7212463990471698,2.7212463990471698,-1,-0.4234,0,1E-3,UROC1|ACMSD|PAH|SPR|GSTZ1|THAP4|HAAO|TTC36|HAL|PARK7|HDC|AFMID|HGD|DCT|HPD|QDPR|QPRT|IDO1|IDO2|CYP2D22|IL4I1|HPDL|TPH1|KMO|IYD|KYNU|AMDHD1|ATP7A|NMNAT2|MTHFD1|FAH|MTHFD2L|FTCD|NADSYN1|PCBD1|GCDH|PCBD2|TAT|TDO2|TH,https://www.gsea-msigdb.org/gsea/msigdb/mouse/geneset/GOBP_AROMATIC_AMINO_ACID_METABOLIC_PROCESS,40,ENR,GOBP_AROMATIC_AMINO_ACID_METABOLIC_PROCESS,-3.1894,0,GOBP_AROMATIC_AMINO_ACID_METABOLIC_PROCESS,FALSE,GOBP_AROMATIC_AMINO_ACID_METABOLIC_PROCESS
30,2.7212463990471698,-2.7212463990471698,2.7212463990471698,-1,-0.15210000000000001,2.9999999999999997E-4,0.02,PPP1R11|LYST|PRG2|RAB14|P2RX7|RAB34|MAP3K7|RAG2|RASGRP4|RBCK1|RNASE1|MILL1|RNASE10|RNASE12|MPEG1|RNF31|MR1|S100A14|SEH1L|SERPINE1|SHARPIN|EPHA2|SHC1|SLAMF8|SLAMF9|SLC15A2|SLC9A9|NFKBIZ|STAB1|NLRP10|STAB2|NLRP3|SYT11|TAB2|TAB3|RBPJ|TBK1|TIRAP|TLR2|TLR4|TMF1|TNFAIP8|TNFSF8|UNC13B|ZG16|ZNFX1|PRKCD|PYCARD|VGF|SCNN1B|RIPK2|NCF1|SERPINB9|SLC11A1|F2RL1|GBP2|GBP3|SPN|GBP5|GBP7|GM12250|GZMB|IGTP|IRGM2|LYZ1|AICDA|LYZ2|MYD88|FAU|NLRP6|PCYOX1L|SYK|TREM1|TNFRSF14|TREM3|TUSC2|ARG2|RPL30|RPL39|RPS19|TREM2|CD4|ADM|DAO|ANG|B2M|BCL3|BPIFA1|CYBA|UMOD|ABCC1|PLD1|CAMP|CD36|CTSG|CXCL13|CXCL5|DEFB1|DEFB37|DMBT1|ELANE|EVPL|F2|FCER2A|FGA|FGB|H2-T23|HAMP|HAMP2|LCN2|NAGK|NOS2|IL1B|IVL|KLK5|KLK7|KRT6A|LEAP2|LGALS4|LTA|LTF|MBL1|MBL2|MMP7|NOD2|NOTCH2|NPY|PGLYRP1|PGLYRP3|PGLYRP4|PLA2G1B|PRKD1|PLA2G6|PPL|PTEN|RARRES2|REG3B|REG3G|DHX15|RNASE4|RNASE6|ROMO1|SLPI|TNF|SPAG11B|SPON2|SLC30A1|TAC1|TFEB|TRF|TSLP|WFDC10|WFDC12|WFDC13|WFDC15B|WFDC16|WFDC2|WFDC3|WFDC5|IFNG|TLR9|OAS1A|OAS1B|OAS1C|OAS1E|OAS1F|OAS1G|ADAM17|AKIRIN2|SCD1|CARD9|CD160|DROSHA|TNFRSF1A|CLEC4D|FCER1G|FCGR1|ACP5|ADAMTS4|ADAMTS5|ANKRD17|ANXA3|AQP1|NR1H4|C5AR1|CASP1|CASP4|CASP7|CD209D|CEBPB|CHGA|CLEC4E|COLEC12|H2-K1|DEFB11|DEFB14|H2-M3|DEFB15|DEFB19|DEFB2|DEFB25|DEFB29|DEFB3|DEFB36|DEFB4|DEFB40|DEFB42|HAVCR2|DEFB6|EAR1|EAR2|EAR6|EMILIN1|EMILIN2|APP|FGR|FOXP1|IL12B|FPR2|GBP10|GBP4|GBP6|IL18|GBP8|GBP9|GIMAP6|GRN|GSDMA|GSDMC|GSDMC2|GSDMC3|IL23A|GSDMC4|GSDMD|HCK|IL27RA|HMGB2|HP|IIGP1|IL33|IKBKG|IL10|IL22RA1|IL7R|IRF8|IRGM1|ISG15|LALBA|LBP|LPO|LYG1|LYZL4|MAPKBP1|MAVS|MMRN2|MPO|MYO1F|NAIP1|NAIP2|NAIP5|KLRK1|NAIP6|NFKB1|NLRC4|XIAP|NLRP1A|NOD1|OAS2|OAS3|OPTN|LGALS9|PELI3|PGLYRP2|PLAC8,https://www.gsea-msigdb.org/gsea/msigdb/mouse/geneset/GOBP_DEFENSE_RESPONSE_TO_BACTERIUM,274,ENR,GOBP_DEFENSE_RESPONSE_TO_BACTERIUM,-2.8277999999999999,0,GOBP_DEFENSE_RESPONSE_TO_BACTERIUM,FALSE,GOBP_DEFENSE_RESPONSE_TO_BACTERIUM
39,2.4436974992327101,-2.4436974992327101,2.4436974992327101,-0.99639999999999995,-0.21029999999999999,3.95E-2,1,HMGB1|NOD2|FLT3|MAPK11|MAST2|MEFV|NLRC3|REL|TLR6|TIRAP|TLR2|TLR4|CMKLR1|LTB|TLR3|ARRB2|TLR8|PRKCD|THBS1|PLCG2|ACP5|LAPTM5|CCL19|IL16|ISL1|MAPK14|MDK|LILRA5|H2-M3|DEFB25|IFNG|CCR7|IRAK3|CD36|CD47|TLR9|SLAMF1|HSPD1|C1QBP|CLEC7A|PIBF1|FOXP1|IL12B|IL23A|IL23R|AGER|IDO1|SYK|IL10|G6PDX|RELA|IRF8|IRF1|TNFSF18|TNFSF4|TRAF6|JAK3|NFKB1|UNC93B1|PLCB1|TIGIT|CD40|TNFSF9|CD40LG,https://www.gsea-msigdb.org/gsea/msigdb/mouse/geneset/GOBP_INTERLEUKIN_12_PRODUCTION,64,ENR,GOBP_INTERLEUKIN_12_PRODUCTION,-2.004,3.5999999999999999E-3,GOBP_INTERLEUKIN_12_PRODUCTION,FALSE,GOBP_INTERLEUKIN_12_PRODUCTION
1,2.7212463990471698,-2.7212463990471698,2.7212463990471698,-1,-0.1515,6.9999999999999999E-4,5.0999999999999997E-2,CTNS|NCOR1|CTPS2|OGT|P2RX7|DCTPP1|PFKFB1|PFKFB2|PFKFB3|DNM1L|PFKL|PFKP|DTYMK|PGAM1|DUT|PGAM2|ENPP3|PGK1|ENTPD1|PKLR|FAM3A|PPARA|PPP2CA|FIGNL1|PRKAA1|FIS1|PRKAA2|PRKAG1|GIMAP7|PSEN1|GNAI3|RPTOR|SIK2|SIRT6|GUK1|SLC2A6|SLC4A1|HNF1A|SLC4A4|HSPA1B|SRC|HSPA8|STAT3|IMPDH1|IMPDH2|ITPA|TPI1|LETMD1|TRIM63|LRRK2|UCHL1|MAP2K1|UCP2|ZBTB20|MFN1|ZBTB7A|MYH6|MYH7|NME1|NME2|NME3|NME4|NME5|NME6|NME7|NMNAT1|NT5E|ADA|NUDT15|NUDT16|NUDT2|OLA1|OPA1|PARG|GTPBP1|PARP1|PID1|BAD|RAB23|RAN|RHOQ|RRM2B|SAMHD1|SPHK2|TBPL1|TGFB1|TMSB4X|TREM2|TSPO|TYMS|UCK1|UCK2|ACTN3|AK4|ARL2|ATP7A|BCL2L13|ENTPD4|ENTPD7|CBFA2T3|COL6A1|DGUOK|DNAJC30|MLXIPL|MTCH2|LDHC|MYC|LDHD|MYOG|NDUFA1|NDUFA10|NDUFA11|NDUFA12|NDUFA13|NDUFA2|NDUFA3|NDUFA5|NDUFA6|NDUFA7|NDUFA8|NDUFA9|NDUFAB1|NDUFB10|NDUFB11|NDUFB2|NDUFB3|NDUFB4|NDUFB5|NDUFB6|NDUFB7|NDUFB8|NUDT5|NDUFB9|NDUFC1|NDUFC2|NDUFS1|NDUFS2|NDUFS3|NDUFS4|NDUFS5|NDUFS6|NDUFS7|NDUFS8|NDUFV1|NDUFV2|NDUFV3|NUPR1|OGDH|PNP|RHOA|SDHA|SDHB|SDHC|SDHD|STOML2|VCP|ABCC9|IFNG|IL4|JMJD8|MFSD8|PPARGC1A|PRKACA|SLC25A13|SLC25A25|TREX1|ADCY10|ENPP1|ESRRB|GCK|ENTPD3|SMPDL3A|IGF1|INS1|INS2|INSR|KHK|MTOR|PFKM|PRKAG2|PRKAG3|SLC25A12|CFH|ADPGK|ALDOA|ALDOART1|ALDOART2|ALDOB|ALDOC|APP|ARNT|BPGM|DDIT4|DHTKD1|EIF6|ABCC6|ENO1|ENO2|ENO3|ENO4|EP300|FBP1|FKRP|ADK|FLCN|FOXK1|AK1|FOXK2|AK2|AK3|GALE|AK5|GALK1|GALT|GAPDH|GAPDHS|AMPD2|GIT1|AMPD3|GPD1|GPI1|HDAC4|ATP1A2|HIF1A|ATP1B1|HK1|HK2|ATP6V1A|HK3|ATP6V1B1|HKDC1|ATP6V1B2|BCL2L1|BEND3|CAD|IER3|CLPX|KAT2B|LIPA|CMPK2|MLST8|MLX|COX11|MPI,https://www.gsea-msigdb.org/gsea/msigdb/mouse/geneset/GOBP_NUCLEOSIDE_TRIPHOSPHATE_METABOLIC_PROCESS,244,ENR,GOBP_NUCLEOSIDE_TRIPHOSPHATE_METABOLIC_PROCESS,-2.7166999999999999,0,GOBP_NUCLEOSIDE_TRIPHOSPHATE_METABOLIC_PROCESS,FALSE,GOBP_NUCLEOSIDE_TRIPHOSPHATE_METABOLIC_PROCESS
3,2.2218487496163601,-2.2218487496163601,2.2218487496163601,-0.99399999999999999,-0.39789999999999998,3.5200000000000002E-2,0.999,AASS|UOX|UROC1|KYNU|XDH|NT5C|AMDHD1|NT5C2|NIT1|PIPOX|ADA|DLST|AADAT|FTCD|PNP|HAL|PM20D1|GDA|TDO2,https://www.gsea-msigdb.org/gsea/msigdb/mouse/geneset/GOBP_AMIDE_CATABOLIC_PROCESS,19,ENR,GOBP_AMIDE_CATABOLIC_PROCESS,-2.0415999999999999,6.0000000000000001E-3,GOBP_AMIDE_CATABOLIC_PROCESS,FALSE,GOBP_AMIDE_CATABOLIC_PROCESS
13,2.7212463990471698,-2.7212463990471698,2.7212463990471698,-1,-0.2616,2.7400000000000001E-2,0.997,CTNS|CPOX|SOX2|SLC25A39|CDH3|SLC7A11|SLC6A9|TRPC1|WNT5A|UROS|OPN3|FXN|GIPC1|CITED1|DDT|DCT|MC1R|PMEL|APPL1|RAPGEF2|ABCB10|ZEB2|ABCB7|ALAD|ALAS1|HNF1A|ALAS2|COX15|MFSD12|FECH|ATP7A|HMBS|SLC24A5|IREB2|PGRMC1|PPOX|TMEM14A|SLC11A2|SNX3|SRRD|TMEM14C|COX10|UROD|MYO5A|RAB38,https://www.gsea-msigdb.org/gsea/msigdb/mouse/geneset/GOBP_PIGMENT_BIOSYNTHETIC_PROCESS,45,ENR,GOBP_PIGMENT_BIOSYNTHETIC_PROCESS,-2.1051000000000002,0,GOBP_PIGMENT_BIOSYNTHETIC_PROCESS,FALSE,GOBP_PIGMENT_BIOSYNTHETIC_PROCESS
24,2.7212463990471698,-2.7212463990471698,2.7212463990471698,-1,-0.51080000000000003,4.0000000000000002E-4,2.5999999999999999E-2,CES1F|ACAD9|CES1B|CES1C|CES1E|OXSM|ACADM|CES1G|CRAT|ACOT7|CYP4A10|CROT|CYP4A12A|CYP4A12B|CYP4A14|CYP4A31|CYP4A32|ABHD1|ABHD2|ABHD3|CES1D,https://www.gsea-msigdb.org/gsea/msigdb/mouse/geneset/GOBP_MEDIUM_CHAIN_FATTY_ACID_METABOLIC_PROCESS,21,ENR,GOBP_MEDIUM_CHAIN_FATTY_ACID_METABOLIC_PROCESS,-2.8026,0,GOBP_MEDIUM_CHAIN_FATTY_ACID_METABOLIC_PROCESS,FALSE,GOBP_MEDIUM_CHAIN_FATTY_ACID_METABOLIC_PROCESS
9,2.7212463990471698,-2.7212463990471698,2.7212463990471698,-1,-0.14979999999999999,0,0,RPL13A|RPL14|RPL24|RPL26|RPL27|RPL35|RPL35A|RPL38|RPL5|RPL7|RPL7A|RPS11|RPS12|RPS14|RPS15A|RPS16|RPS24|RPS27|RPS27A|RPS28|RPS5|CKAP5|DENR|DHX29|DHX9|EIF2D|EIF2S2|EIF2S3X|EIF2S3Y|EIF3A|EIF3B|EIF3C|EIF3D|EIF3E|EIF3F|EIF3G|EIF3H|EIF3I|EIF3K|NUDT16|EIF3L|EIF3M|EIF4B|EIF4H|EIF5|FAU|MCTS1|MCTS2|NCBP1|RAN|RPL11|RPLP0|RPS13|RPS15|RPS17|RPS19|RPS21|RPS23|RPS25|RPS4X|RPS6|RPS7|RPS8|RPS9|RPSA|YTHDF2|AATF|ABCF1|ABT1|ADAR|ATM|ATR|BMS1|BOP1|BRIX1|BYSL|MYBBP1A|C1D|CDKN2A|CELF1|CELF2|CELF3|CELF4|CELF5|CELF6|CHD7|CINP|CLNS1A|CLP1|COIL|CRNKL1|CUL4A|CUL4B|DCAF13|DDX10|DDX17|DDX18|DDX20|DDX21|DDX27|DDX28|DDX31|DDX39B|DDX3X|DDX42|DDX46|DDX47|DDX49|DDX51|DDX52|DDX54|DDX56|DHX30|DHX37|DICER1|DIMT1|DIS3|DKC1|DNTTIP2|DROSHA|EBNA1BP2|EIF1A|EIF1AX|EIF2A|EIF4A3|EIF5B|EMG1|ERAL1|ERCC2|ERI1|ESF1|EXOSC1|EXOSC10|EXOSC2|EXOSC3|EXOSC4|EXOSC5|EXOSC6|EXOSC7|EXOSC8|EXOSC9|FBL|FCF1|FDXACB1|FRG1|FTSJ3|GAR1|GEMIN4|GEMIN5|GEMIN6|GEMIN7|GEMIN8|GLUL|GNL2|GNL3L|GREB1L|GRWD1|GTF2H5|GTF3A|GTPBP10|GTPBP4|HEATR1|HEATR3|HSP90AA1|HSP90AB1|HTATSF1|IMP3|IMP4|IPO4|IPO9|ISG20|ISG20L2|ISY1|KRI1|KRR1|LAS1L|LSG1|LSM2|LSM4|LSM6|LTV1|PTGES3|LUC7L|LUC7L2|LUC7L3|LYAR|MAK16|MBNL1|MCAT|MDN1|METTL15|METTL16|METTL17|METTL5|MPHOSPH10|MPHOSPH6|MPV17L|MRM1|MRTO4|MYG1|NAF1|NAT10|NCL|NGDN|NHP2|NIP7|NLE1|NMD3|NOA1|NOB1|NOC2L|NOC4L|NOL10|NOL11|NOL3|NOL6|NOL7|NOL8|NOL9|EIF6|NOM1|NOP10|NOP14|NOP16|NOP2|NOP56|NOP58|NPM1|NPM3|NSA2|NSUN5|NUFIP1|NUP88|NVL|PA2G4|PAK1IP1|PDCD11|PELP1|PES1|PIH1D1|PIH1D2|PIN4|PNO1|POP4|POP5|POP7|PPAN|PRKDC|PRKRA|PRMT5|PRMT7|PRPF18|PRPF19|PRPF3|PRPF31|PRPF39|KAT2B|PRPF4B|PRPF6|PRPF8|PSIP1|PTBP2|PUF60|PWP1|PWP2|RBFA|RBM10|RBM34|RBM5|RBMX|RCL1|REXO1|REXO4|RIOK1|RIOK2|RIOK3|RNASEL|RPF1|RPF2|RPL7L1|RPP25|RPP30|RPP38|RPP40|RPS19BP1|RPS27L|RPUSD1|RPUSD2|RRN3|RRP1|RRP15|RRP1B|RRP36|RRP7A|RRP8|RRP9|RRS1|RSL24D1|RUVBL1|RUVBL2|SART1|SART3|SBDS|SCAF11|SDAD1|SETX|SF3A1|SF3A2|SF3A3|SF3B1|SFSWAP|SHQ1|SIRT7|SLU7|SMN1|SNRNP200|SNRPB|SNRPC|SNRPD1|SNRPD2|SNRPD3|SNRPE|SNRPF|SNRPG|SRFBP1|SRPK1|SRPK2|SRPK3|SRSF1|SRSF10|SRSF12|SRSF6|SURF6|SUV39H1|TAF9|TARBP2|TBL3|TRMT112|TRMT2B|TSC1|TSR1|TSR2|TSSC4|U2AF2|URB1|URB2|USP16|USP36|USP39|USP4|UTP14A|UTP14B|UTP15|UTP18|UTP20|UTP23|UTP3|UTP6|WBP11|WDR12|WDR18|WDR3|WDR36|WDR43|WDR46|WDR55|WDR74|WDR75|WDR77|XAB2|XPO1|XRCC5|YBEY|YTHDC1|ZCCHC4|ZFP593|ZFP622|ZFP658|ZNHIT3|ZNHIT6|ZRSR2|PTEN|STRAP|C1QBP|FASTKD2|MPV17L2|MRPL10|MRPS2|MRPS7|NGRN|NSUN3|NSUN4|RPUSD4|TFB1M|TFB2M,https://www.gsea-msigdb.org/gsea/msigdb/mouse/geneset/GOBP_RIBONUCLEOPROTEIN_COMPLEX_BIOGENESIS,395,ENR,GOBP_RIBONUCLEOPROTEIN_COMPLEX_BIOGENESIS,-3.4548000000000001,0,GOBP_RIBONUCLEOPROTEIN_COMPLEX_BIOGENESIS,FALSE,GOBP_RIBONUCLEOPROTEIN_COMPLEX_BIOGENESIS
18,2.6989700043360201,-2.6989700043360201,2.6989700043360201,-0.998,-0.29949999999999999,2.9499999999999998E-2,0.999,NR3C2|KLHL3|CAMK2D|SLC12A2|WNK1|KCNH2|UMOD|SLC12A1|SLC12A3|KCNJ10|KCNMA1|SLC12A5|ATP1A2|SCNN1B|ATP1B1|KCNQ1|ATP6V1B1|FXYD2|KCNA5|BSND|ATP12A|KCTD7|ATP1A1|ATP1A3|ATP1B2|SLC12A9|ATP1B3|SLC12A4|UPK3A|SLC12A6|ATP4A|SLC12A7|SLC12A8,https://www.gsea-msigdb.org/gsea/msigdb/mouse/geneset/GOBP_POTASSIUM_ION_HOMEOSTASIS,33,ENR,GOBP_POTASSIUM_ION_HOMEOSTASIS,-2.0825,2E-3,GOBP_POTASSIUM_ION_HOMEOSTASIS,FALSE,GOBP_POTASSIUM_ION_HOMEOSTASIS
3,1.95467702121334,-1.95467702121334,1.95467702121334,-0.9889,-0.39789999999999998,4.7399999999999998E-2,1,SARDH|OAZ1|OTC|ALDH5A1|KYNU|ALDH6A1|ALDH8A1|ABAT|DAO|MTRR|AGXT2|BLMH|AHCY|HOGA1|CBS|DDO,https://www.gsea-msigdb.org/gsea/msigdb/mouse/geneset/GOBP_NON_PROTEINOGENIC_AMINO_ACID_CATABOLIC_PROCESS,16,ENR,GOBP_NON_PROTEINOGENIC_AMINO_ACID_CATABOLIC_PROCESS,-1.9520999999999999,1.11E-2,GOBP_NON_PROTEINOGENIC_AMINO_ACID_CATABOLIC_PROCESS,FALSE,GOBP_NON_PROTEINOGENIC_AMINO_ACID_CATABOLIC_PROCESS
7,2.7212463990471698,-2.7212463990471698,2.7212463990471698,-1,-0.26419999999999999,0,0,KNG2|KRT6A|LEAP2|LGALS3|LGALS4|LTF|MMP7|NOD2|FAM3A|NPY|NTS|PF4|PGLYRP1|PGLYRP3|PGLYRP4|PLA2G1B|PLA2G6|PPBP|PPL|PPP2R3C|RARRES2|REG1|REG2|REG3A|REG3B|REG3D|REG3G|RNASE4|RNASE6|ROMO1|S100A9|SLPI|SPAG11B|SPON2|TAC1|TRF|TSLP|WFDC10|WFDC12|WFDC13|WFDC15B|WFDC16|WFDC2|WFDC3|WFDC5|XCL1|NPPB|FAU|RPL30|RPL39|RPS19|ADM|ANG|B2M|BCL3|BPIFA1|POMC|CAMP|CCL1|CCL11|CCL12|CCL17|CCL19|CCL2|CCL20|CCL22|CCL24|CCL25|CCL27A|CCL28|CCL3|CCL4|CCL5|CCL6|CCL7|CCL8|CCL9|APP|COLEC11|CTSG|CX3CL1|CXCL10|CXCL11|CXCL12|CXCL13|CXCL14|CXCL15|CXCL5|CXCL9|DEFB1|DEFB37|DMBT1|ELANE|EVPL|F2|GAPDH|FGA|FGB|GATA6|H2-T23|HAMP|HAMP2|HMGN2|HRG|IVL|KLK5|KLK7|KNG1,https://www.gsea-msigdb.org/gsea/msigdb/mouse/geneset/GOBP_ANTIMICROBIAL_HUMORAL_RESPONSE,108,ENR,GOBP_ANTIMICROBIAL_HUMORAL_RESPONSE,-3.2166000000000001,0,GOBP_ANTIMICROBIAL_HUMORAL_RESPONSE,FALSE,GOBP_ANTIMICROBIAL_HUMORAL_RESPONSE
29,1.9469215565165801,-1.9469215565165801,1.9469215565165801,-0.98870000000000002,-0.107,7.4399999999999994E-2,1,DHFR|GSTA3|GSTM5|GSTO2|GSTT1|GUCY2C|MAPK1|RDH11|RDH12|DDC|PRDX2|SLC11A1|ADH4|ADH5|HTR1D|SCN3A|SCN8A|AKR1A1|SCN9A|ALDH1A1|ALDH1A7|TRPM6|ALDH2|ABCB1A|ABCB1B|APOE|S100A8|BLMH|BAK1|CES1D|BCL2|SLC6A4|CYP1A1|TYMS|APOM|AHR|STAR|SOD1|ABCC1|EDNRA|ABCC2|ATP7A|ABCG2|CAT|ESD|PIM1|APOA4|FABP1|CDK1|COL6A1|AQP8|AQP9|CCL3|CCL5|GJC2|GPX2|CD36|GRIA1|TTPA|GSTO1|KDM1A|CP|GFER|CYGB|CYP1B1|KCNC1|KCNC2|HTRA2|AMBP|CYP2F2|CCS|FANCC|FBLN5|GPX3|GPX6|GPX7|GPX8|GATA6|KDM3B|MB|NXN|PRDX5|PXDN|PRDX1|SESN1|SRXN1|TRP53INP1|LCN2|TXN1|TXNDC17|TXNRD2|UBIAD1|NOS3|CDH13|LYN|EDN1|SLC18A2|EHMT2|RPS6KB1|EPHX1|EPHX2|NUPR1|PRDX3|PARK7|PON1|PRKCE|PON3|PINK1|RALBP1|GPX1|GPX4|GSTA1|SLC17A3|GSTM3|SLC29A4|GSTM6|GSTM7|DHX15|GSTP1|SLC19A1|SESN2|S100A9|SCN1B|SCN2B|SLC22A1|TNF|MBP|SLC22A18|SLC22A2|SLC30A1|SLC22A3|AIFM1|AIFM2|BAX|SLC22A8|SLC23A1|MGST3|NEFL|GCH1|GSR|PPP1R9A|GSTK1|PTGES|SOD2|CLDN1|PTGS1|PTGS2|COMT|SLC47A1|DNMT3A|TH|FOS|SLC6A14|PRDX6|PRDX6B|TXNRD3|INHBB|MGST2|ASNS|XPA|ASS1|MT3|ATF4|MAPK3|CPS1|MDM2|MT1|SLCO1B2|MT2|MT4|GABRB1|NFE2L2|GLYAT|NQO1|FAS|PENK|ERCC6|SDC1|ABTB2|ARHGAP33|BRIP1|MAOB|EHMT1|INMT|PRDX4|SLC30A10|KDM5B|SLC30A3|KDM5C|SLC30A4|ARNT2|KDM6B|LANCL1|NR4A2|SOD3|OSCP1|PON2|RAB40B|SCFD1|SLC39A8|SLC7A11|TXNRD1|ARNT|DHRS2|EIF2AK2|ABCB6|HP|RAD51|SRSF9|ALAD|FECH|LPO|MPO|HIF1A|CDKN1A|UGT1A1|CNP,https://www.gsea-msigdb.org/gsea/msigdb/mouse/geneset/GOBP_RESPONSE_TO_TOXIC_SUBSTANCE,217,ENR,GOBP_RESPONSE_TO_TOXIC_SUBSTANCE,-1.8221000000000001,1.1299999999999999E-2,GOBP_RESPONSE_TO_TOXIC_SUBSTANCE,FALSE,GOBP_RESPONSE_TO_TOXIC_SUBSTANCE
17,2.0969100130080598,-2.0969100130080598,2.0969100130080598,-0.99199999999999999,-0.24160000000000001,4.7E-2,1,NEDD4|NEDD4L|TESC|OSR1|TMEM168|GRP|PCSK9|CAMK2D|CAV3|WNK1|WNK2|CNKSR3|PRSS8|YWHAH|COMMD1|BPIFA1|GPD1L|PTPN3|RANGRF|DMD|DRD4|SCN1B|SCN2B|SCN3B|SCN4B|AGRN|SCN5A|FGF12|FGF13|ATP2B4|ATP1B1|SLC9A1|KCNQ1|FXYD1|SLMAP|ANK3|FXYD2|FXYD3|SNTA1|FXYD4|ARF1|FXYD5|PLCB1|FXYD6|FXYD7|ATP1B2|ATP1B3|STK39,https://www.gsea-msigdb.org/gsea/msigdb/mouse/geneset/GOBP_REGULATION_OF_SODIUM_ION_TRANSMEMBRANE_TRANSPORT,48,ENR,GOBP_REGULATION_OF_SODIUM_ION_TRANSMEMBRANE_TRANSPORT,-1.9561999999999999,8.0000000000000002E-3,GOBP_REGULATION_OF_SODIUM_ION_TRANSMEMBRANE_TRANSPORT,FALSE,GOBP_REGULATION_OF_SODIUM_ION_TRANSMEMBRANE_TRANSPORT
1,2.09151498112135,-2.09151498112135,2.09151498112135,-0.9919,-0.42009999999999997,2.7900000000000001E-2,0.998,SHMT2|DPYD|UPB1|UPP1|DHFR|UPP2|SHMT1|DPYS|NT5C|DUT|NT5C3|NT5M|TYMS|DCTD|NME1|NME2|CDA|NME3,https://www.gsea-msigdb.org/gsea/msigdb/mouse/geneset/GOBP_PYRIMIDINE_DEOXYRIBONUCLEOSIDE_MONOPHOSPHATE_METABOLIC_PROCESS,18,ENR,GOBP_PYRIMIDINE_DEOXYRIBONUCLEOSIDE_MONOPHOSPHATE_METABOLIC_PROCESS,-2.0947,8.0999999999999996E-3,GOBP_PYRIMIDINE_DEOXYRIBONUCLEOSIDE_MONOPHOSPHATE_METABOLIC_PROCESS,FALSE,GOBP_PYRIMIDINE_DEOXYRIBONUCLEOSIDE_MONOPHOSPHATE_METABOLIC_PROCESS
2,1.82681373158773,-1.82681373158773,1.82681373158773,-0.98509999999999998,-9.4500000000000001E-2,8.3900000000000002E-2,1,DHPS|DOCK8|MALT1|EFNB1|EFNB2|EFNB3|EGR3|EPHB4|FCHO1|FLOT2|NCKAP1L|PRKAA1|CAPN1|GLI3|NFKBID|NFKBIZ|NLRP3|H2-AA|H2-AB1|H2-DMB2|H2-EB1|CHST2|H2-EB2|CHST4|H2-OA|H2-OB|AIF1|PDCD1LG2|HSPH1|ICOS|SLC4A1|IGFBP2|IHH|IL15|SART1|PRKCQ|IL1RL2|PRKCZ|IL21|IL2RA|IL2RG|PYCARD|IL7|ITGAL|RAG1|FUT4|KAT5|KITL|GCNT1|LGALS8|RIPK2|MDK|NCK2|ITGA4|SASH3|NKAP|NR5A2|ITGB2|PBRM1|PHF10|SKAP1|PIK3R6|SLAMF1|RARA|RASAL3|RASGRP1|ADA|SOCS5|RHOH|SPN|ITPKB|RUNX1|RUNX3|OPA1|SHB|TFRC|SIRPA|SKINT1|SMARCA2|SMARCA4|SYK|SMARCB1|TNFRSF13C|SMARCC1|TNFRSF14|SMARCC2|SMARCD1|LCK|SMARCD2|ABL1|SMARCD3|TNFSF13B|SMARCE1|SOCS1|TNFSF4|NCK1|TRAF6|SELE|SOX12|SOX13|SELP|SOX4|BAD|STAT5A|TYK2|ST3GAL4|TESPA1|TGFBR2|VTCN1|YWHAG|TNFSF14|ZAP70|TNFSF9|ZBTB1|ZBTB7B|VAV1|VCAM1|VNN1|WNT10B|TGFB1|XBP1|RPS3|CD4|ZFP609|ZMIZ1|ALOX5|B2M|CORO1A|BMI1|STAT5B|AP3B1|ANXA1|CCL19|CCL2|PTAFR|CAV1|CCL5|CD74|CCR2|CCR7|CD46|CD47|CD55|CD59A|CD59B|DNAJA3|CD81|NFAT5|IL1A|IL4I1|ELANE|GATA3|GIMAP3|GIMAP5|H2-DMA|H2-T23|IL1B|ETS1|IRAK1|PCK1|PPP3CA|PNP|GPAM|RHOA|PTPN22|PTPRC|TNF|KLHL25|XCL1|IFNG|IL4|THY1|SHH|NR4A3|AGER|BCL6|BRD2|BRD4|CD160|CD1D1|CD1D2|CD24A|CD27|CD274|CD28|CD3E|CD40LG|CD44|HMGB1|IGF1|IGF2|CD80|IL6ST|CD86|SLC7A1|DPP4|DUSP10|HSP90AA1|EPHB6|FADD|TNFSF11|FBXO38|HES1|FOXP3|FUT7|CD209D|H2-DMB1|H2-M3|PAWR|FOXO3|HAVCR2|HLX|HSPD1|ICAM1|ICOSL|IL12A|IL12B|IL12RB1|IL18|ABL2|ACTB|ACTL6A|ACTL6B|ADAM8|IL2|AMBRA1|HAS2|IL23A|AP3D1|EP300|ARID1A|ARID2|ADK|IL4RA|BLM|IL6|RELA|BRD7|IL7R|IRGM1|BTNL2|CARD11|IRF1|CBFB|BCL10|CCDC88B|CD209C|JAK2|CD209E|JAK3|CD276|CD5|KLHL22|CD6|CD83|LEF1|CYLD|LGALS1|LGALS9,https://www.gsea-msigdb.org/gsea/msigdb/mouse/geneset/GOBP_POSITIVE_REGULATION_OF_LEUKOCYTE_CELL_CELL_ADHESION,259,ENR,GOBP_POSITIVE_REGULATION_OF_LEUKOCYTE_CELL_CELL_ADHESION,-1.7869999999999999,1.49E-2,GOBP_POSITIVE_REGULATION_OF_LEUKOCYTE_CELL_CELL_ADHESION,FALSE,GOBP_POSITIVE_REGULATION_OF_LEUKOCYTE_CELL_CELL_ADHESION
10,2.4202164033831899,-2.4202164033831899,2.4202164033831899,-0.99619999999999997,-0.11840000000000001,3.5700000000000003E-2,1,LYST|RPL13A|DNM1L|ADAM10|S100A14|AKIRIN1|SERPINE1|ARHGEF5|NCKAP1L|SLAMF8|SLAMF9|CAMK1D|CCR3|TIRAP|CKLF|CMKLR1|AIF1|CNR2|CSF1|CSF3R|CXCL16|CXCL17|CXCL2|CXCL3|CXCR1|CXCR2|EDNRB|SBDS|DAPK2|DUSP1|MAPK1|F7|GBF1|GPR18|GPSM3|GREM1|IL17B|IL17RC|MDK|IL34|ITGA1|NEDD9|ITGA9|ITGB2|ITGB2L|SLAMF1|FLT1|RAC2|MMP28|CXCL1|MOSPD2|F2RL1|MPP1|MST1|MTUS1|MYO9B|NBL1|NUP85|PADI2|SWAP70|PERP|PIKFYVE|PLA2G7|NINJ1|PPIA|PPIB|SYK|PREX1|TREM1|KIT|TREM3|PTN|PDE4D|RETNLG|RIN3|TNFSF18|S100A8|S1PR1|MSTN|SCG2|SELL|TRPM4|SLIT2|SRP54A|ANO6|PDGFB|THBS4|TNFAIP6|VEGFA|ZFP580|TNFSF14|VAV1|PDE4B|VAV3|RPS19|TRPM2|PRKCA|PTK2|ALOX5|CORO1A|CXCR3|DPEP1|DYSF|EDN3|EDNRA|ANXA1|CCL1|CCL11|CCL12|CCL19|CCL2|CCL22|CCL24|CCL25|CCL27A|CCL28|CCL3|VEGFB|CCL4|CCL5|CCL7|CD74|CCL8|CCR2|CXADR|GPR35|CCR7|PTPRO|CTSG|CX3CL1|CXCL10|CXCL11|CXCL12|CXCL13|CXCL14|CXCL15|CXCL5|CXCL9|HSD3B7|SPP1|ITGAM|GPR183|STAP1|HC|IL1B|LYN|MMP9|EDN1|EDN2|LGALS3|OXSR1|NOD2|SLC12A2|PF4|PPBP|PTK2B|CXCR5|RARRES2|S100A9|TRPV4|TMEM102|PTPRJ|MIF|STK39|XCL1|IFNG|TGFB2|IL4|FFAR2|C1QBP|WNK1|PLEC|BSG|CALR|CH25H|ADAM17|C3AR1|CCR6|HMGB1|CYP7B1|LGMN|MAPK3|CX3CR1|PGF|CCR1|DPP4|CREB3|THBS1|TNFSF11|FCER1G|FCGR3|C5AR1|IL16|SLC37A4|CHGA|DEFB25|APP|IL12A|WNT5A|FPR2|IL17RA|ADAM8|GAS6|MMP2|IL23A|BST1|LBP|JAM3|KLRK1|RAC1|VEGFC|CSF1R|LGALS9,https://www.gsea-msigdb.org/gsea/msigdb/mouse/geneset/GOBP_LEUKOCYTE_CHEMOTAXIS,213,ENR,GOBP_LEUKOCYTE_CHEMOTAXIS,-2.0341999999999998,3.8E-3,GOBP_LEUKOCYTE_CHEMOTAXIS,FALSE,GOBP_LEUKOCYTE_CHEMOTAXIS
,2.7212463990471698,-2.7212463990471698,2.7212463990471698,-1,-0.2122,2.3999999999999998E-3,0.218,CTNS|NDUFA4|NDUFB7|SLC25A27|SLC25A3|SLC45A4|TMCO3|TMEM175|NDUFS1|NR3C2|UCP1|NDUFS2|NDUFS3|NDUFS4|NDUFS7|NDUFS8|NDUFV1|PHB2|NDUFV2|SLC15A2|SLC9A9|PPIF|SLC17A7|SLC16A1|UCP2|SLC36A2|UQCRFS1|SLC9A1|UQCRH|SLC9A6|ATP12A|ATP1A1|TCIRG1|IL4|SLC25A4|SLC25A5|SLC11A1|SLC15A4|SLC32A1|SLC25A13|SLC36A1|SLC36A3|SCO1|SLC46A1|SLC45A3|SLC47A1|SLC4A10|SLC4A11|ATP4A|SLC25A22|SLC9A2|SLC9A3|SLC9A4|SLC9A5|UCP3|SLC9A7|SLC9A8|SPHK2|ATP7A|FXYD2|SLC25A12|TACO1|COX4I2|ATP1A3|COX7A1|CYC1|IL13|COX17|GHITM|ATP6AP1|ATP6AP2|ATP6V0A1|SURF1|ATP6V0A2|ATP6V0A4|ATP6V0B|LETM1|ATP6V0C|ATP6V0D1|ATP6V0D2|ATP6V0E|ATP6V0E2|NDUFA10|ATP6V1C1|ATP6V1C2|ATP6V1D|ATP6V1E1|NDUFA2|ATP1A2|ATP6V1F|ATP1B1|ATP6V1G1|SLC11A2|ATP6V1G2|ATP6V1A|ATP6V1G3|ATP6V1B1|ATP6V1H|ATP6V1B2|CLCN3|CLCN7|HVCN1|OTOP2|OTOP3|RNASEK|SLC15A1|SLC18A1|SLC18A2|SLC25A14,https://www.gsea-msigdb.org/gsea/msigdb/mouse/geneset/GOBP_PROTON_TRANSMEMBRANE_TRANSPORT,109,ENR,GOBP_PROTON_TRANSMEMBRANE_TRANSPORT,-2.5484,0,GOBP_PROTON_TRANSMEMBRANE_TRANSPORT,FALSE,GOBP_PROTON_TRANSMEMBRANE_TRANSPORT
,2.4202164033831899,-2.4202164033831899,2.4202164033831899,-0.99619999999999997,-0.1205,4.7100000000000003E-2,1,MCOLN1|ADORA3|XCR1|PRKAA1|CCR3|ORAI1|3425401B19RIK|CMKLR1|HINT1|ATP2A2|CXCR1|CXCR2|EDNRB|LRRK2|ALMS1|ITGAL|CHRM3|CMYA5|NFAM1|HTR2B|NR5A2|HTR2C|SIGLECG|DMPK|SLA2|CLEC7A|ADA|IGTP|IRGM2|SYK|LMCD1|AGTR1A|TRAT1|AKAP5|AKAP6|ATP2B4|TRPM4|TBC1D10C|ANK2|NFATC1|ZAP70|SLC8A2|CACNA1C|CACNA1D|TPCN1|TPCN2|TRPM2|CALM1|CALM2|CALM3|TREM2|CASQ1|CASQ2|CD4|RYR1|RYR3|SGCD|CXCR3|DMD|ACTN3|DRD4|ERBB3|PLCG1|PLCG2|FKBP1B|TNNI3|CCL20|AVPR1A|ATP1A3|CCL3|CCR2|CCR7|GRIA1|GRIN1|FHL2|CP|HPCA|CALCR|NFAT5|RCAN1|GRIK1|TMEM38B|KISS1R|CCR5|DEFB1|DEFB37|SPPL3|KDR|KCNJ11|ZMPSTE24|MAPT|KCNJ8|CDH13|EDN1|EDN2|EIF2AK3|L1CAM|PPP1R9B|P2RX1|P2RX4|PDPK1|PKD2|PLN|PPP3CA|PPP3CB|PPP3CC|PPP3R1|PRKD1|PRNP|CXCR5|PTPRC|REM1|RYR2|TFF2|TNF|DYRK1A|SLC8A1|SLC9A1|PTPRJ|PDK2|BNIP1|TMEM38A|CABYR|CAMKK2|NFATC3|CAMTA1|NFATC4|CAR8|CHERP|CIB1|EGLN1|EXOC4|GNA15|GPR62|GRIA3|GRIK2|GRIK3|IAPP|ITPR2|KSR2|MAPK7|NCALD|NCS1|NRG1|PCP4|PPP1R9A|RAMP3|RCAN2|RCAN3|RIT2|SAMD14|TMBIM1|TMBIM4|TMEM100|MYOZ1|RGN|TOX3|MYOZ2|TREML1|SCO1|C3AR1|PDGFRA|PDGFRB|CCR6|DYRK2|CD24A|SPHK1|CD3E|GSK3B|IGF1|CD8A|ITPR3|PTBP1|MTOR|CX3CR1|CCR1|NCAM1|NFATC2|POMC|CXCR4|EFHB|HTT|TNFSF11|FCER1A|NEGR1|HOMER2|HOMER3|ITPR1|P2RY12|APP|BHLHA15|FPR2|BST1|IRGM1|CD22|HDAC4|ATP1B1|CCR10|CCR4|CCR8|CCR9|CCRL2|LAT|CXCR6|LAT2,https://www.gsea-msigdb.org/gsea/msigdb/mouse/geneset/GOBP_CALCIUM_MEDIATED_SIGNALING,205,ENR,GOBP_CALCIUM_MEDIATED_SIGNALING,-1.9549000000000001,3.8E-3,GOBP_CALCIUM_MEDIATED_SIGNALING,FALSE,GOBP_CALCIUM_MEDIATED_SIGNALING
,1.8728952016351901,-1.8728952016351901,1.8728952016351901,-0.98660000000000003,-0.14940000000000001,7.9799999999999996E-2,1,ZC3H4|ZMYND11|CDC73|ZMYND8|CDK12|CDK13|CDK9|RECQL5|SOX10|ZFP326|SIRT6|DAB2|SART3|IKZF1|MAP2K1|RNF168|RNF8|GLYR1|PBRM1|PCID2|EZH2|GTF2F1|GTF2F2|MED23|SHH|IWS1|MED10|LEO1|MED11|MED14|MED15|MED16|MED17|MED18|MED19|USP7|MED20|MED21|MED22|MED24|MED25|PARP1|MED26|HNRNPU|MED27|MED28|MED29|MED30|WDR43|MED31|MED4|MED6|MED7|MED8|NCBP1|BRD4|MED9|NCBP2|PAF1|POLR2I|PWWP2A|ERCC2|ENY2|MED1|GTF2H5|CTNNB1|ERCC3|ERCC6|POLR1D|POLR1E|POLR2E|UBTF|SCAF8|SETD2|CCNT1|ADRM1|AXIN1|CBX7|CCNK|CCNT2|CTR9|EAF1|EAF2|EAPP|ELL|ELL2|ELL3|ELOF1|ELP2|HEXIM1|LDB1|POLR2M|PWWP2B|RTF1|SETD5|TCEA1|TCEA2|TCEA3|USP15|WDR82,https://www.gsea-msigdb.org/gsea/msigdb/mouse/geneset/GOBP_DNA_TEMPLATED_TRANSCRIPTION_ELONGATION,100,ENR,GOBP_DNA_TEMPLATED_TRANSCRIPTION_ELONGATION,-1.8007,1.34E-2,GOBP_DNA_TEMPLATED_TRANSCRIPTION_ELONGATION,FALSE,GOBP_DNA_TEMPLATED_TRANSCRIPTION_ELONGATION
1,2.7212463990471698,-2.7212463990471698,2.7212463990471698,-1,-0.37109999999999999,2.9999999999999997E-4,1.4999999999999999E-2,CYB5R4|ACACB|ALDH1L1|ALDH1L2|PGD|ALDOB|PGLS|NUDT12|NUDT13|MTOR|NUDT17|FMO2|PRPS1|IDH1|PRPS2|IDH2|RBKS|DCXR|RPE|RPIA|MDH1|RPTOR|SHPK|ACO1|PCX|HNF1A|G6PDX|TALDO1|TKT|ME1|NMNAT2|H6PD|ME2|NADK|NAMPT|NCF1|HSD11B1|NCF2|GCK|MLST8|TRP53,https://www.gsea-msigdb.org/gsea/msigdb/mouse/geneset/GOBP_NADP_METABOLIC_PROCESS,41,ENR,GOBP_NADP_METABOLIC_PROCESS,-2.8578000000000001,0,GOBP_NADP_METABOLIC_PROCESS,FALSE,GOBP_NADP_METABOLIC_PROCESS
5,2.0861861476162802,-2.0861861476162802,2.0861861476162802,-0.99180000000000001,-0.17910000000000001,7.0000000000000007E-2,1,BCL2|NEDD4|NEDD4L|CACNA1F|OSR1|OXSR1|CALM1|PCSK9|TGFB1|CALM2|CALM3|CAMK2D|PKD2|PLN|CASQ2|PPP3CA|CAV3|MTOR|PPP3CB|PPP3CC|PPP3R1|PRKCE|AHR|PIK3C2A|COMMD1|PPIF|PTGER3|CRBN|REM1|RGS4|GSTM7|DRD4|DYSF|AKT1|ATP7A|FBXO11|FCRL5|UCP2|SESTD1|SLC30A1|FKBP1B|SLN|SRI|CAV1|STK39|GNB5|SUMO1|GOPC|GPR35|TGFB2|TLR9|TMBIM6|GRP|GSTO1|TRDN|UBQLN1|UBR3|KCNAB1|YWHAE|YWHAQ|ISCU|KCNE1|KCNE2|FMR1|KCNE3|KCNH2|VDAC1|ACTN2|AGRN|BIN1|ATP1A2|KCNQ1|KCNRG|ANK3|HAMP|HAMP2|KEL|MMP9,https://www.gsea-msigdb.org/gsea/msigdb/mouse/geneset/GOBP_NEGATIVE_REGULATION_OF_MONOATOMIC_ION_TRANSMEMBRANE_TRANSPORT,78,ENR,GOBP_NEGATIVE_REGULATION_OF_MONOATOMIC_ION_TRANSMEMBRANE_TRANSPORT,-1.8376999999999999,8.2000000000000007E-3,GOBP_NEGATIVE_REGULATION_OF_MONOATOMIC_ION_TRANSMEMBRANE_TRANSPORT,FALSE,GOBP_NEGATIVE_REGULATION_OF_MONOATOMIC_ION_TRANSMEMBRANE_TRANSPORT
6,2.7212463990471698,-2.7212463990471698,2.7212463990471698,-1,-0.1825,2.29E-2,0.98799999999999999,PLN|ADRA1A|GPD1L|RGS4|SRC|SLC1A1|RYR2|EDNRB|IRX5|SCN1B|KCNH6|SCN2B|MDM4|SCN3B|TNF|NOS1AP|SCN4B|NPFF|SCN5A|RNLS|SEMA3A|TAC1|TMEM161B|SLC8A1|CHRM3|MYH6|MYH7|SNTA1|SRI|CTNNA3|DSC2|NPPA|DSG2|DSP|FFAR3|ADM2|HCN4|APLN|GCH1|PTPN1|ADA|GJA5|HEY2|MYBPC3|JUP|KCND3|KCNE4|PDE4D|ADRA1B|ADRB1|SIRT1|TRPM4|AKAP9|ANK2|SREBF1|NMU|TPM1|CACNA1C|CACNA1D|CACNA2D1|CACNB2|CALM1|PKP2|CALM2|CALM3|CASQ2|CAV3|ADM|CACNA1G|AGT|MDM2|PIK3R1|CRHR2|DMD|TACR3|EDN3|EDNRA|ACE|FKBP1B|ISL1|KCNA5|AVPR1A|CAV1|EPAS1|HRC|POPDC2|SHOX2|KCNE1|KCNE2|KCNE3|KCNH2|BIN1|KCNJ2|KCNJ5|KCNJ8|OXT|KCNQ1|CACNA1E|EDN1|EDN2,https://www.gsea-msigdb.org/gsea/msigdb/mouse/geneset/GOBP_REGULATION_OF_HEART_RATE,100,ENR,GOBP_REGULATION_OF_HEART_RATE,-2.1471,0,GOBP_REGULATION_OF_HEART_RATE,FALSE,GOBP_REGULATION_OF_HEART_RATE
22,1.93930215964639,-1.93930215964639,1.93930215964639,-0.98850000000000005,-0.37959999999999999,8.0600000000000005E-2,1,TCP1|ACD|GNL3|CCT2|CCT3|CCT4|CCT5|WRAP53|CCT6A|CCT7|CCT8|PML|TERF1|DKC1|GNL3L,https://www.gsea-msigdb.org/gsea/msigdb/mouse/geneset/GOBP_REGULATION_OF_PROTEIN_LOCALIZATION_TO_CHROMOSOME_TELOMERIC_REGION,15,ENR,GOBP_REGULATION_OF_PROTEIN_LOCALIZATION_TO_CHROMOSOME_TELOMERIC_REGION,-1.7979000000000001,1.15E-2,GOBP_REGULATION_OF_PROTEIN_LOCALIZATION_TO_CHROMOSOME_TELOMERIC_REGION,FALSE,GOBP_REGULATION_OF_PROTEIN_LOCALIZATION_TO_CHROMOSOME_TELOMERIC_REGION
,1.98296666070122,-1.98296666070122,1.98296666070122,-0.98960000000000004,-0.25869999999999999,5.6800000000000003E-2,1,TWIST1|CACNA1C|OSR1|ALX4|ATRX|TFAP2A|CRABP2|EN1|FMN1|GDF5|SHH|HOXA11|HOXA9|HOXD10|HOXD9|IFT122|MECOM|MSX1|MSX2|NIPBL|OSR2|WNT3|RECK|RPGRIP1L|RUNX2|SHOX2|SALL1|ALDH1A2|SALL3|TRP63|WNT9A|LRP6|ZBTB16|TBX5|CTNNB1|VPS54|TBX3|RDH10|TFAP2B|ENPP1,https://www.gsea-msigdb.org/gsea/msigdb/mouse/geneset/GOBP_FORELIMB_MORPHOGENESIS,40,ENR,GOBP_FORELIMB_MORPHOGENESIS,-1.8938999999999999,1.04E-2,GOBP_FORELIMB_MORPHOGENESIS,FALSE,GOBP_FORELIMB_MORPHOGENESIS
9,2.6989700043360201,-2.6989700043360201,2.6989700043360201,-0.998,-0.13500000000000001,8.9999999999999993E-3,0.71899999999999997,PWP1|PWP2|RBFA|RBM34|RPL14|RCL1|REXO1|REXO4|RIOK1|RIOK2|RIOK3|RNASEL|RPL26|RPF1|RPL27|RPF2|RPL7L1|RPP25|RPP30|RPP38|RPL35|RPP40|RPL35A|RPUSD1|RPUSD2|RRP1|RRP15|RPL5|RRP1B|RRP36|RPL7|RRP7A|RPL7A|RRP8|RRP9|RRS1|SART1|RPS14|SBDS|RPS16|RPS24|RPS27|RPS28|SIRT7|SRFBP1|SUV39H1|TBL3|TRMT112|TRMT2B|TSR1|TSR2|IPPK|URB1|NUDT16|USP36|UTP14A|UTP14B|UTP15|UTP18|UTP20|UTP23|UTP3|UTP6|WBP11|WDR12|SMARCA4|WDR18|SMARCB1|WDR3|WDR36|WDR43|WDR46|WDR55|WDR74|WDR75|YBEY|ZCCHC4|ZNHIT3|ZNHIT6|RPL11|RPS15|RPS17|RPS19|RPS21|RPS25|RPS6|RPS7|RPS8|ANG|YTHDF2|MYC|ERN2|ABT1|BMS1|BOP1|BRIX1|BYSL|C1D|CDKN2A|CHD7|DCAF13|DDX10|DDX17|DDX18|DDX21|DDX27|DDX47|DDX49|DDX51|DDX52|DDX54|DDX56|DHX37|DICER1|DIMT1|DIS3|DKC1|DROSHA|EBNA1BP2|EIF4A3|EMG1|ERCC2|ERI1|ESF1|EXOSC1|EXOSC10|EXOSC2|EXOSC3|EXOSC4|EXOSC5|EXOSC6|EXOSC7|EXOSC8|EXOSC9|FBL|FCF1|FDXACB1|FRG1|FTSJ3|GAR1|MTOR|GTF2H5|GTPBP4|HEATR1|IMP3|IMP4|ISG20|KRI1|KRR1|DDX11|LAS1L|DEDD|DIS3L|NSUN3|ERCC3|NSUN4|ERCC6|LSM6|GTF3C1|PELO|POLR1D|POLR1E|LYAR|POLR2E|MAK16|RPUSD4|SLFN8|SLFN9|SPIN1|TAF1B|METTL15|TCOF1|METTL16|TOP1|UBTF|METTL5|TRP53|XRN1|MPHOSPH10|MPHOSPH6|MRM1|MRTO4|MYG1|NAF1|NAT10|NCL|NGDN|NHP2|POLR1A|POLR1B|NOB1|NOL10|NOL11|NOL6|TFB1M|NOL7|TFB2M|NOL8|NOL9|EIF6|NOP10|NOP14|NOP2|NPM1|NPM3|NSA2|NSUN5|NVL|PA2G4|PAK1IP1|PDCD11|PELP1|PES1|PIH1D1|PIH1D2|PIN4|POP4|POP5|POP7|PPAN|PRKDC|KAT2B,https://www.gsea-msigdb.org/gsea/msigdb/mouse/geneset/GOBP_RRNA_METABOLIC_PROCESS,222,ENR,GOBP_RRNA_METABOLIC_PROCESS,-2.3287,2E-3,GOBP_RRNA_METABOLIC_PROCESS,FALSE,GOBP_RRNA_METABOLIC_PROCESS
1,2.7212463990471698,-2.7212463990471698,2.7212463990471698,-1,-0.16,1.8E-3,0.156,CTNS|NCOR1|OGT|P2RX7|PFKFB1|PFKFB2|PFKFB3|DNM1L|PFKL|PFKP|PGAM1|PGAM2|ENPP3|PGK1|ENTPD1|PKLR|FAM3A|PPARA|PPP2CA|FIGNL1|PRKAA1|FIS1|PRKAA2|PRKAG1|PSEN1|RPTOR|SIK2|SIRT6|SLC2A6|SLC4A1|HNF1A|SLC4A4|HSPA1B|SRC|HSPA8|STAT3|TPI1|LETMD1|TRIM63|UCHL1|MAP2K1|UCP2|ZBTB20|ZBTB7A|MYH6|MYH7|NMNAT1|NT5E|NUDT2|OLA1|PARG|PARP1|PID1|BAD|SPHK2|TGFB1|TMSB4X|TREM2|TSPO|ACTN3|AK4|ARL2|ATP7A|BCL2L13|CBFA2T3|COL6A1|DNAJC30|MLXIPL|MTCH2|LDHC|MYC|LDHD|MYOG|NDUFA1|NDUFA10|NDUFA11|NDUFA12|NDUFA13|NDUFA2|NDUFA3|NDUFA5|NDUFA6|NDUFA7|NDUFA8|NDUFA9|NDUFAB1|NDUFB10|NDUFB11|NDUFB2|NDUFB3|NDUFB4|NDUFB5|NDUFB6|NDUFB7|NDUFB8|NUDT5|NDUFB9|NDUFC1|NDUFC2|NDUFS1|NDUFS2|NDUFS3|NDUFS4|NDUFS5|NDUFS6|NDUFS7|NDUFS8|NDUFV1|NDUFV2|NDUFV3|NUPR1|OGDH|SDHA|SDHB|SDHC|SDHD|STOML2|VCP|ABCC9|IFNG|IL4|JMJD8|MFSD8|PPARGC1A|PRKACA|SLC25A13|SLC25A25|TREX1|ADCY10|ENPP1|ESRRB|GCK|IGF1|INS1|INS2|INSR|KHK|MTOR|PFKM|PRKAG2|PRKAG3|SLC25A12|CFH|ADPGK|ALDOA|ALDOART1|ALDOART2|ALDOB|ALDOC|APP|ARNT|BPGM|DDIT4|DHTKD1|EIF6|ABCC6|ENO1|ENO2|ENO3|ENO4|EP300|FBP1|FKRP|FLCN|FOXK1|AK1|FOXK2|AK2|AK3|GALE|AK5|GALK1|GALT|GAPDH|GAPDHS|AMPD2|GIT1|AMPD3|GPD1|GPI1|HDAC4|ATP1A2|HIF1A|ATP1B1|HK1|HK2|ATP6V1A|HK3|ATP6V1B1|HKDC1|ATP6V1B2|BCL2L1|BEND3|IER3|CLPX|KAT2B|LIPA|MLST8|MLX|COX11|MPI,https://www.gsea-msigdb.org/gsea/msigdb/mouse/geneset/GOBP_ATP_METABOLIC_PROCESS,201,ENR,GOBP_ATP_METABOLIC_PROCESS,-2.5842000000000001,0,GOBP_ATP_METABOLIC_PROCESS,FALSE,GOBP_ATP_METABOLIC_PROCESS
6,2.7212463990471698,-2.7212463990471698,2.7212463990471698,-1,-0.1178,1.18E-2,0.82799999999999996,PGAM2|SHC1|3425401B19RIK|ACTA2|ADRA1A|ADRA2A|GPD1L|ADRA2B|ADRA2C|ANXA6|APBB1|APBB2|CACNA1H|ARHGAP42|ATP2A2|ATP8A2|EDNRB|BBS2|CACNA1S|KCNMA1|TRIM63|CALCA|CALCRL|MAP2K1|CALD1|CCDC78|CD38|SCNN1B|CHRM2|ABAT|CHRM3|MYH6|CHRNA1|MYH7|CHRNB1|CHRNB2|CHRNB4|CHRNE|ATP1A1|COMP|CTNNA3|CTTN|DBN1|DDIT3|HTR2B|DOCK4|SRSF1|DOCK5|DSC2|NPPA|DMPK|DSG2|DSP|FLT1|HCN4|GATA4|GDNF|GHRL|SMAD7|ADA|GJA5|GRCC10|GRIP2|NKX2-5|HSBP1|HTR1D|SCN4A|ITGA2|JUP|KCNA1|KCND2|KCND3|KCNE4|KIT|LCK|PDE4D|PDE5A|ACTN2|MAP2K3|ADRB2|AGRN|MET|ORMDL3|MKKS|ARG2|AKAP6|ATP2B4|MYH1|TRPM4|AKAP9|MYH4|MYL1|ANK2|MYL3|MYL4|MYL6|MYL6B|MYLK2|MYLPF|MYOCD|ATP2A1|NMU|NPNT|NPY1R|NR4A1|ZC3H12A|NUP155|OXTR|CACNA1C|P2RX2|CACNA1D|P2RX3|CACNA2D1|CACNB1|PDE4B|CACNB2|TPCN2|CACNG1|CALM1|PKP2|CALM2|PPP1R13L|CALM3|PRKCA|CAMK2D|PROK2|PTGER4|CASQ1|CASQ2|RCSD1|CAV3|ROCK2|RYR1|RYR3|SETD3|AGT|SGCD|SMAD5|SMPD3|SMTN|SOD1|DLG1|STUB1|DMD|SULF1|SULF2|SYNM|ACTN3|TACR1|TACR3|EDN3|EDNRA|TBX2|EHD3|TBX20|F2R|TBX3|TBXA2R|TIFAB|FGF13|TNNC1|TNNC2|TNNI1|ACE2|FKBP1A|TNNI2|ADORA1|FKBP1B|TNNI3|FLNA|TPM2|FXYD1|TPM3|TPM4|TSHZ3|PRKG1|PTAFR|UTY|ATP1A3|VEGFB|CAV1|ZDHHC21|HOMER1|JSRP1|TMEM38B|KCNE1|KCNE2|KCNE3|KCNH2|KCNIP1|KCNIP2|MAP2K6|KCNJ2|KCNJ5|KCNJ8|KCNN2|OXT|KCNQ1|EDN1|MYH14|EDN2|NEDD4L|RGS2|RPS6KB1|P2RX1|P2RX4|NDUFS6|PLN|PRKD1|PLA2G6|PSEN2|PTGER3|RAP1GDS1|RHOA|RANGRF|REM1|RNF207|RYR2|SCN1B|SCN2B|SCN3B|TNF|SCN4B|TRPV4|SCN5A|SLC8A1|SLC9A1|ABCC9|SNTA1|SRI|STAC|STAC2|STAC3|SUMO1|ACTC1|TMEM38A|CSRP3|PIK3CA|LMOD1|LMOD2|LMOD3|MYBPC1|MYBPC2|MYBPC3|MYH11|MYL2|VPS54|MYOM1|MYOM2|PTGS1|ADCY10|PTGS2|ADRA1B|ADRB1|SRF|GAA|TCAP|TMOD1|SPHK1|TMOD2|TMOD3|TMOD4|TNNT1|TNNT2|TNNT3|TPM1|TTN|MTOR|ATP2B1|CACNA1G|HSP90AA1|CXCR4|HTR7|KCNA5|CHGA|MYLK|PAWR|ALDOA|STC1|ENO1|GSN|FKRP|ADORA2B|BIN1|HDAC4|ATP1A2|ATP1B1,https://www.gsea-msigdb.org/gsea/msigdb/mouse/geneset/GOBP_MUSCLE_CONTRACTION,287,ENR,GOBP_MUSCLE_CONTRACTION,-2.2786,0,GOBP_MUSCLE_CONTRACTION,FALSE,GOBP_MUSCLE_CONTRACTION
17,1.73282827159699,-1.73282827159699,1.73282827159699,-0.98150000000000004,-0.32890000000000003,8.3500000000000005E-2,1,SLC4A4|NPPA|AGRN|ATP1A2|SLC8A1|ATP1B1|SLC9A1|FXYD1|FXYD2|FXYD3|FXYD4|FXYD5|FXYD6|ATP12A|FXYD7|ATP1A1|ATP1A3|ATP1B2|ATP1B3|ATP4A,https://www.gsea-msigdb.org/gsea/msigdb/mouse/geneset/GOBP_SODIUM_ION_EXPORT_ACROSS_PLASMA_MEMBRANE,20,ENR,GOBP_SODIUM_ION_EXPORT_ACROSS_PLASMA_MEMBRANE,-1.7898000000000001,1.8499999999999999E-2,GOBP_SODIUM_ION_EXPORT_ACROSS_PLASMA_MEMBRANE,FALSE,GOBP_SODIUM_ION_EXPORT_ACROSS_PLASMA_MEMBRANE
2,2.10237290870956,-2.10237290870956,2.10237290870956,-0.99209999999999998,-0.1016,5.6000000000000001E-2,1,DHPS|DLG5|EFNB1|ERBB2|ENPP3|FGF10|NCKAP1L|FLT3L|NDFIP1|GLMN|GNRH1|GPNMB|H2-AA|H2-DMB2|TIRAP|TLR4|AIF1|CNN2|PDCD1LG2|CSF1|PKN1|SLC4A1|IGFBP2|IHH|IKZF3|IL15|PRKCQ|IL21|IL2RA|IL5|PYCARD|IL7|MAPK1|ITCH|ITGAL|RC3H1|CD38|KITL|LAPTM5|LMO1|LRRC32|RIPK2|CHRNB2|GREM1|LST1|RIPK3|MAD1L1|MAPK8IP1|IL34|MPL|NCK2|SASH3|NR5A2|SIGLECG|PELI1|SLAMF1|PRLR|RAC2|RASAL3|SLFN1|RASSF5|ADA|SPN|STAT6|SCGB1A1|SCRIB|SDC4|SFTPD|TARM1|MYD88|SH3RF1|TFRC|SLC39A10|SYK|TNFRSF13B|TNFRSF13C|KIT|TNFRSF14|TNFRSF1B|TNFSF13|PDE5A|TNFSF13B|TNFSF18|TNFSF4|NCK1|SOS1|TRAF6|ARG1|SOS2|ARG2|SOX11|STAT5A|TYK2|TCF3|TGFBR2|TICAM1|VTCN1|TNFRSF4|TNFRSF9|ZAP70|TNFSF9|ZBTB7B|BCL2|CSF2|TSC2|BMP4|CSF2RA|TSPAN32|TWSG1|TYROBP|VAV3|VCAM1|TGFB1|WNT3A|OCSTAMP|PHF7|ZC3H12D|RPS3|PTK2|ZFP335|ST6GAL1|CD4|ZNHIT1|AHR|CORO1A|BMI1|STAT5B|DLG1|TACR1|BID|ANXA1|CCL12|CCL19|GAL|CCL5|CD74|CEACAM1|CCR2|CCR7|CD37|CD46|CD55|CD59A|CD59B|DNAJA3|CD81|IL13|CRP|IL1A|IDO1|IL4I1|FCGR2B|NF1|FOXJ1|NMB|GPR183|H2-T23|PLA2G2D|IL1B|LYN|LGALS3|MEF2C|PPP3CA|PNP|PRNP|GPAM|PTPN6|PTEN|PTPN22|PTPRC|GSTP1|HHEX|TAC1|TNFRSF21|VSIG4|MIF|XCL1|IFNG|ATM|IL4|TLR9|CDKN2A|SHH|PLA2G2F|PLA2G5|CASP3|AGER|ATAD5|BCL6|BTK|BTLA|PRKAR1A|CD1D1|CD1D2|CD24A|CD274|SLC4A2|CD28|CD3E|CD40|CD40LG|CD44|GSK3B|HMGB1|IGF1|IGF2|CD80|IL6ST|CD86|SLC7A1|IRS2|CLEC4G|CRTAM|CSF2RB|CSF2RB2|CTLA4|MAPK3|CD300A|NFATC2|CTNNB1|EPHB2|FADD|HES1|FOXP3|CD209D|CEBPB|H2-DMB1|H2-M3|PAWR|HAVCR2|ICOSL|IL12A|IL12B|IL12RB1|IL18|IL2|IL20RB|IL23A|IL27|ADK|IL33|BLM|IL10|IL6|BST1|IRGM1|BTNL2|INPP5D|CARD11|IRF1|CBLB|CCDC88B|CD209A|CD209C|JAK2|CD209E|JAK3|CD22|CD276|CD320|CD6|CDKN1A|BCL2L1|CLEC2I|CSF1R|LGALS9,https://www.gsea-msigdb.org/gsea/msigdb/mouse/geneset/GOBP_REGULATION_OF_LEUKOCYTE_PROLIFERATION,266,ENR,GOBP_REGULATION_OF_LEUKOCYTE_PROLIFERATION,-1.9052,7.9000000000000008E-3,GOBP_REGULATION_OF_LEUKOCYTE_PROLIFERATION,FALSE,GOBP_REGULATION_OF_LEUKOCYTE_PROLIFERATION
,1.99139982823808,-1.99139982823808,1.99139982823808,-0.98980000000000001,-0.29099999999999998,6.4399999999999999E-2,1,IFNG|MCOLN1|STEAP2|MCOLN2|SLC25A28|SLC39A8|SLC25A37|HEPH|SLC11A1|MMGT1|SCARA5|STEAP1|FXN|STEAP3|STEAP4|ISCU|TFRC|ABCB6|ABCB7|SLC40A1|ATP7A|ABCC5|SLC39A14|HIF1A|SLC11A2|SLC48A1|HAMP|HAMP2|LCN2,https://www.gsea-msigdb.org/gsea/msigdb/mouse/geneset/GOBP_IRON_ION_TRANSMEMBRANE_TRANSPORT,29,ENR,GOBP_IRON_ION_TRANSMEMBRANE_TRANSPORT,-1.8592,1.0200000000000001E-2,GOBP_IRON_ION_TRANSMEMBRANE_TRANSPORT,FALSE,GOBP_IRON_ION_TRANSMEMBRANE_TRANSPORT
38,2.2218487496163601,-2.2218487496163601,2.2218487496163601,-0.99399999999999999,-0.20100000000000001,4.3299999999999998E-2,1,CYB5R4|DHFR|TYROBP|DUOX1|ELAVL1|NOXO1|SH3PXD2A|TGFB1|SH3PXD2B|PRG3|SHC1|MT3|PARK7|CD177|PON3|AGT|GNAI3|SOD1|CYBA|NFE2L2|GSTP1|NQO1|SLC1A1|PRKCD|ABCC1|AKT1|GNAI2|ATP7A|ACP5|APOA4|NOX4|NCF1|NCF2|ITGB2|ITGB2L|SOD3|CD36|IMMP2L|PRDX2|RAC2|CLEC7A|CXCL1|GCH1|APP|F2RL1|CYGB|FPR2|NAGLU|IL18|CRP|SOD2|SYK|CCS|FANCC|ITGAM|FBLN5|AGTR1A|MAPT|MB|MPO|CYBB|PRDX1|HVCN1|EGFR|NOS2|CBS|NCF4|NOS3|NOXA1|EDN1,https://www.gsea-msigdb.org/gsea/msigdb/mouse/geneset/GOBP_SUPEROXIDE_METABOLIC_PROCESS,70,ENR,GOBP_SUPEROXIDE_METABOLIC_PROCESS,-1.9765999999999999,6.0000000000000001E-3,GOBP_SUPEROXIDE_METABOLIC_PROCESS,FALSE,GOBP_SUPEROXIDE_METABOLIC_PROCESS
2,2.10237290870956,-2.10237290870956,2.10237290870956,-0.99209999999999998,-0.35970000000000002,5.6099999999999997E-2,1,STK11|TOX|DOCK2|NFATC3|PTPN2|SHH|FOXN1|CD1D1|H2-DMA|ITPKB|SRF|CD3D|CD3E|PTPRC|CD3G|ZAP70|CD74|SKINT1,https://www.gsea-msigdb.org/gsea/msigdb/mouse/geneset/GOBP_POSITIVE_THYMIC_T_CELL_SELECTION,18,ENR,GOBP_POSITIVE_THYMIC_T_CELL_SELECTION,-1.8983000000000001,7.9000000000000008E-3,GOBP_POSITIVE_THYMIC_T_CELL_SELECTION,FALSE,GOBP_POSITIVE_THYMIC_T_CELL_SELECTION
24,2.7212463990471698,-2.7212463990471698,2.7212463990471698,-1,-0.13350000000000001,6.9999999999999999E-4,5.0999999999999997E-2,PKLR|PRKAA1|PRKAA2|PRKAG1|ALDH1A2|ALDH1A3|SLC27A5|HNF1A|LDHB|RDH10|RDH1|MTHFD1|AASDHPPT|MTHFD2L|ABAT|RDH16|ABCD2|ABCD3|RDH9|ABHD1|ABHD2|ABHD3|GNE|ACAA1A|CARNS1|ACAA1B|ACADL|ACADVL|ACMSD|ACOT7|ACOT8|ACOX2|ACSF3|AGXT|AGXT2|AKR1A1|AKR1C18|AKR1D1|ALDH1A1|SYK|NANP|NANS|ALDH8A1|ATP2B4|BCAT1|BCAT2|ACACA|CBS|ACLY|CDO1|CES1D|CES1F|SLC1A3|CSAD|ACSBG1|CYP1A1|ACSL1|ACSL3|ACSL4|CYP27A1|ACSM1|CYP39A1|ACSM2|ACSM3|DHRS9|ACSM5|ACSS1|ACSS2|CYP7A1|AGT|ALOX5|STAR|DECR2|ABCD1|DPYD|ALOX12|ALOX12B|ABCC1|ALOX15|ALOX5AP|APOC3|ALOX8|ALOXE3|AMACR|EHHADH|ANXA1|APOA4|APOA5|APOC1|APOC2|GAD1|GAD2|ASAH2|AVP|AVPR1A|BAAT|BRCA1|CBR4|CD74|CEACAM1|CEACAM2|GLS|CES1B|GLS2|CES1C|CES1E|CES1G|GOT1|GOT2|GSTO1|HAAO|CTHRC1|HAO1|HOGA1|HSD17B10|HSD17B4|UGDH|MLXIPL|IDO1|ILVBL|KMO|KYNU|LDHC|CYP4A10|CYP4A12A|CYP4A12B|CYP4A14|CYP4A31|CYP4A32|MLYCD|MTRR|NDUFAB1|DAGLB|DCAF5|DEGS1|IL1B|EDN1|EDN2|RBP1|ELOVL1|ELOVL2|ELOVL3|ELOVL4|OAT|ELOVL5|ELOVL6|OTC|ELOVL7|PAH|ERLIN1|ERLIN2|FA2H|FABP5|FADS1|FADS2|FADS3|FADS6|PARK7|FASN|FMO1|PLA2G1B|GGT5|GSTM1|GSTM2|GSTM3|SHMT2|GSTM4|GSTM6|GSTM7|REG3G|SCP2|GSTP1|SDS|GSTP2|HNF4A|SHMT1|HPGDS|TMEM135|HSD17B12|INSIG1|INSIG2|SLC27A2|KLHL25|LIAS|LIPC|LIPG|LPGAT1|LPL|LTC4S|MAPK9|MECR|MGLL|MGST3|MID1IP1|MIF|MYO5A|THA1|THNSL2|NR1H2|NR1H3|UPB1|OXSM|PDK4|PECR|PIBF1|PLA2G10|PLA2G3|PLA2G4A|PLA2G4F|PLA2G5|PLP1|PNLIP|PNLIPRP1|PNLIPRP2|PNPLA8|PRKAB1|PRKAB2|PTGDS|PTGES|PTGES2|PTGIS|PTGS1|PTGS2|RGN|SCAP|SCD1|SCD2|SCD3|SCD4|SCO1|SIRT1|SIRT2|PROX1|SLC45A3|SPHK1|SREBF1|TBXAS1|TECR|TECRL|TRIB3|CYP7B1|UBR4|CYP8B1|ERRFI1|WDTC1|ADI1|FGFR4|FMO3|ALDH18A1|GATM|GULO|APIP|LTA4H|ASL|MGST2|ASNS|MTHFD2|ASNSD1|PRG3|LDHA|PRMT3|STARD4|ASS1|UGT1A6A|UROS|NR1D1|BHMT|GLUL|BHMT2|CLN3|PER2|CTH|ENOPH1|GAMT|GGT1|HTT|FCER1A|MRI1|MTAP|MTHFR|MTR|NAGS|PRKAG2|PRKAG3|PTGES3|PCBD1|SLC25A12|MCAT|PCBD2|PHGDH|PLOD2|PLOD3|UGP2|PSAT1|PSPH|PYCR1|AASS|PYCR2|ACACB|SEPHS1|SEPHS2|ACOX1|SLC38A1|SRR|EIF6|BCL10|BIN1|E2F1|EXTL3|MTHFD1L|RAC1|XIAP|CAD|KAT2B,https://www.gsea-msigdb.org/gsea/msigdb/mouse/geneset/GOBP_ORGANIC_ACID_BIOSYNTHETIC_PROCESS,314,ENR,GOBP_ORGANIC_ACID_BIOSYNTHETIC_PROCESS,-2.7147000000000001,0,GOBP_ORGANIC_ACID_BIOSYNTHETIC_PROCESS,FALSE,GOBP_ORGANIC_ACID_BIOSYNTHETIC_PROCESS
8,2.7212463990471698,-2.7212463990471698,2.7212463990471698,-1,-0.1119,8.8999999999999999E-3,0.71299999999999997,APOA1|APOA2|CYP2R1|CYP3A11|CYP3A44|FMO5|POR|PRKAA1|PRKAA2|SULT1A1|UGT2B1|BMP2|SLC27A5|BMP5|DGKQ|BMP6|CACNA1H|HNF1A|CLCN2|CYP11A1|DAB2|DHRS4|DKK3|EDNRB|KCNMA1|HSD11B2|MAPK1|FDPS|RDH1|SCNN1B|RDH16|WNT4|ABCB11|RDH5|RDH7|ABCD3|RDH9|SDR9C7|ACAA1A|ATP1A1|RORC|ACAA1B|HMGCS1|NR5A2|ACADL|IDI1|IDI2|ACADVL|ACOX2|LCAT|LPCAT3|AKR1C18|AKR1D1|KIT|MVD|MVK|TNFSF4|APOE|PDE8B|STAT5A|RORA|CES1D|NPY1R|CES1F|CUBN|CYP1A1|SULT2B1|CYP24A1|AFP|BGLAP|CYP27A1|BGLAP2|CYP27B1|CREB1|CYP39A1|TSPO|CYP17A1|CYP46A1|DHRS9|DKKL1|EGR1|GGCX|CYP7A1|HSD17B1|ADM|CFTR|HSD3B4|INHBA|SRD5A1|STAR|AKR1C12|STARD3|AKR1C13|STAT5B|AKR1C14|AKR1C19|SOD1|AKR1C20|AKR1C21|AKR1C6|STUB1|AKR1CL|ABCC1|APOC3|AMACR|ANGPTL3|CAT|APOA4|DHCR24|APOA5|APOC1|PMVK|AQP8|ASAH1|PRKG1|BAAT|CEBPA|ATP8B1|GAL|CES1B|CES1C|CES1E|CES1G|CLN8|FABP6|CYP1B1|CYP2B10|CYP2B13|CYP2B19|CYP2B9|IL1A|HSD17B10|HSD17B4|HSD17B6|HSD3B7|LRP2|CYP2D22|SPP1|CYP2E1|MTTP|LIPE|LRP5|NR3C1|ABCA1|DGAT2|EPHX2|ERLIN1|ERLIN2|PCSK9|PANK2|PON1|SCARB1|SCP2|HSD17B12|TNF|INSIG1|INSIG2|SLC27A2|LIPC|SULT1E1|SULT2A1|SULT2A2|SULT2A3|SULT2A5|SULT2A6|SULT2A7|CYP1A2|NFE2L1|IFNG|IL4|SHH|ABCA5|ABCG1|ABCG4|ACBD3|APLP2|APOB|APOBR|APOF|APON|ARMC5|PPARGC1A|YWHAH|ARV1|BDH1|BMPR1B|PRKACA|CH25H|CHST10|CLN6|DDX20|CYB5R1|CYB5R2|CYB5R3|CYP3A13|CYP3A25|CYP3A59|CYP51|DHCR7|DHH|DHRS11|SCAP|EBP|EBPL|ESR1|FDFT1|FDXR|FGF1|PDGFRA|SGPL1|FGFR1|SIRT1|GBA2|COMT|GC|GFI1|PROX1|ENPP1|GH|GNAI1|GNB3|GPR146|HDLBP|HINT2|HMGCR|SREBF1|HRH1|HSD17B11|TECR|HSD17B14|HSD17B2|HSD17B7|IGF1R|FOXA2|IGFBP7|LBR|LDLR|LDLRAP1|CYP7B1|IGF1|LIMA1|CYP8B1|IGF2|LIPO1|ERRFI1|LMF1|FGFR4|LRP1|LSS|MBTPS1|MBTPS2|MED1|NPC2|NSDHL|PAQR3|PBX1|LEPR|PCTP|STARD4|PLEKHA1|PMP22|SAA1|NR1D1|SC5D|SDR42E1|SEC14L2|SERPINA12|SERPINA6|SLCO1A6|SNAI1|SNAI2|SOAT1|SOAT2|SQLE|SREBF2|SULT4A1|THRB|TIPARP|TM7SF2|TSKU|NPC1|TTC39B|UGT1A7C|UGT2B35|UGT2B36|MECP2|UGT2B37|UGT2B38|UGT2B5|VLDLR|REST|HSD3B2|FGL1|HSD3B3|HSD3B6|NR1H4|SLC37A4|SF1|SMPD1|APP|FDX1|ADORA2B|G6PDX|FECH|H6PD|NFKB1|UGT1A1|ABCA2|HMGCS2|HSD11B1|LIPA|CBR1,https://www.gsea-msigdb.org/gsea/msigdb/mouse/geneset/GOBP_STEROID_METABOLIC_PROCESS,312,ENR,GOBP_STEROID_METABOLIC_PROCESS,-2.3311000000000002,0,GOBP_STEROID_METABOLIC_PROCESS,FALSE,GOBP_STEROID_METABOLIC_PROCESS
1,2.7212463990471698,-2.7212463990471698,2.7212463990471698,-1,-0.1283,1.5E-3,0.11899999999999999,CTNS|NCOR1|CTPS2|OGT|DCK|P2RX7|PFKFB1|PFKFB2|DHODH|PFKFB3|DNM1L|PFKL|DPYS|PFKP|PGAM1|PGAM2|ENPP3|PGK1|ENTPD1|ENTPD5|PKLR|EPHA2|FAM3A|PPARA|PPP2CA|FIGNL1|PRKAA1|FIS1|PRKAA2|PRKAG1|PRPS1|GART|PRPS2|GIMAP7|PSEN1|GMPR|GMPR2|GMPS|GNAI3|RPTOR|SIK2|GUCY2C|SIRT6|GUCY2G|GUK1|SLC2A6|HINT1|SLC4A1|HNF1A|SLC4A4|HSPA1B|SRC|HSPA8|STAT3|IMPDH1|IMPDH2|ITPA|TPI1|LETMD1|TRIM63|LRRK2|UCHL1|MAP2K1|UCP2|ZBTB20|MFN1|ZBTB7A|MTHFD1|MYH6|MYH7|NME1|NME2|NME3|NME4|NME5|NME6|NME7|NMNAT1|NPPA|NPPB|NPPC|NPR1|NPR2|NT5C|NT5C2|NT5C3|NT5E|NUDT10|NUDT11|ADA|NUDT18|NUDT2|NUDT4|NUDT9|OLA1|OPA1|PAICS|PAPSS1|PAPSS2|PARG|GTPBP1|PARP1|PDE10A|PDE1A|PDE4A|PDE4C|PDE4D|PDE5A|PDE7A|PDE7B|PDE8A|PDE8B|PDE9A|PFAS|PID1|PRPS1L1|PRPS1L3|BAD|PRPSAP1|PRPSAP2|RAB23|RAN|RFK|RHOQ|RNASEH2B|RORA|CDA|SLC29A1|SPHK2|SULT2B1|TGFB1|TMSB4X|TREM2|TSPO|UCK1|UCK2|UCKL1|UMPS|UPRT|DPYD|ACTN3|ADSL|AK4|ARL2|ATP7A|BCL2L13|ENTPD4|ENTPD7|CBFA2T3|COL6A1|GDA|DNAJC30|MLXIPL|MTCH2|LDHC|MYC|LDHD|MYOG|NDUFA1|NDUFA10|NDUFA11|NDUFA12|NDUFA13|NDUFA2|NDUFA3|NDUFA5|NDUFA6|NDUFA7|NDUFA8|NDUFA9|NDUFAB1|NDUFB10|NDUFB11|NDUFB2|NDUFB3|NDUFB4|NDUFB5|NDUFB6|NDUFB7|NUDT3|NDUFB8|NUDT5|NDUFB9|NDUFC1|NDUFC2|NDUFS1|NDUFS2|NDUFS3|NDUFS4|NDUFS5|NDUFS6|NDUFS7|NDUFS8|NDUFV1|NDUFV2|NDUFV3|NUPR1|OGDH|PNP|PDE2A|PPAT|RHOA|SDHA|SDHB|SDHC|SDHD|STOML2|SULT1B1|SULT1E1|SULT2A1|VCP|ABCC9|SULT2A2|SULT2A3|SULT2A5|SULT2A6|SULT2A7|IFNG|UOX|UPB1|IL4|UPP1|UPP2|JMJD8|XDH|MFSD8|PPARGC1A|PRKACA|SLC25A13|SLC25A25|TREX1|ADCY10|ENPP1|ESRRB|GCK|IGF1|INS1|INS2|INSR|KHK|MTOR|PFKM|PRKAG2|PRKAG3|PYGL|SLC25A12|CFH|ADPGK|ALDOA|ALDOART1|ALDOART2|ALDOB|ALDOC|APP|ARNT|BPGM|DDIT4|DHTKD1|EIF6|ABCC6|ENO1|ADCY1|ENO2|ADCY2|ENO3|ADCY3|ENO4|ADCY4|ADCY5|EP300|ADCY6|FBP1|ADCY7|ADCY9|FKRP|ADK|FLCN|FOXK1|AK1|FOXK2|AK2|G6PDX|AK3|GALE|AK5|GALK1|GALT|GAPDH|AMPD1|GAPDHS|AMPD2|GIT1|AMPD3|GPD1|APRT|GPI1|ATIC|HDAC4|ATP1A2|HIF1A|ATP1B1|HK1|ATP2B2|HK2|ATP6V1A|HK3|ATP6V1B1|HKDC1|ATP6V1B2|BCL2L1|BEND3|CACNB4|NUDT14|CAD|IER3|CLPX|KAT2B|CMPK1|LIPA|MLST8|MLX|COX11|MPI,https://www.gsea-msigdb.org/gsea/msigdb/mouse/geneset/GOBP_RIBOSE_PHOSPHATE_METABOLIC_PROCESS,323,ENR,GOBP_RIBOSE_PHOSPHATE_METABOLIC_PROCESS,-2.6223000000000001,0,GOBP_RIBOSE_PHOSPHATE_METABOLIC_PROCESS,FALSE,GOBP_RIBOSE_PHOSPHATE_METABOLIC_PROCESS
17,2.7212463990471698,-2.7212463990471698,2.7212463990471698,-1,-0.1656,4.0000000000000002E-4,2.8000000000000001E-2,P2RX7|MCOLN1|SLC9A9|GPD1L|SLC4A4|EDNRB|AKT2|SCNN1B|AKT3|ATP12A|ATP1A1|CATSPER3|CATSPER4|CNGA1|CNGA4|CNNM4|CNTN1|COMMD3|COMMD9|CPOX|NPPA|DMPK|DOT1L|GM5134|GUCA2B|HCN2|HCN3|HCN4|KCNK3|CXCL1|KLHL3|MAGED2|MCOLN3|MLLT3|MLLT6|NALCN|NKAIN1|NKAIN2|NKAIN4|NKX2-5|PER1|PRSS30|SCN3A|SCN4A|SCN7A|SCN8A|SCN9A|SCNN1A|SCNN1G|SERPINE2|SGK1|SIK1|SLC12A1|SLC12A3|SLC13A1|SLC20A1|SLC20A2|SLC22A4|SLC22A5|ADRB2|SLC24A1|SLC24A2|AGRN|SLC24A3|SLC24A5|SLC28A3|SLC34A1|ATP2B4|SLC34A2|SLC34A3|TRPM4|SLC38A11|SLC41A1|SLC41A3|ANK3|SLC5A1|ANO6|SLC5A10|SLC5A11|ARF1|SLC5A2|SLC5A3|SLC5A5|ATP1B2|SLC5A7|ATP1B3|SLC5A9|SLC6A18|ATP4A|SLC6A19|SLC6A2|SLC6A4|SLC8A2|SLC9A2|SLC9A3|SLC9A4|SLC4A7|SLC9A5|SLC9A7|SLC9A8|TPCN1|TPCN2|TRPM2|TGFB1|TRPM5|CAMK2D|CAV3|CFTR|SLC38A2|CNKSR3|COMMD1|BPIFA1|DMD|UMOD|DRD4|AKT1|EDNRA|FGF12|FGF13|FGF14|FXYD1|FXYD2|FXYD3|FXYD4|FXYD5|FXYD6|FXYD7|ATP1A3|GRIN1|GRP|IKBKB|KCNK1|KCNE3|KCNJ1|AHCYL1|KCNQ1|NOS3|EDN1|NEDD4|NEDD4L|OSR1|OXSR1|P2RX4|SLC10A1|PCSK9|SLC10A2|SLC10A4|PKD2|SLC10A5|SLC10A6|SLC10A7|SLC12A2|SLC13A2|SLC13A3|PON3|PRSS8|SLC17A1|PTPN3|SLC17A2|RANGRF|SLC17A4|SLC17A7|SLC17A8|SCN1B|SCN2B|SCN3B|SCN4B|SCN5A|SLC8A1|SLC9A1|SLC9A6|SLMAP|SNTA1|SLC23A1|SLC23A2|STK39|TESC|TMEM168|WNK1|WNK2|WNK4|YWHAH|SLC38A3|SLC38A4|SLC38A5|SLC38A7|SLC4A10|PLCB1|SLC4A11|SLC4A5|GNAS|SLC4A8|SLC4A9|SLC5A12|SLC5A6|SLC5A8|SLC6A12|SLC6A13|SLC6A14|SLC6A15|SLC6A17|SLC6A20B|SLC6A6|SLC6A7|SLC6A8|SLC6A9|SLC38A1|IL6|ATP1A2|ATP1B1|ATP6V1B1,https://www.gsea-msigdb.org/gsea/msigdb/mouse/geneset/GOBP_SODIUM_ION_TRANSPORT,211,ENR,GOBP_SODIUM_ION_TRANSPORT,-2.7976000000000001,0,GOBP_SODIUM_ION_TRANSPORT,FALSE,GOBP_SODIUM_ION_TRANSPORT
1,2.7212463990471698,-2.7212463990471698,2.7212463990471698,-1,-0.26939999999999997,0,0,1700066M21RIK|ABCD1|ACO1|ACO2|ACTN3|ADSL|AK4|AKT1|APOC3|ARL2|ATP7A|BCL2L13|BDNF|BID|BLOC1S1|CAT|CBFA2T3|CCNB1|CDK1|CHCHD10|CHCHD2|COL6A1|COQ7|COQ9|COX10|COX4I1|COX4I2|COX5A|COX5B|COX6A1|COX6A2|COX6B1|COX6B2|COX6C|COX7A1|COX7A2|COX7A2L|COX7B|COX7C|COX8A|COX8B|CS|CSL|CYC1|CYCS|DGUOK|DLAT|DLD|DLST|DNAJC15|DNAJC30|FH1|FXN|IDE|IDH1|IDH2|IDH3A|IDH3B|IDH3G|ISCU|MDH1|MDH2|MFN2|MLXIPL|MRPS36|MSH2|MTCH2|MTFR1|MUP1|MUP2|MUP3|MUP5|MYC|MYOG|NDP|NDUFA1|NDUFA10|NDUFA11|NDUFA12|NDUFA13|NDUFA2|NDUFA3|NDUFA5|NDUFA6|NDUFA7|NDUFA8|NDUFA9|NDUFAB1|NDUFAF1|NDUFB10|NDUFB11|NDUFB2|NDUFB3|NDUFB4|NDUFB5|NDUFB6|NDUFB7|NDUFB8|NDUFB9|NDUFC1|NDUFC2|NDUFS1|NDUFS2|NDUFS3|NDUFS4|NDUFS5|NDUFS6|NDUFS7|NDUFS8|NDUFV1|NDUFV2|NDUFV3|NUPR1|OGDH|OXA1L|PANK2|PARK7|PDE2A|PDHA1|PDHB|PINK1|PPIF|RHOA|SDHA|SDHAF2|SDHB|SDHC|SDHD|SHMT2|SIRT3|SLC25A23|SLC25A33|SNCA|STOML2|SUCLA2|SUCLG1|SUCLG2|TMEM135|TNF|TRPV4|UQCR10|UQCR11|UQCRB|UQCRC1|UQCRC2|UQCRFS1|UQCRH|UQCRQ|VCP|ABCC9|AIFM1|AIFM2|BAX|CHCHD4|CHCHD5|CISD1|COQ10B|CYP1A2|ETFA|ETFB|ETFDH|IFNAR1|IFNG|IL10RB|IL4|IMMP2L|JMJD8|LYRM7|MFSD8|MYBBP1A|NFATC3|NFATC4|NR4A3|OAS1A|OAS1B|OAS1C|OAS1E|OAS1F|OAS1G|OPN3|PIK3CA|PLEC|PM20D1|PNPT1|PPARGC1A|PRDM16|PRELID1|PRKACA|PUM2|SCO2|SLC25A13|SLC25A25|SOD2|TRAP1|TREX1|VPS54,https://www.gsea-msigdb.org/gsea/msigdb/mouse/geneset/GOBP_CELLULAR_RESPIRATION,196,ENR,GOBP_CELLULAR_RESPIRATION,-4.3585000000000003,0,GOBP_CELLULAR_RESPIRATION,FALSE,GOBP_CELLULAR_RESPIRATION
2,2.7212463990471698,-2.7212463990471698,2.7212463990471698,-1,-9.6000000000000002E-2,5.3E-3,0.46500000000000002,LYST|MAD2L2|MALT1|MILL1|MLH1|NCKAP1L|NDFIP1|NFKBID|NFKBIZ|NLRP3|PAG1|PARP3|PAXIP1|PDCD1|AIF1|PDCD1LG2|PKN1|PMS2|PRDM1|PRKCQ|PRKCZ|PYCARD|RAG1|RC3H1|CD38|RC3H2|RIF1|RIPK2|CHRNB2|RIPK3|RORC|SAMSN1|SASH3|SIGLECG|SIT1|SLAMF1|SLAMF7|SLC15A4|SLFN1|SMAD7|SOCS5|SPN|ITPKB|STAT6|TARM1|OPA1|TBX21|TFRC|TNFAIP3|TNFRSF13B|TNFRSF13C|TNFRSF14|TNFRSF1B|LCK|TNFSF13|METTL3|PDE5A|TNFSF13B|TNFSF18|TNFSF4|NCK1|TRAF6|TRP53BP1|TYK2|ULBP1|VTCN1|YWHAG|ZAP70|ZBTB1|ZBTB7B|ZC3H12A|TGFB1|ILDR2|RPS3|KAT2A|B2M|BMI1|TACR1|BID|ADORA2A|CCL19|CCL2|CCL20|CCL5|CCR2|CCR7|CD37|CD46|CD47|CD55|CD59A|CD59B|CD81|FBXO7|CTSG|IL1A|MSH2|FCGR2B|FOXJ1|GATA3|GIMAP3|GIMAP5|GPR183|H2-DMA|H2-T23|PLA2G2D|IL1B|LGALS3|MEF2C|NOD2|PF4|PGLYRP1|PGLYRP3|PGLYRP4|PPP2R3C|RHOA|PTPN6|PTPRC|TAC1|TNFRSF21|VSIG4|XCL1|IFNG|ATM|IL4|CDKN2A|SHH|BRAF|PRELID1|CASP3|TREX1|DICER1|DROSHA|SLC46A2|SLC4A2|EXOSC3|HMGB1|IGF1|IGF2|EXOSC6|IL6ST|ID2|SLC7A1|IRS2|HSP90AA1|NFATC2|TNFSF11|CD209D|CEBPB|FGR|ABL2|ACTB|ACTL6A|ACTL6B|ADAM8|ADRM1|AMBRA1|ANKLE1|AP3D1|EP300|ARID1A|ARID2|ATP11C|AXL|BANK1|BLM|IL10|BLOC1S3|BRD7|BST1|IRGM1|BTNL2|CARD11|CBFB|CBLB|CCDC88B|CD209A|CD209C|CD209E|CD22|CD276|CD320|CD5|PRKDC|CD6|CD83|CDKN1A|CLEC12A|CLEC2I|CLNK|CLPTM1|CSF1R|CTLA2A|CYLD|DAPL1|DCAF15|PGLYRP2|DDRGK1|DHPS|DLG5|DOCK8|DTX1|DUSP3|RAG2|EFNB1|EFNB2|EFNB3|EGR3|EPHB4|ERBB2|FANCA|FANCD2|FCHO1|FGF10|FLOT2|FLT3|SLAMF8|FLT3L|FOXN1|PRKAA1|ZFP36L1|GLI3|GLMN|GNRH1|GPNMB|H2-AA|H2-AB1|H2-DMB2|H2-EB1|TIRAP|H2-EB2|H2-OA|TLR4|H2-OB|HMGB3|HPS1|HSPB1|HSPH1|ICOS|SLC4A1|IGFBP2|IHH|IKZF3|IL15|SART1|IL15RA|IL1RL2|IL21|IL2RA|IL2RG|IL5|IL7|ITCH|ITGAL|KAT5|KITL|LAPTM5|LGALS8|LMO1|LRRC32|LST1|MAD1L1|MAPK8IP1|MDK|MERTK|MMP14|MPL|NCK2|NEDD9|NFAM1|NKAP|NR5A2|NRARP|PBRM1|PCID2|PELI1|PHF10|PIK3R6|PRDX2|PRLR|PTPN2|RAC2|CLEC7A|RARA|RASAL3|RASGRP1|FGL2|RASSF5|ADA|RHBDD3|RHOH|RNF41|RUNX1|RUNX3|SCGB1A1|SCRIB|SDC4|SFRP1|SFTPD|SH2B3|SH3KBP1|MYD88|SH3RF1|SHB|SIRPA|SKINT1|SLC39A10|SMARCA2|SMARCA4|SYK|SMARCB1|SMARCC1|SMARCC2|SMARCD1|SMARCD2|ABL1|SMARCD3|SMARCE1|SOCS1|SOCS6|SOS1|ARG1|SOS2|ARG2|SOX11|SOX12|SOX13|SOX4|BAD|STAT5A|TBC1D10C|TCF3|TCF7|TESPA1|TGFBR2|TICAM1|TIGIT|TNFAIP8L2|TNFRSF4|TNFRSF9|TNFSF14|TNFSF9|TNIP2|BCL2|TOX|TSC2|BMP4|TSPAN32|TWSG1|TYRO3|TYROBP|VAV1|VAV3|VCAM1|VNN1|WNT10B|WNT3A|CYP26B1|XBP1|XRCC6|ZC3H12D|ZC3H8|ZEB1|ZFP335|ZFP35|CD19|ZFP36L2|CD4|ZFP608|ZFP609|ZMIZ1|ZNHIT1|AHR|CORO1A|STAT5B|DLG1|AP3B1|ANXA1|GAL|CAV1|CD74|CEACAM1|DNAJA3|IL13|IDO1|IL4I1|LYN|PCK1|PPP3CA|PNP|PRNP|GPAM|PTEN|PTPN22|KLHL25|MIF|THY1|TLR9|PIBF1|PLA2G2F|PLA2G5|AGER|AKIRIN2|APLF|ASCL2|ATAD5|BCL6|BRD2|BRD4|BTK|BTLA|CCR6|PRKAR1A|CD160|CD1D1|CD1D2|CD24A|CD27|CD274|CD28|CD3E|CD40|CD40LG|CD44|CD69|CD80|CD86|CLEC4G|CRTAM|CSK|CTLA4|CD300A|DPP4|DUSP10|DUSP22|CTNNB1|EPHB2|EPHB6|FADD|FAS|FBXO38|HES1|FGL1|FOXP3|H2-DMB1|H2-M3|PAWR|FOXO3|HAVCR2|HFE|HLX|HSPD1|ICOSL|IL12A|IL12B|IL12RB1|IL18|GAS6|IL2|IL20RB|IL23A|IL27|IL27RA|ADK|IL4RA|IL6|IL7R|INPP5D|IRF1|BCL10|JAK2|JAK3|KLHL22|KLRD1|LAG3|LAT|LAX1|LEF1|LGALS1|LGALS9|LOXL3,https://www.gsea-msigdb.org/gsea/msigdb/mouse/geneset/GOBP_REGULATION_OF_LYMPHOCYTE_ACTIVATION,481,ENR,GOBP_REGULATION_OF_LYMPHOCYTE_ACTIVATION,-2.4249000000000001,0,GOBP_REGULATION_OF_LYMPHOCYTE_ACTIVATION,FALSE,GOBP_REGULATION_OF_LYMPHOCYTE_ACTIVATION
1,2.6989700043360201,-2.6989700043360201,2.6989700043360201,-0.998,-0.47989999999999999,8.2000000000000007E-3,0.67600000000000005,IDO1|IDO2|NMNAT1|NMNAT3|G6PDX|KMO|KYNU|HAAO|NMNAT2|ASPDH|NADK|NADSYN1|AFMID|IDH2|NAMPT|QPRT,https://www.gsea-msigdb.org/gsea/msigdb/mouse/geneset/GOBP_PYRIDINE_NUCLEOTIDE_BIOSYNTHETIC_PROCESS,16,ENR,GOBP_PYRIDINE_NUCLEOTIDE_BIOSYNTHETIC_PROCESS,-2.3483000000000001,2E-3,GOBP_PYRIDINE_NUCLEOTIDE_BIOSYNTHETIC_PROCESS,FALSE,GOBP_PYRIDINE_NUCLEOTIDE_BIOSYNTHETIC_PROCESS
11,2.7212463990471698,-2.7212463990471698,2.7212463990471698,-1,-0.1196,5.9999999999999995E-4,4.2999999999999997E-2,P2RX7|DHODH|DNM1L|SHARPIN|FAM3A|FIS1|STAT3|LETMD1|LRRK2|ERBB4|PYCARD|UCP2|MFN1|SIRT7|AKT3|NME3|ACAA2|ACAD9|BCL2L11|IGTP|IRGM2|OPA1|TFRC|PARP1|SLC22A5|AFG3L2|PID1|BAD|RRM1|ATP2A1|RRM2B|BAK1|BCL2|TK2|4930550C14RIK|ADCK1|AFG3L1|AGK|AGTPBP1|AP3B1|APOO|ALKBH7|APOOL|ARMCX3|ARRB2|ATAD3A|AKT1|ATF2|EDNRA|PISD|ATG7|ATP13A2|ATP7A|AURKA|BBC3|BCL2L13|BCL2A1A|BCL2A1B|BID|BCL2A1C|BCL2A1D|BCL2L2|PLSCR3|BIK|BLOC1S2|BMF|CHCHD10|BNIP3|CHCHD2|BNIP3L|COL6A1|BOK|COQ7|CAMK2A|AVP|CAPN10|COX10|CAV2|CDK5|CEBPA|CHCHD3|CHCHD6|CNTNAP1|CNTNAP2|RAB38|CSTAD|CTCF|COX7A1|CXADR|CCK|COX7A2|DCN|COX7A2L|DCTN6|DDHD1|DDHD2|CLN8|DNA2|SH3GLB1|DNAJA3|DNAJC11|DYNLT1A|DYNLT1B|CP|DYNLT1F|ENDOG|EPAS1|EYA2|FAM162A|FANCG|FEZ1|FSIP1|FUNDC1|FXN|FZD9|GABPB1|GDAP1|GGCT|GGNBP1|GHITM|GOLPH3|HDAC6|HSD17B10|HGF|HIP1R|MFN2|HSPA4|HTRA2|HUWE1|IMMT|MTCH2|INF2|MTFR1|JTB|MUP1|JUN|MUP2|KDR|MUP3|LETM1|MUP5|LETM2|MYC|LIG3|LMNA|LONP1|NDUFA1|LPIN1|MAN2A1|NDUFA10|MAP3K1|NDUFA11|MAPT|MARCKS|NDUFA13|GIMAP3|MCL1|NDUFA2|GIMAP5|MEF2A|NDUFA3|MFF|NDUFA5|MICU1|NDUFA6|MLLT11|MPV17|NDUFA8|MSTO1|NDUFA9|MTCH1|NDUFAB1|MTFP1|NDUFAF1|MTM1|NDUFB10|MTX1|NDUFB11|MTX2|NDUFB2|MTX3|NDUFB3|PROCA1|MMP9|MUL1|NDUFB4|EDN1|MYH14|NDUFB5|MYO19|NDUFB6|NAIF1|NDUFB7|NDUFB8|NEURL4|NDUFB9|NPTX1|NDUFC1|NRF1|NDUFC2|OPA3|NDUFS1|PARL|NDUFS2|PDCD5|NDUFS3|PGAM5|NDUFS4|PIF1|NDUFS5|PIM2|NDUFS6|PLAUR|NDUFS7|PLD6|NDUFS8|PEX5|PMAIP1|PHB2|POLDIP2|POLG|POLG2|PPP2CB|PPP2R2B|OXA1L|PRDX3|PANK2|PNP|PRMT6|PARK7|PSMD10|PDE2A|PYROXD2|RAB32|PLA2G6|RAB3A|PINK1|RALA|PPIF|PPM1K|RALBP1|RAP1GDS1|GPX1|RHOT1|RHOT2|SDHAF2|RNASEH1|RNF7|SFN|SIVA1|SLC25A36|SLC25A46|SLC25A33|SLC30A9|SMAD3|SNCA|SPIRE1|STOML2|ROMO1|SESN2|SSBP1|STAT2|STOX1|THG1L|TMEM135|TIMM10|TIMM13|TIMM22|TIMM50|TIMM9|TMEM102|UQCRC1|TMEM11|TMEM14A|SLC9A1|TNFSF10|TOMM22|TOMM40|ABCC9|FBXO24|TOMM70A|AIFM1|TOP3A|AIFM2|MAPK9|SPG7|TRABD|BAX|TRIAP1|CHCHD4|TUG1|USP30|VAT1|VDAC2|VPS13A|VPS13C|VPS13D|VPS35|WASF1|WDR35|SLC25A31|WDR81|YME1L1|IMMP2L|ZDHHC6|ZFP13|LYRM7|SLC25A4|MFSD8|SLC25A5|CDKN2A|DAP3|FASTKD3|PLEC|PNPT1|PPARGC1A|PRELID1|PPARG|PUM2|SCO2|SOD2|MRPL15|VPS54|MRPL17|SCO1|ATG3|ENPP1|CD24A|MRPL39|THEM4|GSK3A|GSK3B|IGF1|PTCD2|GCLC|HSP90AA1|GCLM|HTT|FAS|TACO1|TRP53|CFH|MPV17L|METTL4|HSPD1|NOA1|ATPAF1|SUPV3L1|ATPAF2|BCS1L|NOL3|TFAM|CHCHD7|COX16|COX17|COX18|COX19|FOXRED1|HIGD1A|HIGD1B|HIGD2A|LYRM2|EP300|NDUFAF2|NDUFAF3|NDUFAF4|NUBPL|OMA1|SAMM50|SDHAF1|SURF1|TMEM126A|IRGM1|TMEM126B|TMEM186|TMEM223|TMEM70|TTC19|HK2|HMGCL|BCL2L1|IER3|LIPA|CNP,https://www.gsea-msigdb.org/gsea/msigdb/mouse/geneset/GOBP_MITOCHONDRION_ORGANIZATION,384,ENR,GOBP_MITOCHONDRION_ORGANIZATION,-2.7534999999999998,0,GOBP_MITOCHONDRION_ORGANIZATION,FALSE,GOBP_MITOCHONDRION_ORGANIZATION
5,2.2218487496163601,-2.2218487496163601,2.2218487496163601,-0.99399999999999999,-0.30370000000000003,4.3400000000000001E-2,1,SUMO1|NEDD4L|PLCB4|OXSR1|GRP|CASQ2|CAV3|ATF4|KCNAB1|PTGER3|CRBN|PTK2B|KCNE1|KCNE2|KCNE3|KCNH2|RGS4|ACTN2|GNAQ|AGRN|BIN1|AKAP5|KCNQ1|KCNRG|ANK3|KEL|NOS3|CAV1|STK39,https://www.gsea-msigdb.org/gsea/msigdb/mouse/geneset/GOBP_NEGATIVE_REGULATION_OF_POTASSIUM_ION_TRANSPORT,29,ENR,GOBP_NEGATIVE_REGULATION_OF_POTASSIUM_ION_TRANSPORT,-1.9754,6.0000000000000001E-3,GOBP_NEGATIVE_REGULATION_OF_POTASSIUM_ION_TRANSPORT,FALSE,GOBP_NEGATIVE_REGULATION_OF_POTASSIUM_ION_TRANSPORT
5,2.7212463990471698,-2.7212463990471698,2.7212463990471698,-1,-0.16869999999999999,3.7100000000000001E-2,1,NEDD4|NEDD4L|OSR1|OXSR1|PCSK9|PKD2|PLN|PPP3CA|PPP3CB|PPP3CC|PPP3R1|PRKCE|PPIF|PTGER3|PTK2B|REM1|RGS4|GSTM7|UCP2|SESTD1|SLC30A1|SLN|SRI|STK39|SUMO1|TGFB2|TLR9|TMBIM6|TRDN|UBQLN1|UBR3|WNK1|WNK2|WNK4|YWHAE|YWHAQ|FMR1|SERPINE2|PTGS2|ACTN2|AGRN|AKAP5|TRIM27|ANK3|BCL2|CNR1|CACNA1F|INPP5K|CALM1|TGFB1|CALM2|CALM3|CAMK2D|CASQ2|CAV3|MTOR|ATF4|AHR|PIK3C2A|COMMD1|CRBN|CD300A|CRHR2|DRD4|DYSF|AKT1|GNAO1|ATP7A|GNAQ|FBXO11|FCRL5|HES1|HSD3B2|ACE|HSD3B3|HSD3B6|FKBP1B|HTR7|MAOB|CAV1|GNB5|PACSIN3|GOPC|PAWR|GPR35|PLCB4|PRKG2|PXK|GRP|GSTO1|STC1|ICAM1|HRC|USP2|KCNAB1|ISCU|KCNE1|KCNE2|KCNE3|KCNH2|VDAC1|BIN1|ATP1A2|KCNQ1|KCNRG|HAMP|HAMP2|KEL|NOS3|MMP9,https://www.gsea-msigdb.org/gsea/msigdb/mouse/geneset/GOBP_NEGATIVE_REGULATION_OF_MONOATOMIC_ION_TRANSPORT,110,ENR,GOBP_NEGATIVE_REGULATION_OF_MONOATOMIC_ION_TRANSPORT,-2.0251000000000001,0,GOBP_NEGATIVE_REGULATION_OF_MONOATOMIC_ION_TRANSPORT,FALSE,GOBP_NEGATIVE_REGULATION_OF_MONOATOMIC_ION_TRANSPORT
,2.0043648054024499,-2.0043648054024499,2.0043648054024499,-0.99009999999999998,-0.24759999999999999,9.4299999999999995E-2,1,CSF2|TSPAN32|DOCK2|HMGB1|CD37|IL4|HAVCR2|SLAMF1|DCSTAMP|TGFB1|CLEC4D|NOTCH2|FLT3L|STARD7|ITGB6|ITGB8|PSEN1|RBPJ|BATF2|BATF3|LTBR|PILRB1|UBD|IL10|BATF|IRF4|PYCARD|TRAF6|CAMK4|GIMAP3|GIMAP5|RELB|KLRK1|TGFBR2|TNFSF9,https://www.gsea-msigdb.org/gsea/msigdb/mouse/geneset/GOBP_MYELOID_DENDRITIC_CELL_ACTIVATION,35,ENR,GOBP_MYELOID_DENDRITIC_CELL_ACTIVATION,-1.7565,9.9000000000000008E-3,GOBP_MYELOID_DENDRITIC_CELL_ACTIVATION,FALSE,GOBP_MYELOID_DENDRITIC_CELL_ACTIVATION
21,2.7212463990471698,-2.7212463990471698,2.7212463990471698,-1,-0.18740000000000001,6.1000000000000004E-3,0.52300000000000002,CTNS|NR3C2|OXSR1|PPP3CA|SLC15A2|PON3|PTGER3|RHOA|PKN1|SLC25A23|SLC4A1|HNF1A|DAB2|EDNRB|KCNMA1|HSD11B2|SCNN1B|CHRNB2|CHRNB4|SLC22A6|STK39|NPPB|GUCA2B|KLHL3|F2RL1|MAGED2|GJA5|MLLT6|WNK4|ADIPOQ|SLC12A3|ADRB1|ADRB2|AGTR1A|COMT|SLC5A1|PDGFB|SLC5A2|SLC4A5|RRM2B|SLC6A18|BCL2|BMP4|CACNA1C|PRKRIP1|INPP5K|PTGER4|AQP2|LGMN|ADM|AGT|CLN3|AVPR2|CYBA|CLDN16|EMP2|SULF1|UMOD|SULF2|TACR1|EDNRA|GNAI2|F2R|ABCG2|ABCG3|ADORA1|AQP1|ADORA2A|SUCNR1|SERPINF2|AKAP11|AQP6|BCR|STC1|BTC|CD34|CLCN5|CORIN|CORO2B|ITGA3|MCAM|WFS1|AMN|MYO1E|AQP3|NFAT5|AQP4|NPR3|AQP7|OIT3|CD2AP|GJA1|PTPRO|CLCNKB|RHPN2|CLDN19|TBC1D8B|CLDN4|TMEM63C|GAS6|TTR|GSN|UTS2R|HAS2|XPNPEP3|HYAL2|RHPN1|ADCY6|SCTR|G6PDX|KCNJ1|ATP6V0A4|CYP2J5|OXT|KCNN4|KCNQ1|ATP6V1B1|PSAP|EDN1,https://www.gsea-msigdb.org/gsea/msigdb/mouse/geneset/GOBP_RENAL_SYSTEM_PROCESS,119,ENR,GOBP_RENAL_SYSTEM_PROCESS,-2.4041999999999999,0,GOBP_RENAL_SYSTEM_PROCESS,FALSE,GOBP_RENAL_SYSTEM_PROCESS
5,2.7212463990471698,-2.7212463990471698,2.7212463990471698,-1,-0.1176,8.0000000000000004E-4,0.06,ORAI1|GPD1L|AKT2|NPPA|FMR1|PDE4D|P2RY1|P2RY6|TRIM27|PDGFB|SPHK2|TGFB1|TREM2|TSPO|PIK3C2A|B2M|BPIFA1|PIK3CG|AKT1|ATP7A|PLCG1|PLCG2|ABCC8|ACE|CCL12|ADORA1|ADORA2A|CCL3|ATP8B1|BEST1|CCL5|CASR|GJA1|CX3CL1|CXCL10|TMEM38B|CXCL11|CXCL12|ISCU|CXCL9|VDAC1|F2|AHCYL1|GIMAP3|GIMAP5|HAMP|HAMP2|LGALS3|PPIF|RHOA|PTPN6|SNCA|TRF|ABCC9|BAX|XCL1|IFNG|IL4|NFATC3|CHD7|ADRB1|PLCB1|GCK|GNAS|IGF1|INPP5K|MTOR|TRPC4|NOL3|G6PDX|P2RX7|SERPINE1|UCP2|SCNN1B|AKT3|ATP1A1|CNTN1|DMPK|CXCL1|MLLT6|NKAIN1|NKAIN2|NKAIN4|NKX2-5|PER1|SERPINE2|SGK1|SIK1|ABCB1A|ABCB1B|ABL1|ACTN2|ADRB2|AFG3L2|AGRN|AGTR1A|AHNAK|AKAP5|AKAP6|ATP2B4|AKAP7|AKAP9|AMIGO1|ANK2|ANK3|ANO6|APLNR|ARF1|ASPH|ATG5|ATP1B2|ATP1B3|ATP2A1|ATP4A|BAK1|BCL2|SLC6A4|BDKRB1|CNR1|BMP4|CACNA1C|SLC9A3|CACNA1D|CACNA1F|CACNA2D1|CACNB1|CACNB2|CACNB3|CACNG1|CALM1|CALM2|CALM3|CAMK2D|CAPN3|CASQ1|CASQ2|CAV3|CD19|CD4|CD63|CFTR|AGT|CLEC4B1|DBI|AHR|CNKSR3|COMMD1|CORO1A|CRBN|CTSS|CXCR3|CYBA|DHRS7C|DLG1|DMD|DPP10|DPP6|DRD4|ARRB2|DYSF|EDN3|EDNRA|EHD3|F2R|F2RL3|FBXO11|FCRL5|FGF12|FGF13|FGF14|FHL1|FKBP1A|FKBP1B|FLNA|FXYD1|FXYD2|FXYD3|CAMK2A|FXYD4|FXYD5|FXYD6|FXYD7|FYN|GAL|CAV1|GALR2|GJC2|GNB2|GNB5|GOPC|GPR35|GPR39|GRIA1|GRIN1|GRIN2C|GRM6|GRP|GSTO1|HAP1|HEPH|HOMER1|HPCA|HRC|HSPA2|IKBKB|IL13|ITGB1|ITGB3|JPH2|JPH3|JSRP1|KCNAB1|KCNAB2|KCNAB3|KCNC1|KCNC2|KCNE1|KCNE2|KCNE3|KCNG4|KCNH2|KCNIP1|KCNIP2|KCNIP3|KCNIP4|KCNJ1|KCNJ10|KCNJ11|KCNJ12|KCNJ13|KCNJ15|KCNJ16|KCNJ2|KCNJ5|KCNJ6|KCNJ8|KCNMB1|KCNN2|KCNN4|KCNQ1|KCNRG|KCNS1|KEL|LCN2|LIME1|LRRC26|LRRC52|LRRC55|NOS3|LYN|MMP9|EDN1|MS4A1|MS4A2|NDUFA4|NEDD4|NEDD4L|NGF|NLGN3|NR3C2|OSR1|OXSR1|P2RX1|P2RX4|P2RX5|PCSK9|PDPK1|PHB2|PKD2|PLN|PML|PPP3CA|PPP3CB|PPP3CC|PPP3R1|PRKCE|PRKD1|PRNP|PRSS8|PSEN2|PTGER3|PTK2B|PTPN22|PTPN3|RANGRF|RAPGEF3|RELN|REM1|RGS4|GSTM7|RGS7|RGS9|RIPK1|RNF207|RYR2|SCN1B|SCN2B|SCN3B|SCN4B|SCN5A|SESTD1|SLC30A1|SLC31A2|SLC36A2|SLC8A1|SLC9A1|SLC9A6|SLMAP|SLN|SNTA1|SPG7|SRI|STAC|STAC2|STAC3|STIM1|STIM2|MYO5A|STK39|STOM|SUMO1|TCIRG1|TESC|TGFB2|THY1|TLR9|TMBIM6|TMEM168|TMEM38A|TRDN|TRPC1|TRPC3|TRPC6|TSPAN13|UBASH3B|UBQLN1|UBR3|VAMP2|VMP1|WNK1|WNK2|PLP1|WNK4|WWP2|YWHAE|YWHAH|YWHAQ|PTGS2|SCO1|PDGFRB|CD84|AQP2|ATF4|ATP2B1|ATP2C2|CACNA1G|CAR2|CAR7|CASK|CCKAR|CCR1|CD300A|CHRM1|CLDN10|CLDN16|CREB3|CRHR2|CTNNB1|CXCR4|EFHB|EGF|HTT|GCG|GLP1R|GNAI2|GNAO1|GNAQ|HBP1|HES1|HOMER2|HOMER3|HSD3B2|HSD3B3|HSD3B6|HTR7|IL16|ISL1|ITPR1|JPH4|KCNA5|KCNF1|TACO1|KIF5B|LILRA5|LPAR3|MAOB|MCHR1|MYLK|P2RY12|PACSIN3|PAWR|PDZK1|PLCB4|PRKG2|PXK|RAB11B|SLC30A6|HFE|SPG11|STC1|STC2|ICAM1|TMX1|TRPV2|TSPAN18|USP2|VDR|WFS1|COX17|BIN1|JAK3|ATP1A2|ATP1B1|ATP2B2|CACNB4|ADCYAP1R1,https://www.gsea-msigdb.org/gsea/msigdb/mouse/geneset/GOBP_REGULATION_OF_MONOATOMIC_ION_TRANSPORT,426,ENR,GOBP_REGULATION_OF_MONOATOMIC_ION_TRANSPORT,-2.6983999999999999,0,GOBP_REGULATION_OF_MONOATOMIC_ION_TRANSPORT,FALSE,GOBP_REGULATION_OF_MONOATOMIC_ION_TRANSPORT
23,2.2291479883578602,-2.2291479883578602,2.2291479883578602,-0.99409999999999998,-0.29099999999999998,5.0200000000000002E-2,1,APOA1|APOA2|PLA2G10|ABCA5|ABCG1|PLA2G3|PLA2G5|APOB|APOM|LCAT|PNLIP|GPIHBP1|PNLIPRP1|PNLIPRP2|PLTP|PLA2G7|SCARB1|APOC3|MTTP|APOE|LIPC|LIPG|MPO|APOA4|APOA5|LPL|NR1H4|APOC1|TAF8|PLA2G12B|PLA2G2E,https://www.gsea-msigdb.org/gsea/msigdb/mouse/geneset/GOBP_PROTEIN_CONTAINING_COMPLEX_REMODELING,31,ENR,GOBP_PROTEIN_CONTAINING_COMPLEX_REMODELING,-1.9404999999999999,5.8999999999999999E-3,GOBP_PROTEIN_CONTAINING_COMPLEX_REMODELING,FALSE,GOBP_PROTEIN_CONTAINING_COMPLEX_REMODELING
2,2.7212463990471698,-2.7212463990471698,2.7212463990471698,-1,-0.2147,6.4999999999999997E-3,0.57799999999999996,BCL2|TSC2|CD70|CD79A|RAG2|TYROBP|VAV3|MEF2C|WNT3A|IRS2|NCKAP1L|CD19|NFKBIZ|CTLA4|AHR|CD180|TIRAP|BMI1|CD300A|PTEN|PTPRC|TLR4|NFATC2|PKN1|EPHB2|IKZF3|PRKCD|IL21|IL5|IL7|RC3H1|CD38|FOSL2|TNFRSF21|CHRNB2|GAPT|BAX|PLCL2|MIF|SASH3|CD74|PAWR|ATM|IL4|SIGLECG|PELI1|TLR9|PRLR|CD81|HSPD1|CDKN2A|CFB|RASGRP1|ADA|IL13|CR2|IL2|CASP3|SHB|TFRC|SLC39A10|TNFRSF13B|IL10|TNFRSF13C|ATAD5|IL7R|BST1|IL9R|INPP5D|TNFSF13|ABL1|BCL6|CARD11|FCGR2B|TNFSF13B|BTK|BTLA|CD22|CD320|GPR183|PCYT1A|TCF3|CDKN1A|CD24A|CD27|TICAM1|LEF1|TNFRSF4|LYN|CD40|CD40LG,https://www.gsea-msigdb.org/gsea/msigdb/mouse/geneset/GOBP_B_CELL_PROLIFERATION,91,ENR,GOBP_B_CELL_PROLIFERATION,-2.3853,0,GOBP_B_CELL_PROLIFERATION,FALSE,GOBP_B_CELL_PROLIFERATION
,2.7212463990471698,-2.7212463990471698,2.7212463990471698,-1,-0.44950000000000001,3.5000000000000001E-3,0.317,NUBPL|ABCB7|HSPA9|XDH|NFS1|BOLA2|BOLA3|CIAO1|GLRX3|CIAPIN1|GLRX5|FXN|HSCB|ISCA1|ISCA2|LYRM4|NDUFAB1|NFU1|NUBP1|NUBP2|ISCU,https://www.gsea-msigdb.org/gsea/msigdb/mouse/geneset/GOBP_METALLO_SULFUR_CLUSTER_ASSEMBLY,21,ENR,GOBP_METALLO_SULFUR_CLUSTER_ASSEMBLY,-2.4929000000000001,0,GOBP_METALLO_SULFUR_CLUSTER_ASSEMBLY,FALSE,GOBP_METALLO_SULFUR_CLUSTER_ASSEMBLY
13,2.7212463990471698,-2.7212463990471698,2.7212463990471698,-1,-0.32800000000000001,1.09E-2,0.79100000000000004,CYB5R4|CPOX|SLC25A39|SLC6A9|UROS|CYP2A5|FXN|SLCO1A6|ABCB10|ABCB6|ABCB7|ALAD|ALAS1|HNF1A|ALAS2|BLVRB|COX15|FECH|HEBP1|HMBS|HMOX1|HMOX2|IREB2|BLVRA|PGRMC1|PPOX|TMEM14A|SLC11A2|SLC48A1|SNX3|SRRD|TMEM14C|BDH2|COX10|UROD|HPX,https://www.gsea-msigdb.org/gsea/msigdb/mouse/geneset/GOBP_HEME_METABOLIC_PROCESS,36,ENR,GOBP_HEME_METABOLIC_PROCESS,-2.2938000000000001,0,GOBP_HEME_METABOLIC_PROCESS,FALSE,GOBP_HEME_METABOLIC_PROCESS
26,1.92081875395238,-1.92081875395238,1.92081875395238,-0.98799999999999999,-0.15040000000000001,7.6700000000000004E-2,1,SLC25A27|SLC25A3|SLC12A2|SLC17A1|SLC17A7|SLC17A8|SLC4A1|CLCN2|SLC1A1|SLC1A4|UCP2|BSND|SLC12A9|MFSD8|SLC26A1|SLC26A11|SLC26A3|SLC26A6|SLC26A9|RACGAP1|SLC12A1|SLC12A3|CLIC4|SLC13A1|SLC20A1|SLC37A1|SLC20A2|PCYOX1|SLC34A1|ANO6|SLC4A11|SLC4A2|SLC4A3|SLC5A5|SLC4A8|SLC4A9|SLC5A6|SLC6A2|SLC1A3|SLC5A8|GABRB3|SLC37A2|ANO1|ANO10|ANO2|ANO3|ANO4|ANO8|ANO9|CLCA1|CLCA2|MTOR|CLCC1|CLCN6|CLCNKA|CFTR|CLDN17|CLIC1|CLIC3|CLIC5|CLIC6|GABRA2|GABRA3|GABRA4|GABRB1|GABRB2|GABRD|GABRE|GABRP|GABRR2|GLRB|SLC26A10|TTYH1|SLC26A2|TTYH2|SLC26A4|TTYH3|TMC4|XPR1|ANK|FXYD1|SLC37A4|BEST1|BEST2|CASR|AQP6|CLCN5|SLC25A10|VDR|CLCNKB|CLDN4|KCNK1|KCNK2|LRRC8A|SLC12A5|CLCN3|CLCN7|SLC12A4|SLC12A6|SLC12A7|SLC12A8|SLC25A14,https://www.gsea-msigdb.org/gsea/msigdb/mouse/geneset/GOBP_INORGANIC_ANION_TRANSMEMBRANE_TRANSPORT,102,ENR,GOBP_INORGANIC_ANION_TRANSMEMBRANE_TRANSPORT,-1.8162,1.2E-2,GOBP_INORGANIC_ANION_TRANSMEMBRANE_TRANSPORT,FALSE,GOBP_INORGANIC_ANION_TRANSMEMBRANE_TRANSPORT
28,2.2076083105017501,-2.2076083105017501,2.2076083105017501,-0.99380000000000002,-0.1011,3.44E-2,0.999,OXCT1|APOA2|BSCL2|NCEH1|PRKAA1|ADRA2A|DGKD|BCO2|SIRT6|PRKCD|GDPD1|GDPD3|NAPEPLD|PLB1|PNPLA2|AKT2|ABCB11|FITM2|ABCD2|ABCD3|ABCD4|ABHD1|ABHD2|ABHD3|ACAA1A|ACAA1B|ACAA2|ACAD10|ACAD11|HEXB|ACAD12|ACADL|ACADS|ACADVL|ACOT7|ACOT8|ACOX2|ACOX3|ACOXL|ACSL5|ADIPOQ|PAFAH1B1|ABHD12|INPP5F|ABHD12B|AIG1|PLA2G7|ABHD16A|AKR1C18|AKR1D1|APOE|AADAC|ABHD15|ABHD6|AUH|ACAP1|CIDEA|CIDEC|CLSTN3|CRTC3|ENDOU|BDH2|ENPP6|ABHD5|GALC|GLA|GM2A|GPCPD1|HEXA|IAH1|CES1D|LIPH|CES1F|LIPK|CNR1|LIPM|CPT1A|NAGA|CPT1B|NEU1|ACOT2|CPT2|NEU2|CRAT|NEU3|PAFAH1B2|PAFAH1B3|PAFAH2|PCCA|CYP24A1|PDE3B|CYP26A1|PLA1A|CYP26B1|PLA2G4B|CYP27A1|PLA2G4E|BGLAP2|CYP27B1|PLBD1|CYP39A1|PLBD2|CYP46A1|PLCB2|CYP4F13|PLCD3|CYP4F14|PLCD4|CYP4F15|PLCE1|CYP4F18|PLCH1|CYP7A1|PLCH2|PLCXD2|DBI|GPIHBP1|PLCXD3|PLIN1|SRD5A1|PNPLA1|PNPLA6|PNPLA7|SMPD3|PPT1|DECR1|PTPRV|DECR2|PIK3CG|RAB7|SMPD2|SMPD4|ABCD1|DPEP1|SMPDL3B|DPEP2|SORL1|TBL1XR1|ECH1|THRA|ECHDC1|FGF21|ECHDC2|AKT1|ECHS1|APOC3|ECI1|PLA2G4C|ECI2|PLCD1|ECI3|PLCG1|AMACR|APOH|EHHADH|PLCG2|ANGPTL3|PLD1|PLD2|AOAH|FAAH|APOA4|FABP1|ADORA1|APOA5|APOC1|APOC2|ASAH1|ASAH2|GCDH|GLB1|CES1B|CES1C|CES1E|CES1G|DDHD2|CP|HACL1|HADH|CYP1B1|HADHA|HADHB|NAGLU|HAO1|IDH1|HSD17B10|HSD17B4|HSD17B6|HSD3B7|ILVBL|IVD|KLF9|SPP1|LIPE|LONP2|LPIN1|LPIN2|LPIN3|GIMAP3|GIMAP5|MFSD2A|PLA2G12A|MLYCD|PLA2G12B|DAGLA|PLA2G2C|ACER2|DAGLB|PLA2G2D|PLA2G2E|IL1B|PSAP|NUDT19|NUDT7|NUDT8|PCK1|PCK2|PEX13|PLD6|PEX5|PEX7|PHYH|PLIN5|PRKCE|PLA2G1B|PLA2G6|PPARD|RARRES2|SCARB1|SCP2|SCT|SESN2|HPGD|SLC25A17|TNF|SLC27A2|SLC27A4|LIPC|SP1|LIPG|SRD5A3|STRAP|LPL|SULT1E1|LYPLA2|MGLL|CYP1A2|ETFA|ETFB|NAAA|ETFDH|TWIST1|TYSND1|PLA2G10|PLA2G15|ACER1|PLA2G2F|PLA2G4A|PLA2G4F|PLA2G5|APOB|PNLIP|PNLIPRP1|PNLIPRP2|YWHAH|PNPLA3|PNPLA8|VPS54|ACADM|SCO1|SGPL1|GBA2|SIRT2|HINT2|PLCB1|HSD17B11|HSD17B14|LDLR|SMPDL3A|PRDX6|GPLD1|PRDX6B|LRP1|INS1|INS2|IRS1|IRS2|MGST2|ASPG|LCT|MTOR|CPS1|CEL|CLPS|UGT1A7C|SMPD1|ACACB|ACAT1|ACOX1|ALDH1L2|CROT|ZPBP2|ACER3|PLCB3|SCTR|HSD11B1|ABHD4|ENPP2|LIPA,https://www.gsea-msigdb.org/gsea/msigdb/mouse/geneset/GOBP_LIPID_CATABOLIC_PROCESS,309,ENR,GOBP_LIPID_CATABOLIC_PROCESS,-2.0484,6.1999999999999998E-3,GOBP_LIPID_CATABOLIC_PROCESS,FALSE,GOBP_LIPID_CATABOLIC_PROCESS
12,1.99567862621736,-1.99567862621736,1.99567862621736,-0.9899,-0.1211,7.7700000000000005E-2,1,RBP2|RBP7|REPIN1|P2RX7|RPS6KB1|SLC10A1|SLC10A2|SLC10A3|FABP2|SLC10A4|FABP3|SLC10A5|FABP4|SLC10A6|FABP5|SLC10A7|FIS1|SLC16A11|PLA2G1B|SLC16A12|PLA2G6|PPARD|SLC16A7|SLC16A9|SLC17A5|SLC27A5|HNF1A|SLC16A1|SLC16A3|TMEM135|SLC22A1|SLC25A17|TNF|SLC27A2|UCP2|SLC27A4|SLC22A2|SLC22A22|AKT2|ABCB11|LYPLA1|ABCD2|SLC22A3|ABCD3|ABCD4|MAPK9|SLC22A6|SLC22A7|SLC22A8|MIF|SLC25A20|PLA2G10|SLC26A6|ACSL5|PLA2G2F|PLA2G3|PLA2G4A|PLA2G4F|PLA2G5|PNPLA8|PPARG|PTGES|TNFRSF11A|SYK|PTGS2|APOE|SLC22A13|SLC43A3|SLC27A1|SLC27A3|SLC27A6|SLC5A12|CES1D|SLC5A6|CES1F|SLC5A8|SLC6A12|SLC6A13|CPT1B|CPT2|SLC6A8|ACSL1|ACSL3|IRS2|ACSL4|ACSL6|CYP7A1|SLCO1A1|SLCO1A4|SLCO1A5|SLCO1A6|SLCO1B2|SLCO1C1|SLCO2A1|SLCO2B1|SLCO3A1|SLCO4A1|ABCD1|STARD10|DRD4|ABCB4|THBS1|ABCC1|AKT1|TNFSF11|ABCC2|TSPO2|ABCC3|ABCC4|ABCG2|ANXA1|ACE|FABP1|NR1H4|AQP8|AQP9|ATP8B1|CEACAM1|CEACAM2|CASR|CES1B|ACACB|CES1C|CD36|CES1E|CES1G|CLDN2|CRABP1|GOT2|CRABP2|EMB|FABP12|FABP6|SLC2A1|FABP7|CROT|HRH2|IL1A|KISS1R|MAP2K6|MYC|NMB|NR0B2|KCNJ8|CYP4A10|OXT|P2RY2|MFSD2A|CYP4A31|CYP4A32|PLA2G12A|PLA2G12B|PLA2G2C|PLA2G2D|PLA2G2E|NOS2|PLA2R1|IL1B|PLIN2|LYN|PROCA1|EDN1|RBP1,https://www.gsea-msigdb.org/gsea/msigdb/mouse/geneset/GOBP_MONOCARBOXYLIC_ACID_TRANSPORT,163,ENR,GOBP_MONOCARBOXYLIC_ACID_TRANSPORT,-1.8128,1.01E-2,GOBP_MONOCARBOXYLIC_ACID_TRANSPORT,FALSE,GOBP_MONOCARBOXYLIC_ACID_TRANSPORT
16,2.7212463990471698,-2.7212463990471698,2.7212463990471698,-1,-0.26690000000000003,5.9999999999999995E-4,4.2999999999999997E-2,WDR1|XIRP1|MEF2C|CAPN3|CASQ1|CASQ2|CAV3|PRKD1|ANKRD23|MYH6|ACTA1|ACTC1|ACTG1|ADPRHL1|AKAP13|CFL2|CFLAR|CSRP1|CSRP2|CSRP3|FHOD3|FLII|ITGB1|FLNC|HDAC2|KRT19|PLEC|KRT8|NKX2-5|LDB3|LMOD1|LMOD2|LMOD3|MYBPC1|MYBPC2|EP300|MYBPC3|MFN2|MYBPH|MYH10|MYH11|MYL2|MYL9|MYLK3|MYOM1|MYOM2|MYOM3|MYOZ1|MYOZ2|ACTN2|MYPN|NEB|NEBL|NEURL2|NRAP|PDGFRA|PDGFRB|PGM5|MEF2A|PRKAR1A|PROX1|SIX4|SMAD4|SRF|TCAP|TMOD1|TMOD2|TMOD3|TMOD4|TNNT1|TNNT2|TNNT3|EDN1|TPM1|TTN,https://www.gsea-msigdb.org/gsea/msigdb/mouse/geneset/GOBP_MYOFIBRIL_ASSEMBLY,75,ENR,GOBP_MYOFIBRIL_ASSEMBLY,-2.7528999999999999,0,GOBP_MYOFIBRIL_ASSEMBLY,FALSE,GOBP_MYOFIBRIL_ASSEMBLY
1,2.7212463990471698,-2.7212463990471698,2.7212463990471698,-1,-0.19,0,1E-3,DCK|PGK1|ENTPD1|FAM3A|PPARA|PRPS1|COASY|GART|PRPS2|GMPR|DCAKD|GMPR2|GMPS|GUCA1A|GUCA1B|GUCY2C|GUCY2G|GUK1|HNF1A|DIP2A|STAT3|IMPDH1|IMPDH2|LETMD1|MAP2K1|MTHFD1|MTHFD2L|NADK|NADSYN1|NAMPT|NME1|NME2|NME3|NME4|NME5|NME6|NME7|NMNAT1|NMNAT3|NPPA|NPPB|NPPC|NPR1|NPR2|ACOT7|NT5E|ACSL5|ADA|ADAL|NUDT2|AFMID|OASL2|PAICS|PAPSS1|MMAA|PAPSS2|PARP1|NMNAT2|PFAS|PID1|PANK1|PRPS1L1|PANK3|PRPS1L3|PANK4|PRPSAP1|PRPSAP2|RD3|BCKDK|PDHX|ACACA|ACLY|SLC4A7|SPHK2|ACSL1|TGFB1|ACSL4|TMSB4X|ACSL6|TREM2|ACSS1|ACSS2|ADSL|AK4|PPCDC|PPCS|GCDH|SLC25A16|DGUOK|HAAO|SLC25A42|DLAT|DLD|DNAJC30|IDH2|IDO1|IDO2|VDAC1|SPP1|KMO|KYNU|LDHC|MYC|LDHD|NDUFA1|NDUFA10|NDUFA11|NDUFA12|NDUFA13|NDUFA2|NDUFA3|NDUFA5|NDUFA6|NDUFA7|NDUFA8|MLYCD|NDUFA9|NDUFAB1|NDUFB10|NDUFB11|NDUFB2|NOS3|NDUFB3|NDUFB4|NDUFB5|NDUFB6|NDUFB7|ELOVL1|NDUFB8|NDUFB9|ELOVL3|NDUFC1|ELOVL4|NDUFC2|ELOVL5|NDUFS1|ELOVL6|NDUFS2|ELOVL7|NDUFS3|NDUFS4|NDUFS5|NDUFS6|NDUFS7|NDUFS8|NDUFV1|NDUFV2|NDUFV3|PANK2|PNP|PNP2|PDHA1|PDHB|PPAT|SDHA|SDHB|QPRT|SDHC|SDHD|SNCA|STOML2|SHMT1|VCP|IL4|PDK1|PDK2|PDK3|PDK4|OAS1A|SLC25A13|ADCY10|TPK1|PGM2|MTAP|SLC25A12|ACACB|ACAT1|ALDOA|ENO1|ADCY1|ADCY2|ADCY3|ADCY4|ADCY5|ADCY6|ADCY7|ADCY9|ADK|ADORA2B|AK1|AK2|G6PDX|AK3|AMPD1|AMPD2|AMPD3|APRT|ASPDH|ATIC|ATP6V1A|BCL2L1|LIPA|COX11,https://www.gsea-msigdb.org/gsea/msigdb/mouse/geneset/GOBP_PURINE_CONTAINING_COMPOUND_BIOSYNTHETIC_PROCESS,203,ENR,GOBP_PURINE_CONTAINING_COMPOUND_BIOSYNTHETIC_PROCESS,-3.1518000000000002,0,GOBP_PURINE_CONTAINING_COMPOUND_BIOSYNTHETIC_PROCESS,FALSE,GOBP_PURINE_CONTAINING_COMPOUND_BIOSYNTHETIC_PROCESS
9,2.2441251443275099,-2.2441251443275099,2.2441251443275099,-0.99429999999999996,-0.18729999999999999,2.1600000000000001E-2,0.98199999999999998,EXOSC10|PWP2|RPS13|RPS15|RPS17|RCL1|RPS19|FBL|FCF1|RIOK1|RPS21|RIOK2|RPS23|RIOK3|RPS25|RPS4X|RPS6|RPS7|RPS8|RPS9|RPP40|RPSA|RPS19BP1|RPS27L|GTF2H5|HEATR1|RRP36|RRP7A|RRP9|RRS1|IMP3|IMP4|RPS11|MRPS7|RPS12|RPS14|RPS15A|RPS16|KRI1|RPS24|KRR1|RPS27|RPS27A|RPS28|RPS5|LSM6|LTV1|MCAT|METTL17|MPHOSPH10|SRFBP1|AATF|ABT1|NAT10|BMS1|SURF6|NGDN|BYSL|TBL3|TRMT112|NOB1|TSR1|TSR2|NOL10|NOL11|NOL6|NOL7|NOM1|NOP14|DCAF13|UTP15|UTP18|NOP56|UTP20|FAU|NOP58|UTP23|NPM1|UTP3|UTP6|WDR3|WDR36|WDR43|WDR46|WDR75|DDX52|PNO1|XRCC5|DHX37|DIMT1|PRKDC|DNTTIP2|EMG1|ERAL1|ERCC2,https://www.gsea-msigdb.org/gsea/msigdb/mouse/geneset/GOBP_RIBOSOMAL_SMALL_SUBUNIT_BIOGENESIS,95,ENR,GOBP_RIBOSOMAL_SMALL_SUBUNIT_BIOGENESIS,-2.1638999999999999,5.7000000000000002E-3,GOBP_RIBOSOMAL_SMALL_SUBUNIT_BIOGENESIS,FALSE,GOBP_RIBOSOMAL_SMALL_SUBUNIT_BIOGENESIS
1,2.7212463990471698,-2.7212463990471698,2.7212463990471698,-1,-0.19350000000000001,6.9999999999999999E-4,4.9000000000000002E-2,NDUFB7|NDUFB8|NDUFB9|DCK|NDUFC1|NDUFC2|NDUFS1|NDUFS2|NDUFS3|NDUFS4|NDUFS5|NDUFS6|NDUFS7|NDUFS8|ENTPD1|NDUFV1|NDUFV2|NDUFV3|FAM3A|PPARA|PNP|PRPS1|GART|PRPS2|GMPR|PPAT|GMPR2|GMPS|SDHA|GUCA1A|SDHB|GUCA1B|QPRT|SDHC|GUCY2C|SDHD|GUCY2G|GUK1|HNF1A|STAT3|STOML2|IMPDH1|IMPDH2|LETMD1|MAP2K1|MTHFD1|MTHFD2L|VCP|NADK|NADSYN1|NAMPT|NME1|NME2|NME3|NME4|NME5|NME6|NME7|NMNAT1|NMNAT3|IL4|NPPA|NPPB|NPPC|NPR1|NPR2|OAS1A|ADA|NUDT2|AFMID|OASL2|PAICS|PAPSS1|PAPSS2|SLC25A13|PARP1|ADCY10|NMNAT2|PFAS|PID1|PRPS1L1|PRPS1L3|PRPSAP1|PRPSAP2|RD3|SLC4A7|SPHK2|TGFB1|TMSB4X|TREM2|ADSL|AK4|SLC25A12|ALDOA|DGUOK|HAAO|DNAJC30|IDH2|ENO1|ADCY1|ADCY2|ADCY3|ADCY4|ADCY5|ADCY6|ADCY7|ADCY9|IDO1|ADK|IDO2|ADORA2B|AK1|AK2|G6PDX|AK3|KMO|KYNU|LDHC|MYC|AMPD1|LDHD|AMPD2|AMPD3|NDUFA1|NDUFA10|APRT|NDUFA11|NDUFA12|ASPDH|NDUFA13|ATIC|NDUFA2|NDUFA3|NDUFA5|NDUFA6|ATP6V1A|NDUFA7|NDUFA8|NDUFA9|BCL2L1|NDUFAB1|NDUFB10|NDUFB11|NDUFB2|NOS3|LIPA|NDUFB3|NDUFB4|NDUFB5|COX11|NDUFB6,https://www.gsea-msigdb.org/gsea/msigdb/mouse/geneset/GOBP_PURINE_NUCLEOTIDE_BIOSYNTHETIC_PROCESS,151,ENR,GOBP_PURINE_NUCLEOTIDE_BIOSYNTHETIC_PROCESS,-2.7277999999999998,0,GOBP_PURINE_NUCLEOTIDE_BIOSYNTHETIC_PROCESS,FALSE,GOBP_PURINE_NUCLEOTIDE_BIOSYNTHETIC_PROCESS
22,2,-2,2,-0.99,-0.33289999999999997,7.0099999999999996E-2,1,TCP1|ACD|RUVBL2|CCT2|CCT3|CCT4|CCT5|WRAP53|CCT6A|CCT7|CCT8|BRCA2|LRWD1|SPDYA|TERF1|WBP2|DKC1|ZFP827|NIPBL|POT1A|POT1B,https://www.gsea-msigdb.org/gsea/msigdb/mouse/geneset/GOBP_ESTABLISHMENT_OF_PROTEIN_LOCALIZATION_TO_CHROMOSOME,21,ENR,GOBP_ESTABLISHMENT_OF_PROTEIN_LOCALIZATION_TO_CHROMOSOME,-1.8380000000000001,0.01,GOBP_ESTABLISHMENT_OF_PROTEIN_LOCALIZATION_TO_CHROMOSOME,FALSE,GOBP_ESTABLISHMENT_OF_PROTEIN_LOCALIZATION_TO_CHROMOSOME
3,2.7212463990471698,-2.7212463990471698,2.7212463990471698,-1,-0.2828,4.0000000000000002E-4,2.9000000000000001E-2,OAT|CSAD|PAH|PIPOX|DAO|PPAT|PRODH|DDAH1|PRODH2|DDO|QDPR|SDS|SDSL|SHMT1|AADAT|FAH|FTCD|GAD1|GAD2|GCAT|TAT|TDH|TDO2|THA1|GLS|AASS|GLS2|GLUD1|UROC1|ACMSD|GOT1|GOT2|GPT|GPT2|GSTZ1|HAAO|DLST|HAL|HDC|AFMID|HGD|AGXT|AGXT2|AHCY|HPD|IDO1|IDO2|IL4I1|IVD|ALDH4A1|KMO|ADHFE1|KYNU|ALDH8A1|AMDHD1|ARG1|ARG2|ASRGL1|ATP2B4|MAT1A|AUH|MCCC1|MCCC2|HMGCL|BCKDK|HMGCLL1|NOS2|CBS|NOS3|CDO1,https://www.gsea-msigdb.org/gsea/msigdb/mouse/geneset/GOBP_L_AMINO_ACID_CATABOLIC_PROCESS,70,ENR,GOBP_L_AMINO_ACID_CATABOLIC_PROCESS,-2.7886000000000002,0,GOBP_L_AMINO_ACID_CATABOLIC_PROCESS,FALSE,GOBP_L_AMINO_ACID_CATABOLIC_PROCESS
4,2.7212463990471698,-2.7212463990471698,2.7212463990471698,-1,-0.1236,2.0000000000000001E-4,1.2E-2,LY9|LYST|MAD2L2|MALT1|MAP3K7|MCOLN1|MCOLN2|MFSD6|MILL1|MLH1|MPEG1|MR1|MSH6|MUC4|MYO1G|NBN|NCKAP1L|NDFIP1|NFKB2|NFKBID|NFKBIZ|NLRP10|NLRP3|ORAI1|OTUB1|OTUD5|OTUD7B|PAG1|PARP3|PAXIP1|PDCD1|PDCD1LG2|PDIA3|PKN1|PMS2|POU2F2|PRDM1|HSPA8|PRKCB|PRKCD|PRKCQ|PRKCZ|PRKD2|PRR7|PVR|PYCARD|RAB27A|RAET1E|RAG1|RC3H1|RC3H2|RELB|RFTN1|RIF1|RIPK2|RIPK3|RNF125|RNF168|RNF19B|RNF8|RORC|RSAD2|SAMSN1|SASH3|SEMA4A|EIF2AK4|SERPINA3G|SERPINB9|SERPINB9B|SH2D1B1|SIGLECG|SIT1|SKAP1|SLA2|SLAMF1|SLAMF6|SLAMF7|SLC11A1|SLC15A4|SLFN1|SLFN2|SMAD7|SOCS5|SPN|STARD7|STAT4|STAT6|STX11|STX7|SWAP70|TAP1|TAP2|TARM1|OPA1|TBX21|TEC|TFRC|THEMIS|TMEM98|TNFAIP3|TNFRSF11A|TNFRSF13B|TNFRSF13C|TNFRSF14|TNFRSF17|TNFRSF1B|TNFSF13|TNFSF13B|TNFSF18|TNFSF4|TRAF2|TRAF6|TRAT1|TREML4|TRIM27|TRP53BP1|TRPM4|TXK|PCYT1A|TYK2|ULBP1|UNC13D|UNC93B1|UNG|VEGFA|VTCN1|RORA|WAS|XRCC4|YWHAG|ZAP70|ZBTB1|ZBTB7B|ZC3H12A|TGFB1|TREM2|B2M|BCL3|C1QA|PIK3CD|C1QB|C1QC|C1RA|C1RB|C1RL|C2|C3|C4B|C4BP|C8A|C8B|C8G|C9|CCL19|CCL20|CCR2|CCR7|CD46|CD55|CD81|CFI|CR1L|CR2|CRP|MSH2|EXO1|FCER2A|FCGR2B|FGA|FGB|FOXJ1|GATA3|GIMAP3|GIMAP5|GPR183|H2-DMA|H2-T23|HC|HPX|IL1B|LTA|MASP2|MBL1|MBL2|MEF2C|NOD2|NOTCH1|PF4|CTNNBL1|PTPN6|PTPRC|SERPING1|SH2D1A|TNF|SUSD4|TFE3|TFEB|TNFRSF21|TRAF3IP2|XCL1|IFNG|IL4|TREX1|ENPP1|EXOSC3|HMGB1|EXOSC6|MTOR|EP300|P2RX7|PRKAA1|STAT3|CLEC7A|TSC1|FGL2|ADA|GZMB|AICDA|MYD88|PRF1|SYK|TREM1|ARG1|ARG2|CD19|CD4|AHR|DLG1|ALOX15|ENTPD7|ANXA1|FYN|CD74|CEACAM1|IL4I1|KCNJ8|LIME1|LYN|NEDD4|PPP3CB|PNP|PTK2B|MIF|TCIRG1|C1QBP|PLA2G4A|6030468B19RIK|ADAM17|AGER|AKIRIN2|ALCAM|APLF|ARID5A|ASCL2|ATAD5|AZGP1|BACH2|BATF|BCL6|BMX|BRD2|BRD4|BTK|BTLA|C3AR1|CAMK4|SIRT1|CARD9|CCR6|CD160|SLC22A13|CD1D1|CD1D2|CD226|CD247|CD24A|CD27|CD274|CD28|CD3D|CD3E|CD3G|CD40|CD40LG|CD44|CD69|CD7|CD70|CD79A|CD79B|CD80|CD84|CD86|CD8A|CD8B1|CDH17|CLEC4A2|CLEC4D|CLEC4G|CLEC4N|CRLF2|CRTAM|CSF2RB|CSF2RB2|CSK|CTLA4|CTSC|CTSH|CX3CR1|DBNL|DCLRE1C|DENND1B|DPP4|DUSP10|DUSP22|EBAG9|EMP2|EOMES|EPHB2|EPHB6|ERAP1|ERCC1|FADD|FAS|FBXO38|FCAMR|FCER1A|FCER1G|FCGR1|FCGR3|FCGR4|FGG|FGL1|FOSL2|FOXP3|FUT7|FZD5|GADD45G|GAPT|GCNT3|GZMM|H2-D1|H2-DMB1|H2-K1|H2-M2|H2-M3|H2-Q1|CFH|H2-Q10|H2-Q2|H2-Q4|H2-Q6|H2-Q7|H2-T24|H2-T3|H60C|HAVCR2|HFE|HLX|HSPD1|ICAM1|ICOSL|IGLL1|IL12A|IL12B|IL12RB1|IL13RA2|IL17RA|IL18|IL18BP|IL18R1|IL18RAP|IL1R1|IL1RL1|IL2|IL20RB|IL23A|IL23R|IL27|IL27RA|ADCY7|IL2RB|IL31RA|IL33|IL4RA|IL6|IL6RA|IL7R|IL9R|INPP5D|IRF1|IRF4|IRF7|BCL10|ITK|JAG1|JAK2|JAK3|JAM3|KDELR1|KDM5D|KLHL22|KLHL6|KLRD1|KLRK1|LAG3|LAMP3|LAT|LAT2|LAX1|LEF1|LGALS1|LGALS9|LIG4|LOXL3,https://www.gsea-msigdb.org/gsea/msigdb/mouse/geneset/GOBP_ADAPTIVE_IMMUNE_RESPONSE,415,ENR,GOBP_ADAPTIVE_IMMUNE_RESPONSE,-2.8896000000000002,0,GOBP_ADAPTIVE_IMMUNE_RESPONSE,FALSE,GOBP_ADAPTIVE_IMMUNE_RESPONSE
4,2.3767507096021001,-2.3767507096021001,2.3767507096021001,-0.99580000000000002,-0.31330000000000002,4.0099999999999997E-2,1,IFNG|MAD2L2|EXOSC3|IL4|EXOSC6|MLH1|TGFB1|SLC15A4|NDFIP1|STAT6|IL2|TBX21|PARP3|PTPRC|PAXIP1|TFRC|IL27RA|APLF|MSH2|PMS2|ATAD5|TNFSF13|BCL6|TNFSF4|TRP53BP1|FOXP3|RIF1|CD28|CD40,https://www.gsea-msigdb.org/gsea/msigdb/mouse/geneset/GOBP_REGULATION_OF_ISOTYPE_SWITCHING,29,ENR,GOBP_REGULATION_OF_ISOTYPE_SWITCHING,-1.9997,4.1999999999999997E-3,GOBP_REGULATION_OF_ISOTYPE_SWITCHING,FALSE,GOBP_REGULATION_OF_ISOTYPE_SWITCHING
14,2.1079053973095201,-2.1079053973095201,2.1079053973095201,-0.99219999999999997,-0.1429,5.9900000000000002E-2,1,ELOVL2|ELOVL5|ELOVL6|EPHX1|EPHX2|FADS1|FADS2|GPX1|GPX4|GSTM1|GSTM2|GSTM3|SLC27A5|GSTM4|GSTM6|GSTM7|SCP2|GSTP1|GSTP2|TMEM135|SLC27A2|SLC27A4|LTC4S|ABCD2|ABCD3|MGLL|ACAA1A|MGST3|ACAA1B|CYP1A2|MYO5A|ACAD9|ACADL|PAM|ACOT4|ACOT7|ACOT8|ACSL5|PLA2G2F|PLA2G4A|PLP1|PNPLA3|PNPLA8|AIG1|PTGDS|PTGES|PTGES2|PTGIS|PTGR1|PTGS1|PTGS2|SCO1|SLC27A1|SLC27A3|SLC27A6|SPHK1|TBXAS1|ACOT1|CPT1A|ACOT2|CPT2|ACOT3|ACOT5|ACOT9|ACSBG1|CYP1A1|ACSL1|ACSL3|ACSL4|ACSL6|ACSM1|CYP4F13|CYP4F14|CYP4F15|CYP4F18|ALOX5|AHR|ABCD1|ALOX12|ALOX12B|ALOX12E|ALOX15|ALOX8|ALOXE3|EHHADH|PTGES3|ASAH2|ACOX1|CTHRC1|HACL1|CYP1B1|CYP2A12|CYP2A22|CYP2A4|CYP2A5|CYP2B10|CYP2B13|CYP2B19|CYP2B9|CYP2C29|CYP2C37|CYP2C38|CYP2C40|CYP2C50|HSD17B4|CYP2C54|CYP2C55|CYP2D10|CYP2D12|CYP2D22|CYP2D26|CYP2D34|CYP2D9|CYP2E1|CYP2F2|CYP2G1|CYP2J11|CYP2J13|LIPE|CYP2J5|CYP2J6|CYP2J9|CYP2S1|CYP2U1|CYP4A10|CYP4A12A|CYP4A12B|CYP4A14|CYP4A31|CYP4A32|DAGLA|DAGLB,https://www.gsea-msigdb.org/gsea/msigdb/mouse/geneset/GOBP_LONG_CHAIN_FATTY_ACID_METABOLIC_PROCESS,132,ENR,GOBP_LONG_CHAIN_FATTY_ACID_METABOLIC_PROCESS,-1.8796999999999999,7.7999999999999996E-3,GOBP_LONG_CHAIN_FATTY_ACID_METABOLIC_PROCESS,FALSE,GOBP_LONG_CHAIN_FATTY_ACID_METABOLIC_PROCESS
15,2.2218487496163601,-2.2218487496163601,2.2218487496163601,-0.99399999999999999,-0.1946,4.6800000000000001E-2,1,BCL2|CD44|BMP4|DOCK8|P2RX7|LGALS3|IRS2|AURKB|ZC3H8|BCL11B|EFNA1|HSH2D|PDCD7|PTCRA|NFKBID|PNP|TSC22D3|CASP8|BCL3|GPAM|GIMAP8|PTEN|PDCD1|SIGLEC1|VHL|FNIP1|FADD|PRKCQ|PRKD2|BBC3|BCL2A1A|RAG1|RIPK3|BAX|RORC|CCL5|MIF|TRP53|CD74|ST3GAL1|SERPINB9|TGFB2|CD47|BCL2L11|NOC2L|WNT5A|FOXP1|ADA|ADAM8|IL2|PERP|PRELID1|IDO1|SLC39A10|BLM|IL10|IL7R|KIFAP3|MYC|TNFSF4|BCL10|ORMDL3|ARG2|JAK3|HIF1A|SLC46A2|CD24A|CD27|CD274|TNFRSF4|LYN|CD3G,https://www.gsea-msigdb.org/gsea/msigdb/mouse/geneset/GOBP_REGULATION_OF_LYMPHOCYTE_APOPTOTIC_PROCESS,72,ENR,GOBP_REGULATION_OF_LYMPHOCYTE_APOPTOTIC_PROCESS,-1.9575,6.0000000000000001E-3,GOBP_REGULATION_OF_LYMPHOCYTE_APOPTOTIC_PROCESS,FALSE,GOBP_REGULATION_OF_LYMPHOCYTE_APOPTOTIC_PROCESS
4,1.8569851997459099,-1.8569851997459099,1.8569851997459099,-0.98609999999999998,-0.2024,7.4300000000000005E-2,1,MAD2L2|EXOSC3|EXOSC6|MLH1|TGFB1|MSH6|NOD2|NBN|CRLF2|NDFIP1|NFKBIZ|PARP3|PTPRC|PAXIP1|PMS2|POU2F2|ERCC1|FOXP3|TRAF3IP2|RIF1|GAPT|GCNT3|RNF168|RNF8|XCL1|IFNG|IL4|HSPD1|ICOSL|SLC15A4|FGL2|STAT6|SWAP70|IL2|AICDA|TBX21|6030468B19RIK|TFRC|IL27RA|APLF|MSH2|TREX1|ATAD5|EXO1|BATF|TNFSF13|BCL6|TNFSF4|BTK|TRP53BP1|CCR6|ENPP1|PCYT1A|UNG|CD28|XRCC4|CD40|LIG4|CD40LG,https://www.gsea-msigdb.org/gsea/msigdb/mouse/geneset/GOBP_IMMUNOGLOBULIN_PRODUCTION_INVOLVED_IN_IMMUNOGLOBULIN_MEDIATED_IMMUNE_RESPONSE,59,ENR,GOBP_IMMUNOGLOBULIN_PRODUCTION_INVOLVED_IN_IMMUNOGLOBULIN_MEDIATED_IMMUNE_RESPONSE,-1.823,1.3899999999999999E-2,GOBP_IMMUNOGLOBULIN_PRODUCTION_INVOLVED_IN_IMMUNOGLOBULIN_MEDIATED_IMMUNE_RESPONSE,FALSE,GOBP_IMMUNOGLOBULIN_PRODUCTION_INVOLVED_IN_IMMUNOGLOBULIN_MEDIATED_IMMUNE_RESPONSE
37,1.9244530386074701,-1.9244530386074701,1.9244530386074701,-0.98809999999999998,-0.38890000000000002,5.45E-2,1,HTR2B|HTR2C|PCX|SCP2|BSCL2|CAPN2|ACSL3|ERBB4|FABP3|NR1H4|SLC27A1|IDH1|PDGFA|LPCAT1|PDGFB|ABCA2|RAB38,https://www.gsea-msigdb.org/gsea/msigdb/mouse/geneset/GOBP_REGULATION_OF_PHOSPHOLIPID_BIOSYNTHETIC_PROCESS,17,ENR,GOBP_REGULATION_OF_PHOSPHOLIPID_BIOSYNTHETIC_PROCESS,-1.9125000000000001,1.1900000000000001E-2,GOBP_REGULATION_OF_PHOSPHOLIPID_BIOSYNTHETIC_PROCESS,FALSE,GOBP_REGULATION_OF_PHOSPHOLIPID_BIOSYNTHETIC_PROCESS
3,2.7212463990471698,-2.7212463990471698,2.7212463990471698,-1,-0.58260000000000001,0,0,IDO1|IDO2|IL4I1|KMO|UROC1|ACMSD|KYNU|PAH|AMDHD1|GSTZ1|HAAO|FAH|FTCD|HAL|HDC|AFMID|HGD|HPD|TAT|QDPR|TDO2,https://www.gsea-msigdb.org/gsea/msigdb/mouse/geneset/GOBP_AROMATIC_AMINO_ACID_FAMILY_CATABOLIC_PROCESS,21,ENR,GOBP_AROMATIC_AMINO_ACID_FAMILY_CATABOLIC_PROCESS,-3.218,0,GOBP_AROMATIC_AMINO_ACID_FAMILY_CATABOLIC_PROCESS,FALSE,GOBP_AROMATIC_AMINO_ACID_FAMILY_CATABOLIC_PROCESS
2,1.5670307091255899,-1.5670307091255899,1.5670307091255899,-0.97289999999999999,-0.1114,8.4000000000000005E-2,1,DHPS|DLG5|LGALS3|EFNB1|ERBB2|NCKAP1L|NDFIP1|PPP3CA|PNP|GLMN|GNRH1|GPNMB|H2-AA|PRNP|H2-DMB2|GPAM|PTPN6|PTEN|PTPN22|PTPRC|AIF1|PDCD1LG2|SLC4A1|IGFBP2|IHH|IL15|PRKCQ|IL21|IL2RA|PYCARD|ITCH|ITGAL|RC3H1|KITL|LAPTM5|TNFRSF21|LMO1|LRRC32|RIPK2|RIPK3|VSIG4|MAD1L1|MAPK8IP1|NCK2|SASH3|XCL1|NR5A2|IFNG|IL4|PELI1|SLAMF1|CDKN2A|RAC2|SHH|RASAL3|SLFN1|PLA2G2F|SPN|PLA2G5|SCGB1A1|SCRIB|SDC4|SFTPD|TARM1|CASP3|SH3RF1|TFRC|AGER|SYK|TNFRSF13C|TNFRSF14|TNFRSF1B|BCL6|PDE5A|TNFSF13B|TNFSF18|TNFSF4|NCK1|SOS1|TRAF6|ARG1|BTLA|SOS2|ARG2|PRKAR1A|STAT5A|CD1D1|TYK2|CD1D2|CD24A|TGFBR2|CD274|SLC4A2|VTCN1|CD28|CD3E|TNFRSF9|ZAP70|TNFSF9|CD40LG|ZBTB7B|CD44|TSC2|BMP4|TSPAN32|HMGB1|TWSG1|IGF1|IGF2|CD80|IL6ST|CD86|VCAM1|SLC7A1|TGFB1|CLEC4G|ZC3H12D|RPS3|CRTAM|CD4|CTLA4|ZNHIT1|CORO1A|BMI1|STAT5B|DLG1|CTNNB1|FADD|HES1|BID|ANXA1|FOXP3|CCL19|CD209D|CEBPB|H2-DMB1|CCL5|H2-M3|CEACAM1|PAWR|CCR2|CCR7|CD37|CD46|CD55|CD59A|HAVCR2|CD59B|DNAJA3|CD81|ICOSL|IL12A|IL12B|IL12RB1|IL18|IL1A|IL2|IL20RB|IL23A|IL27|IDO1|ADK|IL4I1|BLM|IL6|IRGM1|BTNL2|CARD11|IRF1|CBLB|CCDC88B|CD209A|CD209C|FOXJ1|JAK2|CD209E|JAK3|CD276|CD6|H2-T23|CLEC2I|PLA2G2D|IL1B|LGALS9,https://www.gsea-msigdb.org/gsea/msigdb/mouse/geneset/GOBP_REGULATION_OF_T_CELL_PROLIFERATION,184,ENR,GOBP_REGULATION_OF_T_CELL_PROLIFERATION,-1.7857000000000001,2.7099999999999999E-2,GOBP_REGULATION_OF_T_CELL_PROLIFERATION,FALSE,GOBP_REGULATION_OF_T_CELL_PROLIFERATION
4,2.4202164033831899,-2.4202164033831899,2.4202164033831899,-0.99619999999999997,-0.30320000000000003,3.2199999999999999E-2,0.999,CEACAM1|HMGB1|HAVCR2|MILL1|HSPD1|MR1|TGFB1|MUC4|IL12A|IL12B|CRTAM|PRKAA1|AHR|ADAM15|NKG7|PDCD1|KLRE1|PRF1|IL4I1|FBXO38|PVR|CD160|KLHL22|SLC22A13|ULBP1|CD226|KLRK1|CD24A|CD274|HRG|YWHAG|CD40LG|XCL1,https://www.gsea-msigdb.org/gsea/msigdb/mouse/geneset/GOBP_IMMUNE_RESPONSE_TO_TUMOR_CELL,33,ENR,GOBP_IMMUNE_RESPONSE_TO_TUMOR_CELL,-2.0644999999999998,3.8E-3,GOBP_IMMUNE_RESPONSE_TO_TUMOR_CELL,FALSE,GOBP_IMMUNE_RESPONSE_TO_TUMOR_CELL
4,2.3767507096021001,-2.3767507096021001,2.3767507096021001,-0.99580000000000002,-0.23230000000000001,4.7E-2,1,MAD2L2|EXOSC3|EXOSC6|CD86|MLH1|TGFB1|XBP1|PHB2|PTPRC|PAXIP1|DNAJB9|EPHB2|PMS2|IL21|IL2RG|IL5|RBP4|RIF1|SASH3|XCL1|GALNT2|IFNG|IL13RA1|CD37|IL4|TLR9|FOXP1|IL13|STAT6|IL2|TBX21|6030468B19RIK|TFRC|IL33|MSH2|IL4RA|IL10|IL6|ATAD5|TNFSF13|TNFSF4|BTK|GPI1|TRP53BP1|H2-T23|CD27|STX4A|HPX|CD28|TNFRSF4|CD40,https://www.gsea-msigdb.org/gsea/msigdb/mouse/geneset/GOBP_POSITIVE_REGULATION_OF_IMMUNOGLOBULIN_PRODUCTION,51,ENR,GOBP_POSITIVE_REGULATION_OF_IMMUNOGLOBULIN_PRODUCTION,-1.9584999999999999,4.1999999999999997E-3,GOBP_POSITIVE_REGULATION_OF_IMMUNOGLOBULIN_PRODUCTION,FALSE,GOBP_POSITIVE_REGULATION_OF_IMMUNOGLOBULIN_PRODUCTION
2,2.7212463990471698,-2.7212463990471698,2.7212463990471698,-1,-0.14860000000000001,1.9599999999999999E-2,0.96899999999999997,DHPS|EFNB1|MEF2C|FGF10|NCKAP1L|FLT3L|PPP3CA|PNP|H2-DMB2|GPAM|TIRAP|PTPN22|PTPRC|TLR4|AIF1|PDCD1LG2|CSF1|SLC4A1|IGFBP2|IL15|PRKCQ|IL21|IL2RA|IL5|PYCARD|IL7|MAPK1|ITGAL|TAC1|CD38|KITL|RIPK2|CHRNB2|IL34|MPL|MIF|NCK2|SASH3|XCL1|NR5A2|IFNG|IL4|PELI1|TLR9|SLAMF1|PRLR|RAC2|SHH|RASAL3|ADA|SPN|MYD88|TFRC|AGER|SLC39A10|SYK|TNFRSF13C|ATAD5|KIT|TNFSF13|BCL6|TNFSF13B|TNFSF4|BTK|NCK1|TRAF6|STAT5A|CD1D1|TYK2|CD1D2|TCF3|CD24A|TGFBR2|TICAM1|CD274|VTCN1|CD28|TNFRSF4|CD3E|ZAP70|CD40|TNFSF9|CD40LG|BCL2|GSK3B|CSF2|CSF2RA|HMGB1|IGF1|IGF2|CD80|IL6ST|VAV3|CD86|VCAM1|SLC7A1|WNT3A|IRS2|OCSTAMP|RPS3|PTK2|ZFP335|CSF2RB|ST6GAL1|CSF2RB2|CD4|MAPK3|CORO1A|BMI1|STAT5B|NFATC2|EPHB2|TACR1|FADD|HES1|ANXA1|FOXP3|CCL19|CD209D|H2-DMB1|CCL5|CD74|CCR2|CCR7|CD46|CD55|CD59A|HAVCR2|CD59B|DNAJA3|CD81|ICOSL|IL12A|IL12B|IL12RB1|IL13|IL18|IL1A|IL2|IL23A|ADK|BLM|IL6|BST1|IRGM1|BTNL2|CARD11|CCDC88B|CD209C|JAK2|NMB|CD209E|JAK3|CD276|CD320|GPR183|CD6|H2-T23|CDKN1A|BCL2L1|CSF1R|IL1B|LYN,https://www.gsea-msigdb.org/gsea/msigdb/mouse/geneset/GOBP_POSITIVE_REGULATION_OF_LEUKOCYTE_PROLIFERATION,163,ENR,GOBP_POSITIVE_REGULATION_OF_LEUKOCYTE_PROLIFERATION,-2.1865999999999999,0,GOBP_POSITIVE_REGULATION_OF_LEUKOCYTE_PROLIFERATION,FALSE,GOBP_POSITIVE_REGULATION_OF_LEUKOCYTE_PROLIFERATION
3,2.67778070526608,-2.67778070526608,2.67778070526608,-0.99790000000000001,-0.46260000000000001,1.9199999999999998E-2,0.96699999999999997,IDO1|IDO2|CYP2D22|IL4I1|KMO|ACMSD|KYNU|ATP7A|HAAO|NMNAT2|NADSYN1|AFMID|GCDH|TDO2|QPRT,https://www.gsea-msigdb.org/gsea/msigdb/mouse/geneset/GOBP_INDOLALKYLAMINE_METABOLIC_PROCESS,15,ENR,GOBP_INDOLALKYLAMINE_METABOLIC_PROCESS,-2.1909000000000001,2.0999999999999999E-3,GOBP_INDOLALKYLAMINE_METABOLIC_PROCESS,FALSE,GOBP_INDOLALKYLAMINE_METABOLIC_PROCESS
5,2.7212463990471698,-2.7212463990471698,2.7212463990471698,-1,-9.6500000000000002E-2,1.3100000000000001E-2,0.871,AOC3|GPD1L|PRKCB|PRKCD|ERBB4|AKT2|CHRM3|NPPA|FMR1|KLF15|PDE4D|MET|P2RY6|PID1|RHOQ|SPHK2|TGFB1|PRKCA|PIK3C2A|AHI1|BPIFA1|APPL1|ASPSCR1|PIK3CG|CLIP3|CNIH2|CREBL2|CTTNBP2NL|DAPK1|C3|ERBB3|FGF21|GPC3|AKT1|GSG1L|MAPK8IP2|MINK1|ATP7A|NLGN2|PLCG1|OAZ2|PLCG2|OCLN|OSBPL8|PEA15A|PIM1|ACE|PRKCI|ACE2|PRRT1|PTPN11|RASGRF1|RASGRF2|RTN2|SH2B2|SHANK1|ARHGEF11|SHISA7|ARL6IP1|SHISA9|ARL6IP5|STXBP4|UPK3B|YES1|CX3CL1|CXCL10|TMEM38B|CXCL11|ISCU|MFN2|CXCL9|VDAC1|F2|MYC|AHCYL1|GIMAP3|GIMAP5|HAMP|HAMP2|IL1B|SLC25A27|REPIN1|RGS2|RPS6KB1|PARK7|PPIF|PTPN6|SLC17A8|SNCA|SLC1A2|TNF|ABCC9|BAX|XCL1|IFNG|IL4|NR4A3|SLC26A6|CHD7|OPN3|BRAF|ADRB1|CRHBP|C1QTNF2|SLC43A1|SLC43A2|ENPP1|PLCB1|GRB10|GSK3A|IGF1|INPP5K|INS1|INS2|INSR|IRS1|IRS2|MTOR|SLC7A5|PER2|NFE2L2|NLGN1|THBS1|SORBS1|ACACB|NOL3|ACTB|G6PDX|HK2|P2RX7|RNASEL|PSEN1|SIRT6|UCP2|ACSL5|ADIPOQ|ABCB1A|ABCB1B|ABL1|ACTN2|ADRB2|AFG3L2|AGRN|AGTR1A|ARG1|AHNAK|ARG2|AKAP5|SLC34A1|AKAP6|ATP2B4|AKAP7|AKAP9|AMIGO1|ANK2|ANK3|ANO6|APLNR|ARF1|ASPH|ATG5|ATP1B2|ATP1B3|ATP2A1|ATP4A|BAK1|BCL2|BDKRB1|BMP4|CACNA1C|CACNA1D|CACNA1F|CACNA2D1|CACNB1|CACNB2|CACNB3|CACNG1|ACSL1|CALM1|CALM2|CALM3|ACSL6|CAMK2D|CAPN3|CASQ1|CASQ2|CAV3|CD19|CD4|CD63|ADIPOR2|CFTR|AGT|CLEC4B1|DBI|AHR|CNKSR3|COMMD1|CORO1A|CRBN|CTSS|CXCR3|CYBA|DHRS7C|DLG1|DMD|DPP10|DPP6|DRD4|DYSF|EDN3|EDNRA|EHD3|F2R|F2RL3|FBXO11|FCRL5|FGF12|FGF13|FGF14|FHL1|FKBP1A|FKBP1B|FLNA|FXYD1|APPL2|FXYD2|FXYD3|FXYD4|CAPN10|FXYD5|FXYD6|FXYD7|FYN|GAL|CAV1|GALR2|GJC2|GNB2|GNB5|GOPC|GPR35|GPR39|GRIA1|GRIN1|GRIN2C|GRM6|GRP|GSTO1|HAP1|HEPH|HOMER1|HPCA|HRC|HSPA2|IKBKB|IL13|ITGB1|ITGB3|JPH2|JPH3|JSRP1|KCNAB1|KCNAB2|KCNAB3|KCNC1|KCNC2|KCNE1|KCNE2|KCNE3|KCNG4|KCNH2|KCNIP1|KCNIP2|KCNIP3|KCNIP4|KCNJ1|KCNJ10|KCNJ11|KCNJ12|KCNJ13|KCNJ15|KCNJ16|KCNJ2|KCNJ5|KCNJ6|KCNJ8|KCNMB1|KCNN2|MEF2A|KCNN4|KCNQ1|KCNRG|KCNS1|KEL|LCN2|LIME1|LRRC26|LRRC52|LRRC55|LYN|MMP9|EDN1|MS4A1|MS4A2|NDUFA4|NEDD4|NEDD4L|NGF|NLGN3|NR3C2|OAZ1|OSR1|OXSR1|P2RX1|RAP1A|P2RX4|P2RX5|PCSK9|PDPK1|PHB2|PKD2|PLN|FABP5|PML|PPP3CA|PPP3CB|PPP3CC|PPP3R1|PRKCE|PRKD1|PRNP|PRSS8|PSEN2|PTGER3|PTK2B|PTPN22|PTPN3|RANGRF|RAPGEF3|RELN|REM1|RGS4|GSTM7|RGS7|RGS9|RIPK1|RNF207|RYR2|SCN1B|SCN2B|SCN3B|SCN4B|SCN5A|SESTD1|SLC30A1|SLC31A2|SLC36A2|SLC8A1|SLC9A1|SLC9A6|SLMAP|SLN|MAPK14|SNTA1|SPG7|SRI|STAC|STAC2|STAC3|STIM1|STIM2|MYO5A|STK39|STOM|SUMO1|TCIRG1|TESC|TGFB2|THY1|TLR9|TMBIM6|TMEM168|TMEM38A|TRDN|TRPC1|TRPC3|TRPC6|TSPAN13|UBASH3B|UBQLN1|UBR3|VAMP2|VMP1|WNK1|WNK2|PLP1|WNK4|WWP2|YWHAE|YWHAH|YWHAQ|ESR1|SCO1|GH|TRIB3|AZIN1|CAR2|HTT|TACO1|SLC38A1|COX17|AK1|RASA1|BIN1|ATP1A2|ATP1B1|CACNB4|ADCYAP1R1,https://www.gsea-msigdb.org/gsea/msigdb/mouse/geneset/GOBP_REGULATION_OF_TRANSMEMBRANE_TRANSPORT,419,ENR,GOBP_REGULATION_OF_TRANSMEMBRANE_TRANSPORT,-2.2610999999999999,0,GOBP_REGULATION_OF_TRANSMEMBRANE_TRANSPORT,FALSE,GOBP_REGULATION_OF_TRANSMEMBRANE_TRANSPORT
13,2.7212463990471698,-2.7212463990471698,2.7212463990471698,-1,-0.29780000000000001,3.0999999999999999E-3,0.28699999999999998,CYB5R4|CUBN|CYP1A1|SLC6A9|CLYBL|MMAB|MMACHC|MMADHC|UROS|SLCO1A6|SLCO1B2|HNF1A|MTR|TMEM14A|ABCD4|COX10|CYP1A2|CPOX|SLC25A39|AMN|CYP2A5|FXN|MMAA|ABCB10|ABCB6|ABCB7|ALAD|ALAS1|ALAS2|ANK1|BLVRB|COX15|EIF2AK1|FECH|HEBP1|HMBS|HMOX1|HMOX2|IREB2|BLVRA|PGRMC1|PPOX|RSAD1|SLC11A2|SLC48A1|SNX3|SRRD|TMEM14C|MTRR|UGT1A1|BDH2|UROD|HPX,https://www.gsea-msigdb.org/gsea/msigdb/mouse/geneset/GOBP_TETRAPYRROLE_METABOLIC_PROCESS,53,ENR,GOBP_TETRAPYRROLE_METABOLIC_PROCESS,-2.5097,0,GOBP_TETRAPYRROLE_METABOLIC_PROCESS,FALSE,GOBP_TETRAPYRROLE_METABOLIC_PROCESS
12,1.4907974776688999,-1.4907974776688999,1.4907974776688999,-0.9677,-0.3347,9.3399999999999997E-2,1,SCARB1|STRA6|SLC19A1|SLC25A32|SLC19A2|SLC19A3|SLC22A1|ABCC5|SLC25A19|RBP4|SLC22A2|GC|SLC27A1|SLC44A4|SLC46A1|SLC47A1|SLC23A1|SLC23A2|LRP2|SLC5A6,https://www.gsea-msigdb.org/gsea/msigdb/mouse/geneset/GOBP_VITAMIN_TRANSMEMBRANE_TRANSPORT,20,ENR,GOBP_VITAMIN_TRANSMEMBRANE_TRANSPORT,-1.7589999999999999,3.2300000000000002E-2,GOBP_VITAMIN_TRANSMEMBRANE_TRANSPORT,FALSE,GOBP_VITAMIN_TRANSMEMBRANE_TRANSPORT
1,2.7212463990471698,-2.7212463990471698,2.7212463990471698,-1,-0.1515,0,0,CTNS|CTPS2|CYB5R4|DCK|DCTPP1|DHFR|DHODH|DNM1L|DPYS|DTYMK|DUT|ENPP3|ENPP5|ENTPD1|ENTPD5|EPHA2|FAM3A|FHIT|FIGNL1|FIS1|FLAD1|FMO2|GART|GIMAP7|GMPR|GMPR2|GMPS|GNAI3|GPD1L|GUCA1A|GUCA1B|GUCY2C|GUCY2G|GUK1|HINT1|HNF1A|HSPA1B|HSPA8|IMPDH1|IMPDH2|ITPA|LDHB|LETMD1|LRRK2|MAP2K1|MAPK1|ME1|ME2|MFN1|MTHFD1|MTHFD2L|MYH6|MYH7|NADK|NADSYN1|NAMPT|NCF1|NCF2|NME1|NME2|NME3|NME4|NME5|NME6|NME7|NMNAT1|NMNAT3|NNMT|NPPA|NPPB|NPPC|NPR1|NPR2|NT5C|NT5C2|NT5C3|NT5E|NT5M|NUDT10|NUDT11|NUDT12|NUDT13|NUDT15|NUDT16|NUDT17|NUDT18|NUDT2|NUDT4|NUDT9|OASL2|OLA1|OPA1|PAICS|PAPSS1|PAPSS2|PARG|GTPBP1|PARP1|PARP14|PCX|PDE10A|PDE1A|PDE4A|PDE4C|PDE4D|PDE5A|PDE7A|PDE7B|PDE8A|PDE8B|PDE9A|NMNAT2|PFAS|PID1|PRPS1L1|PRPS1L3|PRPSAP1|PRPSAP2|RAB23|RAN|RD3|RFK|RHOQ|RNASEH2B|RORA|RRM1|RRM2|RRM2B|SAMHD1|SARM1|SLC1A3|SLC25A11|SLC25A22|SLC29A1|SLC37A2|SLC4A7|SLC52A2|SLC52A3|SPHK2|SULT2B1|TBPL1|TGFB1|TK2|TMSB4X|TREM2|TSPO|TYMS|UCK1|UCK2|UCKL1|UMPS|UPRT|ACO1|ACTN3|ADSL|AK4|ARL2|ATP7A|BCL2L13|CBFA2T3|COL6A1|DGUOK|DLST|DNAJC30|IDH1|IDH2|MDH1|MDH2|MLXIPL|MTCH2|MYC|MYOG|NDUFA1|NDUFA10|NDUFA11|NDUFA12|NDUFA13|NDUFA2|NDUFA3|NDUFA5|NDUFA6|NDUFA7|NDUFA8|NDUFA9|NDUFAB1|NDUFB10|NDUFB11|NDUFB2|NDUFB3|NDUFB4|NDUFB5|NDUFB6|NDUFB7|NDUFB8|NDUFB9|NDUFC1|NDUFC2|NDUFS1|NDUFS2|NDUFS3|NDUFS4|NDUFS5|NDUFS6|NDUFS7|NDUFS8|NDUFV1|NDUFV2|NDUFV3|NUPR1|OGDH|PARK7|PDE2A|RHOA|SDHA|SDHB|SDHC|SDHD|SHMT2|STOML2|VCP|ABCC9|IFNG|IL4|JMJD8|MFSD8|OAS1A|PPARGC1A|PRKACA|SLC25A13|SLC25A25|TREX1|ADCY10|ENPP1|ESRRB|GCK|IGF1|INS1|INS2|INSR|KHK|LDHA|MTOR|PFKM|PRKAG2|PRKAG3|SLC25A12|TRP53|ACACB|ADPGK|ALDH1L1|ALDH1L2|ALDOA|ALDOART1|ALDOART2|ALDOB|ALDOC|APP|ARNT|BPGM|DDIT4|DHTKD1|EIF6|ENO1|ENO2|ENO3|ENO4|EP300|FBP1|FKRP|FLCN|FOXK1|FOXK2|G6PDX|GALE|GALK1|GALT|GAPDH|GAPDHS|GIT1|GPD1|GPI1|H6PD|HDAC4|HIF1A|HK1|HK2|HK3|HKDC1|HSD11B1|IER3|KAT2B|LIPA|MLST8|MLX|MPI|NCOR1|OGT|P2RX7|PFKFB1|PFKFB2|PFKFB3|PFKL|PFKP|PGAM1|PGAM2|PGD|PGK1|PGLS|PKLR|PPARA|PPP2CA|PRKAA1|PRKAA2|PRKAG1|PRPS1|PRPS2|PSEN1|RBKS|RPE|RPIA|RPTOR|SHPK|SIK2|SIRT6|SLC2A6|SLC4A1|SLC4A4|SRC|STAT3|TALDO1|TKT|TPI1|TRIM63|UCHL1|UCP2|ZBTB20|ZBTB7A|ADA|ADAL|AFMID|BAD|CDA|DCTD|DCXR|DERA|DPYD|ENTPD4|ENTPD7|GDA|GOT1|GOT2|GPD2|HAAO|IDO1|IDO2|KMO|KYNU|LDHC|LDHD|NOS3|NUDT3|NUDT5|PNP|PNP2|PPAT|QPRT|SHMT1|SULT1B1|SULT1E1|SULT2A1|SULT2A2|SULT2A3|SULT2A5|SULT2A6|SULT2A7|UOX|UPB1|UPP1|UPP2|XDH|CFH|ABCC6|ADCY1|ADCY2|ADCY3|ADCY4|ADCY5|ADCY6|ADCY7|ADCY9|ADK|ADORA2B|AK1|AK2|AK3|AK5|AK7|AK8|AMPD1|AMPD2|AMPD3|AOX1|APRT|ART2B|ASPDH|ATIC|ATP1A2|ATP1B1|ATP2B2|ATP6V1A|ATP6V1B1|ATP6V1B2|BCL2L1|BEND3|CACNB4|CAD|CLPX|CMPK1|CMPK2|CNP|COX11,https://www.gsea-msigdb.org/gsea/msigdb/mouse/geneset/GOBP_NUCLEOTIDE_METABOLIC_PROCESS,421,ENR,GOBP_NUCLEOTIDE_METABOLIC_PROCESS,-3.5697999999999999,0,GOBP_NUCLEOTIDE_METABOLIC_PROCESS,FALSE,GOBP_NUCLEOTIDE_METABOLIC_PROCESS
4,2.7212463990471698,-2.7212463990471698,2.7212463990471698,-1,-0.10780000000000001,4.3400000000000001E-2,1,MAD2L2|MALT1|P2RX7|MAP3K7|RASGRP4|MLH1|ADORA3|ENPP3|MR1|PRKAA1|NFKBID|NFKBIZ|CD177|NLRP3|H2-DMB2|TIRAP|TLR2|TLR4|PAXIP1|PMS2|HSPA8|PRKCZ|IL21|IL2RG|PVR|IL5|PYCARD|RBP4|RAET1E|LAPTM5|RIF1|RIPK2|DHX36|RSAD2|SASH3|ITGB2|ITGB2L|SH2D1B1|NPPA|NPPC|SLAMF1|SLAMF6|CLEC7A|RARA|CXCL1|F2RL1|RASGRP1|SOCS5|STAT6|STX7|TAP2|OPA1|TBX21|MYD88|SHB|TFRC|SYK|KIT|TNFRSF14|TNFSF13|TNFSF4|RTN4|TRAF2|TRAF6|ARG1|TRP53BP1|STAT5A|ULBP1|TICAM1|TNFRSF4|YWHAG|ZBTB1|TYROBP|VAV1|RPS19|SPHK2|TGFB1|XBP1|TREM2|B2M|STAT5B|KLRE1|TLR3|C3|TLR7|PLCG2|PLD2|ANXA1|CCL19|CCL2|APPL2|PTAFR|CD74|CCR2|CCR7|CD36|CD37|CD46|CD55|CD81|CFP|COLEC10|IL13|COLEC11|AP1G1|CADM1|MSH2|FCER2A|ITGAM|FCNB|KLRB1C|GATA3|KLRC1|GAB2|KLRC2|GATA1|GIMAP3|KLRI1|GATA2|GIMAP5|KLRI2|LAMP1|H2-T23|PANX1|STAP1|STXBP2|SNX4|STX4A|HPX|VAMP8|IL1B|KLK5|KLK7|MS4A2|LTA|PCK1|MBL2|NOD2|PHB2|PNP|PTPN6|PTPN22|PTPRC|DNAJB9|DDX1|SH2D1A|TNF|SPON2|MIF|XCL1|IFNG|IL4|TLR9|FFAR2|FFAR3|NR4A3|PLA2G3|PLA2G5|6030468B19RIK|DDX21|ARID5A|ATAD5|AZGP1|BRD2|BRD4|BTK|SIRT1|CARD9|CD160|SLC22A13|CD1D1|CD1D2|CD226|CD24A|CD27|CD28|CD40|EXOSC3|EXOSC6|CD86|CRTAM|DENND1B|CD300A|DPP4|EPHB2|POMC|STXBP1|FADD|FBXO38|FCER1A|FCER1G|FCGR1|FCGR3|ANKRD17|FOXP3|CASP1|FZD5|CASP4|H2-D1|H2-DMB1|H2-K1|H2-M2|H2-M3|DDX60|H2-Q1|DHX58|H2-Q10|GALNT2|H2-Q2|GPRC5B|H2-Q4|H2-Q6|IL13RA1|H2-Q7|H2-T24|IRF5|H2-T3|H60C|MAPKAPK2|MYO18A|HLX|HSPD1|SEMA7A|TEK|FGR|IL12A|TRIM6|WNT5A|FOXP1|IL12B|IL18|IL18R1|IL18RAP|IL1R1|IL2|IL23A|EP300|IL33|ADORA2B|IL4RA|IL10|IL6|IRF1|LBP|GPI1|MAVS|HK1|KLHL22|KLRD1|KLRK1|LAG3|CLNK|NOD1|DDRGK1,https://www.gsea-msigdb.org/gsea/msigdb/mouse/geneset/GOBP_POSITIVE_REGULATION_OF_IMMUNE_EFFECTOR_PROCESS,254,ENR,GOBP_POSITIVE_REGULATION_OF_IMMUNE_EFFECTOR_PROCESS,-1.9750000000000001,0,GOBP_POSITIVE_REGULATION_OF_IMMUNE_EFFECTOR_PROCESS,FALSE,GOBP_POSITIVE_REGULATION_OF_IMMUNE_EFFECTOR_PROCESS
15,1.8507808873446201,-1.8507808873446201,1.8507808873446201,-0.9859,-0.14910000000000001,0.04,1,DOCK8|P2RX7|LGALS3|MEF2C|NOD2|AURKB|BCL11B|EFNA1|HSH2D|PTCRA|GLI3|NFKBID|PNP|TSC22D3|NFKBIZ|CASP8|DFFA|EBF4|FASL|GPAM|GIMAP8|HCLS1|PTEN|PLEKHO2|RAPGEF2|PDCD1|SIGLEC1|VHL|SIVA1|PKN1|FNIP1|RIPK1|PRKCQ|CXCR2|IL21|PRKD2|IL2RA|RAG1|KITL|TNFRSF21|TRAF3IP2|RIPK3|BAX|MERTK|RORC|MIF|ST3GAL1|SERPINB9|IFNG|TGFB2|BCL2L11|CDKN2A|NR4A3|ADA|ITPKB|PERP|PRELID1|CASP3|ADAM17|CASP9|SLC39A10|TNFSF4|ORMDL3|ARG2|SIRT1|STAT5A|SLC46A2|CD24A|CD27|CD274|TNFRSF4|CD3G|BAK1|BCL2|CD44|BMP4|LMBR1L|IRS2|ZC3H8|PDCD7|RPS6|ST6GAL1|BCL3|PIK3CB|PIK3CD|FADD|AKT1|FAS|BBC3|FCER1G|BCL2A1A|ANXA1|CCL19|CASP7|CCL5|TRP53|CD74|CCR7|CD47|DNAJA3|SLC7A11|NOC2L|WNT5A|FOXP1|IL18|ADAM8|GAS6|IL2|CXCL12|CCR5|IDO1|AXL|BLM|IL10|IL6|IL7R|KIFAP3|FCGR2B|MYC|ITGAM|BCL10|NF1|JAK3|KDELR1|HIF1A|BCL2L1|LIPA|LYN|CHEK2|CRKL,https://www.gsea-msigdb.org/gsea/msigdb/mouse/geneset/GOBP_LEUKOCYTE_APOPTOTIC_PROCESS,130,ENR,GOBP_LEUKOCYTE_APOPTOTIC_PROCESS,-2.0009999999999999,1.41E-2,GOBP_LEUKOCYTE_APOPTOTIC_PROCESS,FALSE,GOBP_LEUKOCYTE_APOPTOTIC_PROCESS
9,2.0809219076239298,-2.0809219076239298,2.0809219076239298,-0.99170000000000003,-0.2218,5.8700000000000002E-2,1,RBM34|RPL14|RPL24|FTSJ3|RPL26|RPF1|RPF2|RPL7L1|RPL35|RPL35A|GTF3A|RRP15|GTPBP4|RPL5|HEATR3|RPL7|RPL7A|RRS1|RSL24D1|SDAD1|LAS1L|MAK16|MDN1|MRTO4|SURF6|BOP1|BRIX1|NIP7|NLE1|TRMT112|NOC2L|FASTKD2|URB1|CINP|NOL9|EIF6|NOP16|NOP2|DDX18|NPM1|NSA2|DDX28|WDR12|NVL|PAK1IP1|WDR74|PES1|DHX30|PPAN|ZFP622|ZNHIT3|EBNA1BP2|ZNHIT6|RPL11,https://www.gsea-msigdb.org/gsea/msigdb/mouse/geneset/GOBP_RIBOSOMAL_LARGE_SUBUNIT_BIOGENESIS,54,ENR,GOBP_RIBOSOMAL_LARGE_SUBUNIT_BIOGENESIS,-1.8851,8.3000000000000001E-3,GOBP_RIBOSOMAL_LARGE_SUBUNIT_BIOGENESIS,FALSE,GOBP_RIBOSOMAL_LARGE_SUBUNIT_BIOGENESIS
7,2.7212463990471698,-2.7212463990471698,2.7212463990471698,-1,-0.27960000000000002,0,2E-3,KNG2|KRT6A|LEAP2|LGALS3|LGALS4|LTF|RPS19|MMP7|NOD2|FAM3A|NPY|NTS|PF4|PGLYRP1|PGLYRP3|PGLYRP4|ADM|PLA2G1B|ANG|PPBP|B2M|PPL|BPIFA1|REG1|REG2|REG3A|REG3B|POMC|REG3D|REG3G|RNASE6|ROMO1|S100A9|SPAG11B|CAMP|CCL1|TAC1|CCL11|CCL12|CCL17|CCL19|CCL2|CCL20|TSLP|CCL22|CCL24|CCL25|CCL27A|CCL28|CCL3|CCL4|CCL5|CCL6|CCL7|XCL1|CCL8|CCL9|NPPB|APP|CX3CL1|CXCL10|CXCL11|CXCL12|CXCL13|CXCL14|CXCL15|FAU|CXCL5|CXCL9|DEFB1|DEFB37|DMBT1|ELANE|EVPL|F2|GAPDH|HAMP|HAMP2|HMGN2|HRG|IVL|KLK5|RPL30|KLK7|KNG1|RPL39,https://www.gsea-msigdb.org/gsea/msigdb/mouse/geneset/GOBP_ANTIMICROBIAL_HUMORAL_IMMUNE_RESPONSE_MEDIATED_BY_ANTIMICROBIAL_PEPTIDE,86,ENR,GOBP_ANTIMICROBIAL_HUMORAL_IMMUNE_RESPONSE_MEDIATED_BY_ANTIMICROBIAL_PEPTIDE,-3.0806,0,GOBP_ANTIMICROBIAL_HUMORAL_IMMUNE_RESPONSE_MEDIATED_BY_ANTIMICROBIAL_PEPTIDE,FALSE,GOBP_ANTIMICROBIAL_HUMORAL_IMMUNE_RESPONSE_MEDIATED_BY_ANTIMICROBIAL_PEPTIDE
27,2.7212463990471698,-2.7212463990471698,2.7212463990471698,-1,-0.1532,5.8999999999999999E-3,0.53200000000000003,CRYZ|FANCB|CYP2AB1|MCM7|CYP2C65|PAX6|CYP2C67|PPM1E|CYP2C68|PPM1F|CYP2C69|PPP1R12A|CYP2C70|PPP1R14A|CYP2R1|PPP1R9B|CYP3A11|RAP1A|CYP3A44|RAP1B|FMO5|RAP2A|SLC10A1|GSTA2|MEF2C|RB1|GSTA3|RECQL5|GSTA4|RNF149|SERPINE1|GSTM5|SOX10|GSTO2|SUFU|GSTT1|SLAMF8|N6AMT1|NCEH1|PRKAA1|NR1I2|PRKAA2|SULT1A1|FMO2|TPMT|FMO1|PON3|UGT1A6B|FMO4|PRNP|UGT2B1|VKORC1|GSTA1|GSTM1|GSTM2|GSTM3|GSTM4|GUK1|GSTM6|GSTM7|GSTP1|GSTP2|HNF4A|UCHL1|SULT1B1|ABCB11|SULT2A1|ABCC9|SULT2A2|SULT2A3|SULT2A5|SULT2A6|SULT2A7|ACAA1A|RORC|ACAA1B|CYP1A2|NUDT15|WNK4|ADIPOQ|BRAF|TFRC|ALDH2|PDE4A|CRHBP|AKAP5|EGFR|RORA|TH|CD69|GPLD1|PDE4B|FMO3|CYP1A1|ACSL1|CYP26A1|CYP26B1|CYP46A1|UGT1A6A|UMPS|ADM|SLCO1A1|AHR|SLCO1A6|STAR|AKR1C12|SLCO1B2|AKR1C13|RBM22|DPEP1|NFE2L2|TLR3|ABCC1|ABCC2|PCNA|REST|NR1H4|CCL2|CCL4|TRP53|MYLK|GRIN1|GSTO1|CYP1B1|CYP2A12|CYP2A22|CYP2A4|ITGB3|CYP2A5|CYP2B10|CYP2B13|CYP2B19|CYP2B9|CYP2C29|GAS6|CYP2C37|KCNC1|CYP2C38|CYP2C40|CYP2C50|KCNE2|CYP2C54|FBP1|CYP2C55|CYP2D10|KCNH2|CYP2D12|CYP2D22|BLM|CYP2D26|CYP2D34|CYP2D9|CYP2E1|CYP2F2|CYP2G1|MYC|CYP2J11|CYP2J13|LPO|CYP2J5|AOX1|CYP2J6|CYP2J9|CYP2S1|E2F1|CYP2U1|KCNQ1|ABCA1|UGT1A1|ACER2|AIM2|AHRR|ANKRD1|CAD|NOS2|AIP|BMYC|IL1B|AOX3|CDH13|AOX4|CHEK2|AS3MT|CRKL|EDN1|SLC18A2|CBR1|EHMT2,https://www.gsea-msigdb.org/gsea/msigdb/mouse/geneset/GOBP_CELLULAR_RESPONSE_TO_XENOBIOTIC_STIMULUS,188,ENR,GOBP_CELLULAR_RESPONSE_TO_XENOBIOTIC_STIMULUS,-2.4024000000000001,0,GOBP_CELLULAR_RESPONSE_TO_XENOBIOTIC_STIMULUS,FALSE,GOBP_CELLULAR_RESPONSE_TO_XENOBIOTIC_STIMULUS
2,2.0043648054024499,-2.0043648054024499,2.0043648054024499,-0.99009999999999998,-0.12709999999999999,4.7100000000000003E-2,1,DLG5|DTX1|DUSP3|LGALS3|RAG2|MILL1|ERBB2|FLT3|NDFIP1|PF4|GLI3|NFKBID|PGLYRP1|GLMN|PGLYRP3|GNRH1|PGLYRP4|GPNMB|H2-AA|PRNP|PAG1|PTPN6|PARP3|PTEN|PTPN22|HMGB3|PDCD1|PDCD1LG2|HSPB1|PKN1|IHH|IL2RA|ITCH|RC3H1|RC3H2|LAPTM5|TNFRSF21|LRRC32|LST1|VSIG4|MAD1L1|MDK|MERTK|SAMSN1|XCL1|NRARP|ATM|IL4|PELI1|PRDX2|PTPN2|CDKN2A|SHH|PIBF1|SLFN1|FGL2|PLA2G2F|RASSF5|SMAD7|RHBDD3|SOCS5|SPN|PLA2G5|RUNX1|RUNX3|SCGB1A1|SCRIB|SDC4|SFRP1|SFTPD|TARM1|TBX21|CASP3|TNFAIP3|TNFRSF13B|ASCL2|TNFRSF14|BCL6|PDE5A|TNFSF18|SOCS1|TNFSF4|SOCS6|BTK|ARG1|BTLA|ARG2|SOX11|PRKAR1A|TBC1D10C|CD24A|CD274|SLC4A2|TIGIT|VTCN1|TNFAIP8L2|ZBTB7B|CD44|ZC3H12A|CD69|TSC2|BMP4|TSPAN32|HMGB1|TWSG1|TYRO3|TYROBP|CD80|CD86|ID2|TGFB1|CLEC4G|ZC3H12D|ILDR2|ZC3H8|CRTAM|ZFP35|ZFP608|CTLA4|CD300A|DUSP22|DLG1|FAS|ANXA1|FGL1|FOXP3|ADORA2A|CEBPB|GAL|H2-M3|CD74|CEACAM1|PAWR|CD37|HAVCR2|HFE|HLX|FBXO7|FGR|CTSG|IL2|IL20RB|IDO1|AXL|BANK1|IL4I1|IL4RA|IL10|INPP5D|FCGR2B|IRF1|CBFB|CBLB|FOXJ1|JAK3|CD276|GIMAP3|GIMAP5|H2-T23|CLEC12A|LAG3|CLNK|PLA2G2D|LAX1|LGALS1|LYN|DAPL1|LGALS9|PGLYRP2|LOXL3,https://www.gsea-msigdb.org/gsea/msigdb/mouse/geneset/GOBP_NEGATIVE_REGULATION_OF_LYMPHOCYTE_ACTIVATION,170,ENR,GOBP_NEGATIVE_REGULATION_OF_LYMPHOCYTE_ACTIVATION,-1.9587000000000001,9.9000000000000008E-3,GOBP_NEGATIVE_REGULATION_OF_LYMPHOCYTE_ACTIVATION,FALSE,GOBP_NEGATIVE_REGULATION_OF_LYMPHOCYTE_ACTIVATION
15,2.1249387366082999,-2.1249387366082999,2.1249387366082999,-0.99250000000000005,-0.26250000000000001,2.7300000000000001E-2,0.998,BCL2|CD44|ST3GAL1|SERPINB9|BMP4|DOCK8|IRS2|NOC2L|AURKB|FOXP1|ADA|BCL11B|EFNA1|HSH2D|PTCRA|PNP|TSC22D3|IL2|BCL3|GPAM|PDCD1|VHL|IDO1|SLC39A10|BLM|IL7R|FADD|KIFAP3|PRKCQ|TNFSF4|BCL10|BCL2A1A|ORMDL3|ARG2|JAK3|RAG1|HIF1A|SLC46A2|CD27|RORC|TNFRSF4|CCL5|MIF|CD74,https://www.gsea-msigdb.org/gsea/msigdb/mouse/geneset/GOBP_NEGATIVE_REGULATION_OF_LYMPHOCYTE_APOPTOTIC_PROCESS,44,ENR,GOBP_NEGATIVE_REGULATION_OF_LYMPHOCYTE_APOPTOTIC_PROCESS,-2.1002999999999998,7.4999999999999997E-3,GOBP_NEGATIVE_REGULATION_OF_LYMPHOCYTE_APOPTOTIC_PROCESS,FALSE,GOBP_NEGATIVE_REGULATION_OF_LYMPHOCYTE_APOPTOTIC_PROCESS
21,2.7212463990471698,-2.7212463990471698,2.7212463990471698,-1,-0.36659999999999998,8.0000000000000004E-4,6.2E-2,CTNS|OXSR1|GUCA2B|KLHL3|MAGED2|AMN|MLLT6|AQP3|SLC15A2|AQP4|AQP7|CD2AP|WNK4|ADIPOQ|CLCNKB|CLDN19|CLDN4|GAS6|GSN|HAS2|HYAL2|RHPN1|SCTR|CLDN16|UMOD|HNF1A|SLC12A3|DAB2|KCNJ1|EDNRA|EDNRB|COMT|AQP1|KCNQ1|SLC5A1|SLC5A2|SLC6A18|EDN1|STK39,https://www.gsea-msigdb.org/gsea/msigdb/mouse/geneset/GOBP_RENAL_ABSORPTION,39,ENR,GOBP_RENAL_ABSORPTION,-2.6945999999999999,0,GOBP_RENAL_ABSORPTION,FALSE,GOBP_RENAL_ABSORPTION
1,2.7212463990471698,-2.7212463990471698,2.7212463990471698,-1,-0.18820000000000001,1.6999999999999999E-3,0.14199999999999999,NDUFB7|CTPS2|NDUFB8|NDUFB9|DCK|NDUFC1|NDUFC2|NDUFS1|DHODH|NDUFS2|NDUFS3|NDUFS4|NDUFS5|NDUFS6|NDUFS7|NDUFS8|ENTPD1|NDUFV1|NDUFV2|NDUFV3|FAM3A|PPARA|PNP|PRPS1|GART|PRPS2|GMPR|PPAT|GMPR2|GMPS|SDHA|SDHB|SDHC|GUCY2C|SDHD|GUCY2G|GUK1|HNF1A|STAT3|STOML2|IMPDH1|IMPDH2|LETMD1|MAP2K1|MTHFD1|VCP|NME1|NME2|NME3|NME4|NME5|NME6|NME7|IL4|NPPA|UPP1|NPPB|UPP2|NPPC|NPR1|NPR2|ADA|NUDT2|PAICS|PAPSS1|PAPSS2|SLC25A13|PARP1|ADCY10|PFAS|PID1|PRPS1L1|PRPS1L3|PRPSAP1|PRPSAP2|RFK|CDA|SPHK2|TGFB1|TMSB4X|TREM2|UCK1|UCK2|UCKL1|UMPS|UPRT|ADSL|AK4|PYGL|SLC25A12|ALDOA|DNAJC30|ENO1|ADCY1|ADCY2|ADCY3|ADCY4|ADCY5|ADCY6|ADCY7|ADCY9|ADK|AK1|AK2|G6PDX|AK3|LDHC|MYC|AMPD1|LDHD|AMPD2|AMPD3|NDUFA1|NDUFA10|APRT|NDUFA11|NDUFA12|NDUFA13|ATIC|NDUFA2|NDUFA3|NDUFA5|NDUFA6|ATP6V1A|NDUFA7|NDUFA8|NDUFA9|BCL2L1|NDUFAB1|NDUFB10|CAD|NDUFB11|NDUFB2|CMPK1|LIPA|NDUFB3|NDUFB4|NDUFB5|COX11|NDUFB6,https://www.gsea-msigdb.org/gsea/msigdb/mouse/geneset/GOBP_RIBOSE_PHOSPHATE_BIOSYNTHETIC_PROCESS,140,ENR,GOBP_RIBOSE_PHOSPHATE_BIOSYNTHETIC_PROCESS,-2.5960999999999999,0,GOBP_RIBOSE_PHOSPHATE_BIOSYNTHETIC_PROCESS,FALSE,GOBP_RIBOSE_PHOSPHATE_BIOSYNTHETIC_PROCESS
1,2.6989700043360201,-2.6989700043360201,2.6989700043360201,-0.998,-0.14019999999999999,1.61E-2,0.93,NCOR1|OGT|CYB5R4|P2RX7|PFKFB1|PFKFB2|PFKFB3|PFKL|PFKP|PGAM1|PDXP|PGAM2|PGD|PGK1|PGLS|PKLR|NUPR1|PPARA|OGDH|PPP2CA|PRKAA1|PNP|PRKAA2|PNP2|PRKAG1|FMO2|PRPS1|PRPS2|PSEN1|RBKS|RPE|RPIA|GPD1L|RPTOR|SHPK|ALPL|QPRT|SIK2|SIRT6|SLC2A6|SLC4A1|HNF1A|REG3G|SLC4A4|SRC|STAT3|TALDO1|TKT|LDHB|TPI1|TRIM63|UCHL1|UCP2|ME1|ME2|ZBTB20|ZBTB7A|VCP|NADK|NADSYN1|NAMPT|NCF1|NCF2|NMNAT1|IFNG|NMNAT3|NNMT|JMJD8|ACMSD|MFSD8|NUDT12|NUDT13|NUDT17|AFMID|PPARGC1A|PRKACA|SLC25A13|PARP14|PCX|TREX1|NMNAT2|ENPP1|ESRRB|PDXK|GCK|SARM1|SLC1A3|SLC25A11|SLC25A22|IGF1|SLC37A2|INS1|INS2|INSR|KHK|LDHA|MTOR|PFKM|DCXR|ACO1|ACTN3|HTT|ARL2|BCL2L13|PRKAG2|CBFA2T3|PRKAG3|PNPO|COL6A1|SLC25A12|TRP53|ACACB|ADPGK|ALDH1L1|GOT1|ALDH1L2|GOT2|ALDOA|GPD2|ALDOART1|ALDOART2|ALDOB|ALDOC|HAAO|APP|ARNT|BPGM|DLST|DDIT4|DHTKD1|IDH1|EIF6|IDH2|ENO1|ENO2|ENO3|ENO4|MDH1|EP300|MDH2|FBP1|MLXIPL|FKRP|IDO1|FLCN|IDO2|FOXK1|MTCH2|FOXK2|G6PDX|GALE|GALK1|KMO|GALT|KYNU|GAPDH|MYC|GAPDHS|MYOG|GIT1|BCL10|AOX1|BIN1|GPD1|GPI1|ART2B|E2F1|ASPDH|EXTL3|H6PD|HDAC4|HIF1A|HK1|HK2|HK3|HKDC1|RAC1|XIAP|HSD11B1|IER3|KAT2B|LIPA|MLST8|MLX|MPI,https://www.gsea-msigdb.org/gsea/msigdb/mouse/geneset/GOBP_PYRIDINE_CONTAINING_COMPOUND_METABOLIC_PROCESS,185,ENR,GOBP_PYRIDINE_CONTAINING_COMPOUND_METABOLIC_PROCESS,-2.2238000000000002,2E-3,GOBP_PYRIDINE_CONTAINING_COMPOUND_METABOLIC_PROCESS,FALSE,GOBP_PYRIDINE_CONTAINING_COMPOUND_METABOLIC_PROCESS
36,2.3979400086720402,-2.3979400086720402,2.3979400086720402,-0.996,-0.41930000000000001,4.7E-2,1,ACR|GNAL|CACNA1C|CACNA1D|RAF1|CALCA|NF1|CALCR|ORAI1|ADCY1|ADCY2|ADCY3|ADCY4|STIM1|ADCY7,https://www.gsea-msigdb.org/gsea/msigdb/mouse/geneset/GOBP_POSITIVE_REGULATION_OF_ADENYLATE_CYCLASE_ACTIVITY,15,ENR,GOBP_POSITIVE_REGULATION_OF_ADENYLATE_CYCLASE_ACTIVITY,-1.9576,4.0000000000000001E-3,GOBP_POSITIVE_REGULATION_OF_ADENYLATE_CYCLASE_ACTIVITY,FALSE,GOBP_POSITIVE_REGULATION_OF_ADENYLATE_CYCLASE_ACTIVITY
1,2.2146701649892302,-2.2146701649892302,2.2146701649892302,-0.99390000000000001,-0.44330000000000003,2.4500000000000001E-2,0.98899999999999999,ACO1|ACACB|ACO2|GLUD1|PCK1|CS|CSL|ASL|ASS1|SIRT4|IDH1|IDH2|IDH3A|IDH3B|IDH3G|ACLY,https://www.gsea-msigdb.org/gsea/msigdb/mouse/geneset/GOBP_TRICARBOXYLIC_ACID_METABOLIC_PROCESS,16,ENR,GOBP_TRICARBOXYLIC_ACID_METABOLIC_PROCESS,-2.1316000000000002,6.1000000000000004E-3,GOBP_TRICARBOXYLIC_ACID_METABOLIC_PROCESS,FALSE,GOBP_TRICARBOXYLIC_ACID_METABOLIC_PROCESS
7,2.2146701649892302,-2.2146701649892302,2.2146701649892302,-0.99390000000000001,-0.34520000000000001,3.6499999999999998E-2,1,LTF|MBL1|MBL2|CXCL1|F2RL1|CTSG|DAO|MYD88|CXCL5|NLRP6|PCYOX1L|POMC|ELANE|TREM1|TREM3|TUSC2|F2|ROMO1|GAPDH|SPAG11B|ARG1|CAMP|SCNN1B|NCF1|HRG,https://www.gsea-msigdb.org/gsea/msigdb/mouse/geneset/GOBP_KILLING_BY_HOST_OF_SYMBIONT_CELLS,25,ENR,GOBP_KILLING_BY_HOST_OF_SYMBIONT_CELLS,-2.0291000000000001,6.1000000000000004E-3,GOBP_KILLING_BY_HOST_OF_SYMBIONT_CELLS,FALSE,GOBP_KILLING_BY_HOST_OF_SYMBIONT_CELLS
5,1.8894102897007501,-1.8894102897007501,1.8894102897007501,-0.98709999999999998,-0.27400000000000002,6.3100000000000003E-2,1,CACNA1C|TMEM38A|GSTO1|TRDN|CACNG1|CALM1|CALM2|CALM3|CAMK2D|HRC|PLN|CASQ1|CASQ2|CHD7|NOL3|RYR1|RYR3|TMEM38B|DHRS7C|CCR5|DMD|GSTM7|ATP2A2|PDE4D|RYR2|ZMPSTE24|SLC8A1|FKBP1B|ANK2|SLN|CCL3|ATP2A1,https://www.gsea-msigdb.org/gsea/msigdb/mouse/geneset/GOBP_SARCOPLASMIC_RETICULUM_CALCIUM_ION_TRANSPORT,32,ENR,GOBP_SARCOPLASMIC_RETICULUM_CALCIUM_ION_TRANSPORT,-1.8652,1.29E-2,GOBP_SARCOPLASMIC_RETICULUM_CALCIUM_ION_TRANSPORT,FALSE,GOBP_SARCOPLASMIC_RETICULUM_CALCIUM_ION_TRANSPORT
,2.2146701649892302,-2.2146701649892302,2.2146701649892302,-0.99390000000000001,-0.2908,2.3800000000000002E-2,0.98799999999999999,RPLP0|IL4|RPS2|CD300LF|PTPN2|DCSTAMP|HSPA5|XBP1|JAK1|KEAP1|MCM2|MRC1|PML|NFIL3|RUFY4|TUBA1B|STAT6|FASN|CITED1|CORO1A|STAT5B|PTPRC|SHPK|CDK4|HSP90AB1|PARP14|ALAD|IL4RA|IMPDH2|GATA3|JAK3|CCL11|STAT5A|TCF7|LEF1|RPL3|CD40|XCL1,https://www.gsea-msigdb.org/gsea/msigdb/mouse/geneset/GOBP_RESPONSE_TO_INTERLEUKIN_4,38,ENR,GOBP_RESPONSE_TO_INTERLEUKIN_4,-2.1385999999999998,6.1000000000000004E-3,GOBP_RESPONSE_TO_INTERLEUKIN_4,FALSE,GOBP_RESPONSE_TO_INTERLEUKIN_4
14,2.7212463990471698,-2.7212463990471698,2.7212463990471698,-1,-0.17480000000000001,4.0000000000000002E-4,2.9000000000000001E-2,ELOVL2|ELOVL5|EPHX1|EPHX2|FADS1|FADS2|ABCA4|ALDH1A2|ALDH1A3|GPX1|GPX4|BCO2|BMP2|BMP5|DGKQ|BMP6|ADH6A|CACNA1H|GSTM7|SCP2|AWAT2|CLCN2|GSTP1|CYP11A1|DAB2|GSTP2|DHRS3|DHRS4|DHRS7|DKK3|EDNRB|TMEM135|KCNMA1|HSD11B2|LRAT|RBP4|PLB1|RDH10|PNPLA2|RDH11|RDH1|RDH13|RDH12|SCNN1B|RDH14|SDR16C5|RDH16|WNT4|RDH5|ABCD2|RDH7|RDH9|RETSAT|SDR9C7|MGLL|ACAA1A|MGST3|ACAA1B|CYP1A2|ACOT8|PLA2G2F|PLA2G4A|ADH1|ADH4|ADH7|PNLIP|PPARGC1A|PNPLA8|AKR1C18|PTGDS|ALDH1A1|PTGES|PTGES2|PTGIS|PTGR1|PTGS1|PTGS2|ALDH8A1|SCO1|SPHK1|CES1D|CES1F|CYP1A1|ACSL1|AFP|ACSL4|BGLAP|BGLAP2|CREB1|CYP17A1|CYP46A1|CYP4F13|DHRS9|CYP4F14|DKKL1|CYP4F15|EGR1|CYP4F18|GGCX|HSD17B1|HSD3B4|ALOX5|INHBA|AHR|SRD5A1|STAR|AKR1C12|STARD3|AKR1C13|STAT5B|AKR1C14|AKR1C19|AKR1C20|AKR1C21|AKR1C6|ABCD1|AKR1CL|ALOX12|ALOX12B|ALOX12E|ALOX15|ALOX8|ALOXE3|EHHADH|REST|PTGES3|PRKG1|CES1E|ACOX1|GRIN1|CES2A|CES2C|CES2E|CTHRC1|CYP1B1|CYP2A12|CYP2A22|CYP2A4|CYP2A5|DGAT1|CYP2B10|CYP2B13|CYP2B19|CYP2B9|CYP2C29|CYP2C37|CYP2C38|CYP2C40|CYP2C50|HSD17B4|CYP2C54|HSD17B6|CYP2C55|CYP2D10|CYP2D12|CYP2D22|CYP2D26|CYP2D34|CYP2D9|CYP2E1|CYP2F2|CYP2G1|CYP2J11|CYP2J13|LIPE|CYP2J5|CYP2J6|CYP2J9|CYP2S1|CYP2U1|H6PD|CYP4A10|CYP4A12A|CYP4A12B|CYP4A14|CYP4A31|CYP4A32|DAGLA|DAGLB|DGAT2|RBP1,https://www.gsea-msigdb.org/gsea/msigdb/mouse/geneset/GOBP_OLEFINIC_COMPOUND_METABOLIC_PROCESS,181,ENR,GOBP_OLEFINIC_COMPOUND_METABOLIC_PROCESS,-2.7909999999999999,0,GOBP_OLEFINIC_COMPOUND_METABOLIC_PROCESS,FALSE,GOBP_OLEFINIC_COMPOUND_METABOLIC_PROCESS
1,2.7212463990471698,-2.7212463990471698,2.7212463990471698,-1,-0.19159999999999999,0,1E-3,NDUFB7|CTPS2|NDUFB8|NDUFB9|DCK|NDUFC1|NDUFC2|DHFR|NDUFS1|DHODH|NDUFS2|NDUFS3|NDUFS4|DTYMK|NDUFS5|DUT|NDUFS6|NDUFS7|NDUFS8|ENTPD1|NDUFV1|NDUFV2|NDUFV3|FAM3A|PPARA|PNP|FLAD1|PNP2|PRPS1|GART|PRPS2|GMPR|PPAT|GMPR2|GMPS|SDHA|GUCA1A|SDHB|GUCA1B|QPRT|SDHC|GUCY2C|SDHD|GUCY2G|SHMT2|GUK1|HNF1A|STAT3|STOML2|IMPDH1|IMPDH2|SHMT1|LETMD1|MAP2K1|MAPK1|MTHFD1|MTHFD2L|VCP|NADK|NADSYN1|NAMPT|NME1|NME2|NME3|NME4|NME5|NME6|NME7|NMNAT1|NMNAT3|IL4|NPPA|UPP1|NPPB|UPP2|NPPC|NPR1|NPR2|OAS1A|ADA|NUDT2|AFMID|OASL2|PAICS|PAPSS1|PAPSS2|SLC25A13|PARP1|ADCY10|NMNAT2|PFAS|PID1|PRPS1L1|PRPS1L3|PRPSAP1|PRPSAP2|RD3|RFK|RRM1|CDA|RRM2|RRM2B|SLC4A7|SLC52A2|SLC52A3|SPHK2|TBPL1|TGFB1|TMSB4X|TREM2|TYMS|UCK1|UCK2|UCKL1|UMPS|UPRT|DCTD|ADSL|AK4|SLC25A12|ALDOA|DGUOK|HAAO|DNAJC30|IDH2|ENO1|ADCY1|ADCY2|ADCY3|ADCY4|ADCY5|ADCY6|ADCY7|ADCY9|IDO1|ADK|IDO2|ADORA2B|AK1|AK2|G6PDX|AK3|AK5|KMO|AK7|KYNU|AK8|LDHC|MYC|AMPD1|LDHD|AMPD2|AMPD3|NDUFA1|NDUFA10|APRT|NDUFA11|NDUFA12|ASPDH|NDUFA13|ATIC|NDUFA2|NDUFA3|NDUFA5|NDUFA6|ATP6V1A|NDUFA7|NDUFA8|NDUFA9|BCL2L1|NDUFAB1|NDUFB10|CAD|NDUFB11|NDUFB2|NOS3|CMPK1|LIPA|NDUFB3|CMPK2|NDUFB4|NDUFB5|COX11|NDUFB6,https://www.gsea-msigdb.org/gsea/msigdb/mouse/geneset/GOBP_NUCLEOTIDE_BIOSYNTHETIC_PROCESS,184,ENR,GOBP_NUCLEOTIDE_BIOSYNTHETIC_PROCESS,-3.1213000000000002,0,GOBP_NUCLEOTIDE_BIOSYNTHETIC_PROCESS,FALSE,GOBP_NUCLEOTIDE_BIOSYNTHETIC_PROCESS
26,2.09151498112135,-2.09151498112135,2.09151498112135,-0.9919,-0.1414,4.9700000000000001E-2,1,SLC25A27|SLC25A3|P2RX5|SLC12A2|SLC17A1|SLC17A4|SLC17A7|SLC17A8|SLC4A1|SLC4A4|CLCN2|SLC1A1|SLC1A4|UCP2|SLC22A6|BSND|SLC22A8|SLC12A9|MFSD8|SLC11A1|SLC26A1|SLC26A11|IP6K2|SLC26A3|SLC26A6|SLC26A9|RACGAP1|CLNS1A|WNK4|SLC12A1|SLC12A3|CLIC4|SLC13A1|ABCB1A|SLC20A1|SLC37A1|ABCB1B|SLC20A2|PCYOX1|TG|FGFR1|P2RY6|SLC34A1|SLC34A2|SLC34A3|ENPP1|ANO6|SLC4A10|SLC4A11|SLC4A2|SLC4A3|SLC5A5|SLC4A5|SLC4A8|SLC4A9|SLC5A6|SLC6A2|SLC1A3|SLC5A8|GABRB3|SLC6A14|SLC37A2|SLC4A7|FGFR4|ANO1|ANO10|ANO2|ANO3|ANO4|ANO8|TSPO|ANO9|CLCA1|CLCA2|MTOR|ATF4|CLCC1|CLCN6|CLCNKA|CFTR|CLDN17|CAR2|CLIC1|CAR7|CLIC3|CLIC5|CLIC6|CRY2|GABRA2|GABRA3|GABRA4|GABRB1|GABRB2|GABRD|GABRE|GABRP|GABRR2|GLRB|MFSD5|OSTM1|SFRP4|SLC25A30|SLC26A10|TTYH1|SLC26A2|TTYH2|SLC26A4|TTYH3|TMC4|XPR1|ANK|FXYD1|CEBPB|SLC37A4|ATP8B1|BEST1|BEST2|CASR|PRKG2|AQP6|STC2|CLCN5|SLC25A10|VDR|CLCNKB|ABCC6|CLDN4|KCNK1|KCNK2|KCNE2|LRRC8A|SLC12A5|KCNQ1|CLCN3|CLCN7|SLC12A4|SLC12A6|SLC12A7|SLC12A8|SLC25A14,https://www.gsea-msigdb.org/gsea/msigdb/mouse/geneset/GOBP_INORGANIC_ANION_TRANSPORT,140,ENR,GOBP_INORGANIC_ANION_TRANSPORT,-1.9369000000000001,8.0999999999999996E-3,GOBP_INORGANIC_ANION_TRANSPORT,FALSE,GOBP_INORGANIC_ANION_TRANSPORT
2,2.6989700043360201,-2.6989700043360201,2.6989700043360201,-0.998,-0.16139999999999999,2.7300000000000001E-2,0.997,MAD2L2|MLH1|MEF2C|NOD2|FLT3|NCKAP1L|SLAMF8|NDFIP1|ZFP36L1|PNP|PPP2R3C|TIRAP|PTPN6|PARP3|PTEN|PTPRC|TLR4|PAXIP1|HMGB3|PKN1|PMS2|IKZF3|IL21|IL2RG|IL5|IL7|RC3H1|CD38|LAPTM5|TNFRSF21|RIF1|CHRNB2|MMP14|MIF|SAMSN1|SASH3|NFAM1|IFNG|ATM|IL4|PCID2|SIGLECG|PELI1|TLR9|PRLR|CDKN2A|SLC15A4|ADA|STAT6|SFRP1|SH3KBP1|TBX21|CASP3|TFRC|AKIRIN2|SLC39A10|TNFAIP3|APLF|SYK|TNFRSF13B|TNFRSF13C|ATAD5|TNFSF13|BCL6|TNFSF13B|TNFSF4|BTK|BTLA|TRP53BP1|BAD|STAT5A|TBC1D10C|TCF3|CD24A|CD27|TICAM1|CD28|TNFRSF4|CD40|CD40LG|TNIP2|BCL2|TSC2|EXOSC3|TYROBP|EXOSC6|VAV3|ID2|TGFB1|WNT3A|IRS2|XBP1|CD19|ZFP36L2|CTLA4|AHR|BMI1|STAT5B|CD300A|NFATC2|EPHB2|FAS|FOXP3|CD74|PAWR|CD81|IL13|IL2|ANKLE1|IL27RA|ATP11C|MSH2|BANK1|IL4I1|IL10|IL6|BST1|INPP5D|CARD11|FCGR2B|FOXJ1|CD22|CD320|GPR183|CDKN1A|CYLD|LYN|DDRGK1,https://www.gsea-msigdb.org/gsea/msigdb/mouse/geneset/GOBP_REGULATION_OF_B_CELL_ACTIVATION,128,ENR,GOBP_REGULATION_OF_B_CELL_ACTIVATION,-2.1036999999999999,2E-3,GOBP_REGULATION_OF_B_CELL_ACTIVATION,FALSE,GOBP_REGULATION_OF_B_CELL_ACTIVATION
8,2.6989700043360201,-2.6989700043360201,2.6989700043360201,-0.998,-0.19900000000000001,2.7099999999999999E-2,0.996,CES1F|RBP2|LDLR|CYP3A11|LSS|CYP1A1|CYP3A44|CYP26A1|CYP26B1|PRMT3|DHRS9|ABCA4|STAR|ALDH1A2|ALDH1A3|RARRES2|BCO2|ALDH3A2|CLPS|ADH6A|AWAT2|DHRS3|DHRS4|DHRS7|ISX|LRAT|RBP4|PLB1|RDH10|PNPLA2|RDH11|SP1|FDPS|RDH1|RDH13|RDH12|STRAP|LPL|RDH14|SDR16C5|RDH16|RDH5|RDH7|GGPS1|RDH9|RETSAT|SDR9C7|CYP1A2|HMGCS1|CES1E|CES2A|CES2C|CES2E|CRABP2|PECR|CYP1B1|ADH1|ADH4|ADH5|DGAT1|ADH7|PNLIP|TTR|AKR1C18|HSD17B6|CYP2C55|ALDH1A1|HTRA2|ALDH1A7|KLF9|CYP2E1|ALDH8A1|LIPE|CYP2J6|FDFT1|CYP2S1|HMGCS2|EGFR|DGAT2|LIPA|CES1D|RBP1,https://www.gsea-msigdb.org/gsea/msigdb/mouse/geneset/GOBP_TERPENOID_METABOLIC_PROCESS,82,ENR,GOBP_TERPENOID_METABOLIC_PROCESS,-2.1099000000000001,2E-3,GOBP_TERPENOID_METABOLIC_PROCESS,FALSE,GOBP_TERPENOID_METABOLIC_PROCESS
3,2.09151498112135,-2.09151498112135,2.09151498112135,-0.9919,-0.3629,4.82E-2,1,OAT|OTC|SLC39A8|AGMAT|SLC7A7|ASL|ARG1|ARG2|NAGS|ATP2B4|ASS1|FAH|FH1|ODC1|AZIN1|CLN3|NOS2|DDAH1|NOS3,https://www.gsea-msigdb.org/gsea/msigdb/mouse/geneset/GOBP_ARGININE_METABOLIC_PROCESS,19,ENR,GOBP_ARGININE_METABOLIC_PROCESS,-1.9487000000000001,8.0999999999999996E-3,GOBP_ARGININE_METABOLIC_PROCESS,FALSE,GOBP_ARGININE_METABOLIC_PROCESS
13,2.6989700043360201,-2.6989700043360201,2.6989700043360201,-0.998,-0.2341,2.0199999999999999E-2,0.97599999999999998,BCL2|CTNS|CYB5R4|SLC6A9|LCT|UROS|CITED1|SLCO1A6|DDT|SLCO1B2|DCT|MC1R|PMEL|APPL1|RAPGEF2|VHL|ZEB2|HNF1A|TBX2|ABCC2|ATP7A|TMEM14A|COX10|MYO5A|RAB38|CPOX|SOX2|SLC25A39|CDH3|SLC7A11|TRPC1|WNT5A|OPN3|CYP2A5|FXN|GIPC1|ABCB10|ABCB6|ABCB7|ALAD|ALAS1|ALAS2|BLVRB|COX15|MFSD12|FECH|HEBP1|HMBS|HMOX1|HMOX2|SLC24A5|IREB2|BLVRA|PGRMC1|PPOX|SLC11A2|SLC48A1|SNX3|SRRD|TMEM14C|UGT1A1|BDH2|UROD|HPX,https://www.gsea-msigdb.org/gsea/msigdb/mouse/geneset/GOBP_PIGMENT_METABOLIC_PROCESS,64,ENR,GOBP_PIGMENT_METABOLIC_PROCESS,-2.1797,2E-3,GOBP_PIGMENT_METABOLIC_PROCESS,FALSE,GOBP_PIGMENT_METABOLIC_PROCESS
4,2.7212463990471698,-2.7212463990471698,2.7212463990471698,-1,-0.12479999999999999,6.4999999999999997E-3,0.57199999999999995,MAD2L2|MALT1|RAG2|MLH1|MSH6|NBN|FLT3|NCKAP1L|SLAMF8|FLT3L|NDFIP1|ZFP36L1|NFKBIZ|RBPJ|TIRAP|PARP3|TLR4|PAXIP1|HMGB3|PKN1|PMS2|POU2F2|IKZF3|PRKCB|PRKCD|IL21|IL2RG|IL5|IL7|RAG1|RC3H1|ZBTB7A|CD38|LAPTM5|LGALS8|RIF1|CHRNB2|RNF168|RNF8|MMP14|SAMSN1|SASH3|NFAM1|PCID2|SIGLECG|PELI1|EZH2|PRLR|PTPN2|SLC15A4|RASGRP1|ADA|STAT6|SWAP70|SFRP1|AICDA|SH3KBP1|TBX21|SHB|TFRC|SLC39A10|TNFAIP3|SYK|TNFRSF13B|TNFRSF13C|KIT|TNFSF13|ABL1|TNFSF13B|TNFSF4|TRP53BP1|BAD|STAT5A|PCYT1A|TBC1D10C|TCF3|UNG|TICAM1|TNFRSF4|XRCC4|NFATC1|ZBTB1|BAK1|TNIP2|BCL2|TSC2|TYROBP|VAV3|TGFB1|WNT3A|XBP1|CD19|ZFP36L2|AHR|BCL3|BMI1|STAT5B|CEBPG|PIK3CD|PIK3R1|C3|PLCG2|AQP8|YY1|CD74|CD81|CFB|IL13|CR2|FZD9|LRRC8A|MSH2|IL4I1|EXO1|FCGR2B|FOXJ1|GPR183|LYN|MS4A1|MEF2C|NOD2|PHB2|NOTCH2|NHEJ1|PNP|POLM|BCL11A|BLNK|CD180|CHRNA4|PPP2R3C|CMTM7|PTK2B|PTPN6|CXCR5|PTEN|PTPRC|DLL1|DNAJB9|DOCK10|DOCK11|FCRL1|FNIP1|GIMAP1|GON4L|GPS2|HDAC5|HDAC9|HHEX|HMGA1|IGBP1|IKZF1|IRF2BP2|ITFG2|ITM2A|LFNG|LYL1|MFNG|MYB|TNFRSF21|NKX2-3|TRAF3IP2|NTRK1|ONECUT1|PFDN1|PHF14|BAX|PLCL2|POU2AF1|PTPRJ|RABL3|HDAC7|SKAP2|MIF|SLC39A7|SP3|SPIB|ST3GAL1|SYVN1|TCIRG1|IFNG|TOP2B|TPD52|ATM|IL4|TSHR|TLR9|TXLNA|SLC25A5|CDKN2A|6030468B19RIK|CASP3|ADAM17|AKIRIN2|APLF|ATAD5|BATF|BCL6|BTK|BTLA|CCR6|ENPP1|CD24A|CD27|CD28|CD40|CD40LG|CD70|EXOSC3|CD79A|CD79B|EXOSC6|CD86|ID2|CDH17|IRS2|CTLA4|DCLRE1C|CD300A|DPP4|NFATC2|EPHB2|ERCC1|FAS|FOSL2|FOXP3|GAPT|TRP53|PAWR|HSPD1|ICOSL|FOXP1|IL2|ANKLE1|EP300|IL27RA|ATP11C|BANK1|IL10|IL6|IL7R|IRF8|BST1|IL9R|INPP5D|CARD11|JAK3|CD22|CD320|PRKDC|CDKN1A|LAT2|LAX1|LEF1|CYLD|LGALS1|LIG4|DDRGK1,https://www.gsea-msigdb.org/gsea/msigdb/mouse/geneset/GOBP_B_CELL_ACTIVATION,258,ENR,GOBP_B_CELL_ACTIVATION,-2.3872,0,GOBP_B_CELL_ACTIVATION,FALSE,GOBP_B_CELL_ACTIVATION
8,1.79317412396815,-1.79317412396815,1.79317412396815,-0.9839,-0.35399999999999998,7.7499999999999999E-2,1,ALDH1A7|ALDH1B1|ALDH2|ALDH3B1|ALDH3B2|ADH1|SULT1B1|SULT1E1|ADH5|SULT2A1|ADH7|HAO1|SULT2A2|SULT2A3|SULT2A5|SULT2A6|SULT2A7|AKR1C18,https://www.gsea-msigdb.org/gsea/msigdb/mouse/geneset/GOBP_PRIMARY_ALCOHOL_CATABOLIC_PROCESS,18,ENR,GOBP_PRIMARY_ALCOHOL_CATABOLIC_PROCESS,-1.8141,1.61E-2,GOBP_PRIMARY_ALCOHOL_CATABOLIC_PROCESS,FALSE,GOBP_PRIMARY_ALCOHOL_CATABOLIC_PROCESS
16,2.67778070526608,-2.67778070526608,2.67778070526608,-0.99790000000000001,-0.14729999999999999,4.3299999999999998E-2,1,MEF2C|PLN|PRKD1|CD9|AGFG1|TLR2|AGFG2|TMF1|IHH|AU040320|ACRBP|CCDC136|CCDC38|CCDC42|CHN2|CLASP1|CLASP2|FIG4|CKAP5|DCAF17|MYH6|ILK|ITGB4|MAG|MIOS|MTMR2|NFASC|PFN4|PHLDB1|PHLDB2|PLLP|POC1B|DAG1|RFX2|SEC23IP|CNTN1|SPACA1|SPINK2|TBC1D20|TPPP|UGT8A|VPS13B|ACTA1|ZPBP|ACTC1|ACTG1|ADPRHL1|AKAP13|CFL2|CFLAR|CSRP1|CSRP2|CSRP3|PLA2G3|FHOD3|FLII|FLNC|HDAC2|KRT19|PLEC|KRT8|NKX2-5|LDB3|PAFAH1B1|LMOD1|LMOD2|LMOD3|MYBPC1|PIKFYVE|MYBPC2|GPC1|MYBPC3|MYBPH|MYH10|MYH11|MYL2|MYL9|MYLK3|MYOM1|MYOM2|MYOM3|MYOZ1|MYOZ2|ACTN2|MYPN|NEB|NEBL|NEURL2|NRAP|PDGFRA|DICER1|PDGFRB|PGM5|PRKAR1A|PROX1|SIX4|SMAD4|SRF|TCAP|TMOD1|TMOD2|TMOD3|TMOD4|TNNT1|TNNT2|ERCC2|TNNT3|TPM1|TTN|WDR1|XIRP1|SLC9A8|TBPL1|CAPN3|CASQ1|CASQ2|CAV3|PMP22|PRX|ANKRD23|CNTNAP1|ITGB1|ZPBP2|FSIP1|GNPAT|EP300|MFN2|MEF2A|ABCA2|EDN1,https://www.gsea-msigdb.org/gsea/msigdb/mouse/geneset/GOBP_CELLULAR_COMPONENT_ASSEMBLY_INVOLVED_IN_MORPHOGENESIS,130,ENR,GOBP_CELLULAR_COMPONENT_ASSEMBLY_INVOLVED_IN_MORPHOGENESIS,-1.9773000000000001,2.0999999999999999E-3,GOBP_CELLULAR_COMPONENT_ASSEMBLY_INVOLVED_IN_MORPHOGENESIS,FALSE,GOBP_CELLULAR_COMPONENT_ASSEMBLY_INVOLVED_IN_MORPHOGENESIS
15,1.59006687666871,-1.59006687666871,1.59006687666871,-0.97430000000000005,-0.19139999999999999,8.1199999999999994E-2,1,BCL2|CD44|BMP4|DOCK8|IRS2|NOD2|AURKB|BCL11B|EFNA1|HSH2D|PTCRA|ST6GAL1|PNP|TSC22D3|BCL3|GPAM|HCLS1|PDCD1|VHL|FADD|PRKCQ|CXCR2|FCER1G|BCL2A1A|RAG1|KITL|CCL19|MERTK|RORC|CCL5|MIF|CD74|ST3GAL1|SERPINB9|CCR7|NOC2L|FOXP1|ADA|IL18|ITPKB|GAS6|IL2|CXCL12|CCR5|IDO1|SLC39A10|AXL|BLM|IL7R|KIFAP3|FCGR2B|TNFSF4|BCL10|ORMDL3|ARG2|JAK3|HIF1A|STAT5A|SLC46A2|BCL2L1|CD27|TNFRSF4,https://www.gsea-msigdb.org/gsea/msigdb/mouse/geneset/GOBP_NEGATIVE_REGULATION_OF_LEUKOCYTE_APOPTOTIC_PROCESS,62,ENR,GOBP_NEGATIVE_REGULATION_OF_LEUKOCYTE_APOPTOTIC_PROCESS,-1.7954000000000001,2.5700000000000001E-2,GOBP_NEGATIVE_REGULATION_OF_LEUKOCYTE_APOPTOTIC_PROCESS,FALSE,GOBP_NEGATIVE_REGULATION_OF_LEUKOCYTE_APOPTOTIC_PROCESS
1,1.85387196432176,-1.85387196432176,1.85387196432176,-0.98599999999999999,-0.1426,5.1400000000000001E-2,1,NCOR1|OGT|P2RX7|PFKFB1|PFKFB2|PFKFB3|PFKL|PCK1|PFKP|PCK2|PGAM1|PGAM2|PGK1|PKLR|NUPR1|PPARA|OGDH|PPP2CA|PRKAA1|PRKAA2|PRKAG1|PDHA1|PDHB|PSEN1|RPTOR|SIK2|SIRT6|SLC2A6|SLC4A1|SLC4A4|SDS|SRC|STAT3|SLC16A1|LDHB|SLC16A3|TPI1|TRIM63|UCHL1|UCP2|ME1|ME2|ZBTB20|ZBTB7A|IFNG|JMJD8|PDK1|PDK2|MFSD8|PDK3|PDK4|AGXT|PPARGC1A|PRKACA|PCX|TREX1|ENPP1|ESRRB|BCKDK|PDHX|GCK|TPK1|IGF1|INS1|INS2|INSR|KHK|LDHA|MTOR|PFKM|ACTN3|HTT|ARL2|BCL2L13|PRKAG2|CBFA2T3|PRKAG3|COL6A1|ADPGK|ALDOA|ALDOART1|ALDOART2|SRR|ALDOB|ALDOC|APP|DLAT|ARNT|DLD|BPGM|DDIT4|DHTKD1|EIF6|ENO1|ENO2|ENO3|HOGA1|ENO4|EP300|FBP1|MLXIPL|FKRP|FLCN|FOXK1|MTCH2|VDAC1|FOXK2|GALE|GALK1|GALT|GAPDH|LDHC|MYC|GAPDHS|MYOG|GIT1|GPD1|GPI1|HDAC4|HIF1A|HK1|HK2|HK3|ME3|HKDC1|IER3|KAT2B|LIPA|MLST8|MLX|MPI,https://www.gsea-msigdb.org/gsea/msigdb/mouse/geneset/GOBP_PYRUVATE_METABOLIC_PROCESS,131,ENR,GOBP_PYRUVATE_METABOLIC_PROCESS,-1.927,1.4E-2,GOBP_PYRUVATE_METABOLIC_PROCESS,FALSE,GOBP_PYRUVATE_METABOLIC_PROCESS
2,1.67778070526608,-1.67778070526608,1.67778070526608,-0.97899999999999998,-0.35210000000000002,8.6599999999999996E-2,1,IDO1|NR5A2|CCR7|HMGB1|IRAK3|PHLPP1|HAVCR2|CD86|CBLB|IL2RA|FOXJ1|ITCH|FOXP3|RUNX1|TGFBR2|CD3E|H2-M3|PDCD1,https://www.gsea-msigdb.org/gsea/msigdb/mouse/geneset/GOBP_REGULATION_OF_TOLERANCE_INDUCTION,18,ENR,GOBP_REGULATION_OF_TOLERANCE_INDUCTION,-1.7789999999999999,2.1000000000000001E-2,GOBP_REGULATION_OF_TOLERANCE_INDUCTION,FALSE,GOBP_REGULATION_OF_TOLERANCE_INDUCTION
3,1.7520267336381901,-1.7520267336381901,1.7520267336381901,-0.98229999999999995,-0.18759999999999999,7.9799999999999996E-2,1,SLC1A3|OAT|OTC|ADI1|PAH|ALDH18A1|APIP|ASL|ASNS|ASNSD1|ASS1|PARK7|BHMT|GLUL|BHMT2|CLN3|CTH|ENOPH1|SHMT2|DPYD|GGT1|SHMT1|MRI1|MTAP|MTHFR|MTR|NAGS|MTHFD1|AASDHPPT|MTHFD2L|ABAT|GAD1|GAD2|PCBD1|SLC25A12|PCBD2|CARNS1|PHGDH|PLOD2|PLOD3|THA1|PSAT1|THNSL2|PSPH|GLS|PYCR1|AASS|GLS2|PYCR2|SEPHS1|UPB1|SEPHS2|SLC38A1|GOT1|GOT2|SRR|HAO1|AGXT|AGXT2|ALDH1A1|ILVBL|ATP2B4|BCAT1|BCAT2|MTRR|CAD|CBS,https://www.gsea-msigdb.org/gsea/msigdb/mouse/geneset/GOBP_AMINO_ACID_BIOSYNTHETIC_PROCESS,67,ENR,GOBP_AMINO_ACID_BIOSYNTHETIC_PROCESS,-1.8018000000000001,1.77E-2,GOBP_AMINO_ACID_BIOSYNTHETIC_PROCESS,FALSE,GOBP_AMINO_ACID_BIOSYNTHETIC_PROCESS
1,2.7212463990471698,-2.7212463990471698,2.7212463990471698,-1,-0.43219999999999997,3.7000000000000002E-3,0.33500000000000002,ACO1|ACACB|G6PDX|TALDO1|ALDH1L1|ALDH1L2|TKT|PGD|ALDOB|PGLS|H6PD|MTOR|PRPS1|IDH1|PRPS2|RBKS|HSD11B1|RPE|RPIA|RPTOR|MLST8|SHPK|TRP53,https://www.gsea-msigdb.org/gsea/msigdb/mouse/geneset/GOBP_NADPH_REGENERATION,23,ENR,GOBP_NADPH_REGENERATION,-2.4809000000000001,0,GOBP_NADPH_REGENERATION,FALSE,GOBP_NADPH_REGENERATION
1,2.7212463990471698,-2.7212463990471698,2.7212463990471698,-1,-0.21590000000000001,0,0,AKT2|1700066M21RIK|ABCD1|ACO1|ACO2|ACTN3|ADSL|AK4|AKT1|APOC3|ARL2|ATP7A|BCL2L13|BDNF|BID|BLOC1S1|CAT|CBFA2T3|CCNB1|CDK1|CHCHD10|CHCHD2|COL6A1|COQ7|COQ9|COX10|COX4I1|COX4I2|COX5A|COX5B|COX6A1|COX6A2|COX6B1|COX6B2|COX6C|COX7A1|COX7A2|COX7A2L|COX7B|COX7C|COX8A|COX8B|CS|CSL|CYC1|CYCS|DGUOK|DLAT|DLD|DLST|DNAJC15|DNAJC30|FH1|FXN|IDE|IDH1|IDH2|IDH3A|IDH3B|IDH3G|ISCU|MDH1|MDH2|MFN2|MLXIPL|MRPS36|MSH2|MTCH2|MTFR1|MUP1|MUP2|MUP3|MUP5|MYC|MYOG|NDP|NDUFA1|NDUFA10|NDUFA11|NDUFA12|NDUFA13|NDUFA2|NDUFA3|NDUFA5|NDUFA6|NDUFA7|NDUFA8|NDUFA9|NDUFAB1|NDUFAF1|NDUFB10|NDUFB11|NDUFB2|NDUFB3|NDUFB4|NDUFB5|NDUFB6|NDUFB7|NDUFB8|NDUFB9|NDUFC1|NDUFC2|NDUFS1|NDUFS2|NDUFS3|NDUFS4|NDUFS5|NDUFS6|NDUFS7|NDUFS8|NDUFV1|NDUFV2|NDUFV3|NUPR1|OGDH|OXA1L|PANK2|PARK7|PDE2A|PDHA1|PDHB|PINK1|PPIF|RHOA|SDHA|SDHAF2|SDHB|SDHC|SDHD|SHMT2|SIRT3|SLC25A23|SLC25A33|SNCA|STOML2|SUCLA2|SUCLG1|SUCLG2|TMEM135|TNF|TRPV4|UQCR10|UQCR11|UQCRB|UQCRC1|UQCRC2|UQCRFS1|UQCRH|UQCRQ|VCP|ABCC9|AIFM1|AIFM2|BAX|CHCHD4|CHCHD5|CISD1|COQ10B|CYP1A2|ETFA|ETFB|ETFDH|IFNAR1|IFNG|IL10RB|IL4|IMMP2L|JMJD8|LYRM7|MFSD8|MYBBP1A|NFATC3|NFATC4|NR4A3|OAS1A|OAS1B|OAS1C|OAS1E|OAS1F|OAS1G|OPN3|PIK3CA|PLEC|PM20D1|PNPT1|PPARGC1A|PRDM16|PRELID1|PRKACA|PUM2|SCO2|SLC25A13|SLC25A25|SOD2|TRAP1|TREX1|VPS54|1810024B03RIK|ACADM|ADCY10|ADHFE1|ADRA1B|ADRB1|AGL|ATG12|ATG2A|ATG2B|ATG3|BLVRA|C1QTNF2|COMT|DYRK2|ENPP1|EPM2AIP1|ESRRB|GAA|GABARAPL1|GBE1|GCGR|GCK|GFPT1|GNAS|GNMT|GRB10|GSK3A|GSK3B|GYS1|GYS2|HMGB1|IGF1|IGF2|IL6ST|INPP5K|INS1|INS2|INSR|IRS1|IRS2|KHK|KL|LDHA|LEPR|MT3|MTOR|NHLRC1|NR1D1|PASK|PCDH12|PER2|PFKM|PGF|PGM1|PGM2|PHKA1|PHKA2|PHKB|PHKG1|PHKG2|PHLDA2|POMC|PPP1CA|PPP1CB|PPP1CC|PPP1R1A|PPP1R2|PPP1R3A|PPP1R3B|PPP1R3C|PPP1R3D|PPP1R3E|PPP1R3F|PPP1R3G|PRKAG2|PRKAG3|PTGES3|PYGB|PYGL|PYGM|RB1CC1|S100B|SLC25A12|SLC37A4|SORBS1|STBD1|STK40|TCF7L2|TRP53|UGP2|WDR45|WIPI1|WIPI2,https://www.gsea-msigdb.org/gsea/msigdb/mouse/geneset/GOBP_ENERGY_DERIVATION_BY_OXIDATION_OF_ORGANIC_COMPOUNDS,291,ENR,GOBP_ENERGY_DERIVATION_BY_OXIDATION_OF_ORGANIC_COMPOUNDS,-4.3010000000000002,0,GOBP_ENERGY_DERIVATION_BY_OXIDATION_OF_ORGANIC_COMPOUNDS,FALSE,GOBP_ENERGY_DERIVATION_BY_OXIDATION_OF_ORGANIC_COMPOUNDS
4,2.6989700043360201,-2.6989700043360201,2.6989700043360201,-0.998,-0.13689999999999999,2.3699999999999999E-2,0.98799999999999999,MAD2L2|MALT1|P2RX7|MAP3K7|RASGRP4|LTA|MILL1|MLH1|MR1|MUC4|NOD2|NCKAP1L|NDFIP1|PPP3CB|PRKAA1|PNP|NLRP3|PTPN6|PARP3|PTPRC|PAXIP1|PDCD1|PMS2|HSPA8|PRKCZ|IL21|SH2D1A|TNF|PVR|RAET1E|SUSD4|RIF1|RIPK3|RSAD2|SASH3|XCL1|SERPINB9|IFNG|SERPINB9B|SH2D1B1|IL4|PIK3R6|SLAMF1|SLAMF6|SLC15A4|RASGRP1|SMAD7|SPN|STAT6|STX7|TAP1|TAP2|TBX21|6030468B19RIK|TFRC|AGER|APLF|ARID5A|ATAD5|AZGP1|TNFRSF1B|TNFSF13|BCL6|TNFSF4|TRAF2|BTK|TRAF6|ARG1|TRP53BP1|TRPM4|CD160|SLC22A13|STAT5A|CD1D1|CD1D2|ULBP1|CD226|CD24A|CD274|CD28|WAS|YWHAG|CD40|ZBTB1|EXOSC3|HMGB1|IGF2|CD80|EXOSC6|VAV1|TGFB1|CLEC4G|TREM2|CRTAM|AHR|B2M|CD96|DENND1B|STAT5B|DPP4|DUSP22|KLRE1|C3|ARRB2|FADD|C4BP|FBXO38|FCER1A|FCER1G|FCGR1|FCGR3|FOXP3|FUT7|FZD5|CCL20|H2-D1|H2-K1|H2-M2|H2-M3|H2-Q1|H2-Q10|CEACAM1|H2-Q2|H2-Q4|CCR2|H2-Q6|H2-Q7|H2-T24|CD46|H2-T3|CD55|H60C|HAVCR2|HFE|CD81|HSPD1|GFER|IL12A|IL12B|CR1L|IL18|CR2|IL18R1|IL18RAP|IL1R1|IL2|IL20RB|IL23A|AP1G1|IL27RA|CADM1|CLEC12B|MSH2|CLEC2D|IL4I1|CRK|IL6|IL7R|GRB2|FCER2A|INPP5D|FCGR2B|KLRB1A|KLRB1B|KLRB1C|FOXJ1|KLRB1F|GATA3|KLRC1|KLRC2|GIMAP3|KLRI1|GIMAP5|KLRI2|KLHL22|LAMP1|H2-T23|KLRD1|KLRK1|LAG3|CLNK|HPX|IL1B|LGALS9,https://www.gsea-msigdb.org/gsea/msigdb/mouse/geneset/GOBP_REGULATION_OF_LYMPHOCYTE_MEDIATED_IMMUNITY,184,ENR,GOBP_REGULATION_OF_LYMPHOCYTE_MEDIATED_IMMUNITY,-2.1385000000000001,2E-3,GOBP_REGULATION_OF_LYMPHOCYTE_MEDIATED_IMMUNITY,FALSE,GOBP_REGULATION_OF_LYMPHOCYTE_MEDIATED_IMMUNITY
6,1.7099653886374799,-1.7099653886374799,1.7099653886374799,-0.98050000000000004,-0.20569999999999999,8.4199999999999997E-2,1,BMP4|RPS6KB1|ERRFI1|MEF2C|PPP3CA|MTOR|SMAD1|BMP2|ACTN3|AR|SMAD3|ASB2|ATP2A2|CACNA1S|TEAD1|TNNC1|CAMTA2|TNNI1|MYH6|MYH7|CMYA5|ACACB|NPPA|NPPB|ACTA1|EZH2|NFATC3|FOXO1|TRPC3|GATA4|CFLAR|GTF2IRD1|GTF2IRD2|HEY2|GSN|IGFBP5|INPP5F|PPARG|KDM4A|MYOD1|KLF15|MYOZ1|MYOZ2|MYOG|LMNA|MSTN|GATA6|ATP2B4|SMAD4|TCAP|MYOC|TNNT1|NFATC1,https://www.gsea-msigdb.org/gsea/msigdb/mouse/geneset/GOBP_STRIATED_MUSCLE_ADAPTATION,53,ENR,GOBP_STRIATED_MUSCLE_ADAPTATION,-1.7859,1.95E-2,GOBP_STRIATED_MUSCLE_ADAPTATION,FALSE,GOBP_STRIATED_MUSCLE_ADAPTATION
3,2.7212463990471698,-2.7212463990471698,2.7212463990471698,-1,-0.19439999999999999,0.01,0.755,NUDT7|NUDT8|PCK1|PCK2|PEX13|PEX5|PEX7|PHYH|PLIN5|PPARD|SCP2|SESN2|SLC25A17|SLC27A2|SLC27A4|AKT2|ABCB11|ABCD2|ABCD3|ABCD4|ABHD1|ABHD2|ABHD3|ACAA1A|ACAA1B|ACAA2|ACAD10|ETFA|ACAD11|ETFB|ACAD12|ETFDH|TWIST1|TYSND1|ACADL|ACADS|ACADVL|ACOT7|ACOT8|ACOX2|ACOX3|ACOXL|ACSL5|ADIPOQ|AIG1|ACADM|AUH|BDH2|CES1D|CES1F|CNR1|CPT1A|CPT1B|CPT2|CRAT|IRS1|IRS2|CYP4F13|CYP4F14|MTOR|CYP4F15|CYP4F18|DBI|DECR1|DECR2|ABCD1|ECH1|ECHDC1|ECHDC2|AKT1|ECHS1|ECI1|ECI2|ECI3|EHHADH|FAAH|FABP1|GCDH|ACACB|ACAT1|ACOX1|ALDH1L2|HACL1|HADH|HADHA|CROT|HADHB|HAO1|HSD17B10|HSD17B4|ILVBL|IVD|LIPE|LONP2|LPIN1|LPIN2|LPIN3|MFSD2A|MLYCD|NUDT19,https://www.gsea-msigdb.org/gsea/msigdb/mouse/geneset/GOBP_FATTY_ACID_CATABOLIC_PROCESS,100,ENR,GOBP_FATTY_ACID_CATABOLIC_PROCESS,-2.3100999999999998,0,GOBP_FATTY_ACID_CATABOLIC_PROCESS,FALSE,GOBP_FATTY_ACID_CATABOLIC_PROCESS
10,2.4089353929735,-2.4089353929735,2.4089353929735,-0.99609999999999999,-0.15260000000000001,2.46E-2,0.98899999999999999,LYST|LGALS3|MCOLN2|DNM1L|S100A14|AKIRIN1|NOD2|NCKAP1L|SLAMF8|CAMK1D|PF4|CCR3|CD177|PPBP|CD99L2|PTGER3|TIRAP|TLR2|CKLF|RARRES2|CMKLR1|CSF1|CSF3R|CXCL17|CXCL2|CXCL3|CXCR1|S100A9|CXCR2|DAPK2|TRPV4|MAPK1|FUT4|GBF1|IL17B|IL17RC|MDK|IL34|PTPRJ|IRAK4|ITGA1|XCL1|ITGA9|IFNG|ITGB2|ITGB2L|TGFB2|IL4|JAGN1|GP2|SLAMF1|RAC2|C1QBP|CXCL1|MOSPD2|MPP1|BSG|PECAM1|PERP|PIKFYVE|MYD88|SIRPA|PPIA|PPIB|SYK|PREX1|TREM1|PRTN3|TREM3|PDE4D|RAC3|TNFSF18|RTN4|S100A8|C3AR1|MSTN|SCG2|SELL|SLIT2|SRP54A|THBS4|TNFAIP6|VEGFA|WDR1|VAV1|PDE4B|VAV3|PRKCA|PTGER4|PTK2|MAPK3|CD300A|DPP4|EMP2|DPEP1|UMOD|DYSF|EDN3|THBS1|EDNRA|FCER1G|FCGR3|ANXA1|CCL1|CCL11|CCL12|C5AR1|CCL19|FUT7|CCL2|CCL22|CCL24|CCL25|SLC37A4|CCL27A|CCL28|CCL3|CCL4|CCL5|CCL7|CD74|CCL8|PAWR|CXADR|CCR7|IL17RA|CX3CL1|IL1R1|CXCL10|ADAM8|IL1A|CXCL13|IL23A|CXCL15|CXCL5|CXCL9|SPP1|BST1|ITGAM|LBP|JAM3|MYO1F|RAC1|CSF1R|IL1B|EDN1|EDN2,https://www.gsea-msigdb.org/gsea/msigdb/mouse/geneset/GOBP_GRANULOCYTE_MIGRATION,147,ENR,GOBP_GRANULOCYTE_MIGRATION,-2.1301000000000001,3.8999999999999998E-3,GOBP_GRANULOCYTE_MIGRATION,FALSE,GOBP_GRANULOCYTE_MIGRATION
11,2.7212463990471698,-2.7212463990471698,2.7212463990471698,-1,-0.18790000000000001,2.1299999999999999E-2,0.98199999999999998,PARL|PDCD5|DNM1L|PMAIP1|TSPO|PPP2R2B|OXA1L|PRKAA1|FIS1|PINK1|RALA|4930550C14RIK|AGK|HSP90AA1|AP3B1|BAG1|DNAJA1|FKBP8|RNF186|ROMO1|AKT1|TIMM10|BBC3|LRRK2|TIMM13|TIMM22|BID|TIMM50|TIMM9|TOMM22|TOMM40|BNIP3L|TOMM70A|AIFM1|BAX|CHCHD4|DDIT3|BAG3|IMMP2L|BAG4|BCAP31|SH3GLB1|DNAJC19|DNLZ|DUSP18|HSPD1|CDKN2A|FBXO7|FBXW7|GFER|GRPEL1|GRPEL2|HSPA1L|DNAJC15|IMMP1L|BCS1L|MIPEP|NOL3|PAM16|PMPCA|PMPCB|COX18|PTPN5|GDAP1|TIMM17A|TIMM17B|TIMM23|TIMM44|TIMM8A1|TOMM20|TOMM34|MFN2|TOMM40L|HSPA4|TOMM5|TOMM7|YWHAZ|MTCH2|SAMM50|TMEM126A|ADCY10|ISG15|EIF2AK1|MAPT|MAVS|NDUFA13|SIRT4|HK1|MFF|HK2|MTCH1|SREBF1|AIP|GSK3A|SARM1,https://www.gsea-msigdb.org/gsea/msigdb/mouse/geneset/GOBP_PROTEIN_LOCALIZATION_TO_MITOCHONDRION,95,ENR,GOBP_PROTEIN_LOCALIZATION_TO_MITOCHONDRION,-2.1635,0,GOBP_PROTEIN_LOCALIZATION_TO_MITOCHONDRION,FALSE,GOBP_PROTEIN_LOCALIZATION_TO_MITOCHONDRION
5,2.6989700043360201,-2.6989700043360201,2.6989700043360201,-0.998,-0.36059999999999998,2.7E-2,0.995,KCNH2|SUMO1|NEDD4L|RGS4|OXSR1|GRP|ACTN2|AGRN|BIN1|CASQ2|CAV3|KCNQ1|KCNRG|ANK3|KEL|KCNAB1|PTGER3|CRBN|KCNE1|CAV1|KCNE2|KCNE3|STK39,https://www.gsea-msigdb.org/gsea/msigdb/mouse/geneset/GOBP_NEGATIVE_REGULATION_OF_POTASSIUM_ION_TRANSMEMBRANE_TRANSPORT,23,ENR,GOBP_NEGATIVE_REGULATION_OF_POTASSIUM_ION_TRANSMEMBRANE_TRANSPORT,-2.1116999999999999,2E-3,GOBP_NEGATIVE_REGULATION_OF_POTASSIUM_ION_TRANSMEMBRANE_TRANSPORT,FALSE,GOBP_NEGATIVE_REGULATION_OF_POTASSIUM_ION_TRANSMEMBRANE_TRANSPORT
1,2.7212463990471698,-2.7212463990471698,2.7212463990471698,-1,-0.4274,0,0,NDUFB8|NDUFB9|NDUFC2|NDUFS1|NDUFS2|NDUFS3|NDUFS6|NDUFS7|NDUFS8|NDUFV1|NDUFV2|PARK7|PINK1|SDHA|SDHAF2|SDHB|SDHC|SDHD|BDNF|UQCR10|UQCR11|UQCRB|UQCRC1|UQCRC2|UQCRFS1|UQCRH|UQCRQ|COQ9|COX4I1|COX4I2|COX5A|COX5B|COX6A1|COX6A2|COX7A1|COX7A2|COX7A2L|COX7B|COX7C|COX8A|COX8B|CYC1|CYCS|DLD|DNAJC15|ISCU|NDUFA10|NDUFA11|NDUFA7|NDUFA8|NDUFAF1|NDUFB6,https://www.gsea-msigdb.org/gsea/msigdb/mouse/geneset/GOBP_AEROBIC_ELECTRON_TRANSPORT_CHAIN,52,ENR,GOBP_AEROBIC_ELECTRON_TRANSPORT_CHAIN,-3.6423999999999999,0,GOBP_AEROBIC_ELECTRON_TRANSPORT_CHAIN,FALSE,GOBP_AEROBIC_ELECTRON_TRANSPORT_CHAIN
5,2.7212463990471698,-2.7212463990471698,2.7212463990471698,-1,-0.1454,2.0000000000000001E-4,1.0999999999999999E-2,P2RX7|GPD1L|UCP2|NPPA|FMR1|ABCB1A|ABCB1B|PDE4D|ABL1|ACTN2|ADRB2|AFG3L2|AGRN|AGTR1A|AHNAK|AKAP5|P2RY6|AKAP6|ATP2B4|AKAP7|AKAP9|AMIGO1|ANK2|ANK3|ANO6|APLNR|ARF1|ASPH|ATG5|ATP1B2|ATP1B3|ATP2A1|ATP4A|BAK1|BCL2|BDKRB1|BMP4|CACNA1C|CACNA1D|CACNA1F|CACNA2D1|CACNB1|CACNB2|SPHK2|CACNB3|CACNG1|CALM1|TGFB1|CALM2|CALM3|CAMK2D|CAPN3|CASQ1|CASQ2|CAV3|CD19|CD4|CD63|CFTR|CLEC4B1|DBI|AHR|CNKSR3|PIK3C2A|COMMD1|CORO1A|CRBN|BPIFA1|CTSS|CXCR3|CYBA|PIK3CG|DHRS7C|DLG1|DMD|DPP10|DPP6|DRD4|DYSF|EDN3|AKT1|EDNRA|EHD3|F2R|ATP7A|F2RL3|PLCG1|FBXO11|PLCG2|FCRL5|FGF12|FGF13|FGF14|FHL1|FKBP1A|FKBP1B|FLNA|FXYD1|FXYD2|FXYD3|FXYD4|FXYD5|FXYD6|FXYD7|FYN|GAL|CAV1|GALR2|GJC2|GNB2|GNB5|GOPC|GPR35|GPR39|GRIA1|GRIN1|GRIN2C|GRM6|GRP|GSTO1|HAP1|HEPH|HOMER1|HPCA|HRC|HSPA2|IKBKB|IL13|ITGB1|ITGB3|JPH2|JPH3|JSRP1|CX3CL1|KCNAB1|CXCL10|KCNAB2|TMEM38B|CXCL11|KCNAB3|KCNC1|ISCU|KCNC2|KCNE1|KCNE2|KCNE3|CXCL9|KCNG4|KCNH2|KCNIP1|KCNIP2|VDAC1|KCNIP3|KCNIP4|KCNJ1|F2|KCNJ10|KCNJ11|KCNJ12|KCNJ13|KCNJ15|KCNJ16|KCNJ2|KCNJ5|KCNJ6|KCNJ8|GIMAP3|KCNMB1|GIMAP5|KCNN2|KCNN4|KCNQ1|KCNRG|HAMP|KCNS1|HAMP2|KEL|LCN2|LIME1|LRRC26|LRRC52|LRRC55|LYN|MMP9|EDN1|MS4A1|MS4A2|NDUFA4|NEDD4|NEDD4L|NGF|NLGN3|NR3C2|OSR1|OXSR1|P2RX1|P2RX4|P2RX5|PCSK9|PDPK1|PHB2|PKD2|PLN|PML|PPP3CA|PPP3CB|PPP3CC|PPP3R1|PRKCE|PRKD1|PRNP|PRSS8|PPIF|PSEN2|PTGER3|PTK2B|PTPN6|PTPN22|PTPN3|RANGRF|RAPGEF3|RELN|REM1|RGS4|GSTM7|RGS7|RGS9|SNCA|RIPK1|RNF207|RYR2|SCN1B|SCN2B|SCN3B|SCN4B|SCN5A|SESTD1|SLC30A1|SLC31A2|SLC36A2|SLC8A1|SLC9A1|SLC9A6|SLMAP|ABCC9|SLN|SNTA1|SPG7|BAX|SRI|STAC|STAC2|STAC3|STIM1|STIM2|MYO5A|STK39|STOM|XCL1|SUMO1|TCIRG1|IFNG|TESC|TGFB2|IL4|THY1|TLR9|TMBIM6|TMEM168|TMEM38A|TRDN|TRPC1|TRPC3|TRPC6|TSPAN13|UBASH3B|UBQLN1|UBR3|VAMP2|CHD7|VMP1|WNK1|WNK2|PLP1|WNK4|WWP2|YWHAE|YWHAH|YWHAQ|ADRB1|SCO1|PLCB1|MTOR|HTT|TACO1|NOL3|COX17|G6PDX|BIN1|ATP1A2|ATP1B1|CACNB4|ADCYAP1R1,https://www.gsea-msigdb.org/gsea/msigdb/mouse/geneset/GOBP_REGULATION_OF_MONOATOMIC_ION_TRANSMEMBRANE_TRANSPORT,303,ENR,GOBP_REGULATION_OF_MONOATOMIC_ION_TRANSMEMBRANE_TRANSPORT,-2.8946999999999998,0,GOBP_REGULATION_OF_MONOATOMIC_ION_TRANSMEMBRANE_TRANSPORT,FALSE,GOBP_REGULATION_OF_MONOATOMIC_ION_TRANSMEMBRANE_TRANSPORT
2,2.7212463990471698,-2.7212463990471698,2.7212463990471698,-1,-9.4100000000000003E-2,3.2099999999999997E-2,0.999,DHPS|DLG5|DOCK8|DTX1|MALT1|DUSP3|RAG2|EFNB1|EFNB2|EFNB3|EGR3|EPHB4|ERBB2|FANCA|FANCD2|FCHO1|FLOT2|NCKAP1L|NDFIP1|FOXN1|PRKAA1|GLI3|NFKBID|GLMN|NFKBIZ|GNRH1|GPNMB|NLRP3|H2-AA|H2-AB1|H2-DMB2|H2-EB1|H2-EB2|PAG1|H2-OA|H2-OB|PDCD1|AIF1|PDCD1LG2|HSPB1|HSPH1|ICOS|SLC4A1|IGFBP2|IHH|PRDM1|IL15|SART1|PRKCQ|IL1RL2|PRKCZ|IL21|IL2RA|IL2RG|PYCARD|IL7|ITCH|ITGAL|RAG1|KAT5|RC3H1|KITL|RC3H2|LAPTM5|LGALS8|LMO1|LRRC32|RIPK2|RIPK3|MAD1L1|MAPK8IP1|MDK|RORC|NCK2|SASH3|NKAP|NR5A2|NRARP|PBRM1|PELI1|SIT1|PHF10|PIK3R6|PRDX2|SLAMF1|PTPN2|RAC2|RARA|RASAL3|SLFN1|RASGRP1|FGL2|SMAD7|ADA|SOCS5|RHOH|SPN|ITPKB|RUNX1|RUNX3|SCGB1A1|SCRIB|SDC4|SFTPD|SH2B3|TARM1|OPA1|TBX21|SH3RF1|SHB|TFRC|SIRPA|SKINT1|SMARCA2|SMARCA4|SYK|SMARCB1|TNFRSF13C|SMARCC1|TNFRSF14|SMARCC2|SMARCD1|TNFRSF1B|LCK|SMARCD2|ABL1|METTL3|PDE5A|SMARCD3|TNFSF13B|SMARCE1|TNFSF18|SOCS1|TNFSF4|SOCS6|NCK1|SOS1|TRAF6|ARG1|SOS2|ARG2|SOX12|SOX13|SOX4|BAD|STAT5A|TYK2|TCF7|TESPA1|TGFBR2|TIGIT|VTCN1|TNFAIP8L2|TNFRSF9|YWHAG|TNFSF14|ZAP70|TNFSF9|ZBTB1|ZBTB7B|TOX|ZC3H12A|TSC2|BMP4|TSPAN32|TWSG1|VAV1|VCAM1|VNN1|WNT10B|TGFB1|CYP26B1|XBP1|ZC3H12D|ILDR2|RPS3|ZC3H8|KAT2A|ZEB1|ZFP35|CD4|ZFP608|ZFP609|ZMIZ1|ZNHIT1|B2M|CORO1A|BMI1|STAT5B|DLG1|AP3B1|BID|ANXA1|ADORA2A|CCL19|CCL2|CCL20|CAV1|CCL5|CD74|CEACAM1|CCR2|CCR7|CD37|CD46|CD47|CD55|CD59A|CD59B|DNAJA3|CD81|CTSG|IL1A|IDO1|IL4I1|FOXJ1|GATA3|GIMAP3|GIMAP5|H2-DMA|H2-T23|PLA2G2D|IL1B|LGALS3|PCK1|PPP3CA|PF4|PNP|PRNP|GPAM|RHOA|PTPN6|PTEN|PTPN22|PTPRC|KLHL25|TNFRSF21|VSIG4|XCL1|IFNG|IL4|THY1|CDKN2A|SHH|PLA2G2F|PLA2G5|BRAF|PRELID1|CASP3|AGER|TREX1|ASCL2|BCL6|BRD2|BRD4|BTLA|DICER1|CCR6|PRKAR1A|CD160|CD1D1|CD1D2|DROSHA|SLC46A2|CD24A|CD27|CD274|SLC4A2|CD28|CD3E|CD40LG|CD44|CD69|HMGB1|IGF1|IGF2|CD80|IL6ST|CD86|SLC7A1|CLEC4G|CRTAM|CSK|CTLA4|CD300A|DPP4|DUSP10|DUSP22|HSP90AA1|CTNNB1|EPHB6|FADD|FAS|TNFSF11|FBXO38|HES1|FGL1|FOXP3|CD209D|CEBPB|H2-DMB1|H2-M3|PAWR|FOXO3|HAVCR2|HFE|HLX|HSPD1|ICOSL|IL12A|IL12B|IL12RB1|IL18|ABL2|ACTB|ACTL6A|ACTL6B|ADAM8|IL2|ADRM1|IL20RB|AMBRA1|IL23A|ANKLE1|AP3D1|EP300|IL27|ARID1A|ARID2|ADK|IL4RA|BLM|IL6|BRD7|IL7R|IRGM1|BTNL2|CARD11|IRF1|CBFB|CBLB|BCL10|CCDC88B|CD209A|CD209C|JAK2|CD209E|JAK3|CD276|CD5|KLHL22|CD6|CD83|LAG3|CLEC2I|LAT|CLPTM1|LAX1|CTLA2A|LEF1|CYLD|LGALS1|DAPL1|LGALS9|LOXL3,https://www.gsea-msigdb.org/gsea/msigdb/mouse/geneset/GOBP_REGULATION_OF_T_CELL_ACTIVATION,365,ENR,GOBP_REGULATION_OF_T_CELL_ACTIVATION,-2.0657000000000001,0,GOBP_REGULATION_OF_T_CELL_ACTIVATION,FALSE,GOBP_REGULATION_OF_T_CELL_ACTIVATION
5,1.8664610916297799,-1.8664610916297799,1.8664610916297799,-0.98640000000000005,-8.6999999999999994E-2,5.1400000000000001E-2,1,P2RX7|MCOLN1|MCOLN2|TRPM1|DNM1L|SERPINE1|XCR1|ORAI1|PSEN1|ADRA1A|HOXA3|ANXA6|CACNA1H|PRKCB|ATP2A2|EDNRB|CACNA1S|CALCRL|UCP2|CAMK2G|CHRNB2|CATSPER3|CATSPER4|CNGA1|CNGA4|DDIT3|HTR2B|HTR2C|NPPA|ATP13A4|ATP2A3|ATP2C1|BSPRY|CACHD1|CACNA2D3|CACNA2D4|CATSPER2|CDH23|CYSLTR1|GCM2|NALCN|GJA4|GPM6A|IBTK|ITPRIPL1|ORAI2|ORAI3|P2RX6|PKD1L3|OPA1|PLCL1|RAMP1|SEC61A1|FMR1|TMCO1|TMEM165|TMEM37|TRPM3|TRPM6|TRPM7|LCK|PDE4D|ABL1|ADRB2|SLC24A1|AFG3L2|SLC24A2|SLC24A3|AGTR1A|SLC24A5|AHNAK|AKAP5|P2RY6|TRIM27|AKAP6|ATP2B4|TRPM4|ANK2|ANO6|APLNR|PDGFB|ASPH|ATG5|NFATC1|ATP2A1|BAK1|BCL2|BDKRB1|SLC8A2|BMP4|CACNA1C|P2RX2|CACNA1D|P2RX3|CACNA1F|CACNA2D1|CACNB1|CACNB2|TPCN1|CACNB3|TPCN2|CACNG1|TRPM2|CALM1|TGFB1|WNT3A|CALM2|CALM3|CAMK2D|CYP27B1|CAPN3|TSPO|CASQ1|PLCB2|CASQ2|CAV3|CD19|PLCE1|CD4|PLCH1|RYR1|PLCH2|RYR3|AGT|CLEC4B1|DBI|AHR|CORO1A|CXCR3|CYBA|PIK3CG|DHRS7C|SRL|DMD|DRD4|ARRB2|DYSF|AKT1|EDNRA|EHD3|F2R|F2RL3|PLCG1|FBXO11|PLCG2|FCRL5|FGF14|ACE|CCL12|FKBP1A|FKBP1B|ADORA2A|CCL19|FLNA|CAMK2A|CDK5|CCL3|FYN|BEST1|CAV1|CCL5|GJC2|CACNA1A|CALHM2|CCL8|GNB5|CASR|GPR35|GPR39|CACNA2D2|GRIN1|GRIN2C|GRM6|GSTO1|HAP1|HOMER1|HPCA|CACNA1I|HRC|HSPA2|IL13|ITGB3|JPH2|GJA1|JPH3|RAMP2|JSRP1|CX3CL1|CXCL10|TMEM38B|CXCL11|CXCL12|GHITM|ITGAV|CXCL9|PKD1|CCR5|VDAC1|F2|TRPC2|LETM1|ZMPSTE24|LETM2|KCNJ8|GIMAP3|GIMAP5|KCNN4|MICU1|PANX1|LIME1|NOS3|LYN|EDN1|MS4A1|MS4A2|NGF|LGALS3|HSPA9|P2RX1|P2RX4|P2RX5|PDPK1|PKD2|PLN|PML|PPP3CA|PPP3CB|PPP3CC|PPP3R1|PRKCE|PRKD1|PRNP|PSEN2|CHRNA4|FASL|PTGER3|RHOA|PTK2B|PTPN6|PTPN22|PTPRC|RAPGEF3|REM1|RGS4|SLC25A23|GSTM7|RGS9|SNCA|RYR2|TRPV4|SESTD1|SLC30A1|SLC8A1|MYB|SLC9A1|SLN|SPG7|BAX|PLCL2|SRI|STAC|STAC2|STAC3|STIM1|STIM2|MYO5A|XCL1|SUMO1|TGFB2|THY1|TLR9|TMBIM6|TMEM38A|TRDN|NFATC3|TRPC1|TRPC3|TRPC6|CHERP|TSPAN13|UBASH3B|UBQLN1|UBR3|CHD7|VMP1|PLP1|ITPR2|YWHAE|CAMK2B|NCS1|RAMP3|SLC25A25|PTGS2|ADRB1|PDGFRB|PLCB1|GCK|HRH1|GP1BB|GP5|GP9|IGF1|CD84|INPP5K|ITPR3|ANO9|CLCA1|AQP2|ATP2B1|ATP2C2|CACNA1G|CASK|CCKAR|CCR1|CLDN16|CREB3|CRHR2|CTNNB1|CXCR4|EFHB|EGF|HTT|GCG|GLP1R|GNAI2|TRPC4|GNAO1|HES1|HOMER2|HOMER3|IL16|ISL1|ITPR1|JPH4|LILRA5|LPAR3|MCHR1|MYLK|P2RY12|PACSIN3|PAWR|PLCB4|SPG11|STC1|STC2|ICAM1|TMX1|TRPV6|TRPV2|TSPAN18|USP2|VDR|BHLHA15|WFS1|NOL3|GAS6|PLCB3|G6PDX|BIN1|JAK3|ATP1A2|ATP1B1|ATP2B2|CACNB4|CACNA1E|ADCYAP1R1|FGF2,https://www.gsea-msigdb.org/gsea/msigdb/mouse/geneset/GOBP_CALCIUM_ION_TRANSPORT,367,ENR,GOBP_CALCIUM_ION_TRANSPORT,-1.9262999999999999,1.3599999999999999E-2,GOBP_CALCIUM_ION_TRANSPORT,FALSE,GOBP_CALCIUM_ION_TRANSPORT
1,2.7212463990471698,-2.7212463990471698,2.7212463990471698,-1,-0.4521,1.8E-3,0.159,NDUFB8|NDUFB9|NDUFC2|NDUFS1|NDUFS2|NDUFS3|NDUFS6|NDUFS7|BDNF|NDUFA10|NDUFS8|NDUFA11|NDUFV1|NDUFV2|DLD|DNAJC15|NDUFA7|PARK7|NDUFA8|COQ9|NDUFAF1|PINK1|ISCU|NDUFB6,https://www.gsea-msigdb.org/gsea/msigdb/mouse/geneset/GOBP_MITOCHONDRIAL_ELECTRON_TRANSPORT_NADH_TO_UBIQUINONE,24,ENR,GOBP_MITOCHONDRIAL_ELECTRON_TRANSPORT_NADH_TO_UBIQUINONE,-2.5788000000000002,0,GOBP_MITOCHONDRIAL_ELECTRON_TRANSPORT_NADH_TO_UBIQUINONE,FALSE,GOBP_MITOCHONDRIAL_ELECTRON_TRANSPORT_NADH_TO_UBIQUINONE
6,2.7212463990471698,-2.7212463990471698,2.7212463990471698,-1,-0.1115,1.8E-3,0.14599999999999999,BECN1|3425401B19RIK|ACTA2|ADRA1A|ADRA2A|GPD1L|ADRA2B|ADRA2C|AIF1|AKAP1|ANXA6|APBB1|APBB2|AR|ARHGAP42|ASB2|ATP2A2|ATP8A2|BBS2|CACNA1S|CALCA|CALCRL|MAP2K1|CALD1|CAMK2G|CAMTA2|CCDC78|FDPS|CD38|CHRM2|CHRM3|MYH6|CHRNA1|MYH7|CHRNB1|CHRNB2|CHRNB4|CHRNE|CMYA5|COL14A1|COMP|CTDP1|CTNNA3|CTTN|DAG1|DBN1|DDIT3|HTR2B|DOCK4|DOCK5|DSC2|NPPA|DSG2|NPPB|DSP|NPPC|ECE1|EZH2|FBXO32|FLT1|FOXO1|GATA4|GATA5|GDNF|GHRL|SMAD7|GJA5|GLRX3|GRCC10|GRIP2|GTF2IRD1|GTF2IRD2|HAND2|HEY2|HSBP1|HTR1D|IGFBP5|INPP5F|ITGA2|JARID2|JUP|KCNA1|KCND2|PARP1|KCND3|KCNE4|KDM4A|KIT|KLF15|KLF4|TNFRSF1B|LCK|PDE4D|LMCD1|PDE5A|MAP2K3|MAP2K4|MEIS1|MET|ORMDL3|MKKS|PDE9A|MSTN|P2RY1|MTMR4|MTPN|MYH1|TRPM4|MYH4|MYL1|MYL3|MYL4|MYL6|MYL6B|MYLK2|MYLPF|MYOC|MYOCD|NFATC1|NMU|NPNT|NPY1R|NR4A1|ZC3H12A|NUP155|OXTR|P2RX2|P2RX3|PAK2|PARP2|PDE4B|PDLIM5|PI16|PIN1|PKP2|PPP1R13L|PRKCA|PROK2|PTGER4|PTK2|RCSD1|ROCK1|ROCK2|RYR1|RYR3|SETD3|SGCA|SGCD|SMAD1|SMAD5|SMPD3|SMTN|SOD1|SORBS2|SRL|STUB1|SULF1|SULF2|SYNM|ACTN3|TACR1|TACR3|TBCE|TBX2|TBX20|TBX3|TBXA2R|TEAD1|TIAM1|ABCC8|TIFAB|TNNC1|TNNC2|TNNI1|ACE2|TNNI2|ADORA1|TNNI3|TPM2|TPM3|COL6A1|TPM4|TRIM72|TRIP10|TSHZ3|PRKG1|TWF1|PTAFR|UTY|ATP1A3|VEGFB|YY1|ZDHHC21|ZFP418|TMEM38B|MAP2K6|MYOG|GATA6|NR3C1|OXT|PAK1|HAMP|HAMP2|RGS2|RPS6KB1|CDK9|NDUFS4|NDUFS6|MEF2C|NOTCH1|PLA2G6|RHOA|TNF|DYRK1A|TRPV4|ABCC9|SLC25A4|NFATC3|NR4A3|PIK3CA|SCO2|DDX39B|MYOD1|VPS54|ADCY10|ADRA1B|ADRB1|GAA|GSK3A|GSK3B|IGF1|MTOR|HSP90AA1|PRKAG3|CHGA|ACACB|ALDOA|FOXP1|NOL3|ENO1|EP300|FKRP|G6PDX|HDAC4|RBM10|PGAM2|SHC1|PPARA|BMP2|CACNA1H|EDNRB|KCNMA1|TRIM63|SCNN1B|ABAT|ATP1A1|SRSF1|DMPK|HCN4|ADA|NKX2-5|SCN4A|ACTN2|ADRB2|AGRN|ARG2|AKAP6|ATP2B4|AKAP9|ANK2|ATP2A1|BMP4|CACNA1C|CACNA1D|CACNA2D1|CACNB1|CACNB2|TPCN2|CACNG1|CALM1|CALM2|CALM3|CAMK2D|CASQ1|CASQ2|CAV3|AGT|CYBA|DLG1|DMD|EDN3|EDNRA|EHD3|F2R|FGF13|FKBP1A|FKBP1B|FLNA|FXYD1|CAV1|HOMER1|HRC|JSRP1|KCNE1|KCNE2|KCNE3|KCNH2|KCNIP1|KCNIP2|LMNA|KCNJ2|KCNJ5|KCNJ8|KCNN2|MEF2A|KCNN4|KCNQ1|NOS3|EDN1|MYH14|EDN2|NEDD4L|P2RX1|P2RX4|PLN|PPP3CA|PRKD1|PSEN2|PTGER3|RAP1GDS1|RANGRF|REM1|RGS4|SMAD3|RNF207|RYR2|SCN1B|SCN2B|SCN3B|SCN4B|SCN5A|SLC8A1|SLC9A1|SLN|TOMM70A|SNTA1|SRI|STAC|STAC2|STAC3|SUMO1|ACTA1|ACTC1|TMEM38A|AKAP13|TRPC3|CFLAR|CSRP3|LMOD1|LMOD2|LMOD3|MYBPC1|PPARG|MYBPC2|MYBPC3|MYH11|MYL2|MYOM1|MYOM2|PTGS1|PTGS2|MYOZ1|MYOZ2|SIRT1|SMAD4|SRF|TCAP|TMOD1|SPHK1|TMOD2|TMOD3|TMOD4|TNNT1|TNNT2|TNNT3|TPM1|TTN|TNFRSF1A|ERRFI1|GATM|ATP2B1|CACNA1G|CXCR4|HTR7|KCNA5|MYLK|PAWR|FOXO3|STC1|GSN|ADK|ADORA2B|BIN1|ATP1A2|ATP1B1,https://www.gsea-msigdb.org/gsea/msigdb/mouse/geneset/GOBP_MUSCLE_SYSTEM_PROCESS,405,ENR,GOBP_MUSCLE_SYSTEM_PROCESS,-2.5935000000000001,0,GOBP_MUSCLE_SYSTEM_PROCESS,FALSE,GOBP_MUSCLE_SYSTEM_PROCESS
3,2.7212463990471698,-2.7212463990471698,2.7212463990471698,-1,-0.2031,2.0000000000000001E-4,1.0999999999999999E-2,OAT|OTC|PAH|PIPOX|PARK7|PPAT|PRODH|PRODH2|QDPR|QPRT|SHMT2|SDS|SDSL|SHMT1|UCP2|AADAT|MTHFD1|AASDHPPT|MTHFD2L|NADSYN1|TAT|TDH|TDO2|THA1|THNSL2|UROC1|ACMSD|AFMID|AGXT|AGXT2|AHCY|ALDH4A1|ADHFE1|ALDH5A1|ALDH8A1|AMDHD1|ARG1|ARG2|NMNAT2|PFAS|ASRGL1|ATP2B4|AUH|SIRT4|BCAT1|BCAT2|BCKDK|CBS|GNMT|TH|CDO1|ADI1|CSAD|AGMAT|ALDH18A1|APC|APIP|ASL|ASNS|ASNSD1|ASPA|ASPG|ASS1|ATCAY|ATF4|AZIN1|BHMT|GLUL|BHMT2|DAO|CLN3|CPS1|CRTAP|DCT|DDAH1|DDO|EGLN2|ENOPH1|FPGS|GAMT|GCLC|GCLM|GFPT2|GGT1|ICMT|IYD|MECP2|ATP7A|MRI1|MTAP|MTHFR|MTR|NAGS|NAT8L|NIT2|FAH|NR1H4|FTCD|ODC1|GAD1|P4HA1|GAD2|P4HA2|P4HB|GCAT|PCBD1|SLC25A12|GCDH|PCBD2|PCMT1|PEMT|PHGDH|PLOD2|PLOD3|PRDX4|PSAT1|PSPH|GLS|PYCR1|AASS|GLS2|PYCR2|GLUD1|SLC38A1|GOT1|GOT2|SLC7A11|GPT|SPR|GPT2|SRR|GSTZ1|THAP4|HAAO|TTC36|DLST|HAL|HDC|HGD|HPD|IDO1|IDO2|IL4I1|ILVBL|IVD|KMO|KYNU|NDP|MAT1A|MCCC1|MCCC2|HMGCL|HMGCLL1|MTRR|CAD|NOS2|NOS3,https://www.gsea-msigdb.org/gsea/msigdb/mouse/geneset/GOBP_L_AMINO_ACID_METABOLIC_PROCESS,157,ENR,GOBP_L_AMINO_ACID_METABOLIC_PROCESS,-2.8965999999999998,0,GOBP_L_AMINO_ACID_METABOLIC_PROCESS,FALSE,GOBP_L_AMINO_ACID_METABOLIC_PROCESS
35,2.7212463990471698,-2.7212463990471698,2.7212463990471698,-1,-0.2676,4.0000000000000001E-3,0.36399999999999999,KRT1|KRT6A|PKP2|AGFG1|AGFG2|BFSP1|BFSP2|DES|DNAJB6|EPPK1|INA|KLHL24|KRT10|KRT12|KRT13|KRT14|KRT15|KRT16|KRT17|KRT2|KRT20|KRT23|KRT24|KRT25|KRT27|KRT31|KRT32|KRT33A|KRT33B|KRT34|KRT35|KRT36|KRT4|KRT42|KRT5|KRT6B|KRT7|KRT75|KRT76|KRT77|KRT78|KRT79|KRT80|KRT81|KRT84|KRT85|DSP|KRT86|NEFH|NEFL|NEFM|PRPH|SHH|TCHH|VIM|GFAP|KRT19|PLEC|PKP1|MTM1,https://www.gsea-msigdb.org/gsea/msigdb/mouse/geneset/GOBP_INTERMEDIATE_FILAMENT_ORGANIZATION,60,ENR,GOBP_INTERMEDIATE_FILAMENT_ORGANIZATION,-2.4687999999999999,0,GOBP_INTERMEDIATE_FILAMENT_ORGANIZATION,FALSE,GOBP_INTERMEDIATE_FILAMENT_ORGANIZATION
2,2.2218487496163601,-2.2218487496163601,2.2218487496163601,-0.99399999999999999,-0.2853,3.5400000000000001E-2,1,PCID2|TLR9|ID2|XBP1|FLT3|NCKAP1L|SLAMF8|ZFP36L1|PNP|ZFP36L2|SFRP1|IL2|PPP2R3C|PTPN6|STAT5B|ANKLE1|HMGB3|ATP11C|IL4I1|SYK|IL10|IKZF3|FAS|INPP5D|BCL6|CARD11|IL21|IL2RG|IL7|BAD|STAT5A|CD24A|CD27|MMP14|CYLD|DDRGK1|NFAM1,https://www.gsea-msigdb.org/gsea/msigdb/mouse/geneset/GOBP_REGULATION_OF_B_CELL_DIFFERENTIATION,37,ENR,GOBP_REGULATION_OF_B_CELL_DIFFERENTIATION,-2.0377000000000001,6.0000000000000001E-3,GOBP_REGULATION_OF_B_CELL_DIFFERENTIATION,FALSE,GOBP_REGULATION_OF_B_CELL_DIFFERENTIATION
7,2.7212463990471698,-2.7212463990471698,2.7212463990471698,-1,-0.1429,6.0000000000000001E-3,0.52700000000000002,LYST|P2RX7|MILL1|MR1|MUC4|NCKAP1L|HSPA8|IL21|PVR|RAB27A|RAET1E|SCNN1B|RIPK3|NCF1|RNF19B|SERPINB9|SERPINB9B|SH2D1B1|NPPB|PIK3R6|SLAMF6|BCL2L11|CLEC7A|CXCL1|F2RL1|RASGRP1|FGL2|GBP2|GBP3|GBP5|GBP7|GM12250|GZMA|STX11|GZMB|STX7|GZMC|IGTP|TAP1|IRGM2|TAP2|LYZ1|LYZ2|MYD88|NINJ1|NKG7|NLRP6|PCYOX1L|PRF1|SYK|TREM1|TREM3|TUSC2|ARG1|BAD|STAT5A|ULBP1|UNC13D|RPL30|TYROBP|VAV1|RPS19|TGFB1|DAO|B2M|CD2|CORO1A|STAT5B|CEBPG|PIK3CB|KCTD9|PIK3R1|KLRE1|C3|ARRB2|C8A|C8B|C8G|C9|CAMP|CCL1|CCL11|CCL17|CCL19|CCL2|CCL20|CCL22|CCL25|CCL27A|CCL28|CCL8|CEACAM1|CD55|CD59A|CD59B|CD5L|GFER|IL13|CR1L|CTSG|CXCL10|CXCL11|CXCL12|CXCL13|AP1G1|CXCL14|ARL8B|ATN1|CXCL5|CADM1|CXCL9|CCR5|CLEC12B|CLEC2D|CRK|ELANE|DNASE1|DNASE1L3|F2|GRB2|FCER2A|GZMN|FCGR2B|HCST|ITGAM|KLRB1A|KLRB1B|KLRB1C|KLRB1F|KLRC1|KLRC2|GIMAP3|KLRI1|GIMAP5|KLRI2|LAMP1|PLEKHM2|H2-T23|PRDX1|HAMP|STAP1|HAMP2|STXBP2|HC|HMGN2|HRG|NOS2|KNG1|KNG2|LGALS3|LTF|MBL1|MBL2|NTS|PPP3CB|PGLYRP1|PNP|PGLYRP3|PGLYRP4|PPBP|PTPN6|PTPRC|ROMO1|SH2D1A|SPAG11B|TAC1|XCL1|IFNG|IL4|AGER|AZGP1|CD160|SLC22A13|CD1D1|CD1D2|CD226|IGF2|CRTAM|CTSC|CTSH|CX3CR1|EBAG9|EMP2|HSP90AB1|POMC|FADD|FCGR1|FCGR3|FCGR4|GZMM|H2-D1|KIF5B|H2-K1|H2-M2|H2-M3|H2-Q1|CFH|H2-Q10|H2-Q2|H2-Q4|H2-Q6|H2-Q7|H2-T24|H2-T3|H60C|HAVCR2|IL12A|IL12B|IL18|IL18RAP|IL23A|IL7R|INPP5D|GAPDH|KLRD1|KLRK1|LAG3|LGALS9,https://www.gsea-msigdb.org/gsea/msigdb/mouse/geneset/GOBP_CELL_KILLING,218,ENR,GOBP_CELL_KILLING,-2.4032,0,GOBP_CELL_KILLING,FALSE,GOBP_CELL_KILLING
4,2.7212463990471698,-2.7212463990471698,2.7212463990471698,-1,-0.24790000000000001,6.0000000000000001E-3,0.53800000000000003,MAD2L2|EXOSC3|HMGB1|RAG2|EXOSC6|MLH1|TGFB1|MSH6|XRCC6|NBN|BCL11B|MCM3AP|NDFIP1|MSH3|NHEJ1|NFKBIZ|POLB|POLM|POLQ|CTNNBL1|DCLRE1C|PARP3|PTPRC|PAXIP1|PMS2|ERCC1|RAG1|FOXP3|RIF1|RNF168|RNF8|YY1|IFNG|ADAR|ATM|IL4|EZH2|HSPD1|ICOSL|SLC15A4|FOXP1|STAT6|SWAP70|IL2|AICDA|TBX21|TFRC|IL27RA|APLF|MSH2|ATAD5|EXO1|BATF|TNFSF13|BCL6|TNFSF4|TRP53BP1|CCR6|PRKDC|PCYT1A|TCF3|TCF7|UNG|CD28|LEF1|XRCC4|CD40|LIG4|SAMHD1|CD40LG,https://www.gsea-msigdb.org/gsea/msigdb/mouse/geneset/GOBP_SOMATIC_DIVERSIFICATION_OF_IMMUNE_RECEPTORS,70,ENR,GOBP_SOMATIC_DIVERSIFICATION_OF_IMMUNE_RECEPTORS,-2.4001000000000001,0,GOBP_SOMATIC_DIVERSIFICATION_OF_IMMUNE_RECEPTORS,FALSE,GOBP_SOMATIC_DIVERSIFICATION_OF_IMMUNE_RECEPTORS
10,2.2218487496163601,-2.2218487496163601,2.2218487496163601,-0.99399999999999999,-8.2600000000000007E-2,5.3900000000000003E-2,1,LYST|APOA1|RPL13A|DNM1L|ADAM10|AKIRIN1|ARHGEF5|EPHA2|ARTN|NCKAP1L|CAMK1D|CCR3|CKLF|CMKLR1|AIF1|CNR2|CSF1|CSF3R|CXCL16|CXCL17|CXCL2|CXCL3|PRKCD|CXCR1|PRKCQ|CXCR2|DAPK2|PRKD2|DUSP1|MAPK1|F7|AKT2|FGF7|GBF1|GPR18|GPSM3|GREM1|IL17B|IL17RC|IL34|ITGA1|CTTN|SEMA4A|YTHDF1|ITGA9|DOCK4|ITGB2|ITGB2L|SLAMF1|FLT1|MMP28|MOSPD2|MPP1|MST1|CYSLTR1|MTUS1|MYO9B|NBL1|NUP85|PADI2|SWAP70|PDGFD|PERP|PIKFYVE|ITGA2|PLA2G7|PPIA|PPIB|PREX1|AMOT|KIT|ANGPT2|PTN|BMPR2|CMTM3|PDE4D|RAC3|CMTM5|RETNLG|CMTM8|RIN3|TNFSF18|DSCAM|ECSCR|EFNA5|MET|S100A8|EPHA7|S1PR1|FLRT2|MSTN|SCG2|FLRT3|IGFALS|SELL|KIF21A|TRPM4|LECT2|LGR4|SLIT2|LSP1|SRP54A|MEGF8|MYCBP2|PDGFA|NRP2|PDGFB|THBS4|NTF3|TNFAIP6|VEGFA|NTN1|NTRK3|WASL|PLXNA3|ZFP580|PLXNA4|ROBO1|ROBO2|ROBO3|NR4A1|RTN4R|RTN4RL1|RYK|DOCK2|S100A4|S100A7A|SEMA3B|SEMA3C|PDE4B|SEMA3D|RPS19|SEMA3E|SEMA3F|SEMA3G|SEMA4B|TGFB1|SEMA4C|PRKCA|SEMA4F|TMSB4X|PROK2|SEMA4G|TREM2|SLIT1|PTK2|SLIT3|STX3|ST6GAL1|TUBB2B|UNC5C|USP14|WNT3|WNT7B|ALOX5|PIK3C2G|PIK3CD|PIK3CG|PIP5K1A|PIP5K1C|ABCC1|TIAM1|CCL1|CCL11|CCL12|CCL17|CCL19|CCL2|CCL20|CCL22|CCL24|CCL25|CCL27A|CCL28|PTAFR|CCL3|VEGFB|CCL4|CCL5|CCL6|CCL7|CCL8|CCL9|CASR|CCR2|CCR7|COLEC10|CTSG|CX3CL1|CXCL10|CXCL11|CXCL12|CXCL13|CXCL14|CXCL15|CXCL5|CXCL9|LRP2|SPP1|FES|GPR183|HC|STX4A|HRG|IL1B|LGALS3|SEMA4D|NOD2|NOTCH1|SLC12A2|PF4|PLA2G6|PPBP|RHOA|RARRES2|S100A9|TRPV4|SEMA3A|XCL1|IFNG|IL4|SHH|PLEC|BSG|CALR|NOVA2|BLVRA|FN1|HMGB1|LGMN|MAPK3|PGF|THBS1|TNFSF11|C5AR1|SLC37A4|CHGA|ANGPT1|DEFB14|DEFB25|DEFB3|DEFB4|SUCNR1|DEFB6|EAR1|EAR2|SEMA7A|EAR6|APP|WNT5A|FPR2|ADAM8|HMGB2|BST1|LBP|AGR2|ARHGEF16|BCAR1|CCR10|CCR4|CCR8|CCR9|CCRL2|CORO1B|CXCR6|CSF1R|ELMO2|ENPP2|EPHB1|FGF16|FGF18|FGF2|GAB1|HBEGF|HOXB9|LPAR1|DUSP3|NRP1|PARVA|EFNB2|PLEKHG5|PLXNB3|EGR3|RAB13|RHOG|SAA3|S100A14|SEMA5A|SMOC2|SERPINE1|TPBG|FGF10|XCR1|SLAMF8|SLAMF9|TIRAP|HSPB1|EDNRB|SBDS|MDK|NEDD9|PTPN2|RAC2|CXCL1|F2RL1|SCRIB|NINJ1|SYK|TREM1|TREM3|AGRN|AGTR1A|ANO6|TNFSF14|TSC2|BMP4|VAV1|VAV3|VCAM1|TRPM2|WNT3A|CREB1|CORO1A|CXCR3|DPEP1|ARRB2|DYSF|EDN3|EDNRA|ANXA1|CD74|CXADR|GPR35|ITGB3|FPR1|PTPRO|ITGAV|HDAC6|HGF|HSD3B7|CCR5|CRK|KDR|ITGAM|STAP1|CDH13|LYN|MMP9|CRKL|EDN1|EDN2|PPM1F|OXSR1|P2RX4|PRKD1|CMTM7|PTK2B|CXCR5|GSTP1|SMAD3|GSTP2|TMEM102|PTPRJ|MIF|STK39|TGFB2|FFAR2|ALKBH1|C1QBP|WNK1|CH25H|NRG1|ADAM17|AGER|PTGR1|C3AR1|FGF1|PDGFRA|FGFR1|PDGFRB|CCR6|CYP7B1|LRP1|CX3CR1|SNAI2|CCR1|DPP4|CREB3|CXCR4|FCER1G|FCGR3|IL16|P2RY12|IL12A|ENG|IL17RA|LOX|GAS6|MMP2|IL23A|JAM3|KLRK1|RAC1|VEGFC|LEF1|LGALS9,https://www.gsea-msigdb.org/gsea/msigdb/mouse/geneset/GOBP_TAXIS,406,ENR,GOBP_TAXIS,-1.9162999999999999,6.0000000000000001E-3,GOBP_TAXIS,FALSE,GOBP_TAXIS
,1.78251605578609,-1.78251605578609,1.78251605578609,-0.98350000000000004,-0.2001,7.9899999999999999E-2,1,CRYZ|MCOLN1|TRPM2|APIP|ITPR3|PKD2|AQP2|RYR1|RYR3|B2M|ALDH1A2|CTH|ALDH1A3|ALDH9A1|AQP5|SHMT2|SSBP1|SHMT1|THG1L|ME1|APPL2|ITPR1|TDO2|CBR4|GLS|ACACB|UPB1|ALDOA|TRPV6|GBP5|AQP4|GRIA3|USP16|TK1|HSD17B10|ACOT13|CBY1|SOD2|CRTC1|CRTC2|DNM1|TRPM7|EVL|GOLGA2|OSBPL2|VASP|KCNJ12|KCNJ2|MAT1A|TRPM4|KCNN4|KCNT1|CRTC3|ACACA|GNMT|SAMHD1,https://www.gsea-msigdb.org/gsea/msigdb/mouse/geneset/GOBP_PROTEIN_HOMOTETRAMERIZATION,56,ENR,GOBP_PROTEIN_HOMOTETRAMERIZATION,-1.8010999999999999,1.6500000000000001E-2,GOBP_PROTEIN_HOMOTETRAMERIZATION,FALSE,GOBP_PROTEIN_HOMOTETRAMERIZATION
4,2.0177287669604298,-2.0177287669604298,2.0177287669604298,-0.99039999999999995,-0.40849999999999997,3.56E-2,1,MSH2|IFNG|PMS2|ATAD5|IL4|MLH1|HSPD1|SLC15A4|NDFIP1|FOXP3|IL2|CD28|TBX21|PTPRC|PAXIP1|CD40|IL27RA,https://www.gsea-msigdb.org/gsea/msigdb/mouse/geneset/GOBP_ISOTYPE_SWITCHING_TO_IGG_ISOTYPES,17,ENR,GOBP_ISOTYPE_SWITCHING_TO_IGG_ISOTYPES,-2.036,9.5999999999999992E-3,GOBP_ISOTYPE_SWITCHING_TO_IGG_ISOTYPES,FALSE,GOBP_ISOTYPE_SWITCHING_TO_IGG_ISOTYPES
