__mclCluster,EnrichmentMap::-log10(pvalue) (human_r_protein_coding_classic.GseaPreranked),EnrichmentMap::-log10(pvalue)*sign(NES) (human_r_protein_coding_classic.GseaPreranked),EnrichmentMap::-log10(pvalue)_max,EnrichmentMap::Colouring (human_r_protein_coding_classic.GseaPreranked),EnrichmentMap::ES (human_r_protein_coding_classic.GseaPreranked),EnrichmentMap::fdr_qvalue (human_r_protein_coding_classic.GseaPreranked),EnrichmentMap::fwer_qvalue (human_r_protein_coding_classic.GseaPreranked),EnrichmentMap::Genes,EnrichmentMap::GS_DESCR,EnrichmentMap::gs_size,EnrichmentMap::GS_Type,EnrichmentMap::Name,EnrichmentMap::NES (human_r_protein_coding_classic.GseaPreranked),EnrichmentMap::pvalue (human_r_protein_coding_classic.GseaPreranked),name,selected,shared name
10,2.23657200643706,2.23657200643706,2.23657200643706,0.99419999999999997,0.1525,5.3999999999999999E-2,0.999,BMP4|HAND2|REST|PPARG|TNFAIP6|CEBPD|NPPC|RORB|NPNT|GLI3|TRPM4|GDF10|VEGFC|PRKD1|RUNX2|ATF4|IPO7|LRP3|CEBPB|IGFBP5|LIMD1|TWSG1|ACVR1|CTNNBIP1|GSK3B|RASSF2|HOXA2|IGF1|SMAD3|IFITM1|IL6ST|CRIM1|FBN2|SCUBE3|TWIST2|BAMBI|MEN1|CDK6|DDX5|RIOX1|UCMA|PRMT3|DDR2|SUFU|ID1|PTCH1|SMAD5|VEGFA|CLIC1|ID2|ERFE|DNAI3|BMPR2|SOX11|CTHRC1|ACVR2B|NBR1|NOG|AREG|TCIRG1|SFRP1|TWIST1|GREM1|BMPR1B|FAM20C|TAOK3|ILK|SKI|IL6R|TP63|CITED1|JAG1|CCN1|FGFR2|HEMGN|PTEN|WNT10B|ZHX3|CHRD|JUND|LTF|RANBP3L|MEF2C|BMPR1A|FFAR4|BMP6|NOCT|FZD1|HGF|CTNNB1|SMAD1|TNF|ATRAID|SFRP2|NELL1|SMAD6|SEMA4D|SMOC1|NOTCH1|FBXO5|FGF2|WNT7B|CCN4|GLI1|MSX2|PTK2|WWTR1|YAP1|HDAC7|SNAI2|AXIN2|ACVR2A|TENT5A|TMEM53|FGF23|ID3|TOB1|CEBPA|IL6|TMEM119|PPP3CA|TMEM64|PRKACA|GDPD2|BMP7|OSTN|BMP2|WNT3|FERMT2|WNT4|SOX9|SUCO|LRP5,https://www.gsea-msigdb.org/gsea/msigdb/human/geneset/GOBP_REGULATION_OF_OSTEOBLAST_DIFFERENTIATION,133,ENR,GOBP_REGULATION_OF_OSTEOBLAST_DIFFERENTIATION,2.0581999999999998,5.7999999999999996E-3,GOBP_REGULATION_OF_OSTEOBLAST_DIFFERENTIATION,FALSE,GOBP_REGULATION_OF_OSTEOBLAST_DIFFERENTIATION
19,1.99139982823808,1.99139982823808,1.99139982823808,0.98980000000000001,0.14710000000000001,6.1800000000000001E-2,1,BRDT|MSH6|TOP6BL|ZWINT|UBR2|AGO4|C9ORF78|MOV10L1|CCNB2|CCNE1|CCNE2|CENPC|MRE11|PRDM9|SIRT7|SLC25A31|TDRD9|HORMAD1|PLK1|CDC25B|CDC25C|SLX4|UBB|BRCA2|RAD50|BRIP1|RAD51|BRME1|FOXJ2|M1AP|RAD51AP1|C14ORF39|MAEL|TERF1|MEIKIN|DMC1|EME1|EME2|NDC80|NDC1|FANCD2|FANCM|UBE2B|HSPA2|P3H4|HSF2BP|AURKA|PTTG1|KASH5|PTTG2|MAJIN|PSMA8|MCMDC2|BCL2L11|MEIOC|MUS81|BAG6|PDIK1L|TEX15|SPATA22|PKMYT1|SPDYA|TOP2B|STAG3|SUN1|SYCE1|PSMD13|SYCE1L|SYCE2|SYCP2|TEX12|RAD21|RAD51B|RAD51C|RAD51D|RAD54B|STK35|RAD54L|KNL1|REC8|ZCWPW1|ANKLE1|RMI1|ATM|ANKRD31|BTBD18|SPO11|TERB1|TERB2|TRIP13|FOXJ3|MYBL1|ZSCAN21|CCNA1|CDC25A|CKS2|TRIM75|MEI1|EHMT2|ERCC4|ING2|PIWIL2|DMRTC2|CDC20|FBXO5|SYCP3|WEE2|DNMT3L|C1ORF146|CCNB1IP1|SLC2A8|CENPS|CENPX|CNTD1|HFM1|IHO1|KLHDC3|MEI4|MLH3|MND1|MSH4|MSH5|ESPL1|DDX4|PSMC3IP|REC114|RNF212|RNF212B|DMRT1|SHOC1|SYCE3|MAPK15|SYCP1|TEX11|FMN2|TEX19|MLH1|TOP2A,https://www.gsea-msigdb.org/gsea/msigdb/human/geneset/GOBP_MEIOSIS_I_CELL_CYCLE_PROCESS,138,ENR,GOBP_MEIOSIS_I_CELL_CYCLE_PROCESS,2.0222000000000002,1.0200000000000001E-2,GOBP_MEIOSIS_I_CELL_CYCLE_PROCESS,FALSE,GOBP_MEIOSIS_I_CELL_CYCLE_PROCESS
34,2.0757207139381202,2.0757207139381202,2.0757207139381202,0.99160000000000004,0.37690000000000001,7.6200000000000004E-2,1,ONECUT1|WNT11|NOTCH1|FGF2|INSM1|NKX6-3|JAG1|BCCIP|POU3F2|GATA2|HES1|OTP|BMP2|WNT4|LHX3|FGF8|ASCL1|RFX6,https://www.gsea-msigdb.org/gsea/msigdb/human/geneset/GOBP_NEUROENDOCRINE_CELL_DIFFERENTIATION,18,ENR,GOBP_NEUROENDOCRINE_CELL_DIFFERENTIATION,1.9641,8.3999999999999995E-3,GOBP_NEUROENDOCRINE_CELL_DIFFERENTIATION,FALSE,GOBP_NEUROENDOCRINE_CELL_DIFFERENTIATION
3,1.8386319977650301,1.8386319977650301,1.8386319977650301,0.98550000000000004,0.28649999999999998,7.0800000000000002E-2,1,BMP4|FGF2|FGFR1|SIX1|FZD5|GATA5|HOXC11|NKX2-1|ROBO1|WNT2B|AR|ROBO2|DKK1|HIPK1|POU5F1|HIPK2|FGF1|GDNF|WNT1|WNT2|SPRY1|CTNNB1|C12ORF43|HOXA11|BMP2|WNT3|SIX3|WNT4|FGF10|FGF8|FRS2|SOX9|SALL1|SOX8|MESP1,https://www.gsea-msigdb.org/gsea/msigdb/human/geneset/GOBP_DEVELOPMENTAL_INDUCTION,35,ENR,GOBP_DEVELOPMENTAL_INDUCTION,1.9842,1.4500000000000001E-2,GOBP_DEVELOPMENTAL_INDUCTION,FALSE,GOBP_DEVELOPMENTAL_INDUCTION
11,2.7212463990471698,2.7212463990471698,2.7212463990471698,1,0.33589999999999998,1.1000000000000001E-3,3.7999999999999999E-2,CDH17|DSG1|DCHS1|CDH1|CDHR3|ATP2C1|CDH13|FXYD5|CDH23|CDH5|KIFAP3|CDH26|CDH16|PCDHGB4|PCDHGC3|CDH10|CDH11|CDH12|PCDHB10|CDH15|PCDHB11|PCDHB6|CDH18|PCDHB13|CDH19|PCDHB14|CDH20|NLGN1|PCDHB16|CDH22|PCDHB2|CDH24|NRXN1|PCDHB3|CDH4|PCDHB4|CDH6|PCDHB5|CDH7|PCDHB9|CDH8|SELL|CDH9|SELP|CDH2|CDH3|AJUBA|PCDH12,https://www.gsea-msigdb.org/gsea/msigdb/human/geneset/GOBP_CALCIUM_DEPENDENT_CELL_CELL_ADHESION_VIA_PLASMA_MEMBRANE_CELL_ADHESION_MOLECULES,48,ENR,GOBP_CALCIUM_DEPENDENT_CELL_CELL_ADHESION_VIA_PLASMA_MEMBRANE_CELL_ADHESION_MOLECULES,2.7808999999999999,0,GOBP_CALCIUM_DEPENDENT_CELL_CELL_ADHESION_VIA_PLASMA_MEMBRANE_CELL_ADHESION_MOLECULES,FALSE,GOBP_CALCIUM_DEPENDENT_CELL_CELL_ADHESION_VIA_PLASMA_MEMBRANE_CELL_ADHESION_MOLECULES
11,2.7212463990471698,2.7212463990471698,2.7212463990471698,1,0.28220000000000001,0,0,CDH17|TRO|CDH1|CDHR3|SDK2|TENM3|AMIGO1|DSC2|CDH26|PLXNB2|CD84|PCDH8|NPTN|PCDHGC3|PCDHGC4|CDH10|DSC1|PCDHGC5|CDH11|CDH12|CDH15|CDH18|CDH19|CDH20|CDH22|CDH24|CDH4|PKD1|CDH6|CDH7|CLSTN2|CDH8|CDH9|CDHR2|PTPRR|MYPN|PTPRT|CADM1|DCHS2|CDH2|CDH3|MYOT|CEACAM5|CEACAM1|DSG4|PCDH12|DSC3|DSG1|DSG3|PIK3CB|CNTN4|NECTIN1|FAT1|PCDHGA3|PALLD|CNTN6|CELSR2|FAT2|CDH16|PCDHGB4|CNTN2|PCDHA10|PCDH17|SDK1|CADM3|DSCAML1|PCDH11Y|IGSF9|HMCN1|NEXN|IGSF11|CLSTN1|PCDH9|IGSF21|DCHS1|CDH13|ITGB1|CDHR5|CDH5|DSCAM|ROBO4|CEACAM6|DSG2|PTPRG|L1CAM|NECTIN3|PTPRM|NECTIN4|ROBO3|PTK7|KIRREL3|PECAM1|CELSR1|EMB|FAT4|HMCN2|CDH23|PCDHAC2|AMIGO2|CDHR1|CLSTN3|CADM2|CDHR4|RET|ESAM|MPZL2|PCDH1|PVR|PCDH10|PCDH11X|ROBO1|PCDH18|ROBO2|PCDH19|PCDH20|PCDH7|PCDHA1|PCDHA7|PCDHB10|PCDHA11|PCDHB11|PCDHB6|PCDHA12|PCDHB13|PCDH15|PCDHA13|PCDHB14|PCDHA3|PCDHB16|PCDHA4|PCDHB2|PCDHA5|PCDHB3|PCDHA6|PCDHB4|PCDHA8|PCDHB5|PCDHA9|PCDHB9|PCDHAC1|PCDHB1|PCDHB12|NECTIN2|PCDHB15|PCDHB7|BSG|PCDHB8|PLXNB3|PCDHGA1|PCDHGA10|PCDHGA11|FAT3|PCDHGA12|PCDHGA2|PTPN23|CELSR3|PCDHGA4|PCDHGA5|PCDHGA6|PCDHGA7|PCDHGA8|PCDHGA9|PCDHGB1|PCDHGB2|PCDHGB3|PCDHGB5|PCDHGB6|PCDHGB7|CADM4,https://www.gsea-msigdb.org/gsea/msigdb/human/geneset/GOBP_HOMOPHILIC_CELL_ADHESION_VIA_PLASMA_MEMBRANE_ADHESION_MOLECULES,169,ENR,GOBP_HOMOPHILIC_CELL_ADHESION_VIA_PLASMA_MEMBRANE_ADHESION_MOLECULES,4.2324000000000002,0,GOBP_HOMOPHILIC_CELL_ADHESION_VIA_PLASMA_MEMBRANE_ADHESION_MOLECULES,FALSE,GOBP_HOMOPHILIC_CELL_ADHESION_VIA_PLASMA_MEMBRANE_ADHESION_MOLECULES
5,1.9172146296835499,1.9172146296835499,1.9172146296835499,0.9879,0.41789999999999999,8.8800000000000004E-2,1,GAL|SPINK5|CTNNB1|MSX2|RBPJ|TRPC4AP|NOM1|NF1|CDH3|FERMT1|WNT10B|WNT5A|ERCC2|NSUN2|TGFB2,https://www.gsea-msigdb.org/gsea/msigdb/human/geneset/GOBP_HAIR_FOLLICLE_MATURATION,15,ENR,GOBP_HAIR_FOLLICLE_MATURATION,1.9278,1.21E-2,GOBP_HAIR_FOLLICLE_MATURATION,FALSE,GOBP_HAIR_FOLLICLE_MATURATION
30,1.85387196432176,1.85387196432176,1.85387196432176,0.98599999999999999,0.12670000000000001,7.0699999999999999E-2,1,CAV3|SLC6A2|WNK3|WNK4|DLG1|DMD|TRPM2|ASIC5|TRPM4|ATP12A|ATP1A1|FGF12|ATP1A2|FXYD1|ATP1A3|ATP1A4|P2RX7|ATP1B1|ATP4A|HCN4|ATP4B|SLC5A10|SLC5A9|BPIFA1|SLC6A16|PCSK9|ACTN4|FXYD3|FXYD4|FXYD6|FXYD7|WNK2|SLC34A1|SLC38A2|SLC5A3|ATP2B4|ATP1B2|SLC20A1|ATP1B3|SLC28A3|RANGRF|FXYD2|SLC4A4|NEDD4L|SCN10A|SCN1A|SLC4A8|SCN1B|SCN2A|SCN3A|SLC17A6|ASIC4|SCN3B|SLC17A7|SCN4A|SCN4B|SCN5A|SCN7A|SCN8A|SLC38A5|OSR1|SLMAP|NPPA|SNTA1|PKD2|SLC4A10|ASIC2|SLC4A11|SLC9A1|SLC20A2|SLC34A2|SLC9A2|SLC34A3|SLC9A3|SLC9A4|SLC9A5|SLC9A6|TRPV3|SLC6A19|SLC9A7|MCOLN1|SLC9A8|SLC9A9|KCNK3|SLC9B1|UTRN|SLC9B2|SLC9C1|SLC9C2|SHROOM2|TESC|ASIC1|TPCN1|ASIC3|SLC4A7|MCOLN3|CNNM4|SLC17A3|KCNK9|SCNN1B|PKD2L1|GRP|SLC24A4|SLC5A4|SLC8A2|HCN1|HCN3|SLC5A2|SLC6A1|SCN2B|SCN9A|SLC5A5|CHP1|SLC23A1|SCN11A|SLC13A1|AGT|SLC13A4|FGF13|TRPM5|COMMD1|NOS1|SLC4A5|SLC6A4|HCN2|SLC5A11|SCNN1A|SCNN1D|SCNN1G|GRIN2A|SLC13A3|PTPN3|KCNK1|SLC5A6|SLC6A12|SLC6A13|SLC13A2|SLC6A14|SLC13A5|SLC38A1|SLC6A20|SLC17A1|SLC6A8|SLC17A2|SLC17A4|SLC17A8|FXYD5|TPCN2|PRKCE|CNGB1|CNGA1|CNGA3|SLC41A3|SLC8A3|SLC41A1|NALCN|SLC38A4|ANO6|SLC6A11|SLC6A3|SLC24A1|SLC24A2|SLC6A15|GRIN1|SLC24A3|SLC6A17|SLC24A5|SLC6A5|SLC6A6|SLC6A7|SLC6A9|SLC12A1|SLC12A2|SLC8B1|WNK1|SLC4A9|SLC5A1|SLC12A3|SLC6A18|STK39|SLC8A1|CAMK2D,https://www.gsea-msigdb.org/gsea/msigdb/human/geneset/GOBP_SODIUM_ION_TRANSMEMBRANE_TRANSPORT,182,ENR,GOBP_SODIUM_ION_TRANSMEMBRANE_TRANSPORT,1.9832000000000001,1.4E-2,GOBP_SODIUM_ION_TRANSMEMBRANE_TRANSPORT,FALSE,GOBP_SODIUM_ION_TRANSMEMBRANE_TRANSPORT
15,2.7212463990471698,2.7212463990471698,2.7212463990471698,1,0.13519999999999999,5.0000000000000001E-4,1.4999999999999999E-2,FOXF2|WNT3A|COL12A1|COL7A1|PTX3|COL4A6|COL5A2|NPNT|ADAMTS4|DAG1|ADAMTS5|ATP7A|COL13A1|COL27A1|COL6A1|COL11A2|MATN1|MYH11|HPN|SERPINB5|CTSG|RGCC|ADAMTS8|CRTAP|HSD17B12|SMOC2|ATXN1L|MMP24|TIE1|FOXC1|CTSS|COL1A1|DPP4|COL17A1|COL5A3|ELANE|EMILIN1|ADAMTS16|KLK5|SCX|KLK7|NID2|PRICKLE1|ADAMTS14|ADAMTS2|FBLN5|MMP16|MMP17|ADAMTS10|MMP23B|P3H1|ADAMTS17|MMP25|ADAMTSL1|MMP27|ADAMTSL3|ADAMTSL5|FLOT1|C6ORF15|SELENON|COL10A1|COL15A1|COL22A1|MMP7|COL23A1|COL24A1|GAS6|ANTXR1|COL28A1|COL6A5|NTN4|COL6A6|COL9A1|COL9A2|COL9A3|GFOD2|HPSE2|MANSC4|CAV2|MATN4|MIA|OLFML2A|GREM1|OLFML2B|PAPLN|ST7|MYF5|COLQ|RB1|TCF15|ADAMTS13|ADAM15|ADAMTS15|ITGA2|SPINK5|COL4A5|CCN1|ITGB1|CAPG|ITGB3|PLOD2|COL18A1|PLOD3|HAPLN2|TNFRSF1A|KIF9|CARMIL2|WT1|CST3|VWA1|CTSV|FLRT2|LARGE1|TLL2|CRISPLD2|LOXL1|SERAC1|FSCN1|MMP3|THSD4|MMP14|NFKB2|GSN|MMP2|MMP28|SERPINH1|MMP12|KLK4|LAMC1|LOXL2|LCP1|TNF|SMPD3|NF1|MELTF|OTOL1|SFRP2|IHH|MMP1|MMP10|SMOC1|MMP11|DNAJB6|MMP13|MMP15|TMEM38B|MMP19|MMP20|PLG|ERO1B|BMP1|ABL1|NOXO1|EXOC8|PBXIP1|RECK|SPINT2|TLL1|SH3PXD2B|MMP9|AXIN2|MPV17|SLC39A8|RIC1|ADAMTS3|APLP1|ENG|IER3IP1|TGFBR1|TIMP3|KAZALD1|TMPRSS6|LOX|TPSAB1|WASHC1|ADAMTS6|FSHR|BMP2|PRDM5|TGFB2|CAV1|PPARG|COL19A1|RIC8A|CFLAR|TGFBI|RXFP1|PXDN|CREB3L1|ADAMTS1|TNFRSF11B|APBB2|PRDX4|FOXF1|GPM6B|SMAD3|CTSK|TGFBR3|TNXB|CLASP1|ERO1A|CLASP2|FKBP10|LOXL3|LTBP4|MPZL3|LRP1|ANGPTL7|COL4A4|DDR2|IMPG2|ADAMTSL4|ADAMTS19|HRNR|P3H4|SLC2A10|TNFRSF1B|COL3A1|ELF3|COMP|GAS2|GFAP|DDR1|FOXC2|FBLN1|ANTXR2|TGM1|HMCN1|ADAMTS7|COLGALT1|QSOX1|COL8A2|FKTN|HAS2|MATN2|MFAP4|MATN3|ELN|ADAMTS18|COL11A1|COL2A1|NPHS1|CSGALNACT1|ADAMTS20|BCL3|MMP21|ZNF469|PDPN|ADAMTS9|ITGA8|ABI3BP|HAS1|CCDC80|COL4A2|COL4A3|HAS3|PLOD1|COL16A1|COL8A1|IMPG1|AGT|DMP1|ANXA2|POMGNT1|ECM2|FAP|EFEMP2|POMT1|EGFL6|POMT2|EGFLAM|OPTC|FURIN|IBSP|EXT1|COL5A1|LAMA1|LAMA2|LAMB1|LAMB2|FERMT1|NDNF|NID1|SMAD4|ERCC2|SPOCK2|VIT|ADAMTS12|MMP26|STAT3|TGFB1|NOTCH1|FGFR4|PDGFRA|PHLDB2|VIPAS39|CMA1|PHLDB1|AEBP1|CHADL|COL14A1|VPS33B|CYP1B1|LUM|ADAM10|ADAM8|ADTRP|MMP8|NPHP3|APP|COL1A2|COL4A1|ADAMTSL2|NOX1|FMOD|RAMP2|IL6|B4GALT1|COLGALT2|DPT|PRSS1|LOXL4|PRSS2|P4HA1|P4HA3|POSTN|TNR|FKRP|VTN|RUNX1|SPINT1|MYO1E|SERPINF2|SOX9|SULF1|NR2E1|SULF2,https://www.gsea-msigdb.org/gsea/msigdb/human/geneset/GOBP_EXTERNAL_ENCAPSULATING_STRUCTURE_ORGANIZATION,337,ENR,GOBP_EXTERNAL_ENCAPSULATING_STRUCTURE_ORGANIZATION,2.887,0,GOBP_EXTERNAL_ENCAPSULATING_STRUCTURE_ORGANIZATION,FALSE,GOBP_EXTERNAL_ENCAPSULATING_STRUCTURE_ORGANIZATION
3,2.10237290870956,2.10237290870956,2.10237290870956,0.99209999999999998,0.21260000000000001,5.4100000000000002E-2,0.999,HOXA3|BMP4|HAND2|NKX3-2|WNT11|TP63|SIX1|FGFR2|MKS1|GLI3|HOXC11|TBX5|WT1|WNT5A|WNT2B|RDH10|DKK1|MEF2C|BMPR1A|GDNF|SPRY1|CTNNB1|RBPJ|EXT1|HES1|HOXA11|TGFBR2|MAP2K1|FOLR1|ISL1|LRP2|CITED2|GATA6|MESP1|LEMD2|NOTCH1|NTF4|TBR1|FGF2|FGFR1|MAP2K2|PIM1|GATA5|PAX2|PAX8|EMP2|AXIN2|ROBO1|AR|ROBO2|POU5F1|SMARCD3|SHH|FGF1|NOG|WNT2|RBM20|SOX17|BMP7|FOXH1|BMP2|EYA1|MAPK1|MAPK3|FGF10|FGF8|FRS2|SULF1,https://www.gsea-msigdb.org/gsea/msigdb/human/geneset/GOBP_ANIMAL_ORGAN_FORMATION,68,ENR,GOBP_ANIMAL_ORGAN_FORMATION,2.0594999999999999,7.9000000000000008E-3,GOBP_ANIMAL_ORGAN_FORMATION,FALSE,GOBP_ANIMAL_ORGAN_FORMATION
1,2.3872161432802601,2.3872161432802601,2.3872161432802601,0.99590000000000001,0.21479999999999999,7.17E-2,1,CFAP20|SEMG2|TRIM46|TPPP2|BBS1|CCDC40|BBS2|CCR6|CFAP206|DNAAF1|IGBP1|RUFY4|CFAP298|TAC1|CFAP45|CLXN|CYB5D1|DRC1|BBS4|IQCF1|CCDC39|IRGC|KIF9|ODAD2|RSPH4A|TTLL6|FEZ1|NEFH|PGAM4|DYNLT2B|CFAP69|GAS2L2|DEFB1|HDAC6|BORCS5|APC|TRIM58|EPPIN|CFAP43|ADAM7|HAP1|CATSPER1|FNTA|MAP2|RUFY3|MKKS|TACR2|TTC21B|DNAH11|TEX101|TAC3|TACR3|LAMP1|FNTB|STK11|TAC4|RNASE10|PRDM14|TACR1|SEMG1,https://www.gsea-msigdb.org/gsea/msigdb/human/geneset/GOBP_REGULATION_OF_MICROTUBULE_BASED_MOVEMENT,60,ENR,GOBP_REGULATION_OF_MICROTUBULE_BASED_MOVEMENT,1.9796,4.1000000000000003E-3,GOBP_REGULATION_OF_MICROTUBULE_BASED_MOVEMENT,FALSE,GOBP_REGULATION_OF_MICROTUBULE_BASED_MOVEMENT
28,2.4089353929735,2.4089353929735,2.4089353929735,0.99609999999999999,0.13980000000000001,5.9299999999999999E-2,0.999,BMP4|TRIM16|CAV1|APOLD1|VDR|LIF|DLL1|PRKCH|ERRFI1|ZFP36L1|PRKX|MYCN|IPO7|SPRED1|SPRED2|CCND1|CEBPB|KEAP1|SPRED3|SFN|PAX6|SPRY1|SPRY2|RPTOR|FRZB|IL13|KLF7|ATOH8|BTG1|CDKN1C|CEACAM1|FOXJ2|FOXN1|OVOL2|ASCL1|GRHL1|MESP1|SIX2|RFX3|SMO|TMEM100|FOXC1|NKX6-3|ESRP1|AQP3|DSPP|PTCH1|FST|NFE2L1|SULT2B1|MACROH2A1|OSR1|ZEB1|KDF1|VEGFA|ETV2|SRSF6|F11R|TP73|PPP1R12A|BAD|HEY2|MAFF|FOXJ1|GATA3|MACROH2A2|PTCH2|CD24|PLAAT4|TBX3|PLCB1|HOXA7|IKBKB|ZFP36|IL1B|ALOX15B|ACVRL1|ADD1|ETV4|SPRR5|ZBED2|TP63|AJAP1|JAG1|CLDN5|TNFRSF1A|CD109|CDH5|ATOH1|NOTCH4|MAFG|NUMA1|WNT10B|S1PR2|WNT9B|AHI1|DSG2|PRLR|NKX6-1|SFRP4|EZH2|EXTL3|VEZF1|CDKN1B|GDNF|SGPP1|BMP6|BLTP1|CTNNB1|KRT36|HES1|KRT84|HES5|TNF|MED1|NME2|VCL|XDH|ZEB2|KRAS|MYCL|PKP1|NOTCH1|ABCA12|FGF2|MSX1|MSX2|TLR9|WWTR1|PAX2|PAX8|YAP1|PROC|IFNG|IL20|MMP9|CYP27B1|ROCK1|LHX1|REG3G|PROM1|NODAL|LEF1|SERPINE1|BMP7|ROCK2|BMP2|NCOA3|STAT5B|S1PR3|FGF10|STAT1|GDF3|SOX9|STAT5A|ZDHHC21,https://www.gsea-msigdb.org/gsea/msigdb/human/geneset/GOBP_REGULATION_OF_EPITHELIAL_CELL_DIFFERENTIATION,156,ENR,GOBP_REGULATION_OF_EPITHELIAL_CELL_DIFFERENTIATION,2.0341999999999998,3.8999999999999998E-3,GOBP_REGULATION_OF_EPITHELIAL_CELL_DIFFERENTIATION,FALSE,GOBP_REGULATION_OF_EPITHELIAL_CELL_DIFFERENTIATION
2,2.7212463990471698,2.7212463990471698,2.7212463990471698,1,0.22409999999999999,1.9E-3,7.0000000000000007E-2,BMP4|MYC|WNT11|LIF|SIX1|DLL1|WNK4|DLG1|NPNT|GLI3|TCF21|LAMA5|MAGED1|CTNNBIP1|MTSS1|PKD1|GZF1|HOXA11|TMEM59L|HNF1B|SIX4|LZTS2|SALL1|HEYL|SIX2|SMO|HOXD11|POU3F3|TFAP2B|PTCH1|OSR1|TTC8|VEGFA|ADAMTS16|PKD2|KLHL3|PRICKLE1|AGTR2|BCL2|AQP11|GATA3|NOG|PBX1|NOTCH2|TACSTD2|CD24|LGR5|GREM1|C1ORF54|ILK|DCHS1|CALB1|CITED1|JAG1|UMOD|LGR4|HOXB7|HS2ST1|WT1|WNT2B|HS3ST3A1|WNT9B|AHI1|HS3ST3B1|AGT|FOXD1|MEF2C|GDNF|WNT1|CTNNB1|AQP1|KIF26B|HES1|HES5|SMAD4|SLC22A1|GPC3|IRX1|IRX2|IRX3|WNT6|TGFB1|NOTCH1|FGF2|WNT7B|WWTR1|PAX2|PAX8|YAP1|ACAT1|GREB1L|LHX1|SHH|SLC22A6|COL4A1|FGF1|PROM1|BMP2|EYA1|WNT4|FGF8|STAT1|SOX9|SOX8,https://www.gsea-msigdb.org/gsea/msigdb/human/geneset/GOBP_RENAL_TUBULE_DEVELOPMENT,104,ENR,GOBP_RENAL_TUBULE_DEVELOPMENT,2.7214999999999998,0,GOBP_RENAL_TUBULE_DEVELOPMENT,FALSE,GOBP_RENAL_TUBULE_DEVELOPMENT
9,2.7212463990471698,2.7212463990471698,2.7212463990471698,1,0.36459999999999998,0,0,OR2AT4|BBS4|B2M|OR2A4|UGT2A1|CD36|FZD2|DRD2|LPO|ASIC2|GJB4|OBP2B|NAV2|OR51E2|P2RX2|PLCB2|SCNN1B|SLC24A4|SYT10|BBS1|WNT10B|OR1D2|SCNN1A|SCNN1D|SCNN1G|BEST2|REEP2|UBR3|RTP2|RTP3|RTP4|RTP5|CNGA4|GNAT2|GNAL|P2RX3|OR10A2|OR10A3|OR10A6|OR10AC1|OR10AG1|OR10D3|OR10G3|OR10G4|AZGP1|OR10G7|OR5AN1|OR10H1|OR10H3|OR10H5|OR10K1|OR10K2|OR10Z1|OR11A1|OR11G2|OR11H4|OR13A1|OR13G1|OR14A16|OR14J1|OR14L1|OR1A1|OR1C1|OR1I1|OR1L6|OR1L8|OR1M1|OR2A1|OR2A12|OR2A14|OR2A25|CFAP69|OR2A42|OR2A5|OR2A7|OR2AG1|OR2AG2|OR2AJ1|OR2AK2|OR2AP1|OR2B11|OR2B6|OR2C1|OR2C3|OR2D3|OR2F1|OR2G6|OBP2A|OR2H1|OR2H2|OR2J1|ANO9|OR2J2|OR2K2|OR2L13|OR2L2|OR2L3|OR2L5|OR2L8|OR2M3|OR2M4|OR2T10|OR2T11|OR2T12|OR2T2|OR2T6|OR2T7|OR2T8|OR2V2|OR2W3|OR2Z1|OR3A1|OR3A2|OR3A3|OR4C11|OR4C6|OR4D1|OR4D10|OR4D2|OR4D9|OR4E1|TTC8|OR4E2|OR4F15|OR4F17|OR4K1|OR4K13|OR4K17|RIC8B|OR4K2|OR4N2|OR4Q3|OR51A4|OR51A7|MKKS|OR51B5|OR51D1|OR51E1|OR51I1|OR51I2|OR51M1|OR52A1|OR52A5|OR52E4|OR52E5|OR52H1|OR52I2|OR52K1|OR52K2|OR52N1|OR52N2|B3GNT2|OR52N4|OR52N5|OR52P1|OR56A1|OR56A3|GFY|OR56A4|OR56B1|OR5A1|ASIC1|OR5AS1|ASIC3|OR5AU1|CA6|OR5B2|CALHM1|OR5B21|CALHM3|OR5H1|CST1|OR5H14|CST2|OR5K1|CST4|OR5M1|GNAT1|OR5P2|GNAT3|OR5P3|GNB1|OR5V1|GNG13|OR6A2|OR6B1|PIGR|OR6C1|PIP|OR6C2|PKD1L3|OR6C4|PKD2L1|ITPR3|OR6C6|RGS21|OR6C74|TAS1R1|OR6C75|TAS1R2|OR6F1|TAS1R3|OR6J1|TAS2R1|OR6N1|TAS2R10|OR6N2|TAS2R13|OR6P1|PDE4A|TAS2R14|OR6Y1|TAS2R19|OR7A10|TAS2R20|OR7A17|TAS2R3|OR7A5|TAS2R30|OR7C1|TAS2R31|OR7D2|TAS2R39|OR7D4|TAS2R4|OR7G2|TAS2R42|OR8A1|TAS2R43|OR8B12|TAS2R46|OR8B8|TAS2R5|OR8D1|TAS2R50|OR8D4|TAS2R60|OR8G5|TAS2R9|TRPA1|OR8H1|TRPV1|OR8H2|OR8J2|OR8J3|OR8K3|OR9G1|OR9G4|OR9K2|OR9Q1|OR9Q2|VN1R1|VN1R2|FFAR4|GNAS|OR10J1|OR10A4|CNGB1|NXNL2|LEF1|SLC6A3|C5AR1|ADCY3,https://www.gsea-msigdb.org/gsea/msigdb/human/geneset/GOBP_SENSORY_PERCEPTION_OF_CHEMICAL_STIMULUS,263,ENR,GOBP_SENSORY_PERCEPTION_OF_CHEMICAL_STIMULUS,6.9131,0,GOBP_SENSORY_PERCEPTION_OF_CHEMICAL_STIMULUS,FALSE,GOBP_SENSORY_PERCEPTION_OF_CHEMICAL_STIMULUS
21,2.7212463990471698,2.7212463990471698,2.7212463990471698,1,0.27579999999999999,2.9899999999999999E-2,0.95299999999999996,THBS1|CUZD1|HP|HPR|PLAT|PLAU|CTSL|VSIR|GGT1|KLK3|S100A10|SERPINE2|PGK1|CLEC3B|CTSZ|F11|ANXA2|C1R|F12|C1RL|MMP14|F9|FGG|KLK1|KLK2|FURIN|HPN|SERPINE1|ENO1|PLGRKT|PRSS3|THBD|OMA1|PRSS12|MELTF|KLKB1|RUNX1|CTSH|SERPINF2|FGA|DHCR24|FGB|HGFAC|PLAUR|APOH,https://www.gsea-msigdb.org/gsea/msigdb/human/geneset/GOBP_ZYMOGEN_ACTIVATION,45,ENR,GOBP_ZYMOGEN_ACTIVATION,2.2023000000000001,0,GOBP_ZYMOGEN_ACTIVATION,FALSE,GOBP_ZYMOGEN_ACTIVATION
5,2.7212463990471698,2.7212463990471698,2.7212463990471698,1,0.3589,0,0,CASP14|KRT5|KRT16|KRT75|KRT2|TMEM79|PPHLN1|CYP26B1|KRT3|KRT4|SFN|SHARPIN|CNFN|KRT6C|KAZN|KRT7|KRT72|LCE1C|KRT73|LCE1E|IVL|KRT74|LCE3D|KRT77|LCE3E|KRT78|KRT79|SPRR2B|KRT80|KRT84|SPRR2D|KRT81|SPRR2F|KRT82|SPRR2G|KRT85|KRT86|PPL|CDH3|EVPL|SPRR3|TCHH|KRT1|KRT76|KRT6B|KRT83|ABCA12|CDSN|HRNR|KLK5|KRT6A|CERS3|LCE3A|KRT17|LORICRIN|SPRR1A|SPRR1B|SPRR2E|TGM3|TGM1|LIPK|LIPM|LIPN,https://www.gsea-msigdb.org/gsea/msigdb/human/geneset/GOBP_KERATINIZATION,63,ENR,GOBP_KERATINIZATION,3.4182999999999999,0,GOBP_KERATINIZATION,FALSE,GOBP_KERATINIZATION
25,2.7212463990471698,2.7212463990471698,2.7212463990471698,1,0.2329,2.7000000000000001E-3,0.10299999999999999,TOR1A|KRT5|KRT16|KRT75|DSP|KRT2|EVPLL|KRT15|KRT23|NEFH|KRT24|NEFL|KRT19|KRT26|KRT3|EPPK1|KRT31|KRT32|KRT4|KRT12|KRT33A|KRT34|DST|KRT35|KRT37|FAM83H|KRT38|KRT40|KRT6C|KRT7|KRT72|KRT73|KRT74|KLHL24|KRT77|KRT78|KRT36|KRT79|KRT80|KRT84|KRT81|KRT82|KRT85|KRT86|KRT9|NEFM|PPL|PRPH|EVPL|KRT10|KRT20|SYNC|TCHH|ATP8A2|KRT1|KRT76|KRT6B|ARHGEF28|PKP2|ATXN3|KRT25|VIM|DNAJB6|KRT27|KRT28|KRT33B|KRT83|PKP1|NES|BFSP1|CSNK1A1|BFSP2|BBLN|INA|AGFG1|AGFG2|ATF2|GFAP|KRT6A|ERBIN|KRT13|SYNM|MTM1|SHH|NDEL1|PLEC|KRT17|KRT18|VPS54|KRT14|CLN8|MACF1|DES|RAF1|SOD1,https://www.gsea-msigdb.org/gsea/msigdb/human/geneset/GOBP_INTERMEDIATE_FILAMENT_BASED_PROCESS,95,ENR,GOBP_INTERMEDIATE_FILAMENT_BASED_PROCESS,2.6623999999999999,0,GOBP_INTERMEDIATE_FILAMENT_BASED_PROCESS,FALSE,GOBP_INTERMEDIATE_FILAMENT_BASED_PROCESS
34,2.7212463990471698,2.7212463990471698,2.7212463990471698,0.99809999999999999,0.29310000000000003,1.55E-2,0.69499999999999995,BMP4|ONECUT1|SMAD2|TGFB1|WNT11|NOTCH1|ABL1|FGF2|INSM1|NKX6-3|DLL1|JAG1|DLX3|BCCIP|DSPP|MSX1|NFE2L1|OTP|B9D1|IFT80|IPO7|MAP1B|TMEM231|SOX11|CEBPB|RFX6|TUBB|EMX1|NODAL|LEF1|POU3F2|SERPINE1|CTNNB1|GATA2|SOX4|HES1|RPTOR|BMP2|CDH2|VAX1|DLG5|WNT4|LHX3|FGF8|ASCL1|FAM20C,https://www.gsea-msigdb.org/gsea/msigdb/human/geneset/GOBP_NEUROEPITHELIAL_CELL_DIFFERENTIATION,46,ENR,GOBP_NEUROEPITHELIAL_CELL_DIFFERENTIATION,2.3408000000000002,1.9E-3,GOBP_NEUROEPITHELIAL_CELL_DIFFERENTIATION,FALSE,GOBP_NEUROEPITHELIAL_CELL_DIFFERENTIATION
2,2.67778070526608,2.67778070526608,2.67778070526608,0.99790000000000001,0.1166,1.09E-2,0.53300000000000003,BMP4|MYC|AMPD2|WNT11|SGPL1|LIF|SIX1|SNX17|HMGCS2|RARB|WNK4|DLG1|BMP10|NPNT|GLI3|CD34|COMT|TCF21|ARG2|EFNB2|CENPF|PDGFRB|RDH10|PCSK9|CAT|PDGFA|LAMA5|PDGFB|MAGED1|FRAS1|MTSS1|NUP107|NUP133|PKD1|SLC34A1|OSR2|NKX3-1|SPRY1|SIX4|SALL1|HEYL|SIX2|SMO|FOXC1|NFIA|HOXD11|POU3F3|PTCH1|GDF6|SMAD5|EDNRB|PCSK5|VEGFA|ADAMTS16|PKD2|PKHD1|PRICKLE1|PROX1|AGTR2|FADD|MMP17|ZMPSTE24|BAX|SOX11|BCL2|FOXJ1|PRDM1|AQP11|BCL2L11|ENPEP|GATA3|BAG6|GCNT1|DYNC2H1|MME|NOTCH2|TACSTD2|SOX17|CD24|SOX4|GCNT4|GREM1|RPGRIP1L|BMI1|PLCE1|C1ORF54|CYP4A22|IL6R|ASS1|DCHS1|ARL3|CALB1|CASP9|KCNJ8|ITGA3|CITED1|NDUFS6|UMOD|FGFR2|ITGB3|EDN1|STRA6|EDNRA|LGR4|ERBB4|HOXB7|WT1|EPHA7|NUP160|WNT2B|WNT9B|AHI1|MAGI2|RHOA|EZH2|MEF2C|GDNF|BMP6|DACT2|KLF15|HES5|LIN28A|NOTCH3|NF1|NUP85|REN|CUL3|SMAD6|KIRREL3|PDGFD|PECAM1|WNT7B|PYGO1|SEC61A1|CRLF1|PYGO2|WWTR1|PAX2|AMER1|PAX8|PODXL|PTPRO|APH1A|MMP9|RET|MPV17|ANKS6|GREB1L|SHH|LRP4|FGF1|TGFBR1|GFRA1|NLE1|CC2D2A|ADAMTS6|PTCD2|CNTRL|VANGL2|TREX1|BMP7|SLIT2|BMP2|EYA1|LRRK2|FGF10|FGF8|SOX8|TGFB2|CD2AP|ANGPT1|HELLS|DLL1|CFLAR|IQGAP1|HOXC11|PRKX|WNT5A|RRM2B|CTNNBIP1|ADAMTS1|EGR1|FOXF1|SMAD3|CER1|GZF1|HOXA11|HNF1A|TMEM59L|HNF1B|DCHS2|TNS2|SERPINF1|KCNJ1|DLG5|TBX18|CDKN1C|LZTS2|MYOCD|AKR1B1|DTNBP1|SMAD2|COL4A4|AQP2|TFAP2B|ZBTB16|MPST|OSR1|SMAD7|TTC8|BASP1|IFT25|IFT20|IFT27|IFT88|ID2|KANK2|KLHL3|TP73|AP1B1|ACE|EPCAM|ACVR2B|FBN1|FOXC2|NOG|OVOL1|PBX1|NIPBL|SDC4|LGR5|SFRP1|C1GALT1|CYP4A11|CTSH|HAS2|JMJD6|ILK|APAF1|BLOC1S6|ANGPT2|JAG1|NPHS1|WFS1|DDC|GDF11|ITGA8|HS2ST1|HS3ST3A1|COL4A3|HS3ST3B1|CYP26A1|ACTA2|CYP26B1|EPHA4|TFAP2A|AGT|FOXD1|TRAF3IP2|BICC1|WNT1|INVS|PLXND1|CTNNB1|EXT1|AQP1|KIF26B|SMAD1|HES1|EMX2|LAMB2|PTK7|LRP2|NID1|TSC1|ZBTB14|SMAD4|AP2B1|SLC22A1|GPC3|IRX1|IRX2|IRX3|ODC1|HYAL2|TIPARP|WNT6|RARA|TGFB1|NOTCH1|UPK3A|FGF2|FGFR1|GCNT3|NRP1|CEP290|PDGFRA|GLI2|WDPCP|YAP1|SIM1|GPR4|ACAT1|FREM2|TBC1D32|ADIPOQ|ROBO2|LHX1|NPHP3|SLC22A6|COL4A1|PROM1|ID3|GLIS2|PPP3CA|ZNG1A|ASXL1|HPGD|TEK|BMPER|ALDH1A2|RBP4|TRAF3IP1|FLCN|MYO1E|SERPINB7|NPHS2|WNT4|AGTR1|STAT1|SOX9|SULF1|ARID5B|SULF2,https://www.gsea-msigdb.org/gsea/msigdb/human/geneset/GOBP_RENAL_SYSTEM_DEVELOPMENT,334,ENR,GOBP_RENAL_SYSTEM_DEVELOPMENT,2.4033000000000002,2.0999999999999999E-3,GOBP_RENAL_SYSTEM_DEVELOPMENT,FALSE,GOBP_RENAL_SYSTEM_DEVELOPMENT
29,2.7212463990471698,2.7212463990471698,2.7212463990471698,0.99809999999999999,0.36930000000000002,1.6899999999999998E-2,0.76100000000000001,CFAP20|GRP|SGIP1|ADORA2A|GHRL|GHSR|INSL5|RXFP4|GRIA1|STRA6|MC1R|NPAS2|NR4A3|OPRK1|MEF2C|NLGN1|VPS35|GHRH|GRPR|NPY|PENK|GHRHR|UCN|NPY2R|MTNR1B|HDAC2|AGRP|CRH,https://www.gsea-msigdb.org/gsea/msigdb/human/geneset/GOBP_POSITIVE_REGULATION_OF_BEHAVIOR,28,ENR,GOBP_POSITIVE_REGULATION_OF_BEHAVIOR,2.3147000000000002,1.9E-3,GOBP_POSITIVE_REGULATION_OF_BEHAVIOR,FALSE,GOBP_POSITIVE_REGULATION_OF_BEHAVIOR
,2.7212463990471698,2.7212463990471698,2.7212463990471698,1,0.223,0,0,RPS28|RPL24|RPL29|RPS5|RPS6|RPSA2|RPS13|RPS26|RPL3|CSDE1|RPL14|SMYD5|RPL26|GTPBP1|RPL26L1|AKT2|RPL27|RPL35|RPL35A|RPL7|RPL7A|RPLP0|RPS11|RPS12|EIF2B1|RPS16|EIF2B3|EIF3A|RPS17|EIF2B4|EIF3B|EIF3D|EIF4A1|RPS21|EIF3F|RPS24|EIF3G|RPS25|EIF3L|RPS27A|RPS3A|DRG1|RPS4X|RPS8|RPS9|PKM|ZC3H15|RPL10|RPS15|RPL22|EEF2|RACK1|YTHDF2|EIF2B5|EIF4G1|RPS23|FAU|RPL10A|MTOR|DHX9|NEMF|RPS3|NCK1|PAIP1|NMNAT2|PARP16|FMR1|RPSA|RPL13|SYNCRIP|RPS7|HNRNPU|RPL23|RPL30|RPL39|RPL37|RPS20|RPL11|CPEB3|SH3BGRL|DENR|EIF2D|EIF2B2|CPEB4|EIF4A2|IMPACT|MCTS1|MIF4GD|AARS1|UBA52|YBX1|EIF3E|METTL3|ETF1|NCBP1|NCBP2|IGF2BP1|PABPC1|LIN28A|DRG2|RPL12|ALKBH3|RPL15|RPL17|RPL18|RPL18A|RPL19|UNK|ZNF385A|CPEB1|FTSJ1|RPL21|RPL22L1|PIWIL2|RPL23A|PKP1|RPL27A|RPL28|RPL31|RPS15A|RPL32|RPL34|RPL36|RPL36A|RPL37A|RPL4|DHX36|RPL41|RPL6|RPL8|RPL9|HHEX|RPS10|RPS18|RPS29|RPS2|RWDD1|RPL13A|RPS19|CNBP|EIF3H|HNRNPD|DHX29|EIF2S2|EIF2S3|EIF2S3B|EIF3C|EIF3CL|CPEB2|EIF3I|EIF3J|RBM24|YBX3|EEF1D|EIF3K|EIF3M|EIF4B|RPLP1|EIF4H|RPLP2|EIF5|RBM4|MCTS2|SARS1|SLBP|RPL38|RPL5|RPS14|RPS27,https://www.gsea-msigdb.org/gsea/msigdb/human/geneset/GOBP_CYTOPLASMIC_TRANSLATION,169,ENR,GOBP_CYTOPLASMIC_TRANSLATION,3.4039000000000001,0,GOBP_CYTOPLASMIC_TRANSLATION,FALSE,GOBP_CYTOPLASMIC_TRANSLATION
9,2.7212463990471698,2.7212463990471698,2.7212463990471698,1,0.3498,0,0,MYC|REST|HTR2A|NTRK1|OR2AT4|COMT|KCNA1|OR2A4|RPE65|CEP250|ADGRV1|HPN|CXCL12|GUCY2F|RHO|LXN|MMP24|SCRN3|SCN1A|PIEZO2|LPO|ASIC2|ADORA1|OR51E2|TAC4|GRIK2|PLCB2|FYN|ITGA2|SLC24A4|EYS|GJA10|RGS9BP|ROM1|TAC1|KIT|PTPRQ|LHFPL5|OPN4|OR1D2|PDZD7|STRC|TNF|SEMA5B|RTP2|RTP3|RTP4|RTP5|CACNA2D4|CHRNA10|EPHB1|CHRNA9|TMEM87A|GNAT2|WDR47|PRDM12|OR10A2|OR10A3|OR10A6|OR10AC1|OR10AG1|OR10D3|OR10G3|OR10G4|AZGP1|OR10G7|OR5AN1|OR10H1|OR10H3|OR10H5|OR10K1|OR10K2|OR10Z1|CCDC66|OR11A1|OR11G2|OR11H4|OR13A1|OR13G1|CACNA1F|OR14A16|PPEF1|OR14J1|PPEF2|OR14L1|OR1A1|OR1C1|OR1I1|OR1L6|OR1L8|OR1M1|OR2A1|OR2A12|OR2A14|OR2A25|OR2A42|OR2A5|OR2A7|OR2AG1|OR2AG2|OR2AJ1|OR2AK2|OR2AP1|OR2B11|OR2B6|GRM6|OR2C1|OR2C3|OR2D3|OR2F1|OR2G6|OR2H1|OR2H2|OR2J1|OR2J2|OR2K2|OR2L13|OR2L2|OR2L3|OR2L5|OR2L8|ATP8A2|OR2M3|OR2M4|OR2T10|OR2T11|OR2T12|OR2T2|OR2T6|OR2T7|OR2T8|OR2V2|OR2W3|OR2Z1|ANO1|OR3A1|OR3A2|OR3A3|OR4C11|OR4C6|OR4D1|OR4D10|OR4D2|OR4D9|OR4E1|OR4E2|OR4F15|OR4F17|OR4K1|OR4K13|OR4K17|OR4K2|OR4N2|OR4Q3|OR51A4|OR51A7|MKKS|OR51B5|OR51D1|OR51E1|OR51I1|OR51I2|OR51M1|TMC1|OR52A1|TMC2|OR52A5|OR52E4|OR52E5|OR52H1|OR52I2|OR52K1|OR52K2|OR52N1|OR52N2|OR52N4|OR52N5|OR52P1|OR56A1|OR56A3|OR56A4|OR56B1|OR5A1|OR5AS1|PHF24|ASIC3|OR5AU1|CA6|OR5B2|PJVK|OR5B21|OR5H1|CST1|OR5H14|CST2|OR5K1|CST4|OR5M1|GNAT1|OR5P2|GNAT3|OR5P3|OR5V1|OR6A2|OR6B1|PIGR|OR6C1|PIP|OR6C2|PKD1L3|OR6C4|PKD2L1|OR6C6|OR6C74|TAS1R1|OR6C75|TAS1R2|OR6F1|TAS1R3|OR6J1|TAS2R1|OR6N1|TAS2R10|OR6N2|TAS2R13|COL11A1|OR6P1|TAS2R14|OR6Y1|TAS2R19|OR7A10|TAS2R20|BACE1|OR7A17|TAS2R3|OR7A5|TAS2R30|OR7C1|TAS2R31|OR7D2|TAS2R39|OR7D4|TAS2R4|OR7G2|TAS2R42|OR8A1|TAS2R43|OR8B12|SCN9A|TAS2R46|OR8B8|TAS2R5|OR8D1|TAS2R50|OR8D4|SERPINE2|TAS2R60|OR8G5|TAS2R9|TRPA1|OR8H1|TRPV1|OR8H2|OR8J2|OR8J3|DISC1|OR8K3|OR9G1|OR9G4|SCN11A|OR9K2|OR9Q1|OR9Q2|FFAR4|OR10J1|TMEM120A|OR10A4|CNGB1|KCNQ1|CRB1|REEP6|PRPH2|BEST1|CACNB4|TULP1|KCNK2|RBP4|NTSR1|WHRN|NR2F6,https://www.gsea-msigdb.org/gsea/msigdb/human/geneset/GOBP_DETECTION_OF_STIMULUS_INVOLVED_IN_SENSORY_PERCEPTION,290,ENR,GOBP_DETECTION_OF_STIMULUS_INVOLVED_IN_SENSORY_PERCEPTION,6.7659000000000002,0,GOBP_DETECTION_OF_STIMULUS_INVOLVED_IN_SENSORY_PERCEPTION,FALSE,GOBP_DETECTION_OF_STIMULUS_INVOLVED_IN_SENSORY_PERCEPTION
16,2.7212463990471698,2.7212463990471698,2.7212463990471698,1,0.23200000000000001,1.6799999999999999E-2,0.76400000000000001,IRX5|BMP4|TIFAB|MTHFD1L|TP63|SIX1|FGFR2|GLI3|SLC39A3|ZIC3|EDNRA|RUNX2|INSIG2|CEP55|RDH10|WNT9B|PRRX1|TFAP2A|GNA11|IRF6|IFT140|MEGF8|NDST1|MMP14|CRKL|HOXA2|PAX5|CTNNB1|SMAD3|EXT1|TGFBR2|MED12|SLC39A1|HOXA1|LRP2|SIX4|SIX2|GRHL2|COLEC10|SMAD2|TGFB1|EIF4A3|MTHFD1|FOXN3|PDGFRA|MSX2|TBX1|FREM1|TMEM107|MMP16|RIC1|WDR19|LHX1|INSIG1|TGFBR1|NODAL|DLX2|CPLANE2|FOXC2|NOG|B3GLCT|NIPBL|TULP3|FOXE1|TBX15|TWIST1|RAB23|FGF8|CHST11|TGFB2,https://www.gsea-msigdb.org/gsea/msigdb/human/geneset/GOBP_CRANIAL_SKELETAL_SYSTEM_DEVELOPMENT,70,ENR,GOBP_CRANIAL_SKELETAL_SYSTEM_DEVELOPMENT,2.3134000000000001,0,GOBP_CRANIAL_SKELETAL_SYSTEM_DEVELOPMENT,FALSE,GOBP_CRANIAL_SKELETAL_SYSTEM_DEVELOPMENT
3,2.6989700043360201,2.6989700043360201,2.6989700043360201,0.998,0.1787,7.0999999999999994E-2,1,BMP4|ACVRL1|FOXA1|WNT3A|LHX2|AXIN1|RNF220|GLI3|NKX2-1|SP8|EDN1|IFT122|WNT8A|TGIF1|TLL2|CHRD|DDIT3|DMRT3|PAX6|ACVR1|BMPR1A|INTU|HOXA2|PSEN1|CTNNB1|EN1|CXXC4|CER1|HOXA11|NOTO|AIDA|NBL1|GREM2|LHX3|SMAD6|HOXB2|CAPRIN2|OVOL2|VAX2|ASCL1|DLL4|SMO|TCTN1|SMAD2|BMP1|FOXG1|SUFU|FKBP8|HOXD11|WNT7A|PTCH1|GLI1|WNT8B|GLI2|IFT172|IFT52|TLL1|AXIN2|MDFI|PROP1|TBC1D32|FOXN4|WDR19|TBX20|DISP1|LHX1|ARL13B|SHH|PAX7|TTC21B|LRP4|SOX1|LMX1B|FBXL15|NOG|DYNC2H1|TULP3|SFRP1|GPR161|DSCAML1|GREM1|GSC|BMPR1B|WNT3|SIX3|FGF8|SOSTDC1|HHIP,https://www.gsea-msigdb.org/gsea/msigdb/human/geneset/GOBP_DORSAL_VENTRAL_PATTERN_FORMATION,88,ENR,GOBP_DORSAL_VENTRAL_PATTERN_FORMATION,1.9851000000000001,2E-3,GOBP_DORSAL_VENTRAL_PATTERN_FORMATION,FALSE,GOBP_DORSAL_VENTRAL_PATTERN_FORMATION
,2.3979400086720402,2.3979400086720402,2.3979400086720402,0.996,0.32550000000000001,4.58E-2,0.995,ABCC11|NR0B2|SLC10A2|NR1H4|SLC10A3|SLC51B|SLC10A4|SLC10A5|SLCO1C1|SLC10A6|ABCC2|AKR1C4|ABCC3|CYP7A1|SLC10A1|ABCB11|ABCD3|SLCO1B3-SLCO1B7|AKR1C1|SLC51A|SLCO1A2|ABCC4|SLC27A5|SLCO1B1|SLCO1B3|SLCO2B1|FGF19|ATP8B1|CEACAM1,https://www.gsea-msigdb.org/gsea/msigdb/human/geneset/GOBP_BILE_ACID_AND_BILE_SALT_TRANSPORT,29,ENR,GOBP_BILE_ACID_AND_BILE_SALT_TRANSPORT,2.0958999999999999,4.0000000000000001E-3,GOBP_BILE_ACID_AND_BILE_SALT_TRANSPORT,FALSE,GOBP_BILE_ACID_AND_BILE_SALT_TRANSPORT
8,2.7212463990471698,2.7212463990471698,2.7212463990471698,1,0.39329999999999998,1.6799999999999999E-2,0.748,NEDD4L|ITSN2|SYT17|UNC13A|RIMS2|SLC23A2|ATG16L1|SMURF1|SPAG9|CPNE5|MUL1|CPNE6|BCL11A|CPNE9|PLAA|SYT1|SYT2|SYT3|OSTN|RNF157|CACNG7|RIMS1|RASAL1|SYT4|PRKN,https://www.gsea-msigdb.org/gsea/msigdb/human/geneset/GOBP_REGULATION_OF_DENDRITE_EXTENSION,25,ENR,GOBP_REGULATION_OF_DENDRITE_EXTENSION,2.3187000000000002,0,GOBP_REGULATION_OF_DENDRITE_EXTENSION,FALSE,GOBP_REGULATION_OF_DENDRITE_EXTENSION
4,2.7212463990471698,2.7212463990471698,2.7212463990471698,1,0.15310000000000001,6.3E-3,0.29799999999999999,EPHA5|HIF1A|WNT3A|CFL1|ATIC|SRD5A1|SRD5A2|GLI3|NKX2-1|BBS4|DCLK2|RAN|PAFAH1B1|NEFL|KCNA1|CEP120|AKIRIN2|KIF14|GART|PAX6|ATAT1|CRK|GSK3B|CRKL|SLC38A2|HDAC1|PSEN1|SUN2|SYNE2|LMX1A|TACC1|TACC2|ASCL1|CDON|SMO|FOXG1|MCPH1|EOMES|POU3F3|DAB2IP|ZIC1|ARHGAP11B|SLC2A1|PROX1|BAX|DLX1|DLX2|DMRTA2|TUBA1A|BNIP3|NPY|WDR62|POU3F2|SRGAP2C|CDK5|CDK5R1|PLCB1|BTG2|TRA2B|BBS1|BMERB1|BBS2|FOS|OGDH|CCDC39|SOCS7|LRP8|PTEN|XAB2|FEZ1|LARGE1|RHOA|EZH2|FGF13|MDK|FXR2|IGF2BP1|NF1|FOXP2|ZMIZ1|P2RY12|KIRREL3|LHX6|UQCRQ|NSUN5|PIANP|SEMA6B|TBR1|TUBB2B|DAB1|MGARP|FAT4|NF2|RAC1|PTPRS|NARS1|RTN4|PALS1|NR4A3|EZH1|NTRK2|KIF26A|EGFR|WDR47|SLIT2|PEX5|FGF8|CCDC141|TACC3|HTR5A|LHX2|ASPM|XRN2|KDM1A|ATG16L1|EFHC1|TSKU|CASP3|FILIP1|ATP2B4|FLNA|PAX5|TFAP2C|CSNK2A2|EIF2B5|YWHAE|CDH2|CDK6|ADGRG1|SRF|PHACTR1|CCDC85C|COL3A1|SLC32A1|TP73|NOTCH2NLA|MKKS|NOTCH2NLB|NOTCH2NLC|NDE1|NDEL1|KDM6B|SUN1|BCAN|FKTN|XRCC1|TMEM14B|TRAPPC9|BLOC1S6|NCOA1|GRIA1|ZIC3|PEX13|ATOH1|CNTNAP2|TUBB2A|SRGAP2|DRD1|DISC1|POMGNT1|TMEM108|POMT2|FXR1|CTNNB1|ID4|ARX|LAMB1|CDK5R2|EMX2|FBXO41|PHLPP2|TSC1|VPS13B|PPP1R9B|ZEB2|RARA|HTR6|ALK|DIXDC1|PLXNA3|RELN|ROBO1|NEUROD1|LHX5|BTBD3|MDGA1|EMX1|LEF1|KCNA2|SCT|FBXO45|MBOAT7|NR2E1|MFSD2A,https://www.gsea-msigdb.org/gsea/msigdb/human/geneset/GOBP_PALLIUM_DEVELOPMENT,194,ENR,GOBP_PALLIUM_DEVELOPMENT,2.5102000000000002,0,GOBP_PALLIUM_DEVELOPMENT,FALSE,GOBP_PALLIUM_DEVELOPMENT
2,2.7212463990471698,2.7212463990471698,2.7212463990471698,1,0.20949999999999999,5.62E-2,0.999,BMP4|MYC|DCHS1|WNT11|CITED1|SIX1|DLG1|NPNT|GLI3|LGR4|TCF21|HOXB7|HS2ST1|WT1|WNT2B|HS3ST3A1|WNT9B|HS3ST3B1|AGT|FOXD1|LAMA5|MAGED1|CTNNBIP1|GDNF|WNT1|CTNNB1|KIF26B|GZF1|HES1|HOXA11|TMEM59L|HNF1B|SIX4|LZTS2|SMAD4|SALL1|GPC3|SIX2|SMO|WNT6|TGFB1|FGF2|HOXD11|PTCH1|PAX2|OSR1|PAX8|VEGFA|ADAMTS16|PKD2|AGTR2|GREB1L|LHX1|BCL2|SHH|FGF1|GATA3|NOG|PBX1|TACSTD2|GREM1|BMP2|EYA1|WNT4|FGF8|SOX9|SOX8|ILK,https://www.gsea-msigdb.org/gsea/msigdb/human/geneset/GOBP_MESONEPHRIC_TUBULE_MORPHOGENESIS,68,ENR,GOBP_MESONEPHRIC_TUBULE_MORPHOGENESIS,2.0488,0,GOBP_MESONEPHRIC_TUBULE_MORPHOGENESIS,FALSE,GOBP_MESONEPHRIC_TUBULE_MORPHOGENESIS
6,2.3979400086720402,2.3979400086720402,2.3979400086720402,0.996,0.3075,9.2799999999999994E-2,1,WNT7A|ERRFI1|ASH1L|LHCGR|KDM5B|STRA6|ESR1|WNT5A|WNT9B|GREB1L|LHX1|COL6A1|FOXL2|GATA3|ANTXR2|HOXA9|NIPBL|FSHR|HOXA10|HOXA11|RBP4|SRC|CDKN1C|MYOCD|SMAD4|CITED2|CYP19A1|TGFB2,https://www.gsea-msigdb.org/gsea/msigdb/human/geneset/GOBP_UTERUS_DEVELOPMENT,28,ENR,GOBP_UTERUS_DEVELOPMENT,1.9135,4.0000000000000001E-3,GOBP_UTERUS_DEVELOPMENT,FALSE,GOBP_UTERUS_DEVELOPMENT
13,2.7212463990471698,2.7212463990471698,2.7212463990471698,1,0.1573,1.17E-2,0.57099999999999995,BMP4|RBPMS2|CAV1|CHRDL2|PPARG|SKOR1|TNFAIP6|VWC2L|MTMR4|BMP10|PPM1A|RUNX2|WNT5A|DLX5|TWSG1|ACVR1|FSTL5|EGR1|SLC39A5|CHRDL1|RBPJ|CER1|HFE|XIAP|DAND5|TGFBR3|CRIM1|KCP|SCUBE3|BAMBI|DDX5|GREM2|DSG4|FSTL1|HEYL|TMEM100|SMAD2|FKBP8|NFIA|DLX3|ID1|TFAP2B|FST|GDF6|SMAD7|SMAD5|ATF2|ERFE|FSTL4|SCX|COMP|ETV2|SORL1|POU5F1|TBX20|BMPR2|SOX11|HTRA1|ACVR2B|DLX1|FBN1|FSTL3|GATA3|NOG|NOTCH2|SFRP1|GREM1|ADAMTS7|BMPR1B|ZNF423|ILK|SKI|USP9Y|ACVRL1|ARK2C|ITGA3|COL2A1|CCN1|SOST|SKOR2|CDH5|SMURF1|SMURF2|VSTM2A|NUMA1|PELO|DKK1|CHRD|HIPK2|SFRP4|SPART|FOXD1|BMPR1A|MEGF8|BMP6|WNT1|FZD1|EXT1|PDCD4|SMAD1|HES1|HES5|NBL1|SMPD3|UBE2D1|UBE2D3|SFRP2|LRP2|SKIL|SMAD4|SMAD6|GATA4|KDR|ADAMTS12|GPC3|VWC2|GATA6|LEMD3|NEO1|PRMT1|NOTCH1|ABL1|GPR155|USP9X|GDF5|GATA5|MSX1|MSX2|CTDSPL2|SPINT2|HJV|FAM83G|HIVEP1|CRB2|RGMB|ZNF8|RGMA|ACVR2A|GDF7|TMEM53|ENG|AMHR2|TOB1|FBXL15|HTRA3|LEF1|UBE2O|TMPRSS6|TMEM119|USP15|BMP5|BMPER|SMAD9|PCSK6|TRIM33|BMP7|ELAPOR2|BMP2|MAPK3|SPINT1|NGLY1|GDF3|HOXA13|SOX9|SULF1|SOSTDC1,https://www.gsea-msigdb.org/gsea/msigdb/human/geneset/GOBP_RESPONSE_TO_BMP,166,ENR,GOBP_RESPONSE_TO_BMP,2.3925000000000001,0,GOBP_RESPONSE_TO_BMP,FALSE,GOBP_RESPONSE_TO_BMP
,2.7212463990471698,2.7212463990471698,2.7212463990471698,1,0.16189999999999999,6.25E-2,1,HAND2|CHRNB2|GIPC1|SRD5A1|CTSB|MOXD1|RAB38|COMT|MC1R|ATP7A|RAPGEF2|WNT5A|AOC2|MAOA|RTL4|SLITRK1|SNCAIP|APPL1|HPN|HTR1A|CRYM|CTNS|CTSK|KL|CDH3|HPRT1|TYRP1|DBH|DDT|HDC|SULT1A1|SULT1A2|SULT1A3|SULT1B1|DRD2|MAOB|NPR1|PAH|NT5DC2|CGA|BCL2|TRPC1|CPQ|VPS35|ALDH2|DIO1|GATA3|DIO3|DUOX1|NPY|FOXE1|PNKD|GCNT4|CYP1A1|CYP2E1|RNF180|IYD|INSM1|CITED1|PMEL|DDC|DIO2|SLC16A10|GCH1|SLC16A2|EDNRA|SLC5A5|SLCO1C1|EPAS1|ITGAM|TG|PARK7|ITGB2|TPO|DRD1|DRD3|DRD4|FAH|SULT2A1|DUOX2|SNCA|DCT|SLC7A11|TPH1|MED1|GRIN2A|ZEB2|BTBD9|MFSD12|PRKN|OCA2|DAO|SLC45A2|SNCB|TH|TPH2|TYR|DUOXA1|GPR37|PAX8|DUOXA2|NR4A2|SLC1A1|ASIP|OPN3|PDE1B|GNAT2|SLC6A3|ABAT|TACR3|SLC24A5|PNMT|SLC26A7|TGFB2,https://www.gsea-msigdb.org/gsea/msigdb/human/geneset/GOBP_PHENOL_CONTAINING_COMPOUND_METABOLIC_PROCESS,114,ENR,GOBP_PHENOL_CONTAINING_COMPOUND_METABOLIC_PROCESS,2.0230000000000001,0,GOBP_PHENOL_CONTAINING_COMPOUND_METABOLIC_PROCESS,FALSE,GOBP_PHENOL_CONTAINING_COMPOUND_METABOLIC_PROCESS
4,2.7212463990471698,2.7212463990471698,2.7212463990471698,1,0.1356,0,1E-3,CHRNB2|WNT3A|ATIC|SRD5A1|SRD5A2|DOCK7|NKX2-1|ATF5|BBS4|ZDHHC16|ATP7A|B2M|DCLK2|DLX5|RAN|PAFAH1B1|NEFL|KCNA1|CEP120|AKIRIN2|GART|PAX6|ATAT1|GMPPA|GSK3B|SUN2|SYNE2|LMX1A|TACC1|OTX1|TACC2|OTX2|TAL2|UBB|HPRT1|FOXP1|MCPH1|EOMES|SOX3|NIN|POU3F3|SCN5A|DAB2IP|DRD2|PCM1|SLC2A1|NEUROG3|NHLH2|SSTR1|DLX1|DLX2|STIL|TUBA1A|DYNC2H1|NPY|WDR62|SRGAP2C|RPGRIP1L|PLCB1|GSC|PCDH9|BTG2|SKI|PITX1|BBS1|BBS2|SLC1A2|OGDH|CCDC39|EFNA2|LRP8|PTEN|DNAJB1|RHOA|CCKAR|EZH2|FXR2|NRG3|NRP2|IGF2BP1|PLXNA4|SEMA3A|SEMA3E|LHX6|UQCRQ|ZSWIM6|PIANP|SEMA6B|SLIT3|TBR1|TUBB2B|WNT7B|DAB1|MSX1|NF2|PTPRS|SECISBP2|SLC8A3|SHH|NR4A3|EZH1|NTRK2|SZT2|EGFR|LRRK2|SIN3A|FGF10|CCDC141|TACC3|PRDM8|HMGA2|ASPM|PGAP1|KDM1A|PLXNA1|FUT1|EFHC1|INHBB|OTP|TOX|TSKU|TWSG1|TYRO3|TYROBP|FILIP1|ATP2B4|FLNA|NRGN|GATA2|NUMB|YWHAE|SLITRK5|CDK6|ELAVL4|NUMBL|SEMA7A|PHACTR1|TTC8|PAX4|SCYL2|ID2|PROP1|CNTN2|C21ORF91|RFX4|TOP2B|SUN1|UCHL5|SIX3|BCAN|SOX2|FKTN|XRCC1|KAT2A|TMEM14B|TRAPPC9|APAF1|ATRX|ZIC3|PEX13|ATOH1|CNTNAP2|DRD1|METTL14|METTL3|POMGNT1|NDST1|POMT2|FXR1|CTNNB1|ID4|EXT1|AQP1|HES1|ARX|CDK5R2|EMX2|FBXO41|PHLPP2|KIAA0319|HOOK3|VAX2|PPP1R9B|CRH|NOTCH1|FGF2|FGFR1|HTR6|NRP1|WNT7A|GLI1|DIXDC1|GLI2|PLXNA3|RELN|PRKG1|ROBO1|ROBO2|NEUROD1|RTN4R|RTN4RL1|RYK|BTBD3|TTC21B|SEMA5A|AVPR1A|EMX1|NFIB|SLC6A3|SLIT1|TNR|SCT|WDR37|WNT4|FBXO45|NR0B1|FRS2|NR2E1|EPHB3|EPHA5|BMP4|HIF1A|CDH1|HESX1|PITX2|CFL1|POU4F1|RARB|GLI3|DLC1|RAPGEF2|KIF14|CRK|KCNC1|CRKL|SLC38A2|CREB1|HDAC1|CSF1R|PSEN1|RBPJ|ATP1B2|CXCL12|SRC|SALL1|ASCL1|CDON|SMO|MYH10|PTCHD1|FEZF1|FOXG1|AGTPBP1|ZIC1|ARHGAP11B|PROX1|BAX|CRTAC1|DMRTA2|BNIP3|SHANK3|POU3F2|NR2F2|CDK5|TBX19|CDK5R1|TBX3|TRA2B|LHX8|FYN|BMERB1|E2F1|FGFR2|FOS|ITGAM|SOCS7|ERBB4|WNT2B|XAB2|DKK1|FEZ1|LARGE1|FGF13|MDK|HES5|NOTCH3|HTRA2|NF1|RAB3GAP1|FOXP2|RAX|ZMIZ1|P2RY12|KIRREL3|NSUN5|KRAS|CHD5|DNAH5|DPCD|MGARP|WDR89|FAT4|CHD7|RAC1|RAC3|NARS1|RTN4|APLP1|PALS1|GHRH|KIF26A|LPAR1|TTBK2|WDR47|SLIT2|BMP2|POU1F1|PEX5|FGF8|HTR5A|LHX2|POU3F1|XRN2|ATG16L1|ATP1A2|RRM1|WNT5A|CASP3|PAX5|TFAP2C|CSNK2A2|EIF2B5|ZNF335|CDH2|ADGRG1|EPHB2|SRF|HAP1|AVPR2|CCDC85C|COL3A1|SLC32A1|HERC1|TP73|NOTCH2NLA|MKKS|NOTCH2NLB|NOTCH2NLC|SLC4A10|NDE1|NDEL1|CORO1C|NOG|KDM6B|FOXB1|GHRHR|RTN4RL2|BLOC1S6|NCOA1|AXL|GRIA1|KCNC2|ARHGAP35|TUBB2A|SRGAP2|DISC1|OPHN1|BMPR1A|TMEM108|WNT1|DCT|SLC7A11|LAMB1|INHBA|ISL1|NDNF|LRP2|TSC1|LHX3|VPS13B|ZEB2|OLIG2|AKNA|TCTN1|RARA|ALK|NR4A2|BCL11B|DRAXIN|GDF7|LHX1|ARL13B|LHX5|MDGA1|SOX1|LEF1|KCNA2|ALDH1A2|ALDH1A3|KDM2B|C12ORF57|MBOAT7|MFSD2A,https://www.gsea-msigdb.org/gsea/msigdb/human/geneset/GOBP_FOREBRAIN_DEVELOPMENT,403,ENR,GOBP_FOREBRAIN_DEVELOPMENT,3.1714000000000002,0,GOBP_FOREBRAIN_DEVELOPMENT,FALSE,GOBP_FOREBRAIN_DEVELOPMENT
7,1.7495799976911099,1.7495799976911099,1.7495799976911099,0.98219999999999996,0.17430000000000001,9.8299999999999998E-2,1,SKI|BMP4|ABI2|FZR1|CRYBA1|DLG1|WNT5B|KDM5B|ADAMTS9|SIX5|ATF4|WNT5A|BIRC7|MAF|WNT2B|HIPK1|SPRED1|HIPK2|SPRED2|SPRED3|PAX6|CDKN1B|NECTIN3|NTRK3|SPRY1|SPRY2|CTNNB1|SMAD3|TGFBR2|CTNS|PITX3|EPHA2|MED1|SKIL|TDRD7|CDKN1C|VIM|CITED2|ZEB2|BCAR3|CDON|LIM2|MIP|TGFB1|FGF2|NECTIN1|BFSP1|WNT7B|BFSP2|WNT7A|CRYGB|PYGO2|FAT1|CRYAB|CRYGD|NF2|HSF4|PROX1|TBC1D32|LCTL|SOX11|CRYBA2|CRYBA4|UNC45B|CRYBB1|CRYBB2|SOX1|CRYBB3|TGFBR1|CRYBG3|CRYGN|TMOD1|CRYGS|NHS|GATA3|NDP|WNT2|TBC1D20|PLAAT1|MEIS1|PLAAT3|SHROOM2|SIX3|SLITRK6|FRS2,https://www.gsea-msigdb.org/gsea/msigdb/human/geneset/GOBP_LENS_DEVELOPMENT_IN_CAMERA_TYPE_EYE,85,ENR,GOBP_LENS_DEVELOPMENT_IN_CAMERA_TYPE_EYE,1.8982000000000001,1.78E-2,GOBP_LENS_DEVELOPMENT_IN_CAMERA_TYPE_EYE,FALSE,GOBP_LENS_DEVELOPMENT_IN_CAMERA_TYPE_EYE
31,2.6989700043360201,2.6989700043360201,2.6989700043360201,0.998,0.1153,2.8199999999999999E-2,0.93799999999999994,GPBAR1|RPS6|CHRNB2|WNT3A|CBLN2|CFL1|CLDN1|SIX1|HRG|PRKCH|NLGN4X|NRXN2|NTRK1|OGT|DLC1|ADGRB1|RAP1A|RAP1B|TBX5|MAP1B|RAPGEF2|MARK1|SLITRK1|NTN1|RAP2A|LHFPL4|VLDLR|EPHA2|BDNF|SIX4|SRC|DSG3|NECTIN1|VEGFA|F11R|PRICKLE1|ARHGAP6|SLC12A5|ASIC2|CRTAC1|FLOT1|MYOC|PEAK1|SRGAP2C|IL1RAPL1|GREM1|ST8SIA2|CLSTN1|COLQ|IKBKB|DMTN|IL17A|ZDHHC8|IL1B|ADGRB3|SENP1|SIGMAR1|CLDN5|IL1RAPL2|LRFN3|LATS1|SLITRK2|EFNA5|ITGB1BP1|RAPGEF1|EPHA7|PTEN|FLRT2|S1PR2|DKK1|FLRT3|RHOA|TJP1|EEF2K|MYO1C|ARHGAP12|MEF2C|MMP14|MYCBP2|ARF6|NECTIN3|UBE3B|FZD1|SNCA|NTRK3|PRKCA|PPM1F|TNF|LDB1|MAP4K4|ARHGEF15|SNAI1|KDR|SEMA4C|SEMA4D|ABL1|ADNP|EPB41L5|PTK2|PTK2B|PTPRJ|ADGRB2|AMIGO2|LINGO2|RAC1|ELMO1|LINGO4|PTPN1|LRRC24|RAC3|LRRN1|LRRN3|PTPRS|SNAI2|FARP1|FLRT1|LRTM2|ROCK1|RTN4|DOCK4|IQSEC2|SETD5|EPHB1|LRP4|LRRTM3|NTRK2|PUM2|PRKACA|RHOG|TPBG|AMIGO3|DAPK3|MACF1|SLITRK6|RHOD|THBS1|POLDIP2|CAV1|DOCK10|THY1|AGRN|TLR2|EPHA3|AMIGO1|LIMS1|WNT5A|GPRASP3|LRRTM1|PTPN13|DUSP22|CRIPT|PDLIM5|CLSTN2|GPM6B|SMAD3|EIF4G1|SLITRK5|ACTG1|CLASP1|DLG5|CLASP2|PTPRA|CHD4|EPHB2|CUX2|NCKIPSD|NUMBL|TRIM47|APLNR|FAM107A|FZD5|LIMCH1|LIN7A|SRGAP2B|LIN7B|SLITRK3|HOPX|LIN7C|ACE|LZTS1|SLC9A1|CC2D1A|RCC2|NAE1|NLGN1|NLGN2|CYFIP2|NRXN1|CORO1C|VPS35|NEDD8|PDZD11|RAB17|SDC4|SFRP1|ASIC1|GNA13|IGSF11|SYNDIG1|ACVRL1|MUSK|CARMIL3|ARHGAP33|SRPX2|NEURL1|CAMSAP3|S100A10|ABI3|CNTNAP2|SRGAP2|CASKIN1|CBLN1|DUSP3|COL16A1|AGT|DOCK1|LRFN1|LRFN4|LRRC4B|LRRTM2|CTNNB1|UBE2M|VSTM5|GRID2|THBS2|NTNG2|PTPRD|TLN1|GPC4|TSC1|LRFN5|VCL|PPP1R9B|IRX3|NLGN3|FGFR1|GHRL|IL1RAP|NRP1|WNT7A|CRMP1|GHSR|PHLDB2|WDPCP|HTR4|SLITRK4|CLSTN3|ICAM5|NEGR1|ROBO2|STAU2|RTN4R|ARMCX5-GPRASP2|APP|MDGA1|NPHP4|OXT|APOD|CRB3|SLIT1|TEK|SLK|ROCK2|SEMA4A|FERMT2|WNT4|ACE2|NPHP1|EPHB3,https://www.gsea-msigdb.org/gsea/msigdb/human/geneset/GOBP_REGULATION_OF_CELL_JUNCTION_ASSEMBLY,269,ENR,GOBP_REGULATION_OF_CELL_JUNCTION_ASSEMBLY,2.2145000000000001,2E-3,GOBP_REGULATION_OF_CELL_JUNCTION_ASSEMBLY,FALSE,GOBP_REGULATION_OF_CELL_JUNCTION_ASSEMBLY
22,2.7212463990471698,2.7212463990471698,2.7212463990471698,1,0.3175,8.9999999999999998E-4,2.8000000000000001E-2,C3|C1QBP|C4BPA|C4BPB|MASP2|CD46|CD59|CD5L|CR1|CR1L|A2M|CR2|CFP|MBL2|VSIG4|KRT1|CFH|PHB2|MASP1|COLEC10|COLEC11|TREM2|FCN1|FCN2|FCN3|C1QA|C1QB|C1QC|C1R|C1RL|C1S|C2|C4A|C4B|C6|C7|C8A|C8B|C8G|C9|C5|CD55|CFI|SERPING1|CFB|CFD|CLU|PHB1|CFHR1|CFHR2|CFHR3|IL1B|SUSD4|CFHR4|CFHR5,https://www.gsea-msigdb.org/gsea/msigdb/human/geneset/GOBP_COMPLEMENT_ACTIVATION,55,ENR,GOBP_COMPLEMENT_ACTIVATION,2.8275999999999999,0,GOBP_COMPLEMENT_ACTIVATION,FALSE,GOBP_COMPLEMENT_ACTIVATION
17,2.6989700043360201,2.6989700043360201,2.6989700043360201,0.998,0.37659999999999999,6.7699999999999996E-2,1,BMAL1|BTRC|NLGN1|FBXW11|ADORA2A|GHRH|BMAL2|RORC|GHRL|KAT5|CLOCK|NKX2-1|GHRHR|PRKG1|NPY2R|RORA|THRAP3|MTNR1B|CRH,https://www.gsea-msigdb.org/gsea/msigdb/human/geneset/GOBP_POSITIVE_REGULATION_OF_CIRCADIAN_RHYTHM,19,ENR,GOBP_POSITIVE_REGULATION_OF_CIRCADIAN_RHYTHM,2.0002,2E-3,GOBP_POSITIVE_REGULATION_OF_CIRCADIAN_RHYTHM,FALSE,GOBP_POSITIVE_REGULATION_OF_CIRCADIAN_RHYTHM
1,2.7212463990471698,2.7212463990471698,2.7212463990471698,1,0.22689999999999999,2.0000000000000001E-4,4.0000000000000001E-3,ODAD4|AAAS|TOGARAM1|TPPP2|TPPP3|CFAP206|STK36|CCDC66|CLXN|DRC1|ODAD2|RSPH4A|TTLL3|MAP1B|TTLL6|TTLL8|CDK5RAP2|CEP131|CFAP69|FES|SPAG16|PLK1|DNAJB13|KIF20A|CLASP1|MAP1S|DNAAF10|MAPRE1|DNAAF2|CFAP46|CFAP74|LRGUK|CFAP91|CLUAP1|HOATZ|LRRC23|HYDIN|OFD1|SPACA9|UBE2B|CFAP58|FBXO24|IFT56|PSRC1|SPEF2|JHY|SPAST|DNAI3|FOXJ1|PLA2G3|CPLANE2|TTLL1|CFAP100|CFAP73|DNAAF5|DNAAF6|DNAH2|DNAH7|SPAG1|TEKT2|CFAP157|CFAP47|CFAP57|CAPN6|CCSER2|CFAP65|CFAP97D1|TTLL13|DNAH1|DNAI1|DRC7|MEIG1|TTC12|TTLL5|PDCL2|PIERCE1|ZMYND12|TPGS1|DAW1|TRIM46|BBOF1|CCDC40|BBS2|DNAI4|DNAAF1|NEURL1|DCX|CCDC39|NAV1|CHP1|NUMA1|CCDC88C|TPPP|DNAAF4|MTCL1|MARK4|GAS2L1|GAS2L2|DNAI2|MNS1|PIERCE2|ODAD3|RP1|RSPH1|RSPH9|ARMC2|CCDC146|CFAP43|CFAP44|TBC1D21|SPAG6|NCKAP5|NCKAP5L|DNAH5|LRRC46|DNAAF3|RSPH6A|ZMYND10|CCDC63|SPEF1|DNAAF8|SPAG17|DNAH17|DNAH8|DNAL1|LRRC61|ODAD1|RP1L1|CC2D2A|DNAAF11|ZNF207|CLIP1|FSIP2,https://www.gsea-msigdb.org/gsea/msigdb/human/geneset/GOBP_MICROTUBULE_BUNDLE_FORMATION,133,ENR,GOBP_MICROTUBULE_BUNDLE_FORMATION,3.0735000000000001,0,GOBP_MICROTUBULE_BUNDLE_FORMATION,FALSE,GOBP_MICROTUBULE_BUNDLE_FORMATION
14,2.3872161432802601,2.3872161432802601,2.3872161432802601,0.99590000000000001,0.18540000000000001,5.4300000000000001E-2,0.999,SV2B|SV2C|CHRNA3|SLC30A1|DYSF|CHRNB4|ADORA2A|NGF|RIMS2|CASK|RAB3A|P2RX1|P2RY1|PREPL|SNAPIN|RAP1A|RAP1B|FER1L5|ATP2A2|SNCAIP|CSPG5|KCNMB4|MEF2C|BAIAP3|STX1A|GPER1|STX1B|SLC38A2|TSPOAP1|SNCA|SYT1|SYT13|SYT2|SYT5|SYT8|NF1|RAB3GAP1|MYOF|PRKCG|MICU3|KMO|DTNBP1|PRKN|PRKCB|SLC4A8|SNCG|WNT7A|BGLAP|FMR1|VPS18|TACR2|GPR158|HCRT|DVL1|NLGN1|PFN2|STXBP5|CACNA1B|CPLX4|PPFIA2|BRAF|PPP3CA|FBXL20|NPY|CACNB4|GPR151|CALM3|CAMK2A|SEPTIN5|CDK5|GGCX|OTOF|PNKD|ASIC1|LRRK2|STXBP1|FBXO45|MCTP1|SYN1|MCTP2|RIMS1|GIT1|RIMS3|RIMS4|SYT11|RAB5A|SYT4,https://www.gsea-msigdb.org/gsea/msigdb/human/geneset/GOBP_REGULATION_OF_NEUROTRANSMITTER_SECRETION,87,ENR,GOBP_REGULATION_OF_NEUROTRANSMITTER_SECRETION,2.0602999999999998,4.1000000000000003E-3,GOBP_REGULATION_OF_NEUROTRANSMITTER_SECRETION,FALSE,GOBP_REGULATION_OF_NEUROTRANSMITTER_SECRETION
20,2.1079053973095201,2.1079053973095201,2.1079053973095201,0.99219999999999997,9.8400000000000001E-2,8.7599999999999997E-2,1,HOXA3|BMP4|HAND2|HIF1A|NKX3-2|CHRDL2|FOXA1|WNT11|PGRMC2|CCN3|HMGCS2|RARB|RARG|FGF9|NPPC|BMP10|WNT5B|BMP3|GLI3|OXCT1|BBS4|NR1H4|CD34|RUNX2|ATP7A|PRKG2|PTH1R|PAXIP1|PDGFRB|PDGFA|PDGFB|COL27A1|COL6A1|PPARD|COL11A2|MATN1|PKD1|GHR|OSR2|EPYC|CSF1|IGF1|OTOR|UBB|LEP|HOXB3|HOXD3|SHOX2|SIX2|PTHLH|HOXC4|NFIA|FGF6|COL1A1|NAMPT|ECM1|GDF6|IL17F|SMAD5|ATF2|SCX|IFRD1|NPR2|RFLNA|POC1A|RFLNB|PTH|ZMPSTE24|BMPR2|DLX2|GATA3|RORC|PLAAT3|GREM1|MYF5|RB1|NFATC2|IL6R|PITX1|SELENOM|BBS1|CCN1|BBS2|EVC|ITGB3|FOSL2|THRA|EDN1|HRAS|DYRK1B|WT1|WNT10B|MAF|WNT2B|LARGE1|STC1|MEF2C|MDK|FTO|RSPO2|SERPINH1|BMP6|BGN|CREB3L2|LOXL2|HES5|TRPV4|SMPD3|SFRP2|SNAI1|SPTLC2|WNT9A|IHH|PDGFD|IFRD2|MMP13|ZNF219|BMP1|XBP1|WNT7B|GDF5|MSX1|PBXIP1|MSX2|RASAL2|AMER1|SCIN|SLC26A2|SH3PXD2B|SNAI2|AXIN2|ADGRG6|THBS3|SLC39A14|TGFBR1|PIK3CA|FGF18|PPARGC1A|LOX|PUM2|SLC25A25|BMP7|SPI1|BMP2|MEX3C|SOX8|LRP5|TGFB2|CD2AP|HMGA2|PPARG|ERRFI1|EFEMP1|DGAT2|CFLAR|PKDCC|TGFBI|TRPM4|RXFP1|MYCN|GPR82|IFT80|RUNX3|WNT5A|TSKU|TWSG1|EGR1|PTPN11|SMAD3|CBS|CER1|HOXA11|EIF2AK3|TRPS1|TBL1XR1|CTSK|SATB2|DDRGK1|FRZB|KLF7|SRF|ZBTB16|OSR1|SMAD7|ZEB1|SIRT1|ID2|COL3A1|COMP|HAND1|SORL1|MKKS|BARX2|EXT2|BMP8A|FAM83A|INHBE|EBF2|GLG1|FOXC2|NOG|HOXA5|ADAMTS7|BMPR1B|AMELX|ZNF516|GUCA2B|CHST11|CRIP1|BMP8B|MATN3|MGP|SNORC|KAT2A|UMODL1|ACVRL1|LNPK|GALNT3|CHSY1|CNMD|TRIP11|COL11A1|COL2A1|BPNT2|CSGALNACT1|ARID5A|NCOA1|CYTL1|SNX19|PRRX1|ACTA2|SPART|FOXD1|MUSTN1|BMPR1A|OPTC|ASNSD1|CTNNB1|ID4|EXT1|SMAD1|CHI3L1|COL5A1|HYAL1|HYAL3|SOX5|TGFBR2|LIPA|SLC39A13|HSD17B1|ITGB8|TAPT1|TIMP1|VPS13B|PARP1|ADAMTS12|ABHD15|HYAL2|RARA|TGFB1|NOTCH1|ARRDC3|FGF2|FGFR1|NR5A2|OGN|GHRL|WNT7A|CCN4|GPLD1|POR|CHADL|GPR4|LUM|ACAT1|LTBP3|MAPK14|GDF7|PAX7|SOX6|NFIB|BMP5|CASR|CCN2|CD44|FKRP|MAPK3|RUNX1|SERPINB7|NCOA2|LPL|PRKAA1|FGFR3|MBOAT2|SOX9|SULF1|ARID5B|SULF2,https://www.gsea-msigdb.org/gsea/msigdb/human/geneset/GOBP_CONNECTIVE_TISSUE_DEVELOPMENT,298,ENR,GOBP_CONNECTIVE_TISSUE_DEVELOPMENT,1.9345000000000001,7.7999999999999996E-3,GOBP_CONNECTIVE_TISSUE_DEVELOPMENT,FALSE,GOBP_CONNECTIVE_TISSUE_DEVELOPMENT
,2.4202164033831899,2.4202164033831899,2.4202164033831899,0.99619999999999997,0.35370000000000001,4.4600000000000001E-2,0.995,HDC|PDE1B|RNF180|ALDH2|HNMT|DMGDH|SULT1A3|SRD5A1|TPH2|DDC|HTR1A|SLC44A1|ENPP6|PRG3|TPH1|TRH|ALDH7A1|ATP7A|GRIN2A|SLC22A3|SLC29A4|BCHE|BTBD9|CHDH,https://www.gsea-msigdb.org/gsea/msigdb/human/geneset/GOBP_AMMONIUM_ION_METABOLIC_PROCESS,24,ENR,GOBP_AMMONIUM_ION_METABOLIC_PROCESS,2.1017000000000001,3.8E-3,GOBP_AMMONIUM_ION_METABOLIC_PROCESS,FALSE,GOBP_AMMONIUM_ION_METABOLIC_PROCESS
32,2.7212463990471698,2.7212463990471698,2.7212463990471698,0.99809999999999999,9.0200000000000002E-2,3.15E-2,0.96499999999999997,CASQ2|ABCD1|CHRNA1|CHRNA3|CHRNB1|CHRNB2|CNIH3|MTMR2|CHRNB4|KCNC3|CHRND|ADCY10|CHRNE|CHRNG|CLCN1|CTNNA3|DLG1|DMD|AKT1|DSC2|ATP5IF1|DSP|YWHAH|FGF12|FXYD1|GJA1|GJC1|GLRA1|SEZ6|HCN4|B2M|BID|KCNA1|KCNB2|KCND2|KCND3|CHCHD10|KCNE3|KCNE4|KCNE5|COL6A1|KCNIP1|ARRB2|GSK3A|KCNIP2|GSK3B|SLC34A1|KCNJ3|KCNJ5|KCNMA1|KCNN2|UBB|CD36|NOS1AP|P2RX6|MTOR|PKP2|DLD|RNF207|SCN10A|GABRA1|SCN1A|GABRA2|SCN1B|GABRA3|SCN2A|GABRA4|SCN3A|GABRA5|SCN3B|GABRA6|SCN4A|GABRB2|PID1|SCN4B|GABRB3|SCN5A|GABRD|SCN7A|SCN8A|GABRG2|KCNJ2|GABRG3|SLMAP|DRD2|GABRR1|GABRR2|PIEZO1|NPPA|PIEZO2|PIP5KL1|SNTA1|GLRA2|GLRA3|NPR2|GLRB|KCTD7|ARL6IP5|MTCH2|TRDN|NDP|PPA2|ANK3|GRIA3|GRIK1|GRIK2|GOT1|NDUFC2|SLC24A4|KCNJ8|SLC8A2|KCNK13|KCNK6|NDUFS6|TAC1|ATXN1|NNT|TUSC2|PANK2|PARK7|PTEN|CLN3|PINK1|PPIF|LTF|DRD4|ACTN2|GNA11|GNA14|KCNA3|KCNA4|KCNA6|KCNA7|KCNC4|GRID1|KCND1|SLC25A33|GRM1|KCNV1|GRM5|KCNV2|SNCA|NTRK3|HCN2|TNF|NTSR2|OPRD1|MPP2|NPAS4|BEST2|KCNK1|EHD3|VCP|ABL1|USP53|ABCC9|SLC1A6|SLC1A7|GBA1|SLC26A3|SLC39A8|SLC8A3|MTLN|CACNA1C|CACNA2D1|CACNB3|CHRNA10|CHRNA9|FKBP1B|NTRK2|SLC4A3|PRELID1|GRIN1|SOD2|ZMYND8|NPFF|PRKCZ|LRRK2|NPY2R|P2RX3|P2RX5|SLC8A1|TRPC5|CAV1|CAV3|CHRNA7|AKAP7|CELF4|GRIN2B|FLNA|GRIN2D|KCNF1|KCNG1|RACK1|KCNG2|RANGRF|KCNG3|KCNG4|YWHAE|KCNJ10|KCNJ11|TBX18|BIN1|KCNJ9|CUX2|KCNS1|KCNS2|KCNS3|EIF4A3|FHL1|SMAD7|FMR1|RGS4|KCNA5|KCNH5|SLC26A5|KCTD16|ASIC1|ASIC3|BAIAP2|ADORA2A|AKAP9|CCN6|TRPV1|DRD1|DSG2|SCN11A|KCNMB2|KCNMB4|GRID2|GRIN3A|LIPA|CHRM1|GRIN2A|GRIN2C|PTPN3|PARP1|PRKN|NLGN3|TREM2|GHRL|WNT7A|KCNN4|RELN|KCNQ1|HCRT|APP|DVL1|PPP3CA|KCNK2|GPRIN3|CRTC1|UCN3|NLGN4X|P2RX7|TBX5|JUP|CNR2|KCNC1|KCNH2|CREB1|PSEN1|ANK2|ATP1B2|ATP1B3|MAPK8IP2|SLC4A4|SRC|RYR2|NEDD4L|CLDN19|ALB|ADRA1A|ADRB1|BAD|ASIC2|BAK1|ZMPSTE24|BAX|ADORA1|BCL2|BCL2L1|MYOC|KCNK3|BNIP3|SHANK1|BNIP3L|SHANK3|BOK|CACNG2|CALM3|POPDC3|P2RX2|CDK5|TMEM25|RIMS1|CNTNAP1|RIMS3|RIMS4|KCNK9|RNF122|CXADR|DCN|GRIN3B|EDN1|KCNB1|KCNE1|S1PR2|SUMO1|FZD9|FGF13|GCLC|MEF2C|GCLM|GPER1|NOS1|CHRNA2|CHRNA5|CHRNA6|CHRNB3|GRIA2|GRIK4|HTR3A|HTR3B|HTR3C|HTR3D|HTR3E|IFI6|RAB3GAP1|ABCB5|P2RX4|KDR|MAPT|MFN1|WWP2|CACNA1I|PTK2B|MLLT11|CHRNA4|AKAP6|KCNH6|NALCN|CDKN2A|MUL1|MYH14|MET|KCNQ3|NRCAM|SLC8B1|GPR88|GRIK3|TACR1|TAFA4|PMAIP1|POPDC2|TMEM161B|ADRB2|KCNQ5|PRDX3|PRKAR1B|RIMS2|ASIC5|TRPM4|ATP1A1|ATP1A2|ATP1A3|ATP1A4|ATP1B1|WDR1|ATP2A2|KCNQ2|PPP2R3C|RTL10|BBS10|RGS7|CALM1|CFTR|SLC25A36|SMAD3|SSH1|KMT2A|STOX1|MTNR1B|SLC4A8|SLC17A7|BEGAIN|CHRFAM7A|SLC25A27|KIF5B|CLIC1|SLC4A11|SLC9A1|NLGN1|NLGN2|NRXN1|INSYN1|INSYN2A|NEDD4|DLG4|UCP2|GJA5|GPD1L|GRIK5|PLN|UNC13B|GABRB1|HCN1|HCN3|GRIA1|KCNC2|P2RX1|SCN2B|SCN9A|TRPA1|CBLN1|ABCC8|SPART|KCNE2|AGT|KCNK5|NETO1|STX1A|TMEM108|STX1B|SLC29A1|SLC6A4|KCNH3|KCNH4|KCNH7|KCNH8|TSPAN9|TSPO|PYCR1|KCNH1|KCNMB3|GRIA4|RGS7BP|TBC1D24|GLRX|BCO2|CNGB1|HSH2D|ABAT|CACNB4|CASR|KCNA2|GABBR1|NTSR1|CACNA1H|CLCN2|CACNA1D|CACNA1G|SOD1|DMPK|CACNB2|MECP2|NUP155|CAMK2D,https://www.gsea-msigdb.org/gsea/msigdb/human/geneset/GOBP_REGULATION_OF_MEMBRANE_POTENTIAL,458,ENR,GOBP_REGULATION_OF_MEMBRANE_POTENTIAL,2.1888000000000001,1.9E-3,GOBP_REGULATION_OF_MEMBRANE_POTENTIAL,FALSE,GOBP_REGULATION_OF_MEMBRANE_POTENTIAL
2,2.7212463990471698,2.7212463990471698,2.7212463990471698,1,0.23530000000000001,3.0000000000000001E-3,0.125,BMP4|MYC|CALB1|LIF|CITED1|SIX1|UMOD|GLI3|HOXC11|GDF11|CD34|LGR4|TCF21|ITGA8|WT1|PDGFRB|RDH10|WNT9B|PDGFA|FOXD1|PDGFB|FRAS1|PKD1|EGR1|GDNF|OSR2|NKX3-1|SPRY1|CTNNB1|AQP1|KIF26B|HES1|HOXA11|HES5|HNF1B|LAMB2|NF1|SIX4|DLG5|SMAD4|SALL1|AKR1B1|SLC22A1|GPC3|IRX1|IRX2|SIX2|IRX3|SMO|WNT7B|AQP2|POU3F3|TFAP2B|PDGFRA|PTCH1|WWTR1|PAX2|GDF6|OSR1|PAX8|BASP1|YAP1|ID2|APH1A|PKD2|RET|ACAT1|ADIPOQ|AGTR2|ROBO2|GREB1L|LHX1|BCL2|SHH|SLC22A6|FOXJ1|ID3|FBN1|FOXC2|NIPBL|SOX17|BMP7|GREM1|EYA1|CTSH|NPHS2|WNT4|FGF10|FGF8|STAT1|SOX9|SOX8,https://www.gsea-msigdb.org/gsea/msigdb/human/geneset/GOBP_METANEPHROS_DEVELOPMENT,92,ENR,GOBP_METANEPHROS_DEVELOPMENT,2.6417000000000002,0,GOBP_METANEPHROS_DEVELOPMENT,FALSE,GOBP_METANEPHROS_DEVELOPMENT
24,2.7212463990471698,2.7212463990471698,2.7212463990471698,1,0.11890000000000001,1.06E-2,0.51300000000000001,RPS28|RPS5|RPS6|NAF1|RPSA2|NAT10|ZNHIT3|ZNHIT6|EFL1|RPS13|RPUSD4|RRP1B|HEATR3|DDX56|DHX37|SART1|NVL|EIF1AX|EIF2A|LSG1|EIF5B|LTV1|NUDT16|SDE2|MDN1|RAN|NMD3|NOP9|NUP88|RPS15|SDAD1|GRWD1|NIP7|ISG20|DROSHA|RPS23|FAU|VCX|SNU13|RPSA|XRCC5|RPS7|RRN3|UTP25|RPL11|DDX49|DIS3|NOP53|WBP11|ERI1|LYAR|EXOSC1|RRP7A|EXOSC4|EXOSC5|FBLL1|GTF2H5|BUD23|DIMT1|EMG1|MRTO4|FBL|FDXACB1|EXOSC2|FTSJ3|EXOSC7|EXOSC8|METTL15|NSUN4|EXOSC9|METTL25B|METTL5|MRM1|MRM3|NSUN5|RPUSD1|SPOUT1|TSR3|ZCCHC4|AATF|ABCF1|AFG2A|AIRIM|BMS1|BYSL|REXO4|C1D|XPO1|CHD7|DDX10|DDX18|DDX27|DDX31|DDX51|DDX52|DDX54|DNTTIP2|EBNA1BP2|ESF1|MPV17L|FCF1|GNL2|GREB1L|MYG1|RPS19|GTF3A|GTPBP10|MYBBP1A|HEATR1|CDKN2A|IMP3|IMP4|ISG20L2|POP4|KRI1|POP5|RIOK3|KRR1|POP7|LAS1L|SBDS|MAK16|METTL18|CUL4A|MPHOSPH6|NGDN|NLE1|NOB1|WDR43|NOC4L|NOL10|NOA1|NOL11|NOL6|NOL7|RPP25|NOL8|RNASEL|NOL9|RPP30|NOLC1|RPP38|NOM1|RPP40|NOP14|GAR1|NOP16|NOP56|RPUSD2|LTO1|NOP58|NHP2|NPM3|RIOK2|NOP10|NSA2|PA2G4|PAK1IP1|PDCD11|PELP1|PES1|PIN4|PNO1|PPAN|TENT4B|PWP1|RPL24|RBFA|C1QBP|RBIS|RBM34|TRMT112|USP16|RCL1|TRMT61B|REXO1|AFG2B|REXO5|TRMT2B|RIOK1|RIOX2|RPF1|XRN2|RPL14|RPL26|RPL26L1|RPL27|RPL35|RPL35A|RPL7|RPL7A|RPL7L1|RPLP0|RPS11|RPS12|RPS16|RPS17|RPS19BP1|RPS21|RPS24|RPS25|DDX21|RPS27A|RPS3A|RPS4X|RPS8|RPS9|RRP1|RRP15|SIRT7|RRP36|RRP8|RRP9|RSL24D1|SLX9|SRFBP1|SURF6|TBL3|TMA16|TSR1|TSR2|DDX17|URB1|URB2|YTHDF2|UTP11|UTP14A|UTP15|UTP18|UTP20|UTP23|DDX47|PRKDC|UTP3|UTP4|UTP6|WDR12|WDR3|NOC2L|WDR36|GLUL|WDR46|WDR55|WDR74|WDR75|YBEY|CUL4B|ZNF593|ZNF622|EIF4A3|ZNF658|EXOSC10|FRG1|GEMIN4|SUV39H1|RRS1|RPS27L|DDX3X|FASTKD2|KAT2B|MALSU1|MPV17L2|MCAT|LSM6|METTL16|MPHOSPH10|MTREX|NPM1|DKC1|ERCC2|EXOSC3|EXOSC6|MRPS2|RPS15A|USP36|GNL3L|GTPBP4|MRPS7|DCAF13|MTG1|MTG2|CINP|NGRN|NSUN3|ABT1|BOP1|RBM10|BRIX1|DDX28|RCC1L|DHX29|DHX30|EIF6|EIF5|ERAL1|METTL17|MRM2|MTERF3|MTERF4|NOP2|PIH1D1|PIH1D2|PWP2|RPF2|RPL38|AK6|RPL5|TFB1M|RPS14|TFB2M|WDR18|RPS27,https://www.gsea-msigdb.org/gsea/msigdb/human/geneset/GOBP_RIBOSOME_BIOGENESIS,312,ENR,GOBP_RIBOSOME_BIOGENESIS,2.4117999999999999,0,GOBP_RIBOSOME_BIOGENESIS,FALSE,GOBP_RIBOSOME_BIOGENESIS
24,2.7212463990471698,2.7212463990471698,2.7212463990471698,1,0.1275,3.32E-2,0.97099999999999997,RPS28|RPS6|NAF1|NAT10|ZNHIT3|ZNHIT6|RPUSD4|RRP1B|DDX56|DHX37|SART1|NVL|NUDT16|SDE2|NOP9|RPS15|ISG20|DROSHA|SNU13|RPS7|UTP25|RPL11|DDX49|DIS3|NOP53|WBP11|ERI1|LYAR|EXOSC1|RRP7A|EXOSC4|EXOSC5|FBLL1|GTF2H5|BUD23|DIMT1|EMG1|MRTO4|FBL|FDXACB1|EXOSC2|FTSJ3|EXOSC7|EXOSC8|METTL15|NSUN4|EXOSC9|METTL25B|METTL5|MRM1|MRM3|NSUN5|RPUSD1|SPOUT1|TSR3|ZCCHC4|BMS1|BYSL|REXO4|C1D|CHD7|DDX10|DDX18|DDX27|DDX51|DDX52|DDX54|EBNA1BP2|ESF1|FCF1|MYG1|RPS19|HEATR1|CDKN2A|IMP3|IMP4|POP4|KRI1|POP5|RIOK3|KRR1|POP7|LAS1L|SBDS|MAK16|METTL18|MPHOSPH6|NGDN|NOB1|WDR43|NOC4L|NOL10|NOL11|NOL6|NOL7|RPP25|NOL8|RNASEL|NOL9|RPP30|NOLC1|RPP38|RPP40|NOP14|GAR1|NOP56|RPUSD2|NOP58|NHP2|NPM3|RIOK2|NOP10|NSA2|PA2G4|PAK1IP1|PDCD11|PELP1|PES1|PIN4|PPAN|TENT4B|PWP1|RBFA|RBM34|TRMT112|RCL1|TRMT61B|REXO1|REXO5|TRMT2B|RIOK1|RPF1|XRN2|RPL14|RPL26|RPL27|RPL35|RPL35A|RPL7|RPL7A|RPL7L1|RPS16|RPS17|RPS21|RPS24|RPS25|DDX21|RPS8|RRP1|RRP15|SIRT7|RRP36|RRP8|RRP9|SLX9|SRFBP1|TBL3|TSR1|TSR2|DDX17|URB1|YTHDF2|UTP11|UTP14A|UTP15|UTP18|UTP20|UTP23|DDX47|PRKDC|UTP3|UTP4|UTP6|WDR12|WDR3|WDR36|WDR46|WDR55|WDR74|WDR75|YBEY|EIF4A3|EXOSC10|FRG1|GEMIN4|SUV39H1|RRS1|KAT2B|LSM6|METTL16|MPHOSPH10|MTREX|DKC1|ERCC2|EXOSC3|EXOSC6|USP36|GTPBP4|DCAF13|NSUN3|ABT1|BOP1|BRIX1|EIF6|MRM2|MTERF4|NOP2|PIH1D1|PIH1D2|PWP2|RPF2|AK6|RPL5|TFB1M|RPS14|TFB2M|WDR18|RPS27,https://www.gsea-msigdb.org/gsea/msigdb/human/geneset/GOBP_RRNA_PROCESSING,218,ENR,GOBP_RRNA_PROCESSING,2.1756000000000002,0,GOBP_RRNA_PROCESSING,FALSE,GOBP_RRNA_PROCESSING
7,2.7212463990471698,2.7212463990471698,2.7212463990471698,1,0.13519999999999999,0,0,DLG1|COL5A2|BBS4|ZDHHC16|RDH10|RDH13|RPE65|PAX6|OSR2|MYOM1|MYOM2|SPRY1|HMGB1|SPRY2|PBX3|PITX3|EPHA2|GNGT1|RHO|PER2|MDM1|CASP2|DRD2|MFN2|POC5|USP45|SOX11|PRDM1|DLX1|DLX2|NDP|DIO3|NOTCH2|PLAAT1|PLAAT3|RD3|RPGRIP1L|MYF5|CYP1A1|GPD2|SKI|ATOH7|BBS1|DSCAM|SIX5|MAF|CPAMD8|FOXL2|HMGN1|MAB21L1|SALL2|BMP6|NTRK3|OPN4|SLC44A4|TMEM135|SEMA3A|MED1|RS1|ARHGEF15|WNT9A|TGIF2|WNT7B|SLC17A8|ACTL6A|NF2|PAX2|RAB11FIP4|MFSD8|SMG9|CACNA1C|SHH|GNAT2|NTRK2|CDK20|PHACTR4|SCO2|CC2D2A|SLC25A25|EGFR|FAT3|ZHX2|RAB18|JUN|FGF10|MITF|CABP4|DZANK1|MFRP|C3|CNTF|NRL|OLFM3|RPGRIP1|SAMD11|SDK2|CRYBA1|DLL1|EFEMP1|PRKCI|CELF4|BIRC7|SIPA1L3|HIPK1|PXDN|TSKU|TWSG1|ATP2B4|GRM6|SERPINF1|ATP8A2|CDKN1C|VSX1|DLL4|IFT172|TTC8|PAX4|SMARCA4|WDR19|SMARCD3|C1QA|FBN1|SDK1|PBX1|B3GLCT|NIPBL|TBC1D20|TULP3|MEIS1|TWIST1|BMPR1B|SIX3|SOX2|GNAT1|INTS15|GNB1|JMJD6|YY1|TBX2|ACVRL1|ADAMTS18|JAG1|ADAMTS9|TFAP2A|CDKN1B|ARSG|PTPRM|CTNNB1|RHOJ|AQP1|AQP5|HES1|GRN|USH1C|VAX2|MYO7A|NAGLU|NKD1|STAT3|MIP|WNT6|TGFB1|NOTCH1|FGF2|NRP1|WNT7A|CEP290|PDGFRA|CRYAB|SCAPER|PPP1R13L|B9D1|FREM2|TBC1D32|TMEM231|NEUROD1|COL4A1|NFIB|PRPH2|SLC6A3|BSG|RBP4|KLF4|TRAF3IP1|FKRP|PKNOX1|FRS2|SOX9|NR2E1|NR2E3|BMP4|HIF1A|FOXF2|HESX1|FZR1|PITX2|POU4F1|PTF1A|RARB|RARG|FGF9|RORB|WNT5B|GLI3|IFT122|TGIF1|THRB|PDGFRB|SPRED1|SPRED2|SPRED3|HDAC1|SLC39A5|PSEN1|MAB21L2|BCAR3|CDON|LIM2|FOXC1|MYH10|CLDN19|NECTIN1|AGTPBP1|MEIS2|NFIA|VEGFA|PRICKLE1|PROX1|BAK1|BAX|BMPR2|BCL2|FLT1|SLC38A8|MEGF11|ARL6|GATA3|SOX4|PDE6A|CLN8|FZD4|PDE6B|PDE6C|NEUROD4|TTLL5|TMEM215|CALB1|ROM1|CLDN3|CLIC4|RING1|FOS|HPCA|STRA6|ITGAM|WT1|WNT2B|WNT9B|AHI1|LARGE1|NECTIN3|HES5|NF1|RAB3GAP1|SKIL|ABCB5|FOXP2|RAX|P2RY12|IHH|KDR|SMOC1|VIM|CITED2|GRHL2|MAN2A1|NES|MFAP5|PYGO2|WNT16|CHD7|SLC1A1|SH3PXD2B|LCTL|GPM6A|RCN1|EPHB1|TGFBR1|TMOD1|BMP7|SOS1|SLITRK6|GDF3|SOX8|LRP5|TGFB2|IRX5|RPL24|THY1|ABI2|LAMC3|TENM3|LHX2|TMEM132E|XRN2|MYH15|PBX2|ATF4|ATF6|RRM1|WNT5A|PPP2R3A|BBS10|SAMD7|PBX4|BBS7|BLOC1S3|CHRDL1|SMAD3|MEIS3|CTNS|FBN2|FJX1|TDRD7|MTNR1B|ELP6|DTNBP1|EPHB2|ANGPTL7|IMPG2|SLC17A6|SOX12|FKBP8|SLC17A7|SRF|BFSP1|BFSP2|FZD5|CRYGB|PFDN5|TFAP2B|FAT1|ZEB1|DRAM2|HSF4|LIMK2|RAB37|CRYBA2|ACHE|CRYBA4|UNC45B|CRYBB1|ACVR2B|CRYBB2|CRYBB3|RPGR|CRYBG3|CRYGN|CRYGS|FOXC2|NHS|WNT2|TCIRG1|MFAP2|SHROOM2|FASLG|COL8A2|OPN5|MERTK|SP3|HCN1|KDM5B|GDF11|DCX|ARHGAP35|CRX|HIPK2|COL8A1|KERA|KRT12|PRSS56|IFT140|ZNF513|SLC4A5|COL5A1|LAMA1|TGFBR2|GRHL3|INHBA|LAMB2|ISL1|RP1|HDAC2|ZEB2|RARA|ULK2|TH|CRYGD|WDPCP|CRB1|CRB2|CYP1B1|BCL11B|STAU2|FOXN4|LHX1|NPHP4|SOX1|PROM1|RP1L1|FSCN2|TSPAN12|TUB|TULP1|ALDH1A2|ALDH1A3|VSTM4|CLCN2|LPCAT1|KDM2B|MTERF4|VAX1|C12ORF57|VSX2|CACNA1S|NPHP1|MFSD2A,https://www.gsea-msigdb.org/gsea/msigdb/human/geneset/GOBP_SENSORY_SYSTEM_DEVELOPMENT,427,ENR,GOBP_SENSORY_SYSTEM_DEVELOPMENT,3.2534000000000001,0,GOBP_SENSORY_SYSTEM_DEVELOPMENT,FALSE,GOBP_SENSORY_SYSTEM_DEVELOPMENT
15,2.0705810742857098,2.0705810742857098,2.0705810742857098,0.99150000000000005,0.2223,6.7400000000000002E-2,1,PPARG|ITGB3|CFLAR|TNFRSF1A|ZNF469|CARMIL2|PDPN|CST3|AGT|FSCN1|COL6A1|FAP|EFEMP2|RGCC|SMAD3|LAMA1|LAMC1|LAMA2|LAMB1|LAMB2|TGFBR3|MELTF|TNXB|NID1|CLASP1|CLASP2|SMAD4|STAT3|TIE1|LRP1|ANGPTL7|TGFB1|NOTCH1|DDR2|ABL1|FGFR4|DPP4|RECK|AEBP1|SLC2A10|TNFRSF1B|CHADL|EMILIN1|AXIN2|RIC1|ADTRP|DDR1|IER3IP1|TGFBR1|TIMP3|ANTXR1|IL6|BMP2|COLGALT1|RUNX1|RB1|TCF15|HAS2|SOX9|PRDM5|TGFB2,https://www.gsea-msigdb.org/gsea/msigdb/human/geneset/GOBP_REGULATION_OF_EXTRACELLULAR_MATRIX_ORGANIZATION,61,ENR,GOBP_REGULATION_OF_EXTRACELLULAR_MATRIX_ORGANIZATION,1.9974000000000001,8.5000000000000006E-3,GOBP_REGULATION_OF_EXTRACELLULAR_MATRIX_ORGANIZATION,FALSE,GOBP_REGULATION_OF_EXTRACELLULAR_MATRIX_ORGANIZATION
18,2.2291479883578602,2.2291479883578602,2.2291479883578602,0.99409999999999998,0.28179999999999999,9.7699999999999995E-2,1,SEMG2|ADAM7|ROPN1|ROPN1L|CCR6|SLC22A14|CATSPER2|CATSPER3|IQCF1|SLC26A3|CATSPER4|TCP11|BSPH1|SPINK1|CABYR|CATSPERD|CATSPERZ|CATSPERE|EFCAB9|CFTR|ELSPBP1|ROPN1B|DEFB1|PAEP|PRKACA|PCSK4|SLC26A6|ABHD2|TMPRSS12|DLD|SEMG1,https://www.gsea-msigdb.org/gsea/msigdb/human/geneset/GOBP_SPERM_CAPACITATION,31,ENR,GOBP_SPERM_CAPACITATION,1.9016,5.8999999999999999E-3,GOBP_SPERM_CAPACITATION,FALSE,GOBP_SPERM_CAPACITATION
12,2.2076083105017501,2.2076083105017501,2.2076083105017501,0.99380000000000002,0.36670000000000003,9.7500000000000003E-2,1,FAM170B|PKDREJ|SERPINA10|SPINK13|ZP2|B4GALT1|PRSS37|ZP4|CACNA1H|PLB1|IQCF1|GLRA1|PLCB1|HVCN1|PLA2G10|SPINK1|CRISP1|ZP3|CCDC87,https://www.gsea-msigdb.org/gsea/msigdb/human/geneset/GOBP_REGULATION_OF_ACROSOME_REACTION,19,ENR,GOBP_REGULATION_OF_ACROSOME_REACTION,1.9009,6.1999999999999998E-3,GOBP_REGULATION_OF_ACROSOME_REACTION,FALSE,GOBP_REGULATION_OF_ACROSOME_REACTION
14,2.7212463990471698,2.7212463990471698,2.7212463990471698,1,0.2107,3.6700000000000003E-2,0.97899999999999998,CACNG4|CACNG5|CACNG8|ADORA2A|TPRG1L|UNC13A|PLPPR4|CCR2|HTR2A|HCN1|GRM7|NTRK1|ATP1A2|RNF167|SERPINE2|DRD1|CLN3|DRD3|DKK1|DISC1|OPHN1|MEF2C|SLC38A2|GRIN2B|GRM1|GRIN2D|GRM5|HDAC6|FXR1|GRM6|PSEN1|HOMER1|SYT1|TSHZ3|TNF|MAPK8IP2|UCN|FRRS1L|RAB3GAP1|GRIN2A|GRIN2C|KMO|DTNBP1|PRKN|NLGN3|PTK2B|DRD2|RELN|ADORA1|CACNG3|IQSEC2|NLGN1|NLGN2|NRXN1|ATAD1|GRIN1|SHANK3|CACNG2|CDK5|TNR|GRIK1|GRIK2|LRRK2|NPY2R|STXBP1|GRIK3|GRM2|CCL2|GRM3|CACNG7|GRM4|GRM8,https://www.gsea-msigdb.org/gsea/msigdb/human/geneset/GOBP_REGULATION_OF_SYNAPTIC_TRANSMISSION_GLUTAMATERGIC,72,ENR,GOBP_REGULATION_OF_SYNAPTIC_TRANSMISSION_GLUTAMATERGIC,2.1505999999999998,0,GOBP_REGULATION_OF_SYNAPTIC_TRANSMISSION_GLUTAMATERGIC,FALSE,GOBP_REGULATION_OF_SYNAPTIC_TRANSMISSION_GLUTAMATERGIC
,2.3979400086720402,2.3979400086720402,2.3979400086720402,0.996,0.18490000000000001,4.9799999999999997E-2,0.998,BMP4|REST|FOXA1|VWC2L|NEUROD2|NCOA1|UPF3B|DMD|EPO|NGF|BCL6|ZC4H2|CPNE1|TCF4|ATOH1|BNIP2|SOCS2|IMPACT|TGIF1|MAP1B|DKK1|NKX6-1|RHOA|SH3GL3|ARHGEF2|MEF2C|ECT2|BMP6|HMG20B|GATA2|S100B|GPRC5B|CXCL12|LIN28A|NBL1|BRINP1|EIF4G1|CYB5D2|TRIM32|GDPD5|ADRA2B|ADRA2C|NKX2-5|ASCL1|HOXD3|VWC2|BRINP2|HEYL|BRINP3|CDON|IRX3|RARA|TGIF2|FEZF1|FOXG1|FGF2|FGFR1|DAB1|GDF5|ETV5|DUOXA1|GDF6|ZEB1|TCF12|PROX1|NEUROD1|GDF7|SOX11|SPAG9|APP|NEUROG3|DLX1|DLX2|RNF112|NAP1L2|NRCAM|BMP7|KCTD11|BEND6|BMP2|MMD|SIN3A|SHOC2|FGF20|TCF3|PCP4|TRPC5|TRPC6,https://www.gsea-msigdb.org/gsea/msigdb/human/geneset/GOBP_POSITIVE_REGULATION_OF_NEURON_DIFFERENTIATION,88,ENR,GOBP_POSITIVE_REGULATION_OF_NEURON_DIFFERENTIATION,2.0775000000000001,4.0000000000000001E-3,GOBP_POSITIVE_REGULATION_OF_NEURON_DIFFERENTIATION,FALSE,GOBP_POSITIVE_REGULATION_OF_NEURON_DIFFERENTIATION
1,2.7212463990471698,2.7212463990471698,2.7212463990471698,1,0.2492,0,0,ODAD4|ADCY10|CCR6|CFAP206|SPEM3|STK36|CFAP298|TSSK4|CFAP45|CLXN|CYB5D1|DRC1|BBS4|IQCF1|IRGC|IQUB|ODAD2|RSPH4A|PGAM4|CEP131|ROPN1B|CFAP221|CFAP54|DEFB1|DNAH9|SPAG16|TLE6|DZIP1|EPPIN|CFAP126|CFAP161|DNAAF2|CFAP46|CFAP70|CFAP91|HOATZ|LRRC23|OFD1|SPACA9|UBE2B|KLC3|TEKT1|TEKT4|TEKT5|TTC29|JHY|TACR2|DNAI3|STARD7|KATNIP|PLA2G3|TUBA1A|DYNC2H1|CCDC159|CEP128|CFAP119|CFAP157|CFAP47|CFAP53|TAC4|CFAP57|RNASE10|CFAP61|CFAP65|CFAP97D1|DNAH1|CABS1|DNAI1|DNALI1|CFAP107|DNHD1|CFAP141|DRC7|CFAP144|MEIG1|CFAP210|TTC12|CFAP251|TTLL5|CFAP276|SEMG1|ZMYND12|CFAP68|SEMG2|CFAP77|CFAP90|CFAP95|CIMAP1A|DAW1|CIMIP2A|PACRG|CIMIP2C|DNAH10|BBOF1|DNAH14|BBS1|DNAH3|BBS2|DNAH6|TAC1|EFCAB6|GARIN2|CCDC39|KIF9|CCDC88C|RIBC1|RIBC2|SAXO4|SPMIP10|SPMIP11|SPMIP6|SPMIP8|TEKTIP1|TEKTL1|TTLL9|GAS2L2|INTS13|ARMC2|CCDC146|ING2|CFAP43|CFAP44|DNAH5|DPCD|KIF27|TSSK6|SLC22A14|RSPH6A|CATSPER1|CATSPER2|CATSPER3|CATSPER4|SEPTIN4|SPEF1|SPAG17|ARMC12|PRSS55|SPA17|TEX101|DDX4|APOB|PRDM14|TACR1|CFAP20|TPPP2|ARMC3|EFHC1|ATP1A4|CELF3|TTLL3|TTLL6|TTLL8|CABYR|CATSPERD|CATSPERE|EFHB|EFCAB9|CFAP69|ATP2B4|SLIRP|VDAC3|CEP78|RFX3|ADAM7|PLTP|AQP4|HYDIN|AKAP3|CFAP58|CELSR2|IFT81|SPEF2|MKKS|TTC21A|CCDC38|NEK10|SLC9B1|SLC9B2|TTLL1|SLC9C1|CFAP100|CFAP73|DNAAF5|DNAAF6|DNAH2|DNAH7|TEKT2|LZTFL1|GARIN3|KIAA0319L|PDCL2|PIERCE1|PFN4|CCNYL1|TPGS1|ROPN1|ROPN1L|POC1B|ASH1L|CCDC40|DNAI4|DNAAF1|NEURL1|SMCP|TEKT3|VPS13A|CAMSAP3|CWH43|YIF1B|CATSPERZ|DNAAF4|QRICH2|TUBB4B|SORD|TMEM232|EFHC2|CFAP52|DNAI2|ENKUR|MNS1|PIERCE2|ODAD3|LDHC|TMF1|NME5|NME7|RSPH9|TBC1D21|SPAG6|SPAG8|LRRC46|DNAAF3|GMNC|NME8|ZMYND10|CCDC63|DNAH17|DNAH8|ODAD1|NPHP3|INPP5B|NPHP4|DNAH11|TAC3|TACR3|NHERF1|SLC22A16|ADCY3|VANGL1|GAPDHS|DNAAF11|FSIP2,https://www.gsea-msigdb.org/gsea/msigdb/human/geneset/GOBP_CILIUM_MOVEMENT,252,ENR,GOBP_CILIUM_MOVEMENT,4.6406000000000001,0,GOBP_CILIUM_MOVEMENT,FALSE,GOBP_CILIUM_MOVEMENT
,2.2218487496163601,2.2218487496163601,2.2218487496163601,0.99399999999999999,0.23649999999999999,6.13E-2,1,GRP|ANKFN1|NEUROD2|PRKAR1B|GRM7|PDE8B|ATP1A2|COMT|DEAF1|DRD1|LARGE1|DRD4|NPAS2|MEF2C|MDK|ADRA2A|GRPR|HTR1A|VDAC3|EXT1|PENK|MAPK8IP2|BRINP1|EIF4G1|RPS6KB1|UCN|ALS2|CRH|EPHB2|DBH|ASIC4|GABRA5|VDAC1|DPP4|SLITRK4|EIF4E|SLC1A1|HTR2C|ADRB1|GNG7|BCL2|KCTD16|FBXL20|LYPD1|RAG1|ASIC1|GRIK2|NPY2R|MORC1|APOE|NR2E1|MECP2|USP46,https://www.gsea-msigdb.org/gsea/msigdb/human/geneset/GOBP_FEAR_RESPONSE,53,ENR,GOBP_FEAR_RESPONSE,2.0209999999999999,6.0000000000000001E-3,GOBP_FEAR_RESPONSE,FALSE,GOBP_FEAR_RESPONSE
,2.3767507096021001,2.3767507096021001,2.3767507096021001,0.99580000000000002,0.2354,5.8599999999999999E-2,0.999,ALAD|TMEM14B|ALAS1|CITED1|PMEL|CPOX|GIPC1|UROS|ATP5IF1|RAB38|MC1R|ATP7A|RAPGEF2|WNT5A|PGRMC1|RPE65|APPL1|COX10|DCT|COX15|SLC7A11|CTNS|ABCB10|CDH3|ABCB7|TSPO|TYRP1|FLVCR1|ZEB2|MFSD12|SLC11A2|OCA2|DDT|FXN|SLC45A2|GPR143|TMEM14A|TYR|NFE2L1|ABCB6|IREB2|SLC25A38|SLC25A39|ALAS2|TMEM14C|ASIP|TRPC1|OPN3|SLC24A5|SLC6A9|FECH|HMBS|PPOX|SRRD|UROD|IBA57,https://www.gsea-msigdb.org/gsea/msigdb/human/geneset/GOBP_PIGMENT_BIOSYNTHETIC_PROCESS,56,ENR,GOBP_PIGMENT_BIOSYNTHETIC_PROCESS,2.0375999999999999,4.1999999999999997E-3,GOBP_PIGMENT_BIOSYNTHETIC_PROCESS,FALSE,GOBP_PIGMENT_BIOSYNTHETIC_PROCESS
7,2.7212463990471698,2.7212463990471698,2.7212463990471698,1,0.1656,4.0000000000000001E-3,0.17100000000000001,IRX5|MFRP|BMP4|CNTF|NRL|HIF1A|OLFM3|THY1|ABI2|FOXF2|RPGRIP1|PITX2|SAMD11|SDK2|TENM3|DLL1|PTF1A|RARB|EFEMP1|RARG|RORB|COL5A2|GLI3|BBS4|IFT122|PRKCI|ATF4|THRB|WNT5A|PPP2R3A|BBS10|RDH13|HIPK1|SAMD7|TSKU|PAX6|PITX3|FBN2|EPHA2|FJX1|GNGT1|RHO|TDRD7|ATP8A2|BCAR3|VSX1|CDON|EPHB2|IMPG2|SOX12|NECTIN1|AGTPBP1|FZD5|CRYGB|TFAP2B|FAT1|IFT172|TTC8|ZEB1|VEGFA|MFN2|PROX1|POC5|BAK1|BAX|RAB37|SOX11|BCL2|MEGF11|PRDM1|RPGR|ARL6|FBN1|SDK1|NDP|DIO3|WNT2|NOTCH2|NIPBL|TBC1D20|MEIS1|SOX4|MFAP2|SHROOM2|TWIST1|FASLG|RPGRIP1L|SIX3|PDE6C|COL8A2|GNAT1|YY1|TBX2|SKI|TMEM215|CALB1|SP3|JAG1|ROM1|HCN1|RING1|GDF11|STRA6|DSCAM|ADAMTS9|WNT2B|AHI1|LARGE1|HIPK2|TFAP2A|COL8A1|FOXL2|HMGN1|NECTIN3|PTPRM|CTNNB1|AQP1|AQP5|COL5A1|NF1|RP1|USH1C|RS1|WNT9A|IHH|KDR|VAX2|CITED2|MYO7A|NAGLU|NKD1|STAT3|MAN2A1|NOTCH1|FGF2|MFAP5|TH|WNT16|CEP290|PAX2|SLC1A1|CRB1|CRB2|LCTL|STAU2|FOXN4|LHX1|EPHB1|SOX1|PROM1|GNAT2|NTRK2|FSCN2|PHACTR4|TSPAN12|TULP1|ALDH1A3|RBP4|BMP7|FAT3|ZHX2|KDM2B|C12ORF57|VSX2|FRS2|SOX9|CABP4|NR2E3|SOX8|DZANK1|LRP5|MFSD2A,https://www.gsea-msigdb.org/gsea/msigdb/human/geneset/GOBP_EYE_MORPHOGENESIS,172,ENR,GOBP_EYE_MORPHOGENESIS,2.5969000000000002,0,GOBP_EYE_MORPHOGENESIS,FALSE,GOBP_EYE_MORPHOGENESIS
2,2.7212463990471698,2.7212463990471698,2.7212463990471698,1,0.2382,6.1000000000000004E-3,0.29799999999999999,BMP4|MYC|DCHS1|WNT11|CITED1|SIX1|WNK4|DLG1|NPNT|GLI3|LGR4|TCF21|HOXB7|HS2ST1|WT1|WNT2B|HS3ST3A1|WNT9B|AHI1|HS3ST3B1|AGT|FOXD1|LAMA5|MAGED1|MEF2C|CTNNBIP1|MTSS1|PKD1|GDNF|WNT1|CTNNB1|KIF26B|GZF1|HES1|HOXA11|HES5|TMEM59L|HNF1B|SIX4|LZTS2|SMAD4|SALL1|GPC3|IRX1|IRX2|SIX2|IRX3|SMO|WNT6|TGFB1|FGF2|HOXD11|PTCH1|PAX2|OSR1|PAX8|VEGFA|ADAMTS16|PKD2|KLHL3|AGTR2|GREB1L|LHX1|BCL2|SHH|COL4A1|FGF1|GATA3|NOG|PBX1|TACSTD2|LGR5|GREM1|BMP2|EYA1|WNT4|C1ORF54|FGF8|SOX9|SOX8|ILK,https://www.gsea-msigdb.org/gsea/msigdb/human/geneset/GOBP_RENAL_TUBULE_MORPHOGENESIS,81,ENR,GOBP_RENAL_TUBULE_MORPHOGENESIS,2.5089000000000001,0,GOBP_RENAL_TUBULE_MORPHOGENESIS,FALSE,GOBP_RENAL_TUBULE_MORPHOGENESIS
,2.3872161432802601,2.3872161432802601,2.3872161432802601,0.99590000000000001,0.12659999999999999,5.7700000000000001E-2,0.999,CDH1|HESX1|NEUROD2|CLDN1|NEK7|CAPN3|TRPM2|IQGAP1|CPNE1|INHBB|GLRA1|ATF4|B2M|WNT5A|RASGRP2|KCNA1|CCNB1|CRHBP|MYOG|ECT2|GSK3A|PRKAA2|SLC34A1|ADGRV1|CREB1|DAXX|GUCA1A|GUCA1ANB-GUCA1A|CER1|HFE|EIF2AK3|SERPINF1|HVCN1|KCNJ10|MT3|JUNB|EIF2S1|SLC11A1|RYR1|DLG2|RYR3|ZNF658|AQP2|GABRB3|SCN5A|DPEP1|NFE2L1|HMOX1|TFR2|ABCB6|ID2|GLRA2|PKD2|ATP13A2|RASA4|LIG4|MAP1LC3A|NLGN1|MCOLN1|NRXN1|KCNK3|TIGAR|TUBA1A|BNIP3|BRAF|DLG4|MT1A|MT1B|MT1E|MT1F|MT1H|UCP2|ANK3|MT1M|MT1X|MT2A|HSP90B1|MT4|PPP5C|CYP1A1|PLCG2|NFATC2|ALOX15|ALAD|ADD1|BECN1|ASPH|BACE1|CLIC4|FOS|TF|CACYBP|HPCA|EDN1|ENDOG|CPNE3|KCNB1|LGMN|PPIF|XRCC4|JUND|SUMO1|EEF2K|TFAP2A|MEF2C|CDKN1B|SLC25A23|BMP6|SNCA|SYT1|AQP1|MT1G|NFE2L2|SMPD1|FOSB|SMPD3|CYBB|PRNP|HSD17B1|P2RX4|CARF|CPNE2|TSPO|CPNE4|MICU2|CPNE7|MICU3|CPNE8|PARP1|KCNH1|PRKN|ACER1|SLC13A2|SLC13A5|AKR1C3|ABCC9|MEF2A|SLC25A24|TLR9|CYP1A2|MICU1|FABP4|SLC1A1|ALOX5AP|SLC25A39|HSF1|SLC39A8|SLFN14|SLC41A1|MTF1|NFATC4|APP|SHH|CPNE5|CPNE6|CPNE9|NCSTN|CEBPA|ITPKA|ITPKB|KCNQ3|ITPKC|NPTX1|ADCY1|FBP1|SLC12A2|CACNA1H|CALR|LRRK2|ADCY7|ADCY8|CHP2|CYP11B1|JUN|PRKAA1|SOD1|STK39|RASA4B|RASAL1|CAMK2D,https://www.gsea-msigdb.org/gsea/msigdb/human/geneset/GOBP_CELLULAR_RESPONSE_TO_METAL_ION,180,ENR,GOBP_CELLULAR_RESPONSE_TO_METAL_ION,2.0411999999999999,4.1000000000000003E-3,GOBP_CELLULAR_RESPONSE_TO_METAL_ION,FALSE,GOBP_CELLULAR_RESPONSE_TO_METAL_ION
13,2.2441251443275099,2.2441251443275099,2.2441251443275099,0.99429999999999996,0.13009999999999999,9.4700000000000006E-2,1,RBPMS2|CAV1|CHRDL2|ONECUT1|DKK3|PPARG|SKOR1|TNFAIP6|VWC2L|MTMR4|PMEPA1|CCN3|NKX2-1|OGT|LRRC32|FKBP1A|ING1|PPM1A|WFIKKN1|WNT5A|WFIKKN2|SPRED1|SPRED2|SPRED3|TWSG1|ACVR1|BRMS1L|SAP130|SAP30|SAP30L|CRKL|SINHCAF|HDAC1|SNX25|SPRY1|SPRY2|CHRDL1|CER1|DAND5|TGFBR3|CRIM1|FBN2|CDH3|BAMBI|LTBP1|GREM2|BRMS1|NRROS|OVOL2|CILP|EID2|FAM89B|LDLRAD4|UCMA|VEPH1|LRP1|ASPN|TET1|FST|SMAD7|ZNF451|SIRT1|SLC2A10|EMILIN1|PEG10|ERFE|SUDS3|SORL1|STRAP|TBX20|HTRA1|DLX1|FBN1|FSTL3|GLG1|NOG|TP53|GDF15|SFRP1|CAV2|GREM1|HSPA1A|RBBP4|CHST11|BCL9L|SKI|SOST|ONECUT2|SKOR2|CD109|SMURF1|SMURF2|HSPA5|VASN|DKK1|CHRD|MAGI2|SNX6|HIPK2|SPART|ZBTB7A|STUB1|NCLN|CIDEA|NOMO1|WNT1|DACT2|FZD1|NOMO3|NBL1|INTS9|UBE2D1|UBE2D3|SFRP2|LRP2|SKIL|SMAD6|HDAC2|FKBP1C|PPARA|VWC2|IGSF1|ING2|LEMD3|NOTCH1|PDPK1|XBP1|ABL1|GPR155|CTDSPL2|HJV|ADAM17|TMEM53|ENG|PBLD|ADAMTSL2|ARID4A|TOB1|ARID4B|HTRA3|HTRA4|PRDM16|TMPRSS6|IL17RD|MECOM|USP15|RASL11B|BMPER|TRIM33|BMP2|PIN1|SIN3A|RBBP7|GDF3|SOSTDC1,https://www.gsea-msigdb.org/gsea/msigdb/human/geneset/GOBP_NEGATIVE_REGULATION_OF_TRANSMEMBRANE_RECEPTOR_PROTEIN_SERINE_THREONINE_KINASE_SIGNALING_PATHWAY,155,ENR,GOBP_NEGATIVE_REGULATION_OF_TRANSMEMBRANE_RECEPTOR_PROTEIN_SERINE_THREONINE_KINASE_SIGNALING_PATHWAY,1.9080999999999999,5.7000000000000002E-3,GOBP_NEGATIVE_REGULATION_OF_TRANSMEMBRANE_RECEPTOR_PROTEIN_SERINE_THREONINE_KINASE_SIGNALING_PATHWAY,FALSE,GOBP_NEGATIVE_REGULATION_OF_TRANSMEMBRANE_RECEPTOR_PROTEIN_SERINE_THREONINE_KINASE_SIGNALING_PATHWAY
6,2.0043648054024499,2.0043648054024499,2.0043648054024499,0.99009999999999998,9.6500000000000002E-2,9.3399999999999997E-2,1,NR5A1|BMP4|FEM1B|FOXA1|FOXF2|HESX1|PGR|SGPL1|PTX3|SRD5A1|RARG|SRD5A2|CSDE1|LHCGR|DLG1|FGF9|NPPC|NTRK1|NKX2-1|DHX37|TCF21|RDH10|PCYT1B|CEBPB|PSAPL1|COL6A1|NUP107|KLHL10|PKD1|CRKL|SERPINB5|NKX3-1|AFP|IGF1|INSR|UBB|HSD17B3|LHB|SOX15|LEP|SIX4|SRC|SALL1|CYP19A1|H3-3A|VGF|CYP7B1|H3-3B|FOXC1|IDH1|CASP2|PTCH1|FST|VEGFA|SCX|MSH2|NPR2|RETN|ESR1|AR|BAK1|BAX|CGA|FER|BCL2|BCL2L1|NHLH2|BCL2L11|BCL2L2|BIK|GATA3|BOK|NR2F2|TBX3|NASP|TESC|FZD4|GDF9|ADAM15|NDUFS6|FGFR2|EIF2B2|NUPR1|EAF2|GNRH1|STRA6|KIT|LGR4|NOTCH4|KITLG|WDR77|WT1|WNT2B|FANCG|WNT9B|ANG|UBE2Q1|FOXL2|MMP14|MMP2|BMP6|ZNF830|LSM14B|SFRP2|REN|ZFP42|KDR|UBE3A|CITED2|ING2|MMP19|CSMD1|SLIT3|CHD7|RAC1|IMMP2L|RHOBTB3|ADAM18|GREB1L|ADAM32|SHH|TGFBR1|ARID4A|ARID4B|GFRA1|YBX3|FSHR|NOS3|BMP7|SLIT2|DMRT1|ADAM20|ADAM21|SAFB2|STAT5B|ADAM29|ADAM30|FGF10|FGF8|HOXA13|LHX9|STAT5A|MAMLD1|MEA1|SOX8|RNF38|BCAS2|TGFB2|UTF1|IRX5|C3|FKBP4|CD2AP|HMGA2|PATZ1|TIFAB|AGO4|TNFAIP6|ASPM|GPR149|ERRFI1|LFNG|TLR5|RXFP2|INHBB|RRM1|WNT5A|RAB13|EIF2B4|ZP3|CCND1|FNDC3A|NUP210L|CASP3|TYRO3|ADAMTS1|PRDX4|FLNA|GATA1|PTPN11|TFAP2C|HOXA10|KIF18A|HOXA11|HOXD13|HNF1B|EIF2B5|SERPINF1|BRCA2|ADGRG1|BRIP1|CDKN1C|MYOCD|DMC1|NCOA4|OSR1|PSAP|BASP1|PLAG1|SIRT1|HMGB2|GAS2|SMARCC1|MKKS|WDR19|ACE|TAF4|NOG|ANTXR2|HOXA9|PLEKHA5|ATN1|NIPBL|SPATA22|ZFPM2|TBC1D20|CBL|SFRP1|STK11|SYCP2|BMPR1B|SIX3|WDR48|CRIP1|ALOX15B|REC8|UMODL1|MERTK|ATM|TP63|HSD17B4|ASH1L|PTPRN|ATRX|NCOA1|AXL|SPO11|KDM5B|HOXB13|SERPINE2|AMH|PRLR|NRIP1|DMRTA1|CDKN1B|CCNO|ABCB1|DNAJC19|CTNNB1|ID4|ODAD3|HYAL3|INHA|INHBA|LRP2|TMF1|ASB1|SMAD4|GATA4|ERCC1|PPP1R9B|EREG|GATA6|TIPARP|RARA|NOTCH1|AKR1C3|NR5A2|TLR3|WNT7A|DNAAF3|PDGFRA|GLI1|SCAPER|TLR9|GMNC|DHH|FANCA|PLEKHA1|ACVR2A|ROBO2|GDF7|LHX1|SPATA2|AMHR2|TNC|EIF2S2|FANCE|MSH4|BMP5|FOXO3|RBP4|CTNNA1|MCIDAS|WNT4|ZFY|NR0B1|SOD1|ADAM2|FRS2|SOX9|SULF1|TEX11|ARID5B|DHCR24|DNAAF11|TEX19,https://www.gsea-msigdb.org/gsea/msigdb/human/geneset/GOBP_REPRODUCTIVE_SYSTEM_DEVELOPMENT,307,ENR,GOBP_REPRODUCTIVE_SYSTEM_DEVELOPMENT,1.9113,9.9000000000000008E-3,GOBP_REPRODUCTIVE_SYSTEM_DEVELOPMENT,FALSE,GOBP_REPRODUCTIVE_SYSTEM_DEVELOPMENT
2,2.7212463990471698,2.7212463990471698,2.7212463990471698,1,0.25430000000000003,2.93E-2,0.94499999999999995,BMP4|CAV3|MAP3K13|SIX1|FGFR2|LGR4|HOXB7|WNT5A|FGF7|WNT2B|AGT|FKBPL|PDGFA|BCL11A|MAGED1|MDK|GDNF|HGF|CTNNB1|HOXD13|TNF|SIRT6|SIX4|CTNND1|PHB2|SHOX2|SIX2|SMO|TGFB1|ABL1|FGF2|FGFR1|ETV5|PAX8|VEGFA|SNAI2|BTBD7|ESR1|AGTR2|AR|RTN4|LHX1|SHH|NOG|NTN4|WNT2|TACSTD2|SFRP1|BMP7|GREM1|LRRK2|FGF10|SOX9|SULF1|SOX8,https://www.gsea-msigdb.org/gsea/msigdb/human/geneset/GOBP_REGULATION_OF_MORPHOGENESIS_OF_A_BRANCHING_STRUCTURE,55,ENR,GOBP_REGULATION_OF_MORPHOGENESIS_OF_A_BRANCHING_STRUCTURE,2.2078000000000002,0,GOBP_REGULATION_OF_MORPHOGENESIS_OF_A_BRANCHING_STRUCTURE,FALSE,GOBP_REGULATION_OF_MORPHOGENESIS_OF_A_BRANCHING_STRUCTURE
5,2.7212463990471698,2.7212463990471698,2.7212463990471698,1,0.2293,0,0,TRIM16|CASP14|UGCG|VDR|POU3F1|PRKCH|ERRFI1|ZFP36L1|KRT16|DSP|KRT2|WNT5A|PPHLN1|KRT3|IRF6|KRT4|SFN|SHARPIN|CASP3|PAX6|KRT6C|KRT7|KRT72|KRT73|KRT74|KRT77|RBPJ|KRT78|TFAP2C|KRT79|KRT80|KRT81|KRT82|KRT85|KRT86|EPHA2|CDH3|EVPL|KRT10|TCHH|KRT76|DSG4|FOXN1|OVOL2|GRHL1|KRT83|FOXC1|STK4|AQP3|TXNIP|MACROH2A1|PALLD|KDF1|HRNR|PIP5K1A|KLK5|POU2F3|SRSF6|KRT6A|LCE3A|CSTA|MACROH2A2|SAV1|MAFB|PLAAT4|TGM1|HOXA7|IL17A|ZFP36|ALOX15B|ADAM9|FLNB|ETV4|KRT5|SPRR5|EXPH5|SCEL|ZBED2|TP63|JAG1|CLIC4|KRT75|FOSL2|CD109|LATS1|LATS2|DNASE1L2|TMEM79|NUMA1|CYP26B1|EZH2|EXTL3|CDKN1A|INTU|CNFN|SGPP1|KAZN|LCE1C|LCE1E|IVL|LCE3D|LCE3E|IFT74|KRT36|SPRR2B|KRT84|SPRR2D|SPRR2F|SPRR2G|MAP2K1|MED1|PPL|NME2|SPRR3|SLC39A2|KRT1|KRT6B|TSG101|EREG|GRHL2|ACER1|PKP1|ST14|NOTCH1|ABCA12|AKR1C3|WNT16|CDSN|ASAH1|MSX2|YAP1|IL20|CERS3|BCL11B|CYP27B1|ROCK1|CDKN2A|REG3G|S100A7|ANXA1|OPN3|PLEC|FLG|KRT17|PPP3CA|BCR|LORICRIN|SPRR1A|SPRR1B|NFKBIZ|SPRR2E|TGM3|LIPK|LIPM|ROCK2|LIPN|KRT14|NCOA3,https://www.gsea-msigdb.org/gsea/msigdb/human/geneset/GOBP_KERATINOCYTE_DIFFERENTIATION,158,ENR,GOBP_KERATINOCYTE_DIFFERENTIATION,3.2896999999999998,0,GOBP_KERATINOCYTE_DIFFERENTIATION,FALSE,GOBP_KERATINOCYTE_DIFFERENTIATION
2,2.7212463990471698,2.7212463990471698,2.7212463990471698,1,0.18729999999999999,2.3800000000000002E-2,0.89400000000000002,BMP4|MYC|WNT11|SIX1|RARB|DLG1|NPNT|GLI3|TCF21|ARG2|CAT|LAMA5|MAGED1|CTNNBIP1|PKD1|OSR2|SPRY1|SMAD3|CER1|GZF1|HOXA11|TMEM59L|HNF1B|SIX4|LZTS2|SALL1|SIX2|SMO|SMAD2|FOXC1|HOXD11|PTCH1|ZBTB16|OSR1|SMAD7|BASP1|SMAD5|VEGFA|ADAMTS16|PKD2|AGTR2|EPCAM|BCL2|FOXJ1|FOXC2|GATA3|NOG|PBX1|TACSTD2|SDC4|SFRP1|GREM1|ILK|DCHS1|CALB1|CITED1|FGFR2|GDF11|LGR4|HOXB7|HS2ST1|WT1|WNT2B|HS3ST3A1|WNT9B|HS3ST3B1|AGT|FOXD1|GDNF|WNT1|CTNNB1|KIF26B|SMAD1|HES1|REN|SMAD4|SMAD6|GPC3|WNT6|RARA|TGFB1|FGF2|FGFR1|CRLF1|PAX2|PAX8|SIM1|RET|ROBO2|GREB1L|LHX1|SHH|FGF1|BMPER|BMP7|SLIT2|BMP2|EYA1|WNT4|FGF10|FGF8|SOX9|SOX8,https://www.gsea-msigdb.org/gsea/msigdb/human/geneset/GOBP_MESONEPHROS_DEVELOPMENT,103,ENR,GOBP_MESONEPHROS_DEVELOPMENT,2.2437,0,GOBP_MESONEPHROS_DEVELOPMENT,FALSE,GOBP_MESONEPHROS_DEVELOPMENT
6,2.7212463990471698,2.7212463990471698,2.7212463990471698,1,0.2676,3.5999999999999999E-3,0.151,NR5A1|TNFAIP6|PGR|SGPL1|GPR149|PTX3|PTPRN|GABRB1|LHCGR|NCOA1|AXL|NCOR2|NPPC|GDF10|GNRH1|NOTCH4|AMH|NRIP1|ZP3|CASP3|MDK|TYRO3|ADAMTS1|MMP2|EGR1|ZNF830|PCNA|AFP|MSTN|INHBA|SERPINF1|LEP|EREG|MMP19|SLIT3|NOTCH1|NPY5R|NR5A2|CASP2|PDGFRA|ADNP|SCAPER|PTN|TGFB3|SIRT1|GAS2|NPR2|RETN|PLEKHA1|ESR1|ROBO2|CGA|OPRK1|NHLH2|CA12|FOXO3|FSHR|NOS3|SLIT2|SLC26A6|BMPR1B|FZD4|GDF9|STAT5B|HAS2|STAT5A|TGFB2,https://www.gsea-msigdb.org/gsea/msigdb/human/geneset/GOBP_OVULATION_CYCLE,67,ENR,GOBP_OVULATION_CYCLE,2.6122000000000001,0,GOBP_OVULATION_CYCLE,FALSE,GOBP_OVULATION_CYCLE
33,2.7212463990471698,2.7212463990471698,2.7212463990471698,1,0.2041,0,0,ODAD4|BMP4|FOXA1|WNT11|HESX1|PGR|PITX2|LIF|SIX1|HMGCS2|RARG|FGF9|GLI3|NKX2-1|DAG1|HIKESHI|DPPA4|PHEX|TCF21|ATP7A|TBX5|THRB|DLX5|EVA1A|RDH10|CDC42|PDGFA|LAMA5|COL6A1|NKX2-8|PKD1|CREB1|SPRY1|HMGB1|SPRY2|IGF1|RBPJ|RBBP9|PPP3R1|ITGB6|SIX4|ASCL1|ATXN1L|CIC|GNG8|ID1|PPP1CA|AP3B1|EDN2|VEGFA|MOSMO|SRSF6|PROX1|ADAMTS2|BMPR2|SOX11|CTSZ|FOXJ1|SELENON|STK40|BAG6|MME|SAV1|TBX4|RPGRIP1L|SKI|ASS1|ITGA3|FGFR2|PLOD3|ATXN1|FOSL2|THRA|STRA6|CCDC39|GSTCD|EPAS1|WT1|FGF7|WNT2B|CRISPLD2|MMP14|RSPO2|MMP12|TNF|SMPD3|FOXP2|KDR|TMEM38B|KRAS|CELSR1|GRHL2|MAN2A1|WNT7B|MAP2K2|MSX1|AIMP2|CHD7|CYP1A2|RPL13A|DISP1|SHH|FGF1|FGF18|LOX|SFTPD|NOS3|VANGL2|BMP2|FGF10|FGF8|TAB1|HMGA2|ERRFI1|PHF14|PKDCC|RAB3A|RXFP1|EDA|AGR2|MYCN|WNT5A|IGFBP5|NKIRAS1|NKIRAS2|FOXF1|ELK1|YWHAZ|SIM2|IL13|KLF2|DLG5|MYOCD|LOXL3|SPDEF|MAN1A2|SMAD2|SRF|ESRP2|FGFRL1|RC3H2|SEC24B|HYDIN|BASP1|IFT25|TGFB3|COL3A1|HOPX|TP73|SPEF2|RCN3|SMCHD1|ACVR2B|FBN1|NOG|HOXA5|WNT2|ZFPM2|TIMELESS|ABCA3|TULP3|CTSH|JMJD6|HHIP|TBX2|SP3|BLOC1S6|CCDC40|DNAAF1|ZIC3|PDPN|SLC23A1|HIPK2|HS6ST1|SREBF1|ANXA2|BMPR1A|CCBE1|MSC|CTNNB1|EXT1|SLC7A11|CHI3L1|HES1|LAMA1|TGFBR2|LIPA|MAP2K1|PTK7|FLT4|LHX3|HEG1|CRH|GPC3|GATA6|CLDN18|RARA|TGFB1|NOTCH1|ABCA12|FGF2|FGFR1|DNAAF3|PDGFRA|GLI1|GLI2|WDPCP|YAP1|LTBP3|LTA4H|NPHP3|ADAMTSL2|NFIB|NODAL|CEBPA|TNC|LEF1|ASXL1|HSD11B1|ALDH1A2|ADA|ALDH1A3|CCN2|EP300|RBP4|CLCN2|FKRP|MAPK1|MAPK3|SOX9,https://www.gsea-msigdb.org/gsea/msigdb/human/geneset/GOBP_RESPIRATORY_SYSTEM_DEVELOPMENT,230,ENR,GOBP_RESPIRATORY_SYSTEM_DEVELOPMENT,3.6231,0,GOBP_RESPIRATORY_SYSTEM_DEVELOPMENT,FALSE,GOBP_RESPIRATORY_SYSTEM_DEVELOPMENT
9,2.7212463990471698,2.7212463990471698,2.7212463990471698,1,0.38400000000000001,0,0,CASQ2|OR2AT4|OR2A4|KCNIP2|DRGX|RYR2|LPO|KCNK3|CALM3|OR51E2|P2RX2|PLCB2|SLC24A4|ASPH|SSC5D|LBP|LY96|SCARB1|NR4A1|OR1D2|RTP2|RTP3|RTP4|RTP5|ENG|GNAT2|SOD2|OR10A2|OR10A3|OR10A6|OR10AC1|OR10AG1|OR10D3|OR10G3|OR10G4|AZGP1|OR10G7|OR5AN1|TLR1|OR10H1|OR10H3|TLR2|OR10H5|OR10K1|TLR6|OR10K2|OR10Z1|OR11A1|OR11G2|OR11H4|OR13A1|OR13G1|OR14A16|OR14J1|OR14L1|OR1A1|OR1C1|OR1I1|OR1L6|OR1L8|OR1M1|OR2A1|OR2A12|OR2A14|CALM1|OR2A25|OR2A42|OR2A5|OR2A7|OR2AG1|OR2AG2|OR2AJ1|OR2AK2|OR2AP1|OR2B11|OR2B6|OR2C1|OR2C3|OR2D3|OR2F1|OR2G6|OR2H1|CYB5R4|OR2H2|OR2J1|OR2J2|OR2K2|OR2L13|OR2L2|OR2L3|OR2L5|OR2L8|OR2M3|OR2M4|OR2T10|OR2T11|OR2T12|OR2T2|OR2T6|SLC11A2|OR2T7|OR2T8|OR2V2|OR2W3|OR2Z1|OR3A1|OR3A2|OR3A3|OR4C11|OR4C6|OR4D1|OR4D10|OR4D2|OR4D9|OR4E1|OR4E2|OR4F15|OR4F17|TGFB3|OR4K1|OR4K13|OR4K17|OR4K2|OR4N2|OR4Q3|OR51A4|OR51A7|OR51B5|OR51D1|OR51E1|STIM1|OR51I1|OR51I2|OR51M1|OR52A1|OR52A5|OR52E4|OR52E5|OR52H1|OR52I2|OR52K1|C4B|OR52K2|OR52N1|OR52N2|OR52N4|OR52N5|NOD2|OR52P1|OR56A1|OR56A3|OR56A4|OR56B1|OR5A1|OR5AS1|ASIC3|OR5AU1|CA6|OR5B2|OR5B21|OR5H1|CST1|OR5H14|CST2|OR5K1|CST4|OR5M1|GNAT1|OR5P2|OR5P3|OR5V1|OR6A2|OR6B1|PIGR|OR6C1|PIP|OR6C2|PKD1L3|OR6C4|PKD2L1|OR6C6|OR6C74|TAS1R1|OR6C75|TAS1R2|OR6F1|TAS1R3|OR6J1|TAS2R1|OR6N1|TAS2R10|OR6N2|TAS2R13|OR6P1|TAS2R14|OR6Y1|TAS2R19|OR7A10|TAS2R20|OR7A17|TAS2R3|OR7A5|TAS2R30|OR7C1|TAS2R31|OR7D2|TAS2R39|OR7D4|TAS2R4|OR7G2|TAS2R42|OR8A1|TAS2R43|OR8B12|TAS2R46|OR8B8|TAS2R5|OR8D1|TAS2R50|OR8D4|TAS2R60|OR8G5|TAS2R9|TRPA1|OR8H1|TRPV1|OR8H2|CLEC7A|OR8J2|OR8J3|CALM2|OR8K3|OR9G1|OR9G4|OR9K2|EXTL3|OR9Q1|KCNMB2|OR9Q2|KCNMB4|FFAR4|SYT1|KCNMB1|OR10J1|KCNMB3|TREM2|TLR4|TLR9|OR10A4|CNGB1|CASR,https://www.gsea-msigdb.org/gsea/msigdb/human/geneset/GOBP_DETECTION_OF_CHEMICAL_STIMULUS,251,ENR,GOBP_DETECTION_OF_CHEMICAL_STIMULUS,7.0957999999999997,0,GOBP_DETECTION_OF_CHEMICAL_STIMULUS,FALSE,GOBP_DETECTION_OF_CHEMICAL_STIMULUS
33,2.7212463990471698,2.7212463990471698,2.7212463990471698,1,0.24529999999999999,3.8899999999999997E-2,0.98599999999999999,BMP4|FOXA1|PGR|LIF|BLOC1S6|ERRFI1|PHF14|FGFR2|PKDCC|ATXN1|FOSL2|NKX2-1|STRA6|TCF21|ATP7A|HS6ST1|IGFBP5|NKIRAS1|NKIRAS2|PDGFA|COL6A1|CREB1|FOXF1|MMP12|IGF1|SLC7A11|SMPD3|ITGB6|FLT4|FOXP2|MYOCD|KDR|ATXN1L|TMEM38B|CIC|GATA6|CLDN18|MAN2A1|MAN1A2|TGFB1|ABCA12|RC3H2|EDN2|TGFB3|HOPX|LTBP3|BMPR2|SELENON|FBN1|STK40|HOXA5|ASXL1|SFTPD|ADA|FGF10,https://www.gsea-msigdb.org/gsea/msigdb/human/geneset/GOBP_LUNG_ALVEOLUS_DEVELOPMENT,55,ENR,GOBP_LUNG_ALVEOLUS_DEVELOPMENT,2.1356000000000002,0,GOBP_LUNG_ALVEOLUS_DEVELOPMENT,FALSE,GOBP_LUNG_ALVEOLUS_DEVELOPMENT
8,2.6989700043360201,2.6989700043360201,2.6989700043360201,0.998,0.3856,2.0999999999999999E-3,0.08,NEDD4L|ITSN2|SYT17|UNC13A|RIMS2|SLC23A2|ATG16L1|CDKL3|SMURF1|LLPH|SPAG9|CPNE5|MUL1|CPNE6|BCL11A|CPNE9|SLC9A6|CYFIP2|SH3GL2|TMEM108|WASF1|PLAA|SYT1|SYT2|SYT3|OSTN|RNF157|STK11|CACNG7|RIMS1|AUTS2|RASAL1|SYT4|CYFIP1|PRKN,https://www.gsea-msigdb.org/gsea/msigdb/human/geneset/GOBP_DENDRITE_EXTENSION,35,ENR,GOBP_DENDRITE_EXTENSION,2.7027999999999999,2E-3,GOBP_DENDRITE_EXTENSION,FALSE,GOBP_DENDRITE_EXTENSION
1,2.7212463990471698,2.7212463990471698,2.7212463990471698,1,0.35589999999999999,5.7000000000000002E-2,0.999,SEMG2|TEX101|ADAM7|DEFB1|TAC3|TACR3|TPPP2|CCR6|CFAP206|TAC1|CLXN|IQCF1|IRGC|KIF9|TAC4|RNASE10|EPPIN|PRDM14|TACR2|PGAM4|TACR1|CFAP69|SEMG1,https://www.gsea-msigdb.org/gsea/msigdb/human/geneset/GOBP_REGULATION_OF_FLAGELLATED_SPERM_MOTILITY,23,ENR,GOBP_REGULATION_OF_FLAGELLATED_SPERM_MOTILITY,2.0457000000000001,0,GOBP_REGULATION_OF_FLAGELLATED_SPERM_MOTILITY,FALSE,GOBP_REGULATION_OF_FLAGELLATED_SPERM_MOTILITY
1,2.7212463990471698,2.7212463990471698,2.7212463990471698,1,0.3972,1.1000000000000001E-3,3.5000000000000003E-2,ODAD4|DAW1|DNAH5|CCDC40|DNAAF3|DNAI4|DNAAF1|CLXN|ZMYND10|DRC1|CCDC39|ODAD2|CCDC63|DNAAF8|DNAH17|DNAH8|DNAL1|DNAI3|LRRC61|DNAAF4|ODAD1|CFAP100|CFAP73|DNAAF5|DNAI2|DNAAF6|DNAH2|DNAH7|SPAG1|ODAD3|TEKT2|CFAP57|DNAH1|DNAI1|DNAAF11|TTC12|DNAAF10|DNAAF2,https://www.gsea-msigdb.org/gsea/msigdb/human/geneset/GOBP_AXONEMAL_DYNEIN_COMPLEX_ASSEMBLY,38,ENR,GOBP_AXONEMAL_DYNEIN_COMPLEX_ASSEMBLY,2.8003,0,GOBP_AXONEMAL_DYNEIN_COMPLEX_ASSEMBLY,FALSE,GOBP_AXONEMAL_DYNEIN_COMPLEX_ASSEMBLY
3,2.3872161432802601,2.3872161432802601,2.3872161432802601,0.99590000000000001,8.3699999999999997E-2,4.9500000000000002E-2,0.998,WNT11|WNT3A|MKS1|NKX2-1|BHLHE40|WNT8A|ALX4|C2CD3|HELT|MSGN1|LAMA5|PAX6|OSR2|SPRY1|EN1|PBX3|OTX1|OTX2|BARX1|TCAP|HEY1|HOXB5|RNF207|HEYL|MESP1|PLXNA2|RNF2|EOMES|OFD1|SMAD5|NEK8|PKD2|MDFI|RNF111|TBX20|RTTN|DLX1|DLX2|STIL|FUT6|TP53|DYNC2H1|NOTCH2|DSCAML1|RPGRIP1L|GSC|MYF5|MYF6|TCF15|BTG2|DNAI1|SKI|DCHS1|AXIN1|CCDC39|HOXB7|TLL2|MEGF8|GDNF|NRG3|NRP2|LDB1|SEMA3C|DOP1B|CFC1|CRIPTO3|TBR1|BMP1|WNT7B|MSX1|EPB41L5|MSX2|NDRG4|PAX2|PAX8|TBX1|TLL1|AXIN2|DISP1|SHH|LRP4|ALX1|CC2D2A|PCSK6|EYA1|ABI1|FGF10|C3|TIFAB|DLL1|LFNG|MFNG|PGAP1|DMRT2|PCDH8|HIPK1|SYNGAP1|ACVR1|OOEP|FOXF1|HOXA10|HOXA11|HOXD13|PRKDC|TBX18|CDX2|DLL4|CLUAP1|IFT172|OSR1|TTC8|IFT25|IFT52|IFT57|PROP1|WDR19|SMARCD3|ALG5|C1QA|GRSF1|SETDB2|HOXA5|PBX1|HOXA9|HOXB8|PALB2|TULP3|MAFB|MEIS1|SFRP1|TMED2|BMPR1B|SIX3|GALNT11|YY1|HHIP|KAT2A|TBX2|DAAM2|ACD|ACVRL1|CHSY1|TP63|CCDC40|DNAAF1|ZIC3|XRCC2|POFUT1|CYP26B1|CYP26C1|POGLUT1|SHROOM3|BICC1|CTNNB1|EXT1|SMAD1|HES1|AIDA|APC|APC2|EMX2|NME7|VAX2|GPC3|IRX1|IRX2|NKD1|IRX3|WNT6|NOTCH1|FGF2|FGFR1|NRP1|WNT7A|DNAAF3|GATA5|GLI1|GLI2|HHEX|RELN|TBC1D32|ACVR2A|MLLT3|ROBO1|TMEM107|ROBO2|NEUROD1|DVL1|SEMA3F|TTC21B|DNAH11|EMX1|FBXL15|ASB2|LEFTY1|HOXB6|BMP5|EP300|TRAF3IP1|FOXH1|WNT3|DLL3|FRS2|DNAAF11|DZIP1L|HOXA3|ODAD4|BMP4|HOXB4|HAND2|HIF1A|NKX3-2|FOXA1|PITX2|SIX1|RARG|RNF220|CFAP45|GLI3|DRC1|IFT122|ODAD2|TGIF1|TBX5|CRKL|ALX3|NKX3-1|PSEN1|RBPJ|BHLHE41|GREM2|HOXD9|OVOL2|HOXB3|ASCL1|HOXD3|DNAAF2|SIX2|CDON|SMO|DVL2|FOXC1|FEZF1|FOXG1|SUFU|HOXA4|HOXC4|MEIS2|HOXD11|HOXD4|PTCH1|FST|ZIC1|PCSK5|MOSMO|PRICKLE1|NCKAP1|TBX6|AR|AURKA|BPTF|HEY2|BMPR2|FOXJ1|ARL6|LMX1B|DMRTA2|TAF10|HOXC13|NR2F2|SOX17|TBX3|GREM1|CFAP53|HOXA7|BMI1|TRA2B|DAW1|HES2|HES4|ASPH|HES6|HOXA6|HOXC5|HOXC6|HOXC8|LEFTY2|FGFR2|RING1|EDN1|WDR77|ITGAM|ERBB4|WT1|WNT2B|AHI1|DKK1|SOX18|STC1|MIB1|DMRT3|MEF2C|NCLN|EGR2|NOMO1|NOMO3|HES5|NBL1|SFRP2|MICAL2|SNAI1|MID1|RAX|HOXB1|SMAD6|HOXB2|IHH|CAPRIN2|CITED2|DNAH5|DPCD|ETS2|ANKS6|MEOX2|ENG|FGF1|TGFBR1|PKD1L1|HOXB9|NLE1|VANGL2|GPR161|BMP7|NRARP|EED|BMP2|FGF8|GDF3|SOSTDC1|LRP5|PLD6|LHX2|HOXC11|PBX2|SP8|MTF2|WNT5A|ATP6AP2|PPP2R3A|CTNNBIP1|BBS5|BBS7|TASOR|HOXA2|TDRD1|TSHZ1|CDX1|TDRD5|CHRDL1|SMAD3|CXXC4|HOXD8|CER1|MEIS3|MEOX1|DAND5|HNF1B|MESP2|RIPPLY2|KMT2A|RIPPLY3|SATB2|SIM2|MED12|TDRD6|TDRD7|TDRKH|EFNB1|ADGRG1|NKX2-5|WLS|RFX3|SMAD2|NTF4|FKBP8|SRF|APLNR|IRX4|FZD5|ZBTB16|KIF3B|ZEB1|BASP1|BCOR|CELSR2|HAND1|HES7|AP1B1|MKKS|POU5F1|RFNG|ACVR2B|FOXC2|NOG|WNT2|COBL|HOXC10|FOXA2|FOXB1|CIMAP3|PIERCE1|ATM|MMP21|GDF11|SSBP3|CRIPTO|CHRD|DDIT3|DNAAF4|DYNC2LI1|HIPK2|FOXD1|FUZ|BMPR1A|IFT140|INTU|WNT1|CFAP52|CIROP|CRAMP1|DNAI2|ENKUR|IFT74|MNS1|PIERCE2|NOTO|PSKH1|ODAD3|TGFBR2|GRHL3|FOLR1|ISL1|LRP2|LHX3|SMAD4|GATA4|ZEB2|HOXC9|TCTN1|HOXD10|WNT8B|ARC|CRB2|PCGF2|FOXN4|LHX1|ARL13B|NPHP3|PAX7|SOX1|NODAL|LEF1|ALDH1A2|KDM2B,https://www.gsea-msigdb.org/gsea/msigdb/human/geneset/GOBP_PATTERN_SPECIFICATION_PROCESS,464,ENR,GOBP_PATTERN_SPECIFICATION_PROCESS,2.0767000000000002,4.1000000000000003E-3,GOBP_PATTERN_SPECIFICATION_PROCESS,FALSE,GOBP_PATTERN_SPECIFICATION_PROCESS
11,2.4089353929735,2.4089353929735,2.4089353929735,0.99609999999999999,0.2442,8.9200000000000002E-2,1,DCHS1|CD209|SCARF1|CXADR|NECTIN1|UMOD|FAT4|ITGAL|AMIGO1|CD164|AMIGO2|VCAM1|JAML|CRB1|CRB2|PVR|CBLN1|CEACAM6|NLGN1|NRXN1|CDH4|SELE|NECTIN3|CRTAM|SELL|SELP|CD6|CADM1|GRID2|NECTIN4|AMIGO3|CADM3|ITGA5|CEACAM8|PTPRD|HMCN1|LGALS7B|CDH2|PSG11|PSG2|ICAM1|PSG5|SCARF2|CEACAM5|ALCAM|IGSF21,https://www.gsea-msigdb.org/gsea/msigdb/human/geneset/GOBP_HETEROPHILIC_CELL_CELL_ADHESION_VIA_PLASMA_MEMBRANE_CELL_ADHESION_MOLECULES,46,ENR,GOBP_HETEROPHILIC_CELL_CELL_ADHESION_VIA_PLASMA_MEMBRANE_CELL_ADHESION_MOLECULES,1.9281999999999999,3.8999999999999998E-3,GOBP_HETEROPHILIC_CELL_CELL_ADHESION_VIA_PLASMA_MEMBRANE_CELL_ADHESION_MOLECULES,FALSE,GOBP_HETEROPHILIC_CELL_CELL_ADHESION_VIA_PLASMA_MEMBRANE_CELL_ADHESION_MOLECULES
,2.1135092748275199,2.1135092748275199,2.1135092748275199,0.99229999999999996,0.29770000000000002,9.0899999999999995E-2,1,ANKLE1|DMC1|EME1|EME2|NSMCE2|GEN1|MSH2|XRCC3|MRE11|ZSCAN4|MUS81|TERF2|SMC5|TERT|SMC6|BRCA2|RAD50|RAD51C|RAD51|RAD51D|RAD54B|TEP1|ERCC1|RAD52|ERCC2|XRCC1|ERCC4|MLH1|MSH3,https://www.gsea-msigdb.org/gsea/msigdb/human/geneset/GOBP_MITOTIC_RECOMBINATION,29,ENR,GOBP_MITOTIC_RECOMBINATION,1.9201999999999999,7.7000000000000002E-3,GOBP_MITOTIC_RECOMBINATION,FALSE,GOBP_MITOTIC_RECOMBINATION
27,2.7212463990471698,2.7212463990471698,2.7212463990471698,1,0.1201,2.8199999999999999E-2,0.93700000000000006,EPHA5|WNT3A|GLI3|NTRK1|NKX2-1|DAG1|FZD3|EFNB2|EFNB3|UNC5D|DLX5|NTN1|PAX6|PRKCQ|CNTN5|DRGX|CSF1R|MYPN|LMX1A|CXCL12|OTX2|BDNF|MYOT|ALCAM|ETV1|SMO|NRXN3|SCN1B|EFNA1|EVX1|MYH10|CNTN4|EPHA8|FEZF1|FOXG1|NCAM1|NECTIN1|PTCH1|NFASC|EDN3|VEGFA|DCC|PLA2G10|UNC5B|BMPR2|GFRA3|ECE1|GATA3|NDP|NTN4|USP33|NOTCH2|CDK5|CDK5R1|DSCAML1|IGSF9|NEXN|ARK2C|ERBB2|FYN|ANOS1|ATOH7|SIAH1|EDN1|EDNRA|DSCAM|EFNA2|EFNA5|EPHA7|ROBO4|FLRT2|FEZ1|FLRT3|PGRMC1|L1CAM|LGR6|NGFR|MEGF8|MYCBP2|EGR2|GDNF|NRP2|HDAC6|KIF21A|PLXNA4|NOTCH3|ROBO3|SEMA3A|SEMA3B|SEMA3C|SEMA3D|SEMA3E|SEMA3G|ARHGEF25|SEMA4B|SEMA4C|SEMA4D|ARHGEF40|SEMA4F|SEMA4G|SEMA5B|SEMA6A|SEMA6B|SEMA6C|SEMA6D|CHN1|SLIT3|TBR1|TUBB2B|UNC5C|WNT7B|PTK2|PTPRJ|PTPRO|RAC1|RAC3|RET|CNTN1|SHH|KALRN|NR4A3|EPHB1|LGI1|NRCAM|PLEKHG4|YTHDF1|PLEKHG4B|VANGL2|BMP7|SLIT2|SOS1|FGF8|LHX9|TGFB2|RPL24|LHX2|EPHA3|PLXNA1|WNT5A|NPTN|LYPLA2|RPS6KA5|CHL1|TRIO|CDH4|APBB2|PTPRH|HOXA2|CRPPA|KLF7|EFNB1|EPHB2|FEZ2|SEMA7A|PALLD|TTC8|KIF5A|KIF5B|CNTN6|KIF5C|KIFC2|CNTN2|CYFIP2|NRXN1|NOG|B3GNT2|B4GAT1|BMPR1B|MATN2|BOC|CYFIP1|EVL|LMO4|VASP|ATOH1|ARHGAP35|EFNA4|EPHA10|EPHA6|EPHB6|POU4F3|EFNA3|EPHA4|OPHN1|FOXD1|GAP43|NOVA2|PTPRM|EXT1|ARX|LAMA2|CDK5R2|LAMB2|ISL1|ABLIM1|PTK7|GBX1|ISL2|LHX3|SMAD4|LHX4|NEO1|NOTCH1|ULK2|EMB|NRP1|HMCN2|GLI2|KIAA1755|NELL2|DPYSL5|OR10A4|PCDHAC2|PLXNA3|TUBB3|UNC5A|RELN|ADAM17|BCL11B|ROBO1|DRAXIN|ROBO2|GDF7|LHX1|RYK|APP|DVL1|SEMA3F|SEMA5A|NFIB|ARTN|ENAH|SLIT1|BSG|TNR|CELSR3|SEMA4A|VAX1|WNT3|EPHB3,https://www.gsea-msigdb.org/gsea/msigdb/human/geneset/GOBP_NEURON_PROJECTION_GUIDANCE,240,ENR,GOBP_NEURON_PROJECTION_GUIDANCE,2.2161,0,GOBP_NEURON_PROJECTION_GUIDANCE,FALSE,GOBP_NEURON_PROJECTION_GUIDANCE
23,2.7212463990471698,2.7212463990471698,2.7212463990471698,1,0.12909999999999999,4.0000000000000001E-3,0.17899999999999999,BMP4|MYC|HAND2|HIF1A|FOXA1|WNT11|FOXF2|WNT3A|PITX2|CFL1|ACTA1|SIX1|ACTC1|FGF9|NKX2-1|ADAMTS5|DPPA4|WNT8A|TCF21|TBX5|KBTBD8|MARK1|RDH10|CDC42|SPRED1|SPRED2|SPRED3|LAMA5|BNC2|NUP133|PPP2CA|GSK3B|HPN|SPRY1|SPRY2|IGF1|RBPJ|RGCC|PPP3R1|USF3|BAMBI|SIX4|MTOR|OVOL2|HEY1|HEYL|MDM2|MESP1|SIX2|SMO|TMEM100|NRTN|EFNA1|FOXC1|NCAM1|EOMES|COL1A1|DAB2IP|EDN3|EDNRB|VEGFA|MDM4|EMP2|PKD2|SCX|PRICKLE1|RFLNB|NCKAP1|SERPINB3|HEY2|TBX20|BMPR2|BCL2|ACTG2|TAF10|GATA3|RPS7|RADIL|SOX4|TBX3|ADIPOR1|ERBB3|GREM1|GSC|TCF15|IL1B|BCL9L|ADAM15|DCHS1|OLFM1|FGFR2|TCOF1|EDN1|EDNRA|NOTCH4|KITLG|ELL3|ERBB4|WT1|PTEN|VASN|DKK1|SDHAF2|EZH2|RANBP3L|MEF2C|MDK|NCLN|NRG1|SP6|GDNF|WNT10A|NOMO1|NRP2|HGF|NOMO3|HNRNPAB|OTUD5|PDCD4|LOXL2|DAB2|SEMA3A|SEMA3B|SEMA3C|SFRP2|TEAD2|SEMA3D|SEMA3E|SNAI1|SEMA3G|SEMA4B|SEMA4C|SEMA4D|SEMA4F|CITED2|SEMA4G|SEMA5B|SEMA6A|SEMA6B|SEMA6C|SEMA6D|EXOC4|POLR1B|SDCBP|WNT16|MSX1|EPB41L5|MSX2|PTK2|WWTR1|PAX2|AMER1|TBX1|ZNF703|KAT8|RET|SNAI2|AXIN2|ROCK1|RTN4|SHH|ENG|SOX10|TGFBR1|DACT3|SLC39A6|KLHL12|ALX1|PHACTR4|NOS3|BMP7|NOLC1|LRP6|CUL7|BMP2|ARB2A|ZNF750|FGF10|FGF8|SPSB3|SOX8|TGFB2|HMGA2|PDCD6|PEF1|EPHA3|FN1|KDM1A|ZFP36L1|MAD2L2|LIMS1|WNT5A|TRIM62|ACVR1|TIAM1|FAM83D|TASOR|FOXF1|S100A4|SMAD3|DDX17|MEOX1|DAND5|TGFBR3|CDH2|FRZB|TNXB|DLG5|DDX5|EFNB1|NKX2-5|LOXL3|LDLRAD4|SMAD2|APLNR|SEMA7A|OSR1|SMAD7|BASP1|TGFB3|MCRIP1|HAND1|CORO1C|CPLANE2|FOXC2|NEDD4|NOG|HOXA5|WNT2|ZFPM2|FOXA2|SFRP1|TRIM28|TWIST1|AMELX|HAS2|TBX2|ACVRL1|APLF|JAG1|ZIC3|PDPN|AMH|DSG2|ACTA2|EPHA4|POFUT2|CYP26C1|POGLUT1|AGT|FOXD1|FUZ|BMPR1A|TGFB1I1|CTNNB1|EXT1|TCF7L2|HES1|APC|TGFBR2|FOLR1|ISL1|PTK7|SMAD4|GATA4|HDAC2|TAPT1|ZEB2|AKNA|TGFB1|NOTCH1|FGFR1|NRP1|GATA5|YAP1|HTR2B|CRB2|ADAM8|ROBO1|ROBO2|QKI|SEMA3F|CRELD1|SEMA5A|NODAL|LEF1|SLC39A10|FBXL17|IL6|IL17RD|BMP5|RBM24|TGFBR3L|ALDH1A2|FBXO11|FOXH1|ROCK2|MAPK1|MAPK3|SEMA4A|FERMT2|WNT4|DLL3|FGF19|STAT1|SOX9|GCNT2|GLIPR2|LRG1|ZFP64,https://www.gsea-msigdb.org/gsea/msigdb/human/geneset/GOBP_MESENCHYME_DEVELOPMENT,310,ENR,GOBP_MESENCHYME_DEVELOPMENT,2.5908000000000002,0,GOBP_MESENCHYME_DEVELOPMENT,FALSE,GOBP_MESENCHYME_DEVELOPMENT
23,2.2218487496163601,2.2218487496163601,2.2218487496163601,0.99399999999999999,0.13350000000000001,7.4200000000000002E-2,1,BMP4|HIF1A|FOXA1|HMGA2|WNT11|FOXF2|PDCD6|PEF1|EPHA3|KDM1A|NKX2-1|MAD2L2|WNT8A|TBX5|LIMS1|WNT5A|KBTBD8|MARK1|SPRED1|SPRED2|SPRED3|TRIM62|ACVR1|TIAM1|PPP2CA|FAM83D|GSK3B|TASOR|HPN|SPRY1|SPRY2|IGF1|RBPJ|RGCC|S100A4|SMAD3|DDX17|PPP3R1|TGFBR3|TNXB|USF3|BAMBI|DLG5|DDX5|MTOR|OVOL2|HEY1|LOXL3|HEYL|LDLRAD4|TMEM100|SMAD2|EFNA1|FOXC1|NCAM1|EOMES|COL1A1|DAB2IP|SMAD7|TGFB3|VEGFA|MCRIP1|EMP2|RFLNB|SERPINB3|HEY2|TBX20|GATA3|NOG|WNT2|FOXA2|SFRP1|TRIM28|TBX3|TWIST1|ADIPOR1|GREM1|GSC|AMELX|HAS2|IL1B|BCL9L|ADAM15|ACVRL1|OLFM1|APLF|JAG1|FGFR2|TCOF1|EDN1|EDNRA|NOTCH4|PDPN|ELL3|PTEN|VASN|DSG2|EPHA4|POFUT2|SDHAF2|EZH2|AGT|FUZ|MDK|TGFB1I1|SP6|HGF|HNRNPAB|CTNNB1|TCF7L2|PDCD4|LOXL2|TGFBR2|DAB2|ISL1|SFRP2|SNAI1|SMAD4|HDAC2|AKNA|TGFB1|NOTCH1|POLR1B|FGFR1|SDCBP|WNT16|MSX1|EPB41L5|MSX2|PTK2|WWTR1|ZNF703|CRB2|KAT8|SNAI2|AXIN2|ADAM8|ROCK1|QKI|RTN4|ENG|TGFBR1|DACT3|SLC39A6|LEF1|SLC39A10|IL6|IL17RD|KLHL12|ALX1|BMP5|TGFBR3L|FBXO11|BMP7|NOLC1|LRP6|CUL7|ROCK2|BMP2|FERMT2|WNT4|ZNF750|FGF8|SPSB3|SOX9|GCNT2|GLIPR2|LRG1|TGFB2,https://www.gsea-msigdb.org/gsea/msigdb/human/geneset/GOBP_EPITHELIAL_TO_MESENCHYMAL_TRANSITION,169,ENR,GOBP_EPITHELIAL_TO_MESENCHYMAL_TRANSITION,1.9724999999999999,6.0000000000000001E-3,GOBP_EPITHELIAL_TO_MESENCHYMAL_TRANSITION,FALSE,GOBP_EPITHELIAL_TO_MESENCHYMAL_TRANSITION
9,2.7212463990471698,2.7212463990471698,2.7212463990471698,1,0.44719999999999999,0,0,OR2AT4|BBS4|B2M|OR2A4|UGT2A1|FZD2|DRD2|GJB4|OBP2B|NAV2|OR51E2|SLC24A4|SYT10|BBS1|OR1D2|BEST2|UBR3|CNGA4|GNAL|OR10A2|OR10A3|OR10A6|OR10AC1|OR10AG1|OR10D3|OR10G3|OR10G4|OR10G7|OR5AN1|OR10H1|OR10H3|OR10H5|OR10K1|OR10K2|OR10Z1|OR11A1|OR11G2|OR11H4|OR13A1|OR13G1|OR14A16|OR14J1|OR14L1|OR1A1|OR1C1|OR1I1|OR1L6|OR1L8|OR1M1|OR2A1|OR2A12|OR2A14|OR2A25|CFAP69|OR2A42|OR2A5|OR2A7|OR2AG1|OR2AG2|OR2AJ1|OR2AK2|OR2AP1|OR2B11|OR2B6|OR2C1|OR2C3|OR2D3|OR2F1|OR2G6|OBP2A|OR2H1|OR2H2|OR2J1|ANO9|OR2J2|OR2K2|OR2L13|OR2L2|OR2L3|OR2L5|OR2L8|OR2M3|OR2M4|OR2T10|OR2T11|OR2T12|OR2T2|OR2T6|OR2T7|OR2T8|OR2V2|OR2W3|OR2Z1|OR3A1|OR3A2|OR3A3|OR4C11|OR4C6|OR4D1|OR4D10|OR4D2|OR4D9|OR4E1|TTC8|OR4E2|OR4F15|OR4F17|OR4K1|OR4K13|OR4K17|RIC8B|OR4K2|OR4N2|OR4Q3|OR51A4|OR51A7|MKKS|OR51B5|OR51D1|OR51E1|OR51I1|OR51I2|OR51M1|OR52A1|OR52A5|OR52E4|OR52E5|OR52H1|OR52I2|OR52K1|OR52K2|OR52N1|OR52N2|B3GNT2|OR52N4|OR52N5|OR52P1|OR56A1|OR56A3|GFY|OR56A4|OR56B1|OR5A1|OR5AS1|OR5AU1|OR5B2|OR5B21|OR5H1|OR5H14|OR5K1|OR5M1|OR5P2|OR5P3|OR5V1|OR6A2|OR6B1|OR6C1|OR6C2|OR6C4|OR6C6|OR6C74|OR6C75|OR6F1|OR6J1|OR6N1|OR6N2|OR6P1|PDE4A|OR6Y1|OR7A10|OR7A17|OR7A5|OR7C1|OR7D2|OR7D4|OR7G2|OR8A1|OR8B12|OR8B8|OR8D1|OR8D4|OR8G5|OR8H1|OR8H2|OR8J2|OR8J3|OR8K3|OR9G1|OR9G4|OR9K2|OR9Q1|OR9Q2|GNAS|OR10J1|OR10A4|CNGB1|NXNL2|SLC6A3|ADCY3,https://www.gsea-msigdb.org/gsea/msigdb/human/geneset/GOBP_SENSORY_PERCEPTION_OF_SMELL,199,ENR,GOBP_SENSORY_PERCEPTION_OF_SMELL,7.1516000000000002,0,GOBP_SENSORY_PERCEPTION_OF_SMELL,FALSE,GOBP_SENSORY_PERCEPTION_OF_SMELL
24,2.7212463990471698,2.7212463990471698,2.7212463990471698,0.99809999999999999,0.1203,2.52E-2,0.91100000000000003,RPS28|MYC|RPS6|NAF1|NAT10|ZNHIT3|ZNHIT6|IPPK|RPUSD4|RRP1B|DDX56|BRF1|DHX37|SART1|NVL|NUDT16|SDE2|NOP9|RPS15|ISG20|DROSHA|MTOR|SNU13|MACROH2A1|XRN1|MACROH2A2|TP53|RPS7|UTP25|RPL11|TAF1B|DDX49|DEDD2|TCOF1|DIS3|NOP53|DIS3L|WBP11|PELO|ERI1|LYAR|ANG|EXOSC1|RRP7A|EXOSC4|EXOSC5|FBLL1|GTF2H5|NIFK|BUD23|DIMT1|EMG1|MRTO4|FBL|FDXACB1|EXOSC2|FTSJ3|EXOSC7|EXOSC8|METTL15|NSUN4|EXOSC9|METTL25B|METTL5|MRM1|MRM3|NSUN5|GTF3C1|GTF3C2|MAPT|RPUSD1|GTF3C3|SPOUT1|GTF3C4|TSR3|GTF3C5|ZCCHC4|GTF3C6|POLR1B|BMS1|BYSL|REXO4|C1D|CHD7|ERN2|DDX10|MARS1|DDX18|DDX27|DDX51|DDX52|POLR1D|DDX54|POLR1E|POLR1F|EBNA1BP2|POLR2E|ESF1|SLFN12|FCF1|SLFN14|MYG1|RPS19|GTF3A|HEATR1|CDKN2A|IMP3|IMP4|POP4|KRI1|POP5|RIOK3|KRR1|POP7|LAS1L|SBDS|MAK16|METTL18|MPHOSPH6|TRIR|NGDN|DDX11|NOB1|WDR43|NOC4L|NOL10|NOL11|NOL6|NOL7|RPP25|NOL8|RNASEL|NOL9|RPP30|NOLC1|RPP38|ERCC6|RPP40|NOP14|GAR1|NOP56|RPUSD2|SLFN13|NOP58|CAVIN1|NHP2|NPM3|RIOK2|NOP10|NSA2|PA2G4|PAK1IP1|PDCD11|PELP1|PES1|PIN4|POLR1G|PPAN|TENT4B|PWP1|RBFA|RBM34|TRMT112|RCL1|TRMT61B|REXO1|REXO5|TRMT2B|RIOK1|RPF1|XRN2|RPL14|RPL26|RPL27|RPL35|RPL35A|RPL7|RPL7A|RPL7L1|RPS16|RPS17|RPS21|RPS24|RPS25|DDX21|RPS8|RRP1|SPIN1|RRP15|SIRT7|RRP36|RRP8|RRP9|SLX9|SRFBP1|TBL3|TSR1|TSR2|DDX17|URB1|YTHDF2|UTP11|UTP14A|UTP15|UTP18|UTP20|UTP23|DDX47|PRKDC|UTP3|UTP4|UTP6|WDR12|WDR3|WDR36|WDR46|WDR55|WDR74|WDR75|YBEY|EIF4A3|EXOSC10|FRG1|SMARCA4|GEMIN4|SMARCB1|SUV39H1|RRS1|TOP1|KAT2B|LSM6|METTL16|MPHOSPH10|MTREX|NCL|DKC1|DEDD|ERCC2|EXOSC3|EXOSC6|USP36|GTPBP4|DCAF13|NSUN3|ABT1|BOP1|BRIX1|EIF6|MRM2|MTERF4|NOP2|PIH1D1|PIH1D2|PWP2|RPF2|AK6|RPL5|TFB1M|RPS14|TFB2M|WDR18|RPS27,https://www.gsea-msigdb.org/gsea/msigdb/human/geneset/GOBP_RRNA_METABOLIC_PROCESS,262,ENR,GOBP_RRNA_METABOLIC_PROCESS,2.2345000000000002,1.9E-3,GOBP_RRNA_METABOLIC_PROCESS,FALSE,GOBP_RRNA_METABOLIC_PROCESS
2,2.7212463990471698,2.7212463990471698,2.7212463990471698,1,0.313,1.67E-2,0.73099999999999998,SMO|BMP4|LIF|TFAP2B|PDGFRA|PAX2|OSR1|PAX8|CD34|LGR4|PKD2|RET|TCF21|WT1|ADIPOQ|AGTR2|PDGFRB|WNT9B|LHX1|FOXD1|PDGFB|PKD1|EGR1|GDNF|CTNNB1|AQP1|KIF26B|HES1|HES5|LAMB2|GREM1|NPHS2|WNT4|STAT1|SOX9|SALL1|SOX8|IRX1|IRX2|SIX2,https://www.gsea-msigdb.org/gsea/msigdb/human/geneset/GOBP_METANEPHRIC_NEPHRON_DEVELOPMENT,40,ENR,GOBP_METANEPHRIC_NEPHRON_DEVELOPMENT,2.3262999999999998,0,GOBP_METANEPHRIC_NEPHRON_DEVELOPMENT,FALSE,GOBP_METANEPHRIC_NEPHRON_DEVELOPMENT
22,2.7212463990471698,2.7212463990471698,2.7212463990471698,1,0.35749999999999998,1.18E-2,0.58199999999999996,C3|C1QBP|TREM2|C4BPA|C4BPB|MASP2|CD46|CR1|CR1L|CR2|C1QA|C1QB|C1QC|C1R|C1RL|C1S|C2|MBL2|C4A|C4B|C6|C7|C8A|C8B|C8G|C9|C5|CD55|CFI|SERPING1|CLU|SUSD4,https://www.gsea-msigdb.org/gsea/msigdb/human/geneset/GOBP_COMPLEMENT_ACTIVATION_CLASSICAL_PATHWAY,32,ENR,GOBP_COMPLEMENT_ACTIVATION_CLASSICAL_PATHWAY,2.3874,0,GOBP_COMPLEMENT_ACTIVATION_CLASSICAL_PATHWAY,FALSE,GOBP_COMPLEMENT_ACTIVATION_CLASSICAL_PATHWAY
18,2.7212463990471698,2.7212463990471698,2.7212463990471698,1,0.1197,1.1000000000000001E-3,3.5999999999999997E-2,ADGB|AXDND1|DPY19L2|ICA1L|ADCY10|IQCN|PMFBP1|PTX3|RNF17|SPACDR|SPATA16|SPEM3|AKT1|SUN5|TSSK1B|TSSK3|TUBA8|ZMYND15|BBS4|DEAF1|RAN|PAFAH1B1|CCNB1|CEP131|ROPN1B|SEPTIN14|GSK3A|DEFB1|IGF1|IGF2|DZIP1|MTOR|DLD|RNF2|DCST1|TPST2|SMAD5|MSH2|NPR2|GMCL1|GMCL2|LYZL4|LYZL6|PLA2G3|PRDM1|FUT6|GARIN4|SEMG1|SEMG2|PACRG|BNC1|DAZL|BBS2|DDX25|PANK2|SIX5|DND1|ADGRG2|CEP57|FOXL2|LIN28A|LSM14B|NANOS1|NANOS2|NANOS3|PIWIL1|PIWIL2|RBM46|SLC22A14|SLC26A3|DNMT3A|DNMT3L|PIK3CA|KMT2D|TUT4|TUT7|PCSK4|FSHR|ZAR1|VPS54|EPC1|ABHD2|SIRT2|PRDM14|FMN2|TARBP2|BCAS2|BRDT|ASPM|KAT5|INHBB|CELF1|CELF4|CFAP69|ACVR1|VDAC3|HORMAD1|CDC25B|DDX20|YTHDF2|BRCA2|BRIP1|CDKN1C|C14ORF39|PANX1|DMC1|RNF8|SHB|HSPA2|IFT56|HMGB2|UBE2J1|SMARCA2|IFT81|SPEF2|TTC21A|KASH5|SPINK1|RAB24|MAJIN|MARF1|MCMDC2|MEIOC|SPDYA|TBC1D20|TRIM28|FIGLA|SOHLH1|SOHLH2|ZGLP1|BMPR1B|STK33|TUBB8|REC8|ROPN1|ROPN1L|ANGPT2|GALNTL5|SPO11|TERB2|TRIP13|METTL3|YIF1B|CATSPERZ|FXR1|CTNNB1|RPS6KB1|HOOK1|DYNLL1|NME5|EHMT2|ERCC1|EREG|OCA2|TBPL1|SPAG6|FBXO5|PRMT7|LRRC46|GLI1|DHH|PRKG1|WASHC5|DCAF13|H1-7|QKI|CCDC62|SLC26A6|WNT4|ZFY|ADAM2|STRA8|SPAM1|CRISP1|DCST2|MLH1|FSIP2|GLIPR1L1|IZUMO1|BMP4|LLCFC1|PAQR7|PAQR8|SPACA5|PDE3A|SPACA6|SPATA46|SPESP1|TMEM95|WDR54|NPM2|CCR6|CFAP206|NPPC|TSSK4|DRC1|DDX6|IQCF1|CD9|CFAP221|KLHL10|CFAP54|SPAG16|SRC|H3-3A|H3-3B|FREY1|SUFU|SRPK1|PTCH1|UBE2B|KLC3|RETN|AURKA|BAX|FER|BCL2|FOLR2|BCL2L1|EQTN|STAU1|CCDC159|CEP128|CFAP119|CFAP157|RPS6KA2|CFAP47|CFAP53|CFAP57|CIB1|CFAP61|CFAP65|CFAP97D1|FZD4|DNAH1|GDF9|YTHDC2|DNALI1|DNHD1|SELENOF|DRC7|MEIG1|TTC12|TTLL5|ZMYND12|OSBP2|CTCF|STRBP|BBOF1|SERPINA5|TAF4B|JAM2|CAPZA3|JAM3|EDN1|EDNRA|KIT|WDR77|WT1|FANCG|YTHDC1|ANG|MDK|ZNF830|ADAD1|FAM9B|ADAD2|FAM9C|RSPH1|IHH|ARMC2|CCDC146|CCER1|ING2|ZAR1L|CFAP43|CFAP44|CHD5|DMRTC2|PSME4|PYGO1|PYGO2|SYCP3|TSSK6|PTN|RSPH6A|WEE2|CATSPER2|CATSPER3|CATSPER4|KAT8|SEPTIN4|SPAG17|ARMC12|NSUN2|ARID4A|ARID4B|PRKACA|NECTIN2|CDYL|DDX4|DIRAS3|EED|DMRT1|PLD6|TNFAIP6|GPR149|ARMC3|MOV10L1|AFF4|RXFP2|MTA2|MYCN|NDN|TCP11|BSPH1|CABYR|CATSPERD|CATSPERE|ZP3|EFCAB9|CFTR|ELSPBP1|FNDC3A|NUP210L|CTCFL|NOBOX|PAQR5|TDRD1|TDRD12|SLIRP|TDRD5|ZDBF2|SBF1|ZFP57|KDM1B|TDRD6|TDRD7|NOX5|TDRKH|PPP2R1A|ADAM7|FBXW11|PDILT|ZBTB16|CFAP58|ACRBP|AGFG1|EIF4G3|AGFG2|MKKS|RHBDD1|CCDC136|CCDC38|RIMBP3|CCDC42|RIMBP3C|CHN2|SLC9A8|TTLL1|CYLC1|DCAF17|KDM3A|LGR5|MEIOSIN|GARIN1A|GARIN1B|GARIN3|YBX2|IZUMO3|KIAA0319L|KNL1|PDCL2|PFN4|TPGS1|ATM|PLN|POC1B|NEURL1|RFX2|AMH|SOX30|SPACA1|SPINK2|PITHD1|MAST2|CFAP52|MNS1|SPACA3|INHBA|FOLR1|FOLR3|TMF1|TMPRSS12|VPS13B|ZPBP|ZPBP2|RARA|TBC1D21|ETV5|HEXB|CCDC63|CCNB1IP1|STAU2|NODAL|IHO1|DIAPH2|MEI4|TMEM119|PAEP|FOXO3|REC114|SYCP1|NPHP1|MECP2,https://www.gsea-msigdb.org/gsea/msigdb/human/geneset/GOBP_CELLULAR_PROCESS_INVOLVED_IN_REPRODUCTION_IN_MULTICELLULAR_ORGANISM,415,ENR,GOBP_CELLULAR_PROCESS_INVOLVED_IN_REPRODUCTION_IN_MULTICELLULAR_ORGANISM,2.7909000000000002,0,GOBP_CELLULAR_PROCESS_INVOLVED_IN_REPRODUCTION_IN_MULTICELLULAR_ORGANISM,FALSE,GOBP_CELLULAR_PROCESS_INVOLVED_IN_REPRODUCTION_IN_MULTICELLULAR_ORGANISM
,2.7212463990471698,2.7212463990471698,2.7212463990471698,0.99809999999999999,0.42720000000000002,1.5699999999999999E-2,0.70499999999999996,IFT140|MEGF8|RPL10|TUBB2B|RNF112|WNT1|CDK20|CC2D2A|TTBK2|CTNNB1|EN1|CDC40|EN2|MKS1|MED12|PRICKLE1|PPIL1|TRA2B|MFSD2A|TBC1D23,https://www.gsea-msigdb.org/gsea/msigdb/human/geneset/GOBP_EMBRYONIC_BRAIN_DEVELOPMENT,20,ENR,GOBP_EMBRYONIC_BRAIN_DEVELOPMENT,2.3370000000000002,1.9E-3,GOBP_EMBRYONIC_BRAIN_DEVELOPMENT,FALSE,GOBP_EMBRYONIC_BRAIN_DEVELOPMENT
12,2.7212463990471698,2.7212463990471698,2.7212463990471698,1,0.29670000000000002,2.06E-2,0.83499999999999996,SPESP1|SYT6|UNC13B|ZP4|AKAP3|RAB3A|IQCF1|GLRA1|GLRB|PLA2G10|TRIM36|SPINK1|ZP3|CCDC87|ROPN1B|FAM170B|LCN6|PKDREJ|SERPINA10|SPINK13|STX2|ZP2|B4GALT1|EQTN|PRSS37|PCSK4|CACNA1H|HYAL3|PLB1|ADCY3|SYT8|PLCB1|GARIN1B|HVCN1|STXBP1|ABHD2|PRND|RIMS1|ACR|CRISP1|IFTAP|PLCD4,https://www.gsea-msigdb.org/gsea/msigdb/human/geneset/GOBP_ACROSOME_REACTION,42,ENR,GOBP_ACROSOME_REACTION,2.2772999999999999,0,GOBP_ACROSOME_REACTION,FALSE,GOBP_ACROSOME_REACTION
15,2.7212463990471698,2.7212463990471698,2.7212463990471698,1,0.2535,9.5999999999999992E-3,0.46200000000000002,COL12A1|COL11A1|COL2A1|COL5A2|PLOD2|PLOD3|ATP7A|TLL2|PLOD1|LOXL1|PXDN|ANXA2|COL6A1|COL11A2|EFEMP2|OPTC|SERPINH1|EXT1|COL5A1|LOXL2|NF1|SFRP2|TNXB|ERO1A|CRTAP|FKBP10|MMP11|ADAMTS12|LOXL3|FOXC1|BMP1|DDR2|ADAMTS19|COL1A1|VIPAS39|COL5A3|AEBP1|P3H4|TLL1|CHADL|COL14A1|EMILIN1|COL3A1|SCX|VPS33B|COMP|CYP1B1|LUM|ADAMTS14|ADAMTS2|ADAMTS3|P3H1|SELENON|COL1A2|TGFBR1|FMOD|FOXC2|ANTXR2|LOX|COLGALT2|DPT|LOXL4|P4HA1|P4HA3|GREM1|ADAMTS7|COLGALT1|RB1|SERPINF2|TGFB2,https://www.gsea-msigdb.org/gsea/msigdb/human/geneset/GOBP_COLLAGEN_FIBRIL_ORGANIZATION,70,ENR,GOBP_COLLAGEN_FIBRIL_ORGANIZATION,2.4337,0,GOBP_COLLAGEN_FIBRIL_ORGANIZATION,FALSE,GOBP_COLLAGEN_FIBRIL_ORGANIZATION
1,2.7212463990471698,2.7212463990471698,2.7212463990471698,1,0.40579999999999999,1.6899999999999998E-2,0.77100000000000002,ODAD4|DAW1|DNAH5|DNAAF5|DNAI2|DNAAF1|DNAAF6|CLXN|ODAD3|ZMYND10|ODAD2|CCDC63|DNAAF8|DNAH17|DNAH8|DNAI1|DNAL1|LRRC61|DNAAF11|DNAAF4|ODAD1|DNAAF2,https://www.gsea-msigdb.org/gsea/msigdb/human/geneset/GOBP_OUTER_DYNEIN_ARM_ASSEMBLY,22,ENR,GOBP_OUTER_DYNEIN_ARM_ASSEMBLY,2.3086000000000002,0,GOBP_OUTER_DYNEIN_ARM_ASSEMBLY,FALSE,GOBP_OUTER_DYNEIN_ARM_ASSEMBLY
1,2.0268721464002999,2.0268721464002999,2.0268721464002999,0.99060000000000004,0.39579999999999999,9.1300000000000006E-2,1,CFAP100|CCDC40|CFAP73|DNAAF5|DNAAF1|DNAAF6|DNAH2|DNAH7|TEKT2|ZMYND10|CCDC39|DNAH1|DNAI3|DNAAF11|DNAAF4|DNAAF2,https://www.gsea-msigdb.org/gsea/msigdb/human/geneset/GOBP_INNER_DYNEIN_ARM_ASSEMBLY,16,ENR,GOBP_INNER_DYNEIN_ARM_ASSEMBLY,1.9184000000000001,9.4000000000000004E-3,GOBP_INNER_DYNEIN_ARM_ASSEMBLY,FALSE,GOBP_INNER_DYNEIN_ARM_ASSEMBLY
32,2.3872161432802601,2.3872161432802601,2.3872161432802601,0.99590000000000001,0.151,3.8600000000000002E-2,0.98599999999999999,CHRNA1|CHRNA3|CHRNB1|CHRNB2|MTMR2|CHRNB4|ADRB2|CHRNA7|CHRND|CHRNE|CHRNG|PRKAR1B|NLGN4X|AKT1|RIMS2|GLRA1|P2RX7|SEZ6|CELF4|RGS7|KCND2|ARRB2|GSK3A|GSK3B|GRIN2B|GRIN2D|SSH1|MAPK8IP2|P2RX6|CUX2|GABRA1|GABRA2|EIF4A3|GABRA3|GABRA4|GABRA5|SLC17A7|GABRA6|GABRB2|GABRB3|BEGAIN|GABRD|CHRFAM7A|GABRG2|GABRG3|DRD2|GABRR2|GLRA2|RGS4|GLRA3|GLRB|ADRB1|ADORA1|NLGN1|KCTD16|NLGN2|NRXN1|INSYN1|INSYN2A|SHANK1|SHANK3|DLG4|P2RX2|CDK5|GRIA3|TMEM25|GRIK1|BAIAP2|GRIK2|GRIK5|RIMS1|SLC8A2|ADORA2A|UNC13B|GABRB1|HCN1|GRIA1|GRIN3B|ATXN1|P2RX1|PTEN|TRPV1|CBLN1|S1PR2|DRD4|MEF2C|NETO1|STX1A|TMEM108|STX1B|GRID1|GRM1|GRM5|NOS1|SNCA|CHRNA2|CHRNA5|SLC29A1|CHRNA6|CHRNB3|GRIA2|GRID2|GRIK4|GRIN3A|HTR3A|HTR3B|HTR3C|HTR3D|HTR3E|MPP2|NPAS4|RAB3GAP1|CHRM1|GRIN2A|GRIN2C|P2RX4|KCNK1|PRKN|NLGN3|GRIA4|RGS7BP|TBC1D24|GHRL|WNT7A|SLC1A7|PTK2B|RELN|CHRNA4|SLC8A3|HCRT|APP|DVL1|CHRNA10|CHRNA9|ABAT|PPP3CA|GRIN1|MET|KCNA2|GABBR1|ZMYND8|NTSR1|NPFF|PRKCZ|LRRK2|NPY2R|P2RX3|GRIK3|P2RX5|DMPK|MECP2,https://www.gsea-msigdb.org/gsea/msigdb/human/geneset/GOBP_REGULATION_OF_POSTSYNAPTIC_MEMBRANE_POTENTIAL,151,ENR,GOBP_REGULATION_OF_POSTSYNAPTIC_MEMBRANE_POTENTIAL,2.1354000000000002,4.1000000000000003E-3,GOBP_REGULATION_OF_POSTSYNAPTIC_MEMBRANE_POTENTIAL,FALSE,GOBP_REGULATION_OF_POSTSYNAPTIC_MEMBRANE_POTENTIAL
4,2.7212463990471698,2.7212463990471698,2.7212463990471698,1,0.19339999999999999,4.0000000000000001E-3,0.17699999999999999,HIF1A|ATIC|LHX2|ASPM|SRD5A1|KDM1A|GLI3|NKX2-1|EFHC1|BBS4|PAFAH1B1|NEFL|CEP120|AKIRIN2|KIF14|GART|PAX6|CRK|FILIP1|GSK3B|CRKL|SLC38A2|FLNA|PAX5|PSEN1|SUN2|TFAP2C|SYNE2|TACC1|TACC2|CSNK2A2|YWHAE|CDH2|ADGRG1|ASCL1|CDON|SMO|FOXG1|MCPH1|EOMES|POU3F3|DAB2IP|PHACTR1|ARHGAP11B|CCDC85C|COL3A1|SLC2A1|NOTCH2NLA|MKKS|NOTCH2NLB|NOTCH2NLC|BAX|NDE1|NDEL1|DMRTA2|TUBA1A|BNIP3|NPY|WDR62|POU3F2|SRGAP2C|CDK5|CDK5R1|SUN1|PLCB1|TRA2B|FKTN|TMEM14B|TRAPPC9|BBS1|BMERB1|BBS2|NCOA1|GRIA1|FOS|PEX13|ATOH1|CCDC39|CNTNAP2|TUBB2A|SOCS7|SRGAP2|LRP8|XAB2|DISC1|RHOA|FGF13|MDK|CTNNB1|ARX|LAMB1|CDK5R2|EMX2|NF1|TSC1|FOXP2|ZMIZ1|P2RY12|LHX6|PPP1R9B|NSUN5|TBR1|TUBB2B|HTR6|DAB1|MGARP|FAT4|DIXDC1|RAC1|RELN|PTPRS|NARS1|ROBO1|RTN4|PALS1|BTBD3|MDGA1|EMX1|NTRK2|KIF26A|KCNA2|EGFR|WDR47|SLIT2|PEX5|FBXO45|CCDC141|TACC3|MBOAT7|NR2E1,https://www.gsea-msigdb.org/gsea/msigdb/human/geneset/GOBP_CEREBRAL_CORTEX_DEVELOPMENT,130,ENR,GOBP_CEREBRAL_CORTEX_DEVELOPMENT,2.5935999999999999,0,GOBP_CEREBRAL_CORTEX_DEVELOPMENT,FALSE,GOBP_CEREBRAL_CORTEX_DEVELOPMENT
6,2.7212463990471698,2.7212463990471698,2.7212463990471698,1,0.17549999999999999,4.2000000000000003E-2,0.99299999999999999,NR5A1|TNFAIP6|PGR|SGPL1|GPR149|LFNG|PTX3|LHCGR|NPPC|INHBB|EIF2B4|PCYT1B|ZP3|CEBPB|CASP3|LHFPL2|ADAMTS1|NUP107|AFP|INSR|EIF2B5|UBB|LEP|BRCA2|DACH2|CYP19A1|VGF|DMC1|FOXC1|IDH1|CASP2|FST|SIRT1|VEGFA|GAS2|NPR2|RETN|ESR1|BAX|CGA|BCL2|BCL2L1|TAF4|ZFPM2|NR2F2|SFRP1|BMPR1B|FZD4|GDF9|UMODL1|ATM|PTPRN|SPO11|EIF2B2|NUPR1|GNRH1|KIT|NOTCH4|KITLG|WT1|FANCG|AMH|NRIP1|ANG|DMRTA1|FOXL2|MMP14|MMP2|ZNF830|DACH1|HYAL3|INHA|INHBA|LSM14B|ZFP42|SMAD4|KDR|UBE3A|EREG|MMP19|TIPARP|CSMD1|SLIT3|NOTCH1|NR5A2|PDGFRA|SCAPER|RAC1|FANCA|PLEKHA1|ADCYAP1R1|IMMP2L|ROBO2|AMHR2|FANCE|MSH4|FOXO3|FSHR|NOS3|SLIT2|CTNNA1|WNT4|STAT5B|ZFY|SOD1|LHX9|STAT5A|ARID5B|BCAS2,https://www.gsea-msigdb.org/gsea/msigdb/human/geneset/GOBP_DEVELOPMENT_OF_PRIMARY_FEMALE_SEXUAL_CHARACTERISTICS,109,ENR,GOBP_DEVELOPMENT_OF_PRIMARY_FEMALE_SEXUAL_CHARACTERISTICS,2.1141000000000001,0,GOBP_DEVELOPMENT_OF_PRIMARY_FEMALE_SEXUAL_CHARACTERISTICS,FALSE,GOBP_DEVELOPMENT_OF_PRIMARY_FEMALE_SEXUAL_CHARACTERISTICS
,2.6989700043360201,2.6989700043360201,2.6989700043360201,0.998,0.14710000000000001,2.2200000000000001E-2,0.87,CAV3|JARID2|DLL1|DUSP6|ADPRHL1|RARB|NLGN4X|RARG|FGF9|NPPC|AKT1|BMP10|RXRB|MYH6|IFT80|TBX5|CCNB1|CDK1|PSAPL1|TSKU|BNC2|PDLIM5|COL27A1|PI16|FES|GSK3A|MATN1|SORBS2|SPRY2|IGF1|PTPN11|RBPJ|IGF2|CER1|HLX|PRKAR1A|TGFBR3|LEP|LEPR|MAEL|NKX2-5|FOXP1|CYP19A1|MESP1|SMO|FXN|SMAD2|STK3|FOXC1|MYH10|STK4|DDR2|ECM1|PSAP|BASP1|PLAG1|NPPA|ATF2|RGS4|COMP|NPR2|TOMM70|ADRA1A|PROX1|TP73|ESR1|POC1A|FBLN5|AR|HEY2|TBX20|ZMPSTE24|CGA|BCL2|ACVR2B|BCL2L11|FOXC2|NOG|WNT2|SAV1|ZFPM2|PARP2|SERP1|MEIS1|YY1|TBX2|SKI|WWC2|WWC3|EVC|FGFR2|CTDP1|FOSL2|LATS1|EDN1|LATS2|ERBB4|WT1|PTEN|FGF7|PRLR|STC1|MEF2C|BMPR1A|RSPO2|NRG1|EXT1|PAK1|SLC6A4|SMAD1|ARX|TGFBR2|DIPK2A|SMPD3|RGS2|EHMT2|GATA4|UBE3A|HEG1|FLVCR1|MMP13|PPARA|TMEM38B|GATA6|CLDN18|KRAS|RARA|SASH3|NOTCH1|VGLL4|ABL1|FGF2|FGFR1|PIM1|GLI1|MSX2|NDRG4|CACNA2D2|IL7|YAP1|ARID2|POR|COL14A1|PRKG1|ACACB|AKAP6|MAPK11|THBS3|MAPK14|SHH|IER3IP1|TENM4|S1PR1|TGFBR1|WWC1|YBX3|KCNK2|RBP4|OSTN|RAG2|RUNX1|G6PD|FGF20|SOD1|FGF10|FGF8|FGFR3|SOX9|TGFB2,https://www.gsea-msigdb.org/gsea/msigdb/human/geneset/GOBP_ORGAN_GROWTH,169,ENR,GOBP_ORGAN_GROWTH,2.2605,2E-3,GOBP_ORGAN_GROWTH,FALSE,GOBP_ORGAN_GROWTH
,2.6989700043360201,2.6989700043360201,2.6989700043360201,0.998,0.12130000000000001,5.3699999999999998E-2,0.999,SFRP5|CABP1|TULP2|ABCC6|CHRNB2|FAM161A|LRAT|RORB|ZIC2|BBS4|GJC1|GLRA1|RDH10|AOC2|RDH5|RDH8|RPE65|PAX6|CEP250|CRYZ|ADGRV1|GUCA1A|GUCA1ANB-GUCA1A|GUCY2D|GUCY2F|RHO|UNC119|CLIC5|CLDN19|COL1A1|GABRR2|PDE6G|PDE6H|GLRB|SLC38A8|ARL6|NDP|MYO3A|PPT1|MYO3B|TACSTD2|RD3|ARR3|CHM|PDE6A|CLN8|PDE6B|PDE6C|RIMS1|KCNK9|KIFC3|CYP4V2|EYS|GJA10|RGS9BP|BBS1|ROM1|BBS2|COL18A1|EPAS1|OPN4|RDH11|RDH12|RS1|RAX|ABCA4|SEMA5B|RBP3|RLBP1|PAX2|CACNA2D4|CNGA1|CNGA3|LCTL|TIMP3|ELFN1|MYO9A|GNAT2|SLC24A1|NOB1|TRPM1|OPA1|OPA3|EYA3|EYA4|SLITRK6|GRM8|CABP4|ATXN7|IRX5|MFRP|NRL|PCARE|RPGRIP1|LAMC3|CRYBA1|EFEMP1|CCDC66|TGFBI|CACNA1F|PPEF2|ATF6|BBS10|RGS16|BBS5|BBS7|GRM6|RABGGTA|RABGGTB|CDH3|RP2|KCNJ10|ATP8A2|WDR36|VSX1|DLL4|PITPNA|IMPG2|GPR143|BFSP2|CRYGB|DRAM2|OAT|RCVRN|RGS9|MKKS|SLC4A10|CRYBA2|GRK1|CRYBA4|CRYBB1|CRYBB2|GRK7|CRYBB3|RPGR|CRYBG3|CRYGN|CRYGS|PDC|PDCL|CPLX4|HMCN1|SIX3|GUCA1B|GNAT1|GNAT3|CNNM4|OPN1SW|OPN5|LRIT3|COL11A1|COL2A1|WFS1|EML2|CNGB3|CRX|POU4F3|GJA3|GPR179|GUCA1C|IMPG1|KERA|KRT12|NYX|PDE6D|POU6F2|PRCD|PRR4|CLN5|DNAJC19|RAX2|CLN6|ZNF513|RGR|RRH|LAMB2|SOX14|RP1|USH1C|ABLIM1|HPS1|VAX2|MYO7A|MIP|SLC45A2|TH|AIPL1|TYR|CRYGD|CDH23|CLRN1|CNGB1|CRB1|CRB2|LUM|REEP6|LRIT1|NXNL2|PCDH15|RP1L1|PRPH2|SPATA7|FSCN2|BEST1|CACNB4|TULP1|USH1G|USH2A|RBP4|WHRN|VSX2|BBS9|CACNB2|NR2E1|NR2E3|DHRS3,https://www.gsea-msigdb.org/gsea/msigdb/human/geneset/GOBP_SENSORY_PERCEPTION_OF_LIGHT_STIMULUS,216,ENR,GOBP_SENSORY_PERCEPTION_OF_LIGHT_STIMULUS,2.0636000000000001,2E-3,GOBP_SENSORY_PERCEPTION_OF_LIGHT_STIMULUS,FALSE,GOBP_SENSORY_PERCEPTION_OF_LIGHT_STIMULUS
7,2.7212463990471698,2.7212463990471698,2.7212463990471698,1,0.16070000000000001,3.1699999999999999E-2,0.96399999999999997,IRX5|BMP4|CNTF|NRL|HIF1A|THY1|ABI2|FOXF2|RPGRIP1|PITX2|SAMD11|SDK2|TENM3|DLL1|PTF1A|RORB|GLI3|BBS4|IFT122|ATF4|THRB|WNT5A|BBS10|RDH13|HIPK1|SAMD7|TSKU|PAX6|PITX3|EPHA2|FJX1|RHO|TDRD7|ATP8A2|BCAR3|VSX1|CDON|EPHB2|IMPG2|SOX12|NECTIN1|FZD5|CRYGB|TFAP2B|FAT1|IFT172|TTC8|ZEB1|VEGFA|MFN2|PROX1|BAK1|BAX|SOX11|MEGF11|PRDM1|ARL6|SDK1|NDP|DIO3|WNT2|NOTCH2|TBC1D20|MEIS1|SOX4|SHROOM2|TWIST1|RPGRIP1L|SIX3|PDE6C|COL8A2|GNAT1|YY1|TBX2|SKI|CALB1|SP3|JAG1|ROM1|HCN1|RING1|GDF11|STRA6|DSCAM|ADAMTS9|WNT2B|AHI1|LARGE1|HIPK2|TFAP2A|COL8A1|HMGN1|NECTIN3|PTPRM|CTNNB1|AQP1|AQP5|NF1|RP1|USH1C|RS1|WNT9A|IHH|KDR|CITED2|NAGLU|STAT3|MAN2A1|NOTCH1|TH|WNT16|PAX2|SLC1A1|CRB1|CRB2|LCTL|FOXN4|LHX1|EPHB1|SOX1|PROM1|GNAT2|NTRK2|PHACTR4|TSPAN12|ALDH1A3|RBP4|BMP7|FAT3|ZHX2|KDM2B|C12ORF57|VSX2|FRS2|SOX9|CABP4|SOX8|LRP5|MFSD2A,https://www.gsea-msigdb.org/gsea/msigdb/human/geneset/GOBP_CAMERA_TYPE_EYE_MORPHOGENESIS,139,ENR,GOBP_CAMERA_TYPE_EYE_MORPHOGENESIS,2.1894999999999998,0,GOBP_CAMERA_TYPE_EYE_MORPHOGENESIS,FALSE,GOBP_CAMERA_TYPE_EYE_MORPHOGENESIS
26,2.6989700043360201,2.6989700043360201,2.6989700043360201,0.998,0.1459,1.0500000000000001E-2,0.504,NR5A1|BMP4|PDE3A|FZR1|LIF|NPM2|CCR6|CFAP206|NPPC|CLXN|GJA1|DHX37|IQCF1|GLRA1|IRGC|PGAM4|PRDM9|DEFB1|NKX3-1|IGF1|INSR|EPPIN|STK3|STK4|TPST2|UBE2B|EDNRB|VEGFA|NPR2|RETN|ESR1|PLA2G10|AR|AURKA|TACR2|BAX|PSMA8|BCL2L1|PLB1|RPS6KA2|PLCB1|TAC4|CIB1|RNASE10|AGO2|GDF9|YTHDC2|SEMG1|ACVR1C|SEMG2|BNC1|DAZL|TAC1|NUPR1|EAF2|SMURF2|KIF9|KIT|WDR77|WT1|INTS13|MYH9|PTGDR2|ARHGDIB|NANOS2|SNAI1|CITED2|ELF5|GCM1|PIWIL2|UNC5C|MSX1|RBM46|MSX2|WEE2|SHH|TEX101|ZP1|PKDREJ|ZP2|YBX3|BMP7|DMRT1|SIRT2|MAPK15|FBXO43|PRDM14|TACR1|TTK|ZWINT|C1QBP|C9ORF78|ASPM|GPR149|TPPP2|LFNG|INHBB|TCP11|WNT5A|ZP3|CCDC87|CFAP69|FAM170B|SYDE1|LHFPL2|OOEP|PRDX4|HORMAD1|CDC25B|CDC25C|HOXD13|YTHDF2|SERPINF1|HVCN1|NOX5|RAD51AP1|MAEL|PPP2R1A|ADAM7|SHB|SPINK1|ASTL|MEIOC|OVOL1|SPINK13|GPR3|PDIK1L|PRSS37|SPATA22|ZFPM2|PKMYT1|MEIOSIN|SFRP1|RAD1|STK11|SYCP2|HPGDS|STK35|KNL1|UMODL1|ANKRD31|ZP4|P2RY1|TRIP13|ACVR1B|PTGDS|METTL3|CDC25A|CDKN1B|ANAPC1|ABCB1|ANAPC10|SERPINA10|ANAPC11|ANAPC13|ANAPC15|ANAPC16|ANAPC2|CTNNB1|ANAPC4|ANAPC5|ANAPC7|HYAL3|INHBA|DUSP1|TMPRSS12|HDAC2|TIMP1|CDC16|CDC20|FBXO5|CDC23|CDC26|CDC27|CHFR|PLAT|DDB1|NLRP5|CNTD1|OXT|NODAL|IHO1|TAC3|TACR3|B4GALT1|PAEP|APELA|ADA|CACNA1H|CALR|SYCE3|WNT4|OVGP1|SOD1|STRA8|SOX9|SULF1|TEX11|CRISP1,https://www.gsea-msigdb.org/gsea/msigdb/human/geneset/GOBP_REGULATION_OF_REPRODUCTIVE_PROCESS,199,ENR,GOBP_REGULATION_OF_REPRODUCTIVE_PROCESS,2.4165999999999999,2E-3,GOBP_REGULATION_OF_REPRODUCTIVE_PROCESS,FALSE,GOBP_REGULATION_OF_REPRODUCTIVE_PROCESS
,2.7212463990471698,2.7212463990471698,2.7212463990471698,1,0.44890000000000002,4.5600000000000002E-2,0.995,DSG3|PKP1|CDH1|PKP3|NECTIN1|PRKCA|DSP|SNAI2|DSG2|JUP|PKP2|DSC1|GRHL1|PERP|KPRP,https://www.gsea-msigdb.org/gsea/msigdb/human/geneset/GOBP_DESMOSOME_ORGANIZATION,15,ENR,GOBP_DESMOSOME_ORGANIZATION,2.0954000000000002,0,GOBP_DESMOSOME_ORGANIZATION,FALSE,GOBP_DESMOSOME_ORGANIZATION
7,2.6989700043360201,2.6989700043360201,2.6989700043360201,0.998,0.23930000000000001,1.6500000000000001E-2,0.73199999999999998,IRX5|CNTF|NRL|THY1|CALB1|RPGRIP1|SAMD11|SDK2|DLL1|PTF1A|ROM1|HCN1|RORB|BBS4|DSCAM|THRB|AHI1|BBS10|LARGE1|RDH13|HIPK1|HIPK2|TFAP2A|SAMD7|NECTIN3|PTPRM|FJX1|RHO|RP1|USH1C|RS1|ATP8A2|IHH|NAGLU|VSX1|CDON|STAT3|MAN2A1|NOTCH1|IMPG2|TFAP2B|TTC8|SLC1A1|CRB1|CRB2|PROX1|FOXN4|LHX1|MEGF11|PRDM1|PROM1|ARL6|GNAT2|SDK1|NDP|NTRK2|DIO3|TSPAN12|RBP4|FAT3|RPGRIP1L|ZHX2|VSX2|PDE6C|GNAT1|SOX9|CABP4|SOX8|LRP5|MFSD2A,https://www.gsea-msigdb.org/gsea/msigdb/human/geneset/GOBP_RETINA_MORPHOGENESIS_IN_CAMERA_TYPE_EYE,70,ENR,GOBP_RETINA_MORPHOGENESIS_IN_CAMERA_TYPE_EYE,2.3262,2E-3,GOBP_RETINA_MORPHOGENESIS_IN_CAMERA_TYPE_EYE,FALSE,GOBP_RETINA_MORPHOGENESIS_IN_CAMERA_TYPE_EYE
31,2.7212463990471698,2.7212463990471698,2.7212463990471698,1,0.12379999999999999,1.4200000000000001E-2,0.65200000000000002,CDH1|CHRNB2|WNT3A|CBLN2|POU4F1|SIX1|ADGRF1|CSMD2|NLGN4X|NRXN2|NTRK1|OGT|ADGRB1|DNER|EFNB2|MAP1B|MARK1|SLITRK1|NTN1|PLXNB1|CNTN5|CRK|CRKL|RAP2A|LHFPL4|VLDLR|BDNF|SIX4|PLXNA2|GABRA1|NLGN4Y|GABRA2|GABRA3|GABRA4|DBNL|GABRA5|NECTIN1|GABRA6|GABRB2|GABRB3|GABRG1|GABRG2|GABRG3|DRD2|PRICKLE1|SLC12A5|ASIC2|CRTAC1|SHANK3|SRGAP2C|IL1RAPL1|CDK5|ST8SIA2|CLSTN1|COLQ|ZDHHC8|CAPRIN1|ADGRB3|KCNJ8|SHANK2|GJA10|SENP1|SIGMAR1|LGI2|IL1RAPL2|LRFN3|LATS1|SLITRK2|DSCAM|EFNA5|ERBB4|EPHA7|PTEN|FLRT2|S1PR2|DKK1|FLRT3|LARGE1|EEF2K|FGF13|ARHGAP12|MEF2C|MYCBP2|ARF6|NECTIN3|NRG3|UBE3B|FZD1|SNCA|NTRK3|PRKCA|PLXNA4|NPAS4|ARHGEF15|SEMA4C|KIRREL3|SEMA4D|MAPT|ABL1|ADNP|PLXNC1|PTK2B|ADGRB2|AMIGO2|LINGO2|RAC1|ELMO1|LINGO4|PTPN1|LRRC24|RAC3|LRRN1|LRRN3|PTPRS|FARP1|FLRT1|LRTM2|ADGRL2|SPTBN2|ADGRL3|GPM6A|RTN4|DOCK4|IQSEC2|SETD5|PCDHB6|EPHB1|LRP4|LRRTM3|ELFN1|NTRK2|PUM2|NRCAM|PLXNB3|RHOG|NPTX1|TPBG|AMIGO3|ZDHHC12|SLITRK6|ZDHHC2|DOCK10|AGRN|SDK2|TLR2|AMIGO1|PLXNA1|PLXNB2|WNT5A|GPRASP3|NPTN|LRRTM1|PTPN13|RAB29|CRIPT|GABRE|PDLIM5|CLSTN2|SLC25A46|GRM6|CBLN4|BSN|EIF4G1|CDH2|SLITRK5|DLG5|CHD4|DNM3|EPHB2|CUX2|NCKIPSD|NUMBL|TRIM47|LRRC4|FZD5|LIN7A|SRGAP2B|LIN7B|SLITRK3|LIN7C|LZTS1|ACHE|CC2D1A|NAE1|NLGN1|NLGN2|CYFIP2|NRXN1|PCDH17|VPS35|PCLO|SDK1|NEDD8|PDZD11|RAB17|ASIC1|GNA13|IGSF11|SYNDIG1|LRIT3|MUSK|CARMIL3|ARHGAP33|SRPX2|GRIA1|NEURL1|ABI3|ARHGEF9|SRGAP2|CASKIN1|CBLN1|DRD1|DOCK1|GAP43|LRFN1|LRFN4|LRRC4B|LRRTM2|PLXND1|CTNNB1|UBE2M|VSTM5|GRID2|THBS2|NTNG2|PTPRD|GPC4|LRFN5|SPOCK2|PPP1R9B|NLGN3|GNPAT|FGFR1|GHRL|IL1RAP|WNT7A|CRMP1|GHSR|HTR4|PLXNA3|SLITRK4|RELN|CLSTN3|ICAM5|ADD2|NEGR1|ROBO2|STAU2|RTN4R|ARMCX5-GPRASP2|PCDHB10|RYK|APP|C1QL2|DVL1|MDGA1|PCDHB11|C1QL3|PCDHB13|GPHN|OXT|PCDHB14|PCDHB16|PCDHB2|PCDHB3|PCDHB4|PCDHB5|PCDHB9|SLIT1|VSIG10|SEMA4A|FBXO45|MECP2|EPHB3,https://www.gsea-msigdb.org/gsea/msigdb/human/geneset/GOBP_SYNAPSE_ASSEMBLY,274,ENR,GOBP_SYNAPSE_ASSEMBLY,2.3571,0,GOBP_SYNAPSE_ASSEMBLY,FALSE,GOBP_SYNAPSE_ASSEMBLY
19,2.2146701649892302,2.2146701649892302,2.2146701649892302,0.99390000000000001,0.25419999999999998,3.3000000000000002E-2,0.97199999999999998,AGO4|ANKRD31|SPO11|CCNE1|CCNE2|TERB1|TERB2|TRIP13|MRE11|PRDM9|SIRT7|HORMAD1|BRIP1|EHMT2|C14ORF39|MAEL|DMC1|NDC1|FANCD2|UBE2B|P3H4|C1ORF146|CCNB1IP1|KASH5|MAJIN|MCMDC2|MEIOC|IHO1|BAG6|MEI4|MLH3|TEX15|MND1|SPATA22|MSH4|MSH5|STAG3|PSMC3IP|SUN1|SYCE1|SYCE1L|SYCE2|RNF212|SYCP2|RNF212B|TEX12|SHOC1|SYCE3|SYCP1|TEX11|REC8|MLH1|ZCWPW1,https://www.gsea-msigdb.org/gsea/msigdb/human/geneset/GOBP_HOMOLOGOUS_CHROMOSOME_PAIRING_AT_MEIOSIS,53,ENR,GOBP_HOMOLOGOUS_CHROMOSOME_PAIRING_AT_MEIOSIS,2.1709000000000001,6.1000000000000004E-3,GOBP_HOMOLOGOUS_CHROMOSOME_PAIRING_AT_MEIOSIS,FALSE,GOBP_HOMOLOGOUS_CHROMOSOME_PAIRING_AT_MEIOSIS
14,1.7958800173440801,1.7958800173440801,1.7958800173440801,0.98399999999999999,7.51E-2,7.6899999999999996E-2,1,CACNG4|CACNG5|CACNG8|CHRNA3|CNTNAP4|PMCH|CHRNB2|MTMR2|WNT3A|CHRNB4|CBLN2|PRRT1|SHISA7|YWHAH|ADGRB1|GNAO1|MAP1B|NEFH|PAFAH1B1|NEFL|CAMKV|ARRB2|GSK3B|IGF1|GUCY1A1|TSHZ3|INS|MYOF|ADORA3|KMO|CNTN4|DRD2|GABRR1|CNRIP1|GLRA2|GLRA3|PLK2|TACR2|FLOT1|NPY|DLGAP3|DLGAP4|GRIA3|GRIK1|PLCB1|GRIK2|MCTP1|CD38|MCTP2|CACNG7|PLCL1|PLCL2|PPP1R9A|SLC30A1|SHANK2|SLC8A2|TPRG1L|CPEB3|PLPPR4|TAC1|EPHA7|LRP8|PAIP2|PTEN|CLN3|PINK1|FXR2|GRID1|NRG3|GRM1|GRM5|NTF3|SNCA|HOMER1|HRH1|TNF|UCN|MPP2|NPAS4|MICU3|TUBB2B|ABL1|AGER|PRKCE|PTPRS|NRN1|SLC8A3|CACNA1A|IQSEC2|NFATC4|NCSTN|NTRK2|GRIN1|SLC6A6|YTHDF1|JPH3|SLC6A9|ZMYND8|JPH4|SLC7A10|PRKCZ|LRRK2|NPY2R|P2RX3|APOE|ADORA2B|CD2AP|DYSF|CHRNA7|AKAP7|FAAH|CA2|CA7|PREPL|CAMK2B|CAMK2G|CELF4|RAB11A|PCDH8|NPTN|SYNGAP1|TRIO|TYROBP|CLSTN2|GRIN2B|GRIN2D|NRGN|GRM6|SORCS3|RAB8A|GSG1L|SHISA6|SHISA8|SHISA9|SLITRK5|KCNJ10|PRKCG|CUX2|LRFN2|EIF4A3|LRRC4|FAM107A|FMR1|PXK|RGS4|YWHAG|ACE|GPR158|CNTN2|RGS14|STXBP5|APBA2|SORCS2|PNKD|ASIC1|C22ORF39|BAIAP2|IGSF11|IGSF21|CYFIP1|KAT2A|UBE2I|ADORA2A|BACE1|VAMP2|GRM7|CASK|VPS13A|DRD1|DRD3|CALM2|EPHA4|ARF1|KCNMB4|DBN1|CHRM2|NSMF|ADRA2A|FXR1|ANAPC2|GRID2|GRIN3A|RPS6KB1|CHRM1|GRIN2A|GRIN2C|LRRC4C|BTBD9|CRH|PRKN|STAT3|PPP3CB|EIF4EBP2|NEO1|NLGN3|CDC20|NPY5R|SYT7|GHRL|WNT7A|GHSR|PLAT|SLITRK4|CLMP|RELN|VPS18|ADIPOQ|SYAP1|NMU|HCRT|APP|DVL1|OXT|PPP3CA|BCR|FBXL20|KCNK2|KCTD13|TNR|SCT|FBXO2|MAPK1|MAPK3|FBXO45|CCL2|GIT1|NR2E1|CDH1|CFL1|NEUROD2|GIPC1|CCR2|HTR2A|NLGN4X|NRXN2|NGF|NTRK1|DAG1|RAP1A|EFNB3|RAP1B|EIF2AK4|FER1L5|RAPGEF2|BCHE|LAMP5|SNCAIP|CNR2|SLC38A2|CREB1|PSEN1|CX3CL1|CX3CR1|MAPK8IP2|PPP3R1|BDNF|MAP1A|MAPK9|VGF|MDM2|HIP1|DCC|RETN|ADRA1A|ADORA1|AKAP5|DRD5|ARHGAP44|PFN1|PFN2|PICK1|ATAD1|CACNA1B|BRAF|MME|SHANK1|SHANK3|CACNG2|GPR151|CALM3|STAU1|CAMK2A|CDK5|OTOF|PPFIA3|TMEM25|CLSTN1|CPLX1|RIMS1|RIMS3|IL1B|RIMS4|USP46|SV2B|SV2C|CALB1|FYN|SYT12|ITGB1|GRIN3B|EDN1|HRAS|KIT|RNF167|KCNB1|S1PR2|DKK1|LARGE1|LGMN|CALB2|MEF2C|GRID2IP|NGFR|GPER1|TSPOAP1|HDAC6|CHRNA5|CHRNA6|NSG1|CHRNB3|GRIA2|GRIK4|PENK|NF1|PRNP|RAB3GAP1|RAPSN|UBE3A|KRAS|MAPT|PLG|PRKCB|ADNP|PTK2B|CACNA2D2|PTN|RAC1|SLC1A1|RTN4|CACNG3|NALCN|STX3|EPHB1|CRHR2|SLC24A1|SLC24A2|LGI1|PRKACA|KCNQ3|SLC12A2|ACP4|ZDHHC12|GRIK3|GRM2|GRM3|ZDHHC2|GRM4|GRM8|TACR1|ZDHHC3|SYNGR1|ABR|ADRB2|PRKAR1B|RIMS2|RAB3A|ATP1A2|ATG5|ATF4|WNT5A|ATP2A2|CDH11|LRRTM1|CALM1|SIPA1L1|BAIAP3|CHMP2B|CHRDL1|BRSK1|S100B|CBLN4|BSN|SQSTM1|SSH1|KMT2A|ZDHHC17|DTNBP1|EPHB2|HMGCR|SLC4A8|NTF4|SNCG|SRF|HAP1|KIF5B|EIF4E|INA|GFAP|SLC4A10|RASGRF1|LZTS1|RASGRF2|ACHE|NLGN1|NLGN2|NRXN1|PCDH17|VPS35|CPLX2|NOG|CPLX4|PPFIA2|DLG4|SEPTIN5|GGCX|F2R|SNAP25|PHF24|SCTR|ABHD6|GNAI2|STXBP1|GRIK5|SYBU|SYN1|SYN3|SYT11|RAB5A|SYT4|DLGAP1|DLGAP2|ITPR3|NXPH1|NXPH4|PRKAR2B|UNC13A|PACSIN2|PRRT2|UNC13C|HCN1|GRIA1|NEURL1|PDE9A|P2RX1|P2RY1|SNAPIN|SERPINE2|SNX14|CBLN1|CDKL5|DISC1|DGKE|CSPG5|OPHN1|AKAP12|NETO1|STX1A|TMEM108|STX1B|STX4|LRRTM2|SYP|SLC6A4|SYT1|SLC7A11|SYT13|SYT2|LAMA2|NTNG1|SYT5|NTNG2|PTPRD|SYT8|FRRS1L|FABP5|JAK2|USP8|RARA|SLC1A3|GRIA4|SLC38A1|TBC1D24|CALHM2|BGLAP|ARC|CLSTN3|LILRB2|CYP46A1|STAU2|NCDN|APBA1|ITPKA|BEST1|CACNB4|GABBR1|ADCY1|ADCY8|DMPK|MECP2|CAMK2D,https://www.gsea-msigdb.org/gsea/msigdb/human/geneset/GOBP_REGULATION_OF_TRANS_SYNAPTIC_SIGNALING,500,ENR,GOBP_REGULATION_OF_TRANS_SYNAPTIC_SIGNALING,1.9615,1.6E-2,GOBP_REGULATION_OF_TRANS_SYNAPTIC_SIGNALING,FALSE,GOBP_REGULATION_OF_TRANS_SYNAPTIC_SIGNALING
15,2.7212463990471698,2.7212463990471698,2.7212463990471698,1,0.38719999999999999,5.9999999999999995E-4,1.4999999999999999E-2,CAV1|CTSS|PHLDB2|CMA1|ITGB1|RIC8A|PHLDB1|PLOD3|SPINT2|DAG1|COL3A1|GAS2|NID2|PRICKLE1|FLRT2|LARGE1|PXDN|COL4A1|POMGNT1|COL6A1|RAMP2|POMT2|NTN4|HPN|EXT1|FSHR|LAMA1|LAMC1|CAV2|LAMA2|LAMB1|LAMB2|FKRP|HMCN1|FERMT1|NID1|CLASP1|CLASP2|FKTN|MMP11,https://www.gsea-msigdb.org/gsea/msigdb/human/geneset/GOBP_BASEMENT_MEMBRANE_ORGANIZATION,40,ENR,GOBP_BASEMENT_MEMBRANE_ORGANIZATION,2.8948,0,GOBP_BASEMENT_MEMBRANE_ORGANIZATION,FALSE,GOBP_BASEMENT_MEMBRANE_ORGANIZATION
1,2.7212463990471698,2.7212463990471698,2.7212463990471698,1,0.31609999999999999,0,0,ODAD4|TOGARAM1|CFAP206|STK36|CLXN|DRC1|ODAD2|RSPH4A|TTLL3|TTLL8|CEP131|CFAP69|SPAG16|DNAJB13|DNAAF10|DNAAF2|CFAP46|CFAP74|LRGUK|CFAP91|CLUAP1|HOATZ|LRRC23|HYDIN|OFD1|SPACA9|UBE2B|CFAP58|FBXO24|IFT56|SPEF2|JHY|DNAI3|FOXJ1|PLA2G3|CPLANE2|TTLL1|CFAP100|CFAP73|DNAAF5|DNAAF6|DNAH2|DNAH7|SPAG1|TEKT2|CFAP157|CFAP47|CFAP57|CFAP65|CFAP97D1|DNAH1|DNAI1|DRC7|MEIG1|TTC12|TTLL5|PDCL2|PIERCE1|ZMYND12|TPGS1|DAW1|BBOF1|CCDC40|BBS2|DNAI4|DNAAF1|NEURL1|DCX|CCDC39|DNAAF4|DNAI2|MNS1|PIERCE2|ODAD3|RP1|RSPH1|RSPH9|ARMC2|CCDC146|CFAP43|CFAP44|TBC1D21|SPAG6|DNAH5|LRRC46|DNAAF3|RSPH6A|ZMYND10|CCDC63|SPEF1|DNAAF8|SPAG17|DNAH17|DNAH8|DNAL1|LRRC61|ODAD1|RP1L1|CC2D2A|DNAAF11|FSIP2,https://www.gsea-msigdb.org/gsea/msigdb/human/geneset/GOBP_AXONEME_ASSEMBLY,101,ENR,GOBP_AXONEME_ASSEMBLY,3.6634000000000002,0,GOBP_AXONEME_ASSEMBLY,FALSE,GOBP_AXONEME_ASSEMBLY
,2.7212463990471698,2.7212463990471698,2.7212463990471698,0.99809999999999999,0.3271,4.2000000000000003E-2,0.99299999999999999,KCNJ8|NPY5R|ADORA2A|GIPC1|GRM7|GJA1|PRKG1|P2RX7|ABCC8|ADORA1|AVP|AVPR1A|NTRK2|SLC38A2|SNCA|APBA1|BEST1|GABBR1|KCNK2|NTSR1|TRH|NF1|STXBP1|RAB3GAP1|GRM2|KCNK1|KMO|SYT4|DTNBP1|PIANP,https://www.gsea-msigdb.org/gsea/msigdb/human/geneset/GOBP_GLUTAMATE_SECRETION,30,ENR,GOBP_GLUTAMATE_SECRETION,2.1156000000000001,1.9E-3,GOBP_GLUTAMATE_SECRETION,FALSE,GOBP_GLUTAMATE_SECRETION
30,1.99139982823808,1.99139982823808,1.99139982823808,0.98980000000000001,0.10879999999999999,7.4200000000000002E-2,1,SLC6A2|WNK3|WNK4|DLG1|DMD|AKT1|YWHAH|FGF12|FXYD1|P2RX7|HCN4|BPIFA1|SLC6A16|PCSK9|KCNE3|WNK2|SLC34A1|SLC38A2|SLC5A3|ATP1B2|ATP1B3|SLC28A3|SLC4A4|PKP2|NEDD4L|SCN10A|SCN1A|SCN1B|SCN2A|SCN3A|SCN3B|SCN4A|SCN4B|SCN5A|SCN7A|SCN8A|SLC38A3|SLC38A5|SLMAP|DRD2|EDNRB|NPPA|SNTA1|PKD2|ASIC2|SLC10A1|SLC20A2|SLC34A2|SLC34A3|SLC6A19|KCNK3|UTRN|ANK3|TESC|TPCN1|NDUFA9|SLC4A7|MCOLN3|SLC17A3|KCNK9|SCNN1B|SLC24A4|SLC8A2|UMOD|EDN1|EDNRA|SLC5A5|SLC13A1|SLC13A4|FGF13|TRPM5|COMMD1|NOS1|HCN2|AHCYL1|SCNN1A|SCNN1D|SCNN1G|OXSR1|P2RX4|KCNK1|SLC13A2|SLC13A5|SLC17A1|SLC17A2|SLC17A4|SLC17A8|FXYD5|SLC23A2|PRKCE|CATSPER3|CATSPER4|CNGA1|CNGA3|SLC41A3|CNGA4|SLC8A3|CNTN1|SPTBN4|NALCN|SLC38A11|SLC38A4|SLC38A7|SLC24A1|SLC24A2|SLC6A15|GRIN1|SLC24A3|SLC6A17|SLC24A5|SLC6A5|SLC6A6|SLC6A7|NOS3|SLC6A9|SLC12A2|SLC8B1|WNK1|STK39|SLC8A1|CAV3|ADRB2|TRPM2|ASIC5|TRPM4|ATP12A|ATP1A1|ATP1A2|ATP1A3|ATP1A4|ATP1B1|ATP4A|ATP4B|SLC5A10|SLC5A9|ACTN4|FXYD3|FXYD4|FXYD6|FXYD7|ATP6V1B1|PER1|ATP2B4|SIK1|SLC20A1|SLC22A4|RANGRF|FXYD2|KCNJ1|NKX2-5|SLC4A8|SLC17A6|ASIC4|SLC17A7|NKAIN1|NKAIN2|NKAIN3|NKAIN4|OSR1|PRSS8|KLHL3|PON3|SLC4A10|SLC4A11|SLC9A1|SLC9A2|SLC9A3|SLC9A4|SLC9A5|SLC9A6|TRPV3|SLC5A7|SLC9A7|MCOLN1|SLC9A8|SLC9A9|SLC9B1|NEDD4|SLC9B2|SLC9C1|SLC9C2|SHROOM2|ASIC1|ASIC3|GPD1L|GUCA2B|CNNM4|PKD2L1|GRP|ATP1B4|COMMD3|SLC5A4|MLLT6|HCN1|HCN3|SLC5A2|SLC6A1|SCN2B|SCN9A|CHP1|SLC23A1|SERPINE2|SCN11A|AGT|SLC10A7|SLC4A5|SLC6A4|SLC5A11|GRIN2A|SLC13A3|PTPN3|SLC5A6|SLC6A12|SLC6A13|SLC6A14|TGFB1|SLC38A1|SLC6A20|SLC6A8|TPCN2|CNGB1|SLC10A2|KCNQ1|SLC10A4|SLC10A5|SLC10A6|SLC41A1|COMMD9|ANO6|SLC5A12|SLC5A8|SLC6A11|SLC6A3|NHERF1|SLC12A1|CNKSR3|SGK1|CLCNKB|SLC22A5|MAGED2|SLC4A9|SLC5A1|SLC12A3|DMPK|SLC6A18|CAMK2D,https://www.gsea-msigdb.org/gsea/msigdb/human/geneset/GOBP_SODIUM_ION_TRANSPORT,246,ENR,GOBP_SODIUM_ION_TRANSPORT,1.9710000000000001,1.0200000000000001E-2,GOBP_SODIUM_ION_TRANSPORT,FALSE,GOBP_SODIUM_ION_TRANSPORT
,2.7212463990471698,2.7212463990471698,2.7212463990471698,1,0.38890000000000002,1.6799999999999999E-2,0.76900000000000002,OCA2|SOX10|MEF2C|USP13|BLOC1S6|CITED1|RAB27A|ADAMTS20|OR51E2|GLI3|EDN3|EDNRB|KIT|KITLG|ADAMTS9|ENPP1|HPS4|LRMDA|MITF|MREG|TYRP1|ZEB2|BCL2|GNA11,https://www.gsea-msigdb.org/gsea/msigdb/human/geneset/GOBP_MELANOCYTE_DIFFERENTIATION,24,ENR,GOBP_MELANOCYTE_DIFFERENTIATION,2.3108,0,GOBP_MELANOCYTE_DIFFERENTIATION,FALSE,GOBP_MELANOCYTE_DIFFERENTIATION
1,2.7212463990471698,2.7212463990471698,2.7212463990471698,1,0.25240000000000001,0,0,CCR6|CFAP206|SPEM3|TSSK4|CFAP45|CLXN|DRC1|BBS4|IQCF1|IRGC|IQUB|RSPH4A|PGAM4|CEP131|ROPN1B|CFAP221|CFAP54|DEFB1|DNAH9|SPAG16|TLE6|DZIP1|EPPIN|CFAP126|CFAP161|DNAAF2|CFAP46|HOATZ|LRRC23|SPACA9|UBE2B|KLC3|TEKT1|TEKT4|TEKT5|TACR2|DNAI3|PLA2G3|TUBA1A|DYNC2H1|CCDC159|CEP128|CFAP119|CFAP157|CFAP47|CFAP53|TAC4|CFAP57|RNASE10|CFAP61|CFAP65|CFAP97D1|DNAH1|CABS1|DNAI1|DNALI1|CFAP107|DNHD1|CFAP141|DRC7|CFAP144|MEIG1|CFAP210|TTC12|CFAP251|TTLL5|CFAP276|SEMG1|ZMYND12|CFAP68|SEMG2|CFAP77|CFAP90|CFAP95|CIMAP1A|CIMIP2A|PACRG|CIMIP2C|DNAH10|BBOF1|DNAH14|BBS1|DNAH3|BBS2|DNAH6|TAC1|EFCAB6|GARIN2|CCDC39|KIF9|RIBC1|RIBC2|SAXO4|SPMIP10|SPMIP11|SPMIP6|SPMIP8|TEKTIP1|TEKTL1|TTLL9|GAS2L2|INTS13|ARMC2|CCDC146|ING2|CFAP43|CFAP44|DNAH5|DPCD|TSSK6|SLC22A14|RSPH6A|CATSPER1|CATSPER2|CATSPER3|CATSPER4|SEPTIN4|ARMC12|PRSS55|TEX101|DDX4|APOB|PRDM14|TACR1|CFAP20|TPPP2|ARMC3|EFHC1|ATP1A4|CELF3|TTLL3|TTLL6|TTLL8|CATSPERD|CATSPERE|EFHB|EFCAB9|CFAP69|ATP2B4|SLIRP|VDAC3|CEP78|RFX3|ADAM7|PLTP|AKAP3|CFAP58|IFT81|SPEF2|MKKS|TTC21A|CCDC38|SLC9B1|SLC9B2|TTLL1|SLC9C1|DNAAF6|DNAH2|DNAH7|TEKT2|LZTFL1|GARIN3|KIAA0319L|PDCL2|PIERCE1|PFN4|CCNYL1|TPGS1|ROPN1|ROPN1L|POC1B|ASH1L|CCDC40|NEURL1|SMCP|TEKT3|VPS13A|YIF1B|CATSPERZ|QRICH2|TUBB4B|SORD|TMEM232|EFHC2|CFAP52|ENKUR|MNS1|PIERCE2|ODAD3|LDHC|TMF1|NME7|RSPH9|TBC1D21|SPAG6|SPAG8|LRRC46|NME8|DNAH17|DNAH8|INPP5B|NPHP4|DNAH11|TAC3|TACR3|SLC22A16|ADCY3|GAPDHS|DNAAF11|FSIP2,https://www.gsea-msigdb.org/gsea/msigdb/human/geneset/GOBP_CILIUM_OR_FLAGELLUM_DEPENDENT_CELL_MOTILITY,210,ENR,GOBP_CILIUM_OR_FLAGELLUM_DEPENDENT_CELL_MOTILITY,4.141,0,GOBP_CILIUM_OR_FLAGELLUM_DEPENDENT_CELL_MOTILITY,FALSE,GOBP_CILIUM_OR_FLAGELLUM_DEPENDENT_CELL_MOTILITY
23,2.7212463990471698,2.7212463990471698,2.7212463990471698,1,0.13689999999999999,6.7999999999999996E-3,0.32900000000000001,BMP4|HAND2|HIF1A|FOXA1|WNT11|FOXF2|PITX2|CFL1|SIX1|NKX2-1|WNT8A|TCF21|TBX5|KBTBD8|MARK1|RDH10|CDC42|SPRED1|SPRED2|SPRED3|LAMA5|PPP2CA|GSK3B|HPN|SPRY1|SPRY2|IGF1|RBPJ|RGCC|PPP3R1|USF3|BAMBI|MTOR|OVOL2|HEY1|HEYL|SIX2|SMO|TMEM100|NRTN|EFNA1|FOXC1|NCAM1|EOMES|COL1A1|DAB2IP|EDN3|EDNRB|VEGFA|EMP2|RFLNB|SERPINB3|HEY2|TBX20|BCL2|GATA3|RPS7|RADIL|TBX3|ADIPOR1|GREM1|GSC|IL1B|BCL9L|ADAM15|OLFM1|FGFR2|TCOF1|EDN1|EDNRA|NOTCH4|KITLG|ELL3|ERBB4|PTEN|VASN|SDHAF2|EZH2|RANBP3L|MEF2C|MDK|NRG1|SP6|GDNF|WNT10A|NRP2|HGF|HNRNPAB|OTUD5|PDCD4|LOXL2|DAB2|SEMA3A|SEMA3B|SEMA3C|SFRP2|SEMA3D|SEMA3E|SNAI1|SEMA3G|SEMA4B|SEMA4C|SEMA4D|SEMA4F|CITED2|SEMA4G|SEMA5B|SEMA6A|SEMA6B|SEMA6C|SEMA6D|POLR1B|SDCBP|WNT16|MSX1|EPB41L5|MSX2|PTK2|WWTR1|PAX2|AMER1|TBX1|ZNF703|KAT8|RET|SNAI2|AXIN2|ROCK1|RTN4|SHH|ENG|SOX10|TGFBR1|DACT3|SLC39A6|KLHL12|ALX1|PHACTR4|BMP7|NOLC1|LRP6|CUL7|BMP2|ARB2A|ZNF750|FGF10|FGF8|SPSB3|SOX8|TGFB2|HMGA2|PDCD6|PEF1|EPHA3|FN1|KDM1A|MAD2L2|LIMS1|WNT5A|TRIM62|ACVR1|TIAM1|FAM83D|TASOR|S100A4|SMAD3|DDX17|TGFBR3|CDH2|FRZB|TNXB|DLG5|DDX5|EFNB1|LOXL3|LDLRAD4|SMAD2|SEMA7A|OSR1|SMAD7|TGFB3|MCRIP1|CORO1C|FOXC2|NOG|WNT2|FOXA2|SFRP1|TRIM28|TWIST1|AMELX|HAS2|ACVRL1|APLF|JAG1|PDPN|DSG2|EPHA4|POFUT2|CYP26C1|AGT|FUZ|BMPR1A|TGFB1I1|CTNNB1|EXT1|TCF7L2|HES1|TGFBR2|FOLR1|ISL1|SMAD4|HDAC2|TAPT1|ZEB2|AKNA|TGFB1|NOTCH1|FGFR1|NRP1|GATA5|HTR2B|CRB2|ADAM8|QKI|SEMA3F|SEMA5A|LEF1|SLC39A10|FBXL17|IL6|IL17RD|BMP5|TGFBR3L|ALDH1A2|FBXO11|ROCK2|MAPK1|MAPK3|SEMA4A|FERMT2|WNT4|FGF19|STAT1|SOX9|GCNT2|GLIPR2|LRG1|ZFP64,https://www.gsea-msigdb.org/gsea/msigdb/human/geneset/GOBP_MESENCHYMAL_CELL_DIFFERENTIATION,249,ENR,GOBP_MESENCHYMAL_CELL_DIFFERENTIATION,2.4937,0,GOBP_MESENCHYMAL_CELL_DIFFERENTIATION,FALSE,GOBP_MESENCHYMAL_CELL_DIFFERENTIATION
14,2.23657200643706,2.23657200643706,2.23657200643706,0.99419999999999997,0.16650000000000001,6.7699999999999996E-2,1,CACNG4|NAPA|CACNG5|CACNG8|CNIH2|CNIH3|CCR2|HTR2A|NTRK1|ATP1A2|ABTB3|SLC38A2|CDH8|GRIN2B|GRIN2D|GRM6|PSEN1|CLCN3|TSHZ3|MAPK8IP2|ALS2|KMO|DTNBP1|SLC17A6|SLC17A7|NR3C1|DRD2|ADORA1|NLGN1|NLGN2|NRXN1|ATAD1|SHANK3|CACNG2|CDK5|GRIA3|GRIK1|GRIK2|STXBP1|GRIK5|CACNG7|KCNJ8|ADORA2A|TPRG1L|UNC13A|UNC13B|PLPPR4|UNC13C|HCN1|GRIA1|GRIN3B|GRM7|P2RX1|DSCAM|RNF167|SERPINE2|DRD1|CLN3|DRD3|DKK1|DISC1|ABCC8|OPHN1|MEF2C|GRID1|GRM1|GRM5|HDAC6|FXR1|HOMER1|EXT1|SYT1|GRIA2|GRID2|GRIK4|GRIN3A|TNF|UCN|NF1|FRRS1L|RAB3GAP1|GRIN2A|GRIN2C|SLC1A4|PRKN|NAPB|NLGN3|GRIA4|SLC17A8|PTK2B|RELN|CLSTN3|CACNG3|IQSEC2|GRIN1|CACNB4|TNR|VPS54|LRRK2|NPY2R|GRIK3|GRM2|CCL2|GRM3|GRM4|GRM8,https://www.gsea-msigdb.org/gsea/msigdb/human/geneset/GOBP_SYNAPTIC_TRANSMISSION_GLUTAMATERGIC,106,ENR,GOBP_SYNAPTIC_TRANSMISSION_GLUTAMATERGIC,1.9979,5.7999999999999996E-3,GOBP_SYNAPTIC_TRANSMISSION_GLUTAMATERGIC,FALSE,GOBP_SYNAPTIC_TRANSMISSION_GLUTAMATERGIC
21,2.6989700043360201,2.6989700043360201,2.6989700043360201,0.998,0.32,6.1400000000000003E-2,1,THBS1|PLG|HRG|PLAT|PLAU|PROS1|CPB2|F11|ANXA2|F12|SERPINB2|FAP|FGG|SERPINE1|GP1BA|THBD|SERPING1|USF1|VTN|KLKB1|F2|SERPINF2|KRT1|FGA|FGB|PLAUR|APOH,https://www.gsea-msigdb.org/gsea/msigdb/human/geneset/GOBP_FIBRINOLYSIS,27,ENR,GOBP_FIBRINOLYSIS,2.0217000000000001,2E-3,GOBP_FIBRINOLYSIS,FALSE,GOBP_FIBRINOLYSIS
13,2.7212463990471698,2.7212463990471698,2.7212463990471698,0.99809999999999999,9.8199999999999996E-2,2.2499999999999999E-2,0.86499999999999999,RBPMS|BMP4|RBPMS2|CHRDL2|ONECUT1|DKK3|SKOR1|VWC2L|MTMR4|PMEPA1|CCN3|GIPC1|FGF9|BMP10|NPNT|GDF10|HSP90AB1|NKX2-1|OGT|ING1|RUNX2|TGIF1|WFIKKN1|WFIKKN2|DLX5|SPRED1|SPRED2|PPM1L|SPRED3|FUT8|APPL1|APPL2|ARRB2|CRKL|CREB1|HDAC1|SLC39A5|SPRY1|SPRY2|RBPJ|RGCC|LPXN|SH2B1|ITGB5|ITGB6|KCP|SCUBE3|ATOH8|BAMBI|SRC|GREM2|BRMS1|FSTL1|OVOL2|TMEM100|PIAS2|SNW1|ASPN|NFIA|DLX3|ID1|FST|GDF6|TSC22D1|IL17F|SMAD5|EMILIN1|PEG10|ATF2|FSTL4|SCX|RNF111|STRAP|NLK|TBX20|BMPR2|SOX11|HTRA1|SELENON|DLX1|PSG9|NDP|TP53|NOTCH2|GDF15|CAV2|GREM1|RBBP4|GDF9|GOT1|BCL9|ADAM9|BCL9L|ACVR1C|SKI|USP9Y|ARK2C|ITGA3|CITED1|AXIN1|CCN1|CLDN5|ITGB1|FOS|SKOR2|ECSIT|LATS1|LATS2|SMURF2|HSPA5|PELO|VASN|DKK1|MAGI2|SFRP4|ZBTB7A|MEGF8|NCLN|BMP6|NOMO1|DACT2|FZD1|NOMO3|MSTN|PDCD4|HES5|NBL1|DAB2|INTS9|SMPD3|UBE2D1|UBE2D3|SFRP2|SKIL|ZMIZ1|SMAD6|ZMIZ2|KDR|CITED2|ING2|CFC1|CRIPTO3|TGIF2|PDPK1|XBP1|ABL1|SDCBP|USP9X|GDF5|MSX1|MSX2|PTK2|WWTR1|ZNF703|FNTA|PALS1|SHH|ENG|TGFBR1|ARID4A|TOB1|ARID4B|CREBBP|UBE2O|PRDM16|TMPRSS6|LOX|MECOM|USP15|LTBP2|PCSK6|ZFYVE9|BMP7|ELAPOR2|SPI1|BMP2|PIN1|SIN3A|DMRT1|JUN|FGF10|GDF3|HOXA13|SOSTDC1|TAB1|TTK|TGFB2|THBS1|CAV1|CAV3|PPARG|TNFAIP6|ZC3H3|INHBB|LRRC32|FKBP1A|PPM1A|WNT5A|TSKU|TWSG1|DUSP22|ACVR1|BRMS1L|FSTL5|SAP130|SAP30|SAP30L|EGR1|SINHCAF|PTPRK|SNX25|CHRDL1|SMAD3|CER1|HFE|PML|XIAP|DAND5|TGFBR3|CRIM1|FBN2|CDH3|ERO1A|LTBP1|MEN1|DDX5|CDKN1C|MYOCD|CDKN2B|DSG4|NRROS|CILP|EID2|FAM89B|LDLRAD4|LTBP4|UCMA|VEPH1|LRP1|DACT1|SMAD2|FKBP8|TET1|TFAP2B|SMAD7|ZEB1|ZNF451|ZYX|AKAP3|TGFB3|SIRT1|SLC2A10|COL3A1|ERFE|COMP|ETV2|SUDS3|SORL1|TGFBRAP1|POU5F1|SPTBN1|MAP1LC3A|ACVR2B|MAP3K7|FBN1|FSTL3|GLG1|NOG|SFRP1|HSPA1A|STK11|BMPR1B|ZNF423|CHST11|NREP|APOA1|ILK|ACVRL1|BECN1|SOST|ONECUT2|CD109|GDF11|CDH5|SMURF1|NUMA1|GLCE|ITGA8|ACVR1B|AMH|CRIPTO|CHRD|SNX6|HIPK2|SPART|FOXD1|BMPR1A|STUB1|TGFB1I1|CIDEA|WNT1|FURIN|EXT1|SMAD1|HES1|TGFBR2|INHBA|FOLR1|KIAA0319|FERMT1|JAK2|LRP2|SMAD4|GATA4|ITGB8|HDAC2|PARP1|ZEB2|FKBP1C|GPC3|PPARA|VWC2|IGSF1|LEMD3|STAT3|NEO1|PRMT1|TGFB1|NOTCH1|GPR155|CTDSPL2|CSNK2B|HJV|FAM83G|HIVEP1|CRB2|RGMB|ZNF8|ADAM17|PXN|RGMA|ACVR2A|ADISSP|LTBP3|MAPK14|GDF7|TMEM53|COL1A2|PBLD|ADAMTSL2|NODAL|AMHR2|FBXL15|FMOD|HTRA3|LEF1|HTRA4|IL17RD|TMEM119|LEFTY1|HPGD|RASL11B|BMP5|BMPER|SMAD9|TGFBR3L|TRIM33|EP300|FOXH1|FLCN|PALM2AKAP2|MAPK3|RBBP7|FERMT2|NGLY1|SULF1|GCNT2|NUP93|LRG1,https://www.gsea-msigdb.org/gsea/msigdb/human/geneset/GOBP_CELL_SURFACE_RECEPTOR_PROTEIN_SERINE_THREONINE_KINASE_SIGNALING_PATHWAY,379,ENR,GOBP_CELL_SURFACE_RECEPTOR_PROTEIN_SERINE_THREONINE_KINASE_SIGNALING_PATHWAY,2.2629999999999999,1.9E-3,GOBP_CELL_SURFACE_RECEPTOR_PROTEIN_SERINE_THREONINE_KINASE_SIGNALING_PATHWAY,FALSE,GOBP_CELL_SURFACE_RECEPTOR_PROTEIN_SERINE_THREONINE_KINASE_SIGNALING_PATHWAY
4,2.7212463990471698,2.7212463990471698,2.7212463990471698,1,0.1426,1.1999999999999999E-3,4.3999999999999997E-2,EPHA5|BMP4|HIF1A|WNT3A|CFL1|ATIC|RARB|SRD5A1|SRD5A2|GLI3|NKX2-1|ATF5|BBS4|ZDHHC16|DCLK2|DLX5|RAN|PAFAH1B1|NEFL|KCNA1|CEP120|AKIRIN2|KIF14|GART|PAX6|ATAT1|CRK|GMPPA|GSK3B|KCNC1|CRKL|SLC38A2|HDAC1|CSF1R|PSEN1|SUN2|SYNE2|ATP1B2|LMX1A|TACC1|TACC2|CXCL12|HPRT1|SALL1|ASCL1|FOXP1|CDON|SMO|MYH10|FEZF1|FOXG1|MCPH1|AGTPBP1|EOMES|NIN|POU3F3|SCN5A|DAB2IP|ZIC1|ARHGAP11B|DRD2|SLC2A1|PROX1|BAX|CRTAC1|DLX1|DLX2|DMRTA2|TUBA1A|BNIP3|NPY|SHANK3|WDR62|POU3F2|SRGAP2C|CDK5|CDK5R1|RPGRIP1L|PLCB1|BTG2|TRA2B|SKI|BBS1|BMERB1|BBS2|FOS|SLC1A2|OGDH|CCDC39|EFNA2|SOCS7|ERBB4|LRP8|PTEN|XAB2|FEZ1|LARGE1|RHOA|EZH2|FGF13|MDK|FXR2|NRG3|IGF2BP1|PLXNA4|HES5|NF1|SEMA3A|FOXP2|ZMIZ1|P2RY12|KIRREL3|LHX6|UQCRQ|ZSWIM6|NSUN5|PIANP|SEMA6B|SLIT3|TBR1|TUBB2B|DNAH5|DAB1|DPCD|MGARP|WDR89|FAT4|NF2|CHD7|RAC1|PTPRS|SECISBP2|NARS1|SLC8A3|RTN4|PALS1|SHH|NR4A3|EZH1|NTRK2|SZT2|KIF26A|LPAR1|EGFR|WDR47|SLIT2|BMP2|LRRK2|PEX5|FGF8|CCDC141|TACC3|HTR5A|PRDM8|LHX2|ASPM|XRN2|KDM1A|ATG16L1|FUT1|EFHC1|ATP1A2|WNT5A|TSKU|CASP3|FILIP1|ATP2B4|FLNA|NRGN|PAX5|TFAP2C|CSNK2A2|EIF2B5|NUMB|YWHAE|CDH2|SLITRK5|CDK6|ADGRG1|EPHB2|NUMBL|SRF|SEMA7A|PHACTR1|AVPR2|TTC8|CCDC85C|ID2|COL3A1|SLC32A1|HERC1|TP73|NOTCH2NLA|MKKS|NOTCH2NLB|NOTCH2NLC|NDE1|CNTN2|NDEL1|CORO1C|RFX4|KDM6B|FOXB1|SUN1|UCHL5|SIX3|BCAN|FKTN|XRCC1|RTN4RL2|KAT2A|TMEM14B|TRAPPC9|BLOC1S6|NCOA1|GRIA1|ZIC3|PEX13|ATOH1|CNTNAP2|TUBB2A|SRGAP2|DRD1|DISC1|POMGNT1|TMEM108|POMT2|FXR1|CTNNB1|ID4|EXT1|AQP1|SLC7A11|HES1|ARX|LAMB1|CDK5R2|EMX2|INHBA|FBXO41|PHLPP2|TSC1|VPS13B|PPP1R9B|ZEB2|TCTN1|RARA|HTR6|ALK|DIXDC1|PLXNA3|RELN|BCL11B|ROBO1|DRAXIN|ROBO2|NEUROD1|RTN4R|LHX1|RTN4RL1|ARL13B|LHX5|RYK|BTBD3|MDGA1|AVPR1A|EMX1|NFIB|LEF1|SLIT1|KCNA2|ALDH1A3|TNR|SCT|KDM2B|C12ORF57|WDR37|FBXO45|MBOAT7|NR2E1|EPHB3|MFSD2A,https://www.gsea-msigdb.org/gsea/msigdb/human/geneset/GOBP_TELENCEPHALON_DEVELOPMENT,282,ENR,GOBP_TELENCEPHALON_DEVELOPMENT,2.7616000000000001,0,GOBP_TELENCEPHALON_DEVELOPMENT,FALSE,GOBP_TELENCEPHALON_DEVELOPMENT
13,2.7212463990471698,2.7212463990471698,2.7212463990471698,1,0.1109,4.2900000000000001E-2,0.995,BMP4|RBPMS2|CHRDL2|ONECUT1|DKK3|SKOR1|VWC2L|MTMR4|PMEPA1|CCN3|GIPC1|FGF9|BMP10|NPNT|HSP90AB1|NKX2-1|OGT|ING1|WFIKKN1|WFIKKN2|SPRED1|SPRED2|SPRED3|CRKL|HDAC1|SPRY1|SPRY2|RBPJ|SH2B1|KCP|SCUBE3|ATOH8|BAMBI|GREM2|BRMS1|FSTL1|OVOL2|SNW1|ASPN|FST|GDF6|TSC22D1|IL17F|EMILIN1|PEG10|FSTL4|RNF111|STRAP|TBX20|BMPR2|SOX11|HTRA1|DLX1|PSG9|TP53|NOTCH2|GDF15|CAV2|GREM1|RBBP4|GOT1|BCL9|BCL9L|SKI|ARK2C|ITGA3|CITED1|AXIN1|CCN1|SKOR2|LATS1|LATS2|SMURF2|HSPA5|PELO|VASN|DKK1|MAGI2|SFRP4|ZBTB7A|NCLN|BMP6|NOMO1|DACT2|FZD1|NOMO3|HES5|NBL1|DAB2|INTS9|UBE2D1|UBE2D3|SFRP2|SKIL|SMAD6|KDR|CITED2|ING2|PDPK1|XBP1|ABL1|SDCBP|GDF5|MSX1|MSX2|ZNF703|PALS1|SHH|ENG|TGFBR1|ARID4A|TOB1|ARID4B|CREBBP|UBE2O|PRDM16|TMPRSS6|LOX|MECOM|USP15|PCSK6|BMP7|ELAPOR2|BMP2|PIN1|SIN3A|DMRT1|FGF10|GDF3|HOXA13|SOSTDC1|TTK|TGFB2|THBS1|CAV1|CAV3|PPARG|TNFAIP6|ZC3H3|LRRC32|FKBP1A|PPM1A|WNT5A|TWSG1|ACVR1|BRMS1L|FSTL5|SAP130|SAP30|SAP30L|SINHCAF|SNX25|CHRDL1|SMAD3|CER1|HFE|XIAP|DAND5|TGFBR3|CRIM1|FBN2|CDH3|LTBP1|MEN1|CDKN1C|MYOCD|CDKN2B|NRROS|CILP|EID2|FAM89B|LDLRAD4|LTBP4|UCMA|VEPH1|LRP1|DACT1|SMAD2|FKBP8|TET1|TFAP2B|SMAD7|ZEB1|ZNF451|TGFB3|SIRT1|SLC2A10|ERFE|SUDS3|SORL1|ACVR2B|FBN1|FSTL3|GLG1|NOG|SFRP1|HSPA1A|STK11|ZNF423|CHST11|NREP|ILK|ACVRL1|SOST|ONECUT2|CD109|GDF11|CDH5|SMURF1|NUMA1|GLCE|ITGA8|ACVR1B|AMH|CHRD|SNX6|HIPK2|SPART|FOXD1|BMPR1A|STUB1|TGFB1I1|CIDEA|WNT1|HES1|TGFBR2|INHBA|FOLR1|KIAA0319|FERMT1|JAK2|LRP2|SMAD4|GATA4|HDAC2|PARP1|ZEB2|FKBP1C|GPC3|PPARA|VWC2|IGSF1|LEMD3|NEO1|PRMT1|TGFB1|NOTCH1|GPR155|CTDSPL2|CSNK2B|HJV|CRB2|ADAM17|RGMA|ACVR2A|ADISSP|GDF7|TMEM53|PBLD|ADAMTSL2|NODAL|FBXL15|HTRA3|HTRA4|IL17RD|RASL11B|BMP5|BMPER|TGFBR3L|TRIM33|EP300|FLCN|RBBP7|NGLY1|SULF1|NUP93|LRG1,https://www.gsea-msigdb.org/gsea/msigdb/human/geneset/GOBP_REGULATION_OF_TRANSMEMBRANE_RECEPTOR_PROTEIN_SERINE_THREONINE_KINASE_SIGNALING_PATHWAY,277,ENR,GOBP_REGULATION_OF_TRANSMEMBRANE_RECEPTOR_PROTEIN_SERINE_THREONINE_KINASE_SIGNALING_PATHWAY,2.1095000000000002,0,GOBP_REGULATION_OF_TRANSMEMBRANE_RECEPTOR_PROTEIN_SERINE_THREONINE_KINASE_SIGNALING_PATHWAY,FALSE,GOBP_REGULATION_OF_TRANSMEMBRANE_RECEPTOR_PROTEIN_SERINE_THREONINE_KINASE_SIGNALING_PATHWAY
8,2.7212463990471698,2.7212463990471698,2.7212463990471698,1,0.14630000000000001,3.32E-2,0.97099999999999997,CDH1|WNT3A|MAP3K13|SLC39A12|ADCY10|LHX2|FN1|NGF|PLXNA1|RIMS2|IQGAP1|ATG16L1|CPNE1|NDN|SHTN1|EIF2AK4|MAP1B|WNT5A|PAFAH1B1|C9ORF72|SLITRK1|NTN1|CDH4|GSK3B|LIMK1|S100B|CXCL12|CTTN|CLASP2|ALCAM|MT3|GAREM2|NEDD4L|SRF|SEMA7A|MAG|EDN2|EDN3|CDKL3|VEGFA|IFRD1|PRICKLE1|MAP2|AURKA|DDR1|BMPR2|NDEL1|SLC9A6|CYFIP2|WASF1|PLAA|CDK5|ST8SIA2|STK11|TRPV2|TTL|CACNG7|RIMS1|SYT4|CYFIP1|OLFM1|GDI1|TRIM46|ITGA4|SYT17|UNC13A|ITGB1|SMURF1|EDN1|EDNRA|DSCAM|IMPACT|PAK6|RNF6|FLRT3|POU4F3|SSNA1|CDKL5|DISC1|NKX6-1|L1CAM|SPG11|BCL11A|MEGF8|DIP2B|TMEM108|NRP2|HDAC6|NTRK3|ANAPC2|CTNNB1|PAK1|SYT1|PLXNA4|SYT2|ARHGAP4|SYT3|TNFRSF12A|LAMB2|TNN|DCLK1|SEMA3A|KIAA0319|SEMA3G|VCL|DNM2|SEMA4F|AUTS2|SEMA5B|PRKN|PPP3CB|SEMA6C|MAPT|SEMA6D|NLGN3|SLIT3|SPAG6|ITSN2|ULK1|ABL1|ULK2|USP9X|NRP1|ADNP|TSC22D4|PLXNA3|SLC23A2|RAB21|CLSTN3|GOLGA4|PTPRS|FLRT1|LLPH|NRN1|NRN1L|RUFY3|DRAXIN|RAPH1|RTN4|RTN4R|RYK|SPAG9|DVL1|CPNE5|MUL1|SEMA3F|CPNE6|SEMA5A|CPNE9|EMX1|SH3GL2|ISLR2|SLIT1|ZFYVE27|NRCAM|TWF2|POSTN|TNR|OSTN|SLIT2|RNF157|PRKCZ|SIN3A|WNT3|MACF1|APOE|RASAL1|TRPC5,https://www.gsea-msigdb.org/gsea/msigdb/human/geneset/GOBP_NEURON_PROJECTION_EXTENSION,168,ENR,GOBP_NEURON_PROJECTION_EXTENSION,2.1772999999999998,0,GOBP_NEURON_PROJECTION_EXTENSION,FALSE,GOBP_NEURON_PROJECTION_EXTENSION
9,2.7212463990471698,2.7212463990471698,2.7212463990471698,1,0.26400000000000001,0,0,CASQ2|CSRP3|COMT|ELOVL4|KCNA1|OR2A4|RPE65|CEP250|KCNIP2|PKD1|GUCA1A|CADM1|GUCA1ANB-GUCA1A|GUCY2D|GUCY2F|CD1D|GNGT1|RHO|UNC119|TCAP|CLEC6A|SCN1A|PIEZO1|PIEZO2|PITPNM1|PKD2|LPO|PGLYRP4|HLA-B|SAG|GRIK2|PLCB2|SLC24A4|SSC5D|TAC1|PTPRQ|LY96|SCARB1|GNA11|OPN4|NAIP|OR1D2|TNF|NLRC4|NLRP3|ABCA4|SEMA5B|CHRNA10|CHRNA9|OPN3|TMEM87A|GNAT2|SOD2|PRDM12|CABP4|TRPC3|OR10A2|OR10A3|OR10A6|OR10AC1|OR10AG1|CAV3|OR10D3|OR10G3|OR10G4|AZGP1|OR10G7|TLR1|OR10H1|OR10H3|TLR2|OR10H5|OR10K1|TLR6|OR10K2|OR10Z1|CCDC66|OR11A1|OR11G2|OR11H4|OR13A1|OR13G1|CACNA1F|OR14A16|OR14J1|OR14L1|OR1A1|OR1C1|OR1I1|OR1L6|OR1L8|OR1M1|OR2A1|OR2A12|OR2A14|OR2A25|OR2A42|OR2A5|OR2A7|OR2AG1|OR2AG2|OR2AJ1|OR2AK2|OR2AP1|FOXF1|OR2B11|OR2B6|PNPLA2|GRM6|OR2C1|OR2C3|OR2D3|OR2F1|OR2G6|ANO3|OR2H1|OR2H2|OR2J1|OR2J2|OR2K2|OR2L13|OR2L2|OR2L3|OR2L5|OR2L8|ATP8A2|OR2M3|OR2M4|OR2T10|OR2T11|OR2T12|OR2T2|OR2T6|OR2T7|OR2T8|OR2V2|OR2W3|OR2Z1|OR3A1|OR3A2|OR3A3|OR4C11|OR4C6|OR4D1|OR4D10|OR4D2|OR4D9|OR4E1|OR4E2|OR4F15|OR4F17|TGFB3|OR4K1|OR4K13|RCVRN|OR4K17|OR4K2|OR4N2|OR4Q3|OR51A4|OR51A7|OR51B5|OR51D1|OR51E1|STIM1|OR51I1|GRK1|OR51I2|GRK4|OR51M1|TMC1|OR52A1|TMC2|GRK7|OR52A5|OR52E4|OR52E5|OR52H1|OR52I2|PDC|OR52K1|C4B|OR52K2|OR52N1|OR52N2|OR52N4|OR52N5|TIMELESS|OR52P1|OR56A1|OR56A3|OR56A4|OR56B1|OR5A1|OR5AS1|ASIC3|OR5AU1|CA6|OR5B2|OR5B21|OR5H1|CST1|OR5H14|CST2|OR5K1|CST4|OR5M1|GNAT1|OR5P2|TTN|GNAT3|OR5P3|OR5V1|OR6A2|OR6B1|PIGR|OR6C1|PIP|OR6C2|PKD1L3|OR6C4|PKD2L1|OR6C6|OR6C74|TAS1R1|OR6C75|TAS1R2|OR6F1|TAS1R3|OR6J1|TAS2R1|OR6N1|TAS2R10|OR6N2|TAS2R13|COL11A1|OR6P1|TAS2R14|OR6Y1|TAS2R19|OR7A10|TAS2R20|BACE1|OR7A17|TAS2R3|OR7A5|TAS2R30|OR7C1|TAS2R31|OR7D2|TAS2R39|OR7D4|TAS2R4|OR7G2|TAS2R42|OR8A1|TAS2R43|OR8B12|TAS2R46|OR8B8|TAS2R5|OR8D1|TAS2R50|OR8D4|TAS2R60|OR8G5|TAS2R9|OR8H1|TRPV1|OR8H2|OR8J2|OR8J3|CALM2|OR8K3|OR9G1|OR9G4|SCN11A|OR9K2|EXTL3|OR9Q1|KCNMB2|OR9Q2|KCNMB4|FAP|FFAR4|GPR52|PCP2|RGR|CTNNB1|RRH|DACH1|SRPX|TREM2|TMEM120A|KCNQ1|REEP6|GNGT2|LRIT1|PLEKHB1|PRPH2|KCNK2|RBP4|FECH|NR2E3|NR2F6|MYC|REST|HTR2A|NTRK1|OR2AT4|JUP|NMT1|DRGX|ADGRV1|CRTAM|HPN|NOX3|CXCL12|LXN|MMP24|RYR2|SCRN3|SMO|NMT2|ATF2|ASIC2|ADORA1|KCNK3|CALM3|OR51E2|P2RX2|CAMKMT|TAC4|PDE6B|PDE6C|FYN|ITGA2|ASPH|EYS|GJA10|RGS9BP|ROM1|KIT|LBP|NGFR|LHFPL5|NR4A1|PDZD7|PAK1|STRC|PECAM1|RTP2|RTP3|RTP4|RTP5|PTK2|PTPRJ|CACNA2D4|ENG|EPHB1|PKD1L1|PKD1L2|PKD2L2|PKDREJ|SLC24A2|WDR47|GPR88|TACR1|OR5AN1|PPEF1|PPEF2|CALM1|CDHR2|CYB5R4|CDH2|OTOP1|SLC11A2|NPFFR2|ANO1|MKKS|NOD1|NOD2|PHF24|PJVK|GNAQ|GUCA1B|OPN1SW|OPN5|CDS1|SCN9A|SERPINE2|TRPA1|CLEC7A|DISC1|HLA-A|HLA-DRB1|SYT1|RP1|TTR|TSPO|PGLYRP1|PGLYRP2|KCNMB1|OR10J1|PGLYRP3|KCNMB3|AIPL1|TLR4|TLR9|OR10A4|CNGB1|CRB1|BEST1|CACNB4|TULP1|CASR|NTSR1|WHRN,https://www.gsea-msigdb.org/gsea/msigdb/human/geneset/GOBP_DETECTION_OF_STIMULUS,418,ENR,GOBP_DETECTION_OF_STIMULUS,6.1670999999999996,0,GOBP_DETECTION_OF_STIMULUS,FALSE,GOBP_DETECTION_OF_STIMULUS
3,1.8927900303521299,1.8927900303521299,1.8927900303521299,0.98719999999999997,0.27339999999999998,8.9599999999999999E-2,1,BMP4|TGFB1|FGF2|FGFR1|SIX1|GATA5|MSX1|HOXC11|EDN1|CD34|ROBO1|WNT2B|AR|ROBO2|DKK1|POU5F1|FGF1|NGFR|GATA3|GDNF|WNT2|CSF1|SPRY1|CTNNB1|HOXA11|BMP2|STOX1|SIX4|WNT4|FGF10|FGF8|FRS2|SOX9|SOX8|MESP1,https://www.gsea-msigdb.org/gsea/msigdb/human/geneset/GOBP_POSITIVE_REGULATION_OF_ANIMAL_ORGAN_MORPHOGENESIS,35,ENR,GOBP_POSITIVE_REGULATION_OF_ANIMAL_ORGAN_MORPHOGENESIS,1.9239999999999999,1.2800000000000001E-2,GOBP_POSITIVE_REGULATION_OF_ANIMAL_ORGAN_MORPHOGENESIS,FALSE,GOBP_POSITIVE_REGULATION_OF_ANIMAL_ORGAN_MORPHOGENESIS
8,2.67778070526608,2.67778070526608,2.67778070526608,0.99790000000000001,0.41039999999999999,2.2200000000000001E-2,0.86599999999999999,CPNE6|CPNE9|NEDD4L|ITSN2|SYT17|UNC13A|PLAA|SYT1|RIMS2|SLC23A2|SYT2|SYT3|SMURF1|RNF157|CACNG7|RIMS1|RASAL1|SYT4|CPNE5|MUL1|PRKN,https://www.gsea-msigdb.org/gsea/msigdb/human/geneset/GOBP_POSITIVE_REGULATION_OF_DENDRITE_EXTENSION,21,ENR,GOBP_POSITIVE_REGULATION_OF_DENDRITE_EXTENSION,2.2623000000000002,2.0999999999999999E-3,GOBP_POSITIVE_REGULATION_OF_DENDRITE_EXTENSION,FALSE,GOBP_POSITIVE_REGULATION_OF_DENDRITE_EXTENSION
29,2.6989700043360201,2.6989700043360201,2.6989700043360201,0.998,0.24879999999999999,5.4000000000000003E-3,0.25,CFAP20|GRP|CCL3|CNTNAP4|MC4R|CHRNB2|SLC24A4|ADORA2A|INSL5|RXFP4|GRIA1|NAPEPLD|STRA6|MC1R|EIF2AK4|HTR1D|PTGDS|AHI1|AIM2|NPAS2|MEF2C|MDK|BAIAP3|FXR1|GRPR|HCRTR2|HTR1A|HTR1B|PENK|INS|CSF2|UCN|HOXA1|LEPR|MTNR1B|MTOR|HDAC2|MBD5|NR1D1|PARP1|AGRP|CRH|ZFHX3|EPHB2|STAT3|GNB3|ARRDC3|SGIP1|GHRL|GHSR|DRD2|RELN|HTR2B|RETN|ADRB1|NMU|ADORA1|NPSR1|NR4A3|OPRK1|PER3|TTC21B|NLGN1|QRFP|VPS35|GHRH|GPR171|TACR3|NPY|DLG4|KCNA2|GHRHR|RAG1|NPY2R|APOE,https://www.gsea-msigdb.org/gsea/msigdb/human/geneset/GOBP_REGULATION_OF_BEHAVIOR,75,ENR,GOBP_REGULATION_OF_BEHAVIOR,2.5392999999999999,2E-3,GOBP_REGULATION_OF_BEHAVIOR,FALSE,GOBP_REGULATION_OF_BEHAVIOR
28,2.6989700043360201,2.6989700043360201,2.6989700043360201,0.998,0.2457,8.5300000000000001E-2,1,KRAS|SMO|ACVRL1|CAV1|NOTCH1|NKX6-3|TP63|DLL1|JAG1|MSX1|FST|MSX2|OSR1|ZEB1|YAP1|VEGFA|NOTCH4|IFNG|MMP9|SRSF6|DSG2|SPRED1|SPRED2|CCND1|EZH2|REG3G|SPRED3|EXTL3|NODAL|SPRY1|SPRY2|CTNNB1|HES1|HES5|TBX3|HOXA7|FRZB|IL13|S1PR3|FGF10|FOXJ2|STAT1|GDF3|OVOL2|SOX9|SIX2,https://www.gsea-msigdb.org/gsea/msigdb/human/geneset/GOBP_NEGATIVE_REGULATION_OF_EPITHELIAL_CELL_DIFFERENTIATION,46,ENR,GOBP_NEGATIVE_REGULATION_OF_EPITHELIAL_CELL_DIFFERENTIATION,1.9406000000000001,2E-3,GOBP_NEGATIVE_REGULATION_OF_EPITHELIAL_CELL_DIFFERENTIATION,FALSE,GOBP_NEGATIVE_REGULATION_OF_EPITHELIAL_CELL_DIFFERENTIATION
12,2.6989700043360201,2.6989700043360201,2.6989700043360201,0.998,0.13689999999999999,3.7499999999999999E-2,0.98099999999999998,IZUMO1|LLCFC1|PLCZ1|SPACA5|SPACA6|SPATA46|SPESP1|TMEM95|WDR54|NPM2|IGSF8|RAB3A|DRC1|CD46|IQCF1|GLRA1|CD9|TRIM36|BSPH1|ZP3|CCDC87|CDK1|ELSPBP1|ROPN1B|FAM170B|CLGN|LHFPL2|COL6A1|CRKL|SLIRP|DEFB126|HOXA10|HOXA11|CNTLN|DKKL1|HVCN1|NOX5|HOXD9|ATP8B3|H3-3A|H3-3B|TCP1|ITPR1|SNU13|FREY1|IRAG2|AP3B1|DCST1|TPST2|AKAP3|PPP3R2|FBXO24|FETUB|NPR2|GLRB|PLA2G10|AR|SPINK1|FCRL3|ASTL|CCDC136|FOLR2|LYZL4|LYZL6|VDAC2|SLC9B1|SPINK13|ANTXR2|EQTN|HOXA9|PRSS37|GARIN4|CCDC159|SPAG1|CFAP119|PLB1|PLCB1|CFAP57|GARIN1B|RNASE10|STXBP1|GARIN3|RIMS1|WDR48|CECR2|TUBGCP3|UMODL1|UBXN8|BBOF1|POC1B|SYT6|UNC13B|SERPINA5|ASH1L|ZP4|SMCP|KDM5B|CCT2|CCT3|CCT4|PARK7|CCT5|CCT7|CCT8|PITHD1|FOXL2|LCN6|CCNO|ALDOA|SERPINA10|STX2|CFAP52|OR1D2|MYH9|ODAD3|SPACA3|HYAL3|SYT8|FOLR1|FOLR3|PRND|TMPRSS12|SMAD4|UBE3A|MST1R|CCDC146|IFTAP|IQCH|ZPBP|OR10J1|ZPBP2|HOXD10|FCRL5|SPACA7|SPAG8|TEX46|LRRC46|PLAT|UBAP2L|WBP2NL|GMNC|WEE2|HEXB|MFGE8|ADAM18|ADAM32|NLRP5|LY6K|PRSS55|SPA17|SPACA4|TEX101|TMEM81|ZAN|ZP1|HSPA1L|PKDREJ|ZP2|B4GALT1|PAEP|PCSK4|TRPC7|CACNA1H|SLC22A16|ADCY3|ABHD2|ADAM20|MCIDAS|ADAM21|OVGP1|ADAM2|ACR|SPAM1|CRISP1|GNPDA1|DCST2|TRPC3|TARBP2|GLIPR1L1|PLCD4|TRPC6,https://www.gsea-msigdb.org/gsea/msigdb/human/geneset/GOBP_SINGLE_FERTILIZATION,181,ENR,GOBP_SINGLE_FERTILIZATION,2.1459999999999999,2E-3,GOBP_SINGLE_FERTILIZATION,FALSE,GOBP_SINGLE_FERTILIZATION
2,2.7212463990471698,2.7212463990471698,2.7212463990471698,1,0.2056,5.0000000000000001E-4,1.2999999999999999E-2,BMP4|MYC|AMPD2|CD2AP|WNT11|LIF|SIX1|DLL1|RARB|WNK4|DLG1|NPNT|GLI3|IQGAP1|CD34|TCF21|ARG2|EFNB2|CAT|LAMA5|MAGED1|CTNNBIP1|MTSS1|PKD1|SPRY1|SMAD3|CER1|GZF1|HOXA11|TMEM59L|HNF1B|SIX4|LZTS2|SALL1|HEYL|SIX2|SMO|SMAD2|FOXC1|HOXD11|POU3F3|TFAP2B|PTCH1|OSR1|SMAD7|BASP1|SMAD5|EDNRB|VEGFA|ADAMTS16|KANK2|PKD2|KLHL3|AGTR2|EPCAM|BCL2|FOXJ1|AQP11|FOXC2|GATA3|NOG|PBX1|NOTCH2|TACSTD2|SDC4|CD24|SFRP1|GREM1|ILK|DCHS1|CALB1|CITED1|JAG1|UMOD|NPHS1|FGFR2|GDF11|EDN1|EDNRA|LGR4|HOXB7|HS2ST1|WT1|EPHA7|WNT2B|HS3ST3A1|WNT9B|AHI1|HS3ST3B1|MAGI2|EPHA4|AGT|FOXD1|MEF2C|GDNF|WNT1|CTNNB1|EXT1|KLF15|AQP1|KIF26B|SMAD1|HES1|HES5|LAMB2|SMAD4|SMAD6|PECAM1|SLC22A1|GPC3|IRX1|IRX2|IRX3|WNT6|RARA|TGFB1|NOTCH1|FGF2|FGFR1|WNT7B|CRLF1|WWTR1|PAX2|PAX8|PODXL|PTPRO|YAP1|SIM1|RET|ACAT1|ADIPOQ|ROBO2|GREB1L|LHX1|SHH|SLC22A6|FGF1|PROM1|ASXL1|BMPER|BMP7|SLIT2|BMP2|EYA1|MYO1E|NPHS2|WNT4|FGF8|STAT1|SOX9|SOX8,https://www.gsea-msigdb.org/gsea/msigdb/human/geneset/GOBP_KIDNEY_EPITHELIUM_DEVELOPMENT,151,ENR,GOBP_KIDNEY_EPITHELIUM_DEVELOPMENT,2.9222999999999999,0,GOBP_KIDNEY_EPITHELIUM_DEVELOPMENT,FALSE,GOBP_KIDNEY_EPITHELIUM_DEVELOPMENT
20,2.7212463990471698,2.7212463990471698,2.7212463990471698,1,0.1386,1.43E-2,0.66300000000000003,HOXA3|BMP4|HAND2|HIF1A|NKX3-2|CHRDL2|WNT11|CCN3|RARB|RARG|FGF9|NPPC|BMP10|WNT5B|BMP3|GLI3|RUNX2|ATP7A|PRKG2|PTH1R|COL27A1|COL6A1|COL11A2|MATN1|PKD1|GHR|OSR2|EPYC|OTOR|LEP|HOXB3|HOXD3|SHOX2|SIX2|PTHLH|HOXC4|NFIA|FGF6|COL1A1|ECM1|GDF6|IL17F|SMAD5|ATF2|SCX|NPR2|RFLNA|POC1A|RFLNB|PTH|ZMPSTE24|BMPR2|DLX2|GATA3|GREM1|MYF5|RB1|NFATC2|PITX1|BBS1|CCN1|BBS2|EVC|FOSL2|THRA|EDN1|WNT10B|MAF|WNT2B|STC1|MEF2C|MDK|RSPO2|SERPINH1|BMP6|BGN|CREB3L2|LOXL2|HES5|TRPV4|SMPD3|SFRP2|SNAI1|WNT9A|IHH|MMP13|ZNF219|BMP1|WNT7B|GDF5|MSX1|PBXIP1|MSX2|SCIN|SLC26A2|SNAI2|AXIN2|ADGRG6|THBS3|SLC39A14|TGFBR1|FGF18|BMP7|BMP2|MEX3C|TGFB2|HMGA2|ERRFI1|EFEMP1|PKDCC|TGFBI|MYCN|IFT80|RUNX3|WNT5A|TSKU|TWSG1|PTPN11|SMAD3|CBS|CER1|HOXA11|EIF2AK3|TRPS1|CTSK|SATB2|DDRGK1|FRZB|SRF|ZBTB16|OSR1|SMAD7|ZEB1|COL3A1|COMP|HAND1|MKKS|BARX2|EXT2|BMP8A|GLG1|NOG|HOXA5|ADAMTS7|BMPR1B|AMELX|CHST11|BMP8B|MATN3|MGP|SNORC|KAT2A|ACVRL1|LNPK|GALNT3|CHSY1|CNMD|TRIP11|COL11A1|COL2A1|BPNT2|CSGALNACT1|ARID5A|CYTL1|SNX19|PRRX1|MUSTN1|BMPR1A|OPTC|CTNNB1|EXT1|SMAD1|CHI3L1|HYAL1|HYAL3|SOX5|TGFBR2|ITGB8|TAPT1|TIMP1|ADAMTS12|HYAL2|RARA|TGFB1|FGF2|FGFR1|NR5A2|OGN|GHRL|WNT7A|CCN4|GPLD1|POR|CHADL|LUM|LTBP3|MAPK14|PAX7|SOX6|NFIB|BMP5|CCN2|CD44|MAPK3|RUNX1|FGFR3|MBOAT2|SOX9|SULF1|SULF2,https://www.gsea-msigdb.org/gsea/msigdb/human/geneset/GOBP_CARTILAGE_DEVELOPMENT,210,ENR,GOBP_CARTILAGE_DEVELOPMENT,2.3538999999999999,0,GOBP_CARTILAGE_DEVELOPMENT,FALSE,GOBP_CARTILAGE_DEVELOPMENT
3,2.7212463990471698,2.7212463990471698,2.7212463990471698,0.99809999999999999,0.33950000000000002,3.39E-2,0.97299999999999998,BMP4|FGF2|FGFR1|SIX1|GATA5|HOXC11|WT1|WNT5A|ROBO1|WNT2B|AR|ROBO2|DKK1|POU5F1|SHH|FGF1|GDNF|WNT2|SPRY1|CTNNB1|HOXA11|BMP7|BMP2|FGF10|FGF8|FRS2|SULF1|CITED2|MESP1,https://www.gsea-msigdb.org/gsea/msigdb/human/geneset/GOBP_REGULATION_OF_ANIMAL_ORGAN_FORMATION,29,ENR,GOBP_REGULATION_OF_ANIMAL_ORGAN_FORMATION,2.1640000000000001,1.9E-3,GOBP_REGULATION_OF_ANIMAL_ORGAN_FORMATION,FALSE,GOBP_REGULATION_OF_ANIMAL_ORGAN_FORMATION
3,2.3979400086720402,2.3979400086720402,2.3979400086720402,0.996,0.2591,8.8999999999999996E-2,1,BMP4|WNT11|TBR1|FGF2|FGFR1|SIX1|GATA5|PAX2|FGFR2|PAX8|GLI3|HOXC11|AXIN2|WNT5A|ROBO1|WNT2B|AR|ROBO2|DKK1|POU5F1|SMARCD3|FGF1|MEF2C|GDNF|WNT2|SPRY1|CTNNB1|RBPJ|EXT1|HOXA11|FOXH1|BMP2|ISL1|LRP2|FGF10|FGF8|FRS2|MESP1,https://www.gsea-msigdb.org/gsea/msigdb/human/geneset/GOBP_SPECIFICATION_OF_ANIMAL_ORGAN_IDENTITY,38,ENR,GOBP_SPECIFICATION_OF_ANIMAL_ORGAN_IDENTITY,1.9265000000000001,4.0000000000000001E-3,GOBP_SPECIFICATION_OF_ANIMAL_ORGAN_IDENTITY,FALSE,GOBP_SPECIFICATION_OF_ANIMAL_ORGAN_IDENTITY
6,2.7212463990471698,2.7212463990471698,2.7212463990471698,1,0.17499999999999999,1.7000000000000001E-2,0.745,NR5A1|TNFAIP6|PGR|SGPL1|GPR149|LFNG|PTX3|SRD5A1|SRD5A2|LHCGR|NPPC|INHBB|WNT5A|EIF2B4|PCYT1B|ZP3|CEBPB|CASP3|LHFPL2|TYRO3|ADAMTS1|NUP107|AFP|INSR|EIF2B5|UBB|LEP|BRCA2|DACH2|CYP19A1|VGF|DMC1|FOXC1|IDH1|CASP2|FST|SIRT1|VEGFA|GAS2|NPR2|RETN|ESR1|BAK1|BAX|CGA|BCL2|BCL2L1|TAF4|ZFPM2|NR2F2|SFRP1|TBX3|BMPR1B|FZD4|GDF9|UMODL1|MERTK|ATM|TP63|PTPRN|AXL|SPO11|EIF2B2|NUPR1|GNRH1|STRA6|KIT|NOTCH4|KITLG|WT1|FANCG|AMH|NRIP1|ANG|DMRTA1|FOXL2|MMP14|MMP2|ZNF830|DACH1|HYAL3|INHA|INHBA|LSM14B|LRP2|ZFP42|SMAD4|KDR|UBE3A|EREG|MMP19|TIPARP|CSMD1|SLIT3|NOTCH1|NR5A2|PDGFRA|SCAPER|CHD7|RAC1|FANCA|PLEKHA1|ADCYAP1R1|IMMP2L|ROBO2|LHX1|AMHR2|FANCE|MSH4|FOXO3|FSHR|NOS3|RBP4|SLIT2|CTNNA1|WNT4|STAT5B|ZFY|SOD1|FGF10|LHX9|STAT5A|ARID5B|BCAS2,https://www.gsea-msigdb.org/gsea/msigdb/human/geneset/GOBP_FEMALE_SEX_DIFFERENTIATION,124,ENR,GOBP_FEMALE_SEX_DIFFERENTIATION,2.3197999999999999,0,GOBP_FEMALE_SEX_DIFFERENTIATION,FALSE,GOBP_FEMALE_SEX_DIFFERENTIATION
10,2.7212463990471698,2.7212463990471698,2.7212463990471698,1,0.1109,4.4999999999999997E-3,0.21299999999999999,CLEC11A|CLEC3A|NAB1|OSTF1|WNT11|ACTN3|WNT3A|EBP|ADCY10|SPP1|ATP5F1B|AKT1|MINPP1|BMP3|GDF10|KREMEN2|PHEX|RUNX2|ENPP1|PTH1R|DLX5|RDH14|CAT|FASN|CEBPB|LIMD1|COL6A1|MATN1|GSK3B|SLC34A1|OSR2|RPS15|IGF1|IGF2|IL6ST|CCDC134|EPHA2|KL|LEP|RYR1|PTHLH|COL1A1|SMAD5|SCX|NPR2|MMP16|PTH|SOX11|FGR|MRC2|TPM4|FHL2|MYF5|CALCR|SKI|DCHS1|CCN1|BCAP29|TAC1|LGR4|PTEN|LTF|RHOA|ITGA11|MAP2K6|RANBP3L|HSPE1|SGMS2|BMP6|CLTC|TNF|SMPD3|SEMA4D|TMEM38B|BMP1|WNT7B|GDF5|MSX2|AXIN2|SND1|MYBBP1A|TENT5A|SHH|LRP4|TOB1|EGFR|ALYREF|FIGNL1|SLC8A1|ATP2B1|TMT1A|PKDCC|RRAS2|PRKD1|RUNX3|DDX21|IGFBP5|TWSG1|MYOG|ACVR1|VCAN|GATA1|GPM6B|PTPN11|CBS|IFITM5|CRIM1|TWIST2|CDK6|DDX5|JUNB|DHX9|RIOX1|DDR2|SEMA7A|SETD2|OSR1|SMAD7|ID2|SORT1|MN1|CLEC3B|SUV39H1|FSTL3|HNRNPC|PBX1|NIPBL|AREG|LRRC17|SFRP1|SUN1|TWIST1|HNRNPU|TOB2|ADAMTS7|BMPR1B|SOX2|MGP|TAOK3|TXLNG|GALNT3|CHSY1|TP63|HSD17B4|JAG1|COL2A1|CSGALNACT1|SOST|PEX7|ACVR1B|TFAP2A|FFAR4|CTNNB1|ID4|EXT1|SMAD1|XYLT1|TNN|ATRAID|KREMEN1|NELL1|ERCC2|GPC3|TGFB1|NOTCH1|FBXO5|FGF2|GLI1|GLI2|DHH|GTPBP4|ACVR2A|TMEM53|ALOX5|ANO6|OXT|COL1A2|ID3|CEBPA|FBXL15|IL6|PPP3CA|BMP5|SMAD9|CCN2|FKRP|MAPK1|MAPK3|WNT3|FERMT2|WNT4|SNX10|FGFR3|NR1I3|GIT1|SOX9|SUCO|RBMX|STATH|BMP4|CCL3|HAND2|HIF1A|REST|CHRDL2|VDR|CCN3|CCR1|ASF1A|FGF9|NPPC|RORB|NPNT|RXRA|GLI3|RXRB|P2RX7|IPO7|PLXNB1|COL13A1|ADGRV1|CSF1|RBPJ|IFITM1|SNRNP200|SCUBE3|BAMBI|NOTUM|SHOX2|H3-3A|H3-3B|SIX2|SMO|FOXC1|SUFU|ASPN|ID1|PTCH1|ECM1|TUFT1|IGFBP3|VEGFA|PRICKLE1|RFLNA|RFLNB|DNAI3|P3H1|ZMPSTE24|BMPR2|HIRA|SLC20A2|BCL2|SYNCRIP|MYOC|PSMC2|CCDC47|GREM1|ALPL|IL6R|CBFB|CITED1|FGFR2|FOSL2|THRA|KLF10|SP7|WNT10B|DKK1|JUND|STC1|FZD9|MEF2C|MDK|MMP14|RSPO2|MMP2|EGR2|NOCT|FZD1|HGF|ADAR|PENK|NF1|SFRP2|FBL|SBNO2|SNAI1|SMAD6|WWOX|IHH|SMOC1|MMP13|RSL1D1|IARS1|DHX36|PTK2|WWTR1|PTK2B|PTN|HDAC7|SNAI2|ADGRG6|THBS3|S1PR1|ZBTB40|FGF18|SBDS|TMCO1|KAZALD1|LOX|PRKACA|SLC24A3|BMP7|OSTN|PAM16|BMP2|PHB1|SOX8|TACR1|LRP5|PPARG|TNFAIP6|TNFRSF11A|ADRB2|TNFSF11|CEBPD|TRPM4|VEGFC|IFT80|ATF4|BMP2K|WNT5A|ATP6V0A4|LRP3|CDH11|PDLIM7|ATP6V1B1|CREB3L1|CTNNBIP1|SIRT7|PTPRB|RASSF2|HOXA2|CHRDL1|SMAD3|CER1|EIF2AK3|RIPPLY2|FBN2|SATB2|MEN1|IGFBP2|MESD|UCMA|PRMT3|SMAD2|ZBTB16|BCOR|CLIC1|ERFE|COMP|HERC1|CTHRC1|ACHE|EXT2|ACVR2B|BMP8A|FOXC2|NBR1|NOG|DNAJC13|TCIRG1|ANKH|AMELX|ALOX15|BMP8B|FAM20C|ILK|CCDC154|ROGDI|PHOSPHO1|SP3|BPNT2|HEMGN|RRBP1|ZHX3|CHRD|DMP1|SRGN|BMPR1A|INTU|IBSP|IGSF10|CLEC5A|ISG15|TP53INP2|TRAF6|SMAD4|TAPT1|ADAMTS12|AHSG|UFL1|CCN4|NAB2|GPLD1|BGLAP|YAP1|CYP24A1|CYP27B1|MAPK11|LTBP3|MAPK14|FGF23|INPPL1|TNC|LEF1|TMEM119|TMEM64|PANX3|CASR|GDPD2|GABBR1|RUNX1|RPL38|DHRS3,https://www.gsea-msigdb.org/gsea/msigdb/human/geneset/GOBP_OSSIFICATION,425,ENR,GOBP_OSSIFICATION,2.5674000000000001,0,GOBP_OSSIFICATION,FALSE,GOBP_OSSIFICATION
16,1.9136401693252501,1.9136401693252501,1.9136401693252501,0.98780000000000001,0.25059999999999999,6.7799999999999999E-2,1,IRX5|BMP4|GRHL2|SMAD2|EIF4A3|MTHFD1|MTHFD1L|SIX1|PDGFRA|FGFR2|GLI3|SLC39A3|TBX1|RUNX2|MMP16|RDH10|WNT9B|WDR19|PRRX1|LHX1|TFAP2A|TGFBR1|NODAL|DLX2|IFT140|NDST1|MMP14|FOXC2|HOXA2|PAX5|NIPBL|SMAD3|TULP3|TBX15|TWIST1|TGFBR2|MED12|SLC39A1|HOXA1|SIX4|FGF8|CHST11|SIX2,https://www.gsea-msigdb.org/gsea/msigdb/human/geneset/GOBP_EMBRYONIC_CRANIAL_SKELETON_MORPHOGENESIS,43,ENR,GOBP_EMBRYONIC_CRANIAL_SKELETON_MORPHOGENESIS,1.9986999999999999,1.2200000000000001E-2,GOBP_EMBRYONIC_CRANIAL_SKELETON_MORPHOGENESIS,FALSE,GOBP_EMBRYONIC_CRANIAL_SKELETON_MORPHOGENESIS
8,2.6989700043360201,2.6989700043360201,2.6989700043360201,0.998,0.1234,3.1800000000000002E-2,0.96199999999999997,CCL3|FMNL2|MAP3K13|CCL7|CFL1|VIL1|GNA12|DLG1|PAFAH1B1|RHOQ|PLXNB1|PRAG1|SPRY3|LIMD1|COCH|CRK|HPN|CSF1R|MPL|RASA1|BAMBI|SRC|F2|NEDD4L|DVL3|DVL2|MYH10|CLDN4|CDKL3|VEGFA|EPS8|ARAP1|F11R|ARHGEF18|ARPIN|ZMPSTE24|FGR|KANK1|PARVB|PARVG|PLAA|IL1RAPL1|HCK|TPM1|FZD4|DMTN|CACNG7|RIMS1|CAPRIN1|BCL9L|SLC30A1|FYN|PDZD8|MARK2|STRIP1|SYT17|ITGA7|CLDN3|GRIP1|WASF3|CAPZB|KIT|EFNA5|ITGB2|LRP8|PLEKHO1|EEF2K|BCL11A|ARHGAP15|HDAC6|MSN|PALM3|MYH9|MOV10|SEMA3E|CUX1|KDR|CAPRIN2|RDX|SEMA4D|CDC42SE1|CDC42SE2|ITSN2|ZRANB1|DHX36|PTK2|DNMBP|NF2|PLXNC1|PTK2B|SLC23A2|RAB21|RAC1|RAC2|RAC3|CFDP1|SPTA1|EPB41L3|SPAG9|CPNE5|MUL1|CPNE6|MYH14|SYNE3|CPNE9|TAOK2|MYO9A|LPAR1|PARVA|PLXNB3|RHOG|OSTN|RNF157|CUL7|DAPK3|MACF1|RHOU|RASAL1|CAMSAP1|OBSL1|PHIP|AGO4|PALM|RHOBTB1|RHOBTB2|FGD1|FN1|FGD2|FGD3|RIMS2|FGD4|ATG16L1|FGD5|FGD6|PLXNB2|CAMK2B|WDR1|WNT5A|GPRASP3|DIAPH1|FES|S100B|MKLN1|ATP10A|PRKDC|LST1|EPHB2|CUX2|NUMBL|FAM171A1|PARP6|ANKRD27|GAS2|SLC26A5|CNTN2|CORO1C|DLG4|ARHGAP18|GNA13|YPEL4|BAIAP2|C15ORF62|CDC42EP1|CDC42EP2|CDC42EP3|CDC42EP4|CDC42EP5|SYT4|CYFIP1|FBLIM1|BRWD1|BRWD3|CFAP410|MYL12B|PEAK3|UNC13A|PALMD|STRIP2|P2RY1|SMURF1|ARHGEF7|ARHGAP35|CORO1B|FMNL1|PDPN|CDKL5|EPHA4|SH3KBP1|SHROOM3|DBN1|SS18L1|TBCCD1|ALDOA|PLXND1|CORO1A|ANAPC2|RHOJ|SYT1|ENPP2|SPARC|SYT2|SYT3|NTNG1|NTNG2|PTPRD|MYO10|SEPTIN7|RREB1|FITM2|PRKN|SH3D19|FMNL3|EZR|TBC1D24|ZMYM3|ZMYM4|ZMYM6|ZNF135|WDPCP|ARC|LARP4|PRPF40A|HEXB|RELN|WTIP|STAU2|ARMCX5-GPRASP2|DVL1|ANXA1|EPB42|ERMN|ITPKA|NHERF1|CD44|PALM2AKAP2|CCL11|CCL13|SEMA4A|FERMT2|CCL2|CCL24|MFSD2A|FBXW8,https://www.gsea-msigdb.org/gsea/msigdb/human/geneset/GOBP_REGULATION_OF_CELL_MORPHOGENESIS,243,ENR,GOBP_REGULATION_OF_CELL_MORPHOGENESIS,2.1907999999999999,2E-3,GOBP_REGULATION_OF_CELL_MORPHOGENESIS,FALSE,GOBP_REGULATION_OF_CELL_MORPHOGENESIS
22,2.6989700043360201,2.6989700043360201,2.6989700043360201,0.998,0.25509999999999999,6.1800000000000001E-2,1,C3|C1QBP|TREM2|C4BPA|C4BPB|BCL3|MASP2|CD46|PTPN6|CD81|FCGR2B|CR1|CR1L|CR2|ZP3|C1QA|C1QB|EXO1|C1QC|FOXJ1|C1R|C1RL|C1S|C2|MBL2|C4A|PTPRC|C4B|C6|C7|C8A|C8B|C8G|C9|C5|CD55|TNF|HPX|CFI|SERPING1|CLU|FCER2|LTA|SUSD4|FCMR,https://www.gsea-msigdb.org/gsea/msigdb/human/geneset/GOBP_HUMORAL_IMMUNE_RESPONSE_MEDIATED_BY_CIRCULATING_IMMUNOGLOBULIN,45,ENR,GOBP_HUMORAL_IMMUNE_RESPONSE_MEDIATED_BY_CIRCULATING_IMMUNOGLOBULIN,2.0182000000000002,2E-3,GOBP_HUMORAL_IMMUNE_RESPONSE_MEDIATED_BY_CIRCULATING_IMMUNOGLOBULIN,FALSE,GOBP_HUMORAL_IMMUNE_RESPONSE_MEDIATED_BY_CIRCULATING_IMMUNOGLOBULIN
21,2.6989700043360201,2.6989700043360201,2.6989700043360201,0.998,0.33329999999999999,7.1199999999999999E-2,1,THBS1|PLAT|PLAU|S100A10|SERPINE2|PGK1|CLEC3B|CTSZ|F11|ANXA2|F12|FGG|HPN|SERPINE1|ENO1|PLGRKT|MELTF|KLKB1|RUNX1|SERPINF2|FGA|DHCR24|FGB|PLAUR|APOH,https://www.gsea-msigdb.org/gsea/msigdb/human/geneset/GOBP_PLASMINOGEN_ACTIVATION,25,ENR,GOBP_PLASMINOGEN_ACTIVATION,1.9873000000000001,2E-3,GOBP_PLASMINOGEN_ACTIVATION,FALSE,GOBP_PLASMINOGEN_ACTIVATION
,2.67778070526608,2.67778070526608,2.67778070526608,0.99790000000000001,0.42170000000000002,2.2599999999999999E-2,0.877,HBA2|HBG1|RHAG|HBG2|BPGM|HBM|HBQ1|HBZ|IPCEF1|RHBG|RHCG|MB|AQP6|AQP1|AQP5|CA2|CYGB|NGB|HBB|HBA1,https://www.gsea-msigdb.org/gsea/msigdb/human/geneset/GOBP_GAS_TRANSPORT,20,ENR,GOBP_GAS_TRANSPORT,2.2565,2.0999999999999999E-3,GOBP_GAS_TRANSPORT,FALSE,GOBP_GAS_TRANSPORT
,2.4089353929735,2.4089353929735,2.4089353929735,0.99609999999999999,0.42570000000000002,6.2100000000000002E-2,1,PIWIL1|PIWIL2|SPIN1|SPOCD1|C19ORF84|TDRD1|TDRD12|TDRD5|TDRD9|DDX4|MOV10L1|PIWIL4|DNMT3A|DNMT3L|MAEL|FKBP6,https://www.gsea-msigdb.org/gsea/msigdb/human/geneset/GOBP_PIRNA_MEDIATED_HETEROCHROMATIN_FORMATION,16,ENR,GOBP_PIRNA_MEDIATED_HETEROCHROMATIN_FORMATION,2.0225,3.8999999999999998E-3,GOBP_PIRNA_MEDIATED_HETEROCHROMATIN_FORMATION,FALSE,GOBP_PIRNA_MEDIATED_HETEROCHROMATIN_FORMATION
20,2.4089353929735,2.4089353929735,2.4089353929735,0.99609999999999999,0.31519999999999998,3.9199999999999999E-2,0.98899999999999999,BMP4|ACVRL1|BMP1|GDF5|CCN1|ZBTB16|BMP10|GDF6|SMAD7|GLI3|PKDCC|POR|SCX|RUNX2|PRKG2|WNT5A|BMPR2|SOX6|MDK|MUSTN1|FGF18|BMP6|SMAD3|SMAD1|HOXA11|LOXL2|SOX5|BMP2|BMPR1B|SOX9|TAPT1|ZNF219,https://www.gsea-msigdb.org/gsea/msigdb/human/geneset/GOBP_POSITIVE_REGULATION_OF_CARTILAGE_DEVELOPMENT,32,ENR,GOBP_POSITIVE_REGULATION_OF_CARTILAGE_DEVELOPMENT,2.1315,3.8999999999999998E-3,GOBP_POSITIVE_REGULATION_OF_CARTILAGE_DEVELOPMENT,FALSE,GOBP_POSITIVE_REGULATION_OF_CARTILAGE_DEVELOPMENT
3,2.7212463990471698,2.7212463990471698,2.7212463990471698,0.99809999999999999,0.15709999999999999,3.3399999999999999E-2,0.97199999999999998,ODAD4|HAND2|HIF1A|NKX3-2|WNT3A|PITX2|DLL1|MKS1|CFAP45|DRC1|C2CD3|ODAD2|TGIF1|WNT5A|ACVR1|BBS5|BBS7|FOXF1|PSEN1|SMAD3|CER1|DAND5|RIPPLY2|GREM2|NKX2-5|OVOL2|RNF207|DNAAF2|MESP1|RFX3|SMO|SMAD2|DVL2|SUFU|SRF|APLNR|CLUAP1|IFT172|OFD1|KIF3B|IFT52|IFT57|NEK8|PKD2|HAND1|AP1B1|MKKS|TBX20|RTTN|ALG5|ACVR2B|FOXJ1|ARL6|STIL|SETDB2|DYNC2H1|NOTCH2|SOX17|TBX3|TMED2|GREM1|RPGRIP1L|CFAP53|DNAI1|GALNT11|PIERCE1|TBX2|DAAM2|DAW1|CCDC40|DNAAF1|MMP21|ZIC3|CCDC39|AHI1|CRIPTO|SOX18|DDIT3|DNAAF4|MIB1|DYNC2LI1|MEF2C|IFT140|MEGF8|NCLN|BICC1|NOMO1|CFAP52|CIROP|NOMO3|CTNNB1|DNAI2|ENKUR|IFT74|PIERCE2|NOTO|PSKH1|ODAD3|AIDA|NBL1|TGFBR2|FOLR1|MICAL2|GATA4|IHH|NME7|CITED2|CFC1|CRIPTO3|NOTCH1|DNAH5|DPCD|DNAAF3|NDRG4|WNT8B|TBX1|TBC1D32|ACVR2A|TMEM107|ANKS6|FOXN4|DISP1|ARL13B|NPHP3|DVL1|SHH|ENG|DNAH11|NODAL|PKD1L1|ASB2|LEFTY1|CC2D2A|ALDH1A2|PCSK6|VANGL2|FOXH1|FGF10|FGF8|DNAAF11|SOSTDC1,https://www.gsea-msigdb.org/gsea/msigdb/human/geneset/GOBP_SPECIFICATION_OF_SYMMETRY,141,ENR,GOBP_SPECIFICATION_OF_SYMMETRY,2.1680999999999999,1.9E-3,GOBP_SPECIFICATION_OF_SYMMETRY,FALSE,GOBP_SPECIFICATION_OF_SYMMETRY
,1.7520267336381901,1.7520267336381901,1.7520267336381901,0.98229999999999995,0.1124,9.0800000000000006E-2,1,CHRNA3|ANKFN1|CHRNB2|CHRNB4|BORCS7|NCOR1|NKX2-1|FGF12|GLRA1|GNAO1|SEZ6|ATP7A|EFNB3|PAFAH1B1|GAA|KCND2|KLHL1|ARRB2|SLURP1|EN1|PPP1R1B|PBX3|LMX1A|CXCL12|PITX3|HPRT1|HOXD9|IDO1|MTOR|UCHL1|DBH|SCN1A|FXN|AGTPBP1|DPP4|ZIC1|DRD2|EPS8|GLRB|ZMPSTE24|GMFB|GIGYF2|TUBA1A|PPT1|NAV2|CLN8|FZD4|MCOLN3|USP2|ZDHHC8|ARCN1|RCAN1|RCAN2|CALB1|DDHD2|C1QL1|LGI4|ATXN1|DSCAM|PAK5|PAK6|PARK7|PTEN|LARGE1|DRD4|DMRT3|GDNF|GRM1|GRM5|SNCA|NPC1|ASTN1|PENK|HTRA2|OPRD1|RASD2|DAB1|CHD7|PRKCE|SLC1A1|PUM1|CNTN1|MYG1|SPTBN4|TMOD1|RNF170|SOD2|FSHR|WDR47|LRRK2|NPY2R|GPR88|SLITRK6|APOE|CIART|ATP1A2|TBCE|LRRTM1|CHL1|EGR1|SLC25A46|GRIN2D|CCND2|GRM6|DMBX1|NTAN1|CLCN3|CTNS|GAD1|KCNJ10|ALS2|ZNF212|ELP6|NTF4|SNCG|ELAVL4|SLC18A2|ID2|SLC4A10|GNG7|CNTN2|CSTB|NLGN2|VPS35|MTA1|APBA2|HOXB8|ABCA2|DLG4|FOXA2|CNP|ABHD12|MEIS1|ANKH|B4GALT2|SNAP25|TMBIM4|GIP|HPGDS|ROGDI|ADORA2A|PLN|GRIA1|PEX13|VPS13A|SELENOP|CWH43|DRD1|DRD3|MYO15A|TAL1|SOBP|EPHA4|HIPK2|SPG11|ASL|GPR52|CLN6|GRN|HEXA|GBX1|TSC1|FIG4|BTBD9|CRH|NAGLU|ZNF385A|PRKN|ZFHX3|HOXD10|PPP3CB|GNB3|ARRDC3|TH|ALK|GHSR|ETV5|GPR37|CDH23|CRBN|PREX2|HEXB|NR4A2|RELN|HTR2C|OXR1|NEGR1|MINAR2|APP|OPRK1|AVP|INPP5F|NPY1R|PDE1B|QRFP|SLC6A3|ABAT|APBA1|CACNB4|ALDH1A3|TNR|NTSR1|CEND1|FKRP|TRH|ADCY5|GPRIN3|ADCY8|NCOA2|SOD1|SPG21|GIT1|MECP2|BSX|STRN,https://www.gsea-msigdb.org/gsea/msigdb/human/geneset/GOBP_LOCOMOTORY_BEHAVIOR,215,ENR,GOBP_LOCOMOTORY_BEHAVIOR,1.9181999999999999,1.77E-2,GOBP_LOCOMOTORY_BEHAVIOR,FALSE,GOBP_LOCOMOTORY_BEHAVIOR
27,2.3767507096021001,2.3767507096021001,2.3767507096021001,0.99580000000000002,0.2631,4.8000000000000001E-2,0.997,SEMA6B|SEMA6C|SEMA6D|SLIT3|UNC5C|SEMA7A|DPP4|ITGB3|PLXNA3|EFNA5|EPHA7|WNT5A|ROBO1|FLRT2|ROBO2|FLRT3|RHOA|RYK|NTN1|LGR6|PDGFA|SEMA3F|SEMA5A|NRG1|NRG3|SLIT1|NRP2|PLXNA4|ITGAV|SLIT2|SEMA3A|SEMA3B|SEMA3C|SEMA3D|SEMA4A|SEMA3E|SEMA3G|SEMA4B|SEMA4C|SEMA4D|SEMA4F|SEMA4G|SEMA5B|APOA1|SEMA6A,https://www.gsea-msigdb.org/gsea/msigdb/human/geneset/GOBP_NEGATIVE_CHEMOTAXIS,45,ENR,GOBP_NEGATIVE_CHEMOTAXIS,2.085,4.1999999999999997E-3,GOBP_NEGATIVE_CHEMOTAXIS,FALSE,GOBP_NEGATIVE_CHEMOTAXIS
,2.6989700043360201,2.6989700043360201,2.6989700043360201,0.998,0.18990000000000001,5.6599999999999998E-2,0.999,BMP4|THBS4|ITGA2|CCL5|SIX1|CCN3|GNA12|FGF9|DOCK7|ITGB3|PLXNA1|DOCK5|CORO1B|ITGB1BP1|BIN3|TCP11L2|PDGFRB|DDIT3|PLEKHO1|IGFBP5|PDGFA|PDGFB|MEF2C|MDK|ADAMTS1|BMPR1A|GRB10|PPARD|TRIB1|CRK|AAMP|IGF1|MSTN|PAK1|S100A11|NFE2L2|GSTP1|SSH1|MEGF10|NF1|SIX4|TERT|MYOCD|PDGFD|MDM2|SMO|LRP1|SEMA6D|DDR2|XBP1|NRP1|TLR4|CCN4|FAT1|FOXO4|NDRG4|PLAT|PLAU|IGFBP3|NET1|PTPN1|PRKG1|SORL1|ADIPOQ|ROCK1|DDR1|AIF1|ACE|DOCK4|AKIRIN1|BCL2|NR4A3|ANXA1|MAP3K7|LPAR1|PARVA|SERPINE1|POSTN|SLIT2|VTN|TPM1|ABHD2|HAS2|TACR1,https://www.gsea-msigdb.org/gsea/msigdb/human/geneset/GOBP_MUSCLE_CELL_MIGRATION,84,ENR,GOBP_MUSCLE_CELL_MIGRATION,2.0491999999999999,2E-3,GOBP_MUSCLE_CELL_MIGRATION,FALSE,GOBP_MUSCLE_CELL_MIGRATION
1,2.7212463990471698,2.7212463990471698,2.7212463990471698,1,0.1278,0,1E-3,TMEM201|ACTR10|AGBL4|ARHGAP21|ADCY10|BORCS6|BORCS7|BORCS8|SPEM3|BBS4|HSBP1|KIFBP|KXD1|IQUB|MAP1B|BLOC1S1|NEFH|PAFAH1B1|NEFL|CEP131|ROPN1B|PEX14|DEFB1|SUN2|SYNE2|TLE6|TRIM58|DYNLRB1|DZIP1|UBB|KIF20A|EPPIN|CFAP126|CFAP161|CFAP46|DLG2|CFAP70|KIF11|KIF15|CFAP91|KIF25|HOATZ|LRRC23|OFD1|SPACA9|TEKT1|PCM1|TEKT4|TEKT5|TTC29|TACR2|STARD7|FLOT2|PLA2G3|SSX2IP|TUBA1A|DYNC2H1|UXT|RNASE10|AP3D1|AP3S1|AP3S2|CABS1|DNAI1|CFAP107|CFAP141|CFAP144|CFAP210|KIFC3|CFAP251|CFAP276|SEMG1|CFAP68|SEMG2|CFAP77|CFAP90|ARL3|CFAP95|ARL8B|CIMAP1A|CIMIP2A|PACRG|CIMIP2C|DNAH10|DNAH12|DNAH14|BBS1|DNAH3|BBS2|DNAH6|DNAL4|DYNLRB2|TAC1|DYNLT2|DYNLT4|BICD2|DYNLT5|EFCAB6|GARIN2|KIF19|CCDC39|KIF12|KIF9|KIF21B|KLC1|KIF3C|MAP4|KIF6|KLC4|KTN1|CLN3|RIBC1|RIBC2|SAXO4|SPMIP10|SPMIP11|SPMIP6|SPMIP8|TEKTIP1|TEKTL1|TTLL9|COPG1|INTS13|COPG2|DYNC1LI1|ACTR2|SLC22A14|RAB21|FNTA|HTT|PRSS55|SPA17|TEX101|KIF13A|KIF16B|KIF1C|LAMP1|APOB|PRDM14|FMN2|CFAP20|CLIP3|ACTR3|ARL8A|TPPP2|EFHC1|CELF3|TTLL3|TTLL6|TTLL8|RAB1A|EFHB|CFAP69|DYNC1H1|RAB6A|ATP2B4|VDAC3|KIF18A|KIF18B|KIF22|KIF23|KIF2A|KIF2C|KIF4A|KIF4B|KIFC1|KPNB1|MAP1S|CEP78|CILK1|CLUAP1|PLTP|DYNC2I1|DYNC2I2|IFT172|IFT22|IFT25|IFT27|IFT43|IFT52|IFT56|IFT57|IFT70A|IFT70B|IFT81|LCA5L|RABL2B|SPEF2|SPAST|TTC21A|WDR19|WDR35|NEK10|TERF2|STARD9|SUN1|HNRNPU|LZTFL1|CCNYL1|ROPN1|ROPN1L|ASH1L|CCDC40|DNAAF1|VPS13A|CAMSAP3|SSNA1|YIF1B|CATSPERZ|TUBB4B|SORD|TMEM232|APC|LDHC|MAP2K1|DYNLL1|NME5|NME7|SPAG6|LRRC46|DNAAF3|GMNC|RUFY3|APP|TTC21B|DNAH11|TAC3|TACR3|TRAF3IP1|PURA|VANGL1|GAPDHS|DNAAF11|FSIP2|ODAD4|BICD1|HIF1A|CCR6|CFAP206|STK36|CFAP298|TSSK4|CFAP45|CLXN|CYB5D1|DRC1|IFT122|IQCF1|DYNLT1|IRGC|ODAD2|RSPH4A|CENPE|CDC42|PGAM4|KIF14|SFPQ|CFAP221|CFAP54|DNAH9|SPAG16|DLGAP5|MAP1A|UCHL1|DNAAF2|DYNLT3|AGTPBP1|AP3B1|IFT46|UBE2B|ARMCX3|KIF17|KLC3|MAPK8IP3|JHY|DNAI3|KATNIP|BLOC1S2|STAU1|CCDC159|CEP128|CFAP119|CFAP157|CFAP47|CFAP53|TAC4|CFAP57|CFAP61|CFAP65|CFAP97D1|DNAH1|DNALI1|DNHD1|DRC7|MEIG1|TTC12|TTLL5|ZMYND12|DAW1|RAB27B|BBOF1|KIF7|CCDC88C|FEZ1|GAS2L2|HDAC6|KIF21A|KIF24|RABGEF1|ARMC2|CCDC146|ING2|CFAP43|CFAP44|MAPT|DNAH5|DPCD|KIF27|MGARP|TSSK6|RSPH6A|CATSPER1|CATSPER2|CATSPER3|CATSPER4|DYNC1I2|SEPTIN4|SPEF1|SPAG17|ARMC12|KIF26A|KATNB1|KIF13B|DDX4|OPA1|KIF20B|TACR1|ARMC3|IGBP1|ATG16L1|ATP1A4|RHOT1|ATG5|IFT80|RHOT2|BAG3|CABYR|CATSPERD|CATSPERE|EFCAB9|AP3B2|AP3M1|AP3M2|BICDL1|BICDL2|BLOC1S3|BLOC1S4|BLOC1S5|SLIRP|BORCS5|SPG7|CDR2L|DCTN1|DTNBP1|DYNC1I1|RFX3|DYNC1LI2|ADAM7|FBXW11|FYCO1|HAP1|AQP4|KIF1A|KIF1B|HYDIN|KIF3A|KIF3B|KIF5A|AKAP3|CFAP58|IFT20|KIF5B|IFT88|KIF5C|CELSR2|KIFAP3|KIFC2|MAP2|MKKS|MREG|NDE1|CCDC38|NDEL1|RPGR|KLC2|SLC9B1|WASF1|SLC9B2|TTLL1|SLC9C1|RAB17|CFAP100|CFAP73|RASGRP1|DNAAF5|DNAAF6|DNAH2|FNTB|DNAH7|TEKT2|STK11|GARIN3|SYBU|KIAA0319L|PDCL2|PIERCE1|PFN4|TMEM230|TPGS1|TRAK1|LRPPRC|TRAK2|TRIM46|BLOC1S6|POC1B|DNAI4|RUFY4|NEURL1|SMCP|TEKT3|SNAPIN|CWH43|DNAAF4|DYNC2LI1|DYNLT2B|SPG11|FUZ|DST|QRICH2|IFT140|NETO1|INTU|TMEM108|EFHC2|CFAP52|MAK|DNAI2|ENKUR|IFT74|MNS1|KIF26B|PIERCE2|ODAD3|TMF1|RSPH9|HSPB1|TBC1D21|SPAG8|BBS12|WDPCP|NME8|ZMYND10|CCDC63|LCA5|DNAH17|DNAH8|STAU2|ODAD1|NPHP3|INPP5B|NPHP4|APBA1|TUB|NHERF1|SLC22A16|ADCY3|SOD1,https://www.gsea-msigdb.org/gsea/msigdb/human/geneset/GOBP_MICROTUBULE_BASED_MOVEMENT,477,ENR,GOBP_MICROTUBULE_BASED_MOVEMENT,3.2481,0,GOBP_MICROTUBULE_BASED_MOVEMENT,FALSE,GOBP_MICROTUBULE_BASED_MOVEMENT
5,2.7212463990471698,2.7212463990471698,2.7212463990471698,1,0.18010000000000001,0,0,TRIM16|CASP14|UGCG|VDR|CLDN1|PRKCH|RIPK4|LDB2|LSR|COL5A2|KRT16|DSP|KRT2|NSDHL|FZD3|ELOVL1|ALX4|ATP7A|JUP|DSC1|KRT3|IRF6|KRT4|PDGFA|LAMA5|PAX6|COL6A1|FRAS1|PKD1|KRT6C|HDAC1|KRT7|KRT72|KRT73|PSEN1|KRT74|KRT77|RBPJ|KRT78|KRT79|KRT80|KRT81|KRT82|KRT85|KRT86|ITGB6|KRT9|EPHA2|EVPL|KRT10|TCHH|KRT76|OVOL2|DKK4|GRHL1|KPRP|RYR1|SMO|FOXC1|STK4|SUFU|CLDN4|DLX3|COL1A1|AP3B1|FST|TXNIP|MACROH2A1|KDF1|PIP5K1A|COL5A3|KLK5|POU2F3|SRSF6|KRT6A|LCE3A|PLA2G10|ADAMTS2|STARD7|ZMPSTE24|BCL2|MACROH2A2|HOXC13|SAV1|PTCH2|FOXE1|PLAAT4|ALOX12|ALOX12B|TNFSF13B|ALOXE3|HOXA7|IL17A|ZFP36|ADAM9|FA2H|ETV4|ITGA2|KRT5|SPRR5|EXPH5|SCEL|SPINK5|ZBED2|ITGA3|ITGA6|CLIC4|FGFR2|GORAB|FOSL2|LATS1|LATS2|DNASE1L2|LGR4|WNT10B|FGF7|DKK1|SOX18|EZH2|APCDD1|NGFR|CNFN|SGPP1|WNT10A|KAZN|DACT2|LCE1C|LCE1E|IVL|LCE3D|LCE3E|KRT36|MYD88|SPRR2B|KRT84|SPRR2D|SPRR2F|SPRR2G|TNF|TRPC4AP|LDB1|NF1|MED1|SNAI1|GRHL2|PKP1|ST14|ASPRV1|WNT16|CDSN|MSX2|GBA1|ASCL4|CERS3|ROCK1|ITGB4|NSUN2|CDKN2A|REG3G|S100A7|SHH|RELA|LRP4|OPN3|PLEC|FLG|KRT17|PUM2|LORICRIN|MET|SPRR1A|SPRR1B|SPRR2E|TGM3|VANGL2|EGFR|NOM1|SOS1|KRT14|ZNF750|FGF10|ZDHHC21|SOSTDC1|TGFB2|LHX2|POU3F1|DLL1|ERRFI1|ZFP36L1|EDA|EDAR|SOX21|WNT5A|PPHLN1|IGFBP5|SFN|SHARPIN|CASP3|GAL|SLC39A7|HDAC3|PIAS4|TFAP2C|CDH3|SLITRK5|TNFRSF19|ATP8A2|DSG4|FOXN1|FOXQ1|KRT25|KRT27|KRT28|KRT83|FLG2|PKP3|CYSRT1|SRF|AQP3|TFAP2B|PALLD|HRNR|ABCB6|TMPRSS11F|SLC2A10|COL3A1|COMP|CSTA|OVOL1|MAFB|FZD6|LGR5|TGM1|WDR48|ALOX15B|FLNB|TP63|MYSM1|JAG1|ASH1L|KRT75|CD109|TMEM79|NUMA1|SLC27A4|ACVR1B|CYP26B1|EXTL3|FUZ|TRAF3IP2|CDKN1A|INTU|IL18|GNAS|CTNNB1|EXT1|IFT74|COL5A1|GRHL3|INHBA|MAP2K1|PPL|FERMT1|NME2|SPRR3|SLC39A2|KRT1|KRT6B|SMAD4|TSG101|HDAC2|ERCC2|EREG|NAGLU|GATA6|HPSE|ACER1|AHDC1|NOTCH1|ARRDC3|ABCA12|AKR1C3|STMN1|ASAH1|GLI2|YAP1|LTB|VPS33B|IL20|BCL11B|CYP27B1|ANXA1|COL1A2|FAM210B|TRADD|PPP3CA|BCR|NFKBIZ|KLF4|LIPK|LIPM|ROCK2|LIPN|NCOA3|SOX9|DHCR24|FOXI3,https://www.gsea-msigdb.org/gsea/msigdb/human/geneset/GOBP_SKIN_DEVELOPMENT,307,ENR,GOBP_SKIN_DEVELOPMENT,3.6856,0,GOBP_SKIN_DEVELOPMENT,FALSE,GOBP_SKIN_DEVELOPMENT
,2.7212463990471698,2.7212463990471698,2.7212463990471698,1,0.37840000000000001,3.2899999999999999E-2,0.97099999999999997,BCL11A|ADAM7|MAP3K13|BNC1|PAEP|SHB|NGF|NPPC|WEE2|EDNRB|RAC1|TRIM58|RAC3|LRRK2|NPR2|TCP11|SIRT2|TMPRSS12|TBX6|AURKA|CLEC7A|BCL2|KIF14,https://www.gsea-msigdb.org/gsea/msigdb/human/geneset/GOBP_REGULATION_OF_CELL_MATURATION,23,ENR,GOBP_REGULATION_OF_CELL_MATURATION,2.1749999999999998,0,GOBP_REGULATION_OF_CELL_MATURATION,FALSE,GOBP_REGULATION_OF_CELL_MATURATION
19,2.2146701649892302,2.2146701649892302,2.2146701649892302,0.99390000000000001,0.20630000000000001,7.8899999999999998E-2,1,TOP6BL|UBR2|ANKLE1|RMI1|ATM|ANKRD31|SPO11|NUCKS1|TERB1|TERB2|TOPBP1|TRIP13|UHRF1|MRE11|NBN|PRDM9|SLX4|BARD1|RAD50|BRIP1|RAD51|BRME1|RAD51AP1|C14ORF39|ERCC4|DMC1|EME1|EME2|FANCD2|FANCM|UBE2B|HSF2BP|C1ORF146|CCNB1IP1|BRCA1|CENPS|CENPX|CNTD1|MAJIN|HFM1|MCMDC2|KLHDC3|MUS81|MLH3|MND1|MSH4|MSH5|TOP2B|PSMC3IP|RNF212|RNF212B|RAD21|SHOC1|RAD51B|SYCE3|RAD51C|SYCP1|RAD51D|RAD54B|RAD54L|TEX11|RBBP8|TEX19|REC8|MLH1|TOP2A|HDAC10,https://www.gsea-msigdb.org/gsea/msigdb/human/geneset/GOBP_HOMOLOGOUS_RECOMBINATION,67,ENR,GOBP_HOMOLOGOUS_RECOMBINATION,1.9559,6.1000000000000004E-3,GOBP_HOMOLOGOUS_RECOMBINATION,FALSE,GOBP_HOMOLOGOUS_RECOMBINATION
,2.7212463990471698,2.7212463990471698,2.7212463990471698,1,0.37769999999999998,3.9199999999999999E-2,0.98599999999999999,PHIP|INPPL1|ZFAND2B|IGFBP1|GHRH|WNT1|GHSR|NKX3-1|BMP5|IGF1|TRIM72|IGFBP3|ATXN1|IGFBP4|GHRHR|IGFBP6|BMP2|CDH3|AR|MYORG|CILP|IGFBP2|IGFBP5,https://www.gsea-msigdb.org/gsea/msigdb/human/geneset/GOBP_REGULATION_OF_INSULIN_LIKE_GROWTH_FACTOR_RECEPTOR_SIGNALING_PATHWAY,23,ENR,GOBP_REGULATION_OF_INSULIN_LIKE_GROWTH_FACTOR_RECEPTOR_SIGNALING_PATHWAY,2.1364000000000001,0,GOBP_REGULATION_OF_INSULIN_LIKE_GROWTH_FACTOR_RECEPTOR_SIGNALING_PATHWAY,FALSE,GOBP_REGULATION_OF_INSULIN_LIKE_GROWTH_FACTOR_RECEPTOR_SIGNALING_PATHWAY
,1.9172146296835499,1.9172146296835499,1.9172146296835499,0.9879,0.13739999999999999,7.3999999999999996E-2,1,CNTF|SCARF1|TENM3|ZNF804A|EPHA3|AMIGO1|DMD|KDM1A|LTK|NGF|CFLAR|NTRK1|RIT2|DDX56|PPP2R5B|PLXNB2|PRKCI|CAMK2B|PRKD1|RAP1A|RAPGEF2|TOX|WNT5A|GPRASP3|NPTN|SETX|PAFAH1B1|SF3A2|FBXO38|FES|PTK6|APBB1|CX3CL1|ATP1B2|INS|VLDLR|SERPINF1|BDNF|TMEM30A|ATP8A2|EPHB2|CUX2|KIDINS220|SCN1B|NCKIPSD|DDR2|NCK1|DAB2IP|ANKRD27|SNX3|DDR1|P3H1|PLA2G3|SERPINI1|FUT9|BRAF|COBL|PLK5|IL1RAPL1|BAIAP2|AP2A1|SHOC2|CAPRIN1|KAT2B|RETREG3|SLC30A1|ANKRD1|FYN|ITGA3|MARK2|ITGA6|ATOH7|ATF1|PLPPR5|EPO|ARHGAP35|RAPGEF1|LRP8|FEZ1|DISC1|LRRC7|MAGI2|EEF2K|LYN|EZH2|BCL11A|ARSB|MDK|BMPR1A|DBN1|ARF6|TRIM67|FZD1|NTRK3|SMAD1|NFE2L2|GRN|PTPRD|TNN|ROBO3|GPC2|NDNF|PTK7|RGS2|EHD1|FIG4|STYXL1|CAPRIN2|ENC1|PACSIN1|SCARB2|TUBB2B|ABL1|FGFR1|ALK|CAMK1|TMEM106B|ADNP|DHX36|DPYSL3|NDRG4|PTK2B|PTN|RELN|WASHC5|ABL2|RET|RGMA|CNTN1|NEGR1|STAU2|ARMCX5-GPRASP2|STMN2|RYK|DVL1|S100A9|NTRK2|ALKAL1|ALKAL2|PUM2|ITPKA|KATNB1|BMP5|TWF1|PLXNB3|TWF2|EP300|BMP7|CAMK1D|CBFA2T2|ZDHHC15|APOE|AVIL,https://www.gsea-msigdb.org/gsea/msigdb/human/geneset/GOBP_POSITIVE_REGULATION_OF_NEURON_PROJECTION_DEVELOPMENT,153,ENR,GOBP_POSITIVE_REGULATION_OF_NEURON_PROJECTION_DEVELOPMENT,1.9704999999999999,1.21E-2,GOBP_POSITIVE_REGULATION_OF_NEURON_PROJECTION_DEVELOPMENT,FALSE,GOBP_POSITIVE_REGULATION_OF_NEURON_PROJECTION_DEVELOPMENT
26,2.7212463990471698,2.7212463990471698,2.7212463990471698,1,0.23949999999999999,1.0500000000000001E-2,0.498,ACVR1C|NR5A1|SEMG2|ZWINT|BMP4|LIF|GPR149|ZP4|NPPC|GJA1|EAF2|KIT|WDR77|TRIP13|WT1|WNT5A|PTGDS|ZP3|CDKN1B|PRDX4|NKX3-1|IGF1|HORMAD1|MYH9|PTGDR2|SERPINF1|ARHGDIB|DUSP1|EPPIN|NANOS2|SNAI1|MAEL|TIMP1|ELF5|FBXO5|CHFR|SHB|PLAT|TPST2|UBE2B|WEE2|NPR2|DDB1|NLRP5|ASTL|BCL2L1|NODAL|ZP1|OVOL1|SPINK13|ZP2|PAEP|PDIK1L|ZFPM2|PKMYT1|YBX3|ADA|BMP7|RAD1|RPS6KA2|CALR|STK11|SYCP2|DMRT1|WNT4|FBXO43|HPGDS|OVGP1|SOD1|STK35|SULF1|TEX11|KNL1|TTK|SEMG1,https://www.gsea-msigdb.org/gsea/msigdb/human/geneset/GOBP_NEGATIVE_REGULATION_OF_REPRODUCTIVE_PROCESS,75,ENR,GOBP_NEGATIVE_REGULATION_OF_REPRODUCTIVE_PROCESS,2.419,0,GOBP_NEGATIVE_REGULATION_OF_REPRODUCTIVE_PROCESS,FALSE,GOBP_NEGATIVE_REGULATION_OF_REPRODUCTIVE_PROCESS
2,2.7212463990471698,2.7212463990471698,2.7212463990471698,1,0.20349999999999999,4.0000000000000001E-3,0.17299999999999999,BMP4|MYC|AMPD2|CD2AP|WNT11|LIF|SIX1|DLL1|WNK4|DLG1|NPNT|GLI3|IQGAP1|CD34|TCF21|LAMA5|MAGED1|CTNNBIP1|MTSS1|PKD1|GZF1|HOXA11|TMEM59L|HNF1B|SIX4|LZTS2|SALL1|HEYL|SIX2|SMO|FOXC1|HOXD11|POU3F3|TFAP2B|PTCH1|OSR1|BASP1|EDNRB|VEGFA|ADAMTS16|PKD2|KLHL3|AGTR2|BCL2|FOXJ1|AQP11|FOXC2|GATA3|NOG|PBX1|NOTCH2|TACSTD2|CD24|GREM1|ILK|DCHS1|CALB1|CITED1|JAG1|UMOD|NPHS1|EDN1|EDNRA|LGR4|HOXB7|HS2ST1|WT1|WNT2B|HS3ST3A1|WNT9B|AHI1|HS3ST3B1|MAGI2|AGT|FOXD1|MEF2C|GDNF|WNT1|CTNNB1|EXT1|KLF15|AQP1|KIF26B|HES1|HES5|LAMB2|SMAD4|PECAM1|SLC22A1|GPC3|IRX1|IRX2|IRX3|WNT6|TGFB1|NOTCH1|FGF2|WNT7B|WWTR1|PAX2|PAX8|PODXL|PTPRO|YAP1|ACAT1|ADIPOQ|GREB1L|LHX1|SHH|SLC22A6|FGF1|PROM1|ASXL1|BMP2|EYA1|MYO1E|NPHS2|WNT4|FGF8|STAT1|SOX9|SOX8,https://www.gsea-msigdb.org/gsea/msigdb/human/geneset/GOBP_NEPHRON_EPITHELIUM_DEVELOPMENT,122,ENR,GOBP_NEPHRON_EPITHELIUM_DEVELOPMENT,2.5949,0,GOBP_NEPHRON_EPITHELIUM_DEVELOPMENT,FALSE,GOBP_NEPHRON_EPITHELIUM_DEVELOPMENT
7,2.7212463990471698,2.7212463990471698,2.7212463990471698,1,0.1537,1.15E-2,0.55500000000000005,IRX5|MFRP|CNTF|NRL|RPL24|HIF1A|THY1|RPGRIP1|SAMD11|LAMC3|SDK2|LHX2|DLL1|PTF1A|XRN2|RORB|BBS4|CELF4|TGIF1|THRB|RRM1|PDGFRB|BBS10|RDH13|HIPK1|SAMD7|RPE65|PAX6|ATP2B4|GRM6|PSEN1|SERPINF1|FJX1|RHO|ATP8A2|ELP6|DTNBP1|PER2|VSX1|CDON|DLL4|MYH10|CLDN19|IMPG2|MDM1|NECTIN1|SLC17A7|AGTPBP1|NFIA|CASP2|PFDN5|TFAP2B|TTC8|DRAM2|PAX4|PROX1|SMARCA4|USP45|BAX|BMPR2|SMARCD3|ACHE|SLC38A8|ACVR2B|MEGF11|PRDM1|DLX1|ARL6|DLX2|SDK1|NDP|DIO3|TCIRG1|RD3|RPGRIP1L|BMPR1B|PDE6A|CLN8|FZD4|PDE6B|SIX3|PDE6C|GNAT1|NEUROD4|GNB1|JMJD6|TTLL5|SKI|ACVRL1|CALB1|MERTK|ATOH7|BBS1|ROM1|CLDN3|HCN1|CLIC4|FOS|GDF11|HPCA|DCX|DSCAM|AHI1|CRX|LARGE1|HIPK2|TFAP2A|ARSG|NECTIN3|ZNF513|OPN4|PTPRM|RHOJ|SLC4A5|HES1|LAMA1|TMEM135|GRN|LAMB2|MED1|RP1|USH1C|RS1|ARHGEF15|IHH|VAX2|NAGLU|STAT3|MAN2A1|TGIF2|TGFB1|NOTCH1|NRP1|SLC17A8|ACTL6A|PDGFRA|SCAPER|PAX2|CHD7|RAB11FIP4|SLC1A1|CRB1|CRB2|CYP1B1|TBC1D32|FOXN4|MFSD8|NEUROD1|GPM6A|LHX1|NPHP4|COL4A1|PROM1|NFIB|RP1L1|GNAT2|PRPH2|NTRK2|TSPAN12|TUB|TULP1|BSG|RBP4|VSTM4|FAT3|CLCN2|ZHX2|LPCAT1|VSX2|NPHP1|SOX9|CABP4|NR2E1|NR2E3|SOX8|LRP5|MFSD2A|TGFB2,https://www.gsea-msigdb.org/gsea/msigdb/human/geneset/GOBP_RETINA_DEVELOPMENT_IN_CAMERA_TYPE_EYE,178,ENR,GOBP_RETINA_DEVELOPMENT_IN_CAMERA_TYPE_EYE,2.3961000000000001,0,GOBP_RETINA_DEVELOPMENT_IN_CAMERA_TYPE_EYE,FALSE,GOBP_RETINA_DEVELOPMENT_IN_CAMERA_TYPE_EYE
,2.6989700043360201,2.6989700043360201,2.6989700043360201,0.998,0.1176,4.5400000000000003E-2,0.995,CASQ2|KCNC3|WNK4|HTR2A|DLG1|FXYD1|P2RX7|HCN4|SLC12A6|KCNA1|KCNB2|KCND2|GCK|KCND3|KCNE3|KCNE4|KCNE5|KCNIP1|KCNIP2|KCNC1|KCNJ12|KCNH2|KCNJ3|KCNJ5|HPN|KCNMA1|KCNN2|ANK2|ATP1B2|ATP1B3|KCNT1|NOS1AP|NEDD4L|GHITM|KCNJ2|EDN3|DRD2|NPPA|PKD2|SLC12A4|SLC12A5|SLC12A7|SLC12A8|SLC12A9|TMEM38A|ADORA1|KCNK3|ANK3|MCOLN3|KCNK9|SLC24A4|KCNJ8|KCNK13|KCNK6|KCNB1|KCNE1|LARGE1|SUMO1|ACTN2|TRPM5|KCNA3|KCNA4|KCNA6|KCNA7|KCNC4|KCND1|KCNV1|KCNV2|NOS1|HCN2|PRNP|ABCB8|OXSR1|CCDC51|KCNK1|TMEM38B|ABCC9|WWP2|FXYD5|PTK2B|AKAP6|CNGA4|KCNH6|NALCN|SLC24A1|SLC24A2|SLC24A3|KCNQ3|SLC24A5|NOS3|SLC12A2|KCNK10|STK39|CAV1|CAV3|NSF|KCNQ5|AKAP7|AMIGO1|ATP12A|ATP1A1|ATP1A2|CAB39|ATP1A3|ATP1A4|ATP1B1|KCNK18|ATP4A|ATF4|ATP4B|CD63|KCNQ2|DPP10|DPP6|FXYD3|FXYD4|FXYD6|FXYD7|GAL|GNB2|FLNA|KCNAB1|KCNAB2|KCNAB3|KCNF1|KCNG1|KCNG2|KCNG3|KCNG4|YWHAE|FXYD2|KCNIP3|KCNIP4|KCNJ1|KCNJ10|LETM1|KCNJ11|KCNJ13|KCNJ14|BIN1|KCNJ15|KCNJ16|KCNJ18|KCNJ4|KCNJ6|KCNJ9|KCNRG|KCNS1|KCNS2|KCNS3|KEL|LRRC26|SLC17A6|LRRC38|SLC17A7|LRRC52|LRRC55|FHL1|KIF5B|RGS4|KCNA5|KCNH5|SLC9A1|SLC9A2|SLC9A3|SLC9A4|SLC9A5|SLC9A6|SLC9A7|MCOLN1|SLC9A8|SLC9A9|NEDD4|SLC9C1|SLC9C2|TMEM175|SNAP25|GJA5|PKD2L1|GRP|ATP1B4|HCN1|VAMP2|HCN3|KCNC2|CHP1|KCNQ4|DRD1|DRD3|ABCC8|KCNE2|CDK2|KCNMB2|KCNMB4|CDKN1B|KCNK5|KCNT2|ADRA2A|AQP1|KCNH3|KCNH4|KCNH7|KCNH8|KCNK12|KCNK15|KCNK17|KCNK7|KCNN1|TSC1|KCNN3|KCNU1|GALR2|KCNH1|KCNMB1|KCNMB3|SLC1A3|TREM2|CNGB1|KCNN4|KCNQ1|VPS4B|HCRT|OPRK1|ANO6|KCNA2|KCNK2|SLC12A1|CACNA1D|SLC12A3,https://www.gsea-msigdb.org/gsea/msigdb/human/geneset/GOBP_POTASSIUM_ION_TRANSPORT,229,ENR,GOBP_POTASSIUM_ION_TRANSPORT,2.0943000000000001,2E-3,GOBP_POTASSIUM_ION_TRANSPORT,FALSE,GOBP_POTASSIUM_ION_TRANSPORT
18,2.7212463990471698,2.7212463990471698,2.7212463990471698,1,0.14399999999999999,3.8999999999999998E-3,0.182,ADGB|AXDND1|DPY19L2|ICA1L|ADCY10|IQCN|PMFBP1|RNF17|SPACDR|SPATA16|CCR6|CFAP206|SPEM3|SUN5|TSSK4|TSSK1B|TSSK3|TUBA8|DRC1|ZMYND15|BBS4|DDX6|IQCF1|RAN|PAFAH1B1|CEP131|ROPN1B|SEPTIN14|CFAP221|KLHL10|CFAP54|DEFB1|SPAG16|DZIP1|DLD|H3-3A|H3-3B|FREY1|SUFU|SRPK1|PTCH1|UBE2B|KLC3|BAX|PLA2G3|GARIN4|CCDC159|CEP128|CFAP119|CFAP157|CFAP47|CFAP53|CFAP57|CIB1|CFAP61|CFAP65|CFAP97D1|DNAH1|YTHDC2|DNALI1|DNHD1|SELENOF|DRC7|MEIG1|TTC12|TTLL5|SEMG1|ZMYND12|SEMG2|OSBP2|PACRG|STRBP|BBOF1|BBS2|JAM2|CAPZA3|JAM3|KIT|DDX25|PANK2|SIX5|FANCG|ADGRG2|CEP57|ADAD1|FAM9B|ADAD2|FAM9C|RSPH1|ARMC2|CCDC146|CCER1|ING2|CFAP43|PIWIL1|CFAP44|CHD5|DMRTC2|PSME4|PYGO1|PYGO2|RBM46|SYCP3|TSSK6|SLC22A14|RSPH6A|CATSPER2|CATSPER3|SLC26A3|CATSPER4|SEPTIN4|SPAG17|ARMC12|NSUN2|PRKACA|NECTIN2|CDYL|PCSK4|FSHR|VPS54|EPC1|ABHD2|PLD6|TARBP2|BRDT|KAT5|ARMC3|AFF4|TCP11|BSPH1|CABYR|CATSPERD|CATSPERE|EFCAB9|CFAP69|CFTR|ELSPBP1|FNDC3A|NUP210L|SLIRP|TDRD5|VDAC3|SBF1|BRIP1|DMC1|RNF8|ADAM7|PDILT|CFAP58|ACRBP|HSPA2|AGFG1|EIF4G3|IFT56|AGFG2|HMGB2|UBE2J1|SMARCA2|IFT81|SPEF2|MKKS|TTC21A|SPINK1|RHBDD1|CCDC136|CCDC38|RIMBP3|CCDC42|RIMBP3C|CHN2|MEIOC|SLC9A8|TTLL1|CYLC1|DCAF17|KDM3A|TBC1D20|GARIN1A|GARIN1B|GARIN3|STK33|IZUMO3|KIAA0319L|KNL1|REC8|PDCL2|PFN4|TPGS1|ROPN1|PLN|ROPN1L|POC1B|GALNTL5|SPO11|NEURL1|RFX2|TRIP13|YIF1B|CATSPERZ|SOX30|SPACA1|SPINK2|PITHD1|MAST2|CFAP52|FXR1|MNS1|HOOK1|DYNLL1|TMF1|TMPRSS12|NME5|EHMT2|VPS13B|ZPBP|OCA2|ZPBP2|TBC1D21|TBPL1|SPAG6|LRRC46|GLI1|DHH|PRKG1|CCDC63|CCNB1IP1|H1-7|QKI|TMEM119|PAEP|CCDC62|SLC26A6|SYCP1|NPHP1|FSIP2,https://www.gsea-msigdb.org/gsea/msigdb/human/geneset/GOBP_SPERMATID_DIFFERENTIATION,235,ENR,GOBP_SPERMATID_DIFFERENTIATION,2.5878000000000001,0,GOBP_SPERMATID_DIFFERENTIATION,FALSE,GOBP_SPERMATID_DIFFERENTIATION
4,2.7212463990471698,2.7212463990471698,2.7212463990471698,1,0.34499999999999997,2.7000000000000001E-3,0.107,BMP4|HMGA2|CDH1|HESX1|PITX2|FGF2|PITX1|SOX3|SRD5A1|MSX1|GLI1|GLI2|NKX2-1|DRD2|INHBB|OTP|PROP1|WNT5A|PAX6|BMPR1A|SLC6A3|GHRH|NOG|CREB1|POU3F2|GATA2|RBPJ|ALDH1A2|HES1|TBX19|GHRHR|BMP2|ISL1|POU1F1|SIX3|WNT4|SOX2|LHX3|NR0B1|FGF10|FGF8|SALL1,https://www.gsea-msigdb.org/gsea/msigdb/human/geneset/GOBP_PITUITARY_GLAND_DEVELOPMENT,42,ENR,GOBP_PITUITARY_GLAND_DEVELOPMENT,2.6598999999999999,0,GOBP_PITUITARY_GLAND_DEVELOPMENT,FALSE,GOBP_PITUITARY_GLAND_DEVELOPMENT
,2.7212463990471698,2.7212463990471698,2.7212463990471698,1,0.20830000000000001,7.7999999999999996E-3,0.376,MC2R|HCRTR1|PMCH|GPR149|RXFP4|MCHR1|OPRM1|GLRA1|SSTR2|RAPGEF2|TYRO3|GAL|SORCS3|CMKLR2|PPY|AGRP|GALP|NPFFR2|SSTR5|GPR143|POMC|NTS|NPPA|GLRA2|GLRB|SORCS1|SORL1|SORT1|SSTR1|GPR171|NPY|SORCS2|PYY|GNAQ|PROKR1|PROKR2|GRP|NXPH4|TAC1|CYSLTR1|NPB|NPW|PRLHR|ADCYAP1|GPR139|LTB4R2|GPR83|GRPR|HCRTR2|LTB4R|PENK|NMUR1|NMUR2|PROK2|NTSR2|PTGDR2|OPRD1|UCN|CCKBR|OPRL1|GALR2|SSTR4|NPY5R|ECEL1|GPR37|CPE|NMU|TENM1|HCRT|NPSR1|ECRG4|OPRK1|RELA|BRS3|NMB|NMBR|NPY1R|QRFP|GALR1|GALR3|TAC3|PCSK1N|UTS2R|PNOC|NTSR1|SSTR3|CYSLTR2|SCG5|GPR84|NPFF|KISS1R|NPY2R|MCHR2|NMS|NPBWR1|CRCP|NPBWR2|NPFFR1|NXPH2|NXPH3|PDYN|PTH2|QRFPR,https://www.gsea-msigdb.org/gsea/msigdb/human/geneset/GOBP_NEUROPEPTIDE_SIGNALING_PATHWAY,103,ENR,GOBP_NEUROPEPTIDE_SIGNALING_PATHWAY,2.4746999999999999,0,GOBP_NEUROPEPTIDE_SIGNALING_PATHWAY,FALSE,GOBP_NEUROPEPTIDE_SIGNALING_PATHWAY
17,2.7212463990471698,2.7212463990471698,2.7212463990471698,1,0.1229,8.5000000000000006E-3,0.41299999999999998,NR5A1|ANKFN1|CHRNB2|KDM5A|PHLPP1|CRY2|PGR|SGPL1|PTX3|LHCGR|NGF|NPPC|RORB|NTRK1|GDF10|NCOR1|NKX2-1|NR0B2|OGT|ATF5|BHLHE40|NR1H3|CAVIN3|HTR7|SETX|KCND2|CDK1|GFPT1|RPE65|MAGED1|COL6A1|SFPQ|GSK3B|PRKAA2|CREB1|HDAC1|AFP|IGF1|SIRT6|LEP|BHLHE41|MTOR|NR1D1|MAPK9|AGRP|PER2|CASP2|CLDN4|GABRB3|ID1|NAMPT|PPP1CA|PPP1CB|PPP1CC|DRD2|USP7|NPR2|RETN|PROX1|ADRB1|ESR1|F7|CGA|ADORA1|PER3|NHLH2|SP1|TP53|RORC|TARDBP|CA12|CDK5|CDK5R1|NDUFA9|THRAP3|FZD4|PDE6B|SRRD|USP2|GDF9|ASS1|ATOH7|SIAH2|DNM1L|GNRH1|KLF10|LGR4|NOTCH4|PTEN|RAI1|SPSB4|JUND|DRD4|EZH2|GNA11|GPR157|MDK|NGFR|MYCBP2|NFKB2|MMP2|NOCT|ZNF830|NTRK3|HCRTR2|OPN4|MSTN|PROK2|TNF|CSNK1D|HUWE1|UBE3A|NUDT12|MMP19|MAPK10|PIWIL2|SLIT3|MAGEL2|USP9X|ADNP|CREM|PTN|PSPC1|AANAT|MYBBP1A|EGR3|NOS2|OPN3|CREBBP|CSNK2A1|PPARGC1A|CUL4A|GHRH|NTRK2|CBX3|FSHR|NOS3|CIPC|GPR176|SLIT2|NPY2R|SIN3A|STAT5B|STAT5A|TGFB2|AHR|PPARG|TNFAIP6|MTNR1A|TNFRSF11A|BMAL2|CCAR2|CIART|GPR149|PASD1|KAT5|SUV39H2|ATF4|ATG7|ZP3|MTTP|NPAS2|CASP3|TYRO3|ADAMTS1|PER1|EGR1|PCNA|HDAC3|PML|SIK1|RACK1|KLF9|KMT2A|C3ORF70|SERPINF1|PRKCG|PRKDC|DDX5|MTNR1B|DHX9|CRY1|DYRK1A|FBXW7|FBXW11|TGFB3|SIRT1|ID2|GAS2|HES7|KDM2A|HLF|SUV39H1|NLGN1|MAPK8|MTA1|TIMELESS|TWIST1|GHRHR|HNRNPU|GNAQ|BMPR1B|TOP1|SIX3|HEBP1|NFILZ|HAS2|PROKR1|PROKR2|HNF4A|OPN5|KAT2B|ROGDI|NFIL3|ADORA2A|BECN1|PLN|BLOC1S6|PTPRN|DBP|GABRB1|NCOA1|AXL|NCOR2|KDM5B|SCN9A|PTGDS|DRD3|AMH|METTL3|NRIP1|SCN11A|SREBF1|ABCB1|NONO|FXR1|ID4|SLC6A4|KDM8|GRIN3A|IMPDH2|INHBA|CSF2|SOX14|HDAC2|PARP1|BTBD9|CRH|EREG|NAGLU|PPARA|ZFHX3|BMAL1|ZPBP2|BTRC|NOTCH1|PRMT5|NPY5R|NR1D2|NR5A2|GHRL|PDGFRA|SCAPER|CLOCK|ENOX2|CSNK1E|PRKG1|PLEKHA1|ADIPOQ|DDB1|ROBO2|NMU|DTL|OPRK1|HNRNPD|ID3|FBXL3|KCNA2|FOXO3|ENOX1|EP300|ADCY1|KDM5C|NFYA|RBM4|TEF|ROCK2|RORA|SLC26A6|RELB|NCOA2|RBM4B|PRKAA1|CRTC1|TOP2A|NR2F6,https://www.gsea-msigdb.org/gsea/msigdb/human/geneset/GOBP_RHYTHMIC_PROCESS,296,ENR,GOBP_RHYTHMIC_PROCESS,2.4537,0,GOBP_RHYTHMIC_PROCESS,FALSE,GOBP_RHYTHMIC_PROCESS
5,2.7212463990471698,2.7212463990471698,2.7212463990471698,1,0.14940000000000001,0,0,BMP4|NAB1|TRIM16|REST|CASP14|UGCG|PITX2|VDR|CLDN1|COL7A1|LAMA3|PRKCH|LDB2|STS|LSR|KRT16|DSP|KRT2|NSDHL|FZD3|ELOVL1|ALX4|ATP7A|KRT15|PAFAH1B1|DSC1|KRT3|IRF6|KEAP1|KRT31|KRT32|KRT4|PDGFA|LAMA5|KRT34|PAX6|COL6A1|PPARD|ELMOD3|KRT6C|HDAC1|KRT7|KRT72|KRT73|KRT74|KRT77|RBPJ|KRT78|KRT79|KRT80|KRT81|INSR|KRT82|KRT85|KRT86|KRT9|EPHA2|EVPL|KRT10|TCHH|KRT76|LAMB3|OVOL2|DKK4|GRHL1|KPRP|SMO|TFDP1|FOXC1|STK4|PTHLH|CLDN4|DLX3|PTCH1|AP3B1|FST|SULT2B1|TXNIP|MACROH2A1|KDF1|COL17A1|PIP5K1A|KLK5|KLK7|POU2F3|SRSF6|KRT6A|LCE3A|PLA2G10|HEY2|STARD7|ZMPSTE24|BCL2|FLOT2|MACROH2A2|HOXC13|SAV1|POU3F2|PTCH2|GRXCR1|FOXE1|MANSC4|PLAAT4|ALOX12|ALOX12B|ALOXE3|HOXA7|SLC4A7|MCOLN3|IL17A|ZFP36|ADAM9|FA2H|ETV4|KRT5|SPRR5|EXPH5|SCEL|SPINK5|ZBED2|ATP2C1|BNC1|CLIC4|FGFR2|GORAB|PLOD3|FOSL2|LATS1|LATS2|DNASE1L2|LGR4|MAFG|WNT10B|FGF7|YBX1|DKK1|SOX18|ERCC3|SFRP4|EZH2|APCDD1|NGFR|CNFN|SGPP1|WNT10A|ANKRD24|KAZN|CLRN2|LCE1C|GRXCR2|GSDME|LCE1E|IVL|LCE3D|LHFPL5|LCE3E|PDZD7|OVOL3|STRC|KRT36|SLC44A4|SPRR2B|TECTA|KRT84|SPRR2D|TPRN|HES5|SPRR2F|SPRR2G|TNF|TRPC4AP|CALML5|CST6|EMP1|LDB1|NF1|KRTAP5-9|MED1|KRTDAP|LAMC2|SNAI1|TGM5|CRABP2|GJB5|MYCL|GRHL2|RBP2|PKP1|ST14|SCRIB|WNT16|CDSN|MSX2|RAC1|GBA1|CERS3|ROCK1|NSUN2|CDKN2A|REG3G|S100A7|SHH|RELA|LRP4|OPN3|PLEC|FLG|KRT17|PUM2|LORICRIN|MET|TRIOBP|SPRR1A|SPRR1B|SPRR2E|TGM3|VANGL2|EGFR|NOM1|SOS1|ELAPOR2|KRT14|SLITRK6|ZNF750|FGF10|GDF3|ZDHHC21|SOSTDC1|TGFB2|JAG2|LHX2|POU3F1|DLL1|ERRFI1|TMEM132E|ZFP36L1|EDA|EDA2R|EDAR|SOX21|MYCN|WNT5A|ATP2A2|PPHLN1|IGFBP5|SFN|SHARPIN|CASP3|GAL|SLC39A7|HDAC3|PIAS4|TFAP2C|CDH3|KLF7|TNFRSF19|DSG4|FOXN1|FOXQ1|KRT25|KRT27|KRT28|KRT83|FLG2|NTF4|PKP3|CYSRT1|SRF|ESRP1|AQP3|SEC24B|IFT172|PALLD|HRNR|TMPRSS11F|ALDH3A2|MAFF|TMC1|CSTA|OVOL1|MAFB|FZD6|LGR5|TGM1|AGPAT2|WAS|ALOX15B|FLNB|TP63|MYSM1|JAG1|KRT75|CD109|HOXB13|ATOH1|TMEM79|NUMA1|ACVR1B|POU4F3|PLOD1|CYP26B1|EXTL3|FUZ|CDKN1A|HLA-DRB1|INTU|MYO6|IL18|GNAS|CTNNB1|DCT|EXT1|IFT74|HES1|SVEP1|GRHL3|INHBA|MAP2K1|PPL|USH1C|FABP5|FERMT1|NME2|SPRR3|SLC39A2|KRT1|KRT6B|SMAD4|TSG101|HDAC2|ERCC2|MYO7A|EREG|NAGLU|PPARA|GATA6|HPSE|ACER1|NOTCH1|ABCA12|AKR1C3|FGF2|FGFR1|STMN1|ASAH1|GLI1|NAB2|GLI2|WDPCP|CDH23|YAP1|CLRN1|KCNQ1|IL20|BCL11B|CYP27B1|KLK14|MINAR2|ANXA1|TRADD|PLS1|PPP3CA|BCR|NFKBIZ|USH2A|CCN2|NHERF1|KLF4|WHRN|LIPK|LIPM|ROCK2|LIPN|FAM3C|SPINT1|NCOA3|FGF20|SOD1|SOX9|FOXI3,https://www.gsea-msigdb.org/gsea/msigdb/human/geneset/GOBP_EPIDERMIS_DEVELOPMENT,380,ENR,GOBP_EPIDERMIS_DEVELOPMENT,3.3424,0,GOBP_EPIDERMIS_DEVELOPMENT,FALSE,GOBP_EPIDERMIS_DEVELOPMENT
2,2.6989700043360201,2.6989700043360201,2.6989700043360201,0.998,0.1454,3.27E-2,0.97099999999999997,BMP4|MYC|AMPD2|CD2AP|WNT11|ANGPT1|LIF|SIX1|DLL1|WNK4|DLG1|NPNT|CFLAR|GLI3|IQGAP1|CD34|COMT|TCF21|PDGFRB|PDGFA|LAMA5|PDGFB|MAGED1|CTNNBIP1|MTSS1|NUP107|NUP133|PKD1|EGR1|GZF1|HOXA11|TMEM59L|HNF1B|DCHS2|SIX4|LZTS2|SALL1|HEYL|SIX2|SMO|COL4A4|FOXC1|HOXD11|POU3F3|TFAP2B|PTCH1|OSR1|BASP1|EDNRB|VEGFA|ADAMTS16|PKD2|KLHL3|AGTR2|BCL2|FOXJ1|AQP11|ENPEP|FOXC2|GATA3|NOG|PBX1|NOTCH2|TACSTD2|CD24|GREM1|PLCE1|ILK|IL6R|DCHS1|CALB1|ITGA3|CITED1|ANGPT2|JAG1|UMOD|NPHS1|ITGB3|EDN1|EDNRA|LGR4|ERBB4|HOXB7|HS2ST1|WT1|NUP160|WNT2B|HS3ST3A1|WNT9B|AHI1|COL4A3|HS3ST3B1|MAGI2|ACTA2|AGT|FOXD1|MEF2C|GDNF|WNT1|CTNNB1|EXT1|KLF15|AQP1|KIF26B|HES1|HES5|LAMB2|NOTCH3|NID1|NUP85|SMAD4|KIRREL3|PDGFD|PECAM1|SLC22A1|GPC3|IRX1|IRX2|IRX3|WNT6|TGFB1|NOTCH1|FGF2|WNT7B|SEC61A1|PDGFRA|WWTR1|PAX2|PAX8|PODXL|PTPRO|YAP1|GPR4|RET|ACAT1|MPV17|ADIPOQ|GREB1L|LHX1|SHH|SLC22A6|FGF1|PROM1|PPP3CA|ASXL1|TEK|VANGL2|BMP7|BMP2|EYA1|MYO1E|SERPINB7|NPHS2|WNT4|FGF8|STAT1|SOX9|SULF1|SULF2|SOX8,https://www.gsea-msigdb.org/gsea/msigdb/human/geneset/GOBP_NEPHRON_DEVELOPMENT,160,ENR,GOBP_NEPHRON_DEVELOPMENT,2.1743999999999999,2E-3,GOBP_NEPHRON_DEVELOPMENT,FALSE,GOBP_NEPHRON_DEVELOPMENT
3,2.6989700043360201,2.6989700043360201,2.6989700043360201,0.998,0.35439999999999999,6.1100000000000002E-2,1,BMP4|FGF1|FGF2|GDNF|FGFR1|SIX1|WNT2|SPRY1|GATA5|CTNNB1|HOXA11|HOXC11|BMP2|ROBO1|WNT2B|AR|ROBO2|DKK1|FGF10|FGF8|FRS2|POU5F1|MESP1,https://www.gsea-msigdb.org/gsea/msigdb/human/geneset/GOBP_ORGAN_INDUCTION,23,ENR,GOBP_ORGAN_INDUCTION,2.0283000000000002,2E-3,GOBP_ORGAN_INDUCTION,FALSE,GOBP_ORGAN_INDUCTION
1,2.10237290870956,2.10237290870956,2.10237290870956,0.99209999999999998,0.20169999999999999,4.2099999999999999E-2,0.99299999999999999,PFN4|TPGS1|BBOF1|POC1B|CCDC40|BBS2|CFAP206|DMD|DNAAF1|MKS1|NEURL1|ENKD1|DRC1|BBS4|CCDC39|ATMIN|AHI1|YIF1B|CEP131|CFAP69|BBS5|CFAP221|INTU|CFAP54|SPAG16|VDAC3|MNS1|NOTO|DZIP1|E2F4|DYNLL1|RSPH9|ARMC2|SPATA6|CCDC146|CFAP43|CFAP44|TBC1D21|SPAG6|LRRC46|DNAAF3|RSPH6A|UBE2B|CFAP58|KLC3|ZMYND10|IFT57|IFT81|SPAG17|SPEF2|JHY|ARMC12|CCDC38|FOXJ1|PLA2G3|TTLL1|CC2D2A|CCDC159|CEP128|CFAP119|CFAP157|CFAP47|CFAP53|CFAP57|CFAP61|CFAP65|CFAP97D1|MCIDAS|DNAH1|DNALI1|DNHD1|DRC7|DNAAF11|MEIG1|TTC12|TTLL5|FSIP2|PDCL2|ZMYND12,https://www.gsea-msigdb.org/gsea/msigdb/human/geneset/GOBP_MOTILE_CILIUM_ASSEMBLY,79,ENR,GOBP_MOTILE_CILIUM_ASSEMBLY,2.1179999999999999,7.9000000000000008E-3,GOBP_MOTILE_CILIUM_ASSEMBLY,FALSE,GOBP_MOTILE_CILIUM_ASSEMBLY
,2.7212463990471698,2.7212463990471698,2.7212463990471698,0.99809999999999999,0.12520000000000001,6.5500000000000003E-2,1,ASTN2|ABI2|ACAP3|PITX2|POU4F1|ASPM|PLXNA1|NKX2-1|BBS4|DNER|FZD3|PLXNB2|CAMK2B|NDN|SHTN1|MAP1B|RAPGEF2|UNC5D|MARK1|PAFAH1B1|NTN1|CHL1|PAX6|TYRO3|SEPTIN14|CRK|DRGX|FILIP1|APBB2|CRKL|FLNA|PSEN1|GATA2|CX3CL1|CXCL12|YWHAE|SATB2|ADGRG1|ASCL1|EVX1|MYH10|FEZF1|FOXG1|SRF|EOMES|DAB2IP|PHACTR1|DRD2|CELSR2|PCM1|VEGFA|DCC|COL3A1|TBX20|BAX|NEXMIF|GFRA3|NDE1|SDCCAG8|CNTN2|NDEL1|GAS6|TUBA1A|GATA3|NIPBL|WDR62|PLAA|SRGAP2C|NR2F2|TOP2B|ULK4|CAMK2A|CDK5|WASF2|CDK5R1|TWIST1|ALKBH1|NEUROD4|MATN2|KIAA0319L|TUBGCP2|FYN|ITGA3|RNF7|TRIM46|MARK2|BBS1|SH3RF1|AXL|CEP85L|PEX13|ATOH1|DCX|GNRH1|PEX7|ABI3|NAV1|TUBB2A|SOCS7|SRGAP2|ERBB4|CTNNA2|DRD1|FLRT2|LARGE1|CDKL5|DISC1|NKX6-1|RHOA|CCKAR|DCDC2|DNAAF4|LRP12|FGF13|ARHGEF2|MEF2C|MDK|POMGNT2|VRK1|NRG3|NRP2|NSMF|NTRK3|ASTN1|CTNNB1|GPR173|ARX|IGSF10|NTNG1|CDK5R2|EMX2|NTNG2|TNN|CCK|FBXO41|ROBO3|SOX14|SEMA3A|ZNF609|ELP3|KIAA0319|NDNF|SEMA3E|ZMIZ1|LRIG2|KIRREL3|LHX6|AUTS2|UNK|SEMA6A|STAT3|CELSR1|NEO1|TBC1D24|TUBB2B|UNC5C|FGFR1|USP9X|DAB1|NRP1|PTK2B|PLXNA3|RAC1|NR4A2|RELN|PRKG1|CUL5|ADAM17|CCR4|SEPTIN4|ADGRL3|GPM6A|LHX1|MDGA1|SOX1|HSP90AA1|NTRK2|DDIT4|KIF26A|NRCAM|FAT3|FKRP|SPOCK1|VAX1|PEX5|FBXO45|ABI1|KIF20B,https://www.gsea-msigdb.org/gsea/msigdb/human/geneset/GOBP_NEURON_MIGRATION,188,ENR,GOBP_NEURON_MIGRATION,2.0072000000000001,1.9E-3,GOBP_NEURON_MIGRATION,FALSE,GOBP_NEURON_MIGRATION
17,2.0222763947111502,2.0222763947111502,2.0222763947111502,0.99050000000000005,0.114,8.7400000000000005E-2,1,ANKFN1|CHRNB2|KDM5A|PHLPP1|CRY2|NGF|RORB|NTRK1|NCOR1|NKX2-1|NR0B2|OGT|ATF5|BHLHE40|NR1H3|CAVIN3|HTR7|SETX|KCND2|CDK1|GFPT1|RPE65|MAGED1|COL6A1|SFPQ|GSK3B|PRKAA2|CREB1|HDAC1|IGF1|SIRT6|LEP|BHLHE41|MTOR|NR1D1|MAPK9|AGRP|PER2|CLDN4|GABRB3|ID1|NAMPT|PPP1CA|PPP1CB|PPP1CC|DRD2|USP7|PROX1|ADRB1|F7|ADORA1|PER3|TP53|RORC|TARDBP|NDUFA9|THRAP3|PDE6B|SRRD|USP2|ASS1|ATOH7|SIAH2|KLF10|LGR4|PTEN|RAI1|SPSB4|JUND|DRD4|EZH2|GNA11|GPR157|NGFR|MYCBP2|NOCT|NTRK3|HCRTR2|OPN4|PROK2|TNF|CSNK1D|HUWE1|UBE3A|NUDT12|MAPK10|PIWIL2|MAGEL2|USP9X|PSPC1|AANAT|MYBBP1A|EGR3|NOS2|OPN3|PPARGC1A|GHRH|NTRK2|CIPC|GPR176|NPY2R|SIN3A|AHR|PPARG|MTNR1A|TNFRSF11A|BMAL2|CCAR2|CIART|PASD1|KAT5|SUV39H2|ATF4|ATG7|MTTP|NPAS2|PER1|EGR1|HDAC3|PML|SIK1|KLF9|KMT2A|C3ORF70|PRKCG|PRKDC|MTNR1B|CRY1|DYRK1A|FBXW7|FBXW11|SIRT1|ID2|KDM2A|SUV39H1|NLGN1|MAPK8|MTA1|TIMELESS|GHRHR|HNRNPU|GNAQ|TOP1|SIX3|HEBP1|NFILZ|PROKR1|PROKR2|HNF4A|OPN5|ROGDI|NFIL3|ADORA2A|BECN1|PLN|BLOC1S6|SCN9A|PTGDS|DRD3|METTL3|NRIP1|SCN11A|SREBF1|ABCB1|NONO|FXR1|ID4|SLC6A4|KDM8|IMPDH2|CSF2|SOX14|HDAC2|PARP1|BTBD9|CRH|NAGLU|PPARA|ZFHX3|BMAL1|ZPBP2|BTRC|PRMT5|NR1D2|GHRL|CLOCK|CSNK1E|PRKG1|ADIPOQ|DDB1|NMU|HNRNPD|ID3|FBXL3|KCNA2|EP300|ADCY1|RBM4|ROCK2|RORA|RELB|NCOA2|RBM4B|PRKAA1|CRTC1|TOP2A|NR2F6,https://www.gsea-msigdb.org/gsea/msigdb/human/geneset/GOBP_CIRCADIAN_RHYTHM,207,ENR,GOBP_CIRCADIAN_RHYTHM,1.9337,9.4999999999999998E-3,GOBP_CIRCADIAN_RHYTHM,FALSE,GOBP_CIRCADIAN_RHYTHM
,1.97881070093006,1.97881070093006,1.97881070093006,0.98950000000000005,0.31969999999999998,8.8700000000000001E-2,1,CYP39A1|SCARF1|SNX17|SPP1|SRD5A1|SRD5A2|STS|SULT1E1|CYP1A2|YWHAH|CYP24A1|CYP27A1|CYP27B1|CYP3A4|CYP46A1|AKR1D1|CYP7A1|SCARB1|FGF23|HSD11B1|HSD17B11|HSD17B14|HSD17B6|APOE|CYP19A1,https://www.gsea-msigdb.org/gsea/msigdb/human/geneset/GOBP_STEROID_CATABOLIC_PROCESS,25,ENR,GOBP_STEROID_CATABOLIC_PROCESS,1.93,1.0500000000000001E-2,GOBP_STEROID_CATABOLIC_PROCESS,FALSE,GOBP_STEROID_CATABOLIC_PROCESS
6,2.7212463990471698,2.7212463990471698,2.7212463990471698,0.99809999999999999,0.25969999999999999,3.7699999999999997E-2,0.98299999999999998,NR5A1|TNFAIP6|PGR|SGPL1|GPR149|PTX3|PTPRN|LHCGR|NPPC|NOTCH4|AMH|NRIP1|ZP3|CASP3|ADAMTS1|MMP2|ZNF830|AFP|MSTN|INHBA|LEP|EREG|MMP19|SLIT3|NOTCH1|NPY5R|NR5A2|CASP2|PDGFRA|SCAPER|TGFB3|SIRT1|GAS2|NPR2|RETN|PLEKHA1|ESR1|ROBO2|CGA|FOXO3|FSHR|NOS3|SLIT2|BMPR1B|FZD4|GDF9|STAT5B|STAT5A|TGFB2,https://www.gsea-msigdb.org/gsea/msigdb/human/geneset/GOBP_OVULATION_CYCLE_PROCESS,49,ENR,GOBP_OVULATION_CYCLE_PROCESS,2.1436000000000002,1.9E-3,GOBP_OVULATION_CYCLE_PROCESS,FALSE,GOBP_OVULATION_CYCLE_PROCESS
12,2.7212463990471698,2.7212463990471698,2.7212463990471698,0.99809999999999999,0.1244,4.1700000000000001E-2,0.99199999999999999,IZUMO1|LLCFC1|PLCZ1|SPACA5|SPACA6|SPATA46|SPESP1|TMEM95|WDR54|NPM2|TSSK4|DRC1|IQCF1|GLRA1|CD9|CDK1|ROPN1B|PRDM9|COL6A1|KLHL10|CRKL|DEFB126|CNTLN|DKKL1|HOXD9|H3-3A|H3-3B|TCP1|SNU13|FREY1|AP3B1|DCST1|TPST2|FETUB|NPR2|GLRB|PLA2G10|AR|BAX|FCRL3|FOLR2|LYZL4|BCL2L1|LYZL6|EQTN|GARIN4|NR2F2|CCDC159|SPAG1|CFAP119|PLB1|PLCB1|CFAP57|RNASE10|RIMS1|CECR2|BBOF1|SYT6|SERPINA5|BBS1|CLIC4|PARK7|UBE2Q1|FOXL2|LCN6|NECTIN3|INTS13|OR1D2|MYH9|PRND|UBE3A|CCDC146|WBP2NL|WEE2|CATSPER2|ADAM18|ADAM32|SPTBN4|LY6K|PRSS55|SPA17|SPACA4|TEX101|TMEM81|ZAN|ZP1|HSPA1L|PKDREJ|ZP2|NECTIN2|YBX3|PCSK4|TRPC7|ABHD2|ADAM20|ADAM21|APOB|PRDM14|ACR|TRPC3|TARBP2|TRPC6|AAAS|IGSF8|RAB3A|CD46|ATP1A4|TRIM36|BSPH1|ZP3|CCDC87|CFAP69|ELSPBP1|FNDC3A|FAM170B|CLGN|LHFPL2|TDRD12|SLIRP|TDRD9|HOXA10|HOXA11|HVCN1|NOX5|TDRKH|ATP8B3|MAEL|ITPR1|IRAG2|AKAP3|PPP3R2|FBXO24|ACRBP|SPINK1|ASTL|CCDC136|RIMBP3|RIMBP3C|VDAC2|SLC9B1|SPINK13|ANTXR2|HOXA9|PRSS37|SPATA22|SYCP2|GARIN1B|STXBP1|GARIN3|WDR48|REC8|TUBGCP3|UMODL1|UBXN8|POC1B|UNC13B|ASH1L|ZP4|SMCP|KDM5B|CCT2|CCT3|CCT4|CCT5|CCT7|CCT8|PITHD1|CCNO|ALDOA|SERPINA10|STX2|CFAP52|ODAD3|SPACA3|HYAL3|SYT8|FOLR1|FOLR3|TMPRSS12|EHMT2|SMAD4|MST1R|IFTAP|IQCH|ZPBP|OR10J1|ZPBP2|HOXD10|OVCH2|FCRL5|SPACA7|SPAG8|TEX46|LRRC46|NELL2|PLAT|UBAP2L|GMNC|HEXB|MFGE8|KLK14|NLRP5|B4GALT1|PAEP|CACNA1H|SLC22A16|ADCY3|MCIDAS|ZFY|OVGP1|ADAM2|SPAM1|TEX11|CRISP1|GNPDA1|DCST2|GLIPR1L1|PLCD4,https://www.gsea-msigdb.org/gsea/msigdb/human/geneset/GOBP_FERTILIZATION,218,ENR,GOBP_FERTILIZATION,2.121,1.9E-3,GOBP_FERTILIZATION,FALSE,GOBP_FERTILIZATION
4,2.6989700043360201,2.6989700043360201,2.6989700043360201,0.998,0.376,1.66E-2,0.749,PITX2|BLOC1S6|SOX3|HAP1|NRP1|SRD5A1|SRD5A2|NCOA1|PLXNA1|PLXNA3|NKX2-1|OTP|PROP1|BAX|NHLH2|NRP2|POU3F2|CTNNB1|FOXB1|UBB|NDNF|RAB3GAP1|SEMA3E|RAX|NR0B1|UQCRQ|CRH,https://www.gsea-msigdb.org/gsea/msigdb/human/geneset/GOBP_HYPOTHALAMUS_DEVELOPMENT,27,ENR,GOBP_HYPOTHALAMUS_DEVELOPMENT,2.3182999999999998,2E-3,GOBP_HYPOTHALAMUS_DEVELOPMENT,FALSE,GOBP_HYPOTHALAMUS_DEVELOPMENT
,1.8996294548824399,1.8996294548824399,1.8996294548824399,0.98740000000000006,0.1168,7.1300000000000002E-2,1,PGR|VDR|LIF|SPP1|STS|AKT1|CTSB|RXRB|GJA1|ACOD1|CRHBP|PPARD|SLC38A2|EPYC|ITGA5|TLE6|DKKL1|LEP|IDO1|AGRP|H3-3A|H3-3B|CLIC5|DSG1|PTHLH|CLDN4|SLC38A3|KLF1|PCSK5|VEGFA|NPPA|EMP2|SLC2A1|ESR1|AR|BMPR2|CORIN|BCL2|PRDM1|PLA2G4B|PSG9|FUT7|PLA2G4C|NDP|GARIN4|NR2F2|AGO2|CYP1A1|CD38|IL1B|SEMG1|ACVR1C|UPRT|ITGA2|ITGA3|LNPEP|EPO|ITGB3|TAC1|FOS|EDN1|GNRH1|SMURF2|LGALS9|PRLHR|STC1|LDOC1|UBE2Q1|INTS1|MMP2|MSTN|A1CF|FOSB|UCN|ARHGDIB|MED1|PTGFR|RGS2|IHH|CITED2|KRAS|CSMD1|POLR1B|PTN|RECK|HSF1|MMP9|ITGB4|TGFBR1|NPFF|SLC19A1|STAT5B|PRDM14|ACR|STAT5A|TACR1|IL11RA|FKBP4|RPL29|TRO|C1QBP|PRDX3|ERRFI1|TPPP3|RXFP1|AMBP|IGFBP5|SYDE1|DAZAP1|SMAD3|CBS|IGFBP7|YTHDF3|DDO|FBN2|ADRA2B|JUNB|EPOR|IGFBP2|STOX2|TCF23|EDDM3A|SMAD2|PPP3R2|DDR1|MAFF|ACVR2B|TEAD4|FBLN1|SPHK2|PARP2|STC2|TRIM28|TMED2|PSG11|GARIN3|PSG2|PSG5|HSD11B2|SP3|PAPPA|PSG1|ANGPT2|APLF|PSG3|PSG4|ASH1L|PSG6|CAPN2|PSG7|PZP|RLN1|SMCP|OXTR|TEKT3|P2RX1|HMX3|SERPINE2|ACVR1B|PRL|DSG2|PRLR|ABCC8|COL16A1|ADCYAP1|EPN1|HAVCR2|PITHD1|HSPG2|ABCB1|CAD|ADRA2A|GNAS|RLN2|GRN|HYAL3|LAMB1|DEDD|TIMP1|PARP1|CRH|RARA|TGFB1|SCGB1A1|SLC38A1|GHRL|GHSR|VMP1|TEAD3|KPNA6|HEXB|PTGIS|DCAF13|CYP27B1|KLK14|ACVR2A|ENDOU|OXT|AVPR1A|NODAL|TAC3|B4GALT1|ACSL4|APELA|HPGD|BSG|THBD|PNOC|APOL2|PTGS2|CALCA|CALR|MAGED2|ADCY7|WNT4|ACE2|OVGP1|SOD1,https://www.gsea-msigdb.org/gsea/msigdb/human/geneset/GOBP_MULTI_MULTICELLULAR_ORGANISM_PROCESS,218,ENR,GOBP_MULTI_MULTICELLULAR_ORGANISM_PROCESS,1.9855,1.26E-2,GOBP_MULTI_MULTICELLULAR_ORGANISM_PROCESS,FALSE,GOBP_MULTI_MULTICELLULAR_ORGANISM_PROCESS
11,2.7212463990471698,2.7212463990471698,2.7212463990471698,1,0.20280000000000001,0,0,CD209|CDH1|SCARF1|CDHR3|CLDN1|CLDN6|CLDN9|DSC2|CD177|UNC5D|DSC1|SLITRK1|PKD1|CRTAM|MYPN|CADM1|CX3CL1|ITGA5|MYOT|CEACAM5|ALCAM|CEACAM1|MMP24|PCDH12|CLDN11|DSC3|CLDN12|DSG1|CLDN14|DSG3|CLDN16|PIK3CB|CLDN17|CLDN19|CNTN4|CLDN20|NECTIN1|CLDN22|CLDN23|CLDN4|CLDN7|CLDN8|MPZ|MAG|FAT2|CDH16|PCDHGB4|PCDHA10|IL1RAPL1|DSCAML1|IGSF9|NEXN|CLSTN1|ICAM1|PCDH9|DCHS1|CXADR|ITGA3|ATP2C1|UMOD|CDH13|CLDN3|ITGAL|CLDN5|ITGB1|LRFN3|SLITRK2|JAML|MYADM|DSCAM|ITGAM|EFNA5|ITGB2|ROBO4|FLRT3|PTPRG|L1CAM|NECTIN3|NECTIN4|ROBO3|KIRREL3|PECAM1|CELSR1|DAB1|FAT4|FXYD5|AMIGO2|CADM2|CDHR4|PTPRS|RET|MPZL2|PCDH1|PVR|PCDH10|PCDH11X|PCDH18|PCDH19|ADGRL3|PCDH20|PCDH7|PCDHA1|PCDHA7|PCDHA11|PCDHB6|PCDHA12|PCDHA13|TENM4|PCDHA3|PCDHA4|ELFN1|PCDHA5|ELFN2|PCDHA6|PCDHA8|SELE|SPARCL1|PCDHA9|PCDHAC1|SELL|PCDHB1|SELP|PCDHB12|NECTIN2|PCDHB15|PCDHB7|PCDHB8|PLXNB3|PCDHGA1|PCDHGA10|AMIGO3|PCDHGA11|FAT3|PCDHGA12|WNK1|PCDHGA2|PTPN23|PCDHGA4|PCDHGA5|BMP2|PCDHGA6|PCDHGA7|PCDHGA8|PCDHGA9|PCDHGB1|PCDHGB2|PCDHGB3|PCDHGB5|PCDHGB6|PCDHGB7|CADM4|TGFB2|CDH17|TRO|SDK2|TENM3|AMIGO1|RIC8A|CD164|VCAM1|CDH26|MAP2K5|PLXNB2|CD84|PCDH8|CLDN10|NPTN|PCDHGC3|PCDHGC4|CDH10|PCDHGC5|CDH11|IL1RN|CDH12|CDH15|CDH18|CDH19|CDH20|ACVR1|CDH22|CDH24|CDH4|CDH6|CDH7|CLSTN2|PTPRF|CDH8|CDH9|CDHR2|PTPRR|PTPRT|DCHS2|CDH2|CDH3|SLITRK5|DSG4|LRRC4|FGFRL1|FAT1|PCDHGA3|PALLD|CNTN6|CELSR2|KIFAP3|SLITRK3|CNTN2|NLGN1|NRXN1|PCDH17|CPLANE2|SDK1|CADM3|PCDH11Y|CEACAM8|HMCN1|LGALS7B|IGSF11|PSG11|PSG2|PSG5|SCARF2|IGSF21|AJUBA|APOA1|CDHR5|CDH5|CBLN1|CEACAM6|DSG2|LRFN4|LRRC4B|PTPRM|CD6|GRID2|NTNG1|TGFBR2|NTNG2|PTPRD|PTK7|GPC4|LRRC4C|CLDN15|LRFN5|CLDN2|MAPK7|CLDN18|EMB|IL1RAP|GATA5|HMCN2|CDH23|PCDHAC2|CDHR1|CLSTN3|CRB1|CRB2|ESAM|ADIPOQ|ROBO1|MAPK14|ROBO2|MBP|PCDHB10|MDGA1|PCDHB11|PCDHB13|PCDH15|PCDHB14|PCDHB16|PCDHB2|IL10|PCDHB3|PCDHB4|PCDHB5|PCDHB9|BSG|KLF4|CELSR3,https://www.gsea-msigdb.org/gsea/msigdb/human/geneset/GOBP_CELL_CELL_ADHESION_VIA_PLASMA_MEMBRANE_ADHESION_MOLECULES,278,ENR,GOBP_CELL_CELL_ADHESION_VIA_PLASMA_MEMBRANE_ADHESION_MOLECULES,3.8553999999999999,0,GOBP_CELL_CELL_ADHESION_VIA_PLASMA_MEMBRANE_ADHESION_MOLECULES,FALSE,GOBP_CELL_CELL_ADHESION_VIA_PLASMA_MEMBRANE_ADHESION_MOLECULES
5,2.7212463990471698,2.7212463990471698,2.7212463990471698,1,0.18790000000000001,0,0,BMP4|TRIM16|REST|CASP14|UGCG|PITX2|VDR|PRKCH|KRT16|DSP|KRT2|PAFAH1B1|KRT3|IRF6|KEAP1|KRT4|PAX6|ELMOD3|KRT6C|HDAC1|KRT7|KRT72|KRT73|KRT74|KRT77|RBPJ|KRT78|KRT79|KRT80|KRT81|KRT82|KRT85|KRT86|EPHA2|EVPL|KRT10|TCHH|KRT76|OVOL2|GRHL1|FOXC1|STK4|DLX3|PTCH1|SULT2B1|TXNIP|MACROH2A1|KDF1|PIP5K1A|KLK5|POU2F3|SRSF6|KRT6A|LCE3A|HEY2|MACROH2A2|SAV1|PTCH2|GRXCR1|PLAAT4|HOXA7|SLC4A7|MCOLN3|IL17A|ZFP36|ADAM9|FA2H|ETV4|KRT5|SPRR5|EXPH5|SCEL|SPINK5|ZBED2|CLIC4|FOSL2|LATS1|LATS2|DNASE1L2|MAFG|ERCC3|SFRP4|EZH2|CNFN|SGPP1|ANKRD24|KAZN|CLRN2|LCE1C|GRXCR2|GSDME|LCE1E|IVL|LCE3D|LHFPL5|LCE3E|PDZD7|OVOL3|STRC|KRT36|SLC44A4|SPRR2B|TECTA|KRT84|SPRR2D|TPRN|HES5|SPRR2F|SPRR2G|MED1|MYCL|GRHL2|PKP1|ST14|SCRIB|WNT16|CDSN|MSX2|RAC1|CERS3|ROCK1|CDKN2A|REG3G|S100A7|OPN3|PLEC|FLG|KRT17|LORICRIN|TRIOBP|SPRR1A|SPRR1B|SPRR2E|TGM3|KRT14|SLITRK6|GDF3|JAG2|POU3F1|DLL1|ERRFI1|TMEM132E|ZFP36L1|MYCN|WNT5A|PPHLN1|SFN|SHARPIN|CASP3|TFAP2C|CDH3|KLF7|DSG4|FOXN1|KRT83|ESRP1|AQP3|SEC24B|PALLD|HRNR|MAFF|TMC1|CSTA|OVOL1|MAFB|TGM1|ALOX15B|FLNB|TP63|JAG1|KRT75|CD109|ATOH1|TMEM79|NUMA1|POU4F3|CYP26B1|EXTL3|CDKN1A|INTU|MYO6|CTNNB1|IFT74|HES1|MAP2K1|PPL|USH1C|NME2|SPRR3|SLC39A2|KRT1|KRT6B|TSG101|HDAC2|ERCC2|MYO7A|EREG|GATA6|ACER1|NOTCH1|ABCA12|AKR1C3|FGF2|FGFR1|ASAH1|GLI1|GLI2|WDPCP|CDH23|YAP1|CLRN1|KCNQ1|IL20|BCL11B|CYP27B1|MINAR2|ANXA1|PLS1|PPP3CA|BCR|NFKBIZ|USH2A|NHERF1|KLF4|WHRN|LIPK|LIPM|ROCK2|LIPN|FAM3C|NCOA3|FGF20|SOD1|FOXI3,https://www.gsea-msigdb.org/gsea/msigdb/human/geneset/GOBP_EPIDERMAL_CELL_DIFFERENTIATION,234,ENR,GOBP_EPIDERMAL_CELL_DIFFERENTIATION,3.2572999999999999,0,GOBP_EPIDERMAL_CELL_DIFFERENTIATION,FALSE,GOBP_EPIDERMAL_CELL_DIFFERENTIATION
25,2.7212463990471698,2.7212463990471698,2.7212463990471698,1,0.2913,5.9999999999999995E-4,1.9E-2,KRT5|KRT16|KRT75|DSP|KRT2|KRT15|KRT23|NEFH|KRT24|NEFL|KRT19|KRT26|KRT3|EPPK1|KRT31|KRT32|KRT4|KRT12|KRT33A|KRT34|KRT35|KRT37|KRT38|KRT40|KRT6C|KRT7|KRT72|KRT73|KRT74|KLHL24|KRT77|KRT78|KRT36|KRT79|KRT80|KRT84|KRT81|KRT82|KRT85|KRT86|KRT9|NEFM|PRPH|KRT10|KRT20|TCHH|KRT1|KRT76|KRT6B|PKP2|KRT25|VIM|DNAJB6|KRT27|KRT28|KRT33B|KRT83|PKP1|BFSP1|BFSP2|BBLN|INA|AGFG1|AGFG2|GFAP|KRT6A|KRT13|MTM1|SHH|PLEC|KRT17|KRT14|DES,https://www.gsea-msigdb.org/gsea/msigdb/human/geneset/GOBP_INTERMEDIATE_FILAMENT_ORGANIZATION,73,ENR,GOBP_INTERMEDIATE_FILAMENT_ORGANIZATION,2.8645,0,GOBP_INTERMEDIATE_FILAMENT_ORGANIZATION,FALSE,GOBP_INTERMEDIATE_FILAMENT_ORGANIZATION
1,2.7212463990471698,2.7212463990471698,2.7212463990471698,1,0.113,1.1999999999999999E-3,4.1000000000000002E-2,CEP83|CROCC|FAM161A|DMD|AKT1|MKS1|ENKD1|ATG3|BBS4|OCRL|C2CD3|IQUB|ATXN10|KIAA0586|CCDC15|TCTN3|CCDC57|CCP110|CEP120|CEP131|CEP135|ROPN1B|ALPK1|LAMA5|CEP250|SEPTIN2|ATAT1|GSK3B|SYNE2|CBY1|CNTROB|DZIP1|E2F4|B9D2|CCDC28B|CEP162|CEP164|CFAP126|CFAP161|CFAP184|CLCN4|CFAP263|KIAA0753|CFAP46|CFAP70|CFAP74|LRGUK|CFAP91|CIBAR2|CPLANE1|ELMOD1|ERICH3|FAM161B|HOATZ|CYLD|HYLS1|LRRC23|ODF2|NEK1|OFD1|PTPDC1|SPACA9|TBC1D31|TEKT1|PCM1|TEKT4|TEKT5|PKD2|TMEM138|PKHD1|TRAPPC14|TSGA10IP|PLK4|TTC29|POC1A|PPP1R35|RTTN|SDCCAG8|PLA2G3|SSX2IP|DYNC2H1|FHDC1|WDR90|RPGRIP1L|DNAI1|FBF1|ARF4|ARL3|BBS1|BBS2|KIF19|CCDC39|MAP4|CEP19|RRP7A|MARK4|CEP20|CEP350|CSNK1D|EHD1|EHD2|EHD4|EHD3|ENTR1|EVI5|EXOC5|ACTR2|DNMBP|GBF1|HTT|TBC1D10A|TBC1D10B|TBC1D10C|TBC1D17|CC2D2A|PTPN23|MAPK15|AVIL|CEP41|CFAP20|ACTR3|RPGRIP1|TOGARAM1|CCDC66|CEP126|MCRS1|RAB11A|TTLL3|RAB11FIP3|CEP97|TTLL8|RAB1A|CFAP69|RAB34|RAB3IP|FLNA|RAB8A|VDAC3|CDC14A|CDC14C|KCNF1|CDK10|RP2|KCNJ10|MAPRE1|CEP78|CILK1|CLUAP1|DYNC2I1|DYNC2I2|IFT172|IFT22|TTC8|IFT25|IFT27|FBXO24|IFT43|RILP|IFT52|IFT56|IFT57|IFT70A|IFT70B|IFT81|LCA5L|RABL2B|SPEF2|TTC21A|WDR19|WDR35|B3GLCT|RFX4|TBC1D14|TBC1D20|GFY|GALNT11|WRAP73|ROPN1|CFAP410|CCDC40|DNAAF1|ONECUT2|ASAP1|PCNT|SSNA1|YIF1B|TTC39C|CCNO|ABLIM1|DYNLL1|NME5|NME7|MACIR|SPAG6|NOTCH1|LRRC46|CEP290|DNAAF3|CEP70|GMNC|KCNQ1|LIMA1|B9D1|TBC1D32|TMEM107|TMEM231|BBIP1|TTC21B|CCDC13|TRAF3IP1|MCIDAS|SNX10|BBS9|CC2D2B|DNAAF11|DZIP1L|FAM149B1|FBXW8|FSIP2|ODAD4|TCTN2|ONECUT1|CFAP206|STK36|CFAP298|CLXN|DRC1|IFT122|ODAD2|RSPH4A|KCTD17|CFAP221|CFAP54|ELMOD3|SPAG16|TMEM237|DNAAF10|DNAAF2|IFT46|UBE2B|KLC3|ADAMTS16|PRICKLE1|AURKA|JHY|DNAI3|FOXJ1|ARL6|CCDC159|SPAG1|CEP128|CEP89|CFAP119|CFAP157|CFAP47|CFAP53|CFAP57|CFAP61|CFAP65|CIBAR1|USP6NL|CFAP97D1|DNAH1|DNALI1|DNHD1|DRC7|MEIG1|TTC12|TTLL5|ZMYND12|DAW1|BBOF1|ARMC9|GORAB|UNC119B|TXNDC15|CCDC88C|AHI1|MICALL1|GSN|HDAC6|KIF24|NEDD9|RSPH1|RAB8B|ARMC2|CCDC146|RILPL1|CFAP43|RILPL2|CFAP44|DNAH5|USP9X|KIF27|WWTR1|RSPH6A|ABLIM3|SPEF1|SPAG17|ARMC12|NDUFAF2|LPAR1|NECTIN2|PARVA|TTBK2|VANGL2|CDC14B|DUSP23|ATG5|IFT80|CCDC32|BBS10|ATP6V0D1|SCLT1|BBS5|BBS7|ATP6V1D|TMEM17|TMEM216|TMEM80|DNAJB13|DCTN1|DTNBP1|RFX3|NUDCD3|FNBP1L|HAP1|HYDIN|KIF3A|KIF3B|CFAP58|IFT20|IFT88|CELSR2|KIFAP3|LIMK2|MKKS|CCDC38|CCDC42|RPGR|CPLANE2|TTLL1|RAB17|CFAP100|CFAP73|DNAAF5|DNAAF6|DNAH2|DNAH7|TEKT2|CIMAP3|RAB23|TMEM67|PDCL2|PIERCE1|PFN4|TESK1|TPGS1|UBXN10|BLOC1S6|POC1B|WDR11|DNAI4|NEURL1|RFX2|TEKT3|DCX|SNAP29|ARHGAP35|ATMIN|CWH43|CCDC88A|CDKL1|CDKL5|DISC1|DCDC2|DNAAF4|DYNC2LI1|DYNLT2B|EVI5L|FUZ|GDI2|IFT140|INTU|LUZP1|TBC1D5|MAK|DNAI2|MARCHF7|IFT74|MNS1|MPHOSPH9|PIERCE2|NOTO|ODAD3|ODF2L|ABCC4|RABEP2|RABGAP1|RP1|SAXO1|SEPTIN7|TRIM32|SEPTIN9|SGSM3|TAPT1|RSPH9|TBC1D1|SPATA6|TBC1D13|TBC1D15|TBC1D16|TBC1D19|TCTN1|TBC1D2|TBC1D21|TBC1D22A|TBC1D22B|TBC1D24|TBC1D2B|TBC1D30|TBC1D7|TBC1D8|TBC1D9B|TCHP|BBS12|WDPCP|WDR44|RO60|YAP1|NME8|ZMYND10|CCDC63|IQCB1|DNAAF8|LCA5|DNAH17|DNAH8|DNAL1|LRRC61|ARL13A|ODAD1|ARL13B|NPHP3|INPP5E|CATIP|RP1L1|TUB|PIBF1|NHERF1|TTC17,https://www.gsea-msigdb.org/gsea/msigdb/human/geneset/GOBP_CILIUM_ORGANIZATION,451,ENR,GOBP_CILIUM_ORGANIZATION,2.7675999999999998,0,GOBP_CILIUM_ORGANIZATION,FALSE,GOBP_CILIUM_ORGANIZATION
10,2.4089353929735,2.4089353929735,2.4089353929735,0.99609999999999999,0.1157,5.7799999999999997E-2,0.999,BMP4|CCL3|HAND2|REST|WNT11|WNT3A|SPP1|ATP5F1B|ASF1A|FGF9|NPPC|RORB|AKT1|NPNT|BMP3|GLI3|GDF10|RUNX2|IPO7|PTH1R|DLX5|RDH14|CAT|FASN|CEBPB|LIMD1|COL6A1|GSK3B|RPS15|IGF1|IFITM1|IGF2|IL6ST|SNRNP200|EPHA2|SCUBE3|BAMBI|SHOX2|H3-3A|H3-3B|SMO|PTHLH|SUFU|ID1|COL1A1|PTCH1|IGFBP3|SMAD5|VEGFA|DNAI3|BMPR2|HIRA|SOX11|MRC2|SYNCRIP|MYOC|TPM4|PSMC2|CCDC47|FHL2|GREM1|SKI|ALPL|IL6R|CBFB|CITED1|CCN1|BCAP29|FGFR2|FOSL2|LGR4|PTEN|SP7|WNT10B|JUND|LTF|ITGA11|MAP2K6|RANBP3L|MEF2C|RSPO2|HSPE1|BMP6|NOCT|FZD1|HGF|ADAR|CLTC|PENK|TNF|NF1|SFRP2|FBL|SNAI1|SMAD6|WWOX|IHH|SEMA4D|SMOC1|RSL1D1|WNT7B|IARS1|MSX2|PTK2|WWTR1|HDAC7|SNAI2|AXIN2|SND1|MYBBP1A|TENT5A|SHH|TOB1|LOX|PRKACA|BMP7|OSTN|BMP2|ALYREF|PHB1|FIGNL1|SOX8|LRP5|PPARG|TNFAIP6|CEBPD|TMT1A|TRPM4|RRAS2|VEGFC|PRKD1|IFT80|ATF4|LRP3|DDX21|IGFBP5|TWSG1|ACVR1|CREB3L1|CTNNBIP1|SIRT7|PTPRB|VCAN|RASSF2|HOXA2|SMAD3|CRIM1|FBN2|SATB2|TWIST2|MEN1|CDK6|DDX5|JUNB|IGFBP2|DHX9|RIOX1|UCMA|PRMT3|DDR2|SEMA7A|CLIC1|ID2|ERFE|CTHRC1|ACHE|ACVR2B|NBR1|HNRNPC|NOG|AREG|DNAJC13|LRRC17|TCIRG1|SFRP1|TWIST1|HNRNPU|BMPR1B|AMELX|SOX2|FAM20C|TAOK3|ILK|TP63|HSD17B4|JAG1|HEMGN|RRBP1|ZHX3|CHRD|BMPR1A|FFAR4|CTNNB1|IBSP|ID4|SMAD1|CLEC5A|TNN|ATRAID|TP53INP2|NELL1|SMAD4|UFL1|NOTCH1|FBXO5|FGF2|CCN4|GLI1|GLI2|BGLAP|DHH|YAP1|GTPBP4|CYP24A1|MAPK11|ACVR2A|MAPK14|TMEM53|FGF23|ID3|CEBPA|TNC|LEF1|IL6|TMEM119|PPP3CA|TMEM64|PANX3|SMAD9|GDPD2|GABBR1|WNT3|FERMT2|WNT4|NR1I3|SOX9|SUCO|RBMX,https://www.gsea-msigdb.org/gsea/msigdb/human/geneset/GOBP_OSTEOBLAST_DIFFERENTIATION,238,ENR,GOBP_OSTEOBLAST_DIFFERENTIATION,2.0421999999999998,3.8999999999999998E-3,GOBP_OSTEOBLAST_DIFFERENTIATION,FALSE,GOBP_OSTEOBLAST_DIFFERENTIATION
4,2.6989700043360201,2.6989700043360201,2.6989700043360201,0.998,0.2316,1.3100000000000001E-2,0.61799999999999999,BMP4|HMGA2|CDH1|CHRNB2|HESX1|PITX2|PITX1|BLOC1S6|POU4F1|SRD5A1|SRD5A2|NCOA1|PLXNA1|KCNC2|NKX2-1|INHBB|OGDH|OTP|CNTNAP2|WNT5A|PAX6|BMPR1A|KCNC1|CREB1|NRP2|WNT1|CTNNB1|GATA2|RBPJ|HES1|ARX|OTX1|TAL2|UBB|ISL1|KIAA0319|NDNF|RAB3GAP1|SEMA3E|RAX|LHX3|SALL1|UQCRQ|ZEB2|CRH|OLIG2|SMO|PTCHD1|FGF2|SOX3|HAP1|NRP1|MSX1|GLI1|GLI2|PLXNA3|DRD2|NR4A2|PROP1|BAX|SHH|SEMA5A|NHLH2|SLC6A3|GHRH|NOG|POU3F2|FOXB1|ALDH1A2|TBX19|GHRHR|BMP2|POU1F1|SIX3|WNT4|SOX2|NR0B1|FGF10|FGF8,https://www.gsea-msigdb.org/gsea/msigdb/human/geneset/GOBP_DIENCEPHALON_DEVELOPMENT,79,ENR,GOBP_DIENCEPHALON_DEVELOPMENT,2.3668999999999998,2E-3,GOBP_DIENCEPHALON_DEVELOPMENT,FALSE,GOBP_DIENCEPHALON_DEVELOPMENT
,2.7212463990471698,2.7212463990471698,2.7212463990471698,1,0.18260000000000001,2.5999999999999999E-3,0.107,TCTN2|DISP3|FOXA1|EFCAB7|FGF9|HHAT|STK36|MKS1|GLI3|NSDHL|IFT122|DISP2|EVC2|PDX1|RUNX2|C2CD3|DYRK2|IFT80|IQUB|ENPP1|KIAA0586|TCTN3|HIPK1|PAX6|RAB34|SEPTIN2|BBS7|FOXF1|TMEM17|RACK1|OTX2|DZIP1|DLG5|SHOX2|CDON|MAP3K10|SMO|PTCHD1|MGRN1|SUFU|FKBP8|CLUAP1|PTCH1|IFT46|IFT172|ZIC1|IFT25|IFT20|IFT27|IFT52|IFT56|IFT57|MOSMO|IFT81|WDR19|ARL6|STIL|GPR37L1|CPLANE2|PDCL|TUBA1A|NDP|NOG|DYNC2H1|RFX4|PTCH2|TULP3|SFRP1|TMED2|RPGRIP1L|UCHL5|CIBAR1|RB1|HHIP|PKD2L1|ARL3|CHSY1|CFAP410|WDR11|ARMC9|EVC|FGFR2|GORAB|KIF7|SKOR2|ZIC3|TEDC1|TEDC2|TTC23|TUBD1|TXNDC15|SERPINE2|CD3E|WNT10B|PRKACB|NKX6-1|PRRX1|DCDC2|HIPK2|FUZ|HSPG2|IFT140|MEGF8|NDST1|INTU|SCUBE1|EXT1|HES1|KCTD21|HES5|TGFBR2|KCTD6|HHIPL1|ISL1|GPC2|IHH|GPC3|VCP|UBR5|TCTN1|BTRC|ULK3|GLI1|GLI2|GAS1|WDPCP|DHH|RO60|SLITRK4|POR|B9D1|TBC1D32|TMEM231|DISP1|ARL13B|SHH|TTC21B|CREBBP|FBXL17|GLIS2|CDK20|PRKACA|CC2D2A|TTBK2|GPR161|TRAF3IP1|CTNNA1|KCTD11|RORA|HERC4|NCOA2|FGF10|DZIP1L,https://www.gsea-msigdb.org/gsea/msigdb/human/geneset/GOBP_SMOOTHENED_SIGNALING_PATHWAY,153,ENR,GOBP_SMOOTHENED_SIGNALING_PATHWAY,2.6598999999999999,0,GOBP_SMOOTHENED_SIGNALING_PATHWAY,FALSE,GOBP_SMOOTHENED_SIGNALING_PATHWAY
10,2.7212463990471698,2.7212463990471698,2.7212463990471698,1,0.2379,1.23E-2,0.59399999999999997,BMP4|IL6R|TP63|JAG1|CEBPD|CCN1|NPPC|NPNT|GLI3|GDF10|PRKD1|RUNX2|WNT10B|ZHX3|JUND|LRP3|LTF|CEBPB|MEF2C|ACVR1|CTNNBIP1|BMPR1A|FFAR4|BMP6|FZD1|HGF|CTNNB1|IGF1|IFITM1|IL6ST|SMAD1|ATRAID|FBN2|SCUBE3|SFRP2|NELL1|PRMT3|DDR2|FBXO5|FGF2|WNT7B|CCN4|MSX2|WWTR1|SMAD5|YAP1|VEGFA|CLIC1|ACVR2A|DNAI3|BMPR2|SOX11|TENT5A|CTHRC1|ACVR2B|CEBPA|IL6|TMEM119|PPP3CA|GDPD2|BMP7|BMP2|BMPR1B|WNT3|FERMT2|WNT4|SUCO|FAM20C|LRP5|TAOK3|ILK,https://www.gsea-msigdb.org/gsea/msigdb/human/geneset/GOBP_POSITIVE_REGULATION_OF_OSTEOBLAST_DIFFERENTIATION,71,ENR,GOBP_POSITIVE_REGULATION_OF_OSTEOBLAST_DIFFERENTIATION,2.3778000000000001,0,GOBP_POSITIVE_REGULATION_OF_OSTEOBLAST_DIFFERENTIATION,FALSE,GOBP_POSITIVE_REGULATION_OF_OSTEOBLAST_DIFFERENTIATION
1,2.7212463990471698,2.7212463990471698,2.7212463990471698,1,0.31890000000000002,8.6E-3,0.41099999999999998,CFAP20|CFAP43|SEMG2|ADAM7|TPPP2|BBS1|CCDC40|BBS2|CCR6|CFAP206|DNAAF1|CFAP298|TAC1|CFAP45|CLXN|CATSPER1|CYB5D1|DRC1|BBS4|IQCF1|CCDC39|IRGC|KIF9|ODAD2|RSPH4A|TTLL6|MKKS|TACR2|PGAM4|CFAP69|DNAH11|TEX101|GAS2L2|DEFB1|TAC3|TACR3|TAC4|RNASE10|EPPIN|PRDM14|TACR1|SEMG1,https://www.gsea-msigdb.org/gsea/msigdb/human/geneset/GOBP_REGULATION_OF_CILIUM_MOVEMENT,42,ENR,GOBP_REGULATION_OF_CILIUM_MOVEMENT,2.4557000000000002,0,GOBP_REGULATION_OF_CILIUM_MOVEMENT,FALSE,GOBP_REGULATION_OF_CILIUM_MOVEMENT
4,2.7212463990471698,2.7212463990471698,2.7212463990471698,1,0.47910000000000003,2.23E-2,0.877,PITX2|SLC6A3|FGF2|GHRH|GATA2|HES1|DRD2|GHRHR|BMP2|POU1F1|PROP1|WNT4|SOX2|LHX3|FGF8,https://www.gsea-msigdb.org/gsea/msigdb/human/geneset/GOBP_ADENOHYPOPHYSIS_DEVELOPMENT,15,ENR,GOBP_ADENOHYPOPHYSIS_DEVELOPMENT,2.2563,0,GOBP_ADENOHYPOPHYSIS_DEVELOPMENT,FALSE,GOBP_ADENOHYPOPHYSIS_DEVELOPMENT
16,2.6989700043360201,2.6989700043360201,2.6989700043360201,0.998,0.15179999999999999,4.2299999999999997E-2,0.99299999999999999,HOXA3|IRX5|BMP4|HOXB4|HAND2|NKX3-2|WNT11|SIX1|HSD17B7|DLG1|FGF9|MKS1|GLI3|HOXC11|MYCN|MBTD1|RUNX2|ALX4|DMRT2|WNT5A|DEAF1|DLX5|RDH10|DLX6|OSR2|ALX3|HOXA2|PAX5|SMAD3|HOXA11|SATB2|MED12|HOXA1|SIX4|HOXD9|HOXB3|HOXD3|SHOX2|HOXB5|SIX2|UCMA|SMAD2|EIF4A3|MTHFD1|HOXA4|HOXC4|HOXD11|DLX3|HOXD4|COL1A1|DYNC2I1|OSR1|ZEB1|PCSK5|SLC2A10|MOSMO|SCX|MDFI|MMP16|WDR19|SOX11|DLX1|DLX2|FOXC2|NOG|HOXA5|PBX1|HOXA9|HOXB8|NIPBL|TULP3|TBX15|TWIST1|DSCAML1|GSC|HOXA7|MYF5|BMI1|CHST11|SLC35D1|SP3|MTHFD1L|COL11A1|HOXA6|COL2A1|HOXC5|HOXC6|FGFR2|SLC39A3|EDNRA|HOXB7|WNT9B|PRRX1|TFAP2A|FUZ|IFT140|MEGF8|NDST1|MMP14|CTNNB1|EXT1|XYLT1|HYAL1|TGFBR2|SLC39A1|HOXB1|WNT9A|DLX4|HOXB2|IHH|KIAA1217|TAPT1|FLVCR1|HOXC9|GRHL2|HOXD10|PDGFRA|TBX1|PCGF2|ACVR2A|LHX1|SHH|PAX7|TGFBR1|NODAL|HOXB9|CDK20|ALX1|HOXB6|HOXD1|RBP4|BMP7|EYA1|FGF8|SULF1|SULF2,https://www.gsea-msigdb.org/gsea/msigdb/human/geneset/GOBP_EMBRYONIC_SKELETAL_SYSTEM_DEVELOPMENT,136,ENR,GOBP_EMBRYONIC_SKELETAL_SYSTEM_DEVELOPMENT,2.1160000000000001,2E-3,GOBP_EMBRYONIC_SKELETAL_SYSTEM_DEVELOPMENT,FALSE,GOBP_EMBRYONIC_SKELETAL_SYSTEM_DEVELOPMENT
13,2.7212463990471698,-2.7212463990471698,2.7212463990471698,-1,-0.39029999999999998,3.8E-3,0.34899999999999998,CPOX|SLC25A39|SLC6A9|UROS|FXN|ABCB10|ABCB6|ABCB7|ALAD|ALAS1|HNF1A|ALAS2|ANK1|COX15|FECH|HMBS|IREB2|PGRMC1|PPOX|RSAD1|TMEM14A|SLC11A2|SNX3|SRRD|TMEM14C|COX10|UROD,https://www.gsea-msigdb.org/gsea/msigdb/mouse/geneset/GOBP_TETRAPYRROLE_BIOSYNTHETIC_PROCESS,27,ENR,GOBP_TETRAPYRROLE_BIOSYNTHETIC_PROCESS,-2.4754,0,GOBP_TETRAPYRROLE_BIOSYNTHETIC_PROCESS,FALSE,GOBP_TETRAPYRROLE_BIOSYNTHETIC_PROCESS
29,2.0177287669604298,-2.0177287669604298,2.0177287669604298,-0.99039999999999995,-0.1449,7.9299999999999995E-2,1,DHFR|GSTA3|GSTM5|GSTO2|GSTT1|PRDX3|PARK7|PRKCE|RALBP1|GPX1|GPX4|GSTA1|SLC17A3|GSTM3|SLC29A4|GSTM6|GSTM7|SESN2|S100A9|SLC22A1|SLC22A18|SLC22A2|SLC30A1|RDH11|RDH12|SLC22A3|AIFM2|MGST3|PRDX2|SLC11A1|GCH1|ADH4|ADH5|AKR1A1|GSR|GSTK1|ALDH1A1|PTGES|SOD2|ALDH1A7|ALDH2|PTGS1|ABCB1A|PTGS2|ABCB1B|APOE|S100A8|SLC47A1|PRDX6|PRDX6B|TXNRD3|MGST2|MT3|APOM|MT1|MT2|MT4|SOD1|NFE2L2|NQO1|ABCC1|ABCC2|ATP7A|ABCG2|CAT|ESD|PIM1|APOA4|FABP1|AQP8|AQP9|GPX2|PRDX4|SLC30A10|SLC30A3|LANCL1|SOD3|CD36|OSCP1|RAB40B|SLC39A8|GSTO1|CP|TXNRD1|CYGB|ABCB6|HP|AMBP|CCS|FANCC|FBLN5|LPO|GPX3|GPX6|GPX7|GPX8|KDM3B|MB|MPO|NXN|PRDX5|PXDN|PRDX1|SESN1|SRXN1|TRP53INP1|TXN1|TXNDC17|TXNRD2|UBIAD1|NOS3,https://www.gsea-msigdb.org/gsea/msigdb/mouse/geneset/GOBP_DETOXIFICATION,111,ENR,GOBP_DETOXIFICATION,-1.8050999999999999,9.5999999999999992E-3,GOBP_DETOXIFICATION,FALSE,GOBP_DETOXIFICATION
24,2.3767507096021001,-2.3767507096021001,2.3767507096021001,-0.99580000000000002,-0.32419999999999999,4.1300000000000003E-2,1,CES1F|CES1B|CES1C|CES1E|CYP7B1|CES1G|CYP8B1|ERRFI1|FGFR4|ACOX2|CYP27A1|CYP39A1|STARD4|NR1D1|CYP7A1|STAR|HSD17B10|AKR1D1|SLC27A5|HNF1A|AMACR|SLC27A2|SIRT1|PROX1|ABCD3|BAAT|CES1D,https://www.gsea-msigdb.org/gsea/msigdb/mouse/geneset/GOBP_BILE_ACID_BIOSYNTHETIC_PROCESS,27,ENR,GOBP_BILE_ACID_BIOSYNTHETIC_PROCESS,-1.9885999999999999,4.1999999999999997E-3,GOBP_BILE_ACID_BIOSYNTHETIC_PROCESS,FALSE,GOBP_BILE_ACID_BIOSYNTHETIC_PROCESS
5,2.67778070526608,-2.67778070526608,2.67778070526608,-0.99790000000000001,-0.1321,5.2699999999999997E-2,1,NDUFA4|NEDD4L|P2RX7|NLGN3|P2RX1|P2RX4|P2RX5|PDPK1|PKD2|PPP3CA|PPP3CB|PPP3CC|PPP3R1|PRSS8|RAPGEF3|RELN|GSTM7|RGS7|SNCA|RNF207|SCN1B|SLC9A1|BAX|SRI|STAC|STAC2|STAC3|STIM1|STIM2|XCL1|SUMO1|IFNG|TESC|NPPA|THY1|TRDN|TRPC1|TRPC3|TRPC6|VMP1|WNK1|WNK2|PLP1|WNK4|ABCB1A|ABCB1B|ABL1|ACTN2|ADRB1|ADRB2|AGTR1A|AKAP5|P2RY6|AKAP6|AKAP7|AKAP9|AMIGO1|ANK2|ANK3|ANO6|APLNR|ARF1|PLCB1|ASPH|ATP1B2|ATP1B3|ATP2A1|BAK1|BDKRB1|BMP4|CACNA1C|CACNA1D|CACNB2|CACNB3|CALM1|CALM2|CALM3|CAPN3|CASQ1|CD19|CD4|CFTR|CLEC4B1|DBI|CNKSR3|CTSS|CXCR3|DMD|DPP6|DRD4|HTT|EDN3|EDNRA|EHD3|F2R|ATP7A|F2RL3|PLCG1|PLCG2|FGF13|FGF14|FLNA|FXYD1|FXYD2|FXYD3|FXYD4|FXYD5|FXYD6|FXYD7|GAL|CAV1|GALR2|GJC2|GPR39|GRIN1|GRM6|GSTO1|HAP1|HEPH|HSPA2|IKBKB|IL13|JPH2|COX17|CX3CL1|CXCL10|CXCL11|KCNC1|KCNC2|KCNE1|CXCL9|KCNH2|KCNIP2|G6PDX|F2|KCNJ2|GIMAP3|KCNMB1|GIMAP5|ATP1B1|KCNQ1|LCN2|LRRC26|LRRC52|LRRC55|ADCYAP1R1|EDN1|MS4A1,https://www.gsea-msigdb.org/gsea/msigdb/mouse/geneset/GOBP_POSITIVE_REGULATION_OF_MONOATOMIC_ION_TRANSMEMBRANE_TRANSPORT,148,ENR,GOBP_POSITIVE_REGULATION_OF_MONOATOMIC_ION_TRANSMEMBRANE_TRANSPORT,-1.9212,2.0999999999999999E-3,GOBP_POSITIVE_REGULATION_OF_MONOATOMIC_ION_TRANSMEMBRANE_TRANSPORT,FALSE,GOBP_POSITIVE_REGULATION_OF_MONOATOMIC_ION_TRANSMEMBRANE_TRANSPORT
45,2.3872161432802601,-2.3872161432802601,2.3872161432802601,-0.99590000000000001,-0.30869999999999997,5.9700000000000003E-2,1,BECN1|PPP2CB|LCT|MAP1LC3A|BACE1|STAR|NCAM1|CDK4|ALAD|PPP1CA|CLDN1|PTGS2|MECP2|FECH|UCP2|MAPT|CAT|PLSCR1|SLC34A1|PPP5C|DNMT3A|SERPINA1A|SERPINA1B|SERPINA1C|SERPINA1D|SERPINA1E,https://www.gsea-msigdb.org/gsea/msigdb/mouse/geneset/GOBP_RESPONSE_TO_LEAD_ION,26,ENR,GOBP_RESPONSE_TO_LEAD_ION,-1.8781000000000001,4.1000000000000003E-3,GOBP_RESPONSE_TO_LEAD_ION,FALSE,GOBP_RESPONSE_TO_LEAD_ION
1,2.7212463990471698,-2.7212463990471698,2.7212463990471698,-1,-0.35120000000000001,0,0,NDUFB8|NDUFB9|NDUFC2|NDUFS1|NDUFS2|NDUFS3|NDUFS4|NDUFS6|NDUFS7|NDUFS8|NDUFV1|NDUFV2|NDUFV3|POR|PARK7|PINK1|SDHA|SDHAF2|SDHB|SDHC|SDHD|SNCA|THAP11|BDNF|UQCR10|BID|UQCR11|UQCRB|WDR93|UQCRC1|UQCRC2|CCNB1|UQCRFS1|CDK1|UQCRH|UQCRQ|CHCHD2|AIFM1|COQ7|AIFM2|COQ9|COX4I1|COX4I2|COX5A|COX5B|COX6A1|COX6A2|ETFA|ETFB|ETFDH|COX7A1|COX7A2|COX7A2L|COX7B|IMMP2L|COX7C|COX8A|COX8B|MYBBP1A|CYC1|CYCS|DGUOK|DLD|DNAJC15|DHRS2|PLEC|PM20D1|PPARGC1A|ISCU|ENOX2|PUM2|SCO2|FDX1|SOD2|MTCH2|VPS54|NDUFA10|NDUFA11|NDUFA12|NDUFA5|NDUFA7|NDUFA8|NDUFAF1|NDUFB3|NDUFB6,https://www.gsea-msigdb.org/gsea/msigdb/mouse/geneset/GOBP_ELECTRON_TRANSPORT_CHAIN,85,ENR,GOBP_ELECTRON_TRANSPORT_CHAIN,-3.8022999999999998,0,GOBP_ELECTRON_TRANSPORT_CHAIN,FALSE,GOBP_ELECTRON_TRANSPORT_CHAIN
19,2.7212463990471698,-2.7212463990471698,2.7212463990471698,-1,-0.34960000000000002,1.1000000000000001E-3,8.5999999999999993E-2,HMGCS1|AASS|NUDT7|TPK1|ACACB|ACOT12|NUDT8|ACAT1|PDK1|PDK2|PDK3|CS|PDK4|CSL|PGK1|DLAT|DLD|PIPOX|DLST|ACSS1|ACSS2|FASN|PDHA1|PDHB|VDAC1|MVD|DIP2A|MVK|KYNU|AADAT|PMVK|MLYCD|PPCS|BCKDK|HMGCS2|PDHX|ACACA|ACAA2|TDO2|ACLY,https://www.gsea-msigdb.org/gsea/msigdb/mouse/geneset/GOBP_ACETYL_COA_METABOLIC_PROCESS,40,ENR,GOBP_ACETYL_COA_METABOLIC_PROCESS,-2.6576,0,GOBP_ACETYL_COA_METABOLIC_PROCESS,FALSE,GOBP_ACETYL_COA_METABOLIC_PROCESS
11,2.7212463990471698,-2.7212463990471698,2.7212463990471698,-1,-0.31929999999999997,2.5999999999999999E-3,0.23699999999999999,SLC25A32|SFXN1|SLC25A38|HSPA9|SFXN2|SLC25A39|SFXN3|SLC25A28|DNAJC19|SLC25A37|SLC25A40|DNLZ|SLC30A2|TST|GRPEL1|GRPEL2|DNAJC15|PAM16|FXN|PNPT1|TIMM17A|TIMM17B|PSEN2|TIMM23|TIMM44|OPA1|TOMM20|TOMM40L|TOMM7|SLC25A36|SLC25A23|VDAC1|SLC25A33|MRPL18|ROMO1|AKT1|AFG3L2|UCP2|TIMM50|HIF1A|MICU1|TOMM40|ITPR1|TOMM70A|SPG7,https://www.gsea-msigdb.org/gsea/msigdb/mouse/geneset/GOBP_IMPORT_INTO_THE_MITOCHONDRION,45,ENR,GOBP_IMPORT_INTO_THE_MITOCHONDRION,-2.5345,0,GOBP_IMPORT_INTO_THE_MITOCHONDRION,FALSE,GOBP_IMPORT_INTO_THE_MITOCHONDRION
4,2.7212463990471698,-2.7212463990471698,2.7212463990471698,-1,-9.2299999999999993E-2,2.7199999999999998E-2,0.996,MAD2L2|APOA1|MALT1|APOA2|MAP3K7|ABR|MILL1|MLH1|ADORA3|ENPP3|MR1|MUC4|NCKAP1L|NDFIP1|NFKBID|NFKBIZ|CD177|NLRP3|PARP3|PAXIP1|PDCD1|PKN1|PMS2|HSPA8|PRKCZ|PVR|PYCARD|RAET1E|RC3H1|RC3H2|RIF1|RIPK2|RIPK3|NCF1|DHX36|RSAD2|SASH3|SERPINB9|ITGB2|SERPINB9B|ITGB2L|SH2D1B1|NPPA|SIGLECG|NPPC|SLAMF1|SLAMF6|SLC15A4|SMAD7|SOCS5|SPN|STAT6|STX7|TAP1|TAP2|OPA1|TBX21|TFRC|TNFAIP3|KIT|TNFRSF14|RABGEF1|TNFRSF1B|TNFSF13|TNFSF18|TNFSF4|RTN4|TRAF2|TRAF6|TRP53BP1|TRPM4|ULBP1|UNC13D|WAS|YWHAG|ZBTB1|ZBTB7B|ZC3H12A|RPS19|SPHK2|TGFB1|TREM2|B2M|APPL1|C3|C4BP|PLCG2|PLD2|CCL19|CCL2|CCL20|PTAFR|CCR2|CCR7|CD36|CD37|CD46|CD55|CD59A|CD59B|CD5L|CD81|GFER|CFP|COLEC10|COLEC11|CR1L|CR2|CXCL5|MSH2|EVPL|FCER2A|FCGR2B|BST2|FCNB|D6WSU163E|FOXJ1|FES|GATA3|GAB2|GATA1|GIMAP3|GATA2|GIMAP5|PRAM1|H2-T23|PANX1|SNX4|STX4A|HPX|VAMP8|IL1B|IVL|KLK5|KLK7|LGALS3|LTA|MBL2|NOD2|PF4|PGLYRP1|PGLYRP3|PGLYRP4|PPL|PTPN6|PTPRC|DDX1|S100A9|SERPING1|SH2D1A|TNF|SPON2|SUSD4|VSIG4|XCL1|IFNG|IL4|NR4A3|DDX21|TREX1|EXOSC3|HMGB1|IGF2|EXOSC6|INS1|INS2|POMC|STXBP1|ACP5|ANKRD17|CASP1|CASP4|ANGPT1|ATG9A|CUEDC2|DDX60|DHX58|GALNT2|GPRC5B|IL13RA1|IRAK3|IRF5|LITAF|MAPKAPK2|MYO18A|NLRX1|PKP3|SEMA7A|TEK|TGFB3|TRIL|FGR|TRIM6|WNT5A|FOXP1|TWIST2|UBE2J1|VPREB3|ZPBP2|GRN|EP300|AXL|IL10|LBP|GPI1|MAVS|CD22|HK1|PRKDC|CLNK|NOD1|PGLYRP2|DDRGK1|PRG2|P2RX7|RASGRP4|SLAMF8|PRKAA1|H2-DMB2|TIRAP|TLR2|TLR4|IL21|IL2RG|IL5|RBP4|LAPTM5|PIK3R6|RAC2|CLEC7A|RARA|CXCL1|F2RL1|RASGRP1|FGL2|MYD88|SHB|SYK|ARG1|STAT5A|TICAM1|ATG5|TNFRSF4|TYROBP|VAV1|XBP1|ZFP35|AHR|CD96|STAT5B|KLRE1|TLR3|TLR7|ARRB2|ANXA1|APPL2|CD74|CEACAM1|BCR|IL13|AP1G1|CADM1|CLEC12B|CLEC2D|IL4I1|CRK|DNASE1|DNASE1L3|GRB2|ITGAM|KLRB1A|KLRB1B|KLRB1C|KLRB1F|KLRC1|KLRC2|KLRI1|KLRI2|LAMP1|STAP1|STXBP2|LYN|MS4A2|PCK1|PDPK1|PHB2|PPP3CB|PNP|PTPN22|DNAJB9|MIF|TWIST1|TGFB2|TLR9|FFAR2|TMBIM6|FFAR3|C1QBP|PLA2G3|PLA2G5|6030468B19RIK|AGER|APLF|ARID5A|ASCL2|ATAD5|AZGP1|BCL6|BRD2|BRD4|BTK|SIRT1|CARD9|CCR6|CD160|SLC22A13|CD1D1|CD1D2|CD226|CD24A|CD27|CD274|CD28|CD40|CD40LG|CD69|CD80|CD84|CD86|CLEC4G|CRTAM|CX3CR1|DENND1B|CD300A|DPP4|DUSP10|DUSP22|EPHB2|FADD|FBXO38|FCER1A|FCER1G|FCGR1|FCGR3|FOXP3|FUT7|FZD5|H2-D1|H2-DMB1|H2-K1|H2-M2|H2-M3|H2-Q1|CFH|H2-Q10|H2-Q2|H2-Q4|H2-Q6|H2-Q7|H2-T24|H2-T3|H60C|HAVCR2|HFE|HLX|HSPD1|IL12A|IL12B|IL13RA2|IL18|IL18R1|IL18RAP|IL1R1|IL2|IL20RB|IL23A|IL27|IL27RA|IL33|ADORA2B|IL4RA|IL6|IL7R|INPP5D|IRF1|HMOX1|JAK3|KLHL22|KLRD1|KLRK1|LAG3|LGALS1|LGALS9|LOXL3,https://www.gsea-msigdb.org/gsea/msigdb/mouse/geneset/GOBP_REGULATION_OF_IMMUNE_EFFECTOR_PROCESS,394,ENR,GOBP_REGULATION_OF_IMMUNE_EFFECTOR_PROCESS,-2.1080999999999999,0,GOBP_REGULATION_OF_IMMUNE_EFFECTOR_PROCESS,FALSE,GOBP_REGULATION_OF_IMMUNE_EFFECTOR_PROCESS
3,1.98716277529483,-1.98716277529483,1.98716277529483,-0.98970000000000002,-0.28239999999999998,5.6399999999999999E-2,1,GLS|GLS2|GLUD1|OAT|UROC1|GOT1|GOT2|SLC7A11|ALDH18A1|APC|ASL|ATCAY|HAL|GLUL|PRODH|PRODH2|FPGS|GCLC|GCLM|GGT1|ALDH4A1|ADHFE1|ALDH5A1|AMDHD1|NAGS|AADAT|NR1H4|FTCD|GAD1|GAD2|SLC25A12|TAT,https://www.gsea-msigdb.org/gsea/msigdb/mouse/geneset/GOBP_GLUTAMATE_METABOLIC_PROCESS,32,ENR,GOBP_GLUTAMATE_METABOLIC_PROCESS,-1.9014,1.03E-2,GOBP_GLUTAMATE_METABOLIC_PROCESS,FALSE,GOBP_GLUTAMATE_METABOLIC_PROCESS
19,2.6989700043360201,-2.6989700043360201,2.6989700043360201,-0.998,-0.40839999999999999,2.12E-2,0.98099999999999998,TPK1|VDAC1|ACAT1|DIP2A|PDK1|PDK2|PDK3|PDK4|PGK1|DLAT|DLD|ACSS1|ACSS2|MLYCD|PDHA1|PPCS|BCKDK|PDHB|PDHX|ACLY,https://www.gsea-msigdb.org/gsea/msigdb/mouse/geneset/GOBP_ACETYL_COA_BIOSYNTHETIC_PROCESS,20,ENR,GOBP_ACETYL_COA_BIOSYNTHETIC_PROCESS,-2.1684000000000001,2E-3,GOBP_ACETYL_COA_BIOSYNTHETIC_PROCESS,FALSE,GOBP_ACETYL_COA_BIOSYNTHETIC_PROCESS
19,2.1938200260161098,-2.1938200260161098,2.1938200260161098,-0.99360000000000004,-0.28789999999999999,4.0099999999999997E-2,1,ELOVL1|TPK1|ACACB|ELOVL3|ACAT1|ELOVL4|ELOVL5|ELOVL6|PDK1|ELOVL7|PDK2|PDK3|PDK4|ACSL1|PGK1|ACSL4|ACSL6|DLAT|ACSL5|DLD|ACSS1|ACSS2|PDHA1|PDHB|MMAA|VDAC1|SNCA|DIP2A|MLYCD|PPCS|BCKDK|GCDH|PDHX|ACACA|ACLY,https://www.gsea-msigdb.org/gsea/msigdb/mouse/geneset/GOBP_THIOESTER_BIOSYNTHETIC_PROCESS,35,ENR,GOBP_THIOESTER_BIOSYNTHETIC_PROCESS,-1.9957,6.4000000000000003E-3,GOBP_THIOESTER_BIOSYNTHETIC_PROCESS,FALSE,GOBP_THIOESTER_BIOSYNTHETIC_PROCESS
,2.6989700043360201,-2.6989700043360201,2.6989700043360201,-0.998,-0.32440000000000002,3.78E-2,1,INS1|PRDX2|RPS19|BCR|INS2|INSR|RAC2|SLC11A1|CLEC7A|TREM2|SLAMF8|CAMK1D|GRN|DUSP10|CYBA|S100A9|LBP|APOH|MPO|CYBB|RAC1|CD24A|NCF1|SLC37A4|NCF2|NCF4|LIPA|NOXA1,https://www.gsea-msigdb.org/gsea/msigdb/mouse/geneset/GOBP_RESPIRATORY_BURST,28,ENR,GOBP_RESPIRATORY_BURST,-2.0175000000000001,2E-3,GOBP_RESPIRATORY_BURST,FALSE,GOBP_RESPIRATORY_BURST
17,2.7212463990471698,-2.7212463990471698,2.7212463990471698,-1,-0.1933,8.9999999999999998E-4,7.1999999999999995E-2,NEDD4|NEDD4L|P2RX7|MCOLN1|OSR1|PCSK9|PKD2|SLC12A2|SLC13A2|SLC13A3|SLC9A9|PRSS8|GPD1L|PTPN3|RANGRF|SLC17A7|SLC17A8|SLC4A4|SCN1B|SCN2B|SCN3B|SCN4B|SCN5A|SCNN1B|SLC8A1|SLC9A1|SLC9A6|SLMAP|SNTA1|ATP12A|SLC23A1|ATP1A1|CNGA1|STK39|CNNM4|TESC|NPPA|TMEM168|HCN2|HCN3|HCN4|KCNK3|MCOLN3|NALCN|WNK1|WNK2|WNK4|YWHAH|SCN3A|SCN4A|SCN7A|SCN8A|SCN9A|SCNN1A|SCNN1G|SLC12A1|SLC12A3|SLC13A1|SLC20A1|SLC20A2|SLC38A4|SLC38A5|SLC24A1|SLC24A2|AGRN|SLC24A3|SLC24A5|SLC28A3|SLC34A1|ATP2B4|SLC34A2|SLC34A3|TRPM4|SLC41A1|SLC41A3|ANK3|SLC5A1|ANO6|SLC4A10|ARF1|PLCB1|SLC4A11|SLC5A2|SLC5A3|ATP1B2|SLC4A5|ATP1B3|SLC4A8|SLC4A9|SLC6A18|ATP4A|SLC6A19|SLC5A6|SLC6A2|SLC6A4|SLC6A12|SLC8A2|SLC6A13|SLC9A2|SLC6A14|SLC9A3|SLC6A15|SLC9A4|SLC4A7|SLC6A17|SLC9A5|SLC6A20B|SLC9A7|SLC6A6|SLC9A8|SLC6A7|TPCN1|SLC6A8|TPCN2|SLC6A9|TRPM2|TRPM5|CAMK2D|CAV3|CFTR|SLC38A2|CNKSR3|COMMD1|BPIFA1|DMD|DRD4|FGF12|FGF13|FXYD1|FXYD2|FXYD3|FXYD4|FXYD5|FXYD6|FXYD7|ATP1A3|GRIN1|SLC38A1|GRP|KCNK1|ATP1A2|ATP1B1|KCNQ1,https://www.gsea-msigdb.org/gsea/msigdb/mouse/geneset/GOBP_SODIUM_ION_TRANSMEMBRANE_TRANSPORT,143,ENR,GOBP_SODIUM_ION_TRANSMEMBRANE_TRANSPORT,-2.68,0,GOBP_SODIUM_ION_TRANSMEMBRANE_TRANSPORT,FALSE,GOBP_SODIUM_ION_TRANSMEMBRANE_TRANSPORT
39,2.0268721464002999,-2.0268721464002999,2.0268721464002999,-0.99060000000000004,-0.2437,5.4399999999999997E-2,1,DEFB25|IFNG|CCR7|HMGB1|CD36|TLR9|HSPD1|CLEC7A|NOD2|IL12B|FLT3|MAPK11|REL|TLR6|TIRAP|IL23A|TLR2|IL23R|TLR4|AGER|LTB|IDO1|SYK|TLR3|RELA|IRF8|IRF1|TNFSF18|TNFSF4|PLCG2|TRAF6|LAPTM5|CCL19|IL16|ISL1|MAPK14|UNC93B1|PLCB1|MDK|H2-M3|CD40|TNFSF9|CD40LG,https://www.gsea-msigdb.org/gsea/msigdb/mouse/geneset/GOBP_POSITIVE_REGULATION_OF_INTERLEUKIN_12_PRODUCTION,43,ENR,GOBP_POSITIVE_REGULATION_OF_INTERLEUKIN_12_PRODUCTION,-1.9137999999999999,9.4000000000000004E-3,GOBP_POSITIVE_REGULATION_OF_INTERLEUKIN_12_PRODUCTION,FALSE,GOBP_POSITIVE_REGULATION_OF_INTERLEUKIN_12_PRODUCTION
18,1.99567862621736,-1.99567862621736,1.99567862621736,-0.9899,-0.1172,7.3099999999999998E-2,1,SLC31A1|SLC39A11|SLC39A12|RGS2|SLC39A4|SLC39A6|STEAP2|TRPM1|P2RX1|SHOC2|P2RX5|PPP3CA|SLC12A2|PPP3CB|SLC15A2|PPP3CC|SLC9A9|PPP3R1|PRNP|PSEN1|SLC27A5|RGS4|SLC17A8|SLC19A1|SLC1A1|PRKCD|SLC1A2|SLC1A4|SLC1A5|SLC1A6|CACNA1S|TNF|TRPV4|SCN5A|SLC22A2|SLC30A1|SLC36A2|AKT2|SCNN1B|SLC8A1|SLC9A1|SLC9A6|ABCC9|ATP12A|ATP1A1|IFNG|SLC16A2|HCN2|HCN4|SLC15A4|ACSL5|SLC2A10|WNK1|SLC2A5|WNK2|WNK4|SCNN1A|SCNN1G|SLC39A10|KCND3|SLC12A1|SLC36A1|SLC12A3|SLC38A3|SLC22A4|SLC38A4|ADRB1|SLC38A5|ADRB2|SLC24A2|AGTR1A|ARG1|SLC39A14|ARG2|AKAP5|SLC34A1|SLC3A2|SLC43A1|SLC43A2|TRPM4|SLC27A1|SLC46A1|ANK3|SLC46A2|SLC5A1|SLC47A1|SLC5A2|ATP1B2|ATP1B3|ATP4A|SLC5A6|SLC1A3|SLC8A2|SLC6A13|SLC9A2|CACNA1C|SLC6A14|SLC9A3|CACNA1D|SLC9A4|CACNA1F|SLC9A5|SLC6A20B|SLC9A7|SLC6A6|SLC6A7|SLC6A9|TRPM2|ACSL1|SLC7A1|IRS2|ACSL6|SLC7A2|SLC7A3|SLC15A3|SLC7A5|SLC28A1|SLC7A8|SLC38A2|AGT|PER2|DLG1|THBS1|ABCC1|AKT1|TSPO2|ACE2|FXYD2|AQP8|ARHGEF11|ARL6IP1|ARL6IP5|ATP1A3|FYN|CAV1|CACNA1A|PAWR|SLC30A8|CD36|SLC39A5|SLC38A1|CLN8|GRM6|SLC39A8|SLC7A11|TRPV6|TRPV2|SLC2A1|SLC30A5|ITGB1|GFAP|ISCU|KCNE2|LRP2|KCNH2|LRRC8A|LRRC8B|LRRC8C|LRRC8D|LRRC8E|KCNJ1|KCNJ10|KCNJ11|KCNJ12|KCNJ13|KCNJ15|KCNJ16|SLC12A5|KCNJ2|KCNJ5|KCNJ6|KCNJ8|ATP1A2|ATP1B1|KCNN4|SLC11A2|KCNQ1|LCN2|CACNA1E|KCNK5|SLC12A4|SLC15A1|SLC12A6|MS4A1|SLC12A7|SLC12A8,https://www.gsea-msigdb.org/gsea/msigdb/mouse/geneset/GOBP_IMPORT_ACROSS_PLASMA_MEMBRANE,186,ENR,GOBP_IMPORT_ACROSS_PLASMA_MEMBRANE,-1.8283,1.01E-2,GOBP_IMPORT_ACROSS_PLASMA_MEMBRANE,FALSE,GOBP_IMPORT_ACROSS_PLASMA_MEMBRANE
25,2.4089353929735,-2.4089353929735,2.4089353929735,-0.99609999999999999,-0.34360000000000002,3.4299999999999997E-2,0.999,PRG2|HAVCR2|ICOSL|RARA|SLC7A5|NLRP3|IL20RB|IL33|SYK|PRKCQ|IL1RAP|PRKCZ|IRF4|TNFSF4|FCER1G|GATA3|FOXP3|CD1D1|CD1D2|H2-T23|CEBPB|CD28|CD3E|SASH3|CD40LG,https://www.gsea-msigdb.org/gsea/msigdb/mouse/geneset/GOBP_POSITIVE_REGULATION_OF_INTERLEUKIN_4_PRODUCTION,25,ENR,GOBP_POSITIVE_REGULATION_OF_INTERLEUKIN_4_PRODUCTION,-2.0464000000000002,3.8999999999999998E-3,GOBP_POSITIVE_REGULATION_OF_INTERLEUKIN_4_PRODUCTION,FALSE,GOBP_POSITIVE_REGULATION_OF_INTERLEUKIN_4_PRODUCTION
44,1.86012091359876,-1.86012091359876,1.86012091359876,-0.98619999999999997,-0.19600000000000001,7.3300000000000004E-2,1,CTNS|EIF2AK3|GSS|TXNRD3|GSTA2|GSTA3|MGST2|GSTA4|MMACHC|GSTM5|GSTO2|GSTT1|GGT5|CTH|GPX1|GSTA1|SOD1|GSTM1|GSTM2|GCLC|GSTM3|DPEP1|GCLM|GSTM4|GSTM6|NFE2L2|GGT1|GSTM7|GSTP1|GSTP2|SLC1A1|SLC1A2|ABCC1|ABCC2|HPGDS|AAAS|ARL6IP5|CHAC1|CHAC2|GLO1|NFE2L1|SLC7A11|GSTO1|CRYAB|GSTZ1|ETHE1|HAGH|IDH1|GGT6|GGT7|GSR|GSTK1|GSTT2|SOD2|GSTT3|G6PDX|HMGN5|MGST1|NDP|NAT8|OPLAH,https://www.gsea-msigdb.org/gsea/msigdb/mouse/geneset/GOBP_GLUTATHIONE_METABOLIC_PROCESS,61,ENR,GOBP_GLUTATHIONE_METABOLIC_PROCESS,-1.8271999999999999,1.38E-2,GOBP_GLUTATHIONE_METABOLIC_PROCESS,FALSE,GOBP_GLUTATHIONE_METABOLIC_PROCESS
1,2.6989700043360201,-2.6989700043360201,2.6989700043360201,-0.998,-0.40889999999999999,1.3100000000000001E-2,0.86699999999999999,UOX|DPYD|UPB1|DCTPP1|UPP1|UPP2|XDH|DPYS|NT5C|DUT|NT5C2|NT5C3|NT5M|ADA|NUDT15|NUDT16|PNP|NUDT18|GDA|CDA|SAMHD1|DERA,https://www.gsea-msigdb.org/gsea/msigdb/mouse/geneset/GOBP_DEOXYRIBONUCLEOTIDE_CATABOLIC_PROCESS,22,ENR,GOBP_DEOXYRIBONUCLEOTIDE_CATABOLIC_PROCESS,-2.2627999999999999,2E-3,GOBP_DEOXYRIBONUCLEOTIDE_CATABOLIC_PROCESS,FALSE,GOBP_DEOXYRIBONUCLEOTIDE_CATABOLIC_PROCESS
4,2.6989700043360201,-2.6989700043360201,2.6989700043360201,-0.998,-9.7199999999999995E-2,1.5699999999999999E-2,0.92200000000000004,LYST|MAD2L2|MALT1|MAP3K7|ABR|MILL1|MLH1|ADORA3|MR1|MSH6|MUC4|MYO1G|NBN|NCKAP1L|NDFIP1|NFKBIZ|CD177|NLRP3|PARP3|PAXIP1|PDCD1|PMS2|POU2F2|HSPA8|PRKCD|PRKCZ|PVR|RAB27A|RAET1E|RFTN1|RIF1|RIPK3|NCF1|RNF168|RNF19B|RNF8|IRAK4|DHX36|RSAD2|SASH3|SERPINB9|ITGB2|SERPINB9B|ITGB2L|SH2D1B1|NPPA|JAGN1|NPPC|SLAMF1|SLAMF6|SLC11A1|SLC15A4|SLFN2|SMAD7|SPN|STARD7|STAT6|STX11|STX7|SWAP70|TAP1|TAP2|PIKFYVE|TBX21|TFRC|KIT|RABGEF1|TNFRSF1B|TNFSF13|TNFSF4|TRAF2|TRAF6|TREML4|TRP53BP1|TRPM4|PCYT1A|ULBP1|UNC13D|UNC93B1|UNG|WAS|XRCC4|YWHAG|ZBTB1|PI4K2A|SPHK2|TGFB1|TREM2|B2M|BCL3|PIK3CB|C1QA|C1QB|C1QC|PIK3R1|C1RA|C1RB|C1RL|C2|C3|C4B|C4BP|C8A|C8B|PLCG2|C8G|C9|PLD2|ACE|CCL2|CCL20|PTAFR|CCL3|CCR2|CD46|CD55|CD81|GFER|CFI|CR1L|CR2|CRP|CTSG|CXCL5|MSH2|YWHAZ|ELANE|EXO1|F2|FCER2A|FCGR2B|BST2|CBL|CD300LB|CPLX2|D6WSU163E|FOXJ1|FES|GATA3|GAB2|GATA1|GIMAP3|GATA2|GIMAP5|NDST2|H2-DMA|PRAM1|H2-T23|PTGDR|RAB44|SNAP23|HC|SNX4|STX4A|HPX|TAC4|VAMP8|IL1B|SLC18A2|LTA|MASP2|MBL1|MBL2|NOD2|PTPN6|PTPRC|DDX1|SERPING1|SH2D1A|TNF|SPON2|SUSD4|TRAF3IP2|XCL1|IFNG|IL4|NR4A3|DDX21|TREX1|ENPP1|EXOSC3|HMGB1|IGF2|EXOSC6|POMC|STXBP1|ANXA3|CHGA|FGR|MAVS|MYO1F|CLNK|P2RX7|RASGRP4|SLAMF9|PRKAA1|TLR2|TLR4|IL21|SCNN1B|PIK3R6|RAC2|CLEC7A|CXCL1|F2RL1|RASGRP1|FGL2|GZMB|GZMC|AICDA|MYD88|NKG7|NLRP6|PCYOX1L|PRF1|SYK|TREM1|TREM3|TUSC2|ARG1|STAT5A|TICAM1|TYROBP|VAV1|CD19|DAO|AHR|CD2|CORO1A|CD96|STAT5B|CEBPG|KCTD9|DLG1|KLRE1|TLR3|ARRB2|CD74|CEACAM1|GRP|BCR|IL13|AP1G1|ARL8B|CADM1|CLEC12B|CLEC2D|IL4I1|CRK|DNASE1|DNASE1L3|GRB2|GZMN|HCST|ITGAM|KLRB1A|KLRB1B|KLRB1C|KLRB1F|KLRC1|KLRC2|KLRI1|KLRI2|LAMP1|PLEKHM2|PRDX1|STAP1|STXBP2|LYN|MS4A2|PDPK1|PPP3CB|PNP|TCIRG1|TLR9|C1QBP|PLA2G3|VAMP2|6030468B19RIK|AGER|PTGDS|APLF|ARID5A|ATAD5|AZGP1|BATF|BCL6|BTK|CARD9|CCR6|CD160|SLC22A13|CD1D1|CD1D2|CD226|CD24A|CD274|CD28|CD40|CD40LG|WDR1|CD70|CD80|CD84|CD8A|CDH17|CLEC4G|CRLF2|CRTAM|CSF2RB|CSF2RB2|CTSC|CTSH|CX3CR1|DENND1B|CD300A|DPP4|DUSP22|EBAG9|EMP2|EPHB6|ERCC1|FADD|FAS|FBXO38|FCER1A|FCER1G|FCGR1|FCGR3|FCGR4|FOSL2|FOXP3|FUT7|FZD5|GAPT|GCNT3|GZMM|H2-D1|KIF5B|H2-K1|H2-M2|H2-M3|H2-Q1|CFH|H2-Q10|H2-Q2|H2-Q4|H2-Q6|H2-Q7|H2-T24|H2-T3|H60C|HAVCR2|HFE|HSPD1|ICAM1|ICOSL|IGLL1|IL12A|IL12B|IL13RA2|IL18|IL18R1|IL18RAP|IL1R1|IL2|IL20RB|IL23A|IL23R|IL27RA|IL2RB|IL31RA|ADORA2B|IL4RA|IL6|IL7R|IL9R|INPP5D|IRF7|BCL10|HMOX1|JAG1|JAK3|KDELR1|KDM5D|KLHL22|KLRD1|KLRK1|LAG3|LAT|LAT2|LGALS9|LIG4,https://www.gsea-msigdb.org/gsea/msigdb/mouse/geneset/GOBP_LEUKOCYTE_MEDIATED_IMMUNITY,393,ENR,GOBP_LEUKOCYTE_MEDIATED_IMMUNITY,-2.2294,2E-3,GOBP_LEUKOCYTE_MEDIATED_IMMUNITY,FALSE,GOBP_LEUKOCYTE_MEDIATED_IMMUNITY
43,2.0705810742857098,-2.0705810742857098,2.0705810742857098,-0.99150000000000005,-0.27200000000000002,3.1399999999999997E-2,0.999,BIRC5|BUB3|CDCA8|CDT1|CENPC1|BECN1|CENPE|DSN1|EML4|INCENP|APC|KIF2C|MAPRE1|RB1|MIS12|SEH1L|NDC80|NEK2|AURKB|NSL1|NUF2|PMF1|RACGAP1|RCC2|SKA1|SPAG5|SPC24|SPC25|TEX14|ZFP207|CDC42|HNRNPU|SIRT1|KAT5|SIRT2|CCNB1|CDK1|MAD1L1|ECT2|KAT2B,https://www.gsea-msigdb.org/gsea/msigdb/mouse/geneset/GOBP_ATTACHMENT_OF_SPINDLE_MICROTUBULES_TO_KINETOCHORE,40,ENR,GOBP_ATTACHMENT_OF_SPINDLE_MICROTUBULES_TO_KINETOCHORE,-2.0706000000000002,8.5000000000000006E-3,GOBP_ATTACHMENT_OF_SPINDLE_MICROTUBULES_TO_KINETOCHORE,FALSE,GOBP_ATTACHMENT_OF_SPINDLE_MICROTUBULES_TO_KINETOCHORE
,2.7212463990471698,-2.7212463990471698,2.7212463990471698,-1,-0.26729999999999998,2.0199999999999999E-2,0.97499999999999998,KRT78|KRT1|KRT79|KRT6A|KRT80|KRT81|KRT84|KRT85|ABCA12|KRT86|CDSN|CDH3|CNFN|HRNR|KAZN|LCE1A2|CYP26B1|PPHLN1|SPRR1A|SHARPIN|SPRR1B|SPRR2B|SPRR2F|SPRR2G|SPRR2H|SPRR2I|SPRR2K|SPRR3|TGM1|TGM3|TMEM79|IL1A|PPL|SFN|EVPL|KRT16|KRT17|KRT2|KRT4|KRT5|KRT6B|IVL|KRT7|KRT75|KRT76|KRT77,https://www.gsea-msigdb.org/gsea/msigdb/mouse/geneset/GOBP_KERATINIZATION,46,ENR,GOBP_KERATINIZATION,-2.1800999999999999,0,GOBP_KERATINIZATION,FALSE,GOBP_KERATINIZATION
,1.9244530386074701,-1.9244530386074701,1.9244530386074701,-0.98809999999999998,-0.15820000000000001,8.14E-2,1,BCL2|CD44|P2RX7|BBIP1|CAML|GPR174|LGALS2|PACS1|MEF2C|PPP2R1A|TGFB1|PMAIP1|SKIL|SLC39A3|WDR37|ZC3H8|NCKAP1L|PPP2CA|RPS6|FOXN1|PPP3CB|TSC22D3|CCNB2|AHR|CORO1A|GPAM|PPP2R3C|BBS4|STAT5B|PIK3CD|DOCK10|DOCK11|SIVA1|PKN1|FADD|AKT1|FAS|SLC40A1|IL2RA|BCL2A1A|SPNS2|RAG1|RC3H1|RC3H2|FOXP3|TRAF3IP2|LMO1|GAPT|RIPK3|SH2B2|BAX|MIF|SASH3|CD74|TCIRG1|TGFB2|CD47|CHST3|SIT1|DNAJA3|PRDX2|BCL2L11|ADA|IKBKB|IL2|IL20RB|CASP3|TNFAIP3|IKBKG|TNFRSF13B|TNFRSF13C|IL7R|TNFRSF17|ABL1|TNFSF13B|TNFSF4|BCL10|SOS1|SOS2|JAK3|GIMAP3|GIMAP5|HIF1A|STAT5A|ENPP1|SLC46A2|CD24A|LAT|AIM2|TNFRSF4|LYN|BAK1,https://www.gsea-msigdb.org/gsea/msigdb/mouse/geneset/GOBP_LYMPHOCYTE_HOMEOSTASIS,92,ENR,GOBP_LYMPHOCYTE_HOMEOSTASIS,-1.7955000000000001,1.1900000000000001E-2,GOBP_LYMPHOCYTE_HOMEOSTASIS,FALSE,GOBP_LYMPHOCYTE_HOMEOSTASIS
1,2.7212463990471698,-2.7212463990471698,2.7212463990471698,-1,-0.40189999999999998,0,0,NDUFB8|NDUFB9|NDUFC2|NDUFS1|NDUFS2|NDUFS3|NDUFS6|NDUFS7|NDUFS8|NDUFV1|NDUFV2|NDUFV3|PARK7|PINK1|SDHA|SDHAF2|SDHB|SDHC|SDHD|SNCA|BDNF|UQCR10|BID|UQCR11|UQCRB|UQCRC1|UQCRC2|CCNB1|UQCRFS1|CDK1|UQCRH|UQCRQ|CHCHD2|COQ7|COQ9|COX4I1|COX4I2|COX5A|COX5B|COX6A1|COX6A2|COX7A1|COX7A2|COX7A2L|COX7B|COX7C|COX8A|COX8B|CYC1|CYCS|DGUOK|DLD|DNAJC15|ISCU|MTCH2|NDUFA10|NDUFA11|NDUFA12|NDUFA7|NDUFA8|NDUFAF1|NDUFB6,https://www.gsea-msigdb.org/gsea/msigdb/mouse/geneset/GOBP_ATP_SYNTHESIS_COUPLED_ELECTRON_TRANSPORT,62,ENR,GOBP_ATP_SYNTHESIS_COUPLED_ELECTRON_TRANSPORT,-3.6193,0,GOBP_ATP_SYNTHESIS_COUPLED_ELECTRON_TRANSPORT,FALSE,GOBP_ATP_SYNTHESIS_COUPLED_ELECTRON_TRANSPORT
,1.96257350205938,-1.96257350205938,1.96257350205938,-0.98909999999999998,-0.34,4.1700000000000001E-2,1,CAR12|CAR4|UMOD|CAR14|HBA-A1|SLC12A1|HBB-BH1|POU3F3|RHAG|RHBG|AQP6|RHCG|SLC14A1|SLC14A2|AQP1|AQP3|AQP4|AQP7|AQP8|AQP9|CAR2|UPK3A|AQP5,https://www.gsea-msigdb.org/gsea/msigdb/mouse/geneset/GOBP_ONE_CARBON_COMPOUND_TRANSPORT,23,ENR,GOBP_ONE_CARBON_COMPOUND_TRANSPORT,-1.9862,1.09E-2,GOBP_ONE_CARBON_COMPOUND_TRANSPORT,FALSE,GOBP_ONE_CARBON_COMPOUND_TRANSPORT
14,2.7212463990471698,-2.7212463990471698,2.7212463990471698,-1,-0.1449,0,0,FMO2|HNF1A|AKT2|ALOX5|ABCD1|C3|AKT1|APOC3|DLD|MLXIPL|NDUFAB1|IL1B|NDUFS6|PANK2|PLA2G1B|SNCA|TMEM135|ABCC9|CYP1A2|ETFA|ETFB|ETFDH|PM20D1|PPARGC1A|TREX1|ACADM|BLVRA|C1QTNF2|COMT|ENPP1|INS1|INS2|IRS1|IRS2|MTOR|PER2|PRKAG2|PRKAG3|PTGES3|MCAT|ACACB|ACAT1|ACOX1|ALDH1L2|CROT|DGAT1|EIF6|KAT2B|LIPA|NCOR1|PGK1|POR|PPARA|PRKAA1|PRKAA2|PRKAG1|SLC27A5|ABCB11|ABCD2|ABCD3|ABCD4|ABHD1|ABHD2|ABHD3|ACAA1A|ACAA1B|ACAA2|ACAD10|ACAD11|ACAD12|ACAD9|ACADL|ACADS|ACADSB|ACADVL|ACOT4|ACOT7|ACOT8|ACOX2|ACOX3|ACOXL|ACSF3|ACSL5|ADH4|ADH5|ADH7|ADIPOQ|AIG1|AKR1C18|AUH|AACS|BCKDK|AASDH|BDH2|ABHD5|ACACA|ACAT2|ACBD5|ACBD7|ACLY|ACNAT1|CES1D|ACNAT2|CES1F|ACOT1|CNR1|ACOT11|CPT1A|ACOT12|CPT1B|ACOT2|CPT2|ACOT3|CRAT|ACOT5|CRYL1|ACOT6|ACOT9|ACSBG1|CYP1A1|ACSF2|ACSL1|ACSL3|ACSL4|ACSL6|ACSM1|ACSM2|ACSM3|CYP4F13|ACSM5|CYP4F14|ACSS1|CYP4F15|ACSS2|CYP4F18|ADIPOR1|CYP7A1|ADIPOR2|AGT|DBI|AHR|AKR1B7|AKR1C12|AKR1C13|AKR1C14|AKR1C19|DECR1|AKR1C20|DECR2|AKR1C21|AKR1C6|AKR1CL|ALDH3A2|ALKBH7|ALOX12|ECH1|ALOX12B|ECHDC1|ALOX12E|ECHDC2|ALOX15|ECHS1|ALOX5AP|ECI1|ALOX8|ECI2|ALOXE3|ECI3|AMACR|EHHADH|ANGPTL3|ANKRD23|ANKRD26|ANXA1|AOAH|FAAH|APOA4|FABP1|APOA5|APOC1|APOC2|APPL2|ASAH1|ASAH2|AVP|GCDH|AVPR1A|BAAT|BRCA1|C1QTNF9|CAV1|CBR4|CD74|CEACAM1|CEACAM2|CES1B|CES1C|CES1E|CES1G|CES2A|CES2B|CES2C|CES2E|CES2F|CES2G|CP|CPT1C|CTHRC1|HACL1|CYGB|HADH|CYP1B1|HADHA|CYP2A12|HADHB|CYP2A22|CYP2A4|CYP2A5|CYP2B10|HAO1|CYP2B13|CYP2B19|CYP2B9|CYP2C29|CYP2C37|CYP2C38|CYP2C40|HSD17B10|CYP2C50|HSD17B4|CYP2C54|CYP2C55|CYP2D10|CYP2D12|CYP2D22|CYP2D26|ILVBL|CYP2D34|IVD|CYP2D9|CYP2E1|CYP2F2|CYP2G1|CYP2J11|CYP2J13|LIPE|CYP2J5|LONP2|CYP2J6|LPIN1|CYP2J9|LPIN2|CYP2S1|LPIN3|CYP2U1|CYP4A10|CYP4A12A|CYP4A12B|CYP4A14|MFSD2A|CYP4A31|CYP4A32|CYP4V3|MLYCD|DAGLA|DAGLB|DBIL5|DCAF5|DEGS1|DGAT2|ECHDC3|EDN1|EDN2|NUDT19|EIF2AK3|ELOVL1|ELOVL2|NUDT7|ELOVL3|NUDT8|ELOVL4|ELOVL5|ELOVL6|ELOVL7|EPHX1|PCK1|EPHX2|PCK2|ERLIN1|ERLIN2|PEX13|FA2H|PEX5|FABP2|PEX7|FABP3|PHYH|FABP4|FABP5|PLIN5|FADS1|FADS2|FADS3|FADS6|FASN|FMO1|FMO4|PPARD|GDF15|GGT5|GPAM|GPX1|GPX4|GSTA1|GSTM1|GSTM2|GSTM3|GSTM4|GSTM6|GSTM7|SCP2|GSTP1|GSTP2|HAO2|SESN2|HNF4A|HPGD|HPGDS|HSD17B12|SLC25A17|INSIG1|INSIG2|SLC27A2|KLHL25|SLC27A4|LIAS|LIPC|LIPG|LPGAT1|LPL|LTC4S|LYPLA1|LYPLA2|MAPK14|MAPK9|MBLAC2|MECR|MGLL|MGST3|MID1IP1|MIF|MYO5A|NAAA|THNSL2|NFE2L1|TWIST1|NR1H2|TYSND1|NR1H3|NUCB2|OXSM|PAM|PDK1|PDK2|PDK3|PDK4|PDPN|PECR|PIBF1|PLA2G10|PLA2G15|PLA2G2F|PLA2G3|PLA2G4A|PLA2G4F|PLA2G5|PLAA|PLP1|PNLIP|PNLIPRP1|PNLIPRP2|PNPLA3|PNPLA8|PPARG|PRKAB1|PRKAB2|PRKAR2B|PTGDS|PTGES|PTGES2|PTGIS|PTGR1|PTGR2|PTGS1|PTGS2|RGN|SCAP|SCD1|SCD2|SCD3|SCD4|SCO1|SGPL1|SIRT1|SIRT2|SIRT4|SLC22A13|SLC27A1|SLC27A3|SLC27A6|SLC45A3|SOX9|SPHK1|SREBF1|TBXAS1|TECR|TECRL|TH|THEM4|THEM5|TNFRSF1A|TNXB|TPK1|TRIB3|UBR4|UCP3|WDTC1|ATP6V1B1,https://www.gsea-msigdb.org/gsea/msigdb/mouse/geneset/GOBP_FATTY_ACID_METABOLIC_PROCESS,428,ENR,GOBP_FATTY_ACID_METABOLIC_PROCESS,-3.4117000000000002,0,GOBP_FATTY_ACID_METABOLIC_PROCESS,FALSE,GOBP_FATTY_ACID_METABOLIC_PROCESS
3,2.7212463990471698,-2.7212463990471698,2.7212463990471698,-1,-0.49740000000000001,0,1E-3,ACMSD|PAH|SPR|GSTZ1|THAP4|HAAO|TTC36|AFMID|HGD|DCT|HPD|QDPR|QPRT|IDO1|IDO2|IL4I1|KMO|IYD|KYNU|ATP7A|NMNAT2|FAH|NADSYN1|PCBD1|GCDH|PCBD2|TAT|TDO2|TH,https://www.gsea-msigdb.org/gsea/msigdb/mouse/geneset/GOBP_ERYTHROSE_4_PHOSPHATE_PHOSPHOENOLPYRUVATE_FAMILY_AMINO_ACID_METABOLIC_PROCESS,29,ENR,GOBP_ERYTHROSE_4_PHOSPHATE_PHOSPHOENOLPYRUVATE_FAMILY_AMINO_ACID_METABOLIC_PROCESS,-3.1857000000000002,0,GOBP_ERYTHROSE_4_PHOSPHATE_PHOSPHOENOLPYRUVATE_FAMILY_AMINO_ACID_METABOLIC_PROCESS,FALSE,GOBP_ERYTHROSE_4_PHOSPHATE_PHOSPHOENOLPYRUVATE_FAMILY_AMINO_ACID_METABOLIC_PROCESS
,2.23657200643706,-2.23657200643706,2.23657200643706,-0.99419999999999997,-0.42070000000000002,5.0799999999999998E-2,1,PARP1|SLC6A4|DRD4|SNCA|FADD|ADRA1B|BDNF|HOMER1|HOMER2|CREBBP|PPP1R1B|SDK1|CDK5|EHMT2|FOSB,https://www.gsea-msigdb.org/gsea/msigdb/mouse/geneset/GOBP_BEHAVIORAL_RESPONSE_TO_COCAINE,15,ENR,GOBP_BEHAVIORAL_RESPONSE_TO_COCAINE,-1.9300999999999999,5.7999999999999996E-3,GOBP_BEHAVIORAL_RESPONSE_TO_COCAINE,FALSE,GOBP_BEHAVIORAL_RESPONSE_TO_COCAINE
8,1.8728952016351901,-1.8728952016351901,1.8728952016351901,-0.98660000000000003,-0.12920000000000001,6.1800000000000001E-2,1,APOA1|APOA2|CYP2R1|EPHX2|ERLIN1|FMO5|ERLIN2|PCSK9|POR|PRKAA1|PRKAA2|PON1|DGKQ|SCARB1|HNF1A|SCP2|CYP11A1|INSIG1|INSIG2|MAPK1|LIPC|FDPS|SULT2A1|SULT2A2|SULT2A3|SULT2A5|SULT2A6|SULT2A7|CYP1A2|HMGCS1|NFE2L1|ACADL|IDI1|IDI2|IL4|ACADVL|ABCA5|ABCG1|ABCG4|APLP2|APOB|APOBR|LCAT|APOF|APON|ARV1|LPCAT3|PRKACA|CH25H|CLN6|AKR1D1|CYB5R3|MVD|CYP51|MVK|DHCR7|SCAP|EBP|TNFSF4|APOE|FDFT1|FDXR|FGF1|FGFR1|GBA2|ENPP1|GNAI1|GNB3|GPR146|HDLBP|HMGCR|SREBF1|HSD17B7|CES1D|NPY1R|CES1F|LBR|LDLR|LDLRAP1|CYP7B1|LIMA1|ERRFI1|LMF1|FGFR4|LRP1|CUBN|LSS|MBTPS1|SULT2B1|CYP24A1|MBTPS2|NPC2|CYP27A1|NSDHL|CYP27B1|PAQR3|CYP39A1|CYP46A1|LEPR|PCTP|STARD4|PMP22|SAA1|SC5D|CYP7A1|CFTR|SEC14L2|SERPINA12|STAR|SOAT1|SOAT2|SOD1|SQLE|SREBF2|THRB|TM7SF2|ACO2|TSKU|NPC1|TTC39B|APOC3|VLDLR|ANGPTL3|CAT|FGL1|APOA4|DHCR24|APOA5|APOC1|PMVK|AQP8|CEBPA|CES1B|SMPD1|CES1C|CES1E|CES1G|CLN8|APP|IDH1|IDH2|IDH3A|IDH3B|IDH3G|FDX1|HSD3B7|G6PDX|FECH|MTTP|LIPE|LRP5|ABCA1|ABCA2|HMGCS2|DGAT2|LIPA,https://www.gsea-msigdb.org/gsea/msigdb/mouse/geneset/GOBP_SECONDARY_ALCOHOL_METABOLIC_PROCESS,156,ENR,GOBP_SECONDARY_ALCOHOL_METABOLIC_PROCESS,-1.8697999999999999,1.34E-2,GOBP_SECONDARY_ALCOHOL_METABOLIC_PROCESS,FALSE,GOBP_SECONDARY_ALCOHOL_METABOLIC_PROCESS
6,1.80134291304558,-1.80134291304558,1.80134291304558,-0.98419999999999996,-0.1032,7.0000000000000007E-2,1,RBM10|BECN1|SHC1|PPARA|ADRA1A|ADRA2A|ADRA2B|ADRA2C|AIF1|AKAP1|ANXA6|CACNA1H|ARHGAP42|ATP2A2|CACNA1S|KCNMA1|TRIM63|CALCA|CALCRL|MAP2K1|CALD1|CAMK2G|FDPS|CHRM2|ABAT|CHRM3|MYH7|CHRNB4|CMYA5|ATP1A1|CTDP1|CTNNA3|CTTN|DAG1|DBN1|DOCK4|DOCK5|DSC2|NPPA|DMPK|DSG2|DSP|NPPC|ECE1|FBXO32|FLT1|FOXO1|HCN4|GATA4|GATA5|GHRL|SMAD7|ADA|GJA5|GLRX3|GRCC10|GTF2IRD1|GTF2IRD2|HAND2|NKX2-5|IGFBP5|SCN4A|ITGA2|JARID2|JUP|KCNA1|PARP1|KIT|KLF4|TNFRSF1B|LCK|PDE4D|LMCD1|PDE5A|ADRB2|AGRN|ORMDL3|PDE9A|ARG2|MSTN|MTMR4|AKAP6|ATP2B4|MTPN|TRPM4|AKAP9|ANK2|MYL3|MYLK2|MYOCD|NFATC1|ATP2A1|NMU|NPNT|NR4A1|ZC3H12A|OXTR|CACNA1C|PARP2|CACNB1|CACNB2|PI16|CACNG1|PIN1|CALM1|PKP2|CALM2|CALM3|PRKCA|CAMK2D|PROK2|PTGER4|CASQ1|PTK2|CASQ2|CAV3|ROCK1|ROCK2|RYR1|SETD3|AGT|SGCA|SMTN|SOD1|SRL|DLG1|STUB1|DMD|ACTN3|TACR1|TACR3|EDN3|EHD3|F2R|TBXA2R|TEAD1|ABCC8|TIFAB|FGF13|TNNC1|TNNC2|TNNI1|ACE2|ADORA1|FKBP1B|TNNI3|FXYD1|TRIP10|PRKG1|TWF1|PTAFR|YY1|CAV1|ZDHHC21|ZFP418|HRC|TMEM38B|MYOG|LMNA|KCNJ2|NR3C1|MEF2A|OXT|KCNN4|KCNQ1|PAK1|HAMP|HAMP2|NOS3|EDN1|EDN2|RGS2|RPS6KB1|CDK9|NDUFS4|P2RX1|P2RX4|MEF2C|NOTCH1|PLN|PPP3CA|PRKD1|PTGER3|RHOA|RANGRF|REM1|RGS4|SMAD3|RNF207|RYR2|TRPV4|SCN5A|SLC8A1|SLC9A1|SLN|TOMM70A|SRI|SUMO1|SLC25A4|TMEM38A|NFATC3|TRPC3|NR4A3|PPARG|DDX39B|PTGS1|ADCY10|PTGS2|ADRA1B|ADRB1|SIRT1|SMAD4|SRF|SPHK1|TNNT1|TNNT2|TNNT3|GSK3A|TTN|GSK3B|TNFRSF1A|IGF1|ERRFI1|MTOR|ATP2B1|HSP90AA1|PRKAG3|HTR7|CHGA|PAWR|ACACB|FOXO3|STC1|FOXP1|NOL3|ENO1|GSN|EP300|ADK|ADORA2B|G6PDX|BIN1|HDAC4|ATP1A2|ATP1B1,https://www.gsea-msigdb.org/gsea/msigdb/mouse/geneset/GOBP_REGULATION_OF_MUSCLE_SYSTEM_PROCESS,245,ENR,GOBP_REGULATION_OF_MUSCLE_SYSTEM_PROCESS,-1.8389,1.5800000000000002E-2,GOBP_REGULATION_OF_MUSCLE_SYSTEM_PROCESS,FALSE,GOBP_REGULATION_OF_MUSCLE_SYSTEM_PROCESS
11,2.7212463990471698,-2.7212463990471698,2.7212463990471698,-1,-0.25690000000000002,2.0999999999999999E-3,0.186,PARL|PDCD5|PPP2R2B|PRKAA1|FIS1|PINK1|4930550C14RIK|AGK|HSP90AA1|ROMO1|TIMM10|LRRK2|TIMM13|TIMM22|BID|TIMM50|TIMM9|TOMM22|TOMM40|BNIP3L|TOMM70A|AIFM1|CHCHD4|BAG3|IMMP2L|BAG4|BCAP31|DNAJC19|DNLZ|DUSP18|HSPD1|CDKN2A|FBXO7|FBXW7|GFER|GRPEL1|GRPEL2|HSPA1L|DNAJC15|IMMP1L|MIPEP|NOL3|PAM16|PMPCA|PMPCB|PTPN5|GDAP1|TIMM17A|TIMM17B|TIMM23|TIMM44|TIMM8A1|TOMM20|TOMM34|MFN2|TOMM40L|HSPA4|TOMM5|TOMM7|YWHAZ|MTCH2|SAMM50|ADCY10|NDUFA13|SIRT4|MFF|MTCH1|SREBF1|AIP|GSK3A,https://www.gsea-msigdb.org/gsea/msigdb/mouse/geneset/GOBP_PROTEIN_TARGETING_TO_MITOCHONDRION,70,ENR,GOBP_PROTEIN_TARGETING_TO_MITOCHONDRION,-2.5653999999999999,0,GOBP_PROTEIN_TARGETING_TO_MITOCHONDRION,FALSE,GOBP_PROTEIN_TARGETING_TO_MITOCHONDRION
3,2.6989700043360201,-2.6989700043360201,2.6989700043360201,-0.998,-0.19439999999999999,2.5000000000000001E-3,0.224,NUDT7|NUDT8|PCK1|PCK2|PEX13|PEX5|PEX7|PHYH|PLIN5|PON3|PPARD|SCP2|SESN2|SLC16A1|SLC16A3|SLC25A17|SLC27A2|SLC27A4|SORD|SP1|AKT2|STRAP|ABCB11|ABCD2|ABCD3|ABCD4|ABHD1|ABHD2|ABHD3|ACAA1A|ACAA1B|ACAA2|ACAD10|ETFA|ACAD11|ETFB|ACAD12|ETFDH|TWIST1|TYSND1|ACADL|ACADS|ACADVL|XYLB|ACOT7|ACOT8|ACOX2|ACOX3|ACOXL|ACSL5|ADIPOQ|AGXT|AGXT2|AIG1|AKR1A1|AKR1D1|ACADM|AUH|BDH2|CES1D|CES1F|CNR1|CPT1A|CPT1B|CPT2|CRAT|CRYL1|CYP26A1|IRS1|CYP26B1|IRS2|CYP39A1|LDHA|CYP4F13|CYP4F14|MTOR|CYP4F15|CYP4F18|DBI|DCXR|DECR1|DECR2|ABCD1|ECH1|ECHDC1|ECHDC2|AKT1|ECHS1|ECI1|ECI2|ECI3|EHHADH|FAAH|FABP1|FAH|GCDH|ACACB|ACAT1|ACOX1|ALDH1L2|DLAT|HACL1|HADH|HADHA|CROT|HADHB|HAO1|HOGA1|HSD17B10|HSD17B4|ILVBL|IVD|KLF9|LDHC|LDHD|LIPE|LONP2|LPIN1|LPIN2|LPIN3|MFSD2A|MLYCD|NUDT19,https://www.gsea-msigdb.org/gsea/msigdb/mouse/geneset/GOBP_MONOCARBOXYLIC_ACID_CATABOLIC_PROCESS,123,ENR,GOBP_MONOCARBOXYLIC_ACID_CATABOLIC_PROCESS,-2.5434000000000001,2E-3,GOBP_MONOCARBOXYLIC_ACID_CATABOLIC_PROCESS,FALSE,GOBP_MONOCARBOXYLIC_ACID_CATABOLIC_PROCESS
42,2.7212463990471698,-2.7212463990471698,2.7212463990471698,-1,-0.40989999999999999,0,0,EEF2|RPL10A|RPL12|RPL13|RPL13A|RPL14|RPL15|RPL17|RPL22|RPL23|RPL23A|RPL24|RPL26|RPL27|RPL27A|RPL28|RPL29|RPL32|RPL34|RPL35|RPL35A|RPL36|RPL36A|RPL37|RPL37A|RPL38|RPL4|RPL5|RPL6|RPL7|RPL7A|RPL8|RPL9|RPLP2|RPS10|RPS11|RPS12|RPS14|RPS15A|RPS16|RPS24|RPS26|RPS27A|RPS28|RPS5|UBA52|AKT2|ALKBH3|CKAP5|CNBP|CPEB1|CPEB2|CPEB3|CPEB4|CSDE1|DENR|DHX29|DHX36|DHX9|DRG1|DRG2|EIF2AK4|EIF2B1|EIF2B2|EIF2B3|EIF2B4|EIF2B5|EIF2D|EIF2S2|EIF2S3X|EIF2S3Y|EIF3A|EIF3B|EIF3C|EIF3D|EIF3E|EIF3F|EIF3G|EIF3H|EIF3I|EIF3K|EIF3L|EIF3M|EIF4A1|EIF4A2|EIF4B|EIF4EBP1|EIF4H|EIF5|ETF1|FAU|FMR1|FTSJ1|GTPBP1|HNRNPD|HNRNPU|IGF2BP1|IMPACT|LIN28A|MCTS1|MCTS2|METTL3|MIF4GD|NCBP1|NCBP2|NCK1|NEMF|NMNAT2|PABPC1|PAIP1|PARP16|PIWIL2|PKP1|RBM24|RBM4|RPL11|RPL18|RPL18A|RPL19|RPL21|RPL22L1|RPL3|RPL30|RPL31|RPL39|RPL39L|RPL41|RPLP0|RPLP1|RPS13|RPS15|RPS17|RPS18|RPS19|RPS2|RPS20|RPS21|RPS23|RPS25|RPS29|RPS3|RPS4X|RPS6|RPS7|RPS8|RPS9|RPSA|RWDD1|SH3BGRL|SLBP|SMYD5|SYNCRIP|UNK|YBX1|YTHDF2|ZC3H15|ZFP385A,https://www.gsea-msigdb.org/gsea/msigdb/mouse/geneset/GOBP_CYTOPLASMIC_TRANSLATION,157,ENR,GOBP_CYTOPLASMIC_TRANSLATION,-5.9611000000000001,0,GOBP_CYTOPLASMIC_TRANSLATION,FALSE,GOBP_CYTOPLASMIC_TRANSLATION
1,1.65955588515988,-1.65955588515988,1.65955588515988,-0.97809999999999997,-0.1221,7.8700000000000006E-2,1,NCOR1|NUDT3|OGT|P2RX7|DCTPP1|PFKFB1|PFKFB2|PFKFB3|PFKL|DPYS|PFKP|PGAM1|DUT|PGAM2|ENPP5|PGK1|ENTPD1|ENTPD5|PKLR|NUPR1|PPARA|FHIT|OGDH|PPP2CA|PRKAA1|PNP|PRKAA2|PRKAG1|PDE2A|PSEN1|GMPR2|RPTOR|SIK2|SIRT6|SLC2A6|HINT1|SLC4A1|SLC4A4|SRC|STAT3|ITPA|TPI1|TRIM63|UCHL1|UCP2|ZBTB20|ZBTB7A|VCP|NCF1|NCF2|IFNG|UOX|NNMT|UPB1|UPP1|UPP2|JMJD8|XDH|MFSD8|NT5C|NT5C2|NT5C3|NT5E|NT5M|NUDT10|NUDT11|ADA|NUDT12|NUDT13|NUDT15|NUDT16|NUDT17|NUDT18|NUDT4|NUDT9|PPARGC1A|PRKACA|PARP14|TREX1|PDE10A|PDE1A|PDE4A|PDE4C|PDE4D|PDE5A|PDE7A|PDE7B|PDE8A|PDE8B|PDE9A|ENPP1|ESRRB|GCK|CDA|SAMHD1|SARM1|SLC29A1|IGF1|INS1|INS2|INSR|KHK|MTOR|PFKM|DERA|DPYD|ACTN3|ARL2|BCL2L13|ENTPD4|ENTPD7|PRKAG2|CBFA2T3|PRKAG3|COL6A1|GDA|ADPGK|ALDOA|ALDOART1|ALDOART2|ALDOB|ALDOC|APP|ARNT|BPGM|DDIT4|DHTKD1|EIF6|ENO1|ENO2|ENO3|ENO4|EP300|FBP1|MLXIPL|FKRP|FLCN|FOXK1|MTCH2|FOXK2|GALE|GALK1|GALT|GAPDH|MYC|GAPDHS|MYOG|GIT1|AMPD3|AOX1|GPD1|GPI1|ART2B|HDAC4|HIF1A|HK1|HK2|HK3|HKDC1|IER3|KAT2B|LIPA|MLST8|CNP|MLX|MPI,https://www.gsea-msigdb.org/gsea/msigdb/mouse/geneset/GOBP_NUCLEOTIDE_CATABOLIC_PROCESS,166,ENR,GOBP_NUCLEOTIDE_CATABOLIC_PROCESS,-1.8088,2.1899999999999999E-2,GOBP_NUCLEOTIDE_CATABOLIC_PROCESS,FALSE,GOBP_NUCLEOTIDE_CATABOLIC_PROCESS
38,2.6989700043360201,-2.6989700043360201,2.6989700043360201,-0.998,-0.25819999999999999,3.85E-2,1,ITGB2|ITGB2L|TYROBP|DUOX1|ELAVL1|NOXO1|RAC2|SH3PXD2A|TGFB1|CLEC7A|SH3PXD2B|CXCL1|APP|F2RL1|PRG3|FPR2|IL18|CD177|CRP|PON3|AGT|GNAI3|SOD1|CYBA|SOD2|SYK|GSTP1|PRKCD|ABCC1|AKT1|GNAI2|ITGAM|ACP5|AGTR1A|MAPT|CYBB|NOX4|HVCN1|NCF1|NCF2|EGFR|NCF4|NOXA1|EDN1,https://www.gsea-msigdb.org/gsea/msigdb/mouse/geneset/GOBP_SUPEROXIDE_ANION_GENERATION,44,ENR,GOBP_SUPEROXIDE_ANION_GENERATION,-2.0114000000000001,2E-3,GOBP_SUPEROXIDE_ANION_GENERATION,FALSE,GOBP_SUPEROXIDE_ANION_GENERATION
12,2.2218487496163601,-2.2218487496163601,2.2218487496163601,-0.99399999999999999,-0.24129999999999999,5.6500000000000002E-2,1,AMN1|SLC35F3|STRA6|APOA1|TCN2|SLC25A32|TTPA|SLC52A2|SLC52A3|CUBN|SLC19A2|PDPN|SLC19A3|SLC25A19|SLC2A1|FOLR2|SLC2A10|AMN|SLC2A2|SLC2A3|SLC2A4|SLC2A5|SLC2A8|SLC2A9|LRP2|SCARB1|SLC19A1|ABCC1|SLC22A1|ABCC5|RBP4|ABCG2|SLC22A2|ABCG3|CD320|GC|FOLR1|SLC27A1|SLC44A4|SLC46A1|SLC47A1|ABCD4|SLC23A1|SLC23A2|AFM|SLC5A6,https://www.gsea-msigdb.org/gsea/msigdb/mouse/geneset/GOBP_VITAMIN_TRANSPORT,46,ENR,GOBP_VITAMIN_TRANSPORT,-1.8995,6.0000000000000001E-3,GOBP_VITAMIN_TRANSPORT,FALSE,GOBP_VITAMIN_TRANSPORT
8,2.7212463990471698,-2.7212463990471698,2.7212463990471698,-1,-0.2928,0.01,0.752,CES1F|CES1E|CES2A|CES2C|CES2E|CYP1A1|CYP1B1|ADH1|ADH4|DGAT1|ADH7|PNLIP|ALDH1A2|ALDH1A3|HSD17B6|ALDH1A1|ADH6A|AWAT2|DHRS3|DHRS4|DHRS7|LIPE|LRAT|RBP4|PLB1|RDH10|PNPLA2|RDH11|RDH1|RDH13|RDH12|RDH14|SDR16C5|RDH16|RDH5|RDH7|RDH9|RETSAT|SDR9C7|DGAT2|CYP1A2|CES1D|RBP1,https://www.gsea-msigdb.org/gsea/msigdb/mouse/geneset/GOBP_RETINOL_METABOLIC_PROCESS,43,ENR,GOBP_RETINOL_METABOLIC_PROCESS,-2.3117999999999999,0,GOBP_RETINOL_METABOLIC_PROCESS,FALSE,GOBP_RETINOL_METABOLIC_PROCESS
2,2.2146701649892302,-2.2146701649892302,2.2146701649892302,-0.99390000000000001,-0.27750000000000002,6.4500000000000002E-2,1,CCR7|IL4|EFNB1|CD80|EFNB2|VAV1|EFNB3|CD86|EPHB4|CD81|SPN|DPP4|PDCD1LG2|ICOS|EPHB6|TNFRSF13C|TNFRSF14|CARD11|TNFSF13B|TNFSF4|CD320|CD160|CD5|CCL19|LGALS8|CD24A|CD274|CD28|CD3E|LGALS1|CAV1|TNFSF14,https://www.gsea-msigdb.org/gsea/msigdb/mouse/geneset/GOBP_LYMPHOCYTE_COSTIMULATION,32,ENR,GOBP_LYMPHOCYTE_COSTIMULATION,-1.861,6.1000000000000004E-3,GOBP_LYMPHOCYTE_COSTIMULATION,FALSE,GOBP_LYMPHOCYTE_COSTIMULATION
2,2.6989700043360201,-2.6989700043360201,2.6989700043360201,-0.998,-0.17780000000000001,4.5199999999999997E-2,1,LY9|ZC3H12A|CD69|HMGB1|MALT1|PCK1|TGFB1|CLEC4D|PTGER4|MTOR|PF4|ZFP35|NFKBID|NFKBIZ|ITGB6|NLRP3|ITGB8|MEN1|OTUD5|TBK1|BCL3|PIK3R1|EOMES|STAT3|PRKCZ|IL21|ATP7A|FCER1G|ENTPD7|ANXA1|RC3H1|RC3H2|FOXP3|MYB|RELB|CCL19|CCL20|GADD45G|RIPK2|CLEC4E|RORC|SEMA4A|CCR2|IFNG|CCR7|IL4|CD46|HLX|SLAMF6|RARA|TSC1|FGL2|FOXP1|IL12B|SMAD7|SOCS5|SPN|IL18|STAT4|STAT6|IL18R1|IL2|IL23A|OPA1|TBX21|EP300|IL27|SHB|TMEM98|IL4RA|ASCL2|IL6|IL6RA|BATF|BCL6|IRF1|IRF4|TNFSF18|BRD2|TNFSF4|BRD4|GATA3|JAK3|CCR6|GPR183|RORA|LEF1|LGALS1|LOXL3|ZBTB7B,https://www.gsea-msigdb.org/gsea/msigdb/mouse/geneset/GOBP_T_CELL_DIFFERENTIATION_INVOLVED_IN_IMMUNE_RESPONSE,90,ENR,GOBP_T_CELL_DIFFERENTIATION_INVOLVED_IN_IMMUNE_RESPONSE,-1.9661,2E-3,GOBP_T_CELL_DIFFERENTIATION_INVOLVED_IN_IMMUNE_RESPONSE,FALSE,GOBP_T_CELL_DIFFERENTIATION_INVOLVED_IN_IMMUNE_RESPONSE
23,2.7212463990471698,-2.7212463990471698,2.7212463990471698,-1,-0.27760000000000001,1.23E-2,0.84799999999999998,NR1H2|APOA1|APOA2|CES1G|ACSL3|PLA2G10|ABCA5|ABCG1|PLA2G3|PLA2G5|ABCA7|APOB|DGAT1|APOM|LCAT|CIDEB|PNLIP|GPIHBP1|PNLIPRP1|PLAGL2|PNLIPRP2|LPCAT3|PLTP|SH3GL2|SNX9|SOAT1|PLA2G7|SOAT2|SCARB1|APOC3|FECH|MTTP|APOE|BIN1|LIPC|LIPG|MPO|APOA4|APOA5|LPL|NR1H4|APOC1|MFSD2A|PLA2G12B|ABCA1|ARF1|PLA2G2E|CES1D,https://www.gsea-msigdb.org/gsea/msigdb/mouse/geneset/GOBP_PROTEIN_LIPID_COMPLEX_ORGANIZATION,48,ENR,GOBP_PROTEIN_LIPID_COMPLEX_ORGANIZATION,-2.2725,0,GOBP_PROTEIN_LIPID_COMPLEX_ORGANIZATION,FALSE,GOBP_PROTEIN_LIPID_COMPLEX_ORGANIZATION
28,1.6556077263148901,-1.6556077263148901,1.6556077263148901,-0.97789999999999999,-0.27589999999999998,8.0100000000000005E-2,1,LDLR|GPLD1|DDHD2|PLIN5|APOB|PNLIP|GPIHBP1|PNLIPRP1|CPS1|PNLIPRP2|PNPLA1|PNPLA3|PIK3CG|SORL1|FGF21|APOC3|LIPE|APOH|PLB1|AADAC|LIPC|PNPLA2|LIPG|APOA4|APOA5|LPL|APOC2|DAGLB|ABHD5|MGLL,https://www.gsea-msigdb.org/gsea/msigdb/mouse/geneset/GOBP_TRIGLYCERIDE_CATABOLIC_PROCESS,30,ENR,GOBP_TRIGLYCERIDE_CATABOLIC_PROCESS,-1.8028999999999999,2.2100000000000002E-2,GOBP_TRIGLYCERIDE_CATABOLIC_PROCESS,FALSE,GOBP_TRIGLYCERIDE_CATABOLIC_PROCESS
3,2.7212463990471698,-2.7212463990471698,2.7212463990471698,-1,-0.18310000000000001,0,0,OXCT1|PFKFB2|PFKL|PFKP|PGAM2|PGK1|RBKS|SRC|TPI1|AADAT|AKT2|AASDHPPT|ABAT|ABCB11|ABCD2|ABCD3|ABCD4|ABHD1|ABHD2|ABHD3|ACAA1A|ACAA1B|ACAA2|ACAD10|ACAD11|ACAD12|ACAD8|ACAD9|ACADL|ACADS|ACADSB|ACADVL|ACMSD|ACOT4|ACOT7|ACOT8|ACOX2|ACOX3|ACOXL|ACSF3|ACSL5|ADA|ADAL|ADH1|ADH4|ADH5|ADH7|ADIPOQ|AFMID|AGXT|AGXT2|AHCY|AICDA|AIG1|AKR1A1|AKR1C18|AKR1D1|ALDH1A1|ALDH1A7|ALDH1B1|ALDH2|ALDH3B1|ALDH3B2|ALDH4A1|ALDH5A1|ALDH6A1|ALDH8A1|AMDHD1|AMDHD2|APOE|ARG1|ARG2|ASRGL1|ATP2B4|AUH|BAD|BCAT1|BCAT2|BCKDHA|BCKDHB|BCKDK|BDH2|BLMH|CBR3|CBS|CDA|CDADC1|CDO1|CES1D|CES1F|CNR1|CPT1A|CPT1B|CPT2|CRAT|CRYL1|CSAD|CUBN|CYP1A1|CYP24A1|CYP26A1|CYP26B1|CYP27A1|CYP27B1|CYP39A1|CYP46A1|CYP4F13|CYP4F14|CYP4F15|CYP4F18|CYP7A1|DAO|DBI|DBT|DCTD|DCXR|DDAH1|DDO|DECR1|DECR2|DERA|DHDH|ABCD1|DPEP1|DPEP2|DPYD|ACTN3|ECH1|ECHDC1|ECHDC2|AKT1|ECHS1|ECI1|ECI2|ECI3|BCL2L13|EHHADH|ENPP4|ENTPD4|ENTPD7|ESD|FAAH|FABP1|FAH|FTCD|GAD1|GAD2|GALM|GCAT|GCDH|GCSH|GDA|GK5|GLB1|GLB1L|GLB1L2|GLDC|GLO1|GLS|GLS2|GLUD1|GLYCTK|GM1110|GNPDA2|GOT1|GOT2|GPD2|GPT|GPT2|GSTZ1|HAAO|DLAT|HACL1|DLD|HADH|DLST|HADHA|HADHB|HAGH|HAGHL|HAL|HAO1|HDC|HGD|HIBADH|HIBCH|HOGA1|HPD|HSD17B10|HSD17B4|HSD17B6|HSD3B7|IDO1|IDO2|IL4I1|ILVBL|IVD|KLF9|KMO|KYNU|LDHC|LDHD|LIPE|LONP2|LPIN1|LPIN2|LPIN3|LRP5|MAT1A|MCCC1|MCCC2|MFSD2A|MGAT1|MIOX|MLYCD|MTRR|NAALAD2|NAGK|NOS2|NOS3|NPL|NQO2|NUDT1|NUDT19|NUDT3|NUDT5|NUDT7|NUDT8|OAT|OAZ1|OTC|PAH|PCK1|PCK2|PDXP|PEX13|PEX5|PEX7|PHYH|PIPOX|PLIN5|PM20D2|PNKD|PNP|PARK7|PNP2|PON1|PON3|PPARD|PPAT|PPM1K|PRODH|PRODH2|PTEN|QDPR|QPRT|RENBP|SARDH|SCARB1|SCLY|SCP2|SDS|SDSL|SESN2|SHMT1|SLC16A1|SLC16A3|SLC25A17|SLC25A44|SLC27A2|SLC27A4|SORD|SP1|SRD5A3|STRAP|SULT1B1|SULT1E1|SULT2A1|SULT2A2|SULT2A3|SULT2A5|SULT2A6|SULT2A7|SYNJ2|TAT|TDH|TDO2|ETFA|THA1|ETFB|THNSL2|ETFDH|TWIST1|TYSND1|UOX|UPB1|UPP1|UPP2|UROC1|XDH|XYLB|ACADM|ADCY10|ADHFE1|GCK|IRS1|IRS2|KHK|LDHA|MTOR|PFKM|PGM1|SLC25A12|TRP53|AASS|ACACB|ACAT1|ACOX1|ALDH1L1|ALDH1L2|ALDOA|ALDOB|CROT|ENO1|ENO2|ENO3|FOXK1|FOXK2|GALE|GALK1|GALT|GAPDH|GNPDA1|GPI1|HK1|HK2|HMGCL|HMGCLL1|MPI,https://www.gsea-msigdb.org/gsea/msigdb/mouse/geneset/GOBP_SMALL_MOLECULE_CATABOLIC_PROCESS,339,ENR,GOBP_SMALL_MOLECULE_CATABOLIC_PROCESS,-3.9710000000000001,0,GOBP_SMALL_MOLECULE_CATABOLIC_PROCESS,FALSE,GOBP_SMALL_MOLECULE_CATABOLIC_PROCESS
3,2.0969100130080598,-2.0969100130080598,2.0969100130080598,-0.99199999999999999,-0.39589999999999997,5.62E-2,1,SHMT2|GLYAT|SHMT1|NDP|HAO1|GART|GCAT|AGXT|AGXT2|GCSH|BAAT|PHGDH|TDH|GNMT|THA1|GLDC,https://www.gsea-msigdb.org/gsea/msigdb/mouse/geneset/GOBP_GLYCINE_METABOLIC_PROCESS,16,ENR,GOBP_GLYCINE_METABOLIC_PROCESS,-1.9053,8.0000000000000002E-3,GOBP_GLYCINE_METABOLIC_PROCESS,FALSE,GOBP_GLYCINE_METABOLIC_PROCESS
1,2.7212463990471698,-2.7212463990471698,2.7212463990471698,-1,-0.44600000000000001,2.0000000000000001E-4,0.01,NDUFS4|CS|CSL|DLAT|DLST|OGDH|FH1|IDH1|PDHA1|IDH2|PDHB|IDH3A|IDH3B|IDH3G|SDHA|MDH1|SDHAF2|MDH2|SDHB|SDHC|SDHD|MRPS36|SIRT3|ACO1|ACO2|SUCLA2|SUCLG1|SUCLG2|NDP|COL6A1,https://www.gsea-msigdb.org/gsea/msigdb/mouse/geneset/GOBP_TRICARBOXYLIC_ACID_CYCLE,30,ENR,GOBP_TRICARBOXYLIC_ACID_CYCLE,-2.9209999999999998,0,GOBP_TRICARBOXYLIC_ACID_CYCLE,FALSE,GOBP_TRICARBOXYLIC_ACID_CYCLE
5,2.3665315444204098,-2.3665315444204098,2.3665315444204098,-0.99570000000000003,-0.125,5.6899999999999999E-2,1,NDUFA4|NEDD4|NEDD4L|APOA2|NLGN3|NR3C2|OSR1|OXSR1|PCSK9|PHB2|PKD2|PLN|NDFIP1|PARK7|PPIF|GPD1L|PTPN3|RANGRF|RELN|GSTM7|SNCA|RIPK1|PRKCD|RNF207|SCN1B|SCN2B|SCN3B|SCN4B|SLC9A1|CHRM3|SLMAP|ABCC9|SLN|SRI|STAC|KCTD7|STAC2|STAC3|STIM1|STIM2|MYO5A|STK39|SUMO1|TESC|NPPA|TLR9|TMEM168|TRPC6|UBQLN1|VAMP2|VMP1|WNK2|ADIPOQ|WWP2|YWHAE|YWHAH|FMR1|ABCB1A|ABCB1B|ACTN2|ADRB2|AGRN|SCO1|AHNAK|CRHBP|AKAP6|AKAP7|AKAP9|ANK2|ANK3|SLC5A1|SLC5A11|PLCB1|ASPH|SLC5A3|ATP1B2|ATP1B3|ATP2A1|BCL2|CACNA1D|CACNA1F|CACNB2|INS1|SPHK2|CACNB3|INS2|CALM1|CALM2|CALM3|CAMK2D|CASQ1|CASQ2|CAV3|CFTR|CNKSR3|CRBN|CTSS|CNIH2|DMD|CTTNBP2NL|DAPK1|NLGN1|DRD4|DYSF|HTT|EDNRA|GSG1L|EHD3|MAPK8IP2|MINK1|ATP7A|NLGN2|PLCG2|FGF12|FGF13|FGF14|PIM1|FHL1|ACE2|FKBP1A|PRRT1|FKBP1B|RASGRF1|FXYD1|RASGRF2|FXYD2|SHANK1|SHISA7|TACO1|SHISA9|GAL|CAV1|GALR2|GNB5|GOPC|GPR35|NDFIP2|SYNGR3|GRP|GSTO1|HAP1|HOMER1|HPCA|HRC|HSPA2|IKBKB|ITGB1|JPH2|COX17|JPH3|ACTB|JSRP1|KCNAB1|KCNE1|KCNE2|KCNE3|KCNJ1|AHCYL1|KCNJ8|ATP1B1|KCNQ1|KCNRG|HAMP|HAMP2|CACNB4|LRRC26|LRRC52|LRRC55|MMP9|EDN1,https://www.gsea-msigdb.org/gsea/msigdb/mouse/geneset/GOBP_REGULATION_OF_TRANSPORTER_ACTIVITY,170,ENR,GOBP_REGULATION_OF_TRANSPORTER_ACTIVITY,-1.8943000000000001,4.3E-3,GOBP_REGULATION_OF_TRANSPORTER_ACTIVITY,FALSE,GOBP_REGULATION_OF_TRANSPORTER_ACTIVITY
7,2.7212463990471698,-2.7212463990471698,2.7212463990471698,-1,-0.27529999999999999,2.0000000000000001E-4,0.01,KNG2|LGALS3|LTF|RPS19|MBL1|MBL2|NTS|PGLYRP1|PGLYRP3|PGLYRP4|DAO|PPBP|POMC|ROMO1|C8A|C8B|SPAG11B|C8G|C9|CAMP|CCL1|TAC1|CCL11|SCNN1B|CCL17|CCL19|CCL20|CCL22|CCL25|NCF1|CCL27A|CCL28|CCL8|IFNG|NPPB|BCL2L11|CLEC7A|CXCL1|F2RL1|FGL2|GBP2|GBP3|GBP5|GBP7|GM12250|GZMA|CTSG|GZMB|GZMC|CXCL10|IGTP|CXCL11|IRGM2|CXCL12|LYZ1|CXCL13|LYZ2|CXCL14|MYD88|NINJ1|CXCL5|NKG7|CXCL9|NLRP6|PCYOX1L|PRF1|SYK|ELANE|TREM1|TREM3|TUSC2|F2|FCER2A|GAPDH|ARG1|BAD|HAMP|HAMP2|HC|HMGN2|HRG|NOS2|RPL30|KNG1,https://www.gsea-msigdb.org/gsea/msigdb/mouse/geneset/GOBP_KILLING_OF_CELLS_OF_ANOTHER_ORGANISM,84,ENR,GOBP_KILLING_OF_CELLS_OF_ANOTHER_ORGANISM,-2.9270999999999998,0,GOBP_KILLING_OF_CELLS_OF_ANOTHER_ORGANISM,FALSE,GOBP_KILLING_OF_CELLS_OF_ANOTHER_ORGANISM
31,1.8068754016455399,-1.8068754016455399,1.8068754016455399,-0.98440000000000005,-0.12720000000000001,8.77E-2,1,N6AMT1|ZFP473|POLR2G|PAXIP1|HNF1A|LETMD1|IKZF1|TET2|WBP2|SIRT7|ASH2L|ATAD2|MED13|ATAD2B|CAND1|CCNH|CDK7|DHX36|CTNNBIP1|DPY30|DR1|FAM47E|GLYR1|GTF2A1|GTF2A1L|GTF2A2|GTF2B|GTF2E1|GTF2E2|GTF2F1|TAF9|GTF2F2|GTF2H1|MED23|FOXO1|TRMT112|HNF1B|KDM1B|KDM2A|L3MBTL3|LCOR|MAZ|MED10|MED11|MED12|MED14|NKX2-5|PADI2|HEY2|MED15|MED16|MED17|MED18|AICDA|MED19|MED20|MED21|MED22|MED24|MED25|MED26|MED27|SMARCA4|MED28|SMARCB1|MED29|MED30|MED31|SMARCD1|MED4|MED6|MED7|MED8|ESR1|MED9|NFKBIA|PABPC1L|PHF2|POLR2D|POLR2I|TAF8|POU5F1|SRF|PSMC6|PWWP2A|RBBP5|SETD1A|MYOCD|ERCC2|SUB1|TAF1|TAF11|TAF13|TAF2|HMGB1|TAF3|TAF4B|TAF5|TAF6|TAF7|SPHK2|TBP|TET1|WNT10B|MED1|TET3|USP21|VPS72|CREB1|WDR5|XPA|ZFP451|EGR1|RBM14|ZNHIT1|AHR|MEN1|MNAT1|GTF2H5|TAF10|TAF12|TAF6L|THRA|ERCC1|ATF2|OGG1|ERCC3|ERCC6|APEX1|TRP53|KDM1A|EP300|SAMD1|BRD7|ZMPSTE24|MYC|NR3C1|APOBEC1|APOBEC2|NFKB1|BMYC,https://www.gsea-msigdb.org/gsea/msigdb/mouse/geneset/GOBP_TRANSCRIPTION_INITIATION_AT_RNA_POLYMERASE_II_PROMOTER,141,ENR,GOBP_TRANSCRIPTION_INITIATION_AT_RNA_POLYMERASE_II_PROMOTER,-1.7759,1.5599999999999999E-2,GOBP_TRANSCRIPTION_INITIATION_AT_RNA_POLYMERASE_II_PROMOTER,FALSE,GOBP_TRANSCRIPTION_INITIATION_AT_RNA_POLYMERASE_II_PROMOTER
42,2.7212463990471698,-2.7212463990471698,2.7212463990471698,-1,-0.77500000000000002,0,0,EEF2|RPL10|RPL10A|RPL12|RPL13|RPL13A|RPL14|RPL15|RPL17|RPL22|RPL23|RPL23A|RPL24|RPL26|RPL27|RPL27A|RPL28|RPL29|RPL32|RPL34|RPL35|RPL35A|RPL36|RPL36A|RPL37|RPL37A|RPL38|RPL4|RPL5|RPL6|RPL7|RPL7A|RPL8|RPL9|RPLP2|RPS10|RPS11|RPS12|RPS14|RPS15A|RPS16|RPS24|RPS26|RPS27|RPS27A|RPS28|RPS5|UBA52,https://www.gsea-msigdb.org/gsea/msigdb/mouse/geneset/GOBP_TRANSLATION_AT_SYNAPSE,48,ENR,GOBP_TRANSLATION_AT_SYNAPSE,-6.3563999999999998,0,GOBP_TRANSLATION_AT_SYNAPSE,FALSE,GOBP_TRANSLATION_AT_SYNAPSE
41,2.7212463990471698,-2.7212463990471698,2.7212463990471698,-1,-0.32319999999999999,6.0000000000000001E-3,0.53200000000000003,ZC3H12A|DDIT3|HMGB1|SH2D1B1|HAVCR2|SLAMF1|C1QBP|RARA|NOD2|PGLYRP1|PGLYRP3|PGLYRP4|SCGB1A1|PRNP|IL1RL1|GAS6|IL20RB|CD96|TLR4|NLRP6|PDCD1LG2|AXL|IL33|IL10|IRGM1|TNFSF4|GATA3|CD276|GIMAP3|GIMAP5|FOXP3|LAPTM5|NR1H4|CD274|LGALS9|PGLYRP2|XCL1,https://www.gsea-msigdb.org/gsea/msigdb/mouse/geneset/GOBP_NEGATIVE_REGULATION_OF_TYPE_II_INTERFERON_PRODUCTION,37,ENR,GOBP_NEGATIVE_REGULATION_OF_TYPE_II_INTERFERON_PRODUCTION,-2.4024999999999999,0,GOBP_NEGATIVE_REGULATION_OF_TYPE_II_INTERFERON_PRODUCTION,FALSE,GOBP_NEGATIVE_REGULATION_OF_TYPE_II_INTERFERON_PRODUCTION
13,2.7212463990471698,-2.7212463990471698,2.7212463990471698,-1,-0.3337,1.4E-3,0.112,CYB5R4|CPOX|SLC25A39|CYP1A1|SLC6A9|UROS|CYP2A5|FXN|SLCO1A6|SLCO1B2|ABCB10|ABCB6|ABCB7|ALAD|ALAS1|HNF1A|ALAS2|ANK1|BLVRB|COX15|EIF2AK1|FECH|HEBP1|HMBS|HMOX1|HMOX2|IREB2|BLVRA|PGRMC1|PPOX|RSAD1|TMEM14A|SLC11A2|SLC48A1|SNX3|SRRD|TMEM14C|UGT1A1|BDH2|COX10|UROD|HPX|CYP1A2,https://www.gsea-msigdb.org/gsea/msigdb/mouse/geneset/GOBP_PORPHYRIN_CONTAINING_COMPOUND_METABOLIC_PROCESS,43,ENR,GOBP_PORPHYRIN_CONTAINING_COMPOUND_METABOLIC_PROCESS,-2.6301000000000001,0,GOBP_PORPHYRIN_CONTAINING_COMPOUND_METABOLIC_PROCESS,FALSE,GOBP_PORPHYRIN_CONTAINING_COMPOUND_METABOLIC_PROCESS
6,1.99567862621736,-1.99567862621736,1.99567862621736,-0.9899,-0.40510000000000002,6.1899999999999997E-2,1,PAWR|ACTN3|NPPC|PDE4D|ABCC8|TIFAB|CAMK2D|CAMK2G|HRC|PLN|AKAP6|SLN|SRI|CHGA|TTN,https://www.gsea-msigdb.org/gsea/msigdb/mouse/geneset/GOBP_REGULATION_OF_RELAXATION_OF_MUSCLE,15,ENR,GOBP_REGULATION_OF_RELAXATION_OF_MUSCLE,-1.87,1.01E-2,GOBP_REGULATION_OF_RELAXATION_OF_MUSCLE,FALSE,GOBP_REGULATION_OF_RELAXATION_OF_MUSCLE
40,2.7212463990471698,-2.7212463990471698,2.7212463990471698,-1,-0.50729999999999997,3.7000000000000002E-3,0.33500000000000002,DEFB1|DEFB2|DEFB37|IL4|CLDN2|DEFB40|LTF|EAR1|EAR2|EAR6|NOD2|CAMP|APOA4|PLA2G1B|DEFB11|FAU|RPL39,https://www.gsea-msigdb.org/gsea/msigdb/mouse/geneset/GOBP_INNATE_IMMUNE_RESPONSE_IN_MUCOSA,17,ENR,GOBP_INNATE_IMMUNE_RESPONSE_IN_MUCOSA,-2.4807000000000001,0,GOBP_INNATE_IMMUNE_RESPONSE_IN_MUCOSA,FALSE,GOBP_INNATE_IMMUNE_RESPONSE_IN_MUCOSA
14,2.0087739243075098,-2.0087739243075098,2.0087739243075098,-0.99019999999999997,-0.14610000000000001,0.04,1,EPHX1|FABP5|FADS1|GGT5|GPX1|TLR2|GPX4|TLR4|GSTA1|GSTM1|GSTM3|GSTM6|GSTP1|GSTP2|HPGD|HPGDS|LTC4S|MAPK9|NCF1|MGLL|MGST3|CYP1A2|MIF|PDPN|PIBF1|PLA2G10|PLA2G2F|PLA2G3|PLA2G4A|PLA2G4F|PLA2G5|PLAA|PNPLA8|AKR1C18|PTGDS|PTGES|PTGES2|PTGIS|SYK|PTGR1|PTGR2|PTGS1|PTGS2|SCO1|SIRT1|COMT|SPHK1|TBXAS1|TNFRSF1A|LTA4H|MGST2|PRG3|CYP4F13|CYP4F14|CYP4F15|CYP4F18|ALOX5|AHR|AKR1B7|AKR1C12|AKR1C13|AKR1C14|AKR1C19|AKR1C20|AKR1C21|AKR1C6|AKR1CL|DPEP1|DPEP2|ALOX12|ALOX12B|ALOX12E|ABCC1|ALOX15|ABCC10|ALOX5AP|ALOX8|ALOXE3|FCER1A|ANXA1|PTGES3|AVP|AVPR1A|CD74|ACOX1|CES2A|CES2B|CES2C|CES2E|CES2F|CES2G|CTHRC1|CYP1B1|CYP2A12|CYP2A22|CYP2A4|CYP2A5|CYP2B10|CYP2B13|CYP2B19|CYP2B9|CYP2C29|CYP2C37|CYP2C38|CYP2C40|CYP2C50|CYP2C54|CYP2C55|CYP2D10|CYP2D12|CYP2D22|CYP2D26|CYP2D34|CYP2D9|CYP2E1|CYP2F2|CYP2G1|CYP2J11|CYP2J13|CYP2J5|CYP2J6|CYP2J9|CYP2S1|CYP2U1|CYP4A10|CYP4A12A|CYP4A12B|CYP4A14|CYP4A31|ATP6V1B1|CYP4A32|DAGLA|DAGLB|IL1B|EDN1|EDN2,https://www.gsea-msigdb.org/gsea/msigdb/mouse/geneset/GOBP_ICOSANOID_METABOLIC_PROCESS,136,ENR,GOBP_ICOSANOID_METABOLIC_PROCESS,-1.9967999999999999,9.7999999999999997E-3,GOBP_ICOSANOID_METABOLIC_PROCESS,FALSE,GOBP_ICOSANOID_METABOLIC_PROCESS
9,2.7212463990471698,-2.7212463990471698,2.7212463990471698,-1,-0.14990000000000001,2.9999999999999997E-4,1.6E-2,PWP1|PWP2|RBFA|RBM10|RBM34|RPL14|RCL1|REXO1|REXO4|RIOK1|RIOK2|RIOK3|RPL24|RNASEL|RPL26|RPF1|RPL27|RPF2|RPL7L1|RPP25|RPP30|RPP38|RPL35|RPP40|RPL35A|RPS19BP1|RPS27L|RPUSD1|RPUSD2|RRN3|RPL38|RRP1|RRP15|RPL5|RRP1B|RRP36|RPL7|RRP7A|RPL7A|RRP8|RRP9|RRS1|RSL24D1|RPS11|RPS12|SART1|RPS14|RPS15A|SBDS|RPS16|RPS24|SDAD1|RPS27|RPS27A|RPS28|RPS5|SIRT7|DHX29|SRFBP1|SURF6|SUV39H1|TBL3|TRMT112|TRMT2B|TSC1|TSR1|TSR2|URB1|NUDT16|URB2|USP16|USP36|UTP14A|UTP14B|UTP15|EIF5|UTP18|UTP20|FAU|UTP23|UTP3|UTP6|WBP11|WDR12|WDR18|WDR3|WDR36|WDR43|WDR46|WDR55|WDR74|WDR75|XPO1|XRCC5|YBEY|ZCCHC4|ZFP593|ZFP622|ZFP658|ZNHIT3|RAN|ZNHIT6|RPL11|RPLP0|RPS13|RPS15|RPS17|RPS19|RPS21|RPS23|RPS25|RPS4X|RPS6|RPS7|RPS8|RPS9|RPSA|YTHDF2|PTEN|AATF|ABCF1|ABT1|BMS1|BOP1|BRIX1|BYSL|MYBBP1A|C1D|CDKN2A|C1QBP|CHD7|FASTKD2|CINP|CUL4A|CUL4B|DCAF13|DDX10|DDX17|MPV17L2|DDX18|MRPL10|DDX21|DDX27|DDX28|DDX31|DDX3X|DDX47|DDX49|DDX51|DDX52|DDX54|DDX56|DHX30|DHX37|DICER1|DIMT1|DIS3|DKC1|DNTTIP2|DROSHA|EBNA1BP2|EIF1A|EIF1AX|EIF2A|EIF4A3|EIF5B|EMG1|ERAL1|ERCC2|ERI1|ESF1|EXOSC1|EXOSC10|EXOSC2|EXOSC3|EXOSC4|EXOSC5|EXOSC6|EXOSC7|EXOSC8|EXOSC9|FBL|FCF1|FDXACB1|FRG1|FTSJ3|GAR1|GLUL|GNL2|MRPS2|GNL3L|GREB1L|GRWD1|GTF2H5|GTF3A|GTPBP10|GTPBP4|HEATR1|HEATR3|IMP3|IMP4|IPO4|IPO9|MRPS7|ISG20|ISG20L2|KRI1|KRR1|LAS1L|LSG1|NGRN|NSUN3|NSUN4|LSM6|LTV1|LYAR|MAK16|RPUSD4|MCAT|MDN1|METTL15|METTL16|METTL17|METTL5|MPHOSPH10|MPHOSPH6|MPV17L|MRM1|MRTO4|MYG1|NAF1|NAT10|NCL|NGDN|NHP2|NIP7|NLE1|NMD3|NOA1|NOB1|NOC2L|NOC4L|NOL10|NOL11|NOL6|TFB1M|NOL7|TFB2M|NOL8|NOL9|EIF6|NOM1|NOP10|NOP14|NOP16|NOP2|NOP56|NOP58|NPM1|NPM3|NSA2|NSUN5|NUP88|NVL|PA2G4|PAK1IP1|PDCD11|PELP1|PES1|PIH1D1|PIH1D2|PIN4|PNO1|POP4|POP5|POP7|PPAN|PRKDC|KAT2B,https://www.gsea-msigdb.org/gsea/msigdb/mouse/geneset/GOBP_RIBOSOME_BIOGENESIS,279,ENR,GOBP_RIBOSOME_BIOGENESIS,-2.8475999999999999,0,GOBP_RIBOSOME_BIOGENESIS,FALSE,GOBP_RIBOSOME_BIOGENESIS
18,2.7212463990471698,-2.7212463990471698,2.7212463990471698,-1,-0.18959999999999999,1.04E-2,0.77300000000000002,SLC31A1|SLC39A11|SLC39A12|SLC39A4|SLC39A6|STEAP2|TRPM1|P2RX1|P2RX5|PPP3CA|SLC12A2|PPP3CB|PPP3CC|SLC9A9|PPP3R1|PRNP|CACNA1S|TRPV4|SCN5A|SLC30A1|SCNN1B|SLC8A1|SLC9A1|SLC9A6|ABCC9|ATP12A|ATP1A1|IFNG|HCN2|HCN4|WNK1|WNK2|WNK4|SCNN1A|SCNN1G|SLC39A10|KCND3|SLC12A1|SLC12A3|ADRB1|ADRB2|SLC24A2|AGTR1A|SLC39A14|AKAP5|SLC34A1|TRPM4|ANK3|SLC5A1|SLC5A2|ATP1B2|ATP1B3|ATP4A|SLC5A6|SLC8A2|SLC9A2|CACNA1C|SLC9A3|CACNA1D|SLC9A4|CACNA1F|SLC9A5|SLC9A7|TRPM2|DLG1|FXYD2|AQP8|ATP1A3|FYN|CAV1|CACNA1A|PAWR|SLC30A8|SLC39A5|GRM6|SLC39A8|TRPV6|TRPV2|SLC30A5|ISCU|KCNE2|KCNH2|KCNJ1|KCNJ10|KCNJ11|KCNJ12|KCNJ13|KCNJ15|KCNJ16|SLC12A5|KCNJ2|KCNJ5|KCNJ6|KCNJ8|ATP1A2|ATP1B1|KCNN4|SLC11A2|KCNQ1|LCN2|CACNA1E|KCNK5|SLC12A4|SLC12A6|MS4A1|SLC12A7|SLC12A8,https://www.gsea-msigdb.org/gsea/msigdb/mouse/geneset/GOBP_INORGANIC_ION_IMPORT_ACROSS_PLASMA_MEMBRANE,107,ENR,GOBP_INORGANIC_ION_IMPORT_ACROSS_PLASMA_MEMBRANE,-2.3010000000000002,0,GOBP_INORGANIC_ION_IMPORT_ACROSS_PLASMA_MEMBRANE,FALSE,GOBP_INORGANIC_ION_IMPORT_ACROSS_PLASMA_MEMBRANE
8,1.86012091359876,-1.86012091359876,1.86012091359876,-0.98619999999999997,-0.1071,6.4399999999999999E-2,1,CTNS|ADAM10|CYP3A11|CYP3A44|POR|SULT1A1|UGT2B1|ALDH1A2|ALDH1A3|BCO2|BMP2|BMP5|DGKQ|BMP6|ADH6A|CACNA1H|AWAT2|CLCN2|CYP11A1|DAB2|DHRS3|DHRS4|DHRS7|DKK3|EDNRB|KCNMA1|LRAT|RBP4|PLB1|RDH10|PNPLA2|RDH11|RDH1|RDH13|RDH12|SCNN1B|RDH14|SDR16C5|RDH16|WNT4|RDH5|RDH7|RDH9|RETSAT|SDR9C7|ATP1A1|DIO1|NR5A2|ECE1|SLC16A2|ADH1|ADH4|ADH7|AKR1C18|PAPSS2|AKR1D1|ALDH1A1|ALDH1A7|CTSB|CTSK|DIO2|DIO3|DUOXA1|DUOXA2|ALDH8A1|GCNT4|PDE8B|TG|SLC5A5|CES1D|CES1F|CYP1A1|CYP26A1|AFP|CYP26B1|CYP27A1|CYP27B1|CYP17A1|CYP46A1|DHRS9|EGR1|HSD17B1|ADM|HSD3B4|AGT|INHBA|SRD5A1|STAR|AKR1C12|STARD3|AKR1C13|STAT5B|AKR1C14|DDO|AKR1C19|AKR1C20|AKR1C21|AKR1C6|STUB1|AKR1CL|CTSL|ACE|ACE2|PTPN11|FURIN|HPN|GAL|CACNA1A|CES1E|CES2A|CES2C|CES2E|CRABP2|CORIN|SLC30A5|CYP1B1|NAGLU|IDE|HSD17B10|HSD17B4|HSD17B6|CYP2C55|CYP2D22|IL4I1|ATP6AP2|KLF9|SPP1|ZMPSTE24|LIPE|CYP2S1|GATA3|KCNJ6|NR3C1|DGAT2|RBP1|BBS1|CPE|DISP1|ECE2|FOXA1|HSP90B1|MEP1A|MYT1|PCSK1N|PCSK2|PCSK4|PCSK5|PCSK6|SCG5|YIPF5|SLC16A10|RELN|SCARB1|SCP2|HSD17B12|SP1|STRAP|SULT1B1|SULT1E1|SULT2A1|SULT2A2|SULT2A3|SULT2A5|SULT2A6|SULT2A7|CYP1A2|FFAR3|CHST8|SHH|PNLIP|PPARGC1A|GHR|BMPR1B|CHST10|DHRS11|ANPEP|CPA3|ESR1|ENPEP|CRHBP|MME|PDGFRA|SGPL1|PRCP|COMT|PREP|GFI1|ENPP1|GH|GNB3|HSD17B11|PAX8|HSD17B2|HSD17B7|IGF1R|IGF1|IGF2|INS2|MED1|PRMT3|PLEKHA1|SLCO1C1|SLCO4A1|TIPARP|HTT|UGT1A7C|UGT2B35|IYD|UGT2B36|PCSK1|UGT2B5|REST|HSD3B2|HSD3B3|HSD3B6|P4HB|SAFB|TCF7L2|SLC30A8|HFE|STC2|ARNT|CRYM|DGAT1|FDX1|H6PD|HIF1A|NFKB1|UGT1A1|HSD11B1,https://www.gsea-msigdb.org/gsea/msigdb/mouse/geneset/GOBP_HORMONE_METABOLIC_PROCESS,230,ENR,GOBP_HORMONE_METABOLIC_PROCESS,-1.8606,1.38E-2,GOBP_HORMONE_METABOLIC_PROCESS,FALSE,GOBP_HORMONE_METABOLIC_PROCESS
6,1.5951662833800599,-1.5951662833800599,1.5951662833800599,-0.97460000000000002,-0.24010000000000001,9.11E-2,1,NUP155|NEDD4L|CACNA1C|CACNA1D|DSC2|DSG2|CACNA2D1|DSP|CACNB2|PKP2|GJA5|CAV3|GPD1L|KCNE1|KCNE2|JUP|KCNE3|DLG1|KCNH2|KCND3|KCNE4|RNF207|RYR2|SCN1B|SCN2B|SCN3B|SCN4B|BIN1|KCNJ2|SCN5A|KCNJ5|KCNJ8|KCNN2|TRPM4|FLNA|KCNQ1|ANK2|SNTA1|KCNA5|CAV1|CTNNA3,https://www.gsea-msigdb.org/gsea/msigdb/mouse/geneset/GOBP_CARDIAC_MUSCLE_CELL_ACTION_POTENTIAL_INVOLVED_IN_CONTRACTION,41,ENR,GOBP_CARDIAC_MUSCLE_CELL_ACTION_POTENTIAL_INVOLVED_IN_CONTRACTION,-1.7650999999999999,2.5399999999999999E-2,GOBP_CARDIAC_MUSCLE_CELL_ACTION_POTENTIAL_INVOLVED_IN_CONTRACTION,FALSE,GOBP_CARDIAC_MUSCLE_CELL_ACTION_POTENTIAL_INVOLVED_IN_CONTRACTION
13,2.3872161432802601,-2.3872161432802601,2.3872161432802601,-0.99590000000000001,-0.41120000000000001,6.0000000000000001E-3,0.52500000000000002,ABCB7|ALAD|ALAS1|HNF1A|ALAS2|CPOX|SLC25A39|COX15|FECH|SLC6A9|HMBS|IREB2|PGRMC1|PPOX|TMEM14A|SLC11A2|UROS|FXN|SNX3|SRRD|TMEM14C|COX10|UROD|ABCB10,https://www.gsea-msigdb.org/gsea/msigdb/mouse/geneset/GOBP_HEME_BIOSYNTHETIC_PROCESS,24,ENR,GOBP_HEME_BIOSYNTHETIC_PROCESS,-2.4034,4.1000000000000003E-3,GOBP_HEME_BIOSYNTHETIC_PROCESS,FALSE,GOBP_HEME_BIOSYNTHETIC_PROCESS
18,2.67778070526608,-2.67778070526608,2.67778070526608,-0.99790000000000001,-0.27939999999999998,2.64E-2,0.99399999999999999,HCN2|HCN4|SLC12A2|WNK1|WNK2|WNK4|KCNE2|DLG1|KCNH2|KCND3|SLC12A1|SLC12A3|KCNJ1|KCNJ10|KCNJ11|KCNJ12|KCNJ13|KCNJ15|KCNJ16|SLC12A5|KCNJ2|KCNJ5|KCNJ6|KCNJ8|ATP1A2|ATP1B1|KCNQ1|ABCC9|FXYD2|ATP12A|ATP1A1|ATP1A3|ATP1B2|KCNK5|ATP1B3|SLC12A4|SLC12A6|ATP4A|SLC12A7|SLC12A8,https://www.gsea-msigdb.org/gsea/msigdb/mouse/geneset/GOBP_POTASSIUM_ION_IMPORT_ACROSS_PLASMA_MEMBRANE,40,ENR,GOBP_POTASSIUM_ION_IMPORT_ACROSS_PLASMA_MEMBRANE,-2.1164999999999998,2.0999999999999999E-3,GOBP_POTASSIUM_ION_IMPORT_ACROSS_PLASMA_MEMBRANE,FALSE,GOBP_POTASSIUM_ION_IMPORT_ACROSS_PLASMA_MEMBRANE
2,2.7212463990471698,-2.7212463990471698,2.7212463990471698,-1,-0.1075,1.09E-2,0.79900000000000004,DHPS|DLG5|DOCK8|MALT1|P2RX7|RAG2|EFNB1|ERBB2|ENPP3|FGF10|FLT3|NCKAP1L|FLT3L|NDFIP1|GLMN|NFKBIZ|GNRH1|GPNMB|H2-AA|H2-DMB2|TBK1|TIRAP|TLR4|AIF1|CNN2|PDCD1LG2|CSF1|PKN1|SLC4A1|IGFBP2|IHH|IKZF3|IL15|IMPDH1|PRKCD|IMPDH2|PRKCQ|IL21|IL2RA|IL5|PYCARD|IL7|MAPK1|ITCH|ITGAL|RC3H1|CD38|KITL|RC3H2|LAPTM5|WNT4|LMO1|LRRC32|RIPK2|CHRNB2|GREM1|LST1|RIPK3|MAD1L1|MAPK8IP1|IL34|MPL|NCK2|SASH3|NR5A2|ITGB2|SIGLECG|PELI1|PRDX2|SLAMF1|PRLR|SLAMF6|RAC2|SLC11A1|RASAL3|SLFN1|F2RL1|RASGRP1|SLFN2|MSN|RASSF5|ADA|SPN|STAT4|STAT6|SCGB1A1|SCRIB|SDC4|SFTPD|TARM1|MYD88|SH3RF1|SHB|TFRC|SLC39A10|SYK|TNFRSF13B|TNFRSF13C|KIT|TNFRSF14|TNFRSF1B|TNFSF13|ABL1|PDE5A|TNFSF13B|TNFSF18|TNFSF4|NCK1|SOS1|TRAF6|ARG1|SOS2|ARG2|SOX11|STAT5A|PCYT1A|TYK2|TCF3|TGFBR2|TICAM1|VTCN1|TNFRSF4|BAP1|TNFRSF9|CCND3|ZAP70|CD151|TNFSF9|CLU|ZBTB7B|BCL2|CRIP3|CSF2|TSC2|BMP4|CSF2RA|TSPAN32|DOCK2|TWSG1|EBI3|ELF4|TYROBP|HELLS|IFNAR2|VAV3|ITGAD|VCAM1|ITGAX|LMBR1L|NFIX|TGFB1|WNT3A|OCSTAMP|PHF7|PSMB10|TREM2|ZC3H12D|PURA|RPS3|PTK2|SATB1|RPS6|SH2D2A|ZFP335|ST6GAL1|CD19|ZBTB32|CD4|ZNHIT1|AHR|AZI2|CORO1A|BMI1|STAT5B|KCTD9|DLG1|TACR1|BID|ANXA1|CCL12|FKBP1A|FKBP1B|CCL19|FYN|GAL|CCL5|CD74|CEACAM1|CCR2|CCR7|CD37|CD46|CD55|CD59A|CD59B|DNAJA3|CD81|CFB|IL13|NPR3|CR2|CRP|GJA1|CX3CL1|IL1A|CXCL12|IDO1|IL4I1|FCGR2B|MYC|ITGAM|NDP|NF1|FOXJ1|NMB|ALKBH5|GPR183|H2-T23|PLA2G2D|IL1B|LYN|LGALS3|MEF2C|PPP3CA|PNP|PRNP|CD180|GPAM|PTPN6|PTEN|PTPN22|PTPRC|GSTP1|HHEX|TAC1|TNFRSF21|VSIG4|BAX|PLCL2|MIF|XCL1|TCIRG1|IFNG|ATM|IL4|TLR9|CDKN2A|SHH|PLA2G2F|PLA2G5|ARMC5|CASP3|AGER|ATAD5|BCL6|BTK|BTLA|PRKAR1A|CD1D1|CD1D2|CD24A|CD27|CD274|SLC4A2|CD28|CD3E|CD40|CD40LG|CD44|GSK3B|CD70|HMGB1|CD79A|IGF1|IGF2|CD80|IL6ST|CD86|SLC7A1|IRS2|JUNB|CLEC4G|CRTAM|CSF2RB|CSF2RB2|CTLA4|MAPK3|CD300A|NCSTN|EMP2|NFATC2|CTNNB1|EPHB2|CXCR4|EPHB6|FADD|TNFSF11|HES1|FOSL2|FOXP3|GAPT|CD209D|CEBPB|H2-DMB1|H2-M3|TRP53|PAWR|HAVCR2|HSPD1|ICOSL|IL12A|IL12B|IL12RB1|IL18|IL2|IL20RB|IL23A|IL27|ADK|IL33|BLM|IL10|IL6|IL7R|BST1|IL9R|IRGM1|BTNL2|INPP5D|CARD11|IRF1|CBLB|CCDC88B|CD209A|CD209C|JAK2|CD209E|JAK3|CD22|CD276|CD320|CD6|CDKN1A|BCL2L1|CLEC2I|CSF1R|LEF1|LIPA|LGALS9,https://www.gsea-msigdb.org/gsea/msigdb/mouse/geneset/GOBP_LEUKOCYTE_PROLIFERATION,349,ENR,GOBP_LEUKOCYTE_PROLIFERATION,-2.2902,0,GOBP_LEUKOCYTE_PROLIFERATION,FALSE,GOBP_LEUKOCYTE_PROLIFERATION
30,2.3767507096021001,-2.3767507096021001,2.3767507096021001,-0.99580000000000002,-0.1895,5.6300000000000003E-2,1,LTF|RPS19|MPEG1|MR1|MMP7|SERPINE1|TREM2|NPY|CD4|NFKBIZ|ADM|DAO|PRKD1|B2M|TLR4|RARRES2|REG3B|UMOD|REG3G|RNASE6|ROMO1|PYCARD|CAMP|TAC1|TFEB|AQP1|CASP1|TSLP|CHGA|DEFB11|DEFB19|DEFB2|DEFB4|TLR9|DEFB40|DEFB42|DEFB6|SLC11A1|APP|F2RL1|IL12B|CTSG|IGTP|IRGM2|LYZ1|IL23A|LYZ2|GSDMD|CXCL5|HMGB2|DEFB1|DEFB37|IIGP1|DMBT1|ELANE|TREM1|IL22RA1|TNFRSF14|TREM3|TUSC2|F2|IRGM1|LALBA|LBP|CD160|DROSHA|NAIP5|HAMP|HAMP2|NOD1|OPTN|PELI3|RPL30,https://www.gsea-msigdb.org/gsea/msigdb/mouse/geneset/GOBP_DEFENSE_RESPONSE_TO_GRAM_NEGATIVE_BACTERIUM,73,ENR,GOBP_DEFENSE_RESPONSE_TO_GRAM_NEGATIVE_BACTERIUM,-1.8983000000000001,4.1999999999999997E-3,GOBP_DEFENSE_RESPONSE_TO_GRAM_NEGATIVE_BACTERIUM,FALSE,GOBP_DEFENSE_RESPONSE_TO_GRAM_NEGATIVE_BACTERIUM
36,2.0969100130080598,-2.0969100130080598,2.0969100130080598,-0.99199999999999999,-0.38109999999999999,3.8699999999999998E-2,1,ACR|GNAL|ADORA2B|CACNA1C|CACNA1D|RAF1|CALCA|NF1|CALCR|FXN|ORAI1|ADCY1|ADCY2|ADCY3|ISCU|NOS3|ADCY4|STIM1|ADCY7,https://www.gsea-msigdb.org/gsea/msigdb/mouse/geneset/GOBP_POSITIVE_REGULATION_OF_LYASE_ACTIVITY,19,ENR,GOBP_POSITIVE_REGULATION_OF_LYASE_ACTIVITY,-2.0116999999999998,8.0000000000000002E-3,GOBP_POSITIVE_REGULATION_OF_LYASE_ACTIVITY,FALSE,GOBP_POSITIVE_REGULATION_OF_LYASE_ACTIVITY
3,2.7212463990471698,-2.7212463990471698,2.7212463990471698,-1,-0.4234,0,1E-3,UROC1|ACMSD|PAH|SPR|GSTZ1|THAP4|HAAO|TTC36|HAL|PARK7|HDC|AFMID|HGD|DCT|HPD|QDPR|QPRT|IDO1|IDO2|CYP2D22|IL4I1|HPDL|TPH1|KMO|IYD|KYNU|AMDHD1|ATP7A|NMNAT2|MTHFD1|FAH|MTHFD2L|FTCD|NADSYN1|PCBD1|GCDH|PCBD2|TAT|TDO2|TH,https://www.gsea-msigdb.org/gsea/msigdb/mouse/geneset/GOBP_AROMATIC_AMINO_ACID_METABOLIC_PROCESS,40,ENR,GOBP_AROMATIC_AMINO_ACID_METABOLIC_PROCESS,-3.1894,0,GOBP_AROMATIC_AMINO_ACID_METABOLIC_PROCESS,FALSE,GOBP_AROMATIC_AMINO_ACID_METABOLIC_PROCESS
30,2.7212463990471698,-2.7212463990471698,2.7212463990471698,-1,-0.15210000000000001,2.9999999999999997E-4,0.02,PPP1R11|LYST|PRG2|RAB14|P2RX7|RAB34|MAP3K7|RAG2|RASGRP4|RBCK1|RNASE1|MILL1|RNASE10|RNASE12|MPEG1|RNF31|MR1|S100A14|SEH1L|SERPINE1|SHARPIN|EPHA2|SHC1|SLAMF8|SLAMF9|SLC15A2|SLC9A9|NFKBIZ|STAB1|NLRP10|STAB2|NLRP3|SYT11|TAB2|TAB3|RBPJ|TBK1|TIRAP|TLR2|TLR4|TMF1|TNFAIP8|TNFSF8|UNC13B|ZG16|ZNFX1|PRKCD|PYCARD|VGF|SCNN1B|RIPK2|NCF1|SERPINB9|SLC11A1|F2RL1|GBP2|GBP3|SPN|GBP5|GBP7|GM12250|GZMB|IGTP|IRGM2|LYZ1|AICDA|LYZ2|MYD88|FAU|NLRP6|PCYOX1L|SYK|TREM1|TNFRSF14|TREM3|TUSC2|ARG2|RPL30|RPL39|RPS19|TREM2|CD4|ADM|DAO|ANG|B2M|BCL3|BPIFA1|CYBA|UMOD|ABCC1|PLD1|CAMP|CD36|CTSG|CXCL13|CXCL5|DEFB1|DEFB37|DMBT1|ELANE|EVPL|F2|FCER2A|FGA|FGB|H2-T23|HAMP|HAMP2|LCN2|NAGK|NOS2|IL1B|IVL|KLK5|KLK7|KRT6A|LEAP2|LGALS4|LTA|LTF|MBL1|MBL2|MMP7|NOD2|NOTCH2|NPY|PGLYRP1|PGLYRP3|PGLYRP4|PLA2G1B|PRKD1|PLA2G6|PPL|PTEN|RARRES2|REG3B|REG3G|DHX15|RNASE4|RNASE6|ROMO1|SLPI|TNF|SPAG11B|SPON2|SLC30A1|TAC1|TFEB|TRF|TSLP|WFDC10|WFDC12|WFDC13|WFDC15B|WFDC16|WFDC2|WFDC3|WFDC5|IFNG|TLR9|OAS1A|OAS1B|OAS1C|OAS1E|OAS1F|OAS1G|ADAM17|AKIRIN2|SCD1|CARD9|CD160|DROSHA|TNFRSF1A|CLEC4D|FCER1G|FCGR1|ACP5|ADAMTS4|ADAMTS5|ANKRD17|ANXA3|AQP1|NR1H4|C5AR1|CASP1|CASP4|CASP7|CD209D|CEBPB|CHGA|CLEC4E|COLEC12|H2-K1|DEFB11|DEFB14|H2-M3|DEFB15|DEFB19|DEFB2|DEFB25|DEFB29|DEFB3|DEFB36|DEFB4|DEFB40|DEFB42|HAVCR2|DEFB6|EAR1|EAR2|EAR6|EMILIN1|EMILIN2|APP|FGR|FOXP1|IL12B|FPR2|GBP10|GBP4|GBP6|IL18|GBP8|GBP9|GIMAP6|GRN|GSDMA|GSDMC|GSDMC2|GSDMC3|IL23A|GSDMC4|GSDMD|HCK|IL27RA|HMGB2|HP|IIGP1|IL33|IKBKG|IL10|IL22RA1|IL7R|IRF8|IRGM1|ISG15|LALBA|LBP|LPO|LYG1|LYZL4|MAPKBP1|MAVS|MMRN2|MPO|MYO1F|NAIP1|NAIP2|NAIP5|KLRK1|NAIP6|NFKB1|NLRC4|XIAP|NLRP1A|NOD1|OAS2|OAS3|OPTN|LGALS9|PELI3|PGLYRP2|PLAC8,https://www.gsea-msigdb.org/gsea/msigdb/mouse/geneset/GOBP_DEFENSE_RESPONSE_TO_BACTERIUM,274,ENR,GOBP_DEFENSE_RESPONSE_TO_BACTERIUM,-2.8277999999999999,0,GOBP_DEFENSE_RESPONSE_TO_BACTERIUM,FALSE,GOBP_DEFENSE_RESPONSE_TO_BACTERIUM
39,2.4436974992327101,-2.4436974992327101,2.4436974992327101,-0.99639999999999995,-0.21029999999999999,3.95E-2,1,HMGB1|NOD2|FLT3|MAPK11|MAST2|MEFV|NLRC3|REL|TLR6|TIRAP|TLR2|TLR4|CMKLR1|LTB|TLR3|ARRB2|TLR8|PRKCD|THBS1|PLCG2|ACP5|LAPTM5|CCL19|IL16|ISL1|MAPK14|MDK|LILRA5|H2-M3|DEFB25|IFNG|CCR7|IRAK3|CD36|CD47|TLR9|SLAMF1|HSPD1|C1QBP|CLEC7A|PIBF1|FOXP1|IL12B|IL23A|IL23R|AGER|IDO1|SYK|IL10|G6PDX|RELA|IRF8|IRF1|TNFSF18|TNFSF4|TRAF6|JAK3|NFKB1|UNC93B1|PLCB1|TIGIT|CD40|TNFSF9|CD40LG,https://www.gsea-msigdb.org/gsea/msigdb/mouse/geneset/GOBP_INTERLEUKIN_12_PRODUCTION,64,ENR,GOBP_INTERLEUKIN_12_PRODUCTION,-2.004,3.5999999999999999E-3,GOBP_INTERLEUKIN_12_PRODUCTION,FALSE,GOBP_INTERLEUKIN_12_PRODUCTION
1,2.7212463990471698,-2.7212463990471698,2.7212463990471698,-1,-0.1515,6.9999999999999999E-4,5.0999999999999997E-2,CTNS|NCOR1|CTPS2|OGT|P2RX7|DCTPP1|PFKFB1|PFKFB2|PFKFB3|DNM1L|PFKL|PFKP|DTYMK|PGAM1|DUT|PGAM2|ENPP3|PGK1|ENTPD1|PKLR|FAM3A|PPARA|PPP2CA|FIGNL1|PRKAA1|FIS1|PRKAA2|PRKAG1|GIMAP7|PSEN1|GNAI3|RPTOR|SIK2|SIRT6|GUK1|SLC2A6|SLC4A1|HNF1A|SLC4A4|HSPA1B|SRC|HSPA8|STAT3|IMPDH1|IMPDH2|ITPA|TPI1|LETMD1|TRIM63|LRRK2|UCHL1|MAP2K1|UCP2|ZBTB20|MFN1|ZBTB7A|MYH6|MYH7|NME1|NME2|NME3|NME4|NME5|NME6|NME7|NMNAT1|NT5E|ADA|NUDT15|NUDT16|NUDT2|OLA1|OPA1|PARG|GTPBP1|PARP1|PID1|BAD|RAB23|RAN|RHOQ|RRM2B|SAMHD1|SPHK2|TBPL1|TGFB1|TMSB4X|TREM2|TSPO|TYMS|UCK1|UCK2|ACTN3|AK4|ARL2|ATP7A|BCL2L13|ENTPD4|ENTPD7|CBFA2T3|COL6A1|DGUOK|DNAJC30|MLXIPL|MTCH2|LDHC|MYC|LDHD|MYOG|NDUFA1|NDUFA10|NDUFA11|NDUFA12|NDUFA13|NDUFA2|NDUFA3|NDUFA5|NDUFA6|NDUFA7|NDUFA8|NDUFA9|NDUFAB1|NDUFB10|NDUFB11|NDUFB2|NDUFB3|NDUFB4|NDUFB5|NDUFB6|NDUFB7|NDUFB8|NUDT5|NDUFB9|NDUFC1|NDUFC2|NDUFS1|NDUFS2|NDUFS3|NDUFS4|NDUFS5|NDUFS6|NDUFS7|NDUFS8|NDUFV1|NDUFV2|NDUFV3|NUPR1|OGDH|PNP|RHOA|SDHA|SDHB|SDHC|SDHD|STOML2|VCP|ABCC9|IFNG|IL4|JMJD8|MFSD8|PPARGC1A|PRKACA|SLC25A13|SLC25A25|TREX1|ADCY10|ENPP1|ESRRB|GCK|ENTPD3|SMPDL3A|IGF1|INS1|INS2|INSR|KHK|MTOR|PFKM|PRKAG2|PRKAG3|SLC25A12|CFH|ADPGK|ALDOA|ALDOART1|ALDOART2|ALDOB|ALDOC|APP|ARNT|BPGM|DDIT4|DHTKD1|EIF6|ABCC6|ENO1|ENO2|ENO3|ENO4|EP300|FBP1|FKRP|ADK|FLCN|FOXK1|AK1|FOXK2|AK2|AK3|GALE|AK5|GALK1|GALT|GAPDH|GAPDHS|AMPD2|GIT1|AMPD3|GPD1|GPI1|HDAC4|ATP1A2|HIF1A|ATP1B1|HK1|HK2|ATP6V1A|HK3|ATP6V1B1|HKDC1|ATP6V1B2|BCL2L1|BEND3|CAD|IER3|CLPX|KAT2B|LIPA|CMPK2|MLST8|MLX|COX11|MPI,https://www.gsea-msigdb.org/gsea/msigdb/mouse/geneset/GOBP_NUCLEOSIDE_TRIPHOSPHATE_METABOLIC_PROCESS,244,ENR,GOBP_NUCLEOSIDE_TRIPHOSPHATE_METABOLIC_PROCESS,-2.7166999999999999,0,GOBP_NUCLEOSIDE_TRIPHOSPHATE_METABOLIC_PROCESS,FALSE,GOBP_NUCLEOSIDE_TRIPHOSPHATE_METABOLIC_PROCESS
3,2.2218487496163601,-2.2218487496163601,2.2218487496163601,-0.99399999999999999,-0.39789999999999998,3.5200000000000002E-2,0.999,AASS|UOX|UROC1|KYNU|XDH|NT5C|AMDHD1|NT5C2|NIT1|PIPOX|ADA|DLST|AADAT|FTCD|PNP|HAL|PM20D1|GDA|TDO2,https://www.gsea-msigdb.org/gsea/msigdb/mouse/geneset/GOBP_AMIDE_CATABOLIC_PROCESS,19,ENR,GOBP_AMIDE_CATABOLIC_PROCESS,-2.0415999999999999,6.0000000000000001E-3,GOBP_AMIDE_CATABOLIC_PROCESS,FALSE,GOBP_AMIDE_CATABOLIC_PROCESS
13,2.7212463990471698,-2.7212463990471698,2.7212463990471698,-1,-0.2616,2.7400000000000001E-2,0.997,CTNS|CPOX|SOX2|SLC25A39|CDH3|SLC7A11|SLC6A9|TRPC1|WNT5A|UROS|OPN3|FXN|GIPC1|CITED1|DDT|DCT|MC1R|PMEL|APPL1|RAPGEF2|ABCB10|ZEB2|ABCB7|ALAD|ALAS1|HNF1A|ALAS2|COX15|MFSD12|FECH|ATP7A|HMBS|SLC24A5|IREB2|PGRMC1|PPOX|TMEM14A|SLC11A2|SNX3|SRRD|TMEM14C|COX10|UROD|MYO5A|RAB38,https://www.gsea-msigdb.org/gsea/msigdb/mouse/geneset/GOBP_PIGMENT_BIOSYNTHETIC_PROCESS,45,ENR,GOBP_PIGMENT_BIOSYNTHETIC_PROCESS,-2.1051000000000002,0,GOBP_PIGMENT_BIOSYNTHETIC_PROCESS,FALSE,GOBP_PIGMENT_BIOSYNTHETIC_PROCESS
24,2.7212463990471698,-2.7212463990471698,2.7212463990471698,-1,-0.51080000000000003,4.0000000000000002E-4,2.5999999999999999E-2,CES1F|ACAD9|CES1B|CES1C|CES1E|OXSM|ACADM|CES1G|CRAT|ACOT7|CYP4A10|CROT|CYP4A12A|CYP4A12B|CYP4A14|CYP4A31|CYP4A32|ABHD1|ABHD2|ABHD3|CES1D,https://www.gsea-msigdb.org/gsea/msigdb/mouse/geneset/GOBP_MEDIUM_CHAIN_FATTY_ACID_METABOLIC_PROCESS,21,ENR,GOBP_MEDIUM_CHAIN_FATTY_ACID_METABOLIC_PROCESS,-2.8026,0,GOBP_MEDIUM_CHAIN_FATTY_ACID_METABOLIC_PROCESS,FALSE,GOBP_MEDIUM_CHAIN_FATTY_ACID_METABOLIC_PROCESS
9,2.7212463990471698,-2.7212463990471698,2.7212463990471698,-1,-0.14979999999999999,0,0,RPL13A|RPL14|RPL24|RPL26|RPL27|RPL35|RPL35A|RPL38|RPL5|RPL7|RPL7A|RPS11|RPS12|RPS14|RPS15A|RPS16|RPS24|RPS27|RPS27A|RPS28|RPS5|CKAP5|DENR|DHX29|DHX9|EIF2D|EIF2S2|EIF2S3X|EIF2S3Y|EIF3A|EIF3B|EIF3C|EIF3D|EIF3E|EIF3F|EIF3G|EIF3H|EIF3I|EIF3K|NUDT16|EIF3L|EIF3M|EIF4B|EIF4H|EIF5|FAU|MCTS1|MCTS2|NCBP1|RAN|RPL11|RPLP0|RPS13|RPS15|RPS17|RPS19|RPS21|RPS23|RPS25|RPS4X|RPS6|RPS7|RPS8|RPS9|RPSA|YTHDF2|AATF|ABCF1|ABT1|ADAR|ATM|ATR|BMS1|BOP1|BRIX1|BYSL|MYBBP1A|C1D|CDKN2A|CELF1|CELF2|CELF3|CELF4|CELF5|CELF6|CHD7|CINP|CLNS1A|CLP1|COIL|CRNKL1|CUL4A|CUL4B|DCAF13|DDX10|DDX17|DDX18|DDX20|DDX21|DDX27|DDX28|DDX31|DDX39B|DDX3X|DDX42|DDX46|DDX47|DDX49|DDX51|DDX52|DDX54|DDX56|DHX30|DHX37|DICER1|DIMT1|DIS3|DKC1|DNTTIP2|DROSHA|EBNA1BP2|EIF1A|EIF1AX|EIF2A|EIF4A3|EIF5B|EMG1|ERAL1|ERCC2|ERI1|ESF1|EXOSC1|EXOSC10|EXOSC2|EXOSC3|EXOSC4|EXOSC5|EXOSC6|EXOSC7|EXOSC8|EXOSC9|FBL|FCF1|FDXACB1|FRG1|FTSJ3|GAR1|GEMIN4|GEMIN5|GEMIN6|GEMIN7|GEMIN8|GLUL|GNL2|GNL3L|GREB1L|GRWD1|GTF2H5|GTF3A|GTPBP10|GTPBP4|HEATR1|HEATR3|HSP90AA1|HSP90AB1|HTATSF1|IMP3|IMP4|IPO4|IPO9|ISG20|ISG20L2|ISY1|KRI1|KRR1|LAS1L|LSG1|LSM2|LSM4|LSM6|LTV1|PTGES3|LUC7L|LUC7L2|LUC7L3|LYAR|MAK16|MBNL1|MCAT|MDN1|METTL15|METTL16|METTL17|METTL5|MPHOSPH10|MPHOSPH6|MPV17L|MRM1|MRTO4|MYG1|NAF1|NAT10|NCL|NGDN|NHP2|NIP7|NLE1|NMD3|NOA1|NOB1|NOC2L|NOC4L|NOL10|NOL11|NOL3|NOL6|NOL7|NOL8|NOL9|EIF6|NOM1|NOP10|NOP14|NOP16|NOP2|NOP56|NOP58|NPM1|NPM3|NSA2|NSUN5|NUFIP1|NUP88|NVL|PA2G4|PAK1IP1|PDCD11|PELP1|PES1|PIH1D1|PIH1D2|PIN4|PNO1|POP4|POP5|POP7|PPAN|PRKDC|PRKRA|PRMT5|PRMT7|PRPF18|PRPF19|PRPF3|PRPF31|PRPF39|KAT2B|PRPF4B|PRPF6|PRPF8|PSIP1|PTBP2|PUF60|PWP1|PWP2|RBFA|RBM10|RBM34|RBM5|RBMX|RCL1|REXO1|REXO4|RIOK1|RIOK2|RIOK3|RNASEL|RPF1|RPF2|RPL7L1|RPP25|RPP30|RPP38|RPP40|RPS19BP1|RPS27L|RPUSD1|RPUSD2|RRN3|RRP1|RRP15|RRP1B|RRP36|RRP7A|RRP8|RRP9|RRS1|RSL24D1|RUVBL1|RUVBL2|SART1|SART3|SBDS|SCAF11|SDAD1|SETX|SF3A1|SF3A2|SF3A3|SF3B1|SFSWAP|SHQ1|SIRT7|SLU7|SMN1|SNRNP200|SNRPB|SNRPC|SNRPD1|SNRPD2|SNRPD3|SNRPE|SNRPF|SNRPG|SRFBP1|SRPK1|SRPK2|SRPK3|SRSF1|SRSF10|SRSF12|SRSF6|SURF6|SUV39H1|TAF9|TARBP2|TBL3|TRMT112|TRMT2B|TSC1|TSR1|TSR2|TSSC4|U2AF2|URB1|URB2|USP16|USP36|USP39|USP4|UTP14A|UTP14B|UTP15|UTP18|UTP20|UTP23|UTP3|UTP6|WBP11|WDR12|WDR18|WDR3|WDR36|WDR43|WDR46|WDR55|WDR74|WDR75|WDR77|XAB2|XPO1|XRCC5|YBEY|YTHDC1|ZCCHC4|ZFP593|ZFP622|ZFP658|ZNHIT3|ZNHIT6|ZRSR2|PTEN|STRAP|C1QBP|FASTKD2|MPV17L2|MRPL10|MRPS2|MRPS7|NGRN|NSUN3|NSUN4|RPUSD4|TFB1M|TFB2M,https://www.gsea-msigdb.org/gsea/msigdb/mouse/geneset/GOBP_RIBONUCLEOPROTEIN_COMPLEX_BIOGENESIS,395,ENR,GOBP_RIBONUCLEOPROTEIN_COMPLEX_BIOGENESIS,-3.4548000000000001,0,GOBP_RIBONUCLEOPROTEIN_COMPLEX_BIOGENESIS,FALSE,GOBP_RIBONUCLEOPROTEIN_COMPLEX_BIOGENESIS
18,2.6989700043360201,-2.6989700043360201,2.6989700043360201,-0.998,-0.29949999999999999,2.9499999999999998E-2,0.999,NR3C2|KLHL3|CAMK2D|SLC12A2|WNK1|KCNH2|UMOD|SLC12A1|SLC12A3|KCNJ10|KCNMA1|SLC12A5|ATP1A2|SCNN1B|ATP1B1|KCNQ1|ATP6V1B1|FXYD2|KCNA5|BSND|ATP12A|KCTD7|ATP1A1|ATP1A3|ATP1B2|SLC12A9|ATP1B3|SLC12A4|UPK3A|SLC12A6|ATP4A|SLC12A7|SLC12A8,https://www.gsea-msigdb.org/gsea/msigdb/mouse/geneset/GOBP_POTASSIUM_ION_HOMEOSTASIS,33,ENR,GOBP_POTASSIUM_ION_HOMEOSTASIS,-2.0825,2E-3,GOBP_POTASSIUM_ION_HOMEOSTASIS,FALSE,GOBP_POTASSIUM_ION_HOMEOSTASIS
3,1.95467702121334,-1.95467702121334,1.95467702121334,-0.9889,-0.39789999999999998,4.7399999999999998E-2,1,SARDH|OAZ1|OTC|ALDH5A1|KYNU|ALDH6A1|ALDH8A1|ABAT|DAO|MTRR|AGXT2|BLMH|AHCY|HOGA1|CBS|DDO,https://www.gsea-msigdb.org/gsea/msigdb/mouse/geneset/GOBP_NON_PROTEINOGENIC_AMINO_ACID_CATABOLIC_PROCESS,16,ENR,GOBP_NON_PROTEINOGENIC_AMINO_ACID_CATABOLIC_PROCESS,-1.9520999999999999,1.11E-2,GOBP_NON_PROTEINOGENIC_AMINO_ACID_CATABOLIC_PROCESS,FALSE,GOBP_NON_PROTEINOGENIC_AMINO_ACID_CATABOLIC_PROCESS
7,2.7212463990471698,-2.7212463990471698,2.7212463990471698,-1,-0.26419999999999999,0,0,KNG2|KRT6A|LEAP2|LGALS3|LGALS4|LTF|MMP7|NOD2|FAM3A|NPY|NTS|PF4|PGLYRP1|PGLYRP3|PGLYRP4|PLA2G1B|PLA2G6|PPBP|PPL|PPP2R3C|RARRES2|REG1|REG2|REG3A|REG3B|REG3D|REG3G|RNASE4|RNASE6|ROMO1|S100A9|SLPI|SPAG11B|SPON2|TAC1|TRF|TSLP|WFDC10|WFDC12|WFDC13|WFDC15B|WFDC16|WFDC2|WFDC3|WFDC5|XCL1|NPPB|FAU|RPL30|RPL39|RPS19|ADM|ANG|B2M|BCL3|BPIFA1|POMC|CAMP|CCL1|CCL11|CCL12|CCL17|CCL19|CCL2|CCL20|CCL22|CCL24|CCL25|CCL27A|CCL28|CCL3|CCL4|CCL5|CCL6|CCL7|CCL8|CCL9|APP|COLEC11|CTSG|CX3CL1|CXCL10|CXCL11|CXCL12|CXCL13|CXCL14|CXCL15|CXCL5|CXCL9|DEFB1|DEFB37|DMBT1|ELANE|EVPL|F2|GAPDH|FGA|FGB|GATA6|H2-T23|HAMP|HAMP2|HMGN2|HRG|IVL|KLK5|KLK7|KNG1,https://www.gsea-msigdb.org/gsea/msigdb/mouse/geneset/GOBP_ANTIMICROBIAL_HUMORAL_RESPONSE,108,ENR,GOBP_ANTIMICROBIAL_HUMORAL_RESPONSE,-3.2166000000000001,0,GOBP_ANTIMICROBIAL_HUMORAL_RESPONSE,FALSE,GOBP_ANTIMICROBIAL_HUMORAL_RESPONSE
29,1.9469215565165801,-1.9469215565165801,1.9469215565165801,-0.98870000000000002,-0.107,7.4399999999999994E-2,1,DHFR|GSTA3|GSTM5|GSTO2|GSTT1|GUCY2C|MAPK1|RDH11|RDH12|DDC|PRDX2|SLC11A1|ADH4|ADH5|HTR1D|SCN3A|SCN8A|AKR1A1|SCN9A|ALDH1A1|ALDH1A7|TRPM6|ALDH2|ABCB1A|ABCB1B|APOE|S100A8|BLMH|BAK1|CES1D|BCL2|SLC6A4|CYP1A1|TYMS|APOM|AHR|STAR|SOD1|ABCC1|EDNRA|ABCC2|ATP7A|ABCG2|CAT|ESD|PIM1|APOA4|FABP1|CDK1|COL6A1|AQP8|AQP9|CCL3|CCL5|GJC2|GPX2|CD36|GRIA1|TTPA|GSTO1|KDM1A|CP|GFER|CYGB|CYP1B1|KCNC1|KCNC2|HTRA2|AMBP|CYP2F2|CCS|FANCC|FBLN5|GPX3|GPX6|GPX7|GPX8|GATA6|KDM3B|MB|NXN|PRDX5|PXDN|PRDX1|SESN1|SRXN1|TRP53INP1|LCN2|TXN1|TXNDC17|TXNRD2|UBIAD1|NOS3|CDH13|LYN|EDN1|SLC18A2|EHMT2|RPS6KB1|EPHX1|EPHX2|NUPR1|PRDX3|PARK7|PON1|PRKCE|PON3|PINK1|RALBP1|GPX1|GPX4|GSTA1|SLC17A3|GSTM3|SLC29A4|GSTM6|GSTM7|DHX15|GSTP1|SLC19A1|SESN2|S100A9|SCN1B|SCN2B|SLC22A1|TNF|MBP|SLC22A18|SLC22A2|SLC30A1|SLC22A3|AIFM1|AIFM2|BAX|SLC22A8|SLC23A1|MGST3|NEFL|GCH1|GSR|PPP1R9A|GSTK1|PTGES|SOD2|CLDN1|PTGS1|PTGS2|COMT|SLC47A1|DNMT3A|TH|FOS|SLC6A14|PRDX6|PRDX6B|TXNRD3|INHBB|MGST2|ASNS|XPA|ASS1|MT3|ATF4|MAPK3|CPS1|MDM2|MT1|SLCO1B2|MT2|MT4|GABRB1|NFE2L2|GLYAT|NQO1|FAS|PENK|ERCC6|SDC1|ABTB2|ARHGAP33|BRIP1|MAOB|EHMT1|INMT|PRDX4|SLC30A10|KDM5B|SLC30A3|KDM5C|SLC30A4|ARNT2|KDM6B|LANCL1|NR4A2|SOD3|OSCP1|PON2|RAB40B|SCFD1|SLC39A8|SLC7A11|TXNRD1|ARNT|DHRS2|EIF2AK2|ABCB6|HP|RAD51|SRSF9|ALAD|FECH|LPO|MPO|HIF1A|CDKN1A|UGT1A1|CNP,https://www.gsea-msigdb.org/gsea/msigdb/mouse/geneset/GOBP_RESPONSE_TO_TOXIC_SUBSTANCE,217,ENR,GOBP_RESPONSE_TO_TOXIC_SUBSTANCE,-1.8221000000000001,1.1299999999999999E-2,GOBP_RESPONSE_TO_TOXIC_SUBSTANCE,FALSE,GOBP_RESPONSE_TO_TOXIC_SUBSTANCE
17,2.0969100130080598,-2.0969100130080598,2.0969100130080598,-0.99199999999999999,-0.24160000000000001,4.7E-2,1,NEDD4|NEDD4L|TESC|OSR1|TMEM168|GRP|PCSK9|CAMK2D|CAV3|WNK1|WNK2|CNKSR3|PRSS8|YWHAH|COMMD1|BPIFA1|GPD1L|PTPN3|RANGRF|DMD|DRD4|SCN1B|SCN2B|SCN3B|SCN4B|AGRN|SCN5A|FGF12|FGF13|ATP2B4|ATP1B1|SLC9A1|KCNQ1|FXYD1|SLMAP|ANK3|FXYD2|FXYD3|SNTA1|FXYD4|ARF1|FXYD5|PLCB1|FXYD6|FXYD7|ATP1B2|ATP1B3|STK39,https://www.gsea-msigdb.org/gsea/msigdb/mouse/geneset/GOBP_REGULATION_OF_SODIUM_ION_TRANSMEMBRANE_TRANSPORT,48,ENR,GOBP_REGULATION_OF_SODIUM_ION_TRANSMEMBRANE_TRANSPORT,-1.9561999999999999,8.0000000000000002E-3,GOBP_REGULATION_OF_SODIUM_ION_TRANSMEMBRANE_TRANSPORT,FALSE,GOBP_REGULATION_OF_SODIUM_ION_TRANSMEMBRANE_TRANSPORT
1,2.09151498112135,-2.09151498112135,2.09151498112135,-0.9919,-0.42009999999999997,2.7900000000000001E-2,0.998,SHMT2|DPYD|UPB1|UPP1|DHFR|UPP2|SHMT1|DPYS|NT5C|DUT|NT5C3|NT5M|TYMS|DCTD|NME1|NME2|CDA|NME3,https://www.gsea-msigdb.org/gsea/msigdb/mouse/geneset/GOBP_PYRIMIDINE_DEOXYRIBONUCLEOSIDE_MONOPHOSPHATE_METABOLIC_PROCESS,18,ENR,GOBP_PYRIMIDINE_DEOXYRIBONUCLEOSIDE_MONOPHOSPHATE_METABOLIC_PROCESS,-2.0947,8.0999999999999996E-3,GOBP_PYRIMIDINE_DEOXYRIBONUCLEOSIDE_MONOPHOSPHATE_METABOLIC_PROCESS,FALSE,GOBP_PYRIMIDINE_DEOXYRIBONUCLEOSIDE_MONOPHOSPHATE_METABOLIC_PROCESS
2,1.82681373158773,-1.82681373158773,1.82681373158773,-0.98509999999999998,-9.4500000000000001E-2,8.3900000000000002E-2,1,DHPS|DOCK8|MALT1|EFNB1|EFNB2|EFNB3|EGR3|EPHB4|FCHO1|FLOT2|NCKAP1L|PRKAA1|CAPN1|GLI3|NFKBID|NFKBIZ|NLRP3|H2-AA|H2-AB1|H2-DMB2|H2-EB1|CHST2|H2-EB2|CHST4|H2-OA|H2-OB|AIF1|PDCD1LG2|HSPH1|ICOS|SLC4A1|IGFBP2|IHH|IL15|SART1|PRKCQ|IL1RL2|PRKCZ|IL21|IL2RA|IL2RG|PYCARD|IL7|ITGAL|RAG1|FUT4|KAT5|KITL|GCNT1|LGALS8|RIPK2|MDK|NCK2|ITGA4|SASH3|NKAP|NR5A2|ITGB2|PBRM1|PHF10|SKAP1|PIK3R6|SLAMF1|RARA|RASAL3|RASGRP1|ADA|SOCS5|RHOH|SPN|ITPKB|RUNX1|RUNX3|OPA1|SHB|TFRC|SIRPA|SKINT1|SMARCA2|SMARCA4|SYK|SMARCB1|TNFRSF13C|SMARCC1|TNFRSF14|SMARCC2|SMARCD1|LCK|SMARCD2|ABL1|SMARCD3|TNFSF13B|SMARCE1|SOCS1|TNFSF4|NCK1|TRAF6|SELE|SOX12|SOX13|SELP|SOX4|BAD|STAT5A|TYK2|ST3GAL4|TESPA1|TGFBR2|VTCN1|YWHAG|TNFSF14|ZAP70|TNFSF9|ZBTB1|ZBTB7B|VAV1|VCAM1|VNN1|WNT10B|TGFB1|XBP1|RPS3|CD4|ZFP609|ZMIZ1|ALOX5|B2M|CORO1A|BMI1|STAT5B|AP3B1|ANXA1|CCL19|CCL2|PTAFR|CAV1|CCL5|CD74|CCR2|CCR7|CD46|CD47|CD55|CD59A|CD59B|DNAJA3|CD81|NFAT5|IL1A|IL4I1|ELANE|GATA3|GIMAP3|GIMAP5|H2-DMA|H2-T23|IL1B|ETS1|IRAK1|PCK1|PPP3CA|PNP|GPAM|RHOA|PTPN22|PTPRC|TNF|KLHL25|XCL1|IFNG|IL4|THY1|SHH|NR4A3|AGER|BCL6|BRD2|BRD4|CD160|CD1D1|CD1D2|CD24A|CD27|CD274|CD28|CD3E|CD40LG|CD44|HMGB1|IGF1|IGF2|CD80|IL6ST|CD86|SLC7A1|DPP4|DUSP10|HSP90AA1|EPHB6|FADD|TNFSF11|FBXO38|HES1|FOXP3|FUT7|CD209D|H2-DMB1|H2-M3|PAWR|FOXO3|HAVCR2|HLX|HSPD1|ICAM1|ICOSL|IL12A|IL12B|IL12RB1|IL18|ABL2|ACTB|ACTL6A|ACTL6B|ADAM8|IL2|AMBRA1|HAS2|IL23A|AP3D1|EP300|ARID1A|ARID2|ADK|IL4RA|BLM|IL6|RELA|BRD7|IL7R|IRGM1|BTNL2|CARD11|IRF1|CBFB|BCL10|CCDC88B|CD209C|JAK2|CD209E|JAK3|CD276|CD5|KLHL22|CD6|CD83|LEF1|CYLD|LGALS1|LGALS9,https://www.gsea-msigdb.org/gsea/msigdb/mouse/geneset/GOBP_POSITIVE_REGULATION_OF_LEUKOCYTE_CELL_CELL_ADHESION,259,ENR,GOBP_POSITIVE_REGULATION_OF_LEUKOCYTE_CELL_CELL_ADHESION,-1.7869999999999999,1.49E-2,GOBP_POSITIVE_REGULATION_OF_LEUKOCYTE_CELL_CELL_ADHESION,FALSE,GOBP_POSITIVE_REGULATION_OF_LEUKOCYTE_CELL_CELL_ADHESION
10,2.4202164033831899,-2.4202164033831899,2.4202164033831899,-0.99619999999999997,-0.11840000000000001,3.5700000000000003E-2,1,LYST|RPL13A|DNM1L|ADAM10|S100A14|AKIRIN1|SERPINE1|ARHGEF5|NCKAP1L|SLAMF8|SLAMF9|CAMK1D|CCR3|TIRAP|CKLF|CMKLR1|AIF1|CNR2|CSF1|CSF3R|CXCL16|CXCL17|CXCL2|CXCL3|CXCR1|CXCR2|EDNRB|SBDS|DAPK2|DUSP1|MAPK1|F7|GBF1|GPR18|GPSM3|GREM1|IL17B|IL17RC|MDK|IL34|ITGA1|NEDD9|ITGA9|ITGB2|ITGB2L|SLAMF1|FLT1|RAC2|MMP28|CXCL1|MOSPD2|F2RL1|MPP1|MST1|MTUS1|MYO9B|NBL1|NUP85|PADI2|SWAP70|PERP|PIKFYVE|PLA2G7|NINJ1|PPIA|PPIB|SYK|PREX1|TREM1|KIT|TREM3|PTN|PDE4D|RETNLG|RIN3|TNFSF18|S100A8|S1PR1|MSTN|SCG2|SELL|TRPM4|SLIT2|SRP54A|ANO6|PDGFB|THBS4|TNFAIP6|VEGFA|ZFP580|TNFSF14|VAV1|PDE4B|VAV3|RPS19|TRPM2|PRKCA|PTK2|ALOX5|CORO1A|CXCR3|DPEP1|DYSF|EDN3|EDNRA|ANXA1|CCL1|CCL11|CCL12|CCL19|CCL2|CCL22|CCL24|CCL25|CCL27A|CCL28|CCL3|VEGFB|CCL4|CCL5|CCL7|CD74|CCL8|CCR2|CXADR|GPR35|CCR7|PTPRO|CTSG|CX3CL1|CXCL10|CXCL11|CXCL12|CXCL13|CXCL14|CXCL15|CXCL5|CXCL9|HSD3B7|SPP1|ITGAM|GPR183|STAP1|HC|IL1B|LYN|MMP9|EDN1|EDN2|LGALS3|OXSR1|NOD2|SLC12A2|PF4|PPBP|PTK2B|CXCR5|RARRES2|S100A9|TRPV4|TMEM102|PTPRJ|MIF|STK39|XCL1|IFNG|TGFB2|IL4|FFAR2|C1QBP|WNK1|PLEC|BSG|CALR|CH25H|ADAM17|C3AR1|CCR6|HMGB1|CYP7B1|LGMN|MAPK3|CX3CR1|PGF|CCR1|DPP4|CREB3|THBS1|TNFSF11|FCER1G|FCGR3|C5AR1|IL16|SLC37A4|CHGA|DEFB25|APP|IL12A|WNT5A|FPR2|IL17RA|ADAM8|GAS6|MMP2|IL23A|BST1|LBP|JAM3|KLRK1|RAC1|VEGFC|CSF1R|LGALS9,https://www.gsea-msigdb.org/gsea/msigdb/mouse/geneset/GOBP_LEUKOCYTE_CHEMOTAXIS,213,ENR,GOBP_LEUKOCYTE_CHEMOTAXIS,-2.0341999999999998,3.8E-3,GOBP_LEUKOCYTE_CHEMOTAXIS,FALSE,GOBP_LEUKOCYTE_CHEMOTAXIS
,2.7212463990471698,-2.7212463990471698,2.7212463990471698,-1,-0.2122,2.3999999999999998E-3,0.218,CTNS|NDUFA4|NDUFB7|SLC25A27|SLC25A3|SLC45A4|TMCO3|TMEM175|NDUFS1|NR3C2|UCP1|NDUFS2|NDUFS3|NDUFS4|NDUFS7|NDUFS8|NDUFV1|PHB2|NDUFV2|SLC15A2|SLC9A9|PPIF|SLC17A7|SLC16A1|UCP2|SLC36A2|UQCRFS1|SLC9A1|UQCRH|SLC9A6|ATP12A|ATP1A1|TCIRG1|IL4|SLC25A4|SLC25A5|SLC11A1|SLC15A4|SLC32A1|SLC25A13|SLC36A1|SLC36A3|SCO1|SLC46A1|SLC45A3|SLC47A1|SLC4A10|SLC4A11|ATP4A|SLC25A22|SLC9A2|SLC9A3|SLC9A4|SLC9A5|UCP3|SLC9A7|SLC9A8|SPHK2|ATP7A|FXYD2|SLC25A12|TACO1|COX4I2|ATP1A3|COX7A1|CYC1|IL13|COX17|GHITM|ATP6AP1|ATP6AP2|ATP6V0A1|SURF1|ATP6V0A2|ATP6V0A4|ATP6V0B|LETM1|ATP6V0C|ATP6V0D1|ATP6V0D2|ATP6V0E|ATP6V0E2|NDUFA10|ATP6V1C1|ATP6V1C2|ATP6V1D|ATP6V1E1|NDUFA2|ATP1A2|ATP6V1F|ATP1B1|ATP6V1G1|SLC11A2|ATP6V1G2|ATP6V1A|ATP6V1G3|ATP6V1B1|ATP6V1H|ATP6V1B2|CLCN3|CLCN7|HVCN1|OTOP2|OTOP3|RNASEK|SLC15A1|SLC18A1|SLC18A2|SLC25A14,https://www.gsea-msigdb.org/gsea/msigdb/mouse/geneset/GOBP_PROTON_TRANSMEMBRANE_TRANSPORT,109,ENR,GOBP_PROTON_TRANSMEMBRANE_TRANSPORT,-2.5484,0,GOBP_PROTON_TRANSMEMBRANE_TRANSPORT,FALSE,GOBP_PROTON_TRANSMEMBRANE_TRANSPORT
,2.4202164033831899,-2.4202164033831899,2.4202164033831899,-0.99619999999999997,-0.1205,4.7100000000000003E-2,1,MCOLN1|ADORA3|XCR1|PRKAA1|CCR3|ORAI1|3425401B19RIK|CMKLR1|HINT1|ATP2A2|CXCR1|CXCR2|EDNRB|LRRK2|ALMS1|ITGAL|CHRM3|CMYA5|NFAM1|HTR2B|NR5A2|HTR2C|SIGLECG|DMPK|SLA2|CLEC7A|ADA|IGTP|IRGM2|SYK|LMCD1|AGTR1A|TRAT1|AKAP5|AKAP6|ATP2B4|TRPM4|TBC1D10C|ANK2|NFATC1|ZAP70|SLC8A2|CACNA1C|CACNA1D|TPCN1|TPCN2|TRPM2|CALM1|CALM2|CALM3|TREM2|CASQ1|CASQ2|CD4|RYR1|RYR3|SGCD|CXCR3|DMD|ACTN3|DRD4|ERBB3|PLCG1|PLCG2|FKBP1B|TNNI3|CCL20|AVPR1A|ATP1A3|CCL3|CCR2|CCR7|GRIA1|GRIN1|FHL2|CP|HPCA|CALCR|NFAT5|RCAN1|GRIK1|TMEM38B|KISS1R|CCR5|DEFB1|DEFB37|SPPL3|KDR|KCNJ11|ZMPSTE24|MAPT|KCNJ8|CDH13|EDN1|EDN2|EIF2AK3|L1CAM|PPP1R9B|P2RX1|P2RX4|PDPK1|PKD2|PLN|PPP3CA|PPP3CB|PPP3CC|PPP3R1|PRKD1|PRNP|CXCR5|PTPRC|REM1|RYR2|TFF2|TNF|DYRK1A|SLC8A1|SLC9A1|PTPRJ|PDK2|BNIP1|TMEM38A|CABYR|CAMKK2|NFATC3|CAMTA1|NFATC4|CAR8|CHERP|CIB1|EGLN1|EXOC4|GNA15|GPR62|GRIA3|GRIK2|GRIK3|IAPP|ITPR2|KSR2|MAPK7|NCALD|NCS1|NRG1|PCP4|PPP1R9A|RAMP3|RCAN2|RCAN3|RIT2|SAMD14|TMBIM1|TMBIM4|TMEM100|MYOZ1|RGN|TOX3|MYOZ2|TREML1|SCO1|C3AR1|PDGFRA|PDGFRB|CCR6|DYRK2|CD24A|SPHK1|CD3E|GSK3B|IGF1|CD8A|ITPR3|PTBP1|MTOR|CX3CR1|CCR1|NCAM1|NFATC2|POMC|CXCR4|EFHB|HTT|TNFSF11|FCER1A|NEGR1|HOMER2|HOMER3|ITPR1|P2RY12|APP|BHLHA15|FPR2|BST1|IRGM1|CD22|HDAC4|ATP1B1|CCR10|CCR4|CCR8|CCR9|CCRL2|LAT|CXCR6|LAT2,https://www.gsea-msigdb.org/gsea/msigdb/mouse/geneset/GOBP_CALCIUM_MEDIATED_SIGNALING,205,ENR,GOBP_CALCIUM_MEDIATED_SIGNALING,-1.9549000000000001,3.8E-3,GOBP_CALCIUM_MEDIATED_SIGNALING,FALSE,GOBP_CALCIUM_MEDIATED_SIGNALING
,1.8728952016351901,-1.8728952016351901,1.8728952016351901,-0.98660000000000003,-0.14940000000000001,7.9799999999999996E-2,1,ZC3H4|ZMYND11|CDC73|ZMYND8|CDK12|CDK13|CDK9|RECQL5|SOX10|ZFP326|SIRT6|DAB2|SART3|IKZF1|MAP2K1|RNF168|RNF8|GLYR1|PBRM1|PCID2|EZH2|GTF2F1|GTF2F2|MED23|SHH|IWS1|MED10|LEO1|MED11|MED14|MED15|MED16|MED17|MED18|MED19|USP7|MED20|MED21|MED22|MED24|MED25|PARP1|MED26|HNRNPU|MED27|MED28|MED29|MED30|WDR43|MED31|MED4|MED6|MED7|MED8|NCBP1|BRD4|MED9|NCBP2|PAF1|POLR2I|PWWP2A|ERCC2|ENY2|MED1|GTF2H5|CTNNB1|ERCC3|ERCC6|POLR1D|POLR1E|POLR2E|UBTF|SCAF8|SETD2|CCNT1|ADRM1|AXIN1|CBX7|CCNK|CCNT2|CTR9|EAF1|EAF2|EAPP|ELL|ELL2|ELL3|ELOF1|ELP2|HEXIM1|LDB1|POLR2M|PWWP2B|RTF1|SETD5|TCEA1|TCEA2|TCEA3|USP15|WDR82,https://www.gsea-msigdb.org/gsea/msigdb/mouse/geneset/GOBP_DNA_TEMPLATED_TRANSCRIPTION_ELONGATION,100,ENR,GOBP_DNA_TEMPLATED_TRANSCRIPTION_ELONGATION,-1.8007,1.34E-2,GOBP_DNA_TEMPLATED_TRANSCRIPTION_ELONGATION,FALSE,GOBP_DNA_TEMPLATED_TRANSCRIPTION_ELONGATION
1,2.7212463990471698,-2.7212463990471698,2.7212463990471698,-1,-0.37109999999999999,2.9999999999999997E-4,1.4999999999999999E-2,CYB5R4|ACACB|ALDH1L1|ALDH1L2|PGD|ALDOB|PGLS|NUDT12|NUDT13|MTOR|NUDT17|FMO2|PRPS1|IDH1|PRPS2|IDH2|RBKS|DCXR|RPE|RPIA|MDH1|RPTOR|SHPK|ACO1|PCX|HNF1A|G6PDX|TALDO1|TKT|ME1|NMNAT2|H6PD|ME2|NADK|NAMPT|NCF1|HSD11B1|NCF2|GCK|MLST8|TRP53,https://www.gsea-msigdb.org/gsea/msigdb/mouse/geneset/GOBP_NADP_METABOLIC_PROCESS,41,ENR,GOBP_NADP_METABOLIC_PROCESS,-2.8578000000000001,0,GOBP_NADP_METABOLIC_PROCESS,FALSE,GOBP_NADP_METABOLIC_PROCESS
5,2.0861861476162802,-2.0861861476162802,2.0861861476162802,-0.99180000000000001,-0.17910000000000001,7.0000000000000007E-2,1,BCL2|NEDD4|NEDD4L|CACNA1F|OSR1|OXSR1|CALM1|PCSK9|TGFB1|CALM2|CALM3|CAMK2D|PKD2|PLN|CASQ2|PPP3CA|CAV3|MTOR|PPP3CB|PPP3CC|PPP3R1|PRKCE|AHR|PIK3C2A|COMMD1|PPIF|PTGER3|CRBN|REM1|RGS4|GSTM7|DRD4|DYSF|AKT1|ATP7A|FBXO11|FCRL5|UCP2|SESTD1|SLC30A1|FKBP1B|SLN|SRI|CAV1|STK39|GNB5|SUMO1|GOPC|GPR35|TGFB2|TLR9|TMBIM6|GRP|GSTO1|TRDN|UBQLN1|UBR3|KCNAB1|YWHAE|YWHAQ|ISCU|KCNE1|KCNE2|FMR1|KCNE3|KCNH2|VDAC1|ACTN2|AGRN|BIN1|ATP1A2|KCNQ1|KCNRG|ANK3|HAMP|HAMP2|KEL|MMP9,https://www.gsea-msigdb.org/gsea/msigdb/mouse/geneset/GOBP_NEGATIVE_REGULATION_OF_MONOATOMIC_ION_TRANSMEMBRANE_TRANSPORT,78,ENR,GOBP_NEGATIVE_REGULATION_OF_MONOATOMIC_ION_TRANSMEMBRANE_TRANSPORT,-1.8376999999999999,8.2000000000000007E-3,GOBP_NEGATIVE_REGULATION_OF_MONOATOMIC_ION_TRANSMEMBRANE_TRANSPORT,FALSE,GOBP_NEGATIVE_REGULATION_OF_MONOATOMIC_ION_TRANSMEMBRANE_TRANSPORT
6,2.7212463990471698,-2.7212463990471698,2.7212463990471698,-1,-0.1825,2.29E-2,0.98799999999999999,PLN|ADRA1A|GPD1L|RGS4|SRC|SLC1A1|RYR2|EDNRB|IRX5|SCN1B|KCNH6|SCN2B|MDM4|SCN3B|TNF|NOS1AP|SCN4B|NPFF|SCN5A|RNLS|SEMA3A|TAC1|TMEM161B|SLC8A1|CHRM3|MYH6|MYH7|SNTA1|SRI|CTNNA3|DSC2|NPPA|DSG2|DSP|FFAR3|ADM2|HCN4|APLN|GCH1|PTPN1|ADA|GJA5|HEY2|MYBPC3|JUP|KCND3|KCNE4|PDE4D|ADRA1B|ADRB1|SIRT1|TRPM4|AKAP9|ANK2|SREBF1|NMU|TPM1|CACNA1C|CACNA1D|CACNA2D1|CACNB2|CALM1|PKP2|CALM2|CALM3|CASQ2|CAV3|ADM|CACNA1G|AGT|MDM2|PIK3R1|CRHR2|DMD|TACR3|EDN3|EDNRA|ACE|FKBP1B|ISL1|KCNA5|AVPR1A|CAV1|EPAS1|HRC|POPDC2|SHOX2|KCNE1|KCNE2|KCNE3|KCNH2|BIN1|KCNJ2|KCNJ5|KCNJ8|OXT|KCNQ1|CACNA1E|EDN1|EDN2,https://www.gsea-msigdb.org/gsea/msigdb/mouse/geneset/GOBP_REGULATION_OF_HEART_RATE,100,ENR,GOBP_REGULATION_OF_HEART_RATE,-2.1471,0,GOBP_REGULATION_OF_HEART_RATE,FALSE,GOBP_REGULATION_OF_HEART_RATE
22,1.93930215964639,-1.93930215964639,1.93930215964639,-0.98850000000000005,-0.37959999999999999,8.0600000000000005E-2,1,TCP1|ACD|GNL3|CCT2|CCT3|CCT4|CCT5|WRAP53|CCT6A|CCT7|CCT8|PML|TERF1|DKC1|GNL3L,https://www.gsea-msigdb.org/gsea/msigdb/mouse/geneset/GOBP_REGULATION_OF_PROTEIN_LOCALIZATION_TO_CHROMOSOME_TELOMERIC_REGION,15,ENR,GOBP_REGULATION_OF_PROTEIN_LOCALIZATION_TO_CHROMOSOME_TELOMERIC_REGION,-1.7979000000000001,1.15E-2,GOBP_REGULATION_OF_PROTEIN_LOCALIZATION_TO_CHROMOSOME_TELOMERIC_REGION,FALSE,GOBP_REGULATION_OF_PROTEIN_LOCALIZATION_TO_CHROMOSOME_TELOMERIC_REGION
,1.98296666070122,-1.98296666070122,1.98296666070122,-0.98960000000000004,-0.25869999999999999,5.6800000000000003E-2,1,TWIST1|CACNA1C|OSR1|ALX4|ATRX|TFAP2A|CRABP2|EN1|FMN1|GDF5|SHH|HOXA11|HOXA9|HOXD10|HOXD9|IFT122|MECOM|MSX1|MSX2|NIPBL|OSR2|WNT3|RECK|RPGRIP1L|RUNX2|SHOX2|SALL1|ALDH1A2|SALL3|TRP63|WNT9A|LRP6|ZBTB16|TBX5|CTNNB1|VPS54|TBX3|RDH10|TFAP2B|ENPP1,https://www.gsea-msigdb.org/gsea/msigdb/mouse/geneset/GOBP_FORELIMB_MORPHOGENESIS,40,ENR,GOBP_FORELIMB_MORPHOGENESIS,-1.8938999999999999,1.04E-2,GOBP_FORELIMB_MORPHOGENESIS,FALSE,GOBP_FORELIMB_MORPHOGENESIS
9,2.6989700043360201,-2.6989700043360201,2.6989700043360201,-0.998,-0.13500000000000001,8.9999999999999993E-3,0.71899999999999997,PWP1|PWP2|RBFA|RBM34|RPL14|RCL1|REXO1|REXO4|RIOK1|RIOK2|RIOK3|RNASEL|RPL26|RPF1|RPL27|RPF2|RPL7L1|RPP25|RPP30|RPP38|RPL35|RPP40|RPL35A|RPUSD1|RPUSD2|RRP1|RRP15|RPL5|RRP1B|RRP36|RPL7|RRP7A|RPL7A|RRP8|RRP9|RRS1|SART1|RPS14|SBDS|RPS16|RPS24|RPS27|RPS28|SIRT7|SRFBP1|SUV39H1|TBL3|TRMT112|TRMT2B|TSR1|TSR2|IPPK|URB1|NUDT16|USP36|UTP14A|UTP14B|UTP15|UTP18|UTP20|UTP23|UTP3|UTP6|WBP11|WDR12|SMARCA4|WDR18|SMARCB1|WDR3|WDR36|WDR43|WDR46|WDR55|WDR74|WDR75|YBEY|ZCCHC4|ZNHIT3|ZNHIT6|RPL11|RPS15|RPS17|RPS19|RPS21|RPS25|RPS6|RPS7|RPS8|ANG|YTHDF2|MYC|ERN2|ABT1|BMS1|BOP1|BRIX1|BYSL|C1D|CDKN2A|CHD7|DCAF13|DDX10|DDX17|DDX18|DDX21|DDX27|DDX47|DDX49|DDX51|DDX52|DDX54|DDX56|DHX37|DICER1|DIMT1|DIS3|DKC1|DROSHA|EBNA1BP2|EIF4A3|EMG1|ERCC2|ERI1|ESF1|EXOSC1|EXOSC10|EXOSC2|EXOSC3|EXOSC4|EXOSC5|EXOSC6|EXOSC7|EXOSC8|EXOSC9|FBL|FCF1|FDXACB1|FRG1|FTSJ3|GAR1|MTOR|GTF2H5|GTPBP4|HEATR1|IMP3|IMP4|ISG20|KRI1|KRR1|DDX11|LAS1L|DEDD|DIS3L|NSUN3|ERCC3|NSUN4|ERCC6|LSM6|GTF3C1|PELO|POLR1D|POLR1E|LYAR|POLR2E|MAK16|RPUSD4|SLFN8|SLFN9|SPIN1|TAF1B|METTL15|TCOF1|METTL16|TOP1|UBTF|METTL5|TRP53|XRN1|MPHOSPH10|MPHOSPH6|MRM1|MRTO4|MYG1|NAF1|NAT10|NCL|NGDN|NHP2|POLR1A|POLR1B|NOB1|NOL10|NOL11|NOL6|TFB1M|NOL7|TFB2M|NOL8|NOL9|EIF6|NOP10|NOP14|NOP2|NPM1|NPM3|NSA2|NSUN5|NVL|PA2G4|PAK1IP1|PDCD11|PELP1|PES1|PIH1D1|PIH1D2|PIN4|POP4|POP5|POP7|PPAN|PRKDC|KAT2B,https://www.gsea-msigdb.org/gsea/msigdb/mouse/geneset/GOBP_RRNA_METABOLIC_PROCESS,222,ENR,GOBP_RRNA_METABOLIC_PROCESS,-2.3287,2E-3,GOBP_RRNA_METABOLIC_PROCESS,FALSE,GOBP_RRNA_METABOLIC_PROCESS
1,2.7212463990471698,-2.7212463990471698,2.7212463990471698,-1,-0.16,1.8E-3,0.156,CTNS|NCOR1|OGT|P2RX7|PFKFB1|PFKFB2|PFKFB3|DNM1L|PFKL|PFKP|PGAM1|PGAM2|ENPP3|PGK1|ENTPD1|PKLR|FAM3A|PPARA|PPP2CA|FIGNL1|PRKAA1|FIS1|PRKAA2|PRKAG1|PSEN1|RPTOR|SIK2|SIRT6|SLC2A6|SLC4A1|HNF1A|SLC4A4|HSPA1B|SRC|HSPA8|STAT3|TPI1|LETMD1|TRIM63|UCHL1|MAP2K1|UCP2|ZBTB20|ZBTB7A|MYH6|MYH7|NMNAT1|NT5E|NUDT2|OLA1|PARG|PARP1|PID1|BAD|SPHK2|TGFB1|TMSB4X|TREM2|TSPO|ACTN3|AK4|ARL2|ATP7A|BCL2L13|CBFA2T3|COL6A1|DNAJC30|MLXIPL|MTCH2|LDHC|MYC|LDHD|MYOG|NDUFA1|NDUFA10|NDUFA11|NDUFA12|NDUFA13|NDUFA2|NDUFA3|NDUFA5|NDUFA6|NDUFA7|NDUFA8|NDUFA9|NDUFAB1|NDUFB10|NDUFB11|NDUFB2|NDUFB3|NDUFB4|NDUFB5|NDUFB6|NDUFB7|NDUFB8|NUDT5|NDUFB9|NDUFC1|NDUFC2|NDUFS1|NDUFS2|NDUFS3|NDUFS4|NDUFS5|NDUFS6|NDUFS7|NDUFS8|NDUFV1|NDUFV2|NDUFV3|NUPR1|OGDH|SDHA|SDHB|SDHC|SDHD|STOML2|VCP|ABCC9|IFNG|IL4|JMJD8|MFSD8|PPARGC1A|PRKACA|SLC25A13|SLC25A25|TREX1|ADCY10|ENPP1|ESRRB|GCK|IGF1|INS1|INS2|INSR|KHK|MTOR|PFKM|PRKAG2|PRKAG3|SLC25A12|CFH|ADPGK|ALDOA|ALDOART1|ALDOART2|ALDOB|ALDOC|APP|ARNT|BPGM|DDIT4|DHTKD1|EIF6|ABCC6|ENO1|ENO2|ENO3|ENO4|EP300|FBP1|FKRP|FLCN|FOXK1|AK1|FOXK2|AK2|AK3|GALE|AK5|GALK1|GALT|GAPDH|GAPDHS|AMPD2|GIT1|AMPD3|GPD1|GPI1|HDAC4|ATP1A2|HIF1A|ATP1B1|HK1|HK2|ATP6V1A|HK3|ATP6V1B1|HKDC1|ATP6V1B2|BCL2L1|BEND3|IER3|CLPX|KAT2B|LIPA|MLST8|MLX|COX11|MPI,https://www.gsea-msigdb.org/gsea/msigdb/mouse/geneset/GOBP_ATP_METABOLIC_PROCESS,201,ENR,GOBP_ATP_METABOLIC_PROCESS,-2.5842000000000001,0,GOBP_ATP_METABOLIC_PROCESS,FALSE,GOBP_ATP_METABOLIC_PROCESS
6,2.7212463990471698,-2.7212463990471698,2.7212463990471698,-1,-0.1178,1.18E-2,0.82799999999999996,PGAM2|SHC1|3425401B19RIK|ACTA2|ADRA1A|ADRA2A|GPD1L|ADRA2B|ADRA2C|ANXA6|APBB1|APBB2|CACNA1H|ARHGAP42|ATP2A2|ATP8A2|EDNRB|BBS2|CACNA1S|KCNMA1|TRIM63|CALCA|CALCRL|MAP2K1|CALD1|CCDC78|CD38|SCNN1B|CHRM2|ABAT|CHRM3|MYH6|CHRNA1|MYH7|CHRNB1|CHRNB2|CHRNB4|CHRNE|ATP1A1|COMP|CTNNA3|CTTN|DBN1|DDIT3|HTR2B|DOCK4|SRSF1|DOCK5|DSC2|NPPA|DMPK|DSG2|DSP|FLT1|HCN4|GATA4|GDNF|GHRL|SMAD7|ADA|GJA5|GRCC10|GRIP2|NKX2-5|HSBP1|HTR1D|SCN4A|ITGA2|JUP|KCNA1|KCND2|KCND3|KCNE4|KIT|LCK|PDE4D|PDE5A|ACTN2|MAP2K3|ADRB2|AGRN|MET|ORMDL3|MKKS|ARG2|AKAP6|ATP2B4|MYH1|TRPM4|AKAP9|MYH4|MYL1|ANK2|MYL3|MYL4|MYL6|MYL6B|MYLK2|MYLPF|MYOCD|ATP2A1|NMU|NPNT|NPY1R|NR4A1|ZC3H12A|NUP155|OXTR|CACNA1C|P2RX2|CACNA1D|P2RX3|CACNA2D1|CACNB1|PDE4B|CACNB2|TPCN2|CACNG1|CALM1|PKP2|CALM2|PPP1R13L|CALM3|PRKCA|CAMK2D|PROK2|PTGER4|CASQ1|CASQ2|RCSD1|CAV3|ROCK2|RYR1|RYR3|SETD3|AGT|SGCD|SMAD5|SMPD3|SMTN|SOD1|DLG1|STUB1|DMD|SULF1|SULF2|SYNM|ACTN3|TACR1|TACR3|EDN3|EDNRA|TBX2|EHD3|TBX20|F2R|TBX3|TBXA2R|TIFAB|FGF13|TNNC1|TNNC2|TNNI1|ACE2|FKBP1A|TNNI2|ADORA1|FKBP1B|TNNI3|FLNA|TPM2|FXYD1|TPM3|TPM4|TSHZ3|PRKG1|PTAFR|UTY|ATP1A3|VEGFB|CAV1|ZDHHC21|HOMER1|JSRP1|TMEM38B|KCNE1|KCNE2|KCNE3|KCNH2|KCNIP1|KCNIP2|MAP2K6|KCNJ2|KCNJ5|KCNJ8|KCNN2|OXT|KCNQ1|EDN1|MYH14|EDN2|NEDD4L|RGS2|RPS6KB1|P2RX1|P2RX4|NDUFS6|PLN|PRKD1|PLA2G6|PSEN2|PTGER3|RAP1GDS1|RHOA|RANGRF|REM1|RNF207|RYR2|SCN1B|SCN2B|SCN3B|TNF|SCN4B|TRPV4|SCN5A|SLC8A1|SLC9A1|ABCC9|SNTA1|SRI|STAC|STAC2|STAC3|SUMO1|ACTC1|TMEM38A|CSRP3|PIK3CA|LMOD1|LMOD2|LMOD3|MYBPC1|MYBPC2|MYBPC3|MYH11|MYL2|VPS54|MYOM1|MYOM2|PTGS1|ADCY10|PTGS2|ADRA1B|ADRB1|SRF|GAA|TCAP|TMOD1|SPHK1|TMOD2|TMOD3|TMOD4|TNNT1|TNNT2|TNNT3|TPM1|TTN|MTOR|ATP2B1|CACNA1G|HSP90AA1|CXCR4|HTR7|KCNA5|CHGA|MYLK|PAWR|ALDOA|STC1|ENO1|GSN|FKRP|ADORA2B|BIN1|HDAC4|ATP1A2|ATP1B1,https://www.gsea-msigdb.org/gsea/msigdb/mouse/geneset/GOBP_MUSCLE_CONTRACTION,287,ENR,GOBP_MUSCLE_CONTRACTION,-2.2786,0,GOBP_MUSCLE_CONTRACTION,FALSE,GOBP_MUSCLE_CONTRACTION
17,1.73282827159699,-1.73282827159699,1.73282827159699,-0.98150000000000004,-0.32890000000000003,8.3500000000000005E-2,1,SLC4A4|NPPA|AGRN|ATP1A2|SLC8A1|ATP1B1|SLC9A1|FXYD1|FXYD2|FXYD3|FXYD4|FXYD5|FXYD6|ATP12A|FXYD7|ATP1A1|ATP1A3|ATP1B2|ATP1B3|ATP4A,https://www.gsea-msigdb.org/gsea/msigdb/mouse/geneset/GOBP_SODIUM_ION_EXPORT_ACROSS_PLASMA_MEMBRANE,20,ENR,GOBP_SODIUM_ION_EXPORT_ACROSS_PLASMA_MEMBRANE,-1.7898000000000001,1.8499999999999999E-2,GOBP_SODIUM_ION_EXPORT_ACROSS_PLASMA_MEMBRANE,FALSE,GOBP_SODIUM_ION_EXPORT_ACROSS_PLASMA_MEMBRANE
2,2.10237290870956,-2.10237290870956,2.10237290870956,-0.99209999999999998,-0.1016,5.6000000000000001E-2,1,DHPS|DLG5|EFNB1|ERBB2|ENPP3|FGF10|NCKAP1L|FLT3L|NDFIP1|GLMN|GNRH1|GPNMB|H2-AA|H2-DMB2|TIRAP|TLR4|AIF1|CNN2|PDCD1LG2|CSF1|PKN1|SLC4A1|IGFBP2|IHH|IKZF3|IL15|PRKCQ|IL21|IL2RA|IL5|PYCARD|IL7|MAPK1|ITCH|ITGAL|RC3H1|CD38|KITL|LAPTM5|LMO1|LRRC32|RIPK2|CHRNB2|GREM1|LST1|RIPK3|MAD1L1|MAPK8IP1|IL34|MPL|NCK2|SASH3|NR5A2|SIGLECG|PELI1|SLAMF1|PRLR|RAC2|RASAL3|SLFN1|RASSF5|ADA|SPN|STAT6|SCGB1A1|SCRIB|SDC4|SFTPD|TARM1|MYD88|SH3RF1|TFRC|SLC39A10|SYK|TNFRSF13B|TNFRSF13C|KIT|TNFRSF14|TNFRSF1B|TNFSF13|PDE5A|TNFSF13B|TNFSF18|TNFSF4|NCK1|SOS1|TRAF6|ARG1|SOS2|ARG2|SOX11|STAT5A|TYK2|TCF3|TGFBR2|TICAM1|VTCN1|TNFRSF4|TNFRSF9|ZAP70|TNFSF9|ZBTB7B|BCL2|CSF2|TSC2|BMP4|CSF2RA|TSPAN32|TWSG1|TYROBP|VAV3|VCAM1|TGFB1|WNT3A|OCSTAMP|PHF7|ZC3H12D|RPS3|PTK2|ZFP335|ST6GAL1|CD4|ZNHIT1|AHR|CORO1A|BMI1|STAT5B|DLG1|TACR1|BID|ANXA1|CCL12|CCL19|GAL|CCL5|CD74|CEACAM1|CCR2|CCR7|CD37|CD46|CD55|CD59A|CD59B|DNAJA3|CD81|IL13|CRP|IL1A|IDO1|IL4I1|FCGR2B|NF1|FOXJ1|NMB|GPR183|H2-T23|PLA2G2D|IL1B|LYN|LGALS3|MEF2C|PPP3CA|PNP|PRNP|GPAM|PTPN6|PTEN|PTPN22|PTPRC|GSTP1|HHEX|TAC1|TNFRSF21|VSIG4|MIF|XCL1|IFNG|ATM|IL4|TLR9|CDKN2A|SHH|PLA2G2F|PLA2G5|CASP3|AGER|ATAD5|BCL6|BTK|BTLA|PRKAR1A|CD1D1|CD1D2|CD24A|CD274|SLC4A2|CD28|CD3E|CD40|CD40LG|CD44|GSK3B|HMGB1|IGF1|IGF2|CD80|IL6ST|CD86|SLC7A1|IRS2|CLEC4G|CRTAM|CSF2RB|CSF2RB2|CTLA4|MAPK3|CD300A|NFATC2|CTNNB1|EPHB2|FADD|HES1|FOXP3|CD209D|CEBPB|H2-DMB1|H2-M3|PAWR|HAVCR2|ICOSL|IL12A|IL12B|IL12RB1|IL18|IL2|IL20RB|IL23A|IL27|ADK|IL33|BLM|IL10|IL6|BST1|IRGM1|BTNL2|INPP5D|CARD11|IRF1|CBLB|CCDC88B|CD209A|CD209C|JAK2|CD209E|JAK3|CD22|CD276|CD320|CD6|CDKN1A|BCL2L1|CLEC2I|CSF1R|LGALS9,https://www.gsea-msigdb.org/gsea/msigdb/mouse/geneset/GOBP_REGULATION_OF_LEUKOCYTE_PROLIFERATION,266,ENR,GOBP_REGULATION_OF_LEUKOCYTE_PROLIFERATION,-1.9052,7.9000000000000008E-3,GOBP_REGULATION_OF_LEUKOCYTE_PROLIFERATION,FALSE,GOBP_REGULATION_OF_LEUKOCYTE_PROLIFERATION
,1.99139982823808,-1.99139982823808,1.99139982823808,-0.98980000000000001,-0.29099999999999998,6.4399999999999999E-2,1,IFNG|MCOLN1|STEAP2|MCOLN2|SLC25A28|SLC39A8|SLC25A37|HEPH|SLC11A1|MMGT1|SCARA5|STEAP1|FXN|STEAP3|STEAP4|ISCU|TFRC|ABCB6|ABCB7|SLC40A1|ATP7A|ABCC5|SLC39A14|HIF1A|SLC11A2|SLC48A1|HAMP|HAMP2|LCN2,https://www.gsea-msigdb.org/gsea/msigdb/mouse/geneset/GOBP_IRON_ION_TRANSMEMBRANE_TRANSPORT,29,ENR,GOBP_IRON_ION_TRANSMEMBRANE_TRANSPORT,-1.8592,1.0200000000000001E-2,GOBP_IRON_ION_TRANSMEMBRANE_TRANSPORT,FALSE,GOBP_IRON_ION_TRANSMEMBRANE_TRANSPORT
38,2.2218487496163601,-2.2218487496163601,2.2218487496163601,-0.99399999999999999,-0.20100000000000001,4.3299999999999998E-2,1,CYB5R4|DHFR|TYROBP|DUOX1|ELAVL1|NOXO1|SH3PXD2A|TGFB1|SH3PXD2B|PRG3|SHC1|MT3|PARK7|CD177|PON3|AGT|GNAI3|SOD1|CYBA|NFE2L2|GSTP1|NQO1|SLC1A1|PRKCD|ABCC1|AKT1|GNAI2|ATP7A|ACP5|APOA4|NOX4|NCF1|NCF2|ITGB2|ITGB2L|SOD3|CD36|IMMP2L|PRDX2|RAC2|CLEC7A|CXCL1|GCH1|APP|F2RL1|CYGB|FPR2|NAGLU|IL18|CRP|SOD2|SYK|CCS|FANCC|ITGAM|FBLN5|AGTR1A|MAPT|MB|MPO|CYBB|PRDX1|HVCN1|EGFR|NOS2|CBS|NCF4|NOS3|NOXA1|EDN1,https://www.gsea-msigdb.org/gsea/msigdb/mouse/geneset/GOBP_SUPEROXIDE_METABOLIC_PROCESS,70,ENR,GOBP_SUPEROXIDE_METABOLIC_PROCESS,-1.9765999999999999,6.0000000000000001E-3,GOBP_SUPEROXIDE_METABOLIC_PROCESS,FALSE,GOBP_SUPEROXIDE_METABOLIC_PROCESS
2,2.10237290870956,-2.10237290870956,2.10237290870956,-0.99209999999999998,-0.35970000000000002,5.6099999999999997E-2,1,STK11|TOX|DOCK2|NFATC3|PTPN2|SHH|FOXN1|CD1D1|H2-DMA|ITPKB|SRF|CD3D|CD3E|PTPRC|CD3G|ZAP70|CD74|SKINT1,https://www.gsea-msigdb.org/gsea/msigdb/mouse/geneset/GOBP_POSITIVE_THYMIC_T_CELL_SELECTION,18,ENR,GOBP_POSITIVE_THYMIC_T_CELL_SELECTION,-1.8983000000000001,7.9000000000000008E-3,GOBP_POSITIVE_THYMIC_T_CELL_SELECTION,FALSE,GOBP_POSITIVE_THYMIC_T_CELL_SELECTION
24,2.7212463990471698,-2.7212463990471698,2.7212463990471698,-1,-0.13350000000000001,6.9999999999999999E-4,5.0999999999999997E-2,PKLR|PRKAA1|PRKAA2|PRKAG1|ALDH1A2|ALDH1A3|SLC27A5|HNF1A|LDHB|RDH10|RDH1|MTHFD1|AASDHPPT|MTHFD2L|ABAT|RDH16|ABCD2|ABCD3|RDH9|ABHD1|ABHD2|ABHD3|GNE|ACAA1A|CARNS1|ACAA1B|ACADL|ACADVL|ACMSD|ACOT7|ACOT8|ACOX2|ACSF3|AGXT|AGXT2|AKR1A1|AKR1C18|AKR1D1|ALDH1A1|SYK|NANP|NANS|ALDH8A1|ATP2B4|BCAT1|BCAT2|ACACA|CBS|ACLY|CDO1|CES1D|CES1F|SLC1A3|CSAD|ACSBG1|CYP1A1|ACSL1|ACSL3|ACSL4|CYP27A1|ACSM1|CYP39A1|ACSM2|ACSM3|DHRS9|ACSM5|ACSS1|ACSS2|CYP7A1|AGT|ALOX5|STAR|DECR2|ABCD1|DPYD|ALOX12|ALOX12B|ABCC1|ALOX15|ALOX5AP|APOC3|ALOX8|ALOXE3|AMACR|EHHADH|ANXA1|APOA4|APOA5|APOC1|APOC2|GAD1|GAD2|ASAH2|AVP|AVPR1A|BAAT|BRCA1|CBR4|CD74|CEACAM1|CEACAM2|GLS|CES1B|GLS2|CES1C|CES1E|CES1G|GOT1|GOT2|GSTO1|HAAO|CTHRC1|HAO1|HOGA1|HSD17B10|HSD17B4|UGDH|MLXIPL|IDO1|ILVBL|KMO|KYNU|LDHC|CYP4A10|CYP4A12A|CYP4A12B|CYP4A14|CYP4A31|CYP4A32|MLYCD|MTRR|NDUFAB1|DAGLB|DCAF5|DEGS1|IL1B|EDN1|EDN2|RBP1|ELOVL1|ELOVL2|ELOVL3|ELOVL4|OAT|ELOVL5|ELOVL6|OTC|ELOVL7|PAH|ERLIN1|ERLIN2|FA2H|FABP5|FADS1|FADS2|FADS3|FADS6|PARK7|FASN|FMO1|PLA2G1B|GGT5|GSTM1|GSTM2|GSTM3|SHMT2|GSTM4|GSTM6|GSTM7|REG3G|SCP2|GSTP1|SDS|GSTP2|HNF4A|SHMT1|HPGDS|TMEM135|HSD17B12|INSIG1|INSIG2|SLC27A2|KLHL25|LIAS|LIPC|LIPG|LPGAT1|LPL|LTC4S|MAPK9|MECR|MGLL|MGST3|MID1IP1|MIF|MYO5A|THA1|THNSL2|NR1H2|NR1H3|UPB1|OXSM|PDK4|PECR|PIBF1|PLA2G10|PLA2G3|PLA2G4A|PLA2G4F|PLA2G5|PLP1|PNLIP|PNLIPRP1|PNLIPRP2|PNPLA8|PRKAB1|PRKAB2|PTGDS|PTGES|PTGES2|PTGIS|PTGS1|PTGS2|RGN|SCAP|SCD1|SCD2|SCD3|SCD4|SCO1|SIRT1|SIRT2|PROX1|SLC45A3|SPHK1|SREBF1|TBXAS1|TECR|TECRL|TRIB3|CYP7B1|UBR4|CYP8B1|ERRFI1|WDTC1|ADI1|FGFR4|FMO3|ALDH18A1|GATM|GULO|APIP|LTA4H|ASL|MGST2|ASNS|MTHFD2|ASNSD1|PRG3|LDHA|PRMT3|STARD4|ASS1|UGT1A6A|UROS|NR1D1|BHMT|GLUL|BHMT2|CLN3|PER2|CTH|ENOPH1|GAMT|GGT1|HTT|FCER1A|MRI1|MTAP|MTHFR|MTR|NAGS|PRKAG2|PRKAG3|PTGES3|PCBD1|SLC25A12|MCAT|PCBD2|PHGDH|PLOD2|PLOD3|UGP2|PSAT1|PSPH|PYCR1|AASS|PYCR2|ACACB|SEPHS1|SEPHS2|ACOX1|SLC38A1|SRR|EIF6|BCL10|BIN1|E2F1|EXTL3|MTHFD1L|RAC1|XIAP|CAD|KAT2B,https://www.gsea-msigdb.org/gsea/msigdb/mouse/geneset/GOBP_ORGANIC_ACID_BIOSYNTHETIC_PROCESS,314,ENR,GOBP_ORGANIC_ACID_BIOSYNTHETIC_PROCESS,-2.7147000000000001,0,GOBP_ORGANIC_ACID_BIOSYNTHETIC_PROCESS,FALSE,GOBP_ORGANIC_ACID_BIOSYNTHETIC_PROCESS
8,2.7212463990471698,-2.7212463990471698,2.7212463990471698,-1,-0.1119,8.8999999999999999E-3,0.71299999999999997,APOA1|APOA2|CYP2R1|CYP3A11|CYP3A44|FMO5|POR|PRKAA1|PRKAA2|SULT1A1|UGT2B1|BMP2|SLC27A5|BMP5|DGKQ|BMP6|CACNA1H|HNF1A|CLCN2|CYP11A1|DAB2|DHRS4|DKK3|EDNRB|KCNMA1|HSD11B2|MAPK1|FDPS|RDH1|SCNN1B|RDH16|WNT4|ABCB11|RDH5|RDH7|ABCD3|RDH9|SDR9C7|ACAA1A|ATP1A1|RORC|ACAA1B|HMGCS1|NR5A2|ACADL|IDI1|IDI2|ACADVL|ACOX2|LCAT|LPCAT3|AKR1C18|AKR1D1|KIT|MVD|MVK|TNFSF4|APOE|PDE8B|STAT5A|RORA|CES1D|NPY1R|CES1F|CUBN|CYP1A1|SULT2B1|CYP24A1|AFP|BGLAP|CYP27A1|BGLAP2|CYP27B1|CREB1|CYP39A1|TSPO|CYP17A1|CYP46A1|DHRS9|DKKL1|EGR1|GGCX|CYP7A1|HSD17B1|ADM|CFTR|HSD3B4|INHBA|SRD5A1|STAR|AKR1C12|STARD3|AKR1C13|STAT5B|AKR1C14|AKR1C19|SOD1|AKR1C20|AKR1C21|AKR1C6|STUB1|AKR1CL|ABCC1|APOC3|AMACR|ANGPTL3|CAT|APOA4|DHCR24|APOA5|APOC1|PMVK|AQP8|ASAH1|PRKG1|BAAT|CEBPA|ATP8B1|GAL|CES1B|CES1C|CES1E|CES1G|CLN8|FABP6|CYP1B1|CYP2B10|CYP2B13|CYP2B19|CYP2B9|IL1A|HSD17B10|HSD17B4|HSD17B6|HSD3B7|LRP2|CYP2D22|SPP1|CYP2E1|MTTP|LIPE|LRP5|NR3C1|ABCA1|DGAT2|EPHX2|ERLIN1|ERLIN2|PCSK9|PANK2|PON1|SCARB1|SCP2|HSD17B12|TNF|INSIG1|INSIG2|SLC27A2|LIPC|SULT1E1|SULT2A1|SULT2A2|SULT2A3|SULT2A5|SULT2A6|SULT2A7|CYP1A2|NFE2L1|IFNG|IL4|SHH|ABCA5|ABCG1|ABCG4|ACBD3|APLP2|APOB|APOBR|APOF|APON|ARMC5|PPARGC1A|YWHAH|ARV1|BDH1|BMPR1B|PRKACA|CH25H|CHST10|CLN6|DDX20|CYB5R1|CYB5R2|CYB5R3|CYP3A13|CYP3A25|CYP3A59|CYP51|DHCR7|DHH|DHRS11|SCAP|EBP|EBPL|ESR1|FDFT1|FDXR|FGF1|PDGFRA|SGPL1|FGFR1|SIRT1|GBA2|COMT|GC|GFI1|PROX1|ENPP1|GH|GNAI1|GNB3|GPR146|HDLBP|HINT2|HMGCR|SREBF1|HRH1|HSD17B11|TECR|HSD17B14|HSD17B2|HSD17B7|IGF1R|FOXA2|IGFBP7|LBR|LDLR|LDLRAP1|CYP7B1|IGF1|LIMA1|CYP8B1|IGF2|LIPO1|ERRFI1|LMF1|FGFR4|LRP1|LSS|MBTPS1|MBTPS2|MED1|NPC2|NSDHL|PAQR3|PBX1|LEPR|PCTP|STARD4|PLEKHA1|PMP22|SAA1|NR1D1|SC5D|SDR42E1|SEC14L2|SERPINA12|SERPINA6|SLCO1A6|SNAI1|SNAI2|SOAT1|SOAT2|SQLE|SREBF2|SULT4A1|THRB|TIPARP|TM7SF2|TSKU|NPC1|TTC39B|UGT1A7C|UGT2B35|UGT2B36|MECP2|UGT2B37|UGT2B38|UGT2B5|VLDLR|REST|HSD3B2|FGL1|HSD3B3|HSD3B6|NR1H4|SLC37A4|SF1|SMPD1|APP|FDX1|ADORA2B|G6PDX|FECH|H6PD|NFKB1|UGT1A1|ABCA2|HMGCS2|HSD11B1|LIPA|CBR1,https://www.gsea-msigdb.org/gsea/msigdb/mouse/geneset/GOBP_STEROID_METABOLIC_PROCESS,312,ENR,GOBP_STEROID_METABOLIC_PROCESS,-2.3311000000000002,0,GOBP_STEROID_METABOLIC_PROCESS,FALSE,GOBP_STEROID_METABOLIC_PROCESS
1,2.7212463990471698,-2.7212463990471698,2.7212463990471698,-1,-0.1283,1.5E-3,0.11899999999999999,CTNS|NCOR1|CTPS2|OGT|DCK|P2RX7|PFKFB1|PFKFB2|DHODH|PFKFB3|DNM1L|PFKL|DPYS|PFKP|PGAM1|PGAM2|ENPP3|PGK1|ENTPD1|ENTPD5|PKLR|EPHA2|FAM3A|PPARA|PPP2CA|FIGNL1|PRKAA1|FIS1|PRKAA2|PRKAG1|PRPS1|GART|PRPS2|GIMAP7|PSEN1|GMPR|GMPR2|GMPS|GNAI3|RPTOR|SIK2|GUCY2C|SIRT6|GUCY2G|GUK1|SLC2A6|HINT1|SLC4A1|HNF1A|SLC4A4|HSPA1B|SRC|HSPA8|STAT3|IMPDH1|IMPDH2|ITPA|TPI1|LETMD1|TRIM63|LRRK2|UCHL1|MAP2K1|UCP2|ZBTB20|MFN1|ZBTB7A|MTHFD1|MYH6|MYH7|NME1|NME2|NME3|NME4|NME5|NME6|NME7|NMNAT1|NPPA|NPPB|NPPC|NPR1|NPR2|NT5C|NT5C2|NT5C3|NT5E|NUDT10|NUDT11|ADA|NUDT18|NUDT2|NUDT4|NUDT9|OLA1|OPA1|PAICS|PAPSS1|PAPSS2|PARG|GTPBP1|PARP1|PDE10A|PDE1A|PDE4A|PDE4C|PDE4D|PDE5A|PDE7A|PDE7B|PDE8A|PDE8B|PDE9A|PFAS|PID1|PRPS1L1|PRPS1L3|BAD|PRPSAP1|PRPSAP2|RAB23|RAN|RFK|RHOQ|RNASEH2B|RORA|CDA|SLC29A1|SPHK2|SULT2B1|TGFB1|TMSB4X|TREM2|TSPO|UCK1|UCK2|UCKL1|UMPS|UPRT|DPYD|ACTN3|ADSL|AK4|ARL2|ATP7A|BCL2L13|ENTPD4|ENTPD7|CBFA2T3|COL6A1|GDA|DNAJC30|MLXIPL|MTCH2|LDHC|MYC|LDHD|MYOG|NDUFA1|NDUFA10|NDUFA11|NDUFA12|NDUFA13|NDUFA2|NDUFA3|NDUFA5|NDUFA6|NDUFA7|NDUFA8|NDUFA9|NDUFAB1|NDUFB10|NDUFB11|NDUFB2|NDUFB3|NDUFB4|NDUFB5|NDUFB6|NDUFB7|NUDT3|NDUFB8|NUDT5|NDUFB9|NDUFC1|NDUFC2|NDUFS1|NDUFS2|NDUFS3|NDUFS4|NDUFS5|NDUFS6|NDUFS7|NDUFS8|NDUFV1|NDUFV2|NDUFV3|NUPR1|OGDH|PNP|PDE2A|PPAT|RHOA|SDHA|SDHB|SDHC|SDHD|STOML2|SULT1B1|SULT1E1|SULT2A1|VCP|ABCC9|SULT2A2|SULT2A3|SULT2A5|SULT2A6|SULT2A7|IFNG|UOX|UPB1|IL4|UPP1|UPP2|JMJD8|XDH|MFSD8|PPARGC1A|PRKACA|SLC25A13|SLC25A25|TREX1|ADCY10|ENPP1|ESRRB|GCK|IGF1|INS1|INS2|INSR|KHK|MTOR|PFKM|PRKAG2|PRKAG3|PYGL|SLC25A12|CFH|ADPGK|ALDOA|ALDOART1|ALDOART2|ALDOB|ALDOC|APP|ARNT|BPGM|DDIT4|DHTKD1|EIF6|ABCC6|ENO1|ADCY1|ENO2|ADCY2|ENO3|ADCY3|ENO4|ADCY4|ADCY5|EP300|ADCY6|FBP1|ADCY7|ADCY9|FKRP|ADK|FLCN|FOXK1|AK1|FOXK2|AK2|G6PDX|AK3|GALE|AK5|GALK1|GALT|GAPDH|AMPD1|GAPDHS|AMPD2|GIT1|AMPD3|GPD1|APRT|GPI1|ATIC|HDAC4|ATP1A2|HIF1A|ATP1B1|HK1|ATP2B2|HK2|ATP6V1A|HK3|ATP6V1B1|HKDC1|ATP6V1B2|BCL2L1|BEND3|CACNB4|NUDT14|CAD|IER3|CLPX|KAT2B|CMPK1|LIPA|MLST8|MLX|COX11|MPI,https://www.gsea-msigdb.org/gsea/msigdb/mouse/geneset/GOBP_RIBOSE_PHOSPHATE_METABOLIC_PROCESS,323,ENR,GOBP_RIBOSE_PHOSPHATE_METABOLIC_PROCESS,-2.6223000000000001,0,GOBP_RIBOSE_PHOSPHATE_METABOLIC_PROCESS,FALSE,GOBP_RIBOSE_PHOSPHATE_METABOLIC_PROCESS
17,2.7212463990471698,-2.7212463990471698,2.7212463990471698,-1,-0.1656,4.0000000000000002E-4,2.8000000000000001E-2,P2RX7|MCOLN1|SLC9A9|GPD1L|SLC4A4|EDNRB|AKT2|SCNN1B|AKT3|ATP12A|ATP1A1|CATSPER3|CATSPER4|CNGA1|CNGA4|CNNM4|CNTN1|COMMD3|COMMD9|CPOX|NPPA|DMPK|DOT1L|GM5134|GUCA2B|HCN2|HCN3|HCN4|KCNK3|CXCL1|KLHL3|MAGED2|MCOLN3|MLLT3|MLLT6|NALCN|NKAIN1|NKAIN2|NKAIN4|NKX2-5|PER1|PRSS30|SCN3A|SCN4A|SCN7A|SCN8A|SCN9A|SCNN1A|SCNN1G|SERPINE2|SGK1|SIK1|SLC12A1|SLC12A3|SLC13A1|SLC20A1|SLC20A2|SLC22A4|SLC22A5|ADRB2|SLC24A1|SLC24A2|AGRN|SLC24A3|SLC24A5|SLC28A3|SLC34A1|ATP2B4|SLC34A2|SLC34A3|TRPM4|SLC38A11|SLC41A1|SLC41A3|ANK3|SLC5A1|ANO6|SLC5A10|SLC5A11|ARF1|SLC5A2|SLC5A3|SLC5A5|ATP1B2|SLC5A7|ATP1B3|SLC5A9|SLC6A18|ATP4A|SLC6A19|SLC6A2|SLC6A4|SLC8A2|SLC9A2|SLC9A3|SLC9A4|SLC4A7|SLC9A5|SLC9A7|SLC9A8|TPCN1|TPCN2|TRPM2|TGFB1|TRPM5|CAMK2D|CAV3|CFTR|SLC38A2|CNKSR3|COMMD1|BPIFA1|DMD|UMOD|DRD4|AKT1|EDNRA|FGF12|FGF13|FGF14|FXYD1|FXYD2|FXYD3|FXYD4|FXYD5|FXYD6|FXYD7|ATP1A3|GRIN1|GRP|IKBKB|KCNK1|KCNE3|KCNJ1|AHCYL1|KCNQ1|NOS3|EDN1|NEDD4|NEDD4L|OSR1|OXSR1|P2RX4|SLC10A1|PCSK9|SLC10A2|SLC10A4|PKD2|SLC10A5|SLC10A6|SLC10A7|SLC12A2|SLC13A2|SLC13A3|PON3|PRSS8|SLC17A1|PTPN3|SLC17A2|RANGRF|SLC17A4|SLC17A7|SLC17A8|SCN1B|SCN2B|SCN3B|SCN4B|SCN5A|SLC8A1|SLC9A1|SLC9A6|SLMAP|SNTA1|SLC23A1|SLC23A2|STK39|TESC|TMEM168|WNK1|WNK2|WNK4|YWHAH|SLC38A3|SLC38A4|SLC38A5|SLC38A7|SLC4A10|PLCB1|SLC4A11|SLC4A5|GNAS|SLC4A8|SLC4A9|SLC5A12|SLC5A6|SLC5A8|SLC6A12|SLC6A13|SLC6A14|SLC6A15|SLC6A17|SLC6A20B|SLC6A6|SLC6A7|SLC6A8|SLC6A9|SLC38A1|IL6|ATP1A2|ATP1B1|ATP6V1B1,https://www.gsea-msigdb.org/gsea/msigdb/mouse/geneset/GOBP_SODIUM_ION_TRANSPORT,211,ENR,GOBP_SODIUM_ION_TRANSPORT,-2.7976000000000001,0,GOBP_SODIUM_ION_TRANSPORT,FALSE,GOBP_SODIUM_ION_TRANSPORT
1,2.7212463990471698,-2.7212463990471698,2.7212463990471698,-1,-0.26939999999999997,0,0,1700066M21RIK|ABCD1|ACO1|ACO2|ACTN3|ADSL|AK4|AKT1|APOC3|ARL2|ATP7A|BCL2L13|BDNF|BID|BLOC1S1|CAT|CBFA2T3|CCNB1|CDK1|CHCHD10|CHCHD2|COL6A1|COQ7|COQ9|COX10|COX4I1|COX4I2|COX5A|COX5B|COX6A1|COX6A2|COX6B1|COX6B2|COX6C|COX7A1|COX7A2|COX7A2L|COX7B|COX7C|COX8A|COX8B|CS|CSL|CYC1|CYCS|DGUOK|DLAT|DLD|DLST|DNAJC15|DNAJC30|FH1|FXN|IDE|IDH1|IDH2|IDH3A|IDH3B|IDH3G|ISCU|MDH1|MDH2|MFN2|MLXIPL|MRPS36|MSH2|MTCH2|MTFR1|MUP1|MUP2|MUP3|MUP5|MYC|MYOG|NDP|NDUFA1|NDUFA10|NDUFA11|NDUFA12|NDUFA13|NDUFA2|NDUFA3|NDUFA5|NDUFA6|NDUFA7|NDUFA8|NDUFA9|NDUFAB1|NDUFAF1|NDUFB10|NDUFB11|NDUFB2|NDUFB3|NDUFB4|NDUFB5|NDUFB6|NDUFB7|NDUFB8|NDUFB9|NDUFC1|NDUFC2|NDUFS1|NDUFS2|NDUFS3|NDUFS4|NDUFS5|NDUFS6|NDUFS7|NDUFS8|NDUFV1|NDUFV2|NDUFV3|NUPR1|OGDH|OXA1L|PANK2|PARK7|PDE2A|PDHA1|PDHB|PINK1|PPIF|RHOA|SDHA|SDHAF2|SDHB|SDHC|SDHD|SHMT2|SIRT3|SLC25A23|SLC25A33|SNCA|STOML2|SUCLA2|SUCLG1|SUCLG2|TMEM135|TNF|TRPV4|UQCR10|UQCR11|UQCRB|UQCRC1|UQCRC2|UQCRFS1|UQCRH|UQCRQ|VCP|ABCC9|AIFM1|AIFM2|BAX|CHCHD4|CHCHD5|CISD1|COQ10B|CYP1A2|ETFA|ETFB|ETFDH|IFNAR1|IFNG|IL10RB|IL4|IMMP2L|JMJD8|LYRM7|MFSD8|MYBBP1A|NFATC3|NFATC4|NR4A3|OAS1A|OAS1B|OAS1C|OAS1E|OAS1F|OAS1G|OPN3|PIK3CA|PLEC|PM20D1|PNPT1|PPARGC1A|PRDM16|PRELID1|PRKACA|PUM2|SCO2|SLC25A13|SLC25A25|SOD2|TRAP1|TREX1|VPS54,https://www.gsea-msigdb.org/gsea/msigdb/mouse/geneset/GOBP_CELLULAR_RESPIRATION,196,ENR,GOBP_CELLULAR_RESPIRATION,-4.3585000000000003,0,GOBP_CELLULAR_RESPIRATION,FALSE,GOBP_CELLULAR_RESPIRATION
2,2.7212463990471698,-2.7212463990471698,2.7212463990471698,-1,-9.6000000000000002E-2,5.3E-3,0.46500000000000002,LYST|MAD2L2|MALT1|MILL1|MLH1|NCKAP1L|NDFIP1|NFKBID|NFKBIZ|NLRP3|PAG1|PARP3|PAXIP1|PDCD1|AIF1|PDCD1LG2|PKN1|PMS2|PRDM1|PRKCQ|PRKCZ|PYCARD|RAG1|RC3H1|CD38|RC3H2|RIF1|RIPK2|CHRNB2|RIPK3|RORC|SAMSN1|SASH3|SIGLECG|SIT1|SLAMF1|SLAMF7|SLC15A4|SLFN1|SMAD7|SOCS5|SPN|ITPKB|STAT6|TARM1|OPA1|TBX21|TFRC|TNFAIP3|TNFRSF13B|TNFRSF13C|TNFRSF14|TNFRSF1B|LCK|TNFSF13|METTL3|PDE5A|TNFSF13B|TNFSF18|TNFSF4|NCK1|TRAF6|TRP53BP1|TYK2|ULBP1|VTCN1|YWHAG|ZAP70|ZBTB1|ZBTB7B|ZC3H12A|TGFB1|ILDR2|RPS3|KAT2A|B2M|BMI1|TACR1|BID|ADORA2A|CCL19|CCL2|CCL20|CCL5|CCR2|CCR7|CD37|CD46|CD47|CD55|CD59A|CD59B|CD81|FBXO7|CTSG|IL1A|MSH2|FCGR2B|FOXJ1|GATA3|GIMAP3|GIMAP5|GPR183|H2-DMA|H2-T23|PLA2G2D|IL1B|LGALS3|MEF2C|NOD2|PF4|PGLYRP1|PGLYRP3|PGLYRP4|PPP2R3C|RHOA|PTPN6|PTPRC|TAC1|TNFRSF21|VSIG4|XCL1|IFNG|ATM|IL4|CDKN2A|SHH|BRAF|PRELID1|CASP3|TREX1|DICER1|DROSHA|SLC46A2|SLC4A2|EXOSC3|HMGB1|IGF1|IGF2|EXOSC6|IL6ST|ID2|SLC7A1|IRS2|HSP90AA1|NFATC2|TNFSF11|CD209D|CEBPB|FGR|ABL2|ACTB|ACTL6A|ACTL6B|ADAM8|ADRM1|AMBRA1|ANKLE1|AP3D1|EP300|ARID1A|ARID2|ATP11C|AXL|BANK1|BLM|IL10|BLOC1S3|BRD7|BST1|IRGM1|BTNL2|CARD11|CBFB|CBLB|CCDC88B|CD209A|CD209C|CD209E|CD22|CD276|CD320|CD5|PRKDC|CD6|CD83|CDKN1A|CLEC12A|CLEC2I|CLNK|CLPTM1|CSF1R|CTLA2A|CYLD|DAPL1|DCAF15|PGLYRP2|DDRGK1|DHPS|DLG5|DOCK8|DTX1|DUSP3|RAG2|EFNB1|EFNB2|EFNB3|EGR3|EPHB4|ERBB2|FANCA|FANCD2|FCHO1|FGF10|FLOT2|FLT3|SLAMF8|FLT3L|FOXN1|PRKAA1|ZFP36L1|GLI3|GLMN|GNRH1|GPNMB|H2-AA|H2-AB1|H2-DMB2|H2-EB1|TIRAP|H2-EB2|H2-OA|TLR4|H2-OB|HMGB3|HPS1|HSPB1|HSPH1|ICOS|SLC4A1|IGFBP2|IHH|IKZF3|IL15|SART1|IL15RA|IL1RL2|IL21|IL2RA|IL2RG|IL5|IL7|ITCH|ITGAL|KAT5|KITL|LAPTM5|LGALS8|LMO1|LRRC32|LST1|MAD1L1|MAPK8IP1|MDK|MERTK|MMP14|MPL|NCK2|NEDD9|NFAM1|NKAP|NR5A2|NRARP|PBRM1|PCID2|PELI1|PHF10|PIK3R6|PRDX2|PRLR|PTPN2|RAC2|CLEC7A|RARA|RASAL3|RASGRP1|FGL2|RASSF5|ADA|RHBDD3|RHOH|RNF41|RUNX1|RUNX3|SCGB1A1|SCRIB|SDC4|SFRP1|SFTPD|SH2B3|SH3KBP1|MYD88|SH3RF1|SHB|SIRPA|SKINT1|SLC39A10|SMARCA2|SMARCA4|SYK|SMARCB1|SMARCC1|SMARCC2|SMARCD1|SMARCD2|ABL1|SMARCD3|SMARCE1|SOCS1|SOCS6|SOS1|ARG1|SOS2|ARG2|SOX11|SOX12|SOX13|SOX4|BAD|STAT5A|TBC1D10C|TCF3|TCF7|TESPA1|TGFBR2|TICAM1|TIGIT|TNFAIP8L2|TNFRSF4|TNFRSF9|TNFSF14|TNFSF9|TNIP2|BCL2|TOX|TSC2|BMP4|TSPAN32|TWSG1|TYRO3|TYROBP|VAV1|VAV3|VCAM1|VNN1|WNT10B|WNT3A|CYP26B1|XBP1|XRCC6|ZC3H12D|ZC3H8|ZEB1|ZFP335|ZFP35|CD19|ZFP36L2|CD4|ZFP608|ZFP609|ZMIZ1|ZNHIT1|AHR|CORO1A|STAT5B|DLG1|AP3B1|ANXA1|GAL|CAV1|CD74|CEACAM1|DNAJA3|IL13|IDO1|IL4I1|LYN|PCK1|PPP3CA|PNP|PRNP|GPAM|PTEN|PTPN22|KLHL25|MIF|THY1|TLR9|PIBF1|PLA2G2F|PLA2G5|AGER|AKIRIN2|APLF|ASCL2|ATAD5|BCL6|BRD2|BRD4|BTK|BTLA|CCR6|PRKAR1A|CD160|CD1D1|CD1D2|CD24A|CD27|CD274|CD28|CD3E|CD40|CD40LG|CD44|CD69|CD80|CD86|CLEC4G|CRTAM|CSK|CTLA4|CD300A|DPP4|DUSP10|DUSP22|CTNNB1|EPHB2|EPHB6|FADD|FAS|FBXO38|HES1|FGL1|FOXP3|H2-DMB1|H2-M3|PAWR|FOXO3|HAVCR2|HFE|HLX|HSPD1|ICOSL|IL12A|IL12B|IL12RB1|IL18|GAS6|IL2|IL20RB|IL23A|IL27|IL27RA|ADK|IL4RA|IL6|IL7R|INPP5D|IRF1|BCL10|JAK2|JAK3|KLHL22|KLRD1|LAG3|LAT|LAX1|LEF1|LGALS1|LGALS9|LOXL3,https://www.gsea-msigdb.org/gsea/msigdb/mouse/geneset/GOBP_REGULATION_OF_LYMPHOCYTE_ACTIVATION,481,ENR,GOBP_REGULATION_OF_LYMPHOCYTE_ACTIVATION,-2.4249000000000001,0,GOBP_REGULATION_OF_LYMPHOCYTE_ACTIVATION,FALSE,GOBP_REGULATION_OF_LYMPHOCYTE_ACTIVATION
1,2.6989700043360201,-2.6989700043360201,2.6989700043360201,-0.998,-0.47989999999999999,8.2000000000000007E-3,0.67600000000000005,IDO1|IDO2|NMNAT1|NMNAT3|G6PDX|KMO|KYNU|HAAO|NMNAT2|ASPDH|NADK|NADSYN1|AFMID|IDH2|NAMPT|QPRT,https://www.gsea-msigdb.org/gsea/msigdb/mouse/geneset/GOBP_PYRIDINE_NUCLEOTIDE_BIOSYNTHETIC_PROCESS,16,ENR,GOBP_PYRIDINE_NUCLEOTIDE_BIOSYNTHETIC_PROCESS,-2.3483000000000001,2E-3,GOBP_PYRIDINE_NUCLEOTIDE_BIOSYNTHETIC_PROCESS,FALSE,GOBP_PYRIDINE_NUCLEOTIDE_BIOSYNTHETIC_PROCESS
11,2.7212463990471698,-2.7212463990471698,2.7212463990471698,-1,-0.1196,5.9999999999999995E-4,4.2999999999999997E-2,P2RX7|DHODH|DNM1L|SHARPIN|FAM3A|FIS1|STAT3|LETMD1|LRRK2|ERBB4|PYCARD|UCP2|MFN1|SIRT7|AKT3|NME3|ACAA2|ACAD9|BCL2L11|IGTP|IRGM2|OPA1|TFRC|PARP1|SLC22A5|AFG3L2|PID1|BAD|RRM1|ATP2A1|RRM2B|BAK1|BCL2|TK2|4930550C14RIK|ADCK1|AFG3L1|AGK|AGTPBP1|AP3B1|APOO|ALKBH7|APOOL|ARMCX3|ARRB2|ATAD3A|AKT1|ATF2|EDNRA|PISD|ATG7|ATP13A2|ATP7A|AURKA|BBC3|BCL2L13|BCL2A1A|BCL2A1B|BID|BCL2A1C|BCL2A1D|BCL2L2|PLSCR3|BIK|BLOC1S2|BMF|CHCHD10|BNIP3|CHCHD2|BNIP3L|COL6A1|BOK|COQ7|CAMK2A|AVP|CAPN10|COX10|CAV2|CDK5|CEBPA|CHCHD3|CHCHD6|CNTNAP1|CNTNAP2|RAB38|CSTAD|CTCF|COX7A1|CXADR|CCK|COX7A2|DCN|COX7A2L|DCTN6|DDHD1|DDHD2|CLN8|DNA2|SH3GLB1|DNAJA3|DNAJC11|DYNLT1A|DYNLT1B|CP|DYNLT1F|ENDOG|EPAS1|EYA2|FAM162A|FANCG|FEZ1|FSIP1|FUNDC1|FXN|FZD9|GABPB1|GDAP1|GGCT|GGNBP1|GHITM|GOLPH3|HDAC6|HSD17B10|HGF|HIP1R|MFN2|HSPA4|HTRA2|HUWE1|IMMT|MTCH2|INF2|MTFR1|JTB|MUP1|JUN|MUP2|KDR|MUP3|LETM1|MUP5|LETM2|MYC|LIG3|LMNA|LONP1|NDUFA1|LPIN1|MAN2A1|NDUFA10|MAP3K1|NDUFA11|MAPT|MARCKS|NDUFA13|GIMAP3|MCL1|NDUFA2|GIMAP5|MEF2A|NDUFA3|MFF|NDUFA5|MICU1|NDUFA6|MLLT11|MPV17|NDUFA8|MSTO1|NDUFA9|MTCH1|NDUFAB1|MTFP1|NDUFAF1|MTM1|NDUFB10|MTX1|NDUFB11|MTX2|NDUFB2|MTX3|NDUFB3|PROCA1|MMP9|MUL1|NDUFB4|EDN1|MYH14|NDUFB5|MYO19|NDUFB6|NAIF1|NDUFB7|NDUFB8|NEURL4|NDUFB9|NPTX1|NDUFC1|NRF1|NDUFC2|OPA3|NDUFS1|PARL|NDUFS2|PDCD5|NDUFS3|PGAM5|NDUFS4|PIF1|NDUFS5|PIM2|NDUFS6|PLAUR|NDUFS7|PLD6|NDUFS8|PEX5|PMAIP1|PHB2|POLDIP2|POLG|POLG2|PPP2CB|PPP2R2B|OXA1L|PRDX3|PANK2|PNP|PRMT6|PARK7|PSMD10|PDE2A|PYROXD2|RAB32|PLA2G6|RAB3A|PINK1|RALA|PPIF|PPM1K|RALBP1|RAP1GDS1|GPX1|RHOT1|RHOT2|SDHAF2|RNASEH1|RNF7|SFN|SIVA1|SLC25A36|SLC25A46|SLC25A33|SLC30A9|SMAD3|SNCA|SPIRE1|STOML2|ROMO1|SESN2|SSBP1|STAT2|STOX1|THG1L|TMEM135|TIMM10|TIMM13|TIMM22|TIMM50|TIMM9|TMEM102|UQCRC1|TMEM11|TMEM14A|SLC9A1|TNFSF10|TOMM22|TOMM40|ABCC9|FBXO24|TOMM70A|AIFM1|TOP3A|AIFM2|MAPK9|SPG7|TRABD|BAX|TRIAP1|CHCHD4|TUG1|USP30|VAT1|VDAC2|VPS13A|VPS13C|VPS13D|VPS35|WASF1|WDR35|SLC25A31|WDR81|YME1L1|IMMP2L|ZDHHC6|ZFP13|LYRM7|SLC25A4|MFSD8|SLC25A5|CDKN2A|DAP3|FASTKD3|PLEC|PNPT1|PPARGC1A|PRELID1|PPARG|PUM2|SCO2|SOD2|MRPL15|VPS54|MRPL17|SCO1|ATG3|ENPP1|CD24A|MRPL39|THEM4|GSK3A|GSK3B|IGF1|PTCD2|GCLC|HSP90AA1|GCLM|HTT|FAS|TACO1|TRP53|CFH|MPV17L|METTL4|HSPD1|NOA1|ATPAF1|SUPV3L1|ATPAF2|BCS1L|NOL3|TFAM|CHCHD7|COX16|COX17|COX18|COX19|FOXRED1|HIGD1A|HIGD1B|HIGD2A|LYRM2|EP300|NDUFAF2|NDUFAF3|NDUFAF4|NUBPL|OMA1|SAMM50|SDHAF1|SURF1|TMEM126A|IRGM1|TMEM126B|TMEM186|TMEM223|TMEM70|TTC19|HK2|HMGCL|BCL2L1|IER3|LIPA|CNP,https://www.gsea-msigdb.org/gsea/msigdb/mouse/geneset/GOBP_MITOCHONDRION_ORGANIZATION,384,ENR,GOBP_MITOCHONDRION_ORGANIZATION,-2.7534999999999998,0,GOBP_MITOCHONDRION_ORGANIZATION,FALSE,GOBP_MITOCHONDRION_ORGANIZATION
5,2.2218487496163601,-2.2218487496163601,2.2218487496163601,-0.99399999999999999,-0.30370000000000003,4.3400000000000001E-2,1,SUMO1|NEDD4L|PLCB4|OXSR1|GRP|CASQ2|CAV3|ATF4|KCNAB1|PTGER3|CRBN|PTK2B|KCNE1|KCNE2|KCNE3|KCNH2|RGS4|ACTN2|GNAQ|AGRN|BIN1|AKAP5|KCNQ1|KCNRG|ANK3|KEL|NOS3|CAV1|STK39,https://www.gsea-msigdb.org/gsea/msigdb/mouse/geneset/GOBP_NEGATIVE_REGULATION_OF_POTASSIUM_ION_TRANSPORT,29,ENR,GOBP_NEGATIVE_REGULATION_OF_POTASSIUM_ION_TRANSPORT,-1.9754,6.0000000000000001E-3,GOBP_NEGATIVE_REGULATION_OF_POTASSIUM_ION_TRANSPORT,FALSE,GOBP_NEGATIVE_REGULATION_OF_POTASSIUM_ION_TRANSPORT
5,2.7212463990471698,-2.7212463990471698,2.7212463990471698,-1,-0.16869999999999999,3.7100000000000001E-2,1,NEDD4|NEDD4L|OSR1|OXSR1|PCSK9|PKD2|PLN|PPP3CA|PPP3CB|PPP3CC|PPP3R1|PRKCE|PPIF|PTGER3|PTK2B|REM1|RGS4|GSTM7|UCP2|SESTD1|SLC30A1|SLN|SRI|STK39|SUMO1|TGFB2|TLR9|TMBIM6|TRDN|UBQLN1|UBR3|WNK1|WNK2|WNK4|YWHAE|YWHAQ|FMR1|SERPINE2|PTGS2|ACTN2|AGRN|AKAP5|TRIM27|ANK3|BCL2|CNR1|CACNA1F|INPP5K|CALM1|TGFB1|CALM2|CALM3|CAMK2D|CASQ2|CAV3|MTOR|ATF4|AHR|PIK3C2A|COMMD1|CRBN|CD300A|CRHR2|DRD4|DYSF|AKT1|GNAO1|ATP7A|GNAQ|FBXO11|FCRL5|HES1|HSD3B2|ACE|HSD3B3|HSD3B6|FKBP1B|HTR7|MAOB|CAV1|GNB5|PACSIN3|GOPC|PAWR|GPR35|PLCB4|PRKG2|PXK|GRP|GSTO1|STC1|ICAM1|HRC|USP2|KCNAB1|ISCU|KCNE1|KCNE2|KCNE3|KCNH2|VDAC1|BIN1|ATP1A2|KCNQ1|KCNRG|HAMP|HAMP2|KEL|NOS3|MMP9,https://www.gsea-msigdb.org/gsea/msigdb/mouse/geneset/GOBP_NEGATIVE_REGULATION_OF_MONOATOMIC_ION_TRANSPORT,110,ENR,GOBP_NEGATIVE_REGULATION_OF_MONOATOMIC_ION_TRANSPORT,-2.0251000000000001,0,GOBP_NEGATIVE_REGULATION_OF_MONOATOMIC_ION_TRANSPORT,FALSE,GOBP_NEGATIVE_REGULATION_OF_MONOATOMIC_ION_TRANSPORT
,2.0043648054024499,-2.0043648054024499,2.0043648054024499,-0.99009999999999998,-0.24759999999999999,9.4299999999999995E-2,1,CSF2|TSPAN32|DOCK2|HMGB1|CD37|IL4|HAVCR2|SLAMF1|DCSTAMP|TGFB1|CLEC4D|NOTCH2|FLT3L|STARD7|ITGB6|ITGB8|PSEN1|RBPJ|BATF2|BATF3|LTBR|PILRB1|UBD|IL10|BATF|IRF4|PYCARD|TRAF6|CAMK4|GIMAP3|GIMAP5|RELB|KLRK1|TGFBR2|TNFSF9,https://www.gsea-msigdb.org/gsea/msigdb/mouse/geneset/GOBP_MYELOID_DENDRITIC_CELL_ACTIVATION,35,ENR,GOBP_MYELOID_DENDRITIC_CELL_ACTIVATION,-1.7565,9.9000000000000008E-3,GOBP_MYELOID_DENDRITIC_CELL_ACTIVATION,FALSE,GOBP_MYELOID_DENDRITIC_CELL_ACTIVATION
21,2.7212463990471698,-2.7212463990471698,2.7212463990471698,-1,-0.18740000000000001,6.1000000000000004E-3,0.52300000000000002,CTNS|NR3C2|OXSR1|PPP3CA|SLC15A2|PON3|PTGER3|RHOA|PKN1|SLC25A23|SLC4A1|HNF1A|DAB2|EDNRB|KCNMA1|HSD11B2|SCNN1B|CHRNB2|CHRNB4|SLC22A6|STK39|NPPB|GUCA2B|KLHL3|F2RL1|MAGED2|GJA5|MLLT6|WNK4|ADIPOQ|SLC12A3|ADRB1|ADRB2|AGTR1A|COMT|SLC5A1|PDGFB|SLC5A2|SLC4A5|RRM2B|SLC6A18|BCL2|BMP4|CACNA1C|PRKRIP1|INPP5K|PTGER4|AQP2|LGMN|ADM|AGT|CLN3|AVPR2|CYBA|CLDN16|EMP2|SULF1|UMOD|SULF2|TACR1|EDNRA|GNAI2|F2R|ABCG2|ABCG3|ADORA1|AQP1|ADORA2A|SUCNR1|SERPINF2|AKAP11|AQP6|BCR|STC1|BTC|CD34|CLCN5|CORIN|CORO2B|ITGA3|MCAM|WFS1|AMN|MYO1E|AQP3|NFAT5|AQP4|NPR3|AQP7|OIT3|CD2AP|GJA1|PTPRO|CLCNKB|RHPN2|CLDN19|TBC1D8B|CLDN4|TMEM63C|GAS6|TTR|GSN|UTS2R|HAS2|XPNPEP3|HYAL2|RHPN1|ADCY6|SCTR|G6PDX|KCNJ1|ATP6V0A4|CYP2J5|OXT|KCNN4|KCNQ1|ATP6V1B1|PSAP|EDN1,https://www.gsea-msigdb.org/gsea/msigdb/mouse/geneset/GOBP_RENAL_SYSTEM_PROCESS,119,ENR,GOBP_RENAL_SYSTEM_PROCESS,-2.4041999999999999,0,GOBP_RENAL_SYSTEM_PROCESS,FALSE,GOBP_RENAL_SYSTEM_PROCESS
5,2.7212463990471698,-2.7212463990471698,2.7212463990471698,-1,-0.1176,8.0000000000000004E-4,0.06,ORAI1|GPD1L|AKT2|NPPA|FMR1|PDE4D|P2RY1|P2RY6|TRIM27|PDGFB|SPHK2|TGFB1|TREM2|TSPO|PIK3C2A|B2M|BPIFA1|PIK3CG|AKT1|ATP7A|PLCG1|PLCG2|ABCC8|ACE|CCL12|ADORA1|ADORA2A|CCL3|ATP8B1|BEST1|CCL5|CASR|GJA1|CX3CL1|CXCL10|TMEM38B|CXCL11|CXCL12|ISCU|CXCL9|VDAC1|F2|AHCYL1|GIMAP3|GIMAP5|HAMP|HAMP2|LGALS3|PPIF|RHOA|PTPN6|SNCA|TRF|ABCC9|BAX|XCL1|IFNG|IL4|NFATC3|CHD7|ADRB1|PLCB1|GCK|GNAS|IGF1|INPP5K|MTOR|TRPC4|NOL3|G6PDX|P2RX7|SERPINE1|UCP2|SCNN1B|AKT3|ATP1A1|CNTN1|DMPK|CXCL1|MLLT6|NKAIN1|NKAIN2|NKAIN4|NKX2-5|PER1|SERPINE2|SGK1|SIK1|ABCB1A|ABCB1B|ABL1|ACTN2|ADRB2|AFG3L2|AGRN|AGTR1A|AHNAK|AKAP5|AKAP6|ATP2B4|AKAP7|AKAP9|AMIGO1|ANK2|ANK3|ANO6|APLNR|ARF1|ASPH|ATG5|ATP1B2|ATP1B3|ATP2A1|ATP4A|BAK1|BCL2|SLC6A4|BDKRB1|CNR1|BMP4|CACNA1C|SLC9A3|CACNA1D|CACNA1F|CACNA2D1|CACNB1|CACNB2|CACNB3|CACNG1|CALM1|CALM2|CALM3|CAMK2D|CAPN3|CASQ1|CASQ2|CAV3|CD19|CD4|CD63|CFTR|AGT|CLEC4B1|DBI|AHR|CNKSR3|COMMD1|CORO1A|CRBN|CTSS|CXCR3|CYBA|DHRS7C|DLG1|DMD|DPP10|DPP6|DRD4|ARRB2|DYSF|EDN3|EDNRA|EHD3|F2R|F2RL3|FBXO11|FCRL5|FGF12|FGF13|FGF14|FHL1|FKBP1A|FKBP1B|FLNA|FXYD1|FXYD2|FXYD3|CAMK2A|FXYD4|FXYD5|FXYD6|FXYD7|FYN|GAL|CAV1|GALR2|GJC2|GNB2|GNB5|GOPC|GPR35|GPR39|GRIA1|GRIN1|GRIN2C|GRM6|GRP|GSTO1|HAP1|HEPH|HOMER1|HPCA|HRC|HSPA2|IKBKB|IL13|ITGB1|ITGB3|JPH2|JPH3|JSRP1|KCNAB1|KCNAB2|KCNAB3|KCNC1|KCNC2|KCNE1|KCNE2|KCNE3|KCNG4|KCNH2|KCNIP1|KCNIP2|KCNIP3|KCNIP4|KCNJ1|KCNJ10|KCNJ11|KCNJ12|KCNJ13|KCNJ15|KCNJ16|KCNJ2|KCNJ5|KCNJ6|KCNJ8|KCNMB1|KCNN2|KCNN4|KCNQ1|KCNRG|KCNS1|KEL|LCN2|LIME1|LRRC26|LRRC52|LRRC55|NOS3|LYN|MMP9|EDN1|MS4A1|MS4A2|NDUFA4|NEDD4|NEDD4L|NGF|NLGN3|NR3C2|OSR1|OXSR1|P2RX1|P2RX4|P2RX5|PCSK9|PDPK1|PHB2|PKD2|PLN|PML|PPP3CA|PPP3CB|PPP3CC|PPP3R1|PRKCE|PRKD1|PRNP|PRSS8|PSEN2|PTGER3|PTK2B|PTPN22|PTPN3|RANGRF|RAPGEF3|RELN|REM1|RGS4|GSTM7|RGS7|RGS9|RIPK1|RNF207|RYR2|SCN1B|SCN2B|SCN3B|SCN4B|SCN5A|SESTD1|SLC30A1|SLC31A2|SLC36A2|SLC8A1|SLC9A1|SLC9A6|SLMAP|SLN|SNTA1|SPG7|SRI|STAC|STAC2|STAC3|STIM1|STIM2|MYO5A|STK39|STOM|SUMO1|TCIRG1|TESC|TGFB2|THY1|TLR9|TMBIM6|TMEM168|TMEM38A|TRDN|TRPC1|TRPC3|TRPC6|TSPAN13|UBASH3B|UBQLN1|UBR3|VAMP2|VMP1|WNK1|WNK2|PLP1|WNK4|WWP2|YWHAE|YWHAH|YWHAQ|PTGS2|SCO1|PDGFRB|CD84|AQP2|ATF4|ATP2B1|ATP2C2|CACNA1G|CAR2|CAR7|CASK|CCKAR|CCR1|CD300A|CHRM1|CLDN10|CLDN16|CREB3|CRHR2|CTNNB1|CXCR4|EFHB|EGF|HTT|GCG|GLP1R|GNAI2|GNAO1|GNAQ|HBP1|HES1|HOMER2|HOMER3|HSD3B2|HSD3B3|HSD3B6|HTR7|IL16|ISL1|ITPR1|JPH4|KCNA5|KCNF1|TACO1|KIF5B|LILRA5|LPAR3|MAOB|MCHR1|MYLK|P2RY12|PACSIN3|PAWR|PDZK1|PLCB4|PRKG2|PXK|RAB11B|SLC30A6|HFE|SPG11|STC1|STC2|ICAM1|TMX1|TRPV2|TSPAN18|USP2|VDR|WFS1|COX17|BIN1|JAK3|ATP1A2|ATP1B1|ATP2B2|CACNB4|ADCYAP1R1,https://www.gsea-msigdb.org/gsea/msigdb/mouse/geneset/GOBP_REGULATION_OF_MONOATOMIC_ION_TRANSPORT,426,ENR,GOBP_REGULATION_OF_MONOATOMIC_ION_TRANSPORT,-2.6983999999999999,0,GOBP_REGULATION_OF_MONOATOMIC_ION_TRANSPORT,FALSE,GOBP_REGULATION_OF_MONOATOMIC_ION_TRANSPORT
23,2.2291479883578602,-2.2291479883578602,2.2291479883578602,-0.99409999999999998,-0.29099999999999998,5.0200000000000002E-2,1,APOA1|APOA2|PLA2G10|ABCA5|ABCG1|PLA2G3|PLA2G5|APOB|APOM|LCAT|PNLIP|GPIHBP1|PNLIPRP1|PNLIPRP2|PLTP|PLA2G7|SCARB1|APOC3|MTTP|APOE|LIPC|LIPG|MPO|APOA4|APOA5|LPL|NR1H4|APOC1|TAF8|PLA2G12B|PLA2G2E,https://www.gsea-msigdb.org/gsea/msigdb/mouse/geneset/GOBP_PROTEIN_CONTAINING_COMPLEX_REMODELING,31,ENR,GOBP_PROTEIN_CONTAINING_COMPLEX_REMODELING,-1.9404999999999999,5.8999999999999999E-3,GOBP_PROTEIN_CONTAINING_COMPLEX_REMODELING,FALSE,GOBP_PROTEIN_CONTAINING_COMPLEX_REMODELING
2,2.7212463990471698,-2.7212463990471698,2.7212463990471698,-1,-0.2147,6.4999999999999997E-3,0.57799999999999996,BCL2|TSC2|CD70|CD79A|RAG2|TYROBP|VAV3|MEF2C|WNT3A|IRS2|NCKAP1L|CD19|NFKBIZ|CTLA4|AHR|CD180|TIRAP|BMI1|CD300A|PTEN|PTPRC|TLR4|NFATC2|PKN1|EPHB2|IKZF3|PRKCD|IL21|IL5|IL7|RC3H1|CD38|FOSL2|TNFRSF21|CHRNB2|GAPT|BAX|PLCL2|MIF|SASH3|CD74|PAWR|ATM|IL4|SIGLECG|PELI1|TLR9|PRLR|CD81|HSPD1|CDKN2A|CFB|RASGRP1|ADA|IL13|CR2|IL2|CASP3|SHB|TFRC|SLC39A10|TNFRSF13B|IL10|TNFRSF13C|ATAD5|IL7R|BST1|IL9R|INPP5D|TNFSF13|ABL1|BCL6|CARD11|FCGR2B|TNFSF13B|BTK|BTLA|CD22|CD320|GPR183|PCYT1A|TCF3|CDKN1A|CD24A|CD27|TICAM1|LEF1|TNFRSF4|LYN|CD40|CD40LG,https://www.gsea-msigdb.org/gsea/msigdb/mouse/geneset/GOBP_B_CELL_PROLIFERATION,91,ENR,GOBP_B_CELL_PROLIFERATION,-2.3853,0,GOBP_B_CELL_PROLIFERATION,FALSE,GOBP_B_CELL_PROLIFERATION
,2.7212463990471698,-2.7212463990471698,2.7212463990471698,-1,-0.44950000000000001,3.5000000000000001E-3,0.317,NUBPL|ABCB7|HSPA9|XDH|NFS1|BOLA2|BOLA3|CIAO1|GLRX3|CIAPIN1|GLRX5|FXN|HSCB|ISCA1|ISCA2|LYRM4|NDUFAB1|NFU1|NUBP1|NUBP2|ISCU,https://www.gsea-msigdb.org/gsea/msigdb/mouse/geneset/GOBP_METALLO_SULFUR_CLUSTER_ASSEMBLY,21,ENR,GOBP_METALLO_SULFUR_CLUSTER_ASSEMBLY,-2.4929000000000001,0,GOBP_METALLO_SULFUR_CLUSTER_ASSEMBLY,FALSE,GOBP_METALLO_SULFUR_CLUSTER_ASSEMBLY
13,2.7212463990471698,-2.7212463990471698,2.7212463990471698,-1,-0.32800000000000001,1.09E-2,0.79100000000000004,CYB5R4|CPOX|SLC25A39|SLC6A9|UROS|CYP2A5|FXN|SLCO1A6|ABCB10|ABCB6|ABCB7|ALAD|ALAS1|HNF1A|ALAS2|BLVRB|COX15|FECH|HEBP1|HMBS|HMOX1|HMOX2|IREB2|BLVRA|PGRMC1|PPOX|TMEM14A|SLC11A2|SLC48A1|SNX3|SRRD|TMEM14C|BDH2|COX10|UROD|HPX,https://www.gsea-msigdb.org/gsea/msigdb/mouse/geneset/GOBP_HEME_METABOLIC_PROCESS,36,ENR,GOBP_HEME_METABOLIC_PROCESS,-2.2938000000000001,0,GOBP_HEME_METABOLIC_PROCESS,FALSE,GOBP_HEME_METABOLIC_PROCESS
26,1.92081875395238,-1.92081875395238,1.92081875395238,-0.98799999999999999,-0.15040000000000001,7.6700000000000004E-2,1,SLC25A27|SLC25A3|SLC12A2|SLC17A1|SLC17A7|SLC17A8|SLC4A1|CLCN2|SLC1A1|SLC1A4|UCP2|BSND|SLC12A9|MFSD8|SLC26A1|SLC26A11|SLC26A3|SLC26A6|SLC26A9|RACGAP1|SLC12A1|SLC12A3|CLIC4|SLC13A1|SLC20A1|SLC37A1|SLC20A2|PCYOX1|SLC34A1|ANO6|SLC4A11|SLC4A2|SLC4A3|SLC5A5|SLC4A8|SLC4A9|SLC5A6|SLC6A2|SLC1A3|SLC5A8|GABRB3|SLC37A2|ANO1|ANO10|ANO2|ANO3|ANO4|ANO8|ANO9|CLCA1|CLCA2|MTOR|CLCC1|CLCN6|CLCNKA|CFTR|CLDN17|CLIC1|CLIC3|CLIC5|CLIC6|GABRA2|GABRA3|GABRA4|GABRB1|GABRB2|GABRD|GABRE|GABRP|GABRR2|GLRB|SLC26A10|TTYH1|SLC26A2|TTYH2|SLC26A4|TTYH3|TMC4|XPR1|ANK|FXYD1|SLC37A4|BEST1|BEST2|CASR|AQP6|CLCN5|SLC25A10|VDR|CLCNKB|CLDN4|KCNK1|KCNK2|LRRC8A|SLC12A5|CLCN3|CLCN7|SLC12A4|SLC12A6|SLC12A7|SLC12A8|SLC25A14,https://www.gsea-msigdb.org/gsea/msigdb/mouse/geneset/GOBP_INORGANIC_ANION_TRANSMEMBRANE_TRANSPORT,102,ENR,GOBP_INORGANIC_ANION_TRANSMEMBRANE_TRANSPORT,-1.8162,1.2E-2,GOBP_INORGANIC_ANION_TRANSMEMBRANE_TRANSPORT,FALSE,GOBP_INORGANIC_ANION_TRANSMEMBRANE_TRANSPORT
28,2.2076083105017501,-2.2076083105017501,2.2076083105017501,-0.99380000000000002,-0.1011,3.44E-2,0.999,OXCT1|APOA2|BSCL2|NCEH1|PRKAA1|ADRA2A|DGKD|BCO2|SIRT6|PRKCD|GDPD1|GDPD3|NAPEPLD|PLB1|PNPLA2|AKT2|ABCB11|FITM2|ABCD2|ABCD3|ABCD4|ABHD1|ABHD2|ABHD3|ACAA1A|ACAA1B|ACAA2|ACAD10|ACAD11|HEXB|ACAD12|ACADL|ACADS|ACADVL|ACOT7|ACOT8|ACOX2|ACOX3|ACOXL|ACSL5|ADIPOQ|PAFAH1B1|ABHD12|INPP5F|ABHD12B|AIG1|PLA2G7|ABHD16A|AKR1C18|AKR1D1|APOE|AADAC|ABHD15|ABHD6|AUH|ACAP1|CIDEA|CIDEC|CLSTN3|CRTC3|ENDOU|BDH2|ENPP6|ABHD5|GALC|GLA|GM2A|GPCPD1|HEXA|IAH1|CES1D|LIPH|CES1F|LIPK|CNR1|LIPM|CPT1A|NAGA|CPT1B|NEU1|ACOT2|CPT2|NEU2|CRAT|NEU3|PAFAH1B2|PAFAH1B3|PAFAH2|PCCA|CYP24A1|PDE3B|CYP26A1|PLA1A|CYP26B1|PLA2G4B|CYP27A1|PLA2G4E|BGLAP2|CYP27B1|PLBD1|CYP39A1|PLBD2|CYP46A1|PLCB2|CYP4F13|PLCD3|CYP4F14|PLCD4|CYP4F15|PLCE1|CYP4F18|PLCH1|CYP7A1|PLCH2|PLCXD2|DBI|GPIHBP1|PLCXD3|PLIN1|SRD5A1|PNPLA1|PNPLA6|PNPLA7|SMPD3|PPT1|DECR1|PTPRV|DECR2|PIK3CG|RAB7|SMPD2|SMPD4|ABCD1|DPEP1|SMPDL3B|DPEP2|SORL1|TBL1XR1|ECH1|THRA|ECHDC1|FGF21|ECHDC2|AKT1|ECHS1|APOC3|ECI1|PLA2G4C|ECI2|PLCD1|ECI3|PLCG1|AMACR|APOH|EHHADH|PLCG2|ANGPTL3|PLD1|PLD2|AOAH|FAAH|APOA4|FABP1|ADORA1|APOA5|APOC1|APOC2|ASAH1|ASAH2|GCDH|GLB1|CES1B|CES1C|CES1E|CES1G|DDHD2|CP|HACL1|HADH|CYP1B1|HADHA|HADHB|NAGLU|HAO1|IDH1|HSD17B10|HSD17B4|HSD17B6|HSD3B7|ILVBL|IVD|KLF9|SPP1|LIPE|LONP2|LPIN1|LPIN2|LPIN3|GIMAP3|GIMAP5|MFSD2A|PLA2G12A|MLYCD|PLA2G12B|DAGLA|PLA2G2C|ACER2|DAGLB|PLA2G2D|PLA2G2E|IL1B|PSAP|NUDT19|NUDT7|NUDT8|PCK1|PCK2|PEX13|PLD6|PEX5|PEX7|PHYH|PLIN5|PRKCE|PLA2G1B|PLA2G6|PPARD|RARRES2|SCARB1|SCP2|SCT|SESN2|HPGD|SLC25A17|TNF|SLC27A2|SLC27A4|LIPC|SP1|LIPG|SRD5A3|STRAP|LPL|SULT1E1|LYPLA2|MGLL|CYP1A2|ETFA|ETFB|NAAA|ETFDH|TWIST1|TYSND1|PLA2G10|PLA2G15|ACER1|PLA2G2F|PLA2G4A|PLA2G4F|PLA2G5|APOB|PNLIP|PNLIPRP1|PNLIPRP2|YWHAH|PNPLA3|PNPLA8|VPS54|ACADM|SCO1|SGPL1|GBA2|SIRT2|HINT2|PLCB1|HSD17B11|HSD17B14|LDLR|SMPDL3A|PRDX6|GPLD1|PRDX6B|LRP1|INS1|INS2|IRS1|IRS2|MGST2|ASPG|LCT|MTOR|CPS1|CEL|CLPS|UGT1A7C|SMPD1|ACACB|ACAT1|ACOX1|ALDH1L2|CROT|ZPBP2|ACER3|PLCB3|SCTR|HSD11B1|ABHD4|ENPP2|LIPA,https://www.gsea-msigdb.org/gsea/msigdb/mouse/geneset/GOBP_LIPID_CATABOLIC_PROCESS,309,ENR,GOBP_LIPID_CATABOLIC_PROCESS,-2.0484,6.1999999999999998E-3,GOBP_LIPID_CATABOLIC_PROCESS,FALSE,GOBP_LIPID_CATABOLIC_PROCESS
12,1.99567862621736,-1.99567862621736,1.99567862621736,-0.9899,-0.1211,7.7700000000000005E-2,1,RBP2|RBP7|REPIN1|P2RX7|RPS6KB1|SLC10A1|SLC10A2|SLC10A3|FABP2|SLC10A4|FABP3|SLC10A5|FABP4|SLC10A6|FABP5|SLC10A7|FIS1|SLC16A11|PLA2G1B|SLC16A12|PLA2G6|PPARD|SLC16A7|SLC16A9|SLC17A5|SLC27A5|HNF1A|SLC16A1|SLC16A3|TMEM135|SLC22A1|SLC25A17|TNF|SLC27A2|UCP2|SLC27A4|SLC22A2|SLC22A22|AKT2|ABCB11|LYPLA1|ABCD2|SLC22A3|ABCD3|ABCD4|MAPK9|SLC22A6|SLC22A7|SLC22A8|MIF|SLC25A20|PLA2G10|SLC26A6|ACSL5|PLA2G2F|PLA2G3|PLA2G4A|PLA2G4F|PLA2G5|PNPLA8|PPARG|PTGES|TNFRSF11A|SYK|PTGS2|APOE|SLC22A13|SLC43A3|SLC27A1|SLC27A3|SLC27A6|SLC5A12|CES1D|SLC5A6|CES1F|SLC5A8|SLC6A12|SLC6A13|CPT1B|CPT2|SLC6A8|ACSL1|ACSL3|IRS2|ACSL4|ACSL6|CYP7A1|SLCO1A1|SLCO1A4|SLCO1A5|SLCO1A6|SLCO1B2|SLCO1C1|SLCO2A1|SLCO2B1|SLCO3A1|SLCO4A1|ABCD1|STARD10|DRD4|ABCB4|THBS1|ABCC1|AKT1|TNFSF11|ABCC2|TSPO2|ABCC3|ABCC4|ABCG2|ANXA1|ACE|FABP1|NR1H4|AQP8|AQP9|ATP8B1|CEACAM1|CEACAM2|CASR|CES1B|ACACB|CES1C|CD36|CES1E|CES1G|CLDN2|CRABP1|GOT2|CRABP2|EMB|FABP12|FABP6|SLC2A1|FABP7|CROT|HRH2|IL1A|KISS1R|MAP2K6|MYC|NMB|NR0B2|KCNJ8|CYP4A10|OXT|P2RY2|MFSD2A|CYP4A31|CYP4A32|PLA2G12A|PLA2G12B|PLA2G2C|PLA2G2D|PLA2G2E|NOS2|PLA2R1|IL1B|PLIN2|LYN|PROCA1|EDN1|RBP1,https://www.gsea-msigdb.org/gsea/msigdb/mouse/geneset/GOBP_MONOCARBOXYLIC_ACID_TRANSPORT,163,ENR,GOBP_MONOCARBOXYLIC_ACID_TRANSPORT,-1.8128,1.01E-2,GOBP_MONOCARBOXYLIC_ACID_TRANSPORT,FALSE,GOBP_MONOCARBOXYLIC_ACID_TRANSPORT
16,2.7212463990471698,-2.7212463990471698,2.7212463990471698,-1,-0.26690000000000003,5.9999999999999995E-4,4.2999999999999997E-2,WDR1|XIRP1|MEF2C|CAPN3|CASQ1|CASQ2|CAV3|PRKD1|ANKRD23|MYH6|ACTA1|ACTC1|ACTG1|ADPRHL1|AKAP13|CFL2|CFLAR|CSRP1|CSRP2|CSRP3|FHOD3|FLII|ITGB1|FLNC|HDAC2|KRT19|PLEC|KRT8|NKX2-5|LDB3|LMOD1|LMOD2|LMOD3|MYBPC1|MYBPC2|EP300|MYBPC3|MFN2|MYBPH|MYH10|MYH11|MYL2|MYL9|MYLK3|MYOM1|MYOM2|MYOM3|MYOZ1|MYOZ2|ACTN2|MYPN|NEB|NEBL|NEURL2|NRAP|PDGFRA|PDGFRB|PGM5|MEF2A|PRKAR1A|PROX1|SIX4|SMAD4|SRF|TCAP|TMOD1|TMOD2|TMOD3|TMOD4|TNNT1|TNNT2|TNNT3|EDN1|TPM1|TTN,https://www.gsea-msigdb.org/gsea/msigdb/mouse/geneset/GOBP_MYOFIBRIL_ASSEMBLY,75,ENR,GOBP_MYOFIBRIL_ASSEMBLY,-2.7528999999999999,0,GOBP_MYOFIBRIL_ASSEMBLY,FALSE,GOBP_MYOFIBRIL_ASSEMBLY
1,2.7212463990471698,-2.7212463990471698,2.7212463990471698,-1,-0.19,0,1E-3,DCK|PGK1|ENTPD1|FAM3A|PPARA|PRPS1|COASY|GART|PRPS2|GMPR|DCAKD|GMPR2|GMPS|GUCA1A|GUCA1B|GUCY2C|GUCY2G|GUK1|HNF1A|DIP2A|STAT3|IMPDH1|IMPDH2|LETMD1|MAP2K1|MTHFD1|MTHFD2L|NADK|NADSYN1|NAMPT|NME1|NME2|NME3|NME4|NME5|NME6|NME7|NMNAT1|NMNAT3|NPPA|NPPB|NPPC|NPR1|NPR2|ACOT7|NT5E|ACSL5|ADA|ADAL|NUDT2|AFMID|OASL2|PAICS|PAPSS1|MMAA|PAPSS2|PARP1|NMNAT2|PFAS|PID1|PANK1|PRPS1L1|PANK3|PRPS1L3|PANK4|PRPSAP1|PRPSAP2|RD3|BCKDK|PDHX|ACACA|ACLY|SLC4A7|SPHK2|ACSL1|TGFB1|ACSL4|TMSB4X|ACSL6|TREM2|ACSS1|ACSS2|ADSL|AK4|PPCDC|PPCS|GCDH|SLC25A16|DGUOK|HAAO|SLC25A42|DLAT|DLD|DNAJC30|IDH2|IDO1|IDO2|VDAC1|SPP1|KMO|KYNU|LDHC|MYC|LDHD|NDUFA1|NDUFA10|NDUFA11|NDUFA12|NDUFA13|NDUFA2|NDUFA3|NDUFA5|NDUFA6|NDUFA7|NDUFA8|MLYCD|NDUFA9|NDUFAB1|NDUFB10|NDUFB11|NDUFB2|NOS3|NDUFB3|NDUFB4|NDUFB5|NDUFB6|NDUFB7|ELOVL1|NDUFB8|NDUFB9|ELOVL3|NDUFC1|ELOVL4|NDUFC2|ELOVL5|NDUFS1|ELOVL6|NDUFS2|ELOVL7|NDUFS3|NDUFS4|NDUFS5|NDUFS6|NDUFS7|NDUFS8|NDUFV1|NDUFV2|NDUFV3|PANK2|PNP|PNP2|PDHA1|PDHB|PPAT|SDHA|SDHB|QPRT|SDHC|SDHD|SNCA|STOML2|SHMT1|VCP|IL4|PDK1|PDK2|PDK3|PDK4|OAS1A|SLC25A13|ADCY10|TPK1|PGM2|MTAP|SLC25A12|ACACB|ACAT1|ALDOA|ENO1|ADCY1|ADCY2|ADCY3|ADCY4|ADCY5|ADCY6|ADCY7|ADCY9|ADK|ADORA2B|AK1|AK2|G6PDX|AK3|AMPD1|AMPD2|AMPD3|APRT|ASPDH|ATIC|ATP6V1A|BCL2L1|LIPA|COX11,https://www.gsea-msigdb.org/gsea/msigdb/mouse/geneset/GOBP_PURINE_CONTAINING_COMPOUND_BIOSYNTHETIC_PROCESS,203,ENR,GOBP_PURINE_CONTAINING_COMPOUND_BIOSYNTHETIC_PROCESS,-3.1518000000000002,0,GOBP_PURINE_CONTAINING_COMPOUND_BIOSYNTHETIC_PROCESS,FALSE,GOBP_PURINE_CONTAINING_COMPOUND_BIOSYNTHETIC_PROCESS
9,2.2441251443275099,-2.2441251443275099,2.2441251443275099,-0.99429999999999996,-0.18729999999999999,2.1600000000000001E-2,0.98199999999999998,EXOSC10|PWP2|RPS13|RPS15|RPS17|RCL1|RPS19|FBL|FCF1|RIOK1|RPS21|RIOK2|RPS23|RIOK3|RPS25|RPS4X|RPS6|RPS7|RPS8|RPS9|RPP40|RPSA|RPS19BP1|RPS27L|GTF2H5|HEATR1|RRP36|RRP7A|RRP9|RRS1|IMP3|IMP4|RPS11|MRPS7|RPS12|RPS14|RPS15A|RPS16|KRI1|RPS24|KRR1|RPS27|RPS27A|RPS28|RPS5|LSM6|LTV1|MCAT|METTL17|MPHOSPH10|SRFBP1|AATF|ABT1|NAT10|BMS1|SURF6|NGDN|BYSL|TBL3|TRMT112|NOB1|TSR1|TSR2|NOL10|NOL11|NOL6|NOL7|NOM1|NOP14|DCAF13|UTP15|UTP18|NOP56|UTP20|FAU|NOP58|UTP23|NPM1|UTP3|UTP6|WDR3|WDR36|WDR43|WDR46|WDR75|DDX52|PNO1|XRCC5|DHX37|DIMT1|PRKDC|DNTTIP2|EMG1|ERAL1|ERCC2,https://www.gsea-msigdb.org/gsea/msigdb/mouse/geneset/GOBP_RIBOSOMAL_SMALL_SUBUNIT_BIOGENESIS,95,ENR,GOBP_RIBOSOMAL_SMALL_SUBUNIT_BIOGENESIS,-2.1638999999999999,5.7000000000000002E-3,GOBP_RIBOSOMAL_SMALL_SUBUNIT_BIOGENESIS,FALSE,GOBP_RIBOSOMAL_SMALL_SUBUNIT_BIOGENESIS
1,2.7212463990471698,-2.7212463990471698,2.7212463990471698,-1,-0.19350000000000001,6.9999999999999999E-4,4.9000000000000002E-2,NDUFB7|NDUFB8|NDUFB9|DCK|NDUFC1|NDUFC2|NDUFS1|NDUFS2|NDUFS3|NDUFS4|NDUFS5|NDUFS6|NDUFS7|NDUFS8|ENTPD1|NDUFV1|NDUFV2|NDUFV3|FAM3A|PPARA|PNP|PRPS1|GART|PRPS2|GMPR|PPAT|GMPR2|GMPS|SDHA|GUCA1A|SDHB|GUCA1B|QPRT|SDHC|GUCY2C|SDHD|GUCY2G|GUK1|HNF1A|STAT3|STOML2|IMPDH1|IMPDH2|LETMD1|MAP2K1|MTHFD1|MTHFD2L|VCP|NADK|NADSYN1|NAMPT|NME1|NME2|NME3|NME4|NME5|NME6|NME7|NMNAT1|NMNAT3|IL4|NPPA|NPPB|NPPC|NPR1|NPR2|OAS1A|ADA|NUDT2|AFMID|OASL2|PAICS|PAPSS1|PAPSS2|SLC25A13|PARP1|ADCY10|NMNAT2|PFAS|PID1|PRPS1L1|PRPS1L3|PRPSAP1|PRPSAP2|RD3|SLC4A7|SPHK2|TGFB1|TMSB4X|TREM2|ADSL|AK4|SLC25A12|ALDOA|DGUOK|HAAO|DNAJC30|IDH2|ENO1|ADCY1|ADCY2|ADCY3|ADCY4|ADCY5|ADCY6|ADCY7|ADCY9|IDO1|ADK|IDO2|ADORA2B|AK1|AK2|G6PDX|AK3|KMO|KYNU|LDHC|MYC|AMPD1|LDHD|AMPD2|AMPD3|NDUFA1|NDUFA10|APRT|NDUFA11|NDUFA12|ASPDH|NDUFA13|ATIC|NDUFA2|NDUFA3|NDUFA5|NDUFA6|ATP6V1A|NDUFA7|NDUFA8|NDUFA9|BCL2L1|NDUFAB1|NDUFB10|NDUFB11|NDUFB2|NOS3|LIPA|NDUFB3|NDUFB4|NDUFB5|COX11|NDUFB6,https://www.gsea-msigdb.org/gsea/msigdb/mouse/geneset/GOBP_PURINE_NUCLEOTIDE_BIOSYNTHETIC_PROCESS,151,ENR,GOBP_PURINE_NUCLEOTIDE_BIOSYNTHETIC_PROCESS,-2.7277999999999998,0,GOBP_PURINE_NUCLEOTIDE_BIOSYNTHETIC_PROCESS,FALSE,GOBP_PURINE_NUCLEOTIDE_BIOSYNTHETIC_PROCESS
22,2,-2,2,-0.99,-0.33289999999999997,7.0099999999999996E-2,1,TCP1|ACD|RUVBL2|CCT2|CCT3|CCT4|CCT5|WRAP53|CCT6A|CCT7|CCT8|BRCA2|LRWD1|SPDYA|TERF1|WBP2|DKC1|ZFP827|NIPBL|POT1A|POT1B,https://www.gsea-msigdb.org/gsea/msigdb/mouse/geneset/GOBP_ESTABLISHMENT_OF_PROTEIN_LOCALIZATION_TO_CHROMOSOME,21,ENR,GOBP_ESTABLISHMENT_OF_PROTEIN_LOCALIZATION_TO_CHROMOSOME,-1.8380000000000001,0.01,GOBP_ESTABLISHMENT_OF_PROTEIN_LOCALIZATION_TO_CHROMOSOME,FALSE,GOBP_ESTABLISHMENT_OF_PROTEIN_LOCALIZATION_TO_CHROMOSOME
3,2.7212463990471698,-2.7212463990471698,2.7212463990471698,-1,-0.2828,4.0000000000000002E-4,2.9000000000000001E-2,OAT|CSAD|PAH|PIPOX|DAO|PPAT|PRODH|DDAH1|PRODH2|DDO|QDPR|SDS|SDSL|SHMT1|AADAT|FAH|FTCD|GAD1|GAD2|GCAT|TAT|TDH|TDO2|THA1|GLS|AASS|GLS2|GLUD1|UROC1|ACMSD|GOT1|GOT2|GPT|GPT2|GSTZ1|HAAO|DLST|HAL|HDC|AFMID|HGD|AGXT|AGXT2|AHCY|HPD|IDO1|IDO2|IL4I1|IVD|ALDH4A1|KMO|ADHFE1|KYNU|ALDH8A1|AMDHD1|ARG1|ARG2|ASRGL1|ATP2B4|MAT1A|AUH|MCCC1|MCCC2|HMGCL|BCKDK|HMGCLL1|NOS2|CBS|NOS3|CDO1,https://www.gsea-msigdb.org/gsea/msigdb/mouse/geneset/GOBP_L_AMINO_ACID_CATABOLIC_PROCESS,70,ENR,GOBP_L_AMINO_ACID_CATABOLIC_PROCESS,-2.7886000000000002,0,GOBP_L_AMINO_ACID_CATABOLIC_PROCESS,FALSE,GOBP_L_AMINO_ACID_CATABOLIC_PROCESS
4,2.7212463990471698,-2.7212463990471698,2.7212463990471698,-1,-0.1236,2.0000000000000001E-4,1.2E-2,LY9|LYST|MAD2L2|MALT1|MAP3K7|MCOLN1|MCOLN2|MFSD6|MILL1|MLH1|MPEG1|MR1|MSH6|MUC4|MYO1G|NBN|NCKAP1L|NDFIP1|NFKB2|NFKBID|NFKBIZ|NLRP10|NLRP3|ORAI1|OTUB1|OTUD5|OTUD7B|PAG1|PARP3|PAXIP1|PDCD1|PDCD1LG2|PDIA3|PKN1|PMS2|POU2F2|PRDM1|HSPA8|PRKCB|PRKCD|PRKCQ|PRKCZ|PRKD2|PRR7|PVR|PYCARD|RAB27A|RAET1E|RAG1|RC3H1|RC3H2|RELB|RFTN1|RIF1|RIPK2|RIPK3|RNF125|RNF168|RNF19B|RNF8|RORC|RSAD2|SAMSN1|SASH3|SEMA4A|EIF2AK4|SERPINA3G|SERPINB9|SERPINB9B|SH2D1B1|SIGLECG|SIT1|SKAP1|SLA2|SLAMF1|SLAMF6|SLAMF7|SLC11A1|SLC15A4|SLFN1|SLFN2|SMAD7|SOCS5|SPN|STARD7|STAT4|STAT6|STX11|STX7|SWAP70|TAP1|TAP2|TARM1|OPA1|TBX21|TEC|TFRC|THEMIS|TMEM98|TNFAIP3|TNFRSF11A|TNFRSF13B|TNFRSF13C|TNFRSF14|TNFRSF17|TNFRSF1B|TNFSF13|TNFSF13B|TNFSF18|TNFSF4|TRAF2|TRAF6|TRAT1|TREML4|TRIM27|TRP53BP1|TRPM4|TXK|PCYT1A|TYK2|ULBP1|UNC13D|UNC93B1|UNG|VEGFA|VTCN1|RORA|WAS|XRCC4|YWHAG|ZAP70|ZBTB1|ZBTB7B|ZC3H12A|TGFB1|TREM2|B2M|BCL3|C1QA|PIK3CD|C1QB|C1QC|C1RA|C1RB|C1RL|C2|C3|C4B|C4BP|C8A|C8B|C8G|C9|CCL19|CCL20|CCR2|CCR7|CD46|CD55|CD81|CFI|CR1L|CR2|CRP|MSH2|EXO1|FCER2A|FCGR2B|FGA|FGB|FOXJ1|GATA3|GIMAP3|GIMAP5|GPR183|H2-DMA|H2-T23|HC|HPX|IL1B|LTA|MASP2|MBL1|MBL2|MEF2C|NOD2|NOTCH1|PF4|CTNNBL1|PTPN6|PTPRC|SERPING1|SH2D1A|TNF|SUSD4|TFE3|TFEB|TNFRSF21|TRAF3IP2|XCL1|IFNG|IL4|TREX1|ENPP1|EXOSC3|HMGB1|EXOSC6|MTOR|EP300|P2RX7|PRKAA1|STAT3|CLEC7A|TSC1|FGL2|ADA|GZMB|AICDA|MYD88|PRF1|SYK|TREM1|ARG1|ARG2|CD19|CD4|AHR|DLG1|ALOX15|ENTPD7|ANXA1|FYN|CD74|CEACAM1|IL4I1|KCNJ8|LIME1|LYN|NEDD4|PPP3CB|PNP|PTK2B|MIF|TCIRG1|C1QBP|PLA2G4A|6030468B19RIK|ADAM17|AGER|AKIRIN2|ALCAM|APLF|ARID5A|ASCL2|ATAD5|AZGP1|BACH2|BATF|BCL6|BMX|BRD2|BRD4|BTK|BTLA|C3AR1|CAMK4|SIRT1|CARD9|CCR6|CD160|SLC22A13|CD1D1|CD1D2|CD226|CD247|CD24A|CD27|CD274|CD28|CD3D|CD3E|CD3G|CD40|CD40LG|CD44|CD69|CD7|CD70|CD79A|CD79B|CD80|CD84|CD86|CD8A|CD8B1|CDH17|CLEC4A2|CLEC4D|CLEC4G|CLEC4N|CRLF2|CRTAM|CSF2RB|CSF2RB2|CSK|CTLA4|CTSC|CTSH|CX3CR1|DBNL|DCLRE1C|DENND1B|DPP4|DUSP10|DUSP22|EBAG9|EMP2|EOMES|EPHB2|EPHB6|ERAP1|ERCC1|FADD|FAS|FBXO38|FCAMR|FCER1A|FCER1G|FCGR1|FCGR3|FCGR4|FGG|FGL1|FOSL2|FOXP3|FUT7|FZD5|GADD45G|GAPT|GCNT3|GZMM|H2-D1|H2-DMB1|H2-K1|H2-M2|H2-M3|H2-Q1|CFH|H2-Q10|H2-Q2|H2-Q4|H2-Q6|H2-Q7|H2-T24|H2-T3|H60C|HAVCR2|HFE|HLX|HSPD1|ICAM1|ICOSL|IGLL1|IL12A|IL12B|IL12RB1|IL13RA2|IL17RA|IL18|IL18BP|IL18R1|IL18RAP|IL1R1|IL1RL1|IL2|IL20RB|IL23A|IL23R|IL27|IL27RA|ADCY7|IL2RB|IL31RA|IL33|IL4RA|IL6|IL6RA|IL7R|IL9R|INPP5D|IRF1|IRF4|IRF7|BCL10|ITK|JAG1|JAK2|JAK3|JAM3|KDELR1|KDM5D|KLHL22|KLHL6|KLRD1|KLRK1|LAG3|LAMP3|LAT|LAT2|LAX1|LEF1|LGALS1|LGALS9|LIG4|LOXL3,https://www.gsea-msigdb.org/gsea/msigdb/mouse/geneset/GOBP_ADAPTIVE_IMMUNE_RESPONSE,415,ENR,GOBP_ADAPTIVE_IMMUNE_RESPONSE,-2.8896000000000002,0,GOBP_ADAPTIVE_IMMUNE_RESPONSE,FALSE,GOBP_ADAPTIVE_IMMUNE_RESPONSE
4,2.3767507096021001,-2.3767507096021001,2.3767507096021001,-0.99580000000000002,-0.31330000000000002,4.0099999999999997E-2,1,IFNG|MAD2L2|EXOSC3|IL4|EXOSC6|MLH1|TGFB1|SLC15A4|NDFIP1|STAT6|IL2|TBX21|PARP3|PTPRC|PAXIP1|TFRC|IL27RA|APLF|MSH2|PMS2|ATAD5|TNFSF13|BCL6|TNFSF4|TRP53BP1|FOXP3|RIF1|CD28|CD40,https://www.gsea-msigdb.org/gsea/msigdb/mouse/geneset/GOBP_REGULATION_OF_ISOTYPE_SWITCHING,29,ENR,GOBP_REGULATION_OF_ISOTYPE_SWITCHING,-1.9997,4.1999999999999997E-3,GOBP_REGULATION_OF_ISOTYPE_SWITCHING,FALSE,GOBP_REGULATION_OF_ISOTYPE_SWITCHING
14,2.1079053973095201,-2.1079053973095201,2.1079053973095201,-0.99219999999999997,-0.1429,5.9900000000000002E-2,1,ELOVL2|ELOVL5|ELOVL6|EPHX1|EPHX2|FADS1|FADS2|GPX1|GPX4|GSTM1|GSTM2|GSTM3|SLC27A5|GSTM4|GSTM6|GSTM7|SCP2|GSTP1|GSTP2|TMEM135|SLC27A2|SLC27A4|LTC4S|ABCD2|ABCD3|MGLL|ACAA1A|MGST3|ACAA1B|CYP1A2|MYO5A|ACAD9|ACADL|PAM|ACOT4|ACOT7|ACOT8|ACSL5|PLA2G2F|PLA2G4A|PLP1|PNPLA3|PNPLA8|AIG1|PTGDS|PTGES|PTGES2|PTGIS|PTGR1|PTGS1|PTGS2|SCO1|SLC27A1|SLC27A3|SLC27A6|SPHK1|TBXAS1|ACOT1|CPT1A|ACOT2|CPT2|ACOT3|ACOT5|ACOT9|ACSBG1|CYP1A1|ACSL1|ACSL3|ACSL4|ACSL6|ACSM1|CYP4F13|CYP4F14|CYP4F15|CYP4F18|ALOX5|AHR|ABCD1|ALOX12|ALOX12B|ALOX12E|ALOX15|ALOX8|ALOXE3|EHHADH|PTGES3|ASAH2|ACOX1|CTHRC1|HACL1|CYP1B1|CYP2A12|CYP2A22|CYP2A4|CYP2A5|CYP2B10|CYP2B13|CYP2B19|CYP2B9|CYP2C29|CYP2C37|CYP2C38|CYP2C40|CYP2C50|HSD17B4|CYP2C54|CYP2C55|CYP2D10|CYP2D12|CYP2D22|CYP2D26|CYP2D34|CYP2D9|CYP2E1|CYP2F2|CYP2G1|CYP2J11|CYP2J13|LIPE|CYP2J5|CYP2J6|CYP2J9|CYP2S1|CYP2U1|CYP4A10|CYP4A12A|CYP4A12B|CYP4A14|CYP4A31|CYP4A32|DAGLA|DAGLB,https://www.gsea-msigdb.org/gsea/msigdb/mouse/geneset/GOBP_LONG_CHAIN_FATTY_ACID_METABOLIC_PROCESS,132,ENR,GOBP_LONG_CHAIN_FATTY_ACID_METABOLIC_PROCESS,-1.8796999999999999,7.7999999999999996E-3,GOBP_LONG_CHAIN_FATTY_ACID_METABOLIC_PROCESS,FALSE,GOBP_LONG_CHAIN_FATTY_ACID_METABOLIC_PROCESS
15,2.2218487496163601,-2.2218487496163601,2.2218487496163601,-0.99399999999999999,-0.1946,4.6800000000000001E-2,1,BCL2|CD44|BMP4|DOCK8|P2RX7|LGALS3|IRS2|AURKB|ZC3H8|BCL11B|EFNA1|HSH2D|PDCD7|PTCRA|NFKBID|PNP|TSC22D3|CASP8|BCL3|GPAM|GIMAP8|PTEN|PDCD1|SIGLEC1|VHL|FNIP1|FADD|PRKCQ|PRKD2|BBC3|BCL2A1A|RAG1|RIPK3|BAX|RORC|CCL5|MIF|TRP53|CD74|ST3GAL1|SERPINB9|TGFB2|CD47|BCL2L11|NOC2L|WNT5A|FOXP1|ADA|ADAM8|IL2|PERP|PRELID1|IDO1|SLC39A10|BLM|IL10|IL7R|KIFAP3|MYC|TNFSF4|BCL10|ORMDL3|ARG2|JAK3|HIF1A|SLC46A2|CD24A|CD27|CD274|TNFRSF4|LYN|CD3G,https://www.gsea-msigdb.org/gsea/msigdb/mouse/geneset/GOBP_REGULATION_OF_LYMPHOCYTE_APOPTOTIC_PROCESS,72,ENR,GOBP_REGULATION_OF_LYMPHOCYTE_APOPTOTIC_PROCESS,-1.9575,6.0000000000000001E-3,GOBP_REGULATION_OF_LYMPHOCYTE_APOPTOTIC_PROCESS,FALSE,GOBP_REGULATION_OF_LYMPHOCYTE_APOPTOTIC_PROCESS
4,1.8569851997459099,-1.8569851997459099,1.8569851997459099,-0.98609999999999998,-0.2024,7.4300000000000005E-2,1,MAD2L2|EXOSC3|EXOSC6|MLH1|TGFB1|MSH6|NOD2|NBN|CRLF2|NDFIP1|NFKBIZ|PARP3|PTPRC|PAXIP1|PMS2|POU2F2|ERCC1|FOXP3|TRAF3IP2|RIF1|GAPT|GCNT3|RNF168|RNF8|XCL1|IFNG|IL4|HSPD1|ICOSL|SLC15A4|FGL2|STAT6|SWAP70|IL2|AICDA|TBX21|6030468B19RIK|TFRC|IL27RA|APLF|MSH2|TREX1|ATAD5|EXO1|BATF|TNFSF13|BCL6|TNFSF4|BTK|TRP53BP1|CCR6|ENPP1|PCYT1A|UNG|CD28|XRCC4|CD40|LIG4|CD40LG,https://www.gsea-msigdb.org/gsea/msigdb/mouse/geneset/GOBP_IMMUNOGLOBULIN_PRODUCTION_INVOLVED_IN_IMMUNOGLOBULIN_MEDIATED_IMMUNE_RESPONSE,59,ENR,GOBP_IMMUNOGLOBULIN_PRODUCTION_INVOLVED_IN_IMMUNOGLOBULIN_MEDIATED_IMMUNE_RESPONSE,-1.823,1.3899999999999999E-2,GOBP_IMMUNOGLOBULIN_PRODUCTION_INVOLVED_IN_IMMUNOGLOBULIN_MEDIATED_IMMUNE_RESPONSE,FALSE,GOBP_IMMUNOGLOBULIN_PRODUCTION_INVOLVED_IN_IMMUNOGLOBULIN_MEDIATED_IMMUNE_RESPONSE
37,1.9244530386074701,-1.9244530386074701,1.9244530386074701,-0.98809999999999998,-0.38890000000000002,5.45E-2,1,HTR2B|HTR2C|PCX|SCP2|BSCL2|CAPN2|ACSL3|ERBB4|FABP3|NR1H4|SLC27A1|IDH1|PDGFA|LPCAT1|PDGFB|ABCA2|RAB38,https://www.gsea-msigdb.org/gsea/msigdb/mouse/geneset/GOBP_REGULATION_OF_PHOSPHOLIPID_BIOSYNTHETIC_PROCESS,17,ENR,GOBP_REGULATION_OF_PHOSPHOLIPID_BIOSYNTHETIC_PROCESS,-1.9125000000000001,1.1900000000000001E-2,GOBP_REGULATION_OF_PHOSPHOLIPID_BIOSYNTHETIC_PROCESS,FALSE,GOBP_REGULATION_OF_PHOSPHOLIPID_BIOSYNTHETIC_PROCESS
3,2.7212463990471698,-2.7212463990471698,2.7212463990471698,-1,-0.58260000000000001,0,0,IDO1|IDO2|IL4I1|KMO|UROC1|ACMSD|KYNU|PAH|AMDHD1|GSTZ1|HAAO|FAH|FTCD|HAL|HDC|AFMID|HGD|HPD|TAT|QDPR|TDO2,https://www.gsea-msigdb.org/gsea/msigdb/mouse/geneset/GOBP_AROMATIC_AMINO_ACID_FAMILY_CATABOLIC_PROCESS,21,ENR,GOBP_AROMATIC_AMINO_ACID_FAMILY_CATABOLIC_PROCESS,-3.218,0,GOBP_AROMATIC_AMINO_ACID_FAMILY_CATABOLIC_PROCESS,FALSE,GOBP_AROMATIC_AMINO_ACID_FAMILY_CATABOLIC_PROCESS
2,1.5670307091255899,-1.5670307091255899,1.5670307091255899,-0.97289999999999999,-0.1114,8.4000000000000005E-2,1,DHPS|DLG5|LGALS3|EFNB1|ERBB2|NCKAP1L|NDFIP1|PPP3CA|PNP|GLMN|GNRH1|GPNMB|H2-AA|PRNP|H2-DMB2|GPAM|PTPN6|PTEN|PTPN22|PTPRC|AIF1|PDCD1LG2|SLC4A1|IGFBP2|IHH|IL15|PRKCQ|IL21|IL2RA|PYCARD|ITCH|ITGAL|RC3H1|KITL|LAPTM5|TNFRSF21|LMO1|LRRC32|RIPK2|RIPK3|VSIG4|MAD1L1|MAPK8IP1|NCK2|SASH3|XCL1|NR5A2|IFNG|IL4|PELI1|SLAMF1|CDKN2A|RAC2|SHH|RASAL3|SLFN1|PLA2G2F|SPN|PLA2G5|SCGB1A1|SCRIB|SDC4|SFTPD|TARM1|CASP3|SH3RF1|TFRC|AGER|SYK|TNFRSF13C|TNFRSF14|TNFRSF1B|BCL6|PDE5A|TNFSF13B|TNFSF18|TNFSF4|NCK1|SOS1|TRAF6|ARG1|BTLA|SOS2|ARG2|PRKAR1A|STAT5A|CD1D1|TYK2|CD1D2|CD24A|TGFBR2|CD274|SLC4A2|VTCN1|CD28|CD3E|TNFRSF9|ZAP70|TNFSF9|CD40LG|ZBTB7B|CD44|TSC2|BMP4|TSPAN32|HMGB1|TWSG1|IGF1|IGF2|CD80|IL6ST|CD86|VCAM1|SLC7A1|TGFB1|CLEC4G|ZC3H12D|RPS3|CRTAM|CD4|CTLA4|ZNHIT1|CORO1A|BMI1|STAT5B|DLG1|CTNNB1|FADD|HES1|BID|ANXA1|FOXP3|CCL19|CD209D|CEBPB|H2-DMB1|CCL5|H2-M3|CEACAM1|PAWR|CCR2|CCR7|CD37|CD46|CD55|CD59A|HAVCR2|CD59B|DNAJA3|CD81|ICOSL|IL12A|IL12B|IL12RB1|IL18|IL1A|IL2|IL20RB|IL23A|IL27|IDO1|ADK|IL4I1|BLM|IL6|IRGM1|BTNL2|CARD11|IRF1|CBLB|CCDC88B|CD209A|CD209C|FOXJ1|JAK2|CD209E|JAK3|CD276|CD6|H2-T23|CLEC2I|PLA2G2D|IL1B|LGALS9,https://www.gsea-msigdb.org/gsea/msigdb/mouse/geneset/GOBP_REGULATION_OF_T_CELL_PROLIFERATION,184,ENR,GOBP_REGULATION_OF_T_CELL_PROLIFERATION,-1.7857000000000001,2.7099999999999999E-2,GOBP_REGULATION_OF_T_CELL_PROLIFERATION,FALSE,GOBP_REGULATION_OF_T_CELL_PROLIFERATION
4,2.4202164033831899,-2.4202164033831899,2.4202164033831899,-0.99619999999999997,-0.30320000000000003,3.2199999999999999E-2,0.999,CEACAM1|HMGB1|HAVCR2|MILL1|HSPD1|MR1|TGFB1|MUC4|IL12A|IL12B|CRTAM|PRKAA1|AHR|ADAM15|NKG7|PDCD1|KLRE1|PRF1|IL4I1|FBXO38|PVR|CD160|KLHL22|SLC22A13|ULBP1|CD226|KLRK1|CD24A|CD274|HRG|YWHAG|CD40LG|XCL1,https://www.gsea-msigdb.org/gsea/msigdb/mouse/geneset/GOBP_IMMUNE_RESPONSE_TO_TUMOR_CELL,33,ENR,GOBP_IMMUNE_RESPONSE_TO_TUMOR_CELL,-2.0644999999999998,3.8E-3,GOBP_IMMUNE_RESPONSE_TO_TUMOR_CELL,FALSE,GOBP_IMMUNE_RESPONSE_TO_TUMOR_CELL
4,2.3767507096021001,-2.3767507096021001,2.3767507096021001,-0.99580000000000002,-0.23230000000000001,4.7E-2,1,MAD2L2|EXOSC3|EXOSC6|CD86|MLH1|TGFB1|XBP1|PHB2|PTPRC|PAXIP1|DNAJB9|EPHB2|PMS2|IL21|IL2RG|IL5|RBP4|RIF1|SASH3|XCL1|GALNT2|IFNG|IL13RA1|CD37|IL4|TLR9|FOXP1|IL13|STAT6|IL2|TBX21|6030468B19RIK|TFRC|IL33|MSH2|IL4RA|IL10|IL6|ATAD5|TNFSF13|TNFSF4|BTK|GPI1|TRP53BP1|H2-T23|CD27|STX4A|HPX|CD28|TNFRSF4|CD40,https://www.gsea-msigdb.org/gsea/msigdb/mouse/geneset/GOBP_POSITIVE_REGULATION_OF_IMMUNOGLOBULIN_PRODUCTION,51,ENR,GOBP_POSITIVE_REGULATION_OF_IMMUNOGLOBULIN_PRODUCTION,-1.9584999999999999,4.1999999999999997E-3,GOBP_POSITIVE_REGULATION_OF_IMMUNOGLOBULIN_PRODUCTION,FALSE,GOBP_POSITIVE_REGULATION_OF_IMMUNOGLOBULIN_PRODUCTION
2,2.7212463990471698,-2.7212463990471698,2.7212463990471698,-1,-0.14860000000000001,1.9599999999999999E-2,0.96899999999999997,DHPS|EFNB1|MEF2C|FGF10|NCKAP1L|FLT3L|PPP3CA|PNP|H2-DMB2|GPAM|TIRAP|PTPN22|PTPRC|TLR4|AIF1|PDCD1LG2|CSF1|SLC4A1|IGFBP2|IL15|PRKCQ|IL21|IL2RA|IL5|PYCARD|IL7|MAPK1|ITGAL|TAC1|CD38|KITL|RIPK2|CHRNB2|IL34|MPL|MIF|NCK2|SASH3|XCL1|NR5A2|IFNG|IL4|PELI1|TLR9|SLAMF1|PRLR|RAC2|SHH|RASAL3|ADA|SPN|MYD88|TFRC|AGER|SLC39A10|SYK|TNFRSF13C|ATAD5|KIT|TNFSF13|BCL6|TNFSF13B|TNFSF4|BTK|NCK1|TRAF6|STAT5A|CD1D1|TYK2|CD1D2|TCF3|CD24A|TGFBR2|TICAM1|CD274|VTCN1|CD28|TNFRSF4|CD3E|ZAP70|CD40|TNFSF9|CD40LG|BCL2|GSK3B|CSF2|CSF2RA|HMGB1|IGF1|IGF2|CD80|IL6ST|VAV3|CD86|VCAM1|SLC7A1|WNT3A|IRS2|OCSTAMP|RPS3|PTK2|ZFP335|CSF2RB|ST6GAL1|CSF2RB2|CD4|MAPK3|CORO1A|BMI1|STAT5B|NFATC2|EPHB2|TACR1|FADD|HES1|ANXA1|FOXP3|CCL19|CD209D|H2-DMB1|CCL5|CD74|CCR2|CCR7|CD46|CD55|CD59A|HAVCR2|CD59B|DNAJA3|CD81|ICOSL|IL12A|IL12B|IL12RB1|IL13|IL18|IL1A|IL2|IL23A|ADK|BLM|IL6|BST1|IRGM1|BTNL2|CARD11|CCDC88B|CD209C|JAK2|NMB|CD209E|JAK3|CD276|CD320|GPR183|CD6|H2-T23|CDKN1A|BCL2L1|CSF1R|IL1B|LYN,https://www.gsea-msigdb.org/gsea/msigdb/mouse/geneset/GOBP_POSITIVE_REGULATION_OF_LEUKOCYTE_PROLIFERATION,163,ENR,GOBP_POSITIVE_REGULATION_OF_LEUKOCYTE_PROLIFERATION,-2.1865999999999999,0,GOBP_POSITIVE_REGULATION_OF_LEUKOCYTE_PROLIFERATION,FALSE,GOBP_POSITIVE_REGULATION_OF_LEUKOCYTE_PROLIFERATION
3,2.67778070526608,-2.67778070526608,2.67778070526608,-0.99790000000000001,-0.46260000000000001,1.9199999999999998E-2,0.96699999999999997,IDO1|IDO2|CYP2D22|IL4I1|KMO|ACMSD|KYNU|ATP7A|HAAO|NMNAT2|NADSYN1|AFMID|GCDH|TDO2|QPRT,https://www.gsea-msigdb.org/gsea/msigdb/mouse/geneset/GOBP_INDOLALKYLAMINE_METABOLIC_PROCESS,15,ENR,GOBP_INDOLALKYLAMINE_METABOLIC_PROCESS,-2.1909000000000001,2.0999999999999999E-3,GOBP_INDOLALKYLAMINE_METABOLIC_PROCESS,FALSE,GOBP_INDOLALKYLAMINE_METABOLIC_PROCESS
5,2.7212463990471698,-2.7212463990471698,2.7212463990471698,-1,-9.6500000000000002E-2,1.3100000000000001E-2,0.871,AOC3|GPD1L|PRKCB|PRKCD|ERBB4|AKT2|CHRM3|NPPA|FMR1|KLF15|PDE4D|MET|P2RY6|PID1|RHOQ|SPHK2|TGFB1|PRKCA|PIK3C2A|AHI1|BPIFA1|APPL1|ASPSCR1|PIK3CG|CLIP3|CNIH2|CREBL2|CTTNBP2NL|DAPK1|C3|ERBB3|FGF21|GPC3|AKT1|GSG1L|MAPK8IP2|MINK1|ATP7A|NLGN2|PLCG1|OAZ2|PLCG2|OCLN|OSBPL8|PEA15A|PIM1|ACE|PRKCI|ACE2|PRRT1|PTPN11|RASGRF1|RASGRF2|RTN2|SH2B2|SHANK1|ARHGEF11|SHISA7|ARL6IP1|SHISA9|ARL6IP5|STXBP4|UPK3B|YES1|CX3CL1|CXCL10|TMEM38B|CXCL11|ISCU|MFN2|CXCL9|VDAC1|F2|MYC|AHCYL1|GIMAP3|GIMAP5|HAMP|HAMP2|IL1B|SLC25A27|REPIN1|RGS2|RPS6KB1|PARK7|PPIF|PTPN6|SLC17A8|SNCA|SLC1A2|TNF|ABCC9|BAX|XCL1|IFNG|IL4|NR4A3|SLC26A6|CHD7|OPN3|BRAF|ADRB1|CRHBP|C1QTNF2|SLC43A1|SLC43A2|ENPP1|PLCB1|GRB10|GSK3A|IGF1|INPP5K|INS1|INS2|INSR|IRS1|IRS2|MTOR|SLC7A5|PER2|NFE2L2|NLGN1|THBS1|SORBS1|ACACB|NOL3|ACTB|G6PDX|HK2|P2RX7|RNASEL|PSEN1|SIRT6|UCP2|ACSL5|ADIPOQ|ABCB1A|ABCB1B|ABL1|ACTN2|ADRB2|AFG3L2|AGRN|AGTR1A|ARG1|AHNAK|ARG2|AKAP5|SLC34A1|AKAP6|ATP2B4|AKAP7|AKAP9|AMIGO1|ANK2|ANK3|ANO6|APLNR|ARF1|ASPH|ATG5|ATP1B2|ATP1B3|ATP2A1|ATP4A|BAK1|BCL2|BDKRB1|BMP4|CACNA1C|CACNA1D|CACNA1F|CACNA2D1|CACNB1|CACNB2|CACNB3|CACNG1|ACSL1|CALM1|CALM2|CALM3|ACSL6|CAMK2D|CAPN3|CASQ1|CASQ2|CAV3|CD19|CD4|CD63|ADIPOR2|CFTR|AGT|CLEC4B1|DBI|AHR|CNKSR3|COMMD1|CORO1A|CRBN|CTSS|CXCR3|CYBA|DHRS7C|DLG1|DMD|DPP10|DPP6|DRD4|DYSF|EDN3|EDNRA|EHD3|F2R|F2RL3|FBXO11|FCRL5|FGF12|FGF13|FGF14|FHL1|FKBP1A|FKBP1B|FLNA|FXYD1|APPL2|FXYD2|FXYD3|FXYD4|CAPN10|FXYD5|FXYD6|FXYD7|FYN|GAL|CAV1|GALR2|GJC2|GNB2|GNB5|GOPC|GPR35|GPR39|GRIA1|GRIN1|GRIN2C|GRM6|GRP|GSTO1|HAP1|HEPH|HOMER1|HPCA|HRC|HSPA2|IKBKB|IL13|ITGB1|ITGB3|JPH2|JPH3|JSRP1|KCNAB1|KCNAB2|KCNAB3|KCNC1|KCNC2|KCNE1|KCNE2|KCNE3|KCNG4|KCNH2|KCNIP1|KCNIP2|KCNIP3|KCNIP4|KCNJ1|KCNJ10|KCNJ11|KCNJ12|KCNJ13|KCNJ15|KCNJ16|KCNJ2|KCNJ5|KCNJ6|KCNJ8|KCNMB1|KCNN2|MEF2A|KCNN4|KCNQ1|KCNRG|KCNS1|KEL|LCN2|LIME1|LRRC26|LRRC52|LRRC55|LYN|MMP9|EDN1|MS4A1|MS4A2|NDUFA4|NEDD4|NEDD4L|NGF|NLGN3|NR3C2|OAZ1|OSR1|OXSR1|P2RX1|RAP1A|P2RX4|P2RX5|PCSK9|PDPK1|PHB2|PKD2|PLN|FABP5|PML|PPP3CA|PPP3CB|PPP3CC|PPP3R1|PRKCE|PRKD1|PRNP|PRSS8|PSEN2|PTGER3|PTK2B|PTPN22|PTPN3|RANGRF|RAPGEF3|RELN|REM1|RGS4|GSTM7|RGS7|RGS9|RIPK1|RNF207|RYR2|SCN1B|SCN2B|SCN3B|SCN4B|SCN5A|SESTD1|SLC30A1|SLC31A2|SLC36A2|SLC8A1|SLC9A1|SLC9A6|SLMAP|SLN|MAPK14|SNTA1|SPG7|SRI|STAC|STAC2|STAC3|STIM1|STIM2|MYO5A|STK39|STOM|SUMO1|TCIRG1|TESC|TGFB2|THY1|TLR9|TMBIM6|TMEM168|TMEM38A|TRDN|TRPC1|TRPC3|TRPC6|TSPAN13|UBASH3B|UBQLN1|UBR3|VAMP2|VMP1|WNK1|WNK2|PLP1|WNK4|WWP2|YWHAE|YWHAH|YWHAQ|ESR1|SCO1|GH|TRIB3|AZIN1|CAR2|HTT|TACO1|SLC38A1|COX17|AK1|RASA1|BIN1|ATP1A2|ATP1B1|CACNB4|ADCYAP1R1,https://www.gsea-msigdb.org/gsea/msigdb/mouse/geneset/GOBP_REGULATION_OF_TRANSMEMBRANE_TRANSPORT,419,ENR,GOBP_REGULATION_OF_TRANSMEMBRANE_TRANSPORT,-2.2610999999999999,0,GOBP_REGULATION_OF_TRANSMEMBRANE_TRANSPORT,FALSE,GOBP_REGULATION_OF_TRANSMEMBRANE_TRANSPORT
13,2.7212463990471698,-2.7212463990471698,2.7212463990471698,-1,-0.29780000000000001,3.0999999999999999E-3,0.28699999999999998,CYB5R4|CUBN|CYP1A1|SLC6A9|CLYBL|MMAB|MMACHC|MMADHC|UROS|SLCO1A6|SLCO1B2|HNF1A|MTR|TMEM14A|ABCD4|COX10|CYP1A2|CPOX|SLC25A39|AMN|CYP2A5|FXN|MMAA|ABCB10|ABCB6|ABCB7|ALAD|ALAS1|ALAS2|ANK1|BLVRB|COX15|EIF2AK1|FECH|HEBP1|HMBS|HMOX1|HMOX2|IREB2|BLVRA|PGRMC1|PPOX|RSAD1|SLC11A2|SLC48A1|SNX3|SRRD|TMEM14C|MTRR|UGT1A1|BDH2|UROD|HPX,https://www.gsea-msigdb.org/gsea/msigdb/mouse/geneset/GOBP_TETRAPYRROLE_METABOLIC_PROCESS,53,ENR,GOBP_TETRAPYRROLE_METABOLIC_PROCESS,-2.5097,0,GOBP_TETRAPYRROLE_METABOLIC_PROCESS,FALSE,GOBP_TETRAPYRROLE_METABOLIC_PROCESS
12,1.4907974776688999,-1.4907974776688999,1.4907974776688999,-0.9677,-0.3347,9.3399999999999997E-2,1,SCARB1|STRA6|SLC19A1|SLC25A32|SLC19A2|SLC19A3|SLC22A1|ABCC5|SLC25A19|RBP4|SLC22A2|GC|SLC27A1|SLC44A4|SLC46A1|SLC47A1|SLC23A1|SLC23A2|LRP2|SLC5A6,https://www.gsea-msigdb.org/gsea/msigdb/mouse/geneset/GOBP_VITAMIN_TRANSMEMBRANE_TRANSPORT,20,ENR,GOBP_VITAMIN_TRANSMEMBRANE_TRANSPORT,-1.7589999999999999,3.2300000000000002E-2,GOBP_VITAMIN_TRANSMEMBRANE_TRANSPORT,FALSE,GOBP_VITAMIN_TRANSMEMBRANE_TRANSPORT
1,2.7212463990471698,-2.7212463990471698,2.7212463990471698,-1,-0.1515,0,0,CTNS|CTPS2|CYB5R4|DCK|DCTPP1|DHFR|DHODH|DNM1L|DPYS|DTYMK|DUT|ENPP3|ENPP5|ENTPD1|ENTPD5|EPHA2|FAM3A|FHIT|FIGNL1|FIS1|FLAD1|FMO2|GART|GIMAP7|GMPR|GMPR2|GMPS|GNAI3|GPD1L|GUCA1A|GUCA1B|GUCY2C|GUCY2G|GUK1|HINT1|HNF1A|HSPA1B|HSPA8|IMPDH1|IMPDH2|ITPA|LDHB|LETMD1|LRRK2|MAP2K1|MAPK1|ME1|ME2|MFN1|MTHFD1|MTHFD2L|MYH6|MYH7|NADK|NADSYN1|NAMPT|NCF1|NCF2|NME1|NME2|NME3|NME4|NME5|NME6|NME7|NMNAT1|NMNAT3|NNMT|NPPA|NPPB|NPPC|NPR1|NPR2|NT5C|NT5C2|NT5C3|NT5E|NT5M|NUDT10|NUDT11|NUDT12|NUDT13|NUDT15|NUDT16|NUDT17|NUDT18|NUDT2|NUDT4|NUDT9|OASL2|OLA1|OPA1|PAICS|PAPSS1|PAPSS2|PARG|GTPBP1|PARP1|PARP14|PCX|PDE10A|PDE1A|PDE4A|PDE4C|PDE4D|PDE5A|PDE7A|PDE7B|PDE8A|PDE8B|PDE9A|NMNAT2|PFAS|PID1|PRPS1L1|PRPS1L3|PRPSAP1|PRPSAP2|RAB23|RAN|RD3|RFK|RHOQ|RNASEH2B|RORA|RRM1|RRM2|RRM2B|SAMHD1|SARM1|SLC1A3|SLC25A11|SLC25A22|SLC29A1|SLC37A2|SLC4A7|SLC52A2|SLC52A3|SPHK2|SULT2B1|TBPL1|TGFB1|TK2|TMSB4X|TREM2|TSPO|TYMS|UCK1|UCK2|UCKL1|UMPS|UPRT|ACO1|ACTN3|ADSL|AK4|ARL2|ATP7A|BCL2L13|CBFA2T3|COL6A1|DGUOK|DLST|DNAJC30|IDH1|IDH2|MDH1|MDH2|MLXIPL|MTCH2|MYC|MYOG|NDUFA1|NDUFA10|NDUFA11|NDUFA12|NDUFA13|NDUFA2|NDUFA3|NDUFA5|NDUFA6|NDUFA7|NDUFA8|NDUFA9|NDUFAB1|NDUFB10|NDUFB11|NDUFB2|NDUFB3|NDUFB4|NDUFB5|NDUFB6|NDUFB7|NDUFB8|NDUFB9|NDUFC1|NDUFC2|NDUFS1|NDUFS2|NDUFS3|NDUFS4|NDUFS5|NDUFS6|NDUFS7|NDUFS8|NDUFV1|NDUFV2|NDUFV3|NUPR1|OGDH|PARK7|PDE2A|RHOA|SDHA|SDHB|SDHC|SDHD|SHMT2|STOML2|VCP|ABCC9|IFNG|IL4|JMJD8|MFSD8|OAS1A|PPARGC1A|PRKACA|SLC25A13|SLC25A25|TREX1|ADCY10|ENPP1|ESRRB|GCK|IGF1|INS1|INS2|INSR|KHK|LDHA|MTOR|PFKM|PRKAG2|PRKAG3|SLC25A12|TRP53|ACACB|ADPGK|ALDH1L1|ALDH1L2|ALDOA|ALDOART1|ALDOART2|ALDOB|ALDOC|APP|ARNT|BPGM|DDIT4|DHTKD1|EIF6|ENO1|ENO2|ENO3|ENO4|EP300|FBP1|FKRP|FLCN|FOXK1|FOXK2|G6PDX|GALE|GALK1|GALT|GAPDH|GAPDHS|GIT1|GPD1|GPI1|H6PD|HDAC4|HIF1A|HK1|HK2|HK3|HKDC1|HSD11B1|IER3|KAT2B|LIPA|MLST8|MLX|MPI|NCOR1|OGT|P2RX7|PFKFB1|PFKFB2|PFKFB3|PFKL|PFKP|PGAM1|PGAM2|PGD|PGK1|PGLS|PKLR|PPARA|PPP2CA|PRKAA1|PRKAA2|PRKAG1|PRPS1|PRPS2|PSEN1|RBKS|RPE|RPIA|RPTOR|SHPK|SIK2|SIRT6|SLC2A6|SLC4A1|SLC4A4|SRC|STAT3|TALDO1|TKT|TPI1|TRIM63|UCHL1|UCP2|ZBTB20|ZBTB7A|ADA|ADAL|AFMID|BAD|CDA|DCTD|DCXR|DERA|DPYD|ENTPD4|ENTPD7|GDA|GOT1|GOT2|GPD2|HAAO|IDO1|IDO2|KMO|KYNU|LDHC|LDHD|NOS3|NUDT3|NUDT5|PNP|PNP2|PPAT|QPRT|SHMT1|SULT1B1|SULT1E1|SULT2A1|SULT2A2|SULT2A3|SULT2A5|SULT2A6|SULT2A7|UOX|UPB1|UPP1|UPP2|XDH|CFH|ABCC6|ADCY1|ADCY2|ADCY3|ADCY4|ADCY5|ADCY6|ADCY7|ADCY9|ADK|ADORA2B|AK1|AK2|AK3|AK5|AK7|AK8|AMPD1|AMPD2|AMPD3|AOX1|APRT|ART2B|ASPDH|ATIC|ATP1A2|ATP1B1|ATP2B2|ATP6V1A|ATP6V1B1|ATP6V1B2|BCL2L1|BEND3|CACNB4|CAD|CLPX|CMPK1|CMPK2|CNP|COX11,https://www.gsea-msigdb.org/gsea/msigdb/mouse/geneset/GOBP_NUCLEOTIDE_METABOLIC_PROCESS,421,ENR,GOBP_NUCLEOTIDE_METABOLIC_PROCESS,-3.5697999999999999,0,GOBP_NUCLEOTIDE_METABOLIC_PROCESS,FALSE,GOBP_NUCLEOTIDE_METABOLIC_PROCESS
4,2.7212463990471698,-2.7212463990471698,2.7212463990471698,-1,-0.10780000000000001,4.3400000000000001E-2,1,MAD2L2|MALT1|P2RX7|MAP3K7|RASGRP4|MLH1|ADORA3|ENPP3|MR1|PRKAA1|NFKBID|NFKBIZ|CD177|NLRP3|H2-DMB2|TIRAP|TLR2|TLR4|PAXIP1|PMS2|HSPA8|PRKCZ|IL21|IL2RG|PVR|IL5|PYCARD|RBP4|RAET1E|LAPTM5|RIF1|RIPK2|DHX36|RSAD2|SASH3|ITGB2|ITGB2L|SH2D1B1|NPPA|NPPC|SLAMF1|SLAMF6|CLEC7A|RARA|CXCL1|F2RL1|RASGRP1|SOCS5|STAT6|STX7|TAP2|OPA1|TBX21|MYD88|SHB|TFRC|SYK|KIT|TNFRSF14|TNFSF13|TNFSF4|RTN4|TRAF2|TRAF6|ARG1|TRP53BP1|STAT5A|ULBP1|TICAM1|TNFRSF4|YWHAG|ZBTB1|TYROBP|VAV1|RPS19|SPHK2|TGFB1|XBP1|TREM2|B2M|STAT5B|KLRE1|TLR3|C3|TLR7|PLCG2|PLD2|ANXA1|CCL19|CCL2|APPL2|PTAFR|CD74|CCR2|CCR7|CD36|CD37|CD46|CD55|CD81|CFP|COLEC10|IL13|COLEC11|AP1G1|CADM1|MSH2|FCER2A|ITGAM|FCNB|KLRB1C|GATA3|KLRC1|GAB2|KLRC2|GATA1|GIMAP3|KLRI1|GATA2|GIMAP5|KLRI2|LAMP1|H2-T23|PANX1|STAP1|STXBP2|SNX4|STX4A|HPX|VAMP8|IL1B|KLK5|KLK7|MS4A2|LTA|PCK1|MBL2|NOD2|PHB2|PNP|PTPN6|PTPN22|PTPRC|DNAJB9|DDX1|SH2D1A|TNF|SPON2|MIF|XCL1|IFNG|IL4|TLR9|FFAR2|FFAR3|NR4A3|PLA2G3|PLA2G5|6030468B19RIK|DDX21|ARID5A|ATAD5|AZGP1|BRD2|BRD4|BTK|SIRT1|CARD9|CD160|SLC22A13|CD1D1|CD1D2|CD226|CD24A|CD27|CD28|CD40|EXOSC3|EXOSC6|CD86|CRTAM|DENND1B|CD300A|DPP4|EPHB2|POMC|STXBP1|FADD|FBXO38|FCER1A|FCER1G|FCGR1|FCGR3|ANKRD17|FOXP3|CASP1|FZD5|CASP4|H2-D1|H2-DMB1|H2-K1|H2-M2|H2-M3|DDX60|H2-Q1|DHX58|H2-Q10|GALNT2|H2-Q2|GPRC5B|H2-Q4|H2-Q6|IL13RA1|H2-Q7|H2-T24|IRF5|H2-T3|H60C|MAPKAPK2|MYO18A|HLX|HSPD1|SEMA7A|TEK|FGR|IL12A|TRIM6|WNT5A|FOXP1|IL12B|IL18|IL18R1|IL18RAP|IL1R1|IL2|IL23A|EP300|IL33|ADORA2B|IL4RA|IL10|IL6|IRF1|LBP|GPI1|MAVS|HK1|KLHL22|KLRD1|KLRK1|LAG3|CLNK|NOD1|DDRGK1,https://www.gsea-msigdb.org/gsea/msigdb/mouse/geneset/GOBP_POSITIVE_REGULATION_OF_IMMUNE_EFFECTOR_PROCESS,254,ENR,GOBP_POSITIVE_REGULATION_OF_IMMUNE_EFFECTOR_PROCESS,-1.9750000000000001,0,GOBP_POSITIVE_REGULATION_OF_IMMUNE_EFFECTOR_PROCESS,FALSE,GOBP_POSITIVE_REGULATION_OF_IMMUNE_EFFECTOR_PROCESS
15,1.8507808873446201,-1.8507808873446201,1.8507808873446201,-0.9859,-0.14910000000000001,0.04,1,DOCK8|P2RX7|LGALS3|MEF2C|NOD2|AURKB|BCL11B|EFNA1|HSH2D|PTCRA|GLI3|NFKBID|PNP|TSC22D3|NFKBIZ|CASP8|DFFA|EBF4|FASL|GPAM|GIMAP8|HCLS1|PTEN|PLEKHO2|RAPGEF2|PDCD1|SIGLEC1|VHL|SIVA1|PKN1|FNIP1|RIPK1|PRKCQ|CXCR2|IL21|PRKD2|IL2RA|RAG1|KITL|TNFRSF21|TRAF3IP2|RIPK3|BAX|MERTK|RORC|MIF|ST3GAL1|SERPINB9|IFNG|TGFB2|BCL2L11|CDKN2A|NR4A3|ADA|ITPKB|PERP|PRELID1|CASP3|ADAM17|CASP9|SLC39A10|TNFSF4|ORMDL3|ARG2|SIRT1|STAT5A|SLC46A2|CD24A|CD27|CD274|TNFRSF4|CD3G|BAK1|BCL2|CD44|BMP4|LMBR1L|IRS2|ZC3H8|PDCD7|RPS6|ST6GAL1|BCL3|PIK3CB|PIK3CD|FADD|AKT1|FAS|BBC3|FCER1G|BCL2A1A|ANXA1|CCL19|CASP7|CCL5|TRP53|CD74|CCR7|CD47|DNAJA3|SLC7A11|NOC2L|WNT5A|FOXP1|IL18|ADAM8|GAS6|IL2|CXCL12|CCR5|IDO1|AXL|BLM|IL10|IL6|IL7R|KIFAP3|FCGR2B|MYC|ITGAM|BCL10|NF1|JAK3|KDELR1|HIF1A|BCL2L1|LIPA|LYN|CHEK2|CRKL,https://www.gsea-msigdb.org/gsea/msigdb/mouse/geneset/GOBP_LEUKOCYTE_APOPTOTIC_PROCESS,130,ENR,GOBP_LEUKOCYTE_APOPTOTIC_PROCESS,-2.0009999999999999,1.41E-2,GOBP_LEUKOCYTE_APOPTOTIC_PROCESS,FALSE,GOBP_LEUKOCYTE_APOPTOTIC_PROCESS
9,2.0809219076239298,-2.0809219076239298,2.0809219076239298,-0.99170000000000003,-0.2218,5.8700000000000002E-2,1,RBM34|RPL14|RPL24|FTSJ3|RPL26|RPF1|RPF2|RPL7L1|RPL35|RPL35A|GTF3A|RRP15|GTPBP4|RPL5|HEATR3|RPL7|RPL7A|RRS1|RSL24D1|SDAD1|LAS1L|MAK16|MDN1|MRTO4|SURF6|BOP1|BRIX1|NIP7|NLE1|TRMT112|NOC2L|FASTKD2|URB1|CINP|NOL9|EIF6|NOP16|NOP2|DDX18|NPM1|NSA2|DDX28|WDR12|NVL|PAK1IP1|WDR74|PES1|DHX30|PPAN|ZFP622|ZNHIT3|EBNA1BP2|ZNHIT6|RPL11,https://www.gsea-msigdb.org/gsea/msigdb/mouse/geneset/GOBP_RIBOSOMAL_LARGE_SUBUNIT_BIOGENESIS,54,ENR,GOBP_RIBOSOMAL_LARGE_SUBUNIT_BIOGENESIS,-1.8851,8.3000000000000001E-3,GOBP_RIBOSOMAL_LARGE_SUBUNIT_BIOGENESIS,FALSE,GOBP_RIBOSOMAL_LARGE_SUBUNIT_BIOGENESIS
7,2.7212463990471698,-2.7212463990471698,2.7212463990471698,-1,-0.27960000000000002,0,2E-3,KNG2|KRT6A|LEAP2|LGALS3|LGALS4|LTF|RPS19|MMP7|NOD2|FAM3A|NPY|NTS|PF4|PGLYRP1|PGLYRP3|PGLYRP4|ADM|PLA2G1B|ANG|PPBP|B2M|PPL|BPIFA1|REG1|REG2|REG3A|REG3B|POMC|REG3D|REG3G|RNASE6|ROMO1|S100A9|SPAG11B|CAMP|CCL1|TAC1|CCL11|CCL12|CCL17|CCL19|CCL2|CCL20|TSLP|CCL22|CCL24|CCL25|CCL27A|CCL28|CCL3|CCL4|CCL5|CCL6|CCL7|XCL1|CCL8|CCL9|NPPB|APP|CX3CL1|CXCL10|CXCL11|CXCL12|CXCL13|CXCL14|CXCL15|FAU|CXCL5|CXCL9|DEFB1|DEFB37|DMBT1|ELANE|EVPL|F2|GAPDH|HAMP|HAMP2|HMGN2|HRG|IVL|KLK5|RPL30|KLK7|KNG1|RPL39,https://www.gsea-msigdb.org/gsea/msigdb/mouse/geneset/GOBP_ANTIMICROBIAL_HUMORAL_IMMUNE_RESPONSE_MEDIATED_BY_ANTIMICROBIAL_PEPTIDE,86,ENR,GOBP_ANTIMICROBIAL_HUMORAL_IMMUNE_RESPONSE_MEDIATED_BY_ANTIMICROBIAL_PEPTIDE,-3.0806,0,GOBP_ANTIMICROBIAL_HUMORAL_IMMUNE_RESPONSE_MEDIATED_BY_ANTIMICROBIAL_PEPTIDE,FALSE,GOBP_ANTIMICROBIAL_HUMORAL_IMMUNE_RESPONSE_MEDIATED_BY_ANTIMICROBIAL_PEPTIDE
27,2.7212463990471698,-2.7212463990471698,2.7212463990471698,-1,-0.1532,5.8999999999999999E-3,0.53200000000000003,CRYZ|FANCB|CYP2AB1|MCM7|CYP2C65|PAX6|CYP2C67|PPM1E|CYP2C68|PPM1F|CYP2C69|PPP1R12A|CYP2C70|PPP1R14A|CYP2R1|PPP1R9B|CYP3A11|RAP1A|CYP3A44|RAP1B|FMO5|RAP2A|SLC10A1|GSTA2|MEF2C|RB1|GSTA3|RECQL5|GSTA4|RNF149|SERPINE1|GSTM5|SOX10|GSTO2|SUFU|GSTT1|SLAMF8|N6AMT1|NCEH1|PRKAA1|NR1I2|PRKAA2|SULT1A1|FMO2|TPMT|FMO1|PON3|UGT1A6B|FMO4|PRNP|UGT2B1|VKORC1|GSTA1|GSTM1|GSTM2|GSTM3|GSTM4|GUK1|GSTM6|GSTM7|GSTP1|GSTP2|HNF4A|UCHL1|SULT1B1|ABCB11|SULT2A1|ABCC9|SULT2A2|SULT2A3|SULT2A5|SULT2A6|SULT2A7|ACAA1A|RORC|ACAA1B|CYP1A2|NUDT15|WNK4|ADIPOQ|BRAF|TFRC|ALDH2|PDE4A|CRHBP|AKAP5|EGFR|RORA|TH|CD69|GPLD1|PDE4B|FMO3|CYP1A1|ACSL1|CYP26A1|CYP26B1|CYP46A1|UGT1A6A|UMPS|ADM|SLCO1A1|AHR|SLCO1A6|STAR|AKR1C12|SLCO1B2|AKR1C13|RBM22|DPEP1|NFE2L2|TLR3|ABCC1|ABCC2|PCNA|REST|NR1H4|CCL2|CCL4|TRP53|MYLK|GRIN1|GSTO1|CYP1B1|CYP2A12|CYP2A22|CYP2A4|ITGB3|CYP2A5|CYP2B10|CYP2B13|CYP2B19|CYP2B9|CYP2C29|GAS6|CYP2C37|KCNC1|CYP2C38|CYP2C40|CYP2C50|KCNE2|CYP2C54|FBP1|CYP2C55|CYP2D10|KCNH2|CYP2D12|CYP2D22|BLM|CYP2D26|CYP2D34|CYP2D9|CYP2E1|CYP2F2|CYP2G1|MYC|CYP2J11|CYP2J13|LPO|CYP2J5|AOX1|CYP2J6|CYP2J9|CYP2S1|E2F1|CYP2U1|KCNQ1|ABCA1|UGT1A1|ACER2|AIM2|AHRR|ANKRD1|CAD|NOS2|AIP|BMYC|IL1B|AOX3|CDH13|AOX4|CHEK2|AS3MT|CRKL|EDN1|SLC18A2|CBR1|EHMT2,https://www.gsea-msigdb.org/gsea/msigdb/mouse/geneset/GOBP_CELLULAR_RESPONSE_TO_XENOBIOTIC_STIMULUS,188,ENR,GOBP_CELLULAR_RESPONSE_TO_XENOBIOTIC_STIMULUS,-2.4024000000000001,0,GOBP_CELLULAR_RESPONSE_TO_XENOBIOTIC_STIMULUS,FALSE,GOBP_CELLULAR_RESPONSE_TO_XENOBIOTIC_STIMULUS
2,2.0043648054024499,-2.0043648054024499,2.0043648054024499,-0.99009999999999998,-0.12709999999999999,4.7100000000000003E-2,1,DLG5|DTX1|DUSP3|LGALS3|RAG2|MILL1|ERBB2|FLT3|NDFIP1|PF4|GLI3|NFKBID|PGLYRP1|GLMN|PGLYRP3|GNRH1|PGLYRP4|GPNMB|H2-AA|PRNP|PAG1|PTPN6|PARP3|PTEN|PTPN22|HMGB3|PDCD1|PDCD1LG2|HSPB1|PKN1|IHH|IL2RA|ITCH|RC3H1|RC3H2|LAPTM5|TNFRSF21|LRRC32|LST1|VSIG4|MAD1L1|MDK|MERTK|SAMSN1|XCL1|NRARP|ATM|IL4|PELI1|PRDX2|PTPN2|CDKN2A|SHH|PIBF1|SLFN1|FGL2|PLA2G2F|RASSF5|SMAD7|RHBDD3|SOCS5|SPN|PLA2G5|RUNX1|RUNX3|SCGB1A1|SCRIB|SDC4|SFRP1|SFTPD|TARM1|TBX21|CASP3|TNFAIP3|TNFRSF13B|ASCL2|TNFRSF14|BCL6|PDE5A|TNFSF18|SOCS1|TNFSF4|SOCS6|BTK|ARG1|BTLA|ARG2|SOX11|PRKAR1A|TBC1D10C|CD24A|CD274|SLC4A2|TIGIT|VTCN1|TNFAIP8L2|ZBTB7B|CD44|ZC3H12A|CD69|TSC2|BMP4|TSPAN32|HMGB1|TWSG1|TYRO3|TYROBP|CD80|CD86|ID2|TGFB1|CLEC4G|ZC3H12D|ILDR2|ZC3H8|CRTAM|ZFP35|ZFP608|CTLA4|CD300A|DUSP22|DLG1|FAS|ANXA1|FGL1|FOXP3|ADORA2A|CEBPB|GAL|H2-M3|CD74|CEACAM1|PAWR|CD37|HAVCR2|HFE|HLX|FBXO7|FGR|CTSG|IL2|IL20RB|IDO1|AXL|BANK1|IL4I1|IL4RA|IL10|INPP5D|FCGR2B|IRF1|CBFB|CBLB|FOXJ1|JAK3|CD276|GIMAP3|GIMAP5|H2-T23|CLEC12A|LAG3|CLNK|PLA2G2D|LAX1|LGALS1|LYN|DAPL1|LGALS9|PGLYRP2|LOXL3,https://www.gsea-msigdb.org/gsea/msigdb/mouse/geneset/GOBP_NEGATIVE_REGULATION_OF_LYMPHOCYTE_ACTIVATION,170,ENR,GOBP_NEGATIVE_REGULATION_OF_LYMPHOCYTE_ACTIVATION,-1.9587000000000001,9.9000000000000008E-3,GOBP_NEGATIVE_REGULATION_OF_LYMPHOCYTE_ACTIVATION,FALSE,GOBP_NEGATIVE_REGULATION_OF_LYMPHOCYTE_ACTIVATION
15,2.1249387366082999,-2.1249387366082999,2.1249387366082999,-0.99250000000000005,-0.26250000000000001,2.7300000000000001E-2,0.998,BCL2|CD44|ST3GAL1|SERPINB9|BMP4|DOCK8|IRS2|NOC2L|AURKB|FOXP1|ADA|BCL11B|EFNA1|HSH2D|PTCRA|PNP|TSC22D3|IL2|BCL3|GPAM|PDCD1|VHL|IDO1|SLC39A10|BLM|IL7R|FADD|KIFAP3|PRKCQ|TNFSF4|BCL10|BCL2A1A|ORMDL3|ARG2|JAK3|RAG1|HIF1A|SLC46A2|CD27|RORC|TNFRSF4|CCL5|MIF|CD74,https://www.gsea-msigdb.org/gsea/msigdb/mouse/geneset/GOBP_NEGATIVE_REGULATION_OF_LYMPHOCYTE_APOPTOTIC_PROCESS,44,ENR,GOBP_NEGATIVE_REGULATION_OF_LYMPHOCYTE_APOPTOTIC_PROCESS,-2.1002999999999998,7.4999999999999997E-3,GOBP_NEGATIVE_REGULATION_OF_LYMPHOCYTE_APOPTOTIC_PROCESS,FALSE,GOBP_NEGATIVE_REGULATION_OF_LYMPHOCYTE_APOPTOTIC_PROCESS
21,2.7212463990471698,-2.7212463990471698,2.7212463990471698,-1,-0.36659999999999998,8.0000000000000004E-4,6.2E-2,CTNS|OXSR1|GUCA2B|KLHL3|MAGED2|AMN|MLLT6|AQP3|SLC15A2|AQP4|AQP7|CD2AP|WNK4|ADIPOQ|CLCNKB|CLDN19|CLDN4|GAS6|GSN|HAS2|HYAL2|RHPN1|SCTR|CLDN16|UMOD|HNF1A|SLC12A3|DAB2|KCNJ1|EDNRA|EDNRB|COMT|AQP1|KCNQ1|SLC5A1|SLC5A2|SLC6A18|EDN1|STK39,https://www.gsea-msigdb.org/gsea/msigdb/mouse/geneset/GOBP_RENAL_ABSORPTION,39,ENR,GOBP_RENAL_ABSORPTION,-2.6945999999999999,0,GOBP_RENAL_ABSORPTION,FALSE,GOBP_RENAL_ABSORPTION
1,2.7212463990471698,-2.7212463990471698,2.7212463990471698,-1,-0.18820000000000001,1.6999999999999999E-3,0.14199999999999999,NDUFB7|CTPS2|NDUFB8|NDUFB9|DCK|NDUFC1|NDUFC2|NDUFS1|DHODH|NDUFS2|NDUFS3|NDUFS4|NDUFS5|NDUFS6|NDUFS7|NDUFS8|ENTPD1|NDUFV1|NDUFV2|NDUFV3|FAM3A|PPARA|PNP|PRPS1|GART|PRPS2|GMPR|PPAT|GMPR2|GMPS|SDHA|SDHB|SDHC|GUCY2C|SDHD|GUCY2G|GUK1|HNF1A|STAT3|STOML2|IMPDH1|IMPDH2|LETMD1|MAP2K1|MTHFD1|VCP|NME1|NME2|NME3|NME4|NME5|NME6|NME7|IL4|NPPA|UPP1|NPPB|UPP2|NPPC|NPR1|NPR2|ADA|NUDT2|PAICS|PAPSS1|PAPSS2|SLC25A13|PARP1|ADCY10|PFAS|PID1|PRPS1L1|PRPS1L3|PRPSAP1|PRPSAP2|RFK|CDA|SPHK2|TGFB1|TMSB4X|TREM2|UCK1|UCK2|UCKL1|UMPS|UPRT|ADSL|AK4|PYGL|SLC25A12|ALDOA|DNAJC30|ENO1|ADCY1|ADCY2|ADCY3|ADCY4|ADCY5|ADCY6|ADCY7|ADCY9|ADK|AK1|AK2|G6PDX|AK3|LDHC|MYC|AMPD1|LDHD|AMPD2|AMPD3|NDUFA1|NDUFA10|APRT|NDUFA11|NDUFA12|NDUFA13|ATIC|NDUFA2|NDUFA3|NDUFA5|NDUFA6|ATP6V1A|NDUFA7|NDUFA8|NDUFA9|BCL2L1|NDUFAB1|NDUFB10|CAD|NDUFB11|NDUFB2|CMPK1|LIPA|NDUFB3|NDUFB4|NDUFB5|COX11|NDUFB6,https://www.gsea-msigdb.org/gsea/msigdb/mouse/geneset/GOBP_RIBOSE_PHOSPHATE_BIOSYNTHETIC_PROCESS,140,ENR,GOBP_RIBOSE_PHOSPHATE_BIOSYNTHETIC_PROCESS,-2.5960999999999999,0,GOBP_RIBOSE_PHOSPHATE_BIOSYNTHETIC_PROCESS,FALSE,GOBP_RIBOSE_PHOSPHATE_BIOSYNTHETIC_PROCESS
1,2.6989700043360201,-2.6989700043360201,2.6989700043360201,-0.998,-0.14019999999999999,1.61E-2,0.93,NCOR1|OGT|CYB5R4|P2RX7|PFKFB1|PFKFB2|PFKFB3|PFKL|PFKP|PGAM1|PDXP|PGAM2|PGD|PGK1|PGLS|PKLR|NUPR1|PPARA|OGDH|PPP2CA|PRKAA1|PNP|PRKAA2|PNP2|PRKAG1|FMO2|PRPS1|PRPS2|PSEN1|RBKS|RPE|RPIA|GPD1L|RPTOR|SHPK|ALPL|QPRT|SIK2|SIRT6|SLC2A6|SLC4A1|HNF1A|REG3G|SLC4A4|SRC|STAT3|TALDO1|TKT|LDHB|TPI1|TRIM63|UCHL1|UCP2|ME1|ME2|ZBTB20|ZBTB7A|VCP|NADK|NADSYN1|NAMPT|NCF1|NCF2|NMNAT1|IFNG|NMNAT3|NNMT|JMJD8|ACMSD|MFSD8|NUDT12|NUDT13|NUDT17|AFMID|PPARGC1A|PRKACA|SLC25A13|PARP14|PCX|TREX1|NMNAT2|ENPP1|ESRRB|PDXK|GCK|SARM1|SLC1A3|SLC25A11|SLC25A22|IGF1|SLC37A2|INS1|INS2|INSR|KHK|LDHA|MTOR|PFKM|DCXR|ACO1|ACTN3|HTT|ARL2|BCL2L13|PRKAG2|CBFA2T3|PRKAG3|PNPO|COL6A1|SLC25A12|TRP53|ACACB|ADPGK|ALDH1L1|GOT1|ALDH1L2|GOT2|ALDOA|GPD2|ALDOART1|ALDOART2|ALDOB|ALDOC|HAAO|APP|ARNT|BPGM|DLST|DDIT4|DHTKD1|IDH1|EIF6|IDH2|ENO1|ENO2|ENO3|ENO4|MDH1|EP300|MDH2|FBP1|MLXIPL|FKRP|IDO1|FLCN|IDO2|FOXK1|MTCH2|FOXK2|G6PDX|GALE|GALK1|KMO|GALT|KYNU|GAPDH|MYC|GAPDHS|MYOG|GIT1|BCL10|AOX1|BIN1|GPD1|GPI1|ART2B|E2F1|ASPDH|EXTL3|H6PD|HDAC4|HIF1A|HK1|HK2|HK3|HKDC1|RAC1|XIAP|HSD11B1|IER3|KAT2B|LIPA|MLST8|MLX|MPI,https://www.gsea-msigdb.org/gsea/msigdb/mouse/geneset/GOBP_PYRIDINE_CONTAINING_COMPOUND_METABOLIC_PROCESS,185,ENR,GOBP_PYRIDINE_CONTAINING_COMPOUND_METABOLIC_PROCESS,-2.2238000000000002,2E-3,GOBP_PYRIDINE_CONTAINING_COMPOUND_METABOLIC_PROCESS,FALSE,GOBP_PYRIDINE_CONTAINING_COMPOUND_METABOLIC_PROCESS
36,2.3979400086720402,-2.3979400086720402,2.3979400086720402,-0.996,-0.41930000000000001,4.7E-2,1,ACR|GNAL|CACNA1C|CACNA1D|RAF1|CALCA|NF1|CALCR|ORAI1|ADCY1|ADCY2|ADCY3|ADCY4|STIM1|ADCY7,https://www.gsea-msigdb.org/gsea/msigdb/mouse/geneset/GOBP_POSITIVE_REGULATION_OF_ADENYLATE_CYCLASE_ACTIVITY,15,ENR,GOBP_POSITIVE_REGULATION_OF_ADENYLATE_CYCLASE_ACTIVITY,-1.9576,4.0000000000000001E-3,GOBP_POSITIVE_REGULATION_OF_ADENYLATE_CYCLASE_ACTIVITY,FALSE,GOBP_POSITIVE_REGULATION_OF_ADENYLATE_CYCLASE_ACTIVITY
1,2.2146701649892302,-2.2146701649892302,2.2146701649892302,-0.99390000000000001,-0.44330000000000003,2.4500000000000001E-2,0.98899999999999999,ACO1|ACACB|ACO2|GLUD1|PCK1|CS|CSL|ASL|ASS1|SIRT4|IDH1|IDH2|IDH3A|IDH3B|IDH3G|ACLY,https://www.gsea-msigdb.org/gsea/msigdb/mouse/geneset/GOBP_TRICARBOXYLIC_ACID_METABOLIC_PROCESS,16,ENR,GOBP_TRICARBOXYLIC_ACID_METABOLIC_PROCESS,-2.1316000000000002,6.1000000000000004E-3,GOBP_TRICARBOXYLIC_ACID_METABOLIC_PROCESS,FALSE,GOBP_TRICARBOXYLIC_ACID_METABOLIC_PROCESS
7,2.2146701649892302,-2.2146701649892302,2.2146701649892302,-0.99390000000000001,-0.34520000000000001,3.6499999999999998E-2,1,LTF|MBL1|MBL2|CXCL1|F2RL1|CTSG|DAO|MYD88|CXCL5|NLRP6|PCYOX1L|POMC|ELANE|TREM1|TREM3|TUSC2|F2|ROMO1|GAPDH|SPAG11B|ARG1|CAMP|SCNN1B|NCF1|HRG,https://www.gsea-msigdb.org/gsea/msigdb/mouse/geneset/GOBP_KILLING_BY_HOST_OF_SYMBIONT_CELLS,25,ENR,GOBP_KILLING_BY_HOST_OF_SYMBIONT_CELLS,-2.0291000000000001,6.1000000000000004E-3,GOBP_KILLING_BY_HOST_OF_SYMBIONT_CELLS,FALSE,GOBP_KILLING_BY_HOST_OF_SYMBIONT_CELLS
5,1.8894102897007501,-1.8894102897007501,1.8894102897007501,-0.98709999999999998,-0.27400000000000002,6.3100000000000003E-2,1,CACNA1C|TMEM38A|GSTO1|TRDN|CACNG1|CALM1|CALM2|CALM3|CAMK2D|HRC|PLN|CASQ1|CASQ2|CHD7|NOL3|RYR1|RYR3|TMEM38B|DHRS7C|CCR5|DMD|GSTM7|ATP2A2|PDE4D|RYR2|ZMPSTE24|SLC8A1|FKBP1B|ANK2|SLN|CCL3|ATP2A1,https://www.gsea-msigdb.org/gsea/msigdb/mouse/geneset/GOBP_SARCOPLASMIC_RETICULUM_CALCIUM_ION_TRANSPORT,32,ENR,GOBP_SARCOPLASMIC_RETICULUM_CALCIUM_ION_TRANSPORT,-1.8652,1.29E-2,GOBP_SARCOPLASMIC_RETICULUM_CALCIUM_ION_TRANSPORT,FALSE,GOBP_SARCOPLASMIC_RETICULUM_CALCIUM_ION_TRANSPORT
,2.2146701649892302,-2.2146701649892302,2.2146701649892302,-0.99390000000000001,-0.2908,2.3800000000000002E-2,0.98799999999999999,RPLP0|IL4|RPS2|CD300LF|PTPN2|DCSTAMP|HSPA5|XBP1|JAK1|KEAP1|MCM2|MRC1|PML|NFIL3|RUFY4|TUBA1B|STAT6|FASN|CITED1|CORO1A|STAT5B|PTPRC|SHPK|CDK4|HSP90AB1|PARP14|ALAD|IL4RA|IMPDH2|GATA3|JAK3|CCL11|STAT5A|TCF7|LEF1|RPL3|CD40|XCL1,https://www.gsea-msigdb.org/gsea/msigdb/mouse/geneset/GOBP_RESPONSE_TO_INTERLEUKIN_4,38,ENR,GOBP_RESPONSE_TO_INTERLEUKIN_4,-2.1385999999999998,6.1000000000000004E-3,GOBP_RESPONSE_TO_INTERLEUKIN_4,FALSE,GOBP_RESPONSE_TO_INTERLEUKIN_4
14,2.7212463990471698,-2.7212463990471698,2.7212463990471698,-1,-0.17480000000000001,4.0000000000000002E-4,2.9000000000000001E-2,ELOVL2|ELOVL5|EPHX1|EPHX2|FADS1|FADS2|ABCA4|ALDH1A2|ALDH1A3|GPX1|GPX4|BCO2|BMP2|BMP5|DGKQ|BMP6|ADH6A|CACNA1H|GSTM7|SCP2|AWAT2|CLCN2|GSTP1|CYP11A1|DAB2|GSTP2|DHRS3|DHRS4|DHRS7|DKK3|EDNRB|TMEM135|KCNMA1|HSD11B2|LRAT|RBP4|PLB1|RDH10|PNPLA2|RDH11|RDH1|RDH13|RDH12|SCNN1B|RDH14|SDR16C5|RDH16|WNT4|RDH5|ABCD2|RDH7|RDH9|RETSAT|SDR9C7|MGLL|ACAA1A|MGST3|ACAA1B|CYP1A2|ACOT8|PLA2G2F|PLA2G4A|ADH1|ADH4|ADH7|PNLIP|PPARGC1A|PNPLA8|AKR1C18|PTGDS|ALDH1A1|PTGES|PTGES2|PTGIS|PTGR1|PTGS1|PTGS2|ALDH8A1|SCO1|SPHK1|CES1D|CES1F|CYP1A1|ACSL1|AFP|ACSL4|BGLAP|BGLAP2|CREB1|CYP17A1|CYP46A1|CYP4F13|DHRS9|CYP4F14|DKKL1|CYP4F15|EGR1|CYP4F18|GGCX|HSD17B1|HSD3B4|ALOX5|INHBA|AHR|SRD5A1|STAR|AKR1C12|STARD3|AKR1C13|STAT5B|AKR1C14|AKR1C19|AKR1C20|AKR1C21|AKR1C6|ABCD1|AKR1CL|ALOX12|ALOX12B|ALOX12E|ALOX15|ALOX8|ALOXE3|EHHADH|REST|PTGES3|PRKG1|CES1E|ACOX1|GRIN1|CES2A|CES2C|CES2E|CTHRC1|CYP1B1|CYP2A12|CYP2A22|CYP2A4|CYP2A5|DGAT1|CYP2B10|CYP2B13|CYP2B19|CYP2B9|CYP2C29|CYP2C37|CYP2C38|CYP2C40|CYP2C50|HSD17B4|CYP2C54|HSD17B6|CYP2C55|CYP2D10|CYP2D12|CYP2D22|CYP2D26|CYP2D34|CYP2D9|CYP2E1|CYP2F2|CYP2G1|CYP2J11|CYP2J13|LIPE|CYP2J5|CYP2J6|CYP2J9|CYP2S1|CYP2U1|H6PD|CYP4A10|CYP4A12A|CYP4A12B|CYP4A14|CYP4A31|CYP4A32|DAGLA|DAGLB|DGAT2|RBP1,https://www.gsea-msigdb.org/gsea/msigdb/mouse/geneset/GOBP_OLEFINIC_COMPOUND_METABOLIC_PROCESS,181,ENR,GOBP_OLEFINIC_COMPOUND_METABOLIC_PROCESS,-2.7909999999999999,0,GOBP_OLEFINIC_COMPOUND_METABOLIC_PROCESS,FALSE,GOBP_OLEFINIC_COMPOUND_METABOLIC_PROCESS
1,2.7212463990471698,-2.7212463990471698,2.7212463990471698,-1,-0.19159999999999999,0,1E-3,NDUFB7|CTPS2|NDUFB8|NDUFB9|DCK|NDUFC1|NDUFC2|DHFR|NDUFS1|DHODH|NDUFS2|NDUFS3|NDUFS4|DTYMK|NDUFS5|DUT|NDUFS6|NDUFS7|NDUFS8|ENTPD1|NDUFV1|NDUFV2|NDUFV3|FAM3A|PPARA|PNP|FLAD1|PNP2|PRPS1|GART|PRPS2|GMPR|PPAT|GMPR2|GMPS|SDHA|GUCA1A|SDHB|GUCA1B|QPRT|SDHC|GUCY2C|SDHD|GUCY2G|SHMT2|GUK1|HNF1A|STAT3|STOML2|IMPDH1|IMPDH2|SHMT1|LETMD1|MAP2K1|MAPK1|MTHFD1|MTHFD2L|VCP|NADK|NADSYN1|NAMPT|NME1|NME2|NME3|NME4|NME5|NME6|NME7|NMNAT1|NMNAT3|IL4|NPPA|UPP1|NPPB|UPP2|NPPC|NPR1|NPR2|OAS1A|ADA|NUDT2|AFMID|OASL2|PAICS|PAPSS1|PAPSS2|SLC25A13|PARP1|ADCY10|NMNAT2|PFAS|PID1|PRPS1L1|PRPS1L3|PRPSAP1|PRPSAP2|RD3|RFK|RRM1|CDA|RRM2|RRM2B|SLC4A7|SLC52A2|SLC52A3|SPHK2|TBPL1|TGFB1|TMSB4X|TREM2|TYMS|UCK1|UCK2|UCKL1|UMPS|UPRT|DCTD|ADSL|AK4|SLC25A12|ALDOA|DGUOK|HAAO|DNAJC30|IDH2|ENO1|ADCY1|ADCY2|ADCY3|ADCY4|ADCY5|ADCY6|ADCY7|ADCY9|IDO1|ADK|IDO2|ADORA2B|AK1|AK2|G6PDX|AK3|AK5|KMO|AK7|KYNU|AK8|LDHC|MYC|AMPD1|LDHD|AMPD2|AMPD3|NDUFA1|NDUFA10|APRT|NDUFA11|NDUFA12|ASPDH|NDUFA13|ATIC|NDUFA2|NDUFA3|NDUFA5|NDUFA6|ATP6V1A|NDUFA7|NDUFA8|NDUFA9|BCL2L1|NDUFAB1|NDUFB10|CAD|NDUFB11|NDUFB2|NOS3|CMPK1|LIPA|NDUFB3|CMPK2|NDUFB4|NDUFB5|COX11|NDUFB6,https://www.gsea-msigdb.org/gsea/msigdb/mouse/geneset/GOBP_NUCLEOTIDE_BIOSYNTHETIC_PROCESS,184,ENR,GOBP_NUCLEOTIDE_BIOSYNTHETIC_PROCESS,-3.1213000000000002,0,GOBP_NUCLEOTIDE_BIOSYNTHETIC_PROCESS,FALSE,GOBP_NUCLEOTIDE_BIOSYNTHETIC_PROCESS
26,2.09151498112135,-2.09151498112135,2.09151498112135,-0.9919,-0.1414,4.9700000000000001E-2,1,SLC25A27|SLC25A3|P2RX5|SLC12A2|SLC17A1|SLC17A4|SLC17A7|SLC17A8|SLC4A1|SLC4A4|CLCN2|SLC1A1|SLC1A4|UCP2|SLC22A6|BSND|SLC22A8|SLC12A9|MFSD8|SLC11A1|SLC26A1|SLC26A11|IP6K2|SLC26A3|SLC26A6|SLC26A9|RACGAP1|CLNS1A|WNK4|SLC12A1|SLC12A3|CLIC4|SLC13A1|ABCB1A|SLC20A1|SLC37A1|ABCB1B|SLC20A2|PCYOX1|TG|FGFR1|P2RY6|SLC34A1|SLC34A2|SLC34A3|ENPP1|ANO6|SLC4A10|SLC4A11|SLC4A2|SLC4A3|SLC5A5|SLC4A5|SLC4A8|SLC4A9|SLC5A6|SLC6A2|SLC1A3|SLC5A8|GABRB3|SLC6A14|SLC37A2|SLC4A7|FGFR4|ANO1|ANO10|ANO2|ANO3|ANO4|ANO8|TSPO|ANO9|CLCA1|CLCA2|MTOR|ATF4|CLCC1|CLCN6|CLCNKA|CFTR|CLDN17|CAR2|CLIC1|CAR7|CLIC3|CLIC5|CLIC6|CRY2|GABRA2|GABRA3|GABRA4|GABRB1|GABRB2|GABRD|GABRE|GABRP|GABRR2|GLRB|MFSD5|OSTM1|SFRP4|SLC25A30|SLC26A10|TTYH1|SLC26A2|TTYH2|SLC26A4|TTYH3|TMC4|XPR1|ANK|FXYD1|CEBPB|SLC37A4|ATP8B1|BEST1|BEST2|CASR|PRKG2|AQP6|STC2|CLCN5|SLC25A10|VDR|CLCNKB|ABCC6|CLDN4|KCNK1|KCNK2|KCNE2|LRRC8A|SLC12A5|KCNQ1|CLCN3|CLCN7|SLC12A4|SLC12A6|SLC12A7|SLC12A8|SLC25A14,https://www.gsea-msigdb.org/gsea/msigdb/mouse/geneset/GOBP_INORGANIC_ANION_TRANSPORT,140,ENR,GOBP_INORGANIC_ANION_TRANSPORT,-1.9369000000000001,8.0999999999999996E-3,GOBP_INORGANIC_ANION_TRANSPORT,FALSE,GOBP_INORGANIC_ANION_TRANSPORT
2,2.6989700043360201,-2.6989700043360201,2.6989700043360201,-0.998,-0.16139999999999999,2.7300000000000001E-2,0.997,MAD2L2|MLH1|MEF2C|NOD2|FLT3|NCKAP1L|SLAMF8|NDFIP1|ZFP36L1|PNP|PPP2R3C|TIRAP|PTPN6|PARP3|PTEN|PTPRC|TLR4|PAXIP1|HMGB3|PKN1|PMS2|IKZF3|IL21|IL2RG|IL5|IL7|RC3H1|CD38|LAPTM5|TNFRSF21|RIF1|CHRNB2|MMP14|MIF|SAMSN1|SASH3|NFAM1|IFNG|ATM|IL4|PCID2|SIGLECG|PELI1|TLR9|PRLR|CDKN2A|SLC15A4|ADA|STAT6|SFRP1|SH3KBP1|TBX21|CASP3|TFRC|AKIRIN2|SLC39A10|TNFAIP3|APLF|SYK|TNFRSF13B|TNFRSF13C|ATAD5|TNFSF13|BCL6|TNFSF13B|TNFSF4|BTK|BTLA|TRP53BP1|BAD|STAT5A|TBC1D10C|TCF3|CD24A|CD27|TICAM1|CD28|TNFRSF4|CD40|CD40LG|TNIP2|BCL2|TSC2|EXOSC3|TYROBP|EXOSC6|VAV3|ID2|TGFB1|WNT3A|IRS2|XBP1|CD19|ZFP36L2|CTLA4|AHR|BMI1|STAT5B|CD300A|NFATC2|EPHB2|FAS|FOXP3|CD74|PAWR|CD81|IL13|IL2|ANKLE1|IL27RA|ATP11C|MSH2|BANK1|IL4I1|IL10|IL6|BST1|INPP5D|CARD11|FCGR2B|FOXJ1|CD22|CD320|GPR183|CDKN1A|CYLD|LYN|DDRGK1,https://www.gsea-msigdb.org/gsea/msigdb/mouse/geneset/GOBP_REGULATION_OF_B_CELL_ACTIVATION,128,ENR,GOBP_REGULATION_OF_B_CELL_ACTIVATION,-2.1036999999999999,2E-3,GOBP_REGULATION_OF_B_CELL_ACTIVATION,FALSE,GOBP_REGULATION_OF_B_CELL_ACTIVATION
8,2.6989700043360201,-2.6989700043360201,2.6989700043360201,-0.998,-0.19900000000000001,2.7099999999999999E-2,0.996,CES1F|RBP2|LDLR|CYP3A11|LSS|CYP1A1|CYP3A44|CYP26A1|CYP26B1|PRMT3|DHRS9|ABCA4|STAR|ALDH1A2|ALDH1A3|RARRES2|BCO2|ALDH3A2|CLPS|ADH6A|AWAT2|DHRS3|DHRS4|DHRS7|ISX|LRAT|RBP4|PLB1|RDH10|PNPLA2|RDH11|SP1|FDPS|RDH1|RDH13|RDH12|STRAP|LPL|RDH14|SDR16C5|RDH16|RDH5|RDH7|GGPS1|RDH9|RETSAT|SDR9C7|CYP1A2|HMGCS1|CES1E|CES2A|CES2C|CES2E|CRABP2|PECR|CYP1B1|ADH1|ADH4|ADH5|DGAT1|ADH7|PNLIP|TTR|AKR1C18|HSD17B6|CYP2C55|ALDH1A1|HTRA2|ALDH1A7|KLF9|CYP2E1|ALDH8A1|LIPE|CYP2J6|FDFT1|CYP2S1|HMGCS2|EGFR|DGAT2|LIPA|CES1D|RBP1,https://www.gsea-msigdb.org/gsea/msigdb/mouse/geneset/GOBP_TERPENOID_METABOLIC_PROCESS,82,ENR,GOBP_TERPENOID_METABOLIC_PROCESS,-2.1099000000000001,2E-3,GOBP_TERPENOID_METABOLIC_PROCESS,FALSE,GOBP_TERPENOID_METABOLIC_PROCESS
3,2.09151498112135,-2.09151498112135,2.09151498112135,-0.9919,-0.3629,4.82E-2,1,OAT|OTC|SLC39A8|AGMAT|SLC7A7|ASL|ARG1|ARG2|NAGS|ATP2B4|ASS1|FAH|FH1|ODC1|AZIN1|CLN3|NOS2|DDAH1|NOS3,https://www.gsea-msigdb.org/gsea/msigdb/mouse/geneset/GOBP_ARGININE_METABOLIC_PROCESS,19,ENR,GOBP_ARGININE_METABOLIC_PROCESS,-1.9487000000000001,8.0999999999999996E-3,GOBP_ARGININE_METABOLIC_PROCESS,FALSE,GOBP_ARGININE_METABOLIC_PROCESS
13,2.6989700043360201,-2.6989700043360201,2.6989700043360201,-0.998,-0.2341,2.0199999999999999E-2,0.97599999999999998,BCL2|CTNS|CYB5R4|SLC6A9|LCT|UROS|CITED1|SLCO1A6|DDT|SLCO1B2|DCT|MC1R|PMEL|APPL1|RAPGEF2|VHL|ZEB2|HNF1A|TBX2|ABCC2|ATP7A|TMEM14A|COX10|MYO5A|RAB38|CPOX|SOX2|SLC25A39|CDH3|SLC7A11|TRPC1|WNT5A|OPN3|CYP2A5|FXN|GIPC1|ABCB10|ABCB6|ABCB7|ALAD|ALAS1|ALAS2|BLVRB|COX15|MFSD12|FECH|HEBP1|HMBS|HMOX1|HMOX2|SLC24A5|IREB2|BLVRA|PGRMC1|PPOX|SLC11A2|SLC48A1|SNX3|SRRD|TMEM14C|UGT1A1|BDH2|UROD|HPX,https://www.gsea-msigdb.org/gsea/msigdb/mouse/geneset/GOBP_PIGMENT_METABOLIC_PROCESS,64,ENR,GOBP_PIGMENT_METABOLIC_PROCESS,-2.1797,2E-3,GOBP_PIGMENT_METABOLIC_PROCESS,FALSE,GOBP_PIGMENT_METABOLIC_PROCESS
4,2.7212463990471698,-2.7212463990471698,2.7212463990471698,-1,-0.12479999999999999,6.4999999999999997E-3,0.57199999999999995,MAD2L2|MALT1|RAG2|MLH1|MSH6|NBN|FLT3|NCKAP1L|SLAMF8|FLT3L|NDFIP1|ZFP36L1|NFKBIZ|RBPJ|TIRAP|PARP3|TLR4|PAXIP1|HMGB3|PKN1|PMS2|POU2F2|IKZF3|PRKCB|PRKCD|IL21|IL2RG|IL5|IL7|RAG1|RC3H1|ZBTB7A|CD38|LAPTM5|LGALS8|RIF1|CHRNB2|RNF168|RNF8|MMP14|SAMSN1|SASH3|NFAM1|PCID2|SIGLECG|PELI1|EZH2|PRLR|PTPN2|SLC15A4|RASGRP1|ADA|STAT6|SWAP70|SFRP1|AICDA|SH3KBP1|TBX21|SHB|TFRC|SLC39A10|TNFAIP3|SYK|TNFRSF13B|TNFRSF13C|KIT|TNFSF13|ABL1|TNFSF13B|TNFSF4|TRP53BP1|BAD|STAT5A|PCYT1A|TBC1D10C|TCF3|UNG|TICAM1|TNFRSF4|XRCC4|NFATC1|ZBTB1|BAK1|TNIP2|BCL2|TSC2|TYROBP|VAV3|TGFB1|WNT3A|XBP1|CD19|ZFP36L2|AHR|BCL3|BMI1|STAT5B|CEBPG|PIK3CD|PIK3R1|C3|PLCG2|AQP8|YY1|CD74|CD81|CFB|IL13|CR2|FZD9|LRRC8A|MSH2|IL4I1|EXO1|FCGR2B|FOXJ1|GPR183|LYN|MS4A1|MEF2C|NOD2|PHB2|NOTCH2|NHEJ1|PNP|POLM|BCL11A|BLNK|CD180|CHRNA4|PPP2R3C|CMTM7|PTK2B|PTPN6|CXCR5|PTEN|PTPRC|DLL1|DNAJB9|DOCK10|DOCK11|FCRL1|FNIP1|GIMAP1|GON4L|GPS2|HDAC5|HDAC9|HHEX|HMGA1|IGBP1|IKZF1|IRF2BP2|ITFG2|ITM2A|LFNG|LYL1|MFNG|MYB|TNFRSF21|NKX2-3|TRAF3IP2|NTRK1|ONECUT1|PFDN1|PHF14|BAX|PLCL2|POU2AF1|PTPRJ|RABL3|HDAC7|SKAP2|MIF|SLC39A7|SP3|SPIB|ST3GAL1|SYVN1|TCIRG1|IFNG|TOP2B|TPD52|ATM|IL4|TSHR|TLR9|TXLNA|SLC25A5|CDKN2A|6030468B19RIK|CASP3|ADAM17|AKIRIN2|APLF|ATAD5|BATF|BCL6|BTK|BTLA|CCR6|ENPP1|CD24A|CD27|CD28|CD40|CD40LG|CD70|EXOSC3|CD79A|CD79B|EXOSC6|CD86|ID2|CDH17|IRS2|CTLA4|DCLRE1C|CD300A|DPP4|NFATC2|EPHB2|ERCC1|FAS|FOSL2|FOXP3|GAPT|TRP53|PAWR|HSPD1|ICOSL|FOXP1|IL2|ANKLE1|EP300|IL27RA|ATP11C|BANK1|IL10|IL6|IL7R|IRF8|BST1|IL9R|INPP5D|CARD11|JAK3|CD22|CD320|PRKDC|CDKN1A|LAT2|LAX1|LEF1|CYLD|LGALS1|LIG4|DDRGK1,https://www.gsea-msigdb.org/gsea/msigdb/mouse/geneset/GOBP_B_CELL_ACTIVATION,258,ENR,GOBP_B_CELL_ACTIVATION,-2.3872,0,GOBP_B_CELL_ACTIVATION,FALSE,GOBP_B_CELL_ACTIVATION
8,1.79317412396815,-1.79317412396815,1.79317412396815,-0.9839,-0.35399999999999998,7.7499999999999999E-2,1,ALDH1A7|ALDH1B1|ALDH2|ALDH3B1|ALDH3B2|ADH1|SULT1B1|SULT1E1|ADH5|SULT2A1|ADH7|HAO1|SULT2A2|SULT2A3|SULT2A5|SULT2A6|SULT2A7|AKR1C18,https://www.gsea-msigdb.org/gsea/msigdb/mouse/geneset/GOBP_PRIMARY_ALCOHOL_CATABOLIC_PROCESS,18,ENR,GOBP_PRIMARY_ALCOHOL_CATABOLIC_PROCESS,-1.8141,1.61E-2,GOBP_PRIMARY_ALCOHOL_CATABOLIC_PROCESS,FALSE,GOBP_PRIMARY_ALCOHOL_CATABOLIC_PROCESS
16,2.67778070526608,-2.67778070526608,2.67778070526608,-0.99790000000000001,-0.14729999999999999,4.3299999999999998E-2,1,MEF2C|PLN|PRKD1|CD9|AGFG1|TLR2|AGFG2|TMF1|IHH|AU040320|ACRBP|CCDC136|CCDC38|CCDC42|CHN2|CLASP1|CLASP2|FIG4|CKAP5|DCAF17|MYH6|ILK|ITGB4|MAG|MIOS|MTMR2|NFASC|PFN4|PHLDB1|PHLDB2|PLLP|POC1B|DAG1|RFX2|SEC23IP|CNTN1|SPACA1|SPINK2|TBC1D20|TPPP|UGT8A|VPS13B|ACTA1|ZPBP|ACTC1|ACTG1|ADPRHL1|AKAP13|CFL2|CFLAR|CSRP1|CSRP2|CSRP3|PLA2G3|FHOD3|FLII|FLNC|HDAC2|KRT19|PLEC|KRT8|NKX2-5|LDB3|PAFAH1B1|LMOD1|LMOD2|LMOD3|MYBPC1|PIKFYVE|MYBPC2|GPC1|MYBPC3|MYBPH|MYH10|MYH11|MYL2|MYL9|MYLK3|MYOM1|MYOM2|MYOM3|MYOZ1|MYOZ2|ACTN2|MYPN|NEB|NEBL|NEURL2|NRAP|PDGFRA|DICER1|PDGFRB|PGM5|PRKAR1A|PROX1|SIX4|SMAD4|SRF|TCAP|TMOD1|TMOD2|TMOD3|TMOD4|TNNT1|TNNT2|ERCC2|TNNT3|TPM1|TTN|WDR1|XIRP1|SLC9A8|TBPL1|CAPN3|CASQ1|CASQ2|CAV3|PMP22|PRX|ANKRD23|CNTNAP1|ITGB1|ZPBP2|FSIP1|GNPAT|EP300|MFN2|MEF2A|ABCA2|EDN1,https://www.gsea-msigdb.org/gsea/msigdb/mouse/geneset/GOBP_CELLULAR_COMPONENT_ASSEMBLY_INVOLVED_IN_MORPHOGENESIS,130,ENR,GOBP_CELLULAR_COMPONENT_ASSEMBLY_INVOLVED_IN_MORPHOGENESIS,-1.9773000000000001,2.0999999999999999E-3,GOBP_CELLULAR_COMPONENT_ASSEMBLY_INVOLVED_IN_MORPHOGENESIS,FALSE,GOBP_CELLULAR_COMPONENT_ASSEMBLY_INVOLVED_IN_MORPHOGENESIS
15,1.59006687666871,-1.59006687666871,1.59006687666871,-0.97430000000000005,-0.19139999999999999,8.1199999999999994E-2,1,BCL2|CD44|BMP4|DOCK8|IRS2|NOD2|AURKB|BCL11B|EFNA1|HSH2D|PTCRA|ST6GAL1|PNP|TSC22D3|BCL3|GPAM|HCLS1|PDCD1|VHL|FADD|PRKCQ|CXCR2|FCER1G|BCL2A1A|RAG1|KITL|CCL19|MERTK|RORC|CCL5|MIF|CD74|ST3GAL1|SERPINB9|CCR7|NOC2L|FOXP1|ADA|IL18|ITPKB|GAS6|IL2|CXCL12|CCR5|IDO1|SLC39A10|AXL|BLM|IL7R|KIFAP3|FCGR2B|TNFSF4|BCL10|ORMDL3|ARG2|JAK3|HIF1A|STAT5A|SLC46A2|BCL2L1|CD27|TNFRSF4,https://www.gsea-msigdb.org/gsea/msigdb/mouse/geneset/GOBP_NEGATIVE_REGULATION_OF_LEUKOCYTE_APOPTOTIC_PROCESS,62,ENR,GOBP_NEGATIVE_REGULATION_OF_LEUKOCYTE_APOPTOTIC_PROCESS,-1.7954000000000001,2.5700000000000001E-2,GOBP_NEGATIVE_REGULATION_OF_LEUKOCYTE_APOPTOTIC_PROCESS,FALSE,GOBP_NEGATIVE_REGULATION_OF_LEUKOCYTE_APOPTOTIC_PROCESS
1,1.85387196432176,-1.85387196432176,1.85387196432176,-0.98599999999999999,-0.1426,5.1400000000000001E-2,1,NCOR1|OGT|P2RX7|PFKFB1|PFKFB2|PFKFB3|PFKL|PCK1|PFKP|PCK2|PGAM1|PGAM2|PGK1|PKLR|NUPR1|PPARA|OGDH|PPP2CA|PRKAA1|PRKAA2|PRKAG1|PDHA1|PDHB|PSEN1|RPTOR|SIK2|SIRT6|SLC2A6|SLC4A1|SLC4A4|SDS|SRC|STAT3|SLC16A1|LDHB|SLC16A3|TPI1|TRIM63|UCHL1|UCP2|ME1|ME2|ZBTB20|ZBTB7A|IFNG|JMJD8|PDK1|PDK2|MFSD8|PDK3|PDK4|AGXT|PPARGC1A|PRKACA|PCX|TREX1|ENPP1|ESRRB|BCKDK|PDHX|GCK|TPK1|IGF1|INS1|INS2|INSR|KHK|LDHA|MTOR|PFKM|ACTN3|HTT|ARL2|BCL2L13|PRKAG2|CBFA2T3|PRKAG3|COL6A1|ADPGK|ALDOA|ALDOART1|ALDOART2|SRR|ALDOB|ALDOC|APP|DLAT|ARNT|DLD|BPGM|DDIT4|DHTKD1|EIF6|ENO1|ENO2|ENO3|HOGA1|ENO4|EP300|FBP1|MLXIPL|FKRP|FLCN|FOXK1|MTCH2|VDAC1|FOXK2|GALE|GALK1|GALT|GAPDH|LDHC|MYC|GAPDHS|MYOG|GIT1|GPD1|GPI1|HDAC4|HIF1A|HK1|HK2|HK3|ME3|HKDC1|IER3|KAT2B|LIPA|MLST8|MLX|MPI,https://www.gsea-msigdb.org/gsea/msigdb/mouse/geneset/GOBP_PYRUVATE_METABOLIC_PROCESS,131,ENR,GOBP_PYRUVATE_METABOLIC_PROCESS,-1.927,1.4E-2,GOBP_PYRUVATE_METABOLIC_PROCESS,FALSE,GOBP_PYRUVATE_METABOLIC_PROCESS
2,1.67778070526608,-1.67778070526608,1.67778070526608,-0.97899999999999998,-0.35210000000000002,8.6599999999999996E-2,1,IDO1|NR5A2|CCR7|HMGB1|IRAK3|PHLPP1|HAVCR2|CD86|CBLB|IL2RA|FOXJ1|ITCH|FOXP3|RUNX1|TGFBR2|CD3E|H2-M3|PDCD1,https://www.gsea-msigdb.org/gsea/msigdb/mouse/geneset/GOBP_REGULATION_OF_TOLERANCE_INDUCTION,18,ENR,GOBP_REGULATION_OF_TOLERANCE_INDUCTION,-1.7789999999999999,2.1000000000000001E-2,GOBP_REGULATION_OF_TOLERANCE_INDUCTION,FALSE,GOBP_REGULATION_OF_TOLERANCE_INDUCTION
3,1.7520267336381901,-1.7520267336381901,1.7520267336381901,-0.98229999999999995,-0.18759999999999999,7.9799999999999996E-2,1,SLC1A3|OAT|OTC|ADI1|PAH|ALDH18A1|APIP|ASL|ASNS|ASNSD1|ASS1|PARK7|BHMT|GLUL|BHMT2|CLN3|CTH|ENOPH1|SHMT2|DPYD|GGT1|SHMT1|MRI1|MTAP|MTHFR|MTR|NAGS|MTHFD1|AASDHPPT|MTHFD2L|ABAT|GAD1|GAD2|PCBD1|SLC25A12|PCBD2|CARNS1|PHGDH|PLOD2|PLOD3|THA1|PSAT1|THNSL2|PSPH|GLS|PYCR1|AASS|GLS2|PYCR2|SEPHS1|UPB1|SEPHS2|SLC38A1|GOT1|GOT2|SRR|HAO1|AGXT|AGXT2|ALDH1A1|ILVBL|ATP2B4|BCAT1|BCAT2|MTRR|CAD|CBS,https://www.gsea-msigdb.org/gsea/msigdb/mouse/geneset/GOBP_AMINO_ACID_BIOSYNTHETIC_PROCESS,67,ENR,GOBP_AMINO_ACID_BIOSYNTHETIC_PROCESS,-1.8018000000000001,1.77E-2,GOBP_AMINO_ACID_BIOSYNTHETIC_PROCESS,FALSE,GOBP_AMINO_ACID_BIOSYNTHETIC_PROCESS
1,2.7212463990471698,-2.7212463990471698,2.7212463990471698,-1,-0.43219999999999997,3.7000000000000002E-3,0.33500000000000002,ACO1|ACACB|G6PDX|TALDO1|ALDH1L1|ALDH1L2|TKT|PGD|ALDOB|PGLS|H6PD|MTOR|PRPS1|IDH1|PRPS2|RBKS|HSD11B1|RPE|RPIA|RPTOR|MLST8|SHPK|TRP53,https://www.gsea-msigdb.org/gsea/msigdb/mouse/geneset/GOBP_NADPH_REGENERATION,23,ENR,GOBP_NADPH_REGENERATION,-2.4809000000000001,0,GOBP_NADPH_REGENERATION,FALSE,GOBP_NADPH_REGENERATION
1,2.7212463990471698,-2.7212463990471698,2.7212463990471698,-1,-0.21590000000000001,0,0,AKT2|1700066M21RIK|ABCD1|ACO1|ACO2|ACTN3|ADSL|AK4|AKT1|APOC3|ARL2|ATP7A|BCL2L13|BDNF|BID|BLOC1S1|CAT|CBFA2T3|CCNB1|CDK1|CHCHD10|CHCHD2|COL6A1|COQ7|COQ9|COX10|COX4I1|COX4I2|COX5A|COX5B|COX6A1|COX6A2|COX6B1|COX6B2|COX6C|COX7A1|COX7A2|COX7A2L|COX7B|COX7C|COX8A|COX8B|CS|CSL|CYC1|CYCS|DGUOK|DLAT|DLD|DLST|DNAJC15|DNAJC30|FH1|FXN|IDE|IDH1|IDH2|IDH3A|IDH3B|IDH3G|ISCU|MDH1|MDH2|MFN2|MLXIPL|MRPS36|MSH2|MTCH2|MTFR1|MUP1|MUP2|MUP3|MUP5|MYC|MYOG|NDP|NDUFA1|NDUFA10|NDUFA11|NDUFA12|NDUFA13|NDUFA2|NDUFA3|NDUFA5|NDUFA6|NDUFA7|NDUFA8|NDUFA9|NDUFAB1|NDUFAF1|NDUFB10|NDUFB11|NDUFB2|NDUFB3|NDUFB4|NDUFB5|NDUFB6|NDUFB7|NDUFB8|NDUFB9|NDUFC1|NDUFC2|NDUFS1|NDUFS2|NDUFS3|NDUFS4|NDUFS5|NDUFS6|NDUFS7|NDUFS8|NDUFV1|NDUFV2|NDUFV3|NUPR1|OGDH|OXA1L|PANK2|PARK7|PDE2A|PDHA1|PDHB|PINK1|PPIF|RHOA|SDHA|SDHAF2|SDHB|SDHC|SDHD|SHMT2|SIRT3|SLC25A23|SLC25A33|SNCA|STOML2|SUCLA2|SUCLG1|SUCLG2|TMEM135|TNF|TRPV4|UQCR10|UQCR11|UQCRB|UQCRC1|UQCRC2|UQCRFS1|UQCRH|UQCRQ|VCP|ABCC9|AIFM1|AIFM2|BAX|CHCHD4|CHCHD5|CISD1|COQ10B|CYP1A2|ETFA|ETFB|ETFDH|IFNAR1|IFNG|IL10RB|IL4|IMMP2L|JMJD8|LYRM7|MFSD8|MYBBP1A|NFATC3|NFATC4|NR4A3|OAS1A|OAS1B|OAS1C|OAS1E|OAS1F|OAS1G|OPN3|PIK3CA|PLEC|PM20D1|PNPT1|PPARGC1A|PRDM16|PRELID1|PRKACA|PUM2|SCO2|SLC25A13|SLC25A25|SOD2|TRAP1|TREX1|VPS54|1810024B03RIK|ACADM|ADCY10|ADHFE1|ADRA1B|ADRB1|AGL|ATG12|ATG2A|ATG2B|ATG3|BLVRA|C1QTNF2|COMT|DYRK2|ENPP1|EPM2AIP1|ESRRB|GAA|GABARAPL1|GBE1|GCGR|GCK|GFPT1|GNAS|GNMT|GRB10|GSK3A|GSK3B|GYS1|GYS2|HMGB1|IGF1|IGF2|IL6ST|INPP5K|INS1|INS2|INSR|IRS1|IRS2|KHK|KL|LDHA|LEPR|MT3|MTOR|NHLRC1|NR1D1|PASK|PCDH12|PER2|PFKM|PGF|PGM1|PGM2|PHKA1|PHKA2|PHKB|PHKG1|PHKG2|PHLDA2|POMC|PPP1CA|PPP1CB|PPP1CC|PPP1R1A|PPP1R2|PPP1R3A|PPP1R3B|PPP1R3C|PPP1R3D|PPP1R3E|PPP1R3F|PPP1R3G|PRKAG2|PRKAG3|PTGES3|PYGB|PYGL|PYGM|RB1CC1|S100B|SLC25A12|SLC37A4|SORBS1|STBD1|STK40|TCF7L2|TRP53|UGP2|WDR45|WIPI1|WIPI2,https://www.gsea-msigdb.org/gsea/msigdb/mouse/geneset/GOBP_ENERGY_DERIVATION_BY_OXIDATION_OF_ORGANIC_COMPOUNDS,291,ENR,GOBP_ENERGY_DERIVATION_BY_OXIDATION_OF_ORGANIC_COMPOUNDS,-4.3010000000000002,0,GOBP_ENERGY_DERIVATION_BY_OXIDATION_OF_ORGANIC_COMPOUNDS,FALSE,GOBP_ENERGY_DERIVATION_BY_OXIDATION_OF_ORGANIC_COMPOUNDS
4,2.6989700043360201,-2.6989700043360201,2.6989700043360201,-0.998,-0.13689999999999999,2.3699999999999999E-2,0.98799999999999999,MAD2L2|MALT1|P2RX7|MAP3K7|RASGRP4|LTA|MILL1|MLH1|MR1|MUC4|NOD2|NCKAP1L|NDFIP1|PPP3CB|PRKAA1|PNP|NLRP3|PTPN6|PARP3|PTPRC|PAXIP1|PDCD1|PMS2|HSPA8|PRKCZ|IL21|SH2D1A|TNF|PVR|RAET1E|SUSD4|RIF1|RIPK3|RSAD2|SASH3|XCL1|SERPINB9|IFNG|SERPINB9B|SH2D1B1|IL4|PIK3R6|SLAMF1|SLAMF6|SLC15A4|RASGRP1|SMAD7|SPN|STAT6|STX7|TAP1|TAP2|TBX21|6030468B19RIK|TFRC|AGER|APLF|ARID5A|ATAD5|AZGP1|TNFRSF1B|TNFSF13|BCL6|TNFSF4|TRAF2|BTK|TRAF6|ARG1|TRP53BP1|TRPM4|CD160|SLC22A13|STAT5A|CD1D1|CD1D2|ULBP1|CD226|CD24A|CD274|CD28|WAS|YWHAG|CD40|ZBTB1|EXOSC3|HMGB1|IGF2|CD80|EXOSC6|VAV1|TGFB1|CLEC4G|TREM2|CRTAM|AHR|B2M|CD96|DENND1B|STAT5B|DPP4|DUSP22|KLRE1|C3|ARRB2|FADD|C4BP|FBXO38|FCER1A|FCER1G|FCGR1|FCGR3|FOXP3|FUT7|FZD5|CCL20|H2-D1|H2-K1|H2-M2|H2-M3|H2-Q1|H2-Q10|CEACAM1|H2-Q2|H2-Q4|CCR2|H2-Q6|H2-Q7|H2-T24|CD46|H2-T3|CD55|H60C|HAVCR2|HFE|CD81|HSPD1|GFER|IL12A|IL12B|CR1L|IL18|CR2|IL18R1|IL18RAP|IL1R1|IL2|IL20RB|IL23A|AP1G1|IL27RA|CADM1|CLEC12B|MSH2|CLEC2D|IL4I1|CRK|IL6|IL7R|GRB2|FCER2A|INPP5D|FCGR2B|KLRB1A|KLRB1B|KLRB1C|FOXJ1|KLRB1F|GATA3|KLRC1|KLRC2|GIMAP3|KLRI1|GIMAP5|KLRI2|KLHL22|LAMP1|H2-T23|KLRD1|KLRK1|LAG3|CLNK|HPX|IL1B|LGALS9,https://www.gsea-msigdb.org/gsea/msigdb/mouse/geneset/GOBP_REGULATION_OF_LYMPHOCYTE_MEDIATED_IMMUNITY,184,ENR,GOBP_REGULATION_OF_LYMPHOCYTE_MEDIATED_IMMUNITY,-2.1385000000000001,2E-3,GOBP_REGULATION_OF_LYMPHOCYTE_MEDIATED_IMMUNITY,FALSE,GOBP_REGULATION_OF_LYMPHOCYTE_MEDIATED_IMMUNITY
6,1.7099653886374799,-1.7099653886374799,1.7099653886374799,-0.98050000000000004,-0.20569999999999999,8.4199999999999997E-2,1,BMP4|RPS6KB1|ERRFI1|MEF2C|PPP3CA|MTOR|SMAD1|BMP2|ACTN3|AR|SMAD3|ASB2|ATP2A2|CACNA1S|TEAD1|TNNC1|CAMTA2|TNNI1|MYH6|MYH7|CMYA5|ACACB|NPPA|NPPB|ACTA1|EZH2|NFATC3|FOXO1|TRPC3|GATA4|CFLAR|GTF2IRD1|GTF2IRD2|HEY2|GSN|IGFBP5|INPP5F|PPARG|KDM4A|MYOD1|KLF15|MYOZ1|MYOZ2|MYOG|LMNA|MSTN|GATA6|ATP2B4|SMAD4|TCAP|MYOC|TNNT1|NFATC1,https://www.gsea-msigdb.org/gsea/msigdb/mouse/geneset/GOBP_STRIATED_MUSCLE_ADAPTATION,53,ENR,GOBP_STRIATED_MUSCLE_ADAPTATION,-1.7859,1.95E-2,GOBP_STRIATED_MUSCLE_ADAPTATION,FALSE,GOBP_STRIATED_MUSCLE_ADAPTATION
3,2.7212463990471698,-2.7212463990471698,2.7212463990471698,-1,-0.19439999999999999,0.01,0.755,NUDT7|NUDT8|PCK1|PCK2|PEX13|PEX5|PEX7|PHYH|PLIN5|PPARD|SCP2|SESN2|SLC25A17|SLC27A2|SLC27A4|AKT2|ABCB11|ABCD2|ABCD3|ABCD4|ABHD1|ABHD2|ABHD3|ACAA1A|ACAA1B|ACAA2|ACAD10|ETFA|ACAD11|ETFB|ACAD12|ETFDH|TWIST1|TYSND1|ACADL|ACADS|ACADVL|ACOT7|ACOT8|ACOX2|ACOX3|ACOXL|ACSL5|ADIPOQ|AIG1|ACADM|AUH|BDH2|CES1D|CES1F|CNR1|CPT1A|CPT1B|CPT2|CRAT|IRS1|IRS2|CYP4F13|CYP4F14|MTOR|CYP4F15|CYP4F18|DBI|DECR1|DECR2|ABCD1|ECH1|ECHDC1|ECHDC2|AKT1|ECHS1|ECI1|ECI2|ECI3|EHHADH|FAAH|FABP1|GCDH|ACACB|ACAT1|ACOX1|ALDH1L2|HACL1|HADH|HADHA|CROT|HADHB|HAO1|HSD17B10|HSD17B4|ILVBL|IVD|LIPE|LONP2|LPIN1|LPIN2|LPIN3|MFSD2A|MLYCD|NUDT19,https://www.gsea-msigdb.org/gsea/msigdb/mouse/geneset/GOBP_FATTY_ACID_CATABOLIC_PROCESS,100,ENR,GOBP_FATTY_ACID_CATABOLIC_PROCESS,-2.3100999999999998,0,GOBP_FATTY_ACID_CATABOLIC_PROCESS,FALSE,GOBP_FATTY_ACID_CATABOLIC_PROCESS
10,2.4089353929735,-2.4089353929735,2.4089353929735,-0.99609999999999999,-0.15260000000000001,2.46E-2,0.98899999999999999,LYST|LGALS3|MCOLN2|DNM1L|S100A14|AKIRIN1|NOD2|NCKAP1L|SLAMF8|CAMK1D|PF4|CCR3|CD177|PPBP|CD99L2|PTGER3|TIRAP|TLR2|CKLF|RARRES2|CMKLR1|CSF1|CSF3R|CXCL17|CXCL2|CXCL3|CXCR1|S100A9|CXCR2|DAPK2|TRPV4|MAPK1|FUT4|GBF1|IL17B|IL17RC|MDK|IL34|PTPRJ|IRAK4|ITGA1|XCL1|ITGA9|IFNG|ITGB2|ITGB2L|TGFB2|IL4|JAGN1|GP2|SLAMF1|RAC2|C1QBP|CXCL1|MOSPD2|MPP1|BSG|PECAM1|PERP|PIKFYVE|MYD88|SIRPA|PPIA|PPIB|SYK|PREX1|TREM1|PRTN3|TREM3|PDE4D|RAC3|TNFSF18|RTN4|S100A8|C3AR1|MSTN|SCG2|SELL|SLIT2|SRP54A|THBS4|TNFAIP6|VEGFA|WDR1|VAV1|PDE4B|VAV3|PRKCA|PTGER4|PTK2|MAPK3|CD300A|DPP4|EMP2|DPEP1|UMOD|DYSF|EDN3|THBS1|EDNRA|FCER1G|FCGR3|ANXA1|CCL1|CCL11|CCL12|C5AR1|CCL19|FUT7|CCL2|CCL22|CCL24|CCL25|SLC37A4|CCL27A|CCL28|CCL3|CCL4|CCL5|CCL7|CD74|CCL8|PAWR|CXADR|CCR7|IL17RA|CX3CL1|IL1R1|CXCL10|ADAM8|IL1A|CXCL13|IL23A|CXCL15|CXCL5|CXCL9|SPP1|BST1|ITGAM|LBP|JAM3|MYO1F|RAC1|CSF1R|IL1B|EDN1|EDN2,https://www.gsea-msigdb.org/gsea/msigdb/mouse/geneset/GOBP_GRANULOCYTE_MIGRATION,147,ENR,GOBP_GRANULOCYTE_MIGRATION,-2.1301000000000001,3.8999999999999998E-3,GOBP_GRANULOCYTE_MIGRATION,FALSE,GOBP_GRANULOCYTE_MIGRATION
11,2.7212463990471698,-2.7212463990471698,2.7212463990471698,-1,-0.18790000000000001,2.1299999999999999E-2,0.98199999999999998,PARL|PDCD5|DNM1L|PMAIP1|TSPO|PPP2R2B|OXA1L|PRKAA1|FIS1|PINK1|RALA|4930550C14RIK|AGK|HSP90AA1|AP3B1|BAG1|DNAJA1|FKBP8|RNF186|ROMO1|AKT1|TIMM10|BBC3|LRRK2|TIMM13|TIMM22|BID|TIMM50|TIMM9|TOMM22|TOMM40|BNIP3L|TOMM70A|AIFM1|BAX|CHCHD4|DDIT3|BAG3|IMMP2L|BAG4|BCAP31|SH3GLB1|DNAJC19|DNLZ|DUSP18|HSPD1|CDKN2A|FBXO7|FBXW7|GFER|GRPEL1|GRPEL2|HSPA1L|DNAJC15|IMMP1L|BCS1L|MIPEP|NOL3|PAM16|PMPCA|PMPCB|COX18|PTPN5|GDAP1|TIMM17A|TIMM17B|TIMM23|TIMM44|TIMM8A1|TOMM20|TOMM34|MFN2|TOMM40L|HSPA4|TOMM5|TOMM7|YWHAZ|MTCH2|SAMM50|TMEM126A|ADCY10|ISG15|EIF2AK1|MAPT|MAVS|NDUFA13|SIRT4|HK1|MFF|HK2|MTCH1|SREBF1|AIP|GSK3A|SARM1,https://www.gsea-msigdb.org/gsea/msigdb/mouse/geneset/GOBP_PROTEIN_LOCALIZATION_TO_MITOCHONDRION,95,ENR,GOBP_PROTEIN_LOCALIZATION_TO_MITOCHONDRION,-2.1635,0,GOBP_PROTEIN_LOCALIZATION_TO_MITOCHONDRION,FALSE,GOBP_PROTEIN_LOCALIZATION_TO_MITOCHONDRION
5,2.6989700043360201,-2.6989700043360201,2.6989700043360201,-0.998,-0.36059999999999998,2.7E-2,0.995,KCNH2|SUMO1|NEDD4L|RGS4|OXSR1|GRP|ACTN2|AGRN|BIN1|CASQ2|CAV3|KCNQ1|KCNRG|ANK3|KEL|KCNAB1|PTGER3|CRBN|KCNE1|CAV1|KCNE2|KCNE3|STK39,https://www.gsea-msigdb.org/gsea/msigdb/mouse/geneset/GOBP_NEGATIVE_REGULATION_OF_POTASSIUM_ION_TRANSMEMBRANE_TRANSPORT,23,ENR,GOBP_NEGATIVE_REGULATION_OF_POTASSIUM_ION_TRANSMEMBRANE_TRANSPORT,-2.1116999999999999,2E-3,GOBP_NEGATIVE_REGULATION_OF_POTASSIUM_ION_TRANSMEMBRANE_TRANSPORT,FALSE,GOBP_NEGATIVE_REGULATION_OF_POTASSIUM_ION_TRANSMEMBRANE_TRANSPORT
1,2.7212463990471698,-2.7212463990471698,2.7212463990471698,-1,-0.4274,0,0,NDUFB8|NDUFB9|NDUFC2|NDUFS1|NDUFS2|NDUFS3|NDUFS6|NDUFS7|NDUFS8|NDUFV1|NDUFV2|PARK7|PINK1|SDHA|SDHAF2|SDHB|SDHC|SDHD|BDNF|UQCR10|UQCR11|UQCRB|UQCRC1|UQCRC2|UQCRFS1|UQCRH|UQCRQ|COQ9|COX4I1|COX4I2|COX5A|COX5B|COX6A1|COX6A2|COX7A1|COX7A2|COX7A2L|COX7B|COX7C|COX8A|COX8B|CYC1|CYCS|DLD|DNAJC15|ISCU|NDUFA10|NDUFA11|NDUFA7|NDUFA8|NDUFAF1|NDUFB6,https://www.gsea-msigdb.org/gsea/msigdb/mouse/geneset/GOBP_AEROBIC_ELECTRON_TRANSPORT_CHAIN,52,ENR,GOBP_AEROBIC_ELECTRON_TRANSPORT_CHAIN,-3.6423999999999999,0,GOBP_AEROBIC_ELECTRON_TRANSPORT_CHAIN,FALSE,GOBP_AEROBIC_ELECTRON_TRANSPORT_CHAIN
5,2.7212463990471698,-2.7212463990471698,2.7212463990471698,-1,-0.1454,2.0000000000000001E-4,1.0999999999999999E-2,P2RX7|GPD1L|UCP2|NPPA|FMR1|ABCB1A|ABCB1B|PDE4D|ABL1|ACTN2|ADRB2|AFG3L2|AGRN|AGTR1A|AHNAK|AKAP5|P2RY6|AKAP6|ATP2B4|AKAP7|AKAP9|AMIGO1|ANK2|ANK3|ANO6|APLNR|ARF1|ASPH|ATG5|ATP1B2|ATP1B3|ATP2A1|ATP4A|BAK1|BCL2|BDKRB1|BMP4|CACNA1C|CACNA1D|CACNA1F|CACNA2D1|CACNB1|CACNB2|SPHK2|CACNB3|CACNG1|CALM1|TGFB1|CALM2|CALM3|CAMK2D|CAPN3|CASQ1|CASQ2|CAV3|CD19|CD4|CD63|CFTR|CLEC4B1|DBI|AHR|CNKSR3|PIK3C2A|COMMD1|CORO1A|CRBN|BPIFA1|CTSS|CXCR3|CYBA|PIK3CG|DHRS7C|DLG1|DMD|DPP10|DPP6|DRD4|DYSF|EDN3|AKT1|EDNRA|EHD3|F2R|ATP7A|F2RL3|PLCG1|FBXO11|PLCG2|FCRL5|FGF12|FGF13|FGF14|FHL1|FKBP1A|FKBP1B|FLNA|FXYD1|FXYD2|FXYD3|FXYD4|FXYD5|FXYD6|FXYD7|FYN|GAL|CAV1|GALR2|GJC2|GNB2|GNB5|GOPC|GPR35|GPR39|GRIA1|GRIN1|GRIN2C|GRM6|GRP|GSTO1|HAP1|HEPH|HOMER1|HPCA|HRC|HSPA2|IKBKB|IL13|ITGB1|ITGB3|JPH2|JPH3|JSRP1|CX3CL1|KCNAB1|CXCL10|KCNAB2|TMEM38B|CXCL11|KCNAB3|KCNC1|ISCU|KCNC2|KCNE1|KCNE2|KCNE3|CXCL9|KCNG4|KCNH2|KCNIP1|KCNIP2|VDAC1|KCNIP3|KCNIP4|KCNJ1|F2|KCNJ10|KCNJ11|KCNJ12|KCNJ13|KCNJ15|KCNJ16|KCNJ2|KCNJ5|KCNJ6|KCNJ8|GIMAP3|KCNMB1|GIMAP5|KCNN2|KCNN4|KCNQ1|KCNRG|HAMP|KCNS1|HAMP2|KEL|LCN2|LIME1|LRRC26|LRRC52|LRRC55|LYN|MMP9|EDN1|MS4A1|MS4A2|NDUFA4|NEDD4|NEDD4L|NGF|NLGN3|NR3C2|OSR1|OXSR1|P2RX1|P2RX4|P2RX5|PCSK9|PDPK1|PHB2|PKD2|PLN|PML|PPP3CA|PPP3CB|PPP3CC|PPP3R1|PRKCE|PRKD1|PRNP|PRSS8|PPIF|PSEN2|PTGER3|PTK2B|PTPN6|PTPN22|PTPN3|RANGRF|RAPGEF3|RELN|REM1|RGS4|GSTM7|RGS7|RGS9|SNCA|RIPK1|RNF207|RYR2|SCN1B|SCN2B|SCN3B|SCN4B|SCN5A|SESTD1|SLC30A1|SLC31A2|SLC36A2|SLC8A1|SLC9A1|SLC9A6|SLMAP|ABCC9|SLN|SNTA1|SPG7|BAX|SRI|STAC|STAC2|STAC3|STIM1|STIM2|MYO5A|STK39|STOM|XCL1|SUMO1|TCIRG1|IFNG|TESC|TGFB2|IL4|THY1|TLR9|TMBIM6|TMEM168|TMEM38A|TRDN|TRPC1|TRPC3|TRPC6|TSPAN13|UBASH3B|UBQLN1|UBR3|VAMP2|CHD7|VMP1|WNK1|WNK2|PLP1|WNK4|WWP2|YWHAE|YWHAH|YWHAQ|ADRB1|SCO1|PLCB1|MTOR|HTT|TACO1|NOL3|COX17|G6PDX|BIN1|ATP1A2|ATP1B1|CACNB4|ADCYAP1R1,https://www.gsea-msigdb.org/gsea/msigdb/mouse/geneset/GOBP_REGULATION_OF_MONOATOMIC_ION_TRANSMEMBRANE_TRANSPORT,303,ENR,GOBP_REGULATION_OF_MONOATOMIC_ION_TRANSMEMBRANE_TRANSPORT,-2.8946999999999998,0,GOBP_REGULATION_OF_MONOATOMIC_ION_TRANSMEMBRANE_TRANSPORT,FALSE,GOBP_REGULATION_OF_MONOATOMIC_ION_TRANSMEMBRANE_TRANSPORT
2,2.7212463990471698,-2.7212463990471698,2.7212463990471698,-1,-9.4100000000000003E-2,3.2099999999999997E-2,0.999,DHPS|DLG5|DOCK8|DTX1|MALT1|DUSP3|RAG2|EFNB1|EFNB2|EFNB3|EGR3|EPHB4|ERBB2|FANCA|FANCD2|FCHO1|FLOT2|NCKAP1L|NDFIP1|FOXN1|PRKAA1|GLI3|NFKBID|GLMN|NFKBIZ|GNRH1|GPNMB|NLRP3|H2-AA|H2-AB1|H2-DMB2|H2-EB1|H2-EB2|PAG1|H2-OA|H2-OB|PDCD1|AIF1|PDCD1LG2|HSPB1|HSPH1|ICOS|SLC4A1|IGFBP2|IHH|PRDM1|IL15|SART1|PRKCQ|IL1RL2|PRKCZ|IL21|IL2RA|IL2RG|PYCARD|IL7|ITCH|ITGAL|RAG1|KAT5|RC3H1|KITL|RC3H2|LAPTM5|LGALS8|LMO1|LRRC32|RIPK2|RIPK3|MAD1L1|MAPK8IP1|MDK|RORC|NCK2|SASH3|NKAP|NR5A2|NRARP|PBRM1|PELI1|SIT1|PHF10|PIK3R6|PRDX2|SLAMF1|PTPN2|RAC2|RARA|RASAL3|SLFN1|RASGRP1|FGL2|SMAD7|ADA|SOCS5|RHOH|SPN|ITPKB|RUNX1|RUNX3|SCGB1A1|SCRIB|SDC4|SFTPD|SH2B3|TARM1|OPA1|TBX21|SH3RF1|SHB|TFRC|SIRPA|SKINT1|SMARCA2|SMARCA4|SYK|SMARCB1|TNFRSF13C|SMARCC1|TNFRSF14|SMARCC2|SMARCD1|TNFRSF1B|LCK|SMARCD2|ABL1|METTL3|PDE5A|SMARCD3|TNFSF13B|SMARCE1|TNFSF18|SOCS1|TNFSF4|SOCS6|NCK1|SOS1|TRAF6|ARG1|SOS2|ARG2|SOX12|SOX13|SOX4|BAD|STAT5A|TYK2|TCF7|TESPA1|TGFBR2|TIGIT|VTCN1|TNFAIP8L2|TNFRSF9|YWHAG|TNFSF14|ZAP70|TNFSF9|ZBTB1|ZBTB7B|TOX|ZC3H12A|TSC2|BMP4|TSPAN32|TWSG1|VAV1|VCAM1|VNN1|WNT10B|TGFB1|CYP26B1|XBP1|ZC3H12D|ILDR2|RPS3|ZC3H8|KAT2A|ZEB1|ZFP35|CD4|ZFP608|ZFP609|ZMIZ1|ZNHIT1|B2M|CORO1A|BMI1|STAT5B|DLG1|AP3B1|BID|ANXA1|ADORA2A|CCL19|CCL2|CCL20|CAV1|CCL5|CD74|CEACAM1|CCR2|CCR7|CD37|CD46|CD47|CD55|CD59A|CD59B|DNAJA3|CD81|CTSG|IL1A|IDO1|IL4I1|FOXJ1|GATA3|GIMAP3|GIMAP5|H2-DMA|H2-T23|PLA2G2D|IL1B|LGALS3|PCK1|PPP3CA|PF4|PNP|PRNP|GPAM|RHOA|PTPN6|PTEN|PTPN22|PTPRC|KLHL25|TNFRSF21|VSIG4|XCL1|IFNG|IL4|THY1|CDKN2A|SHH|PLA2G2F|PLA2G5|BRAF|PRELID1|CASP3|AGER|TREX1|ASCL2|BCL6|BRD2|BRD4|BTLA|DICER1|CCR6|PRKAR1A|CD160|CD1D1|CD1D2|DROSHA|SLC46A2|CD24A|CD27|CD274|SLC4A2|CD28|CD3E|CD40LG|CD44|CD69|HMGB1|IGF1|IGF2|CD80|IL6ST|CD86|SLC7A1|CLEC4G|CRTAM|CSK|CTLA4|CD300A|DPP4|DUSP10|DUSP22|HSP90AA1|CTNNB1|EPHB6|FADD|FAS|TNFSF11|FBXO38|HES1|FGL1|FOXP3|CD209D|CEBPB|H2-DMB1|H2-M3|PAWR|FOXO3|HAVCR2|HFE|HLX|HSPD1|ICOSL|IL12A|IL12B|IL12RB1|IL18|ABL2|ACTB|ACTL6A|ACTL6B|ADAM8|IL2|ADRM1|IL20RB|AMBRA1|IL23A|ANKLE1|AP3D1|EP300|IL27|ARID1A|ARID2|ADK|IL4RA|BLM|IL6|BRD7|IL7R|IRGM1|BTNL2|CARD11|IRF1|CBFB|CBLB|BCL10|CCDC88B|CD209A|CD209C|JAK2|CD209E|JAK3|CD276|CD5|KLHL22|CD6|CD83|LAG3|CLEC2I|LAT|CLPTM1|LAX1|CTLA2A|LEF1|CYLD|LGALS1|DAPL1|LGALS9|LOXL3,https://www.gsea-msigdb.org/gsea/msigdb/mouse/geneset/GOBP_REGULATION_OF_T_CELL_ACTIVATION,365,ENR,GOBP_REGULATION_OF_T_CELL_ACTIVATION,-2.0657000000000001,0,GOBP_REGULATION_OF_T_CELL_ACTIVATION,FALSE,GOBP_REGULATION_OF_T_CELL_ACTIVATION
5,1.8664610916297799,-1.8664610916297799,1.8664610916297799,-0.98640000000000005,-8.6999999999999994E-2,5.1400000000000001E-2,1,P2RX7|MCOLN1|MCOLN2|TRPM1|DNM1L|SERPINE1|XCR1|ORAI1|PSEN1|ADRA1A|HOXA3|ANXA6|CACNA1H|PRKCB|ATP2A2|EDNRB|CACNA1S|CALCRL|UCP2|CAMK2G|CHRNB2|CATSPER3|CATSPER4|CNGA1|CNGA4|DDIT3|HTR2B|HTR2C|NPPA|ATP13A4|ATP2A3|ATP2C1|BSPRY|CACHD1|CACNA2D3|CACNA2D4|CATSPER2|CDH23|CYSLTR1|GCM2|NALCN|GJA4|GPM6A|IBTK|ITPRIPL1|ORAI2|ORAI3|P2RX6|PKD1L3|OPA1|PLCL1|RAMP1|SEC61A1|FMR1|TMCO1|TMEM165|TMEM37|TRPM3|TRPM6|TRPM7|LCK|PDE4D|ABL1|ADRB2|SLC24A1|AFG3L2|SLC24A2|SLC24A3|AGTR1A|SLC24A5|AHNAK|AKAP5|P2RY6|TRIM27|AKAP6|ATP2B4|TRPM4|ANK2|ANO6|APLNR|PDGFB|ASPH|ATG5|NFATC1|ATP2A1|BAK1|BCL2|BDKRB1|SLC8A2|BMP4|CACNA1C|P2RX2|CACNA1D|P2RX3|CACNA1F|CACNA2D1|CACNB1|CACNB2|TPCN1|CACNB3|TPCN2|CACNG1|TRPM2|CALM1|TGFB1|WNT3A|CALM2|CALM3|CAMK2D|CYP27B1|CAPN3|TSPO|CASQ1|PLCB2|CASQ2|CAV3|CD19|PLCE1|CD4|PLCH1|RYR1|PLCH2|RYR3|AGT|CLEC4B1|DBI|AHR|CORO1A|CXCR3|CYBA|PIK3CG|DHRS7C|SRL|DMD|DRD4|ARRB2|DYSF|AKT1|EDNRA|EHD3|F2R|F2RL3|PLCG1|FBXO11|PLCG2|FCRL5|FGF14|ACE|CCL12|FKBP1A|FKBP1B|ADORA2A|CCL19|FLNA|CAMK2A|CDK5|CCL3|FYN|BEST1|CAV1|CCL5|GJC2|CACNA1A|CALHM2|CCL8|GNB5|CASR|GPR35|GPR39|CACNA2D2|GRIN1|GRIN2C|GRM6|GSTO1|HAP1|HOMER1|HPCA|CACNA1I|HRC|HSPA2|IL13|ITGB3|JPH2|GJA1|JPH3|RAMP2|JSRP1|CX3CL1|CXCL10|TMEM38B|CXCL11|CXCL12|GHITM|ITGAV|CXCL9|PKD1|CCR5|VDAC1|F2|TRPC2|LETM1|ZMPSTE24|LETM2|KCNJ8|GIMAP3|GIMAP5|KCNN4|MICU1|PANX1|LIME1|NOS3|LYN|EDN1|MS4A1|MS4A2|NGF|LGALS3|HSPA9|P2RX1|P2RX4|P2RX5|PDPK1|PKD2|PLN|PML|PPP3CA|PPP3CB|PPP3CC|PPP3R1|PRKCE|PRKD1|PRNP|PSEN2|CHRNA4|FASL|PTGER3|RHOA|PTK2B|PTPN6|PTPN22|PTPRC|RAPGEF3|REM1|RGS4|SLC25A23|GSTM7|RGS9|SNCA|RYR2|TRPV4|SESTD1|SLC30A1|SLC8A1|MYB|SLC9A1|SLN|SPG7|BAX|PLCL2|SRI|STAC|STAC2|STAC3|STIM1|STIM2|MYO5A|XCL1|SUMO1|TGFB2|THY1|TLR9|TMBIM6|TMEM38A|TRDN|NFATC3|TRPC1|TRPC3|TRPC6|CHERP|TSPAN13|UBASH3B|UBQLN1|UBR3|CHD7|VMP1|PLP1|ITPR2|YWHAE|CAMK2B|NCS1|RAMP3|SLC25A25|PTGS2|ADRB1|PDGFRB|PLCB1|GCK|HRH1|GP1BB|GP5|GP9|IGF1|CD84|INPP5K|ITPR3|ANO9|CLCA1|AQP2|ATP2B1|ATP2C2|CACNA1G|CASK|CCKAR|CCR1|CLDN16|CREB3|CRHR2|CTNNB1|CXCR4|EFHB|EGF|HTT|GCG|GLP1R|GNAI2|TRPC4|GNAO1|HES1|HOMER2|HOMER3|IL16|ISL1|ITPR1|JPH4|LILRA5|LPAR3|MCHR1|MYLK|P2RY12|PACSIN3|PAWR|PLCB4|SPG11|STC1|STC2|ICAM1|TMX1|TRPV6|TRPV2|TSPAN18|USP2|VDR|BHLHA15|WFS1|NOL3|GAS6|PLCB3|G6PDX|BIN1|JAK3|ATP1A2|ATP1B1|ATP2B2|CACNB4|CACNA1E|ADCYAP1R1|FGF2,https://www.gsea-msigdb.org/gsea/msigdb/mouse/geneset/GOBP_CALCIUM_ION_TRANSPORT,367,ENR,GOBP_CALCIUM_ION_TRANSPORT,-1.9262999999999999,1.3599999999999999E-2,GOBP_CALCIUM_ION_TRANSPORT,FALSE,GOBP_CALCIUM_ION_TRANSPORT
1,2.7212463990471698,-2.7212463990471698,2.7212463990471698,-1,-0.4521,1.8E-3,0.159,NDUFB8|NDUFB9|NDUFC2|NDUFS1|NDUFS2|NDUFS3|NDUFS6|NDUFS7|BDNF|NDUFA10|NDUFS8|NDUFA11|NDUFV1|NDUFV2|DLD|DNAJC15|NDUFA7|PARK7|NDUFA8|COQ9|NDUFAF1|PINK1|ISCU|NDUFB6,https://www.gsea-msigdb.org/gsea/msigdb/mouse/geneset/GOBP_MITOCHONDRIAL_ELECTRON_TRANSPORT_NADH_TO_UBIQUINONE,24,ENR,GOBP_MITOCHONDRIAL_ELECTRON_TRANSPORT_NADH_TO_UBIQUINONE,-2.5788000000000002,0,GOBP_MITOCHONDRIAL_ELECTRON_TRANSPORT_NADH_TO_UBIQUINONE,FALSE,GOBP_MITOCHONDRIAL_ELECTRON_TRANSPORT_NADH_TO_UBIQUINONE
6,2.7212463990471698,-2.7212463990471698,2.7212463990471698,-1,-0.1115,1.8E-3,0.14599999999999999,BECN1|3425401B19RIK|ACTA2|ADRA1A|ADRA2A|GPD1L|ADRA2B|ADRA2C|AIF1|AKAP1|ANXA6|APBB1|APBB2|AR|ARHGAP42|ASB2|ATP2A2|ATP8A2|BBS2|CACNA1S|CALCA|CALCRL|MAP2K1|CALD1|CAMK2G|CAMTA2|CCDC78|FDPS|CD38|CHRM2|CHRM3|MYH6|CHRNA1|MYH7|CHRNB1|CHRNB2|CHRNB4|CHRNE|CMYA5|COL14A1|COMP|CTDP1|CTNNA3|CTTN|DAG1|DBN1|DDIT3|HTR2B|DOCK4|DOCK5|DSC2|NPPA|DSG2|NPPB|DSP|NPPC|ECE1|EZH2|FBXO32|FLT1|FOXO1|GATA4|GATA5|GDNF|GHRL|SMAD7|GJA5|GLRX3|GRCC10|GRIP2|GTF2IRD1|GTF2IRD2|HAND2|HEY2|HSBP1|HTR1D|IGFBP5|INPP5F|ITGA2|JARID2|JUP|KCNA1|KCND2|PARP1|KCND3|KCNE4|KDM4A|KIT|KLF15|KLF4|TNFRSF1B|LCK|PDE4D|LMCD1|PDE5A|MAP2K3|MAP2K4|MEIS1|MET|ORMDL3|MKKS|PDE9A|MSTN|P2RY1|MTMR4|MTPN|MYH1|TRPM4|MYH4|MYL1|MYL3|MYL4|MYL6|MYL6B|MYLK2|MYLPF|MYOC|MYOCD|NFATC1|NMU|NPNT|NPY1R|NR4A1|ZC3H12A|NUP155|OXTR|P2RX2|P2RX3|PAK2|PARP2|PDE4B|PDLIM5|PI16|PIN1|PKP2|PPP1R13L|PRKCA|PROK2|PTGER4|PTK2|RCSD1|ROCK1|ROCK2|RYR1|RYR3|SETD3|SGCA|SGCD|SMAD1|SMAD5|SMPD3|SMTN|SOD1|SORBS2|SRL|STUB1|SULF1|SULF2|SYNM|ACTN3|TACR1|TACR3|TBCE|TBX2|TBX20|TBX3|TBXA2R|TEAD1|TIAM1|ABCC8|TIFAB|TNNC1|TNNC2|TNNI1|ACE2|TNNI2|ADORA1|TNNI3|TPM2|TPM3|COL6A1|TPM4|TRIM72|TRIP10|TSHZ3|PRKG1|TWF1|PTAFR|UTY|ATP1A3|VEGFB|YY1|ZDHHC21|ZFP418|TMEM38B|MAP2K6|MYOG|GATA6|NR3C1|OXT|PAK1|HAMP|HAMP2|RGS2|RPS6KB1|CDK9|NDUFS4|NDUFS6|MEF2C|NOTCH1|PLA2G6|RHOA|TNF|DYRK1A|TRPV4|ABCC9|SLC25A4|NFATC3|NR4A3|PIK3CA|SCO2|DDX39B|MYOD1|VPS54|ADCY10|ADRA1B|ADRB1|GAA|GSK3A|GSK3B|IGF1|MTOR|HSP90AA1|PRKAG3|CHGA|ACACB|ALDOA|FOXP1|NOL3|ENO1|EP300|FKRP|G6PDX|HDAC4|RBM10|PGAM2|SHC1|PPARA|BMP2|CACNA1H|EDNRB|KCNMA1|TRIM63|SCNN1B|ABAT|ATP1A1|SRSF1|DMPK|HCN4|ADA|NKX2-5|SCN4A|ACTN2|ADRB2|AGRN|ARG2|AKAP6|ATP2B4|AKAP9|ANK2|ATP2A1|BMP4|CACNA1C|CACNA1D|CACNA2D1|CACNB1|CACNB2|TPCN2|CACNG1|CALM1|CALM2|CALM3|CAMK2D|CASQ1|CASQ2|CAV3|AGT|CYBA|DLG1|DMD|EDN3|EDNRA|EHD3|F2R|FGF13|FKBP1A|FKBP1B|FLNA|FXYD1|CAV1|HOMER1|HRC|JSRP1|KCNE1|KCNE2|KCNE3|KCNH2|KCNIP1|KCNIP2|LMNA|KCNJ2|KCNJ5|KCNJ8|KCNN2|MEF2A|KCNN4|KCNQ1|NOS3|EDN1|MYH14|EDN2|NEDD4L|P2RX1|P2RX4|PLN|PPP3CA|PRKD1|PSEN2|PTGER3|RAP1GDS1|RANGRF|REM1|RGS4|SMAD3|RNF207|RYR2|SCN1B|SCN2B|SCN3B|SCN4B|SCN5A|SLC8A1|SLC9A1|SLN|TOMM70A|SNTA1|SRI|STAC|STAC2|STAC3|SUMO1|ACTA1|ACTC1|TMEM38A|AKAP13|TRPC3|CFLAR|CSRP3|LMOD1|LMOD2|LMOD3|MYBPC1|PPARG|MYBPC2|MYBPC3|MYH11|MYL2|MYOM1|MYOM2|PTGS1|PTGS2|MYOZ1|MYOZ2|SIRT1|SMAD4|SRF|TCAP|TMOD1|SPHK1|TMOD2|TMOD3|TMOD4|TNNT1|TNNT2|TNNT3|TPM1|TTN|TNFRSF1A|ERRFI1|GATM|ATP2B1|CACNA1G|CXCR4|HTR7|KCNA5|MYLK|PAWR|FOXO3|STC1|GSN|ADK|ADORA2B|BIN1|ATP1A2|ATP1B1,https://www.gsea-msigdb.org/gsea/msigdb/mouse/geneset/GOBP_MUSCLE_SYSTEM_PROCESS,405,ENR,GOBP_MUSCLE_SYSTEM_PROCESS,-2.5935000000000001,0,GOBP_MUSCLE_SYSTEM_PROCESS,FALSE,GOBP_MUSCLE_SYSTEM_PROCESS
3,2.7212463990471698,-2.7212463990471698,2.7212463990471698,-1,-0.2031,2.0000000000000001E-4,1.0999999999999999E-2,OAT|OTC|PAH|PIPOX|PARK7|PPAT|PRODH|PRODH2|QDPR|QPRT|SHMT2|SDS|SDSL|SHMT1|UCP2|AADAT|MTHFD1|AASDHPPT|MTHFD2L|NADSYN1|TAT|TDH|TDO2|THA1|THNSL2|UROC1|ACMSD|AFMID|AGXT|AGXT2|AHCY|ALDH4A1|ADHFE1|ALDH5A1|ALDH8A1|AMDHD1|ARG1|ARG2|NMNAT2|PFAS|ASRGL1|ATP2B4|AUH|SIRT4|BCAT1|BCAT2|BCKDK|CBS|GNMT|TH|CDO1|ADI1|CSAD|AGMAT|ALDH18A1|APC|APIP|ASL|ASNS|ASNSD1|ASPA|ASPG|ASS1|ATCAY|ATF4|AZIN1|BHMT|GLUL|BHMT2|DAO|CLN3|CPS1|CRTAP|DCT|DDAH1|DDO|EGLN2|ENOPH1|FPGS|GAMT|GCLC|GCLM|GFPT2|GGT1|ICMT|IYD|MECP2|ATP7A|MRI1|MTAP|MTHFR|MTR|NAGS|NAT8L|NIT2|FAH|NR1H4|FTCD|ODC1|GAD1|P4HA1|GAD2|P4HA2|P4HB|GCAT|PCBD1|SLC25A12|GCDH|PCBD2|PCMT1|PEMT|PHGDH|PLOD2|PLOD3|PRDX4|PSAT1|PSPH|GLS|PYCR1|AASS|GLS2|PYCR2|GLUD1|SLC38A1|GOT1|GOT2|SLC7A11|GPT|SPR|GPT2|SRR|GSTZ1|THAP4|HAAO|TTC36|DLST|HAL|HDC|HGD|HPD|IDO1|IDO2|IL4I1|ILVBL|IVD|KMO|KYNU|NDP|MAT1A|MCCC1|MCCC2|HMGCL|HMGCLL1|MTRR|CAD|NOS2|NOS3,https://www.gsea-msigdb.org/gsea/msigdb/mouse/geneset/GOBP_L_AMINO_ACID_METABOLIC_PROCESS,157,ENR,GOBP_L_AMINO_ACID_METABOLIC_PROCESS,-2.8965999999999998,0,GOBP_L_AMINO_ACID_METABOLIC_PROCESS,FALSE,GOBP_L_AMINO_ACID_METABOLIC_PROCESS
35,2.7212463990471698,-2.7212463990471698,2.7212463990471698,-1,-0.2676,4.0000000000000001E-3,0.36399999999999999,KRT1|KRT6A|PKP2|AGFG1|AGFG2|BFSP1|BFSP2|DES|DNAJB6|EPPK1|INA|KLHL24|KRT10|KRT12|KRT13|KRT14|KRT15|KRT16|KRT17|KRT2|KRT20|KRT23|KRT24|KRT25|KRT27|KRT31|KRT32|KRT33A|KRT33B|KRT34|KRT35|KRT36|KRT4|KRT42|KRT5|KRT6B|KRT7|KRT75|KRT76|KRT77|KRT78|KRT79|KRT80|KRT81|KRT84|KRT85|DSP|KRT86|NEFH|NEFL|NEFM|PRPH|SHH|TCHH|VIM|GFAP|KRT19|PLEC|PKP1|MTM1,https://www.gsea-msigdb.org/gsea/msigdb/mouse/geneset/GOBP_INTERMEDIATE_FILAMENT_ORGANIZATION,60,ENR,GOBP_INTERMEDIATE_FILAMENT_ORGANIZATION,-2.4687999999999999,0,GOBP_INTERMEDIATE_FILAMENT_ORGANIZATION,FALSE,GOBP_INTERMEDIATE_FILAMENT_ORGANIZATION
2,2.2218487496163601,-2.2218487496163601,2.2218487496163601,-0.99399999999999999,-0.2853,3.5400000000000001E-2,1,PCID2|TLR9|ID2|XBP1|FLT3|NCKAP1L|SLAMF8|ZFP36L1|PNP|ZFP36L2|SFRP1|IL2|PPP2R3C|PTPN6|STAT5B|ANKLE1|HMGB3|ATP11C|IL4I1|SYK|IL10|IKZF3|FAS|INPP5D|BCL6|CARD11|IL21|IL2RG|IL7|BAD|STAT5A|CD24A|CD27|MMP14|CYLD|DDRGK1|NFAM1,https://www.gsea-msigdb.org/gsea/msigdb/mouse/geneset/GOBP_REGULATION_OF_B_CELL_DIFFERENTIATION,37,ENR,GOBP_REGULATION_OF_B_CELL_DIFFERENTIATION,-2.0377000000000001,6.0000000000000001E-3,GOBP_REGULATION_OF_B_CELL_DIFFERENTIATION,FALSE,GOBP_REGULATION_OF_B_CELL_DIFFERENTIATION
7,2.7212463990471698,-2.7212463990471698,2.7212463990471698,-1,-0.1429,6.0000000000000001E-3,0.52700000000000002,LYST|P2RX7|MILL1|MR1|MUC4|NCKAP1L|HSPA8|IL21|PVR|RAB27A|RAET1E|SCNN1B|RIPK3|NCF1|RNF19B|SERPINB9|SERPINB9B|SH2D1B1|NPPB|PIK3R6|SLAMF6|BCL2L11|CLEC7A|CXCL1|F2RL1|RASGRP1|FGL2|GBP2|GBP3|GBP5|GBP7|GM12250|GZMA|STX11|GZMB|STX7|GZMC|IGTP|TAP1|IRGM2|TAP2|LYZ1|LYZ2|MYD88|NINJ1|NKG7|NLRP6|PCYOX1L|PRF1|SYK|TREM1|TREM3|TUSC2|ARG1|BAD|STAT5A|ULBP1|UNC13D|RPL30|TYROBP|VAV1|RPS19|TGFB1|DAO|B2M|CD2|CORO1A|STAT5B|CEBPG|PIK3CB|KCTD9|PIK3R1|KLRE1|C3|ARRB2|C8A|C8B|C8G|C9|CAMP|CCL1|CCL11|CCL17|CCL19|CCL2|CCL20|CCL22|CCL25|CCL27A|CCL28|CCL8|CEACAM1|CD55|CD59A|CD59B|CD5L|GFER|IL13|CR1L|CTSG|CXCL10|CXCL11|CXCL12|CXCL13|AP1G1|CXCL14|ARL8B|ATN1|CXCL5|CADM1|CXCL9|CCR5|CLEC12B|CLEC2D|CRK|ELANE|DNASE1|DNASE1L3|F2|GRB2|FCER2A|GZMN|FCGR2B|HCST|ITGAM|KLRB1A|KLRB1B|KLRB1C|KLRB1F|KLRC1|KLRC2|GIMAP3|KLRI1|GIMAP5|KLRI2|LAMP1|PLEKHM2|H2-T23|PRDX1|HAMP|STAP1|HAMP2|STXBP2|HC|HMGN2|HRG|NOS2|KNG1|KNG2|LGALS3|LTF|MBL1|MBL2|NTS|PPP3CB|PGLYRP1|PNP|PGLYRP3|PGLYRP4|PPBP|PTPN6|PTPRC|ROMO1|SH2D1A|SPAG11B|TAC1|XCL1|IFNG|IL4|AGER|AZGP1|CD160|SLC22A13|CD1D1|CD1D2|CD226|IGF2|CRTAM|CTSC|CTSH|CX3CR1|EBAG9|EMP2|HSP90AB1|POMC|FADD|FCGR1|FCGR3|FCGR4|GZMM|H2-D1|KIF5B|H2-K1|H2-M2|H2-M3|H2-Q1|CFH|H2-Q10|H2-Q2|H2-Q4|H2-Q6|H2-Q7|H2-T24|H2-T3|H60C|HAVCR2|IL12A|IL12B|IL18|IL18RAP|IL23A|IL7R|INPP5D|GAPDH|KLRD1|KLRK1|LAG3|LGALS9,https://www.gsea-msigdb.org/gsea/msigdb/mouse/geneset/GOBP_CELL_KILLING,218,ENR,GOBP_CELL_KILLING,-2.4032,0,GOBP_CELL_KILLING,FALSE,GOBP_CELL_KILLING
4,2.7212463990471698,-2.7212463990471698,2.7212463990471698,-1,-0.24790000000000001,6.0000000000000001E-3,0.53800000000000003,MAD2L2|EXOSC3|HMGB1|RAG2|EXOSC6|MLH1|TGFB1|MSH6|XRCC6|NBN|BCL11B|MCM3AP|NDFIP1|MSH3|NHEJ1|NFKBIZ|POLB|POLM|POLQ|CTNNBL1|DCLRE1C|PARP3|PTPRC|PAXIP1|PMS2|ERCC1|RAG1|FOXP3|RIF1|RNF168|RNF8|YY1|IFNG|ADAR|ATM|IL4|EZH2|HSPD1|ICOSL|SLC15A4|FOXP1|STAT6|SWAP70|IL2|AICDA|TBX21|TFRC|IL27RA|APLF|MSH2|ATAD5|EXO1|BATF|TNFSF13|BCL6|TNFSF4|TRP53BP1|CCR6|PRKDC|PCYT1A|TCF3|TCF7|UNG|CD28|LEF1|XRCC4|CD40|LIG4|SAMHD1|CD40LG,https://www.gsea-msigdb.org/gsea/msigdb/mouse/geneset/GOBP_SOMATIC_DIVERSIFICATION_OF_IMMUNE_RECEPTORS,70,ENR,GOBP_SOMATIC_DIVERSIFICATION_OF_IMMUNE_RECEPTORS,-2.4001000000000001,0,GOBP_SOMATIC_DIVERSIFICATION_OF_IMMUNE_RECEPTORS,FALSE,GOBP_SOMATIC_DIVERSIFICATION_OF_IMMUNE_RECEPTORS
10,2.2218487496163601,-2.2218487496163601,2.2218487496163601,-0.99399999999999999,-8.2600000000000007E-2,5.3900000000000003E-2,1,LYST|APOA1|RPL13A|DNM1L|ADAM10|AKIRIN1|ARHGEF5|EPHA2|ARTN|NCKAP1L|CAMK1D|CCR3|CKLF|CMKLR1|AIF1|CNR2|CSF1|CSF3R|CXCL16|CXCL17|CXCL2|CXCL3|PRKCD|CXCR1|PRKCQ|CXCR2|DAPK2|PRKD2|DUSP1|MAPK1|F7|AKT2|FGF7|GBF1|GPR18|GPSM3|GREM1|IL17B|IL17RC|IL34|ITGA1|CTTN|SEMA4A|YTHDF1|ITGA9|DOCK4|ITGB2|ITGB2L|SLAMF1|FLT1|MMP28|MOSPD2|MPP1|MST1|CYSLTR1|MTUS1|MYO9B|NBL1|NUP85|PADI2|SWAP70|PDGFD|PERP|PIKFYVE|ITGA2|PLA2G7|PPIA|PPIB|PREX1|AMOT|KIT|ANGPT2|PTN|BMPR2|CMTM3|PDE4D|RAC3|CMTM5|RETNLG|CMTM8|RIN3|TNFSF18|DSCAM|ECSCR|EFNA5|MET|S100A8|EPHA7|S1PR1|FLRT2|MSTN|SCG2|FLRT3|IGFALS|SELL|KIF21A|TRPM4|LECT2|LGR4|SLIT2|LSP1|SRP54A|MEGF8|MYCBP2|PDGFA|NRP2|PDGFB|THBS4|NTF3|TNFAIP6|VEGFA|NTN1|NTRK3|WASL|PLXNA3|ZFP580|PLXNA4|ROBO1|ROBO2|ROBO3|NR4A1|RTN4R|RTN4RL1|RYK|DOCK2|S100A4|S100A7A|SEMA3B|SEMA3C|PDE4B|SEMA3D|RPS19|SEMA3E|SEMA3F|SEMA3G|SEMA4B|TGFB1|SEMA4C|PRKCA|SEMA4F|TMSB4X|PROK2|SEMA4G|TREM2|SLIT1|PTK2|SLIT3|STX3|ST6GAL1|TUBB2B|UNC5C|USP14|WNT3|WNT7B|ALOX5|PIK3C2G|PIK3CD|PIK3CG|PIP5K1A|PIP5K1C|ABCC1|TIAM1|CCL1|CCL11|CCL12|CCL17|CCL19|CCL2|CCL20|CCL22|CCL24|CCL25|CCL27A|CCL28|PTAFR|CCL3|VEGFB|CCL4|CCL5|CCL6|CCL7|CCL8|CCL9|CASR|CCR2|CCR7|COLEC10|CTSG|CX3CL1|CXCL10|CXCL11|CXCL12|CXCL13|CXCL14|CXCL15|CXCL5|CXCL9|LRP2|SPP1|FES|GPR183|HC|STX4A|HRG|IL1B|LGALS3|SEMA4D|NOD2|NOTCH1|SLC12A2|PF4|PLA2G6|PPBP|RHOA|RARRES2|S100A9|TRPV4|SEMA3A|XCL1|IFNG|IL4|SHH|PLEC|BSG|CALR|NOVA2|BLVRA|FN1|HMGB1|LGMN|MAPK3|PGF|THBS1|TNFSF11|C5AR1|SLC37A4|CHGA|ANGPT1|DEFB14|DEFB25|DEFB3|DEFB4|SUCNR1|DEFB6|EAR1|EAR2|SEMA7A|EAR6|APP|WNT5A|FPR2|ADAM8|HMGB2|BST1|LBP|AGR2|ARHGEF16|BCAR1|CCR10|CCR4|CCR8|CCR9|CCRL2|CORO1B|CXCR6|CSF1R|ELMO2|ENPP2|EPHB1|FGF16|FGF18|FGF2|GAB1|HBEGF|HOXB9|LPAR1|DUSP3|NRP1|PARVA|EFNB2|PLEKHG5|PLXNB3|EGR3|RAB13|RHOG|SAA3|S100A14|SEMA5A|SMOC2|SERPINE1|TPBG|FGF10|XCR1|SLAMF8|SLAMF9|TIRAP|HSPB1|EDNRB|SBDS|MDK|NEDD9|PTPN2|RAC2|CXCL1|F2RL1|SCRIB|NINJ1|SYK|TREM1|TREM3|AGRN|AGTR1A|ANO6|TNFSF14|TSC2|BMP4|VAV1|VAV3|VCAM1|TRPM2|WNT3A|CREB1|CORO1A|CXCR3|DPEP1|ARRB2|DYSF|EDN3|EDNRA|ANXA1|CD74|CXADR|GPR35|ITGB3|FPR1|PTPRO|ITGAV|HDAC6|HGF|HSD3B7|CCR5|CRK|KDR|ITGAM|STAP1|CDH13|LYN|MMP9|CRKL|EDN1|EDN2|PPM1F|OXSR1|P2RX4|PRKD1|CMTM7|PTK2B|CXCR5|GSTP1|SMAD3|GSTP2|TMEM102|PTPRJ|MIF|STK39|TGFB2|FFAR2|ALKBH1|C1QBP|WNK1|CH25H|NRG1|ADAM17|AGER|PTGR1|C3AR1|FGF1|PDGFRA|FGFR1|PDGFRB|CCR6|CYP7B1|LRP1|CX3CR1|SNAI2|CCR1|DPP4|CREB3|CXCR4|FCER1G|FCGR3|IL16|P2RY12|IL12A|ENG|IL17RA|LOX|GAS6|MMP2|IL23A|JAM3|KLRK1|RAC1|VEGFC|LEF1|LGALS9,https://www.gsea-msigdb.org/gsea/msigdb/mouse/geneset/GOBP_TAXIS,406,ENR,GOBP_TAXIS,-1.9162999999999999,6.0000000000000001E-3,GOBP_TAXIS,FALSE,GOBP_TAXIS
,1.78251605578609,-1.78251605578609,1.78251605578609,-0.98350000000000004,-0.2001,7.9899999999999999E-2,1,CRYZ|MCOLN1|TRPM2|APIP|ITPR3|PKD2|AQP2|RYR1|RYR3|B2M|ALDH1A2|CTH|ALDH1A3|ALDH9A1|AQP5|SHMT2|SSBP1|SHMT1|THG1L|ME1|APPL2|ITPR1|TDO2|CBR4|GLS|ACACB|UPB1|ALDOA|TRPV6|GBP5|AQP4|GRIA3|USP16|TK1|HSD17B10|ACOT13|CBY1|SOD2|CRTC1|CRTC2|DNM1|TRPM7|EVL|GOLGA2|OSBPL2|VASP|KCNJ12|KCNJ2|MAT1A|TRPM4|KCNN4|KCNT1|CRTC3|ACACA|GNMT|SAMHD1,https://www.gsea-msigdb.org/gsea/msigdb/mouse/geneset/GOBP_PROTEIN_HOMOTETRAMERIZATION,56,ENR,GOBP_PROTEIN_HOMOTETRAMERIZATION,-1.8010999999999999,1.6500000000000001E-2,GOBP_PROTEIN_HOMOTETRAMERIZATION,FALSE,GOBP_PROTEIN_HOMOTETRAMERIZATION
4,2.0177287669604298,-2.0177287669604298,2.0177287669604298,-0.99039999999999995,-0.40849999999999997,3.56E-2,1,MSH2|IFNG|PMS2|ATAD5|IL4|MLH1|HSPD1|SLC15A4|NDFIP1|FOXP3|IL2|CD28|TBX21|PTPRC|PAXIP1|CD40|IL27RA,https://www.gsea-msigdb.org/gsea/msigdb/mouse/geneset/GOBP_ISOTYPE_SWITCHING_TO_IGG_ISOTYPES,17,ENR,GOBP_ISOTYPE_SWITCHING_TO_IGG_ISOTYPES,-2.036,9.5999999999999992E-3,GOBP_ISOTYPE_SWITCHING_TO_IGG_ISOTYPES,FALSE,GOBP_ISOTYPE_SWITCHING_TO_IGG_ISOTYPES
